warehouse_id,sku,location,wms_qty,erp_qty,vision_qty,reserved_qty,inventory_status,last_cycle_count_days
DC-01,SKU-01146,DC-01-Z03-B017,205,205,202,16,AVAILABLE,2
DC-01,SKU-00035,DC-01-Z02-B036,140,140,141,20,AVAILABLE,2
DC-01,SKU-00952,DC-01-Z04-B030,148,148,147,10,AVAILABLE,146
DC-01,SKU-01169,DC-01-Z09-B001,97,95,97,11,AVAILABLE,171
DC-01,SKU-00327,DC-01-Z04-B041,204,203,204,14,AVAILABLE,42
DC-01,SKU-01051,DC-01-Z03-B072,204,204,205,2,AVAILABLE,124
DC-01,SKU-00683,DC-01-Z10-B036,134,134,134,4,AVAILABLE,1
DC-01,SKU-00077,DC-01-Z08-B060,5,5,8,0,AVAILABLE,129
DC-01,SKU-00844,DC-01-Z12-B079,189,188,188,13,AVAILABLE,165
DC-01,SKU-01141,DC-01-Z02-B059,188,188,191,13,AVAILABLE,83
DC-01,SKU-00018,DC-01-Z01-B075,114,113,114,6,AVAILABLE,130
DC-01,SKU-00922,DC-01-Z04-B054,198,197,198,15,AVAILABLE,125
DC-01,SKU-00303,DC-01-Z02-B026,170,170,170,5,AVAILABLE,63
DC-01,SKU-00983,DC-01-Z08-B068,61,61,58,18,AVAILABLE,14
DC-01,SKU-00136,DC-01-Z04-B054,194,196,194,14,AVAILABLE,27
DC-01,SKU-01100,DC-01-Z02-B075,28,28,27,4,AVAILABLE,165
DC-01,SKU-00442,DC-01-Z01-B039,172,171,171,6,AVAILABLE,168
DC-01,SKU-00551,DC-01-Z01-B055,18,19,19,17,AVAILABLE,139
DC-01,SKU-00436,DC-01-Z10-B052,23,23,20,3,AVAILABLE,54
DC-01,SKU-00372,DC-01-Z10-B061,54,56,54,8,AVAILABLE,155
DC-01,SKU-00074,DC-01-Z10-B058,22,22,22,5,HOLD,139
DC-01,SKU-00118,DC-01-Z11-B003,38,38,41,1,AVAILABLE,163
DC-01,SKU-00658,DC-01-Z05-B016,177,177,180,15,AVAILABLE,87
DC-01,SKU-00881,DC-01-Z04-B040,147,148,148,2,QUARANTINE,87
DC-01,SKU-00207,DC-01-Z02-B027,195,193,195,10,AVAILABLE,4
DC-01,SKU-00057,DC-01-Z12-B016,82,82,82,12,AVAILABLE,176
DC-01,SKU-00723,DC-01-Z06-B025,28,28,28,11,AVAILABLE,31
DC-01,SKU-01083,DC-01-Z03-B077,118,120,115,3,HOLD,143
DC-01,SKU-00171,DC-01-Z07-B012,16,16,17,9,AVAILABLE,30
DC-01,SKU-00045,DC-01-Z09-B016,109,109,110,17,HOLD,69
DC-01,SKU-00830,DC-01-Z10-B063,156,158,153,16,AVAILABLE,177
DC-01,SKU-00401,DC-01-Z05-B032,28,28,29,19,AVAILABLE,74
DC-01,SKU-01032,DC-01-Z03-B020,89,89,89,0,AVAILABLE,103
DC-01,SKU-00483,DC-01-Z07-B058,189,187,189,14,AVAILABLE,93
DC-01,SKU-00843,DC-01-Z07-B019,122,122,123,2,AVAILABLE,58
DC-01,SKU-00503,DC-01-Z06-B016,186,186,186,20,AVAILABLE,106
DC-01,SKU-01157,DC-01-Z09-B039,170,170,170,4,AVAILABLE,56
DC-01,SKU-00307,DC-01-Z02-B049,80,80,79,3,AVAILABLE,96
DC-01,SKU-00083,DC-01-Z09-B067,13,11,12,2,AVAILABLE,124
DC-01,SKU-00566,DC-01-Z08-B047,169,168,169,14,AVAILABLE,62
DC-01,SKU-00695,DC-01-Z06-B075,53,55,52,1,AVAILABLE,108
DC-01,SKU-00150,DC-01-Z03-B014,220,220,220,11,AVAILABLE,1
DC-01,SKU-00147,DC-01-Z07-B066,68,68,65,15,AVAILABLE,145
DC-01,SKU-00447,DC-01-Z07-B043,197,198,200,5,QUARANTINE,83
DC-01,SKU-01034,DC-01-Z09-B020,217,217,220,17,QUARANTINE,35
DC-01,SKU-00864,DC-01-Z11-B061,198,199,198,1,AVAILABLE,135
DC-01,SKU-00673,DC-01-Z10-B051,128,130,131,13,AVAILABLE,117
DC-01,SKU-00953,DC-01-Z02-B007,155,155,156,1,HOLD,56
DC-01,SKU-00621,DC-01-Z12-B023,208,209,209,4,AVAILABLE,31
DC-01,SKU-00637,DC-01-Z03-B060,141,139,141,0,AVAILABLE,32
DC-01,SKU-01089,DC-01-Z12-B015,27,27,27,10,AVAILABLE,42
DC-01,SKU-00938,DC-01-Z08-B013,81,81,81,9,AVAILABLE,9
DC-01,SKU-01158,DC-01-Z01-B052,160,161,157,2,AVAILABLE,99
DC-01,SKU-00736,DC-01-Z03-B021,27,25,27,15,AVAILABLE,114
DC-01,SKU-00527,DC-01-Z09-B003,6,4,6,4,AVAILABLE,149
DC-01,SKU-00494,DC-01-Z02-B044,140,142,140,19,HOLD,149
DC-01,SKU-00486,DC-01-Z07-B013,113,113,114,17,AVAILABLE,132
DC-01,SKU-01113,DC-01-Z10-B043,69,69,72,9,AVAILABLE,78
DC-01,SKU-00079,DC-01-Z10-B059,21,22,21,7,AVAILABLE,6
DC-01,SKU-00720,DC-01-Z11-B006,87,87,88,7,AVAILABLE,111
DC-01,SKU-00221,DC-01-Z11-B050,7,5,7,0,AVAILABLE,178
DC-01,SKU-00514,DC-01-Z02-B018,94,95,91,7,AVAILABLE,64
DC-01,SKU-00998,DC-01-Z06-B026,112,112,111,7,AVAILABLE,102
DC-01,SKU-00059,DC-01-Z02-B061,28,29,29,14,AVAILABLE,45
DC-01,SKU-00019,DC-01-Z01-B034,153,152,153,11,AVAILABLE,118
DC-01,SKU-00264,DC-01-Z12-B024,41,41,41,19,HOLD,150
DC-01,SKU-00326,DC-01-Z11-B018,95,95,92,2,AVAILABLE,22
DC-01,SKU-01079,DC-01-Z12-B046,199,199,202,14,HOLD,162
DC-01,SKU-00352,DC-01-Z09-B024,163,165,163,17,AVAILABLE,84
DC-01,SKU-00762,DC-01-Z07-B069,109,109,112,13,AVAILABLE,163
DC-01,SKU-00773,DC-01-Z12-B023,135,134,132,6,AVAILABLE,151
DC-01,SKU-00512,DC-01-Z07-B033,117,119,120,3,AVAILABLE,107
DC-01,SKU-00651,DC-01-Z01-B023,154,156,153,4,AVAILABLE,129
DC-01,SKU-01188,DC-01-Z01-B006,73,73,73,13,AVAILABLE,92
DC-01,SKU-00633,DC-01-Z05-B059,39,39,40,12,AVAILABLE,67
DC-01,SKU-01042,DC-01-Z07-B013,197,198,197,5,AVAILABLE,149
DC-01,SKU-00302,DC-01-Z04-B003,75,73,75,15,AVAILABLE,58
DC-01,SKU-00710,DC-01-Z05-B002,10,10,10,1,QUARANTINE,173
DC-01,SKU-00322,DC-01-Z12-B001,95,93,96,11,AVAILABLE,166
DC-01,SKU-00413,DC-01-Z02-B010,115,115,112,3,AVAILABLE,109
DC-01,SKU-00130,DC-01-Z01-B013,11,9,11,9,AVAILABLE,31
DC-01,SKU-00823,DC-01-Z08-B014,213,214,213,0,AVAILABLE,125
DC-01,SKU-00892,DC-01-Z12-B040,188,188,187,5,AVAILABLE,152
DC-01,SKU-00741,DC-01-Z10-B037,179,180,182,18,AVAILABLE,26
DC-01,SKU-00169,DC-01-Z10-B019,180,180,180,10,AVAILABLE,28
DC-01,SKU-00273,DC-01-Z12-B031,220,222,219,3,AVAILABLE,103
DC-01,SKU-00143,DC-01-Z11-B049,115,115,118,16,HOLD,139
DC-01,SKU-00565,DC-01-Z12-B026,114,113,114,11,HOLD,126
DC-01,SKU-00012,DC-01-Z09-B058,80,80,83,0,AVAILABLE,138
DC-01,SKU-00914,DC-01-Z09-B055,116,114,119,12,HOLD,39
DC-01,SKU-00323,DC-01-Z11-B002,83,83,86,15,AVAILABLE,140
DC-01,SKU-00597,DC-01-Z01-B029,206,207,206,3,QUARANTINE,93
DC-01,SKU-00921,DC-01-Z08-B053,110,110,110,12,AVAILABLE,83
DC-01,SKU-00549,DC-01-Z12-B064,22,22,21,0,AVAILABLE,114
DC-01,SKU-00293,DC-01-Z01-B072,22,20,22,6,AVAILABLE,157
DC-01,SKU-00440,DC-01-Z12-B022,88,90,88,8,AVAILABLE,68
DC-01,SKU-00061,DC-01-Z02-B047,183,185,186,19,AVAILABLE,79
DC-01,SKU-00728,DC-01-Z08-B049,85,85,84,15,AVAILABLE,57
DC-01,SKU-01084,DC-01-Z06-B073,14,12,14,2,AVAILABLE,149
DC-01,SKU-01184,DC-01-Z01-B026,0,0,0,0,AVAILABLE,175
DC-01,SKU-00324,DC-01-Z02-B051,109,110,112,0,AVAILABLE,125
DC-01,SKU-00420,DC-01-Z07-B048,101,101,102,15,AVAILABLE,126
DC-01,SKU-01052,DC-01-Z03-B062,206,207,203,12,AVAILABLE,109
DC-01,SKU-00226,DC-01-Z02-B066,183,183,184,0,AVAILABLE,4
DC-01,SKU-00459,DC-01-Z07-B064,140,140,137,11,AVAILABLE,149
DC-01,SKU-00179,DC-01-Z12-B028,176,176,173,11,AVAILABLE,104
DC-01,SKU-00086,DC-01-Z12-B055,18,18,21,1,AVAILABLE,39
DC-01,SKU-01011,DC-01-Z05-B004,39,39,39,12,AVAILABLE,60
DC-01,SKU-00733,DC-01-Z07-B030,196,196,193,11,AVAILABLE,57
DC-01,SKU-00807,DC-01-Z05-B048,205,206,204,11,AVAILABLE,144
DC-01,SKU-00672,DC-01-Z03-B012,158,156,158,18,AVAILABLE,103
DC-01,SKU-00055,DC-01-Z09-B050,198,198,198,0,AVAILABLE,171
DC-01,SKU-01031,DC-01-Z02-B024,61,59,61,4,AVAILABLE,129
DC-01,SKU-01193,DC-01-Z05-B014,200,199,197,20,AVAILABLE,111
DC-01,SKU-00698,DC-01-Z02-B022,185,187,182,4,AVAILABLE,131
DC-01,SKU-00934,DC-01-Z08-B052,213,214,212,3,HOLD,28
DC-01,SKU-00321,DC-01-Z08-B004,198,200,197,1,AVAILABLE,98
DC-01,SKU-00162,DC-01-Z05-B033,127,127,124,11,AVAILABLE,2
DC-01,SKU-00886,DC-01-Z09-B057,103,105,103,1,AVAILABLE,175
DC-01,SKU-00865,DC-01-Z04-B047,213,214,213,11,AVAILABLE,31
DC-01,SKU-00644,DC-01-Z10-B046,18,18,15,5,AVAILABLE,88
DC-01,SKU-01095,DC-01-Z06-B031,102,102,102,11,AVAILABLE,152
DC-01,SKU-00409,DC-01-Z04-B059,141,142,144,7,AVAILABLE,27
DC-01,SKU-00131,DC-01-Z11-B069,84,86,83,19,AVAILABLE,30
DC-01,SKU-00787,DC-01-Z04-B030,54,54,53,3,AVAILABLE,126
DC-01,SKU-00124,DC-01-Z02-B004,169,169,172,14,AVAILABLE,76
DC-01,SKU-00103,DC-01-Z07-B010,123,121,124,6,QUARANTINE,85
DC-01,SKU-00562,DC-01-Z09-B037,58,58,58,5,AVAILABLE,62
DC-01,SKU-01060,DC-01-Z05-B037,91,91,90,12,AVAILABLE,63
DC-01,SKU-00505,DC-01-Z07-B033,14,15,14,12,AVAILABLE,42
DC-01,SKU-00888,DC-01-Z02-B060,97,95,97,4,HOLD,13
DC-01,SKU-00466,DC-01-Z01-B042,125,125,125,1,AVAILABLE,41
DC-01,SKU-00721,DC-01-Z09-B046,119,119,119,17,AVAILABLE,95
DC-01,SKU-00981,DC-01-Z07-B046,178,180,177,1,QUARANTINE,100
DC-01,SKU-00336,DC-01-Z02-B072,168,167,165,13,AVAILABLE,38
DC-01,SKU-01153,DC-01-Z06-B003,147,147,147,0,AVAILABLE,129
DC-01,SKU-00397,DC-01-Z08-B049,42,44,43,4,AVAILABLE,145
DC-01,SKU-00474,DC-01-Z07-B044,187,188,190,15,AVAILABLE,103
DC-01,SKU-00573,DC-01-Z08-B069,206,206,206,3,AVAILABLE,127
DC-01,SKU-00604,DC-01-Z06-B050,65,65,64,7,AVAILABLE,128
DC-01,SKU-00797,DC-01-Z09-B070,157,157,154,14,AVAILABLE,142
DC-01,SKU-00624,DC-01-Z06-B027,139,139,136,10,AVAILABLE,4
DC-01,SKU-00646,DC-01-Z02-B069,101,101,104,16,AVAILABLE,133
DC-01,SKU-00108,DC-01-Z05-B074,142,143,141,5,AVAILABLE,43
DC-01,SKU-00877,DC-01-Z07-B019,54,54,57,14,AVAILABLE,44
DC-01,SKU-00790,DC-01-Z08-B033,215,215,218,14,AVAILABLE,159
DC-01,SKU-01200,DC-01-Z04-B066,104,106,104,9,AVAILABLE,113
DC-01,SKU-01138,DC-01-Z01-B075,82,80,79,8,AVAILABLE,165
DC-01,SKU-00863,DC-01-Z09-B057,48,48,47,18,AVAILABLE,113
DC-01,SKU-00285,DC-01-Z03-B024,37,37,36,13,AVAILABLE,122
DC-01,SKU-00020,DC-01-Z04-B072,61,62,60,19,AVAILABLE,148
DC-01,SKU-00777,DC-01-Z08-B002,24,25,25,8,AVAILABLE,4
DC-01,SKU-01139,DC-01-Z07-B038,79,79,79,20,AVAILABLE,123
DC-01,SKU-00254,DC-01-Z03-B002,96,96,99,8,AVAILABLE,13
DC-01,SKU-01013,DC-01-Z10-B003,137,137,137,0,AVAILABLE,133
DC-01,SKU-01160,DC-01-Z12-B003,31,29,28,3,AVAILABLE,109
DC-01,SKU-00122,DC-01-Z11-B080,126,126,126,3,HOLD,37
DC-01,SKU-00708,DC-01-Z05-B028,186,186,186,2,AVAILABLE,57
DC-01,SKU-00702,DC-01-Z10-B035,171,173,170,11,AVAILABLE,51
DC-01,SKU-00813,DC-01-Z02-B048,46,46,46,20,AVAILABLE,76
DC-01,SKU-00120,DC-01-Z03-B065,83,84,83,16,AVAILABLE,94
DC-01,SKU-00411,DC-01-Z01-B033,26,24,23,6,AVAILABLE,52
DC-01,SKU-00816,DC-01-Z10-B028,11,13,14,8,AVAILABLE,14
DC-01,SKU-00309,DC-01-Z06-B041,96,98,96,10,AVAILABLE,85
DC-01,SKU-00339,DC-01-Z09-B016,192,192,192,9,HOLD,127
DC-01,SKU-00825,DC-01-Z11-B030,137,139,137,17,QUARANTINE,67
DC-01,SKU-00593,DC-01-Z12-B021,52,52,55,5,AVAILABLE,131
DC-01,SKU-00458,DC-01-Z01-B004,95,97,95,8,AVAILABLE,6
DC-01,SKU-00795,DC-01-Z11-B026,58,56,58,0,QUARANTINE,178
DC-01,SKU-00444,DC-01-Z01-B073,174,174,174,13,AVAILABLE,176
DC-01,SKU-00304,DC-01-Z05-B008,83,83,80,2,HOLD,150
DC-01,SKU-01172,DC-01-Z05-B070,191,191,188,14,AVAILABLE,159
DC-01,SKU-00747,DC-01-Z11-B050,11,13,11,10,AVAILABLE,113
DC-01,SKU-01128,DC-01-Z03-B015,150,150,153,3,AVAILABLE,10
DC-01,SKU-00281,DC-01-Z10-B040,209,209,209,3,AVAILABLE,40
DC-01,SKU-00612,DC-01-Z04-B002,17,15,17,9,AVAILABLE,90
DC-01,SKU-00640,DC-01-Z08-B013,152,152,149,3,AVAILABLE,14
DC-01,SKU-00022,DC-01-Z08-B055,106,105,106,17,AVAILABLE,17
DC-01,SKU-00332,DC-01-Z07-B025,183,181,183,9,AVAILABLE,96
DC-01,SKU-00599,DC-01-Z04-B009,53,53,50,12,AVAILABLE,164
DC-01,SKU-01075,DC-01-Z06-B019,105,105,105,3,AVAILABLE,68
DC-01,SKU-00498,DC-01-Z12-B061,202,202,205,14,AVAILABLE,90
DC-01,SKU-00376,DC-01-Z11-B054,124,125,123,1,AVAILABLE,35
DC-01,SKU-00331,DC-01-Z12-B027,99,99,100,10,AVAILABLE,105
DC-01,SKU-01173,DC-01-Z04-B076,206,206,206,3,AVAILABLE,7
DC-01,SKU-01026,DC-01-Z05-B062,72,74,72,5,AVAILABLE,12
DC-01,SKU-01161,DC-01-Z02-B052,211,211,211,13,AVAILABLE,59
DC-01,SKU-00879,DC-01-Z11-B003,178,179,179,6,AVAILABLE,82
DC-01,SKU-00669,DC-01-Z10-B037,119,119,119,5,AVAILABLE,21
DC-01,SKU-00092,DC-01-Z07-B038,38,37,41,4,AVAILABLE,115
DC-01,SKU-00711,DC-01-Z12-B055,52,52,52,16,AVAILABLE,135
DC-01,SKU-00735,DC-01-Z06-B019,75,77,75,9,AVAILABLE,4
DC-01,SKU-00427,DC-01-Z12-B015,59,59,59,0,AVAILABLE,114
DC-01,SKU-00473,DC-01-Z05-B049,20,19,17,14,AVAILABLE,167
DC-01,SKU-00671,DC-01-Z07-B019,33,31,33,19,AVAILABLE,81
DC-01,SKU-00192,DC-01-Z12-B056,10,11,10,10,AVAILABLE,108
DC-01,SKU-00247,DC-01-Z09-B001,12,12,11,4,AVAILABLE,56
DC-01,SKU-00771,DC-01-Z08-B077,118,118,115,8,AVAILABLE,142
DC-01,SKU-00788,DC-01-Z08-B001,68,68,71,4,HOLD,103
DC-01,SKU-00662,DC-01-Z06-B074,35,37,34,9,AVAILABLE,97
DC-01,SKU-00856,DC-01-Z11-B079,212,214,212,4,AVAILABLE,86
DC-01,SKU-00504,DC-01-Z05-B013,74,74,74,12,AVAILABLE,7
DC-01,SKU-00561,DC-01-Z11-B071,156,156,156,18,AVAILABLE,95
DC-01,SKU-00398,DC-01-Z07-B065,86,86,87,15,AVAILABLE,45
DC-01,SKU-00315,DC-01-Z11-B010,186,188,187,20,AVAILABLE,112
DC-01,SKU-00277,DC-01-Z12-B041,44,44,47,4,AVAILABLE,31
DC-01,SKU-00571,DC-01-Z09-B045,91,89,91,15,AVAILABLE,0
DC-01,SKU-00896,DC-01-Z02-B017,175,177,175,14,AVAILABLE,165
DC-01,SKU-01019,DC-01-Z02-B041,55,56,55,12,AVAILABLE,78
DC-01,SKU-00760,DC-01-Z01-B038,123,123,126,4,AVAILABLE,17
DC-01,SKU-00575,DC-01-Z01-B040,11,9,11,2,AVAILABLE,118
DC-01,SKU-00269,DC-01-Z10-B051,40,39,39,10,AVAILABLE,11
DC-01,SKU-00639,DC-01-Z07-B027,34,36,34,2,AVAILABLE,56
DC-01,SKU-00049,DC-01-Z11-B009,55,53,55,5,AVAILABLE,143
DC-01,SKU-00500,DC-01-Z12-B001,186,186,183,10,QUARANTINE,47
DC-01,SKU-00485,DC-01-Z04-B065,76,77,73,11,AVAILABLE,52
DC-01,SKU-00344,DC-01-Z07-B039,165,165,166,11,AVAILABLE,12
DC-01,SKU-00164,DC-01-Z08-B080,152,151,155,6,AVAILABLE,61
DC-01,SKU-00714,DC-01-Z03-B075,158,158,158,16,AVAILABLE,156
DC-01,SKU-00890,DC-01-Z03-B032,150,150,150,13,HOLD,115
DC-01,SKU-00338,DC-01-Z11-B001,23,23,23,0,AVAILABLE,142
DC-01,SKU-00545,DC-01-Z07-B014,57,57,56,11,AVAILABLE,109
DC-01,SKU-00227,DC-01-Z01-B031,168,168,168,11,AVAILABLE,29
DC-01,SKU-00239,DC-01-Z07-B013,145,145,144,4,AVAILABLE,69
DC-01,SKU-00313,DC-01-Z07-B015,89,91,89,5,AVAILABLE,89
DC-01,SKU-00477,DC-01-Z05-B022,189,189,188,12,AVAILABLE,58
DC-01,SKU-01198,DC-01-Z06-B008,181,181,184,2,AVAILABLE,60
DC-01,SKU-00016,DC-01-Z03-B047,175,176,176,14,AVAILABLE,148
DC-01,SKU-00218,DC-01-Z02-B005,185,187,185,19,AVAILABLE,179
DC-01,SKU-00415,DC-01-Z02-B003,163,163,160,11,AVAILABLE,82
DC-01,SKU-00855,DC-01-Z09-B013,87,87,88,16,AVAILABLE,108
DC-01,SKU-00889,DC-01-Z12-B069,81,81,81,3,AVAILABLE,178
DC-01,SKU-00756,DC-01-Z02-B057,112,111,113,16,AVAILABLE,93
DC-01,SKU-00937,DC-01-Z04-B068,141,139,138,0,AVAILABLE,156
DC-01,SKU-00872,DC-01-Z03-B050,143,143,143,13,AVAILABLE,1
DC-01,SKU-00859,DC-01-Z10-B054,31,30,31,8,HOLD,130
DC-01,SKU-00418,DC-01-Z10-B076,185,185,184,16,AVAILABLE,67
DC-01,SKU-00271,DC-01-Z10-B032,213,215,210,16,AVAILABLE,94
DC-01,SKU-00894,DC-01-Z11-B045,120,119,123,3,AVAILABLE,11
DC-01,SKU-00190,DC-01-Z12-B018,19,19,19,16,AVAILABLE,52
DC-01,SKU-00243,DC-01-Z06-B001,104,106,104,6,AVAILABLE,36
DC-01,SKU-00793,DC-01-Z09-B066,149,147,149,2,AVAILABLE,6
DC-01,SKU-00187,DC-01-Z02-B065,11,11,11,11,AVAILABLE,178
DC-01,SKU-01106,DC-01-Z04-B023,157,159,154,6,AVAILABLE,31
DC-01,SKU-01152,DC-01-Z07-B060,65,65,62,13,AVAILABLE,35
DC-01,SKU-00966,DC-01-Z08-B006,36,34,37,9,HOLD,1
DC-01,SKU-01092,DC-01-Z01-B057,132,132,135,11,HOLD,130
DC-01,SKU-00779,DC-01-Z01-B054,170,170,173,5,QUARANTINE,42
DC-01,SKU-00341,DC-01-Z01-B065,65,65,62,7,AVAILABLE,64
DC-01,SKU-00253,DC-01-Z04-B062,109,109,112,1,HOLD,171
DC-01,SKU-00289,DC-01-Z01-B009,125,124,125,6,AVAILABLE,56
DC-01,SKU-00242,DC-01-Z11-B006,88,88,88,6,HOLD,60
DC-01,SKU-00810,DC-01-Z06-B061,220,220,220,13,AVAILABLE,116
DC-01,SKU-00276,DC-01-Z12-B077,60,60,59,9,AVAILABLE,123
DC-01,SKU-00648,DC-01-Z03-B042,44,44,44,2,AVAILABLE,149
DC-01,SKU-00858,DC-01-Z04-B005,89,88,86,9,AVAILABLE,161
DC-01,SKU-00097,DC-01-Z03-B023,130,130,131,11,AVAILABLE,33
DC-01,SKU-01145,DC-01-Z03-B049,198,199,201,15,AVAILABLE,0
DC-01,SKU-00126,DC-01-Z09-B026,84,84,84,17,AVAILABLE,88
DC-01,SKU-00450,DC-01-Z03-B075,5,5,8,2,AVAILABLE,153
DC-01,SKU-00982,DC-01-Z01-B037,212,214,212,14,AVAILABLE,40
DC-01,SKU-00306,DC-01-Z08-B017,25,25,26,1,AVAILABLE,97
DC-01,SKU-00538,DC-01-Z02-B075,51,51,51,17,AVAILABLE,126
DC-01,SKU-00826,DC-01-Z02-B007,53,53,56,8,AVAILABLE,16
DC-01,SKU-01177,DC-01-Z04-B064,45,45,48,20,QUARANTINE,112
DC-01,SKU-00668,DC-01-Z08-B050,139,139,138,3,HOLD,8
DC-01,SKU-00432,DC-01-Z12-B043,215,214,216,18,QUARANTINE,53
DC-01,SKU-00780,DC-01-Z12-B022,193,194,193,16,HOLD,39
DC-01,SKU-00231,DC-01-Z07-B072,13,13,13,10,AVAILABLE,88
DC-01,SKU-00818,DC-01-Z10-B047,100,99,100,13,AVAILABLE,161
DC-01,SKU-00764,DC-01-Z03-B004,39,40,39,10,AVAILABLE,74
DC-01,SKU-00478,DC-01-Z02-B032,82,82,82,2,AVAILABLE,126
DC-01,SKU-00535,DC-01-Z04-B075,206,206,206,13,AVAILABLE,142
DC-01,SKU-00258,DC-01-Z05-B012,172,172,171,7,AVAILABLE,77
DC-01,SKU-00320,DC-01-Z06-B022,86,86,85,15,AVAILABLE,120
DC-01,SKU-00706,DC-01-Z06-B071,81,79,81,8,AVAILABLE,73
DC-01,SKU-00876,DC-01-Z03-B057,18,16,21,10,AVAILABLE,96
DC-01,SKU-00909,DC-01-Z01-B054,121,123,118,10,AVAILABLE,146
DC-01,SKU-01008,DC-01-Z11-B016,67,69,67,20,AVAILABLE,126
DC-01,SKU-00911,DC-01-Z06-B031,122,122,121,11,AVAILABLE,5
DC-01,SKU-01072,DC-01-Z05-B041,202,202,202,19,AVAILABLE,147
DC-01,SKU-00978,DC-01-Z10-B079,24,26,23,8,AVAILABLE,102
DC-01,SKU-00026,DC-01-Z05-B029,146,145,146,13,AVAILABLE,38
DC-01,SKU-00834,DC-01-Z04-B022,143,143,144,13,AVAILABLE,180
DC-01,SKU-01178,DC-01-Z11-B009,116,116,113,20,AVAILABLE,45
DC-01,SKU-00403,DC-01-Z05-B001,183,183,183,20,AVAILABLE,122
DC-01,SKU-00270,DC-01-Z03-B028,22,23,22,19,QUARANTINE,92
DC-01,SKU-00066,DC-01-Z07-B003,51,51,54,17,AVAILABLE,166
DC-01,SKU-00389,DC-01-Z03-B031,84,82,84,20,QUARANTINE,60
DC-01,SKU-00465,DC-01-Z03-B042,23,23,20,5,AVAILABLE,0
DC-01,SKU-01009,DC-01-Z11-B071,33,34,33,6,AVAILABLE,70
DC-01,SKU-00234,DC-01-Z06-B027,165,166,165,0,AVAILABLE,75
DC-01,SKU-00028,DC-01-Z11-B069,27,27,30,15,AVAILABLE,48
DC-01,SKU-00203,DC-01-Z03-B026,161,159,158,14,AVAILABLE,105
DC-01,SKU-00854,DC-01-Z10-B061,150,150,153,1,AVAILABLE,30
DC-01,SKU-01168,DC-01-Z05-B024,72,72,69,12,AVAILABLE,79
DC-01,SKU-00681,DC-01-Z07-B061,139,139,140,6,AVAILABLE,153
DC-01,SKU-01164,DC-01-Z10-B009,41,42,41,2,AVAILABLE,157
DC-01,SKU-00374,DC-01-Z04-B063,113,114,113,8,AVAILABLE,38
DC-01,SKU-00472,DC-01-Z10-B009,121,120,122,6,AVAILABLE,48
DC-01,SKU-01192,DC-01-Z11-B046,26,26,25,8,AVAILABLE,31
DC-01,SKU-01149,DC-01-Z11-B045,215,213,215,3,AVAILABLE,87
DC-01,SKU-00977,DC-01-Z06-B005,69,69,72,6,AVAILABLE,97
DC-01,SKU-00153,DC-01-Z08-B041,107,106,110,14,AVAILABLE,28
DC-01,SKU-00499,DC-01-Z12-B058,217,218,216,11,AVAILABLE,46
DC-01,SKU-00860,DC-01-Z04-B075,82,80,82,2,AVAILABLE,7
DC-01,SKU-00814,DC-01-Z07-B058,91,90,91,10,AVAILABLE,8
DC-01,SKU-00456,DC-01-Z12-B042,151,149,150,17,AVAILABLE,68
DC-01,SKU-00071,DC-01-Z01-B028,59,61,60,7,AVAILABLE,7
DC-01,SKU-00664,DC-01-Z12-B027,36,35,39,11,AVAILABLE,0
DC-01,SKU-00265,DC-01-Z06-B060,77,77,77,1,AVAILABLE,43
DC-01,SKU-00696,DC-01-Z07-B077,15,17,15,7,AVAILABLE,21
DC-01,SKU-00174,DC-01-Z06-B029,219,218,219,14,AVAILABLE,104
DC-01,SKU-00361,DC-01-Z04-B017,98,98,99,2,AVAILABLE,174
DC-01,SKU-00425,DC-01-Z02-B031,102,102,99,9,AVAILABLE,113
DC-01,SKU-00443,DC-01-Z12-B006,4,5,1,1,HOLD,47
DC-01,SKU-00958,DC-01-Z12-B059,55,55,55,0,AVAILABLE,140
DC-01,SKU-00654,DC-01-Z04-B006,113,113,113,20,AVAILABLE,5
DC-01,SKU-00042,DC-01-Z05-B067,170,170,170,1,AVAILABLE,142
DC-01,SKU-00384,DC-01-Z11-B073,66,65,69,16,AVAILABLE,112
DC-01,SKU-00259,DC-01-Z01-B061,137,136,138,10,AVAILABLE,91
DC-01,SKU-00847,DC-01-Z11-B031,178,178,175,1,AVAILABLE,101
DC-01,SKU-01078,DC-01-Z06-B080,86,86,86,4,AVAILABLE,4
DC-01,SKU-00792,DC-01-Z11-B015,10,10,10,6,AVAILABLE,62
DC-01,SKU-00176,DC-01-Z01-B065,18,17,18,13,AVAILABLE,119
DC-01,SKU-01096,DC-01-Z10-B019,173,172,176,8,AVAILABLE,177
DC-01,SKU-00091,DC-01-Z11-B039,44,44,44,18,AVAILABLE,52
DC-01,SKU-01175,DC-01-Z01-B023,43,43,42,10,AVAILABLE,14
DC-01,SKU-00399,DC-01-Z02-B054,166,168,169,8,QUARANTINE,110
DC-01,SKU-01023,DC-01-Z06-B008,79,79,79,16,AVAILABLE,119
DC-01,SKU-00391,DC-01-Z12-B067,183,183,180,7,AVAILABLE,93
DC-01,SKU-01155,DC-01-Z02-B066,220,220,219,7,AVAILABLE,72
DC-01,SKU-00883,DC-01-Z05-B031,79,81,76,16,QUARANTINE,45
DC-01,SKU-00351,DC-01-Z10-B025,220,219,219,2,AVAILABLE,32
DC-01,SKU-00431,DC-01-Z09-B033,93,92,93,19,AVAILABLE,138
DC-01,SKU-00175,DC-01-Z05-B039,35,35,35,5,AVAILABLE,57
DC-01,SKU-00152,DC-01-Z04-B066,61,61,62,11,AVAILABLE,154
DC-01,SKU-00594,DC-01-Z12-B007,168,168,165,10,AVAILABLE,102
DC-01,SKU-00600,DC-01-Z01-B038,45,45,45,3,AVAILABLE,151
DC-01,SKU-01105,DC-01-Z03-B017,78,78,78,3,QUARANTINE,52
DC-01,SKU-00453,DC-01-Z07-B028,149,149,152,15,AVAILABLE,38
DC-01,SKU-00607,DC-01-Z03-B018,146,147,146,10,AVAILABLE,84
DC-01,SKU-00170,DC-01-Z02-B050,68,68,71,4,AVAILABLE,27
DC-01,SKU-00400,DC-01-Z08-B032,71,71,72,8,AVAILABLE,153
DC-01,SKU-01094,DC-01-Z03-B028,20,19,20,4,AVAILABLE,32
DC-01,SKU-00677,DC-01-Z11-B067,194,192,191,18,AVAILABLE,135
DC-01,SKU-00809,DC-01-Z04-B034,59,59,60,0,AVAILABLE,52
DC-01,SKU-01133,DC-01-Z03-B045,108,106,109,17,AVAILABLE,29
DC-01,SKU-00423,DC-01-Z04-B065,82,82,82,7,AVAILABLE,13
DC-01,SKU-00484,DC-01-Z02-B019,172,171,172,8,AVAILABLE,66
DC-01,SKU-00199,DC-01-Z02-B017,137,137,137,8,AVAILABLE,134
DC-01,SKU-00774,DC-01-Z11-B017,122,120,123,16,QUARANTINE,111
DC-01,SKU-00817,DC-01-Z11-B030,140,140,140,3,AVAILABLE,91
DC-01,SKU-00010,DC-01-Z07-B065,34,34,34,5,AVAILABLE,95
DC-01,SKU-00349,DC-01-Z01-B050,16,14,16,0,AVAILABLE,149
DC-01,SKU-00198,DC-01-Z05-B035,100,100,100,8,AVAILABLE,52
DC-01,SKU-00975,DC-01-Z02-B013,77,77,77,18,AVAILABLE,148
DC-01,SKU-00785,DC-01-Z05-B010,41,41,41,15,AVAILABLE,35
DC-01,SKU-00434,DC-01-Z09-B080,177,176,176,16,QUARANTINE,148
DC-01,SKU-00115,DC-01-Z11-B005,218,220,218,14,AVAILABLE,88
DC-01,SKU-00182,DC-01-Z06-B048,11,11,12,5,AVAILABLE,90
DC-01,SKU-00116,DC-01-Z06-B013,174,174,174,13,AVAILABLE,104
DC-01,SKU-00946,DC-01-Z07-B024,189,190,188,8,AVAILABLE,171
DC-01,SKU-00043,DC-01-Z04-B053,124,124,124,11,AVAILABLE,94
DC-01,SKU-00106,DC-01-Z06-B042,206,205,206,14,AVAILABLE,48
DC-01,SKU-00751,DC-01-Z10-B049,17,18,16,11,AVAILABLE,178
DC-01,SKU-00878,DC-01-Z04-B061,6,6,6,0,AVAILABLE,35
DC-01,SKU-01132,DC-01-Z06-B051,126,126,125,0,AVAILABLE,149
DC-01,SKU-01002,DC-01-Z01-B080,174,176,174,17,AVAILABLE,179
DC-01,SKU-00734,DC-01-Z03-B006,154,154,155,1,AVAILABLE,60
DC-01,SKU-00537,DC-01-Z01-B020,198,197,195,3,AVAILABLE,2
DC-01,SKU-00749,DC-01-Z01-B004,28,27,25,5,AVAILABLE,142
DC-01,SKU-01035,DC-01-Z03-B063,32,32,32,9,AVAILABLE,175
DC-01,SKU-00606,DC-01-Z08-B001,6,6,6,5,AVAILABLE,128
DC-01,SKU-00248,DC-01-Z11-B038,99,99,102,11,AVAILABLE,110
DC-01,SKU-00559,DC-01-Z05-B065,190,190,190,18,AVAILABLE,8
DC-01,SKU-00314,DC-01-Z07-B045,159,159,156,3,AVAILABLE,45
DC-01,SKU-01129,DC-01-Z12-B022,102,101,99,10,AVAILABLE,81
DC-01,SKU-01148,DC-01-Z01-B021,141,140,141,5,AVAILABLE,149
DC-01,SKU-00591,DC-01-Z06-B029,129,130,132,2,QUARANTINE,59
DC-01,SKU-01077,DC-01-Z10-B049,151,152,151,14,HOLD,47
DC-01,SKU-00852,DC-01-Z01-B053,116,116,113,16,AVAILABLE,173
DC-01,SKU-00999,DC-01-Z11-B003,189,189,188,0,QUARANTINE,75
DC-01,SKU-00407,DC-01-Z12-B042,220,222,219,3,AVAILABLE,114
DC-01,SKU-00725,DC-01-Z04-B072,57,56,56,9,AVAILABLE,53
DC-01,SKU-00726,DC-01-Z11-B058,18,18,21,15,HOLD,79
DC-01,SKU-00544,DC-01-Z11-B078,160,160,161,10,QUARANTINE,59
DC-01,SKU-01135,DC-01-Z04-B030,152,152,149,17,AVAILABLE,111
DC-01,SKU-00288,DC-01-Z09-B005,26,26,29,9,AVAILABLE,0
DC-01,SKU-00997,DC-01-Z11-B018,220,221,220,3,AVAILABLE,94
DC-01,SKU-01015,DC-01-Z12-B063,1,3,1,0,AVAILABLE,91
DC-01,SKU-00197,DC-01-Z04-B032,46,48,46,9,AVAILABLE,64
DC-01,SKU-00054,DC-01-Z11-B059,8,8,8,5,AVAILABLE,96
DC-01,SKU-00308,DC-01-Z01-B005,92,92,89,9,QUARANTINE,157
DC-01,SKU-00641,DC-01-Z05-B070,3,5,2,0,AVAILABLE,151
DC-01,SKU-00627,DC-01-Z07-B011,60,62,57,9,AVAILABLE,48
DC-01,SKU-00939,DC-01-Z04-B052,146,146,143,3,AVAILABLE,157
DC-01,SKU-00829,DC-01-Z05-B045,54,55,51,10,AVAILABLE,170
DC-01,SKU-00796,DC-01-Z03-B015,77,77,74,6,AVAILABLE,167
DC-01,SKU-00009,DC-01-Z11-B066,0,0,3,0,AVAILABLE,93
DC-01,SKU-01090,DC-01-Z01-B063,86,86,86,3,AVAILABLE,127
DC-01,SKU-00903,DC-01-Z06-B063,169,171,172,16,QUARANTINE,134
DC-01,SKU-00553,DC-01-Z03-B064,114,114,114,20,AVAILABLE,161
DC-01,SKU-00121,DC-01-Z01-B076,106,106,109,17,AVAILABLE,119
DC-01,SKU-00452,DC-01-Z09-B005,61,61,61,7,AVAILABLE,134
DC-01,SKU-00570,DC-01-Z08-B038,62,62,63,3,HOLD,113
DC-01,SKU-00034,DC-01-Z05-B036,161,161,162,4,AVAILABLE,132
DC-01,SKU-00283,DC-01-Z08-B005,113,112,116,17,HOLD,95
DC-01,SKU-00712,DC-01-Z04-B069,0,0,0,0,AVAILABLE,168
DC-01,SKU-00181,DC-01-Z06-B069,91,89,91,18,QUARANTINE,113
DC-01,SKU-00609,DC-01-Z11-B044,84,84,85,1,AVAILABLE,130
DC-01,SKU-00209,DC-01-Z11-B042,1,1,1,0,AVAILABLE,1
DC-01,SKU-00216,DC-01-Z10-B036,45,47,45,4,AVAILABLE,24
DC-01,SKU-01036,DC-01-Z07-B022,2,0,2,0,AVAILABLE,73
DC-01,SKU-01018,DC-01-Z01-B021,36,38,33,18,AVAILABLE,15
DC-01,SKU-00496,DC-01-Z11-B038,127,129,126,3,AVAILABLE,51
DC-01,SKU-00189,DC-01-Z11-B037,173,174,173,5,QUARANTINE,127
DC-01,SKU-00610,DC-01-Z01-B019,17,16,16,14,HOLD,67
DC-01,SKU-00292,DC-01-Z06-B032,121,123,121,19,QUARANTINE,65
DC-01,SKU-00495,DC-01-Z11-B008,174,172,174,1,QUARANTINE,40
DC-01,SKU-00798,DC-01-Z12-B036,96,97,99,11,QUARANTINE,6
DC-01,SKU-00039,DC-01-Z02-B003,19,21,19,3,AVAILABLE,139
DC-01,SKU-00311,DC-01-Z01-B056,179,177,179,7,AVAILABLE,91
DC-01,SKU-00979,DC-01-Z03-B007,107,107,107,1,AVAILABLE,14
DC-01,SKU-00180,DC-01-Z09-B010,18,19,15,8,AVAILABLE,98
DC-01,SKU-00297,DC-01-Z07-B068,174,174,175,9,QUARANTINE,18
DC-01,SKU-00732,DC-01-Z07-B002,32,30,32,12,AVAILABLE,41
DC-01,SKU-01073,DC-01-Z08-B062,3,3,6,2,AVAILABLE,19
DC-01,SKU-00910,DC-01-Z12-B004,187,186,184,13,AVAILABLE,62
DC-01,SKU-00967,DC-01-Z03-B035,151,151,152,1,QUARANTINE,88
DC-01,SKU-00904,DC-01-Z10-B012,53,53,50,6,AVAILABLE,163
DC-01,SKU-00215,DC-01-Z08-B044,128,128,128,8,AVAILABLE,119
DC-01,SKU-00635,DC-01-Z12-B075,212,212,212,16,AVAILABLE,113
DC-01,SKU-00931,DC-01-Z01-B054,219,219,219,13,QUARANTINE,72
DC-01,SKU-00740,DC-01-Z05-B070,207,205,204,12,HOLD,45
DC-01,SKU-00482,DC-01-Z06-B006,120,120,121,6,AVAILABLE,142
DC-01,SKU-00501,DC-01-Z09-B077,107,107,107,6,AVAILABLE,31
DC-01,SKU-01003,DC-01-Z06-B078,216,214,213,1,AVAILABLE,16
DC-01,SKU-00479,DC-01-Z11-B018,188,190,185,14,AVAILABLE,117
DC-01,SKU-00249,DC-01-Z09-B025,39,40,39,7,AVAILABLE,26
DC-01,SKU-00861,DC-01-Z08-B044,132,132,133,15,AVAILABLE,31
DC-01,SKU-00547,DC-01-Z12-B008,175,173,175,6,AVAILABLE,46
DC-01,SKU-00335,DC-01-Z03-B056,172,173,169,1,AVAILABLE,108
DC-01,SKU-00072,DC-01-Z08-B031,133,133,134,20,AVAILABLE,104
DC-01,SKU-00430,DC-01-Z01-B029,111,113,111,3,AVAILABLE,106
DC-01,SKU-01199,DC-01-Z05-B037,28,28,28,9,AVAILABLE,61
DC-01,SKU-00480,DC-01-Z02-B040,30,31,31,13,AVAILABLE,14
DC-01,SKU-00636,DC-01-Z12-B021,60,58,60,1,QUARANTINE,174
DC-01,SKU-00416,DC-01-Z06-B030,75,74,74,0,HOLD,173
DC-01,SKU-00354,DC-01-Z01-B061,75,75,76,1,AVAILABLE,123
DC-01,SKU-01185,DC-01-Z09-B048,9,7,9,0,AVAILABLE,156
DC-01,SKU-00088,DC-01-Z02-B070,4,4,7,3,AVAILABLE,141
DC-01,SKU-00622,DC-01-Z01-B051,42,42,39,9,AVAILABLE,7
DC-01,SKU-01025,DC-01-Z01-B045,45,44,45,14,AVAILABLE,61
DC-01,SKU-00642,DC-01-Z01-B049,205,205,205,19,AVAILABLE,85
DC-01,SKU-00177,DC-01-Z04-B071,163,163,163,12,AVAILABLE,138
DC-01,SKU-00117,DC-01-Z10-B073,75,76,78,2,AVAILABLE,12
DC-01,SKU-01044,DC-01-Z09-B042,162,162,162,14,AVAILABLE,168
DC-01,SKU-00924,DC-01-Z11-B023,106,106,109,9,AVAILABLE,173
DC-01,SKU-00902,DC-01-Z06-B042,190,188,193,16,AVAILABLE,114
DC-01,SKU-00222,DC-01-Z12-B006,78,77,81,4,AVAILABLE,76
DC-01,SKU-00572,DC-01-Z01-B072,17,17,18,0,AVAILABLE,126
DC-01,SKU-00678,DC-01-Z07-B069,8,8,8,3,AVAILABLE,55
DC-01,SKU-00850,DC-01-Z04-B015,136,136,139,9,AVAILABLE,109
DC-01,SKU-00755,DC-01-Z08-B039,20,20,21,6,AVAILABLE,143
DC-01,SKU-01121,DC-01-Z12-B017,29,31,29,18,AVAILABLE,142
DC-01,SKU-00004,DC-01-Z09-B037,129,129,132,7,AVAILABLE,158
DC-01,SKU-00768,DC-01-Z08-B010,158,158,158,1,AVAILABLE,96
DC-01,SKU-00558,DC-01-Z01-B008,50,50,53,6,AVAILABLE,5
DC-01,SKU-00109,DC-01-Z08-B063,196,195,196,11,AVAILABLE,6
DC-01,SKU-00378,DC-01-Z10-B045,173,173,170,18,AVAILABLE,31
DC-01,SKU-00984,DC-01-Z06-B033,183,182,183,20,HOLD,156
DC-01,SKU-00032,DC-01-Z03-B030,167,166,164,1,AVAILABLE,64
DC-01,SKU-00786,DC-01-Z03-B017,198,198,199,0,AVAILABLE,83
DC-01,SKU-01082,DC-01-Z06-B049,114,114,114,15,HOLD,77
DC-01,SKU-00428,DC-01-Z01-B024,161,161,162,19,QUARANTINE,68
DC-01,SKU-00412,DC-01-Z03-B072,207,209,207,13,AVAILABLE,163
DC-01,SKU-00454,DC-01-Z07-B063,72,72,71,12,QUARANTINE,111
DC-01,SKU-00794,DC-01-Z03-B020,96,95,93,10,AVAILABLE,60
DC-01,SKU-01093,DC-01-Z01-B019,207,208,204,4,AVAILABLE,146
DC-01,SKU-01004,DC-01-Z09-B016,160,160,161,8,AVAILABLE,5
DC-01,SKU-00507,DC-01-Z09-B059,45,44,45,14,AVAILABLE,171
DC-01,SKU-01021,DC-01-Z02-B071,146,146,146,16,AVAILABLE,9
DC-01,SKU-00138,DC-01-Z02-B062,87,89,87,4,AVAILABLE,129
DC-01,SKU-00569,DC-01-Z09-B015,26,28,26,6,AVAILABLE,59
DC-01,SKU-00133,DC-01-Z02-B051,175,175,175,12,AVAILABLE,116
DC-01,SKU-00347,DC-01-Z12-B009,35,33,32,19,HOLD,153
DC-01,SKU-00244,DC-01-Z12-B022,102,102,99,4,AVAILABLE,92
DC-01,SKU-00255,DC-01-Z04-B044,73,71,73,8,AVAILABLE,36
DC-01,SKU-01045,DC-01-Z03-B039,209,209,208,4,AVAILABLE,100
DC-01,SKU-01012,DC-01-Z11-B037,121,121,120,17,AVAILABLE,28
DC-01,SKU-00393,DC-01-Z09-B032,46,46,43,13,QUARANTINE,164
DC-01,SKU-00906,DC-01-Z06-B043,13,14,16,4,AVAILABLE,166
DC-01,SKU-00476,DC-01-Z11-B078,157,158,154,13,HOLD,103
DC-01,SKU-00096,DC-01-Z04-B068,209,207,209,9,HOLD,174
DC-01,SKU-00543,DC-01-Z08-B078,11,11,12,9,AVAILABLE,54
DC-01,SKU-00156,DC-01-Z07-B003,91,90,94,11,HOLD,137
DC-01,SKU-00183,DC-01-Z10-B050,45,45,45,20,HOLD,105
DC-01,SKU-01159,DC-01-Z08-B061,145,145,144,9,HOLD,163
DC-01,SKU-00579,DC-01-Z08-B063,102,100,99,9,AVAILABLE,174
DC-01,SKU-00766,DC-01-Z08-B079,154,154,154,7,AVAILABLE,41
DC-01,SKU-00220,DC-01-Z05-B017,19,17,19,19,HOLD,35
DC-01,SKU-00841,DC-01-Z03-B039,6,4,5,5,AVAILABLE,78
DC-01,SKU-00808,DC-01-Z01-B036,163,164,160,13,AVAILABLE,56
DC-01,SKU-00075,DC-01-Z02-B021,61,61,61,5,AVAILABLE,78
DC-01,SKU-00429,DC-01-Z05-B013,216,214,219,18,AVAILABLE,57
DC-01,SKU-00822,DC-01-Z10-B045,107,105,108,11,AVAILABLE,54
DC-01,SKU-01049,DC-01-Z11-B037,176,176,176,13,AVAILABLE,159
DC-01,SKU-01194,DC-01-Z07-B031,153,152,154,7,AVAILABLE,125
DC-01,SKU-00298,DC-01-Z01-B026,51,51,51,8,AVAILABLE,161
DC-01,SKU-00194,DC-01-Z04-B013,153,153,153,0,HOLD,97
DC-01,SKU-00590,DC-01-Z12-B051,175,175,175,13,AVAILABLE,173
DC-01,SKU-01030,DC-01-Z01-B076,137,136,137,15,AVAILABLE,118
DC-01,SKU-00560,DC-01-Z08-B031,107,106,106,6,AVAILABLE,39
DC-01,SKU-00065,DC-01-Z05-B059,40,41,40,19,AVAILABLE,10
DC-01,SKU-00031,DC-01-Z10-B041,44,43,44,10,AVAILABLE,121
DC-01,SKU-00701,DC-01-Z03-B078,209,207,209,4,AVAILABLE,23
DC-01,SKU-01064,DC-01-Z03-B007,200,199,203,8,AVAILABLE,14
DC-01,SKU-00015,DC-01-Z11-B062,56,56,56,2,AVAILABLE,134
DC-01,SKU-00948,DC-01-Z05-B012,199,199,199,5,AVAILABLE,54
DC-02,SKU-00081,DC-02-Z10-B033,55,55,55,15,HOLD,60
DC-02,SKU-00639,DC-02-Z11-B024,66,67,65,5,QUARANTINE,66
DC-02,SKU-00255,DC-02-Z09-B076,150,150,151,0,AVAILABLE,134
DC-02,SKU-00266,DC-02-Z10-B010,86,85,85,10,AVAILABLE,0
DC-02,SKU-00336,DC-02-Z12-B002,124,125,121,19,AVAILABLE,73
DC-02,SKU-00760,DC-02-Z12-B063,132,132,129,10,HOLD,24
DC-02,SKU-00034,DC-02-Z05-B032,21,21,21,17,AVAILABLE,163
DC-02,SKU-01109,DC-02-Z01-B031,56,56,53,15,HOLD,54
DC-02,SKU-00962,DC-02-Z01-B016,40,40,40,9,AVAILABLE,109
DC-02,SKU-01179,DC-02-Z03-B079,116,118,119,2,AVAILABLE,15
DC-02,SKU-01118,DC-02-Z08-B034,174,174,175,20,AVAILABLE,126
DC-02,SKU-00217,DC-02-Z10-B067,203,203,206,16,AVAILABLE,31
DC-02,SKU-01115,DC-02-Z08-B029,69,69,69,3,AVAILABLE,130
DC-02,SKU-00249,DC-02-Z03-B011,40,42,40,9,HOLD,48
DC-02,SKU-00493,DC-02-Z07-B046,5,4,8,1,AVAILABLE,97
DC-02,SKU-00151,DC-02-Z03-B052,7,6,6,0,AVAILABLE,143
DC-02,SKU-00479,DC-02-Z06-B064,70,72,69,4,AVAILABLE,135
DC-02,SKU-00391,DC-02-Z12-B035,11,11,12,9,AVAILABLE,82
DC-02,SKU-00598,DC-02-Z05-B017,189,189,189,19,QUARANTINE,101
DC-02,SKU-00216,DC-02-Z05-B021,198,200,198,6,AVAILABLE,178
DC-02,SKU-00274,DC-02-Z12-B055,143,143,146,19,AVAILABLE,34
DC-02,SKU-00612,DC-02-Z08-B042,159,161,160,6,AVAILABLE,9
DC-02,SKU-00790,DC-02-Z10-B060,83,81,80,3,HOLD,46
DC-02,SKU-01117,DC-02-Z09-B023,144,142,144,3,AVAILABLE,58
DC-02,SKU-00795,DC-02-Z08-B072,11,9,14,3,AVAILABLE,156
DC-02,SKU-00902,DC-02-Z12-B003,20,18,20,1,AVAILABLE,80
DC-02,SKU-00096,DC-02-Z11-B075,131,129,132,11,AVAILABLE,6
DC-02,SKU-00691,DC-02-Z06-B062,82,82,81,0,AVAILABLE,31
DC-02,SKU-00860,DC-02-Z05-B066,55,55,58,20,AVAILABLE,46
DC-02,SKU-00629,DC-02-Z02-B034,5,5,5,1,AVAILABLE,27
DC-02,SKU-00944,DC-02-Z08-B055,63,61,63,0,AVAILABLE,169
DC-02,SKU-00604,DC-02-Z08-B004,158,156,158,11,AVAILABLE,159
DC-02,SKU-01094,DC-02-Z04-B026,6,4,5,1,AVAILABLE,75
DC-02,SKU-00686,DC-02-Z05-B030,168,169,165,10,AVAILABLE,94
DC-02,SKU-00863,DC-02-Z06-B066,6,7,5,5,AVAILABLE,53
DC-02,SKU-00824,DC-02-Z07-B008,122,122,122,19,AVAILABLE,159
DC-02,SKU-00689,DC-02-Z11-B072,212,210,215,6,AVAILABLE,138
DC-02,SKU-00900,DC-02-Z06-B045,82,82,83,20,AVAILABLE,73
DC-02,SKU-00392,DC-02-Z03-B012,140,140,141,17,AVAILABLE,177
DC-02,SKU-00676,DC-02-Z03-B060,50,50,51,6,AVAILABLE,75
DC-02,SKU-00140,DC-02-Z10-B046,64,66,63,10,AVAILABLE,41
DC-02,SKU-01140,DC-02-Z05-B056,184,182,181,14,AVAILABLE,21
DC-02,SKU-00030,DC-02-Z09-B056,116,114,119,19,AVAILABLE,142
DC-02,SKU-00949,DC-02-Z07-B009,82,81,82,0,AVAILABLE,105
DC-02,SKU-00664,DC-02-Z09-B033,183,183,184,17,AVAILABLE,33
DC-02,SKU-00400,DC-02-Z07-B047,165,165,164,15,AVAILABLE,175
DC-02,SKU-00276,DC-02-Z01-B007,144,145,141,3,AVAILABLE,144
DC-02,SKU-00356,DC-02-Z05-B041,122,123,119,14,AVAILABLE,155
DC-02,SKU-00559,DC-02-Z01-B024,154,152,154,12,AVAILABLE,12
DC-02,SKU-01135,DC-02-Z06-B017,65,65,64,20,AVAILABLE,45
DC-02,SKU-01194,DC-02-Z08-B075,165,165,166,4,AVAILABLE,4
DC-02,SKU-00720,DC-02-Z02-B028,196,196,196,9,AVAILABLE,78
DC-02,SKU-00118,DC-02-Z02-B079,5,5,5,5,HOLD,122
DC-02,SKU-00913,DC-02-Z01-B075,167,167,164,20,AVAILABLE,139
DC-02,SKU-00200,DC-02-Z05-B065,16,16,19,3,AVAILABLE,72
DC-02,SKU-00171,DC-02-Z04-B025,60,60,57,4,AVAILABLE,144
DC-02,SKU-00586,DC-02-Z08-B051,57,59,56,19,AVAILABLE,142
DC-02,SKU-00165,DC-02-Z06-B031,193,193,190,3,AVAILABLE,140
DC-02,SKU-00671,DC-02-Z06-B011,156,156,156,10,AVAILABLE,22
DC-02,SKU-00416,DC-02-Z04-B030,24,23,27,1,AVAILABLE,158
DC-02,SKU-00592,DC-02-Z03-B050,218,218,215,7,AVAILABLE,26
DC-02,SKU-00954,DC-02-Z01-B070,212,212,212,16,AVAILABLE,76
DC-02,SKU-00970,DC-02-Z11-B013,208,210,211,13,HOLD,128
DC-02,SKU-00557,DC-02-Z09-B017,103,105,102,12,AVAILABLE,144
DC-02,SKU-00633,DC-02-Z07-B056,212,212,213,19,AVAILABLE,121
DC-02,SKU-00265,DC-02-Z10-B005,127,129,126,19,AVAILABLE,147
DC-02,SKU-00623,DC-02-Z09-B042,16,16,16,12,AVAILABLE,40
DC-02,SKU-00494,DC-02-Z05-B047,58,58,61,13,AVAILABLE,94
DC-02,SKU-00361,DC-02-Z08-B030,86,84,87,5,AVAILABLE,84
DC-02,SKU-00346,DC-02-Z04-B076,202,202,201,9,AVAILABLE,106
DC-02,SKU-00026,DC-02-Z08-B039,118,118,117,7,AVAILABLE,32
DC-02,SKU-00603,DC-02-Z07-B012,84,84,83,2,AVAILABLE,140
DC-02,SKU-00019,DC-02-Z08-B017,133,134,136,20,AVAILABLE,74
DC-02,SKU-00638,DC-02-Z04-B008,74,75,73,5,AVAILABLE,89
DC-02,SKU-00349,DC-02-Z01-B078,7,7,6,5,AVAILABLE,53
DC-02,SKU-00402,DC-02-Z06-B018,18,18,17,18,AVAILABLE,97
DC-02,SKU-00975,DC-02-Z11-B027,142,142,142,3,HOLD,176
DC-02,SKU-00882,DC-02-Z10-B074,36,35,36,14,AVAILABLE,7
DC-02,SKU-00739,DC-02-Z11-B063,22,23,21,7,AVAILABLE,9
DC-02,SKU-01049,DC-02-Z10-B012,24,24,27,13,AVAILABLE,104
DC-02,SKU-00279,DC-02-Z09-B077,192,192,191,0,HOLD,159
DC-02,SKU-01176,DC-02-Z05-B069,88,88,85,11,AVAILABLE,39
DC-02,SKU-00027,DC-02-Z10-B068,66,66,66,17,AVAILABLE,160
DC-02,SKU-00899,DC-02-Z02-B058,117,119,120,14,AVAILABLE,52
DC-02,SKU-00182,DC-02-Z09-B064,215,215,212,14,AVAILABLE,169
DC-02,SKU-00112,DC-02-Z11-B064,90,92,90,19,AVAILABLE,62
DC-02,SKU-00826,DC-02-Z02-B007,153,153,150,4,AVAILABLE,38
DC-02,SKU-00685,DC-02-Z02-B057,148,147,151,2,QUARANTINE,30
DC-02,SKU-00776,DC-02-Z12-B040,193,193,193,3,AVAILABLE,180
DC-02,SKU-00115,DC-02-Z02-B011,107,109,110,13,AVAILABLE,40
DC-02,SKU-00344,DC-02-Z04-B074,45,45,48,6,AVAILABLE,65
DC-02,SKU-00516,DC-02-Z10-B047,206,206,209,16,AVAILABLE,73
DC-02,SKU-00020,DC-02-Z03-B072,156,155,156,9,AVAILABLE,179
DC-02,SKU-01078,DC-02-Z06-B020,26,28,29,6,AVAILABLE,153
DC-02,SKU-00410,DC-02-Z01-B027,139,139,142,14,AVAILABLE,165
DC-02,SKU-00659,DC-02-Z11-B002,103,103,100,15,AVAILABLE,19
DC-02,SKU-00819,DC-02-Z08-B018,96,96,93,19,AVAILABLE,16
DC-02,SKU-00581,DC-02-Z06-B046,167,167,167,3,AVAILABLE,33
DC-02,SKU-00103,DC-02-Z09-B001,6,7,6,6,AVAILABLE,111
DC-02,SKU-00222,DC-02-Z10-B040,50,52,50,1,AVAILABLE,36
DC-02,SKU-00358,DC-02-Z02-B012,176,175,177,3,AVAILABLE,81
DC-02,SKU-00006,DC-02-Z02-B060,129,128,129,18,HOLD,144
DC-02,SKU-00117,DC-02-Z03-B021,68,68,67,4,AVAILABLE,176
DC-02,SKU-00982,DC-02-Z11-B038,154,154,154,5,AVAILABLE,157
DC-02,SKU-00797,DC-02-Z09-B054,215,215,218,2,AVAILABLE,22
DC-02,SKU-00892,DC-02-Z01-B064,186,186,187,0,AVAILABLE,98
DC-02,SKU-00406,DC-02-Z01-B048,202,202,201,11,AVAILABLE,142
DC-02,SKU-00701,DC-02-Z01-B009,199,199,198,16,AVAILABLE,18
DC-02,SKU-00558,DC-02-Z08-B050,63,61,63,8,AVAILABLE,56
DC-02,SKU-01086,DC-02-Z06-B026,84,84,87,15,AVAILABLE,162
DC-02,SKU-00986,DC-02-Z02-B011,192,192,191,5,AVAILABLE,11
DC-02,SKU-00716,DC-02-Z02-B005,29,29,32,4,AVAILABLE,174
DC-02,SKU-01154,DC-02-Z01-B039,158,159,161,7,QUARANTINE,86
DC-02,SKU-00889,DC-02-Z06-B071,215,217,214,5,AVAILABLE,144
DC-02,SKU-01003,DC-02-Z08-B060,11,13,11,0,AVAILABLE,112
DC-02,SKU-01188,DC-02-Z08-B019,215,216,216,14,AVAILABLE,167
DC-02,SKU-00183,DC-02-Z06-B005,47,47,44,12,AVAILABLE,130
DC-02,SKU-01100,DC-02-Z09-B074,166,166,163,12,AVAILABLE,18
DC-02,SKU-00937,DC-02-Z03-B007,63,61,63,5,AVAILABLE,152
DC-02,SKU-00600,DC-02-Z04-B058,169,169,169,6,AVAILABLE,23
DC-02,SKU-00180,DC-02-Z08-B033,46,46,49,20,AVAILABLE,180
DC-02,SKU-00590,DC-02-Z07-B036,72,72,72,14,AVAILABLE,148
DC-02,SKU-00047,DC-02-Z08-B056,50,50,50,19,AVAILABLE,77
DC-02,SKU-00213,DC-02-Z08-B064,48,47,45,8,AVAILABLE,156
DC-02,SKU-01182,DC-02-Z08-B038,121,121,124,5,AVAILABLE,126
DC-02,SKU-00164,DC-02-Z05-B002,181,183,181,17,AVAILABLE,36
DC-02,SKU-00178,DC-02-Z08-B045,188,189,185,18,AVAILABLE,155
DC-02,SKU-01175,DC-02-Z01-B065,109,109,109,1,AVAILABLE,117
DC-02,SKU-00809,DC-02-Z08-B040,24,25,25,15,AVAILABLE,59
DC-02,SKU-00620,DC-02-Z02-B064,184,185,184,1,QUARANTINE,30
DC-02,SKU-00537,DC-02-Z10-B061,133,133,133,1,HOLD,153
DC-02,SKU-00529,DC-02-Z08-B050,119,117,119,4,AVAILABLE,29
DC-02,SKU-00497,DC-02-Z02-B069,90,92,89,4,QUARANTINE,126
DC-02,SKU-00451,DC-02-Z12-B066,185,186,182,1,AVAILABLE,6
DC-02,SKU-00713,DC-02-Z11-B048,80,80,80,8,AVAILABLE,156
DC-02,SKU-00430,DC-02-Z02-B018,203,205,200,2,QUARANTINE,137
DC-02,SKU-00429,DC-02-Z09-B017,171,171,171,9,AVAILABLE,141
DC-02,SKU-00188,DC-02-Z03-B043,80,80,83,9,AVAILABLE,72
DC-02,SKU-01037,DC-02-Z02-B062,193,193,193,12,AVAILABLE,180
DC-02,SKU-00176,DC-02-Z04-B063,177,176,177,10,QUARANTINE,21
DC-02,SKU-00754,DC-02-Z11-B009,15,15,15,5,AVAILABLE,36
DC-02,SKU-00589,DC-02-Z08-B047,173,173,170,10,AVAILABLE,175
DC-02,SKU-00219,DC-02-Z01-B056,123,123,120,9,AVAILABLE,119
DC-02,SKU-00379,DC-02-Z04-B077,128,128,129,12,AVAILABLE,70
DC-02,SKU-00706,DC-02-Z08-B069,23,22,23,12,AVAILABLE,20
DC-02,SKU-00401,DC-02-Z11-B017,153,152,153,20,AVAILABLE,110
DC-02,SKU-01038,DC-02-Z04-B004,99,98,98,4,QUARANTINE,176
DC-02,SKU-00653,DC-02-Z10-B054,153,151,153,0,AVAILABLE,145
DC-02,SKU-00123,DC-02-Z11-B052,75,77,78,4,AVAILABLE,18
DC-02,SKU-00464,DC-02-Z02-B017,116,114,117,10,AVAILABLE,133
DC-02,SKU-01080,DC-02-Z07-B016,12,12,12,4,AVAILABLE,163
DC-02,SKU-00121,DC-02-Z09-B055,91,91,91,20,QUARANTINE,32
DC-02,SKU-00681,DC-02-Z10-B030,215,214,215,17,AVAILABLE,59
DC-02,SKU-00992,DC-02-Z01-B020,198,198,195,19,AVAILABLE,121
DC-02,SKU-00194,DC-02-Z05-B039,112,112,112,1,AVAILABLE,91
DC-02,SKU-00426,DC-02-Z07-B079,31,33,34,11,AVAILABLE,153
DC-02,SKU-00041,DC-02-Z10-B022,139,140,139,7,AVAILABLE,81
DC-02,SKU-00300,DC-02-Z06-B034,4,2,4,0,AVAILABLE,55
DC-02,SKU-00425,DC-02-Z10-B013,16,16,16,1,AVAILABLE,81
DC-02,SKU-00939,DC-02-Z09-B026,124,124,121,0,AVAILABLE,61
DC-02,SKU-01142,DC-02-Z12-B042,219,220,219,20,QUARANTINE,80
DC-02,SKU-01200,DC-02-Z02-B003,39,39,39,7,AVAILABLE,97
DC-02,SKU-00322,DC-02-Z08-B029,6,6,6,0,AVAILABLE,132
DC-02,SKU-01039,DC-02-Z09-B034,15,15,15,12,AVAILABLE,128
DC-02,SKU-00783,DC-02-Z07-B078,88,87,89,8,AVAILABLE,104
DC-02,SKU-00138,DC-02-Z12-B019,52,51,52,5,AVAILABLE,137
DC-02,SKU-00942,DC-02-Z06-B073,7,7,7,5,AVAILABLE,55
DC-02,SKU-00523,DC-02-Z09-B049,183,181,186,8,AVAILABLE,111
DC-02,SKU-00925,DC-02-Z03-B064,50,51,50,9,AVAILABLE,76
DC-02,SKU-00999,DC-02-Z09-B006,54,55,54,7,AVAILABLE,101
DC-02,SKU-00370,DC-02-Z10-B009,154,154,154,13,AVAILABLE,113
DC-02,SKU-00127,DC-02-Z08-B022,130,130,130,8,AVAILABLE,55
DC-02,SKU-00086,DC-02-Z04-B002,73,73,73,12,AVAILABLE,114
DC-02,SKU-00102,DC-02-Z04-B008,114,113,115,7,AVAILABLE,168
DC-02,SKU-00309,DC-02-Z11-B049,78,79,79,12,AVAILABLE,75
DC-02,SKU-00785,DC-02-Z06-B010,97,97,100,20,AVAILABLE,71
DC-02,SKU-01134,DC-02-Z07-B079,135,135,135,16,QUARANTINE,159
DC-02,SKU-00485,DC-02-Z11-B043,29,29,29,0,AVAILABLE,95
DC-02,SKU-00195,DC-02-Z08-B025,17,15,17,1,AVAILABLE,132
DC-02,SKU-00114,DC-02-Z10-B064,48,48,47,6,AVAILABLE,128
DC-02,SKU-01001,DC-02-Z07-B069,68,66,71,13,AVAILABLE,21
DC-02,SKU-01077,DC-02-Z02-B069,214,214,214,16,AVAILABLE,3
DC-02,SKU-00354,DC-02-Z11-B068,58,56,58,2,AVAILABLE,17
DC-02,SKU-00851,DC-02-Z12-B016,189,187,189,15,AVAILABLE,168
DC-02,SKU-00099,DC-02-Z05-B068,148,148,148,4,AVAILABLE,68
DC-02,SKU-01174,DC-02-Z12-B044,177,178,180,10,AVAILABLE,132
DC-02,SKU-00534,DC-02-Z01-B006,78,78,75,1,AVAILABLE,160
DC-02,SKU-00929,DC-02-Z02-B038,179,179,178,14,AVAILABLE,46
DC-02,SKU-00910,DC-02-Z09-B058,212,212,215,1,QUARANTINE,136
DC-02,SKU-00055,DC-02-Z08-B073,189,188,192,9,AVAILABLE,93
DC-02,SKU-00262,DC-02-Z08-B008,141,142,142,6,AVAILABLE,112
DC-02,SKU-00206,DC-02-Z11-B046,142,142,142,12,QUARANTINE,141
DC-02,SKU-01147,DC-02-Z03-B043,23,23,23,1,AVAILABLE,80
DC-02,SKU-00465,DC-02-Z08-B056,163,163,163,17,AVAILABLE,177
DC-02,SKU-00156,DC-02-Z05-B045,134,132,134,1,QUARANTINE,109
DC-02,SKU-00854,DC-02-Z12-B072,167,165,167,14,AVAILABLE,31
DC-02,SKU-00857,DC-02-Z09-B011,18,16,17,14,AVAILABLE,112
DC-02,SKU-00024,DC-02-Z07-B063,52,50,53,18,HOLD,128
DC-02,SKU-00778,DC-02-Z04-B041,210,210,213,10,AVAILABLE,36
DC-02,SKU-01108,DC-02-Z04-B027,153,155,156,8,AVAILABLE,103
DC-02,SKU-00513,DC-02-Z09-B067,157,157,154,5,AVAILABLE,35
DC-02,SKU-00921,DC-02-Z03-B040,17,17,20,9,QUARANTINE,91
DC-02,SKU-00508,DC-02-Z12-B047,1,1,0,1,AVAILABLE,110
DC-02,SKU-00833,DC-02-Z07-B053,180,179,181,7,HOLD,49
DC-02,SKU-01166,DC-02-Z04-B047,102,102,105,4,AVAILABLE,88
DC-02,SKU-00728,DC-02-Z01-B029,49,50,49,11,AVAILABLE,55
DC-02,SKU-01040,DC-02-Z05-B027,176,176,176,6,AVAILABLE,75
DC-02,SKU-00474,DC-02-Z02-B010,197,196,200,10,HOLD,83
DC-02,SKU-00838,DC-02-Z05-B061,27,27,27,18,AVAILABLE,172
DC-02,SKU-00230,DC-02-Z07-B021,152,153,153,4,AVAILABLE,43
DC-02,SKU-00933,DC-02-Z05-B023,86,88,83,4,AVAILABLE,22
DC-02,SKU-00221,DC-02-Z05-B005,136,136,133,9,AVAILABLE,38
DC-02,SKU-00469,DC-02-Z08-B019,211,209,214,16,AVAILABLE,154
DC-02,SKU-00363,DC-02-Z09-B044,216,216,219,10,QUARANTINE,83
DC-02,SKU-00433,DC-02-Z06-B029,51,52,51,18,AVAILABLE,85
DC-02,SKU-01072,DC-02-Z05-B074,4,5,1,1,AVAILABLE,102
DC-02,SKU-00502,DC-02-Z02-B008,68,67,68,3,AVAILABLE,90
DC-02,SKU-00869,DC-02-Z11-B040,118,118,118,8,AVAILABLE,45
DC-02,SKU-00784,DC-02-Z12-B071,41,43,41,17,AVAILABLE,71
DC-02,SKU-00146,DC-02-Z08-B018,176,175,176,11,AVAILABLE,151
DC-02,SKU-00305,DC-02-Z08-B048,126,126,129,4,AVAILABLE,132
DC-02,SKU-00991,DC-02-Z01-B019,3,3,2,1,QUARANTINE,118
DC-02,SKU-00073,DC-02-Z01-B009,192,193,192,2,AVAILABLE,53
DC-02,SKU-00524,DC-02-Z10-B073,63,61,62,16,AVAILABLE,146
DC-02,SKU-00289,DC-02-Z03-B036,159,159,162,4,AVAILABLE,151
DC-02,SKU-00314,DC-02-Z11-B007,13,13,16,6,AVAILABLE,108
DC-02,SKU-00088,DC-02-Z02-B068,83,83,84,16,AVAILABLE,167
DC-02,SKU-00376,DC-02-Z03-B060,169,168,169,4,AVAILABLE,61
DC-02,SKU-00389,DC-02-Z06-B013,122,123,123,10,AVAILABLE,88
DC-02,SKU-00562,DC-02-Z08-B021,198,198,198,0,AVAILABLE,118
DC-02,SKU-00239,DC-02-Z04-B038,85,84,84,8,AVAILABLE,180
DC-02,SKU-00867,DC-02-Z11-B070,71,71,68,11,AVAILABLE,105
DC-02,SKU-00769,DC-02-Z03-B078,92,92,92,6,AVAILABLE,164
DC-02,SKU-00234,DC-02-Z03-B045,166,168,166,20,AVAILABLE,109
DC-02,SKU-00710,DC-02-Z11-B023,209,209,209,17,AVAILABLE,75
DC-02,SKU-01047,DC-02-Z10-B016,10,12,7,6,AVAILABLE,130
DC-02,SKU-01121,DC-02-Z05-B035,1,3,1,1,AVAILABLE,38
DC-02,SKU-00690,DC-02-Z11-B055,72,72,73,20,AVAILABLE,128
DC-02,SKU-00122,DC-02-Z02-B067,170,170,170,19,AVAILABLE,61
DC-02,SKU-00393,DC-02-Z12-B047,145,143,148,16,AVAILABLE,18
DC-02,SKU-00240,DC-02-Z08-B060,63,63,66,16,AVAILABLE,26
DC-02,SKU-00874,DC-02-Z12-B077,196,196,196,8,AVAILABLE,8
DC-02,SKU-00126,DC-02-Z05-B028,102,103,105,3,AVAILABLE,93
DC-02,SKU-00260,DC-02-Z02-B006,66,67,63,3,AVAILABLE,156
DC-02,SKU-00360,DC-02-Z01-B054,172,172,175,13,QUARANTINE,159
DC-02,SKU-00326,DC-02-Z02-B074,52,52,51,17,AVAILABLE,16
DC-02,SKU-00972,DC-02-Z10-B002,85,87,85,17,AVAILABLE,22
DC-02,SKU-00191,DC-02-Z11-B012,39,38,36,14,AVAILABLE,0
DC-02,SKU-00672,DC-02-Z04-B026,147,146,144,9,AVAILABLE,141
DC-02,SKU-01036,DC-02-Z07-B018,92,91,92,7,AVAILABLE,45
DC-02,SKU-00787,DC-02-Z06-B030,72,72,73,9,AVAILABLE,115
DC-02,SKU-00184,DC-02-Z01-B064,218,218,221,15,AVAILABLE,65
DC-02,SKU-00866,DC-02-Z11-B046,71,70,71,12,AVAILABLE,55
DC-02,SKU-00745,DC-02-Z07-B072,157,157,157,6,AVAILABLE,110
DC-02,SKU-00048,DC-02-Z07-B039,51,50,50,6,AVAILABLE,156
DC-02,SKU-00503,DC-02-Z10-B018,104,103,104,5,AVAILABLE,172
DC-02,SKU-00263,DC-02-Z06-B045,192,192,192,13,AVAILABLE,121
DC-02,SKU-00079,DC-02-Z01-B038,11,11,11,9,AVAILABLE,167
DC-02,SKU-00802,DC-02-Z12-B013,156,156,156,11,AVAILABLE,135
DC-02,SKU-00879,DC-02-Z02-B052,178,178,175,1,AVAILABLE,25
DC-02,SKU-00237,DC-02-Z04-B023,69,69,66,9,AVAILABLE,93
DC-02,SKU-00684,DC-02-Z08-B011,215,216,215,19,AVAILABLE,146
DC-02,SKU-00424,DC-02-Z07-B025,49,50,52,16,HOLD,45
DC-02,SKU-00105,DC-02-Z02-B029,44,45,41,15,AVAILABLE,123
DC-02,SKU-01199,DC-02-Z07-B023,215,216,215,15,AVAILABLE,65
DC-02,SKU-01125,DC-02-Z07-B046,95,94,95,7,HOLD,163
DC-02,SKU-00016,DC-02-Z07-B067,135,137,138,4,AVAILABLE,132
DC-02,SKU-00169,DC-02-Z06-B027,160,160,161,3,AVAILABLE,61
DC-02,SKU-00068,DC-02-Z02-B075,58,56,59,20,AVAILABLE,91
DC-02,SKU-00348,DC-02-Z05-B034,163,163,162,11,AVAILABLE,102
DC-02,SKU-00698,DC-02-Z12-B032,53,53,56,7,AVAILABLE,2
DC-02,SKU-00132,DC-02-Z08-B017,219,218,219,6,QUARANTINE,18
DC-02,SKU-00818,DC-02-Z03-B068,17,17,14,6,AVAILABLE,171
DC-02,SKU-00340,DC-02-Z12-B005,170,170,170,18,AVAILABLE,35
DC-02,SKU-00894,DC-02-Z09-B048,102,102,103,16,AVAILABLE,7
DC-02,SKU-00457,DC-02-Z06-B010,127,127,124,13,HOLD,38
DC-02,SKU-00058,DC-02-Z03-B051,123,122,124,12,AVAILABLE,122
DC-02,SKU-01127,DC-02-Z02-B018,185,186,182,1,AVAILABLE,132
DC-02,SKU-00082,DC-02-Z11-B014,71,72,71,0,AVAILABLE,140
DC-02,SKU-01126,DC-02-Z03-B055,175,173,178,14,AVAILABLE,141
DC-02,SKU-01008,DC-02-Z11-B076,156,154,157,12,AVAILABLE,88
DC-02,SKU-00131,DC-02-Z06-B079,48,47,51,5,AVAILABLE,39
DC-02,SKU-00148,DC-02-Z06-B014,179,179,178,3,QUARANTINE,21
DC-02,SKU-00210,DC-02-Z11-B006,14,16,14,2,AVAILABLE,10
DC-02,SKU-00753,DC-02-Z01-B021,108,108,109,0,AVAILABLE,101
DC-02,SKU-00575,DC-02-Z05-B026,70,70,67,17,AVAILABLE,163
DC-02,SKU-00704,DC-02-Z07-B049,153,153,153,18,AVAILABLE,151
DC-02,SKU-00594,DC-02-Z12-B057,196,195,199,1,QUARANTINE,50
DC-02,SKU-00779,DC-02-Z06-B029,163,161,164,19,AVAILABLE,105
DC-02,SKU-00625,DC-02-Z07-B058,46,46,49,13,AVAILABLE,5
DC-02,SKU-01128,DC-02-Z02-B043,154,153,153,13,AVAILABLE,15
DC-02,SKU-00136,DC-02-Z09-B044,67,69,67,16,AVAILABLE,18
DC-02,SKU-00640,DC-02-Z10-B021,182,182,181,16,AVAILABLE,30
DC-02,SKU-00256,DC-02-Z10-B046,45,45,42,10,AVAILABLE,62
DC-02,SKU-00250,DC-02-Z07-B037,197,199,197,15,AVAILABLE,173
DC-02,SKU-00248,DC-02-Z10-B029,39,39,36,1,AVAILABLE,96
DC-02,SKU-01120,DC-02-Z08-B028,69,69,69,20,QUARANTINE,28
DC-02,SKU-00635,DC-02-Z05-B003,179,181,179,16,QUARANTINE,165
DC-02,SKU-00796,DC-02-Z07-B075,206,206,207,2,AVAILABLE,176
DC-02,SKU-00134,DC-02-Z06-B039,143,143,144,12,AVAILABLE,160
DC-02,SKU-00781,DC-02-Z06-B049,186,186,186,13,AVAILABLE,20
DC-02,SKU-00050,DC-02-Z01-B021,168,166,168,17,AVAILABLE,41
DC-02,SKU-00624,DC-02-Z06-B016,6,7,7,4,AVAILABLE,9
DC-02,SKU-00990,DC-02-Z06-B055,156,158,156,12,AVAILABLE,37
DC-02,SKU-00143,DC-02-Z12-B053,130,131,130,20,AVAILABLE,40
DC-02,SKU-00157,DC-02-Z04-B031,51,51,48,19,AVAILABLE,146
DC-02,SKU-01163,DC-02-Z03-B047,7,7,7,4,AVAILABLE,82
DC-02,SKU-00578,DC-02-Z07-B067,185,184,185,8,AVAILABLE,37
DC-02,SKU-00458,DC-02-Z11-B011,150,148,150,4,AVAILABLE,88
DC-02,SKU-00111,DC-02-Z05-B017,169,169,168,16,AVAILABLE,83
DC-02,SKU-00343,DC-02-Z01-B027,127,127,130,5,AVAILABLE,128
DC-02,SKU-00758,DC-02-Z01-B066,72,71,69,16,QUARANTINE,52
DC-02,SKU-00596,DC-02-Z08-B032,103,104,103,9,AVAILABLE,53
DC-02,SKU-00175,DC-02-Z05-B079,67,67,66,15,AVAILABLE,36
DC-02,SKU-00606,DC-02-Z01-B052,101,100,98,6,AVAILABLE,98
DC-02,SKU-00220,DC-02-Z07-B065,164,166,164,7,HOLD,133
DC-02,SKU-01178,DC-02-Z05-B047,94,93,91,16,AVAILABLE,75
DC-02,SKU-00056,DC-02-Z08-B007,109,109,110,11,AVAILABLE,85
DC-02,SKU-00655,DC-02-Z05-B051,135,133,135,10,AVAILABLE,101
DC-02,SKU-00693,DC-02-Z01-B009,173,173,173,11,AVAILABLE,114
DC-02,SKU-01013,DC-02-Z05-B021,50,50,49,1,AVAILABLE,67
DC-02,SKU-00484,DC-02-Z08-B011,165,165,165,15,AVAILABLE,134
DC-02,SKU-00853,DC-02-Z07-B037,53,51,56,3,AVAILABLE,17
DC-02,SKU-00438,DC-02-Z08-B063,197,197,197,0,AVAILABLE,117
DC-02,SKU-00515,DC-02-Z05-B046,142,144,145,9,AVAILABLE,82
DC-02,SKU-00212,DC-02-Z01-B037,26,26,26,13,AVAILABLE,52
DC-02,SKU-01190,DC-02-Z01-B002,17,18,18,2,AVAILABLE,47
DC-02,SKU-00727,DC-02-Z06-B054,71,70,68,5,AVAILABLE,68
DC-02,SKU-00916,DC-02-Z07-B020,51,51,52,12,AVAILABLE,8
DC-02,SKU-00968,DC-02-Z03-B040,179,179,178,19,QUARANTINE,171
DC-02,SKU-00730,DC-02-Z12-B063,12,10,9,2,AVAILABLE,165
DC-02,SKU-00471,DC-02-Z04-B079,201,201,198,4,AVAILABLE,64
DC-02,SKU-01069,DC-02-Z10-B078,63,63,66,1,AVAILABLE,175
DC-02,SKU-00934,DC-02-Z04-B041,110,110,113,18,AVAILABLE,59
DC-02,SKU-01073,DC-02-Z01-B058,119,119,118,20,QUARANTINE,153
DC-02,SKU-00427,DC-02-Z09-B079,62,60,63,13,AVAILABLE,115
DC-02,SKU-00319,DC-02-Z02-B008,85,85,85,12,AVAILABLE,85
DC-02,SKU-01056,DC-02-Z03-B069,190,188,187,6,AVAILABLE,139
DC-02,SKU-00193,DC-02-Z08-B025,178,180,178,12,AVAILABLE,40
DC-02,SKU-01050,DC-02-Z05-B067,67,67,67,10,AVAILABLE,119
DC-02,SKU-00891,DC-02-Z02-B074,185,186,185,1,AVAILABLE,22
DC-02,SKU-00887,DC-02-Z08-B072,41,41,38,15,AVAILABLE,32
DC-02,SKU-00435,DC-02-Z03-B058,117,117,120,11,QUARANTINE,52
DC-02,SKU-00988,DC-02-Z03-B004,201,203,204,2,AVAILABLE,118
DC-02,SKU-00875,DC-02-Z06-B052,127,127,127,8,QUARANTINE,179
DC-02,SKU-01095,DC-02-Z09-B004,117,115,118,8,AVAILABLE,103
DC-02,SKU-01168,DC-02-Z02-B062,26,26,27,18,AVAILABLE,23
DC-02,SKU-00707,DC-02-Z02-B059,54,53,53,5,AVAILABLE,180
DC-02,SKU-00253,DC-02-Z09-B039,126,125,126,17,AVAILABLE,52
DC-02,SKU-00353,DC-02-Z06-B017,190,188,190,19,AVAILABLE,126
DC-02,SKU-00915,DC-02-Z04-B070,162,162,162,4,AVAILABLE,144
DC-02,SKU-00101,DC-02-Z06-B076,23,25,23,0,AVAILABLE,11
DC-02,SKU-00428,DC-02-Z09-B012,29,30,29,18,AVAILABLE,111
DC-02,SKU-00094,DC-02-Z04-B024,183,182,183,12,AVAILABLE,65
DC-02,SKU-00810,DC-02-Z11-B026,73,73,73,6,AVAILABLE,86
DC-02,SKU-01105,DC-02-Z02-B035,36,38,33,9,AVAILABLE,120
DC-02,SKU-01099,DC-02-Z01-B049,20,20,20,17,AVAILABLE,139
DC-02,SKU-00039,DC-02-Z04-B045,157,157,157,9,AVAILABLE,42
DC-02,SKU-00496,DC-02-Z02-B032,142,142,141,12,QUARANTINE,95
DC-02,SKU-00865,DC-02-Z07-B049,201,199,204,13,AVAILABLE,81
DC-02,SKU-00946,DC-02-Z06-B011,84,82,85,19,AVAILABLE,100
DC-02,SKU-00202,DC-02-Z03-B059,177,177,177,10,AVAILABLE,55
DC-02,SKU-01024,DC-02-Z06-B078,25,25,25,12,AVAILABLE,101
DC-02,SKU-00627,DC-02-Z06-B063,95,93,92,13,AVAILABLE,83
DC-02,SKU-00840,DC-02-Z02-B045,89,89,86,19,AVAILABLE,24
DC-02,SKU-00668,DC-02-Z03-B005,151,151,152,1,QUARANTINE,139
DC-02,SKU-00509,DC-02-Z04-B027,101,100,101,1,AVAILABLE,150
DC-02,SKU-00057,DC-02-Z08-B011,138,138,138,17,AVAILABLE,158
DC-02,SKU-00981,DC-02-Z04-B001,146,146,147,14,AVAILABLE,109
DC-02,SKU-00405,DC-02-Z04-B025,25,24,25,4,AVAILABLE,68
DC-02,SKU-00357,DC-02-Z02-B056,73,73,76,17,AVAILABLE,73
DC-02,SKU-00525,DC-02-Z03-B023,169,169,169,12,HOLD,115
DC-02,SKU-00095,DC-02-Z05-B009,64,64,64,16,AVAILABLE,119
DC-02,SKU-00928,DC-02-Z11-B072,40,39,40,11,AVAILABLE,84
DC-02,SKU-00071,DC-02-Z03-B068,112,111,112,8,AVAILABLE,149
DC-02,SKU-00881,DC-02-Z10-B056,157,157,157,5,QUARANTINE,136
DC-02,SKU-01158,DC-02-Z07-B036,4,4,7,0,AVAILABLE,110
DC-02,SKU-00083,DC-02-Z06-B054,53,51,56,1,AVAILABLE,15
DC-02,SKU-00128,DC-02-Z05-B028,106,104,109,14,AVAILABLE,24
DC-02,SKU-00301,DC-02-Z06-B040,59,59,59,14,AVAILABLE,14
DC-02,SKU-00732,DC-02-Z01-B050,54,55,51,6,AVAILABLE,166
DC-02,SKU-00861,DC-02-Z12-B043,150,151,150,8,HOLD,23
DC-02,SKU-00505,DC-02-Z07-B054,147,145,147,11,AVAILABLE,135
DC-02,SKU-00278,DC-02-Z12-B049,66,65,66,18,AVAILABLE,20
DC-02,SKU-01015,DC-02-Z03-B041,71,72,68,1,AVAILABLE,122
DC-02,SKU-01007,DC-02-Z07-B009,67,67,67,10,QUARANTINE,26
DC-02,SKU-00383,DC-02-Z05-B062,166,166,166,0,AVAILABLE,174
DC-02,SKU-00744,DC-02-Z04-B035,38,36,38,15,AVAILABLE,27
DC-02,SKU-00225,DC-02-Z06-B064,206,208,207,1,AVAILABLE,29
DC-02,SKU-00673,DC-02-Z12-B067,159,160,159,1,AVAILABLE,97
DC-02,SKU-00956,DC-02-Z04-B018,151,153,151,19,AVAILABLE,101
DC-02,SKU-00527,DC-02-Z05-B050,11,11,11,8,AVAILABLE,129
DC-02,SKU-01114,DC-02-Z05-B054,106,106,107,2,AVAILABLE,151
DC-02,SKU-01004,DC-02-Z09-B049,81,82,78,16,HOLD,134
DC-02,SKU-00468,DC-02-Z02-B001,62,62,61,2,AVAILABLE,152
DC-02,SKU-00332,DC-02-Z12-B068,107,107,107,0,AVAILABLE,92
DC-02,SKU-01149,DC-02-Z07-B070,137,137,138,0,AVAILABLE,121
DC-02,SKU-00064,DC-02-Z04-B006,7,7,7,4,AVAILABLE,174
DC-02,SKU-00290,DC-02-Z11-B030,214,212,213,19,AVAILABLE,172
DC-02,SKU-01076,DC-02-Z03-B079,60,60,59,15,AVAILABLE,35
DC-02,SKU-00345,DC-02-Z11-B048,95,95,92,20,AVAILABLE,175
DC-02,SKU-00362,DC-02-Z04-B055,31,31,31,13,HOLD,87
DC-02,SKU-00938,DC-02-Z08-B028,95,97,98,11,AVAILABLE,21
DC-02,SKU-00466,DC-02-Z12-B041,184,184,185,12,AVAILABLE,144
DC-02,SKU-00547,DC-02-Z05-B049,164,164,164,0,AVAILABLE,62
DC-02,SKU-00033,DC-02-Z04-B065,84,83,83,7,AVAILABLE,31
DC-02,SKU-01148,DC-02-Z10-B027,196,195,195,5,AVAILABLE,168
DC-02,SKU-00678,DC-02-Z02-B013,112,111,113,12,AVAILABLE,87
DC-02,SKU-00572,DC-02-Z12-B022,55,56,52,14,QUARANTINE,32
DC-02,SKU-00359,DC-02-Z11-B033,147,147,147,19,AVAILABLE,33
DC-02,SKU-00476,DC-02-Z07-B008,26,26,29,8,AVAILABLE,106
DC-02,SKU-00445,DC-02-Z04-B019,46,47,45,15,AVAILABLE,130
DC-02,SKU-01059,DC-02-Z03-B006,199,199,200,17,AVAILABLE,44
DC-02,SKU-00244,DC-02-Z12-B026,160,160,157,15,AVAILABLE,3
DC-02,SKU-00978,DC-02-Z10-B023,151,152,154,20,QUARANTINE,179
DC-02,SKU-00028,DC-02-Z11-B065,33,33,32,8,AVAILABLE,106
DC-02,SKU-00270,DC-02-Z02-B004,37,39,37,0,AVAILABLE,36
DC-02,SKU-00782,DC-02-Z07-B068,138,138,135,15,AVAILABLE,156
DC-02,SKU-00871,DC-02-Z10-B020,67,67,70,4,AVAILABLE,104
DC-02,SKU-01164,DC-02-Z11-B006,194,196,193,13,AVAILABLE,13
DC-02,SKU-00803,DC-02-Z08-B033,89,88,89,20,QUARANTINE,141
DC-02,SKU-01071,DC-02-Z09-B069,124,124,124,2,AVAILABLE,110
DC-02,SKU-00883,DC-02-Z09-B062,206,208,207,11,AVAILABLE,89
DC-02,SKU-00864,DC-02-Z04-B016,174,176,171,15,AVAILABLE,63
DC-02,SKU-01152,DC-02-Z08-B067,131,129,132,17,HOLD,25
DC-02,SKU-00536,DC-02-Z09-B019,159,160,162,4,AVAILABLE,106
DC-02,SKU-01197,DC-02-Z02-B004,77,79,77,20,AVAILABLE,113
DC-02,SKU-00585,DC-02-Z02-B063,185,185,185,12,AVAILABLE,94
DC-02,SKU-00235,DC-02-Z07-B039,150,150,150,15,HOLD,82
DC-02,SKU-00420,DC-02-Z07-B061,186,184,187,19,AVAILABLE,171
DC-02,SKU-00334,DC-02-Z09-B065,17,17,17,11,HOLD,80
DC-02,SKU-00560,DC-02-Z10-B053,50,50,51,9,AVAILABLE,172
DC-02,SKU-00703,DC-02-Z07-B033,143,144,146,13,AVAILABLE,142
DC-02,SKU-01112,DC-02-Z01-B046,191,193,190,9,AVAILABLE,35
DC-02,SKU-00718,DC-02-Z07-B040,49,50,49,9,AVAILABLE,177
DC-02,SKU-00911,DC-02-Z06-B028,60,60,60,14,AVAILABLE,160
DC-02,SKU-00390,DC-02-Z07-B064,159,161,159,3,AVAILABLE,171
DC-02,SKU-00149,DC-02-Z03-B039,192,192,192,9,AVAILABLE,36
DC-02,SKU-00446,DC-02-Z04-B016,15,13,18,10,AVAILABLE,96
DC-02,SKU-00162,DC-02-Z03-B021,70,72,70,14,AVAILABLE,178
DC-02,SKU-00729,DC-02-Z10-B017,154,155,154,10,AVAILABLE,157
DC-02,SKU-00657,DC-02-Z11-B036,21,23,21,11,AVAILABLE,163
DC-02,SKU-00233,DC-02-Z08-B080,85,87,85,11,AVAILABLE,21
DC-02,SKU-01097,DC-02-Z06-B018,3,5,2,3,AVAILABLE,88
DC-02,SKU-00584,DC-02-Z10-B056,111,112,108,4,AVAILABLE,31
DC-02,SKU-00145,DC-02-Z09-B017,143,143,146,7,AVAILABLE,145
DC-02,SKU-00550,DC-02-Z05-B060,166,165,166,8,AVAILABLE,84
DC-02,SKU-00272,DC-02-Z11-B047,178,178,178,2,HOLD,152
DC-02,SKU-00895,DC-02-Z12-B013,21,23,22,9,AVAILABLE,62
DC-02,SKU-00583,DC-02-Z11-B059,111,111,111,5,HOLD,67
DC-02,SKU-00552,DC-02-Z12-B053,163,163,163,11,AVAILABLE,12
DC-02,SKU-00488,DC-02-Z07-B071,67,67,64,4,QUARANTINE,33
DC-02,SKU-00763,DC-02-Z07-B068,213,212,213,20,AVAILABLE,86
DC-02,SKU-00186,DC-02-Z06-B049,93,93,92,15,AVAILABLE,86
DC-02,SKU-00574,DC-02-Z04-B006,115,115,112,8,AVAILABLE,59
DC-02,SKU-00570,DC-02-Z04-B010,175,175,175,4,AVAILABLE,23
DC-02,SKU-00593,DC-02-Z10-B028,62,63,65,13,AVAILABLE,79
DC-02,SKU-00815,DC-02-Z11-B050,11,13,12,11,AVAILABLE,6
DC-02,SKU-00814,DC-02-Z11-B061,73,73,72,8,AVAILABLE,136
DC-02,SKU-00154,DC-02-Z02-B055,184,184,184,18,AVAILABLE,69
DC-02,SKU-00963,DC-02-Z08-B061,180,179,181,3,AVAILABLE,167
DC-02,SKU-00611,DC-02-Z03-B051,220,220,220,5,AVAILABLE,58
DC-02,SKU-00010,DC-02-Z02-B011,206,208,205,17,AVAILABLE,90
DC-02,SKU-00167,DC-02-Z11-B079,212,212,209,0,AVAILABLE,171
DC-02,SKU-00830,DC-02-Z01-B030,107,107,107,14,AVAILABLE,169
DC-02,SKU-00608,DC-02-Z01-B071,158,159,158,15,AVAILABLE,124
DC-02,SKU-00059,DC-02-Z06-B056,194,194,194,7,AVAILABLE,111
DC-02,SKU-00181,DC-02-Z02-B049,109,110,109,18,AVAILABLE,73
DC-02,SKU-00540,DC-02-Z02-B057,203,204,203,13,AVAILABLE,34
DC-02,SKU-00940,DC-02-Z04-B056,160,160,160,5,AVAILABLE,61
DC-02,SKU-00280,DC-02-Z10-B047,73,73,73,14,HOLD,53
DC-02,SKU-00504,DC-02-Z02-B034,209,210,212,5,AVAILABLE,140
DC-02,SKU-00873,DC-02-Z09-B045,78,78,77,15,AVAILABLE,167
DC-02,SKU-00385,DC-02-Z09-B050,91,93,88,9,AVAILABLE,66
DC-02,SKU-00001,DC-02-Z10-B042,184,183,184,10,AVAILABLE,179
DC-02,SKU-00442,DC-02-Z01-B039,45,47,46,14,AVAILABLE,93
DC-02,SKU-00831,DC-02-Z07-B072,208,208,205,0,QUARANTINE,89
DC-02,SKU-00037,DC-02-Z05-B009,180,180,180,8,AVAILABLE,83
DC-02,SKU-00961,DC-02-Z04-B044,22,22,22,13,AVAILABLE,155
DC-02,SKU-01167,DC-02-Z05-B024,57,57,57,6,AVAILABLE,130
DC-02,SKU-00382,DC-02-Z12-B059,105,103,105,7,AVAILABLE,108
DC-02,SKU-00636,DC-02-Z02-B026,119,120,119,1,AVAILABLE,79
DC-02,SKU-00434,DC-02-Z03-B075,127,125,128,9,AVAILABLE,178
DC-02,SKU-00150,DC-02-Z08-B015,135,135,138,1,AVAILABLE,130
DC-02,SKU-00535,DC-02-Z06-B010,92,93,95,15,AVAILABLE,165
DC-02,SKU-00947,DC-02-Z09-B026,20,20,20,11,AVAILABLE,135
DC-02,SKU-00075,DC-02-Z11-B022,110,109,109,6,AVAILABLE,141
DC-02,SKU-00923,DC-02-Z08-B016,143,142,146,6,AVAILABLE,54
DC-02,SKU-00460,DC-02-Z02-B013,181,180,181,13,AVAILABLE,102
DC-02,SKU-00821,DC-02-Z03-B024,22,21,23,20,AVAILABLE,163
DC-02,SKU-00885,DC-02-Z11-B080,23,23,24,4,AVAILABLE,18
DC-02,SKU-00909,DC-02-Z08-B079,220,220,220,2,HOLD,44
DC-02,SKU-00179,DC-02-Z03-B025,32,32,32,9,AVAILABLE,6
DC-02,SKU-00839,DC-02-Z08-B061,115,117,115,4,AVAILABLE,35
DC-02,SKU-00299,DC-02-Z10-B028,4,4,4,1,AVAILABLE,103
DC-02,SKU-00577,DC-02-Z10-B041,33,32,36,13,AVAILABLE,175
DC-02,SKU-01083,DC-02-Z05-B014,96,97,96,2,AVAILABLE,129
DC-02,SKU-00884,DC-02-Z08-B058,103,103,103,13,AVAILABLE,3
DC-02,SKU-00717,DC-02-Z05-B041,208,209,208,12,AVAILABLE,141
DC-02,SKU-00512,DC-02-Z04-B042,123,122,123,9,AVAILABLE,161
DC-02,SKU-01122,DC-02-Z04-B019,214,212,214,19,AVAILABLE,177
DC-02,SKU-00957,DC-02-Z11-B023,147,147,146,11,AVAILABLE,175
DC-02,SKU-00989,DC-02-Z01-B033,29,29,32,18,AVAILABLE,112
DC-02,SKU-00448,DC-02-Z10-B036,150,150,147,14,AVAILABLE,142
DC-02,SKU-00044,DC-02-Z08-B029,210,210,210,16,QUARANTINE,128
DC-02,SKU-00822,DC-02-Z04-B070,44,44,47,20,AVAILABLE,132
DC-02,SKU-00035,DC-02-Z08-B009,73,73,76,17,AVAILABLE,107
DC-02,SKU-00561,DC-02-Z03-B040,174,172,175,13,AVAILABLE,132
DC-02,SKU-01057,DC-02-Z10-B007,199,199,198,10,AVAILABLE,85
DC-02,SKU-01159,DC-02-Z10-B009,215,215,212,12,AVAILABLE,112
DC-02,SKU-00404,DC-02-Z12-B059,36,36,39,0,AVAILABLE,155
DC-02,SKU-00922,DC-02-Z08-B005,127,129,128,15,AVAILABLE,119
DC-02,SKU-01183,DC-02-Z05-B002,201,199,198,13,AVAILABLE,157
DC-02,SKU-00329,DC-02-Z02-B071,163,162,163,17,AVAILABLE,66
DC-02,SKU-00641,DC-02-Z07-B019,202,203,199,6,AVAILABLE,127
DC-02,SKU-00207,DC-02-Z01-B030,125,125,122,10,AVAILABLE,72
DC-02,SKU-00526,DC-02-Z08-B053,5,5,5,3,AVAILABLE,5
DC-02,SKU-00634,DC-02-Z04-B038,133,133,133,3,AVAILABLE,15
DC-02,SKU-00828,DC-02-Z09-B073,41,41,40,20,AVAILABLE,130
DC-02,SKU-01189,DC-02-Z06-B041,171,171,168,7,HOLD,26
DC-03,SKU-00305,DC-03-Z08-B065,73,73,73,11,QUARANTINE,170
DC-03,SKU-00947,DC-03-Z03-B073,94,93,94,12,AVAILABLE,47
DC-03,SKU-00980,DC-03-Z10-B042,154,154,154,1,AVAILABLE,169
DC-03,SKU-00263,DC-03-Z05-B004,220,218,220,3,AVAILABLE,51
DC-03,SKU-00832,DC-03-Z02-B068,173,171,170,6,AVAILABLE,107
DC-03,SKU-00640,DC-03-Z04-B034,116,117,116,13,AVAILABLE,175
DC-03,SKU-00540,DC-03-Z09-B005,72,72,72,7,AVAILABLE,30
DC-03,SKU-00086,DC-03-Z05-B070,8,8,8,2,AVAILABLE,19
DC-03,SKU-00857,DC-03-Z06-B060,163,161,163,12,QUARANTINE,41
DC-03,SKU-00546,DC-03-Z11-B046,42,44,41,6,AVAILABLE,116
DC-03,SKU-00239,DC-03-Z12-B017,8,8,11,3,AVAILABLE,124
DC-03,SKU-01044,DC-03-Z12-B020,36,36,36,1,AVAILABLE,129
DC-03,SKU-00182,DC-03-Z05-B037,97,95,100,6,AVAILABLE,96
DC-03,SKU-00418,DC-03-Z09-B008,63,63,66,6,AVAILABLE,165
DC-03,SKU-01070,DC-03-Z06-B028,1,3,1,1,AVAILABLE,30
DC-03,SKU-00460,DC-03-Z11-B057,99,101,100,14,AVAILABLE,5
DC-03,SKU-01164,DC-03-Z12-B066,22,22,21,2,AVAILABLE,137
DC-03,SKU-01167,DC-03-Z01-B062,206,206,207,10,AVAILABLE,31
DC-03,SKU-00295,DC-03-Z11-B057,12,12,12,7,AVAILABLE,89
DC-03,SKU-00022,DC-03-Z11-B053,150,150,151,7,AVAILABLE,37
DC-03,SKU-00562,DC-03-Z10-B049,142,142,145,2,AVAILABLE,94
DC-03,SKU-00146,DC-03-Z08-B018,93,93,92,2,AVAILABLE,161
DC-03,SKU-01171,DC-03-Z06-B020,201,201,198,14,AVAILABLE,100
DC-03,SKU-00282,DC-03-Z03-B063,136,136,136,20,AVAILABLE,160
DC-03,SKU-00611,DC-03-Z01-B015,34,34,31,0,AVAILABLE,125
DC-03,SKU-00610,DC-03-Z01-B079,112,112,115,17,AVAILABLE,93
DC-03,SKU-00199,DC-03-Z12-B010,172,174,172,17,HOLD,155
DC-03,SKU-00829,DC-03-Z12-B021,152,152,152,2,AVAILABLE,85
DC-03,SKU-01047,DC-03-Z09-B011,201,203,198,17,AVAILABLE,1
DC-03,SKU-00772,DC-03-Z12-B014,112,113,113,7,AVAILABLE,99
DC-03,SKU-00015,DC-03-Z09-B065,107,106,110,18,AVAILABLE,31
DC-03,SKU-00905,DC-03-Z01-B004,143,143,146,18,AVAILABLE,46
DC-03,SKU-00505,DC-03-Z04-B001,193,194,190,17,AVAILABLE,132
DC-03,SKU-00001,DC-03-Z08-B033,51,51,50,6,AVAILABLE,7
DC-03,SKU-00875,DC-03-Z01-B063,132,131,131,12,AVAILABLE,9
DC-03,SKU-00710,DC-03-Z05-B051,15,15,15,4,AVAILABLE,45
DC-03,SKU-00879,DC-03-Z12-B009,175,175,176,4,QUARANTINE,176
DC-03,SKU-00448,DC-03-Z06-B053,105,105,102,18,AVAILABLE,68
DC-03,SKU-00745,DC-03-Z10-B004,164,163,164,20,AVAILABLE,88
DC-03,SKU-00153,DC-03-Z10-B012,11,12,11,4,AVAILABLE,96
DC-03,SKU-00599,DC-03-Z05-B048,118,119,118,18,HOLD,94
DC-03,SKU-00645,DC-03-Z12-B073,87,87,84,1,AVAILABLE,139
DC-03,SKU-00598,DC-03-Z08-B012,137,139,138,11,AVAILABLE,13
DC-03,SKU-00690,DC-03-Z09-B078,147,147,150,20,QUARANTINE,50
DC-03,SKU-00252,DC-03-Z05-B026,77,77,74,14,AVAILABLE,170
DC-03,SKU-00544,DC-03-Z03-B047,77,79,77,4,AVAILABLE,141
DC-03,SKU-01147,DC-03-Z11-B017,119,119,119,14,AVAILABLE,74
DC-03,SKU-01103,DC-03-Z11-B041,143,145,143,16,AVAILABLE,129
DC-03,SKU-00833,DC-03-Z08-B078,140,139,140,3,HOLD,47
DC-03,SKU-00122,DC-03-Z07-B070,25,23,26,7,AVAILABLE,116
DC-03,SKU-00111,DC-03-Z07-B041,110,108,110,12,AVAILABLE,108
DC-03,SKU-01138,DC-03-Z06-B060,121,121,120,12,AVAILABLE,18
DC-03,SKU-00891,DC-03-Z09-B007,33,33,33,15,AVAILABLE,11
DC-03,SKU-00441,DC-03-Z10-B016,207,207,210,12,AVAILABLE,141
DC-03,SKU-01002,DC-03-Z03-B022,191,190,191,11,AVAILABLE,132
DC-03,SKU-01008,DC-03-Z11-B079,180,180,181,20,AVAILABLE,107
DC-03,SKU-00664,DC-03-Z10-B060,9,9,12,4,AVAILABLE,6
DC-03,SKU-00771,DC-03-Z01-B041,106,106,106,14,AVAILABLE,70
DC-03,SKU-00932,DC-03-Z03-B030,108,107,105,13,AVAILABLE,95
DC-03,SKU-00361,DC-03-Z06-B071,153,151,154,5,AVAILABLE,90
DC-03,SKU-00665,DC-03-Z02-B031,51,49,52,2,AVAILABLE,17
DC-03,SKU-00525,DC-03-Z03-B041,80,82,79,0,AVAILABLE,160
DC-03,SKU-00773,DC-03-Z02-B073,210,208,210,13,AVAILABLE,131
DC-03,SKU-00241,DC-03-Z06-B055,23,22,22,11,QUARANTINE,85
DC-03,SKU-00991,DC-03-Z08-B046,18,18,21,6,AVAILABLE,171
DC-03,SKU-00621,DC-03-Z05-B060,171,172,172,8,QUARANTINE,33
DC-03,SKU-00551,DC-03-Z02-B020,109,109,112,13,AVAILABLE,161
DC-03,SKU-01150,DC-03-Z11-B037,158,159,161,1,QUARANTINE,169
DC-03,SKU-00762,DC-03-Z11-B020,186,186,183,20,AVAILABLE,16
DC-03,SKU-01112,DC-03-Z10-B053,104,106,101,11,AVAILABLE,121
DC-03,SKU-00413,DC-03-Z02-B009,171,170,171,7,AVAILABLE,74
DC-03,SKU-00212,DC-03-Z01-B047,186,186,187,1,AVAILABLE,164
DC-03,SKU-01061,DC-03-Z10-B011,160,161,160,4,AVAILABLE,128
DC-03,SKU-00329,DC-03-Z03-B073,45,45,45,1,AVAILABLE,30
DC-03,SKU-00119,DC-03-Z10-B011,172,173,172,14,AVAILABLE,153
DC-03,SKU-01136,DC-03-Z01-B004,83,85,86,3,QUARANTINE,136
DC-03,SKU-00228,DC-03-Z11-B012,211,212,211,8,AVAILABLE,160
DC-03,SKU-00255,DC-03-Z02-B006,116,114,117,1,AVAILABLE,117
DC-03,SKU-00670,DC-03-Z03-B024,162,162,159,0,AVAILABLE,124
DC-03,SKU-01118,DC-03-Z03-B011,116,118,119,14,AVAILABLE,149
DC-03,SKU-00509,DC-03-Z05-B008,148,150,148,2,AVAILABLE,163
DC-03,SKU-00581,DC-03-Z08-B007,99,99,99,15,AVAILABLE,58
DC-03,SKU-00931,DC-03-Z06-B047,171,169,174,15,AVAILABLE,109
DC-03,SKU-00277,DC-03-Z03-B058,96,96,96,12,AVAILABLE,109
DC-03,SKU-01155,DC-03-Z02-B080,194,193,194,7,HOLD,125
DC-03,SKU-00752,DC-03-Z05-B073,202,201,201,6,AVAILABLE,50
DC-03,SKU-00347,DC-03-Z05-B041,138,136,137,0,AVAILABLE,175
DC-03,SKU-01148,DC-03-Z11-B027,166,166,169,4,QUARANTINE,165
DC-03,SKU-01127,DC-03-Z06-B039,199,201,199,1,AVAILABLE,111
DC-03,SKU-00116,DC-03-Z07-B042,220,220,219,14,AVAILABLE,169
DC-03,SKU-00118,DC-03-Z07-B035,40,40,43,17,AVAILABLE,136
DC-03,SKU-00484,DC-03-Z03-B006,34,36,33,0,AVAILABLE,172
DC-03,SKU-00021,DC-03-Z10-B005,17,17,16,13,QUARANTINE,91
DC-03,SKU-00893,DC-03-Z04-B045,121,121,124,6,HOLD,65
DC-03,SKU-01182,DC-03-Z09-B031,191,191,191,6,AVAILABLE,121
DC-03,SKU-00483,DC-03-Z05-B030,31,30,31,2,AVAILABLE,40
DC-03,SKU-00058,DC-03-Z12-B059,103,103,103,18,AVAILABLE,33
DC-03,SKU-00886,DC-03-Z01-B030,45,45,45,2,AVAILABLE,97
DC-03,SKU-00712,DC-03-Z03-B009,139,137,142,5,AVAILABLE,134
DC-03,SKU-00574,DC-03-Z02-B038,75,75,76,5,HOLD,108
DC-03,SKU-01100,DC-03-Z04-B077,51,51,51,1,QUARANTINE,154
DC-03,SKU-00453,DC-03-Z02-B047,100,99,99,1,AVAILABLE,31
DC-03,SKU-00533,DC-03-Z10-B076,124,123,124,3,AVAILABLE,44
DC-03,SKU-00800,DC-03-Z01-B005,48,48,49,6,HOLD,179
DC-03,SKU-01121,DC-03-Z06-B006,33,33,33,17,QUARANTINE,43
DC-03,SKU-00326,DC-03-Z04-B080,174,174,174,11,HOLD,76
DC-03,SKU-00942,DC-03-Z09-B037,107,105,104,0,AVAILABLE,135
DC-03,SKU-00824,DC-03-Z06-B032,180,182,177,11,AVAILABLE,40
DC-03,SKU-00945,DC-03-Z12-B021,25,25,25,0,QUARANTINE,6
DC-03,SKU-00088,DC-03-Z10-B042,43,43,43,11,AVAILABLE,137
DC-03,SKU-00667,DC-03-Z02-B067,104,102,104,3,AVAILABLE,24
DC-03,SKU-00331,DC-03-Z09-B076,157,157,157,13,AVAILABLE,165
DC-03,SKU-00680,DC-03-Z02-B015,160,159,160,4,AVAILABLE,25
DC-03,SKU-01142,DC-03-Z04-B012,148,146,148,6,AVAILABLE,0
DC-03,SKU-00889,DC-03-Z01-B045,3,4,3,1,AVAILABLE,131
DC-03,SKU-00492,DC-03-Z03-B044,178,178,178,12,AVAILABLE,29
DC-03,SKU-00003,DC-03-Z05-B013,185,185,186,13,AVAILABLE,66
DC-03,SKU-01157,DC-03-Z10-B023,157,157,154,3,AVAILABLE,176
DC-03,SKU-00548,DC-03-Z03-B029,213,212,212,18,AVAILABLE,54
DC-03,SKU-01059,DC-03-Z08-B063,107,107,107,13,AVAILABLE,112
DC-03,SKU-00630,DC-03-Z10-B069,137,137,137,5,HOLD,3
DC-03,SKU-00715,DC-03-Z07-B064,144,144,143,2,AVAILABLE,139
DC-03,SKU-00033,DC-03-Z06-B042,191,191,194,5,AVAILABLE,1
DC-03,SKU-00355,DC-03-Z03-B013,196,197,195,10,AVAILABLE,70
DC-03,SKU-00872,DC-03-Z09-B026,180,180,177,10,AVAILABLE,143
DC-03,SKU-01088,DC-03-Z12-B005,101,99,102,5,AVAILABLE,45
DC-03,SKU-01158,DC-03-Z07-B066,18,18,15,11,HOLD,104
DC-03,SKU-00938,DC-03-Z01-B038,190,190,190,3,AVAILABLE,161
DC-03,SKU-00971,DC-03-Z08-B029,202,200,201,15,AVAILABLE,177
DC-03,SKU-00749,DC-03-Z10-B043,113,112,112,4,AVAILABLE,157
DC-03,SKU-00114,DC-03-Z04-B059,25,25,26,13,AVAILABLE,3
DC-03,SKU-00183,DC-03-Z10-B069,141,141,142,4,AVAILABLE,27
DC-03,SKU-00071,DC-03-Z09-B036,168,166,169,12,AVAILABLE,143
DC-03,SKU-00919,DC-03-Z03-B075,33,33,34,3,AVAILABLE,115
DC-03,SKU-00557,DC-03-Z04-B002,37,37,40,14,AVAILABLE,78
DC-03,SKU-00309,DC-03-Z10-B075,156,154,155,8,AVAILABLE,132
DC-03,SKU-00733,DC-03-Z07-B078,28,26,25,14,AVAILABLE,93
DC-03,SKU-00646,DC-03-Z11-B006,171,170,170,4,AVAILABLE,110
DC-03,SKU-00593,DC-03-Z06-B042,200,200,203,15,HOLD,103
DC-03,SKU-00072,DC-03-Z04-B003,139,139,139,14,HOLD,159
DC-03,SKU-00781,DC-03-Z11-B048,47,49,47,11,AVAILABLE,138
DC-03,SKU-00155,DC-03-Z02-B053,154,154,157,9,AVAILABLE,54
DC-03,SKU-00514,DC-03-Z08-B005,214,214,214,4,AVAILABLE,119
DC-03,SKU-00903,DC-03-Z10-B044,91,91,94,1,AVAILABLE,111
DC-03,SKU-00148,DC-03-Z08-B044,74,73,73,8,AVAILABLE,89
DC-03,SKU-00466,DC-03-Z06-B072,207,207,206,11,AVAILABLE,59
DC-03,SKU-00591,DC-03-Z02-B004,126,125,125,15,AVAILABLE,76
DC-03,SKU-00012,DC-03-Z05-B054,208,206,207,11,AVAILABLE,122
DC-03,SKU-00697,DC-03-Z12-B041,207,206,208,2,AVAILABLE,139
DC-03,SKU-00641,DC-03-Z07-B022,106,106,107,15,AVAILABLE,66
DC-03,SKU-00941,DC-03-Z07-B050,45,47,42,16,QUARANTINE,75
DC-03,SKU-00869,DC-03-Z06-B080,167,167,168,18,AVAILABLE,66
DC-03,SKU-00472,DC-03-Z09-B066,126,124,126,3,AVAILABLE,100
DC-03,SKU-00164,DC-03-Z01-B067,14,13,11,4,AVAILABLE,23
DC-03,SKU-01016,DC-03-Z10-B040,102,104,105,18,QUARANTINE,165
DC-03,SKU-00023,DC-03-Z11-B056,25,25,25,16,AVAILABLE,152
DC-03,SKU-00863,DC-03-Z08-B032,166,166,169,6,AVAILABLE,46
DC-03,SKU-00687,DC-03-Z08-B044,119,119,122,14,QUARANTINE,46
DC-03,SKU-00679,DC-03-Z10-B003,203,203,202,12,AVAILABLE,143
DC-03,SKU-00705,DC-03-Z09-B027,189,189,189,3,AVAILABLE,42
DC-03,SKU-01075,DC-03-Z05-B038,122,120,123,7,HOLD,165
DC-03,SKU-00010,DC-03-Z01-B077,188,189,188,4,AVAILABLE,8
DC-03,SKU-00490,DC-03-Z09-B014,11,13,14,11,QUARANTINE,38
DC-03,SKU-00739,DC-03-Z01-B059,139,140,139,12,AVAILABLE,169
DC-03,SKU-00994,DC-03-Z08-B006,0,0,0,0,AVAILABLE,10
DC-03,SKU-00731,DC-03-Z06-B075,143,145,146,14,AVAILABLE,83
DC-03,SKU-00215,DC-03-Z08-B044,195,195,194,9,AVAILABLE,136
DC-03,SKU-01110,DC-03-Z11-B078,10,10,13,7,AVAILABLE,32
DC-03,SKU-00138,DC-03-Z03-B074,214,216,211,9,AVAILABLE,171
DC-03,SKU-00977,DC-03-Z05-B060,108,108,111,20,AVAILABLE,38
DC-03,SKU-00502,DC-03-Z11-B058,55,55,55,6,AVAILABLE,134
DC-03,SKU-00381,DC-03-Z07-B079,198,198,198,17,AVAILABLE,114
DC-03,SKU-00973,DC-03-Z10-B035,189,191,186,13,AVAILABLE,168
DC-03,SKU-00384,DC-03-Z09-B032,99,99,102,6,AVAILABLE,151
DC-03,SKU-01193,DC-03-Z12-B060,195,196,194,14,AVAILABLE,65
DC-03,SKU-00136,DC-03-Z11-B067,197,197,197,19,AVAILABLE,14
DC-03,SKU-00672,DC-03-Z01-B067,177,175,180,8,AVAILABLE,77
DC-03,SKU-00706,DC-03-Z11-B048,10,10,10,1,AVAILABLE,153
DC-03,SKU-01049,DC-03-Z07-B063,88,88,91,18,AVAILABLE,56
DC-03,SKU-00738,DC-03-Z02-B001,77,75,80,18,AVAILABLE,0
DC-03,SKU-00297,DC-03-Z03-B046,155,157,155,9,AVAILABLE,8
DC-03,SKU-00280,DC-03-Z03-B043,165,163,162,16,AVAILABLE,35
DC-03,SKU-00594,DC-03-Z10-B058,123,123,123,1,HOLD,47
DC-03,SKU-00432,DC-03-Z09-B067,194,194,195,5,AVAILABLE,56
DC-03,SKU-01144,DC-03-Z06-B032,60,62,63,14,AVAILABLE,29
DC-03,SKU-01200,DC-03-Z12-B067,150,148,150,4,AVAILABLE,93
DC-03,SKU-00623,DC-03-Z11-B006,46,46,46,6,AVAILABLE,50
DC-03,SKU-00451,DC-03-Z05-B043,125,125,125,2,AVAILABLE,101
DC-03,SKU-00946,DC-03-Z12-B061,1,2,0,1,AVAILABLE,84
DC-03,SKU-00089,DC-03-Z07-B042,133,133,133,12,QUARANTINE,21
DC-03,SKU-00427,DC-03-Z08-B049,50,50,50,10,AVAILABLE,157
DC-03,SKU-00265,DC-03-Z11-B021,51,52,48,17,AVAILABLE,94
DC-03,SKU-00838,DC-03-Z09-B044,57,57,57,19,AVAILABLE,7
DC-03,SKU-00761,DC-03-Z11-B017,150,148,147,9,AVAILABLE,12
DC-03,SKU-00547,DC-03-Z08-B047,154,154,153,15,AVAILABLE,141
DC-03,SKU-00699,DC-03-Z04-B003,42,42,41,18,AVAILABLE,12
DC-03,SKU-01020,DC-03-Z05-B023,198,199,198,0,HOLD,40
DC-03,SKU-00890,DC-03-Z02-B041,103,105,104,14,AVAILABLE,61
DC-03,SKU-00602,DC-03-Z11-B075,100,99,103,14,AVAILABLE,82
DC-03,SKU-00609,DC-03-Z07-B020,167,167,164,11,AVAILABLE,112
DC-03,SKU-00658,DC-03-Z02-B054,35,35,36,2,HOLD,89
DC-03,SKU-00726,DC-03-Z01-B031,45,43,45,8,AVAILABLE,148
DC-03,SKU-00396,DC-03-Z08-B032,31,31,31,4,AVAILABLE,97
DC-03,SKU-00048,DC-03-Z03-B069,24,22,24,15,AVAILABLE,42
DC-03,SKU-00564,DC-03-Z02-B041,6,8,3,2,AVAILABLE,111
DC-03,SKU-00508,DC-03-Z06-B050,96,98,96,2,QUARANTINE,139
DC-03,SKU-00271,DC-03-Z11-B078,40,40,41,10,HOLD,26
DC-03,SKU-00529,DC-03-Z06-B020,194,194,194,0,QUARANTINE,167
DC-03,SKU-00105,DC-03-Z03-B062,102,102,102,16,AVAILABLE,148
DC-03,SKU-00635,DC-03-Z06-B006,185,185,184,10,AVAILABLE,129
DC-03,SKU-00999,DC-03-Z09-B011,69,69,70,3,AVAILABLE,173
DC-03,SKU-00420,DC-03-Z05-B042,24,26,23,15,AVAILABLE,117
DC-03,SKU-00618,DC-03-Z02-B056,195,195,195,0,AVAILABLE,141
DC-03,SKU-00717,DC-03-Z02-B014,40,40,41,12,AVAILABLE,108
DC-03,SKU-01156,DC-03-Z03-B052,161,160,162,5,AVAILABLE,16
DC-03,SKU-00303,DC-03-Z10-B016,104,104,104,6,AVAILABLE,73
DC-03,SKU-00774,DC-03-Z08-B049,184,184,181,8,AVAILABLE,1
DC-03,SKU-00674,DC-03-Z10-B055,62,62,63,13,AVAILABLE,31
DC-03,SKU-00917,DC-03-Z03-B058,198,198,199,8,AVAILABLE,76
DC-03,SKU-00539,DC-03-Z07-B060,3,3,0,2,AVAILABLE,69
DC-03,SKU-00140,DC-03-Z07-B038,155,155,152,8,AVAILABLE,25
DC-03,SKU-00517,DC-03-Z12-B047,153,153,154,15,AVAILABLE,70
DC-03,SKU-00686,DC-03-Z04-B069,102,103,102,1,AVAILABLE,147
DC-03,SKU-01067,DC-03-Z06-B046,211,211,212,4,HOLD,104
DC-03,SKU-00029,DC-03-Z07-B045,37,35,37,5,AVAILABLE,116
DC-03,SKU-00614,DC-03-Z04-B079,99,99,99,1,AVAILABLE,23
DC-03,SKU-00576,DC-03-Z11-B050,29,29,32,5,AVAILABLE,88
DC-03,SKU-00081,DC-03-Z03-B049,19,18,19,19,AVAILABLE,101
DC-03,SKU-00204,DC-03-Z10-B015,113,113,110,12,AVAILABLE,98
DC-03,SKU-00423,DC-03-Z05-B004,29,28,29,11,AVAILABLE,55
DC-03,SKU-00950,DC-03-Z10-B008,205,205,205,14,AVAILABLE,24
DC-03,SKU-00866,DC-03-Z03-B009,194,195,194,0,AVAILABLE,156
DC-03,SKU-00258,DC-03-Z02-B076,148,146,151,17,AVAILABLE,22
DC-03,SKU-00531,DC-03-Z07-B037,62,62,62,0,AVAILABLE,141
DC-03,SKU-01177,DC-03-Z11-B032,72,70,72,15,QUARANTINE,173
DC-03,SKU-00476,DC-03-Z05-B018,153,153,154,4,AVAILABLE,32
DC-03,SKU-00260,DC-03-Z10-B005,97,97,97,1,AVAILABLE,155
DC-03,SKU-00691,DC-03-Z01-B069,177,179,177,13,HOLD,102
DC-03,SKU-00187,DC-03-Z11-B055,22,22,22,10,AVAILABLE,40
DC-03,SKU-00982,DC-03-Z12-B049,150,152,151,0,AVAILABLE,180
DC-03,SKU-00578,DC-03-Z09-B036,158,158,159,14,AVAILABLE,14
DC-03,SKU-00908,DC-03-Z03-B009,40,41,41,20,HOLD,79
DC-03,SKU-00883,DC-03-Z11-B074,30,30,30,12,AVAILABLE,84
DC-03,SKU-00184,DC-03-Z10-B068,193,194,196,13,AVAILABLE,64
DC-03,SKU-00668,DC-03-Z08-B022,78,78,78,11,AVAILABLE,145
DC-03,SKU-00243,DC-03-Z09-B049,32,34,35,0,AVAILABLE,88
DC-03,SKU-00912,DC-03-Z12-B002,19,19,19,15,AVAILABLE,91
DC-03,SKU-01099,DC-03-Z10-B046,133,133,133,10,AVAILABLE,62
DC-03,SKU-00560,DC-03-Z07-B066,37,37,37,1,AVAILABLE,35
DC-03,SKU-00662,DC-03-Z04-B027,154,155,151,13,AVAILABLE,100
DC-03,SKU-00222,DC-03-Z10-B029,211,211,214,13,AVAILABLE,106
DC-03,SKU-00590,DC-03-Z03-B067,179,178,179,6,AVAILABLE,34
DC-03,SKU-00078,DC-03-Z07-B047,167,167,168,17,AVAILABLE,178
DC-03,SKU-00207,DC-03-Z01-B068,189,189,186,10,AVAILABLE,129
DC-03,SKU-01021,DC-03-Z12-B021,120,122,120,3,AVAILABLE,170
DC-03,SKU-00553,DC-03-Z09-B062,158,157,161,6,AVAILABLE,118
DC-03,SKU-00748,DC-03-Z07-B027,64,62,63,10,AVAILABLE,79
DC-03,SKU-00221,DC-03-Z04-B013,204,206,204,10,AVAILABLE,164
DC-03,SKU-00349,DC-03-Z05-B054,203,203,206,1,HOLD,57
DC-03,SKU-01035,DC-03-Z07-B035,105,105,105,17,AVAILABLE,5
DC-03,SKU-00861,DC-03-Z09-B077,175,175,178,11,QUARANTINE,78
DC-03,SKU-00777,DC-03-Z07-B068,115,115,112,8,AVAILABLE,60
DC-03,SKU-00964,DC-03-Z04-B073,187,187,187,3,AVAILABLE,23
DC-03,SKU-00915,DC-03-Z07-B060,166,168,166,17,AVAILABLE,27
DC-03,SKU-01154,DC-03-Z06-B064,46,45,43,0,AVAILABLE,82
DC-03,SKU-00098,DC-03-Z02-B007,142,144,142,4,AVAILABLE,122
DC-03,SKU-00050,DC-03-Z01-B037,178,178,178,4,AVAILABLE,158
DC-03,SKU-01197,DC-03-Z04-B054,133,133,130,12,QUARANTINE,30
DC-03,SKU-00911,DC-03-Z09-B055,202,200,203,6,HOLD,171
DC-03,SKU-00747,DC-03-Z04-B044,24,24,23,20,AVAILABLE,22
DC-03,SKU-01130,DC-03-Z09-B003,133,135,132,18,AVAILABLE,137
DC-03,SKU-01122,DC-03-Z10-B026,39,39,42,13,AVAILABLE,113
DC-03,SKU-00360,DC-03-Z02-B047,151,151,154,14,AVAILABLE,128
DC-03,SKU-00257,DC-03-Z03-B001,70,70,73,20,AVAILABLE,164
DC-03,SKU-00955,DC-03-Z02-B025,39,41,38,2,AVAILABLE,60
DC-03,SKU-01005,DC-03-Z01-B014,5,5,6,5,AVAILABLE,100
DC-03,SKU-00455,DC-03-Z07-B024,95,95,94,7,AVAILABLE,130
DC-03,SKU-00558,DC-03-Z11-B035,98,98,98,17,AVAILABLE,13
DC-03,SKU-00545,DC-03-Z02-B053,92,92,92,1,AVAILABLE,58
DC-03,SKU-00524,DC-03-Z12-B047,109,111,106,0,AVAILABLE,76
DC-03,SKU-00894,DC-03-Z06-B014,70,68,71,3,AVAILABLE,159
DC-03,SKU-00328,DC-03-Z11-B049,105,105,102,5,AVAILABLE,44
DC-03,SKU-00746,DC-03-Z09-B044,164,164,167,6,AVAILABLE,61
DC-03,SKU-00083,DC-03-Z02-B024,191,193,190,2,AVAILABLE,20
DC-03,SKU-00936,DC-03-Z03-B001,171,169,171,4,AVAILABLE,47
DC-03,SKU-00550,DC-03-Z05-B065,123,123,122,11,AVAILABLE,142
DC-03,SKU-00657,DC-03-Z02-B036,217,217,214,14,AVAILABLE,1
DC-03,SKU-00716,DC-03-Z12-B072,40,40,37,4,AVAILABLE,88
DC-03,SKU-00067,DC-03-Z05-B037,141,141,144,7,AVAILABLE,101
DC-03,SKU-00995,DC-03-Z06-B075,41,39,42,1,AVAILABLE,108
DC-03,SKU-00465,DC-03-Z07-B051,159,160,156,0,AVAILABLE,76
DC-03,SKU-00317,DC-03-Z11-B065,164,164,161,11,QUARANTINE,86
DC-03,SKU-00356,DC-03-Z07-B013,90,92,87,16,AVAILABLE,126
DC-03,SKU-00843,DC-03-Z07-B001,95,93,95,8,AVAILABLE,36
DC-03,SKU-00324,DC-03-Z07-B056,103,104,100,14,AVAILABLE,32
DC-03,SKU-00785,DC-03-Z02-B005,3,4,6,3,HOLD,161
DC-03,SKU-00264,DC-03-Z05-B024,112,111,113,11,AVAILABLE,38
DC-03,SKU-01014,DC-03-Z09-B017,112,110,111,3,AVAILABLE,145
DC-03,SKU-00606,DC-03-Z09-B036,18,18,21,7,AVAILABLE,59
DC-03,SKU-00468,DC-03-Z06-B041,82,82,82,7,AVAILABLE,154
DC-03,SKU-00225,DC-03-Z05-B064,156,157,153,12,AVAILABLE,22
DC-03,SKU-00954,DC-03-Z04-B077,196,196,199,14,QUARANTINE,161
DC-03,SKU-00456,DC-03-Z01-B015,11,12,11,5,AVAILABLE,65
DC-03,SKU-00963,DC-03-Z02-B065,160,162,159,3,AVAILABLE,169
DC-03,SKU-00080,DC-03-Z08-B063,56,56,55,2,AVAILABLE,113
DC-03,SKU-00231,DC-03-Z05-B004,152,150,155,18,AVAILABLE,112
DC-03,SKU-00755,DC-03-Z07-B028,144,146,144,17,AVAILABLE,42
DC-03,SKU-00493,DC-03-Z02-B065,95,93,92,11,AVAILABLE,25
DC-03,SKU-00087,DC-03-Z04-B033,45,45,44,7,HOLD,131
DC-03,SKU-01172,DC-03-Z06-B051,56,56,53,8,AVAILABLE,69
DC-03,SKU-00766,DC-03-Z10-B033,144,146,141,1,AVAILABLE,132
DC-03,SKU-00406,DC-03-Z10-B068,92,92,91,15,AVAILABLE,29
DC-03,SKU-00158,DC-03-Z02-B071,187,189,188,12,AVAILABLE,124
DC-03,SKU-00957,DC-03-Z04-B022,71,71,71,14,AVAILABLE,50
DC-03,SKU-00393,DC-03-Z07-B069,188,190,187,10,AVAILABLE,38
DC-03,SKU-00332,DC-03-Z03-B030,211,211,214,19,QUARANTINE,40
DC-03,SKU-00394,DC-03-Z04-B002,137,137,134,1,AVAILABLE,16
DC-03,SKU-00496,DC-03-Z05-B017,152,152,152,15,AVAILABLE,119
DC-03,SKU-00612,DC-03-Z11-B026,180,180,179,12,HOLD,127
DC-03,SKU-00928,DC-03-Z07-B058,207,208,207,15,AVAILABLE,90
DC-03,SKU-00434,DC-03-Z01-B002,50,52,50,10,AVAILABLE,9
DC-03,SKU-00469,DC-03-Z05-B057,12,13,12,4,AVAILABLE,53
DC-03,SKU-00608,DC-03-Z09-B030,92,92,89,13,AVAILABLE,166
DC-03,SKU-00404,DC-03-Z07-B076,95,95,96,16,AVAILABLE,161
DC-03,SKU-00497,DC-03-Z10-B004,201,201,201,20,AVAILABLE,93
DC-03,SKU-00511,DC-03-Z01-B018,179,179,176,0,AVAILABLE,65
DC-03,SKU-00723,DC-03-Z02-B015,99,97,99,2,AVAILABLE,172
DC-03,SKU-00397,DC-03-Z07-B060,74,74,74,17,AVAILABLE,127
DC-03,SKU-01102,DC-03-Z09-B062,19,17,19,18,AVAILABLE,54
DC-03,SKU-00632,DC-03-Z02-B022,177,177,177,14,AVAILABLE,48
DC-03,SKU-00643,DC-03-Z07-B031,164,165,167,20,AVAILABLE,18
DC-03,SKU-00757,DC-03-Z07-B018,173,172,172,11,AVAILABLE,34
DC-03,SKU-01160,DC-03-Z10-B061,153,155,152,18,AVAILABLE,14
DC-03,SKU-00867,DC-03-Z01-B031,82,80,81,6,AVAILABLE,152
DC-03,SKU-00792,DC-03-Z07-B050,138,136,138,8,AVAILABLE,24
DC-03,SKU-01126,DC-03-Z05-B065,49,49,52,16,AVAILABLE,29
DC-03,SKU-00732,DC-03-Z05-B017,87,87,88,12,AVAILABLE,59
DC-03,SKU-00452,DC-03-Z10-B003,199,199,198,3,AVAILABLE,139
DC-03,SKU-01060,DC-03-Z05-B008,19,19,19,0,AVAILABLE,107
DC-03,SKU-00379,DC-03-Z01-B002,135,136,138,12,AVAILABLE,8
DC-03,SKU-00473,DC-03-Z10-B080,115,115,112,9,HOLD,9
DC-03,SKU-00154,DC-03-Z02-B033,193,193,196,6,AVAILABLE,88
DC-03,SKU-00272,DC-03-Z08-B045,220,219,221,9,AVAILABLE,148
DC-03,SKU-00238,DC-03-Z03-B003,34,34,34,20,HOLD,126
DC-03,SKU-00141,DC-03-Z02-B058,180,181,183,1,AVAILABLE,31
DC-03,SKU-00369,DC-03-Z01-B048,171,170,171,10,AVAILABLE,124
DC-03,SKU-00876,DC-03-Z11-B008,126,124,125,12,AVAILABLE,79
DC-03,SKU-01162,DC-03-Z05-B054,56,56,53,16,AVAILABLE,148
DC-03,SKU-00625,DC-03-Z08-B049,98,100,101,20,AVAILABLE,64
DC-03,SKU-00132,DC-03-Z01-B012,10,10,7,10,AVAILABLE,173
DC-03,SKU-00179,DC-03-Z08-B017,85,83,86,15,AVAILABLE,101
DC-03,SKU-01056,DC-03-Z11-B020,8,8,7,4,AVAILABLE,157
DC-03,SKU-00097,DC-03-Z05-B070,100,99,103,19,AVAILABLE,70
DC-03,SKU-00180,DC-03-Z02-B053,49,49,52,12,QUARANTINE,169
DC-03,SKU-00151,DC-03-Z06-B061,37,38,40,11,AVAILABLE,145
DC-03,SKU-00979,DC-03-Z04-B027,144,143,144,11,AVAILABLE,105
DC-03,SKU-00375,DC-03-Z12-B014,37,38,34,13,HOLD,116
DC-03,SKU-00173,DC-03-Z09-B017,150,149,151,11,QUARANTINE,33
DC-03,SKU-00063,DC-03-Z08-B003,102,102,101,2,QUARANTINE,131
DC-03,SKU-00650,DC-03-Z04-B007,48,48,48,4,AVAILABLE,97
DC-03,SKU-00922,DC-03-Z02-B031,15,17,18,13,AVAILABLE,118
DC-03,SKU-00768,DC-03-Z05-B062,216,217,219,3,HOLD,121
DC-03,SKU-01189,DC-03-Z09-B078,174,174,171,16,AVAILABLE,74
DC-03,SKU-00677,DC-03-Z01-B045,22,22,23,8,AVAILABLE,157
DC-03,SKU-00025,DC-03-Z07-B043,147,147,147,6,AVAILABLE,162
DC-03,SKU-00093,DC-03-Z07-B052,49,49,48,5,AVAILABLE,89
DC-03,SKU-01134,DC-03-Z01-B068,89,87,86,6,AVAILABLE,155
DC-03,SKU-00223,DC-03-Z04-B039,22,24,23,9,AVAILABLE,166
DC-03,SKU-00216,DC-03-Z06-B064,177,177,176,14,AVAILABLE,36
DC-03,SKU-00470,DC-03-Z02-B060,21,20,18,3,AVAILABLE,82
DC-03,SKU-00895,DC-03-Z06-B029,6,4,6,4,AVAILABLE,23
DC-03,SKU-01143,DC-03-Z08-B041,191,190,188,20,AVAILABLE,32
DC-03,SKU-00555,DC-03-Z12-B067,157,157,157,18,QUARANTINE,180
DC-03,SKU-01045,DC-03-Z06-B016,104,104,107,18,AVAILABLE,142
DC-03,SKU-00076,DC-03-Z03-B014,63,63,66,9,AVAILABLE,81
DC-03,SKU-00402,DC-03-Z08-B064,183,183,183,0,AVAILABLE,90
DC-03,SKU-00653,DC-03-Z10-B025,72,73,72,6,HOLD,146
DC-03,SKU-00006,DC-03-Z06-B049,162,160,159,7,AVAILABLE,56
DC-03,SKU-00125,DC-03-Z10-B009,117,116,114,17,AVAILABLE,64
DC-03,SKU-00968,DC-03-Z10-B059,145,145,145,14,AVAILABLE,26
DC-03,SKU-00296,DC-03-Z08-B036,46,46,46,10,AVAILABLE,100
DC-03,SKU-00174,DC-03-Z10-B062,179,178,179,15,AVAILABLE,134
DC-03,SKU-01107,DC-03-Z08-B036,64,64,61,18,AVAILABLE,106
DC-03,SKU-00053,DC-03-Z08-B006,44,42,44,18,AVAILABLE,151
DC-03,SKU-00160,DC-03-Z10-B010,219,220,219,3,AVAILABLE,67
DC-03,SKU-00831,DC-03-Z12-B015,9,11,12,4,AVAILABLE,136
DC-03,SKU-00275,DC-03-Z08-B078,75,75,78,9,AVAILABLE,162
DC-03,SKU-01184,DC-03-Z06-B051,87,87,90,13,HOLD,97
DC-03,SKU-00721,DC-03-Z07-B072,12,12,12,9,HOLD,161
DC-03,SKU-00165,DC-03-Z12-B038,146,148,143,2,AVAILABLE,150
DC-03,SKU-00200,DC-03-Z12-B016,61,63,60,3,AVAILABLE,72
DC-03,SKU-00152,DC-03-Z12-B014,167,165,168,10,AVAILABLE,111
DC-03,SKU-01163,DC-03-Z02-B077,67,68,64,10,AVAILABLE,43
DC-03,SKU-00431,DC-03-Z10-B041,211,211,211,12,AVAILABLE,132
DC-03,SKU-00113,DC-03-Z07-B077,57,57,57,20,AVAILABLE,175
DC-03,SKU-00256,DC-03-Z09-B008,191,189,190,11,QUARANTINE,157
DC-03,SKU-00722,DC-03-Z04-B044,90,90,93,3,AVAILABLE,178
DC-03,SKU-00703,DC-03-Z01-B010,211,212,214,13,AVAILABLE,109
DC-03,SKU-00274,DC-03-Z08-B041,95,96,98,2,AVAILABLE,89
DC-03,SKU-01113,DC-03-Z02-B059,194,195,193,11,AVAILABLE,136
DC-03,SKU-00102,DC-03-Z11-B039,169,170,168,4,AVAILABLE,166
DC-03,SKU-00343,DC-03-Z11-B022,108,107,111,13,AVAILABLE,54
DC-03,SKU-00038,DC-03-Z07-B028,69,69,69,14,AVAILABLE,30
DC-03,SKU-01074,DC-03-Z09-B073,69,67,69,7,AVAILABLE,146
DC-03,SKU-00226,DC-03-Z05-B066,179,179,179,9,AVAILABLE,59
DC-03,SKU-01019,DC-03-Z06-B076,133,132,132,0,AVAILABLE,108
DC-03,SKU-00276,DC-03-Z06-B035,22,21,21,9,QUARANTINE,76
DC-03,SKU-00808,DC-03-Z09-B054,146,146,149,16,AVAILABLE,123
DC-03,SKU-00485,DC-03-Z08-B015,124,126,125,1,HOLD,103
DC-03,SKU-00367,DC-03-Z08-B037,129,129,129,12,AVAILABLE,147
DC-03,SKU-00438,DC-03-Z10-B033,153,153,150,20,AVAILABLE,30
DC-03,SKU-00975,DC-03-Z12-B079,88,88,88,18,AVAILABLE,121
DC-03,SKU-00049,DC-03-Z10-B071,92,92,93,5,AVAILABLE,155
DC-03,SKU-00967,DC-03-Z09-B046,202,202,199,7,AVAILABLE,56
DC-03,SKU-00224,DC-03-Z09-B040,202,202,202,12,AVAILABLE,43
DC-03,SKU-00092,DC-03-Z01-B058,109,109,109,6,AVAILABLE,5
DC-03,SKU-00543,DC-03-Z10-B047,218,220,218,13,AVAILABLE,92
DC-03,SKU-00689,DC-03-Z09-B031,181,181,180,15,AVAILABLE,43
DC-03,SKU-01033,DC-03-Z05-B067,185,187,188,15,AVAILABLE,123
DC-03,SKU-00998,DC-03-Z06-B052,193,193,196,14,AVAILABLE,162
DC-03,SKU-00896,DC-03-Z05-B078,103,103,106,10,AVAILABLE,126
DC-03,SKU-01071,DC-03-Z01-B047,206,206,207,2,QUARANTINE,127
DC-03,SKU-01084,DC-03-Z03-B069,49,47,49,19,AVAILABLE,62
DC-03,SKU-01094,DC-03-Z06-B002,211,211,211,19,AVAILABLE,156
DC-03,SKU-00250,DC-03-Z12-B022,55,55,52,14,AVAILABLE,74
DC-03,SKU-00373,DC-03-Z06-B006,171,173,171,7,AVAILABLE,36
DC-03,SKU-00823,DC-03-Z09-B038,186,186,186,6,AVAILABLE,37
DC-03,SKU-01051,DC-03-Z12-B038,187,187,187,12,AVAILABLE,133
DC-03,SKU-00740,DC-03-Z11-B004,0,0,0,0,AVAILABLE,11
DC-03,SKU-00603,DC-03-Z03-B010,167,167,170,1,AVAILABLE,38
DC-03,SKU-00495,DC-03-Z07-B044,71,71,71,2,AVAILABLE,12
DC-03,SKU-00463,DC-03-Z06-B010,133,133,136,7,AVAILABLE,98
DC-03,SKU-00559,DC-03-Z12-B054,119,119,119,0,AVAILABLE,4
DC-03,SKU-00500,DC-03-Z10-B052,76,76,79,0,AVAILABLE,60
DC-03,SKU-01013,DC-03-Z09-B060,169,169,170,8,HOLD,70
DC-03,SKU-00506,DC-03-Z03-B065,152,150,152,4,HOLD,12
DC-03,SKU-00828,DC-03-Z04-B007,142,143,142,4,AVAILABLE,132
DC-03,SKU-00005,DC-03-Z08-B031,158,158,158,11,AVAILABLE,144
DC-03,SKU-00035,DC-03-Z12-B053,32,34,32,0,AVAILABLE,121
DC-03,SKU-00311,DC-03-Z01-B011,177,177,174,6,AVAILABLE,8
DC-03,SKU-01025,DC-03-Z09-B026,47,45,47,17,AVAILABLE,162
DC-03,SKU-00636,DC-03-Z12-B039,76,76,73,2,AVAILABLE,114
DC-03,SKU-01111,DC-03-Z11-B060,142,142,142,3,AVAILABLE,6
DC-03,SKU-00312,DC-03-Z01-B020,104,102,104,8,AVAILABLE,35
DC-03,SKU-00898,DC-03-Z04-B054,137,137,136,17,AVAILABLE,75
DC-03,SKU-01123,DC-03-Z08-B029,1,0,2,0,AVAILABLE,98
DC-03,SKU-00788,DC-03-Z02-B076,91,93,91,13,AVAILABLE,158
DC-03,SKU-00900,DC-03-Z01-B014,205,207,205,11,AVAILABLE,157
DC-03,SKU-00805,DC-03-Z05-B074,89,89,92,1,HOLD,141
DC-03,SKU-00817,DC-03-Z06-B005,111,111,114,18,AVAILABLE,122
DC-03,SKU-00756,DC-03-Z08-B026,189,189,192,20,AVAILABLE,129
DC-03,SKU-00862,DC-03-Z01-B080,160,159,157,14,AVAILABLE,160
DC-03,SKU-00656,DC-03-Z05-B070,94,94,94,17,AVAILABLE,84
DC-03,SKU-00351,DC-03-Z11-B077,100,100,103,1,AVAILABLE,69
DC-03,SKU-00708,DC-03-Z10-B020,7,6,10,4,AVAILABLE,5
DC-03,SKU-00013,DC-03-Z02-B005,5,5,4,1,AVAILABLE,18
DC-03,SKU-00926,DC-03-Z07-B014,167,166,167,5,AVAILABLE,13
DC-03,SKU-01043,DC-03-Z07-B073,62,62,62,1,AVAILABLE,151
DC-03,SKU-00720,DC-03-Z10-B033,180,180,181,16,AVAILABLE,66
DC-03,SKU-01159,DC-03-Z08-B009,111,110,111,4,AVAILABLE,81
DC-03,SKU-00567,DC-03-Z08-B029,104,104,105,16,AVAILABLE,8
DC-03,SKU-00759,DC-03-Z08-B010,207,208,210,2,AVAILABLE,77
DC-03,SKU-01093,DC-03-Z08-B011,205,205,202,15,QUARANTINE,108
DC-03,SKU-00181,DC-03-Z06-B035,192,194,191,5,AVAILABLE,178
DC-03,SKU-01066,DC-03-Z02-B025,176,175,176,15,AVAILABLE,133
DC-03,SKU-00422,DC-03-Z11-B045,193,195,196,13,AVAILABLE,18
DC-03,SKU-00079,DC-03-Z05-B024,94,94,93,14,AVAILABLE,65
DC-03,SKU-00513,DC-03-Z04-B041,183,183,180,18,AVAILABLE,124
DC-03,SKU-01009,DC-03-Z06-B011,76,74,77,20,AVAILABLE,132
DC-03,SKU-00984,DC-03-Z12-B067,112,112,112,12,HOLD,22
DC-03,SKU-00346,DC-03-Z06-B055,169,169,170,11,AVAILABLE,46
DC-03,SKU-00655,DC-03-Z07-B033,96,96,96,5,AVAILABLE,39
DC-03,SKU-00575,DC-03-Z04-B007,166,164,166,17,HOLD,175
DC-03,SKU-00549,DC-03-Z11-B037,116,115,119,7,HOLD,56
DC-03,SKU-00034,DC-03-Z05-B030,136,137,139,3,AVAILABLE,91
DC-03,SKU-00464,DC-03-Z02-B044,220,221,219,3,HOLD,48
DC-03,SKU-00175,DC-03-Z03-B020,12,14,12,7,AVAILABLE,12
DC-03,SKU-00682,DC-03-Z07-B003,93,95,93,13,AVAILABLE,33
DC-03,SKU-00011,DC-03-Z06-B058,174,174,175,10,AVAILABLE,1
DC-03,SKU-00401,DC-03-Z07-B049,168,168,171,2,AVAILABLE,134
DC-03,SKU-01152,DC-03-Z08-B064,163,162,163,16,AVAILABLE,8
DC-03,SKU-00117,DC-03-Z07-B014,94,93,94,13,HOLD,54
DC-03,SKU-00930,DC-03-Z11-B035,161,161,161,12,AVAILABLE,86
DC-03,SKU-01128,DC-03-Z07-B072,92,93,95,9,AVAILABLE,110
DC-03,SKU-00481,DC-03-Z07-B053,189,189,188,9,AVAILABLE,173
DC-03,SKU-00107,DC-03-Z05-B035,107,107,106,2,AVAILABLE,88
DC-03,SKU-00865,DC-03-Z08-B003,12,12,13,6,AVAILABLE,115
DC-03,SKU-00269,DC-03-Z05-B067,126,126,126,7,AVAILABLE,51
DC-03,SKU-00261,DC-03-Z04-B030,203,202,206,13,AVAILABLE,84
DC-03,SKU-00338,DC-03-Z01-B018,16,16,17,16,HOLD,164
DC-03,SKU-00695,DC-03-Z06-B039,220,218,217,9,AVAILABLE,35
DC-03,SKU-01081,DC-03-Z07-B015,70,70,71,16,AVAILABLE,66
DC-03,SKU-00461,DC-03-Z03-B016,125,125,122,7,AVAILABLE,116
DC-03,SKU-00099,DC-03-Z03-B001,87,85,87,18,AVAILABLE,119
DC-03,SKU-00450,DC-03-Z02-B001,167,167,164,8,AVAILABLE,100
DC-03,SKU-00770,DC-03-Z02-B005,55,55,55,13,AVAILABLE,128
DC-03,SKU-00976,DC-03-Z02-B002,138,138,138,16,AVAILABLE,66
DC-03,SKU-00202,DC-03-Z02-B079,109,111,109,0,AVAILABLE,94
DC-03,SKU-00830,DC-03-Z02-B048,95,95,95,4,AVAILABLE,56
DC-03,SKU-01080,DC-03-Z01-B046,165,165,168,12,AVAILABLE,46
DC-03,SKU-00300,DC-03-Z04-B057,43,45,42,8,QUARANTINE,62
DC-03,SKU-00454,DC-03-Z05-B072,194,196,195,11,AVAILABLE,52
DC-03,SKU-00283,DC-03-Z10-B025,164,163,164,16,AVAILABLE,138
DC-03,SKU-01139,DC-03-Z07-B033,106,106,103,2,AVAILABLE,78
DC-03,SKU-00163,DC-03-Z07-B032,187,187,184,5,AVAILABLE,7
DC-03,SKU-00684,DC-03-Z06-B051,87,87,87,12,HOLD,159
DC-03,SKU-01192,DC-03-Z06-B064,63,63,66,11,QUARANTINE,34
DC-03,SKU-00395,DC-03-Z12-B016,5,5,8,4,AVAILABLE,147
DC-03,SKU-00457,DC-03-Z08-B005,35,35,35,14,QUARANTINE,131
DC-03,SKU-00878,DC-03-Z12-B042,206,208,206,4,HOLD,22
DC-03,SKU-00719,DC-03-Z12-B066,31,33,31,4,AVAILABLE,81
DC-03,SKU-00851,DC-03-Z08-B076,67,67,67,17,AVAILABLE,158
DC-03,SKU-01011,DC-03-Z08-B043,202,202,199,7,AVAILABLE,65
DC-03,SKU-00185,DC-03-Z09-B034,14,16,17,9,AVAILABLE,32
DC-03,SKU-00302,DC-03-Z02-B068,187,188,186,0,AVAILABLE,19
DC-03,SKU-00871,DC-03-Z03-B039,96,97,96,4,AVAILABLE,76
DC-03,SKU-00313,DC-03-Z10-B008,168,169,169,2,AVAILABLE,31
DC-03,SKU-00112,DC-03-Z07-B004,56,54,53,17,AVAILABLE,58
DC-03,SKU-00996,DC-03-Z11-B049,76,76,75,1,AVAILABLE,45
DC-03,SKU-00248,DC-03-Z11-B049,26,27,27,3,AVAILABLE,47
DC-04,SKU-00065,DC-04-Z11-B033,189,187,190,15,AVAILABLE,127
DC-04,SKU-00930,DC-04-Z12-B037,64,64,64,18,AVAILABLE,162
DC-04,SKU-00485,DC-04-Z06-B027,87,86,86,6,AVAILABLE,178
DC-04,SKU-00673,DC-04-Z01-B021,23,23,22,14,AVAILABLE,116
DC-04,SKU-00640,DC-04-Z09-B006,46,47,46,19,AVAILABLE,112
DC-04,SKU-00275,DC-04-Z07-B003,204,204,207,12,AVAILABLE,136
DC-04,SKU-00083,DC-04-Z07-B033,212,212,212,15,AVAILABLE,63
DC-04,SKU-00949,DC-04-Z06-B038,99,101,100,7,AVAILABLE,150
DC-04,SKU-01092,DC-04-Z08-B061,135,134,135,15,AVAILABLE,160
DC-04,SKU-00269,DC-04-Z05-B023,97,97,97,16,AVAILABLE,72
DC-04,SKU-00796,DC-04-Z08-B066,29,29,29,0,AVAILABLE,37
DC-04,SKU-00633,DC-04-Z03-B012,171,173,171,6,HOLD,49
DC-04,SKU-00316,DC-04-Z03-B061,92,92,92,2,AVAILABLE,151
DC-04,SKU-00366,DC-04-Z07-B070,129,127,132,16,AVAILABLE,112
DC-04,SKU-01117,DC-04-Z10-B025,101,101,101,16,AVAILABLE,32
DC-04,SKU-00675,DC-04-Z06-B056,30,32,30,18,AVAILABLE,174
DC-04,SKU-00682,DC-04-Z04-B003,98,98,98,6,QUARANTINE,170
DC-04,SKU-00940,DC-04-Z06-B038,135,133,138,16,AVAILABLE,123
DC-04,SKU-00277,DC-04-Z01-B047,217,218,214,12,HOLD,30
DC-04,SKU-00373,DC-04-Z06-B056,87,87,90,7,QUARANTINE,48
DC-04,SKU-00368,DC-04-Z08-B023,127,127,127,0,AVAILABLE,26
DC-04,SKU-00806,DC-04-Z04-B010,91,93,94,20,HOLD,44
DC-04,SKU-01026,DC-04-Z12-B038,91,89,91,2,AVAILABLE,142
DC-04,SKU-00723,DC-04-Z04-B013,102,102,103,9,AVAILABLE,19
DC-04,SKU-00956,DC-04-Z12-B009,131,131,132,14,AVAILABLE,178
DC-04,SKU-00872,DC-04-Z06-B023,215,215,214,3,AVAILABLE,128
DC-04,SKU-00589,DC-04-Z09-B037,103,103,103,4,AVAILABLE,63
DC-04,SKU-00722,DC-04-Z02-B007,75,75,78,8,AVAILABLE,124
DC-04,SKU-00191,DC-04-Z08-B042,38,37,37,8,AVAILABLE,17
DC-04,SKU-00245,DC-04-Z08-B020,161,161,161,15,AVAILABLE,95
DC-04,SKU-00306,DC-04-Z12-B048,156,156,156,0,AVAILABLE,125
DC-04,SKU-01038,DC-04-Z03-B072,95,97,94,3,AVAILABLE,65
DC-04,SKU-00742,DC-04-Z07-B068,116,116,116,13,AVAILABLE,66
DC-04,SKU-00038,DC-04-Z11-B070,178,178,177,6,AVAILABLE,82
DC-04,SKU-00228,DC-04-Z02-B019,174,176,175,11,AVAILABLE,92
DC-04,SKU-00274,DC-04-Z02-B028,204,204,204,2,AVAILABLE,163
DC-04,SKU-00832,DC-04-Z08-B016,43,43,43,4,QUARANTINE,52
DC-04,SKU-00394,DC-04-Z11-B047,50,50,50,5,AVAILABLE,176
DC-04,SKU-00342,DC-04-Z01-B032,41,40,40,19,AVAILABLE,54
DC-04,SKU-00855,DC-04-Z10-B080,128,128,128,10,AVAILABLE,163
DC-04,SKU-00993,DC-04-Z04-B031,88,87,85,12,AVAILABLE,84
DC-04,SKU-00300,DC-04-Z06-B016,21,23,21,9,AVAILABLE,81
DC-04,SKU-00702,DC-04-Z02-B066,142,144,142,4,AVAILABLE,85
DC-04,SKU-00911,DC-04-Z09-B006,99,100,99,6,AVAILABLE,154
DC-04,SKU-00836,DC-04-Z03-B019,133,133,133,18,AVAILABLE,30
DC-04,SKU-00027,DC-04-Z06-B050,1,1,0,0,AVAILABLE,122
DC-04,SKU-00918,DC-04-Z04-B061,184,184,184,11,AVAILABLE,52
DC-04,SKU-00704,DC-04-Z09-B004,123,123,124,2,AVAILABLE,80
DC-04,SKU-00988,DC-04-Z08-B070,184,183,184,15,AVAILABLE,125
DC-04,SKU-00643,DC-04-Z01-B031,101,101,101,14,AVAILABLE,30
DC-04,SKU-00291,DC-04-Z10-B056,203,203,203,11,AVAILABLE,2
DC-04,SKU-00996,DC-04-Z08-B010,100,100,103,16,AVAILABLE,95
DC-04,SKU-00482,DC-04-Z05-B050,40,40,40,1,AVAILABLE,112
DC-04,SKU-00338,DC-04-Z01-B078,215,214,215,15,AVAILABLE,92
DC-04,SKU-00462,DC-04-Z08-B015,172,172,169,3,AVAILABLE,134
DC-04,SKU-00816,DC-04-Z07-B014,114,114,114,4,AVAILABLE,106
DC-04,SKU-00588,DC-04-Z03-B066,184,184,185,4,AVAILABLE,16
DC-04,SKU-01178,DC-04-Z10-B017,10,10,11,5,AVAILABLE,33
DC-04,SKU-00579,DC-04-Z02-B079,79,81,79,14,AVAILABLE,85
DC-04,SKU-00515,DC-04-Z03-B022,116,117,119,7,QUARANTINE,67
DC-04,SKU-00812,DC-04-Z10-B018,204,205,203,16,AVAILABLE,158
DC-04,SKU-00581,DC-04-Z11-B080,200,200,200,19,AVAILABLE,45
DC-04,SKU-00256,DC-04-Z06-B003,89,89,89,13,AVAILABLE,37
DC-04,SKU-00566,DC-04-Z07-B050,212,211,212,6,AVAILABLE,110
DC-04,SKU-00330,DC-04-Z12-B069,194,194,194,1,AVAILABLE,81
DC-04,SKU-00567,DC-04-Z12-B055,59,58,56,8,AVAILABLE,144
DC-04,SKU-00874,DC-04-Z06-B011,2,3,2,0,AVAILABLE,87
DC-04,SKU-00892,DC-04-Z07-B074,206,206,205,8,AVAILABLE,2
DC-04,SKU-00030,DC-04-Z01-B020,98,97,101,0,AVAILABLE,176
DC-04,SKU-00079,DC-04-Z09-B070,7,7,7,0,AVAILABLE,44
DC-04,SKU-00934,DC-04-Z08-B023,81,81,80,10,QUARANTINE,156
DC-04,SKU-00784,DC-04-Z01-B047,3,3,6,2,AVAILABLE,129
DC-04,SKU-01094,DC-04-Z10-B065,178,176,178,10,AVAILABLE,132
DC-04,SKU-00279,DC-04-Z04-B027,45,43,46,5,AVAILABLE,12
DC-04,SKU-00987,DC-04-Z06-B010,6,6,5,1,AVAILABLE,13
DC-04,SKU-00113,DC-04-Z11-B007,184,182,185,4,HOLD,29
DC-04,SKU-00375,DC-04-Z03-B059,27,27,24,10,AVAILABLE,164
DC-04,SKU-00285,DC-04-Z11-B060,72,71,71,6,AVAILABLE,80
DC-04,SKU-00267,DC-04-Z06-B026,110,110,113,4,AVAILABLE,100
DC-04,SKU-00095,DC-04-Z08-B006,12,14,13,10,HOLD,171
DC-04,SKU-01111,DC-04-Z04-B070,172,170,172,1,QUARANTINE,139
DC-04,SKU-00229,DC-04-Z08-B001,153,153,156,4,AVAILABLE,136
DC-04,SKU-00142,DC-04-Z05-B046,109,109,112,11,AVAILABLE,90
DC-04,SKU-01106,DC-04-Z10-B009,185,184,182,4,AVAILABLE,111
DC-04,SKU-00825,DC-04-Z08-B068,53,53,50,17,AVAILABLE,125
DC-04,SKU-00098,DC-04-Z08-B046,97,97,97,2,AVAILABLE,86
DC-04,SKU-00968,DC-04-Z04-B074,174,176,174,8,AVAILABLE,168
DC-04,SKU-00604,DC-04-Z11-B043,153,153,154,3,AVAILABLE,73
DC-04,SKU-01043,DC-04-Z07-B080,193,194,192,6,AVAILABLE,167
DC-04,SKU-01041,DC-04-Z10-B041,33,33,32,20,AVAILABLE,76
DC-04,SKU-00204,DC-04-Z12-B073,85,85,86,1,AVAILABLE,29
DC-04,SKU-00018,DC-04-Z09-B003,218,218,219,5,AVAILABLE,130
DC-04,SKU-00067,DC-04-Z01-B039,38,38,35,9,AVAILABLE,110
DC-04,SKU-00527,DC-04-Z02-B072,123,123,123,7,AVAILABLE,169
DC-04,SKU-01082,DC-04-Z12-B048,95,94,95,4,AVAILABLE,3
DC-04,SKU-00402,DC-04-Z06-B042,7,9,8,2,HOLD,17
DC-04,SKU-00186,DC-04-Z03-B038,85,85,85,6,AVAILABLE,154
DC-04,SKU-00479,DC-04-Z08-B073,16,18,17,9,AVAILABLE,168
DC-04,SKU-01182,DC-04-Z04-B059,100,100,97,0,AVAILABLE,152
DC-04,SKU-00081,DC-04-Z02-B049,182,182,179,16,AVAILABLE,178
DC-04,SKU-00050,DC-04-Z03-B069,157,158,157,14,AVAILABLE,93
DC-04,SKU-00884,DC-04-Z12-B073,136,136,136,10,AVAILABLE,37
DC-04,SKU-00999,DC-04-Z06-B041,40,39,37,20,AVAILABLE,147
DC-04,SKU-00632,DC-04-Z05-B052,136,138,137,16,AVAILABLE,33
DC-04,SKU-00522,DC-04-Z07-B051,154,154,155,8,AVAILABLE,24
DC-04,SKU-00387,DC-04-Z04-B062,100,98,99,18,QUARANTINE,28
DC-04,SKU-00046,DC-04-Z11-B028,184,184,187,13,AVAILABLE,103
DC-04,SKU-00447,DC-04-Z04-B024,16,18,13,4,AVAILABLE,110
DC-04,SKU-00694,DC-04-Z01-B033,157,158,160,16,AVAILABLE,168
DC-04,SKU-00712,DC-04-Z05-B080,0,0,0,0,AVAILABLE,30
DC-04,SKU-00345,DC-04-Z08-B050,163,164,163,4,HOLD,82
DC-04,SKU-00126,DC-04-Z05-B077,175,173,175,7,AVAILABLE,49
DC-04,SKU-00870,DC-04-Z08-B052,80,80,77,9,HOLD,89
DC-04,SKU-00060,DC-04-Z08-B033,74,74,74,12,HOLD,3
DC-04,SKU-00878,DC-04-Z10-B015,5,5,6,1,AVAILABLE,22
DC-04,SKU-01134,DC-04-Z02-B049,167,167,167,2,AVAILABLE,75
DC-04,SKU-01046,DC-04-Z02-B076,37,37,34,10,HOLD,59
DC-04,SKU-01079,DC-04-Z08-B059,105,105,105,18,AVAILABLE,94
DC-04,SKU-00833,DC-04-Z09-B060,10,10,7,4,AVAILABLE,60
DC-04,SKU-00106,DC-04-Z01-B059,159,160,162,20,AVAILABLE,170
DC-04,SKU-00944,DC-04-Z02-B001,214,214,214,3,AVAILABLE,80
DC-04,SKU-00770,DC-04-Z05-B062,87,85,86,1,AVAILABLE,78
DC-04,SKU-00492,DC-04-Z06-B001,181,179,178,15,HOLD,85
DC-04,SKU-00733,DC-04-Z10-B023,118,116,118,10,AVAILABLE,149
DC-04,SKU-00125,DC-04-Z02-B068,197,197,200,7,AVAILABLE,92
DC-04,SKU-00938,DC-04-Z04-B043,202,202,205,15,QUARANTINE,147
DC-04,SKU-00818,DC-04-Z03-B056,79,80,76,3,AVAILABLE,109
DC-04,SKU-00240,DC-04-Z01-B070,73,73,70,1,AVAILABLE,81
DC-04,SKU-00308,DC-04-Z08-B055,179,181,180,14,AVAILABLE,108
DC-04,SKU-00443,DC-04-Z11-B026,148,148,148,19,AVAILABLE,53
DC-04,SKU-00689,DC-04-Z05-B001,42,40,41,4,AVAILABLE,66
DC-04,SKU-00480,DC-04-Z11-B025,9,8,12,9,AVAILABLE,163
DC-04,SKU-00351,DC-04-Z07-B012,220,219,219,14,AVAILABLE,89
DC-04,SKU-00091,DC-04-Z10-B029,83,81,83,11,AVAILABLE,65
DC-04,SKU-01141,DC-04-Z03-B019,32,32,32,15,AVAILABLE,6
DC-04,SKU-00052,DC-04-Z06-B039,28,26,29,7,AVAILABLE,139
DC-04,SKU-00839,DC-04-Z07-B022,214,215,215,18,AVAILABLE,147
DC-04,SKU-00239,DC-04-Z04-B045,155,155,155,4,AVAILABLE,87
DC-04,SKU-00271,DC-04-Z08-B003,33,31,34,6,AVAILABLE,8
DC-04,SKU-00459,DC-04-Z07-B061,37,39,36,3,AVAILABLE,168
DC-04,SKU-00438,DC-04-Z07-B048,194,195,195,6,AVAILABLE,5
DC-04,SKU-01162,DC-04-Z01-B075,214,214,214,15,AVAILABLE,85
DC-04,SKU-00904,DC-04-Z02-B039,131,130,132,8,AVAILABLE,90
DC-04,SKU-00693,DC-04-Z06-B079,142,143,141,5,AVAILABLE,180
DC-04,SKU-00957,DC-04-Z01-B051,156,156,155,7,AVAILABLE,137
DC-04,SKU-01044,DC-04-Z10-B036,194,194,191,3,AVAILABLE,5
DC-04,SKU-00563,DC-04-Z06-B030,143,141,143,18,AVAILABLE,138
DC-04,SKU-00729,DC-04-Z08-B021,54,55,54,8,AVAILABLE,3
DC-04,SKU-00990,DC-04-Z03-B009,10,10,11,5,AVAILABLE,112
DC-04,SKU-00222,DC-04-Z08-B064,17,17,17,6,AVAILABLE,163
DC-04,SKU-00845,DC-04-Z08-B004,160,160,160,14,AVAILABLE,143
DC-04,SKU-00470,DC-04-Z01-B078,189,190,189,0,AVAILABLE,27
DC-04,SKU-00304,DC-04-Z03-B045,208,207,208,3,QUARANTINE,164
DC-04,SKU-00384,DC-04-Z01-B053,10,10,13,0,AVAILABLE,156
DC-04,SKU-00914,DC-04-Z09-B042,65,63,65,14,AVAILABLE,172
DC-04,SKU-00981,DC-04-Z10-B046,61,61,61,2,AVAILABLE,63
DC-04,SKU-00584,DC-04-Z08-B035,215,215,214,5,AVAILABLE,15
DC-04,SKU-00270,DC-04-Z08-B054,187,187,187,0,AVAILABLE,180
DC-04,SKU-00862,DC-04-Z10-B007,49,50,49,18,AVAILABLE,95
DC-04,SKU-00290,DC-04-Z09-B005,135,135,136,2,AVAILABLE,176
DC-04,SKU-00477,DC-04-Z02-B048,145,145,148,7,AVAILABLE,98
DC-04,SKU-00929,DC-04-Z11-B029,92,92,92,0,AVAILABLE,67
DC-04,SKU-01120,DC-04-Z06-B055,183,183,184,8,AVAILABLE,129
DC-04,SKU-00339,DC-04-Z09-B055,160,160,160,10,AVAILABLE,32
DC-04,SKU-00738,DC-04-Z01-B075,22,20,22,7,AVAILABLE,52
DC-04,SKU-00111,DC-04-Z06-B047,209,210,206,5,AVAILABLE,60
DC-04,SKU-01196,DC-04-Z02-B066,214,215,214,17,QUARANTINE,15
DC-04,SKU-01167,DC-04-Z08-B018,173,175,172,11,AVAILABLE,17
DC-04,SKU-00044,DC-04-Z05-B004,119,119,122,7,AVAILABLE,101
DC-04,SKU-00036,DC-04-Z09-B031,100,100,103,7,HOLD,40
DC-04,SKU-00819,DC-04-Z08-B055,73,73,76,4,QUARANTINE,91
DC-04,SKU-00576,DC-04-Z08-B063,100,100,97,11,AVAILABLE,162
DC-04,SKU-00852,DC-04-Z02-B005,109,109,108,13,AVAILABLE,162
DC-04,SKU-00162,DC-04-Z10-B056,182,182,182,12,AVAILABLE,121
DC-04,SKU-00811,DC-04-Z09-B036,208,210,211,16,QUARANTINE,45
DC-04,SKU-01135,DC-04-Z06-B063,71,69,71,16,AVAILABLE,77
DC-04,SKU-00171,DC-04-Z11-B001,112,112,112,16,AVAILABLE,31
DC-04,SKU-01118,DC-04-Z09-B019,10,8,10,4,HOLD,174
DC-04,SKU-00145,DC-04-Z07-B010,75,75,75,13,AVAILABLE,136
DC-04,SKU-00532,DC-04-Z02-B041,59,59,60,3,AVAILABLE,157
DC-04,SKU-00469,DC-04-Z12-B040,157,155,157,19,AVAILABLE,17
DC-04,SKU-00213,DC-04-Z04-B022,115,116,115,2,QUARANTINE,133
DC-04,SKU-00218,DC-04-Z01-B004,88,88,85,3,AVAILABLE,129
DC-04,SKU-00946,DC-04-Z04-B065,80,80,81,20,AVAILABLE,65
DC-04,SKU-01166,DC-04-Z09-B018,149,149,149,1,AVAILABLE,155
DC-04,SKU-00406,DC-04-Z02-B045,144,142,145,11,AVAILABLE,2
DC-04,SKU-01154,DC-04-Z01-B030,74,75,74,7,AVAILABLE,102
DC-04,SKU-00180,DC-04-Z11-B004,69,69,69,1,AVAILABLE,21
DC-04,SKU-00764,DC-04-Z01-B061,61,61,61,13,AVAILABLE,54
DC-04,SKU-00501,DC-04-Z02-B001,212,210,212,2,AVAILABLE,61
DC-04,SKU-00151,DC-04-Z02-B058,89,89,89,19,AVAILABLE,0
DC-04,SKU-00514,DC-04-Z05-B002,15,15,15,14,AVAILABLE,84
DC-04,SKU-00090,DC-04-Z11-B012,140,140,140,2,AVAILABLE,24
DC-04,SKU-00442,DC-04-Z11-B012,171,170,170,0,AVAILABLE,65
DC-04,SKU-00008,DC-04-Z04-B030,154,156,154,0,AVAILABLE,102
DC-04,SKU-00915,DC-04-Z01-B015,43,45,43,17,AVAILABLE,180
DC-04,SKU-01088,DC-04-Z04-B002,187,185,190,5,AVAILABLE,32
DC-04,SKU-00331,DC-04-Z10-B053,161,161,161,2,AVAILABLE,88
DC-04,SKU-01174,DC-04-Z08-B011,220,220,223,3,HOLD,179
DC-04,SKU-00658,DC-04-Z12-B048,46,46,49,10,AVAILABLE,180
DC-04,SKU-00057,DC-04-Z04-B079,183,182,186,15,AVAILABLE,52
DC-04,SKU-00594,DC-04-Z05-B012,6,5,9,2,AVAILABLE,66
DC-04,SKU-00430,DC-04-Z06-B033,129,130,129,9,AVAILABLE,80
DC-04,SKU-00751,DC-04-Z05-B061,65,65,65,7,AVAILABLE,14
DC-04,SKU-00155,DC-04-Z07-B031,173,173,170,13,AVAILABLE,116
DC-04,SKU-00935,DC-04-Z01-B076,62,64,63,1,AVAILABLE,37
DC-04,SKU-00211,DC-04-Z03-B061,49,47,52,15,AVAILABLE,26
DC-04,SKU-00508,DC-04-Z04-B065,201,201,201,20,QUARANTINE,165
DC-04,SKU-00166,DC-04-Z10-B076,91,91,91,19,QUARANTINE,149
DC-04,SKU-00710,DC-04-Z07-B041,121,121,122,9,AVAILABLE,71
DC-04,SKU-00471,DC-04-Z11-B043,62,62,65,8,AVAILABLE,0
DC-04,SKU-01056,DC-04-Z01-B032,11,11,8,4,AVAILABLE,30
DC-04,SKU-01172,DC-04-Z01-B015,84,86,84,7,AVAILABLE,12
DC-04,SKU-00734,DC-04-Z07-B021,129,129,130,14,AVAILABLE,90
DC-04,SKU-01063,DC-04-Z06-B050,128,126,131,17,AVAILABLE,170
DC-04,SKU-00875,DC-04-Z03-B065,113,113,114,19,AVAILABLE,86
DC-04,SKU-01127,DC-04-Z09-B012,135,135,135,0,AVAILABLE,86
DC-04,SKU-00334,DC-04-Z12-B053,124,123,121,12,AVAILABLE,115
DC-04,SKU-00136,DC-04-Z03-B029,122,122,122,7,AVAILABLE,41
DC-04,SKU-00419,DC-04-Z04-B014,172,172,173,10,AVAILABLE,148
DC-04,SKU-00227,DC-04-Z11-B067,112,112,112,10,HOLD,143
DC-04,SKU-00782,DC-04-Z03-B073,94,94,94,4,AVAILABLE,79
DC-04,SKU-01003,DC-04-Z10-B047,58,57,58,11,AVAILABLE,111
DC-04,SKU-00495,DC-04-Z03-B012,67,67,67,9,AVAILABLE,131
DC-04,SKU-00611,DC-04-Z10-B043,36,37,36,16,AVAILABLE,44
DC-04,SKU-00158,DC-04-Z12-B045,209,211,209,1,HOLD,8
DC-04,SKU-00984,DC-04-Z11-B043,3,5,3,2,AVAILABLE,129
DC-04,SKU-00041,DC-04-Z02-B031,27,26,27,2,AVAILABLE,173
DC-04,SKU-00047,DC-04-Z01-B045,123,123,122,16,HOLD,137
DC-04,SKU-01047,DC-04-Z01-B008,42,42,42,13,QUARANTINE,6
DC-04,SKU-00630,DC-04-Z09-B045,92,94,91,2,AVAILABLE,55
DC-04,SKU-01132,DC-04-Z03-B008,81,79,81,2,AVAILABLE,165
DC-04,SKU-00959,DC-04-Z10-B071,210,210,211,10,AVAILABLE,90
DC-04,SKU-00973,DC-04-Z12-B039,155,154,156,11,AVAILABLE,89
DC-04,SKU-01051,DC-04-Z05-B040,100,98,100,2,AVAILABLE,41
DC-04,SKU-00103,DC-04-Z02-B025,43,42,43,0,QUARANTINE,108
DC-04,SKU-00427,DC-04-Z12-B047,177,177,178,1,AVAILABLE,25
DC-04,SKU-00991,DC-04-Z12-B063,39,38,42,14,AVAILABLE,81
DC-04,SKU-00727,DC-04-Z12-B005,60,58,61,19,AVAILABLE,164
DC-04,SKU-00132,DC-04-Z11-B011,177,175,180,2,AVAILABLE,125
DC-04,SKU-00284,DC-04-Z07-B052,66,66,67,4,AVAILABLE,35
DC-04,SKU-00195,DC-04-Z09-B077,140,142,141,9,AVAILABLE,69
DC-04,SKU-00478,DC-04-Z10-B075,108,108,108,3,AVAILABLE,18
DC-04,SKU-01000,DC-04-Z03-B039,177,176,174,4,AVAILABLE,13
DC-04,SKU-01029,DC-04-Z10-B045,190,191,190,18,QUARANTINE,95
DC-04,SKU-00773,DC-04-Z08-B022,86,86,89,5,AVAILABLE,124
DC-04,SKU-00005,DC-04-Z04-B006,191,191,190,13,AVAILABLE,0
DC-04,SKU-01016,DC-04-Z03-B033,87,87,87,6,AVAILABLE,26
DC-04,SKU-00966,DC-04-Z07-B042,152,152,152,19,QUARANTINE,137
DC-04,SKU-00454,DC-04-Z12-B012,205,205,204,5,AVAILABLE,12
DC-04,SKU-00088,DC-04-Z04-B067,206,206,206,15,HOLD,1
DC-04,SKU-00951,DC-04-Z04-B006,130,130,131,5,QUARANTINE,130
DC-04,SKU-00537,DC-04-Z07-B025,72,70,71,9,AVAILABLE,49
DC-04,SKU-00528,DC-04-Z05-B024,59,58,59,18,AVAILABLE,16
DC-04,SKU-00580,DC-04-Z06-B019,201,199,201,3,HOLD,5
DC-04,SKU-00370,DC-04-Z03-B014,102,102,102,0,AVAILABLE,71
DC-04,SKU-00720,DC-04-Z03-B028,163,164,163,1,AVAILABLE,134
DC-04,SKU-00288,DC-04-Z06-B010,219,219,219,16,AVAILABLE,92
DC-04,SKU-01037,DC-04-Z07-B057,211,211,211,7,QUARANTINE,75
DC-04,SKU-00188,DC-04-Z06-B043,124,125,121,0,AVAILABLE,46
DC-04,SKU-00516,DC-04-Z10-B009,48,48,49,19,AVAILABLE,132
DC-04,SKU-00376,DC-04-Z02-B006,148,148,151,7,AVAILABLE,61
DC-04,SKU-01175,DC-04-Z06-B001,164,165,161,17,AVAILABLE,18
DC-04,SKU-00809,DC-04-Z10-B059,14,16,14,4,AVAILABLE,111
DC-04,SKU-00895,DC-04-Z09-B078,75,75,75,12,AVAILABLE,156
DC-04,SKU-00014,DC-04-Z01-B037,96,96,99,14,AVAILABLE,42
DC-04,SKU-00326,DC-04-Z10-B079,90,90,89,8,AVAILABLE,174
DC-04,SKU-00296,DC-04-Z07-B075,201,199,204,19,AVAILABLE,16
DC-04,SKU-01101,DC-04-Z02-B080,91,90,88,4,AVAILABLE,163
DC-04,SKU-00752,DC-04-Z04-B057,16,14,16,16,HOLD,177
DC-04,SKU-00420,DC-04-Z11-B052,12,12,11,2,AVAILABLE,137
DC-04,SKU-00089,DC-04-Z01-B008,115,113,116,6,HOLD,103
DC-04,SKU-00674,DC-04-Z07-B043,70,68,70,20,AVAILABLE,125
DC-04,SKU-00801,DC-04-Z12-B037,211,211,211,1,AVAILABLE,106
DC-04,SKU-00837,DC-04-Z08-B030,65,67,66,13,AVAILABLE,169
DC-04,SKU-00112,DC-04-Z11-B080,185,185,188,5,AVAILABLE,50
DC-04,SKU-00598,DC-04-Z08-B059,12,11,9,11,AVAILABLE,36
DC-04,SKU-01102,DC-04-Z02-B054,73,73,70,3,AVAILABLE,29
DC-04,SKU-00206,DC-04-Z03-B022,58,59,55,14,QUARANTINE,50
DC-04,SKU-00713,DC-04-Z06-B015,61,61,61,16,AVAILABLE,91
DC-04,SKU-00687,DC-04-Z11-B049,118,118,118,1,AVAILABLE,158
DC-04,SKU-00201,DC-04-Z07-B067,46,46,49,15,AVAILABLE,18
DC-04,SKU-00614,DC-04-Z09-B018,96,97,96,11,AVAILABLE,71
DC-04,SKU-00022,DC-04-Z05-B041,220,220,217,13,AVAILABLE,66
DC-04,SKU-00325,DC-04-Z11-B042,209,209,212,20,AVAILABLE,98
DC-04,SKU-00606,DC-04-Z12-B018,129,129,129,2,AVAILABLE,25
DC-04,SKU-01095,DC-04-Z12-B069,40,40,39,8,QUARANTINE,167
DC-04,SKU-00908,DC-04-Z05-B045,102,104,102,11,AVAILABLE,64
DC-04,SKU-00939,DC-04-Z01-B011,181,182,182,0,AVAILABLE,178
DC-04,SKU-00860,DC-04-Z02-B033,36,36,36,18,AVAILABLE,14
DC-04,SKU-00954,DC-04-Z07-B076,164,163,164,10,AVAILABLE,9
DC-04,SKU-00898,DC-04-Z08-B048,106,106,109,10,AVAILABLE,5
DC-04,SKU-01144,DC-04-Z12-B056,117,119,120,2,AVAILABLE,19
DC-04,SKU-00903,DC-04-Z02-B013,192,190,193,14,HOLD,166
DC-04,SKU-01023,DC-04-Z03-B067,0,0,0,0,AVAILABLE,89
DC-04,SKU-00097,DC-04-Z07-B003,202,202,203,16,AVAILABLE,4
DC-04,SKU-00556,DC-04-Z12-B068,166,165,167,15,AVAILABLE,88
DC-04,SKU-00728,DC-04-Z02-B047,17,17,17,16,AVAILABLE,142
DC-04,SKU-00380,DC-04-Z10-B077,143,142,144,19,AVAILABLE,146
DC-04,SKU-00099,DC-04-Z08-B029,127,128,128,10,AVAILABLE,11
DC-04,SKU-00311,DC-04-Z11-B018,41,39,41,4,AVAILABLE,89
DC-04,SKU-01145,DC-04-Z02-B072,49,49,49,12,AVAILABLE,158
DC-04,SKU-00023,DC-04-Z07-B051,176,176,177,9,AVAILABLE,105
DC-04,SKU-00159,DC-04-Z06-B067,140,140,143,10,AVAILABLE,38
DC-04,SKU-00094,DC-04-Z08-B069,129,129,128,15,AVAILABLE,104
DC-04,SKU-00813,DC-04-Z09-B071,190,190,187,3,AVAILABLE,144
DC-04,SKU-00063,DC-04-Z03-B078,11,11,14,10,AVAILABLE,40
DC-04,SKU-00357,DC-04-Z04-B030,54,54,57,2,QUARANTINE,163
DC-04,SKU-00893,DC-04-Z10-B005,109,110,108,5,AVAILABLE,174
DC-04,SKU-00964,DC-04-Z08-B049,75,75,75,2,AVAILABLE,146
DC-04,SKU-00058,DC-04-Z12-B064,133,133,133,12,AVAILABLE,99
DC-04,SKU-01124,DC-04-Z05-B024,132,130,131,13,AVAILABLE,164
DC-04,SKU-00565,DC-04-Z03-B007,183,181,183,13,AVAILABLE,12
DC-04,SKU-00967,DC-04-Z03-B057,191,191,192,14,AVAILABLE,180
DC-04,SKU-00707,DC-04-Z01-B008,12,12,13,3,AVAILABLE,125
DC-04,SKU-00313,DC-04-Z09-B046,79,78,76,3,AVAILABLE,175
DC-04,SKU-00273,DC-04-Z08-B055,73,73,74,14,AVAILABLE,73
DC-04,SKU-01198,DC-04-Z01-B067,147,149,148,20,AVAILABLE,165
DC-04,SKU-00179,DC-04-Z12-B044,149,149,148,9,AVAILABLE,19
DC-04,SKU-00978,DC-04-Z09-B006,59,59,56,14,AVAILABLE,153
DC-04,SKU-00422,DC-04-Z02-B059,35,37,34,19,AVAILABLE,31
DC-04,SKU-01099,DC-04-Z04-B020,116,116,119,13,AVAILABLE,101
DC-04,SKU-00748,DC-04-Z12-B028,59,60,59,3,QUARANTINE,13
DC-04,SKU-01129,DC-04-Z01-B035,144,146,145,13,AVAILABLE,179
DC-04,SKU-00877,DC-04-Z08-B003,19,19,19,3,AVAILABLE,113
DC-04,SKU-00542,DC-04-Z03-B061,172,172,175,17,AVAILABLE,1
DC-04,SKU-00977,DC-04-Z02-B011,206,207,206,6,AVAILABLE,24
DC-04,SKU-00840,DC-04-Z06-B055,203,203,200,1,AVAILABLE,33
DC-04,SKU-00183,DC-04-Z06-B025,98,100,97,17,AVAILABLE,144
DC-04,SKU-00817,DC-04-Z12-B020,199,200,198,20,AVAILABLE,104
DC-04,SKU-00292,DC-04-Z09-B018,160,160,159,17,AVAILABLE,145
DC-04,SKU-00263,DC-04-Z05-B025,186,185,186,2,AVAILABLE,53
DC-04,SKU-00131,DC-04-Z11-B071,71,70,71,20,AVAILABLE,138
DC-04,SKU-00246,DC-04-Z11-B075,142,144,141,12,AVAILABLE,163
DC-04,SKU-00787,DC-04-Z10-B063,16,16,16,15,AVAILABLE,65
DC-04,SKU-01185,DC-04-Z03-B041,46,45,47,20,AVAILABLE,81
DC-04,SKU-00435,DC-04-Z05-B024,129,128,130,14,AVAILABLE,17
DC-04,SKU-00769,DC-04-Z07-B051,105,104,108,13,QUARANTINE,88
DC-04,SKU-01157,DC-04-Z10-B059,206,205,206,2,AVAILABLE,157
DC-04,SKU-01073,DC-04-Z07-B020,202,204,199,10,AVAILABLE,91
DC-04,SKU-00429,DC-04-Z05-B058,159,159,159,18,AVAILABLE,17
DC-04,SKU-00615,DC-04-Z10-B063,185,184,185,5,AVAILABLE,150
DC-04,SKU-01052,DC-04-Z07-B008,109,108,109,10,QUARANTINE,119
DC-04,SKU-01164,DC-04-Z02-B030,49,49,49,9,AVAILABLE,177
DC-04,SKU-00677,DC-04-Z04-B048,101,102,98,1,AVAILABLE,157
DC-04,SKU-00364,DC-04-Z12-B067,183,183,182,4,AVAILABLE,43
DC-04,SKU-00971,DC-04-Z06-B040,170,170,170,11,AVAILABLE,3
DC-04,SKU-00035,DC-04-Z08-B063,149,149,146,4,AVAILABLE,101
DC-04,SKU-00146,DC-04-Z10-B033,27,27,27,2,AVAILABLE,179
DC-04,SKU-00762,DC-04-Z05-B019,173,173,174,10,AVAILABLE,88
DC-04,SKU-01168,DC-04-Z10-B075,116,116,115,19,AVAILABLE,70
DC-04,SKU-00082,DC-04-Z10-B075,66,67,66,2,AVAILABLE,127
DC-04,SKU-01028,DC-04-Z10-B061,83,83,83,2,AVAILABLE,77
DC-04,SKU-00020,DC-04-Z08-B004,16,16,13,10,AVAILABLE,16
DC-04,SKU-01190,DC-04-Z06-B013,4,4,4,4,AVAILABLE,158
DC-04,SKU-00663,DC-04-Z05-B017,197,197,194,16,AVAILABLE,2
DC-04,SKU-00138,DC-04-Z05-B009,194,196,194,13,AVAILABLE,118
DC-04,SKU-00149,DC-04-Z04-B038,121,121,121,6,QUARANTINE,101
DC-04,SKU-00170,DC-04-Z12-B042,204,204,207,11,AVAILABLE,139
DC-04,SKU-00502,DC-04-Z09-B003,185,185,188,13,AVAILABLE,51
DC-04,SKU-00641,DC-04-Z02-B041,36,36,37,10,HOLD,163
DC-04,SKU-01140,DC-04-Z11-B071,65,63,65,0,AVAILABLE,135
DC-04,SKU-01072,DC-04-Z07-B035,143,143,143,15,AVAILABLE,14
DC-04,SKU-00714,DC-04-Z09-B019,118,118,117,11,AVAILABLE,110
DC-04,SKU-00863,DC-04-Z02-B051,103,103,102,17,AVAILABLE,175
DC-04,SKU-00792,DC-04-Z12-B025,53,51,56,17,QUARANTINE,153
DC-04,SKU-00358,DC-04-Z03-B051,178,178,179,2,AVAILABLE,178
DC-04,SKU-00374,DC-04-Z06-B005,49,49,49,8,AVAILABLE,105
DC-04,SKU-00437,DC-04-Z07-B052,15,17,14,9,AVAILABLE,76
DC-04,SKU-00688,DC-04-Z08-B049,103,104,103,10,AVAILABLE,148
DC-04,SKU-00974,DC-04-Z05-B015,15,17,15,13,AVAILABLE,147
DC-04,SKU-00670,DC-04-Z06-B073,158,158,158,4,AVAILABLE,157
DC-04,SKU-01077,DC-04-Z04-B051,135,135,135,17,AVAILABLE,52
DC-04,SKU-00322,DC-04-Z08-B053,112,112,113,13,AVAILABLE,41
DC-04,SKU-00185,DC-04-Z06-B036,182,181,182,14,AVAILABLE,158
DC-04,SKU-01093,DC-04-Z12-B077,141,141,138,9,AVAILABLE,180
DC-04,SKU-00120,DC-04-Z07-B048,192,192,195,1,AVAILABLE,26
DC-04,SKU-00678,DC-04-Z10-B055,161,160,161,13,AVAILABLE,74
DC-04,SKU-00574,DC-04-Z09-B012,117,115,116,1,QUARANTINE,77
DC-04,SKU-00650,DC-04-Z11-B048,98,100,99,11,AVAILABLE,61
DC-04,SKU-01131,DC-04-Z02-B063,17,17,17,5,AVAILABLE,146
DC-04,SKU-00456,DC-04-Z11-B076,62,62,62,15,QUARANTINE,105
DC-04,SKU-01008,DC-04-Z02-B072,10,11,10,10,AVAILABLE,76
DC-04,SKU-00208,DC-04-Z08-B073,15,16,15,8,AVAILABLE,173
DC-04,SKU-01105,DC-04-Z04-B056,5,5,8,5,AVAILABLE,72
DC-04,SKU-00262,DC-04-Z01-B073,38,38,38,13,AVAILABLE,42
DC-04,SKU-00212,DC-04-Z04-B011,153,153,156,2,AVAILABLE,171
DC-04,SKU-00467,DC-04-Z05-B034,120,119,123,20,AVAILABLE,99
DC-04,SKU-00639,DC-04-Z12-B054,99,100,99,0,AVAILABLE,6
DC-04,SKU-01033,DC-04-Z11-B019,73,73,73,14,AVAILABLE,94
DC-04,SKU-00488,DC-04-Z05-B043,66,66,69,17,AVAILABLE,153
DC-04,SKU-00928,DC-04-Z11-B068,58,59,55,5,AVAILABLE,48
DC-04,SKU-00554,DC-04-Z04-B021,200,202,199,0,AVAILABLE,51
DC-04,SKU-01183,DC-04-Z11-B046,114,114,114,19,AVAILABLE,115
DC-04,SKU-00927,DC-04-Z04-B008,149,151,152,1,AVAILABLE,21
DC-04,SKU-01004,DC-04-Z12-B050,76,76,79,3,AVAILABLE,138
DC-04,SKU-01071,DC-04-Z10-B009,104,106,103,4,QUARANTINE,26
DC-04,SKU-00076,DC-04-Z06-B035,177,177,174,7,AVAILABLE,27
DC-04,SKU-00347,DC-04-Z09-B067,117,117,117,13,AVAILABLE,123
DC-04,SKU-00261,DC-04-Z10-B027,12,12,12,6,AVAILABLE,85
DC-04,SKU-00165,DC-04-Z11-B068,40,40,40,12,AVAILABLE,75
DC-04,SKU-01058,DC-04-Z12-B070,216,215,217,17,AVAILABLE,144
DC-04,SKU-00975,DC-04-Z02-B034,74,76,75,0,AVAILABLE,62
DC-04,SKU-00215,DC-04-Z12-B044,91,90,92,16,HOLD,119
DC-04,SKU-00417,DC-04-Z02-B057,137,137,137,2,AVAILABLE,86
DC-04,SKU-01133,DC-04-Z03-B011,61,61,61,3,AVAILABLE,59
DC-04,SKU-00896,DC-04-Z04-B004,193,193,193,12,HOLD,21
DC-04,SKU-00012,DC-04-Z06-B078,187,187,190,18,AVAILABLE,35
DC-04,SKU-01171,DC-04-Z10-B051,37,39,37,5,AVAILABLE,128
DC-04,SKU-00731,DC-04-Z05-B068,20,18,19,13,HOLD,116
DC-04,SKU-00941,DC-04-Z09-B030,165,165,165,14,AVAILABLE,124
DC-04,SKU-01048,DC-04-Z03-B060,120,119,117,9,AVAILABLE,144
DC-04,SKU-00016,DC-04-Z09-B018,181,182,181,14,AVAILABLE,15
DC-04,SKU-00899,DC-04-Z12-B010,63,63,62,11,AVAILABLE,51
DC-04,SKU-00520,DC-04-Z05-B058,27,27,27,8,AVAILABLE,150
DC-04,SKU-00021,DC-04-Z06-B072,33,35,33,4,AVAILABLE,43
DC-04,SKU-00847,DC-04-Z11-B015,76,76,76,12,AVAILABLE,9
DC-04,SKU-00869,DC-04-Z12-B048,123,122,126,10,AVAILABLE,156
DC-04,SKU-00303,DC-04-Z08-B073,14,15,13,3,AVAILABLE,27
DC-04,SKU-00202,DC-04-Z09-B068,157,157,160,3,AVAILABLE,172
DC-04,SKU-01065,DC-04-Z08-B073,70,71,71,6,AVAILABLE,148
DC-04,SKU-00749,DC-04-Z12-B075,136,137,136,6,AVAILABLE,118
DC-04,SKU-00235,DC-04-Z03-B079,156,157,157,7,AVAILABLE,158
DC-04,SKU-00254,DC-04-Z07-B043,184,183,181,9,AVAILABLE,24
DC-04,SKU-00526,DC-04-Z08-B057,196,197,195,7,AVAILABLE,85
DC-04,SKU-00587,DC-04-Z07-B080,101,102,104,3,AVAILABLE,179
DC-04,SKU-00989,DC-04-Z12-B022,53,53,53,11,AVAILABLE,59
DC-04,SKU-01123,DC-04-Z09-B063,63,64,63,4,QUARANTINE,106
DC-04,SKU-00591,DC-04-Z06-B007,39,38,36,12,AVAILABLE,145
DC-04,SKU-00336,DC-04-Z04-B063,141,141,141,19,AVAILABLE,71
DC-04,SKU-00504,DC-04-Z07-B017,38,38,39,14,AVAILABLE,33
DC-04,SKU-00312,DC-04-Z10-B063,44,44,44,19,AVAILABLE,156
DC-04,SKU-00335,DC-04-Z05-B004,201,203,201,13,AVAILABLE,41
DC-04,SKU-01146,DC-04-Z01-B029,25,26,28,9,AVAILABLE,135
DC-04,SKU-00743,DC-04-Z04-B060,212,212,209,16,AVAILABLE,89
DC-04,SKU-00666,DC-04-Z10-B002,85,86,84,14,AVAILABLE,136
DC-04,SKU-00369,DC-04-Z11-B027,170,168,170,19,AVAILABLE,79
DC-04,SKU-00393,DC-04-Z01-B067,90,90,89,14,AVAILABLE,73
DC-04,SKU-00826,DC-04-Z09-B043,78,76,79,17,AVAILABLE,74
DC-04,SKU-00118,DC-04-Z02-B055,202,202,202,11,AVAILABLE,9
DC-04,SKU-01030,DC-04-Z01-B056,174,175,171,2,AVAILABLE,151
DC-04,SKU-00117,DC-04-Z02-B080,28,28,25,19,AVAILABLE,166
DC-04,SKU-00511,DC-04-Z05-B034,62,61,65,1,AVAILABLE,43
DC-04,SKU-00789,DC-04-Z01-B039,195,197,192,11,AVAILABLE,82
DC-04,SKU-00766,DC-04-Z12-B038,175,177,176,16,AVAILABLE,17
DC-04,SKU-00175,DC-04-Z08-B022,106,104,106,2,AVAILABLE,175
DC-04,SKU-00754,DC-04-Z04-B078,104,104,101,5,AVAILABLE,142
DC-04,SKU-00396,DC-04-Z02-B056,172,172,172,12,HOLD,103
DC-04,SKU-01159,DC-04-Z05-B050,93,94,93,13,AVAILABLE,180
DC-04,SKU-00575,DC-04-Z04-B040,153,152,156,3,AVAILABLE,78
DC-04,SKU-00559,DC-04-Z10-B032,1,0,1,1,AVAILABLE,137
DC-04,SKU-00356,DC-04-Z04-B005,203,201,203,14,QUARANTINE,165
DC-04,SKU-01019,DC-04-Z12-B004,110,112,110,10,QUARANTINE,97
DC-04,SKU-00390,DC-04-Z10-B018,115,115,114,20,HOLD,76
DC-04,SKU-00726,DC-04-Z12-B030,167,165,168,3,AVAILABLE,150
DC-04,SKU-00348,DC-04-Z02-B074,194,194,191,15,AVAILABLE,69
DC-04,SKU-00282,DC-04-Z09-B058,88,88,91,20,AVAILABLE,29
DC-04,SKU-00592,DC-04-Z06-B004,176,177,176,10,AVAILABLE,139
DC-04,SKU-01087,DC-04-Z06-B026,60,60,61,16,HOLD,53
DC-04,SKU-01021,DC-04-Z10-B007,146,145,149,11,AVAILABLE,175
DC-04,SKU-00838,DC-04-Z06-B077,46,46,46,20,AVAILABLE,95
DC-04,SKU-00737,DC-04-Z03-B050,177,178,177,7,AVAILABLE,19
DC-04,SKU-00900,DC-04-Z01-B070,202,204,202,18,QUARANTINE,123
DC-04,SKU-01104,DC-04-Z09-B005,182,183,182,18,AVAILABLE,86
DC-04,SKU-01136,DC-04-Z07-B003,46,45,46,8,AVAILABLE,35
DC-04,SKU-00950,DC-04-Z09-B012,68,69,67,16,AVAILABLE,101
DC-04,SKU-00605,DC-04-Z09-B006,76,76,75,20,HOLD,18
DC-04,SKU-00150,DC-04-Z09-B066,136,134,135,6,AVAILABLE,178
DC-04,SKU-01025,DC-04-Z02-B073,154,154,153,5,AVAILABLE,30
DC-04,SKU-00931,DC-04-Z08-B041,100,100,100,16,AVAILABLE,179
DC-04,SKU-01109,DC-04-Z09-B009,192,192,193,7,AVAILABLE,139
DC-04,SKU-00401,DC-04-Z03-B071,195,193,194,7,AVAILABLE,53
DC-04,SKU-01173,DC-04-Z06-B046,151,151,151,15,AVAILABLE,35
DC-04,SKU-00683,DC-04-Z04-B006,150,149,153,10,AVAILABLE,154
DC-04,SKU-00143,DC-04-Z01-B052,30,30,33,3,AVAILABLE,61
DC-04,SKU-00680,DC-04-Z12-B016,126,126,126,11,AVAILABLE,40
DC-04,SKU-00236,DC-04-Z04-B046,5,6,6,1,HOLD,93
DC-04,SKU-00544,DC-04-Z05-B067,2,2,2,1,HOLD,53
DC-04,SKU-00876,DC-04-Z05-B039,63,63,64,17,AVAILABLE,55
DC-04,SKU-00857,DC-04-Z07-B018,22,22,22,5,AVAILABLE,156
DC-04,SKU-01091,DC-04-Z10-B048,75,75,72,16,AVAILABLE,83
DC-04,SKU-00174,DC-04-Z11-B034,68,68,71,2,HOLD,79
DC-04,SKU-00444,DC-04-Z09-B028,193,194,192,4,AVAILABLE,83
DC-04,SKU-00461,DC-04-Z08-B006,124,126,121,15,AVAILABLE,100
DC-04,SKU-00523,DC-04-Z11-B045,195,195,194,1,AVAILABLE,98
DC-04,SKU-00232,DC-04-Z02-B022,7,7,6,4,AVAILABLE,25
DC-04,SKU-00231,DC-04-Z12-B036,177,177,177,13,AVAILABLE,95
DC-04,SKU-00260,DC-04-Z04-B040,65,65,68,18,AVAILABLE,91
DC-04,SKU-00802,DC-04-Z09-B014,50,50,53,3,AVAILABLE,14
DC-04,SKU-00547,DC-04-Z06-B029,108,108,108,20,HOLD,95
DC-04,SKU-00010,DC-04-Z10-B022,51,51,48,0,AVAILABLE,125
DC-04,SKU-01061,DC-04-Z01-B024,103,105,100,8,AVAILABLE,29
DC-04,SKU-00709,DC-04-Z12-B029,51,51,51,1,HOLD,118
DC-04,SKU-00955,DC-04-Z04-B078,81,81,80,2,AVAILABLE,68
DC-04,SKU-00698,DC-04-Z03-B073,177,177,177,3,AVAILABLE,136
DC-04,SKU-00329,DC-04-Z01-B078,98,98,99,9,AVAILABLE,23
DC-04,SKU-00441,DC-04-Z05-B015,14,12,13,6,AVAILABLE,32
DC-04,SKU-00039,DC-04-Z07-B044,153,155,156,14,HOLD,122
DC-04,SKU-00545,DC-04-Z03-B067,141,140,141,4,AVAILABLE,113
DC-04,SKU-00127,DC-04-Z02-B041,116,117,116,11,AVAILABLE,177
DC-04,SKU-00756,DC-04-Z05-B029,96,96,97,16,AVAILABLE,147
DC-04,SKU-00301,DC-04-Z12-B068,156,156,156,9,AVAILABLE,152
DC-04,SKU-00147,DC-04-Z01-B071,111,109,111,0,AVAILABLE,129
DC-04,SKU-00824,DC-04-Z02-B004,203,202,203,16,AVAILABLE,51
DC-04,SKU-01153,DC-04-Z05-B006,120,120,121,16,QUARANTINE,167
DC-04,SKU-00353,DC-04-Z11-B024,117,115,118,16,QUARANTINE,156
DC-04,SKU-00318,DC-04-Z03-B041,150,150,153,0,AVAILABLE,22
DC-04,SKU-01039,DC-04-Z07-B027,151,151,151,7,AVAILABLE,120
DC-04,SKU-00045,DC-04-Z12-B044,64,65,63,14,AVAILABLE,43
DC-04,SKU-00024,DC-04-Z11-B013,177,178,177,14,HOLD,84
DC-04,SKU-01160,DC-04-Z11-B012,204,204,205,17,HOLD,11
DC-04,SKU-00491,DC-04-Z01-B025,107,105,108,8,AVAILABLE,180
DC-04,SKU-00920,DC-04-Z07-B014,73,73,74,19,AVAILABLE,76
DC-04,SKU-00596,DC-04-Z07-B031,56,56,59,5,AVAILABLE,135
DC-04,SKU-01199,DC-04-Z11-B019,181,181,182,12,AVAILABLE,172
DC-04,SKU-00276,DC-04-Z05-B066,108,108,105,17,AVAILABLE,90
DC-04,SKU-01049,DC-04-Z09-B067,116,116,117,15,QUARANTINE,67
DC-04,SKU-00350,DC-04-Z08-B013,180,180,177,17,AVAILABLE,158
DC-04,SKU-01126,DC-04-Z04-B022,218,218,221,4,QUARANTINE,165
DC-04,SKU-00367,DC-04-Z05-B076,198,197,197,1,AVAILABLE,154
DC-05,SKU-00107,DC-05-Z05-B069,14,13,15,6,AVAILABLE,66
DC-05,SKU-00183,DC-05-Z09-B001,217,217,217,6,AVAILABLE,91
DC-05,SKU-01007,DC-05-Z07-B035,18,18,21,9,AVAILABLE,55
DC-05,SKU-00348,DC-05-Z04-B068,205,206,205,14,QUARANTINE,50
DC-05,SKU-00153,DC-05-Z12-B065,32,32,32,17,QUARANTINE,40
DC-05,SKU-00808,DC-05-Z04-B021,207,208,207,17,AVAILABLE,88
DC-05,SKU-00557,DC-05-Z12-B057,10,10,9,4,AVAILABLE,96
DC-05,SKU-00164,DC-05-Z06-B079,163,163,166,7,AVAILABLE,173
DC-05,SKU-00963,DC-05-Z12-B018,101,101,102,15,AVAILABLE,65
DC-05,SKU-00566,DC-05-Z09-B035,41,43,38,10,HOLD,47
DC-05,SKU-01001,DC-05-Z08-B057,145,145,145,20,AVAILABLE,178
DC-05,SKU-00826,DC-05-Z11-B077,212,212,212,10,AVAILABLE,48
DC-05,SKU-00158,DC-05-Z03-B053,20,20,17,13,QUARANTINE,144
DC-05,SKU-00551,DC-05-Z05-B024,31,33,28,4,AVAILABLE,108
DC-05,SKU-00971,DC-05-Z11-B023,136,137,135,18,AVAILABLE,41
DC-05,SKU-01012,DC-05-Z06-B017,128,130,125,10,HOLD,64
DC-05,SKU-00085,DC-05-Z12-B028,10,10,11,3,AVAILABLE,136
DC-05,SKU-00519,DC-05-Z04-B038,204,204,204,1,AVAILABLE,144
DC-05,SKU-00597,DC-05-Z05-B049,211,210,211,6,AVAILABLE,109
DC-05,SKU-00151,DC-05-Z11-B057,52,52,53,3,AVAILABLE,69
DC-05,SKU-00541,DC-05-Z01-B027,7,7,4,1,AVAILABLE,174
DC-05,SKU-01166,DC-05-Z11-B065,142,142,142,10,AVAILABLE,179
DC-05,SKU-00270,DC-05-Z12-B063,46,46,49,6,AVAILABLE,56
DC-05,SKU-00068,DC-05-Z03-B005,151,151,151,9,AVAILABLE,76
DC-05,SKU-00031,DC-05-Z05-B055,97,97,94,1,AVAILABLE,10
DC-05,SKU-01200,DC-05-Z11-B040,185,184,185,16,AVAILABLE,59
DC-05,SKU-00628,DC-05-Z09-B032,182,181,182,2,AVAILABLE,147
DC-05,SKU-00430,DC-05-Z01-B046,154,153,154,0,AVAILABLE,178
DC-05,SKU-00938,DC-05-Z01-B036,28,30,25,20,AVAILABLE,122
DC-05,SKU-00866,DC-05-Z07-B072,98,98,98,0,AVAILABLE,68
DC-05,SKU-00912,DC-05-Z09-B008,31,32,28,0,AVAILABLE,145
DC-05,SKU-01074,DC-05-Z10-B046,216,214,213,15,AVAILABLE,14
DC-05,SKU-00705,DC-05-Z02-B049,74,73,74,3,AVAILABLE,98
DC-05,SKU-00237,DC-05-Z12-B039,36,36,35,5,AVAILABLE,19
DC-05,SKU-01045,DC-05-Z06-B008,100,100,100,4,AVAILABLE,123
DC-05,SKU-00128,DC-05-Z09-B037,138,138,141,8,HOLD,37
DC-05,SKU-01037,DC-05-Z06-B029,76,76,77,19,AVAILABLE,138
DC-05,SKU-00095,DC-05-Z07-B004,65,65,66,13,AVAILABLE,143
DC-05,SKU-01143,DC-05-Z06-B047,85,87,85,1,AVAILABLE,98
DC-05,SKU-00378,DC-05-Z11-B059,93,95,90,6,AVAILABLE,79
DC-05,SKU-00132,DC-05-Z10-B034,93,93,93,14,AVAILABLE,104
DC-05,SKU-00782,DC-05-Z10-B075,70,70,70,16,QUARANTINE,138
DC-05,SKU-00145,DC-05-Z05-B029,70,69,71,0,AVAILABLE,107
DC-05,SKU-00208,DC-05-Z01-B026,114,116,111,3,AVAILABLE,24
DC-05,SKU-00868,DC-05-Z07-B049,69,67,69,9,AVAILABLE,118
DC-05,SKU-00494,DC-05-Z06-B040,85,85,88,5,AVAILABLE,179
DC-05,SKU-01025,DC-05-Z12-B035,72,72,72,15,AVAILABLE,45
DC-05,SKU-00232,DC-05-Z08-B075,20,21,19,11,AVAILABLE,158
DC-05,SKU-00829,DC-05-Z02-B065,207,209,206,7,AVAILABLE,7
DC-05,SKU-00605,DC-05-Z04-B077,83,83,83,3,AVAILABLE,97
DC-05,SKU-00225,DC-05-Z12-B017,88,87,89,9,AVAILABLE,39
DC-05,SKU-00116,DC-05-Z09-B010,155,157,155,12,AVAILABLE,96
DC-05,SKU-00171,DC-05-Z03-B066,156,158,156,12,AVAILABLE,121
DC-05,SKU-00451,DC-05-Z10-B020,107,105,107,17,AVAILABLE,57
DC-05,SKU-00996,DC-05-Z11-B072,177,178,174,6,AVAILABLE,45
DC-05,SKU-00120,DC-05-Z03-B075,142,144,142,10,AVAILABLE,47
DC-05,SKU-00187,DC-05-Z05-B053,148,147,151,16,QUARANTINE,54
DC-05,SKU-01139,DC-05-Z11-B067,0,0,0,0,AVAILABLE,10
DC-05,SKU-00915,DC-05-Z02-B021,81,83,80,2,AVAILABLE,138
DC-05,SKU-01108,DC-05-Z11-B054,150,150,150,19,AVAILABLE,63
DC-05,SKU-00496,DC-05-Z09-B029,136,136,136,11,AVAILABLE,45
DC-05,SKU-00943,DC-05-Z01-B063,80,79,80,1,AVAILABLE,13
DC-05,SKU-00149,DC-05-Z01-B006,101,102,101,0,AVAILABLE,149
DC-05,SKU-00416,DC-05-Z06-B028,20,19,23,12,AVAILABLE,41
DC-05,SKU-00836,DC-05-Z07-B065,197,196,196,5,AVAILABLE,168
DC-05,SKU-00420,DC-05-Z02-B002,192,193,192,9,AVAILABLE,29
DC-05,SKU-00409,DC-05-Z08-B042,161,161,158,2,QUARANTINE,84
DC-05,SKU-00913,DC-05-Z05-B032,122,121,122,8,AVAILABLE,50
DC-05,SKU-01067,DC-05-Z08-B009,95,95,96,14,AVAILABLE,16
DC-05,SKU-00580,DC-05-Z01-B079,202,204,202,8,AVAILABLE,16
DC-05,SKU-00370,DC-05-Z11-B010,93,92,96,20,AVAILABLE,29
DC-05,SKU-00368,DC-05-Z01-B034,122,122,123,0,AVAILABLE,44
DC-05,SKU-01189,DC-05-Z11-B054,93,93,90,18,AVAILABLE,106
DC-05,SKU-00924,DC-05-Z04-B052,18,20,19,13,AVAILABLE,166
DC-05,SKU-00229,DC-05-Z11-B061,216,216,216,1,AVAILABLE,72
DC-05,SKU-01183,DC-05-Z02-B005,41,41,41,16,AVAILABLE,43
DC-05,SKU-00752,DC-05-Z03-B069,173,173,174,8,AVAILABLE,128
DC-05,SKU-00135,DC-05-Z03-B026,48,46,45,18,AVAILABLE,90
DC-05,SKU-00093,DC-05-Z10-B074,96,94,96,5,AVAILABLE,142
DC-05,SKU-00500,DC-05-Z01-B035,170,171,171,5,AVAILABLE,27
DC-05,SKU-00981,DC-05-Z12-B023,194,195,191,14,AVAILABLE,112
DC-05,SKU-00811,DC-05-Z01-B014,42,42,42,13,AVAILABLE,15
DC-05,SKU-00049,DC-05-Z04-B040,192,194,195,14,AVAILABLE,97
DC-05,SKU-00084,DC-05-Z08-B028,2,2,2,0,AVAILABLE,128
DC-05,SKU-00051,DC-05-Z03-B022,51,52,52,3,QUARANTINE,127
DC-05,SKU-00916,DC-05-Z03-B063,181,183,181,11,AVAILABLE,29
DC-05,SKU-00890,DC-05-Z04-B022,113,113,112,14,AVAILABLE,18
DC-05,SKU-00724,DC-05-Z12-B065,213,213,216,16,AVAILABLE,62
DC-05,SKU-01131,DC-05-Z02-B008,160,160,161,13,QUARANTINE,162
DC-05,SKU-00014,DC-05-Z12-B001,64,65,64,15,AVAILABLE,88
DC-05,SKU-00954,DC-05-Z08-B071,125,127,125,1,AVAILABLE,16
DC-05,SKU-00757,DC-05-Z06-B005,107,106,107,20,AVAILABLE,106
DC-05,SKU-00076,DC-05-Z12-B024,215,213,215,7,AVAILABLE,120
DC-05,SKU-01118,DC-05-Z09-B058,216,214,216,15,AVAILABLE,77
DC-05,SKU-00704,DC-05-Z09-B046,82,82,82,1,HOLD,92
DC-05,SKU-01150,DC-05-Z06-B079,23,23,23,4,AVAILABLE,99
DC-05,SKU-00361,DC-05-Z05-B060,60,61,59,13,AVAILABLE,129
DC-05,SKU-00210,DC-05-Z12-B046,113,111,112,1,AVAILABLE,156
DC-05,SKU-00979,DC-05-Z08-B042,91,90,91,8,AVAILABLE,59
DC-05,SKU-00194,DC-05-Z10-B007,176,176,173,1,HOLD,119
DC-05,SKU-01066,DC-05-Z11-B022,14,14,13,7,HOLD,127
DC-05,SKU-01159,DC-05-Z11-B018,183,183,182,16,AVAILABLE,136
DC-05,SKU-00679,DC-05-Z06-B023,156,156,156,17,AVAILABLE,24
DC-05,SKU-00970,DC-05-Z03-B047,207,207,207,14,HOLD,68
DC-05,SKU-00203,DC-05-Z06-B050,87,87,86,2,AVAILABLE,36
DC-05,SKU-00331,DC-05-Z06-B065,204,204,204,17,AVAILABLE,2
DC-05,SKU-00817,DC-05-Z03-B042,195,195,196,7,AVAILABLE,75
DC-05,SKU-00691,DC-05-Z08-B073,191,192,191,13,AVAILABLE,31
DC-05,SKU-00104,DC-05-Z01-B029,186,185,189,12,AVAILABLE,131
DC-05,SKU-00383,DC-05-Z06-B064,114,112,111,17,AVAILABLE,72
DC-05,SKU-00294,DC-05-Z04-B051,107,107,108,10,AVAILABLE,167
DC-05,SKU-00687,DC-05-Z01-B019,161,161,161,16,AVAILABLE,36
DC-05,SKU-00780,DC-05-Z03-B080,43,43,40,18,AVAILABLE,114
DC-05,SKU-00019,DC-05-Z05-B034,126,126,127,7,AVAILABLE,42
DC-05,SKU-00398,DC-05-Z07-B033,129,128,129,12,AVAILABLE,84
DC-05,SKU-00983,DC-05-Z08-B055,211,211,211,5,AVAILABLE,128
DC-05,SKU-00161,DC-05-Z03-B075,105,105,102,6,AVAILABLE,112
DC-05,SKU-00615,DC-05-Z05-B010,34,35,33,2,AVAILABLE,91
DC-05,SKU-00241,DC-05-Z10-B011,25,25,25,17,QUARANTINE,5
DC-05,SKU-00176,DC-05-Z03-B021,200,198,199,7,AVAILABLE,143
DC-05,SKU-00664,DC-05-Z02-B053,178,177,178,14,AVAILABLE,58
DC-05,SKU-01199,DC-05-Z02-B024,193,193,190,17,AVAILABLE,23
DC-05,SKU-00713,DC-05-Z09-B025,112,110,109,10,HOLD,122
DC-05,SKU-00506,DC-05-Z03-B047,196,195,196,13,HOLD,91
DC-05,SKU-00289,DC-05-Z01-B015,214,214,214,7,AVAILABLE,76
DC-05,SKU-00005,DC-05-Z04-B056,145,147,142,18,AVAILABLE,139
DC-05,SKU-00406,DC-05-Z02-B072,194,194,197,11,HOLD,167
DC-05,SKU-00507,DC-05-Z01-B025,214,214,214,16,AVAILABLE,83
DC-05,SKU-01132,DC-05-Z03-B076,113,114,116,7,AVAILABLE,152
DC-05,SKU-00819,DC-05-Z03-B048,170,171,170,6,AVAILABLE,65
DC-05,SKU-00799,DC-05-Z09-B011,140,141,143,4,HOLD,53
DC-05,SKU-00876,DC-05-Z07-B024,25,23,25,5,AVAILABLE,108
DC-05,SKU-00989,DC-05-Z10-B021,34,34,35,11,AVAILABLE,32
DC-05,SKU-00994,DC-05-Z07-B033,54,53,54,12,AVAILABLE,116
DC-05,SKU-00656,DC-05-Z06-B025,134,134,134,18,AVAILABLE,14
DC-05,SKU-00091,DC-05-Z04-B020,212,210,212,18,AVAILABLE,78
DC-05,SKU-01135,DC-05-Z03-B025,159,157,156,18,AVAILABLE,101
DC-05,SKU-00528,DC-05-Z10-B046,184,184,184,20,AVAILABLE,121
DC-05,SKU-00827,DC-05-Z09-B008,206,208,205,20,AVAILABLE,58
DC-05,SKU-00898,DC-05-Z10-B024,64,63,64,7,AVAILABLE,85
DC-05,SKU-00845,DC-05-Z07-B071,135,133,135,11,AVAILABLE,79
DC-05,SKU-00374,DC-05-Z10-B029,130,128,130,10,HOLD,130
DC-05,SKU-00995,DC-05-Z08-B076,126,126,127,7,AVAILABLE,17
DC-05,SKU-01106,DC-05-Z07-B006,98,96,98,16,AVAILABLE,108
DC-05,SKU-00136,DC-05-Z04-B073,190,190,190,9,AVAILABLE,137
DC-05,SKU-00689,DC-05-Z04-B066,40,38,40,12,AVAILABLE,136
DC-05,SKU-00707,DC-05-Z12-B054,147,147,150,0,AVAILABLE,72
DC-05,SKU-00126,DC-05-Z04-B059,208,208,209,13,AVAILABLE,178
DC-05,SKU-01197,DC-05-Z07-B065,41,39,40,4,AVAILABLE,76
DC-05,SKU-00974,DC-05-Z08-B053,209,209,209,11,AVAILABLE,60
DC-05,SKU-00219,DC-05-Z12-B032,48,48,51,4,AVAILABLE,107
DC-05,SKU-00574,DC-05-Z12-B061,73,73,73,13,AVAILABLE,122
DC-05,SKU-00192,DC-05-Z05-B026,141,141,138,18,AVAILABLE,17
DC-05,SKU-01155,DC-05-Z10-B016,103,103,106,12,AVAILABLE,141
DC-05,SKU-00746,DC-05-Z05-B080,192,192,191,17,AVAILABLE,37
DC-05,SKU-00036,DC-05-Z04-B063,137,139,137,3,AVAILABLE,0
DC-05,SKU-00450,DC-05-Z06-B068,120,120,117,1,AVAILABLE,1
DC-05,SKU-01059,DC-05-Z11-B055,43,44,40,11,AVAILABLE,97
DC-05,SKU-00665,DC-05-Z07-B046,100,100,100,12,HOLD,53
DC-05,SKU-00595,DC-05-Z04-B005,2,2,2,0,AVAILABLE,73
DC-05,SKU-00428,DC-05-Z03-B003,143,143,146,18,HOLD,140
DC-05,SKU-00288,DC-05-Z06-B044,190,190,189,16,AVAILABLE,145
DC-05,SKU-00530,DC-05-Z06-B011,47,46,48,4,AVAILABLE,46
DC-05,SKU-01026,DC-05-Z05-B054,164,164,164,14,AVAILABLE,18
DC-05,SKU-00990,DC-05-Z05-B058,99,101,96,0,AVAILABLE,58
DC-05,SKU-01191,DC-05-Z04-B074,101,101,100,19,AVAILABLE,66
DC-05,SKU-01065,DC-05-Z09-B076,182,183,182,17,AVAILABLE,126
DC-05,SKU-00300,DC-05-Z04-B012,9,7,6,0,AVAILABLE,19
DC-05,SKU-00037,DC-05-Z12-B063,79,79,76,10,AVAILABLE,50
DC-05,SKU-00931,DC-05-Z02-B028,62,62,63,10,AVAILABLE,22
DC-05,SKU-00573,DC-05-Z11-B015,190,189,187,11,AVAILABLE,7
DC-05,SKU-01063,DC-05-Z12-B013,86,86,86,0,AVAILABLE,12
DC-05,SKU-01003,DC-05-Z03-B044,206,207,205,7,AVAILABLE,153
DC-05,SKU-00139,DC-05-Z08-B074,81,80,80,17,AVAILABLE,84
DC-05,SKU-00146,DC-05-Z09-B062,103,102,106,19,AVAILABLE,48
DC-05,SKU-00067,DC-05-Z12-B041,213,214,214,20,AVAILABLE,83
DC-05,SKU-00252,DC-05-Z08-B069,48,48,45,8,AVAILABLE,99
DC-05,SKU-00524,DC-05-Z08-B054,123,124,122,20,AVAILABLE,2
DC-05,SKU-00501,DC-05-Z12-B028,65,67,68,1,AVAILABLE,27
DC-05,SKU-00365,DC-05-Z10-B019,47,46,47,13,AVAILABLE,113
DC-05,SKU-00751,DC-05-Z10-B036,89,89,89,17,AVAILABLE,164
DC-05,SKU-00198,DC-05-Z06-B024,48,50,51,9,AVAILABLE,131
DC-05,SKU-00508,DC-05-Z07-B045,145,144,146,2,AVAILABLE,178
DC-05,SKU-00986,DC-05-Z08-B072,191,191,194,6,AVAILABLE,51
DC-05,SKU-00900,DC-05-Z10-B012,209,207,209,2,AVAILABLE,2
DC-05,SKU-00212,DC-05-Z06-B039,143,143,143,18,AVAILABLE,90
DC-05,SKU-00362,DC-05-Z08-B009,208,207,208,15,AVAILABLE,101
DC-05,SKU-01069,DC-05-Z08-B024,143,145,143,18,AVAILABLE,33
DC-05,SKU-00417,DC-05-Z03-B056,216,214,216,10,AVAILABLE,146
DC-05,SKU-00006,DC-05-Z02-B073,217,218,216,19,HOLD,64
DC-05,SKU-00371,DC-05-Z03-B041,206,206,206,8,AVAILABLE,110
DC-05,SKU-00474,DC-05-Z08-B022,101,101,98,17,AVAILABLE,23
DC-05,SKU-00841,DC-05-Z01-B038,81,81,80,10,AVAILABLE,62
DC-05,SKU-00436,DC-05-Z09-B038,37,37,37,0,AVAILABLE,122
DC-05,SKU-00793,DC-05-Z02-B036,100,100,97,16,HOLD,52
DC-05,SKU-00828,DC-05-Z04-B035,197,198,197,2,HOLD,75
DC-05,SKU-00122,DC-05-Z12-B008,124,122,124,8,AVAILABLE,124
DC-05,SKU-00928,DC-05-Z06-B069,94,95,94,11,AVAILABLE,31
DC-05,SKU-00072,DC-05-Z05-B054,151,151,148,8,AVAILABLE,69
DC-05,SKU-00344,DC-05-Z08-B058,103,103,106,18,AVAILABLE,180
DC-05,SKU-01196,DC-05-Z04-B032,105,105,106,19,AVAILABLE,2
DC-05,SKU-00249,DC-05-Z12-B033,37,37,40,7,AVAILABLE,130
DC-05,SKU-00548,DC-05-Z11-B034,163,163,163,14,AVAILABLE,28
DC-05,SKU-00119,DC-05-Z02-B003,72,73,72,11,AVAILABLE,111
DC-05,SKU-00888,DC-05-Z03-B020,157,155,156,14,AVAILABLE,41
DC-05,SKU-00967,DC-05-Z10-B068,143,143,144,15,HOLD,114
DC-05,SKU-00401,DC-05-Z07-B055,68,67,68,4,HOLD,95
DC-05,SKU-00810,DC-05-Z06-B018,42,40,43,12,HOLD,155
DC-05,SKU-01072,DC-05-Z04-B054,19,21,16,16,AVAILABLE,75
DC-05,SKU-00579,DC-05-Z09-B077,9,9,9,0,AVAILABLE,62
DC-05,SKU-00234,DC-05-Z10-B064,201,203,201,3,AVAILABLE,163
DC-05,SKU-00439,DC-05-Z08-B049,102,100,103,5,AVAILABLE,93
DC-05,SKU-00937,DC-05-Z09-B060,47,47,48,6,AVAILABLE,56
DC-05,SKU-00853,DC-05-Z08-B038,141,141,141,11,AVAILABLE,7
DC-05,SKU-00816,DC-05-Z01-B007,93,92,93,2,AVAILABLE,151
DC-05,SKU-00008,DC-05-Z05-B071,195,195,194,6,AVAILABLE,32
DC-05,SKU-00835,DC-05-Z10-B031,39,39,40,8,AVAILABLE,40
DC-05,SKU-01168,DC-05-Z03-B021,163,163,163,15,HOLD,120
DC-05,SKU-00503,DC-05-Z07-B009,31,29,31,12,AVAILABLE,114
DC-05,SKU-00275,DC-05-Z04-B043,49,49,46,8,AVAILABLE,23
DC-05,SKU-00719,DC-05-Z12-B045,120,118,120,14,AVAILABLE,173
DC-05,SKU-00771,DC-05-Z12-B031,90,89,87,0,HOLD,67
DC-05,SKU-00589,DC-05-Z07-B003,177,178,177,3,AVAILABLE,75
DC-05,SKU-00549,DC-05-Z09-B029,142,142,142,5,AVAILABLE,148
DC-05,SKU-00306,DC-05-Z04-B001,198,198,201,16,AVAILABLE,162
DC-05,SKU-00957,DC-05-Z02-B038,73,72,70,12,AVAILABLE,23
DC-05,SKU-00478,DC-05-Z08-B061,173,172,176,16,AVAILABLE,147
DC-05,SKU-00186,DC-05-Z05-B002,46,46,47,10,AVAILABLE,171
DC-05,SKU-00651,DC-05-Z05-B040,40,42,41,9,AVAILABLE,177
DC-05,SKU-00722,DC-05-Z12-B002,149,148,149,20,AVAILABLE,104
DC-05,SKU-01195,DC-05-Z03-B042,42,42,45,11,AVAILABLE,47
DC-05,SKU-00426,DC-05-Z04-B029,168,169,171,5,AVAILABLE,110
DC-05,SKU-00291,DC-05-Z02-B046,111,112,111,7,AVAILABLE,17
DC-05,SKU-00011,DC-05-Z06-B004,21,21,21,6,HOLD,56
DC-05,SKU-00976,DC-05-Z02-B009,175,175,175,9,AVAILABLE,85
DC-05,SKU-00356,DC-05-Z11-B065,215,217,215,13,AVAILABLE,175
DC-05,SKU-00046,DC-05-Z04-B042,61,61,61,8,AVAILABLE,138
DC-05,SKU-00027,DC-05-Z06-B055,137,135,138,6,AVAILABLE,61
DC-05,SKU-00743,DC-05-Z04-B038,83,83,86,6,AVAILABLE,44
DC-05,SKU-00652,DC-05-Z04-B060,139,137,142,9,AVAILABLE,16
DC-05,SKU-00259,DC-05-Z11-B022,3,4,4,0,AVAILABLE,29
DC-05,SKU-00773,DC-05-Z09-B031,141,140,140,1,QUARANTINE,30
DC-05,SKU-00588,DC-05-Z11-B035,132,132,132,3,AVAILABLE,175
DC-05,SKU-00125,DC-05-Z11-B016,76,78,76,1,AVAILABLE,144
DC-05,SKU-00942,DC-05-Z10-B013,114,114,114,6,AVAILABLE,112
DC-05,SKU-00875,DC-05-Z07-B078,11,9,8,4,AVAILABLE,95
DC-05,SKU-00025,DC-05-Z11-B078,108,110,109,2,AVAILABLE,77
DC-05,SKU-00617,DC-05-Z04-B034,1,1,1,1,AVAILABLE,30
DC-05,SKU-00666,DC-05-Z08-B065,79,81,79,13,AVAILABLE,54
DC-05,SKU-00379,DC-05-Z12-B035,83,85,83,4,AVAILABLE,179
DC-05,SKU-00141,DC-05-Z07-B060,14,15,17,13,AVAILABLE,169
DC-05,SKU-00607,DC-05-Z10-B005,121,121,118,16,AVAILABLE,93
DC-05,SKU-01104,DC-05-Z01-B028,8,6,7,7,AVAILABLE,58
DC-05,SKU-00043,DC-05-Z01-B027,133,131,133,6,AVAILABLE,141
DC-05,SKU-00532,DC-05-Z09-B071,128,126,131,2,HOLD,62
DC-05,SKU-00390,DC-05-Z06-B010,51,51,48,13,AVAILABLE,64
DC-05,SKU-00741,DC-05-Z08-B073,165,165,162,13,AVAILABLE,105
DC-05,SKU-01057,DC-05-Z09-B077,209,207,209,4,AVAILABLE,23
DC-05,SKU-00475,DC-05-Z02-B030,120,118,117,5,AVAILABLE,163
DC-05,SKU-01146,DC-05-Z03-B003,97,98,97,0,AVAILABLE,72
DC-05,SKU-01019,DC-05-Z01-B044,211,211,212,5,AVAILABLE,50
DC-05,SKU-00309,DC-05-Z03-B042,155,155,152,20,AVAILABLE,51
DC-05,SKU-00657,DC-05-Z09-B051,126,125,127,11,AVAILABLE,92
DC-05,SKU-01017,DC-05-Z04-B054,119,119,119,12,AVAILABLE,81
DC-05,SKU-00124,DC-05-Z03-B019,151,151,151,2,AVAILABLE,105
DC-05,SKU-00244,DC-05-Z05-B061,177,177,177,10,AVAILABLE,74
DC-05,SKU-00163,DC-05-Z01-B043,168,168,167,11,AVAILABLE,159
DC-05,SKU-00123,DC-05-Z08-B057,112,112,112,10,AVAILABLE,169
DC-05,SKU-01092,DC-05-Z06-B066,61,62,61,8,AVAILABLE,52
DC-05,SKU-00458,DC-05-Z11-B067,63,63,62,6,QUARANTINE,123
DC-05,SKU-00590,DC-05-Z01-B010,140,140,140,16,AVAILABLE,110
DC-05,SKU-00097,DC-05-Z05-B001,87,87,90,8,AVAILABLE,101
DC-05,SKU-01173,DC-05-Z03-B026,50,50,47,17,AVAILABLE,177
DC-05,SKU-00033,DC-05-Z10-B054,49,49,48,1,AVAILABLE,36
DC-05,SKU-00671,DC-05-Z02-B002,159,159,159,17,HOLD,17
DC-05,SKU-00831,DC-05-Z11-B043,3,3,4,2,AVAILABLE,131
DC-05,SKU-00351,DC-05-Z10-B054,188,188,185,1,AVAILABLE,53
DC-05,SKU-00493,DC-05-Z11-B059,30,29,30,19,AVAILABLE,108
DC-05,SKU-00392,DC-05-Z07-B033,47,47,47,17,AVAILABLE,74
DC-05,SKU-01181,DC-05-Z05-B041,143,142,144,10,AVAILABLE,19
DC-05,SKU-00662,DC-05-Z11-B042,170,170,169,16,HOLD,83
DC-05,SKU-00435,DC-05-Z07-B055,44,44,47,2,AVAILABLE,18
DC-05,SKU-01061,DC-05-Z06-B053,42,42,42,9,AVAILABLE,91
DC-05,SKU-00339,DC-05-Z09-B066,28,28,29,20,AVAILABLE,104
DC-05,SKU-00009,DC-05-Z12-B014,210,209,210,1,AVAILABLE,19
DC-05,SKU-00227,DC-05-Z10-B019,164,163,164,8,AVAILABLE,88
DC-05,SKU-00823,DC-05-Z12-B044,124,124,124,20,AVAILABLE,12
DC-05,SKU-01178,DC-05-Z12-B060,137,136,137,14,AVAILABLE,129
DC-05,SKU-00612,DC-05-Z03-B079,67,65,67,3,AVAILABLE,3
DC-05,SKU-00749,DC-05-Z08-B058,167,167,168,19,AVAILABLE,162
DC-05,SKU-01114,DC-05-Z02-B025,92,93,91,0,AVAILABLE,114
DC-05,SKU-00152,DC-05-Z11-B058,131,131,128,0,HOLD,50
DC-05,SKU-00217,DC-05-Z10-B024,154,154,154,2,QUARANTINE,93
DC-05,SKU-00830,DC-05-Z02-B076,43,43,40,12,AVAILABLE,17
DC-05,SKU-00412,DC-05-Z10-B003,21,23,18,15,AVAILABLE,66
DC-05,SKU-00052,DC-05-Z05-B073,160,159,161,11,AVAILABLE,35
DC-05,SKU-00346,DC-05-Z06-B044,138,136,138,5,AVAILABLE,112
DC-05,SKU-00073,DC-05-Z06-B054,148,150,145,20,AVAILABLE,124
DC-05,SKU-00515,DC-05-Z11-B036,65,65,68,2,AVAILABLE,114
DC-05,SKU-01042,DC-05-Z06-B001,98,98,98,1,AVAILABLE,178
DC-05,SKU-00078,DC-05-Z08-B006,75,74,75,12,AVAILABLE,30
DC-05,SKU-00558,DC-05-Z09-B062,113,113,112,2,AVAILABLE,46
DC-05,SKU-01068,DC-05-Z09-B035,96,98,96,4,AVAILABLE,51
DC-05,SKU-00896,DC-05-Z10-B057,21,21,20,15,AVAILABLE,117
DC-05,SKU-00762,DC-05-Z12-B010,141,141,144,1,AVAILABLE,114
DC-05,SKU-00832,DC-05-Z02-B031,51,51,48,16,AVAILABLE,66
DC-05,SKU-00106,DC-05-Z11-B029,184,184,183,13,QUARANTINE,2
DC-05,SKU-00777,DC-05-Z02-B005,48,48,51,16,AVAILABLE,156
DC-05,SKU-00007,DC-05-Z07-B051,76,78,76,11,HOLD,29
DC-05,SKU-00789,DC-05-Z03-B051,71,71,70,9,AVAILABLE,179
DC-05,SKU-00639,DC-05-Z02-B078,43,42,43,5,AVAILABLE,106
DC-05,SKU-00703,DC-05-Z02-B054,79,79,79,17,AVAILABLE,56
DC-05,SKU-00756,DC-05-Z03-B060,52,53,55,17,AVAILABLE,158
DC-05,SKU-00041,DC-05-Z05-B058,213,212,210,8,AVAILABLE,166
DC-05,SKU-00614,DC-05-Z11-B007,173,173,174,0,AVAILABLE,94
DC-05,SKU-00376,DC-05-Z03-B060,131,131,131,6,QUARANTINE,149
DC-05,SKU-00921,DC-05-Z05-B038,210,212,210,9,AVAILABLE,69
DC-05,SKU-00846,DC-05-Z12-B077,206,205,207,20,AVAILABLE,58
DC-05,SKU-00873,DC-05-Z03-B040,67,68,68,17,AVAILABLE,56
DC-05,SKU-01128,DC-05-Z01-B071,81,81,81,18,AVAILABLE,30
DC-05,SKU-00062,DC-05-Z09-B025,33,32,36,12,AVAILABLE,64
DC-05,SKU-00761,DC-05-Z09-B007,203,204,203,18,AVAILABLE,34
DC-05,SKU-00055,DC-05-Z04-B039,13,13,13,5,HOLD,156
DC-05,SKU-00958,DC-05-Z03-B018,194,192,194,7,QUARANTINE,160
DC-05,SKU-00619,DC-05-Z06-B057,191,189,192,4,AVAILABLE,71
DC-05,SKU-00114,DC-05-Z05-B040,183,185,186,0,AVAILABLE,98
DC-05,SKU-00567,DC-05-Z02-B019,113,115,114,17,HOLD,108
DC-05,SKU-00032,DC-05-Z03-B024,203,203,206,5,HOLD,24
DC-05,SKU-00927,DC-05-Z08-B010,219,221,219,3,AVAILABLE,83
DC-05,SKU-00150,DC-05-Z03-B043,67,66,67,4,AVAILABLE,69
DC-05,SKU-01091,DC-05-Z09-B049,48,48,48,5,AVAILABLE,94
DC-05,SKU-00692,DC-05-Z02-B078,127,126,128,8,AVAILABLE,45
DC-05,SKU-00396,DC-05-Z02-B018,26,26,26,11,AVAILABLE,175
DC-05,SKU-01056,DC-05-Z03-B012,179,178,179,11,AVAILABLE,8
DC-05,SKU-01179,DC-05-Z06-B040,19,19,20,13,AVAILABLE,65
DC-05,SKU-00205,DC-05-Z06-B072,136,136,136,13,AVAILABLE,119
DC-05,SKU-00783,DC-05-Z09-B059,76,76,75,17,AVAILABLE,148
DC-05,SKU-01141,DC-05-Z09-B058,73,75,72,4,AVAILABLE,31
DC-05,SKU-00623,DC-05-Z03-B032,109,111,109,16,AVAILABLE,68
DC-05,SKU-00825,DC-05-Z02-B034,107,107,107,11,AVAILABLE,18
DC-05,SKU-00556,DC-05-Z01-B036,138,139,139,4,AVAILABLE,48
DC-05,SKU-00934,DC-05-Z07-B024,62,63,62,11,AVAILABLE,64
DC-05,SKU-00167,DC-05-Z07-B054,137,138,134,10,AVAILABLE,45
DC-05,SKU-01044,DC-05-Z09-B066,185,183,185,1,AVAILABLE,133
DC-05,SKU-00675,DC-05-Z03-B013,206,206,209,20,AVAILABLE,91
DC-05,SKU-00304,DC-05-Z02-B020,5,5,4,4,AVAILABLE,22
DC-05,SKU-00467,DC-05-Z01-B076,135,135,138,16,AVAILABLE,97
DC-05,SKU-00897,DC-05-Z01-B053,79,78,79,4,AVAILABLE,165
DC-05,SKU-00389,DC-05-Z08-B066,86,88,86,0,AVAILABLE,132
DC-05,SKU-01156,DC-05-Z03-B054,196,197,199,20,AVAILABLE,116
DC-05,SKU-00706,DC-05-Z09-B004,169,170,170,15,AVAILABLE,2
DC-05,SKU-00904,DC-05-Z04-B048,46,45,43,15,AVAILABLE,173
DC-05,SKU-00905,DC-05-Z06-B046,61,61,64,13,AVAILABLE,82
DC-05,SKU-00196,DC-05-Z01-B069,1,0,1,0,QUARANTINE,91
DC-05,SKU-00279,DC-05-Z10-B015,16,17,16,7,AVAILABLE,158
DC-05,SKU-00838,DC-05-Z09-B026,68,68,68,19,AVAILABLE,147
DC-05,SKU-00193,DC-05-Z05-B006,206,204,209,8,AVAILABLE,149
DC-05,SKU-00889,DC-05-Z03-B063,150,150,150,8,AVAILABLE,106
DC-05,SKU-00946,DC-05-Z09-B055,218,217,218,16,QUARANTINE,149
DC-05,SKU-00431,DC-05-Z02-B015,131,129,131,18,AVAILABLE,46
DC-05,SKU-00920,DC-05-Z05-B017,180,179,180,1,AVAILABLE,137
DC-05,SKU-01081,DC-05-Z02-B041,25,25,25,9,AVAILABLE,138
DC-05,SKU-00935,DC-05-Z08-B058,1,0,1,1,AVAILABLE,100
DC-05,SKU-00290,DC-05-Z09-B065,48,48,47,9,AVAILABLE,78
DC-05,SKU-00316,DC-05-Z01-B049,171,171,168,10,HOLD,161
DC-05,SKU-00824,DC-05-Z08-B052,182,182,181,14,AVAILABLE,118
DC-05,SKU-00531,DC-05-Z06-B008,16,17,16,3,AVAILABLE,75
DC-05,SKU-00366,DC-05-Z12-B029,73,73,74,10,AVAILABLE,11
DC-05,SKU-00533,DC-05-Z11-B034,197,197,194,4,AVAILABLE,164
DC-05,SKU-00855,DC-05-Z07-B039,166,164,165,4,AVAILABLE,118
DC-05,SKU-00411,DC-05-Z04-B020,160,158,159,3,AVAILABLE,179
DC-05,SKU-01180,DC-05-Z04-B065,56,55,53,4,AVAILABLE,177
DC-05,SKU-00088,DC-05-Z09-B039,17,16,17,5,AVAILABLE,175
DC-05,SKU-00977,DC-05-Z04-B001,126,125,126,15,AVAILABLE,39
DC-05,SKU-00878,DC-05-Z07-B006,189,187,189,4,AVAILABLE,137
DC-05,SKU-01172,DC-05-Z11-B079,66,67,66,4,AVAILABLE,25
DC-05,SKU-00641,DC-05-Z05-B047,165,167,164,5,AVAILABLE,89
DC-05,SKU-00884,DC-05-Z03-B024,173,173,176,1,AVAILABLE,61
DC-05,SKU-01144,DC-05-Z08-B040,213,213,210,1,AVAILABLE,24
DC-05,SKU-00195,DC-05-Z03-B062,208,207,209,19,HOLD,163
DC-05,SKU-00337,DC-05-Z07-B062,32,32,32,8,AVAILABLE,117
DC-05,SKU-00148,DC-05-Z05-B015,135,133,138,9,AVAILABLE,69
DC-05,SKU-00254,DC-05-Z02-B065,138,139,137,7,HOLD,55
DC-05,SKU-00257,DC-05-Z11-B058,108,110,107,10,AVAILABLE,69
DC-05,SKU-00908,DC-05-Z09-B070,19,19,22,9,AVAILABLE,159
DC-05,SKU-00113,DC-05-Z09-B005,128,126,131,11,AVAILABLE,33
DC-05,SKU-00833,DC-05-Z10-B018,153,153,153,10,AVAILABLE,1
DC-05,SKU-00923,DC-05-Z12-B035,172,170,175,20,AVAILABLE,90
DC-05,SKU-00676,DC-05-Z03-B046,68,69,68,2,AVAILABLE,82
DC-05,SKU-00350,DC-05-Z03-B035,124,126,124,7,AVAILABLE,31
DC-05,SKU-00948,DC-05-Z03-B076,143,141,144,4,AVAILABLE,28
DC-05,SKU-00375,DC-05-Z10-B065,195,195,194,10,AVAILABLE,132
DC-05,SKU-00820,DC-05-Z03-B044,155,153,158,13,AVAILABLE,82
DC-05,SKU-00978,DC-05-Z03-B040,131,130,130,15,QUARANTINE,29
DC-05,SKU-00738,DC-05-Z10-B068,139,139,139,8,QUARANTINE,121
DC-05,SKU-01036,DC-05-Z08-B003,92,92,92,4,AVAILABLE,87
DC-05,SKU-00109,DC-05-Z02-B069,175,177,176,19,QUARANTINE,65
DC-05,SKU-01107,DC-05-Z02-B021,160,160,159,1,AVAILABLE,33
DC-05,SKU-00118,DC-05-Z07-B008,119,119,116,12,AVAILABLE,136
DC-05,SKU-00177,DC-05-Z03-B006,54,54,57,18,AVAILABLE,1
DC-05,SKU-00700,DC-05-Z02-B055,29,29,29,19,AVAILABLE,92
DC-05,SKU-00945,DC-05-Z05-B016,161,163,160,5,AVAILABLE,17
DC-05,SKU-00312,DC-05-Z08-B020,88,88,88,10,AVAILABLE,97
DC-05,SKU-01086,DC-05-Z05-B008,216,215,217,8,HOLD,156
DC-05,SKU-01077,DC-05-Z05-B001,199,197,199,18,AVAILABLE,92
DC-05,SKU-00397,DC-05-Z08-B009,152,152,151,7,AVAILABLE,112
DC-05,SKU-00554,DC-05-Z04-B043,12,10,15,6,AVAILABLE,129
DC-05,SKU-00964,DC-05-Z12-B015,166,166,166,17,AVAILABLE,31
DC-05,SKU-00012,DC-05-Z08-B012,38,38,38,14,AVAILABLE,151
DC-05,SKU-00682,DC-05-Z01-B033,59,59,59,3,AVAILABLE,177
DC-05,SKU-00305,DC-05-Z01-B012,143,143,143,11,AVAILABLE,151
DC-05,SKU-01024,DC-05-Z12-B055,157,158,156,17,AVAILABLE,147
DC-05,SKU-00487,DC-05-Z09-B076,55,53,52,6,AVAILABLE,172
DC-05,SKU-00582,DC-05-Z10-B012,19,19,18,5,AVAILABLE,111
DC-05,SKU-00172,DC-05-Z01-B040,16,16,16,4,QUARANTINE,54
DC-05,SKU-00710,DC-05-Z06-B048,3,3,3,3,AVAILABLE,79
DC-05,SKU-00457,DC-05-Z11-B013,121,121,120,9,AVAILABLE,19
DC-05,SKU-00233,DC-05-Z05-B042,101,101,100,4,AVAILABLE,172
DC-05,SKU-00354,DC-05-Z05-B020,92,92,92,6,AVAILABLE,92
DC-05,SKU-00142,DC-05-Z03-B017,144,145,141,4,AVAILABLE,74
DC-05,SKU-00204,DC-05-Z09-B063,170,172,170,13,AVAILABLE,20
DC-05,SKU-00486,DC-05-Z04-B019,103,103,106,4,AVAILABLE,2
DC-05,SKU-00544,DC-05-Z08-B035,63,63,66,11,HOLD,61
DC-05,SKU-00672,DC-05-Z03-B004,63,63,63,16,AVAILABLE,167
DC-05,SKU-00429,DC-05-Z04-B043,156,157,159,4,AVAILABLE,88
DC-05,SKU-00886,DC-05-Z08-B065,138,138,141,12,AVAILABLE,88
DC-05,SKU-00678,DC-05-Z10-B064,2,2,2,0,AVAILABLE,158
DC-05,SKU-00834,DC-05-Z08-B051,23,21,23,13,AVAILABLE,16
DC-05,SKU-01035,DC-05-Z04-B010,79,79,80,18,AVAILABLE,18
DC-05,SKU-00864,DC-05-Z06-B010,85,85,88,10,AVAILABLE,52
DC-05,SKU-00437,DC-05-Z05-B041,136,136,139,20,AVAILABLE,91
DC-05,SKU-01176,DC-05-Z08-B064,109,109,106,0,QUARANTINE,175
DC-05,SKU-00292,DC-05-Z12-B020,153,153,152,3,AVAILABLE,18
DC-05,SKU-00069,DC-05-Z04-B059,158,158,159,1,AVAILABLE,8
DC-05,SKU-01002,DC-05-Z05-B001,89,89,86,11,AVAILABLE,14
DC-05,SKU-00629,DC-05-Z09-B044,183,183,186,14,AVAILABLE,136
DC-05,SKU-00624,DC-05-Z10-B004,198,200,197,6,AVAILABLE,64
DC-05,SKU-00546,DC-05-Z09-B015,162,162,162,10,AVAILABLE,116
DC-05,SKU-00336,DC-05-Z07-B051,21,19,18,13,AVAILABLE,147
DC-05,SKU-01163,DC-05-Z10-B068,207,207,206,20,AVAILABLE,41
DC-05,SKU-00140,DC-05-Z06-B005,208,206,209,2,AVAILABLE,6
DC-05,SKU-00328,DC-05-Z10-B052,88,88,85,17,QUARANTINE,10
DC-05,SKU-00092,DC-05-Z04-B046,27,27,26,4,HOLD,175
DC-05,SKU-00221,DC-05-Z12-B048,113,111,113,0,AVAILABLE,88
DC-05,SKU-00483,DC-05-Z04-B013,120,118,120,12,AVAILABLE,109
DC-05,SKU-00456,DC-05-Z12-B023,94,94,97,3,AVAILABLE,21
DC-05,SKU-00642,DC-05-Z08-B063,153,153,156,5,AVAILABLE,83
DC-05,SKU-00655,DC-05-Z03-B029,9,8,9,8,AVAILABLE,77
DC-05,SKU-00239,DC-05-Z06-B012,100,100,100,2,AVAILABLE,118
DC-05,SKU-00862,DC-05-Z04-B052,15,15,16,14,AVAILABLE,144
DC-05,SKU-00778,DC-05-Z01-B032,105,105,102,15,AVAILABLE,138
DC-05,SKU-00534,DC-05-Z11-B013,216,216,216,5,AVAILABLE,154
DC-05,SKU-00182,DC-05-Z10-B078,89,89,86,3,AVAILABLE,97
DC-05,SKU-00386,DC-05-Z10-B004,154,156,155,19,AVAILABLE,91
DC-05,SKU-00256,DC-05-Z11-B045,35,33,36,1,AVAILABLE,48
DC-05,SKU-00947,DC-05-Z04-B025,67,67,70,17,AVAILABLE,141
DC-05,SKU-01152,DC-05-Z10-B017,128,127,128,15,AVAILABLE,157
DC-05,SKU-00332,DC-05-Z11-B010,155,155,158,11,AVAILABLE,118
DC-05,SKU-00121,DC-05-Z02-B001,23,21,23,0,AVAILABLE,10
DC-05,SKU-00785,DC-05-Z08-B054,209,209,210,14,QUARANTINE,168
DC-05,SKU-01099,DC-05-Z07-B057,10,10,9,4,AVAILABLE,92
DC-05,SKU-00847,DC-05-Z03-B038,7,7,6,4,QUARANTINE,32
DC-05,SKU-00267,DC-05-Z02-B045,161,161,161,5,AVAILABLE,61
DC-05,SKU-00004,DC-05-Z06-B056,57,56,57,10,AVAILABLE,103
DC-05,SKU-00299,DC-05-Z01-B046,32,32,31,17,AVAILABLE,79
DC-05,SKU-00127,DC-05-Z07-B035,190,192,191,3,AVAILABLE,164
DC-05,SKU-00911,DC-05-Z04-B041,8,6,8,1,AVAILABLE,159
DC-05,SKU-00355,DC-05-Z04-B007,76,76,77,9,AVAILABLE,73
DC-05,SKU-00791,DC-05-Z06-B041,5,5,8,0,AVAILABLE,159
DC-05,SKU-00893,DC-05-Z12-B035,155,156,152,17,AVAILABLE,94
DC-05,SKU-00930,DC-05-Z11-B024,60,58,59,17,AVAILABLE,54
DC-05,SKU-00578,DC-05-Z08-B049,213,213,214,4,AVAILABLE,57
DC-05,SKU-00154,DC-05-Z01-B060,72,72,73,11,QUARANTINE,45
DC-05,SKU-01171,DC-05-Z03-B075,21,21,21,12,QUARANTINE,92
DC-05,SKU-00613,DC-05-Z03-B040,48,47,48,9,AVAILABLE,29
DC-05,SKU-00015,DC-05-Z09-B007,97,97,96,9,AVAILABLE,86
DC-05,SKU-00950,DC-05-Z04-B037,46,46,47,10,AVAILABLE,159
DC-05,SKU-00638,DC-05-Z02-B033,42,40,42,9,HOLD,152
DC-05,SKU-00750,DC-05-Z05-B025,71,73,71,14,AVAILABLE,134
DC-05,SKU-01149,DC-05-Z08-B052,152,152,152,4,AVAILABLE,164
DC-05,SKU-00779,DC-05-Z11-B031,36,36,33,8,AVAILABLE,19
DC-05,SKU-00231,DC-05-Z05-B059,64,64,64,1,AVAILABLE,44
DC-05,SKU-01032,DC-05-Z01-B058,167,166,170,0,AVAILABLE,42
DC-05,SKU-00649,DC-05-Z07-B063,197,195,194,20,AVAILABLE,97
DC-05,SKU-00317,DC-05-Z10-B034,96,96,95,14,AVAILABLE,99
DC-05,SKU-00805,DC-05-Z02-B025,217,217,214,1,AVAILABLE,34
DC-05,SKU-00572,DC-05-Z08-B057,201,201,204,6,AVAILABLE,13
DC-05,SKU-00804,DC-05-Z11-B046,122,123,121,17,AVAILABLE,171
DC-05,SKU-00667,DC-05-Z07-B078,39,39,40,20,QUARANTINE,39
DC-05,SKU-00470,DC-05-Z04-B034,28,28,28,14,AVAILABLE,129
DC-05,SKU-00852,DC-05-Z01-B024,78,78,78,12,AVAILABLE,111
DC-05,SKU-00038,DC-05-Z10-B013,0,0,0,0,AVAILABLE,15
DC-05,SKU-00209,DC-05-Z09-B010,122,123,122,5,QUARANTINE,133
DC-05,SKU-00509,DC-05-Z06-B040,159,161,156,16,AVAILABLE,21
DC-05,SKU-00901,DC-05-Z03-B036,212,212,215,0,AVAILABLE,109
DC-05,SKU-01078,DC-05-Z01-B022,187,188,187,17,AVAILABLE,27
DC-05,SKU-00504,DC-05-Z11-B036,178,176,175,10,AVAILABLE,59
DC-05,SKU-00323,DC-05-Z07-B067,89,90,89,11,AVAILABLE,17
DC-05,SKU-00277,DC-05-Z10-B029,137,137,137,19,AVAILABLE,59
DC-05,SKU-00669,DC-05-Z01-B021,19,20,16,4,AVAILABLE,175
DC-05,SKU-00168,DC-05-Z02-B018,127,127,128,10,AVAILABLE,140
DC-05,SKU-00883,DC-05-Z09-B057,65,65,65,11,AVAILABLE,171
DC-05,SKU-00523,DC-05-Z01-B015,128,128,128,5,AVAILABLE,10
DC-05,SKU-01073,DC-05-Z08-B077,8,8,7,6,AVAILABLE,101
DC-05,SKU-00936,DC-05-Z12-B023,50,50,53,6,AVAILABLE,77
DC-05,SKU-00902,DC-05-Z07-B074,34,32,35,2,AVAILABLE,32
DC-05,SKU-00340,DC-05-Z01-B057,116,116,119,3,AVAILABLE,30
DC-05,SKU-01113,DC-05-Z03-B077,36,36,39,9,AVAILABLE,49
DC-05,SKU-00404,DC-05-Z01-B005,145,147,146,1,AVAILABLE,171
DC-05,SKU-00755,DC-05-Z04-B040,76,77,75,1,AVAILABLE,7
DC-05,SKU-00859,DC-05-Z08-B062,4,4,4,4,AVAILABLE,146
DC-05,SKU-00081,DC-05-Z01-B030,44,43,45,12,AVAILABLE,13
DC-05,SKU-00413,DC-05-Z01-B041,204,202,201,7,AVAILABLE,149
DC-05,SKU-00653,DC-05-Z07-B003,117,117,120,9,AVAILABLE,48
DC-05,SKU-00160,DC-05-Z09-B019,16,16,15,6,QUARANTINE,13
DC-05,SKU-00736,DC-05-Z12-B044,6,6,6,3,QUARANTINE,151
DC-05,SKU-01033,DC-05-Z02-B049,47,45,48,2,AVAILABLE,170
DC-05,SKU-00443,DC-05-Z06-B019,3,3,3,2,AVAILABLE,121
DC-05,SKU-00742,DC-05-Z09-B016,200,200,197,16,AVAILABLE,141
DC-05,SKU-00326,DC-05-Z03-B030,172,170,173,4,AVAILABLE,176
DC-06,SKU-00062,DC-06-Z02-B021,219,219,219,2,AVAILABLE,0
DC-06,SKU-00055,DC-06-Z05-B039,162,162,162,4,AVAILABLE,85
DC-06,SKU-00663,DC-06-Z02-B074,8,8,11,1,QUARANTINE,52
DC-06,SKU-00626,DC-06-Z02-B055,147,147,148,0,AVAILABLE,9
DC-06,SKU-00257,DC-06-Z09-B014,48,48,48,19,AVAILABLE,156
DC-06,SKU-00413,DC-06-Z09-B008,24,26,21,1,AVAILABLE,47
DC-06,SKU-00244,DC-06-Z10-B036,206,208,203,10,AVAILABLE,116
DC-06,SKU-00280,DC-06-Z03-B016,113,111,116,10,AVAILABLE,89
DC-06,SKU-00631,DC-06-Z05-B080,27,28,28,6,AVAILABLE,74
DC-06,SKU-00121,DC-06-Z10-B040,103,104,106,20,HOLD,86
DC-06,SKU-00955,DC-06-Z06-B055,110,111,113,7,AVAILABLE,143
DC-06,SKU-00963,DC-06-Z03-B041,40,40,39,19,AVAILABLE,164
DC-06,SKU-00059,DC-06-Z09-B007,79,79,78,3,QUARANTINE,113
DC-06,SKU-00861,DC-06-Z07-B070,59,59,58,6,AVAILABLE,70
DC-06,SKU-00044,DC-06-Z08-B057,39,37,42,9,AVAILABLE,62
DC-06,SKU-01078,DC-06-Z04-B071,218,218,221,6,AVAILABLE,178
DC-06,SKU-00824,DC-06-Z02-B017,194,194,195,10,AVAILABLE,135
DC-06,SKU-01086,DC-06-Z03-B043,22,22,21,19,AVAILABLE,100
DC-06,SKU-01016,DC-06-Z02-B025,214,213,214,1,AVAILABLE,22
DC-06,SKU-00308,DC-06-Z01-B002,190,191,193,12,AVAILABLE,44
DC-06,SKU-00129,DC-06-Z05-B011,181,179,184,12,AVAILABLE,178
DC-06,SKU-00965,DC-06-Z12-B073,85,87,84,20,AVAILABLE,124
DC-06,SKU-01162,DC-06-Z12-B032,107,106,110,0,AVAILABLE,77
DC-06,SKU-00098,DC-06-Z07-B077,187,189,186,12,AVAILABLE,9
DC-06,SKU-00923,DC-06-Z07-B051,93,93,90,16,AVAILABLE,15
DC-06,SKU-00148,DC-06-Z09-B036,27,27,30,18,AVAILABLE,154
DC-06,SKU-00282,DC-06-Z07-B036,200,199,201,10,AVAILABLE,87
DC-06,SKU-00485,DC-06-Z02-B014,9,9,8,4,AVAILABLE,74
DC-06,SKU-00906,DC-06-Z08-B002,126,126,126,17,AVAILABLE,4
DC-06,SKU-01193,DC-06-Z06-B029,56,56,56,19,AVAILABLE,148
DC-06,SKU-00114,DC-06-Z04-B072,53,52,53,18,AVAILABLE,96
DC-06,SKU-01006,DC-06-Z07-B055,153,155,152,19,AVAILABLE,120
DC-06,SKU-01173,DC-06-Z05-B050,37,37,34,15,AVAILABLE,50
DC-06,SKU-00858,DC-06-Z07-B069,32,32,32,11,AVAILABLE,3
DC-06,SKU-00922,DC-06-Z02-B053,215,217,212,6,HOLD,117
DC-06,SKU-00874,DC-06-Z01-B005,22,21,22,19,AVAILABLE,87
DC-06,SKU-00738,DC-06-Z02-B061,88,88,87,5,AVAILABLE,47
DC-06,SKU-00920,DC-06-Z05-B040,174,172,177,8,AVAILABLE,62
DC-06,SKU-00128,DC-06-Z07-B056,143,141,140,11,AVAILABLE,34
DC-06,SKU-00655,DC-06-Z02-B073,215,215,215,14,QUARANTINE,68
DC-06,SKU-00957,DC-06-Z09-B057,12,10,12,0,AVAILABLE,99
DC-06,SKU-00220,DC-06-Z05-B047,10,10,13,5,AVAILABLE,157
DC-06,SKU-01073,DC-06-Z12-B018,108,107,108,7,AVAILABLE,142
DC-06,SKU-00177,DC-06-Z06-B003,87,89,86,9,AVAILABLE,48
DC-06,SKU-00786,DC-06-Z04-B059,73,75,76,0,AVAILABLE,164
DC-06,SKU-01139,DC-06-Z06-B006,85,87,85,11,AVAILABLE,25
DC-06,SKU-00264,DC-06-Z05-B013,37,37,34,8,AVAILABLE,14
DC-06,SKU-01062,DC-06-Z12-B075,97,95,94,7,AVAILABLE,113
DC-06,SKU-00448,DC-06-Z01-B075,177,177,177,13,AVAILABLE,0
DC-06,SKU-01012,DC-06-Z07-B034,89,88,92,16,AVAILABLE,43
DC-06,SKU-00997,DC-06-Z03-B056,173,172,174,18,AVAILABLE,87
DC-06,SKU-00004,DC-06-Z04-B019,30,29,27,15,HOLD,132
DC-06,SKU-00212,DC-06-Z03-B028,53,53,50,4,AVAILABLE,178
DC-06,SKU-00187,DC-06-Z11-B078,47,47,50,18,AVAILABLE,42
DC-06,SKU-01077,DC-06-Z07-B073,154,154,154,13,AVAILABLE,110
DC-06,SKU-00068,DC-06-Z12-B050,206,206,207,7,AVAILABLE,92
DC-06,SKU-00994,DC-06-Z04-B014,73,71,72,12,AVAILABLE,89
DC-06,SKU-00110,DC-06-Z10-B001,78,77,78,12,AVAILABLE,157
DC-06,SKU-00082,DC-06-Z09-B008,197,197,200,9,AVAILABLE,78
DC-06,SKU-00947,DC-06-Z03-B021,33,31,32,6,AVAILABLE,104
DC-06,SKU-01147,DC-06-Z01-B056,177,177,176,12,AVAILABLE,127
DC-06,SKU-00956,DC-06-Z03-B070,167,169,168,11,AVAILABLE,176
DC-06,SKU-00032,DC-06-Z08-B064,207,205,207,9,AVAILABLE,167
DC-06,SKU-00610,DC-06-Z02-B033,86,84,86,13,AVAILABLE,143
DC-06,SKU-01170,DC-06-Z11-B080,138,138,138,11,AVAILABLE,69
DC-06,SKU-00096,DC-06-Z10-B011,98,96,97,20,AVAILABLE,102
DC-06,SKU-00964,DC-06-Z09-B041,27,27,30,13,QUARANTINE,100
DC-06,SKU-00494,DC-06-Z05-B038,210,210,210,20,AVAILABLE,139
DC-06,SKU-01005,DC-06-Z06-B076,168,168,169,10,AVAILABLE,172
DC-06,SKU-01085,DC-06-Z10-B048,66,66,67,17,AVAILABLE,9
DC-06,SKU-00625,DC-06-Z12-B008,108,108,105,11,HOLD,60
DC-06,SKU-00717,DC-06-Z05-B050,71,71,68,3,AVAILABLE,126
DC-06,SKU-00427,DC-06-Z07-B029,209,209,210,7,AVAILABLE,149
DC-06,SKU-01074,DC-06-Z06-B041,10,10,10,1,AVAILABLE,30
DC-06,SKU-00553,DC-06-Z10-B009,47,47,50,12,AVAILABLE,102
DC-06,SKU-00835,DC-06-Z03-B062,114,116,114,14,AVAILABLE,158
DC-06,SKU-01044,DC-06-Z08-B003,157,159,156,15,AVAILABLE,152
DC-06,SKU-01198,DC-06-Z04-B033,184,185,184,18,AVAILABLE,111
DC-06,SKU-00315,DC-06-Z01-B059,30,31,29,15,AVAILABLE,35
DC-06,SKU-00704,DC-06-Z01-B014,214,215,214,14,AVAILABLE,163
DC-06,SKU-00197,DC-06-Z07-B067,139,139,139,10,AVAILABLE,145
DC-06,SKU-00781,DC-06-Z04-B049,5,3,2,5,AVAILABLE,60
DC-06,SKU-00372,DC-06-Z12-B038,20,20,20,1,AVAILABLE,82
DC-06,SKU-00808,DC-06-Z05-B068,8,7,8,7,AVAILABLE,58
DC-06,SKU-00512,DC-06-Z08-B024,0,1,0,0,HOLD,98
DC-06,SKU-00801,DC-06-Z08-B061,57,57,60,0,AVAILABLE,94
DC-06,SKU-00536,DC-06-Z04-B038,24,24,23,7,AVAILABLE,23
DC-06,SKU-01017,DC-06-Z08-B036,205,205,205,15,HOLD,100
DC-06,SKU-00029,DC-06-Z01-B002,140,140,139,11,HOLD,132
DC-06,SKU-00505,DC-06-Z01-B050,167,168,170,7,AVAILABLE,156
DC-06,SKU-00074,DC-06-Z05-B038,12,14,12,4,QUARANTINE,98
DC-06,SKU-00821,DC-06-Z06-B002,1,3,1,1,AVAILABLE,145
DC-06,SKU-00714,DC-06-Z05-B062,4,6,7,4,AVAILABLE,85
DC-06,SKU-00496,DC-06-Z12-B072,113,114,110,0,HOLD,18
DC-06,SKU-00089,DC-06-Z08-B026,124,124,124,19,AVAILABLE,159
DC-06,SKU-00222,DC-06-Z01-B038,212,210,212,1,AVAILABLE,67
DC-06,SKU-00822,DC-06-Z08-B045,206,206,206,1,AVAILABLE,173
DC-06,SKU-00184,DC-06-Z05-B074,101,101,101,12,HOLD,82
DC-06,SKU-01033,DC-06-Z09-B046,212,212,213,15,AVAILABLE,12
DC-06,SKU-00176,DC-06-Z05-B006,177,177,178,6,AVAILABLE,145
DC-06,SKU-00455,DC-06-Z05-B029,32,32,32,9,AVAILABLE,143
DC-06,SKU-00225,DC-06-Z04-B022,165,165,162,3,AVAILABLE,86
DC-06,SKU-00160,DC-06-Z01-B013,216,216,216,12,AVAILABLE,175
DC-06,SKU-00665,DC-06-Z12-B038,187,187,190,9,AVAILABLE,52
DC-06,SKU-00388,DC-06-Z06-B033,204,204,204,6,AVAILABLE,110
DC-06,SKU-01042,DC-06-Z03-B001,109,109,110,18,AVAILABLE,112
DC-06,SKU-00740,DC-06-Z05-B050,184,184,184,19,AVAILABLE,12
DC-06,SKU-00441,DC-06-Z08-B076,159,159,162,16,AVAILABLE,172
DC-06,SKU-01115,DC-06-Z10-B080,214,216,213,19,AVAILABLE,165
DC-06,SKU-00632,DC-06-Z08-B075,210,209,211,13,AVAILABLE,152
DC-06,SKU-00458,DC-06-Z10-B024,104,103,103,11,QUARANTINE,58
DC-06,SKU-00628,DC-06-Z03-B029,83,83,83,6,AVAILABLE,10
DC-06,SKU-00231,DC-06-Z06-B016,206,206,206,5,AVAILABLE,58
DC-06,SKU-00842,DC-06-Z09-B039,58,56,61,14,AVAILABLE,107
DC-06,SKU-00178,DC-06-Z12-B056,62,62,59,9,AVAILABLE,105
DC-06,SKU-01047,DC-06-Z06-B073,130,128,130,15,AVAILABLE,33
DC-06,SKU-00773,DC-06-Z08-B021,161,161,161,17,AVAILABLE,23
DC-06,SKU-01055,DC-06-Z06-B012,120,121,117,20,AVAILABLE,161
DC-06,SKU-00674,DC-06-Z01-B008,172,172,169,4,HOLD,136
DC-06,SKU-00086,DC-06-Z09-B052,103,102,106,13,AVAILABLE,58
DC-06,SKU-00803,DC-06-Z09-B045,160,160,159,3,AVAILABLE,16
DC-06,SKU-00295,DC-06-Z11-B042,76,76,76,15,AVAILABLE,87
DC-06,SKU-01064,DC-06-Z12-B050,84,84,84,1,AVAILABLE,173
DC-06,SKU-00918,DC-06-Z02-B065,205,204,205,20,AVAILABLE,130
DC-06,SKU-00618,DC-06-Z08-B043,80,82,80,6,AVAILABLE,82
DC-06,SKU-00983,DC-06-Z07-B056,24,24,24,6,AVAILABLE,161
DC-06,SKU-01011,DC-06-Z05-B042,106,105,106,2,AVAILABLE,74
DC-06,SKU-00760,DC-06-Z01-B037,54,55,57,13,AVAILABLE,47
DC-06,SKU-00578,DC-06-Z12-B060,52,52,52,1,AVAILABLE,97
DC-06,SKU-00722,DC-06-Z06-B023,196,198,193,0,AVAILABLE,67
DC-06,SKU-00297,DC-06-Z07-B004,74,72,77,8,HOLD,47
DC-06,SKU-01007,DC-06-Z07-B050,30,29,30,10,AVAILABLE,68
DC-06,SKU-00597,DC-06-Z09-B062,112,111,111,6,AVAILABLE,68
DC-06,SKU-00780,DC-06-Z05-B045,22,21,22,18,AVAILABLE,74
DC-06,SKU-00398,DC-06-Z02-B016,130,131,130,16,AVAILABLE,36
DC-06,SKU-01102,DC-06-Z01-B033,116,114,116,13,AVAILABLE,66
DC-06,SKU-00829,DC-06-Z10-B033,215,215,218,5,AVAILABLE,66
DC-06,SKU-01034,DC-06-Z06-B013,33,34,33,20,AVAILABLE,5
DC-06,SKU-01190,DC-06-Z01-B072,30,31,30,15,AVAILABLE,43
DC-06,SKU-00155,DC-06-Z07-B067,169,168,169,17,HOLD,136
DC-06,SKU-00410,DC-06-Z11-B037,127,129,127,10,AVAILABLE,25
DC-06,SKU-00009,DC-06-Z04-B054,80,80,81,5,AVAILABLE,87
DC-06,SKU-00777,DC-06-Z11-B039,123,123,124,10,AVAILABLE,129
DC-06,SKU-00090,DC-06-Z05-B058,137,136,136,7,AVAILABLE,59
DC-06,SKU-00658,DC-06-Z09-B004,144,144,144,9,AVAILABLE,132
DC-06,SKU-00038,DC-06-Z01-B016,29,29,32,13,AVAILABLE,92
DC-06,SKU-00830,DC-06-Z06-B046,70,68,73,20,AVAILABLE,8
DC-06,SKU-00546,DC-06-Z04-B032,181,181,181,6,AVAILABLE,14
DC-06,SKU-00277,DC-06-Z03-B060,90,90,89,11,AVAILABLE,15
DC-06,SKU-00532,DC-06-Z02-B045,147,147,147,13,AVAILABLE,119
DC-06,SKU-00600,DC-06-Z02-B009,89,89,88,9,AVAILABLE,94
DC-06,SKU-00318,DC-06-Z11-B058,102,103,102,14,QUARANTINE,23
DC-06,SKU-00397,DC-06-Z07-B026,87,85,87,5,HOLD,96
DC-06,SKU-00109,DC-06-Z06-B066,149,150,152,19,AVAILABLE,58
DC-06,SKU-00752,DC-06-Z03-B012,38,38,35,20,AVAILABLE,150
DC-06,SKU-01072,DC-06-Z12-B043,170,170,173,20,AVAILABLE,74
DC-06,SKU-00882,DC-06-Z07-B054,56,58,56,9,AVAILABLE,103
DC-06,SKU-01174,DC-06-Z01-B071,189,188,192,11,AVAILABLE,34
DC-06,SKU-01032,DC-06-Z10-B001,71,71,72,12,AVAILABLE,148
DC-06,SKU-00179,DC-06-Z09-B043,142,143,145,12,AVAILABLE,67
DC-06,SKU-01063,DC-06-Z03-B015,59,59,56,7,AVAILABLE,77
DC-06,SKU-00817,DC-06-Z01-B067,126,128,125,15,AVAILABLE,126
DC-06,SKU-00744,DC-06-Z03-B067,203,205,202,0,AVAILABLE,176
DC-06,SKU-00394,DC-06-Z11-B056,106,106,105,6,HOLD,88
DC-06,SKU-01123,DC-06-Z07-B031,163,163,163,8,AVAILABLE,23
DC-06,SKU-00668,DC-06-Z09-B041,167,167,164,0,AVAILABLE,29
DC-06,SKU-00629,DC-06-Z03-B024,123,123,123,19,AVAILABLE,85
DC-06,SKU-00545,DC-06-Z08-B032,30,29,31,4,AVAILABLE,128
DC-06,SKU-00977,DC-06-Z11-B004,47,48,47,18,AVAILABLE,14
DC-06,SKU-00936,DC-06-Z12-B025,14,14,14,10,AVAILABLE,163
DC-06,SKU-00205,DC-06-Z02-B008,153,151,153,15,AVAILABLE,72
DC-06,SKU-00230,DC-06-Z09-B039,141,140,141,15,AVAILABLE,124
DC-06,SKU-00542,DC-06-Z01-B076,134,132,133,12,QUARANTINE,84
DC-06,SKU-00992,DC-06-Z08-B074,78,77,77,1,AVAILABLE,159
DC-06,SKU-00006,DC-06-Z11-B065,206,206,203,5,AVAILABLE,152
DC-06,SKU-00026,DC-06-Z02-B017,20,22,20,14,QUARANTINE,7
DC-06,SKU-00200,DC-06-Z11-B064,95,95,95,0,QUARANTINE,13
DC-06,SKU-00848,DC-06-Z01-B046,5,3,2,0,AVAILABLE,86
DC-06,SKU-00825,DC-06-Z03-B033,172,173,172,20,AVAILABLE,137
DC-06,SKU-00862,DC-06-Z08-B066,149,147,148,1,AVAILABLE,29
DC-06,SKU-00126,DC-06-Z05-B058,187,187,190,5,AVAILABLE,40
DC-06,SKU-00087,DC-06-Z01-B022,16,14,17,6,AVAILABLE,177
DC-06,SKU-00677,DC-06-Z08-B052,164,164,164,11,HOLD,63
DC-06,SKU-00369,DC-06-Z01-B013,169,169,172,7,AVAILABLE,104
DC-06,SKU-00524,DC-06-Z03-B016,153,155,152,1,AVAILABLE,76
DC-06,SKU-00517,DC-06-Z05-B004,200,200,201,7,AVAILABLE,9
DC-06,SKU-01075,DC-06-Z11-B061,166,166,169,6,AVAILABLE,105
DC-06,SKU-00041,DC-06-Z11-B036,95,97,98,4,AVAILABLE,86
DC-06,SKU-00291,DC-06-Z04-B057,12,11,15,6,QUARANTINE,163
DC-06,SKU-00648,DC-06-Z07-B058,119,117,119,17,HOLD,133
DC-06,SKU-00650,DC-06-Z04-B044,98,97,98,10,AVAILABLE,109
DC-06,SKU-00816,DC-06-Z05-B011,109,107,106,4,HOLD,39
DC-06,SKU-01110,DC-06-Z06-B079,48,46,48,20,AVAILABLE,166
DC-06,SKU-00216,DC-06-Z06-B019,55,55,54,7,AVAILABLE,140
DC-06,SKU-01189,DC-06-Z12-B072,141,141,144,20,AVAILABLE,96
DC-06,SKU-00758,DC-06-Z04-B020,72,71,72,15,AVAILABLE,146
DC-06,SKU-00350,DC-06-Z03-B034,120,120,120,9,AVAILABLE,159
DC-06,SKU-00033,DC-06-Z10-B005,203,202,200,8,AVAILABLE,97
DC-06,SKU-00195,DC-06-Z09-B038,171,171,171,17,AVAILABLE,116
DC-06,SKU-01183,DC-06-Z11-B041,70,72,71,11,AVAILABLE,120
DC-06,SKU-01060,DC-06-Z03-B030,143,143,143,7,AVAILABLE,51
DC-06,SKU-00296,DC-06-Z09-B051,184,184,184,16,AVAILABLE,98
DC-06,SKU-00796,DC-06-Z02-B017,97,97,96,13,AVAILABLE,48
DC-06,SKU-00603,DC-06-Z01-B007,34,36,35,16,AVAILABLE,15
DC-06,SKU-00641,DC-06-Z04-B051,30,30,30,1,AVAILABLE,64
DC-06,SKU-00890,DC-06-Z01-B042,101,101,101,19,AVAILABLE,116
DC-06,SKU-00570,DC-06-Z03-B028,217,219,217,3,AVAILABLE,105
DC-06,SKU-00194,DC-06-Z12-B079,183,183,183,14,AVAILABLE,172
DC-06,SKU-01054,DC-06-Z03-B014,112,114,113,19,AVAILABLE,22
DC-06,SKU-01200,DC-06-Z02-B039,37,36,34,17,AVAILABLE,4
DC-06,SKU-01028,DC-06-Z07-B018,162,162,163,18,AVAILABLE,43
DC-06,SKU-00869,DC-06-Z04-B036,106,106,106,8,AVAILABLE,162
DC-06,SKU-00978,DC-06-Z07-B035,20,20,20,20,AVAILABLE,13
DC-06,SKU-00015,DC-06-Z04-B020,76,76,79,1,AVAILABLE,13
DC-06,SKU-00313,DC-06-Z06-B005,87,85,84,14,AVAILABLE,18
DC-06,SKU-01196,DC-06-Z04-B001,70,70,70,0,AVAILABLE,137
DC-06,SKU-01022,DC-06-Z07-B002,163,163,166,12,AVAILABLE,156
DC-06,SKU-00590,DC-06-Z03-B066,67,68,68,9,AVAILABLE,14
DC-06,SKU-00682,DC-06-Z06-B049,209,207,208,17,QUARANTINE,109
DC-06,SKU-00477,DC-06-Z10-B016,69,71,68,9,AVAILABLE,171
DC-06,SKU-01118,DC-06-Z04-B060,190,190,190,3,AVAILABLE,130
DC-06,SKU-00996,DC-06-Z07-B009,34,32,34,13,AVAILABLE,51
DC-06,SKU-00078,DC-06-Z06-B028,73,75,70,1,AVAILABLE,114
DC-06,SKU-01150,DC-06-Z04-B073,61,63,60,20,AVAILABLE,166
DC-06,SKU-00275,DC-06-Z05-B016,77,79,74,20,QUARANTINE,38
DC-06,SKU-00431,DC-06-Z06-B068,65,65,64,10,AVAILABLE,110
DC-06,SKU-00322,DC-06-Z12-B067,166,165,165,4,AVAILABLE,115
DC-06,SKU-00915,DC-06-Z07-B041,120,120,117,4,AVAILABLE,168
DC-06,SKU-01104,DC-06-Z10-B003,214,214,215,11,AVAILABLE,29
DC-06,SKU-00940,DC-06-Z03-B041,204,202,203,11,AVAILABLE,62
DC-06,SKU-01083,DC-06-Z03-B065,132,134,133,3,QUARANTINE,110
DC-06,SKU-00167,DC-06-Z06-B051,100,100,100,4,AVAILABLE,130
DC-06,SKU-01154,DC-06-Z11-B022,114,114,114,18,AVAILABLE,179
DC-06,SKU-00609,DC-06-Z07-B046,67,67,70,14,QUARANTINE,81
DC-06,SKU-00604,DC-06-Z01-B005,136,135,133,19,HOLD,11
DC-06,SKU-00788,DC-06-Z01-B063,133,133,132,12,AVAILABLE,130
DC-06,SKU-00467,DC-06-Z04-B075,162,164,163,0,AVAILABLE,178
DC-06,SKU-01057,DC-06-Z06-B045,67,67,68,5,AVAILABLE,27
DC-06,SKU-00718,DC-06-Z09-B031,131,131,131,19,HOLD,132
DC-06,SKU-00210,DC-06-Z03-B002,56,54,57,0,QUARANTINE,105
DC-06,SKU-00637,DC-06-Z01-B053,213,214,213,3,AVAILABLE,125
DC-06,SKU-00748,DC-06-Z08-B040,59,58,56,11,AVAILABLE,179
DC-06,SKU-00345,DC-06-Z11-B039,10,11,13,0,AVAILABLE,145
DC-06,SKU-00049,DC-06-Z03-B048,176,176,173,7,QUARANTINE,103
DC-06,SKU-00061,DC-06-Z06-B046,40,41,40,3,AVAILABLE,130
DC-06,SKU-00305,DC-06-Z01-B028,101,101,104,13,AVAILABLE,146
DC-06,SKU-00841,DC-06-Z03-B057,120,120,121,17,AVAILABLE,51
DC-06,SKU-00174,DC-06-Z10-B023,182,184,179,2,AVAILABLE,169
DC-06,SKU-01165,DC-06-Z06-B061,112,112,112,19,AVAILABLE,81
DC-06,SKU-01177,DC-06-Z05-B001,174,174,174,11,AVAILABLE,109
DC-06,SKU-00946,DC-06-Z03-B064,35,35,38,9,QUARANTINE,99
DC-06,SKU-00379,DC-06-Z11-B056,68,68,68,1,AVAILABLE,32
DC-06,SKU-00666,DC-06-Z03-B080,64,65,65,9,AVAILABLE,83
DC-06,SKU-00985,DC-06-Z03-B038,196,196,197,4,AVAILABLE,81
DC-06,SKU-00605,DC-06-Z08-B023,100,98,100,18,AVAILABLE,12
DC-06,SKU-00396,DC-06-Z09-B066,167,167,166,6,AVAILABLE,168
DC-06,SKU-00139,DC-06-Z04-B034,21,22,21,11,QUARANTINE,64
DC-06,SKU-00385,DC-06-Z10-B032,101,103,101,5,AVAILABLE,99
DC-06,SKU-00569,DC-06-Z10-B066,108,108,111,10,AVAILABLE,51
DC-06,SKU-00850,DC-06-Z06-B013,215,216,218,6,HOLD,40
DC-06,SKU-01030,DC-06-Z12-B001,33,33,33,6,AVAILABLE,84
DC-06,SKU-00684,DC-06-Z01-B003,34,34,31,15,HOLD,50
DC-06,SKU-00236,DC-06-Z02-B033,152,152,152,9,AVAILABLE,92
DC-06,SKU-00002,DC-06-Z07-B029,217,217,217,10,AVAILABLE,135
DC-06,SKU-00375,DC-06-Z10-B080,83,85,82,0,HOLD,122
DC-06,SKU-00366,DC-06-Z06-B013,110,110,110,12,AVAILABLE,70
DC-06,SKU-00573,DC-06-Z02-B070,71,73,71,12,AVAILABLE,136
DC-06,SKU-00478,DC-06-Z06-B021,18,18,19,12,AVAILABLE,177
DC-06,SKU-01014,DC-06-Z12-B008,179,180,182,10,AVAILABLE,55
DC-06,SKU-00979,DC-06-Z03-B043,141,141,140,20,AVAILABLE,115
DC-06,SKU-00143,DC-06-Z11-B049,216,216,213,15,AVAILABLE,138
DC-06,SKU-00660,DC-06-Z03-B018,91,91,94,18,AVAILABLE,117
DC-06,SKU-00521,DC-06-Z01-B070,151,151,151,7,QUARANTINE,112
DC-06,SKU-00583,DC-06-Z09-B073,59,59,56,4,AVAILABLE,135
DC-06,SKU-00456,DC-06-Z12-B028,197,198,197,11,AVAILABLE,43
DC-06,SKU-00287,DC-06-Z01-B023,50,50,51,19,AVAILABLE,104
DC-06,SKU-00446,DC-06-Z03-B038,130,130,133,2,AVAILABLE,95
DC-06,SKU-00743,DC-06-Z06-B011,87,87,87,6,AVAILABLE,121
DC-06,SKU-00298,DC-06-Z01-B064,205,207,205,14,AVAILABLE,25
DC-06,SKU-00171,DC-06-Z08-B014,158,158,158,12,AVAILABLE,36
DC-06,SKU-00157,DC-06-Z04-B058,134,135,135,12,AVAILABLE,31
DC-06,SKU-01098,DC-06-Z11-B022,122,120,123,12,AVAILABLE,63
DC-06,SKU-00163,DC-06-Z12-B031,164,164,163,13,AVAILABLE,30
DC-06,SKU-00266,DC-06-Z06-B029,154,155,154,4,AVAILABLE,26
DC-06,SKU-01178,DC-06-Z01-B002,78,78,78,3,AVAILABLE,68
DC-06,SKU-00140,DC-06-Z06-B066,206,204,209,17,HOLD,103
DC-06,SKU-00527,DC-06-Z07-B004,27,26,27,16,AVAILABLE,136
DC-06,SKU-00393,DC-06-Z01-B018,205,205,208,5,AVAILABLE,21
DC-06,SKU-00703,DC-06-Z07-B003,32,32,35,17,AVAILABLE,140
DC-06,SKU-01158,DC-06-Z12-B063,8,7,11,3,AVAILABLE,30
DC-06,SKU-01009,DC-06-Z01-B077,214,214,214,3,AVAILABLE,22
DC-06,SKU-00845,DC-06-Z07-B039,36,34,36,16,AVAILABLE,95
DC-06,SKU-01045,DC-06-Z08-B039,120,118,119,2,AVAILABLE,85
DC-06,SKU-00932,DC-06-Z08-B026,32,33,35,19,AVAILABLE,37
DC-06,SKU-00304,DC-06-Z04-B031,186,186,189,12,AVAILABLE,31
DC-06,SKU-00263,DC-06-Z09-B049,155,157,155,17,HOLD,161
DC-06,SKU-00260,DC-06-Z10-B015,82,84,82,0,AVAILABLE,175
DC-06,SKU-00531,DC-06-Z07-B057,155,155,156,17,AVAILABLE,93
DC-06,SKU-00771,DC-06-Z03-B069,212,212,212,14,AVAILABLE,132
DC-06,SKU-00526,DC-06-Z10-B007,76,76,75,1,AVAILABLE,49
DC-06,SKU-00689,DC-06-Z01-B069,46,44,46,2,QUARANTINE,139
DC-06,SKU-00887,DC-06-Z06-B077,109,109,112,19,AVAILABLE,135
DC-06,SKU-00593,DC-06-Z05-B035,100,99,97,6,AVAILABLE,90
DC-06,SKU-00337,DC-06-Z03-B004,201,201,202,9,AVAILABLE,58
DC-06,SKU-00779,DC-06-Z07-B075,192,192,192,10,AVAILABLE,157
DC-06,SKU-00554,DC-06-Z08-B041,153,151,152,5,AVAILABLE,120
DC-06,SKU-00452,DC-06-Z07-B028,183,183,183,5,AVAILABLE,69
DC-06,SKU-00893,DC-06-Z07-B035,84,84,84,1,QUARANTINE,105
DC-06,SKU-00924,DC-06-Z04-B068,1,1,2,1,AVAILABLE,39
DC-06,SKU-00520,DC-06-Z07-B067,12,13,11,6,AVAILABLE,85
DC-06,SKU-00849,DC-06-Z11-B037,107,108,108,16,AVAILABLE,171
DC-06,SKU-00030,DC-06-Z06-B039,150,148,150,0,AVAILABLE,59
DC-06,SKU-00837,DC-06-Z09-B024,45,45,44,3,HOLD,27
DC-06,SKU-00065,DC-06-Z06-B039,185,184,185,6,AVAILABLE,149
DC-06,SKU-00935,DC-06-Z08-B023,56,58,56,14,AVAILABLE,123
DC-06,SKU-00101,DC-06-Z07-B001,123,122,126,14,AVAILABLE,38
DC-06,SKU-00221,DC-06-Z07-B023,188,188,188,20,AVAILABLE,26
DC-06,SKU-00067,DC-06-Z09-B048,57,57,58,6,AVAILABLE,1
DC-06,SKU-00365,DC-06-Z03-B049,115,115,112,8,QUARANTINE,114
DC-06,SKU-00805,DC-06-Z09-B057,85,84,85,2,AVAILABLE,110
DC-06,SKU-00812,DC-06-Z06-B037,172,174,171,4,AVAILABLE,139
DC-06,SKU-00506,DC-06-Z02-B034,146,145,146,5,AVAILABLE,108
DC-06,SKU-00330,DC-06-Z05-B062,67,67,64,7,AVAILABLE,160
DC-06,SKU-01053,DC-06-Z10-B053,41,41,41,5,AVAILABLE,54
DC-06,SKU-00172,DC-06-Z05-B047,147,147,150,17,AVAILABLE,76
DC-06,SKU-01021,DC-06-Z12-B010,105,105,105,15,AVAILABLE,145
DC-06,SKU-00226,DC-06-Z10-B070,203,205,204,4,QUARANTINE,63
DC-06,SKU-00161,DC-06-Z05-B062,181,181,182,1,AVAILABLE,177
DC-06,SKU-00391,DC-06-Z10-B002,101,100,101,4,QUARANTINE,81
DC-06,SKU-00987,DC-06-Z05-B037,110,109,110,9,AVAILABLE,179
DC-06,SKU-00815,DC-06-Z07-B015,54,54,55,9,AVAILABLE,32
DC-06,SKU-00005,DC-06-Z04-B046,151,153,151,11,AVAILABLE,104
DC-06,SKU-00901,DC-06-Z07-B068,194,195,194,10,AVAILABLE,153
DC-06,SKU-00346,DC-06-Z01-B018,138,136,138,9,AVAILABLE,97
DC-06,SKU-00877,DC-06-Z02-B053,77,79,78,12,AVAILABLE,63
DC-06,SKU-00024,DC-06-Z07-B024,147,148,144,14,AVAILABLE,43
DC-06,SKU-00363,DC-06-Z11-B067,199,200,199,8,QUARANTINE,127
DC-06,SKU-00254,DC-06-Z11-B040,40,42,37,4,AVAILABLE,58
DC-06,SKU-01065,DC-06-Z05-B079,138,138,141,11,HOLD,55
DC-06,SKU-00166,DC-06-Z01-B066,176,176,173,16,AVAILABLE,159
DC-06,SKU-00138,DC-06-Z06-B038,125,125,125,14,AVAILABLE,140
DC-06,SKU-00043,DC-06-Z10-B021,24,24,24,15,AVAILABLE,125
DC-06,SKU-01176,DC-06-Z11-B052,84,84,87,4,AVAILABLE,9
DC-06,SKU-01039,DC-06-Z02-B047,157,157,154,1,QUARANTINE,19
DC-06,SKU-00328,DC-06-Z02-B027,119,119,119,2,AVAILABLE,68
DC-06,SKU-00873,DC-06-Z01-B027,44,43,44,13,AVAILABLE,109
DC-06,SKU-00616,DC-06-Z10-B047,158,160,157,17,QUARANTINE,155
DC-06,SKU-00487,DC-06-Z12-B009,136,134,136,18,AVAILABLE,39
DC-06,SKU-00014,DC-06-Z10-B026,162,162,162,13,AVAILABLE,166
DC-06,SKU-00766,DC-06-Z08-B070,200,201,201,3,AVAILABLE,132
DC-06,SKU-00967,DC-06-Z06-B070,17,15,17,1,AVAILABLE,131
DC-06,SKU-00819,DC-06-Z05-B034,61,62,61,4,AVAILABLE,73
DC-06,SKU-01026,DC-06-Z10-B057,73,73,76,14,AVAILABLE,15
DC-06,SKU-00789,DC-06-Z08-B069,64,64,64,6,AVAILABLE,166
DC-06,SKU-00624,DC-06-Z10-B019,131,130,131,12,AVAILABLE,48
DC-06,SKU-00549,DC-06-Z05-B063,185,186,185,9,AVAILABLE,12
DC-06,SKU-00340,DC-06-Z09-B072,56,55,56,10,AVAILABLE,93
DC-06,SKU-01197,DC-06-Z03-B020,41,41,44,4,AVAILABLE,19
DC-06,SKU-00173,DC-06-Z07-B054,44,46,45,0,AVAILABLE,158
DC-06,SKU-01105,DC-06-Z12-B005,140,138,140,5,AVAILABLE,33
DC-06,SKU-00884,DC-06-Z10-B053,7,9,6,1,AVAILABLE,0
DC-06,SKU-01066,DC-06-Z09-B074,22,22,25,9,AVAILABLE,94
DC-06,SKU-01001,DC-06-Z11-B009,101,103,104,4,AVAILABLE,31
DC-06,SKU-01113,DC-06-Z08-B075,203,203,204,7,QUARANTINE,0
DC-06,SKU-00329,DC-06-Z08-B010,18,16,17,12,QUARANTINE,173
DC-06,SKU-00838,DC-06-Z07-B078,41,40,38,14,AVAILABLE,10
DC-06,SKU-00639,DC-06-Z08-B050,197,198,198,16,AVAILABLE,163
DC-06,SKU-00353,DC-06-Z12-B039,161,159,161,18,HOLD,178
DC-06,SKU-01003,DC-06-Z01-B078,156,156,156,12,AVAILABLE,77
DC-06,SKU-00702,DC-06-Z03-B024,116,118,117,9,AVAILABLE,6
DC-06,SKU-00373,DC-06-Z03-B023,20,19,20,19,QUARANTINE,150
DC-06,SKU-00327,DC-06-Z12-B032,94,94,97,19,HOLD,114
DC-06,SKU-01137,DC-06-Z11-B011,131,131,130,20,HOLD,69
DC-06,SKU-00490,DC-06-Z03-B024,163,161,166,19,AVAILABLE,83
DC-06,SKU-00035,DC-06-Z01-B022,124,124,124,5,AVAILABLE,4
DC-06,SKU-00341,DC-06-Z03-B021,126,128,126,14,AVAILABLE,161
DC-06,SKU-00876,DC-06-Z04-B008,93,95,93,14,AVAILABLE,59
DC-06,SKU-00860,DC-06-Z06-B050,149,149,146,4,AVAILABLE,34
DC-06,SKU-00577,DC-06-Z03-B010,53,51,52,3,AVAILABLE,177
DC-06,SKU-00459,DC-06-Z01-B061,62,62,62,19,AVAILABLE,68
DC-06,SKU-00585,DC-06-Z03-B076,107,109,107,13,AVAILABLE,135
DC-06,SKU-01184,DC-06-Z01-B067,110,109,110,17,AVAILABLE,151
DC-06,SKU-01002,DC-06-Z07-B020,201,202,201,20,AVAILABLE,43
DC-06,SKU-00530,DC-06-Z04-B058,186,187,187,9,AVAILABLE,75
DC-06,SKU-00426,DC-06-Z05-B022,89,90,92,20,AVAILABLE,76
DC-06,SKU-00528,DC-06-Z11-B024,117,116,116,0,AVAILABLE,168
DC-06,SKU-00607,DC-06-Z02-B056,215,215,216,10,QUARANTINE,26
DC-06,SKU-00127,DC-06-Z07-B047,87,88,87,3,AVAILABLE,51
DC-06,SKU-00066,DC-06-Z06-B050,137,138,140,19,AVAILABLE,74
DC-06,SKU-00676,DC-06-Z10-B065,172,172,175,8,AVAILABLE,65
DC-06,SKU-01068,DC-06-Z12-B047,27,25,27,4,AVAILABLE,166
DC-06,SKU-00424,DC-06-Z02-B043,181,182,181,1,AVAILABLE,51
DC-06,SKU-01107,DC-06-Z01-B015,154,153,154,10,AVAILABLE,67
DC-06,SKU-00091,DC-06-Z09-B050,11,11,11,1,HOLD,111
DC-06,SKU-00598,DC-06-Z07-B068,189,191,189,5,AVAILABLE,167
DC-06,SKU-00241,DC-06-Z09-B008,139,140,138,8,AVAILABLE,161
DC-06,SKU-00016,DC-06-Z10-B029,138,138,138,13,AVAILABLE,109
DC-06,SKU-01080,DC-06-Z07-B080,77,77,77,1,AVAILABLE,148
DC-06,SKU-00421,DC-06-Z08-B005,90,88,90,6,AVAILABLE,79
DC-06,SKU-00581,DC-06-Z05-B030,42,42,39,13,QUARANTINE,141
DC-06,SKU-00555,DC-06-Z05-B058,85,84,85,16,AVAILABLE,102
DC-06,SKU-00669,DC-06-Z12-B023,104,102,104,2,AVAILABLE,159
DC-06,SKU-00189,DC-06-Z04-B009,95,95,96,13,AVAILABLE,78
DC-06,SKU-00358,DC-06-Z04-B004,209,209,209,19,AVAILABLE,84
DC-06,SKU-00196,DC-06-Z08-B018,79,79,79,5,AVAILABLE,59
DC-06,SKU-00259,DC-06-Z03-B046,199,201,200,3,AVAILABLE,43
DC-06,SKU-00652,DC-06-Z08-B063,210,208,213,7,AVAILABLE,152
DC-06,SKU-00960,DC-06-Z11-B027,60,59,61,6,AVAILABLE,10
DC-06,SKU-00741,DC-06-Z06-B073,149,149,149,9,AVAILABLE,41
DC-06,SKU-01126,DC-06-Z03-B071,24,23,27,17,AVAILABLE,0
DC-06,SKU-00700,DC-06-Z12-B011,126,126,127,1,QUARANTINE,48
DC-06,SKU-00757,DC-06-Z10-B049,186,186,185,0,AVAILABLE,172
DC-06,SKU-00117,DC-06-Z12-B018,156,154,156,13,HOLD,0
DC-06,SKU-00806,DC-06-Z07-B021,69,69,68,2,AVAILABLE,46
DC-06,SKU-00548,DC-06-Z12-B076,213,213,213,3,AVAILABLE,12
DC-06,SKU-00900,DC-06-Z09-B064,111,111,114,18,QUARANTINE,29
DC-06,SKU-00916,DC-06-Z07-B067,100,100,99,16,AVAILABLE,38
DC-06,SKU-00100,DC-06-Z02-B014,56,56,57,14,AVAILABLE,19
DC-06,SKU-00656,DC-06-Z04-B026,49,49,50,10,AVAILABLE,40
DC-06,SKU-00969,DC-06-Z06-B025,54,54,51,11,QUARANTINE,124
DC-06,SKU-01179,DC-06-Z04-B035,207,208,210,6,AVAILABLE,18
DC-06,SKU-00125,DC-06-Z08-B002,13,12,12,5,QUARANTINE,85
DC-06,SKU-00535,DC-06-Z03-B021,57,57,56,9,AVAILABLE,12
DC-06,SKU-01082,DC-06-Z10-B018,163,162,160,6,AVAILABLE,86
DC-06,SKU-01117,DC-06-Z09-B078,66,65,69,14,AVAILABLE,29
DC-06,SKU-00696,DC-06-Z09-B056,60,59,59,10,AVAILABLE,98
DC-06,SKU-00888,DC-06-Z10-B056,35,33,35,0,AVAILABLE,73
DC-06,SKU-00017,DC-06-Z05-B069,1,2,1,0,AVAILABLE,122
DC-06,SKU-00211,DC-06-Z12-B018,69,69,66,8,QUARANTINE,141
DC-06,SKU-00962,DC-06-Z01-B030,109,111,109,7,QUARANTINE,124
DC-06,SKU-01153,DC-06-Z04-B038,190,190,190,16,AVAILABLE,18
DC-06,SKU-01136,DC-06-Z08-B058,135,135,132,16,AVAILABLE,48
DC-06,SKU-00106,DC-06-Z05-B026,37,35,40,0,HOLD,34
DC-06,SKU-00828,DC-06-Z03-B026,110,110,113,0,AVAILABLE,103
DC-06,SKU-01050,DC-06-Z10-B039,117,115,117,1,AVAILABLE,135
DC-06,SKU-00795,DC-06-Z08-B058,156,155,156,14,AVAILABLE,98
DC-06,SKU-01058,DC-06-Z08-B022,190,190,191,11,AVAILABLE,79
DC-06,SKU-00191,DC-06-Z02-B018,68,68,71,0,HOLD,147
DC-06,SKU-00681,DC-06-Z04-B047,55,55,55,10,AVAILABLE,91
DC-06,SKU-00667,DC-06-Z10-B073,206,205,209,3,AVAILABLE,173
DC-06,SKU-00642,DC-06-Z08-B071,204,204,204,17,AVAILABLE,136
DC-06,SKU-00974,DC-06-Z07-B052,121,123,122,7,AVAILABLE,146
DC-06,SKU-01169,DC-06-Z02-B058,77,77,78,3,AVAILABLE,27
DC-06,SKU-00246,DC-06-Z04-B051,155,153,155,1,AVAILABLE,63
DC-06,SKU-01000,DC-06-Z02-B018,155,155,152,4,AVAILABLE,31
DC-06,SKU-00551,DC-06-Z07-B007,219,220,216,7,AVAILABLE,68
DC-06,SKU-00258,DC-06-Z07-B055,50,50,47,8,AVAILABLE,27
DC-06,SKU-00950,DC-06-Z11-B015,61,61,61,4,AVAILABLE,66
DC-06,SKU-01084,DC-06-Z03-B016,198,198,199,20,AVAILABLE,32
DC-06,SKU-00370,DC-06-Z07-B006,80,80,80,0,AVAILABLE,110
DC-06,SKU-00493,DC-06-Z12-B008,172,172,175,3,AVAILABLE,69
DC-06,SKU-00839,DC-06-Z10-B021,163,162,166,16,HOLD,6
DC-06,SKU-01145,DC-06-Z08-B036,126,126,126,9,AVAILABLE,30
DC-06,SKU-00976,DC-06-Z02-B056,101,100,101,17,QUARANTINE,59
DC-06,SKU-00491,DC-06-Z11-B042,126,126,126,11,AVAILABLE,135
DC-06,SKU-00382,DC-06-Z07-B046,160,159,157,0,AVAILABLE,9
DC-06,SKU-00636,DC-06-Z08-B048,215,215,216,13,AVAILABLE,106
DC-06,SKU-00294,DC-06-Z10-B067,220,220,217,18,AVAILABLE,148
DC-06,SKU-01025,DC-06-Z07-B070,77,77,80,9,AVAILABLE,172
DC-06,SKU-00562,DC-06-Z02-B036,216,218,216,0,AVAILABLE,149
DC-06,SKU-00031,DC-06-Z10-B025,121,121,118,9,AVAILABLE,98
DC-06,SKU-00476,DC-06-Z12-B016,195,197,195,14,AVAILABLE,140
DC-06,SKU-00971,DC-06-Z03-B002,168,168,168,14,AVAILABLE,162
DC-06,SKU-00076,DC-06-Z02-B069,126,128,129,2,AVAILABLE,76
DC-06,SKU-00836,DC-06-Z10-B041,192,190,189,13,AVAILABLE,102
DC-06,SKU-00079,DC-06-Z05-B022,215,215,216,15,AVAILABLE,39
DC-06,SKU-00214,DC-06-Z01-B068,43,43,42,2,AVAILABLE,137
DC-06,SKU-00952,DC-06-Z02-B042,189,189,190,1,AVAILABLE,157
DC-06,SKU-00710,DC-06-Z11-B065,37,37,37,18,AVAILABLE,172
DC-06,SKU-00474,DC-06-Z04-B053,133,133,132,10,AVAILABLE,6
DC-06,SKU-00728,DC-06-Z02-B068,34,32,35,19,AVAILABLE,22
DC-06,SKU-00209,DC-06-Z09-B035,73,74,73,16,HOLD,169
DC-06,SKU-00699,DC-06-Z09-B049,193,193,192,18,AVAILABLE,148
DC-06,SKU-01061,DC-06-Z12-B023,132,130,133,7,AVAILABLE,180
DC-06,SKU-00380,DC-06-Z01-B058,212,214,211,6,AVAILABLE,149
DC-06,SKU-00468,DC-06-Z03-B027,135,137,135,11,AVAILABLE,38
DC-06,SKU-00336,DC-06-Z11-B022,131,132,131,19,AVAILABLE,119
DC-06,SKU-00419,DC-06-Z08-B077,77,76,77,2,AVAILABLE,68
DC-06,SKU-00686,DC-06-Z11-B062,152,151,152,0,AVAILABLE,143
DC-06,SKU-01188,DC-06-Z07-B056,172,171,173,12,AVAILABLE,157
DC-06,SKU-01059,DC-06-Z06-B040,102,103,105,5,AVAILABLE,173
DC-06,SKU-00469,DC-06-Z01-B066,81,83,84,18,AVAILABLE,163
DC-06,SKU-00387,DC-06-Z02-B011,174,173,173,19,AVAILABLE,0
DC-06,SKU-00058,DC-06-Z01-B075,117,117,120,17,AVAILABLE,112
DC-06,SKU-00418,DC-06-Z03-B003,162,164,162,5,AVAILABLE,53
DC-06,SKU-00511,DC-06-Z11-B016,64,64,64,13,QUARANTINE,64
DC-06,SKU-00092,DC-06-Z11-B019,209,209,209,0,AVAILABLE,99
DC-06,SKU-00599,DC-06-Z10-B066,161,161,160,7,AVAILABLE,43
DC-06,SKU-00099,DC-06-Z01-B026,29,30,32,10,AVAILABLE,110
DC-06,SKU-01133,DC-06-Z11-B004,210,210,207,1,AVAILABLE,145
DC-06,SKU-00430,DC-06-Z11-B001,79,79,76,5,QUARANTINE,38
DC-06,SKU-00223,DC-06-Z06-B018,86,88,87,8,AVAILABLE,159
DC-06,SKU-00269,DC-06-Z05-B060,31,29,34,8,AVAILABLE,6
DC-06,SKU-01155,DC-06-Z01-B036,90,88,91,18,AVAILABLE,84
DC-06,SKU-01103,DC-06-Z09-B068,87,89,87,11,AVAILABLE,30
DC-06,SKU-00973,DC-06-Z11-B051,219,219,219,5,AVAILABLE,103
DC-06,SKU-00349,DC-06-Z01-B079,154,152,151,4,AVAILABLE,59
DC-06,SKU-00319,DC-06-Z08-B035,56,57,55,10,AVAILABLE,138
DC-06,SKU-00891,DC-06-Z11-B004,91,90,92,5,AVAILABLE,165
DC-06,SKU-00453,DC-06-Z02-B043,111,111,108,9,AVAILABLE,39
DC-06,SKU-00510,DC-06-Z02-B008,2,2,1,0,AVAILABLE,138
DC-06,SKU-01048,DC-06-Z08-B031,189,189,188,2,AVAILABLE,178
DC-06,SKU-00371,DC-06-Z09-B026,117,117,117,3,AVAILABLE,134
DC-06,SKU-00691,DC-06-Z05-B021,203,203,203,15,AVAILABLE,11
DC-06,SKU-00247,DC-06-Z07-B067,128,128,127,8,AVAILABLE,100
DC-06,SKU-00332,DC-06-Z01-B025,70,70,67,0,AVAILABLE,125
DC-06,SKU-00054,DC-06-Z01-B058,76,77,76,1,AVAILABLE,28
DC-06,SKU-00751,DC-06-Z08-B056,22,21,25,6,HOLD,100
DC-06,SKU-00307,DC-06-Z09-B070,69,69,68,12,AVAILABLE,128
DC-06,SKU-00325,DC-06-Z01-B076,167,165,170,1,HOLD,87
DC-06,SKU-00416,DC-06-Z04-B029,154,153,154,4,AVAILABLE,177
DC-06,SKU-00120,DC-06-Z08-B037,204,204,205,16,AVAILABLE,164
DC-06,SKU-00538,DC-06-Z11-B025,138,139,141,7,AVAILABLE,165
DC-06,SKU-00708,DC-06-Z09-B052,172,172,173,17,AVAILABLE,74
DC-06,SKU-00910,DC-06-Z10-B066,146,145,143,6,AVAILABLE,94
DC-06,SKU-00961,DC-06-Z11-B002,86,87,83,19,AVAILABLE,166
DC-06,SKU-00872,DC-06-Z06-B025,185,185,185,1,AVAILABLE,86
DC-06,SKU-01081,DC-06-Z08-B043,1,1,2,0,AVAILABLE,148
DC-06,SKU-00190,DC-06-Z06-B023,70,69,70,11,AVAILABLE,145
DC-06,SKU-00519,DC-06-Z11-B056,126,126,126,14,AVAILABLE,6
DC-07,SKU-00302,DC-07-Z04-B043,106,106,105,8,AVAILABLE,177
DC-07,SKU-00393,DC-07-Z03-B035,145,145,142,14,AVAILABLE,59
DC-07,SKU-00792,DC-07-Z08-B064,136,136,139,13,QUARANTINE,103
DC-07,SKU-00782,DC-07-Z04-B001,178,177,175,7,AVAILABLE,65
DC-07,SKU-01094,DC-07-Z07-B037,128,128,131,8,HOLD,51
DC-07,SKU-00923,DC-07-Z04-B032,204,204,203,4,AVAILABLE,180
DC-07,SKU-00183,DC-07-Z08-B048,218,218,215,1,AVAILABLE,123
DC-07,SKU-00793,DC-07-Z05-B054,189,190,189,20,AVAILABLE,124
DC-07,SKU-00617,DC-07-Z08-B066,117,116,118,19,AVAILABLE,108
DC-07,SKU-00556,DC-07-Z05-B006,94,94,94,18,QUARANTINE,112
DC-07,SKU-00213,DC-07-Z12-B041,218,216,215,10,AVAILABLE,4
DC-07,SKU-00159,DC-07-Z08-B026,49,49,49,20,AVAILABLE,56
DC-07,SKU-00102,DC-07-Z09-B074,198,196,195,18,AVAILABLE,135
DC-07,SKU-00513,DC-07-Z06-B031,136,136,136,8,AVAILABLE,131
DC-07,SKU-00231,DC-07-Z11-B069,211,212,211,1,AVAILABLE,42
DC-07,SKU-00884,DC-07-Z07-B049,34,35,37,20,AVAILABLE,121
DC-07,SKU-00473,DC-07-Z02-B030,47,48,44,14,AVAILABLE,162
DC-07,SKU-00300,DC-07-Z03-B059,199,201,199,14,AVAILABLE,66
DC-07,SKU-00598,DC-07-Z07-B078,52,52,55,16,AVAILABLE,112
DC-07,SKU-00103,DC-07-Z04-B064,211,210,211,4,AVAILABLE,149
DC-07,SKU-00196,DC-07-Z07-B044,75,76,78,9,AVAILABLE,74
DC-07,SKU-00744,DC-07-Z04-B001,162,162,161,9,AVAILABLE,21
DC-07,SKU-00650,DC-07-Z06-B055,192,192,189,5,AVAILABLE,132
DC-07,SKU-00255,DC-07-Z09-B019,210,211,207,9,HOLD,152
DC-07,SKU-00020,DC-07-Z06-B049,41,41,38,14,AVAILABLE,64
DC-07,SKU-00784,DC-07-Z02-B065,37,37,36,18,AVAILABLE,35
DC-07,SKU-00412,DC-07-Z02-B059,96,94,99,1,AVAILABLE,26
DC-07,SKU-00332,DC-07-Z10-B025,10,10,9,3,AVAILABLE,15
DC-07,SKU-01189,DC-07-Z11-B063,97,97,96,3,AVAILABLE,136
DC-07,SKU-00911,DC-07-Z04-B013,198,197,198,9,AVAILABLE,76
DC-07,SKU-00351,DC-07-Z12-B039,171,170,171,8,AVAILABLE,19
DC-07,SKU-00075,DC-07-Z06-B078,135,136,136,15,QUARANTINE,111
DC-07,SKU-00373,DC-07-Z08-B028,202,203,203,13,HOLD,163
DC-07,SKU-00234,DC-07-Z06-B056,200,200,200,14,AVAILABLE,104
DC-07,SKU-00510,DC-07-Z11-B028,98,98,97,5,AVAILABLE,57
DC-07,SKU-01024,DC-07-Z12-B065,192,190,191,15,AVAILABLE,24
DC-07,SKU-00807,DC-07-Z01-B048,33,34,30,1,QUARANTINE,53
DC-07,SKU-00595,DC-07-Z05-B028,32,34,32,0,QUARANTINE,165
DC-07,SKU-00269,DC-07-Z09-B029,50,50,47,11,HOLD,78
DC-07,SKU-00502,DC-07-Z04-B008,74,76,75,16,AVAILABLE,47
DC-07,SKU-01134,DC-07-Z05-B015,14,14,14,1,AVAILABLE,96
DC-07,SKU-00041,DC-07-Z02-B062,143,143,146,19,AVAILABLE,140
DC-07,SKU-00519,DC-07-Z01-B012,38,38,38,19,AVAILABLE,54
DC-07,SKU-00237,DC-07-Z05-B059,93,91,96,16,AVAILABLE,77
DC-07,SKU-00822,DC-07-Z07-B034,112,112,113,7,AVAILABLE,99
DC-07,SKU-00979,DC-07-Z03-B044,49,51,49,12,AVAILABLE,91
DC-07,SKU-00091,DC-07-Z09-B058,110,110,109,10,AVAILABLE,0
DC-07,SKU-00839,DC-07-Z08-B008,71,71,72,9,AVAILABLE,4
DC-07,SKU-00785,DC-07-Z05-B068,143,143,143,10,AVAILABLE,124
DC-07,SKU-00479,DC-07-Z07-B015,165,164,168,6,AVAILABLE,7
DC-07,SKU-00155,DC-07-Z10-B054,119,119,116,17,AVAILABLE,49
DC-07,SKU-00322,DC-07-Z02-B076,34,34,34,12,AVAILABLE,70
DC-07,SKU-01002,DC-07-Z02-B048,85,84,85,20,AVAILABLE,35
DC-07,SKU-00904,DC-07-Z06-B024,127,127,130,16,AVAILABLE,88
DC-07,SKU-00908,DC-07-Z12-B020,216,218,213,4,AVAILABLE,57
DC-07,SKU-00374,DC-07-Z12-B013,144,144,144,14,QUARANTINE,8
DC-07,SKU-00543,DC-07-Z04-B065,83,82,83,2,AVAILABLE,32
DC-07,SKU-00275,DC-07-Z10-B073,32,31,33,2,HOLD,124
DC-07,SKU-00537,DC-07-Z06-B011,36,36,33,8,AVAILABLE,66
DC-07,SKU-00527,DC-07-Z12-B002,2,4,2,1,AVAILABLE,25
DC-07,SKU-01097,DC-07-Z06-B066,88,88,85,14,AVAILABLE,38
DC-07,SKU-00450,DC-07-Z02-B077,124,123,121,13,AVAILABLE,119
DC-07,SKU-00267,DC-07-Z03-B066,55,55,54,19,AVAILABLE,57
DC-07,SKU-01125,DC-07-Z07-B027,66,66,66,15,AVAILABLE,70
DC-07,SKU-00386,DC-07-Z03-B058,102,104,103,7,AVAILABLE,150
DC-07,SKU-00136,DC-07-Z03-B044,202,200,203,18,AVAILABLE,57
DC-07,SKU-00483,DC-07-Z05-B056,71,72,71,15,AVAILABLE,10
DC-07,SKU-01129,DC-07-Z02-B043,188,190,188,16,AVAILABLE,69
DC-07,SKU-00533,DC-07-Z12-B078,134,133,135,14,AVAILABLE,88
DC-07,SKU-00525,DC-07-Z02-B080,11,9,8,10,AVAILABLE,38
DC-07,SKU-01126,DC-07-Z05-B001,141,141,140,8,AVAILABLE,129
DC-07,SKU-00150,DC-07-Z05-B033,134,133,133,12,AVAILABLE,39
DC-07,SKU-00860,DC-07-Z07-B020,35,34,32,13,AVAILABLE,113
DC-07,SKU-00094,DC-07-Z02-B043,204,204,204,14,HOLD,67
DC-07,SKU-00360,DC-07-Z06-B027,145,145,145,2,AVAILABLE,50
DC-07,SKU-00526,DC-07-Z03-B042,173,175,170,13,AVAILABLE,112
DC-07,SKU-00844,DC-07-Z06-B044,156,157,156,13,AVAILABLE,52
DC-07,SKU-01053,DC-07-Z05-B057,150,150,150,13,AVAILABLE,175
DC-07,SKU-00742,DC-07-Z11-B068,118,116,117,14,AVAILABLE,35
DC-07,SKU-01149,DC-07-Z08-B068,39,39,40,1,AVAILABLE,152
DC-07,SKU-00587,DC-07-Z09-B014,213,214,214,8,AVAILABLE,48
DC-07,SKU-00491,DC-07-Z03-B070,75,75,75,6,AVAILABLE,40
DC-07,SKU-00236,DC-07-Z10-B016,211,211,210,18,AVAILABLE,123
DC-07,SKU-01047,DC-07-Z10-B048,27,26,26,5,AVAILABLE,23
DC-07,SKU-00797,DC-07-Z12-B069,52,52,51,9,AVAILABLE,167
DC-07,SKU-01174,DC-07-Z10-B067,17,18,18,15,QUARANTINE,42
DC-07,SKU-00376,DC-07-Z05-B080,205,204,205,16,AVAILABLE,21
DC-07,SKU-00227,DC-07-Z07-B044,68,68,65,0,AVAILABLE,54
DC-07,SKU-00144,DC-07-Z02-B005,143,144,143,6,AVAILABLE,28
DC-07,SKU-00404,DC-07-Z08-B016,209,211,209,12,AVAILABLE,75
DC-07,SKU-00031,DC-07-Z08-B079,4,4,3,1,AVAILABLE,44
DC-07,SKU-00940,DC-07-Z09-B080,9,8,9,9,AVAILABLE,118
DC-07,SKU-00982,DC-07-Z08-B070,186,185,185,8,AVAILABLE,0
DC-07,SKU-01061,DC-07-Z01-B024,179,178,178,20,AVAILABLE,12
DC-07,SKU-01200,DC-07-Z09-B078,52,52,52,8,AVAILABLE,2
DC-07,SKU-00998,DC-07-Z10-B024,130,130,129,4,AVAILABLE,78
DC-07,SKU-01035,DC-07-Z12-B026,182,182,181,16,AVAILABLE,76
DC-07,SKU-00978,DC-07-Z08-B039,5,3,8,4,AVAILABLE,120
DC-07,SKU-00965,DC-07-Z09-B049,37,37,40,16,AVAILABLE,22
DC-07,SKU-00416,DC-07-Z03-B008,42,41,45,11,AVAILABLE,175
DC-07,SKU-00288,DC-07-Z04-B053,151,153,154,6,AVAILABLE,14
DC-07,SKU-00945,DC-07-Z06-B075,48,46,45,1,AVAILABLE,46
DC-07,SKU-00576,DC-07-Z08-B002,117,117,117,8,AVAILABLE,29
DC-07,SKU-00724,DC-07-Z10-B021,116,116,116,15,AVAILABLE,83
DC-07,SKU-00798,DC-07-Z05-B062,200,199,200,9,AVAILABLE,32
DC-07,SKU-00095,DC-07-Z10-B001,213,213,212,13,AVAILABLE,93
DC-07,SKU-00051,DC-07-Z05-B043,27,28,30,10,AVAILABLE,11
DC-07,SKU-00179,DC-07-Z11-B009,80,82,80,17,AVAILABLE,4
DC-07,SKU-00712,DC-07-Z03-B071,92,91,91,11,AVAILABLE,56
DC-07,SKU-00611,DC-07-Z05-B011,107,105,110,8,AVAILABLE,57
DC-07,SKU-01070,DC-07-Z04-B037,46,45,45,5,AVAILABLE,96
DC-07,SKU-00390,DC-07-Z02-B036,62,62,62,4,AVAILABLE,122
DC-07,SKU-00178,DC-07-Z04-B079,131,131,128,13,AVAILABLE,109
DC-07,SKU-00085,DC-07-Z04-B015,113,112,116,9,AVAILABLE,25
DC-07,SKU-01071,DC-07-Z04-B016,14,14,13,9,AVAILABLE,81
DC-07,SKU-00836,DC-07-Z11-B051,170,170,171,4,AVAILABLE,169
DC-07,SKU-00928,DC-07-Z09-B019,52,50,52,12,AVAILABLE,49
DC-07,SKU-00268,DC-07-Z12-B004,92,94,95,15,AVAILABLE,1
DC-07,SKU-00811,DC-07-Z02-B057,84,85,85,12,AVAILABLE,130
DC-07,SKU-00498,DC-07-Z12-B030,71,72,74,13,AVAILABLE,135
DC-07,SKU-00725,DC-07-Z06-B048,34,34,35,8,AVAILABLE,163
DC-07,SKU-00403,DC-07-Z03-B064,81,83,80,7,AVAILABLE,129
DC-07,SKU-01150,DC-07-Z12-B014,37,39,34,14,AVAILABLE,2
DC-07,SKU-00578,DC-07-Z07-B018,154,154,154,1,AVAILABLE,118
DC-07,SKU-00137,DC-07-Z03-B066,140,140,137,3,AVAILABLE,62
DC-07,SKU-00467,DC-07-Z01-B072,219,219,220,9,HOLD,121
DC-07,SKU-01077,DC-07-Z01-B055,144,144,144,9,AVAILABLE,179
DC-07,SKU-00690,DC-07-Z10-B036,195,197,192,11,AVAILABLE,169
DC-07,SKU-00261,DC-07-Z03-B051,169,169,169,10,AVAILABLE,158
DC-07,SKU-01182,DC-07-Z01-B043,74,75,77,10,AVAILABLE,10
DC-07,SKU-01006,DC-07-Z03-B042,28,28,28,4,AVAILABLE,134
DC-07,SKU-00674,DC-07-Z08-B014,134,136,134,10,AVAILABLE,155
DC-07,SKU-00803,DC-07-Z03-B035,101,100,101,4,AVAILABLE,29
DC-07,SKU-00123,DC-07-Z09-B046,101,102,101,12,AVAILABLE,121
DC-07,SKU-00505,DC-07-Z07-B023,201,201,201,13,AVAILABLE,115
DC-07,SKU-00362,DC-07-Z02-B006,47,45,47,15,AVAILABLE,89
DC-07,SKU-00645,DC-07-Z09-B075,112,112,111,1,AVAILABLE,51
DC-07,SKU-00398,DC-07-Z07-B055,167,167,167,2,AVAILABLE,58
DC-07,SKU-01074,DC-07-Z08-B041,219,219,216,10,AVAILABLE,163
DC-07,SKU-00028,DC-07-Z05-B045,34,35,37,4,AVAILABLE,148
DC-07,SKU-00728,DC-07-Z09-B022,158,158,159,3,AVAILABLE,64
DC-07,SKU-00777,DC-07-Z10-B075,17,17,17,3,AVAILABLE,75
DC-07,SKU-00105,DC-07-Z10-B037,31,31,34,7,AVAILABLE,25
DC-07,SKU-00082,DC-07-Z10-B079,101,100,101,6,AVAILABLE,55
DC-07,SKU-00902,DC-07-Z07-B007,199,199,200,19,AVAILABLE,73
DC-07,SKU-00603,DC-07-Z01-B037,124,126,121,8,AVAILABLE,162
DC-07,SKU-01162,DC-07-Z08-B068,139,137,138,3,QUARANTINE,81
DC-07,SKU-01015,DC-07-Z05-B049,177,175,177,7,AVAILABLE,168
DC-07,SKU-00529,DC-07-Z10-B068,66,66,67,19,AVAILABLE,137
DC-07,SKU-00422,DC-07-Z09-B016,74,72,74,15,AVAILABLE,112
DC-07,SKU-01195,DC-07-Z05-B044,157,156,160,8,AVAILABLE,163
DC-07,SKU-00573,DC-07-Z12-B023,54,54,53,1,AVAILABLE,118
DC-07,SKU-00054,DC-07-Z05-B043,54,53,55,20,AVAILABLE,58
DC-07,SKU-00849,DC-07-Z01-B031,168,169,169,14,QUARANTINE,165
DC-07,SKU-00277,DC-07-Z07-B010,193,193,193,9,AVAILABLE,43
DC-07,SKU-01187,DC-07-Z05-B013,139,141,142,13,AVAILABLE,57
DC-07,SKU-00370,DC-07-Z09-B007,120,122,120,0,AVAILABLE,59
DC-07,SKU-01100,DC-07-Z08-B003,46,47,45,1,AVAILABLE,14
DC-07,SKU-00610,DC-07-Z04-B071,154,153,151,15,AVAILABLE,67
DC-07,SKU-00276,DC-07-Z07-B016,166,166,167,4,HOLD,124
DC-07,SKU-00414,DC-07-Z02-B011,52,52,53,0,AVAILABLE,23
DC-07,SKU-00171,DC-07-Z06-B023,190,192,190,11,AVAILABLE,177
DC-07,SKU-01020,DC-07-Z05-B050,169,171,166,19,AVAILABLE,54
DC-07,SKU-01171,DC-07-Z10-B019,161,161,162,17,AVAILABLE,161
DC-07,SKU-00212,DC-07-Z07-B029,220,220,223,4,AVAILABLE,147
DC-07,SKU-00847,DC-07-Z10-B015,27,25,27,2,AVAILABLE,86
DC-07,SKU-00546,DC-07-Z09-B011,129,129,129,6,AVAILABLE,62
DC-07,SKU-00569,DC-07-Z03-B052,19,19,16,9,AVAILABLE,48
DC-07,SKU-00679,DC-07-Z02-B080,130,129,133,8,HOLD,97
DC-07,SKU-00743,DC-07-Z12-B077,117,117,118,10,AVAILABLE,77
DC-07,SKU-01132,DC-07-Z04-B032,191,189,192,2,AVAILABLE,3
DC-07,SKU-00708,DC-07-Z02-B011,102,100,102,14,AVAILABLE,26
DC-07,SKU-00335,DC-07-Z05-B062,141,142,138,13,AVAILABLE,151
DC-07,SKU-00378,DC-07-Z05-B004,193,194,193,7,AVAILABLE,49
DC-07,SKU-00124,DC-07-Z05-B033,146,146,146,0,AVAILABLE,103
DC-07,SKU-00856,DC-07-Z12-B052,206,206,206,19,AVAILABLE,180
DC-07,SKU-00389,DC-07-Z06-B066,102,100,102,3,AVAILABLE,167
DC-07,SKU-00957,DC-07-Z06-B031,111,112,111,1,AVAILABLE,122
DC-07,SKU-01186,DC-07-Z01-B032,65,64,65,11,AVAILABLE,95
DC-07,SKU-01104,DC-07-Z06-B062,99,98,98,4,AVAILABLE,133
DC-07,SKU-00078,DC-07-Z06-B047,190,190,190,1,AVAILABLE,80
DC-07,SKU-00297,DC-07-Z06-B007,168,168,167,20,AVAILABLE,161
DC-07,SKU-00118,DC-07-Z05-B045,215,214,212,6,AVAILABLE,172
DC-07,SKU-00440,DC-07-Z06-B055,138,136,139,20,QUARANTINE,59
DC-07,SKU-01055,DC-07-Z07-B014,106,108,106,11,AVAILABLE,79
DC-07,SKU-00886,DC-07-Z12-B080,205,205,204,9,AVAILABLE,143
DC-07,SKU-00935,DC-07-Z10-B065,178,178,178,4,AVAILABLE,56
DC-07,SKU-00660,DC-07-Z07-B057,135,135,135,7,AVAILABLE,5
DC-07,SKU-00662,DC-07-Z09-B027,46,48,46,0,AVAILABLE,138
DC-07,SKU-01106,DC-07-Z08-B031,193,193,192,18,AVAILABLE,25
DC-07,SKU-00771,DC-07-Z02-B057,109,109,109,10,AVAILABLE,177
DC-07,SKU-01164,DC-07-Z07-B008,106,104,103,15,AVAILABLE,20
DC-07,SKU-00346,DC-07-Z08-B074,12,13,13,1,HOLD,122
DC-07,SKU-00612,DC-07-Z04-B008,24,25,23,0,AVAILABLE,135
DC-07,SKU-00334,DC-07-Z04-B011,40,42,37,8,AVAILABLE,77
DC-07,SKU-01107,DC-07-Z05-B059,93,93,96,9,AVAILABLE,30
DC-07,SKU-00535,DC-07-Z11-B019,86,86,85,9,AVAILABLE,139
DC-07,SKU-00924,DC-07-Z01-B025,124,125,124,12,AVAILABLE,112
DC-07,SKU-01063,DC-07-Z09-B054,86,88,86,19,AVAILABLE,76
DC-07,SKU-00062,DC-07-Z10-B030,142,140,145,15,AVAILABLE,20
DC-07,SKU-00738,DC-07-Z04-B047,15,17,15,6,AVAILABLE,90
DC-07,SKU-01001,DC-07-Z02-B032,73,73,72,13,AVAILABLE,89
DC-07,SKU-00193,DC-07-Z10-B046,56,56,56,9,HOLD,173
DC-07,SKU-01170,DC-07-Z04-B026,169,169,169,4,QUARANTINE,142
DC-07,SKU-00970,DC-07-Z04-B007,142,141,142,0,QUARANTINE,0
DC-07,SKU-00892,DC-07-Z11-B065,112,112,113,19,AVAILABLE,116
DC-07,SKU-00324,DC-07-Z05-B076,26,26,26,5,AVAILABLE,153
DC-07,SKU-00980,DC-07-Z03-B065,186,186,185,20,AVAILABLE,99
DC-07,SKU-00800,DC-07-Z02-B015,80,80,80,12,AVAILABLE,134
DC-07,SKU-00066,DC-07-Z08-B018,154,153,154,17,AVAILABLE,159
DC-07,SKU-00192,DC-07-Z01-B032,198,198,198,6,AVAILABLE,155
DC-07,SKU-00035,DC-07-Z03-B006,207,207,210,12,QUARANTINE,82
DC-07,SKU-00922,DC-07-Z09-B001,146,148,145,3,AVAILABLE,97
DC-07,SKU-00472,DC-07-Z11-B003,198,200,195,3,AVAILABLE,110
DC-07,SKU-01111,DC-07-Z07-B067,75,75,76,17,AVAILABLE,139
DC-07,SKU-00180,DC-07-Z08-B021,71,70,71,16,QUARANTINE,95
DC-07,SKU-00572,DC-07-Z09-B018,127,129,127,6,AVAILABLE,62
DC-07,SKU-00248,DC-07-Z08-B043,200,198,199,3,AVAILABLE,135
DC-07,SKU-00160,DC-07-Z07-B045,53,52,53,14,AVAILABLE,26
DC-07,SKU-00017,DC-07-Z09-B007,169,169,169,10,AVAILABLE,71
DC-07,SKU-00634,DC-07-Z10-B016,196,196,196,7,AVAILABLE,35
DC-07,SKU-00218,DC-07-Z02-B063,32,33,32,3,AVAILABLE,69
DC-07,SKU-00264,DC-07-Z01-B019,215,217,215,14,AVAILABLE,17
DC-07,SKU-00024,DC-07-Z07-B018,110,109,111,10,AVAILABLE,128
DC-07,SKU-01090,DC-07-Z10-B023,33,31,33,20,AVAILABLE,45
DC-07,SKU-01139,DC-07-Z09-B052,75,76,72,14,AVAILABLE,31
DC-07,SKU-00445,DC-07-Z03-B067,12,12,12,3,AVAILABLE,36
DC-07,SKU-00522,DC-07-Z05-B017,108,107,108,0,AVAILABLE,39
DC-07,SKU-00954,DC-07-Z03-B054,167,165,168,1,AVAILABLE,168
DC-07,SKU-00418,DC-07-Z12-B022,80,81,83,13,AVAILABLE,63
DC-07,SKU-00499,DC-07-Z07-B080,183,183,183,20,AVAILABLE,163
DC-07,SKU-00092,DC-07-Z04-B034,183,185,183,2,QUARANTINE,13
DC-07,SKU-00960,DC-07-Z07-B080,143,145,142,15,AVAILABLE,145
DC-07,SKU-01114,DC-07-Z04-B054,24,22,24,16,AVAILABLE,135
DC-07,SKU-00001,DC-07-Z03-B074,162,162,163,8,AVAILABLE,12
DC-07,SKU-00624,DC-07-Z08-B077,69,69,66,7,AVAILABLE,1
DC-07,SKU-00988,DC-07-Z07-B055,154,152,153,4,AVAILABLE,63
DC-07,SKU-00170,DC-07-Z08-B072,107,107,104,19,AVAILABLE,5
DC-07,SKU-00716,DC-07-Z04-B004,108,106,105,3,HOLD,126
DC-07,SKU-01081,DC-07-Z10-B062,90,91,93,17,AVAILABLE,180
DC-07,SKU-01023,DC-07-Z11-B020,164,166,165,7,AVAILABLE,157
DC-07,SKU-00855,DC-07-Z11-B007,133,133,133,18,AVAILABLE,135
DC-07,SKU-00869,DC-07-Z05-B031,17,17,16,1,AVAILABLE,27
DC-07,SKU-00356,DC-07-Z01-B072,216,216,216,6,AVAILABLE,107
DC-07,SKU-00736,DC-07-Z07-B002,85,85,85,2,AVAILABLE,136
DC-07,SKU-01072,DC-07-Z07-B068,211,211,211,6,AVAILABLE,66
DC-07,SKU-00222,DC-07-Z08-B005,178,177,178,19,AVAILABLE,0
DC-07,SKU-00235,DC-07-Z04-B065,207,209,207,13,AVAILABLE,110
DC-07,SKU-00329,DC-07-Z02-B008,152,152,155,11,AVAILABLE,33
DC-07,SKU-00099,DC-07-Z08-B075,29,29,29,11,AVAILABLE,123
DC-07,SKU-00755,DC-07-Z01-B015,57,56,57,19,AVAILABLE,5
DC-07,SKU-00446,DC-07-Z01-B030,127,128,127,9,QUARANTINE,148
DC-07,SKU-00517,DC-07-Z06-B006,89,88,92,13,AVAILABLE,93
DC-07,SKU-00593,DC-07-Z04-B032,102,104,103,0,QUARANTINE,172
DC-07,SKU-00618,DC-07-Z05-B071,52,53,55,9,HOLD,96
DC-07,SKU-00257,DC-07-Z02-B072,170,170,169,9,AVAILABLE,65
DC-07,SKU-00842,DC-07-Z05-B067,116,117,113,9,QUARANTINE,40
DC-07,SKU-00154,DC-07-Z10-B009,129,129,132,14,AVAILABLE,67
DC-07,SKU-00295,DC-07-Z07-B066,103,103,106,9,AVAILABLE,46
DC-07,SKU-00740,DC-07-Z07-B069,145,145,145,12,AVAILABLE,14
DC-07,SKU-00084,DC-07-Z03-B014,139,138,140,2,QUARANTINE,108
DC-07,SKU-00695,DC-07-Z09-B046,203,203,202,4,AVAILABLE,20
DC-07,SKU-00932,DC-07-Z10-B046,46,44,45,14,AVAILABLE,136
DC-07,SKU-00937,DC-07-Z01-B022,121,121,124,15,AVAILABLE,104
DC-07,SKU-00287,DC-07-Z02-B045,91,89,91,19,AVAILABLE,85
DC-07,SKU-00915,DC-07-Z12-B033,180,180,180,16,AVAILABLE,144
DC-07,SKU-00207,DC-07-Z10-B029,169,168,169,20,AVAILABLE,10
DC-07,SKU-00392,DC-07-Z09-B061,160,160,160,9,AVAILABLE,41
DC-07,SKU-01143,DC-07-Z04-B024,208,209,208,14,QUARANTINE,169
DC-07,SKU-00401,DC-07-Z01-B046,150,152,153,1,AVAILABLE,101
DC-07,SKU-01192,DC-07-Z05-B079,32,30,35,2,AVAILABLE,86
DC-07,SKU-01142,DC-07-Z10-B072,110,111,113,0,AVAILABLE,36
DC-07,SKU-00974,DC-07-Z04-B063,57,57,57,2,AVAILABLE,158
DC-07,SKU-00621,DC-07-Z08-B038,28,28,28,15,HOLD,77
DC-07,SKU-00341,DC-07-Z11-B066,124,124,125,15,AVAILABLE,81
DC-07,SKU-00260,DC-07-Z04-B064,171,172,172,7,AVAILABLE,96
DC-07,SKU-00294,DC-07-Z10-B074,115,115,112,0,AVAILABLE,0
DC-07,SKU-01136,DC-07-Z08-B063,146,146,146,9,AVAILABLE,124
DC-07,SKU-00551,DC-07-Z11-B042,135,134,134,16,AVAILABLE,12
DC-07,SKU-00122,DC-07-Z08-B051,16,15,16,3,AVAILABLE,31
DC-07,SKU-01109,DC-07-Z10-B016,215,216,215,13,AVAILABLE,180
DC-07,SKU-01153,DC-07-Z04-B024,138,139,138,10,AVAILABLE,88
DC-07,SKU-01067,DC-07-Z05-B030,138,138,138,12,AVAILABLE,158
DC-07,SKU-00225,DC-07-Z10-B048,189,189,189,13,AVAILABLE,34
DC-07,SKU-00589,DC-07-Z03-B069,61,61,60,4,AVAILABLE,56
DC-07,SKU-00548,DC-07-Z11-B041,116,117,113,5,QUARANTINE,157
DC-07,SKU-00153,DC-07-Z07-B020,197,197,194,13,AVAILABLE,167
DC-07,SKU-00456,DC-07-Z01-B013,67,67,68,5,AVAILABLE,126
DC-07,SKU-00023,DC-07-Z07-B063,76,74,76,13,AVAILABLE,83
DC-07,SKU-00097,DC-07-Z03-B077,35,35,36,10,AVAILABLE,178
DC-07,SKU-00907,DC-07-Z11-B070,30,29,30,12,AVAILABLE,130
DC-07,SKU-00476,DC-07-Z09-B076,99,99,96,14,AVAILABLE,172
DC-07,SKU-01069,DC-07-Z04-B009,85,85,88,12,QUARANTINE,180
DC-07,SKU-01045,DC-07-Z05-B067,78,78,77,0,AVAILABLE,53
DC-07,SKU-00323,DC-07-Z08-B021,67,68,70,3,AVAILABLE,55
DC-07,SKU-01115,DC-07-Z09-B005,36,35,39,16,AVAILABLE,129
DC-07,SKU-00912,DC-07-Z08-B007,137,137,137,3,AVAILABLE,165
DC-07,SKU-00119,DC-07-Z10-B036,152,151,152,14,AVAILABLE,123
DC-07,SKU-00693,DC-07-Z04-B009,70,70,70,5,AVAILABLE,96
DC-07,SKU-00417,DC-07-Z02-B063,24,23,25,8,AVAILABLE,155
DC-07,SKU-00309,DC-07-Z02-B044,69,69,68,3,AVAILABLE,179
DC-07,SKU-00063,DC-07-Z07-B049,125,126,125,11,AVAILABLE,87
DC-07,SKU-00820,DC-07-Z11-B074,195,195,195,3,AVAILABLE,166
DC-07,SKU-01177,DC-07-Z11-B073,104,104,105,15,AVAILABLE,98
DC-07,SKU-00659,DC-07-Z01-B038,2,2,3,1,AVAILABLE,35
DC-07,SKU-00867,DC-07-Z04-B037,130,130,131,12,AVAILABLE,60
DC-07,SKU-01148,DC-07-Z01-B035,64,63,64,18,AVAILABLE,111
DC-07,SKU-00762,DC-07-Z01-B017,111,111,114,4,AVAILABLE,92
DC-07,SKU-01014,DC-07-Z04-B014,62,62,65,7,AVAILABLE,158
DC-07,SKU-00005,DC-07-Z03-B076,198,197,199,15,AVAILABLE,10
DC-07,SKU-00550,DC-07-Z07-B045,39,41,39,4,AVAILABLE,45
DC-07,SKU-00114,DC-07-Z12-B077,38,38,39,1,QUARANTINE,57
DC-07,SKU-00706,DC-07-Z05-B060,170,168,170,16,AVAILABLE,154
DC-07,SKU-00424,DC-07-Z01-B072,31,31,30,16,AVAILABLE,128
DC-07,SKU-00895,DC-07-Z08-B027,196,195,195,17,AVAILABLE,25
DC-07,SKU-00256,DC-07-Z03-B077,104,104,107,13,AVAILABLE,11
DC-07,SKU-00232,DC-07-Z05-B060,70,71,73,7,AVAILABLE,28
DC-07,SKU-01135,DC-07-Z12-B013,119,117,118,18,AVAILABLE,17
DC-07,SKU-00126,DC-07-Z06-B046,128,127,131,18,QUARANTINE,129
DC-07,SKU-00826,DC-07-Z02-B062,202,202,202,17,AVAILABLE,44
DC-07,SKU-01198,DC-07-Z12-B021,2,0,2,2,AVAILABLE,141
DC-07,SKU-00420,DC-07-Z03-B023,150,150,147,8,AVAILABLE,83
DC-07,SKU-00622,DC-07-Z06-B016,126,128,126,6,AVAILABLE,30
DC-07,SKU-00025,DC-07-Z03-B037,209,209,208,0,AVAILABLE,72
DC-07,SKU-00698,DC-07-Z05-B051,75,75,75,1,HOLD,113
DC-07,SKU-00428,DC-07-Z12-B012,215,214,215,15,AVAILABLE,0
DC-07,SKU-00384,DC-07-Z06-B052,104,102,104,11,AVAILABLE,174
DC-07,SKU-00166,DC-07-Z04-B079,37,37,37,16,AVAILABLE,91
DC-07,SKU-00306,DC-07-Z03-B072,121,123,121,3,AVAILABLE,90
DC-07,SKU-00845,DC-07-Z10-B079,77,77,74,15,HOLD,59
DC-07,SKU-00008,DC-07-Z01-B052,212,212,212,6,AVAILABLE,11
DC-07,SKU-00434,DC-07-Z01-B080,85,85,82,2,AVAILABLE,6
DC-07,SKU-00776,DC-07-Z09-B023,127,125,127,1,AVAILABLE,16
DC-07,SKU-00110,DC-07-Z08-B011,87,89,84,20,QUARANTINE,36
DC-07,SKU-00079,DC-07-Z05-B073,111,111,111,13,AVAILABLE,17
DC-07,SKU-00182,DC-07-Z05-B018,101,101,101,0,AVAILABLE,24
DC-07,SKU-00303,DC-07-Z11-B063,146,148,145,10,AVAILABLE,78
DC-07,SKU-00976,DC-07-Z10-B030,135,135,135,14,AVAILABLE,67
DC-07,SKU-00969,DC-07-Z03-B075,34,34,33,10,AVAILABLE,103
DC-07,SKU-01005,DC-07-Z05-B071,196,195,196,15,AVAILABLE,129
DC-07,SKU-00627,DC-07-Z05-B061,136,136,137,16,AVAILABLE,163
DC-07,SKU-00549,DC-07-Z09-B055,183,184,183,6,AVAILABLE,145
DC-07,SKU-00619,DC-07-Z07-B067,27,27,30,4,AVAILABLE,14
DC-07,SKU-00308,DC-07-Z02-B061,27,27,27,9,QUARANTINE,134
DC-07,SKU-00495,DC-07-Z07-B018,188,188,188,8,AVAILABLE,53
DC-07,SKU-00893,DC-07-Z11-B014,141,142,141,6,AVAILABLE,35
DC-07,SKU-00058,DC-07-Z06-B052,5,5,4,3,AVAILABLE,6
DC-07,SKU-00223,DC-07-Z10-B069,78,79,77,19,AVAILABLE,71
DC-07,SKU-01041,DC-07-Z09-B075,30,30,27,0,AVAILABLE,146
DC-07,SKU-00868,DC-07-Z03-B065,44,43,44,20,QUARANTINE,35
DC-07,SKU-00564,DC-07-Z05-B033,182,183,182,4,AVAILABLE,70
DC-07,SKU-00859,DC-07-Z03-B001,207,207,207,17,AVAILABLE,13
DC-07,SKU-00130,DC-07-Z11-B035,61,61,58,16,HOLD,68
DC-07,SKU-00916,DC-07-Z06-B038,49,47,50,9,AVAILABLE,92
DC-07,SKU-00931,DC-07-Z05-B069,43,41,44,7,AVAILABLE,33
DC-07,SKU-01093,DC-07-Z02-B058,220,220,221,17,AVAILABLE,20
DC-07,SKU-00813,DC-07-Z11-B030,93,93,90,14,QUARANTINE,51
DC-07,SKU-00625,DC-07-Z05-B069,53,53,53,6,AVAILABLE,69
DC-07,SKU-00999,DC-07-Z11-B031,32,33,32,19,AVAILABLE,112
DC-07,SKU-01034,DC-07-Z09-B038,158,160,157,17,AVAILABLE,116
DC-07,SKU-00475,DC-07-Z05-B039,96,96,96,5,AVAILABLE,96
DC-07,SKU-00841,DC-07-Z01-B008,196,195,197,11,AVAILABLE,102
DC-07,SKU-01044,DC-07-Z10-B044,81,79,81,9,AVAILABLE,162
DC-07,SKU-00394,DC-07-Z11-B048,6,7,6,6,AVAILABLE,129
DC-07,SKU-01033,DC-07-Z05-B003,164,164,164,13,AVAILABLE,9
DC-07,SKU-00636,DC-07-Z02-B045,70,72,73,10,AVAILABLE,176
DC-07,SKU-00189,DC-07-Z07-B069,64,64,64,2,AVAILABLE,38
DC-07,SKU-00430,DC-07-Z05-B055,141,143,140,4,HOLD,172
DC-07,SKU-00135,DC-07-Z01-B042,1,1,1,0,AVAILABLE,109
DC-07,SKU-00039,DC-07-Z09-B009,212,213,212,15,AVAILABLE,28
DC-07,SKU-00896,DC-07-Z06-B053,109,109,109,13,AVAILABLE,40
DC-07,SKU-00429,DC-07-Z12-B047,137,137,137,20,AVAILABLE,48
DC-07,SKU-00973,DC-07-Z06-B035,101,103,104,14,AVAILABLE,138
DC-07,SKU-00019,DC-07-Z07-B037,105,103,105,4,HOLD,48
DC-07,SKU-00015,DC-07-Z08-B078,180,180,181,8,AVAILABLE,137
DC-07,SKU-00146,DC-07-Z07-B036,101,99,101,9,AVAILABLE,161
DC-07,SKU-01159,DC-07-Z05-B013,155,155,156,14,AVAILABLE,15
DC-07,SKU-00059,DC-07-Z03-B047,153,153,153,6,AVAILABLE,121
DC-07,SKU-00436,DC-07-Z12-B008,161,159,160,13,AVAILABLE,104
DC-07,SKU-00239,DC-07-Z05-B058,67,65,67,5,AVAILABLE,84
DC-07,SKU-00823,DC-07-Z11-B065,164,164,164,1,AVAILABLE,67
DC-07,SKU-00663,DC-07-Z09-B003,46,45,46,6,AVAILABLE,92
DC-07,SKU-00381,DC-07-Z04-B006,1,2,1,0,AVAILABLE,31
DC-07,SKU-00242,DC-07-Z07-B031,104,104,107,9,AVAILABLE,12
DC-07,SKU-00073,DC-07-Z07-B051,58,58,58,17,AVAILABLE,114
DC-07,SKU-01116,DC-07-Z10-B062,103,104,103,15,AVAILABLE,165
DC-07,SKU-00536,DC-07-Z12-B024,185,185,185,13,AVAILABLE,91
DC-07,SKU-00850,DC-07-Z11-B036,103,102,106,20,AVAILABLE,101
DC-07,SKU-00977,DC-07-Z07-B059,108,108,108,19,AVAILABLE,53
DC-07,SKU-00484,DC-07-Z09-B027,29,29,32,7,AVAILABLE,5
DC-07,SKU-00271,DC-07-Z03-B012,147,146,148,3,AVAILABLE,89
DC-07,SKU-00064,DC-07-Z07-B018,78,80,79,16,AVAILABLE,98
DC-07,SKU-01112,DC-07-Z09-B011,60,59,59,9,AVAILABLE,41
DC-07,SKU-00941,DC-07-Z06-B012,176,177,175,5,AVAILABLE,117
DC-07,SKU-00367,DC-07-Z01-B038,204,205,204,20,AVAILABLE,166
DC-07,SKU-01042,DC-07-Z09-B066,58,59,61,8,HOLD,58
DC-07,SKU-00349,DC-07-Z02-B022,175,175,174,20,AVAILABLE,51
DC-07,SKU-00632,DC-07-Z02-B067,111,111,114,2,AVAILABLE,84
DC-07,SKU-00439,DC-07-Z10-B022,102,100,105,13,AVAILABLE,115
DC-07,SKU-00128,DC-07-Z11-B003,113,111,112,1,AVAILABLE,145
DC-07,SKU-00489,DC-07-Z10-B074,154,155,157,16,AVAILABLE,83
DC-07,SKU-00658,DC-07-Z11-B015,88,90,91,9,AVAILABLE,45
DC-07,SKU-00521,DC-07-Z07-B022,97,98,97,5,AVAILABLE,115
DC-07,SKU-00531,DC-07-Z02-B069,49,49,49,17,AVAILABLE,74
DC-07,SKU-00547,DC-07-Z12-B027,170,170,169,5,QUARANTINE,127
DC-07,SKU-00566,DC-07-Z05-B040,4,5,7,0,AVAILABLE,141
DC-07,SKU-00854,DC-07-Z06-B033,32,30,29,7,HOLD,36
DC-07,SKU-00583,DC-07-Z06-B018,123,123,126,11,AVAILABLE,60
DC-07,SKU-00770,DC-07-Z09-B015,214,216,215,2,AVAILABLE,106
DC-07,SKU-00528,DC-07-Z07-B038,11,13,11,0,AVAILABLE,142
DC-07,SKU-00570,DC-07-Z03-B023,18,18,17,13,AVAILABLE,20
DC-07,SKU-00565,DC-07-Z06-B032,35,35,36,10,QUARANTINE,159
DC-07,SKU-00680,DC-07-Z06-B024,100,100,100,1,AVAILABLE,5
DC-07,SKU-00177,DC-07-Z03-B036,33,35,30,6,AVAILABLE,98
DC-07,SKU-00157,DC-07-Z10-B057,153,154,156,6,AVAILABLE,89
DC-07,SKU-00620,DC-07-Z12-B059,22,21,22,16,AVAILABLE,12
DC-07,SKU-00644,DC-07-Z02-B069,115,113,114,13,AVAILABLE,169
DC-07,SKU-00721,DC-07-Z12-B015,107,105,107,20,AVAILABLE,35
DC-07,SKU-00032,DC-07-Z10-B021,2,0,2,2,AVAILABLE,58
DC-07,SKU-01168,DC-07-Z10-B022,144,143,144,10,HOLD,159
DC-07,SKU-01193,DC-07-Z03-B024,197,197,194,10,AVAILABLE,161
DC-07,SKU-00233,DC-07-Z07-B041,144,144,144,13,AVAILABLE,150
DC-07,SKU-00038,DC-07-Z03-B014,181,181,181,11,AVAILABLE,101
DC-07,SKU-01110,DC-07-Z03-B008,110,110,110,7,AVAILABLE,10
DC-07,SKU-01138,DC-07-Z02-B077,67,67,68,14,AVAILABLE,117
DC-07,SKU-00828,DC-07-Z07-B057,32,32,32,11,AVAILABLE,73
DC-07,SKU-00696,DC-07-Z04-B024,25,25,25,6,AVAILABLE,123
DC-07,SKU-00885,DC-07-Z02-B065,197,197,197,2,QUARANTINE,130
DC-07,SKU-01054,DC-07-Z07-B025,192,191,193,4,AVAILABLE,54
DC-07,SKU-00506,DC-07-Z11-B048,70,72,70,3,HOLD,57
DC-07,SKU-00604,DC-07-Z05-B078,30,32,29,4,AVAILABLE,163
DC-07,SKU-00423,DC-07-Z07-B039,93,93,93,16,AVAILABLE,133
DC-07,SKU-01004,DC-07-Z07-B058,172,174,172,18,AVAILABLE,29
DC-07,SKU-00098,DC-07-Z06-B004,76,75,75,12,AVAILABLE,50
DC-07,SKU-00055,DC-07-Z07-B069,149,149,149,11,AVAILABLE,142
DC-07,SKU-01158,DC-07-Z12-B047,108,108,111,11,AVAILABLE,169
DC-07,SKU-00413,DC-07-Z09-B010,13,15,10,6,AVAILABLE,118
DC-07,SKU-00837,DC-07-Z09-B002,174,174,174,9,AVAILABLE,135
DC-07,SKU-00253,DC-07-Z01-B049,211,210,208,16,AVAILABLE,121
DC-07,SKU-01169,DC-07-Z04-B078,187,187,187,9,AVAILABLE,140
DC-07,SKU-00995,DC-07-Z11-B039,46,48,46,5,AVAILABLE,39
DC-07,SKU-00899,DC-07-Z04-B046,100,98,99,19,AVAILABLE,30
DC-07,SKU-01199,DC-07-Z04-B032,68,66,67,2,AVAILABLE,76
DC-07,SKU-00432,DC-07-Z09-B035,162,162,162,5,HOLD,86
DC-07,SKU-00865,DC-07-Z11-B070,58,58,58,7,AVAILABLE,134
DC-07,SKU-01087,DC-07-Z12-B054,206,207,207,12,AVAILABLE,20
DC-07,SKU-01060,DC-07-Z05-B029,94,94,97,20,AVAILABLE,153
DC-07,SKU-00438,DC-07-Z03-B055,52,51,51,16,AVAILABLE,35
DC-07,SKU-00890,DC-07-Z11-B060,6,5,5,1,AVAILABLE,104
DC-07,SKU-00949,DC-07-Z03-B056,211,211,211,4,AVAILABLE,158
DC-07,SKU-00327,DC-07-Z05-B052,26,26,25,1,AVAILABLE,156
DC-07,SKU-00053,DC-07-Z10-B030,110,110,111,2,AVAILABLE,21
DC-07,SKU-00947,DC-07-Z05-B028,91,93,91,14,AVAILABLE,77
DC-07,SKU-01102,DC-07-Z09-B032,97,99,98,9,AVAILABLE,118
DC-07,SKU-00667,DC-07-Z04-B039,127,127,124,20,AVAILABLE,26
DC-07,SKU-00241,DC-07-Z05-B018,140,140,140,13,AVAILABLE,3
DC-07,SKU-00515,DC-07-Z02-B038,161,163,162,10,AVAILABLE,112
DC-07,SKU-00516,DC-07-Z09-B021,83,83,83,0,AVAILABLE,71
DC-07,SKU-00455,DC-07-Z11-B024,81,83,82,4,AVAILABLE,104
DC-07,SKU-00462,DC-07-Z04-B062,20,20,21,1,AVAILABLE,79
DC-07,SKU-01051,DC-07-Z09-B010,150,150,150,16,AVAILABLE,171
DC-07,SKU-00198,DC-07-Z09-B044,29,30,29,12,AVAILABLE,92
DC-07,SKU-00900,DC-07-Z12-B012,143,143,140,16,AVAILABLE,3
DC-07,SKU-00415,DC-07-Z07-B062,204,204,201,14,AVAILABLE,54
DC-07,SKU-00794,DC-07-Z06-B005,69,68,66,3,AVAILABLE,52
DC-07,SKU-01167,DC-07-Z09-B059,10,10,7,7,QUARANTINE,112
DC-07,SKU-00616,DC-07-Z08-B040,212,212,211,1,AVAILABLE,52
DC-07,SKU-00996,DC-07-Z12-B074,147,145,148,20,AVAILABLE,121
DC-07,SKU-00871,DC-07-Z07-B008,149,149,146,20,AVAILABLE,156
DC-07,SKU-00876,DC-07-Z03-B037,7,9,7,2,AVAILABLE,117
DC-07,SKU-00072,DC-07-Z03-B040,10,10,7,7,AVAILABLE,142
DC-07,SKU-00293,DC-07-Z10-B065,42,42,42,14,AVAILABLE,22
DC-07,SKU-01075,DC-07-Z12-B058,33,32,36,8,AVAILABLE,142
DC-07,SKU-00397,DC-07-Z09-B069,2,1,2,1,HOLD,76
DC-07,SKU-00033,DC-07-Z03-B014,162,162,162,19,QUARANTINE,154
DC-07,SKU-00156,DC-07-Z03-B003,95,95,95,5,AVAILABLE,97
DC-07,SKU-00152,DC-07-Z09-B075,200,202,200,18,AVAILABLE,112
DC-07,SKU-01025,DC-07-Z08-B071,16,16,16,12,AVAILABLE,116
DC-07,SKU-00602,DC-07-Z04-B078,159,159,159,0,AVAILABLE,137
DC-07,SKU-00251,DC-07-Z05-B008,85,84,85,0,AVAILABLE,141
DC-07,SKU-00702,DC-07-Z02-B004,207,208,207,15,AVAILABLE,31
DC-07,SKU-00732,DC-07-Z04-B018,29,31,32,1,AVAILABLE,131
DC-07,SKU-00961,DC-07-Z01-B011,7,6,10,5,AVAILABLE,131
DC-07,SKU-00068,DC-07-Z07-B049,116,116,117,17,AVAILABLE,132
DC-07,SKU-00756,DC-07-Z05-B026,151,152,154,0,AVAILABLE,31
DC-07,SKU-00379,DC-07-Z06-B057,178,180,178,17,AVAILABLE,173
DC-07,SKU-00591,DC-07-Z01-B026,20,20,21,1,AVAILABLE,66
DC-07,SKU-00827,DC-07-Z01-B037,195,195,195,17,AVAILABLE,168
DC-07,SKU-00385,DC-07-Z09-B032,123,123,123,10,AVAILABLE,21
DC-07,SKU-00843,DC-07-Z02-B040,213,215,214,9,AVAILABLE,87
DC-07,SKU-00002,DC-07-Z06-B030,95,93,95,1,AVAILABLE,85
DC-07,SKU-00641,DC-07-Z02-B033,101,101,100,6,AVAILABLE,141
DC-07,SKU-00669,DC-07-Z09-B034,182,182,182,2,AVAILABLE,166
DC-07,SKU-00664,DC-07-Z12-B062,93,93,96,20,AVAILABLE,36
DC-07,SKU-01079,DC-07-Z09-B066,90,90,93,7,AVAILABLE,74
DC-07,SKU-00131,DC-07-Z08-B003,58,58,58,8,AVAILABLE,61
DC-07,SKU-01049,DC-07-Z04-B067,145,145,142,9,AVAILABLE,22
DC-07,SKU-00697,DC-07-Z01-B070,100,101,100,6,AVAILABLE,66
DC-07,SKU-00006,DC-07-Z07-B056,62,62,62,18,AVAILABLE,49
DC-07,SKU-00518,DC-07-Z04-B063,165,165,168,9,AVAILABLE,159
DC-07,SKU-00873,DC-07-Z02-B007,75,73,75,6,AVAILABLE,64
DC-07,SKU-00044,DC-07-Z06-B002,107,107,108,14,AVAILABLE,19
DC-07,SKU-00313,DC-07-Z12-B040,115,116,118,7,AVAILABLE,165
DC-07,SKU-00596,DC-07-Z11-B049,126,126,126,20,AVAILABLE,47
DC-07,SKU-00169,DC-07-Z02-B065,211,211,214,15,AVAILABLE,87
DC-07,SKU-00765,DC-07-Z10-B012,107,107,104,1,AVAILABLE,2
DC-07,SKU-01155,DC-07-Z03-B033,167,168,166,19,AVAILABLE,23
DC-07,SKU-00037,DC-07-Z06-B011,52,52,53,17,AVAILABLE,65
DC-07,SKU-00910,DC-07-Z05-B078,141,143,144,4,AVAILABLE,109
DC-07,SKU-00562,DC-07-Z02-B056,127,127,128,2,AVAILABLE,65
DC-07,SKU-00608,DC-07-Z08-B038,128,129,128,8,AVAILABLE,109
DC-07,SKU-00585,DC-07-Z05-B024,58,57,55,2,AVAILABLE,65
DC-07,SKU-00609,DC-07-Z04-B066,164,165,165,10,AVAILABLE,74
DC-07,SKU-01151,DC-07-Z12-B001,133,134,133,10,AVAILABLE,70
DC-07,SKU-00493,DC-07-Z09-B056,203,203,202,18,AVAILABLE,79
DC-07,SKU-00133,DC-07-Z07-B078,168,168,167,5,AVAILABLE,131
DC-07,SKU-00582,DC-07-Z05-B007,83,84,84,20,AVAILABLE,78
DC-07,SKU-00175,DC-07-Z01-B070,79,79,82,0,QUARANTINE,123
DC-07,SKU-00990,DC-07-Z06-B071,84,86,87,16,AVAILABLE,147
DC-07,SKU-00538,DC-07-Z12-B028,193,192,192,13,AVAILABLE,94
DC-08,SKU-01001,DC-08-Z08-B030,14,14,14,7,QUARANTINE,164
DC-08,SKU-00386,DC-08-Z08-B001,130,130,127,7,AVAILABLE,41
DC-08,SKU-00563,DC-08-Z01-B012,41,40,42,18,AVAILABLE,129
DC-08,SKU-00895,DC-08-Z09-B054,22,23,25,0,AVAILABLE,59
DC-08,SKU-00270,DC-08-Z12-B080,91,91,90,14,HOLD,150
DC-08,SKU-00890,DC-08-Z03-B034,98,97,97,8,AVAILABLE,24
DC-08,SKU-00684,DC-08-Z03-B074,220,220,219,2,AVAILABLE,75
DC-08,SKU-00112,DC-08-Z01-B012,69,69,69,14,AVAILABLE,5
DC-08,SKU-00983,DC-08-Z11-B011,189,188,192,17,AVAILABLE,50
DC-08,SKU-00327,DC-08-Z03-B079,159,159,158,3,AVAILABLE,145
DC-08,SKU-00817,DC-08-Z03-B001,161,159,158,3,AVAILABLE,25
DC-08,SKU-00853,DC-08-Z05-B010,7,7,10,4,AVAILABLE,95
DC-08,SKU-00942,DC-08-Z01-B049,192,192,195,3,AVAILABLE,128
DC-08,SKU-00257,DC-08-Z12-B033,134,134,134,7,AVAILABLE,14
DC-08,SKU-01193,DC-08-Z11-B071,84,83,87,20,AVAILABLE,157
DC-08,SKU-00943,DC-08-Z12-B036,100,100,100,10,AVAILABLE,46
DC-08,SKU-00091,DC-08-Z08-B032,74,74,77,13,QUARANTINE,107
DC-08,SKU-00812,DC-08-Z10-B070,83,83,83,15,AVAILABLE,92
DC-08,SKU-01159,DC-08-Z12-B027,205,205,206,10,AVAILABLE,65
DC-08,SKU-00719,DC-08-Z12-B051,134,133,137,7,AVAILABLE,91
DC-08,SKU-00549,DC-08-Z10-B080,164,164,165,17,AVAILABLE,98
DC-08,SKU-00332,DC-08-Z09-B046,149,148,150,0,AVAILABLE,15
DC-08,SKU-00578,DC-08-Z04-B078,168,166,168,2,AVAILABLE,128
DC-08,SKU-00293,DC-08-Z07-B005,5,4,8,4,AVAILABLE,70
DC-08,SKU-00646,DC-08-Z01-B071,3,5,3,2,AVAILABLE,89
DC-08,SKU-00548,DC-08-Z08-B032,68,66,68,14,AVAILABLE,129
DC-08,SKU-00596,DC-08-Z10-B027,84,86,85,13,AVAILABLE,11
DC-08,SKU-00290,DC-08-Z05-B016,149,150,149,14,AVAILABLE,139
DC-08,SKU-00441,DC-08-Z09-B057,69,69,70,0,AVAILABLE,175
DC-08,SKU-01191,DC-08-Z08-B049,142,141,142,6,AVAILABLE,20
DC-08,SKU-00114,DC-08-Z07-B002,171,170,171,19,AVAILABLE,106
DC-08,SKU-00994,DC-08-Z12-B047,55,55,58,8,AVAILABLE,26
DC-08,SKU-00414,DC-08-Z09-B079,140,141,140,20,AVAILABLE,110
DC-08,SKU-00179,DC-08-Z08-B067,125,125,125,12,AVAILABLE,166
DC-08,SKU-00986,DC-08-Z07-B037,2,1,1,0,AVAILABLE,99
DC-08,SKU-01113,DC-08-Z06-B048,18,19,15,3,AVAILABLE,137
DC-08,SKU-00404,DC-08-Z07-B035,29,29,29,7,AVAILABLE,151
DC-08,SKU-00907,DC-08-Z05-B061,144,143,144,11,HOLD,169
DC-08,SKU-00843,DC-08-Z04-B048,48,50,48,18,AVAILABLE,173
DC-08,SKU-00250,DC-08-Z12-B001,130,130,127,0,AVAILABLE,148
DC-08,SKU-00979,DC-08-Z10-B016,89,89,89,5,AVAILABLE,171
DC-08,SKU-00451,DC-08-Z04-B007,175,175,175,14,AVAILABLE,4
DC-08,SKU-00170,DC-08-Z04-B046,175,176,172,12,HOLD,111
DC-08,SKU-00373,DC-08-Z12-B078,191,192,192,20,AVAILABLE,74
DC-08,SKU-00752,DC-08-Z10-B068,204,204,201,9,AVAILABLE,106
DC-08,SKU-00834,DC-08-Z03-B069,172,171,172,20,AVAILABLE,37
DC-08,SKU-00115,DC-08-Z10-B024,191,191,191,11,AVAILABLE,105
DC-08,SKU-01065,DC-08-Z10-B075,118,118,118,7,AVAILABLE,132
DC-08,SKU-00277,DC-08-Z02-B004,196,194,196,20,AVAILABLE,1
DC-08,SKU-00885,DC-08-Z09-B073,138,138,138,0,AVAILABLE,62
DC-08,SKU-01024,DC-08-Z06-B048,16,16,15,3,AVAILABLE,106
DC-08,SKU-00683,DC-08-Z02-B054,101,101,100,7,AVAILABLE,15
DC-08,SKU-01194,DC-08-Z08-B062,144,143,144,4,AVAILABLE,108
DC-08,SKU-00092,DC-08-Z06-B010,60,59,60,9,AVAILABLE,129
DC-08,SKU-00791,DC-08-Z11-B055,22,20,22,7,AVAILABLE,144
DC-08,SKU-00318,DC-08-Z03-B037,162,163,162,8,HOLD,26
DC-08,SKU-00255,DC-08-Z06-B001,205,206,204,14,AVAILABLE,72
DC-08,SKU-00737,DC-08-Z12-B035,84,84,84,7,AVAILABLE,18
DC-08,SKU-00978,DC-08-Z12-B013,14,16,14,5,AVAILABLE,105
DC-08,SKU-00695,DC-08-Z06-B067,140,140,139,12,AVAILABLE,161
DC-08,SKU-00440,DC-08-Z04-B065,4,2,7,4,AVAILABLE,10
DC-08,SKU-00340,DC-08-Z09-B001,79,81,79,3,AVAILABLE,80
DC-08,SKU-00831,DC-08-Z05-B008,102,102,103,11,AVAILABLE,161
DC-08,SKU-01188,DC-08-Z12-B033,121,123,121,10,QUARANTINE,113
DC-08,SKU-00015,DC-08-Z09-B031,125,126,124,20,AVAILABLE,2
DC-08,SKU-01027,DC-08-Z09-B076,190,189,190,14,AVAILABLE,75
DC-08,SKU-00384,DC-08-Z09-B066,14,15,11,9,AVAILABLE,7
DC-08,SKU-00765,DC-08-Z05-B078,210,210,213,10,AVAILABLE,115
DC-08,SKU-00147,DC-08-Z07-B062,0,0,0,0,AVAILABLE,41
DC-08,SKU-00429,DC-08-Z02-B065,133,134,132,10,AVAILABLE,23
DC-08,SKU-00410,DC-08-Z02-B030,33,33,30,19,HOLD,50
DC-08,SKU-00745,DC-08-Z04-B008,57,56,54,18,AVAILABLE,24
DC-08,SKU-00706,DC-08-Z04-B059,109,109,110,9,HOLD,2
DC-08,SKU-00041,DC-08-Z10-B015,88,87,88,20,AVAILABLE,104
DC-08,SKU-01143,DC-08-Z05-B071,143,141,144,10,HOLD,174
DC-08,SKU-01018,DC-08-Z05-B060,46,46,49,7,AVAILABLE,76
DC-08,SKU-00020,DC-08-Z09-B059,5,6,5,3,AVAILABLE,75
DC-08,SKU-00013,DC-08-Z08-B007,45,45,46,20,HOLD,64
DC-08,SKU-00524,DC-08-Z06-B030,213,211,213,12,AVAILABLE,69
DC-08,SKU-00540,DC-08-Z09-B061,116,116,113,6,QUARANTINE,81
DC-08,SKU-00941,DC-08-Z07-B070,193,193,196,0,QUARANTINE,148
DC-08,SKU-00367,DC-08-Z02-B035,63,63,63,8,AVAILABLE,132
DC-08,SKU-00248,DC-08-Z12-B019,40,38,43,0,HOLD,144
DC-08,SKU-00800,DC-08-Z08-B040,93,93,93,16,HOLD,43
DC-08,SKU-00252,DC-08-Z02-B005,59,61,56,3,AVAILABLE,130
DC-08,SKU-00865,DC-08-Z02-B006,179,179,180,5,HOLD,89
DC-08,SKU-00534,DC-08-Z04-B059,52,52,53,5,AVAILABLE,28
DC-08,SKU-00086,DC-08-Z07-B054,169,169,169,0,AVAILABLE,94
DC-08,SKU-00138,DC-08-Z12-B002,202,202,205,15,AVAILABLE,161
DC-08,SKU-00967,DC-08-Z06-B060,65,66,66,18,AVAILABLE,55
DC-08,SKU-01171,DC-08-Z03-B009,8,10,11,4,AVAILABLE,174
DC-08,SKU-00142,DC-08-Z09-B001,125,127,125,4,AVAILABLE,87
DC-08,SKU-00190,DC-08-Z12-B043,130,131,129,9,AVAILABLE,46
DC-08,SKU-00423,DC-08-Z03-B008,78,80,78,6,AVAILABLE,69
DC-08,SKU-00947,DC-08-Z09-B003,171,171,171,14,HOLD,170
DC-08,SKU-00099,DC-08-Z04-B064,77,77,77,16,AVAILABLE,151
DC-08,SKU-00395,DC-08-Z08-B018,213,213,212,12,AVAILABLE,175
DC-08,SKU-00383,DC-08-Z10-B068,117,117,120,8,QUARANTINE,43
DC-08,SKU-01032,DC-08-Z12-B041,160,160,160,8,AVAILABLE,120
DC-08,SKU-00268,DC-08-Z04-B065,123,125,124,13,AVAILABLE,141
DC-08,SKU-00889,DC-08-Z11-B079,163,163,162,1,AVAILABLE,45
DC-08,SKU-00236,DC-08-Z08-B076,83,81,80,16,AVAILABLE,27
DC-08,SKU-00738,DC-08-Z01-B035,98,98,98,4,AVAILABLE,49
DC-08,SKU-00055,DC-08-Z02-B019,209,211,208,2,HOLD,163
DC-08,SKU-00498,DC-08-Z09-B061,103,103,103,3,AVAILABLE,136
DC-08,SKU-00560,DC-08-Z02-B003,114,114,113,5,AVAILABLE,83
DC-08,SKU-00997,DC-08-Z01-B078,15,17,16,6,AVAILABLE,91
DC-08,SKU-00379,DC-08-Z07-B017,96,96,97,19,AVAILABLE,83
DC-08,SKU-00715,DC-08-Z02-B023,56,56,56,9,AVAILABLE,128
DC-08,SKU-00857,DC-08-Z06-B046,60,60,60,18,AVAILABLE,141
DC-08,SKU-00123,DC-08-Z05-B027,104,106,105,14,AVAILABLE,125
DC-08,SKU-00602,DC-08-Z06-B015,83,84,80,8,HOLD,43
DC-08,SKU-01148,DC-08-Z01-B008,14,13,14,1,AVAILABLE,112
DC-08,SKU-00587,DC-08-Z01-B073,83,83,80,1,AVAILABLE,6
DC-08,SKU-01117,DC-08-Z07-B036,75,77,75,0,AVAILABLE,34
DC-08,SKU-01126,DC-08-Z11-B005,120,118,121,20,AVAILABLE,102
DC-08,SKU-00644,DC-08-Z10-B031,47,47,48,17,AVAILABLE,73
DC-08,SKU-01006,DC-08-Z01-B014,185,185,185,14,HOLD,130
DC-08,SKU-00804,DC-08-Z02-B066,68,68,65,9,AVAILABLE,24
DC-08,SKU-01190,DC-08-Z05-B004,2,2,1,2,AVAILABLE,137
DC-08,SKU-00675,DC-08-Z04-B004,98,98,98,19,QUARANTINE,20
DC-08,SKU-00625,DC-08-Z10-B015,189,191,190,11,AVAILABLE,94
DC-08,SKU-00247,DC-08-Z04-B076,134,134,134,13,AVAILABLE,134
DC-08,SKU-00113,DC-08-Z01-B019,91,91,88,19,HOLD,94
DC-08,SKU-00787,DC-08-Z05-B061,84,84,84,5,AVAILABLE,42
DC-08,SKU-00685,DC-08-Z03-B076,43,43,40,18,AVAILABLE,117
DC-08,SKU-01010,DC-08-Z10-B036,138,138,138,20,AVAILABLE,75
DC-08,SKU-00442,DC-08-Z05-B070,193,195,194,12,AVAILABLE,140
DC-08,SKU-01153,DC-08-Z09-B068,196,197,197,3,AVAILABLE,3
DC-08,SKU-00211,DC-08-Z03-B043,67,67,68,13,AVAILABLE,60
DC-08,SKU-00789,DC-08-Z12-B079,191,193,191,14,AVAILABLE,66
DC-08,SKU-00904,DC-08-Z11-B058,58,57,58,15,QUARANTINE,37
DC-08,SKU-00777,DC-08-Z09-B013,140,139,139,6,AVAILABLE,170
DC-08,SKU-00005,DC-08-Z01-B007,98,99,99,6,AVAILABLE,145
DC-08,SKU-00928,DC-08-Z02-B061,12,12,9,6,AVAILABLE,124
DC-08,SKU-00272,DC-08-Z11-B008,134,135,133,10,AVAILABLE,87
DC-08,SKU-00966,DC-08-Z06-B041,2,0,2,1,AVAILABLE,31
DC-08,SKU-00169,DC-08-Z03-B035,168,168,167,10,QUARANTINE,162
DC-08,SKU-00747,DC-08-Z02-B054,206,206,206,1,AVAILABLE,89
DC-08,SKU-00204,DC-08-Z06-B053,129,129,129,1,AVAILABLE,151
DC-08,SKU-00934,DC-08-Z03-B006,177,177,180,2,HOLD,102
DC-08,SKU-00724,DC-08-Z04-B060,24,23,25,20,AVAILABLE,142
DC-08,SKU-00583,DC-08-Z09-B080,212,212,212,1,AVAILABLE,131
DC-08,SKU-00241,DC-08-Z01-B059,81,81,81,2,AVAILABLE,128
DC-08,SKU-00418,DC-08-Z10-B061,103,101,103,16,AVAILABLE,108
DC-08,SKU-00821,DC-08-Z03-B061,8,8,8,0,QUARANTINE,125
DC-08,SKU-00839,DC-08-Z11-B030,90,90,87,12,AVAILABLE,139
DC-08,SKU-01013,DC-08-Z12-B022,177,177,177,19,AVAILABLE,161
DC-08,SKU-00477,DC-08-Z09-B070,186,185,186,17,AVAILABLE,143
DC-08,SKU-01049,DC-08-Z07-B058,71,72,72,10,AVAILABLE,151
DC-08,SKU-00148,DC-08-Z01-B039,74,73,71,19,HOLD,175
DC-08,SKU-00178,DC-08-Z04-B039,82,81,81,14,AVAILABLE,176
DC-08,SKU-00388,DC-08-Z01-B006,77,77,77,6,QUARANTINE,139
DC-08,SKU-00135,DC-08-Z03-B073,24,25,23,12,AVAILABLE,109
DC-08,SKU-00108,DC-08-Z02-B036,1,1,4,0,AVAILABLE,87
DC-08,SKU-00771,DC-08-Z10-B056,187,185,187,12,HOLD,11
DC-08,SKU-00040,DC-08-Z08-B071,161,161,158,18,AVAILABLE,104
DC-08,SKU-01108,DC-08-Z12-B061,206,206,206,6,AVAILABLE,9
DC-08,SKU-00613,DC-08-Z02-B044,119,121,122,13,AVAILABLE,106
DC-08,SKU-01151,DC-08-Z07-B034,203,201,200,10,AVAILABLE,102
DC-08,SKU-00328,DC-08-Z03-B027,28,28,31,19,AVAILABLE,178
DC-08,SKU-01026,DC-08-Z03-B021,30,30,30,20,AVAILABLE,157
DC-08,SKU-00911,DC-08-Z03-B051,207,207,206,0,AVAILABLE,23
DC-08,SKU-00912,DC-08-Z06-B070,123,122,120,5,AVAILABLE,21
DC-08,SKU-00025,DC-08-Z12-B077,42,40,41,9,AVAILABLE,138
DC-08,SKU-00167,DC-08-Z01-B007,7,7,7,4,AVAILABLE,145
DC-08,SKU-00070,DC-08-Z09-B021,49,51,49,18,AVAILABLE,55
DC-08,SKU-00083,DC-08-Z07-B029,117,117,114,19,AVAILABLE,109
DC-08,SKU-00315,DC-08-Z02-B007,18,18,19,10,AVAILABLE,158
DC-08,SKU-00626,DC-08-Z05-B032,47,49,48,18,HOLD,145
DC-08,SKU-01076,DC-08-Z06-B064,7,9,7,0,AVAILABLE,7
DC-08,SKU-00651,DC-08-Z07-B070,194,192,194,0,AVAILABLE,129
DC-08,SKU-00980,DC-08-Z03-B052,200,198,203,19,AVAILABLE,85
DC-08,SKU-00767,DC-08-Z02-B050,199,199,200,2,AVAILABLE,106
DC-08,SKU-00137,DC-08-Z05-B004,179,181,182,0,AVAILABLE,175
DC-08,SKU-00754,DC-08-Z12-B010,75,75,72,0,AVAILABLE,2
DC-08,SKU-00632,DC-08-Z12-B034,15,17,15,0,QUARANTINE,154
DC-08,SKU-00021,DC-08-Z04-B059,2,2,2,2,AVAILABLE,124
DC-08,SKU-00847,DC-08-Z01-B027,165,166,166,6,AVAILABLE,24
DC-08,SKU-01121,DC-08-Z09-B038,67,67,70,18,AVAILABLE,4
DC-08,SKU-00713,DC-08-Z11-B009,108,107,111,9,AVAILABLE,117
DC-08,SKU-00539,DC-08-Z01-B030,72,71,71,17,AVAILABLE,106
DC-08,SKU-01096,DC-08-Z07-B055,56,57,57,14,AVAILABLE,108
DC-08,SKU-00175,DC-08-Z02-B029,72,72,72,9,AVAILABLE,31
DC-08,SKU-00062,DC-08-Z04-B063,90,90,91,2,AVAILABLE,138
DC-08,SKU-01090,DC-08-Z10-B078,13,13,16,4,AVAILABLE,80
DC-08,SKU-00219,DC-08-Z12-B074,163,161,163,13,AVAILABLE,71
DC-08,SKU-00154,DC-08-Z01-B013,5,5,5,1,AVAILABLE,13
DC-08,SKU-01196,DC-08-Z12-B021,150,150,151,9,AVAILABLE,163
DC-08,SKU-00851,DC-08-Z02-B071,14,15,14,13,AVAILABLE,17
DC-08,SKU-00176,DC-08-Z02-B027,54,56,54,11,AVAILABLE,139
DC-08,SKU-00742,DC-08-Z12-B079,171,169,174,20,AVAILABLE,69
DC-08,SKU-00335,DC-08-Z09-B002,210,210,207,2,AVAILABLE,14
DC-08,SKU-00280,DC-08-Z11-B064,133,133,130,2,HOLD,37
DC-08,SKU-01089,DC-08-Z10-B067,120,120,121,0,AVAILABLE,127
DC-08,SKU-00701,DC-08-Z08-B044,177,176,177,2,AVAILABLE,79
DC-08,SKU-00750,DC-08-Z12-B030,5,5,4,5,AVAILABLE,92
DC-08,SKU-00504,DC-08-Z10-B017,27,27,24,15,AVAILABLE,138
DC-08,SKU-00989,DC-08-Z03-B053,172,172,172,15,AVAILABLE,177
DC-08,SKU-00962,DC-08-Z10-B024,143,145,140,15,HOLD,128
DC-08,SKU-00439,DC-08-Z08-B007,55,53,56,12,AVAILABLE,104
DC-08,SKU-00470,DC-08-Z05-B021,32,32,35,3,AVAILABLE,60
DC-08,SKU-01056,DC-08-Z12-B064,116,116,116,11,AVAILABLE,87
DC-08,SKU-00749,DC-08-Z06-B030,24,24,24,10,AVAILABLE,129
DC-08,SKU-00457,DC-08-Z07-B061,126,126,125,19,AVAILABLE,122
DC-08,SKU-00172,DC-08-Z05-B001,172,170,175,11,AVAILABLE,172
DC-08,SKU-00780,DC-08-Z03-B041,105,105,105,13,AVAILABLE,161
DC-08,SKU-00755,DC-08-Z05-B080,215,215,215,17,AVAILABLE,91
DC-08,SKU-01039,DC-08-Z02-B063,50,51,49,7,AVAILABLE,129
DC-08,SKU-00141,DC-08-Z11-B002,179,179,179,0,AVAILABLE,91
DC-08,SKU-01177,DC-08-Z02-B072,179,179,179,2,AVAILABLE,58
DC-08,SKU-00502,DC-08-Z07-B013,25,24,25,4,AVAILABLE,143
DC-08,SKU-00017,DC-08-Z05-B022,162,162,162,17,AVAILABLE,48
DC-08,SKU-00761,DC-08-Z06-B002,175,176,178,1,AVAILABLE,150
DC-08,SKU-00205,DC-08-Z01-B075,34,35,34,20,AVAILABLE,55
DC-08,SKU-00220,DC-08-Z07-B058,187,187,190,16,AVAILABLE,137
DC-08,SKU-00216,DC-08-Z12-B008,176,176,173,6,AVAILABLE,120
DC-08,SKU-00531,DC-08-Z08-B059,147,147,147,2,AVAILABLE,90
DC-08,SKU-00591,DC-08-Z09-B064,164,162,161,7,AVAILABLE,14
DC-08,SKU-00552,DC-08-Z09-B005,104,104,107,0,AVAILABLE,46
DC-08,SKU-00562,DC-08-Z02-B070,115,115,118,7,QUARANTINE,23
DC-08,SKU-00215,DC-08-Z04-B027,140,138,140,8,AVAILABLE,132
DC-08,SKU-00349,DC-08-Z06-B060,20,20,17,3,AVAILABLE,126
DC-08,SKU-00528,DC-08-Z04-B076,120,119,119,18,AVAILABLE,64
DC-08,SKU-01102,DC-08-Z10-B043,65,64,65,4,AVAILABLE,77
DC-08,SKU-00582,DC-08-Z09-B055,55,55,55,16,AVAILABLE,57
DC-08,SKU-00011,DC-08-Z10-B047,127,127,127,3,AVAILABLE,102
DC-08,SKU-00670,DC-08-Z10-B065,109,110,109,18,AVAILABLE,161
DC-08,SKU-00514,DC-08-Z07-B015,161,161,161,14,AVAILABLE,5
DC-08,SKU-00657,DC-08-Z03-B070,10,10,13,0,AVAILABLE,55
DC-08,SKU-01104,DC-08-Z02-B080,80,81,81,9,AVAILABLE,152
DC-08,SKU-00965,DC-08-Z10-B001,160,160,160,6,AVAILABLE,67
DC-08,SKU-00443,DC-08-Z06-B028,119,121,119,10,AVAILABLE,102
DC-08,SKU-00888,DC-08-Z08-B010,159,159,156,9,AVAILABLE,131
DC-08,SKU-00310,DC-08-Z10-B001,206,206,206,13,AVAILABLE,15
DC-08,SKU-00403,DC-08-Z01-B004,17,19,20,14,AVAILABLE,25
DC-08,SKU-00573,DC-08-Z12-B042,150,148,150,0,AVAILABLE,175
DC-08,SKU-00676,DC-08-Z11-B032,53,53,53,7,AVAILABLE,172
DC-08,SKU-00056,DC-08-Z09-B011,203,203,202,19,AVAILABLE,86
DC-08,SKU-00362,DC-08-Z04-B028,111,111,110,1,AVAILABLE,50
DC-08,SKU-00047,DC-08-Z09-B040,218,217,215,3,AVAILABLE,169
DC-08,SKU-00936,DC-08-Z05-B021,157,157,154,1,AVAILABLE,172
DC-08,SKU-00348,DC-08-Z09-B007,81,81,80,15,AVAILABLE,26
DC-08,SKU-00177,DC-08-Z10-B041,172,172,173,9,AVAILABLE,144
DC-08,SKU-00424,DC-08-Z08-B007,65,63,64,11,AVAILABLE,46
DC-08,SKU-00688,DC-08-Z03-B048,1,1,0,1,AVAILABLE,60
DC-08,SKU-01077,DC-08-Z08-B052,140,142,137,6,AVAILABLE,30
DC-08,SKU-00472,DC-08-Z07-B033,183,182,183,16,HOLD,26
DC-08,SKU-00991,DC-08-Z02-B028,42,44,39,6,AVAILABLE,156
DC-08,SKU-00103,DC-08-Z11-B063,156,154,156,5,AVAILABLE,43
DC-08,SKU-00692,DC-08-Z10-B069,41,39,40,1,HOLD,51
DC-08,SKU-00106,DC-08-Z02-B005,117,115,118,19,AVAILABLE,41
DC-08,SKU-00120,DC-08-Z11-B050,138,138,138,17,QUARANTINE,73
DC-08,SKU-00350,DC-08-Z11-B061,196,196,199,8,AVAILABLE,148
DC-08,SKU-00357,DC-08-Z04-B004,148,146,148,20,AVAILABLE,31
DC-08,SKU-00992,DC-08-Z02-B030,3,3,6,1,AVAILABLE,64
DC-08,SKU-01031,DC-08-Z09-B056,85,86,85,9,AVAILABLE,0
DC-08,SKU-00324,DC-08-Z04-B011,59,59,62,19,AVAILABLE,52
DC-08,SKU-01092,DC-08-Z11-B080,165,165,165,8,AVAILABLE,20
DC-08,SKU-00910,DC-08-Z11-B015,213,213,213,15,AVAILABLE,95
DC-08,SKU-00716,DC-08-Z11-B074,153,153,152,6,AVAILABLE,75
DC-08,SKU-00452,DC-08-Z09-B010,194,195,194,2,AVAILABLE,167
DC-08,SKU-00420,DC-08-Z11-B073,88,88,85,2,AVAILABLE,61
DC-08,SKU-00194,DC-08-Z05-B023,187,187,184,4,AVAILABLE,41
DC-08,SKU-00671,DC-08-Z09-B020,70,70,70,11,AVAILABLE,58
DC-08,SKU-00703,DC-08-Z07-B031,143,143,143,11,AVAILABLE,109
DC-08,SKU-00510,DC-08-Z08-B073,195,193,196,15,AVAILABLE,128
DC-08,SKU-00659,DC-08-Z06-B008,166,167,166,13,AVAILABLE,4
DC-08,SKU-01150,DC-08-Z03-B054,212,212,209,4,AVAILABLE,175
DC-08,SKU-00508,DC-08-Z12-B071,199,199,199,1,AVAILABLE,53
DC-08,SKU-00411,DC-08-Z08-B022,176,176,177,6,HOLD,137
DC-08,SKU-00899,DC-08-Z03-B014,174,175,177,2,AVAILABLE,115
DC-08,SKU-00756,DC-08-Z05-B070,52,52,52,9,AVAILABLE,112
DC-08,SKU-00585,DC-08-Z08-B040,44,44,44,18,HOLD,159
DC-08,SKU-00645,DC-08-Z06-B040,195,195,195,5,AVAILABLE,154
DC-08,SKU-00830,DC-08-Z07-B038,57,57,57,12,AVAILABLE,165
DC-08,SKU-00655,DC-08-Z10-B057,21,21,24,20,AVAILABLE,35
DC-08,SKU-00871,DC-08-Z06-B010,56,55,56,5,AVAILABLE,85
DC-08,SKU-00249,DC-08-Z05-B026,167,167,170,7,HOLD,61
DC-08,SKU-00032,DC-08-Z03-B053,83,83,83,9,QUARANTINE,160
DC-08,SKU-00556,DC-08-Z01-B047,203,203,204,4,AVAILABLE,157
DC-08,SKU-00999,DC-08-Z07-B029,65,63,66,1,AVAILABLE,151
DC-08,SKU-00690,DC-08-Z04-B019,102,102,102,2,AVAILABLE,97
DC-08,SKU-00320,DC-08-Z04-B013,82,81,83,7,AVAILABLE,130
DC-08,SKU-00492,DC-08-Z06-B049,5,3,5,2,QUARANTINE,31
DC-08,SKU-01014,DC-08-Z11-B069,24,24,24,17,AVAILABLE,98
DC-08,SKU-00732,DC-08-Z08-B051,29,31,30,7,AVAILABLE,88
DC-08,SKU-00887,DC-08-Z06-B022,136,137,133,19,AVAILABLE,31
DC-08,SKU-00599,DC-08-Z04-B058,15,15,15,4,QUARANTINE,176
DC-08,SKU-00955,DC-08-Z04-B060,177,177,177,8,HOLD,84
DC-08,SKU-00546,DC-08-Z03-B001,120,121,120,4,QUARANTINE,114
DC-08,SKU-00076,DC-08-Z09-B012,130,130,130,0,AVAILABLE,52
DC-08,SKU-00329,DC-08-Z09-B063,142,140,142,19,AVAILABLE,112
DC-08,SKU-00892,DC-08-Z04-B037,160,161,159,18,AVAILABLE,15
DC-08,SKU-00603,DC-08-Z09-B020,16,17,16,9,AVAILABLE,89
DC-08,SKU-00935,DC-08-Z02-B050,115,115,116,6,AVAILABLE,171
DC-08,SKU-00814,DC-08-Z08-B022,8,8,8,7,QUARANTINE,24
DC-08,SKU-00924,DC-08-Z08-B039,47,47,47,16,AVAILABLE,148
DC-08,SKU-00759,DC-08-Z04-B028,46,46,49,6,AVAILABLE,41
DC-08,SKU-00180,DC-08-Z08-B034,115,113,114,2,AVAILABLE,131
DC-08,SKU-00266,DC-08-Z11-B015,9,10,6,6,AVAILABLE,139
DC-08,SKU-00774,DC-08-Z12-B062,114,116,115,4,AVAILABLE,141
DC-08,SKU-00385,DC-08-Z01-B063,79,79,79,6,AVAILABLE,123
DC-08,SKU-00396,DC-08-Z05-B068,8,10,9,6,HOLD,130
DC-08,SKU-01140,DC-08-Z05-B052,144,142,141,11,QUARANTINE,60
DC-08,SKU-00065,DC-08-Z01-B052,12,14,11,4,AVAILABLE,35
DC-08,SKU-00739,DC-08-Z10-B051,144,142,147,20,AVAILABLE,90
DC-08,SKU-00825,DC-08-Z01-B058,147,147,147,17,AVAILABLE,34
DC-08,SKU-00464,DC-08-Z11-B023,198,200,201,10,AVAILABLE,54
DC-08,SKU-00297,DC-08-Z09-B001,191,193,190,16,AVAILABLE,107
DC-08,SKU-00265,DC-08-Z03-B039,163,163,163,4,AVAILABLE,7
DC-08,SKU-00743,DC-08-Z09-B004,113,111,113,13,AVAILABLE,173
DC-08,SKU-00909,DC-08-Z01-B048,173,173,172,14,AVAILABLE,154
DC-08,SKU-00158,DC-08-Z10-B041,107,106,107,5,AVAILABLE,111
DC-08,SKU-00557,DC-08-Z07-B043,147,147,150,17,AVAILABLE,136
DC-08,SKU-00795,DC-08-Z12-B068,30,28,29,8,AVAILABLE,113
DC-08,SKU-00735,DC-08-Z10-B075,159,159,156,3,AVAILABLE,75
DC-08,SKU-00723,DC-08-Z05-B029,179,178,182,15,AVAILABLE,123
DC-08,SKU-00300,DC-08-Z12-B019,117,117,117,5,AVAILABLE,99
DC-08,SKU-00772,DC-08-Z04-B041,48,49,48,2,AVAILABLE,66
DC-08,SKU-00368,DC-08-Z03-B048,147,145,147,3,AVAILABLE,74
DC-08,SKU-00874,DC-08-Z12-B030,123,121,123,14,AVAILABLE,43
DC-08,SKU-00519,DC-08-Z12-B059,13,14,13,0,AVAILABLE,5
DC-08,SKU-00380,DC-08-Z09-B015,117,116,117,14,AVAILABLE,45
DC-08,SKU-00198,DC-08-Z05-B042,45,45,46,11,AVAILABLE,102
DC-08,SKU-01124,DC-08-Z06-B054,117,115,117,15,AVAILABLE,68
DC-08,SKU-00849,DC-08-Z05-B041,167,167,167,3,AVAILABLE,36
DC-08,SKU-00454,DC-08-Z10-B056,208,207,207,9,AVAILABLE,84
DC-08,SKU-00485,DC-08-Z08-B054,136,135,137,17,AVAILABLE,118
DC-08,SKU-00433,DC-08-Z08-B041,145,143,145,7,AVAILABLE,8
DC-08,SKU-00838,DC-08-Z11-B071,109,110,109,14,AVAILABLE,69
DC-08,SKU-00653,DC-08-Z09-B068,220,222,220,15,AVAILABLE,91
DC-08,SKU-00401,DC-08-Z05-B039,161,161,162,4,AVAILABLE,13
DC-08,SKU-00446,DC-08-Z03-B026,217,218,218,18,AVAILABLE,22
DC-08,SKU-00345,DC-08-Z03-B048,175,174,174,20,AVAILABLE,63
DC-08,SKU-01072,DC-08-Z08-B046,101,100,101,5,AVAILABLE,161
DC-08,SKU-00807,DC-08-Z10-B046,155,155,155,12,AVAILABLE,96
DC-08,SKU-00028,DC-08-Z08-B054,50,52,50,14,AVAILABLE,99
DC-08,SKU-00445,DC-08-Z08-B017,28,29,27,1,AVAILABLE,17
DC-08,SKU-00262,DC-08-Z08-B053,210,210,211,4,AVAILABLE,103
DC-08,SKU-00229,DC-08-Z12-B022,217,218,216,6,AVAILABLE,103
DC-08,SKU-00598,DC-08-Z11-B024,114,114,113,20,AVAILABLE,32
DC-08,SKU-01052,DC-08-Z08-B055,88,87,88,7,AVAILABLE,96
DC-08,SKU-00623,DC-08-Z05-B012,17,18,17,14,AVAILABLE,41
DC-08,SKU-00145,DC-08-Z07-B035,87,87,87,15,AVAILABLE,60
DC-08,SKU-00157,DC-08-Z02-B019,135,133,135,5,AVAILABLE,130
DC-08,SKU-00197,DC-08-Z12-B025,43,43,43,17,AVAILABLE,79
DC-08,SKU-00641,DC-08-Z09-B010,73,75,74,1,AVAILABLE,21
DC-08,SKU-01156,DC-08-Z12-B028,46,46,46,8,AVAILABLE,48
DC-08,SKU-00155,DC-08-Z06-B033,162,164,162,10,AVAILABLE,30
DC-08,SKU-00842,DC-08-Z12-B022,193,193,190,3,AVAILABLE,64
DC-08,SKU-00447,DC-08-Z11-B048,13,13,13,9,AVAILABLE,31
DC-08,SKU-00914,DC-08-Z05-B058,38,38,41,7,AVAILABLE,20
DC-08,SKU-00057,DC-08-Z04-B015,144,146,145,6,AVAILABLE,42
DC-08,SKU-01172,DC-08-Z01-B033,203,205,203,15,HOLD,48
DC-08,SKU-00832,DC-08-Z12-B047,71,73,72,9,AVAILABLE,54
DC-08,SKU-00278,DC-08-Z02-B024,174,174,177,3,HOLD,153
DC-08,SKU-00801,DC-08-Z04-B025,194,194,194,14,AVAILABLE,67
DC-08,SKU-00654,DC-08-Z09-B003,119,117,119,14,QUARANTINE,172
DC-08,SKU-00581,DC-08-Z10-B028,137,137,140,5,AVAILABLE,8
DC-08,SKU-00614,DC-08-Z05-B047,114,113,114,5,AVAILABLE,119
DC-08,SKU-00213,DC-08-Z09-B034,126,126,125,6,AVAILABLE,116
DC-08,SKU-00214,DC-08-Z05-B047,1,1,1,1,AVAILABLE,123
DC-08,SKU-00242,DC-08-Z11-B043,49,49,46,20,AVAILABLE,48
DC-08,SKU-00637,DC-08-Z12-B053,126,125,129,8,AVAILABLE,72
DC-08,SKU-00460,DC-08-Z08-B024,162,161,162,16,AVAILABLE,11
DC-08,SKU-00456,DC-08-Z02-B026,62,61,61,12,AVAILABLE,2
DC-08,SKU-00915,DC-08-Z01-B006,39,39,39,4,AVAILABLE,60
DC-08,SKU-00758,DC-08-Z12-B036,101,101,101,4,AVAILABLE,39
DC-08,SKU-00007,DC-08-Z11-B080,169,169,169,11,AVAILABLE,97
DC-08,SKU-00415,DC-08-Z04-B075,68,68,68,11,QUARANTINE,111
DC-08,SKU-01162,DC-08-Z02-B050,180,180,181,4,AVAILABLE,31
DC-08,SKU-00901,DC-08-Z04-B061,197,195,194,4,AVAILABLE,84
DC-08,SKU-00580,DC-08-Z05-B055,39,40,39,7,AVAILABLE,85
DC-08,SKU-00636,DC-08-Z03-B044,197,197,197,13,HOLD,76
DC-08,SKU-01044,DC-08-Z09-B035,210,210,210,11,AVAILABLE,165
DC-08,SKU-00087,DC-08-Z05-B039,19,17,16,3,AVAILABLE,47
DC-08,SKU-01192,DC-08-Z05-B050,121,123,122,7,AVAILABLE,117
DC-08,SKU-00193,DC-08-Z04-B059,33,31,36,8,AVAILABLE,150
DC-08,SKU-00309,DC-08-Z04-B024,148,148,148,10,AVAILABLE,120
DC-08,SKU-00294,DC-08-Z05-B020,103,104,103,15,AVAILABLE,164
DC-08,SKU-00784,DC-08-Z09-B052,127,128,128,18,AVAILABLE,126
DC-08,SKU-01071,DC-08-Z04-B003,36,37,36,18,AVAILABLE,177
DC-08,SKU-00512,DC-08-Z07-B014,169,171,169,9,AVAILABLE,100
DC-08,SKU-00875,DC-08-Z05-B004,212,214,212,9,QUARANTINE,92
DC-08,SKU-00764,DC-08-Z11-B034,25,26,25,13,AVAILABLE,5
DC-08,SKU-00798,DC-08-Z10-B069,63,64,64,7,AVAILABLE,80
DC-08,SKU-00458,DC-08-Z11-B039,116,118,116,8,AVAILABLE,15
DC-08,SKU-00589,DC-08-Z08-B028,71,71,71,10,AVAILABLE,24
DC-08,SKU-00224,DC-08-Z09-B045,118,116,118,9,AVAILABLE,108
DC-08,SKU-00364,DC-08-Z05-B073,8,8,8,5,AVAILABLE,3
DC-08,SKU-00436,DC-08-Z10-B053,126,126,126,19,AVAILABLE,168
DC-08,SKU-01084,DC-08-Z09-B037,19,19,22,15,AVAILABLE,113
DC-08,SKU-01127,DC-08-Z09-B036,47,47,47,15,AVAILABLE,169
DC-08,SKU-00652,DC-08-Z10-B019,25,27,26,2,AVAILABLE,4
DC-08,SKU-00274,DC-08-Z04-B044,129,131,130,13,AVAILABLE,108
DC-08,SKU-00163,DC-08-Z09-B009,214,212,214,19,AVAILABLE,172
DC-08,SKU-00601,DC-08-Z12-B034,52,51,55,4,AVAILABLE,134
DC-08,SKU-00006,DC-08-Z06-B013,26,26,26,5,AVAILABLE,72
DC-08,SKU-00058,DC-08-Z07-B045,16,14,16,9,AVAILABLE,126
DC-08,SKU-01146,DC-08-Z07-B019,89,89,88,4,AVAILABLE,62
DC-08,SKU-00127,DC-08-Z05-B031,90,90,90,19,HOLD,41
DC-08,SKU-00417,DC-08-Z01-B042,36,36,36,20,AVAILABLE,173
DC-08,SKU-00855,DC-08-Z10-B028,150,150,149,6,AVAILABLE,82
DC-08,SKU-00575,DC-08-Z04-B030,176,176,175,12,AVAILABLE,130
DC-08,SKU-01149,DC-08-Z05-B032,127,126,128,16,AVAILABLE,126
DC-08,SKU-00824,DC-08-Z10-B080,45,45,45,14,AVAILABLE,123
DC-08,SKU-00400,DC-08-Z01-B014,161,161,164,7,AVAILABLE,153
DC-08,SKU-00448,DC-08-Z11-B029,92,92,89,18,AVAILABLE,59
DC-08,SKU-01152,DC-08-Z05-B008,90,92,87,6,AVAILABLE,127
DC-08,SKU-00370,DC-08-Z04-B074,91,91,91,8,HOLD,45
DC-08,SKU-01074,DC-08-Z01-B006,28,27,28,0,AVAILABLE,47
DC-08,SKU-00260,DC-08-Z09-B051,72,72,71,16,AVAILABLE,149
DC-08,SKU-00648,DC-08-Z03-B008,4,4,3,0,AVAILABLE,28
DC-08,SKU-00382,DC-08-Z06-B012,1,1,1,1,AVAILABLE,98
DC-08,SKU-00805,DC-08-Z12-B043,174,175,175,7,QUARANTINE,9
DC-08,SKU-00806,DC-08-Z08-B048,120,119,117,8,AVAILABLE,112
DC-08,SKU-00014,DC-08-Z10-B028,37,39,36,2,AVAILABLE,136
DC-08,SKU-00166,DC-08-Z09-B068,201,201,198,8,AVAILABLE,34
DC-08,SKU-00710,DC-08-Z05-B076,1,1,4,0,AVAILABLE,116
DC-08,SKU-00897,DC-08-Z12-B074,159,159,162,0,AVAILABLE,57
DC-08,SKU-01015,DC-08-Z10-B057,120,120,120,20,AVAILABLE,32
DC-08,SKU-00093,DC-08-Z05-B041,117,115,114,7,AVAILABLE,148
DC-08,SKU-00770,DC-08-Z11-B038,131,130,130,0,AVAILABLE,146
DC-08,SKU-00638,DC-08-Z05-B017,127,127,130,2,QUARANTINE,92
DC-08,SKU-00740,DC-08-Z06-B040,106,105,106,15,AVAILABLE,152
DC-08,SKU-00618,DC-08-Z12-B064,168,170,171,1,AVAILABLE,155
DC-08,SKU-00487,DC-08-Z08-B020,135,133,136,2,AVAILABLE,146
DC-08,SKU-00920,DC-08-Z05-B078,50,49,47,17,AVAILABLE,63
DC-08,SKU-00346,DC-08-Z03-B056,43,44,43,13,AVAILABLE,156
DC-08,SKU-01155,DC-08-Z02-B035,13,13,13,4,AVAILABLE,147
DC-08,SKU-00453,DC-08-Z12-B038,212,211,215,4,AVAILABLE,75
DC-08,SKU-00425,DC-08-Z02-B023,33,32,34,5,AVAILABLE,140
DC-08,SKU-00970,DC-08-Z01-B046,29,28,28,18,AVAILABLE,8
DC-08,SKU-00059,DC-08-Z10-B016,59,58,62,18,QUARANTINE,83
DC-08,SKU-00525,DC-08-Z11-B001,40,38,43,19,AVAILABLE,168
DC-08,SKU-00117,DC-08-Z07-B022,41,41,42,14,AVAILABLE,141
DC-08,SKU-00741,DC-08-Z04-B056,21,21,21,7,AVAILABLE,44
DC-08,SKU-00931,DC-08-Z11-B018,16,16,19,16,AVAILABLE,119
DC-08,SKU-00354,DC-08-Z09-B080,102,102,101,12,AVAILABLE,30
DC-08,SKU-00377,DC-08-Z06-B055,102,102,105,11,AVAILABLE,171
DC-08,SKU-01145,DC-08-Z06-B007,17,17,16,10,AVAILABLE,164
DC-08,SKU-00505,DC-08-Z10-B039,154,155,155,13,AVAILABLE,67
DC-08,SKU-01030,DC-08-Z10-B049,112,114,111,8,AVAILABLE,28
DC-08,SKU-00094,DC-08-Z06-B015,136,136,136,20,AVAILABLE,67
DC-08,SKU-01136,DC-08-Z04-B061,39,39,42,8,QUARANTINE,61
DC-08,SKU-00896,DC-08-Z07-B026,212,212,211,13,AVAILABLE,120
DC-08,SKU-00553,DC-08-Z02-B070,197,197,197,0,HOLD,41
DC-08,SKU-00026,DC-08-Z09-B030,126,126,125,13,AVAILABLE,174
DC-08,SKU-00522,DC-08-Z11-B001,73,71,74,17,AVAILABLE,46
DC-08,SKU-00467,DC-08-Z12-B071,212,212,215,11,HOLD,22
DC-08,SKU-00405,DC-08-Z07-B050,163,165,163,19,AVAILABLE,165
DC-08,SKU-01185,DC-08-Z12-B046,52,50,52,15,AVAILABLE,134
DC-08,SKU-00493,DC-08-Z01-B013,162,162,159,18,QUARANTINE,102
DC-08,SKU-00264,DC-08-Z05-B061,113,114,114,0,AVAILABLE,73
DC-08,SKU-00428,DC-08-Z10-B036,18,19,18,2,AVAILABLE,3
DC-08,SKU-00861,DC-08-Z05-B004,173,173,172,19,AVAILABLE,154
DC-08,SKU-00336,DC-08-Z12-B010,98,98,95,18,AVAILABLE,121
DC-08,SKU-00731,DC-08-Z02-B045,174,174,174,6,AVAILABLE,117
DC-08,SKU-00725,DC-08-Z07-B063,198,197,198,8,AVAILABLE,2
DC-08,SKU-01082,DC-08-Z12-B042,181,181,184,11,AVAILABLE,40
DC-08,SKU-01168,DC-08-Z12-B023,16,16,16,12,AVAILABLE,79
DC-08,SKU-00323,DC-08-Z08-B010,112,111,111,15,HOLD,173
DC-08,SKU-00185,DC-08-Z05-B060,17,17,17,17,AVAILABLE,98
DC-08,SKU-01137,DC-08-Z02-B008,191,189,191,5,AVAILABLE,139
DC-08,SKU-00486,DC-08-Z02-B007,47,47,47,12,AVAILABLE,173
DC-08,SKU-01057,DC-08-Z02-B008,91,91,91,5,AVAILABLE,22
DC-08,SKU-00392,DC-08-Z04-B025,175,175,172,4,AVAILABLE,58
DC-08,SKU-00050,DC-08-Z08-B072,46,46,45,20,AVAILABLE,65
DC-08,SKU-00844,DC-08-Z02-B024,198,200,198,18,AVAILABLE,132
DC-08,SKU-00951,DC-08-Z11-B073,122,122,123,6,AVAILABLE,15
DC-08,SKU-00072,DC-08-Z02-B052,47,48,46,2,AVAILABLE,158
DC-08,SKU-00019,DC-08-Z02-B066,87,88,88,19,AVAILABLE,37
DC-08,SKU-00757,DC-08-Z01-B017,47,47,47,6,AVAILABLE,115
DC-08,SKU-01144,DC-08-Z01-B064,209,209,212,0,AVAILABLE,116
DC-08,SKU-00365,DC-08-Z05-B075,147,147,148,19,AVAILABLE,102
DC-08,SKU-00960,DC-08-Z01-B031,49,49,52,5,AVAILABLE,112
DC-08,SKU-00642,DC-08-Z04-B070,15,16,12,0,AVAILABLE,2
DC-08,SKU-01011,DC-08-Z03-B017,39,37,38,1,AVAILABLE,169
DC-08,SKU-01028,DC-08-Z10-B053,188,186,187,12,AVAILABLE,144
DC-08,SKU-00187,DC-08-Z08-B060,216,214,217,7,AVAILABLE,170
DC-08,SKU-00419,DC-08-Z07-B026,88,88,88,9,AVAILABLE,26
DC-08,SKU-00803,DC-08-Z12-B055,136,136,139,8,HOLD,40
DC-08,SKU-01199,DC-08-Z06-B051,162,162,162,20,QUARANTINE,34
DC-08,SKU-00125,DC-08-Z02-B065,202,201,199,14,AVAILABLE,32
DC-08,SKU-00412,DC-08-Z03-B007,171,169,171,2,HOLD,52
DC-08,SKU-00867,DC-08-Z12-B045,217,219,217,19,AVAILABLE,143
DC-08,SKU-00225,DC-08-Z05-B004,115,115,116,19,AVAILABLE,110
DC-08,SKU-00311,DC-08-Z08-B008,177,177,177,5,AVAILABLE,79
DC-08,SKU-00344,DC-08-Z12-B019,110,108,113,19,AVAILABLE,162
DC-08,SKU-00961,DC-08-Z11-B010,114,114,113,8,AVAILABLE,84
DC-08,SKU-00650,DC-08-Z12-B054,199,199,199,9,AVAILABLE,39
DC-08,SKU-00762,DC-08-Z05-B003,67,65,67,13,AVAILABLE,81
DC-08,SKU-00744,DC-08-Z08-B040,26,26,29,13,AVAILABLE,111
DC-08,SKU-00859,DC-08-Z06-B021,211,210,214,12,AVAILABLE,139
DC-08,SKU-00785,DC-08-Z10-B050,103,103,106,15,AVAILABLE,117
DC-08,SKU-00069,DC-08-Z02-B023,149,151,148,15,AVAILABLE,135
DC-08,SKU-00356,DC-08-Z10-B035,93,93,93,10,AVAILABLE,51
DC-08,SKU-00733,DC-08-Z06-B014,71,69,71,14,QUARANTINE,23
DC-08,SKU-00488,DC-08-Z07-B073,172,172,169,5,AVAILABLE,124
DC-08,SKU-01086,DC-08-Z01-B010,143,145,146,11,HOLD,116
DC-08,SKU-00008,DC-08-Z02-B054,173,175,172,11,AVAILABLE,114
DC-08,SKU-00063,DC-08-Z11-B025,114,113,111,7,HOLD,118
DC-08,SKU-00361,DC-08-Z07-B061,152,152,155,16,AVAILABLE,19
DC-08,SKU-00341,DC-08-Z08-B057,168,168,169,6,AVAILABLE,71
DC-08,SKU-00635,DC-08-Z10-B075,162,161,162,13,AVAILABLE,42
DC-08,SKU-01138,DC-08-Z12-B006,122,120,123,4,AVAILABLE,35
DC-08,SKU-00988,DC-08-Z02-B021,18,17,15,1,AVAILABLE,78
DC-08,SKU-00301,DC-08-Z03-B054,146,145,147,20,AVAILABLE,162
DC-08,SKU-00778,DC-08-Z12-B022,94,92,94,5,AVAILABLE,73
DC-08,SKU-00516,DC-08-Z02-B012,74,75,74,5,AVAILABLE,130
DC-08,SKU-00520,DC-08-Z03-B055,4,4,5,0,QUARANTINE,144
DC-08,SKU-00588,DC-08-Z12-B026,69,67,68,19,AVAILABLE,88
DC-08,SKU-00101,DC-08-Z04-B074,187,187,187,3,AVAILABLE,180
DC-08,SKU-00864,DC-08-Z12-B065,171,171,170,5,HOLD,41
DC-08,SKU-00287,DC-08-Z04-B012,207,205,207,8,QUARANTINE,44
DC-08,SKU-00302,DC-08-Z11-B075,0,1,0,0,AVAILABLE,136
DC-08,SKU-00775,DC-08-Z01-B002,110,110,109,18,AVAILABLE,130
DC-08,SKU-00209,DC-08-Z09-B030,39,40,42,5,AVAILABLE,160
DC-08,SKU-00363,DC-08-Z04-B080,7,7,7,4,AVAILABLE,70
DC-09,SKU-00177,DC-09-Z04-B028,195,193,196,17,AVAILABLE,149
DC-09,SKU-00126,DC-09-Z09-B015,176,178,175,8,QUARANTINE,33
DC-09,SKU-00186,DC-09-Z02-B024,59,61,59,1,AVAILABLE,14
DC-09,SKU-00208,DC-09-Z11-B009,81,79,80,14,AVAILABLE,38
DC-09,SKU-00392,DC-09-Z03-B050,5,5,6,3,AVAILABLE,171
DC-09,SKU-00796,DC-09-Z01-B004,203,203,203,10,AVAILABLE,169
DC-09,SKU-00880,DC-09-Z06-B031,198,198,198,1,AVAILABLE,42
DC-09,SKU-00725,DC-09-Z12-B051,42,41,42,5,AVAILABLE,92
DC-09,SKU-00244,DC-09-Z01-B023,1,1,2,0,AVAILABLE,113
DC-09,SKU-00698,DC-09-Z03-B004,163,163,163,14,AVAILABLE,25
DC-09,SKU-00660,DC-09-Z09-B064,148,148,148,1,AVAILABLE,6
DC-09,SKU-00802,DC-09-Z04-B030,185,185,188,4,QUARANTINE,146
DC-09,SKU-00678,DC-09-Z03-B068,58,59,58,6,AVAILABLE,129
DC-09,SKU-00878,DC-09-Z04-B012,111,110,112,16,AVAILABLE,164
DC-09,SKU-01032,DC-09-Z01-B010,52,54,52,20,AVAILABLE,12
DC-09,SKU-01144,DC-09-Z11-B014,204,203,204,3,AVAILABLE,1
DC-09,SKU-00478,DC-09-Z05-B019,103,102,106,13,AVAILABLE,73
DC-09,SKU-00962,DC-09-Z05-B054,119,119,119,8,AVAILABLE,67
DC-09,SKU-00569,DC-09-Z03-B050,200,200,200,0,QUARANTINE,79
DC-09,SKU-00222,DC-09-Z04-B036,146,145,146,1,AVAILABLE,135
DC-09,SKU-01171,DC-09-Z12-B036,181,183,180,4,AVAILABLE,112
DC-09,SKU-00079,DC-09-Z04-B051,37,37,40,2,AVAILABLE,85
DC-09,SKU-00327,DC-09-Z07-B078,115,115,115,7,AVAILABLE,113
DC-09,SKU-01047,DC-09-Z07-B060,133,133,133,8,AVAILABLE,37
DC-09,SKU-00564,DC-09-Z02-B053,6,5,7,2,AVAILABLE,35
DC-09,SKU-01024,DC-09-Z08-B066,0,0,0,0,AVAILABLE,170
DC-09,SKU-00656,DC-09-Z08-B076,84,84,84,1,AVAILABLE,79
DC-09,SKU-00010,DC-09-Z12-B075,129,127,130,19,HOLD,21
DC-09,SKU-00562,DC-09-Z04-B048,159,157,162,4,AVAILABLE,30
DC-09,SKU-00882,DC-09-Z08-B023,28,28,29,12,AVAILABLE,78
DC-09,SKU-01126,DC-09-Z08-B025,42,42,42,13,AVAILABLE,27
DC-09,SKU-00206,DC-09-Z01-B049,99,97,99,19,AVAILABLE,36
DC-09,SKU-01092,DC-09-Z05-B021,194,193,195,2,AVAILABLE,79
DC-09,SKU-01168,DC-09-Z05-B080,66,66,66,7,QUARANTINE,179
DC-09,SKU-00415,DC-09-Z08-B071,148,148,151,14,AVAILABLE,158
DC-09,SKU-00963,DC-09-Z08-B057,71,69,71,6,HOLD,8
DC-09,SKU-00050,DC-09-Z07-B078,109,109,106,2,AVAILABLE,82
DC-09,SKU-00804,DC-09-Z07-B011,138,138,139,12,AVAILABLE,150
DC-09,SKU-00094,DC-09-Z04-B066,41,40,41,6,HOLD,87
DC-09,SKU-01019,DC-09-Z12-B023,68,68,71,12,AVAILABLE,174
DC-09,SKU-00517,DC-09-Z04-B014,117,118,117,8,AVAILABLE,28
DC-09,SKU-00108,DC-09-Z02-B021,215,215,216,11,HOLD,10
DC-09,SKU-00498,DC-09-Z06-B062,132,130,132,6,AVAILABLE,58
DC-09,SKU-01067,DC-09-Z08-B038,200,202,200,6,AVAILABLE,34
DC-09,SKU-00331,DC-09-Z08-B043,24,25,24,5,AVAILABLE,76
DC-09,SKU-00919,DC-09-Z12-B035,28,28,29,6,AVAILABLE,63
DC-09,SKU-00525,DC-09-Z05-B036,180,180,180,2,AVAILABLE,148
DC-09,SKU-00274,DC-09-Z12-B070,195,196,195,9,HOLD,98
DC-09,SKU-00509,DC-09-Z11-B029,110,110,107,19,AVAILABLE,54
DC-09,SKU-00511,DC-09-Z02-B017,20,20,21,4,AVAILABLE,25
DC-09,SKU-00116,DC-09-Z03-B015,135,135,135,15,AVAILABLE,34
DC-09,SKU-00191,DC-09-Z08-B035,110,108,110,19,AVAILABLE,72
DC-09,SKU-00742,DC-09-Z05-B019,28,29,28,15,QUARANTINE,136
DC-09,SKU-00424,DC-09-Z08-B068,89,87,89,5,AVAILABLE,67
DC-09,SKU-00772,DC-09-Z09-B027,194,192,193,8,AVAILABLE,16
DC-09,SKU-00907,DC-09-Z02-B029,33,31,36,12,QUARANTINE,16
DC-09,SKU-00608,DC-09-Z06-B066,118,119,118,8,AVAILABLE,148
DC-09,SKU-01025,DC-09-Z03-B046,215,215,214,18,AVAILABLE,51
DC-09,SKU-00794,DC-09-Z07-B018,215,217,216,17,AVAILABLE,78
DC-09,SKU-00153,DC-09-Z07-B009,72,72,72,2,AVAILABLE,69
DC-09,SKU-01131,DC-09-Z12-B014,153,155,153,15,HOLD,155
DC-09,SKU-00820,DC-09-Z05-B027,176,176,173,1,AVAILABLE,150
DC-09,SKU-00600,DC-09-Z02-B056,208,208,209,8,AVAILABLE,16
DC-09,SKU-00812,DC-09-Z11-B026,1,0,0,0,AVAILABLE,111
DC-09,SKU-00223,DC-09-Z07-B055,149,149,149,3,AVAILABLE,106
DC-09,SKU-00412,DC-09-Z11-B060,162,162,162,9,AVAILABLE,61
DC-09,SKU-00468,DC-09-Z11-B026,81,81,78,1,AVAILABLE,63
DC-09,SKU-00020,DC-09-Z09-B077,2,1,1,0,AVAILABLE,17
DC-09,SKU-00537,DC-09-Z08-B007,205,205,205,20,AVAILABLE,83
DC-09,SKU-00645,DC-09-Z03-B006,9,9,9,4,AVAILABLE,156
DC-09,SKU-00410,DC-09-Z08-B030,122,124,119,4,AVAILABLE,2
DC-09,SKU-00754,DC-09-Z07-B028,190,191,190,4,AVAILABLE,7
DC-09,SKU-00495,DC-09-Z10-B052,14,14,13,5,AVAILABLE,169
DC-09,SKU-01026,DC-09-Z06-B037,94,92,91,3,AVAILABLE,116
DC-09,SKU-00613,DC-09-Z04-B024,155,155,155,8,AVAILABLE,64
DC-09,SKU-00188,DC-09-Z08-B063,149,148,148,18,AVAILABLE,128
DC-09,SKU-00943,DC-09-Z10-B014,168,170,167,18,AVAILABLE,162
DC-09,SKU-00664,DC-09-Z10-B035,206,206,203,0,AVAILABLE,103
DC-09,SKU-00092,DC-09-Z04-B020,172,173,172,20,AVAILABLE,69
DC-09,SKU-00702,DC-09-Z11-B004,123,123,124,12,AVAILABLE,71
DC-09,SKU-00955,DC-09-Z01-B073,37,37,38,2,QUARANTINE,54
DC-09,SKU-00228,DC-09-Z05-B018,58,56,57,9,AVAILABLE,86
DC-09,SKU-00353,DC-09-Z06-B061,34,32,34,4,AVAILABLE,142
DC-09,SKU-00455,DC-09-Z11-B058,156,156,155,8,AVAILABLE,144
DC-09,SKU-00793,DC-09-Z12-B020,192,192,189,6,AVAILABLE,177
DC-09,SKU-00635,DC-09-Z04-B053,125,125,125,18,AVAILABLE,41
DC-09,SKU-00033,DC-09-Z06-B076,84,84,81,14,AVAILABLE,58
DC-09,SKU-00641,DC-09-Z08-B065,61,62,61,5,AVAILABLE,15
DC-09,SKU-01121,DC-09-Z02-B009,103,103,103,5,QUARANTINE,110
DC-09,SKU-00150,DC-09-Z05-B032,84,84,84,4,QUARANTINE,12
DC-09,SKU-00322,DC-09-Z08-B058,129,128,129,0,QUARANTINE,156
DC-09,SKU-00118,DC-09-Z11-B072,207,207,210,4,AVAILABLE,111
DC-09,SKU-00388,DC-09-Z04-B055,98,98,101,17,AVAILABLE,161
DC-09,SKU-01196,DC-09-Z02-B027,62,62,62,6,AVAILABLE,75
DC-09,SKU-00400,DC-09-Z05-B006,33,35,30,19,AVAILABLE,20
DC-09,SKU-00748,DC-09-Z03-B063,105,106,108,0,AVAILABLE,13
DC-09,SKU-00863,DC-09-Z02-B070,192,192,189,13,AVAILABLE,137
DC-09,SKU-00416,DC-09-Z08-B059,112,112,113,4,AVAILABLE,11
DC-09,SKU-00682,DC-09-Z10-B067,189,189,188,2,AVAILABLE,160
DC-09,SKU-00546,DC-09-Z10-B060,3,1,3,3,AVAILABLE,52
DC-09,SKU-00715,DC-09-Z02-B003,185,184,185,4,AVAILABLE,35
DC-09,SKU-00203,DC-09-Z02-B042,80,79,77,13,AVAILABLE,41
DC-09,SKU-00002,DC-09-Z06-B068,126,126,127,15,QUARANTINE,157
DC-09,SKU-01127,DC-09-Z06-B072,46,45,43,10,AVAILABLE,158
DC-09,SKU-00775,DC-09-Z06-B036,217,218,217,1,AVAILABLE,117
DC-09,SKU-00917,DC-09-Z06-B074,141,141,140,19,AVAILABLE,41
DC-09,SKU-00602,DC-09-Z08-B003,46,44,47,15,AVAILABLE,159
DC-09,SKU-00610,DC-09-Z05-B037,183,183,183,10,AVAILABLE,17
DC-09,SKU-00900,DC-09-Z01-B040,74,75,71,7,AVAILABLE,123
DC-09,SKU-00887,DC-09-Z01-B020,181,182,182,14,AVAILABLE,132
DC-09,SKU-00663,DC-09-Z04-B077,183,183,180,2,QUARANTINE,35
DC-09,SKU-01191,DC-09-Z10-B053,114,114,114,11,AVAILABLE,103
DC-09,SKU-00507,DC-09-Z07-B028,137,136,137,9,AVAILABLE,62
DC-09,SKU-00992,DC-09-Z07-B060,60,62,60,12,AVAILABLE,25
DC-09,SKU-00692,DC-09-Z09-B057,185,187,185,10,QUARANTINE,84
DC-09,SKU-01088,DC-09-Z02-B031,78,79,78,8,AVAILABLE,139
DC-09,SKU-01107,DC-09-Z01-B063,100,100,100,19,AVAILABLE,154
DC-09,SKU-00848,DC-09-Z07-B038,168,170,171,17,AVAILABLE,37
DC-09,SKU-00055,DC-09-Z01-B028,133,134,130,19,AVAILABLE,153
DC-09,SKU-00070,DC-09-Z04-B077,129,129,129,19,AVAILABLE,162
DC-09,SKU-00085,DC-09-Z04-B033,103,105,106,14,AVAILABLE,57
DC-09,SKU-00984,DC-09-Z02-B010,79,79,76,18,AVAILABLE,52
DC-09,SKU-00477,DC-09-Z11-B009,66,66,63,12,AVAILABLE,113
DC-09,SKU-00104,DC-09-Z03-B074,105,103,102,9,QUARANTINE,81
DC-09,SKU-00164,DC-09-Z07-B021,204,205,201,9,AVAILABLE,85
DC-09,SKU-00096,DC-09-Z09-B079,216,217,213,2,AVAILABLE,12
DC-09,SKU-01037,DC-09-Z08-B038,45,45,45,8,AVAILABLE,60
DC-09,SKU-00712,DC-09-Z02-B045,104,104,101,9,QUARANTINE,109
DC-09,SKU-00156,DC-09-Z04-B071,155,155,156,18,QUARANTINE,82
DC-09,SKU-00703,DC-09-Z03-B061,83,85,80,8,AVAILABLE,3
DC-09,SKU-00348,DC-09-Z11-B073,89,90,90,3,AVAILABLE,165
DC-09,SKU-00950,DC-09-Z09-B021,168,168,168,18,AVAILABLE,64
DC-09,SKU-00543,DC-09-Z06-B074,169,169,172,10,AVAILABLE,86
DC-09,SKU-00616,DC-09-Z12-B010,2,2,1,2,AVAILABLE,44
DC-09,SKU-01069,DC-09-Z10-B038,184,184,187,12,AVAILABLE,123
DC-09,SKU-01187,DC-09-Z11-B049,16,16,16,3,AVAILABLE,178
DC-09,SKU-00750,DC-09-Z10-B031,190,188,187,5,HOLD,50
DC-09,SKU-00263,DC-09-Z08-B068,187,187,190,19,AVAILABLE,154
DC-09,SKU-00618,DC-09-Z02-B013,54,56,54,6,AVAILABLE,71
DC-09,SKU-00377,DC-09-Z09-B067,20,20,17,6,AVAILABLE,41
DC-09,SKU-00320,DC-09-Z04-B017,46,46,43,5,AVAILABLE,90
DC-09,SKU-00745,DC-09-Z09-B033,90,90,91,11,AVAILABLE,7
DC-09,SKU-00683,DC-09-Z05-B076,10,12,10,6,AVAILABLE,137
DC-09,SKU-00529,DC-09-Z03-B069,67,66,66,3,AVAILABLE,37
DC-09,SKU-00475,DC-09-Z07-B030,165,165,164,7,QUARANTINE,1
DC-09,SKU-00864,DC-09-Z05-B055,61,61,61,11,AVAILABLE,102
DC-09,SKU-00069,DC-09-Z07-B004,119,119,119,12,AVAILABLE,44
DC-09,SKU-00597,DC-09-Z09-B011,103,104,104,19,AVAILABLE,168
DC-09,SKU-00581,DC-09-Z12-B067,215,217,212,16,HOLD,23
DC-09,SKU-00822,DC-09-Z01-B006,61,61,61,3,AVAILABLE,174
DC-09,SKU-00326,DC-09-Z02-B018,142,141,142,2,AVAILABLE,22
DC-09,SKU-00040,DC-09-Z01-B010,199,200,199,1,AVAILABLE,10
DC-09,SKU-00549,DC-09-Z08-B052,124,124,121,17,AVAILABLE,147
DC-09,SKU-00379,DC-09-Z09-B071,13,15,12,8,AVAILABLE,96
DC-09,SKU-01061,DC-09-Z03-B029,183,183,183,16,AVAILABLE,49
DC-09,SKU-00970,DC-09-Z03-B065,204,205,204,2,AVAILABLE,16
DC-09,SKU-00103,DC-09-Z06-B079,127,126,127,14,QUARANTINE,174
DC-09,SKU-00254,DC-09-Z07-B037,10,12,11,0,QUARANTINE,75
DC-09,SKU-00530,DC-09-Z07-B056,10,9,7,0,HOLD,132
DC-09,SKU-00700,DC-09-Z07-B080,215,215,215,6,AVAILABLE,93
DC-09,SKU-00283,DC-09-Z03-B079,11,13,10,10,AVAILABLE,24
DC-09,SKU-00912,DC-09-Z01-B074,15,15,12,14,AVAILABLE,152
DC-09,SKU-00419,DC-09-Z11-B067,42,42,42,8,AVAILABLE,80
DC-09,SKU-00026,DC-09-Z06-B073,195,193,195,11,HOLD,93
DC-09,SKU-00705,DC-09-Z02-B015,107,109,108,2,AVAILABLE,54
DC-09,SKU-00473,DC-09-Z05-B004,45,43,44,6,AVAILABLE,123
DC-09,SKU-00389,DC-09-Z12-B049,73,71,73,11,HOLD,14
DC-09,SKU-00707,DC-09-Z01-B037,162,164,163,17,AVAILABLE,15
DC-09,SKU-00563,DC-09-Z06-B059,215,213,216,10,AVAILABLE,139
DC-09,SKU-00427,DC-09-Z08-B036,132,132,132,13,AVAILABLE,117
DC-09,SKU-00090,DC-09-Z04-B049,57,57,57,10,AVAILABLE,95
DC-09,SKU-01051,DC-09-Z08-B079,81,81,78,16,AVAILABLE,90
DC-09,SKU-01103,DC-09-Z06-B072,116,115,113,16,QUARANTINE,114
DC-09,SKU-00911,DC-09-Z12-B058,220,222,220,0,AVAILABLE,34
DC-09,SKU-00993,DC-09-Z12-B027,178,180,175,14,AVAILABLE,83
DC-09,SKU-00773,DC-09-Z04-B015,217,217,214,4,AVAILABLE,77
DC-09,SKU-00886,DC-09-Z06-B075,217,217,217,16,QUARANTINE,54
DC-09,SKU-00601,DC-09-Z11-B058,196,196,195,14,AVAILABLE,142
DC-09,SKU-00611,DC-09-Z07-B011,166,168,165,0,AVAILABLE,39
DC-09,SKU-01042,DC-09-Z11-B062,157,157,156,13,AVAILABLE,11
DC-09,SKU-00068,DC-09-Z04-B062,20,20,23,7,AVAILABLE,15
DC-09,SKU-00238,DC-09-Z05-B043,52,52,49,12,AVAILABLE,52
DC-09,SKU-01162,DC-09-Z01-B069,37,35,34,13,AVAILABLE,174
DC-09,SKU-00051,DC-09-Z11-B021,88,88,85,3,AVAILABLE,88
DC-09,SKU-00195,DC-09-Z08-B043,92,90,92,11,AVAILABLE,162
DC-09,SKU-00161,DC-09-Z03-B062,12,12,12,0,AVAILABLE,117
DC-09,SKU-00845,DC-09-Z02-B046,176,178,177,15,AVAILABLE,162
DC-09,SKU-00071,DC-09-Z08-B079,1,0,0,1,AVAILABLE,106
DC-09,SKU-00446,DC-09-Z10-B069,10,12,10,6,QUARANTINE,43
DC-09,SKU-00076,DC-09-Z06-B072,146,147,143,14,AVAILABLE,17
DC-09,SKU-00284,DC-09-Z08-B034,64,66,64,7,AVAILABLE,83
DC-09,SKU-00134,DC-09-Z07-B029,19,19,18,14,AVAILABLE,125
DC-09,SKU-00584,DC-09-Z12-B050,60,62,57,14,AVAILABLE,5
DC-09,SKU-00668,DC-09-Z01-B032,187,185,186,19,AVAILABLE,11
DC-09,SKU-00418,DC-09-Z04-B039,85,83,85,9,HOLD,32
DC-09,SKU-01163,DC-09-Z02-B004,0,0,3,0,AVAILABLE,144
DC-09,SKU-01122,DC-09-Z11-B065,167,167,164,6,AVAILABLE,162
DC-09,SKU-00245,DC-09-Z12-B010,16,16,15,15,AVAILABLE,36
DC-09,SKU-01151,DC-09-Z10-B004,160,161,160,11,AVAILABLE,30
DC-09,SKU-00717,DC-09-Z04-B069,15,15,15,0,AVAILABLE,128
DC-09,SKU-00586,DC-09-Z08-B003,105,104,108,5,AVAILABLE,99
DC-09,SKU-00363,DC-09-Z04-B059,79,78,79,6,QUARANTINE,47
DC-09,SKU-00594,DC-09-Z01-B032,118,116,115,20,AVAILABLE,139
DC-09,SKU-00278,DC-09-Z04-B013,22,23,22,3,AVAILABLE,147
DC-09,SKU-00893,DC-09-Z11-B061,45,45,46,10,AVAILABLE,4
DC-09,SKU-00967,DC-09-Z01-B005,211,213,208,3,AVAILABLE,168
DC-09,SKU-01199,DC-09-Z06-B004,61,61,61,17,AVAILABLE,176
DC-09,SKU-01090,DC-09-Z02-B078,79,80,76,10,HOLD,153
DC-09,SKU-00225,DC-09-Z09-B035,214,214,217,14,AVAILABLE,0
DC-09,SKU-00091,DC-09-Z08-B057,173,175,170,17,AVAILABLE,125
DC-09,SKU-00952,DC-09-Z08-B032,203,202,203,6,AVAILABLE,27
DC-09,SKU-00871,DC-09-Z12-B067,12,14,9,7,AVAILABLE,2
DC-09,SKU-00650,DC-09-Z04-B046,56,56,59,19,AVAILABLE,115
DC-09,SKU-00582,DC-09-Z09-B034,147,147,148,2,AVAILABLE,168
DC-09,SKU-00535,DC-09-Z04-B022,67,65,67,12,QUARANTINE,42
DC-09,SKU-00141,DC-09-Z08-B040,204,206,207,9,AVAILABLE,112
DC-09,SKU-00258,DC-09-Z04-B057,139,140,136,16,AVAILABLE,86
DC-09,SKU-00147,DC-09-Z09-B060,86,87,87,19,AVAILABLE,93
DC-09,SKU-00352,DC-09-Z09-B037,82,82,82,3,AVAILABLE,19
DC-09,SKU-01056,DC-09-Z05-B001,105,104,105,0,AVAILABLE,166
DC-09,SKU-00936,DC-09-Z05-B053,43,41,43,17,AVAILABLE,98
DC-09,SKU-00778,DC-09-Z04-B052,186,188,186,0,AVAILABLE,153
DC-09,SKU-00985,DC-09-Z08-B063,147,149,147,7,AVAILABLE,61
DC-09,SKU-00809,DC-09-Z10-B059,195,196,198,12,AVAILABLE,24
DC-09,SKU-00438,DC-09-Z03-B017,138,140,141,7,QUARANTINE,104
DC-09,SKU-00763,DC-09-Z10-B045,83,82,83,17,AVAILABLE,163
DC-09,SKU-00142,DC-09-Z09-B057,23,23,23,8,AVAILABLE,133
DC-09,SKU-00214,DC-09-Z03-B029,48,47,51,0,AVAILABLE,136
DC-09,SKU-00252,DC-09-Z04-B074,189,190,190,7,QUARANTINE,86
DC-09,SKU-00740,DC-09-Z12-B034,77,77,77,0,AVAILABLE,26
DC-09,SKU-00540,DC-09-Z06-B004,33,32,33,13,AVAILABLE,81
DC-09,SKU-01010,DC-09-Z08-B049,128,128,129,7,AVAILABLE,148
DC-09,SKU-00782,DC-09-Z09-B031,138,138,141,18,AVAILABLE,69
DC-09,SKU-01123,DC-09-Z12-B001,79,77,79,2,AVAILABLE,118
DC-09,SKU-01066,DC-09-Z03-B056,2,2,2,1,AVAILABLE,107
DC-09,SKU-00831,DC-09-Z06-B075,126,128,125,0,AVAILABLE,180
DC-09,SKU-00294,DC-09-Z05-B072,129,129,129,20,AVAILABLE,165
DC-09,SKU-00983,DC-09-Z02-B056,100,100,99,2,HOLD,97
DC-09,SKU-00757,DC-09-Z09-B060,37,37,37,13,AVAILABLE,87
DC-09,SKU-01011,DC-09-Z06-B063,181,182,181,2,AVAILABLE,113
DC-09,SKU-00496,DC-09-Z01-B060,137,139,136,8,AVAILABLE,78
DC-09,SKU-00336,DC-09-Z07-B047,92,92,92,0,QUARANTINE,159
DC-09,SKU-00430,DC-09-Z01-B044,53,53,56,0,AVAILABLE,116
DC-09,SKU-01063,DC-09-Z01-B079,90,92,90,12,AVAILABLE,86
DC-09,SKU-00357,DC-09-Z01-B005,30,28,30,0,AVAILABLE,96
DC-09,SKU-00728,DC-09-Z12-B061,196,194,193,9,AVAILABLE,78
DC-09,SKU-00311,DC-09-Z06-B061,168,167,168,0,AVAILABLE,96
DC-09,SKU-00603,DC-09-Z06-B050,43,41,43,12,AVAILABLE,19
DC-09,SKU-00375,DC-09-Z04-B016,209,209,210,8,AVAILABLE,75
DC-09,SKU-00526,DC-09-Z04-B015,18,18,18,0,AVAILABLE,80
DC-09,SKU-00027,DC-09-Z06-B040,72,72,75,19,AVAILABLE,91
DC-09,SKU-00224,DC-09-Z11-B026,63,64,63,18,AVAILABLE,178
DC-09,SKU-00973,DC-09-Z10-B070,144,144,144,18,AVAILABLE,38
DC-09,SKU-00593,DC-09-Z10-B074,207,207,207,15,AVAILABLE,25
DC-09,SKU-00022,DC-09-Z05-B021,57,57,56,12,AVAILABLE,121
DC-09,SKU-00625,DC-09-Z11-B051,60,58,59,1,HOLD,74
DC-09,SKU-00039,DC-09-Z01-B041,218,218,219,13,AVAILABLE,169
DC-09,SKU-01184,DC-09-Z05-B030,36,36,36,15,AVAILABLE,101
DC-09,SKU-00966,DC-09-Z02-B080,145,145,142,20,AVAILABLE,85
DC-09,SKU-01074,DC-09-Z04-B078,185,186,185,4,AVAILABLE,43
DC-09,SKU-00385,DC-09-Z06-B045,193,193,190,8,AVAILABLE,159
DC-09,SKU-00508,DC-09-Z09-B059,156,156,153,14,AVAILABLE,179
DC-09,SKU-00969,DC-09-Z11-B015,32,32,31,2,AVAILABLE,80
DC-09,SKU-00862,DC-09-Z11-B047,19,19,19,10,AVAILABLE,147
DC-09,SKU-00640,DC-09-Z01-B071,158,158,158,19,AVAILABLE,139
DC-09,SKU-00676,DC-09-Z03-B010,6,4,6,1,QUARANTINE,83
DC-09,SKU-00440,DC-09-Z01-B014,209,210,209,3,QUARANTINE,64
DC-09,SKU-00452,DC-09-Z06-B020,55,55,56,9,AVAILABLE,0
DC-09,SKU-00237,DC-09-Z07-B061,197,196,200,1,AVAILABLE,82
DC-09,SKU-00981,DC-09-Z04-B080,117,115,117,1,AVAILABLE,29
DC-09,SKU-00193,DC-09-Z10-B074,105,107,105,7,QUARANTINE,94
DC-09,SKU-00816,DC-09-Z03-B049,200,200,200,20,AVAILABLE,72
DC-09,SKU-00974,DC-09-Z03-B002,179,180,176,13,AVAILABLE,59
DC-09,SKU-00276,DC-09-Z02-B026,168,170,168,9,QUARANTINE,86
DC-09,SKU-00290,DC-09-Z02-B022,183,183,183,9,AVAILABLE,171
DC-09,SKU-01180,DC-09-Z03-B080,205,203,208,19,AVAILABLE,173
DC-09,SKU-01154,DC-09-Z02-B080,211,212,212,20,AVAILABLE,40
DC-09,SKU-00738,DC-09-Z08-B010,188,188,185,5,HOLD,24
DC-09,SKU-00100,DC-09-Z06-B050,199,200,198,16,AVAILABLE,116
DC-09,SKU-00231,DC-09-Z03-B071,163,163,163,18,HOLD,38
DC-09,SKU-00768,DC-09-Z02-B061,104,106,101,1,AVAILABLE,34
DC-09,SKU-00459,DC-09-Z09-B021,165,165,165,20,AVAILABLE,41
DC-09,SKU-00815,DC-09-Z06-B074,146,147,147,12,AVAILABLE,45
DC-09,SKU-00693,DC-09-Z02-B051,139,139,139,7,HOLD,94
DC-09,SKU-00045,DC-09-Z02-B011,101,99,98,5,AVAILABLE,77
DC-09,SKU-00630,DC-09-Z03-B074,50,49,49,3,QUARANTINE,30
DC-09,SKU-00956,DC-09-Z09-B036,12,12,13,9,AVAILABLE,180
DC-09,SKU-00135,DC-09-Z08-B032,33,33,30,4,HOLD,0
DC-09,SKU-00215,DC-09-Z06-B048,25,26,25,14,AVAILABLE,159
DC-09,SKU-00272,DC-09-Z02-B026,166,166,166,18,AVAILABLE,126
DC-09,SKU-00262,DC-09-Z06-B071,88,88,88,0,QUARANTINE,28
DC-09,SKU-01170,DC-09-Z04-B058,198,198,197,15,AVAILABLE,96
DC-09,SKU-00406,DC-09-Z01-B011,157,157,157,16,AVAILABLE,10
DC-09,SKU-00084,DC-09-Z07-B033,170,170,169,15,AVAILABLE,108
DC-09,SKU-00178,DC-09-Z07-B049,85,85,85,4,AVAILABLE,2
DC-09,SKU-00686,DC-09-Z12-B010,7,7,8,2,AVAILABLE,47
DC-09,SKU-00589,DC-09-Z06-B031,172,172,172,12,AVAILABLE,8
DC-09,SKU-00256,DC-09-Z10-B064,14,13,14,8,AVAILABLE,175
DC-09,SKU-00574,DC-09-Z01-B041,172,172,171,3,AVAILABLE,78
DC-09,SKU-00626,DC-09-Z08-B022,102,102,101,19,AVAILABLE,31
DC-09,SKU-00148,DC-09-Z02-B031,66,65,63,1,AVAILABLE,177
DC-09,SKU-00481,DC-09-Z07-B008,143,143,143,7,AVAILABLE,128
DC-09,SKU-00741,DC-09-Z02-B028,4,4,4,3,AVAILABLE,19
DC-09,SKU-00433,DC-09-Z06-B003,206,206,207,18,AVAILABLE,120
DC-09,SKU-00321,DC-09-Z12-B028,91,91,88,16,AVAILABLE,140
DC-09,SKU-00854,DC-09-Z10-B038,64,66,64,14,AVAILABLE,131
DC-09,SKU-01109,DC-09-Z03-B071,171,173,171,18,AVAILABLE,154
DC-09,SKU-00114,DC-09-Z08-B012,132,130,133,10,AVAILABLE,15
DC-09,SKU-00570,DC-09-Z03-B032,155,155,154,10,AVAILABLE,117
DC-09,SKU-00127,DC-09-Z03-B034,173,173,173,4,AVAILABLE,16
DC-09,SKU-00637,DC-09-Z11-B004,52,52,52,3,AVAILABLE,1
DC-09,SKU-00025,DC-09-Z05-B053,23,22,22,20,AVAILABLE,123
DC-09,SKU-01137,DC-09-Z12-B034,62,62,59,9,AVAILABLE,126
DC-09,SKU-00159,DC-09-Z04-B041,97,98,97,20,AVAILABLE,103
DC-09,SKU-00260,DC-09-Z12-B055,35,35,38,17,QUARANTINE,101
DC-09,SKU-00335,DC-09-Z09-B071,97,97,98,20,AVAILABLE,89
DC-09,SKU-00243,DC-09-Z09-B076,167,169,168,6,AVAILABLE,41
DC-09,SKU-00958,DC-09-Z07-B046,23,21,23,2,AVAILABLE,106
DC-09,SKU-01084,DC-09-Z08-B040,33,35,34,4,AVAILABLE,31
DC-09,SKU-00711,DC-09-Z09-B015,179,179,178,20,AVAILABLE,57
DC-09,SKU-00836,DC-09-Z08-B062,18,20,21,17,AVAILABLE,7
DC-09,SKU-00879,DC-09-Z09-B050,13,13,10,2,AVAILABLE,105
DC-09,SKU-00093,DC-09-Z11-B006,139,139,138,4,AVAILABLE,23
DC-09,SKU-00004,DC-09-Z08-B046,123,123,123,0,AVAILABLE,29
DC-09,SKU-00800,DC-09-Z09-B063,217,217,214,13,AVAILABLE,11
DC-09,SKU-01012,DC-09-Z02-B025,219,217,216,10,AVAILABLE,34
DC-09,SKU-00604,DC-09-Z03-B018,72,72,72,14,HOLD,101
DC-09,SKU-00442,DC-09-Z12-B073,191,190,190,1,AVAILABLE,68
DC-09,SKU-00573,DC-09-Z12-B013,23,23,20,4,AVAILABLE,17
DC-09,SKU-00323,DC-09-Z09-B034,81,81,80,8,AVAILABLE,148
DC-09,SKU-00710,DC-09-Z05-B030,35,34,35,8,HOLD,146
DC-09,SKU-01189,DC-09-Z09-B019,131,131,130,12,AVAILABLE,143
DC-09,SKU-01055,DC-09-Z04-B079,83,83,86,9,AVAILABLE,151
DC-09,SKU-00117,DC-09-Z01-B042,15,15,14,14,AVAILABLE,38
DC-09,SKU-00598,DC-09-Z06-B028,57,55,58,17,AVAILABLE,143
DC-09,SKU-00011,DC-09-Z05-B066,58,58,58,9,AVAILABLE,116
DC-09,SKU-00632,DC-09-Z10-B004,4,4,4,2,HOLD,16
DC-09,SKU-00617,DC-09-Z06-B033,151,151,151,8,QUARANTINE,19
DC-09,SKU-00689,DC-09-Z11-B052,27,26,28,12,AVAILABLE,79
DC-09,SKU-00781,DC-09-Z11-B018,118,116,118,18,AVAILABLE,5
DC-09,SKU-00649,DC-09-Z06-B075,3,4,3,1,AVAILABLE,150
DC-09,SKU-00784,DC-09-Z06-B019,204,204,205,10,AVAILABLE,92
DC-09,SKU-00171,DC-09-Z02-B058,15,15,15,3,AVAILABLE,138
DC-09,SKU-01165,DC-09-Z03-B065,186,186,187,3,AVAILABLE,114
DC-09,SKU-00289,DC-09-Z05-B023,26,27,27,5,AVAILABLE,125
DC-09,SKU-00149,DC-09-Z05-B046,20,22,17,4,AVAILABLE,50
DC-09,SKU-01065,DC-09-Z10-B069,117,115,114,11,AVAILABLE,79
DC-09,SKU-00170,DC-09-Z11-B078,85,84,88,10,AVAILABLE,9
DC-09,SKU-00484,DC-09-Z05-B025,199,200,199,1,AVAILABLE,22
DC-09,SKU-01030,DC-09-Z04-B031,92,94,92,0,AVAILABLE,56
DC-09,SKU-00435,DC-09-Z08-B023,6,5,3,1,AVAILABLE,100
DC-09,SKU-00769,DC-09-Z09-B075,97,95,98,5,AVAILABLE,84
DC-09,SKU-00434,DC-09-Z06-B014,114,115,113,18,AVAILABLE,147
DC-09,SKU-00154,DC-09-Z10-B058,20,20,23,2,HOLD,132
DC-09,SKU-01155,DC-09-Z12-B034,158,158,158,14,AVAILABLE,157
DC-09,SKU-00366,DC-09-Z05-B068,186,186,186,9,AVAILABLE,91
DC-09,SKU-01113,DC-09-Z07-B045,10,9,13,9,HOLD,110
DC-09,SKU-00986,DC-09-Z08-B032,132,132,135,18,AVAILABLE,86
DC-09,SKU-00612,DC-09-Z08-B071,81,82,84,11,AVAILABLE,37
DC-09,SKU-00158,DC-09-Z06-B008,15,15,15,11,AVAILABLE,147
DC-09,SKU-00888,DC-09-Z03-B038,123,123,126,17,AVAILABLE,116
DC-09,SKU-00527,DC-09-Z06-B002,54,53,57,9,AVAILABLE,9
DC-09,SKU-01043,DC-09-Z03-B052,208,206,207,15,AVAILABLE,135
DC-09,SKU-00681,DC-09-Z01-B028,34,36,37,0,AVAILABLE,111
DC-09,SKU-00536,DC-09-Z07-B077,174,174,171,5,AVAILABLE,13
DC-09,SKU-00074,DC-09-Z01-B008,133,133,132,9,AVAILABLE,155
DC-09,SKU-00269,DC-09-Z03-B067,36,38,36,1,AVAILABLE,9
DC-09,SKU-00471,DC-09-Z07-B027,34,36,31,11,AVAILABLE,174
DC-09,SKU-00694,DC-09-Z05-B058,175,175,175,8,AVAILABLE,6
DC-09,SKU-00152,DC-09-Z10-B060,150,150,147,0,HOLD,148
DC-09,SKU-01022,DC-09-Z12-B003,67,66,67,3,AVAILABLE,99
DC-09,SKU-00397,DC-09-Z04-B004,75,76,75,13,QUARANTINE,110
DC-09,SKU-00187,DC-09-Z10-B051,72,72,72,3,AVAILABLE,134
DC-09,SKU-00591,DC-09-Z02-B030,52,52,52,6,AVAILABLE,26
DC-09,SKU-00924,DC-09-Z12-B043,53,53,52,19,AVAILABLE,52
DC-09,SKU-00450,DC-09-Z12-B054,193,193,193,8,AVAILABLE,42
DC-09,SKU-00046,DC-09-Z03-B026,14,14,17,12,AVAILABLE,29
DC-09,SKU-00825,DC-09-Z01-B071,83,83,80,1,AVAILABLE,129
DC-09,SKU-00469,DC-09-Z11-B064,56,54,56,18,AVAILABLE,41
DC-09,SKU-00367,DC-09-Z08-B038,122,122,122,1,AVAILABLE,118
DC-09,SKU-00814,DC-09-Z07-B044,135,136,135,2,HOLD,48
DC-09,SKU-01115,DC-09-Z05-B077,143,144,142,13,AVAILABLE,67
DC-09,SKU-00403,DC-09-Z03-B022,169,169,170,14,AVAILABLE,116
DC-09,SKU-00350,DC-09-Z05-B017,18,19,17,13,AVAILABLE,40
DC-09,SKU-00049,DC-09-Z06-B051,161,159,161,16,AVAILABLE,8
DC-09,SKU-01083,DC-09-Z04-B080,90,92,87,6,AVAILABLE,24
DC-09,SKU-01045,DC-09-Z03-B018,24,24,23,6,AVAILABLE,91
DC-09,SKU-00915,DC-09-Z10-B059,42,44,42,15,AVAILABLE,82
DC-09,SKU-01016,DC-09-Z12-B031,38,38,37,18,AVAILABLE,65
DC-09,SKU-00771,DC-09-Z06-B047,95,93,94,10,AVAILABLE,147
DC-09,SKU-00561,DC-09-Z08-B010,62,61,63,19,QUARANTINE,70
DC-09,SKU-00801,DC-09-Z02-B061,21,19,22,5,AVAILABLE,168
DC-09,SKU-00934,DC-09-Z10-B003,106,107,103,16,AVAILABLE,19
DC-09,SKU-00009,DC-09-Z07-B011,83,83,86,4,AVAILABLE,72
DC-09,SKU-00648,DC-09-Z10-B054,132,132,132,6,AVAILABLE,69
DC-09,SKU-00043,DC-09-Z10-B061,152,152,152,20,AVAILABLE,145
DC-09,SKU-00202,DC-09-Z07-B063,37,38,37,3,AVAILABLE,17
DC-09,SKU-00107,DC-09-Z05-B017,121,121,121,11,AVAILABLE,167
DC-09,SKU-00744,DC-09-Z11-B009,18,20,17,6,AVAILABLE,145
DC-09,SKU-00590,DC-09-Z10-B011,212,212,209,18,AVAILABLE,4
DC-09,SKU-00038,DC-09-Z09-B067,102,100,105,8,AVAILABLE,105
DC-09,SKU-01035,DC-09-Z04-B011,188,188,191,10,QUARANTINE,82
DC-09,SKU-00151,DC-09-Z03-B067,97,97,100,3,AVAILABLE,64
DC-09,SKU-00371,DC-09-Z02-B051,95,97,95,1,AVAILABLE,146
DC-09,SKU-00431,DC-09-Z04-B028,179,179,182,15,AVAILABLE,14
DC-09,SKU-00157,DC-09-Z03-B033,136,136,139,10,AVAILABLE,167
DC-09,SKU-00173,DC-09-Z02-B076,182,182,182,8,AVAILABLE,95
DC-09,SKU-01177,DC-09-Z01-B011,11,11,11,11,AVAILABLE,174
DC-09,SKU-00923,DC-09-Z08-B020,220,222,219,8,AVAILABLE,73
DC-09,SKU-00780,DC-09-Z07-B071,2,2,1,1,AVAILABLE,11
DC-09,SKU-00675,DC-09-Z05-B061,5,7,8,2,AVAILABLE,104
DC-09,SKU-00939,DC-09-Z10-B057,162,164,162,5,AVAILABLE,147
DC-09,SKU-00588,DC-09-Z12-B051,193,194,190,6,AVAILABLE,1
DC-09,SKU-00265,DC-09-Z01-B005,139,139,139,14,AVAILABLE,93
DC-09,SKU-01104,DC-09-Z11-B027,42,42,42,0,AVAILABLE,26
DC-09,SKU-00140,DC-09-Z06-B034,6,7,6,4,QUARANTINE,53
DC-09,SKU-00162,DC-09-Z04-B035,173,175,173,18,QUARANTINE,43
DC-09,SKU-00977,DC-09-Z08-B039,143,143,143,8,AVAILABLE,64
DC-09,SKU-00959,DC-09-Z03-B053,24,24,24,6,AVAILABLE,168
DC-09,SKU-00337,DC-09-Z07-B055,10,10,11,6,AVAILABLE,123
DC-09,SKU-00499,DC-09-Z01-B073,92,93,92,12,AVAILABLE,13
DC-09,SKU-00547,DC-09-Z03-B008,52,52,52,11,AVAILABLE,115
DC-09,SKU-00735,DC-09-Z03-B022,121,121,121,9,AVAILABLE,46
DC-09,SKU-00491,DC-09-Z06-B059,108,108,109,16,AVAILABLE,168
DC-09,SKU-01128,DC-09-Z06-B064,12,14,12,11,AVAILABLE,52
DC-09,SKU-00106,DC-09-Z12-B079,148,150,147,4,AVAILABLE,124
DC-09,SKU-00548,DC-09-Z02-B007,141,141,140,0,AVAILABLE,6
DC-09,SKU-01049,DC-09-Z08-B049,63,62,63,7,AVAILABLE,172
DC-09,SKU-00232,DC-09-Z03-B023,121,121,121,13,AVAILABLE,51
DC-09,SKU-00906,DC-09-Z09-B030,145,145,148,20,AVAILABLE,13
DC-09,SKU-00729,DC-09-Z07-B013,208,209,208,18,AVAILABLE,108
DC-09,SKU-00776,DC-09-Z01-B045,82,82,81,3,AVAILABLE,93
DC-09,SKU-01089,DC-09-Z06-B065,163,163,166,9,AVAILABLE,18
DC-09,SKU-01150,DC-09-Z08-B035,118,118,119,8,HOLD,18
DC-09,SKU-00109,DC-09-Z01-B033,85,83,85,1,AVAILABLE,62
DC-09,SKU-00853,DC-09-Z11-B060,50,52,50,10,AVAILABLE,169
DC-09,SKU-00219,DC-09-Z10-B054,3,5,0,0,HOLD,166
DC-09,SKU-00001,DC-09-Z03-B065,36,34,36,14,AVAILABLE,14
DC-09,SKU-00486,DC-09-Z09-B026,54,52,51,17,AVAILABLE,101
DC-09,SKU-00414,DC-09-Z05-B031,190,190,191,15,AVAILABLE,49
DC-09,SKU-00253,DC-09-Z06-B062,134,134,134,12,AVAILABLE,1
DC-09,SKU-00621,DC-09-Z12-B022,187,189,188,15,AVAILABLE,97
DC-09,SKU-00174,DC-09-Z05-B026,30,31,29,12,AVAILABLE,12
DC-09,SKU-01145,DC-09-Z04-B075,70,72,69,5,AVAILABLE,62
DC-09,SKU-00005,DC-09-Z07-B019,152,152,152,16,AVAILABLE,22
DC-09,SKU-00198,DC-09-Z03-B069,206,206,203,2,AVAILABLE,152
DC-09,SKU-00832,DC-09-Z06-B006,158,157,158,5,AVAILABLE,95
DC-09,SKU-00566,DC-09-Z02-B059,99,98,99,6,AVAILABLE,152
DC-09,SKU-01033,DC-09-Z05-B037,21,21,18,3,AVAILABLE,173
DC-09,SKU-00971,DC-09-Z04-B001,82,82,82,0,AVAILABLE,102
DC-09,SKU-00520,DC-09-Z06-B022,184,184,184,0,AVAILABLE,54
DC-09,SKU-00976,DC-09-Z01-B033,184,184,184,2,AVAILABLE,130
DC-09,SKU-00319,DC-09-Z01-B041,14,14,13,0,AVAILABLE,169
DC-09,SKU-00291,DC-09-Z01-B030,140,138,143,6,AVAILABLE,50
DC-09,SKU-00806,DC-09-Z11-B023,77,77,77,0,AVAILABLE,164
DC-09,SKU-01001,DC-09-Z12-B051,69,69,69,14,AVAILABLE,84
DC-09,SKU-00362,DC-09-Z01-B026,150,152,147,4,AVAILABLE,123
DC-09,SKU-00753,DC-09-Z08-B079,174,174,171,4,QUARANTINE,143
DC-09,SKU-00595,DC-09-Z12-B068,28,26,25,16,HOLD,95
DC-09,SKU-00726,DC-09-Z03-B040,36,36,33,13,AVAILABLE,34
DC-09,SKU-00684,DC-09-Z08-B044,44,45,44,11,AVAILABLE,54
DC-09,SKU-00332,DC-09-Z05-B044,177,179,177,7,AVAILABLE,112
DC-09,SKU-00279,DC-09-Z12-B072,211,212,211,9,HOLD,106
DC-09,SKU-00615,DC-09-Z10-B030,95,94,95,7,HOLD,5
DC-09,SKU-00395,DC-09-Z02-B052,144,146,144,19,AVAILABLE,129
DC-09,SKU-01197,DC-09-Z11-B024,113,112,114,8,AVAILABLE,141
DC-09,SKU-00221,DC-09-Z04-B054,101,100,104,19,AVAILABLE,139
DC-09,SKU-00309,DC-09-Z12-B031,172,170,172,3,AVAILABLE,40
DC-09,SKU-00448,DC-09-Z03-B003,125,125,124,0,AVAILABLE,127
DC-09,SKU-01195,DC-09-Z02-B062,4,4,4,1,AVAILABLE,14
DC-09,SKU-00980,DC-09-Z04-B028,110,111,110,20,AVAILABLE,143
DC-09,SKU-00136,DC-09-Z05-B050,69,71,69,1,HOLD,95
DC-09,SKU-01139,DC-09-Z11-B017,159,160,159,9,AVAILABLE,92
DC-09,SKU-00339,DC-09-Z06-B023,25,25,26,12,AVAILABLE,78
DC-09,SKU-00666,DC-09-Z08-B037,104,104,107,10,AVAILABLE,69
DC-09,SKU-00866,DC-09-Z03-B021,102,104,102,12,QUARANTINE,145
DC-09,SKU-01116,DC-09-Z06-B070,19,20,22,14,HOLD,150
DC-09,SKU-00259,DC-09-Z11-B003,98,98,97,20,AVAILABLE,38
DC-09,SKU-00466,DC-09-Z07-B028,22,22,22,3,AVAILABLE,55
DC-09,SKU-01133,DC-09-Z09-B056,191,191,191,20,AVAILABLE,32
DC-09,SKU-00494,DC-09-Z01-B037,21,21,24,16,AVAILABLE,138
DC-09,SKU-00944,DC-09-Z07-B063,65,65,65,12,QUARANTINE,152
DC-09,SKU-00064,DC-09-Z08-B058,81,81,84,3,HOLD,151
DC-09,SKU-00877,DC-09-Z09-B015,128,128,125,16,HOLD,80
DC-09,SKU-01118,DC-09-Z04-B023,5,5,5,0,AVAILABLE,38
DC-09,SKU-00052,DC-09-Z02-B035,80,80,83,2,AVAILABLE,177
DC-09,SKU-00390,DC-09-Z06-B010,136,136,136,14,AVAILABLE,79
DC-09,SKU-00329,DC-09-Z11-B006,86,84,86,15,AVAILABLE,70
DC-09,SKU-00340,DC-09-Z12-B039,91,91,88,2,AVAILABLE,26
DC-09,SKU-00021,DC-09-Z02-B004,119,119,116,15,AVAILABLE,39
DC-09,SKU-00031,DC-09-Z12-B070,203,203,202,10,QUARANTINE,95
DC-09,SKU-00810,DC-09-Z04-B008,6,6,6,5,AVAILABLE,141
DC-09,SKU-01052,DC-09-Z10-B012,8,9,7,8,AVAILABLE,74
DC-09,SKU-00131,DC-09-Z04-B009,79,78,82,14,AVAILABLE,171
DC-09,SKU-00909,DC-09-Z04-B024,23,23,24,7,AVAILABLE,40
DC-09,SKU-00935,DC-09-Z12-B048,37,39,37,17,AVAILABLE,21
DC-09,SKU-00541,DC-09-Z04-B001,99,98,102,16,AVAILABLE,4
DC-09,SKU-00358,DC-09-Z05-B022,112,113,111,6,AVAILABLE,146
DC-09,SKU-01158,DC-09-Z09-B050,158,160,155,17,QUARANTINE,127
DC-09,SKU-00550,DC-09-Z01-B019,122,121,125,10,AVAILABLE,178
DC-09,SKU-00713,DC-09-Z10-B010,4,2,4,3,AVAILABLE,88
DC-09,SKU-00472,DC-09-Z10-B003,53,53,56,6,AVAILABLE,94
DC-09,SKU-00299,DC-09-Z02-B005,128,128,125,10,AVAILABLE,55
DC-09,SKU-00929,DC-09-Z07-B029,146,146,147,20,AVAILABLE,169
DC-09,SKU-00567,DC-09-Z03-B067,44,44,44,8,QUARANTINE,132
DC-09,SKU-00690,DC-09-Z10-B044,187,187,184,6,HOLD,96
DC-09,SKU-01028,DC-09-Z04-B004,125,124,125,20,AVAILABLE,145
DC-09,SKU-00401,DC-09-Z02-B039,162,164,165,13,AVAILABLE,107
DC-09,SKU-00531,DC-09-Z12-B045,1,0,0,0,AVAILABLE,89
DC-09,SKU-00872,DC-09-Z03-B034,60,60,59,8,AVAILABLE,11
DC-09,SKU-00236,DC-09-Z02-B080,53,53,56,5,HOLD,56
DC-09,SKU-00295,DC-09-Z01-B011,92,90,92,4,AVAILABLE,113
DC-09,SKU-00417,DC-09-Z06-B053,206,206,206,13,AVAILABLE,76
DC-09,SKU-01129,DC-09-Z05-B007,102,102,101,14,AVAILABLE,161
DC-09,SKU-00394,DC-09-Z11-B018,191,193,190,9,AVAILABLE,92
DC-09,SKU-00941,DC-09-Z07-B012,144,145,144,9,AVAILABLE,81
DC-09,SKU-01111,DC-09-Z03-B053,163,162,163,1,AVAILABLE,166
DC-09,SKU-00533,DC-09-Z02-B017,8,8,7,2,AVAILABLE,149
DC-09,SKU-00667,DC-09-Z06-B019,55,55,55,12,AVAILABLE,92
DC-09,SKU-00280,DC-09-Z01-B006,193,193,190,5,QUARANTINE,108
DC-10,SKU-00968,DC-10-Z06-B024,27,25,26,13,AVAILABLE,138
DC-10,SKU-00604,DC-10-Z02-B043,155,153,154,3,AVAILABLE,86
DC-10,SKU-01150,DC-10-Z03-B034,62,62,63,13,HOLD,137
DC-10,SKU-00967,DC-10-Z05-B052,122,120,125,18,AVAILABLE,39
DC-10,SKU-00896,DC-10-Z04-B039,166,168,163,20,AVAILABLE,75
DC-10,SKU-00365,DC-10-Z09-B073,114,113,115,8,AVAILABLE,91
DC-10,SKU-00213,DC-10-Z11-B039,27,29,26,17,AVAILABLE,122
DC-10,SKU-00790,DC-10-Z04-B076,101,100,98,16,AVAILABLE,49
DC-10,SKU-00296,DC-10-Z10-B006,28,27,31,6,AVAILABLE,112
DC-10,SKU-01079,DC-10-Z02-B019,28,28,29,15,AVAILABLE,44
DC-10,SKU-00711,DC-10-Z02-B017,22,22,19,2,AVAILABLE,75
DC-10,SKU-00279,DC-10-Z07-B028,133,133,130,10,AVAILABLE,70
DC-10,SKU-00530,DC-10-Z04-B066,144,142,145,9,AVAILABLE,160
DC-10,SKU-00243,DC-10-Z05-B061,196,195,196,3,AVAILABLE,156
DC-10,SKU-00750,DC-10-Z02-B065,200,200,200,6,AVAILABLE,33
DC-10,SKU-01078,DC-10-Z02-B020,10,10,7,5,AVAILABLE,120
DC-10,SKU-01184,DC-10-Z05-B018,175,174,175,8,AVAILABLE,26
DC-10,SKU-00047,DC-10-Z12-B047,130,131,129,12,QUARANTINE,146
DC-10,SKU-00728,DC-10-Z03-B032,153,153,153,3,QUARANTINE,62
DC-10,SKU-00578,DC-10-Z12-B078,160,160,163,10,AVAILABLE,9
DC-10,SKU-01123,DC-10-Z10-B019,203,203,200,15,AVAILABLE,25
DC-10,SKU-00411,DC-10-Z11-B013,197,196,197,14,AVAILABLE,22
DC-10,SKU-00563,DC-10-Z07-B079,192,191,192,18,AVAILABLE,159
DC-10,SKU-01131,DC-10-Z11-B016,204,204,203,1,AVAILABLE,29
DC-10,SKU-00705,DC-10-Z10-B047,190,191,191,11,AVAILABLE,111
DC-10,SKU-00632,DC-10-Z03-B024,220,219,220,15,AVAILABLE,123
DC-10,SKU-00999,DC-10-Z04-B045,133,133,130,14,AVAILABLE,129
DC-10,SKU-00170,DC-10-Z07-B079,184,183,185,15,AVAILABLE,178
DC-10,SKU-00620,DC-10-Z05-B012,90,91,89,0,AVAILABLE,37
DC-10,SKU-00677,DC-10-Z12-B044,103,104,106,13,AVAILABLE,64
DC-10,SKU-01107,DC-10-Z02-B079,216,216,213,9,AVAILABLE,17
DC-10,SKU-00479,DC-10-Z10-B021,153,153,152,8,AVAILABLE,119
DC-10,SKU-00227,DC-10-Z05-B013,31,31,34,12,AVAILABLE,80
DC-10,SKU-00464,DC-10-Z08-B012,41,39,42,11,AVAILABLE,75
DC-10,SKU-00565,DC-10-Z04-B053,172,174,172,12,AVAILABLE,78
DC-10,SKU-01064,DC-10-Z03-B028,176,176,173,10,AVAILABLE,49
DC-10,SKU-00725,DC-10-Z01-B026,36,36,33,19,AVAILABLE,143
DC-10,SKU-01057,DC-10-Z08-B045,206,207,207,19,AVAILABLE,145
DC-10,SKU-01175,DC-10-Z01-B066,109,109,109,11,AVAILABLE,180
DC-10,SKU-00177,DC-10-Z08-B035,206,206,209,5,QUARANTINE,23
DC-10,SKU-00807,DC-10-Z09-B037,116,115,116,12,AVAILABLE,179
DC-10,SKU-00181,DC-10-Z05-B019,153,153,153,0,QUARANTINE,171
DC-10,SKU-00499,DC-10-Z06-B031,219,217,222,0,AVAILABLE,89
DC-10,SKU-00572,DC-10-Z06-B029,143,144,142,16,AVAILABLE,11
DC-10,SKU-00046,DC-10-Z05-B006,120,120,120,9,AVAILABLE,28
DC-10,SKU-00662,DC-10-Z11-B042,187,186,187,6,AVAILABLE,121
DC-10,SKU-00511,DC-10-Z06-B007,125,123,128,4,AVAILABLE,127
DC-10,SKU-00553,DC-10-Z11-B022,131,133,132,12,HOLD,44
DC-10,SKU-00885,DC-10-Z12-B003,163,164,163,2,AVAILABLE,26
DC-10,SKU-01024,DC-10-Z08-B027,29,29,29,2,AVAILABLE,111
DC-10,SKU-01154,DC-10-Z10-B075,177,177,177,1,AVAILABLE,97
DC-10,SKU-01098,DC-10-Z02-B011,79,79,76,6,AVAILABLE,102
DC-10,SKU-00574,DC-10-Z07-B014,116,116,116,15,AVAILABLE,6
DC-10,SKU-00782,DC-10-Z03-B041,214,215,214,13,QUARANTINE,158
DC-10,SKU-00533,DC-10-Z11-B013,213,215,213,8,AVAILABLE,112
DC-10,SKU-01088,DC-10-Z07-B010,57,57,57,6,AVAILABLE,151
DC-10,SKU-00302,DC-10-Z09-B065,62,60,61,19,QUARANTINE,121
DC-10,SKU-00607,DC-10-Z08-B015,41,43,44,9,AVAILABLE,39
DC-10,SKU-00445,DC-10-Z03-B061,33,35,33,13,AVAILABLE,72
DC-10,SKU-00327,DC-10-Z07-B011,18,20,17,2,HOLD,166
DC-10,SKU-00131,DC-10-Z10-B039,120,120,121,7,AVAILABLE,103
DC-10,SKU-00925,DC-10-Z11-B064,114,115,114,1,AVAILABLE,29
DC-10,SKU-01008,DC-10-Z07-B007,37,37,37,17,HOLD,70
DC-10,SKU-01009,DC-10-Z05-B050,137,137,137,13,AVAILABLE,103
DC-10,SKU-00345,DC-10-Z07-B032,118,116,118,12,AVAILABLE,116
DC-10,SKU-00849,DC-10-Z03-B073,180,180,180,4,HOLD,162
DC-10,SKU-00897,DC-10-Z01-B076,32,32,32,11,QUARANTINE,69
DC-10,SKU-00382,DC-10-Z03-B040,177,179,176,16,AVAILABLE,49
DC-10,SKU-01135,DC-10-Z04-B060,115,113,115,3,AVAILABLE,67
DC-10,SKU-00129,DC-10-Z10-B004,82,82,82,10,AVAILABLE,85
DC-10,SKU-00554,DC-10-Z04-B035,64,63,65,17,AVAILABLE,155
DC-10,SKU-00833,DC-10-Z09-B041,18,19,19,11,AVAILABLE,4
DC-10,SKU-00706,DC-10-Z04-B009,119,117,120,9,AVAILABLE,63
DC-10,SKU-00570,DC-10-Z09-B009,144,146,147,11,AVAILABLE,37
DC-10,SKU-00099,DC-10-Z08-B012,74,74,75,4,AVAILABLE,131
DC-10,SKU-00200,DC-10-Z02-B060,155,157,155,7,AVAILABLE,52
DC-10,SKU-00938,DC-10-Z06-B015,84,84,83,12,AVAILABLE,82
DC-10,SKU-00351,DC-10-Z05-B075,14,14,14,10,AVAILABLE,95
DC-10,SKU-00614,DC-10-Z04-B048,81,81,81,3,AVAILABLE,137
DC-10,SKU-01179,DC-10-Z02-B063,2,2,1,2,AVAILABLE,111
DC-10,SKU-00318,DC-10-Z12-B059,57,57,57,17,AVAILABLE,6
DC-10,SKU-01118,DC-10-Z08-B051,71,71,74,15,AVAILABLE,148
DC-10,SKU-01021,DC-10-Z05-B065,172,170,175,11,AVAILABLE,121
DC-10,SKU-00462,DC-10-Z08-B069,66,66,63,13,AVAILABLE,67
DC-10,SKU-00203,DC-10-Z03-B049,132,132,131,9,AVAILABLE,92
DC-10,SKU-00629,DC-10-Z03-B046,118,119,115,20,AVAILABLE,10
DC-10,SKU-00492,DC-10-Z12-B067,111,110,111,5,AVAILABLE,49
DC-10,SKU-00877,DC-10-Z04-B033,125,125,125,17,HOLD,38
DC-10,SKU-00736,DC-10-Z01-B072,187,189,187,19,AVAILABLE,158
DC-10,SKU-01186,DC-10-Z09-B023,171,171,170,9,QUARANTINE,49
DC-10,SKU-00281,DC-10-Z04-B005,57,57,60,3,AVAILABLE,13
DC-10,SKU-00846,DC-10-Z03-B010,60,61,60,3,AVAILABLE,147
DC-10,SKU-01080,DC-10-Z07-B034,35,35,38,20,AVAILABLE,49
DC-10,SKU-00069,DC-10-Z01-B079,114,116,113,0,AVAILABLE,75
DC-10,SKU-00871,DC-10-Z02-B069,170,170,173,12,AVAILABLE,176
DC-10,SKU-00427,DC-10-Z07-B036,113,115,116,15,QUARANTINE,98
DC-10,SKU-00137,DC-10-Z10-B029,35,36,36,16,AVAILABLE,3
DC-10,SKU-00914,DC-10-Z11-B009,24,24,24,15,AVAILABLE,57
DC-10,SKU-00520,DC-10-Z09-B012,115,115,115,12,HOLD,145
DC-10,SKU-00587,DC-10-Z07-B068,136,138,136,18,AVAILABLE,168
DC-10,SKU-01197,DC-10-Z09-B065,114,114,117,15,AVAILABLE,70
DC-10,SKU-00275,DC-10-Z04-B002,204,202,205,9,AVAILABLE,76
DC-10,SKU-00762,DC-10-Z08-B007,114,114,111,6,AVAILABLE,39
DC-10,SKU-00820,DC-10-Z03-B028,16,18,19,3,QUARANTINE,18
DC-10,SKU-00996,DC-10-Z10-B056,38,39,41,5,QUARANTINE,84
DC-10,SKU-00785,DC-10-Z03-B011,123,121,123,2,AVAILABLE,64
DC-10,SKU-00547,DC-10-Z06-B047,99,97,102,12,AVAILABLE,179
DC-10,SKU-00473,DC-10-Z06-B073,150,150,153,20,AVAILABLE,135
DC-10,SKU-00404,DC-10-Z03-B049,57,57,57,18,AVAILABLE,120
DC-10,SKU-01144,DC-10-Z04-B008,38,38,39,3,AVAILABLE,28
DC-10,SKU-00672,DC-10-Z09-B013,111,112,110,9,HOLD,25
DC-10,SKU-00601,DC-10-Z06-B009,155,155,155,20,AVAILABLE,81
DC-10,SKU-01183,DC-10-Z06-B012,190,192,190,18,AVAILABLE,66
DC-10,SKU-00645,DC-10-Z01-B070,9,10,10,9,AVAILABLE,88
DC-10,SKU-00405,DC-10-Z08-B060,78,78,79,12,QUARANTINE,136
DC-10,SKU-00292,DC-10-Z05-B031,219,219,222,4,AVAILABLE,143
DC-10,SKU-00309,DC-10-Z11-B042,75,74,75,8,AVAILABLE,94
DC-10,SKU-01047,DC-10-Z07-B002,48,49,48,6,AVAILABLE,142
DC-10,SKU-00362,DC-10-Z06-B012,159,157,162,13,AVAILABLE,179
DC-10,SKU-00937,DC-10-Z08-B042,75,75,76,4,AVAILABLE,30
DC-10,SKU-01167,DC-10-Z05-B004,92,92,93,18,AVAILABLE,99
DC-10,SKU-01105,DC-10-Z10-B002,120,122,121,6,AVAILABLE,80
DC-10,SKU-00145,DC-10-Z04-B080,29,27,28,20,AVAILABLE,22
DC-10,SKU-00337,DC-10-Z09-B078,163,165,163,9,AVAILABLE,21
DC-10,SKU-00669,DC-10-Z12-B036,208,207,208,2,AVAILABLE,30
DC-10,SKU-00158,DC-10-Z12-B013,173,174,173,2,AVAILABLE,56
DC-10,SKU-00486,DC-10-Z01-B058,28,29,28,12,AVAILABLE,31
DC-10,SKU-01028,DC-10-Z08-B060,81,81,81,11,AVAILABLE,54
DC-10,SKU-00795,DC-10-Z07-B050,118,117,119,17,QUARANTINE,44
DC-10,SKU-01010,DC-10-Z10-B040,33,33,36,12,AVAILABLE,171
DC-10,SKU-00726,DC-10-Z12-B016,39,41,40,19,AVAILABLE,19
DC-10,SKU-00423,DC-10-Z09-B042,62,61,61,19,AVAILABLE,90
DC-10,SKU-00347,DC-10-Z01-B023,59,59,62,4,AVAILABLE,45
DC-10,SKU-00300,DC-10-Z06-B019,132,132,135,7,AVAILABLE,69
DC-10,SKU-01182,DC-10-Z10-B046,106,106,105,0,AVAILABLE,111
DC-10,SKU-00612,DC-10-Z09-B078,3,3,4,1,AVAILABLE,152
DC-10,SKU-00558,DC-10-Z06-B020,208,206,208,6,AVAILABLE,107
DC-10,SKU-00943,DC-10-Z03-B014,123,121,123,17,AVAILABLE,147
DC-10,SKU-00082,DC-10-Z10-B026,60,59,60,5,AVAILABLE,86
DC-10,SKU-00040,DC-10-Z09-B025,65,64,65,0,AVAILABLE,174
DC-10,SKU-00284,DC-10-Z06-B027,73,73,76,11,AVAILABLE,135
DC-10,SKU-00459,DC-10-Z12-B025,140,138,137,11,AVAILABLE,79
DC-10,SKU-01188,DC-10-Z10-B054,49,49,50,19,AVAILABLE,75
DC-10,SKU-00987,DC-10-Z09-B020,123,123,123,7,AVAILABLE,105
DC-10,SKU-00074,DC-10-Z09-B051,111,111,111,6,HOLD,13
DC-10,SKU-00021,DC-10-Z07-B063,54,52,57,11,AVAILABLE,36
DC-10,SKU-01076,DC-10-Z09-B047,200,198,200,8,AVAILABLE,35
DC-10,SKU-00776,DC-10-Z05-B020,205,205,205,17,AVAILABLE,117
DC-10,SKU-00154,DC-10-Z07-B052,183,183,183,19,AVAILABLE,77
DC-10,SKU-00909,DC-10-Z03-B048,117,117,117,8,HOLD,174
DC-10,SKU-00746,DC-10-Z02-B002,123,123,123,13,AVAILABLE,108
DC-10,SKU-00898,DC-10-Z03-B056,129,129,129,12,AVAILABLE,74
DC-10,SKU-01013,DC-10-Z05-B075,168,168,171,11,AVAILABLE,138
DC-10,SKU-00630,DC-10-Z09-B001,187,186,187,20,AVAILABLE,169
DC-10,SKU-01070,DC-10-Z12-B009,132,131,133,12,AVAILABLE,150
DC-10,SKU-00214,DC-10-Z06-B031,143,143,140,6,AVAILABLE,0
DC-10,SKU-00865,DC-10-Z06-B040,60,60,60,11,AVAILABLE,88
DC-10,SKU-00922,DC-10-Z08-B047,219,219,219,10,AVAILABLE,151
DC-10,SKU-00655,DC-10-Z07-B070,29,28,30,11,AVAILABLE,103
DC-10,SKU-00496,DC-10-Z02-B061,151,153,154,6,AVAILABLE,24
DC-10,SKU-00769,DC-10-Z02-B028,149,149,148,9,AVAILABLE,120
DC-10,SKU-00659,DC-10-Z12-B069,52,51,52,20,AVAILABLE,42
DC-10,SKU-01164,DC-10-Z07-B033,216,216,216,18,QUARANTINE,40
DC-10,SKU-00379,DC-10-Z04-B059,146,147,146,12,AVAILABLE,115
DC-10,SKU-00329,DC-10-Z08-B001,96,96,99,9,AVAILABLE,59
DC-10,SKU-00816,DC-10-Z09-B077,189,188,189,8,AVAILABLE,33
DC-10,SKU-01173,DC-10-Z03-B071,197,199,196,15,AVAILABLE,75
DC-10,SKU-00491,DC-10-Z09-B009,33,32,30,19,AVAILABLE,21
DC-10,SKU-00927,DC-10-Z09-B065,35,37,38,13,AVAILABLE,20
DC-10,SKU-00822,DC-10-Z05-B043,146,146,146,9,AVAILABLE,163
DC-10,SKU-01116,DC-10-Z11-B029,24,24,23,8,AVAILABLE,70
DC-10,SKU-00130,DC-10-Z06-B033,19,19,22,2,AVAILABLE,88
DC-10,SKU-00418,DC-10-Z10-B044,49,49,49,10,AVAILABLE,33
DC-10,SKU-00863,DC-10-Z10-B071,55,54,55,12,AVAILABLE,180
DC-10,SKU-00311,DC-10-Z12-B035,187,188,186,2,AVAILABLE,115
DC-10,SKU-00881,DC-10-Z10-B041,71,73,72,5,QUARANTINE,95
DC-10,SKU-00202,DC-10-Z10-B045,178,178,179,14,HOLD,62
DC-10,SKU-00761,DC-10-Z04-B025,102,101,102,17,AVAILABLE,11
DC-10,SKU-00917,DC-10-Z01-B053,205,205,205,20,AVAILABLE,18
DC-10,SKU-00873,DC-10-Z05-B033,199,199,199,0,AVAILABLE,10
DC-10,SKU-00033,DC-10-Z01-B035,19,20,16,5,AVAILABLE,108
DC-10,SKU-00052,DC-10-Z09-B074,90,90,91,14,AVAILABLE,13
DC-10,SKU-00343,DC-10-Z07-B019,83,83,82,7,AVAILABLE,128
DC-10,SKU-00929,DC-10-Z02-B062,209,209,209,9,AVAILABLE,140
DC-10,SKU-00697,DC-10-Z03-B030,99,101,102,6,AVAILABLE,107
DC-10,SKU-00589,DC-10-Z08-B044,212,212,213,8,AVAILABLE,135
DC-10,SKU-00433,DC-10-Z04-B026,141,142,138,16,AVAILABLE,106
DC-10,SKU-00367,DC-10-Z11-B047,188,190,187,0,AVAILABLE,95
DC-10,SKU-00753,DC-10-Z08-B017,49,49,49,7,AVAILABLE,44
DC-10,SKU-01141,DC-10-Z08-B021,192,190,192,5,AVAILABLE,17
DC-10,SKU-00764,DC-10-Z11-B014,137,137,137,6,AVAILABLE,68
DC-10,SKU-00006,DC-10-Z01-B047,148,148,148,14,AVAILABLE,21
DC-10,SKU-00899,DC-10-Z09-B062,112,112,111,18,AVAILABLE,175
DC-10,SKU-00359,DC-10-Z04-B068,61,61,58,6,AVAILABLE,115
DC-10,SKU-00339,DC-10-Z09-B002,6,6,7,5,AVAILABLE,63
DC-10,SKU-01068,DC-10-Z10-B014,100,98,100,0,AVAILABLE,104
DC-10,SKU-00111,DC-10-Z06-B063,178,180,175,3,AVAILABLE,148
DC-10,SKU-00456,DC-10-Z10-B003,115,115,112,1,AVAILABLE,2
DC-10,SKU-00923,DC-10-Z01-B074,152,152,152,6,AVAILABLE,6
DC-10,SKU-00806,DC-10-Z09-B034,6,6,6,1,AVAILABLE,9
DC-10,SKU-01143,DC-10-Z06-B018,81,81,78,17,QUARANTINE,163
DC-10,SKU-00234,DC-10-Z09-B019,138,138,141,10,AVAILABLE,80
DC-10,SKU-01168,DC-10-Z10-B012,170,170,173,13,AVAILABLE,157
DC-10,SKU-00118,DC-10-Z02-B058,193,193,190,2,AVAILABLE,88
DC-10,SKU-00886,DC-10-Z12-B049,75,75,76,0,HOLD,9
DC-10,SKU-00374,DC-10-Z04-B053,142,144,141,15,AVAILABLE,175
DC-10,SKU-00493,DC-10-Z02-B050,130,130,131,13,AVAILABLE,65
DC-10,SKU-00624,DC-10-Z11-B050,64,64,64,3,AVAILABLE,160
DC-10,SKU-00721,DC-10-Z02-B012,177,177,178,7,QUARANTINE,20
DC-10,SKU-00781,DC-10-Z12-B022,218,218,218,11,AVAILABLE,106
DC-10,SKU-00550,DC-10-Z04-B002,129,130,129,0,AVAILABLE,110
DC-10,SKU-00737,DC-10-Z07-B051,110,110,110,0,AVAILABLE,17
DC-10,SKU-00880,DC-10-Z08-B029,204,204,203,11,AVAILABLE,72
DC-10,SKU-00041,DC-10-Z02-B046,20,21,20,18,AVAILABLE,31
DC-10,SKU-00285,DC-10-Z03-B074,172,173,175,13,AVAILABLE,37
DC-10,SKU-00965,DC-10-Z12-B052,140,138,140,18,AVAILABLE,16
DC-10,SKU-00974,DC-10-Z11-B064,187,189,190,12,AVAILABLE,50
DC-10,SKU-01191,DC-10-Z06-B038,141,142,144,2,AVAILABLE,112
DC-10,SKU-00972,DC-10-Z11-B075,8,10,8,8,AVAILABLE,147
DC-10,SKU-00844,DC-10-Z05-B078,195,194,195,2,AVAILABLE,30
DC-10,SKU-00583,DC-10-Z06-B018,117,118,117,9,AVAILABLE,75
DC-10,SKU-01102,DC-10-Z11-B030,69,69,70,3,QUARANTINE,80
DC-10,SKU-01162,DC-10-Z02-B042,16,16,16,12,AVAILABLE,30
DC-10,SKU-00978,DC-10-Z06-B022,134,132,135,20,AVAILABLE,47
DC-10,SKU-00310,DC-10-Z12-B074,76,78,79,0,QUARANTINE,20
DC-10,SKU-00985,DC-10-Z10-B012,16,16,19,0,AVAILABLE,44
DC-10,SKU-00391,DC-10-Z11-B011,74,74,75,5,AVAILABLE,35
DC-10,SKU-00913,DC-10-Z05-B009,101,101,101,11,AVAILABLE,134
DC-10,SKU-00950,DC-10-Z08-B010,83,83,83,8,AVAILABLE,155
DC-10,SKU-00291,DC-10-Z09-B061,191,191,191,4,AVAILABLE,149
DC-10,SKU-00096,DC-10-Z06-B061,93,93,96,19,AVAILABLE,127
DC-10,SKU-00407,DC-10-Z06-B079,43,44,43,3,AVAILABLE,81
DC-10,SKU-00259,DC-10-Z05-B010,111,110,111,2,AVAILABLE,111
DC-10,SKU-00693,DC-10-Z11-B049,183,183,183,14,AVAILABLE,151
DC-10,SKU-00623,DC-10-Z10-B044,110,110,107,2,HOLD,86
DC-10,SKU-00092,DC-10-Z11-B069,207,206,210,2,AVAILABLE,140
DC-10,SKU-00051,DC-10-Z04-B064,165,164,165,6,AVAILABLE,110
DC-10,SKU-00026,DC-10-Z05-B056,1,0,1,1,AVAILABLE,75
DC-10,SKU-00626,DC-10-Z08-B054,113,113,110,0,AVAILABLE,115
DC-10,SKU-00573,DC-10-Z05-B013,198,198,197,12,AVAILABLE,31
DC-10,SKU-00857,DC-10-Z08-B019,16,14,17,6,AVAILABLE,150
DC-10,SKU-00420,DC-10-Z05-B075,82,82,82,3,AVAILABLE,141
DC-10,SKU-00561,DC-10-Z01-B068,197,199,200,19,AVAILABLE,37
DC-10,SKU-00110,DC-10-Z07-B055,45,47,44,12,AVAILABLE,58
DC-10,SKU-00350,DC-10-Z03-B079,135,135,135,18,AVAILABLE,16
DC-10,SKU-00748,DC-10-Z08-B059,37,39,37,7,AVAILABLE,6
DC-10,SKU-00429,DC-10-Z02-B061,77,77,76,3,AVAILABLE,87
DC-10,SKU-00054,DC-10-Z04-B001,28,28,28,16,AVAILABLE,27
DC-10,SKU-00918,DC-10-Z03-B011,138,136,135,6,HOLD,164
DC-10,SKU-00338,DC-10-Z05-B070,145,143,145,18,HOLD,50
DC-10,SKU-00269,DC-10-Z01-B055,20,20,20,4,AVAILABLE,120
DC-10,SKU-00868,DC-10-Z08-B059,102,101,99,9,QUARANTINE,113
DC-10,SKU-00993,DC-10-Z08-B057,42,42,45,10,AVAILABLE,62
DC-10,SKU-01043,DC-10-Z10-B008,134,136,134,14,AVAILABLE,113
DC-10,SKU-01037,DC-10-Z09-B057,188,186,191,15,AVAILABLE,50
DC-10,SKU-00975,DC-10-Z11-B043,176,175,176,16,AVAILABLE,101
DC-10,SKU-00774,DC-10-Z08-B015,51,53,54,16,AVAILABLE,43
DC-10,SKU-00618,DC-10-Z08-B069,46,46,43,16,AVAILABLE,14
DC-10,SKU-00299,DC-10-Z04-B049,183,183,183,17,AVAILABLE,64
DC-10,SKU-00078,DC-10-Z10-B046,177,175,174,20,HOLD,55
DC-10,SKU-00621,DC-10-Z04-B004,2,1,2,2,AVAILABLE,102
DC-10,SKU-00384,DC-10-Z10-B030,6,5,3,4,AVAILABLE,78
DC-10,SKU-00108,DC-10-Z02-B071,144,144,143,14,AVAILABLE,122
DC-10,SKU-00603,DC-10-Z03-B078,25,25,25,1,AVAILABLE,70
DC-10,SKU-00850,DC-10-Z01-B064,121,119,121,1,AVAILABLE,66
DC-10,SKU-00719,DC-10-Z01-B036,156,158,156,14,AVAILABLE,93
DC-10,SKU-00598,DC-10-Z03-B031,50,50,47,16,HOLD,23
DC-10,SKU-00038,DC-10-Z12-B027,25,23,25,10,AVAILABLE,101
DC-10,SKU-00738,DC-10-Z06-B042,97,95,97,11,AVAILABLE,74
DC-10,SKU-01193,DC-10-Z06-B032,201,203,201,10,AVAILABLE,101
DC-10,SKU-00606,DC-10-Z10-B012,65,65,65,9,AVAILABLE,41
DC-10,SKU-00747,DC-10-Z05-B039,201,200,201,19,AVAILABLE,126
DC-10,SKU-00888,DC-10-Z02-B024,86,88,89,17,AVAILABLE,105
DC-10,SKU-00457,DC-10-Z06-B017,146,147,149,20,AVAILABLE,124
DC-10,SKU-01027,DC-10-Z01-B043,189,191,189,20,AVAILABLE,6
DC-10,SKU-00703,DC-10-Z09-B058,183,183,180,6,AVAILABLE,48
DC-10,SKU-00141,DC-10-Z03-B011,51,51,50,15,HOLD,114
DC-10,SKU-00805,DC-10-Z06-B068,124,122,123,18,HOLD,68
DC-10,SKU-00080,DC-10-Z04-B045,51,52,52,18,AVAILABLE,42
DC-10,SKU-00749,DC-10-Z10-B050,189,189,192,20,AVAILABLE,117
DC-10,SKU-00083,DC-10-Z02-B058,143,145,144,15,AVAILABLE,85
DC-10,SKU-00687,DC-10-Z04-B080,219,219,219,17,AVAILABLE,68
DC-10,SKU-00733,DC-10-Z12-B019,26,28,26,0,AVAILABLE,165
DC-10,SKU-00920,DC-10-Z01-B075,132,133,132,12,AVAILABLE,144
DC-10,SKU-00109,DC-10-Z11-B026,92,94,95,4,AVAILABLE,50
DC-10,SKU-00060,DC-10-Z01-B066,195,195,192,3,AVAILABLE,68
DC-10,SKU-00534,DC-10-Z03-B031,20,20,20,10,QUARANTINE,68
DC-10,SKU-00003,DC-10-Z09-B003,106,105,106,7,AVAILABLE,31
DC-10,SKU-00720,DC-10-Z06-B076,186,186,187,3,AVAILABLE,37
DC-10,SKU-00455,DC-10-Z02-B013,114,116,117,19,AVAILABLE,124
DC-10,SKU-00354,DC-10-Z10-B059,116,116,116,12,AVAILABLE,138
DC-10,SKU-01122,DC-10-Z01-B074,219,219,219,17,QUARANTINE,159
DC-10,SKU-00182,DC-10-Z04-B041,176,176,175,0,AVAILABLE,172
DC-10,SKU-00515,DC-10-Z01-B005,73,71,73,12,HOLD,149
DC-10,SKU-00514,DC-10-Z02-B051,146,147,146,4,AVAILABLE,115
DC-10,SKU-00187,DC-10-Z07-B055,103,102,104,15,AVAILABLE,176
DC-10,SKU-00490,DC-10-Z10-B003,176,176,173,14,AVAILABLE,112
DC-10,SKU-00501,DC-10-Z09-B012,14,12,14,12,AVAILABLE,104
DC-10,SKU-00175,DC-10-Z11-B031,114,112,114,9,AVAILABLE,40
DC-10,SKU-00146,DC-10-Z02-B071,76,76,76,7,QUARANTINE,157
DC-10,SKU-00075,DC-10-Z09-B023,191,192,191,16,AVAILABLE,38
DC-10,SKU-00100,DC-10-Z10-B078,41,41,41,13,AVAILABLE,4
DC-10,SKU-00242,DC-10-Z05-B024,0,0,0,0,AVAILABLE,127
DC-10,SKU-00535,DC-10-Z12-B050,146,146,149,19,HOLD,56
DC-10,SKU-01178,DC-10-Z12-B048,60,62,57,0,AVAILABLE,119
DC-10,SKU-00267,DC-10-Z03-B030,180,181,180,19,AVAILABLE,167
DC-10,SKU-00341,DC-10-Z01-B041,181,179,184,16,AVAILABLE,37
DC-10,SKU-00484,DC-10-Z02-B053,23,23,26,1,AVAILABLE,160
DC-10,SKU-00219,DC-10-Z02-B011,189,189,186,5,AVAILABLE,45
DC-10,SKU-01108,DC-10-Z02-B073,149,149,146,4,QUARANTINE,151
DC-10,SKU-00167,DC-10-Z08-B019,29,27,30,0,AVAILABLE,94
DC-10,SKU-00562,DC-10-Z09-B075,6,8,7,0,HOLD,41
DC-10,SKU-00183,DC-10-Z10-B052,123,124,123,9,QUARANTINE,46
DC-10,SKU-00157,DC-10-Z12-B074,178,176,178,13,AVAILABLE,42
DC-10,SKU-01044,DC-10-Z04-B004,97,97,98,13,AVAILABLE,86
DC-10,SKU-01035,DC-10-Z01-B015,214,214,214,6,AVAILABLE,84
DC-10,SKU-01040,DC-10-Z06-B067,35,35,35,11,AVAILABLE,127
DC-10,SKU-00942,DC-10-Z12-B065,39,38,42,5,AVAILABLE,22
DC-10,SKU-00422,DC-10-Z10-B005,208,206,209,5,AVAILABLE,165
DC-10,SKU-00647,DC-10-Z02-B007,140,140,140,11,AVAILABLE,99
DC-10,SKU-01075,DC-10-Z07-B071,39,39,39,16,HOLD,121
DC-10,SKU-00113,DC-10-Z05-B069,174,174,173,5,AVAILABLE,3
DC-10,SKU-01067,DC-10-Z06-B041,155,156,154,13,AVAILABLE,143
DC-10,SKU-00236,DC-10-Z02-B074,161,161,161,14,HOLD,120
DC-10,SKU-00642,DC-10-Z12-B067,15,14,16,14,AVAILABLE,86
DC-10,SKU-00233,DC-10-Z11-B045,163,162,163,10,AVAILABLE,171
DC-10,SKU-00397,DC-10-Z11-B035,11,12,10,0,AVAILABLE,83
DC-10,SKU-00545,DC-10-Z08-B058,215,215,214,7,AVAILABLE,7
DC-10,SKU-00581,DC-10-Z12-B036,103,103,103,14,AVAILABLE,160
DC-10,SKU-00840,DC-10-Z04-B026,79,79,82,11,AVAILABLE,10
DC-10,SKU-00352,DC-10-Z09-B045,88,89,91,20,AVAILABLE,0
DC-10,SKU-00741,DC-10-Z04-B006,109,109,110,1,AVAILABLE,63
DC-10,SKU-00777,DC-10-Z11-B057,178,178,178,10,AVAILABLE,75
DC-10,SKU-00907,DC-10-Z05-B035,26,28,23,4,AVAILABLE,128
DC-10,SKU-00531,DC-10-Z04-B074,105,104,106,6,AVAILABLE,16
DC-10,SKU-00878,DC-10-Z01-B006,23,23,24,13,AVAILABLE,147
DC-10,SKU-00419,DC-10-Z02-B038,114,115,113,11,HOLD,114
DC-10,SKU-00789,DC-10-Z11-B074,133,134,133,2,HOLD,72
DC-10,SKU-00513,DC-10-Z01-B034,27,27,28,3,AVAILABLE,131
DC-10,SKU-00143,DC-10-Z11-B061,91,91,91,4,AVAILABLE,69
DC-10,SKU-00664,DC-10-Z06-B080,25,26,25,13,AVAILABLE,102
DC-10,SKU-00011,DC-10-Z12-B049,45,45,44,10,AVAILABLE,139
DC-10,SKU-00228,DC-10-Z08-B062,26,26,26,15,AVAILABLE,57
DC-10,SKU-01140,DC-10-Z04-B002,196,194,197,15,QUARANTINE,133
DC-10,SKU-00633,DC-10-Z03-B006,160,160,159,10,AVAILABLE,109
DC-10,SKU-01048,DC-10-Z10-B020,205,205,205,2,AVAILABLE,116
DC-10,SKU-00125,DC-10-Z01-B054,137,138,134,15,QUARANTINE,7
DC-10,SKU-01006,DC-10-Z06-B010,130,129,127,16,AVAILABLE,15
DC-10,SKU-00394,DC-10-Z07-B050,218,218,218,16,AVAILABLE,152
DC-10,SKU-00848,DC-10-Z10-B024,63,64,60,15,AVAILABLE,35
DC-10,SKU-00699,DC-10-Z03-B008,206,204,209,0,QUARANTINE,116
DC-10,SKU-00460,DC-10-Z09-B040,91,93,91,14,AVAILABLE,37
DC-10,SKU-00068,DC-10-Z08-B043,12,12,15,7,AVAILABLE,97
DC-10,SKU-01097,DC-10-Z10-B072,193,193,194,5,AVAILABLE,59
DC-10,SKU-00956,DC-10-Z12-B077,22,20,19,14,AVAILABLE,161
DC-10,SKU-01073,DC-10-Z10-B063,181,181,182,0,AVAILABLE,29
DC-10,SKU-00698,DC-10-Z07-B069,155,155,154,4,AVAILABLE,170
DC-10,SKU-00707,DC-10-Z11-B015,17,15,17,15,HOLD,11
DC-10,SKU-00388,DC-10-Z03-B049,64,62,67,11,AVAILABLE,149
DC-10,SKU-00905,DC-10-Z11-B063,113,115,113,7,AVAILABLE,63
DC-10,SKU-00724,DC-10-Z01-B010,194,194,197,3,AVAILABLE,139
DC-10,SKU-00791,DC-10-Z01-B056,123,124,124,18,AVAILABLE,36
DC-10,SKU-00361,DC-10-Z09-B028,14,12,14,12,AVAILABLE,52
DC-10,SKU-00191,DC-10-Z11-B052,71,73,71,3,AVAILABLE,176
DC-10,SKU-00509,DC-10-Z08-B071,64,64,64,3,AVAILABLE,84
DC-10,SKU-00237,DC-10-Z11-B019,182,183,182,11,AVAILABLE,21
DC-10,SKU-01112,DC-10-Z08-B007,70,72,70,17,AVAILABLE,31
DC-10,SKU-01159,DC-10-Z04-B043,61,61,61,1,AVAILABLE,50
DC-10,SKU-00661,DC-10-Z11-B055,114,114,115,8,AVAILABLE,2
DC-10,SKU-00216,DC-10-Z03-B079,2,0,3,2,QUARANTINE,171
DC-10,SKU-00314,DC-10-Z12-B045,48,49,45,17,QUARANTINE,98
DC-10,SKU-00676,DC-10-Z08-B053,158,158,157,12,AVAILABLE,149
DC-10,SKU-00272,DC-10-Z11-B033,10,10,9,2,AVAILABLE,163
DC-10,SKU-01161,DC-10-Z04-B034,49,49,52,10,AVAILABLE,112
DC-10,SKU-00838,DC-10-Z07-B014,187,189,187,8,AVAILABLE,57
DC-10,SKU-01014,DC-10-Z10-B070,215,213,212,14,AVAILABLE,43
DC-10,SKU-00172,DC-10-Z07-B012,20,20,17,16,AVAILABLE,39
DC-10,SKU-00900,DC-10-Z08-B049,171,171,171,10,AVAILABLE,9
DC-10,SKU-00357,DC-10-Z09-B034,108,106,105,13,AVAILABLE,120
DC-10,SKU-01042,DC-10-Z08-B048,179,178,178,0,QUARANTINE,44
DC-10,SKU-00438,DC-10-Z08-B044,63,61,64,8,AVAILABLE,122
DC-10,SKU-00931,DC-10-Z07-B002,128,129,131,1,AVAILABLE,120
DC-10,SKU-01074,DC-10-Z10-B034,42,42,45,10,AVAILABLE,138
DC-10,SKU-00882,DC-10-Z04-B054,67,67,66,11,AVAILABLE,97
DC-10,SKU-01092,DC-10-Z06-B071,61,61,61,6,AVAILABLE,80
DC-10,SKU-01001,DC-10-Z06-B074,117,117,117,11,AVAILABLE,90
DC-10,SKU-00539,DC-10-Z10-B020,56,54,56,7,AVAILABLE,2
DC-10,SKU-00475,DC-10-Z12-B074,77,77,80,8,AVAILABLE,58
DC-10,SKU-00018,DC-10-Z10-B038,8,10,8,4,AVAILABLE,31
DC-10,SKU-01136,DC-10-Z02-B069,13,15,13,4,AVAILABLE,167
DC-10,SKU-00458,DC-10-Z05-B071,61,62,64,15,AVAILABLE,41
DC-10,SKU-00971,DC-10-Z12-B028,172,174,172,12,AVAILABLE,17
DC-10,SKU-00911,DC-10-Z10-B012,83,83,83,13,AVAILABLE,106
DC-10,SKU-00953,DC-10-Z07-B054,150,151,150,10,AVAILABLE,29
DC-10,SKU-00615,DC-10-Z08-B073,82,82,82,12,AVAILABLE,13
DC-10,SKU-01069,DC-10-Z11-B043,166,166,165,0,AVAILABLE,171
DC-10,SKU-00138,DC-10-Z08-B047,205,205,205,7,AVAILABLE,69
DC-10,SKU-00798,DC-10-Z06-B003,94,96,94,7,AVAILABLE,49
DC-10,SKU-00796,DC-10-Z04-B021,180,180,180,10,AVAILABLE,131
DC-10,SKU-00933,DC-10-Z01-B077,106,107,109,12,AVAILABLE,160
DC-10,SKU-00095,DC-10-Z08-B029,80,80,81,9,AVAILABLE,151
DC-10,SKU-00811,DC-10-Z01-B065,128,127,131,8,AVAILABLE,13
DC-10,SKU-00544,DC-10-Z11-B010,106,106,109,10,AVAILABLE,162
DC-10,SKU-00120,DC-10-Z12-B006,182,182,182,19,AVAILABLE,82
DC-10,SKU-00290,DC-10-Z09-B026,7,7,10,0,QUARANTINE,23
DC-10,SKU-00543,DC-10-Z09-B071,195,195,195,1,QUARANTINE,6
DC-10,SKU-00385,DC-10-Z09-B056,92,92,95,5,AVAILABLE,18
DC-10,SKU-01036,DC-10-Z10-B014,131,131,131,2,AVAILABLE,116
DC-10,SKU-00502,DC-10-Z10-B074,114,116,111,12,AVAILABLE,138
DC-10,SKU-00258,DC-10-Z03-B069,144,144,144,3,HOLD,4
DC-10,SKU-01099,DC-10-Z01-B002,19,21,20,16,AVAILABLE,67
DC-10,SKU-00483,DC-10-Z06-B037,49,49,49,18,AVAILABLE,90
DC-10,SKU-00399,DC-10-Z03-B073,171,171,172,2,AVAILABLE,61
DC-10,SKU-00564,DC-10-Z06-B043,120,121,120,3,AVAILABLE,54
DC-10,SKU-00694,DC-10-Z01-B080,216,216,216,9,AVAILABLE,179
DC-10,SKU-01189,DC-10-Z05-B012,192,190,191,20,AVAILABLE,67
DC-10,SKU-00152,DC-10-Z06-B049,50,50,47,8,AVAILABLE,54
DC-10,SKU-00962,DC-10-Z11-B005,185,185,185,15,AVAILABLE,172
DC-10,SKU-00576,DC-10-Z06-B072,137,136,137,1,AVAILABLE,25
DC-10,SKU-00435,DC-10-Z03-B033,154,153,154,0,AVAILABLE,58
DC-10,SKU-00425,DC-10-Z05-B039,87,89,88,13,AVAILABLE,26
DC-10,SKU-00503,DC-10-Z01-B061,86,86,86,14,AVAILABLE,69
DC-10,SKU-00373,DC-10-Z12-B011,151,151,150,19,AVAILABLE,169
DC-10,SKU-00832,DC-10-Z10-B055,73,73,73,17,AVAILABLE,5
DC-10,SKU-00650,DC-10-Z10-B026,211,211,211,15,AVAILABLE,45
DC-10,SKU-00212,DC-10-Z09-B015,141,139,141,19,HOLD,96
DC-10,SKU-00059,DC-10-Z04-B032,84,84,85,3,AVAILABLE,158
DC-10,SKU-00315,DC-10-Z04-B029,1,1,2,1,AVAILABLE,35
DC-10,SKU-00231,DC-10-Z03-B055,51,52,51,12,AVAILABLE,4
DC-10,SKU-00224,DC-10-Z06-B070,52,52,53,19,AVAILABLE,142
DC-10,SKU-00548,DC-10-Z09-B047,156,157,156,0,AVAILABLE,155
DC-10,SKU-01155,DC-10-Z04-B012,55,55,55,10,AVAILABLE,157
DC-10,SKU-00688,DC-10-Z02-B036,77,79,77,6,AVAILABLE,89
DC-10,SKU-00434,DC-10-Z10-B060,123,121,126,13,AVAILABLE,16
DC-10,SKU-00759,DC-10-Z03-B003,95,96,94,1,AVAILABLE,101
DC-10,SKU-00301,DC-10-Z05-B074,65,66,64,0,AVAILABLE,28
DC-10,SKU-00505,DC-10-Z08-B038,154,154,155,8,QUARANTINE,143
DC-10,SKU-00024,DC-10-Z01-B035,112,112,111,17,AVAILABLE,70
DC-10,SKU-00912,DC-10-Z10-B052,46,46,46,2,AVAILABLE,77
DC-10,SKU-00778,DC-10-Z06-B058,133,134,136,11,AVAILABLE,105
DC-10,SKU-00766,DC-10-Z04-B063,34,34,33,7,AVAILABLE,58
DC-10,SKU-00298,DC-10-Z04-B006,162,161,163,16,AVAILABLE,143
DC-10,SKU-00220,DC-10-Z02-B049,49,49,49,12,HOLD,110
DC-10,SKU-00856,DC-10-Z06-B041,42,40,41,13,QUARANTINE,140
DC-10,SKU-00377,DC-10-Z08-B041,81,79,78,17,AVAILABLE,101
DC-10,SKU-00893,DC-10-Z09-B069,195,193,192,12,AVAILABLE,28
DC-10,SKU-00819,DC-10-Z10-B008,31,32,28,0,QUARANTINE,85
DC-10,SKU-00537,DC-10-Z10-B062,156,157,155,12,AVAILABLE,160
DC-10,SKU-01195,DC-10-Z03-B055,27,27,26,1,AVAILABLE,145
DC-10,SKU-00692,DC-10-Z01-B062,100,100,101,17,HOLD,164
DC-10,SKU-00526,DC-10-Z02-B004,194,195,191,6,AVAILABLE,159
DC-10,SKU-00608,DC-10-Z04-B035,122,121,125,1,AVAILABLE,131
DC-10,SKU-00283,DC-10-Z01-B044,187,185,187,15,AVAILABLE,144
DC-10,SKU-00855,DC-10-Z06-B042,130,132,133,13,AVAILABLE,5
DC-10,SKU-00959,DC-10-Z10-B063,206,206,205,15,AVAILABLE,87
DC-10,SKU-01169,DC-10-Z05-B040,39,40,40,18,AVAILABLE,137
DC-10,SKU-00986,DC-10-Z05-B059,70,72,67,0,AVAILABLE,23
DC-10,SKU-00366,DC-10-Z11-B015,20,20,20,16,AVAILABLE,79
DC-10,SKU-00825,DC-10-Z01-B039,46,46,46,18,AVAILABLE,105
DC-10,SKU-00678,DC-10-Z12-B064,187,187,190,12,AVAILABLE,68
DC-10,SKU-00452,DC-10-Z02-B064,14,14,11,1,HOLD,131
DC-10,SKU-00770,DC-10-Z01-B015,136,138,137,16,AVAILABLE,104
DC-10,SKU-00928,DC-10-Z08-B025,151,153,150,17,AVAILABLE,135
DC-10,SKU-00306,DC-10-Z02-B073,143,143,144,5,QUARANTINE,152
DC-10,SKU-00238,DC-10-Z10-B030,42,41,41,4,AVAILABLE,4
DC-10,SKU-00335,DC-10-Z01-B033,95,96,96,20,AVAILABLE,67
DC-10,SKU-00555,DC-10-Z03-B069,176,175,177,3,QUARANTINE,37
DC-10,SKU-01134,DC-10-Z10-B052,112,111,109,1,AVAILABLE,174
DC-10,SKU-00323,DC-10-Z02-B009,152,153,155,5,AVAILABLE,79
DC-10,SKU-00140,DC-10-Z08-B075,143,143,140,16,AVAILABLE,127
DC-10,SKU-00461,DC-10-Z12-B024,102,100,99,10,AVAILABLE,49
DC-10,SKU-00081,DC-10-Z07-B064,99,99,96,1,QUARANTINE,120
DC-10,SKU-00104,DC-10-Z09-B069,120,121,119,13,AVAILABLE,26
DC-10,SKU-00682,DC-10-Z10-B027,178,178,178,10,AVAILABLE,65
DC-10,SKU-01086,DC-10-Z10-B031,122,122,122,2,AVAILABLE,107
DC-10,SKU-00691,DC-10-Z04-B011,57,57,57,1,AVAILABLE,58
DC-10,SKU-00860,DC-10-Z04-B009,84,84,81,14,AVAILABLE,132
DC-10,SKU-00827,DC-10-Z06-B018,213,214,213,20,QUARANTINE,61
DC-10,SKU-00926,DC-10-Z09-B047,205,207,208,14,AVAILABLE,41
DC-10,SKU-00209,DC-10-Z04-B003,106,106,109,14,HOLD,50
DC-10,SKU-00013,DC-10-Z12-B075,140,141,140,7,AVAILABLE,100
DC-10,SKU-00450,DC-10-Z10-B037,194,194,191,15,AVAILABLE,102
DC-10,SKU-00685,DC-10-Z06-B065,168,169,169,12,HOLD,61
DC-10,SKU-00211,DC-10-Z01-B033,54,54,51,18,AVAILABLE,46
DC-10,SKU-00163,DC-10-Z08-B067,217,217,218,1,HOLD,61
DC-10,SKU-01165,DC-10-Z01-B062,177,175,178,11,AVAILABLE,148
DC-10,SKU-00556,DC-10-Z04-B016,97,99,97,4,AVAILABLE,95
DC-10,SKU-00369,DC-10-Z01-B002,51,51,54,16,AVAILABLE,94
DC-10,SKU-01133,DC-10-Z12-B073,112,112,112,18,AVAILABLE,30
DC-10,SKU-00594,DC-10-Z03-B024,91,89,94,20,AVAILABLE,154
DC-10,SKU-00731,DC-10-Z07-B059,204,204,205,7,AVAILABLE,121
DC-10,SKU-00921,DC-10-Z01-B056,147,147,147,1,QUARANTINE,83
DC-10,SKU-00786,DC-10-Z07-B076,136,135,137,20,HOLD,118
DC-10,SKU-00910,DC-10-Z02-B009,57,56,57,0,AVAILABLE,141
DC-10,SKU-00902,DC-10-Z08-B022,160,160,161,0,AVAILABLE,164
DC-10,SKU-00658,DC-10-Z05-B050,198,200,198,1,AVAILABLE,54
DC-10,SKU-00940,DC-10-Z09-B009,36,36,36,17,AVAILABLE,142
DC-10,SKU-01147,DC-10-Z12-B063,20,21,21,6,AVAILABLE,19
DC-10,SKU-00079,DC-10-Z06-B034,220,220,221,17,AVAILABLE,171
DC-10,SKU-00116,DC-10-Z09-B053,187,186,187,3,AVAILABLE,82
DC-10,SKU-00186,DC-10-Z03-B071,102,100,102,0,QUARANTINE,66
DC-10,SKU-01093,DC-10-Z07-B022,196,197,196,1,AVAILABLE,101
DC-10,SKU-00595,DC-10-Z09-B063,33,33,32,3,AVAILABLE,103
DC-10,SKU-00690,DC-10-Z04-B029,152,151,152,8,AVAILABLE,89
DC-10,SKU-01085,DC-10-Z04-B043,167,167,167,16,AVAILABLE,85
DC-10,SKU-00801,DC-10-Z11-B058,209,207,208,6,AVAILABLE,135
DC-10,SKU-01109,DC-10-Z12-B016,81,79,80,16,AVAILABLE,18
DC-10,SKU-00891,DC-10-Z03-B065,97,98,97,18,AVAILABLE,11
DC-10,SKU-00567,DC-10-Z04-B020,97,99,97,10,AVAILABLE,106
DC-10,SKU-00982,DC-10-Z10-B047,129,129,129,19,AVAILABLE,82
DC-10,SKU-00164,DC-10-Z08-B051,20,20,17,20,AVAILABLE,154
DC-10,SKU-01090,DC-10-Z08-B057,4,4,3,2,AVAILABLE,115
DC-10,SKU-00342,DC-10-Z03-B067,45,45,48,12,AVAILABLE,83
DC-10,SKU-00727,DC-10-Z07-B057,90,90,93,10,AVAILABLE,77
DC-10,SKU-00919,DC-10-Z07-B016,64,64,64,11,QUARANTINE,53
DC-10,SKU-00127,DC-10-Z11-B011,102,101,103,1,HOLD,42
DC-10,SKU-00742,DC-10-Z09-B062,200,202,200,9,AVAILABLE,27
DC-10,SKU-00398,DC-10-Z06-B022,9,9,9,6,AVAILABLE,143
DC-10,SKU-00133,DC-10-Z02-B026,105,104,105,15,AVAILABLE,88
DC-10,SKU-00043,DC-10-Z11-B074,178,176,178,10,AVAILABLE,16
DC-11,SKU-00394,DC-11-Z06-B065,125,125,124,10,AVAILABLE,136
DC-11,SKU-00976,DC-11-Z01-B078,195,195,192,20,AVAILABLE,122
DC-11,SKU-01056,DC-11-Z02-B017,42,42,39,9,AVAILABLE,66
DC-11,SKU-00333,DC-11-Z01-B078,154,153,153,4,AVAILABLE,102
DC-11,SKU-01019,DC-11-Z08-B008,134,134,134,10,QUARANTINE,143
DC-11,SKU-00331,DC-11-Z05-B001,168,166,169,14,AVAILABLE,39
DC-11,SKU-00939,DC-11-Z01-B064,122,123,122,4,AVAILABLE,92
DC-11,SKU-00696,DC-11-Z01-B046,148,147,148,11,AVAILABLE,118
DC-11,SKU-01155,DC-11-Z02-B024,60,58,60,11,AVAILABLE,96
DC-11,SKU-00305,DC-11-Z08-B051,61,61,64,0,AVAILABLE,21
DC-11,SKU-00031,DC-11-Z01-B070,26,26,26,20,AVAILABLE,171
DC-11,SKU-01179,DC-11-Z11-B072,140,139,139,7,AVAILABLE,153
DC-11,SKU-00052,DC-11-Z09-B078,96,96,93,8,AVAILABLE,117
DC-11,SKU-00424,DC-11-Z09-B049,217,217,220,10,AVAILABLE,11
DC-11,SKU-00337,DC-11-Z05-B070,216,217,219,5,AVAILABLE,92
DC-11,SKU-00486,DC-11-Z06-B072,186,188,185,20,AVAILABLE,45
DC-11,SKU-01137,DC-11-Z06-B059,133,132,130,13,AVAILABLE,2
DC-11,SKU-00061,DC-11-Z12-B012,33,34,33,9,AVAILABLE,38
DC-11,SKU-00966,DC-11-Z02-B045,176,175,179,12,QUARANTINE,36
DC-11,SKU-01062,DC-11-Z01-B002,134,134,131,13,AVAILABLE,67
DC-11,SKU-00089,DC-11-Z03-B042,105,104,104,12,AVAILABLE,91
DC-11,SKU-01162,DC-11-Z02-B037,62,62,62,5,AVAILABLE,139
DC-11,SKU-00273,DC-11-Z06-B020,160,159,160,0,AVAILABLE,149
DC-11,SKU-01029,DC-11-Z11-B019,113,113,112,9,AVAILABLE,45
DC-11,SKU-00488,DC-11-Z03-B019,213,213,212,8,AVAILABLE,1
DC-11,SKU-00628,DC-11-Z08-B053,162,164,163,19,AVAILABLE,115
DC-11,SKU-00728,DC-11-Z01-B043,196,198,196,8,AVAILABLE,149
DC-11,SKU-00101,DC-11-Z11-B003,97,98,94,5,AVAILABLE,94
DC-11,SKU-00118,DC-11-Z04-B007,38,39,39,6,AVAILABLE,84
DC-11,SKU-00094,DC-11-Z01-B012,104,104,104,16,AVAILABLE,127
DC-11,SKU-00538,DC-11-Z05-B073,141,140,141,2,AVAILABLE,35
DC-11,SKU-00644,DC-11-Z01-B080,198,200,195,10,AVAILABLE,165
DC-11,SKU-00494,DC-11-Z05-B021,139,139,139,17,AVAILABLE,116
DC-11,SKU-00165,DC-11-Z01-B063,188,188,188,18,QUARANTINE,15
DC-11,SKU-01126,DC-11-Z04-B056,161,160,158,0,AVAILABLE,139
DC-11,SKU-00876,DC-11-Z01-B007,26,26,26,5,AVAILABLE,168
DC-11,SKU-00750,DC-11-Z06-B008,37,37,37,7,AVAILABLE,82
DC-11,SKU-00108,DC-11-Z07-B060,199,200,196,4,AVAILABLE,25
DC-11,SKU-00697,DC-11-Z02-B075,27,25,30,15,AVAILABLE,96
DC-11,SKU-00025,DC-11-Z11-B030,52,51,55,17,AVAILABLE,111
DC-11,SKU-00803,DC-11-Z08-B029,196,195,195,0,AVAILABLE,53
DC-11,SKU-01139,DC-11-Z06-B015,135,135,138,5,AVAILABLE,140
DC-11,SKU-00625,DC-11-Z07-B063,208,206,209,18,AVAILABLE,161
DC-11,SKU-00653,DC-11-Z03-B050,212,210,212,7,AVAILABLE,59
DC-11,SKU-00372,DC-11-Z12-B075,166,168,169,17,AVAILABLE,16
DC-11,SKU-00339,DC-11-Z02-B015,124,126,124,6,AVAILABLE,47
DC-11,SKU-00767,DC-11-Z05-B023,215,217,215,1,AVAILABLE,67
DC-11,SKU-00539,DC-11-Z02-B066,192,193,192,2,AVAILABLE,16
DC-11,SKU-01068,DC-11-Z01-B020,153,154,150,1,AVAILABLE,69
DC-11,SKU-01097,DC-11-Z11-B068,56,56,56,4,AVAILABLE,79
DC-11,SKU-00039,DC-11-Z05-B032,124,124,123,10,AVAILABLE,42
DC-11,SKU-00132,DC-11-Z11-B041,96,96,97,7,AVAILABLE,163
DC-11,SKU-01151,DC-11-Z04-B007,0,0,0,0,QUARANTINE,138
DC-11,SKU-00172,DC-11-Z05-B010,3,3,3,1,QUARANTINE,27
DC-11,SKU-01141,DC-11-Z11-B070,150,150,150,15,AVAILABLE,10
DC-11,SKU-00778,DC-11-Z06-B056,82,82,85,9,QUARANTINE,39
DC-11,SKU-01152,DC-11-Z07-B022,45,45,42,2,AVAILABLE,75
DC-11,SKU-00266,DC-11-Z11-B017,89,91,89,16,QUARANTINE,106
DC-11,SKU-00230,DC-11-Z08-B054,139,141,139,15,AVAILABLE,21
DC-11,SKU-00300,DC-11-Z08-B022,188,188,188,0,AVAILABLE,141
DC-11,SKU-01181,DC-11-Z08-B036,119,121,118,12,AVAILABLE,158
DC-11,SKU-00655,DC-11-Z12-B036,9,7,8,2,AVAILABLE,162
DC-11,SKU-01099,DC-11-Z08-B051,185,185,182,3,AVAILABLE,50
DC-11,SKU-00342,DC-11-Z01-B068,186,186,187,0,AVAILABLE,68
DC-11,SKU-00219,DC-11-Z05-B017,61,61,61,8,AVAILABLE,13
DC-11,SKU-00745,DC-11-Z03-B055,96,97,93,0,AVAILABLE,96
DC-11,SKU-00859,DC-11-Z11-B013,151,152,154,10,AVAILABLE,55
DC-11,SKU-01065,DC-11-Z07-B075,171,172,174,13,AVAILABLE,97
DC-11,SKU-00735,DC-11-Z10-B066,1,3,1,1,AVAILABLE,157
DC-11,SKU-00867,DC-11-Z03-B029,148,148,149,14,AVAILABLE,126
DC-11,SKU-00964,DC-11-Z10-B080,111,109,111,7,AVAILABLE,124
DC-11,SKU-00604,DC-11-Z11-B053,79,79,82,11,AVAILABLE,144
DC-11,SKU-00498,DC-11-Z11-B006,26,28,26,4,AVAILABLE,130
DC-11,SKU-00989,DC-11-Z10-B052,94,94,91,3,AVAILABLE,110
DC-11,SKU-00957,DC-11-Z01-B079,206,206,203,0,AVAILABLE,118
DC-11,SKU-00551,DC-11-Z08-B079,149,148,149,13,AVAILABLE,8
DC-11,SKU-00918,DC-11-Z04-B014,60,58,60,2,AVAILABLE,41
DC-11,SKU-01187,DC-11-Z02-B014,154,156,157,17,HOLD,168
DC-11,SKU-00698,DC-11-Z01-B014,42,42,42,7,QUARANTINE,81
DC-11,SKU-00104,DC-11-Z04-B043,86,86,86,3,AVAILABLE,115
DC-11,SKU-00429,DC-11-Z10-B067,55,55,56,10,QUARANTINE,161
DC-11,SKU-00023,DC-11-Z05-B026,133,135,134,0,AVAILABLE,90
DC-11,SKU-00206,DC-11-Z06-B010,4,4,4,1,AVAILABLE,95
DC-11,SKU-00678,DC-11-Z11-B016,18,18,17,13,AVAILABLE,136
DC-11,SKU-00427,DC-11-Z08-B010,28,29,27,0,AVAILABLE,119
DC-11,SKU-00312,DC-11-Z03-B063,192,192,192,15,AVAILABLE,76
DC-11,SKU-00544,DC-11-Z12-B052,98,98,97,18,AVAILABLE,119
DC-11,SKU-00994,DC-11-Z08-B046,45,45,45,17,AVAILABLE,86
DC-11,SKU-00163,DC-11-Z10-B048,57,57,57,5,AVAILABLE,110
DC-11,SKU-00490,DC-11-Z11-B077,185,185,185,10,QUARANTINE,52
DC-11,SKU-00311,DC-11-Z10-B001,212,212,209,1,AVAILABLE,2
DC-11,SKU-00344,DC-11-Z08-B011,168,168,165,11,AVAILABLE,133
DC-11,SKU-00945,DC-11-Z09-B023,121,123,120,8,HOLD,178
DC-11,SKU-00270,DC-11-Z11-B056,85,83,86,20,AVAILABLE,149
DC-11,SKU-00873,DC-11-Z06-B080,145,144,145,14,AVAILABLE,30
DC-11,SKU-00201,DC-11-Z08-B049,0,0,0,0,AVAILABLE,0
DC-11,SKU-00924,DC-11-Z08-B014,214,216,214,12,AVAILABLE,164
DC-11,SKU-00986,DC-11-Z03-B061,140,140,141,14,AVAILABLE,176
DC-11,SKU-00111,DC-11-Z03-B024,158,158,159,19,AVAILABLE,76
DC-11,SKU-00888,DC-11-Z10-B080,157,157,158,6,AVAILABLE,61
DC-11,SKU-00092,DC-11-Z02-B053,18,18,17,9,AVAILABLE,24
DC-11,SKU-01128,DC-11-Z11-B031,117,118,114,15,AVAILABLE,84
DC-11,SKU-00359,DC-11-Z04-B015,175,175,172,4,AVAILABLE,60
DC-11,SKU-00259,DC-11-Z11-B021,183,184,184,18,QUARANTINE,121
DC-11,SKU-00820,DC-11-Z06-B047,217,217,214,20,AVAILABLE,19
DC-11,SKU-00135,DC-11-Z03-B072,93,93,93,3,AVAILABLE,110
DC-11,SKU-00077,DC-11-Z06-B006,14,14,13,7,AVAILABLE,22
DC-11,SKU-00744,DC-11-Z05-B016,188,186,187,8,AVAILABLE,116
DC-11,SKU-00685,DC-11-Z10-B043,182,181,182,12,AVAILABLE,14
DC-11,SKU-00799,DC-11-Z12-B027,59,59,62,8,AVAILABLE,157
DC-11,SKU-00972,DC-11-Z07-B071,174,174,174,2,AVAILABLE,111
DC-11,SKU-01113,DC-11-Z09-B002,195,195,195,12,AVAILABLE,76
DC-11,SKU-00288,DC-11-Z07-B008,202,200,199,15,AVAILABLE,180
DC-11,SKU-00730,DC-11-Z07-B023,138,138,137,6,AVAILABLE,148
DC-11,SKU-00348,DC-11-Z07-B042,107,107,107,11,AVAILABLE,19
DC-11,SKU-00454,DC-11-Z02-B078,72,71,72,16,AVAILABLE,57
DC-11,SKU-00889,DC-11-Z12-B058,158,158,159,2,AVAILABLE,70
DC-11,SKU-00460,DC-11-Z03-B033,3,3,6,0,AVAILABLE,51
DC-11,SKU-00798,DC-11-Z03-B013,34,35,34,16,QUARANTINE,73
DC-11,SKU-01093,DC-11-Z07-B051,152,152,152,5,AVAILABLE,30
DC-11,SKU-00702,DC-11-Z08-B005,193,194,194,16,AVAILABLE,72
DC-11,SKU-00808,DC-11-Z04-B018,10,9,7,4,QUARANTINE,91
DC-11,SKU-00505,DC-11-Z05-B057,155,155,155,14,AVAILABLE,37
DC-11,SKU-00193,DC-11-Z06-B030,12,12,12,9,AVAILABLE,126
DC-11,SKU-00558,DC-11-Z11-B037,36,35,36,16,AVAILABLE,91
DC-11,SKU-00520,DC-11-Z06-B066,182,183,179,2,AVAILABLE,32
DC-11,SKU-00239,DC-11-Z10-B010,11,11,11,2,AVAILABLE,57
DC-11,SKU-00987,DC-11-Z09-B063,192,192,193,16,AVAILABLE,23
DC-11,SKU-00059,DC-11-Z07-B064,5,6,6,2,AVAILABLE,106
DC-11,SKU-00532,DC-11-Z07-B069,19,19,19,7,QUARANTINE,63
DC-11,SKU-00029,DC-11-Z05-B040,78,78,79,11,AVAILABLE,173
DC-11,SKU-00336,DC-11-Z12-B023,209,209,206,18,AVAILABLE,67
DC-11,SKU-00002,DC-11-Z06-B075,33,33,30,15,AVAILABLE,35
DC-11,SKU-00861,DC-11-Z07-B067,123,123,122,14,QUARANTINE,47
DC-11,SKU-00200,DC-11-Z11-B034,65,63,66,3,AVAILABLE,114
DC-11,SKU-00124,DC-11-Z05-B008,144,144,141,14,AVAILABLE,120
DC-11,SKU-00848,DC-11-Z04-B026,133,135,133,14,AVAILABLE,0
DC-11,SKU-00381,DC-11-Z01-B001,97,97,97,19,AVAILABLE,157
DC-11,SKU-01156,DC-11-Z10-B014,97,97,96,7,AVAILABLE,121
DC-11,SKU-00262,DC-11-Z12-B003,61,61,60,4,HOLD,176
DC-11,SKU-00265,DC-11-Z12-B052,164,166,164,19,AVAILABLE,173
DC-11,SKU-00877,DC-11-Z08-B024,206,207,203,5,AVAILABLE,155
DC-11,SKU-00754,DC-11-Z12-B022,210,212,210,13,AVAILABLE,115
DC-11,SKU-00504,DC-11-Z10-B019,77,77,77,13,HOLD,36
DC-11,SKU-00690,DC-11-Z05-B025,124,124,124,0,HOLD,115
DC-11,SKU-00430,DC-11-Z12-B014,34,35,31,5,HOLD,94
DC-11,SKU-00619,DC-11-Z01-B055,213,213,214,14,AVAILABLE,141
DC-11,SKU-00499,DC-11-Z08-B068,3,4,6,1,AVAILABLE,60
DC-11,SKU-00289,DC-11-Z04-B025,16,15,16,11,AVAILABLE,43
DC-11,SKU-00471,DC-11-Z02-B073,40,39,40,14,QUARANTINE,0
DC-11,SKU-00961,DC-11-Z09-B047,79,79,79,11,AVAILABLE,124
DC-11,SKU-00028,DC-11-Z12-B056,159,159,162,16,QUARANTINE,110
DC-11,SKU-00290,DC-11-Z10-B051,126,125,126,18,AVAILABLE,178
DC-11,SKU-00704,DC-11-Z01-B043,63,63,60,4,AVAILABLE,120
DC-11,SKU-00941,DC-11-Z09-B045,90,90,90,2,AVAILABLE,58
DC-11,SKU-00321,DC-11-Z11-B038,157,158,156,12,AVAILABLE,23
DC-11,SKU-00899,DC-11-Z01-B029,156,155,159,14,AVAILABLE,111
DC-11,SKU-00006,DC-11-Z02-B057,192,194,192,11,AVAILABLE,179
DC-11,SKU-00880,DC-11-Z03-B038,158,157,158,4,AVAILABLE,23
DC-11,SKU-00622,DC-11-Z10-B059,102,102,99,16,AVAILABLE,63
DC-11,SKU-01050,DC-11-Z11-B061,44,44,45,2,AVAILABLE,3
DC-11,SKU-00423,DC-11-Z08-B030,4,5,5,3,AVAILABLE,44
DC-11,SKU-01030,DC-11-Z11-B048,198,198,197,8,AVAILABLE,48
DC-11,SKU-00782,DC-11-Z01-B003,201,200,204,20,AVAILABLE,72
DC-11,SKU-00672,DC-11-Z04-B033,10,8,13,8,AVAILABLE,14
DC-11,SKU-00492,DC-11-Z08-B060,123,123,126,12,AVAILABLE,21
DC-11,SKU-00810,DC-11-Z08-B055,74,74,74,8,AVAILABLE,12
DC-11,SKU-00465,DC-11-Z08-B049,53,52,56,16,AVAILABLE,15
DC-11,SKU-01048,DC-11-Z04-B015,209,207,209,15,HOLD,3
DC-11,SKU-00786,DC-11-Z01-B002,188,189,188,16,AVAILABLE,156
DC-11,SKU-01012,DC-11-Z04-B039,144,142,143,3,AVAILABLE,108
DC-11,SKU-00176,DC-11-Z07-B026,6,6,6,6,AVAILABLE,128
DC-11,SKU-00026,DC-11-Z08-B046,137,138,140,13,AVAILABLE,30
DC-11,SKU-01188,DC-11-Z02-B056,165,165,168,14,AVAILABLE,160
DC-11,SKU-01006,DC-11-Z02-B038,179,177,179,0,AVAILABLE,60
DC-11,SKU-00376,DC-11-Z03-B079,95,95,94,16,AVAILABLE,43
DC-11,SKU-00991,DC-11-Z04-B017,202,202,202,5,AVAILABLE,52
DC-11,SKU-00930,DC-11-Z10-B011,67,65,64,6,AVAILABLE,46
DC-11,SKU-00694,DC-11-Z09-B078,76,78,77,6,AVAILABLE,147
DC-11,SKU-00228,DC-11-Z10-B035,81,81,81,10,QUARANTINE,79
DC-11,SKU-00552,DC-11-Z11-B017,141,141,141,1,AVAILABLE,162
DC-11,SKU-01112,DC-11-Z01-B033,181,179,184,2,AVAILABLE,176
DC-11,SKU-00525,DC-11-Z01-B014,132,132,132,19,AVAILABLE,14
DC-11,SKU-00944,DC-11-Z02-B036,209,207,206,15,AVAILABLE,60
DC-11,SKU-00751,DC-11-Z02-B022,33,33,36,16,AVAILABLE,149
DC-11,SKU-01017,DC-11-Z11-B020,59,59,59,4,AVAILABLE,88
DC-11,SKU-00686,DC-11-Z10-B068,4,6,4,1,AVAILABLE,147
DC-11,SKU-00688,DC-11-Z01-B046,188,188,188,6,HOLD,132
DC-11,SKU-00563,DC-11-Z12-B048,40,39,43,17,AVAILABLE,2
DC-11,SKU-00301,DC-11-Z08-B012,178,180,181,14,AVAILABLE,110
DC-11,SKU-00783,DC-11-Z10-B012,122,122,122,10,HOLD,76
DC-11,SKU-00472,DC-11-Z01-B063,121,121,118,3,HOLD,49
DC-11,SKU-00904,DC-11-Z03-B011,115,115,118,20,AVAILABLE,123
DC-11,SKU-00681,DC-11-Z12-B036,179,178,178,5,AVAILABLE,49
DC-11,SKU-00435,DC-11-Z09-B022,217,217,220,17,AVAILABLE,178
DC-11,SKU-00746,DC-11-Z09-B040,210,210,210,2,AVAILABLE,84
DC-11,SKU-01037,DC-11-Z09-B056,15,15,15,2,AVAILABLE,161
DC-11,SKU-01090,DC-11-Z06-B013,85,85,85,19,AVAILABLE,16
DC-11,SKU-01153,DC-11-Z09-B045,124,122,124,14,AVAILABLE,16
DC-11,SKU-00196,DC-11-Z09-B045,134,134,135,16,AVAILABLE,37
DC-11,SKU-00738,DC-11-Z06-B021,28,28,27,17,AVAILABLE,72
DC-11,SKU-00304,DC-11-Z01-B067,124,124,121,15,AVAILABLE,62
DC-11,SKU-00141,DC-11-Z04-B020,44,44,47,19,AVAILABLE,152
DC-11,SKU-01167,DC-11-Z11-B007,157,158,156,6,HOLD,92
DC-11,SKU-00936,DC-11-Z06-B033,145,145,148,3,AVAILABLE,9
DC-11,SKU-00051,DC-11-Z12-B056,97,97,97,12,AVAILABLE,40
DC-11,SKU-00996,DC-11-Z12-B024,34,33,34,17,AVAILABLE,138
DC-11,SKU-01023,DC-11-Z05-B005,175,176,174,20,AVAILABLE,158
DC-11,SKU-00682,DC-11-Z07-B043,117,115,117,8,AVAILABLE,129
DC-11,SKU-00075,DC-11-Z11-B078,116,114,115,18,QUARANTINE,135
DC-11,SKU-01116,DC-11-Z04-B079,204,204,201,10,AVAILABLE,150
DC-11,SKU-00177,DC-11-Z10-B045,191,192,188,1,AVAILABLE,28
DC-11,SKU-00189,DC-11-Z02-B011,13,12,13,6,AVAILABLE,20
DC-11,SKU-00854,DC-11-Z11-B012,103,105,106,12,QUARANTINE,139
DC-11,SKU-00282,DC-11-Z11-B048,149,150,152,7,HOLD,42
DC-11,SKU-00099,DC-11-Z03-B075,98,97,95,14,AVAILABLE,85
DC-11,SKU-00212,DC-11-Z02-B071,207,208,207,13,AVAILABLE,149
DC-11,SKU-00833,DC-11-Z11-B028,49,51,49,16,AVAILABLE,5
DC-11,SKU-01170,DC-11-Z11-B004,89,89,92,9,AVAILABLE,78
DC-11,SKU-00448,DC-11-Z10-B040,206,206,203,1,AVAILABLE,26
DC-11,SKU-00821,DC-11-Z05-B016,123,122,123,7,AVAILABLE,96
DC-11,SKU-01082,DC-11-Z05-B025,197,195,197,15,AVAILABLE,68
DC-11,SKU-00732,DC-11-Z05-B048,132,130,129,17,QUARANTINE,145
DC-11,SKU-00719,DC-11-Z12-B039,27,26,27,12,AVAILABLE,119
DC-11,SKU-00512,DC-11-Z01-B056,168,168,165,0,AVAILABLE,52
DC-11,SKU-00580,DC-11-Z06-B038,92,93,93,5,AVAILABLE,5
DC-11,SKU-00341,DC-11-Z02-B016,39,41,36,0,AVAILABLE,87
DC-11,SKU-00807,DC-11-Z11-B055,70,69,67,8,AVAILABLE,168
DC-11,SKU-00609,DC-11-Z08-B009,14,14,14,13,AVAILABLE,129
DC-11,SKU-00411,DC-11-Z07-B074,35,35,35,5,AVAILABLE,94
DC-11,SKU-00467,DC-11-Z03-B046,24,26,24,7,QUARANTINE,48
DC-11,SKU-00180,DC-11-Z12-B006,21,21,21,5,AVAILABLE,4
DC-11,SKU-00531,DC-11-Z10-B038,112,112,112,4,QUARANTINE,137
DC-11,SKU-00005,DC-11-Z01-B073,86,88,85,3,AVAILABLE,176
DC-11,SKU-00168,DC-11-Z09-B051,43,43,43,13,AVAILABLE,3
DC-11,SKU-00869,DC-11-Z11-B024,152,150,153,16,AVAILABLE,30
DC-11,SKU-00395,DC-11-Z05-B054,54,53,53,17,AVAILABLE,56
DC-11,SKU-00860,DC-11-Z05-B058,52,52,52,11,HOLD,160
DC-11,SKU-00130,DC-11-Z02-B019,36,36,35,5,AVAILABLE,24
DC-11,SKU-00886,DC-11-Z05-B015,172,173,172,10,AVAILABLE,88
DC-11,SKU-00591,DC-11-Z07-B011,162,162,162,7,HOLD,105
DC-11,SKU-00425,DC-11-Z09-B075,212,214,215,18,QUARANTINE,105
DC-11,SKU-00618,DC-11-Z10-B069,0,0,0,0,AVAILABLE,15
DC-11,SKU-00032,DC-11-Z06-B069,60,60,60,2,AVAILABLE,15
DC-11,SKU-00815,DC-11-Z10-B069,18,20,17,14,QUARANTINE,105
DC-11,SKU-01031,DC-11-Z12-B040,202,202,202,11,AVAILABLE,150
DC-11,SKU-01142,DC-11-Z03-B024,21,19,18,9,AVAILABLE,129
DC-11,SKU-00978,DC-11-Z09-B064,218,218,218,4,AVAILABLE,135
DC-11,SKU-00153,DC-11-Z02-B003,29,28,29,6,AVAILABLE,110
DC-11,SKU-00330,DC-11-Z03-B027,135,136,135,7,AVAILABLE,41
DC-11,SKU-00181,DC-11-Z07-B052,130,130,127,9,AVAILABLE,158
DC-11,SKU-00407,DC-11-Z11-B003,13,12,16,11,AVAILABLE,0
DC-11,SKU-00557,DC-11-Z09-B058,40,41,37,2,AVAILABLE,23
DC-11,SKU-00178,DC-11-Z09-B001,8,8,9,4,AVAILABLE,122
DC-11,SKU-00269,DC-11-Z04-B057,197,197,197,19,AVAILABLE,30
DC-11,SKU-01066,DC-11-Z06-B044,36,37,36,6,HOLD,5
DC-11,SKU-00491,DC-11-Z08-B068,36,37,33,0,AVAILABLE,167
DC-11,SKU-00506,DC-11-Z03-B036,180,178,180,8,AVAILABLE,132
DC-11,SKU-00766,DC-11-Z08-B008,152,153,152,18,AVAILABLE,154
DC-11,SKU-00587,DC-11-Z08-B049,59,58,59,8,AVAILABLE,123
DC-11,SKU-01073,DC-11-Z07-B010,211,210,211,20,AVAILABLE,76
DC-11,SKU-00123,DC-11-Z09-B072,205,203,205,20,AVAILABLE,159
DC-11,SKU-00254,DC-11-Z02-B080,34,34,31,14,AVAILABLE,179
DC-11,SKU-00340,DC-11-Z03-B035,197,198,197,11,AVAILABLE,53
DC-11,SKU-01194,DC-11-Z03-B064,84,84,83,8,AVAILABLE,80
DC-11,SKU-00478,DC-11-Z05-B077,61,63,61,19,AVAILABLE,152
DC-11,SKU-00260,DC-11-Z10-B030,153,151,154,18,AVAILABLE,20
DC-11,SKU-00536,DC-11-Z02-B072,63,61,63,10,AVAILABLE,123
DC-11,SKU-01140,DC-11-Z11-B013,157,159,160,8,AVAILABLE,58
DC-11,SKU-00646,DC-11-Z01-B059,24,24,24,7,AVAILABLE,38
DC-11,SKU-00527,DC-11-Z03-B057,81,81,80,4,AVAILABLE,173
DC-11,SKU-01157,DC-11-Z02-B015,167,168,166,19,HOLD,171
DC-11,SKU-00015,DC-11-Z03-B031,61,62,58,3,AVAILABLE,70
DC-11,SKU-00046,DC-11-Z10-B046,116,115,116,18,QUARANTINE,85
DC-11,SKU-00641,DC-11-Z10-B071,198,198,199,18,AVAILABLE,126
DC-11,SKU-00405,DC-11-Z06-B065,151,151,150,13,AVAILABLE,2
DC-11,SKU-00190,DC-11-Z09-B018,175,177,175,10,AVAILABLE,14
DC-11,SKU-00979,DC-11-Z04-B034,74,73,73,16,AVAILABLE,26
DC-11,SKU-00779,DC-11-Z08-B022,71,71,71,1,AVAILABLE,142
DC-11,SKU-00045,DC-11-Z12-B066,158,156,158,10,AVAILABLE,56
DC-11,SKU-00579,DC-11-Z01-B051,30,30,33,20,AVAILABLE,71
DC-11,SKU-00313,DC-11-Z11-B042,25,24,25,17,AVAILABLE,5
DC-11,SKU-00593,DC-11-Z12-B029,212,212,212,17,AVAILABLE,19
DC-11,SKU-00134,DC-11-Z09-B017,209,209,209,13,AVAILABLE,77
DC-11,SKU-00879,DC-11-Z07-B026,162,160,163,14,HOLD,119
DC-11,SKU-01085,DC-11-Z04-B035,12,12,13,7,HOLD,176
DC-11,SKU-00166,DC-11-Z02-B001,39,39,38,18,AVAILABLE,122
DC-11,SKU-00669,DC-11-Z11-B025,15,17,18,0,AVAILABLE,25
DC-11,SKU-00953,DC-11-Z03-B034,183,183,183,10,AVAILABLE,169
DC-11,SKU-00384,DC-11-Z02-B030,59,59,58,2,AVAILABLE,84
DC-11,SKU-00354,DC-11-Z12-B058,40,40,41,8,AVAILABLE,77
DC-11,SKU-00293,DC-11-Z04-B042,119,121,116,6,AVAILABLE,43
DC-11,SKU-00182,DC-11-Z01-B001,59,59,59,7,AVAILABLE,74
DC-11,SKU-01118,DC-11-Z07-B027,38,39,38,19,AVAILABLE,49
DC-11,SKU-00849,DC-11-Z02-B003,156,156,157,5,AVAILABLE,118
DC-11,SKU-00759,DC-11-Z05-B014,29,29,28,10,AVAILABLE,42
DC-11,SKU-00438,DC-11-Z11-B005,114,114,114,17,AVAILABLE,178
DC-11,SKU-00691,DC-11-Z09-B016,213,212,213,11,QUARANTINE,21
DC-11,SKU-00048,DC-11-Z12-B014,197,196,197,15,AVAILABLE,152
DC-11,SKU-00054,DC-11-Z12-B068,33,33,32,5,AVAILABLE,121
DC-11,SKU-00352,DC-11-Z12-B008,135,135,132,10,AVAILABLE,82
DC-11,SKU-00535,DC-11-Z11-B026,215,215,216,1,AVAILABLE,140
DC-11,SKU-00139,DC-11-Z12-B038,144,144,144,16,QUARANTINE,174
DC-11,SKU-00503,DC-11-Z01-B010,72,72,71,16,AVAILABLE,155
DC-11,SKU-01180,DC-11-Z05-B041,60,58,63,0,AVAILABLE,130
DC-11,SKU-00959,DC-11-Z03-B003,15,15,12,11,AVAILABLE,127
DC-11,SKU-00723,DC-11-Z09-B035,84,82,87,20,HOLD,142
DC-11,SKU-00990,DC-11-Z06-B030,114,112,113,16,AVAILABLE,122
DC-11,SKU-00940,DC-11-Z07-B055,219,219,219,5,AVAILABLE,169
DC-11,SKU-00914,DC-11-Z01-B052,46,46,46,9,QUARANTINE,148
DC-11,SKU-00253,DC-11-Z01-B046,192,192,195,17,AVAILABLE,145
DC-11,SKU-00789,DC-11-Z04-B041,114,112,113,9,QUARANTINE,157
DC-11,SKU-00659,DC-11-Z06-B051,0,0,0,0,AVAILABLE,176
DC-11,SKU-00928,DC-11-Z08-B006,111,113,110,14,AVAILABLE,174
DC-11,SKU-00318,DC-11-Z02-B078,110,110,107,16,AVAILABLE,19
DC-11,SKU-00897,DC-11-Z12-B016,14,12,17,2,AVAILABLE,160
DC-11,SKU-01177,DC-11-Z07-B011,74,74,73,19,AVAILABLE,112
DC-11,SKU-00603,DC-11-Z06-B003,18,18,19,7,AVAILABLE,43
DC-11,SKU-00071,DC-11-Z12-B063,28,28,27,5,AVAILABLE,66
DC-11,SKU-00041,DC-11-Z08-B072,215,216,215,4,AVAILABLE,112
DC-11,SKU-01114,DC-11-Z08-B016,133,132,133,16,AVAILABLE,79
DC-11,SKU-00674,DC-11-Z11-B016,97,96,94,10,AVAILABLE,118
DC-11,SKU-00297,DC-11-Z09-B012,172,171,172,0,AVAILABLE,113
DC-11,SKU-00267,DC-11-Z02-B047,13,13,13,9,AVAILABLE,120
DC-11,SKU-00920,DC-11-Z02-B078,50,49,47,2,AVAILABLE,19
DC-11,SKU-00065,DC-11-Z10-B043,208,208,209,7,AVAILABLE,32
DC-11,SKU-00128,DC-11-Z09-B073,175,173,175,0,AVAILABLE,56
DC-11,SKU-00452,DC-11-Z05-B005,101,101,104,19,AVAILABLE,0
DC-11,SKU-00616,DC-11-Z02-B020,125,125,128,6,AVAILABLE,96
DC-11,SKU-01009,DC-11-Z04-B022,132,131,132,16,AVAILABLE,19
DC-11,SKU-00721,DC-11-Z09-B032,94,94,93,6,AVAILABLE,48
DC-11,SKU-00131,DC-11-Z04-B023,139,139,139,8,HOLD,166
DC-11,SKU-00450,DC-11-Z01-B070,106,106,106,18,AVAILABLE,96
DC-11,SKU-00612,DC-11-Z05-B027,101,101,104,18,AVAILABLE,92
DC-11,SKU-00623,DC-11-Z01-B041,116,116,113,0,AVAILABLE,86
DC-11,SKU-00261,DC-11-Z05-B043,91,91,94,5,AVAILABLE,101
DC-11,SKU-00310,DC-11-Z07-B064,212,212,215,12,AVAILABLE,36
DC-11,SKU-00074,DC-11-Z05-B027,160,160,160,15,AVAILABLE,33
DC-11,SKU-00468,DC-11-Z02-B075,170,171,171,12,QUARANTINE,103
DC-11,SKU-00931,DC-11-Z01-B042,80,79,77,20,AVAILABLE,60
DC-11,SKU-01087,DC-11-Z01-B039,102,102,103,12,AVAILABLE,54
DC-11,SKU-00679,DC-11-Z03-B073,218,216,217,18,AVAILABLE,179
DC-11,SKU-00280,DC-11-Z11-B048,100,102,103,7,AVAILABLE,124
DC-11,SKU-00252,DC-11-Z03-B054,158,158,158,5,AVAILABLE,179
DC-11,SKU-00553,DC-11-Z08-B002,217,217,217,1,AVAILABLE,167
DC-11,SKU-00416,DC-11-Z06-B069,49,48,46,9,AVAILABLE,120
DC-11,SKU-00795,DC-11-Z03-B005,114,114,111,3,AVAILABLE,149
DC-11,SKU-01036,DC-11-Z06-B075,132,132,132,0,HOLD,139
DC-11,SKU-00192,DC-11-Z12-B029,63,61,63,5,AVAILABLE,147
DC-11,SKU-00171,DC-11-Z06-B056,41,39,41,15,AVAILABLE,133
DC-11,SKU-00792,DC-11-Z09-B015,103,103,103,10,AVAILABLE,33
DC-11,SKU-00915,DC-11-Z09-B066,202,201,205,2,AVAILABLE,146
DC-11,SKU-01047,DC-11-Z06-B023,57,57,57,3,AVAILABLE,83
DC-11,SKU-01003,DC-11-Z01-B025,115,117,112,15,AVAILABLE,166
DC-11,SKU-00992,DC-11-Z01-B080,62,62,63,20,AVAILABLE,94
DC-11,SKU-00515,DC-11-Z06-B019,148,146,145,2,AVAILABLE,147
DC-11,SKU-00385,DC-11-Z03-B043,128,127,125,6,AVAILABLE,65
DC-11,SKU-01038,DC-11-Z10-B057,126,124,126,13,AVAILABLE,72
DC-11,SKU-00845,DC-11-Z01-B001,145,144,144,1,AVAILABLE,159
DC-11,SKU-00900,DC-11-Z08-B005,169,169,169,13,AVAILABLE,93
DC-11,SKU-00003,DC-11-Z01-B015,148,150,149,19,AVAILABLE,125
DC-11,SKU-00283,DC-11-Z02-B024,73,75,72,13,AVAILABLE,70
DC-11,SKU-00218,DC-11-Z01-B057,142,144,142,18,AVAILABLE,0
DC-11,SKU-00183,DC-11-Z04-B046,86,85,86,15,AVAILABLE,38
DC-11,SKU-00776,DC-11-Z12-B016,182,182,185,5,AVAILABLE,42
DC-11,SKU-00371,DC-11-Z12-B036,56,56,56,20,AVAILABLE,56
DC-11,SKU-00907,DC-11-Z05-B078,139,139,142,12,AVAILABLE,123
DC-11,SKU-00112,DC-11-Z05-B011,4,5,4,4,AVAILABLE,39
DC-11,SKU-01154,DC-11-Z02-B003,19,19,20,9,AVAILABLE,58
DC-11,SKU-00323,DC-11-Z11-B018,58,58,58,5,AVAILABLE,69
DC-11,SKU-00004,DC-11-Z07-B050,179,178,179,3,AVAILABLE,84
DC-11,SKU-00857,DC-11-Z08-B013,77,75,76,0,AVAILABLE,123
DC-11,SKU-00286,DC-11-Z11-B057,91,90,91,9,AVAILABLE,65
DC-11,SKU-00631,DC-11-Z09-B016,74,75,77,12,AVAILABLE,160
DC-11,SKU-01045,DC-11-Z10-B051,117,115,117,2,HOLD,72
DC-11,SKU-00392,DC-11-Z10-B069,97,97,97,1,AVAILABLE,76
DC-11,SKU-00012,DC-11-Z12-B035,143,142,146,4,AVAILABLE,130
DC-11,SKU-00556,DC-11-Z07-B042,21,21,22,4,HOLD,109
DC-11,SKU-00322,DC-11-Z09-B005,143,144,143,13,AVAILABLE,110
DC-11,SKU-00701,DC-11-Z01-B018,129,128,129,19,AVAILABLE,151
DC-11,SKU-00203,DC-11-Z11-B068,166,168,166,11,AVAILABLE,119
DC-11,SKU-01020,DC-11-Z08-B035,46,47,47,4,AVAILABLE,143
DC-11,SKU-01084,DC-11-Z02-B051,139,139,140,19,AVAILABLE,19
DC-11,SKU-00324,DC-11-Z02-B065,191,190,190,17,AVAILABLE,135
DC-11,SKU-00671,DC-11-Z02-B063,134,134,134,11,AVAILABLE,153
DC-11,SKU-00236,DC-11-Z08-B075,174,175,174,9,AVAILABLE,16
DC-11,SKU-00923,DC-11-Z10-B043,10,11,7,6,AVAILABLE,90
DC-11,SKU-00712,DC-11-Z03-B008,96,97,99,10,AVAILABLE,27
DC-11,SKU-00747,DC-11-Z11-B027,183,182,184,9,QUARANTINE,122
DC-11,SKU-00999,DC-11-Z05-B067,70,70,71,12,AVAILABLE,30
DC-11,SKU-01146,DC-11-Z11-B030,157,157,154,14,AVAILABLE,23
DC-11,SKU-00935,DC-11-Z03-B070,31,29,32,0,AVAILABLE,136
DC-11,SKU-00663,DC-11-Z11-B018,142,143,141,10,AVAILABLE,175
DC-11,SKU-01067,DC-11-Z02-B020,173,173,173,9,AVAILABLE,123
DC-11,SKU-00404,DC-11-Z04-B032,204,202,204,0,AVAILABLE,3
DC-11,SKU-00393,DC-11-Z03-B036,208,209,205,15,AVAILABLE,82
DC-11,SKU-00402,DC-11-Z01-B016,24,23,27,15,AVAILABLE,72
DC-11,SKU-00600,DC-11-Z04-B079,176,174,176,5,AVAILABLE,166
DC-11,SKU-00387,DC-11-Z03-B057,217,216,214,9,AVAILABLE,154
DC-11,SKU-00117,DC-11-Z06-B072,201,200,198,19,AVAILABLE,95
DC-11,SKU-00140,DC-11-Z08-B011,118,116,117,18,AVAILABLE,55
DC-11,SKU-01198,DC-11-Z12-B024,76,76,75,18,AVAILABLE,16
DC-11,SKU-00477,DC-11-Z09-B051,136,136,133,18,AVAILABLE,136
DC-11,SKU-00408,DC-11-Z06-B033,209,209,209,15,AVAILABLE,170
DC-11,SKU-00617,DC-11-Z09-B074,46,44,46,1,AVAILABLE,140
DC-11,SKU-00350,DC-11-Z05-B029,140,139,139,9,AVAILABLE,14
DC-11,SKU-01094,DC-11-Z01-B018,219,217,219,19,AVAILABLE,6
DC-11,SKU-00916,DC-11-Z09-B050,217,217,218,11,QUARANTINE,121
DC-11,SKU-00657,DC-11-Z07-B028,146,147,146,9,AVAILABLE,68
DC-11,SKU-00167,DC-11-Z08-B007,7,6,10,4,AVAILABLE,138
DC-11,SKU-00705,DC-11-Z10-B037,52,52,53,8,HOLD,37
DC-11,SKU-00114,DC-11-Z12-B011,72,70,69,8,AVAILABLE,76
DC-11,SKU-00689,DC-11-Z01-B005,191,189,192,8,AVAILABLE,20
DC-11,SKU-00724,DC-11-Z12-B011,112,111,112,16,AVAILABLE,164
DC-11,SKU-00917,DC-11-Z04-B013,28,28,28,7,AVAILABLE,55
DC-11,SKU-00367,DC-11-Z04-B020,62,62,65,13,AVAILABLE,148
DC-11,SKU-00864,DC-11-Z06-B014,164,164,164,19,AVAILABLE,46
DC-11,SKU-00824,DC-11-Z07-B070,172,174,171,11,HOLD,160
DC-11,SKU-00474,DC-11-Z08-B027,76,76,73,8,AVAILABLE,111
DC-11,SKU-00729,DC-11-Z05-B028,109,108,108,7,AVAILABLE,116
DC-11,SKU-00106,DC-11-Z04-B067,14,16,17,3,AVAILABLE,159
DC-11,SKU-00191,DC-11-Z05-B055,13,13,10,4,AVAILABLE,51
DC-11,SKU-00213,DC-11-Z10-B004,202,202,203,15,AVAILABLE,111
DC-11,SKU-00223,DC-11-Z06-B071,161,159,161,11,AVAILABLE,12
DC-11,SKU-01000,DC-11-Z08-B051,13,13,10,12,AVAILABLE,146
DC-11,SKU-01127,DC-11-Z10-B067,205,206,205,14,AVAILABLE,47
DC-11,SKU-00988,DC-11-Z08-B036,110,110,109,10,AVAILABLE,98
DC-11,SKU-00317,DC-11-Z02-B030,142,142,142,11,AVAILABLE,17
DC-11,SKU-00194,DC-11-Z02-B033,24,24,24,1,AVAILABLE,110
DC-11,SKU-00428,DC-11-Z02-B055,73,73,72,1,AVAILABLE,64
DC-11,SKU-00596,DC-11-Z02-B073,1,1,1,0,AVAILABLE,18
DC-11,SKU-00113,DC-11-Z07-B012,133,132,133,10,AVAILABLE,153
DC-11,SKU-00578,DC-11-Z10-B058,123,123,123,18,AVAILABLE,65
DC-11,SKU-00866,DC-11-Z01-B056,116,117,115,12,AVAILABLE,130
DC-11,SKU-00258,DC-11-Z12-B008,151,153,151,18,AVAILABLE,20
DC-11,SKU-00780,DC-11-Z04-B066,44,43,41,0,AVAILABLE,98
DC-11,SKU-00942,DC-11-Z01-B045,167,167,170,8,AVAILABLE,46
DC-11,SKU-01028,DC-11-Z07-B048,182,183,185,2,AVAILABLE,179
DC-11,SKU-00533,DC-11-Z07-B001,20,20,21,6,AVAILABLE,70
DC-11,SKU-00983,DC-11-Z12-B021,95,95,95,0,AVAILABLE,18
DC-11,SKU-00409,DC-11-Z09-B065,167,166,167,9,QUARANTINE,111
DC-11,SKU-00555,DC-11-Z12-B072,134,132,134,0,AVAILABLE,105
DC-11,SKU-00829,DC-11-Z03-B004,97,97,96,9,AVAILABLE,80
DC-11,SKU-00794,DC-11-Z05-B019,180,178,179,4,AVAILABLE,166
DC-11,SKU-01014,DC-11-Z03-B080,170,172,167,12,HOLD,103
DC-11,SKU-00665,DC-11-Z11-B042,56,58,56,8,AVAILABLE,62
DC-11,SKU-00749,DC-11-Z11-B031,205,205,205,10,HOLD,156
DC-11,SKU-00010,DC-11-Z08-B058,89,87,89,9,AVAILABLE,124
DC-11,SKU-00406,DC-11-Z12-B022,0,2,1,0,AVAILABLE,23
DC-11,SKU-00519,DC-11-Z01-B020,209,208,212,0,AVAILABLE,11
DC-11,SKU-01041,DC-11-Z02-B054,1,0,1,1,QUARANTINE,77
DC-11,SKU-00483,DC-11-Z08-B020,27,29,27,14,AVAILABLE,92
DC-11,SKU-01159,DC-11-Z12-B053,76,76,77,3,AVAILABLE,129
DC-11,SKU-00399,DC-11-Z02-B034,81,81,80,17,AVAILABLE,33
DC-11,SKU-01086,DC-11-Z05-B032,21,23,21,5,AVAILABLE,144
DC-11,SKU-00469,DC-11-Z02-B045,206,207,206,1,AVAILABLE,123
DC-11,SKU-00159,DC-11-Z06-B021,93,93,94,19,AVAILABLE,83
DC-11,SKU-00680,DC-11-Z06-B044,87,87,84,10,QUARANTINE,81
DC-11,SKU-00695,DC-11-Z10-B014,146,147,143,14,HOLD,91
DC-11,SKU-01058,DC-11-Z07-B006,213,214,212,5,AVAILABLE,115
DC-11,SKU-01107,DC-11-Z07-B044,208,208,207,0,AVAILABLE,109
DC-11,SKU-00214,DC-11-Z10-B031,54,52,55,5,AVAILABLE,100
DC-11,SKU-00379,DC-11-Z03-B057,69,69,68,8,AVAILABLE,57
DC-11,SKU-00013,DC-11-Z03-B060,89,88,86,8,AVAILABLE,135
DC-11,SKU-01193,DC-11-Z12-B077,160,161,159,7,AVAILABLE,39
DC-11,SKU-00838,DC-11-Z04-B058,22,20,21,15,AVAILABLE,120
DC-11,SKU-00624,DC-11-Z08-B034,177,177,177,10,AVAILABLE,137
DC-11,SKU-00487,DC-11-Z06-B056,77,77,80,1,HOLD,53
DC-11,SKU-01103,DC-11-Z04-B056,206,206,206,3,AVAILABLE,59
DC-11,SKU-00081,DC-11-Z06-B017,33,31,33,9,AVAILABLE,75
DC-11,SKU-00008,DC-11-Z05-B073,82,81,85,5,AVAILABLE,105
DC-11,SKU-00120,DC-11-Z08-B007,166,166,167,20,AVAILABLE,79
DC-11,SKU-00856,DC-11-Z07-B045,208,206,208,9,AVAILABLE,56
DC-11,SKU-01007,DC-11-Z03-B033,12,12,13,4,AVAILABLE,51
DC-11,SKU-00840,DC-11-Z03-B012,147,149,150,0,AVAILABLE,160
DC-11,SKU-00781,DC-11-Z12-B051,104,103,101,19,AVAILABLE,141
DC-11,SKU-01035,DC-11-Z10-B052,199,199,198,6,AVAILABLE,107
DC-11,SKU-00847,DC-11-Z04-B080,199,198,199,1,AVAILABLE,103
DC-11,SKU-00303,DC-11-Z02-B058,57,57,57,16,AVAILABLE,119
DC-11,SKU-00122,DC-11-Z03-B040,174,172,173,18,AVAILABLE,39
DC-11,SKU-00241,DC-11-Z07-B043,97,97,100,3,AVAILABLE,131
DC-11,SKU-00819,DC-11-Z10-B077,15,14,18,9,AVAILABLE,180
DC-11,SKU-01081,DC-11-Z05-B010,93,92,94,18,AVAILABLE,151
DC-11,SKU-00547,DC-11-Z07-B007,79,78,79,8,AVAILABLE,127
DC-11,SKU-00635,DC-11-Z01-B058,171,171,172,3,AVAILABLE,11
DC-11,SKU-00668,DC-11-Z03-B078,100,99,99,16,AVAILABLE,150
DC-11,SKU-00903,DC-11-Z05-B038,139,139,142,17,AVAILABLE,145
DC-11,SKU-01200,DC-11-Z10-B061,80,81,80,14,AVAILABLE,35
DC-11,SKU-00017,DC-11-Z03-B035,103,102,103,8,AVAILABLE,85
DC-11,SKU-00415,DC-11-Z06-B080,71,72,70,2,AVAILABLE,88
DC-11,SKU-00572,DC-11-Z07-B029,131,132,131,1,AVAILABLE,127
DC-11,SKU-00654,DC-11-Z06-B018,212,212,212,0,AVAILABLE,150
DC-11,SKU-00664,DC-11-Z02-B018,61,63,62,3,AVAILABLE,76
DC-11,SKU-00174,DC-11-Z01-B050,203,205,203,4,AVAILABLE,41
DC-11,SKU-00919,DC-11-Z05-B057,219,219,218,8,AVAILABLE,95
DC-11,SKU-00136,DC-11-Z07-B031,70,69,73,5,AVAILABLE,73
DC-11,SKU-00713,DC-11-Z06-B003,35,35,34,19,AVAILABLE,111
DC-11,SKU-00070,DC-11-Z01-B003,133,135,133,18,AVAILABLE,115
DC-11,SKU-00797,DC-11-Z12-B011,127,126,127,7,AVAILABLE,141
DC-11,SKU-00771,DC-11-Z02-B058,82,80,82,3,AVAILABLE,14
DC-11,SKU-00040,DC-11-Z04-B013,28,28,31,6,AVAILABLE,95
DC-11,SKU-00700,DC-11-Z08-B015,195,195,195,2,AVAILABLE,119
DC-11,SKU-01076,DC-11-Z12-B054,181,182,181,8,AVAILABLE,61
DC-11,SKU-00501,DC-11-Z08-B009,61,61,60,12,AVAILABLE,135
DC-11,SKU-00170,DC-11-Z09-B055,219,217,216,17,AVAILABLE,144
DC-11,SKU-01184,DC-11-Z01-B055,217,217,220,16,AVAILABLE,123
DC-11,SKU-00554,DC-11-Z11-B048,161,161,161,8,QUARANTINE,93
DC-11,SKU-00561,DC-11-Z05-B065,67,66,67,13,AVAILABLE,118
DC-11,SKU-00440,DC-11-Z05-B064,202,202,199,9,AVAILABLE,85
DC-11,SKU-01026,DC-11-Z07-B032,161,163,158,2,AVAILABLE,108
DC-11,SKU-00398,DC-11-Z08-B004,21,21,21,17,AVAILABLE,34
DC-11,SKU-01178,DC-11-Z07-B080,104,105,103,13,AVAILABLE,170
DC-11,SKU-00378,DC-11-Z06-B039,48,48,45,5,AVAILABLE,68
DC-11,SKU-01024,DC-11-Z01-B065,53,53,54,13,AVAILABLE,20
DC-11,SKU-00714,DC-11-Z07-B020,17,17,17,16,QUARANTINE,153
DC-11,SKU-00125,DC-11-Z08-B034,204,206,207,13,AVAILABLE,19
DC-11,SKU-01083,DC-11-Z10-B051,1,1,0,0,AVAILABLE,21
DC-11,SKU-00298,DC-11-Z11-B038,8,8,8,0,AVAILABLE,94
DC-11,SKU-00439,DC-11-Z03-B046,5,6,5,0,AVAILABLE,59
DC-11,SKU-00816,DC-11-Z11-B025,50,50,51,14,AVAILABLE,30
DC-12,SKU-00752,DC-12-Z03-B044,200,200,203,18,AVAILABLE,115
DC-12,SKU-00230,DC-12-Z04-B080,44,44,44,17,AVAILABLE,129
DC-12,SKU-01096,DC-12-Z07-B062,151,150,151,20,AVAILABLE,57
DC-12,SKU-00498,DC-12-Z10-B026,34,34,35,11,QUARANTINE,165
DC-12,SKU-01177,DC-12-Z12-B018,129,131,129,14,HOLD,158
DC-12,SKU-00799,DC-12-Z07-B054,29,31,26,19,AVAILABLE,137
DC-12,SKU-00011,DC-12-Z12-B004,196,196,196,4,AVAILABLE,147
DC-12,SKU-00590,DC-12-Z03-B066,158,158,158,18,QUARANTINE,39
DC-12,SKU-00626,DC-12-Z03-B027,181,181,180,4,AVAILABLE,27
DC-12,SKU-00192,DC-12-Z06-B022,165,163,168,12,AVAILABLE,70
DC-12,SKU-01181,DC-12-Z09-B038,83,83,83,7,AVAILABLE,43
DC-12,SKU-00644,DC-12-Z10-B058,53,51,56,6,HOLD,42
DC-12,SKU-01137,DC-12-Z07-B015,11,12,12,1,AVAILABLE,138
DC-12,SKU-01032,DC-12-Z04-B033,194,196,194,19,AVAILABLE,97
DC-12,SKU-00700,DC-12-Z03-B029,184,184,183,11,AVAILABLE,88
DC-12,SKU-00570,DC-12-Z08-B027,156,156,155,8,AVAILABLE,66
DC-12,SKU-00731,DC-12-Z09-B026,124,126,125,13,AVAILABLE,113
DC-12,SKU-00824,DC-12-Z07-B025,14,12,17,7,AVAILABLE,65
DC-12,SKU-00551,DC-12-Z07-B058,145,146,145,6,HOLD,68
DC-12,SKU-00491,DC-12-Z07-B004,213,215,214,3,AVAILABLE,130
DC-12,SKU-00410,DC-12-Z10-B069,191,191,192,8,HOLD,3
DC-12,SKU-00744,DC-12-Z11-B037,76,77,76,14,AVAILABLE,163
DC-12,SKU-01131,DC-12-Z02-B025,127,128,127,16,AVAILABLE,151
DC-12,SKU-00446,DC-12-Z11-B055,140,140,137,10,AVAILABLE,81
DC-12,SKU-00592,DC-12-Z02-B032,160,162,160,18,HOLD,36
DC-12,SKU-00149,DC-12-Z01-B059,113,111,110,18,AVAILABLE,17
DC-12,SKU-01184,DC-12-Z06-B075,127,127,124,10,AVAILABLE,26
DC-12,SKU-00735,DC-12-Z05-B047,17,17,16,5,AVAILABLE,140
DC-12,SKU-00664,DC-12-Z11-B040,48,48,49,6,AVAILABLE,131
DC-12,SKU-00355,DC-12-Z09-B066,214,215,215,18,AVAILABLE,82
DC-12,SKU-01040,DC-12-Z02-B012,70,71,67,19,AVAILABLE,22
DC-12,SKU-00820,DC-12-Z05-B074,47,47,48,1,AVAILABLE,90
DC-12,SKU-00088,DC-12-Z10-B078,119,118,119,8,AVAILABLE,60
DC-12,SKU-00722,DC-12-Z11-B049,149,148,152,6,AVAILABLE,143
DC-12,SKU-01183,DC-12-Z07-B076,136,136,137,9,AVAILABLE,11
DC-12,SKU-00585,DC-12-Z07-B049,39,41,36,18,AVAILABLE,3
DC-12,SKU-00208,DC-12-Z05-B027,130,130,130,19,AVAILABLE,44
DC-12,SKU-00030,DC-12-Z12-B047,55,53,52,16,AVAILABLE,124
DC-12,SKU-00133,DC-12-Z08-B057,105,105,104,20,AVAILABLE,170
DC-12,SKU-00084,DC-12-Z05-B025,67,67,64,0,AVAILABLE,164
DC-12,SKU-00218,DC-12-Z04-B012,114,115,114,16,AVAILABLE,10
DC-12,SKU-00890,DC-12-Z07-B055,130,128,133,20,AVAILABLE,86
DC-12,SKU-00120,DC-12-Z01-B042,74,72,75,18,AVAILABLE,10
DC-12,SKU-01004,DC-12-Z02-B031,43,45,43,5,AVAILABLE,78
DC-12,SKU-00040,DC-12-Z11-B003,67,67,67,2,AVAILABLE,118
DC-12,SKU-01121,DC-12-Z02-B002,86,88,86,19,AVAILABLE,8
DC-12,SKU-00223,DC-12-Z01-B073,30,30,31,0,AVAILABLE,30
DC-12,SKU-00178,DC-12-Z08-B039,118,118,118,15,AVAILABLE,84
DC-12,SKU-00466,DC-12-Z05-B072,186,188,186,19,AVAILABLE,11
DC-12,SKU-00160,DC-12-Z02-B045,23,25,26,20,AVAILABLE,82
DC-12,SKU-00888,DC-12-Z05-B077,196,196,196,12,QUARANTINE,30
DC-12,SKU-01155,DC-12-Z09-B036,56,56,56,5,QUARANTINE,135
DC-12,SKU-00128,DC-12-Z05-B077,5,7,6,0,AVAILABLE,79
DC-12,SKU-00560,DC-12-Z05-B049,82,82,82,13,QUARANTINE,101
DC-12,SKU-00774,DC-12-Z12-B013,50,49,50,7,AVAILABLE,117
DC-12,SKU-00531,DC-12-Z09-B030,123,124,123,18,AVAILABLE,29
DC-12,SKU-01076,DC-12-Z10-B030,6,6,6,0,AVAILABLE,70
DC-12,SKU-00616,DC-12-Z01-B078,118,117,115,19,AVAILABLE,74
DC-12,SKU-01104,DC-12-Z11-B009,40,41,41,10,AVAILABLE,69
DC-12,SKU-00450,DC-12-Z06-B003,166,164,165,12,AVAILABLE,147
DC-12,SKU-00649,DC-12-Z02-B045,158,158,159,6,AVAILABLE,179
DC-12,SKU-00837,DC-12-Z09-B047,90,90,93,19,AVAILABLE,62
DC-12,SKU-00077,DC-12-Z04-B078,192,192,191,10,AVAILABLE,93
DC-12,SKU-00723,DC-12-Z08-B070,14,14,14,5,AVAILABLE,55
DC-12,SKU-00867,DC-12-Z01-B053,7,7,4,6,HOLD,139
DC-12,SKU-01050,DC-12-Z07-B039,50,50,50,3,AVAILABLE,155
DC-12,SKU-01007,DC-12-Z01-B046,215,215,215,19,AVAILABLE,86
DC-12,SKU-00746,DC-12-Z08-B068,96,94,96,19,AVAILABLE,177
DC-12,SKU-00685,DC-12-Z04-B052,26,26,29,8,AVAILABLE,151
DC-12,SKU-00747,DC-12-Z04-B035,112,112,109,14,AVAILABLE,15
DC-12,SKU-00163,DC-12-Z06-B074,82,82,83,3,AVAILABLE,40
DC-12,SKU-00931,DC-12-Z10-B075,107,107,107,15,AVAILABLE,2
DC-12,SKU-00832,DC-12-Z02-B069,111,110,108,18,AVAILABLE,58
DC-12,SKU-00972,DC-12-Z05-B050,10,8,10,8,AVAILABLE,14
DC-12,SKU-00586,DC-12-Z03-B004,218,218,218,6,AVAILABLE,55
DC-12,SKU-00757,DC-12-Z07-B015,171,169,174,20,AVAILABLE,89
DC-12,SKU-01109,DC-12-Z06-B033,157,155,157,13,AVAILABLE,178
DC-12,SKU-00080,DC-12-Z05-B033,32,31,33,17,AVAILABLE,106
DC-12,SKU-00076,DC-12-Z07-B039,174,174,177,12,AVAILABLE,118
DC-12,SKU-00604,DC-12-Z02-B031,220,220,220,8,AVAILABLE,61
DC-12,SKU-00623,DC-12-Z10-B051,4,2,4,0,AVAILABLE,110
DC-12,SKU-01141,DC-12-Z11-B066,68,68,65,8,AVAILABLE,4
DC-12,SKU-00365,DC-12-Z12-B030,146,148,143,1,AVAILABLE,4
DC-12,SKU-00918,DC-12-Z10-B028,62,62,63,0,AVAILABLE,89
DC-12,SKU-00810,DC-12-Z11-B078,64,65,61,12,AVAILABLE,29
DC-12,SKU-00554,DC-12-Z01-B025,34,35,34,6,AVAILABLE,6
DC-12,SKU-00368,DC-12-Z08-B049,0,2,0,0,AVAILABLE,44
DC-12,SKU-00708,DC-12-Z09-B056,125,125,128,10,AVAILABLE,113
DC-12,SKU-00991,DC-12-Z01-B057,68,68,68,0,AVAILABLE,84
DC-12,SKU-00276,DC-12-Z07-B044,33,31,32,12,AVAILABLE,75
DC-12,SKU-00375,DC-12-Z02-B064,187,188,190,17,AVAILABLE,21
DC-12,SKU-00382,DC-12-Z09-B004,106,106,106,16,AVAILABLE,59
DC-12,SKU-00719,DC-12-Z11-B075,114,114,117,18,AVAILABLE,24
DC-12,SKU-00501,DC-12-Z10-B022,112,110,109,12,AVAILABLE,38
DC-12,SKU-00532,DC-12-Z06-B045,63,63,64,10,AVAILABLE,9
DC-12,SKU-00748,DC-12-Z03-B007,216,216,216,15,AVAILABLE,56
DC-12,SKU-00418,DC-12-Z05-B011,184,182,185,13,AVAILABLE,138
DC-12,SKU-00913,DC-12-Z11-B028,143,143,140,7,AVAILABLE,112
DC-12,SKU-00617,DC-12-Z10-B027,206,204,207,13,AVAILABLE,120
DC-12,SKU-00232,DC-12-Z10-B062,85,85,85,10,AVAILABLE,8
DC-12,SKU-00308,DC-12-Z04-B028,58,59,58,4,AVAILABLE,82
DC-12,SKU-00144,DC-12-Z02-B077,53,53,54,12,AVAILABLE,45
DC-12,SKU-00470,DC-12-Z01-B016,70,70,67,4,AVAILABLE,84
DC-12,SKU-00703,DC-12-Z11-B061,144,145,144,1,HOLD,20
DC-12,SKU-00962,DC-12-Z05-B028,18,18,18,7,AVAILABLE,109
DC-12,SKU-00518,DC-12-Z04-B073,91,93,90,1,QUARANTINE,165
DC-12,SKU-00603,DC-12-Z03-B075,9,9,8,2,AVAILABLE,168
DC-12,SKU-01052,DC-12-Z06-B014,89,87,89,8,AVAILABLE,66
DC-12,SKU-00840,DC-12-Z08-B043,148,148,148,7,AVAILABLE,62
DC-12,SKU-00864,DC-12-Z10-B037,93,91,94,9,AVAILABLE,91
DC-12,SKU-00557,DC-12-Z07-B034,32,32,32,12,AVAILABLE,95
DC-12,SKU-00437,DC-12-Z08-B038,187,187,190,0,AVAILABLE,46
DC-12,SKU-00952,DC-12-Z08-B023,147,147,150,13,HOLD,52
DC-12,SKU-01027,DC-12-Z06-B071,87,87,90,2,QUARANTINE,135
DC-12,SKU-00497,DC-12-Z02-B027,27,27,27,20,AVAILABLE,39
DC-12,SKU-00978,DC-12-Z03-B018,215,215,212,2,AVAILABLE,28
DC-12,SKU-00237,DC-12-Z10-B062,186,188,189,5,AVAILABLE,113
DC-12,SKU-00110,DC-12-Z11-B075,129,129,129,18,AVAILABLE,161
DC-12,SKU-00941,DC-12-Z12-B044,142,142,142,7,AVAILABLE,156
DC-12,SKU-01057,DC-12-Z10-B049,102,102,102,12,AVAILABLE,135
DC-12,SKU-00689,DC-12-Z04-B060,5,5,5,0,HOLD,65
DC-12,SKU-00315,DC-12-Z04-B036,152,152,151,14,AVAILABLE,163
DC-12,SKU-00202,DC-12-Z08-B052,164,164,161,16,AVAILABLE,138
DC-12,SKU-00672,DC-12-Z08-B013,113,113,112,20,AVAILABLE,0
DC-12,SKU-00981,DC-12-Z12-B053,23,23,24,19,AVAILABLE,119
DC-12,SKU-00387,DC-12-Z05-B045,71,73,70,13,AVAILABLE,136
DC-12,SKU-00169,DC-12-Z04-B043,215,213,218,7,AVAILABLE,150
DC-12,SKU-00031,DC-12-Z10-B055,126,126,129,0,AVAILABLE,22
DC-12,SKU-00159,DC-12-Z04-B055,36,35,37,3,AVAILABLE,134
DC-12,SKU-00050,DC-12-Z07-B011,126,124,126,16,AVAILABLE,100
DC-12,SKU-01103,DC-12-Z11-B037,171,171,168,17,AVAILABLE,7
DC-12,SKU-00452,DC-12-Z03-B023,212,212,212,8,QUARANTINE,103
DC-12,SKU-00541,DC-12-Z01-B066,18,18,21,15,AVAILABLE,24
DC-12,SKU-00784,DC-12-Z03-B078,168,167,168,16,QUARANTINE,16
DC-12,SKU-00070,DC-12-Z12-B005,153,154,154,10,AVAILABLE,43
DC-12,SKU-00053,DC-12-Z03-B032,185,185,185,17,AVAILABLE,80
DC-12,SKU-00107,DC-12-Z04-B011,45,45,45,2,AVAILABLE,132
DC-12,SKU-00576,DC-12-Z10-B043,55,53,55,14,AVAILABLE,160
DC-12,SKU-00187,DC-12-Z02-B060,2,0,3,1,HOLD,45
DC-12,SKU-00474,DC-12-Z08-B005,54,54,51,8,AVAILABLE,131
DC-12,SKU-00998,DC-12-Z06-B002,188,188,188,20,AVAILABLE,69
DC-12,SKU-00168,DC-12-Z08-B030,82,81,82,7,AVAILABLE,101
DC-12,SKU-00121,DC-12-Z03-B019,19,21,18,8,QUARANTINE,123
DC-12,SKU-00821,DC-12-Z01-B052,165,166,168,17,HOLD,143
DC-12,SKU-00564,DC-12-Z03-B014,27,25,30,2,QUARANTINE,149
DC-12,SKU-00236,DC-12-Z11-B079,102,102,105,3,AVAILABLE,158
DC-12,SKU-00971,DC-12-Z04-B072,179,179,178,20,AVAILABLE,36
DC-12,SKU-01143,DC-12-Z05-B009,20,19,17,2,AVAILABLE,121
DC-12,SKU-00973,DC-12-Z10-B035,112,110,112,4,AVAILABLE,151
DC-12,SKU-00408,DC-12-Z04-B001,111,113,112,13,AVAILABLE,99
DC-12,SKU-01200,DC-12-Z10-B034,140,142,140,15,AVAILABLE,124
DC-12,SKU-00116,DC-12-Z04-B024,135,137,134,7,AVAILABLE,74
DC-12,SKU-00566,DC-12-Z05-B072,118,118,119,10,AVAILABLE,62
DC-12,SKU-00336,DC-12-Z07-B022,197,195,197,14,AVAILABLE,92
DC-12,SKU-00193,DC-12-Z07-B065,37,39,38,6,AVAILABLE,38
DC-12,SKU-00322,DC-12-Z03-B078,26,24,26,0,AVAILABLE,65
DC-12,SKU-00599,DC-12-Z03-B063,139,140,136,0,AVAILABLE,99
DC-12,SKU-00023,DC-12-Z03-B059,87,87,86,5,AVAILABLE,115
DC-12,SKU-00378,DC-12-Z02-B045,162,162,165,6,AVAILABLE,96
DC-12,SKU-01020,DC-12-Z07-B029,67,66,66,14,AVAILABLE,175
DC-12,SKU-00632,DC-12-Z09-B032,11,12,14,11,AVAILABLE,3
DC-12,SKU-00441,DC-12-Z04-B041,207,208,204,13,AVAILABLE,91
DC-12,SKU-00314,DC-12-Z11-B063,176,176,176,7,AVAILABLE,174
DC-12,SKU-00881,DC-12-Z03-B046,52,52,53,19,HOLD,30
DC-12,SKU-01136,DC-12-Z06-B050,202,202,199,12,AVAILABLE,79
DC-12,SKU-00115,DC-12-Z01-B047,102,101,102,14,AVAILABLE,111
DC-12,SKU-00583,DC-12-Z04-B030,51,51,52,8,AVAILABLE,135
DC-12,SKU-01178,DC-12-Z01-B003,77,78,78,7,AVAILABLE,127
DC-12,SKU-00376,DC-12-Z09-B070,33,33,32,0,AVAILABLE,80
DC-12,SKU-00674,DC-12-Z05-B040,163,163,163,15,AVAILABLE,171
DC-12,SKU-00279,DC-12-Z06-B075,156,156,153,11,HOLD,20
DC-12,SKU-00526,DC-12-Z03-B053,78,78,79,5,AVAILABLE,92
DC-12,SKU-00350,DC-12-Z01-B068,1,0,1,1,AVAILABLE,109
DC-12,SKU-00901,DC-12-Z09-B006,202,204,201,15,AVAILABLE,65
DC-12,SKU-01138,DC-12-Z06-B072,156,156,155,15,AVAILABLE,61
DC-12,SKU-00613,DC-12-Z06-B010,2,0,2,0,AVAILABLE,8
DC-12,SKU-00565,DC-12-Z11-B016,35,37,35,13,AVAILABLE,82
DC-12,SKU-00174,DC-12-Z07-B067,129,129,128,18,AVAILABLE,164
DC-12,SKU-00621,DC-12-Z11-B024,206,206,206,8,AVAILABLE,169
DC-12,SKU-00568,DC-12-Z10-B032,101,101,101,0,AVAILABLE,66
DC-12,SKU-01059,DC-12-Z09-B030,57,57,60,2,QUARANTINE,39
DC-12,SKU-00594,DC-12-Z10-B017,88,88,91,13,AVAILABLE,70
DC-12,SKU-00892,DC-12-Z05-B076,172,172,173,0,AVAILABLE,110
DC-12,SKU-00658,DC-12-Z07-B046,121,119,120,10,AVAILABLE,75
DC-12,SKU-01101,DC-12-Z11-B018,168,168,171,4,AVAILABLE,58
DC-12,SKU-00105,DC-12-Z12-B058,3,3,3,0,AVAILABLE,122
DC-12,SKU-00995,DC-12-Z01-B033,130,129,133,18,AVAILABLE,158
DC-12,SKU-00936,DC-12-Z05-B010,90,90,89,8,AVAILABLE,70
DC-12,SKU-01039,DC-12-Z02-B008,59,61,58,0,AVAILABLE,127
DC-12,SKU-00812,DC-12-Z10-B034,211,211,211,15,AVAILABLE,6
DC-12,SKU-01170,DC-12-Z03-B017,189,189,190,4,AVAILABLE,64
DC-12,SKU-01064,DC-12-Z11-B017,133,133,132,6,AVAILABLE,91
DC-12,SKU-00794,DC-12-Z12-B057,84,82,84,1,AVAILABLE,96
DC-12,SKU-00165,DC-12-Z01-B007,26,24,26,19,AVAILABLE,177
DC-12,SKU-00691,DC-12-Z10-B039,154,154,151,2,AVAILABLE,50
DC-12,SKU-01008,DC-12-Z11-B051,142,141,141,15,AVAILABLE,148
DC-12,SKU-00353,DC-12-Z09-B022,122,122,125,12,AVAILABLE,99
DC-12,SKU-00544,DC-12-Z09-B029,114,112,111,16,AVAILABLE,143
DC-12,SKU-00404,DC-12-Z11-B061,151,150,151,12,AVAILABLE,162
DC-12,SKU-00894,DC-12-Z07-B056,153,151,153,4,AVAILABLE,56
DC-12,SKU-00803,DC-12-Z09-B020,98,98,97,5,AVAILABLE,115
DC-12,SKU-00445,DC-12-Z01-B009,94,92,94,18,AVAILABLE,111
DC-12,SKU-00383,DC-12-Z01-B062,68,70,71,6,AVAILABLE,167
DC-12,SKU-00702,DC-12-Z04-B039,33,34,36,16,AVAILABLE,8
DC-12,SKU-00680,DC-12-Z01-B047,167,167,168,6,AVAILABLE,166
DC-12,SKU-00558,DC-12-Z06-B049,139,140,136,4,AVAILABLE,157
DC-12,SKU-00987,DC-12-Z11-B012,165,165,162,16,AVAILABLE,43
DC-12,SKU-00822,DC-12-Z03-B037,146,145,147,17,AVAILABLE,60
DC-12,SKU-00069,DC-12-Z03-B017,97,97,97,10,AVAILABLE,35
DC-12,SKU-00157,DC-12-Z08-B054,46,46,49,8,AVAILABLE,111
DC-12,SKU-00454,DC-12-Z10-B039,18,18,21,0,AVAILABLE,134
DC-12,SKU-00489,DC-12-Z05-B053,123,123,126,9,AVAILABLE,82
DC-12,SKU-00235,DC-12-Z12-B058,124,124,121,8,AVAILABLE,78
DC-12,SKU-01189,DC-12-Z09-B012,31,33,28,13,QUARANTINE,122
DC-12,SKU-00631,DC-12-Z05-B050,198,198,199,10,AVAILABLE,29
DC-12,SKU-01045,DC-12-Z08-B018,172,173,175,0,AVAILABLE,90
DC-12,SKU-00255,DC-12-Z09-B007,98,98,98,1,AVAILABLE,30
DC-12,SKU-01125,DC-12-Z01-B003,4,4,5,3,AVAILABLE,28
DC-12,SKU-00939,DC-12-Z08-B049,150,151,147,11,AVAILABLE,171
DC-12,SKU-01062,DC-12-Z04-B080,171,171,171,13,AVAILABLE,85
DC-12,SKU-00618,DC-12-Z12-B062,78,77,78,2,QUARANTINE,9
DC-12,SKU-01156,DC-12-Z08-B005,205,207,205,16,AVAILABLE,175
DC-12,SKU-00789,DC-12-Z12-B018,27,27,26,6,AVAILABLE,24
DC-12,SKU-00964,DC-12-Z05-B008,195,195,195,12,HOLD,160
DC-12,SKU-00656,DC-12-Z11-B049,20,20,20,8,AVAILABLE,0
DC-12,SKU-00422,DC-12-Z02-B032,199,199,199,7,AVAILABLE,69
DC-12,SKU-00257,DC-12-Z03-B030,74,75,75,19,AVAILABLE,160
DC-12,SKU-01176,DC-12-Z03-B064,122,122,123,5,AVAILABLE,130
DC-12,SKU-00132,DC-12-Z07-B008,140,142,140,13,AVAILABLE,151
DC-12,SKU-00122,DC-12-Z06-B016,11,11,8,1,AVAILABLE,134
DC-12,SKU-00253,DC-12-Z12-B073,28,27,25,13,AVAILABLE,98
DC-12,SKU-00769,DC-12-Z09-B063,214,215,214,4,AVAILABLE,54
DC-12,SKU-01115,DC-12-Z03-B057,145,146,145,11,AVAILABLE,29
DC-12,SKU-00875,DC-12-Z09-B010,202,204,199,15,AVAILABLE,162
DC-12,SKU-00468,DC-12-Z06-B072,110,110,110,14,AVAILABLE,116
DC-12,SKU-00646,DC-12-Z03-B009,138,138,139,7,HOLD,116
DC-12,SKU-00252,DC-12-Z05-B040,24,22,21,6,AVAILABLE,26
DC-12,SKU-00627,DC-12-Z04-B077,156,156,155,15,AVAILABLE,97
DC-12,SKU-00366,DC-12-Z07-B042,40,38,39,13,AVAILABLE,55
DC-12,SKU-00650,DC-12-Z09-B046,101,99,102,10,AVAILABLE,70
DC-12,SKU-00269,DC-12-Z10-B031,21,21,20,6,AVAILABLE,146
DC-12,SKU-00029,DC-12-Z07-B079,116,116,116,14,QUARANTINE,105
DC-12,SKU-00704,DC-12-Z04-B014,82,81,82,15,AVAILABLE,153
DC-12,SKU-00753,DC-12-Z10-B027,176,176,175,16,AVAILABLE,124
DC-12,SKU-01073,DC-12-Z12-B057,51,53,54,10,AVAILABLE,114
DC-12,SKU-00211,DC-12-Z01-B013,212,213,209,8,QUARANTINE,2
DC-12,SKU-00239,DC-12-Z03-B064,198,198,201,5,HOLD,79
DC-12,SKU-00323,DC-12-Z07-B038,34,34,35,3,AVAILABLE,55
DC-12,SKU-00403,DC-12-Z05-B076,162,164,161,9,AVAILABLE,169
DC-12,SKU-00142,DC-12-Z12-B066,96,97,96,3,AVAILABLE,134
DC-12,SKU-00801,DC-12-Z08-B007,205,205,202,4,AVAILABLE,55
DC-12,SKU-00357,DC-12-Z05-B034,109,109,109,12,AVAILABLE,15
DC-12,SKU-00675,DC-12-Z03-B076,106,106,106,17,AVAILABLE,147
DC-12,SKU-00319,DC-12-Z07-B056,52,54,52,4,AVAILABLE,3
DC-12,SKU-00421,DC-12-Z09-B051,14,16,14,2,HOLD,78
DC-12,SKU-00989,DC-12-Z12-B029,203,201,206,6,AVAILABLE,34
DC-12,SKU-01144,DC-12-Z02-B015,35,37,35,4,AVAILABLE,161
DC-12,SKU-00686,DC-12-Z06-B071,21,23,24,9,AVAILABLE,82
DC-12,SKU-00014,DC-12-Z12-B079,89,87,89,17,HOLD,74
DC-12,SKU-00161,DC-12-Z02-B074,50,50,50,0,AVAILABLE,147
DC-12,SKU-00714,DC-12-Z05-B053,14,16,14,11,AVAILABLE,86
DC-12,SKU-00929,DC-12-Z04-B022,88,88,88,4,AVAILABLE,23
DC-12,SKU-01187,DC-12-Z01-B005,120,119,121,12,AVAILABLE,91
DC-12,SKU-00233,DC-12-Z10-B050,171,171,171,12,AVAILABLE,169
DC-12,SKU-00614,DC-12-Z10-B062,55,55,55,10,AVAILABLE,24
DC-12,SKU-00930,DC-12-Z02-B068,42,44,42,16,AVAILABLE,66
DC-12,SKU-00209,DC-12-Z08-B041,206,206,203,9,AVAILABLE,100
DC-12,SKU-00085,DC-12-Z07-B052,33,31,30,11,AVAILABLE,144
DC-12,SKU-00056,DC-12-Z07-B020,203,205,206,15,AVAILABLE,154
DC-12,SKU-00956,DC-12-Z04-B013,3,4,3,3,AVAILABLE,107
DC-12,SKU-00275,DC-12-Z11-B042,68,68,69,4,AVAILABLE,55
DC-12,SKU-00390,DC-12-Z04-B015,148,148,149,15,AVAILABLE,2
DC-12,SKU-00396,DC-12-Z06-B042,0,0,0,0,AVAILABLE,87
DC-12,SKU-00433,DC-12-Z12-B002,209,207,206,4,AVAILABLE,91
DC-12,SKU-00012,DC-12-Z02-B032,14,14,14,9,AVAILABLE,123
DC-12,SKU-01173,DC-12-Z09-B008,159,159,156,20,AVAILABLE,169
DC-12,SKU-01148,DC-12-Z07-B069,61,61,64,0,AVAILABLE,179
DC-12,SKU-00272,DC-12-Z09-B054,150,148,147,5,AVAILABLE,128
DC-12,SKU-01070,DC-12-Z08-B039,132,132,133,11,AVAILABLE,163
DC-12,SKU-00326,DC-12-Z10-B020,135,136,132,4,AVAILABLE,95
DC-12,SKU-00932,DC-12-Z11-B057,92,92,92,2,AVAILABLE,144
DC-12,SKU-00389,DC-12-Z06-B009,26,28,26,10,AVAILABLE,86
DC-12,SKU-00538,DC-12-Z05-B072,26,25,23,18,AVAILABLE,74
DC-12,SKU-01091,DC-12-Z07-B057,196,197,196,8,HOLD,11
DC-12,SKU-00215,DC-12-Z10-B033,181,180,182,2,QUARANTINE,84
DC-12,SKU-00337,DC-12-Z09-B043,191,191,191,7,HOLD,3
DC-12,SKU-00016,DC-12-Z01-B078,113,113,112,10,AVAILABLE,2
DC-12,SKU-00781,DC-12-Z06-B065,64,64,63,1,AVAILABLE,69
DC-12,SKU-01163,DC-12-Z09-B039,38,38,38,11,AVAILABLE,120
DC-12,SKU-00571,DC-12-Z12-B044,200,201,200,14,AVAILABLE,98
DC-12,SKU-00970,DC-12-Z09-B065,134,134,133,17,AVAILABLE,16
DC-12,SKU-00516,DC-12-Z12-B016,219,219,219,14,AVAILABLE,30
DC-12,SKU-01036,DC-12-Z07-B055,116,117,117,10,HOLD,157
DC-12,SKU-00158,DC-12-Z11-B061,19,18,19,19,HOLD,160
DC-12,SKU-00426,DC-12-Z02-B011,99,99,98,9,AVAILABLE,131
DC-12,SKU-00896,DC-12-Z11-B067,139,139,136,2,AVAILABLE,58
DC-12,SKU-00911,DC-12-Z12-B065,105,107,105,6,AVAILABLE,155
DC-12,SKU-00242,DC-12-Z10-B012,169,171,169,5,QUARANTINE,151
DC-12,SKU-00363,DC-12-Z12-B014,166,165,163,20,QUARANTINE,144
DC-12,SKU-00442,DC-12-Z01-B021,196,196,196,18,AVAILABLE,31
DC-12,SKU-00304,DC-12-Z08-B012,205,205,202,13,AVAILABLE,42
DC-12,SKU-00222,DC-12-Z05-B059,60,59,59,16,AVAILABLE,61
DC-12,SKU-01171,DC-12-Z06-B062,64,62,61,13,AVAILABLE,138
DC-12,SKU-00749,DC-12-Z08-B017,154,156,154,20,AVAILABLE,135
DC-12,SKU-00287,DC-12-Z11-B038,131,130,131,12,AVAILABLE,36
DC-12,SKU-00637,DC-12-Z05-B070,76,75,79,17,AVAILABLE,94
DC-12,SKU-00640,DC-12-Z01-B042,86,86,86,8,AVAILABLE,100
DC-12,SKU-00933,DC-12-Z03-B079,102,102,101,2,AVAILABLE,7
DC-12,SKU-01114,DC-12-Z05-B072,115,116,114,5,AVAILABLE,6
DC-12,SKU-00963,DC-12-Z08-B074,73,72,74,20,AVAILABLE,146
DC-12,SKU-01033,DC-12-Z03-B027,4,4,5,1,AVAILABLE,25
DC-12,SKU-00775,DC-12-Z09-B047,120,119,119,7,HOLD,100
DC-12,SKU-01075,DC-12-Z07-B003,202,200,201,7,AVAILABLE,70
DC-12,SKU-00369,DC-12-Z10-B061,34,34,35,4,HOLD,41
DC-12,SKU-00001,DC-12-Z01-B052,71,73,68,14,AVAILABLE,103
DC-12,SKU-00815,DC-12-Z02-B019,72,72,72,6,AVAILABLE,24
DC-12,SKU-00129,DC-12-Z01-B075,220,218,220,9,AVAILABLE,57
DC-12,SKU-00679,DC-12-Z07-B060,140,139,140,13,AVAILABLE,35
DC-12,SKU-00167,DC-12-Z11-B072,69,69,72,7,QUARANTINE,179
DC-12,SKU-00270,DC-12-Z05-B030,211,210,214,20,AVAILABLE,0
DC-12,SKU-00098,DC-12-Z01-B003,184,186,183,8,AVAILABLE,61
DC-12,SKU-00500,DC-12-Z11-B075,195,196,192,7,AVAILABLE,13
DC-12,SKU-00792,DC-12-Z12-B047,25,25,24,1,AVAILABLE,37
DC-12,SKU-00181,DC-12-Z06-B077,34,34,31,11,AVAILABLE,18
DC-12,SKU-00898,DC-12-Z02-B038,190,190,190,20,AVAILABLE,166
DC-12,SKU-00715,DC-12-Z03-B030,115,115,115,1,AVAILABLE,122
DC-12,SKU-01022,DC-12-Z04-B059,140,140,137,7,AVAILABLE,147
DC-12,SKU-00790,DC-12-Z12-B007,17,19,20,10,AVAILABLE,29
DC-12,SKU-00482,DC-12-Z02-B043,45,45,42,0,AVAILABLE,170
DC-12,SKU-00528,DC-12-Z01-B078,40,39,40,6,AVAILABLE,137
DC-12,SKU-01160,DC-12-Z10-B023,206,206,206,6,AVAILABLE,50
DC-12,SKU-00562,DC-12-Z08-B029,188,189,189,16,AVAILABLE,149
DC-12,SKU-00087,DC-12-Z03-B057,67,67,66,19,AVAILABLE,106
DC-12,SKU-00473,DC-12-Z05-B006,75,75,75,9,HOLD,41
DC-12,SKU-00634,DC-12-Z04-B064,125,125,125,9,AVAILABLE,169
DC-12,SKU-00770,DC-12-Z04-B018,55,56,54,19,AVAILABLE,69
DC-12,SKU-00729,DC-12-Z09-B004,90,92,90,5,AVAILABLE,105
DC-12,SKU-00533,DC-12-Z07-B052,148,146,148,16,AVAILABLE,89
DC-12,SKU-01080,DC-12-Z10-B059,91,90,91,7,AVAILABLE,49
DC-12,SKU-00540,DC-12-Z06-B008,65,65,68,16,AVAILABLE,92
DC-12,SKU-01154,DC-12-Z09-B048,116,116,116,13,AVAILABLE,59
DC-12,SKU-00372,DC-12-Z09-B017,196,196,199,19,AVAILABLE,21
DC-12,SKU-00367,DC-12-Z01-B027,147,146,144,3,AVAILABLE,84
DC-12,SKU-00726,DC-12-Z01-B058,83,83,84,12,AVAILABLE,31
DC-12,SKU-00263,DC-12-Z10-B064,158,160,159,19,AVAILABLE,75
DC-12,SKU-00645,DC-12-Z05-B054,12,10,12,4,AVAILABLE,164
DC-12,SKU-01031,DC-12-Z10-B058,218,218,217,12,AVAILABLE,33
DC-12,SKU-00990,DC-12-Z07-B076,22,21,22,8,AVAILABLE,116
DC-12,SKU-00458,DC-12-Z04-B038,91,91,94,5,AVAILABLE,143
DC-12,SKU-00986,DC-12-Z08-B043,65,65,66,7,AVAILABLE,40
DC-12,SKU-00994,DC-12-Z04-B050,185,185,185,20,AVAILABLE,163
DC-12,SKU-01108,DC-12-Z01-B045,163,161,164,18,AVAILABLE,49
DC-12,SKU-01186,DC-12-Z02-B005,154,154,155,8,AVAILABLE,0
DC-12,SKU-00839,DC-12-Z04-B058,164,165,164,18,AVAILABLE,180
DC-12,SKU-00948,DC-12-Z01-B031,15,15,15,12,AVAILABLE,129
DC-12,SKU-00705,DC-12-Z05-B063,89,87,92,16,QUARANTINE,96
DC-12,SKU-01069,DC-12-Z02-B011,121,121,118,9,AVAILABLE,131
DC-12,SKU-00388,DC-12-Z10-B033,183,182,183,5,QUARANTINE,35
DC-12,SKU-00100,DC-12-Z07-B053,26,24,29,10,AVAILABLE,89
DC-12,SKU-00124,DC-12-Z05-B011,158,157,155,14,AVAILABLE,83
DC-12,SKU-00420,DC-12-Z04-B069,61,60,60,11,AVAILABLE,32
DC-12,SKU-00895,DC-12-Z09-B016,158,158,158,11,AVAILABLE,28
DC-12,SKU-01146,DC-12-Z05-B060,216,214,219,2,AVAILABLE,48
DC-12,SKU-01150,DC-12-Z10-B079,80,78,77,11,AVAILABLE,117
DC-12,SKU-00578,DC-12-Z10-B048,99,99,99,17,AVAILABLE,158
DC-12,SKU-01195,DC-12-Z07-B021,196,196,196,7,AVAILABLE,131
DC-12,SKU-00226,DC-12-Z01-B046,70,70,71,1,AVAILABLE,178
DC-12,SKU-00527,DC-12-Z07-B015,199,199,196,10,AVAILABLE,52
DC-12,SKU-00676,DC-12-Z12-B080,122,122,122,4,AVAILABLE,53
DC-12,SKU-00317,DC-12-Z06-B050,96,97,95,4,HOLD,83
DC-12,SKU-00900,DC-12-Z02-B044,13,15,10,8,AVAILABLE,129
DC-12,SKU-01128,DC-12-Z01-B020,75,75,76,17,HOLD,154
DC-12,SKU-01110,DC-12-Z07-B009,43,43,42,15,AVAILABLE,151
DC-12,SKU-00625,DC-12-Z09-B057,32,30,35,3,AVAILABLE,66
DC-12,SKU-01054,DC-12-Z02-B079,150,148,149,8,AVAILABLE,96
DC-12,SKU-00876,DC-12-Z03-B027,120,120,120,7,AVAILABLE,128
DC-12,SKU-00511,DC-12-Z02-B066,101,99,101,14,AVAILABLE,27
DC-12,SKU-00101,DC-12-Z12-B079,79,79,79,11,AVAILABLE,119
DC-12,SKU-00186,DC-12-Z02-B015,69,67,66,1,AVAILABLE,46
DC-12,SKU-00543,DC-12-Z09-B044,83,83,84,14,AVAILABLE,142
DC-12,SKU-01118,DC-12-Z12-B029,4,2,5,1,AVAILABLE,37
DC-12,SKU-00681,DC-12-Z09-B011,104,104,101,1,HOLD,175
DC-12,SKU-00601,DC-12-Z04-B028,147,146,147,5,AVAILABLE,85
DC-12,SKU-00673,DC-12-Z04-B014,49,49,52,19,AVAILABLE,60
DC-12,SKU-01153,DC-12-Z08-B062,132,133,129,13,QUARANTINE,45
DC-12,SKU-00836,DC-12-Z09-B051,143,143,140,3,AVAILABLE,52
DC-12,SKU-01198,DC-12-Z07-B062,39,39,36,6,AVAILABLE,165
DC-12,SKU-00477,DC-12-Z11-B069,111,111,114,8,AVAILABLE,2
DC-12,SKU-01126,DC-12-Z11-B021,153,153,156,17,AVAILABLE,144
DC-12,SKU-01107,DC-12-Z10-B009,115,115,116,17,AVAILABLE,75
DC-12,SKU-00666,DC-12-Z11-B027,55,56,55,19,AVAILABLE,153
DC-12,SKU-01105,DC-12-Z09-B023,114,114,115,20,QUARANTINE,178
DC-12,SKU-00659,DC-12-Z09-B022,214,214,213,4,QUARANTINE,119
DC-12,SKU-00291,DC-12-Z06-B061,168,169,171,13,AVAILABLE,8
DC-12,SKU-00872,DC-12-Z06-B051,204,204,205,1,AVAILABLE,165
DC-12,SKU-00330,DC-12-Z11-B030,37,35,37,16,AVAILABLE,25
DC-12,SKU-00266,DC-12-Z08-B069,142,142,142,20,AVAILABLE,113
DC-12,SKU-00305,DC-12-Z11-B045,120,120,123,4,QUARANTINE,164
DC-12,SKU-00028,DC-12-Z02-B022,56,57,56,18,AVAILABLE,42
DC-12,SKU-00227,DC-12-Z05-B062,49,49,49,5,HOLD,77
DC-12,SKU-00055,DC-12-Z02-B055,85,84,86,6,QUARANTINE,149
DC-12,SKU-00431,DC-12-Z02-B028,47,48,47,9,AVAILABLE,72
DC-12,SKU-00338,DC-12-Z11-B079,200,198,199,9,AVAILABLE,53
DC-12,SKU-00261,DC-12-Z07-B072,218,217,218,6,AVAILABLE,89
DC-12,SKU-00113,DC-12-Z02-B045,188,187,187,18,AVAILABLE,115
DC-12,SKU-00834,DC-12-Z06-B041,99,99,102,10,AVAILABLE,155
DC-12,SKU-01010,DC-12-Z01-B075,141,142,142,18,AVAILABLE,164
DC-12,SKU-01014,DC-12-Z07-B075,58,58,61,0,AVAILABLE,166
DC-12,SKU-00580,DC-12-Z09-B044,51,51,54,12,AVAILABLE,109
DC-12,SKU-00891,DC-12-Z05-B010,163,163,163,19,QUARANTINE,124
DC-12,SKU-00818,DC-12-Z04-B036,86,86,87,15,AVAILABLE,149
DC-12,SKU-00817,DC-12-Z10-B065,200,200,201,13,AVAILABLE,24
DC-12,SKU-00777,DC-12-Z11-B007,12,11,12,7,QUARANTINE,18
DC-12,SKU-00136,DC-12-Z02-B013,205,205,202,0,AVAILABLE,17
DC-12,SKU-00007,DC-12-Z06-B011,132,132,132,4,AVAILABLE,82
DC-12,SKU-01113,DC-12-Z09-B063,128,128,131,2,QUARANTINE,44
DC-12,SKU-00183,DC-12-Z07-B008,19,19,18,16,AVAILABLE,109
DC-12,SKU-01191,DC-12-Z08-B026,109,109,109,6,AVAILABLE,58
DC-12,SKU-00190,DC-12-Z01-B076,63,64,62,6,AVAILABLE,101
DC-12,SKU-00696,DC-12-Z05-B032,58,56,55,0,AVAILABLE,4
DC-12,SKU-00370,DC-12-Z06-B027,121,123,121,18,AVAILABLE,21
DC-12,SKU-00808,DC-12-Z03-B039,167,169,168,11,AVAILABLE,177
DC-12,SKU-00697,DC-12-Z02-B060,64,64,61,10,AVAILABLE,74
DC-12,SKU-00550,DC-12-Z08-B076,113,113,112,19,HOLD,158
DC-12,SKU-00078,DC-12-Z07-B017,192,194,192,14,AVAILABLE,4
DC-12,SKU-00496,DC-12-Z10-B049,146,146,146,18,AVAILABLE,111
DC-12,SKU-00831,DC-12-Z06-B054,17,17,17,6,AVAILABLE,107
DC-12,SKU-01188,DC-12-Z12-B024,208,206,208,12,AVAILABLE,163
DC-12,SKU-00090,DC-12-Z11-B043,41,41,41,11,AVAILABLE,53
DC-12,SKU-00992,DC-12-Z05-B042,167,167,170,13,AVAILABLE,84
DC-12,SKU-00922,DC-12-Z02-B077,124,122,127,4,AVAILABLE,9
DC-12,SKU-01147,DC-12-Z01-B040,40,41,41,17,AVAILABLE,171
DC-12,SKU-00755,DC-12-Z08-B058,210,210,210,8,QUARANTINE,45
DC-12,SKU-00141,DC-12-Z10-B029,55,53,56,19,AVAILABLE,56
DC-12,SKU-00072,DC-12-Z07-B017,161,161,158,6,AVAILABLE,169
DC-12,SKU-01030,DC-12-Z08-B020,140,138,139,2,QUARANTINE,62
DC-12,SKU-01119,DC-12-Z04-B075,171,171,171,0,AVAILABLE,180
DC-12,SKU-00002,DC-12-Z03-B044,24,22,21,0,AVAILABLE,54
DC-12,SKU-00285,DC-12-Z01-B066,119,119,119,8,AVAILABLE,165
DC-12,SKU-00423,DC-12-Z01-B049,90,92,93,15,AVAILABLE,57
DC-12,SKU-01112,DC-12-Z03-B027,118,119,115,7,AVAILABLE,79
DC-12,SKU-00203,DC-12-Z09-B078,190,192,191,20,AVAILABLE,44
DC-12,SKU-01018,DC-12-Z12-B008,121,120,121,14,AVAILABLE,15
DC-12,SKU-00589,DC-12-Z07-B031,7,8,7,6,AVAILABLE,166
DC-12,SKU-00579,DC-12-Z04-B076,190,190,193,6,AVAILABLE,129
DC-12,SKU-00960,DC-12-Z03-B015,189,191,190,1,AVAILABLE,164
DC-12,SKU-01051,DC-12-Z08-B007,189,187,189,9,AVAILABLE,128
DC-12,SKU-00344,DC-12-Z03-B014,23,23,22,6,AVAILABLE,127
DC-12,SKU-01102,DC-12-Z10-B012,216,217,215,17,AVAILABLE,79
DC-12,SKU-00776,DC-12-Z05-B004,204,205,204,13,AVAILABLE,39
DC-12,SKU-00741,DC-12-Z10-B025,103,101,103,3,AVAILABLE,139
DC-12,SKU-00856,DC-12-Z07-B003,123,125,120,1,AVAILABLE,76
DC-12,SKU-00411,DC-12-Z04-B030,78,78,78,20,AVAILABLE,128
DC-12,SKU-00082,DC-12-Z01-B015,145,146,146,8,QUARANTINE,173
DC-12,SKU-00274,DC-12-Z03-B052,59,59,59,8,QUARANTINE,68
DC-12,SKU-00224,DC-12-Z09-B072,80,78,81,1,HOLD,171
DC-12,SKU-00967,DC-12-Z06-B003,163,161,162,8,HOLD,103
DC-12,SKU-00709,DC-12-Z07-B001,1,0,1,0,QUARANTINE,134
DC-12,SKU-00021,DC-12-Z04-B076,87,87,87,2,AVAILABLE,148
DC-12,SKU-00099,DC-12-Z05-B015,200,200,200,7,AVAILABLE,40
DC-12,SKU-01023,DC-12-Z12-B077,119,119,122,6,AVAILABLE,72
DC-12,SKU-00699,DC-12-Z09-B005,157,157,157,17,AVAILABLE,131
DC-12,SKU-00985,DC-12-Z01-B024,158,158,155,1,AVAILABLE,165
DC-12,SKU-00873,DC-12-Z01-B028,8,8,8,7,AVAILABLE,162
DC-12,SKU-00456,DC-12-Z10-B007,103,101,106,6,QUARANTINE,4
DC-12,SKU-00249,DC-12-Z05-B059,112,110,111,1,AVAILABLE,159
DC-12,SKU-00140,DC-12-Z06-B068,4,2,4,2,AVAILABLE,42
DC-12,SKU-00207,DC-12-Z06-B009,196,198,196,1,AVAILABLE,129
DC-12,SKU-01081,DC-12-Z02-B061,51,51,54,5,AVAILABLE,77
DC-12,SKU-00765,DC-12-Z09-B045,196,196,195,5,AVAILABLE,122
DC-12,SKU-00221,DC-12-Z01-B043,57,56,56,5,AVAILABLE,112
DC-12,SKU-00435,DC-12-Z11-B007,163,164,163,9,AVAILABLE,168
DC-12,SKU-00083,DC-12-Z11-B023,56,56,53,11,AVAILABLE,137
DC-12,SKU-00593,DC-12-Z02-B021,114,114,111,16,AVAILABLE,163
DC-12,SKU-00380,DC-12-Z11-B053,99,100,100,19,AVAILABLE,58
DC-12,SKU-00465,DC-12-Z09-B050,161,161,161,16,AVAILABLE,169
DC-12,SKU-01175,DC-12-Z12-B032,40,38,37,1,AVAILABLE,100
DC-12,SKU-00286,DC-12-Z02-B056,99,99,99,15,AVAILABLE,177
DC-12,SKU-00026,DC-12-Z06-B046,53,53,53,11,AVAILABLE,177
DC-12,SKU-00405,DC-12-Z10-B053,209,209,206,15,AVAILABLE,13
DC-12,SKU-00879,DC-12-Z09-B015,144,146,141,20,AVAILABLE,118
DC-12,SKU-01001,DC-12-Z09-B032,147,146,147,13,AVAILABLE,149
DC-12,SKU-00693,DC-12-Z02-B021,122,122,119,17,AVAILABLE,99
DC-12,SKU-00713,DC-12-Z06-B073,5,5,4,3,AVAILABLE,131
DC-12,SKU-00352,DC-12-Z02-B038,118,119,118,10,AVAILABLE,77
DC-12,SKU-00555,DC-12-Z09-B051,62,62,65,19,AVAILABLE,180
DC-12,SKU-01005,DC-12-Z07-B051,170,170,170,7,AVAILABLE,143
DC-12,SKU-00536,DC-12-Z12-B047,0,0,0,0,QUARANTINE,120
DC-12,SKU-00364,DC-12-Z04-B033,191,191,192,20,HOLD,66
DC-12,SKU-00273,DC-12-Z06-B029,73,73,72,14,AVAILABLE,100
DC-12,SKU-00479,DC-12-Z08-B010,150,150,149,7,AVAILABLE,8
DC-12,SKU-01185,DC-12-Z10-B077,220,220,220,4,AVAILABLE,0
DC-12,SKU-00005,DC-12-Z06-B025,72,72,72,16,AVAILABLE,129
DC-12,SKU-00109,DC-12-Z03-B061,24,24,27,11,AVAILABLE,45
DC-12,SKU-00172,DC-12-Z11-B063,63,63,62,12,AVAILABLE,154
DC-12,SKU-00743,DC-12-Z12-B072,175,175,175,0,AVAILABLE,157
DC-12,SKU-00147,DC-12-Z06-B027,196,196,193,17,AVAILABLE,122
DC-12,SKU-00313,DC-12-Z04-B038,145,146,145,6,HOLD,6
DC-12,SKU-00710,DC-12-Z06-B024,10,10,7,9,HOLD,115
DC-12,SKU-00219,DC-12-Z11-B021,28,27,28,9,QUARANTINE,123
DC-12,SKU-01048,DC-12-Z09-B074,210,210,211,6,AVAILABLE,127
DC-12,SKU-01006,DC-12-Z06-B037,160,160,160,5,QUARANTINE,178
DC-12,SKU-00476,DC-12-Z09-B016,79,79,82,3,AVAILABLE,138
DC-12,SKU-00216,DC-12-Z08-B070,76,76,76,16,AVAILABLE,39
DC-12,SKU-01164,DC-12-Z09-B018,212,214,212,18,AVAILABLE,152
DC-12,SKU-00162,DC-12-Z02-B063,32,32,31,9,AVAILABLE,121
DC-12,SKU-00868,DC-12-Z09-B045,129,128,132,14,AVAILABLE,118
DC-12,SKU-00844,DC-12-Z12-B015,124,124,125,6,AVAILABLE,13
DC-12,SKU-00210,DC-12-Z05-B044,31,30,34,16,AVAILABLE,99
DC-12,SKU-00591,DC-12-Z12-B007,42,41,42,15,AVAILABLE,65
DC-12,SKU-00577,DC-12-Z03-B065,75,77,75,6,QUARANTINE,147
DC-12,SKU-00974,DC-12-Z09-B049,19,19,18,4,AVAILABLE,123
DC-12,SKU-01142,DC-12-Z06-B043,87,88,84,16,AVAILABLE,54
DC-12,SKU-00785,DC-12-Z04-B040,194,192,191,0,AVAILABLE,69
DC-12,SKU-00798,DC-12-Z02-B036,181,181,181,7,AVAILABLE,68
DC-12,SKU-00395,DC-12-Z12-B077,35,35,34,20,AVAILABLE,178
DC-12,SKU-00529,DC-12-Z01-B048,105,103,105,10,QUARANTINE,123
DC-12,SKU-00982,DC-12-Z07-B061,95,97,95,4,AVAILABLE,70
DC-12,SKU-00643,DC-12-Z02-B004,163,163,160,17,AVAILABLE,72
DC-12,SKU-01127,DC-12-Z09-B035,196,198,196,6,AVAILABLE,37
DC-13,SKU-00139,DC-13-Z08-B064,174,176,171,13,AVAILABLE,31
DC-13,SKU-01070,DC-13-Z01-B043,181,181,182,1,AVAILABLE,10
DC-13,SKU-00976,DC-13-Z05-B028,22,23,22,13,AVAILABLE,0
DC-13,SKU-00991,DC-13-Z04-B045,18,20,18,7,AVAILABLE,19
DC-13,SKU-00313,DC-13-Z08-B019,28,28,25,17,AVAILABLE,0
DC-13,SKU-00881,DC-13-Z04-B070,102,102,103,20,AVAILABLE,160
DC-13,SKU-00480,DC-13-Z02-B038,211,211,212,1,AVAILABLE,38
DC-13,SKU-00308,DC-13-Z02-B033,136,135,137,13,AVAILABLE,43
DC-13,SKU-00753,DC-13-Z03-B024,183,183,183,12,AVAILABLE,161
DC-13,SKU-00699,DC-13-Z10-B013,210,210,210,7,QUARANTINE,156
DC-13,SKU-00645,DC-13-Z04-B078,195,193,195,18,AVAILABLE,138
DC-13,SKU-01062,DC-13-Z01-B055,131,131,134,17,AVAILABLE,50
DC-13,SKU-00009,DC-13-Z10-B059,192,192,192,19,AVAILABLE,134
DC-13,SKU-00579,DC-13-Z04-B070,120,120,120,10,AVAILABLE,95
DC-13,SKU-00892,DC-13-Z05-B033,190,192,187,15,AVAILABLE,63
DC-13,SKU-00244,DC-13-Z04-B049,163,162,163,20,AVAILABLE,159
DC-13,SKU-00740,DC-13-Z12-B006,29,27,28,3,AVAILABLE,115
DC-13,SKU-00339,DC-13-Z04-B041,176,177,175,14,QUARANTINE,134
DC-13,SKU-01172,DC-13-Z04-B055,173,174,173,5,AVAILABLE,161
DC-13,SKU-01165,DC-13-Z07-B066,45,47,48,18,AVAILABLE,14
DC-13,SKU-00051,DC-13-Z07-B055,137,137,137,19,AVAILABLE,143
DC-13,SKU-00467,DC-13-Z08-B028,98,97,98,15,HOLD,127
DC-13,SKU-00393,DC-13-Z01-B021,199,199,198,2,AVAILABLE,24
DC-13,SKU-00127,DC-13-Z07-B038,209,211,209,6,AVAILABLE,137
DC-13,SKU-01197,DC-13-Z10-B041,115,115,116,9,AVAILABLE,99
DC-13,SKU-00957,DC-13-Z05-B013,29,29,29,0,AVAILABLE,88
DC-13,SKU-00428,DC-13-Z09-B006,206,206,206,20,AVAILABLE,84
DC-13,SKU-00537,DC-13-Z10-B014,111,112,111,8,AVAILABLE,87
DC-13,SKU-00309,DC-13-Z05-B033,75,75,76,5,AVAILABLE,9
DC-13,SKU-00341,DC-13-Z11-B022,1,1,1,1,HOLD,123
DC-13,SKU-00950,DC-13-Z07-B041,53,54,53,19,AVAILABLE,132
DC-13,SKU-00076,DC-13-Z03-B017,55,55,54,14,AVAILABLE,165
DC-13,SKU-00999,DC-13-Z03-B066,149,149,152,12,AVAILABLE,176
DC-13,SKU-01093,DC-13-Z04-B014,199,198,199,1,AVAILABLE,124
DC-13,SKU-00474,DC-13-Z05-B073,181,179,178,17,AVAILABLE,82
DC-13,SKU-00942,DC-13-Z07-B009,65,65,66,5,AVAILABLE,18
DC-13,SKU-00741,DC-13-Z05-B054,34,32,34,8,AVAILABLE,132
DC-13,SKU-00121,DC-13-Z03-B056,54,54,54,0,AVAILABLE,120
DC-13,SKU-00693,DC-13-Z01-B013,114,114,114,1,AVAILABLE,82
DC-13,SKU-01086,DC-13-Z01-B023,178,179,178,7,AVAILABLE,66
DC-13,SKU-00034,DC-13-Z10-B007,181,182,180,3,AVAILABLE,169
DC-13,SKU-01181,DC-13-Z02-B079,215,213,218,19,AVAILABLE,11
DC-13,SKU-01109,DC-13-Z06-B072,220,220,221,2,AVAILABLE,55
DC-13,SKU-00192,DC-13-Z05-B041,56,56,59,16,QUARANTINE,108
DC-13,SKU-00180,DC-13-Z08-B013,103,101,103,4,AVAILABLE,0
DC-13,SKU-00937,DC-13-Z09-B032,92,93,95,12,AVAILABLE,2
DC-13,SKU-00772,DC-13-Z09-B019,62,64,61,0,AVAILABLE,99
DC-13,SKU-00631,DC-13-Z06-B010,76,75,76,4,AVAILABLE,127
DC-13,SKU-00417,DC-13-Z11-B009,146,146,146,16,AVAILABLE,72
DC-13,SKU-01157,DC-13-Z07-B002,178,178,175,1,AVAILABLE,22
DC-13,SKU-00943,DC-13-Z03-B031,160,162,160,10,AVAILABLE,57
DC-13,SKU-00624,DC-13-Z12-B040,51,51,51,15,AVAILABLE,47
DC-13,SKU-00860,DC-13-Z08-B001,172,172,171,18,HOLD,173
DC-13,SKU-00923,DC-13-Z04-B028,138,138,139,19,AVAILABLE,166
DC-13,SKU-00016,DC-13-Z01-B006,111,111,111,9,AVAILABLE,53
DC-13,SKU-00616,DC-13-Z03-B014,5,7,5,0,AVAILABLE,156
DC-13,SKU-01017,DC-13-Z11-B078,129,129,132,10,AVAILABLE,166
DC-13,SKU-00828,DC-13-Z12-B022,106,106,106,18,QUARANTINE,11
DC-13,SKU-00969,DC-13-Z05-B004,126,124,126,18,AVAILABLE,113
DC-13,SKU-00324,DC-13-Z11-B061,139,139,140,6,AVAILABLE,102
DC-13,SKU-00286,DC-13-Z11-B043,77,79,76,11,AVAILABLE,151
DC-13,SKU-00279,DC-13-Z02-B069,5,5,5,1,AVAILABLE,54
DC-13,SKU-01167,DC-13-Z04-B022,19,20,16,6,AVAILABLE,118
DC-13,SKU-00204,DC-13-Z06-B029,150,150,149,9,AVAILABLE,23
DC-13,SKU-00214,DC-13-Z06-B055,157,157,156,7,AVAILABLE,178
DC-13,SKU-00871,DC-13-Z01-B064,144,144,144,10,AVAILABLE,40
DC-13,SKU-00206,DC-13-Z04-B070,119,120,122,20,AVAILABLE,144
DC-13,SKU-00209,DC-13-Z06-B039,188,187,185,13,AVAILABLE,150
DC-13,SKU-00167,DC-13-Z07-B030,70,70,71,9,AVAILABLE,120
DC-13,SKU-01002,DC-13-Z07-B015,10,10,10,8,AVAILABLE,79
DC-13,SKU-01080,DC-13-Z02-B054,78,78,78,11,AVAILABLE,32
DC-13,SKU-00564,DC-13-Z03-B060,25,25,28,19,AVAILABLE,56
DC-13,SKU-00171,DC-13-Z08-B064,4,2,4,3,AVAILABLE,37
DC-13,SKU-01072,DC-13-Z10-B017,86,86,86,1,AVAILABLE,33
DC-13,SKU-00433,DC-13-Z01-B058,188,188,188,9,AVAILABLE,41
DC-13,SKU-00886,DC-13-Z01-B048,188,190,187,2,AVAILABLE,91
DC-13,SKU-00208,DC-13-Z02-B063,47,46,44,9,AVAILABLE,23
DC-13,SKU-00827,DC-13-Z10-B014,182,181,182,7,AVAILABLE,93
DC-13,SKU-00379,DC-13-Z09-B008,124,124,121,0,AVAILABLE,158
DC-13,SKU-00701,DC-13-Z11-B043,128,128,129,0,AVAILABLE,154
DC-13,SKU-01096,DC-13-Z11-B039,102,103,105,1,AVAILABLE,91
DC-13,SKU-01136,DC-13-Z05-B038,20,20,20,20,AVAILABLE,20
DC-13,SKU-01152,DC-13-Z03-B009,140,142,137,0,AVAILABLE,110
DC-13,SKU-00246,DC-13-Z12-B042,95,96,96,16,AVAILABLE,93
DC-13,SKU-01162,DC-13-Z07-B048,144,144,141,17,AVAILABLE,113
DC-13,SKU-01042,DC-13-Z07-B078,110,110,113,14,AVAILABLE,30
DC-13,SKU-00677,DC-13-Z08-B055,13,13,14,7,AVAILABLE,180
DC-13,SKU-00068,DC-13-Z09-B060,34,35,33,0,HOLD,26
DC-13,SKU-00844,DC-13-Z06-B031,54,54,51,19,AVAILABLE,47
DC-13,SKU-00437,DC-13-Z05-B037,110,108,107,12,AVAILABLE,143
DC-13,SKU-00191,DC-13-Z06-B080,2,4,2,1,AVAILABLE,75
DC-13,SKU-00283,DC-13-Z02-B017,69,69,70,10,AVAILABLE,169
DC-13,SKU-01010,DC-13-Z07-B012,116,116,116,19,AVAILABLE,117
DC-13,SKU-00641,DC-13-Z04-B005,64,64,64,3,QUARANTINE,6
DC-13,SKU-01115,DC-13-Z08-B017,137,137,137,3,AVAILABLE,100
DC-13,SKU-00566,DC-13-Z02-B051,32,32,31,4,AVAILABLE,66
DC-13,SKU-00386,DC-13-Z11-B036,176,178,177,13,AVAILABLE,93
DC-13,SKU-00237,DC-13-Z05-B021,151,151,151,16,AVAILABLE,47
DC-13,SKU-00059,DC-13-Z03-B068,57,58,54,10,QUARANTINE,18
DC-13,SKU-01101,DC-13-Z10-B035,136,137,136,0,AVAILABLE,124
DC-13,SKU-00868,DC-13-Z01-B030,7,6,6,6,AVAILABLE,42
DC-13,SKU-01019,DC-13-Z11-B033,5,5,5,1,QUARANTINE,139
DC-13,SKU-00102,DC-13-Z08-B054,53,53,50,17,QUARANTINE,41
DC-13,SKU-00816,DC-13-Z06-B059,184,184,184,13,AVAILABLE,80
DC-13,SKU-00550,DC-13-Z12-B025,189,187,189,10,AVAILABLE,51
DC-13,SKU-00736,DC-13-Z07-B056,180,181,177,10,AVAILABLE,55
DC-13,SKU-00153,DC-13-Z08-B018,23,24,24,15,QUARANTINE,129
DC-13,SKU-00487,DC-13-Z09-B078,157,157,160,5,AVAILABLE,120
DC-13,SKU-00546,DC-13-Z07-B022,193,195,193,11,AVAILABLE,24
DC-13,SKU-00291,DC-13-Z05-B073,148,146,148,15,AVAILABLE,137
DC-13,SKU-00419,DC-13-Z05-B074,95,95,98,2,AVAILABLE,76
DC-13,SKU-01059,DC-13-Z03-B055,166,166,167,5,AVAILABLE,67
DC-13,SKU-00461,DC-13-Z12-B030,139,139,139,10,AVAILABLE,43
DC-13,SKU-00930,DC-13-Z07-B051,36,36,36,5,QUARANTINE,21
DC-13,SKU-00423,DC-13-Z06-B045,117,117,118,11,AVAILABLE,122
DC-13,SKU-00632,DC-13-Z03-B027,98,98,98,5,AVAILABLE,1
DC-13,SKU-00155,DC-13-Z10-B036,168,167,167,19,AVAILABLE,129
DC-13,SKU-00515,DC-13-Z04-B051,120,121,120,9,AVAILABLE,37
DC-13,SKU-00247,DC-13-Z02-B030,214,214,211,1,AVAILABLE,119
DC-13,SKU-00275,DC-13-Z07-B052,184,185,184,18,AVAILABLE,57
DC-13,SKU-00934,DC-13-Z07-B056,94,94,94,2,AVAILABLE,49
DC-13,SKU-00189,DC-13-Z10-B011,129,129,128,13,AVAILABLE,76
DC-13,SKU-00240,DC-13-Z01-B024,213,213,213,4,AVAILABLE,127
DC-13,SKU-00373,DC-13-Z11-B033,189,189,190,2,AVAILABLE,124
DC-13,SKU-00007,DC-13-Z12-B010,156,156,153,9,AVAILABLE,176
DC-13,SKU-00067,DC-13-Z08-B072,88,89,91,12,AVAILABLE,155
DC-13,SKU-01174,DC-13-Z06-B063,81,81,82,20,AVAILABLE,148
DC-13,SKU-01085,DC-13-Z04-B048,65,65,68,5,AVAILABLE,119
DC-13,SKU-00268,DC-13-Z06-B010,44,44,41,15,QUARANTINE,119
DC-13,SKU-01125,DC-13-Z07-B011,82,82,85,12,AVAILABLE,41
DC-13,SKU-00879,DC-13-Z03-B059,179,179,176,10,AVAILABLE,100
DC-13,SKU-00380,DC-13-Z09-B053,186,184,186,15,AVAILABLE,127
DC-13,SKU-00481,DC-13-Z11-B080,210,211,211,5,HOLD,132
DC-13,SKU-00430,DC-13-Z12-B054,100,100,101,4,AVAILABLE,135
DC-13,SKU-01148,DC-13-Z09-B058,218,218,219,14,AVAILABLE,117
DC-13,SKU-00032,DC-13-Z08-B065,217,217,214,18,AVAILABLE,11
DC-13,SKU-00381,DC-13-Z05-B035,195,195,198,15,AVAILABLE,174
DC-13,SKU-00514,DC-13-Z02-B039,142,142,143,14,AVAILABLE,163
DC-13,SKU-00123,DC-13-Z03-B063,167,169,167,17,AVAILABLE,176
DC-13,SKU-00002,DC-13-Z08-B030,24,24,23,7,AVAILABLE,155
DC-13,SKU-00802,DC-13-Z02-B057,196,196,193,1,AVAILABLE,3
DC-13,SKU-01142,DC-13-Z06-B064,103,103,104,13,AVAILABLE,55
DC-13,SKU-00913,DC-13-Z04-B061,68,69,68,18,QUARANTINE,45
DC-13,SKU-01084,DC-13-Z10-B054,24,24,24,14,AVAILABLE,49
DC-13,SKU-00278,DC-13-Z09-B013,84,84,84,6,AVAILABLE,169
DC-13,SKU-00021,DC-13-Z08-B003,178,180,179,2,AVAILABLE,72
DC-13,SKU-00188,DC-13-Z01-B067,66,66,66,4,AVAILABLE,153
DC-13,SKU-01012,DC-13-Z12-B080,126,128,126,7,AVAILABLE,15
DC-13,SKU-00260,DC-13-Z08-B064,94,96,91,0,AVAILABLE,132
DC-13,SKU-00288,DC-13-Z11-B020,203,202,203,16,AVAILABLE,1
DC-13,SKU-00185,DC-13-Z09-B054,162,164,163,0,AVAILABLE,45
DC-13,SKU-00996,DC-13-Z07-B047,10,12,9,8,HOLD,38
DC-13,SKU-00756,DC-13-Z12-B056,24,23,21,9,AVAILABLE,93
DC-13,SKU-00725,DC-13-Z03-B033,164,164,167,5,AVAILABLE,53
DC-13,SKU-00413,DC-13-Z09-B002,90,89,90,4,HOLD,93
DC-13,SKU-00125,DC-13-Z05-B006,179,179,182,7,AVAILABLE,11
DC-13,SKU-00516,DC-13-Z10-B034,94,92,91,2,AVAILABLE,30
DC-13,SKU-00698,DC-13-Z03-B070,203,203,206,11,AVAILABLE,74
DC-13,SKU-01098,DC-13-Z01-B011,6,6,7,5,HOLD,106
DC-13,SKU-00391,DC-13-Z08-B035,65,67,62,8,AVAILABLE,109
DC-13,SKU-00221,DC-13-Z12-B031,37,38,37,17,AVAILABLE,47
DC-13,SKU-00724,DC-13-Z04-B064,121,122,118,9,AVAILABLE,48
DC-13,SKU-00492,DC-13-Z05-B038,57,57,56,7,AVAILABLE,101
DC-13,SKU-01104,DC-13-Z02-B080,133,133,130,20,AVAILABLE,71
DC-13,SKU-00263,DC-13-Z12-B041,43,43,44,7,AVAILABLE,99
DC-13,SKU-00482,DC-13-Z10-B073,90,88,89,2,AVAILABLE,177
DC-13,SKU-00808,DC-13-Z04-B013,88,86,88,13,AVAILABLE,4
DC-13,SKU-01061,DC-13-Z08-B037,59,59,60,2,AVAILABLE,76
DC-13,SKU-00333,DC-13-Z07-B002,130,130,133,5,AVAILABLE,137
DC-13,SKU-00555,DC-13-Z03-B034,107,107,107,16,AVAILABLE,119
DC-13,SKU-00252,DC-13-Z11-B012,122,122,125,10,HOLD,129
DC-13,SKU-00909,DC-13-Z04-B047,130,130,129,6,AVAILABLE,46
DC-13,SKU-00494,DC-13-Z07-B061,217,217,216,16,AVAILABLE,57
DC-13,SKU-01188,DC-13-Z02-B012,117,117,114,11,AVAILABLE,66
DC-13,SKU-00119,DC-13-Z08-B066,203,202,202,20,QUARANTINE,0
DC-13,SKU-00704,DC-13-Z07-B016,172,174,172,9,AVAILABLE,141
DC-13,SKU-00951,DC-13-Z10-B034,102,102,102,11,AVAILABLE,176
DC-13,SKU-00917,DC-13-Z12-B080,172,172,172,10,QUARANTINE,124
DC-13,SKU-00966,DC-13-Z06-B031,50,49,50,15,AVAILABLE,46
DC-13,SKU-01036,DC-13-Z09-B063,78,80,78,16,AVAILABLE,32
DC-13,SKU-00401,DC-13-Z06-B023,118,118,121,2,AVAILABLE,118
DC-13,SKU-00040,DC-13-Z06-B063,119,120,119,11,AVAILABLE,103
DC-13,SKU-00239,DC-13-Z10-B062,86,85,86,3,AVAILABLE,17
DC-13,SKU-00761,DC-13-Z05-B030,182,182,183,6,AVAILABLE,67
DC-13,SKU-01130,DC-13-Z07-B033,48,46,47,17,AVAILABLE,112
DC-13,SKU-00838,DC-13-Z04-B007,34,34,34,9,AVAILABLE,44
DC-13,SKU-00363,DC-13-Z10-B063,30,29,31,20,AVAILABLE,143
DC-13,SKU-00424,DC-13-Z06-B029,117,117,116,18,AVAILABLE,170
DC-13,SKU-00947,DC-13-Z10-B042,189,187,192,14,AVAILABLE,160
DC-13,SKU-00025,DC-13-Z11-B026,196,196,199,16,HOLD,31
DC-13,SKU-00018,DC-13-Z04-B008,146,146,146,5,AVAILABLE,148
DC-13,SKU-00070,DC-13-Z01-B001,168,168,165,9,AVAILABLE,174
DC-13,SKU-00318,DC-13-Z01-B026,199,199,199,11,AVAILABLE,160
DC-13,SKU-00520,DC-13-Z03-B008,44,44,41,16,AVAILABLE,35
DC-13,SKU-00603,DC-13-Z11-B018,216,214,217,15,QUARANTINE,170
DC-13,SKU-00272,DC-13-Z01-B001,11,11,8,10,QUARANTINE,163
DC-13,SKU-00568,DC-13-Z01-B037,13,13,12,0,AVAILABLE,173
DC-13,SKU-00327,DC-13-Z09-B061,148,147,148,7,HOLD,134
DC-13,SKU-01154,DC-13-Z07-B037,62,62,61,3,AVAILABLE,118
DC-13,SKU-00199,DC-13-Z05-B063,51,51,51,10,HOLD,38
DC-13,SKU-00623,DC-13-Z04-B035,209,210,212,17,AVAILABLE,41
DC-13,SKU-00911,DC-13-Z10-B066,139,139,140,8,AVAILABLE,20
DC-13,SKU-00964,DC-13-Z03-B071,117,117,120,11,AVAILABLE,6
DC-13,SKU-00807,DC-13-Z10-B078,38,40,37,18,AVAILABLE,167
DC-13,SKU-00364,DC-13-Z08-B066,86,88,85,12,AVAILABLE,1
DC-13,SKU-00626,DC-13-Z01-B056,142,140,145,19,AVAILABLE,159
DC-13,SKU-00258,DC-13-Z06-B079,165,167,162,4,AVAILABLE,161
DC-13,SKU-00422,DC-13-Z06-B032,203,203,204,14,AVAILABLE,164
DC-13,SKU-01083,DC-13-Z03-B034,8,10,5,4,AVAILABLE,174
DC-13,SKU-00561,DC-13-Z12-B050,152,154,155,18,AVAILABLE,177
DC-13,SKU-00587,DC-13-Z08-B001,71,69,74,7,AVAILABLE,42
DC-13,SKU-01066,DC-13-Z10-B067,93,93,93,10,AVAILABLE,174
DC-13,SKU-00813,DC-13-Z09-B066,82,80,81,9,AVAILABLE,107
DC-13,SKU-00896,DC-13-Z05-B018,75,75,78,5,AVAILABLE,99
DC-13,SKU-01108,DC-13-Z11-B068,134,132,133,9,AVAILABLE,153
DC-13,SKU-00292,DC-13-Z03-B039,124,124,124,3,AVAILABLE,9
DC-13,SKU-01011,DC-13-Z01-B028,31,31,31,8,AVAILABLE,82
DC-13,SKU-00782,DC-13-Z07-B037,104,104,105,0,AVAILABLE,153
DC-13,SKU-00787,DC-13-Z01-B024,170,170,171,12,AVAILABLE,43
DC-13,SKU-00325,DC-13-Z04-B003,167,169,167,11,QUARANTINE,154
DC-13,SKU-00154,DC-13-Z12-B026,97,97,97,4,AVAILABLE,24
DC-13,SKU-00650,DC-13-Z03-B041,109,109,109,3,AVAILABLE,95
DC-13,SKU-00558,DC-13-Z11-B078,103,105,103,1,AVAILABLE,121
DC-13,SKU-00200,DC-13-Z05-B048,195,195,192,17,AVAILABLE,84
DC-13,SKU-00581,DC-13-Z08-B015,63,65,66,5,HOLD,50
DC-13,SKU-01185,DC-13-Z12-B046,196,196,197,3,AVAILABLE,2
DC-13,SKU-00197,DC-13-Z04-B073,7,8,4,7,AVAILABLE,26
DC-13,SKU-00628,DC-13-Z01-B029,62,61,65,8,AVAILABLE,78
DC-13,SKU-00439,DC-13-Z06-B054,182,182,182,15,AVAILABLE,64
DC-13,SKU-00665,DC-13-Z11-B076,97,96,97,13,AVAILABLE,11
DC-13,SKU-00150,DC-13-Z09-B018,104,103,104,11,AVAILABLE,92
DC-13,SKU-00411,DC-13-Z01-B055,19,20,20,3,AVAILABLE,141
DC-13,SKU-01118,DC-13-Z02-B059,69,71,69,7,AVAILABLE,165
DC-13,SKU-00899,DC-13-Z12-B056,27,27,28,14,AVAILABLE,178
DC-13,SKU-01117,DC-13-Z11-B038,31,33,32,12,AVAILABLE,145
DC-13,SKU-00010,DC-13-Z10-B005,160,158,159,9,AVAILABLE,21
DC-13,SKU-00085,DC-13-Z03-B034,209,211,209,2,AVAILABLE,149
DC-13,SKU-00060,DC-13-Z05-B080,175,175,176,15,AVAILABLE,60
DC-13,SKU-00029,DC-13-Z03-B058,100,99,100,9,AVAILABLE,176
DC-13,SKU-00642,DC-13-Z07-B069,30,28,30,6,AVAILABLE,36
DC-13,SKU-00274,DC-13-Z01-B042,202,202,202,17,AVAILABLE,4
DC-13,SKU-00267,DC-13-Z12-B064,20,22,17,5,AVAILABLE,50
DC-13,SKU-00427,DC-13-Z11-B062,150,148,153,3,AVAILABLE,134
DC-13,SKU-00527,DC-13-Z04-B008,75,75,75,18,AVAILABLE,168
DC-13,SKU-00233,DC-13-Z04-B078,23,23,23,12,AVAILABLE,178
DC-13,SKU-00983,DC-13-Z10-B080,1,1,1,1,AVAILABLE,41
DC-13,SKU-00958,DC-13-Z07-B045,112,112,112,18,AVAILABLE,179
DC-13,SKU-00500,DC-13-Z09-B011,77,77,76,9,AVAILABLE,165
DC-13,SKU-00914,DC-13-Z10-B054,45,45,46,12,AVAILABLE,83
DC-13,SKU-00648,DC-13-Z06-B059,188,189,191,9,AVAILABLE,96
DC-13,SKU-00235,DC-13-Z12-B075,87,87,88,8,AVAILABLE,119
DC-13,SKU-00261,DC-13-Z05-B010,218,216,218,13,AVAILABLE,171
DC-13,SKU-00392,DC-13-Z06-B059,196,196,193,15,AVAILABLE,60
DC-13,SKU-00092,DC-13-Z04-B018,211,212,214,17,AVAILABLE,140
DC-13,SKU-00885,DC-13-Z08-B026,173,175,173,0,AVAILABLE,62
DC-13,SKU-00769,DC-13-Z11-B023,197,197,200,7,AVAILABLE,70
DC-13,SKU-00136,DC-13-Z09-B061,116,116,115,19,AVAILABLE,106
DC-13,SKU-01051,DC-13-Z06-B010,81,83,82,13,AVAILABLE,123
DC-13,SKU-00586,DC-13-Z06-B073,50,51,50,6,AVAILABLE,61
DC-13,SKU-00940,DC-13-Z12-B025,37,37,37,12,AVAILABLE,137
DC-13,SKU-00336,DC-13-Z09-B031,50,51,47,16,HOLD,2
DC-13,SKU-01184,DC-13-Z05-B076,144,142,145,2,HOLD,32
DC-13,SKU-00902,DC-13-Z05-B006,25,25,22,1,AVAILABLE,49
DC-13,SKU-00495,DC-13-Z04-B054,84,84,84,12,AVAILABLE,132
DC-13,SKU-00004,DC-13-Z11-B073,164,165,161,19,QUARANTINE,102
DC-13,SKU-00301,DC-13-Z04-B073,203,203,202,5,AVAILABLE,59
DC-13,SKU-00320,DC-13-Z06-B053,179,179,180,7,AVAILABLE,155
DC-13,SKU-00039,DC-13-Z09-B045,78,78,79,16,AVAILABLE,69
DC-13,SKU-01196,DC-13-Z11-B077,196,197,199,12,AVAILABLE,115
DC-13,SKU-00429,DC-13-Z05-B031,2,2,5,0,AVAILABLE,60
DC-13,SKU-00834,DC-13-Z07-B047,71,73,71,2,AVAILABLE,59
DC-13,SKU-00501,DC-13-Z02-B053,10,10,13,7,AVAILABLE,53
DC-13,SKU-01068,DC-13-Z08-B064,112,112,111,10,AVAILABLE,125
DC-13,SKU-00728,DC-13-Z06-B055,35,33,32,0,AVAILABLE,19
DC-13,SKU-00164,DC-13-Z10-B001,66,66,67,11,AVAILABLE,55
DC-13,SKU-00971,DC-13-Z04-B039,196,196,193,19,AVAILABLE,129
DC-13,SKU-00385,DC-13-Z08-B028,96,94,97,14,QUARANTINE,33
DC-13,SKU-00689,DC-13-Z03-B055,89,91,90,8,AVAILABLE,160
DC-13,SKU-01113,DC-13-Z05-B017,96,96,96,9,AVAILABLE,1
DC-13,SKU-00583,DC-13-Z09-B073,219,221,219,6,HOLD,3
DC-13,SKU-01020,DC-13-Z06-B064,47,49,46,9,QUARANTINE,167
DC-13,SKU-01173,DC-13-Z03-B058,62,62,62,7,AVAILABLE,127
DC-13,SKU-00829,DC-13-Z03-B059,140,139,140,3,AVAILABLE,83
DC-13,SKU-00846,DC-13-Z12-B056,154,154,154,6,AVAILABLE,39
DC-13,SKU-00949,DC-13-Z02-B029,185,184,188,16,AVAILABLE,79
DC-13,SKU-01016,DC-13-Z11-B010,123,122,123,13,AVAILABLE,96
DC-13,SKU-00280,DC-13-Z05-B029,18,18,18,12,AVAILABLE,145
DC-13,SKU-00805,DC-13-Z11-B069,48,46,45,16,AVAILABLE,72
DC-13,SKU-00894,DC-13-Z10-B070,163,165,160,14,HOLD,29
DC-13,SKU-00928,DC-13-Z08-B030,218,219,218,6,AVAILABLE,150
DC-13,SKU-00591,DC-13-Z03-B054,136,138,136,0,HOLD,16
DC-13,SKU-00404,DC-13-Z02-B026,110,111,107,13,AVAILABLE,34
DC-13,SKU-01090,DC-13-Z05-B025,216,214,216,17,AVAILABLE,63
DC-13,SKU-00880,DC-13-Z02-B030,133,131,132,3,AVAILABLE,88
DC-13,SKU-00044,DC-13-Z04-B004,77,75,78,2,AVAILABLE,44
DC-13,SKU-00588,DC-13-Z08-B064,113,113,112,4,AVAILABLE,107
DC-13,SKU-00552,DC-13-Z06-B020,155,156,155,12,HOLD,14
DC-13,SKU-00563,DC-13-Z05-B071,71,71,70,19,AVAILABLE,61
DC-13,SKU-00766,DC-13-Z10-B050,156,156,157,0,AVAILABLE,178
DC-13,SKU-00443,DC-13-Z06-B030,218,216,217,15,AVAILABLE,5
DC-13,SKU-00086,DC-13-Z01-B075,8,9,8,0,AVAILABLE,67
DC-13,SKU-01199,DC-13-Z09-B069,169,168,172,15,AVAILABLE,70
DC-13,SKU-00483,DC-13-Z10-B038,105,107,105,13,QUARANTINE,170
DC-13,SKU-00821,DC-13-Z12-B035,142,144,141,17,AVAILABLE,118
DC-13,SKU-00024,DC-13-Z06-B071,63,63,62,12,AVAILABLE,36
DC-13,SKU-00211,DC-13-Z12-B003,18,18,15,6,HOLD,159
DC-13,SKU-00195,DC-13-Z11-B026,117,119,116,9,AVAILABLE,119
DC-13,SKU-00383,DC-13-Z05-B053,113,111,112,0,AVAILABLE,105
DC-13,SKU-00006,DC-13-Z07-B065,188,188,189,1,AVAILABLE,168
DC-13,SKU-00304,DC-13-Z04-B008,129,129,132,2,HOLD,99
DC-13,SKU-00448,DC-13-Z09-B037,19,21,19,19,QUARANTINE,28
DC-13,SKU-00905,DC-13-Z03-B060,114,116,114,8,AVAILABLE,102
DC-13,SKU-01031,DC-13-Z02-B073,100,100,100,10,AVAILABLE,20
DC-13,SKU-00134,DC-13-Z04-B052,211,212,211,4,AVAILABLE,98
DC-13,SKU-00377,DC-13-Z10-B067,157,158,154,18,AVAILABLE,12
DC-13,SKU-00316,DC-13-Z02-B008,187,188,188,7,QUARANTINE,158
DC-13,SKU-00737,DC-13-Z04-B021,11,9,8,4,AVAILABLE,156
DC-13,SKU-00382,DC-13-Z03-B037,45,43,44,9,AVAILABLE,61
DC-13,SKU-00243,DC-13-Z02-B069,141,139,142,11,AVAILABLE,164
DC-13,SKU-00142,DC-13-Z11-B067,70,70,70,0,AVAILABLE,161
DC-13,SKU-00696,DC-13-Z05-B015,176,176,179,7,AVAILABLE,48
DC-13,SKU-01105,DC-13-Z07-B027,38,38,39,7,AVAILABLE,75
DC-13,SKU-00690,DC-13-Z11-B002,168,168,168,17,AVAILABLE,5
DC-13,SKU-00783,DC-13-Z04-B003,143,143,143,0,AVAILABLE,1
DC-13,SKU-00080,DC-13-Z03-B059,69,68,66,17,AVAILABLE,168
DC-13,SKU-00163,DC-13-Z02-B061,59,59,59,4,AVAILABLE,118
DC-13,SKU-01153,DC-13-Z10-B026,153,152,154,7,AVAILABLE,59
DC-13,SKU-00449,DC-13-Z05-B033,124,125,125,15,AVAILABLE,4
DC-13,SKU-00967,DC-13-Z06-B029,10,10,13,7,AVAILABLE,117
DC-13,SKU-00961,DC-13-Z05-B049,55,57,55,1,AVAILABLE,6
DC-13,SKU-00219,DC-13-Z05-B018,87,87,86,19,AVAILABLE,32
DC-13,SKU-01038,DC-13-Z08-B024,220,221,217,13,AVAILABLE,46
DC-13,SKU-00452,DC-13-Z09-B014,6,6,6,2,AVAILABLE,83
DC-13,SKU-00712,DC-13-Z05-B035,98,96,97,19,AVAILABLE,32
DC-13,SKU-00317,DC-13-Z08-B068,47,47,47,8,HOLD,67
DC-13,SKU-00612,DC-13-Z10-B017,107,107,107,5,AVAILABLE,15
DC-13,SKU-00952,DC-13-Z10-B052,170,168,167,17,QUARANTINE,79
DC-13,SKU-00030,DC-13-Z09-B051,51,51,54,1,AVAILABLE,155
DC-13,SKU-00101,DC-13-Z03-B026,193,193,193,3,AVAILABLE,162
DC-13,SKU-00337,DC-13-Z03-B068,96,98,95,3,AVAILABLE,32
DC-13,SKU-00659,DC-13-Z07-B022,3,3,3,3,AVAILABLE,65
DC-13,SKU-00144,DC-13-Z09-B026,16,15,16,15,AVAILABLE,180
DC-13,SKU-00666,DC-13-Z06-B019,148,150,148,12,AVAILABLE,161
DC-13,SKU-00257,DC-13-Z02-B039,191,191,190,2,AVAILABLE,73
DC-13,SKU-00773,DC-13-Z10-B040,69,71,66,9,AVAILABLE,70
DC-13,SKU-00314,DC-13-Z03-B046,142,140,142,13,AVAILABLE,27
DC-13,SKU-00789,DC-13-Z02-B006,158,156,161,14,AVAILABLE,151
DC-13,SKU-01049,DC-13-Z02-B005,87,87,90,14,AVAILABLE,115
DC-13,SKU-00346,DC-13-Z05-B046,7,9,7,6,AVAILABLE,67
DC-13,SKU-00176,DC-13-Z08-B020,145,143,144,19,AVAILABLE,106
DC-13,SKU-01146,DC-13-Z02-B045,191,191,191,10,AVAILABLE,178
DC-13,SKU-00215,DC-13-Z04-B061,118,116,118,7,AVAILABLE,40
DC-13,SKU-01089,DC-13-Z11-B018,139,138,142,12,AVAILABLE,132
DC-13,SKU-01175,DC-13-Z10-B031,141,143,141,11,AVAILABLE,150
DC-13,SKU-00817,DC-13-Z05-B037,114,112,115,8,AVAILABLE,51
DC-13,SKU-00161,DC-13-Z08-B042,55,55,56,15,AVAILABLE,147
DC-13,SKU-00980,DC-13-Z01-B072,96,96,95,6,AVAILABLE,43
DC-13,SKU-01025,DC-13-Z10-B054,169,170,169,1,AVAILABLE,75
DC-13,SKU-00264,DC-13-Z05-B049,174,174,173,7,AVAILABLE,172
DC-13,SKU-00990,DC-13-Z07-B051,203,203,202,11,AVAILABLE,141
DC-13,SKU-00408,DC-13-Z07-B051,147,146,147,11,AVAILABLE,97
DC-13,SKU-00529,DC-13-Z09-B014,164,164,165,12,AVAILABLE,56
DC-13,SKU-00049,DC-13-Z06-B035,187,187,187,18,AVAILABLE,113
DC-13,SKU-00207,DC-13-Z06-B028,43,43,42,12,HOLD,131
DC-13,SKU-00849,DC-13-Z11-B036,204,203,204,13,AVAILABLE,112
DC-13,SKU-01024,DC-13-Z06-B045,151,152,151,16,AVAILABLE,15
DC-13,SKU-00063,DC-13-Z07-B018,46,44,45,14,QUARANTINE,145
DC-13,SKU-01137,DC-13-Z11-B009,65,65,65,11,AVAILABLE,66
DC-13,SKU-00748,DC-13-Z06-B022,5,7,5,3,AVAILABLE,100
DC-13,SKU-00582,DC-13-Z07-B007,140,139,139,17,AVAILABLE,175
DC-13,SKU-00804,DC-13-Z07-B033,173,173,176,1,AVAILABLE,165
DC-13,SKU-00348,DC-13-Z10-B032,52,52,51,9,AVAILABLE,77
DC-13,SKU-01127,DC-13-Z07-B033,43,43,43,1,AVAILABLE,98
DC-13,SKU-00459,DC-13-Z05-B077,54,53,54,9,AVAILABLE,172
DC-13,SKU-01075,DC-13-Z04-B005,83,85,82,18,AVAILABLE,87
DC-13,SKU-00784,DC-13-Z02-B008,113,114,113,14,AVAILABLE,7
DC-13,SKU-01099,DC-13-Z03-B023,194,192,191,20,AVAILABLE,106
DC-13,SKU-00526,DC-13-Z12-B051,8,8,9,8,AVAILABLE,4
DC-13,SKU-00497,DC-13-Z06-B063,217,216,218,3,AVAILABLE,94
DC-13,SKU-00075,DC-13-Z05-B029,171,173,174,15,AVAILABLE,101
DC-13,SKU-00181,DC-13-Z11-B016,214,214,211,11,AVAILABLE,105
DC-13,SKU-00473,DC-13-Z11-B061,204,202,201,20,AVAILABLE,14
DC-13,SKU-00178,DC-13-Z05-B062,199,199,199,13,AVAILABLE,163
DC-13,SKU-00995,DC-13-Z01-B076,123,125,122,8,AVAILABLE,13
DC-13,SKU-00133,DC-13-Z11-B048,15,15,15,8,AVAILABLE,133
DC-13,SKU-01151,DC-13-Z01-B012,138,137,139,7,AVAILABLE,53
DC-13,SKU-01198,DC-13-Z01-B046,6,6,5,2,AVAILABLE,53
DC-13,SKU-00833,DC-13-Z03-B024,90,92,89,20,AVAILABLE,2
DC-13,SKU-01191,DC-13-Z09-B032,162,160,161,3,AVAILABLE,122
DC-13,SKU-00978,DC-13-Z04-B054,123,123,123,2,AVAILABLE,159
DC-13,SKU-00593,DC-13-Z06-B058,213,212,213,17,QUARANTINE,63
DC-13,SKU-00347,DC-13-Z04-B011,186,186,189,7,QUARANTINE,100
DC-13,SKU-00663,DC-13-Z02-B044,169,169,168,19,AVAILABLE,78
DC-13,SKU-00289,DC-13-Z06-B008,120,120,120,9,AVAILABLE,36
DC-13,SKU-00622,DC-13-Z07-B060,170,172,170,5,AVAILABLE,35
DC-13,SKU-00973,DC-13-Z02-B009,11,10,14,0,AVAILABLE,55
DC-13,SKU-00963,DC-13-Z04-B056,154,154,154,14,AVAILABLE,147
DC-13,SKU-00866,DC-13-Z11-B015,160,162,160,1,AVAILABLE,157
DC-13,SKU-00328,DC-13-Z08-B055,8,6,7,8,HOLD,64
DC-13,SKU-00303,DC-13-Z08-B035,50,48,50,10,HOLD,62
DC-13,SKU-01124,DC-13-Z02-B076,186,185,183,10,QUARANTINE,169
DC-13,SKU-00112,DC-13-Z07-B003,184,184,187,1,AVAILABLE,34
DC-13,SKU-00751,DC-13-Z10-B033,198,198,197,7,AVAILABLE,162
DC-13,SKU-00743,DC-13-Z04-B011,220,219,223,16,AVAILABLE,84
DC-13,SKU-00790,DC-13-Z01-B009,219,219,218,9,HOLD,123
DC-13,SKU-00008,DC-13-Z12-B025,61,60,58,19,AVAILABLE,116
DC-13,SKU-01166,DC-13-Z05-B044,114,115,117,6,AVAILABLE,178
DC-13,SKU-01027,DC-13-Z07-B023,123,121,123,3,AVAILABLE,162
DC-13,SKU-01094,DC-13-Z12-B052,5,7,8,0,AVAILABLE,101
DC-13,SKU-00884,DC-13-Z02-B060,133,133,136,1,AVAILABLE,102
DC-13,SKU-01053,DC-13-Z05-B009,108,109,108,3,AVAILABLE,85
DC-13,SKU-00863,DC-13-Z11-B080,133,131,133,3,AVAILABLE,27
DC-13,SKU-00840,DC-13-Z06-B042,89,89,89,2,AVAILABLE,17
DC-13,SKU-00173,DC-13-Z05-B078,123,124,120,8,AVAILABLE,136
DC-13,SKU-00594,DC-13-Z08-B070,107,107,107,19,AVAILABLE,14
DC-13,SKU-00350,DC-13-Z08-B038,30,28,30,18,AVAILABLE,175
DC-13,SKU-00169,DC-13-Z05-B019,180,178,179,1,AVAILABLE,131
DC-13,SKU-00644,DC-13-Z12-B041,29,29,30,13,AVAILABLE,143
DC-13,SKU-00992,DC-13-Z12-B077,189,189,192,0,AVAILABLE,109
DC-13,SKU-01008,DC-13-Z10-B056,16,18,15,16,AVAILABLE,32
DC-13,SKU-00715,DC-13-Z06-B038,188,188,185,14,AVAILABLE,51
DC-13,SKU-00573,DC-13-Z05-B011,102,104,101,5,AVAILABLE,98
DC-13,SKU-00001,DC-13-Z02-B035,101,100,101,1,QUARANTINE,112
DC-13,SKU-00651,DC-13-Z09-B077,201,199,201,2,AVAILABLE,159
DC-13,SKU-01129,DC-13-Z04-B006,200,200,203,20,AVAILABLE,110
DC-13,SKU-00744,DC-13-Z10-B011,55,56,55,20,AVAILABLE,179
DC-13,SKU-00703,DC-13-Z12-B035,151,152,151,16,AVAILABLE,171
DC-13,SKU-00955,DC-13-Z03-B057,74,74,74,10,AVAILABLE,87
DC-13,SKU-00968,DC-13-Z03-B070,55,56,56,2,QUARANTINE,28
DC-13,SKU-01135,DC-13-Z04-B014,58,58,58,9,AVAILABLE,84
DC-13,SKU-01163,DC-13-Z11-B071,63,65,66,0,AVAILABLE,137
DC-13,SKU-00342,DC-13-Z10-B060,177,179,180,2,AVAILABLE,178
DC-13,SKU-00826,DC-13-Z01-B048,91,92,94,18,AVAILABLE,84
DC-13,SKU-00627,DC-13-Z10-B023,56,57,55,20,AVAILABLE,65
DC-13,SKU-00143,DC-13-Z11-B020,134,135,134,4,AVAILABLE,167
DC-13,SKU-01015,DC-13-Z05-B074,217,215,214,3,HOLD,102
DC-13,SKU-01159,DC-13-Z02-B067,98,100,99,11,AVAILABLE,38
DC-13,SKU-00354,DC-13-Z01-B057,109,109,109,10,AVAILABLE,128
DC-13,SKU-00643,DC-13-Z03-B005,116,117,116,13,AVAILABLE,156
DC-13,SKU-00521,DC-13-Z04-B005,174,172,175,2,AVAILABLE,120
DC-13,SKU-01023,DC-13-Z10-B021,108,108,105,16,AVAILABLE,7
DC-13,SKU-00972,DC-13-Z12-B021,171,169,171,19,AVAILABLE,97
DC-13,SKU-00334,DC-13-Z02-B070,79,79,80,0,AVAILABLE,150
DC-13,SKU-00306,DC-13-Z06-B025,108,108,107,19,AVAILABLE,132
DC-13,SKU-00684,DC-13-Z05-B070,73,72,73,6,AVAILABLE,111
DC-13,SKU-00735,DC-13-Z10-B073,152,152,155,18,AVAILABLE,86
DC-13,SKU-00056,DC-13-Z08-B008,8,6,8,3,AVAILABLE,133
DC-13,SKU-00786,DC-13-Z03-B035,40,40,40,11,AVAILABLE,171
DC-13,SKU-01107,DC-13-Z02-B050,13,13,13,5,AVAILABLE,165
DC-13,SKU-00994,DC-13-Z09-B025,2,3,2,2,AVAILABLE,147
DC-13,SKU-01076,DC-13-Z04-B045,202,204,202,17,AVAILABLE,4
DC-13,SKU-00298,DC-13-Z10-B040,68,68,69,12,AVAILABLE,114
DC-13,SKU-00329,DC-13-Z08-B079,207,205,207,0,QUARANTINE,168
DC-13,SKU-00305,DC-13-Z06-B020,164,162,167,6,AVAILABLE,45
DC-13,SKU-00465,DC-13-Z05-B015,55,55,55,1,AVAILABLE,141
DC-13,SKU-00532,DC-13-Z03-B027,131,131,131,3,AVAILABLE,133
DC-13,SKU-01029,DC-13-Z08-B071,190,190,190,5,AVAILABLE,50
DC-13,SKU-00792,DC-13-Z03-B069,38,38,38,10,AVAILABLE,43
DC-13,SKU-00114,DC-13-Z08-B029,112,111,109,18,AVAILABLE,38
DC-13,SKU-01138,DC-13-Z11-B043,185,184,185,17,AVAILABLE,105
DC-13,SKU-00322,DC-13-Z06-B069,154,152,153,16,AVAILABLE,33
DC-13,SKU-00470,DC-13-Z12-B006,183,184,180,0,AVAILABLE,109
DC-13,SKU-00517,DC-13-Z01-B026,72,72,73,12,AVAILABLE,90
DC-13,SKU-00559,DC-13-Z10-B054,79,80,82,18,AVAILABLE,52
DC-13,SKU-00312,DC-13-Z08-B038,166,166,165,7,AVAILABLE,113
DC-13,SKU-00878,DC-13-Z02-B029,72,74,69,8,AVAILABLE,115
DC-13,SKU-00810,DC-13-Z10-B019,30,31,31,8,QUARANTINE,13
DC-13,SKU-01179,DC-13-Z08-B006,68,66,68,13,AVAILABLE,8
DC-13,SKU-00672,DC-13-Z08-B070,163,163,163,10,AVAILABLE,70
DC-13,SKU-00713,DC-13-Z06-B037,179,179,182,19,AVAILABLE,3
DC-13,SKU-00319,DC-13-Z09-B055,29,31,30,18,AVAILABLE,120
DC-13,SKU-00570,DC-13-Z07-B003,50,50,50,6,AVAILABLE,140
DC-13,SKU-00502,DC-13-Z07-B004,176,176,176,1,AVAILABLE,36
DC-13,SKU-00723,DC-13-Z10-B063,116,116,116,10,AVAILABLE,156
DC-13,SKU-00315,DC-13-Z01-B003,48,47,48,10,AVAILABLE,170
DC-13,SKU-01065,DC-13-Z09-B030,196,196,196,5,HOLD,59
DC-13,SKU-00694,DC-13-Z12-B039,154,154,154,12,AVAILABLE,147
DC-13,SKU-00250,DC-13-Z11-B052,116,118,116,6,AVAILABLE,63
DC-13,SKU-01119,DC-13-Z03-B058,78,80,78,19,AVAILABLE,121
DC-13,SKU-00165,DC-13-Z05-B002,144,146,145,12,AVAILABLE,121
DC-13,SKU-00900,DC-13-Z03-B001,22,22,22,7,AVAILABLE,98
DC-13,SKU-00993,DC-13-Z08-B058,20,20,21,15,AVAILABLE,35
DC-13,SKU-01055,DC-13-Z05-B049,190,191,191,6,AVAILABLE,108
DC-13,SKU-00888,DC-13-Z09-B065,159,157,159,17,AVAILABLE,118
DC-13,SKU-00774,DC-13-Z12-B020,11,12,8,5,QUARANTINE,158
DC-13,SKU-01091,DC-13-Z12-B028,56,57,56,15,AVAILABLE,95
DC-13,SKU-00100,DC-13-Z10-B067,154,154,153,2,AVAILABLE,66
DC-13,SKU-00539,DC-13-Z05-B045,174,174,175,13,AVAILABLE,27
DC-13,SKU-00613,DC-13-Z08-B029,55,56,58,9,HOLD,40
DC-13,SKU-00800,DC-13-Z01-B080,155,157,156,11,AVAILABLE,127
DC-13,SKU-00542,DC-13-Z10-B017,214,214,217,16,AVAILABLE,7
DC-13,SKU-00321,DC-13-Z02-B070,19,19,19,8,AVAILABLE,177
DC-13,SKU-00285,DC-13-Z04-B049,172,172,173,17,AVAILABLE,40
DC-13,SKU-00733,DC-13-Z09-B072,135,135,138,8,AVAILABLE,169
DC-13,SKU-00608,DC-13-Z03-B031,134,134,134,7,AVAILABLE,66
DC-13,SKU-00530,DC-13-Z08-B064,47,49,47,1,AVAILABLE,144
DC-13,SKU-00110,DC-13-Z06-B072,3,3,2,0,AVAILABLE,18
DC-13,SKU-01045,DC-13-Z04-B037,45,43,44,20,HOLD,14
DC-13,SKU-00053,DC-13-Z10-B079,139,139,139,7,AVAILABLE,87
DC-13,SKU-01071,DC-13-Z06-B039,213,214,213,20,AVAILABLE,148
DC-13,SKU-01030,DC-13-Z08-B017,36,36,37,3,HOLD,49
DC-13,SKU-00919,DC-13-Z04-B015,183,185,186,13,AVAILABLE,104
DC-13,SKU-00747,DC-13-Z12-B070,51,50,48,3,AVAILABLE,119
DC-13,SKU-00565,DC-13-Z12-B052,104,104,104,15,AVAILABLE,106
DC-13,SKU-00331,DC-13-Z09-B054,49,47,49,1,QUARANTINE,27
DC-13,SKU-00290,DC-13-Z09-B044,132,132,132,4,AVAILABLE,126
DC-13,SKU-00673,DC-13-Z12-B003,155,155,155,1,AVAILABLE,17
DC-13,SKU-00847,DC-13-Z10-B054,174,173,175,5,HOLD,125
DC-13,SKU-00471,DC-13-Z09-B003,143,142,144,15,AVAILABLE,75
DC-13,SKU-00031,DC-13-Z05-B060,41,41,40,0,AVAILABLE,32
DC-13,SKU-00447,DC-13-Z11-B014,198,196,197,12,AVAILABLE,43
DC-13,SKU-00407,DC-13-Z10-B030,137,136,138,10,AVAILABLE,65
DC-13,SKU-00505,DC-13-Z07-B075,211,211,214,17,AVAILABLE,73
DC-13,SKU-00890,DC-13-Z12-B032,152,152,149,5,AVAILABLE,15
DC-13,SKU-00924,DC-13-Z06-B069,215,215,215,19,AVAILABLE,10
DC-13,SKU-00695,DC-13-Z10-B050,107,107,104,1,AVAILABLE,13
DC-13,SKU-00232,DC-13-Z08-B074,8,8,11,5,QUARANTINE,29
DC-13,SKU-00081,DC-13-Z05-B031,164,163,165,7,AVAILABLE,138
DC-13,SKU-00569,DC-13-Z08-B057,34,34,34,16,AVAILABLE,21
DC-13,SKU-00750,DC-13-Z12-B015,210,210,213,16,AVAILABLE,126
DC-14,SKU-00661,DC-14-Z11-B019,17,18,20,1,AVAILABLE,130
DC-14,SKU-00503,DC-14-Z10-B036,32,32,32,8,QUARANTINE,180
DC-14,SKU-00925,DC-14-Z04-B007,122,120,119,15,AVAILABLE,103
DC-14,SKU-00850,DC-14-Z10-B014,218,218,218,2,AVAILABLE,170
DC-14,SKU-00957,DC-14-Z10-B046,158,158,155,5,AVAILABLE,76
DC-14,SKU-00108,DC-14-Z05-B032,15,15,14,15,QUARANTINE,38
DC-14,SKU-01167,DC-14-Z08-B035,109,108,109,18,QUARANTINE,121
DC-14,SKU-00540,DC-14-Z07-B020,101,102,104,6,AVAILABLE,7
DC-14,SKU-01066,DC-14-Z06-B036,160,158,161,4,AVAILABLE,51
DC-14,SKU-01041,DC-14-Z11-B009,169,169,169,2,AVAILABLE,91
DC-14,SKU-00301,DC-14-Z08-B052,98,98,98,8,AVAILABLE,76
DC-14,SKU-00437,DC-14-Z04-B065,4,4,4,4,AVAILABLE,133
DC-14,SKU-00829,DC-14-Z11-B019,39,39,39,11,AVAILABLE,99
DC-14,SKU-00319,DC-14-Z05-B050,9,10,9,5,QUARANTINE,149
DC-14,SKU-00074,DC-14-Z10-B073,166,164,167,19,AVAILABLE,171
DC-14,SKU-00397,DC-14-Z10-B061,28,27,28,16,AVAILABLE,77
DC-14,SKU-00037,DC-14-Z08-B017,62,62,63,10,AVAILABLE,71
DC-14,SKU-00302,DC-14-Z07-B079,98,98,98,13,AVAILABLE,104
DC-14,SKU-00798,DC-14-Z05-B029,29,29,28,9,AVAILABLE,22
DC-14,SKU-00257,DC-14-Z05-B049,215,217,215,17,AVAILABLE,89
DC-14,SKU-00160,DC-14-Z08-B067,182,182,182,2,AVAILABLE,39
DC-14,SKU-00576,DC-14-Z03-B076,79,79,78,2,AVAILABLE,0
DC-14,SKU-00643,DC-14-Z01-B073,206,206,206,17,AVAILABLE,150
DC-14,SKU-00507,DC-14-Z08-B002,173,173,173,2,HOLD,91
DC-14,SKU-00931,DC-14-Z12-B024,16,16,13,16,AVAILABLE,1
DC-14,SKU-00732,DC-14-Z03-B022,128,128,128,19,AVAILABLE,177
DC-14,SKU-00316,DC-14-Z06-B008,109,109,109,20,AVAILABLE,30
DC-14,SKU-00669,DC-14-Z01-B061,64,63,67,16,AVAILABLE,19
DC-14,SKU-01083,DC-14-Z05-B021,22,24,22,2,AVAILABLE,115
DC-14,SKU-00305,DC-14-Z04-B038,70,68,70,0,HOLD,57
DC-14,SKU-00514,DC-14-Z02-B052,29,29,26,15,AVAILABLE,59
DC-14,SKU-00020,DC-14-Z11-B046,82,81,82,2,AVAILABLE,131
DC-14,SKU-00963,DC-14-Z04-B011,43,45,46,8,AVAILABLE,176
DC-14,SKU-00616,DC-14-Z09-B043,207,208,210,0,AVAILABLE,174
DC-14,SKU-00296,DC-14-Z09-B051,86,86,86,5,AVAILABLE,129
DC-14,SKU-00489,DC-14-Z06-B074,172,171,169,20,AVAILABLE,165
DC-14,SKU-00721,DC-14-Z12-B029,38,36,41,9,QUARANTINE,153
DC-14,SKU-00420,DC-14-Z04-B007,133,133,133,19,QUARANTINE,113
DC-14,SKU-00872,DC-14-Z09-B040,128,128,128,3,AVAILABLE,7
DC-14,SKU-00523,DC-14-Z06-B065,187,187,184,18,AVAILABLE,66
DC-14,SKU-00805,DC-14-Z03-B022,74,76,74,4,AVAILABLE,70
DC-14,SKU-00720,DC-14-Z08-B053,40,40,37,10,HOLD,68
DC-14,SKU-00856,DC-14-Z04-B014,14,13,15,11,AVAILABLE,145
DC-14,SKU-00463,DC-14-Z09-B067,154,154,154,5,AVAILABLE,52
DC-14,SKU-00884,DC-14-Z09-B059,18,16,21,6,AVAILABLE,60
DC-14,SKU-00597,DC-14-Z04-B016,146,146,143,8,AVAILABLE,53
DC-14,SKU-00681,DC-14-Z02-B041,117,117,114,14,AVAILABLE,138
DC-14,SKU-00096,DC-14-Z03-B029,185,185,185,14,AVAILABLE,19
DC-14,SKU-00674,DC-14-Z08-B021,132,132,132,12,AVAILABLE,100
DC-14,SKU-01056,DC-14-Z05-B073,206,206,206,10,AVAILABLE,9
DC-14,SKU-00930,DC-14-Z07-B007,214,212,215,4,AVAILABLE,161
DC-14,SKU-00377,DC-14-Z08-B041,63,63,60,18,HOLD,10
DC-14,SKU-00526,DC-14-Z07-B074,187,187,190,8,HOLD,113
DC-14,SKU-00243,DC-14-Z10-B036,142,142,142,1,AVAILABLE,112
DC-14,SKU-01168,DC-14-Z04-B011,208,208,208,16,AVAILABLE,62
DC-14,SKU-01008,DC-14-Z03-B060,156,156,153,13,AVAILABLE,130
DC-14,SKU-00287,DC-14-Z08-B026,88,87,85,3,AVAILABLE,178
DC-14,SKU-00849,DC-14-Z06-B062,197,195,196,6,AVAILABLE,172
DC-14,SKU-00610,DC-14-Z04-B049,54,54,57,0,QUARANTINE,20
DC-14,SKU-00978,DC-14-Z01-B043,173,173,176,10,AVAILABLE,119
DC-14,SKU-00830,DC-14-Z10-B039,77,76,77,18,AVAILABLE,29
DC-14,SKU-00022,DC-14-Z01-B014,99,99,99,1,AVAILABLE,129
DC-14,SKU-00719,DC-14-Z02-B065,30,30,31,6,AVAILABLE,63
DC-14,SKU-00912,DC-14-Z08-B061,125,125,125,7,QUARANTINE,115
DC-14,SKU-00488,DC-14-Z10-B038,2,0,3,0,AVAILABLE,147
DC-14,SKU-00832,DC-14-Z05-B050,92,92,95,3,AVAILABLE,152
DC-14,SKU-00559,DC-14-Z04-B067,6,7,6,3,AVAILABLE,110
DC-14,SKU-01126,DC-14-Z03-B050,157,157,157,16,AVAILABLE,84
DC-14,SKU-01132,DC-14-Z11-B060,200,202,200,17,AVAILABLE,61
DC-14,SKU-01088,DC-14-Z10-B053,46,46,43,8,HOLD,89
DC-14,SKU-00104,DC-14-Z03-B022,142,142,145,7,AVAILABLE,78
DC-14,SKU-01120,DC-14-Z04-B006,80,80,83,5,AVAILABLE,134
DC-14,SKU-01104,DC-14-Z10-B029,59,57,60,15,AVAILABLE,29
DC-14,SKU-00004,DC-14-Z01-B018,121,119,124,3,AVAILABLE,40
DC-14,SKU-00501,DC-14-Z06-B013,203,203,203,10,AVAILABLE,165
DC-14,SKU-01054,DC-14-Z11-B023,71,70,70,14,HOLD,111
DC-14,SKU-00458,DC-14-Z12-B031,26,26,25,2,AVAILABLE,128
DC-14,SKU-00890,DC-14-Z05-B007,188,189,191,20,AVAILABLE,46
DC-14,SKU-01060,DC-14-Z05-B055,217,217,218,6,AVAILABLE,142
DC-14,SKU-00816,DC-14-Z01-B023,60,60,60,13,AVAILABLE,164
DC-14,SKU-00447,DC-14-Z10-B016,170,170,170,19,QUARANTINE,158
DC-14,SKU-00209,DC-14-Z09-B010,102,103,102,18,AVAILABLE,39
DC-14,SKU-00281,DC-14-Z06-B038,166,166,167,19,AVAILABLE,51
DC-14,SKU-00969,DC-14-Z07-B070,179,179,182,11,AVAILABLE,73
DC-14,SKU-00429,DC-14-Z08-B026,186,186,183,14,HOLD,38
DC-14,SKU-00292,DC-14-Z06-B046,15,15,16,11,AVAILABLE,168
DC-14,SKU-00685,DC-14-Z07-B018,206,208,209,19,AVAILABLE,145
DC-14,SKU-00552,DC-14-Z09-B035,169,169,169,3,AVAILABLE,61
DC-14,SKU-00469,DC-14-Z08-B044,176,175,176,6,AVAILABLE,27
DC-14,SKU-00558,DC-14-Z03-B066,58,56,61,0,AVAILABLE,147
DC-14,SKU-00354,DC-14-Z12-B028,147,147,150,6,AVAILABLE,82
DC-14,SKU-00021,DC-14-Z04-B080,88,86,88,4,HOLD,10
DC-14,SKU-00836,DC-14-Z08-B073,199,199,198,15,AVAILABLE,90
DC-14,SKU-00944,DC-14-Z08-B072,192,191,191,2,HOLD,35
DC-14,SKU-00326,DC-14-Z01-B061,203,204,204,0,AVAILABLE,40
DC-14,SKU-00738,DC-14-Z03-B061,90,90,90,8,AVAILABLE,136
DC-14,SKU-00403,DC-14-Z12-B017,85,83,85,18,AVAILABLE,120
DC-14,SKU-00941,DC-14-Z05-B057,119,119,119,13,AVAILABLE,147
DC-14,SKU-00078,DC-14-Z03-B012,4,4,7,0,AVAILABLE,85
DC-14,SKU-00566,DC-14-Z05-B026,127,127,127,5,AVAILABLE,26
DC-14,SKU-01026,DC-14-Z08-B073,97,97,97,8,AVAILABLE,67
DC-14,SKU-00796,DC-14-Z12-B026,124,124,124,9,AVAILABLE,173
DC-14,SKU-01034,DC-14-Z07-B059,28,28,27,10,AVAILABLE,100
DC-14,SKU-00682,DC-14-Z01-B061,33,31,33,17,HOLD,67
DC-14,SKU-00225,DC-14-Z12-B069,36,37,33,10,AVAILABLE,32
DC-14,SKU-00631,DC-14-Z05-B019,64,66,63,5,AVAILABLE,49
DC-14,SKU-00311,DC-14-Z12-B022,213,213,216,6,AVAILABLE,95
DC-14,SKU-00416,DC-14-Z02-B023,0,2,0,0,AVAILABLE,100
DC-14,SKU-00530,DC-14-Z05-B033,66,66,66,14,AVAILABLE,100
DC-14,SKU-00245,DC-14-Z12-B024,162,164,159,16,AVAILABLE,146
DC-14,SKU-00436,DC-14-Z07-B033,154,154,157,19,AVAILABLE,133
DC-14,SKU-00249,DC-14-Z10-B048,58,59,59,4,AVAILABLE,61
DC-14,SKU-01096,DC-14-Z11-B039,10,12,7,3,AVAILABLE,170
DC-14,SKU-00593,DC-14-Z05-B080,147,148,146,17,AVAILABLE,88
DC-14,SKU-00842,DC-14-Z07-B052,25,25,26,15,AVAILABLE,179
DC-14,SKU-00976,DC-14-Z09-B036,33,33,33,14,AVAILABLE,53
DC-14,SKU-00426,DC-14-Z10-B070,80,80,81,2,AVAILABLE,129
DC-14,SKU-00087,DC-14-Z11-B045,39,39,36,10,AVAILABLE,159
DC-14,SKU-00868,DC-14-Z04-B037,111,110,108,10,AVAILABLE,53
DC-14,SKU-00214,DC-14-Z03-B026,9,9,10,8,AVAILABLE,78
DC-14,SKU-01052,DC-14-Z07-B077,215,217,215,4,AVAILABLE,84
DC-14,SKU-00135,DC-14-Z03-B014,205,203,205,4,AVAILABLE,175
DC-14,SKU-00427,DC-14-Z09-B002,44,43,44,2,AVAILABLE,36
DC-14,SKU-00964,DC-14-Z05-B079,106,107,103,2,AVAILABLE,151
DC-14,SKU-01100,DC-14-Z09-B035,123,123,123,9,AVAILABLE,80
DC-14,SKU-00677,DC-14-Z09-B020,201,200,198,19,AVAILABLE,20
DC-14,SKU-00609,DC-14-Z07-B076,67,69,68,11,QUARANTINE,138
DC-14,SKU-00179,DC-14-Z09-B025,167,166,166,4,AVAILABLE,140
DC-14,SKU-00762,DC-14-Z10-B016,191,191,191,14,AVAILABLE,0
DC-14,SKU-00155,DC-14-Z06-B053,17,17,14,3,HOLD,13
DC-14,SKU-00943,DC-14-Z05-B029,164,164,163,10,AVAILABLE,131
DC-14,SKU-00197,DC-14-Z05-B005,161,160,160,10,AVAILABLE,160
DC-14,SKU-00211,DC-14-Z09-B037,24,22,25,10,AVAILABLE,99
DC-14,SKU-01106,DC-14-Z08-B075,38,38,39,9,AVAILABLE,57
DC-14,SKU-00906,DC-14-Z05-B064,34,34,33,9,QUARANTINE,143
DC-14,SKU-00781,DC-14-Z11-B042,12,12,11,10,AVAILABLE,14
DC-14,SKU-00144,DC-14-Z10-B018,11,9,11,0,AVAILABLE,28
DC-14,SKU-00630,DC-14-Z05-B024,199,199,198,8,AVAILABLE,179
DC-14,SKU-00952,DC-14-Z06-B042,107,108,106,18,AVAILABLE,21
DC-14,SKU-00907,DC-14-Z12-B035,152,152,152,6,AVAILABLE,39
DC-14,SKU-00125,DC-14-Z02-B064,148,148,149,6,AVAILABLE,18
DC-14,SKU-01018,DC-14-Z04-B059,0,0,0,0,AVAILABLE,142
DC-14,SKU-00819,DC-14-Z09-B052,147,147,150,10,AVAILABLE,139
DC-14,SKU-01101,DC-14-Z06-B079,150,152,149,8,AVAILABLE,18
DC-14,SKU-00746,DC-14-Z09-B007,68,67,69,15,AVAILABLE,122
DC-14,SKU-00283,DC-14-Z11-B072,79,81,78,3,QUARANTINE,148
DC-14,SKU-00176,DC-14-Z01-B073,43,41,43,6,AVAILABLE,101
DC-14,SKU-00080,DC-14-Z04-B014,145,145,148,19,QUARANTINE,142
DC-14,SKU-00062,DC-14-Z09-B036,172,172,172,15,AVAILABLE,4
DC-14,SKU-00956,DC-14-Z10-B057,62,63,63,3,AVAILABLE,94
DC-14,SKU-01063,DC-14-Z10-B047,158,158,158,8,AVAILABLE,29
DC-14,SKU-00823,DC-14-Z12-B066,119,119,118,18,AVAILABLE,46
DC-14,SKU-00273,DC-14-Z12-B002,149,151,150,11,AVAILABLE,143
DC-14,SKU-00353,DC-14-Z08-B051,149,149,148,19,AVAILABLE,135
DC-14,SKU-00693,DC-14-Z04-B068,64,63,63,0,AVAILABLE,92
DC-14,SKU-00384,DC-14-Z04-B073,156,156,155,0,AVAILABLE,24
DC-14,SKU-00288,DC-14-Z07-B070,158,157,157,20,AVAILABLE,180
DC-14,SKU-00502,DC-14-Z10-B055,187,189,184,3,QUARANTINE,19
DC-14,SKU-00714,DC-14-Z03-B005,179,178,176,14,AVAILABLE,130
DC-14,SKU-01165,DC-14-Z09-B006,160,160,160,13,AVAILABLE,140
DC-14,SKU-01161,DC-14-Z03-B061,98,98,95,6,AVAILABLE,121
DC-14,SKU-00694,DC-14-Z11-B073,75,76,78,0,AVAILABLE,174
DC-14,SKU-00859,DC-14-Z02-B051,17,17,17,13,AVAILABLE,65
DC-14,SKU-00932,DC-14-Z08-B008,178,178,178,4,AVAILABLE,36
DC-14,SKU-00366,DC-14-Z10-B043,199,199,196,14,AVAILABLE,160
DC-14,SKU-01043,DC-14-Z05-B079,35,33,35,13,AVAILABLE,26
DC-14,SKU-01189,DC-14-Z10-B079,77,79,78,12,AVAILABLE,43
DC-14,SKU-00808,DC-14-Z12-B065,111,111,110,7,AVAILABLE,170
DC-14,SKU-00175,DC-14-Z02-B061,218,216,221,4,AVAILABLE,144
DC-14,SKU-01190,DC-14-Z01-B031,186,186,186,17,HOLD,98
DC-14,SKU-01182,DC-14-Z10-B008,21,20,24,0,AVAILABLE,48
DC-14,SKU-00043,DC-14-Z01-B043,33,35,33,19,AVAILABLE,53
DC-14,SKU-01004,DC-14-Z03-B070,57,57,57,10,AVAILABLE,138
DC-14,SKU-00138,DC-14-Z10-B037,59,59,62,1,AVAILABLE,55
DC-14,SKU-00002,DC-14-Z09-B045,118,118,121,4,AVAILABLE,86
DC-14,SKU-00334,DC-14-Z06-B022,85,86,85,1,AVAILABLE,1
DC-14,SKU-00057,DC-14-Z06-B044,172,174,172,6,AVAILABLE,166
DC-14,SKU-00440,DC-14-Z05-B031,107,107,106,4,AVAILABLE,179
DC-14,SKU-01061,DC-14-Z06-B015,192,191,195,9,AVAILABLE,16
DC-14,SKU-00702,DC-14-Z11-B006,54,52,53,5,HOLD,121
DC-14,SKU-00917,DC-14-Z03-B038,3,3,3,0,AVAILABLE,30
DC-14,SKU-00915,DC-14-Z09-B062,63,64,66,2,AVAILABLE,20
DC-14,SKU-00272,DC-14-Z07-B011,142,140,145,5,AVAILABLE,91
DC-14,SKU-00181,DC-14-Z09-B057,90,92,87,19,AVAILABLE,80
DC-14,SKU-00522,DC-14-Z03-B015,69,71,70,7,HOLD,32
DC-14,SKU-00923,DC-14-Z02-B004,124,126,125,10,AVAILABLE,85
DC-14,SKU-00207,DC-14-Z02-B057,37,38,37,12,AVAILABLE,137
DC-14,SKU-01012,DC-14-Z03-B044,58,58,55,9,AVAILABLE,38
DC-14,SKU-00592,DC-14-Z12-B007,208,208,208,17,AVAILABLE,122
DC-14,SKU-00023,DC-14-Z09-B033,4,4,7,3,AVAILABLE,69
DC-14,SKU-00826,DC-14-Z12-B060,29,29,29,8,AVAILABLE,140
DC-14,SKU-00338,DC-14-Z03-B011,49,49,50,9,AVAILABLE,38
DC-14,SKU-00662,DC-14-Z12-B066,44,44,45,13,AVAILABLE,51
DC-14,SKU-00047,DC-14-Z01-B012,15,15,16,8,AVAILABLE,121
DC-14,SKU-01194,DC-14-Z10-B058,190,189,187,17,AVAILABLE,30
DC-14,SKU-00615,DC-14-Z04-B039,24,25,24,0,AVAILABLE,25
DC-14,SKU-00375,DC-14-Z12-B067,138,136,137,13,QUARANTINE,159
DC-14,SKU-01067,DC-14-Z02-B002,105,105,105,10,AVAILABLE,68
DC-14,SKU-01027,DC-14-Z09-B044,183,183,183,18,AVAILABLE,75
DC-14,SKU-00737,DC-14-Z01-B031,173,173,172,17,AVAILABLE,94
DC-14,SKU-01111,DC-14-Z11-B071,4,4,3,1,AVAILABLE,134
DC-14,SKU-00205,DC-14-Z10-B039,138,138,141,14,HOLD,16
DC-14,SKU-00450,DC-14-Z05-B009,168,168,167,7,AVAILABLE,133
DC-14,SKU-00880,DC-14-Z08-B076,54,54,54,16,AVAILABLE,25
DC-14,SKU-00011,DC-14-Z01-B016,84,82,84,8,AVAILABLE,17
DC-14,SKU-00695,DC-14-Z09-B069,97,97,100,15,HOLD,33
DC-14,SKU-00723,DC-14-Z05-B060,162,162,162,16,AVAILABLE,111
DC-14,SKU-00374,DC-14-Z08-B035,0,0,1,0,AVAILABLE,58
DC-14,SKU-00841,DC-14-Z12-B076,61,59,61,7,AVAILABLE,150
DC-14,SKU-00548,DC-14-Z02-B037,103,104,103,4,AVAILABLE,67
DC-14,SKU-00484,DC-14-Z04-B054,146,147,143,6,AVAILABLE,13
DC-14,SKU-00769,DC-14-Z02-B063,16,18,17,14,AVAILABLE,108
DC-14,SKU-00753,DC-14-Z03-B015,167,165,168,4,AVAILABLE,107
DC-14,SKU-01139,DC-14-Z04-B053,107,107,104,12,AVAILABLE,137
DC-14,SKU-01138,DC-14-Z11-B042,168,168,167,13,AVAILABLE,130
DC-14,SKU-00975,DC-14-Z08-B043,206,204,209,13,AVAILABLE,68
DC-14,SKU-00986,DC-14-Z12-B002,192,192,195,17,AVAILABLE,160
DC-14,SKU-01079,DC-14-Z07-B037,72,72,72,5,AVAILABLE,179
DC-14,SKU-00453,DC-14-Z04-B060,5,5,2,5,AVAILABLE,32
DC-14,SKU-00402,DC-14-Z12-B008,44,44,41,14,AVAILABLE,143
DC-14,SKU-00149,DC-14-Z09-B049,53,51,53,3,AVAILABLE,80
DC-14,SKU-00812,DC-14-Z11-B008,75,75,76,2,AVAILABLE,31
DC-14,SKU-01078,DC-14-Z06-B041,202,202,203,9,AVAILABLE,78
DC-14,SKU-00977,DC-14-Z04-B016,174,175,173,15,HOLD,147
DC-14,SKU-00455,DC-14-Z10-B059,210,211,210,0,AVAILABLE,73
DC-14,SKU-00263,DC-14-Z03-B059,59,59,62,19,AVAILABLE,42
DC-14,SKU-00409,DC-14-Z04-B029,57,55,57,10,AVAILABLE,141
DC-14,SKU-00215,DC-14-Z02-B062,10,12,7,8,AVAILABLE,97
DC-14,SKU-00921,DC-14-Z09-B010,20,20,20,5,AVAILABLE,121
DC-14,SKU-00464,DC-14-Z06-B034,108,108,109,15,AVAILABLE,95
DC-14,SKU-00505,DC-14-Z10-B065,196,196,193,14,AVAILABLE,180
DC-14,SKU-00636,DC-14-Z03-B070,169,170,166,5,HOLD,75
DC-14,SKU-00614,DC-14-Z09-B059,12,12,13,5,AVAILABLE,147
DC-14,SKU-00229,DC-14-Z10-B006,185,183,185,0,AVAILABLE,35
DC-14,SKU-00035,DC-14-Z06-B025,0,0,0,0,AVAILABLE,146
DC-14,SKU-01032,DC-14-Z11-B005,75,75,75,15,AVAILABLE,43
DC-14,SKU-00252,DC-14-Z03-B056,42,43,41,19,AVAILABLE,172
DC-14,SKU-00439,DC-14-Z11-B073,6,6,9,2,AVAILABLE,163
DC-14,SKU-00241,DC-14-Z12-B035,45,45,45,10,AVAILABLE,173
DC-14,SKU-00939,DC-14-Z06-B067,115,116,118,18,AVAILABLE,103
DC-14,SKU-00858,DC-14-Z11-B009,38,38,35,11,AVAILABLE,126
DC-14,SKU-00646,DC-14-Z05-B002,57,59,57,20,AVAILABLE,80
DC-14,SKU-00804,DC-14-Z04-B015,59,59,56,4,AVAILABLE,158
DC-14,SKU-00759,DC-14-Z11-B023,61,61,64,8,AVAILABLE,1
DC-14,SKU-00487,DC-14-Z01-B059,39,39,42,5,AVAILABLE,138
DC-14,SKU-00121,DC-14-Z11-B015,91,91,92,16,AVAILABLE,111
DC-14,SKU-00246,DC-14-Z07-B043,163,161,163,19,AVAILABLE,44
DC-14,SKU-00088,DC-14-Z01-B063,193,192,190,11,AVAILABLE,98
DC-14,SKU-00628,DC-14-Z01-B079,64,64,65,0,AVAILABLE,38
DC-14,SKU-00186,DC-14-Z01-B060,97,97,98,6,HOLD,160
DC-14,SKU-00323,DC-14-Z03-B064,176,176,173,1,AVAILABLE,89
DC-14,SKU-00118,DC-14-Z11-B073,155,155,156,17,AVAILABLE,78
DC-14,SKU-01017,DC-14-Z05-B047,36,34,33,8,AVAILABLE,113
DC-14,SKU-00933,DC-14-Z08-B048,35,36,32,12,AVAILABLE,90
DC-14,SKU-00761,DC-14-Z05-B007,31,31,31,18,AVAILABLE,85
DC-14,SKU-01129,DC-14-Z08-B022,69,70,68,3,AVAILABLE,15
DC-14,SKU-00582,DC-14-Z11-B078,157,157,157,4,AVAILABLE,81
DC-14,SKU-00581,DC-14-Z07-B019,212,212,212,5,AVAILABLE,153
DC-14,SKU-01137,DC-14-Z09-B046,55,57,55,15,AVAILABLE,148
DC-14,SKU-00496,DC-14-Z10-B034,132,131,132,2,AVAILABLE,72
DC-14,SKU-00508,DC-14-Z08-B078,194,192,197,0,AVAILABLE,142
DC-14,SKU-00106,DC-14-Z06-B055,29,27,29,4,QUARANTINE,14
DC-14,SKU-01142,DC-14-Z11-B024,194,192,194,11,AVAILABLE,100
DC-14,SKU-00495,DC-14-Z01-B050,214,212,217,3,HOLD,155
DC-14,SKU-00709,DC-14-Z06-B023,191,191,190,17,AVAILABLE,87
DC-14,SKU-00348,DC-14-Z05-B021,123,124,123,19,AVAILABLE,148
DC-14,SKU-00071,DC-14-Z01-B058,146,146,149,0,AVAILABLE,145
DC-14,SKU-00441,DC-14-Z10-B054,37,35,40,13,AVAILABLE,44
DC-14,SKU-00644,DC-14-Z02-B009,204,204,203,3,AVAILABLE,103
DC-14,SKU-00784,DC-14-Z07-B031,33,35,30,0,AVAILABLE,118
DC-14,SKU-00725,DC-14-Z06-B061,18,18,19,5,QUARANTINE,6
DC-14,SKU-01076,DC-14-Z05-B013,205,204,205,0,AVAILABLE,170
DC-14,SKU-00473,DC-14-Z12-B022,190,188,191,5,HOLD,59
DC-14,SKU-00900,DC-14-Z03-B017,162,164,162,9,AVAILABLE,149
DC-14,SKU-01000,DC-14-Z06-B004,129,127,129,19,QUARANTINE,6
DC-14,SKU-00980,DC-14-Z02-B003,128,128,129,14,AVAILABLE,46
DC-14,SKU-00773,DC-14-Z05-B010,76,76,73,13,AVAILABLE,150
DC-14,SKU-01019,DC-14-Z02-B057,214,214,214,2,AVAILABLE,48
DC-14,SKU-00857,DC-14-Z12-B072,0,0,0,0,AVAILABLE,16
DC-14,SKU-00184,DC-14-Z07-B027,55,53,55,19,AVAILABLE,151
DC-14,SKU-00683,DC-14-Z03-B042,147,147,146,4,AVAILABLE,172
DC-14,SKU-00583,DC-14-Z07-B035,32,32,32,9,AVAILABLE,44
DC-14,SKU-00778,DC-14-Z06-B003,124,125,123,0,AVAILABLE,102
DC-14,SKU-00873,DC-14-Z01-B072,213,214,213,11,HOLD,21
DC-14,SKU-00425,DC-14-Z05-B042,140,140,143,4,AVAILABLE,171
DC-14,SKU-00085,DC-14-Z03-B014,93,93,90,3,AVAILABLE,162
DC-14,SKU-00173,DC-14-Z12-B012,121,120,124,10,QUARANTINE,169
DC-14,SKU-00633,DC-14-Z01-B051,173,173,176,1,AVAILABLE,39
DC-14,SKU-00392,DC-14-Z09-B033,204,204,201,20,AVAILABLE,125
DC-14,SKU-00929,DC-14-Z06-B032,43,43,44,14,AVAILABLE,158
DC-14,SKU-00896,DC-14-Z03-B036,192,193,189,7,AVAILABLE,37
DC-14,SKU-01107,DC-14-Z09-B035,94,94,94,12,AVAILABLE,151
DC-14,SKU-00536,DC-14-Z05-B053,123,121,123,17,HOLD,34
DC-14,SKU-00130,DC-14-Z05-B064,200,200,201,12,AVAILABLE,114
DC-14,SKU-00201,DC-14-Z10-B005,158,156,159,7,AVAILABLE,170
DC-14,SKU-00448,DC-14-Z07-B025,65,65,65,10,AVAILABLE,38
DC-14,SKU-00800,DC-14-Z04-B074,131,131,131,15,AVAILABLE,168
DC-14,SKU-00678,DC-14-Z02-B075,167,168,168,1,AVAILABLE,162
DC-14,SKU-00109,DC-14-Z05-B014,151,149,148,17,AVAILABLE,145
DC-14,SKU-00330,DC-14-Z04-B031,199,201,199,10,AVAILABLE,59
DC-14,SKU-00779,DC-14-Z05-B079,206,207,203,0,AVAILABLE,102
DC-14,SKU-00787,DC-14-Z01-B013,110,110,111,16,AVAILABLE,175
DC-14,SKU-00026,DC-14-Z06-B004,15,17,15,2,AVAILABLE,45
DC-14,SKU-01114,DC-14-Z01-B036,173,173,172,0,QUARANTINE,63
DC-14,SKU-00846,DC-14-Z07-B026,27,26,27,17,QUARANTINE,108
DC-14,SKU-00516,DC-14-Z03-B020,163,163,160,5,AVAILABLE,179
DC-14,SKU-01160,DC-14-Z11-B026,35,37,38,12,AVAILABLE,66
DC-14,SKU-00747,DC-14-Z01-B018,177,177,177,2,AVAILABLE,100
DC-14,SKU-00667,DC-14-Z11-B033,69,68,66,2,AVAILABLE,77
DC-14,SKU-00791,DC-14-Z11-B064,199,199,199,16,QUARANTINE,81
DC-14,SKU-01020,DC-14-Z03-B056,57,55,57,2,AVAILABLE,41
DC-14,SKU-01148,DC-14-Z06-B048,195,193,196,9,AVAILABLE,72
DC-14,SKU-00989,DC-14-Z08-B003,209,210,210,17,AVAILABLE,75
DC-14,SKU-00485,DC-14-Z06-B034,156,158,159,15,AVAILABLE,46
DC-14,SKU-00577,DC-14-Z11-B037,59,59,59,10,AVAILABLE,22
DC-14,SKU-01002,DC-14-Z10-B035,115,113,116,13,QUARANTINE,135
DC-14,SKU-00673,DC-14-Z04-B058,18,18,19,15,AVAILABLE,8
DC-14,SKU-00240,DC-14-Z05-B053,133,134,133,6,AVAILABLE,151
DC-14,SKU-00718,DC-14-Z04-B068,137,138,136,2,AVAILABLE,106
DC-14,SKU-01016,DC-14-Z02-B015,99,97,100,13,AVAILABLE,119
DC-14,SKU-00314,DC-14-Z05-B063,63,64,62,5,AVAILABLE,127
DC-14,SKU-00916,DC-14-Z06-B061,213,213,214,7,AVAILABLE,65
DC-14,SKU-00726,DC-14-Z07-B071,208,208,209,14,AVAILABLE,160
DC-14,SKU-01058,DC-14-Z12-B057,140,139,140,4,AVAILABLE,4
DC-14,SKU-00208,DC-14-Z09-B008,37,37,38,15,AVAILABLE,170
DC-14,SKU-00999,DC-14-Z08-B072,8,6,8,8,AVAILABLE,160
DC-14,SKU-00295,DC-14-Z01-B009,156,156,155,11,AVAILABLE,12
DC-14,SKU-00219,DC-14-Z09-B030,56,56,55,0,AVAILABLE,23
DC-14,SKU-00169,DC-14-Z10-B014,136,136,136,11,AVAILABLE,22
DC-14,SKU-00122,DC-14-Z08-B053,4,4,4,1,AVAILABLE,5
DC-14,SKU-00220,DC-14-Z11-B052,75,75,74,9,QUARANTINE,51
DC-14,SKU-00091,DC-14-Z04-B037,199,199,196,10,AVAILABLE,30
DC-14,SKU-00578,DC-14-Z04-B065,61,61,64,8,AVAILABLE,164
DC-14,SKU-00520,DC-14-Z07-B076,75,76,74,5,AVAILABLE,56
DC-14,SKU-00899,DC-14-Z08-B059,202,202,202,7,AVAILABLE,147
DC-14,SKU-00902,DC-14-Z06-B003,179,178,182,15,AVAILABLE,18
DC-14,SKU-00016,DC-14-Z09-B018,5,5,8,1,AVAILABLE,15
DC-14,SKU-00557,DC-14-Z12-B025,204,204,204,16,AVAILABLE,84
DC-14,SKU-00527,DC-14-Z07-B046,185,186,185,6,AVAILABLE,73
DC-14,SKU-00046,DC-14-Z10-B034,102,104,102,9,HOLD,169
DC-14,SKU-00620,DC-14-Z11-B045,142,141,143,17,QUARANTINE,108
DC-14,SKU-00679,DC-14-Z09-B070,98,98,98,2,QUARANTINE,69
DC-14,SKU-00534,DC-14-Z11-B024,9,9,9,2,AVAILABLE,101
DC-14,SKU-00369,DC-14-Z05-B034,67,67,64,6,AVAILABLE,103
DC-14,SKU-00894,DC-14-Z04-B072,102,100,102,5,AVAILABLE,167
DC-14,SKU-01185,DC-14-Z09-B005,96,96,93,2,AVAILABLE,76
DC-14,SKU-00206,DC-14-Z11-B008,41,41,41,11,AVAILABLE,89
DC-14,SKU-01003,DC-14-Z11-B034,101,100,100,13,AVAILABLE,156
DC-14,SKU-00328,DC-14-Z09-B004,97,97,94,16,AVAILABLE,39
DC-14,SKU-00813,DC-14-Z05-B062,3,3,4,3,AVAILABLE,51
DC-14,SKU-00624,DC-14-Z12-B010,14,12,17,12,AVAILABLE,145
DC-14,SKU-00538,DC-14-Z07-B044,76,78,76,9,AVAILABLE,130
DC-14,SKU-00639,DC-14-Z04-B042,109,109,109,4,AVAILABLE,175
DC-14,SKU-00244,DC-14-Z03-B066,26,27,26,12,AVAILABLE,52
DC-14,SKU-00438,DC-14-Z02-B074,23,25,23,12,AVAILABLE,134
DC-14,SKU-00707,DC-14-Z01-B079,69,69,72,13,HOLD,51
DC-14,SKU-00183,DC-14-Z06-B074,116,115,116,1,AVAILABLE,96
DC-14,SKU-00230,DC-14-Z04-B071,25,23,28,6,AVAILABLE,116
DC-14,SKU-00166,DC-14-Z07-B075,149,151,152,9,AVAILABLE,156
DC-14,SKU-00024,DC-14-Z08-B007,148,146,151,9,AVAILABLE,137
DC-14,SKU-00844,DC-14-Z11-B032,101,103,98,9,AVAILABLE,34
DC-14,SKU-00754,DC-14-Z10-B045,51,51,51,14,AVAILABLE,151
DC-14,SKU-00187,DC-14-Z05-B041,58,58,58,13,AVAILABLE,49
DC-14,SKU-00885,DC-14-Z11-B059,33,34,33,11,AVAILABLE,121
DC-14,SKU-00005,DC-14-Z07-B024,111,110,114,10,HOLD,116
DC-14,SKU-00659,DC-14-Z08-B038,91,90,90,12,AVAILABLE,129
DC-14,SKU-00286,DC-14-Z10-B072,152,152,155,2,AVAILABLE,128
DC-14,SKU-00157,DC-14-Z04-B048,189,189,188,17,AVAILABLE,153
DC-14,SKU-00739,DC-14-Z06-B070,131,131,132,14,AVAILABLE,175
DC-14,SKU-00389,DC-14-Z12-B032,181,179,184,12,AVAILABLE,156
DC-14,SKU-00950,DC-14-Z01-B071,67,67,70,20,AVAILABLE,34
DC-14,SKU-00970,DC-14-Z06-B065,188,188,189,8,AVAILABLE,18
DC-14,SKU-00346,DC-14-Z12-B016,201,201,200,0,AVAILABLE,11
DC-14,SKU-00689,DC-14-Z02-B020,34,36,37,14,AVAILABLE,109
DC-14,SKU-00647,DC-14-Z11-B065,102,100,102,6,QUARANTINE,130
DC-14,SKU-00568,DC-14-Z09-B019,115,115,112,14,AVAILABLE,154
DC-14,SKU-01187,DC-14-Z10-B015,34,32,33,12,AVAILABLE,147
DC-14,SKU-00405,DC-14-Z05-B036,67,67,70,8,AVAILABLE,40
DC-14,SKU-00362,DC-14-Z12-B071,170,168,169,0,AVAILABLE,13
DC-14,SKU-00059,DC-14-Z12-B008,204,205,204,9,AVAILABLE,119
DC-14,SKU-01122,DC-14-Z06-B079,149,149,148,9,AVAILABLE,136
DC-14,SKU-00112,DC-14-Z01-B032,22,22,25,3,AVAILABLE,28
DC-14,SKU-00411,DC-14-Z04-B027,105,106,105,20,AVAILABLE,50
DC-14,SKU-01154,DC-14-Z09-B045,9,8,12,7,AVAILABLE,85
DC-14,SKU-00504,DC-14-Z03-B016,54,54,57,19,AVAILABLE,60
DC-14,SKU-00322,DC-14-Z08-B041,153,153,153,7,AVAILABLE,59
DC-14,SKU-01179,DC-14-Z08-B001,98,98,101,2,AVAILABLE,8
DC-14,SKU-00193,DC-14-Z03-B031,180,180,179,4,AVAILABLE,43
DC-14,SKU-00965,DC-14-Z11-B059,179,181,179,15,AVAILABLE,16
DC-14,SKU-01134,DC-14-Z07-B069,167,168,170,6,AVAILABLE,146
DC-14,SKU-01055,DC-14-Z08-B036,34,33,31,0,AVAILABLE,169
DC-14,SKU-00105,DC-14-Z06-B050,38,39,38,17,HOLD,76
DC-14,SKU-00128,DC-14-Z06-B074,46,46,46,0,AVAILABLE,170
DC-14,SKU-00452,DC-14-Z03-B074,219,218,216,11,AVAILABLE,107
DC-14,SKU-00871,DC-14-Z03-B075,9,9,9,2,AVAILABLE,105
DC-14,SKU-00163,DC-14-Z12-B071,87,86,90,11,AVAILABLE,154
DC-14,SKU-00471,DC-14-Z10-B063,118,117,118,16,AVAILABLE,112
DC-14,SKU-01158,DC-14-Z10-B029,39,38,39,15,AVAILABLE,149
DC-14,SKU-00675,DC-14-Z05-B051,144,143,144,7,AVAILABLE,101
DC-14,SKU-00847,DC-14-Z06-B020,21,21,22,5,AVAILABLE,165
DC-14,SKU-00418,DC-14-Z11-B063,22,20,23,16,AVAILABLE,115
DC-14,SKU-00258,DC-14-Z06-B009,198,196,198,10,HOLD,56
DC-14,SKU-00101,DC-14-Z01-B077,20,18,20,16,AVAILABLE,147
DC-14,SKU-00282,DC-14-Z04-B061,99,97,99,15,AVAILABLE,110
DC-14,SKU-01123,DC-14-Z09-B060,75,75,75,7,AVAILABLE,64
DC-14,SKU-00897,DC-14-Z01-B067,174,174,174,9,AVAILABLE,50
DC-14,SKU-01164,DC-14-Z05-B021,146,146,145,20,HOLD,148
DC-14,SKU-00242,DC-14-Z06-B047,44,44,45,3,HOLD,153
DC-14,SKU-00285,DC-14-Z09-B025,181,179,180,16,AVAILABLE,119
DC-14,SKU-01048,DC-14-Z09-B016,34,36,33,20,QUARANTINE,55
DC-14,SKU-00640,DC-14-Z08-B059,37,37,36,6,AVAILABLE,9
DC-14,SKU-00256,DC-14-Z08-B048,10,8,9,4,AVAILABLE,142
DC-14,SKU-00419,DC-14-Z10-B028,186,186,185,20,AVAILABLE,116
DC-14,SKU-00284,DC-14-Z02-B046,157,159,156,20,AVAILABLE,69
DC-14,SKU-00948,DC-14-Z01-B043,21,21,18,19,AVAILABLE,178
DC-14,SKU-00430,DC-14-Z11-B071,103,103,103,14,AVAILABLE,126
DC-14,SKU-00705,DC-14-Z08-B055,150,150,150,17,AVAILABLE,43
DC-14,SKU-00889,DC-14-Z11-B061,45,46,44,6,QUARANTINE,162
DC-14,SKU-01117,DC-14-Z05-B016,102,103,101,17,AVAILABLE,171
DC-14,SKU-00040,DC-14-Z07-B060,47,46,47,3,AVAILABLE,31
DC-14,SKU-00792,DC-14-Z11-B033,42,42,39,12,AVAILABLE,140
DC-14,SKU-00415,DC-14-Z03-B027,165,167,165,16,AVAILABLE,67
DC-14,SKU-00730,DC-14-Z07-B054,212,212,213,6,AVAILABLE,81
DC-14,SKU-00066,DC-14-Z02-B029,158,156,157,3,AVAILABLE,77
DC-14,SKU-00913,DC-14-Z06-B023,166,166,166,17,AVAILABLE,113
DC-14,SKU-00052,DC-14-Z10-B073,98,98,98,19,HOLD,13
DC-14,SKU-01136,DC-14-Z10-B057,216,218,219,12,AVAILABLE,10
DC-14,SKU-00498,DC-14-Z03-B048,83,83,84,8,AVAILABLE,116
DC-14,SKU-00680,DC-14-Z03-B053,188,186,187,20,AVAILABLE,160
DC-14,SKU-00070,DC-14-Z05-B006,146,146,146,10,AVAILABLE,155
DC-14,SKU-01011,DC-14-Z05-B041,17,17,20,5,AVAILABLE,110
DC-14,SKU-00055,DC-14-Z07-B027,204,204,201,15,QUARANTINE,24
DC-14,SKU-00618,DC-14-Z09-B045,140,138,139,10,AVAILABLE,60
DC-14,SKU-00544,DC-14-Z07-B017,62,61,62,6,AVAILABLE,123
DC-14,SKU-00454,DC-14-Z01-B060,162,162,163,12,AVAILABLE,140
DC-14,SKU-00194,DC-14-Z02-B079,106,106,103,10,AVAILABLE,159
DC-14,SKU-00177,DC-14-Z03-B020,120,120,121,16,AVAILABLE,71
DC-14,SKU-00626,DC-14-Z11-B025,220,220,223,7,AVAILABLE,75
DC-14,SKU-01090,DC-14-Z09-B054,203,205,206,5,AVAILABLE,127
DC-14,SKU-01128,DC-14-Z10-B051,15,15,15,14,AVAILABLE,140
DC-14,SKU-00261,DC-14-Z11-B077,92,92,95,19,AVAILABLE,38
DC-14,SKU-01147,DC-14-Z12-B071,200,200,200,8,AVAILABLE,113
DC-14,SKU-00734,DC-14-Z08-B052,31,30,32,20,AVAILABLE,129
DC-14,SKU-00156,DC-14-Z12-B052,32,34,33,0,AVAILABLE,128
DC-14,SKU-00337,DC-14-Z12-B013,212,212,211,6,AVAILABLE,180
DC-14,SKU-00928,DC-14-Z06-B072,208,208,211,16,AVAILABLE,77
DC-14,SKU-00148,DC-14-Z01-B057,135,135,136,5,AVAILABLE,171
DC-14,SKU-00064,DC-14-Z03-B024,105,105,106,18,QUARANTINE,121
DC-14,SKU-00204,DC-14-Z04-B016,10,10,10,3,AVAILABLE,154
DC-14,SKU-00493,DC-14-Z06-B077,75,75,78,19,AVAILABLE,47
DC-14,SKU-01171,DC-14-Z10-B036,200,201,201,11,AVAILABLE,174
DC-14,SKU-00466,DC-14-Z02-B075,149,148,150,6,AVAILABLE,50
DC-14,SKU-00537,DC-14-Z02-B008,24,24,24,0,AVAILABLE,99
DC-14,SKU-01116,DC-14-Z02-B022,82,82,82,7,AVAILABLE,46
DC-14,SKU-00027,DC-14-Z07-B055,67,67,67,15,QUARANTINE,144
DC-14,SKU-00653,DC-14-Z02-B052,129,131,129,9,QUARANTINE,167
DC-14,SKU-00891,DC-14-Z03-B072,73,73,76,14,AVAILABLE,100
DC-14,SKU-00167,DC-14-Z07-B075,134,134,137,5,HOLD,171
DC-14,SKU-00785,DC-14-Z04-B067,111,111,111,8,AVAILABLE,98
DC-14,SKU-00555,DC-14-Z08-B006,80,82,77,9,AVAILABLE,117
DC-14,SKU-00269,DC-14-Z06-B069,78,77,78,17,AVAILABLE,113
DC-14,SKU-01115,DC-14-Z05-B055,173,173,173,7,AVAILABLE,28
DC-14,SKU-00710,DC-14-Z10-B030,178,178,181,12,AVAILABLE,151
DC-14,SKU-00905,DC-14-Z06-B010,99,99,100,20,AVAILABLE,41
DC-14,SKU-00231,DC-14-Z01-B032,40,40,43,11,AVAILABLE,79
DC-14,SKU-00994,DC-14-Z02-B077,144,144,143,5,AVAILABLE,28
DC-14,SKU-00165,DC-14-Z02-B056,0,0,0,0,AVAILABLE,146
DC-14,SKU-00621,DC-14-Z07-B055,203,203,204,16,AVAILABLE,143
DC-14,SKU-00460,DC-14-Z03-B021,89,90,89,19,AVAILABLE,1
DC-14,SKU-01085,DC-14-Z05-B045,48,48,48,14,AVAILABLE,178
DC-14,SKU-01140,DC-14-Z10-B061,175,175,176,4,AVAILABLE,149
DC-14,SKU-00599,DC-14-Z03-B076,84,84,81,6,QUARANTINE,37
DC-14,SKU-00010,DC-14-Z12-B046,49,51,48,16,AVAILABLE,64
DC-14,SKU-00828,DC-14-Z10-B042,215,215,216,18,AVAILABLE,6
DC-14,SKU-00696,DC-14-Z08-B035,4,3,4,0,AVAILABLE,130
DC-14,SKU-00264,DC-14-Z11-B053,216,217,215,2,AVAILABLE,166
DC-14,SKU-00401,DC-14-Z06-B026,40,40,40,13,AVAILABLE,166
DC-14,SKU-00755,DC-14-Z07-B054,26,28,26,2,AVAILABLE,54
DC-14,SKU-00174,DC-14-Z10-B057,163,163,164,2,AVAILABLE,10
DC-14,SKU-01007,DC-14-Z04-B049,168,168,165,18,AVAILABLE,12
DC-14,SKU-00388,DC-14-Z12-B049,38,36,38,11,AVAILABLE,40
DC-14,SKU-00185,DC-14-Z11-B007,185,185,186,14,AVAILABLE,138
DC-14,SKU-00962,DC-14-Z06-B047,11,10,8,8,AVAILABLE,69
DC-14,SKU-00802,DC-14-Z09-B019,52,52,52,18,AVAILABLE,138
DC-14,SKU-01112,DC-14-Z03-B053,27,27,30,16,AVAILABLE,39
DC-14,SKU-00014,DC-14-Z04-B027,73,73,72,17,AVAILABLE,88
DC-14,SKU-00158,DC-14-Z04-B067,16,16,16,11,AVAILABLE,5
DC-14,SKU-00940,DC-14-Z02-B024,19,19,19,5,AVAILABLE,47
DC-14,SKU-01051,DC-14-Z04-B033,124,126,123,15,AVAILABLE,149
DC-14,SKU-00660,DC-14-Z01-B005,110,109,111,7,AVAILABLE,53
DC-14,SKU-00625,DC-14-Z04-B054,27,29,28,3,HOLD,38
DC-14,SKU-01064,DC-14-Z04-B042,38,40,38,18,AVAILABLE,2
DC-14,SKU-00034,DC-14-Z02-B003,15,14,15,11,AVAILABLE,172
DC-14,SKU-00387,DC-14-Z07-B032,34,36,33,1,HOLD,33
DC-14,SKU-00332,DC-14-Z09-B076,143,143,143,16,AVAILABLE,64
DC-14,SKU-00349,DC-14-Z09-B048,156,156,157,9,AVAILABLE,85
DC-14,SKU-00988,DC-14-Z06-B059,191,191,191,6,AVAILABLE,114
DC-14,SKU-01191,DC-14-Z07-B004,200,200,200,16,AVAILABLE,73
DC-14,SKU-00961,DC-14-Z03-B007,178,177,178,15,AVAILABLE,138
DC-14,SKU-00840,DC-14-Z07-B031,84,84,83,7,AVAILABLE,57
DC-14,SKU-00691,DC-14-Z02-B062,116,115,113,3,AVAILABLE,99
DC-14,SKU-01010,DC-14-Z03-B059,121,123,118,17,AVAILABLE,40
DC-14,SKU-00058,DC-14-Z10-B042,98,96,95,16,AVAILABLE,130
DC-14,SKU-00276,DC-14-Z03-B001,119,118,122,14,AVAILABLE,62
DC-14,SKU-01198,DC-14-Z05-B006,103,104,104,16,QUARANTINE,59
DC-14,SKU-00373,DC-14-Z06-B006,53,53,53,1,AVAILABLE,11
DC-14,SKU-01093,DC-14-Z09-B045,47,47,47,11,AVAILABLE,49
DC-14,SKU-00492,DC-14-Z04-B005,56,56,57,3,AVAILABLE,57
DC-14,SKU-00715,DC-14-Z10-B032,131,131,130,1,AVAILABLE,49
DC-14,SKU-00216,DC-14-Z11-B034,77,77,74,7,AVAILABLE,22
DC-14,SKU-00490,DC-14-Z10-B022,124,126,124,11,QUARANTINE,107
DC-14,SKU-00510,DC-14-Z10-B061,139,141,139,9,AVAILABLE,59
DC-14,SKU-00290,DC-14-Z02-B051,85,84,86,10,AVAILABLE,151
DC-14,SKU-00598,DC-14-Z09-B054,204,202,201,14,AVAILABLE,107
DC-14,SKU-00474,DC-14-Z04-B068,111,111,111,11,AVAILABLE,54
DC-14,SKU-00776,DC-14-Z11-B077,163,163,162,7,AVAILABLE,75
DC-14,SKU-00542,DC-14-Z12-B011,1,1,1,1,AVAILABLE,164
DC-14,SKU-01113,DC-14-Z02-B016,146,147,145,17,AVAILABLE,84
DC-14,SKU-01005,DC-14-Z08-B002,47,49,44,6,HOLD,159
DC-14,SKU-00433,DC-14-Z12-B024,165,166,165,15,AVAILABLE,90
DC-15,SKU-00189,DC-15-Z09-B042,17,17,17,5,AVAILABLE,16
DC-15,SKU-00082,DC-15-Z01-B050,182,182,183,6,AVAILABLE,17
DC-15,SKU-00946,DC-15-Z12-B023,187,189,187,2,HOLD,143
DC-15,SKU-00718,DC-15-Z12-B051,175,173,174,11,AVAILABLE,33
DC-15,SKU-00490,DC-15-Z01-B005,47,48,48,20,AVAILABLE,68
DC-15,SKU-00016,DC-15-Z05-B063,59,58,59,15,AVAILABLE,44
DC-15,SKU-01197,DC-15-Z02-B009,82,81,82,1,AVAILABLE,155
DC-15,SKU-00578,DC-15-Z03-B040,60,61,57,10,AVAILABLE,45
DC-15,SKU-00960,DC-15-Z11-B014,48,48,48,0,AVAILABLE,50
DC-15,SKU-00029,DC-15-Z02-B031,15,15,15,15,AVAILABLE,44
DC-15,SKU-00508,DC-15-Z03-B004,147,149,146,13,HOLD,58
DC-15,SKU-00544,DC-15-Z11-B046,118,118,119,12,AVAILABLE,154
DC-15,SKU-00227,DC-15-Z04-B003,195,193,194,9,AVAILABLE,100
DC-15,SKU-00605,DC-15-Z01-B055,157,156,157,10,AVAILABLE,42
DC-15,SKU-01153,DC-15-Z02-B003,46,45,47,17,AVAILABLE,137
DC-15,SKU-00363,DC-15-Z06-B057,178,176,181,13,AVAILABLE,13
DC-15,SKU-00387,DC-15-Z04-B040,35,35,35,18,AVAILABLE,144
DC-15,SKU-00654,DC-15-Z01-B051,33,35,33,7,AVAILABLE,103
DC-15,SKU-00078,DC-15-Z01-B005,118,118,121,6,AVAILABLE,43
DC-15,SKU-00262,DC-15-Z09-B037,18,16,18,9,AVAILABLE,51
DC-15,SKU-01004,DC-15-Z11-B072,160,158,160,5,AVAILABLE,102
DC-15,SKU-00850,DC-15-Z11-B066,208,208,208,20,AVAILABLE,21
DC-15,SKU-00813,DC-15-Z12-B034,29,28,30,7,AVAILABLE,23
DC-15,SKU-00302,DC-15-Z01-B064,94,96,94,11,AVAILABLE,37
DC-15,SKU-00876,DC-15-Z07-B044,39,39,39,18,HOLD,0
DC-15,SKU-00023,DC-15-Z04-B047,193,193,193,20,AVAILABLE,106
DC-15,SKU-01011,DC-15-Z04-B031,70,70,73,4,QUARANTINE,100
DC-15,SKU-00176,DC-15-Z04-B034,190,188,189,1,HOLD,47
DC-15,SKU-00626,DC-15-Z03-B077,109,108,106,4,AVAILABLE,148
DC-15,SKU-00932,DC-15-Z07-B015,46,46,47,7,HOLD,60
DC-15,SKU-00438,DC-15-Z07-B004,209,209,212,15,AVAILABLE,6
DC-15,SKU-00379,DC-15-Z11-B050,17,18,14,0,AVAILABLE,116
DC-15,SKU-00512,DC-15-Z03-B055,109,109,109,19,AVAILABLE,75
DC-15,SKU-00948,DC-15-Z12-B013,92,91,93,6,AVAILABLE,36
DC-15,SKU-00479,DC-15-Z07-B053,157,158,158,14,AVAILABLE,139
DC-15,SKU-00480,DC-15-Z02-B025,58,56,58,9,AVAILABLE,77
DC-15,SKU-00911,DC-15-Z03-B020,163,163,164,7,AVAILABLE,1
DC-15,SKU-00309,DC-15-Z09-B006,141,141,142,1,AVAILABLE,63
DC-15,SKU-01188,DC-15-Z05-B035,64,65,67,8,AVAILABLE,22
DC-15,SKU-00306,DC-15-Z04-B060,208,208,205,10,HOLD,95
DC-15,SKU-00090,DC-15-Z03-B027,176,178,176,16,AVAILABLE,59
DC-15,SKU-00674,DC-15-Z02-B030,81,81,81,0,AVAILABLE,148
DC-15,SKU-00340,DC-15-Z06-B050,34,36,31,1,QUARANTINE,166
DC-15,SKU-00618,DC-15-Z02-B021,158,158,155,1,AVAILABLE,27
DC-15,SKU-00134,DC-15-Z04-B052,184,184,184,15,AVAILABLE,99
DC-15,SKU-00926,DC-15-Z03-B063,81,81,78,16,AVAILABLE,172
DC-15,SKU-00799,DC-15-Z05-B019,47,47,47,15,AVAILABLE,173
DC-15,SKU-00444,DC-15-Z08-B026,100,100,101,9,AVAILABLE,16
DC-15,SKU-00112,DC-15-Z07-B042,205,207,205,13,AVAILABLE,50
DC-15,SKU-00505,DC-15-Z04-B021,197,195,196,9,AVAILABLE,46
DC-15,SKU-00768,DC-15-Z09-B016,203,203,203,18,AVAILABLE,105
DC-15,SKU-00292,DC-15-Z02-B067,16,17,16,10,AVAILABLE,27
DC-15,SKU-00921,DC-15-Z05-B051,56,56,56,6,AVAILABLE,35
DC-15,SKU-00303,DC-15-Z02-B025,7,9,6,5,AVAILABLE,160
DC-15,SKU-00567,DC-15-Z11-B044,80,80,83,9,AVAILABLE,143
DC-15,SKU-01012,DC-15-Z11-B041,88,88,88,19,AVAILABLE,93
DC-15,SKU-01026,DC-15-Z11-B077,8,8,9,1,AVAILABLE,27
DC-15,SKU-00656,DC-15-Z04-B068,123,123,123,20,AVAILABLE,148
DC-15,SKU-00367,DC-15-Z02-B046,23,23,26,19,AVAILABLE,93
DC-15,SKU-00621,DC-15-Z08-B072,40,39,37,8,QUARANTINE,101
DC-15,SKU-00333,DC-15-Z03-B067,64,64,63,1,AVAILABLE,11
DC-15,SKU-00201,DC-15-Z06-B056,206,207,203,18,AVAILABLE,47
DC-15,SKU-00944,DC-15-Z12-B075,167,165,167,19,AVAILABLE,85
DC-15,SKU-00212,DC-15-Z11-B049,96,96,96,1,AVAILABLE,179
DC-15,SKU-00580,DC-15-Z04-B076,44,44,41,8,AVAILABLE,123
DC-15,SKU-00925,DC-15-Z12-B055,150,150,150,7,AVAILABLE,167
DC-15,SKU-00665,DC-15-Z03-B028,80,78,80,10,AVAILABLE,4
DC-15,SKU-00114,DC-15-Z01-B050,53,53,53,17,QUARANTINE,43
DC-15,SKU-00477,DC-15-Z11-B045,136,134,136,2,AVAILABLE,54
DC-15,SKU-00887,DC-15-Z07-B008,211,211,208,20,AVAILABLE,14
DC-15,SKU-01190,DC-15-Z11-B003,161,163,164,15,AVAILABLE,32
DC-15,SKU-00154,DC-15-Z11-B036,15,13,15,2,AVAILABLE,27
DC-15,SKU-01151,DC-15-Z02-B051,89,90,86,12,AVAILABLE,154
DC-15,SKU-01184,DC-15-Z07-B075,74,72,77,19,AVAILABLE,6
DC-15,SKU-00640,DC-15-Z03-B033,55,55,55,1,AVAILABLE,40
DC-15,SKU-00594,DC-15-Z05-B070,77,77,78,17,AVAILABLE,156
DC-15,SKU-00122,DC-15-Z02-B018,211,211,211,4,AVAILABLE,82
DC-15,SKU-00614,DC-15-Z05-B025,92,92,95,6,AVAILABLE,53
DC-15,SKU-00956,DC-15-Z03-B042,45,47,46,5,HOLD,27
DC-15,SKU-00678,DC-15-Z10-B060,83,84,80,6,AVAILABLE,60
DC-15,SKU-01117,DC-15-Z09-B045,205,205,202,13,AVAILABLE,23
DC-15,SKU-00951,DC-15-Z07-B069,162,163,162,8,AVAILABLE,12
DC-15,SKU-00014,DC-15-Z06-B050,112,112,115,10,AVAILABLE,147
DC-15,SKU-00533,DC-15-Z08-B042,173,172,173,0,AVAILABLE,140
DC-15,SKU-00398,DC-15-Z06-B067,219,221,218,9,AVAILABLE,160
DC-15,SKU-00388,DC-15-Z11-B002,197,197,194,10,AVAILABLE,111
DC-15,SKU-00049,DC-15-Z11-B036,189,189,189,2,AVAILABLE,50
DC-15,SKU-00676,DC-15-Z04-B067,22,21,21,8,AVAILABLE,38
DC-15,SKU-00499,DC-15-Z12-B041,197,197,196,1,AVAILABLE,39
DC-15,SKU-00901,DC-15-Z12-B018,56,56,56,17,AVAILABLE,171
DC-15,SKU-00383,DC-15-Z03-B070,29,29,32,6,AVAILABLE,157
DC-15,SKU-00439,DC-15-Z02-B016,82,83,82,20,AVAILABLE,154
DC-15,SKU-00939,DC-15-Z07-B002,164,164,163,6,AVAILABLE,13
DC-15,SKU-00155,DC-15-Z10-B061,140,140,139,16,AVAILABLE,101
DC-15,SKU-00293,DC-15-Z11-B010,67,69,67,7,AVAILABLE,37
DC-15,SKU-00393,DC-15-Z06-B080,69,69,69,7,AVAILABLE,112
DC-15,SKU-00310,DC-15-Z06-B034,7,9,10,7,AVAILABLE,114
DC-15,SKU-01164,DC-15-Z03-B077,114,114,117,20,AVAILABLE,44
DC-15,SKU-00880,DC-15-Z09-B060,9,11,6,3,HOLD,20
DC-15,SKU-00442,DC-15-Z07-B044,167,167,164,15,AVAILABLE,42
DC-15,SKU-01089,DC-15-Z05-B047,63,61,60,11,AVAILABLE,123
DC-15,SKU-00232,DC-15-Z03-B014,128,126,128,10,AVAILABLE,162
DC-15,SKU-00982,DC-15-Z08-B064,79,80,82,8,AVAILABLE,119
DC-15,SKU-01160,DC-15-Z06-B074,113,112,112,3,AVAILABLE,70
DC-15,SKU-00864,DC-15-Z01-B001,175,173,176,20,AVAILABLE,138
DC-15,SKU-01055,DC-15-Z12-B013,194,194,197,2,AVAILABLE,66
DC-15,SKU-00534,DC-15-Z04-B079,122,120,119,15,AVAILABLE,106
DC-15,SKU-00498,DC-15-Z04-B077,180,182,179,18,AVAILABLE,78
DC-15,SKU-00208,DC-15-Z10-B037,118,120,118,6,AVAILABLE,76
DC-15,SKU-00940,DC-15-Z04-B033,18,18,17,13,AVAILABLE,140
DC-15,SKU-00334,DC-15-Z03-B058,138,137,138,11,AVAILABLE,101
DC-15,SKU-00937,DC-15-Z08-B022,121,121,118,1,AVAILABLE,46
DC-15,SKU-00451,DC-15-Z06-B049,96,96,95,10,AVAILABLE,62
DC-15,SKU-00378,DC-15-Z10-B039,181,181,180,3,AVAILABLE,153
DC-15,SKU-00256,DC-15-Z04-B047,83,83,83,8,AVAILABLE,33
DC-15,SKU-00974,DC-15-Z11-B006,141,141,141,3,AVAILABLE,22
DC-15,SKU-01098,DC-15-Z04-B073,157,157,156,11,AVAILABLE,85
DC-15,SKU-01147,DC-15-Z11-B030,10,10,10,7,AVAILABLE,98
DC-15,SKU-00757,DC-15-Z08-B028,105,104,108,4,AVAILABLE,51
DC-15,SKU-01027,DC-15-Z05-B060,155,154,155,0,QUARANTINE,51
DC-15,SKU-00494,DC-15-Z04-B043,186,186,186,4,AVAILABLE,153
DC-15,SKU-01116,DC-15-Z11-B005,132,132,129,4,AVAILABLE,152
DC-15,SKU-00057,DC-15-Z03-B033,205,206,202,20,AVAILABLE,132
DC-15,SKU-00318,DC-15-Z03-B066,20,22,19,9,AVAILABLE,79
DC-15,SKU-01045,DC-15-Z12-B015,133,133,133,0,AVAILABLE,135
DC-15,SKU-00149,DC-15-Z01-B009,17,17,18,12,AVAILABLE,87
DC-15,SKU-00905,DC-15-Z09-B014,165,164,166,16,AVAILABLE,59
DC-15,SKU-00961,DC-15-Z09-B057,196,196,196,4,AVAILABLE,1
DC-15,SKU-00260,DC-15-Z02-B014,107,105,108,15,QUARANTINE,130
DC-15,SKU-00744,DC-15-Z10-B048,7,7,7,0,QUARANTINE,93
DC-15,SKU-00934,DC-15-Z04-B011,65,65,65,11,AVAILABLE,141
DC-15,SKU-00726,DC-15-Z06-B021,145,145,145,18,AVAILABLE,4
DC-15,SKU-00012,DC-15-Z03-B006,188,190,185,12,HOLD,22
DC-15,SKU-00447,DC-15-Z11-B008,43,43,43,5,AVAILABLE,121
DC-15,SKU-01023,DC-15-Z02-B034,142,143,139,13,AVAILABLE,149
DC-15,SKU-00830,DC-15-Z01-B041,60,60,63,13,AVAILABLE,13
DC-15,SKU-00803,DC-15-Z05-B068,130,132,130,7,AVAILABLE,69
DC-15,SKU-00220,DC-15-Z10-B027,166,168,167,19,AVAILABLE,117
DC-15,SKU-01157,DC-15-Z11-B070,151,152,150,9,AVAILABLE,54
DC-15,SKU-00854,DC-15-Z09-B057,74,74,75,13,AVAILABLE,131
DC-15,SKU-00936,DC-15-Z11-B004,51,51,51,8,AVAILABLE,73
DC-15,SKU-00495,DC-15-Z06-B063,53,53,54,3,AVAILABLE,117
DC-15,SKU-00972,DC-15-Z10-B074,55,55,55,0,AVAILABLE,141
DC-15,SKU-00673,DC-15-Z01-B064,211,209,208,19,AVAILABLE,68
DC-15,SKU-01091,DC-15-Z05-B033,210,210,210,20,AVAILABLE,105
DC-15,SKU-00601,DC-15-Z03-B072,155,154,155,5,AVAILABLE,156
DC-15,SKU-00844,DC-15-Z09-B034,7,8,6,2,AVAILABLE,43
DC-15,SKU-00324,DC-15-Z08-B031,95,97,95,11,AVAILABLE,125
DC-15,SKU-00106,DC-15-Z10-B071,188,188,188,15,AVAILABLE,47
DC-15,SKU-00894,DC-15-Z11-B015,49,49,50,6,AVAILABLE,36
DC-15,SKU-01050,DC-15-Z10-B055,160,161,163,10,AVAILABLE,123
DC-15,SKU-00364,DC-15-Z01-B070,170,170,170,4,AVAILABLE,28
DC-15,SKU-00165,DC-15-Z06-B044,142,142,141,10,QUARANTINE,72
DC-15,SKU-00589,DC-15-Z07-B077,82,82,82,2,AVAILABLE,24
DC-15,SKU-00750,DC-15-Z09-B004,168,168,167,10,AVAILABLE,137
DC-15,SKU-00558,DC-15-Z08-B052,141,143,142,8,AVAILABLE,128
DC-15,SKU-00312,DC-15-Z12-B039,202,201,203,2,AVAILABLE,148
DC-15,SKU-00899,DC-15-Z12-B033,47,48,46,15,AVAILABLE,11
DC-15,SKU-00826,DC-15-Z12-B028,187,188,187,17,AVAILABLE,155
DC-15,SKU-00763,DC-15-Z05-B026,123,123,123,13,QUARANTINE,6
DC-15,SKU-01094,DC-15-Z08-B049,96,95,95,7,AVAILABLE,20
DC-15,SKU-00263,DC-15-Z12-B042,5,6,8,5,AVAILABLE,154
DC-15,SKU-01110,DC-15-Z12-B047,168,170,167,3,QUARANTINE,112
DC-15,SKU-00743,DC-15-Z02-B023,85,85,82,15,HOLD,84
DC-15,SKU-00007,DC-15-Z07-B025,98,97,101,20,AVAILABLE,58
DC-15,SKU-00055,DC-15-Z06-B067,82,82,83,1,AVAILABLE,87
DC-15,SKU-00161,DC-15-Z05-B068,28,27,25,8,AVAILABLE,80
DC-15,SKU-00741,DC-15-Z10-B039,71,71,68,11,AVAILABLE,51
DC-15,SKU-01118,DC-15-Z04-B032,70,70,70,9,AVAILABLE,111
DC-15,SKU-00847,DC-15-Z03-B061,0,0,1,0,AVAILABLE,118
DC-15,SKU-01172,DC-15-Z10-B058,26,26,26,15,AVAILABLE,115
DC-15,SKU-00762,DC-15-Z03-B037,182,181,182,6,AVAILABLE,105
DC-15,SKU-01009,DC-15-Z01-B028,22,23,25,13,AVAILABLE,62
DC-15,SKU-00736,DC-15-Z10-B064,192,192,192,15,AVAILABLE,31
DC-15,SKU-00295,DC-15-Z07-B020,154,154,151,13,AVAILABLE,154
DC-15,SKU-00631,DC-15-Z08-B061,28,28,28,13,AVAILABLE,2
DC-15,SKU-00855,DC-15-Z10-B041,218,217,218,2,AVAILABLE,31
DC-15,SKU-00882,DC-15-Z03-B031,17,18,17,17,AVAILABLE,37
DC-15,SKU-00174,DC-15-Z06-B056,38,36,38,6,QUARANTINE,155
DC-15,SKU-01168,DC-15-Z06-B040,210,212,207,15,AVAILABLE,155
DC-15,SKU-00613,DC-15-Z02-B013,164,165,164,13,QUARANTINE,9
DC-15,SKU-00234,DC-15-Z12-B018,147,147,144,7,AVAILABLE,117
DC-15,SKU-00407,DC-15-Z12-B019,132,132,135,20,AVAILABLE,81
DC-15,SKU-00942,DC-15-Z06-B063,16,16,15,15,AVAILABLE,140
DC-15,SKU-00276,DC-15-Z11-B043,213,215,213,7,AVAILABLE,33
DC-15,SKU-00624,DC-15-Z07-B064,89,91,90,2,AVAILABLE,95
DC-15,SKU-00369,DC-15-Z06-B068,211,209,214,12,HOLD,73
DC-15,SKU-00548,DC-15-Z07-B053,151,151,151,7,AVAILABLE,7
DC-15,SKU-00366,DC-15-Z02-B021,23,23,23,10,QUARANTINE,61
DC-15,SKU-00553,DC-15-Z08-B012,28,29,28,18,AVAILABLE,115
DC-15,SKU-00019,DC-15-Z04-B077,177,178,177,14,AVAILABLE,141
DC-15,SKU-00156,DC-15-Z05-B067,157,157,160,8,AVAILABLE,164
DC-15,SKU-00841,DC-15-Z12-B070,159,161,158,10,AVAILABLE,61
DC-15,SKU-00720,DC-15-Z04-B073,50,48,47,18,AVAILABLE,116
DC-15,SKU-00536,DC-15-Z03-B040,194,194,197,11,HOLD,103
DC-15,SKU-00908,DC-15-Z04-B027,70,71,69,20,AVAILABLE,63
DC-15,SKU-01049,DC-15-Z10-B032,35,37,38,16,AVAILABLE,81
DC-15,SKU-00180,DC-15-Z05-B056,196,197,196,18,AVAILABLE,104
DC-15,SKU-00370,DC-15-Z08-B057,201,201,204,20,HOLD,52
DC-15,SKU-00138,DC-15-Z01-B018,210,208,213,17,AVAILABLE,122
DC-15,SKU-00463,DC-15-Z12-B046,106,107,103,8,AVAILABLE,140
DC-15,SKU-01193,DC-15-Z06-B041,202,202,205,7,AVAILABLE,147
DC-15,SKU-01058,DC-15-Z09-B072,184,182,184,4,AVAILABLE,72
DC-15,SKU-00502,DC-15-Z12-B077,186,186,186,6,AVAILABLE,120
DC-15,SKU-00896,DC-15-Z09-B057,110,110,110,15,AVAILABLE,159
DC-15,SKU-00668,DC-15-Z06-B038,23,24,24,1,HOLD,104
DC-15,SKU-00396,DC-15-Z02-B028,118,118,121,9,AVAILABLE,176
DC-15,SKU-00423,DC-15-Z04-B002,88,87,89,18,HOLD,80
DC-15,SKU-00860,DC-15-Z09-B075,74,74,77,7,AVAILABLE,70
DC-15,SKU-01006,DC-15-Z08-B060,152,150,153,15,AVAILABLE,65
DC-15,SKU-00257,DC-15-Z02-B026,14,13,11,0,AVAILABLE,45
DC-15,SKU-01084,DC-15-Z07-B007,57,58,57,10,AVAILABLE,8
DC-15,SKU-00717,DC-15-Z09-B059,14,15,14,9,AVAILABLE,147
DC-15,SKU-00742,DC-15-Z06-B071,191,190,194,4,AVAILABLE,130
DC-15,SKU-01096,DC-15-Z10-B062,164,166,164,19,AVAILABLE,72
DC-15,SKU-00924,DC-15-Z04-B045,164,163,164,20,AVAILABLE,163
DC-15,SKU-00428,DC-15-Z09-B018,24,25,24,19,AVAILABLE,29
DC-15,SKU-00436,DC-15-Z07-B059,92,91,92,11,AVAILABLE,136
DC-15,SKU-00113,DC-15-Z11-B027,20,20,19,14,QUARANTINE,105
DC-15,SKU-00539,DC-15-Z12-B028,61,61,62,10,AVAILABLE,22
DC-15,SKU-01144,DC-15-Z07-B003,29,31,29,20,QUARANTINE,120
DC-15,SKU-00483,DC-15-Z06-B034,19,19,19,16,AVAILABLE,9
DC-15,SKU-00247,DC-15-Z08-B024,48,49,48,17,AVAILABLE,119
DC-15,SKU-00568,DC-15-Z04-B023,87,88,86,1,QUARANTINE,87
DC-15,SKU-00103,DC-15-Z12-B064,147,148,147,17,AVAILABLE,5
DC-15,SKU-00146,DC-15-Z08-B012,178,176,179,3,AVAILABLE,91
DC-15,SKU-00977,DC-15-Z04-B034,122,121,122,8,AVAILABLE,118
DC-15,SKU-01015,DC-15-Z04-B014,45,43,45,11,AVAILABLE,18
DC-15,SKU-00998,DC-15-Z04-B073,121,123,121,0,HOLD,165
DC-15,SKU-01145,DC-15-Z11-B043,49,48,50,13,HOLD,170
DC-15,SKU-00759,DC-15-Z12-B021,120,120,123,10,AVAILABLE,43
DC-15,SKU-00516,DC-15-Z01-B067,147,147,148,16,AVAILABLE,92
DC-15,SKU-00761,DC-15-Z06-B040,180,181,183,3,HOLD,90
DC-15,SKU-01189,DC-15-Z12-B027,67,68,64,3,AVAILABLE,94
DC-15,SKU-00973,DC-15-Z08-B043,163,164,162,13,AVAILABLE,175
DC-15,SKU-00528,DC-15-Z04-B003,95,94,95,3,AVAILABLE,176
DC-15,SKU-01139,DC-15-Z11-B016,194,193,193,8,HOLD,16
DC-15,SKU-00307,DC-15-Z06-B025,186,188,186,17,QUARANTINE,105
DC-15,SKU-00215,DC-15-Z07-B005,4,6,1,3,AVAILABLE,112
DC-15,SKU-00133,DC-15-Z01-B055,136,135,135,5,HOLD,28
DC-15,SKU-00737,DC-15-Z08-B054,13,13,13,9,HOLD,124
DC-15,SKU-00457,DC-15-Z09-B007,51,51,50,17,AVAILABLE,150
DC-15,SKU-00945,DC-15-Z03-B045,153,153,152,0,HOLD,15
DC-15,SKU-00649,DC-15-Z10-B018,71,71,68,14,AVAILABLE,124
DC-15,SKU-01158,DC-15-Z05-B032,219,218,222,10,AVAILABLE,76
DC-15,SKU-00950,DC-15-Z02-B077,46,46,46,4,AVAILABLE,112
DC-15,SKU-00862,DC-15-Z06-B039,61,61,61,0,AVAILABLE,122
DC-15,SKU-00317,DC-15-Z08-B023,98,98,98,9,AVAILABLE,104
DC-15,SKU-01002,DC-15-Z06-B026,83,83,83,6,AVAILABLE,114
DC-15,SKU-00409,DC-15-Z01-B059,26,24,23,6,AVAILABLE,140
DC-15,SKU-00452,DC-15-Z08-B031,100,98,101,9,AVAILABLE,112
DC-15,SKU-00579,DC-15-Z06-B046,43,41,44,13,AVAILABLE,18
DC-15,SKU-00153,DC-15-Z08-B079,4,4,5,4,AVAILABLE,95
DC-15,SKU-00504,DC-15-Z12-B062,110,110,110,7,AVAILABLE,153
DC-15,SKU-00024,DC-15-Z02-B002,23,23,22,2,AVAILABLE,20
DC-15,SKU-00877,DC-15-Z11-B077,194,192,194,10,AVAILABLE,13
DC-15,SKU-00118,DC-15-Z03-B037,73,72,73,7,AVAILABLE,154
DC-15,SKU-00182,DC-15-Z02-B002,31,31,30,5,AVAILABLE,2
DC-15,SKU-00384,DC-15-Z11-B022,216,216,215,19,AVAILABLE,175
DC-15,SKU-00404,DC-15-Z02-B053,116,116,115,7,QUARANTINE,15
DC-15,SKU-00074,DC-15-Z04-B021,215,214,214,6,AVAILABLE,58
DC-15,SKU-00919,DC-15-Z07-B013,46,44,46,15,AVAILABLE,150
DC-15,SKU-00048,DC-15-Z07-B059,67,67,68,1,AVAILABLE,110
DC-15,SKU-01042,DC-15-Z01-B035,205,205,205,0,AVAILABLE,75
DC-15,SKU-00051,DC-15-Z04-B051,210,210,207,4,QUARANTINE,59
DC-15,SKU-00912,DC-15-Z11-B034,50,50,50,2,AVAILABLE,93
DC-15,SKU-00162,DC-15-Z11-B010,42,40,39,12,AVAILABLE,112
DC-15,SKU-00637,DC-15-Z06-B052,206,207,206,11,AVAILABLE,84
DC-15,SKU-00632,DC-15-Z01-B012,147,146,148,16,AVAILABLE,160
DC-15,SKU-00793,DC-15-Z06-B048,127,127,127,8,AVAILABLE,22
DC-15,SKU-00521,DC-15-Z11-B032,4,4,5,2,HOLD,68
DC-15,SKU-01167,DC-15-Z12-B055,182,182,181,3,AVAILABLE,69
DC-15,SKU-00535,DC-15-Z10-B052,192,192,191,12,QUARANTINE,156
DC-15,SKU-01074,DC-15-Z03-B019,91,91,94,0,QUARANTINE,109
DC-15,SKU-00547,DC-15-Z11-B070,13,13,14,5,AVAILABLE,22
DC-15,SKU-00612,DC-15-Z05-B024,80,80,77,5,AVAILABLE,74
DC-15,SKU-00147,DC-15-Z02-B041,18,19,19,17,QUARANTINE,60
DC-15,SKU-00017,DC-15-Z03-B006,188,188,188,18,AVAILABLE,6
DC-15,SKU-00449,DC-15-Z07-B027,185,185,182,7,AVAILABLE,92
DC-15,SKU-00571,DC-15-Z08-B008,215,215,216,19,AVAILABLE,125
DC-15,SKU-00003,DC-15-Z04-B070,75,76,75,8,AVAILABLE,43
DC-15,SKU-01097,DC-15-Z08-B028,55,55,56,9,AVAILABLE,6
DC-15,SKU-00417,DC-15-Z07-B011,120,118,121,19,AVAILABLE,51
DC-15,SKU-00337,DC-15-Z02-B006,71,71,72,19,AVAILABLE,139
DC-15,SKU-00382,DC-15-Z07-B004,32,30,29,1,AVAILABLE,169
DC-15,SKU-00248,DC-15-Z04-B003,76,76,76,14,AVAILABLE,160
DC-15,SKU-01099,DC-15-Z08-B007,155,157,154,8,AVAILABLE,111
DC-15,SKU-00104,DC-15-Z08-B012,170,172,170,13,AVAILABLE,167
DC-15,SKU-00033,DC-15-Z02-B065,112,110,112,9,AVAILABLE,54
DC-15,SKU-00406,DC-15-Z04-B040,54,52,54,0,AVAILABLE,179
DC-15,SKU-01104,DC-15-Z02-B036,61,61,60,20,AVAILABLE,103
DC-15,SKU-01154,DC-15-Z10-B067,20,18,21,13,AVAILABLE,11
DC-15,SKU-00416,DC-15-Z03-B042,166,164,166,8,AVAILABLE,101
DC-15,SKU-00191,DC-15-Z08-B018,191,189,191,19,AVAILABLE,116
DC-15,SKU-00829,DC-15-Z08-B041,194,196,194,14,AVAILABLE,30
DC-15,SKU-00126,DC-15-Z07-B001,80,80,83,2,AVAILABLE,170
DC-15,SKU-00130,DC-15-Z02-B074,55,55,55,14,HOLD,153
DC-15,SKU-00005,DC-15-Z07-B047,54,54,57,8,HOLD,121
DC-15,SKU-00255,DC-15-Z01-B016,133,134,133,13,AVAILABLE,148
DC-15,SKU-00359,DC-15-Z10-B078,185,185,185,9,AVAILABLE,130
DC-15,SKU-00011,DC-15-Z10-B036,156,157,156,19,AVAILABLE,158
DC-15,SKU-00446,DC-15-Z12-B033,193,192,193,17,AVAILABLE,150
DC-15,SKU-01169,DC-15-Z10-B021,104,106,103,17,HOLD,22
DC-15,SKU-01064,DC-15-Z05-B062,177,177,176,7,AVAILABLE,172
DC-15,SKU-00437,DC-15-Z07-B030,62,62,65,10,AVAILABLE,51
DC-15,SKU-00269,DC-15-Z01-B045,30,30,29,11,AVAILABLE,36
DC-15,SKU-01191,DC-15-Z05-B025,169,168,169,12,AVAILABLE,104
DC-15,SKU-01047,DC-15-Z01-B045,156,157,153,12,AVAILABLE,130
DC-15,SKU-00497,DC-15-Z02-B044,12,12,12,2,AVAILABLE,63
DC-15,SKU-00424,DC-15-Z07-B056,36,35,36,0,AVAILABLE,22
DC-15,SKU-00770,DC-15-Z03-B007,53,51,54,13,AVAILABLE,142
DC-15,SKU-00822,DC-15-Z06-B013,191,191,194,1,AVAILABLE,126
DC-15,SKU-00300,DC-15-Z09-B054,109,109,109,15,AVAILABLE,59
DC-15,SKU-00838,DC-15-Z01-B038,100,100,97,0,AVAILABLE,138
DC-15,SKU-01056,DC-15-Z12-B054,11,11,11,6,AVAILABLE,57
DC-15,SKU-00796,DC-15-Z02-B017,36,36,36,2,AVAILABLE,134
DC-15,SKU-00377,DC-15-Z07-B005,20,20,19,10,AVAILABLE,107
DC-15,SKU-00425,DC-15-Z08-B015,34,34,31,5,AVAILABLE,6
DC-15,SKU-00210,DC-15-Z10-B018,191,191,191,20,AVAILABLE,110
DC-15,SKU-01138,DC-15-Z11-B027,173,173,173,4,HOLD,47
DC-15,SKU-00167,DC-15-Z02-B034,118,118,118,19,AVAILABLE,52
DC-15,SKU-00967,DC-15-Z10-B056,115,116,118,18,AVAILABLE,155
DC-15,SKU-00101,DC-15-Z06-B070,127,127,130,14,AVAILABLE,180
DC-15,SKU-00679,DC-15-Z11-B023,161,161,164,17,QUARANTINE,14
DC-15,SKU-00592,DC-15-Z02-B072,20,19,20,10,AVAILABLE,162
DC-15,SKU-00160,DC-15-Z11-B037,208,207,208,1,QUARANTINE,71
DC-15,SKU-00240,DC-15-Z03-B032,143,144,146,8,AVAILABLE,112
DC-15,SKU-00459,DC-15-Z08-B036,92,92,95,15,AVAILABLE,140
DC-15,SKU-01103,DC-15-Z04-B068,64,64,65,14,AVAILABLE,105
DC-15,SKU-01127,DC-15-Z07-B064,67,67,66,3,AVAILABLE,141
DC-15,SKU-00685,DC-15-Z06-B049,47,47,50,19,AVAILABLE,59
DC-15,SKU-00825,DC-15-Z07-B003,4,4,4,4,AVAILABLE,103
DC-15,SKU-00427,DC-15-Z08-B076,28,28,28,7,AVAILABLE,170
DC-15,SKU-00702,DC-15-Z09-B036,148,148,148,17,AVAILABLE,127
DC-15,SKU-00491,DC-15-Z09-B058,43,44,40,18,AVAILABLE,18
DC-15,SKU-00285,DC-15-Z01-B041,151,151,154,13,AVAILABLE,34
DC-15,SKU-00401,DC-15-Z05-B048,33,33,33,15,AVAILABLE,124
DC-15,SKU-00454,DC-15-Z11-B055,135,135,135,3,AVAILABLE,36
DC-15,SKU-01123,DC-15-Z09-B055,38,38,38,16,AVAILABLE,37
DC-15,SKU-00751,DC-15-Z07-B011,171,173,171,9,AVAILABLE,0
DC-15,SKU-00582,DC-15-Z03-B027,117,115,114,0,AVAILABLE,9
DC-15,SKU-00015,DC-15-Z03-B006,5,4,5,0,AVAILABLE,60
DC-15,SKU-00729,DC-15-Z02-B041,28,28,25,8,AVAILABLE,22
DC-15,SKU-00609,DC-15-Z12-B066,192,192,195,1,AVAILABLE,2
DC-15,SKU-01133,DC-15-Z10-B013,195,194,192,2,AVAILABLE,2
DC-15,SKU-00371,DC-15-Z12-B045,57,58,57,10,AVAILABLE,59
DC-15,SKU-00254,DC-15-Z12-B062,203,205,204,18,AVAILABLE,65
DC-15,SKU-01085,DC-15-Z03-B030,56,54,59,16,AVAILABLE,80
DC-15,SKU-00875,DC-15-Z05-B075,171,172,171,15,AVAILABLE,173
DC-15,SKU-00836,DC-15-Z08-B017,111,112,108,0,AVAILABLE,5
DC-15,SKU-01028,DC-15-Z01-B030,66,66,66,1,AVAILABLE,19
DC-15,SKU-00584,DC-15-Z01-B050,92,93,95,2,AVAILABLE,152
DC-15,SKU-00326,DC-15-Z01-B064,173,171,174,13,AVAILABLE,33
DC-15,SKU-01124,DC-15-Z01-B058,5,5,5,1,AVAILABLE,126
DC-15,SKU-00778,DC-15-Z08-B060,218,218,218,20,AVAILABLE,47
DC-15,SKU-00773,DC-15-Z11-B012,205,206,204,6,AVAILABLE,77
DC-15,SKU-00680,DC-15-Z05-B048,74,72,75,7,AVAILABLE,55
DC-15,SKU-00373,DC-15-Z12-B052,73,73,70,18,AVAILABLE,62
DC-15,SKU-00563,DC-15-Z08-B041,35,35,35,14,AVAILABLE,70
DC-15,SKU-01120,DC-15-Z08-B026,58,58,61,8,AVAILABLE,173
DC-15,SKU-00789,DC-15-Z03-B035,161,161,161,8,AVAILABLE,172
DC-15,SKU-00487,DC-15-Z11-B068,51,51,51,11,HOLD,170
DC-15,SKU-01070,DC-15-Z10-B029,197,197,197,17,AVAILABLE,79
DC-15,SKU-00429,DC-15-Z07-B058,47,47,47,15,AVAILABLE,176
DC-15,SKU-00493,DC-15-Z01-B071,83,83,86,9,AVAILABLE,165
DC-15,SKU-00060,DC-15-Z08-B067,14,16,15,12,AVAILABLE,81
DC-15,SKU-00192,DC-15-Z11-B074,15,13,12,6,AVAILABLE,68
DC-15,SKU-00766,DC-15-Z02-B068,174,174,173,16,AVAILABLE,132
DC-15,SKU-00707,DC-15-Z08-B074,13,13,10,3,AVAILABLE,30
DC-15,SKU-01054,DC-15-Z08-B029,177,177,177,17,QUARANTINE,6
DC-15,SKU-00330,DC-15-Z09-B059,158,159,158,4,AVAILABLE,64
DC-15,SKU-01198,DC-15-Z05-B021,158,159,158,20,AVAILABLE,157
DC-15,SKU-00840,DC-15-Z06-B043,6,4,7,4,AVAILABLE,52
DC-15,SKU-01092,DC-15-Z05-B028,137,137,136,16,AVAILABLE,25
DC-15,SKU-00922,DC-15-Z02-B009,5,4,5,5,AVAILABLE,80
DC-15,SKU-00472,DC-15-Z08-B028,181,183,180,15,AVAILABLE,27
DC-15,SKU-00129,DC-15-Z06-B066,105,106,102,6,AVAILABLE,156
DC-15,SKU-00296,DC-15-Z05-B005,93,92,96,9,AVAILABLE,32
DC-15,SKU-00175,DC-15-Z10-B019,61,60,58,3,QUARANTINE,12
DC-15,SKU-00158,DC-15-Z04-B063,177,177,174,9,AVAILABLE,82
DC-15,SKU-00038,DC-15-Z02-B017,170,171,169,3,AVAILABLE,144
DC-15,SKU-00095,DC-15-Z02-B022,207,206,208,3,AVAILABLE,33
DC-15,SKU-00506,DC-15-Z09-B062,14,14,15,2,HOLD,142
DC-15,SKU-00408,DC-15-Z02-B039,140,140,141,12,AVAILABLE,5
DC-15,SKU-00646,DC-15-Z07-B046,139,139,139,20,AVAILABLE,122
DC-15,SKU-00145,DC-15-Z09-B050,186,187,186,15,AVAILABLE,160
DC-15,SKU-00289,DC-15-Z05-B062,83,83,84,15,QUARANTINE,37
DC-15,SKU-00266,DC-15-Z06-B033,34,34,37,20,AVAILABLE,56
DC-15,SKU-01081,DC-15-Z05-B028,19,17,19,9,AVAILABLE,83
DC-15,SKU-00127,DC-15-Z03-B023,128,130,125,15,AVAILABLE,62
DC-15,SKU-01076,DC-15-Z09-B078,143,141,140,9,HOLD,81
DC-15,SKU-00590,DC-15-Z07-B067,143,143,142,10,AVAILABLE,164
DC-15,SKU-00906,DC-15-Z11-B057,204,204,201,20,QUARANTINE,4
DC-15,SKU-01131,DC-15-Z03-B018,217,217,218,0,AVAILABLE,62
DC-15,SKU-00063,DC-15-Z03-B034,172,174,172,13,AVAILABLE,53
DC-15,SKU-01121,DC-15-Z03-B013,199,199,199,10,HOLD,85
DC-15,SKU-00805,DC-15-Z05-B054,167,165,168,2,AVAILABLE,73
DC-15,SKU-00469,DC-15-Z11-B014,12,13,12,2,AVAILABLE,147
DC-15,SKU-01194,DC-15-Z04-B048,164,165,165,15,AVAILABLE,84
DC-15,SKU-00663,DC-15-Z12-B073,21,23,24,3,AVAILABLE,88
DC-15,SKU-00616,DC-15-Z07-B052,164,162,164,3,HOLD,129
DC-15,SKU-00629,DC-15-Z01-B064,125,127,128,12,AVAILABLE,54
DC-15,SKU-00419,DC-15-Z04-B044,73,73,74,8,AVAILABLE,121
DC-15,SKU-00478,DC-15-Z08-B033,11,11,12,2,AVAILABLE,100
DC-15,SKU-00591,DC-15-Z06-B036,174,174,171,0,QUARANTINE,84
DC-15,SKU-00183,DC-15-Z07-B050,66,66,66,20,AVAILABLE,79
DC-15,SKU-00280,DC-15-Z05-B064,24,22,24,6,HOLD,13
DC-15,SKU-01052,DC-15-Z05-B058,74,74,75,11,AVAILABLE,84
DC-15,SKU-00473,DC-15-Z06-B078,122,122,125,6,AVAILABLE,71
DC-15,SKU-00839,DC-15-Z08-B023,26,26,23,17,AVAILABLE,126
DC-15,SKU-00842,DC-15-Z05-B056,38,38,38,4,AVAILABLE,160
DC-15,SKU-00338,DC-15-Z09-B024,216,216,216,15,QUARANTINE,80
DC-15,SKU-00339,DC-15-Z09-B065,116,115,113,19,AVAILABLE,103
DC-15,SKU-00410,DC-15-Z11-B005,85,86,82,7,AVAILABLE,162
DC-15,SKU-00035,DC-15-Z06-B077,137,137,137,7,QUARANTINE,8
DC-15,SKU-00696,DC-15-Z02-B009,115,115,115,17,AVAILABLE,148
DC-15,SKU-01090,DC-15-Z04-B068,81,81,82,4,AVAILABLE,160
DC-15,SKU-00297,DC-15-Z10-B039,75,75,75,18,AVAILABLE,174
DC-15,SKU-00995,DC-15-Z09-B016,154,156,157,14,AVAILABLE,91
DC-15,SKU-00166,DC-15-Z08-B021,160,162,161,15,AVAILABLE,10
DC-15,SKU-00411,DC-15-Z07-B007,60,58,59,18,AVAILABLE,167
DC-15,SKU-00001,DC-15-Z06-B080,182,180,182,1,AVAILABLE,41
DC-15,SKU-00358,DC-15-Z07-B070,83,83,86,10,HOLD,113
DC-15,SKU-00434,DC-15-Z10-B064,112,111,109,6,AVAILABLE,127
DC-15,SKU-00667,DC-15-Z12-B065,214,214,211,18,AVAILABLE,119
DC-15,SKU-00486,DC-15-Z11-B055,213,213,213,8,QUARANTINE,162
DC-15,SKU-00709,DC-15-Z09-B022,94,94,93,11,AVAILABLE,1
DC-15,SKU-01060,DC-15-Z01-B019,0,0,0,0,AVAILABLE,130
DC-15,SKU-00205,DC-15-Z01-B073,216,218,216,14,AVAILABLE,140
DC-15,SKU-00091,DC-15-Z03-B063,60,60,60,1,AVAILABLE,58
DC-15,SKU-00151,DC-15-Z11-B052,200,202,201,3,AVAILABLE,87
DC-15,SKU-00464,DC-15-Z06-B041,117,115,120,11,AVAILABLE,50
DC-15,SKU-00538,DC-15-Z10-B006,172,172,173,20,AVAILABLE,90
DC-15,SKU-00481,DC-15-Z03-B055,28,28,27,5,AVAILABLE,133
DC-15,SKU-00634,DC-15-Z05-B031,136,134,136,13,QUARANTINE,32
DC-15,SKU-01174,DC-15-Z06-B002,12,14,13,4,AVAILABLE,65
DC-15,SKU-00722,DC-15-Z10-B046,172,171,172,2,AVAILABLE,41
DC-15,SKU-00107,DC-15-Z05-B058,33,31,30,5,AVAILABLE,15
DC-15,SKU-00062,DC-15-Z02-B003,178,180,179,17,AVAILABLE,57
DC-15,SKU-00595,DC-15-Z10-B069,4,3,4,0,AVAILABLE,82
DC-15,SKU-00290,DC-15-Z04-B076,22,22,22,20,AVAILABLE,127
DC-15,SKU-00700,DC-15-Z05-B009,146,146,143,18,AVAILABLE,55
DC-15,SKU-00684,DC-15-Z11-B012,133,132,133,0,AVAILABLE,140
DC-15,SKU-00507,DC-15-Z03-B072,150,150,151,13,AVAILABLE,147
DC-15,SKU-00551,DC-15-Z01-B008,100,100,100,11,AVAILABLE,59
DC-15,SKU-01030,DC-15-Z12-B053,146,146,146,5,AVAILABLE,40
DC-15,SKU-00488,DC-15-Z03-B071,182,181,182,13,HOLD,157
DC-15,SKU-00214,DC-15-Z01-B058,88,88,88,13,AVAILABLE,35
DC-15,SKU-01062,DC-15-Z02-B026,200,198,200,10,AVAILABLE,24
DC-15,SKU-00607,DC-15-Z07-B065,12,13,15,6,HOLD,58
DC-15,SKU-01196,DC-15-Z07-B016,8,8,11,5,AVAILABLE,0
DC-15,SKU-00066,DC-15-Z07-B042,125,125,128,19,AVAILABLE,34
DC-15,SKU-00299,DC-15-Z01-B066,155,153,155,7,QUARANTINE,0
DC-15,SKU-00076,DC-15-Z11-B014,89,90,89,12,AVAILABLE,95
DC-15,SKU-00885,DC-15-Z10-B046,219,219,219,18,AVAILABLE,146
DC-15,SKU-00004,DC-15-Z10-B024,213,215,210,15,AVAILABLE,34
DC-15,SKU-00714,DC-15-Z01-B008,41,43,40,5,AVAILABLE,179
DC-15,SKU-00546,DC-15-Z09-B014,99,99,98,16,AVAILABLE,175
DC-15,SKU-00765,DC-15-Z11-B080,32,32,35,7,AVAILABLE,35
DC-15,SKU-00541,DC-15-Z03-B037,81,79,82,20,QUARANTINE,138
DC-15,SKU-00218,DC-15-Z08-B020,150,150,150,8,AVAILABLE,53
DC-15,SKU-01109,DC-15-Z08-B043,91,91,91,9,AVAILABLE,159
DC-15,SKU-01007,DC-15-Z12-B077,184,185,185,18,AVAILABLE,36
DC-15,SKU-00735,DC-15-Z01-B007,167,168,167,2,AVAILABLE,131
DC-15,SKU-00132,DC-15-Z03-B050,77,78,77,0,AVAILABLE,71
DC-15,SKU-00456,DC-15-Z05-B019,137,137,138,19,QUARANTINE,112
DC-15,SKU-01018,DC-15-Z01-B078,37,39,34,6,AVAILABLE,0
DC-15,SKU-00577,DC-15-Z09-B056,50,50,50,16,QUARANTINE,7
DC-15,SKU-00028,DC-15-Z12-B029,52,53,52,8,QUARANTINE,161
DC-15,SKU-00448,DC-15-Z01-B063,37,36,37,15,AVAILABLE,165
DC-15,SKU-00781,DC-15-Z04-B010,144,145,147,8,AVAILABLE,174
DC-15,SKU-00526,DC-15-Z01-B055,50,51,50,8,AVAILABLE,97
DC-15,SKU-00816,DC-15-Z02-B059,141,141,141,18,AVAILABLE,57
DC-15,SKU-00348,DC-15-Z10-B025,6,6,9,2,AVAILABLE,137
DC-15,SKU-01014,DC-15-Z10-B046,95,95,92,18,AVAILABLE,9
DC-15,SKU-00891,DC-15-Z09-B064,97,98,100,4,AVAILABLE,67
DC-15,SKU-01071,DC-15-Z05-B065,179,179,176,5,HOLD,139
DC-15,SKU-00501,DC-15-Z04-B056,46,45,45,18,AVAILABLE,102
DC-15,SKU-00152,DC-15-Z06-B066,146,145,147,2,QUARANTINE,157
DC-15,SKU-00682,DC-15-Z11-B055,131,131,132,4,QUARANTINE,151
DC-15,SKU-00878,DC-15-Z04-B049,84,84,85,15,AVAILABLE,62
DC-15,SKU-01170,DC-15-Z02-B013,114,113,111,0,AVAILABLE,89
DC-15,SKU-00511,DC-15-Z09-B007,133,132,132,10,QUARANTINE,15
DC-15,SKU-00879,DC-15-Z05-B021,66,64,66,14,AVAILABLE,163
DC-15,SKU-00694,DC-15-Z04-B072,136,135,133,14,AVAILABLE,163
DC-15,SKU-00874,DC-15-Z09-B029,61,61,64,18,AVAILABLE,115
DC-15,SKU-00987,DC-15-Z01-B034,137,137,136,8,AVAILABLE,72
DC-15,SKU-00872,DC-15-Z12-B029,217,215,214,6,AVAILABLE,26
DC-15,SKU-00020,DC-15-Z05-B031,154,154,153,19,HOLD,162
DC-15,SKU-00199,DC-15-Z11-B022,60,61,57,5,AVAILABLE,79
DC-15,SKU-00044,DC-15-Z04-B074,72,72,75,18,AVAILABLE,117
DC-15,SKU-01065,DC-15-Z08-B011,132,132,135,5,HOLD,177
DC-15,SKU-00200,DC-15-Z04-B016,17,19,17,4,HOLD,144
DC-15,SKU-00647,DC-15-Z09-B003,151,152,151,3,AVAILABLE,87
DC-15,SKU-00195,DC-15-Z10-B001,157,159,157,9,AVAILABLE,94
DC-15,SKU-00395,DC-15-Z09-B071,162,162,162,5,AVAILABLE,128
DC-15,SKU-00467,DC-15-Z03-B060,143,141,144,20,AVAILABLE,73
DC-15,SKU-00320,DC-15-Z07-B039,68,70,65,11,AVAILABLE,153
DC-15,SKU-01017,DC-15-Z12-B051,162,162,165,10,AVAILABLE,163
DC-15,SKU-00009,DC-15-Z10-B016,65,65,62,7,AVAILABLE,6
DC-15,SKU-00795,DC-15-Z11-B017,79,78,79,10,AVAILABLE,37
DC-15,SKU-01186,DC-15-Z07-B016,150,148,150,3,AVAILABLE,128
DC-15,SKU-00315,DC-15-Z10-B042,15,17,18,3,AVAILABLE,100
DC-15,SKU-00039,DC-15-Z04-B005,170,169,170,7,AVAILABLE,122
DC-15,SKU-01031,DC-15-Z05-B022,97,98,98,13,AVAILABLE,84
DC-15,SKU-00279,DC-15-Z03-B049,181,180,181,15,AVAILABLE,170
DC-15,SKU-00253,DC-15-Z12-B021,129,128,132,15,AVAILABLE,72
DC-15,SKU-00572,DC-15-Z06-B016,61,60,64,12,AVAILABLE,11
DC-15,SKU-01177,DC-15-Z06-B076,188,188,188,0,AVAILABLE,99
DC-15,SKU-00073,DC-15-Z12-B078,195,195,192,6,AVAILABLE,33
DC-15,SKU-00030,DC-15-Z12-B021,155,157,158,15,AVAILABLE,99
DC-15,SKU-00695,DC-15-Z08-B046,190,189,191,13,AVAILABLE,123
DC-15,SKU-00445,DC-15-Z04-B037,125,123,125,9,AVAILABLE,117
DC-15,SKU-00250,DC-15-Z01-B057,205,205,206,2,AVAILABLE,150
DC-15,SKU-00018,DC-15-Z11-B014,91,91,94,10,HOLD,20
DC-15,SKU-00010,DC-15-Z05-B007,173,173,176,0,AVAILABLE,177
DC-15,SKU-00093,DC-15-Z09-B050,210,211,213,10,AVAILABLE,65
DC-15,SKU-01041,DC-15-Z02-B070,167,169,164,10,AVAILABLE,169
DC-15,SKU-00036,DC-15-Z10-B026,38,38,38,19,AVAILABLE,109
DC-15,SKU-00792,DC-15-Z11-B055,53,53,53,6,AVAILABLE,103
DC-16,SKU-00169,DC-16-Z07-B002,36,36,35,9,AVAILABLE,22
DC-16,SKU-00515,DC-16-Z03-B066,59,58,59,8,AVAILABLE,132
DC-16,SKU-01078,DC-16-Z01-B063,55,56,55,17,AVAILABLE,39
DC-16,SKU-00554,DC-16-Z01-B022,156,155,153,2,QUARANTINE,121
DC-16,SKU-00811,DC-16-Z03-B006,186,186,183,3,AVAILABLE,108
DC-16,SKU-00763,DC-16-Z09-B003,124,124,127,19,AVAILABLE,122
DC-16,SKU-00665,DC-16-Z04-B013,130,130,133,20,QUARANTINE,2
DC-16,SKU-00077,DC-16-Z11-B051,185,183,184,5,AVAILABLE,28
DC-16,SKU-00124,DC-16-Z03-B066,12,12,13,5,QUARANTINE,66
DC-16,SKU-00083,DC-16-Z05-B031,94,92,97,14,QUARANTINE,55
DC-16,SKU-00234,DC-16-Z03-B032,155,155,155,4,QUARANTINE,19
DC-16,SKU-00954,DC-16-Z10-B039,136,136,137,19,AVAILABLE,9
DC-16,SKU-01064,DC-16-Z03-B039,168,170,171,12,AVAILABLE,49
DC-16,SKU-00905,DC-16-Z01-B054,151,151,154,14,AVAILABLE,137
DC-16,SKU-00517,DC-16-Z06-B073,153,153,153,12,AVAILABLE,87
DC-16,SKU-00444,DC-16-Z08-B034,75,75,75,7,AVAILABLE,77
DC-16,SKU-00698,DC-16-Z03-B079,210,210,210,5,AVAILABLE,91
DC-16,SKU-00306,DC-16-Z05-B036,198,198,198,8,AVAILABLE,40
DC-16,SKU-01079,DC-16-Z02-B059,86,86,86,20,AVAILABLE,45
DC-16,SKU-01041,DC-16-Z09-B035,142,142,141,5,AVAILABLE,9
DC-16,SKU-00648,DC-16-Z12-B021,167,169,168,15,AVAILABLE,129
DC-16,SKU-00805,DC-16-Z12-B065,30,30,30,11,AVAILABLE,63
DC-16,SKU-00848,DC-16-Z12-B002,87,85,90,4,QUARANTINE,49
DC-16,SKU-01050,DC-16-Z07-B006,214,214,215,12,AVAILABLE,22
DC-16,SKU-00735,DC-16-Z09-B015,120,122,120,0,AVAILABLE,93
DC-16,SKU-00994,DC-16-Z06-B051,143,142,140,0,AVAILABLE,114
DC-16,SKU-00372,DC-16-Z01-B047,196,194,196,0,AVAILABLE,111
DC-16,SKU-00776,DC-16-Z01-B010,66,64,69,18,HOLD,45
DC-16,SKU-00834,DC-16-Z04-B046,60,61,60,6,HOLD,160
DC-16,SKU-00414,DC-16-Z04-B023,40,40,39,14,AVAILABLE,135
DC-16,SKU-01028,DC-16-Z02-B023,211,211,210,5,AVAILABLE,153
DC-16,SKU-01106,DC-16-Z06-B048,127,125,126,12,AVAILABLE,137
DC-16,SKU-00693,DC-16-Z07-B043,115,115,114,8,AVAILABLE,138
DC-16,SKU-00008,DC-16-Z06-B039,31,31,28,9,HOLD,157
DC-16,SKU-00036,DC-16-Z06-B001,127,128,127,19,AVAILABLE,126
DC-16,SKU-00968,DC-16-Z07-B030,30,30,33,10,AVAILABLE,38
DC-16,SKU-00081,DC-16-Z06-B032,220,220,220,16,AVAILABLE,149
DC-16,SKU-01156,DC-16-Z11-B058,45,45,46,8,AVAILABLE,132
DC-16,SKU-01107,DC-16-Z10-B054,111,111,112,12,AVAILABLE,87
DC-16,SKU-00192,DC-16-Z06-B047,25,25,22,19,AVAILABLE,76
DC-16,SKU-00583,DC-16-Z02-B012,197,197,196,17,QUARANTINE,48
DC-16,SKU-00830,DC-16-Z08-B036,217,219,214,17,AVAILABLE,38
DC-16,SKU-01146,DC-16-Z12-B027,53,53,53,7,AVAILABLE,142
DC-16,SKU-00881,DC-16-Z05-B050,141,142,141,13,AVAILABLE,169
DC-16,SKU-01053,DC-16-Z03-B044,113,114,110,18,AVAILABLE,73
DC-16,SKU-00532,DC-16-Z03-B001,20,20,17,2,AVAILABLE,45
DC-16,SKU-00826,DC-16-Z04-B072,53,52,56,11,HOLD,110
DC-16,SKU-00981,DC-16-Z03-B005,150,151,149,16,AVAILABLE,62
DC-16,SKU-00894,DC-16-Z01-B059,97,97,97,3,AVAILABLE,68
DC-16,SKU-00391,DC-16-Z12-B032,14,14,15,10,AVAILABLE,114
DC-16,SKU-00556,DC-16-Z09-B068,19,21,22,19,AVAILABLE,149
DC-16,SKU-00633,DC-16-Z04-B022,3,4,6,1,HOLD,32
DC-16,SKU-00936,DC-16-Z08-B034,82,82,81,5,AVAILABLE,69
DC-16,SKU-00993,DC-16-Z11-B066,179,179,178,16,AVAILABLE,26
DC-16,SKU-00780,DC-16-Z03-B056,70,70,69,16,AVAILABLE,88
DC-16,SKU-00831,DC-16-Z03-B080,139,139,142,8,AVAILABLE,60
DC-16,SKU-00492,DC-16-Z09-B057,89,91,86,6,AVAILABLE,168
DC-16,SKU-00204,DC-16-Z05-B078,2,2,0,1,QUARANTINE,161
DC-16,SKU-00374,DC-16-Z12-B031,109,110,109,13,AVAILABLE,167
DC-16,SKU-00179,DC-16-Z03-B024,66,66,67,11,AVAILABLE,95
DC-16,SKU-00174,DC-16-Z12-B030,183,183,183,17,AVAILABLE,77
DC-16,SKU-00253,DC-16-Z09-B021,159,159,160,0,HOLD,169
DC-16,SKU-00933,DC-16-Z10-B027,136,134,139,13,AVAILABLE,173
DC-16,SKU-00561,DC-16-Z07-B008,141,143,144,11,AVAILABLE,73
DC-16,SKU-00168,DC-16-Z05-B025,57,59,57,4,AVAILABLE,55
DC-16,SKU-00966,DC-16-Z11-B011,136,136,136,8,AVAILABLE,10
DC-16,SKU-00474,DC-16-Z12-B074,206,206,203,20,QUARANTINE,60
DC-16,SKU-00628,DC-16-Z04-B015,154,152,154,4,AVAILABLE,43
DC-16,SKU-01148,DC-16-Z06-B002,119,119,120,16,HOLD,55
DC-16,SKU-00563,DC-16-Z04-B070,38,39,38,7,AVAILABLE,82
DC-16,SKU-00545,DC-16-Z11-B068,56,57,55,6,HOLD,74
DC-16,SKU-01149,DC-16-Z03-B045,204,204,204,20,QUARANTINE,109
DC-16,SKU-00049,DC-16-Z12-B063,140,140,141,4,AVAILABLE,121
DC-16,SKU-00941,DC-16-Z07-B070,19,17,20,19,AVAILABLE,14
DC-16,SKU-00857,DC-16-Z06-B034,99,100,99,9,AVAILABLE,172
DC-16,SKU-00502,DC-16-Z06-B050,16,15,17,12,AVAILABLE,138
DC-16,SKU-00559,DC-16-Z03-B032,193,193,194,1,AVAILABLE,31
DC-16,SKU-00611,DC-16-Z03-B061,80,80,79,6,AVAILABLE,17
DC-16,SKU-00681,DC-16-Z02-B080,176,176,173,17,QUARANTINE,36
DC-16,SKU-00850,DC-16-Z07-B008,38,39,38,5,QUARANTINE,115
DC-16,SKU-00775,DC-16-Z11-B009,123,123,123,13,AVAILABLE,88
DC-16,SKU-00198,DC-16-Z08-B059,148,148,148,6,AVAILABLE,115
DC-16,SKU-00356,DC-16-Z07-B066,70,70,70,4,AVAILABLE,136
DC-16,SKU-00589,DC-16-Z04-B049,124,124,123,9,AVAILABLE,150
DC-16,SKU-00304,DC-16-Z06-B032,139,140,139,2,AVAILABLE,104
DC-16,SKU-00281,DC-16-Z05-B056,130,130,129,20,AVAILABLE,152
DC-16,SKU-00480,DC-16-Z01-B019,133,132,132,4,AVAILABLE,162
DC-16,SKU-00130,DC-16-Z08-B026,15,17,14,8,AVAILABLE,30
DC-16,SKU-00261,DC-16-Z01-B054,39,41,39,14,QUARANTINE,29
DC-16,SKU-00531,DC-16-Z03-B015,164,165,165,7,AVAILABLE,122
DC-16,SKU-01141,DC-16-Z11-B036,185,185,185,14,AVAILABLE,60
DC-16,SKU-00405,DC-16-Z02-B066,192,193,189,3,AVAILABLE,11
DC-16,SKU-00419,DC-16-Z04-B019,86,86,89,12,HOLD,161
DC-16,SKU-00032,DC-16-Z12-B072,180,179,181,4,AVAILABLE,0
DC-16,SKU-00371,DC-16-Z01-B056,110,112,113,14,AVAILABLE,164
DC-16,SKU-01005,DC-16-Z10-B015,29,27,29,16,AVAILABLE,133
DC-16,SKU-00294,DC-16-Z04-B043,212,212,215,1,AVAILABLE,35
DC-16,SKU-00769,DC-16-Z04-B063,217,217,214,13,HOLD,32
DC-16,SKU-00383,DC-16-Z07-B056,5,3,8,0,AVAILABLE,58
DC-16,SKU-00229,DC-16-Z01-B006,26,28,29,13,HOLD,101
DC-16,SKU-01029,DC-16-Z07-B056,162,162,162,4,AVAILABLE,174
DC-16,SKU-00365,DC-16-Z04-B004,32,34,32,15,AVAILABLE,134
DC-16,SKU-01042,DC-16-Z09-B012,41,41,40,7,AVAILABLE,48
DC-16,SKU-00466,DC-16-Z05-B075,94,93,95,5,AVAILABLE,175
DC-16,SKU-01153,DC-16-Z06-B009,29,29,32,12,AVAILABLE,46
DC-16,SKU-00318,DC-16-Z11-B061,40,40,40,12,AVAILABLE,125
DC-16,SKU-01055,DC-16-Z12-B032,43,43,44,19,AVAILABLE,0
DC-16,SKU-00923,DC-16-Z09-B060,126,126,126,7,AVAILABLE,98
DC-16,SKU-00395,DC-16-Z01-B031,173,172,170,2,AVAILABLE,92
DC-16,SKU-00324,DC-16-Z01-B071,217,216,217,8,HOLD,78
DC-16,SKU-00448,DC-16-Z09-B039,65,65,66,4,AVAILABLE,42
DC-16,SKU-00913,DC-16-Z05-B038,39,39,39,1,AVAILABLE,62
DC-16,SKU-00910,DC-16-Z12-B011,185,183,185,20,AVAILABLE,144
DC-16,SKU-01138,DC-16-Z10-B062,176,178,173,1,AVAILABLE,104
DC-16,SKU-00181,DC-16-Z06-B050,17,16,17,1,AVAILABLE,129
DC-16,SKU-00984,DC-16-Z11-B018,146,146,145,5,QUARANTINE,41
DC-16,SKU-00525,DC-16-Z02-B053,29,29,26,15,AVAILABLE,71
DC-16,SKU-00202,DC-16-Z01-B058,10,10,11,2,AVAILABLE,117
DC-16,SKU-00664,DC-16-Z07-B063,107,107,110,13,AVAILABLE,149
DC-16,SKU-01066,DC-16-Z03-B017,160,158,160,9,AVAILABLE,150
DC-16,SKU-00246,DC-16-Z10-B070,163,161,162,5,HOLD,70
DC-16,SKU-00401,DC-16-Z12-B001,202,202,202,14,AVAILABLE,41
DC-16,SKU-00024,DC-16-Z11-B061,0,0,0,0,HOLD,152
DC-16,SKU-00161,DC-16-Z09-B010,69,70,66,17,AVAILABLE,143
DC-16,SKU-00075,DC-16-Z05-B050,149,148,149,8,AVAILABLE,92
DC-16,SKU-00394,DC-16-Z04-B078,69,69,69,5,HOLD,105
DC-16,SKU-00491,DC-16-Z07-B052,144,142,143,3,QUARANTINE,155
DC-16,SKU-00654,DC-16-Z09-B032,199,199,200,19,QUARANTINE,44
DC-16,SKU-00991,DC-16-Z10-B036,40,40,37,2,AVAILABLE,40
DC-16,SKU-00660,DC-16-Z09-B011,44,43,44,5,AVAILABLE,7
DC-16,SKU-00750,DC-16-Z08-B060,200,201,200,10,AVAILABLE,93
DC-16,SKU-00542,DC-16-Z12-B070,19,19,20,5,HOLD,180
DC-16,SKU-00527,DC-16-Z12-B047,105,107,102,11,AVAILABLE,47
DC-16,SKU-00753,DC-16-Z09-B049,201,201,201,2,AVAILABLE,144
DC-16,SKU-00277,DC-16-Z02-B044,196,194,196,4,QUARANTINE,162
DC-16,SKU-01187,DC-16-Z08-B059,78,79,81,5,AVAILABLE,118
DC-16,SKU-00052,DC-16-Z12-B024,8,8,5,1,AVAILABLE,106
DC-16,SKU-01171,DC-16-Z10-B057,15,17,18,1,AVAILABLE,138
DC-16,SKU-00133,DC-16-Z10-B004,55,55,55,4,HOLD,52
DC-16,SKU-00865,DC-16-Z07-B002,81,81,81,2,AVAILABLE,106
DC-16,SKU-01008,DC-16-Z09-B021,27,27,28,4,QUARANTINE,53
DC-16,SKU-00543,DC-16-Z08-B071,61,61,62,15,HOLD,141
DC-16,SKU-01032,DC-16-Z04-B020,121,123,120,14,AVAILABLE,37
DC-16,SKU-00742,DC-16-Z02-B032,106,106,106,8,AVAILABLE,143
DC-16,SKU-00519,DC-16-Z05-B073,202,202,202,0,QUARANTINE,45
DC-16,SKU-00560,DC-16-Z02-B038,4,5,1,3,AVAILABLE,99
DC-16,SKU-01157,DC-16-Z10-B079,219,219,220,10,AVAILABLE,46
DC-16,SKU-00435,DC-16-Z12-B075,144,144,141,5,QUARANTINE,114
DC-16,SKU-00064,DC-16-Z07-B075,83,82,82,13,AVAILABLE,89
DC-16,SKU-00869,DC-16-Z08-B048,20,20,20,8,AVAILABLE,71
DC-16,SKU-01116,DC-16-Z05-B015,124,124,124,3,AVAILABLE,119
DC-16,SKU-00482,DC-16-Z10-B062,9,9,6,2,AVAILABLE,68
DC-16,SKU-01073,DC-16-Z07-B030,107,107,110,9,AVAILABLE,157
DC-16,SKU-00847,DC-16-Z08-B080,115,115,116,8,AVAILABLE,22
DC-16,SKU-00456,DC-16-Z02-B011,70,69,71,10,AVAILABLE,169
DC-16,SKU-01082,DC-16-Z04-B060,118,118,118,1,AVAILABLE,121
DC-16,SKU-00182,DC-16-Z11-B070,98,96,101,8,QUARANTINE,80
DC-16,SKU-00104,DC-16-Z01-B058,30,28,29,4,AVAILABLE,171
DC-16,SKU-00996,DC-16-Z01-B062,105,103,102,20,HOLD,131
DC-16,SKU-00404,DC-16-Z12-B070,108,110,107,2,AVAILABLE,162
DC-16,SKU-00039,DC-16-Z03-B074,97,96,97,7,AVAILABLE,160
DC-16,SKU-00792,DC-16-Z06-B052,212,212,211,1,AVAILABLE,140
DC-16,SKU-01125,DC-16-Z03-B007,147,149,150,4,AVAILABLE,40
DC-16,SKU-00818,DC-16-Z02-B076,171,171,171,2,QUARANTINE,20
DC-16,SKU-00440,DC-16-Z08-B033,95,95,96,20,AVAILABLE,164
DC-16,SKU-00033,DC-16-Z03-B041,95,97,95,17,HOLD,139
DC-16,SKU-01019,DC-16-Z03-B060,66,66,65,1,AVAILABLE,2
DC-16,SKU-00146,DC-16-Z09-B071,156,158,156,0,HOLD,157
DC-16,SKU-00210,DC-16-Z01-B004,15,17,14,4,AVAILABLE,158
DC-16,SKU-00773,DC-16-Z01-B040,112,114,112,2,AVAILABLE,106
DC-16,SKU-00900,DC-16-Z04-B013,157,157,157,2,AVAILABLE,96
DC-16,SKU-01169,DC-16-Z03-B054,211,211,208,20,AVAILABLE,131
DC-16,SKU-00955,DC-16-Z11-B076,200,198,200,8,HOLD,24
DC-16,SKU-00567,DC-16-Z06-B071,129,131,129,2,AVAILABLE,16
DC-16,SKU-00856,DC-16-Z03-B023,121,123,121,19,AVAILABLE,98
DC-16,SKU-00743,DC-16-Z10-B019,196,196,199,6,AVAILABLE,4
DC-16,SKU-00874,DC-16-Z09-B073,172,172,172,2,HOLD,144
DC-16,SKU-00782,DC-16-Z06-B059,198,199,199,3,AVAILABLE,81
DC-16,SKU-00132,DC-16-Z08-B047,42,41,41,7,AVAILABLE,51
DC-16,SKU-01109,DC-16-Z03-B071,3,5,2,1,AVAILABLE,135
DC-16,SKU-01027,DC-16-Z10-B046,163,163,164,19,AVAILABLE,41
DC-16,SKU-00264,DC-16-Z10-B068,64,64,64,15,QUARANTINE,103
DC-16,SKU-00026,DC-16-Z01-B066,128,129,128,4,AVAILABLE,45
DC-16,SKU-00471,DC-16-Z12-B078,26,28,26,17,AVAILABLE,148
DC-16,SKU-00063,DC-16-Z11-B009,35,35,35,20,QUARANTINE,93
DC-16,SKU-00066,DC-16-Z01-B078,62,64,59,6,QUARANTINE,55
DC-16,SKU-00430,DC-16-Z06-B054,168,168,169,16,AVAILABLE,23
DC-16,SKU-00603,DC-16-Z07-B065,91,91,90,13,AVAILABLE,178
DC-16,SKU-00185,DC-16-Z03-B062,60,61,60,2,AVAILABLE,72
DC-16,SKU-00475,DC-16-Z11-B031,173,173,173,6,AVAILABLE,25
DC-16,SKU-00191,DC-16-Z05-B067,166,166,166,6,AVAILABLE,24
DC-16,SKU-00636,DC-16-Z06-B044,2,0,1,0,AVAILABLE,108
DC-16,SKU-00786,DC-16-Z06-B073,18,18,15,11,QUARANTINE,75
DC-16,SKU-00676,DC-16-Z07-B024,119,119,118,16,AVAILABLE,30
DC-16,SKU-00355,DC-16-Z10-B069,151,151,152,16,AVAILABLE,15
DC-16,SKU-00027,DC-16-Z04-B078,177,177,177,9,AVAILABLE,68
DC-16,SKU-00533,DC-16-Z04-B031,46,44,47,5,AVAILABLE,105
DC-16,SKU-00876,DC-16-Z09-B047,151,153,150,7,AVAILABLE,56
DC-16,SKU-01168,DC-16-Z02-B067,71,70,71,12,AVAILABLE,129
DC-16,SKU-00020,DC-16-Z01-B018,151,151,151,2,AVAILABLE,154
DC-16,SKU-00412,DC-16-Z10-B050,170,171,170,6,AVAILABLE,75
DC-16,SKU-00625,DC-16-Z02-B003,125,125,125,16,AVAILABLE,134
DC-16,SKU-01004,DC-16-Z12-B012,6,7,6,0,AVAILABLE,64
DC-16,SKU-00327,DC-16-Z12-B037,3,1,3,2,AVAILABLE,153
DC-16,SKU-00211,DC-16-Z06-B038,19,17,22,5,AVAILABLE,100
DC-16,SKU-01132,DC-16-Z11-B032,217,217,216,13,QUARANTINE,12
DC-16,SKU-00302,DC-16-Z08-B041,173,173,173,14,HOLD,94
DC-16,SKU-00779,DC-16-Z09-B060,23,24,23,4,AVAILABLE,157
DC-16,SKU-00995,DC-16-Z07-B065,217,217,214,20,AVAILABLE,4
DC-16,SKU-00436,DC-16-Z09-B011,50,50,53,7,AVAILABLE,94
DC-16,SKU-00771,DC-16-Z04-B041,80,81,77,9,AVAILABLE,63
DC-16,SKU-00055,DC-16-Z11-B032,63,63,60,0,AVAILABLE,110
DC-16,SKU-00176,DC-16-Z11-B024,15,14,15,8,AVAILABLE,113
DC-16,SKU-00992,DC-16-Z01-B058,147,148,147,20,AVAILABLE,151
DC-16,SKU-01108,DC-16-Z04-B057,131,130,134,12,AVAILABLE,158
DC-16,SKU-00240,DC-16-Z01-B022,60,62,60,12,AVAILABLE,96
DC-16,SKU-00622,DC-16-Z07-B006,26,25,27,2,AVAILABLE,52
DC-16,SKU-01119,DC-16-Z09-B076,131,129,131,20,AVAILABLE,108
DC-16,SKU-00615,DC-16-Z12-B012,28,26,25,14,AVAILABLE,177
DC-16,SKU-00015,DC-16-Z10-B053,58,59,55,18,AVAILABLE,155
DC-16,SKU-00135,DC-16-Z08-B076,1,1,0,1,AVAILABLE,69
DC-16,SKU-01067,DC-16-Z09-B058,133,133,136,9,AVAILABLE,23
DC-16,SKU-00608,DC-16-Z05-B061,15,16,16,11,AVAILABLE,58
DC-16,SKU-00817,DC-16-Z08-B021,41,41,41,0,QUARANTINE,79
DC-16,SKU-00911,DC-16-Z11-B041,198,198,198,18,AVAILABLE,139
DC-16,SKU-00798,DC-16-Z09-B047,117,118,116,2,AVAILABLE,65
DC-16,SKU-00041,DC-16-Z10-B040,112,110,112,0,HOLD,31
DC-16,SKU-00564,DC-16-Z01-B009,71,73,72,11,AVAILABLE,20
DC-16,SKU-00663,DC-16-Z05-B054,65,65,65,1,AVAILABLE,104
DC-16,SKU-01159,DC-16-Z05-B068,37,39,36,17,AVAILABLE,13
DC-16,SKU-00082,DC-16-Z05-B063,78,80,78,20,AVAILABLE,174
DC-16,SKU-00822,DC-16-Z09-B038,212,211,212,8,AVAILABLE,145
DC-16,SKU-00446,DC-16-Z11-B059,121,123,121,14,AVAILABLE,84
DC-16,SKU-00940,DC-16-Z10-B055,211,210,211,2,AVAILABLE,149
DC-16,SKU-00323,DC-16-Z07-B048,129,127,129,17,AVAILABLE,75
DC-16,SKU-00711,DC-16-Z06-B039,198,199,198,1,AVAILABLE,180
DC-16,SKU-00127,DC-16-Z05-B045,122,121,119,6,AVAILABLE,93
DC-16,SKU-00985,DC-16-Z04-B015,114,114,114,3,AVAILABLE,76
DC-16,SKU-00675,DC-16-Z12-B013,13,13,16,5,AVAILABLE,116
DC-16,SKU-00177,DC-16-Z04-B011,82,82,81,20,AVAILABLE,44
DC-16,SKU-01170,DC-16-Z09-B026,24,22,21,5,AVAILABLE,107
DC-16,SKU-00074,DC-16-Z03-B041,176,178,175,19,AVAILABLE,19
DC-16,SKU-01001,DC-16-Z04-B062,208,210,208,9,AVAILABLE,70
DC-16,SKU-00023,DC-16-Z09-B067,110,111,109,12,AVAILABLE,101
DC-16,SKU-00935,DC-16-Z06-B035,70,69,73,17,AVAILABLE,16
DC-16,SKU-01054,DC-16-Z05-B027,88,88,89,6,HOLD,132
DC-16,SKU-00895,DC-16-Z07-B009,37,37,37,1,QUARANTINE,170
DC-16,SKU-00635,DC-16-Z08-B071,159,159,159,19,AVAILABLE,28
DC-16,SKU-00308,DC-16-Z11-B015,135,135,138,18,AVAILABLE,17
DC-16,SKU-00845,DC-16-Z02-B023,69,70,72,13,AVAILABLE,142
DC-16,SKU-00977,DC-16-Z11-B007,84,86,85,1,AVAILABLE,35
DC-16,SKU-00360,DC-16-Z04-B075,12,13,15,5,AVAILABLE,110
DC-16,SKU-00314,DC-16-Z12-B061,92,91,92,18,AVAILABLE,135
DC-16,SKU-00376,DC-16-Z01-B048,134,134,137,8,AVAILABLE,105
DC-16,SKU-00609,DC-16-Z01-B057,13,12,13,1,AVAILABLE,165
DC-16,SKU-00016,DC-16-Z05-B068,4,4,4,1,AVAILABLE,175
DC-16,SKU-00719,DC-16-Z02-B063,196,198,196,15,AVAILABLE,125
DC-16,SKU-01092,DC-16-Z03-B035,187,187,187,9,AVAILABLE,175
DC-16,SKU-00114,DC-16-Z03-B023,30,28,30,2,AVAILABLE,35
DC-16,SKU-00852,DC-16-Z07-B035,74,74,74,2,AVAILABLE,15
DC-16,SKU-00303,DC-16-Z05-B058,47,45,46,9,AVAILABLE,153
DC-16,SKU-00447,DC-16-Z09-B012,42,42,45,16,AVAILABLE,47
DC-16,SKU-00368,DC-16-Z02-B048,94,94,94,3,AVAILABLE,76
DC-16,SKU-00046,DC-16-Z10-B017,9,7,12,6,AVAILABLE,78
DC-16,SKU-00580,DC-16-Z02-B021,124,122,121,14,AVAILABLE,90
DC-16,SKU-00702,DC-16-Z06-B073,156,156,156,5,AVAILABLE,80
DC-16,SKU-00901,DC-16-Z09-B011,123,123,124,0,QUARANTINE,64
DC-16,SKU-00579,DC-16-Z09-B055,218,218,215,4,AVAILABLE,26
DC-16,SKU-01006,DC-16-Z11-B072,86,86,86,0,AVAILABLE,165
DC-16,SKU-00772,DC-16-Z04-B022,68,68,65,2,QUARANTINE,3
DC-16,SKU-00488,DC-16-Z05-B040,82,82,82,14,AVAILABLE,123
DC-16,SKU-00221,DC-16-Z09-B045,217,218,220,3,AVAILABLE,175
DC-16,SKU-00747,DC-16-Z08-B040,16,15,19,4,AVAILABLE,19
DC-16,SKU-00485,DC-16-Z06-B004,70,69,69,20,AVAILABLE,106
DC-16,SKU-00616,DC-16-Z02-B053,147,147,146,14,AVAILABLE,17
DC-16,SKU-00538,DC-16-Z08-B002,144,146,141,4,AVAILABLE,61
DC-16,SKU-01039,DC-16-Z05-B042,45,43,45,6,QUARANTINE,160
DC-16,SKU-01120,DC-16-Z05-B043,216,214,216,3,HOLD,166
DC-16,SKU-00746,DC-16-Z10-B035,22,23,23,6,QUARANTINE,167
DC-16,SKU-00235,DC-16-Z04-B076,105,105,105,13,HOLD,144
DC-16,SKU-00138,DC-16-Z06-B008,70,70,73,1,AVAILABLE,70
DC-16,SKU-00734,DC-16-Z06-B069,19,19,20,19,AVAILABLE,168
DC-16,SKU-00642,DC-16-Z11-B075,158,158,155,14,AVAILABLE,69
DC-16,SKU-00417,DC-16-Z06-B011,98,97,98,0,HOLD,124
DC-16,SKU-00434,DC-16-Z01-B041,209,209,209,19,AVAILABLE,35
DC-16,SKU-00908,DC-16-Z07-B077,207,205,210,13,AVAILABLE,39
DC-16,SKU-00232,DC-16-Z09-B023,103,103,103,9,AVAILABLE,5
DC-16,SKU-00998,DC-16-Z08-B067,3,3,3,1,AVAILABLE,142
DC-16,SKU-00903,DC-16-Z05-B005,218,218,218,10,AVAILABLE,95
DC-16,SKU-00470,DC-16-Z04-B059,67,65,70,5,AVAILABLE,2
DC-16,SKU-00053,DC-16-Z01-B078,217,217,216,5,AVAILABLE,36
DC-16,SKU-01142,DC-16-Z08-B056,31,30,34,14,AVAILABLE,57
DC-16,SKU-00990,DC-16-Z09-B063,1,0,2,0,AVAILABLE,95
DC-16,SKU-00909,DC-16-Z07-B001,75,76,75,18,AVAILABLE,158
DC-16,SKU-00377,DC-16-Z10-B058,125,124,128,4,AVAILABLE,53
DC-16,SKU-00431,DC-16-Z06-B022,151,151,151,14,AVAILABLE,33
DC-16,SKU-00236,DC-16-Z05-B058,108,106,108,12,AVAILABLE,123
DC-16,SKU-00037,DC-16-Z11-B071,198,197,198,13,AVAILABLE,40
DC-16,SKU-00549,DC-16-Z06-B047,80,82,80,11,HOLD,24
DC-16,SKU-00406,DC-16-Z04-B072,96,96,96,17,AVAILABLE,84
DC-16,SKU-00806,DC-16-Z06-B021,118,118,121,6,AVAILABLE,67
DC-16,SKU-00249,DC-16-Z12-B057,167,169,170,4,AVAILABLE,15
DC-16,SKU-00258,DC-16-Z04-B032,156,156,156,5,AVAILABLE,64
DC-16,SKU-00013,DC-16-Z03-B016,194,194,193,5,AVAILABLE,167
DC-16,SKU-00028,DC-16-Z02-B038,118,116,118,10,AVAILABLE,48
DC-16,SKU-00656,DC-16-Z02-B054,33,33,34,20,AVAILABLE,103
DC-16,SKU-00720,DC-16-Z07-B058,78,78,75,1,AVAILABLE,150
DC-16,SKU-00152,DC-16-Z11-B043,59,57,56,5,AVAILABLE,117
DC-16,SKU-01094,DC-16-Z08-B055,197,197,200,18,AVAILABLE,63
DC-16,SKU-00729,DC-16-Z12-B073,196,196,199,0,AVAILABLE,16
DC-16,SKU-00121,DC-16-Z03-B013,165,164,164,19,AVAILABLE,46
DC-16,SKU-00362,DC-16-Z08-B037,75,75,72,9,AVAILABLE,162
DC-16,SKU-00716,DC-16-Z05-B009,15,15,12,11,AVAILABLE,166
DC-16,SKU-00062,DC-16-Z11-B062,53,53,53,19,AVAILABLE,169
DC-16,SKU-01068,DC-16-Z06-B031,36,36,36,4,AVAILABLE,117
DC-16,SKU-00778,DC-16-Z08-B054,85,83,85,8,AVAILABLE,117
DC-16,SKU-00594,DC-16-Z12-B072,22,23,22,2,AVAILABLE,157
DC-16,SKU-00562,DC-16-Z06-B051,159,159,159,20,AVAILABLE,99
DC-16,SKU-00275,DC-16-Z02-B003,202,204,205,14,AVAILABLE,53
DC-16,SKU-00680,DC-16-Z12-B050,89,89,92,6,AVAILABLE,146
DC-16,SKU-00522,DC-16-Z02-B017,201,201,201,5,AVAILABLE,65
DC-16,SKU-00153,DC-16-Z05-B047,154,155,155,8,AVAILABLE,5
DC-16,SKU-00507,DC-16-Z10-B038,35,35,32,4,AVAILABLE,172
DC-16,SKU-01002,DC-16-Z02-B063,171,171,168,3,AVAILABLE,109
DC-16,SKU-00686,DC-16-Z02-B015,129,128,132,20,QUARANTINE,48
DC-16,SKU-00223,DC-16-Z11-B069,135,135,135,17,AVAILABLE,175
DC-16,SKU-00725,DC-16-Z06-B053,178,179,179,11,AVAILABLE,75
DC-16,SKU-00441,DC-16-Z09-B023,46,45,45,15,AVAILABLE,124
DC-16,SKU-00454,DC-16-Z09-B010,89,88,86,20,AVAILABLE,118
DC-16,SKU-00925,DC-16-Z10-B042,185,185,186,6,AVAILABLE,63
DC-16,SKU-00871,DC-16-Z11-B062,149,149,149,18,QUARANTINE,117
DC-16,SKU-00045,DC-16-Z12-B033,168,168,167,10,AVAILABLE,104
DC-16,SKU-00310,DC-16-Z06-B015,181,181,184,9,AVAILABLE,118
DC-16,SKU-00276,DC-16-Z02-B041,194,194,194,2,AVAILABLE,65
DC-16,SKU-00331,DC-16-Z01-B022,69,69,72,6,AVAILABLE,139
DC-16,SKU-00858,DC-16-Z03-B037,205,205,204,3,HOLD,97
DC-16,SKU-00089,DC-16-Z11-B011,24,25,21,10,HOLD,45
DC-16,SKU-01136,DC-16-Z10-B053,194,193,193,0,AVAILABLE,127
DC-16,SKU-00987,DC-16-Z02-B045,120,120,123,1,AVAILABLE,71
DC-16,SKU-00929,DC-16-Z09-B017,84,84,84,16,AVAILABLE,65
DC-16,SKU-00511,DC-16-Z08-B065,183,183,183,15,AVAILABLE,26
DC-16,SKU-00571,DC-16-Z06-B024,118,118,115,18,HOLD,24
DC-16,SKU-00243,DC-16-Z01-B060,19,19,19,4,AVAILABLE,23
DC-16,SKU-00195,DC-16-Z07-B033,172,172,172,1,AVAILABLE,99
DC-16,SKU-01011,DC-16-Z02-B078,136,134,139,12,AVAILABLE,179
DC-16,SKU-00141,DC-16-Z04-B012,55,54,55,14,AVAILABLE,67
DC-16,SKU-01130,DC-16-Z10-B043,218,216,215,19,HOLD,125
DC-16,SKU-00851,DC-16-Z09-B033,13,12,13,11,AVAILABLE,132
DC-16,SKU-00242,DC-16-Z02-B017,75,73,72,17,AVAILABLE,9
DC-16,SKU-01063,DC-16-Z07-B030,187,187,190,11,AVAILABLE,25
DC-16,SKU-00312,DC-16-Z06-B006,193,193,192,11,AVAILABLE,82
DC-16,SKU-00961,DC-16-Z10-B036,83,83,80,20,AVAILABLE,126
DC-16,SKU-00134,DC-16-Z03-B025,83,83,82,16,AVAILABLE,123
DC-16,SKU-01200,DC-16-Z05-B007,120,119,123,13,AVAILABLE,46
DC-16,SKU-00388,DC-16-Z03-B012,27,25,27,2,AVAILABLE,39
DC-16,SKU-00587,DC-16-Z09-B009,46,46,43,20,AVAILABLE,0
DC-16,SKU-00566,DC-16-Z05-B011,195,194,194,19,AVAILABLE,71
DC-16,SKU-00369,DC-16-Z09-B051,212,211,212,0,AVAILABLE,9
DC-16,SKU-01052,DC-16-Z09-B080,47,47,48,13,AVAILABLE,78
DC-16,SKU-01086,DC-16-Z04-B022,49,51,52,6,AVAILABLE,165
DC-16,SKU-00627,DC-16-Z02-B009,92,93,95,15,AVAILABLE,34
DC-16,SKU-00602,DC-16-Z06-B065,170,171,171,18,AVAILABLE,149
DC-16,SKU-00065,DC-16-Z10-B018,59,59,60,0,QUARANTINE,14
DC-16,SKU-00359,DC-16-Z12-B043,33,31,36,8,AVAILABLE,54
DC-16,SKU-00476,DC-16-Z09-B005,53,53,52,8,AVAILABLE,107
DC-16,SKU-01089,DC-16-Z04-B037,186,186,186,15,AVAILABLE,131
DC-16,SKU-00758,DC-16-Z11-B053,93,92,93,5,AVAILABLE,138
DC-16,SKU-00402,DC-16-Z10-B042,18,20,19,14,QUARANTINE,38
DC-16,SKU-00617,DC-16-Z06-B005,26,27,26,12,AVAILABLE,118
DC-16,SKU-00142,DC-16-Z08-B025,206,205,209,0,AVAILABLE,7
DC-16,SKU-00652,DC-16-Z05-B025,70,70,70,7,HOLD,163
DC-16,SKU-00722,DC-16-Z08-B061,189,191,186,11,AVAILABLE,31
DC-16,SKU-00770,DC-16-Z05-B038,6,6,6,4,AVAILABLE,22
DC-16,SKU-00085,DC-16-Z08-B013,185,185,186,3,AVAILABLE,174
DC-16,SKU-00904,DC-16-Z09-B050,87,87,84,13,AVAILABLE,27
DC-16,SKU-00668,DC-16-Z12-B071,63,65,66,10,AVAILABLE,25
DC-16,SKU-00863,DC-16-Z10-B057,5,5,8,0,AVAILABLE,49
DC-16,SKU-00785,DC-16-Z10-B036,94,94,93,7,HOLD,99
DC-16,SKU-00513,DC-16-Z09-B011,183,183,180,2,AVAILABLE,127
DC-16,SKU-00708,DC-16-Z06-B069,165,167,166,11,AVAILABLE,65
DC-16,SKU-00520,DC-16-Z01-B067,211,213,210,5,AVAILABLE,86
DC-16,SKU-00986,DC-16-Z11-B073,129,131,129,14,AVAILABLE,95
DC-16,SKU-00661,DC-16-Z03-B061,107,108,106,19,AVAILABLE,11
DC-16,SKU-00239,DC-16-Z05-B014,178,179,179,12,QUARANTINE,39
DC-16,SKU-01185,DC-16-Z03-B001,29,30,32,10,AVAILABLE,152
DC-16,SKU-00199,DC-16-Z04-B022,142,142,139,0,AVAILABLE,116
DC-16,SKU-00247,DC-16-Z07-B036,194,192,194,16,AVAILABLE,145
DC-16,SKU-00358,DC-16-Z10-B017,72,74,72,10,AVAILABLE,59
DC-16,SKU-00741,DC-16-Z05-B004,27,27,27,9,AVAILABLE,121
DC-16,SKU-00018,DC-16-Z04-B074,62,62,61,4,AVAILABLE,122
DC-16,SKU-00011,DC-16-Z05-B025,93,91,94,3,AVAILABLE,68
DC-16,SKU-01096,DC-16-Z02-B010,3,1,6,3,AVAILABLE,77
DC-16,SKU-00427,DC-16-Z07-B037,167,167,166,16,AVAILABLE,159
DC-16,SKU-00794,DC-16-Z10-B004,107,106,108,6,AVAILABLE,3
DC-16,SKU-00506,DC-16-Z10-B048,129,127,129,18,AVAILABLE,140
DC-16,SKU-00744,DC-16-Z11-B052,199,200,199,7,AVAILABLE,9
DC-16,SKU-00694,DC-16-Z02-B059,194,193,191,20,HOLD,96
DC-16,SKU-00106,DC-16-Z04-B052,141,141,141,17,AVAILABLE,68
DC-16,SKU-00967,DC-16-Z02-B032,160,159,161,7,AVAILABLE,98
DC-16,SKU-00586,DC-16-Z08-B075,99,99,102,1,AVAILABLE,81
DC-16,SKU-00364,DC-16-Z06-B074,30,32,29,3,AVAILABLE,3
DC-16,SKU-00593,DC-16-Z07-B032,155,155,155,1,AVAILABLE,50
DC-16,SKU-00320,DC-16-Z02-B052,35,34,35,13,AVAILABLE,36
DC-16,SKU-01197,DC-16-Z12-B011,169,167,169,19,AVAILABLE,75
DC-16,SKU-00651,DC-16-Z02-B016,198,196,197,2,AVAILABLE,163
DC-16,SKU-01111,DC-16-Z02-B033,174,176,174,16,AVAILABLE,98
DC-16,SKU-01091,DC-16-Z11-B075,158,158,158,12,AVAILABLE,176
DC-16,SKU-00710,DC-16-Z09-B063,89,91,86,12,AVAILABLE,161
DC-16,SKU-00137,DC-16-Z12-B063,21,22,18,5,AVAILABLE,145
DC-16,SKU-00194,DC-16-Z07-B019,177,179,176,4,AVAILABLE,27
DC-16,SKU-00999,DC-16-Z01-B041,2,0,3,1,AVAILABLE,93
DC-16,SKU-00768,DC-16-Z02-B057,19,19,22,16,AVAILABLE,4
DC-16,SKU-00449,DC-16-Z04-B078,91,89,90,6,AVAILABLE,122
DC-16,SKU-01060,DC-16-Z05-B071,159,158,159,11,AVAILABLE,78
DC-16,SKU-00109,DC-16-Z03-B018,78,76,78,12,AVAILABLE,60
DC-16,SKU-00078,DC-16-Z03-B076,178,178,181,1,AVAILABLE,132
DC-16,SKU-00487,DC-16-Z04-B041,93,94,96,7,AVAILABLE,153
DC-16,SKU-00548,DC-16-Z06-B049,214,215,217,0,AVAILABLE,55
DC-16,SKU-00413,DC-16-Z05-B042,9,9,9,2,AVAILABLE,24
DC-16,SKU-01133,DC-16-Z01-B045,171,171,168,8,AVAILABLE,72
DC-16,SKU-00591,DC-16-Z07-B063,87,88,87,13,AVAILABLE,83
DC-16,SKU-00416,DC-16-Z03-B077,72,74,71,16,AVAILABLE,14
DC-16,SKU-00203,DC-16-Z07-B065,150,148,150,8,HOLD,140
DC-16,SKU-01117,DC-16-Z12-B051,216,216,216,5,HOLD,59
DC-16,SKU-00672,DC-16-Z07-B034,143,144,143,0,AVAILABLE,176
DC-16,SKU-00853,DC-16-Z09-B005,69,69,69,6,AVAILABLE,63
DC-16,SKU-00411,DC-16-Z07-B080,187,188,187,3,AVAILABLE,35
DC-16,SKU-00804,DC-16-Z01-B024,170,172,169,9,AVAILABLE,147
DC-16,SKU-00796,DC-16-Z04-B043,147,147,147,16,AVAILABLE,72
DC-16,SKU-00669,DC-16-Z04-B024,193,193,193,16,AVAILABLE,11
DC-16,SKU-00101,DC-16-Z10-B048,0,0,0,0,AVAILABLE,171
DC-16,SKU-00552,DC-16-Z01-B031,133,133,136,16,AVAILABLE,58
DC-16,SKU-00570,DC-16-Z01-B039,1,3,4,1,AVAILABLE,126
DC-16,SKU-00164,DC-16-Z01-B056,144,144,144,19,AVAILABLE,122
DC-16,SKU-00117,DC-16-Z08-B058,141,140,138,1,AVAILABLE,104
DC-16,SKU-00172,DC-16-Z12-B045,152,154,151,20,AVAILABLE,129
DC-16,SKU-00695,DC-16-Z09-B021,145,145,144,3,QUARANTINE,110
DC-16,SKU-00070,DC-16-Z03-B027,213,214,213,17,AVAILABLE,25
DC-16,SKU-00002,DC-16-Z07-B057,58,58,61,4,AVAILABLE,138
DC-16,SKU-00607,DC-16-Z06-B063,10,10,10,0,AVAILABLE,21
DC-16,SKU-00793,DC-16-Z04-B045,173,171,173,15,AVAILABLE,90
DC-16,SKU-01151,DC-16-Z12-B044,20,18,20,9,AVAILABLE,139
DC-16,SKU-00581,DC-16-Z04-B075,205,203,206,8,AVAILABLE,83
DC-16,SKU-00699,DC-16-Z05-B057,48,49,49,15,AVAILABLE,37
DC-16,SKU-00463,DC-16-Z02-B014,61,63,61,18,HOLD,172
DC-16,SKU-00490,DC-16-Z04-B054,3,5,4,2,AVAILABLE,33
DC-16,SKU-00815,DC-16-Z01-B012,162,164,162,6,AVAILABLE,146
DC-16,SKU-00683,DC-16-Z04-B006,27,27,30,0,AVAILABLE,54
DC-16,SKU-00764,DC-16-Z06-B032,48,48,48,13,AVAILABLE,63
DC-16,SKU-00687,DC-16-Z01-B054,40,40,40,15,AVAILABLE,50
DC-16,SKU-00678,DC-16-Z04-B011,86,87,86,5,AVAILABLE,7
DC-16,SKU-00535,DC-16-Z10-B031,80,78,80,17,AVAILABLE,160
DC-16,SKU-00139,DC-16-Z08-B013,215,214,215,9,HOLD,156
DC-16,SKU-00478,DC-16-Z01-B018,35,35,35,7,AVAILABLE,13
DC-16,SKU-00483,DC-16-Z09-B062,79,79,82,17,AVAILABLE,118
DC-16,SKU-00254,DC-16-Z10-B068,71,71,68,7,AVAILABLE,164
DC-16,SKU-00034,DC-16-Z04-B022,170,168,171,19,AVAILABLE,87
DC-16,SKU-01014,DC-16-Z02-B013,17,17,20,16,AVAILABLE,61
DC-16,SKU-00762,DC-16-Z03-B061,138,138,135,7,QUARANTINE,126
DC-16,SKU-00309,DC-16-Z12-B026,211,210,211,12,AVAILABLE,13
DC-16,SKU-00787,DC-16-Z07-B025,40,40,43,3,AVAILABLE,51
DC-16,SKU-00639,DC-16-Z11-B054,209,207,209,18,AVAILABLE,151
DC-16,SKU-00606,DC-16-Z05-B008,82,81,82,1,AVAILABLE,34
DC-16,SKU-00424,DC-16-Z07-B001,56,56,56,20,AVAILABLE,127
DC-16,SKU-00155,DC-16-Z02-B049,43,43,46,17,AVAILABLE,153
DC-16,SKU-00408,DC-16-Z03-B019,11,11,11,10,AVAILABLE,38
DC-16,SKU-01143,DC-16-Z12-B037,32,30,31,20,AVAILABLE,15
DC-16,SKU-00209,DC-16-Z01-B014,217,217,214,4,QUARANTINE,115
DC-16,SKU-00190,DC-16-Z03-B006,33,31,33,13,AVAILABLE,131
DC-16,SKU-00539,DC-16-Z10-B032,206,206,203,16,AVAILABLE,176
DC-16,SKU-00864,DC-16-Z11-B061,51,49,51,14,AVAILABLE,128
DC-16,SKU-00761,DC-16-Z11-B046,71,70,71,19,AVAILABLE,19
DC-16,SKU-00726,DC-16-Z04-B009,69,69,69,11,AVAILABLE,129
DC-16,SKU-00584,DC-16-Z03-B035,108,108,109,1,AVAILABLE,94
DC-16,SKU-00942,DC-16-Z01-B070,131,133,132,17,AVAILABLE,97
DC-16,SKU-01018,DC-16-Z09-B071,167,167,164,8,AVAILABLE,155
DC-16,SKU-01015,DC-16-Z04-B046,92,92,95,13,AVAILABLE,29
DC-16,SKU-00123,DC-16-Z07-B074,200,201,200,15,QUARANTINE,106
DC-16,SKU-00222,DC-16-Z02-B055,63,64,63,10,AVAILABLE,96
DC-16,SKU-00035,DC-16-Z07-B017,220,220,221,4,AVAILABLE,147
DC-16,SKU-00934,DC-16-Z11-B068,71,70,74,8,AVAILABLE,170
DC-16,SKU-00001,DC-16-Z04-B031,125,124,125,5,AVAILABLE,93
DC-16,SKU-01177,DC-16-Z02-B010,183,183,183,20,AVAILABLE,31
DC-16,SKU-00930,DC-16-Z05-B079,116,116,116,3,AVAILABLE,160
DC-16,SKU-00843,DC-16-Z10-B042,201,199,204,15,AVAILABLE,175
DC-16,SKU-00231,DC-16-Z06-B020,16,18,19,10,AVAILABLE,162
DC-16,SKU-00950,DC-16-Z01-B041,20,20,20,13,AVAILABLE,34
DC-16,SKU-01178,DC-16-Z07-B044,143,143,143,13,AVAILABLE,32
DC-16,SKU-00980,DC-16-Z03-B065,67,68,70,5,AVAILABLE,134
DC-16,SKU-01182,DC-16-Z08-B071,14,14,11,5,AVAILABLE,19
DC-16,SKU-00373,DC-16-Z02-B034,194,193,191,8,AVAILABLE,78
DC-16,SKU-00855,DC-16-Z02-B079,33,32,33,13,AVAILABLE,17
DC-16,SKU-00685,DC-16-Z01-B017,85,84,85,15,HOLD,125
DC-16,SKU-00666,DC-16-Z02-B055,84,84,85,6,AVAILABLE,23
DC-16,SKU-00200,DC-16-Z06-B039,47,47,50,8,AVAILABLE,42
DC-16,SKU-00907,DC-16-Z10-B034,179,181,178,18,AVAILABLE,168
DC-16,SKU-00351,DC-16-Z12-B047,148,147,147,7,AVAILABLE,127
DC-16,SKU-00674,DC-16-Z10-B007,127,127,126,8,QUARANTINE,90
DC-16,SKU-00590,DC-16-Z04-B014,27,29,26,14,AVAILABLE,179
DC-16,SKU-00409,DC-16-Z12-B018,31,31,28,18,QUARANTINE,120
DC-16,SKU-00051,DC-16-Z04-B010,3,4,2,2,QUARANTINE,99
DC-16,SKU-00808,DC-16-Z10-B068,165,165,165,18,AVAILABLE,72
DC-16,SKU-00882,DC-16-Z04-B056,127,126,127,14,AVAILABLE,108
DC-16,SKU-00650,DC-16-Z10-B016,207,207,208,3,HOLD,166
DC-16,SKU-00867,DC-16-Z06-B010,212,212,211,14,AVAILABLE,104
DC-16,SKU-00325,DC-16-Z05-B012,155,155,156,10,AVAILABLE,25
DC-16,SKU-00931,DC-16-Z11-B050,72,73,72,19,AVAILABLE,43
DC-16,SKU-01102,DC-16-Z11-B058,208,209,205,15,AVAILABLE,163
DC-16,SKU-00387,DC-16-Z10-B047,12,12,12,9,AVAILABLE,180
DC-16,SKU-00626,DC-16-Z08-B003,95,96,94,16,AVAILABLE,146
DC-16,SKU-01034,DC-16-Z04-B005,83,84,83,8,AVAILABLE,70
DC-16,SKU-00547,DC-16-Z05-B022,43,44,43,10,AVAILABLE,126
DC-16,SKU-00115,DC-16-Z06-B045,22,22,22,20,AVAILABLE,39
DC-16,SKU-00810,DC-16-Z05-B012,70,69,70,10,QUARANTINE,173
DC-16,SKU-00645,DC-16-Z01-B052,0,0,0,0,AVAILABLE,105
DC-16,SKU-00597,DC-16-Z03-B019,82,82,83,14,AVAILABLE,13
DC-16,SKU-01131,DC-16-Z03-B012,214,214,214,9,AVAILABLE,71
DC-16,SKU-00119,DC-16-Z07-B050,124,124,123,19,AVAILABLE,5
DC-16,SKU-01103,DC-16-Z04-B003,121,123,121,4,AVAILABLE,113
DC-16,SKU-00299,DC-16-Z09-B060,136,136,136,16,AVAILABLE,73
DC-17,SKU-00449,DC-17-Z05-B031,155,154,154,8,QUARANTINE,159
DC-17,SKU-00190,DC-17-Z05-B052,219,217,219,1,AVAILABLE,114
DC-17,SKU-00077,DC-17-Z06-B048,116,115,116,13,AVAILABLE,146
DC-17,SKU-00372,DC-17-Z08-B041,87,87,87,13,AVAILABLE,159
DC-17,SKU-00703,DC-17-Z08-B026,59,59,58,19,AVAILABLE,104
DC-17,SKU-00880,DC-17-Z07-B026,57,57,57,15,AVAILABLE,152
DC-17,SKU-01119,DC-17-Z06-B028,89,89,90,19,AVAILABLE,180
DC-17,SKU-01140,DC-17-Z05-B043,19,21,22,9,AVAILABLE,1
DC-17,SKU-00114,DC-17-Z05-B025,12,11,9,8,AVAILABLE,109
DC-17,SKU-00411,DC-17-Z12-B066,36,36,36,15,AVAILABLE,151
DC-17,SKU-00170,DC-17-Z11-B078,0,0,3,0,AVAILABLE,0
DC-17,SKU-01182,DC-17-Z11-B079,106,107,109,15,AVAILABLE,80
DC-17,SKU-00276,DC-17-Z08-B042,151,151,154,12,QUARANTINE,124
DC-17,SKU-01106,DC-17-Z12-B017,57,55,60,20,AVAILABLE,116
DC-17,SKU-00618,DC-17-Z11-B025,188,188,191,10,HOLD,148
DC-17,SKU-00769,DC-17-Z05-B035,199,199,199,2,QUARANTINE,43
DC-17,SKU-00695,DC-17-Z07-B040,48,50,45,2,AVAILABLE,104
DC-17,SKU-00762,DC-17-Z07-B066,25,25,24,9,QUARANTINE,127
DC-17,SKU-00100,DC-17-Z12-B018,163,161,166,20,AVAILABLE,80
DC-17,SKU-00362,DC-17-Z02-B001,130,132,127,8,AVAILABLE,46
DC-17,SKU-00247,DC-17-Z09-B010,147,147,147,14,AVAILABLE,18
DC-17,SKU-00270,DC-17-Z04-B076,156,158,153,8,QUARANTINE,21
DC-17,SKU-00727,DC-17-Z02-B026,119,121,120,18,QUARANTINE,140
DC-17,SKU-00319,DC-17-Z09-B068,177,177,176,3,QUARANTINE,154
DC-17,SKU-00196,DC-17-Z01-B036,10,8,13,9,AVAILABLE,86
DC-17,SKU-00163,DC-17-Z02-B055,37,36,37,6,AVAILABLE,67
DC-17,SKU-00374,DC-17-Z04-B015,165,165,165,2,AVAILABLE,77
DC-17,SKU-01036,DC-17-Z08-B013,161,161,160,6,AVAILABLE,156
DC-17,SKU-00145,DC-17-Z01-B043,23,24,22,11,AVAILABLE,173
DC-17,SKU-00506,DC-17-Z03-B061,132,132,131,18,HOLD,30
DC-17,SKU-00401,DC-17-Z09-B011,197,197,194,6,AVAILABLE,158
DC-17,SKU-00960,DC-17-Z08-B029,57,58,57,17,AVAILABLE,172
DC-17,SKU-00670,DC-17-Z09-B030,156,156,156,17,AVAILABLE,42
DC-17,SKU-00399,DC-17-Z12-B077,143,143,142,12,AVAILABLE,114
DC-17,SKU-00357,DC-17-Z05-B007,169,170,166,11,AVAILABLE,18
DC-17,SKU-00949,DC-17-Z02-B072,49,49,52,17,HOLD,149
DC-17,SKU-00080,DC-17-Z01-B057,72,70,73,6,AVAILABLE,138
DC-17,SKU-00983,DC-17-Z11-B022,71,71,71,4,AVAILABLE,35
DC-17,SKU-00519,DC-17-Z05-B055,12,12,13,6,AVAILABLE,46
DC-17,SKU-00507,DC-17-Z10-B001,144,144,141,18,AVAILABLE,31
DC-17,SKU-00369,DC-17-Z02-B009,78,77,78,1,AVAILABLE,116
DC-17,SKU-00509,DC-17-Z07-B040,103,102,103,14,AVAILABLE,131
DC-17,SKU-00806,DC-17-Z03-B075,156,156,155,11,AVAILABLE,26
DC-17,SKU-00043,DC-17-Z07-B045,73,73,73,0,AVAILABLE,102
DC-17,SKU-00125,DC-17-Z03-B068,11,11,14,4,AVAILABLE,111
DC-17,SKU-00986,DC-17-Z10-B010,146,146,149,1,HOLD,173
DC-17,SKU-01100,DC-17-Z03-B048,157,156,157,9,AVAILABLE,89
DC-17,SKU-00805,DC-17-Z09-B054,207,205,207,19,AVAILABLE,89
DC-17,SKU-00936,DC-17-Z07-B046,181,181,178,12,AVAILABLE,16
DC-17,SKU-00842,DC-17-Z06-B054,52,53,51,19,AVAILABLE,57
DC-17,SKU-00065,DC-17-Z06-B001,116,115,116,15,AVAILABLE,20
DC-17,SKU-00794,DC-17-Z04-B034,37,37,38,1,AVAILABLE,119
DC-17,SKU-00284,DC-17-Z12-B078,89,88,89,15,AVAILABLE,25
DC-17,SKU-00447,DC-17-Z09-B056,81,83,82,5,AVAILABLE,12
DC-17,SKU-00219,DC-17-Z04-B051,13,11,13,7,AVAILABLE,167
DC-17,SKU-00148,DC-17-Z11-B073,165,167,165,2,QUARANTINE,175
DC-17,SKU-00620,DC-17-Z01-B062,23,22,24,10,AVAILABLE,59
DC-17,SKU-00674,DC-17-Z10-B058,172,172,171,4,AVAILABLE,111
DC-17,SKU-00189,DC-17-Z11-B058,127,127,127,4,AVAILABLE,136
DC-17,SKU-01018,DC-17-Z06-B050,145,144,144,15,AVAILABLE,88
DC-17,SKU-00141,DC-17-Z01-B016,208,208,208,20,AVAILABLE,59
DC-17,SKU-00516,DC-17-Z03-B043,58,58,55,1,HOLD,81
DC-17,SKU-00329,DC-17-Z12-B039,80,81,80,5,QUARANTINE,130
DC-17,SKU-01184,DC-17-Z06-B036,155,155,155,15,AVAILABLE,145
DC-17,SKU-00521,DC-17-Z04-B072,34,32,35,16,AVAILABLE,11
DC-17,SKU-00358,DC-17-Z01-B031,49,48,48,5,AVAILABLE,167
DC-17,SKU-00612,DC-17-Z01-B007,26,27,26,12,AVAILABLE,47
DC-17,SKU-00593,DC-17-Z03-B059,1,3,1,1,AVAILABLE,137
DC-17,SKU-00175,DC-17-Z06-B066,154,154,154,3,AVAILABLE,116
DC-17,SKU-00881,DC-17-Z10-B013,43,44,40,18,AVAILABLE,179
DC-17,SKU-00650,DC-17-Z09-B019,215,217,216,1,AVAILABLE,29
DC-17,SKU-00640,DC-17-Z06-B025,73,73,73,18,AVAILABLE,174
DC-17,SKU-00084,DC-17-Z06-B066,75,77,75,7,AVAILABLE,134
DC-17,SKU-00934,DC-17-Z08-B048,148,149,148,0,AVAILABLE,27
DC-17,SKU-00503,DC-17-Z10-B055,62,64,65,15,AVAILABLE,175
DC-17,SKU-00167,DC-17-Z05-B077,117,116,117,12,AVAILABLE,7
DC-17,SKU-00101,DC-17-Z03-B058,196,197,196,4,AVAILABLE,140
DC-17,SKU-00605,DC-17-Z08-B033,55,55,56,11,AVAILABLE,174
DC-17,SKU-00771,DC-17-Z04-B005,156,156,153,10,AVAILABLE,61
DC-17,SKU-00643,DC-17-Z09-B049,42,41,42,0,QUARANTINE,31
DC-17,SKU-00137,DC-17-Z11-B043,200,198,197,10,AVAILABLE,52
DC-17,SKU-00067,DC-17-Z01-B002,139,139,139,9,AVAILABLE,100
DC-17,SKU-00328,DC-17-Z03-B075,156,158,157,20,AVAILABLE,14
DC-17,SKU-00956,DC-17-Z10-B063,31,31,31,18,AVAILABLE,51
DC-17,SKU-00686,DC-17-Z01-B033,100,101,97,2,AVAILABLE,26
DC-17,SKU-00428,DC-17-Z11-B068,7,6,6,3,AVAILABLE,9
DC-17,SKU-00750,DC-17-Z02-B071,219,221,216,1,AVAILABLE,141
DC-17,SKU-01077,DC-17-Z01-B046,75,77,75,0,AVAILABLE,75
DC-17,SKU-00900,DC-17-Z03-B010,204,206,204,6,AVAILABLE,180
DC-17,SKU-00036,DC-17-Z01-B056,176,178,176,14,AVAILABLE,138
DC-17,SKU-00203,DC-17-Z02-B028,73,74,73,16,AVAILABLE,30
DC-17,SKU-00061,DC-17-Z08-B001,123,124,126,19,AVAILABLE,142
DC-17,SKU-00815,DC-17-Z01-B052,47,47,44,19,AVAILABLE,102
DC-17,SKU-00222,DC-17-Z04-B034,49,51,49,18,AVAILABLE,142
DC-17,SKU-00969,DC-17-Z04-B043,24,22,24,2,HOLD,91
DC-17,SKU-00532,DC-17-Z03-B061,137,137,137,11,AVAILABLE,160
DC-17,SKU-00818,DC-17-Z11-B076,208,208,208,18,AVAILABLE,70
DC-17,SKU-00690,DC-17-Z09-B003,97,98,97,15,AVAILABLE,132
DC-17,SKU-00471,DC-17-Z12-B027,154,156,154,5,AVAILABLE,111
DC-17,SKU-01067,DC-17-Z07-B058,33,35,36,19,AVAILABLE,46
DC-17,SKU-00570,DC-17-Z08-B034,62,64,62,18,AVAILABLE,88
DC-17,SKU-01037,DC-17-Z12-B038,136,136,136,17,QUARANTINE,39
DC-17,SKU-00697,DC-17-Z05-B064,210,208,207,14,AVAILABLE,145
DC-17,SKU-00071,DC-17-Z09-B041,172,172,169,1,AVAILABLE,89
DC-17,SKU-00299,DC-17-Z03-B036,105,106,105,14,AVAILABLE,40
DC-17,SKU-00860,DC-17-Z01-B072,198,196,198,16,AVAILABLE,73
DC-17,SKU-00904,DC-17-Z02-B034,219,220,219,13,QUARANTINE,178
DC-17,SKU-00786,DC-17-Z02-B077,102,102,102,12,AVAILABLE,81
DC-17,SKU-01195,DC-17-Z07-B026,85,85,85,1,AVAILABLE,143
DC-17,SKU-00132,DC-17-Z04-B076,90,90,90,12,AVAILABLE,104
DC-17,SKU-00355,DC-17-Z07-B030,12,12,13,0,AVAILABLE,1
DC-17,SKU-00512,DC-17-Z11-B057,107,105,106,18,AVAILABLE,111
DC-17,SKU-00811,DC-17-Z07-B036,74,73,73,4,AVAILABLE,53
DC-17,SKU-00159,DC-17-Z10-B051,58,57,58,15,AVAILABLE,106
DC-17,SKU-00187,DC-17-Z03-B003,191,189,190,2,HOLD,160
DC-17,SKU-00523,DC-17-Z08-B031,210,210,210,17,AVAILABLE,27
DC-17,SKU-00197,DC-17-Z01-B028,116,117,117,6,AVAILABLE,176
DC-17,SKU-00715,DC-17-Z03-B068,72,72,72,20,QUARANTINE,106
DC-17,SKU-00804,DC-17-Z10-B020,120,122,120,19,AVAILABLE,42
DC-17,SKU-00482,DC-17-Z04-B051,134,134,133,6,AVAILABLE,13
DC-17,SKU-00034,DC-17-Z04-B032,170,168,170,20,AVAILABLE,67
DC-17,SKU-00473,DC-17-Z10-B070,6,7,5,6,AVAILABLE,139
DC-17,SKU-01144,DC-17-Z06-B074,44,45,45,8,AVAILABLE,10
DC-17,SKU-01168,DC-17-Z05-B010,117,117,118,3,AVAILABLE,12
DC-17,SKU-00063,DC-17-Z05-B066,96,94,96,13,QUARANTINE,130
DC-17,SKU-00635,DC-17-Z07-B071,210,210,210,0,AVAILABLE,69
DC-17,SKU-00757,DC-17-Z07-B062,2,3,0,0,AVAILABLE,56
DC-17,SKU-00626,DC-17-Z07-B010,138,137,138,10,AVAILABLE,105
DC-17,SKU-00464,DC-17-Z02-B078,74,76,74,8,AVAILABLE,135
DC-17,SKU-00024,DC-17-Z10-B024,133,134,133,12,HOLD,0
DC-17,SKU-00049,DC-17-Z03-B053,103,104,102,3,AVAILABLE,6
DC-17,SKU-00761,DC-17-Z11-B014,155,156,152,8,AVAILABLE,12
DC-17,SKU-00666,DC-17-Z03-B035,75,75,75,11,HOLD,83
DC-17,SKU-01008,DC-17-Z04-B026,116,116,117,14,AVAILABLE,75
DC-17,SKU-00060,DC-17-Z07-B012,203,201,204,4,AVAILABLE,45
DC-17,SKU-00009,DC-17-Z06-B055,59,57,62,0,QUARANTINE,38
DC-17,SKU-00430,DC-17-Z08-B067,166,166,169,2,AVAILABLE,150
DC-17,SKU-00930,DC-17-Z05-B009,148,148,148,5,AVAILABLE,138
DC-17,SKU-00772,DC-17-Z08-B031,121,119,121,20,QUARANTINE,68
DC-17,SKU-00898,DC-17-Z05-B005,183,183,183,7,AVAILABLE,47
DC-17,SKU-00578,DC-17-Z02-B007,5,6,5,4,AVAILABLE,34
DC-17,SKU-00630,DC-17-Z04-B074,155,156,155,11,AVAILABLE,124
DC-17,SKU-00988,DC-17-Z06-B061,145,145,145,5,AVAILABLE,158
DC-17,SKU-00813,DC-17-Z01-B053,193,195,193,5,AVAILABLE,110
DC-17,SKU-01069,DC-17-Z07-B069,213,213,216,13,HOLD,66
DC-17,SKU-00513,DC-17-Z12-B034,217,216,216,17,AVAILABLE,106
DC-17,SKU-00553,DC-17-Z11-B046,179,180,178,19,AVAILABLE,136
DC-17,SKU-00204,DC-17-Z04-B047,117,118,117,13,QUARANTINE,88
DC-17,SKU-01117,DC-17-Z12-B049,105,103,102,12,AVAILABLE,112
DC-17,SKU-00456,DC-17-Z01-B045,105,105,105,19,AVAILABLE,91
DC-17,SKU-00629,DC-17-Z05-B074,159,158,156,13,AVAILABLE,34
DC-17,SKU-00425,DC-17-Z11-B025,156,156,153,16,AVAILABLE,72
DC-17,SKU-00897,DC-17-Z12-B023,175,176,175,2,AVAILABLE,11
DC-17,SKU-00613,DC-17-Z12-B050,149,149,149,9,AVAILABLE,8
DC-17,SKU-00150,DC-17-Z07-B080,39,39,39,15,AVAILABLE,55
DC-17,SKU-01064,DC-17-Z04-B032,146,146,146,15,AVAILABLE,70
DC-17,SKU-00199,DC-17-Z02-B024,157,157,154,7,AVAILABLE,57
DC-17,SKU-01081,DC-17-Z11-B021,116,114,113,16,AVAILABLE,75
DC-17,SKU-00947,DC-17-Z03-B079,156,156,155,3,AVAILABLE,179
DC-17,SKU-00638,DC-17-Z12-B039,49,51,52,6,AVAILABLE,44
DC-17,SKU-00527,DC-17-Z10-B059,209,209,209,20,AVAILABLE,73
DC-17,SKU-00760,DC-17-Z07-B070,76,77,73,0,HOLD,88
DC-17,SKU-00227,DC-17-Z04-B021,97,97,98,18,AVAILABLE,69
DC-17,SKU-00909,DC-17-Z10-B015,219,221,216,3,AVAILABLE,8
DC-17,SKU-00409,DC-17-Z07-B011,188,188,189,20,AVAILABLE,131
DC-17,SKU-00678,DC-17-Z03-B047,18,19,19,9,AVAILABLE,14
DC-17,SKU-00280,DC-17-Z09-B047,127,125,127,1,AVAILABLE,169
DC-17,SKU-00893,DC-17-Z08-B001,159,160,160,4,AVAILABLE,107
DC-17,SKU-00704,DC-17-Z08-B019,40,39,40,5,AVAILABLE,87
DC-17,SKU-00800,DC-17-Z06-B072,55,53,55,1,AVAILABLE,7
DC-17,SKU-00598,DC-17-Z08-B072,213,213,212,8,AVAILABLE,11
DC-17,SKU-00910,DC-17-Z03-B027,25,25,28,2,AVAILABLE,167
DC-17,SKU-00017,DC-17-Z06-B020,30,30,31,5,AVAILABLE,106
DC-17,SKU-00302,DC-17-Z11-B070,126,126,126,18,AVAILABLE,69
DC-17,SKU-00238,DC-17-Z06-B025,185,185,184,11,QUARANTINE,13
DC-17,SKU-00277,DC-17-Z10-B017,116,116,113,4,AVAILABLE,55
DC-17,SKU-00287,DC-17-Z11-B016,83,81,83,3,QUARANTINE,71
DC-17,SKU-00953,DC-17-Z02-B072,104,103,104,9,AVAILABLE,85
DC-17,SKU-00026,DC-17-Z09-B072,1,1,4,1,AVAILABLE,115
DC-17,SKU-00754,DC-17-Z12-B049,106,106,106,5,AVAILABLE,55
DC-17,SKU-00459,DC-17-Z12-B042,219,219,219,3,AVAILABLE,85
DC-17,SKU-00458,DC-17-Z04-B050,126,126,129,1,AVAILABLE,119
DC-17,SKU-01083,DC-17-Z11-B008,122,124,122,2,AVAILABLE,38
DC-17,SKU-00899,DC-17-Z04-B055,78,78,79,19,AVAILABLE,104
DC-17,SKU-00383,DC-17-Z10-B044,147,147,147,15,AVAILABLE,41
DC-17,SKU-01086,DC-17-Z12-B022,153,152,153,18,AVAILABLE,59
DC-17,SKU-00734,DC-17-Z03-B044,120,120,119,5,AVAILABLE,108
DC-17,SKU-00172,DC-17-Z10-B044,123,123,124,15,AVAILABLE,68
DC-17,SKU-00594,DC-17-Z06-B077,89,91,89,9,HOLD,124
DC-17,SKU-00348,DC-17-Z05-B065,8,8,9,3,AVAILABLE,126
DC-17,SKU-00230,DC-17-Z09-B003,28,28,28,0,AVAILABLE,55
DC-17,SKU-01118,DC-17-Z06-B047,55,56,58,18,AVAILABLE,121
DC-17,SKU-00673,DC-17-Z12-B031,141,141,142,10,AVAILABLE,4
DC-17,SKU-01017,DC-17-Z12-B020,202,203,202,4,HOLD,52
DC-17,SKU-00480,DC-17-Z10-B005,106,105,106,11,QUARANTINE,83
DC-17,SKU-00378,DC-17-Z08-B074,39,40,39,19,AVAILABLE,110
DC-17,SKU-00229,DC-17-Z08-B053,212,213,211,12,QUARANTINE,166
DC-17,SKU-00796,DC-17-Z09-B052,63,63,60,3,AVAILABLE,78
DC-17,SKU-00782,DC-17-Z07-B002,76,76,77,2,AVAILABLE,170
DC-17,SKU-00370,DC-17-Z05-B059,79,79,80,16,AVAILABLE,96
DC-17,SKU-00242,DC-17-Z04-B044,185,185,184,6,AVAILABLE,142
DC-17,SKU-00086,DC-17-Z06-B027,159,158,159,5,AVAILABLE,85
DC-17,SKU-00261,DC-17-Z12-B034,100,100,101,9,AVAILABLE,28
DC-17,SKU-00617,DC-17-Z01-B041,139,140,136,19,AVAILABLE,174
DC-17,SKU-00444,DC-17-Z04-B012,54,54,51,0,HOLD,74
DC-17,SKU-00591,DC-17-Z01-B022,121,122,124,3,QUARANTINE,38
DC-17,SKU-01120,DC-17-Z01-B058,136,136,137,7,AVAILABLE,167
DC-17,SKU-00615,DC-17-Z04-B053,187,189,188,10,AVAILABLE,62
DC-17,SKU-00412,DC-17-Z01-B028,36,36,36,12,AVAILABLE,114
DC-17,SKU-00004,DC-17-Z12-B055,113,113,114,12,HOLD,112
DC-17,SKU-00667,DC-17-Z02-B003,191,191,194,8,AVAILABLE,13
DC-17,SKU-00525,DC-17-Z06-B070,189,191,189,8,AVAILABLE,138
DC-17,SKU-00069,DC-17-Z05-B014,111,111,108,6,AVAILABLE,93
DC-17,SKU-00421,DC-17-Z05-B078,198,198,198,13,AVAILABLE,57
DC-17,SKU-00225,DC-17-Z12-B079,133,133,132,5,AVAILABLE,116
DC-17,SKU-01068,DC-17-Z05-B024,13,13,13,11,AVAILABLE,116
DC-17,SKU-00654,DC-17-Z08-B074,219,218,216,9,AVAILABLE,144
DC-17,SKU-00529,DC-17-Z12-B009,29,29,29,8,AVAILABLE,121
DC-17,SKU-00783,DC-17-Z09-B057,84,84,87,3,AVAILABLE,86
DC-17,SKU-00427,DC-17-Z05-B079,122,122,121,12,AVAILABLE,143
DC-17,SKU-00832,DC-17-Z02-B053,117,117,118,12,AVAILABLE,130
DC-17,SKU-01181,DC-17-Z12-B033,218,218,221,14,AVAILABLE,166
DC-17,SKU-00914,DC-17-Z07-B009,63,62,64,15,AVAILABLE,82
DC-17,SKU-00589,DC-17-Z10-B036,8,8,7,0,AVAILABLE,51
DC-17,SKU-01091,DC-17-Z10-B019,178,178,178,3,AVAILABLE,45
DC-17,SKU-00039,DC-17-Z04-B014,13,13,13,5,AVAILABLE,48
DC-17,SKU-00031,DC-17-Z10-B037,31,29,28,5,AVAILABLE,40
DC-17,SKU-01109,DC-17-Z11-B059,90,90,91,4,AVAILABLE,46
DC-17,SKU-00571,DC-17-Z11-B010,69,67,70,17,AVAILABLE,169
DC-17,SKU-00702,DC-17-Z12-B076,154,154,154,13,AVAILABLE,172
DC-17,SKU-00981,DC-17-Z09-B068,194,194,197,9,AVAILABLE,101
DC-17,SKU-00653,DC-17-Z12-B006,100,100,99,17,AVAILABLE,73
DC-17,SKU-00450,DC-17-Z08-B040,38,36,35,9,AVAILABLE,99
DC-17,SKU-00732,DC-17-Z08-B031,182,182,182,5,AVAILABLE,36
DC-17,SKU-00967,DC-17-Z04-B035,217,217,217,8,AVAILABLE,93
DC-17,SKU-00123,DC-17-Z07-B008,170,170,170,16,AVAILABLE,126
DC-17,SKU-00621,DC-17-Z06-B075,147,148,150,20,AVAILABLE,21
DC-17,SKU-00309,DC-17-Z08-B003,207,207,204,1,AVAILABLE,54
DC-17,SKU-01043,DC-17-Z08-B032,93,91,93,16,AVAILABLE,38
DC-17,SKU-00027,DC-17-Z11-B025,83,83,83,13,QUARANTINE,28
DC-17,SKU-00968,DC-17-Z06-B009,199,199,199,7,AVAILABLE,160
DC-17,SKU-00177,DC-17-Z03-B007,57,56,56,11,AVAILABLE,115
DC-17,SKU-01143,DC-17-Z06-B046,102,104,105,10,AVAILABLE,179
DC-17,SKU-00559,DC-17-Z01-B023,63,64,63,1,AVAILABLE,76
DC-17,SKU-00443,DC-17-Z05-B013,196,196,199,6,AVAILABLE,79
DC-17,SKU-00478,DC-17-Z08-B011,60,60,57,2,QUARANTINE,135
DC-17,SKU-00202,DC-17-Z06-B036,135,135,136,12,AVAILABLE,53
DC-17,SKU-00223,DC-17-Z02-B005,143,143,146,14,AVAILABLE,90
DC-17,SKU-00220,DC-17-Z03-B038,124,126,121,12,AVAILABLE,38
DC-17,SKU-00211,DC-17-Z08-B003,217,216,217,2,AVAILABLE,85
DC-17,SKU-00130,DC-17-Z09-B054,217,219,217,14,AVAILABLE,92
DC-17,SKU-00146,DC-17-Z12-B018,71,71,74,10,AVAILABLE,101
DC-17,SKU-00221,DC-17-Z09-B030,39,41,39,15,AVAILABLE,97
DC-17,SKU-00886,DC-17-Z06-B024,159,159,158,4,AVAILABLE,128
DC-17,SKU-00931,DC-17-Z09-B025,159,158,160,7,QUARANTINE,129
DC-17,SKU-00094,DC-17-Z07-B074,151,150,148,20,HOLD,137
DC-17,SKU-01148,DC-17-Z07-B002,38,39,39,13,AVAILABLE,109
DC-17,SKU-00906,DC-17-Z12-B011,17,17,20,7,AVAILABLE,117
DC-17,SKU-01150,DC-17-Z09-B024,77,77,77,14,AVAILABLE,116
DC-17,SKU-00463,DC-17-Z01-B037,50,50,50,20,AVAILABLE,158
DC-17,SKU-00338,DC-17-Z10-B009,41,43,42,6,AVAILABLE,19
DC-17,SKU-01141,DC-17-Z07-B044,154,153,153,2,AVAILABLE,32
DC-17,SKU-00628,DC-17-Z08-B065,167,167,167,17,AVAILABLE,39
DC-17,SKU-00746,DC-17-Z03-B034,100,100,99,6,AVAILABLE,112
DC-17,SKU-01082,DC-17-Z12-B021,131,131,131,18,AVAILABLE,174
DC-17,SKU-00592,DC-17-Z12-B028,42,40,42,19,AVAILABLE,92
DC-17,SKU-01001,DC-17-Z08-B063,183,181,183,2,AVAILABLE,69
DC-17,SKU-00879,DC-17-Z08-B040,177,177,180,19,AVAILABLE,121
DC-17,SKU-00871,DC-17-Z03-B036,89,90,88,10,AVAILABLE,108
DC-17,SKU-00625,DC-17-Z05-B005,143,145,140,6,AVAILABLE,130
DC-17,SKU-01127,DC-17-Z05-B080,37,38,37,8,AVAILABLE,178
DC-17,SKU-00269,DC-17-Z10-B010,70,70,69,2,AVAILABLE,100
DC-17,SKU-00861,DC-17-Z04-B005,79,79,78,3,HOLD,73
DC-17,SKU-00268,DC-17-Z07-B028,97,96,97,3,HOLD,65
DC-17,SKU-00859,DC-17-Z08-B040,84,84,81,15,AVAILABLE,133
DC-17,SKU-00623,DC-17-Z03-B044,119,118,119,15,AVAILABLE,100
DC-17,SKU-00972,DC-17-Z01-B036,139,139,139,0,AVAILABLE,117
DC-17,SKU-00448,DC-17-Z07-B051,34,32,34,2,AVAILABLE,103
DC-17,SKU-00866,DC-17-Z08-B024,171,172,171,7,AVAILABLE,141
DC-17,SKU-00160,DC-17-Z08-B034,120,122,119,0,AVAILABLE,177
DC-17,SKU-00696,DC-17-Z04-B065,31,31,34,0,QUARANTINE,56
DC-17,SKU-00350,DC-17-Z03-B047,134,136,134,17,AVAILABLE,141
DC-17,SKU-00486,DC-17-Z11-B066,55,55,58,10,AVAILABLE,147
DC-17,SKU-00365,DC-17-Z12-B024,119,117,119,9,QUARANTINE,121
DC-17,SKU-00461,DC-17-Z12-B003,147,146,148,9,AVAILABLE,145
DC-17,SKU-00097,DC-17-Z05-B046,164,164,164,2,AVAILABLE,136
DC-17,SKU-00878,DC-17-Z03-B039,195,195,192,4,AVAILABLE,105
DC-17,SKU-00687,DC-17-Z08-B028,160,161,161,7,AVAILABLE,132
DC-17,SKU-00940,DC-17-Z06-B013,34,33,35,14,AVAILABLE,36
DC-17,SKU-00212,DC-17-Z11-B056,15,15,15,11,AVAILABLE,119
DC-17,SKU-00253,DC-17-Z11-B045,28,28,28,1,AVAILABLE,59
DC-17,SKU-00950,DC-17-Z09-B019,204,205,204,8,AVAILABLE,62
DC-17,SKU-01034,DC-17-Z07-B014,32,31,29,10,AVAILABLE,150
DC-17,SKU-01023,DC-17-Z10-B016,63,64,64,1,AVAILABLE,154
DC-17,SKU-00417,DC-17-Z08-B041,34,34,37,1,AVAILABLE,36
DC-17,SKU-00568,DC-17-Z10-B043,28,26,27,0,HOLD,34
DC-17,SKU-00140,DC-17-Z03-B040,207,207,204,4,AVAILABLE,100
DC-17,SKU-00959,DC-17-Z09-B070,180,180,177,12,HOLD,172
DC-17,SKU-00488,DC-17-Z08-B071,65,65,66,15,AVAILABLE,60
DC-17,SKU-00256,DC-17-Z04-B044,74,74,74,14,AVAILABLE,50
DC-17,SKU-01078,DC-17-Z02-B038,28,26,28,11,QUARANTINE,8
DC-17,SKU-00726,DC-17-Z09-B019,86,86,89,1,AVAILABLE,64
DC-17,SKU-00161,DC-17-Z03-B021,193,191,196,1,AVAILABLE,175
DC-17,SKU-00387,DC-17-Z12-B064,181,183,180,17,AVAILABLE,62
DC-17,SKU-00165,DC-17-Z09-B057,121,123,121,6,AVAILABLE,132
DC-17,SKU-00845,DC-17-Z11-B034,195,194,198,2,AVAILABLE,107
DC-17,SKU-00921,DC-17-Z12-B030,174,174,175,4,HOLD,26
DC-17,SKU-00381,DC-17-Z08-B072,72,72,72,6,AVAILABLE,13
DC-17,SKU-00849,DC-17-Z02-B037,190,190,190,10,AVAILABLE,22
DC-17,SKU-00336,DC-17-Z04-B049,178,178,178,13,AVAILABLE,143
DC-17,SKU-00023,DC-17-Z11-B058,150,150,150,6,AVAILABLE,4
DC-17,SKU-01087,DC-17-Z02-B067,58,58,58,3,AVAILABLE,74
DC-17,SKU-00582,DC-17-Z04-B001,98,99,101,6,QUARANTINE,165
DC-17,SKU-00987,DC-17-Z04-B018,82,81,82,2,AVAILABLE,56
DC-17,SKU-01000,DC-17-Z02-B063,157,157,160,7,AVAILABLE,38
DC-17,SKU-00829,DC-17-Z12-B058,37,37,37,19,AVAILABLE,81
DC-17,SKU-00470,DC-17-Z08-B016,189,188,188,4,AVAILABLE,109
DC-17,SKU-00216,DC-17-Z03-B036,40,40,39,5,AVAILABLE,144
DC-17,SKU-00251,DC-17-Z11-B063,16,18,19,7,AVAILABLE,180
DC-17,SKU-00502,DC-17-Z05-B006,208,207,209,2,QUARANTINE,162
DC-17,SKU-01007,DC-17-Z10-B071,27,25,26,16,AVAILABLE,102
DC-17,SKU-00606,DC-17-Z06-B063,28,28,31,10,AVAILABLE,20
DC-17,SKU-00749,DC-17-Z12-B053,219,219,218,17,AVAILABLE,166
DC-17,SKU-00433,DC-17-Z01-B074,34,36,34,2,AVAILABLE,51
DC-17,SKU-01175,DC-17-Z03-B075,65,65,68,15,AVAILABLE,148
DC-17,SKU-00074,DC-17-Z05-B069,157,157,158,12,AVAILABLE,167
DC-17,SKU-01040,DC-17-Z03-B030,80,80,83,8,HOLD,7
DC-17,SKU-00467,DC-17-Z07-B070,74,73,71,18,AVAILABLE,120
DC-17,SKU-00367,DC-17-Z04-B038,4,6,3,2,AVAILABLE,134
DC-17,SKU-01073,DC-17-Z06-B059,3,3,3,3,AVAILABLE,120
DC-17,SKU-01038,DC-17-Z03-B047,74,75,73,20,HOLD,175
DC-17,SKU-00420,DC-17-Z06-B012,38,36,38,17,AVAILABLE,117
DC-17,SKU-01035,DC-17-Z09-B029,211,212,211,3,AVAILABLE,79
DC-17,SKU-00015,DC-17-Z04-B033,129,129,129,9,QUARANTINE,87
DC-17,SKU-00316,DC-17-Z10-B034,63,64,60,5,AVAILABLE,38
DC-17,SKU-00938,DC-17-Z10-B008,24,24,25,14,AVAILABLE,168
DC-17,SKU-00181,DC-17-Z09-B080,15,17,16,4,AVAILABLE,175
DC-17,SKU-00642,DC-17-Z06-B041,102,100,102,11,AVAILABLE,2
DC-17,SKU-01139,DC-17-Z02-B014,129,129,128,19,AVAILABLE,79
DC-17,SKU-01113,DC-17-Z12-B066,69,69,72,0,QUARANTINE,110
DC-17,SKU-00050,DC-17-Z12-B070,0,0,0,0,AVAILABLE,151
DC-17,SKU-00500,DC-17-Z10-B017,205,205,204,7,AVAILABLE,176
DC-17,SKU-01159,DC-17-Z07-B030,53,52,52,7,AVAILABLE,139
DC-17,SKU-00342,DC-17-Z10-B055,150,152,150,18,AVAILABLE,68
DC-17,SKU-00537,DC-17-Z10-B039,99,98,100,17,AVAILABLE,56
DC-17,SKU-00572,DC-17-Z06-B054,196,196,199,9,HOLD,135
DC-17,SKU-00243,DC-17-Z09-B028,38,38,39,19,AVAILABLE,0
DC-17,SKU-00496,DC-17-Z04-B079,85,87,85,13,HOLD,94
DC-17,SKU-00048,DC-17-Z04-B014,4,3,7,2,AVAILABLE,156
DC-17,SKU-01079,DC-17-Z03-B050,17,15,18,5,AVAILABLE,73
DC-17,SKU-01177,DC-17-Z07-B066,206,204,205,2,AVAILABLE,90
DC-17,SKU-00109,DC-17-Z02-B021,96,97,97,1,AVAILABLE,26
DC-17,SKU-00665,DC-17-Z06-B027,159,161,160,18,AVAILABLE,67
DC-17,SKU-00656,DC-17-Z02-B004,58,59,55,17,AVAILABLE,34
DC-17,SKU-00359,DC-17-Z02-B014,45,45,44,7,AVAILABLE,124
DC-17,SKU-00595,DC-17-Z10-B063,2,2,2,1,AVAILABLE,3
DC-17,SKU-00662,DC-17-Z11-B065,153,154,150,2,AVAILABLE,162
DC-17,SKU-00410,DC-17-Z11-B012,88,88,87,3,HOLD,58
DC-17,SKU-00431,DC-17-Z06-B068,211,211,211,3,AVAILABLE,4
DC-17,SKU-00993,DC-17-Z02-B066,157,159,160,3,AVAILABLE,77
DC-17,SKU-01090,DC-17-Z05-B035,0,0,0,0,AVAILABLE,85
DC-17,SKU-00208,DC-17-Z10-B020,134,135,134,19,QUARANTINE,96
DC-17,SKU-00066,DC-17-Z12-B034,86,86,83,18,AVAILABLE,171
DC-17,SKU-00975,DC-17-Z12-B010,40,38,40,10,AVAILABLE,92
DC-17,SKU-00485,DC-17-Z06-B060,75,75,75,8,AVAILABLE,98
DC-17,SKU-00058,DC-17-Z02-B052,24,24,25,20,QUARANTINE,153
DC-17,SKU-01054,DC-17-Z08-B070,134,135,137,19,QUARANTINE,6
DC-17,SKU-00784,DC-17-Z09-B060,131,129,132,5,AVAILABLE,10
DC-17,SKU-00335,DC-17-Z01-B023,208,209,209,16,AVAILABLE,92
DC-17,SKU-00301,DC-17-Z04-B051,51,52,50,16,AVAILABLE,103
DC-17,SKU-00292,DC-17-Z08-B047,182,182,182,0,HOLD,149
DC-17,SKU-00070,DC-17-Z04-B061,17,17,17,5,AVAILABLE,125
DC-17,SKU-01146,DC-17-Z08-B010,146,144,146,3,QUARANTINE,80
DC-17,SKU-00863,DC-17-Z10-B018,104,102,107,1,AVAILABLE,26
DC-17,SKU-00314,DC-17-Z08-B021,5,5,4,5,AVAILABLE,71
DC-17,SKU-00664,DC-17-Z01-B019,210,210,209,17,AVAILABLE,144
DC-17,SKU-00566,DC-17-Z03-B059,154,155,154,8,AVAILABLE,168
DC-17,SKU-01006,DC-17-Z06-B035,11,11,12,11,AVAILABLE,170
DC-17,SKU-00454,DC-17-Z12-B069,26,26,25,6,AVAILABLE,3
DC-17,SKU-00042,DC-17-Z06-B029,193,193,192,12,AVAILABLE,172
DC-17,SKU-00646,DC-17-Z01-B058,134,134,131,9,AVAILABLE,14
DC-17,SKU-00064,DC-17-Z10-B073,61,62,64,15,AVAILABLE,125
DC-17,SKU-00258,DC-17-Z07-B058,60,60,63,3,AVAILABLE,75
DC-17,SKU-00318,DC-17-Z11-B003,9,9,9,8,AVAILABLE,171
DC-17,SKU-00755,DC-17-Z03-B040,146,146,146,8,AVAILABLE,67
DC-17,SKU-01165,DC-17-Z05-B035,146,146,146,11,AVAILABLE,98
DC-17,SKU-01187,DC-17-Z01-B010,186,187,189,15,HOLD,100
DC-17,SKU-00188,DC-17-Z04-B061,82,81,81,4,AVAILABLE,48
DC-17,SKU-00581,DC-17-Z04-B042,196,195,199,3,AVAILABLE,55
DC-17,SKU-01020,DC-17-Z03-B027,190,189,187,11,AVAILABLE,2
DC-17,SKU-00835,DC-17-Z06-B015,112,111,109,10,AVAILABLE,60
DC-17,SKU-00390,DC-17-Z02-B008,50,50,50,1,QUARANTINE,55
DC-17,SKU-00275,DC-17-Z02-B075,159,159,156,6,QUARANTINE,54
DC-17,SKU-00088,DC-17-Z01-B041,184,184,187,12,AVAILABLE,180
DC-17,SKU-00974,DC-17-Z05-B074,116,117,119,15,AVAILABLE,140
DC-17,SKU-01169,DC-17-Z06-B030,211,213,214,5,AVAILABLE,167
DC-17,SKU-00684,DC-17-Z01-B043,69,69,69,16,AVAILABLE,140
DC-17,SKU-00759,DC-17-Z07-B051,152,154,152,7,HOLD,87
DC-17,SKU-00044,DC-17-Z07-B008,166,164,166,10,AVAILABLE,175
DC-17,SKU-00997,DC-17-Z06-B020,41,39,41,20,AVAILABLE,100
DC-17,SKU-00663,DC-17-Z09-B050,163,163,162,16,AVAILABLE,61
DC-17,SKU-00856,DC-17-Z08-B025,27,27,28,9,HOLD,33
DC-17,SKU-00951,DC-17-Z07-B030,190,190,193,10,AVAILABLE,106
DC-17,SKU-01111,DC-17-Z11-B039,5,5,2,2,AVAILABLE,57
DC-17,SKU-00637,DC-17-Z11-B040,207,206,208,2,AVAILABLE,72
DC-17,SKU-00579,DC-17-Z12-B076,145,147,145,10,AVAILABLE,146
DC-17,SKU-00924,DC-17-Z11-B066,203,203,203,6,AVAILABLE,66
DC-17,SKU-01053,DC-17-Z11-B016,211,211,208,3,AVAILABLE,94
DC-17,SKU-01044,DC-17-Z12-B013,113,113,113,14,AVAILABLE,154
DC-17,SKU-00735,DC-17-Z12-B064,176,176,179,0,AVAILABLE,138
DC-17,SKU-01124,DC-17-Z04-B007,13,12,14,13,AVAILABLE,146
DC-17,SKU-01176,DC-17-Z06-B045,32,30,32,11,AVAILABLE,97
DC-17,SKU-00524,DC-17-Z02-B035,93,93,90,8,AVAILABLE,5
DC-17,SKU-00738,DC-17-Z06-B029,59,59,59,14,HOLD,97
DC-17,SKU-00995,DC-17-Z06-B063,131,132,131,9,AVAILABLE,28
DC-17,SKU-01190,DC-17-Z06-B065,44,45,44,12,AVAILABLE,86
DC-17,SKU-00609,DC-17-Z10-B056,60,60,57,13,AVAILABLE,16
DC-17,SKU-01134,DC-17-Z04-B031,55,54,58,10,HOLD,108
DC-17,SKU-01088,DC-17-Z04-B023,181,183,182,1,QUARANTINE,89
DC-17,SKU-00830,DC-17-Z04-B014,10,10,13,9,AVAILABLE,30
DC-17,SKU-00792,DC-17-Z07-B071,35,35,35,11,AVAILABLE,96
DC-17,SKU-00797,DC-17-Z09-B054,184,184,181,8,AVAILABLE,133
DC-17,SKU-00126,DC-17-Z09-B069,102,103,102,11,AVAILABLE,6
DC-17,SKU-00055,DC-17-Z10-B052,199,199,200,2,AVAILABLE,8
DC-17,SKU-00377,DC-17-Z06-B011,195,196,192,11,HOLD,146
DC-17,SKU-00556,DC-17-Z06-B034,8,10,5,1,QUARANTINE,162
DC-17,SKU-00297,DC-17-Z02-B011,149,147,150,4,AVAILABLE,162
DC-17,SKU-00300,DC-17-Z06-B042,194,194,194,4,AVAILABLE,142
DC-17,SKU-00395,DC-17-Z04-B058,10,8,11,9,HOLD,147
DC-17,SKU-00901,DC-17-Z07-B017,121,123,121,9,AVAILABLE,132
DC-17,SKU-00281,DC-17-Z08-B034,155,155,155,16,AVAILABLE,143
DC-17,SKU-00822,DC-17-Z08-B047,134,136,134,2,AVAILABLE,66
DC-17,SKU-00272,DC-17-Z10-B074,156,155,156,20,AVAILABLE,156
DC-17,SKU-00320,DC-17-Z05-B021,116,116,116,8,QUARANTINE,103
DC-17,SKU-00237,DC-17-Z11-B038,3,4,4,0,AVAILABLE,158
DC-17,SKU-00971,DC-17-Z08-B064,58,60,58,20,AVAILABLE,44
DC-17,SKU-00082,DC-17-Z04-B044,36,36,36,8,AVAILABLE,73
DC-17,SKU-00440,DC-17-Z03-B041,79,78,79,6,AVAILABLE,151
DC-17,SKU-00839,DC-17-Z09-B071,141,140,140,4,AVAILABLE,139
DC-17,SKU-00550,DC-17-Z06-B002,42,41,42,17,AVAILABLE,77
DC-17,SKU-00403,DC-17-Z09-B060,127,127,127,3,AVAILABLE,123
DC-17,SKU-01098,DC-17-Z02-B008,15,15,15,13,AVAILABLE,46
DC-17,SKU-00928,DC-17-Z10-B050,149,151,150,20,AVAILABLE,11
DC-17,SKU-00742,DC-17-Z08-B058,203,202,204,14,AVAILABLE,33
DC-17,SKU-00668,DC-17-Z03-B072,22,22,21,9,AVAILABLE,114
DC-17,SKU-00104,DC-17-Z08-B054,109,107,106,8,AVAILABLE,130
DC-17,SKU-00743,DC-17-Z09-B036,38,39,35,20,AVAILABLE,69
DC-17,SKU-00952,DC-17-Z03-B054,179,177,179,8,AVAILABLE,51
DC-17,SKU-00720,DC-17-Z07-B026,175,175,175,0,AVAILABLE,22
DC-17,SKU-00059,DC-17-Z09-B018,107,106,107,3,AVAILABLE,128
DC-17,SKU-00472,DC-17-Z08-B069,219,217,222,4,AVAILABLE,53
DC-17,SKU-00819,DC-17-Z05-B040,214,214,213,18,AVAILABLE,132
DC-17,SKU-00006,DC-17-Z06-B051,16,15,19,2,AVAILABLE,162
DC-17,SKU-00590,DC-17-Z06-B074,81,81,82,9,AVAILABLE,139
DC-17,SKU-00176,DC-17-Z07-B032,3,3,0,2,AVAILABLE,128
DC-17,SKU-00306,DC-17-Z04-B022,99,98,102,10,AVAILABLE,64
DC-17,SKU-01085,DC-17-Z04-B068,59,61,62,4,AVAILABLE,40
DC-17,SKU-00857,DC-17-Z07-B063,12,14,12,12,AVAILABLE,15
DC-17,SKU-00462,DC-17-Z11-B040,69,69,69,10,AVAILABLE,51
DC-17,SKU-00186,DC-17-Z08-B036,134,133,135,7,AVAILABLE,91
DC-17,SKU-00081,DC-17-Z02-B018,21,21,21,11,AVAILABLE,43
DC-17,SKU-00246,DC-17-Z10-B061,43,41,43,17,AVAILABLE,94
DC-17,SKU-01028,DC-17-Z09-B053,122,122,119,9,AVAILABLE,100
DC-17,SKU-00465,DC-17-Z04-B051,207,205,207,1,AVAILABLE,102
DC-17,SKU-00610,DC-17-Z03-B019,32,31,32,14,AVAILABLE,26
DC-17,SKU-00118,DC-17-Z08-B024,214,214,214,12,AVAILABLE,14
DC-17,SKU-00151,DC-17-Z09-B034,118,118,118,10,AVAILABLE,94
DC-17,SKU-00324,DC-17-Z09-B067,12,14,13,3,AVAILABLE,63
DC-17,SKU-00389,DC-17-Z04-B071,98,98,98,13,AVAILABLE,49
DC-17,SKU-00345,DC-17-Z04-B042,92,93,89,17,AVAILABLE,141
DC-17,SKU-00877,DC-17-Z08-B044,215,216,215,3,AVAILABLE,143
DC-17,SKU-01072,DC-17-Z10-B058,173,173,173,20,AVAILABLE,152
DC-17,SKU-00393,DC-17-Z08-B048,155,155,154,2,AVAILABLE,139
DC-17,SKU-00153,DC-17-Z06-B020,43,45,46,16,AVAILABLE,14
DC-17,SKU-00809,DC-17-Z11-B009,164,165,161,14,AVAILABLE,48
DC-17,SKU-00964,DC-17-Z12-B019,82,82,85,11,AVAILABLE,66
DC-17,SKU-00193,DC-17-Z01-B079,26,26,25,5,AVAILABLE,43
DC-17,SKU-00490,DC-17-Z03-B077,149,149,146,17,AVAILABLE,131
DC-17,SKU-00883,DC-17-Z12-B080,21,22,24,19,AVAILABLE,50
DC-17,SKU-00545,DC-17-Z11-B001,35,35,38,4,AVAILABLE,100
DC-17,SKU-00224,DC-17-Z02-B002,177,176,177,6,AVAILABLE,100
DC-17,SKU-00788,DC-17-Z07-B022,53,51,53,18,AVAILABLE,81
DC-17,SKU-00495,DC-17-Z01-B049,47,49,44,6,AVAILABLE,152
DC-17,SKU-01102,DC-17-Z02-B055,92,90,92,2,AVAILABLE,3
DC-17,SKU-00773,DC-17-Z10-B057,123,122,123,20,HOLD,166
DC-17,SKU-00587,DC-17-Z02-B008,216,215,217,7,AVAILABLE,53
DC-17,SKU-00890,DC-17-Z09-B055,211,211,211,18,AVAILABLE,84
DC-17,SKU-00600,DC-17-Z05-B072,6,7,6,6,AVAILABLE,2
DC-17,SKU-00491,DC-17-Z06-B073,136,136,137,9,AVAILABLE,176
DC-17,SKU-00476,DC-17-Z04-B011,126,126,123,8,AVAILABLE,12
DC-17,SKU-00293,DC-17-Z10-B025,49,49,49,17,HOLD,104
DC-17,SKU-00560,DC-17-Z10-B046,158,158,159,8,AVAILABLE,23
DC-17,SKU-00322,DC-17-Z10-B007,197,197,198,11,AVAILABLE,91
DC-17,SKU-01063,DC-17-Z11-B076,78,80,79,14,AVAILABLE,68
DC-17,SKU-00438,DC-17-Z07-B024,197,195,194,17,QUARANTINE,106
DC-17,SKU-00108,DC-17-Z07-B019,57,58,57,8,AVAILABLE,75
DC-17,SKU-01199,DC-17-Z03-B036,163,163,163,10,AVAILABLE,89
DC-17,SKU-00192,DC-17-Z03-B048,84,86,81,19,AVAILABLE,100
DC-17,SKU-00902,DC-17-Z09-B016,17,19,17,0,HOLD,117
DC-17,SKU-00546,DC-17-Z01-B023,97,97,100,14,AVAILABLE,46
DC-17,SKU-00530,DC-17-Z03-B054,125,125,126,18,HOLD,34
DC-17,SKU-00812,DC-17-Z07-B010,207,209,204,2,AVAILABLE,98
DC-17,SKU-00976,DC-17-Z10-B001,49,51,50,6,AVAILABLE,153
DC-17,SKU-00916,DC-17-Z03-B021,88,88,91,19,AVAILABLE,86
DC-17,SKU-01031,DC-17-Z07-B037,197,195,196,7,AVAILABLE,32
DC-17,SKU-00424,DC-17-Z04-B077,48,48,48,14,AVAILABLE,97
DC-17,SKU-00679,DC-17-Z06-B009,125,125,124,18,QUARANTINE,146
DC-17,SKU-01166,DC-17-Z10-B034,106,106,109,8,AVAILABLE,143
DC-17,SKU-00152,DC-17-Z09-B049,41,43,44,7,AVAILABLE,166
DC-17,SKU-00957,DC-17-Z02-B028,216,216,215,0,QUARANTINE,75
DC-17,SKU-00798,DC-17-Z06-B023,186,188,186,2,AVAILABLE,111
DC-17,SKU-00874,DC-17-Z05-B026,69,71,69,17,AVAILABLE,6
DC-17,SKU-00820,DC-17-Z02-B026,85,84,88,1,QUARANTINE,13
DC-17,SKU-00939,DC-17-Z09-B028,75,75,75,18,AVAILABLE,133
DC-17,SKU-00649,DC-17-Z05-B074,191,189,194,19,AVAILABLE,145
DC-17,SKU-00313,DC-17-Z06-B046,103,103,103,16,AVAILABLE,151
DC-17,SKU-00534,DC-17-Z10-B061,49,49,52,18,AVAILABLE,157
DC-17,SKU-00404,DC-17-Z09-B005,219,219,220,19,AVAILABLE,46
DC-17,SKU-00876,DC-17-Z11-B028,23,21,26,18,AVAILABLE,61
DC-17,SKU-01058,DC-17-Z10-B076,139,139,136,15,HOLD,90
DC-18,SKU-01011,DC-18-Z11-B001,2,2,3,2,AVAILABLE,77
DC-18,SKU-00379,DC-18-Z08-B053,145,144,145,16,AVAILABLE,72
DC-18,SKU-00863,DC-18-Z09-B045,100,100,100,0,AVAILABLE,141
DC-18,SKU-01063,DC-18-Z03-B023,131,131,132,7,AVAILABLE,110
DC-18,SKU-01164,DC-18-Z01-B029,212,210,215,13,AVAILABLE,62
DC-18,SKU-00812,DC-18-Z04-B046,194,196,193,17,AVAILABLE,128
DC-18,SKU-00542,DC-18-Z10-B067,143,143,146,5,AVAILABLE,146
DC-18,SKU-00534,DC-18-Z06-B056,123,123,123,9,AVAILABLE,76
DC-18,SKU-00185,DC-18-Z08-B053,114,112,114,12,AVAILABLE,115
DC-18,SKU-00643,DC-18-Z02-B001,163,164,160,1,AVAILABLE,135
DC-18,SKU-00798,DC-18-Z11-B059,56,55,56,12,HOLD,17
DC-18,SKU-00490,DC-18-Z07-B078,115,115,115,18,AVAILABLE,67
DC-18,SKU-00527,DC-18-Z02-B045,218,218,217,15,HOLD,145
DC-18,SKU-00320,DC-18-Z09-B061,67,66,64,19,AVAILABLE,130
DC-18,SKU-00575,DC-18-Z10-B028,98,100,98,8,AVAILABLE,124
DC-18,SKU-00444,DC-18-Z08-B009,9,10,6,8,AVAILABLE,45
DC-18,SKU-00716,DC-18-Z08-B078,96,98,96,14,AVAILABLE,145
DC-18,SKU-00268,DC-18-Z08-B051,213,213,213,2,AVAILABLE,91
DC-18,SKU-00513,DC-18-Z09-B031,187,187,188,4,AVAILABLE,47
DC-18,SKU-00784,DC-18-Z11-B077,76,74,77,13,AVAILABLE,159
DC-18,SKU-01157,DC-18-Z06-B078,184,184,187,14,AVAILABLE,147
DC-18,SKU-00633,DC-18-Z05-B070,30,30,30,16,HOLD,81
DC-18,SKU-00377,DC-18-Z03-B060,9,7,9,6,AVAILABLE,148
DC-18,SKU-00956,DC-18-Z05-B062,156,156,155,4,AVAILABLE,68
DC-18,SKU-00243,DC-18-Z11-B076,3,3,3,0,AVAILABLE,91
DC-18,SKU-00277,DC-18-Z12-B055,20,20,23,8,AVAILABLE,86
DC-18,SKU-00897,DC-18-Z07-B024,129,129,130,20,AVAILABLE,140
DC-18,SKU-01178,DC-18-Z04-B041,1,0,1,1,AVAILABLE,171
DC-18,SKU-00666,DC-18-Z07-B059,34,34,33,17,AVAILABLE,175
DC-18,SKU-00755,DC-18-Z11-B061,210,210,210,1,AVAILABLE,118
DC-18,SKU-00007,DC-18-Z02-B042,109,109,110,3,AVAILABLE,95
DC-18,SKU-00091,DC-18-Z05-B026,128,128,128,11,AVAILABLE,19
DC-18,SKU-00272,DC-18-Z06-B011,209,209,209,18,AVAILABLE,173
DC-18,SKU-00992,DC-18-Z03-B015,0,0,0,0,AVAILABLE,133
DC-18,SKU-01039,DC-18-Z05-B053,192,191,192,11,AVAILABLE,141
DC-18,SKU-00010,DC-18-Z05-B039,74,74,73,20,AVAILABLE,173
DC-18,SKU-00595,DC-18-Z11-B072,198,199,201,5,AVAILABLE,133
DC-18,SKU-00632,DC-18-Z11-B046,68,68,71,1,AVAILABLE,124
DC-18,SKU-00998,DC-18-Z11-B068,21,20,21,16,AVAILABLE,52
DC-18,SKU-00224,DC-18-Z08-B030,123,124,120,12,AVAILABLE,75
DC-18,SKU-00556,DC-18-Z02-B002,12,12,12,11,AVAILABLE,85
DC-18,SKU-00528,DC-18-Z01-B072,156,154,156,18,AVAILABLE,162
DC-18,SKU-00937,DC-18-Z10-B040,105,104,104,6,AVAILABLE,36
DC-18,SKU-01113,DC-18-Z10-B034,68,70,68,18,AVAILABLE,108
DC-18,SKU-00213,DC-18-Z01-B004,4,5,7,1,AVAILABLE,120
DC-18,SKU-00990,DC-18-Z09-B042,136,135,135,11,AVAILABLE,93
DC-18,SKU-01044,DC-18-Z02-B017,101,102,101,10,AVAILABLE,20
DC-18,SKU-01129,DC-18-Z05-B053,13,11,13,12,HOLD,123
DC-18,SKU-00773,DC-18-Z07-B002,93,91,93,0,AVAILABLE,49
DC-18,SKU-00614,DC-18-Z08-B033,71,71,74,5,AVAILABLE,85
DC-18,SKU-00563,DC-18-Z12-B056,80,82,80,8,AVAILABLE,129
DC-18,SKU-00771,DC-18-Z05-B029,155,156,155,19,HOLD,139
DC-18,SKU-00862,DC-18-Z11-B073,86,87,86,11,AVAILABLE,44
DC-18,SKU-00832,DC-18-Z08-B053,64,64,67,7,QUARANTINE,138
DC-18,SKU-00508,DC-18-Z10-B022,154,156,153,15,AVAILABLE,49
DC-18,SKU-00978,DC-18-Z07-B059,67,67,67,9,AVAILABLE,76
DC-18,SKU-00113,DC-18-Z06-B044,101,101,104,2,AVAILABLE,49
DC-18,SKU-00723,DC-18-Z10-B074,125,125,125,18,AVAILABLE,154
DC-18,SKU-00598,DC-18-Z07-B034,186,186,186,19,AVAILABLE,171
DC-18,SKU-00141,DC-18-Z03-B054,132,132,132,12,AVAILABLE,132
DC-18,SKU-00082,DC-18-Z03-B018,53,51,56,1,AVAILABLE,91
DC-18,SKU-01189,DC-18-Z07-B065,194,194,193,3,AVAILABLE,95
DC-18,SKU-00431,DC-18-Z01-B076,210,209,210,18,AVAILABLE,144
DC-18,SKU-00731,DC-18-Z05-B057,152,153,152,17,QUARANTINE,140
DC-18,SKU-01163,DC-18-Z03-B055,44,46,43,11,QUARANTINE,14
DC-18,SKU-00194,DC-18-Z07-B066,144,146,147,14,AVAILABLE,43
DC-18,SKU-00693,DC-18-Z11-B026,96,95,96,17,AVAILABLE,150
DC-18,SKU-01117,DC-18-Z02-B035,173,173,173,11,AVAILABLE,39
DC-18,SKU-00116,DC-18-Z05-B034,145,145,145,11,AVAILABLE,35
DC-18,SKU-00578,DC-18-Z04-B065,110,110,109,12,AVAILABLE,25
DC-18,SKU-01100,DC-18-Z01-B047,171,173,174,0,AVAILABLE,126
DC-18,SKU-00809,DC-18-Z08-B073,37,39,40,10,AVAILABLE,17
DC-18,SKU-00041,DC-18-Z02-B072,46,46,46,12,HOLD,79
DC-18,SKU-00690,DC-18-Z04-B049,42,44,39,6,AVAILABLE,127
DC-18,SKU-00778,DC-18-Z10-B076,198,198,197,7,AVAILABLE,114
DC-18,SKU-01170,DC-18-Z12-B068,66,65,66,13,AVAILABLE,180
DC-18,SKU-00881,DC-18-Z04-B023,33,33,30,1,AVAILABLE,49
DC-18,SKU-01111,DC-18-Z01-B030,142,142,142,18,AVAILABLE,31
DC-18,SKU-00323,DC-18-Z11-B054,168,168,168,0,AVAILABLE,15
DC-18,SKU-00985,DC-18-Z09-B075,0,1,3,0,QUARANTINE,35
DC-18,SKU-00811,DC-18-Z08-B022,140,141,140,0,AVAILABLE,8
DC-18,SKU-00995,DC-18-Z03-B047,22,22,19,18,AVAILABLE,140
DC-18,SKU-00540,DC-18-Z05-B023,18,16,21,8,HOLD,10
DC-18,SKU-00938,DC-18-Z02-B080,21,20,21,18,QUARANTINE,98
DC-18,SKU-00372,DC-18-Z12-B034,186,185,185,16,AVAILABLE,82
DC-18,SKU-00631,DC-18-Z07-B061,39,37,39,18,AVAILABLE,153
DC-18,SKU-00193,DC-18-Z04-B028,135,135,135,1,HOLD,138
DC-18,SKU-00179,DC-18-Z05-B077,10,10,10,4,AVAILABLE,61
DC-18,SKU-00105,DC-18-Z03-B044,195,195,195,20,AVAILABLE,52
DC-18,SKU-00522,DC-18-Z07-B030,4,4,5,1,AVAILABLE,160
DC-18,SKU-00352,DC-18-Z11-B065,84,84,83,7,AVAILABLE,144
DC-18,SKU-00651,DC-18-Z11-B031,159,159,156,11,AVAILABLE,84
DC-18,SKU-00682,DC-18-Z07-B041,32,32,32,18,AVAILABLE,109
DC-18,SKU-00895,DC-18-Z05-B045,95,95,96,10,AVAILABLE,97
DC-18,SKU-00557,DC-18-Z10-B047,64,64,64,8,AVAILABLE,137
DC-18,SKU-01071,DC-18-Z06-B048,125,125,128,5,AVAILABLE,156
DC-18,SKU-00704,DC-18-Z11-B064,9,10,9,0,AVAILABLE,170
DC-18,SKU-01081,DC-18-Z06-B050,69,69,69,19,AVAILABLE,138
DC-18,SKU-00299,DC-18-Z04-B064,58,58,57,12,AVAILABLE,144
DC-18,SKU-00177,DC-18-Z01-B025,7,9,6,7,AVAILABLE,81
DC-18,SKU-00997,DC-18-Z04-B064,32,32,33,19,AVAILABLE,29
DC-18,SKU-00330,DC-18-Z10-B006,92,90,95,6,AVAILABLE,172
DC-18,SKU-00380,DC-18-Z10-B001,200,199,199,10,HOLD,31
DC-18,SKU-00366,DC-18-Z12-B036,162,162,162,10,AVAILABLE,0
DC-18,SKU-00031,DC-18-Z12-B022,74,75,73,3,AVAILABLE,28
DC-18,SKU-00062,DC-18-Z02-B016,213,213,213,10,AVAILABLE,46
DC-18,SKU-01123,DC-18-Z03-B024,197,197,196,0,AVAILABLE,101
DC-18,SKU-00028,DC-18-Z12-B044,211,213,211,13,AVAILABLE,114
DC-18,SKU-01049,DC-18-Z02-B007,191,191,192,1,AVAILABLE,172
DC-18,SKU-00712,DC-18-Z02-B008,47,46,46,20,AVAILABLE,163
DC-18,SKU-00856,DC-18-Z06-B032,182,180,182,10,AVAILABLE,129
DC-18,SKU-00725,DC-18-Z07-B073,179,179,176,3,AVAILABLE,105
DC-18,SKU-00152,DC-18-Z01-B051,59,59,58,15,AVAILABLE,41
DC-18,SKU-00789,DC-18-Z04-B051,126,125,123,6,AVAILABLE,93
DC-18,SKU-00817,DC-18-Z03-B039,76,76,77,10,AVAILABLE,131
DC-18,SKU-00665,DC-18-Z03-B035,118,119,118,0,AVAILABLE,79
DC-18,SKU-00337,DC-18-Z11-B047,207,208,206,3,AVAILABLE,35
DC-18,SKU-00918,DC-18-Z11-B038,23,21,23,11,AVAILABLE,141
DC-18,SKU-00533,DC-18-Z10-B037,204,202,203,14,AVAILABLE,44
DC-18,SKU-00706,DC-18-Z10-B032,174,174,171,6,AVAILABLE,23
DC-18,SKU-00724,DC-18-Z11-B024,58,58,57,5,AVAILABLE,32
DC-18,SKU-00419,DC-18-Z11-B006,47,45,44,0,AVAILABLE,161
DC-18,SKU-00383,DC-18-Z06-B047,127,128,124,9,AVAILABLE,169
DC-18,SKU-01000,DC-18-Z08-B049,16,16,16,7,AVAILABLE,131
DC-18,SKU-00842,DC-18-Z07-B012,105,105,108,8,AVAILABLE,52
DC-18,SKU-00902,DC-18-Z09-B005,112,111,112,6,HOLD,126
DC-18,SKU-00554,DC-18-Z08-B036,8,8,7,1,AVAILABLE,173
DC-18,SKU-00440,DC-18-Z02-B057,132,134,132,6,AVAILABLE,158
DC-18,SKU-00374,DC-18-Z07-B038,109,109,108,17,AVAILABLE,67
DC-18,SKU-00939,DC-18-Z04-B072,29,28,28,17,AVAILABLE,140
DC-18,SKU-00605,DC-18-Z07-B003,204,205,205,3,AVAILABLE,61
DC-18,SKU-00397,DC-18-Z11-B064,25,26,25,14,AVAILABLE,18
DC-18,SKU-01165,DC-18-Z07-B060,84,84,84,15,AVAILABLE,157
DC-18,SKU-00013,DC-18-Z09-B016,31,31,28,2,AVAILABLE,59
DC-18,SKU-00606,DC-18-Z04-B059,142,142,142,11,AVAILABLE,124
DC-18,SKU-00637,DC-18-Z08-B068,114,114,113,0,AVAILABLE,162
DC-18,SKU-01174,DC-18-Z09-B023,94,95,91,4,AVAILABLE,62
DC-18,SKU-00779,DC-18-Z06-B020,143,145,146,20,AVAILABLE,154
DC-18,SKU-00197,DC-18-Z09-B029,79,80,79,19,AVAILABLE,52
DC-18,SKU-00001,DC-18-Z06-B030,34,34,34,8,AVAILABLE,143
DC-18,SKU-00405,DC-18-Z08-B071,73,73,73,14,AVAILABLE,174
DC-18,SKU-00223,DC-18-Z11-B070,102,104,105,9,QUARANTINE,173
DC-18,SKU-00154,DC-18-Z04-B001,30,29,30,15,AVAILABLE,150
DC-18,SKU-00797,DC-18-Z10-B017,125,124,125,20,AVAILABLE,70
DC-18,SKU-00170,DC-18-Z07-B062,19,20,16,14,AVAILABLE,23
DC-18,SKU-00369,DC-18-Z10-B026,21,19,21,8,AVAILABLE,36
DC-18,SKU-00426,DC-18-Z06-B047,214,214,214,4,AVAILABLE,173
DC-18,SKU-00673,DC-18-Z05-B056,201,202,201,13,AVAILABLE,146
DC-18,SKU-00964,DC-18-Z01-B032,24,24,24,17,AVAILABLE,95
DC-18,SKU-00810,DC-18-Z01-B037,0,0,1,0,AVAILABLE,70
DC-18,SKU-00460,DC-18-Z12-B028,94,94,94,17,AVAILABLE,61
DC-18,SKU-01062,DC-18-Z04-B041,13,13,13,1,AVAILABLE,152
DC-18,SKU-00121,DC-18-Z08-B072,190,190,190,12,AVAILABLE,86
DC-18,SKU-00672,DC-18-Z03-B046,5,5,5,0,AVAILABLE,79
DC-18,SKU-00276,DC-18-Z02-B048,169,169,166,15,AVAILABLE,110
DC-18,SKU-00293,DC-18-Z09-B051,0,0,0,0,AVAILABLE,113
DC-18,SKU-00596,DC-18-Z01-B034,130,128,130,6,AVAILABLE,138
DC-18,SKU-00219,DC-18-Z08-B032,20,20,20,17,AVAILABLE,166
DC-18,SKU-00541,DC-18-Z04-B077,122,120,122,17,HOLD,107
DC-18,SKU-00400,DC-18-Z03-B027,186,187,186,0,AVAILABLE,35
DC-18,SKU-01133,DC-18-Z03-B068,217,218,217,16,AVAILABLE,147
DC-18,SKU-00802,DC-18-Z09-B011,62,60,62,0,AVAILABLE,137
DC-18,SKU-00870,DC-18-Z02-B034,132,131,129,15,HOLD,85
DC-18,SKU-00422,DC-18-Z06-B062,30,31,33,15,AVAILABLE,82
DC-18,SKU-01036,DC-18-Z02-B032,141,141,142,3,AVAILABLE,107
DC-18,SKU-00525,DC-18-Z02-B042,217,217,216,17,AVAILABLE,152
DC-18,SKU-00461,DC-18-Z02-B035,53,52,53,7,AVAILABLE,179
DC-18,SKU-00238,DC-18-Z08-B074,148,147,148,11,AVAILABLE,125
DC-18,SKU-01050,DC-18-Z09-B071,207,207,210,8,AVAILABLE,46
DC-18,SKU-00278,DC-18-Z05-B008,49,48,52,20,AVAILABLE,132
DC-18,SKU-00201,DC-18-Z08-B056,87,87,90,3,AVAILABLE,60
DC-18,SKU-00816,DC-18-Z03-B049,121,121,121,15,AVAILABLE,68
DC-18,SKU-00915,DC-18-Z01-B063,83,82,80,10,AVAILABLE,58
DC-18,SKU-00620,DC-18-Z11-B055,142,140,141,16,AVAILABLE,144
DC-18,SKU-01046,DC-18-Z06-B055,145,145,145,14,QUARANTINE,99
DC-18,SKU-00368,DC-18-Z01-B023,136,138,135,10,AVAILABLE,94
DC-18,SKU-00641,DC-18-Z04-B022,152,152,152,8,AVAILABLE,14
DC-18,SKU-00845,DC-18-Z01-B048,108,106,105,9,AVAILABLE,40
DC-18,SKU-00544,DC-18-Z12-B048,83,83,83,10,HOLD,117
DC-18,SKU-00111,DC-18-Z03-B018,137,135,138,4,AVAILABLE,131
DC-18,SKU-00888,DC-18-Z06-B043,16,17,16,9,AVAILABLE,162
DC-18,SKU-00476,DC-18-Z07-B077,189,189,192,11,HOLD,104
DC-18,SKU-00668,DC-18-Z11-B064,73,71,73,17,AVAILABLE,164
DC-18,SKU-00551,DC-18-Z08-B049,162,162,162,15,AVAILABLE,102
DC-18,SKU-01125,DC-18-Z03-B067,130,130,130,11,AVAILABLE,170
DC-18,SKU-00080,DC-18-Z09-B070,122,122,119,20,AVAILABLE,148
DC-18,SKU-00309,DC-18-Z10-B063,16,15,17,1,AVAILABLE,120
DC-18,SKU-00358,DC-18-Z07-B062,37,38,40,16,AVAILABLE,174
DC-18,SKU-00286,DC-18-Z12-B047,18,18,18,3,AVAILABLE,169
DC-18,SKU-00382,DC-18-Z06-B051,175,175,176,5,AVAILABLE,109
DC-18,SKU-01124,DC-18-Z07-B065,170,170,169,18,AVAILABLE,119
DC-18,SKU-00343,DC-18-Z05-B059,215,215,215,7,AVAILABLE,126
DC-18,SKU-00901,DC-18-Z09-B005,54,54,57,1,QUARANTINE,51
DC-18,SKU-00133,DC-18-Z12-B037,154,152,157,19,AVAILABLE,99
DC-18,SKU-00252,DC-18-Z02-B021,151,151,151,9,AVAILABLE,102
DC-18,SKU-00986,DC-18-Z02-B039,3,1,4,0,AVAILABLE,86
DC-18,SKU-00006,DC-18-Z03-B006,6,5,6,1,AVAILABLE,163
DC-18,SKU-00512,DC-18-Z12-B024,127,129,127,17,AVAILABLE,0
DC-18,SKU-01094,DC-18-Z02-B012,2,2,5,1,AVAILABLE,122
DC-18,SKU-00694,DC-18-Z06-B036,63,62,62,4,AVAILABLE,167
DC-18,SKU-00052,DC-18-Z01-B038,215,215,215,13,AVAILABLE,16
DC-18,SKU-00820,DC-18-Z12-B068,132,130,133,16,AVAILABLE,130
DC-18,SKU-01167,DC-18-Z02-B061,138,138,138,14,AVAILABLE,0
DC-18,SKU-00074,DC-18-Z08-B075,133,133,130,16,AVAILABLE,155
DC-18,SKU-01001,DC-18-Z07-B056,219,221,219,14,AVAILABLE,63
DC-18,SKU-00331,DC-18-Z03-B061,51,51,51,11,AVAILABLE,3
DC-18,SKU-00559,DC-18-Z11-B050,28,28,25,3,AVAILABLE,19
DC-18,SKU-00920,DC-18-Z07-B027,20,21,20,11,QUARANTINE,139
DC-18,SKU-00144,DC-18-Z08-B006,22,22,21,19,AVAILABLE,135
DC-18,SKU-00282,DC-18-Z03-B017,114,114,115,12,AVAILABLE,26
DC-18,SKU-00841,DC-18-Z03-B031,100,101,100,12,AVAILABLE,120
DC-18,SKU-00588,DC-18-Z01-B063,26,25,25,2,AVAILABLE,40
DC-18,SKU-01147,DC-18-Z12-B077,49,48,50,16,AVAILABLE,152
DC-18,SKU-00500,DC-18-Z05-B054,78,76,78,2,AVAILABLE,60
DC-18,SKU-00482,DC-18-Z07-B026,65,66,68,0,QUARANTINE,72
DC-18,SKU-01047,DC-18-Z01-B027,144,144,144,3,AVAILABLE,92
DC-18,SKU-00799,DC-18-Z02-B023,49,49,49,5,AVAILABLE,25
DC-18,SKU-00710,DC-18-Z11-B067,177,175,176,11,AVAILABLE,119
DC-18,SKU-00600,DC-18-Z02-B064,86,86,83,19,AVAILABLE,75
DC-18,SKU-00326,DC-18-Z10-B016,81,81,80,16,AVAILABLE,52
DC-18,SKU-00886,DC-18-Z06-B066,128,126,128,7,AVAILABLE,71
DC-18,SKU-00381,DC-18-Z05-B008,194,194,191,10,AVAILABLE,35
DC-18,SKU-00552,DC-18-Z04-B038,145,143,145,6,AVAILABLE,1
DC-18,SKU-00909,DC-18-Z08-B028,150,150,150,9,AVAILABLE,18
DC-18,SKU-00576,DC-18-Z07-B064,137,136,137,10,AVAILABLE,79
DC-18,SKU-00058,DC-18-Z12-B017,89,89,88,20,AVAILABLE,73
DC-18,SKU-01192,DC-18-Z03-B019,91,91,94,11,AVAILABLE,176
DC-18,SKU-00586,DC-18-Z01-B026,53,53,52,12,AVAILABLE,179
DC-18,SKU-00435,DC-18-Z01-B016,51,51,52,11,AVAILABLE,0
DC-18,SKU-00251,DC-18-Z01-B037,175,175,178,16,AVAILABLE,54
DC-18,SKU-01022,DC-18-Z05-B077,113,113,114,7,AVAILABLE,13
DC-18,SKU-00903,DC-18-Z05-B047,93,91,94,15,AVAILABLE,98
DC-18,SKU-00167,DC-18-Z10-B014,105,103,102,15,AVAILABLE,152
DC-18,SKU-00172,DC-18-Z05-B034,135,133,135,3,AVAILABLE,10
DC-18,SKU-00173,DC-18-Z09-B060,6,6,5,1,AVAILABLE,23
DC-18,SKU-00066,DC-18-Z05-B004,111,109,111,10,AVAILABLE,135
DC-18,SKU-00019,DC-18-Z08-B042,196,197,195,4,AVAILABLE,179
DC-18,SKU-00855,DC-18-Z10-B006,77,76,77,10,AVAILABLE,101
DC-18,SKU-01098,DC-18-Z12-B035,220,220,220,2,AVAILABLE,90
DC-18,SKU-00130,DC-18-Z10-B012,111,111,111,7,AVAILABLE,163
DC-18,SKU-00442,DC-18-Z07-B035,119,119,122,13,AVAILABLE,107
DC-18,SKU-00212,DC-18-Z02-B071,144,142,145,5,HOLD,130
DC-18,SKU-00216,DC-18-Z03-B030,191,189,191,18,AVAILABLE,163
DC-18,SKU-00946,DC-18-Z04-B039,72,70,72,16,AVAILABLE,127
DC-18,SKU-00518,DC-18-Z09-B033,124,126,121,18,AVAILABLE,94
DC-18,SKU-00107,DC-18-Z08-B006,176,174,176,9,AVAILABLE,159
DC-18,SKU-00328,DC-18-Z07-B076,159,159,159,7,AVAILABLE,27
DC-18,SKU-01060,DC-18-Z09-B044,43,45,43,7,AVAILABLE,27
DC-18,SKU-00914,DC-18-Z02-B063,45,45,48,13,AVAILABLE,36
DC-18,SKU-01015,DC-18-Z07-B079,141,143,141,5,QUARANTINE,32
DC-18,SKU-00738,DC-18-Z01-B048,96,97,95,0,AVAILABLE,86
DC-18,SKU-00644,DC-18-Z11-B041,132,134,129,17,AVAILABLE,40
DC-18,SKU-00254,DC-18-Z07-B005,74,74,74,9,QUARANTINE,124
DC-18,SKU-00004,DC-18-Z06-B023,192,190,191,8,AVAILABLE,119
DC-18,SKU-00180,DC-18-Z05-B035,1,1,0,1,QUARANTINE,142
DC-18,SKU-00457,DC-18-Z11-B061,12,10,12,1,AVAILABLE,27
DC-18,SKU-00806,DC-18-Z01-B063,61,62,61,1,AVAILABLE,93
DC-18,SKU-00655,DC-18-Z12-B001,7,6,6,4,AVAILABLE,118
DC-18,SKU-00333,DC-18-Z01-B014,195,195,192,20,AVAILABLE,30
DC-18,SKU-00954,DC-18-Z09-B027,31,32,30,11,AVAILABLE,128
DC-18,SKU-00314,DC-18-Z12-B033,9,7,9,6,AVAILABLE,43
DC-18,SKU-00592,DC-18-Z07-B001,92,94,95,4,AVAILABLE,168
DC-18,SKU-00729,DC-18-Z09-B011,118,120,115,3,HOLD,162
DC-18,SKU-00747,DC-18-Z06-B057,178,178,181,16,AVAILABLE,58
DC-18,SKU-00215,DC-18-Z03-B045,191,192,192,12,AVAILABLE,158
DC-18,SKU-00687,DC-18-Z12-B051,176,176,176,3,AVAILABLE,141
DC-18,SKU-00143,DC-18-Z10-B071,155,155,156,6,AVAILABLE,69
DC-18,SKU-01088,DC-18-Z04-B057,154,154,151,0,AVAILABLE,78
DC-18,SKU-00078,DC-18-Z03-B054,15,16,15,4,AVAILABLE,152
DC-18,SKU-01067,DC-18-Z03-B004,33,31,30,13,AVAILABLE,1
DC-18,SKU-00029,DC-18-Z01-B074,139,137,139,10,AVAILABLE,106
DC-18,SKU-00835,DC-18-Z10-B073,51,50,51,18,AVAILABLE,82
DC-18,SKU-01059,DC-18-Z07-B060,94,96,94,20,AVAILABLE,126
DC-18,SKU-00788,DC-18-Z02-B029,161,161,161,5,AVAILABLE,14
DC-18,SKU-00854,DC-18-Z03-B051,142,142,142,7,AVAILABLE,3
DC-18,SKU-00510,DC-18-Z01-B024,178,176,178,7,AVAILABLE,164
DC-18,SKU-01014,DC-18-Z03-B079,16,14,16,2,AVAILABLE,70
DC-18,SKU-00748,DC-18-Z04-B020,100,100,99,6,QUARANTINE,155
DC-18,SKU-00150,DC-18-Z05-B021,187,185,186,4,HOLD,99
DC-18,SKU-00590,DC-18-Z07-B076,136,136,133,9,AVAILABLE,112
DC-18,SKU-01072,DC-18-Z09-B055,185,185,188,19,AVAILABLE,163
DC-18,SKU-00425,DC-18-Z06-B003,153,153,153,19,AVAILABLE,82
DC-18,SKU-00546,DC-18-Z10-B050,205,205,206,12,AVAILABLE,100
DC-18,SKU-00035,DC-18-Z09-B043,187,186,186,10,AVAILABLE,118
DC-18,SKU-00691,DC-18-Z11-B058,68,69,68,3,AVAILABLE,120
DC-18,SKU-00253,DC-18-Z07-B003,182,182,182,8,AVAILABLE,123
DC-18,SKU-00582,DC-18-Z06-B076,54,54,54,7,AVAILABLE,54
DC-18,SKU-00044,DC-18-Z10-B062,112,111,112,12,AVAILABLE,79
DC-18,SKU-00046,DC-18-Z02-B061,204,204,201,10,AVAILABLE,65
DC-18,SKU-00439,DC-18-Z08-B053,64,62,67,0,AVAILABLE,106
DC-18,SKU-00989,DC-18-Z06-B056,149,151,149,18,AVAILABLE,82
DC-18,SKU-00002,DC-18-Z01-B039,137,137,137,9,AVAILABLE,94
DC-18,SKU-00260,DC-18-Z02-B026,218,217,218,5,AVAILABLE,11
DC-18,SKU-00925,DC-18-Z07-B062,194,195,194,19,AVAILABLE,99
DC-18,SKU-00182,DC-18-Z09-B067,94,92,94,12,AVAILABLE,49
DC-18,SKU-00853,DC-18-Z03-B022,71,71,68,4,AVAILABLE,83
DC-18,SKU-00417,DC-18-Z11-B027,199,197,200,20,AVAILABLE,97
DC-18,SKU-00715,DC-18-Z05-B044,115,115,112,11,HOLD,45
DC-18,SKU-00640,DC-18-Z06-B019,146,144,146,19,AVAILABLE,152
DC-18,SKU-00968,DC-18-Z12-B011,1,1,4,0,QUARANTINE,122
DC-18,SKU-01118,DC-18-Z11-B066,136,136,136,3,AVAILABLE,75
DC-18,SKU-00433,DC-18-Z06-B027,112,112,113,0,AVAILABLE,35
DC-18,SKU-00478,DC-18-Z07-B042,91,92,88,12,AVAILABLE,37
DC-18,SKU-00456,DC-18-Z04-B006,71,71,71,2,AVAILABLE,7
DC-18,SKU-00214,DC-18-Z12-B056,76,76,76,6,QUARANTINE,107
DC-18,SKU-01197,DC-18-Z08-B079,139,138,139,2,AVAILABLE,147
DC-18,SKU-00160,DC-18-Z05-B066,65,65,68,2,AVAILABLE,7
DC-18,SKU-00045,DC-18-Z04-B034,134,135,134,16,AVAILABLE,144
DC-18,SKU-00351,DC-18-Z09-B070,49,49,48,18,AVAILABLE,121
DC-18,SKU-00327,DC-18-Z09-B059,19,19,19,6,AVAILABLE,139
DC-18,SKU-00364,DC-18-Z12-B002,86,86,83,4,AVAILABLE,116
DC-18,SKU-01030,DC-18-Z03-B023,8,7,9,0,AVAILABLE,50
DC-18,SKU-00297,DC-18-Z09-B039,76,74,76,13,AVAILABLE,153
DC-18,SKU-00371,DC-18-Z03-B067,129,127,129,11,AVAILABLE,66
DC-18,SKU-00905,DC-18-Z06-B018,136,136,133,18,AVAILABLE,42
DC-18,SKU-00923,DC-18-Z05-B062,135,135,132,1,HOLD,159
DC-18,SKU-00414,DC-18-Z02-B052,220,220,217,14,AVAILABLE,17
DC-18,SKU-00054,DC-18-Z09-B035,87,87,87,14,QUARANTINE,151
DC-18,SKU-00089,DC-18-Z07-B042,22,21,25,18,AVAILABLE,17
DC-18,SKU-00055,DC-18-Z12-B022,202,200,201,6,QUARANTINE,4
DC-18,SKU-00708,DC-18-Z01-B049,87,87,87,12,AVAILABLE,152
DC-18,SKU-00726,DC-18-Z04-B079,210,210,209,1,QUARANTINE,177
DC-18,SKU-00354,DC-18-Z07-B072,15,15,14,6,AVAILABLE,72
DC-18,SKU-01034,DC-18-Z08-B062,55,55,56,6,AVAILABLE,3
DC-18,SKU-00288,DC-18-Z01-B028,75,73,76,7,AVAILABLE,110
DC-18,SKU-00315,DC-18-Z12-B031,153,153,154,1,AVAILABLE,78
DC-18,SKU-00498,DC-18-Z04-B061,18,17,21,17,AVAILABLE,99
DC-18,SKU-00202,DC-18-Z04-B036,126,126,126,3,AVAILABLE,155
DC-18,SKU-00226,DC-18-Z09-B065,197,197,200,4,AVAILABLE,25
DC-18,SKU-00736,DC-18-Z09-B066,121,121,122,9,AVAILABLE,131
DC-18,SKU-00751,DC-18-Z12-B038,187,186,188,8,QUARANTINE,23
DC-18,SKU-00660,DC-18-Z10-B030,187,186,184,5,AVAILABLE,68
DC-18,SKU-00158,DC-18-Z02-B050,122,122,123,19,AVAILABLE,141
DC-18,SKU-01023,DC-18-Z11-B062,209,209,212,7,AVAILABLE,16
DC-18,SKU-00024,DC-18-Z07-B070,40,40,40,18,AVAILABLE,158
DC-18,SKU-00928,DC-18-Z03-B051,195,195,195,14,AVAILABLE,90
DC-18,SKU-01112,DC-18-Z08-B066,213,213,214,16,AVAILABLE,144
DC-18,SKU-00971,DC-18-Z12-B012,2,1,1,2,QUARANTINE,38
DC-18,SKU-00973,DC-18-Z10-B080,50,50,50,0,AVAILABLE,86
DC-18,SKU-00702,DC-18-Z10-B017,33,31,32,17,AVAILABLE,39
DC-18,SKU-01186,DC-18-Z10-B027,220,220,220,6,AVAILABLE,67
DC-18,SKU-00099,DC-18-Z09-B071,126,126,129,6,AVAILABLE,65
DC-18,SKU-01196,DC-18-Z06-B033,90,88,87,16,AVAILABLE,81
DC-18,SKU-00132,DC-18-Z01-B013,74,73,74,13,HOLD,83
DC-18,SKU-00088,DC-18-Z07-B031,46,46,46,13,AVAILABLE,68
DC-18,SKU-00760,DC-18-Z02-B072,172,170,173,20,AVAILABLE,17
DC-18,SKU-00780,DC-18-Z04-B056,81,81,81,5,AVAILABLE,16
DC-18,SKU-00875,DC-18-Z09-B022,122,124,122,6,QUARANTINE,11
DC-18,SKU-00636,DC-18-Z03-B068,189,189,189,17,HOLD,73
DC-18,SKU-00587,DC-18-Z10-B059,202,203,202,8,AVAILABLE,33
DC-18,SKU-00190,DC-18-Z02-B038,149,150,149,7,AVAILABLE,152
DC-18,SKU-00128,DC-18-Z03-B057,49,50,49,7,AVAILABLE,110
DC-18,SKU-00506,DC-18-Z06-B046,178,179,179,12,AVAILABLE,138
DC-18,SKU-00625,DC-18-Z11-B028,32,30,33,9,AVAILABLE,18
DC-18,SKU-00681,DC-18-Z02-B069,19,19,18,15,QUARANTINE,68
DC-18,SKU-00106,DC-18-Z06-B015,35,33,38,20,AVAILABLE,49
DC-18,SKU-01041,DC-18-Z07-B028,142,140,145,20,AVAILABLE,49
DC-18,SKU-00153,DC-18-Z11-B029,198,199,198,17,AVAILABLE,40
DC-18,SKU-00236,DC-18-Z11-B040,149,149,149,0,AVAILABLE,68
DC-18,SKU-00112,DC-18-Z04-B002,20,20,20,3,AVAILABLE,154
DC-18,SKU-00966,DC-18-Z03-B023,196,194,195,1,HOLD,12
DC-18,SKU-00792,DC-18-Z01-B039,137,137,134,15,AVAILABLE,39
DC-18,SKU-00455,DC-18-Z07-B018,27,25,27,6,AVAILABLE,12
DC-18,SKU-01156,DC-18-Z03-B074,128,128,127,1,AVAILABLE,0
DC-18,SKU-00661,DC-18-Z10-B028,111,111,114,9,HOLD,25
DC-18,SKU-00484,DC-18-Z06-B026,154,154,155,11,AVAILABLE,165
DC-18,SKU-00259,DC-18-Z08-B071,25,23,24,1,HOLD,152
DC-18,SKU-00420,DC-18-Z01-B072,65,66,62,10,AVAILABLE,157
DC-18,SKU-01070,DC-18-Z11-B007,51,52,52,10,AVAILABLE,81
DC-18,SKU-00101,DC-18-Z10-B009,6,6,9,2,AVAILABLE,130
DC-18,SKU-01179,DC-18-Z04-B018,99,101,102,0,AVAILABLE,11
DC-18,SKU-00499,DC-18-Z04-B005,169,169,166,4,AVAILABLE,115
DC-18,SKU-00574,DC-18-Z02-B050,66,67,63,3,HOLD,137
DC-18,SKU-01177,DC-18-Z11-B027,210,210,210,2,AVAILABLE,155
DC-18,SKU-00359,DC-18-Z04-B004,89,89,89,3,AVAILABLE,103
DC-18,SKU-01058,DC-18-Z10-B064,148,148,145,10,HOLD,20
DC-18,SKU-00741,DC-18-Z05-B076,174,172,171,4,AVAILABLE,133
DC-18,SKU-00919,DC-18-Z06-B038,106,105,105,19,AVAILABLE,130
DC-18,SKU-00319,DC-18-Z10-B071,57,56,58,20,AVAILABLE,164
DC-18,SKU-00480,DC-18-Z01-B037,31,32,31,2,AVAILABLE,83
DC-18,SKU-00951,DC-18-Z01-B060,101,101,101,6,AVAILABLE,86
DC-18,SKU-00384,DC-18-Z09-B049,17,19,17,8,AVAILABLE,145
DC-18,SKU-00697,DC-18-Z06-B077,48,47,47,6,AVAILABLE,145
DC-18,SKU-00462,DC-18-Z08-B008,72,72,72,8,AVAILABLE,139
DC-18,SKU-00071,DC-18-Z10-B076,215,214,215,9,HOLD,133
DC-18,SKU-00285,DC-18-Z10-B034,121,120,118,6,AVAILABLE,101
DC-18,SKU-00269,DC-18-Z12-B043,103,101,102,9,AVAILABLE,75
DC-18,SKU-00900,DC-18-Z12-B069,16,15,17,6,AVAILABLE,171
DC-18,SKU-00218,DC-18-Z10-B062,132,132,132,7,AVAILABLE,3
DC-18,SKU-00037,DC-18-Z07-B057,67,69,66,7,AVAILABLE,160
DC-18,SKU-00849,DC-18-Z03-B032,37,35,37,18,AVAILABLE,21
DC-18,SKU-00896,DC-18-Z04-B070,35,37,35,12,AVAILABLE,110
DC-18,SKU-00386,DC-18-Z07-B034,57,57,56,11,AVAILABLE,121
DC-18,SKU-01193,DC-18-Z11-B068,81,81,81,11,AVAILABLE,55
DC-18,SKU-00081,DC-18-Z06-B036,31,30,31,7,AVAILABLE,33
DC-18,SKU-00175,DC-18-Z03-B015,200,199,199,3,AVAILABLE,22
DC-18,SKU-00940,DC-18-Z12-B073,72,72,71,18,AVAILABLE,75
DC-18,SKU-00350,DC-18-Z01-B075,13,13,14,13,AVAILABLE,180
DC-18,SKU-00057,DC-18-Z01-B063,78,76,77,2,AVAILABLE,23
DC-18,SKU-00839,DC-18-Z04-B076,37,35,37,18,AVAILABLE,14
DC-18,SKU-01075,DC-18-Z08-B076,107,107,106,16,AVAILABLE,20
DC-18,SKU-00389,DC-18-Z10-B070,205,207,208,9,AVAILABLE,144
DC-18,SKU-00722,DC-18-Z11-B054,112,111,112,20,HOLD,17
DC-18,SKU-00466,DC-18-Z06-B077,182,180,183,6,AVAILABLE,137
DC-18,SKU-00376,DC-18-Z03-B028,48,47,47,19,AVAILABLE,179
DC-18,SKU-00098,DC-18-Z06-B040,105,105,105,1,AVAILABLE,118
DC-18,SKU-00432,DC-18-Z07-B046,213,213,216,5,AVAILABLE,144
DC-18,SKU-00610,DC-18-Z03-B012,9,8,9,4,AVAILABLE,109
DC-18,SKU-00401,DC-18-Z07-B015,144,144,143,9,AVAILABLE,175
DC-18,SKU-01056,DC-18-Z09-B060,40,40,41,2,AVAILABLE,112
DC-18,SKU-00247,DC-18-Z10-B026,84,84,84,16,AVAILABLE,40
DC-18,SKU-00589,DC-18-Z03-B009,136,137,136,2,QUARANTINE,168
DC-18,SKU-01043,DC-18-Z02-B004,33,33,33,15,AVAILABLE,159
DC-18,SKU-00926,DC-18-Z07-B063,171,170,174,3,AVAILABLE,114
DC-18,SKU-00266,DC-18-Z12-B005,149,149,146,15,HOLD,56
DC-18,SKU-00023,DC-18-Z08-B003,180,180,179,14,AVAILABLE,142
DC-18,SKU-00441,DC-18-Z05-B033,91,89,92,17,AVAILABLE,153
DC-18,SKU-00532,DC-18-Z08-B077,106,106,106,13,AVAILABLE,43
DC-18,SKU-00647,DC-18-Z06-B022,127,129,130,15,AVAILABLE,127
DC-18,SKU-00695,DC-18-Z08-B057,47,46,47,15,AVAILABLE,82
DC-18,SKU-01006,DC-18-Z01-B016,27,27,27,17,AVAILABLE,67
DC-18,SKU-00880,DC-18-Z09-B065,148,147,149,4,AVAILABLE,82
DC-18,SKU-01137,DC-18-Z11-B065,128,126,128,6,HOLD,86
DC-18,SKU-01108,DC-18-Z03-B078,80,79,80,19,AVAILABLE,25
DC-18,SKU-00628,DC-18-Z06-B009,194,193,194,17,AVAILABLE,52
DC-18,SKU-00492,DC-18-Z09-B031,141,139,141,10,AVAILABLE,12
DC-18,SKU-00388,DC-18-Z07-B063,184,184,184,9,AVAILABLE,58
DC-18,SKU-01131,DC-18-Z12-B045,109,109,108,1,AVAILABLE,6
DC-18,SKU-01185,DC-18-Z09-B080,21,21,20,11,AVAILABLE,122
DC-18,SKU-00454,DC-18-Z01-B043,97,98,98,12,AVAILABLE,166
DC-18,SKU-00524,DC-18-Z08-B035,132,132,132,11,AVAILABLE,117
DC-18,SKU-00014,DC-18-Z08-B062,59,61,58,8,AVAILABLE,152
DC-18,SKU-01026,DC-18-Z04-B015,172,172,175,18,AVAILABLE,161
DC-18,SKU-00421,DC-18-Z04-B012,22,22,23,16,AVAILABLE,141
DC-18,SKU-00987,DC-18-Z04-B023,201,200,198,0,AVAILABLE,151
DC-18,SKU-00866,DC-18-Z11-B008,114,114,113,2,AVAILABLE,17
DC-18,SKU-00487,DC-18-Z06-B064,176,176,176,10,AVAILABLE,83
DC-18,SKU-00258,DC-18-Z10-B014,176,176,176,6,AVAILABLE,180
DC-18,SKU-00318,DC-18-Z10-B051,16,16,19,10,AVAILABLE,50
DC-18,SKU-00367,DC-18-Z11-B046,130,128,130,2,AVAILABLE,29
DC-18,SKU-00607,DC-18-Z01-B014,207,205,207,1,AVAILABLE,14
DC-18,SKU-00198,DC-18-Z09-B040,202,202,205,17,QUARANTINE,153
DC-18,SKU-00240,DC-18-Z10-B029,128,128,127,20,AVAILABLE,36
DC-18,SKU-00504,DC-18-Z10-B069,60,60,59,17,AVAILABLE,66
DC-18,SKU-00740,DC-18-Z03-B048,35,35,35,10,AVAILABLE,169
DC-18,SKU-01106,DC-18-Z08-B061,20,20,17,3,AVAILABLE,15
DC-18,SKU-01079,DC-18-Z04-B011,31,31,31,20,AVAILABLE,140
DC-18,SKU-01069,DC-18-Z02-B064,71,71,72,5,AVAILABLE,135
DC-18,SKU-00526,DC-18-Z12-B049,10,10,11,10,AVAILABLE,51
DC-18,SKU-01159,DC-18-Z05-B011,125,124,124,19,AVAILABLE,110
DC-18,SKU-01141,DC-18-Z10-B053,119,117,118,18,AVAILABLE,90
DC-18,SKU-00877,DC-18-Z10-B068,159,158,160,20,AVAILABLE,73
DC-18,SKU-00558,DC-18-Z11-B022,169,168,169,6,AVAILABLE,125
DC-18,SKU-00120,DC-18-Z09-B070,191,189,192,19,AVAILABLE,20
DC-18,SKU-00165,DC-18-Z06-B033,51,49,51,4,AVAILABLE,56
DC-18,SKU-00347,DC-18-Z04-B015,74,74,74,4,AVAILABLE,14
DC-18,SKU-00438,DC-18-Z05-B011,38,38,38,6,AVAILABLE,121
DC-18,SKU-00340,DC-18-Z10-B014,80,81,79,3,AVAILABLE,49
DC-18,SKU-00763,DC-18-Z10-B044,33,33,30,18,AVAILABLE,47
DC-18,SKU-01010,DC-18-Z11-B005,161,160,158,1,HOLD,123
DC-18,SKU-00470,DC-18-Z11-B039,77,78,80,13,AVAILABLE,106
DC-18,SKU-00860,DC-18-Z08-B050,220,221,220,17,AVAILABLE,119
DC-18,SKU-01052,DC-18-Z10-B070,128,128,127,13,AVAILABLE,48
DC-18,SKU-01016,DC-18-Z07-B063,40,40,40,11,AVAILABLE,69
DC-18,SKU-00735,DC-18-Z09-B045,90,90,87,11,AVAILABLE,98
DC-18,SKU-00830,DC-18-Z06-B040,118,117,118,17,AVAILABLE,48
DC-18,SKU-00036,DC-18-Z01-B004,123,123,122,4,AVAILABLE,95
DC-18,SKU-00793,DC-18-Z03-B023,28,28,29,3,AVAILABLE,18
DC-18,SKU-00039,DC-18-Z12-B053,141,142,141,0,AVAILABLE,146
DC-18,SKU-00009,DC-18-Z10-B054,86,86,87,2,HOLD,112
DC-18,SKU-00767,DC-18-Z02-B050,166,166,166,0,AVAILABLE,71
DC-18,SKU-00446,DC-18-Z10-B028,133,134,133,12,AVAILABLE,16
DC-18,SKU-00090,DC-18-Z05-B045,41,43,41,18,AVAILABLE,107
DC-18,SKU-00279,DC-18-Z02-B057,96,94,96,0,AVAILABLE,14
DC-18,SKU-00294,DC-18-Z04-B053,21,21,21,9,AVAILABLE,20
DC-18,SKU-00958,DC-18-Z11-B050,164,163,164,3,AVAILABLE,20
DC-18,SKU-00222,DC-18-Z04-B019,98,98,98,6,AVAILABLE,14
DC-18,SKU-00168,DC-18-Z09-B035,71,72,71,16,HOLD,123
DC-18,SKU-00391,DC-18-Z11-B010,32,34,29,8,AVAILABLE,26
DC-18,SKU-00174,DC-18-Z05-B054,6,6,5,4,QUARANTINE,176
DC-18,SKU-00093,DC-18-Z01-B061,197,197,196,2,AVAILABLE,89
DC-18,SKU-00505,DC-18-Z07-B047,208,208,205,10,AVAILABLE,172
DC-18,SKU-00316,DC-18-Z11-B043,66,66,65,0,HOLD,147
DC-18,SKU-00284,DC-18-Z04-B077,142,144,142,19,AVAILABLE,65
DC-18,SKU-00639,DC-18-Z06-B020,199,199,198,8,AVAILABLE,40
DC-18,SKU-00109,DC-18-Z04-B061,157,158,158,17,AVAILABLE,88
DC-18,SKU-00239,DC-18-Z04-B046,33,33,30,10,HOLD,160
DC-18,SKU-00307,DC-18-Z05-B025,138,140,138,11,HOLD,70
DC-18,SKU-00015,DC-18-Z02-B009,132,131,132,18,AVAILABLE,84
DC-18,SKU-00050,DC-18-Z07-B060,205,205,206,8,AVAILABLE,32
DC-18,SKU-00280,DC-18-Z05-B048,3,3,3,3,AVAILABLE,95
DC-18,SKU-00196,DC-18-Z09-B067,60,61,63,15,AVAILABLE,24
DC-18,SKU-00249,DC-18-Z02-B067,77,79,74,16,AVAILABLE,50
DC-18,SKU-00064,DC-18-Z06-B002,68,68,68,1,AVAILABLE,128
DC-18,SKU-00234,DC-18-Z07-B066,197,199,197,1,AVAILABLE,12
DC-18,SKU-00611,DC-18-Z09-B010,135,135,138,5,AVAILABLE,142
DC-18,SKU-00325,DC-18-Z04-B033,159,159,159,18,AVAILABLE,80
DC-18,SKU-00568,DC-18-Z02-B048,82,83,81,9,AVAILABLE,154
DC-18,SKU-00688,DC-18-Z05-B041,158,156,155,4,AVAILABLE,68
DC-18,SKU-01090,DC-18-Z07-B009,131,131,134,20,AVAILABLE,128
DC-18,SKU-00796,DC-18-Z06-B029,12,12,13,6,AVAILABLE,123
DC-18,SKU-00705,DC-18-Z09-B071,39,39,39,1,AVAILABLE,13
DC-18,SKU-00746,DC-18-Z07-B023,155,154,152,12,AVAILABLE,27
DC-18,SKU-00336,DC-18-Z01-B060,91,91,90,11,AVAILABLE,168
DC-18,SKU-00176,DC-18-Z08-B049,15,15,12,1,AVAILABLE,51
DC-18,SKU-01162,DC-18-Z03-B034,167,167,167,9,AVAILABLE,31
DC-18,SKU-01152,DC-18-Z04-B001,140,140,137,4,AVAILABLE,53
DC-18,SKU-00703,DC-18-Z10-B068,14,12,15,7,AVAILABLE,6
DC-18,SKU-00131,DC-18-Z01-B069,87,87,87,16,AVAILABLE,60
DC-18,SKU-00894,DC-18-Z02-B078,106,107,107,9,AVAILABLE,93
DC-18,SKU-01017,DC-18-Z06-B012,217,216,217,6,AVAILABLE,49
DC-18,SKU-00699,DC-18-Z01-B040,67,67,67,12,AVAILABLE,46
DC-18,SKU-00790,DC-18-Z05-B038,201,201,200,10,AVAILABLE,18
DC-18,SKU-00086,DC-18-Z12-B013,167,167,167,12,AVAILABLE,140
DC-18,SKU-00955,DC-18-Z03-B064,103,103,104,20,AVAILABLE,51
DC-18,SKU-00302,DC-18-Z02-B027,108,107,108,15,AVAILABLE,2
DC-18,SKU-01084,DC-18-Z10-B043,162,162,162,15,AVAILABLE,99
DC-18,SKU-01053,DC-18-Z01-B076,95,95,95,10,AVAILABLE,150
DC-18,SKU-00479,DC-18-Z04-B076,181,181,181,18,AVAILABLE,19
DC-18,SKU-00943,DC-18-Z01-B016,177,176,176,13,AVAILABLE,84
