order_id,sku,order_quantity,warehouse_id,priority,created_at,carrier_cutoff,oms_status,wms_status,customer_region,service_level
ORD-000001,SKU-00697,1,DC-17,EXPEDITE,2026-08-16T04:23:00,2026-08-17T04:23:00,PICKING,PICKING,LATAM,STANDARD
ORD-000002,SKU-01015,1,DC-13,CRITICAL,2026-08-07T21:31:00,2026-08-08T01:31:00,RELEASED,RELEASED,MEA,STANDARD
ORD-000003,SKU-00606,1,DC-10,EXPEDITE,2026-08-04T08:09:00,2026-08-04T12:09:00,PACKING,EXCEPTION,LATAM,STANDARD
ORD-000004,SKU-01055,1,DC-16,CRITICAL,2026-09-02T20:16:00,2026-09-03T20:16:00,STAGED,EXCEPTION,APAC,SAME_DAY
ORD-000005,SKU-00603,1,DC-02,STANDARD,2026-08-01T18:29:00,2026-08-02T18:29:00,EXCEPTION,EXCEPTION,MEA,SAME_DAY
ORD-000006,SKU-00410,1,DC-12,CRITICAL,2026-08-22T21:44:00,2026-08-23T03:44:00,STAGED,EXCEPTION,EU,NEXT_DAY
ORD-000007,SKU-00984,1,DC-09,STANDARD,2026-08-10T09:27:00,2026-08-10T21:27:00,RELEASED,RELEASED,MEA,NEXT_DAY
ORD-000008,SKU-00221,1,DC-09,STANDARD,2026-08-08T04:59:00,2026-08-08T12:59:00,SHIPPED,SHIPPED,MEA,SAME_DAY
ORD-000009,SKU-01108,1,DC-13,EXPEDITE,2026-08-21T06:41:00,2026-08-22T06:41:00,PICKING,PICKING,MEA,STANDARD
ORD-000010,SKU-00219,1,DC-13,STANDARD,2026-09-01T09:57:00,2026-09-01T17:57:00,SHIPPED,EXCEPTION,MEA,STANDARD
ORD-000011,SKU-00785,1,DC-14,STANDARD,2026-08-10T20:26:00,2026-08-11T20:26:00,STAGED,STAGED,MEA,NEXT_DAY
ORD-000012,SKU-00877,1,DC-10,STANDARD,2026-08-13T18:15:00,2026-08-14T06:15:00,SHIPPED,SHIPPED,,STANDARD
ORD-000013,SKU-00574,1,DC-18,STANDARD,2026-08-06T09:44:00,2026-08-06T15:44:00,PICKING,HOLD,APAC,NEXT_DAY
ORD-000014,SKU-00194,1,DC-05,STANDARD,2026-08-26T09:03:00,2026-08-26T15:03:00,STAGED,STAGED,EU,NEXT_DAY
ORD-000015,SKU-00726,1,DC-10,STANDARD,2026-08-29T09:17:00,2026-08-30T09:17:00,PICKING,PICKING,APAC,SAME_DAY
ORD-000016,SKU-00570,1,DC-09,STANDARD,2026-08-03T13:53:00,2026-08-04T13:53:00,PICKING,PICKING,,NEXT_DAY
ORD-000017,SKU-01165,1,DC-09,STANDARD,2026-08-09T23:22:00,2026-08-10T11:22:00,RELEASED,RELEASED,,SAME_DAY
ORD-000018,SKU-01061,1,DC-04,STANDARD,2026-08-04T13:44:00,2026-08-04T19:44:00,SHIPPED,SHIPPED,MEA,NEXT_DAY
ORD-000019,SKU-01036,1,DC-01,STANDARD,2026-08-27T11:51:00,2026-08-27T15:51:00,PICKING,PICKING,MEA,SAME_DAY
ORD-000020,SKU-00322,1,DC-14,STANDARD,2026-08-20T17:49:00,2026-08-21T17:49:00,EXCEPTION,EXCEPTION,EU,STANDARD
ORD-000021,SKU-00474,1,DC-05,CRITICAL,2026-08-25T02:20:00,2026-08-26T02:20:00,RELEASED,HOLD,LATAM,SAME_DAY
ORD-000022,SKU-01154,1,DC-09,CRITICAL,2026-08-11T11:31:00,2026-08-11T19:31:00,STAGED,HOLD,,SAME_DAY
ORD-000023,SKU-00039,1,DC-16,STANDARD,2026-09-01T05:49:00,2026-09-01T13:49:00,STAGED,HOLD,APAC,SAME_DAY
ORD-000024,SKU-00678,1,DC-10,STANDARD,2026-08-10T23:53:00,2026-08-11T05:53:00,SHIPPED,SHIPPED,MEA,STANDARD
ORD-000025,SKU-00838,1,DC-15,CRITICAL,2026-08-23T17:30:00,2026-08-24T01:30:00,PACKING,PACKING,MEA,SAME_DAY
ORD-000026,SKU-00079,1,DC-09,EXPEDITE,2026-08-24T21:00:00,2026-08-25T21:00:00,PACKING,HOLD,APAC,SAME_DAY
ORD-000027,SKU-00254,1,DC-18,STANDARD,2026-08-01T07:44:00,2026-08-01T11:44:00,RELEASED,RELEASED,EU,NEXT_DAY
ORD-000028,SKU-00315,1,DC-13,STANDARD,2026-08-02T08:32:00,2026-08-02T16:32:00,PACKING,HOLD,LATAM,NEXT_DAY
ORD-000029,SKU-00579,1,DC-04,STANDARD,2026-08-20T19:47:00,2026-08-21T07:47:00,STAGED,STAGED,EU,NEXT_DAY
ORD-000030,SKU-00236,1,DC-09,STANDARD,2026-09-01T15:47:00,2026-09-01T23:47:00,EXCEPTION,HOLD,LATAM,NEXT_DAY
ORD-000031,SKU-00866,1,DC-09,STANDARD,2026-08-06T10:53:00,2026-08-06T18:53:00,PACKING,EXCEPTION,EU,SAME_DAY
ORD-000032,SKU-00501,1,DC-04,STANDARD,2026-08-25T12:51:00,2026-08-25T18:51:00,EXCEPTION,EXCEPTION,LATAM,NEXT_DAY
ORD-000033,SKU-00753,1,DC-12,STANDARD,2026-08-06T06:05:00,2026-08-06T12:05:00,SHIPPED,SHIPPED,EU,NEXT_DAY
ORD-000034,SKU-00169,1,DC-07,STANDARD,2026-08-11T03:53:00,2026-08-12T03:53:00,RELEASED,RELEASED,MEA,SAME_DAY
ORD-000035,SKU-00029,1,DC-11,EXPEDITE,2026-08-27T13:44:00,2026-08-28T01:44:00,STAGED,STAGED,APAC,NEXT_DAY
ORD-000036,SKU-00125,1,DC-08,STANDARD,2026-08-12T16:34:00,2026-08-13T16:34:00,PACKING,PACKING,,NEXT_DAY
ORD-000037,SKU-00247,1,DC-17,STANDARD,2026-08-27T19:56:00,2026-08-27T23:56:00,RELEASED,HOLD,APAC,STANDARD
ORD-000038,SKU-00808,1,DC-13,STANDARD,2026-09-04T00:41:00,2026-09-04T06:41:00,ALLOCATED,ALLOCATED,,NEXT_DAY
ORD-000039,SKU-00900,1,DC-14,STANDARD,2026-08-10T22:02:00,2026-08-11T10:02:00,STAGED,HOLD,MEA,NEXT_DAY
ORD-000040,SKU-00467,1,DC-04,STANDARD,2026-08-22T05:25:00,2026-08-22T09:25:00,PACKING,PACKING,LATAM,SAME_DAY
ORD-000041,SKU-00443,1,DC-01,EXPEDITE,2026-08-29T07:46:00,2026-08-29T15:46:00,SHIPPED,SHIPPED,MEA,STANDARD
ORD-000042,SKU-00424,1,DC-11,STANDARD,2026-08-15T03:00:00,2026-08-15T09:00:00,RELEASED,EXCEPTION,APAC,STANDARD
ORD-000043,SKU-00336,1,DC-09,STANDARD,2026-09-05T05:55:00,2026-09-05T09:55:00,RELEASED,EXCEPTION,APAC,NEXT_DAY
ORD-000044,SKU-00369,1,DC-03,STANDARD,2026-09-02T22:47:00,2026-09-03T22:47:00,ALLOCATED,EXCEPTION,,STANDARD
ORD-000045,SKU-01105,1,DC-01,STANDARD,2026-08-12T03:46:00,2026-08-12T09:46:00,EXCEPTION,EXCEPTION,MEA,STANDARD
ORD-000046,SKU-00118,1,DC-09,EXPEDITE,2026-08-11T22:02:00,2026-08-12T02:02:00,ALLOCATED,ALLOCATED,APAC,NEXT_DAY
ORD-000047,SKU-00226,1,DC-12,STANDARD,2026-09-04T15:08:00,2026-09-04T19:08:00,STAGED,HOLD,EU,STANDARD
ORD-000048,SKU-00491,1,DC-06,STANDARD,2026-08-12T08:56:00,2026-08-12T20:56:00,SHIPPED,HOLD,EU,NEXT_DAY
ORD-000049,SKU-00885,1,DC-07,STANDARD,2026-08-04T16:56:00,2026-08-05T00:56:00,PICKING,HOLD,EU,STANDARD
ORD-000050,SKU-01177,1,DC-15,STANDARD,2026-08-16T22:56:00,2026-08-17T06:56:00,RELEASED,EXCEPTION,,SAME_DAY
ORD-000051,SKU-00863,1,DC-02,STANDARD,2026-08-19T10:50:00,2026-08-19T22:50:00,ALLOCATED,EXCEPTION,APAC,STANDARD
ORD-000052,SKU-00626,1,DC-13,STANDARD,2026-08-08T19:32:00,2026-08-09T07:32:00,RELEASED,RELEASED,EU,STANDARD
ORD-000053,SKU-00197,1,DC-06,STANDARD,2026-08-07T15:46:00,2026-08-07T19:46:00,ALLOCATED,ALLOCATED,,STANDARD
ORD-000054,SKU-00923,1,DC-05,STANDARD,2026-08-11T13:44:00,2026-08-11T17:44:00,SHIPPED,SHIPPED,,NEXT_DAY
ORD-000055,SKU-00639,1,DC-02,STANDARD,2026-08-01T19:00:00,2026-08-01T23:00:00,PACKING,PACKING,APAC,STANDARD
ORD-000056,SKU-00673,1,DC-02,STANDARD,2026-08-09T08:01:00,2026-08-09T14:01:00,PACKING,EXCEPTION,LATAM,SAME_DAY
ORD-000057,SKU-00736,1,DC-13,STANDARD,2026-08-27T08:41:00,2026-08-27T16:41:00,STAGED,STAGED,LATAM,STANDARD
ORD-000058,SKU-01015,1,DC-16,EXPEDITE,2026-08-09T06:09:00,2026-08-09T14:09:00,EXCEPTION,HOLD,EU,NEXT_DAY
ORD-000059,SKU-00258,1,DC-14,STANDARD,2026-08-05T03:20:00,2026-08-05T15:20:00,SHIPPED,HOLD,MEA,STANDARD
ORD-000060,SKU-00929,1,DC-04,EXPEDITE,2026-09-01T00:10:00,2026-09-01T04:10:00,STAGED,STAGED,,SAME_DAY
ORD-000061,SKU-00234,1,DC-10,STANDARD,2026-08-26T05:51:00,2026-08-26T13:51:00,PACKING,EXCEPTION,EU,STANDARD
ORD-000062,SKU-00818,1,DC-01,STANDARD,2026-08-23T02:07:00,2026-08-24T02:07:00,RELEASED,RELEASED,LATAM,NEXT_DAY
ORD-000063,SKU-00764,1,DC-01,STANDARD,2026-08-27T22:54:00,2026-08-28T22:54:00,RELEASED,RELEASED,APAC,SAME_DAY
ORD-000064,SKU-00570,1,DC-02,STANDARD,2026-08-23T16:04:00,2026-08-24T00:04:00,PICKING,EXCEPTION,EU,SAME_DAY
ORD-000065,SKU-00470,1,DC-13,STANDARD,2026-08-29T19:41:00,2026-08-30T07:41:00,EXCEPTION,EXCEPTION,,SAME_DAY
ORD-000066,SKU-00106,1,DC-08,STANDARD,2026-08-07T03:37:00,2026-08-07T15:37:00,PICKING,PICKING,APAC,SAME_DAY
ORD-000067,SKU-00431,1,DC-16,CRITICAL,2026-08-10T05:03:00,2026-08-10T13:03:00,PACKING,EXCEPTION,LATAM,NEXT_DAY
ORD-000068,SKU-00254,1,DC-06,STANDARD,2026-08-05T17:42:00,2026-08-06T17:42:00,STAGED,STAGED,,NEXT_DAY
ORD-000069,SKU-00921,1,DC-15,STANDARD,2026-08-17T00:29:00,2026-08-17T08:29:00,STAGED,EXCEPTION,MEA,NEXT_DAY
ORD-000070,SKU-00502,1,DC-02,STANDARD,2026-08-08T07:32:00,2026-08-08T15:32:00,SHIPPED,EXCEPTION,,SAME_DAY
ORD-000071,SKU-00936,1,DC-12,CRITICAL,2026-08-11T21:58:00,2026-08-12T05:58:00,RELEASED,EXCEPTION,APAC,SAME_DAY
ORD-000072,SKU-00367,1,DC-09,EXPEDITE,2026-08-12T19:18:00,2026-08-12T23:18:00,STAGED,STAGED,,STANDARD
ORD-000073,SKU-00685,1,DC-16,CRITICAL,2026-08-25T19:01:00,2026-08-26T19:01:00,RELEASED,RELEASED,LATAM,SAME_DAY
ORD-000074,SKU-00599,1,DC-03,STANDARD,2026-08-23T11:09:00,2026-08-23T19:09:00,RELEASED,HOLD,LATAM,SAME_DAY
ORD-000075,SKU-00584,1,DC-04,EXPEDITE,2026-08-08T21:31:00,2026-08-09T03:31:00,EXCEPTION,HOLD,,SAME_DAY
ORD-000076,SKU-01032,1,DC-09,EXPEDITE,2026-09-04T20:04:00,2026-09-05T20:04:00,EXCEPTION,EXCEPTION,EU,STANDARD
ORD-000077,SKU-00521,1,DC-17,STANDARD,2026-08-29T07:32:00,2026-08-29T19:32:00,SHIPPED,SHIPPED,MEA,SAME_DAY
ORD-000078,SKU-00726,1,DC-12,STANDARD,2026-08-31T11:59:00,2026-08-31T17:59:00,ALLOCATED,ALLOCATED,APAC,NEXT_DAY
ORD-000079,SKU-01153,1,DC-08,STANDARD,2026-08-01T20:33:00,2026-08-02T20:33:00,STAGED,STAGED,,NEXT_DAY
ORD-000080,SKU-00136,1,DC-09,STANDARD,2026-08-03T02:15:00,2026-08-03T08:15:00,PICKING,PICKING,EU,SAME_DAY
ORD-000081,SKU-00329,1,DC-17,CRITICAL,2026-08-16T10:54:00,2026-08-17T10:54:00,EXCEPTION,EXCEPTION,EU,STANDARD
ORD-000082,SKU-00772,1,DC-17,STANDARD,2026-08-21T19:11:00,2026-08-22T07:11:00,ALLOCATED,ALLOCATED,APAC,SAME_DAY
ORD-000083,SKU-00902,1,DC-17,STANDARD,2026-08-11T10:46:00,2026-08-11T14:46:00,RELEASED,RELEASED,APAC,SAME_DAY
ORD-000084,SKU-01096,1,DC-16,STANDARD,2026-08-24T16:27:00,2026-08-25T16:27:00,SHIPPED,HOLD,,SAME_DAY
ORD-000085,SKU-00995,1,DC-15,STANDARD,2026-08-14T23:00:00,2026-08-15T05:00:00,PICKING,PICKING,LATAM,STANDARD
ORD-000086,SKU-00720,1,DC-10,STANDARD,2026-08-20T03:37:00,2026-08-20T09:37:00,ALLOCATED,ALLOCATED,,NEXT_DAY
ORD-000087,SKU-00577,1,DC-06,STANDARD,2026-08-01T06:39:00,2026-08-01T14:39:00,RELEASED,EXCEPTION,EU,NEXT_DAY
ORD-000088,SKU-00476,1,DC-17,STANDARD,2026-08-11T10:41:00,2026-08-11T14:41:00,STAGED,EXCEPTION,EU,SAME_DAY
ORD-000089,SKU-01104,1,DC-08,EXPEDITE,2026-08-27T12:23:00,2026-08-27T18:23:00,STAGED,EXCEPTION,APAC,NEXT_DAY
ORD-000090,SKU-00034,1,DC-13,STANDARD,2026-09-02T19:14:00,2026-09-03T07:14:00,EXCEPTION,EXCEPTION,,NEXT_DAY
ORD-000091,SKU-00829,1,DC-03,CRITICAL,2026-08-04T08:32:00,2026-08-04T16:32:00,EXCEPTION,EXCEPTION,,SAME_DAY
ORD-000092,SKU-00505,1,DC-07,STANDARD,2026-08-13T16:04:00,2026-08-14T16:04:00,PACKING,PACKING,,SAME_DAY
ORD-000093,SKU-00463,1,DC-15,STANDARD,2026-08-06T15:47:00,2026-08-06T19:47:00,ALLOCATED,ALLOCATED,EU,STANDARD
ORD-000094,SKU-00227,1,DC-10,STANDARD,2026-08-29T16:50:00,2026-08-30T04:50:00,PICKING,EXCEPTION,,NEXT_DAY
ORD-000095,SKU-00704,1,DC-04,STANDARD,2026-08-02T15:31:00,2026-08-03T03:31:00,EXCEPTION,EXCEPTION,,STANDARD
ORD-000096,SKU-00058,1,DC-14,STANDARD,2026-08-08T20:39:00,2026-08-09T20:39:00,PACKING,HOLD,,NEXT_DAY
ORD-000097,SKU-00385,1,DC-10,CRITICAL,2026-08-30T10:27:00,2026-08-30T16:27:00,RELEASED,RELEASED,APAC,SAME_DAY
ORD-000098,SKU-00682,1,DC-09,STANDARD,2026-08-23T05:35:00,2026-08-23T17:35:00,STAGED,STAGED,,NEXT_DAY
ORD-000099,SKU-00198,1,DC-07,STANDARD,2026-08-28T01:36:00,2026-08-28T07:36:00,PICKING,PICKING,,STANDARD
ORD-000100,SKU-01019,1,DC-11,STANDARD,2026-08-01T08:41:00,2026-08-01T16:41:00,ALLOCATED,EXCEPTION,MEA,STANDARD
ORD-000101,SKU-01079,1,DC-14,STANDARD,2026-08-22T11:41:00,2026-08-22T15:41:00,RELEASED,EXCEPTION,,STANDARD
ORD-000102,SKU-00371,1,DC-06,STANDARD,2026-09-04T13:45:00,2026-09-05T13:45:00,RELEASED,EXCEPTION,APAC,STANDARD
ORD-000103,SKU-00076,1,DC-04,STANDARD,2026-08-27T11:01:00,2026-08-27T19:01:00,EXCEPTION,EXCEPTION,LATAM,NEXT_DAY
ORD-000104,SKU-00554,1,DC-04,EXPEDITE,2026-08-18T22:59:00,2026-08-19T06:59:00,ALLOCATED,ALLOCATED,EU,SAME_DAY
ORD-000105,SKU-00396,1,DC-15,STANDARD,2026-08-04T11:19:00,2026-08-04T17:19:00,RELEASED,RELEASED,APAC,SAME_DAY
ORD-000106,SKU-00700,1,DC-12,STANDARD,2026-08-10T23:43:00,2026-08-11T07:43:00,EXCEPTION,EXCEPTION,MEA,NEXT_DAY
ORD-000107,SKU-00222,1,DC-01,STANDARD,2026-08-18T08:45:00,2026-08-18T12:45:00,ALLOCATED,ALLOCATED,MEA,SAME_DAY
ORD-000108,SKU-00240,1,DC-02,STANDARD,2026-08-30T01:52:00,2026-08-30T13:52:00,STAGED,HOLD,APAC,SAME_DAY
ORD-000109,SKU-00440,1,DC-01,CRITICAL,2026-08-18T10:42:00,2026-08-18T14:42:00,PICKING,PICKING,EU,STANDARD
ORD-000110,SKU-00535,1,DC-02,STANDARD,2026-08-22T23:03:00,2026-08-23T11:03:00,ALLOCATED,ALLOCATED,EU,NEXT_DAY
ORD-000111,SKU-00432,1,DC-18,STANDARD,2026-08-10T02:20:00,2026-08-10T14:20:00,STAGED,HOLD,APAC,STANDARD
ORD-000112,SKU-00505,1,DC-14,STANDARD,2026-08-25T00:07:00,2026-08-25T04:07:00,STAGED,EXCEPTION,MEA,STANDARD
ORD-000113,SKU-00201,1,DC-18,EXPEDITE,2026-08-20T11:23:00,2026-08-20T15:23:00,RELEASED,RELEASED,APAC,NEXT_DAY
ORD-000114,SKU-00963,1,DC-09,STANDARD,2026-08-14T12:47:00,2026-08-15T00:47:00,ALLOCATED,HOLD,MEA,SAME_DAY
ORD-000115,SKU-01165,1,DC-14,STANDARD,2026-08-24T02:16:00,2026-08-24T10:16:00,PICKING,PICKING,,NEXT_DAY
ORD-000116,SKU-00430,1,DC-09,EXPEDITE,2026-09-01T19:36:00,2026-09-02T01:36:00,EXCEPTION,EXCEPTION,APAC,STANDARD
ORD-000117,SKU-00554,1,DC-12,STANDARD,2026-08-26T05:23:00,2026-08-26T11:23:00,PICKING,HOLD,APAC,NEXT_DAY
ORD-000118,SKU-00776,1,DC-16,STANDARD,2026-08-21T15:48:00,2026-08-22T03:48:00,STAGED,STAGED,EU,SAME_DAY
ORD-000119,SKU-01113,1,DC-17,EXPEDITE,2026-08-25T09:20:00,2026-08-26T09:20:00,PACKING,PACKING,,STANDARD
ORD-000120,SKU-00391,1,DC-01,STANDARD,2026-08-09T22:34:00,2026-08-10T22:34:00,SHIPPED,SHIPPED,APAC,STANDARD
ORD-000121,SKU-00325,1,DC-16,STANDARD,2026-08-17T16:24:00,2026-08-18T04:24:00,ALLOCATED,HOLD,APAC,NEXT_DAY
ORD-000122,SKU-00875,1,DC-18,CRITICAL,2026-08-20T05:51:00,2026-08-20T17:51:00,RELEASED,EXCEPTION,LATAM,NEXT_DAY
ORD-000123,SKU-00090,1,DC-18,CRITICAL,2026-09-04T07:24:00,2026-09-04T15:24:00,ALLOCATED,ALLOCATED,MEA,STANDARD
ORD-000124,SKU-00505,1,DC-14,STANDARD,2026-08-18T09:11:00,2026-08-18T17:11:00,RELEASED,RELEASED,MEA,STANDARD
ORD-000125,SKU-00092,1,DC-01,STANDARD,2026-09-04T19:37:00,2026-09-04T23:37:00,ALLOCATED,ALLOCATED,APAC,STANDARD
ORD-000126,SKU-00029,1,DC-03,CRITICAL,2026-08-09T20:44:00,2026-08-10T02:44:00,RELEASED,RELEASED,LATAM,NEXT_DAY
ORD-000127,SKU-01153,1,DC-12,STANDARD,2026-08-21T22:41:00,2026-08-22T06:41:00,RELEASED,RELEASED,MEA,NEXT_DAY
ORD-000128,SKU-00511,1,DC-12,EXPEDITE,2026-08-18T10:27:00,2026-08-18T14:27:00,PICKING,PICKING,LATAM,SAME_DAY
ORD-000129,SKU-00546,1,DC-18,STANDARD,2026-08-18T21:09:00,2026-08-19T09:09:00,EXCEPTION,EXCEPTION,,STANDARD
ORD-000130,SKU-00126,1,DC-01,STANDARD,2026-08-03T12:38:00,2026-08-04T12:38:00,STAGED,EXCEPTION,EU,SAME_DAY
ORD-000131,SKU-00612,1,DC-09,STANDARD,2026-08-08T09:31:00,2026-08-08T17:31:00,PACKING,PACKING,APAC,SAME_DAY
ORD-000132,SKU-00570,1,DC-02,STANDARD,2026-08-23T03:17:00,2026-08-24T03:17:00,ALLOCATED,ALLOCATED,,NEXT_DAY
ORD-000133,SKU-00438,1,DC-03,STANDARD,2026-08-22T21:59:00,2026-08-23T03:59:00,SHIPPED,EXCEPTION,LATAM,STANDARD
ORD-000134,SKU-00603,1,DC-11,STANDARD,2026-08-07T06:51:00,2026-08-07T14:51:00,SHIPPED,SHIPPED,LATAM,NEXT_DAY
ORD-000135,SKU-00310,1,DC-10,STANDARD,2026-08-09T04:15:00,2026-08-09T10:15:00,ALLOCATED,HOLD,APAC,SAME_DAY
ORD-000136,SKU-00609,1,DC-06,EXPEDITE,2026-08-31T19:13:00,2026-09-01T19:13:00,STAGED,HOLD,MEA,SAME_DAY
ORD-000137,SKU-00459,1,DC-13,STANDARD,2026-08-11T20:20:00,2026-08-12T08:20:00,STAGED,STAGED,LATAM,STANDARD
ORD-000138,SKU-00446,1,DC-18,STANDARD,2026-09-04T01:32:00,2026-09-04T09:32:00,RELEASED,HOLD,MEA,NEXT_DAY
ORD-000139,SKU-00291,1,DC-05,STANDARD,2026-08-04T18:52:00,2026-08-05T18:52:00,PACKING,PACKING,LATAM,STANDARD
ORD-000140,SKU-01154,1,DC-02,STANDARD,2026-09-02T05:41:00,2026-09-02T09:41:00,ALLOCATED,HOLD,EU,STANDARD
ORD-000141,SKU-00467,1,DC-15,EXPEDITE,2026-08-03T11:12:00,2026-08-03T17:12:00,PACKING,HOLD,APAC,NEXT_DAY
ORD-000142,SKU-00298,1,DC-10,STANDARD,2026-08-10T10:18:00,2026-08-10T18:18:00,SHIPPED,HOLD,LATAM,STANDARD
ORD-000143,SKU-00579,1,DC-16,STANDARD,2026-08-15T00:26:00,2026-08-15T12:26:00,STAGED,HOLD,,STANDARD
ORD-000144,SKU-00878,1,DC-03,CRITICAL,2026-08-17T00:22:00,2026-08-17T06:22:00,SHIPPED,SHIPPED,APAC,SAME_DAY
ORD-000145,SKU-00726,1,DC-01,STANDARD,2026-08-15T05:10:00,2026-08-15T09:10:00,RELEASED,RELEASED,MEA,SAME_DAY
ORD-000146,SKU-00923,1,DC-11,STANDARD,2026-08-19T01:57:00,2026-08-19T13:57:00,PACKING,PACKING,EU,SAME_DAY
ORD-000147,SKU-00910,1,DC-16,STANDARD,2026-08-23T07:38:00,2026-08-23T11:38:00,SHIPPED,SHIPPED,MEA,SAME_DAY
ORD-000148,SKU-00279,1,DC-02,CRITICAL,2026-08-30T06:49:00,2026-08-30T12:49:00,EXCEPTION,EXCEPTION,LATAM,STANDARD
ORD-000149,SKU-00178,1,DC-07,STANDARD,2026-08-22T15:42:00,2026-08-23T03:42:00,SHIPPED,EXCEPTION,EU,STANDARD
ORD-000150,SKU-00082,1,DC-15,EXPEDITE,2026-08-19T04:35:00,2026-08-19T10:35:00,STAGED,EXCEPTION,MEA,SAME_DAY
ORD-000151,SKU-00890,1,DC-01,STANDARD,2026-08-16T20:53:00,2026-08-17T00:53:00,STAGED,STAGED,LATAM,SAME_DAY
ORD-000152,SKU-00310,1,DC-10,STANDARD,2026-08-17T10:25:00,2026-08-17T22:25:00,SHIPPED,SHIPPED,MEA,NEXT_DAY
ORD-000153,SKU-01015,1,DC-02,STANDARD,2026-08-25T16:32:00,2026-08-26T00:32:00,RELEASED,HOLD,MEA,STANDARD
ORD-000154,SKU-00417,1,DC-08,STANDARD,2026-08-13T08:22:00,2026-08-13T12:22:00,ALLOCATED,ALLOCATED,APAC,SAME_DAY
ORD-000155,SKU-00660,1,DC-16,CRITICAL,2026-08-27T10:14:00,2026-08-27T14:14:00,ALLOCATED,ALLOCATED,EU,STANDARD
ORD-000156,SKU-00891,1,DC-03,STANDARD,2026-08-23T09:55:00,2026-08-23T17:55:00,STAGED,STAGED,EU,NEXT_DAY
ORD-000157,SKU-01189,1,DC-10,STANDARD,2026-08-06T21:41:00,2026-08-07T05:41:00,RELEASED,RELEASED,MEA,NEXT_DAY
ORD-000158,SKU-00912,1,DC-03,EXPEDITE,2026-08-02T07:31:00,2026-08-03T07:31:00,SHIPPED,HOLD,,SAME_DAY
ORD-000159,SKU-00643,1,DC-13,STANDARD,2026-08-03T15:26:00,2026-08-04T03:26:00,ALLOCATED,EXCEPTION,APAC,NEXT_DAY
ORD-000160,SKU-00430,1,DC-04,STANDARD,2026-08-02T23:14:00,2026-08-03T03:14:00,EXCEPTION,EXCEPTION,LATAM,SAME_DAY
ORD-000161,SKU-00331,1,DC-01,STANDARD,2026-08-14T23:31:00,2026-08-15T03:31:00,EXCEPTION,EXCEPTION,APAC,SAME_DAY
ORD-000162,SKU-00202,1,DC-12,STANDARD,2026-08-15T23:09:00,2026-08-16T23:09:00,EXCEPTION,EXCEPTION,EU,SAME_DAY
ORD-000163,SKU-00102,1,DC-03,STANDARD,2026-08-21T02:11:00,2026-08-21T06:11:00,PACKING,PACKING,,STANDARD
ORD-000164,SKU-00925,1,DC-18,EXPEDITE,2026-08-27T21:58:00,2026-08-28T21:58:00,SHIPPED,EXCEPTION,,NEXT_DAY
ORD-000165,SKU-00571,1,DC-15,EXPEDITE,2026-08-26T19:08:00,2026-08-27T19:08:00,RELEASED,EXCEPTION,MEA,NEXT_DAY
ORD-000166,SKU-00928,1,DC-05,EXPEDITE,2026-08-07T02:10:00,2026-08-08T02:10:00,EXCEPTION,EXCEPTION,LATAM,NEXT_DAY
ORD-000167,SKU-00798,1,DC-17,STANDARD,2026-09-03T17:27:00,2026-09-04T01:27:00,ALLOCATED,ALLOCATED,EU,NEXT_DAY
ORD-000168,SKU-00673,1,DC-15,STANDARD,2026-09-01T06:56:00,2026-09-02T06:56:00,PACKING,HOLD,,NEXT_DAY
ORD-000169,SKU-00623,1,DC-13,EXPEDITE,2026-08-05T07:18:00,2026-08-05T19:18:00,PACKING,EXCEPTION,LATAM,SAME_DAY
ORD-000170,SKU-00578,1,DC-07,STANDARD,2026-08-20T14:52:00,2026-08-21T02:52:00,ALLOCATED,EXCEPTION,,STANDARD
ORD-000171,SKU-00623,1,DC-03,STANDARD,2026-08-01T10:36:00,2026-08-01T16:36:00,EXCEPTION,EXCEPTION,LATAM,STANDARD
ORD-000172,SKU-00223,1,DC-16,STANDARD,2026-08-06T15:54:00,2026-08-07T15:54:00,ALLOCATED,EXCEPTION,APAC,NEXT_DAY
ORD-000173,SKU-00185,1,DC-08,CRITICAL,2026-08-22T18:10:00,2026-08-23T00:10:00,SHIPPED,EXCEPTION,LATAM,NEXT_DAY
ORD-000174,SKU-00458,1,DC-12,EXPEDITE,2026-08-01T16:16:00,2026-08-01T22:16:00,SHIPPED,SHIPPED,MEA,NEXT_DAY
ORD-000175,SKU-00951,1,DC-17,STANDARD,2026-08-16T08:13:00,2026-08-17T08:13:00,PACKING,HOLD,EU,SAME_DAY
ORD-000176,SKU-00572,1,DC-17,STANDARD,2026-08-11T20:41:00,2026-08-12T20:41:00,STAGED,STAGED,,SAME_DAY
ORD-000177,SKU-00719,1,DC-03,STANDARD,2026-08-22T09:47:00,2026-08-22T21:47:00,RELEASED,RELEASED,APAC,SAME_DAY
ORD-000178,SKU-01162,1,DC-07,EXPEDITE,2026-08-06T22:27:00,2026-08-07T06:27:00,PICKING,EXCEPTION,LATAM,STANDARD
ORD-000179,SKU-00012,1,DC-03,EXPEDITE,2026-08-31T03:43:00,2026-08-31T15:43:00,STAGED,STAGED,,SAME_DAY
ORD-000180,SKU-00340,1,DC-09,STANDARD,2026-08-23T07:23:00,2026-08-23T11:23:00,STAGED,EXCEPTION,MEA,NEXT_DAY
ORD-000181,SKU-00971,1,DC-18,STANDARD,2026-09-04T07:05:00,2026-09-04T13:05:00,ALLOCATED,ALLOCATED,LATAM,SAME_DAY
ORD-000182,SKU-01173,1,DC-04,STANDARD,2026-08-26T19:18:00,2026-08-27T03:18:00,ALLOCATED,HOLD,LATAM,NEXT_DAY
ORD-000183,SKU-00219,1,DC-05,EXPEDITE,2026-08-20T06:48:00,2026-08-20T12:48:00,RELEASED,RELEASED,LATAM,NEXT_DAY
ORD-000184,SKU-00157,1,DC-07,STANDARD,2026-08-03T11:44:00,2026-08-04T11:44:00,PACKING,PACKING,LATAM,STANDARD
ORD-000185,SKU-00037,1,DC-16,EXPEDITE,2026-08-19T12:06:00,2026-08-19T20:06:00,STAGED,STAGED,EU,NEXT_DAY
ORD-000186,SKU-00048,1,DC-15,STANDARD,2026-08-26T10:01:00,2026-08-26T18:01:00,STAGED,HOLD,,SAME_DAY
ORD-000187,SKU-00987,1,DC-10,STANDARD,2026-08-11T23:45:00,2026-08-12T23:45:00,ALLOCATED,ALLOCATED,EU,SAME_DAY
ORD-000188,SKU-00314,1,DC-13,STANDARD,2026-08-15T02:34:00,2026-08-15T08:34:00,EXCEPTION,HOLD,APAC,STANDARD
ORD-000189,SKU-00503,1,DC-14,STANDARD,2026-08-06T09:28:00,2026-08-06T21:28:00,RELEASED,RELEASED,MEA,SAME_DAY
ORD-000190,SKU-00963,1,DC-03,STANDARD,2026-08-20T09:41:00,2026-08-20T17:41:00,STAGED,STAGED,,SAME_DAY
ORD-000191,SKU-00745,1,DC-02,STANDARD,2026-08-24T11:29:00,2026-08-25T11:29:00,PACKING,PACKING,APAC,NEXT_DAY
ORD-000192,SKU-00558,1,DC-18,EXPEDITE,2026-08-20T10:24:00,2026-08-21T10:24:00,PICKING,PICKING,,NEXT_DAY
ORD-000193,SKU-00081,1,DC-16,STANDARD,2026-08-20T09:44:00,2026-08-20T17:44:00,STAGED,EXCEPTION,LATAM,NEXT_DAY
ORD-000194,SKU-00276,1,DC-07,STANDARD,2026-09-01T04:07:00,2026-09-01T12:07:00,PACKING,PACKING,,STANDARD
ORD-000195,SKU-00617,1,DC-07,STANDARD,2026-08-06T21:17:00,2026-08-07T03:17:00,EXCEPTION,HOLD,APAC,SAME_DAY
ORD-000196,SKU-00258,1,DC-03,STANDARD,2026-08-23T03:48:00,2026-08-23T15:48:00,ALLOCATED,ALLOCATED,APAC,STANDARD
ORD-000197,SKU-00103,1,DC-02,EXPEDITE,2026-08-06T13:25:00,2026-08-06T17:25:00,ALLOCATED,ALLOCATED,,SAME_DAY
ORD-000198,SKU-00194,1,DC-06,STANDARD,2026-08-01T23:39:00,2026-08-02T11:39:00,EXCEPTION,HOLD,APAC,STANDARD
ORD-000199,SKU-00943,1,DC-14,EXPEDITE,2026-08-12T07:09:00,2026-08-12T15:09:00,RELEASED,HOLD,,SAME_DAY
ORD-000200,SKU-01111,1,DC-17,STANDARD,2026-08-03T17:06:00,2026-08-04T01:06:00,ALLOCATED,ALLOCATED,APAC,STANDARD
ORD-000201,SKU-00482,1,DC-16,STANDARD,2026-08-04T05:05:00,2026-08-05T05:05:00,PACKING,HOLD,APAC,STANDARD
ORD-000202,SKU-00923,1,DC-13,CRITICAL,2026-08-12T02:14:00,2026-08-12T10:14:00,SHIPPED,SHIPPED,MEA,SAME_DAY
ORD-000203,SKU-00937,1,DC-10,STANDARD,2026-08-26T04:12:00,2026-08-26T12:12:00,SHIPPED,SHIPPED,MEA,STANDARD
ORD-000204,SKU-00166,1,DC-15,STANDARD,2026-08-03T04:01:00,2026-08-03T10:01:00,PACKING,PACKING,,NEXT_DAY
ORD-000205,SKU-00503,1,DC-10,STANDARD,2026-08-24T10:26:00,2026-08-25T10:26:00,EXCEPTION,EXCEPTION,EU,STANDARD
ORD-000206,SKU-00665,1,DC-06,STANDARD,2026-08-03T14:46:00,2026-08-04T02:46:00,STAGED,STAGED,LATAM,STANDARD
ORD-000207,SKU-00043,1,DC-05,STANDARD,2026-08-07T02:41:00,2026-08-07T08:41:00,PICKING,PICKING,MEA,SAME_DAY
ORD-000208,SKU-00011,1,DC-08,STANDARD,2026-08-29T05:53:00,2026-08-29T17:53:00,RELEASED,RELEASED,,NEXT_DAY
ORD-000209,SKU-00055,1,DC-01,STANDARD,2026-08-12T08:55:00,2026-08-12T14:55:00,PACKING,HOLD,EU,SAME_DAY
ORD-000210,SKU-00894,1,DC-18,STANDARD,2026-08-27T12:14:00,2026-08-27T20:14:00,RELEASED,RELEASED,MEA,SAME_DAY
ORD-000211,SKU-00699,1,DC-06,CRITICAL,2026-08-06T09:21:00,2026-08-07T09:21:00,PACKING,PACKING,LATAM,SAME_DAY
ORD-000212,SKU-00965,1,DC-07,STANDARD,2026-08-02T20:49:00,2026-08-03T08:49:00,STAGED,HOLD,MEA,STANDARD
ORD-000213,SKU-00549,1,DC-09,EXPEDITE,2026-08-09T06:42:00,2026-08-10T06:42:00,EXCEPTION,EXCEPTION,EU,SAME_DAY
ORD-000214,SKU-00594,1,DC-01,EXPEDITE,2026-08-10T19:48:00,2026-08-11T19:48:00,PACKING,HOLD,LATAM,SAME_DAY
ORD-000215,SKU-00744,1,DC-06,STANDARD,2026-08-26T15:21:00,2026-08-27T03:21:00,STAGED,STAGED,,STANDARD
ORD-000216,SKU-00283,1,DC-09,EXPEDITE,2026-08-08T00:19:00,2026-08-08T06:19:00,SHIPPED,HOLD,,NEXT_DAY
ORD-000217,SKU-01080,1,DC-06,STANDARD,2026-08-24T09:47:00,2026-08-24T13:47:00,EXCEPTION,EXCEPTION,LATAM,NEXT_DAY
ORD-000218,SKU-00141,1,DC-10,STANDARD,2026-08-28T03:15:00,2026-08-29T03:15:00,SHIPPED,SHIPPED,APAC,SAME_DAY
ORD-000219,SKU-00276,1,DC-14,STANDARD,2026-08-24T06:03:00,2026-08-24T18:03:00,STAGED,EXCEPTION,APAC,STANDARD
ORD-000220,SKU-00896,1,DC-18,STANDARD,2026-09-02T01:29:00,2026-09-02T05:29:00,RELEASED,RELEASED,MEA,NEXT_DAY
ORD-000221,SKU-01069,1,DC-09,STANDARD,2026-08-28T20:52:00,2026-08-29T08:52:00,SHIPPED,HOLD,APAC,STANDARD
ORD-000222,SKU-00334,1,DC-07,CRITICAL,2026-08-20T02:07:00,2026-08-20T14:07:00,PACKING,PACKING,EU,NEXT_DAY
ORD-000223,SKU-00140,1,DC-11,CRITICAL,2026-09-04T20:31:00,2026-09-05T08:31:00,ALLOCATED,ALLOCATED,LATAM,NEXT_DAY
ORD-000224,SKU-00705,1,DC-05,STANDARD,2026-08-17T14:59:00,2026-08-18T02:59:00,RELEASED,RELEASED,EU,STANDARD
ORD-000225,SKU-00678,1,DC-10,STANDARD,2026-08-25T16:01:00,2026-08-25T22:01:00,SHIPPED,HOLD,APAC,SAME_DAY
ORD-000226,SKU-00140,1,DC-10,EXPEDITE,2026-08-26T00:24:00,2026-08-27T00:24:00,RELEASED,RELEASED,LATAM,SAME_DAY
ORD-000227,SKU-00922,1,DC-15,STANDARD,2026-08-27T08:18:00,2026-08-27T14:18:00,ALLOCATED,ALLOCATED,,STANDARD
ORD-000228,SKU-00411,1,DC-10,STANDARD,2026-08-15T11:49:00,2026-08-15T23:49:00,RELEASED,RELEASED,APAC,SAME_DAY
ORD-000229,SKU-00108,1,DC-11,CRITICAL,2026-08-07T23:12:00,2026-08-08T05:12:00,EXCEPTION,EXCEPTION,EU,NEXT_DAY
ORD-000230,SKU-00464,1,DC-14,STANDARD,2026-08-25T22:25:00,2026-08-26T06:25:00,EXCEPTION,EXCEPTION,APAC,SAME_DAY
ORD-000231,SKU-00863,1,DC-04,EXPEDITE,2026-08-24T23:12:00,2026-08-25T05:12:00,PICKING,HOLD,LATAM,STANDARD
ORD-000232,SKU-00001,1,DC-09,EXPEDITE,2026-09-04T09:32:00,2026-09-04T13:32:00,SHIPPED,SHIPPED,MEA,NEXT_DAY
ORD-000233,SKU-00778,1,DC-14,STANDARD,2026-08-17T10:28:00,2026-08-17T14:28:00,EXCEPTION,EXCEPTION,APAC,SAME_DAY
ORD-000234,SKU-00199,1,DC-03,STANDARD,2026-08-05T14:13:00,2026-08-05T20:13:00,STAGED,STAGED,MEA,STANDARD
ORD-000235,SKU-00957,1,DC-05,STANDARD,2026-09-03T05:45:00,2026-09-03T13:45:00,RELEASED,RELEASED,EU,NEXT_DAY
ORD-000236,SKU-00455,1,DC-03,STANDARD,2026-08-28T11:23:00,2026-08-28T17:23:00,ALLOCATED,HOLD,,STANDARD
ORD-000237,SKU-00846,1,DC-13,EXPEDITE,2026-08-20T03:10:00,2026-08-20T15:10:00,ALLOCATED,EXCEPTION,MEA,STANDARD
ORD-000238,SKU-00388,1,DC-14,EXPEDITE,2026-08-19T03:46:00,2026-08-19T09:46:00,EXCEPTION,HOLD,APAC,SAME_DAY
ORD-000239,SKU-00006,1,DC-17,STANDARD,2026-08-26T21:33:00,2026-08-27T09:33:00,STAGED,HOLD,LATAM,SAME_DAY
ORD-000240,SKU-00961,1,DC-06,EXPEDITE,2026-08-20T04:29:00,2026-08-20T12:29:00,STAGED,STAGED,MEA,STANDARD
ORD-000241,SKU-01118,1,DC-17,CRITICAL,2026-08-29T13:20:00,2026-08-30T13:20:00,PICKING,EXCEPTION,LATAM,STANDARD
ORD-000242,SKU-00829,1,DC-05,CRITICAL,2026-08-25T16:50:00,2026-08-26T04:50:00,ALLOCATED,EXCEPTION,LATAM,SAME_DAY
ORD-000243,SKU-00874,1,DC-17,STANDARD,2026-08-18T18:33:00,2026-08-19T00:33:00,STAGED,STAGED,LATAM,STANDARD
ORD-000244,SKU-01184,1,DC-10,STANDARD,2026-08-05T22:57:00,2026-08-06T22:57:00,EXCEPTION,EXCEPTION,LATAM,STANDARD
ORD-000245,SKU-01172,1,DC-01,STANDARD,2026-08-26T01:29:00,2026-08-26T09:29:00,SHIPPED,SHIPPED,EU,STANDARD
ORD-000246,SKU-00419,1,DC-04,STANDARD,2026-08-12T02:02:00,2026-08-13T02:02:00,RELEASED,HOLD,APAC,NEXT_DAY
ORD-000247,SKU-00708,1,DC-01,STANDARD,2026-08-18T17:04:00,2026-08-18T23:04:00,STAGED,STAGED,LATAM,STANDARD
ORD-000248,SKU-00222,1,DC-18,EXPEDITE,2026-08-23T02:19:00,2026-08-23T08:19:00,EXCEPTION,EXCEPTION,EU,SAME_DAY
ORD-000249,SKU-00979,1,DC-07,STANDARD,2026-08-27T04:25:00,2026-08-27T08:25:00,ALLOCATED,ALLOCATED,,SAME_DAY
ORD-000250,SKU-00272,1,DC-10,EXPEDITE,2026-08-09T22:47:00,2026-08-10T06:47:00,EXCEPTION,HOLD,MEA,NEXT_DAY
ORD-000251,SKU-00350,1,DC-04,CRITICAL,2026-08-25T20:44:00,2026-08-26T20:44:00,EXCEPTION,EXCEPTION,MEA,SAME_DAY
ORD-000252,SKU-01033,1,DC-06,STANDARD,2026-08-11T13:58:00,2026-08-12T13:58:00,EXCEPTION,EXCEPTION,MEA,NEXT_DAY
ORD-000253,SKU-00738,1,DC-06,EXPEDITE,2026-08-09T09:27:00,2026-08-10T09:27:00,ALLOCATED,ALLOCATED,LATAM,NEXT_DAY
ORD-000254,SKU-00122,1,DC-07,STANDARD,2026-09-02T16:10:00,2026-09-03T00:10:00,PICKING,PICKING,APAC,SAME_DAY
ORD-000255,SKU-00192,1,DC-11,STANDARD,2026-08-19T23:51:00,2026-08-20T03:51:00,SHIPPED,SHIPPED,EU,NEXT_DAY
ORD-000256,SKU-00069,1,DC-08,EXPEDITE,2026-08-11T09:36:00,2026-08-11T13:36:00,ALLOCATED,ALLOCATED,APAC,NEXT_DAY
ORD-000257,SKU-00787,1,DC-14,STANDARD,2026-08-21T14:26:00,2026-08-22T14:26:00,SHIPPED,EXCEPTION,EU,SAME_DAY
ORD-000258,SKU-00297,1,DC-03,EXPEDITE,2026-08-02T04:23:00,2026-08-02T10:23:00,SHIPPED,HOLD,MEA,NEXT_DAY
ORD-000259,SKU-00078,1,DC-14,EXPEDITE,2026-08-17T23:01:00,2026-08-18T05:01:00,PACKING,EXCEPTION,APAC,SAME_DAY
ORD-000260,SKU-00976,1,DC-14,STANDARD,2026-08-08T05:48:00,2026-08-08T13:48:00,SHIPPED,EXCEPTION,,STANDARD
ORD-000261,SKU-00284,1,DC-09,STANDARD,2026-08-13T08:06:00,2026-08-13T20:06:00,EXCEPTION,EXCEPTION,,SAME_DAY
ORD-000262,SKU-00973,1,DC-09,STANDARD,2026-08-21T08:15:00,2026-08-21T14:15:00,PACKING,PACKING,EU,SAME_DAY
ORD-000263,SKU-00477,1,DC-04,STANDARD,2026-08-11T14:38:00,2026-08-11T18:38:00,PACKING,PACKING,APAC,NEXT_DAY
ORD-000264,SKU-00396,1,DC-06,STANDARD,2026-08-16T09:41:00,2026-08-17T09:41:00,ALLOCATED,ALLOCATED,MEA,SAME_DAY
ORD-000265,SKU-00101,1,DC-15,STANDARD,2026-08-31T05:35:00,2026-08-31T17:35:00,EXCEPTION,HOLD,MEA,STANDARD
ORD-000266,SKU-00031,1,DC-12,STANDARD,2026-08-18T00:25:00,2026-08-18T12:25:00,PACKING,PACKING,,STANDARD
ORD-000267,SKU-00306,1,DC-16,STANDARD,2026-08-25T10:28:00,2026-08-25T14:28:00,ALLOCATED,HOLD,MEA,STANDARD
ORD-000268,SKU-00853,1,DC-02,STANDARD,2026-08-26T04:22:00,2026-08-26T16:22:00,PACKING,HOLD,APAC,SAME_DAY
ORD-000269,SKU-00104,1,DC-15,STANDARD,2026-08-26T02:55:00,2026-08-26T10:55:00,RELEASED,EXCEPTION,APAC,NEXT_DAY
ORD-000270,SKU-01016,1,DC-03,STANDARD,2026-08-10T14:44:00,2026-08-11T02:44:00,PACKING,PACKING,APAC,SAME_DAY
ORD-000271,SKU-00199,1,DC-15,CRITICAL,2026-09-03T18:23:00,2026-09-03T22:23:00,STAGED,EXCEPTION,LATAM,STANDARD
ORD-000272,SKU-00831,1,DC-03,EXPEDITE,2026-08-30T17:07:00,2026-08-30T23:07:00,SHIPPED,SHIPPED,EU,NEXT_DAY
ORD-000273,SKU-00816,1,DC-13,STANDARD,2026-08-13T09:40:00,2026-08-14T09:40:00,PACKING,PACKING,LATAM,SAME_DAY
ORD-000274,SKU-00911,1,DC-10,STANDARD,2026-09-01T12:52:00,2026-09-01T20:52:00,ALLOCATED,ALLOCATED,EU,SAME_DAY
ORD-000275,SKU-00773,1,DC-04,EXPEDITE,2026-08-16T00:53:00,2026-08-16T06:53:00,PACKING,EXCEPTION,,SAME_DAY
ORD-000276,SKU-00704,1,DC-13,STANDARD,2026-08-02T03:21:00,2026-08-02T15:21:00,STAGED,STAGED,,SAME_DAY
ORD-000277,SKU-01143,1,DC-05,CRITICAL,2026-08-31T08:46:00,2026-08-31T20:46:00,ALLOCATED,EXCEPTION,LATAM,STANDARD
ORD-000278,SKU-00193,1,DC-17,STANDARD,2026-08-14T02:54:00,2026-08-14T10:54:00,SHIPPED,HOLD,APAC,NEXT_DAY
ORD-000279,SKU-00808,1,DC-03,STANDARD,2026-09-01T05:46:00,2026-09-01T13:46:00,SHIPPED,HOLD,EU,SAME_DAY
ORD-000280,SKU-00902,1,DC-05,STANDARD,2026-09-01T06:56:00,2026-09-01T18:56:00,STAGED,EXCEPTION,APAC,STANDARD
ORD-000281,SKU-00824,1,DC-02,STANDARD,2026-08-11T15:01:00,2026-08-11T19:01:00,RELEASED,EXCEPTION,,SAME_DAY
ORD-000282,SKU-00222,1,DC-09,STANDARD,2026-08-20T15:33:00,2026-08-21T03:33:00,RELEASED,EXCEPTION,LATAM,STANDARD
ORD-000283,SKU-01114,1,DC-11,EXPEDITE,2026-08-10T18:50:00,2026-08-10T22:50:00,PACKING,PACKING,MEA,STANDARD
ORD-000284,SKU-00520,1,DC-08,STANDARD,2026-08-21T04:34:00,2026-08-21T10:34:00,PACKING,PACKING,LATAM,SAME_DAY
ORD-000285,SKU-00933,1,DC-10,STANDARD,2026-08-03T09:23:00,2026-08-03T17:23:00,SHIPPED,SHIPPED,APAC,SAME_DAY
ORD-000286,SKU-00008,1,DC-11,EXPEDITE,2026-08-07T04:23:00,2026-08-07T12:23:00,PICKING,HOLD,APAC,NEXT_DAY
ORD-000287,SKU-00105,1,DC-07,STANDARD,2026-08-04T16:38:00,2026-08-05T00:38:00,STAGED,HOLD,,SAME_DAY
ORD-000288,SKU-00821,1,DC-06,STANDARD,2026-08-07T21:33:00,2026-08-08T09:33:00,ALLOCATED,ALLOCATED,LATAM,STANDARD
ORD-000289,SKU-00656,1,DC-17,STANDARD,2026-08-06T20:47:00,2026-08-07T02:47:00,SHIPPED,SHIPPED,APAC,STANDARD
ORD-000290,SKU-00039,1,DC-11,EXPEDITE,2026-08-10T20:39:00,2026-08-11T08:39:00,STAGED,EXCEPTION,APAC,NEXT_DAY
ORD-000291,SKU-00348,1,DC-17,EXPEDITE,2026-08-17T03:39:00,2026-08-17T07:39:00,RELEASED,EXCEPTION,MEA,SAME_DAY
ORD-000292,SKU-00669,1,DC-10,STANDARD,2026-08-12T04:01:00,2026-08-13T04:01:00,PACKING,HOLD,EU,SAME_DAY
ORD-000293,SKU-00974,1,DC-05,CRITICAL,2026-08-06T17:56:00,2026-08-07T01:56:00,RELEASED,RELEASED,MEA,SAME_DAY
ORD-000294,SKU-00838,1,DC-15,STANDARD,2026-08-04T17:18:00,2026-08-05T05:18:00,ALLOCATED,ALLOCATED,APAC,STANDARD
ORD-000295,SKU-00011,1,DC-10,STANDARD,2026-08-17T21:17:00,2026-08-18T21:17:00,EXCEPTION,EXCEPTION,APAC,NEXT_DAY
ORD-000296,SKU-00779,1,DC-06,STANDARD,2026-08-18T09:39:00,2026-08-18T15:39:00,PACKING,PACKING,,NEXT_DAY
ORD-000297,SKU-00913,1,DC-02,EXPEDITE,2026-08-26T11:46:00,2026-08-26T17:46:00,PACKING,PACKING,,SAME_DAY
ORD-000298,SKU-00504,1,DC-18,EXPEDITE,2026-08-06T07:58:00,2026-08-06T11:58:00,PACKING,PACKING,EU,STANDARD
ORD-000299,SKU-00937,1,DC-07,STANDARD,2026-08-08T10:38:00,2026-08-08T22:38:00,PICKING,PICKING,EU,STANDARD
ORD-000300,SKU-01151,1,DC-11,EXPEDITE,2026-08-02T14:04:00,2026-08-03T02:04:00,EXCEPTION,EXCEPTION,EU,NEXT_DAY
ORD-000301,SKU-00640,1,DC-04,STANDARD,2026-08-22T21:41:00,2026-08-23T21:41:00,PACKING,EXCEPTION,EU,SAME_DAY
ORD-000302,SKU-01034,1,DC-14,STANDARD,2026-08-31T03:49:00,2026-08-31T07:49:00,STAGED,STAGED,APAC,NEXT_DAY
ORD-000303,SKU-00272,1,DC-13,STANDARD,2026-08-28T20:52:00,2026-08-29T04:52:00,STAGED,HOLD,,SAME_DAY
ORD-000304,SKU-00484,1,DC-01,STANDARD,2026-08-30T15:14:00,2026-08-30T19:14:00,ALLOCATED,ALLOCATED,LATAM,STANDARD
ORD-000305,SKU-00918,1,DC-04,STANDARD,2026-08-08T17:21:00,2026-08-09T01:21:00,RELEASED,HOLD,MEA,STANDARD
ORD-000306,SKU-00871,1,DC-17,EXPEDITE,2026-08-06T20:37:00,2026-08-07T02:37:00,SHIPPED,EXCEPTION,,SAME_DAY
ORD-000307,SKU-00855,1,DC-05,STANDARD,2026-08-06T09:19:00,2026-08-06T21:19:00,SHIPPED,EXCEPTION,APAC,SAME_DAY
ORD-000308,SKU-00387,1,DC-04,STANDARD,2026-08-05T09:52:00,2026-08-05T21:52:00,EXCEPTION,EXCEPTION,EU,STANDARD
ORD-000309,SKU-01027,1,DC-15,STANDARD,2026-08-15T21:57:00,2026-08-16T01:57:00,PACKING,PACKING,APAC,NEXT_DAY
ORD-000310,SKU-01025,1,DC-09,STANDARD,2026-08-16T02:35:00,2026-08-16T06:35:00,PICKING,PICKING,MEA,STANDARD
ORD-000311,SKU-00893,1,DC-07,CRITICAL,2026-08-15T08:31:00,2026-08-16T08:31:00,ALLOCATED,ALLOCATED,MEA,STANDARD
ORD-000312,SKU-01061,1,DC-06,STANDARD,2026-08-06T06:56:00,2026-08-06T12:56:00,RELEASED,RELEASED,LATAM,SAME_DAY
ORD-000313,SKU-00237,1,DC-12,STANDARD,2026-08-15T03:32:00,2026-08-15T11:32:00,ALLOCATED,ALLOCATED,LATAM,SAME_DAY
ORD-000314,SKU-00169,1,DC-12,STANDARD,2026-09-01T20:16:00,2026-09-02T08:16:00,EXCEPTION,EXCEPTION,MEA,STANDARD
ORD-000315,SKU-00275,1,DC-17,STANDARD,2026-08-09T08:55:00,2026-08-10T08:55:00,SHIPPED,SHIPPED,MEA,NEXT_DAY
ORD-000316,SKU-00674,1,DC-17,CRITICAL,2026-08-15T02:08:00,2026-08-15T10:08:00,STAGED,STAGED,APAC,NEXT_DAY
ORD-000317,SKU-00290,1,DC-14,STANDARD,2026-08-09T01:23:00,2026-08-09T07:23:00,PACKING,PACKING,LATAM,NEXT_DAY
ORD-000318,SKU-01150,1,DC-05,STANDARD,2026-09-03T00:09:00,2026-09-03T04:09:00,ALLOCATED,HOLD,EU,SAME_DAY
ORD-000319,SKU-01079,1,DC-04,EXPEDITE,2026-08-29T18:41:00,2026-08-29T22:41:00,STAGED,HOLD,LATAM,NEXT_DAY
ORD-000320,SKU-00600,1,DC-17,STANDARD,2026-08-31T04:14:00,2026-08-31T12:14:00,RELEASED,RELEASED,LATAM,NEXT_DAY
ORD-000321,SKU-00051,1,DC-10,STANDARD,2026-09-01T04:20:00,2026-09-01T12:20:00,PACKING,HOLD,,NEXT_DAY
ORD-000322,SKU-00835,1,DC-18,STANDARD,2026-08-18T08:42:00,2026-08-18T12:42:00,STAGED,STAGED,LATAM,STANDARD
ORD-000323,SKU-00946,1,DC-03,EXPEDITE,2026-08-11T09:52:00,2026-08-11T17:52:00,PICKING,HOLD,MEA,SAME_DAY
ORD-000324,SKU-00788,1,DC-03,STANDARD,2026-08-16T23:40:00,2026-08-17T23:40:00,PICKING,PICKING,EU,NEXT_DAY
ORD-000325,SKU-01077,1,DC-08,STANDARD,2026-08-01T12:43:00,2026-08-01T20:43:00,PACKING,EXCEPTION,,NEXT_DAY
ORD-000326,SKU-00594,1,DC-15,STANDARD,2026-08-12T16:01:00,2026-08-12T22:01:00,SHIPPED,SHIPPED,LATAM,STANDARD
ORD-000327,SKU-00613,1,DC-17,STANDARD,2026-08-15T23:02:00,2026-08-16T03:02:00,STAGED,HOLD,LATAM,NEXT_DAY
ORD-000328,SKU-00143,1,DC-13,EXPEDITE,2026-08-12T03:18:00,2026-08-13T03:18:00,EXCEPTION,EXCEPTION,EU,SAME_DAY
ORD-000329,SKU-01174,1,DC-07,STANDARD,2026-08-17T18:07:00,2026-08-18T18:07:00,PACKING,PACKING,,SAME_DAY
ORD-000330,SKU-01178,1,DC-01,STANDARD,2026-08-03T13:27:00,2026-08-03T21:27:00,RELEASED,EXCEPTION,LATAM,STANDARD
ORD-000331,SKU-00325,1,DC-13,STANDARD,2026-08-12T17:50:00,2026-08-12T23:50:00,ALLOCATED,ALLOCATED,EU,STANDARD
ORD-000332,SKU-00361,1,DC-02,STANDARD,2026-09-02T22:48:00,2026-09-03T10:48:00,PICKING,PICKING,MEA,STANDARD
ORD-000333,SKU-00772,1,DC-13,EXPEDITE,2026-08-31T02:52:00,2026-08-31T06:52:00,STAGED,STAGED,MEA,STANDARD
ORD-000334,SKU-00944,1,DC-14,STANDARD,2026-09-02T03:53:00,2026-09-02T15:53:00,PACKING,PACKING,EU,STANDARD
ORD-000335,SKU-00283,1,DC-10,EXPEDITE,2026-08-02T12:58:00,2026-08-02T16:58:00,EXCEPTION,EXCEPTION,EU,NEXT_DAY
ORD-000336,SKU-00327,1,DC-16,STANDARD,2026-09-03T09:46:00,2026-09-03T17:46:00,EXCEPTION,EXCEPTION,,SAME_DAY
ORD-000337,SKU-00436,1,DC-15,STANDARD,2026-08-11T10:39:00,2026-08-11T18:39:00,STAGED,EXCEPTION,EU,SAME_DAY
ORD-000338,SKU-00385,1,DC-02,STANDARD,2026-08-13T06:56:00,2026-08-14T06:56:00,SHIPPED,SHIPPED,LATAM,SAME_DAY
ORD-000339,SKU-00552,1,DC-16,STANDARD,2026-08-25T09:23:00,2026-08-25T15:23:00,ALLOCATED,ALLOCATED,MEA,STANDARD
ORD-000340,SKU-00582,1,DC-15,EXPEDITE,2026-08-06T09:04:00,2026-08-06T17:04:00,ALLOCATED,HOLD,EU,STANDARD
ORD-000341,SKU-00939,1,DC-04,STANDARD,2026-08-02T00:28:00,2026-08-02T04:28:00,STAGED,STAGED,APAC,NEXT_DAY
ORD-000342,SKU-00350,1,DC-08,STANDARD,2026-08-16T08:18:00,2026-08-16T14:18:00,ALLOCATED,ALLOCATED,APAC,STANDARD
ORD-000343,SKU-00975,1,DC-01,STANDARD,2026-09-02T10:51:00,2026-09-02T14:51:00,ALLOCATED,ALLOCATED,LATAM,SAME_DAY
ORD-000344,SKU-01162,1,DC-06,CRITICAL,2026-08-11T07:42:00,2026-08-12T07:42:00,SHIPPED,SHIPPED,,NEXT_DAY
ORD-000345,SKU-00888,1,DC-11,CRITICAL,2026-08-16T01:58:00,2026-08-16T13:58:00,PICKING,EXCEPTION,LATAM,SAME_DAY
ORD-000346,SKU-01121,1,DC-08,EXPEDITE,2026-09-03T13:35:00,2026-09-03T21:35:00,PACKING,PACKING,MEA,SAME_DAY
ORD-000347,SKU-00558,1,DC-13,STANDARD,2026-09-04T17:49:00,2026-09-05T01:49:00,SHIPPED,SHIPPED,LATAM,SAME_DAY
ORD-000348,SKU-00328,1,DC-05,STANDARD,2026-08-10T20:16:00,2026-08-11T08:16:00,ALLOCATED,ALLOCATED,APAC,NEXT_DAY
ORD-000349,SKU-00198,1,DC-08,CRITICAL,2026-08-23T05:54:00,2026-08-23T13:54:00,RELEASED,RELEASED,MEA,SAME_DAY
ORD-000350,SKU-00125,1,DC-11,EXPEDITE,2026-08-26T01:59:00,2026-08-26T07:59:00,STAGED,HOLD,APAC,NEXT_DAY
ORD-000351,SKU-01012,1,DC-05,STANDARD,2026-08-17T05:17:00,2026-08-18T05:17:00,PACKING,EXCEPTION,EU,SAME_DAY
ORD-000352,SKU-00285,1,DC-15,STANDARD,2026-08-02T20:12:00,2026-08-03T20:12:00,PICKING,PICKING,MEA,SAME_DAY
ORD-000353,SKU-00182,1,DC-15,CRITICAL,2026-08-07T01:34:00,2026-08-08T01:34:00,ALLOCATED,HOLD,LATAM,SAME_DAY
ORD-000354,SKU-00940,1,DC-10,STANDARD,2026-08-09T22:05:00,2026-08-10T06:05:00,SHIPPED,EXCEPTION,MEA,NEXT_DAY
ORD-000355,SKU-01151,1,DC-08,STANDARD,2026-08-30T03:43:00,2026-08-30T09:43:00,EXCEPTION,HOLD,,NEXT_DAY
ORD-000356,SKU-00613,1,DC-05,CRITICAL,2026-08-08T03:28:00,2026-08-08T09:28:00,PICKING,PICKING,EU,STANDARD
ORD-000357,SKU-00968,1,DC-03,STANDARD,2026-08-09T17:53:00,2026-08-09T21:53:00,RELEASED,RELEASED,APAC,NEXT_DAY
ORD-000358,SKU-00709,1,DC-15,STANDARD,2026-08-28T15:46:00,2026-08-28T21:46:00,RELEASED,HOLD,EU,NEXT_DAY
ORD-000359,SKU-00392,1,DC-07,CRITICAL,2026-08-15T08:38:00,2026-08-15T20:38:00,PACKING,PACKING,EU,NEXT_DAY
ORD-000360,SKU-00644,1,DC-07,STANDARD,2026-08-11T13:30:00,2026-08-12T13:30:00,STAGED,STAGED,MEA,SAME_DAY
ORD-000361,SKU-00465,1,DC-11,STANDARD,2026-08-20T17:54:00,2026-08-21T01:54:00,PACKING,PACKING,EU,STANDARD
ORD-000362,SKU-00498,1,DC-09,EXPEDITE,2026-08-04T20:48:00,2026-08-05T02:48:00,SHIPPED,EXCEPTION,LATAM,STANDARD
ORD-000363,SKU-00461,1,DC-17,STANDARD,2026-08-06T14:39:00,2026-08-06T20:39:00,STAGED,STAGED,EU,NEXT_DAY
ORD-000364,SKU-00266,1,DC-12,STANDARD,2026-08-28T03:16:00,2026-08-28T11:16:00,ALLOCATED,ALLOCATED,APAC,SAME_DAY
ORD-000365,SKU-00633,1,DC-04,STANDARD,2026-08-22T14:42:00,2026-08-22T20:42:00,RELEASED,RELEASED,MEA,NEXT_DAY
ORD-000366,SKU-00787,1,DC-14,STANDARD,2026-08-19T00:27:00,2026-08-19T04:27:00,PACKING,EXCEPTION,APAC,NEXT_DAY
ORD-000367,SKU-00675,1,DC-12,STANDARD,2026-08-17T16:49:00,2026-08-17T20:49:00,EXCEPTION,EXCEPTION,EU,NEXT_DAY
ORD-000368,SKU-00961,1,DC-14,CRITICAL,2026-08-23T23:19:00,2026-08-24T07:19:00,EXCEPTION,EXCEPTION,,STANDARD
ORD-000369,SKU-00479,1,DC-15,CRITICAL,2026-09-04T17:32:00,2026-09-05T01:32:00,RELEASED,RELEASED,,SAME_DAY
ORD-000370,SKU-00036,1,DC-17,STANDARD,2026-08-08T01:26:00,2026-08-08T07:26:00,PACKING,PACKING,APAC,STANDARD
ORD-000371,SKU-00962,1,DC-10,STANDARD,2026-08-01T20:32:00,2026-08-02T08:32:00,ALLOCATED,ALLOCATED,APAC,NEXT_DAY
ORD-000372,SKU-00181,1,DC-16,STANDARD,2026-08-26T03:21:00,2026-08-26T15:21:00,EXCEPTION,HOLD,,STANDARD
ORD-000373,SKU-00746,1,DC-11,STANDARD,2026-08-24T15:23:00,2026-08-24T19:23:00,RELEASED,RELEASED,EU,SAME_DAY
ORD-000374,SKU-00186,1,DC-10,EXPEDITE,2026-08-15T18:56:00,2026-08-15T22:56:00,RELEASED,RELEASED,LATAM,STANDARD
ORD-000375,SKU-00249,1,DC-18,STANDARD,2026-08-21T05:28:00,2026-08-21T09:28:00,ALLOCATED,ALLOCATED,EU,NEXT_DAY
ORD-000376,SKU-00360,1,DC-07,EXPEDITE,2026-08-10T14:32:00,2026-08-10T22:32:00,PACKING,PACKING,EU,SAME_DAY
ORD-000377,SKU-00689,1,DC-11,STANDARD,2026-08-19T01:56:00,2026-08-19T05:56:00,PICKING,PICKING,LATAM,SAME_DAY
ORD-000378,SKU-00341,1,DC-06,STANDARD,2026-08-11T13:27:00,2026-08-11T17:27:00,SHIPPED,SHIPPED,MEA,NEXT_DAY
ORD-000379,SKU-00830,1,DC-17,STANDARD,2026-08-19T02:27:00,2026-08-19T14:27:00,SHIPPED,EXCEPTION,APAC,NEXT_DAY
ORD-000380,SKU-00385,1,DC-13,STANDARD,2026-08-12T22:40:00,2026-08-13T04:40:00,PACKING,PACKING,,SAME_DAY
ORD-000381,SKU-00289,1,DC-13,EXPEDITE,2026-08-24T12:06:00,2026-08-24T20:06:00,ALLOCATED,ALLOCATED,MEA,SAME_DAY
ORD-000382,SKU-00159,1,DC-11,STANDARD,2026-08-15T16:38:00,2026-08-15T22:38:00,EXCEPTION,EXCEPTION,APAC,STANDARD
ORD-000383,SKU-00474,1,DC-05,STANDARD,2026-09-04T05:01:00,2026-09-04T17:01:00,PICKING,HOLD,LATAM,SAME_DAY
ORD-000384,SKU-00617,1,DC-12,EXPEDITE,2026-08-25T14:52:00,2026-08-25T18:52:00,PICKING,EXCEPTION,LATAM,STANDARD
ORD-000385,SKU-00427,1,DC-10,STANDARD,2026-08-19T15:01:00,2026-08-19T23:01:00,RELEASED,RELEASED,EU,SAME_DAY
ORD-000386,SKU-00851,1,DC-08,CRITICAL,2026-08-07T08:24:00,2026-08-07T16:24:00,STAGED,STAGED,MEA,SAME_DAY
ORD-000387,SKU-00689,1,DC-02,STANDARD,2026-08-14T02:08:00,2026-08-15T02:08:00,ALLOCATED,ALLOCATED,MEA,NEXT_DAY
ORD-000388,SKU-01070,1,DC-18,STANDARD,2026-08-18T18:56:00,2026-08-19T18:56:00,PICKING,PICKING,MEA,NEXT_DAY
ORD-000389,SKU-00150,1,DC-18,STANDARD,2026-08-21T17:04:00,2026-08-22T01:04:00,PACKING,HOLD,,STANDARD
ORD-000390,SKU-00835,1,DC-05,EXPEDITE,2026-08-30T20:55:00,2026-08-31T00:55:00,ALLOCATED,ALLOCATED,LATAM,NEXT_DAY
ORD-000391,SKU-00674,1,DC-04,EXPEDITE,2026-08-30T04:37:00,2026-08-30T16:37:00,PICKING,PICKING,APAC,NEXT_DAY
ORD-000392,SKU-00956,1,DC-06,STANDARD,2026-09-03T03:25:00,2026-09-04T03:25:00,ALLOCATED,HOLD,EU,NEXT_DAY
ORD-000393,SKU-00607,1,DC-01,STANDARD,2026-08-30T06:10:00,2026-08-30T10:10:00,PACKING,PACKING,LATAM,STANDARD
ORD-000394,SKU-00109,1,DC-05,STANDARD,2026-08-21T21:53:00,2026-08-22T21:53:00,ALLOCATED,HOLD,APAC,STANDARD
ORD-000395,SKU-00295,1,DC-03,STANDARD,2026-08-02T01:10:00,2026-08-03T01:10:00,SHIPPED,EXCEPTION,APAC,SAME_DAY
ORD-000396,SKU-00202,1,DC-10,STANDARD,2026-08-15T23:17:00,2026-08-16T03:17:00,STAGED,STAGED,EU,STANDARD
ORD-000397,SKU-00973,1,DC-13,STANDARD,2026-08-15T21:12:00,2026-08-16T01:12:00,PICKING,PICKING,LATAM,NEXT_DAY
ORD-000398,SKU-00337,1,DC-14,STANDARD,2026-08-23T09:18:00,2026-08-23T21:18:00,ALLOCATED,ALLOCATED,MEA,SAME_DAY
ORD-000399,SKU-00614,1,DC-14,STANDARD,2026-08-08T04:07:00,2026-08-08T08:07:00,ALLOCATED,HOLD,LATAM,NEXT_DAY
ORD-000400,SKU-00886,1,DC-13,EXPEDITE,2026-08-18T21:02:00,2026-08-19T01:02:00,PICKING,PICKING,MEA,NEXT_DAY
ORD-000401,SKU-00614,1,DC-12,EXPEDITE,2026-08-22T02:08:00,2026-08-22T14:08:00,ALLOCATED,HOLD,EU,NEXT_DAY
ORD-000402,SKU-00708,1,DC-03,EXPEDITE,2026-08-24T14:40:00,2026-08-25T14:40:00,ALLOCATED,ALLOCATED,,STANDARD
ORD-000403,SKU-00673,1,DC-12,STANDARD,2026-08-27T15:52:00,2026-08-27T19:52:00,RELEASED,EXCEPTION,,STANDARD
ORD-000404,SKU-00353,1,DC-04,EXPEDITE,2026-08-11T05:19:00,2026-08-11T17:19:00,STAGED,EXCEPTION,EU,SAME_DAY
ORD-000405,SKU-00758,1,DC-16,EXPEDITE,2026-08-22T18:05:00,2026-08-23T18:05:00,PICKING,PICKING,,SAME_DAY
ORD-000406,SKU-00742,1,DC-16,STANDARD,2026-08-03T21:45:00,2026-08-04T05:45:00,EXCEPTION,EXCEPTION,EU,SAME_DAY
ORD-000407,SKU-00175,1,DC-17,STANDARD,2026-09-04T15:42:00,2026-09-05T03:42:00,PACKING,HOLD,EU,NEXT_DAY
ORD-000408,SKU-00880,1,DC-15,STANDARD,2026-08-07T16:54:00,2026-08-07T20:54:00,PACKING,EXCEPTION,MEA,NEXT_DAY
ORD-000409,SKU-00175,1,DC-18,STANDARD,2026-08-12T19:32:00,2026-08-12T23:32:00,PICKING,PICKING,LATAM,NEXT_DAY
ORD-000410,SKU-00020,1,DC-07,STANDARD,2026-09-02T16:55:00,2026-09-03T04:55:00,PACKING,HOLD,LATAM,STANDARD
ORD-000411,SKU-00672,1,DC-13,STANDARD,2026-08-21T05:17:00,2026-08-21T09:17:00,STAGED,STAGED,APAC,SAME_DAY
ORD-000412,SKU-01128,1,DC-03,STANDARD,2026-08-08T02:53:00,2026-08-08T14:53:00,PICKING,PICKING,LATAM,NEXT_DAY
ORD-000413,SKU-00629,1,DC-17,STANDARD,2026-08-07T08:24:00,2026-08-08T08:24:00,EXCEPTION,EXCEPTION,APAC,SAME_DAY
ORD-000414,SKU-01101,1,DC-14,STANDARD,2026-08-17T23:25:00,2026-08-18T11:25:00,STAGED,STAGED,LATAM,SAME_DAY
ORD-000415,SKU-01143,1,DC-05,STANDARD,2026-08-23T09:04:00,2026-08-23T21:04:00,STAGED,STAGED,,NEXT_DAY
ORD-000416,SKU-00694,1,DC-04,EXPEDITE,2026-08-30T09:31:00,2026-08-30T15:31:00,RELEASED,EXCEPTION,,STANDARD
ORD-000417,SKU-00528,1,DC-18,CRITICAL,2026-08-20T04:25:00,2026-08-21T04:25:00,SHIPPED,EXCEPTION,LATAM,SAME_DAY
ORD-000418,SKU-00406,1,DC-04,EXPEDITE,2026-08-22T17:04:00,2026-08-23T05:04:00,ALLOCATED,HOLD,,SAME_DAY
ORD-000419,SKU-01158,1,DC-14,EXPEDITE,2026-08-01T06:27:00,2026-08-01T14:27:00,STAGED,STAGED,EU,STANDARD
ORD-000420,SKU-01003,1,DC-04,STANDARD,2026-09-01T00:37:00,2026-09-01T06:37:00,PICKING,HOLD,APAC,NEXT_DAY
ORD-000421,SKU-00721,1,DC-01,STANDARD,2026-08-27T18:05:00,2026-08-27T22:05:00,ALLOCATED,HOLD,,SAME_DAY
ORD-000422,SKU-00530,1,DC-05,EXPEDITE,2026-08-04T08:26:00,2026-08-04T14:26:00,RELEASED,RELEASED,EU,STANDARD
ORD-000423,SKU-00500,1,DC-01,STANDARD,2026-08-16T07:00:00,2026-08-16T15:00:00,ALLOCATED,ALLOCATED,MEA,SAME_DAY
ORD-000424,SKU-01177,1,DC-03,EXPEDITE,2026-09-01T19:29:00,2026-09-02T19:29:00,RELEASED,RELEASED,MEA,NEXT_DAY
ORD-000425,SKU-00124,1,DC-16,STANDARD,2026-08-08T14:02:00,2026-08-09T02:02:00,SHIPPED,EXCEPTION,,SAME_DAY
ORD-000426,SKU-00041,1,DC-08,STANDARD,2026-08-31T03:08:00,2026-08-31T15:08:00,PACKING,PACKING,APAC,NEXT_DAY
ORD-000427,SKU-00650,1,DC-08,EXPEDITE,2026-08-24T04:21:00,2026-08-24T08:21:00,ALLOCATED,ALLOCATED,EU,STANDARD
ORD-000428,SKU-00675,1,DC-12,CRITICAL,2026-08-01T16:52:00,2026-08-02T04:52:00,RELEASED,RELEASED,LATAM,NEXT_DAY
ORD-000429,SKU-00464,1,DC-14,STANDARD,2026-08-08T04:26:00,2026-08-08T12:26:00,SHIPPED,SHIPPED,APAC,STANDARD
ORD-000430,SKU-00015,1,DC-01,STANDARD,2026-08-10T09:17:00,2026-08-10T21:17:00,PACKING,PACKING,EU,STANDARD
ORD-000431,SKU-00736,1,DC-15,STANDARD,2026-08-06T21:46:00,2026-08-07T05:46:00,PICKING,HOLD,EU,STANDARD
ORD-000432,SKU-00238,1,DC-18,STANDARD,2026-08-13T02:15:00,2026-08-13T10:15:00,RELEASED,EXCEPTION,LATAM,STANDARD
ORD-000433,SKU-00278,1,DC-18,CRITICAL,2026-08-29T15:00:00,2026-08-29T23:00:00,PACKING,PACKING,MEA,NEXT_DAY
ORD-000434,SKU-00054,1,DC-01,EXPEDITE,2026-08-15T03:00:00,2026-08-15T15:00:00,PICKING,PICKING,MEA,SAME_DAY
ORD-000435,SKU-00761,1,DC-03,STANDARD,2026-08-23T04:21:00,2026-08-23T10:21:00,STAGED,STAGED,LATAM,STANDARD
ORD-000436,SKU-01084,1,DC-18,CRITICAL,2026-08-16T07:45:00,2026-08-16T11:45:00,PICKING,EXCEPTION,MEA,NEXT_DAY
ORD-000437,SKU-00834,1,DC-16,STANDARD,2026-09-03T01:38:00,2026-09-04T01:38:00,RELEASED,RELEASED,EU,STANDARD
ORD-000438,SKU-00783,1,DC-02,STANDARD,2026-08-12T00:33:00,2026-08-12T06:33:00,STAGED,STAGED,,SAME_DAY
ORD-000439,SKU-00808,1,DC-12,EXPEDITE,2026-08-20T05:19:00,2026-08-20T11:19:00,PACKING,HOLD,MEA,STANDARD
ORD-000440,SKU-00623,1,DC-05,EXPEDITE,2026-08-17T18:04:00,2026-08-18T06:04:00,PICKING,PICKING,APAC,NEXT_DAY
ORD-000441,SKU-00530,1,DC-13,STANDARD,2026-08-24T04:50:00,2026-08-24T10:50:00,EXCEPTION,EXCEPTION,LATAM,SAME_DAY
ORD-000442,SKU-00025,1,DC-03,STANDARD,2026-09-03T18:39:00,2026-09-03T22:39:00,PICKING,HOLD,LATAM,STANDARD
ORD-000443,SKU-00887,1,DC-02,STANDARD,2026-09-03T00:48:00,2026-09-03T08:48:00,EXCEPTION,EXCEPTION,MEA,STANDARD
ORD-000444,SKU-00518,1,DC-07,STANDARD,2026-08-30T08:17:00,2026-08-31T08:17:00,PACKING,PACKING,EU,SAME_DAY
ORD-000445,SKU-00447,1,DC-13,STANDARD,2026-08-19T11:38:00,2026-08-20T11:38:00,STAGED,STAGED,EU,STANDARD
ORD-000446,SKU-00604,1,DC-09,STANDARD,2026-08-03T21:16:00,2026-08-04T01:16:00,SHIPPED,SHIPPED,MEA,NEXT_DAY
ORD-000447,SKU-00654,1,DC-17,CRITICAL,2026-08-21T06:41:00,2026-08-22T06:41:00,PICKING,HOLD,,STANDARD
ORD-000448,SKU-00309,1,DC-07,STANDARD,2026-08-21T12:50:00,2026-08-21T20:50:00,SHIPPED,SHIPPED,,SAME_DAY
ORD-000449,SKU-00452,1,DC-12,STANDARD,2026-09-01T17:12:00,2026-09-01T23:12:00,PICKING,HOLD,MEA,SAME_DAY
ORD-000450,SKU-00887,1,DC-15,STANDARD,2026-08-06T09:27:00,2026-08-06T15:27:00,STAGED,HOLD,,SAME_DAY
ORD-000451,SKU-00118,1,DC-14,STANDARD,2026-08-19T07:56:00,2026-08-19T15:56:00,PACKING,EXCEPTION,MEA,SAME_DAY
ORD-000452,SKU-00520,1,DC-04,STANDARD,2026-08-01T07:12:00,2026-08-01T11:12:00,PACKING,EXCEPTION,LATAM,NEXT_DAY
ORD-000453,SKU-00463,1,DC-16,STANDARD,2026-08-24T02:42:00,2026-08-24T06:42:00,PICKING,PICKING,MEA,NEXT_DAY
ORD-000454,SKU-00280,1,DC-03,STANDARD,2026-08-03T17:01:00,2026-08-04T17:01:00,PICKING,PICKING,EU,STANDARD
ORD-000455,SKU-01189,1,DC-14,STANDARD,2026-08-21T01:03:00,2026-08-22T01:03:00,EXCEPTION,HOLD,MEA,SAME_DAY
ORD-000456,SKU-00323,1,DC-01,EXPEDITE,2026-08-20T10:17:00,2026-08-20T22:17:00,STAGED,EXCEPTION,APAC,STANDARD
ORD-000457,SKU-00693,1,DC-13,STANDARD,2026-08-17T15:05:00,2026-08-17T19:05:00,SHIPPED,EXCEPTION,EU,STANDARD
ORD-000458,SKU-01088,1,DC-03,STANDARD,2026-08-15T13:53:00,2026-08-16T01:53:00,PACKING,PACKING,MEA,STANDARD
ORD-000459,SKU-00559,1,DC-04,STANDARD,2026-08-16T20:12:00,2026-08-17T08:12:00,ALLOCATED,ALLOCATED,,STANDARD
ORD-000460,SKU-00350,1,DC-12,CRITICAL,2026-08-01T17:11:00,2026-08-01T23:11:00,ALLOCATED,ALLOCATED,LATAM,STANDARD
ORD-000461,SKU-00015,1,DC-16,CRITICAL,2026-08-01T18:03:00,2026-08-01T22:03:00,ALLOCATED,ALLOCATED,LATAM,SAME_DAY
ORD-000462,SKU-00737,1,DC-08,EXPEDITE,2026-08-25T00:29:00,2026-08-25T04:29:00,PICKING,PICKING,APAC,STANDARD
ORD-000463,SKU-00464,1,DC-03,STANDARD,2026-09-01T03:13:00,2026-09-01T07:13:00,ALLOCATED,ALLOCATED,,STANDARD
ORD-000464,SKU-00347,1,DC-18,STANDARD,2026-08-15T08:43:00,2026-08-15T12:43:00,EXCEPTION,EXCEPTION,,NEXT_DAY
ORD-000465,SKU-00641,1,DC-04,STANDARD,2026-08-04T08:43:00,2026-08-04T12:43:00,STAGED,EXCEPTION,,SAME_DAY
ORD-000466,SKU-00302,1,DC-07,STANDARD,2026-08-05T21:34:00,2026-08-06T09:34:00,ALLOCATED,ALLOCATED,LATAM,SAME_DAY
ORD-000467,SKU-00539,1,DC-10,STANDARD,2026-08-11T23:40:00,2026-08-12T05:40:00,RELEASED,HOLD,EU,SAME_DAY
ORD-000468,SKU-01085,1,DC-15,STANDARD,2026-08-01T17:59:00,2026-08-02T17:59:00,STAGED,STAGED,EU,NEXT_DAY
ORD-000469,SKU-00089,1,DC-03,CRITICAL,2026-08-14T04:32:00,2026-08-15T04:32:00,ALLOCATED,ALLOCATED,APAC,SAME_DAY
ORD-000470,SKU-00044,1,DC-02,CRITICAL,2026-08-24T03:12:00,2026-08-24T15:12:00,ALLOCATED,EXCEPTION,APAC,STANDARD
ORD-000471,SKU-00262,1,DC-02,STANDARD,2026-08-15T15:31:00,2026-08-15T23:31:00,STAGED,STAGED,MEA,NEXT_DAY
ORD-000472,SKU-01039,1,DC-04,STANDARD,2026-08-30T16:33:00,2026-08-30T22:33:00,ALLOCATED,EXCEPTION,MEA,NEXT_DAY
ORD-000473,SKU-00216,1,DC-03,STANDARD,2026-08-28T19:57:00,2026-08-29T01:57:00,STAGED,STAGED,EU,STANDARD
ORD-000474,SKU-00770,1,DC-07,STANDARD,2026-08-04T01:59:00,2026-08-04T07:59:00,PACKING,PACKING,LATAM,NEXT_DAY
ORD-000475,SKU-00928,1,DC-07,STANDARD,2026-08-28T22:56:00,2026-08-29T10:56:00,EXCEPTION,EXCEPTION,LATAM,NEXT_DAY
ORD-000476,SKU-00430,1,DC-13,STANDARD,2026-08-27T17:56:00,2026-08-27T23:56:00,ALLOCATED,ALLOCATED,LATAM,SAME_DAY
ORD-000477,SKU-00771,1,DC-03,STANDARD,2026-08-14T00:22:00,2026-08-14T08:22:00,STAGED,EXCEPTION,,NEXT_DAY
ORD-000478,SKU-01103,1,DC-09,STANDARD,2026-08-12T23:12:00,2026-08-13T05:12:00,PACKING,PACKING,LATAM,NEXT_DAY
ORD-000479,SKU-00581,1,DC-09,CRITICAL,2026-09-03T11:09:00,2026-09-03T19:09:00,PACKING,EXCEPTION,LATAM,SAME_DAY
ORD-000480,SKU-00850,1,DC-16,STANDARD,2026-08-05T19:06:00,2026-08-06T03:06:00,PICKING,HOLD,,STANDARD
ORD-000481,SKU-00017,1,DC-08,EXPEDITE,2026-08-15T22:45:00,2026-08-16T04:45:00,SHIPPED,EXCEPTION,MEA,NEXT_DAY
ORD-000482,SKU-00261,1,DC-17,STANDARD,2026-08-05T12:13:00,2026-08-06T00:13:00,EXCEPTION,EXCEPTION,LATAM,NEXT_DAY
ORD-000483,SKU-00439,1,DC-13,STANDARD,2026-08-19T03:45:00,2026-08-19T09:45:00,ALLOCATED,HOLD,EU,SAME_DAY
ORD-000484,SKU-00576,1,DC-03,STANDARD,2026-08-16T06:23:00,2026-08-17T06:23:00,PACKING,PACKING,,SAME_DAY
ORD-000485,SKU-01112,1,DC-12,STANDARD,2026-08-19T12:49:00,2026-08-20T12:49:00,STAGED,STAGED,APAC,SAME_DAY
ORD-000486,SKU-00903,1,DC-01,EXPEDITE,2026-08-19T09:52:00,2026-08-19T15:52:00,PACKING,PACKING,,SAME_DAY
ORD-000487,SKU-01025,1,DC-05,EXPEDITE,2026-08-28T14:45:00,2026-08-28T22:45:00,PACKING,EXCEPTION,EU,STANDARD
ORD-000488,SKU-00167,1,DC-18,STANDARD,2026-09-03T12:31:00,2026-09-04T12:31:00,EXCEPTION,HOLD,LATAM,NEXT_DAY
ORD-000489,SKU-00143,1,DC-02,EXPEDITE,2026-08-31T12:00:00,2026-09-01T00:00:00,PICKING,EXCEPTION,EU,NEXT_DAY
ORD-000490,SKU-01188,1,DC-10,STANDARD,2026-09-01T09:02:00,2026-09-01T15:02:00,SHIPPED,SHIPPED,EU,STANDARD
ORD-000491,SKU-00382,1,DC-08,CRITICAL,2026-08-20T18:56:00,2026-08-21T18:56:00,STAGED,STAGED,APAC,STANDARD
ORD-000492,SKU-00538,1,DC-06,STANDARD,2026-08-14T05:01:00,2026-08-15T05:01:00,SHIPPED,HOLD,EU,NEXT_DAY
ORD-000493,SKU-00973,1,DC-07,STANDARD,2026-08-11T09:09:00,2026-08-11T17:09:00,EXCEPTION,EXCEPTION,LATAM,STANDARD
ORD-000494,SKU-00295,1,DC-07,CRITICAL,2026-08-20T16:10:00,2026-08-21T04:10:00,STAGED,STAGED,EU,SAME_DAY
ORD-000495,SKU-00346,1,DC-03,EXPEDITE,2026-09-03T19:31:00,2026-09-04T03:31:00,ALLOCATED,ALLOCATED,LATAM,SAME_DAY
ORD-000496,SKU-00922,1,DC-01,STANDARD,2026-08-07T15:58:00,2026-08-07T23:58:00,EXCEPTION,EXCEPTION,APAC,SAME_DAY
ORD-000497,SKU-00840,1,DC-10,STANDARD,2026-08-15T14:00:00,2026-08-15T18:00:00,PACKING,PACKING,LATAM,STANDARD
ORD-000498,SKU-00986,1,DC-09,STANDARD,2026-08-01T12:09:00,2026-08-02T00:09:00,SHIPPED,SHIPPED,MEA,STANDARD
ORD-000499,SKU-00283,1,DC-01,STANDARD,2026-08-31T14:19:00,2026-09-01T02:19:00,EXCEPTION,EXCEPTION,APAC,NEXT_DAY
ORD-000500,SKU-00088,1,DC-05,STANDARD,2026-08-03T01:36:00,2026-08-04T01:36:00,ALLOCATED,ALLOCATED,,SAME_DAY
ORD-000501,SKU-00077,1,DC-01,STANDARD,2026-08-13T06:17:00,2026-08-13T12:17:00,PACKING,PACKING,MEA,STANDARD
ORD-000502,SKU-00135,1,DC-14,CRITICAL,2026-08-03T16:25:00,2026-08-03T22:25:00,RELEASED,RELEASED,EU,STANDARD
ORD-000503,SKU-01006,1,DC-10,STANDARD,2026-08-10T23:14:00,2026-08-11T11:14:00,RELEASED,HOLD,EU,NEXT_DAY
ORD-000504,SKU-00505,1,DC-06,STANDARD,2026-08-17T07:14:00,2026-08-18T07:14:00,PICKING,EXCEPTION,MEA,NEXT_DAY
ORD-000505,SKU-01002,1,DC-14,STANDARD,2026-08-05T11:53:00,2026-08-05T19:53:00,STAGED,STAGED,LATAM,NEXT_DAY
ORD-000506,SKU-00761,1,DC-10,STANDARD,2026-08-21T03:34:00,2026-08-21T15:34:00,RELEASED,EXCEPTION,,SAME_DAY
ORD-000507,SKU-00979,1,DC-08,STANDARD,2026-08-12T20:40:00,2026-08-13T20:40:00,ALLOCATED,HOLD,,STANDARD
ORD-000508,SKU-01006,1,DC-12,STANDARD,2026-08-17T10:49:00,2026-08-17T18:49:00,PACKING,HOLD,APAC,STANDARD
ORD-000509,SKU-00877,1,DC-01,EXPEDITE,2026-08-30T21:42:00,2026-08-31T03:42:00,PACKING,PACKING,APAC,SAME_DAY
ORD-000510,SKU-00463,1,DC-15,STANDARD,2026-08-20T02:40:00,2026-08-20T10:40:00,STAGED,EXCEPTION,,NEXT_DAY
ORD-000511,SKU-01099,1,DC-05,STANDARD,2026-08-31T17:05:00,2026-08-31T21:05:00,PICKING,PICKING,EU,NEXT_DAY
ORD-000512,SKU-01104,1,DC-05,CRITICAL,2026-08-12T11:33:00,2026-08-12T23:33:00,ALLOCATED,EXCEPTION,EU,SAME_DAY
ORD-000513,SKU-00037,1,DC-18,STANDARD,2026-08-26T06:19:00,2026-08-27T06:19:00,PICKING,HOLD,EU,STANDARD
ORD-000514,SKU-00016,1,DC-16,EXPEDITE,2026-09-01T18:40:00,2026-09-02T06:40:00,RELEASED,RELEASED,EU,NEXT_DAY
ORD-000515,SKU-00370,1,DC-06,STANDARD,2026-08-27T10:08:00,2026-08-28T10:08:00,EXCEPTION,HOLD,MEA,NEXT_DAY
ORD-000516,SKU-00327,1,DC-08,EXPEDITE,2026-08-20T11:19:00,2026-08-20T17:19:00,SHIPPED,SHIPPED,LATAM,STANDARD
ORD-000517,SKU-00267,1,DC-13,STANDARD,2026-08-10T15:49:00,2026-08-10T19:49:00,PACKING,HOLD,EU,SAME_DAY
ORD-000518,SKU-00738,1,DC-18,STANDARD,2026-09-01T23:05:00,2026-09-02T23:05:00,STAGED,STAGED,,STANDARD
ORD-000519,SKU-00270,1,DC-08,STANDARD,2026-08-10T15:06:00,2026-08-11T15:06:00,PICKING,PICKING,LATAM,SAME_DAY
ORD-000520,SKU-00241,1,DC-05,CRITICAL,2026-08-04T18:11:00,2026-08-05T02:11:00,EXCEPTION,EXCEPTION,EU,NEXT_DAY
ORD-000521,SKU-01092,1,DC-15,STANDARD,2026-08-09T14:23:00,2026-08-10T02:23:00,SHIPPED,EXCEPTION,,NEXT_DAY
ORD-000522,SKU-00488,1,DC-14,EXPEDITE,2026-08-29T05:21:00,2026-08-30T05:21:00,ALLOCATED,ALLOCATED,LATAM,SAME_DAY
ORD-000523,SKU-00513,1,DC-17,STANDARD,2026-08-08T23:48:00,2026-08-09T05:48:00,RELEASED,EXCEPTION,,NEXT_DAY
ORD-000524,SKU-00977,1,DC-14,STANDARD,2026-08-23T04:25:00,2026-08-23T12:25:00,RELEASED,RELEASED,APAC,NEXT_DAY
ORD-000525,SKU-00626,1,DC-10,STANDARD,2026-08-11T09:14:00,2026-08-12T09:14:00,EXCEPTION,EXCEPTION,APAC,STANDARD
ORD-000526,SKU-00565,1,DC-12,EXPEDITE,2026-08-15T04:52:00,2026-08-15T16:52:00,ALLOCATED,ALLOCATED,LATAM,SAME_DAY
ORD-000527,SKU-00131,1,DC-02,STANDARD,2026-08-07T19:59:00,2026-08-08T19:59:00,PACKING,PACKING,MEA,NEXT_DAY
ORD-000528,SKU-00944,1,DC-15,EXPEDITE,2026-09-05T04:44:00,2026-09-05T10:44:00,EXCEPTION,EXCEPTION,APAC,NEXT_DAY
ORD-000529,SKU-00622,1,DC-16,EXPEDITE,2026-08-09T06:30:00,2026-08-09T14:30:00,ALLOCATED,ALLOCATED,,STANDARD
ORD-000530,SKU-00567,1,DC-03,STANDARD,2026-08-28T05:55:00,2026-08-28T17:55:00,RELEASED,RELEASED,MEA,STANDARD
ORD-000531,SKU-00775,1,DC-09,EXPEDITE,2026-08-26T23:03:00,2026-08-27T11:03:00,ALLOCATED,ALLOCATED,MEA,SAME_DAY
ORD-000532,SKU-01033,1,DC-06,STANDARD,2026-08-21T20:11:00,2026-08-22T20:11:00,EXCEPTION,EXCEPTION,APAC,STANDARD
ORD-000533,SKU-00490,1,DC-14,EXPEDITE,2026-08-27T19:00:00,2026-08-28T01:00:00,ALLOCATED,HOLD,APAC,NEXT_DAY
ORD-000534,SKU-00071,1,DC-18,STANDARD,2026-08-17T10:16:00,2026-08-17T18:16:00,RELEASED,RELEASED,EU,NEXT_DAY
ORD-000535,SKU-00417,1,DC-04,EXPEDITE,2026-08-10T14:33:00,2026-08-10T18:33:00,SHIPPED,SHIPPED,MEA,SAME_DAY
ORD-000536,SKU-01041,1,DC-15,CRITICAL,2026-08-18T22:14:00,2026-08-19T02:14:00,ALLOCATED,ALLOCATED,EU,SAME_DAY
ORD-000537,SKU-00866,1,DC-09,EXPEDITE,2026-08-18T07:12:00,2026-08-18T11:12:00,EXCEPTION,EXCEPTION,EU,NEXT_DAY
ORD-000538,SKU-00942,1,DC-11,STANDARD,2026-08-16T19:44:00,2026-08-17T03:44:00,EXCEPTION,HOLD,MEA,NEXT_DAY
ORD-000539,SKU-00270,1,DC-05,STANDARD,2026-08-05T17:51:00,2026-08-06T05:51:00,SHIPPED,SHIPPED,EU,STANDARD
ORD-000540,SKU-00753,1,DC-09,STANDARD,2026-08-05T21:26:00,2026-08-06T05:26:00,PACKING,PACKING,APAC,STANDARD
ORD-000541,SKU-00027,1,DC-02,STANDARD,2026-08-19T21:20:00,2026-08-20T05:20:00,PICKING,HOLD,MEA,SAME_DAY
ORD-000542,SKU-00519,1,DC-16,STANDARD,2026-09-03T15:55:00,2026-09-04T15:55:00,ALLOCATED,ALLOCATED,LATAM,NEXT_DAY
ORD-000543,SKU-00398,1,DC-15,EXPEDITE,2026-08-21T07:59:00,2026-08-21T11:59:00,STAGED,HOLD,EU,SAME_DAY
ORD-000544,SKU-00080,1,DC-12,STANDARD,2026-08-29T03:20:00,2026-08-29T09:20:00,STAGED,STAGED,APAC,NEXT_DAY
ORD-000545,SKU-00117,1,DC-01,STANDARD,2026-08-26T05:59:00,2026-08-27T05:59:00,STAGED,STAGED,APAC,SAME_DAY
ORD-000546,SKU-00449,1,DC-17,CRITICAL,2026-09-01T03:31:00,2026-09-01T09:31:00,EXCEPTION,EXCEPTION,EU,STANDARD
ORD-000547,SKU-01194,1,DC-02,STANDARD,2026-08-20T00:25:00,2026-08-20T06:25:00,ALLOCATED,EXCEPTION,,STANDARD
ORD-000548,SKU-00893,1,DC-10,STANDARD,2026-08-08T12:44:00,2026-08-08T16:44:00,ALLOCATED,HOLD,APAC,NEXT_DAY
ORD-000549,SKU-00204,1,DC-14,EXPEDITE,2026-08-22T04:11:00,2026-08-22T10:11:00,ALLOCATED,ALLOCATED,EU,STANDARD
ORD-000550,SKU-00225,1,DC-08,CRITICAL,2026-09-02T17:16:00,2026-09-03T17:16:00,RELEASED,RELEASED,EU,NEXT_DAY
ORD-000551,SKU-00399,1,DC-17,CRITICAL,2026-08-28T21:10:00,2026-08-29T01:10:00,SHIPPED,HOLD,EU,SAME_DAY
ORD-000552,SKU-00851,1,DC-16,STANDARD,2026-08-10T11:50:00,2026-08-10T17:50:00,PACKING,PACKING,MEA,SAME_DAY
ORD-000553,SKU-00704,1,DC-05,EXPEDITE,2026-08-25T16:02:00,2026-08-25T22:02:00,RELEASED,RELEASED,,STANDARD
ORD-000554,SKU-01120,1,DC-14,STANDARD,2026-08-11T03:40:00,2026-08-12T03:40:00,EXCEPTION,EXCEPTION,APAC,STANDARD
ORD-000555,SKU-00164,1,DC-03,STANDARD,2026-08-07T09:22:00,2026-08-08T09:22:00,STAGED,STAGED,LATAM,SAME_DAY
ORD-000556,SKU-00526,1,DC-09,EXPEDITE,2026-08-19T01:54:00,2026-08-19T13:54:00,RELEASED,RELEASED,LATAM,NEXT_DAY
ORD-000557,SKU-00258,1,DC-18,STANDARD,2026-08-25T16:10:00,2026-08-26T16:10:00,PICKING,HOLD,APAC,NEXT_DAY
ORD-000558,SKU-00515,1,DC-13,CRITICAL,2026-08-10T04:15:00,2026-08-10T16:15:00,EXCEPTION,EXCEPTION,EU,STANDARD
ORD-000559,SKU-00656,1,DC-16,STANDARD,2026-08-03T22:07:00,2026-08-04T02:07:00,ALLOCATED,ALLOCATED,LATAM,NEXT_DAY
ORD-000560,SKU-00536,1,DC-11,STANDARD,2026-08-06T14:48:00,2026-08-06T22:48:00,SHIPPED,SHIPPED,MEA,NEXT_DAY
ORD-000561,SKU-00243,1,DC-14,EXPEDITE,2026-08-28T20:07:00,2026-08-29T00:07:00,RELEASED,RELEASED,APAC,SAME_DAY
ORD-000562,SKU-01047,1,DC-02,STANDARD,2026-08-25T04:30:00,2026-08-25T08:30:00,EXCEPTION,EXCEPTION,,STANDARD
ORD-000563,SKU-00676,1,DC-05,STANDARD,2026-09-04T02:55:00,2026-09-04T06:55:00,EXCEPTION,HOLD,LATAM,NEXT_DAY
ORD-000564,SKU-00140,1,DC-11,STANDARD,2026-08-10T08:12:00,2026-08-10T14:12:00,EXCEPTION,EXCEPTION,APAC,SAME_DAY
ORD-000565,SKU-00624,1,DC-02,STANDARD,2026-08-09T09:42:00,2026-08-09T13:42:00,RELEASED,HOLD,LATAM,NEXT_DAY
ORD-000566,SKU-00723,1,DC-14,CRITICAL,2026-08-04T03:41:00,2026-08-04T11:41:00,EXCEPTION,EXCEPTION,MEA,SAME_DAY
ORD-000567,SKU-00047,1,DC-04,CRITICAL,2026-08-18T16:48:00,2026-08-18T22:48:00,PACKING,HOLD,APAC,STANDARD
ORD-000568,SKU-00640,1,DC-15,STANDARD,2026-08-03T05:17:00,2026-08-03T17:17:00,EXCEPTION,EXCEPTION,LATAM,STANDARD
ORD-000569,SKU-00117,1,DC-16,CRITICAL,2026-08-14T10:27:00,2026-08-15T10:27:00,RELEASED,HOLD,MEA,STANDARD
ORD-000570,SKU-00002,1,DC-09,STANDARD,2026-08-16T13:50:00,2026-08-16T21:50:00,EXCEPTION,EXCEPTION,APAC,SAME_DAY
ORD-000571,SKU-00415,1,DC-14,EXPEDITE,2026-08-20T05:18:00,2026-08-20T09:18:00,RELEASED,EXCEPTION,LATAM,SAME_DAY
ORD-000572,SKU-00211,1,DC-13,EXPEDITE,2026-08-18T11:38:00,2026-08-18T23:38:00,PACKING,PACKING,MEA,SAME_DAY
ORD-000573,SKU-00237,1,DC-13,STANDARD,2026-08-27T12:55:00,2026-08-27T18:55:00,SHIPPED,SHIPPED,EU,STANDARD
ORD-000574,SKU-00345,1,DC-08,EXPEDITE,2026-08-18T20:49:00,2026-08-19T00:49:00,RELEASED,RELEASED,MEA,SAME_DAY
ORD-000575,SKU-00143,1,DC-13,STANDARD,2026-08-02T18:12:00,2026-08-03T06:12:00,SHIPPED,SHIPPED,LATAM,SAME_DAY
ORD-000576,SKU-01051,1,DC-12,STANDARD,2026-08-03T10:09:00,2026-08-03T16:09:00,EXCEPTION,EXCEPTION,EU,NEXT_DAY
ORD-000577,SKU-01047,1,DC-15,EXPEDITE,2026-08-11T21:52:00,2026-08-12T21:52:00,STAGED,HOLD,LATAM,STANDARD
ORD-000578,SKU-00329,1,DC-07,STANDARD,2026-08-25T13:41:00,2026-08-25T19:41:00,STAGED,STAGED,EU,SAME_DAY
ORD-000579,SKU-01191,1,DC-05,CRITICAL,2026-08-26T12:18:00,2026-08-27T00:18:00,EXCEPTION,EXCEPTION,MEA,SAME_DAY
ORD-000580,SKU-00382,1,DC-02,EXPEDITE,2026-08-21T01:14:00,2026-08-21T05:14:00,ALLOCATED,ALLOCATED,APAC,SAME_DAY
ORD-000581,SKU-00787,1,DC-04,STANDARD,2026-08-25T16:01:00,2026-08-26T04:01:00,ALLOCATED,ALLOCATED,APAC,SAME_DAY
ORD-000582,SKU-00062,1,DC-18,STANDARD,2026-08-22T19:58:00,2026-08-23T07:58:00,PACKING,EXCEPTION,,NEXT_DAY
ORD-000583,SKU-00509,1,DC-03,CRITICAL,2026-08-20T11:43:00,2026-08-21T11:43:00,RELEASED,RELEASED,MEA,STANDARD
ORD-000584,SKU-00497,1,DC-02,CRITICAL,2026-08-10T07:34:00,2026-08-11T07:34:00,ALLOCATED,ALLOCATED,,STANDARD
ORD-000585,SKU-00169,1,DC-08,STANDARD,2026-08-27T08:18:00,2026-08-27T16:18:00,STAGED,STAGED,MEA,SAME_DAY
ORD-000586,SKU-00658,1,DC-12,EXPEDITE,2026-08-14T03:06:00,2026-08-15T03:06:00,ALLOCATED,ALLOCATED,APAC,STANDARD
ORD-000587,SKU-00616,1,DC-15,STANDARD,2026-08-16T09:50:00,2026-08-17T09:50:00,EXCEPTION,EXCEPTION,MEA,SAME_DAY
ORD-000588,SKU-00433,1,DC-08,STANDARD,2026-08-01T17:05:00,2026-08-01T23:05:00,STAGED,STAGED,EU,NEXT_DAY
ORD-000589,SKU-01102,1,DC-16,STANDARD,2026-08-05T16:48:00,2026-08-06T00:48:00,PICKING,PICKING,LATAM,SAME_DAY
ORD-000590,SKU-00735,1,DC-11,STANDARD,2026-08-30T21:58:00,2026-08-31T21:58:00,ALLOCATED,ALLOCATED,LATAM,SAME_DAY
ORD-000591,SKU-00128,1,DC-12,STANDARD,2026-08-09T06:04:00,2026-08-09T12:04:00,ALLOCATED,ALLOCATED,LATAM,STANDARD
ORD-000592,SKU-00354,1,DC-01,EXPEDITE,2026-08-29T11:45:00,2026-08-29T15:45:00,EXCEPTION,EXCEPTION,APAC,STANDARD
ORD-000593,SKU-00211,1,DC-16,STANDARD,2026-08-15T03:55:00,2026-08-15T15:55:00,PICKING,HOLD,EU,NEXT_DAY
ORD-000594,SKU-00164,1,DC-02,EXPEDITE,2026-08-04T15:55:00,2026-08-04T21:55:00,RELEASED,HOLD,,NEXT_DAY
ORD-000595,SKU-01073,1,DC-06,CRITICAL,2026-08-02T14:50:00,2026-08-02T20:50:00,ALLOCATED,ALLOCATED,APAC,NEXT_DAY
ORD-000596,SKU-00355,1,DC-17,STANDARD,2026-08-30T09:09:00,2026-08-30T13:09:00,PICKING,EXCEPTION,EU,STANDARD
ORD-000597,SKU-00594,1,DC-03,STANDARD,2026-08-03T18:33:00,2026-08-04T18:33:00,RELEASED,RELEASED,LATAM,STANDARD
ORD-000598,SKU-01115,1,DC-13,EXPEDITE,2026-08-09T02:15:00,2026-08-09T10:15:00,PICKING,PICKING,APAC,SAME_DAY
ORD-000599,SKU-00606,1,DC-01,STANDARD,2026-08-11T13:56:00,2026-08-12T01:56:00,EXCEPTION,HOLD,,STANDARD
ORD-000600,SKU-00367,1,DC-04,STANDARD,2026-09-02T18:43:00,2026-09-03T06:43:00,PACKING,HOLD,APAC,SAME_DAY
ORD-000601,SKU-01034,1,DC-07,STANDARD,2026-08-02T04:55:00,2026-08-02T16:55:00,PICKING,PICKING,,STANDARD
ORD-000602,SKU-00687,1,DC-04,STANDARD,2026-09-04T15:47:00,2026-09-05T15:47:00,ALLOCATED,ALLOCATED,EU,NEXT_DAY
ORD-000603,SKU-00480,1,DC-17,STANDARD,2026-08-23T16:38:00,2026-08-24T04:38:00,RELEASED,RELEASED,LATAM,NEXT_DAY
ORD-000604,SKU-00691,1,DC-12,STANDARD,2026-08-15T02:24:00,2026-08-15T08:24:00,RELEASED,HOLD,LATAM,NEXT_DAY
ORD-000605,SKU-00190,1,DC-08,EXPEDITE,2026-08-09T03:40:00,2026-08-09T11:40:00,PICKING,PICKING,,NEXT_DAY
ORD-000606,SKU-00665,1,DC-03,STANDARD,2026-09-04T17:01:00,2026-09-05T05:01:00,SHIPPED,EXCEPTION,,STANDARD
ORD-000607,SKU-01089,1,DC-01,STANDARD,2026-08-13T22:22:00,2026-08-14T04:22:00,ALLOCATED,ALLOCATED,LATAM,SAME_DAY
ORD-000608,SKU-00477,1,DC-11,EXPEDITE,2026-08-21T09:56:00,2026-08-21T21:56:00,STAGED,HOLD,,SAME_DAY
ORD-000609,SKU-00392,1,DC-09,STANDARD,2026-08-12T23:14:00,2026-08-13T03:14:00,ALLOCATED,ALLOCATED,EU,STANDARD
ORD-000610,SKU-01167,1,DC-07,STANDARD,2026-08-02T14:42:00,2026-08-02T18:42:00,EXCEPTION,EXCEPTION,LATAM,STANDARD
ORD-000611,SKU-00431,1,DC-09,STANDARD,2026-08-16T19:22:00,2026-08-17T07:22:00,SHIPPED,HOLD,,NEXT_DAY
ORD-000612,SKU-00820,1,DC-17,CRITICAL,2026-08-25T01:17:00,2026-08-25T09:17:00,RELEASED,RELEASED,LATAM,SAME_DAY
ORD-000613,SKU-00443,1,DC-08,STANDARD,2026-08-07T13:52:00,2026-08-08T01:52:00,PICKING,PICKING,EU,STANDARD
ORD-000614,SKU-01185,1,DC-14,STANDARD,2026-08-23T15:59:00,2026-08-24T15:59:00,SHIPPED,SHIPPED,LATAM,NEXT_DAY
ORD-000615,SKU-00544,1,DC-03,STANDARD,2026-08-30T05:35:00,2026-08-30T13:35:00,PICKING,PICKING,EU,NEXT_DAY
ORD-000616,SKU-01053,1,DC-07,STANDARD,2026-09-04T16:18:00,2026-09-05T16:18:00,ALLOCATED,ALLOCATED,APAC,SAME_DAY
ORD-000617,SKU-00832,1,DC-12,STANDARD,2026-08-03T08:21:00,2026-08-03T16:21:00,SHIPPED,EXCEPTION,APAC,NEXT_DAY
ORD-000618,SKU-00991,1,DC-08,STANDARD,2026-08-07T23:56:00,2026-08-08T05:56:00,ALLOCATED,EXCEPTION,MEA,SAME_DAY
ORD-000619,SKU-00525,1,DC-09,STANDARD,2026-08-09T14:41:00,2026-08-10T02:41:00,PACKING,PACKING,MEA,STANDARD
ORD-000620,SKU-00934,1,DC-13,STANDARD,2026-08-26T08:22:00,2026-08-26T20:22:00,PICKING,PICKING,,STANDARD
ORD-000621,SKU-00896,1,DC-13,STANDARD,2026-08-11T05:21:00,2026-08-11T17:21:00,ALLOCATED,HOLD,EU,NEXT_DAY
ORD-000622,SKU-00727,1,DC-04,EXPEDITE,2026-08-13T23:51:00,2026-08-14T05:51:00,EXCEPTION,EXCEPTION,,STANDARD
ORD-000623,SKU-00120,1,DC-05,STANDARD,2026-08-23T14:24:00,2026-08-24T14:24:00,ALLOCATED,ALLOCATED,MEA,STANDARD
ORD-000624,SKU-00762,1,DC-04,STANDARD,2026-08-10T21:08:00,2026-08-11T03:08:00,SHIPPED,SHIPPED,MEA,SAME_DAY
ORD-000625,SKU-00051,1,DC-07,EXPEDITE,2026-08-27T19:02:00,2026-08-28T19:02:00,PICKING,PICKING,APAC,SAME_DAY
ORD-000626,SKU-01103,1,DC-03,STANDARD,2026-09-03T19:05:00,2026-09-04T07:05:00,ALLOCATED,ALLOCATED,APAC,STANDARD
ORD-000627,SKU-00016,1,DC-14,STANDARD,2026-08-09T17:21:00,2026-08-09T21:21:00,PACKING,PACKING,EU,STANDARD
ORD-000628,SKU-00023,1,DC-15,STANDARD,2026-08-23T18:58:00,2026-08-24T00:58:00,PACKING,EXCEPTION,,NEXT_DAY
ORD-000629,SKU-00139,1,DC-06,STANDARD,2026-08-07T10:45:00,2026-08-07T16:45:00,ALLOCATED,ALLOCATED,APAC,SAME_DAY
ORD-000630,SKU-00077,1,DC-01,STANDARD,2026-08-14T02:36:00,2026-08-15T02:36:00,SHIPPED,SHIPPED,EU,STANDARD
ORD-000631,SKU-00392,1,DC-13,STANDARD,2026-08-26T17:43:00,2026-08-27T01:43:00,ALLOCATED,ALLOCATED,MEA,NEXT_DAY
ORD-000632,SKU-01068,1,DC-05,STANDARD,2026-09-01T08:21:00,2026-09-01T14:21:00,RELEASED,HOLD,EU,SAME_DAY
ORD-000633,SKU-01088,1,DC-10,STANDARD,2026-08-20T16:01:00,2026-08-21T00:01:00,RELEASED,RELEASED,,SAME_DAY
ORD-000634,SKU-00397,1,DC-07,STANDARD,2026-08-25T07:01:00,2026-08-25T13:01:00,EXCEPTION,EXCEPTION,LATAM,STANDARD
ORD-000635,SKU-00101,1,DC-11,STANDARD,2026-09-03T05:03:00,2026-09-04T05:03:00,PICKING,PICKING,LATAM,STANDARD
ORD-000636,SKU-00013,1,DC-08,STANDARD,2026-08-11T02:41:00,2026-08-11T08:41:00,SHIPPED,SHIPPED,APAC,NEXT_DAY
ORD-000637,SKU-01045,1,DC-12,STANDARD,2026-08-16T12:23:00,2026-08-16T20:23:00,PACKING,EXCEPTION,LATAM,NEXT_DAY
ORD-000638,SKU-01001,1,DC-10,STANDARD,2026-08-21T00:08:00,2026-08-21T06:08:00,PICKING,HOLD,MEA,STANDARD
ORD-000639,SKU-00661,1,DC-18,STANDARD,2026-08-14T21:06:00,2026-08-15T05:06:00,STAGED,EXCEPTION,,NEXT_DAY
ORD-000640,SKU-00758,1,DC-02,STANDARD,2026-08-10T21:12:00,2026-08-11T09:12:00,PACKING,PACKING,EU,STANDARD
ORD-000641,SKU-01119,1,DC-17,STANDARD,2026-09-02T21:35:00,2026-09-03T03:35:00,PACKING,HOLD,EU,SAME_DAY
ORD-000642,SKU-00976,1,DC-13,STANDARD,2026-08-02T03:05:00,2026-08-02T11:05:00,PACKING,PACKING,EU,NEXT_DAY
ORD-000643,SKU-01044,1,DC-07,EXPEDITE,2026-08-12T18:47:00,2026-08-12T22:47:00,PICKING,PICKING,,SAME_DAY
ORD-000644,SKU-00037,1,DC-07,STANDARD,2026-08-16T21:55:00,2026-08-17T01:55:00,EXCEPTION,EXCEPTION,LATAM,SAME_DAY
ORD-000645,SKU-00046,1,DC-11,CRITICAL,2026-08-19T16:31:00,2026-08-20T04:31:00,PICKING,EXCEPTION,MEA,NEXT_DAY
ORD-000646,SKU-00325,1,DC-16,STANDARD,2026-08-07T00:02:00,2026-08-07T08:02:00,ALLOCATED,EXCEPTION,LATAM,STANDARD
ORD-000647,SKU-00700,1,DC-12,STANDARD,2026-08-11T02:09:00,2026-08-11T10:09:00,STAGED,STAGED,,SAME_DAY
ORD-000648,SKU-01164,1,DC-07,EXPEDITE,2026-08-05T02:03:00,2026-08-05T14:03:00,STAGED,STAGED,LATAM,NEXT_DAY
ORD-000649,SKU-00843,1,DC-16,STANDARD,2026-08-10T05:37:00,2026-08-10T13:37:00,SHIPPED,SHIPPED,LATAM,STANDARD
ORD-000650,SKU-00332,1,DC-07,STANDARD,2026-08-20T05:51:00,2026-08-20T11:51:00,STAGED,EXCEPTION,LATAM,NEXT_DAY
ORD-000651,SKU-00519,1,DC-17,EXPEDITE,2026-08-21T18:26:00,2026-08-22T06:26:00,PACKING,PACKING,MEA,STANDARD
ORD-000652,SKU-00360,1,DC-03,STANDARD,2026-08-19T02:38:00,2026-08-19T08:38:00,SHIPPED,EXCEPTION,,NEXT_DAY
ORD-000653,SKU-00239,1,DC-02,STANDARD,2026-08-07T19:02:00,2026-08-08T07:02:00,STAGED,STAGED,LATAM,STANDARD
ORD-000654,SKU-00635,1,DC-09,CRITICAL,2026-09-02T19:42:00,2026-09-02T23:42:00,STAGED,STAGED,EU,STANDARD
ORD-000655,SKU-00397,1,DC-07,STANDARD,2026-08-25T13:05:00,2026-08-26T01:05:00,SHIPPED,SHIPPED,,NEXT_DAY
ORD-000656,SKU-00149,1,DC-15,STANDARD,2026-08-21T15:20:00,2026-08-22T03:20:00,RELEASED,RELEASED,,STANDARD
ORD-000657,SKU-00148,1,DC-03,STANDARD,2026-08-14T12:43:00,2026-08-14T20:43:00,EXCEPTION,EXCEPTION,LATAM,SAME_DAY
ORD-000658,SKU-01084,1,DC-15,STANDARD,2026-08-16T16:50:00,2026-08-16T22:50:00,SHIPPED,HOLD,APAC,SAME_DAY
ORD-000659,SKU-00705,1,DC-10,CRITICAL,2026-08-19T14:18:00,2026-08-19T22:18:00,SHIPPED,EXCEPTION,,SAME_DAY
ORD-000660,SKU-01004,1,DC-02,STANDARD,2026-08-30T13:55:00,2026-08-31T01:55:00,PACKING,EXCEPTION,MEA,NEXT_DAY
ORD-000661,SKU-00559,1,DC-14,STANDARD,2026-08-26T18:49:00,2026-08-27T02:49:00,STAGED,EXCEPTION,MEA,SAME_DAY
ORD-000662,SKU-00614,1,DC-14,STANDARD,2026-08-09T15:30:00,2026-08-10T03:30:00,RELEASED,RELEASED,LATAM,NEXT_DAY
ORD-000663,SKU-01115,1,DC-06,STANDARD,2026-08-26T01:50:00,2026-08-26T09:50:00,PACKING,EXCEPTION,APAC,STANDARD
ORD-000664,SKU-00560,1,DC-16,EXPEDITE,2026-08-12T04:19:00,2026-08-12T08:19:00,RELEASED,EXCEPTION,,SAME_DAY
ORD-000665,SKU-00972,1,DC-11,EXPEDITE,2026-09-01T18:03:00,2026-09-02T18:03:00,STAGED,HOLD,MEA,STANDARD
ORD-000666,SKU-00564,1,DC-16,STANDARD,2026-08-16T08:14:00,2026-08-16T14:14:00,EXCEPTION,EXCEPTION,,SAME_DAY
ORD-000667,SKU-00667,1,DC-03,STANDARD,2026-09-01T02:16:00,2026-09-01T10:16:00,RELEASED,RELEASED,APAC,NEXT_DAY
ORD-000668,SKU-00876,1,DC-07,EXPEDITE,2026-08-03T07:03:00,2026-08-04T07:03:00,PICKING,HOLD,EU,STANDARD
ORD-000669,SKU-01168,1,DC-09,STANDARD,2026-08-22T07:37:00,2026-08-22T15:37:00,RELEASED,RELEASED,APAC,STANDARD
ORD-000670,SKU-00694,1,DC-09,EXPEDITE,2026-09-03T19:54:00,2026-09-04T07:54:00,PACKING,PACKING,EU,SAME_DAY
ORD-000671,SKU-00250,1,DC-03,STANDARD,2026-08-12T05:19:00,2026-08-13T05:19:00,EXCEPTION,HOLD,,STANDARD
ORD-000672,SKU-00175,1,DC-07,STANDARD,2026-08-27T15:29:00,2026-08-27T23:29:00,EXCEPTION,EXCEPTION,EU,SAME_DAY
ORD-000673,SKU-01153,1,DC-07,STANDARD,2026-08-31T11:56:00,2026-08-31T15:56:00,EXCEPTION,HOLD,EU,STANDARD
ORD-000674,SKU-00142,1,DC-13,STANDARD,2026-08-19T07:06:00,2026-08-19T11:06:00,RELEASED,RELEASED,APAC,NEXT_DAY
ORD-000675,SKU-00581,1,DC-16,STANDARD,2026-08-18T07:22:00,2026-08-18T15:22:00,PICKING,EXCEPTION,APAC,SAME_DAY
ORD-000676,SKU-01000,1,DC-17,EXPEDITE,2026-08-08T06:01:00,2026-08-09T06:01:00,PACKING,EXCEPTION,LATAM,STANDARD
ORD-000677,SKU-00863,1,DC-16,STANDARD,2026-09-05T03:38:00,2026-09-06T03:38:00,ALLOCATED,ALLOCATED,EU,STANDARD
ORD-000678,SKU-00939,1,DC-04,STANDARD,2026-08-14T19:21:00,2026-08-14T23:21:00,STAGED,HOLD,,STANDARD
ORD-000679,SKU-00722,1,DC-15,STANDARD,2026-08-31T16:50:00,2026-08-31T22:50:00,ALLOCATED,EXCEPTION,EU,STANDARD
ORD-000680,SKU-00598,1,DC-04,STANDARD,2026-08-18T02:10:00,2026-08-18T10:10:00,PACKING,PACKING,,NEXT_DAY
ORD-000681,SKU-01076,1,DC-11,STANDARD,2026-08-22T13:49:00,2026-08-23T01:49:00,PICKING,EXCEPTION,LATAM,STANDARD
ORD-000682,SKU-00125,1,DC-11,EXPEDITE,2026-08-08T13:46:00,2026-08-09T01:46:00,EXCEPTION,EXCEPTION,EU,SAME_DAY
ORD-000683,SKU-00836,1,DC-15,STANDARD,2026-08-27T06:06:00,2026-08-27T14:06:00,STAGED,STAGED,APAC,STANDARD
ORD-000684,SKU-01087,1,DC-07,EXPEDITE,2026-08-10T13:08:00,2026-08-10T17:08:00,RELEASED,RELEASED,APAC,STANDARD
ORD-000685,SKU-00587,1,DC-18,STANDARD,2026-08-08T02:28:00,2026-08-08T14:28:00,PACKING,PACKING,,STANDARD
ORD-000686,SKU-00144,1,DC-14,STANDARD,2026-09-01T12:02:00,2026-09-02T12:02:00,RELEASED,EXCEPTION,MEA,NEXT_DAY
ORD-000687,SKU-00478,1,DC-04,STANDARD,2026-08-10T20:41:00,2026-08-11T04:41:00,SHIPPED,SHIPPED,,STANDARD
ORD-000688,SKU-00084,1,DC-12,STANDARD,2026-08-09T04:50:00,2026-08-09T10:50:00,EXCEPTION,HOLD,,STANDARD
ORD-000689,SKU-00439,1,DC-13,STANDARD,2026-08-11T05:32:00,2026-08-11T11:32:00,ALLOCATED,HOLD,APAC,NEXT_DAY
ORD-000690,SKU-00914,1,DC-17,STANDARD,2026-08-21T10:21:00,2026-08-21T18:21:00,RELEASED,RELEASED,APAC,STANDARD
ORD-000691,SKU-00108,1,DC-14,STANDARD,2026-08-13T18:10:00,2026-08-14T06:10:00,EXCEPTION,HOLD,,SAME_DAY
ORD-000692,SKU-00469,1,DC-03,STANDARD,2026-08-26T15:52:00,2026-08-26T21:52:00,STAGED,STAGED,MEA,STANDARD
ORD-000693,SKU-01179,1,DC-13,STANDARD,2026-08-26T17:36:00,2026-08-27T05:36:00,EXCEPTION,EXCEPTION,APAC,NEXT_DAY
ORD-000694,SKU-00613,1,DC-09,EXPEDITE,2026-08-31T05:47:00,2026-09-01T05:47:00,PICKING,PICKING,EU,SAME_DAY
ORD-000695,SKU-00333,1,DC-11,STANDARD,2026-08-02T07:33:00,2026-08-02T13:33:00,STAGED,STAGED,MEA,NEXT_DAY
ORD-000696,SKU-01047,1,DC-10,STANDARD,2026-08-26T18:49:00,2026-08-27T18:49:00,PICKING,EXCEPTION,,SAME_DAY
ORD-000697,SKU-00596,1,DC-07,STANDARD,2026-08-28T18:40:00,2026-08-28T22:40:00,PICKING,PICKING,MEA,STANDARD
ORD-000698,SKU-01030,1,DC-04,STANDARD,2026-08-14T09:52:00,2026-08-14T15:52:00,ALLOCATED,ALLOCATED,EU,SAME_DAY
ORD-000699,SKU-00165,1,DC-12,STANDARD,2026-08-09T15:35:00,2026-08-09T23:35:00,ALLOCATED,ALLOCATED,MEA,SAME_DAY
ORD-000700,SKU-00935,1,DC-11,CRITICAL,2026-08-02T00:27:00,2026-08-02T04:27:00,PICKING,HOLD,MEA,NEXT_DAY
ORD-000701,SKU-00628,1,DC-11,EXPEDITE,2026-08-17T09:29:00,2026-08-18T09:29:00,RELEASED,EXCEPTION,,SAME_DAY
ORD-000702,SKU-00743,1,DC-04,STANDARD,2026-08-25T20:14:00,2026-08-26T08:14:00,ALLOCATED,ALLOCATED,MEA,STANDARD
ORD-000703,SKU-00017,1,DC-17,EXPEDITE,2026-09-04T09:32:00,2026-09-04T15:32:00,EXCEPTION,EXCEPTION,LATAM,STANDARD
ORD-000704,SKU-00330,1,DC-14,STANDARD,2026-08-10T23:08:00,2026-08-11T11:08:00,ALLOCATED,ALLOCATED,MEA,SAME_DAY
ORD-000705,SKU-00065,1,DC-11,STANDARD,2026-08-31T18:29:00,2026-08-31T22:29:00,PACKING,EXCEPTION,EU,SAME_DAY
ORD-000706,SKU-00359,1,DC-02,STANDARD,2026-08-28T07:36:00,2026-08-28T19:36:00,ALLOCATED,ALLOCATED,EU,NEXT_DAY
ORD-000707,SKU-01157,1,DC-03,STANDARD,2026-09-02T10:40:00,2026-09-02T14:40:00,EXCEPTION,EXCEPTION,LATAM,SAME_DAY
ORD-000708,SKU-00576,1,DC-18,STANDARD,2026-08-19T11:06:00,2026-08-19T23:06:00,RELEASED,EXCEPTION,MEA,NEXT_DAY
ORD-000709,SKU-01148,1,DC-08,STANDARD,2026-08-18T11:25:00,2026-08-18T23:25:00,STAGED,STAGED,MEA,SAME_DAY
ORD-000710,SKU-00459,1,DC-04,STANDARD,2026-08-16T14:08:00,2026-08-17T02:08:00,PACKING,PACKING,MEA,STANDARD
ORD-000711,SKU-00302,1,DC-07,STANDARD,2026-08-09T09:39:00,2026-08-09T13:39:00,STAGED,EXCEPTION,APAC,STANDARD
ORD-000712,SKU-00116,1,DC-03,STANDARD,2026-08-12T09:52:00,2026-08-12T15:52:00,STAGED,STAGED,MEA,STANDARD
ORD-000713,SKU-01016,1,DC-14,CRITICAL,2026-08-29T20:34:00,2026-08-30T04:34:00,SHIPPED,SHIPPED,APAC,NEXT_DAY
ORD-000714,SKU-00618,1,DC-09,STANDARD,2026-08-31T20:00:00,2026-09-01T04:00:00,ALLOCATED,EXCEPTION,APAC,NEXT_DAY
ORD-000715,SKU-01160,1,DC-04,EXPEDITE,2026-08-11T20:32:00,2026-08-12T08:32:00,EXCEPTION,EXCEPTION,LATAM,SAME_DAY
ORD-000716,SKU-01137,1,DC-14,STANDARD,2026-08-17T05:53:00,2026-08-17T11:53:00,PACKING,EXCEPTION,,NEXT_DAY
ORD-000717,SKU-00698,1,DC-09,STANDARD,2026-08-29T21:59:00,2026-08-30T21:59:00,EXCEPTION,EXCEPTION,LATAM,SAME_DAY
ORD-000718,SKU-00338,1,DC-17,STANDARD,2026-08-19T01:22:00,2026-08-19T07:22:00,PACKING,PACKING,LATAM,NEXT_DAY
ORD-000719,SKU-01063,1,DC-05,STANDARD,2026-08-31T11:23:00,2026-08-31T19:23:00,PACKING,PACKING,APAC,NEXT_DAY
ORD-000720,SKU-00942,1,DC-08,STANDARD,2026-08-09T19:36:00,2026-08-10T07:36:00,RELEASED,HOLD,,NEXT_DAY
ORD-000721,SKU-00808,1,DC-14,STANDARD,2026-08-22T07:09:00,2026-08-22T19:09:00,ALLOCATED,EXCEPTION,,NEXT_DAY
ORD-000722,SKU-00836,1,DC-09,STANDARD,2026-08-07T11:17:00,2026-08-08T11:17:00,RELEASED,RELEASED,LATAM,STANDARD
ORD-000723,SKU-00071,1,DC-11,STANDARD,2026-08-22T00:28:00,2026-08-22T12:28:00,ALLOCATED,ALLOCATED,APAC,SAME_DAY
ORD-000724,SKU-01102,1,DC-03,STANDARD,2026-09-03T17:03:00,2026-09-04T05:03:00,PACKING,PACKING,MEA,SAME_DAY
ORD-000725,SKU-00992,1,DC-13,EXPEDITE,2026-08-28T16:19:00,2026-08-29T00:19:00,PICKING,EXCEPTION,,NEXT_DAY
ORD-000726,SKU-00969,1,DC-17,STANDARD,2026-08-28T21:55:00,2026-08-29T03:55:00,SHIPPED,SHIPPED,LATAM,SAME_DAY
ORD-000727,SKU-00958,1,DC-09,EXPEDITE,2026-08-25T05:15:00,2026-08-25T17:15:00,SHIPPED,HOLD,MEA,NEXT_DAY
ORD-000728,SKU-01047,1,DC-02,STANDARD,2026-08-29T15:51:00,2026-08-29T19:51:00,SHIPPED,SHIPPED,LATAM,STANDARD
ORD-000729,SKU-00712,1,DC-13,STANDARD,2026-08-02T13:11:00,2026-08-02T17:11:00,EXCEPTION,HOLD,APAC,SAME_DAY
ORD-000730,SKU-01058,1,DC-18,CRITICAL,2026-08-17T22:03:00,2026-08-18T06:03:00,PACKING,HOLD,EU,STANDARD
ORD-000731,SKU-00763,1,DC-18,STANDARD,2026-08-30T15:58:00,2026-08-30T19:58:00,PICKING,PICKING,APAC,SAME_DAY
ORD-000732,SKU-00144,1,DC-14,STANDARD,2026-08-08T05:46:00,2026-08-08T09:46:00,SHIPPED,SHIPPED,EU,NEXT_DAY
ORD-000733,SKU-01030,1,DC-01,EXPEDITE,2026-08-24T17:52:00,2026-08-25T05:52:00,STAGED,EXCEPTION,APAC,NEXT_DAY
ORD-000734,SKU-00935,1,DC-08,EXPEDITE,2026-08-10T08:38:00,2026-08-10T14:38:00,EXCEPTION,EXCEPTION,MEA,NEXT_DAY
ORD-000735,SKU-00805,1,DC-06,STANDARD,2026-08-28T01:56:00,2026-08-28T09:56:00,STAGED,STAGED,LATAM,SAME_DAY
ORD-000736,SKU-00242,1,DC-16,STANDARD,2026-08-10T03:01:00,2026-08-10T09:01:00,RELEASED,RELEASED,MEA,STANDARD
ORD-000737,SKU-00921,1,DC-14,EXPEDITE,2026-08-10T00:52:00,2026-08-10T12:52:00,RELEASED,RELEASED,,NEXT_DAY
ORD-000738,SKU-00625,1,DC-17,STANDARD,2026-08-29T18:26:00,2026-08-30T00:26:00,PICKING,EXCEPTION,,STANDARD
ORD-000739,SKU-01128,1,DC-02,STANDARD,2026-08-25T11:49:00,2026-08-25T19:49:00,EXCEPTION,EXCEPTION,MEA,STANDARD
ORD-000740,SKU-00440,1,DC-16,STANDARD,2026-08-17T03:24:00,2026-08-17T09:24:00,ALLOCATED,ALLOCATED,MEA,SAME_DAY
ORD-000741,SKU-00490,1,DC-15,CRITICAL,2026-08-23T13:03:00,2026-08-23T21:03:00,SHIPPED,SHIPPED,LATAM,SAME_DAY
ORD-000742,SKU-00175,1,DC-15,STANDARD,2026-08-01T18:27:00,2026-08-02T06:27:00,SHIPPED,EXCEPTION,APAC,STANDARD
ORD-000743,SKU-00013,1,DC-08,STANDARD,2026-08-28T16:42:00,2026-08-29T00:42:00,PACKING,EXCEPTION,EU,STANDARD
ORD-000744,SKU-00780,1,DC-09,STANDARD,2026-09-05T00:49:00,2026-09-06T00:49:00,EXCEPTION,EXCEPTION,EU,NEXT_DAY
ORD-000745,SKU-00380,1,DC-13,STANDARD,2026-08-11T03:24:00,2026-08-11T09:24:00,PICKING,PICKING,LATAM,STANDARD
ORD-000746,SKU-00300,1,DC-04,STANDARD,2026-08-12T03:22:00,2026-08-12T11:22:00,EXCEPTION,HOLD,LATAM,STANDARD
ORD-000747,SKU-00844,1,DC-13,STANDARD,2026-08-15T07:31:00,2026-08-16T07:31:00,RELEASED,EXCEPTION,LATAM,STANDARD
ORD-000748,SKU-00945,1,DC-05,STANDARD,2026-08-19T11:52:00,2026-08-19T17:52:00,RELEASED,RELEASED,,NEXT_DAY
ORD-000749,SKU-00686,1,DC-09,STANDARD,2026-09-04T18:47:00,2026-09-05T18:47:00,PICKING,EXCEPTION,MEA,STANDARD
ORD-000750,SKU-00178,1,DC-09,STANDARD,2026-08-29T06:06:00,2026-08-29T14:06:00,ALLOCATED,HOLD,APAC,SAME_DAY
ORD-000751,SKU-00797,1,DC-17,STANDARD,2026-08-31T18:03:00,2026-08-31T22:03:00,SHIPPED,HOLD,LATAM,SAME_DAY
ORD-000752,SKU-00790,1,DC-02,EXPEDITE,2026-08-10T10:56:00,2026-08-11T10:56:00,SHIPPED,SHIPPED,,STANDARD
ORD-000753,SKU-00754,1,DC-11,EXPEDITE,2026-08-15T23:29:00,2026-08-16T11:29:00,PACKING,HOLD,MEA,SAME_DAY
ORD-000754,SKU-00074,1,DC-10,STANDARD,2026-08-17T13:27:00,2026-08-18T01:27:00,EXCEPTION,EXCEPTION,MEA,STANDARD
ORD-000755,SKU-00313,1,DC-01,STANDARD,2026-08-24T12:19:00,2026-08-25T00:19:00,STAGED,HOLD,APAC,STANDARD
ORD-000756,SKU-00058,1,DC-14,STANDARD,2026-08-29T18:42:00,2026-08-30T18:42:00,RELEASED,EXCEPTION,MEA,SAME_DAY
ORD-000757,SKU-00724,1,DC-07,EXPEDITE,2026-09-03T09:37:00,2026-09-03T15:37:00,PICKING,PICKING,LATAM,SAME_DAY
ORD-000758,SKU-00133,1,DC-12,EXPEDITE,2026-08-28T03:15:00,2026-08-28T11:15:00,PICKING,HOLD,,SAME_DAY
ORD-000759,SKU-01090,1,DC-11,STANDARD,2026-08-25T01:30:00,2026-08-25T07:30:00,PACKING,HOLD,MEA,NEXT_DAY
ORD-000760,SKU-00011,1,DC-16,STANDARD,2026-08-04T00:41:00,2026-08-05T00:41:00,PICKING,HOLD,,SAME_DAY
ORD-000761,SKU-00847,1,DC-08,STANDARD,2026-08-07T11:49:00,2026-08-07T17:49:00,ALLOCATED,ALLOCATED,,SAME_DAY
ORD-000762,SKU-00438,1,DC-07,STANDARD,2026-08-11T02:11:00,2026-08-12T02:11:00,ALLOCATED,ALLOCATED,EU,NEXT_DAY
ORD-000763,SKU-00116,1,DC-10,STANDARD,2026-08-21T22:00:00,2026-08-22T02:00:00,ALLOCATED,HOLD,,NEXT_DAY
ORD-000764,SKU-00517,1,DC-16,STANDARD,2026-08-06T17:33:00,2026-08-07T01:33:00,RELEASED,HOLD,LATAM,SAME_DAY
ORD-000765,SKU-00953,1,DC-11,CRITICAL,2026-08-15T21:38:00,2026-08-16T01:38:00,STAGED,STAGED,EU,SAME_DAY
ORD-000766,SKU-00827,1,DC-10,STANDARD,2026-09-01T01:32:00,2026-09-02T01:32:00,EXCEPTION,EXCEPTION,LATAM,SAME_DAY
ORD-000767,SKU-01104,1,DC-08,EXPEDITE,2026-08-26T22:42:00,2026-08-27T06:42:00,RELEASED,RELEASED,,SAME_DAY
ORD-000768,SKU-00166,1,DC-15,STANDARD,2026-08-15T03:13:00,2026-08-15T15:13:00,PACKING,EXCEPTION,EU,STANDARD
ORD-000769,SKU-00182,1,DC-16,STANDARD,2026-08-01T11:51:00,2026-08-01T19:51:00,PICKING,PICKING,EU,SAME_DAY
ORD-000770,SKU-01030,1,DC-04,STANDARD,2026-08-18T03:59:00,2026-08-18T09:59:00,ALLOCATED,HOLD,MEA,NEXT_DAY
ORD-000771,SKU-00403,1,DC-14,STANDARD,2026-08-25T00:57:00,2026-08-25T06:57:00,STAGED,STAGED,LATAM,SAME_DAY
ORD-000772,SKU-00700,1,DC-06,EXPEDITE,2026-09-04T07:53:00,2026-09-04T15:53:00,PICKING,EXCEPTION,,STANDARD
ORD-000773,SKU-00033,1,DC-15,STANDARD,2026-08-01T14:51:00,2026-08-01T22:51:00,PACKING,EXCEPTION,LATAM,SAME_DAY
ORD-000774,SKU-00528,1,DC-04,EXPEDITE,2026-09-01T14:23:00,2026-09-01T20:23:00,RELEASED,EXCEPTION,LATAM,STANDARD
ORD-000775,SKU-00699,1,DC-03,STANDARD,2026-08-25T06:01:00,2026-08-26T06:01:00,RELEASED,EXCEPTION,LATAM,SAME_DAY
ORD-000776,SKU-00534,1,DC-17,STANDARD,2026-08-17T11:54:00,2026-08-17T19:54:00,PACKING,PACKING,APAC,NEXT_DAY
ORD-000777,SKU-00615,1,DC-05,CRITICAL,2026-08-07T21:32:00,2026-08-08T09:32:00,RELEASED,RELEASED,APAC,STANDARD
ORD-000778,SKU-00826,1,DC-15,STANDARD,2026-08-13T00:09:00,2026-08-13T12:09:00,STAGED,STAGED,EU,NEXT_DAY
ORD-000779,SKU-00915,1,DC-06,STANDARD,2026-08-05T11:01:00,2026-08-05T19:01:00,STAGED,EXCEPTION,,SAME_DAY
ORD-000780,SKU-00292,1,DC-13,STANDARD,2026-08-22T04:49:00,2026-08-22T08:49:00,STAGED,STAGED,,STANDARD
ORD-000781,SKU-00136,1,DC-01,STANDARD,2026-08-31T23:05:00,2026-09-01T07:05:00,ALLOCATED,EXCEPTION,LATAM,SAME_DAY
ORD-000782,SKU-00882,1,DC-06,STANDARD,2026-09-01T15:24:00,2026-09-01T23:24:00,RELEASED,RELEASED,LATAM,STANDARD
ORD-000783,SKU-00714,1,DC-12,STANDARD,2026-08-22T20:35:00,2026-08-23T02:35:00,ALLOCATED,EXCEPTION,,STANDARD
ORD-000784,SKU-00199,1,DC-17,STANDARD,2026-08-02T02:31:00,2026-08-02T10:31:00,RELEASED,EXCEPTION,LATAM,STANDARD
ORD-000785,SKU-00772,1,DC-13,STANDARD,2026-08-11T13:46:00,2026-08-11T21:46:00,EXCEPTION,EXCEPTION,LATAM,SAME_DAY
ORD-000786,SKU-00783,1,DC-13,EXPEDITE,2026-09-02T04:55:00,2026-09-02T16:55:00,ALLOCATED,EXCEPTION,LATAM,STANDARD
ORD-000787,SKU-00443,1,DC-04,EXPEDITE,2026-08-31T07:02:00,2026-08-31T11:02:00,PICKING,PICKING,,STANDARD
ORD-000788,SKU-00438,1,DC-03,STANDARD,2026-08-18T19:24:00,2026-08-18T23:24:00,SHIPPED,SHIPPED,MEA,NEXT_DAY
ORD-000789,SKU-00089,1,DC-06,STANDARD,2026-08-02T06:41:00,2026-08-02T10:41:00,SHIPPED,HOLD,LATAM,STANDARD
ORD-000790,SKU-01122,1,DC-10,CRITICAL,2026-08-21T05:17:00,2026-08-21T17:17:00,ALLOCATED,ALLOCATED,MEA,STANDARD
ORD-000791,SKU-00486,1,DC-17,STANDARD,2026-08-07T21:38:00,2026-08-08T03:38:00,SHIPPED,SHIPPED,EU,STANDARD
ORD-000792,SKU-01067,1,DC-05,EXPEDITE,2026-08-15T07:27:00,2026-08-15T19:27:00,PACKING,PACKING,LATAM,NEXT_DAY
ORD-000793,SKU-00031,1,DC-11,EXPEDITE,2026-08-02T04:32:00,2026-08-03T04:32:00,RELEASED,EXCEPTION,LATAM,NEXT_DAY
ORD-000794,SKU-00504,1,DC-15,STANDARD,2026-09-04T16:12:00,2026-09-04T22:12:00,SHIPPED,SHIPPED,,STANDARD
ORD-000795,SKU-00994,1,DC-05,STANDARD,2026-08-07T18:05:00,2026-08-08T02:05:00,EXCEPTION,EXCEPTION,MEA,SAME_DAY
ORD-000796,SKU-00327,1,DC-09,EXPEDITE,2026-08-19T21:25:00,2026-08-20T03:25:00,EXCEPTION,HOLD,LATAM,NEXT_DAY
ORD-000797,SKU-00873,1,DC-06,STANDARD,2026-09-02T12:28:00,2026-09-03T00:28:00,PACKING,PACKING,LATAM,SAME_DAY
ORD-000798,SKU-00222,1,DC-12,STANDARD,2026-09-04T20:32:00,2026-09-05T00:32:00,PICKING,EXCEPTION,,STANDARD
ORD-000799,SKU-01189,1,DC-03,STANDARD,2026-09-01T09:51:00,2026-09-02T09:51:00,EXCEPTION,EXCEPTION,APAC,STANDARD
ORD-000800,SKU-00175,1,DC-18,STANDARD,2026-08-20T08:03:00,2026-08-21T08:03:00,PACKING,EXCEPTION,,STANDARD
ORD-000801,SKU-00147,1,DC-09,STANDARD,2026-08-15T08:16:00,2026-08-15T16:16:00,SHIPPED,SHIPPED,APAC,NEXT_DAY
ORD-000802,SKU-00934,1,DC-08,STANDARD,2026-08-12T08:10:00,2026-08-12T12:10:00,EXCEPTION,HOLD,LATAM,SAME_DAY
ORD-000803,SKU-00781,1,DC-10,STANDARD,2026-08-04T12:41:00,2026-08-04T18:41:00,PICKING,EXCEPTION,APAC,STANDARD
ORD-000804,SKU-00678,1,DC-10,STANDARD,2026-08-25T20:37:00,2026-08-26T08:37:00,PACKING,PACKING,APAC,STANDARD
ORD-000805,SKU-01093,1,DC-07,STANDARD,2026-08-30T12:42:00,2026-08-31T12:42:00,SHIPPED,SHIPPED,MEA,NEXT_DAY
ORD-000806,SKU-00181,1,DC-12,STANDARD,2026-08-29T12:14:00,2026-08-29T18:14:00,PICKING,HOLD,MEA,NEXT_DAY
ORD-000807,SKU-00481,1,DC-13,STANDARD,2026-08-17T11:14:00,2026-08-17T17:14:00,RELEASED,RELEASED,EU,SAME_DAY
ORD-000808,SKU-00609,1,DC-14,STANDARD,2026-08-11T01:13:00,2026-08-11T05:13:00,PICKING,EXCEPTION,MEA,STANDARD
ORD-000809,SKU-00062,1,DC-18,STANDARD,2026-08-20T16:29:00,2026-08-20T22:29:00,RELEASED,HOLD,APAC,SAME_DAY
ORD-000810,SKU-00919,1,DC-18,STANDARD,2026-08-13T06:30:00,2026-08-13T10:30:00,STAGED,STAGED,,STANDARD
ORD-000811,SKU-00155,1,DC-07,EXPEDITE,2026-08-30T15:40:00,2026-08-31T15:40:00,STAGED,EXCEPTION,EU,SAME_DAY
ORD-000812,SKU-00938,1,DC-05,STANDARD,2026-08-02T14:19:00,2026-08-02T20:19:00,PICKING,PICKING,LATAM,NEXT_DAY
ORD-000813,SKU-00611,1,DC-02,STANDARD,2026-08-31T18:28:00,2026-09-01T00:28:00,PACKING,EXCEPTION,MEA,STANDARD
ORD-000814,SKU-00448,1,DC-14,STANDARD,2026-08-10T00:35:00,2026-08-10T08:35:00,RELEASED,HOLD,,STANDARD
ORD-000815,SKU-00438,1,DC-11,STANDARD,2026-08-03T16:14:00,2026-08-04T16:14:00,STAGED,STAGED,MEA,SAME_DAY
ORD-000816,SKU-01091,1,DC-16,CRITICAL,2026-08-30T16:01:00,2026-08-31T16:01:00,EXCEPTION,EXCEPTION,MEA,SAME_DAY
ORD-000817,SKU-00376,1,DC-18,STANDARD,2026-08-07T07:31:00,2026-08-07T15:31:00,PACKING,HOLD,APAC,NEXT_DAY
ORD-000818,SKU-01095,1,DC-02,STANDARD,2026-08-04T17:35:00,2026-08-04T21:35:00,RELEASED,HOLD,LATAM,NEXT_DAY
ORD-000819,SKU-00142,1,DC-05,STANDARD,2026-08-27T12:02:00,2026-08-27T16:02:00,EXCEPTION,HOLD,,SAME_DAY
ORD-000820,SKU-00213,1,DC-04,STANDARD,2026-08-05T06:58:00,2026-08-05T18:58:00,PICKING,PICKING,EU,STANDARD
ORD-000821,SKU-00169,1,DC-16,STANDARD,2026-08-22T03:55:00,2026-08-22T07:55:00,EXCEPTION,HOLD,LATAM,STANDARD
ORD-000822,SKU-00895,1,DC-03,STANDARD,2026-08-21T22:57:00,2026-08-22T10:57:00,ALLOCATED,HOLD,LATAM,SAME_DAY
ORD-000823,SKU-00729,1,DC-09,CRITICAL,2026-08-02T05:09:00,2026-08-02T11:09:00,ALLOCATED,ALLOCATED,EU,NEXT_DAY
ORD-000824,SKU-01014,1,DC-07,STANDARD,2026-08-19T09:22:00,2026-08-19T13:22:00,ALLOCATED,HOLD,APAC,NEXT_DAY
ORD-000825,SKU-00733,1,DC-03,STANDARD,2026-08-13T04:26:00,2026-08-13T16:26:00,SHIPPED,EXCEPTION,,STANDARD
ORD-000826,SKU-00594,1,DC-04,STANDARD,2026-08-28T16:00:00,2026-08-29T00:00:00,PACKING,PACKING,LATAM,STANDARD
ORD-000827,SKU-00301,1,DC-10,STANDARD,2026-08-30T07:16:00,2026-08-30T11:16:00,PACKING,HOLD,APAC,NEXT_DAY
ORD-000828,SKU-00756,1,DC-05,STANDARD,2026-09-04T01:20:00,2026-09-04T09:20:00,PICKING,PICKING,EU,NEXT_DAY
ORD-000829,SKU-00161,1,DC-05,STANDARD,2026-08-07T22:38:00,2026-08-08T22:38:00,EXCEPTION,EXCEPTION,LATAM,STANDARD
ORD-000830,SKU-00110,1,DC-10,EXPEDITE,2026-08-21T07:50:00,2026-08-21T19:50:00,RELEASED,HOLD,EU,STANDARD
ORD-000831,SKU-00433,1,DC-13,STANDARD,2026-08-27T15:24:00,2026-08-27T23:24:00,PICKING,HOLD,MEA,STANDARD
ORD-000832,SKU-00199,1,DC-16,EXPEDITE,2026-09-03T11:35:00,2026-09-03T17:35:00,RELEASED,RELEASED,MEA,SAME_DAY
ORD-000833,SKU-00548,1,DC-14,STANDARD,2026-08-04T17:44:00,2026-08-04T23:44:00,STAGED,STAGED,MEA,STANDARD
ORD-000834,SKU-00666,1,DC-09,STANDARD,2026-08-17T00:30:00,2026-08-17T08:30:00,PACKING,PACKING,,SAME_DAY
ORD-000835,SKU-00014,1,DC-08,CRITICAL,2026-08-10T22:05:00,2026-08-11T22:05:00,STAGED,STAGED,EU,STANDARD
ORD-000836,SKU-00243,1,DC-17,EXPEDITE,2026-08-12T04:18:00,2026-08-12T12:18:00,SHIPPED,HOLD,MEA,SAME_DAY
ORD-000837,SKU-00332,1,DC-01,STANDARD,2026-08-24T15:54:00,2026-08-24T19:54:00,RELEASED,RELEASED,LATAM,SAME_DAY
ORD-000838,SKU-00915,1,DC-14,STANDARD,2026-08-12T03:11:00,2026-08-13T03:11:00,SHIPPED,SHIPPED,,SAME_DAY
ORD-000839,SKU-00931,1,DC-14,EXPEDITE,2026-08-11T13:29:00,2026-08-11T19:29:00,EXCEPTION,EXCEPTION,LATAM,NEXT_DAY
ORD-000840,SKU-00532,1,DC-04,STANDARD,2026-09-01T04:23:00,2026-09-01T08:23:00,PICKING,EXCEPTION,MEA,STANDARD
ORD-000841,SKU-00168,1,DC-05,STANDARD,2026-08-28T16:28:00,2026-08-28T20:28:00,PICKING,PICKING,EU,NEXT_DAY
ORD-000842,SKU-00221,1,DC-13,STANDARD,2026-08-01T22:38:00,2026-08-02T10:38:00,SHIPPED,SHIPPED,EU,STANDARD
ORD-000843,SKU-00991,1,DC-11,STANDARD,2026-08-25T07:38:00,2026-08-25T11:38:00,SHIPPED,SHIPPED,APAC,STANDARD
ORD-000844,SKU-01178,1,DC-06,STANDARD,2026-08-09T00:49:00,2026-08-09T06:49:00,EXCEPTION,EXCEPTION,EU,STANDARD
ORD-000845,SKU-00773,1,DC-03,STANDARD,2026-08-30T11:04:00,2026-08-30T15:04:00,SHIPPED,SHIPPED,MEA,NEXT_DAY
ORD-000846,SKU-00558,1,DC-15,STANDARD,2026-08-25T16:00:00,2026-08-26T16:00:00,EXCEPTION,EXCEPTION,LATAM,NEXT_DAY
ORD-000847,SKU-00871,1,DC-07,STANDARD,2026-08-10T04:16:00,2026-08-10T16:16:00,SHIPPED,SHIPPED,EU,STANDARD
ORD-000848,SKU-00829,1,DC-05,EXPEDITE,2026-09-03T09:04:00,2026-09-03T13:04:00,SHIPPED,SHIPPED,LATAM,SAME_DAY
ORD-000849,SKU-00277,1,DC-03,CRITICAL,2026-08-29T16:01:00,2026-08-29T22:01:00,EXCEPTION,EXCEPTION,EU,NEXT_DAY
ORD-000850,SKU-00946,1,DC-02,STANDARD,2026-09-02T12:14:00,2026-09-03T12:14:00,EXCEPTION,EXCEPTION,LATAM,STANDARD
ORD-000851,SKU-01013,1,DC-08,STANDARD,2026-08-23T00:35:00,2026-08-23T08:35:00,RELEASED,RELEASED,LATAM,NEXT_DAY
ORD-000852,SKU-00679,1,DC-14,STANDARD,2026-08-23T20:59:00,2026-08-24T08:59:00,SHIPPED,SHIPPED,LATAM,STANDARD
ORD-000853,SKU-01065,1,DC-13,STANDARD,2026-08-16T10:41:00,2026-08-16T22:41:00,STAGED,HOLD,MEA,SAME_DAY
ORD-000854,SKU-00933,1,DC-16,STANDARD,2026-09-03T07:40:00,2026-09-03T19:40:00,PACKING,HOLD,APAC,STANDARD
ORD-000855,SKU-00502,1,DC-04,STANDARD,2026-08-01T19:56:00,2026-08-01T23:56:00,STAGED,STAGED,,STANDARD
ORD-000856,SKU-00397,1,DC-10,STANDARD,2026-08-17T05:39:00,2026-08-17T17:39:00,PICKING,PICKING,LATAM,SAME_DAY
ORD-000857,SKU-00781,1,DC-03,STANDARD,2026-08-20T15:21:00,2026-08-21T03:21:00,RELEASED,HOLD,MEA,STANDARD
ORD-000858,SKU-01096,1,DC-15,EXPEDITE,2026-09-03T07:37:00,2026-09-03T15:37:00,SHIPPED,SHIPPED,APAC,SAME_DAY
ORD-000859,SKU-00740,1,DC-01,STANDARD,2026-08-22T13:46:00,2026-08-23T13:46:00,PACKING,PACKING,,NEXT_DAY
ORD-000860,SKU-00679,1,DC-12,EXPEDITE,2026-08-12T23:00:00,2026-08-13T23:00:00,STAGED,HOLD,,NEXT_DAY
ORD-000861,SKU-01006,1,DC-06,EXPEDITE,2026-08-09T14:15:00,2026-08-10T14:15:00,SHIPPED,SHIPPED,MEA,SAME_DAY
ORD-000862,SKU-00589,1,DC-07,STANDARD,2026-08-31T06:52:00,2026-08-31T10:52:00,SHIPPED,SHIPPED,APAC,NEXT_DAY
ORD-000863,SKU-00028,1,DC-16,STANDARD,2026-08-21T12:16:00,2026-08-21T16:16:00,ALLOCATED,ALLOCATED,EU,NEXT_DAY
ORD-000864,SKU-01185,1,DC-18,EXPEDITE,2026-08-08T03:36:00,2026-08-08T09:36:00,STAGED,STAGED,EU,STANDARD
ORD-000865,SKU-00694,1,DC-13,STANDARD,2026-08-05T16:28:00,2026-08-06T16:28:00,SHIPPED,EXCEPTION,APAC,NEXT_DAY
ORD-000866,SKU-00060,1,DC-10,STANDARD,2026-08-25T00:55:00,2026-08-26T00:55:00,SHIPPED,SHIPPED,LATAM,STANDARD
ORD-000867,SKU-00090,1,DC-06,STANDARD,2026-09-02T19:15:00,2026-09-02T23:15:00,PICKING,PICKING,,SAME_DAY
ORD-000868,SKU-00066,1,DC-14,STANDARD,2026-08-03T14:25:00,2026-08-04T02:25:00,EXCEPTION,EXCEPTION,APAC,NEXT_DAY
ORD-000869,SKU-01172,1,DC-13,STANDARD,2026-08-12T21:15:00,2026-08-13T21:15:00,PACKING,HOLD,,SAME_DAY
ORD-000870,SKU-00061,1,DC-11,STANDARD,2026-08-24T18:34:00,2026-08-25T18:34:00,EXCEPTION,EXCEPTION,EU,STANDARD
ORD-000871,SKU-00330,1,DC-15,STANDARD,2026-08-26T11:34:00,2026-08-27T11:34:00,EXCEPTION,HOLD,MEA,SAME_DAY
ORD-000872,SKU-00309,1,DC-02,EXPEDITE,2026-08-05T14:37:00,2026-08-06T02:37:00,RELEASED,HOLD,MEA,STANDARD
ORD-000873,SKU-00761,1,DC-03,CRITICAL,2026-08-29T11:51:00,2026-08-29T15:51:00,EXCEPTION,EXCEPTION,LATAM,NEXT_DAY
ORD-000874,SKU-00957,1,DC-02,CRITICAL,2026-08-16T13:14:00,2026-08-16T19:14:00,ALLOCATED,EXCEPTION,APAC,SAME_DAY
ORD-000875,SKU-00451,1,DC-15,STANDARD,2026-08-22T04:46:00,2026-08-22T10:46:00,EXCEPTION,EXCEPTION,EU,SAME_DAY
ORD-000876,SKU-00889,1,DC-02,STANDARD,2026-08-05T18:49:00,2026-08-06T18:49:00,EXCEPTION,HOLD,APAC,SAME_DAY
ORD-000877,SKU-00545,1,DC-01,STANDARD,2026-08-04T11:02:00,2026-08-04T19:02:00,ALLOCATED,EXCEPTION,MEA,NEXT_DAY
ORD-000878,SKU-00862,1,DC-09,EXPEDITE,2026-08-02T16:07:00,2026-08-03T04:07:00,SHIPPED,SHIPPED,EU,SAME_DAY
ORD-000879,SKU-00533,1,DC-10,STANDARD,2026-08-10T08:38:00,2026-08-11T08:38:00,PICKING,HOLD,,NEXT_DAY
ORD-000880,SKU-00366,1,DC-10,STANDARD,2026-08-01T08:20:00,2026-08-01T20:20:00,EXCEPTION,EXCEPTION,MEA,STANDARD
ORD-000881,SKU-00724,1,DC-13,EXPEDITE,2026-08-16T18:05:00,2026-08-17T06:05:00,STAGED,HOLD,MEA,SAME_DAY
ORD-000882,SKU-00701,1,DC-11,STANDARD,2026-08-22T16:07:00,2026-08-23T04:07:00,RELEASED,RELEASED,MEA,STANDARD
ORD-000883,SKU-00480,1,DC-16,STANDARD,2026-09-04T19:36:00,2026-09-05T19:36:00,ALLOCATED,HOLD,LATAM,STANDARD
ORD-000884,SKU-01141,1,DC-11,STANDARD,2026-08-26T22:57:00,2026-08-27T04:57:00,EXCEPTION,EXCEPTION,,NEXT_DAY
ORD-000885,SKU-00365,1,DC-08,EXPEDITE,2026-08-17T00:18:00,2026-08-17T12:18:00,RELEASED,EXCEPTION,EU,NEXT_DAY
ORD-000886,SKU-00848,1,DC-06,EXPEDITE,2026-08-08T11:38:00,2026-08-08T17:38:00,PACKING,EXCEPTION,APAC,NEXT_DAY
ORD-000887,SKU-01055,1,DC-14,STANDARD,2026-08-19T15:11:00,2026-08-19T19:11:00,PACKING,EXCEPTION,APAC,SAME_DAY
ORD-000888,SKU-01041,1,DC-07,STANDARD,2026-08-02T00:58:00,2026-08-02T04:58:00,SHIPPED,HOLD,APAC,NEXT_DAY
ORD-000889,SKU-00793,1,DC-07,STANDARD,2026-08-15T02:08:00,2026-08-15T14:08:00,STAGED,STAGED,MEA,STANDARD
ORD-000890,SKU-00989,1,DC-14,STANDARD,2026-08-22T23:44:00,2026-08-23T11:44:00,EXCEPTION,EXCEPTION,APAC,SAME_DAY
ORD-000891,SKU-00928,1,DC-17,STANDARD,2026-08-10T15:35:00,2026-08-10T21:35:00,STAGED,HOLD,,STANDARD
ORD-000892,SKU-00727,1,DC-02,STANDARD,2026-08-29T14:55:00,2026-08-30T14:55:00,EXCEPTION,EXCEPTION,MEA,SAME_DAY
ORD-000893,SKU-00736,1,DC-01,EXPEDITE,2026-08-29T03:11:00,2026-08-30T03:11:00,ALLOCATED,HOLD,APAC,SAME_DAY
ORD-000894,SKU-00029,1,DC-13,STANDARD,2026-08-24T23:10:00,2026-08-25T23:10:00,RELEASED,RELEASED,LATAM,STANDARD
ORD-000895,SKU-00389,1,DC-02,STANDARD,2026-08-28T03:01:00,2026-08-28T11:01:00,SHIPPED,SHIPPED,MEA,SAME_DAY
ORD-000896,SKU-00997,1,DC-06,STANDARD,2026-08-15T19:33:00,2026-08-16T19:33:00,SHIPPED,HOLD,MEA,NEXT_DAY
ORD-000897,SKU-00747,1,DC-18,STANDARD,2026-08-17T19:10:00,2026-08-18T19:10:00,PICKING,PICKING,MEA,STANDARD
ORD-000898,SKU-00889,1,DC-14,EXPEDITE,2026-08-19T06:26:00,2026-08-19T12:26:00,SHIPPED,HOLD,EU,NEXT_DAY
ORD-000899,SKU-00738,1,DC-14,STANDARD,2026-08-22T07:41:00,2026-08-22T19:41:00,EXCEPTION,EXCEPTION,APAC,STANDARD
ORD-000900,SKU-01148,1,DC-03,STANDARD,2026-08-25T22:04:00,2026-08-26T02:04:00,STAGED,HOLD,LATAM,SAME_DAY
ORD-000901,SKU-00664,1,DC-09,STANDARD,2026-08-25T04:17:00,2026-08-25T12:17:00,PACKING,EXCEPTION,,NEXT_DAY
ORD-000902,SKU-00104,1,DC-15,STANDARD,2026-08-12T13:04:00,2026-08-13T13:04:00,ALLOCATED,ALLOCATED,LATAM,NEXT_DAY
ORD-000903,SKU-00086,1,DC-06,STANDARD,2026-08-14T03:06:00,2026-08-14T15:06:00,PICKING,EXCEPTION,MEA,STANDARD
ORD-000904,SKU-00373,1,DC-16,EXPEDITE,2026-08-12T15:52:00,2026-08-12T23:52:00,ALLOCATED,ALLOCATED,APAC,SAME_DAY
ORD-000905,SKU-00053,1,DC-07,STANDARD,2026-08-29T01:51:00,2026-08-29T07:51:00,EXCEPTION,EXCEPTION,APAC,SAME_DAY
ORD-000906,SKU-00512,1,DC-02,STANDARD,2026-08-31T14:35:00,2026-09-01T14:35:00,STAGED,STAGED,EU,STANDARD
ORD-000907,SKU-00329,1,DC-10,EXPEDITE,2026-09-01T07:30:00,2026-09-01T11:30:00,STAGED,EXCEPTION,EU,SAME_DAY
ORD-000908,SKU-00198,1,DC-05,CRITICAL,2026-08-26T16:38:00,2026-08-27T04:38:00,EXCEPTION,EXCEPTION,MEA,STANDARD
ORD-000909,SKU-00558,1,DC-01,STANDARD,2026-08-14T05:10:00,2026-08-14T13:10:00,ALLOCATED,ALLOCATED,APAC,NEXT_DAY
ORD-000910,SKU-00683,1,DC-01,STANDARD,2026-08-23T17:10:00,2026-08-24T05:10:00,PICKING,PICKING,EU,NEXT_DAY
ORD-000911,SKU-00632,1,DC-03,STANDARD,2026-08-22T15:08:00,2026-08-22T23:08:00,RELEASED,RELEASED,LATAM,NEXT_DAY
ORD-000912,SKU-00746,1,DC-10,STANDARD,2026-08-29T22:54:00,2026-08-30T04:54:00,EXCEPTION,EXCEPTION,MEA,SAME_DAY
ORD-000913,SKU-00686,1,DC-17,EXPEDITE,2026-08-23T10:10:00,2026-08-23T18:10:00,PACKING,PACKING,EU,NEXT_DAY
ORD-000914,SKU-00619,1,DC-11,STANDARD,2026-08-28T18:31:00,2026-08-29T02:31:00,RELEASED,RELEASED,LATAM,NEXT_DAY
ORD-000915,SKU-00038,1,DC-15,STANDARD,2026-08-31T19:06:00,2026-08-31T23:06:00,PACKING,HOLD,,STANDARD
ORD-000916,SKU-00492,1,DC-08,STANDARD,2026-08-12T15:43:00,2026-08-12T21:43:00,EXCEPTION,EXCEPTION,APAC,STANDARD
ORD-000917,SKU-01136,1,DC-13,STANDARD,2026-08-17T10:00:00,2026-08-17T18:00:00,EXCEPTION,EXCEPTION,MEA,STANDARD
ORD-000918,SKU-00785,1,DC-12,STANDARD,2026-08-10T16:22:00,2026-08-11T16:22:00,STAGED,STAGED,LATAM,NEXT_DAY
ORD-000919,SKU-01116,1,DC-07,STANDARD,2026-09-01T05:45:00,2026-09-01T09:45:00,PACKING,EXCEPTION,LATAM,NEXT_DAY
ORD-000920,SKU-00728,1,DC-06,STANDARD,2026-08-07T16:33:00,2026-08-07T22:33:00,EXCEPTION,EXCEPTION,EU,STANDARD
ORD-000921,SKU-00055,1,DC-09,STANDARD,2026-09-04T20:43:00,2026-09-05T04:43:00,STAGED,STAGED,MEA,SAME_DAY
ORD-000922,SKU-00627,1,DC-01,STANDARD,2026-08-06T00:07:00,2026-08-06T08:07:00,PICKING,EXCEPTION,LATAM,SAME_DAY
ORD-000923,SKU-00303,1,DC-16,STANDARD,2026-08-11T07:38:00,2026-08-12T07:38:00,STAGED,STAGED,APAC,SAME_DAY
ORD-000924,SKU-00625,1,DC-09,STANDARD,2026-09-03T04:31:00,2026-09-03T10:31:00,PICKING,EXCEPTION,,SAME_DAY
ORD-000925,SKU-00146,1,DC-15,STANDARD,2026-08-04T07:07:00,2026-08-04T13:07:00,EXCEPTION,EXCEPTION,,NEXT_DAY
ORD-000926,SKU-00860,1,DC-13,CRITICAL,2026-08-09T23:23:00,2026-08-10T11:23:00,ALLOCATED,ALLOCATED,MEA,SAME_DAY
ORD-000927,SKU-00116,1,DC-10,STANDARD,2026-08-18T18:38:00,2026-08-19T06:38:00,SHIPPED,SHIPPED,,SAME_DAY
ORD-000928,SKU-00279,1,DC-15,STANDARD,2026-08-11T06:16:00,2026-08-11T18:16:00,PACKING,EXCEPTION,LATAM,NEXT_DAY
ORD-000929,SKU-00359,1,DC-16,CRITICAL,2026-08-27T20:35:00,2026-08-28T04:35:00,STAGED,STAGED,MEA,STANDARD
ORD-000930,SKU-00171,1,DC-06,STANDARD,2026-08-06T09:01:00,2026-08-06T15:01:00,RELEASED,EXCEPTION,EU,STANDARD
ORD-000931,SKU-00687,1,DC-03,EXPEDITE,2026-08-28T08:47:00,2026-08-28T16:47:00,ALLOCATED,EXCEPTION,APAC,STANDARD
ORD-000932,SKU-00610,1,DC-14,STANDARD,2026-08-13T09:39:00,2026-08-13T15:39:00,EXCEPTION,EXCEPTION,APAC,SAME_DAY
ORD-000933,SKU-00712,1,DC-09,EXPEDITE,2026-09-04T08:10:00,2026-09-05T08:10:00,RELEASED,RELEASED,EU,SAME_DAY
ORD-000934,SKU-00423,1,DC-13,EXPEDITE,2026-09-02T03:28:00,2026-09-02T15:28:00,RELEASED,RELEASED,EU,SAME_DAY
ORD-000935,SKU-00105,1,DC-03,STANDARD,2026-08-31T06:10:00,2026-08-31T12:10:00,PICKING,PICKING,APAC,NEXT_DAY
ORD-000936,SKU-01139,1,DC-15,EXPEDITE,2026-08-16T07:29:00,2026-08-16T19:29:00,RELEASED,RELEASED,APAC,STANDARD
ORD-000937,SKU-00662,1,DC-05,STANDARD,2026-08-18T07:59:00,2026-08-18T15:59:00,ALLOCATED,ALLOCATED,APAC,SAME_DAY
ORD-000938,SKU-00563,1,DC-15,EXPEDITE,2026-08-27T22:49:00,2026-08-28T04:49:00,RELEASED,RELEASED,LATAM,STANDARD
ORD-000939,SKU-00052,1,DC-18,STANDARD,2026-08-12T01:35:00,2026-08-12T13:35:00,RELEASED,RELEASED,MEA,NEXT_DAY
ORD-000940,SKU-01120,1,DC-16,STANDARD,2026-09-03T14:59:00,2026-09-04T02:59:00,EXCEPTION,EXCEPTION,EU,NEXT_DAY
ORD-000941,SKU-00604,1,DC-06,STANDARD,2026-08-06T05:12:00,2026-08-06T09:12:00,PICKING,HOLD,MEA,SAME_DAY
ORD-000942,SKU-00109,1,DC-12,STANDARD,2026-08-04T00:51:00,2026-08-04T06:51:00,EXCEPTION,HOLD,APAC,SAME_DAY
ORD-000943,SKU-00554,1,DC-16,STANDARD,2026-08-07T15:13:00,2026-08-07T19:13:00,SHIPPED,SHIPPED,APAC,NEXT_DAY
ORD-000944,SKU-00621,1,DC-09,EXPEDITE,2026-08-14T20:37:00,2026-08-15T20:37:00,RELEASED,EXCEPTION,,STANDARD
ORD-000945,SKU-00666,1,DC-18,STANDARD,2026-08-03T16:28:00,2026-08-04T00:28:00,PACKING,EXCEPTION,,SAME_DAY
ORD-000946,SKU-00208,1,DC-15,STANDARD,2026-08-05T05:00:00,2026-08-05T09:00:00,PACKING,HOLD,EU,NEXT_DAY
ORD-000947,SKU-00613,1,DC-09,STANDARD,2026-09-04T18:12:00,2026-09-04T22:12:00,PICKING,HOLD,,SAME_DAY
ORD-000948,SKU-00821,1,DC-08,STANDARD,2026-08-30T17:54:00,2026-08-31T01:54:00,RELEASED,RELEASED,LATAM,SAME_DAY
ORD-000949,SKU-00562,1,DC-01,STANDARD,2026-08-31T20:12:00,2026-09-01T08:12:00,RELEASED,RELEASED,,SAME_DAY
ORD-000950,SKU-00300,1,DC-04,CRITICAL,2026-08-15T19:44:00,2026-08-16T07:44:00,STAGED,STAGED,EU,SAME_DAY
ORD-000951,SKU-00595,1,DC-17,EXPEDITE,2026-08-31T16:20:00,2026-09-01T04:20:00,SHIPPED,SHIPPED,,STANDARD
ORD-000952,SKU-00807,1,DC-10,EXPEDITE,2026-08-28T16:24:00,2026-08-28T20:24:00,RELEASED,HOLD,,NEXT_DAY
ORD-000953,SKU-01093,1,DC-13,EXPEDITE,2026-08-20T20:31:00,2026-08-21T02:31:00,RELEASED,RELEASED,,STANDARD
ORD-000954,SKU-00085,1,DC-05,STANDARD,2026-08-08T05:48:00,2026-08-09T05:48:00,PICKING,PICKING,,STANDARD
ORD-000955,SKU-01139,1,DC-01,EXPEDITE,2026-08-04T01:47:00,2026-08-04T13:47:00,STAGED,STAGED,APAC,SAME_DAY
ORD-000956,SKU-01006,1,DC-17,STANDARD,2026-09-04T08:26:00,2026-09-05T08:26:00,STAGED,EXCEPTION,LATAM,STANDARD
ORD-000957,SKU-00887,1,DC-02,STANDARD,2026-08-24T10:19:00,2026-08-25T10:19:00,STAGED,HOLD,,SAME_DAY
ORD-000958,SKU-00656,1,DC-09,STANDARD,2026-08-26T11:38:00,2026-08-26T17:38:00,EXCEPTION,EXCEPTION,APAC,NEXT_DAY
ORD-000959,SKU-00173,1,DC-14,STANDARD,2026-08-24T10:59:00,2026-08-24T22:59:00,ALLOCATED,HOLD,MEA,STANDARD
ORD-000960,SKU-00808,1,DC-14,CRITICAL,2026-08-16T06:01:00,2026-08-16T12:01:00,SHIPPED,SHIPPED,MEA,SAME_DAY
ORD-000961,SKU-00478,1,DC-06,CRITICAL,2026-08-14T06:32:00,2026-08-14T10:32:00,PACKING,PACKING,EU,NEXT_DAY
ORD-000962,SKU-00165,1,DC-18,STANDARD,2026-08-24T09:32:00,2026-08-24T13:32:00,EXCEPTION,EXCEPTION,APAC,NEXT_DAY
ORD-000963,SKU-00663,1,DC-17,STANDARD,2026-08-24T01:50:00,2026-08-24T05:50:00,STAGED,HOLD,APAC,SAME_DAY
ORD-000964,SKU-00264,1,DC-14,EXPEDITE,2026-08-25T13:27:00,2026-08-25T17:27:00,SHIPPED,SHIPPED,APAC,NEXT_DAY
ORD-000965,SKU-00703,1,DC-09,STANDARD,2026-09-04T00:30:00,2026-09-05T00:30:00,SHIPPED,SHIPPED,EU,STANDARD
ORD-000966,SKU-01001,1,DC-06,STANDARD,2026-08-05T22:35:00,2026-08-06T22:35:00,EXCEPTION,HOLD,,STANDARD
ORD-000967,SKU-00234,1,DC-01,STANDARD,2026-08-10T19:24:00,2026-08-11T19:24:00,SHIPPED,EXCEPTION,MEA,NEXT_DAY
ORD-000968,SKU-00357,1,DC-02,STANDARD,2026-08-31T10:17:00,2026-08-31T14:17:00,SHIPPED,SHIPPED,EU,STANDARD
ORD-000969,SKU-00118,1,DC-11,STANDARD,2026-08-27T22:56:00,2026-08-28T22:56:00,RELEASED,RELEASED,EU,SAME_DAY
ORD-000970,SKU-00990,1,DC-04,STANDARD,2026-09-04T14:22:00,2026-09-05T14:22:00,ALLOCATED,HOLD,EU,NEXT_DAY
ORD-000971,SKU-00187,1,DC-10,STANDARD,2026-08-02T13:36:00,2026-08-03T01:36:00,PACKING,PACKING,EU,NEXT_DAY
ORD-000972,SKU-00508,1,DC-15,STANDARD,2026-08-27T19:18:00,2026-08-28T19:18:00,EXCEPTION,EXCEPTION,LATAM,NEXT_DAY
ORD-000973,SKU-00699,1,DC-18,STANDARD,2026-08-08T09:33:00,2026-08-08T13:33:00,ALLOCATED,HOLD,EU,NEXT_DAY
ORD-000974,SKU-00231,1,DC-06,CRITICAL,2026-08-09T12:22:00,2026-08-09T20:22:00,PICKING,HOLD,APAC,SAME_DAY
ORD-000975,SKU-00430,1,DC-16,STANDARD,2026-08-01T08:15:00,2026-08-01T14:15:00,ALLOCATED,ALLOCATED,LATAM,NEXT_DAY
ORD-000976,SKU-00576,1,DC-03,STANDARD,2026-08-23T04:49:00,2026-08-23T12:49:00,RELEASED,RELEASED,,NEXT_DAY
ORD-000977,SKU-00520,1,DC-06,EXPEDITE,2026-08-04T03:53:00,2026-08-04T15:53:00,ALLOCATED,ALLOCATED,LATAM,STANDARD
ORD-000978,SKU-00383,1,DC-08,STANDARD,2026-08-08T04:25:00,2026-08-08T16:25:00,EXCEPTION,EXCEPTION,,STANDARD
ORD-000979,SKU-00219,1,DC-17,EXPEDITE,2026-08-26T18:46:00,2026-08-27T06:46:00,PICKING,PICKING,APAC,SAME_DAY
ORD-000980,SKU-00259,1,DC-06,STANDARD,2026-08-18T15:28:00,2026-08-19T03:28:00,EXCEPTION,EXCEPTION,MEA,SAME_DAY
ORD-000981,SKU-01067,1,DC-05,STANDARD,2026-08-23T19:16:00,2026-08-23T23:16:00,SHIPPED,SHIPPED,LATAM,SAME_DAY
ORD-000982,SKU-00030,1,DC-06,STANDARD,2026-08-10T08:49:00,2026-08-10T20:49:00,RELEASED,RELEASED,APAC,STANDARD
ORD-000983,SKU-00894,1,DC-13,STANDARD,2026-08-26T12:29:00,2026-08-27T12:29:00,PACKING,EXCEPTION,EU,SAME_DAY
ORD-000984,SKU-00776,1,DC-10,CRITICAL,2026-08-29T14:45:00,2026-08-29T22:45:00,ALLOCATED,HOLD,MEA,STANDARD
ORD-000985,SKU-00036,1,DC-18,STANDARD,2026-08-28T17:14:00,2026-08-28T21:14:00,STAGED,HOLD,EU,STANDARD
ORD-000986,SKU-00527,1,DC-13,EXPEDITE,2026-08-24T21:05:00,2026-08-25T03:05:00,ALLOCATED,ALLOCATED,APAC,NEXT_DAY
ORD-000987,SKU-00542,1,DC-13,EXPEDITE,2026-08-22T04:48:00,2026-08-22T10:48:00,STAGED,EXCEPTION,MEA,NEXT_DAY
ORD-000988,SKU-00822,1,DC-01,STANDARD,2026-08-12T01:41:00,2026-08-13T01:41:00,RELEASED,RELEASED,MEA,SAME_DAY
ORD-000989,SKU-00106,1,DC-01,STANDARD,2026-08-09T11:06:00,2026-08-09T15:06:00,SHIPPED,EXCEPTION,APAC,STANDARD
ORD-000990,SKU-00944,1,DC-09,STANDARD,2026-08-17T16:51:00,2026-08-18T16:51:00,PICKING,PICKING,,STANDARD
ORD-000991,SKU-00738,1,DC-11,EXPEDITE,2026-08-13T00:35:00,2026-08-13T08:35:00,STAGED,STAGED,,SAME_DAY
ORD-000992,SKU-00704,1,DC-11,CRITICAL,2026-08-24T08:28:00,2026-08-24T16:28:00,PACKING,PACKING,MEA,SAME_DAY
ORD-000993,SKU-00059,1,DC-17,CRITICAL,2026-09-04T13:57:00,2026-09-04T19:57:00,EXCEPTION,EXCEPTION,MEA,NEXT_DAY
ORD-000994,SKU-00168,1,DC-05,CRITICAL,2026-08-29T19:35:00,2026-08-29T23:35:00,STAGED,STAGED,LATAM,NEXT_DAY
ORD-000995,SKU-00495,1,DC-09,STANDARD,2026-08-10T23:25:00,2026-08-11T11:25:00,RELEASED,RELEASED,,STANDARD
ORD-000996,SKU-00187,1,DC-10,STANDARD,2026-08-31T22:03:00,2026-09-01T04:03:00,ALLOCATED,ALLOCATED,,SAME_DAY
ORD-000997,SKU-01164,1,DC-03,STANDARD,2026-08-03T05:00:00,2026-08-04T05:00:00,STAGED,STAGED,,STANDARD
ORD-000998,SKU-00212,1,DC-11,STANDARD,2026-08-16T13:42:00,2026-08-16T19:42:00,ALLOCATED,EXCEPTION,MEA,STANDARD
ORD-000999,SKU-00141,1,DC-17,STANDARD,2026-09-04T03:34:00,2026-09-04T11:34:00,ALLOCATED,HOLD,MEA,NEXT_DAY
ORD-001000,SKU-00220,1,DC-06,EXPEDITE,2026-08-19T13:47:00,2026-08-19T17:47:00,EXCEPTION,EXCEPTION,,SAME_DAY
ORD-001001,SKU-00923,1,DC-06,EXPEDITE,2026-08-23T07:33:00,2026-08-23T11:33:00,SHIPPED,SHIPPED,,SAME_DAY
ORD-001002,SKU-00133,1,DC-12,STANDARD,2026-08-20T02:52:00,2026-08-20T06:52:00,RELEASED,RELEASED,MEA,STANDARD
ORD-001003,SKU-00049,1,DC-17,STANDARD,2026-08-07T01:58:00,2026-08-08T01:58:00,ALLOCATED,HOLD,,STANDARD
ORD-001004,SKU-00674,1,DC-16,EXPEDITE,2026-08-23T04:42:00,2026-08-23T10:42:00,SHIPPED,EXCEPTION,LATAM,STANDARD
ORD-001005,SKU-00204,1,DC-03,STANDARD,2026-08-02T15:24:00,2026-08-02T21:24:00,STAGED,STAGED,LATAM,STANDARD
ORD-001006,SKU-00487,1,DC-13,EXPEDITE,2026-09-05T04:33:00,2026-09-05T08:33:00,PACKING,EXCEPTION,EU,STANDARD
ORD-001007,SKU-00576,1,DC-04,STANDARD,2026-08-30T16:49:00,2026-08-31T00:49:00,ALLOCATED,ALLOCATED,MEA,STANDARD
ORD-001008,SKU-00987,1,DC-18,STANDARD,2026-08-18T02:38:00,2026-08-18T08:38:00,PACKING,PACKING,LATAM,NEXT_DAY
ORD-001009,SKU-00847,1,DC-11,STANDARD,2026-09-02T19:14:00,2026-09-03T03:14:00,EXCEPTION,HOLD,MEA,STANDARD
ORD-001010,SKU-00225,1,DC-06,STANDARD,2026-08-24T16:29:00,2026-08-25T04:29:00,PICKING,PICKING,EU,SAME_DAY
ORD-001011,SKU-00894,1,DC-02,STANDARD,2026-08-25T19:19:00,2026-08-26T01:19:00,PACKING,EXCEPTION,MEA,NEXT_DAY
ORD-001012,SKU-00192,1,DC-13,STANDARD,2026-09-01T06:39:00,2026-09-01T18:39:00,STAGED,STAGED,APAC,STANDARD
ORD-001013,SKU-00682,1,DC-04,EXPEDITE,2026-08-14T22:05:00,2026-08-15T10:05:00,PICKING,PICKING,LATAM,STANDARD
ORD-001014,SKU-00987,1,DC-06,STANDARD,2026-08-23T14:16:00,2026-08-23T22:16:00,SHIPPED,SHIPPED,EU,STANDARD
ORD-001015,SKU-00069,1,DC-08,CRITICAL,2026-08-04T08:04:00,2026-08-04T14:04:00,PICKING,PICKING,EU,NEXT_DAY
ORD-001016,SKU-00963,1,DC-06,STANDARD,2026-08-02T03:48:00,2026-08-03T03:48:00,SHIPPED,EXCEPTION,APAC,NEXT_DAY
ORD-001017,SKU-00654,1,DC-01,EXPEDITE,2026-08-09T12:32:00,2026-08-09T20:32:00,ALLOCATED,ALLOCATED,,STANDARD
ORD-001018,SKU-01072,1,DC-02,STANDARD,2026-08-07T10:09:00,2026-08-07T18:09:00,EXCEPTION,EXCEPTION,APAC,NEXT_DAY
ORD-001019,SKU-00600,1,DC-01,STANDARD,2026-08-12T11:49:00,2026-08-12T19:49:00,EXCEPTION,HOLD,APAC,STANDARD
ORD-001020,SKU-00318,1,DC-10,STANDARD,2026-08-11T05:35:00,2026-08-11T11:35:00,PICKING,HOLD,MEA,STANDARD
ORD-001021,SKU-00569,1,DC-01,EXPEDITE,2026-08-20T04:52:00,2026-08-21T04:52:00,STAGED,EXCEPTION,,STANDARD
ORD-001022,SKU-00591,1,DC-09,STANDARD,2026-08-27T23:07:00,2026-08-28T05:07:00,EXCEPTION,EXCEPTION,EU,NEXT_DAY
ORD-001023,SKU-00370,1,DC-17,STANDARD,2026-08-11T05:29:00,2026-08-11T17:29:00,PICKING,PICKING,LATAM,SAME_DAY
ORD-001024,SKU-01121,1,DC-01,STANDARD,2026-08-27T18:20:00,2026-08-28T00:20:00,ALLOCATED,ALLOCATED,MEA,SAME_DAY
ORD-001025,SKU-00138,1,DC-08,STANDARD,2026-08-02T11:31:00,2026-08-03T11:31:00,EXCEPTION,EXCEPTION,EU,SAME_DAY
ORD-001026,SKU-00296,1,DC-04,STANDARD,2026-08-21T13:10:00,2026-08-21T21:10:00,RELEASED,RELEASED,,STANDARD
ORD-001027,SKU-01051,1,DC-14,STANDARD,2026-08-21T11:47:00,2026-08-21T19:47:00,EXCEPTION,EXCEPTION,EU,STANDARD
ORD-001028,SKU-01044,1,DC-18,EXPEDITE,2026-08-22T06:57:00,2026-08-23T06:57:00,RELEASED,HOLD,,STANDARD
ORD-001029,SKU-00633,1,DC-14,EXPEDITE,2026-08-27T07:38:00,2026-08-27T11:38:00,RELEASED,HOLD,APAC,STANDARD
ORD-001030,SKU-00675,1,DC-04,EXPEDITE,2026-08-07T01:08:00,2026-08-07T07:08:00,PICKING,PICKING,LATAM,STANDARD
ORD-001031,SKU-01075,1,DC-18,STANDARD,2026-08-15T09:15:00,2026-08-15T17:15:00,RELEASED,RELEASED,EU,SAME_DAY
ORD-001032,SKU-01174,1,DC-07,STANDARD,2026-08-25T16:58:00,2026-08-26T00:58:00,PICKING,PICKING,,SAME_DAY
ORD-001033,SKU-00099,1,DC-07,EXPEDITE,2026-08-07T23:36:00,2026-08-08T11:36:00,PICKING,PICKING,APAC,SAME_DAY
ORD-001034,SKU-00956,1,DC-02,STANDARD,2026-08-14T19:08:00,2026-08-15T03:08:00,ALLOCATED,ALLOCATED,MEA,NEXT_DAY
ORD-001035,SKU-00531,1,DC-10,STANDARD,2026-08-02T12:22:00,2026-08-03T00:22:00,ALLOCATED,HOLD,MEA,SAME_DAY
ORD-001036,SKU-00439,1,DC-11,STANDARD,2026-08-24T15:51:00,2026-08-24T21:51:00,ALLOCATED,ALLOCATED,MEA,SAME_DAY
ORD-001037,SKU-00750,1,DC-09,EXPEDITE,2026-08-18T18:20:00,2026-08-19T00:20:00,EXCEPTION,EXCEPTION,EU,SAME_DAY
ORD-001038,SKU-00697,1,DC-07,CRITICAL,2026-08-31T04:19:00,2026-08-31T16:19:00,ALLOCATED,ALLOCATED,APAC,STANDARD
ORD-001039,SKU-00193,1,DC-17,STANDARD,2026-08-27T11:18:00,2026-08-27T19:18:00,ALLOCATED,EXCEPTION,APAC,STANDARD
ORD-001040,SKU-00078,1,DC-06,STANDARD,2026-08-14T18:38:00,2026-08-15T02:38:00,SHIPPED,EXCEPTION,EU,STANDARD
ORD-001041,SKU-01128,1,DC-12,STANDARD,2026-08-23T13:38:00,2026-08-23T17:38:00,PACKING,PACKING,EU,NEXT_DAY
ORD-001042,SKU-01058,1,DC-04,STANDARD,2026-08-22T02:59:00,2026-08-22T08:59:00,ALLOCATED,EXCEPTION,LATAM,NEXT_DAY
ORD-001043,SKU-01169,1,DC-06,STANDARD,2026-08-05T05:29:00,2026-08-06T05:29:00,RELEASED,EXCEPTION,APAC,SAME_DAY
ORD-001044,SKU-00594,1,DC-10,STANDARD,2026-08-05T15:30:00,2026-08-05T23:30:00,ALLOCATED,HOLD,,NEXT_DAY
ORD-001045,SKU-00974,1,DC-09,CRITICAL,2026-08-24T03:49:00,2026-08-24T15:49:00,PACKING,HOLD,MEA,SAME_DAY
ORD-001046,SKU-00714,1,DC-14,STANDARD,2026-08-09T21:38:00,2026-08-10T21:38:00,SHIPPED,SHIPPED,MEA,SAME_DAY
ORD-001047,SKU-00116,1,DC-12,STANDARD,2026-08-04T13:33:00,2026-08-05T13:33:00,STAGED,STAGED,APAC,SAME_DAY
ORD-001048,SKU-00424,1,DC-13,STANDARD,2026-08-25T03:47:00,2026-08-25T09:47:00,PACKING,PACKING,LATAM,STANDARD
ORD-001049,SKU-00416,1,DC-09,EXPEDITE,2026-08-07T10:10:00,2026-08-07T18:10:00,PACKING,EXCEPTION,MEA,NEXT_DAY
ORD-001050,SKU-00750,1,DC-16,STANDARD,2026-08-16T18:25:00,2026-08-17T02:25:00,ALLOCATED,ALLOCATED,EU,SAME_DAY
ORD-001051,SKU-01076,1,DC-08,STANDARD,2026-08-19T14:14:00,2026-08-19T20:14:00,SHIPPED,EXCEPTION,MEA,STANDARD
ORD-001052,SKU-00118,1,DC-07,STANDARD,2026-08-29T06:50:00,2026-08-30T06:50:00,PICKING,EXCEPTION,MEA,SAME_DAY
ORD-001053,SKU-00429,1,DC-15,STANDARD,2026-08-26T20:13:00,2026-08-27T00:13:00,STAGED,STAGED,EU,SAME_DAY
ORD-001054,SKU-01107,1,DC-16,STANDARD,2026-08-23T14:54:00,2026-08-23T20:54:00,PACKING,PACKING,,NEXT_DAY
ORD-001055,SKU-01083,1,DC-02,STANDARD,2026-08-27T19:52:00,2026-08-28T03:52:00,SHIPPED,SHIPPED,MEA,NEXT_DAY
ORD-001056,SKU-00736,1,DC-05,STANDARD,2026-08-14T23:43:00,2026-08-15T11:43:00,EXCEPTION,EXCEPTION,,NEXT_DAY
ORD-001057,SKU-00048,1,DC-17,STANDARD,2026-09-03T09:55:00,2026-09-03T21:55:00,STAGED,HOLD,EU,NEXT_DAY
ORD-001058,SKU-00805,1,DC-15,EXPEDITE,2026-08-11T07:59:00,2026-08-11T13:59:00,EXCEPTION,EXCEPTION,LATAM,SAME_DAY
ORD-001059,SKU-00328,1,DC-08,EXPEDITE,2026-08-11T20:07:00,2026-08-12T20:07:00,SHIPPED,SHIPPED,EU,STANDARD
ORD-001060,SKU-00444,1,DC-16,STANDARD,2026-09-03T06:30:00,2026-09-03T10:30:00,STAGED,STAGED,LATAM,NEXT_DAY
ORD-001061,SKU-00034,1,DC-14,STANDARD,2026-08-18T04:36:00,2026-08-18T12:36:00,SHIPPED,SHIPPED,MEA,NEXT_DAY
ORD-001062,SKU-00212,1,DC-10,STANDARD,2026-08-08T07:35:00,2026-08-08T19:35:00,ALLOCATED,ALLOCATED,,STANDARD
ORD-001063,SKU-00379,1,DC-08,EXPEDITE,2026-08-20T23:15:00,2026-08-21T23:15:00,PICKING,PICKING,LATAM,NEXT_DAY
ORD-001064,SKU-00575,1,DC-04,STANDARD,2026-08-27T17:17:00,2026-08-27T21:17:00,EXCEPTION,EXCEPTION,MEA,NEXT_DAY
ORD-001065,SKU-00121,1,DC-16,EXPEDITE,2026-08-15T11:38:00,2026-08-15T23:38:00,SHIPPED,SHIPPED,,SAME_DAY
ORD-001066,SKU-00278,1,DC-18,STANDARD,2026-08-04T19:29:00,2026-08-05T03:29:00,PACKING,HOLD,EU,SAME_DAY
ORD-001067,SKU-00173,1,DC-13,STANDARD,2026-09-02T02:02:00,2026-09-02T06:02:00,SHIPPED,SHIPPED,LATAM,NEXT_DAY
ORD-001068,SKU-00181,1,DC-11,STANDARD,2026-08-16T09:15:00,2026-08-16T13:15:00,PACKING,PACKING,EU,STANDARD
ORD-001069,SKU-00845,1,DC-05,STANDARD,2026-08-20T00:37:00,2026-08-21T00:37:00,PACKING,PACKING,,STANDARD
ORD-001070,SKU-00788,1,DC-18,STANDARD,2026-08-17T06:12:00,2026-08-17T10:12:00,STAGED,STAGED,EU,SAME_DAY
ORD-001071,SKU-00367,1,DC-11,STANDARD,2026-08-28T18:16:00,2026-08-29T00:16:00,PICKING,EXCEPTION,EU,NEXT_DAY
ORD-001072,SKU-00998,1,DC-18,CRITICAL,2026-08-07T02:37:00,2026-08-07T08:37:00,STAGED,STAGED,APAC,STANDARD
ORD-001073,SKU-00562,1,DC-09,STANDARD,2026-08-10T15:41:00,2026-08-10T21:41:00,ALLOCATED,ALLOCATED,,SAME_DAY
ORD-001074,SKU-00831,1,DC-02,STANDARD,2026-08-11T16:14:00,2026-08-12T00:14:00,SHIPPED,EXCEPTION,EU,STANDARD
ORD-001075,SKU-00942,1,DC-10,STANDARD,2026-08-02T14:22:00,2026-08-02T20:22:00,PICKING,PICKING,APAC,NEXT_DAY
ORD-001076,SKU-01152,1,DC-01,STANDARD,2026-08-22T02:25:00,2026-08-22T10:25:00,PICKING,PICKING,MEA,STANDARD
ORD-001077,SKU-00660,1,DC-06,STANDARD,2026-08-20T09:57:00,2026-08-20T17:57:00,STAGED,STAGED,EU,SAME_DAY
ORD-001078,SKU-00423,1,DC-12,STANDARD,2026-08-11T01:38:00,2026-08-11T07:38:00,RELEASED,RELEASED,MEA,STANDARD
ORD-001079,SKU-00757,1,DC-09,STANDARD,2026-08-10T07:57:00,2026-08-11T07:57:00,EXCEPTION,HOLD,EU,STANDARD
ORD-001080,SKU-00741,1,DC-18,STANDARD,2026-08-26T08:23:00,2026-08-26T16:23:00,ALLOCATED,ALLOCATED,LATAM,NEXT_DAY
ORD-001081,SKU-00703,1,DC-08,STANDARD,2026-08-02T08:02:00,2026-08-02T20:02:00,SHIPPED,SHIPPED,APAC,STANDARD
ORD-001082,SKU-00173,1,DC-06,STANDARD,2026-09-04T00:14:00,2026-09-04T08:14:00,PICKING,EXCEPTION,EU,SAME_DAY
ORD-001083,SKU-01050,1,DC-02,STANDARD,2026-08-28T07:04:00,2026-08-28T11:04:00,RELEASED,HOLD,EU,STANDARD
ORD-001084,SKU-00288,1,DC-01,STANDARD,2026-08-28T19:44:00,2026-08-28T23:44:00,RELEASED,EXCEPTION,,NEXT_DAY
ORD-001085,SKU-00976,1,DC-13,STANDARD,2026-08-30T10:29:00,2026-08-30T22:29:00,SHIPPED,SHIPPED,EU,NEXT_DAY
ORD-001086,SKU-00796,1,DC-16,STANDARD,2026-08-06T12:40:00,2026-08-06T16:40:00,STAGED,STAGED,EU,SAME_DAY
ORD-001087,SKU-00223,1,DC-18,EXPEDITE,2026-09-03T12:06:00,2026-09-03T16:06:00,SHIPPED,SHIPPED,MEA,STANDARD
ORD-001088,SKU-00559,1,DC-01,CRITICAL,2026-08-14T08:29:00,2026-08-14T20:29:00,SHIPPED,HOLD,APAC,SAME_DAY
ORD-001089,SKU-01058,1,DC-14,STANDARD,2026-08-14T11:28:00,2026-08-14T23:28:00,RELEASED,RELEASED,APAC,SAME_DAY
ORD-001090,SKU-00790,1,DC-01,STANDARD,2026-08-23T12:18:00,2026-08-23T20:18:00,PACKING,HOLD,LATAM,NEXT_DAY
ORD-001091,SKU-01045,1,DC-06,STANDARD,2026-09-05T02:55:00,2026-09-05T10:55:00,PACKING,PACKING,APAC,SAME_DAY
ORD-001092,SKU-00113,1,DC-11,EXPEDITE,2026-09-05T00:28:00,2026-09-05T06:28:00,RELEASED,RELEASED,LATAM,NEXT_DAY
ORD-001093,SKU-00967,1,DC-16,STANDARD,2026-08-29T01:23:00,2026-08-29T07:23:00,PACKING,PACKING,MEA,NEXT_DAY
ORD-001094,SKU-01165,1,DC-09,STANDARD,2026-08-09T15:39:00,2026-08-09T21:39:00,PACKING,PACKING,APAC,NEXT_DAY
ORD-001095,SKU-00604,1,DC-01,STANDARD,2026-08-10T12:55:00,2026-08-11T00:55:00,ALLOCATED,EXCEPTION,EU,STANDARD
ORD-001096,SKU-00734,1,DC-17,CRITICAL,2026-08-23T17:48:00,2026-08-24T01:48:00,EXCEPTION,EXCEPTION,EU,SAME_DAY
ORD-001097,SKU-01131,1,DC-09,STANDARD,2026-08-03T00:14:00,2026-08-03T04:14:00,PACKING,PACKING,LATAM,NEXT_DAY
ORD-001098,SKU-00195,1,DC-05,STANDARD,2026-08-24T03:50:00,2026-08-24T15:50:00,STAGED,STAGED,,NEXT_DAY
ORD-001099,SKU-00367,1,DC-18,CRITICAL,2026-08-22T16:20:00,2026-08-23T04:20:00,SHIPPED,HOLD,EU,STANDARD
ORD-001100,SKU-00612,1,DC-03,STANDARD,2026-08-25T16:37:00,2026-08-25T20:37:00,PACKING,PACKING,EU,STANDARD
ORD-001101,SKU-01149,1,DC-01,STANDARD,2026-08-30T05:16:00,2026-08-30T13:16:00,ALLOCATED,EXCEPTION,LATAM,STANDARD
ORD-001102,SKU-00252,1,DC-11,CRITICAL,2026-08-13T11:50:00,2026-08-13T17:50:00,PICKING,HOLD,LATAM,STANDARD
ORD-001103,SKU-00234,1,DC-16,STANDARD,2026-09-04T14:56:00,2026-09-04T22:56:00,PACKING,PACKING,EU,STANDARD
ORD-001104,SKU-00516,1,DC-17,EXPEDITE,2026-08-29T18:00:00,2026-08-30T02:00:00,STAGED,EXCEPTION,APAC,STANDARD
ORD-001105,SKU-00039,1,DC-17,EXPEDITE,2026-08-20T17:36:00,2026-08-21T05:36:00,STAGED,STAGED,MEA,STANDARD
ORD-001106,SKU-00290,1,DC-11,STANDARD,2026-08-05T04:12:00,2026-08-05T16:12:00,PICKING,PICKING,LATAM,SAME_DAY
ORD-001107,SKU-00963,1,DC-12,EXPEDITE,2026-08-14T14:49:00,2026-08-15T02:49:00,ALLOCATED,ALLOCATED,,SAME_DAY
ORD-001108,SKU-00804,1,DC-14,STANDARD,2026-08-08T08:46:00,2026-08-08T12:46:00,RELEASED,RELEASED,MEA,STANDARD
ORD-001109,SKU-00034,1,DC-14,STANDARD,2026-08-19T12:32:00,2026-08-19T18:32:00,ALLOCATED,EXCEPTION,LATAM,STANDARD
ORD-001110,SKU-00371,1,DC-11,STANDARD,2026-08-31T05:28:00,2026-09-01T05:28:00,EXCEPTION,EXCEPTION,,SAME_DAY
ORD-001111,SKU-00845,1,DC-07,STANDARD,2026-08-24T00:16:00,2026-08-24T08:16:00,ALLOCATED,ALLOCATED,,STANDARD
ORD-001112,SKU-00602,1,DC-09,STANDARD,2026-08-10T09:46:00,2026-08-10T15:46:00,SHIPPED,HOLD,,NEXT_DAY
ORD-001113,SKU-00798,1,DC-16,STANDARD,2026-08-15T01:10:00,2026-08-15T05:10:00,STAGED,HOLD,APAC,SAME_DAY
ORD-001114,SKU-00674,1,DC-03,STANDARD,2026-08-16T06:30:00,2026-08-16T18:30:00,PICKING,PICKING,LATAM,SAME_DAY
ORD-001115,SKU-00822,1,DC-02,STANDARD,2026-08-20T22:43:00,2026-08-21T10:43:00,SHIPPED,SHIPPED,APAC,SAME_DAY
ORD-001116,SKU-00295,1,DC-07,STANDARD,2026-08-15T13:57:00,2026-08-16T01:57:00,STAGED,STAGED,,SAME_DAY
ORD-001117,SKU-01131,1,DC-16,EXPEDITE,2026-08-12T12:06:00,2026-08-13T00:06:00,SHIPPED,SHIPPED,EU,NEXT_DAY
ORD-001118,SKU-00338,1,DC-04,STANDARD,2026-08-29T04:07:00,2026-08-29T10:07:00,EXCEPTION,EXCEPTION,APAC,NEXT_DAY
ORD-001119,SKU-00511,1,DC-10,STANDARD,2026-08-19T07:54:00,2026-08-19T15:54:00,RELEASED,RELEASED,,STANDARD
ORD-001120,SKU-00712,1,DC-03,STANDARD,2026-08-12T17:23:00,2026-08-12T21:23:00,RELEASED,RELEASED,MEA,STANDARD
ORD-001121,SKU-00103,1,DC-07,STANDARD,2026-08-23T04:11:00,2026-08-23T16:11:00,STAGED,EXCEPTION,EU,NEXT_DAY
ORD-001122,SKU-00476,1,DC-17,STANDARD,2026-08-30T06:40:00,2026-08-31T06:40:00,STAGED,STAGED,EU,SAME_DAY
ORD-001123,SKU-00292,1,DC-01,STANDARD,2026-08-29T09:45:00,2026-08-29T13:45:00,SHIPPED,SHIPPED,EU,SAME_DAY
ORD-001124,SKU-00943,1,DC-05,EXPEDITE,2026-08-28T16:42:00,2026-08-29T16:42:00,ALLOCATED,HOLD,APAC,SAME_DAY
ORD-001125,SKU-00564,1,DC-12,EXPEDITE,2026-08-21T08:50:00,2026-08-21T16:50:00,RELEASED,RELEASED,APAC,STANDARD
ORD-001126,SKU-00924,1,DC-15,STANDARD,2026-08-17T09:23:00,2026-08-17T21:23:00,EXCEPTION,EXCEPTION,MEA,NEXT_DAY
ORD-001127,SKU-00946,1,DC-15,STANDARD,2026-08-23T08:31:00,2026-08-24T08:31:00,RELEASED,HOLD,MEA,STANDARD
ORD-001128,SKU-00638,1,DC-17,STANDARD,2026-08-21T12:09:00,2026-08-21T18:09:00,STAGED,HOLD,MEA,SAME_DAY
ORD-001129,SKU-00176,1,DC-05,EXPEDITE,2026-08-23T12:24:00,2026-08-23T18:24:00,SHIPPED,SHIPPED,APAC,NEXT_DAY
ORD-001130,SKU-01131,1,DC-05,STANDARD,2026-08-22T22:25:00,2026-08-23T10:25:00,RELEASED,RELEASED,MEA,STANDARD
ORD-001131,SKU-00581,1,DC-10,STANDARD,2026-08-26T17:58:00,2026-08-26T23:58:00,SHIPPED,EXCEPTION,LATAM,STANDARD
ORD-001132,SKU-01113,1,DC-09,EXPEDITE,2026-08-25T18:16:00,2026-08-26T02:16:00,PACKING,EXCEPTION,,SAME_DAY
ORD-001133,SKU-00050,1,DC-03,EXPEDITE,2026-09-02T06:22:00,2026-09-02T18:22:00,PICKING,PICKING,APAC,STANDARD
ORD-001134,SKU-00749,1,DC-17,STANDARD,2026-08-20T01:45:00,2026-08-20T09:45:00,SHIPPED,SHIPPED,MEA,NEXT_DAY
ORD-001135,SKU-01189,1,DC-06,STANDARD,2026-08-11T20:50:00,2026-08-12T04:50:00,EXCEPTION,EXCEPTION,MEA,SAME_DAY
ORD-001136,SKU-00741,1,DC-10,EXPEDITE,2026-08-17T22:53:00,2026-08-18T02:53:00,STAGED,HOLD,LATAM,SAME_DAY
ORD-001137,SKU-01190,1,DC-14,STANDARD,2026-08-01T22:15:00,2026-08-02T10:15:00,RELEASED,RELEASED,LATAM,SAME_DAY
ORD-001138,SKU-00279,1,DC-09,EXPEDITE,2026-08-20T00:20:00,2026-08-20T06:20:00,PICKING,PICKING,EU,STANDARD
ORD-001139,SKU-00655,1,DC-06,CRITICAL,2026-08-16T06:25:00,2026-08-16T18:25:00,ALLOCATED,HOLD,LATAM,STANDARD
ORD-001140,SKU-00084,1,DC-07,STANDARD,2026-08-19T19:06:00,2026-08-20T07:06:00,RELEASED,HOLD,APAC,SAME_DAY
ORD-001141,SKU-00598,1,DC-06,STANDARD,2026-08-28T22:22:00,2026-08-29T10:22:00,STAGED,STAGED,APAC,SAME_DAY
ORD-001142,SKU-00798,1,DC-16,EXPEDITE,2026-08-05T18:59:00,2026-08-06T02:59:00,PICKING,HOLD,LATAM,STANDARD
ORD-001143,SKU-01168,1,DC-17,STANDARD,2026-08-28T07:21:00,2026-08-28T13:21:00,SHIPPED,HOLD,EU,NEXT_DAY
ORD-001144,SKU-00394,1,DC-04,STANDARD,2026-08-24T06:28:00,2026-08-24T18:28:00,SHIPPED,EXCEPTION,APAC,SAME_DAY
ORD-001145,SKU-00032,1,DC-05,CRITICAL,2026-09-04T04:08:00,2026-09-04T08:08:00,STAGED,STAGED,MEA,STANDARD
ORD-001146,SKU-00977,1,DC-16,STANDARD,2026-08-06T01:06:00,2026-08-06T09:06:00,RELEASED,EXCEPTION,,SAME_DAY
ORD-001147,SKU-00368,1,DC-18,STANDARD,2026-09-03T13:15:00,2026-09-04T01:15:00,EXCEPTION,EXCEPTION,,STANDARD
ORD-001148,SKU-00082,1,DC-12,STANDARD,2026-08-27T17:58:00,2026-08-27T21:58:00,STAGED,EXCEPTION,EU,NEXT_DAY
ORD-001149,SKU-00081,1,DC-16,STANDARD,2026-08-29T11:33:00,2026-08-29T15:33:00,ALLOCATED,EXCEPTION,,SAME_DAY
ORD-001150,SKU-00897,1,DC-11,STANDARD,2026-08-21T12:57:00,2026-08-21T20:57:00,PACKING,PACKING,APAC,NEXT_DAY
ORD-001151,SKU-00645,1,DC-10,STANDARD,2026-08-12T20:19:00,2026-08-13T20:19:00,PACKING,PACKING,APAC,NEXT_DAY
ORD-001152,SKU-00523,1,DC-14,STANDARD,2026-08-25T22:31:00,2026-08-26T06:31:00,ALLOCATED,ALLOCATED,EU,NEXT_DAY
ORD-001153,SKU-00148,1,DC-09,EXPEDITE,2026-08-20T06:18:00,2026-08-21T06:18:00,SHIPPED,EXCEPTION,APAC,SAME_DAY
ORD-001154,SKU-00200,1,DC-13,STANDARD,2026-08-10T19:11:00,2026-08-11T01:11:00,EXCEPTION,EXCEPTION,APAC,STANDARD
ORD-001155,SKU-00603,1,DC-11,STANDARD,2026-08-14T02:06:00,2026-08-14T06:06:00,PICKING,PICKING,MEA,STANDARD
ORD-001156,SKU-00458,1,DC-12,EXPEDITE,2026-08-18T00:52:00,2026-08-19T00:52:00,ALLOCATED,ALLOCATED,MEA,STANDARD
ORD-001157,SKU-00187,1,DC-17,EXPEDITE,2026-08-15T13:46:00,2026-08-15T21:46:00,PICKING,EXCEPTION,,STANDARD
ORD-001158,SKU-00749,1,DC-17,EXPEDITE,2026-08-10T15:53:00,2026-08-11T03:53:00,EXCEPTION,EXCEPTION,EU,STANDARD
ORD-001159,SKU-00224,1,DC-18,STANDARD,2026-09-02T19:43:00,2026-09-03T01:43:00,EXCEPTION,HOLD,MEA,NEXT_DAY
ORD-001160,SKU-01086,1,DC-13,STANDARD,2026-08-10T16:11:00,2026-08-11T00:11:00,PICKING,PICKING,,STANDARD
ORD-001161,SKU-00720,1,DC-10,STANDARD,2026-08-31T14:06:00,2026-09-01T14:06:00,RELEASED,EXCEPTION,LATAM,NEXT_DAY
ORD-001162,SKU-00684,1,DC-06,STANDARD,2026-08-24T05:55:00,2026-08-24T13:55:00,PICKING,PICKING,LATAM,NEXT_DAY
ORD-001163,SKU-01045,1,DC-12,EXPEDITE,2026-08-26T15:05:00,2026-08-27T03:05:00,ALLOCATED,ALLOCATED,EU,NEXT_DAY
ORD-001164,SKU-01038,1,DC-02,STANDARD,2026-08-06T08:07:00,2026-08-06T20:07:00,EXCEPTION,EXCEPTION,EU,STANDARD
ORD-001165,SKU-00427,1,DC-02,STANDARD,2026-09-02T03:34:00,2026-09-02T15:34:00,STAGED,EXCEPTION,APAC,NEXT_DAY
ORD-001166,SKU-00491,1,DC-10,STANDARD,2026-08-12T22:35:00,2026-08-13T22:35:00,ALLOCATED,HOLD,LATAM,STANDARD
ORD-001167,SKU-00021,1,DC-14,STANDARD,2026-08-11T04:30:00,2026-08-11T08:30:00,SHIPPED,SHIPPED,APAC,SAME_DAY
ORD-001168,SKU-01028,1,DC-04,STANDARD,2026-08-24T12:20:00,2026-08-24T16:20:00,PACKING,HOLD,MEA,STANDARD
ORD-001169,SKU-00187,1,DC-14,STANDARD,2026-09-02T05:40:00,2026-09-02T13:40:00,EXCEPTION,HOLD,,STANDARD
ORD-001170,SKU-00537,1,DC-17,EXPEDITE,2026-08-12T09:06:00,2026-08-12T15:06:00,PACKING,EXCEPTION,LATAM,SAME_DAY
ORD-001171,SKU-00036,1,DC-04,EXPEDITE,2026-08-03T23:30:00,2026-08-04T23:30:00,SHIPPED,SHIPPED,,SAME_DAY
ORD-001172,SKU-00515,1,DC-11,STANDARD,2026-08-06T06:59:00,2026-08-06T14:59:00,ALLOCATED,ALLOCATED,LATAM,NEXT_DAY
ORD-001173,SKU-01124,1,DC-18,STANDARD,2026-08-02T07:36:00,2026-08-02T19:36:00,PICKING,PICKING,,NEXT_DAY
ORD-001174,SKU-01071,1,DC-02,STANDARD,2026-09-04T08:43:00,2026-09-04T16:43:00,EXCEPTION,EXCEPTION,EU,NEXT_DAY
ORD-001175,SKU-00083,1,DC-04,STANDARD,2026-08-25T23:25:00,2026-08-26T03:25:00,RELEASED,RELEASED,LATAM,NEXT_DAY
ORD-001176,SKU-00211,1,DC-14,CRITICAL,2026-08-07T19:29:00,2026-08-08T01:29:00,SHIPPED,SHIPPED,APAC,SAME_DAY
ORD-001177,SKU-00306,1,DC-04,CRITICAL,2026-08-26T21:45:00,2026-08-27T03:45:00,ALLOCATED,ALLOCATED,MEA,STANDARD
ORD-001178,SKU-00212,1,DC-10,CRITICAL,2026-09-04T17:12:00,2026-09-05T17:12:00,SHIPPED,SHIPPED,MEA,SAME_DAY
ORD-001179,SKU-01183,1,DC-04,EXPEDITE,2026-08-15T14:22:00,2026-08-15T18:22:00,PICKING,EXCEPTION,APAC,STANDARD
ORD-001180,SKU-00361,1,DC-10,STANDARD,2026-08-08T01:00:00,2026-08-08T13:00:00,EXCEPTION,HOLD,LATAM,NEXT_DAY
ORD-001181,SKU-00117,1,DC-08,STANDARD,2026-08-27T14:39:00,2026-08-28T14:39:00,ALLOCATED,ALLOCATED,APAC,NEXT_DAY
ORD-001182,SKU-00491,1,DC-07,STANDARD,2026-08-23T14:57:00,2026-08-24T02:57:00,RELEASED,EXCEPTION,APAC,NEXT_DAY
ORD-001183,SKU-00366,1,DC-09,STANDARD,2026-08-21T05:51:00,2026-08-21T13:51:00,RELEASED,RELEASED,,SAME_DAY
ORD-001184,SKU-00079,1,DC-02,STANDARD,2026-08-15T04:19:00,2026-08-15T12:19:00,SHIPPED,HOLD,EU,STANDARD
ORD-001185,SKU-01023,1,DC-04,STANDARD,2026-08-29T08:13:00,2026-08-30T08:13:00,EXCEPTION,EXCEPTION,,NEXT_DAY
ORD-001186,SKU-00568,1,DC-15,EXPEDITE,2026-08-09T05:01:00,2026-08-09T13:01:00,SHIPPED,SHIPPED,LATAM,SAME_DAY
ORD-001187,SKU-00986,1,DC-17,STANDARD,2026-08-10T06:47:00,2026-08-10T14:47:00,PACKING,PACKING,APAC,NEXT_DAY
ORD-001188,SKU-01148,1,DC-08,STANDARD,2026-08-25T22:37:00,2026-08-26T06:37:00,RELEASED,HOLD,LATAM,NEXT_DAY
ORD-001189,SKU-00960,1,DC-07,STANDARD,2026-08-21T12:15:00,2026-08-21T20:15:00,EXCEPTION,EXCEPTION,LATAM,SAME_DAY
ORD-001190,SKU-01184,1,DC-10,EXPEDITE,2026-08-22T14:16:00,2026-08-22T20:16:00,ALLOCATED,HOLD,EU,SAME_DAY
ORD-001191,SKU-00581,1,DC-08,STANDARD,2026-08-31T22:00:00,2026-09-01T10:00:00,PACKING,PACKING,EU,STANDARD
ORD-001192,SKU-01003,1,DC-04,STANDARD,2026-08-06T19:11:00,2026-08-07T01:11:00,EXCEPTION,EXCEPTION,APAC,SAME_DAY
ORD-001193,SKU-00636,1,DC-01,STANDARD,2026-08-23T11:04:00,2026-08-23T15:04:00,RELEASED,RELEASED,EU,SAME_DAY
ORD-001194,SKU-00578,1,DC-12,STANDARD,2026-09-04T22:28:00,2026-09-05T22:28:00,PICKING,PICKING,,NEXT_DAY
ORD-001195,SKU-00315,1,DC-18,STANDARD,2026-09-04T08:31:00,2026-09-04T14:31:00,PACKING,PACKING,LATAM,SAME_DAY
ORD-001196,SKU-00036,1,DC-18,STANDARD,2026-08-12T13:11:00,2026-08-12T21:11:00,PACKING,PACKING,MEA,STANDARD
ORD-001197,SKU-00177,1,DC-07,EXPEDITE,2026-09-05T02:06:00,2026-09-05T06:06:00,EXCEPTION,EXCEPTION,MEA,SAME_DAY
ORD-001198,SKU-00176,1,DC-17,STANDARD,2026-08-28T21:40:00,2026-08-29T05:40:00,PACKING,PACKING,LATAM,SAME_DAY
ORD-001199,SKU-00291,1,DC-05,STANDARD,2026-08-23T01:49:00,2026-08-23T09:49:00,SHIPPED,SHIPPED,,STANDARD
ORD-001200,SKU-00200,1,DC-13,STANDARD,2026-08-10T12:09:00,2026-08-10T16:09:00,PACKING,PACKING,MEA,SAME_DAY
ORD-001201,SKU-00565,1,DC-07,STANDARD,2026-08-28T18:17:00,2026-08-28T22:17:00,EXCEPTION,EXCEPTION,EU,SAME_DAY
ORD-001202,SKU-00598,1,DC-09,STANDARD,2026-08-12T15:24:00,2026-08-12T19:24:00,STAGED,STAGED,,NEXT_DAY
ORD-001203,SKU-01156,1,DC-12,EXPEDITE,2026-08-01T16:22:00,2026-08-02T00:22:00,EXCEPTION,EXCEPTION,EU,NEXT_DAY
ORD-001204,SKU-00081,1,DC-16,STANDARD,2026-08-10T05:25:00,2026-08-10T17:25:00,PACKING,PACKING,APAC,STANDARD
ORD-001205,SKU-00448,1,DC-17,STANDARD,2026-08-02T09:00:00,2026-08-02T15:00:00,RELEASED,RELEASED,,SAME_DAY
ORD-001206,SKU-01068,1,DC-10,EXPEDITE,2026-08-07T21:27:00,2026-08-08T21:27:00,SHIPPED,SHIPPED,EU,STANDARD
ORD-001207,SKU-00547,1,DC-11,EXPEDITE,2026-08-19T14:07:00,2026-08-20T14:07:00,STAGED,STAGED,EU,NEXT_DAY
ORD-001208,SKU-00855,1,DC-07,STANDARD,2026-08-28T01:02:00,2026-08-28T09:02:00,RELEASED,RELEASED,,SAME_DAY
ORD-001209,SKU-00025,1,DC-07,STANDARD,2026-09-02T12:04:00,2026-09-02T20:04:00,SHIPPED,SHIPPED,EU,SAME_DAY
ORD-001210,SKU-00206,1,DC-02,STANDARD,2026-08-02T11:48:00,2026-08-02T23:48:00,PICKING,EXCEPTION,MEA,STANDARD
ORD-001211,SKU-00716,1,DC-18,STANDARD,2026-08-22T18:55:00,2026-08-22T22:55:00,PICKING,PICKING,APAC,STANDARD
ORD-001212,SKU-00038,1,DC-09,CRITICAL,2026-08-02T03:40:00,2026-08-03T03:40:00,RELEASED,RELEASED,MEA,NEXT_DAY
ORD-001213,SKU-00411,1,DC-10,STANDARD,2026-08-30T04:46:00,2026-08-30T08:46:00,PICKING,EXCEPTION,LATAM,STANDARD
ORD-001214,SKU-00348,1,DC-15,STANDARD,2026-08-11T02:11:00,2026-08-11T10:11:00,EXCEPTION,EXCEPTION,EU,NEXT_DAY
ORD-001215,SKU-01027,1,DC-15,STANDARD,2026-09-03T13:44:00,2026-09-04T01:44:00,PACKING,PACKING,,NEXT_DAY
ORD-001216,SKU-00548,1,DC-14,STANDARD,2026-08-20T07:52:00,2026-08-20T19:52:00,RELEASED,HOLD,,NEXT_DAY
ORD-001217,SKU-00860,1,DC-01,CRITICAL,2026-08-29T12:17:00,2026-08-29T20:17:00,STAGED,EXCEPTION,MEA,STANDARD
ORD-001218,SKU-01067,1,DC-18,STANDARD,2026-08-03T00:09:00,2026-08-03T04:09:00,RELEASED,RELEASED,LATAM,STANDARD
ORD-001219,SKU-00589,1,DC-07,STANDARD,2026-08-20T03:20:00,2026-08-20T09:20:00,SHIPPED,HOLD,LATAM,STANDARD
ORD-001220,SKU-00142,1,DC-09,CRITICAL,2026-09-04T10:16:00,2026-09-05T10:16:00,ALLOCATED,HOLD,LATAM,SAME_DAY
ORD-001221,SKU-00823,1,DC-07,STANDARD,2026-08-16T13:43:00,2026-08-16T19:43:00,STAGED,EXCEPTION,LATAM,NEXT_DAY
ORD-001222,SKU-00785,1,DC-05,STANDARD,2026-08-02T16:22:00,2026-08-02T22:22:00,SHIPPED,SHIPPED,LATAM,NEXT_DAY
ORD-001223,SKU-00684,1,DC-08,STANDARD,2026-08-26T10:58:00,2026-08-26T18:58:00,STAGED,STAGED,LATAM,SAME_DAY
ORD-001224,SKU-00860,1,DC-02,STANDARD,2026-08-05T21:20:00,2026-08-06T09:20:00,PACKING,HOLD,LATAM,NEXT_DAY
ORD-001225,SKU-00670,1,DC-17,STANDARD,2026-08-05T18:03:00,2026-08-06T18:03:00,EXCEPTION,EXCEPTION,EU,STANDARD
ORD-001226,SKU-00742,1,DC-07,CRITICAL,2026-08-29T10:38:00,2026-08-29T16:38:00,STAGED,STAGED,,SAME_DAY
ORD-001227,SKU-00825,1,DC-10,STANDARD,2026-08-20T10:41:00,2026-08-20T16:41:00,PACKING,HOLD,,STANDARD
ORD-001228,SKU-00819,1,DC-11,STANDARD,2026-08-12T12:24:00,2026-08-12T18:24:00,PICKING,PICKING,MEA,STANDARD
ORD-001229,SKU-00224,1,DC-10,STANDARD,2026-09-03T09:15:00,2026-09-03T17:15:00,PACKING,EXCEPTION,APAC,NEXT_DAY
ORD-001230,SKU-00109,1,DC-10,STANDARD,2026-08-21T19:24:00,2026-08-22T07:24:00,EXCEPTION,EXCEPTION,,SAME_DAY
ORD-001231,SKU-00276,1,DC-04,STANDARD,2026-08-06T09:49:00,2026-08-07T09:49:00,ALLOCATED,ALLOCATED,,STANDARD
ORD-001232,SKU-00520,1,DC-10,EXPEDITE,2026-08-10T03:28:00,2026-08-10T11:28:00,STAGED,EXCEPTION,APAC,NEXT_DAY
ORD-001233,SKU-00963,1,DC-13,STANDARD,2026-08-06T01:47:00,2026-08-06T09:47:00,RELEASED,RELEASED,EU,SAME_DAY
ORD-001234,SKU-00261,1,DC-03,STANDARD,2026-08-22T21:36:00,2026-08-23T09:36:00,PACKING,PACKING,APAC,SAME_DAY
ORD-001235,SKU-00128,1,DC-06,STANDARD,2026-08-29T18:53:00,2026-08-29T22:53:00,RELEASED,RELEASED,MEA,STANDARD
ORD-001236,SKU-00029,1,DC-18,STANDARD,2026-08-15T09:38:00,2026-08-15T17:38:00,RELEASED,RELEASED,MEA,STANDARD
ORD-001237,SKU-00312,1,DC-15,STANDARD,2026-08-25T08:23:00,2026-08-25T20:23:00,STAGED,STAGED,,NEXT_DAY
ORD-001238,SKU-00119,1,DC-03,STANDARD,2026-08-12T03:03:00,2026-08-12T11:03:00,EXCEPTION,EXCEPTION,EU,SAME_DAY
ORD-001239,SKU-00620,1,DC-02,STANDARD,2026-08-18T05:43:00,2026-08-18T17:43:00,EXCEPTION,EXCEPTION,,SAME_DAY
ORD-001240,SKU-00277,1,DC-03,STANDARD,2026-08-12T09:55:00,2026-08-12T13:55:00,PACKING,EXCEPTION,EU,SAME_DAY
ORD-001241,SKU-00805,1,DC-16,CRITICAL,2026-08-21T06:37:00,2026-08-21T12:37:00,SHIPPED,SHIPPED,,STANDARD
ORD-001242,SKU-00455,1,DC-07,STANDARD,2026-09-01T10:56:00,2026-09-02T10:56:00,PACKING,HOLD,APAC,STANDARD
ORD-001243,SKU-00174,1,DC-03,STANDARD,2026-08-16T13:08:00,2026-08-17T01:08:00,RELEASED,RELEASED,LATAM,SAME_DAY
ORD-001244,SKU-00667,1,DC-06,STANDARD,2026-08-04T13:47:00,2026-08-05T01:47:00,RELEASED,RELEASED,MEA,NEXT_DAY
ORD-001245,SKU-00410,1,DC-12,STANDARD,2026-08-16T03:29:00,2026-08-17T03:29:00,SHIPPED,HOLD,LATAM,SAME_DAY
ORD-001246,SKU-00977,1,DC-01,CRITICAL,2026-08-22T15:13:00,2026-08-23T15:13:00,ALLOCATED,ALLOCATED,EU,STANDARD
ORD-001247,SKU-00938,1,DC-18,STANDARD,2026-08-06T07:47:00,2026-08-06T19:47:00,EXCEPTION,EXCEPTION,EU,NEXT_DAY
ORD-001248,SKU-00182,1,DC-05,EXPEDITE,2026-08-19T00:58:00,2026-08-19T12:58:00,RELEASED,RELEASED,,NEXT_DAY
ORD-001249,SKU-00539,1,DC-10,STANDARD,2026-09-04T19:57:00,2026-09-05T03:57:00,EXCEPTION,EXCEPTION,APAC,SAME_DAY
ORD-001250,SKU-00340,1,DC-05,EXPEDITE,2026-08-05T16:21:00,2026-08-05T22:21:00,RELEASED,RELEASED,,SAME_DAY
ORD-001251,SKU-00139,1,DC-06,EXPEDITE,2026-09-01T08:08:00,2026-09-01T20:08:00,ALLOCATED,ALLOCATED,LATAM,SAME_DAY
ORD-001252,SKU-00792,1,DC-16,STANDARD,2026-09-01T22:37:00,2026-09-02T04:37:00,EXCEPTION,EXCEPTION,LATAM,NEXT_DAY
ORD-001253,SKU-00227,1,DC-17,EXPEDITE,2026-08-28T15:37:00,2026-08-29T03:37:00,STAGED,STAGED,,STANDARD
ORD-001254,SKU-00698,1,DC-02,STANDARD,2026-08-31T15:17:00,2026-08-31T23:17:00,SHIPPED,SHIPPED,MEA,NEXT_DAY
ORD-001255,SKU-01185,1,DC-12,STANDARD,2026-09-01T06:35:00,2026-09-02T06:35:00,ALLOCATED,ALLOCATED,MEA,STANDARD
ORD-001256,SKU-00423,1,DC-15,STANDARD,2026-08-02T06:28:00,2026-08-02T14:28:00,RELEASED,EXCEPTION,MEA,NEXT_DAY
ORD-001257,SKU-00450,1,DC-12,STANDARD,2026-08-08T00:21:00,2026-08-08T04:21:00,RELEASED,RELEASED,LATAM,STANDARD
ORD-001258,SKU-00454,1,DC-18,EXPEDITE,2026-08-19T02:17:00,2026-08-20T02:17:00,STAGED,STAGED,LATAM,STANDARD
ORD-001259,SKU-00087,1,DC-03,EXPEDITE,2026-08-27T15:12:00,2026-08-27T19:12:00,STAGED,EXCEPTION,APAC,STANDARD
ORD-001260,SKU-00367,1,DC-04,STANDARD,2026-08-06T06:10:00,2026-08-07T06:10:00,EXCEPTION,EXCEPTION,LATAM,STANDARD
ORD-001261,SKU-00723,1,DC-01,STANDARD,2026-08-04T07:09:00,2026-08-04T11:09:00,SHIPPED,SHIPPED,EU,SAME_DAY
ORD-001262,SKU-00602,1,DC-03,STANDARD,2026-08-04T13:47:00,2026-08-05T01:47:00,RELEASED,HOLD,LATAM,STANDARD
ORD-001263,SKU-00212,1,DC-04,STANDARD,2026-08-10T16:52:00,2026-08-10T20:52:00,STAGED,STAGED,,STANDARD
ORD-001264,SKU-00048,1,DC-17,STANDARD,2026-08-16T05:38:00,2026-08-16T13:38:00,ALLOCATED,ALLOCATED,EU,NEXT_DAY
ORD-001265,SKU-00059,1,DC-07,STANDARD,2026-08-01T15:43:00,2026-08-01T23:43:00,SHIPPED,SHIPPED,LATAM,NEXT_DAY
ORD-001266,SKU-00681,1,DC-02,STANDARD,2026-08-12T03:17:00,2026-08-12T15:17:00,EXCEPTION,EXCEPTION,MEA,STANDARD
ORD-001267,SKU-00668,1,DC-15,CRITICAL,2026-09-03T22:23:00,2026-09-04T04:23:00,RELEASED,HOLD,LATAM,NEXT_DAY
ORD-001268,SKU-00708,1,DC-03,STANDARD,2026-08-29T19:28:00,2026-08-30T19:28:00,SHIPPED,SHIPPED,LATAM,STANDARD
ORD-001269,SKU-00521,1,DC-06,CRITICAL,2026-08-04T11:21:00,2026-08-04T19:21:00,EXCEPTION,EXCEPTION,,STANDARD
ORD-001270,SKU-00859,1,DC-01,STANDARD,2026-08-17T03:08:00,2026-08-17T11:08:00,RELEASED,RELEASED,APAC,NEXT_DAY
ORD-001271,SKU-00796,1,DC-18,STANDARD,2026-08-18T05:07:00,2026-08-19T05:07:00,SHIPPED,SHIPPED,APAC,NEXT_DAY
ORD-001272,SKU-00309,1,DC-10,STANDARD,2026-08-07T18:19:00,2026-08-08T06:19:00,SHIPPED,SHIPPED,APAC,NEXT_DAY
ORD-001273,SKU-00262,1,DC-04,STANDARD,2026-08-22T02:51:00,2026-08-22T14:51:00,EXCEPTION,EXCEPTION,APAC,STANDARD
ORD-001274,SKU-00195,1,DC-16,STANDARD,2026-08-25T03:21:00,2026-08-25T09:21:00,ALLOCATED,ALLOCATED,APAC,SAME_DAY
ORD-001275,SKU-00113,1,DC-03,CRITICAL,2026-08-06T23:15:00,2026-08-07T23:15:00,EXCEPTION,EXCEPTION,MEA,SAME_DAY
ORD-001276,SKU-00610,1,DC-06,STANDARD,2026-08-21T13:16:00,2026-08-22T13:16:00,PICKING,HOLD,EU,SAME_DAY
ORD-001277,SKU-00150,1,DC-07,STANDARD,2026-08-31T22:33:00,2026-09-01T02:33:00,EXCEPTION,EXCEPTION,LATAM,NEXT_DAY
ORD-001278,SKU-00433,1,DC-12,EXPEDITE,2026-08-26T14:47:00,2026-08-26T20:47:00,PACKING,PACKING,EU,SAME_DAY
ORD-001279,SKU-00805,1,DC-06,STANDARD,2026-08-13T11:04:00,2026-08-14T11:04:00,ALLOCATED,ALLOCATED,LATAM,SAME_DAY
ORD-001280,SKU-01136,1,DC-16,STANDARD,2026-08-21T16:27:00,2026-08-22T00:27:00,RELEASED,HOLD,LATAM,SAME_DAY
ORD-001281,SKU-00371,1,DC-11,STANDARD,2026-08-27T09:08:00,2026-08-27T17:08:00,RELEASED,RELEASED,EU,STANDARD
ORD-001282,SKU-00299,1,DC-02,STANDARD,2026-08-02T16:01:00,2026-08-03T16:01:00,ALLOCATED,EXCEPTION,APAC,NEXT_DAY
ORD-001283,SKU-01043,1,DC-14,STANDARD,2026-08-23T15:30:00,2026-08-23T23:30:00,EXCEPTION,EXCEPTION,MEA,SAME_DAY
ORD-001284,SKU-00796,1,DC-04,STANDARD,2026-08-18T05:06:00,2026-08-18T13:06:00,SHIPPED,EXCEPTION,LATAM,SAME_DAY
ORD-001285,SKU-01078,1,DC-17,STANDARD,2026-08-17T12:54:00,2026-08-17T20:54:00,ALLOCATED,ALLOCATED,EU,NEXT_DAY
ORD-001286,SKU-00232,1,DC-15,EXPEDITE,2026-08-27T02:44:00,2026-08-27T14:44:00,EXCEPTION,EXCEPTION,MEA,STANDARD
ORD-001287,SKU-00429,1,DC-05,STANDARD,2026-08-25T04:30:00,2026-08-25T08:30:00,PACKING,EXCEPTION,MEA,STANDARD
ORD-001288,SKU-01096,1,DC-16,STANDARD,2026-08-28T06:28:00,2026-08-29T06:28:00,PICKING,EXCEPTION,,STANDARD
ORD-001289,SKU-00015,1,DC-06,STANDARD,2026-08-16T10:13:00,2026-08-16T22:13:00,SHIPPED,SHIPPED,LATAM,STANDARD
ORD-001290,SKU-01017,1,DC-06,STANDARD,2026-08-28T04:59:00,2026-08-28T10:59:00,PICKING,PICKING,,STANDARD
ORD-001291,SKU-00418,1,DC-14,STANDARD,2026-09-01T09:18:00,2026-09-02T09:18:00,SHIPPED,HOLD,MEA,SAME_DAY
ORD-001292,SKU-00597,1,DC-14,STANDARD,2026-09-03T00:29:00,2026-09-03T06:29:00,STAGED,HOLD,LATAM,STANDARD
ORD-001293,SKU-01093,1,DC-03,CRITICAL,2026-09-04T11:00:00,2026-09-04T19:00:00,PICKING,PICKING,APAC,SAME_DAY
ORD-001294,SKU-00791,1,DC-14,EXPEDITE,2026-08-19T16:45:00,2026-08-20T16:45:00,RELEASED,RELEASED,LATAM,STANDARD
ORD-001295,SKU-00865,1,DC-08,EXPEDITE,2026-08-23T02:13:00,2026-08-24T02:13:00,STAGED,STAGED,,NEXT_DAY
ORD-001296,SKU-00651,1,DC-18,STANDARD,2026-08-20T21:13:00,2026-08-21T01:13:00,ALLOCATED,ALLOCATED,APAC,SAME_DAY
ORD-001297,SKU-00177,1,DC-17,EXPEDITE,2026-08-06T10:32:00,2026-08-06T18:32:00,RELEASED,RELEASED,LATAM,SAME_DAY
ORD-001298,SKU-00503,1,DC-14,STANDARD,2026-08-19T09:53:00,2026-08-19T21:53:00,STAGED,STAGED,EU,NEXT_DAY
ORD-001299,SKU-00275,1,DC-06,EXPEDITE,2026-08-21T09:40:00,2026-08-22T09:40:00,ALLOCATED,ALLOCATED,MEA,NEXT_DAY
ORD-001300,SKU-00978,1,DC-12,STANDARD,2026-08-17T09:22:00,2026-08-17T15:22:00,EXCEPTION,EXCEPTION,,NEXT_DAY
ORD-001301,SKU-00999,1,DC-04,STANDARD,2026-09-04T07:28:00,2026-09-05T07:28:00,PICKING,HOLD,APAC,SAME_DAY
ORD-001302,SKU-00280,1,DC-08,EXPEDITE,2026-08-07T18:34:00,2026-08-07T22:34:00,PACKING,PACKING,APAC,SAME_DAY
ORD-001303,SKU-00138,1,DC-02,EXPEDITE,2026-08-24T08:46:00,2026-08-24T14:46:00,PACKING,PACKING,LATAM,STANDARD
ORD-001304,SKU-00150,1,DC-09,EXPEDITE,2026-08-15T06:14:00,2026-08-15T18:14:00,STAGED,HOLD,APAC,STANDARD
ORD-001305,SKU-01116,1,DC-15,STANDARD,2026-09-02T15:37:00,2026-09-03T03:37:00,SHIPPED,SHIPPED,LATAM,STANDARD
ORD-001306,SKU-01188,1,DC-10,STANDARD,2026-08-22T14:03:00,2026-08-22T18:03:00,ALLOCATED,HOLD,EU,NEXT_DAY
ORD-001307,SKU-00326,1,DC-03,STANDARD,2026-08-13T05:53:00,2026-08-13T17:53:00,PICKING,EXCEPTION,EU,NEXT_DAY
ORD-001308,SKU-01073,1,DC-01,STANDARD,2026-08-17T18:11:00,2026-08-17T22:11:00,SHIPPED,HOLD,,STANDARD
ORD-001309,SKU-00437,1,DC-15,STANDARD,2026-08-12T04:27:00,2026-08-12T12:27:00,STAGED,EXCEPTION,MEA,STANDARD
ORD-001310,SKU-00394,1,DC-03,STANDARD,2026-08-03T03:55:00,2026-08-03T07:55:00,SHIPPED,SHIPPED,LATAM,STANDARD
ORD-001311,SKU-00844,1,DC-01,STANDARD,2026-08-14T06:02:00,2026-08-14T10:02:00,PICKING,PICKING,APAC,NEXT_DAY
ORD-001312,SKU-00651,1,DC-01,STANDARD,2026-08-25T06:07:00,2026-08-25T12:07:00,STAGED,STAGED,,STANDARD
ORD-001313,SKU-00999,1,DC-07,STANDARD,2026-08-31T05:51:00,2026-08-31T11:51:00,SHIPPED,EXCEPTION,MEA,NEXT_DAY
ORD-001314,SKU-01078,1,DC-14,STANDARD,2026-08-14T19:55:00,2026-08-15T19:55:00,RELEASED,HOLD,,NEXT_DAY
ORD-001315,SKU-00092,1,DC-03,CRITICAL,2026-09-03T08:33:00,2026-09-03T20:33:00,PICKING,PICKING,EU,SAME_DAY
ORD-001316,SKU-00582,1,DC-13,STANDARD,2026-08-05T15:44:00,2026-08-06T15:44:00,RELEASED,RELEASED,,STANDARD
ORD-001317,SKU-00046,1,DC-16,CRITICAL,2026-08-27T14:31:00,2026-08-28T14:31:00,PACKING,PACKING,MEA,SAME_DAY
ORD-001318,SKU-00846,1,DC-05,STANDARD,2026-08-12T17:29:00,2026-08-12T21:29:00,ALLOCATED,ALLOCATED,MEA,STANDARD
ORD-001319,SKU-00462,1,DC-10,STANDARD,2026-08-02T17:12:00,2026-08-02T21:12:00,RELEASED,HOLD,,SAME_DAY
ORD-001320,SKU-01198,1,DC-04,STANDARD,2026-08-10T09:07:00,2026-08-10T13:07:00,RELEASED,RELEASED,MEA,NEXT_DAY
ORD-001321,SKU-00557,1,DC-12,STANDARD,2026-08-08T10:56:00,2026-08-08T16:56:00,SHIPPED,SHIPPED,LATAM,STANDARD
ORD-001322,SKU-00692,1,DC-08,CRITICAL,2026-08-19T21:06:00,2026-08-20T05:06:00,ALLOCATED,HOLD,LATAM,STANDARD
ORD-001323,SKU-00505,1,DC-02,CRITICAL,2026-08-17T08:47:00,2026-08-17T12:47:00,ALLOCATED,EXCEPTION,APAC,NEXT_DAY
ORD-001324,SKU-00683,1,DC-01,STANDARD,2026-08-13T05:36:00,2026-08-13T13:36:00,EXCEPTION,EXCEPTION,LATAM,SAME_DAY
ORD-001325,SKU-00825,1,DC-10,STANDARD,2026-08-22T09:26:00,2026-08-22T13:26:00,RELEASED,RELEASED,MEA,SAME_DAY
ORD-001326,SKU-00969,1,DC-14,STANDARD,2026-08-20T23:52:00,2026-08-21T05:52:00,PICKING,PICKING,MEA,SAME_DAY
ORD-001327,SKU-00423,1,DC-15,STANDARD,2026-08-23T23:27:00,2026-08-24T03:27:00,ALLOCATED,ALLOCATED,EU,STANDARD
ORD-001328,SKU-00978,1,DC-13,STANDARD,2026-09-05T03:41:00,2026-09-05T09:41:00,EXCEPTION,EXCEPTION,APAC,NEXT_DAY
ORD-001329,SKU-00987,1,DC-17,STANDARD,2026-08-13T08:42:00,2026-08-13T16:42:00,RELEASED,RELEASED,LATAM,STANDARD
ORD-001330,SKU-00332,1,DC-08,STANDARD,2026-08-18T06:21:00,2026-08-18T18:21:00,SHIPPED,EXCEPTION,,STANDARD
ORD-001331,SKU-00194,1,DC-16,STANDARD,2026-09-05T02:06:00,2026-09-05T10:06:00,SHIPPED,SHIPPED,APAC,SAME_DAY
ORD-001332,SKU-01199,1,DC-04,STANDARD,2026-09-01T01:43:00,2026-09-01T05:43:00,PACKING,HOLD,MEA,SAME_DAY
ORD-001333,SKU-01158,1,DC-03,STANDARD,2026-08-19T17:45:00,2026-08-19T21:45:00,PACKING,PACKING,,NEXT_DAY
ORD-001334,SKU-00579,1,DC-13,STANDARD,2026-08-28T09:43:00,2026-08-28T15:43:00,STAGED,HOLD,MEA,SAME_DAY
ORD-001335,SKU-00922,1,DC-01,STANDARD,2026-08-21T06:35:00,2026-08-21T18:35:00,STAGED,HOLD,APAC,STANDARD
ORD-001336,SKU-00376,1,DC-07,STANDARD,2026-08-06T11:43:00,2026-08-07T11:43:00,PICKING,PICKING,MEA,SAME_DAY
ORD-001337,SKU-00689,1,DC-06,STANDARD,2026-08-28T01:04:00,2026-08-28T05:04:00,ALLOCATED,HOLD,MEA,SAME_DAY
ORD-001338,SKU-00345,1,DC-06,STANDARD,2026-09-02T09:51:00,2026-09-02T13:51:00,PACKING,EXCEPTION,LATAM,SAME_DAY
ORD-001339,SKU-01105,1,DC-10,STANDARD,2026-08-27T21:41:00,2026-08-28T03:41:00,ALLOCATED,ALLOCATED,APAC,NEXT_DAY
ORD-001340,SKU-00426,1,DC-18,STANDARD,2026-08-23T14:58:00,2026-08-23T20:58:00,RELEASED,RELEASED,MEA,STANDARD
ORD-001341,SKU-00515,1,DC-11,STANDARD,2026-08-03T23:03:00,2026-08-04T05:03:00,RELEASED,RELEASED,MEA,SAME_DAY
ORD-001342,SKU-00497,1,DC-15,EXPEDITE,2026-08-15T18:17:00,2026-08-16T06:17:00,RELEASED,HOLD,APAC,NEXT_DAY
ORD-001343,SKU-00687,1,DC-17,STANDARD,2026-08-25T02:33:00,2026-08-26T02:33:00,PACKING,HOLD,EU,SAME_DAY
ORD-001344,SKU-01191,1,DC-15,EXPEDITE,2026-08-14T16:39:00,2026-08-15T04:39:00,STAGED,STAGED,,SAME_DAY
ORD-001345,SKU-00447,1,DC-08,EXPEDITE,2026-08-19T11:02:00,2026-08-19T23:02:00,PACKING,EXCEPTION,LATAM,SAME_DAY
ORD-001346,SKU-00775,1,DC-12,CRITICAL,2026-08-11T19:58:00,2026-08-12T01:58:00,ALLOCATED,ALLOCATED,MEA,STANDARD
ORD-001347,SKU-00374,1,DC-16,STANDARD,2026-08-27T17:02:00,2026-08-27T21:02:00,PICKING,PICKING,,SAME_DAY
ORD-001348,SKU-00479,1,DC-15,CRITICAL,2026-09-03T14:48:00,2026-09-03T18:48:00,STAGED,HOLD,LATAM,SAME_DAY
ORD-001349,SKU-01000,1,DC-06,STANDARD,2026-08-03T17:49:00,2026-08-04T01:49:00,SHIPPED,EXCEPTION,LATAM,STANDARD
ORD-001350,SKU-01080,1,DC-10,STANDARD,2026-08-14T01:50:00,2026-08-14T05:50:00,ALLOCATED,EXCEPTION,LATAM,NEXT_DAY
ORD-001351,SKU-00996,1,DC-11,EXPEDITE,2026-08-17T15:02:00,2026-08-18T03:02:00,SHIPPED,EXCEPTION,MEA,SAME_DAY
ORD-001352,SKU-00097,1,DC-03,EXPEDITE,2026-08-16T09:49:00,2026-08-17T09:49:00,PICKING,EXCEPTION,MEA,STANDARD
ORD-001353,SKU-00434,1,DC-07,EXPEDITE,2026-09-04T10:45:00,2026-09-04T16:45:00,PICKING,PICKING,LATAM,SAME_DAY
ORD-001354,SKU-00947,1,DC-17,STANDARD,2026-09-02T05:21:00,2026-09-02T09:21:00,ALLOCATED,HOLD,EU,SAME_DAY
ORD-001355,SKU-01131,1,DC-10,EXPEDITE,2026-08-17T02:04:00,2026-08-17T08:04:00,SHIPPED,HOLD,EU,NEXT_DAY
ORD-001356,SKU-00855,1,DC-08,EXPEDITE,2026-08-14T06:17:00,2026-08-15T06:17:00,RELEASED,EXCEPTION,MEA,SAME_DAY
ORD-001357,SKU-00031,1,DC-01,STANDARD,2026-08-28T14:46:00,2026-08-29T02:46:00,STAGED,STAGED,EU,NEXT_DAY
ORD-001358,SKU-00627,1,DC-02,CRITICAL,2026-08-25T00:44:00,2026-08-26T00:44:00,PACKING,PACKING,APAC,SAME_DAY
ORD-001359,SKU-00681,1,DC-12,EXPEDITE,2026-09-03T15:34:00,2026-09-03T19:34:00,ALLOCATED,ALLOCATED,,STANDARD
ORD-001360,SKU-00482,1,DC-16,CRITICAL,2026-08-25T10:54:00,2026-08-26T10:54:00,SHIPPED,SHIPPED,APAC,SAME_DAY
ORD-001361,SKU-00969,1,DC-06,STANDARD,2026-09-01T20:54:00,2026-09-02T02:54:00,RELEASED,RELEASED,LATAM,NEXT_DAY
ORD-001362,SKU-01036,1,DC-02,STANDARD,2026-08-28T01:19:00,2026-08-28T13:19:00,ALLOCATED,ALLOCATED,EU,NEXT_DAY
ORD-001363,SKU-00337,1,DC-18,STANDARD,2026-08-12T16:46:00,2026-08-13T16:46:00,EXCEPTION,EXCEPTION,EU,SAME_DAY
ORD-001364,SKU-01090,1,DC-10,EXPEDITE,2026-08-16T07:10:00,2026-08-16T15:10:00,RELEASED,EXCEPTION,MEA,STANDARD
ORD-001365,SKU-00317,1,DC-13,STANDARD,2026-09-03T07:15:00,2026-09-03T13:15:00,SHIPPED,SHIPPED,APAC,SAME_DAY
ORD-001366,SKU-00100,1,DC-06,STANDARD,2026-08-07T09:50:00,2026-08-07T21:50:00,ALLOCATED,ALLOCATED,,NEXT_DAY
ORD-001367,SKU-00323,1,DC-07,STANDARD,2026-08-14T09:57:00,2026-08-14T21:57:00,EXCEPTION,EXCEPTION,EU,NEXT_DAY
ORD-001368,SKU-00314,1,DC-10,STANDARD,2026-08-06T00:55:00,2026-08-07T00:55:00,ALLOCATED,ALLOCATED,LATAM,NEXT_DAY
ORD-001369,SKU-00886,1,DC-07,STANDARD,2026-08-28T11:10:00,2026-08-28T19:10:00,STAGED,STAGED,APAC,NEXT_DAY
ORD-001370,SKU-00478,1,DC-17,STANDARD,2026-08-31T02:02:00,2026-08-31T10:02:00,EXCEPTION,EXCEPTION,APAC,NEXT_DAY
ORD-001371,SKU-01197,1,DC-03,STANDARD,2026-09-02T18:35:00,2026-09-03T18:35:00,PACKING,PACKING,MEA,STANDARD
ORD-001372,SKU-00260,1,DC-03,STANDARD,2026-08-17T14:34:00,2026-08-17T20:34:00,SHIPPED,SHIPPED,APAC,STANDARD
ORD-001373,SKU-00247,1,DC-17,STANDARD,2026-08-15T23:01:00,2026-08-16T23:01:00,STAGED,EXCEPTION,LATAM,SAME_DAY
ORD-001374,SKU-00943,1,DC-18,STANDARD,2026-08-20T08:45:00,2026-08-21T08:45:00,PICKING,PICKING,MEA,NEXT_DAY
ORD-001375,SKU-00546,1,DC-09,EXPEDITE,2026-08-26T21:24:00,2026-08-27T21:24:00,STAGED,STAGED,MEA,STANDARD
ORD-001376,SKU-00259,1,DC-09,STANDARD,2026-08-12T09:10:00,2026-08-12T21:10:00,PICKING,PICKING,APAC,SAME_DAY
ORD-001377,SKU-00678,1,DC-14,EXPEDITE,2026-09-04T07:55:00,2026-09-05T07:55:00,EXCEPTION,EXCEPTION,EU,STANDARD
ORD-001378,SKU-00867,1,DC-03,STANDARD,2026-08-21T00:56:00,2026-08-21T04:56:00,EXCEPTION,EXCEPTION,MEA,NEXT_DAY
ORD-001379,SKU-00930,1,DC-04,EXPEDITE,2026-08-04T21:25:00,2026-08-05T05:25:00,PACKING,PACKING,EU,NEXT_DAY
ORD-001380,SKU-00838,1,DC-10,EXPEDITE,2026-08-15T22:25:00,2026-08-16T10:25:00,PACKING,PACKING,EU,NEXT_DAY
ORD-001381,SKU-00536,1,DC-14,CRITICAL,2026-09-04T07:49:00,2026-09-04T19:49:00,EXCEPTION,EXCEPTION,,NEXT_DAY
ORD-001382,SKU-01135,1,DC-07,STANDARD,2026-08-18T10:28:00,2026-08-18T22:28:00,SHIPPED,EXCEPTION,APAC,NEXT_DAY
ORD-001383,SKU-01006,1,DC-12,STANDARD,2026-08-16T14:31:00,2026-08-16T22:31:00,STAGED,EXCEPTION,,STANDARD
ORD-001384,SKU-00823,1,DC-07,STANDARD,2026-08-18T13:24:00,2026-08-18T19:24:00,PACKING,PACKING,EU,STANDARD
ORD-001385,SKU-00424,1,DC-11,STANDARD,2026-08-28T20:01:00,2026-08-29T20:01:00,PICKING,PICKING,EU,SAME_DAY
ORD-001386,SKU-00650,1,DC-16,STANDARD,2026-08-08T10:34:00,2026-08-09T10:34:00,STAGED,STAGED,LATAM,SAME_DAY
ORD-001387,SKU-00082,1,DC-16,STANDARD,2026-08-03T11:13:00,2026-08-03T19:13:00,SHIPPED,EXCEPTION,EU,SAME_DAY
ORD-001388,SKU-00808,1,DC-06,STANDARD,2026-08-20T09:50:00,2026-08-20T17:50:00,RELEASED,RELEASED,MEA,SAME_DAY
ORD-001389,SKU-01182,1,DC-07,STANDARD,2026-08-21T17:57:00,2026-08-21T21:57:00,EXCEPTION,EXCEPTION,EU,NEXT_DAY
ORD-001390,SKU-00658,1,DC-06,STANDARD,2026-08-04T13:17:00,2026-08-05T13:17:00,ALLOCATED,EXCEPTION,MEA,NEXT_DAY
ORD-001391,SKU-00735,1,DC-12,STANDARD,2026-08-05T16:33:00,2026-08-05T22:33:00,STAGED,STAGED,,STANDARD
ORD-001392,SKU-00871,1,DC-13,STANDARD,2026-08-26T20:22:00,2026-08-27T00:22:00,PICKING,PICKING,MEA,SAME_DAY
ORD-001393,SKU-00859,1,DC-14,EXPEDITE,2026-08-22T00:44:00,2026-08-22T08:44:00,RELEASED,RELEASED,,NEXT_DAY
ORD-001394,SKU-00663,1,DC-16,STANDARD,2026-08-23T06:08:00,2026-08-23T12:08:00,ALLOCATED,ALLOCATED,EU,STANDARD
ORD-001395,SKU-00516,1,DC-04,CRITICAL,2026-08-30T14:14:00,2026-08-31T14:14:00,PACKING,PACKING,,NEXT_DAY
ORD-001396,SKU-01084,1,DC-06,CRITICAL,2026-08-26T01:21:00,2026-08-27T01:21:00,PICKING,PICKING,MEA,STANDARD
ORD-001397,SKU-01117,1,DC-16,EXPEDITE,2026-08-28T10:38:00,2026-08-28T14:38:00,RELEASED,EXCEPTION,,STANDARD
ORD-001398,SKU-00541,1,DC-15,STANDARD,2026-08-11T22:22:00,2026-08-12T04:22:00,EXCEPTION,EXCEPTION,EU,SAME_DAY
ORD-001399,SKU-00352,1,DC-11,STANDARD,2026-08-20T00:36:00,2026-08-21T00:36:00,PACKING,PACKING,APAC,STANDARD
ORD-001400,SKU-00161,1,DC-17,CRITICAL,2026-08-21T00:58:00,2026-08-21T12:58:00,EXCEPTION,EXCEPTION,LATAM,STANDARD
ORD-001401,SKU-01095,1,DC-04,STANDARD,2026-08-03T16:33:00,2026-08-03T20:33:00,ALLOCATED,ALLOCATED,MEA,SAME_DAY
ORD-001402,SKU-00404,1,DC-11,STANDARD,2026-08-29T06:09:00,2026-08-29T14:09:00,PACKING,HOLD,LATAM,STANDARD
ORD-001403,SKU-00083,1,DC-16,STANDARD,2026-08-10T12:41:00,2026-08-10T18:41:00,PACKING,PACKING,EU,NEXT_DAY
ORD-001404,SKU-00784,1,DC-14,STANDARD,2026-09-04T09:32:00,2026-09-04T17:32:00,PACKING,HOLD,MEA,SAME_DAY
ORD-001405,SKU-00408,1,DC-13,STANDARD,2026-08-27T19:47:00,2026-08-27T23:47:00,ALLOCATED,ALLOCATED,LATAM,NEXT_DAY
ORD-001406,SKU-01031,1,DC-08,STANDARD,2026-08-28T00:32:00,2026-08-28T06:32:00,RELEASED,RELEASED,APAC,SAME_DAY
ORD-001407,SKU-00351,1,DC-04,STANDARD,2026-09-01T20:04:00,2026-09-02T04:04:00,SHIPPED,SHIPPED,,NEXT_DAY
ORD-001408,SKU-00260,1,DC-07,CRITICAL,2026-08-06T23:52:00,2026-08-07T05:52:00,RELEASED,HOLD,MEA,SAME_DAY
ORD-001409,SKU-01030,1,DC-01,STANDARD,2026-08-08T20:29:00,2026-08-09T02:29:00,RELEASED,RELEASED,EU,SAME_DAY
ORD-001410,SKU-01137,1,DC-09,STANDARD,2026-08-15T15:29:00,2026-08-15T19:29:00,STAGED,EXCEPTION,LATAM,SAME_DAY
ORD-001411,SKU-00134,1,DC-11,CRITICAL,2026-08-27T07:24:00,2026-08-27T15:24:00,ALLOCATED,ALLOCATED,MEA,STANDARD
ORD-001412,SKU-00664,1,DC-05,STANDARD,2026-08-14T09:16:00,2026-08-14T15:16:00,ALLOCATED,EXCEPTION,,STANDARD
ORD-001413,SKU-00077,1,DC-11,STANDARD,2026-08-22T14:17:00,2026-08-22T22:17:00,PACKING,HOLD,APAC,SAME_DAY
ORD-001414,SKU-00074,1,DC-18,CRITICAL,2026-08-15T22:15:00,2026-08-16T04:15:00,ALLOCATED,ALLOCATED,LATAM,STANDARD
ORD-001415,SKU-00705,1,DC-09,STANDARD,2026-08-07T18:49:00,2026-08-07T22:49:00,PACKING,PACKING,LATAM,NEXT_DAY
ORD-001416,SKU-00143,1,DC-02,STANDARD,2026-08-25T05:50:00,2026-08-25T13:50:00,SHIPPED,HOLD,APAC,NEXT_DAY
ORD-001417,SKU-00349,1,DC-06,STANDARD,2026-09-01T21:55:00,2026-09-02T01:55:00,RELEASED,EXCEPTION,MEA,SAME_DAY
ORD-001418,SKU-01082,1,DC-16,EXPEDITE,2026-08-25T06:40:00,2026-08-25T10:40:00,PICKING,PICKING,LATAM,SAME_DAY
ORD-001419,SKU-00226,1,DC-12,STANDARD,2026-08-26T17:38:00,2026-08-26T23:38:00,PICKING,HOLD,MEA,SAME_DAY
ORD-001420,SKU-00269,1,DC-10,STANDARD,2026-08-17T10:47:00,2026-08-17T14:47:00,RELEASED,EXCEPTION,LATAM,SAME_DAY
ORD-001421,SKU-00702,1,DC-15,EXPEDITE,2026-09-02T10:57:00,2026-09-02T14:57:00,STAGED,EXCEPTION,EU,STANDARD
ORD-001422,SKU-00416,1,DC-06,STANDARD,2026-09-03T02:11:00,2026-09-03T10:11:00,PICKING,PICKING,LATAM,SAME_DAY
ORD-001423,SKU-00536,1,DC-14,STANDARD,2026-08-31T11:35:00,2026-08-31T15:35:00,PACKING,HOLD,,NEXT_DAY
ORD-001424,SKU-00151,1,DC-05,STANDARD,2026-08-11T15:35:00,2026-08-11T21:35:00,STAGED,STAGED,APAC,NEXT_DAY
ORD-001425,SKU-00313,1,DC-11,STANDARD,2026-08-08T14:24:00,2026-08-08T18:24:00,SHIPPED,SHIPPED,,SAME_DAY
ORD-001426,SKU-00081,1,DC-02,EXPEDITE,2026-08-30T08:30:00,2026-08-30T20:30:00,EXCEPTION,EXCEPTION,LATAM,STANDARD
ORD-001427,SKU-00798,1,DC-11,STANDARD,2026-08-05T07:04:00,2026-08-06T07:04:00,SHIPPED,SHIPPED,,NEXT_DAY
ORD-001428,SKU-01183,1,DC-12,STANDARD,2026-08-08T01:52:00,2026-08-08T13:52:00,PICKING,EXCEPTION,APAC,SAME_DAY
ORD-001429,SKU-01090,1,DC-11,STANDARD,2026-08-22T13:35:00,2026-08-22T21:35:00,SHIPPED,SHIPPED,,STANDARD
ORD-001430,SKU-00843,1,DC-16,EXPEDITE,2026-08-02T03:35:00,2026-08-02T07:35:00,STAGED,STAGED,,SAME_DAY
ORD-001431,SKU-00189,1,DC-17,STANDARD,2026-08-22T06:56:00,2026-08-22T12:56:00,PACKING,PACKING,LATAM,STANDARD
ORD-001432,SKU-01142,1,DC-02,STANDARD,2026-08-09T22:54:00,2026-08-10T22:54:00,PACKING,HOLD,EU,SAME_DAY
ORD-001433,SKU-00558,1,DC-12,STANDARD,2026-08-11T18:26:00,2026-08-11T22:26:00,ALLOCATED,ALLOCATED,,NEXT_DAY
ORD-001434,SKU-01062,1,DC-13,STANDARD,2026-08-18T04:25:00,2026-08-18T16:25:00,PICKING,PICKING,,NEXT_DAY
ORD-001435,SKU-00476,1,DC-17,STANDARD,2026-09-02T13:56:00,2026-09-02T17:56:00,SHIPPED,SHIPPED,,SAME_DAY
ORD-001436,SKU-00980,1,DC-14,STANDARD,2026-08-07T19:17:00,2026-08-08T01:17:00,SHIPPED,EXCEPTION,,SAME_DAY
ORD-001437,SKU-00425,1,DC-11,STANDARD,2026-08-14T17:16:00,2026-08-15T05:16:00,ALLOCATED,HOLD,,NEXT_DAY
ORD-001438,SKU-00099,1,DC-11,STANDARD,2026-08-14T10:05:00,2026-08-14T16:05:00,ALLOCATED,HOLD,MEA,STANDARD
ORD-001439,SKU-00738,1,DC-18,STANDARD,2026-08-10T04:33:00,2026-08-10T12:33:00,ALLOCATED,ALLOCATED,LATAM,STANDARD
ORD-001440,SKU-01088,1,DC-03,STANDARD,2026-08-06T09:21:00,2026-08-07T09:21:00,PICKING,PICKING,APAC,NEXT_DAY
ORD-001441,SKU-00572,1,DC-07,CRITICAL,2026-08-18T14:56:00,2026-08-18T20:56:00,ALLOCATED,HOLD,APAC,STANDARD
ORD-001442,SKU-00267,1,DC-10,STANDARD,2026-08-01T17:27:00,2026-08-02T01:27:00,RELEASED,RELEASED,MEA,NEXT_DAY
ORD-001443,SKU-00751,1,DC-11,STANDARD,2026-08-18T20:59:00,2026-08-19T04:59:00,SHIPPED,SHIPPED,,SAME_DAY
ORD-001444,SKU-00998,1,DC-18,EXPEDITE,2026-08-09T10:35:00,2026-08-09T22:35:00,RELEASED,RELEASED,LATAM,STANDARD
ORD-001445,SKU-00589,1,DC-05,EXPEDITE,2026-08-21T22:03:00,2026-08-22T10:03:00,SHIPPED,SHIPPED,LATAM,STANDARD
ORD-001446,SKU-00899,1,DC-17,STANDARD,2026-08-11T15:57:00,2026-08-12T03:57:00,RELEASED,HOLD,EU,STANDARD
ORD-001447,SKU-00450,1,DC-03,STANDARD,2026-08-16T02:32:00,2026-08-16T14:32:00,ALLOCATED,ALLOCATED,LATAM,STANDARD
ORD-001448,SKU-01136,1,DC-14,STANDARD,2026-08-12T12:27:00,2026-08-13T12:27:00,PICKING,PICKING,EU,SAME_DAY
ORD-001449,SKU-00917,1,DC-13,STANDARD,2026-08-11T20:58:00,2026-08-12T08:58:00,EXCEPTION,EXCEPTION,MEA,NEXT_DAY
ORD-001450,SKU-00317,1,DC-11,STANDARD,2026-08-27T17:36:00,2026-08-28T17:36:00,EXCEPTION,EXCEPTION,APAC,STANDARD
ORD-001451,SKU-00932,1,DC-06,EXPEDITE,2026-08-14T12:31:00,2026-08-14T16:31:00,PICKING,EXCEPTION,LATAM,STANDARD
ORD-001452,SKU-00185,1,DC-13,STANDARD,2026-08-19T02:37:00,2026-08-19T14:37:00,RELEASED,RELEASED,LATAM,STANDARD
ORD-001453,SKU-00318,1,DC-17,STANDARD,2026-08-01T14:29:00,2026-08-01T18:29:00,PICKING,PICKING,,NEXT_DAY
ORD-001454,SKU-00383,1,DC-13,STANDARD,2026-08-02T19:38:00,2026-08-03T19:38:00,SHIPPED,EXCEPTION,EU,STANDARD
ORD-001455,SKU-00175,1,DC-01,EXPEDITE,2026-08-02T20:58:00,2026-08-03T20:58:00,PICKING,PICKING,EU,NEXT_DAY
ORD-001456,SKU-00636,1,DC-08,STANDARD,2026-08-22T20:04:00,2026-08-23T00:04:00,PACKING,EXCEPTION,EU,NEXT_DAY
ORD-001457,SKU-00112,1,DC-08,EXPEDITE,2026-09-04T09:03:00,2026-09-04T17:03:00,RELEASED,HOLD,MEA,STANDARD
ORD-001458,SKU-00229,1,DC-08,EXPEDITE,2026-08-13T11:31:00,2026-08-13T23:31:00,PICKING,HOLD,LATAM,STANDARD
ORD-001459,SKU-01153,1,DC-08,EXPEDITE,2026-08-27T03:00:00,2026-08-27T09:00:00,SHIPPED,SHIPPED,APAC,NEXT_DAY
ORD-001460,SKU-00915,1,DC-11,CRITICAL,2026-08-15T02:02:00,2026-08-15T06:02:00,RELEASED,HOLD,LATAM,STANDARD
ORD-001461,SKU-00785,1,DC-01,STANDARD,2026-08-15T20:14:00,2026-08-16T00:14:00,ALLOCATED,ALLOCATED,MEA,NEXT_DAY
ORD-001462,SKU-00093,1,DC-15,STANDARD,2026-08-15T21:50:00,2026-08-16T21:50:00,EXCEPTION,EXCEPTION,LATAM,STANDARD
ORD-001463,SKU-01079,1,DC-07,CRITICAL,2026-09-03T19:17:00,2026-09-03T23:17:00,SHIPPED,HOLD,APAC,STANDARD
ORD-001464,SKU-00281,1,DC-16,EXPEDITE,2026-08-26T09:53:00,2026-08-26T17:53:00,EXCEPTION,EXCEPTION,APAC,SAME_DAY
ORD-001465,SKU-01138,1,DC-12,STANDARD,2026-08-31T18:14:00,2026-09-01T18:14:00,PACKING,PACKING,LATAM,STANDARD
ORD-001466,SKU-00838,1,DC-03,EXPEDITE,2026-08-13T01:58:00,2026-08-14T01:58:00,ALLOCATED,ALLOCATED,MEA,STANDARD
ORD-001467,SKU-00770,1,DC-15,STANDARD,2026-08-29T04:38:00,2026-08-29T08:38:00,EXCEPTION,EXCEPTION,APAC,STANDARD
ORD-001468,SKU-00757,1,DC-15,STANDARD,2026-08-12T02:44:00,2026-08-12T08:44:00,PACKING,PACKING,LATAM,STANDARD
ORD-001469,SKU-00710,1,DC-18,STANDARD,2026-08-23T15:05:00,2026-08-23T23:05:00,EXCEPTION,EXCEPTION,MEA,NEXT_DAY
ORD-001470,SKU-00059,1,DC-10,STANDARD,2026-08-03T09:47:00,2026-08-03T13:47:00,RELEASED,RELEASED,APAC,SAME_DAY
ORD-001471,SKU-00410,1,DC-15,STANDARD,2026-09-02T09:03:00,2026-09-02T13:03:00,SHIPPED,SHIPPED,EU,STANDARD
ORD-001472,SKU-00992,1,DC-09,STANDARD,2026-08-14T06:33:00,2026-08-14T14:33:00,EXCEPTION,EXCEPTION,,STANDARD
ORD-001473,SKU-00136,1,DC-05,CRITICAL,2026-08-16T06:45:00,2026-08-16T14:45:00,ALLOCATED,ALLOCATED,,SAME_DAY
ORD-001474,SKU-00593,1,DC-06,STANDARD,2026-08-19T09:14:00,2026-08-19T17:14:00,RELEASED,RELEASED,APAC,STANDARD
ORD-001475,SKU-00875,1,DC-02,STANDARD,2026-09-04T13:09:00,2026-09-05T13:09:00,ALLOCATED,ALLOCATED,APAC,STANDARD
ORD-001476,SKU-00081,1,DC-02,STANDARD,2026-08-06T04:00:00,2026-08-07T04:00:00,EXCEPTION,HOLD,,STANDARD
ORD-001477,SKU-01162,1,DC-07,EXPEDITE,2026-09-04T13:46:00,2026-09-04T19:46:00,PACKING,EXCEPTION,MEA,SAME_DAY
ORD-001478,SKU-00166,1,DC-11,STANDARD,2026-08-15T19:50:00,2026-08-16T03:50:00,STAGED,STAGED,APAC,NEXT_DAY
ORD-001479,SKU-00862,1,DC-18,STANDARD,2026-08-15T19:08:00,2026-08-15T23:08:00,PICKING,EXCEPTION,MEA,SAME_DAY
ORD-001480,SKU-00990,1,DC-02,EXPEDITE,2026-08-01T09:08:00,2026-08-01T13:08:00,SHIPPED,EXCEPTION,EU,NEXT_DAY
ORD-001481,SKU-00361,1,DC-02,STANDARD,2026-08-28T16:59:00,2026-08-28T22:59:00,PICKING,PICKING,APAC,STANDARD
ORD-001482,SKU-00641,1,DC-04,STANDARD,2026-08-23T13:36:00,2026-08-23T19:36:00,SHIPPED,SHIPPED,EU,STANDARD
ORD-001483,SKU-00015,1,DC-16,STANDARD,2026-08-03T17:36:00,2026-08-04T01:36:00,EXCEPTION,EXCEPTION,MEA,STANDARD
ORD-001484,SKU-01075,1,DC-03,EXPEDITE,2026-08-10T06:38:00,2026-08-10T18:38:00,PICKING,HOLD,EU,NEXT_DAY
ORD-001485,SKU-00163,1,DC-11,STANDARD,2026-08-01T16:02:00,2026-08-01T22:02:00,PICKING,PICKING,LATAM,STANDARD
ORD-001486,SKU-01098,1,DC-13,STANDARD,2026-08-22T06:22:00,2026-08-22T10:22:00,ALLOCATED,ALLOCATED,LATAM,STANDARD
ORD-001487,SKU-00255,1,DC-01,STANDARD,2026-08-03T11:12:00,2026-08-03T23:12:00,EXCEPTION,EXCEPTION,APAC,SAME_DAY
ORD-001488,SKU-01002,1,DC-16,EXPEDITE,2026-08-02T00:23:00,2026-08-02T04:23:00,ALLOCATED,ALLOCATED,,STANDARD
ORD-001489,SKU-01077,1,DC-01,EXPEDITE,2026-09-03T13:19:00,2026-09-03T19:19:00,SHIPPED,HOLD,EU,NEXT_DAY
ORD-001490,SKU-00420,1,DC-01,CRITICAL,2026-08-24T23:27:00,2026-08-25T07:27:00,PICKING,PICKING,APAC,NEXT_DAY
ORD-001491,SKU-00131,1,DC-09,STANDARD,2026-08-04T21:18:00,2026-08-05T01:18:00,RELEASED,HOLD,,SAME_DAY
ORD-001492,SKU-01079,1,DC-16,STANDARD,2026-08-12T23:19:00,2026-08-13T23:19:00,PACKING,EXCEPTION,LATAM,SAME_DAY
ORD-001493,SKU-00493,1,DC-08,CRITICAL,2026-08-10T16:12:00,2026-08-11T00:12:00,ALLOCATED,ALLOCATED,MEA,STANDARD
ORD-001494,SKU-00788,1,DC-17,STANDARD,2026-08-31T06:06:00,2026-08-31T10:06:00,PACKING,PACKING,EU,NEXT_DAY
ORD-001495,SKU-00805,1,DC-15,CRITICAL,2026-08-30T19:37:00,2026-08-31T07:37:00,ALLOCATED,HOLD,,STANDARD
ORD-001496,SKU-00080,1,DC-10,STANDARD,2026-08-27T10:54:00,2026-08-27T14:54:00,RELEASED,RELEASED,MEA,STANDARD
ORD-001497,SKU-00316,1,DC-05,STANDARD,2026-09-03T08:04:00,2026-09-03T20:04:00,EXCEPTION,EXCEPTION,APAC,NEXT_DAY
ORD-001498,SKU-00008,1,DC-07,STANDARD,2026-08-09T21:27:00,2026-08-10T01:27:00,RELEASED,RELEASED,MEA,SAME_DAY
ORD-001499,SKU-00342,1,DC-17,EXPEDITE,2026-08-05T11:43:00,2026-08-05T17:43:00,ALLOCATED,HOLD,EU,SAME_DAY
ORD-001500,SKU-00885,1,DC-15,STANDARD,2026-09-05T02:27:00,2026-09-05T10:27:00,EXCEPTION,EXCEPTION,LATAM,STANDARD
ORD-001501,SKU-00214,1,DC-13,STANDARD,2026-08-28T09:10:00,2026-08-28T15:10:00,ALLOCATED,ALLOCATED,EU,NEXT_DAY
ORD-001502,SKU-00200,1,DC-10,STANDARD,2026-08-10T15:02:00,2026-08-10T19:02:00,PICKING,PICKING,LATAM,SAME_DAY
ORD-001503,SKU-00583,1,DC-08,EXPEDITE,2026-08-25T01:44:00,2026-08-25T05:44:00,PACKING,PACKING,MEA,NEXT_DAY
ORD-001504,SKU-00083,1,DC-12,STANDARD,2026-09-03T18:56:00,2026-09-04T06:56:00,RELEASED,EXCEPTION,MEA,NEXT_DAY
ORD-001505,SKU-00847,1,DC-04,EXPEDITE,2026-08-07T00:54:00,2026-08-07T08:54:00,PACKING,PACKING,MEA,SAME_DAY
ORD-001506,SKU-00080,1,DC-03,EXPEDITE,2026-08-02T01:31:00,2026-08-02T13:31:00,RELEASED,EXCEPTION,LATAM,SAME_DAY
ORD-001507,SKU-00976,1,DC-03,STANDARD,2026-08-28T21:15:00,2026-08-29T01:15:00,EXCEPTION,HOLD,EU,STANDARD
ORD-001508,SKU-01114,1,DC-05,STANDARD,2026-08-05T06:38:00,2026-08-05T10:38:00,RELEASED,RELEASED,LATAM,STANDARD
ORD-001509,SKU-00420,1,DC-01,STANDARD,2026-08-07T15:49:00,2026-08-07T19:49:00,SHIPPED,HOLD,EU,STANDARD
ORD-001510,SKU-00573,1,DC-06,EXPEDITE,2026-08-03T16:20:00,2026-08-04T00:20:00,RELEASED,RELEASED,,SAME_DAY
ORD-001511,SKU-00980,1,DC-03,STANDARD,2026-09-01T05:13:00,2026-09-02T05:13:00,EXCEPTION,EXCEPTION,,STANDARD
ORD-001512,SKU-00427,1,DC-11,EXPEDITE,2026-08-22T10:46:00,2026-08-22T14:46:00,SHIPPED,EXCEPTION,MEA,NEXT_DAY
ORD-001513,SKU-00840,1,DC-04,EXPEDITE,2026-09-03T13:43:00,2026-09-04T01:43:00,SHIPPED,SHIPPED,,SAME_DAY
ORD-001514,SKU-00862,1,DC-05,STANDARD,2026-08-19T17:40:00,2026-08-19T21:40:00,RELEASED,RELEASED,LATAM,STANDARD
ORD-001515,SKU-00186,1,DC-02,STANDARD,2026-09-03T22:32:00,2026-09-04T10:32:00,SHIPPED,SHIPPED,,NEXT_DAY
ORD-001516,SKU-00338,1,DC-01,EXPEDITE,2026-09-01T16:26:00,2026-09-01T20:26:00,SHIPPED,EXCEPTION,APAC,SAME_DAY
ORD-001517,SKU-00254,1,DC-01,STANDARD,2026-08-04T12:29:00,2026-08-04T20:29:00,EXCEPTION,HOLD,LATAM,NEXT_DAY
ORD-001518,SKU-01182,1,DC-17,EXPEDITE,2026-08-04T07:15:00,2026-08-04T13:15:00,RELEASED,EXCEPTION,MEA,STANDARD
ORD-001519,SKU-00527,1,DC-16,STANDARD,2026-08-26T23:30:00,2026-08-27T07:30:00,SHIPPED,HOLD,MEA,STANDARD
ORD-001520,SKU-00433,1,DC-09,STANDARD,2026-08-20T12:24:00,2026-08-20T16:24:00,PICKING,PICKING,EU,SAME_DAY
ORD-001521,SKU-00406,1,DC-09,STANDARD,2026-08-27T14:56:00,2026-08-28T14:56:00,STAGED,EXCEPTION,,NEXT_DAY
ORD-001522,SKU-00417,1,DC-07,STANDARD,2026-08-22T15:12:00,2026-08-22T21:12:00,RELEASED,HOLD,APAC,NEXT_DAY
ORD-001523,SKU-00937,1,DC-18,STANDARD,2026-08-14T13:42:00,2026-08-14T17:42:00,RELEASED,RELEASED,MEA,NEXT_DAY
ORD-001524,SKU-00272,1,DC-03,STANDARD,2026-09-02T12:43:00,2026-09-03T00:43:00,STAGED,STAGED,APAC,STANDARD
ORD-001525,SKU-00163,1,DC-13,STANDARD,2026-09-02T00:33:00,2026-09-02T04:33:00,EXCEPTION,EXCEPTION,LATAM,STANDARD
ORD-001526,SKU-00183,1,DC-01,STANDARD,2026-08-29T07:42:00,2026-08-29T19:42:00,SHIPPED,SHIPPED,APAC,SAME_DAY
ORD-001527,SKU-00043,1,DC-01,EXPEDITE,2026-09-02T20:54:00,2026-09-03T04:54:00,PACKING,PACKING,EU,STANDARD
ORD-001528,SKU-00548,1,DC-09,CRITICAL,2026-08-08T01:15:00,2026-08-08T07:15:00,EXCEPTION,HOLD,APAC,SAME_DAY
ORD-001529,SKU-00549,1,DC-08,STANDARD,2026-08-30T06:54:00,2026-08-31T06:54:00,SHIPPED,SHIPPED,APAC,STANDARD
ORD-001530,SKU-00034,1,DC-01,CRITICAL,2026-08-09T09:11:00,2026-08-10T09:11:00,SHIPPED,SHIPPED,APAC,SAME_DAY
ORD-001531,SKU-01072,1,DC-08,STANDARD,2026-08-29T22:11:00,2026-08-30T22:11:00,ALLOCATED,HOLD,APAC,SAME_DAY
ORD-001532,SKU-00237,1,DC-12,CRITICAL,2026-09-01T23:06:00,2026-09-02T05:06:00,PICKING,PICKING,EU,STANDARD
ORD-001533,SKU-00161,1,DC-16,STANDARD,2026-08-09T02:41:00,2026-08-09T10:41:00,PACKING,PACKING,MEA,SAME_DAY
ORD-001534,SKU-00796,1,DC-10,EXPEDITE,2026-08-18T15:25:00,2026-08-18T23:25:00,SHIPPED,SHIPPED,MEA,NEXT_DAY
ORD-001535,SKU-00997,1,DC-06,STANDARD,2026-08-21T22:35:00,2026-08-22T02:35:00,EXCEPTION,EXCEPTION,LATAM,NEXT_DAY
ORD-001536,SKU-01053,1,DC-06,STANDARD,2026-08-19T22:48:00,2026-08-20T10:48:00,RELEASED,EXCEPTION,LATAM,STANDARD
ORD-001537,SKU-00578,1,DC-17,STANDARD,2026-09-03T09:06:00,2026-09-03T21:06:00,EXCEPTION,EXCEPTION,APAC,NEXT_DAY
ORD-001538,SKU-00109,1,DC-01,STANDARD,2026-08-21T06:03:00,2026-08-22T06:03:00,STAGED,EXCEPTION,LATAM,NEXT_DAY
ORD-001539,SKU-00934,1,DC-02,STANDARD,2026-09-04T12:30:00,2026-09-05T12:30:00,PACKING,PACKING,,SAME_DAY
ORD-001540,SKU-01127,1,DC-13,EXPEDITE,2026-08-23T23:13:00,2026-08-24T03:13:00,SHIPPED,SHIPPED,MEA,NEXT_DAY
ORD-001541,SKU-00910,1,DC-10,STANDARD,2026-08-14T15:28:00,2026-08-15T15:28:00,PACKING,PACKING,EU,STANDARD
ORD-001542,SKU-01082,1,DC-16,CRITICAL,2026-09-02T14:37:00,2026-09-03T02:37:00,ALLOCATED,EXCEPTION,APAC,STANDARD
ORD-001543,SKU-00896,1,DC-14,STANDARD,2026-09-03T13:18:00,2026-09-04T01:18:00,EXCEPTION,EXCEPTION,EU,STANDARD
ORD-001544,SKU-00108,1,DC-01,CRITICAL,2026-08-12T20:02:00,2026-08-13T20:02:00,SHIPPED,EXCEPTION,EU,SAME_DAY
ORD-001545,SKU-00917,1,DC-09,EXPEDITE,2026-09-01T22:05:00,2026-09-02T02:05:00,ALLOCATED,ALLOCATED,LATAM,SAME_DAY
ORD-001546,SKU-00696,1,DC-12,STANDARD,2026-08-11T18:07:00,2026-08-12T02:07:00,RELEASED,RELEASED,LATAM,SAME_DAY
ORD-001547,SKU-00035,1,DC-01,STANDARD,2026-08-22T01:22:00,2026-08-22T05:22:00,RELEASED,EXCEPTION,,SAME_DAY
ORD-001548,SKU-00116,1,DC-03,STANDARD,2026-08-15T15:31:00,2026-08-16T15:31:00,PICKING,PICKING,MEA,SAME_DAY
ORD-001549,SKU-01011,1,DC-16,STANDARD,2026-08-20T21:27:00,2026-08-21T05:27:00,RELEASED,HOLD,,NEXT_DAY
ORD-001550,SKU-01030,1,DC-09,STANDARD,2026-08-12T23:25:00,2026-08-13T23:25:00,ALLOCATED,ALLOCATED,APAC,NEXT_DAY
ORD-001551,SKU-00731,1,DC-08,EXPEDITE,2026-08-13T22:47:00,2026-08-14T02:47:00,PICKING,EXCEPTION,LATAM,SAME_DAY
ORD-001552,SKU-00236,1,DC-06,STANDARD,2026-08-18T23:17:00,2026-08-19T23:17:00,ALLOCATED,ALLOCATED,MEA,STANDARD
ORD-001553,SKU-00564,1,DC-07,STANDARD,2026-08-14T03:36:00,2026-08-15T03:36:00,PICKING,PICKING,APAC,NEXT_DAY
ORD-001554,SKU-00379,1,DC-08,STANDARD,2026-08-24T20:00:00,2026-08-25T00:00:00,ALLOCATED,EXCEPTION,,SAME_DAY
ORD-001555,SKU-01143,1,DC-05,STANDARD,2026-08-13T07:20:00,2026-08-13T11:20:00,ALLOCATED,EXCEPTION,MEA,NEXT_DAY
ORD-001556,SKU-00714,1,DC-14,STANDARD,2026-08-10T04:24:00,2026-08-10T16:24:00,PACKING,PACKING,MEA,NEXT_DAY
ORD-001557,SKU-01124,1,DC-04,STANDARD,2026-08-23T12:26:00,2026-08-23T18:26:00,PICKING,PICKING,MEA,SAME_DAY
ORD-001558,SKU-01170,1,DC-16,STANDARD,2026-09-01T18:04:00,2026-09-02T06:04:00,RELEASED,RELEASED,APAC,STANDARD
ORD-001559,SKU-00337,1,DC-14,EXPEDITE,2026-08-22T17:34:00,2026-08-23T17:34:00,STAGED,STAGED,EU,STANDARD
ORD-001560,SKU-00715,1,DC-18,EXPEDITE,2026-09-02T10:29:00,2026-09-02T18:29:00,RELEASED,RELEASED,APAC,NEXT_DAY
ORD-001561,SKU-00710,1,DC-03,CRITICAL,2026-08-04T05:05:00,2026-08-04T11:05:00,SHIPPED,SHIPPED,MEA,SAME_DAY
ORD-001562,SKU-00800,1,DC-08,STANDARD,2026-09-02T16:19:00,2026-09-02T20:19:00,ALLOCATED,ALLOCATED,,STANDARD
ORD-001563,SKU-00405,1,DC-08,STANDARD,2026-08-23T07:24:00,2026-08-23T11:24:00,RELEASED,RELEASED,,NEXT_DAY
ORD-001564,SKU-00908,1,DC-05,STANDARD,2026-08-04T10:53:00,2026-08-04T18:53:00,PICKING,PICKING,,STANDARD
ORD-001565,SKU-00816,1,DC-18,EXPEDITE,2026-08-14T20:05:00,2026-08-15T08:05:00,ALLOCATED,ALLOCATED,,SAME_DAY
ORD-001566,SKU-00559,1,DC-01,STANDARD,2026-08-04T03:39:00,2026-08-04T07:39:00,STAGED,EXCEPTION,,SAME_DAY
ORD-001567,SKU-00213,1,DC-08,CRITICAL,2026-08-17T19:52:00,2026-08-18T07:52:00,PICKING,PICKING,LATAM,NEXT_DAY
ORD-001568,SKU-00320,1,DC-09,STANDARD,2026-08-16T18:15:00,2026-08-17T06:15:00,PICKING,PICKING,EU,SAME_DAY
ORD-001569,SKU-01147,1,DC-15,STANDARD,2026-08-27T16:03:00,2026-08-27T22:03:00,SHIPPED,SHIPPED,APAC,STANDARD
ORD-001570,SKU-00972,1,DC-17,STANDARD,2026-09-04T00:42:00,2026-09-04T06:42:00,STAGED,STAGED,EU,NEXT_DAY
ORD-001571,SKU-00146,1,DC-02,EXPEDITE,2026-08-28T20:06:00,2026-08-29T04:06:00,PICKING,PICKING,LATAM,SAME_DAY
ORD-001572,SKU-00163,1,DC-17,STANDARD,2026-08-22T07:28:00,2026-08-23T07:28:00,STAGED,EXCEPTION,LATAM,NEXT_DAY
ORD-001573,SKU-00327,1,DC-08,EXPEDITE,2026-08-25T11:01:00,2026-08-25T19:01:00,RELEASED,HOLD,APAC,STANDARD
ORD-001574,SKU-00785,1,DC-16,STANDARD,2026-08-27T08:12:00,2026-08-27T14:12:00,SHIPPED,SHIPPED,MEA,SAME_DAY
ORD-001575,SKU-00028,1,DC-11,CRITICAL,2026-08-27T18:30:00,2026-08-28T06:30:00,PACKING,PACKING,MEA,STANDARD
ORD-001576,SKU-00885,1,DC-10,STANDARD,2026-09-04T03:19:00,2026-09-05T03:19:00,EXCEPTION,EXCEPTION,,STANDARD
ORD-001577,SKU-00630,1,DC-10,STANDARD,2026-08-28T18:34:00,2026-08-29T02:34:00,ALLOCATED,ALLOCATED,APAC,NEXT_DAY
ORD-001578,SKU-00028,1,DC-01,STANDARD,2026-08-11T08:41:00,2026-08-11T16:41:00,SHIPPED,HOLD,LATAM,SAME_DAY
ORD-001579,SKU-00643,1,DC-04,STANDARD,2026-08-07T11:53:00,2026-08-07T17:53:00,PICKING,PICKING,APAC,STANDARD
ORD-001580,SKU-00324,1,DC-13,STANDARD,2026-08-25T17:44:00,2026-08-25T21:44:00,PICKING,EXCEPTION,MEA,SAME_DAY
ORD-001581,SKU-01019,1,DC-16,EXPEDITE,2026-08-15T10:20:00,2026-08-15T16:20:00,STAGED,STAGED,,STANDARD
ORD-001582,SKU-00594,1,DC-04,STANDARD,2026-08-27T04:47:00,2026-08-27T10:47:00,PICKING,PICKING,LATAM,NEXT_DAY
ORD-001583,SKU-00401,1,DC-02,STANDARD,2026-08-23T03:47:00,2026-08-24T03:47:00,EXCEPTION,EXCEPTION,MEA,STANDARD
ORD-001584,SKU-00931,1,DC-08,EXPEDITE,2026-08-20T00:59:00,2026-08-21T00:59:00,SHIPPED,HOLD,EU,STANDARD
ORD-001585,SKU-00336,1,DC-09,CRITICAL,2026-08-01T13:39:00,2026-08-01T19:39:00,ALLOCATED,EXCEPTION,LATAM,STANDARD
ORD-001586,SKU-00387,1,DC-06,CRITICAL,2026-08-09T06:35:00,2026-08-09T12:35:00,ALLOCATED,ALLOCATED,LATAM,STANDARD
ORD-001587,SKU-01011,1,DC-01,EXPEDITE,2026-08-05T11:09:00,2026-08-05T19:09:00,PACKING,PACKING,MEA,STANDARD
ORD-001588,SKU-00158,1,DC-04,STANDARD,2026-08-29T19:18:00,2026-08-30T01:18:00,EXCEPTION,EXCEPTION,,SAME_DAY
ORD-001589,SKU-00776,1,DC-09,STANDARD,2026-08-20T12:11:00,2026-08-20T18:11:00,PACKING,PACKING,MEA,SAME_DAY
ORD-001590,SKU-00995,1,DC-15,EXPEDITE,2026-08-02T17:07:00,2026-08-02T23:07:00,EXCEPTION,HOLD,MEA,STANDARD
ORD-001591,SKU-00165,1,DC-18,CRITICAL,2026-08-19T07:56:00,2026-08-19T19:56:00,ALLOCATED,ALLOCATED,MEA,NEXT_DAY
ORD-001592,SKU-00705,1,DC-03,STANDARD,2026-08-22T04:57:00,2026-08-22T08:57:00,ALLOCATED,ALLOCATED,APAC,STANDARD
ORD-001593,SKU-00559,1,DC-16,STANDARD,2026-08-24T20:34:00,2026-08-25T00:34:00,EXCEPTION,EXCEPTION,APAC,SAME_DAY
ORD-001594,SKU-00210,1,DC-12,STANDARD,2026-08-21T20:33:00,2026-08-22T00:33:00,PACKING,HOLD,MEA,STANDARD
ORD-001595,SKU-00729,1,DC-02,STANDARD,2026-08-11T07:07:00,2026-08-12T07:07:00,ALLOCATED,ALLOCATED,EU,SAME_DAY
ORD-001596,SKU-00004,1,DC-18,STANDARD,2026-08-07T08:48:00,2026-08-07T20:48:00,RELEASED,RELEASED,APAC,NEXT_DAY
ORD-001597,SKU-00772,1,DC-08,STANDARD,2026-09-03T20:48:00,2026-09-04T00:48:00,PICKING,HOLD,LATAM,NEXT_DAY
ORD-001598,SKU-00657,1,DC-05,STANDARD,2026-08-17T15:50:00,2026-08-17T19:50:00,PACKING,PACKING,LATAM,NEXT_DAY
ORD-001599,SKU-01045,1,DC-03,CRITICAL,2026-08-18T17:07:00,2026-08-18T23:07:00,ALLOCATED,ALLOCATED,LATAM,STANDARD
ORD-001600,SKU-00461,1,DC-18,EXPEDITE,2026-08-26T21:35:00,2026-08-27T05:35:00,SHIPPED,EXCEPTION,,NEXT_DAY
ORD-001601,SKU-00595,1,DC-09,STANDARD,2026-08-27T04:50:00,2026-08-27T08:50:00,PICKING,HOLD,LATAM,STANDARD
ORD-001602,SKU-01181,1,DC-05,STANDARD,2026-08-13T05:33:00,2026-08-13T17:33:00,PACKING,PACKING,,SAME_DAY
ORD-001603,SKU-01199,1,DC-13,EXPEDITE,2026-08-10T16:30:00,2026-08-11T00:30:00,EXCEPTION,EXCEPTION,,STANDARD
ORD-001604,SKU-00147,1,DC-09,STANDARD,2026-08-21T17:28:00,2026-08-21T21:28:00,RELEASED,RELEASED,,SAME_DAY
ORD-001605,SKU-00945,1,DC-07,STANDARD,2026-08-26T04:17:00,2026-08-26T16:17:00,PACKING,PACKING,MEA,NEXT_DAY
ORD-001606,SKU-00066,1,DC-01,CRITICAL,2026-08-30T00:34:00,2026-08-30T06:34:00,PACKING,PACKING,APAC,NEXT_DAY
ORD-001607,SKU-01196,1,DC-04,STANDARD,2026-08-08T03:32:00,2026-08-08T09:32:00,PACKING,PACKING,APAC,STANDARD
ORD-001608,SKU-01064,1,DC-10,STANDARD,2026-08-19T15:00:00,2026-08-20T15:00:00,EXCEPTION,EXCEPTION,,NEXT_DAY
ORD-001609,SKU-00068,1,DC-10,EXPEDITE,2026-08-07T09:50:00,2026-08-07T13:50:00,SHIPPED,EXCEPTION,LATAM,SAME_DAY
ORD-001610,SKU-00706,1,DC-08,STANDARD,2026-08-28T04:46:00,2026-08-28T16:46:00,ALLOCATED,ALLOCATED,MEA,STANDARD
ORD-001611,SKU-01047,1,DC-11,CRITICAL,2026-08-11T16:39:00,2026-08-12T16:39:00,RELEASED,RELEASED,LATAM,STANDARD
ORD-001612,SKU-00429,1,DC-08,STANDARD,2026-08-10T07:46:00,2026-08-10T11:46:00,STAGED,STAGED,LATAM,NEXT_DAY
ORD-001613,SKU-01128,1,DC-09,STANDARD,2026-09-01T21:27:00,2026-09-02T05:27:00,PICKING,HOLD,LATAM,NEXT_DAY
ORD-001614,SKU-01111,1,DC-09,STANDARD,2026-08-30T03:06:00,2026-08-30T07:06:00,STAGED,STAGED,LATAM,STANDARD
ORD-001615,SKU-00834,1,DC-05,STANDARD,2026-08-22T02:25:00,2026-08-23T02:25:00,PICKING,PICKING,,SAME_DAY
ORD-001616,SKU-00638,1,DC-17,STANDARD,2026-09-03T19:20:00,2026-09-04T03:20:00,PICKING,PICKING,MEA,STANDARD
ORD-001617,SKU-00289,1,DC-11,STANDARD,2026-08-30T03:39:00,2026-08-31T03:39:00,PACKING,PACKING,APAC,STANDARD
ORD-001618,SKU-00940,1,DC-06,STANDARD,2026-08-31T18:37:00,2026-09-01T00:37:00,EXCEPTION,EXCEPTION,EU,SAME_DAY
ORD-001619,SKU-00693,1,DC-18,STANDARD,2026-08-25T18:42:00,2026-08-25T22:42:00,EXCEPTION,HOLD,,NEXT_DAY
ORD-001620,SKU-00646,1,DC-17,EXPEDITE,2026-08-31T13:13:00,2026-09-01T13:13:00,EXCEPTION,EXCEPTION,EU,STANDARD
ORD-001621,SKU-00656,1,DC-15,EXPEDITE,2026-08-08T08:06:00,2026-08-09T08:06:00,EXCEPTION,EXCEPTION,,SAME_DAY
ORD-001622,SKU-00299,1,DC-10,STANDARD,2026-08-22T18:24:00,2026-08-23T18:24:00,SHIPPED,SHIPPED,LATAM,SAME_DAY
ORD-001623,SKU-00598,1,DC-08,STANDARD,2026-08-18T17:44:00,2026-08-18T21:44:00,ALLOCATED,HOLD,LATAM,SAME_DAY
ORD-001624,SKU-00660,1,DC-16,STANDARD,2026-08-12T08:52:00,2026-08-12T20:52:00,EXCEPTION,EXCEPTION,MEA,SAME_DAY
ORD-001625,SKU-00043,1,DC-14,EXPEDITE,2026-08-25T02:58:00,2026-08-25T14:58:00,EXCEPTION,EXCEPTION,MEA,NEXT_DAY
ORD-001626,SKU-00166,1,DC-04,STANDARD,2026-08-04T13:02:00,2026-08-04T17:02:00,RELEASED,RELEASED,EU,NEXT_DAY
ORD-001627,SKU-00020,1,DC-04,EXPEDITE,2026-08-11T09:35:00,2026-08-12T09:35:00,PACKING,PACKING,,STANDARD
ORD-001628,SKU-00781,1,DC-15,STANDARD,2026-08-20T15:48:00,2026-08-21T15:48:00,PICKING,PICKING,EU,NEXT_DAY
ORD-001629,SKU-00978,1,DC-12,STANDARD,2026-08-14T00:06:00,2026-08-14T08:06:00,SHIPPED,SHIPPED,EU,NEXT_DAY
ORD-001630,SKU-01042,1,DC-15,STANDARD,2026-09-04T08:36:00,2026-09-05T08:36:00,SHIPPED,EXCEPTION,LATAM,NEXT_DAY
ORD-001631,SKU-00555,1,DC-11,STANDARD,2026-08-17T12:28:00,2026-08-17T20:28:00,PICKING,PICKING,EU,SAME_DAY
ORD-001632,SKU-00558,1,DC-18,STANDARD,2026-08-05T13:02:00,2026-08-05T21:02:00,RELEASED,EXCEPTION,LATAM,SAME_DAY
ORD-001633,SKU-00175,1,DC-03,EXPEDITE,2026-08-30T03:35:00,2026-08-30T07:35:00,PACKING,EXCEPTION,APAC,NEXT_DAY
ORD-001634,SKU-00173,1,DC-14,STANDARD,2026-08-08T18:26:00,2026-08-09T00:26:00,STAGED,HOLD,LATAM,STANDARD
ORD-001635,SKU-01171,1,DC-12,STANDARD,2026-08-04T12:23:00,2026-08-04T18:23:00,STAGED,STAGED,LATAM,STANDARD
ORD-001636,SKU-00121,1,DC-16,CRITICAL,2026-08-22T18:12:00,2026-08-23T00:12:00,ALLOCATED,EXCEPTION,,STANDARD
ORD-001637,SKU-00423,1,DC-15,STANDARD,2026-09-04T12:47:00,2026-09-04T16:47:00,PACKING,PACKING,EU,STANDARD
ORD-001638,SKU-00551,1,DC-06,STANDARD,2026-08-28T12:44:00,2026-08-28T20:44:00,RELEASED,HOLD,MEA,STANDARD
ORD-001639,SKU-00791,1,DC-08,STANDARD,2026-08-05T00:30:00,2026-08-05T04:30:00,ALLOCATED,HOLD,MEA,NEXT_DAY
ORD-001640,SKU-00922,1,DC-01,EXPEDITE,2026-08-27T17:41:00,2026-08-28T17:41:00,ALLOCATED,EXCEPTION,EU,NEXT_DAY
ORD-001641,SKU-00128,1,DC-07,STANDARD,2026-08-12T03:59:00,2026-08-12T15:59:00,EXCEPTION,EXCEPTION,LATAM,STANDARD
ORD-001642,SKU-00714,1,DC-11,STANDARD,2026-08-13T01:41:00,2026-08-13T05:41:00,PACKING,HOLD,LATAM,SAME_DAY
ORD-001643,SKU-00621,1,DC-17,STANDARD,2026-08-15T08:26:00,2026-08-15T16:26:00,EXCEPTION,EXCEPTION,EU,STANDARD
ORD-001644,SKU-00779,1,DC-11,STANDARD,2026-08-31T11:21:00,2026-08-31T23:21:00,PICKING,EXCEPTION,,STANDARD
ORD-001645,SKU-00897,1,DC-05,STANDARD,2026-08-02T17:08:00,2026-08-03T17:08:00,RELEASED,RELEASED,,STANDARD
ORD-001646,SKU-00982,1,DC-02,STANDARD,2026-08-21T02:37:00,2026-08-21T14:37:00,PACKING,PACKING,EU,SAME_DAY
ORD-001647,SKU-00542,1,DC-14,STANDARD,2026-08-08T11:35:00,2026-08-08T17:35:00,PICKING,HOLD,MEA,SAME_DAY
ORD-001648,SKU-00223,1,DC-17,STANDARD,2026-08-17T05:40:00,2026-08-17T09:40:00,SHIPPED,SHIPPED,,STANDARD
ORD-001649,SKU-00242,1,DC-08,CRITICAL,2026-08-13T02:11:00,2026-08-13T06:11:00,PICKING,PICKING,,SAME_DAY
ORD-001650,SKU-00062,1,DC-05,STANDARD,2026-08-01T23:07:00,2026-08-02T11:07:00,STAGED,STAGED,APAC,STANDARD
ORD-001651,SKU-00337,1,DC-12,STANDARD,2026-08-12T15:40:00,2026-08-13T15:40:00,STAGED,STAGED,EU,SAME_DAY
ORD-001652,SKU-00154,1,DC-10,STANDARD,2026-08-25T23:17:00,2026-08-26T23:17:00,RELEASED,RELEASED,LATAM,NEXT_DAY
ORD-001653,SKU-00277,1,DC-03,CRITICAL,2026-08-25T23:16:00,2026-08-26T03:16:00,SHIPPED,SHIPPED,,SAME_DAY
ORD-001654,SKU-00570,1,DC-01,EXPEDITE,2026-08-10T12:14:00,2026-08-11T00:14:00,PICKING,EXCEPTION,EU,NEXT_DAY
ORD-001655,SKU-00241,1,DC-07,CRITICAL,2026-08-19T05:04:00,2026-08-19T17:04:00,ALLOCATED,ALLOCATED,,NEXT_DAY
ORD-001656,SKU-01050,1,DC-11,STANDARD,2026-09-01T08:48:00,2026-09-01T14:48:00,ALLOCATED,ALLOCATED,LATAM,NEXT_DAY
ORD-001657,SKU-00902,1,DC-01,CRITICAL,2026-08-11T14:52:00,2026-08-11T18:52:00,PACKING,HOLD,,NEXT_DAY
ORD-001658,SKU-01071,1,DC-13,STANDARD,2026-08-14T17:51:00,2026-08-15T01:51:00,PICKING,HOLD,,STANDARD
ORD-001659,SKU-00210,1,DC-12,STANDARD,2026-08-17T05:19:00,2026-08-17T13:19:00,PICKING,PICKING,LATAM,NEXT_DAY
ORD-001660,SKU-01004,1,DC-01,EXPEDITE,2026-08-22T18:55:00,2026-08-23T02:55:00,PACKING,HOLD,EU,SAME_DAY
ORD-001661,SKU-01027,1,DC-12,STANDARD,2026-08-06T03:15:00,2026-08-06T09:15:00,EXCEPTION,EXCEPTION,LATAM,NEXT_DAY
ORD-001662,SKU-00789,1,DC-15,STANDARD,2026-08-06T10:51:00,2026-08-06T18:51:00,PACKING,PACKING,,STANDARD
ORD-001663,SKU-00229,1,DC-08,STANDARD,2026-08-14T13:26:00,2026-08-14T19:26:00,PICKING,PICKING,MEA,NEXT_DAY
ORD-001664,SKU-01195,1,DC-10,EXPEDITE,2026-09-04T09:11:00,2026-09-04T15:11:00,STAGED,HOLD,,NEXT_DAY
ORD-001665,SKU-01104,1,DC-07,STANDARD,2026-08-17T23:27:00,2026-08-18T03:27:00,EXCEPTION,EXCEPTION,EU,SAME_DAY
ORD-001666,SKU-01094,1,DC-11,EXPEDITE,2026-08-24T06:55:00,2026-08-24T14:55:00,ALLOCATED,ALLOCATED,MEA,STANDARD
ORD-001667,SKU-00272,1,DC-13,STANDARD,2026-08-05T02:55:00,2026-08-05T06:55:00,STAGED,EXCEPTION,APAC,STANDARD
ORD-001668,SKU-00335,1,DC-10,STANDARD,2026-08-23T12:17:00,2026-08-24T12:17:00,EXCEPTION,EXCEPTION,EU,NEXT_DAY
ORD-001669,SKU-00121,1,DC-16,STANDARD,2026-08-31T21:06:00,2026-09-01T21:06:00,ALLOCATED,HOLD,MEA,NEXT_DAY
ORD-001670,SKU-00929,1,DC-12,STANDARD,2026-09-03T09:59:00,2026-09-03T13:59:00,SHIPPED,SHIPPED,MEA,STANDARD
ORD-001671,SKU-00190,1,DC-12,STANDARD,2026-09-04T07:30:00,2026-09-05T07:30:00,SHIPPED,EXCEPTION,APAC,SAME_DAY
ORD-001672,SKU-00259,1,DC-06,STANDARD,2026-08-04T06:32:00,2026-08-04T12:32:00,SHIPPED,SHIPPED,MEA,STANDARD
ORD-001673,SKU-00219,1,DC-02,STANDARD,2026-08-06T21:14:00,2026-08-07T21:14:00,EXCEPTION,HOLD,,SAME_DAY
ORD-001674,SKU-00015,1,DC-15,EXPEDITE,2026-08-28T08:14:00,2026-08-28T16:14:00,PACKING,PACKING,MEA,STANDARD
ORD-001675,SKU-00897,1,DC-11,STANDARD,2026-08-02T04:36:00,2026-08-03T04:36:00,PACKING,PACKING,EU,SAME_DAY
ORD-001676,SKU-01197,1,DC-10,CRITICAL,2026-08-15T12:48:00,2026-08-15T20:48:00,EXCEPTION,EXCEPTION,LATAM,NEXT_DAY
ORD-001677,SKU-00049,1,DC-06,STANDARD,2026-08-12T20:35:00,2026-08-13T02:35:00,RELEASED,RELEASED,LATAM,NEXT_DAY
ORD-001678,SKU-00273,1,DC-12,CRITICAL,2026-08-10T09:47:00,2026-08-10T13:47:00,PICKING,EXCEPTION,MEA,NEXT_DAY
ORD-001679,SKU-01182,1,DC-17,STANDARD,2026-08-14T22:32:00,2026-08-15T22:32:00,RELEASED,RELEASED,LATAM,SAME_DAY
ORD-001680,SKU-00743,1,DC-05,EXPEDITE,2026-08-21T20:22:00,2026-08-22T04:22:00,ALLOCATED,ALLOCATED,MEA,SAME_DAY
ORD-001681,SKU-00108,1,DC-09,EXPEDITE,2026-08-30T11:41:00,2026-08-30T23:41:00,RELEASED,RELEASED,EU,NEXT_DAY
ORD-001682,SKU-00910,1,DC-01,STANDARD,2026-08-17T02:54:00,2026-08-17T06:54:00,PICKING,PICKING,APAC,NEXT_DAY
ORD-001683,SKU-00254,1,DC-09,STANDARD,2026-08-06T07:09:00,2026-08-07T07:09:00,PACKING,EXCEPTION,EU,SAME_DAY
ORD-001684,SKU-00099,1,DC-11,STANDARD,2026-09-04T21:36:00,2026-09-05T21:36:00,SHIPPED,EXCEPTION,APAC,SAME_DAY
ORD-001685,SKU-00476,1,DC-06,STANDARD,2026-08-31T17:40:00,2026-09-01T01:40:00,PACKING,PACKING,LATAM,STANDARD
ORD-001686,SKU-00005,1,DC-08,STANDARD,2026-08-31T23:10:00,2026-09-01T07:10:00,STAGED,STAGED,LATAM,STANDARD
ORD-001687,SKU-00897,1,DC-10,STANDARD,2026-08-02T23:22:00,2026-08-03T23:22:00,EXCEPTION,EXCEPTION,LATAM,SAME_DAY
ORD-001688,SKU-00244,1,DC-06,STANDARD,2026-08-02T05:03:00,2026-08-02T11:03:00,ALLOCATED,ALLOCATED,EU,NEXT_DAY
ORD-001689,SKU-00041,1,DC-18,EXPEDITE,2026-09-03T14:42:00,2026-09-03T20:42:00,RELEASED,RELEASED,APAC,NEXT_DAY
ORD-001690,SKU-00796,1,DC-10,STANDARD,2026-08-18T03:26:00,2026-08-18T15:26:00,EXCEPTION,EXCEPTION,EU,SAME_DAY
ORD-001691,SKU-01123,1,DC-14,STANDARD,2026-08-10T04:59:00,2026-08-10T16:59:00,RELEASED,EXCEPTION,LATAM,NEXT_DAY
ORD-001692,SKU-00155,1,DC-14,STANDARD,2026-08-31T19:58:00,2026-09-01T01:58:00,EXCEPTION,EXCEPTION,LATAM,NEXT_DAY
ORD-001693,SKU-00335,1,DC-10,CRITICAL,2026-08-09T18:11:00,2026-08-09T22:11:00,EXCEPTION,EXCEPTION,APAC,NEXT_DAY
ORD-001694,SKU-00374,1,DC-10,EXPEDITE,2026-08-06T08:33:00,2026-08-06T14:33:00,EXCEPTION,EXCEPTION,MEA,SAME_DAY
ORD-001695,SKU-00719,1,DC-10,STANDARD,2026-08-28T08:48:00,2026-08-28T20:48:00,PACKING,PACKING,MEA,STANDARD
ORD-001696,SKU-00221,1,DC-17,EXPEDITE,2026-09-04T16:08:00,2026-09-04T20:08:00,EXCEPTION,HOLD,,SAME_DAY
ORD-001697,SKU-00703,1,DC-06,EXPEDITE,2026-08-14T08:21:00,2026-08-15T08:21:00,RELEASED,RELEASED,LATAM,NEXT_DAY
ORD-001698,SKU-00743,1,DC-15,EXPEDITE,2026-08-01T06:21:00,2026-08-01T12:21:00,EXCEPTION,EXCEPTION,LATAM,SAME_DAY
ORD-001699,SKU-01082,1,DC-04,EXPEDITE,2026-08-17T14:07:00,2026-08-18T14:07:00,ALLOCATED,ALLOCATED,MEA,NEXT_DAY
ORD-001700,SKU-00857,1,DC-08,EXPEDITE,2026-08-17T23:23:00,2026-08-18T11:23:00,PACKING,PACKING,LATAM,SAME_DAY
ORD-001701,SKU-00902,1,DC-14,STANDARD,2026-08-07T04:20:00,2026-08-07T12:20:00,ALLOCATED,EXCEPTION,EU,STANDARD
ORD-001702,SKU-00060,1,DC-13,STANDARD,2026-08-18T17:01:00,2026-08-18T21:01:00,STAGED,EXCEPTION,EU,NEXT_DAY
ORD-001703,SKU-00038,1,DC-15,STANDARD,2026-09-01T22:35:00,2026-09-02T04:35:00,PICKING,PICKING,,STANDARD
ORD-001704,SKU-00795,1,DC-06,STANDARD,2026-08-15T10:31:00,2026-08-15T16:31:00,ALLOCATED,EXCEPTION,APAC,STANDARD
ORD-001705,SKU-00961,1,DC-07,CRITICAL,2026-08-29T04:03:00,2026-08-30T04:03:00,STAGED,STAGED,MEA,SAME_DAY
ORD-001706,SKU-01197,1,DC-13,STANDARD,2026-08-08T03:51:00,2026-08-08T11:51:00,EXCEPTION,EXCEPTION,LATAM,STANDARD
ORD-001707,SKU-00237,1,DC-12,STANDARD,2026-08-02T19:34:00,2026-08-03T19:34:00,PACKING,PACKING,MEA,NEXT_DAY
ORD-001708,SKU-00174,1,DC-04,STANDARD,2026-08-09T06:26:00,2026-08-09T10:26:00,SHIPPED,EXCEPTION,LATAM,SAME_DAY
ORD-001709,SKU-00064,1,DC-07,STANDARD,2026-09-03T23:34:00,2026-09-04T03:34:00,RELEASED,RELEASED,APAC,STANDARD
ORD-001710,SKU-00315,1,DC-06,EXPEDITE,2026-08-12T00:13:00,2026-08-12T12:13:00,STAGED,STAGED,APAC,SAME_DAY
ORD-001711,SKU-00494,1,DC-13,STANDARD,2026-08-19T20:35:00,2026-08-20T20:35:00,SHIPPED,EXCEPTION,,NEXT_DAY
ORD-001712,SKU-00159,1,DC-07,STANDARD,2026-08-06T21:07:00,2026-08-07T05:07:00,STAGED,EXCEPTION,LATAM,STANDARD
ORD-001713,SKU-00938,1,DC-03,STANDARD,2026-08-29T10:46:00,2026-08-29T22:46:00,STAGED,STAGED,APAC,STANDARD
ORD-001714,SKU-00484,1,DC-03,STANDARD,2026-08-19T19:45:00,2026-08-19T23:45:00,PACKING,PACKING,,SAME_DAY
ORD-001715,SKU-01060,1,DC-07,EXPEDITE,2026-08-31T21:35:00,2026-09-01T09:35:00,PACKING,HOLD,EU,NEXT_DAY
ORD-001716,SKU-00997,1,DC-01,STANDARD,2026-08-30T02:33:00,2026-08-30T10:33:00,PACKING,EXCEPTION,LATAM,STANDARD
ORD-001717,SKU-00806,1,DC-17,STANDARD,2026-09-04T10:18:00,2026-09-04T16:18:00,PICKING,PICKING,EU,SAME_DAY
ORD-001718,SKU-00933,1,DC-14,STANDARD,2026-08-10T05:43:00,2026-08-10T11:43:00,RELEASED,EXCEPTION,APAC,STANDARD
ORD-001719,SKU-00024,1,DC-17,EXPEDITE,2026-08-23T23:49:00,2026-08-24T03:49:00,STAGED,STAGED,MEA,NEXT_DAY
ORD-001720,SKU-00153,1,DC-09,EXPEDITE,2026-08-30T00:21:00,2026-08-30T06:21:00,PACKING,HOLD,,SAME_DAY
ORD-001721,SKU-00079,1,DC-03,EXPEDITE,2026-09-02T01:57:00,2026-09-02T07:57:00,PICKING,EXCEPTION,EU,NEXT_DAY
ORD-001722,SKU-00270,1,DC-01,EXPEDITE,2026-08-06T18:20:00,2026-08-07T00:20:00,STAGED,STAGED,APAC,SAME_DAY
ORD-001723,SKU-01049,1,DC-04,STANDARD,2026-08-05T08:42:00,2026-08-05T20:42:00,RELEASED,RELEASED,,SAME_DAY
ORD-001724,SKU-00605,1,DC-04,STANDARD,2026-08-13T21:01:00,2026-08-14T01:01:00,ALLOCATED,HOLD,,SAME_DAY
ORD-001725,SKU-00537,1,DC-17,STANDARD,2026-09-04T19:47:00,2026-09-05T19:47:00,PICKING,EXCEPTION,,STANDARD
ORD-001726,SKU-00095,1,DC-15,STANDARD,2026-09-01T03:58:00,2026-09-01T15:58:00,EXCEPTION,EXCEPTION,EU,SAME_DAY
ORD-001727,SKU-00517,1,DC-07,EXPEDITE,2026-08-01T09:32:00,2026-08-02T09:32:00,RELEASED,RELEASED,EU,STANDARD
ORD-001728,SKU-01088,1,DC-10,STANDARD,2026-08-09T07:39:00,2026-08-09T19:39:00,SHIPPED,SHIPPED,LATAM,SAME_DAY
ORD-001729,SKU-00710,1,DC-14,STANDARD,2026-08-04T00:07:00,2026-08-04T04:07:00,ALLOCATED,ALLOCATED,EU,STANDARD
ORD-001730,SKU-00282,1,DC-04,EXPEDITE,2026-08-05T13:11:00,2026-08-05T21:11:00,RELEASED,EXCEPTION,LATAM,SAME_DAY
ORD-001731,SKU-01021,1,DC-10,CRITICAL,2026-09-01T13:46:00,2026-09-01T17:46:00,PICKING,PICKING,LATAM,STANDARD
ORD-001732,SKU-00712,1,DC-03,STANDARD,2026-08-16T20:54:00,2026-08-17T02:54:00,STAGED,STAGED,EU,NEXT_DAY
ORD-001733,SKU-00123,1,DC-02,STANDARD,2026-08-22T03:34:00,2026-08-22T07:34:00,STAGED,STAGED,LATAM,SAME_DAY
ORD-001734,SKU-01103,1,DC-15,STANDARD,2026-08-18T02:26:00,2026-08-18T14:26:00,RELEASED,RELEASED,,NEXT_DAY
ORD-001735,SKU-00036,1,DC-05,STANDARD,2026-08-04T17:59:00,2026-08-04T23:59:00,STAGED,STAGED,APAC,SAME_DAY
ORD-001736,SKU-00553,1,DC-15,EXPEDITE,2026-09-01T16:29:00,2026-09-01T20:29:00,SHIPPED,EXCEPTION,LATAM,STANDARD
ORD-001737,SKU-00509,1,DC-05,CRITICAL,2026-08-01T10:13:00,2026-08-01T16:13:00,SHIPPED,EXCEPTION,LATAM,STANDARD
ORD-001738,SKU-00254,1,DC-11,CRITICAL,2026-09-01T01:48:00,2026-09-01T13:48:00,PICKING,PICKING,MEA,STANDARD
ORD-001739,SKU-00701,1,DC-13,STANDARD,2026-08-11T06:34:00,2026-08-12T06:34:00,PACKING,PACKING,LATAM,STANDARD
ORD-001740,SKU-00933,1,DC-10,STANDARD,2026-09-02T07:11:00,2026-09-02T15:11:00,RELEASED,RELEASED,APAC,SAME_DAY
ORD-001741,SKU-00463,1,DC-17,STANDARD,2026-08-04T21:09:00,2026-08-05T03:09:00,PACKING,EXCEPTION,EU,SAME_DAY
ORD-001742,SKU-00889,1,DC-08,CRITICAL,2026-08-12T03:37:00,2026-08-13T03:37:00,PACKING,HOLD,MEA,SAME_DAY
ORD-001743,SKU-00999,1,DC-07,STANDARD,2026-08-16T19:43:00,2026-08-17T03:43:00,ALLOCATED,ALLOCATED,LATAM,NEXT_DAY
ORD-001744,SKU-00543,1,DC-12,STANDARD,2026-08-06T06:56:00,2026-08-06T12:56:00,ALLOCATED,EXCEPTION,LATAM,STANDARD
ORD-001745,SKU-00832,1,DC-17,STANDARD,2026-08-01T12:15:00,2026-08-02T00:15:00,PICKING,PICKING,MEA,SAME_DAY
ORD-001746,SKU-00695,1,DC-18,STANDARD,2026-08-16T11:06:00,2026-08-16T23:06:00,RELEASED,RELEASED,,STANDARD
ORD-001747,SKU-00131,1,DC-01,CRITICAL,2026-08-13T08:41:00,2026-08-13T12:41:00,STAGED,EXCEPTION,APAC,SAME_DAY
ORD-001748,SKU-00415,1,DC-14,EXPEDITE,2026-08-13T02:37:00,2026-08-13T10:37:00,PICKING,PICKING,,STANDARD
ORD-001749,SKU-00505,1,DC-14,STANDARD,2026-08-13T01:15:00,2026-08-13T05:15:00,RELEASED,RELEASED,EU,STANDARD
ORD-001750,SKU-00267,1,DC-07,STANDARD,2026-08-26T12:06:00,2026-08-27T00:06:00,STAGED,EXCEPTION,APAC,NEXT_DAY
ORD-001751,SKU-00773,1,DC-17,STANDARD,2026-08-29T23:29:00,2026-08-30T07:29:00,ALLOCATED,ALLOCATED,APAC,SAME_DAY
ORD-001752,SKU-00387,1,DC-06,EXPEDITE,2026-08-16T18:47:00,2026-08-17T06:47:00,RELEASED,RELEASED,,NEXT_DAY
ORD-001753,SKU-01005,1,DC-14,CRITICAL,2026-08-08T19:32:00,2026-08-08T23:32:00,ALLOCATED,HOLD,EU,SAME_DAY
ORD-001754,SKU-00193,1,DC-12,STANDARD,2026-08-12T21:12:00,2026-08-13T09:12:00,EXCEPTION,HOLD,EU,STANDARD
ORD-001755,SKU-00597,1,DC-01,CRITICAL,2026-08-05T08:42:00,2026-08-05T14:42:00,PICKING,PICKING,EU,NEXT_DAY
ORD-001756,SKU-00165,1,DC-18,EXPEDITE,2026-08-19T04:43:00,2026-08-19T12:43:00,EXCEPTION,EXCEPTION,APAC,NEXT_DAY
ORD-001757,SKU-00298,1,DC-01,STANDARD,2026-08-03T11:25:00,2026-08-03T15:25:00,ALLOCATED,ALLOCATED,LATAM,NEXT_DAY
ORD-001758,SKU-00668,1,DC-18,STANDARD,2026-08-26T11:02:00,2026-08-27T11:02:00,PICKING,PICKING,LATAM,NEXT_DAY
ORD-001759,SKU-00113,1,DC-05,STANDARD,2026-08-23T15:00:00,2026-08-24T03:00:00,EXCEPTION,HOLD,MEA,NEXT_DAY
ORD-001760,SKU-00790,1,DC-13,STANDARD,2026-08-24T06:14:00,2026-08-24T12:14:00,EXCEPTION,EXCEPTION,LATAM,SAME_DAY
ORD-001761,SKU-00243,1,DC-03,STANDARD,2026-09-04T13:00:00,2026-09-05T13:00:00,PICKING,PICKING,EU,NEXT_DAY
ORD-001762,SKU-00008,1,DC-11,STANDARD,2026-08-05T18:44:00,2026-08-06T18:44:00,PACKING,PACKING,LATAM,SAME_DAY
ORD-001763,SKU-01137,1,DC-18,EXPEDITE,2026-08-17T10:41:00,2026-08-17T14:41:00,SHIPPED,SHIPPED,MEA,NEXT_DAY
ORD-001764,SKU-00836,1,DC-05,STANDARD,2026-09-03T20:56:00,2026-09-04T02:56:00,SHIPPED,SHIPPED,EU,STANDARD
ORD-001765,SKU-00009,1,DC-13,EXPEDITE,2026-08-26T15:14:00,2026-08-27T15:14:00,ALLOCATED,ALLOCATED,EU,SAME_DAY
ORD-001766,SKU-00922,1,DC-07,STANDARD,2026-08-22T21:07:00,2026-08-23T09:07:00,SHIPPED,SHIPPED,MEA,NEXT_DAY
ORD-001767,SKU-00267,1,DC-13,STANDARD,2026-08-12T07:58:00,2026-08-12T15:58:00,PICKING,PICKING,,NEXT_DAY
ORD-001768,SKU-01052,1,DC-09,EXPEDITE,2026-09-04T22:50:00,2026-09-05T06:50:00,SHIPPED,EXCEPTION,EU,NEXT_DAY
ORD-001769,SKU-00469,1,DC-02,EXPEDITE,2026-08-12T00:55:00,2026-08-12T04:55:00,SHIPPED,SHIPPED,MEA,NEXT_DAY
ORD-001770,SKU-00028,1,DC-08,EXPEDITE,2026-08-26T04:45:00,2026-08-26T12:45:00,STAGED,STAGED,,STANDARD
ORD-001771,SKU-00980,1,DC-08,STANDARD,2026-08-16T14:33:00,2026-08-16T20:33:00,PACKING,PACKING,EU,SAME_DAY
ORD-001772,SKU-01039,1,DC-02,EXPEDITE,2026-08-28T19:15:00,2026-08-29T19:15:00,PACKING,HOLD,MEA,STANDARD
ORD-001773,SKU-00610,1,DC-17,CRITICAL,2026-08-10T14:13:00,2026-08-10T18:13:00,PACKING,PACKING,MEA,STANDARD
ORD-001774,SKU-00325,1,DC-18,STANDARD,2026-08-24T04:04:00,2026-08-24T10:04:00,EXCEPTION,EXCEPTION,EU,STANDARD
ORD-001775,SKU-00871,1,DC-14,EXPEDITE,2026-08-20T04:33:00,2026-08-21T04:33:00,PACKING,PACKING,MEA,NEXT_DAY
ORD-001776,SKU-01047,1,DC-15,STANDARD,2026-08-29T10:34:00,2026-08-29T14:34:00,PICKING,PICKING,EU,NEXT_DAY
ORD-001777,SKU-00118,1,DC-07,EXPEDITE,2026-08-29T14:56:00,2026-08-29T18:56:00,PACKING,PACKING,LATAM,SAME_DAY
ORD-001778,SKU-00894,1,DC-18,STANDARD,2026-08-20T21:52:00,2026-08-21T03:52:00,ALLOCATED,HOLD,LATAM,NEXT_DAY
ORD-001779,SKU-00478,1,DC-05,STANDARD,2026-08-31T18:37:00,2026-09-01T18:37:00,ALLOCATED,ALLOCATED,MEA,STANDARD
ORD-001780,SKU-01015,1,DC-13,STANDARD,2026-08-06T04:54:00,2026-08-06T16:54:00,PICKING,HOLD,EU,NEXT_DAY
ORD-001781,SKU-00749,1,DC-04,STANDARD,2026-08-22T15:10:00,2026-08-23T03:10:00,ALLOCATED,ALLOCATED,EU,STANDARD
ORD-001782,SKU-00368,1,DC-04,EXPEDITE,2026-08-25T03:45:00,2026-08-26T03:45:00,RELEASED,HOLD,EU,STANDARD
ORD-001783,SKU-01071,1,DC-04,EXPEDITE,2026-08-20T13:36:00,2026-08-21T13:36:00,RELEASED,RELEASED,MEA,SAME_DAY
ORD-001784,SKU-00820,1,DC-11,STANDARD,2026-08-30T03:35:00,2026-08-31T03:35:00,SHIPPED,HOLD,LATAM,NEXT_DAY
ORD-001785,SKU-00474,1,DC-05,CRITICAL,2026-08-08T03:46:00,2026-08-09T03:46:00,ALLOCATED,ALLOCATED,APAC,SAME_DAY
ORD-001786,SKU-00478,1,DC-09,STANDARD,2026-08-23T05:49:00,2026-08-23T11:49:00,ALLOCATED,HOLD,MEA,STANDARD
ORD-001787,SKU-00214,1,DC-14,STANDARD,2026-08-20T16:59:00,2026-08-21T00:59:00,RELEASED,HOLD,,SAME_DAY
ORD-001788,SKU-00820,1,DC-05,STANDARD,2026-08-05T11:18:00,2026-08-05T17:18:00,ALLOCATED,EXCEPTION,EU,NEXT_DAY
ORD-001789,SKU-01152,1,DC-02,CRITICAL,2026-08-10T17:19:00,2026-08-11T05:19:00,SHIPPED,HOLD,MEA,NEXT_DAY
ORD-001790,SKU-00374,1,DC-18,STANDARD,2026-09-03T16:05:00,2026-09-03T22:05:00,STAGED,STAGED,LATAM,NEXT_DAY
ORD-001791,SKU-00443,1,DC-04,STANDARD,2026-08-15T04:50:00,2026-08-15T10:50:00,ALLOCATED,ALLOCATED,MEA,STANDARD
ORD-001792,SKU-00562,1,DC-09,STANDARD,2026-08-04T02:05:00,2026-08-04T08:05:00,SHIPPED,EXCEPTION,EU,NEXT_DAY
ORD-001793,SKU-00819,1,DC-02,EXPEDITE,2026-08-17T06:52:00,2026-08-17T10:52:00,PICKING,PICKING,MEA,SAME_DAY
ORD-001794,SKU-00029,1,DC-15,STANDARD,2026-08-08T14:21:00,2026-08-08T20:21:00,PICKING,PICKING,,STANDARD
ORD-001795,SKU-00029,1,DC-12,EXPEDITE,2026-08-25T14:50:00,2026-08-25T18:50:00,PACKING,EXCEPTION,LATAM,NEXT_DAY
ORD-001796,SKU-00822,1,DC-16,EXPEDITE,2026-08-14T18:26:00,2026-08-14T22:26:00,ALLOCATED,HOLD,LATAM,NEXT_DAY
ORD-001797,SKU-00022,1,DC-04,CRITICAL,2026-08-28T12:46:00,2026-08-29T00:46:00,SHIPPED,EXCEPTION,LATAM,STANDARD
ORD-001798,SKU-00138,1,DC-15,STANDARD,2026-08-02T21:41:00,2026-08-03T05:41:00,RELEASED,RELEASED,APAC,STANDARD
ORD-001799,SKU-00956,1,DC-15,STANDARD,2026-08-14T12:51:00,2026-08-14T20:51:00,PACKING,PACKING,LATAM,STANDARD
ORD-001800,SKU-00350,1,DC-12,EXPEDITE,2026-08-27T05:27:00,2026-08-27T17:27:00,SHIPPED,HOLD,LATAM,SAME_DAY
ORD-001801,SKU-00555,1,DC-10,STANDARD,2026-09-03T15:17:00,2026-09-03T23:17:00,ALLOCATED,ALLOCATED,APAC,SAME_DAY
ORD-001802,SKU-00140,1,DC-09,EXPEDITE,2026-08-09T23:27:00,2026-08-10T05:27:00,STAGED,STAGED,LATAM,STANDARD
ORD-001803,SKU-01195,1,DC-10,EXPEDITE,2026-08-19T04:31:00,2026-08-19T12:31:00,PACKING,PACKING,LATAM,NEXT_DAY
ORD-001804,SKU-00544,1,DC-11,EXPEDITE,2026-09-01T02:23:00,2026-09-01T06:23:00,SHIPPED,SHIPPED,EU,STANDARD
ORD-001805,SKU-00308,1,DC-12,CRITICAL,2026-08-05T18:49:00,2026-08-06T00:49:00,PICKING,HOLD,EU,NEXT_DAY
ORD-001806,SKU-01140,1,DC-17,EXPEDITE,2026-08-10T10:43:00,2026-08-10T16:43:00,PACKING,PACKING,LATAM,SAME_DAY
ORD-001807,SKU-00694,1,DC-18,STANDARD,2026-08-14T07:13:00,2026-08-15T07:13:00,RELEASED,EXCEPTION,LATAM,NEXT_DAY
ORD-001808,SKU-00169,1,DC-07,STANDARD,2026-08-13T00:40:00,2026-08-14T00:40:00,PICKING,PICKING,MEA,STANDARD
ORD-001809,SKU-00049,1,DC-15,STANDARD,2026-08-28T18:44:00,2026-08-29T02:44:00,PICKING,HOLD,,NEXT_DAY
ORD-001810,SKU-00340,1,DC-15,STANDARD,2026-08-09T20:17:00,2026-08-10T20:17:00,SHIPPED,SHIPPED,APAC,NEXT_DAY
ORD-001811,SKU-01185,1,DC-16,STANDARD,2026-08-01T20:11:00,2026-08-02T02:11:00,PACKING,PACKING,APAC,STANDARD
ORD-001812,SKU-00634,1,DC-15,EXPEDITE,2026-08-10T00:55:00,2026-08-10T04:55:00,ALLOCATED,HOLD,LATAM,STANDARD
ORD-001813,SKU-01027,1,DC-13,STANDARD,2026-08-19T21:38:00,2026-08-20T03:38:00,EXCEPTION,EXCEPTION,MEA,STANDARD
ORD-001814,SKU-01055,1,DC-13,STANDARD,2026-08-31T13:19:00,2026-08-31T19:19:00,PACKING,PACKING,,SAME_DAY
ORD-001815,SKU-00473,1,DC-07,STANDARD,2026-09-02T12:06:00,2026-09-02T18:06:00,ALLOCATED,EXCEPTION,LATAM,NEXT_DAY
ORD-001816,SKU-00204,1,DC-17,EXPEDITE,2026-08-12T08:16:00,2026-08-13T08:16:00,STAGED,EXCEPTION,APAC,STANDARD
ORD-001817,SKU-00141,1,DC-10,STANDARD,2026-08-21T02:47:00,2026-08-21T14:47:00,RELEASED,RELEASED,MEA,STANDARD
ORD-001818,SKU-00407,1,DC-10,STANDARD,2026-08-02T04:05:00,2026-08-02T08:05:00,STAGED,STAGED,MEA,NEXT_DAY
ORD-001819,SKU-00074,1,DC-09,STANDARD,2026-08-28T07:36:00,2026-08-28T19:36:00,ALLOCATED,EXCEPTION,,NEXT_DAY
ORD-001820,SKU-00670,1,DC-08,STANDARD,2026-08-30T00:40:00,2026-08-30T04:40:00,ALLOCATED,HOLD,,NEXT_DAY
ORD-001821,SKU-00866,1,DC-18,CRITICAL,2026-08-31T06:07:00,2026-09-01T06:07:00,STAGED,HOLD,,NEXT_DAY
ORD-001822,SKU-00006,1,DC-08,STANDARD,2026-08-01T19:19:00,2026-08-02T01:19:00,RELEASED,HOLD,LATAM,NEXT_DAY
ORD-001823,SKU-00454,1,DC-12,STANDARD,2026-08-09T19:24:00,2026-08-10T07:24:00,SHIPPED,SHIPPED,EU,SAME_DAY
ORD-001824,SKU-00488,1,DC-04,STANDARD,2026-08-29T00:59:00,2026-08-29T08:59:00,STAGED,STAGED,EU,SAME_DAY
ORD-001825,SKU-00710,1,DC-12,STANDARD,2026-08-16T14:43:00,2026-08-17T14:43:00,RELEASED,RELEASED,,SAME_DAY
ORD-001826,SKU-00731,1,DC-10,CRITICAL,2026-08-29T23:21:00,2026-08-30T07:21:00,SHIPPED,SHIPPED,MEA,STANDARD
ORD-001827,SKU-01147,1,DC-14,STANDARD,2026-08-07T23:10:00,2026-08-08T03:10:00,SHIPPED,SHIPPED,APAC,SAME_DAY
ORD-001828,SKU-00621,1,DC-10,EXPEDITE,2026-08-16T00:14:00,2026-08-16T08:14:00,ALLOCATED,ALLOCATED,LATAM,NEXT_DAY
ORD-001829,SKU-00766,1,DC-06,STANDARD,2026-09-01T16:16:00,2026-09-01T20:16:00,SHIPPED,SHIPPED,LATAM,SAME_DAY
ORD-001830,SKU-00460,1,DC-10,STANDARD,2026-08-31T10:03:00,2026-08-31T22:03:00,SHIPPED,HOLD,LATAM,STANDARD
ORD-001831,SKU-00299,1,DC-16,EXPEDITE,2026-08-25T14:44:00,2026-08-26T14:44:00,ALLOCATED,ALLOCATED,EU,STANDARD
ORD-001832,SKU-00928,1,DC-03,STANDARD,2026-08-27T21:05:00,2026-08-28T03:05:00,STAGED,STAGED,MEA,SAME_DAY
ORD-001833,SKU-01034,1,DC-06,CRITICAL,2026-08-03T10:21:00,2026-08-03T22:21:00,ALLOCATED,EXCEPTION,,STANDARD
ORD-001834,SKU-00353,1,DC-06,CRITICAL,2026-08-02T02:23:00,2026-08-02T14:23:00,STAGED,EXCEPTION,MEA,NEXT_DAY
ORD-001835,SKU-01062,1,DC-12,STANDARD,2026-08-06T21:33:00,2026-08-07T03:33:00,PACKING,PACKING,EU,SAME_DAY
ORD-001836,SKU-00783,1,DC-05,STANDARD,2026-08-30T13:34:00,2026-08-30T19:34:00,PICKING,EXCEPTION,APAC,STANDARD
ORD-001837,SKU-00227,1,DC-01,STANDARD,2026-08-01T14:10:00,2026-08-01T20:10:00,STAGED,STAGED,LATAM,NEXT_DAY
ORD-001838,SKU-00115,1,DC-01,EXPEDITE,2026-08-16T22:58:00,2026-08-17T04:58:00,RELEASED,HOLD,MEA,NEXT_DAY
ORD-001839,SKU-01102,1,DC-03,STANDARD,2026-08-05T13:35:00,2026-08-06T13:35:00,STAGED,STAGED,MEA,STANDARD
ORD-001840,SKU-00971,1,DC-06,STANDARD,2026-09-01T07:26:00,2026-09-01T15:26:00,SHIPPED,HOLD,MEA,NEXT_DAY
ORD-001841,SKU-00986,1,DC-16,STANDARD,2026-08-08T15:54:00,2026-08-08T21:54:00,PICKING,HOLD,APAC,STANDARD
ORD-001842,SKU-00138,1,DC-03,STANDARD,2026-08-11T07:06:00,2026-08-11T13:06:00,RELEASED,RELEASED,MEA,SAME_DAY
ORD-001843,SKU-01011,1,DC-13,STANDARD,2026-08-19T17:50:00,2026-08-19T21:50:00,PICKING,PICKING,MEA,SAME_DAY
ORD-001844,SKU-00825,1,DC-09,STANDARD,2026-08-28T05:04:00,2026-08-28T11:04:00,PACKING,PACKING,EU,NEXT_DAY
ORD-001845,SKU-00362,1,DC-10,STANDARD,2026-08-04T04:03:00,2026-08-04T10:03:00,STAGED,STAGED,LATAM,STANDARD
ORD-001846,SKU-00851,1,DC-08,EXPEDITE,2026-08-06T12:01:00,2026-08-06T16:01:00,SHIPPED,SHIPPED,APAC,SAME_DAY
ORD-001847,SKU-00405,1,DC-02,STANDARD,2026-08-18T05:11:00,2026-08-18T09:11:00,PICKING,HOLD,,NEXT_DAY
ORD-001848,SKU-00581,1,DC-09,STANDARD,2026-08-04T20:37:00,2026-08-05T08:37:00,PICKING,PICKING,EU,NEXT_DAY
ORD-001849,SKU-00329,1,DC-09,STANDARD,2026-08-24T15:33:00,2026-08-25T03:33:00,PICKING,HOLD,EU,STANDARD
ORD-001850,SKU-00631,1,DC-11,CRITICAL,2026-08-27T01:17:00,2026-08-27T05:17:00,PICKING,HOLD,EU,STANDARD
ORD-001851,SKU-01165,1,DC-14,EXPEDITE,2026-08-26T00:41:00,2026-08-26T06:41:00,PICKING,PICKING,,SAME_DAY
ORD-001852,SKU-00190,1,DC-18,STANDARD,2026-08-19T20:08:00,2026-08-20T02:08:00,STAGED,HOLD,MEA,NEXT_DAY
ORD-001853,SKU-00998,1,DC-16,CRITICAL,2026-08-04T01:58:00,2026-08-04T13:58:00,PACKING,PACKING,,NEXT_DAY
ORD-001854,SKU-00393,1,DC-06,STANDARD,2026-08-23T20:29:00,2026-08-24T04:29:00,PICKING,EXCEPTION,,STANDARD
ORD-001855,SKU-00798,1,DC-16,STANDARD,2026-08-20T04:18:00,2026-08-20T10:18:00,EXCEPTION,EXCEPTION,MEA,SAME_DAY
ORD-001856,SKU-00756,1,DC-08,STANDARD,2026-08-29T13:42:00,2026-08-29T21:42:00,RELEASED,RELEASED,LATAM,SAME_DAY
ORD-001857,SKU-00343,1,DC-03,CRITICAL,2026-08-06T14:40:00,2026-08-07T14:40:00,ALLOCATED,HOLD,APAC,NEXT_DAY
ORD-001858,SKU-00407,1,DC-15,CRITICAL,2026-08-11T17:47:00,2026-08-12T01:47:00,SHIPPED,HOLD,EU,STANDARD
ORD-001859,SKU-01178,1,DC-16,STANDARD,2026-08-05T04:13:00,2026-08-05T16:13:00,PACKING,PACKING,MEA,NEXT_DAY
ORD-001860,SKU-00193,1,DC-11,STANDARD,2026-08-21T10:21:00,2026-08-21T16:21:00,EXCEPTION,EXCEPTION,MEA,STANDARD
ORD-001861,SKU-00648,1,DC-08,STANDARD,2026-08-26T16:11:00,2026-08-26T22:11:00,SHIPPED,HOLD,APAC,STANDARD
ORD-001862,SKU-00576,1,DC-04,STANDARD,2026-09-04T16:37:00,2026-09-05T16:37:00,PACKING,HOLD,APAC,STANDARD
ORD-001863,SKU-00633,1,DC-14,EXPEDITE,2026-08-18T07:07:00,2026-08-18T15:07:00,PACKING,HOLD,EU,STANDARD
ORD-001864,SKU-01050,1,DC-06,EXPEDITE,2026-08-21T19:28:00,2026-08-22T19:28:00,PACKING,EXCEPTION,APAC,STANDARD
ORD-001865,SKU-00451,1,DC-15,CRITICAL,2026-09-04T23:10:00,2026-09-05T23:10:00,RELEASED,RELEASED,EU,SAME_DAY
ORD-001866,SKU-00135,1,DC-14,STANDARD,2026-08-12T00:44:00,2026-08-12T04:44:00,STAGED,STAGED,APAC,NEXT_DAY
ORD-001867,SKU-01082,1,DC-11,STANDARD,2026-08-11T12:26:00,2026-08-11T16:26:00,RELEASED,HOLD,EU,STANDARD
ORD-001868,SKU-00128,1,DC-06,EXPEDITE,2026-08-17T23:17:00,2026-08-18T03:17:00,EXCEPTION,HOLD,LATAM,STANDARD
ORD-001869,SKU-00713,1,DC-11,CRITICAL,2026-08-31T02:05:00,2026-08-31T10:05:00,SHIPPED,EXCEPTION,APAC,SAME_DAY
ORD-001870,SKU-00258,1,DC-03,EXPEDITE,2026-08-06T13:39:00,2026-08-07T13:39:00,RELEASED,HOLD,EU,STANDARD
ORD-001871,SKU-00973,1,DC-12,STANDARD,2026-08-20T02:55:00,2026-08-20T08:55:00,EXCEPTION,EXCEPTION,EU,NEXT_DAY
ORD-001872,SKU-00202,1,DC-09,STANDARD,2026-08-21T20:21:00,2026-08-22T00:21:00,SHIPPED,SHIPPED,MEA,STANDARD
ORD-001873,SKU-00954,1,DC-03,STANDARD,2026-08-27T04:44:00,2026-08-27T16:44:00,ALLOCATED,ALLOCATED,MEA,STANDARD
ORD-001874,SKU-00024,1,DC-14,STANDARD,2026-08-10T06:38:00,2026-08-10T18:38:00,PACKING,HOLD,LATAM,NEXT_DAY
ORD-001875,SKU-00991,1,DC-04,STANDARD,2026-08-20T14:33:00,2026-08-20T18:33:00,PICKING,HOLD,EU,SAME_DAY
ORD-001876,SKU-00123,1,DC-17,STANDARD,2026-08-16T05:44:00,2026-08-16T09:44:00,PICKING,EXCEPTION,EU,NEXT_DAY
ORD-001877,SKU-00796,1,DC-06,STANDARD,2026-08-15T22:07:00,2026-08-16T10:07:00,EXCEPTION,EXCEPTION,APAC,SAME_DAY
ORD-001878,SKU-00094,1,DC-17,EXPEDITE,2026-08-06T23:15:00,2026-08-07T07:15:00,SHIPPED,EXCEPTION,APAC,STANDARD
ORD-001879,SKU-00323,1,DC-16,STANDARD,2026-08-22T06:33:00,2026-08-23T06:33:00,STAGED,STAGED,MEA,STANDARD
ORD-001880,SKU-00495,1,DC-07,STANDARD,2026-09-01T17:20:00,2026-09-02T01:20:00,SHIPPED,SHIPPED,EU,NEXT_DAY
ORD-001881,SKU-00249,1,DC-12,STANDARD,2026-08-08T10:01:00,2026-08-08T16:01:00,SHIPPED,HOLD,EU,SAME_DAY
ORD-001882,SKU-00753,1,DC-14,STANDARD,2026-08-03T13:12:00,2026-08-03T17:12:00,SHIPPED,SHIPPED,APAC,NEXT_DAY
ORD-001883,SKU-00900,1,DC-07,STANDARD,2026-08-02T20:56:00,2026-08-03T02:56:00,STAGED,HOLD,MEA,SAME_DAY
ORD-001884,SKU-00525,1,DC-08,STANDARD,2026-08-04T14:34:00,2026-08-04T18:34:00,PACKING,PACKING,LATAM,SAME_DAY
ORD-001885,SKU-00746,1,DC-03,STANDARD,2026-08-23T12:23:00,2026-08-23T18:23:00,PICKING,PICKING,APAC,SAME_DAY
ORD-001886,SKU-00279,1,DC-09,STANDARD,2026-08-30T05:33:00,2026-08-30T09:33:00,SHIPPED,EXCEPTION,APAC,STANDARD
ORD-001887,SKU-01164,1,DC-14,STANDARD,2026-08-30T01:20:00,2026-08-30T09:20:00,PACKING,HOLD,MEA,STANDARD
ORD-001888,SKU-00724,1,DC-05,EXPEDITE,2026-08-05T04:27:00,2026-08-06T04:27:00,RELEASED,EXCEPTION,APAC,NEXT_DAY
ORD-001889,SKU-00447,1,DC-01,STANDARD,2026-09-01T23:55:00,2026-09-02T23:55:00,STAGED,STAGED,APAC,SAME_DAY
ORD-001890,SKU-00452,1,DC-10,STANDARD,2026-08-25T23:47:00,2026-08-26T03:47:00,PACKING,EXCEPTION,LATAM,SAME_DAY
ORD-001891,SKU-00493,1,DC-05,CRITICAL,2026-08-17T16:55:00,2026-08-17T20:55:00,ALLOCATED,ALLOCATED,LATAM,STANDARD
ORD-001892,SKU-00792,1,DC-14,STANDARD,2026-08-09T17:04:00,2026-08-10T01:04:00,RELEASED,EXCEPTION,,STANDARD
ORD-001893,SKU-00428,1,DC-02,STANDARD,2026-08-18T15:07:00,2026-08-19T03:07:00,EXCEPTION,EXCEPTION,,NEXT_DAY
ORD-001894,SKU-00955,1,DC-18,EXPEDITE,2026-09-02T05:36:00,2026-09-02T17:36:00,STAGED,STAGED,,NEXT_DAY
ORD-001895,SKU-00598,1,DC-07,CRITICAL,2026-08-07T01:28:00,2026-08-07T05:28:00,PACKING,PACKING,,NEXT_DAY
ORD-001896,SKU-01026,1,DC-04,STANDARD,2026-08-24T00:49:00,2026-08-24T06:49:00,RELEASED,RELEASED,APAC,SAME_DAY
ORD-001897,SKU-00840,1,DC-13,EXPEDITE,2026-08-07T04:33:00,2026-08-07T10:33:00,RELEASED,EXCEPTION,MEA,SAME_DAY
ORD-001898,SKU-01191,1,DC-08,STANDARD,2026-08-12T03:04:00,2026-08-13T03:04:00,PICKING,PICKING,LATAM,SAME_DAY
ORD-001899,SKU-00487,1,DC-13,STANDARD,2026-08-25T00:20:00,2026-08-25T04:20:00,ALLOCATED,ALLOCATED,MEA,SAME_DAY
ORD-001900,SKU-00226,1,DC-12,STANDARD,2026-08-10T00:27:00,2026-08-10T04:27:00,ALLOCATED,ALLOCATED,APAC,SAME_DAY
ORD-001901,SKU-00579,1,DC-11,CRITICAL,2026-08-04T22:38:00,2026-08-05T02:38:00,SHIPPED,SHIPPED,MEA,SAME_DAY
ORD-001902,SKU-01028,1,DC-10,STANDARD,2026-08-28T14:37:00,2026-08-28T18:37:00,PACKING,PACKING,LATAM,STANDARD
ORD-001903,SKU-00609,1,DC-11,EXPEDITE,2026-08-20T10:22:00,2026-08-20T22:22:00,SHIPPED,HOLD,MEA,STANDARD
ORD-001904,SKU-01070,1,DC-07,STANDARD,2026-08-06T08:19:00,2026-08-06T14:19:00,STAGED,STAGED,EU,SAME_DAY
ORD-001905,SKU-01187,1,DC-16,EXPEDITE,2026-08-16T12:57:00,2026-08-17T12:57:00,EXCEPTION,EXCEPTION,LATAM,SAME_DAY
ORD-001906,SKU-00283,1,DC-11,STANDARD,2026-08-20T01:55:00,2026-08-20T07:55:00,STAGED,STAGED,EU,STANDARD
ORD-001907,SKU-01200,1,DC-03,STANDARD,2026-08-21T11:25:00,2026-08-21T17:25:00,SHIPPED,SHIPPED,APAC,STANDARD
ORD-001908,SKU-00795,1,DC-10,STANDARD,2026-08-22T22:11:00,2026-08-23T10:11:00,STAGED,HOLD,LATAM,NEXT_DAY
ORD-001909,SKU-01019,1,DC-05,STANDARD,2026-08-26T11:39:00,2026-08-26T19:39:00,PACKING,PACKING,LATAM,SAME_DAY
ORD-001910,SKU-00065,1,DC-01,STANDARD,2026-08-24T09:46:00,2026-08-25T09:46:00,RELEASED,RELEASED,,STANDARD
ORD-001911,SKU-00204,1,DC-14,STANDARD,2026-08-25T20:52:00,2026-08-26T04:52:00,PICKING,EXCEPTION,LATAM,SAME_DAY
ORD-001912,SKU-00816,1,DC-13,STANDARD,2026-08-13T07:44:00,2026-08-14T07:44:00,EXCEPTION,EXCEPTION,APAC,NEXT_DAY
ORD-001913,SKU-00962,1,DC-14,EXPEDITE,2026-08-26T03:12:00,2026-08-26T11:12:00,SHIPPED,HOLD,EU,SAME_DAY
ORD-001914,SKU-00817,1,DC-16,EXPEDITE,2026-08-23T20:50:00,2026-08-24T04:50:00,PACKING,EXCEPTION,MEA,STANDARD
ORD-001915,SKU-00852,1,DC-05,CRITICAL,2026-08-09T14:29:00,2026-08-09T18:29:00,SHIPPED,SHIPPED,EU,STANDARD
ORD-001916,SKU-00083,1,DC-12,STANDARD,2026-08-12T18:25:00,2026-08-13T02:25:00,PACKING,EXCEPTION,APAC,NEXT_DAY
ORD-001917,SKU-00083,1,DC-16,STANDARD,2026-08-23T23:39:00,2026-08-24T11:39:00,PACKING,EXCEPTION,MEA,SAME_DAY
ORD-001918,SKU-00617,1,DC-11,STANDARD,2026-08-22T15:36:00,2026-08-23T03:36:00,STAGED,STAGED,,SAME_DAY
ORD-001919,SKU-00887,1,DC-06,STANDARD,2026-09-03T01:07:00,2026-09-03T13:07:00,STAGED,STAGED,EU,STANDARD
ORD-001920,SKU-01083,1,DC-06,STANDARD,2026-08-12T05:04:00,2026-08-12T09:04:00,PICKING,PICKING,EU,STANDARD
ORD-001921,SKU-00745,1,DC-11,STANDARD,2026-08-31T09:16:00,2026-08-31T17:16:00,EXCEPTION,EXCEPTION,APAC,SAME_DAY
ORD-001922,SKU-00913,1,DC-16,STANDARD,2026-08-13T12:58:00,2026-08-13T20:58:00,EXCEPTION,EXCEPTION,,NEXT_DAY
ORD-001923,SKU-00678,1,DC-09,STANDARD,2026-08-16T21:04:00,2026-08-17T09:04:00,ALLOCATED,EXCEPTION,,NEXT_DAY
ORD-001924,SKU-00386,1,DC-18,STANDARD,2026-08-01T23:59:00,2026-08-02T05:59:00,RELEASED,RELEASED,,STANDARD
ORD-001925,SKU-00116,1,DC-10,STANDARD,2026-08-13T17:56:00,2026-08-14T01:56:00,RELEASED,RELEASED,EU,NEXT_DAY
ORD-001926,SKU-00234,1,DC-02,STANDARD,2026-08-28T11:36:00,2026-08-28T23:36:00,ALLOCATED,EXCEPTION,EU,NEXT_DAY
ORD-001927,SKU-00159,1,DC-09,EXPEDITE,2026-08-16T10:47:00,2026-08-17T10:47:00,RELEASED,HOLD,APAC,SAME_DAY
ORD-001928,SKU-00544,1,DC-15,STANDARD,2026-08-15T11:30:00,2026-08-15T17:30:00,EXCEPTION,EXCEPTION,EU,SAME_DAY
ORD-001929,SKU-00721,1,DC-10,STANDARD,2026-08-19T18:51:00,2026-08-19T22:51:00,RELEASED,RELEASED,,STANDARD
ORD-001930,SKU-00513,1,DC-07,EXPEDITE,2026-08-13T04:54:00,2026-08-14T04:54:00,ALLOCATED,ALLOCATED,LATAM,NEXT_DAY
ORD-001931,SKU-00782,1,DC-02,STANDARD,2026-09-01T03:26:00,2026-09-01T09:26:00,EXCEPTION,EXCEPTION,,NEXT_DAY
ORD-001932,SKU-00390,1,DC-02,EXPEDITE,2026-08-01T14:20:00,2026-08-01T22:20:00,RELEASED,RELEASED,LATAM,NEXT_DAY
ORD-001933,SKU-00876,1,DC-06,EXPEDITE,2026-08-15T23:08:00,2026-08-16T07:08:00,PICKING,PICKING,LATAM,STANDARD
ORD-001934,SKU-00308,1,DC-06,STANDARD,2026-08-31T14:49:00,2026-09-01T14:49:00,STAGED,EXCEPTION,,SAME_DAY
ORD-001935,SKU-00525,1,DC-07,EXPEDITE,2026-08-25T00:35:00,2026-08-25T04:35:00,PACKING,PACKING,APAC,STANDARD
ORD-001936,SKU-00999,1,DC-03,EXPEDITE,2026-09-02T20:56:00,2026-09-03T04:56:00,PACKING,PACKING,MEA,NEXT_DAY
ORD-001937,SKU-00358,1,DC-02,STANDARD,2026-09-02T04:02:00,2026-09-03T04:02:00,SHIPPED,HOLD,LATAM,SAME_DAY
ORD-001938,SKU-00183,1,DC-03,EXPEDITE,2026-08-12T12:49:00,2026-08-12T16:49:00,STAGED,STAGED,LATAM,SAME_DAY
ORD-001939,SKU-01118,1,DC-12,STANDARD,2026-08-04T13:12:00,2026-08-05T13:12:00,ALLOCATED,EXCEPTION,,STANDARD
ORD-001940,SKU-00452,1,DC-12,EXPEDITE,2026-09-01T14:18:00,2026-09-02T14:18:00,PACKING,PACKING,,SAME_DAY
ORD-001941,SKU-00151,1,DC-05,STANDARD,2026-08-13T03:15:00,2026-08-13T11:15:00,SHIPPED,SHIPPED,APAC,SAME_DAY
ORD-001942,SKU-00011,1,DC-08,STANDARD,2026-08-02T02:11:00,2026-08-02T08:11:00,PACKING,PACKING,APAC,SAME_DAY
ORD-001943,SKU-00992,1,DC-02,CRITICAL,2026-08-09T20:22:00,2026-08-10T08:22:00,STAGED,HOLD,EU,STANDARD
ORD-001944,SKU-00540,1,DC-02,CRITICAL,2026-08-25T00:25:00,2026-08-25T04:25:00,SHIPPED,EXCEPTION,,NEXT_DAY
ORD-001945,SKU-00417,1,DC-04,STANDARD,2026-08-25T01:52:00,2026-08-25T13:52:00,STAGED,EXCEPTION,LATAM,NEXT_DAY
ORD-001946,SKU-00470,1,DC-08,STANDARD,2026-08-13T11:06:00,2026-08-13T23:06:00,SHIPPED,EXCEPTION,,STANDARD
ORD-001947,SKU-00394,1,DC-04,STANDARD,2026-08-15T15:10:00,2026-08-15T19:10:00,RELEASED,HOLD,MEA,STANDARD
ORD-001948,SKU-00936,1,DC-12,STANDARD,2026-09-03T19:40:00,2026-09-03T23:40:00,PACKING,PACKING,,STANDARD
ORD-001949,SKU-00588,1,DC-04,STANDARD,2026-08-30T08:30:00,2026-08-30T12:30:00,SHIPPED,SHIPPED,MEA,STANDARD
ORD-001950,SKU-00151,1,DC-05,EXPEDITE,2026-08-07T05:48:00,2026-08-07T13:48:00,STAGED,STAGED,EU,SAME_DAY
ORD-001951,SKU-00756,1,DC-08,STANDARD,2026-09-04T14:42:00,2026-09-05T14:42:00,RELEASED,RELEASED,EU,NEXT_DAY
ORD-001952,SKU-00241,1,DC-05,CRITICAL,2026-08-10T17:46:00,2026-08-11T17:46:00,ALLOCATED,HOLD,,STANDARD
ORD-001953,SKU-00313,1,DC-17,CRITICAL,2026-08-31T19:16:00,2026-09-01T03:16:00,PICKING,HOLD,APAC,SAME_DAY
ORD-001954,SKU-00227,1,DC-04,STANDARD,2026-08-02T20:09:00,2026-08-03T20:09:00,RELEASED,RELEASED,EU,STANDARD
ORD-001955,SKU-00910,1,DC-06,STANDARD,2026-08-25T08:11:00,2026-08-25T14:11:00,PICKING,PICKING,MEA,STANDARD
ORD-001956,SKU-00938,1,DC-17,EXPEDITE,2026-09-04T16:28:00,2026-09-04T22:28:00,SHIPPED,HOLD,APAC,NEXT_DAY
ORD-001957,SKU-00219,1,DC-17,STANDARD,2026-08-27T23:49:00,2026-08-28T07:49:00,RELEASED,RELEASED,EU,NEXT_DAY
ORD-001958,SKU-00512,1,DC-02,STANDARD,2026-09-04T19:58:00,2026-09-05T03:58:00,PACKING,PACKING,APAC,NEXT_DAY
ORD-001959,SKU-00724,1,DC-13,STANDARD,2026-08-02T20:37:00,2026-08-03T08:37:00,PACKING,PACKING,,STANDARD
ORD-001960,SKU-00702,1,DC-01,EXPEDITE,2026-08-05T22:55:00,2026-08-06T10:55:00,SHIPPED,SHIPPED,MEA,NEXT_DAY
ORD-001961,SKU-00548,1,DC-15,STANDARD,2026-08-22T04:39:00,2026-08-22T08:39:00,ALLOCATED,ALLOCATED,APAC,SAME_DAY
ORD-001962,SKU-01108,1,DC-05,EXPEDITE,2026-09-02T10:42:00,2026-09-02T14:42:00,ALLOCATED,EXCEPTION,MEA,STANDARD
ORD-001963,SKU-00179,1,DC-04,EXPEDITE,2026-08-13T20:14:00,2026-08-14T08:14:00,SHIPPED,HOLD,LATAM,SAME_DAY
ORD-001964,SKU-00587,1,DC-13,CRITICAL,2026-08-25T23:17:00,2026-08-26T23:17:00,PICKING,EXCEPTION,APAC,SAME_DAY
ORD-001965,SKU-00579,1,DC-17,STANDARD,2026-08-26T04:42:00,2026-08-27T04:42:00,SHIPPED,HOLD,,SAME_DAY
ORD-001966,SKU-00715,1,DC-08,STANDARD,2026-08-17T08:09:00,2026-08-17T16:09:00,STAGED,STAGED,,STANDARD
ORD-001967,SKU-00594,1,DC-15,STANDARD,2026-08-29T17:05:00,2026-08-30T17:05:00,PICKING,PICKING,MEA,SAME_DAY
ORD-001968,SKU-00369,1,DC-12,EXPEDITE,2026-08-13T00:20:00,2026-08-13T08:20:00,STAGED,HOLD,APAC,NEXT_DAY
ORD-001969,SKU-00525,1,DC-16,CRITICAL,2026-08-08T22:16:00,2026-08-09T22:16:00,STAGED,STAGED,,STANDARD
ORD-001970,SKU-00513,1,DC-18,STANDARD,2026-09-01T15:34:00,2026-09-02T15:34:00,PICKING,PICKING,MEA,NEXT_DAY
ORD-001971,SKU-00552,1,DC-16,STANDARD,2026-08-22T22:21:00,2026-08-23T06:21:00,RELEASED,RELEASED,LATAM,SAME_DAY
ORD-001972,SKU-00836,1,DC-15,EXPEDITE,2026-08-06T05:13:00,2026-08-06T13:13:00,SHIPPED,EXCEPTION,,NEXT_DAY
ORD-001973,SKU-00354,1,DC-02,EXPEDITE,2026-08-30T08:20:00,2026-08-30T12:20:00,PACKING,EXCEPTION,LATAM,STANDARD
ORD-001974,SKU-00152,1,DC-18,STANDARD,2026-09-03T10:04:00,2026-09-03T18:04:00,STAGED,HOLD,LATAM,NEXT_DAY
ORD-001975,SKU-00525,1,DC-11,STANDARD,2026-08-26T14:53:00,2026-08-26T22:53:00,STAGED,STAGED,,STANDARD
ORD-001976,SKU-00224,1,DC-17,EXPEDITE,2026-08-26T11:34:00,2026-08-27T11:34:00,RELEASED,RELEASED,,STANDARD
ORD-001977,SKU-00430,1,DC-11,STANDARD,2026-08-10T04:06:00,2026-08-10T10:06:00,SHIPPED,EXCEPTION,APAC,STANDARD
ORD-001978,SKU-00680,1,DC-03,STANDARD,2026-08-13T02:45:00,2026-08-13T14:45:00,ALLOCATED,ALLOCATED,APAC,SAME_DAY
ORD-001979,SKU-00680,1,DC-04,STANDARD,2026-08-20T08:18:00,2026-08-20T12:18:00,STAGED,HOLD,EU,NEXT_DAY
ORD-001980,SKU-00139,1,DC-11,STANDARD,2026-08-05T04:50:00,2026-08-05T10:50:00,ALLOCATED,ALLOCATED,LATAM,NEXT_DAY
ORD-001981,SKU-00848,1,DC-09,STANDARD,2026-08-03T16:27:00,2026-08-03T20:27:00,RELEASED,HOLD,,SAME_DAY
ORD-001982,SKU-00328,1,DC-08,STANDARD,2026-08-18T21:28:00,2026-08-19T21:28:00,PICKING,HOLD,,SAME_DAY
ORD-001983,SKU-00165,1,DC-04,STANDARD,2026-08-04T23:13:00,2026-08-05T11:13:00,PACKING,HOLD,EU,NEXT_DAY
ORD-001984,SKU-00180,1,DC-15,STANDARD,2026-09-02T02:02:00,2026-09-02T08:02:00,PICKING,PICKING,MEA,STANDARD
ORD-001985,SKU-00940,1,DC-13,STANDARD,2026-08-08T10:59:00,2026-08-08T18:59:00,PICKING,PICKING,LATAM,STANDARD
ORD-001986,SKU-00223,1,DC-12,EXPEDITE,2026-09-02T17:30:00,2026-09-03T05:30:00,PACKING,PACKING,EU,STANDARD
ORD-001987,SKU-00044,1,DC-17,EXPEDITE,2026-08-19T09:11:00,2026-08-20T09:11:00,ALLOCATED,ALLOCATED,MEA,NEXT_DAY
ORD-001988,SKU-01198,1,DC-06,STANDARD,2026-08-27T16:10:00,2026-08-27T20:10:00,PICKING,EXCEPTION,APAC,STANDARD
ORD-001989,SKU-00161,1,DC-16,STANDARD,2026-09-03T00:40:00,2026-09-03T06:40:00,PACKING,HOLD,LATAM,STANDARD
ORD-001990,SKU-00987,1,DC-04,STANDARD,2026-08-17T13:38:00,2026-08-17T19:38:00,PACKING,EXCEPTION,,SAME_DAY
ORD-001991,SKU-00397,1,DC-01,STANDARD,2026-08-15T16:22:00,2026-08-16T00:22:00,ALLOCATED,EXCEPTION,APAC,SAME_DAY
ORD-001992,SKU-00128,1,DC-07,STANDARD,2026-08-17T09:21:00,2026-08-17T13:21:00,EXCEPTION,EXCEPTION,LATAM,SAME_DAY
ORD-001993,SKU-00567,1,DC-09,STANDARD,2026-08-01T23:08:00,2026-08-02T07:08:00,STAGED,STAGED,LATAM,NEXT_DAY
ORD-001994,SKU-01080,1,DC-03,STANDARD,2026-08-21T22:57:00,2026-08-22T02:57:00,SHIPPED,SHIPPED,,NEXT_DAY
ORD-001995,SKU-00514,1,DC-13,STANDARD,2026-08-30T04:19:00,2026-08-30T08:19:00,RELEASED,EXCEPTION,EU,SAME_DAY
ORD-001996,SKU-01135,1,DC-02,STANDARD,2026-08-20T12:40:00,2026-08-20T16:40:00,EXCEPTION,EXCEPTION,MEA,NEXT_DAY
ORD-001997,SKU-00276,1,DC-01,EXPEDITE,2026-08-16T04:02:00,2026-08-16T08:02:00,RELEASED,HOLD,APAC,SAME_DAY
ORD-001998,SKU-00373,1,DC-03,STANDARD,2026-08-23T00:46:00,2026-08-23T06:46:00,PACKING,PACKING,APAC,NEXT_DAY
ORD-001999,SKU-01199,1,DC-13,STANDARD,2026-08-17T05:04:00,2026-08-17T09:04:00,SHIPPED,SHIPPED,LATAM,NEXT_DAY
ORD-002000,SKU-00394,1,DC-10,STANDARD,2026-08-17T23:09:00,2026-08-18T07:09:00,SHIPPED,SHIPPED,MEA,SAME_DAY
ORD-002001,SKU-00417,1,DC-13,EXPEDITE,2026-08-11T16:31:00,2026-08-11T22:31:00,EXCEPTION,EXCEPTION,EU,NEXT_DAY
ORD-002002,SKU-00094,1,DC-07,STANDARD,2026-08-05T12:23:00,2026-08-06T00:23:00,EXCEPTION,EXCEPTION,MEA,STANDARD
ORD-002003,SKU-00716,1,DC-08,STANDARD,2026-08-02T05:04:00,2026-08-02T09:04:00,STAGED,STAGED,MEA,SAME_DAY
ORD-002004,SKU-00515,1,DC-11,STANDARD,2026-09-02T15:34:00,2026-09-02T23:34:00,EXCEPTION,HOLD,EU,NEXT_DAY
ORD-002005,SKU-00161,1,DC-12,STANDARD,2026-08-22T00:06:00,2026-08-22T12:06:00,PICKING,PICKING,MEA,NEXT_DAY
ORD-002006,SKU-00250,1,DC-02,EXPEDITE,2026-08-02T19:54:00,2026-08-02T23:54:00,PICKING,PICKING,MEA,SAME_DAY
ORD-002007,SKU-00158,1,DC-03,EXPEDITE,2026-09-01T09:31:00,2026-09-01T13:31:00,SHIPPED,SHIPPED,MEA,STANDARD
ORD-002008,SKU-00476,1,DC-18,STANDARD,2026-08-30T15:19:00,2026-08-31T03:19:00,SHIPPED,SHIPPED,MEA,NEXT_DAY
ORD-002009,SKU-00885,1,DC-14,STANDARD,2026-08-18T08:24:00,2026-08-18T14:24:00,PICKING,EXCEPTION,MEA,STANDARD
ORD-002010,SKU-00358,1,DC-18,EXPEDITE,2026-08-07T11:39:00,2026-08-07T19:39:00,ALLOCATED,HOLD,EU,STANDARD
ORD-002011,SKU-01014,1,DC-12,STANDARD,2026-08-17T14:34:00,2026-08-17T20:34:00,PACKING,PACKING,LATAM,STANDARD
ORD-002012,SKU-00738,1,DC-17,CRITICAL,2026-08-04T06:46:00,2026-08-04T18:46:00,ALLOCATED,HOLD,LATAM,SAME_DAY
ORD-002013,SKU-00607,1,DC-01,STANDARD,2026-08-27T12:10:00,2026-08-28T00:10:00,STAGED,STAGED,EU,NEXT_DAY
ORD-002014,SKU-00539,1,DC-03,STANDARD,2026-08-30T06:18:00,2026-08-30T14:18:00,EXCEPTION,EXCEPTION,LATAM,STANDARD
ORD-002015,SKU-01164,1,DC-10,STANDARD,2026-08-12T20:14:00,2026-08-13T00:14:00,ALLOCATED,ALLOCATED,,NEXT_DAY
ORD-002016,SKU-01056,1,DC-09,STANDARD,2026-08-24T07:38:00,2026-08-25T07:38:00,PACKING,HOLD,MEA,NEXT_DAY
ORD-002017,SKU-01193,1,DC-10,STANDARD,2026-08-02T22:15:00,2026-08-03T06:15:00,SHIPPED,HOLD,LATAM,SAME_DAY
ORD-002018,SKU-00227,1,DC-12,STANDARD,2026-08-17T04:48:00,2026-08-17T16:48:00,ALLOCATED,ALLOCATED,EU,NEXT_DAY
ORD-002019,SKU-00498,1,DC-01,CRITICAL,2026-09-03T06:37:00,2026-09-03T18:37:00,PICKING,HOLD,APAC,SAME_DAY
ORD-002020,SKU-00457,1,DC-08,CRITICAL,2026-09-02T04:43:00,2026-09-03T04:43:00,RELEASED,RELEASED,APAC,SAME_DAY
ORD-002021,SKU-00628,1,DC-13,STANDARD,2026-08-21T10:06:00,2026-08-21T22:06:00,SHIPPED,SHIPPED,EU,SAME_DAY
ORD-002022,SKU-00845,1,DC-16,STANDARD,2026-08-03T23:32:00,2026-08-04T07:32:00,PICKING,HOLD,MEA,STANDARD
ORD-002023,SKU-01030,1,DC-04,STANDARD,2026-08-01T08:39:00,2026-08-02T08:39:00,ALLOCATED,EXCEPTION,MEA,SAME_DAY
ORD-002024,SKU-00758,1,DC-06,EXPEDITE,2026-08-27T14:13:00,2026-08-28T14:13:00,STAGED,HOLD,EU,NEXT_DAY
ORD-002025,SKU-00990,1,DC-07,EXPEDITE,2026-08-20T15:56:00,2026-08-20T19:56:00,STAGED,STAGED,MEA,SAME_DAY
ORD-002026,SKU-00747,1,DC-12,STANDARD,2026-08-31T18:08:00,2026-08-31T22:08:00,SHIPPED,SHIPPED,APAC,STANDARD
ORD-002027,SKU-00118,1,DC-05,STANDARD,2026-08-28T04:12:00,2026-08-28T10:12:00,RELEASED,RELEASED,MEA,STANDARD
ORD-002028,SKU-01167,1,DC-18,STANDARD,2026-08-30T02:12:00,2026-08-30T08:12:00,STAGED,STAGED,,SAME_DAY
ORD-002029,SKU-01012,1,DC-13,STANDARD,2026-08-22T19:22:00,2026-08-23T19:22:00,RELEASED,EXCEPTION,MEA,STANDARD
ORD-002030,SKU-00072,1,DC-08,STANDARD,2026-08-06T14:52:00,2026-08-06T22:52:00,ALLOCATED,ALLOCATED,MEA,STANDARD
ORD-002031,SKU-01174,1,DC-04,CRITICAL,2026-08-03T21:42:00,2026-08-04T01:42:00,PACKING,PACKING,,STANDARD
ORD-002032,SKU-00496,1,DC-12,STANDARD,2026-08-08T06:47:00,2026-08-08T12:47:00,PACKING,HOLD,APAC,SAME_DAY
ORD-002033,SKU-01065,1,DC-15,CRITICAL,2026-08-14T01:21:00,2026-08-14T13:21:00,PACKING,PACKING,EU,STANDARD
ORD-002034,SKU-00495,1,DC-15,EXPEDITE,2026-08-30T03:50:00,2026-08-30T09:50:00,ALLOCATED,ALLOCATED,APAC,NEXT_DAY
ORD-002035,SKU-00596,1,DC-02,STANDARD,2026-08-29T00:23:00,2026-08-30T00:23:00,PICKING,PICKING,LATAM,NEXT_DAY
ORD-002036,SKU-00409,1,DC-17,EXPEDITE,2026-08-09T07:39:00,2026-08-09T13:39:00,PACKING,HOLD,LATAM,SAME_DAY
ORD-002037,SKU-00134,1,DC-13,STANDARD,2026-09-03T00:50:00,2026-09-04T00:50:00,PACKING,EXCEPTION,MEA,NEXT_DAY
ORD-002038,SKU-00562,1,DC-03,STANDARD,2026-08-31T22:43:00,2026-09-01T02:43:00,SHIPPED,SHIPPED,EU,SAME_DAY
ORD-002039,SKU-00023,1,DC-11,STANDARD,2026-09-02T03:41:00,2026-09-02T11:41:00,PICKING,EXCEPTION,APAC,SAME_DAY
ORD-002040,SKU-00726,1,DC-10,STANDARD,2026-08-25T13:25:00,2026-08-25T19:25:00,SHIPPED,SHIPPED,APAC,SAME_DAY
ORD-002041,SKU-00762,1,DC-05,STANDARD,2026-08-03T18:06:00,2026-08-03T22:06:00,EXCEPTION,HOLD,LATAM,SAME_DAY
ORD-002042,SKU-00896,1,DC-07,STANDARD,2026-09-01T06:22:00,2026-09-01T18:22:00,SHIPPED,SHIPPED,LATAM,SAME_DAY
ORD-002043,SKU-00407,1,DC-01,STANDARD,2026-08-15T02:12:00,2026-08-15T14:12:00,SHIPPED,SHIPPED,MEA,SAME_DAY
ORD-002044,SKU-00337,1,DC-14,STANDARD,2026-08-30T18:09:00,2026-08-30T22:09:00,EXCEPTION,EXCEPTION,MEA,STANDARD
ORD-002045,SKU-00377,1,DC-17,STANDARD,2026-08-25T10:22:00,2026-08-25T22:22:00,SHIPPED,SHIPPED,EU,STANDARD
ORD-002046,SKU-01075,1,DC-03,STANDARD,2026-08-07T07:26:00,2026-08-07T19:26:00,RELEASED,EXCEPTION,APAC,NEXT_DAY
ORD-002047,SKU-00601,1,DC-09,STANDARD,2026-08-25T22:24:00,2026-08-26T06:24:00,SHIPPED,SHIPPED,MEA,STANDARD
ORD-002048,SKU-00470,1,DC-05,STANDARD,2026-09-04T07:33:00,2026-09-04T19:33:00,EXCEPTION,EXCEPTION,EU,SAME_DAY
ORD-002049,SKU-01190,1,DC-02,STANDARD,2026-08-09T18:58:00,2026-08-09T22:58:00,ALLOCATED,ALLOCATED,,NEXT_DAY
ORD-002050,SKU-00046,1,DC-18,STANDARD,2026-09-04T04:24:00,2026-09-04T16:24:00,ALLOCATED,HOLD,MEA,SAME_DAY
ORD-002051,SKU-01175,1,DC-13,STANDARD,2026-09-01T20:55:00,2026-09-02T00:55:00,STAGED,HOLD,APAC,STANDARD
ORD-002052,SKU-00735,1,DC-12,STANDARD,2026-08-09T00:27:00,2026-08-09T06:27:00,PACKING,HOLD,,NEXT_DAY
ORD-002053,SKU-00498,1,DC-09,STANDARD,2026-08-17T13:00:00,2026-08-18T01:00:00,SHIPPED,SHIPPED,MEA,SAME_DAY
ORD-002054,SKU-00093,1,DC-08,STANDARD,2026-08-20T08:53:00,2026-08-20T12:53:00,EXCEPTION,EXCEPTION,,SAME_DAY
ORD-002055,SKU-00202,1,DC-10,STANDARD,2026-08-23T23:44:00,2026-08-24T05:44:00,STAGED,STAGED,APAC,SAME_DAY
ORD-002056,SKU-00664,1,DC-07,STANDARD,2026-09-04T14:43:00,2026-09-05T14:43:00,RELEASED,RELEASED,MEA,STANDARD
ORD-002057,SKU-00024,1,DC-02,STANDARD,2026-09-04T14:15:00,2026-09-05T02:15:00,SHIPPED,HOLD,,STANDARD
ORD-002058,SKU-00872,1,DC-06,EXPEDITE,2026-08-10T01:38:00,2026-08-10T05:38:00,ALLOCATED,EXCEPTION,,SAME_DAY
ORD-002059,SKU-00101,1,DC-08,STANDARD,2026-08-14T13:14:00,2026-08-14T17:14:00,PACKING,PACKING,EU,SAME_DAY
ORD-002060,SKU-00612,1,DC-02,STANDARD,2026-08-31T02:31:00,2026-08-31T08:31:00,PICKING,HOLD,MEA,SAME_DAY
ORD-002061,SKU-00913,1,DC-16,EXPEDITE,2026-08-10T11:37:00,2026-08-10T23:37:00,SHIPPED,HOLD,,SAME_DAY
ORD-002062,SKU-00492,1,DC-16,STANDARD,2026-08-19T18:39:00,2026-08-20T00:39:00,RELEASED,RELEASED,EU,STANDARD
ORD-002063,SKU-01050,1,DC-12,EXPEDITE,2026-08-03T20:22:00,2026-08-04T08:22:00,PACKING,HOLD,LATAM,NEXT_DAY
ORD-002064,SKU-01164,1,DC-15,STANDARD,2026-08-17T16:41:00,2026-08-18T00:41:00,RELEASED,EXCEPTION,EU,NEXT_DAY
ORD-002065,SKU-00504,1,DC-11,STANDARD,2026-08-23T21:01:00,2026-08-24T09:01:00,ALLOCATED,ALLOCATED,APAC,SAME_DAY
ORD-002066,SKU-00454,1,DC-14,STANDARD,2026-08-02T04:35:00,2026-08-02T10:35:00,RELEASED,RELEASED,MEA,STANDARD
ORD-002067,SKU-00752,1,DC-03,STANDARD,2026-09-02T14:06:00,2026-09-02T18:06:00,SHIPPED,EXCEPTION,MEA,STANDARD
ORD-002068,SKU-00609,1,DC-15,STANDARD,2026-08-06T10:14:00,2026-08-06T22:14:00,STAGED,STAGED,EU,STANDARD
ORD-002069,SKU-00925,1,DC-18,CRITICAL,2026-08-09T03:23:00,2026-08-09T07:23:00,ALLOCATED,EXCEPTION,LATAM,SAME_DAY
ORD-002070,SKU-00216,1,DC-18,STANDARD,2026-08-30T15:58:00,2026-08-30T23:58:00,PACKING,PACKING,EU,STANDARD
ORD-002071,SKU-00206,1,DC-09,STANDARD,2026-08-29T01:28:00,2026-08-30T01:28:00,EXCEPTION,EXCEPTION,APAC,SAME_DAY
ORD-002072,SKU-00666,1,DC-12,STANDARD,2026-08-25T00:18:00,2026-08-25T06:18:00,PACKING,PACKING,EU,NEXT_DAY
ORD-002073,SKU-01148,1,DC-12,STANDARD,2026-09-01T05:42:00,2026-09-01T17:42:00,RELEASED,RELEASED,,STANDARD
ORD-002074,SKU-00847,1,DC-16,STANDARD,2026-08-30T08:40:00,2026-08-30T16:40:00,STAGED,STAGED,APAC,SAME_DAY
ORD-002075,SKU-00178,1,DC-13,STANDARD,2026-08-02T08:17:00,2026-08-02T12:17:00,STAGED,STAGED,MEA,STANDARD
ORD-002076,SKU-00020,1,DC-09,STANDARD,2026-08-02T20:26:00,2026-08-03T08:26:00,ALLOCATED,ALLOCATED,,SAME_DAY
ORD-002077,SKU-00896,1,DC-13,STANDARD,2026-08-05T12:52:00,2026-08-05T18:52:00,STAGED,EXCEPTION,APAC,SAME_DAY
ORD-002078,SKU-01093,1,DC-04,CRITICAL,2026-09-04T02:42:00,2026-09-04T10:42:00,PACKING,EXCEPTION,MEA,STANDARD
ORD-002079,SKU-00189,1,DC-11,EXPEDITE,2026-08-01T17:27:00,2026-08-02T05:27:00,RELEASED,RELEASED,MEA,NEXT_DAY
ORD-002080,SKU-00739,1,DC-02,STANDARD,2026-08-31T21:51:00,2026-09-01T05:51:00,RELEASED,EXCEPTION,LATAM,NEXT_DAY
ORD-002081,SKU-00337,1,DC-05,EXPEDITE,2026-08-31T04:31:00,2026-08-31T16:31:00,PICKING,PICKING,EU,NEXT_DAY
ORD-002082,SKU-00165,1,DC-02,EXPEDITE,2026-08-18T10:30:00,2026-08-18T18:30:00,STAGED,STAGED,LATAM,NEXT_DAY
ORD-002083,SKU-01024,1,DC-09,CRITICAL,2026-08-04T05:07:00,2026-08-04T11:07:00,SHIPPED,SHIPPED,EU,NEXT_DAY
ORD-002084,SKU-00642,1,DC-05,STANDARD,2026-09-04T22:03:00,2026-09-05T22:03:00,PICKING,PICKING,LATAM,SAME_DAY
ORD-002085,SKU-00358,1,DC-17,STANDARD,2026-08-19T18:21:00,2026-08-20T06:21:00,ALLOCATED,EXCEPTION,,STANDARD
ORD-002086,SKU-00004,1,DC-18,EXPEDITE,2026-08-09T05:40:00,2026-08-09T09:40:00,RELEASED,RELEASED,LATAM,STANDARD
ORD-002087,SKU-01113,1,DC-18,STANDARD,2026-08-25T05:19:00,2026-08-25T17:19:00,STAGED,STAGED,EU,STANDARD
ORD-002088,SKU-00704,1,DC-18,EXPEDITE,2026-08-04T04:55:00,2026-08-04T16:55:00,ALLOCATED,HOLD,APAC,SAME_DAY
ORD-002089,SKU-00341,1,DC-11,CRITICAL,2026-08-01T06:26:00,2026-08-01T14:26:00,EXCEPTION,EXCEPTION,EU,STANDARD
ORD-002090,SKU-01158,1,DC-07,CRITICAL,2026-08-04T15:18:00,2026-08-04T19:18:00,ALLOCATED,HOLD,MEA,NEXT_DAY
ORD-002091,SKU-01144,1,DC-05,STANDARD,2026-09-04T06:32:00,2026-09-05T06:32:00,SHIPPED,SHIPPED,EU,NEXT_DAY
ORD-002092,SKU-00440,1,DC-14,STANDARD,2026-08-18T07:17:00,2026-08-19T07:17:00,ALLOCATED,HOLD,APAC,STANDARD
ORD-002093,SKU-00411,1,DC-16,STANDARD,2026-08-21T06:14:00,2026-08-21T12:14:00,RELEASED,RELEASED,EU,STANDARD
ORD-002094,SKU-01160,1,DC-14,STANDARD,2026-09-01T03:23:00,2026-09-01T11:23:00,ALLOCATED,ALLOCATED,,SAME_DAY
ORD-002095,SKU-00596,1,DC-07,STANDARD,2026-08-04T06:02:00,2026-08-04T14:02:00,PICKING,PICKING,EU,STANDARD
ORD-002096,SKU-00637,1,DC-15,STANDARD,2026-08-11T02:00:00,2026-08-11T10:00:00,PACKING,PACKING,,NEXT_DAY
ORD-002097,SKU-00280,1,DC-06,STANDARD,2026-08-14T02:14:00,2026-08-14T10:14:00,STAGED,EXCEPTION,EU,NEXT_DAY
ORD-002098,SKU-01039,1,DC-04,STANDARD,2026-08-01T19:10:00,2026-08-02T03:10:00,SHIPPED,SHIPPED,,NEXT_DAY
ORD-002099,SKU-00442,1,DC-02,EXPEDITE,2026-08-20T16:06:00,2026-08-20T22:06:00,RELEASED,RELEASED,LATAM,STANDARD
ORD-002100,SKU-00264,1,DC-03,EXPEDITE,2026-08-22T02:22:00,2026-08-22T10:22:00,ALLOCATED,HOLD,MEA,SAME_DAY
ORD-002101,SKU-00782,1,DC-11,EXPEDITE,2026-09-02T01:46:00,2026-09-02T05:46:00,RELEASED,HOLD,APAC,SAME_DAY
ORD-002102,SKU-00418,1,DC-06,STANDARD,2026-08-20T12:03:00,2026-08-21T12:03:00,ALLOCATED,HOLD,LATAM,NEXT_DAY
ORD-002103,SKU-00833,1,DC-10,STANDARD,2026-08-22T10:45:00,2026-08-22T14:45:00,PICKING,EXCEPTION,APAC,SAME_DAY
ORD-002104,SKU-00860,1,DC-11,EXPEDITE,2026-08-18T03:59:00,2026-08-19T03:59:00,RELEASED,RELEASED,LATAM,NEXT_DAY
ORD-002105,SKU-00724,1,DC-07,STANDARD,2026-08-03T18:38:00,2026-08-04T18:38:00,PICKING,PICKING,EU,SAME_DAY
ORD-002106,SKU-00436,1,DC-16,STANDARD,2026-08-01T19:04:00,2026-08-02T01:04:00,STAGED,STAGED,,NEXT_DAY
ORD-002107,SKU-00324,1,DC-17,STANDARD,2026-08-01T23:19:00,2026-08-02T07:19:00,RELEASED,RELEASED,,NEXT_DAY
ORD-002108,SKU-00976,1,DC-06,EXPEDITE,2026-08-23T03:58:00,2026-08-24T03:58:00,EXCEPTION,HOLD,EU,SAME_DAY
ORD-002109,SKU-00296,1,DC-04,EXPEDITE,2026-08-09T07:00:00,2026-08-09T13:00:00,EXCEPTION,EXCEPTION,,STANDARD
ORD-002110,SKU-00236,1,DC-11,STANDARD,2026-08-23T09:18:00,2026-08-23T15:18:00,RELEASED,RELEASED,,NEXT_DAY
ORD-002111,SKU-00536,1,DC-07,EXPEDITE,2026-08-24T16:35:00,2026-08-25T00:35:00,PACKING,PACKING,,STANDARD
ORD-002112,SKU-00114,1,DC-16,STANDARD,2026-09-03T19:56:00,2026-09-04T03:56:00,ALLOCATED,HOLD,,SAME_DAY
ORD-002113,SKU-00815,1,DC-09,STANDARD,2026-08-14T03:53:00,2026-08-14T11:53:00,RELEASED,RELEASED,,STANDARD
ORD-002114,SKU-00192,1,DC-16,CRITICAL,2026-08-19T09:32:00,2026-08-19T17:32:00,PICKING,EXCEPTION,,NEXT_DAY
ORD-002115,SKU-00511,1,DC-06,STANDARD,2026-09-04T02:03:00,2026-09-04T06:03:00,PICKING,EXCEPTION,MEA,SAME_DAY
ORD-002116,SKU-00419,1,DC-04,STANDARD,2026-08-16T12:27:00,2026-08-16T20:27:00,PICKING,PICKING,LATAM,SAME_DAY
ORD-002117,SKU-01132,1,DC-05,STANDARD,2026-08-26T07:37:00,2026-08-26T19:37:00,PICKING,PICKING,,STANDARD
ORD-002118,SKU-00943,1,DC-18,CRITICAL,2026-08-05T00:25:00,2026-08-05T12:25:00,SHIPPED,SHIPPED,LATAM,STANDARD
ORD-002119,SKU-00740,1,DC-07,STANDARD,2026-08-18T04:29:00,2026-08-18T16:29:00,PICKING,PICKING,APAC,STANDARD
ORD-002120,SKU-00838,1,DC-06,STANDARD,2026-08-28T18:59:00,2026-08-29T18:59:00,RELEASED,HOLD,LATAM,SAME_DAY
ORD-002121,SKU-01078,1,DC-06,STANDARD,2026-08-07T04:55:00,2026-08-07T10:55:00,ALLOCATED,ALLOCATED,APAC,NEXT_DAY
ORD-002122,SKU-01132,1,DC-05,CRITICAL,2026-09-05T01:09:00,2026-09-05T05:09:00,SHIPPED,SHIPPED,APAC,SAME_DAY
ORD-002123,SKU-00104,1,DC-05,CRITICAL,2026-08-20T01:29:00,2026-08-20T09:29:00,PACKING,HOLD,MEA,NEXT_DAY
ORD-002124,SKU-00632,1,DC-15,STANDARD,2026-08-14T02:18:00,2026-08-14T14:18:00,EXCEPTION,EXCEPTION,,STANDARD
ORD-002125,SKU-00288,1,DC-05,EXPEDITE,2026-08-19T08:35:00,2026-08-19T14:35:00,SHIPPED,SHIPPED,LATAM,SAME_DAY
ORD-002126,SKU-00404,1,DC-15,STANDARD,2026-09-01T23:45:00,2026-09-02T11:45:00,STAGED,STAGED,APAC,SAME_DAY
ORD-002127,SKU-01019,1,DC-13,EXPEDITE,2026-08-30T03:06:00,2026-08-30T11:06:00,ALLOCATED,ALLOCATED,MEA,STANDARD
ORD-002128,SKU-00290,1,DC-13,STANDARD,2026-08-18T22:20:00,2026-08-19T02:20:00,STAGED,STAGED,LATAM,SAME_DAY
ORD-002129,SKU-00311,1,DC-09,STANDARD,2026-08-19T09:10:00,2026-08-19T17:10:00,ALLOCATED,ALLOCATED,APAC,NEXT_DAY
ORD-002130,SKU-00888,1,DC-01,STANDARD,2026-08-13T05:35:00,2026-08-14T05:35:00,STAGED,STAGED,MEA,NEXT_DAY
ORD-002131,SKU-00428,1,DC-02,STANDARD,2026-08-26T18:40:00,2026-08-27T06:40:00,STAGED,STAGED,APAC,STANDARD
ORD-002132,SKU-01107,1,DC-07,STANDARD,2026-08-10T08:45:00,2026-08-10T12:45:00,PACKING,PACKING,,NEXT_DAY
ORD-002133,SKU-00112,1,DC-14,STANDARD,2026-08-20T23:45:00,2026-08-21T11:45:00,EXCEPTION,EXCEPTION,EU,STANDARD
ORD-002134,SKU-00984,1,DC-04,STANDARD,2026-08-06T15:02:00,2026-08-06T21:02:00,EXCEPTION,EXCEPTION,MEA,SAME_DAY
ORD-002135,SKU-00464,1,DC-03,EXPEDITE,2026-09-04T20:58:00,2026-09-05T02:58:00,SHIPPED,SHIPPED,EU,SAME_DAY
ORD-002136,SKU-01015,1,DC-16,STANDARD,2026-08-29T14:12:00,2026-08-29T18:12:00,STAGED,STAGED,EU,NEXT_DAY
ORD-002137,SKU-01194,1,DC-11,EXPEDITE,2026-08-12T19:59:00,2026-08-13T03:59:00,PICKING,PICKING,EU,STANDARD
ORD-002138,SKU-00676,1,DC-10,STANDARD,2026-08-25T03:51:00,2026-08-25T09:51:00,RELEASED,RELEASED,APAC,NEXT_DAY
ORD-002139,SKU-01165,1,DC-10,STANDARD,2026-08-21T09:56:00,2026-08-21T17:56:00,EXCEPTION,EXCEPTION,EU,STANDARD
ORD-002140,SKU-00544,1,DC-14,STANDARD,2026-08-01T23:36:00,2026-08-02T07:36:00,STAGED,HOLD,MEA,SAME_DAY
ORD-002141,SKU-00952,1,DC-09,STANDARD,2026-08-31T12:01:00,2026-08-31T18:01:00,PACKING,PACKING,APAC,NEXT_DAY
ORD-002142,SKU-00566,1,DC-17,STANDARD,2026-08-24T09:29:00,2026-08-24T13:29:00,STAGED,STAGED,EU,SAME_DAY
ORD-002143,SKU-00367,1,DC-07,STANDARD,2026-08-22T00:28:00,2026-08-22T06:28:00,PACKING,PACKING,EU,NEXT_DAY
ORD-002144,SKU-00575,1,DC-04,EXPEDITE,2026-08-08T16:54:00,2026-08-09T16:54:00,EXCEPTION,EXCEPTION,EU,STANDARD
ORD-002145,SKU-01150,1,DC-12,EXPEDITE,2026-08-03T07:04:00,2026-08-03T13:04:00,PICKING,HOLD,LATAM,NEXT_DAY
ORD-002146,SKU-01029,1,DC-13,STANDARD,2026-08-13T17:08:00,2026-08-13T23:08:00,PICKING,PICKING,APAC,NEXT_DAY
ORD-002147,SKU-00314,1,DC-02,EXPEDITE,2026-08-13T22:52:00,2026-08-14T02:52:00,SHIPPED,EXCEPTION,LATAM,STANDARD
ORD-002148,SKU-00114,1,DC-03,EXPEDITE,2026-08-31T18:05:00,2026-09-01T06:05:00,ALLOCATED,HOLD,,NEXT_DAY
ORD-002149,SKU-00866,1,DC-09,STANDARD,2026-09-03T02:51:00,2026-09-03T08:51:00,SHIPPED,HOLD,LATAM,STANDARD
ORD-002150,SKU-00876,1,DC-01,STANDARD,2026-08-07T07:09:00,2026-08-07T15:09:00,PICKING,PICKING,APAC,SAME_DAY
ORD-002151,SKU-00384,1,DC-14,STANDARD,2026-08-01T14:14:00,2026-08-01T20:14:00,PACKING,HOLD,LATAM,NEXT_DAY
ORD-002152,SKU-00590,1,DC-06,CRITICAL,2026-08-08T19:17:00,2026-08-08T23:17:00,EXCEPTION,EXCEPTION,MEA,NEXT_DAY
ORD-002153,SKU-00023,1,DC-14,CRITICAL,2026-08-14T03:11:00,2026-08-14T09:11:00,PACKING,PACKING,APAC,NEXT_DAY
ORD-002154,SKU-00847,1,DC-04,STANDARD,2026-09-04T12:27:00,2026-09-04T18:27:00,SHIPPED,SHIPPED,,STANDARD
ORD-002155,SKU-00803,1,DC-11,STANDARD,2026-08-21T10:39:00,2026-08-21T16:39:00,PACKING,PACKING,APAC,SAME_DAY
ORD-002156,SKU-00063,1,DC-04,STANDARD,2026-08-31T17:18:00,2026-08-31T21:18:00,STAGED,HOLD,EU,SAME_DAY
ORD-002157,SKU-00971,1,DC-18,STANDARD,2026-08-31T21:26:00,2026-09-01T09:26:00,EXCEPTION,EXCEPTION,LATAM,STANDARD
ORD-002158,SKU-00928,1,DC-11,STANDARD,2026-08-14T20:12:00,2026-08-15T00:12:00,PICKING,HOLD,MEA,NEXT_DAY
ORD-002159,SKU-00503,1,DC-17,EXPEDITE,2026-08-21T23:25:00,2026-08-22T11:25:00,STAGED,STAGED,,STANDARD
ORD-002160,SKU-00551,1,DC-07,STANDARD,2026-08-14T14:13:00,2026-08-15T02:13:00,PICKING,PICKING,,STANDARD
ORD-002161,SKU-00704,1,DC-13,STANDARD,2026-08-21T16:26:00,2026-08-21T20:26:00,PACKING,PACKING,APAC,STANDARD
ORD-002162,SKU-00861,1,DC-17,STANDARD,2026-09-03T04:59:00,2026-09-03T08:59:00,EXCEPTION,HOLD,APAC,NEXT_DAY
ORD-002163,SKU-00046,1,DC-18,STANDARD,2026-08-21T00:27:00,2026-08-22T00:27:00,ALLOCATED,HOLD,,STANDARD
ORD-002164,SKU-01142,1,DC-07,STANDARD,2026-08-15T11:18:00,2026-08-15T19:18:00,PICKING,PICKING,APAC,STANDARD
ORD-002165,SKU-00925,1,DC-15,STANDARD,2026-08-14T01:11:00,2026-08-14T09:11:00,ALLOCATED,EXCEPTION,MEA,SAME_DAY
ORD-002166,SKU-00930,1,DC-03,STANDARD,2026-09-02T04:38:00,2026-09-03T04:38:00,PACKING,PACKING,LATAM,NEXT_DAY
ORD-002167,SKU-00054,1,DC-10,STANDARD,2026-08-02T16:55:00,2026-08-03T04:55:00,STAGED,STAGED,MEA,STANDARD
ORD-002168,SKU-00384,1,DC-14,STANDARD,2026-08-10T16:22:00,2026-08-10T22:22:00,ALLOCATED,ALLOCATED,EU,SAME_DAY
ORD-002169,SKU-00276,1,DC-02,STANDARD,2026-08-21T13:56:00,2026-08-22T01:56:00,SHIPPED,EXCEPTION,LATAM,NEXT_DAY
ORD-002170,SKU-00590,1,DC-17,STANDARD,2026-08-10T14:08:00,2026-08-11T02:08:00,SHIPPED,EXCEPTION,EU,STANDARD
ORD-002171,SKU-01111,1,DC-14,STANDARD,2026-09-02T05:09:00,2026-09-03T05:09:00,ALLOCATED,ALLOCATED,LATAM,SAME_DAY
ORD-002172,SKU-00733,1,DC-04,CRITICAL,2026-08-29T03:22:00,2026-08-29T07:22:00,SHIPPED,SHIPPED,,SAME_DAY
ORD-002173,SKU-00661,1,DC-14,STANDARD,2026-08-27T03:27:00,2026-08-27T09:27:00,PICKING,PICKING,EU,SAME_DAY
ORD-002174,SKU-00191,1,DC-16,STANDARD,2026-08-25T18:40:00,2026-08-26T02:40:00,PACKING,PACKING,EU,SAME_DAY
ORD-002175,SKU-00961,1,DC-06,STANDARD,2026-08-22T06:40:00,2026-08-22T18:40:00,PICKING,PICKING,APAC,STANDARD
ORD-002176,SKU-00547,1,DC-01,EXPEDITE,2026-09-03T19:44:00,2026-09-04T19:44:00,EXCEPTION,EXCEPTION,LATAM,STANDARD
ORD-002177,SKU-00646,1,DC-01,STANDARD,2026-08-20T08:32:00,2026-08-20T14:32:00,PICKING,HOLD,APAC,NEXT_DAY
ORD-002178,SKU-00018,1,DC-13,STANDARD,2026-08-23T14:04:00,2026-08-23T20:04:00,RELEASED,RELEASED,EU,STANDARD
ORD-002179,SKU-00341,1,DC-11,STANDARD,2026-08-21T14:00:00,2026-08-21T20:00:00,PACKING,PACKING,LATAM,NEXT_DAY
ORD-002180,SKU-00183,1,DC-10,CRITICAL,2026-08-04T14:06:00,2026-08-04T22:06:00,ALLOCATED,ALLOCATED,MEA,STANDARD
ORD-002181,SKU-00446,1,DC-15,STANDARD,2026-08-12T14:29:00,2026-08-12T20:29:00,SHIPPED,EXCEPTION,APAC,SAME_DAY
ORD-002182,SKU-00562,1,DC-06,EXPEDITE,2026-09-02T18:35:00,2026-09-02T22:35:00,ALLOCATED,EXCEPTION,EU,SAME_DAY
ORD-002183,SKU-00102,1,DC-03,EXPEDITE,2026-08-29T18:22:00,2026-08-29T22:22:00,STAGED,STAGED,MEA,SAME_DAY
ORD-002184,SKU-01112,1,DC-07,STANDARD,2026-08-18T00:46:00,2026-08-18T04:46:00,PACKING,EXCEPTION,LATAM,STANDARD
ORD-002185,SKU-00493,1,DC-10,STANDARD,2026-08-17T11:31:00,2026-08-17T19:31:00,EXCEPTION,EXCEPTION,EU,NEXT_DAY
ORD-002186,SKU-01200,1,DC-06,EXPEDITE,2026-08-18T20:05:00,2026-08-19T02:05:00,SHIPPED,SHIPPED,LATAM,STANDARD
ORD-002187,SKU-00178,1,DC-06,STANDARD,2026-08-02T01:26:00,2026-08-03T01:26:00,PACKING,PACKING,MEA,SAME_DAY
ORD-002188,SKU-00130,1,DC-17,STANDARD,2026-08-09T05:33:00,2026-08-09T13:33:00,SHIPPED,SHIPPED,APAC,STANDARD
ORD-002189,SKU-00939,1,DC-12,STANDARD,2026-08-10T01:02:00,2026-08-11T01:02:00,PACKING,PACKING,MEA,SAME_DAY
ORD-002190,SKU-00554,1,DC-05,STANDARD,2026-08-02T18:25:00,2026-08-03T02:25:00,EXCEPTION,HOLD,MEA,STANDARD
ORD-002191,SKU-00505,1,DC-08,EXPEDITE,2026-08-22T20:52:00,2026-08-23T08:52:00,PICKING,PICKING,MEA,SAME_DAY
ORD-002192,SKU-00010,1,DC-01,EXPEDITE,2026-08-04T16:20:00,2026-08-05T00:20:00,ALLOCATED,HOLD,,SAME_DAY
ORD-002193,SKU-01162,1,DC-04,STANDARD,2026-08-18T19:16:00,2026-08-19T19:16:00,PACKING,HOLD,APAC,SAME_DAY
ORD-002194,SKU-00873,1,DC-07,STANDARD,2026-08-05T19:24:00,2026-08-06T03:24:00,PICKING,PICKING,,NEXT_DAY
ORD-002195,SKU-01138,1,DC-08,EXPEDITE,2026-08-05T08:45:00,2026-08-06T08:45:00,SHIPPED,SHIPPED,LATAM,STANDARD
ORD-002196,SKU-00662,1,DC-05,EXPEDITE,2026-08-30T16:24:00,2026-08-31T00:24:00,PACKING,PACKING,LATAM,SAME_DAY
ORD-002197,SKU-00223,1,DC-11,STANDARD,2026-08-16T20:54:00,2026-08-17T20:54:00,SHIPPED,SHIPPED,MEA,SAME_DAY
ORD-002198,SKU-00458,1,DC-05,STANDARD,2026-08-15T05:29:00,2026-08-16T05:29:00,STAGED,STAGED,EU,STANDARD
ORD-002199,SKU-00164,1,DC-03,STANDARD,2026-08-23T14:21:00,2026-08-24T02:21:00,RELEASED,HOLD,MEA,STANDARD
ORD-002200,SKU-01152,1,DC-13,STANDARD,2026-08-12T09:04:00,2026-08-13T09:04:00,ALLOCATED,ALLOCATED,EU,SAME_DAY
ORD-002201,SKU-00212,1,DC-10,STANDARD,2026-09-03T15:05:00,2026-09-03T19:05:00,EXCEPTION,HOLD,APAC,STANDARD
ORD-002202,SKU-00320,1,DC-01,STANDARD,2026-08-23T06:41:00,2026-08-23T12:41:00,STAGED,EXCEPTION,,NEXT_DAY
ORD-002203,SKU-00417,1,DC-16,STANDARD,2026-08-22T21:04:00,2026-08-23T03:04:00,ALLOCATED,ALLOCATED,EU,NEXT_DAY
ORD-002204,SKU-00418,1,DC-10,STANDARD,2026-08-29T10:46:00,2026-08-30T10:46:00,PACKING,PACKING,EU,NEXT_DAY
ORD-002205,SKU-00977,1,DC-04,STANDARD,2026-08-01T15:51:00,2026-08-01T23:51:00,STAGED,HOLD,APAC,STANDARD
ORD-002206,SKU-00831,1,DC-08,STANDARD,2026-08-01T08:38:00,2026-08-01T14:38:00,PICKING,HOLD,MEA,STANDARD
ORD-002207,SKU-01061,1,DC-03,EXPEDITE,2026-09-05T04:31:00,2026-09-06T04:31:00,STAGED,STAGED,APAC,SAME_DAY
ORD-002208,SKU-00904,1,DC-16,STANDARD,2026-08-23T16:37:00,2026-08-24T04:37:00,RELEASED,RELEASED,MEA,SAME_DAY
ORD-002209,SKU-00751,1,DC-06,STANDARD,2026-08-13T03:49:00,2026-08-13T15:49:00,ALLOCATED,HOLD,MEA,SAME_DAY
ORD-002210,SKU-01080,1,DC-06,CRITICAL,2026-08-07T16:41:00,2026-08-08T04:41:00,SHIPPED,HOLD,MEA,NEXT_DAY
ORD-002211,SKU-01190,1,DC-08,STANDARD,2026-09-05T00:02:00,2026-09-05T08:02:00,PACKING,HOLD,MEA,SAME_DAY
ORD-002212,SKU-00695,1,DC-16,CRITICAL,2026-08-24T12:21:00,2026-08-24T20:21:00,STAGED,HOLD,APAC,STANDARD
ORD-002213,SKU-00755,1,DC-01,STANDARD,2026-08-13T20:07:00,2026-08-14T00:07:00,PICKING,EXCEPTION,MEA,SAME_DAY
ORD-002214,SKU-00548,1,DC-07,EXPEDITE,2026-08-02T19:24:00,2026-08-03T07:24:00,PICKING,PICKING,APAC,SAME_DAY
ORD-002215,SKU-00004,1,DC-13,STANDARD,2026-08-16T14:55:00,2026-08-16T18:55:00,PICKING,PICKING,EU,STANDARD
ORD-002216,SKU-01128,1,DC-05,CRITICAL,2026-08-21T04:14:00,2026-08-22T04:14:00,STAGED,STAGED,APAC,NEXT_DAY
ORD-002217,SKU-00568,1,DC-14,CRITICAL,2026-08-17T19:51:00,2026-08-17T23:51:00,STAGED,STAGED,MEA,NEXT_DAY
ORD-002218,SKU-00261,1,DC-16,STANDARD,2026-08-04T16:01:00,2026-08-05T04:01:00,RELEASED,RELEASED,,SAME_DAY
ORD-002219,SKU-00548,1,DC-05,STANDARD,2026-09-03T16:18:00,2026-09-03T22:18:00,PACKING,PACKING,,STANDARD
ORD-002220,SKU-00351,1,DC-01,STANDARD,2026-08-04T18:44:00,2026-08-05T00:44:00,ALLOCATED,ALLOCATED,MEA,SAME_DAY
ORD-002221,SKU-00996,1,DC-06,EXPEDITE,2026-09-02T01:00:00,2026-09-02T09:00:00,ALLOCATED,EXCEPTION,MEA,STANDARD
ORD-002222,SKU-00957,1,DC-06,STANDARD,2026-08-19T22:28:00,2026-08-20T22:28:00,RELEASED,EXCEPTION,,SAME_DAY
ORD-002223,SKU-01117,1,DC-18,STANDARD,2026-09-02T21:48:00,2026-09-03T21:48:00,STAGED,STAGED,EU,NEXT_DAY
ORD-002224,SKU-00890,1,DC-13,STANDARD,2026-08-18T23:50:00,2026-08-19T23:50:00,SHIPPED,SHIPPED,APAC,NEXT_DAY
ORD-002225,SKU-00757,1,DC-17,STANDARD,2026-08-03T15:01:00,2026-08-04T15:01:00,ALLOCATED,EXCEPTION,LATAM,STANDARD
ORD-002226,SKU-00931,1,DC-17,CRITICAL,2026-08-07T05:44:00,2026-08-07T11:44:00,SHIPPED,SHIPPED,LATAM,NEXT_DAY
ORD-002227,SKU-01012,1,DC-05,STANDARD,2026-08-30T03:13:00,2026-08-30T15:13:00,EXCEPTION,HOLD,LATAM,SAME_DAY
ORD-002228,SKU-00950,1,DC-05,CRITICAL,2026-08-28T18:21:00,2026-08-29T06:21:00,PACKING,PACKING,MEA,NEXT_DAY
ORD-002229,SKU-00253,1,DC-16,STANDARD,2026-08-02T20:49:00,2026-08-03T04:49:00,PICKING,HOLD,LATAM,SAME_DAY
ORD-002230,SKU-00215,1,DC-01,STANDARD,2026-08-07T22:56:00,2026-08-08T22:56:00,STAGED,STAGED,,SAME_DAY
ORD-002231,SKU-00478,1,DC-06,STANDARD,2026-08-07T03:04:00,2026-08-07T15:04:00,PACKING,HOLD,EU,SAME_DAY
ORD-002232,SKU-00863,1,DC-02,STANDARD,2026-08-15T22:36:00,2026-08-16T06:36:00,SHIPPED,SHIPPED,APAC,NEXT_DAY
ORD-002233,SKU-00666,1,DC-16,STANDARD,2026-09-02T05:55:00,2026-09-02T09:55:00,PACKING,PACKING,APAC,STANDARD
ORD-002234,SKU-00710,1,DC-06,STANDARD,2026-08-04T12:03:00,2026-08-04T16:03:00,ALLOCATED,ALLOCATED,MEA,SAME_DAY
ORD-002235,SKU-00198,1,DC-08,EXPEDITE,2026-08-21T11:02:00,2026-08-21T23:02:00,ALLOCATED,ALLOCATED,LATAM,SAME_DAY
ORD-002236,SKU-01114,1,DC-14,EXPEDITE,2026-08-25T12:13:00,2026-08-26T12:13:00,ALLOCATED,ALLOCATED,LATAM,NEXT_DAY
ORD-002237,SKU-00703,1,DC-10,CRITICAL,2026-08-28T06:04:00,2026-08-28T12:04:00,ALLOCATED,EXCEPTION,MEA,SAME_DAY
ORD-002238,SKU-00586,1,DC-09,CRITICAL,2026-08-10T09:54:00,2026-08-10T13:54:00,ALLOCATED,ALLOCATED,LATAM,NEXT_DAY
ORD-002239,SKU-00551,1,DC-15,STANDARD,2026-08-04T16:45:00,2026-08-05T04:45:00,STAGED,STAGED,,STANDARD
ORD-002240,SKU-01002,1,DC-16,STANDARD,2026-08-04T00:07:00,2026-08-04T08:07:00,EXCEPTION,HOLD,MEA,NEXT_DAY
ORD-002241,SKU-01045,1,DC-05,STANDARD,2026-08-14T11:06:00,2026-08-15T11:06:00,SHIPPED,SHIPPED,LATAM,NEXT_DAY
ORD-002242,SKU-00469,1,DC-06,CRITICAL,2026-08-19T10:26:00,2026-08-20T10:26:00,SHIPPED,EXCEPTION,LATAM,NEXT_DAY
ORD-002243,SKU-00209,1,DC-10,STANDARD,2026-08-26T21:45:00,2026-08-27T01:45:00,PICKING,PICKING,MEA,NEXT_DAY
ORD-002244,SKU-00168,1,DC-16,STANDARD,2026-08-27T17:02:00,2026-08-28T17:02:00,STAGED,STAGED,APAC,STANDARD
ORD-002245,SKU-00725,1,DC-09,STANDARD,2026-08-25T20:19:00,2026-08-26T04:19:00,STAGED,STAGED,EU,NEXT_DAY
ORD-002246,SKU-01192,1,DC-01,STANDARD,2026-09-02T11:12:00,2026-09-02T17:12:00,ALLOCATED,EXCEPTION,EU,NEXT_DAY
ORD-002247,SKU-00272,1,DC-03,STANDARD,2026-08-31T22:51:00,2026-09-01T22:51:00,RELEASED,RELEASED,MEA,STANDARD
ORD-002248,SKU-00151,1,DC-15,STANDARD,2026-08-21T00:53:00,2026-08-21T08:53:00,PACKING,EXCEPTION,EU,NEXT_DAY
ORD-002249,SKU-00055,1,DC-17,STANDARD,2026-08-27T17:24:00,2026-08-27T21:24:00,ALLOCATED,ALLOCATED,LATAM,SAME_DAY
ORD-002250,SKU-00741,1,DC-10,STANDARD,2026-08-30T12:05:00,2026-08-31T12:05:00,EXCEPTION,EXCEPTION,LATAM,STANDARD
ORD-002251,SKU-01028,1,DC-11,EXPEDITE,2026-08-12T17:40:00,2026-08-13T01:40:00,STAGED,STAGED,APAC,SAME_DAY
ORD-002252,SKU-00767,1,DC-08,STANDARD,2026-08-27T01:11:00,2026-08-27T05:11:00,STAGED,HOLD,APAC,SAME_DAY
ORD-002253,SKU-00902,1,DC-02,EXPEDITE,2026-08-21T09:00:00,2026-08-22T09:00:00,STAGED,STAGED,EU,SAME_DAY
ORD-002254,SKU-00008,1,DC-13,STANDARD,2026-08-24T20:02:00,2026-08-25T08:02:00,EXCEPTION,EXCEPTION,APAC,STANDARD
ORD-002255,SKU-00636,1,DC-14,STANDARD,2026-08-28T03:12:00,2026-08-28T15:12:00,PICKING,PICKING,,STANDARD
ORD-002256,SKU-00075,1,DC-01,STANDARD,2026-08-06T01:41:00,2026-08-06T13:41:00,STAGED,STAGED,EU,STANDARD
ORD-002257,SKU-00966,1,DC-13,STANDARD,2026-09-03T02:24:00,2026-09-03T10:24:00,STAGED,HOLD,,NEXT_DAY
ORD-002258,SKU-00529,1,DC-02,STANDARD,2026-09-02T08:11:00,2026-09-03T08:11:00,ALLOCATED,HOLD,APAC,STANDARD
ORD-002259,SKU-00165,1,DC-18,STANDARD,2026-08-11T19:55:00,2026-08-12T01:55:00,PICKING,PICKING,LATAM,STANDARD
ORD-002260,SKU-01085,1,DC-15,STANDARD,2026-08-12T02:43:00,2026-08-12T08:43:00,STAGED,EXCEPTION,,STANDARD
ORD-002261,SKU-00098,1,DC-18,STANDARD,2026-09-01T00:15:00,2026-09-01T12:15:00,ALLOCATED,ALLOCATED,LATAM,STANDARD
ORD-002262,SKU-00886,1,DC-13,EXPEDITE,2026-08-22T21:10:00,2026-08-23T09:10:00,EXCEPTION,HOLD,,SAME_DAY
ORD-002263,SKU-00909,1,DC-02,CRITICAL,2026-08-10T08:31:00,2026-08-10T20:31:00,EXCEPTION,EXCEPTION,APAC,SAME_DAY
ORD-002264,SKU-00436,1,DC-05,STANDARD,2026-08-10T10:37:00,2026-08-11T10:37:00,STAGED,STAGED,APAC,STANDARD
ORD-002265,SKU-00288,1,DC-05,STANDARD,2026-08-12T01:46:00,2026-08-13T01:46:00,EXCEPTION,HOLD,MEA,NEXT_DAY
ORD-002266,SKU-01031,1,DC-12,STANDARD,2026-08-21T08:40:00,2026-08-21T12:40:00,SHIPPED,SHIPPED,,STANDARD
ORD-002267,SKU-00182,1,DC-01,EXPEDITE,2026-08-29T20:31:00,2026-08-30T08:31:00,SHIPPED,SHIPPED,LATAM,STANDARD
ORD-002268,SKU-00347,1,DC-03,STANDARD,2026-08-01T19:41:00,2026-08-02T01:41:00,RELEASED,RELEASED,EU,SAME_DAY
ORD-002269,SKU-00309,1,DC-05,STANDARD,2026-08-17T11:15:00,2026-08-17T15:15:00,RELEASED,HOLD,,SAME_DAY
ORD-002270,SKU-00854,1,DC-11,STANDARD,2026-09-04T15:40:00,2026-09-05T03:40:00,ALLOCATED,ALLOCATED,EU,SAME_DAY
ORD-002271,SKU-00684,1,DC-02,STANDARD,2026-08-17T05:43:00,2026-08-17T09:43:00,ALLOCATED,ALLOCATED,EU,STANDARD
ORD-002272,SKU-00642,1,DC-16,STANDARD,2026-09-03T08:51:00,2026-09-04T08:51:00,EXCEPTION,HOLD,LATAM,SAME_DAY
ORD-002273,SKU-01143,1,DC-16,STANDARD,2026-08-05T04:03:00,2026-08-05T08:03:00,PACKING,PACKING,EU,SAME_DAY
ORD-002274,SKU-00708,1,DC-16,EXPEDITE,2026-08-16T01:16:00,2026-08-16T07:16:00,ALLOCATED,ALLOCATED,LATAM,NEXT_DAY
ORD-002275,SKU-00791,1,DC-10,STANDARD,2026-08-18T20:48:00,2026-08-19T00:48:00,EXCEPTION,EXCEPTION,MEA,SAME_DAY
ORD-002276,SKU-01195,1,DC-10,STANDARD,2026-08-15T17:16:00,2026-08-16T01:16:00,EXCEPTION,EXCEPTION,,STANDARD
ORD-002277,SKU-00409,1,DC-11,STANDARD,2026-08-07T00:55:00,2026-08-08T00:55:00,ALLOCATED,EXCEPTION,EU,NEXT_DAY
ORD-002278,SKU-01010,1,DC-13,EXPEDITE,2026-08-14T19:24:00,2026-08-15T07:24:00,SHIPPED,SHIPPED,LATAM,STANDARD
ORD-002279,SKU-00055,1,DC-17,STANDARD,2026-08-20T11:54:00,2026-08-21T11:54:00,PACKING,PACKING,,NEXT_DAY
ORD-002280,SKU-00630,1,DC-17,STANDARD,2026-08-06T15:31:00,2026-08-06T23:31:00,ALLOCATED,HOLD,APAC,NEXT_DAY
ORD-002281,SKU-00465,1,DC-03,STANDARD,2026-08-15T11:13:00,2026-08-15T19:13:00,PACKING,PACKING,LATAM,STANDARD
ORD-002282,SKU-00552,1,DC-16,STANDARD,2026-08-28T21:07:00,2026-08-29T09:07:00,EXCEPTION,EXCEPTION,MEA,SAME_DAY
ORD-002283,SKU-00829,1,DC-05,STANDARD,2026-08-22T02:04:00,2026-08-22T06:04:00,SHIPPED,SHIPPED,LATAM,NEXT_DAY
ORD-002284,SKU-01149,1,DC-01,STANDARD,2026-08-03T18:21:00,2026-08-03T22:21:00,RELEASED,HOLD,,NEXT_DAY
ORD-002285,SKU-00851,1,DC-08,STANDARD,2026-08-10T08:21:00,2026-08-11T08:21:00,STAGED,STAGED,EU,SAME_DAY
ORD-002286,SKU-00009,1,DC-17,STANDARD,2026-08-08T03:47:00,2026-08-08T09:47:00,STAGED,EXCEPTION,,NEXT_DAY
ORD-002287,SKU-00121,1,DC-01,STANDARD,2026-08-14T13:12:00,2026-08-15T13:12:00,PACKING,PACKING,MEA,STANDARD
ORD-002288,SKU-00556,1,DC-05,STANDARD,2026-08-27T13:46:00,2026-08-27T19:46:00,EXCEPTION,EXCEPTION,MEA,SAME_DAY
ORD-002289,SKU-01198,1,DC-04,STANDARD,2026-08-28T08:39:00,2026-08-28T20:39:00,PICKING,PICKING,APAC,NEXT_DAY
ORD-002290,SKU-01044,1,DC-07,STANDARD,2026-08-10T15:37:00,2026-08-10T21:37:00,PICKING,HOLD,LATAM,NEXT_DAY
ORD-002291,SKU-00384,1,DC-18,STANDARD,2026-08-08T22:34:00,2026-08-09T22:34:00,PICKING,EXCEPTION,MEA,SAME_DAY
ORD-002292,SKU-00782,1,DC-09,EXPEDITE,2026-08-27T00:53:00,2026-08-28T00:53:00,EXCEPTION,EXCEPTION,LATAM,STANDARD
ORD-002293,SKU-00988,1,DC-02,STANDARD,2026-08-14T20:51:00,2026-08-15T04:51:00,SHIPPED,SHIPPED,,SAME_DAY
ORD-002294,SKU-01083,1,DC-17,CRITICAL,2026-08-03T10:37:00,2026-08-03T14:37:00,PACKING,PACKING,MEA,SAME_DAY
ORD-002295,SKU-00090,1,DC-15,STANDARD,2026-08-30T14:02:00,2026-08-31T02:02:00,RELEASED,RELEASED,,SAME_DAY
ORD-002296,SKU-00471,1,DC-14,CRITICAL,2026-08-31T11:30:00,2026-08-31T17:30:00,SHIPPED,SHIPPED,EU,NEXT_DAY
ORD-002297,SKU-00955,1,DC-04,EXPEDITE,2026-08-20T00:33:00,2026-08-20T04:33:00,PICKING,PICKING,EU,SAME_DAY
ORD-002298,SKU-00452,1,DC-13,CRITICAL,2026-08-21T06:58:00,2026-08-21T12:58:00,PICKING,EXCEPTION,APAC,STANDARD
ORD-002299,SKU-01077,1,DC-07,STANDARD,2026-08-22T03:07:00,2026-08-22T15:07:00,STAGED,STAGED,EU,NEXT_DAY
ORD-002300,SKU-00968,1,DC-10,CRITICAL,2026-09-04T10:33:00,2026-09-04T18:33:00,SHIPPED,SHIPPED,LATAM,NEXT_DAY
ORD-002301,SKU-00238,1,DC-18,STANDARD,2026-08-18T09:01:00,2026-08-19T09:01:00,PICKING,PICKING,EU,STANDARD
ORD-002302,SKU-00513,1,DC-18,STANDARD,2026-08-14T03:23:00,2026-08-14T07:23:00,ALLOCATED,HOLD,LATAM,STANDARD
ORD-002303,SKU-00263,1,DC-04,STANDARD,2026-08-02T17:14:00,2026-08-02T23:14:00,PACKING,PACKING,APAC,NEXT_DAY
ORD-002304,SKU-00347,1,DC-18,STANDARD,2026-08-12T11:00:00,2026-08-12T17:00:00,PICKING,EXCEPTION,,NEXT_DAY
ORD-002305,SKU-00208,1,DC-15,EXPEDITE,2026-08-12T09:02:00,2026-08-12T21:02:00,RELEASED,EXCEPTION,MEA,SAME_DAY
ORD-002306,SKU-01197,1,DC-03,STANDARD,2026-08-12T06:12:00,2026-08-12T12:12:00,PACKING,EXCEPTION,EU,SAME_DAY
ORD-002307,SKU-00584,1,DC-02,STANDARD,2026-08-24T03:49:00,2026-08-24T09:49:00,PACKING,EXCEPTION,,STANDARD
ORD-002308,SKU-00642,1,DC-13,STANDARD,2026-08-29T14:23:00,2026-08-29T20:23:00,EXCEPTION,HOLD,EU,STANDARD
ORD-002309,SKU-00075,1,DC-10,EXPEDITE,2026-08-14T05:44:00,2026-08-14T13:44:00,SHIPPED,SHIPPED,EU,STANDARD
ORD-002310,SKU-00762,1,DC-10,STANDARD,2026-08-24T06:25:00,2026-08-24T18:25:00,STAGED,STAGED,LATAM,STANDARD
ORD-002311,SKU-00330,1,DC-11,EXPEDITE,2026-08-13T16:48:00,2026-08-14T16:48:00,STAGED,STAGED,LATAM,STANDARD
ORD-002312,SKU-00182,1,DC-05,STANDARD,2026-09-04T11:51:00,2026-09-04T19:51:00,PICKING,PICKING,LATAM,SAME_DAY
ORD-002313,SKU-00816,1,DC-11,STANDARD,2026-08-08T12:08:00,2026-08-08T20:08:00,PICKING,PICKING,EU,NEXT_DAY
ORD-002314,SKU-00121,1,DC-18,STANDARD,2026-08-04T14:25:00,2026-08-05T02:25:00,EXCEPTION,HOLD,APAC,SAME_DAY
ORD-002315,SKU-00139,1,DC-05,EXPEDITE,2026-08-29T09:29:00,2026-08-29T17:29:00,EXCEPTION,EXCEPTION,APAC,NEXT_DAY
ORD-002316,SKU-00272,1,DC-03,STANDARD,2026-09-03T02:17:00,2026-09-03T14:17:00,ALLOCATED,EXCEPTION,,STANDARD
ORD-002317,SKU-00922,1,DC-12,STANDARD,2026-08-05T08:33:00,2026-08-05T20:33:00,STAGED,HOLD,MEA,SAME_DAY
ORD-002318,SKU-00433,1,DC-17,EXPEDITE,2026-08-14T22:10:00,2026-08-15T22:10:00,EXCEPTION,HOLD,MEA,STANDARD
ORD-002319,SKU-00435,1,DC-10,CRITICAL,2026-08-14T06:45:00,2026-08-14T12:45:00,RELEASED,EXCEPTION,EU,SAME_DAY
ORD-002320,SKU-00418,1,DC-06,EXPEDITE,2026-08-18T09:33:00,2026-08-18T15:33:00,PACKING,PACKING,LATAM,SAME_DAY
ORD-002321,SKU-01048,1,DC-04,STANDARD,2026-08-15T17:02:00,2026-08-16T17:02:00,RELEASED,EXCEPTION,LATAM,NEXT_DAY
ORD-002322,SKU-00800,1,DC-08,EXPEDITE,2026-08-03T12:47:00,2026-08-03T18:47:00,PACKING,PACKING,EU,NEXT_DAY
ORD-002323,SKU-00178,1,DC-07,EXPEDITE,2026-08-31T07:55:00,2026-08-31T15:55:00,PICKING,PICKING,MEA,NEXT_DAY
ORD-002324,SKU-00005,1,DC-06,STANDARD,2026-08-11T08:55:00,2026-08-11T16:55:00,RELEASED,EXCEPTION,APAC,NEXT_DAY
ORD-002325,SKU-00919,1,DC-18,STANDARD,2026-08-18T06:38:00,2026-08-18T12:38:00,RELEASED,RELEASED,MEA,STANDARD
ORD-002326,SKU-00695,1,DC-01,STANDARD,2026-09-01T06:49:00,2026-09-01T12:49:00,PACKING,PACKING,EU,NEXT_DAY
ORD-002327,SKU-00996,1,DC-10,STANDARD,2026-09-04T08:41:00,2026-09-05T08:41:00,PICKING,HOLD,,STANDARD
ORD-002328,SKU-00304,1,DC-11,STANDARD,2026-08-26T05:31:00,2026-08-26T17:31:00,SHIPPED,SHIPPED,LATAM,NEXT_DAY
ORD-002329,SKU-00354,1,DC-01,STANDARD,2026-08-04T03:29:00,2026-08-04T11:29:00,PACKING,HOLD,MEA,STANDARD
ORD-002330,SKU-00687,1,DC-18,STANDARD,2026-08-15T00:12:00,2026-08-15T12:12:00,RELEASED,HOLD,MEA,NEXT_DAY
ORD-002331,SKU-00004,1,DC-17,STANDARD,2026-08-10T04:08:00,2026-08-10T16:08:00,SHIPPED,EXCEPTION,EU,NEXT_DAY
ORD-002332,SKU-00087,1,DC-14,STANDARD,2026-08-26T04:09:00,2026-08-26T10:09:00,PACKING,PACKING,APAC,STANDARD
ORD-002333,SKU-00653,1,DC-03,EXPEDITE,2026-08-12T06:47:00,2026-08-12T14:47:00,SHIPPED,SHIPPED,MEA,SAME_DAY
ORD-002334,SKU-01106,1,DC-04,STANDARD,2026-09-02T20:48:00,2026-09-03T02:48:00,SHIPPED,EXCEPTION,EU,SAME_DAY
ORD-002335,SKU-00478,1,DC-16,CRITICAL,2026-08-11T10:58:00,2026-08-11T18:58:00,EXCEPTION,EXCEPTION,APAC,SAME_DAY
ORD-002336,SKU-00810,1,DC-16,STANDARD,2026-08-16T02:23:00,2026-08-16T10:23:00,STAGED,STAGED,LATAM,SAME_DAY
ORD-002337,SKU-00539,1,DC-10,CRITICAL,2026-08-23T21:43:00,2026-08-24T03:43:00,PICKING,PICKING,,NEXT_DAY
ORD-002338,SKU-00986,1,DC-12,STANDARD,2026-08-03T07:08:00,2026-08-03T11:08:00,SHIPPED,SHIPPED,,NEXT_DAY
ORD-002339,SKU-00588,1,DC-13,STANDARD,2026-08-19T07:16:00,2026-08-19T11:16:00,RELEASED,RELEASED,MEA,STANDARD
ORD-002340,SKU-00581,1,DC-14,STANDARD,2026-08-16T18:20:00,2026-08-17T18:20:00,SHIPPED,HOLD,APAC,STANDARD
ORD-002341,SKU-00447,1,DC-14,EXPEDITE,2026-08-13T12:05:00,2026-08-13T16:05:00,SHIPPED,EXCEPTION,LATAM,SAME_DAY
ORD-002342,SKU-00392,1,DC-07,STANDARD,2026-08-14T12:12:00,2026-08-15T12:12:00,SHIPPED,HOLD,,SAME_DAY
ORD-002343,SKU-00032,1,DC-07,STANDARD,2026-08-02T10:29:00,2026-08-02T22:29:00,EXCEPTION,EXCEPTION,,STANDARD
ORD-002344,SKU-00976,1,DC-05,STANDARD,2026-08-31T19:14:00,2026-09-01T07:14:00,RELEASED,HOLD,APAC,NEXT_DAY
ORD-002345,SKU-00639,1,DC-05,STANDARD,2026-08-19T03:08:00,2026-08-19T11:08:00,EXCEPTION,EXCEPTION,,SAME_DAY
ORD-002346,SKU-00698,1,DC-10,CRITICAL,2026-08-22T13:06:00,2026-08-22T17:06:00,RELEASED,EXCEPTION,EU,STANDARD
ORD-002347,SKU-00469,1,DC-02,STANDARD,2026-08-20T17:19:00,2026-08-21T01:19:00,RELEASED,RELEASED,APAC,STANDARD
ORD-002348,SKU-00277,1,DC-08,STANDARD,2026-08-30T02:03:00,2026-08-30T14:03:00,RELEASED,RELEASED,APAC,SAME_DAY
ORD-002349,SKU-01174,1,DC-13,STANDARD,2026-08-24T03:58:00,2026-08-24T15:58:00,RELEASED,RELEASED,LATAM,NEXT_DAY
ORD-002350,SKU-00264,1,DC-07,EXPEDITE,2026-08-30T00:03:00,2026-08-31T00:03:00,ALLOCATED,HOLD,MEA,STANDARD
ORD-002351,SKU-00545,1,DC-03,EXPEDITE,2026-08-30T15:36:00,2026-08-30T21:36:00,ALLOCATED,ALLOCATED,LATAM,STANDARD
ORD-002352,SKU-01177,1,DC-09,EXPEDITE,2026-08-05T10:26:00,2026-08-05T16:26:00,PACKING,PACKING,EU,STANDARD
ORD-002353,SKU-01153,1,DC-04,STANDARD,2026-08-18T12:23:00,2026-08-18T18:23:00,RELEASED,RELEASED,LATAM,STANDARD
ORD-002354,SKU-00084,1,DC-09,STANDARD,2026-08-25T14:12:00,2026-08-26T02:12:00,ALLOCATED,EXCEPTION,APAC,NEXT_DAY
ORD-002355,SKU-00876,1,DC-01,STANDARD,2026-08-12T06:47:00,2026-08-12T10:47:00,ALLOCATED,ALLOCATED,APAC,SAME_DAY
ORD-002356,SKU-00002,1,DC-12,CRITICAL,2026-09-01T21:27:00,2026-09-02T09:27:00,SHIPPED,SHIPPED,,SAME_DAY
ORD-002357,SKU-00077,1,DC-11,STANDARD,2026-08-21T01:37:00,2026-08-21T05:37:00,PACKING,HOLD,EU,NEXT_DAY
ORD-002358,SKU-01133,1,DC-16,CRITICAL,2026-08-18T09:50:00,2026-08-18T13:50:00,STAGED,EXCEPTION,MEA,NEXT_DAY
ORD-002359,SKU-00968,1,DC-13,CRITICAL,2026-09-01T03:45:00,2026-09-01T11:45:00,PACKING,PACKING,EU,NEXT_DAY
ORD-002360,SKU-00248,1,DC-01,EXPEDITE,2026-08-21T20:45:00,2026-08-22T08:45:00,PICKING,HOLD,LATAM,SAME_DAY
ORD-002361,SKU-00171,1,DC-13,STANDARD,2026-08-10T02:41:00,2026-08-10T08:41:00,ALLOCATED,EXCEPTION,MEA,STANDARD
ORD-002362,SKU-00045,1,DC-01,EXPEDITE,2026-08-28T01:00:00,2026-08-28T05:00:00,PICKING,PICKING,,STANDARD
ORD-002363,SKU-00548,1,DC-15,STANDARD,2026-08-31T12:47:00,2026-09-01T00:47:00,STAGED,STAGED,MEA,STANDARD
ORD-002364,SKU-00681,1,DC-09,STANDARD,2026-08-16T00:33:00,2026-08-16T04:33:00,PICKING,PICKING,LATAM,NEXT_DAY
ORD-002365,SKU-00559,1,DC-04,STANDARD,2026-08-07T23:57:00,2026-08-08T05:57:00,PICKING,PICKING,MEA,SAME_DAY
ORD-002366,SKU-01189,1,DC-06,STANDARD,2026-08-04T12:35:00,2026-08-05T12:35:00,ALLOCATED,ALLOCATED,,SAME_DAY
ORD-002367,SKU-00023,1,DC-03,CRITICAL,2026-08-30T11:39:00,2026-08-30T17:39:00,PICKING,PICKING,APAC,NEXT_DAY
ORD-002368,SKU-01172,1,DC-01,CRITICAL,2026-08-04T16:48:00,2026-08-05T16:48:00,PACKING,PACKING,LATAM,STANDARD
ORD-002369,SKU-01134,1,DC-07,STANDARD,2026-08-29T09:07:00,2026-08-29T15:07:00,STAGED,STAGED,APAC,STANDARD
ORD-002370,SKU-00831,1,DC-08,EXPEDITE,2026-08-25T20:35:00,2026-08-26T02:35:00,STAGED,STAGED,APAC,SAME_DAY
ORD-002371,SKU-00650,1,DC-07,STANDARD,2026-08-05T18:49:00,2026-08-05T22:49:00,RELEASED,RELEASED,MEA,SAME_DAY
ORD-002372,SKU-00115,1,DC-01,STANDARD,2026-08-12T11:34:00,2026-08-12T19:34:00,ALLOCATED,ALLOCATED,EU,STANDARD
ORD-002373,SKU-00229,1,DC-05,STANDARD,2026-09-04T07:00:00,2026-09-04T19:00:00,ALLOCATED,ALLOCATED,MEA,NEXT_DAY
ORD-002374,SKU-00110,1,DC-12,CRITICAL,2026-08-14T19:22:00,2026-08-15T19:22:00,SHIPPED,EXCEPTION,EU,NEXT_DAY
ORD-002375,SKU-00195,1,DC-05,STANDARD,2026-08-24T03:47:00,2026-08-24T09:47:00,STAGED,STAGED,EU,NEXT_DAY
ORD-002376,SKU-00955,1,DC-08,EXPEDITE,2026-08-04T05:17:00,2026-08-04T09:17:00,PACKING,PACKING,MEA,STANDARD
ORD-002377,SKU-00607,1,DC-16,STANDARD,2026-08-12T10:10:00,2026-08-13T10:10:00,STAGED,EXCEPTION,APAC,NEXT_DAY
ORD-002378,SKU-00542,1,DC-18,EXPEDITE,2026-08-15T08:49:00,2026-08-15T20:49:00,EXCEPTION,EXCEPTION,,STANDARD
ORD-002379,SKU-00027,1,DC-16,EXPEDITE,2026-08-07T00:50:00,2026-08-07T08:50:00,ALLOCATED,HOLD,LATAM,STANDARD
ORD-002380,SKU-00803,1,DC-02,STANDARD,2026-09-03T02:52:00,2026-09-03T14:52:00,PACKING,EXCEPTION,APAC,NEXT_DAY
ORD-002381,SKU-00841,1,DC-15,EXPEDITE,2026-08-25T19:31:00,2026-08-25T23:31:00,PICKING,EXCEPTION,LATAM,SAME_DAY
ORD-002382,SKU-00546,1,DC-06,EXPEDITE,2026-08-20T10:18:00,2026-08-20T14:18:00,SHIPPED,SHIPPED,EU,NEXT_DAY
ORD-002383,SKU-00625,1,DC-16,CRITICAL,2026-08-28T10:16:00,2026-08-28T22:16:00,PICKING,EXCEPTION,MEA,STANDARD
ORD-002384,SKU-00306,1,DC-13,STANDARD,2026-09-02T07:39:00,2026-09-02T13:39:00,RELEASED,EXCEPTION,,STANDARD
ORD-002385,SKU-00166,1,DC-08,STANDARD,2026-08-13T13:50:00,2026-08-13T17:50:00,ALLOCATED,HOLD,LATAM,SAME_DAY
ORD-002386,SKU-00703,1,DC-13,STANDARD,2026-08-20T21:23:00,2026-08-21T09:23:00,SHIPPED,SHIPPED,LATAM,STANDARD
ORD-002387,SKU-00222,1,DC-16,STANDARD,2026-08-03T17:10:00,2026-08-03T21:10:00,SHIPPED,SHIPPED,MEA,NEXT_DAY
ORD-002388,SKU-00613,1,DC-05,STANDARD,2026-08-26T02:28:00,2026-08-27T02:28:00,ALLOCATED,ALLOCATED,EU,NEXT_DAY
ORD-002389,SKU-00387,1,DC-12,STANDARD,2026-08-03T09:37:00,2026-08-03T21:37:00,RELEASED,EXCEPTION,,NEXT_DAY
ORD-002390,SKU-00404,1,DC-11,STANDARD,2026-08-30T17:19:00,2026-08-30T21:19:00,ALLOCATED,HOLD,MEA,NEXT_DAY
ORD-002391,SKU-00898,1,DC-12,STANDARD,2026-08-15T23:13:00,2026-08-16T11:13:00,SHIPPED,EXCEPTION,EU,STANDARD
ORD-002392,SKU-00801,1,DC-09,CRITICAL,2026-08-01T16:43:00,2026-08-02T16:43:00,ALLOCATED,ALLOCATED,EU,STANDARD
ORD-002393,SKU-00595,1,DC-15,STANDARD,2026-08-16T07:55:00,2026-08-16T19:55:00,STAGED,EXCEPTION,,SAME_DAY
ORD-002394,SKU-00603,1,DC-06,STANDARD,2026-08-30T17:26:00,2026-08-30T23:26:00,PICKING,PICKING,LATAM,NEXT_DAY
ORD-002395,SKU-01091,1,DC-13,STANDARD,2026-09-04T12:52:00,2026-09-04T16:52:00,SHIPPED,SHIPPED,LATAM,SAME_DAY
ORD-002396,SKU-00438,1,DC-15,STANDARD,2026-08-31T13:03:00,2026-08-31T17:03:00,SHIPPED,HOLD,EU,SAME_DAY
ORD-002397,SKU-00467,1,DC-04,STANDARD,2026-08-17T17:01:00,2026-08-18T17:01:00,PICKING,PICKING,MEA,SAME_DAY
ORD-002398,SKU-00098,1,DC-07,EXPEDITE,2026-08-28T01:51:00,2026-08-29T01:51:00,STAGED,STAGED,EU,STANDARD
ORD-002399,SKU-00568,1,DC-14,EXPEDITE,2026-08-27T05:16:00,2026-08-27T09:16:00,PICKING,PICKING,APAC,NEXT_DAY
ORD-002400,SKU-00342,1,DC-17,STANDARD,2026-08-31T07:25:00,2026-08-31T13:25:00,SHIPPED,EXCEPTION,APAC,NEXT_DAY
ORD-002401,SKU-00220,1,DC-10,STANDARD,2026-08-24T17:09:00,2026-08-24T23:09:00,PACKING,EXCEPTION,EU,NEXT_DAY
ORD-002402,SKU-00987,1,DC-04,STANDARD,2026-08-05T02:28:00,2026-08-05T08:28:00,SHIPPED,EXCEPTION,,STANDARD
ORD-002403,SKU-00750,1,DC-15,STANDARD,2026-08-05T16:23:00,2026-08-06T00:23:00,SHIPPED,EXCEPTION,EU,NEXT_DAY
ORD-002404,SKU-00864,1,DC-05,STANDARD,2026-08-08T14:44:00,2026-08-08T22:44:00,PICKING,PICKING,APAC,SAME_DAY
ORD-002405,SKU-00214,1,DC-08,STANDARD,2026-08-07T23:43:00,2026-08-08T11:43:00,PICKING,EXCEPTION,,NEXT_DAY
ORD-002406,SKU-00344,1,DC-12,STANDARD,2026-09-01T08:51:00,2026-09-01T14:51:00,PACKING,PACKING,LATAM,STANDARD
ORD-002407,SKU-00229,1,DC-14,EXPEDITE,2026-08-28T20:25:00,2026-08-29T00:25:00,SHIPPED,EXCEPTION,APAC,NEXT_DAY
ORD-002408,SKU-00309,1,DC-05,EXPEDITE,2026-08-10T03:31:00,2026-08-10T15:31:00,SHIPPED,HOLD,APAC,SAME_DAY
ORD-002409,SKU-01045,1,DC-15,STANDARD,2026-08-09T15:20:00,2026-08-09T23:20:00,RELEASED,RELEASED,,SAME_DAY
ORD-002410,SKU-00935,1,DC-16,STANDARD,2026-08-01T19:01:00,2026-08-02T03:01:00,SHIPPED,EXCEPTION,MEA,SAME_DAY
ORD-002411,SKU-00523,1,DC-04,STANDARD,2026-08-02T17:56:00,2026-08-02T21:56:00,PICKING,PICKING,MEA,SAME_DAY
ORD-002412,SKU-00590,1,DC-02,STANDARD,2026-08-10T11:07:00,2026-08-10T19:07:00,SHIPPED,SHIPPED,LATAM,SAME_DAY
ORD-002413,SKU-00872,1,DC-03,EXPEDITE,2026-08-26T01:06:00,2026-08-26T13:06:00,RELEASED,RELEASED,MEA,NEXT_DAY
ORD-002414,SKU-00773,1,DC-16,STANDARD,2026-08-16T11:02:00,2026-08-16T17:02:00,EXCEPTION,EXCEPTION,MEA,SAME_DAY
ORD-002415,SKU-00506,1,DC-05,STANDARD,2026-08-15T01:37:00,2026-08-15T09:37:00,PICKING,EXCEPTION,EU,SAME_DAY
ORD-002416,SKU-00863,1,DC-02,STANDARD,2026-08-26T05:41:00,2026-08-26T17:41:00,STAGED,HOLD,APAC,STANDARD
ORD-002417,SKU-00544,1,DC-11,STANDARD,2026-08-11T19:36:00,2026-08-12T19:36:00,SHIPPED,SHIPPED,APAC,STANDARD
ORD-002418,SKU-00803,1,DC-12,STANDARD,2026-08-06T08:16:00,2026-08-06T16:16:00,PICKING,HOLD,,NEXT_DAY
ORD-002419,SKU-01003,1,DC-06,STANDARD,2026-08-01T12:09:00,2026-08-02T12:09:00,STAGED,EXCEPTION,MEA,SAME_DAY
ORD-002420,SKU-00752,1,DC-05,CRITICAL,2026-08-06T05:47:00,2026-08-06T13:47:00,EXCEPTION,EXCEPTION,,SAME_DAY
ORD-002421,SKU-00915,1,DC-05,EXPEDITE,2026-08-29T20:22:00,2026-08-30T04:22:00,SHIPPED,EXCEPTION,,SAME_DAY
ORD-002422,SKU-00334,1,DC-02,STANDARD,2026-08-12T02:31:00,2026-08-12T10:31:00,PICKING,EXCEPTION,LATAM,STANDARD
ORD-002423,SKU-00546,1,DC-17,STANDARD,2026-08-03T23:44:00,2026-08-04T07:44:00,EXCEPTION,EXCEPTION,EU,STANDARD
ORD-002424,SKU-00900,1,DC-09,STANDARD,2026-08-22T10:57:00,2026-08-22T14:57:00,SHIPPED,HOLD,MEA,NEXT_DAY
ORD-002425,SKU-00871,1,DC-08,STANDARD,2026-08-17T19:29:00,2026-08-18T07:29:00,RELEASED,EXCEPTION,APAC,SAME_DAY
ORD-002426,SKU-00593,1,DC-17,STANDARD,2026-08-10T00:48:00,2026-08-10T12:48:00,ALLOCATED,ALLOCATED,,NEXT_DAY
ORD-002427,SKU-01135,1,DC-10,STANDARD,2026-08-16T11:56:00,2026-08-16T19:56:00,PACKING,HOLD,,NEXT_DAY
ORD-002428,SKU-00990,1,DC-05,STANDARD,2026-09-03T10:09:00,2026-09-03T14:09:00,EXCEPTION,EXCEPTION,MEA,SAME_DAY
ORD-002429,SKU-00667,1,DC-05,EXPEDITE,2026-08-05T07:25:00,2026-08-05T11:25:00,RELEASED,HOLD,LATAM,SAME_DAY
ORD-002430,SKU-00321,1,DC-09,STANDARD,2026-08-20T09:20:00,2026-08-21T09:20:00,ALLOCATED,ALLOCATED,EU,SAME_DAY
ORD-002431,SKU-00329,1,DC-06,STANDARD,2026-08-03T10:50:00,2026-08-03T16:50:00,SHIPPED,EXCEPTION,EU,STANDARD
ORD-002432,SKU-00319,1,DC-18,STANDARD,2026-08-01T10:52:00,2026-08-01T18:52:00,STAGED,STAGED,EU,SAME_DAY
ORD-002433,SKU-00228,1,DC-10,EXPEDITE,2026-08-14T01:20:00,2026-08-14T05:20:00,EXCEPTION,EXCEPTION,LATAM,NEXT_DAY
ORD-002434,SKU-01124,1,DC-15,STANDARD,2026-08-21T12:02:00,2026-08-21T18:02:00,EXCEPTION,EXCEPTION,,NEXT_DAY
ORD-002435,SKU-00350,1,DC-13,EXPEDITE,2026-08-18T18:39:00,2026-08-19T00:39:00,SHIPPED,HOLD,LATAM,SAME_DAY
ORD-002436,SKU-01115,1,DC-06,STANDARD,2026-08-09T06:03:00,2026-08-09T18:03:00,PICKING,PICKING,APAC,SAME_DAY
ORD-002437,SKU-00940,1,DC-10,STANDARD,2026-08-24T05:17:00,2026-08-25T05:17:00,STAGED,HOLD,APAC,SAME_DAY
ORD-002438,SKU-00627,1,DC-07,STANDARD,2026-08-21T23:57:00,2026-08-22T23:57:00,PACKING,HOLD,,NEXT_DAY
ORD-002439,SKU-01008,1,DC-04,STANDARD,2026-08-25T03:52:00,2026-08-25T11:52:00,PACKING,PACKING,LATAM,SAME_DAY
ORD-002440,SKU-00526,1,DC-06,STANDARD,2026-08-20T07:05:00,2026-08-20T15:05:00,EXCEPTION,HOLD,EU,STANDARD
ORD-002441,SKU-00573,1,DC-01,STANDARD,2026-08-11T00:06:00,2026-08-11T06:06:00,PACKING,EXCEPTION,LATAM,NEXT_DAY
ORD-002442,SKU-00173,1,DC-06,CRITICAL,2026-09-01T23:52:00,2026-09-02T05:52:00,PACKING,EXCEPTION,,NEXT_DAY
ORD-002443,SKU-00902,1,DC-17,EXPEDITE,2026-08-24T14:21:00,2026-08-24T22:21:00,SHIPPED,SHIPPED,LATAM,STANDARD
ORD-002444,SKU-00071,1,DC-18,STANDARD,2026-08-15T19:41:00,2026-08-15T23:41:00,RELEASED,RELEASED,LATAM,SAME_DAY
ORD-002445,SKU-00235,1,DC-16,STANDARD,2026-08-21T14:11:00,2026-08-21T22:11:00,STAGED,STAGED,MEA,NEXT_DAY
ORD-002446,SKU-00316,1,DC-18,STANDARD,2026-08-18T14:36:00,2026-08-19T14:36:00,PICKING,PICKING,MEA,SAME_DAY
ORD-002447,SKU-00557,1,DC-12,CRITICAL,2026-08-06T08:55:00,2026-08-06T12:55:00,ALLOCATED,ALLOCATED,APAC,NEXT_DAY
ORD-002448,SKU-00827,1,DC-05,EXPEDITE,2026-09-04T15:20:00,2026-09-04T21:20:00,EXCEPTION,EXCEPTION,APAC,SAME_DAY
ORD-002449,SKU-00718,1,DC-02,STANDARD,2026-08-21T06:05:00,2026-08-21T12:05:00,ALLOCATED,ALLOCATED,APAC,STANDARD
ORD-002450,SKU-00715,1,DC-14,CRITICAL,2026-08-03T12:56:00,2026-08-03T16:56:00,STAGED,EXCEPTION,MEA,STANDARD
ORD-002451,SKU-00521,1,DC-06,STANDARD,2026-08-17T04:57:00,2026-08-17T12:57:00,RELEASED,HOLD,APAC,SAME_DAY
ORD-002452,SKU-00471,1,DC-17,CRITICAL,2026-09-04T11:48:00,2026-09-04T23:48:00,ALLOCATED,HOLD,MEA,STANDARD
ORD-002453,SKU-00724,1,DC-07,STANDARD,2026-08-06T03:12:00,2026-08-06T15:12:00,STAGED,STAGED,MEA,STANDARD
ORD-002454,SKU-00854,1,DC-11,EXPEDITE,2026-08-26T02:36:00,2026-08-27T02:36:00,PACKING,PACKING,MEA,STANDARD
ORD-002455,SKU-00409,1,DC-17,EXPEDITE,2026-08-11T10:33:00,2026-08-11T16:33:00,SHIPPED,HOLD,LATAM,STANDARD
ORD-002456,SKU-00363,1,DC-08,STANDARD,2026-08-07T16:43:00,2026-08-08T00:43:00,RELEASED,RELEASED,MEA,NEXT_DAY
ORD-002457,SKU-00210,1,DC-02,STANDARD,2026-08-27T18:12:00,2026-08-27T22:12:00,ALLOCATED,ALLOCATED,,STANDARD
ORD-002458,SKU-00302,1,DC-08,STANDARD,2026-08-11T05:41:00,2026-08-11T17:41:00,EXCEPTION,EXCEPTION,LATAM,SAME_DAY
ORD-002459,SKU-01171,1,DC-07,STANDARD,2026-08-20T00:01:00,2026-08-20T12:01:00,SHIPPED,SHIPPED,MEA,STANDARD
ORD-002460,SKU-00241,1,DC-03,STANDARD,2026-08-05T04:07:00,2026-08-05T16:07:00,EXCEPTION,HOLD,MEA,SAME_DAY
ORD-002461,SKU-00354,1,DC-14,EXPEDITE,2026-09-02T18:15:00,2026-09-03T18:15:00,EXCEPTION,EXCEPTION,,NEXT_DAY
ORD-002462,SKU-00644,1,DC-08,EXPEDITE,2026-08-03T17:06:00,2026-08-03T23:06:00,RELEASED,HOLD,EU,NEXT_DAY
ORD-002463,SKU-00207,1,DC-07,STANDARD,2026-08-29T23:48:00,2026-08-30T07:48:00,STAGED,STAGED,EU,NEXT_DAY
ORD-002464,SKU-00002,1,DC-13,STANDARD,2026-08-13T16:59:00,2026-08-14T04:59:00,PACKING,EXCEPTION,EU,STANDARD
ORD-002465,SKU-00950,1,DC-15,EXPEDITE,2026-08-14T13:24:00,2026-08-14T19:24:00,EXCEPTION,EXCEPTION,APAC,STANDARD
ORD-002466,SKU-00081,1,DC-18,STANDARD,2026-09-01T12:17:00,2026-09-01T20:17:00,EXCEPTION,EXCEPTION,MEA,SAME_DAY
ORD-002467,SKU-00239,1,DC-18,STANDARD,2026-08-09T06:04:00,2026-08-10T06:04:00,RELEASED,RELEASED,,SAME_DAY
ORD-002468,SKU-00428,1,DC-01,STANDARD,2026-09-04T15:00:00,2026-09-05T03:00:00,EXCEPTION,EXCEPTION,MEA,SAME_DAY
ORD-002469,SKU-00529,1,DC-12,CRITICAL,2026-08-23T12:47:00,2026-08-23T16:47:00,PACKING,PACKING,LATAM,NEXT_DAY
ORD-002470,SKU-00369,1,DC-06,STANDARD,2026-08-20T18:18:00,2026-08-21T18:18:00,RELEASED,EXCEPTION,MEA,NEXT_DAY
ORD-002471,SKU-00362,1,DC-17,STANDARD,2026-09-04T09:00:00,2026-09-04T13:00:00,PACKING,EXCEPTION,LATAM,NEXT_DAY
ORD-002472,SKU-00176,1,DC-14,STANDARD,2026-08-25T21:48:00,2026-08-26T01:48:00,PICKING,PICKING,EU,STANDARD
ORD-002473,SKU-00896,1,DC-05,STANDARD,2026-08-04T01:06:00,2026-08-04T05:06:00,PICKING,PICKING,,NEXT_DAY
ORD-002474,SKU-00376,1,DC-02,STANDARD,2026-08-12T20:46:00,2026-08-13T02:46:00,PACKING,PACKING,APAC,STANDARD
ORD-002475,SKU-00236,1,DC-08,STANDARD,2026-08-04T02:27:00,2026-08-05T02:27:00,EXCEPTION,EXCEPTION,LATAM,SAME_DAY
ORD-002476,SKU-00705,1,DC-14,STANDARD,2026-08-12T13:29:00,2026-08-12T19:29:00,ALLOCATED,ALLOCATED,MEA,NEXT_DAY
ORD-002477,SKU-00485,1,DC-01,STANDARD,2026-08-30T19:27:00,2026-08-31T03:27:00,STAGED,STAGED,MEA,STANDARD
ORD-002478,SKU-00432,1,DC-18,CRITICAL,2026-08-02T22:17:00,2026-08-03T06:17:00,RELEASED,RELEASED,APAC,SAME_DAY
ORD-002479,SKU-00387,1,DC-11,STANDARD,2026-08-28T00:13:00,2026-08-28T08:13:00,ALLOCATED,ALLOCATED,EU,STANDARD
ORD-002480,SKU-00053,1,DC-13,STANDARD,2026-08-06T17:51:00,2026-08-06T21:51:00,ALLOCATED,ALLOCATED,,SAME_DAY
ORD-002481,SKU-00299,1,DC-05,CRITICAL,2026-08-07T22:25:00,2026-08-08T10:25:00,RELEASED,HOLD,EU,STANDARD
ORD-002482,SKU-01141,1,DC-12,STANDARD,2026-09-04T22:07:00,2026-09-05T04:07:00,RELEASED,RELEASED,APAC,STANDARD
ORD-002483,SKU-00661,1,DC-18,EXPEDITE,2026-08-29T08:29:00,2026-08-29T16:29:00,PICKING,PICKING,,SAME_DAY
ORD-002484,SKU-00859,1,DC-14,STANDARD,2026-08-10T04:36:00,2026-08-11T04:36:00,RELEASED,HOLD,EU,SAME_DAY
ORD-002485,SKU-00356,1,DC-02,EXPEDITE,2026-08-25T19:10:00,2026-08-26T19:10:00,PICKING,HOLD,EU,NEXT_DAY
ORD-002486,SKU-00164,1,DC-10,STANDARD,2026-08-21T17:11:00,2026-08-21T21:11:00,PICKING,PICKING,LATAM,STANDARD
ORD-002487,SKU-00306,1,DC-07,EXPEDITE,2026-08-29T21:59:00,2026-08-30T03:59:00,STAGED,STAGED,,SAME_DAY
ORD-002488,SKU-00836,1,DC-07,EXPEDITE,2026-08-03T06:36:00,2026-08-03T14:36:00,RELEASED,RELEASED,APAC,SAME_DAY
ORD-002489,SKU-00363,1,DC-06,STANDARD,2026-08-02T23:40:00,2026-08-03T07:40:00,STAGED,EXCEPTION,EU,NEXT_DAY
ORD-002490,SKU-00839,1,DC-08,STANDARD,2026-08-04T22:07:00,2026-08-05T10:07:00,PACKING,PACKING,,NEXT_DAY
ORD-002491,SKU-00690,1,DC-13,STANDARD,2026-08-13T13:05:00,2026-08-13T19:05:00,RELEASED,EXCEPTION,MEA,STANDARD
ORD-002492,SKU-00928,1,DC-17,STANDARD,2026-08-21T07:47:00,2026-08-21T13:47:00,PACKING,PACKING,EU,SAME_DAY
ORD-002493,SKU-00942,1,DC-08,STANDARD,2026-08-23T23:00:00,2026-08-24T03:00:00,PACKING,EXCEPTION,APAC,NEXT_DAY
ORD-002494,SKU-00099,1,DC-03,EXPEDITE,2026-08-24T07:33:00,2026-08-24T15:33:00,ALLOCATED,ALLOCATED,,NEXT_DAY
ORD-002495,SKU-01095,1,DC-04,STANDARD,2026-08-15T04:17:00,2026-08-15T10:17:00,ALLOCATED,ALLOCATED,EU,SAME_DAY
ORD-002496,SKU-01142,1,DC-03,STANDARD,2026-08-30T21:18:00,2026-08-31T03:18:00,EXCEPTION,HOLD,LATAM,SAME_DAY
ORD-002497,SKU-01028,1,DC-08,STANDARD,2026-08-04T05:00:00,2026-08-04T09:00:00,EXCEPTION,EXCEPTION,EU,SAME_DAY
ORD-002498,SKU-00633,1,DC-18,EXPEDITE,2026-08-20T23:28:00,2026-08-21T07:28:00,PACKING,PACKING,APAC,SAME_DAY
ORD-002499,SKU-00389,1,DC-05,STANDARD,2026-08-15T01:55:00,2026-08-15T13:55:00,PICKING,PICKING,EU,STANDARD
ORD-002500,SKU-00680,1,DC-16,EXPEDITE,2026-08-19T13:02:00,2026-08-19T17:02:00,STAGED,EXCEPTION,APAC,NEXT_DAY
ORD-002501,SKU-00635,1,DC-17,STANDARD,2026-08-06T09:14:00,2026-08-06T13:14:00,STAGED,STAGED,APAC,SAME_DAY
ORD-002502,SKU-00147,1,DC-15,CRITICAL,2026-08-17T18:22:00,2026-08-18T02:22:00,STAGED,STAGED,LATAM,SAME_DAY
ORD-002503,SKU-00749,1,DC-08,STANDARD,2026-08-19T16:34:00,2026-08-20T00:34:00,EXCEPTION,EXCEPTION,LATAM,NEXT_DAY
ORD-002504,SKU-00473,1,DC-01,STANDARD,2026-08-30T04:49:00,2026-08-30T08:49:00,PICKING,PICKING,MEA,STANDARD
ORD-002505,SKU-00403,1,DC-01,STANDARD,2026-08-07T22:19:00,2026-08-08T22:19:00,PICKING,EXCEPTION,LATAM,STANDARD
ORD-002506,SKU-00113,1,DC-18,STANDARD,2026-08-09T18:57:00,2026-08-10T02:57:00,PICKING,PICKING,,NEXT_DAY
ORD-002507,SKU-01171,1,DC-12,STANDARD,2026-08-15T04:51:00,2026-08-15T16:51:00,ALLOCATED,HOLD,,SAME_DAY
ORD-002508,SKU-00490,1,DC-03,STANDARD,2026-08-25T15:18:00,2026-08-26T15:18:00,PICKING,PICKING,LATAM,STANDARD
ORD-002509,SKU-01172,1,DC-13,STANDARD,2026-08-09T21:37:00,2026-08-10T21:37:00,EXCEPTION,EXCEPTION,LATAM,STANDARD
ORD-002510,SKU-00317,1,DC-12,STANDARD,2026-08-02T20:04:00,2026-08-03T04:04:00,RELEASED,RELEASED,MEA,STANDARD
ORD-002511,SKU-00495,1,DC-14,STANDARD,2026-08-28T19:10:00,2026-08-29T19:10:00,EXCEPTION,EXCEPTION,APAC,STANDARD
ORD-002512,SKU-00910,1,DC-16,CRITICAL,2026-08-20T22:16:00,2026-08-21T22:16:00,EXCEPTION,EXCEPTION,,STANDARD
ORD-002513,SKU-00872,1,DC-15,STANDARD,2026-09-02T01:53:00,2026-09-02T09:53:00,PACKING,PACKING,LATAM,STANDARD
ORD-002514,SKU-00567,1,DC-05,STANDARD,2026-08-15T18:12:00,2026-08-16T02:12:00,SHIPPED,SHIPPED,LATAM,NEXT_DAY
ORD-002515,SKU-01170,1,DC-06,EXPEDITE,2026-08-10T10:48:00,2026-08-10T14:48:00,PICKING,HOLD,LATAM,SAME_DAY
ORD-002516,SKU-00476,1,DC-07,EXPEDITE,2026-08-02T12:47:00,2026-08-03T00:47:00,PACKING,PACKING,MEA,SAME_DAY
ORD-002517,SKU-00646,1,DC-08,STANDARD,2026-08-15T20:17:00,2026-08-16T00:17:00,RELEASED,EXCEPTION,EU,SAME_DAY
ORD-002518,SKU-00661,1,DC-14,EXPEDITE,2026-08-07T20:12:00,2026-08-08T04:12:00,STAGED,STAGED,MEA,SAME_DAY
ORD-002519,SKU-00797,1,DC-01,STANDARD,2026-08-02T02:57:00,2026-08-02T06:57:00,SHIPPED,SHIPPED,MEA,STANDARD
ORD-002520,SKU-00172,1,DC-17,STANDARD,2026-08-07T02:59:00,2026-08-07T08:59:00,STAGED,STAGED,MEA,SAME_DAY
ORD-002521,SKU-00690,1,DC-07,STANDARD,2026-08-21T04:24:00,2026-08-21T16:24:00,SHIPPED,SHIPPED,LATAM,NEXT_DAY
ORD-002522,SKU-00658,1,DC-03,EXPEDITE,2026-08-18T16:47:00,2026-08-19T16:47:00,ALLOCATED,ALLOCATED,EU,NEXT_DAY
ORD-002523,SKU-01010,1,DC-08,STANDARD,2026-08-06T22:38:00,2026-08-07T22:38:00,PACKING,PACKING,,NEXT_DAY
ORD-002524,SKU-00582,1,DC-14,EXPEDITE,2026-08-21T08:05:00,2026-08-21T12:05:00,STAGED,STAGED,LATAM,STANDARD
ORD-002525,SKU-00676,1,DC-16,STANDARD,2026-08-28T21:46:00,2026-08-29T21:46:00,PACKING,PACKING,LATAM,NEXT_DAY
ORD-002526,SKU-00632,1,DC-04,EXPEDITE,2026-08-24T15:55:00,2026-08-25T03:55:00,RELEASED,RELEASED,APAC,NEXT_DAY
ORD-002527,SKU-00580,1,DC-16,STANDARD,2026-08-13T12:29:00,2026-08-13T18:29:00,PACKING,PACKING,,STANDARD
ORD-002528,SKU-00324,1,DC-11,EXPEDITE,2026-08-20T12:56:00,2026-08-20T20:56:00,ALLOCATED,ALLOCATED,LATAM,NEXT_DAY
ORD-002529,SKU-00496,1,DC-14,STANDARD,2026-08-23T23:28:00,2026-08-24T03:28:00,EXCEPTION,EXCEPTION,MEA,NEXT_DAY
ORD-002530,SKU-00738,1,DC-17,STANDARD,2026-08-22T07:20:00,2026-08-22T11:20:00,EXCEPTION,EXCEPTION,APAC,STANDARD
ORD-002531,SKU-00986,1,DC-09,STANDARD,2026-08-04T04:24:00,2026-08-04T12:24:00,EXCEPTION,EXCEPTION,EU,STANDARD
ORD-002532,SKU-00501,1,DC-14,STANDARD,2026-08-23T04:08:00,2026-08-24T04:08:00,ALLOCATED,HOLD,APAC,STANDARD
ORD-002533,SKU-00388,1,DC-16,STANDARD,2026-08-23T17:48:00,2026-08-24T01:48:00,PICKING,PICKING,APAC,STANDARD
ORD-002534,SKU-01069,1,DC-05,STANDARD,2026-08-04T08:38:00,2026-08-04T20:38:00,EXCEPTION,EXCEPTION,APAC,SAME_DAY
ORD-002535,SKU-00860,1,DC-04,STANDARD,2026-08-22T05:27:00,2026-08-23T05:27:00,ALLOCATED,ALLOCATED,APAC,SAME_DAY
ORD-002536,SKU-00125,1,DC-17,STANDARD,2026-08-08T02:09:00,2026-08-09T02:09:00,PICKING,HOLD,,SAME_DAY
ORD-002537,SKU-01152,1,DC-13,STANDARD,2026-08-23T07:59:00,2026-08-23T11:59:00,EXCEPTION,EXCEPTION,,SAME_DAY
ORD-002538,SKU-00145,1,DC-10,STANDARD,2026-08-25T22:02:00,2026-08-26T10:02:00,EXCEPTION,EXCEPTION,MEA,NEXT_DAY
ORD-002539,SKU-00230,1,DC-14,STANDARD,2026-08-04T13:03:00,2026-08-05T13:03:00,STAGED,STAGED,MEA,NEXT_DAY
ORD-002540,SKU-00136,1,DC-07,EXPEDITE,2026-08-21T13:50:00,2026-08-21T21:50:00,EXCEPTION,HOLD,LATAM,STANDARD
ORD-002541,SKU-00314,1,DC-17,EXPEDITE,2026-08-07T10:25:00,2026-08-07T22:25:00,STAGED,EXCEPTION,,SAME_DAY
ORD-002542,SKU-00659,1,DC-10,STANDARD,2026-08-25T06:00:00,2026-08-26T06:00:00,ALLOCATED,ALLOCATED,LATAM,NEXT_DAY
ORD-002543,SKU-00158,1,DC-15,STANDARD,2026-08-29T21:49:00,2026-08-30T03:49:00,PACKING,PACKING,,STANDARD
ORD-002544,SKU-00986,1,DC-09,EXPEDITE,2026-08-23T01:12:00,2026-08-23T07:12:00,PACKING,PACKING,EU,NEXT_DAY
ORD-002545,SKU-00041,1,DC-06,STANDARD,2026-08-06T19:47:00,2026-08-07T03:47:00,PICKING,PICKING,APAC,NEXT_DAY
ORD-002546,SKU-00967,1,DC-15,CRITICAL,2026-08-29T22:35:00,2026-08-30T04:35:00,SHIPPED,SHIPPED,APAC,SAME_DAY
ORD-002547,SKU-00370,1,DC-06,STANDARD,2026-08-02T23:53:00,2026-08-03T07:53:00,ALLOCATED,ALLOCATED,LATAM,NEXT_DAY
ORD-002548,SKU-00593,1,DC-12,STANDARD,2026-09-04T11:43:00,2026-09-04T17:43:00,EXCEPTION,EXCEPTION,LATAM,NEXT_DAY
ORD-002549,SKU-00678,1,DC-09,STANDARD,2026-09-01T04:49:00,2026-09-01T12:49:00,EXCEPTION,EXCEPTION,LATAM,STANDARD
ORD-002550,SKU-00181,1,DC-14,STANDARD,2026-08-18T01:27:00,2026-08-18T05:27:00,PACKING,PACKING,LATAM,NEXT_DAY
ORD-002551,SKU-00355,1,DC-17,STANDARD,2026-08-18T11:34:00,2026-08-19T11:34:00,PACKING,PACKING,,STANDARD
ORD-002552,SKU-01113,1,DC-05,EXPEDITE,2026-08-10T05:56:00,2026-08-10T17:56:00,STAGED,STAGED,APAC,STANDARD
ORD-002553,SKU-01158,1,DC-06,STANDARD,2026-08-30T02:03:00,2026-08-30T08:03:00,ALLOCATED,ALLOCATED,LATAM,SAME_DAY
ORD-002554,SKU-00178,1,DC-09,EXPEDITE,2026-08-02T13:28:00,2026-08-03T13:28:00,RELEASED,RELEASED,MEA,NEXT_DAY
ORD-002555,SKU-00678,1,DC-16,STANDARD,2026-08-14T08:59:00,2026-08-15T08:59:00,PICKING,PICKING,MEA,STANDARD
ORD-002556,SKU-01108,1,DC-13,STANDARD,2026-08-23T10:53:00,2026-08-24T10:53:00,PACKING,PACKING,,STANDARD
ORD-002557,SKU-00897,1,DC-18,STANDARD,2026-08-30T12:45:00,2026-08-30T20:45:00,PACKING,EXCEPTION,LATAM,NEXT_DAY
ORD-002558,SKU-00855,1,DC-01,STANDARD,2026-09-03T03:36:00,2026-09-03T07:36:00,PICKING,HOLD,LATAM,NEXT_DAY
ORD-002559,SKU-00062,1,DC-05,STANDARD,2026-08-03T23:03:00,2026-08-04T05:03:00,STAGED,STAGED,APAC,NEXT_DAY
ORD-002560,SKU-00959,1,DC-04,EXPEDITE,2026-08-16T22:25:00,2026-08-17T10:25:00,STAGED,EXCEPTION,MEA,NEXT_DAY
ORD-002561,SKU-00413,1,DC-07,STANDARD,2026-08-07T06:05:00,2026-08-07T10:05:00,PACKING,PACKING,MEA,STANDARD
ORD-002562,SKU-00419,1,DC-15,STANDARD,2026-08-13T09:23:00,2026-08-13T15:23:00,STAGED,STAGED,EU,SAME_DAY
ORD-002563,SKU-01151,1,DC-11,STANDARD,2026-08-24T05:14:00,2026-08-24T13:14:00,PACKING,HOLD,EU,SAME_DAY
ORD-002564,SKU-00158,1,DC-03,STANDARD,2026-08-23T03:15:00,2026-08-23T07:15:00,EXCEPTION,HOLD,APAC,SAME_DAY
ORD-002565,SKU-00687,1,DC-04,EXPEDITE,2026-08-15T18:03:00,2026-08-15T22:03:00,EXCEPTION,EXCEPTION,,NEXT_DAY
ORD-002566,SKU-01028,1,DC-16,STANDARD,2026-08-10T21:51:00,2026-08-11T09:51:00,STAGED,STAGED,APAC,STANDARD
ORD-002567,SKU-00401,1,DC-15,EXPEDITE,2026-08-10T22:23:00,2026-08-11T06:23:00,PACKING,PACKING,APAC,SAME_DAY
ORD-002568,SKU-00892,1,DC-12,STANDARD,2026-09-02T12:57:00,2026-09-03T00:57:00,PACKING,PACKING,APAC,SAME_DAY
ORD-002569,SKU-00563,1,DC-10,STANDARD,2026-08-28T16:35:00,2026-08-29T16:35:00,PACKING,HOLD,EU,SAME_DAY
ORD-002570,SKU-01030,1,DC-15,STANDARD,2026-08-02T20:49:00,2026-08-03T00:49:00,STAGED,STAGED,EU,SAME_DAY
ORD-002571,SKU-00934,1,DC-17,STANDARD,2026-08-24T12:41:00,2026-08-24T20:41:00,ALLOCATED,HOLD,,NEXT_DAY
ORD-002572,SKU-00305,1,DC-11,STANDARD,2026-08-03T18:00:00,2026-08-04T00:00:00,STAGED,STAGED,MEA,SAME_DAY
ORD-002573,SKU-00649,1,DC-05,STANDARD,2026-08-31T19:52:00,2026-09-01T19:52:00,STAGED,HOLD,,NEXT_DAY
ORD-002574,SKU-00224,1,DC-12,CRITICAL,2026-08-16T03:08:00,2026-08-16T09:08:00,PICKING,HOLD,EU,STANDARD
ORD-002575,SKU-00595,1,DC-05,STANDARD,2026-08-25T12:46:00,2026-08-25T20:46:00,PACKING,HOLD,EU,NEXT_DAY
ORD-002576,SKU-00551,1,DC-05,STANDARD,2026-09-05T00:29:00,2026-09-05T12:29:00,STAGED,HOLD,APAC,STANDARD
ORD-002577,SKU-00022,1,DC-01,STANDARD,2026-08-13T01:17:00,2026-08-13T13:17:00,EXCEPTION,EXCEPTION,EU,NEXT_DAY
ORD-002578,SKU-00209,1,DC-01,EXPEDITE,2026-08-09T12:10:00,2026-08-09T18:10:00,EXCEPTION,EXCEPTION,APAC,SAME_DAY
ORD-002579,SKU-00171,1,DC-05,EXPEDITE,2026-08-18T17:06:00,2026-08-18T23:06:00,ALLOCATED,EXCEPTION,LATAM,NEXT_DAY
ORD-002580,SKU-01036,1,DC-10,STANDARD,2026-08-20T06:47:00,2026-08-20T12:47:00,SHIPPED,HOLD,APAC,STANDARD
ORD-002581,SKU-00332,1,DC-08,STANDARD,2026-08-20T18:13:00,2026-08-21T18:13:00,RELEASED,EXCEPTION,EU,STANDARD
ORD-002582,SKU-01193,1,DC-06,STANDARD,2026-08-13T09:23:00,2026-08-13T13:23:00,STAGED,STAGED,APAC,STANDARD
ORD-002583,SKU-00940,1,DC-13,STANDARD,2026-08-12T16:32:00,2026-08-13T00:32:00,RELEASED,RELEASED,EU,NEXT_DAY
ORD-002584,SKU-00155,1,DC-04,STANDARD,2026-08-21T20:00:00,2026-08-22T20:00:00,ALLOCATED,EXCEPTION,,STANDARD
ORD-002585,SKU-00189,1,DC-17,EXPEDITE,2026-08-30T08:25:00,2026-08-30T20:25:00,RELEASED,EXCEPTION,EU,SAME_DAY
ORD-002586,SKU-00728,1,DC-06,EXPEDITE,2026-08-23T01:32:00,2026-08-23T13:32:00,PICKING,PICKING,APAC,NEXT_DAY
ORD-002587,SKU-00422,1,DC-03,STANDARD,2026-08-24T02:43:00,2026-08-24T14:43:00,STAGED,HOLD,,NEXT_DAY
ORD-002588,SKU-01062,1,DC-13,EXPEDITE,2026-08-24T16:44:00,2026-08-25T00:44:00,SHIPPED,SHIPPED,MEA,SAME_DAY
ORD-002589,SKU-00455,1,DC-10,CRITICAL,2026-08-27T16:56:00,2026-08-27T20:56:00,EXCEPTION,EXCEPTION,LATAM,NEXT_DAY
ORD-002590,SKU-00180,1,DC-03,STANDARD,2026-08-11T23:50:00,2026-08-12T07:50:00,RELEASED,EXCEPTION,,STANDARD
ORD-002591,SKU-00119,1,DC-03,STANDARD,2026-08-05T14:55:00,2026-08-05T20:55:00,RELEASED,RELEASED,EU,NEXT_DAY
ORD-002592,SKU-00793,1,DC-16,STANDARD,2026-08-25T23:55:00,2026-08-26T07:55:00,EXCEPTION,EXCEPTION,MEA,NEXT_DAY
ORD-002593,SKU-00284,1,DC-04,STANDARD,2026-08-31T14:19:00,2026-09-01T02:19:00,ALLOCATED,EXCEPTION,LATAM,STANDARD
ORD-002594,SKU-00164,1,DC-03,STANDARD,2026-08-03T22:35:00,2026-08-04T02:35:00,EXCEPTION,EXCEPTION,MEA,STANDARD
ORD-002595,SKU-01005,1,DC-16,EXPEDITE,2026-08-01T10:30:00,2026-08-01T22:30:00,RELEASED,RELEASED,MEA,SAME_DAY
ORD-002596,SKU-00158,1,DC-12,STANDARD,2026-08-17T23:36:00,2026-08-18T23:36:00,STAGED,EXCEPTION,,STANDARD
ORD-002597,SKU-00721,1,DC-10,STANDARD,2026-08-03T11:08:00,2026-08-03T15:08:00,PICKING,PICKING,LATAM,NEXT_DAY
ORD-002598,SKU-00435,1,DC-02,STANDARD,2026-08-02T11:42:00,2026-08-02T19:42:00,PICKING,HOLD,,NEXT_DAY
ORD-002599,SKU-00724,1,DC-05,STANDARD,2026-08-19T22:10:00,2026-08-20T10:10:00,SHIPPED,HOLD,LATAM,SAME_DAY
ORD-002600,SKU-00350,1,DC-05,STANDARD,2026-08-22T18:41:00,2026-08-23T00:41:00,SHIPPED,HOLD,MEA,SAME_DAY
ORD-002601,SKU-00898,1,DC-12,STANDARD,2026-08-27T19:03:00,2026-08-28T03:03:00,ALLOCATED,ALLOCATED,LATAM,STANDARD
ORD-002602,SKU-00899,1,DC-11,STANDARD,2026-08-11T00:32:00,2026-08-12T00:32:00,PICKING,PICKING,,SAME_DAY
ORD-002603,SKU-00381,1,DC-13,STANDARD,2026-08-26T20:46:00,2026-08-27T20:46:00,RELEASED,HOLD,EU,NEXT_DAY
ORD-002604,SKU-00317,1,DC-11,STANDARD,2026-09-04T14:34:00,2026-09-05T02:34:00,RELEASED,EXCEPTION,MEA,NEXT_DAY
ORD-002605,SKU-00298,1,DC-13,STANDARD,2026-08-22T15:12:00,2026-08-22T23:12:00,SHIPPED,HOLD,MEA,NEXT_DAY
ORD-002606,SKU-00781,1,DC-03,STANDARD,2026-08-02T08:02:00,2026-08-02T12:02:00,SHIPPED,SHIPPED,MEA,NEXT_DAY
ORD-002607,SKU-00328,1,DC-17,STANDARD,2026-08-02T05:54:00,2026-08-02T11:54:00,STAGED,STAGED,MEA,STANDARD
ORD-002608,SKU-01134,1,DC-02,STANDARD,2026-08-29T23:23:00,2026-08-30T03:23:00,ALLOCATED,ALLOCATED,LATAM,STANDARD
ORD-002609,SKU-00928,1,DC-05,STANDARD,2026-08-19T23:21:00,2026-08-20T03:21:00,SHIPPED,EXCEPTION,MEA,SAME_DAY
ORD-002610,SKU-01193,1,DC-07,STANDARD,2026-08-19T01:32:00,2026-08-19T05:32:00,PICKING,PICKING,MEA,STANDARD
ORD-002611,SKU-01124,1,DC-13,STANDARD,2026-09-02T09:34:00,2026-09-02T21:34:00,STAGED,EXCEPTION,APAC,SAME_DAY
ORD-002612,SKU-00378,1,DC-01,STANDARD,2026-08-20T02:56:00,2026-08-20T06:56:00,RELEASED,HOLD,,NEXT_DAY
ORD-002613,SKU-00164,1,DC-01,EXPEDITE,2026-09-04T08:33:00,2026-09-05T08:33:00,SHIPPED,EXCEPTION,LATAM,STANDARD
ORD-002614,SKU-00811,1,DC-04,STANDARD,2026-08-11T16:56:00,2026-08-12T00:56:00,STAGED,HOLD,LATAM,SAME_DAY
ORD-002615,SKU-01131,1,DC-12,CRITICAL,2026-08-17T04:58:00,2026-08-17T10:58:00,EXCEPTION,EXCEPTION,,STANDARD
ORD-002616,SKU-01177,1,DC-03,STANDARD,2026-08-31T01:59:00,2026-09-01T01:59:00,RELEASED,HOLD,,STANDARD
ORD-002617,SKU-00527,1,DC-18,STANDARD,2026-08-17T19:45:00,2026-08-17T23:45:00,RELEASED,RELEASED,LATAM,STANDARD
ORD-002618,SKU-01029,1,DC-16,STANDARD,2026-08-26T16:01:00,2026-08-27T00:01:00,PICKING,PICKING,EU,STANDARD
ORD-002619,SKU-00608,1,DC-10,STANDARD,2026-08-08T19:10:00,2026-08-09T07:10:00,EXCEPTION,EXCEPTION,APAC,STANDARD
ORD-002620,SKU-01011,1,DC-14,EXPEDITE,2026-08-14T05:08:00,2026-08-14T17:08:00,STAGED,HOLD,MEA,NEXT_DAY
ORD-002621,SKU-01069,1,DC-07,STANDARD,2026-08-01T23:08:00,2026-08-02T07:08:00,STAGED,STAGED,MEA,SAME_DAY
ORD-002622,SKU-00288,1,DC-07,STANDARD,2026-08-05T16:28:00,2026-08-05T20:28:00,PICKING,PICKING,EU,NEXT_DAY
ORD-002623,SKU-01006,1,DC-12,CRITICAL,2026-08-12T21:57:00,2026-08-13T01:57:00,PICKING,EXCEPTION,EU,STANDARD
ORD-002624,SKU-00749,1,DC-12,STANDARD,2026-08-06T11:47:00,2026-08-06T23:47:00,RELEASED,RELEASED,LATAM,NEXT_DAY
ORD-002625,SKU-00624,1,DC-06,CRITICAL,2026-08-09T18:36:00,2026-08-10T06:36:00,PICKING,EXCEPTION,MEA,SAME_DAY
ORD-002626,SKU-00977,1,DC-01,STANDARD,2026-08-17T08:08:00,2026-08-17T16:08:00,PACKING,PACKING,MEA,SAME_DAY
ORD-002627,SKU-00770,1,DC-03,STANDARD,2026-08-24T04:29:00,2026-08-24T16:29:00,RELEASED,RELEASED,LATAM,SAME_DAY
ORD-002628,SKU-00322,1,DC-06,STANDARD,2026-08-05T00:42:00,2026-08-05T06:42:00,EXCEPTION,EXCEPTION,APAC,NEXT_DAY
ORD-002629,SKU-01032,1,DC-14,STANDARD,2026-08-03T08:36:00,2026-08-03T16:36:00,ALLOCATED,EXCEPTION,LATAM,SAME_DAY
ORD-002630,SKU-00027,1,DC-14,STANDARD,2026-08-31T21:23:00,2026-09-01T03:23:00,ALLOCATED,ALLOCATED,APAC,SAME_DAY
ORD-002631,SKU-00009,1,DC-13,STANDARD,2026-08-20T07:43:00,2026-08-21T07:43:00,EXCEPTION,HOLD,LATAM,STANDARD
ORD-002632,SKU-00230,1,DC-02,STANDARD,2026-08-20T16:13:00,2026-08-21T16:13:00,PACKING,PACKING,MEA,SAME_DAY
ORD-002633,SKU-00940,1,DC-18,STANDARD,2026-09-01T06:50:00,2026-09-01T14:50:00,PACKING,HOLD,,NEXT_DAY
ORD-002634,SKU-00232,1,DC-12,STANDARD,2026-08-16T09:22:00,2026-08-16T21:22:00,ALLOCATED,ALLOCATED,,SAME_DAY
ORD-002635,SKU-00114,1,DC-06,CRITICAL,2026-08-05T21:20:00,2026-08-06T09:20:00,PACKING,HOLD,MEA,NEXT_DAY
ORD-002636,SKU-00306,1,DC-07,STANDARD,2026-08-27T21:46:00,2026-08-28T21:46:00,PICKING,PICKING,,NEXT_DAY
ORD-002637,SKU-00482,1,DC-13,STANDARD,2026-08-24T21:27:00,2026-08-25T21:27:00,PICKING,PICKING,APAC,NEXT_DAY
ORD-002638,SKU-00462,1,DC-17,EXPEDITE,2026-08-25T06:21:00,2026-08-25T10:21:00,PACKING,PACKING,,SAME_DAY
ORD-002639,SKU-01101,1,DC-13,STANDARD,2026-08-27T10:17:00,2026-08-28T10:17:00,ALLOCATED,HOLD,,STANDARD
ORD-002640,SKU-01103,1,DC-09,STANDARD,2026-08-25T08:38:00,2026-08-25T20:38:00,ALLOCATED,HOLD,APAC,NEXT_DAY
ORD-002641,SKU-00724,1,DC-13,STANDARD,2026-08-31T11:15:00,2026-08-31T19:15:00,ALLOCATED,ALLOCATED,APAC,SAME_DAY
ORD-002642,SKU-00932,1,DC-07,STANDARD,2026-08-22T18:27:00,2026-08-23T18:27:00,SHIPPED,SHIPPED,MEA,SAME_DAY
ORD-002643,SKU-00457,1,DC-10,EXPEDITE,2026-08-24T07:51:00,2026-08-24T15:51:00,ALLOCATED,EXCEPTION,,NEXT_DAY
ORD-002644,SKU-01056,1,DC-11,STANDARD,2026-08-31T14:47:00,2026-08-31T22:47:00,EXCEPTION,EXCEPTION,EU,STANDARD
ORD-002645,SKU-00829,1,DC-03,STANDARD,2026-09-05T04:32:00,2026-09-05T10:32:00,RELEASED,RELEASED,EU,NEXT_DAY
ORD-002646,SKU-00511,1,DC-03,STANDARD,2026-08-08T18:04:00,2026-08-09T00:04:00,ALLOCATED,ALLOCATED,EU,NEXT_DAY
ORD-002647,SKU-00277,1,DC-06,STANDARD,2026-08-12T01:31:00,2026-08-12T07:31:00,EXCEPTION,EXCEPTION,MEA,NEXT_DAY
ORD-002648,SKU-00827,1,DC-07,STANDARD,2026-08-03T06:55:00,2026-08-03T18:55:00,PACKING,PACKING,MEA,STANDARD
ORD-002649,SKU-00149,1,DC-02,STANDARD,2026-08-04T22:29:00,2026-08-05T06:29:00,PACKING,PACKING,MEA,NEXT_DAY
ORD-002650,SKU-01170,1,DC-06,STANDARD,2026-08-16T10:54:00,2026-08-16T22:54:00,SHIPPED,HOLD,,STANDARD
ORD-002651,SKU-00366,1,DC-09,STANDARD,2026-08-30T13:04:00,2026-08-30T21:04:00,EXCEPTION,EXCEPTION,,SAME_DAY
ORD-002652,SKU-00184,1,DC-02,STANDARD,2026-08-20T20:11:00,2026-08-21T20:11:00,PACKING,PACKING,LATAM,STANDARD
ORD-002653,SKU-00973,1,DC-15,EXPEDITE,2026-08-10T10:29:00,2026-08-10T14:29:00,RELEASED,RELEASED,EU,SAME_DAY
ORD-002654,SKU-00341,1,DC-11,STANDARD,2026-08-29T20:38:00,2026-08-30T20:38:00,PICKING,PICKING,MEA,SAME_DAY
ORD-002655,SKU-00659,1,DC-11,STANDARD,2026-08-19T21:45:00,2026-08-20T01:45:00,EXCEPTION,EXCEPTION,,NEXT_DAY
ORD-002656,SKU-00417,1,DC-13,STANDARD,2026-08-23T01:02:00,2026-08-23T05:02:00,RELEASED,EXCEPTION,LATAM,SAME_DAY
ORD-002657,SKU-00918,1,DC-18,STANDARD,2026-08-12T21:03:00,2026-08-13T09:03:00,SHIPPED,SHIPPED,APAC,SAME_DAY
ORD-002658,SKU-00913,1,DC-02,STANDARD,2026-09-01T22:10:00,2026-09-02T02:10:00,PACKING,PACKING,APAC,NEXT_DAY
ORD-002659,SKU-00618,1,DC-15,STANDARD,2026-08-23T03:35:00,2026-08-24T03:35:00,SHIPPED,SHIPPED,EU,NEXT_DAY
ORD-002660,SKU-00921,1,DC-15,STANDARD,2026-08-23T15:07:00,2026-08-24T15:07:00,PICKING,HOLD,LATAM,SAME_DAY
ORD-002661,SKU-00365,1,DC-16,STANDARD,2026-09-04T07:28:00,2026-09-05T07:28:00,PICKING,PICKING,MEA,SAME_DAY
ORD-002662,SKU-01158,1,DC-14,STANDARD,2026-08-18T16:45:00,2026-08-19T00:45:00,ALLOCATED,ALLOCATED,LATAM,STANDARD
ORD-002663,SKU-00188,1,DC-02,STANDARD,2026-08-06T03:09:00,2026-08-07T03:09:00,STAGED,STAGED,EU,STANDARD
ORD-002664,SKU-00275,1,DC-03,STANDARD,2026-08-12T16:01:00,2026-08-13T00:01:00,STAGED,EXCEPTION,APAC,SAME_DAY
ORD-002665,SKU-00345,1,DC-04,STANDARD,2026-08-29T15:09:00,2026-08-29T21:09:00,RELEASED,EXCEPTION,,STANDARD
ORD-002666,SKU-00478,1,DC-09,CRITICAL,2026-08-21T12:41:00,2026-08-22T12:41:00,SHIPPED,SHIPPED,,NEXT_DAY
ORD-002667,SKU-00198,1,DC-05,CRITICAL,2026-08-21T23:48:00,2026-08-22T23:48:00,PICKING,HOLD,MEA,SAME_DAY
ORD-002668,SKU-01116,1,DC-10,STANDARD,2026-08-20T17:40:00,2026-08-21T01:40:00,SHIPPED,SHIPPED,APAC,STANDARD
ORD-002669,SKU-00712,1,DC-01,EXPEDITE,2026-08-16T06:21:00,2026-08-16T14:21:00,STAGED,HOLD,LATAM,NEXT_DAY
ORD-002670,SKU-00526,1,DC-13,CRITICAL,2026-08-03T20:52:00,2026-08-04T04:52:00,STAGED,STAGED,EU,SAME_DAY
ORD-002671,SKU-01069,1,DC-05,STANDARD,2026-09-03T22:55:00,2026-09-04T10:55:00,RELEASED,EXCEPTION,LATAM,STANDARD
ORD-002672,SKU-01145,1,DC-15,EXPEDITE,2026-08-04T20:37:00,2026-08-05T02:37:00,SHIPPED,SHIPPED,APAC,SAME_DAY
ORD-002673,SKU-00811,1,DC-07,STANDARD,2026-08-14T16:25:00,2026-08-15T00:25:00,ALLOCATED,ALLOCATED,LATAM,NEXT_DAY
ORD-002674,SKU-00023,1,DC-03,STANDARD,2026-08-02T12:28:00,2026-08-02T20:28:00,EXCEPTION,EXCEPTION,EU,SAME_DAY
ORD-002675,SKU-00299,1,DC-05,STANDARD,2026-08-06T22:59:00,2026-08-07T02:59:00,ALLOCATED,ALLOCATED,APAC,NEXT_DAY
ORD-002676,SKU-00632,1,DC-04,STANDARD,2026-08-28T13:05:00,2026-08-28T17:05:00,SHIPPED,SHIPPED,LATAM,NEXT_DAY
ORD-002677,SKU-00454,1,DC-03,EXPEDITE,2026-08-11T03:43:00,2026-08-11T11:43:00,EXCEPTION,HOLD,,NEXT_DAY
ORD-002678,SKU-00281,1,DC-01,STANDARD,2026-08-25T04:26:00,2026-08-25T16:26:00,PICKING,EXCEPTION,MEA,STANDARD
ORD-002679,SKU-00370,1,DC-12,STANDARD,2026-08-24T21:28:00,2026-08-25T21:28:00,PICKING,PICKING,,NEXT_DAY
ORD-002680,SKU-00861,1,DC-11,STANDARD,2026-08-02T22:47:00,2026-08-03T06:47:00,STAGED,STAGED,MEA,NEXT_DAY
ORD-002681,SKU-00364,1,DC-08,EXPEDITE,2026-08-10T00:08:00,2026-08-10T12:08:00,PACKING,PACKING,,NEXT_DAY
ORD-002682,SKU-01030,1,DC-13,STANDARD,2026-09-04T12:10:00,2026-09-04T16:10:00,STAGED,STAGED,,NEXT_DAY
ORD-002683,SKU-00705,1,DC-05,STANDARD,2026-08-07T13:23:00,2026-08-07T19:23:00,EXCEPTION,EXCEPTION,MEA,SAME_DAY
ORD-002684,SKU-00200,1,DC-02,STANDARD,2026-08-17T17:45:00,2026-08-17T21:45:00,RELEASED,RELEASED,,STANDARD
ORD-002685,SKU-00133,1,DC-10,STANDARD,2026-09-04T08:21:00,2026-09-05T08:21:00,PACKING,EXCEPTION,APAC,NEXT_DAY
ORD-002686,SKU-00922,1,DC-01,STANDARD,2026-08-17T00:31:00,2026-08-18T00:31:00,PICKING,PICKING,APAC,NEXT_DAY
ORD-002687,SKU-00840,1,DC-15,STANDARD,2026-08-11T18:48:00,2026-08-12T18:48:00,EXCEPTION,EXCEPTION,,STANDARD
ORD-002688,SKU-00888,1,DC-13,STANDARD,2026-08-05T22:35:00,2026-08-06T04:35:00,RELEASED,RELEASED,MEA,NEXT_DAY
ORD-002689,SKU-00522,1,DC-07,STANDARD,2026-08-02T01:02:00,2026-08-02T09:02:00,PACKING,PACKING,,SAME_DAY
ORD-002690,SKU-00195,1,DC-13,EXPEDITE,2026-09-04T20:45:00,2026-09-05T02:45:00,EXCEPTION,EXCEPTION,LATAM,SAME_DAY
ORD-002691,SKU-00034,1,DC-16,STANDARD,2026-08-24T16:00:00,2026-08-24T20:00:00,EXCEPTION,EXCEPTION,MEA,SAME_DAY
ORD-002692,SKU-01165,1,DC-14,STANDARD,2026-08-25T13:36:00,2026-08-25T17:36:00,ALLOCATED,HOLD,EU,SAME_DAY
ORD-002693,SKU-00008,1,DC-07,STANDARD,2026-08-01T22:50:00,2026-08-02T06:50:00,PACKING,PACKING,EU,NEXT_DAY
ORD-002694,SKU-00029,1,DC-03,CRITICAL,2026-08-25T14:21:00,2026-08-26T14:21:00,PACKING,PACKING,,NEXT_DAY
ORD-002695,SKU-00565,1,DC-13,STANDARD,2026-08-05T17:07:00,2026-08-06T05:07:00,STAGED,STAGED,LATAM,NEXT_DAY
ORD-002696,SKU-00469,1,DC-11,CRITICAL,2026-08-11T20:35:00,2026-08-12T08:35:00,PACKING,PACKING,MEA,STANDARD
ORD-002697,SKU-00125,1,DC-17,CRITICAL,2026-08-01T12:03:00,2026-08-01T16:03:00,PICKING,PICKING,MEA,STANDARD
ORD-002698,SKU-00015,1,DC-06,CRITICAL,2026-08-28T09:47:00,2026-08-28T15:47:00,PACKING,PACKING,APAC,SAME_DAY
ORD-002699,SKU-00978,1,DC-08,STANDARD,2026-08-06T01:04:00,2026-08-07T01:04:00,ALLOCATED,ALLOCATED,MEA,NEXT_DAY
ORD-002700,SKU-00435,1,DC-11,STANDARD,2026-08-02T17:46:00,2026-08-03T05:46:00,PICKING,HOLD,EU,SAME_DAY
ORD-002701,SKU-00980,1,DC-16,STANDARD,2026-08-25T20:09:00,2026-08-26T08:09:00,RELEASED,RELEASED,LATAM,SAME_DAY
ORD-002702,SKU-00599,1,DC-12,STANDARD,2026-09-02T12:14:00,2026-09-02T20:14:00,PACKING,EXCEPTION,,STANDARD
ORD-002703,SKU-00957,1,DC-05,CRITICAL,2026-08-30T18:56:00,2026-08-31T02:56:00,EXCEPTION,EXCEPTION,MEA,SAME_DAY
ORD-002704,SKU-00565,1,DC-07,STANDARD,2026-08-19T17:15:00,2026-08-19T23:15:00,PICKING,PICKING,LATAM,STANDARD
ORD-002705,SKU-00888,1,DC-05,STANDARD,2026-08-03T22:49:00,2026-08-04T10:49:00,PACKING,PACKING,EU,NEXT_DAY
ORD-002706,SKU-00771,1,DC-17,STANDARD,2026-08-30T17:21:00,2026-08-31T17:21:00,PICKING,EXCEPTION,EU,SAME_DAY
ORD-002707,SKU-00193,1,DC-11,STANDARD,2026-08-08T13:50:00,2026-08-08T19:50:00,SHIPPED,EXCEPTION,EU,NEXT_DAY
ORD-002708,SKU-00951,1,DC-08,STANDARD,2026-08-30T07:02:00,2026-08-31T07:02:00,PICKING,PICKING,APAC,SAME_DAY
ORD-002709,SKU-00334,1,DC-04,EXPEDITE,2026-08-06T08:09:00,2026-08-06T12:09:00,ALLOCATED,EXCEPTION,LATAM,SAME_DAY
ORD-002710,SKU-00287,1,DC-08,STANDARD,2026-08-03T19:08:00,2026-08-04T07:08:00,EXCEPTION,EXCEPTION,LATAM,STANDARD
ORD-002711,SKU-00665,1,DC-06,STANDARD,2026-08-21T22:09:00,2026-08-22T04:09:00,SHIPPED,SHIPPED,APAC,NEXT_DAY
ORD-002712,SKU-01112,1,DC-07,EXPEDITE,2026-08-04T17:02:00,2026-08-05T05:02:00,RELEASED,RELEASED,,STANDARD
ORD-002713,SKU-00481,1,DC-15,CRITICAL,2026-08-11T10:06:00,2026-08-11T18:06:00,EXCEPTION,EXCEPTION,APAC,SAME_DAY
ORD-002714,SKU-00721,1,DC-11,STANDARD,2026-08-05T08:42:00,2026-08-05T12:42:00,PACKING,PACKING,MEA,NEXT_DAY
ORD-002715,SKU-00219,1,DC-02,STANDARD,2026-08-21T15:06:00,2026-08-21T19:06:00,EXCEPTION,EXCEPTION,LATAM,SAME_DAY
ORD-002716,SKU-01102,1,DC-04,EXPEDITE,2026-08-28T12:06:00,2026-08-28T16:06:00,RELEASED,EXCEPTION,,NEXT_DAY
ORD-002717,SKU-00960,1,DC-07,STANDARD,2026-08-17T00:29:00,2026-08-17T12:29:00,EXCEPTION,EXCEPTION,EU,NEXT_DAY
ORD-002718,SKU-00404,1,DC-07,EXPEDITE,2026-08-17T00:23:00,2026-08-18T00:23:00,PACKING,EXCEPTION,MEA,STANDARD
ORD-002719,SKU-00650,1,DC-08,EXPEDITE,2026-08-11T06:04:00,2026-08-11T10:04:00,EXCEPTION,EXCEPTION,,STANDARD
ORD-002720,SKU-00788,1,DC-01,STANDARD,2026-08-25T05:54:00,2026-08-25T13:54:00,PICKING,HOLD,,STANDARD
ORD-002721,SKU-00792,1,DC-18,STANDARD,2026-08-12T07:53:00,2026-08-13T07:53:00,RELEASED,EXCEPTION,LATAM,SAME_DAY
ORD-002722,SKU-00793,1,DC-16,EXPEDITE,2026-08-28T16:25:00,2026-08-28T22:25:00,EXCEPTION,EXCEPTION,MEA,STANDARD
ORD-002723,SKU-00732,1,DC-14,STANDARD,2026-08-25T21:04:00,2026-08-26T01:04:00,STAGED,HOLD,APAC,SAME_DAY
ORD-002724,SKU-00196,1,DC-17,STANDARD,2026-08-25T12:13:00,2026-08-26T12:13:00,PICKING,PICKING,APAC,SAME_DAY
ORD-002725,SKU-00308,1,DC-01,STANDARD,2026-08-05T18:06:00,2026-08-06T02:06:00,ALLOCATED,ALLOCATED,EU,NEXT_DAY
ORD-002726,SKU-00931,1,DC-16,STANDARD,2026-08-29T18:09:00,2026-08-30T06:09:00,EXCEPTION,EXCEPTION,APAC,NEXT_DAY
ORD-002727,SKU-00309,1,DC-07,CRITICAL,2026-09-02T02:24:00,2026-09-02T08:24:00,PICKING,HOLD,APAC,SAME_DAY
ORD-002728,SKU-01157,1,DC-04,EXPEDITE,2026-08-11T21:32:00,2026-08-12T01:32:00,RELEASED,RELEASED,MEA,NEXT_DAY
ORD-002729,SKU-00901,1,DC-16,STANDARD,2026-08-31T00:26:00,2026-08-31T12:26:00,EXCEPTION,EXCEPTION,LATAM,NEXT_DAY
ORD-002730,SKU-00322,1,DC-13,STANDARD,2026-08-21T10:55:00,2026-08-21T14:55:00,EXCEPTION,EXCEPTION,APAC,NEXT_DAY
ORD-002731,SKU-00013,1,DC-03,STANDARD,2026-08-29T22:34:00,2026-08-30T02:34:00,STAGED,STAGED,LATAM,SAME_DAY
ORD-002732,SKU-01086,1,DC-16,STANDARD,2026-09-05T01:26:00,2026-09-05T05:26:00,PACKING,HOLD,MEA,NEXT_DAY
ORD-002733,SKU-00209,1,DC-13,EXPEDITE,2026-08-26T03:42:00,2026-08-26T15:42:00,ALLOCATED,ALLOCATED,,NEXT_DAY
ORD-002734,SKU-01048,1,DC-04,EXPEDITE,2026-08-12T00:04:00,2026-08-12T04:04:00,SHIPPED,HOLD,,STANDARD
ORD-002735,SKU-00002,1,DC-07,STANDARD,2026-08-29T13:15:00,2026-08-29T21:15:00,PACKING,PACKING,EU,SAME_DAY
ORD-002736,SKU-00112,1,DC-15,STANDARD,2026-09-02T23:31:00,2026-09-03T03:31:00,RELEASED,EXCEPTION,,STANDARD
ORD-002737,SKU-00006,1,DC-02,STANDARD,2026-09-01T03:04:00,2026-09-01T07:04:00,PICKING,PICKING,APAC,SAME_DAY
ORD-002738,SKU-00240,1,DC-16,EXPEDITE,2026-08-30T05:50:00,2026-08-31T05:50:00,RELEASED,RELEASED,EU,STANDARD
ORD-002739,SKU-00354,1,DC-13,STANDARD,2026-08-24T08:58:00,2026-08-24T16:58:00,PICKING,PICKING,LATAM,SAME_DAY
ORD-002740,SKU-00679,1,DC-03,CRITICAL,2026-08-31T21:12:00,2026-09-01T09:12:00,STAGED,HOLD,MEA,NEXT_DAY
ORD-002741,SKU-00340,1,DC-09,STANDARD,2026-08-24T19:27:00,2026-08-25T03:27:00,STAGED,STAGED,,NEXT_DAY
ORD-002742,SKU-00195,1,DC-04,STANDARD,2026-09-05T00:13:00,2026-09-05T06:13:00,EXCEPTION,HOLD,LATAM,SAME_DAY
ORD-002743,SKU-01094,1,DC-07,STANDARD,2026-08-18T13:20:00,2026-08-18T19:20:00,PACKING,PACKING,APAC,SAME_DAY
ORD-002744,SKU-00884,1,DC-06,STANDARD,2026-08-25T09:42:00,2026-08-25T15:42:00,STAGED,EXCEPTION,APAC,SAME_DAY
ORD-002745,SKU-00462,1,DC-17,CRITICAL,2026-08-30T14:09:00,2026-08-30T22:09:00,EXCEPTION,EXCEPTION,LATAM,SAME_DAY
ORD-002746,SKU-01060,1,DC-18,CRITICAL,2026-08-24T01:36:00,2026-08-25T01:36:00,PACKING,PACKING,EU,SAME_DAY
ORD-002747,SKU-00191,1,DC-11,EXPEDITE,2026-08-24T07:36:00,2026-08-24T13:36:00,PACKING,EXCEPTION,MEA,STANDARD
ORD-002748,SKU-00575,1,DC-18,EXPEDITE,2026-09-02T21:10:00,2026-09-03T21:10:00,ALLOCATED,ALLOCATED,EU,SAME_DAY
ORD-002749,SKU-01116,1,DC-15,STANDARD,2026-08-06T06:23:00,2026-08-06T18:23:00,SHIPPED,SHIPPED,LATAM,SAME_DAY
ORD-002750,SKU-00446,1,DC-06,STANDARD,2026-08-23T05:23:00,2026-08-24T05:23:00,PACKING,HOLD,,SAME_DAY
ORD-002751,SKU-00656,1,DC-03,STANDARD,2026-09-03T08:37:00,2026-09-03T16:37:00,PICKING,PICKING,EU,SAME_DAY
ORD-002752,SKU-01020,1,DC-17,STANDARD,2026-08-30T21:48:00,2026-08-31T21:48:00,RELEASED,RELEASED,,STANDARD
ORD-002753,SKU-00903,1,DC-04,STANDARD,2026-09-04T12:47:00,2026-09-05T00:47:00,SHIPPED,SHIPPED,LATAM,NEXT_DAY
ORD-002754,SKU-00104,1,DC-17,EXPEDITE,2026-09-02T03:58:00,2026-09-02T09:58:00,STAGED,EXCEPTION,,STANDARD
ORD-002755,SKU-00141,1,DC-08,STANDARD,2026-08-25T10:47:00,2026-08-25T18:47:00,ALLOCATED,ALLOCATED,MEA,SAME_DAY
ORD-002756,SKU-00558,1,DC-05,STANDARD,2026-08-06T18:14:00,2026-08-07T02:14:00,PICKING,PICKING,APAC,NEXT_DAY
ORD-002757,SKU-00732,1,DC-11,STANDARD,2026-08-19T14:12:00,2026-08-19T20:12:00,PACKING,HOLD,,SAME_DAY
ORD-002758,SKU-00792,1,DC-07,STANDARD,2026-08-17T13:08:00,2026-08-17T19:08:00,EXCEPTION,EXCEPTION,EU,SAME_DAY
ORD-002759,SKU-00119,1,DC-16,STANDARD,2026-08-26T12:00:00,2026-08-27T12:00:00,SHIPPED,SHIPPED,LATAM,SAME_DAY
ORD-002760,SKU-00067,1,DC-04,EXPEDITE,2026-08-01T08:46:00,2026-08-01T14:46:00,SHIPPED,SHIPPED,APAC,STANDARD
ORD-002761,SKU-00538,1,DC-07,EXPEDITE,2026-09-01T01:12:00,2026-09-01T13:12:00,PICKING,PICKING,APAC,STANDARD
ORD-002762,SKU-01049,1,DC-09,EXPEDITE,2026-08-26T21:55:00,2026-08-27T21:55:00,RELEASED,EXCEPTION,,NEXT_DAY
ORD-002763,SKU-00200,1,DC-15,STANDARD,2026-08-11T14:15:00,2026-08-12T14:15:00,PICKING,HOLD,LATAM,SAME_DAY
ORD-002764,SKU-00967,1,DC-17,STANDARD,2026-08-05T20:03:00,2026-08-06T04:03:00,STAGED,STAGED,MEA,SAME_DAY
ORD-002765,SKU-00328,1,DC-08,EXPEDITE,2026-08-13T02:53:00,2026-08-13T08:53:00,PACKING,HOLD,APAC,SAME_DAY
ORD-002766,SKU-00643,1,DC-03,STANDARD,2026-08-06T09:19:00,2026-08-06T17:19:00,ALLOCATED,ALLOCATED,MEA,SAME_DAY
ORD-002767,SKU-00401,1,DC-08,STANDARD,2026-09-04T12:46:00,2026-09-05T00:46:00,ALLOCATED,ALLOCATED,LATAM,SAME_DAY
ORD-002768,SKU-00885,1,DC-08,EXPEDITE,2026-08-13T08:43:00,2026-08-14T08:43:00,PACKING,PACKING,APAC,NEXT_DAY
ORD-002769,SKU-00909,1,DC-02,STANDARD,2026-09-04T09:00:00,2026-09-04T13:00:00,EXCEPTION,EXCEPTION,LATAM,NEXT_DAY
ORD-002770,SKU-01167,1,DC-15,STANDARD,2026-08-29T13:38:00,2026-08-29T17:38:00,ALLOCATED,HOLD,LATAM,STANDARD
ORD-002771,SKU-00607,1,DC-05,EXPEDITE,2026-08-12T11:04:00,2026-08-13T11:04:00,SHIPPED,HOLD,LATAM,NEXT_DAY
ORD-002772,SKU-00116,1,DC-03,STANDARD,2026-09-01T21:29:00,2026-09-02T09:29:00,RELEASED,RELEASED,APAC,NEXT_DAY
ORD-002773,SKU-00893,1,DC-10,STANDARD,2026-09-05T02:25:00,2026-09-05T14:25:00,ALLOCATED,ALLOCATED,APAC,STANDARD
ORD-002774,SKU-00562,1,DC-12,STANDARD,2026-08-08T13:44:00,2026-08-08T21:44:00,EXCEPTION,HOLD,APAC,STANDARD
ORD-002775,SKU-00827,1,DC-05,STANDARD,2026-08-15T15:24:00,2026-08-15T21:24:00,RELEASED,RELEASED,EU,NEXT_DAY
ORD-002776,SKU-00193,1,DC-05,EXPEDITE,2026-09-04T11:59:00,2026-09-05T11:59:00,PACKING,PACKING,MEA,NEXT_DAY
ORD-002777,SKU-00585,1,DC-08,STANDARD,2026-09-04T14:40:00,2026-09-04T20:40:00,RELEASED,RELEASED,APAC,SAME_DAY
ORD-002778,SKU-00798,1,DC-14,STANDARD,2026-08-28T21:13:00,2026-08-29T21:13:00,RELEASED,RELEASED,LATAM,NEXT_DAY
ORD-002779,SKU-00639,1,DC-05,STANDARD,2026-08-10T05:11:00,2026-08-10T11:11:00,ALLOCATED,HOLD,APAC,NEXT_DAY
ORD-002780,SKU-00672,1,DC-18,STANDARD,2026-08-24T00:20:00,2026-08-24T08:20:00,EXCEPTION,EXCEPTION,APAC,STANDARD
ORD-002781,SKU-00978,1,DC-13,STANDARD,2026-08-31T23:30:00,2026-09-01T11:30:00,PICKING,PICKING,MEA,SAME_DAY
ORD-002782,SKU-00450,1,DC-01,STANDARD,2026-08-07T23:45:00,2026-08-08T23:45:00,STAGED,STAGED,LATAM,SAME_DAY
ORD-002783,SKU-00787,1,DC-08,EXPEDITE,2026-08-30T01:47:00,2026-08-31T01:47:00,STAGED,HOLD,LATAM,STANDARD
ORD-002784,SKU-01097,1,DC-10,STANDARD,2026-08-04T12:01:00,2026-08-04T20:01:00,PACKING,PACKING,LATAM,NEXT_DAY
ORD-002785,SKU-00360,1,DC-03,STANDARD,2026-09-01T16:52:00,2026-09-01T20:52:00,SHIPPED,EXCEPTION,EU,STANDARD
ORD-002786,SKU-01073,1,DC-12,STANDARD,2026-08-04T20:57:00,2026-08-05T02:57:00,EXCEPTION,EXCEPTION,APAC,STANDARD
ORD-002787,SKU-00862,1,DC-05,STANDARD,2026-08-28T00:43:00,2026-08-28T08:43:00,EXCEPTION,EXCEPTION,MEA,STANDARD
ORD-002788,SKU-01142,1,DC-11,STANDARD,2026-08-28T07:42:00,2026-08-28T19:42:00,STAGED,HOLD,APAC,NEXT_DAY
ORD-002789,SKU-00299,1,DC-16,STANDARD,2026-08-31T07:29:00,2026-09-01T07:29:00,RELEASED,RELEASED,MEA,SAME_DAY
ORD-002790,SKU-00754,1,DC-02,CRITICAL,2026-09-02T00:10:00,2026-09-03T00:10:00,PICKING,EXCEPTION,MEA,NEXT_DAY
ORD-002791,SKU-01081,1,DC-05,STANDARD,2026-08-03T13:12:00,2026-08-04T01:12:00,PICKING,PICKING,LATAM,SAME_DAY
ORD-002792,SKU-00112,1,DC-08,CRITICAL,2026-08-18T14:03:00,2026-08-18T22:03:00,SHIPPED,EXCEPTION,MEA,STANDARD
ORD-002793,SKU-01025,1,DC-07,EXPEDITE,2026-08-19T14:44:00,2026-08-19T18:44:00,PACKING,PACKING,APAC,STANDARD
ORD-002794,SKU-00774,1,DC-01,STANDARD,2026-08-12T09:35:00,2026-08-12T17:35:00,RELEASED,RELEASED,LATAM,NEXT_DAY
ORD-002795,SKU-00172,1,DC-12,EXPEDITE,2026-08-16T15:28:00,2026-08-16T23:28:00,RELEASED,RELEASED,EU,SAME_DAY
ORD-002796,SKU-00988,1,DC-11,STANDARD,2026-08-03T13:40:00,2026-08-03T19:40:00,PICKING,HOLD,MEA,NEXT_DAY
ORD-002797,SKU-01175,1,DC-10,EXPEDITE,2026-08-30T05:29:00,2026-08-30T17:29:00,STAGED,HOLD,MEA,NEXT_DAY
ORD-002798,SKU-00623,1,DC-03,CRITICAL,2026-08-02T17:59:00,2026-08-02T21:59:00,EXCEPTION,EXCEPTION,APAC,NEXT_DAY
ORD-002799,SKU-00021,1,DC-03,STANDARD,2026-09-02T18:31:00,2026-09-03T06:31:00,STAGED,EXCEPTION,,STANDARD
ORD-002800,SKU-00554,1,DC-12,STANDARD,2026-08-03T13:27:00,2026-08-03T19:27:00,PACKING,PACKING,LATAM,SAME_DAY
ORD-002801,SKU-00237,1,DC-07,STANDARD,2026-09-02T22:39:00,2026-09-03T10:39:00,SHIPPED,EXCEPTION,LATAM,SAME_DAY
ORD-002802,SKU-00829,1,DC-06,STANDARD,2026-09-02T05:34:00,2026-09-03T05:34:00,STAGED,HOLD,EU,SAME_DAY
ORD-002803,SKU-00792,1,DC-17,STANDARD,2026-08-12T00:54:00,2026-08-12T06:54:00,STAGED,STAGED,MEA,STANDARD
ORD-002804,SKU-00004,1,DC-14,STANDARD,2026-08-20T20:14:00,2026-08-21T00:14:00,STAGED,HOLD,APAC,STANDARD
ORD-002805,SKU-00520,1,DC-08,STANDARD,2026-08-09T18:30:00,2026-08-09T22:30:00,RELEASED,RELEASED,LATAM,NEXT_DAY
ORD-002806,SKU-00036,1,DC-05,STANDARD,2026-08-13T16:36:00,2026-08-13T22:36:00,PACKING,PACKING,MEA,STANDARD
ORD-002807,SKU-00580,1,DC-04,EXPEDITE,2026-09-03T08:25:00,2026-09-04T08:25:00,PACKING,EXCEPTION,APAC,STANDARD
ORD-002808,SKU-00279,1,DC-12,EXPEDITE,2026-08-10T14:35:00,2026-08-11T02:35:00,PICKING,PICKING,LATAM,NEXT_DAY
ORD-002809,SKU-00626,1,DC-08,EXPEDITE,2026-08-10T12:45:00,2026-08-10T20:45:00,RELEASED,RELEASED,APAC,NEXT_DAY
ORD-002810,SKU-01099,1,DC-04,CRITICAL,2026-08-08T03:52:00,2026-08-08T15:52:00,STAGED,EXCEPTION,,STANDARD
ORD-002811,SKU-00013,1,DC-03,STANDARD,2026-08-20T19:53:00,2026-08-20T23:53:00,PACKING,EXCEPTION,LATAM,STANDARD
ORD-002812,SKU-00413,1,DC-13,EXPEDITE,2026-08-21T22:14:00,2026-08-22T04:14:00,SHIPPED,SHIPPED,APAC,NEXT_DAY
ORD-002813,SKU-01156,1,DC-08,STANDARD,2026-08-12T00:23:00,2026-08-12T12:23:00,SHIPPED,HOLD,,NEXT_DAY
ORD-002814,SKU-00467,1,DC-08,STANDARD,2026-08-02T11:43:00,2026-08-02T15:43:00,STAGED,STAGED,EU,STANDARD
ORD-002815,SKU-00418,1,DC-10,STANDARD,2026-08-24T14:16:00,2026-08-25T14:16:00,STAGED,STAGED,APAC,NEXT_DAY
ORD-002816,SKU-00556,1,DC-07,CRITICAL,2026-08-08T06:29:00,2026-08-08T14:29:00,PICKING,HOLD,MEA,SAME_DAY
ORD-002817,SKU-00051,1,DC-15,EXPEDITE,2026-08-17T20:08:00,2026-08-18T08:08:00,STAGED,STAGED,LATAM,NEXT_DAY
ORD-002818,SKU-00393,1,DC-04,STANDARD,2026-08-21T22:34:00,2026-08-22T04:34:00,PICKING,PICKING,APAC,STANDARD
ORD-002819,SKU-00895,1,DC-16,STANDARD,2026-08-01T19:22:00,2026-08-02T07:22:00,PACKING,PACKING,MEA,NEXT_DAY
ORD-002820,SKU-01159,1,DC-01,STANDARD,2026-08-29T23:40:00,2026-08-30T11:40:00,PACKING,PACKING,EU,NEXT_DAY
ORD-002821,SKU-00762,1,DC-14,STANDARD,2026-09-01T08:22:00,2026-09-01T20:22:00,EXCEPTION,EXCEPTION,LATAM,NEXT_DAY
ORD-002822,SKU-00604,1,DC-09,STANDARD,2026-08-06T21:06:00,2026-08-07T05:06:00,ALLOCATED,ALLOCATED,APAC,NEXT_DAY
ORD-002823,SKU-01111,1,DC-17,STANDARD,2026-08-27T22:47:00,2026-08-28T06:47:00,PICKING,HOLD,MEA,SAME_DAY
ORD-002824,SKU-00388,1,DC-10,STANDARD,2026-08-06T13:28:00,2026-08-07T01:28:00,STAGED,STAGED,EU,STANDARD
ORD-002825,SKU-00442,1,DC-01,STANDARD,2026-08-05T18:18:00,2026-08-06T18:18:00,PACKING,PACKING,EU,SAME_DAY
ORD-002826,SKU-00457,1,DC-10,STANDARD,2026-08-04T18:47:00,2026-08-04T22:47:00,PACKING,HOLD,EU,STANDARD
ORD-002827,SKU-00983,1,DC-05,STANDARD,2026-08-28T01:16:00,2026-08-28T07:16:00,STAGED,STAGED,MEA,NEXT_DAY
ORD-002828,SKU-01171,1,DC-08,STANDARD,2026-08-19T18:56:00,2026-08-19T22:56:00,PACKING,PACKING,MEA,SAME_DAY
ORD-002829,SKU-00198,1,DC-16,STANDARD,2026-08-31T10:23:00,2026-08-31T18:23:00,SHIPPED,SHIPPED,MEA,NEXT_DAY
ORD-002830,SKU-00267,1,DC-11,EXPEDITE,2026-08-17T23:19:00,2026-08-18T05:19:00,RELEASED,HOLD,MEA,NEXT_DAY
ORD-002831,SKU-00730,1,DC-11,EXPEDITE,2026-09-04T05:53:00,2026-09-05T05:53:00,STAGED,EXCEPTION,MEA,SAME_DAY
ORD-002832,SKU-00674,1,DC-17,STANDARD,2026-08-28T11:49:00,2026-08-28T17:49:00,STAGED,STAGED,APAC,NEXT_DAY
ORD-002833,SKU-00725,1,DC-13,EXPEDITE,2026-08-19T12:30:00,2026-08-19T18:30:00,PICKING,PICKING,MEA,SAME_DAY
ORD-002834,SKU-00282,1,DC-14,STANDARD,2026-08-14T10:44:00,2026-08-14T22:44:00,ALLOCATED,ALLOCATED,APAC,NEXT_DAY
ORD-002835,SKU-00915,1,DC-07,STANDARD,2026-09-01T13:48:00,2026-09-02T13:48:00,PACKING,PACKING,EU,NEXT_DAY
ORD-002836,SKU-00895,1,DC-07,EXPEDITE,2026-08-09T20:22:00,2026-08-10T00:22:00,EXCEPTION,HOLD,APAC,NEXT_DAY
ORD-002837,SKU-00957,1,DC-06,STANDARD,2026-08-16T11:56:00,2026-08-16T17:56:00,PACKING,EXCEPTION,APAC,SAME_DAY
ORD-002838,SKU-00203,1,DC-05,CRITICAL,2026-08-24T08:38:00,2026-08-24T20:38:00,SHIPPED,SHIPPED,APAC,SAME_DAY
ORD-002839,SKU-00841,1,DC-15,STANDARD,2026-08-18T10:15:00,2026-08-18T22:15:00,PACKING,EXCEPTION,LATAM,NEXT_DAY
ORD-002840,SKU-00364,1,DC-16,STANDARD,2026-09-03T16:09:00,2026-09-04T00:09:00,ALLOCATED,ALLOCATED,MEA,SAME_DAY
ORD-002841,SKU-01127,1,DC-02,STANDARD,2026-08-15T20:49:00,2026-08-16T00:49:00,EXCEPTION,EXCEPTION,EU,NEXT_DAY
ORD-002842,SKU-01124,1,DC-15,STANDARD,2026-08-28T17:33:00,2026-08-28T23:33:00,PACKING,HOLD,EU,STANDARD
ORD-002843,SKU-00858,1,DC-01,STANDARD,2026-08-20T19:35:00,2026-08-20T23:35:00,PACKING,PACKING,,SAME_DAY
ORD-002844,SKU-00520,1,DC-10,STANDARD,2026-08-28T23:10:00,2026-08-29T03:10:00,PICKING,PICKING,EU,STANDARD
ORD-002845,SKU-00131,1,DC-02,STANDARD,2026-08-26T08:35:00,2026-08-26T14:35:00,EXCEPTION,EXCEPTION,MEA,SAME_DAY
ORD-002846,SKU-00521,1,DC-07,EXPEDITE,2026-08-23T15:39:00,2026-08-23T23:39:00,STAGED,STAGED,LATAM,NEXT_DAY
ORD-002847,SKU-01115,1,DC-06,STANDARD,2026-08-29T11:19:00,2026-08-29T15:19:00,PACKING,PACKING,MEA,STANDARD
ORD-002848,SKU-00404,1,DC-12,STANDARD,2026-08-22T09:08:00,2026-08-23T09:08:00,RELEASED,RELEASED,APAC,NEXT_DAY
ORD-002849,SKU-00139,1,DC-11,EXPEDITE,2026-09-03T08:28:00,2026-09-03T20:28:00,RELEASED,EXCEPTION,APAC,NEXT_DAY
ORD-002850,SKU-00397,1,DC-10,EXPEDITE,2026-09-04T11:50:00,2026-09-04T15:50:00,PACKING,PACKING,MEA,NEXT_DAY
ORD-002851,SKU-01155,1,DC-05,STANDARD,2026-08-03T09:26:00,2026-08-04T09:26:00,ALLOCATED,EXCEPTION,LATAM,NEXT_DAY
ORD-002852,SKU-00290,1,DC-10,STANDARD,2026-08-23T22:16:00,2026-08-24T22:16:00,RELEASED,RELEASED,LATAM,NEXT_DAY
ORD-002853,SKU-00860,1,DC-18,CRITICAL,2026-08-12T19:51:00,2026-08-13T01:51:00,EXCEPTION,HOLD,MEA,STANDARD
ORD-002854,SKU-00761,1,DC-17,STANDARD,2026-08-01T11:57:00,2026-08-01T19:57:00,RELEASED,RELEASED,EU,NEXT_DAY
ORD-002855,SKU-00741,1,DC-01,STANDARD,2026-08-11T04:52:00,2026-08-11T08:52:00,SHIPPED,HOLD,LATAM,SAME_DAY
ORD-002856,SKU-00347,1,DC-04,STANDARD,2026-09-03T12:07:00,2026-09-04T12:07:00,PACKING,EXCEPTION,APAC,SAME_DAY
ORD-002857,SKU-00104,1,DC-05,STANDARD,2026-08-28T21:56:00,2026-08-29T09:56:00,RELEASED,EXCEPTION,APAC,SAME_DAY
ORD-002858,SKU-00140,1,DC-03,STANDARD,2026-08-24T17:16:00,2026-08-25T01:16:00,ALLOCATED,HOLD,,STANDARD
ORD-002859,SKU-00420,1,DC-18,STANDARD,2026-08-27T09:15:00,2026-08-28T09:15:00,SHIPPED,SHIPPED,MEA,NEXT_DAY
ORD-002860,SKU-01157,1,DC-16,STANDARD,2026-08-25T16:31:00,2026-08-25T22:31:00,EXCEPTION,HOLD,MEA,SAME_DAY
ORD-002861,SKU-00249,1,DC-14,STANDARD,2026-08-31T11:48:00,2026-08-31T23:48:00,PICKING,PICKING,EU,STANDARD
ORD-002862,SKU-00109,1,DC-12,STANDARD,2026-08-01T12:41:00,2026-08-02T12:41:00,STAGED,STAGED,,STANDARD
ORD-002863,SKU-00176,1,DC-18,STANDARD,2026-08-28T17:44:00,2026-08-28T23:44:00,EXCEPTION,EXCEPTION,,NEXT_DAY
ORD-002864,SKU-00143,1,DC-04,STANDARD,2026-08-12T00:50:00,2026-08-12T04:50:00,PACKING,EXCEPTION,LATAM,STANDARD
ORD-002865,SKU-01130,1,DC-03,STANDARD,2026-08-18T08:45:00,2026-08-18T16:45:00,EXCEPTION,EXCEPTION,EU,NEXT_DAY
ORD-002866,SKU-00792,1,DC-17,STANDARD,2026-08-22T01:00:00,2026-08-22T09:00:00,SHIPPED,SHIPPED,EU,NEXT_DAY
ORD-002867,SKU-00259,1,DC-18,STANDARD,2026-08-17T02:13:00,2026-08-18T02:13:00,SHIPPED,SHIPPED,LATAM,STANDARD
ORD-002868,SKU-00326,1,DC-12,EXPEDITE,2026-08-17T03:21:00,2026-08-17T15:21:00,SHIPPED,HOLD,APAC,SAME_DAY
ORD-002869,SKU-00642,1,DC-16,EXPEDITE,2026-08-05T14:38:00,2026-08-05T18:38:00,ALLOCATED,EXCEPTION,APAC,NEXT_DAY
ORD-002870,SKU-00502,1,DC-07,STANDARD,2026-08-05T21:03:00,2026-08-06T21:03:00,RELEASED,RELEASED,LATAM,SAME_DAY
ORD-002871,SKU-01196,1,DC-08,EXPEDITE,2026-08-25T03:09:00,2026-08-25T07:09:00,PICKING,PICKING,MEA,NEXT_DAY
ORD-002872,SKU-01026,1,DC-05,STANDARD,2026-08-08T01:24:00,2026-08-08T05:24:00,ALLOCATED,ALLOCATED,LATAM,NEXT_DAY
ORD-002873,SKU-00782,1,DC-07,STANDARD,2026-08-13T20:43:00,2026-08-14T08:43:00,SHIPPED,HOLD,MEA,SAME_DAY
ORD-002874,SKU-00571,1,DC-12,STANDARD,2026-08-23T12:39:00,2026-08-23T16:39:00,EXCEPTION,EXCEPTION,APAC,STANDARD
ORD-002875,SKU-00335,1,DC-04,EXPEDITE,2026-09-02T00:52:00,2026-09-02T06:52:00,PICKING,HOLD,MEA,STANDARD
ORD-002876,SKU-00864,1,DC-16,STANDARD,2026-08-24T01:11:00,2026-08-25T01:11:00,PICKING,EXCEPTION,,SAME_DAY
ORD-002877,SKU-00713,1,DC-08,STANDARD,2026-08-20T05:27:00,2026-08-20T13:27:00,PICKING,PICKING,APAC,SAME_DAY
ORD-002878,SKU-00317,1,DC-15,STANDARD,2026-08-21T05:33:00,2026-08-21T13:33:00,PACKING,HOLD,EU,NEXT_DAY
ORD-002879,SKU-01008,1,DC-01,EXPEDITE,2026-08-31T23:56:00,2026-09-01T07:56:00,STAGED,STAGED,APAC,SAME_DAY
ORD-002880,SKU-00528,1,DC-04,EXPEDITE,2026-08-11T08:38:00,2026-08-11T12:38:00,STAGED,EXCEPTION,MEA,SAME_DAY
ORD-002881,SKU-00469,1,DC-04,EXPEDITE,2026-08-18T22:39:00,2026-08-19T22:39:00,STAGED,HOLD,EU,SAME_DAY
ORD-002882,SKU-00531,1,DC-09,STANDARD,2026-09-04T13:33:00,2026-09-05T01:33:00,RELEASED,RELEASED,MEA,NEXT_DAY
ORD-002883,SKU-01124,1,DC-08,STANDARD,2026-09-01T15:39:00,2026-09-01T21:39:00,SHIPPED,SHIPPED,APAC,NEXT_DAY
ORD-002884,SKU-00566,1,DC-16,STANDARD,2026-08-25T15:17:00,2026-08-26T15:17:00,ALLOCATED,HOLD,,STANDARD
ORD-002885,SKU-00593,1,DC-13,EXPEDITE,2026-09-04T03:43:00,2026-09-04T09:43:00,PACKING,EXCEPTION,EU,STANDARD
ORD-002886,SKU-00825,1,DC-04,STANDARD,2026-08-22T08:32:00,2026-08-23T08:32:00,PACKING,HOLD,EU,SAME_DAY
ORD-002887,SKU-00673,1,DC-14,STANDARD,2026-08-15T06:49:00,2026-08-15T12:49:00,RELEASED,HOLD,MEA,STANDARD
ORD-002888,SKU-01066,1,DC-13,STANDARD,2026-08-31T00:21:00,2026-09-01T00:21:00,PICKING,EXCEPTION,APAC,SAME_DAY
ORD-002889,SKU-00919,1,DC-10,STANDARD,2026-08-19T21:08:00,2026-08-20T21:08:00,ALLOCATED,EXCEPTION,EU,STANDARD
ORD-002890,SKU-00995,1,DC-13,EXPEDITE,2026-08-30T07:40:00,2026-08-30T15:40:00,PACKING,HOLD,LATAM,STANDARD
ORD-002891,SKU-00887,1,DC-02,STANDARD,2026-08-06T19:02:00,2026-08-07T07:02:00,PACKING,HOLD,APAC,STANDARD
ORD-002892,SKU-00804,1,DC-09,STANDARD,2026-09-02T23:25:00,2026-09-03T23:25:00,ALLOCATED,HOLD,,SAME_DAY
ORD-002893,SKU-00798,1,DC-17,EXPEDITE,2026-08-18T18:59:00,2026-08-19T06:59:00,SHIPPED,SHIPPED,MEA,NEXT_DAY
ORD-002894,SKU-00695,1,DC-18,STANDARD,2026-09-02T07:12:00,2026-09-02T15:12:00,ALLOCATED,ALLOCATED,EU,SAME_DAY
ORD-002895,SKU-00927,1,DC-10,EXPEDITE,2026-09-04T12:46:00,2026-09-04T16:46:00,PICKING,PICKING,LATAM,SAME_DAY
ORD-002896,SKU-00243,1,DC-16,CRITICAL,2026-08-09T09:39:00,2026-08-09T21:39:00,PACKING,HOLD,LATAM,SAME_DAY
ORD-002897,SKU-00845,1,DC-17,STANDARD,2026-08-04T23:01:00,2026-08-05T05:01:00,PACKING,HOLD,,STANDARD
ORD-002898,SKU-00249,1,DC-14,STANDARD,2026-08-21T07:35:00,2026-08-22T07:35:00,SHIPPED,EXCEPTION,LATAM,SAME_DAY
ORD-002899,SKU-00675,1,DC-09,STANDARD,2026-08-11T16:15:00,2026-08-12T16:15:00,PACKING,PACKING,LATAM,NEXT_DAY
ORD-002900,SKU-00967,1,DC-05,STANDARD,2026-08-21T10:53:00,2026-08-21T18:53:00,PICKING,EXCEPTION,EU,NEXT_DAY
ORD-002901,SKU-00522,1,DC-14,STANDARD,2026-08-30T19:09:00,2026-08-31T01:09:00,SHIPPED,EXCEPTION,,STANDARD
ORD-002902,SKU-00681,1,DC-12,STANDARD,2026-08-29T22:54:00,2026-08-30T22:54:00,PACKING,EXCEPTION,MEA,STANDARD
ORD-002903,SKU-00611,1,DC-18,CRITICAL,2026-08-21T12:33:00,2026-08-21T20:33:00,RELEASED,RELEASED,,SAME_DAY
ORD-002904,SKU-00362,1,DC-14,CRITICAL,2026-08-01T06:54:00,2026-08-01T14:54:00,PACKING,EXCEPTION,,NEXT_DAY
ORD-002905,SKU-01147,1,DC-03,EXPEDITE,2026-08-15T00:54:00,2026-08-15T06:54:00,STAGED,HOLD,MEA,NEXT_DAY
ORD-002906,SKU-00691,1,DC-06,EXPEDITE,2026-08-01T06:37:00,2026-08-01T14:37:00,RELEASED,RELEASED,EU,STANDARD
ORD-002907,SKU-00744,1,DC-12,STANDARD,2026-08-29T05:02:00,2026-08-29T17:02:00,EXCEPTION,EXCEPTION,APAC,NEXT_DAY
ORD-002908,SKU-00017,1,DC-08,STANDARD,2026-08-09T12:27:00,2026-08-10T12:27:00,PICKING,EXCEPTION,LATAM,SAME_DAY
ORD-002909,SKU-01108,1,DC-10,STANDARD,2026-08-19T19:50:00,2026-08-19T23:50:00,EXCEPTION,HOLD,LATAM,NEXT_DAY
ORD-002910,SKU-01157,1,DC-11,EXPEDITE,2026-08-06T03:28:00,2026-08-06T11:28:00,STAGED,HOLD,APAC,STANDARD
ORD-002911,SKU-00205,1,DC-14,STANDARD,2026-08-16T14:35:00,2026-08-16T22:35:00,RELEASED,RELEASED,EU,STANDARD
ORD-002912,SKU-00994,1,DC-08,STANDARD,2026-08-18T22:58:00,2026-08-19T04:58:00,SHIPPED,SHIPPED,LATAM,SAME_DAY
ORD-002913,SKU-00174,1,DC-09,STANDARD,2026-08-29T07:38:00,2026-08-29T13:38:00,EXCEPTION,EXCEPTION,,NEXT_DAY
ORD-002914,SKU-00263,1,DC-15,EXPEDITE,2026-08-23T05:49:00,2026-08-24T05:49:00,SHIPPED,SHIPPED,LATAM,STANDARD
ORD-002915,SKU-00745,1,DC-02,STANDARD,2026-08-28T08:25:00,2026-08-28T16:25:00,RELEASED,RELEASED,EU,STANDARD
ORD-002916,SKU-00122,1,DC-11,EXPEDITE,2026-08-09T02:35:00,2026-08-09T10:35:00,PICKING,PICKING,LATAM,SAME_DAY
ORD-002917,SKU-00083,1,DC-16,STANDARD,2026-08-29T21:40:00,2026-08-30T05:40:00,STAGED,STAGED,,SAME_DAY
ORD-002918,SKU-00867,1,DC-16,STANDARD,2026-08-31T23:06:00,2026-09-01T11:06:00,EXCEPTION,EXCEPTION,LATAM,NEXT_DAY
ORD-002919,SKU-00853,1,DC-09,CRITICAL,2026-08-23T00:25:00,2026-08-23T08:25:00,RELEASED,RELEASED,MEA,SAME_DAY
ORD-002920,SKU-00419,1,DC-13,STANDARD,2026-08-13T15:41:00,2026-08-13T21:41:00,ALLOCATED,EXCEPTION,EU,NEXT_DAY
ORD-002921,SKU-01073,1,DC-16,STANDARD,2026-08-19T07:29:00,2026-08-19T15:29:00,SHIPPED,HOLD,EU,SAME_DAY
ORD-002922,SKU-00420,1,DC-01,STANDARD,2026-08-21T14:19:00,2026-08-21T22:19:00,EXCEPTION,EXCEPTION,MEA,STANDARD
ORD-002923,SKU-00783,1,DC-11,STANDARD,2026-08-26T08:57:00,2026-08-26T14:57:00,SHIPPED,SHIPPED,MEA,NEXT_DAY
ORD-002924,SKU-01117,1,DC-15,STANDARD,2026-08-19T20:39:00,2026-08-20T04:39:00,STAGED,STAGED,LATAM,STANDARD
ORD-002925,SKU-00667,1,DC-05,CRITICAL,2026-08-13T16:20:00,2026-08-14T16:20:00,SHIPPED,SHIPPED,,NEXT_DAY
ORD-002926,SKU-00565,1,DC-01,STANDARD,2026-08-19T00:50:00,2026-08-19T12:50:00,EXCEPTION,EXCEPTION,,SAME_DAY
ORD-002927,SKU-00047,1,DC-14,STANDARD,2026-08-26T11:52:00,2026-08-26T17:52:00,RELEASED,HOLD,APAC,STANDARD
ORD-002928,SKU-00970,1,DC-05,STANDARD,2026-08-19T01:46:00,2026-08-19T05:46:00,PICKING,PICKING,,STANDARD
ORD-002929,SKU-00099,1,DC-08,EXPEDITE,2026-08-13T10:09:00,2026-08-14T10:09:00,RELEASED,RELEASED,APAC,SAME_DAY
ORD-002930,SKU-01084,1,DC-03,CRITICAL,2026-08-30T04:40:00,2026-08-30T12:40:00,PICKING,PICKING,LATAM,STANDARD
ORD-002931,SKU-00245,1,DC-09,EXPEDITE,2026-08-07T00:17:00,2026-08-07T06:17:00,PICKING,PICKING,APAC,STANDARD
ORD-002932,SKU-00107,1,DC-05,EXPEDITE,2026-08-25T16:34:00,2026-08-26T16:34:00,STAGED,HOLD,,NEXT_DAY
ORD-002933,SKU-00924,1,DC-17,STANDARD,2026-08-21T01:49:00,2026-08-21T07:49:00,EXCEPTION,EXCEPTION,,STANDARD
ORD-002934,SKU-00825,1,DC-09,STANDARD,2026-08-26T14:53:00,2026-08-26T18:53:00,RELEASED,EXCEPTION,APAC,SAME_DAY
ORD-002935,SKU-00808,1,DC-13,STANDARD,2026-08-29T03:09:00,2026-08-29T09:09:00,ALLOCATED,ALLOCATED,EU,NEXT_DAY
ORD-002936,SKU-01057,1,DC-02,STANDARD,2026-09-04T05:31:00,2026-09-04T17:31:00,ALLOCATED,ALLOCATED,MEA,SAME_DAY
ORD-002937,SKU-00659,1,DC-11,STANDARD,2026-08-17T12:52:00,2026-08-18T12:52:00,ALLOCATED,EXCEPTION,MEA,SAME_DAY
ORD-002938,SKU-00824,1,DC-11,STANDARD,2026-08-30T22:51:00,2026-08-31T22:51:00,EXCEPTION,EXCEPTION,,SAME_DAY
ORD-002939,SKU-01035,1,DC-11,STANDARD,2026-08-06T06:50:00,2026-08-06T14:50:00,SHIPPED,SHIPPED,,NEXT_DAY
ORD-002940,SKU-00427,1,DC-06,STANDARD,2026-08-19T03:48:00,2026-08-20T03:48:00,PICKING,HOLD,,STANDARD
ORD-002941,SKU-00754,1,DC-02,EXPEDITE,2026-08-20T18:08:00,2026-08-21T02:08:00,EXCEPTION,EXCEPTION,EU,SAME_DAY
ORD-002942,SKU-00309,1,DC-05,EXPEDITE,2026-09-04T01:00:00,2026-09-04T13:00:00,ALLOCATED,EXCEPTION,MEA,SAME_DAY
ORD-002943,SKU-00262,1,DC-08,STANDARD,2026-08-23T03:35:00,2026-08-23T07:35:00,PACKING,PACKING,APAC,NEXT_DAY
ORD-002944,SKU-00825,1,DC-08,STANDARD,2026-08-19T12:28:00,2026-08-19T16:28:00,RELEASED,RELEASED,MEA,NEXT_DAY
ORD-002945,SKU-01158,1,DC-15,CRITICAL,2026-08-19T02:24:00,2026-08-20T02:24:00,SHIPPED,EXCEPTION,EU,SAME_DAY
ORD-002946,SKU-00955,1,DC-18,STANDARD,2026-08-24T14:28:00,2026-08-25T02:28:00,STAGED,STAGED,,SAME_DAY
ORD-002947,SKU-00401,1,DC-15,STANDARD,2026-08-29T09:45:00,2026-08-30T09:45:00,PACKING,EXCEPTION,,STANDARD
ORD-002948,SKU-01018,1,DC-08,STANDARD,2026-08-05T20:05:00,2026-08-06T02:05:00,PICKING,EXCEPTION,MEA,NEXT_DAY
ORD-002949,SKU-00856,1,DC-16,STANDARD,2026-08-28T05:59:00,2026-08-28T11:59:00,EXCEPTION,HOLD,,SAME_DAY
ORD-002950,SKU-00712,1,DC-07,STANDARD,2026-08-10T19:09:00,2026-08-11T01:09:00,ALLOCATED,HOLD,EU,STANDARD
ORD-002951,SKU-01096,1,DC-08,STANDARD,2026-08-10T19:50:00,2026-08-11T03:50:00,SHIPPED,HOLD,EU,SAME_DAY
ORD-002952,SKU-01064,1,DC-12,STANDARD,2026-08-01T10:19:00,2026-08-01T14:19:00,ALLOCATED,ALLOCATED,MEA,NEXT_DAY
ORD-002953,SKU-00386,1,DC-07,STANDARD,2026-08-13T18:42:00,2026-08-14T18:42:00,SHIPPED,EXCEPTION,MEA,STANDARD
ORD-002954,SKU-00786,1,DC-01,STANDARD,2026-08-18T02:44:00,2026-08-19T02:44:00,ALLOCATED,EXCEPTION,,NEXT_DAY
ORD-002955,SKU-00268,1,DC-08,STANDARD,2026-08-18T10:31:00,2026-08-19T10:31:00,EXCEPTION,EXCEPTION,,SAME_DAY
ORD-002956,SKU-01028,1,DC-10,STANDARD,2026-09-01T20:24:00,2026-09-02T08:24:00,ALLOCATED,HOLD,LATAM,NEXT_DAY
ORD-002957,SKU-00488,1,DC-02,STANDARD,2026-08-08T02:12:00,2026-08-08T08:12:00,PACKING,HOLD,APAC,STANDARD
ORD-002958,SKU-00335,1,DC-17,STANDARD,2026-08-15T12:46:00,2026-08-16T00:46:00,PICKING,PICKING,APAC,SAME_DAY
ORD-002959,SKU-00625,1,DC-11,STANDARD,2026-08-12T06:10:00,2026-08-12T14:10:00,SHIPPED,SHIPPED,MEA,NEXT_DAY
ORD-002960,SKU-00656,1,DC-06,EXPEDITE,2026-09-02T12:40:00,2026-09-02T18:40:00,SHIPPED,SHIPPED,EU,STANDARD
ORD-002961,SKU-00804,1,DC-05,CRITICAL,2026-08-31T10:47:00,2026-08-31T14:47:00,RELEASED,RELEASED,MEA,NEXT_DAY
ORD-002962,SKU-00710,1,DC-01,STANDARD,2026-08-11T11:09:00,2026-08-11T15:09:00,RELEASED,EXCEPTION,MEA,SAME_DAY
ORD-002963,SKU-00401,1,DC-07,STANDARD,2026-08-05T07:15:00,2026-08-06T07:15:00,SHIPPED,SHIPPED,LATAM,STANDARD
ORD-002964,SKU-00393,1,DC-03,EXPEDITE,2026-08-03T01:08:00,2026-08-03T09:08:00,EXCEPTION,EXCEPTION,APAC,SAME_DAY
ORD-002965,SKU-00146,1,DC-16,STANDARD,2026-08-09T15:05:00,2026-08-09T23:05:00,PACKING,HOLD,LATAM,SAME_DAY
ORD-002966,SKU-00445,1,DC-08,STANDARD,2026-08-03T20:06:00,2026-08-04T02:06:00,STAGED,STAGED,EU,STANDARD
ORD-002967,SKU-00090,1,DC-04,EXPEDITE,2026-08-18T03:20:00,2026-08-18T11:20:00,EXCEPTION,EXCEPTION,EU,STANDARD
ORD-002968,SKU-00763,1,DC-02,CRITICAL,2026-08-30T23:35:00,2026-08-31T03:35:00,ALLOCATED,ALLOCATED,EU,STANDARD
ORD-002969,SKU-00417,1,DC-15,STANDARD,2026-08-24T01:35:00,2026-08-24T07:35:00,PICKING,PICKING,,NEXT_DAY
ORD-002970,SKU-00902,1,DC-14,STANDARD,2026-09-01T13:19:00,2026-09-01T19:19:00,PICKING,HOLD,APAC,SAME_DAY
ORD-002971,SKU-00037,1,DC-18,STANDARD,2026-09-02T13:19:00,2026-09-03T01:19:00,SHIPPED,SHIPPED,LATAM,NEXT_DAY
ORD-002972,SKU-00642,1,DC-13,STANDARD,2026-08-21T08:03:00,2026-08-21T20:03:00,STAGED,STAGED,EU,STANDARD
ORD-002973,SKU-00803,1,DC-08,STANDARD,2026-08-31T08:36:00,2026-08-31T14:36:00,STAGED,STAGED,MEA,SAME_DAY
ORD-002974,SKU-01043,1,DC-03,CRITICAL,2026-08-28T11:31:00,2026-08-28T19:31:00,SHIPPED,HOLD,,NEXT_DAY
ORD-002975,SKU-00991,1,DC-12,STANDARD,2026-08-02T07:03:00,2026-08-02T11:03:00,EXCEPTION,HOLD,,NEXT_DAY
ORD-002976,SKU-00873,1,DC-11,STANDARD,2026-08-20T16:29:00,2026-08-21T04:29:00,STAGED,STAGED,EU,SAME_DAY
ORD-002977,SKU-00856,1,DC-12,STANDARD,2026-08-12T00:48:00,2026-08-13T00:48:00,STAGED,HOLD,MEA,NEXT_DAY
ORD-002978,SKU-00498,1,DC-14,STANDARD,2026-08-15T23:34:00,2026-08-16T23:34:00,PACKING,PACKING,MEA,SAME_DAY
ORD-002979,SKU-00746,1,DC-10,STANDARD,2026-08-22T07:27:00,2026-08-22T19:27:00,SHIPPED,HOLD,MEA,SAME_DAY
ORD-002980,SKU-00101,1,DC-08,STANDARD,2026-08-30T09:10:00,2026-08-31T09:10:00,PACKING,PACKING,MEA,SAME_DAY
ORD-002981,SKU-00392,1,DC-11,EXPEDITE,2026-08-12T10:19:00,2026-08-12T14:19:00,SHIPPED,HOLD,,NEXT_DAY
ORD-002982,SKU-01166,1,DC-05,STANDARD,2026-08-04T23:23:00,2026-08-05T11:23:00,PICKING,PICKING,MEA,SAME_DAY
ORD-002983,SKU-00297,1,DC-18,STANDARD,2026-08-16T01:58:00,2026-08-17T01:58:00,ALLOCATED,EXCEPTION,EU,SAME_DAY
ORD-002984,SKU-01126,1,DC-04,STANDARD,2026-08-15T13:34:00,2026-08-15T19:34:00,STAGED,STAGED,APAC,NEXT_DAY
ORD-002985,SKU-00508,1,DC-03,STANDARD,2026-08-14T12:31:00,2026-08-14T20:31:00,RELEASED,RELEASED,EU,SAME_DAY
ORD-002986,SKU-00314,1,DC-17,STANDARD,2026-08-20T23:14:00,2026-08-21T23:14:00,ALLOCATED,ALLOCATED,APAC,NEXT_DAY
ORD-002987,SKU-01171,1,DC-14,STANDARD,2026-08-13T10:38:00,2026-08-13T18:38:00,PICKING,PICKING,MEA,NEXT_DAY
ORD-002988,SKU-01186,1,DC-07,STANDARD,2026-08-03T04:05:00,2026-08-03T08:05:00,SHIPPED,EXCEPTION,MEA,NEXT_DAY
ORD-002989,SKU-00548,1,DC-14,STANDARD,2026-09-01T21:00:00,2026-09-02T01:00:00,STAGED,STAGED,EU,SAME_DAY
ORD-002990,SKU-00116,1,DC-10,EXPEDITE,2026-08-03T20:49:00,2026-08-04T04:49:00,ALLOCATED,EXCEPTION,APAC,STANDARD
ORD-002991,SKU-01104,1,DC-04,STANDARD,2026-08-08T18:05:00,2026-08-09T02:05:00,ALLOCATED,ALLOCATED,LATAM,NEXT_DAY
ORD-002992,SKU-00578,1,DC-07,CRITICAL,2026-08-16T10:29:00,2026-08-16T18:29:00,SHIPPED,SHIPPED,EU,STANDARD
ORD-002993,SKU-00178,1,DC-07,STANDARD,2026-08-26T01:21:00,2026-08-26T13:21:00,ALLOCATED,ALLOCATED,EU,SAME_DAY
ORD-002994,SKU-00159,1,DC-07,STANDARD,2026-08-13T20:54:00,2026-08-14T02:54:00,SHIPPED,SHIPPED,MEA,SAME_DAY
ORD-002995,SKU-00164,1,DC-02,STANDARD,2026-08-20T15:30:00,2026-08-20T23:30:00,PACKING,PACKING,MEA,SAME_DAY
ORD-002996,SKU-00352,1,DC-10,EXPEDITE,2026-08-23T08:53:00,2026-08-23T12:53:00,STAGED,HOLD,APAC,NEXT_DAY
ORD-002997,SKU-00746,1,DC-03,STANDARD,2026-08-02T09:27:00,2026-08-02T15:27:00,PACKING,EXCEPTION,APAC,NEXT_DAY
ORD-002998,SKU-00865,1,DC-16,STANDARD,2026-08-05T21:44:00,2026-08-06T01:44:00,SHIPPED,SHIPPED,EU,STANDARD
ORD-002999,SKU-00700,1,DC-05,STANDARD,2026-08-10T14:04:00,2026-08-10T20:04:00,STAGED,EXCEPTION,,SAME_DAY
ORD-003000,SKU-00395,1,DC-08,EXPEDITE,2026-08-28T08:51:00,2026-08-28T12:51:00,STAGED,STAGED,APAC,STANDARD
ORD-003001,SKU-00534,1,DC-17,EXPEDITE,2026-09-02T14:34:00,2026-09-02T18:34:00,EXCEPTION,HOLD,EU,NEXT_DAY
ORD-003002,SKU-01135,1,DC-10,STANDARD,2026-08-14T08:23:00,2026-08-15T08:23:00,PACKING,HOLD,MEA,SAME_DAY
ORD-003003,SKU-00268,1,DC-07,CRITICAL,2026-08-21T05:25:00,2026-08-21T11:25:00,SHIPPED,SHIPPED,MEA,NEXT_DAY
ORD-003004,SKU-00915,1,DC-05,STANDARD,2026-08-27T06:22:00,2026-08-27T12:22:00,ALLOCATED,ALLOCATED,,STANDARD
ORD-003005,SKU-00494,1,DC-11,STANDARD,2026-08-15T02:51:00,2026-08-15T10:51:00,ALLOCATED,ALLOCATED,LATAM,STANDARD
ORD-003006,SKU-01135,1,DC-07,STANDARD,2026-09-01T10:20:00,2026-09-01T22:20:00,SHIPPED,HOLD,EU,STANDARD
ORD-003007,SKU-00637,1,DC-01,STANDARD,2026-08-04T11:06:00,2026-08-04T17:06:00,PACKING,PACKING,EU,NEXT_DAY
ORD-003008,SKU-00613,1,DC-13,CRITICAL,2026-08-28T08:53:00,2026-08-28T16:53:00,STAGED,EXCEPTION,APAC,STANDARD
ORD-003009,SKU-00966,1,DC-11,EXPEDITE,2026-08-11T02:16:00,2026-08-11T14:16:00,PACKING,PACKING,EU,NEXT_DAY
ORD-003010,SKU-00857,1,DC-02,STANDARD,2026-08-12T16:27:00,2026-08-13T00:27:00,PICKING,PICKING,MEA,STANDARD
ORD-003011,SKU-00971,1,DC-09,STANDARD,2026-08-14T08:23:00,2026-08-14T14:23:00,PACKING,EXCEPTION,MEA,NEXT_DAY
ORD-003012,SKU-00856,1,DC-12,STANDARD,2026-08-13T23:08:00,2026-08-14T11:08:00,PICKING,PICKING,EU,SAME_DAY
ORD-003013,SKU-00033,1,DC-15,STANDARD,2026-08-28T12:52:00,2026-08-29T12:52:00,PACKING,PACKING,,SAME_DAY
ORD-003014,SKU-00410,1,DC-06,STANDARD,2026-08-18T12:36:00,2026-08-19T12:36:00,PICKING,PICKING,LATAM,NEXT_DAY
ORD-003015,SKU-00741,1,DC-01,STANDARD,2026-08-25T15:56:00,2026-08-25T23:56:00,PICKING,PICKING,LATAM,SAME_DAY
ORD-003016,SKU-00200,1,DC-03,STANDARD,2026-08-18T05:32:00,2026-08-18T17:32:00,EXCEPTION,EXCEPTION,MEA,STANDARD
ORD-003017,SKU-00535,1,DC-09,EXPEDITE,2026-08-02T13:35:00,2026-08-02T21:35:00,ALLOCATED,ALLOCATED,APAC,NEXT_DAY
ORD-003018,SKU-00225,1,DC-17,EXPEDITE,2026-08-13T22:41:00,2026-08-14T22:41:00,SHIPPED,SHIPPED,EU,SAME_DAY
ORD-003019,SKU-00320,1,DC-16,STANDARD,2026-09-04T08:04:00,2026-09-04T20:04:00,PICKING,PICKING,EU,STANDARD
ORD-003020,SKU-01175,1,DC-02,STANDARD,2026-08-15T06:00:00,2026-08-15T14:00:00,PICKING,PICKING,LATAM,SAME_DAY
ORD-003021,SKU-00336,1,DC-06,STANDARD,2026-08-09T10:15:00,2026-08-09T14:15:00,RELEASED,EXCEPTION,,STANDARD
ORD-003022,SKU-00261,1,DC-12,STANDARD,2026-08-07T23:27:00,2026-08-08T11:27:00,PACKING,PACKING,EU,STANDARD
ORD-003023,SKU-00562,1,DC-09,STANDARD,2026-08-04T08:28:00,2026-08-05T08:28:00,EXCEPTION,HOLD,MEA,STANDARD
ORD-003024,SKU-00074,1,DC-11,STANDARD,2026-08-16T13:21:00,2026-08-16T21:21:00,SHIPPED,SHIPPED,MEA,STANDARD
ORD-003025,SKU-00888,1,DC-09,EXPEDITE,2026-08-19T17:29:00,2026-08-19T23:29:00,ALLOCATED,HOLD,APAC,STANDARD
ORD-003026,SKU-00801,1,DC-09,STANDARD,2026-08-24T19:54:00,2026-08-25T03:54:00,STAGED,EXCEPTION,MEA,SAME_DAY
ORD-003027,SKU-01168,1,DC-05,EXPEDITE,2026-08-12T21:49:00,2026-08-13T21:49:00,EXCEPTION,EXCEPTION,,STANDARD
ORD-003028,SKU-00234,1,DC-10,STANDARD,2026-08-08T02:07:00,2026-08-08T10:07:00,ALLOCATED,ALLOCATED,MEA,NEXT_DAY
ORD-003029,SKU-00478,1,DC-09,STANDARD,2026-08-24T11:17:00,2026-08-25T11:17:00,STAGED,STAGED,APAC,STANDARD
ORD-003030,SKU-00967,1,DC-15,STANDARD,2026-08-12T06:16:00,2026-08-12T14:16:00,PACKING,PACKING,LATAM,STANDARD
ORD-003031,SKU-00298,1,DC-11,EXPEDITE,2026-08-31T22:04:00,2026-09-01T06:04:00,STAGED,HOLD,APAC,NEXT_DAY
ORD-003032,SKU-00800,1,DC-09,EXPEDITE,2026-08-11T04:36:00,2026-08-11T08:36:00,RELEASED,HOLD,EU,NEXT_DAY
ORD-003033,SKU-00817,1,DC-12,STANDARD,2026-08-14T03:54:00,2026-08-14T11:54:00,PICKING,HOLD,LATAM,STANDARD
ORD-003034,SKU-00382,1,DC-13,STANDARD,2026-08-22T03:50:00,2026-08-22T07:50:00,ALLOCATED,ALLOCATED,,STANDARD
ORD-003035,SKU-00229,1,DC-04,STANDARD,2026-08-14T10:18:00,2026-08-14T18:18:00,ALLOCATED,HOLD,EU,STANDARD
ORD-003036,SKU-00786,1,DC-01,STANDARD,2026-08-07T21:52:00,2026-08-08T21:52:00,EXCEPTION,EXCEPTION,APAC,STANDARD
ORD-003037,SKU-00996,1,DC-07,STANDARD,2026-08-01T22:42:00,2026-08-02T02:42:00,ALLOCATED,EXCEPTION,MEA,NEXT_DAY
ORD-003038,SKU-00667,1,DC-15,EXPEDITE,2026-08-27T20:26:00,2026-08-28T08:26:00,RELEASED,EXCEPTION,APAC,NEXT_DAY
ORD-003039,SKU-00702,1,DC-12,EXPEDITE,2026-08-02T09:09:00,2026-08-03T09:09:00,ALLOCATED,HOLD,APAC,NEXT_DAY
ORD-003040,SKU-00923,1,DC-11,STANDARD,2026-08-29T06:30:00,2026-08-30T06:30:00,ALLOCATED,EXCEPTION,LATAM,STANDARD
ORD-003041,SKU-00210,1,DC-05,EXPEDITE,2026-08-21T11:39:00,2026-08-21T19:39:00,RELEASED,EXCEPTION,LATAM,STANDARD
ORD-003042,SKU-01011,1,DC-16,STANDARD,2026-08-30T03:12:00,2026-08-31T03:12:00,PICKING,PICKING,LATAM,NEXT_DAY
ORD-003043,SKU-01090,1,DC-09,STANDARD,2026-09-01T14:34:00,2026-09-01T20:34:00,ALLOCATED,ALLOCATED,LATAM,STANDARD
ORD-003044,SKU-00185,1,DC-03,STANDARD,2026-08-26T09:43:00,2026-08-26T13:43:00,PICKING,HOLD,APAC,SAME_DAY
ORD-003045,SKU-00847,1,DC-07,STANDARD,2026-08-23T08:02:00,2026-08-24T08:02:00,PICKING,PICKING,MEA,STANDARD
ORD-003046,SKU-00467,1,DC-13,STANDARD,2026-08-03T04:55:00,2026-08-03T16:55:00,RELEASED,RELEASED,MEA,SAME_DAY
ORD-003047,SKU-00630,1,DC-10,EXPEDITE,2026-08-17T12:41:00,2026-08-17T16:41:00,STAGED,STAGED,,NEXT_DAY
ORD-003048,SKU-00062,1,DC-15,STANDARD,2026-08-06T19:33:00,2026-08-07T07:33:00,EXCEPTION,HOLD,APAC,SAME_DAY
ORD-003049,SKU-00514,1,DC-10,STANDARD,2026-09-03T19:51:00,2026-09-04T01:51:00,PACKING,PACKING,APAC,SAME_DAY
ORD-003050,SKU-00615,1,DC-16,STANDARD,2026-08-18T17:17:00,2026-08-18T21:17:00,RELEASED,EXCEPTION,MEA,SAME_DAY
ORD-003051,SKU-00919,1,DC-11,EXPEDITE,2026-08-31T10:24:00,2026-08-31T18:24:00,SHIPPED,SHIPPED,MEA,SAME_DAY
ORD-003052,SKU-00122,1,DC-12,STANDARD,2026-08-28T08:00:00,2026-08-28T20:00:00,PICKING,HOLD,MEA,STANDARD
ORD-003053,SKU-00372,1,DC-01,STANDARD,2026-08-10T05:34:00,2026-08-10T17:34:00,SHIPPED,SHIPPED,APAC,SAME_DAY
ORD-003054,SKU-00597,1,DC-09,STANDARD,2026-08-14T12:47:00,2026-08-15T00:47:00,SHIPPED,SHIPPED,EU,NEXT_DAY
ORD-003055,SKU-00744,1,DC-11,EXPEDITE,2026-08-25T01:08:00,2026-08-25T09:08:00,EXCEPTION,HOLD,APAC,NEXT_DAY
ORD-003056,SKU-00477,1,DC-11,STANDARD,2026-08-04T15:52:00,2026-08-05T03:52:00,PACKING,PACKING,LATAM,STANDARD
ORD-003057,SKU-01055,1,DC-13,EXPEDITE,2026-08-04T05:18:00,2026-08-05T05:18:00,RELEASED,RELEASED,,SAME_DAY
ORD-003058,SKU-00531,1,DC-05,EXPEDITE,2026-08-10T19:53:00,2026-08-11T01:53:00,ALLOCATED,ALLOCATED,MEA,STANDARD
ORD-003059,SKU-00284,1,DC-14,CRITICAL,2026-08-15T22:59:00,2026-08-16T02:59:00,PACKING,PACKING,,SAME_DAY
ORD-003060,SKU-00497,1,DC-15,STANDARD,2026-08-13T01:56:00,2026-08-13T09:56:00,ALLOCATED,HOLD,APAC,SAME_DAY
ORD-003061,SKU-00013,1,DC-18,STANDARD,2026-08-28T03:22:00,2026-08-29T03:22:00,ALLOCATED,ALLOCATED,LATAM,STANDARD
ORD-003062,SKU-00163,1,DC-06,STANDARD,2026-08-31T02:34:00,2026-08-31T08:34:00,PACKING,EXCEPTION,MEA,SAME_DAY
ORD-003063,SKU-00495,1,DC-09,STANDARD,2026-08-20T08:34:00,2026-08-20T12:34:00,SHIPPED,SHIPPED,LATAM,STANDARD
ORD-003064,SKU-00494,1,DC-09,CRITICAL,2026-08-18T05:07:00,2026-08-18T09:07:00,PICKING,EXCEPTION,APAC,NEXT_DAY
ORD-003065,SKU-00082,1,DC-04,EXPEDITE,2026-08-12T18:39:00,2026-08-13T02:39:00,PICKING,PICKING,MEA,NEXT_DAY
ORD-003066,SKU-00315,1,DC-18,EXPEDITE,2026-08-10T05:56:00,2026-08-10T13:56:00,SHIPPED,SHIPPED,LATAM,STANDARD
ORD-003067,SKU-00511,1,DC-04,STANDARD,2026-08-02T03:00:00,2026-08-02T09:00:00,PICKING,EXCEPTION,APAC,NEXT_DAY
ORD-003068,SKU-01184,1,DC-01,STANDARD,2026-08-07T23:23:00,2026-08-08T07:23:00,STAGED,STAGED,EU,NEXT_DAY
ORD-003069,SKU-00794,1,DC-09,EXPEDITE,2026-08-20T02:46:00,2026-08-20T14:46:00,PICKING,PICKING,LATAM,NEXT_DAY
ORD-003070,SKU-01049,1,DC-01,STANDARD,2026-08-01T17:22:00,2026-08-02T17:22:00,SHIPPED,SHIPPED,APAC,STANDARD
ORD-003071,SKU-00506,1,DC-11,EXPEDITE,2026-08-31T10:14:00,2026-08-31T18:14:00,SHIPPED,HOLD,,SAME_DAY
ORD-003072,SKU-00524,1,DC-17,STANDARD,2026-08-24T13:59:00,2026-08-24T17:59:00,STAGED,HOLD,LATAM,STANDARD
ORD-003073,SKU-00356,1,DC-04,STANDARD,2026-08-26T01:33:00,2026-08-26T13:33:00,ALLOCATED,ALLOCATED,LATAM,STANDARD
ORD-003074,SKU-01170,1,DC-06,CRITICAL,2026-09-02T00:42:00,2026-09-02T12:42:00,EXCEPTION,EXCEPTION,EU,NEXT_DAY
ORD-003075,SKU-00847,1,DC-16,STANDARD,2026-09-01T14:05:00,2026-09-02T14:05:00,SHIPPED,SHIPPED,MEA,NEXT_DAY
ORD-003076,SKU-00366,1,DC-06,STANDARD,2026-08-02T11:20:00,2026-08-02T15:20:00,SHIPPED,SHIPPED,,STANDARD
ORD-003077,SKU-00956,1,DC-15,EXPEDITE,2026-08-31T15:11:00,2026-08-31T21:11:00,STAGED,HOLD,MEA,STANDARD
ORD-003078,SKU-00393,1,DC-03,EXPEDITE,2026-08-24T02:33:00,2026-08-24T10:33:00,STAGED,STAGED,APAC,STANDARD
ORD-003079,SKU-00617,1,DC-05,STANDARD,2026-08-01T16:17:00,2026-08-02T16:17:00,PACKING,EXCEPTION,APAC,NEXT_DAY
ORD-003080,SKU-00806,1,DC-06,STANDARD,2026-08-11T10:13:00,2026-08-12T10:13:00,PACKING,EXCEPTION,MEA,STANDARD
ORD-003081,SKU-00207,1,DC-01,STANDARD,2026-08-31T10:15:00,2026-08-31T18:15:00,STAGED,HOLD,,STANDARD
ORD-003082,SKU-00134,1,DC-11,STANDARD,2026-08-06T08:11:00,2026-08-06T12:11:00,RELEASED,HOLD,LATAM,STANDARD
ORD-003083,SKU-00720,1,DC-17,STANDARD,2026-08-29T04:41:00,2026-08-29T16:41:00,SHIPPED,SHIPPED,LATAM,STANDARD
ORD-003084,SKU-00689,1,DC-06,STANDARD,2026-09-01T07:44:00,2026-09-01T19:44:00,ALLOCATED,ALLOCATED,EU,NEXT_DAY
ORD-003085,SKU-00020,1,DC-09,STANDARD,2026-08-26T07:36:00,2026-08-26T19:36:00,SHIPPED,HOLD,MEA,SAME_DAY
ORD-003086,SKU-00083,1,DC-04,STANDARD,2026-08-01T14:04:00,2026-08-02T02:04:00,EXCEPTION,EXCEPTION,EU,NEXT_DAY
ORD-003087,SKU-00429,1,DC-02,EXPEDITE,2026-08-09T04:22:00,2026-08-09T10:22:00,PACKING,HOLD,LATAM,SAME_DAY
ORD-003088,SKU-01026,1,DC-05,STANDARD,2026-08-29T19:03:00,2026-08-30T03:03:00,ALLOCATED,ALLOCATED,EU,NEXT_DAY
ORD-003089,SKU-00281,1,DC-14,CRITICAL,2026-08-03T03:05:00,2026-08-03T11:05:00,PACKING,PACKING,APAC,STANDARD
ORD-003090,SKU-00495,1,DC-01,CRITICAL,2026-08-10T02:58:00,2026-08-10T06:58:00,PICKING,PICKING,APAC,NEXT_DAY
ORD-003091,SKU-00860,1,DC-07,STANDARD,2026-08-22T15:35:00,2026-08-23T15:35:00,ALLOCATED,ALLOCATED,LATAM,SAME_DAY
ORD-003092,SKU-00085,1,DC-13,STANDARD,2026-08-22T12:27:00,2026-08-23T12:27:00,PACKING,PACKING,LATAM,SAME_DAY
ORD-003093,SKU-00532,1,DC-16,EXPEDITE,2026-08-22T23:51:00,2026-08-23T05:51:00,PACKING,PACKING,MEA,NEXT_DAY
ORD-003094,SKU-00695,1,DC-07,STANDARD,2026-08-13T18:04:00,2026-08-14T18:04:00,RELEASED,RELEASED,APAC,STANDARD
ORD-003095,SKU-00613,1,DC-12,CRITICAL,2026-09-02T10:40:00,2026-09-03T10:40:00,EXCEPTION,HOLD,,STANDARD
ORD-003096,SKU-00525,1,DC-18,STANDARD,2026-08-23T03:46:00,2026-08-23T15:46:00,RELEASED,HOLD,,NEXT_DAY
ORD-003097,SKU-00734,1,DC-01,STANDARD,2026-08-12T05:18:00,2026-08-12T11:18:00,ALLOCATED,EXCEPTION,,NEXT_DAY
ORD-003098,SKU-00913,1,DC-02,STANDARD,2026-08-30T15:00:00,2026-08-30T23:00:00,PACKING,PACKING,,SAME_DAY
ORD-003099,SKU-00032,1,DC-07,STANDARD,2026-09-01T14:13:00,2026-09-01T20:13:00,EXCEPTION,EXCEPTION,EU,STANDARD
ORD-003100,SKU-00054,1,DC-06,STANDARD,2026-08-18T03:22:00,2026-08-18T07:22:00,RELEASED,RELEASED,LATAM,SAME_DAY
ORD-003101,SKU-00050,1,DC-17,EXPEDITE,2026-08-21T02:39:00,2026-08-21T06:39:00,PACKING,PACKING,APAC,STANDARD
ORD-003102,SKU-00757,1,DC-17,STANDARD,2026-08-07T01:42:00,2026-08-07T07:42:00,PACKING,EXCEPTION,LATAM,NEXT_DAY
ORD-003103,SKU-00580,1,DC-12,CRITICAL,2026-08-18T16:17:00,2026-08-18T22:17:00,STAGED,HOLD,MEA,NEXT_DAY
ORD-003104,SKU-00878,1,DC-01,STANDARD,2026-08-27T10:32:00,2026-08-27T14:32:00,RELEASED,RELEASED,APAC,STANDARD
ORD-003105,SKU-00521,1,DC-15,STANDARD,2026-08-01T06:59:00,2026-08-01T10:59:00,RELEASED,HOLD,LATAM,NEXT_DAY
ORD-003106,SKU-00469,1,DC-09,STANDARD,2026-08-12T08:25:00,2026-08-13T08:25:00,SHIPPED,SHIPPED,APAC,SAME_DAY
ORD-003107,SKU-01061,1,DC-03,STANDARD,2026-09-04T21:46:00,2026-09-05T01:46:00,PICKING,PICKING,EU,NEXT_DAY
ORD-003108,SKU-00317,1,DC-15,STANDARD,2026-08-22T19:05:00,2026-08-23T07:05:00,STAGED,EXCEPTION,MEA,STANDARD
ORD-003109,SKU-00120,1,DC-12,STANDARD,2026-08-23T20:06:00,2026-08-24T08:06:00,ALLOCATED,ALLOCATED,,STANDARD
ORD-003110,SKU-00314,1,DC-01,STANDARD,2026-08-19T15:12:00,2026-08-20T15:12:00,STAGED,STAGED,APAC,SAME_DAY
ORD-003111,SKU-00979,1,DC-08,STANDARD,2026-08-07T22:13:00,2026-08-08T06:13:00,EXCEPTION,EXCEPTION,,NEXT_DAY
ORD-003112,SKU-00931,1,DC-05,STANDARD,2026-08-14T07:44:00,2026-08-14T11:44:00,SHIPPED,EXCEPTION,,NEXT_DAY
ORD-003113,SKU-01084,1,DC-15,STANDARD,2026-08-15T07:05:00,2026-08-15T15:05:00,RELEASED,RELEASED,MEA,STANDARD
ORD-003114,SKU-00249,1,DC-18,STANDARD,2026-08-12T19:06:00,2026-08-13T07:06:00,EXCEPTION,EXCEPTION,LATAM,NEXT_DAY
ORD-003115,SKU-00693,1,DC-13,STANDARD,2026-08-25T16:37:00,2026-08-25T22:37:00,PACKING,PACKING,LATAM,SAME_DAY
ORD-003116,SKU-00216,1,DC-03,CRITICAL,2026-08-07T04:13:00,2026-08-08T04:13:00,PACKING,PACKING,,NEXT_DAY
ORD-003117,SKU-01195,1,DC-07,STANDARD,2026-08-30T03:13:00,2026-08-30T15:13:00,PACKING,EXCEPTION,EU,SAME_DAY
ORD-003118,SKU-00458,1,DC-06,STANDARD,2026-08-30T13:57:00,2026-08-31T01:57:00,PACKING,PACKING,LATAM,NEXT_DAY
ORD-003119,SKU-01028,1,DC-08,STANDARD,2026-08-22T15:23:00,2026-08-23T03:23:00,ALLOCATED,HOLD,MEA,STANDARD
ORD-003120,SKU-00866,1,DC-18,STANDARD,2026-08-31T17:52:00,2026-09-01T05:52:00,PICKING,PICKING,LATAM,NEXT_DAY
ORD-003121,SKU-00091,1,DC-07,STANDARD,2026-08-16T11:16:00,2026-08-16T19:16:00,PACKING,PACKING,,SAME_DAY
ORD-003122,SKU-00824,1,DC-05,STANDARD,2026-09-03T06:53:00,2026-09-03T10:53:00,ALLOCATED,HOLD,EU,SAME_DAY
ORD-003123,SKU-00685,1,DC-12,STANDARD,2026-08-07T16:49:00,2026-08-08T16:49:00,EXCEPTION,HOLD,MEA,NEXT_DAY
ORD-003124,SKU-00515,1,DC-05,STANDARD,2026-08-31T02:50:00,2026-08-31T14:50:00,STAGED,STAGED,EU,NEXT_DAY
ORD-003125,SKU-00263,1,DC-06,CRITICAL,2026-08-17T04:38:00,2026-08-17T08:38:00,STAGED,HOLD,,STANDARD
ORD-003126,SKU-00450,1,DC-14,STANDARD,2026-08-18T15:19:00,2026-08-19T03:19:00,EXCEPTION,HOLD,APAC,SAME_DAY
ORD-003127,SKU-00131,1,DC-10,STANDARD,2026-08-24T00:01:00,2026-08-24T06:01:00,PICKING,PICKING,,SAME_DAY
ORD-003128,SKU-00041,1,DC-05,EXPEDITE,2026-08-21T15:43:00,2026-08-21T21:43:00,RELEASED,RELEASED,LATAM,NEXT_DAY
ORD-003129,SKU-00221,1,DC-13,STANDARD,2026-08-04T18:49:00,2026-08-05T18:49:00,RELEASED,RELEASED,,NEXT_DAY
ORD-003130,SKU-00871,1,DC-16,EXPEDITE,2026-08-18T22:26:00,2026-08-19T02:26:00,ALLOCATED,EXCEPTION,EU,STANDARD
ORD-003131,SKU-01141,1,DC-05,CRITICAL,2026-09-03T05:47:00,2026-09-03T11:47:00,ALLOCATED,EXCEPTION,APAC,NEXT_DAY
ORD-003132,SKU-01177,1,DC-07,STANDARD,2026-08-30T18:39:00,2026-08-30T22:39:00,ALLOCATED,ALLOCATED,APAC,NEXT_DAY
ORD-003133,SKU-00476,1,DC-12,EXPEDITE,2026-08-05T18:38:00,2026-08-06T06:38:00,PICKING,PICKING,,STANDARD
ORD-003134,SKU-00030,1,DC-13,EXPEDITE,2026-08-30T04:21:00,2026-08-30T10:21:00,SHIPPED,SHIPPED,APAC,NEXT_DAY
ORD-003135,SKU-01000,1,DC-14,STANDARD,2026-08-29T20:15:00,2026-08-30T04:15:00,RELEASED,HOLD,EU,STANDARD
ORD-003136,SKU-00379,1,DC-10,STANDARD,2026-09-04T07:34:00,2026-09-05T07:34:00,SHIPPED,SHIPPED,LATAM,SAME_DAY
ORD-003137,SKU-00092,1,DC-05,STANDARD,2026-08-08T12:00:00,2026-08-09T12:00:00,SHIPPED,SHIPPED,LATAM,SAME_DAY
ORD-003138,SKU-00071,1,DC-11,STANDARD,2026-08-21T22:08:00,2026-08-22T22:08:00,RELEASED,HOLD,APAC,NEXT_DAY
ORD-003139,SKU-00276,1,DC-14,EXPEDITE,2026-08-18T05:46:00,2026-08-18T13:46:00,EXCEPTION,HOLD,MEA,STANDARD
ORD-003140,SKU-00798,1,DC-08,STANDARD,2026-08-10T16:44:00,2026-08-11T16:44:00,PACKING,PACKING,EU,STANDARD
ORD-003141,SKU-00647,1,DC-15,STANDARD,2026-08-26T12:41:00,2026-08-27T12:41:00,EXCEPTION,EXCEPTION,,NEXT_DAY
ORD-003142,SKU-00050,1,DC-18,STANDARD,2026-09-01T12:24:00,2026-09-01T16:24:00,STAGED,STAGED,APAC,STANDARD
ORD-003143,SKU-01061,1,DC-03,STANDARD,2026-08-16T09:33:00,2026-08-16T21:33:00,STAGED,STAGED,,STANDARD
ORD-003144,SKU-00210,1,DC-12,EXPEDITE,2026-08-24T16:47:00,2026-08-24T20:47:00,RELEASED,EXCEPTION,MEA,NEXT_DAY
ORD-003145,SKU-01134,1,DC-14,STANDARD,2026-08-29T03:28:00,2026-08-29T07:28:00,PICKING,EXCEPTION,APAC,STANDARD
ORD-003146,SKU-00324,1,DC-03,STANDARD,2026-08-01T10:19:00,2026-08-01T16:19:00,RELEASED,EXCEPTION,APAC,NEXT_DAY
ORD-003147,SKU-00694,1,DC-09,STANDARD,2026-08-29T13:55:00,2026-08-29T21:55:00,PACKING,EXCEPTION,MEA,SAME_DAY
ORD-003148,SKU-00433,1,DC-10,STANDARD,2026-08-21T15:40:00,2026-08-22T03:40:00,SHIPPED,SHIPPED,APAC,NEXT_DAY
ORD-003149,SKU-00668,1,DC-17,STANDARD,2026-08-28T06:23:00,2026-08-29T06:23:00,EXCEPTION,EXCEPTION,,NEXT_DAY
ORD-003150,SKU-00455,1,DC-18,STANDARD,2026-08-20T08:04:00,2026-08-20T20:04:00,PACKING,PACKING,MEA,NEXT_DAY
ORD-003151,SKU-00024,1,DC-16,STANDARD,2026-08-09T03:12:00,2026-08-09T07:12:00,STAGED,STAGED,APAC,NEXT_DAY
ORD-003152,SKU-00154,1,DC-08,CRITICAL,2026-08-17T19:44:00,2026-08-18T03:44:00,EXCEPTION,EXCEPTION,APAC,STANDARD
ORD-003153,SKU-01168,1,DC-07,STANDARD,2026-08-20T10:52:00,2026-08-20T14:52:00,PICKING,PICKING,,NEXT_DAY
ORD-003154,SKU-00106,1,DC-08,STANDARD,2026-08-03T00:01:00,2026-08-03T06:01:00,PACKING,PACKING,EU,STANDARD
ORD-003155,SKU-00316,1,DC-17,CRITICAL,2026-09-03T23:52:00,2026-09-04T07:52:00,PACKING,PACKING,EU,STANDARD
ORD-003156,SKU-00757,1,DC-05,CRITICAL,2026-08-04T15:45:00,2026-08-05T15:45:00,PICKING,HOLD,,NEXT_DAY
ORD-003157,SKU-01167,1,DC-13,STANDARD,2026-08-30T01:40:00,2026-08-30T13:40:00,PACKING,PACKING,,NEXT_DAY
ORD-003158,SKU-01178,1,DC-11,EXPEDITE,2026-08-08T22:57:00,2026-08-09T06:57:00,SHIPPED,SHIPPED,APAC,SAME_DAY
ORD-003159,SKU-01074,1,DC-07,STANDARD,2026-09-02T16:34:00,2026-09-03T00:34:00,STAGED,STAGED,MEA,SAME_DAY
ORD-003160,SKU-01130,1,DC-13,STANDARD,2026-08-13T08:24:00,2026-08-13T16:24:00,ALLOCATED,ALLOCATED,,SAME_DAY
ORD-003161,SKU-00457,1,DC-08,STANDARD,2026-08-09T04:38:00,2026-08-09T16:38:00,ALLOCATED,ALLOCATED,APAC,STANDARD
ORD-003162,SKU-00896,1,DC-13,STANDARD,2026-08-10T12:08:00,2026-08-10T18:08:00,ALLOCATED,ALLOCATED,EU,NEXT_DAY
ORD-003163,SKU-00016,1,DC-16,STANDARD,2026-08-20T09:06:00,2026-08-20T17:06:00,SHIPPED,HOLD,EU,STANDARD
ORD-003164,SKU-01141,1,DC-04,STANDARD,2026-08-26T19:20:00,2026-08-26T23:20:00,PICKING,PICKING,APAC,SAME_DAY
ORD-003165,SKU-00877,1,DC-10,STANDARD,2026-08-08T16:37:00,2026-08-09T00:37:00,ALLOCATED,ALLOCATED,EU,SAME_DAY
ORD-003166,SKU-00401,1,DC-05,STANDARD,2026-08-16T05:42:00,2026-08-16T09:42:00,SHIPPED,SHIPPED,LATAM,SAME_DAY
ORD-003167,SKU-01132,1,DC-05,STANDARD,2026-08-13T22:07:00,2026-08-14T04:07:00,PACKING,EXCEPTION,MEA,STANDARD
ORD-003168,SKU-00186,1,DC-09,STANDARD,2026-09-01T09:19:00,2026-09-01T17:19:00,STAGED,STAGED,,NEXT_DAY
ORD-003169,SKU-01167,1,DC-10,STANDARD,2026-08-17T16:20:00,2026-08-18T04:20:00,PICKING,PICKING,EU,NEXT_DAY
ORD-003170,SKU-00071,1,DC-18,CRITICAL,2026-08-11T20:03:00,2026-08-12T02:03:00,PACKING,HOLD,,STANDARD
ORD-003171,SKU-00108,1,DC-11,STANDARD,2026-08-20T22:41:00,2026-08-21T02:41:00,RELEASED,EXCEPTION,APAC,NEXT_DAY
ORD-003172,SKU-00050,1,DC-17,STANDARD,2026-08-27T13:03:00,2026-08-27T17:03:00,STAGED,HOLD,,NEXT_DAY
ORD-003173,SKU-00541,1,DC-05,EXPEDITE,2026-09-03T17:16:00,2026-09-03T21:16:00,EXCEPTION,EXCEPTION,EU,NEXT_DAY
ORD-003174,SKU-00908,1,DC-03,STANDARD,2026-08-11T05:13:00,2026-08-12T05:13:00,RELEASED,RELEASED,APAC,SAME_DAY
ORD-003175,SKU-00483,1,DC-16,STANDARD,2026-08-05T00:33:00,2026-08-05T06:33:00,EXCEPTION,EXCEPTION,LATAM,NEXT_DAY
ORD-003176,SKU-00258,1,DC-16,STANDARD,2026-08-31T05:52:00,2026-08-31T13:52:00,ALLOCATED,HOLD,LATAM,SAME_DAY
ORD-003177,SKU-00762,1,DC-03,STANDARD,2026-08-22T10:41:00,2026-08-22T16:41:00,STAGED,STAGED,MEA,NEXT_DAY
ORD-003178,SKU-00059,1,DC-11,STANDARD,2026-08-02T01:34:00,2026-08-02T07:34:00,PICKING,PICKING,EU,NEXT_DAY
ORD-003179,SKU-01163,1,DC-09,STANDARD,2026-08-04T17:31:00,2026-08-04T23:31:00,STAGED,STAGED,MEA,NEXT_DAY
ORD-003180,SKU-00898,1,DC-17,STANDARD,2026-08-29T21:33:00,2026-08-30T21:33:00,PACKING,HOLD,APAC,STANDARD
ORD-003181,SKU-00072,1,DC-01,STANDARD,2026-08-16T02:25:00,2026-08-16T06:25:00,PACKING,PACKING,,NEXT_DAY
ORD-003182,SKU-00026,1,DC-01,EXPEDITE,2026-08-28T15:23:00,2026-08-28T23:23:00,ALLOCATED,ALLOCATED,MEA,STANDARD
ORD-003183,SKU-01148,1,DC-14,CRITICAL,2026-08-10T14:40:00,2026-08-10T20:40:00,RELEASED,RELEASED,APAC,NEXT_DAY
ORD-003184,SKU-00455,1,DC-03,EXPEDITE,2026-09-03T21:32:00,2026-09-04T03:32:00,EXCEPTION,EXCEPTION,,STANDARD
ORD-003185,SKU-00592,1,DC-02,STANDARD,2026-08-02T01:11:00,2026-08-02T07:11:00,EXCEPTION,EXCEPTION,,SAME_DAY
ORD-003186,SKU-00089,1,DC-18,STANDARD,2026-08-03T18:27:00,2026-08-04T18:27:00,SHIPPED,HOLD,EU,STANDARD
ORD-003187,SKU-00322,1,DC-07,CRITICAL,2026-08-26T06:19:00,2026-08-26T10:19:00,RELEASED,HOLD,MEA,NEXT_DAY
ORD-003188,SKU-00756,1,DC-13,CRITICAL,2026-08-16T13:26:00,2026-08-17T13:26:00,RELEASED,RELEASED,,STANDARD
ORD-003189,SKU-01033,1,DC-12,EXPEDITE,2026-08-31T17:18:00,2026-09-01T05:18:00,SHIPPED,EXCEPTION,LATAM,NEXT_DAY
ORD-003190,SKU-01191,1,DC-13,STANDARD,2026-08-18T14:12:00,2026-08-19T02:12:00,ALLOCATED,ALLOCATED,APAC,NEXT_DAY
ORD-003191,SKU-00641,1,DC-18,STANDARD,2026-08-05T11:32:00,2026-08-06T11:32:00,ALLOCATED,HOLD,MEA,STANDARD
ORD-003192,SKU-00208,1,DC-17,STANDARD,2026-08-06T12:00:00,2026-08-06T18:00:00,PACKING,PACKING,,NEXT_DAY
ORD-003193,SKU-00158,1,DC-08,STANDARD,2026-08-27T00:29:00,2026-08-27T06:29:00,ALLOCATED,ALLOCATED,EU,NEXT_DAY
ORD-003194,SKU-00863,1,DC-09,STANDARD,2026-08-21T19:26:00,2026-08-21T23:26:00,EXCEPTION,EXCEPTION,LATAM,STANDARD
ORD-003195,SKU-00813,1,DC-13,EXPEDITE,2026-08-09T22:20:00,2026-08-10T22:20:00,PACKING,PACKING,APAC,NEXT_DAY
ORD-003196,SKU-00966,1,DC-08,STANDARD,2026-08-27T05:50:00,2026-08-27T13:50:00,PICKING,PICKING,,SAME_DAY
ORD-003197,SKU-00275,1,DC-04,STANDARD,2026-09-04T04:32:00,2026-09-04T12:32:00,ALLOCATED,ALLOCATED,EU,STANDARD
ORD-003198,SKU-00945,1,DC-03,STANDARD,2026-08-16T05:59:00,2026-08-16T17:59:00,EXCEPTION,HOLD,APAC,NEXT_DAY
ORD-003199,SKU-00342,1,DC-04,STANDARD,2026-08-10T17:36:00,2026-08-11T17:36:00,STAGED,STAGED,,SAME_DAY
ORD-003200,SKU-00377,1,DC-17,STANDARD,2026-08-14T15:26:00,2026-08-14T19:26:00,PICKING,PICKING,APAC,STANDARD
ORD-003201,SKU-00314,1,DC-18,STANDARD,2026-08-16T13:11:00,2026-08-16T21:11:00,ALLOCATED,ALLOCATED,LATAM,SAME_DAY
ORD-003202,SKU-00492,1,DC-18,STANDARD,2026-08-03T16:19:00,2026-08-03T22:19:00,RELEASED,HOLD,,STANDARD
ORD-003203,SKU-00677,1,DC-13,CRITICAL,2026-08-02T16:10:00,2026-08-03T04:10:00,STAGED,STAGED,LATAM,SAME_DAY
ORD-003204,SKU-00456,1,DC-12,CRITICAL,2026-08-18T14:52:00,2026-08-18T20:52:00,EXCEPTION,EXCEPTION,LATAM,SAME_DAY
ORD-003205,SKU-01054,1,DC-14,STANDARD,2026-08-13T17:11:00,2026-08-13T21:11:00,SHIPPED,HOLD,MEA,NEXT_DAY
ORD-003206,SKU-00221,1,DC-12,STANDARD,2026-09-03T00:17:00,2026-09-03T08:17:00,EXCEPTION,EXCEPTION,LATAM,NEXT_DAY
ORD-003207,SKU-00265,1,DC-09,CRITICAL,2026-09-02T06:23:00,2026-09-02T14:23:00,ALLOCATED,ALLOCATED,EU,SAME_DAY
ORD-003208,SKU-00967,1,DC-12,STANDARD,2026-08-28T09:34:00,2026-08-29T09:34:00,PICKING,PICKING,APAC,SAME_DAY
ORD-003209,SKU-00936,1,DC-03,STANDARD,2026-08-18T08:51:00,2026-08-18T16:51:00,EXCEPTION,EXCEPTION,LATAM,NEXT_DAY
ORD-003210,SKU-00718,1,DC-06,STANDARD,2026-08-15T01:18:00,2026-08-15T07:18:00,RELEASED,RELEASED,MEA,NEXT_DAY
ORD-003211,SKU-00499,1,DC-18,STANDARD,2026-08-26T11:30:00,2026-08-26T19:30:00,RELEASED,HOLD,APAC,STANDARD
ORD-003212,SKU-00919,1,DC-11,STANDARD,2026-08-13T08:40:00,2026-08-14T08:40:00,RELEASED,HOLD,EU,NEXT_DAY
ORD-003213,SKU-00125,1,DC-17,STANDARD,2026-08-23T08:32:00,2026-08-23T16:32:00,PICKING,PICKING,,SAME_DAY
ORD-003214,SKU-00700,1,DC-05,STANDARD,2026-08-06T07:33:00,2026-08-06T13:33:00,PICKING,PICKING,LATAM,NEXT_DAY
ORD-003215,SKU-00862,1,DC-15,EXPEDITE,2026-08-11T01:50:00,2026-08-11T05:50:00,STAGED,STAGED,APAC,SAME_DAY
ORD-003216,SKU-00949,1,DC-07,STANDARD,2026-08-12T12:37:00,2026-08-12T16:37:00,PICKING,PICKING,APAC,SAME_DAY
ORD-003217,SKU-00352,1,DC-12,STANDARD,2026-08-21T22:54:00,2026-08-22T02:54:00,SHIPPED,EXCEPTION,,NEXT_DAY
ORD-003218,SKU-01086,1,DC-06,STANDARD,2026-08-06T16:36:00,2026-08-06T20:36:00,RELEASED,RELEASED,MEA,SAME_DAY
ORD-003219,SKU-00392,1,DC-14,CRITICAL,2026-08-22T16:42:00,2026-08-23T16:42:00,EXCEPTION,EXCEPTION,EU,STANDARD
ORD-003220,SKU-00244,1,DC-02,STANDARD,2026-08-26T07:05:00,2026-08-26T15:05:00,SHIPPED,SHIPPED,APAC,NEXT_DAY
ORD-003221,SKU-00604,1,DC-06,CRITICAL,2026-08-25T02:18:00,2026-08-25T06:18:00,PACKING,HOLD,,SAME_DAY
ORD-003222,SKU-00078,1,DC-16,STANDARD,2026-08-22T20:27:00,2026-08-23T00:27:00,SHIPPED,HOLD,LATAM,SAME_DAY
ORD-003223,SKU-00717,1,DC-02,STANDARD,2026-08-05T06:02:00,2026-08-05T12:02:00,PACKING,HOLD,EU,SAME_DAY
ORD-003224,SKU-00348,1,DC-11,STANDARD,2026-08-08T16:58:00,2026-08-09T16:58:00,SHIPPED,SHIPPED,LATAM,NEXT_DAY
ORD-003225,SKU-00973,1,DC-04,CRITICAL,2026-08-17T16:08:00,2026-08-18T04:08:00,PACKING,PACKING,,SAME_DAY
ORD-003226,SKU-00213,1,DC-07,STANDARD,2026-08-25T03:22:00,2026-08-25T11:22:00,PACKING,EXCEPTION,MEA,STANDARD
ORD-003227,SKU-00051,1,DC-11,STANDARD,2026-08-15T07:40:00,2026-08-16T07:40:00,ALLOCATED,HOLD,APAC,NEXT_DAY
ORD-003228,SKU-00246,1,DC-14,STANDARD,2026-08-04T10:19:00,2026-08-04T14:19:00,EXCEPTION,EXCEPTION,APAC,STANDARD
ORD-003229,SKU-00818,1,DC-04,EXPEDITE,2026-08-07T20:55:00,2026-08-08T20:55:00,SHIPPED,SHIPPED,LATAM,NEXT_DAY
ORD-003230,SKU-01076,1,DC-10,CRITICAL,2026-08-08T18:13:00,2026-08-09T00:13:00,SHIPPED,HOLD,,NEXT_DAY
ORD-003231,SKU-00918,1,DC-18,STANDARD,2026-08-24T10:22:00,2026-08-25T10:22:00,EXCEPTION,EXCEPTION,MEA,SAME_DAY
ORD-003232,SKU-00861,1,DC-02,CRITICAL,2026-08-19T01:54:00,2026-08-19T07:54:00,EXCEPTION,EXCEPTION,EU,NEXT_DAY
ORD-003233,SKU-01176,1,DC-17,CRITICAL,2026-08-19T20:13:00,2026-08-20T02:13:00,PACKING,EXCEPTION,APAC,SAME_DAY
ORD-003234,SKU-00455,1,DC-18,STANDARD,2026-08-10T05:54:00,2026-08-10T11:54:00,RELEASED,EXCEPTION,,NEXT_DAY
ORD-003235,SKU-00531,1,DC-09,EXPEDITE,2026-08-29T18:07:00,2026-08-30T00:07:00,RELEASED,RELEASED,EU,NEXT_DAY
ORD-003236,SKU-01135,1,DC-05,CRITICAL,2026-08-27T08:07:00,2026-08-28T08:07:00,EXCEPTION,EXCEPTION,APAC,NEXT_DAY
ORD-003237,SKU-00238,1,DC-17,CRITICAL,2026-08-27T05:47:00,2026-08-28T05:47:00,RELEASED,RELEASED,LATAM,STANDARD
ORD-003238,SKU-00953,1,DC-11,EXPEDITE,2026-08-13T06:03:00,2026-08-14T06:03:00,EXCEPTION,HOLD,LATAM,SAME_DAY
ORD-003239,SKU-00878,1,DC-15,STANDARD,2026-08-21T09:37:00,2026-08-21T13:37:00,PICKING,PICKING,APAC,STANDARD
ORD-003240,SKU-00966,1,DC-11,STANDARD,2026-08-03T23:04:00,2026-08-04T23:04:00,PICKING,PICKING,MEA,NEXT_DAY
ORD-003241,SKU-00418,1,DC-09,CRITICAL,2026-09-03T19:41:00,2026-09-04T03:41:00,SHIPPED,HOLD,MEA,STANDARD
ORD-003242,SKU-01009,1,DC-11,STANDARD,2026-08-12T12:54:00,2026-08-12T16:54:00,PICKING,PICKING,APAC,NEXT_DAY
ORD-003243,SKU-00006,1,DC-06,STANDARD,2026-08-18T17:02:00,2026-08-18T23:02:00,PICKING,HOLD,APAC,SAME_DAY
ORD-003244,SKU-01195,1,DC-10,STANDARD,2026-08-09T14:20:00,2026-08-10T14:20:00,EXCEPTION,EXCEPTION,EU,STANDARD
ORD-003245,SKU-01200,1,DC-16,EXPEDITE,2026-08-01T14:34:00,2026-08-02T02:34:00,PACKING,EXCEPTION,APAC,SAME_DAY
ORD-003246,SKU-00902,1,DC-17,STANDARD,2026-09-04T06:03:00,2026-09-04T14:03:00,RELEASED,RELEASED,,NEXT_DAY
ORD-003247,SKU-00728,1,DC-07,STANDARD,2026-08-06T19:56:00,2026-08-06T23:56:00,PACKING,HOLD,LATAM,SAME_DAY
ORD-003248,SKU-00682,1,DC-18,STANDARD,2026-08-27T06:01:00,2026-08-27T18:01:00,EXCEPTION,EXCEPTION,APAC,STANDARD
ORD-003249,SKU-00187,1,DC-03,STANDARD,2026-08-19T10:33:00,2026-08-19T22:33:00,SHIPPED,SHIPPED,MEA,SAME_DAY
ORD-003250,SKU-00315,1,DC-01,EXPEDITE,2026-09-04T14:57:00,2026-09-05T02:57:00,SHIPPED,SHIPPED,,STANDARD
ORD-003251,SKU-01026,1,DC-18,STANDARD,2026-08-17T07:01:00,2026-08-17T11:01:00,EXCEPTION,HOLD,MEA,SAME_DAY
ORD-003252,SKU-00424,1,DC-08,STANDARD,2026-08-31T02:51:00,2026-08-31T06:51:00,ALLOCATED,HOLD,LATAM,STANDARD
ORD-003253,SKU-00414,1,DC-18,EXPEDITE,2026-08-03T00:50:00,2026-08-03T08:50:00,RELEASED,RELEASED,LATAM,SAME_DAY
ORD-003254,SKU-00304,1,DC-06,STANDARD,2026-08-06T14:59:00,2026-08-06T20:59:00,PICKING,HOLD,APAC,SAME_DAY
ORD-003255,SKU-00131,1,DC-02,STANDARD,2026-08-24T06:05:00,2026-08-24T12:05:00,ALLOCATED,ALLOCATED,,SAME_DAY
ORD-003256,SKU-00479,1,DC-02,STANDARD,2026-08-02T05:12:00,2026-08-02T17:12:00,RELEASED,RELEASED,EU,SAME_DAY
ORD-003257,SKU-00370,1,DC-05,CRITICAL,2026-08-22T02:11:00,2026-08-23T02:11:00,PICKING,PICKING,,STANDARD
ORD-003258,SKU-01196,1,DC-13,CRITICAL,2026-08-07T02:01:00,2026-08-07T10:01:00,EXCEPTION,HOLD,MEA,SAME_DAY
ORD-003259,SKU-00198,1,DC-08,STANDARD,2026-08-24T20:59:00,2026-08-25T08:59:00,EXCEPTION,EXCEPTION,APAC,STANDARD
ORD-003260,SKU-00028,1,DC-16,STANDARD,2026-08-13T22:03:00,2026-08-14T04:03:00,SHIPPED,EXCEPTION,APAC,NEXT_DAY
ORD-003261,SKU-01076,1,DC-13,STANDARD,2026-08-28T17:45:00,2026-08-28T23:45:00,STAGED,STAGED,MEA,STANDARD
ORD-003262,SKU-00213,1,DC-10,STANDARD,2026-08-02T10:33:00,2026-08-03T10:33:00,SHIPPED,SHIPPED,APAC,STANDARD
ORD-003263,SKU-00485,1,DC-14,STANDARD,2026-08-08T02:48:00,2026-08-09T02:48:00,PICKING,PICKING,,NEXT_DAY
ORD-003264,SKU-00380,1,DC-18,STANDARD,2026-08-30T18:04:00,2026-08-30T22:04:00,PICKING,PICKING,LATAM,STANDARD
ORD-003265,SKU-00899,1,DC-10,STANDARD,2026-08-25T17:53:00,2026-08-25T23:53:00,SHIPPED,EXCEPTION,LATAM,NEXT_DAY
ORD-003266,SKU-00090,1,DC-09,CRITICAL,2026-09-04T08:26:00,2026-09-04T12:26:00,PACKING,EXCEPTION,MEA,NEXT_DAY
ORD-003267,SKU-00738,1,DC-18,STANDARD,2026-08-03T10:57:00,2026-08-03T22:57:00,STAGED,HOLD,APAC,NEXT_DAY
ORD-003268,SKU-00539,1,DC-10,STANDARD,2026-08-24T03:59:00,2026-08-25T03:59:00,PICKING,EXCEPTION,EU,SAME_DAY
ORD-003269,SKU-01040,1,DC-02,STANDARD,2026-09-04T16:33:00,2026-09-05T00:33:00,RELEASED,RELEASED,,STANDARD
ORD-003270,SKU-00023,1,DC-18,EXPEDITE,2026-08-21T23:54:00,2026-08-22T05:54:00,SHIPPED,SHIPPED,EU,STANDARD
ORD-003271,SKU-00708,1,DC-16,EXPEDITE,2026-08-26T15:39:00,2026-08-26T21:39:00,PACKING,PACKING,LATAM,SAME_DAY
ORD-003272,SKU-00504,1,DC-11,STANDARD,2026-08-16T00:10:00,2026-08-16T04:10:00,RELEASED,HOLD,EU,STANDARD
ORD-003273,SKU-01197,1,DC-13,STANDARD,2026-08-16T19:03:00,2026-08-17T19:03:00,PICKING,EXCEPTION,EU,STANDARD
ORD-003274,SKU-01151,1,DC-15,STANDARD,2026-08-17T03:33:00,2026-08-17T09:33:00,RELEASED,RELEASED,APAC,STANDARD
ORD-003275,SKU-01010,1,DC-13,CRITICAL,2026-08-12T12:30:00,2026-08-12T18:30:00,STAGED,STAGED,APAC,SAME_DAY
ORD-003276,SKU-01031,1,DC-15,EXPEDITE,2026-08-15T09:28:00,2026-08-16T09:28:00,STAGED,STAGED,,NEXT_DAY
ORD-003277,SKU-00285,1,DC-15,STANDARD,2026-08-09T19:13:00,2026-08-09T23:13:00,ALLOCATED,ALLOCATED,,STANDARD
ORD-003278,SKU-00650,1,DC-10,STANDARD,2026-08-09T09:00:00,2026-08-09T13:00:00,PACKING,PACKING,EU,NEXT_DAY
ORD-003279,SKU-00797,1,DC-11,CRITICAL,2026-08-31T19:05:00,2026-09-01T19:05:00,SHIPPED,SHIPPED,MEA,NEXT_DAY
ORD-003280,SKU-00677,1,DC-03,STANDARD,2026-08-02T22:57:00,2026-08-03T22:57:00,ALLOCATED,ALLOCATED,LATAM,STANDARD
ORD-003281,SKU-01027,1,DC-14,EXPEDITE,2026-08-29T21:39:00,2026-08-30T05:39:00,PACKING,PACKING,EU,NEXT_DAY
ORD-003282,SKU-00588,1,DC-09,CRITICAL,2026-08-19T05:54:00,2026-08-19T09:54:00,STAGED,STAGED,MEA,SAME_DAY
ORD-003283,SKU-01080,1,DC-12,STANDARD,2026-08-21T14:11:00,2026-08-21T18:11:00,RELEASED,HOLD,APAC,NEXT_DAY
ORD-003284,SKU-00211,1,DC-06,STANDARD,2026-08-14T01:11:00,2026-08-14T09:11:00,RELEASED,EXCEPTION,LATAM,NEXT_DAY
ORD-003285,SKU-00123,1,DC-13,STANDARD,2026-09-02T22:43:00,2026-09-03T04:43:00,PICKING,HOLD,MEA,SAME_DAY
ORD-003286,SKU-00187,1,DC-05,STANDARD,2026-08-11T19:11:00,2026-08-12T03:11:00,RELEASED,RELEASED,EU,SAME_DAY
ORD-003287,SKU-00180,1,DC-11,STANDARD,2026-08-03T07:59:00,2026-08-03T19:59:00,EXCEPTION,EXCEPTION,EU,STANDARD
ORD-003288,SKU-00743,1,DC-04,STANDARD,2026-08-29T00:37:00,2026-08-29T06:37:00,STAGED,HOLD,APAC,NEXT_DAY
ORD-003289,SKU-00278,1,DC-02,EXPEDITE,2026-08-14T12:09:00,2026-08-15T00:09:00,RELEASED,RELEASED,APAC,SAME_DAY
ORD-003290,SKU-00436,1,DC-05,STANDARD,2026-08-24T16:43:00,2026-08-24T20:43:00,RELEASED,RELEASED,,SAME_DAY
ORD-003291,SKU-00404,1,DC-17,STANDARD,2026-08-31T17:35:00,2026-09-01T05:35:00,PACKING,EXCEPTION,LATAM,STANDARD
ORD-003292,SKU-01130,1,DC-13,STANDARD,2026-08-07T09:49:00,2026-08-07T17:49:00,STAGED,HOLD,LATAM,SAME_DAY
ORD-003293,SKU-00476,1,DC-07,STANDARD,2026-08-11T04:14:00,2026-08-11T16:14:00,SHIPPED,EXCEPTION,EU,NEXT_DAY
ORD-003294,SKU-00316,1,DC-17,STANDARD,2026-09-02T17:25:00,2026-09-03T17:25:00,RELEASED,EXCEPTION,APAC,STANDARD
ORD-003295,SKU-01088,1,DC-09,STANDARD,2026-08-09T22:04:00,2026-08-10T04:04:00,RELEASED,RELEASED,,STANDARD
ORD-003296,SKU-00621,1,DC-01,STANDARD,2026-08-02T18:56:00,2026-08-03T18:56:00,RELEASED,RELEASED,,STANDARD
ORD-003297,SKU-00951,1,DC-15,STANDARD,2026-08-06T02:03:00,2026-08-06T10:03:00,PICKING,PICKING,LATAM,SAME_DAY
ORD-003298,SKU-00427,1,DC-15,STANDARD,2026-08-28T15:57:00,2026-08-28T19:57:00,ALLOCATED,ALLOCATED,MEA,STANDARD
ORD-003299,SKU-01179,1,DC-05,STANDARD,2026-08-30T18:51:00,2026-08-31T02:51:00,RELEASED,HOLD,APAC,NEXT_DAY
ORD-003300,SKU-00886,1,DC-18,STANDARD,2026-08-10T05:08:00,2026-08-10T09:08:00,PACKING,PACKING,APAC,STANDARD
ORD-003301,SKU-00608,1,DC-03,CRITICAL,2026-08-17T13:24:00,2026-08-17T19:24:00,PICKING,PICKING,APAC,STANDARD
ORD-003302,SKU-00186,1,DC-09,CRITICAL,2026-08-19T12:04:00,2026-08-19T16:04:00,PACKING,HOLD,LATAM,SAME_DAY
ORD-003303,SKU-00695,1,DC-14,STANDARD,2026-08-06T19:29:00,2026-08-07T07:29:00,SHIPPED,EXCEPTION,MEA,STANDARD
ORD-003304,SKU-00250,1,DC-08,STANDARD,2026-08-21T18:04:00,2026-08-21T22:04:00,PACKING,PACKING,LATAM,SAME_DAY
ORD-003305,SKU-00445,1,DC-10,STANDARD,2026-08-30T07:55:00,2026-08-30T13:55:00,PICKING,PICKING,LATAM,STANDARD
ORD-003306,SKU-00340,1,DC-05,STANDARD,2026-08-26T23:40:00,2026-08-27T07:40:00,EXCEPTION,EXCEPTION,LATAM,SAME_DAY
ORD-003307,SKU-00401,1,DC-16,EXPEDITE,2026-09-02T23:53:00,2026-09-03T05:53:00,EXCEPTION,EXCEPTION,,SAME_DAY
ORD-003308,SKU-00926,1,DC-10,EXPEDITE,2026-08-27T10:30:00,2026-08-27T14:30:00,PACKING,HOLD,MEA,NEXT_DAY
ORD-003309,SKU-00483,1,DC-03,STANDARD,2026-08-13T16:02:00,2026-08-14T16:02:00,STAGED,EXCEPTION,LATAM,NEXT_DAY
ORD-003310,SKU-00244,1,DC-02,STANDARD,2026-08-03T07:45:00,2026-08-03T19:45:00,RELEASED,RELEASED,,STANDARD
ORD-003311,SKU-00604,1,DC-06,STANDARD,2026-08-14T06:35:00,2026-08-14T14:35:00,PICKING,HOLD,LATAM,NEXT_DAY
ORD-003312,SKU-00655,1,DC-11,STANDARD,2026-08-22T07:55:00,2026-08-22T11:55:00,STAGED,STAGED,APAC,NEXT_DAY
ORD-003313,SKU-00858,1,DC-01,STANDARD,2026-08-06T03:49:00,2026-08-06T07:49:00,SHIPPED,EXCEPTION,LATAM,STANDARD
ORD-003314,SKU-01085,1,DC-15,EXPEDITE,2026-08-20T17:25:00,2026-08-21T05:25:00,STAGED,EXCEPTION,APAC,STANDARD
ORD-003315,SKU-00506,1,DC-05,STANDARD,2026-08-04T09:39:00,2026-08-04T13:39:00,RELEASED,HOLD,,STANDARD
ORD-003316,SKU-00174,1,DC-04,STANDARD,2026-08-28T11:28:00,2026-08-28T17:28:00,STAGED,STAGED,APAC,NEXT_DAY
ORD-003317,SKU-01040,1,DC-10,STANDARD,2026-08-15T11:26:00,2026-08-15T15:26:00,EXCEPTION,HOLD,APAC,NEXT_DAY
ORD-003318,SKU-00690,1,DC-10,STANDARD,2026-08-18T13:36:00,2026-08-18T21:36:00,PICKING,PICKING,MEA,STANDARD
ORD-003319,SKU-01103,1,DC-03,STANDARD,2026-08-03T07:10:00,2026-08-03T11:10:00,STAGED,HOLD,APAC,NEXT_DAY
ORD-003320,SKU-00401,1,DC-18,EXPEDITE,2026-08-08T19:41:00,2026-08-09T07:41:00,RELEASED,EXCEPTION,EU,STANDARD
ORD-003321,SKU-01102,1,DC-06,STANDARD,2026-08-24T07:32:00,2026-08-24T15:32:00,SHIPPED,EXCEPTION,EU,SAME_DAY
ORD-003322,SKU-00052,1,DC-18,EXPEDITE,2026-08-15T09:14:00,2026-08-15T13:14:00,SHIPPED,HOLD,LATAM,STANDARD
ORD-003323,SKU-00379,1,DC-05,STANDARD,2026-09-02T01:24:00,2026-09-02T09:24:00,PICKING,PICKING,LATAM,STANDARD
ORD-003324,SKU-00369,1,DC-12,STANDARD,2026-09-02T11:34:00,2026-09-02T17:34:00,PICKING,PICKING,APAC,STANDARD
ORD-003325,SKU-01159,1,DC-10,EXPEDITE,2026-08-14T08:48:00,2026-08-14T20:48:00,EXCEPTION,EXCEPTION,MEA,STANDARD
ORD-003326,SKU-00796,1,DC-16,EXPEDITE,2026-08-17T07:53:00,2026-08-18T07:53:00,PACKING,PACKING,APAC,STANDARD
ORD-003327,SKU-01149,1,DC-05,STANDARD,2026-08-29T04:55:00,2026-08-30T04:55:00,PICKING,HOLD,EU,NEXT_DAY
ORD-003328,SKU-00424,1,DC-07,STANDARD,2026-08-16T14:00:00,2026-08-17T02:00:00,RELEASED,RELEASED,,SAME_DAY
ORD-003329,SKU-00488,1,DC-08,STANDARD,2026-08-25T17:41:00,2026-08-25T21:41:00,SHIPPED,HOLD,MEA,NEXT_DAY
ORD-003330,SKU-00359,1,DC-17,STANDARD,2026-08-29T09:03:00,2026-08-29T15:03:00,SHIPPED,EXCEPTION,MEA,NEXT_DAY
ORD-003331,SKU-00523,1,DC-04,STANDARD,2026-08-06T16:38:00,2026-08-07T04:38:00,SHIPPED,EXCEPTION,,NEXT_DAY
ORD-003332,SKU-00471,1,DC-04,CRITICAL,2026-08-31T15:14:00,2026-08-31T21:14:00,SHIPPED,SHIPPED,LATAM,STANDARD
ORD-003333,SKU-00237,1,DC-07,CRITICAL,2026-08-31T04:37:00,2026-08-31T16:37:00,ALLOCATED,ALLOCATED,EU,STANDARD
ORD-003334,SKU-00439,1,DC-15,STANDARD,2026-08-17T03:28:00,2026-08-17T07:28:00,PICKING,HOLD,MEA,SAME_DAY
ORD-003335,SKU-00640,1,DC-09,EXPEDITE,2026-08-10T09:16:00,2026-08-10T13:16:00,SHIPPED,SHIPPED,,NEXT_DAY
ORD-003336,SKU-00402,1,DC-14,STANDARD,2026-08-15T04:54:00,2026-08-15T16:54:00,SHIPPED,SHIPPED,MEA,SAME_DAY
ORD-003337,SKU-00972,1,DC-13,STANDARD,2026-08-06T10:12:00,2026-08-07T10:12:00,PACKING,PACKING,MEA,SAME_DAY
ORD-003338,SKU-00055,1,DC-12,STANDARD,2026-09-02T14:05:00,2026-09-02T22:05:00,RELEASED,RELEASED,MEA,SAME_DAY
ORD-003339,SKU-00590,1,DC-09,STANDARD,2026-08-17T12:38:00,2026-08-17T20:38:00,EXCEPTION,EXCEPTION,,SAME_DAY
ORD-003340,SKU-00476,1,DC-17,EXPEDITE,2026-08-18T02:17:00,2026-08-18T14:17:00,STAGED,STAGED,,NEXT_DAY
ORD-003341,SKU-01118,1,DC-09,STANDARD,2026-08-11T01:31:00,2026-08-11T07:31:00,PICKING,PICKING,LATAM,STANDARD
ORD-003342,SKU-00765,1,DC-12,EXPEDITE,2026-08-31T08:37:00,2026-08-31T14:37:00,SHIPPED,SHIPPED,APAC,NEXT_DAY
ORD-003343,SKU-00551,1,DC-15,CRITICAL,2026-09-03T09:27:00,2026-09-03T17:27:00,ALLOCATED,EXCEPTION,APAC,NEXT_DAY
ORD-003344,SKU-01101,1,DC-04,EXPEDITE,2026-08-07T14:12:00,2026-08-07T20:12:00,RELEASED,HOLD,APAC,SAME_DAY
ORD-003345,SKU-00143,1,DC-18,STANDARD,2026-08-04T23:36:00,2026-08-05T07:36:00,PACKING,HOLD,LATAM,SAME_DAY
ORD-003346,SKU-00560,1,DC-12,STANDARD,2026-08-14T02:33:00,2026-08-14T06:33:00,PACKING,HOLD,MEA,SAME_DAY
ORD-003347,SKU-01058,1,DC-17,STANDARD,2026-08-05T17:56:00,2026-08-06T01:56:00,SHIPPED,SHIPPED,,STANDARD
ORD-003348,SKU-00978,1,DC-08,CRITICAL,2026-08-06T10:31:00,2026-08-06T22:31:00,PICKING,EXCEPTION,LATAM,STANDARD
ORD-003349,SKU-00378,1,DC-05,STANDARD,2026-08-31T13:21:00,2026-08-31T17:21:00,ALLOCATED,ALLOCATED,MEA,STANDARD
ORD-003350,SKU-00046,1,DC-05,STANDARD,2026-08-09T00:32:00,2026-08-09T12:32:00,EXCEPTION,HOLD,MEA,STANDARD
ORD-003351,SKU-00145,1,DC-15,STANDARD,2026-08-14T04:48:00,2026-08-15T04:48:00,RELEASED,RELEASED,EU,STANDARD
ORD-003352,SKU-00443,1,DC-13,EXPEDITE,2026-09-01T15:55:00,2026-09-01T19:55:00,PACKING,HOLD,MEA,STANDARD
ORD-003353,SKU-00598,1,DC-06,STANDARD,2026-08-28T16:37:00,2026-08-28T22:37:00,PICKING,PICKING,,SAME_DAY
ORD-003354,SKU-00996,1,DC-11,STANDARD,2026-08-05T09:58:00,2026-08-05T15:58:00,EXCEPTION,EXCEPTION,MEA,NEXT_DAY
ORD-003355,SKU-00261,1,DC-11,STANDARD,2026-09-03T20:01:00,2026-09-04T20:01:00,EXCEPTION,EXCEPTION,MEA,STANDARD
ORD-003356,SKU-00560,1,DC-01,STANDARD,2026-08-08T18:49:00,2026-08-09T18:49:00,PACKING,EXCEPTION,,SAME_DAY
ORD-003357,SKU-00917,1,DC-13,STANDARD,2026-08-27T18:23:00,2026-08-28T00:23:00,PICKING,PICKING,LATAM,SAME_DAY
ORD-003358,SKU-00393,1,DC-11,STANDARD,2026-08-22T07:44:00,2026-08-22T15:44:00,PACKING,PACKING,,NEXT_DAY
ORD-003359,SKU-00373,1,DC-06,STANDARD,2026-08-13T00:55:00,2026-08-13T12:55:00,PICKING,HOLD,APAC,NEXT_DAY
ORD-003360,SKU-00846,1,DC-05,STANDARD,2026-08-11T18:10:00,2026-08-12T06:10:00,RELEASED,HOLD,LATAM,STANDARD
ORD-003361,SKU-00758,1,DC-08,STANDARD,2026-08-06T18:51:00,2026-08-07T18:51:00,ALLOCATED,ALLOCATED,APAC,SAME_DAY
ORD-003362,SKU-00239,1,DC-16,STANDARD,2026-08-20T13:07:00,2026-08-21T13:07:00,SHIPPED,SHIPPED,EU,SAME_DAY
ORD-003363,SKU-01189,1,DC-18,EXPEDITE,2026-08-06T11:51:00,2026-08-06T15:51:00,PICKING,PICKING,EU,SAME_DAY
ORD-003364,SKU-00169,1,DC-07,STANDARD,2026-08-07T04:25:00,2026-08-07T08:25:00,PICKING,PICKING,EU,STANDARD
ORD-003365,SKU-00894,1,DC-01,STANDARD,2026-08-22T15:30:00,2026-08-23T03:30:00,STAGED,HOLD,LATAM,NEXT_DAY
ORD-003366,SKU-01089,1,DC-08,STANDARD,2026-08-31T09:32:00,2026-08-31T17:32:00,SHIPPED,EXCEPTION,,NEXT_DAY
ORD-003367,SKU-01067,1,DC-16,STANDARD,2026-08-13T23:20:00,2026-08-14T07:20:00,STAGED,STAGED,LATAM,STANDARD
ORD-003368,SKU-01181,1,DC-11,STANDARD,2026-08-01T11:54:00,2026-08-01T23:54:00,PICKING,HOLD,LATAM,SAME_DAY
ORD-003369,SKU-00159,1,DC-12,CRITICAL,2026-08-16T17:32:00,2026-08-16T21:32:00,RELEASED,EXCEPTION,,NEXT_DAY
ORD-003370,SKU-01082,1,DC-16,EXPEDITE,2026-08-23T08:19:00,2026-08-23T12:19:00,ALLOCATED,HOLD,MEA,SAME_DAY
ORD-003371,SKU-00785,1,DC-16,STANDARD,2026-08-01T16:09:00,2026-08-01T20:09:00,STAGED,STAGED,LATAM,NEXT_DAY
ORD-003372,SKU-00624,1,DC-05,STANDARD,2026-09-03T12:09:00,2026-09-03T20:09:00,EXCEPTION,HOLD,EU,STANDARD
ORD-003373,SKU-00780,1,DC-08,STANDARD,2026-08-13T03:53:00,2026-08-13T09:53:00,PACKING,HOLD,,STANDARD
ORD-003374,SKU-00915,1,DC-09,CRITICAL,2026-08-01T09:37:00,2026-08-01T15:37:00,EXCEPTION,EXCEPTION,,SAME_DAY
ORD-003375,SKU-00209,1,DC-10,EXPEDITE,2026-08-10T03:06:00,2026-08-11T03:06:00,PACKING,PACKING,APAC,SAME_DAY
ORD-003376,SKU-00751,1,DC-15,EXPEDITE,2026-08-15T05:06:00,2026-08-15T11:06:00,EXCEPTION,HOLD,LATAM,NEXT_DAY
ORD-003377,SKU-00166,1,DC-06,CRITICAL,2026-08-22T22:08:00,2026-08-23T02:08:00,EXCEPTION,EXCEPTION,,STANDARD
ORD-003378,SKU-00278,1,DC-09,STANDARD,2026-09-02T21:12:00,2026-09-03T03:12:00,PICKING,EXCEPTION,EU,STANDARD
ORD-003379,SKU-00527,1,DC-17,STANDARD,2026-08-15T13:57:00,2026-08-15T19:57:00,PACKING,EXCEPTION,MEA,NEXT_DAY
ORD-003380,SKU-00424,1,DC-06,EXPEDITE,2026-08-13T02:23:00,2026-08-14T02:23:00,PACKING,PACKING,,SAME_DAY
ORD-003381,SKU-00881,1,DC-17,STANDARD,2026-09-04T12:56:00,2026-09-04T18:56:00,RELEASED,EXCEPTION,APAC,STANDARD
ORD-003382,SKU-01123,1,DC-14,STANDARD,2026-09-02T19:33:00,2026-09-03T19:33:00,RELEASED,RELEASED,,SAME_DAY
ORD-003383,SKU-00701,1,DC-01,STANDARD,2026-08-24T20:18:00,2026-08-25T02:18:00,PICKING,PICKING,APAC,NEXT_DAY
ORD-003384,SKU-01059,1,DC-03,EXPEDITE,2026-08-14T03:05:00,2026-08-14T11:05:00,STAGED,STAGED,MEA,STANDARD
ORD-003385,SKU-00986,1,DC-14,EXPEDITE,2026-08-05T09:15:00,2026-08-06T09:15:00,EXCEPTION,EXCEPTION,LATAM,SAME_DAY
ORD-003386,SKU-00978,1,DC-18,STANDARD,2026-08-04T01:44:00,2026-08-04T13:44:00,PACKING,PACKING,,NEXT_DAY
ORD-003387,SKU-00060,1,DC-15,STANDARD,2026-08-10T13:15:00,2026-08-11T01:15:00,RELEASED,HOLD,,NEXT_DAY
ORD-003388,SKU-00824,1,DC-04,STANDARD,2026-08-01T20:09:00,2026-08-02T08:09:00,RELEASED,EXCEPTION,,STANDARD
ORD-003389,SKU-00726,1,DC-04,EXPEDITE,2026-08-28T21:55:00,2026-08-29T03:55:00,PICKING,PICKING,EU,NEXT_DAY
ORD-003390,SKU-00366,1,DC-18,STANDARD,2026-08-30T12:07:00,2026-08-31T12:07:00,SHIPPED,SHIPPED,MEA,STANDARD
ORD-003391,SKU-00101,1,DC-17,CRITICAL,2026-08-06T20:22:00,2026-08-07T00:22:00,PICKING,PICKING,MEA,NEXT_DAY
ORD-003392,SKU-00940,1,DC-06,STANDARD,2026-09-01T19:30:00,2026-09-02T19:30:00,PACKING,PACKING,LATAM,STANDARD
ORD-003393,SKU-01051,1,DC-13,STANDARD,2026-08-29T05:52:00,2026-08-29T09:52:00,EXCEPTION,EXCEPTION,LATAM,SAME_DAY
ORD-003394,SKU-00046,1,DC-16,STANDARD,2026-08-05T16:44:00,2026-08-06T16:44:00,ALLOCATED,ALLOCATED,EU,SAME_DAY
ORD-003395,SKU-00721,1,DC-11,STANDARD,2026-08-17T21:39:00,2026-08-18T03:39:00,ALLOCATED,ALLOCATED,APAC,SAME_DAY
ORD-003396,SKU-00498,1,DC-01,EXPEDITE,2026-08-14T20:44:00,2026-08-15T04:44:00,EXCEPTION,EXCEPTION,MEA,NEXT_DAY
ORD-003397,SKU-00316,1,DC-14,STANDARD,2026-08-20T08:04:00,2026-08-20T14:04:00,ALLOCATED,ALLOCATED,EU,SAME_DAY
ORD-003398,SKU-00706,1,DC-01,EXPEDITE,2026-08-02T10:47:00,2026-08-03T10:47:00,PICKING,EXCEPTION,,NEXT_DAY
ORD-003399,SKU-00374,1,DC-01,STANDARD,2026-08-29T11:12:00,2026-08-29T15:12:00,EXCEPTION,EXCEPTION,,SAME_DAY
ORD-003400,SKU-01141,1,DC-16,EXPEDITE,2026-08-18T03:46:00,2026-08-19T03:46:00,RELEASED,EXCEPTION,LATAM,SAME_DAY
ORD-003401,SKU-00122,1,DC-11,STANDARD,2026-08-07T06:51:00,2026-08-07T12:51:00,EXCEPTION,EXCEPTION,LATAM,SAME_DAY
ORD-003402,SKU-00340,1,DC-18,CRITICAL,2026-08-11T20:59:00,2026-08-12T04:59:00,EXCEPTION,EXCEPTION,LATAM,STANDARD
ORD-003403,SKU-01076,1,DC-13,STANDARD,2026-08-20T14:09:00,2026-08-21T14:09:00,PICKING,PICKING,EU,SAME_DAY
ORD-003404,SKU-00578,1,DC-12,CRITICAL,2026-08-21T07:05:00,2026-08-21T15:05:00,PICKING,PICKING,LATAM,SAME_DAY
ORD-003405,SKU-00915,1,DC-02,STANDARD,2026-08-30T13:12:00,2026-08-30T19:12:00,PACKING,HOLD,LATAM,SAME_DAY
ORD-003406,SKU-00839,1,DC-18,CRITICAL,2026-09-04T05:18:00,2026-09-04T11:18:00,STAGED,STAGED,APAC,NEXT_DAY
ORD-003407,SKU-00392,1,DC-13,STANDARD,2026-08-22T11:07:00,2026-08-22T15:07:00,SHIPPED,SHIPPED,MEA,STANDARD
ORD-003408,SKU-00455,1,DC-07,STANDARD,2026-08-29T18:44:00,2026-08-30T06:44:00,PACKING,PACKING,LATAM,STANDARD
ORD-003409,SKU-00961,1,DC-14,CRITICAL,2026-08-07T03:07:00,2026-08-08T03:07:00,SHIPPED,SHIPPED,EU,STANDARD
ORD-003410,SKU-01102,1,DC-16,EXPEDITE,2026-08-28T18:34:00,2026-08-29T06:34:00,ALLOCATED,ALLOCATED,LATAM,NEXT_DAY
ORD-003411,SKU-00013,1,DC-16,STANDARD,2026-08-09T06:40:00,2026-08-09T12:40:00,ALLOCATED,HOLD,,STANDARD
ORD-003412,SKU-00040,1,DC-11,STANDARD,2026-08-23T12:39:00,2026-08-23T20:39:00,STAGED,STAGED,APAC,STANDARD
ORD-003413,SKU-00847,1,DC-07,EXPEDITE,2026-08-08T08:48:00,2026-08-09T08:48:00,STAGED,STAGED,APAC,SAME_DAY
ORD-003414,SKU-00224,1,DC-03,STANDARD,2026-08-13T18:04:00,2026-08-14T00:04:00,EXCEPTION,HOLD,,NEXT_DAY
ORD-003415,SKU-00770,1,DC-10,STANDARD,2026-08-30T04:07:00,2026-08-30T16:07:00,PICKING,PICKING,EU,NEXT_DAY
ORD-003416,SKU-00842,1,DC-06,EXPEDITE,2026-08-01T11:25:00,2026-08-01T19:25:00,STAGED,STAGED,,SAME_DAY
ORD-003417,SKU-01026,1,DC-18,EXPEDITE,2026-09-05T00:44:00,2026-09-05T04:44:00,RELEASED,RELEASED,MEA,STANDARD
ORD-003418,SKU-00515,1,DC-11,STANDARD,2026-08-12T10:26:00,2026-08-12T14:26:00,STAGED,STAGED,EU,STANDARD
ORD-003419,SKU-00302,1,DC-16,STANDARD,2026-08-24T14:05:00,2026-08-25T14:05:00,PICKING,PICKING,MEA,STANDARD
ORD-003420,SKU-00001,1,DC-07,STANDARD,2026-08-02T03:22:00,2026-08-02T11:22:00,STAGED,STAGED,MEA,STANDARD
ORD-003421,SKU-00700,1,DC-15,STANDARD,2026-08-30T21:13:00,2026-08-31T01:13:00,PACKING,PACKING,MEA,SAME_DAY
ORD-003422,SKU-00438,1,DC-14,CRITICAL,2026-08-28T14:08:00,2026-08-28T22:08:00,EXCEPTION,EXCEPTION,,SAME_DAY
ORD-003423,SKU-00065,1,DC-01,STANDARD,2026-08-26T07:54:00,2026-08-26T11:54:00,EXCEPTION,HOLD,MEA,NEXT_DAY
ORD-003424,SKU-00529,1,DC-03,STANDARD,2026-08-10T01:52:00,2026-08-10T09:52:00,RELEASED,RELEASED,EU,SAME_DAY
ORD-003425,SKU-00669,1,DC-10,CRITICAL,2026-08-18T07:37:00,2026-08-18T13:37:00,STAGED,HOLD,LATAM,STANDARD
ORD-003426,SKU-00188,1,DC-02,STANDARD,2026-08-16T23:51:00,2026-08-17T07:51:00,ALLOCATED,ALLOCATED,LATAM,NEXT_DAY
ORD-003427,SKU-00973,1,DC-18,EXPEDITE,2026-08-25T20:34:00,2026-08-26T20:34:00,SHIPPED,SHIPPED,APAC,STANDARD
ORD-003428,SKU-00114,1,DC-15,STANDARD,2026-08-06T07:25:00,2026-08-06T11:25:00,STAGED,STAGED,MEA,STANDARD
ORD-003429,SKU-00411,1,DC-14,STANDARD,2026-08-26T02:43:00,2026-08-26T08:43:00,ALLOCATED,ALLOCATED,MEA,SAME_DAY
ORD-003430,SKU-01159,1,DC-08,STANDARD,2026-08-10T12:28:00,2026-08-10T20:28:00,PACKING,HOLD,,STANDARD
ORD-003431,SKU-00519,1,DC-11,EXPEDITE,2026-08-22T05:58:00,2026-08-22T17:58:00,RELEASED,RELEASED,,SAME_DAY
ORD-003432,SKU-00329,1,DC-03,STANDARD,2026-08-17T16:20:00,2026-08-18T16:20:00,PICKING,EXCEPTION,EU,NEXT_DAY
ORD-003433,SKU-00703,1,DC-10,STANDARD,2026-08-12T17:03:00,2026-08-12T23:03:00,PICKING,PICKING,MEA,NEXT_DAY
ORD-003434,SKU-00631,1,DC-13,STANDARD,2026-08-26T18:22:00,2026-08-27T00:22:00,EXCEPTION,EXCEPTION,APAC,STANDARD
ORD-003435,SKU-00771,1,DC-16,EXPEDITE,2026-08-06T17:11:00,2026-08-07T01:11:00,PICKING,EXCEPTION,APAC,NEXT_DAY
ORD-003436,SKU-00771,1,DC-07,STANDARD,2026-08-12T01:39:00,2026-08-12T07:39:00,PICKING,PICKING,LATAM,SAME_DAY
ORD-003437,SKU-01044,1,DC-10,STANDARD,2026-08-13T17:07:00,2026-08-14T17:07:00,RELEASED,RELEASED,APAC,NEXT_DAY
ORD-003438,SKU-00507,1,DC-09,STANDARD,2026-08-15T10:41:00,2026-08-15T18:41:00,SHIPPED,EXCEPTION,,NEXT_DAY
ORD-003439,SKU-00773,1,DC-16,CRITICAL,2026-08-15T00:48:00,2026-08-16T00:48:00,ALLOCATED,ALLOCATED,MEA,STANDARD
ORD-003440,SKU-00996,1,DC-07,STANDARD,2026-08-25T14:50:00,2026-08-25T18:50:00,SHIPPED,SHIPPED,LATAM,STANDARD
ORD-003441,SKU-00513,1,DC-07,EXPEDITE,2026-08-12T16:32:00,2026-08-12T22:32:00,STAGED,HOLD,EU,NEXT_DAY
ORD-003442,SKU-00687,1,DC-17,STANDARD,2026-08-02T14:26:00,2026-08-02T18:26:00,SHIPPED,SHIPPED,,STANDARD
ORD-003443,SKU-00947,1,DC-13,CRITICAL,2026-08-31T12:47:00,2026-09-01T12:47:00,EXCEPTION,HOLD,MEA,SAME_DAY
ORD-003444,SKU-00746,1,DC-05,CRITICAL,2026-08-15T03:49:00,2026-08-15T11:49:00,SHIPPED,SHIPPED,EU,STANDARD
ORD-003445,SKU-00461,1,DC-10,EXPEDITE,2026-09-01T19:10:00,2026-09-02T03:10:00,SHIPPED,SHIPPED,LATAM,STANDARD
ORD-003446,SKU-00640,1,DC-15,CRITICAL,2026-08-27T07:40:00,2026-08-27T13:40:00,PICKING,HOLD,LATAM,NEXT_DAY
ORD-003447,SKU-00655,1,DC-08,STANDARD,2026-08-08T05:53:00,2026-08-08T09:53:00,STAGED,HOLD,LATAM,SAME_DAY
ORD-003448,SKU-00729,1,DC-15,STANDARD,2026-08-23T18:49:00,2026-08-24T06:49:00,RELEASED,EXCEPTION,EU,SAME_DAY
ORD-003449,SKU-00526,1,DC-04,EXPEDITE,2026-08-15T09:43:00,2026-08-16T09:43:00,PACKING,EXCEPTION,APAC,NEXT_DAY
ORD-003450,SKU-00577,1,DC-12,STANDARD,2026-08-28T14:49:00,2026-08-29T02:49:00,STAGED,STAGED,EU,NEXT_DAY
ORD-003451,SKU-00280,1,DC-03,STANDARD,2026-08-10T11:58:00,2026-08-10T23:58:00,STAGED,HOLD,MEA,STANDARD
ORD-003452,SKU-00857,1,DC-17,STANDARD,2026-08-23T10:50:00,2026-08-23T16:50:00,SHIPPED,SHIPPED,EU,NEXT_DAY
ORD-003453,SKU-00342,1,DC-11,CRITICAL,2026-08-27T14:14:00,2026-08-28T02:14:00,PACKING,PACKING,APAC,NEXT_DAY
ORD-003454,SKU-01074,1,DC-09,STANDARD,2026-09-05T02:10:00,2026-09-05T14:10:00,ALLOCATED,ALLOCATED,MEA,NEXT_DAY
ORD-003455,SKU-00838,1,DC-03,STANDARD,2026-08-24T13:57:00,2026-08-25T13:57:00,PICKING,EXCEPTION,MEA,STANDARD
ORD-003456,SKU-00579,1,DC-17,STANDARD,2026-08-16T17:41:00,2026-08-16T23:41:00,ALLOCATED,ALLOCATED,LATAM,NEXT_DAY
ORD-003457,SKU-00067,1,DC-04,STANDARD,2026-08-09T21:06:00,2026-08-10T09:06:00,RELEASED,RELEASED,,NEXT_DAY
ORD-003458,SKU-00428,1,DC-11,STANDARD,2026-08-29T04:53:00,2026-08-29T12:53:00,SHIPPED,SHIPPED,,NEXT_DAY
ORD-003459,SKU-00141,1,DC-12,STANDARD,2026-08-28T05:20:00,2026-08-28T17:20:00,PACKING,PACKING,EU,NEXT_DAY
ORD-003460,SKU-00121,1,DC-01,STANDARD,2026-08-17T09:04:00,2026-08-17T13:04:00,ALLOCATED,HOLD,LATAM,NEXT_DAY
ORD-003461,SKU-00828,1,DC-06,EXPEDITE,2026-08-17T00:35:00,2026-08-17T12:35:00,ALLOCATED,ALLOCATED,APAC,SAME_DAY
ORD-003462,SKU-01191,1,DC-09,EXPEDITE,2026-08-11T07:34:00,2026-08-11T13:34:00,PACKING,PACKING,LATAM,NEXT_DAY
ORD-003463,SKU-00359,1,DC-18,STANDARD,2026-08-10T14:22:00,2026-08-11T14:22:00,PICKING,PICKING,EU,NEXT_DAY
ORD-003464,SKU-00189,1,DC-17,STANDARD,2026-08-07T09:53:00,2026-08-07T21:53:00,RELEASED,RELEASED,APAC,SAME_DAY
ORD-003465,SKU-00806,1,DC-17,STANDARD,2026-08-31T21:31:00,2026-09-01T09:31:00,EXCEPTION,EXCEPTION,EU,STANDARD
ORD-003466,SKU-00493,1,DC-10,STANDARD,2026-08-12T23:16:00,2026-08-13T05:16:00,RELEASED,RELEASED,APAC,STANDARD
ORD-003467,SKU-00568,1,DC-17,EXPEDITE,2026-08-19T02:18:00,2026-08-19T08:18:00,STAGED,STAGED,APAC,STANDARD
ORD-003468,SKU-00268,1,DC-07,STANDARD,2026-08-10T17:53:00,2026-08-11T05:53:00,RELEASED,HOLD,APAC,SAME_DAY
ORD-003469,SKU-01082,1,DC-11,STANDARD,2026-09-02T17:04:00,2026-09-03T17:04:00,ALLOCATED,HOLD,,NEXT_DAY
ORD-003470,SKU-00492,1,DC-11,STANDARD,2026-08-28T21:52:00,2026-08-29T21:52:00,PICKING,PICKING,LATAM,NEXT_DAY
ORD-003471,SKU-00125,1,DC-13,EXPEDITE,2026-08-06T02:14:00,2026-08-06T14:14:00,STAGED,STAGED,EU,STANDARD
ORD-003472,SKU-00761,1,DC-13,STANDARD,2026-08-29T09:36:00,2026-08-29T17:36:00,ALLOCATED,HOLD,,SAME_DAY
ORD-003473,SKU-00276,1,DC-12,STANDARD,2026-08-11T01:16:00,2026-08-11T09:16:00,EXCEPTION,HOLD,LATAM,STANDARD
ORD-003474,SKU-00270,1,DC-11,STANDARD,2026-08-21T17:15:00,2026-08-22T05:15:00,STAGED,STAGED,APAC,STANDARD
ORD-003475,SKU-01064,1,DC-16,STANDARD,2026-08-15T10:16:00,2026-08-15T22:16:00,RELEASED,HOLD,APAC,NEXT_DAY
ORD-003476,SKU-00149,1,DC-02,EXPEDITE,2026-08-18T18:30:00,2026-08-19T06:30:00,STAGED,STAGED,LATAM,STANDARD
ORD-003477,SKU-00869,1,DC-16,STANDARD,2026-08-16T13:50:00,2026-08-17T13:50:00,EXCEPTION,EXCEPTION,,SAME_DAY
ORD-003478,SKU-00086,1,DC-03,STANDARD,2026-08-23T05:26:00,2026-08-23T09:26:00,ALLOCATED,ALLOCATED,,NEXT_DAY
ORD-003479,SKU-00171,1,DC-01,EXPEDITE,2026-08-23T17:59:00,2026-08-24T01:59:00,SHIPPED,SHIPPED,,NEXT_DAY
ORD-003480,SKU-00759,1,DC-11,STANDARD,2026-08-12T16:05:00,2026-08-13T16:05:00,EXCEPTION,EXCEPTION,,STANDARD
ORD-003481,SKU-00143,1,DC-10,STANDARD,2026-08-03T23:43:00,2026-08-04T23:43:00,ALLOCATED,ALLOCATED,MEA,NEXT_DAY
ORD-003482,SKU-00533,1,DC-11,STANDARD,2026-09-02T23:15:00,2026-09-03T03:15:00,PICKING,HOLD,MEA,STANDARD
ORD-003483,SKU-00673,1,DC-15,EXPEDITE,2026-08-05T00:37:00,2026-08-06T00:37:00,PICKING,PICKING,EU,STANDARD
ORD-003484,SKU-00828,1,DC-02,EXPEDITE,2026-08-01T11:53:00,2026-08-01T17:53:00,ALLOCATED,ALLOCATED,LATAM,NEXT_DAY
ORD-003485,SKU-00664,1,DC-02,STANDARD,2026-08-09T07:44:00,2026-08-09T13:44:00,EXCEPTION,EXCEPTION,EU,SAME_DAY
ORD-003486,SKU-00241,1,DC-14,STANDARD,2026-08-19T09:38:00,2026-08-19T15:38:00,PICKING,PICKING,APAC,SAME_DAY
ORD-003487,SKU-00193,1,DC-12,STANDARD,2026-08-15T17:43:00,2026-08-16T01:43:00,EXCEPTION,HOLD,EU,NEXT_DAY
ORD-003488,SKU-01059,1,DC-12,STANDARD,2026-08-23T03:44:00,2026-08-23T09:44:00,EXCEPTION,HOLD,APAC,STANDARD
ORD-003489,SKU-01096,1,DC-15,STANDARD,2026-08-03T02:41:00,2026-08-03T08:41:00,PACKING,PACKING,EU,SAME_DAY
ORD-003490,SKU-01077,1,DC-17,STANDARD,2026-08-25T23:08:00,2026-08-26T03:08:00,SHIPPED,HOLD,,SAME_DAY
ORD-003491,SKU-00975,1,DC-10,STANDARD,2026-08-25T19:12:00,2026-08-26T03:12:00,PACKING,PACKING,MEA,STANDARD
ORD-003492,SKU-00798,1,DC-17,EXPEDITE,2026-08-09T08:44:00,2026-08-09T12:44:00,ALLOCATED,HOLD,,NEXT_DAY
ORD-003493,SKU-00019,1,DC-02,CRITICAL,2026-09-02T04:04:00,2026-09-02T16:04:00,EXCEPTION,EXCEPTION,EU,STANDARD
ORD-003494,SKU-00132,1,DC-16,STANDARD,2026-08-28T21:08:00,2026-08-29T05:08:00,SHIPPED,SHIPPED,,STANDARD
ORD-003495,SKU-00769,1,DC-14,STANDARD,2026-09-02T12:00:00,2026-09-03T00:00:00,EXCEPTION,EXCEPTION,LATAM,STANDARD
ORD-003496,SKU-01123,1,DC-09,STANDARD,2026-08-21T12:53:00,2026-08-21T18:53:00,STAGED,STAGED,MEA,STANDARD
ORD-003497,SKU-00794,1,DC-07,EXPEDITE,2026-08-28T21:38:00,2026-08-29T01:38:00,STAGED,HOLD,MEA,NEXT_DAY
ORD-003498,SKU-00789,1,DC-12,STANDARD,2026-08-10T13:48:00,2026-08-10T21:48:00,ALLOCATED,ALLOCATED,EU,SAME_DAY
ORD-003499,SKU-00809,1,DC-04,STANDARD,2026-09-01T17:29:00,2026-09-01T21:29:00,PACKING,PACKING,,NEXT_DAY
ORD-003500,SKU-00302,1,DC-16,EXPEDITE,2026-08-28T15:34:00,2026-08-29T15:34:00,ALLOCATED,EXCEPTION,,STANDARD
