shipment_id,order_id,warehouse_id,tms_status,carrier,planned_departure,actual_departure
SHP-100001,ORD-100001,DC-03,DELAYED,Carrier-A,2026-08-01T14:37:00,2026-08-01T13:54:00
SHP-100002,ORD-100002,DC-12,PLANNED,Carrier-C,2026-08-01T15:28:00,2026-08-01T14:24:00
SHP-100003,ORD-100003,DC-04,DELAYED,Carrier-A,2026-08-01T13:09:00,2026-08-01T13:52:00
SHP-100004,ORD-100004,DC-15,DEPARTED,Carrier-D,2026-08-01T15:01:00,2026-08-01T13:34:00
SHP-100005,ORD-100005,DC-07,PLANNED,Carrier-D,2026-08-01T13:02:00,2026-08-01T13:33:00
SHP-100006,ORD-100006,DC-07,PLANNED,Carrier-B,2026-08-01T15:34:00,2026-08-01T14:40:00
SHP-100007,ORD-100007,DC-10,AT_DOCK,Carrier-B,2026-08-01T13:57:00,2026-08-01T13:20:00
SHP-100008,ORD-100008,DC-08,DELAYED,Carrier-D,2026-08-01T15:56:00,2026-08-01T14:36:00
SHP-100009,ORD-100009,DC-15,AT_DOCK,Carrier-B,2026-08-01T17:01:00,2026-08-01T15:43:00
SHP-100010,ORD-100010,DC-04,DELAYED,Carrier-B,2026-08-01T15:53:00,2026-08-01T15:42:00
SHP-100011,ORD-100011,DC-10,DELAYED,Carrier-B,2026-08-01T15:30:00,2026-08-01T15:55:00
SHP-100012,ORD-100012,DC-02,DEPARTED,Carrier-B,2026-08-01T17:07:00,2026-08-01T16:01:00
SHP-100013,ORD-100013,DC-18,DELAYED,Carrier-D,2026-08-01T14:34:00,2026-08-01T15:01:00
SHP-100014,ORD-100014,DC-13,BOOKED,Carrier-A,2026-08-01T17:14:00,2026-08-01T15:51:00
SHP-100015,ORD-100015,DC-07,PLANNED,Carrier-A,2026-08-01T16:44:00,2026-08-01T15:35:00
SHP-100016,ORD-100016,DC-13,LOADED,Carrier-A,2026-08-01T17:06:00,2026-08-01T16:17:00
SHP-100017,ORD-100017,DC-17,DELAYED,Carrier-D,2026-08-01T15:13:00,2026-08-01T15:25:00
SHP-100018,ORD-100018,DC-11,DEPARTED,Carrier-C,2026-08-01T16:36:00,2026-08-01T15:37:00
SHP-100019,ORD-100019,DC-14,LOADED,Carrier-B,2026-08-01T16:11:00,2026-08-01T16:51:00
SHP-100020,ORD-100020,DC-05,BOOKED,Carrier-C,2026-08-01T18:22:00,2026-08-01T17:11:00
SHP-100021,ORD-100021,DC-15,AT_DOCK,Carrier-D,2026-08-01T18:36:00,2026-08-01T17:12:00
SHP-100022,ORD-100022,DC-07,PLANNED,Carrier-D,2026-08-01T18:29:00,2026-08-01T17:31:00
SHP-100023,ORD-100023,DC-05,AT_DOCK,Carrier-D,2026-08-01T15:57:00,2026-08-01T16:12:00
SHP-100024,ORD-100024,DC-03,AT_DOCK,Carrier-A,2026-08-01T16:21:00,2026-08-01T17:01:00
SHP-100025,ORD-100025,DC-14,BOOKED,Carrier-A,2026-08-01T18:07:00,2026-08-01T17:11:00
SHP-100026,ORD-100026,DC-01,AT_DOCK,Carrier-B,2026-08-01T16:18:00,2026-08-01T16:53:00
SHP-100027,ORD-100027,DC-13,AT_DOCK,Carrier-C,2026-08-01T19:43:00,2026-08-01T18:32:00
SHP-100028,ORD-100028,DC-11,DELAYED,Carrier-A,2026-08-01T16:28:00,2026-08-01T16:53:00
SHP-100029,ORD-100029,DC-15,DELAYED,Carrier-A,2026-08-01T17:41:00,2026-08-01T18:17:00
SHP-100030,ORD-100030,DC-10,BOOKED,Carrier-C,2026-08-01T17:13:00,2026-08-01T17:47:00
SHP-100031,ORD-100031,DC-15,BOOKED,Carrier-A,2026-08-01T18:36:00,2026-08-01T18:48:00
SHP-100032,ORD-100032,DC-07,BOOKED,Carrier-C,2026-08-01T20:15:00,2026-08-01T18:45:00
SHP-100033,ORD-100033,DC-16,BOOKED,Carrier-B,2026-08-01T18:49:00,2026-08-01T19:32:00
SHP-100034,ORD-100034,DC-12,AT_DOCK,Carrier-C,2026-08-01T20:14:00,2026-08-01T18:59:00
SHP-100035,ORD-100035,DC-02,LOADED,Carrier-D,2026-08-01T20:21:00,2026-08-01T18:51:00
SHP-100036,ORD-100036,DC-18,DEPARTED,Carrier-B,2026-08-01T19:42:00,2026-08-01T18:54:00
SHP-100037,ORD-100037,DC-17,PLANNED,Carrier-D,2026-08-01T19:09:00,2026-08-01T17:59:00
SHP-100038,ORD-100038,DC-16,AT_DOCK,Carrier-B,2026-08-01T21:09:00,2026-08-01T19:47:00
SHP-100039,ORD-100039,DC-09,DELAYED,Carrier-D,2026-08-01T19:58:00,2026-08-01T18:59:00
SHP-100040,ORD-100040,DC-14,DELAYED,Carrier-A,2026-08-01T19:22:00,2026-08-01T19:02:00
SHP-100041,ORD-100041,DC-16,BOOKED,Carrier-D,2026-08-01T20:00:00,2026-08-01T18:45:00
SHP-100042,ORD-100042,DC-11,BOOKED,Carrier-B,2026-08-01T18:26:00,2026-08-01T19:06:00
SHP-100043,ORD-100043,DC-10,LOADED,Carrier-C,2026-08-01T20:16:00,2026-08-01T19:20:00
SHP-100044,ORD-100044,DC-12,DEPARTED,Carrier-B,2026-08-01T19:48:00,2026-08-01T20:18:00
SHP-100045,ORD-100045,DC-05,LOADED,Carrier-B,2026-08-01T21:05:00,2026-08-01T20:15:00
SHP-100046,ORD-100046,DC-09,DELAYED,Carrier-A,2026-08-01T21:11:00,2026-08-01T20:26:00
SHP-100047,ORD-100047,DC-17,DEPARTED,Carrier-B,2026-08-01T20:15:00,2026-08-01T20:06:00
SHP-100048,ORD-100048,DC-11,DELAYED,Carrier-D,2026-08-01T21:25:00,2026-08-01T20:15:00
SHP-100049,ORD-100049,DC-06,LOADED,Carrier-C,2026-08-01T20:15:00,2026-08-01T20:06:00
SHP-100050,ORD-100050,DC-13,PLANNED,Carrier-C,2026-08-01T22:10:00,2026-08-01T21:03:00
SHP-100051,ORD-100051,DC-02,PLANNED,Carrier-A,2026-08-01T19:24:00,2026-08-01T19:17:00
SHP-100052,ORD-100052,DC-01,DEPARTED,Carrier-C,2026-08-01T21:29:00,2026-08-01T21:17:00
SHP-100053,ORD-100053,DC-12,DELAYED,Carrier-A,2026-08-01T21:47:00,2026-08-01T21:58:00
SHP-100054,ORD-100054,DC-08,AT_DOCK,Carrier-D,2026-08-01T22:41:00,2026-08-01T21:23:00
SHP-100055,ORD-100055,DC-15,PLANNED,Carrier-B,2026-08-01T22:27:00,2026-08-01T21:30:00
SHP-100056,ORD-100056,DC-12,BOOKED,Carrier-A,2026-08-01T21:07:00,2026-08-01T21:13:00
SHP-100057,ORD-100057,DC-16,PLANNED,Carrier-B,2026-08-01T22:30:00,2026-08-01T21:02:00
SHP-100058,ORD-100058,DC-13,AT_DOCK,Carrier-A,2026-08-01T21:59:00,2026-08-01T22:25:00
SHP-100059,ORD-100059,DC-10,AT_DOCK,Carrier-A,2026-08-01T22:59:00,2026-08-01T22:41:00
SHP-100060,ORD-100060,DC-17,PLANNED,Carrier-B,2026-08-01T22:31:00,2026-08-01T22:22:00
SHP-100061,ORD-100061,DC-03,BOOKED,Carrier-B,2026-08-01T22:25:00,2026-08-01T21:54:00
SHP-100062,ORD-100062,DC-05,LOADED,Carrier-C,2026-08-01T23:59:00,2026-08-01T22:47:00
SHP-100063,ORD-100063,DC-18,AT_DOCK,Carrier-B,2026-08-01T23:11:00,2026-08-01T22:38:00
SHP-100064,ORD-100064,DC-17,DELAYED,Carrier-B,2026-08-01T22:29:00,2026-08-01T22:37:00
SHP-100065,ORD-100065,DC-05,LOADED,Carrier-D,2026-08-01T21:56:00,2026-08-01T22:30:00
SHP-100066,ORD-100066,DC-06,DELAYED,Carrier-A,2026-08-01T22:47:00,2026-08-01T22:34:00
SHP-100067,ORD-100067,DC-07,DELAYED,Carrier-A,2026-08-01T22:52:00,2026-08-01T22:47:00
SHP-100068,ORD-100068,DC-18,DEPARTED,Carrier-B,2026-08-01T23:29:00,2026-08-01T23:02:00
SHP-100069,ORD-100069,DC-16,DELAYED,Carrier-B,2026-08-02T00:59:00,2026-08-01T23:48:00
SHP-100070,ORD-100070,DC-02,PLANNED,Carrier-D,2026-08-01T23:39:00,2026-08-01T23:51:00
SHP-100071,ORD-100071,DC-01,AT_DOCK,Carrier-B,2026-08-01T23:02:00,2026-08-01T23:32:00
SHP-100072,ORD-100072,DC-13,BOOKED,Carrier-B,2026-08-02T01:28:00,2026-08-02T00:07:00
SHP-100073,ORD-100073,DC-10,LOADED,Carrier-A,2026-08-02T00:53:00,2026-08-02T00:00:00
SHP-100074,ORD-100074,DC-18,DEPARTED,Carrier-A,2026-08-01T23:45:00,2026-08-01T23:26:00
SHP-100075,ORD-100075,DC-04,PLANNED,Carrier-C,2026-08-02T00:56:00,2026-08-01T23:54:00
SHP-100076,ORD-100076,DC-04,DEPARTED,Carrier-B,2026-08-02T00:25:00,2026-08-01T23:28:00
SHP-100077,ORD-100077,DC-01,BOOKED,Carrier-C,2026-08-02T00:59:00,2026-08-02T00:25:00
SHP-100078,ORD-100078,DC-16,DELAYED,Carrier-A,2026-08-01T22:37:00,2026-08-01T23:10:00
SHP-100079,ORD-100079,DC-03,DEPARTED,Carrier-C,2026-08-02T00:06:00,2026-08-02T00:37:00
SHP-100080,ORD-100080,DC-16,PLANNED,Carrier-A,2026-08-01T22:38:00,2026-08-01T23:12:00
SHP-100081,ORD-100081,DC-08,PLANNED,Carrier-A,2026-08-01T23:40:00,2026-08-01T23:50:00
SHP-100082,ORD-100082,DC-15,DELAYED,Carrier-C,2026-08-01T23:56:00,2026-08-02T00:36:00
SHP-100083,ORD-100083,DC-17,PLANNED,Carrier-D,2026-08-01T23:45:00,2026-08-02T00:28:00
SHP-100084,ORD-100084,DC-16,LOADED,Carrier-B,2026-08-01T23:08:00,2026-08-01T23:14:00
SHP-100085,ORD-100085,DC-17,AT_DOCK,Carrier-A,2026-08-01T23:56:00,2026-08-02T00:14:00
SHP-100086,ORD-100086,DC-17,LOADED,Carrier-B,2026-08-01T23:57:00,2026-08-02T00:09:00
SHP-100087,ORD-100087,DC-04,AT_DOCK,Carrier-C,2026-08-02T01:01:00,2026-08-02T00:41:00
SHP-100088,ORD-100088,DC-15,DEPARTED,Carrier-D,2026-08-02T02:30:00,2026-08-02T02:04:00
SHP-100089,ORD-100089,DC-08,PLANNED,Carrier-B,2026-08-02T01:48:00,2026-08-02T02:19:00
SHP-100090,ORD-100090,DC-14,DEPARTED,Carrier-A,2026-08-02T01:20:00,2026-08-02T00:30:00
SHP-100091,ORD-100091,DC-16,BOOKED,Carrier-B,2026-08-02T01:05:00,2026-08-02T01:37:00
SHP-100092,ORD-100092,DC-04,DELAYED,Carrier-D,2026-08-02T02:30:00,2026-08-02T01:45:00
SHP-100093,ORD-100093,DC-01,DEPARTED,Carrier-A,2026-08-02T03:02:00,2026-08-02T02:33:00
SHP-100094,ORD-100094,DC-06,DELAYED,Carrier-D,2026-08-02T01:21:00,2026-08-02T01:44:00
SHP-100095,ORD-100095,DC-01,DEPARTED,Carrier-A,2026-08-02T01:41:00,2026-08-02T01:56:00
SHP-100096,ORD-100096,DC-11,BOOKED,Carrier-C,2026-08-02T02:31:00,2026-08-02T01:35:00
SHP-100097,ORD-100097,DC-11,DEPARTED,Carrier-D,2026-08-02T02:03:00,2026-08-02T02:37:00
SHP-100098,ORD-100098,DC-14,BOOKED,Carrier-A,2026-08-02T02:41:00,2026-08-02T02:51:00
SHP-100099,ORD-100099,DC-10,PLANNED,Carrier-D,2026-08-02T02:39:00,2026-08-02T01:58:00
SHP-100100,ORD-100100,DC-16,AT_DOCK,Carrier-D,2026-08-02T02:59:00,2026-08-02T02:33:00
SHP-100101,ORD-100101,DC-10,DELAYED,Carrier-B,2026-08-02T04:08:00,2026-08-02T03:37:00
SHP-100102,ORD-100102,DC-15,DEPARTED,Carrier-C,2026-08-02T03:55:00,2026-08-02T03:49:00
SHP-100103,ORD-100103,DC-17,DELAYED,Carrier-D,2026-08-02T03:52:00,2026-08-02T03:26:00
SHP-100104,ORD-100104,DC-11,PLANNED,Carrier-C,2026-08-02T03:21:00,2026-08-02T02:24:00
SHP-100105,ORD-100105,DC-12,AT_DOCK,Carrier-B,2026-08-02T03:47:00,2026-08-02T03:26:00
SHP-100106,ORD-100106,DC-05,DELAYED,Carrier-A,2026-08-02T03:09:00,2026-08-02T03:30:00
SHP-100107,ORD-100107,DC-03,PLANNED,Carrier-B,2026-08-02T04:41:00,2026-08-02T03:13:00
SHP-100108,ORD-100108,DC-01,DELAYED,Carrier-B,2026-08-02T02:46:00,2026-08-02T03:26:00
SHP-100109,ORD-100109,DC-13,DELAYED,Carrier-B,2026-08-02T06:07:00,2026-08-02T05:20:00
SHP-100110,ORD-100110,DC-16,AT_DOCK,Carrier-C,2026-08-02T04:22:00,2026-08-02T04:55:00
SHP-100111,ORD-100111,DC-05,AT_DOCK,Carrier-D,2026-08-02T03:06:00,2026-08-02T03:43:00
SHP-100112,ORD-100112,DC-07,BOOKED,Carrier-C,2026-08-02T04:16:00,2026-08-02T04:07:00
SHP-100113,ORD-100113,DC-12,LOADED,Carrier-B,2026-08-02T03:53:00,2026-08-02T04:35:00
SHP-100114,ORD-100114,DC-18,PLANNED,Carrier-D,2026-08-02T04:52:00,2026-08-02T05:25:00
SHP-100115,ORD-100115,DC-15,DEPARTED,Carrier-B,2026-08-02T05:29:00,2026-08-02T05:56:00
SHP-100116,ORD-100116,DC-08,AT_DOCK,Carrier-D,2026-08-02T05:28:00,2026-08-02T05:49:00
SHP-100117,ORD-100117,DC-18,DEPARTED,Carrier-C,2026-08-02T06:34:00,2026-08-02T05:23:00
SHP-100118,ORD-100118,DC-13,BOOKED,Carrier-B,2026-08-02T06:24:00,2026-08-02T04:56:00
SHP-100119,ORD-100119,DC-08,AT_DOCK,Carrier-A,2026-08-02T06:49:00,2026-08-02T05:32:00
SHP-100120,ORD-100120,DC-06,AT_DOCK,Carrier-D,2026-08-02T07:08:00,2026-08-02T06:58:00
SHP-100121,ORD-100121,DC-18,DELAYED,Carrier-B,2026-08-02T06:25:00,2026-08-02T05:23:00
SHP-100122,ORD-100122,DC-08,DEPARTED,Carrier-A,2026-08-02T06:17:00,2026-08-02T07:02:00
SHP-100123,ORD-100123,DC-17,BOOKED,Carrier-A,2026-08-02T06:34:00,2026-08-02T06:25:00
SHP-100124,ORD-100124,DC-16,BOOKED,Carrier-D,2026-08-02T05:54:00,2026-08-02T06:23:00
SHP-100125,ORD-100125,DC-13,DEPARTED,Carrier-D,2026-08-02T06:42:00,2026-08-02T05:42:00
SHP-100126,ORD-100126,DC-14,DEPARTED,Carrier-D,2026-08-02T07:05:00,2026-08-02T06:26:00
SHP-100127,ORD-100127,DC-18,BOOKED,Carrier-D,2026-08-02T06:17:00,2026-08-02T06:00:00
SHP-100128,ORD-100128,DC-08,DEPARTED,Carrier-A,2026-08-02T06:21:00,2026-08-02T05:51:00
SHP-100129,ORD-100129,DC-10,AT_DOCK,Carrier-B,2026-08-02T06:57:00,2026-08-02T07:35:00
SHP-100130,ORD-100130,DC-11,PLANNED,Carrier-B,2026-08-02T05:45:00,2026-08-02T06:16:00
SHP-100131,ORD-100131,DC-14,BOOKED,Carrier-A,2026-08-02T09:18:00,2026-08-02T07:55:00
SHP-100132,ORD-100132,DC-13,DEPARTED,Carrier-D,2026-08-02T06:30:00,2026-08-02T06:37:00
SHP-100133,ORD-100133,DC-16,BOOKED,Carrier-B,2026-08-02T06:21:00,2026-08-02T07:05:00
SHP-100134,ORD-100134,DC-17,AT_DOCK,Carrier-A,2026-08-02T07:56:00,2026-08-02T06:32:00
SHP-100135,ORD-100135,DC-12,BOOKED,Carrier-A,2026-08-02T07:28:00,2026-08-02T07:38:00
SHP-100136,ORD-100136,DC-17,DELAYED,Carrier-A,2026-08-02T07:31:00,2026-08-02T08:00:00
SHP-100137,ORD-100137,DC-11,DEPARTED,Carrier-C,2026-08-02T09:02:00,2026-08-02T07:43:00
SHP-100138,ORD-100138,DC-04,DELAYED,Carrier-B,2026-08-02T07:15:00,2026-08-02T07:35:00
SHP-100139,ORD-100139,DC-03,DEPARTED,Carrier-B,2026-08-02T07:28:00,2026-08-02T07:14:00
SHP-100140,ORD-100140,DC-02,BOOKED,Carrier-B,2026-08-02T08:41:00,2026-08-02T08:21:00
SHP-100141,ORD-100141,DC-02,DEPARTED,Carrier-B,2026-08-02T07:42:00,2026-08-02T07:26:00
SHP-100142,ORD-100142,DC-05,AT_DOCK,Carrier-D,2026-08-02T06:49:00,2026-08-02T07:27:00
SHP-100143,ORD-100143,DC-11,PLANNED,Carrier-B,2026-08-02T07:31:00,2026-08-02T07:55:00
SHP-100144,ORD-100144,DC-17,DEPARTED,Carrier-A,2026-08-02T07:40:00,2026-08-02T07:21:00
SHP-100145,ORD-100145,DC-05,DEPARTED,Carrier-B,2026-08-02T09:59:00,2026-08-02T08:56:00
SHP-100146,ORD-100146,DC-10,AT_DOCK,Carrier-C,2026-08-02T09:02:00,2026-08-02T07:48:00
SHP-100147,ORD-100147,DC-15,BOOKED,Carrier-D,2026-08-02T07:30:00,2026-08-02T07:40:00
SHP-100148,ORD-100148,DC-11,LOADED,Carrier-D,2026-08-02T10:13:00,2026-08-02T08:46:00
SHP-100149,ORD-100149,DC-10,BOOKED,Carrier-D,2026-08-02T07:57:00,2026-08-02T08:39:00
SHP-100150,ORD-100150,DC-05,LOADED,Carrier-B,2026-08-02T08:18:00,2026-08-02T08:45:00
SHP-100151,ORD-100151,DC-12,BOOKED,Carrier-B,2026-08-02T09:28:00,2026-08-02T09:35:00
SHP-100152,ORD-100152,DC-13,BOOKED,Carrier-C,2026-08-02T09:28:00,2026-08-02T08:07:00
SHP-100153,ORD-100153,DC-07,DELAYED,Carrier-D,2026-08-02T08:59:00,2026-08-02T08:01:00
SHP-100154,ORD-100154,DC-11,DELAYED,Carrier-C,2026-08-02T09:16:00,2026-08-02T08:18:00
SHP-100155,ORD-100155,DC-02,PLANNED,Carrier-B,2026-08-02T09:02:00,2026-08-02T08:30:00
SHP-100156,ORD-100156,DC-05,LOADED,Carrier-C,2026-08-02T09:33:00,2026-08-02T09:44:00
SHP-100157,ORD-100157,DC-09,DEPARTED,Carrier-B,2026-08-02T10:01:00,2026-08-02T08:43:00
SHP-100158,ORD-100158,DC-01,LOADED,Carrier-B,2026-08-02T09:17:00,2026-08-02T08:40:00
SHP-100159,ORD-100159,DC-13,LOADED,Carrier-B,2026-08-02T09:21:00,2026-08-02T09:29:00
SHP-100160,ORD-100160,DC-04,AT_DOCK,Carrier-B,2026-08-02T12:15:00,2026-08-02T10:46:00
SHP-100161,ORD-100161,DC-03,DEPARTED,Carrier-C,2026-08-02T10:21:00,2026-08-02T09:08:00
SHP-100162,ORD-100162,DC-15,DELAYED,Carrier-A,2026-08-02T08:52:00,2026-08-02T09:14:00
SHP-100163,ORD-100163,DC-15,PLANNED,Carrier-A,2026-08-02T11:05:00,2026-08-02T10:06:00
SHP-100164,ORD-100164,DC-06,BOOKED,Carrier-C,2026-08-02T10:33:00,2026-08-02T10:53:00
SHP-100165,ORD-100165,DC-16,LOADED,Carrier-B,2026-08-02T10:34:00,2026-08-02T11:00:00
SHP-100166,ORD-100166,DC-18,DEPARTED,Carrier-B,2026-08-02T11:10:00,2026-08-02T11:20:00
SHP-100167,ORD-100167,DC-17,LOADED,Carrier-D,2026-08-02T11:26:00,2026-08-02T10:09:00
SHP-100168,ORD-100168,DC-13,DEPARTED,Carrier-A,2026-08-02T12:23:00,2026-08-02T10:59:00
SHP-100169,ORD-100169,DC-10,LOADED,Carrier-C,2026-08-02T10:58:00,2026-08-02T10:14:00
SHP-100170,ORD-100170,DC-15,AT_DOCK,Carrier-B,2026-08-02T11:11:00,2026-08-02T10:06:00
SHP-100171,ORD-100171,DC-09,DEPARTED,Carrier-D,2026-08-02T09:52:00,2026-08-02T10:08:00
SHP-100172,ORD-100172,DC-10,PLANNED,Carrier-D,2026-08-02T11:05:00,2026-08-02T11:49:00
SHP-100173,ORD-100173,DC-11,DELAYED,Carrier-C,2026-08-02T12:30:00,2026-08-02T11:06:00
SHP-100174,ORD-100174,DC-13,DEPARTED,Carrier-A,2026-08-02T10:28:00,2026-08-02T11:08:00
SHP-100175,ORD-100175,DC-09,AT_DOCK,Carrier-C,2026-08-02T10:50:00,2026-08-02T11:34:00
SHP-100176,ORD-100176,DC-07,DEPARTED,Carrier-A,2026-08-02T11:42:00,2026-08-02T11:37:00
SHP-100177,ORD-100177,DC-09,BOOKED,Carrier-B,2026-08-02T13:30:00,2026-08-02T12:39:00
SHP-100178,ORD-100178,DC-03,AT_DOCK,Carrier-C,2026-08-02T12:45:00,2026-08-02T11:25:00
SHP-100179,ORD-100179,DC-12,AT_DOCK,Carrier-B,2026-08-02T11:37:00,2026-08-02T12:11:00
SHP-100180,ORD-100180,DC-07,LOADED,Carrier-D,2026-08-02T12:47:00,2026-08-02T11:30:00
SHP-100181,ORD-100181,DC-17,DELAYED,Carrier-B,2026-08-02T12:03:00,2026-08-02T12:32:00
SHP-100182,ORD-100182,DC-16,AT_DOCK,Carrier-D,2026-08-02T13:17:00,2026-08-02T13:10:00
SHP-100183,ORD-100183,DC-12,BOOKED,Carrier-D,2026-08-02T12:05:00,2026-08-02T12:31:00
SHP-100184,ORD-100184,DC-08,PLANNED,Carrier-C,2026-08-02T13:59:00,2026-08-02T12:47:00
SHP-100185,ORD-100185,DC-05,LOADED,Carrier-B,2026-08-02T12:57:00,2026-08-02T13:32:00
SHP-100186,ORD-100186,DC-09,BOOKED,Carrier-B,2026-08-02T12:16:00,2026-08-02T12:29:00
SHP-100187,ORD-100187,DC-18,BOOKED,Carrier-D,2026-08-02T12:51:00,2026-08-02T12:34:00
SHP-100188,ORD-100188,DC-06,PLANNED,Carrier-A,2026-08-02T11:34:00,2026-08-02T12:17:00
SHP-100189,ORD-100189,DC-06,DELAYED,Carrier-A,2026-08-02T12:39:00,2026-08-02T13:17:00
SHP-100190,ORD-100190,DC-05,BOOKED,Carrier-B,2026-08-02T12:26:00,2026-08-02T13:09:00
SHP-100191,ORD-100191,DC-16,DELAYED,Carrier-B,2026-08-02T12:57:00,2026-08-02T12:26:00
SHP-100192,ORD-100192,DC-08,AT_DOCK,Carrier-B,2026-08-02T12:59:00,2026-08-02T12:53:00
SHP-100193,ORD-100193,DC-08,LOADED,Carrier-C,2026-08-02T13:52:00,2026-08-02T14:08:00
SHP-100194,ORD-100194,DC-15,DELAYED,Carrier-A,2026-08-02T13:30:00,2026-08-02T13:41:00
SHP-100195,ORD-100195,DC-17,LOADED,Carrier-D,2026-08-02T14:39:00,2026-08-02T14:16:00
SHP-100196,ORD-100196,DC-17,BOOKED,Carrier-A,2026-08-02T13:10:00,2026-08-02T13:33:00
SHP-100197,ORD-100197,DC-04,AT_DOCK,Carrier-D,2026-08-02T14:00:00,2026-08-02T13:09:00
SHP-100198,ORD-100198,DC-08,BOOKED,Carrier-A,2026-08-02T13:19:00,2026-08-02T13:39:00
SHP-100199,ORD-100199,DC-08,LOADED,Carrier-C,2026-08-02T14:26:00,2026-08-02T14:06:00
SHP-100200,ORD-100200,DC-01,PLANNED,Carrier-A,2026-08-02T15:56:00,2026-08-02T14:31:00
SHP-100201,ORD-100201,DC-09,PLANNED,Carrier-C,2026-08-02T14:21:00,2026-08-02T13:17:00
SHP-100202,ORD-100202,DC-16,AT_DOCK,Carrier-D,2026-08-02T15:39:00,2026-08-02T14:15:00
SHP-100203,ORD-100203,DC-07,AT_DOCK,Carrier-C,2026-08-02T14:53:00,2026-08-02T13:27:00
SHP-100204,ORD-100204,DC-08,BOOKED,Carrier-B,2026-08-02T15:11:00,2026-08-02T14:18:00
SHP-100205,ORD-100205,DC-15,LOADED,Carrier-C,2026-08-02T15:14:00,2026-08-02T15:06:00
SHP-100206,ORD-100206,DC-10,DELAYED,Carrier-A,2026-08-02T15:14:00,2026-08-02T14:04:00
SHP-100207,ORD-100207,DC-16,AT_DOCK,Carrier-B,2026-08-02T15:21:00,2026-08-02T15:28:00
SHP-100208,ORD-100208,DC-09,PLANNED,Carrier-C,2026-08-02T16:20:00,2026-08-02T15:45:00
SHP-100209,ORD-100209,DC-10,PLANNED,Carrier-A,2026-08-02T16:21:00,2026-08-02T15:11:00
SHP-100210,ORD-100210,DC-07,BOOKED,Carrier-A,2026-08-02T14:27:00,2026-08-02T14:43:00
SHP-100211,ORD-100211,DC-06,BOOKED,Carrier-D,2026-08-02T13:42:00,2026-08-02T14:18:00
SHP-100212,ORD-100212,DC-04,PLANNED,Carrier-C,2026-08-02T15:59:00,2026-08-02T16:32:00
SHP-100213,ORD-100213,DC-09,PLANNED,Carrier-B,2026-08-02T15:07:00,2026-08-02T14:48:00
SHP-100214,ORD-100214,DC-13,PLANNED,Carrier-B,2026-08-02T15:09:00,2026-08-02T15:16:00
SHP-100215,ORD-100215,DC-04,LOADED,Carrier-A,2026-08-02T14:27:00,2026-08-02T15:09:00
SHP-100216,ORD-100216,DC-13,LOADED,Carrier-A,2026-08-02T16:26:00,2026-08-02T15:42:00
SHP-100217,ORD-100217,DC-17,BOOKED,Carrier-C,2026-08-02T15:24:00,2026-08-02T15:31:00
SHP-100218,ORD-100218,DC-01,BOOKED,Carrier-A,2026-08-02T16:53:00,2026-08-02T16:19:00
SHP-100219,ORD-100219,DC-09,LOADED,Carrier-B,2026-08-02T18:03:00,2026-08-02T16:56:00
SHP-100220,ORD-100220,DC-18,LOADED,Carrier-C,2026-08-02T16:39:00,2026-08-02T16:11:00
SHP-100221,ORD-100221,DC-09,PLANNED,Carrier-A,2026-08-02T15:53:00,2026-08-02T16:38:00
SHP-100222,ORD-100222,DC-06,PLANNED,Carrier-B,2026-08-02T15:59:00,2026-08-02T15:41:00
SHP-100223,ORD-100223,DC-16,DELAYED,Carrier-A,2026-08-02T17:16:00,2026-08-02T16:44:00
SHP-100224,ORD-100224,DC-03,PLANNED,Carrier-B,2026-08-02T17:57:00,2026-08-02T17:39:00
SHP-100225,ORD-100225,DC-05,BOOKED,Carrier-A,2026-08-02T18:48:00,2026-08-02T17:48:00
SHP-100226,ORD-100226,DC-05,DEPARTED,Carrier-B,2026-08-02T18:14:00,2026-08-02T17:36:00
SHP-100227,ORD-100227,DC-02,DELAYED,Carrier-D,2026-08-02T19:05:00,2026-08-02T17:43:00
SHP-100228,ORD-100228,DC-03,LOADED,Carrier-D,2026-08-02T17:16:00,2026-08-02T17:00:00
SHP-100229,ORD-100229,DC-08,DELAYED,Carrier-B,2026-08-02T17:16:00,2026-08-02T17:45:00
SHP-100230,ORD-100230,DC-15,DELAYED,Carrier-A,2026-08-02T19:15:00,2026-08-02T18:10:00
SHP-100231,ORD-100231,DC-01,BOOKED,Carrier-B,2026-08-02T18:50:00,2026-08-02T17:45:00
SHP-100232,ORD-100232,DC-11,LOADED,Carrier-D,2026-08-02T19:17:00,2026-08-02T18:33:00
SHP-100233,ORD-100233,DC-06,PLANNED,Carrier-B,2026-08-02T19:29:00,2026-08-02T19:05:00
SHP-100234,ORD-100234,DC-11,AT_DOCK,Carrier-A,2026-08-02T18:28:00,2026-08-02T17:42:00
SHP-100235,ORD-100235,DC-13,AT_DOCK,Carrier-B,2026-08-02T19:31:00,2026-08-02T19:20:00
SHP-100236,ORD-100236,DC-04,BOOKED,Carrier-A,2026-08-02T18:39:00,2026-08-02T18:46:00
SHP-100237,ORD-100237,DC-05,BOOKED,Carrier-D,2026-08-02T20:52:00,2026-08-02T19:35:00
SHP-100238,ORD-100238,DC-10,DELAYED,Carrier-A,2026-08-02T20:24:00,2026-08-02T19:12:00
SHP-100239,ORD-100239,DC-09,DEPARTED,Carrier-B,2026-08-02T19:04:00,2026-08-02T18:29:00
SHP-100240,ORD-100240,DC-07,DELAYED,Carrier-D,2026-08-02T18:28:00,2026-08-02T19:03:00
SHP-100241,ORD-100241,DC-12,BOOKED,Carrier-C,2026-08-02T19:17:00,2026-08-02T19:42:00
SHP-100242,ORD-100242,DC-02,DEPARTED,Carrier-C,2026-08-02T19:42:00,2026-08-02T18:51:00
SHP-100243,ORD-100243,DC-12,LOADED,Carrier-A,2026-08-02T20:00:00,2026-08-02T19:05:00
SHP-100244,ORD-100244,DC-03,BOOKED,Carrier-B,2026-08-02T19:00:00,2026-08-02T19:07:00
SHP-100245,ORD-100245,DC-10,PLANNED,Carrier-A,2026-08-02T20:36:00,2026-08-02T20:10:00
SHP-100246,ORD-100246,DC-12,LOADED,Carrier-D,2026-08-02T21:06:00,2026-08-02T20:38:00
SHP-100247,ORD-100247,DC-14,DELAYED,Carrier-B,2026-08-02T19:50:00,2026-08-02T19:12:00
SHP-100248,ORD-100248,DC-02,PLANNED,Carrier-B,2026-08-02T21:10:00,2026-08-02T20:03:00
SHP-100249,ORD-100249,DC-02,DELAYED,Carrier-B,2026-08-02T20:58:00,2026-08-02T21:03:00
SHP-100250,ORD-100250,DC-08,DELAYED,Carrier-D,2026-08-02T20:47:00,2026-08-02T21:13:00
SHP-100251,ORD-100251,DC-05,PLANNED,Carrier-D,2026-08-02T19:00:00,2026-08-02T19:35:00
SHP-100252,ORD-100252,DC-03,AT_DOCK,Carrier-A,2026-08-02T22:15:00,2026-08-02T21:07:00
SHP-100253,ORD-100253,DC-08,LOADED,Carrier-B,2026-08-02T20:30:00,2026-08-02T20:06:00
SHP-100254,ORD-100254,DC-17,PLANNED,Carrier-D,2026-08-02T20:36:00,2026-08-02T20:05:00
SHP-100255,ORD-100255,DC-07,PLANNED,Carrier-B,2026-08-02T20:18:00,2026-08-02T20:41:00
SHP-100256,ORD-100256,DC-06,DELAYED,Carrier-A,2026-08-02T21:48:00,2026-08-02T22:08:00
SHP-100257,ORD-100257,DC-12,DELAYED,Carrier-D,2026-08-02T21:50:00,2026-08-02T20:41:00
SHP-100258,ORD-100258,DC-04,DEPARTED,Carrier-D,2026-08-02T21:34:00,2026-08-02T20:44:00
SHP-100259,ORD-100259,DC-06,DEPARTED,Carrier-A,2026-08-02T22:22:00,2026-08-02T21:24:00
SHP-100260,ORD-100260,DC-16,AT_DOCK,Carrier-D,2026-08-02T21:58:00,2026-08-02T22:21:00
SHP-100261,ORD-100261,DC-15,LOADED,Carrier-C,2026-08-02T22:14:00,2026-08-02T22:03:00
SHP-100262,ORD-100262,DC-02,DELAYED,Carrier-C,2026-08-02T23:35:00,2026-08-02T22:37:00
SHP-100263,ORD-100263,DC-07,PLANNED,Carrier-B,2026-08-02T23:27:00,2026-08-02T22:40:00
SHP-100264,ORD-100264,DC-11,PLANNED,Carrier-D,2026-08-02T23:20:00,2026-08-02T22:56:00
SHP-100265,ORD-100265,DC-08,PLANNED,Carrier-A,2026-08-02T21:18:00,2026-08-02T21:46:00
SHP-100266,ORD-100266,DC-04,PLANNED,Carrier-C,2026-08-02T23:58:00,2026-08-03T00:03:00
SHP-100267,ORD-100267,DC-04,BOOKED,Carrier-A,2026-08-02T22:47:00,2026-08-02T23:19:00
SHP-100268,ORD-100268,DC-04,DELAYED,Carrier-C,2026-08-02T23:01:00,2026-08-02T23:26:00
SHP-100269,ORD-100269,DC-03,DEPARTED,Carrier-D,2026-08-03T01:24:00,2026-08-03T00:07:00
SHP-100270,ORD-100270,DC-05,DEPARTED,Carrier-D,2026-08-02T23:04:00,2026-08-02T22:33:00
SHP-100271,ORD-100271,DC-18,BOOKED,Carrier-C,2026-08-02T23:35:00,2026-08-02T23:06:00
SHP-100272,ORD-100272,DC-18,LOADED,Carrier-A,2026-08-02T22:35:00,2026-08-02T22:45:00
SHP-100273,ORD-100273,DC-08,PLANNED,Carrier-B,2026-08-03T01:14:00,2026-08-03T00:04:00
SHP-100274,ORD-100274,DC-12,DELAYED,Carrier-B,2026-08-02T22:12:00,2026-08-02T22:48:00
SHP-100275,ORD-100275,DC-11,DELAYED,Carrier-A,2026-08-03T01:20:00,2026-08-02T23:53:00
SHP-100276,ORD-100276,DC-11,BOOKED,Carrier-D,2026-08-03T01:32:00,2026-08-03T00:09:00
SHP-100277,ORD-100277,DC-18,BOOKED,Carrier-B,2026-08-03T00:06:00,2026-08-03T00:32:00
SHP-100278,ORD-100278,DC-09,AT_DOCK,Carrier-B,2026-08-02T23:46:00,2026-08-02T23:58:00
SHP-100279,ORD-100279,DC-04,DEPARTED,Carrier-A,2026-08-03T01:41:00,2026-08-03T00:47:00
SHP-100280,ORD-100280,DC-01,AT_DOCK,Carrier-C,2026-08-02T23:51:00,2026-08-02T23:31:00
SHP-100281,ORD-100281,DC-08,AT_DOCK,Carrier-A,2026-08-03T00:12:00,2026-08-03T00:19:00
SHP-100282,ORD-100282,DC-17,DELAYED,Carrier-A,2026-08-03T01:04:00,2026-08-03T01:21:00
SHP-100283,ORD-100283,DC-03,DEPARTED,Carrier-D,2026-08-03T02:02:00,2026-08-03T01:14:00
SHP-100284,ORD-100284,DC-16,PLANNED,Carrier-A,2026-08-03T01:14:00,2026-08-03T00:41:00
SHP-100285,ORD-100285,DC-06,DEPARTED,Carrier-A,2026-08-03T01:32:00,2026-08-03T00:42:00
SHP-100286,ORD-100286,DC-10,PLANNED,Carrier-C,2026-08-03T02:59:00,2026-08-03T01:44:00
SHP-100287,ORD-100287,DC-14,LOADED,Carrier-D,2026-08-03T01:44:00,2026-08-03T02:04:00
SHP-100288,ORD-100288,DC-06,LOADED,Carrier-A,2026-08-03T01:24:00,2026-08-03T01:05:00
SHP-100289,ORD-100289,DC-05,BOOKED,Carrier-A,2026-08-03T02:56:00,2026-08-03T02:35:00
SHP-100290,ORD-100290,DC-15,AT_DOCK,Carrier-B,2026-08-03T02:55:00,2026-08-03T02:42:00
SHP-100291,ORD-100291,DC-10,DEPARTED,Carrier-C,2026-08-03T02:17:00,2026-08-03T00:56:00
SHP-100292,ORD-100292,DC-10,BOOKED,Carrier-A,2026-08-03T02:43:00,2026-08-03T02:07:00
SHP-100293,ORD-100293,DC-18,PLANNED,Carrier-A,2026-08-03T03:49:00,2026-08-03T02:39:00
SHP-100294,ORD-100294,DC-03,AT_DOCK,Carrier-A,2026-08-03T02:15:00,2026-08-03T01:12:00
SHP-100295,ORD-100295,DC-07,DELAYED,Carrier-A,2026-08-03T01:59:00,2026-08-03T01:23:00
SHP-100296,ORD-100296,DC-11,DELAYED,Carrier-A,2026-08-03T03:46:00,2026-08-03T02:18:00
SHP-100297,ORD-100297,DC-01,AT_DOCK,Carrier-D,2026-08-03T03:35:00,2026-08-03T02:48:00
SHP-100298,ORD-100298,DC-13,BOOKED,Carrier-A,2026-08-03T04:35:00,2026-08-03T03:08:00
SHP-100299,ORD-100299,DC-15,DELAYED,Carrier-B,2026-08-03T02:59:00,2026-08-03T01:56:00
SHP-100300,ORD-100300,DC-16,DELAYED,Carrier-A,2026-08-03T03:59:00,2026-08-03T03:25:00
SHP-100301,ORD-100301,DC-10,DELAYED,Carrier-C,2026-08-03T02:28:00,2026-08-03T02:13:00
SHP-100302,ORD-100302,DC-06,LOADED,Carrier-C,2026-08-03T03:08:00,2026-08-03T03:49:00
SHP-100303,ORD-100303,DC-06,BOOKED,Carrier-B,2026-08-03T03:00:00,2026-08-03T03:41:00
SHP-100304,ORD-100304,DC-15,AT_DOCK,Carrier-D,2026-08-03T03:23:00,2026-08-03T03:17:00
SHP-100305,ORD-100305,DC-04,LOADED,Carrier-D,2026-08-03T02:21:00,2026-08-03T02:29:00
SHP-100306,ORD-100306,DC-02,AT_DOCK,Carrier-D,2026-08-03T04:07:00,2026-08-03T03:22:00
SHP-100307,ORD-100307,DC-11,AT_DOCK,Carrier-B,2026-08-03T05:02:00,2026-08-03T03:32:00
SHP-100308,ORD-100308,DC-17,DELAYED,Carrier-D,2026-08-03T03:51:00,2026-08-03T03:16:00
SHP-100309,ORD-100309,DC-01,LOADED,Carrier-C,2026-08-03T05:00:00,2026-08-03T03:53:00
SHP-100310,ORD-100310,DC-05,DELAYED,Carrier-C,2026-08-03T04:35:00,2026-08-03T03:36:00
SHP-100311,ORD-100311,DC-14,DEPARTED,Carrier-D,2026-08-03T04:00:00,2026-08-03T04:45:00
SHP-100312,ORD-100312,DC-16,BOOKED,Carrier-B,2026-08-03T03:52:00,2026-08-03T04:21:00
SHP-100313,ORD-100313,DC-10,DEPARTED,Carrier-A,2026-08-03T04:22:00,2026-08-03T03:42:00
SHP-100314,ORD-100314,DC-02,DELAYED,Carrier-A,2026-08-03T04:24:00,2026-08-03T03:40:00
SHP-100315,ORD-100315,DC-18,BOOKED,Carrier-D,2026-08-03T04:11:00,2026-08-03T03:44:00
SHP-100316,ORD-100316,DC-04,DEPARTED,Carrier-A,2026-08-03T05:27:00,2026-08-03T04:57:00
SHP-100317,ORD-100317,DC-03,DELAYED,Carrier-C,2026-08-03T04:51:00,2026-08-03T05:28:00
SHP-100318,ORD-100318,DC-07,DEPARTED,Carrier-A,2026-08-03T05:18:00,2026-08-03T05:35:00
SHP-100319,ORD-100319,DC-07,DELAYED,Carrier-D,2026-08-03T05:16:00,2026-08-03T05:45:00
SHP-100320,ORD-100320,DC-05,DELAYED,Carrier-B,2026-08-03T03:50:00,2026-08-03T04:31:00
SHP-100321,ORD-100321,DC-06,DEPARTED,Carrier-B,2026-08-03T06:19:00,2026-08-03T05:47:00
SHP-100322,ORD-100322,DC-04,LOADED,Carrier-D,2026-08-03T06:44:00,2026-08-03T05:51:00
SHP-100323,ORD-100323,DC-09,AT_DOCK,Carrier-C,2026-08-03T07:29:00,2026-08-03T06:21:00
SHP-100324,ORD-100324,DC-05,AT_DOCK,Carrier-B,2026-08-03T07:44:00,2026-08-03T06:29:00
SHP-100325,ORD-100325,DC-02,DELAYED,Carrier-D,2026-08-03T05:10:00,2026-08-03T05:48:00
SHP-100326,ORD-100326,DC-04,AT_DOCK,Carrier-A,2026-08-03T07:37:00,2026-08-03T06:31:00
SHP-100327,ORD-100327,DC-06,BOOKED,Carrier-D,2026-08-03T07:45:00,2026-08-03T06:59:00
SHP-100328,ORD-100328,DC-15,DEPARTED,Carrier-C,2026-08-03T05:47:00,2026-08-03T05:55:00
SHP-100329,ORD-100329,DC-14,DEPARTED,Carrier-B,2026-08-03T05:18:00,2026-08-03T05:50:00
SHP-100330,ORD-100330,DC-05,DELAYED,Carrier-C,2026-08-03T08:06:00,2026-08-03T06:45:00
SHP-100331,ORD-100331,DC-17,PLANNED,Carrier-D,2026-08-03T07:00:00,2026-08-03T07:22:00
SHP-100332,ORD-100332,DC-01,BOOKED,Carrier-A,2026-08-03T08:37:00,2026-08-03T07:44:00
SHP-100333,ORD-100333,DC-10,DELAYED,Carrier-A,2026-08-03T08:03:00,2026-08-03T06:42:00
SHP-100334,ORD-100334,DC-16,DEPARTED,Carrier-D,2026-08-03T08:41:00,2026-08-03T07:38:00
SHP-100335,ORD-100335,DC-10,DEPARTED,Carrier-B,2026-08-03T07:47:00,2026-08-03T06:20:00
SHP-100336,ORD-100336,DC-10,DEPARTED,Carrier-C,2026-08-03T08:20:00,2026-08-03T07:54:00
SHP-100337,ORD-100337,DC-08,AT_DOCK,Carrier-D,2026-08-03T08:59:00,2026-08-03T07:30:00
SHP-100338,ORD-100338,DC-04,DELAYED,Carrier-D,2026-08-03T06:17:00,2026-08-03T06:30:00
SHP-100339,ORD-100339,DC-11,PLANNED,Carrier-D,2026-08-03T07:08:00,2026-08-03T07:52:00
SHP-100340,ORD-100340,DC-16,DELAYED,Carrier-D,2026-08-03T07:27:00,2026-08-03T06:53:00
SHP-100341,ORD-100341,DC-11,DEPARTED,Carrier-A,2026-08-03T07:48:00,2026-08-03T08:04:00
SHP-100342,ORD-100342,DC-11,BOOKED,Carrier-A,2026-08-03T08:28:00,2026-08-03T07:24:00
SHP-100343,ORD-100343,DC-07,PLANNED,Carrier-A,2026-08-03T07:04:00,2026-08-03T06:54:00
SHP-100344,ORD-100344,DC-14,AT_DOCK,Carrier-A,2026-08-03T08:28:00,2026-08-03T08:57:00
SHP-100345,ORD-100345,DC-03,BOOKED,Carrier-A,2026-08-03T08:35:00,2026-08-03T08:20:00
SHP-100346,ORD-100346,DC-15,LOADED,Carrier-A,2026-08-03T08:34:00,2026-08-03T08:06:00
SHP-100347,ORD-100347,DC-15,DEPARTED,Carrier-B,2026-08-03T07:38:00,2026-08-03T08:21:00
SHP-100348,ORD-100348,DC-10,DEPARTED,Carrier-D,2026-08-03T08:16:00,2026-08-03T07:21:00
SHP-100349,ORD-100349,DC-03,LOADED,Carrier-C,2026-08-03T08:10:00,2026-08-03T08:37:00
SHP-100350,ORD-100350,DC-15,BOOKED,Carrier-A,2026-08-03T09:17:00,2026-08-03T08:23:00
SHP-100351,ORD-100351,DC-11,DELAYED,Carrier-D,2026-08-03T10:29:00,2026-08-03T09:04:00
SHP-100352,ORD-100352,DC-08,LOADED,Carrier-D,2026-08-03T08:57:00,2026-08-03T08:50:00
SHP-100353,ORD-100353,DC-09,DELAYED,Carrier-A,2026-08-03T09:38:00,2026-08-03T09:31:00
SHP-100354,ORD-100354,DC-07,AT_DOCK,Carrier-C,2026-08-03T09:16:00,2026-08-03T08:41:00
SHP-100355,ORD-100355,DC-16,DELAYED,Carrier-A,2026-08-03T10:17:00,2026-08-03T10:43:00
SHP-100356,ORD-100356,DC-09,DELAYED,Carrier-C,2026-08-03T10:59:00,2026-08-03T10:47:00
SHP-100357,ORD-100357,DC-10,DEPARTED,Carrier-C,2026-08-03T09:32:00,2026-08-03T09:11:00
SHP-100358,ORD-100358,DC-15,DEPARTED,Carrier-B,2026-08-03T11:39:00,2026-08-03T10:50:00
SHP-100359,ORD-100359,DC-12,BOOKED,Carrier-B,2026-08-03T12:13:00,2026-08-03T11:09:00
SHP-100360,ORD-100360,DC-06,LOADED,Carrier-B,2026-08-03T10:18:00,2026-08-03T10:27:00
SHP-100361,ORD-100361,DC-03,PLANNED,Carrier-D,2026-08-03T10:40:00,2026-08-03T11:03:00
SHP-100362,ORD-100362,DC-09,DEPARTED,Carrier-B,2026-08-03T09:27:00,2026-08-03T09:52:00
SHP-100363,ORD-100363,DC-14,LOADED,Carrier-A,2026-08-03T10:25:00,2026-08-03T10:00:00
SHP-100364,ORD-100364,DC-06,DEPARTED,Carrier-A,2026-08-03T11:56:00,2026-08-03T10:54:00
SHP-100365,ORD-100365,DC-12,AT_DOCK,Carrier-D,2026-08-03T13:05:00,2026-08-03T12:06:00
SHP-100366,ORD-100366,DC-03,BOOKED,Carrier-B,2026-08-03T11:29:00,2026-08-03T12:07:00
SHP-100367,ORD-100367,DC-02,DELAYED,Carrier-C,2026-08-03T10:52:00,2026-08-03T11:21:00
SHP-100368,ORD-100368,DC-12,DELAYED,Carrier-A,2026-08-03T13:58:00,2026-08-03T12:32:00
SHP-100369,ORD-100369,DC-13,PLANNED,Carrier-C,2026-08-03T12:55:00,2026-08-03T11:36:00
SHP-100370,ORD-100370,DC-16,DELAYED,Carrier-A,2026-08-03T11:20:00,2026-08-03T11:36:00
SHP-100371,ORD-100371,DC-16,LOADED,Carrier-D,2026-08-03T11:46:00,2026-08-03T12:13:00
SHP-100372,ORD-100372,DC-10,PLANNED,Carrier-D,2026-08-03T11:30:00,2026-08-03T12:02:00
SHP-100373,ORD-100373,DC-16,PLANNED,Carrier-D,2026-08-03T13:38:00,2026-08-03T12:23:00
SHP-100374,ORD-100374,DC-09,DEPARTED,Carrier-A,2026-08-03T10:54:00,2026-08-03T11:14:00
SHP-100375,ORD-100375,DC-16,DELAYED,Carrier-D,2026-08-03T14:01:00,2026-08-03T13:11:00
SHP-100376,ORD-100376,DC-17,LOADED,Carrier-C,2026-08-03T13:21:00,2026-08-03T13:28:00
SHP-100377,ORD-100377,DC-18,DEPARTED,Carrier-D,2026-08-03T11:08:00,2026-08-03T11:34:00
SHP-100378,ORD-100378,DC-10,LOADED,Carrier-D,2026-08-03T12:29:00,2026-08-03T13:04:00
SHP-100379,ORD-100379,DC-18,LOADED,Carrier-C,2026-08-03T12:20:00,2026-08-03T12:38:00
SHP-100380,ORD-100380,DC-05,BOOKED,Carrier-B,2026-08-03T13:07:00,2026-08-03T12:06:00
SHP-100381,ORD-100381,DC-16,LOADED,Carrier-D,2026-08-03T13:23:00,2026-08-03T12:06:00
SHP-100382,ORD-100382,DC-04,LOADED,Carrier-A,2026-08-03T14:16:00,2026-08-03T13:08:00
SHP-100383,ORD-100383,DC-15,DELAYED,Carrier-C,2026-08-03T13:40:00,2026-08-03T13:05:00
SHP-100384,ORD-100384,DC-08,LOADED,Carrier-B,2026-08-03T12:21:00,2026-08-03T12:13:00
SHP-100385,ORD-100385,DC-04,LOADED,Carrier-A,2026-08-03T14:12:00,2026-08-03T13:14:00
SHP-100386,ORD-100386,DC-18,LOADED,Carrier-D,2026-08-03T14:02:00,2026-08-03T14:11:00
SHP-100387,ORD-100387,DC-05,AT_DOCK,Carrier-C,2026-08-03T15:29:00,2026-08-03T14:20:00
SHP-100388,ORD-100388,DC-07,DEPARTED,Carrier-A,2026-08-03T12:48:00,2026-08-03T13:11:00
SHP-100389,ORD-100389,DC-01,DEPARTED,Carrier-C,2026-08-03T12:52:00,2026-08-03T13:30:00
SHP-100390,ORD-100390,DC-18,DELAYED,Carrier-A,2026-08-03T14:50:00,2026-08-03T14:24:00
SHP-100391,ORD-100391,DC-02,DELAYED,Carrier-C,2026-08-03T13:27:00,2026-08-03T13:06:00
SHP-100392,ORD-100392,DC-03,LOADED,Carrier-D,2026-08-03T14:10:00,2026-08-03T13:07:00
SHP-100393,ORD-100393,DC-03,LOADED,Carrier-D,2026-08-03T13:31:00,2026-08-03T13:46:00
SHP-100394,ORD-100394,DC-01,AT_DOCK,Carrier-C,2026-08-03T14:36:00,2026-08-03T13:25:00
SHP-100395,ORD-100395,DC-17,BOOKED,Carrier-D,2026-08-03T14:36:00,2026-08-03T14:15:00
SHP-100396,ORD-100396,DC-12,DEPARTED,Carrier-B,2026-08-03T14:36:00,2026-08-03T14:42:00
SHP-100397,ORD-100397,DC-08,BOOKED,Carrier-A,2026-08-03T14:34:00,2026-08-03T13:58:00
SHP-100398,ORD-100398,DC-14,DELAYED,Carrier-A,2026-08-03T14:24:00,2026-08-03T14:55:00
SHP-100399,ORD-100399,DC-01,LOADED,Carrier-A,2026-08-03T15:00:00,2026-08-03T13:58:00
SHP-100400,ORD-100400,DC-01,DEPARTED,Carrier-B,2026-08-03T14:26:00,2026-08-03T15:09:00
SHP-100401,ORD-100401,DC-16,DELAYED,Carrier-A,2026-08-03T15:25:00,2026-08-03T15:30:00
SHP-100402,ORD-100402,DC-12,DEPARTED,Carrier-A,2026-08-03T14:48:00,2026-08-03T15:25:00
SHP-100403,ORD-100403,DC-11,DELAYED,Carrier-D,2026-08-03T14:53:00,2026-08-03T14:45:00
SHP-100404,ORD-100404,DC-18,DEPARTED,Carrier-B,2026-08-03T15:21:00,2026-08-03T14:39:00
SHP-100405,ORD-100405,DC-17,PLANNED,Carrier-B,2026-08-03T16:17:00,2026-08-03T16:24:00
SHP-100406,ORD-100406,DC-08,PLANNED,Carrier-A,2026-08-03T17:04:00,2026-08-03T15:59:00
SHP-100407,ORD-100407,DC-03,BOOKED,Carrier-A,2026-08-03T16:24:00,2026-08-03T15:16:00
SHP-100408,ORD-100408,DC-10,DELAYED,Carrier-C,2026-08-03T15:28:00,2026-08-03T15:53:00
SHP-100409,ORD-100409,DC-12,AT_DOCK,Carrier-D,2026-08-03T17:50:00,2026-08-03T16:22:00
SHP-100410,ORD-100410,DC-16,PLANNED,Carrier-C,2026-08-03T15:52:00,2026-08-03T15:15:00
SHP-100411,ORD-100411,DC-17,DELAYED,Carrier-C,2026-08-03T15:04:00,2026-08-03T15:12:00
SHP-100412,ORD-100412,DC-12,LOADED,Carrier-C,2026-08-03T15:41:00,2026-08-03T15:08:00
SHP-100413,ORD-100413,DC-12,DELAYED,Carrier-A,2026-08-03T16:11:00,2026-08-03T15:06:00
SHP-100414,ORD-100414,DC-06,LOADED,Carrier-C,2026-08-03T15:40:00,2026-08-03T16:10:00
SHP-100415,ORD-100415,DC-15,DELAYED,Carrier-C,2026-08-03T15:37:00,2026-08-03T16:17:00
SHP-100416,ORD-100416,DC-14,BOOKED,Carrier-B,2026-08-03T17:17:00,2026-08-03T16:55:00
SHP-100417,ORD-100417,DC-05,AT_DOCK,Carrier-D,2026-08-03T15:50:00,2026-08-03T16:01:00
SHP-100418,ORD-100418,DC-17,LOADED,Carrier-D,2026-08-03T15:10:00,2026-08-03T15:47:00
SHP-100419,ORD-100419,DC-09,PLANNED,Carrier-A,2026-08-03T15:56:00,2026-08-03T15:40:00
SHP-100420,ORD-100420,DC-01,DEPARTED,Carrier-D,2026-08-03T16:48:00,2026-08-03T16:24:00
SHP-100421,ORD-100421,DC-01,DEPARTED,Carrier-B,2026-08-03T15:49:00,2026-08-03T15:38:00
SHP-100422,ORD-100422,DC-01,DELAYED,Carrier-D,2026-08-03T16:52:00,2026-08-03T17:16:00
SHP-100423,ORD-100423,DC-16,DEPARTED,Carrier-D,2026-08-03T15:49:00,2026-08-03T16:30:00
SHP-100424,ORD-100424,DC-11,DELAYED,Carrier-D,2026-08-03T17:22:00,2026-08-03T16:35:00
SHP-100425,ORD-100425,DC-10,AT_DOCK,Carrier-B,2026-08-03T16:17:00,2026-08-03T16:42:00
SHP-100426,ORD-100426,DC-06,LOADED,Carrier-C,2026-08-03T16:09:00,2026-08-03T16:15:00
SHP-100427,ORD-100427,DC-14,AT_DOCK,Carrier-A,2026-08-03T17:52:00,2026-08-03T17:16:00
SHP-100428,ORD-100428,DC-08,LOADED,Carrier-D,2026-08-03T17:25:00,2026-08-03T17:48:00
SHP-100429,ORD-100429,DC-17,PLANNED,Carrier-A,2026-08-03T17:44:00,2026-08-03T16:24:00
SHP-100430,ORD-100430,DC-16,LOADED,Carrier-B,2026-08-03T16:57:00,2026-08-03T17:11:00
SHP-100431,ORD-100431,DC-07,DELAYED,Carrier-B,2026-08-03T17:51:00,2026-08-03T16:48:00
SHP-100432,ORD-100432,DC-01,DELAYED,Carrier-C,2026-08-03T16:56:00,2026-08-03T16:49:00
SHP-100433,ORD-100433,DC-15,AT_DOCK,Carrier-D,2026-08-03T17:17:00,2026-08-03T17:23:00
SHP-100434,ORD-100434,DC-16,BOOKED,Carrier-C,2026-08-03T19:27:00,2026-08-03T18:32:00
SHP-100435,ORD-100435,DC-16,LOADED,Carrier-A,2026-08-03T16:29:00,2026-08-03T17:14:00
SHP-100436,ORD-100436,DC-04,DEPARTED,Carrier-B,2026-08-03T18:01:00,2026-08-03T17:11:00
SHP-100437,ORD-100437,DC-16,AT_DOCK,Carrier-A,2026-08-03T16:54:00,2026-08-03T17:16:00
SHP-100438,ORD-100438,DC-18,BOOKED,Carrier-C,2026-08-03T18:19:00,2026-08-03T18:09:00
SHP-100439,ORD-100439,DC-04,DEPARTED,Carrier-B,2026-08-03T19:05:00,2026-08-03T18:03:00
SHP-100440,ORD-100440,DC-16,PLANNED,Carrier-B,2026-08-03T17:10:00,2026-08-03T17:39:00
SHP-100441,ORD-100441,DC-16,DEPARTED,Carrier-C,2026-08-03T16:41:00,2026-08-03T17:15:00
SHP-100442,ORD-100442,DC-02,BOOKED,Carrier-A,2026-08-03T17:29:00,2026-08-03T17:39:00
SHP-100443,ORD-100443,DC-03,DELAYED,Carrier-A,2026-08-03T18:23:00,2026-08-03T18:54:00
SHP-100444,ORD-100444,DC-03,DELAYED,Carrier-C,2026-08-03T18:22:00,2026-08-03T17:37:00
SHP-100445,ORD-100445,DC-18,DEPARTED,Carrier-D,2026-08-03T18:49:00,2026-08-03T17:57:00
SHP-100446,ORD-100446,DC-12,PLANNED,Carrier-A,2026-08-03T20:02:00,2026-08-03T18:48:00
SHP-100447,ORD-100447,DC-02,LOADED,Carrier-D,2026-08-03T18:18:00,2026-08-03T18:34:00
SHP-100448,ORD-100448,DC-01,DELAYED,Carrier-B,2026-08-03T19:16:00,2026-08-03T19:30:00
SHP-100449,ORD-100449,DC-03,DEPARTED,Carrier-A,2026-08-03T17:58:00,2026-08-03T18:23:00
SHP-100450,ORD-100450,DC-16,DELAYED,Carrier-D,2026-08-03T19:09:00,2026-08-03T18:42:00
SHP-100451,ORD-100451,DC-01,AT_DOCK,Carrier-A,2026-08-03T17:49:00,2026-08-03T18:29:00
SHP-100452,ORD-100452,DC-06,DELAYED,Carrier-D,2026-08-03T19:38:00,2026-08-03T19:52:00
SHP-100453,ORD-100453,DC-14,BOOKED,Carrier-C,2026-08-03T18:52:00,2026-08-03T19:15:00
SHP-100454,ORD-100454,DC-12,PLANNED,Carrier-C,2026-08-03T20:07:00,2026-08-03T18:56:00
SHP-100455,ORD-100455,DC-16,DELAYED,Carrier-B,2026-08-03T20:52:00,2026-08-03T19:32:00
SHP-100456,ORD-100456,DC-11,AT_DOCK,Carrier-A,2026-08-03T19:24:00,2026-08-03T19:55:00
SHP-100457,ORD-100457,DC-10,LOADED,Carrier-C,2026-08-03T20:55:00,2026-08-03T21:01:00
SHP-100458,ORD-100458,DC-14,LOADED,Carrier-B,2026-08-03T20:24:00,2026-08-03T20:39:00
SHP-100459,ORD-100459,DC-10,BOOKED,Carrier-A,2026-08-03T20:36:00,2026-08-03T20:48:00
SHP-100460,ORD-100460,DC-16,BOOKED,Carrier-C,2026-08-03T20:52:00,2026-08-03T19:35:00
SHP-100461,ORD-100461,DC-16,AT_DOCK,Carrier-B,2026-08-03T21:09:00,2026-08-03T20:15:00
SHP-100462,ORD-100462,DC-09,DEPARTED,Carrier-B,2026-08-03T20:31:00,2026-08-03T20:39:00
SHP-100463,ORD-100463,DC-01,DEPARTED,Carrier-B,2026-08-03T22:25:00,2026-08-03T21:42:00
SHP-100464,ORD-100464,DC-06,AT_DOCK,Carrier-A,2026-08-03T21:52:00,2026-08-03T20:34:00
SHP-100465,ORD-100465,DC-02,AT_DOCK,Carrier-A,2026-08-03T22:00:00,2026-08-03T21:12:00
SHP-100466,ORD-100466,DC-03,PLANNED,Carrier-B,2026-08-03T22:08:00,2026-08-03T21:59:00
SHP-100467,ORD-100467,DC-05,DELAYED,Carrier-A,2026-08-03T23:41:00,2026-08-03T22:29:00
SHP-100468,ORD-100468,DC-08,DEPARTED,Carrier-D,2026-08-03T22:10:00,2026-08-03T20:54:00
SHP-100469,ORD-100469,DC-13,DELAYED,Carrier-C,2026-08-03T20:40:00,2026-08-03T21:14:00
SHP-100470,ORD-100470,DC-02,DEPARTED,Carrier-C,2026-08-03T21:21:00,2026-08-03T21:46:00
SHP-100471,ORD-100471,DC-10,DEPARTED,Carrier-D,2026-08-03T23:55:00,2026-08-03T22:32:00
SHP-100472,ORD-100472,DC-02,BOOKED,Carrier-C,2026-08-03T22:56:00,2026-08-03T22:37:00
SHP-100473,ORD-100473,DC-10,PLANNED,Carrier-C,2026-08-03T22:07:00,2026-08-03T22:23:00
SHP-100474,ORD-100474,DC-08,PLANNED,Carrier-B,2026-08-03T21:57:00,2026-08-03T22:09:00
SHP-100475,ORD-100475,DC-11,BOOKED,Carrier-A,2026-08-03T22:44:00,2026-08-03T21:34:00
SHP-100476,ORD-100476,DC-02,AT_DOCK,Carrier-D,2026-08-03T22:38:00,2026-08-03T21:25:00
SHP-100477,ORD-100477,DC-16,DELAYED,Carrier-D,2026-08-03T22:41:00,2026-08-03T21:58:00
SHP-100478,ORD-100478,DC-06,DEPARTED,Carrier-A,2026-08-03T22:13:00,2026-08-03T21:40:00
SHP-100479,ORD-100479,DC-02,BOOKED,Carrier-D,2026-08-03T23:16:00,2026-08-03T22:26:00
SHP-100480,ORD-100480,DC-11,AT_DOCK,Carrier-A,2026-08-03T22:39:00,2026-08-03T23:03:00
SHP-100481,ORD-100481,DC-15,LOADED,Carrier-D,2026-08-03T21:20:00,2026-08-03T21:52:00
SHP-100482,ORD-100482,DC-04,DEPARTED,Carrier-C,2026-08-03T21:59:00,2026-08-03T22:17:00
SHP-100483,ORD-100483,DC-14,AT_DOCK,Carrier-A,2026-08-04T00:51:00,2026-08-03T23:31:00
SHP-100484,ORD-100484,DC-15,DELAYED,Carrier-B,2026-08-03T23:16:00,2026-08-03T23:28:00
SHP-100485,ORD-100485,DC-15,DEPARTED,Carrier-B,2026-08-03T22:58:00,2026-08-03T22:50:00
SHP-100486,ORD-100486,DC-12,BOOKED,Carrier-A,2026-08-03T23:38:00,2026-08-03T22:36:00
SHP-100487,ORD-100487,DC-10,LOADED,Carrier-C,2026-08-03T23:09:00,2026-08-03T23:14:00
SHP-100488,ORD-100488,DC-05,AT_DOCK,Carrier-B,2026-08-03T23:58:00,2026-08-04T00:11:00
SHP-100489,ORD-100489,DC-12,AT_DOCK,Carrier-D,2026-08-04T00:53:00,2026-08-04T00:39:00
SHP-100490,ORD-100490,DC-08,AT_DOCK,Carrier-B,2026-08-03T23:40:00,2026-08-03T23:54:00
SHP-100491,ORD-100491,DC-14,BOOKED,Carrier-A,2026-08-03T23:44:00,2026-08-03T23:49:00
SHP-100492,ORD-100492,DC-15,DELAYED,Carrier-B,2026-08-04T02:03:00,2026-08-04T00:48:00
SHP-100493,ORD-100493,DC-05,AT_DOCK,Carrier-A,2026-08-03T23:52:00,2026-08-04T00:25:00
SHP-100494,ORD-100494,DC-13,LOADED,Carrier-C,2026-08-03T23:47:00,2026-08-03T23:53:00
SHP-100495,ORD-100495,DC-14,LOADED,Carrier-D,2026-08-04T01:03:00,2026-08-04T01:33:00
SHP-100496,ORD-100496,DC-17,PLANNED,Carrier-B,2026-08-04T01:35:00,2026-08-04T01:24:00
SHP-100497,ORD-100497,DC-06,DELAYED,Carrier-A,2026-08-04T01:24:00,2026-08-04T00:08:00
SHP-100498,ORD-100498,DC-16,PLANNED,Carrier-B,2026-08-04T02:25:00,2026-08-04T01:10:00
SHP-100499,ORD-100499,DC-02,PLANNED,Carrier-C,2026-08-04T01:21:00,2026-08-04T00:34:00
SHP-100500,ORD-100500,DC-02,DELAYED,Carrier-D,2026-08-04T02:04:00,2026-08-04T02:09:00
SHP-100501,ORD-100501,DC-04,DEPARTED,Carrier-B,2026-08-04T02:59:00,2026-08-04T02:04:00
SHP-100502,ORD-100502,DC-06,AT_DOCK,Carrier-D,2026-08-04T00:38:00,2026-08-04T01:20:00
SHP-100503,ORD-100503,DC-17,DEPARTED,Carrier-C,2026-08-04T02:44:00,2026-08-04T01:41:00
SHP-100504,ORD-100504,DC-18,AT_DOCK,Carrier-D,2026-08-04T02:08:00,2026-08-04T02:14:00
SHP-100505,ORD-100505,DC-09,DEPARTED,Carrier-C,2026-08-04T03:55:00,2026-08-04T02:50:00
SHP-100506,ORD-100506,DC-07,LOADED,Carrier-C,2026-08-04T03:35:00,2026-08-04T03:01:00
SHP-100507,ORD-100507,DC-12,DEPARTED,Carrier-D,2026-08-04T02:05:00,2026-08-04T02:45:00
SHP-100508,ORD-100508,DC-18,LOADED,Carrier-A,2026-08-04T04:12:00,2026-08-04T03:38:00
SHP-100509,ORD-100509,DC-12,PLANNED,Carrier-D,2026-08-04T04:03:00,2026-08-04T03:52:00
SHP-100510,ORD-100510,DC-04,AT_DOCK,Carrier-C,2026-08-04T04:08:00,2026-08-04T03:12:00
SHP-100511,ORD-100511,DC-15,BOOKED,Carrier-A,2026-08-04T03:46:00,2026-08-04T02:54:00
SHP-100512,ORD-100512,DC-14,DELAYED,Carrier-B,2026-08-04T03:07:00,2026-08-04T03:31:00
SHP-100513,ORD-100513,DC-12,DELAYED,Carrier-C,2026-08-04T03:30:00,2026-08-04T03:38:00
SHP-100514,ORD-100514,DC-08,BOOKED,Carrier-D,2026-08-04T05:57:00,2026-08-04T04:42:00
SHP-100515,ORD-100515,DC-10,PLANNED,Carrier-B,2026-08-04T03:58:00,2026-08-04T03:01:00
SHP-100516,ORD-100516,DC-10,LOADED,Carrier-A,2026-08-04T02:49:00,2026-08-04T02:58:00
SHP-100517,ORD-100517,DC-03,PLANNED,Carrier-A,2026-08-04T03:48:00,2026-08-04T04:02:00
SHP-100518,ORD-100518,DC-18,BOOKED,Carrier-C,2026-08-04T03:18:00,2026-08-04T04:02:00
SHP-100519,ORD-100519,DC-02,DEPARTED,Carrier-A,2026-08-04T03:57:00,2026-08-04T04:37:00
SHP-100520,ORD-100520,DC-07,DELAYED,Carrier-D,2026-08-04T04:18:00,2026-08-04T03:27:00
SHP-100521,ORD-100521,DC-15,DELAYED,Carrier-C,2026-08-04T05:42:00,2026-08-04T05:13:00
SHP-100522,ORD-100522,DC-03,PLANNED,Carrier-D,2026-08-04T04:27:00,2026-08-04T03:56:00
SHP-100523,ORD-100523,DC-02,DELAYED,Carrier-C,2026-08-04T04:13:00,2026-08-04T03:57:00
SHP-100524,ORD-100524,DC-18,BOOKED,Carrier-C,2026-08-04T04:21:00,2026-08-04T04:31:00
SHP-100525,ORD-100525,DC-18,LOADED,Carrier-D,2026-08-04T04:14:00,2026-08-04T04:24:00
SHP-100526,ORD-100526,DC-14,LOADED,Carrier-A,2026-08-04T05:23:00,2026-08-04T05:46:00
SHP-100527,ORD-100527,DC-03,BOOKED,Carrier-B,2026-08-04T05:36:00,2026-08-04T04:21:00
SHP-100528,ORD-100528,DC-05,DEPARTED,Carrier-D,2026-08-04T05:11:00,2026-08-04T05:45:00
SHP-100529,ORD-100529,DC-10,BOOKED,Carrier-A,2026-08-04T06:42:00,2026-08-04T05:27:00
SHP-100530,ORD-100530,DC-08,LOADED,Carrier-B,2026-08-04T05:04:00,2026-08-04T04:00:00
SHP-100531,ORD-100531,DC-18,DELAYED,Carrier-A,2026-08-04T05:08:00,2026-08-04T04:11:00
SHP-100532,ORD-100532,DC-02,DELAYED,Carrier-C,2026-08-04T05:26:00,2026-08-04T06:01:00
SHP-100533,ORD-100533,DC-02,DELAYED,Carrier-A,2026-08-04T05:48:00,2026-08-04T05:28:00
SHP-100534,ORD-100534,DC-06,PLANNED,Carrier-A,2026-08-04T03:59:00,2026-08-04T04:07:00
SHP-100535,ORD-100535,DC-01,DEPARTED,Carrier-A,2026-08-04T06:25:00,2026-08-04T05:15:00
SHP-100536,ORD-100536,DC-12,LOADED,Carrier-C,2026-08-04T05:34:00,2026-08-04T04:40:00
SHP-100537,ORD-100537,DC-18,PLANNED,Carrier-B,2026-08-04T05:56:00,2026-08-04T06:10:00
SHP-100538,ORD-100538,DC-05,DELAYED,Carrier-C,2026-08-04T06:43:00,2026-08-04T05:21:00
SHP-100539,ORD-100539,DC-14,DEPARTED,Carrier-D,2026-08-04T05:33:00,2026-08-04T04:49:00
SHP-100540,ORD-100540,DC-07,LOADED,Carrier-D,2026-08-04T06:26:00,2026-08-04T06:16:00
SHP-100541,ORD-100541,DC-02,BOOKED,Carrier-A,2026-08-04T05:27:00,2026-08-04T06:08:00
SHP-100542,ORD-100542,DC-15,AT_DOCK,Carrier-D,2026-08-04T07:06:00,2026-08-04T06:34:00
SHP-100543,ORD-100543,DC-13,DELAYED,Carrier-B,2026-08-04T06:31:00,2026-08-04T06:18:00
SHP-100544,ORD-100544,DC-09,LOADED,Carrier-B,2026-08-04T06:46:00,2026-08-04T06:36:00
SHP-100545,ORD-100545,DC-15,LOADED,Carrier-A,2026-08-04T07:06:00,2026-08-04T06:45:00
SHP-100546,ORD-100546,DC-17,LOADED,Carrier-C,2026-08-04T07:02:00,2026-08-04T06:18:00
SHP-100547,ORD-100547,DC-16,AT_DOCK,Carrier-A,2026-08-04T05:57:00,2026-08-04T06:18:00
SHP-100548,ORD-100548,DC-09,LOADED,Carrier-C,2026-08-04T06:24:00,2026-08-04T07:09:00
SHP-100549,ORD-100549,DC-11,DEPARTED,Carrier-A,2026-08-04T08:03:00,2026-08-04T06:37:00
SHP-100550,ORD-100550,DC-01,LOADED,Carrier-D,2026-08-04T07:12:00,2026-08-04T07:32:00
SHP-100551,ORD-100551,DC-11,BOOKED,Carrier-D,2026-08-04T06:30:00,2026-08-04T07:11:00
SHP-100552,ORD-100552,DC-08,LOADED,Carrier-D,2026-08-04T05:45:00,2026-08-04T06:16:00
SHP-100553,ORD-100553,DC-06,PLANNED,Carrier-B,2026-08-04T08:08:00,2026-08-04T08:03:00
SHP-100554,ORD-100554,DC-06,PLANNED,Carrier-D,2026-08-04T08:03:00,2026-08-04T07:00:00
SHP-100555,ORD-100555,DC-08,AT_DOCK,Carrier-D,2026-08-04T06:28:00,2026-08-04T06:44:00
SHP-100556,ORD-100556,DC-03,BOOKED,Carrier-B,2026-08-04T10:03:00,2026-08-04T08:40:00
SHP-100557,ORD-100557,DC-07,LOADED,Carrier-B,2026-08-04T07:42:00,2026-08-04T07:20:00
SHP-100558,ORD-100558,DC-10,PLANNED,Carrier-C,2026-08-04T07:08:00,2026-08-04T07:31:00
SHP-100559,ORD-100559,DC-01,BOOKED,Carrier-A,2026-08-04T09:57:00,2026-08-04T08:31:00
SHP-100560,ORD-100560,DC-15,LOADED,Carrier-B,2026-08-04T09:06:00,2026-08-04T07:57:00
SHP-100561,ORD-100561,DC-04,AT_DOCK,Carrier-B,2026-08-04T08:37:00,2026-08-04T08:13:00
SHP-100562,ORD-100562,DC-13,LOADED,Carrier-D,2026-08-04T07:32:00,2026-08-04T08:07:00
SHP-100563,ORD-100563,DC-07,DELAYED,Carrier-D,2026-08-04T09:39:00,2026-08-04T08:41:00
SHP-100564,ORD-100564,DC-10,BOOKED,Carrier-D,2026-08-04T08:48:00,2026-08-04T09:31:00
SHP-100565,ORD-100565,DC-17,DELAYED,Carrier-A,2026-08-04T09:58:00,2026-08-04T09:00:00
SHP-100566,ORD-100566,DC-15,DELAYED,Carrier-A,2026-08-04T08:35:00,2026-08-04T08:15:00
SHP-100567,ORD-100567,DC-03,LOADED,Carrier-A,2026-08-04T09:37:00,2026-08-04T09:13:00
SHP-100568,ORD-100568,DC-14,AT_DOCK,Carrier-B,2026-08-04T10:46:00,2026-08-04T09:55:00
SHP-100569,ORD-100569,DC-12,LOADED,Carrier-B,2026-08-04T08:23:00,2026-08-04T08:36:00
SHP-100570,ORD-100570,DC-17,DEPARTED,Carrier-C,2026-08-04T10:36:00,2026-08-04T10:09:00
SHP-100571,ORD-100571,DC-11,LOADED,Carrier-B,2026-08-04T08:35:00,2026-08-04T09:14:00
SHP-100572,ORD-100572,DC-01,BOOKED,Carrier-A,2026-08-04T10:10:00,2026-08-04T09:33:00
SHP-100573,ORD-100573,DC-03,AT_DOCK,Carrier-C,2026-08-04T10:06:00,2026-08-04T09:22:00
SHP-100574,ORD-100574,DC-15,AT_DOCK,Carrier-C,2026-08-04T09:04:00,2026-08-04T08:55:00
SHP-100575,ORD-100575,DC-08,BOOKED,Carrier-D,2026-08-04T08:24:00,2026-08-04T08:42:00
SHP-100576,ORD-100576,DC-12,DELAYED,Carrier-B,2026-08-04T10:26:00,2026-08-04T09:41:00
SHP-100577,ORD-100577,DC-07,DELAYED,Carrier-C,2026-08-04T10:00:00,2026-08-04T09:48:00
SHP-100578,ORD-100578,DC-12,BOOKED,Carrier-B,2026-08-04T09:15:00,2026-08-04T09:27:00
SHP-100579,ORD-100579,DC-11,DELAYED,Carrier-C,2026-08-04T11:48:00,2026-08-04T10:22:00
SHP-100580,ORD-100580,DC-05,AT_DOCK,Carrier-A,2026-08-04T10:33:00,2026-08-04T09:39:00
SHP-100581,ORD-100581,DC-14,BOOKED,Carrier-A,2026-08-04T10:07:00,2026-08-04T09:32:00
SHP-100582,ORD-100582,DC-02,BOOKED,Carrier-D,2026-08-04T09:15:00,2026-08-04T09:33:00
SHP-100583,ORD-100583,DC-11,LOADED,Carrier-B,2026-08-04T12:14:00,2026-08-04T11:04:00
SHP-100584,ORD-100584,DC-17,DELAYED,Carrier-C,2026-08-04T10:48:00,2026-08-04T09:48:00
SHP-100585,ORD-100585,DC-15,LOADED,Carrier-C,2026-08-04T10:00:00,2026-08-04T10:40:00
SHP-100586,ORD-100586,DC-13,AT_DOCK,Carrier-D,2026-08-04T11:48:00,2026-08-04T10:23:00
SHP-100587,ORD-100587,DC-16,BOOKED,Carrier-A,2026-08-04T10:43:00,2026-08-04T10:48:00
SHP-100588,ORD-100588,DC-07,PLANNED,Carrier-C,2026-08-04T13:11:00,2026-08-04T11:47:00
SHP-100589,ORD-100589,DC-07,PLANNED,Carrier-B,2026-08-04T11:32:00,2026-08-04T11:27:00
SHP-100590,ORD-100590,DC-07,LOADED,Carrier-A,2026-08-04T13:21:00,2026-08-04T12:01:00
SHP-100591,ORD-100591,DC-07,DELAYED,Carrier-D,2026-08-04T13:45:00,2026-08-04T12:18:00
SHP-100592,ORD-100592,DC-09,BOOKED,Carrier-B,2026-08-04T10:25:00,2026-08-04T11:05:00
SHP-100593,ORD-100593,DC-07,LOADED,Carrier-C,2026-08-04T12:15:00,2026-08-04T11:10:00
SHP-100594,ORD-100594,DC-17,DEPARTED,Carrier-D,2026-08-04T11:15:00,2026-08-04T11:04:00
SHP-100595,ORD-100595,DC-08,DEPARTED,Carrier-D,2026-08-04T12:28:00,2026-08-04T12:35:00
SHP-100596,ORD-100596,DC-11,PLANNED,Carrier-C,2026-08-04T12:20:00,2026-08-04T12:01:00
SHP-100597,ORD-100597,DC-09,LOADED,Carrier-B,2026-08-04T12:17:00,2026-08-04T12:31:00
SHP-100598,ORD-100598,DC-07,AT_DOCK,Carrier-D,2026-08-04T10:41:00,2026-08-04T11:04:00
SHP-100599,ORD-100599,DC-13,DEPARTED,Carrier-D,2026-08-04T11:33:00,2026-08-04T11:41:00
SHP-100600,ORD-100600,DC-10,BOOKED,Carrier-B,2026-08-04T11:49:00,2026-08-04T12:31:00
SHP-100601,ORD-100601,DC-07,PLANNED,Carrier-A,2026-08-04T13:56:00,2026-08-04T13:05:00
SHP-100602,ORD-100602,DC-05,LOADED,Carrier-A,2026-08-04T12:41:00,2026-08-04T13:16:00
SHP-100603,ORD-100603,DC-07,BOOKED,Carrier-B,2026-08-04T12:21:00,2026-08-04T12:27:00
SHP-100604,ORD-100604,DC-16,BOOKED,Carrier-D,2026-08-04T12:40:00,2026-08-04T12:45:00
SHP-100605,ORD-100605,DC-16,LOADED,Carrier-B,2026-08-04T13:45:00,2026-08-04T13:33:00
SHP-100606,ORD-100606,DC-14,DELAYED,Carrier-A,2026-08-04T12:20:00,2026-08-04T12:49:00
SHP-100607,ORD-100607,DC-13,BOOKED,Carrier-B,2026-08-04T13:30:00,2026-08-04T13:39:00
SHP-100608,ORD-100608,DC-03,AT_DOCK,Carrier-D,2026-08-04T14:25:00,2026-08-04T14:43:00
SHP-100609,ORD-100609,DC-11,AT_DOCK,Carrier-A,2026-08-04T16:19:00,2026-08-04T14:55:00
SHP-100610,ORD-100610,DC-09,BOOKED,Carrier-A,2026-08-04T15:09:00,2026-08-04T14:43:00
SHP-100611,ORD-100611,DC-10,DELAYED,Carrier-C,2026-08-04T13:35:00,2026-08-04T14:04:00
SHP-100612,ORD-100612,DC-18,PLANNED,Carrier-C,2026-08-04T16:12:00,2026-08-04T14:42:00
SHP-100613,ORD-100613,DC-15,AT_DOCK,Carrier-A,2026-08-04T16:53:00,2026-08-04T15:37:00
SHP-100614,ORD-100614,DC-16,AT_DOCK,Carrier-C,2026-08-04T15:19:00,2026-08-04T15:41:00
SHP-100615,ORD-100615,DC-08,PLANNED,Carrier-B,2026-08-04T16:16:00,2026-08-04T16:00:00
SHP-100616,ORD-100616,DC-12,PLANNED,Carrier-C,2026-08-04T17:03:00,2026-08-04T15:50:00
SHP-100617,ORD-100617,DC-10,LOADED,Carrier-D,2026-08-04T16:07:00,2026-08-04T14:59:00
SHP-100618,ORD-100618,DC-05,DEPARTED,Carrier-B,2026-08-04T17:02:00,2026-08-04T16:33:00
SHP-100619,ORD-100619,DC-18,LOADED,Carrier-A,2026-08-04T17:35:00,2026-08-04T16:37:00
SHP-100620,ORD-100620,DC-01,LOADED,Carrier-D,2026-08-04T16:31:00,2026-08-04T15:58:00
SHP-100621,ORD-100621,DC-13,AT_DOCK,Carrier-C,2026-08-04T16:01:00,2026-08-04T15:44:00
SHP-100622,ORD-100622,DC-13,AT_DOCK,Carrier-B,2026-08-04T15:34:00,2026-08-04T16:04:00
SHP-100623,ORD-100623,DC-03,DEPARTED,Carrier-D,2026-08-04T15:50:00,2026-08-04T16:25:00
SHP-100624,ORD-100624,DC-11,DEPARTED,Carrier-A,2026-08-04T17:52:00,2026-08-04T16:32:00
SHP-100625,ORD-100625,DC-15,PLANNED,Carrier-B,2026-08-04T17:48:00,2026-08-04T16:31:00
SHP-100626,ORD-100626,DC-03,DEPARTED,Carrier-B,2026-08-04T16:41:00,2026-08-04T16:27:00
SHP-100627,ORD-100627,DC-14,DELAYED,Carrier-D,2026-08-04T15:55:00,2026-08-04T16:20:00
SHP-100628,ORD-100628,DC-01,DEPARTED,Carrier-C,2026-08-04T15:40:00,2026-08-04T16:10:00
SHP-100629,ORD-100629,DC-10,PLANNED,Carrier-A,2026-08-04T18:52:00,2026-08-04T17:49:00
SHP-100630,ORD-100630,DC-05,DEPARTED,Carrier-D,2026-08-04T17:20:00,2026-08-04T16:23:00
SHP-100631,ORD-100631,DC-04,DEPARTED,Carrier-C,2026-08-04T16:44:00,2026-08-04T16:00:00
SHP-100632,ORD-100632,DC-08,PLANNED,Carrier-D,2026-08-04T16:59:00,2026-08-04T17:16:00
SHP-100633,ORD-100633,DC-11,LOADED,Carrier-A,2026-08-04T19:07:00,2026-08-04T18:01:00
SHP-100634,ORD-100634,DC-06,DEPARTED,Carrier-B,2026-08-04T17:48:00,2026-08-04T18:24:00
SHP-100635,ORD-100635,DC-16,PLANNED,Carrier-C,2026-08-04T18:09:00,2026-08-04T18:18:00
SHP-100636,ORD-100636,DC-14,PLANNED,Carrier-A,2026-08-04T17:28:00,2026-08-04T17:44:00
SHP-100637,ORD-100637,DC-06,AT_DOCK,Carrier-C,2026-08-04T18:50:00,2026-08-04T17:37:00
SHP-100638,ORD-100638,DC-05,DELAYED,Carrier-C,2026-08-04T16:49:00,2026-08-04T17:34:00
SHP-100639,ORD-100639,DC-05,BOOKED,Carrier-A,2026-08-04T19:17:00,2026-08-04T19:06:00
SHP-100640,ORD-100640,DC-03,AT_DOCK,Carrier-B,2026-08-04T17:54:00,2026-08-04T18:02:00
SHP-100641,ORD-100641,DC-10,BOOKED,Carrier-D,2026-08-04T19:39:00,2026-08-04T19:23:00
SHP-100642,ORD-100642,DC-17,AT_DOCK,Carrier-D,2026-08-04T20:09:00,2026-08-04T19:48:00
SHP-100643,ORD-100643,DC-13,AT_DOCK,Carrier-C,2026-08-04T18:22:00,2026-08-04T18:31:00
SHP-100644,ORD-100644,DC-17,DELAYED,Carrier-C,2026-08-04T19:51:00,2026-08-04T18:32:00
SHP-100645,ORD-100645,DC-16,BOOKED,Carrier-A,2026-08-04T19:35:00,2026-08-04T18:21:00
SHP-100646,ORD-100646,DC-08,DELAYED,Carrier-D,2026-08-04T20:42:00,2026-08-04T20:02:00
SHP-100647,ORD-100647,DC-15,DELAYED,Carrier-D,2026-08-04T19:53:00,2026-08-04T19:32:00
SHP-100648,ORD-100648,DC-09,AT_DOCK,Carrier-D,2026-08-04T21:31:00,2026-08-04T20:01:00
SHP-100649,ORD-100649,DC-01,LOADED,Carrier-D,2026-08-04T18:33:00,2026-08-04T18:48:00
SHP-100650,ORD-100650,DC-11,LOADED,Carrier-A,2026-08-04T21:12:00,2026-08-04T20:01:00
SHP-100651,ORD-100651,DC-16,AT_DOCK,Carrier-B,2026-08-04T20:20:00,2026-08-04T18:56:00
SHP-100652,ORD-100652,DC-06,BOOKED,Carrier-D,2026-08-04T20:45:00,2026-08-04T19:23:00
SHP-100653,ORD-100653,DC-15,DEPARTED,Carrier-A,2026-08-04T20:41:00,2026-08-04T19:48:00
SHP-100654,ORD-100654,DC-01,LOADED,Carrier-C,2026-08-04T21:14:00,2026-08-04T20:19:00
SHP-100655,ORD-100655,DC-14,LOADED,Carrier-C,2026-08-04T20:46:00,2026-08-04T19:31:00
SHP-100656,ORD-100656,DC-07,DEPARTED,Carrier-D,2026-08-04T21:06:00,2026-08-04T20:19:00
SHP-100657,ORD-100657,DC-05,AT_DOCK,Carrier-D,2026-08-04T20:21:00,2026-08-04T19:46:00
SHP-100658,ORD-100658,DC-03,PLANNED,Carrier-B,2026-08-04T20:08:00,2026-08-04T20:14:00
SHP-100659,ORD-100659,DC-09,DEPARTED,Carrier-D,2026-08-04T20:00:00,2026-08-04T20:17:00
SHP-100660,ORD-100660,DC-06,AT_DOCK,Carrier-A,2026-08-04T20:44:00,2026-08-04T20:03:00
SHP-100661,ORD-100661,DC-17,AT_DOCK,Carrier-B,2026-08-04T22:09:00,2026-08-04T21:00:00
SHP-100662,ORD-100662,DC-02,BOOKED,Carrier-A,2026-08-04T20:26:00,2026-08-04T21:03:00
SHP-100663,ORD-100663,DC-15,LOADED,Carrier-A,2026-08-04T21:47:00,2026-08-04T20:47:00
SHP-100664,ORD-100664,DC-13,LOADED,Carrier-A,2026-08-04T21:21:00,2026-08-04T21:34:00
SHP-100665,ORD-100665,DC-16,LOADED,Carrier-A,2026-08-04T21:13:00,2026-08-04T20:51:00
SHP-100666,ORD-100666,DC-07,DEPARTED,Carrier-A,2026-08-04T22:45:00,2026-08-04T21:36:00
SHP-100667,ORD-100667,DC-05,DELAYED,Carrier-C,2026-08-04T21:41:00,2026-08-04T21:55:00
SHP-100668,ORD-100668,DC-07,LOADED,Carrier-D,2026-08-04T20:12:00,2026-08-04T20:54:00
SHP-100669,ORD-100669,DC-13,BOOKED,Carrier-A,2026-08-04T21:20:00,2026-08-04T21:12:00
SHP-100670,ORD-100670,DC-05,DELAYED,Carrier-A,2026-08-04T21:27:00,2026-08-04T21:11:00
SHP-100671,ORD-100671,DC-07,DELAYED,Carrier-C,2026-08-04T21:58:00,2026-08-04T20:58:00
SHP-100672,ORD-100672,DC-08,AT_DOCK,Carrier-B,2026-08-04T20:23:00,2026-08-04T20:57:00
SHP-100673,ORD-100673,DC-16,BOOKED,Carrier-D,2026-08-04T20:44:00,2026-08-04T21:18:00
SHP-100674,ORD-100674,DC-11,PLANNED,Carrier-C,2026-08-04T22:38:00,2026-08-04T22:08:00
SHP-100675,ORD-100675,DC-03,LOADED,Carrier-D,2026-08-04T22:17:00,2026-08-04T21:35:00
SHP-100676,ORD-100676,DC-02,AT_DOCK,Carrier-D,2026-08-05T00:12:00,2026-08-04T22:48:00
SHP-100677,ORD-100677,DC-16,AT_DOCK,Carrier-A,2026-08-04T23:31:00,2026-08-04T23:02:00
SHP-100678,ORD-100678,DC-03,AT_DOCK,Carrier-D,2026-08-04T22:31:00,2026-08-04T21:31:00
SHP-100679,ORD-100679,DC-02,DELAYED,Carrier-D,2026-08-04T21:48:00,2026-08-04T22:15:00
SHP-100680,ORD-100680,DC-08,DEPARTED,Carrier-B,2026-08-04T23:02:00,2026-08-04T22:30:00
SHP-100681,ORD-100681,DC-18,PLANNED,Carrier-D,2026-08-04T23:43:00,2026-08-04T22:38:00
SHP-100682,ORD-100682,DC-05,AT_DOCK,Carrier-B,2026-08-04T21:29:00,2026-08-04T21:53:00
SHP-100683,ORD-100683,DC-07,BOOKED,Carrier-A,2026-08-04T23:33:00,2026-08-04T23:17:00
SHP-100684,ORD-100684,DC-09,BOOKED,Carrier-A,2026-08-04T23:41:00,2026-08-04T23:29:00
SHP-100685,ORD-100685,DC-12,BOOKED,Carrier-D,2026-08-04T23:58:00,2026-08-04T22:56:00
SHP-100686,ORD-100686,DC-06,DELAYED,Carrier-C,2026-08-04T23:54:00,2026-08-04T23:27:00
SHP-100687,ORD-100687,DC-06,AT_DOCK,Carrier-D,2026-08-04T22:46:00,2026-08-04T23:25:00
SHP-100688,ORD-100688,DC-05,DELAYED,Carrier-B,2026-08-04T22:38:00,2026-08-04T23:14:00
SHP-100689,ORD-100689,DC-01,DELAYED,Carrier-A,2026-08-04T23:32:00,2026-08-04T23:11:00
SHP-100690,ORD-100690,DC-13,DEPARTED,Carrier-A,2026-08-04T23:19:00,2026-08-04T22:19:00
SHP-100691,ORD-100691,DC-17,DEPARTED,Carrier-A,2026-08-04T23:22:00,2026-08-04T22:25:00
SHP-100692,ORD-100692,DC-14,LOADED,Carrier-D,2026-08-05T00:49:00,2026-08-04T23:38:00
SHP-100693,ORD-100693,DC-11,LOADED,Carrier-A,2026-08-05T00:18:00,2026-08-05T00:12:00
SHP-100694,ORD-100694,DC-05,PLANNED,Carrier-A,2026-08-05T00:25:00,2026-08-04T23:52:00
SHP-100695,ORD-100695,DC-16,BOOKED,Carrier-B,2026-08-04T23:50:00,2026-08-04T22:49:00
SHP-100696,ORD-100696,DC-15,PLANNED,Carrier-A,2026-08-05T00:16:00,2026-08-04T23:38:00
SHP-100697,ORD-100697,DC-05,LOADED,Carrier-B,2026-08-04T23:06:00,2026-08-04T23:50:00
SHP-100698,ORD-100698,DC-06,BOOKED,Carrier-D,2026-08-04T22:53:00,2026-08-04T23:26:00
SHP-100699,ORD-100699,DC-07,BOOKED,Carrier-D,2026-08-04T22:59:00,2026-08-04T23:17:00
SHP-100700,ORD-100700,DC-11,PLANNED,Carrier-B,2026-08-05T00:24:00,2026-08-04T23:05:00
SHP-100701,ORD-100701,DC-06,LOADED,Carrier-D,2026-08-04T23:16:00,2026-08-04T23:42:00
SHP-100702,ORD-100702,DC-10,AT_DOCK,Carrier-D,2026-08-04T23:06:00,2026-08-04T23:16:00
SHP-100703,ORD-100703,DC-17,DELAYED,Carrier-B,2026-08-04T23:35:00,2026-08-04T23:48:00
SHP-100704,ORD-100704,DC-07,PLANNED,Carrier-C,2026-08-05T01:11:00,2026-08-05T00:11:00
SHP-100705,ORD-100705,DC-16,PLANNED,Carrier-A,2026-08-05T00:27:00,2026-08-05T01:10:00
SHP-100706,ORD-100706,DC-02,PLANNED,Carrier-A,2026-08-05T01:10:00,2026-08-05T00:13:00
SHP-100707,ORD-100707,DC-17,PLANNED,Carrier-C,2026-08-05T00:28:00,2026-08-05T01:12:00
SHP-100708,ORD-100708,DC-18,LOADED,Carrier-D,2026-08-05T01:05:00,2026-08-04T23:45:00
SHP-100709,ORD-100709,DC-05,LOADED,Carrier-B,2026-08-05T01:17:00,2026-08-05T01:31:00
SHP-100710,ORD-100710,DC-09,LOADED,Carrier-D,2026-08-04T23:54:00,2026-08-05T00:09:00
SHP-100711,ORD-100711,DC-01,AT_DOCK,Carrier-A,2026-08-05T02:59:00,2026-08-05T02:01:00
SHP-100712,ORD-100712,DC-15,DEPARTED,Carrier-B,2026-08-05T02:12:00,2026-08-05T01:37:00
SHP-100713,ORD-100713,DC-14,PLANNED,Carrier-B,2026-08-05T03:25:00,2026-08-05T01:58:00
SHP-100714,ORD-100714,DC-03,AT_DOCK,Carrier-A,2026-08-05T02:14:00,2026-08-05T01:46:00
SHP-100715,ORD-100715,DC-17,BOOKED,Carrier-D,2026-08-05T02:24:00,2026-08-05T01:55:00
SHP-100716,ORD-100716,DC-12,PLANNED,Carrier-C,2026-08-05T01:58:00,2026-08-05T01:19:00
SHP-100717,ORD-100717,DC-18,DELAYED,Carrier-B,2026-08-05T01:39:00,2026-08-05T02:19:00
SHP-100718,ORD-100718,DC-02,LOADED,Carrier-A,2026-08-05T03:56:00,2026-08-05T02:40:00
SHP-100719,ORD-100719,DC-07,DELAYED,Carrier-B,2026-08-05T00:57:00,2026-08-05T01:17:00
SHP-100720,ORD-100720,DC-04,DELAYED,Carrier-B,2026-08-05T02:19:00,2026-08-05T02:30:00
SHP-100721,ORD-100721,DC-12,BOOKED,Carrier-C,2026-08-05T00:58:00,2026-08-05T01:34:00
SHP-100722,ORD-100722,DC-07,DELAYED,Carrier-B,2026-08-05T03:03:00,2026-08-05T03:32:00
SHP-100723,ORD-100723,DC-16,LOADED,Carrier-A,2026-08-05T04:04:00,2026-08-05T03:27:00
SHP-100724,ORD-100724,DC-04,PLANNED,Carrier-B,2026-08-05T03:15:00,2026-08-05T03:55:00
SHP-100725,ORD-100725,DC-06,BOOKED,Carrier-B,2026-08-05T03:41:00,2026-08-05T03:21:00
SHP-100726,ORD-100726,DC-18,DELAYED,Carrier-A,2026-08-05T03:16:00,2026-08-05T03:32:00
SHP-100727,ORD-100727,DC-07,PLANNED,Carrier-D,2026-08-05T03:32:00,2026-08-05T04:02:00
SHP-100728,ORD-100728,DC-01,LOADED,Carrier-D,2026-08-05T02:59:00,2026-08-05T03:07:00
SHP-100729,ORD-100729,DC-13,AT_DOCK,Carrier-B,2026-08-05T04:07:00,2026-08-05T03:32:00
SHP-100730,ORD-100730,DC-07,DEPARTED,Carrier-A,2026-08-05T03:37:00,2026-08-05T03:06:00
SHP-100731,ORD-100731,DC-07,AT_DOCK,Carrier-B,2026-08-05T03:57:00,2026-08-05T04:25:00
SHP-100732,ORD-100732,DC-18,DEPARTED,Carrier-C,2026-08-05T03:09:00,2026-08-05T03:44:00
SHP-100733,ORD-100733,DC-09,AT_DOCK,Carrier-C,2026-08-05T03:49:00,2026-08-05T03:42:00
SHP-100734,ORD-100734,DC-11,LOADED,Carrier-C,2026-08-05T04:45:00,2026-08-05T04:52:00
SHP-100735,ORD-100735,DC-03,DELAYED,Carrier-C,2026-08-05T04:30:00,2026-08-05T04:11:00
SHP-100736,ORD-100736,DC-08,AT_DOCK,Carrier-A,2026-08-05T06:26:00,2026-08-05T05:07:00
SHP-100737,ORD-100737,DC-03,DEPARTED,Carrier-B,2026-08-05T03:41:00,2026-08-05T04:23:00
SHP-100738,ORD-100738,DC-18,BOOKED,Carrier-D,2026-08-05T06:58:00,2026-08-05T05:51:00
SHP-100739,ORD-100739,DC-14,PLANNED,Carrier-C,2026-08-05T04:49:00,2026-08-05T04:44:00
SHP-100740,ORD-100740,DC-03,DEPARTED,Carrier-A,2026-08-05T05:29:00,2026-08-05T05:40:00
SHP-100741,ORD-100741,DC-14,AT_DOCK,Carrier-C,2026-08-05T05:31:00,2026-08-05T05:22:00
SHP-100742,ORD-100742,DC-17,DEPARTED,Carrier-B,2026-08-05T06:18:00,2026-08-05T06:08:00
SHP-100743,ORD-100743,DC-01,BOOKED,Carrier-C,2026-08-05T05:58:00,2026-08-05T06:39:00
SHP-100744,ORD-100744,DC-11,BOOKED,Carrier-A,2026-08-05T06:29:00,2026-08-05T06:40:00
SHP-100745,ORD-100745,DC-13,DEPARTED,Carrier-A,2026-08-05T06:57:00,2026-08-05T06:25:00
SHP-100746,ORD-100746,DC-08,BOOKED,Carrier-B,2026-08-05T08:45:00,2026-08-05T07:18:00
SHP-100747,ORD-100747,DC-03,DELAYED,Carrier-A,2026-08-05T06:34:00,2026-08-05T05:21:00
SHP-100748,ORD-100748,DC-06,BOOKED,Carrier-C,2026-08-05T06:09:00,2026-08-05T06:47:00
SHP-100749,ORD-100749,DC-12,AT_DOCK,Carrier-A,2026-08-05T06:40:00,2026-08-05T06:20:00
SHP-100750,ORD-100750,DC-15,AT_DOCK,Carrier-B,2026-08-05T07:00:00,2026-08-05T07:12:00
SHP-100751,ORD-100751,DC-16,BOOKED,Carrier-D,2026-08-05T06:43:00,2026-08-05T07:21:00
SHP-100752,ORD-100752,DC-12,AT_DOCK,Carrier-B,2026-08-05T07:32:00,2026-08-05T07:06:00
SHP-100753,ORD-100753,DC-15,LOADED,Carrier-B,2026-08-05T07:59:00,2026-08-05T06:42:00
SHP-100754,ORD-100754,DC-17,LOADED,Carrier-D,2026-08-05T07:50:00,2026-08-05T08:06:00
SHP-100755,ORD-100755,DC-07,BOOKED,Carrier-A,2026-08-05T08:02:00,2026-08-05T07:15:00
SHP-100756,ORD-100756,DC-01,DELAYED,Carrier-A,2026-08-05T09:04:00,2026-08-05T07:52:00
SHP-100757,ORD-100757,DC-15,DEPARTED,Carrier-B,2026-08-05T07:22:00,2026-08-05T07:48:00
SHP-100758,ORD-100758,DC-06,DELAYED,Carrier-B,2026-08-05T06:58:00,2026-08-05T07:10:00
SHP-100759,ORD-100759,DC-08,DELAYED,Carrier-B,2026-08-05T08:26:00,2026-08-05T07:41:00
SHP-100760,ORD-100760,DC-01,DELAYED,Carrier-D,2026-08-05T10:08:00,2026-08-05T08:54:00
SHP-100761,ORD-100761,DC-07,BOOKED,Carrier-D,2026-08-05T07:34:00,2026-08-05T07:49:00
SHP-100762,ORD-100762,DC-17,DELAYED,Carrier-D,2026-08-05T08:47:00,2026-08-05T09:12:00
SHP-100763,ORD-100763,DC-05,PLANNED,Carrier-A,2026-08-05T08:13:00,2026-08-05T08:00:00
SHP-100764,ORD-100764,DC-04,PLANNED,Carrier-D,2026-08-05T09:27:00,2026-08-05T08:28:00
SHP-100765,ORD-100765,DC-10,PLANNED,Carrier-C,2026-08-05T09:03:00,2026-08-05T08:53:00
SHP-100766,ORD-100766,DC-06,PLANNED,Carrier-C,2026-08-05T08:37:00,2026-08-05T08:55:00
SHP-100767,ORD-100767,DC-01,DELAYED,Carrier-D,2026-08-05T09:59:00,2026-08-05T08:51:00
SHP-100768,ORD-100768,DC-08,BOOKED,Carrier-B,2026-08-05T08:06:00,2026-08-05T08:46:00
SHP-100769,ORD-100769,DC-17,DEPARTED,Carrier-C,2026-08-05T09:39:00,2026-08-05T09:46:00
SHP-100770,ORD-100770,DC-18,DEPARTED,Carrier-D,2026-08-05T07:46:00,2026-08-05T07:57:00
SHP-100771,ORD-100771,DC-16,PLANNED,Carrier-A,2026-08-05T08:44:00,2026-08-05T09:27:00
SHP-100772,ORD-100772,DC-18,DEPARTED,Carrier-A,2026-08-05T09:10:00,2026-08-05T09:15:00
SHP-100773,ORD-100773,DC-07,PLANNED,Carrier-D,2026-08-05T10:13:00,2026-08-05T08:44:00
SHP-100774,ORD-100774,DC-03,AT_DOCK,Carrier-C,2026-08-05T10:43:00,2026-08-05T09:51:00
SHP-100775,ORD-100775,DC-01,DEPARTED,Carrier-B,2026-08-05T09:06:00,2026-08-05T09:41:00
SHP-100776,ORD-100776,DC-07,DEPARTED,Carrier-A,2026-08-05T09:19:00,2026-08-05T08:43:00
SHP-100777,ORD-100777,DC-13,DEPARTED,Carrier-A,2026-08-05T09:37:00,2026-08-05T09:08:00
SHP-100778,ORD-100778,DC-04,AT_DOCK,Carrier-C,2026-08-05T11:54:00,2026-08-05T10:34:00
SHP-100779,ORD-100779,DC-04,DEPARTED,Carrier-C,2026-08-05T11:02:00,2026-08-05T09:55:00
SHP-100780,ORD-100780,DC-09,PLANNED,Carrier-B,2026-08-05T09:28:00,2026-08-05T09:40:00
SHP-100781,ORD-100781,DC-04,AT_DOCK,Carrier-B,2026-08-05T09:00:00,2026-08-05T09:13:00
SHP-100782,ORD-100782,DC-06,BOOKED,Carrier-A,2026-08-05T10:30:00,2026-08-05T10:12:00
SHP-100783,ORD-100783,DC-05,DELAYED,Carrier-C,2026-08-05T09:43:00,2026-08-05T09:55:00
SHP-100784,ORD-100784,DC-17,PLANNED,Carrier-C,2026-08-05T11:59:00,2026-08-05T10:31:00
SHP-100785,ORD-100785,DC-07,DELAYED,Carrier-D,2026-08-05T10:29:00,2026-08-05T11:08:00
SHP-100786,ORD-100786,DC-12,AT_DOCK,Carrier-B,2026-08-05T11:47:00,2026-08-05T11:32:00
SHP-100787,ORD-100787,DC-06,DELAYED,Carrier-A,2026-08-05T10:29:00,2026-08-05T11:03:00
SHP-100788,ORD-100788,DC-03,BOOKED,Carrier-A,2026-08-05T11:39:00,2026-08-05T11:16:00
SHP-100789,ORD-100789,DC-14,LOADED,Carrier-A,2026-08-05T12:05:00,2026-08-05T11:42:00
SHP-100790,ORD-100790,DC-12,BOOKED,Carrier-A,2026-08-05T09:59:00,2026-08-05T10:29:00
SHP-100791,ORD-100791,DC-07,PLANNED,Carrier-D,2026-08-05T12:36:00,2026-08-05T11:31:00
SHP-100792,ORD-100792,DC-15,PLANNED,Carrier-D,2026-08-05T10:51:00,2026-08-05T10:58:00
SHP-100793,ORD-100793,DC-11,LOADED,Carrier-D,2026-08-05T09:55:00,2026-08-05T10:33:00
SHP-100794,ORD-100794,DC-15,PLANNED,Carrier-D,2026-08-05T13:35:00,2026-08-05T12:26:00
SHP-100795,ORD-100795,DC-10,DEPARTED,Carrier-D,2026-08-05T12:12:00,2026-08-05T12:46:00
SHP-100796,ORD-100796,DC-08,LOADED,Carrier-A,2026-08-05T12:22:00,2026-08-05T11:18:00
SHP-100797,ORD-100797,DC-12,LOADED,Carrier-B,2026-08-05T12:56:00,2026-08-05T12:42:00
SHP-100798,ORD-100798,DC-06,LOADED,Carrier-D,2026-08-05T11:59:00,2026-08-05T12:36:00
SHP-100799,ORD-100799,DC-04,DEPARTED,Carrier-D,2026-08-05T12:05:00,2026-08-05T11:59:00
SHP-100800,ORD-100800,DC-12,LOADED,Carrier-C,2026-08-05T11:50:00,2026-08-05T12:01:00
SHP-100801,ORD-100801,DC-04,AT_DOCK,Carrier-B,2026-08-05T12:42:00,2026-08-05T11:41:00
SHP-100802,ORD-100802,DC-07,DEPARTED,Carrier-C,2026-08-05T11:24:00,2026-08-05T11:41:00
SHP-100803,ORD-100803,DC-06,BOOKED,Carrier-D,2026-08-05T13:58:00,2026-08-05T12:35:00
SHP-100804,ORD-100804,DC-15,DEPARTED,Carrier-A,2026-08-05T12:59:00,2026-08-05T12:35:00
SHP-100805,ORD-100805,DC-14,DEPARTED,Carrier-B,2026-08-05T12:51:00,2026-08-05T13:08:00
SHP-100806,ORD-100806,DC-04,LOADED,Carrier-A,2026-08-05T13:54:00,2026-08-05T13:29:00
SHP-100807,ORD-100807,DC-12,PLANNED,Carrier-D,2026-08-05T12:21:00,2026-08-05T13:02:00
SHP-100808,ORD-100808,DC-12,AT_DOCK,Carrier-A,2026-08-05T14:47:00,2026-08-05T14:05:00
SHP-100809,ORD-100809,DC-14,BOOKED,Carrier-C,2026-08-05T14:54:00,2026-08-05T13:24:00
SHP-100810,ORD-100810,DC-16,BOOKED,Carrier-A,2026-08-05T15:59:00,2026-08-05T14:37:00
SHP-100811,ORD-100811,DC-02,LOADED,Carrier-C,2026-08-05T15:49:00,2026-08-05T14:36:00
SHP-100812,ORD-100812,DC-18,PLANNED,Carrier-C,2026-08-05T14:28:00,2026-08-05T14:00:00
SHP-100813,ORD-100813,DC-07,DELAYED,Carrier-D,2026-08-05T14:23:00,2026-08-05T14:50:00
SHP-100814,ORD-100814,DC-12,LOADED,Carrier-B,2026-08-05T14:33:00,2026-08-05T14:42:00
SHP-100815,ORD-100815,DC-08,PLANNED,Carrier-B,2026-08-05T16:47:00,2026-08-05T15:57:00
SHP-100816,ORD-100816,DC-11,BOOKED,Carrier-C,2026-08-05T15:54:00,2026-08-05T15:16:00
SHP-100817,ORD-100817,DC-15,DEPARTED,Carrier-D,2026-08-05T14:21:00,2026-08-05T14:59:00
SHP-100818,ORD-100818,DC-03,BOOKED,Carrier-C,2026-08-05T15:19:00,2026-08-05T15:54:00
SHP-100819,ORD-100819,DC-10,DEPARTED,Carrier-D,2026-08-05T16:22:00,2026-08-05T16:33:00
SHP-100820,ORD-100820,DC-17,LOADED,Carrier-C,2026-08-05T16:35:00,2026-08-05T16:46:00
SHP-100821,ORD-100821,DC-18,AT_DOCK,Carrier-D,2026-08-05T15:47:00,2026-08-05T15:40:00
SHP-100822,ORD-100822,DC-10,DELAYED,Carrier-D,2026-08-05T15:06:00,2026-08-05T15:42:00
SHP-100823,ORD-100823,DC-17,LOADED,Carrier-C,2026-08-05T15:53:00,2026-08-05T16:25:00
SHP-100824,ORD-100824,DC-03,DEPARTED,Carrier-C,2026-08-05T17:58:00,2026-08-05T17:03:00
SHP-100825,ORD-100825,DC-06,DELAYED,Carrier-B,2026-08-05T16:39:00,2026-08-05T16:18:00
SHP-100826,ORD-100826,DC-12,AT_DOCK,Carrier-A,2026-08-05T17:31:00,2026-08-05T16:04:00
SHP-100827,ORD-100827,DC-17,LOADED,Carrier-D,2026-08-05T16:12:00,2026-08-05T16:30:00
SHP-100828,ORD-100828,DC-17,DEPARTED,Carrier-C,2026-08-05T17:46:00,2026-08-05T17:21:00
SHP-100829,ORD-100829,DC-04,DEPARTED,Carrier-B,2026-08-05T18:19:00,2026-08-05T17:51:00
SHP-100830,ORD-100830,DC-14,DELAYED,Carrier-C,2026-08-05T20:04:00,2026-08-05T18:37:00
SHP-100831,ORD-100831,DC-13,BOOKED,Carrier-A,2026-08-05T18:24:00,2026-08-05T17:40:00
SHP-100832,ORD-100832,DC-14,AT_DOCK,Carrier-D,2026-08-05T18:43:00,2026-08-05T18:19:00
SHP-100833,ORD-100833,DC-07,BOOKED,Carrier-B,2026-08-05T17:36:00,2026-08-05T17:47:00
SHP-100834,ORD-100834,DC-07,LOADED,Carrier-C,2026-08-05T19:34:00,2026-08-05T18:55:00
SHP-100835,ORD-100835,DC-11,DELAYED,Carrier-A,2026-08-05T19:12:00,2026-08-05T19:22:00
SHP-100836,ORD-100836,DC-14,BOOKED,Carrier-C,2026-08-05T18:25:00,2026-08-05T18:45:00
SHP-100837,ORD-100837,DC-12,PLANNED,Carrier-B,2026-08-05T18:46:00,2026-08-05T19:17:00
SHP-100838,ORD-100838,DC-03,DELAYED,Carrier-A,2026-08-05T18:08:00,2026-08-05T18:24:00
SHP-100839,ORD-100839,DC-06,DEPARTED,Carrier-D,2026-08-05T19:47:00,2026-08-05T18:49:00
SHP-100840,ORD-100840,DC-15,BOOKED,Carrier-D,2026-08-05T19:56:00,2026-08-05T19:08:00
SHP-100841,ORD-100841,DC-10,PLANNED,Carrier-B,2026-08-05T20:20:00,2026-08-05T18:54:00
SHP-100842,ORD-100842,DC-09,DELAYED,Carrier-A,2026-08-05T18:02:00,2026-08-05T18:41:00
SHP-100843,ORD-100843,DC-07,AT_DOCK,Carrier-A,2026-08-05T20:25:00,2026-08-05T19:09:00
SHP-100844,ORD-100844,DC-02,PLANNED,Carrier-C,2026-08-05T21:39:00,2026-08-05T20:11:00
SHP-100845,ORD-100845,DC-07,LOADED,Carrier-A,2026-08-05T18:40:00,2026-08-05T19:22:00
SHP-100846,ORD-100846,DC-03,LOADED,Carrier-A,2026-08-05T18:55:00,2026-08-05T19:01:00
SHP-100847,ORD-100847,DC-16,LOADED,Carrier-D,2026-08-05T20:25:00,2026-08-05T20:31:00
SHP-100848,ORD-100848,DC-02,PLANNED,Carrier-B,2026-08-05T19:12:00,2026-08-05T19:35:00
SHP-100849,ORD-100849,DC-11,LOADED,Carrier-B,2026-08-05T20:35:00,2026-08-05T20:19:00
SHP-100850,ORD-100850,DC-15,PLANNED,Carrier-D,2026-08-05T22:59:00,2026-08-05T21:31:00
SHP-100851,ORD-100851,DC-16,DELAYED,Carrier-C,2026-08-05T21:39:00,2026-08-05T21:18:00
SHP-100852,ORD-100852,DC-01,LOADED,Carrier-B,2026-08-05T21:12:00,2026-08-05T21:34:00
SHP-100853,ORD-100853,DC-13,DELAYED,Carrier-A,2026-08-05T20:54:00,2026-08-05T20:25:00
SHP-100854,ORD-100854,DC-08,AT_DOCK,Carrier-A,2026-08-05T21:45:00,2026-08-05T21:15:00
SHP-100855,ORD-100855,DC-13,BOOKED,Carrier-D,2026-08-05T20:14:00,2026-08-05T20:49:00
SHP-100856,ORD-100856,DC-13,BOOKED,Carrier-D,2026-08-05T21:53:00,2026-08-05T21:24:00
SHP-100857,ORD-100857,DC-10,DELAYED,Carrier-B,2026-08-05T21:32:00,2026-08-05T21:47:00
SHP-100858,ORD-100858,DC-14,LOADED,Carrier-B,2026-08-05T21:10:00,2026-08-05T21:30:00
SHP-100859,ORD-100859,DC-06,BOOKED,Carrier-D,2026-08-05T21:17:00,2026-08-05T21:25:00
SHP-100860,ORD-100860,DC-16,PLANNED,Carrier-A,2026-08-05T22:15:00,2026-08-05T21:28:00
SHP-100861,ORD-100861,DC-01,DEPARTED,Carrier-A,2026-08-05T23:57:00,2026-08-05T22:37:00
SHP-100862,ORD-100862,DC-14,DEPARTED,Carrier-B,2026-08-05T21:01:00,2026-08-05T21:30:00
SHP-100863,ORD-100863,DC-11,AT_DOCK,Carrier-D,2026-08-05T20:49:00,2026-08-05T21:13:00
SHP-100864,ORD-100864,DC-14,PLANNED,Carrier-B,2026-08-05T22:44:00,2026-08-05T21:20:00
SHP-100865,ORD-100865,DC-03,AT_DOCK,Carrier-A,2026-08-05T23:24:00,2026-08-05T22:55:00
SHP-100866,ORD-100866,DC-06,LOADED,Carrier-B,2026-08-05T23:03:00,2026-08-05T22:32:00
SHP-100867,ORD-100867,DC-07,PLANNED,Carrier-C,2026-08-05T22:07:00,2026-08-05T22:42:00
SHP-100868,ORD-100868,DC-07,PLANNED,Carrier-A,2026-08-05T23:27:00,2026-08-05T22:01:00
SHP-100869,ORD-100869,DC-08,BOOKED,Carrier-D,2026-08-05T22:08:00,2026-08-05T21:54:00
SHP-100870,ORD-100870,DC-12,AT_DOCK,Carrier-C,2026-08-05T22:04:00,2026-08-05T22:26:00
SHP-100871,ORD-100871,DC-03,AT_DOCK,Carrier-D,2026-08-06T00:18:00,2026-08-05T23:44:00
SHP-100872,ORD-100872,DC-05,DELAYED,Carrier-B,2026-08-05T23:08:00,2026-08-05T23:53:00
SHP-100873,ORD-100873,DC-09,PLANNED,Carrier-A,2026-08-05T23:44:00,2026-08-05T22:46:00
SHP-100874,ORD-100874,DC-03,LOADED,Carrier-B,2026-08-05T23:40:00,2026-08-05T23:32:00
SHP-100875,ORD-100875,DC-10,DEPARTED,Carrier-A,2026-08-05T23:56:00,2026-08-05T23:45:00
SHP-100876,ORD-100876,DC-07,AT_DOCK,Carrier-C,2026-08-06T01:25:00,2026-08-06T00:51:00
SHP-100877,ORD-100877,DC-04,DEPARTED,Carrier-B,2026-08-06T00:42:00,2026-08-05T23:33:00
SHP-100878,ORD-100878,DC-09,PLANNED,Carrier-C,2026-08-06T00:24:00,2026-08-05T23:51:00
SHP-100879,ORD-100879,DC-10,DELAYED,Carrier-B,2026-08-06T00:29:00,2026-08-06T00:00:00
SHP-100880,ORD-100880,DC-13,DELAYED,Carrier-B,2026-08-06T00:16:00,2026-08-06T00:35:00
SHP-100881,ORD-100881,DC-13,DEPARTED,Carrier-D,2026-08-06T00:59:00,2026-08-06T00:29:00
SHP-100882,ORD-100882,DC-09,BOOKED,Carrier-C,2026-08-05T22:58:00,2026-08-05T23:28:00
SHP-100883,ORD-100883,DC-10,DEPARTED,Carrier-C,2026-08-06T00:08:00,2026-08-06T00:48:00
SHP-100884,ORD-100884,DC-16,BOOKED,Carrier-D,2026-08-06T02:31:00,2026-08-06T01:26:00
SHP-100885,ORD-100885,DC-18,LOADED,Carrier-C,2026-08-06T00:37:00,2026-08-06T00:25:00
SHP-100886,ORD-100886,DC-07,PLANNED,Carrier-B,2026-08-06T01:43:00,2026-08-06T00:30:00
SHP-100887,ORD-100887,DC-09,AT_DOCK,Carrier-B,2026-08-06T01:54:00,2026-08-06T01:49:00
SHP-100888,ORD-100888,DC-13,PLANNED,Carrier-D,2026-08-06T03:14:00,2026-08-06T01:51:00
SHP-100889,ORD-100889,DC-16,AT_DOCK,Carrier-A,2026-08-06T01:21:00,2026-08-06T00:06:00
SHP-100890,ORD-100890,DC-05,DEPARTED,Carrier-A,2026-08-06T01:10:00,2026-08-06T01:18:00
SHP-100891,ORD-100891,DC-04,AT_DOCK,Carrier-A,2026-08-06T02:19:00,2026-08-06T01:55:00
SHP-100892,ORD-100892,DC-08,AT_DOCK,Carrier-D,2026-08-06T02:38:00,2026-08-06T01:12:00
SHP-100893,ORD-100893,DC-18,AT_DOCK,Carrier-D,2026-08-06T01:17:00,2026-08-06T00:33:00
SHP-100894,ORD-100894,DC-03,DEPARTED,Carrier-D,2026-08-06T02:09:00,2026-08-06T02:25:00
SHP-100895,ORD-100895,DC-09,BOOKED,Carrier-C,2026-08-06T02:04:00,2026-08-06T00:59:00
SHP-100896,ORD-100896,DC-13,PLANNED,Carrier-D,2026-08-06T02:00:00,2026-08-06T02:22:00
SHP-100897,ORD-100897,DC-05,AT_DOCK,Carrier-D,2026-08-06T03:16:00,2026-08-06T01:55:00
SHP-100898,ORD-100898,DC-08,DEPARTED,Carrier-A,2026-08-06T02:26:00,2026-08-06T02:54:00
SHP-100899,ORD-100899,DC-10,DEPARTED,Carrier-A,2026-08-06T03:22:00,2026-08-06T02:48:00
SHP-100900,ORD-100900,DC-16,LOADED,Carrier-C,2026-08-06T01:28:00,2026-08-06T02:09:00
SHP-100901,ORD-100901,DC-13,DELAYED,Carrier-B,2026-08-06T01:09:00,2026-08-06T01:54:00
SHP-100902,ORD-100902,DC-10,DELAYED,Carrier-B,2026-08-06T04:55:00,2026-08-06T03:27:00
SHP-100903,ORD-100903,DC-07,DELAYED,Carrier-A,2026-08-06T03:09:00,2026-08-06T02:09:00
SHP-100904,ORD-100904,DC-06,AT_DOCK,Carrier-B,2026-08-06T04:57:00,2026-08-06T03:30:00
SHP-100905,ORD-100905,DC-14,DEPARTED,Carrier-A,2026-08-06T02:59:00,2026-08-06T03:40:00
SHP-100906,ORD-100906,DC-08,AT_DOCK,Carrier-A,2026-08-06T02:44:00,2026-08-06T02:58:00
SHP-100907,ORD-100907,DC-18,DEPARTED,Carrier-A,2026-08-06T03:51:00,2026-08-06T02:27:00
SHP-100908,ORD-100908,DC-17,PLANNED,Carrier-A,2026-08-06T03:41:00,2026-08-06T02:41:00
SHP-100909,ORD-100909,DC-05,BOOKED,Carrier-D,2026-08-06T03:34:00,2026-08-06T03:15:00
SHP-100910,ORD-100910,DC-03,BOOKED,Carrier-A,2026-08-06T03:07:00,2026-08-06T02:52:00
SHP-100911,ORD-100911,DC-15,LOADED,Carrier-C,2026-08-06T04:13:00,2026-08-06T03:57:00
SHP-100912,ORD-100912,DC-05,PLANNED,Carrier-D,2026-08-06T05:56:00,2026-08-06T04:26:00
SHP-100913,ORD-100913,DC-15,AT_DOCK,Carrier-A,2026-08-06T03:38:00,2026-08-06T03:31:00
SHP-100914,ORD-100914,DC-03,BOOKED,Carrier-A,2026-08-06T03:39:00,2026-08-06T03:11:00
SHP-100915,ORD-100915,DC-06,PLANNED,Carrier-B,2026-08-06T04:40:00,2026-08-06T04:27:00
SHP-100916,ORD-100916,DC-14,BOOKED,Carrier-A,2026-08-06T04:49:00,2026-08-06T03:59:00
SHP-100917,ORD-100917,DC-05,DEPARTED,Carrier-C,2026-08-06T05:09:00,2026-08-06T03:54:00
SHP-100918,ORD-100918,DC-12,DELAYED,Carrier-C,2026-08-06T06:11:00,2026-08-06T05:07:00
SHP-100919,ORD-100919,DC-01,LOADED,Carrier-A,2026-08-06T03:34:00,2026-08-06T04:10:00
SHP-100920,ORD-100920,DC-07,DEPARTED,Carrier-D,2026-08-06T05:02:00,2026-08-06T05:13:00
SHP-100921,ORD-100921,DC-08,LOADED,Carrier-A,2026-08-06T05:21:00,2026-08-06T05:48:00
SHP-100922,ORD-100922,DC-11,DEPARTED,Carrier-B,2026-08-06T06:48:00,2026-08-06T06:25:00
SHP-100923,ORD-100923,DC-08,LOADED,Carrier-D,2026-08-06T04:44:00,2026-08-06T05:08:00
SHP-100924,ORD-100924,DC-18,PLANNED,Carrier-D,2026-08-06T07:09:00,2026-08-06T06:48:00
SHP-100925,ORD-100925,DC-14,LOADED,Carrier-A,2026-08-06T06:36:00,2026-08-06T06:30:00
SHP-100926,ORD-100926,DC-10,DELAYED,Carrier-B,2026-08-06T06:39:00,2026-08-06T05:42:00
SHP-100927,ORD-100927,DC-05,BOOKED,Carrier-D,2026-08-06T05:50:00,2026-08-06T06:18:00
SHP-100928,ORD-100928,DC-06,DELAYED,Carrier-A,2026-08-06T07:07:00,2026-08-06T07:12:00
SHP-100929,ORD-100929,DC-15,AT_DOCK,Carrier-B,2026-08-06T08:14:00,2026-08-06T07:02:00
SHP-100930,ORD-100930,DC-05,DELAYED,Carrier-B,2026-08-06T07:13:00,2026-08-06T06:26:00
SHP-100931,ORD-100931,DC-07,AT_DOCK,Carrier-C,2026-08-06T06:44:00,2026-08-06T07:22:00
SHP-100932,ORD-100932,DC-18,DELAYED,Carrier-A,2026-08-06T06:56:00,2026-08-06T07:26:00
SHP-100933,ORD-100933,DC-02,DELAYED,Carrier-C,2026-08-06T05:49:00,2026-08-06T06:29:00
SHP-100934,ORD-100934,DC-11,BOOKED,Carrier-B,2026-08-06T08:10:00,2026-08-06T06:50:00
SHP-100935,ORD-100935,DC-07,AT_DOCK,Carrier-A,2026-08-06T08:44:00,2026-08-06T07:15:00
SHP-100936,ORD-100936,DC-05,PLANNED,Carrier-B,2026-08-06T08:41:00,2026-08-06T08:21:00
SHP-100937,ORD-100937,DC-10,DELAYED,Carrier-D,2026-08-06T07:44:00,2026-08-06T08:22:00
SHP-100938,ORD-100938,DC-12,AT_DOCK,Carrier-C,2026-08-06T06:34:00,2026-08-06T07:08:00
SHP-100939,ORD-100939,DC-16,DELAYED,Carrier-A,2026-08-06T08:45:00,2026-08-06T07:36:00
SHP-100940,ORD-100940,DC-06,PLANNED,Carrier-B,2026-08-06T09:21:00,2026-08-06T07:59:00
SHP-100941,ORD-100941,DC-05,LOADED,Carrier-D,2026-08-06T08:01:00,2026-08-06T08:08:00
SHP-100942,ORD-100942,DC-06,BOOKED,Carrier-C,2026-08-06T08:26:00,2026-08-06T08:40:00
SHP-100943,ORD-100943,DC-09,BOOKED,Carrier-D,2026-08-06T07:00:00,2026-08-06T07:10:00
SHP-100944,ORD-100944,DC-18,LOADED,Carrier-C,2026-08-06T08:48:00,2026-08-06T07:31:00
SHP-100945,ORD-100945,DC-13,DEPARTED,Carrier-C,2026-08-06T08:00:00,2026-08-06T08:35:00
SHP-100946,ORD-100946,DC-10,DELAYED,Carrier-D,2026-08-06T08:19:00,2026-08-06T08:36:00
SHP-100947,ORD-100947,DC-07,AT_DOCK,Carrier-C,2026-08-06T09:21:00,2026-08-06T09:14:00
SHP-100948,ORD-100948,DC-08,DEPARTED,Carrier-C,2026-08-06T07:47:00,2026-08-06T08:11:00
SHP-100949,ORD-100949,DC-08,BOOKED,Carrier-A,2026-08-06T10:06:00,2026-08-06T08:49:00
SHP-100950,ORD-100950,DC-15,PLANNED,Carrier-D,2026-08-06T07:56:00,2026-08-06T08:10:00
SHP-100951,ORD-100951,DC-15,BOOKED,Carrier-B,2026-08-06T08:31:00,2026-08-06T09:01:00
SHP-100952,ORD-100952,DC-09,DEPARTED,Carrier-D,2026-08-06T08:34:00,2026-08-06T08:13:00
SHP-100953,ORD-100953,DC-07,DEPARTED,Carrier-A,2026-08-06T09:32:00,2026-08-06T10:05:00
SHP-100954,ORD-100954,DC-12,LOADED,Carrier-A,2026-08-06T09:56:00,2026-08-06T09:03:00
SHP-100955,ORD-100955,DC-14,DEPARTED,Carrier-D,2026-08-06T09:36:00,2026-08-06T10:14:00
SHP-100956,ORD-100956,DC-03,BOOKED,Carrier-D,2026-08-06T09:49:00,2026-08-06T10:13:00
SHP-100957,ORD-100957,DC-11,LOADED,Carrier-A,2026-08-06T09:56:00,2026-08-06T09:45:00
SHP-100958,ORD-100958,DC-10,DELAYED,Carrier-C,2026-08-06T09:18:00,2026-08-06T09:40:00
SHP-100959,ORD-100959,DC-07,LOADED,Carrier-B,2026-08-06T10:29:00,2026-08-06T09:11:00
SHP-100960,ORD-100960,DC-04,DEPARTED,Carrier-A,2026-08-06T11:35:00,2026-08-06T11:10:00
SHP-100961,ORD-100961,DC-16,BOOKED,Carrier-B,2026-08-06T11:42:00,2026-08-06T10:20:00
SHP-100962,ORD-100962,DC-15,PLANNED,Carrier-B,2026-08-06T09:45:00,2026-08-06T10:29:00
SHP-100963,ORD-100963,DC-05,AT_DOCK,Carrier-C,2026-08-06T12:01:00,2026-08-06T10:36:00
SHP-100964,ORD-100964,DC-03,BOOKED,Carrier-A,2026-08-06T09:32:00,2026-08-06T10:08:00
SHP-100965,ORD-100965,DC-05,AT_DOCK,Carrier-A,2026-08-06T10:55:00,2026-08-06T10:23:00
SHP-100966,ORD-100966,DC-17,BOOKED,Carrier-C,2026-08-06T09:58:00,2026-08-06T10:28:00
SHP-100967,ORD-100967,DC-04,DEPARTED,Carrier-C,2026-08-06T12:14:00,2026-08-06T11:18:00
SHP-100968,ORD-100968,DC-05,DEPARTED,Carrier-B,2026-08-06T12:51:00,2026-08-06T12:56:00
SHP-100969,ORD-100969,DC-06,DEPARTED,Carrier-C,2026-08-06T12:30:00,2026-08-06T12:36:00
SHP-100970,ORD-100970,DC-11,PLANNED,Carrier-A,2026-08-06T10:35:00,2026-08-06T11:18:00
SHP-100971,ORD-100971,DC-09,LOADED,Carrier-B,2026-08-06T11:00:00,2026-08-06T11:17:00
SHP-100972,ORD-100972,DC-12,AT_DOCK,Carrier-A,2026-08-06T12:02:00,2026-08-06T12:33:00
SHP-100973,ORD-100973,DC-04,DEPARTED,Carrier-A,2026-08-06T12:49:00,2026-08-06T12:57:00
SHP-100974,ORD-100974,DC-13,DELAYED,Carrier-C,2026-08-06T11:32:00,2026-08-06T12:17:00
SHP-100975,ORD-100975,DC-10,AT_DOCK,Carrier-A,2026-08-06T13:10:00,2026-08-06T12:58:00
SHP-100976,ORD-100976,DC-05,BOOKED,Carrier-D,2026-08-06T12:43:00,2026-08-06T12:50:00
SHP-100977,ORD-100977,DC-15,DELAYED,Carrier-C,2026-08-06T12:02:00,2026-08-06T12:29:00
SHP-100978,ORD-100978,DC-10,DELAYED,Carrier-A,2026-08-06T14:02:00,2026-08-06T12:32:00
SHP-100979,ORD-100979,DC-11,DEPARTED,Carrier-C,2026-08-06T12:35:00,2026-08-06T12:55:00
SHP-100980,ORD-100980,DC-15,DELAYED,Carrier-C,2026-08-06T13:42:00,2026-08-06T13:56:00
SHP-100981,ORD-100981,DC-17,LOADED,Carrier-B,2026-08-06T12:39:00,2026-08-06T13:11:00
SHP-100982,ORD-100982,DC-01,LOADED,Carrier-A,2026-08-06T13:16:00,2026-08-06T13:38:00
SHP-100983,ORD-100983,DC-16,PLANNED,Carrier-D,2026-08-06T15:22:00,2026-08-06T14:52:00
SHP-100984,ORD-100984,DC-16,PLANNED,Carrier-D,2026-08-06T14:28:00,2026-08-06T13:53:00
SHP-100985,ORD-100985,DC-04,DEPARTED,Carrier-D,2026-08-06T14:33:00,2026-08-06T13:38:00
SHP-100986,ORD-100986,DC-11,DELAYED,Carrier-D,2026-08-06T14:36:00,2026-08-06T13:51:00
SHP-100987,ORD-100987,DC-09,PLANNED,Carrier-C,2026-08-06T14:14:00,2026-08-06T14:41:00
SHP-100988,ORD-100988,DC-14,BOOKED,Carrier-A,2026-08-06T14:07:00,2026-08-06T13:44:00
SHP-100989,ORD-100989,DC-05,PLANNED,Carrier-B,2026-08-06T15:22:00,2026-08-06T14:05:00
SHP-100990,ORD-100990,DC-18,DEPARTED,Carrier-A,2026-08-06T13:31:00,2026-08-06T14:12:00
SHP-100991,ORD-100991,DC-18,DELAYED,Carrier-B,2026-08-06T14:09:00,2026-08-06T14:21:00
SHP-100992,ORD-100992,DC-04,DELAYED,Carrier-C,2026-08-06T16:59:00,2026-08-06T15:45:00
SHP-100993,ORD-100993,DC-05,AT_DOCK,Carrier-D,2026-08-06T15:42:00,2026-08-06T14:53:00
SHP-100994,ORD-100994,DC-15,AT_DOCK,Carrier-A,2026-08-06T16:28:00,2026-08-06T15:13:00
SHP-100995,ORD-100995,DC-03,DEPARTED,Carrier-B,2026-08-06T15:34:00,2026-08-06T14:49:00
SHP-100996,ORD-100996,DC-16,PLANNED,Carrier-B,2026-08-06T14:07:00,2026-08-06T14:38:00
SHP-100997,ORD-100997,DC-12,DEPARTED,Carrier-B,2026-08-06T14:48:00,2026-08-06T15:27:00
SHP-100998,ORD-100998,DC-07,DELAYED,Carrier-D,2026-08-06T15:26:00,2026-08-06T15:21:00
SHP-100999,ORD-100999,DC-12,LOADED,Carrier-A,2026-08-06T15:42:00,2026-08-06T15:53:00
SHP-101000,ORD-101000,DC-14,LOADED,Carrier-C,2026-08-06T17:32:00,2026-08-06T16:02:00
SHP-101001,ORD-101001,DC-13,DELAYED,Carrier-C,2026-08-06T15:47:00,2026-08-06T16:02:00
SHP-101002,ORD-101002,DC-06,DELAYED,Carrier-D,2026-08-06T17:15:00,2026-08-06T16:58:00
SHP-101003,ORD-101003,DC-08,BOOKED,Carrier-C,2026-08-06T15:56:00,2026-08-06T16:28:00
SHP-101004,ORD-101004,DC-04,LOADED,Carrier-D,2026-08-06T16:49:00,2026-08-06T16:24:00
SHP-101005,ORD-101005,DC-18,PLANNED,Carrier-D,2026-08-06T18:29:00,2026-08-06T17:44:00
SHP-101006,ORD-101006,DC-09,DELAYED,Carrier-A,2026-08-06T17:41:00,2026-08-06T16:36:00
SHP-101007,ORD-101007,DC-04,PLANNED,Carrier-D,2026-08-06T17:39:00,2026-08-06T17:02:00
SHP-101008,ORD-101008,DC-18,BOOKED,Carrier-B,2026-08-06T16:57:00,2026-08-06T17:04:00
SHP-101009,ORD-101009,DC-05,LOADED,Carrier-A,2026-08-06T17:32:00,2026-08-06T16:59:00
SHP-101010,ORD-101010,DC-11,DEPARTED,Carrier-D,2026-08-06T17:28:00,2026-08-06T17:54:00
SHP-101011,ORD-101011,DC-13,DEPARTED,Carrier-C,2026-08-06T17:22:00,2026-08-06T17:51:00
SHP-101012,ORD-101012,DC-02,BOOKED,Carrier-B,2026-08-06T18:35:00,2026-08-06T18:41:00
SHP-101013,ORD-101013,DC-12,DELAYED,Carrier-B,2026-08-06T16:42:00,2026-08-06T17:09:00
SHP-101014,ORD-101014,DC-10,LOADED,Carrier-C,2026-08-06T19:12:00,2026-08-06T18:32:00
SHP-101015,ORD-101015,DC-04,BOOKED,Carrier-A,2026-08-06T18:17:00,2026-08-06T17:42:00
SHP-101016,ORD-101016,DC-12,PLANNED,Carrier-B,2026-08-06T17:10:00,2026-08-06T17:26:00
SHP-101017,ORD-101017,DC-07,LOADED,Carrier-C,2026-08-06T19:53:00,2026-08-06T18:46:00
SHP-101018,ORD-101018,DC-06,AT_DOCK,Carrier-B,2026-08-06T19:08:00,2026-08-06T18:12:00
SHP-101019,ORD-101019,DC-12,PLANNED,Carrier-D,2026-08-06T18:22:00,2026-08-06T18:35:00
SHP-101020,ORD-101020,DC-10,AT_DOCK,Carrier-A,2026-08-06T18:23:00,2026-08-06T17:29:00
SHP-101021,ORD-101021,DC-04,BOOKED,Carrier-C,2026-08-06T18:03:00,2026-08-06T18:43:00
SHP-101022,ORD-101022,DC-05,BOOKED,Carrier-D,2026-08-06T18:48:00,2026-08-06T19:20:00
SHP-101023,ORD-101023,DC-12,BOOKED,Carrier-C,2026-08-06T20:36:00,2026-08-06T19:19:00
SHP-101024,ORD-101024,DC-02,DELAYED,Carrier-B,2026-08-06T19:05:00,2026-08-06T19:41:00
SHP-101025,ORD-101025,DC-12,AT_DOCK,Carrier-B,2026-08-06T20:47:00,2026-08-06T20:08:00
SHP-101026,ORD-101026,DC-11,LOADED,Carrier-C,2026-08-06T19:04:00,2026-08-06T18:30:00
SHP-101027,ORD-101027,DC-08,DEPARTED,Carrier-B,2026-08-06T19:22:00,2026-08-06T19:37:00
SHP-101028,ORD-101028,DC-18,DEPARTED,Carrier-D,2026-08-06T18:38:00,2026-08-06T19:19:00
SHP-101029,ORD-101029,DC-17,BOOKED,Carrier-B,2026-08-06T19:27:00,2026-08-06T19:51:00
SHP-101030,ORD-101030,DC-18,BOOKED,Carrier-C,2026-08-06T18:56:00,2026-08-06T19:11:00
SHP-101031,ORD-101031,DC-10,AT_DOCK,Carrier-D,2026-08-06T20:42:00,2026-08-06T20:13:00
SHP-101032,ORD-101032,DC-15,LOADED,Carrier-D,2026-08-06T18:51:00,2026-08-06T19:11:00
SHP-101033,ORD-101033,DC-13,DEPARTED,Carrier-A,2026-08-06T22:01:00,2026-08-06T20:46:00
SHP-101034,ORD-101034,DC-16,DELAYED,Carrier-C,2026-08-06T19:48:00,2026-08-06T19:28:00
SHP-101035,ORD-101035,DC-16,AT_DOCK,Carrier-A,2026-08-06T21:43:00,2026-08-06T20:47:00
SHP-101036,ORD-101036,DC-04,LOADED,Carrier-B,2026-08-06T20:26:00,2026-08-06T20:57:00
SHP-101037,ORD-101037,DC-17,LOADED,Carrier-D,2026-08-06T20:55:00,2026-08-06T19:46:00
SHP-101038,ORD-101038,DC-04,AT_DOCK,Carrier-D,2026-08-06T20:17:00,2026-08-06T20:27:00
SHP-101039,ORD-101039,DC-16,DEPARTED,Carrier-B,2026-08-06T19:33:00,2026-08-06T20:18:00
SHP-101040,ORD-101040,DC-17,PLANNED,Carrier-A,2026-08-06T22:14:00,2026-08-06T21:00:00
SHP-101041,ORD-101041,DC-06,PLANNED,Carrier-B,2026-08-06T20:55:00,2026-08-06T21:38:00
SHP-101042,ORD-101042,DC-01,PLANNED,Carrier-C,2026-08-06T20:33:00,2026-08-06T20:13:00
SHP-101043,ORD-101043,DC-17,PLANNED,Carrier-C,2026-08-06T22:51:00,2026-08-06T22:20:00
SHP-101044,ORD-101044,DC-15,BOOKED,Carrier-A,2026-08-06T21:22:00,2026-08-06T21:56:00
SHP-101045,ORD-101045,DC-08,AT_DOCK,Carrier-C,2026-08-06T22:19:00,2026-08-06T20:58:00
SHP-101046,ORD-101046,DC-15,DEPARTED,Carrier-B,2026-08-06T21:08:00,2026-08-06T21:23:00
SHP-101047,ORD-101047,DC-13,AT_DOCK,Carrier-C,2026-08-06T20:44:00,2026-08-06T21:14:00
SHP-101048,ORD-101048,DC-10,AT_DOCK,Carrier-D,2026-08-07T00:34:00,2026-08-06T23:16:00
SHP-101049,ORD-101049,DC-08,AT_DOCK,Carrier-B,2026-08-06T21:33:00,2026-08-06T21:40:00
SHP-101050,ORD-101050,DC-10,DELAYED,Carrier-C,2026-08-06T23:33:00,2026-08-06T22:37:00
SHP-101051,ORD-101051,DC-08,AT_DOCK,Carrier-C,2026-08-07T00:43:00,2026-08-06T23:24:00
SHP-101052,ORD-101052,DC-11,LOADED,Carrier-D,2026-08-06T22:50:00,2026-08-06T21:56:00
SHP-101053,ORD-101053,DC-12,DELAYED,Carrier-D,2026-08-06T22:31:00,2026-08-06T22:10:00
SHP-101054,ORD-101054,DC-18,PLANNED,Carrier-D,2026-08-06T23:31:00,2026-08-06T23:24:00
SHP-101055,ORD-101055,DC-02,BOOKED,Carrier-D,2026-08-06T22:21:00,2026-08-06T23:05:00
SHP-101056,ORD-101056,DC-17,PLANNED,Carrier-D,2026-08-07T00:44:00,2026-08-07T00:19:00
SHP-101057,ORD-101057,DC-01,AT_DOCK,Carrier-D,2026-08-06T22:29:00,2026-08-06T23:03:00
SHP-101058,ORD-101058,DC-03,LOADED,Carrier-C,2026-08-06T22:56:00,2026-08-06T22:51:00
SHP-101059,ORD-101059,DC-11,BOOKED,Carrier-A,2026-08-07T00:58:00,2026-08-06T23:44:00
SHP-101060,ORD-101060,DC-15,DELAYED,Carrier-B,2026-08-07T01:42:00,2026-08-07T00:42:00
SHP-101061,ORD-101061,DC-08,BOOKED,Carrier-A,2026-08-07T00:13:00,2026-08-07T00:57:00
SHP-101062,ORD-101062,DC-02,DEPARTED,Carrier-D,2026-08-07T00:26:00,2026-08-07T00:00:00
SHP-101063,ORD-101063,DC-01,DEPARTED,Carrier-A,2026-08-07T01:42:00,2026-08-07T00:21:00
SHP-101064,ORD-101064,DC-14,PLANNED,Carrier-D,2026-08-07T00:53:00,2026-08-06T23:51:00
SHP-101065,ORD-101065,DC-14,DELAYED,Carrier-C,2026-08-06T23:09:00,2026-08-06T23:44:00
SHP-101066,ORD-101066,DC-04,AT_DOCK,Carrier-C,2026-08-07T01:04:00,2026-08-07T00:03:00
SHP-101067,ORD-101067,DC-13,BOOKED,Carrier-A,2026-08-07T00:07:00,2026-08-07T00:42:00
SHP-101068,ORD-101068,DC-16,LOADED,Carrier-D,2026-08-07T02:34:00,2026-08-07T01:34:00
SHP-101069,ORD-101069,DC-17,AT_DOCK,Carrier-D,2026-08-07T01:30:00,2026-08-07T02:03:00
SHP-101070,ORD-101070,DC-05,AT_DOCK,Carrier-C,2026-08-07T01:54:00,2026-08-07T01:11:00
SHP-101071,ORD-101071,DC-05,DELAYED,Carrier-B,2026-08-07T01:26:00,2026-08-07T01:15:00
SHP-101072,ORD-101072,DC-13,LOADED,Carrier-B,2026-08-07T02:16:00,2026-08-07T01:58:00
SHP-101073,ORD-101073,DC-10,LOADED,Carrier-B,2026-08-07T01:00:00,2026-08-07T01:39:00
SHP-101074,ORD-101074,DC-10,BOOKED,Carrier-C,2026-08-07T04:07:00,2026-08-07T03:08:00
SHP-101075,ORD-101075,DC-02,BOOKED,Carrier-A,2026-08-07T01:43:00,2026-08-07T02:28:00
SHP-101076,ORD-101076,DC-14,DEPARTED,Carrier-D,2026-08-07T04:19:00,2026-08-07T03:18:00
SHP-101077,ORD-101077,DC-03,BOOKED,Carrier-C,2026-08-07T02:59:00,2026-08-07T01:57:00
SHP-101078,ORD-101078,DC-09,LOADED,Carrier-B,2026-08-07T03:28:00,2026-08-07T02:59:00
SHP-101079,ORD-101079,DC-13,AT_DOCK,Carrier-B,2026-08-07T04:36:00,2026-08-07T03:22:00
SHP-101080,ORD-101080,DC-12,LOADED,Carrier-B,2026-08-07T02:51:00,2026-08-07T03:15:00
SHP-101081,ORD-101081,DC-01,PLANNED,Carrier-D,2026-08-07T03:55:00,2026-08-07T04:15:00
SHP-101082,ORD-101082,DC-16,DEPARTED,Carrier-B,2026-08-07T03:29:00,2026-08-07T04:07:00
SHP-101083,ORD-101083,DC-14,AT_DOCK,Carrier-B,2026-08-07T04:43:00,2026-08-07T04:07:00
SHP-101084,ORD-101084,DC-08,AT_DOCK,Carrier-D,2026-08-07T04:08:00,2026-08-07T04:02:00
SHP-101085,ORD-101085,DC-12,PLANNED,Carrier-B,2026-08-07T02:29:00,2026-08-07T03:02:00
SHP-101086,ORD-101086,DC-14,BOOKED,Carrier-C,2026-08-07T05:27:00,2026-08-07T04:08:00
SHP-101087,ORD-101087,DC-15,DEPARTED,Carrier-A,2026-08-07T03:17:00,2026-08-07T03:51:00
SHP-101088,ORD-101088,DC-07,AT_DOCK,Carrier-D,2026-08-07T04:12:00,2026-08-07T03:14:00
SHP-101089,ORD-101089,DC-02,AT_DOCK,Carrier-D,2026-08-07T03:41:00,2026-08-07T03:54:00
SHP-101090,ORD-101090,DC-13,DEPARTED,Carrier-B,2026-08-07T03:06:00,2026-08-07T03:47:00
SHP-101091,ORD-101091,DC-12,DEPARTED,Carrier-A,2026-08-07T05:08:00,2026-08-07T05:51:00
SHP-101092,ORD-101092,DC-09,BOOKED,Carrier-B,2026-08-07T05:58:00,2026-08-07T04:53:00
SHP-101093,ORD-101093,DC-15,BOOKED,Carrier-C,2026-08-07T06:30:00,2026-08-07T05:26:00
SHP-101094,ORD-101094,DC-11,BOOKED,Carrier-D,2026-08-07T05:40:00,2026-08-07T05:00:00
SHP-101095,ORD-101095,DC-13,DEPARTED,Carrier-C,2026-08-07T04:11:00,2026-08-07T04:26:00
SHP-101096,ORD-101096,DC-07,AT_DOCK,Carrier-C,2026-08-07T05:22:00,2026-08-07T05:53:00
SHP-101097,ORD-101097,DC-13,DELAYED,Carrier-A,2026-08-07T05:43:00,2026-08-07T04:33:00
SHP-101098,ORD-101098,DC-13,PLANNED,Carrier-A,2026-08-07T05:47:00,2026-08-07T04:59:00
SHP-101099,ORD-101099,DC-01,AT_DOCK,Carrier-C,2026-08-07T06:12:00,2026-08-07T04:51:00
SHP-101100,ORD-101100,DC-17,BOOKED,Carrier-C,2026-08-07T05:43:00,2026-08-07T06:07:00
SHP-101101,ORD-101101,DC-10,DEPARTED,Carrier-A,2026-08-07T07:00:00,2026-08-07T06:08:00
SHP-101102,ORD-101102,DC-02,PLANNED,Carrier-A,2026-08-07T05:19:00,2026-08-07T05:31:00
SHP-101103,ORD-101103,DC-08,DELAYED,Carrier-A,2026-08-07T06:54:00,2026-08-07T06:42:00
SHP-101104,ORD-101104,DC-12,DELAYED,Carrier-C,2026-08-07T05:46:00,2026-08-07T05:37:00
SHP-101105,ORD-101105,DC-02,PLANNED,Carrier-A,2026-08-07T04:47:00,2026-08-07T04:58:00
SHP-101106,ORD-101106,DC-07,DEPARTED,Carrier-D,2026-08-07T06:39:00,2026-08-07T05:48:00
SHP-101107,ORD-101107,DC-03,DEPARTED,Carrier-C,2026-08-07T06:25:00,2026-08-07T05:38:00
SHP-101108,ORD-101108,DC-01,DELAYED,Carrier-A,2026-08-07T05:39:00,2026-08-07T05:25:00
SHP-101109,ORD-101109,DC-04,AT_DOCK,Carrier-B,2026-08-07T05:57:00,2026-08-07T05:43:00
SHP-101110,ORD-101110,DC-07,BOOKED,Carrier-D,2026-08-07T05:58:00,2026-08-07T06:21:00
SHP-101111,ORD-101111,DC-18,PLANNED,Carrier-C,2026-08-07T07:00:00,2026-08-07T06:40:00
SHP-101112,ORD-101112,DC-13,PLANNED,Carrier-D,2026-08-07T06:07:00,2026-08-07T06:24:00
SHP-101113,ORD-101113,DC-13,LOADED,Carrier-B,2026-08-07T06:35:00,2026-08-07T06:05:00
SHP-101114,ORD-101114,DC-06,DELAYED,Carrier-B,2026-08-07T05:40:00,2026-08-07T06:18:00
SHP-101115,ORD-101115,DC-15,DELAYED,Carrier-A,2026-08-07T06:26:00,2026-08-07T07:05:00
SHP-101116,ORD-101116,DC-06,PLANNED,Carrier-A,2026-08-07T06:24:00,2026-08-07T06:45:00
SHP-101117,ORD-101117,DC-16,BOOKED,Carrier-D,2026-08-07T06:31:00,2026-08-07T07:01:00
SHP-101118,ORD-101118,DC-08,DELAYED,Carrier-D,2026-08-07T06:35:00,2026-08-07T06:26:00
SHP-101119,ORD-101119,DC-05,LOADED,Carrier-C,2026-08-07T06:24:00,2026-08-07T06:10:00
SHP-101120,ORD-101120,DC-07,BOOKED,Carrier-C,2026-08-07T06:56:00,2026-08-07T07:16:00
SHP-101121,ORD-101121,DC-08,LOADED,Carrier-D,2026-08-07T07:41:00,2026-08-07T06:34:00
SHP-101122,ORD-101122,DC-02,DEPARTED,Carrier-B,2026-08-07T08:13:00,2026-08-07T08:02:00
SHP-101123,ORD-101123,DC-08,DEPARTED,Carrier-B,2026-08-07T07:20:00,2026-08-07T06:17:00
SHP-101124,ORD-101124,DC-18,DELAYED,Carrier-C,2026-08-07T08:00:00,2026-08-07T07:44:00
SHP-101125,ORD-101125,DC-09,DELAYED,Carrier-D,2026-08-07T07:40:00,2026-08-07T06:32:00
SHP-101126,ORD-101126,DC-06,PLANNED,Carrier-D,2026-08-07T08:40:00,2026-08-07T07:55:00
SHP-101127,ORD-101127,DC-16,AT_DOCK,Carrier-D,2026-08-07T08:10:00,2026-08-07T07:06:00
SHP-101128,ORD-101128,DC-03,AT_DOCK,Carrier-B,2026-08-07T07:51:00,2026-08-07T08:09:00
SHP-101129,ORD-101129,DC-03,PLANNED,Carrier-D,2026-08-07T07:58:00,2026-08-07T07:26:00
SHP-101130,ORD-101130,DC-05,DEPARTED,Carrier-D,2026-08-07T06:30:00,2026-08-07T06:58:00
SHP-101131,ORD-101131,DC-04,DEPARTED,Carrier-A,2026-08-07T08:11:00,2026-08-07T07:04:00
SHP-101132,ORD-101132,DC-11,AT_DOCK,Carrier-B,2026-08-07T08:46:00,2026-08-07T08:51:00
SHP-101133,ORD-101133,DC-16,LOADED,Carrier-A,2026-08-07T08:21:00,2026-08-07T07:45:00
SHP-101134,ORD-101134,DC-13,LOADED,Carrier-A,2026-08-07T08:59:00,2026-08-07T08:34:00
SHP-101135,ORD-101135,DC-09,AT_DOCK,Carrier-D,2026-08-07T09:57:00,2026-08-07T08:58:00
SHP-101136,ORD-101136,DC-16,DEPARTED,Carrier-A,2026-08-07T08:08:00,2026-08-07T07:46:00
SHP-101137,ORD-101137,DC-08,AT_DOCK,Carrier-B,2026-08-07T07:53:00,2026-08-07T08:38:00
SHP-101138,ORD-101138,DC-11,DEPARTED,Carrier-D,2026-08-07T07:07:00,2026-08-07T07:51:00
SHP-101139,ORD-101139,DC-11,AT_DOCK,Carrier-D,2026-08-07T09:04:00,2026-08-07T07:59:00
SHP-101140,ORD-101140,DC-15,DELAYED,Carrier-B,2026-08-07T11:04:00,2026-08-07T10:10:00
SHP-101141,ORD-101141,DC-18,PLANNED,Carrier-A,2026-08-07T09:48:00,2026-08-07T09:36:00
SHP-101142,ORD-101142,DC-17,AT_DOCK,Carrier-A,2026-08-07T09:18:00,2026-08-07T09:02:00
SHP-101143,ORD-101143,DC-09,DELAYED,Carrier-C,2026-08-07T09:18:00,2026-08-07T08:23:00
SHP-101144,ORD-101144,DC-06,AT_DOCK,Carrier-D,2026-08-07T08:59:00,2026-08-07T09:10:00
SHP-101145,ORD-101145,DC-05,LOADED,Carrier-D,2026-08-07T10:49:00,2026-08-07T10:04:00
SHP-101146,ORD-101146,DC-08,DELAYED,Carrier-A,2026-08-07T09:28:00,2026-08-07T09:48:00
SHP-101147,ORD-101147,DC-01,DELAYED,Carrier-D,2026-08-07T09:04:00,2026-08-07T09:46:00
SHP-101148,ORD-101148,DC-09,DEPARTED,Carrier-B,2026-08-07T08:42:00,2026-08-07T09:26:00
SHP-101149,ORD-101149,DC-08,DEPARTED,Carrier-B,2026-08-07T12:13:00,2026-08-07T10:50:00
SHP-101150,ORD-101150,DC-08,BOOKED,Carrier-B,2026-08-07T08:57:00,2026-08-07T09:41:00
SHP-101151,ORD-101151,DC-04,LOADED,Carrier-A,2026-08-07T10:20:00,2026-08-07T10:53:00
SHP-101152,ORD-101152,DC-18,BOOKED,Carrier-A,2026-08-07T12:00:00,2026-08-07T11:00:00
SHP-101153,ORD-101153,DC-04,LOADED,Carrier-C,2026-08-07T12:27:00,2026-08-07T11:55:00
SHP-101154,ORD-101154,DC-09,BOOKED,Carrier-C,2026-08-07T10:14:00,2026-08-07T10:44:00
SHP-101155,ORD-101155,DC-15,DEPARTED,Carrier-A,2026-08-07T11:15:00,2026-08-07T11:39:00
SHP-101156,ORD-101156,DC-01,AT_DOCK,Carrier-D,2026-08-07T13:24:00,2026-08-07T12:10:00
SHP-101157,ORD-101157,DC-07,DEPARTED,Carrier-A,2026-08-07T13:22:00,2026-08-07T12:23:00
SHP-101158,ORD-101158,DC-08,PLANNED,Carrier-A,2026-08-07T13:46:00,2026-08-07T13:05:00
SHP-101159,ORD-101159,DC-08,DEPARTED,Carrier-D,2026-08-07T13:11:00,2026-08-07T12:34:00
SHP-101160,ORD-101160,DC-10,AT_DOCK,Carrier-A,2026-08-07T12:07:00,2026-08-07T11:38:00
SHP-101161,ORD-101161,DC-18,BOOKED,Carrier-B,2026-08-07T13:14:00,2026-08-07T12:47:00
SHP-101162,ORD-101162,DC-07,PLANNED,Carrier-B,2026-08-07T12:47:00,2026-08-07T13:23:00
SHP-101163,ORD-101163,DC-17,AT_DOCK,Carrier-A,2026-08-07T12:51:00,2026-08-07T13:23:00
SHP-101164,ORD-101164,DC-04,DEPARTED,Carrier-A,2026-08-07T11:44:00,2026-08-07T12:27:00
SHP-101165,ORD-101165,DC-07,LOADED,Carrier-C,2026-08-07T12:26:00,2026-08-07T12:14:00
SHP-101166,ORD-101166,DC-18,LOADED,Carrier-A,2026-08-07T12:05:00,2026-08-07T12:21:00
SHP-101167,ORD-101167,DC-18,DEPARTED,Carrier-B,2026-08-07T14:53:00,2026-08-07T13:52:00
SHP-101168,ORD-101168,DC-11,DEPARTED,Carrier-D,2026-08-07T15:09:00,2026-08-07T13:50:00
SHP-101169,ORD-101169,DC-10,DEPARTED,Carrier-B,2026-08-07T13:15:00,2026-08-07T13:40:00
SHP-101170,ORD-101170,DC-05,PLANNED,Carrier-D,2026-08-07T13:13:00,2026-08-07T12:58:00
SHP-101171,ORD-101171,DC-15,LOADED,Carrier-A,2026-08-07T14:18:00,2026-08-07T13:07:00
SHP-101172,ORD-101172,DC-02,AT_DOCK,Carrier-A,2026-08-07T15:29:00,2026-08-07T14:45:00
SHP-101173,ORD-101173,DC-15,PLANNED,Carrier-A,2026-08-07T15:02:00,2026-08-07T14:18:00
SHP-101174,ORD-101174,DC-05,AT_DOCK,Carrier-D,2026-08-07T14:07:00,2026-08-07T14:48:00
SHP-101175,ORD-101175,DC-15,DEPARTED,Carrier-B,2026-08-07T14:02:00,2026-08-07T14:18:00
SHP-101176,ORD-101176,DC-06,BOOKED,Carrier-D,2026-08-07T14:00:00,2026-08-07T14:08:00
SHP-101177,ORD-101177,DC-01,LOADED,Carrier-A,2026-08-07T14:26:00,2026-08-07T15:05:00
SHP-101178,ORD-101178,DC-16,AT_DOCK,Carrier-B,2026-08-07T14:18:00,2026-08-07T14:53:00
SHP-101179,ORD-101179,DC-01,BOOKED,Carrier-B,2026-08-07T13:58:00,2026-08-07T14:29:00
SHP-101180,ORD-101180,DC-06,PLANNED,Carrier-C,2026-08-07T14:50:00,2026-08-07T14:00:00
SHP-101181,ORD-101181,DC-02,DEPARTED,Carrier-B,2026-08-07T14:44:00,2026-08-07T15:21:00
SHP-101182,ORD-101182,DC-17,BOOKED,Carrier-D,2026-08-07T15:51:00,2026-08-07T15:24:00
SHP-101183,ORD-101183,DC-15,DELAYED,Carrier-B,2026-08-07T14:32:00,2026-08-07T15:13:00
SHP-101184,ORD-101184,DC-12,AT_DOCK,Carrier-C,2026-08-07T15:31:00,2026-08-07T14:58:00
SHP-101185,ORD-101185,DC-16,LOADED,Carrier-C,2026-08-07T15:42:00,2026-08-07T16:24:00
SHP-101186,ORD-101186,DC-12,DELAYED,Carrier-D,2026-08-07T15:47:00,2026-08-07T16:28:00
SHP-101187,ORD-101187,DC-09,LOADED,Carrier-A,2026-08-07T15:56:00,2026-08-07T16:05:00
SHP-101188,ORD-101188,DC-16,AT_DOCK,Carrier-D,2026-08-07T15:10:00,2026-08-07T15:32:00
SHP-101189,ORD-101189,DC-17,DELAYED,Carrier-D,2026-08-07T16:40:00,2026-08-07T15:33:00
SHP-101190,ORD-101190,DC-04,DELAYED,Carrier-B,2026-08-07T15:42:00,2026-08-07T15:22:00
SHP-101191,ORD-101191,DC-16,LOADED,Carrier-D,2026-08-07T16:15:00,2026-08-07T15:46:00
SHP-101192,ORD-101192,DC-06,BOOKED,Carrier-A,2026-08-07T16:19:00,2026-08-07T15:13:00
SHP-101193,ORD-101193,DC-17,BOOKED,Carrier-B,2026-08-07T18:25:00,2026-08-07T16:59:00
SHP-101194,ORD-101194,DC-15,LOADED,Carrier-C,2026-08-07T17:43:00,2026-08-07T16:19:00
SHP-101195,ORD-101195,DC-10,PLANNED,Carrier-D,2026-08-07T18:09:00,2026-08-07T16:42:00
SHP-101196,ORD-101196,DC-08,LOADED,Carrier-B,2026-08-07T15:52:00,2026-08-07T16:35:00
SHP-101197,ORD-101197,DC-02,PLANNED,Carrier-D,2026-08-07T16:23:00,2026-08-07T16:36:00
SHP-101198,ORD-101198,DC-02,LOADED,Carrier-C,2026-08-07T18:35:00,2026-08-07T17:21:00
SHP-101199,ORD-101199,DC-01,PLANNED,Carrier-C,2026-08-07T17:16:00,2026-08-07T16:38:00
SHP-101200,ORD-101200,DC-07,LOADED,Carrier-B,2026-08-07T18:33:00,2026-08-07T17:09:00
SHP-101201,ORD-101201,DC-01,DEPARTED,Carrier-B,2026-08-07T18:45:00,2026-08-07T17:48:00
SHP-101202,ORD-101202,DC-10,DELAYED,Carrier-C,2026-08-07T17:40:00,2026-08-07T17:13:00
SHP-101203,ORD-101203,DC-10,DEPARTED,Carrier-D,2026-08-07T18:28:00,2026-08-07T17:41:00
SHP-101204,ORD-101204,DC-17,DELAYED,Carrier-D,2026-08-07T19:12:00,2026-08-07T18:24:00
SHP-101205,ORD-101205,DC-11,LOADED,Carrier-B,2026-08-07T19:40:00,2026-08-07T19:04:00
SHP-101206,ORD-101206,DC-01,DEPARTED,Carrier-A,2026-08-07T19:43:00,2026-08-07T19:16:00
SHP-101207,ORD-101207,DC-09,LOADED,Carrier-D,2026-08-07T19:35:00,2026-08-07T19:11:00
SHP-101208,ORD-101208,DC-14,PLANNED,Carrier-C,2026-08-07T19:22:00,2026-08-07T19:46:00
SHP-101209,ORD-101209,DC-05,LOADED,Carrier-B,2026-08-07T19:02:00,2026-08-07T19:07:00
SHP-101210,ORD-101210,DC-02,DELAYED,Carrier-D,2026-08-07T19:46:00,2026-08-07T19:13:00
SHP-101211,ORD-101211,DC-14,DEPARTED,Carrier-A,2026-08-07T19:11:00,2026-08-07T18:49:00
SHP-101212,ORD-101212,DC-14,DELAYED,Carrier-D,2026-08-07T20:09:00,2026-08-07T18:56:00
SHP-101213,ORD-101213,DC-07,AT_DOCK,Carrier-D,2026-08-07T20:32:00,2026-08-07T20:16:00
SHP-101214,ORD-101214,DC-01,DEPARTED,Carrier-A,2026-08-07T19:11:00,2026-08-07T18:57:00
SHP-101215,ORD-101215,DC-04,DEPARTED,Carrier-B,2026-08-07T21:23:00,2026-08-07T20:42:00
SHP-101216,ORD-101216,DC-13,PLANNED,Carrier-A,2026-08-07T22:02:00,2026-08-07T20:37:00
SHP-101217,ORD-101217,DC-16,DELAYED,Carrier-D,2026-08-07T21:24:00,2026-08-07T20:25:00
SHP-101218,ORD-101218,DC-09,DELAYED,Carrier-D,2026-08-07T20:25:00,2026-08-07T20:34:00
SHP-101219,ORD-101219,DC-09,DELAYED,Carrier-C,2026-08-07T21:48:00,2026-08-07T20:41:00
SHP-101220,ORD-101220,DC-05,AT_DOCK,Carrier-D,2026-08-07T20:33:00,2026-08-07T20:17:00
SHP-101221,ORD-101221,DC-12,DEPARTED,Carrier-A,2026-08-07T20:30:00,2026-08-07T20:08:00
SHP-101222,ORD-101222,DC-07,AT_DOCK,Carrier-A,2026-08-07T21:28:00,2026-08-07T21:16:00
SHP-101223,ORD-101223,DC-14,DELAYED,Carrier-B,2026-08-07T21:34:00,2026-08-07T21:45:00
SHP-101224,ORD-101224,DC-12,DELAYED,Carrier-B,2026-08-07T20:25:00,2026-08-07T21:02:00
SHP-101225,ORD-101225,DC-14,DEPARTED,Carrier-D,2026-08-07T21:15:00,2026-08-07T20:22:00
SHP-101226,ORD-101226,DC-09,PLANNED,Carrier-D,2026-08-07T19:58:00,2026-08-07T20:28:00
SHP-101227,ORD-101227,DC-03,BOOKED,Carrier-A,2026-08-07T21:52:00,2026-08-07T20:31:00
SHP-101228,ORD-101228,DC-05,DELAYED,Carrier-B,2026-08-07T22:55:00,2026-08-07T21:52:00
SHP-101229,ORD-101229,DC-02,DEPARTED,Carrier-D,2026-08-07T22:15:00,2026-08-07T21:04:00
SHP-101230,ORD-101230,DC-03,BOOKED,Carrier-A,2026-08-07T20:53:00,2026-08-07T21:30:00
SHP-101231,ORD-101231,DC-08,LOADED,Carrier-A,2026-08-07T23:24:00,2026-08-07T22:30:00
SHP-101232,ORD-101232,DC-13,LOADED,Carrier-A,2026-08-08T00:01:00,2026-08-07T22:32:00
SHP-101233,ORD-101233,DC-13,LOADED,Carrier-A,2026-08-07T23:18:00,2026-08-07T22:03:00
SHP-101234,ORD-101234,DC-10,DELAYED,Carrier-B,2026-08-07T21:27:00,2026-08-07T21:58:00
SHP-101235,ORD-101235,DC-09,DEPARTED,Carrier-A,2026-08-07T22:12:00,2026-08-07T22:57:00
SHP-101236,ORD-101236,DC-03,AT_DOCK,Carrier-A,2026-08-07T22:10:00,2026-08-07T22:15:00
SHP-101237,ORD-101237,DC-08,DELAYED,Carrier-A,2026-08-07T21:52:00,2026-08-07T22:12:00
SHP-101238,ORD-101238,DC-11,PLANNED,Carrier-C,2026-08-07T23:12:00,2026-08-07T23:51:00
SHP-101239,ORD-101239,DC-02,DEPARTED,Carrier-C,2026-08-07T22:40:00,2026-08-07T23:20:00
SHP-101240,ORD-101240,DC-13,BOOKED,Carrier-A,2026-08-07T23:15:00,2026-08-07T23:51:00
SHP-101241,ORD-101241,DC-08,AT_DOCK,Carrier-D,2026-08-07T23:01:00,2026-08-07T23:34:00
SHP-101242,ORD-101242,DC-01,LOADED,Carrier-A,2026-08-07T23:43:00,2026-08-07T23:23:00
SHP-101243,ORD-101243,DC-01,LOADED,Carrier-D,2026-08-07T23:15:00,2026-08-07T23:42:00
SHP-101244,ORD-101244,DC-18,LOADED,Carrier-A,2026-08-08T00:11:00,2026-08-08T00:30:00
SHP-101245,ORD-101245,DC-01,AT_DOCK,Carrier-B,2026-08-07T22:59:00,2026-08-07T23:29:00
SHP-101246,ORD-101246,DC-15,BOOKED,Carrier-B,2026-08-07T23:57:00,2026-08-08T00:38:00
SHP-101247,ORD-101247,DC-07,LOADED,Carrier-C,2026-08-07T23:03:00,2026-08-07T23:32:00
SHP-101248,ORD-101248,DC-10,LOADED,Carrier-A,2026-08-07T23:44:00,2026-08-07T23:50:00
SHP-101249,ORD-101249,DC-12,AT_DOCK,Carrier-C,2026-08-08T00:32:00,2026-08-08T00:10:00
SHP-101250,ORD-101250,DC-15,BOOKED,Carrier-C,2026-08-08T01:17:00,2026-08-08T00:50:00
SHP-101251,ORD-101251,DC-01,BOOKED,Carrier-A,2026-08-08T01:44:00,2026-08-08T00:23:00
SHP-101252,ORD-101252,DC-11,BOOKED,Carrier-D,2026-08-08T02:07:00,2026-08-08T01:14:00
SHP-101253,ORD-101253,DC-16,AT_DOCK,Carrier-A,2026-08-08T02:01:00,2026-08-08T01:15:00
SHP-101254,ORD-101254,DC-07,DELAYED,Carrier-A,2026-08-08T01:10:00,2026-08-08T00:22:00
SHP-101255,ORD-101255,DC-09,LOADED,Carrier-D,2026-08-08T01:23:00,2026-08-08T01:18:00
SHP-101256,ORD-101256,DC-14,AT_DOCK,Carrier-B,2026-08-07T23:53:00,2026-08-08T00:26:00
SHP-101257,ORD-101257,DC-13,PLANNED,Carrier-D,2026-08-08T01:38:00,2026-08-08T00:46:00
SHP-101258,ORD-101258,DC-11,PLANNED,Carrier-C,2026-08-08T01:39:00,2026-08-08T02:03:00
SHP-101259,ORD-101259,DC-16,BOOKED,Carrier-A,2026-08-08T00:38:00,2026-08-08T01:18:00
SHP-101260,ORD-101260,DC-06,PLANNED,Carrier-C,2026-08-08T01:47:00,2026-08-08T00:55:00
SHP-101261,ORD-101261,DC-05,BOOKED,Carrier-A,2026-08-08T03:46:00,2026-08-08T02:24:00
SHP-101262,ORD-101262,DC-01,LOADED,Carrier-C,2026-08-08T00:27:00,2026-08-08T00:49:00
SHP-101263,ORD-101263,DC-17,PLANNED,Carrier-D,2026-08-08T02:17:00,2026-08-08T02:42:00
SHP-101264,ORD-101264,DC-14,LOADED,Carrier-A,2026-08-08T02:43:00,2026-08-08T01:33:00
SHP-101265,ORD-101265,DC-10,DEPARTED,Carrier-C,2026-08-08T02:20:00,2026-08-08T01:45:00
SHP-101266,ORD-101266,DC-16,AT_DOCK,Carrier-D,2026-08-08T03:17:00,2026-08-08T02:34:00
SHP-101267,ORD-101267,DC-03,DELAYED,Carrier-B,2026-08-08T03:06:00,2026-08-08T02:53:00
SHP-101268,ORD-101268,DC-11,BOOKED,Carrier-B,2026-08-08T03:04:00,2026-08-08T02:19:00
SHP-101269,ORD-101269,DC-15,DELAYED,Carrier-D,2026-08-08T03:17:00,2026-08-08T02:10:00
SHP-101270,ORD-101270,DC-05,AT_DOCK,Carrier-D,2026-08-08T01:33:00,2026-08-08T02:07:00
SHP-101271,ORD-101271,DC-04,AT_DOCK,Carrier-B,2026-08-08T03:24:00,2026-08-08T03:43:00
SHP-101272,ORD-101272,DC-08,AT_DOCK,Carrier-A,2026-08-08T03:09:00,2026-08-08T03:21:00
SHP-101273,ORD-101273,DC-01,PLANNED,Carrier-B,2026-08-08T02:12:00,2026-08-08T02:34:00
SHP-101274,ORD-101274,DC-10,DEPARTED,Carrier-C,2026-08-08T03:03:00,2026-08-08T03:17:00
SHP-101275,ORD-101275,DC-11,DELAYED,Carrier-A,2026-08-08T04:23:00,2026-08-08T04:35:00
SHP-101276,ORD-101276,DC-16,AT_DOCK,Carrier-A,2026-08-08T03:11:00,2026-08-08T03:03:00
SHP-101277,ORD-101277,DC-05,DEPARTED,Carrier-B,2026-08-08T04:44:00,2026-08-08T04:06:00
SHP-101278,ORD-101278,DC-02,LOADED,Carrier-D,2026-08-08T03:51:00,2026-08-08T04:15:00
SHP-101279,ORD-101279,DC-07,AT_DOCK,Carrier-D,2026-08-08T03:53:00,2026-08-08T04:09:00
SHP-101280,ORD-101280,DC-11,DELAYED,Carrier-A,2026-08-08T05:58:00,2026-08-08T04:56:00
SHP-101281,ORD-101281,DC-15,PLANNED,Carrier-D,2026-08-08T06:32:00,2026-08-08T05:02:00
SHP-101282,ORD-101282,DC-04,LOADED,Carrier-A,2026-08-08T04:17:00,2026-08-08T04:33:00
SHP-101283,ORD-101283,DC-06,LOADED,Carrier-D,2026-08-08T05:27:00,2026-08-08T04:33:00
SHP-101284,ORD-101284,DC-10,DELAYED,Carrier-B,2026-08-08T04:36:00,2026-08-08T04:27:00
SHP-101285,ORD-101285,DC-17,AT_DOCK,Carrier-D,2026-08-08T04:05:00,2026-08-08T04:19:00
SHP-101286,ORD-101286,DC-11,BOOKED,Carrier-D,2026-08-08T05:38:00,2026-08-08T04:49:00
SHP-101287,ORD-101287,DC-16,DELAYED,Carrier-C,2026-08-08T04:30:00,2026-08-08T05:15:00
SHP-101288,ORD-101288,DC-17,DELAYED,Carrier-B,2026-08-08T05:02:00,2026-08-08T05:20:00
SHP-101289,ORD-101289,DC-10,LOADED,Carrier-C,2026-08-08T06:28:00,2026-08-08T05:09:00
SHP-101290,ORD-101290,DC-16,LOADED,Carrier-D,2026-08-08T06:20:00,2026-08-08T05:01:00
SHP-101291,ORD-101291,DC-03,DEPARTED,Carrier-C,2026-08-08T06:45:00,2026-08-08T06:14:00
SHP-101292,ORD-101292,DC-07,PLANNED,Carrier-A,2026-08-08T06:27:00,2026-08-08T06:21:00
SHP-101293,ORD-101293,DC-06,AT_DOCK,Carrier-A,2026-08-08T06:05:00,2026-08-08T06:27:00
SHP-101294,ORD-101294,DC-09,LOADED,Carrier-A,2026-08-08T06:56:00,2026-08-08T05:40:00
SHP-101295,ORD-101295,DC-18,LOADED,Carrier-D,2026-08-08T07:59:00,2026-08-08T06:31:00
SHP-101296,ORD-101296,DC-13,BOOKED,Carrier-C,2026-08-08T07:12:00,2026-08-08T05:49:00
SHP-101297,ORD-101297,DC-07,DEPARTED,Carrier-D,2026-08-08T07:44:00,2026-08-08T06:52:00
SHP-101298,ORD-101298,DC-16,DELAYED,Carrier-B,2026-08-08T08:48:00,2026-08-08T07:27:00
SHP-101299,ORD-101299,DC-15,BOOKED,Carrier-B,2026-08-08T06:22:00,2026-08-08T07:02:00
SHP-101300,ORD-101300,DC-04,DEPARTED,Carrier-B,2026-08-08T07:54:00,2026-08-08T06:32:00
SHP-101301,ORD-101301,DC-10,PLANNED,Carrier-D,2026-08-08T06:47:00,2026-08-08T06:42:00
SHP-101302,ORD-101302,DC-12,LOADED,Carrier-B,2026-08-08T07:31:00,2026-08-08T06:54:00
SHP-101303,ORD-101303,DC-10,AT_DOCK,Carrier-D,2026-08-08T07:39:00,2026-08-08T08:19:00
SHP-101304,ORD-101304,DC-06,LOADED,Carrier-A,2026-08-08T08:04:00,2026-08-08T07:06:00
SHP-101305,ORD-101305,DC-04,PLANNED,Carrier-C,2026-08-08T07:38:00,2026-08-08T07:49:00
SHP-101306,ORD-101306,DC-08,DEPARTED,Carrier-A,2026-08-08T07:57:00,2026-08-08T07:38:00
SHP-101307,ORD-101307,DC-04,BOOKED,Carrier-A,2026-08-08T07:13:00,2026-08-08T07:40:00
SHP-101308,ORD-101308,DC-18,LOADED,Carrier-C,2026-08-08T08:17:00,2026-08-08T08:09:00
SHP-101309,ORD-101309,DC-17,AT_DOCK,Carrier-D,2026-08-08T08:14:00,2026-08-08T08:57:00
SHP-101310,ORD-101310,DC-18,AT_DOCK,Carrier-B,2026-08-08T09:17:00,2026-08-08T08:09:00
SHP-101311,ORD-101311,DC-16,BOOKED,Carrier-D,2026-08-08T08:31:00,2026-08-08T09:15:00
SHP-101312,ORD-101312,DC-08,AT_DOCK,Carrier-D,2026-08-08T09:16:00,2026-08-08T08:48:00
SHP-101313,ORD-101313,DC-06,LOADED,Carrier-D,2026-08-08T08:14:00,2026-08-08T08:51:00
SHP-101314,ORD-101314,DC-18,DEPARTED,Carrier-D,2026-08-08T07:31:00,2026-08-08T08:06:00
SHP-101315,ORD-101315,DC-14,AT_DOCK,Carrier-D,2026-08-08T09:37:00,2026-08-08T09:27:00
SHP-101316,ORD-101316,DC-09,DELAYED,Carrier-B,2026-08-08T09:41:00,2026-08-08T09:10:00
SHP-101317,ORD-101317,DC-11,LOADED,Carrier-D,2026-08-08T07:46:00,2026-08-08T08:11:00
SHP-101318,ORD-101318,DC-04,DEPARTED,Carrier-C,2026-08-08T10:17:00,2026-08-08T09:34:00
SHP-101319,ORD-101319,DC-16,BOOKED,Carrier-A,2026-08-08T08:49:00,2026-08-08T09:19:00
SHP-101320,ORD-101320,DC-10,PLANNED,Carrier-D,2026-08-08T09:04:00,2026-08-08T08:23:00
SHP-101321,ORD-101321,DC-05,DELAYED,Carrier-B,2026-08-08T09:52:00,2026-08-08T08:54:00
SHP-101322,ORD-101322,DC-07,PLANNED,Carrier-C,2026-08-08T10:18:00,2026-08-08T10:29:00
SHP-101323,ORD-101323,DC-08,PLANNED,Carrier-A,2026-08-08T10:45:00,2026-08-08T09:41:00
SHP-101324,ORD-101324,DC-13,BOOKED,Carrier-B,2026-08-08T09:57:00,2026-08-08T10:07:00
SHP-101325,ORD-101325,DC-02,PLANNED,Carrier-C,2026-08-08T09:00:00,2026-08-08T09:36:00
SHP-101326,ORD-101326,DC-17,AT_DOCK,Carrier-A,2026-08-08T10:01:00,2026-08-08T10:41:00
SHP-101327,ORD-101327,DC-07,DELAYED,Carrier-C,2026-08-08T08:53:00,2026-08-08T09:20:00
SHP-101328,ORD-101328,DC-01,LOADED,Carrier-A,2026-08-08T10:26:00,2026-08-08T10:41:00
SHP-101329,ORD-101329,DC-09,BOOKED,Carrier-B,2026-08-08T10:19:00,2026-08-08T09:47:00
SHP-101330,ORD-101330,DC-11,DEPARTED,Carrier-C,2026-08-08T10:17:00,2026-08-08T10:40:00
SHP-101331,ORD-101331,DC-06,DEPARTED,Carrier-B,2026-08-08T11:45:00,2026-08-08T11:16:00
SHP-101332,ORD-101332,DC-04,LOADED,Carrier-D,2026-08-08T10:33:00,2026-08-08T09:53:00
SHP-101333,ORD-101333,DC-13,DELAYED,Carrier-A,2026-08-08T12:27:00,2026-08-08T11:06:00
SHP-101334,ORD-101334,DC-02,AT_DOCK,Carrier-C,2026-08-08T10:28:00,2026-08-08T11:01:00
SHP-101335,ORD-101335,DC-02,BOOKED,Carrier-D,2026-08-08T11:36:00,2026-08-08T11:25:00
SHP-101336,ORD-101336,DC-09,LOADED,Carrier-A,2026-08-08T11:26:00,2026-08-08T10:17:00
SHP-101337,ORD-101337,DC-13,PLANNED,Carrier-B,2026-08-08T12:24:00,2026-08-08T11:07:00
SHP-101338,ORD-101338,DC-09,AT_DOCK,Carrier-D,2026-08-08T12:34:00,2026-08-08T11:54:00
SHP-101339,ORD-101339,DC-16,AT_DOCK,Carrier-A,2026-08-08T09:56:00,2026-08-08T10:40:00
SHP-101340,ORD-101340,DC-10,PLANNED,Carrier-A,2026-08-08T11:25:00,2026-08-08T11:49:00
SHP-101341,ORD-101341,DC-05,DELAYED,Carrier-A,2026-08-08T11:58:00,2026-08-08T11:07:00
SHP-101342,ORD-101342,DC-14,LOADED,Carrier-B,2026-08-08T11:46:00,2026-08-08T11:13:00
SHP-101343,ORD-101343,DC-08,DELAYED,Carrier-B,2026-08-08T11:51:00,2026-08-08T12:03:00
SHP-101344,ORD-101344,DC-04,LOADED,Carrier-D,2026-08-08T13:34:00,2026-08-08T12:25:00
SHP-101345,ORD-101345,DC-04,PLANNED,Carrier-C,2026-08-08T14:06:00,2026-08-08T12:53:00
SHP-101346,ORD-101346,DC-14,BOOKED,Carrier-C,2026-08-08T12:53:00,2026-08-08T11:46:00
SHP-101347,ORD-101347,DC-17,AT_DOCK,Carrier-B,2026-08-08T12:46:00,2026-08-08T11:46:00
SHP-101348,ORD-101348,DC-03,BOOKED,Carrier-A,2026-08-08T12:18:00,2026-08-08T11:57:00
SHP-101349,ORD-101349,DC-02,LOADED,Carrier-B,2026-08-08T12:50:00,2026-08-08T11:55:00
SHP-101350,ORD-101350,DC-10,DEPARTED,Carrier-D,2026-08-08T11:23:00,2026-08-08T11:30:00
SHP-101351,ORD-101351,DC-08,PLANNED,Carrier-B,2026-08-08T12:34:00,2026-08-08T12:21:00
SHP-101352,ORD-101352,DC-06,PLANNED,Carrier-B,2026-08-08T12:08:00,2026-08-08T12:22:00
SHP-101353,ORD-101353,DC-14,AT_DOCK,Carrier-D,2026-08-08T13:57:00,2026-08-08T13:00:00
SHP-101354,ORD-101354,DC-04,AT_DOCK,Carrier-C,2026-08-08T13:32:00,2026-08-08T13:15:00
SHP-101355,ORD-101355,DC-11,LOADED,Carrier-A,2026-08-08T12:56:00,2026-08-08T11:59:00
SHP-101356,ORD-101356,DC-08,BOOKED,Carrier-B,2026-08-08T12:56:00,2026-08-08T13:31:00
SHP-101357,ORD-101357,DC-08,BOOKED,Carrier-A,2026-08-08T11:33:00,2026-08-08T12:11:00
SHP-101358,ORD-101358,DC-14,DELAYED,Carrier-C,2026-08-08T14:08:00,2026-08-08T14:17:00
SHP-101359,ORD-101359,DC-05,PLANNED,Carrier-A,2026-08-08T13:54:00,2026-08-08T14:09:00
SHP-101360,ORD-101360,DC-15,LOADED,Carrier-A,2026-08-08T13:44:00,2026-08-08T13:24:00
SHP-101361,ORD-101361,DC-12,LOADED,Carrier-D,2026-08-08T12:56:00,2026-08-08T13:08:00
SHP-101362,ORD-101362,DC-13,LOADED,Carrier-D,2026-08-08T12:51:00,2026-08-08T13:12:00
SHP-101363,ORD-101363,DC-15,AT_DOCK,Carrier-A,2026-08-08T13:40:00,2026-08-08T14:23:00
SHP-101364,ORD-101364,DC-15,LOADED,Carrier-B,2026-08-08T12:55:00,2026-08-08T13:40:00
SHP-101365,ORD-101365,DC-04,DELAYED,Carrier-D,2026-08-08T14:37:00,2026-08-08T14:55:00
SHP-101366,ORD-101366,DC-07,AT_DOCK,Carrier-A,2026-08-08T15:14:00,2026-08-08T14:24:00
SHP-101367,ORD-101367,DC-04,AT_DOCK,Carrier-D,2026-08-08T14:24:00,2026-08-08T14:58:00
SHP-101368,ORD-101368,DC-12,DEPARTED,Carrier-C,2026-08-08T14:16:00,2026-08-08T14:35:00
SHP-101369,ORD-101369,DC-07,AT_DOCK,Carrier-B,2026-08-08T15:27:00,2026-08-08T15:35:00
SHP-101370,ORD-101370,DC-13,DEPARTED,Carrier-B,2026-08-08T15:15:00,2026-08-08T14:29:00
SHP-101371,ORD-101371,DC-02,AT_DOCK,Carrier-B,2026-08-08T16:33:00,2026-08-08T15:56:00
SHP-101372,ORD-101372,DC-07,DELAYED,Carrier-D,2026-08-08T16:03:00,2026-08-08T16:38:00
SHP-101373,ORD-101373,DC-08,PLANNED,Carrier-A,2026-08-08T16:32:00,2026-08-08T16:48:00
SHP-101374,ORD-101374,DC-11,LOADED,Carrier-D,2026-08-08T15:52:00,2026-08-08T16:26:00
SHP-101375,ORD-101375,DC-05,DELAYED,Carrier-C,2026-08-08T15:37:00,2026-08-08T15:14:00
SHP-101376,ORD-101376,DC-08,PLANNED,Carrier-C,2026-08-08T14:51:00,2026-08-08T15:25:00
SHP-101377,ORD-101377,DC-14,BOOKED,Carrier-D,2026-08-08T15:57:00,2026-08-08T15:46:00
SHP-101378,ORD-101378,DC-11,AT_DOCK,Carrier-A,2026-08-08T16:12:00,2026-08-08T16:22:00
SHP-101379,ORD-101379,DC-03,DELAYED,Carrier-A,2026-08-08T16:27:00,2026-08-08T15:49:00
SHP-101380,ORD-101380,DC-15,BOOKED,Carrier-D,2026-08-08T16:00:00,2026-08-08T16:24:00
SHP-101381,ORD-101381,DC-07,PLANNED,Carrier-B,2026-08-08T18:48:00,2026-08-08T17:35:00
SHP-101382,ORD-101382,DC-03,LOADED,Carrier-A,2026-08-08T17:40:00,2026-08-08T16:28:00
SHP-101383,ORD-101383,DC-02,LOADED,Carrier-C,2026-08-08T15:47:00,2026-08-08T16:03:00
SHP-101384,ORD-101384,DC-05,AT_DOCK,Carrier-D,2026-08-08T18:27:00,2026-08-08T17:12:00
SHP-101385,ORD-101385,DC-09,AT_DOCK,Carrier-C,2026-08-08T16:05:00,2026-08-08T16:39:00
SHP-101386,ORD-101386,DC-17,AT_DOCK,Carrier-C,2026-08-08T15:55:00,2026-08-08T16:09:00
SHP-101387,ORD-101387,DC-01,AT_DOCK,Carrier-B,2026-08-08T16:40:00,2026-08-08T16:49:00
SHP-101388,ORD-101388,DC-07,AT_DOCK,Carrier-B,2026-08-08T18:15:00,2026-08-08T17:37:00
SHP-101389,ORD-101389,DC-02,LOADED,Carrier-B,2026-08-08T16:27:00,2026-08-08T16:39:00
SHP-101390,ORD-101390,DC-14,PLANNED,Carrier-B,2026-08-08T18:39:00,2026-08-08T17:34:00
SHP-101391,ORD-101391,DC-13,LOADED,Carrier-B,2026-08-08T16:50:00,2026-08-08T17:11:00
SHP-101392,ORD-101392,DC-16,AT_DOCK,Carrier-B,2026-08-08T16:34:00,2026-08-08T16:41:00
SHP-101393,ORD-101393,DC-07,AT_DOCK,Carrier-C,2026-08-08T18:57:00,2026-08-08T18:41:00
SHP-101394,ORD-101394,DC-11,PLANNED,Carrier-B,2026-08-08T19:30:00,2026-08-08T18:58:00
SHP-101395,ORD-101395,DC-17,DEPARTED,Carrier-C,2026-08-08T19:35:00,2026-08-08T18:43:00
SHP-101396,ORD-101396,DC-18,DEPARTED,Carrier-C,2026-08-08T18:25:00,2026-08-08T18:56:00
SHP-101397,ORD-101397,DC-14,LOADED,Carrier-A,2026-08-08T19:07:00,2026-08-08T17:48:00
SHP-101398,ORD-101398,DC-05,DEPARTED,Carrier-A,2026-08-08T17:36:00,2026-08-08T17:56:00
SHP-101399,ORD-101399,DC-15,DELAYED,Carrier-D,2026-08-08T19:26:00,2026-08-08T18:00:00
SHP-101400,ORD-101400,DC-04,AT_DOCK,Carrier-B,2026-08-08T18:27:00,2026-08-08T19:11:00
SHP-101401,ORD-101401,DC-07,BOOKED,Carrier-C,2026-08-08T19:49:00,2026-08-08T20:13:00
SHP-101402,ORD-101402,DC-07,DEPARTED,Carrier-D,2026-08-08T21:54:00,2026-08-08T20:29:00
SHP-101403,ORD-101403,DC-10,DEPARTED,Carrier-B,2026-08-08T19:56:00,2026-08-08T20:07:00
SHP-101404,ORD-101404,DC-04,PLANNED,Carrier-B,2026-08-08T20:28:00,2026-08-08T20:43:00
SHP-101405,ORD-101405,DC-09,PLANNED,Carrier-A,2026-08-08T18:56:00,2026-08-08T19:29:00
SHP-101406,ORD-101406,DC-11,AT_DOCK,Carrier-B,2026-08-08T21:21:00,2026-08-08T20:10:00
SHP-101407,ORD-101407,DC-18,DELAYED,Carrier-C,2026-08-08T19:55:00,2026-08-08T19:17:00
SHP-101408,ORD-101408,DC-18,LOADED,Carrier-A,2026-08-08T21:43:00,2026-08-08T20:58:00
SHP-101409,ORD-101409,DC-15,PLANNED,Carrier-B,2026-08-08T20:22:00,2026-08-08T19:47:00
SHP-101410,ORD-101410,DC-08,LOADED,Carrier-B,2026-08-08T21:01:00,2026-08-08T20:18:00
SHP-101411,ORD-101411,DC-13,PLANNED,Carrier-A,2026-08-08T21:48:00,2026-08-08T20:26:00
SHP-101412,ORD-101412,DC-16,AT_DOCK,Carrier-A,2026-08-08T21:09:00,2026-08-08T21:30:00
SHP-101413,ORD-101413,DC-05,DELAYED,Carrier-C,2026-08-08T22:38:00,2026-08-08T21:47:00
SHP-101414,ORD-101414,DC-10,LOADED,Carrier-D,2026-08-08T21:12:00,2026-08-08T21:41:00
SHP-101415,ORD-101415,DC-06,AT_DOCK,Carrier-A,2026-08-08T21:30:00,2026-08-08T20:34:00
SHP-101416,ORD-101416,DC-12,PLANNED,Carrier-A,2026-08-08T21:32:00,2026-08-08T22:05:00
SHP-101417,ORD-101417,DC-10,LOADED,Carrier-B,2026-08-08T21:46:00,2026-08-08T22:05:00
SHP-101418,ORD-101418,DC-16,DELAYED,Carrier-B,2026-08-08T21:21:00,2026-08-08T21:12:00
SHP-101419,ORD-101419,DC-14,LOADED,Carrier-B,2026-08-08T21:12:00,2026-08-08T21:31:00
SHP-101420,ORD-101420,DC-12,DELAYED,Carrier-A,2026-08-08T22:40:00,2026-08-08T22:32:00
SHP-101421,ORD-101421,DC-17,LOADED,Carrier-C,2026-08-08T21:21:00,2026-08-08T22:00:00
SHP-101422,ORD-101422,DC-11,AT_DOCK,Carrier-D,2026-08-08T22:15:00,2026-08-08T21:52:00
SHP-101423,ORD-101423,DC-10,PLANNED,Carrier-D,2026-08-09T00:03:00,2026-08-08T22:35:00
SHP-101424,ORD-101424,DC-07,DELAYED,Carrier-D,2026-08-09T00:14:00,2026-08-08T23:43:00
SHP-101425,ORD-101425,DC-02,AT_DOCK,Carrier-D,2026-08-08T23:34:00,2026-08-08T23:01:00
SHP-101426,ORD-101426,DC-02,BOOKED,Carrier-C,2026-08-08T22:21:00,2026-08-08T21:59:00
SHP-101427,ORD-101427,DC-10,LOADED,Carrier-C,2026-08-08T22:54:00,2026-08-08T22:59:00
SHP-101428,ORD-101428,DC-02,AT_DOCK,Carrier-D,2026-08-08T23:43:00,2026-08-08T22:38:00
SHP-101429,ORD-101429,DC-09,BOOKED,Carrier-C,2026-08-08T23:39:00,2026-08-08T23:59:00
SHP-101430,ORD-101430,DC-08,AT_DOCK,Carrier-C,2026-08-08T22:51:00,2026-08-08T22:56:00
SHP-101431,ORD-101431,DC-14,BOOKED,Carrier-C,2026-08-09T01:02:00,2026-08-08T23:48:00
SHP-101432,ORD-101432,DC-11,DELAYED,Carrier-A,2026-08-09T01:10:00,2026-08-09T00:17:00
SHP-101433,ORD-101433,DC-11,DEPARTED,Carrier-B,2026-08-08T23:55:00,2026-08-09T00:22:00
SHP-101434,ORD-101434,DC-09,PLANNED,Carrier-D,2026-08-09T00:25:00,2026-08-09T00:03:00
SHP-101435,ORD-101435,DC-07,LOADED,Carrier-C,2026-08-09T00:12:00,2026-08-08T23:30:00
SHP-101436,ORD-101436,DC-10,AT_DOCK,Carrier-A,2026-08-08T23:21:00,2026-08-08T23:47:00
SHP-101437,ORD-101437,DC-17,AT_DOCK,Carrier-B,2026-08-09T01:22:00,2026-08-09T00:56:00
SHP-101438,ORD-101438,DC-04,LOADED,Carrier-D,2026-08-09T01:51:00,2026-08-09T00:31:00
SHP-101439,ORD-101439,DC-13,DEPARTED,Carrier-D,2026-08-09T00:57:00,2026-08-08T23:53:00
SHP-101440,ORD-101440,DC-09,DEPARTED,Carrier-B,2026-08-09T01:19:00,2026-08-09T00:09:00
SHP-101441,ORD-101441,DC-02,DELAYED,Carrier-C,2026-08-09T01:28:00,2026-08-09T00:58:00
SHP-101442,ORD-101442,DC-16,BOOKED,Carrier-B,2026-08-09T02:35:00,2026-08-09T01:27:00
SHP-101443,ORD-101443,DC-09,LOADED,Carrier-C,2026-08-09T02:46:00,2026-08-09T01:44:00
SHP-101444,ORD-101444,DC-14,BOOKED,Carrier-D,2026-08-09T00:56:00,2026-08-09T00:49:00
SHP-101445,ORD-101445,DC-08,DEPARTED,Carrier-B,2026-08-09T01:12:00,2026-08-09T01:52:00
SHP-101446,ORD-101446,DC-07,BOOKED,Carrier-D,2026-08-09T01:27:00,2026-08-09T01:04:00
SHP-101447,ORD-101447,DC-04,AT_DOCK,Carrier-A,2026-08-09T00:12:00,2026-08-09T00:57:00
SHP-101448,ORD-101448,DC-18,BOOKED,Carrier-B,2026-08-09T03:03:00,2026-08-09T02:13:00
SHP-101449,ORD-101449,DC-12,DELAYED,Carrier-B,2026-08-09T01:11:00,2026-08-09T00:48:00
SHP-101450,ORD-101450,DC-09,BOOKED,Carrier-B,2026-08-09T00:35:00,2026-08-09T01:17:00
SHP-101451,ORD-101451,DC-11,DELAYED,Carrier-B,2026-08-09T02:13:00,2026-08-09T02:50:00
SHP-101452,ORD-101452,DC-15,DELAYED,Carrier-B,2026-08-09T01:28:00,2026-08-09T01:18:00
SHP-101453,ORD-101453,DC-08,DEPARTED,Carrier-A,2026-08-09T03:00:00,2026-08-09T02:05:00
SHP-101454,ORD-101454,DC-06,PLANNED,Carrier-A,2026-08-09T02:53:00,2026-08-09T02:35:00
SHP-101455,ORD-101455,DC-10,LOADED,Carrier-B,2026-08-09T02:40:00,2026-08-09T03:05:00
SHP-101456,ORD-101456,DC-12,PLANNED,Carrier-D,2026-08-09T02:37:00,2026-08-09T02:25:00
SHP-101457,ORD-101457,DC-09,DELAYED,Carrier-A,2026-08-09T03:11:00,2026-08-09T03:05:00
SHP-101458,ORD-101458,DC-09,DEPARTED,Carrier-D,2026-08-09T01:23:00,2026-08-09T02:01:00
SHP-101459,ORD-101459,DC-13,PLANNED,Carrier-B,2026-08-09T02:05:00,2026-08-09T02:16:00
SHP-101460,ORD-101460,DC-09,DELAYED,Carrier-D,2026-08-09T02:54:00,2026-08-09T03:15:00
SHP-101461,ORD-101461,DC-03,DEPARTED,Carrier-B,2026-08-09T03:32:00,2026-08-09T02:53:00
SHP-101462,ORD-101462,DC-09,AT_DOCK,Carrier-B,2026-08-09T01:52:00,2026-08-09T02:35:00
SHP-101463,ORD-101463,DC-16,LOADED,Carrier-D,2026-08-09T04:13:00,2026-08-09T04:19:00
SHP-101464,ORD-101464,DC-09,BOOKED,Carrier-B,2026-08-09T02:13:00,2026-08-09T02:44:00
SHP-101465,ORD-101465,DC-02,PLANNED,Carrier-B,2026-08-09T02:37:00,2026-08-09T03:05:00
SHP-101466,ORD-101466,DC-10,PLANNED,Carrier-B,2026-08-09T01:59:00,2026-08-09T02:44:00
SHP-101467,ORD-101467,DC-02,BOOKED,Carrier-B,2026-08-09T05:20:00,2026-08-09T04:04:00
SHP-101468,ORD-101468,DC-03,BOOKED,Carrier-A,2026-08-09T03:15:00,2026-08-09T03:03:00
SHP-101469,ORD-101469,DC-08,AT_DOCK,Carrier-B,2026-08-09T02:39:00,2026-08-09T03:04:00
SHP-101470,ORD-101470,DC-01,PLANNED,Carrier-D,2026-08-09T04:46:00,2026-08-09T04:29:00
SHP-101471,ORD-101471,DC-06,AT_DOCK,Carrier-C,2026-08-09T03:57:00,2026-08-09T03:46:00
SHP-101472,ORD-101472,DC-04,DEPARTED,Carrier-C,2026-08-09T04:29:00,2026-08-09T04:04:00
SHP-101473,ORD-101473,DC-08,BOOKED,Carrier-B,2026-08-09T05:12:00,2026-08-09T05:17:00
SHP-101474,ORD-101474,DC-03,BOOKED,Carrier-A,2026-08-09T04:14:00,2026-08-09T03:25:00
SHP-101475,ORD-101475,DC-17,DELAYED,Carrier-A,2026-08-09T03:07:00,2026-08-09T03:44:00
SHP-101476,ORD-101476,DC-09,PLANNED,Carrier-D,2026-08-09T05:48:00,2026-08-09T04:56:00
SHP-101477,ORD-101477,DC-18,BOOKED,Carrier-D,2026-08-09T05:15:00,2026-08-09T04:09:00
SHP-101478,ORD-101478,DC-01,PLANNED,Carrier-D,2026-08-09T07:05:00,2026-08-09T05:43:00
SHP-101479,ORD-101479,DC-01,LOADED,Carrier-B,2026-08-09T04:49:00,2026-08-09T03:54:00
SHP-101480,ORD-101480,DC-14,BOOKED,Carrier-A,2026-08-09T04:57:00,2026-08-09T05:27:00
SHP-101481,ORD-101481,DC-18,DEPARTED,Carrier-C,2026-08-09T03:26:00,2026-08-09T04:10:00
SHP-101482,ORD-101482,DC-16,DEPARTED,Carrier-A,2026-08-09T03:42:00,2026-08-09T04:08:00
SHP-101483,ORD-101483,DC-06,PLANNED,Carrier-C,2026-08-09T06:09:00,2026-08-09T04:50:00
SHP-101484,ORD-101484,DC-10,LOADED,Carrier-C,2026-08-09T06:53:00,2026-08-09T06:15:00
SHP-101485,ORD-101485,DC-17,LOADED,Carrier-B,2026-08-09T06:36:00,2026-08-09T05:47:00
SHP-101486,ORD-101486,DC-03,DELAYED,Carrier-B,2026-08-09T05:57:00,2026-08-09T05:37:00
SHP-101487,ORD-101487,DC-03,LOADED,Carrier-D,2026-08-09T06:31:00,2026-08-09T06:18:00
SHP-101488,ORD-101488,DC-04,PLANNED,Carrier-B,2026-08-09T06:01:00,2026-08-09T06:29:00
SHP-101489,ORD-101489,DC-03,AT_DOCK,Carrier-D,2026-08-09T05:12:00,2026-08-09T04:52:00
SHP-101490,ORD-101490,DC-14,DELAYED,Carrier-D,2026-08-09T06:29:00,2026-08-09T05:54:00
SHP-101491,ORD-101491,DC-13,LOADED,Carrier-B,2026-08-09T06:19:00,2026-08-09T06:55:00
SHP-101492,ORD-101492,DC-03,BOOKED,Carrier-D,2026-08-09T06:17:00,2026-08-09T06:08:00
SHP-101493,ORD-101493,DC-13,DELAYED,Carrier-B,2026-08-09T06:27:00,2026-08-09T06:59:00
SHP-101494,ORD-101494,DC-16,LOADED,Carrier-D,2026-08-09T05:21:00,2026-08-09T05:33:00
SHP-101495,ORD-101495,DC-15,AT_DOCK,Carrier-D,2026-08-09T07:30:00,2026-08-09T07:08:00
SHP-101496,ORD-101496,DC-09,DELAYED,Carrier-A,2026-08-09T07:57:00,2026-08-09T07:33:00
SHP-101497,ORD-101497,DC-15,PLANNED,Carrier-A,2026-08-09T05:29:00,2026-08-09T05:55:00
SHP-101498,ORD-101498,DC-14,AT_DOCK,Carrier-A,2026-08-09T08:15:00,2026-08-09T07:31:00
SHP-101499,ORD-101499,DC-03,BOOKED,Carrier-A,2026-08-09T08:15:00,2026-08-09T07:41:00
SHP-101500,ORD-101500,DC-08,PLANNED,Carrier-A,2026-08-09T06:23:00,2026-08-09T06:54:00
SHP-101501,ORD-101501,DC-11,DEPARTED,Carrier-C,2026-08-09T07:39:00,2026-08-09T06:31:00
SHP-101502,ORD-101502,DC-11,PLANNED,Carrier-A,2026-08-09T07:40:00,2026-08-09T06:54:00
SHP-101503,ORD-101503,DC-10,PLANNED,Carrier-B,2026-08-09T05:50:00,2026-08-09T06:33:00
SHP-101504,ORD-101504,DC-17,DELAYED,Carrier-D,2026-08-09T06:02:00,2026-08-09T06:33:00
SHP-101505,ORD-101505,DC-03,DEPARTED,Carrier-C,2026-08-09T08:08:00,2026-08-09T07:11:00
SHP-101506,ORD-101506,DC-03,LOADED,Carrier-D,2026-08-09T08:42:00,2026-08-09T07:58:00
SHP-101507,ORD-101507,DC-06,DELAYED,Carrier-D,2026-08-09T08:20:00,2026-08-09T08:00:00
SHP-101508,ORD-101508,DC-06,DEPARTED,Carrier-B,2026-08-09T08:55:00,2026-08-09T08:03:00
SHP-101509,ORD-101509,DC-15,DELAYED,Carrier-D,2026-08-09T07:56:00,2026-08-09T08:24:00
SHP-101510,ORD-101510,DC-01,DEPARTED,Carrier-B,2026-08-09T06:55:00,2026-08-09T07:17:00
SHP-101511,ORD-101511,DC-18,DEPARTED,Carrier-A,2026-08-09T09:03:00,2026-08-09T09:22:00
SHP-101512,ORD-101512,DC-04,AT_DOCK,Carrier-C,2026-08-09T09:24:00,2026-08-09T08:36:00
SHP-101513,ORD-101513,DC-02,PLANNED,Carrier-D,2026-08-09T09:14:00,2026-08-09T08:55:00
SHP-101514,ORD-101514,DC-10,DELAYED,Carrier-D,2026-08-09T09:23:00,2026-08-09T08:18:00
SHP-101515,ORD-101515,DC-13,AT_DOCK,Carrier-B,2026-08-09T09:56:00,2026-08-09T09:45:00
SHP-101516,ORD-101516,DC-10,PLANNED,Carrier-D,2026-08-09T09:24:00,2026-08-09T08:50:00
SHP-101517,ORD-101517,DC-09,DELAYED,Carrier-C,2026-08-09T09:54:00,2026-08-09T09:14:00
SHP-101518,ORD-101518,DC-08,DEPARTED,Carrier-D,2026-08-09T10:09:00,2026-08-09T09:54:00
SHP-101519,ORD-101519,DC-05,BOOKED,Carrier-B,2026-08-09T09:03:00,2026-08-09T09:38:00
SHP-101520,ORD-101520,DC-12,DELAYED,Carrier-A,2026-08-09T08:11:00,2026-08-09T08:36:00
SHP-101521,ORD-101521,DC-10,DEPARTED,Carrier-C,2026-08-09T10:17:00,2026-08-09T08:54:00
SHP-101522,ORD-101522,DC-12,BOOKED,Carrier-B,2026-08-09T09:56:00,2026-08-09T09:46:00
SHP-101523,ORD-101523,DC-17,DELAYED,Carrier-A,2026-08-09T09:41:00,2026-08-09T09:59:00
SHP-101524,ORD-101524,DC-16,LOADED,Carrier-A,2026-08-09T09:05:00,2026-08-09T09:32:00
SHP-101525,ORD-101525,DC-11,PLANNED,Carrier-D,2026-08-09T11:18:00,2026-08-09T09:54:00
SHP-101526,ORD-101526,DC-05,LOADED,Carrier-C,2026-08-09T10:32:00,2026-08-09T10:54:00
SHP-101527,ORD-101527,DC-05,PLANNED,Carrier-A,2026-08-09T09:53:00,2026-08-09T10:33:00
SHP-101528,ORD-101528,DC-17,DELAYED,Carrier-D,2026-08-09T11:11:00,2026-08-09T10:45:00
SHP-101529,ORD-101529,DC-18,BOOKED,Carrier-A,2026-08-09T10:46:00,2026-08-09T09:48:00
SHP-101530,ORD-101530,DC-06,PLANNED,Carrier-D,2026-08-09T11:02:00,2026-08-09T10:18:00
SHP-101531,ORD-101531,DC-17,LOADED,Carrier-B,2026-08-09T10:00:00,2026-08-09T09:49:00
SHP-101532,ORD-101532,DC-15,BOOKED,Carrier-C,2026-08-09T12:03:00,2026-08-09T11:19:00
SHP-101533,ORD-101533,DC-04,DEPARTED,Carrier-B,2026-08-09T09:59:00,2026-08-09T10:35:00
SHP-101534,ORD-101534,DC-05,DEPARTED,Carrier-C,2026-08-09T10:31:00,2026-08-09T11:04:00
SHP-101535,ORD-101535,DC-03,BOOKED,Carrier-B,2026-08-09T12:32:00,2026-08-09T11:37:00
SHP-101536,ORD-101536,DC-16,BOOKED,Carrier-A,2026-08-09T10:42:00,2026-08-09T09:59:00
SHP-101537,ORD-101537,DC-07,DEPARTED,Carrier-D,2026-08-09T09:50:00,2026-08-09T10:34:00
SHP-101538,ORD-101538,DC-09,DEPARTED,Carrier-B,2026-08-09T11:18:00,2026-08-09T10:31:00
SHP-101539,ORD-101539,DC-07,DEPARTED,Carrier-C,2026-08-09T13:27:00,2026-08-09T12:14:00
SHP-101540,ORD-101540,DC-11,DELAYED,Carrier-C,2026-08-09T11:27:00,2026-08-09T12:09:00
SHP-101541,ORD-101541,DC-04,PLANNED,Carrier-A,2026-08-09T12:54:00,2026-08-09T12:25:00
SHP-101542,ORD-101542,DC-16,DELAYED,Carrier-A,2026-08-09T13:15:00,2026-08-09T12:46:00
SHP-101543,ORD-101543,DC-06,LOADED,Carrier-A,2026-08-09T13:14:00,2026-08-09T11:57:00
SHP-101544,ORD-101544,DC-05,DELAYED,Carrier-C,2026-08-09T12:26:00,2026-08-09T11:58:00
SHP-101545,ORD-101545,DC-02,LOADED,Carrier-C,2026-08-09T13:03:00,2026-08-09T11:57:00
SHP-101546,ORD-101546,DC-11,LOADED,Carrier-C,2026-08-09T13:28:00,2026-08-09T12:41:00
SHP-101547,ORD-101547,DC-18,AT_DOCK,Carrier-D,2026-08-09T12:04:00,2026-08-09T12:24:00
SHP-101548,ORD-101548,DC-06,LOADED,Carrier-D,2026-08-09T13:20:00,2026-08-09T12:22:00
SHP-101549,ORD-101549,DC-10,DEPARTED,Carrier-D,2026-08-09T14:32:00,2026-08-09T13:09:00
SHP-101550,ORD-101550,DC-15,LOADED,Carrier-A,2026-08-09T13:08:00,2026-08-09T12:38:00
SHP-101551,ORD-101551,DC-12,AT_DOCK,Carrier-D,2026-08-09T13:16:00,2026-08-09T12:18:00
SHP-101552,ORD-101552,DC-15,LOADED,Carrier-A,2026-08-09T12:14:00,2026-08-09T12:29:00
SHP-101553,ORD-101553,DC-18,LOADED,Carrier-A,2026-08-09T14:05:00,2026-08-09T12:46:00
SHP-101554,ORD-101554,DC-08,AT_DOCK,Carrier-C,2026-08-09T12:24:00,2026-08-09T13:00:00
SHP-101555,ORD-101555,DC-13,BOOKED,Carrier-B,2026-08-09T13:26:00,2026-08-09T12:38:00
SHP-101556,ORD-101556,DC-13,PLANNED,Carrier-D,2026-08-09T12:52:00,2026-08-09T12:39:00
SHP-101557,ORD-101557,DC-15,PLANNED,Carrier-B,2026-08-09T12:54:00,2026-08-09T13:05:00
SHP-101558,ORD-101558,DC-03,PLANNED,Carrier-D,2026-08-09T14:17:00,2026-08-09T13:44:00
SHP-101559,ORD-101559,DC-18,LOADED,Carrier-B,2026-08-09T12:53:00,2026-08-09T13:00:00
SHP-101560,ORD-101560,DC-08,AT_DOCK,Carrier-C,2026-08-09T13:47:00,2026-08-09T12:22:00
SHP-101561,ORD-101561,DC-17,LOADED,Carrier-B,2026-08-09T15:01:00,2026-08-09T13:37:00
SHP-101562,ORD-101562,DC-13,DEPARTED,Carrier-B,2026-08-09T13:33:00,2026-08-09T14:07:00
SHP-101563,ORD-101563,DC-01,LOADED,Carrier-A,2026-08-09T15:10:00,2026-08-09T13:40:00
SHP-101564,ORD-101564,DC-05,BOOKED,Carrier-D,2026-08-09T14:03:00,2026-08-09T12:56:00
SHP-101565,ORD-101565,DC-18,AT_DOCK,Carrier-D,2026-08-09T14:00:00,2026-08-09T14:10:00
SHP-101566,ORD-101566,DC-14,AT_DOCK,Carrier-D,2026-08-09T14:22:00,2026-08-09T14:43:00
SHP-101567,ORD-101567,DC-09,PLANNED,Carrier-B,2026-08-09T15:31:00,2026-08-09T14:33:00
SHP-101568,ORD-101568,DC-16,DEPARTED,Carrier-D,2026-08-09T14:52:00,2026-08-09T14:18:00
SHP-101569,ORD-101569,DC-15,DEPARTED,Carrier-A,2026-08-09T16:13:00,2026-08-09T15:03:00
SHP-101570,ORD-101570,DC-14,BOOKED,Carrier-D,2026-08-09T15:57:00,2026-08-09T14:48:00
SHP-101571,ORD-101571,DC-15,PLANNED,Carrier-C,2026-08-09T16:27:00,2026-08-09T15:25:00
SHP-101572,ORD-101572,DC-07,BOOKED,Carrier-A,2026-08-09T15:21:00,2026-08-09T15:59:00
SHP-101573,ORD-101573,DC-04,PLANNED,Carrier-B,2026-08-09T17:11:00,2026-08-09T16:30:00
SHP-101574,ORD-101574,DC-08,AT_DOCK,Carrier-D,2026-08-09T16:21:00,2026-08-09T16:33:00
SHP-101575,ORD-101575,DC-13,BOOKED,Carrier-A,2026-08-09T16:19:00,2026-08-09T15:02:00
SHP-101576,ORD-101576,DC-16,DEPARTED,Carrier-D,2026-08-09T16:53:00,2026-08-09T15:40:00
SHP-101577,ORD-101577,DC-10,DELAYED,Carrier-B,2026-08-09T16:24:00,2026-08-09T16:46:00
SHP-101578,ORD-101578,DC-09,PLANNED,Carrier-B,2026-08-09T17:41:00,2026-08-09T16:34:00
SHP-101579,ORD-101579,DC-15,PLANNED,Carrier-C,2026-08-09T18:11:00,2026-08-09T17:16:00
SHP-101580,ORD-101580,DC-06,DELAYED,Carrier-D,2026-08-09T16:24:00,2026-08-09T16:05:00
SHP-101581,ORD-101581,DC-13,DELAYED,Carrier-A,2026-08-09T17:54:00,2026-08-09T18:03:00
SHP-101582,ORD-101582,DC-03,DELAYED,Carrier-C,2026-08-09T19:29:00,2026-08-09T18:12:00
SHP-101583,ORD-101583,DC-15,PLANNED,Carrier-D,2026-08-09T19:07:00,2026-08-09T18:17:00
SHP-101584,ORD-101584,DC-11,BOOKED,Carrier-B,2026-08-09T17:14:00,2026-08-09T17:28:00
SHP-101585,ORD-101585,DC-02,LOADED,Carrier-C,2026-08-09T19:22:00,2026-08-09T17:59:00
SHP-101586,ORD-101586,DC-07,BOOKED,Carrier-D,2026-08-09T17:31:00,2026-08-09T18:10:00
SHP-101587,ORD-101587,DC-04,LOADED,Carrier-B,2026-08-09T19:22:00,2026-08-09T18:21:00
SHP-101588,ORD-101588,DC-03,DEPARTED,Carrier-A,2026-08-09T19:05:00,2026-08-09T18:12:00
SHP-101589,ORD-101589,DC-14,AT_DOCK,Carrier-D,2026-08-09T18:38:00,2026-08-09T18:55:00
SHP-101590,ORD-101590,DC-04,DELAYED,Carrier-A,2026-08-09T18:04:00,2026-08-09T18:29:00
SHP-101591,ORD-101591,DC-04,DEPARTED,Carrier-C,2026-08-09T17:15:00,2026-08-09T17:58:00
SHP-101592,ORD-101592,DC-02,LOADED,Carrier-A,2026-08-09T16:58:00,2026-08-09T17:36:00
SHP-101593,ORD-101593,DC-07,LOADED,Carrier-B,2026-08-09T18:53:00,2026-08-09T18:27:00
SHP-101594,ORD-101594,DC-16,DELAYED,Carrier-C,2026-08-09T19:31:00,2026-08-09T18:10:00
SHP-101595,ORD-101595,DC-04,AT_DOCK,Carrier-B,2026-08-09T19:24:00,2026-08-09T18:43:00
SHP-101596,ORD-101596,DC-06,AT_DOCK,Carrier-B,2026-08-09T17:13:00,2026-08-09T17:43:00
SHP-101597,ORD-101597,DC-05,PLANNED,Carrier-D,2026-08-09T17:49:00,2026-08-09T18:04:00
SHP-101598,ORD-101598,DC-16,DEPARTED,Carrier-D,2026-08-09T17:12:00,2026-08-09T17:51:00
SHP-101599,ORD-101599,DC-16,PLANNED,Carrier-D,2026-08-09T19:07:00,2026-08-09T18:24:00
SHP-101600,ORD-101600,DC-08,PLANNED,Carrier-B,2026-08-09T19:32:00,2026-08-09T18:31:00
SHP-101601,ORD-101601,DC-13,AT_DOCK,Carrier-C,2026-08-09T17:50:00,2026-08-09T18:22:00
SHP-101602,ORD-101602,DC-17,AT_DOCK,Carrier-C,2026-08-09T18:05:00,2026-08-09T18:11:00
SHP-101603,ORD-101603,DC-13,AT_DOCK,Carrier-C,2026-08-09T18:30:00,2026-08-09T18:35:00
SHP-101604,ORD-101604,DC-17,DEPARTED,Carrier-C,2026-08-09T18:16:00,2026-08-09T18:29:00
SHP-101605,ORD-101605,DC-16,BOOKED,Carrier-D,2026-08-09T20:57:00,2026-08-09T19:50:00
SHP-101606,ORD-101606,DC-11,AT_DOCK,Carrier-B,2026-08-09T19:32:00,2026-08-09T18:46:00
SHP-101607,ORD-101607,DC-16,DELAYED,Carrier-C,2026-08-09T20:21:00,2026-08-09T19:12:00
SHP-101608,ORD-101608,DC-18,DELAYED,Carrier-D,2026-08-09T20:19:00,2026-08-09T19:10:00
SHP-101609,ORD-101609,DC-13,BOOKED,Carrier-C,2026-08-09T20:28:00,2026-08-09T19:41:00
SHP-101610,ORD-101610,DC-06,PLANNED,Carrier-D,2026-08-09T21:33:00,2026-08-09T20:29:00
SHP-101611,ORD-101611,DC-08,DELAYED,Carrier-B,2026-08-09T20:24:00,2026-08-09T20:00:00
SHP-101612,ORD-101612,DC-09,PLANNED,Carrier-B,2026-08-09T19:36:00,2026-08-09T19:42:00
SHP-101613,ORD-101613,DC-06,DELAYED,Carrier-C,2026-08-09T20:31:00,2026-08-09T20:40:00
SHP-101614,ORD-101614,DC-17,DEPARTED,Carrier-A,2026-08-09T19:35:00,2026-08-09T19:56:00
SHP-101615,ORD-101615,DC-17,PLANNED,Carrier-B,2026-08-09T22:41:00,2026-08-09T21:25:00
SHP-101616,ORD-101616,DC-09,PLANNED,Carrier-B,2026-08-09T21:48:00,2026-08-09T21:09:00
SHP-101617,ORD-101617,DC-02,LOADED,Carrier-D,2026-08-09T20:47:00,2026-08-09T20:02:00
SHP-101618,ORD-101618,DC-09,AT_DOCK,Carrier-C,2026-08-09T19:37:00,2026-08-09T19:44:00
SHP-101619,ORD-101619,DC-06,DELAYED,Carrier-B,2026-08-09T22:39:00,2026-08-09T21:15:00
SHP-101620,ORD-101620,DC-04,DELAYED,Carrier-B,2026-08-09T20:54:00,2026-08-09T20:44:00
SHP-101621,ORD-101621,DC-14,BOOKED,Carrier-D,2026-08-09T21:00:00,2026-08-09T21:28:00
SHP-101622,ORD-101622,DC-10,PLANNED,Carrier-D,2026-08-09T22:48:00,2026-08-09T21:48:00
SHP-101623,ORD-101623,DC-06,LOADED,Carrier-B,2026-08-09T20:52:00,2026-08-09T21:22:00
SHP-101624,ORD-101624,DC-02,DELAYED,Carrier-D,2026-08-09T22:21:00,2026-08-09T22:09:00
SHP-101625,ORD-101625,DC-07,AT_DOCK,Carrier-A,2026-08-09T22:58:00,2026-08-09T21:30:00
SHP-101626,ORD-101626,DC-09,PLANNED,Carrier-C,2026-08-09T21:35:00,2026-08-09T21:25:00
SHP-101627,ORD-101627,DC-13,PLANNED,Carrier-D,2026-08-09T21:53:00,2026-08-09T22:00:00
SHP-101628,ORD-101628,DC-06,DELAYED,Carrier-B,2026-08-09T21:46:00,2026-08-09T22:03:00
SHP-101629,ORD-101629,DC-16,LOADED,Carrier-D,2026-08-09T23:10:00,2026-08-09T22:52:00
SHP-101630,ORD-101630,DC-14,DEPARTED,Carrier-D,2026-08-09T23:04:00,2026-08-09T22:57:00
SHP-101631,ORD-101631,DC-01,DEPARTED,Carrier-D,2026-08-09T22:30:00,2026-08-09T22:24:00
SHP-101632,ORD-101632,DC-17,DELAYED,Carrier-D,2026-08-09T22:14:00,2026-08-09T22:38:00
SHP-101633,ORD-101633,DC-09,PLANNED,Carrier-B,2026-08-09T23:48:00,2026-08-09T22:19:00
SHP-101634,ORD-101634,DC-01,PLANNED,Carrier-B,2026-08-09T21:40:00,2026-08-09T21:52:00
SHP-101635,ORD-101635,DC-12,BOOKED,Carrier-D,2026-08-10T00:42:00,2026-08-09T23:27:00
SHP-101636,ORD-101636,DC-13,BOOKED,Carrier-A,2026-08-09T23:22:00,2026-08-09T23:12:00
SHP-101637,ORD-101637,DC-03,AT_DOCK,Carrier-D,2026-08-09T23:59:00,2026-08-09T23:05:00
SHP-101638,ORD-101638,DC-07,BOOKED,Carrier-A,2026-08-09T21:59:00,2026-08-09T22:40:00
SHP-101639,ORD-101639,DC-02,DELAYED,Carrier-A,2026-08-09T23:01:00,2026-08-09T23:11:00
SHP-101640,ORD-101640,DC-12,AT_DOCK,Carrier-C,2026-08-09T22:42:00,2026-08-09T22:14:00
SHP-101641,ORD-101641,DC-06,LOADED,Carrier-B,2026-08-10T00:36:00,2026-08-10T00:05:00
SHP-101642,ORD-101642,DC-18,AT_DOCK,Carrier-B,2026-08-09T23:25:00,2026-08-09T22:28:00
SHP-101643,ORD-101643,DC-11,AT_DOCK,Carrier-D,2026-08-09T23:54:00,2026-08-09T22:59:00
SHP-101644,ORD-101644,DC-15,BOOKED,Carrier-C,2026-08-09T23:14:00,2026-08-09T23:38:00
SHP-101645,ORD-101645,DC-16,BOOKED,Carrier-B,2026-08-10T00:58:00,2026-08-09T23:55:00
SHP-101646,ORD-101646,DC-01,BOOKED,Carrier-C,2026-08-09T23:16:00,2026-08-09T23:44:00
SHP-101647,ORD-101647,DC-07,DELAYED,Carrier-D,2026-08-10T00:10:00,2026-08-10T00:47:00
SHP-101648,ORD-101648,DC-18,DELAYED,Carrier-C,2026-08-09T23:27:00,2026-08-10T00:00:00
SHP-101649,ORD-101649,DC-01,DEPARTED,Carrier-C,2026-08-09T22:59:00,2026-08-09T23:33:00
SHP-101650,ORD-101650,DC-04,DELAYED,Carrier-C,2026-08-09T22:30:00,2026-08-09T23:10:00
SHP-101651,ORD-101651,DC-10,PLANNED,Carrier-A,2026-08-10T00:56:00,2026-08-10T01:06:00
SHP-101652,ORD-101652,DC-17,DELAYED,Carrier-D,2026-08-10T01:16:00,2026-08-10T00:59:00
SHP-101653,ORD-101653,DC-05,BOOKED,Carrier-D,2026-08-10T01:09:00,2026-08-10T01:16:00
SHP-101654,ORD-101654,DC-03,LOADED,Carrier-D,2026-08-09T23:30:00,2026-08-09T23:58:00
SHP-101655,ORD-101655,DC-16,BOOKED,Carrier-C,2026-08-10T00:59:00,2026-08-10T00:18:00
SHP-101656,ORD-101656,DC-12,PLANNED,Carrier-A,2026-08-09T23:16:00,2026-08-09T23:58:00
SHP-101657,ORD-101657,DC-06,PLANNED,Carrier-A,2026-08-10T00:59:00,2026-08-10T01:37:00
SHP-101658,ORD-101658,DC-17,PLANNED,Carrier-D,2026-08-10T01:22:00,2026-08-10T01:35:00
SHP-101659,ORD-101659,DC-03,AT_DOCK,Carrier-A,2026-08-10T03:27:00,2026-08-10T02:05:00
SHP-101660,ORD-101660,DC-14,BOOKED,Carrier-A,2026-08-10T01:17:00,2026-08-10T01:53:00
SHP-101661,ORD-101661,DC-15,DELAYED,Carrier-C,2026-08-10T01:40:00,2026-08-10T01:30:00
SHP-101662,ORD-101662,DC-11,BOOKED,Carrier-B,2026-08-10T01:52:00,2026-08-10T02:14:00
SHP-101663,ORD-101663,DC-12,LOADED,Carrier-A,2026-08-10T02:34:00,2026-08-10T01:44:00
SHP-101664,ORD-101664,DC-11,PLANNED,Carrier-D,2026-08-10T02:57:00,2026-08-10T02:22:00
SHP-101665,ORD-101665,DC-02,PLANNED,Carrier-D,2026-08-10T03:14:00,2026-08-10T01:50:00
SHP-101666,ORD-101666,DC-08,DELAYED,Carrier-A,2026-08-10T04:24:00,2026-08-10T03:17:00
SHP-101667,ORD-101667,DC-13,AT_DOCK,Carrier-B,2026-08-10T03:07:00,2026-08-10T01:55:00
SHP-101668,ORD-101668,DC-12,LOADED,Carrier-B,2026-08-10T02:57:00,2026-08-10T02:14:00
SHP-101669,ORD-101669,DC-16,DEPARTED,Carrier-B,2026-08-10T03:57:00,2026-08-10T02:33:00
SHP-101670,ORD-101670,DC-18,AT_DOCK,Carrier-B,2026-08-10T02:35:00,2026-08-10T03:13:00
SHP-101671,ORD-101671,DC-03,PLANNED,Carrier-A,2026-08-10T02:32:00,2026-08-10T02:21:00
SHP-101672,ORD-101672,DC-08,BOOKED,Carrier-C,2026-08-10T04:59:00,2026-08-10T03:30:00
SHP-101673,ORD-101673,DC-08,BOOKED,Carrier-C,2026-08-10T03:56:00,2026-08-10T02:46:00
SHP-101674,ORD-101674,DC-18,BOOKED,Carrier-C,2026-08-10T02:54:00,2026-08-10T03:12:00
SHP-101675,ORD-101675,DC-01,LOADED,Carrier-A,2026-08-10T04:55:00,2026-08-10T03:39:00
SHP-101676,ORD-101676,DC-17,PLANNED,Carrier-C,2026-08-10T03:41:00,2026-08-10T02:55:00
SHP-101677,ORD-101677,DC-16,BOOKED,Carrier-C,2026-08-10T02:45:00,2026-08-10T02:14:00
SHP-101678,ORD-101678,DC-03,PLANNED,Carrier-C,2026-08-10T03:13:00,2026-08-10T03:07:00
SHP-101679,ORD-101679,DC-07,BOOKED,Carrier-A,2026-08-10T05:11:00,2026-08-10T03:57:00
SHP-101680,ORD-101680,DC-04,DEPARTED,Carrier-B,2026-08-10T02:46:00,2026-08-10T02:38:00
SHP-101681,ORD-101681,DC-17,LOADED,Carrier-C,2026-08-10T03:49:00,2026-08-10T04:34:00
SHP-101682,ORD-101682,DC-02,BOOKED,Carrier-B,2026-08-10T03:36:00,2026-08-10T03:31:00
SHP-101683,ORD-101683,DC-09,DEPARTED,Carrier-B,2026-08-10T04:37:00,2026-08-10T03:55:00
SHP-101684,ORD-101684,DC-18,DEPARTED,Carrier-C,2026-08-10T04:45:00,2026-08-10T04:57:00
SHP-101685,ORD-101685,DC-07,DEPARTED,Carrier-D,2026-08-10T06:41:00,2026-08-10T05:21:00
SHP-101686,ORD-101686,DC-08,AT_DOCK,Carrier-B,2026-08-10T02:56:00,2026-08-10T03:40:00
SHP-101687,ORD-101687,DC-12,PLANNED,Carrier-D,2026-08-10T05:56:00,2026-08-10T04:33:00
SHP-101688,ORD-101688,DC-11,PLANNED,Carrier-C,2026-08-10T05:19:00,2026-08-10T05:27:00
SHP-101689,ORD-101689,DC-15,LOADED,Carrier-A,2026-08-10T03:54:00,2026-08-10T04:36:00
SHP-101690,ORD-101690,DC-01,PLANNED,Carrier-D,2026-08-10T05:36:00,2026-08-10T04:19:00
SHP-101691,ORD-101691,DC-07,AT_DOCK,Carrier-B,2026-08-10T05:01:00,2026-08-10T05:29:00
SHP-101692,ORD-101692,DC-11,DEPARTED,Carrier-C,2026-08-10T05:38:00,2026-08-10T04:12:00
SHP-101693,ORD-101693,DC-03,AT_DOCK,Carrier-B,2026-08-10T03:49:00,2026-08-10T04:34:00
SHP-101694,ORD-101694,DC-07,PLANNED,Carrier-C,2026-08-10T07:13:00,2026-08-10T06:16:00
SHP-101695,ORD-101695,DC-03,LOADED,Carrier-C,2026-08-10T05:06:00,2026-08-10T04:44:00
SHP-101696,ORD-101696,DC-16,DELAYED,Carrier-A,2026-08-10T06:58:00,2026-08-10T05:45:00
SHP-101697,ORD-101697,DC-10,DELAYED,Carrier-D,2026-08-10T06:20:00,2026-08-10T05:28:00
SHP-101698,ORD-101698,DC-07,AT_DOCK,Carrier-A,2026-08-10T06:50:00,2026-08-10T06:37:00
SHP-101699,ORD-101699,DC-02,BOOKED,Carrier-D,2026-08-10T07:13:00,2026-08-10T06:15:00
SHP-101700,ORD-101700,DC-06,LOADED,Carrier-B,2026-08-10T06:41:00,2026-08-10T07:13:00
SHP-101701,ORD-101701,DC-02,DEPARTED,Carrier-C,2026-08-10T07:30:00,2026-08-10T06:40:00
SHP-101702,ORD-101702,DC-14,PLANNED,Carrier-C,2026-08-10T06:57:00,2026-08-10T06:52:00
SHP-101703,ORD-101703,DC-17,DEPARTED,Carrier-A,2026-08-10T06:27:00,2026-08-10T06:59:00
SHP-101704,ORD-101704,DC-11,PLANNED,Carrier-A,2026-08-10T07:34:00,2026-08-10T06:17:00
SHP-101705,ORD-101705,DC-14,DELAYED,Carrier-B,2026-08-10T06:42:00,2026-08-10T06:06:00
SHP-101706,ORD-101706,DC-16,AT_DOCK,Carrier-B,2026-08-10T08:09:00,2026-08-10T06:41:00
SHP-101707,ORD-101707,DC-09,DELAYED,Carrier-D,2026-08-10T07:50:00,2026-08-10T06:29:00
SHP-101708,ORD-101708,DC-13,LOADED,Carrier-C,2026-08-10T08:45:00,2026-08-10T08:01:00
SHP-101709,ORD-101709,DC-15,PLANNED,Carrier-C,2026-08-10T06:08:00,2026-08-10T06:13:00
SHP-101710,ORD-101710,DC-09,LOADED,Carrier-D,2026-08-10T08:39:00,2026-08-10T07:33:00
SHP-101711,ORD-101711,DC-07,PLANNED,Carrier-C,2026-08-10T07:19:00,2026-08-10T06:29:00
SHP-101712,ORD-101712,DC-10,LOADED,Carrier-D,2026-08-10T08:24:00,2026-08-10T07:32:00
SHP-101713,ORD-101713,DC-01,DEPARTED,Carrier-B,2026-08-10T08:13:00,2026-08-10T07:26:00
SHP-101714,ORD-101714,DC-14,LOADED,Carrier-D,2026-08-10T09:12:00,2026-08-10T08:17:00
SHP-101715,ORD-101715,DC-10,LOADED,Carrier-A,2026-08-10T09:56:00,2026-08-10T08:51:00
SHP-101716,ORD-101716,DC-02,DEPARTED,Carrier-C,2026-08-10T09:54:00,2026-08-10T09:08:00
SHP-101717,ORD-101717,DC-10,AT_DOCK,Carrier-D,2026-08-10T09:52:00,2026-08-10T09:22:00
SHP-101718,ORD-101718,DC-04,DEPARTED,Carrier-B,2026-08-10T09:02:00,2026-08-10T09:39:00
SHP-101719,ORD-101719,DC-02,BOOKED,Carrier-D,2026-08-10T10:04:00,2026-08-10T09:35:00
SHP-101720,ORD-101720,DC-13,LOADED,Carrier-A,2026-08-10T10:28:00,2026-08-10T09:44:00
SHP-101721,ORD-101721,DC-07,PLANNED,Carrier-A,2026-08-10T08:35:00,2026-08-10T09:17:00
SHP-101722,ORD-101722,DC-16,DELAYED,Carrier-D,2026-08-10T12:02:00,2026-08-10T10:34:00
SHP-101723,ORD-101723,DC-17,DEPARTED,Carrier-B,2026-08-10T10:35:00,2026-08-10T11:00:00
SHP-101724,ORD-101724,DC-16,DELAYED,Carrier-D,2026-08-10T10:24:00,2026-08-10T11:01:00
SHP-101725,ORD-101725,DC-04,BOOKED,Carrier-B,2026-08-10T10:32:00,2026-08-10T09:36:00
SHP-101726,ORD-101726,DC-16,AT_DOCK,Carrier-B,2026-08-10T09:35:00,2026-08-10T09:28:00
SHP-101727,ORD-101727,DC-11,AT_DOCK,Carrier-B,2026-08-10T09:57:00,2026-08-10T10:04:00
SHP-101728,ORD-101728,DC-02,BOOKED,Carrier-D,2026-08-10T10:01:00,2026-08-10T10:35:00
SHP-101729,ORD-101729,DC-18,DELAYED,Carrier-C,2026-08-10T10:49:00,2026-08-10T10:56:00
SHP-101730,ORD-101730,DC-15,DELAYED,Carrier-D,2026-08-10T13:02:00,2026-08-10T11:33:00
SHP-101731,ORD-101731,DC-17,BOOKED,Carrier-D,2026-08-10T11:37:00,2026-08-10T11:11:00
SHP-101732,ORD-101732,DC-15,DEPARTED,Carrier-A,2026-08-10T11:37:00,2026-08-10T11:49:00
SHP-101733,ORD-101733,DC-11,LOADED,Carrier-D,2026-08-10T12:25:00,2026-08-10T12:02:00
SHP-101734,ORD-101734,DC-14,AT_DOCK,Carrier-A,2026-08-10T11:44:00,2026-08-10T11:50:00
SHP-101735,ORD-101735,DC-07,DELAYED,Carrier-B,2026-08-10T13:34:00,2026-08-10T12:40:00
SHP-101736,ORD-101736,DC-08,LOADED,Carrier-A,2026-08-10T11:42:00,2026-08-10T12:13:00
SHP-101737,ORD-101737,DC-14,AT_DOCK,Carrier-D,2026-08-10T13:22:00,2026-08-10T12:35:00
SHP-101738,ORD-101738,DC-13,LOADED,Carrier-C,2026-08-10T14:05:00,2026-08-10T13:06:00
SHP-101739,ORD-101739,DC-03,PLANNED,Carrier-D,2026-08-10T11:36:00,2026-08-10T11:45:00
SHP-101740,ORD-101740,DC-03,DEPARTED,Carrier-A,2026-08-10T12:58:00,2026-08-10T12:42:00
SHP-101741,ORD-101741,DC-18,LOADED,Carrier-A,2026-08-10T13:13:00,2026-08-10T12:04:00
SHP-101742,ORD-101742,DC-04,LOADED,Carrier-C,2026-08-10T13:00:00,2026-08-10T12:22:00
SHP-101743,ORD-101743,DC-01,DEPARTED,Carrier-A,2026-08-10T11:31:00,2026-08-10T11:59:00
SHP-101744,ORD-101744,DC-10,DELAYED,Carrier-D,2026-08-10T11:34:00,2026-08-10T11:53:00
SHP-101745,ORD-101745,DC-14,DEPARTED,Carrier-D,2026-08-10T14:36:00,2026-08-10T13:21:00
SHP-101746,ORD-101746,DC-11,PLANNED,Carrier-B,2026-08-10T13:01:00,2026-08-10T12:50:00
SHP-101747,ORD-101747,DC-10,BOOKED,Carrier-B,2026-08-10T13:07:00,2026-08-10T11:58:00
SHP-101748,ORD-101748,DC-05,AT_DOCK,Carrier-C,2026-08-10T13:00:00,2026-08-10T13:22:00
SHP-101749,ORD-101749,DC-01,DEPARTED,Carrier-A,2026-08-10T14:09:00,2026-08-10T13:57:00
SHP-101750,ORD-101750,DC-07,PLANNED,Carrier-D,2026-08-10T14:29:00,2026-08-10T13:43:00
SHP-101751,ORD-101751,DC-06,BOOKED,Carrier-D,2026-08-10T14:02:00,2026-08-10T13:57:00
SHP-101752,ORD-101752,DC-13,BOOKED,Carrier-A,2026-08-10T14:53:00,2026-08-10T13:30:00
SHP-101753,ORD-101753,DC-10,AT_DOCK,Carrier-D,2026-08-10T13:48:00,2026-08-10T14:18:00
SHP-101754,ORD-101754,DC-13,DELAYED,Carrier-D,2026-08-10T14:52:00,2026-08-10T14:20:00
SHP-101755,ORD-101755,DC-02,DEPARTED,Carrier-B,2026-08-10T14:59:00,2026-08-10T14:19:00
SHP-101756,ORD-101756,DC-18,PLANNED,Carrier-B,2026-08-10T15:15:00,2026-08-10T14:25:00
SHP-101757,ORD-101757,DC-02,BOOKED,Carrier-D,2026-08-10T13:58:00,2026-08-10T14:08:00
SHP-101758,ORD-101758,DC-11,DEPARTED,Carrier-B,2026-08-10T15:34:00,2026-08-10T15:09:00
SHP-101759,ORD-101759,DC-16,LOADED,Carrier-D,2026-08-10T14:33:00,2026-08-10T13:40:00
SHP-101760,ORD-101760,DC-06,AT_DOCK,Carrier-D,2026-08-10T14:41:00,2026-08-10T13:58:00
SHP-101761,ORD-101761,DC-14,BOOKED,Carrier-B,2026-08-10T15:01:00,2026-08-10T15:20:00
SHP-101762,ORD-101762,DC-18,LOADED,Carrier-A,2026-08-10T14:13:00,2026-08-10T14:00:00
SHP-101763,ORD-101763,DC-16,BOOKED,Carrier-A,2026-08-10T15:19:00,2026-08-10T14:55:00
SHP-101764,ORD-101764,DC-11,AT_DOCK,Carrier-D,2026-08-10T17:38:00,2026-08-10T16:10:00
SHP-101765,ORD-101765,DC-07,DEPARTED,Carrier-C,2026-08-10T15:13:00,2026-08-10T15:01:00
SHP-101766,ORD-101766,DC-17,DEPARTED,Carrier-B,2026-08-10T14:07:00,2026-08-10T14:37:00
SHP-101767,ORD-101767,DC-04,DELAYED,Carrier-A,2026-08-10T16:47:00,2026-08-10T15:41:00
SHP-101768,ORD-101768,DC-11,AT_DOCK,Carrier-C,2026-08-10T14:57:00,2026-08-10T15:31:00
SHP-101769,ORD-101769,DC-03,BOOKED,Carrier-B,2026-08-10T17:26:00,2026-08-10T16:47:00
SHP-101770,ORD-101770,DC-03,PLANNED,Carrier-B,2026-08-10T15:58:00,2026-08-10T14:59:00
SHP-101771,ORD-101771,DC-14,BOOKED,Carrier-C,2026-08-10T15:56:00,2026-08-10T15:07:00
SHP-101772,ORD-101772,DC-01,LOADED,Carrier-D,2026-08-10T16:08:00,2026-08-10T16:31:00
SHP-101773,ORD-101773,DC-08,LOADED,Carrier-A,2026-08-10T17:04:00,2026-08-10T16:07:00
SHP-101774,ORD-101774,DC-02,AT_DOCK,Carrier-D,2026-08-10T16:58:00,2026-08-10T17:08:00
SHP-101775,ORD-101775,DC-01,AT_DOCK,Carrier-B,2026-08-10T18:39:00,2026-08-10T17:09:00
SHP-101776,ORD-101776,DC-17,DEPARTED,Carrier-B,2026-08-10T16:35:00,2026-08-10T15:48:00
SHP-101777,ORD-101777,DC-09,PLANNED,Carrier-B,2026-08-10T16:37:00,2026-08-10T17:17:00
SHP-101778,ORD-101778,DC-14,AT_DOCK,Carrier-C,2026-08-10T16:56:00,2026-08-10T17:40:00
SHP-101779,ORD-101779,DC-05,AT_DOCK,Carrier-C,2026-08-10T18:29:00,2026-08-10T17:41:00
SHP-101780,ORD-101780,DC-18,AT_DOCK,Carrier-C,2026-08-10T16:43:00,2026-08-10T17:27:00
SHP-101781,ORD-101781,DC-10,PLANNED,Carrier-C,2026-08-10T17:37:00,2026-08-10T17:29:00
SHP-101782,ORD-101782,DC-12,DELAYED,Carrier-C,2026-08-10T17:48:00,2026-08-10T16:41:00
SHP-101783,ORD-101783,DC-14,BOOKED,Carrier-A,2026-08-10T18:31:00,2026-08-10T17:29:00
SHP-101784,ORD-101784,DC-15,DELAYED,Carrier-D,2026-08-10T17:40:00,2026-08-10T16:42:00
SHP-101785,ORD-101785,DC-09,BOOKED,Carrier-D,2026-08-10T18:47:00,2026-08-10T17:22:00
SHP-101786,ORD-101786,DC-08,DELAYED,Carrier-C,2026-08-10T19:00:00,2026-08-10T18:18:00
SHP-101787,ORD-101787,DC-15,AT_DOCK,Carrier-D,2026-08-10T17:08:00,2026-08-10T17:15:00
SHP-101788,ORD-101788,DC-15,BOOKED,Carrier-B,2026-08-10T18:05:00,2026-08-10T18:23:00
SHP-101789,ORD-101789,DC-16,BOOKED,Carrier-A,2026-08-10T18:26:00,2026-08-10T17:53:00
SHP-101790,ORD-101790,DC-11,AT_DOCK,Carrier-A,2026-08-10T17:19:00,2026-08-10T18:02:00
SHP-101791,ORD-101791,DC-07,LOADED,Carrier-B,2026-08-10T18:56:00,2026-08-10T17:41:00
SHP-101792,ORD-101792,DC-04,DELAYED,Carrier-A,2026-08-10T18:08:00,2026-08-10T17:56:00
SHP-101793,ORD-101793,DC-11,DELAYED,Carrier-D,2026-08-10T18:19:00,2026-08-10T18:33:00
SHP-101794,ORD-101794,DC-09,BOOKED,Carrier-D,2026-08-10T19:06:00,2026-08-10T17:40:00
SHP-101795,ORD-101795,DC-10,PLANNED,Carrier-D,2026-08-10T18:48:00,2026-08-10T19:22:00
SHP-101796,ORD-101796,DC-16,LOADED,Carrier-B,2026-08-10T19:40:00,2026-08-10T19:18:00
SHP-101797,ORD-101797,DC-04,AT_DOCK,Carrier-D,2026-08-10T20:15:00,2026-08-10T19:12:00
SHP-101798,ORD-101798,DC-16,AT_DOCK,Carrier-B,2026-08-10T19:41:00,2026-08-10T19:03:00
SHP-101799,ORD-101799,DC-16,DELAYED,Carrier-A,2026-08-10T18:52:00,2026-08-10T19:29:00
SHP-101800,ORD-101800,DC-10,DELAYED,Carrier-C,2026-08-10T17:44:00,2026-08-10T18:26:00
SHP-101801,ORD-101801,DC-02,DEPARTED,Carrier-D,2026-08-10T18:13:00,2026-08-10T18:38:00
SHP-101802,ORD-101802,DC-04,AT_DOCK,Carrier-B,2026-08-10T20:15:00,2026-08-10T19:06:00
SHP-101803,ORD-101803,DC-17,BOOKED,Carrier-B,2026-08-10T19:51:00,2026-08-10T18:46:00
SHP-101804,ORD-101804,DC-05,PLANNED,Carrier-A,2026-08-10T20:40:00,2026-08-10T19:10:00
SHP-101805,ORD-101805,DC-17,PLANNED,Carrier-C,2026-08-10T21:15:00,2026-08-10T20:25:00
SHP-101806,ORD-101806,DC-01,PLANNED,Carrier-B,2026-08-10T20:42:00,2026-08-10T20:17:00
SHP-101807,ORD-101807,DC-09,DEPARTED,Carrier-D,2026-08-10T18:42:00,2026-08-10T19:00:00
SHP-101808,ORD-101808,DC-13,PLANNED,Carrier-A,2026-08-10T20:56:00,2026-08-10T20:14:00
SHP-101809,ORD-101809,DC-07,AT_DOCK,Carrier-C,2026-08-10T21:27:00,2026-08-10T20:10:00
SHP-101810,ORD-101810,DC-16,AT_DOCK,Carrier-B,2026-08-10T20:11:00,2026-08-10T20:43:00
SHP-101811,ORD-101811,DC-09,LOADED,Carrier-A,2026-08-10T18:59:00,2026-08-10T19:12:00
SHP-101812,ORD-101812,DC-01,DEPARTED,Carrier-D,2026-08-10T20:14:00,2026-08-10T20:41:00
SHP-101813,ORD-101813,DC-05,PLANNED,Carrier-C,2026-08-10T20:08:00,2026-08-10T19:28:00
SHP-101814,ORD-101814,DC-10,AT_DOCK,Carrier-B,2026-08-10T19:54:00,2026-08-10T19:44:00
SHP-101815,ORD-101815,DC-16,BOOKED,Carrier-C,2026-08-10T20:41:00,2026-08-10T21:22:00
SHP-101816,ORD-101816,DC-02,DEPARTED,Carrier-D,2026-08-10T20:18:00,2026-08-10T20:31:00
SHP-101817,ORD-101817,DC-05,PLANNED,Carrier-B,2026-08-10T21:18:00,2026-08-10T20:47:00
SHP-101818,ORD-101818,DC-01,BOOKED,Carrier-D,2026-08-10T21:17:00,2026-08-10T21:28:00
SHP-101819,ORD-101819,DC-15,PLANNED,Carrier-A,2026-08-10T20:40:00,2026-08-10T21:07:00
SHP-101820,ORD-101820,DC-03,AT_DOCK,Carrier-B,2026-08-10T22:17:00,2026-08-10T21:49:00
SHP-101821,ORD-101821,DC-13,AT_DOCK,Carrier-C,2026-08-10T21:19:00,2026-08-10T21:45:00
SHP-101822,ORD-101822,DC-16,BOOKED,Carrier-D,2026-08-10T23:36:00,2026-08-10T23:13:00
SHP-101823,ORD-101823,DC-15,DELAYED,Carrier-D,2026-08-10T23:52:00,2026-08-10T23:18:00
SHP-101824,ORD-101824,DC-01,LOADED,Carrier-B,2026-08-10T23:35:00,2026-08-10T22:33:00
SHP-101825,ORD-101825,DC-09,DEPARTED,Carrier-B,2026-08-11T00:08:00,2026-08-10T23:24:00
SHP-101826,ORD-101826,DC-06,DEPARTED,Carrier-C,2026-08-10T22:09:00,2026-08-10T22:48:00
SHP-101827,ORD-101827,DC-10,DEPARTED,Carrier-B,2026-08-10T22:28:00,2026-08-10T23:05:00
SHP-101828,ORD-101828,DC-02,AT_DOCK,Carrier-A,2026-08-10T22:47:00,2026-08-10T23:12:00
SHP-101829,ORD-101829,DC-18,BOOKED,Carrier-C,2026-08-11T00:22:00,2026-08-10T23:44:00
SHP-101830,ORD-101830,DC-05,DELAYED,Carrier-B,2026-08-11T00:29:00,2026-08-10T23:00:00
SHP-101831,ORD-101831,DC-02,LOADED,Carrier-C,2026-08-11T00:36:00,2026-08-11T00:01:00
SHP-101832,ORD-101832,DC-15,BOOKED,Carrier-B,2026-08-11T01:36:00,2026-08-11T00:33:00
SHP-101833,ORD-101833,DC-06,LOADED,Carrier-C,2026-08-11T01:57:00,2026-08-11T00:35:00
SHP-101834,ORD-101834,DC-01,LOADED,Carrier-A,2026-08-11T00:47:00,2026-08-11T00:17:00
SHP-101835,ORD-101835,DC-18,DEPARTED,Carrier-D,2026-08-11T00:15:00,2026-08-10T23:49:00
SHP-101836,ORD-101836,DC-09,LOADED,Carrier-C,2026-08-11T01:32:00,2026-08-11T00:54:00
SHP-101837,ORD-101837,DC-07,PLANNED,Carrier-A,2026-08-10T23:51:00,2026-08-10T23:34:00
SHP-101838,ORD-101838,DC-17,DELAYED,Carrier-A,2026-08-11T01:17:00,2026-08-11T00:18:00
SHP-101839,ORD-101839,DC-12,PLANNED,Carrier-C,2026-08-10T23:27:00,2026-08-10T23:54:00
SHP-101840,ORD-101840,DC-13,LOADED,Carrier-C,2026-08-11T01:41:00,2026-08-11T00:35:00
SHP-101841,ORD-101841,DC-03,BOOKED,Carrier-A,2026-08-11T01:36:00,2026-08-11T01:10:00
SHP-101842,ORD-101842,DC-14,AT_DOCK,Carrier-C,2026-08-11T01:28:00,2026-08-11T01:56:00
SHP-101843,ORD-101843,DC-14,PLANNED,Carrier-B,2026-08-11T01:42:00,2026-08-11T01:49:00
SHP-101844,ORD-101844,DC-15,DELAYED,Carrier-B,2026-08-11T00:52:00,2026-08-11T01:13:00
SHP-101845,ORD-101845,DC-12,AT_DOCK,Carrier-C,2026-08-11T02:29:00,2026-08-11T01:36:00
SHP-101846,ORD-101846,DC-13,PLANNED,Carrier-D,2026-08-11T02:41:00,2026-08-11T02:31:00
SHP-101847,ORD-101847,DC-16,DELAYED,Carrier-A,2026-08-11T01:51:00,2026-08-11T02:14:00
SHP-101848,ORD-101848,DC-13,LOADED,Carrier-D,2026-08-11T02:31:00,2026-08-11T02:59:00
SHP-101849,ORD-101849,DC-08,DELAYED,Carrier-D,2026-08-11T04:33:00,2026-08-11T03:05:00
SHP-101850,ORD-101850,DC-09,BOOKED,Carrier-B,2026-08-11T02:53:00,2026-08-11T02:09:00
SHP-101851,ORD-101851,DC-05,AT_DOCK,Carrier-C,2026-08-11T02:37:00,2026-08-11T02:19:00
SHP-101852,ORD-101852,DC-18,DELAYED,Carrier-C,2026-08-11T04:40:00,2026-08-11T03:22:00
SHP-101853,ORD-101853,DC-08,LOADED,Carrier-B,2026-08-11T05:20:00,2026-08-11T04:24:00
SHP-101854,ORD-101854,DC-18,BOOKED,Carrier-C,2026-08-11T04:30:00,2026-08-11T03:07:00
SHP-101855,ORD-101855,DC-12,DEPARTED,Carrier-A,2026-08-11T04:10:00,2026-08-11T04:52:00
SHP-101856,ORD-101856,DC-05,DELAYED,Carrier-A,2026-08-11T05:28:00,2026-08-11T04:41:00
SHP-101857,ORD-101857,DC-01,DELAYED,Carrier-C,2026-08-11T04:41:00,2026-08-11T04:53:00
SHP-101858,ORD-101858,DC-14,LOADED,Carrier-A,2026-08-11T05:03:00,2026-08-11T04:56:00
SHP-101859,ORD-101859,DC-18,AT_DOCK,Carrier-A,2026-08-11T05:28:00,2026-08-11T05:09:00
SHP-101860,ORD-101860,DC-04,LOADED,Carrier-B,2026-08-11T05:25:00,2026-08-11T04:36:00
SHP-101861,ORD-101861,DC-01,DELAYED,Carrier-D,2026-08-11T05:33:00,2026-08-11T06:06:00
SHP-101862,ORD-101862,DC-09,BOOKED,Carrier-C,2026-08-11T05:15:00,2026-08-11T04:32:00
SHP-101863,ORD-101863,DC-07,PLANNED,Carrier-D,2026-08-11T05:29:00,2026-08-11T05:06:00
SHP-101864,ORD-101864,DC-06,LOADED,Carrier-A,2026-08-11T04:53:00,2026-08-11T05:36:00
SHP-101865,ORD-101865,DC-02,BOOKED,Carrier-D,2026-08-11T06:17:00,2026-08-11T05:53:00
SHP-101866,ORD-101866,DC-12,BOOKED,Carrier-B,2026-08-11T05:29:00,2026-08-11T05:39:00
SHP-101867,ORD-101867,DC-10,DELAYED,Carrier-D,2026-08-11T05:28:00,2026-08-11T05:49:00
SHP-101868,ORD-101868,DC-07,PLANNED,Carrier-B,2026-08-11T05:56:00,2026-08-11T06:32:00
SHP-101869,ORD-101869,DC-07,AT_DOCK,Carrier-C,2026-08-11T06:53:00,2026-08-11T05:31:00
SHP-101870,ORD-101870,DC-04,LOADED,Carrier-C,2026-08-11T05:44:00,2026-08-11T05:36:00
SHP-101871,ORD-101871,DC-18,BOOKED,Carrier-D,2026-08-11T06:15:00,2026-08-11T06:48:00
SHP-101872,ORD-101872,DC-13,AT_DOCK,Carrier-D,2026-08-11T07:34:00,2026-08-11T07:05:00
SHP-101873,ORD-101873,DC-11,LOADED,Carrier-B,2026-08-11T06:39:00,2026-08-11T05:48:00
SHP-101874,ORD-101874,DC-18,AT_DOCK,Carrier-C,2026-08-11T05:32:00,2026-08-11T05:45:00
SHP-101875,ORD-101875,DC-04,AT_DOCK,Carrier-C,2026-08-11T07:32:00,2026-08-11T07:01:00
SHP-101876,ORD-101876,DC-06,BOOKED,Carrier-A,2026-08-11T06:08:00,2026-08-11T06:51:00
SHP-101877,ORD-101877,DC-15,LOADED,Carrier-B,2026-08-11T05:09:00,2026-08-11T05:53:00
SHP-101878,ORD-101878,DC-11,DELAYED,Carrier-D,2026-08-11T05:56:00,2026-08-11T06:31:00
SHP-101879,ORD-101879,DC-05,DELAYED,Carrier-A,2026-08-11T07:55:00,2026-08-11T07:05:00
SHP-101880,ORD-101880,DC-06,DELAYED,Carrier-A,2026-08-11T08:05:00,2026-08-11T06:46:00
SHP-101881,ORD-101881,DC-09,PLANNED,Carrier-D,2026-08-11T08:10:00,2026-08-11T07:20:00
SHP-101882,ORD-101882,DC-08,LOADED,Carrier-D,2026-08-11T08:16:00,2026-08-11T07:32:00
SHP-101883,ORD-101883,DC-15,PLANNED,Carrier-A,2026-08-11T08:55:00,2026-08-11T07:28:00
SHP-101884,ORD-101884,DC-01,BOOKED,Carrier-B,2026-08-11T09:00:00,2026-08-11T08:22:00
SHP-101885,ORD-101885,DC-07,DEPARTED,Carrier-D,2026-08-11T07:49:00,2026-08-11T07:35:00
SHP-101886,ORD-101886,DC-14,DELAYED,Carrier-B,2026-08-11T08:49:00,2026-08-11T08:44:00
SHP-101887,ORD-101887,DC-10,DELAYED,Carrier-D,2026-08-11T07:11:00,2026-08-11T07:54:00
SHP-101888,ORD-101888,DC-05,PLANNED,Carrier-A,2026-08-11T09:37:00,2026-08-11T08:07:00
SHP-101889,ORD-101889,DC-04,PLANNED,Carrier-D,2026-08-11T09:05:00,2026-08-11T08:44:00
SHP-101890,ORD-101890,DC-02,AT_DOCK,Carrier-A,2026-08-11T08:02:00,2026-08-11T08:41:00
SHP-101891,ORD-101891,DC-16,AT_DOCK,Carrier-B,2026-08-11T08:04:00,2026-08-11T08:40:00
SHP-101892,ORD-101892,DC-03,DELAYED,Carrier-A,2026-08-11T10:34:00,2026-08-11T09:40:00
SHP-101893,ORD-101893,DC-18,PLANNED,Carrier-D,2026-08-11T09:06:00,2026-08-11T09:43:00
SHP-101894,ORD-101894,DC-13,AT_DOCK,Carrier-A,2026-08-11T08:49:00,2026-08-11T08:16:00
SHP-101895,ORD-101895,DC-06,BOOKED,Carrier-B,2026-08-11T10:11:00,2026-08-11T08:49:00
SHP-101896,ORD-101896,DC-04,DEPARTED,Carrier-B,2026-08-11T08:51:00,2026-08-11T09:14:00
SHP-101897,ORD-101897,DC-15,DEPARTED,Carrier-A,2026-08-11T09:00:00,2026-08-11T09:35:00
SHP-101898,ORD-101898,DC-13,BOOKED,Carrier-D,2026-08-11T10:01:00,2026-08-11T09:44:00
SHP-101899,ORD-101899,DC-17,DELAYED,Carrier-A,2026-08-11T08:41:00,2026-08-11T09:23:00
SHP-101900,ORD-101900,DC-01,PLANNED,Carrier-B,2026-08-11T08:58:00,2026-08-11T09:17:00
SHP-101901,ORD-101901,DC-06,BOOKED,Carrier-D,2026-08-11T09:15:00,2026-08-11T09:23:00
SHP-101902,ORD-101902,DC-10,DEPARTED,Carrier-B,2026-08-11T10:47:00,2026-08-11T09:29:00
SHP-101903,ORD-101903,DC-01,AT_DOCK,Carrier-B,2026-08-11T10:26:00,2026-08-11T10:13:00
SHP-101904,ORD-101904,DC-10,BOOKED,Carrier-C,2026-08-11T09:57:00,2026-08-11T09:39:00
SHP-101905,ORD-101905,DC-01,AT_DOCK,Carrier-B,2026-08-11T09:37:00,2026-08-11T09:23:00
SHP-101906,ORD-101906,DC-13,AT_DOCK,Carrier-B,2026-08-11T11:09:00,2026-08-11T10:32:00
SHP-101907,ORD-101907,DC-02,DEPARTED,Carrier-D,2026-08-11T08:55:00,2026-08-11T09:21:00
SHP-101908,ORD-101908,DC-03,BOOKED,Carrier-C,2026-08-11T10:21:00,2026-08-11T10:38:00
SHP-101909,ORD-101909,DC-17,DEPARTED,Carrier-C,2026-08-11T10:06:00,2026-08-11T10:51:00
SHP-101910,ORD-101910,DC-07,AT_DOCK,Carrier-D,2026-08-11T10:26:00,2026-08-11T10:05:00
SHP-101911,ORD-101911,DC-17,BOOKED,Carrier-C,2026-08-11T12:12:00,2026-08-11T11:32:00
SHP-101912,ORD-101912,DC-08,DELAYED,Carrier-D,2026-08-11T11:46:00,2026-08-11T10:32:00
SHP-101913,ORD-101913,DC-02,BOOKED,Carrier-C,2026-08-11T11:55:00,2026-08-11T10:50:00
SHP-101914,ORD-101914,DC-03,AT_DOCK,Carrier-C,2026-08-11T11:43:00,2026-08-11T11:52:00
SHP-101915,ORD-101915,DC-14,DEPARTED,Carrier-A,2026-08-11T12:19:00,2026-08-11T11:26:00
SHP-101916,ORD-101916,DC-04,DEPARTED,Carrier-B,2026-08-11T10:10:00,2026-08-11T10:55:00
SHP-101917,ORD-101917,DC-08,AT_DOCK,Carrier-D,2026-08-11T12:24:00,2026-08-11T10:57:00
SHP-101918,ORD-101918,DC-15,AT_DOCK,Carrier-D,2026-08-11T13:35:00,2026-08-11T12:20:00
SHP-101919,ORD-101919,DC-03,BOOKED,Carrier-D,2026-08-11T10:22:00,2026-08-11T10:51:00
SHP-101920,ORD-101920,DC-03,DEPARTED,Carrier-B,2026-08-11T13:28:00,2026-08-11T12:33:00
SHP-101921,ORD-101921,DC-04,DEPARTED,Carrier-A,2026-08-11T11:59:00,2026-08-11T11:13:00
SHP-101922,ORD-101922,DC-10,DEPARTED,Carrier-A,2026-08-11T12:00:00,2026-08-11T11:37:00
SHP-101923,ORD-101923,DC-15,DELAYED,Carrier-B,2026-08-11T11:17:00,2026-08-11T11:27:00
SHP-101924,ORD-101924,DC-17,DELAYED,Carrier-A,2026-08-11T12:37:00,2026-08-11T12:42:00
SHP-101925,ORD-101925,DC-01,AT_DOCK,Carrier-A,2026-08-11T12:02:00,2026-08-11T12:47:00
SHP-101926,ORD-101926,DC-16,LOADED,Carrier-A,2026-08-11T12:27:00,2026-08-11T12:38:00
SHP-101927,ORD-101927,DC-15,DEPARTED,Carrier-D,2026-08-11T13:21:00,2026-08-11T13:29:00
SHP-101928,ORD-101928,DC-11,LOADED,Carrier-D,2026-08-11T12:33:00,2026-08-11T12:38:00
SHP-101929,ORD-101929,DC-09,PLANNED,Carrier-A,2026-08-11T12:31:00,2026-08-11T12:05:00
SHP-101930,ORD-101930,DC-16,DEPARTED,Carrier-C,2026-08-11T13:06:00,2026-08-11T12:51:00
SHP-101931,ORD-101931,DC-06,PLANNED,Carrier-B,2026-08-11T14:00:00,2026-08-11T12:44:00
SHP-101932,ORD-101932,DC-06,PLANNED,Carrier-D,2026-08-11T13:14:00,2026-08-11T13:53:00
SHP-101933,ORD-101933,DC-06,DELAYED,Carrier-D,2026-08-11T12:29:00,2026-08-11T12:17:00
SHP-101934,ORD-101934,DC-15,PLANNED,Carrier-D,2026-08-11T14:20:00,2026-08-11T12:56:00
SHP-101935,ORD-101935,DC-09,LOADED,Carrier-B,2026-08-11T12:31:00,2026-08-11T12:45:00
SHP-101936,ORD-101936,DC-18,LOADED,Carrier-A,2026-08-11T14:57:00,2026-08-11T13:41:00
SHP-101937,ORD-101937,DC-05,DEPARTED,Carrier-A,2026-08-11T12:38:00,2026-08-11T12:46:00
SHP-101938,ORD-101938,DC-18,LOADED,Carrier-C,2026-08-11T13:38:00,2026-08-11T14:07:00
SHP-101939,ORD-101939,DC-11,PLANNED,Carrier-A,2026-08-11T13:00:00,2026-08-11T12:23:00
SHP-101940,ORD-101940,DC-16,BOOKED,Carrier-D,2026-08-11T12:38:00,2026-08-11T13:20:00
SHP-101941,ORD-101941,DC-10,DEPARTED,Carrier-C,2026-08-11T13:29:00,2026-08-11T14:02:00
SHP-101942,ORD-101942,DC-17,AT_DOCK,Carrier-B,2026-08-11T14:52:00,2026-08-11T14:11:00
SHP-101943,ORD-101943,DC-01,BOOKED,Carrier-D,2026-08-11T13:15:00,2026-08-11T13:49:00
SHP-101944,ORD-101944,DC-04,LOADED,Carrier-B,2026-08-11T12:35:00,2026-08-11T13:18:00
SHP-101945,ORD-101945,DC-01,DEPARTED,Carrier-A,2026-08-11T15:18:00,2026-08-11T13:56:00
SHP-101946,ORD-101946,DC-11,LOADED,Carrier-B,2026-08-11T14:31:00,2026-08-11T13:55:00
SHP-101947,ORD-101947,DC-14,DEPARTED,Carrier-D,2026-08-11T13:34:00,2026-08-11T13:16:00
SHP-101948,ORD-101948,DC-07,AT_DOCK,Carrier-C,2026-08-11T15:24:00,2026-08-11T15:00:00
SHP-101949,ORD-101949,DC-17,LOADED,Carrier-C,2026-08-11T14:26:00,2026-08-11T14:00:00
SHP-101950,ORD-101950,DC-14,DELAYED,Carrier-C,2026-08-11T14:18:00,2026-08-11T14:39:00
SHP-101951,ORD-101951,DC-16,LOADED,Carrier-C,2026-08-11T15:03:00,2026-08-11T14:05:00
SHP-101952,ORD-101952,DC-13,DEPARTED,Carrier-D,2026-08-11T15:31:00,2026-08-11T15:37:00
SHP-101953,ORD-101953,DC-15,AT_DOCK,Carrier-D,2026-08-11T15:16:00,2026-08-11T15:07:00
SHP-101954,ORD-101954,DC-04,AT_DOCK,Carrier-D,2026-08-11T15:23:00,2026-08-11T15:01:00
SHP-101955,ORD-101955,DC-02,BOOKED,Carrier-B,2026-08-11T14:30:00,2026-08-11T14:59:00
SHP-101956,ORD-101956,DC-12,AT_DOCK,Carrier-C,2026-08-11T14:08:00,2026-08-11T14:48:00
SHP-101957,ORD-101957,DC-09,DELAYED,Carrier-A,2026-08-11T15:56:00,2026-08-11T15:45:00
SHP-101958,ORD-101958,DC-14,DEPARTED,Carrier-C,2026-08-11T16:34:00,2026-08-11T16:01:00
SHP-101959,ORD-101959,DC-15,AT_DOCK,Carrier-C,2026-08-11T14:57:00,2026-08-11T15:34:00
SHP-101960,ORD-101960,DC-01,LOADED,Carrier-C,2026-08-11T17:33:00,2026-08-11T16:42:00
SHP-101961,ORD-101961,DC-16,AT_DOCK,Carrier-C,2026-08-11T16:35:00,2026-08-11T16:22:00
SHP-101962,ORD-101962,DC-03,DELAYED,Carrier-D,2026-08-11T17:25:00,2026-08-11T16:22:00
SHP-101963,ORD-101963,DC-18,BOOKED,Carrier-A,2026-08-11T15:38:00,2026-08-11T16:10:00
SHP-101964,ORD-101964,DC-03,DELAYED,Carrier-A,2026-08-11T17:01:00,2026-08-11T15:46:00
SHP-101965,ORD-101965,DC-06,DEPARTED,Carrier-D,2026-08-11T17:38:00,2026-08-11T16:51:00
SHP-101966,ORD-101966,DC-15,LOADED,Carrier-B,2026-08-11T17:31:00,2026-08-11T16:28:00
SHP-101967,ORD-101967,DC-13,DELAYED,Carrier-C,2026-08-11T15:48:00,2026-08-11T16:15:00
SHP-101968,ORD-101968,DC-03,DELAYED,Carrier-C,2026-08-11T18:14:00,2026-08-11T17:17:00
SHP-101969,ORD-101969,DC-17,BOOKED,Carrier-B,2026-08-11T18:47:00,2026-08-11T17:39:00
SHP-101970,ORD-101970,DC-10,PLANNED,Carrier-A,2026-08-11T18:05:00,2026-08-11T17:57:00
SHP-101971,ORD-101971,DC-10,DELAYED,Carrier-A,2026-08-11T18:44:00,2026-08-11T18:39:00
SHP-101972,ORD-101972,DC-18,PLANNED,Carrier-A,2026-08-11T18:18:00,2026-08-11T18:23:00
SHP-101973,ORD-101973,DC-05,AT_DOCK,Carrier-D,2026-08-11T17:11:00,2026-08-11T17:45:00
SHP-101974,ORD-101974,DC-11,LOADED,Carrier-D,2026-08-11T17:32:00,2026-08-11T18:04:00
SHP-101975,ORD-101975,DC-05,LOADED,Carrier-A,2026-08-11T18:55:00,2026-08-11T19:16:00
SHP-101976,ORD-101976,DC-12,DELAYED,Carrier-D,2026-08-11T18:08:00,2026-08-11T18:35:00
SHP-101977,ORD-101977,DC-05,AT_DOCK,Carrier-A,2026-08-11T20:05:00,2026-08-11T18:52:00
SHP-101978,ORD-101978,DC-14,LOADED,Carrier-B,2026-08-11T18:26:00,2026-08-11T18:54:00
SHP-101979,ORD-101979,DC-08,DELAYED,Carrier-D,2026-08-11T18:57:00,2026-08-11T18:04:00
SHP-101980,ORD-101980,DC-18,AT_DOCK,Carrier-D,2026-08-11T18:54:00,2026-08-11T19:03:00
SHP-101981,ORD-101981,DC-13,LOADED,Carrier-D,2026-08-11T20:34:00,2026-08-11T19:30:00
SHP-101982,ORD-101982,DC-18,AT_DOCK,Carrier-C,2026-08-11T18:22:00,2026-08-11T18:33:00
SHP-101983,ORD-101983,DC-14,PLANNED,Carrier-A,2026-08-11T19:41:00,2026-08-11T18:18:00
SHP-101984,ORD-101984,DC-11,AT_DOCK,Carrier-B,2026-08-11T17:53:00,2026-08-11T18:34:00
SHP-101985,ORD-101985,DC-07,DEPARTED,Carrier-B,2026-08-11T18:43:00,2026-08-11T19:21:00
SHP-101986,ORD-101986,DC-16,BOOKED,Carrier-B,2026-08-11T19:13:00,2026-08-11T19:53:00
SHP-101987,ORD-101987,DC-04,DELAYED,Carrier-C,2026-08-11T19:52:00,2026-08-11T20:36:00
SHP-101988,ORD-101988,DC-11,AT_DOCK,Carrier-D,2026-08-11T20:29:00,2026-08-11T19:08:00
SHP-101989,ORD-101989,DC-14,DELAYED,Carrier-D,2026-08-11T21:04:00,2026-08-11T20:22:00
SHP-101990,ORD-101990,DC-04,BOOKED,Carrier-A,2026-08-11T19:28:00,2026-08-11T19:49:00
SHP-101991,ORD-101991,DC-01,AT_DOCK,Carrier-B,2026-08-11T19:53:00,2026-08-11T20:01:00
SHP-101992,ORD-101992,DC-07,AT_DOCK,Carrier-D,2026-08-11T21:58:00,2026-08-11T21:41:00
SHP-101993,ORD-101993,DC-15,LOADED,Carrier-A,2026-08-11T22:57:00,2026-08-11T21:36:00
SHP-101994,ORD-101994,DC-07,PLANNED,Carrier-B,2026-08-11T21:39:00,2026-08-11T20:18:00
SHP-101995,ORD-101995,DC-01,DELAYED,Carrier-B,2026-08-11T21:35:00,2026-08-11T21:11:00
SHP-101996,ORD-101996,DC-09,BOOKED,Carrier-A,2026-08-11T23:02:00,2026-08-11T22:21:00
SHP-101997,ORD-101997,DC-02,DELAYED,Carrier-B,2026-08-11T23:21:00,2026-08-11T22:32:00
SHP-101998,ORD-101998,DC-16,PLANNED,Carrier-B,2026-08-11T22:53:00,2026-08-11T21:36:00
SHP-101999,ORD-101999,DC-10,BOOKED,Carrier-A,2026-08-11T23:15:00,2026-08-11T21:50:00
SHP-102000,ORD-102000,DC-05,DELAYED,Carrier-D,2026-08-11T23:14:00,2026-08-11T22:11:00
SHP-102001,ORD-102001,DC-05,PLANNED,Carrier-B,2026-08-11T22:07:00,2026-08-11T21:11:00
SHP-102002,ORD-102002,DC-05,DEPARTED,Carrier-B,2026-08-11T21:23:00,2026-08-11T21:01:00
SHP-102003,ORD-102003,DC-12,LOADED,Carrier-D,2026-08-11T21:21:00,2026-08-11T21:46:00
SHP-102004,ORD-102004,DC-05,AT_DOCK,Carrier-D,2026-08-12T00:08:00,2026-08-11T22:45:00
SHP-102005,ORD-102005,DC-05,DEPARTED,Carrier-B,2026-08-11T21:04:00,2026-08-11T21:33:00
SHP-102006,ORD-102006,DC-01,DEPARTED,Carrier-C,2026-08-11T21:16:00,2026-08-11T21:42:00
SHP-102007,ORD-102007,DC-14,BOOKED,Carrier-B,2026-08-11T22:22:00,2026-08-11T22:00:00
SHP-102008,ORD-102008,DC-01,BOOKED,Carrier-A,2026-08-11T23:00:00,2026-08-11T22:55:00
SHP-102009,ORD-102009,DC-16,BOOKED,Carrier-D,2026-08-11T22:29:00,2026-08-11T21:46:00
SHP-102010,ORD-102010,DC-11,DELAYED,Carrier-C,2026-08-12T00:22:00,2026-08-11T23:04:00
SHP-102011,ORD-102011,DC-10,BOOKED,Carrier-A,2026-08-11T23:21:00,2026-08-11T22:46:00
SHP-102012,ORD-102012,DC-16,LOADED,Carrier-C,2026-08-11T23:48:00,2026-08-11T22:33:00
SHP-102013,ORD-102013,DC-12,PLANNED,Carrier-C,2026-08-11T22:35:00,2026-08-11T22:51:00
SHP-102014,ORD-102014,DC-07,DEPARTED,Carrier-A,2026-08-12T00:17:00,2026-08-12T00:05:00
SHP-102015,ORD-102015,DC-06,BOOKED,Carrier-C,2026-08-11T23:11:00,2026-08-11T23:51:00
SHP-102016,ORD-102016,DC-03,AT_DOCK,Carrier-D,2026-08-12T00:30:00,2026-08-11T23:13:00
SHP-102017,ORD-102017,DC-17,LOADED,Carrier-C,2026-08-11T23:44:00,2026-08-12T00:27:00
SHP-102018,ORD-102018,DC-08,DELAYED,Carrier-D,2026-08-12T00:34:00,2026-08-11T23:49:00
SHP-102019,ORD-102019,DC-10,BOOKED,Carrier-D,2026-08-12T00:09:00,2026-08-11T23:58:00
SHP-102020,ORD-102020,DC-09,BOOKED,Carrier-B,2026-08-12T01:12:00,2026-08-12T00:36:00
SHP-102021,ORD-102021,DC-02,DELAYED,Carrier-C,2026-08-12T00:00:00,2026-08-12T00:18:00
SHP-102022,ORD-102022,DC-06,BOOKED,Carrier-A,2026-08-12T01:56:00,2026-08-12T00:31:00
SHP-102023,ORD-102023,DC-12,DEPARTED,Carrier-B,2026-08-11T23:59:00,2026-08-12T00:29:00
SHP-102024,ORD-102024,DC-10,LOADED,Carrier-A,2026-08-11T23:04:00,2026-08-11T23:44:00
SHP-102025,ORD-102025,DC-14,DELAYED,Carrier-D,2026-08-12T00:40:00,2026-08-12T00:47:00
SHP-102026,ORD-102026,DC-05,DEPARTED,Carrier-D,2026-08-12T02:18:00,2026-08-12T01:43:00
SHP-102027,ORD-102027,DC-04,BOOKED,Carrier-D,2026-08-12T01:10:00,2026-08-12T01:39:00
SHP-102028,ORD-102028,DC-02,BOOKED,Carrier-D,2026-08-12T01:39:00,2026-08-12T01:47:00
SHP-102029,ORD-102029,DC-05,DELAYED,Carrier-A,2026-08-12T01:38:00,2026-08-12T01:01:00
SHP-102030,ORD-102030,DC-09,PLANNED,Carrier-A,2026-08-12T03:53:00,2026-08-12T02:24:00
SHP-102031,ORD-102031,DC-13,LOADED,Carrier-A,2026-08-12T01:29:00,2026-08-12T01:52:00
SHP-102032,ORD-102032,DC-06,DELAYED,Carrier-D,2026-08-12T01:52:00,2026-08-12T02:09:00
SHP-102033,ORD-102033,DC-14,LOADED,Carrier-C,2026-08-12T02:21:00,2026-08-12T01:23:00
SHP-102034,ORD-102034,DC-02,LOADED,Carrier-A,2026-08-12T01:15:00,2026-08-12T01:22:00
SHP-102035,ORD-102035,DC-15,DELAYED,Carrier-C,2026-08-12T02:28:00,2026-08-12T01:32:00
SHP-102036,ORD-102036,DC-17,LOADED,Carrier-B,2026-08-12T02:28:00,2026-08-12T02:17:00
SHP-102037,ORD-102037,DC-16,PLANNED,Carrier-B,2026-08-12T03:12:00,2026-08-12T02:14:00
SHP-102038,ORD-102038,DC-07,PLANNED,Carrier-B,2026-08-12T02:52:00,2026-08-12T02:37:00
SHP-102039,ORD-102039,DC-13,AT_DOCK,Carrier-C,2026-08-12T01:09:00,2026-08-12T01:40:00
SHP-102040,ORD-102040,DC-05,BOOKED,Carrier-A,2026-08-12T02:30:00,2026-08-12T01:56:00
SHP-102041,ORD-102041,DC-08,BOOKED,Carrier-D,2026-08-12T04:27:00,2026-08-12T03:01:00
SHP-102042,ORD-102042,DC-06,DEPARTED,Carrier-B,2026-08-12T03:08:00,2026-08-12T02:07:00
SHP-102043,ORD-102043,DC-11,BOOKED,Carrier-B,2026-08-12T02:58:00,2026-08-12T02:08:00
SHP-102044,ORD-102044,DC-16,LOADED,Carrier-C,2026-08-12T01:40:00,2026-08-12T01:51:00
SHP-102045,ORD-102045,DC-08,DEPARTED,Carrier-A,2026-08-12T02:26:00,2026-08-12T02:58:00
SHP-102046,ORD-102046,DC-04,DEPARTED,Carrier-B,2026-08-12T03:08:00,2026-08-12T01:58:00
SHP-102047,ORD-102047,DC-16,DELAYED,Carrier-B,2026-08-12T02:31:00,2026-08-12T02:53:00
SHP-102048,ORD-102048,DC-04,PLANNED,Carrier-D,2026-08-12T03:32:00,2026-08-12T02:30:00
SHP-102049,ORD-102049,DC-06,PLANNED,Carrier-D,2026-08-12T02:20:00,2026-08-12T02:32:00
SHP-102050,ORD-102050,DC-16,BOOKED,Carrier-B,2026-08-12T03:06:00,2026-08-12T03:37:00
SHP-102051,ORD-102051,DC-14,BOOKED,Carrier-C,2026-08-12T04:23:00,2026-08-12T03:05:00
SHP-102052,ORD-102052,DC-11,PLANNED,Carrier-D,2026-08-12T01:46:00,2026-08-12T02:31:00
SHP-102053,ORD-102053,DC-07,AT_DOCK,Carrier-C,2026-08-12T05:24:00,2026-08-12T04:18:00
SHP-102054,ORD-102054,DC-12,AT_DOCK,Carrier-D,2026-08-12T03:22:00,2026-08-12T02:35:00
SHP-102055,ORD-102055,DC-08,AT_DOCK,Carrier-A,2026-08-12T04:33:00,2026-08-12T03:47:00
SHP-102056,ORD-102056,DC-09,PLANNED,Carrier-A,2026-08-12T02:37:00,2026-08-12T03:04:00
SHP-102057,ORD-102057,DC-14,DEPARTED,Carrier-A,2026-08-12T03:53:00,2026-08-12T03:44:00
SHP-102058,ORD-102058,DC-03,LOADED,Carrier-D,2026-08-12T04:07:00,2026-08-12T04:35:00
SHP-102059,ORD-102059,DC-09,PLANNED,Carrier-D,2026-08-12T02:47:00,2026-08-12T03:13:00
SHP-102060,ORD-102060,DC-06,DEPARTED,Carrier-B,2026-08-12T05:49:00,2026-08-12T05:00:00
SHP-102061,ORD-102061,DC-16,PLANNED,Carrier-B,2026-08-12T04:43:00,2026-08-12T03:40:00
SHP-102062,ORD-102062,DC-11,LOADED,Carrier-A,2026-08-12T04:37:00,2026-08-12T04:48:00
SHP-102063,ORD-102063,DC-18,DELAYED,Carrier-A,2026-08-12T06:17:00,2026-08-12T05:10:00
SHP-102064,ORD-102064,DC-14,DEPARTED,Carrier-D,2026-08-12T06:46:00,2026-08-12T05:27:00
SHP-102065,ORD-102065,DC-10,BOOKED,Carrier-B,2026-08-12T04:11:00,2026-08-12T04:19:00
SHP-102066,ORD-102066,DC-01,BOOKED,Carrier-A,2026-08-12T05:24:00,2026-08-12T05:34:00
SHP-102067,ORD-102067,DC-13,DEPARTED,Carrier-A,2026-08-12T05:40:00,2026-08-12T04:19:00
SHP-102068,ORD-102068,DC-05,DELAYED,Carrier-C,2026-08-12T05:37:00,2026-08-12T05:01:00
SHP-102069,ORD-102069,DC-07,PLANNED,Carrier-C,2026-08-12T06:17:00,2026-08-12T05:23:00
SHP-102070,ORD-102070,DC-17,LOADED,Carrier-A,2026-08-12T07:16:00,2026-08-12T06:14:00
SHP-102071,ORD-102071,DC-01,AT_DOCK,Carrier-D,2026-08-12T05:27:00,2026-08-12T06:02:00
SHP-102072,ORD-102072,DC-11,LOADED,Carrier-D,2026-08-12T06:15:00,2026-08-12T06:44:00
SHP-102073,ORD-102073,DC-13,DELAYED,Carrier-C,2026-08-12T06:34:00,2026-08-12T06:00:00
SHP-102074,ORD-102074,DC-08,DELAYED,Carrier-D,2026-08-12T08:03:00,2026-08-12T06:49:00
SHP-102075,ORD-102075,DC-08,DEPARTED,Carrier-A,2026-08-12T06:01:00,2026-08-12T06:07:00
SHP-102076,ORD-102076,DC-08,BOOKED,Carrier-B,2026-08-12T06:53:00,2026-08-12T06:19:00
SHP-102077,ORD-102077,DC-13,DELAYED,Carrier-D,2026-08-12T07:20:00,2026-08-12T06:39:00
SHP-102078,ORD-102078,DC-14,BOOKED,Carrier-D,2026-08-12T08:01:00,2026-08-12T07:09:00
SHP-102079,ORD-102079,DC-02,LOADED,Carrier-D,2026-08-12T07:25:00,2026-08-12T06:49:00
SHP-102080,ORD-102080,DC-01,AT_DOCK,Carrier-D,2026-08-12T08:41:00,2026-08-12T07:27:00
SHP-102081,ORD-102081,DC-10,BOOKED,Carrier-D,2026-08-12T07:29:00,2026-08-12T06:50:00
SHP-102082,ORD-102082,DC-16,BOOKED,Carrier-A,2026-08-12T08:09:00,2026-08-12T06:49:00
SHP-102083,ORD-102083,DC-14,DEPARTED,Carrier-D,2026-08-12T07:49:00,2026-08-12T06:37:00
SHP-102084,ORD-102084,DC-12,DELAYED,Carrier-A,2026-08-12T08:04:00,2026-08-12T07:28:00
SHP-102085,ORD-102085,DC-06,DEPARTED,Carrier-C,2026-08-12T07:56:00,2026-08-12T06:53:00
SHP-102086,ORD-102086,DC-11,DEPARTED,Carrier-A,2026-08-12T07:40:00,2026-08-12T07:01:00
SHP-102087,ORD-102087,DC-16,PLANNED,Carrier-A,2026-08-12T07:51:00,2026-08-12T07:57:00
SHP-102088,ORD-102088,DC-09,AT_DOCK,Carrier-B,2026-08-12T09:08:00,2026-08-12T07:45:00
SHP-102089,ORD-102089,DC-18,BOOKED,Carrier-C,2026-08-12T09:40:00,2026-08-12T08:44:00
SHP-102090,ORD-102090,DC-03,BOOKED,Carrier-C,2026-08-12T07:25:00,2026-08-12T07:54:00
SHP-102091,ORD-102091,DC-01,PLANNED,Carrier-D,2026-08-12T08:40:00,2026-08-12T08:57:00
SHP-102092,ORD-102092,DC-02,AT_DOCK,Carrier-A,2026-08-12T07:35:00,2026-08-12T08:03:00
SHP-102093,ORD-102093,DC-13,BOOKED,Carrier-B,2026-08-12T07:43:00,2026-08-12T07:10:00
SHP-102094,ORD-102094,DC-11,AT_DOCK,Carrier-B,2026-08-12T08:17:00,2026-08-12T07:47:00
SHP-102095,ORD-102095,DC-05,BOOKED,Carrier-A,2026-08-12T09:09:00,2026-08-12T09:19:00
SHP-102096,ORD-102096,DC-01,AT_DOCK,Carrier-C,2026-08-12T07:52:00,2026-08-12T08:37:00
SHP-102097,ORD-102097,DC-06,LOADED,Carrier-A,2026-08-12T08:42:00,2026-08-12T07:41:00
SHP-102098,ORD-102098,DC-15,BOOKED,Carrier-C,2026-08-12T08:44:00,2026-08-12T07:47:00
SHP-102099,ORD-102099,DC-01,AT_DOCK,Carrier-C,2026-08-12T08:31:00,2026-08-12T09:16:00
SHP-102100,ORD-102100,DC-03,AT_DOCK,Carrier-B,2026-08-12T10:14:00,2026-08-12T09:23:00
SHP-102101,ORD-102101,DC-12,AT_DOCK,Carrier-C,2026-08-12T09:54:00,2026-08-12T08:58:00
SHP-102102,ORD-102102,DC-06,LOADED,Carrier-B,2026-08-12T08:58:00,2026-08-12T08:20:00
SHP-102103,ORD-102103,DC-07,PLANNED,Carrier-A,2026-08-12T08:42:00,2026-08-12T09:05:00
SHP-102104,ORD-102104,DC-04,BOOKED,Carrier-D,2026-08-12T09:09:00,2026-08-12T09:33:00
SHP-102105,ORD-102105,DC-01,DEPARTED,Carrier-A,2026-08-12T09:13:00,2026-08-12T09:50:00
SHP-102106,ORD-102106,DC-17,DELAYED,Carrier-D,2026-08-12T10:39:00,2026-08-12T09:30:00
SHP-102107,ORD-102107,DC-08,PLANNED,Carrier-B,2026-08-12T11:09:00,2026-08-12T09:53:00
SHP-102108,ORD-102108,DC-12,DELAYED,Carrier-D,2026-08-12T10:04:00,2026-08-12T09:07:00
SHP-102109,ORD-102109,DC-05,BOOKED,Carrier-D,2026-08-12T10:19:00,2026-08-12T10:36:00
SHP-102110,ORD-102110,DC-02,DELAYED,Carrier-B,2026-08-12T09:02:00,2026-08-12T09:44:00
SHP-102111,ORD-102111,DC-07,DEPARTED,Carrier-C,2026-08-12T09:30:00,2026-08-12T09:40:00
SHP-102112,ORD-102112,DC-13,BOOKED,Carrier-A,2026-08-12T11:46:00,2026-08-12T10:58:00
SHP-102113,ORD-102113,DC-13,AT_DOCK,Carrier-D,2026-08-12T09:29:00,2026-08-12T09:43:00
SHP-102114,ORD-102114,DC-08,LOADED,Carrier-A,2026-08-12T11:12:00,2026-08-12T09:54:00
SHP-102115,ORD-102115,DC-09,BOOKED,Carrier-B,2026-08-12T10:49:00,2026-08-12T10:01:00
SHP-102116,ORD-102116,DC-07,DELAYED,Carrier-A,2026-08-12T11:24:00,2026-08-12T10:53:00
SHP-102117,ORD-102117,DC-14,LOADED,Carrier-B,2026-08-12T11:37:00,2026-08-12T10:09:00
SHP-102118,ORD-102118,DC-15,DELAYED,Carrier-D,2026-08-12T10:53:00,2026-08-12T11:21:00
SHP-102119,ORD-102119,DC-16,DELAYED,Carrier-A,2026-08-12T12:05:00,2026-08-12T11:27:00
SHP-102120,ORD-102120,DC-08,DEPARTED,Carrier-C,2026-08-12T09:58:00,2026-08-12T10:12:00
SHP-102121,ORD-102121,DC-18,LOADED,Carrier-A,2026-08-12T11:58:00,2026-08-12T11:30:00
SHP-102122,ORD-102122,DC-11,AT_DOCK,Carrier-D,2026-08-12T13:02:00,2026-08-12T12:02:00
SHP-102123,ORD-102123,DC-02,DEPARTED,Carrier-A,2026-08-12T11:38:00,2026-08-12T11:27:00
SHP-102124,ORD-102124,DC-14,BOOKED,Carrier-D,2026-08-12T11:58:00,2026-08-12T10:46:00
SHP-102125,ORD-102125,DC-02,AT_DOCK,Carrier-D,2026-08-12T13:17:00,2026-08-12T12:22:00
SHP-102126,ORD-102126,DC-09,PLANNED,Carrier-D,2026-08-12T12:12:00,2026-08-12T12:00:00
SHP-102127,ORD-102127,DC-15,DELAYED,Carrier-A,2026-08-12T13:27:00,2026-08-12T12:27:00
SHP-102128,ORD-102128,DC-07,DELAYED,Carrier-D,2026-08-12T10:35:00,2026-08-12T11:15:00
SHP-102129,ORD-102129,DC-08,PLANNED,Carrier-B,2026-08-12T11:48:00,2026-08-12T12:17:00
SHP-102130,ORD-102130,DC-14,PLANNED,Carrier-C,2026-08-12T12:18:00,2026-08-12T12:35:00
SHP-102131,ORD-102131,DC-07,DELAYED,Carrier-B,2026-08-12T12:56:00,2026-08-12T11:43:00
SHP-102132,ORD-102132,DC-10,LOADED,Carrier-B,2026-08-12T13:35:00,2026-08-12T13:23:00
SHP-102133,ORD-102133,DC-06,AT_DOCK,Carrier-A,2026-08-12T13:31:00,2026-08-12T12:21:00
SHP-102134,ORD-102134,DC-11,LOADED,Carrier-D,2026-08-12T12:55:00,2026-08-12T13:29:00
SHP-102135,ORD-102135,DC-04,LOADED,Carrier-A,2026-08-12T13:58:00,2026-08-12T13:12:00
SHP-102136,ORD-102136,DC-08,DELAYED,Carrier-A,2026-08-12T13:16:00,2026-08-12T12:18:00
SHP-102137,ORD-102137,DC-16,PLANNED,Carrier-A,2026-08-12T12:58:00,2026-08-12T12:38:00
SHP-102138,ORD-102138,DC-04,PLANNED,Carrier-B,2026-08-12T13:07:00,2026-08-12T12:59:00
SHP-102139,ORD-102139,DC-13,DELAYED,Carrier-B,2026-08-12T12:51:00,2026-08-12T13:31:00
SHP-102140,ORD-102140,DC-08,BOOKED,Carrier-C,2026-08-12T13:18:00,2026-08-12T12:28:00
SHP-102141,ORD-102141,DC-18,LOADED,Carrier-A,2026-08-12T12:49:00,2026-08-12T12:32:00
SHP-102142,ORD-102142,DC-06,AT_DOCK,Carrier-B,2026-08-12T12:43:00,2026-08-12T13:12:00
SHP-102143,ORD-102143,DC-04,LOADED,Carrier-C,2026-08-12T13:45:00,2026-08-12T12:47:00
SHP-102144,ORD-102144,DC-17,DEPARTED,Carrier-B,2026-08-12T13:35:00,2026-08-12T12:42:00
SHP-102145,ORD-102145,DC-14,LOADED,Carrier-A,2026-08-12T14:53:00,2026-08-12T13:34:00
SHP-102146,ORD-102146,DC-18,PLANNED,Carrier-D,2026-08-12T14:08:00,2026-08-12T14:20:00
SHP-102147,ORD-102147,DC-14,BOOKED,Carrier-A,2026-08-12T12:42:00,2026-08-12T12:53:00
SHP-102148,ORD-102148,DC-17,AT_DOCK,Carrier-D,2026-08-12T13:27:00,2026-08-12T13:05:00
SHP-102149,ORD-102149,DC-11,LOADED,Carrier-B,2026-08-12T13:11:00,2026-08-12T13:32:00
SHP-102150,ORD-102150,DC-18,BOOKED,Carrier-A,2026-08-12T15:11:00,2026-08-12T14:50:00
SHP-102151,ORD-102151,DC-17,PLANNED,Carrier-A,2026-08-12T14:57:00,2026-08-12T14:42:00
SHP-102152,ORD-102152,DC-07,DEPARTED,Carrier-B,2026-08-12T15:19:00,2026-08-12T15:00:00
SHP-102153,ORD-102153,DC-04,AT_DOCK,Carrier-C,2026-08-12T13:57:00,2026-08-12T14:05:00
SHP-102154,ORD-102154,DC-18,BOOKED,Carrier-D,2026-08-12T15:08:00,2026-08-12T14:47:00
SHP-102155,ORD-102155,DC-16,AT_DOCK,Carrier-B,2026-08-12T13:25:00,2026-08-12T13:46:00
SHP-102156,ORD-102156,DC-13,PLANNED,Carrier-D,2026-08-12T14:15:00,2026-08-12T14:44:00
SHP-102157,ORD-102157,DC-07,DEPARTED,Carrier-A,2026-08-12T13:41:00,2026-08-12T13:48:00
SHP-102158,ORD-102158,DC-17,BOOKED,Carrier-D,2026-08-12T15:34:00,2026-08-12T14:34:00
SHP-102159,ORD-102159,DC-14,DELAYED,Carrier-B,2026-08-12T15:39:00,2026-08-12T14:20:00
SHP-102160,ORD-102160,DC-01,BOOKED,Carrier-C,2026-08-12T16:25:00,2026-08-12T15:33:00
SHP-102161,ORD-102161,DC-09,AT_DOCK,Carrier-A,2026-08-12T15:02:00,2026-08-12T14:10:00
SHP-102162,ORD-102162,DC-15,LOADED,Carrier-D,2026-08-12T14:45:00,2026-08-12T15:28:00
SHP-102163,ORD-102163,DC-17,DELAYED,Carrier-D,2026-08-12T15:07:00,2026-08-12T14:30:00
SHP-102164,ORD-102164,DC-18,PLANNED,Carrier-D,2026-08-12T14:17:00,2026-08-12T14:57:00
SHP-102165,ORD-102165,DC-14,BOOKED,Carrier-A,2026-08-12T15:56:00,2026-08-12T16:16:00
SHP-102166,ORD-102166,DC-02,LOADED,Carrier-D,2026-08-12T17:39:00,2026-08-12T16:31:00
SHP-102167,ORD-102167,DC-15,PLANNED,Carrier-C,2026-08-12T16:15:00,2026-08-12T15:02:00
SHP-102168,ORD-102168,DC-07,AT_DOCK,Carrier-B,2026-08-12T16:39:00,2026-08-12T16:14:00
SHP-102169,ORD-102169,DC-09,AT_DOCK,Carrier-D,2026-08-12T17:41:00,2026-08-12T16:23:00
SHP-102170,ORD-102170,DC-17,AT_DOCK,Carrier-D,2026-08-12T17:03:00,2026-08-12T15:36:00
SHP-102171,ORD-102171,DC-09,BOOKED,Carrier-D,2026-08-12T16:14:00,2026-08-12T15:38:00
SHP-102172,ORD-102172,DC-16,BOOKED,Carrier-D,2026-08-12T17:28:00,2026-08-12T17:06:00
SHP-102173,ORD-102173,DC-07,DELAYED,Carrier-C,2026-08-12T16:57:00,2026-08-12T17:17:00
SHP-102174,ORD-102174,DC-08,DEPARTED,Carrier-C,2026-08-12T19:05:00,2026-08-12T17:42:00
SHP-102175,ORD-102175,DC-13,AT_DOCK,Carrier-D,2026-08-12T16:31:00,2026-08-12T16:03:00
SHP-102176,ORD-102176,DC-18,DEPARTED,Carrier-D,2026-08-12T17:53:00,2026-08-12T17:44:00
SHP-102177,ORD-102177,DC-05,LOADED,Carrier-C,2026-08-12T16:44:00,2026-08-12T17:23:00
SHP-102178,ORD-102178,DC-09,DEPARTED,Carrier-D,2026-08-12T16:39:00,2026-08-12T16:58:00
SHP-102179,ORD-102179,DC-04,BOOKED,Carrier-B,2026-08-12T19:00:00,2026-08-12T18:01:00
SHP-102180,ORD-102180,DC-11,DEPARTED,Carrier-A,2026-08-12T17:12:00,2026-08-12T17:23:00
SHP-102181,ORD-102181,DC-17,DELAYED,Carrier-B,2026-08-12T17:04:00,2026-08-12T17:26:00
SHP-102182,ORD-102182,DC-13,BOOKED,Carrier-B,2026-08-12T17:23:00,2026-08-12T17:52:00
SHP-102183,ORD-102183,DC-10,LOADED,Carrier-C,2026-08-12T18:59:00,2026-08-12T18:48:00
SHP-102184,ORD-102184,DC-17,PLANNED,Carrier-C,2026-08-12T17:57:00,2026-08-12T18:22:00
SHP-102185,ORD-102185,DC-09,LOADED,Carrier-A,2026-08-12T19:53:00,2026-08-12T18:57:00
SHP-102186,ORD-102186,DC-12,LOADED,Carrier-B,2026-08-12T18:57:00,2026-08-12T19:21:00
SHP-102187,ORD-102187,DC-08,BOOKED,Carrier-C,2026-08-12T19:50:00,2026-08-12T18:43:00
SHP-102188,ORD-102188,DC-01,DEPARTED,Carrier-D,2026-08-12T17:45:00,2026-08-12T18:08:00
SHP-102189,ORD-102189,DC-01,LOADED,Carrier-A,2026-08-12T19:04:00,2026-08-12T19:11:00
SHP-102190,ORD-102190,DC-09,PLANNED,Carrier-A,2026-08-12T21:14:00,2026-08-12T19:46:00
SHP-102191,ORD-102191,DC-05,PLANNED,Carrier-D,2026-08-12T18:37:00,2026-08-12T18:59:00
SHP-102192,ORD-102192,DC-12,BOOKED,Carrier-D,2026-08-12T20:14:00,2026-08-12T18:50:00
SHP-102193,ORD-102193,DC-09,DELAYED,Carrier-B,2026-08-12T19:50:00,2026-08-12T19:42:00
SHP-102194,ORD-102194,DC-06,DEPARTED,Carrier-A,2026-08-12T22:58:00,2026-08-12T21:32:00
SHP-102195,ORD-102195,DC-16,AT_DOCK,Carrier-C,2026-08-12T20:19:00,2026-08-12T20:45:00
SHP-102196,ORD-102196,DC-14,DELAYED,Carrier-A,2026-08-12T22:26:00,2026-08-12T21:28:00
SHP-102197,ORD-102197,DC-14,PLANNED,Carrier-A,2026-08-12T22:25:00,2026-08-12T21:11:00
SHP-102198,ORD-102198,DC-08,PLANNED,Carrier-D,2026-08-12T21:04:00,2026-08-12T21:20:00
SHP-102199,ORD-102199,DC-06,PLANNED,Carrier-D,2026-08-12T20:44:00,2026-08-12T21:27:00
SHP-102200,ORD-102200,DC-03,AT_DOCK,Carrier-A,2026-08-12T19:58:00,2026-08-12T20:29:00
SHP-102201,ORD-102201,DC-02,AT_DOCK,Carrier-D,2026-08-12T22:36:00,2026-08-12T22:14:00
SHP-102202,ORD-102202,DC-16,AT_DOCK,Carrier-A,2026-08-12T22:43:00,2026-08-12T21:35:00
SHP-102203,ORD-102203,DC-14,DELAYED,Carrier-B,2026-08-12T21:57:00,2026-08-12T21:43:00
SHP-102204,ORD-102204,DC-10,AT_DOCK,Carrier-C,2026-08-12T20:47:00,2026-08-12T21:22:00
SHP-102205,ORD-102205,DC-04,DELAYED,Carrier-D,2026-08-13T00:02:00,2026-08-12T22:36:00
SHP-102206,ORD-102206,DC-12,BOOKED,Carrier-B,2026-08-12T23:27:00,2026-08-12T22:15:00
SHP-102207,ORD-102207,DC-05,DEPARTED,Carrier-B,2026-08-12T21:46:00,2026-08-12T21:58:00
SHP-102208,ORD-102208,DC-08,DEPARTED,Carrier-A,2026-08-12T23:56:00,2026-08-12T23:05:00
SHP-102209,ORD-102209,DC-05,DEPARTED,Carrier-C,2026-08-13T00:36:00,2026-08-12T23:22:00
SHP-102210,ORD-102210,DC-12,LOADED,Carrier-C,2026-08-12T23:57:00,2026-08-12T23:27:00
SHP-102211,ORD-102211,DC-01,LOADED,Carrier-A,2026-08-12T22:51:00,2026-08-12T21:37:00
SHP-102212,ORD-102212,DC-18,DEPARTED,Carrier-A,2026-08-12T23:23:00,2026-08-12T22:36:00
SHP-102213,ORD-102213,DC-10,BOOKED,Carrier-A,2026-08-13T00:02:00,2026-08-12T22:49:00
SHP-102214,ORD-102214,DC-02,BOOKED,Carrier-A,2026-08-12T23:33:00,2026-08-12T23:54:00
SHP-102215,ORD-102215,DC-04,LOADED,Carrier-B,2026-08-13T00:06:00,2026-08-12T22:44:00
SHP-102216,ORD-102216,DC-17,AT_DOCK,Carrier-D,2026-08-13T00:09:00,2026-08-12T22:59:00
SHP-102217,ORD-102217,DC-18,BOOKED,Carrier-C,2026-08-12T23:10:00,2026-08-12T23:36:00
SHP-102218,ORD-102218,DC-05,PLANNED,Carrier-B,2026-08-12T23:26:00,2026-08-12T23:48:00
SHP-102219,ORD-102219,DC-08,PLANNED,Carrier-B,2026-08-12T23:50:00,2026-08-12T23:59:00
SHP-102220,ORD-102220,DC-16,DELAYED,Carrier-B,2026-08-12T22:47:00,2026-08-12T23:03:00
SHP-102221,ORD-102221,DC-04,BOOKED,Carrier-A,2026-08-12T23:50:00,2026-08-12T23:56:00
SHP-102222,ORD-102222,DC-06,DEPARTED,Carrier-D,2026-08-13T00:13:00,2026-08-12T23:33:00
SHP-102223,ORD-102223,DC-16,BOOKED,Carrier-B,2026-08-12T22:50:00,2026-08-12T23:20:00
SHP-102224,ORD-102224,DC-05,DELAYED,Carrier-A,2026-08-13T02:05:00,2026-08-13T01:11:00
SHP-102225,ORD-102225,DC-10,PLANNED,Carrier-A,2026-08-13T01:34:00,2026-08-13T00:34:00
SHP-102226,ORD-102226,DC-14,DEPARTED,Carrier-C,2026-08-12T23:59:00,2026-08-12T23:36:00
SHP-102227,ORD-102227,DC-17,PLANNED,Carrier-B,2026-08-13T00:52:00,2026-08-13T00:28:00
SHP-102228,ORD-102228,DC-15,AT_DOCK,Carrier-D,2026-08-13T01:20:00,2026-08-13T00:54:00
SHP-102229,ORD-102229,DC-05,BOOKED,Carrier-B,2026-08-13T00:49:00,2026-08-13T00:14:00
SHP-102230,ORD-102230,DC-05,PLANNED,Carrier-C,2026-08-13T02:36:00,2026-08-13T01:30:00
SHP-102231,ORD-102231,DC-04,LOADED,Carrier-D,2026-08-13T00:43:00,2026-08-13T01:23:00
SHP-102232,ORD-102232,DC-10,DEPARTED,Carrier-A,2026-08-12T23:52:00,2026-08-13T00:13:00
SHP-102233,ORD-102233,DC-12,AT_DOCK,Carrier-C,2026-08-13T01:50:00,2026-08-13T00:39:00
SHP-102234,ORD-102234,DC-08,DEPARTED,Carrier-D,2026-08-13T00:11:00,2026-08-13T00:48:00
SHP-102235,ORD-102235,DC-09,BOOKED,Carrier-A,2026-08-13T03:06:00,2026-08-13T02:03:00
SHP-102236,ORD-102236,DC-15,AT_DOCK,Carrier-D,2026-08-13T01:44:00,2026-08-13T01:54:00
SHP-102237,ORD-102237,DC-08,DELAYED,Carrier-C,2026-08-13T03:21:00,2026-08-13T02:38:00
SHP-102238,ORD-102238,DC-13,BOOKED,Carrier-A,2026-08-13T02:30:00,2026-08-13T02:19:00
SHP-102239,ORD-102239,DC-16,BOOKED,Carrier-D,2026-08-13T03:14:00,2026-08-13T01:59:00
SHP-102240,ORD-102240,DC-13,DELAYED,Carrier-A,2026-08-13T02:44:00,2026-08-13T01:51:00
SHP-102241,ORD-102241,DC-01,PLANNED,Carrier-C,2026-08-13T03:16:00,2026-08-13T02:57:00
SHP-102242,ORD-102242,DC-10,BOOKED,Carrier-A,2026-08-13T03:06:00,2026-08-13T02:55:00
SHP-102243,ORD-102243,DC-06,DELAYED,Carrier-B,2026-08-13T03:40:00,2026-08-13T02:49:00
SHP-102244,ORD-102244,DC-02,LOADED,Carrier-C,2026-08-13T03:28:00,2026-08-13T02:16:00
SHP-102245,ORD-102245,DC-08,PLANNED,Carrier-A,2026-08-13T03:21:00,2026-08-13T02:32:00
SHP-102246,ORD-102246,DC-11,AT_DOCK,Carrier-C,2026-08-13T02:27:00,2026-08-13T02:55:00
SHP-102247,ORD-102247,DC-16,BOOKED,Carrier-C,2026-08-13T04:34:00,2026-08-13T03:43:00
SHP-102248,ORD-102248,DC-18,DEPARTED,Carrier-C,2026-08-13T04:20:00,2026-08-13T03:23:00
SHP-102249,ORD-102249,DC-15,AT_DOCK,Carrier-A,2026-08-13T03:02:00,2026-08-13T03:32:00
SHP-102250,ORD-102250,DC-16,BOOKED,Carrier-B,2026-08-13T02:44:00,2026-08-13T03:27:00
SHP-102251,ORD-102251,DC-16,AT_DOCK,Carrier-B,2026-08-13T04:49:00,2026-08-13T03:45:00
SHP-102252,ORD-102252,DC-12,DEPARTED,Carrier-C,2026-08-13T03:10:00,2026-08-13T03:17:00
SHP-102253,ORD-102253,DC-09,BOOKED,Carrier-A,2026-08-13T05:20:00,2026-08-13T04:14:00
SHP-102254,ORD-102254,DC-18,PLANNED,Carrier-C,2026-08-13T04:09:00,2026-08-13T03:06:00
SHP-102255,ORD-102255,DC-08,PLANNED,Carrier-D,2026-08-13T04:26:00,2026-08-13T03:21:00
SHP-102256,ORD-102256,DC-06,BOOKED,Carrier-A,2026-08-13T05:56:00,2026-08-13T04:56:00
SHP-102257,ORD-102257,DC-11,DEPARTED,Carrier-D,2026-08-13T05:00:00,2026-08-13T03:38:00
SHP-102258,ORD-102258,DC-14,BOOKED,Carrier-C,2026-08-13T03:21:00,2026-08-13T04:06:00
SHP-102259,ORD-102259,DC-17,DELAYED,Carrier-D,2026-08-13T04:27:00,2026-08-13T03:35:00
SHP-102260,ORD-102260,DC-14,BOOKED,Carrier-B,2026-08-13T04:30:00,2026-08-13T05:15:00
SHP-102261,ORD-102261,DC-01,PLANNED,Carrier-C,2026-08-13T05:11:00,2026-08-13T04:35:00
SHP-102262,ORD-102262,DC-15,DELAYED,Carrier-D,2026-08-13T05:43:00,2026-08-13T04:34:00
SHP-102263,ORD-102263,DC-08,AT_DOCK,Carrier-B,2026-08-13T04:45:00,2026-08-13T04:17:00
SHP-102264,ORD-102264,DC-14,DELAYED,Carrier-D,2026-08-13T05:09:00,2026-08-13T05:28:00
SHP-102265,ORD-102265,DC-15,DELAYED,Carrier-D,2026-08-13T05:56:00,2026-08-13T05:45:00
SHP-102266,ORD-102266,DC-15,LOADED,Carrier-B,2026-08-13T05:56:00,2026-08-13T06:01:00
SHP-102267,ORD-102267,DC-15,DELAYED,Carrier-C,2026-08-13T05:40:00,2026-08-13T06:12:00
SHP-102268,ORD-102268,DC-04,DELAYED,Carrier-B,2026-08-13T05:58:00,2026-08-13T05:18:00
SHP-102269,ORD-102269,DC-13,BOOKED,Carrier-C,2026-08-13T05:08:00,2026-08-13T05:15:00
SHP-102270,ORD-102270,DC-11,DELAYED,Carrier-A,2026-08-13T05:08:00,2026-08-13T05:27:00
SHP-102271,ORD-102271,DC-16,BOOKED,Carrier-A,2026-08-13T06:30:00,2026-08-13T05:51:00
SHP-102272,ORD-102272,DC-03,PLANNED,Carrier-D,2026-08-13T08:29:00,2026-08-13T07:01:00
SHP-102273,ORD-102273,DC-11,PLANNED,Carrier-A,2026-08-13T07:26:00,2026-08-13T06:04:00
SHP-102274,ORD-102274,DC-09,BOOKED,Carrier-A,2026-08-13T07:24:00,2026-08-13T06:30:00
SHP-102275,ORD-102275,DC-12,LOADED,Carrier-B,2026-08-13T08:21:00,2026-08-13T07:21:00
SHP-102276,ORD-102276,DC-15,PLANNED,Carrier-A,2026-08-13T08:00:00,2026-08-13T06:51:00
SHP-102277,ORD-102277,DC-04,DEPARTED,Carrier-D,2026-08-13T06:58:00,2026-08-13T07:07:00
SHP-102278,ORD-102278,DC-11,AT_DOCK,Carrier-B,2026-08-13T07:28:00,2026-08-13T06:59:00
SHP-102279,ORD-102279,DC-15,LOADED,Carrier-B,2026-08-13T06:58:00,2026-08-13T07:08:00
SHP-102280,ORD-102280,DC-16,LOADED,Carrier-C,2026-08-13T06:26:00,2026-08-13T06:14:00
SHP-102281,ORD-102281,DC-05,LOADED,Carrier-B,2026-08-13T08:16:00,2026-08-13T07:16:00
SHP-102282,ORD-102282,DC-03,LOADED,Carrier-D,2026-08-13T06:19:00,2026-08-13T06:44:00
SHP-102283,ORD-102283,DC-14,PLANNED,Carrier-C,2026-08-13T05:39:00,2026-08-13T06:06:00
SHP-102284,ORD-102284,DC-10,BOOKED,Carrier-C,2026-08-13T08:49:00,2026-08-13T07:37:00
SHP-102285,ORD-102285,DC-07,DEPARTED,Carrier-A,2026-08-13T07:07:00,2026-08-13T06:42:00
SHP-102286,ORD-102286,DC-05,DEPARTED,Carrier-A,2026-08-13T07:40:00,2026-08-13T07:26:00
SHP-102287,ORD-102287,DC-02,DEPARTED,Carrier-B,2026-08-13T08:03:00,2026-08-13T07:26:00
SHP-102288,ORD-102288,DC-17,PLANNED,Carrier-B,2026-08-13T08:20:00,2026-08-13T07:01:00
SHP-102289,ORD-102289,DC-11,PLANNED,Carrier-C,2026-08-13T07:33:00,2026-08-13T07:53:00
SHP-102290,ORD-102290,DC-13,DELAYED,Carrier-B,2026-08-13T08:36:00,2026-08-13T07:17:00
SHP-102291,ORD-102291,DC-15,PLANNED,Carrier-B,2026-08-13T08:01:00,2026-08-13T07:53:00
SHP-102292,ORD-102292,DC-05,DEPARTED,Carrier-C,2026-08-13T08:52:00,2026-08-13T08:25:00
SHP-102293,ORD-102293,DC-13,LOADED,Carrier-B,2026-08-13T10:14:00,2026-08-13T09:01:00
SHP-102294,ORD-102294,DC-11,BOOKED,Carrier-A,2026-08-13T09:38:00,2026-08-13T08:41:00
SHP-102295,ORD-102295,DC-10,DEPARTED,Carrier-C,2026-08-13T07:52:00,2026-08-13T07:43:00
SHP-102296,ORD-102296,DC-10,PLANNED,Carrier-A,2026-08-13T09:13:00,2026-08-13T08:51:00
SHP-102297,ORD-102297,DC-13,DELAYED,Carrier-C,2026-08-13T08:15:00,2026-08-13T08:26:00
SHP-102298,ORD-102298,DC-10,BOOKED,Carrier-C,2026-08-13T09:45:00,2026-08-13T08:43:00
SHP-102299,ORD-102299,DC-16,LOADED,Carrier-B,2026-08-13T09:34:00,2026-08-13T09:50:00
SHP-102300,ORD-102300,DC-17,AT_DOCK,Carrier-B,2026-08-13T09:25:00,2026-08-13T08:09:00
SHP-102301,ORD-102301,DC-18,LOADED,Carrier-D,2026-08-13T10:21:00,2026-08-13T09:21:00
SHP-102302,ORD-102302,DC-06,BOOKED,Carrier-D,2026-08-13T09:01:00,2026-08-13T09:27:00
SHP-102303,ORD-102303,DC-11,DEPARTED,Carrier-D,2026-08-13T09:28:00,2026-08-13T10:06:00
SHP-102304,ORD-102304,DC-05,AT_DOCK,Carrier-B,2026-08-13T09:15:00,2026-08-13T08:50:00
SHP-102305,ORD-102305,DC-12,BOOKED,Carrier-B,2026-08-13T08:47:00,2026-08-13T09:02:00
SHP-102306,ORD-102306,DC-03,AT_DOCK,Carrier-B,2026-08-13T08:32:00,2026-08-13T09:05:00
SHP-102307,ORD-102307,DC-16,LOADED,Carrier-A,2026-08-13T09:38:00,2026-08-13T10:16:00
SHP-102308,ORD-102308,DC-15,DELAYED,Carrier-D,2026-08-13T12:11:00,2026-08-13T11:29:00
SHP-102309,ORD-102309,DC-16,LOADED,Carrier-C,2026-08-13T10:37:00,2026-08-13T11:07:00
SHP-102310,ORD-102310,DC-17,BOOKED,Carrier-D,2026-08-13T10:59:00,2026-08-13T11:35:00
SHP-102311,ORD-102311,DC-11,LOADED,Carrier-B,2026-08-13T09:52:00,2026-08-13T10:33:00
SHP-102312,ORD-102312,DC-08,LOADED,Carrier-C,2026-08-13T11:30:00,2026-08-13T11:39:00
SHP-102313,ORD-102313,DC-11,BOOKED,Carrier-B,2026-08-13T10:59:00,2026-08-13T11:23:00
SHP-102314,ORD-102314,DC-04,BOOKED,Carrier-D,2026-08-13T13:12:00,2026-08-13T11:57:00
SHP-102315,ORD-102315,DC-02,LOADED,Carrier-C,2026-08-13T12:13:00,2026-08-13T11:36:00
SHP-102316,ORD-102316,DC-07,BOOKED,Carrier-A,2026-08-13T11:47:00,2026-08-13T11:14:00
SHP-102317,ORD-102317,DC-05,DEPARTED,Carrier-C,2026-08-13T12:40:00,2026-08-13T11:22:00
SHP-102318,ORD-102318,DC-03,DEPARTED,Carrier-A,2026-08-13T12:56:00,2026-08-13T12:42:00
SHP-102319,ORD-102319,DC-14,LOADED,Carrier-A,2026-08-13T13:09:00,2026-08-13T11:49:00
SHP-102320,ORD-102320,DC-03,BOOKED,Carrier-C,2026-08-13T13:33:00,2026-08-13T12:22:00
SHP-102321,ORD-102321,DC-12,BOOKED,Carrier-A,2026-08-13T12:43:00,2026-08-13T13:18:00
SHP-102322,ORD-102322,DC-04,LOADED,Carrier-B,2026-08-13T12:43:00,2026-08-13T13:14:00
SHP-102323,ORD-102323,DC-15,PLANNED,Carrier-C,2026-08-13T13:24:00,2026-08-13T12:49:00
SHP-102324,ORD-102324,DC-17,PLANNED,Carrier-C,2026-08-13T11:50:00,2026-08-13T12:09:00
SHP-102325,ORD-102325,DC-18,PLANNED,Carrier-C,2026-08-13T14:15:00,2026-08-13T13:01:00
SHP-102326,ORD-102326,DC-02,DEPARTED,Carrier-D,2026-08-13T13:08:00,2026-08-13T13:17:00
SHP-102327,ORD-102327,DC-18,DEPARTED,Carrier-B,2026-08-13T12:13:00,2026-08-13T12:20:00
SHP-102328,ORD-102328,DC-10,BOOKED,Carrier-A,2026-08-13T12:48:00,2026-08-13T12:38:00
SHP-102329,ORD-102329,DC-15,BOOKED,Carrier-D,2026-08-13T13:38:00,2026-08-13T13:28:00
SHP-102330,ORD-102330,DC-10,DEPARTED,Carrier-C,2026-08-13T12:59:00,2026-08-13T12:29:00
SHP-102331,ORD-102331,DC-05,BOOKED,Carrier-D,2026-08-13T13:27:00,2026-08-13T13:48:00
SHP-102332,ORD-102332,DC-10,AT_DOCK,Carrier-B,2026-08-13T13:00:00,2026-08-13T13:13:00
SHP-102333,ORD-102333,DC-15,DELAYED,Carrier-D,2026-08-13T14:03:00,2026-08-13T13:43:00
SHP-102334,ORD-102334,DC-09,PLANNED,Carrier-B,2026-08-13T13:55:00,2026-08-13T13:28:00
SHP-102335,ORD-102335,DC-16,LOADED,Carrier-C,2026-08-13T14:21:00,2026-08-13T13:02:00
SHP-102336,ORD-102336,DC-03,DEPARTED,Carrier-A,2026-08-13T15:03:00,2026-08-13T13:39:00
SHP-102337,ORD-102337,DC-14,PLANNED,Carrier-B,2026-08-13T13:15:00,2026-08-13T13:30:00
SHP-102338,ORD-102338,DC-03,DEPARTED,Carrier-C,2026-08-13T15:47:00,2026-08-13T15:05:00
SHP-102339,ORD-102339,DC-16,PLANNED,Carrier-D,2026-08-13T14:15:00,2026-08-13T14:42:00
SHP-102340,ORD-102340,DC-14,DEPARTED,Carrier-A,2026-08-13T13:44:00,2026-08-13T13:53:00
SHP-102341,ORD-102341,DC-01,LOADED,Carrier-B,2026-08-13T13:35:00,2026-08-13T14:05:00
SHP-102342,ORD-102342,DC-16,DEPARTED,Carrier-D,2026-08-13T14:30:00,2026-08-13T14:05:00
SHP-102343,ORD-102343,DC-16,AT_DOCK,Carrier-A,2026-08-13T15:29:00,2026-08-13T14:57:00
SHP-102344,ORD-102344,DC-17,DELAYED,Carrier-C,2026-08-13T15:08:00,2026-08-13T14:14:00
SHP-102345,ORD-102345,DC-12,AT_DOCK,Carrier-B,2026-08-13T13:26:00,2026-08-13T14:04:00
SHP-102346,ORD-102346,DC-09,AT_DOCK,Carrier-C,2026-08-13T14:35:00,2026-08-13T14:42:00
SHP-102347,ORD-102347,DC-09,DELAYED,Carrier-C,2026-08-13T16:25:00,2026-08-13T15:27:00
SHP-102348,ORD-102348,DC-03,DELAYED,Carrier-B,2026-08-13T15:43:00,2026-08-13T16:13:00
SHP-102349,ORD-102349,DC-15,BOOKED,Carrier-A,2026-08-13T16:36:00,2026-08-13T15:58:00
SHP-102350,ORD-102350,DC-10,DEPARTED,Carrier-D,2026-08-13T16:30:00,2026-08-13T15:13:00
SHP-102351,ORD-102351,DC-15,AT_DOCK,Carrier-A,2026-08-13T17:20:00,2026-08-13T16:40:00
SHP-102352,ORD-102352,DC-12,AT_DOCK,Carrier-C,2026-08-13T16:21:00,2026-08-13T15:02:00
SHP-102353,ORD-102353,DC-15,BOOKED,Carrier-A,2026-08-13T18:12:00,2026-08-13T16:54:00
SHP-102354,ORD-102354,DC-08,BOOKED,Carrier-D,2026-08-13T15:25:00,2026-08-13T15:14:00
SHP-102355,ORD-102355,DC-04,PLANNED,Carrier-B,2026-08-13T14:34:00,2026-08-13T15:15:00
SHP-102356,ORD-102356,DC-16,LOADED,Carrier-D,2026-08-13T15:22:00,2026-08-13T15:30:00
SHP-102357,ORD-102357,DC-12,PLANNED,Carrier-A,2026-08-13T17:06:00,2026-08-13T16:01:00
SHP-102358,ORD-102358,DC-16,BOOKED,Carrier-B,2026-08-13T16:59:00,2026-08-13T17:11:00
SHP-102359,ORD-102359,DC-06,BOOKED,Carrier-A,2026-08-13T18:09:00,2026-08-13T17:33:00
SHP-102360,ORD-102360,DC-07,LOADED,Carrier-A,2026-08-13T18:20:00,2026-08-13T17:31:00
SHP-102361,ORD-102361,DC-10,DELAYED,Carrier-D,2026-08-13T16:19:00,2026-08-13T16:25:00
SHP-102362,ORD-102362,DC-14,AT_DOCK,Carrier-B,2026-08-13T16:10:00,2026-08-13T16:32:00
SHP-102363,ORD-102363,DC-05,AT_DOCK,Carrier-B,2026-08-13T16:37:00,2026-08-13T16:11:00
SHP-102364,ORD-102364,DC-11,DELAYED,Carrier-D,2026-08-13T16:42:00,2026-08-13T16:23:00
SHP-102365,ORD-102365,DC-06,DEPARTED,Carrier-B,2026-08-13T16:08:00,2026-08-13T16:24:00
SHP-102366,ORD-102366,DC-10,DEPARTED,Carrier-D,2026-08-13T18:38:00,2026-08-13T17:26:00
SHP-102367,ORD-102367,DC-07,BOOKED,Carrier-C,2026-08-13T17:00:00,2026-08-13T17:21:00
SHP-102368,ORD-102368,DC-06,BOOKED,Carrier-A,2026-08-13T18:23:00,2026-08-13T18:03:00
SHP-102369,ORD-102369,DC-17,DELAYED,Carrier-B,2026-08-13T17:56:00,2026-08-13T18:29:00
SHP-102370,ORD-102370,DC-04,PLANNED,Carrier-C,2026-08-13T17:16:00,2026-08-13T16:38:00
SHP-102371,ORD-102371,DC-09,BOOKED,Carrier-C,2026-08-13T18:19:00,2026-08-13T16:49:00
SHP-102372,ORD-102372,DC-18,AT_DOCK,Carrier-A,2026-08-13T19:30:00,2026-08-13T18:29:00
SHP-102373,ORD-102373,DC-04,AT_DOCK,Carrier-D,2026-08-13T17:08:00,2026-08-13T16:59:00
SHP-102374,ORD-102374,DC-14,BOOKED,Carrier-B,2026-08-13T17:14:00,2026-08-13T17:48:00
SHP-102375,ORD-102375,DC-09,BOOKED,Carrier-A,2026-08-13T18:49:00,2026-08-13T17:34:00
SHP-102376,ORD-102376,DC-05,LOADED,Carrier-C,2026-08-13T19:08:00,2026-08-13T19:30:00
SHP-102377,ORD-102377,DC-17,DEPARTED,Carrier-B,2026-08-13T20:22:00,2026-08-13T19:50:00
SHP-102378,ORD-102378,DC-01,DEPARTED,Carrier-B,2026-08-13T20:46:00,2026-08-13T19:34:00
SHP-102379,ORD-102379,DC-14,BOOKED,Carrier-A,2026-08-13T20:21:00,2026-08-13T19:39:00
SHP-102380,ORD-102380,DC-18,LOADED,Carrier-B,2026-08-13T19:28:00,2026-08-13T18:38:00
SHP-102381,ORD-102381,DC-18,DELAYED,Carrier-B,2026-08-13T19:39:00,2026-08-13T20:13:00
SHP-102382,ORD-102382,DC-08,PLANNED,Carrier-C,2026-08-13T20:59:00,2026-08-13T20:29:00
SHP-102383,ORD-102383,DC-12,PLANNED,Carrier-A,2026-08-13T19:08:00,2026-08-13T19:41:00
SHP-102384,ORD-102384,DC-14,AT_DOCK,Carrier-A,2026-08-13T19:30:00,2026-08-13T19:47:00
SHP-102385,ORD-102385,DC-17,LOADED,Carrier-D,2026-08-13T19:39:00,2026-08-13T20:00:00
SHP-102386,ORD-102386,DC-06,DELAYED,Carrier-A,2026-08-13T22:16:00,2026-08-13T21:09:00
SHP-102387,ORD-102387,DC-03,DELAYED,Carrier-B,2026-08-13T22:17:00,2026-08-13T21:10:00
SHP-102388,ORD-102388,DC-15,DEPARTED,Carrier-C,2026-08-13T22:21:00,2026-08-13T21:39:00
SHP-102389,ORD-102389,DC-04,PLANNED,Carrier-D,2026-08-13T20:38:00,2026-08-13T20:19:00
SHP-102390,ORD-102390,DC-09,DELAYED,Carrier-C,2026-08-13T20:34:00,2026-08-13T20:21:00
SHP-102391,ORD-102391,DC-03,LOADED,Carrier-A,2026-08-13T22:38:00,2026-08-13T21:19:00
SHP-102392,ORD-102392,DC-07,PLANNED,Carrier-A,2026-08-13T21:07:00,2026-08-13T20:41:00
SHP-102393,ORD-102393,DC-14,LOADED,Carrier-A,2026-08-13T21:25:00,2026-08-13T21:34:00
SHP-102394,ORD-102394,DC-07,PLANNED,Carrier-D,2026-08-13T21:10:00,2026-08-13T21:31:00
SHP-102395,ORD-102395,DC-08,BOOKED,Carrier-C,2026-08-13T20:22:00,2026-08-13T20:50:00
SHP-102396,ORD-102396,DC-17,PLANNED,Carrier-A,2026-08-13T22:59:00,2026-08-13T21:58:00
SHP-102397,ORD-102397,DC-07,AT_DOCK,Carrier-B,2026-08-13T21:59:00,2026-08-13T20:55:00
SHP-102398,ORD-102398,DC-10,LOADED,Carrier-D,2026-08-13T22:38:00,2026-08-13T21:09:00
SHP-102399,ORD-102399,DC-09,DELAYED,Carrier-C,2026-08-13T21:29:00,2026-08-13T21:13:00
SHP-102400,ORD-102400,DC-15,DELAYED,Carrier-A,2026-08-13T22:11:00,2026-08-13T22:00:00
SHP-102401,ORD-102401,DC-17,AT_DOCK,Carrier-A,2026-08-14T00:00:00,2026-08-13T22:50:00
SHP-102402,ORD-102402,DC-16,PLANNED,Carrier-A,2026-08-13T22:07:00,2026-08-13T21:22:00
SHP-102403,ORD-102403,DC-03,DEPARTED,Carrier-D,2026-08-13T22:27:00,2026-08-13T22:45:00
SHP-102404,ORD-102404,DC-17,BOOKED,Carrier-D,2026-08-13T22:12:00,2026-08-13T22:46:00
SHP-102405,ORD-102405,DC-09,LOADED,Carrier-C,2026-08-14T00:22:00,2026-08-13T23:16:00
SHP-102406,ORD-102406,DC-15,DEPARTED,Carrier-B,2026-08-13T23:07:00,2026-08-13T21:39:00
SHP-102407,ORD-102407,DC-03,DEPARTED,Carrier-B,2026-08-13T21:35:00,2026-08-13T22:07:00
SHP-102408,ORD-102408,DC-13,DELAYED,Carrier-B,2026-08-13T23:11:00,2026-08-13T23:05:00
SHP-102409,ORD-102409,DC-02,PLANNED,Carrier-A,2026-08-14T00:17:00,2026-08-13T23:31:00
SHP-102410,ORD-102410,DC-14,LOADED,Carrier-D,2026-08-13T23:42:00,2026-08-13T23:05:00
SHP-102411,ORD-102411,DC-09,AT_DOCK,Carrier-C,2026-08-13T22:51:00,2026-08-13T22:30:00
SHP-102412,ORD-102412,DC-07,LOADED,Carrier-C,2026-08-14T01:15:00,2026-08-14T00:08:00
SHP-102413,ORD-102413,DC-11,DEPARTED,Carrier-C,2026-08-13T23:00:00,2026-08-13T23:14:00
SHP-102414,ORD-102414,DC-10,BOOKED,Carrier-C,2026-08-14T00:24:00,2026-08-14T00:19:00
SHP-102415,ORD-102415,DC-11,AT_DOCK,Carrier-A,2026-08-14T01:07:00,2026-08-13T23:53:00
SHP-102416,ORD-102416,DC-02,LOADED,Carrier-A,2026-08-14T01:09:00,2026-08-14T00:11:00
SHP-102417,ORD-102417,DC-03,LOADED,Carrier-A,2026-08-13T22:31:00,2026-08-13T23:11:00
SHP-102418,ORD-102418,DC-10,LOADED,Carrier-D,2026-08-14T01:43:00,2026-08-14T00:46:00
SHP-102419,ORD-102419,DC-10,DELAYED,Carrier-A,2026-08-14T00:01:00,2026-08-13T23:51:00
SHP-102420,ORD-102420,DC-03,AT_DOCK,Carrier-D,2026-08-14T01:46:00,2026-08-14T00:38:00
SHP-102421,ORD-102421,DC-07,AT_DOCK,Carrier-B,2026-08-14T00:41:00,2026-08-14T00:04:00
SHP-102422,ORD-102422,DC-10,PLANNED,Carrier-C,2026-08-14T01:03:00,2026-08-13T23:47:00
SHP-102423,ORD-102423,DC-01,DELAYED,Carrier-B,2026-08-14T01:44:00,2026-08-14T00:56:00
SHP-102424,ORD-102424,DC-14,DEPARTED,Carrier-C,2026-08-14T00:40:00,2026-08-14T00:56:00
SHP-102425,ORD-102425,DC-05,LOADED,Carrier-A,2026-08-13T22:58:00,2026-08-13T23:39:00
SHP-102426,ORD-102426,DC-08,DELAYED,Carrier-A,2026-08-14T00:13:00,2026-08-13T23:45:00
SHP-102427,ORD-102427,DC-16,DELAYED,Carrier-B,2026-08-13T23:55:00,2026-08-13T23:49:00
SHP-102428,ORD-102428,DC-02,AT_DOCK,Carrier-D,2026-08-14T00:33:00,2026-08-14T00:21:00
SHP-102429,ORD-102429,DC-17,LOADED,Carrier-A,2026-08-14T00:05:00,2026-08-14T00:33:00
SHP-102430,ORD-102430,DC-08,PLANNED,Carrier-D,2026-08-14T01:33:00,2026-08-14T00:57:00
SHP-102431,ORD-102431,DC-15,PLANNED,Carrier-D,2026-08-14T02:22:00,2026-08-14T02:27:00
SHP-102432,ORD-102432,DC-18,LOADED,Carrier-D,2026-08-14T01:12:00,2026-08-14T01:45:00
SHP-102433,ORD-102433,DC-02,AT_DOCK,Carrier-D,2026-08-14T01:15:00,2026-08-14T01:45:00
SHP-102434,ORD-102434,DC-05,PLANNED,Carrier-D,2026-08-14T02:23:00,2026-08-14T02:37:00
SHP-102435,ORD-102435,DC-02,LOADED,Carrier-B,2026-08-14T01:52:00,2026-08-14T01:57:00
SHP-102436,ORD-102436,DC-03,BOOKED,Carrier-D,2026-08-14T03:53:00,2026-08-14T02:36:00
SHP-102437,ORD-102437,DC-03,PLANNED,Carrier-A,2026-08-14T04:47:00,2026-08-14T03:23:00
SHP-102438,ORD-102438,DC-17,PLANNED,Carrier-A,2026-08-14T02:35:00,2026-08-14T02:29:00
SHP-102439,ORD-102439,DC-06,DELAYED,Carrier-D,2026-08-14T02:37:00,2026-08-14T01:58:00
SHP-102440,ORD-102440,DC-07,LOADED,Carrier-B,2026-08-14T02:47:00,2026-08-14T02:21:00
SHP-102441,ORD-102441,DC-06,AT_DOCK,Carrier-B,2026-08-14T04:31:00,2026-08-14T03:04:00
SHP-102442,ORD-102442,DC-06,PLANNED,Carrier-B,2026-08-14T03:37:00,2026-08-14T04:10:00
SHP-102443,ORD-102443,DC-01,PLANNED,Carrier-A,2026-08-14T03:57:00,2026-08-14T02:54:00
SHP-102444,ORD-102444,DC-18,BOOKED,Carrier-B,2026-08-14T03:34:00,2026-08-14T02:41:00
SHP-102445,ORD-102445,DC-14,DEPARTED,Carrier-B,2026-08-14T04:17:00,2026-08-14T03:21:00
SHP-102446,ORD-102446,DC-17,DEPARTED,Carrier-D,2026-08-14T03:16:00,2026-08-14T02:51:00
SHP-102447,ORD-102447,DC-05,BOOKED,Carrier-B,2026-08-14T04:13:00,2026-08-14T03:57:00
SHP-102448,ORD-102448,DC-13,DEPARTED,Carrier-D,2026-08-14T02:59:00,2026-08-14T03:10:00
SHP-102449,ORD-102449,DC-10,DEPARTED,Carrier-B,2026-08-14T05:20:00,2026-08-14T04:22:00
SHP-102450,ORD-102450,DC-17,BOOKED,Carrier-B,2026-08-14T06:06:00,2026-08-14T04:39:00
SHP-102451,ORD-102451,DC-05,AT_DOCK,Carrier-A,2026-08-14T05:26:00,2026-08-14T04:12:00
SHP-102452,ORD-102452,DC-02,DEPARTED,Carrier-B,2026-08-14T03:52:00,2026-08-14T04:15:00
SHP-102453,ORD-102453,DC-06,DELAYED,Carrier-A,2026-08-14T05:43:00,2026-08-14T05:06:00
SHP-102454,ORD-102454,DC-17,AT_DOCK,Carrier-A,2026-08-14T04:00:00,2026-08-14T04:12:00
SHP-102455,ORD-102455,DC-06,DEPARTED,Carrier-C,2026-08-14T05:09:00,2026-08-14T04:39:00
SHP-102456,ORD-102456,DC-07,DEPARTED,Carrier-C,2026-08-14T04:25:00,2026-08-14T04:07:00
SHP-102457,ORD-102457,DC-14,PLANNED,Carrier-A,2026-08-14T04:14:00,2026-08-14T04:47:00
SHP-102458,ORD-102458,DC-15,LOADED,Carrier-D,2026-08-14T06:40:00,2026-08-14T05:31:00
SHP-102459,ORD-102459,DC-11,BOOKED,Carrier-A,2026-08-14T05:12:00,2026-08-14T05:25:00
SHP-102460,ORD-102460,DC-03,AT_DOCK,Carrier-D,2026-08-14T07:24:00,2026-08-14T06:25:00
SHP-102461,ORD-102461,DC-02,PLANNED,Carrier-C,2026-08-14T05:43:00,2026-08-14T06:19:00
SHP-102462,ORD-102462,DC-08,LOADED,Carrier-C,2026-08-14T07:17:00,2026-08-14T05:59:00
SHP-102463,ORD-102463,DC-15,BOOKED,Carrier-B,2026-08-14T05:06:00,2026-08-14T05:34:00
SHP-102464,ORD-102464,DC-06,DEPARTED,Carrier-D,2026-08-14T07:00:00,2026-08-14T05:38:00
SHP-102465,ORD-102465,DC-15,DELAYED,Carrier-B,2026-08-14T05:39:00,2026-08-14T05:23:00
SHP-102466,ORD-102466,DC-13,PLANNED,Carrier-D,2026-08-14T06:07:00,2026-08-14T06:19:00
SHP-102467,ORD-102467,DC-03,PLANNED,Carrier-C,2026-08-14T06:13:00,2026-08-14T06:57:00
SHP-102468,ORD-102468,DC-10,AT_DOCK,Carrier-C,2026-08-14T07:04:00,2026-08-14T06:13:00
SHP-102469,ORD-102469,DC-11,LOADED,Carrier-B,2026-08-14T06:48:00,2026-08-14T06:07:00
SHP-102470,ORD-102470,DC-06,AT_DOCK,Carrier-D,2026-08-14T07:18:00,2026-08-14T06:00:00
SHP-102471,ORD-102471,DC-13,AT_DOCK,Carrier-D,2026-08-14T08:09:00,2026-08-14T07:24:00
SHP-102472,ORD-102472,DC-02,PLANNED,Carrier-A,2026-08-14T07:19:00,2026-08-14T06:48:00
SHP-102473,ORD-102473,DC-12,PLANNED,Carrier-C,2026-08-14T07:34:00,2026-08-14T06:48:00
SHP-102474,ORD-102474,DC-04,LOADED,Carrier-D,2026-08-14T09:02:00,2026-08-14T07:42:00
SHP-102475,ORD-102475,DC-06,DELAYED,Carrier-D,2026-08-14T08:26:00,2026-08-14T06:56:00
SHP-102476,ORD-102476,DC-08,BOOKED,Carrier-D,2026-08-14T09:31:00,2026-08-14T08:19:00
SHP-102477,ORD-102477,DC-07,LOADED,Carrier-C,2026-08-14T07:23:00,2026-08-14T07:39:00
SHP-102478,ORD-102478,DC-01,DELAYED,Carrier-A,2026-08-14T08:17:00,2026-08-14T07:37:00
SHP-102479,ORD-102479,DC-07,AT_DOCK,Carrier-C,2026-08-14T07:51:00,2026-08-14T08:35:00
SHP-102480,ORD-102480,DC-01,BOOKED,Carrier-C,2026-08-14T09:46:00,2026-08-14T08:24:00
SHP-102481,ORD-102481,DC-05,BOOKED,Carrier-C,2026-08-14T08:49:00,2026-08-14T08:33:00
SHP-102482,ORD-102482,DC-08,DEPARTED,Carrier-D,2026-08-14T08:22:00,2026-08-14T07:33:00
SHP-102483,ORD-102483,DC-12,LOADED,Carrier-A,2026-08-14T07:37:00,2026-08-14T08:09:00
SHP-102484,ORD-102484,DC-07,DEPARTED,Carrier-D,2026-08-14T08:02:00,2026-08-14T08:27:00
SHP-102485,ORD-102485,DC-14,BOOKED,Carrier-D,2026-08-14T09:40:00,2026-08-14T09:13:00
SHP-102486,ORD-102486,DC-02,PLANNED,Carrier-A,2026-08-14T09:11:00,2026-08-14T08:05:00
SHP-102487,ORD-102487,DC-11,DELAYED,Carrier-B,2026-08-14T08:46:00,2026-08-14T09:01:00
SHP-102488,ORD-102488,DC-08,PLANNED,Carrier-D,2026-08-14T07:36:00,2026-08-14T07:45:00
SHP-102489,ORD-102489,DC-15,PLANNED,Carrier-C,2026-08-14T08:30:00,2026-08-14T08:05:00
SHP-102490,ORD-102490,DC-03,DELAYED,Carrier-A,2026-08-14T09:46:00,2026-08-14T08:51:00
SHP-102491,ORD-102491,DC-05,DELAYED,Carrier-B,2026-08-14T08:52:00,2026-08-14T08:39:00
SHP-102492,ORD-102492,DC-13,PLANNED,Carrier-B,2026-08-14T11:19:00,2026-08-14T10:01:00
SHP-102493,ORD-102493,DC-01,DEPARTED,Carrier-B,2026-08-14T10:15:00,2026-08-14T10:01:00
SHP-102494,ORD-102494,DC-03,PLANNED,Carrier-C,2026-08-14T10:44:00,2026-08-14T09:48:00
SHP-102495,ORD-102495,DC-11,DEPARTED,Carrier-B,2026-08-14T08:27:00,2026-08-14T09:01:00
SHP-102496,ORD-102496,DC-11,BOOKED,Carrier-C,2026-08-14T10:21:00,2026-08-14T09:25:00
SHP-102497,ORD-102497,DC-06,LOADED,Carrier-D,2026-08-14T11:05:00,2026-08-14T10:31:00
SHP-102498,ORD-102498,DC-08,AT_DOCK,Carrier-D,2026-08-14T10:36:00,2026-08-14T11:04:00
SHP-102499,ORD-102499,DC-02,PLANNED,Carrier-A,2026-08-14T09:55:00,2026-08-14T09:49:00
SHP-102500,ORD-102500,DC-03,AT_DOCK,Carrier-A,2026-08-14T12:32:00,2026-08-14T11:39:00
SHP-102501,ORD-102501,DC-18,LOADED,Carrier-A,2026-08-14T11:21:00,2026-08-14T11:30:00
SHP-102502,ORD-102502,DC-01,DEPARTED,Carrier-A,2026-08-14T11:36:00,2026-08-14T11:15:00
SHP-102503,ORD-102503,DC-06,DEPARTED,Carrier-D,2026-08-14T11:11:00,2026-08-14T10:39:00
SHP-102504,ORD-102504,DC-02,AT_DOCK,Carrier-A,2026-08-14T11:59:00,2026-08-14T11:10:00
SHP-102505,ORD-102505,DC-13,AT_DOCK,Carrier-A,2026-08-14T12:13:00,2026-08-14T11:52:00
SHP-102506,ORD-102506,DC-16,DELAYED,Carrier-C,2026-08-14T11:16:00,2026-08-14T11:28:00
SHP-102507,ORD-102507,DC-08,LOADED,Carrier-A,2026-08-14T13:13:00,2026-08-14T12:55:00
SHP-102508,ORD-102508,DC-14,DEPARTED,Carrier-B,2026-08-14T12:37:00,2026-08-14T12:23:00
SHP-102509,ORD-102509,DC-18,AT_DOCK,Carrier-A,2026-08-14T13:58:00,2026-08-14T12:36:00
SHP-102510,ORD-102510,DC-08,PLANNED,Carrier-C,2026-08-14T11:25:00,2026-08-14T12:00:00
SHP-102511,ORD-102511,DC-16,DEPARTED,Carrier-C,2026-08-14T14:26:00,2026-08-14T12:56:00
SHP-102512,ORD-102512,DC-08,BOOKED,Carrier-B,2026-08-14T13:12:00,2026-08-14T12:50:00
SHP-102513,ORD-102513,DC-14,AT_DOCK,Carrier-B,2026-08-14T13:35:00,2026-08-14T13:45:00
SHP-102514,ORD-102514,DC-11,DELAYED,Carrier-A,2026-08-14T12:24:00,2026-08-14T12:51:00
SHP-102515,ORD-102515,DC-15,DELAYED,Carrier-C,2026-08-14T13:57:00,2026-08-14T12:55:00
SHP-102516,ORD-102516,DC-12,AT_DOCK,Carrier-C,2026-08-14T13:58:00,2026-08-14T13:36:00
SHP-102517,ORD-102517,DC-10,PLANNED,Carrier-C,2026-08-14T14:06:00,2026-08-14T13:10:00
SHP-102518,ORD-102518,DC-11,DELAYED,Carrier-B,2026-08-14T14:11:00,2026-08-14T13:37:00
SHP-102519,ORD-102519,DC-09,DEPARTED,Carrier-D,2026-08-14T14:39:00,2026-08-14T14:46:00
SHP-102520,ORD-102520,DC-04,LOADED,Carrier-C,2026-08-14T15:10:00,2026-08-14T14:26:00
SHP-102521,ORD-102521,DC-04,LOADED,Carrier-D,2026-08-14T14:10:00,2026-08-14T14:00:00
SHP-102522,ORD-102522,DC-07,PLANNED,Carrier-B,2026-08-14T15:21:00,2026-08-14T13:58:00
SHP-102523,ORD-102523,DC-05,BOOKED,Carrier-A,2026-08-14T14:26:00,2026-08-14T15:03:00
SHP-102524,ORD-102524,DC-03,DELAYED,Carrier-C,2026-08-14T15:59:00,2026-08-14T15:29:00
SHP-102525,ORD-102525,DC-18,BOOKED,Carrier-A,2026-08-14T16:08:00,2026-08-14T15:34:00
SHP-102526,ORD-102526,DC-05,AT_DOCK,Carrier-A,2026-08-14T13:52:00,2026-08-14T14:20:00
SHP-102527,ORD-102527,DC-13,DEPARTED,Carrier-B,2026-08-14T15:34:00,2026-08-14T15:06:00
SHP-102528,ORD-102528,DC-02,LOADED,Carrier-B,2026-08-14T15:34:00,2026-08-14T14:35:00
SHP-102529,ORD-102529,DC-10,BOOKED,Carrier-B,2026-08-14T16:36:00,2026-08-14T15:14:00
SHP-102530,ORD-102530,DC-02,BOOKED,Carrier-A,2026-08-14T16:00:00,2026-08-14T15:47:00
SHP-102531,ORD-102531,DC-09,PLANNED,Carrier-A,2026-08-14T16:39:00,2026-08-14T15:33:00
SHP-102532,ORD-102532,DC-18,BOOKED,Carrier-B,2026-08-14T15:13:00,2026-08-14T14:51:00
SHP-102533,ORD-102533,DC-05,LOADED,Carrier-C,2026-08-14T15:59:00,2026-08-14T15:04:00
SHP-102534,ORD-102534,DC-10,BOOKED,Carrier-C,2026-08-14T16:04:00,2026-08-14T15:41:00
SHP-102535,ORD-102535,DC-04,LOADED,Carrier-D,2026-08-14T17:27:00,2026-08-14T16:14:00
SHP-102536,ORD-102536,DC-18,AT_DOCK,Carrier-C,2026-08-14T17:04:00,2026-08-14T15:38:00
SHP-102537,ORD-102537,DC-04,LOADED,Carrier-D,2026-08-14T16:32:00,2026-08-14T15:55:00
SHP-102538,ORD-102538,DC-07,DELAYED,Carrier-B,2026-08-14T17:56:00,2026-08-14T17:14:00
SHP-102539,ORD-102539,DC-01,LOADED,Carrier-D,2026-08-14T17:49:00,2026-08-14T18:19:00
SHP-102540,ORD-102540,DC-01,DELAYED,Carrier-D,2026-08-14T17:39:00,2026-08-14T16:46:00
SHP-102541,ORD-102541,DC-09,PLANNED,Carrier-C,2026-08-14T18:28:00,2026-08-14T17:11:00
SHP-102542,ORD-102542,DC-01,DEPARTED,Carrier-B,2026-08-14T16:39:00,2026-08-14T17:20:00
SHP-102543,ORD-102543,DC-18,LOADED,Carrier-D,2026-08-14T17:49:00,2026-08-14T17:44:00
SHP-102544,ORD-102544,DC-15,AT_DOCK,Carrier-D,2026-08-14T16:55:00,2026-08-14T17:14:00
SHP-102545,ORD-102545,DC-16,BOOKED,Carrier-A,2026-08-14T18:33:00,2026-08-14T18:45:00
SHP-102546,ORD-102546,DC-11,PLANNED,Carrier-B,2026-08-14T17:37:00,2026-08-14T18:02:00
SHP-102547,ORD-102547,DC-16,LOADED,Carrier-A,2026-08-14T17:33:00,2026-08-14T17:40:00
SHP-102548,ORD-102548,DC-03,DEPARTED,Carrier-A,2026-08-14T19:23:00,2026-08-14T19:12:00
SHP-102549,ORD-102549,DC-03,BOOKED,Carrier-B,2026-08-14T19:13:00,2026-08-14T19:31:00
SHP-102550,ORD-102550,DC-16,BOOKED,Carrier-B,2026-08-14T19:34:00,2026-08-14T18:51:00
SHP-102551,ORD-102551,DC-17,PLANNED,Carrier-B,2026-08-14T19:49:00,2026-08-14T19:13:00
SHP-102552,ORD-102552,DC-16,DEPARTED,Carrier-D,2026-08-14T17:47:00,2026-08-14T18:11:00
SHP-102553,ORD-102553,DC-18,PLANNED,Carrier-C,2026-08-14T20:07:00,2026-08-14T19:32:00
SHP-102554,ORD-102554,DC-12,DELAYED,Carrier-C,2026-08-14T19:39:00,2026-08-14T20:07:00
SHP-102555,ORD-102555,DC-16,BOOKED,Carrier-C,2026-08-14T18:56:00,2026-08-14T18:49:00
SHP-102556,ORD-102556,DC-02,BOOKED,Carrier-B,2026-08-14T20:46:00,2026-08-14T19:55:00
SHP-102557,ORD-102557,DC-11,AT_DOCK,Carrier-D,2026-08-14T20:21:00,2026-08-14T20:02:00
SHP-102558,ORD-102558,DC-05,BOOKED,Carrier-C,2026-08-14T19:57:00,2026-08-14T20:36:00
SHP-102559,ORD-102559,DC-16,AT_DOCK,Carrier-D,2026-08-14T21:49:00,2026-08-14T20:23:00
SHP-102560,ORD-102560,DC-11,LOADED,Carrier-A,2026-08-14T21:44:00,2026-08-14T20:15:00
SHP-102561,ORD-102561,DC-01,DELAYED,Carrier-D,2026-08-14T20:22:00,2026-08-14T19:04:00
SHP-102562,ORD-102562,DC-04,DEPARTED,Carrier-A,2026-08-14T20:21:00,2026-08-14T20:55:00
SHP-102563,ORD-102563,DC-10,PLANNED,Carrier-C,2026-08-14T20:31:00,2026-08-14T19:46:00
SHP-102564,ORD-102564,DC-16,DELAYED,Carrier-B,2026-08-14T19:59:00,2026-08-14T20:20:00
SHP-102565,ORD-102565,DC-03,BOOKED,Carrier-B,2026-08-14T21:36:00,2026-08-14T21:31:00
SHP-102566,ORD-102566,DC-05,LOADED,Carrier-B,2026-08-14T21:56:00,2026-08-14T21:31:00
SHP-102567,ORD-102567,DC-13,PLANNED,Carrier-D,2026-08-14T22:51:00,2026-08-14T21:32:00
SHP-102568,ORD-102568,DC-05,BOOKED,Carrier-A,2026-08-14T20:07:00,2026-08-14T20:38:00
SHP-102569,ORD-102569,DC-18,DEPARTED,Carrier-B,2026-08-14T21:14:00,2026-08-14T20:49:00
SHP-102570,ORD-102570,DC-12,DEPARTED,Carrier-B,2026-08-14T22:41:00,2026-08-14T21:22:00
SHP-102571,ORD-102571,DC-03,AT_DOCK,Carrier-D,2026-08-14T21:03:00,2026-08-14T21:45:00
SHP-102572,ORD-102572,DC-12,BOOKED,Carrier-B,2026-08-14T23:07:00,2026-08-14T21:58:00
SHP-102573,ORD-102573,DC-17,PLANNED,Carrier-A,2026-08-14T20:59:00,2026-08-14T21:37:00
SHP-102574,ORD-102574,DC-11,LOADED,Carrier-A,2026-08-14T22:34:00,2026-08-14T21:23:00
SHP-102575,ORD-102575,DC-13,DEPARTED,Carrier-A,2026-08-14T23:47:00,2026-08-14T23:01:00
SHP-102576,ORD-102576,DC-09,PLANNED,Carrier-D,2026-08-14T22:53:00,2026-08-14T21:40:00
SHP-102577,ORD-102577,DC-02,AT_DOCK,Carrier-C,2026-08-14T22:55:00,2026-08-14T21:54:00
SHP-102578,ORD-102578,DC-15,PLANNED,Carrier-C,2026-08-14T22:51:00,2026-08-14T23:11:00
SHP-102579,ORD-102579,DC-17,PLANNED,Carrier-D,2026-08-14T22:27:00,2026-08-14T23:11:00
SHP-102580,ORD-102580,DC-09,DEPARTED,Carrier-B,2026-08-15T00:11:00,2026-08-14T22:49:00
SHP-102581,ORD-102581,DC-07,AT_DOCK,Carrier-B,2026-08-14T23:07:00,2026-08-14T23:16:00
SHP-102582,ORD-102582,DC-08,AT_DOCK,Carrier-A,2026-08-14T23:45:00,2026-08-14T22:50:00
SHP-102583,ORD-102583,DC-11,LOADED,Carrier-A,2026-08-15T00:23:00,2026-08-14T23:06:00
SHP-102584,ORD-102584,DC-14,DEPARTED,Carrier-C,2026-08-15T01:12:00,2026-08-15T00:08:00
SHP-102585,ORD-102585,DC-15,PLANNED,Carrier-B,2026-08-15T00:37:00,2026-08-14T23:22:00
SHP-102586,ORD-102586,DC-15,BOOKED,Carrier-C,2026-08-15T00:24:00,2026-08-14T23:00:00
SHP-102587,ORD-102587,DC-16,DELAYED,Carrier-D,2026-08-15T01:11:00,2026-08-15T00:39:00
SHP-102588,ORD-102588,DC-09,LOADED,Carrier-B,2026-08-15T00:18:00,2026-08-14T23:03:00
SHP-102589,ORD-102589,DC-05,DEPARTED,Carrier-A,2026-08-14T22:58:00,2026-08-14T23:39:00
SHP-102590,ORD-102590,DC-04,DEPARTED,Carrier-D,2026-08-14T22:48:00,2026-08-14T23:30:00
SHP-102591,ORD-102591,DC-18,PLANNED,Carrier-D,2026-08-14T23:52:00,2026-08-14T23:40:00
SHP-102592,ORD-102592,DC-18,DEPARTED,Carrier-D,2026-08-15T01:35:00,2026-08-15T01:04:00
SHP-102593,ORD-102593,DC-06,DEPARTED,Carrier-A,2026-08-14T23:22:00,2026-08-14T23:41:00
SHP-102594,ORD-102594,DC-11,DEPARTED,Carrier-D,2026-08-15T01:13:00,2026-08-15T01:19:00
SHP-102595,ORD-102595,DC-07,BOOKED,Carrier-A,2026-08-15T02:11:00,2026-08-15T01:10:00
SHP-102596,ORD-102596,DC-01,DELAYED,Carrier-B,2026-08-15T01:20:00,2026-08-15T01:13:00
SHP-102597,ORD-102597,DC-05,PLANNED,Carrier-D,2026-08-15T00:54:00,2026-08-15T01:16:00
SHP-102598,ORD-102598,DC-11,BOOKED,Carrier-A,2026-08-15T01:50:00,2026-08-15T01:12:00
SHP-102599,ORD-102599,DC-05,DELAYED,Carrier-A,2026-08-15T00:57:00,2026-08-15T00:27:00
SHP-102600,ORD-102600,DC-07,LOADED,Carrier-A,2026-08-15T01:26:00,2026-08-15T00:42:00
SHP-102601,ORD-102601,DC-15,AT_DOCK,Carrier-B,2026-08-15T03:52:00,2026-08-15T02:22:00
SHP-102602,ORD-102602,DC-10,BOOKED,Carrier-A,2026-08-15T00:52:00,2026-08-15T01:04:00
SHP-102603,ORD-102603,DC-01,AT_DOCK,Carrier-B,2026-08-15T02:28:00,2026-08-15T01:43:00
SHP-102604,ORD-102604,DC-17,AT_DOCK,Carrier-A,2026-08-15T01:27:00,2026-08-15T01:21:00
SHP-102605,ORD-102605,DC-10,BOOKED,Carrier-A,2026-08-15T00:28:00,2026-08-15T01:13:00
SHP-102606,ORD-102606,DC-11,LOADED,Carrier-C,2026-08-15T02:02:00,2026-08-15T02:33:00
SHP-102607,ORD-102607,DC-10,DEPARTED,Carrier-B,2026-08-15T02:55:00,2026-08-15T02:32:00
SHP-102608,ORD-102608,DC-05,DELAYED,Carrier-A,2026-08-15T03:51:00,2026-08-15T03:14:00
SHP-102609,ORD-102609,DC-04,BOOKED,Carrier-C,2026-08-15T02:36:00,2026-08-15T03:17:00
SHP-102610,ORD-102610,DC-16,LOADED,Carrier-D,2026-08-15T04:34:00,2026-08-15T03:23:00
SHP-102611,ORD-102611,DC-18,AT_DOCK,Carrier-C,2026-08-15T04:55:00,2026-08-15T03:33:00
SHP-102612,ORD-102612,DC-10,DELAYED,Carrier-B,2026-08-15T03:31:00,2026-08-15T03:12:00
SHP-102613,ORD-102613,DC-05,DEPARTED,Carrier-B,2026-08-15T03:05:00,2026-08-15T03:25:00
SHP-102614,ORD-102614,DC-04,DEPARTED,Carrier-C,2026-08-15T03:57:00,2026-08-15T02:35:00
SHP-102615,ORD-102615,DC-17,AT_DOCK,Carrier-A,2026-08-15T02:38:00,2026-08-15T03:13:00
SHP-102616,ORD-102616,DC-16,BOOKED,Carrier-B,2026-08-15T03:51:00,2026-08-15T02:25:00
SHP-102617,ORD-102617,DC-03,AT_DOCK,Carrier-D,2026-08-15T01:49:00,2026-08-15T02:19:00
SHP-102618,ORD-102618,DC-05,PLANNED,Carrier-A,2026-08-15T04:33:00,2026-08-15T04:09:00
SHP-102619,ORD-102619,DC-18,PLANNED,Carrier-A,2026-08-15T03:49:00,2026-08-15T03:44:00
SHP-102620,ORD-102620,DC-17,BOOKED,Carrier-A,2026-08-15T05:22:00,2026-08-15T04:05:00
SHP-102621,ORD-102621,DC-01,DEPARTED,Carrier-B,2026-08-15T04:55:00,2026-08-15T04:42:00
SHP-102622,ORD-102622,DC-08,DEPARTED,Carrier-B,2026-08-15T04:15:00,2026-08-15T04:23:00
SHP-102623,ORD-102623,DC-14,DEPARTED,Carrier-B,2026-08-15T04:21:00,2026-08-15T03:39:00
SHP-102624,ORD-102624,DC-12,DEPARTED,Carrier-A,2026-08-15T04:36:00,2026-08-15T04:17:00
SHP-102625,ORD-102625,DC-03,PLANNED,Carrier-D,2026-08-15T04:42:00,2026-08-15T05:26:00
SHP-102626,ORD-102626,DC-02,BOOKED,Carrier-C,2026-08-15T05:04:00,2026-08-15T04:19:00
SHP-102627,ORD-102627,DC-16,BOOKED,Carrier-D,2026-08-15T05:34:00,2026-08-15T04:43:00
SHP-102628,ORD-102628,DC-09,PLANNED,Carrier-B,2026-08-15T04:49:00,2026-08-15T04:19:00
SHP-102629,ORD-102629,DC-11,BOOKED,Carrier-C,2026-08-15T06:35:00,2026-08-15T05:37:00
SHP-102630,ORD-102630,DC-03,DEPARTED,Carrier-C,2026-08-15T05:49:00,2026-08-15T06:00:00
SHP-102631,ORD-102631,DC-15,AT_DOCK,Carrier-B,2026-08-15T06:59:00,2026-08-15T06:16:00
SHP-102632,ORD-102632,DC-04,DELAYED,Carrier-C,2026-08-15T06:24:00,2026-08-15T06:03:00
SHP-102633,ORD-102633,DC-10,LOADED,Carrier-D,2026-08-15T07:17:00,2026-08-15T06:03:00
SHP-102634,ORD-102634,DC-07,DELAYED,Carrier-C,2026-08-15T04:54:00,2026-08-15T04:41:00
SHP-102635,ORD-102635,DC-04,DELAYED,Carrier-A,2026-08-15T05:37:00,2026-08-15T04:47:00
SHP-102636,ORD-102636,DC-09,PLANNED,Carrier-D,2026-08-15T05:56:00,2026-08-15T05:46:00
SHP-102637,ORD-102637,DC-02,BOOKED,Carrier-A,2026-08-15T06:45:00,2026-08-15T05:33:00
SHP-102638,ORD-102638,DC-01,DEPARTED,Carrier-C,2026-08-15T06:33:00,2026-08-15T06:40:00
SHP-102639,ORD-102639,DC-12,AT_DOCK,Carrier-D,2026-08-15T06:27:00,2026-08-15T05:54:00
SHP-102640,ORD-102640,DC-04,DEPARTED,Carrier-A,2026-08-15T06:28:00,2026-08-15T05:43:00
SHP-102641,ORD-102641,DC-05,BOOKED,Carrier-A,2026-08-15T07:28:00,2026-08-15T06:16:00
SHP-102642,ORD-102642,DC-16,DEPARTED,Carrier-C,2026-08-15T06:51:00,2026-08-15T07:24:00
SHP-102643,ORD-102643,DC-01,AT_DOCK,Carrier-C,2026-08-15T07:41:00,2026-08-15T06:57:00
SHP-102644,ORD-102644,DC-09,BOOKED,Carrier-B,2026-08-15T07:08:00,2026-08-15T07:26:00
SHP-102645,ORD-102645,DC-10,BOOKED,Carrier-B,2026-08-15T07:27:00,2026-08-15T07:52:00
SHP-102646,ORD-102646,DC-03,BOOKED,Carrier-D,2026-08-15T07:42:00,2026-08-15T07:53:00
SHP-102647,ORD-102647,DC-02,PLANNED,Carrier-D,2026-08-15T08:16:00,2026-08-15T07:32:00
SHP-102648,ORD-102648,DC-11,PLANNED,Carrier-C,2026-08-15T09:13:00,2026-08-15T07:59:00
SHP-102649,ORD-102649,DC-14,PLANNED,Carrier-A,2026-08-15T09:05:00,2026-08-15T08:03:00
SHP-102650,ORD-102650,DC-14,BOOKED,Carrier-D,2026-08-15T07:31:00,2026-08-15T08:09:00
SHP-102651,ORD-102651,DC-13,PLANNED,Carrier-D,2026-08-15T07:45:00,2026-08-15T08:12:00
SHP-102652,ORD-102652,DC-03,DEPARTED,Carrier-D,2026-08-15T07:15:00,2026-08-15T07:22:00
SHP-102653,ORD-102653,DC-03,AT_DOCK,Carrier-D,2026-08-15T07:55:00,2026-08-15T07:45:00
SHP-102654,ORD-102654,DC-10,DELAYED,Carrier-B,2026-08-15T08:09:00,2026-08-15T07:42:00
SHP-102655,ORD-102655,DC-01,AT_DOCK,Carrier-A,2026-08-15T08:34:00,2026-08-15T07:28:00
SHP-102656,ORD-102656,DC-14,LOADED,Carrier-B,2026-08-15T08:54:00,2026-08-15T07:26:00
SHP-102657,ORD-102657,DC-18,AT_DOCK,Carrier-A,2026-08-15T08:18:00,2026-08-15T07:57:00
SHP-102658,ORD-102658,DC-08,LOADED,Carrier-A,2026-08-15T07:16:00,2026-08-15T07:44:00
SHP-102659,ORD-102659,DC-13,DEPARTED,Carrier-A,2026-08-15T07:00:00,2026-08-15T07:28:00
SHP-102660,ORD-102660,DC-09,DELAYED,Carrier-B,2026-08-15T08:44:00,2026-08-15T08:12:00
SHP-102661,ORD-102661,DC-14,AT_DOCK,Carrier-D,2026-08-15T07:44:00,2026-08-15T07:57:00
SHP-102662,ORD-102662,DC-08,DEPARTED,Carrier-B,2026-08-15T08:18:00,2026-08-15T08:46:00
SHP-102663,ORD-102663,DC-13,DEPARTED,Carrier-B,2026-08-15T09:02:00,2026-08-15T08:13:00
SHP-102664,ORD-102664,DC-09,PLANNED,Carrier-B,2026-08-15T09:17:00,2026-08-15T08:53:00
SHP-102665,ORD-102665,DC-15,BOOKED,Carrier-D,2026-08-15T07:42:00,2026-08-15T08:14:00
SHP-102666,ORD-102666,DC-05,DELAYED,Carrier-D,2026-08-15T10:11:00,2026-08-15T08:46:00
SHP-102667,ORD-102667,DC-07,AT_DOCK,Carrier-D,2026-08-15T09:18:00,2026-08-15T08:20:00
SHP-102668,ORD-102668,DC-09,AT_DOCK,Carrier-B,2026-08-15T09:03:00,2026-08-15T07:55:00
SHP-102669,ORD-102669,DC-04,AT_DOCK,Carrier-D,2026-08-15T07:40:00,2026-08-15T08:23:00
SHP-102670,ORD-102670,DC-17,DELAYED,Carrier-C,2026-08-15T08:50:00,2026-08-15T08:03:00
SHP-102671,ORD-102671,DC-09,PLANNED,Carrier-C,2026-08-15T07:21:00,2026-08-15T07:59:00
SHP-102672,ORD-102672,DC-03,LOADED,Carrier-A,2026-08-15T09:06:00,2026-08-15T09:31:00
SHP-102673,ORD-102673,DC-04,AT_DOCK,Carrier-A,2026-08-15T08:50:00,2026-08-15T09:23:00
SHP-102674,ORD-102674,DC-13,AT_DOCK,Carrier-B,2026-08-15T10:03:00,2026-08-15T08:59:00
SHP-102675,ORD-102675,DC-08,DEPARTED,Carrier-D,2026-08-15T08:50:00,2026-08-15T09:11:00
SHP-102676,ORD-102676,DC-05,DELAYED,Carrier-A,2026-08-15T09:03:00,2026-08-15T08:58:00
SHP-102677,ORD-102677,DC-03,DELAYED,Carrier-C,2026-08-15T09:52:00,2026-08-15T09:11:00
SHP-102678,ORD-102678,DC-10,LOADED,Carrier-A,2026-08-15T10:49:00,2026-08-15T11:01:00
SHP-102679,ORD-102679,DC-16,DELAYED,Carrier-C,2026-08-15T10:05:00,2026-08-15T09:26:00
SHP-102680,ORD-102680,DC-11,LOADED,Carrier-B,2026-08-15T10:29:00,2026-08-15T11:06:00
SHP-102681,ORD-102681,DC-05,BOOKED,Carrier-B,2026-08-15T10:28:00,2026-08-15T09:49:00
SHP-102682,ORD-102682,DC-18,LOADED,Carrier-A,2026-08-15T11:05:00,2026-08-15T10:52:00
SHP-102683,ORD-102683,DC-10,DEPARTED,Carrier-A,2026-08-15T10:44:00,2026-08-15T11:20:00
SHP-102684,ORD-102684,DC-03,BOOKED,Carrier-B,2026-08-15T09:43:00,2026-08-15T10:17:00
SHP-102685,ORD-102685,DC-17,DEPARTED,Carrier-A,2026-08-15T11:09:00,2026-08-15T10:09:00
SHP-102686,ORD-102686,DC-10,DELAYED,Carrier-D,2026-08-15T11:01:00,2026-08-15T11:38:00
SHP-102687,ORD-102687,DC-07,DELAYED,Carrier-D,2026-08-15T10:55:00,2026-08-15T11:34:00
SHP-102688,ORD-102688,DC-03,LOADED,Carrier-A,2026-08-15T13:16:00,2026-08-15T12:01:00
SHP-102689,ORD-102689,DC-11,BOOKED,Carrier-A,2026-08-15T11:11:00,2026-08-15T11:03:00
SHP-102690,ORD-102690,DC-03,DELAYED,Carrier-C,2026-08-15T13:30:00,2026-08-15T12:25:00
SHP-102691,ORD-102691,DC-06,DELAYED,Carrier-A,2026-08-15T12:53:00,2026-08-15T12:04:00
SHP-102692,ORD-102692,DC-15,DEPARTED,Carrier-A,2026-08-15T12:03:00,2026-08-15T11:09:00
SHP-102693,ORD-102693,DC-10,DEPARTED,Carrier-B,2026-08-15T12:57:00,2026-08-15T12:03:00
SHP-102694,ORD-102694,DC-14,DEPARTED,Carrier-C,2026-08-15T13:15:00,2026-08-15T11:57:00
SHP-102695,ORD-102695,DC-02,LOADED,Carrier-D,2026-08-15T11:17:00,2026-08-15T11:23:00
SHP-102696,ORD-102696,DC-11,BOOKED,Carrier-A,2026-08-15T11:44:00,2026-08-15T11:50:00
SHP-102697,ORD-102697,DC-09,LOADED,Carrier-B,2026-08-15T11:57:00,2026-08-15T11:45:00
SHP-102698,ORD-102698,DC-17,DEPARTED,Carrier-C,2026-08-15T12:09:00,2026-08-15T12:27:00
SHP-102699,ORD-102699,DC-01,DELAYED,Carrier-C,2026-08-15T13:56:00,2026-08-15T13:23:00
SHP-102700,ORD-102700,DC-01,LOADED,Carrier-B,2026-08-15T13:53:00,2026-08-15T13:06:00
SHP-102701,ORD-102701,DC-11,PLANNED,Carrier-D,2026-08-15T14:14:00,2026-08-15T13:17:00
SHP-102702,ORD-102702,DC-02,BOOKED,Carrier-B,2026-08-15T12:20:00,2026-08-15T13:05:00
SHP-102703,ORD-102703,DC-07,DELAYED,Carrier-A,2026-08-15T11:21:00,2026-08-15T12:05:00
SHP-102704,ORD-102704,DC-10,LOADED,Carrier-B,2026-08-15T13:18:00,2026-08-15T13:37:00
SHP-102705,ORD-102705,DC-01,BOOKED,Carrier-B,2026-08-15T12:21:00,2026-08-15T12:55:00
SHP-102706,ORD-102706,DC-18,PLANNED,Carrier-C,2026-08-15T13:57:00,2026-08-15T13:01:00
SHP-102707,ORD-102707,DC-16,BOOKED,Carrier-D,2026-08-15T12:59:00,2026-08-15T13:11:00
SHP-102708,ORD-102708,DC-05,PLANNED,Carrier-A,2026-08-15T13:52:00,2026-08-15T13:44:00
SHP-102709,ORD-102709,DC-10,LOADED,Carrier-B,2026-08-15T13:59:00,2026-08-15T12:57:00
SHP-102710,ORD-102710,DC-05,BOOKED,Carrier-B,2026-08-15T12:50:00,2026-08-15T13:28:00
SHP-102711,ORD-102711,DC-01,DEPARTED,Carrier-C,2026-08-15T13:26:00,2026-08-15T14:07:00
SHP-102712,ORD-102712,DC-11,BOOKED,Carrier-A,2026-08-15T15:03:00,2026-08-15T14:11:00
SHP-102713,ORD-102713,DC-17,LOADED,Carrier-D,2026-08-15T15:40:00,2026-08-15T14:57:00
SHP-102714,ORD-102714,DC-03,BOOKED,Carrier-D,2026-08-15T15:24:00,2026-08-15T14:14:00
SHP-102715,ORD-102715,DC-10,BOOKED,Carrier-D,2026-08-15T15:02:00,2026-08-15T14:45:00
SHP-102716,ORD-102716,DC-05,DEPARTED,Carrier-C,2026-08-15T16:10:00,2026-08-15T15:00:00
SHP-102717,ORD-102717,DC-09,DEPARTED,Carrier-D,2026-08-15T14:25:00,2026-08-15T13:21:00
SHP-102718,ORD-102718,DC-02,DEPARTED,Carrier-C,2026-08-15T14:47:00,2026-08-15T14:02:00
SHP-102719,ORD-102719,DC-18,BOOKED,Carrier-B,2026-08-15T14:29:00,2026-08-15T15:08:00
SHP-102720,ORD-102720,DC-10,AT_DOCK,Carrier-C,2026-08-15T14:56:00,2026-08-15T15:04:00
SHP-102721,ORD-102721,DC-08,DELAYED,Carrier-D,2026-08-15T14:03:00,2026-08-15T13:54:00
SHP-102722,ORD-102722,DC-01,DEPARTED,Carrier-C,2026-08-15T15:19:00,2026-08-15T15:31:00
SHP-102723,ORD-102723,DC-01,PLANNED,Carrier-D,2026-08-15T14:57:00,2026-08-15T15:13:00
SHP-102724,ORD-102724,DC-14,LOADED,Carrier-B,2026-08-15T16:49:00,2026-08-15T15:27:00
SHP-102725,ORD-102725,DC-03,BOOKED,Carrier-A,2026-08-15T15:39:00,2026-08-15T14:43:00
SHP-102726,ORD-102726,DC-17,AT_DOCK,Carrier-D,2026-08-15T15:49:00,2026-08-15T14:56:00
SHP-102727,ORD-102727,DC-16,AT_DOCK,Carrier-D,2026-08-15T15:25:00,2026-08-15T14:52:00
SHP-102728,ORD-102728,DC-13,DELAYED,Carrier-D,2026-08-15T16:51:00,2026-08-15T16:09:00
SHP-102729,ORD-102729,DC-05,BOOKED,Carrier-C,2026-08-15T16:04:00,2026-08-15T14:50:00
SHP-102730,ORD-102730,DC-11,LOADED,Carrier-A,2026-08-15T15:57:00,2026-08-15T15:45:00
SHP-102731,ORD-102731,DC-01,DEPARTED,Carrier-C,2026-08-15T15:03:00,2026-08-15T15:16:00
SHP-102732,ORD-102732,DC-11,DEPARTED,Carrier-C,2026-08-15T16:38:00,2026-08-15T15:39:00
SHP-102733,ORD-102733,DC-10,PLANNED,Carrier-A,2026-08-15T14:55:00,2026-08-15T15:18:00
SHP-102734,ORD-102734,DC-02,AT_DOCK,Carrier-B,2026-08-15T15:37:00,2026-08-15T15:07:00
SHP-102735,ORD-102735,DC-12,BOOKED,Carrier-A,2026-08-15T14:45:00,2026-08-15T15:09:00
SHP-102736,ORD-102736,DC-01,DELAYED,Carrier-A,2026-08-15T15:21:00,2026-08-15T15:00:00
SHP-102737,ORD-102737,DC-02,AT_DOCK,Carrier-D,2026-08-15T15:21:00,2026-08-15T15:56:00
SHP-102738,ORD-102738,DC-06,BOOKED,Carrier-C,2026-08-15T16:27:00,2026-08-15T16:35:00
SHP-102739,ORD-102739,DC-02,DEPARTED,Carrier-A,2026-08-15T16:20:00,2026-08-15T16:56:00
SHP-102740,ORD-102740,DC-16,LOADED,Carrier-B,2026-08-15T16:16:00,2026-08-15T16:55:00
SHP-102741,ORD-102741,DC-03,PLANNED,Carrier-D,2026-08-15T17:57:00,2026-08-15T17:03:00
SHP-102742,ORD-102742,DC-13,DEPARTED,Carrier-C,2026-08-15T16:45:00,2026-08-15T17:25:00
SHP-102743,ORD-102743,DC-13,DEPARTED,Carrier-A,2026-08-15T16:53:00,2026-08-15T16:23:00
SHP-102744,ORD-102744,DC-07,DEPARTED,Carrier-B,2026-08-15T17:49:00,2026-08-15T17:28:00
SHP-102745,ORD-102745,DC-15,DELAYED,Carrier-B,2026-08-15T19:05:00,2026-08-15T18:15:00
SHP-102746,ORD-102746,DC-01,DEPARTED,Carrier-B,2026-08-15T19:52:00,2026-08-15T18:40:00
SHP-102747,ORD-102747,DC-06,DELAYED,Carrier-C,2026-08-15T19:52:00,2026-08-15T18:58:00
SHP-102748,ORD-102748,DC-07,PLANNED,Carrier-C,2026-08-15T18:16:00,2026-08-15T18:37:00
SHP-102749,ORD-102749,DC-18,AT_DOCK,Carrier-A,2026-08-15T19:53:00,2026-08-15T19:01:00
SHP-102750,ORD-102750,DC-15,AT_DOCK,Carrier-D,2026-08-15T17:41:00,2026-08-15T17:46:00
SHP-102751,ORD-102751,DC-03,BOOKED,Carrier-D,2026-08-15T19:45:00,2026-08-15T19:22:00
SHP-102752,ORD-102752,DC-09,AT_DOCK,Carrier-D,2026-08-15T18:45:00,2026-08-15T18:16:00
SHP-102753,ORD-102753,DC-05,DELAYED,Carrier-D,2026-08-15T19:41:00,2026-08-15T18:25:00
SHP-102754,ORD-102754,DC-17,DELAYED,Carrier-D,2026-08-15T18:05:00,2026-08-15T18:37:00
SHP-102755,ORD-102755,DC-12,PLANNED,Carrier-D,2026-08-15T19:25:00,2026-08-15T18:30:00
SHP-102756,ORD-102756,DC-05,BOOKED,Carrier-C,2026-08-15T20:08:00,2026-08-15T19:46:00
SHP-102757,ORD-102757,DC-14,DELAYED,Carrier-A,2026-08-15T20:08:00,2026-08-15T19:06:00
SHP-102758,ORD-102758,DC-08,AT_DOCK,Carrier-C,2026-08-15T20:56:00,2026-08-15T19:48:00
SHP-102759,ORD-102759,DC-04,DELAYED,Carrier-D,2026-08-15T18:37:00,2026-08-15T19:21:00
SHP-102760,ORD-102760,DC-16,DELAYED,Carrier-B,2026-08-15T21:21:00,2026-08-15T20:20:00
SHP-102761,ORD-102761,DC-07,DEPARTED,Carrier-C,2026-08-15T20:32:00,2026-08-15T20:11:00
SHP-102762,ORD-102762,DC-10,LOADED,Carrier-D,2026-08-15T20:55:00,2026-08-15T19:52:00
SHP-102763,ORD-102763,DC-15,AT_DOCK,Carrier-D,2026-08-15T22:12:00,2026-08-15T21:01:00
SHP-102764,ORD-102764,DC-14,DELAYED,Carrier-D,2026-08-15T22:08:00,2026-08-15T20:38:00
SHP-102765,ORD-102765,DC-07,DELAYED,Carrier-D,2026-08-15T20:08:00,2026-08-15T19:49:00
SHP-102766,ORD-102766,DC-02,DELAYED,Carrier-C,2026-08-15T20:33:00,2026-08-15T20:03:00
SHP-102767,ORD-102767,DC-06,DEPARTED,Carrier-C,2026-08-15T21:38:00,2026-08-15T20:46:00
SHP-102768,ORD-102768,DC-05,AT_DOCK,Carrier-A,2026-08-15T21:22:00,2026-08-15T21:04:00
SHP-102769,ORD-102769,DC-11,DELAYED,Carrier-A,2026-08-15T22:15:00,2026-08-15T20:50:00
SHP-102770,ORD-102770,DC-09,BOOKED,Carrier-D,2026-08-15T21:33:00,2026-08-15T21:20:00
SHP-102771,ORD-102771,DC-16,AT_DOCK,Carrier-A,2026-08-15T22:15:00,2026-08-15T22:04:00
SHP-102772,ORD-102772,DC-05,DEPARTED,Carrier-B,2026-08-15T21:52:00,2026-08-15T20:53:00
SHP-102773,ORD-102773,DC-18,BOOKED,Carrier-A,2026-08-15T21:31:00,2026-08-15T21:15:00
SHP-102774,ORD-102774,DC-14,DELAYED,Carrier-B,2026-08-15T21:28:00,2026-08-15T22:06:00
SHP-102775,ORD-102775,DC-06,DEPARTED,Carrier-A,2026-08-15T23:46:00,2026-08-15T22:29:00
SHP-102776,ORD-102776,DC-14,AT_DOCK,Carrier-D,2026-08-15T23:23:00,2026-08-15T23:11:00
SHP-102777,ORD-102777,DC-10,PLANNED,Carrier-B,2026-08-15T23:32:00,2026-08-15T22:46:00
SHP-102778,ORD-102778,DC-07,BOOKED,Carrier-D,2026-08-16T00:42:00,2026-08-15T23:22:00
SHP-102779,ORD-102779,DC-14,BOOKED,Carrier-C,2026-08-15T22:51:00,2026-08-15T23:22:00
SHP-102780,ORD-102780,DC-13,PLANNED,Carrier-C,2026-08-15T23:52:00,2026-08-15T23:28:00
SHP-102781,ORD-102781,DC-10,DEPARTED,Carrier-D,2026-08-15T22:31:00,2026-08-15T22:26:00
SHP-102782,ORD-102782,DC-18,BOOKED,Carrier-A,2026-08-15T22:37:00,2026-08-15T22:53:00
SHP-102783,ORD-102783,DC-02,DEPARTED,Carrier-C,2026-08-15T22:15:00,2026-08-15T22:42:00
SHP-102784,ORD-102784,DC-01,DELAYED,Carrier-C,2026-08-15T22:57:00,2026-08-15T23:18:00
SHP-102785,ORD-102785,DC-08,BOOKED,Carrier-C,2026-08-15T22:56:00,2026-08-15T23:16:00
SHP-102786,ORD-102786,DC-05,LOADED,Carrier-A,2026-08-15T23:08:00,2026-08-15T23:29:00
SHP-102787,ORD-102787,DC-02,LOADED,Carrier-C,2026-08-16T00:37:00,2026-08-16T00:04:00
SHP-102788,ORD-102788,DC-13,DEPARTED,Carrier-D,2026-08-15T23:34:00,2026-08-15T23:14:00
SHP-102789,ORD-102789,DC-12,LOADED,Carrier-B,2026-08-15T23:21:00,2026-08-15T23:09:00
SHP-102790,ORD-102790,DC-02,LOADED,Carrier-C,2026-08-16T00:20:00,2026-08-15T23:37:00
SHP-102791,ORD-102791,DC-04,DEPARTED,Carrier-A,2026-08-16T01:09:00,2026-08-16T00:07:00
SHP-102792,ORD-102792,DC-02,LOADED,Carrier-C,2026-08-16T00:14:00,2026-08-16T00:48:00
SHP-102793,ORD-102793,DC-06,AT_DOCK,Carrier-D,2026-08-16T00:33:00,2026-08-15T23:45:00
SHP-102794,ORD-102794,DC-05,BOOKED,Carrier-C,2026-08-15T23:49:00,2026-08-16T00:23:00
SHP-102795,ORD-102795,DC-14,BOOKED,Carrier-D,2026-08-16T00:55:00,2026-08-16T00:26:00
SHP-102796,ORD-102796,DC-15,DEPARTED,Carrier-C,2026-08-16T00:45:00,2026-08-15T23:31:00
SHP-102797,ORD-102797,DC-16,DELAYED,Carrier-A,2026-08-16T00:58:00,2026-08-15T23:47:00
SHP-102798,ORD-102798,DC-15,DELAYED,Carrier-B,2026-08-16T00:22:00,2026-08-15T23:39:00
SHP-102799,ORD-102799,DC-02,DEPARTED,Carrier-B,2026-08-16T00:29:00,2026-08-16T00:01:00
SHP-102800,ORD-102800,DC-13,DELAYED,Carrier-D,2026-08-15T23:09:00,2026-08-15T23:46:00
SHP-102801,ORD-102801,DC-01,BOOKED,Carrier-A,2026-08-16T01:05:00,2026-08-16T00:55:00
SHP-102802,ORD-102802,DC-12,PLANNED,Carrier-B,2026-08-16T01:19:00,2026-08-16T00:03:00
SHP-102803,ORD-102803,DC-12,DELAYED,Carrier-A,2026-08-16T01:15:00,2026-08-16T01:46:00
SHP-102804,ORD-102804,DC-02,DELAYED,Carrier-B,2026-08-16T01:32:00,2026-08-16T00:40:00
SHP-102805,ORD-102805,DC-11,LOADED,Carrier-A,2026-08-16T02:33:00,2026-08-16T01:22:00
SHP-102806,ORD-102806,DC-02,BOOKED,Carrier-C,2026-08-16T00:41:00,2026-08-16T00:35:00
SHP-102807,ORD-102807,DC-01,LOADED,Carrier-A,2026-08-16T01:49:00,2026-08-16T01:07:00
SHP-102808,ORD-102808,DC-07,DELAYED,Carrier-A,2026-08-16T00:45:00,2026-08-16T01:24:00
SHP-102809,ORD-102809,DC-11,DEPARTED,Carrier-A,2026-08-16T00:35:00,2026-08-16T00:58:00
SHP-102810,ORD-102810,DC-04,BOOKED,Carrier-D,2026-08-16T01:35:00,2026-08-16T02:04:00
SHP-102811,ORD-102811,DC-05,AT_DOCK,Carrier-A,2026-08-16T03:19:00,2026-08-16T01:53:00
SHP-102812,ORD-102812,DC-09,DEPARTED,Carrier-D,2026-08-16T01:14:00,2026-08-16T01:27:00
SHP-102813,ORD-102813,DC-09,AT_DOCK,Carrier-C,2026-08-16T03:50:00,2026-08-16T02:31:00
SHP-102814,ORD-102814,DC-07,DEPARTED,Carrier-B,2026-08-16T03:42:00,2026-08-16T02:23:00
SHP-102815,ORD-102815,DC-06,BOOKED,Carrier-B,2026-08-16T03:04:00,2026-08-16T01:53:00
SHP-102816,ORD-102816,DC-01,LOADED,Carrier-A,2026-08-16T00:59:00,2026-08-16T01:32:00
SHP-102817,ORD-102817,DC-11,PLANNED,Carrier-B,2026-08-16T02:50:00,2026-08-16T03:03:00
SHP-102818,ORD-102818,DC-10,AT_DOCK,Carrier-A,2026-08-16T03:14:00,2026-08-16T02:05:00
SHP-102819,ORD-102819,DC-10,PLANNED,Carrier-C,2026-08-16T01:09:00,2026-08-16T01:36:00
SHP-102820,ORD-102820,DC-17,LOADED,Carrier-A,2026-08-16T02:50:00,2026-08-16T02:23:00
SHP-102821,ORD-102821,DC-12,AT_DOCK,Carrier-D,2026-08-16T05:07:00,2026-08-16T03:37:00
SHP-102822,ORD-102822,DC-13,AT_DOCK,Carrier-D,2026-08-16T02:22:00,2026-08-16T02:49:00
SHP-102823,ORD-102823,DC-15,LOADED,Carrier-C,2026-08-16T01:46:00,2026-08-16T02:16:00
SHP-102824,ORD-102824,DC-13,DEPARTED,Carrier-A,2026-08-16T02:48:00,2026-08-16T02:53:00
SHP-102825,ORD-102825,DC-17,DEPARTED,Carrier-B,2026-08-16T04:26:00,2026-08-16T03:01:00
SHP-102826,ORD-102826,DC-18,DEPARTED,Carrier-A,2026-08-16T02:30:00,2026-08-16T02:51:00
SHP-102827,ORD-102827,DC-04,AT_DOCK,Carrier-B,2026-08-16T03:00:00,2026-08-16T02:36:00
SHP-102828,ORD-102828,DC-16,DELAYED,Carrier-C,2026-08-16T03:35:00,2026-08-16T04:02:00
SHP-102829,ORD-102829,DC-14,BOOKED,Carrier-D,2026-08-16T04:16:00,2026-08-16T03:15:00
SHP-102830,ORD-102830,DC-10,DELAYED,Carrier-D,2026-08-16T02:31:00,2026-08-16T03:16:00
SHP-102831,ORD-102831,DC-11,DEPARTED,Carrier-C,2026-08-16T04:13:00,2026-08-16T03:52:00
SHP-102832,ORD-102832,DC-09,BOOKED,Carrier-B,2026-08-16T03:45:00,2026-08-16T04:24:00
SHP-102833,ORD-102833,DC-16,LOADED,Carrier-D,2026-08-16T05:21:00,2026-08-16T03:55:00
SHP-102834,ORD-102834,DC-05,DEPARTED,Carrier-B,2026-08-16T03:21:00,2026-08-16T02:59:00
SHP-102835,ORD-102835,DC-03,DEPARTED,Carrier-B,2026-08-16T04:11:00,2026-08-16T03:04:00
SHP-102836,ORD-102836,DC-12,BOOKED,Carrier-A,2026-08-16T04:34:00,2026-08-16T04:39:00
SHP-102837,ORD-102837,DC-02,LOADED,Carrier-C,2026-08-16T05:45:00,2026-08-16T04:29:00
SHP-102838,ORD-102838,DC-10,AT_DOCK,Carrier-D,2026-08-16T04:35:00,2026-08-16T04:05:00
SHP-102839,ORD-102839,DC-01,DELAYED,Carrier-A,2026-08-16T03:52:00,2026-08-16T04:02:00
SHP-102840,ORD-102840,DC-03,AT_DOCK,Carrier-C,2026-08-16T02:57:00,2026-08-16T03:39:00
SHP-102841,ORD-102841,DC-03,AT_DOCK,Carrier-D,2026-08-16T04:51:00,2026-08-16T03:35:00
SHP-102842,ORD-102842,DC-01,DEPARTED,Carrier-A,2026-08-16T05:59:00,2026-08-16T04:37:00
SHP-102843,ORD-102843,DC-12,BOOKED,Carrier-B,2026-08-16T05:24:00,2026-08-16T05:07:00
SHP-102844,ORD-102844,DC-12,BOOKED,Carrier-C,2026-08-16T05:32:00,2026-08-16T05:37:00
SHP-102845,ORD-102845,DC-06,AT_DOCK,Carrier-C,2026-08-16T05:28:00,2026-08-16T05:33:00
SHP-102846,ORD-102846,DC-17,PLANNED,Carrier-C,2026-08-16T04:41:00,2026-08-16T05:21:00
SHP-102847,ORD-102847,DC-01,AT_DOCK,Carrier-C,2026-08-16T06:57:00,2026-08-16T05:32:00
SHP-102848,ORD-102848,DC-05,DEPARTED,Carrier-A,2026-08-16T04:04:00,2026-08-16T04:40:00
SHP-102849,ORD-102849,DC-06,PLANNED,Carrier-D,2026-08-16T05:51:00,2026-08-16T05:40:00
SHP-102850,ORD-102850,DC-03,DEPARTED,Carrier-C,2026-08-16T05:32:00,2026-08-16T05:11:00
SHP-102851,ORD-102851,DC-09,PLANNED,Carrier-D,2026-08-16T04:14:00,2026-08-16T04:32:00
SHP-102852,ORD-102852,DC-13,BOOKED,Carrier-B,2026-08-16T05:44:00,2026-08-16T04:50:00
SHP-102853,ORD-102853,DC-13,AT_DOCK,Carrier-B,2026-08-16T06:24:00,2026-08-16T06:14:00
SHP-102854,ORD-102854,DC-12,AT_DOCK,Carrier-D,2026-08-16T05:31:00,2026-08-16T06:04:00
SHP-102855,ORD-102855,DC-16,AT_DOCK,Carrier-C,2026-08-16T07:25:00,2026-08-16T06:07:00
SHP-102856,ORD-102856,DC-11,LOADED,Carrier-D,2026-08-16T07:26:00,2026-08-16T06:26:00
SHP-102857,ORD-102857,DC-13,BOOKED,Carrier-D,2026-08-16T07:13:00,2026-08-16T07:18:00
SHP-102858,ORD-102858,DC-10,AT_DOCK,Carrier-C,2026-08-16T06:10:00,2026-08-16T06:37:00
SHP-102859,ORD-102859,DC-10,DEPARTED,Carrier-D,2026-08-16T06:02:00,2026-08-16T06:47:00
SHP-102860,ORD-102860,DC-07,DELAYED,Carrier-A,2026-08-16T06:53:00,2026-08-16T06:27:00
SHP-102861,ORD-102861,DC-08,DELAYED,Carrier-B,2026-08-16T07:27:00,2026-08-16T06:26:00
SHP-102862,ORD-102862,DC-05,PLANNED,Carrier-C,2026-08-16T07:24:00,2026-08-16T06:39:00
SHP-102863,ORD-102863,DC-12,AT_DOCK,Carrier-C,2026-08-16T06:28:00,2026-08-16T07:01:00
SHP-102864,ORD-102864,DC-06,DEPARTED,Carrier-C,2026-08-16T06:26:00,2026-08-16T06:20:00
SHP-102865,ORD-102865,DC-14,DEPARTED,Carrier-B,2026-08-16T07:17:00,2026-08-16T07:44:00
SHP-102866,ORD-102866,DC-06,AT_DOCK,Carrier-A,2026-08-16T07:48:00,2026-08-16T06:56:00
SHP-102867,ORD-102867,DC-11,DELAYED,Carrier-C,2026-08-16T07:28:00,2026-08-16T06:42:00
SHP-102868,ORD-102868,DC-01,AT_DOCK,Carrier-C,2026-08-16T05:53:00,2026-08-16T06:24:00
SHP-102869,ORD-102869,DC-05,DEPARTED,Carrier-A,2026-08-16T07:24:00,2026-08-16T07:36:00
SHP-102870,ORD-102870,DC-17,BOOKED,Carrier-A,2026-08-16T08:36:00,2026-08-16T08:44:00
SHP-102871,ORD-102871,DC-08,DELAYED,Carrier-C,2026-08-16T07:54:00,2026-08-16T08:19:00
SHP-102872,ORD-102872,DC-12,DEPARTED,Carrier-C,2026-08-16T08:25:00,2026-08-16T08:50:00
SHP-102873,ORD-102873,DC-08,AT_DOCK,Carrier-C,2026-08-16T07:42:00,2026-08-16T08:16:00
SHP-102874,ORD-102874,DC-14,DEPARTED,Carrier-C,2026-08-16T08:07:00,2026-08-16T08:24:00
SHP-102875,ORD-102875,DC-01,PLANNED,Carrier-B,2026-08-16T08:06:00,2026-08-16T08:13:00
SHP-102876,ORD-102876,DC-11,PLANNED,Carrier-B,2026-08-16T09:10:00,2026-08-16T09:34:00
SHP-102877,ORD-102877,DC-11,DEPARTED,Carrier-B,2026-08-16T09:18:00,2026-08-16T07:59:00
SHP-102878,ORD-102878,DC-13,DELAYED,Carrier-A,2026-08-16T10:36:00,2026-08-16T09:27:00
SHP-102879,ORD-102879,DC-15,PLANNED,Carrier-B,2026-08-16T08:58:00,2026-08-16T08:07:00
SHP-102880,ORD-102880,DC-13,DELAYED,Carrier-D,2026-08-16T09:42:00,2026-08-16T08:59:00
SHP-102881,ORD-102881,DC-17,BOOKED,Carrier-B,2026-08-16T09:02:00,2026-08-16T08:09:00
SHP-102882,ORD-102882,DC-08,LOADED,Carrier-D,2026-08-16T10:38:00,2026-08-16T09:21:00
SHP-102883,ORD-102883,DC-13,PLANNED,Carrier-D,2026-08-16T08:26:00,2026-08-16T09:10:00
SHP-102884,ORD-102884,DC-16,DEPARTED,Carrier-A,2026-08-16T09:17:00,2026-08-16T09:45:00
SHP-102885,ORD-102885,DC-16,DEPARTED,Carrier-D,2026-08-16T08:45:00,2026-08-16T08:35:00
SHP-102886,ORD-102886,DC-12,LOADED,Carrier-A,2026-08-16T10:10:00,2026-08-16T09:51:00
SHP-102887,ORD-102887,DC-11,DEPARTED,Carrier-A,2026-08-16T09:24:00,2026-08-16T09:43:00
SHP-102888,ORD-102888,DC-03,DEPARTED,Carrier-C,2026-08-16T09:17:00,2026-08-16T09:34:00
SHP-102889,ORD-102889,DC-18,BOOKED,Carrier-A,2026-08-16T10:42:00,2026-08-16T10:57:00
SHP-102890,ORD-102890,DC-18,AT_DOCK,Carrier-D,2026-08-16T10:17:00,2026-08-16T10:37:00
SHP-102891,ORD-102891,DC-17,DELAYED,Carrier-B,2026-08-16T10:52:00,2026-08-16T11:14:00
SHP-102892,ORD-102892,DC-04,LOADED,Carrier-B,2026-08-16T10:25:00,2026-08-16T09:49:00
SHP-102893,ORD-102893,DC-01,DELAYED,Carrier-A,2026-08-16T12:46:00,2026-08-16T11:19:00
SHP-102894,ORD-102894,DC-09,AT_DOCK,Carrier-C,2026-08-16T09:49:00,2026-08-16T10:33:00
SHP-102895,ORD-102895,DC-07,AT_DOCK,Carrier-C,2026-08-16T10:52:00,2026-08-16T10:04:00
SHP-102896,ORD-102896,DC-08,LOADED,Carrier-A,2026-08-16T09:43:00,2026-08-16T10:08:00
SHP-102897,ORD-102897,DC-06,AT_DOCK,Carrier-D,2026-08-16T11:04:00,2026-08-16T09:57:00
SHP-102898,ORD-102898,DC-05,LOADED,Carrier-C,2026-08-16T09:35:00,2026-08-16T10:13:00
SHP-102899,ORD-102899,DC-14,PLANNED,Carrier-C,2026-08-16T11:16:00,2026-08-16T10:14:00
SHP-102900,ORD-102900,DC-10,BOOKED,Carrier-B,2026-08-16T11:38:00,2026-08-16T10:47:00
SHP-102901,ORD-102901,DC-07,DELAYED,Carrier-A,2026-08-16T11:40:00,2026-08-16T11:19:00
SHP-102902,ORD-102902,DC-01,BOOKED,Carrier-D,2026-08-16T10:54:00,2026-08-16T11:09:00
SHP-102903,ORD-102903,DC-10,BOOKED,Carrier-B,2026-08-16T13:06:00,2026-08-16T12:03:00
SHP-102904,ORD-102904,DC-14,PLANNED,Carrier-A,2026-08-16T10:37:00,2026-08-16T11:07:00
SHP-102905,ORD-102905,DC-11,AT_DOCK,Carrier-D,2026-08-16T12:22:00,2026-08-16T12:29:00
SHP-102906,ORD-102906,DC-10,AT_DOCK,Carrier-B,2026-08-16T11:19:00,2026-08-16T12:00:00
SHP-102907,ORD-102907,DC-02,PLANNED,Carrier-D,2026-08-16T12:03:00,2026-08-16T12:45:00
SHP-102908,ORD-102908,DC-13,DELAYED,Carrier-C,2026-08-16T11:53:00,2026-08-16T11:15:00
SHP-102909,ORD-102909,DC-17,LOADED,Carrier-C,2026-08-16T12:51:00,2026-08-16T11:54:00
SHP-102910,ORD-102910,DC-17,LOADED,Carrier-D,2026-08-16T12:49:00,2026-08-16T11:39:00
SHP-102911,ORD-102911,DC-13,LOADED,Carrier-C,2026-08-16T12:19:00,2026-08-16T13:02:00
SHP-102912,ORD-102912,DC-10,PLANNED,Carrier-A,2026-08-16T12:56:00,2026-08-16T13:11:00
SHP-102913,ORD-102913,DC-04,AT_DOCK,Carrier-C,2026-08-16T13:04:00,2026-08-16T12:12:00
SHP-102914,ORD-102914,DC-02,PLANNED,Carrier-A,2026-08-16T13:47:00,2026-08-16T12:43:00
SHP-102915,ORD-102915,DC-13,PLANNED,Carrier-A,2026-08-16T12:57:00,2026-08-16T12:10:00
SHP-102916,ORD-102916,DC-09,BOOKED,Carrier-B,2026-08-16T15:03:00,2026-08-16T13:46:00
SHP-102917,ORD-102917,DC-04,LOADED,Carrier-D,2026-08-16T14:00:00,2026-08-16T13:52:00
SHP-102918,ORD-102918,DC-18,LOADED,Carrier-C,2026-08-16T15:25:00,2026-08-16T14:03:00
SHP-102919,ORD-102919,DC-14,DELAYED,Carrier-D,2026-08-16T14:30:00,2026-08-16T13:11:00
SHP-102920,ORD-102920,DC-17,DELAYED,Carrier-D,2026-08-16T14:41:00,2026-08-16T13:45:00
SHP-102921,ORD-102921,DC-17,BOOKED,Carrier-D,2026-08-16T13:51:00,2026-08-16T13:15:00
SHP-102922,ORD-102922,DC-04,DELAYED,Carrier-D,2026-08-16T14:03:00,2026-08-16T13:08:00
SHP-102923,ORD-102923,DC-18,PLANNED,Carrier-D,2026-08-16T14:41:00,2026-08-16T14:27:00
SHP-102924,ORD-102924,DC-07,BOOKED,Carrier-B,2026-08-16T14:39:00,2026-08-16T14:23:00
SHP-102925,ORD-102925,DC-03,DEPARTED,Carrier-B,2026-08-16T15:52:00,2026-08-16T14:26:00
SHP-102926,ORD-102926,DC-12,PLANNED,Carrier-C,2026-08-16T14:41:00,2026-08-16T13:58:00
SHP-102927,ORD-102927,DC-18,LOADED,Carrier-C,2026-08-16T15:30:00,2026-08-16T14:06:00
SHP-102928,ORD-102928,DC-02,AT_DOCK,Carrier-D,2026-08-16T16:17:00,2026-08-16T15:05:00
SHP-102929,ORD-102929,DC-01,LOADED,Carrier-B,2026-08-16T14:30:00,2026-08-16T14:45:00
SHP-102930,ORD-102930,DC-03,LOADED,Carrier-D,2026-08-16T15:56:00,2026-08-16T14:30:00
SHP-102931,ORD-102931,DC-15,DELAYED,Carrier-B,2026-08-16T16:43:00,2026-08-16T15:26:00
SHP-102932,ORD-102932,DC-09,AT_DOCK,Carrier-D,2026-08-16T16:58:00,2026-08-16T15:28:00
SHP-102933,ORD-102933,DC-16,DELAYED,Carrier-C,2026-08-16T15:24:00,2026-08-16T15:10:00
SHP-102934,ORD-102934,DC-06,PLANNED,Carrier-B,2026-08-16T15:37:00,2026-08-16T16:01:00
SHP-102935,ORD-102935,DC-04,LOADED,Carrier-C,2026-08-16T16:56:00,2026-08-16T15:35:00
SHP-102936,ORD-102936,DC-07,BOOKED,Carrier-C,2026-08-16T15:41:00,2026-08-16T15:24:00
SHP-102937,ORD-102937,DC-01,LOADED,Carrier-C,2026-08-16T16:49:00,2026-08-16T15:57:00
SHP-102938,ORD-102938,DC-06,AT_DOCK,Carrier-C,2026-08-16T16:31:00,2026-08-16T15:43:00
SHP-102939,ORD-102939,DC-02,BOOKED,Carrier-D,2026-08-16T16:23:00,2026-08-16T14:59:00
SHP-102940,ORD-102940,DC-10,PLANNED,Carrier-A,2026-08-16T15:46:00,2026-08-16T16:20:00
SHP-102941,ORD-102941,DC-05,DELAYED,Carrier-D,2026-08-16T15:49:00,2026-08-16T15:05:00
SHP-102942,ORD-102942,DC-15,LOADED,Carrier-A,2026-08-16T17:17:00,2026-08-16T17:07:00
SHP-102943,ORD-102943,DC-05,DELAYED,Carrier-B,2026-08-16T16:00:00,2026-08-16T16:14:00
SHP-102944,ORD-102944,DC-04,LOADED,Carrier-D,2026-08-16T15:38:00,2026-08-16T15:56:00
SHP-102945,ORD-102945,DC-01,AT_DOCK,Carrier-B,2026-08-16T15:16:00,2026-08-16T15:56:00
SHP-102946,ORD-102946,DC-16,BOOKED,Carrier-C,2026-08-16T17:10:00,2026-08-16T16:34:00
SHP-102947,ORD-102947,DC-11,LOADED,Carrier-C,2026-08-16T17:04:00,2026-08-16T16:11:00
SHP-102948,ORD-102948,DC-11,DELAYED,Carrier-A,2026-08-16T18:24:00,2026-08-16T17:06:00
SHP-102949,ORD-102949,DC-03,BOOKED,Carrier-D,2026-08-16T15:36:00,2026-08-16T16:14:00
SHP-102950,ORD-102950,DC-12,DELAYED,Carrier-D,2026-08-16T18:22:00,2026-08-16T16:54:00
SHP-102951,ORD-102951,DC-18,LOADED,Carrier-D,2026-08-16T18:16:00,2026-08-16T17:20:00
SHP-102952,ORD-102952,DC-04,PLANNED,Carrier-C,2026-08-16T15:58:00,2026-08-16T16:39:00
SHP-102953,ORD-102953,DC-04,DELAYED,Carrier-B,2026-08-16T17:39:00,2026-08-16T17:58:00
SHP-102954,ORD-102954,DC-14,DEPARTED,Carrier-B,2026-08-16T19:01:00,2026-08-16T17:58:00
SHP-102955,ORD-102955,DC-12,AT_DOCK,Carrier-C,2026-08-16T18:14:00,2026-08-16T18:37:00
SHP-102956,ORD-102956,DC-04,DELAYED,Carrier-C,2026-08-16T16:40:00,2026-08-16T17:24:00
SHP-102957,ORD-102957,DC-04,DELAYED,Carrier-A,2026-08-16T18:39:00,2026-08-16T17:29:00
SHP-102958,ORD-102958,DC-08,AT_DOCK,Carrier-B,2026-08-16T17:43:00,2026-08-16T18:23:00
SHP-102959,ORD-102959,DC-05,LOADED,Carrier-D,2026-08-16T18:40:00,2026-08-16T18:02:00
SHP-102960,ORD-102960,DC-18,DELAYED,Carrier-D,2026-08-16T18:36:00,2026-08-16T19:11:00
SHP-102961,ORD-102961,DC-13,PLANNED,Carrier-A,2026-08-16T19:15:00,2026-08-16T19:56:00
SHP-102962,ORD-102962,DC-17,DEPARTED,Carrier-D,2026-08-16T20:59:00,2026-08-16T20:01:00
SHP-102963,ORD-102963,DC-17,LOADED,Carrier-D,2026-08-16T20:30:00,2026-08-16T19:20:00
SHP-102964,ORD-102964,DC-02,BOOKED,Carrier-A,2026-08-16T18:56:00,2026-08-16T19:33:00
SHP-102965,ORD-102965,DC-08,PLANNED,Carrier-B,2026-08-16T19:44:00,2026-08-16T18:56:00
SHP-102966,ORD-102966,DC-04,DEPARTED,Carrier-C,2026-08-16T19:56:00,2026-08-16T19:04:00
SHP-102967,ORD-102967,DC-04,LOADED,Carrier-A,2026-08-16T19:55:00,2026-08-16T19:16:00
SHP-102968,ORD-102968,DC-06,PLANNED,Carrier-A,2026-08-16T18:38:00,2026-08-16T19:23:00
SHP-102969,ORD-102969,DC-12,AT_DOCK,Carrier-C,2026-08-16T18:26:00,2026-08-16T18:49:00
SHP-102970,ORD-102970,DC-11,DELAYED,Carrier-A,2026-08-16T20:37:00,2026-08-16T20:30:00
SHP-102971,ORD-102971,DC-03,BOOKED,Carrier-C,2026-08-16T18:41:00,2026-08-16T19:20:00
SHP-102972,ORD-102972,DC-07,PLANNED,Carrier-B,2026-08-16T21:34:00,2026-08-16T20:07:00
SHP-102973,ORD-102973,DC-01,PLANNED,Carrier-D,2026-08-16T19:13:00,2026-08-16T19:40:00
SHP-102974,ORD-102974,DC-04,PLANNED,Carrier-A,2026-08-16T21:57:00,2026-08-16T20:30:00
SHP-102975,ORD-102975,DC-03,LOADED,Carrier-A,2026-08-16T20:38:00,2026-08-16T20:29:00
SHP-102976,ORD-102976,DC-10,PLANNED,Carrier-A,2026-08-16T21:49:00,2026-08-16T20:50:00
SHP-102977,ORD-102977,DC-18,LOADED,Carrier-A,2026-08-16T20:16:00,2026-08-16T19:59:00
SHP-102978,ORD-102978,DC-10,AT_DOCK,Carrier-B,2026-08-16T21:22:00,2026-08-16T20:44:00
SHP-102979,ORD-102979,DC-04,DELAYED,Carrier-A,2026-08-16T20:27:00,2026-08-16T21:03:00
SHP-102980,ORD-102980,DC-02,DELAYED,Carrier-B,2026-08-16T22:00:00,2026-08-16T20:48:00
SHP-102981,ORD-102981,DC-14,BOOKED,Carrier-B,2026-08-16T19:47:00,2026-08-16T20:25:00
SHP-102982,ORD-102982,DC-13,DELAYED,Carrier-D,2026-08-16T19:55:00,2026-08-16T20:17:00
SHP-102983,ORD-102983,DC-04,PLANNED,Carrier-A,2026-08-16T20:59:00,2026-08-16T21:18:00
SHP-102984,ORD-102984,DC-18,AT_DOCK,Carrier-A,2026-08-16T21:12:00,2026-08-16T20:27:00
SHP-102985,ORD-102985,DC-06,AT_DOCK,Carrier-A,2026-08-16T20:31:00,2026-08-16T20:56:00
SHP-102986,ORD-102986,DC-02,PLANNED,Carrier-B,2026-08-16T20:53:00,2026-08-16T21:15:00
SHP-102987,ORD-102987,DC-10,LOADED,Carrier-D,2026-08-16T21:26:00,2026-08-16T21:44:00
SHP-102988,ORD-102988,DC-11,BOOKED,Carrier-C,2026-08-16T20:13:00,2026-08-16T20:36:00
SHP-102989,ORD-102989,DC-04,BOOKED,Carrier-D,2026-08-16T22:38:00,2026-08-16T22:05:00
SHP-102990,ORD-102990,DC-08,DELAYED,Carrier-D,2026-08-16T21:20:00,2026-08-16T21:07:00
SHP-102991,ORD-102991,DC-07,DEPARTED,Carrier-B,2026-08-16T21:43:00,2026-08-16T21:49:00
SHP-102992,ORD-102992,DC-18,LOADED,Carrier-B,2026-08-16T22:18:00,2026-08-16T22:56:00
SHP-102993,ORD-102993,DC-06,PLANNED,Carrier-D,2026-08-16T23:26:00,2026-08-16T22:45:00
SHP-102994,ORD-102994,DC-03,LOADED,Carrier-A,2026-08-17T00:27:00,2026-08-16T23:19:00
SHP-102995,ORD-102995,DC-07,DELAYED,Carrier-B,2026-08-16T21:52:00,2026-08-16T22:16:00
SHP-102996,ORD-102996,DC-08,LOADED,Carrier-D,2026-08-16T23:32:00,2026-08-16T23:24:00
SHP-102997,ORD-102997,DC-07,BOOKED,Carrier-D,2026-08-16T22:51:00,2026-08-16T22:07:00
SHP-102998,ORD-102998,DC-17,BOOKED,Carrier-B,2026-08-16T23:51:00,2026-08-16T23:31:00
SHP-102999,ORD-102999,DC-05,PLANNED,Carrier-D,2026-08-16T23:02:00,2026-08-16T22:47:00
SHP-103000,ORD-103000,DC-08,DEPARTED,Carrier-B,2026-08-16T23:06:00,2026-08-16T22:36:00
SHP-103001,ORD-103001,DC-09,BOOKED,Carrier-B,2026-08-16T22:14:00,2026-08-16T22:47:00
SHP-103002,ORD-103002,DC-01,PLANNED,Carrier-B,2026-08-16T22:51:00,2026-08-16T23:01:00
SHP-103003,ORD-103003,DC-05,DELAYED,Carrier-B,2026-08-16T22:17:00,2026-08-16T22:58:00
SHP-103004,ORD-103004,DC-15,BOOKED,Carrier-B,2026-08-16T23:13:00,2026-08-16T23:42:00
SHP-103005,ORD-103005,DC-06,BOOKED,Carrier-B,2026-08-17T00:05:00,2026-08-16T23:18:00
SHP-103006,ORD-103006,DC-18,DELAYED,Carrier-C,2026-08-16T23:48:00,2026-08-17T00:23:00
SHP-103007,ORD-103007,DC-12,DEPARTED,Carrier-D,2026-08-16T22:42:00,2026-08-16T23:26:00
SHP-103008,ORD-103008,DC-10,AT_DOCK,Carrier-D,2026-08-17T00:03:00,2026-08-17T00:23:00
SHP-103009,ORD-103009,DC-09,BOOKED,Carrier-B,2026-08-17T00:31:00,2026-08-17T00:49:00
SHP-103010,ORD-103010,DC-10,DEPARTED,Carrier-B,2026-08-17T01:28:00,2026-08-17T00:20:00
SHP-103011,ORD-103011,DC-06,PLANNED,Carrier-A,2026-08-16T23:37:00,2026-08-16T23:26:00
SHP-103012,ORD-103012,DC-05,PLANNED,Carrier-C,2026-08-17T00:52:00,2026-08-17T00:13:00
SHP-103013,ORD-103013,DC-17,DELAYED,Carrier-A,2026-08-17T00:07:00,2026-08-17T00:49:00
SHP-103014,ORD-103014,DC-17,BOOKED,Carrier-B,2026-08-17T01:08:00,2026-08-17T00:16:00
SHP-103015,ORD-103015,DC-15,DELAYED,Carrier-B,2026-08-17T01:05:00,2026-08-17T01:24:00
SHP-103016,ORD-103016,DC-17,DELAYED,Carrier-C,2026-08-17T00:18:00,2026-08-16T23:48:00
SHP-103017,ORD-103017,DC-04,PLANNED,Carrier-A,2026-08-16T23:41:00,2026-08-17T00:01:00
SHP-103018,ORD-103018,DC-03,PLANNED,Carrier-B,2026-08-17T01:45:00,2026-08-17T00:55:00
SHP-103019,ORD-103019,DC-16,PLANNED,Carrier-D,2026-08-17T02:18:00,2026-08-17T01:19:00
SHP-103020,ORD-103020,DC-01,LOADED,Carrier-D,2026-08-17T03:21:00,2026-08-17T02:02:00
SHP-103021,ORD-103021,DC-05,PLANNED,Carrier-A,2026-08-17T01:16:00,2026-08-17T01:44:00
SHP-103022,ORD-103022,DC-14,PLANNED,Carrier-B,2026-08-17T03:58:00,2026-08-17T02:29:00
SHP-103023,ORD-103023,DC-09,DELAYED,Carrier-D,2026-08-17T02:03:00,2026-08-17T02:14:00
SHP-103024,ORD-103024,DC-17,DELAYED,Carrier-A,2026-08-17T02:45:00,2026-08-17T01:15:00
SHP-103025,ORD-103025,DC-10,DEPARTED,Carrier-B,2026-08-17T02:23:00,2026-08-17T02:57:00
SHP-103026,ORD-103026,DC-03,BOOKED,Carrier-B,2026-08-17T02:01:00,2026-08-17T01:56:00
SHP-103027,ORD-103027,DC-12,PLANNED,Carrier-C,2026-08-17T01:30:00,2026-08-17T01:49:00
SHP-103028,ORD-103028,DC-09,DELAYED,Carrier-C,2026-08-17T02:14:00,2026-08-17T01:50:00
SHP-103029,ORD-103029,DC-09,DEPARTED,Carrier-D,2026-08-17T02:39:00,2026-08-17T03:02:00
SHP-103030,ORD-103030,DC-15,DEPARTED,Carrier-C,2026-08-17T02:23:00,2026-08-17T01:50:00
SHP-103031,ORD-103031,DC-13,DELAYED,Carrier-C,2026-08-17T02:01:00,2026-08-17T02:27:00
SHP-103032,ORD-103032,DC-14,PLANNED,Carrier-D,2026-08-17T02:37:00,2026-08-17T02:43:00
SHP-103033,ORD-103033,DC-01,BOOKED,Carrier-A,2026-08-17T04:37:00,2026-08-17T03:28:00
SHP-103034,ORD-103034,DC-16,DELAYED,Carrier-D,2026-08-17T03:44:00,2026-08-17T03:37:00
SHP-103035,ORD-103035,DC-05,LOADED,Carrier-D,2026-08-17T02:19:00,2026-08-17T02:59:00
SHP-103036,ORD-103036,DC-05,DELAYED,Carrier-B,2026-08-17T02:47:00,2026-08-17T03:29:00
SHP-103037,ORD-103037,DC-14,DEPARTED,Carrier-B,2026-08-17T04:08:00,2026-08-17T03:27:00
SHP-103038,ORD-103038,DC-02,PLANNED,Carrier-B,2026-08-17T04:53:00,2026-08-17T04:11:00
SHP-103039,ORD-103039,DC-16,AT_DOCK,Carrier-D,2026-08-17T04:42:00,2026-08-17T03:24:00
SHP-103040,ORD-103040,DC-11,DELAYED,Carrier-A,2026-08-17T04:53:00,2026-08-17T04:04:00
SHP-103041,ORD-103041,DC-07,LOADED,Carrier-C,2026-08-17T04:16:00,2026-08-17T03:30:00
SHP-103042,ORD-103042,DC-02,DEPARTED,Carrier-D,2026-08-17T02:58:00,2026-08-17T03:24:00
SHP-103043,ORD-103043,DC-16,PLANNED,Carrier-C,2026-08-17T04:55:00,2026-08-17T03:51:00
SHP-103044,ORD-103044,DC-03,BOOKED,Carrier-A,2026-08-17T04:34:00,2026-08-17T04:17:00
SHP-103045,ORD-103045,DC-04,BOOKED,Carrier-C,2026-08-17T03:05:00,2026-08-17T03:35:00
SHP-103046,ORD-103046,DC-04,BOOKED,Carrier-A,2026-08-17T06:05:00,2026-08-17T04:53:00
SHP-103047,ORD-103047,DC-14,LOADED,Carrier-A,2026-08-17T05:27:00,2026-08-17T05:38:00
SHP-103048,ORD-103048,DC-17,DEPARTED,Carrier-A,2026-08-17T04:48:00,2026-08-17T05:02:00
SHP-103049,ORD-103049,DC-03,BOOKED,Carrier-B,2026-08-17T05:03:00,2026-08-17T04:41:00
SHP-103050,ORD-103050,DC-05,BOOKED,Carrier-C,2026-08-17T05:48:00,2026-08-17T04:29:00
SHP-103051,ORD-103051,DC-13,PLANNED,Carrier-D,2026-08-17T05:00:00,2026-08-17T05:20:00
SHP-103052,ORD-103052,DC-11,DEPARTED,Carrier-C,2026-08-17T03:21:00,2026-08-17T04:05:00
SHP-103053,ORD-103053,DC-05,DEPARTED,Carrier-B,2026-08-17T05:11:00,2026-08-17T04:16:00
SHP-103054,ORD-103054,DC-05,PLANNED,Carrier-B,2026-08-17T06:24:00,2026-08-17T05:39:00
SHP-103055,ORD-103055,DC-09,PLANNED,Carrier-C,2026-08-17T05:52:00,2026-08-17T04:41:00
SHP-103056,ORD-103056,DC-02,BOOKED,Carrier-D,2026-08-17T05:30:00,2026-08-17T04:21:00
SHP-103057,ORD-103057,DC-15,LOADED,Carrier-D,2026-08-17T06:43:00,2026-08-17T05:16:00
SHP-103058,ORD-103058,DC-16,DELAYED,Carrier-C,2026-08-17T06:11:00,2026-08-17T06:01:00
SHP-103059,ORD-103059,DC-16,DEPARTED,Carrier-C,2026-08-17T05:24:00,2026-08-17T05:46:00
SHP-103060,ORD-103060,DC-12,LOADED,Carrier-C,2026-08-17T05:50:00,2026-08-17T05:09:00
SHP-103061,ORD-103061,DC-05,LOADED,Carrier-C,2026-08-17T04:58:00,2026-08-17T05:14:00
SHP-103062,ORD-103062,DC-16,LOADED,Carrier-A,2026-08-17T08:10:00,2026-08-17T06:45:00
SHP-103063,ORD-103063,DC-15,DEPARTED,Carrier-C,2026-08-17T06:45:00,2026-08-17T06:39:00
SHP-103064,ORD-103064,DC-15,DELAYED,Carrier-D,2026-08-17T08:25:00,2026-08-17T07:28:00
SHP-103065,ORD-103065,DC-09,DELAYED,Carrier-C,2026-08-17T07:41:00,2026-08-17T07:12:00
SHP-103066,ORD-103066,DC-05,LOADED,Carrier-D,2026-08-17T06:51:00,2026-08-17T06:19:00
SHP-103067,ORD-103067,DC-10,DEPARTED,Carrier-B,2026-08-17T06:19:00,2026-08-17T06:32:00
SHP-103068,ORD-103068,DC-02,AT_DOCK,Carrier-B,2026-08-17T07:13:00,2026-08-17T06:32:00
SHP-103069,ORD-103069,DC-05,AT_DOCK,Carrier-D,2026-08-17T06:29:00,2026-08-17T07:01:00
SHP-103070,ORD-103070,DC-09,BOOKED,Carrier-A,2026-08-17T08:06:00,2026-08-17T06:53:00
SHP-103071,ORD-103071,DC-04,BOOKED,Carrier-C,2026-08-17T08:25:00,2026-08-17T07:25:00
SHP-103072,ORD-103072,DC-15,DELAYED,Carrier-C,2026-08-17T08:48:00,2026-08-17T07:46:00
SHP-103073,ORD-103073,DC-17,BOOKED,Carrier-A,2026-08-17T08:04:00,2026-08-17T08:16:00
SHP-103074,ORD-103074,DC-05,AT_DOCK,Carrier-C,2026-08-17T08:43:00,2026-08-17T08:35:00
SHP-103075,ORD-103075,DC-15,DEPARTED,Carrier-B,2026-08-17T09:45:00,2026-08-17T08:46:00
SHP-103076,ORD-103076,DC-08,AT_DOCK,Carrier-D,2026-08-17T08:22:00,2026-08-17T08:53:00
SHP-103077,ORD-103077,DC-12,LOADED,Carrier-A,2026-08-17T07:09:00,2026-08-17T07:26:00
SHP-103078,ORD-103078,DC-16,DEPARTED,Carrier-C,2026-08-17T08:25:00,2026-08-17T07:36:00
SHP-103079,ORD-103079,DC-07,DEPARTED,Carrier-B,2026-08-17T08:08:00,2026-08-17T08:33:00
SHP-103080,ORD-103080,DC-12,AT_DOCK,Carrier-B,2026-08-17T09:55:00,2026-08-17T09:14:00
SHP-103081,ORD-103081,DC-04,LOADED,Carrier-B,2026-08-17T07:35:00,2026-08-17T08:02:00
SHP-103082,ORD-103082,DC-08,DEPARTED,Carrier-A,2026-08-17T10:27:00,2026-08-17T09:56:00
SHP-103083,ORD-103083,DC-13,DEPARTED,Carrier-D,2026-08-17T08:51:00,2026-08-17T08:15:00
SHP-103084,ORD-103084,DC-15,AT_DOCK,Carrier-A,2026-08-17T10:15:00,2026-08-17T10:00:00
SHP-103085,ORD-103085,DC-04,BOOKED,Carrier-A,2026-08-17T10:10:00,2026-08-17T09:08:00
SHP-103086,ORD-103086,DC-09,LOADED,Carrier-B,2026-08-17T10:22:00,2026-08-17T09:01:00
SHP-103087,ORD-103087,DC-03,DELAYED,Carrier-C,2026-08-17T09:53:00,2026-08-17T10:04:00
SHP-103088,ORD-103088,DC-10,LOADED,Carrier-D,2026-08-17T08:37:00,2026-08-17T08:58:00
SHP-103089,ORD-103089,DC-06,DELAYED,Carrier-A,2026-08-17T11:10:00,2026-08-17T10:36:00
SHP-103090,ORD-103090,DC-05,LOADED,Carrier-B,2026-08-17T09:46:00,2026-08-17T09:24:00
SHP-103091,ORD-103091,DC-14,DELAYED,Carrier-C,2026-08-17T10:56:00,2026-08-17T10:22:00
SHP-103092,ORD-103092,DC-02,DELAYED,Carrier-B,2026-08-17T10:50:00,2026-08-17T10:30:00
SHP-103093,ORD-103093,DC-03,DELAYED,Carrier-C,2026-08-17T10:45:00,2026-08-17T10:51:00
SHP-103094,ORD-103094,DC-18,LOADED,Carrier-B,2026-08-17T11:02:00,2026-08-17T11:07:00
SHP-103095,ORD-103095,DC-13,DELAYED,Carrier-B,2026-08-17T11:41:00,2026-08-17T11:33:00
SHP-103096,ORD-103096,DC-09,DEPARTED,Carrier-A,2026-08-17T10:23:00,2026-08-17T10:04:00
SHP-103097,ORD-103097,DC-02,DELAYED,Carrier-D,2026-08-17T10:23:00,2026-08-17T11:04:00
SHP-103098,ORD-103098,DC-16,DEPARTED,Carrier-D,2026-08-17T10:59:00,2026-08-17T11:09:00
SHP-103099,ORD-103099,DC-10,DELAYED,Carrier-D,2026-08-17T11:08:00,2026-08-17T11:00:00
SHP-103100,ORD-103100,DC-14,DELAYED,Carrier-C,2026-08-17T11:22:00,2026-08-17T10:43:00
SHP-103101,ORD-103101,DC-16,BOOKED,Carrier-C,2026-08-17T13:22:00,2026-08-17T11:53:00
SHP-103102,ORD-103102,DC-01,PLANNED,Carrier-A,2026-08-17T13:30:00,2026-08-17T12:23:00
SHP-103103,ORD-103103,DC-12,LOADED,Carrier-A,2026-08-17T14:07:00,2026-08-17T12:57:00
SHP-103104,ORD-103104,DC-14,LOADED,Carrier-D,2026-08-17T13:25:00,2026-08-17T12:42:00
SHP-103105,ORD-103105,DC-05,BOOKED,Carrier-D,2026-08-17T12:29:00,2026-08-17T13:09:00
SHP-103106,ORD-103106,DC-14,PLANNED,Carrier-B,2026-08-17T12:32:00,2026-08-17T11:54:00
SHP-103107,ORD-103107,DC-04,PLANNED,Carrier-C,2026-08-17T12:07:00,2026-08-17T12:39:00
SHP-103108,ORD-103108,DC-10,DELAYED,Carrier-C,2026-08-17T14:22:00,2026-08-17T13:28:00
SHP-103109,ORD-103109,DC-15,DELAYED,Carrier-B,2026-08-17T14:24:00,2026-08-17T13:20:00
SHP-103110,ORD-103110,DC-15,BOOKED,Carrier-C,2026-08-17T13:56:00,2026-08-17T12:40:00
SHP-103111,ORD-103111,DC-15,BOOKED,Carrier-B,2026-08-17T14:20:00,2026-08-17T13:04:00
SHP-103112,ORD-103112,DC-05,BOOKED,Carrier-A,2026-08-17T12:19:00,2026-08-17T13:01:00
SHP-103113,ORD-103113,DC-04,PLANNED,Carrier-B,2026-08-17T14:18:00,2026-08-17T12:48:00
SHP-103114,ORD-103114,DC-16,DEPARTED,Carrier-B,2026-08-17T13:33:00,2026-08-17T13:01:00
SHP-103115,ORD-103115,DC-13,DELAYED,Carrier-B,2026-08-17T12:09:00,2026-08-17T12:54:00
SHP-103116,ORD-103116,DC-08,DELAYED,Carrier-A,2026-08-17T14:36:00,2026-08-17T14:05:00
SHP-103117,ORD-103117,DC-04,BOOKED,Carrier-D,2026-08-17T14:12:00,2026-08-17T14:07:00
SHP-103118,ORD-103118,DC-10,DELAYED,Carrier-D,2026-08-17T14:07:00,2026-08-17T13:55:00
SHP-103119,ORD-103119,DC-05,DELAYED,Carrier-C,2026-08-17T15:39:00,2026-08-17T14:49:00
SHP-103120,ORD-103120,DC-13,LOADED,Carrier-D,2026-08-17T15:31:00,2026-08-17T15:03:00
SHP-103121,ORD-103121,DC-05,LOADED,Carrier-B,2026-08-17T14:43:00,2026-08-17T13:59:00
SHP-103122,ORD-103122,DC-05,DELAYED,Carrier-B,2026-08-17T14:07:00,2026-08-17T14:39:00
SHP-103123,ORD-103123,DC-16,DEPARTED,Carrier-D,2026-08-17T13:09:00,2026-08-17T13:45:00
SHP-103124,ORD-103124,DC-14,AT_DOCK,Carrier-B,2026-08-17T15:52:00,2026-08-17T15:26:00
SHP-103125,ORD-103125,DC-04,BOOKED,Carrier-C,2026-08-17T16:58:00,2026-08-17T15:40:00
SHP-103126,ORD-103126,DC-15,AT_DOCK,Carrier-D,2026-08-17T16:45:00,2026-08-17T15:33:00
SHP-103127,ORD-103127,DC-09,LOADED,Carrier-C,2026-08-17T15:22:00,2026-08-17T15:10:00
SHP-103128,ORD-103128,DC-16,PLANNED,Carrier-A,2026-08-17T16:32:00,2026-08-17T15:30:00
SHP-103129,ORD-103129,DC-12,PLANNED,Carrier-A,2026-08-17T15:02:00,2026-08-17T15:44:00
SHP-103130,ORD-103130,DC-18,LOADED,Carrier-C,2026-08-17T15:39:00,2026-08-17T16:03:00
SHP-103131,ORD-103131,DC-18,DEPARTED,Carrier-C,2026-08-17T16:05:00,2026-08-17T15:19:00
SHP-103132,ORD-103132,DC-18,AT_DOCK,Carrier-C,2026-08-17T14:41:00,2026-08-17T14:49:00
SHP-103133,ORD-103133,DC-12,PLANNED,Carrier-B,2026-08-17T15:19:00,2026-08-17T14:40:00
SHP-103134,ORD-103134,DC-06,AT_DOCK,Carrier-C,2026-08-17T15:42:00,2026-08-17T14:57:00
SHP-103135,ORD-103135,DC-13,AT_DOCK,Carrier-C,2026-08-17T16:51:00,2026-08-17T15:59:00
SHP-103136,ORD-103136,DC-15,BOOKED,Carrier-C,2026-08-17T16:25:00,2026-08-17T15:03:00
SHP-103137,ORD-103137,DC-04,DEPARTED,Carrier-B,2026-08-17T16:28:00,2026-08-17T15:13:00
SHP-103138,ORD-103138,DC-04,AT_DOCK,Carrier-D,2026-08-17T17:35:00,2026-08-17T16:47:00
SHP-103139,ORD-103139,DC-11,DEPARTED,Carrier-C,2026-08-17T17:16:00,2026-08-17T16:37:00
SHP-103140,ORD-103140,DC-16,LOADED,Carrier-D,2026-08-17T14:58:00,2026-08-17T15:31:00
SHP-103141,ORD-103141,DC-03,PLANNED,Carrier-B,2026-08-17T17:25:00,2026-08-17T16:16:00
SHP-103142,ORD-103142,DC-12,LOADED,Carrier-D,2026-08-17T16:50:00,2026-08-17T15:36:00
SHP-103143,ORD-103143,DC-15,PLANNED,Carrier-B,2026-08-17T18:13:00,2026-08-17T17:03:00
SHP-103144,ORD-103144,DC-06,DELAYED,Carrier-D,2026-08-17T18:17:00,2026-08-17T17:02:00
SHP-103145,ORD-103145,DC-05,DELAYED,Carrier-A,2026-08-17T17:24:00,2026-08-17T17:29:00
SHP-103146,ORD-103146,DC-03,PLANNED,Carrier-C,2026-08-17T18:33:00,2026-08-17T17:26:00
SHP-103147,ORD-103147,DC-08,PLANNED,Carrier-D,2026-08-17T15:57:00,2026-08-17T16:23:00
SHP-103148,ORD-103148,DC-09,BOOKED,Carrier-B,2026-08-17T18:22:00,2026-08-17T17:49:00
SHP-103149,ORD-103149,DC-01,LOADED,Carrier-A,2026-08-17T18:16:00,2026-08-17T17:41:00
SHP-103150,ORD-103150,DC-14,DELAYED,Carrier-A,2026-08-17T19:02:00,2026-08-17T17:54:00
SHP-103151,ORD-103151,DC-15,BOOKED,Carrier-A,2026-08-17T16:20:00,2026-08-17T16:54:00
SHP-103152,ORD-103152,DC-05,DELAYED,Carrier-B,2026-08-17T17:59:00,2026-08-17T17:02:00
SHP-103153,ORD-103153,DC-04,BOOKED,Carrier-A,2026-08-17T18:12:00,2026-08-17T18:36:00
SHP-103154,ORD-103154,DC-14,LOADED,Carrier-C,2026-08-17T18:14:00,2026-08-17T17:02:00
SHP-103155,ORD-103155,DC-14,DEPARTED,Carrier-A,2026-08-17T17:53:00,2026-08-17T17:24:00
SHP-103156,ORD-103156,DC-09,DEPARTED,Carrier-A,2026-08-17T18:18:00,2026-08-17T18:01:00
SHP-103157,ORD-103157,DC-12,LOADED,Carrier-A,2026-08-17T20:08:00,2026-08-17T18:43:00
SHP-103158,ORD-103158,DC-16,BOOKED,Carrier-A,2026-08-17T18:03:00,2026-08-17T17:19:00
SHP-103159,ORD-103159,DC-18,BOOKED,Carrier-C,2026-08-17T19:41:00,2026-08-17T18:25:00
SHP-103160,ORD-103160,DC-05,DEPARTED,Carrier-C,2026-08-17T19:15:00,2026-08-17T19:04:00
SHP-103161,ORD-103161,DC-14,LOADED,Carrier-B,2026-08-17T17:58:00,2026-08-17T18:06:00
SHP-103162,ORD-103162,DC-10,BOOKED,Carrier-A,2026-08-17T17:44:00,2026-08-17T18:22:00
SHP-103163,ORD-103163,DC-17,AT_DOCK,Carrier-D,2026-08-17T17:47:00,2026-08-17T18:28:00
SHP-103164,ORD-103164,DC-11,DELAYED,Carrier-D,2026-08-17T19:01:00,2026-08-17T18:10:00
SHP-103165,ORD-103165,DC-10,DEPARTED,Carrier-C,2026-08-17T18:54:00,2026-08-17T19:18:00
SHP-103166,ORD-103166,DC-11,DEPARTED,Carrier-A,2026-08-17T18:13:00,2026-08-17T18:41:00
SHP-103167,ORD-103167,DC-12,LOADED,Carrier-B,2026-08-17T20:08:00,2026-08-17T19:37:00
SHP-103168,ORD-103168,DC-16,BOOKED,Carrier-D,2026-08-17T20:36:00,2026-08-17T19:22:00
SHP-103169,ORD-103169,DC-01,PLANNED,Carrier-D,2026-08-17T19:27:00,2026-08-17T18:41:00
SHP-103170,ORD-103170,DC-03,LOADED,Carrier-D,2026-08-17T20:39:00,2026-08-17T19:19:00
SHP-103171,ORD-103171,DC-09,PLANNED,Carrier-A,2026-08-17T18:42:00,2026-08-17T19:24:00
SHP-103172,ORD-103172,DC-05,DEPARTED,Carrier-C,2026-08-17T18:46:00,2026-08-17T19:19:00
SHP-103173,ORD-103173,DC-07,DEPARTED,Carrier-A,2026-08-17T19:26:00,2026-08-17T19:56:00
SHP-103174,ORD-103174,DC-07,AT_DOCK,Carrier-B,2026-08-17T19:21:00,2026-08-17T18:52:00
SHP-103175,ORD-103175,DC-16,AT_DOCK,Carrier-A,2026-08-17T19:38:00,2026-08-17T19:12:00
SHP-103176,ORD-103176,DC-13,PLANNED,Carrier-C,2026-08-17T19:21:00,2026-08-17T18:56:00
SHP-103177,ORD-103177,DC-09,DELAYED,Carrier-A,2026-08-17T19:43:00,2026-08-17T19:24:00
SHP-103178,ORD-103178,DC-08,LOADED,Carrier-C,2026-08-17T19:47:00,2026-08-17T19:52:00
SHP-103179,ORD-103179,DC-18,BOOKED,Carrier-C,2026-08-17T21:45:00,2026-08-17T21:04:00
SHP-103180,ORD-103180,DC-09,LOADED,Carrier-C,2026-08-17T21:12:00,2026-08-17T21:19:00
SHP-103181,ORD-103181,DC-16,DEPARTED,Carrier-D,2026-08-17T21:02:00,2026-08-17T21:29:00
SHP-103182,ORD-103182,DC-05,BOOKED,Carrier-B,2026-08-17T20:55:00,2026-08-17T21:15:00
SHP-103183,ORD-103183,DC-17,PLANNED,Carrier-D,2026-08-17T22:58:00,2026-08-17T21:59:00
SHP-103184,ORD-103184,DC-05,DEPARTED,Carrier-A,2026-08-17T19:45:00,2026-08-17T20:28:00
SHP-103185,ORD-103185,DC-11,LOADED,Carrier-D,2026-08-17T21:13:00,2026-08-17T21:48:00
SHP-103186,ORD-103186,DC-06,DELAYED,Carrier-A,2026-08-17T20:59:00,2026-08-17T21:27:00
SHP-103187,ORD-103187,DC-17,DEPARTED,Carrier-C,2026-08-17T21:37:00,2026-08-17T21:56:00
SHP-103188,ORD-103188,DC-17,DELAYED,Carrier-A,2026-08-17T21:34:00,2026-08-17T21:43:00
SHP-103189,ORD-103189,DC-18,PLANNED,Carrier-B,2026-08-17T22:38:00,2026-08-17T22:26:00
SHP-103190,ORD-103190,DC-01,DEPARTED,Carrier-B,2026-08-17T21:15:00,2026-08-17T21:41:00
SHP-103191,ORD-103191,DC-17,LOADED,Carrier-B,2026-08-17T22:15:00,2026-08-17T22:30:00
SHP-103192,ORD-103192,DC-12,PLANNED,Carrier-B,2026-08-17T21:16:00,2026-08-17T21:44:00
SHP-103193,ORD-103193,DC-02,LOADED,Carrier-A,2026-08-17T23:07:00,2026-08-17T23:21:00
SHP-103194,ORD-103194,DC-17,LOADED,Carrier-B,2026-08-18T00:19:00,2026-08-17T23:18:00
SHP-103195,ORD-103195,DC-17,DEPARTED,Carrier-D,2026-08-17T22:51:00,2026-08-17T22:34:00
SHP-103196,ORD-103196,DC-11,PLANNED,Carrier-C,2026-08-17T23:45:00,2026-08-17T22:47:00
SHP-103197,ORD-103197,DC-12,BOOKED,Carrier-B,2026-08-18T00:27:00,2026-08-17T23:30:00
SHP-103198,ORD-103198,DC-08,AT_DOCK,Carrier-C,2026-08-17T23:47:00,2026-08-17T22:51:00
SHP-103199,ORD-103199,DC-16,AT_DOCK,Carrier-A,2026-08-17T23:04:00,2026-08-17T22:54:00
SHP-103200,ORD-103200,DC-03,AT_DOCK,Carrier-D,2026-08-17T23:15:00,2026-08-17T22:35:00
SHP-103201,ORD-103201,DC-06,AT_DOCK,Carrier-A,2026-08-17T23:18:00,2026-08-18T00:02:00
SHP-103202,ORD-103202,DC-11,AT_DOCK,Carrier-A,2026-08-18T00:53:00,2026-08-17T23:51:00
SHP-103203,ORD-103203,DC-13,BOOKED,Carrier-A,2026-08-18T01:08:00,2026-08-18T00:09:00
SHP-103204,ORD-103204,DC-08,PLANNED,Carrier-B,2026-08-18T01:00:00,2026-08-18T00:53:00
SHP-103205,ORD-103205,DC-09,AT_DOCK,Carrier-A,2026-08-18T00:31:00,2026-08-17T23:59:00
SHP-103206,ORD-103206,DC-18,AT_DOCK,Carrier-D,2026-08-18T00:45:00,2026-08-17T23:33:00
SHP-103207,ORD-103207,DC-08,DEPARTED,Carrier-C,2026-08-18T01:26:00,2026-08-18T00:01:00
SHP-103208,ORD-103208,DC-01,DEPARTED,Carrier-B,2026-08-17T23:55:00,2026-08-18T00:24:00
SHP-103209,ORD-103209,DC-14,PLANNED,Carrier-D,2026-08-18T00:58:00,2026-08-18T00:20:00
SHP-103210,ORD-103210,DC-15,LOADED,Carrier-D,2026-08-18T01:11:00,2026-08-18T01:29:00
SHP-103211,ORD-103211,DC-07,LOADED,Carrier-D,2026-08-17T23:34:00,2026-08-17T23:55:00
SHP-103212,ORD-103212,DC-09,BOOKED,Carrier-A,2026-08-17T23:41:00,2026-08-18T00:01:00
SHP-103213,ORD-103213,DC-07,BOOKED,Carrier-B,2026-08-18T02:44:00,2026-08-18T01:40:00
SHP-103214,ORD-103214,DC-04,DELAYED,Carrier-D,2026-08-18T02:27:00,2026-08-18T02:06:00
SHP-103215,ORD-103215,DC-13,BOOKED,Carrier-C,2026-08-18T02:41:00,2026-08-18T01:40:00
SHP-103216,ORD-103216,DC-16,AT_DOCK,Carrier-B,2026-08-18T01:59:00,2026-08-18T01:24:00
SHP-103217,ORD-103217,DC-07,DELAYED,Carrier-B,2026-08-18T03:51:00,2026-08-18T02:42:00
SHP-103218,ORD-103218,DC-10,BOOKED,Carrier-D,2026-08-18T01:27:00,2026-08-18T02:12:00
SHP-103219,ORD-103219,DC-04,DELAYED,Carrier-A,2026-08-18T02:30:00,2026-08-18T01:53:00
SHP-103220,ORD-103220,DC-04,BOOKED,Carrier-C,2026-08-18T01:53:00,2026-08-18T01:45:00
SHP-103221,ORD-103221,DC-11,DELAYED,Carrier-D,2026-08-18T02:40:00,2026-08-18T01:14:00
SHP-103222,ORD-103222,DC-07,AT_DOCK,Carrier-A,2026-08-18T01:13:00,2026-08-18T01:18:00
SHP-103223,ORD-103223,DC-16,AT_DOCK,Carrier-A,2026-08-18T02:49:00,2026-08-18T02:56:00
SHP-103224,ORD-103224,DC-10,DELAYED,Carrier-A,2026-08-18T02:13:00,2026-08-18T01:37:00
SHP-103225,ORD-103225,DC-07,LOADED,Carrier-C,2026-08-18T03:56:00,2026-08-18T02:39:00
SHP-103226,ORD-103226,DC-08,BOOKED,Carrier-A,2026-08-18T04:25:00,2026-08-18T03:34:00
SHP-103227,ORD-103227,DC-05,PLANNED,Carrier-B,2026-08-18T02:30:00,2026-08-18T02:49:00
SHP-103228,ORD-103228,DC-17,DELAYED,Carrier-D,2026-08-18T02:00:00,2026-08-18T02:08:00
SHP-103229,ORD-103229,DC-16,LOADED,Carrier-B,2026-08-18T04:57:00,2026-08-18T03:46:00
SHP-103230,ORD-103230,DC-13,PLANNED,Carrier-C,2026-08-18T04:31:00,2026-08-18T03:56:00
SHP-103231,ORD-103231,DC-11,AT_DOCK,Carrier-C,2026-08-18T02:41:00,2026-08-18T02:49:00
SHP-103232,ORD-103232,DC-15,LOADED,Carrier-D,2026-08-18T03:15:00,2026-08-18T03:22:00
SHP-103233,ORD-103233,DC-05,DELAYED,Carrier-A,2026-08-18T03:05:00,2026-08-18T03:32:00
SHP-103234,ORD-103234,DC-10,DEPARTED,Carrier-D,2026-08-18T03:28:00,2026-08-18T02:55:00
SHP-103235,ORD-103235,DC-03,AT_DOCK,Carrier-B,2026-08-18T04:44:00,2026-08-18T03:45:00
SHP-103236,ORD-103236,DC-13,BOOKED,Carrier-B,2026-08-18T05:17:00,2026-08-18T04:36:00
SHP-103237,ORD-103237,DC-13,DELAYED,Carrier-B,2026-08-18T05:04:00,2026-08-18T04:01:00
SHP-103238,ORD-103238,DC-02,LOADED,Carrier-A,2026-08-18T04:41:00,2026-08-18T04:57:00
SHP-103239,ORD-103239,DC-15,AT_DOCK,Carrier-B,2026-08-18T03:36:00,2026-08-18T04:15:00
SHP-103240,ORD-103240,DC-06,DEPARTED,Carrier-A,2026-08-18T05:39:00,2026-08-18T04:19:00
SHP-103241,ORD-103241,DC-03,BOOKED,Carrier-B,2026-08-18T04:55:00,2026-08-18T03:52:00
SHP-103242,ORD-103242,DC-14,LOADED,Carrier-D,2026-08-18T05:38:00,2026-08-18T04:16:00
SHP-103243,ORD-103243,DC-06,LOADED,Carrier-B,2026-08-18T03:37:00,2026-08-18T03:54:00
SHP-103244,ORD-103244,DC-04,BOOKED,Carrier-A,2026-08-18T05:06:00,2026-08-18T04:19:00
SHP-103245,ORD-103245,DC-04,DEPARTED,Carrier-D,2026-08-18T05:49:00,2026-08-18T05:03:00
SHP-103246,ORD-103246,DC-07,AT_DOCK,Carrier-B,2026-08-18T07:02:00,2026-08-18T05:44:00
SHP-103247,ORD-103247,DC-11,BOOKED,Carrier-A,2026-08-18T06:10:00,2026-08-18T05:06:00
SHP-103248,ORD-103248,DC-03,LOADED,Carrier-C,2026-08-18T05:06:00,2026-08-18T05:38:00
SHP-103249,ORD-103249,DC-08,AT_DOCK,Carrier-B,2026-08-18T04:05:00,2026-08-18T04:44:00
SHP-103250,ORD-103250,DC-15,LOADED,Carrier-B,2026-08-18T05:37:00,2026-08-18T04:35:00
SHP-103251,ORD-103251,DC-06,DEPARTED,Carrier-D,2026-08-18T05:38:00,2026-08-18T06:00:00
SHP-103252,ORD-103252,DC-16,DELAYED,Carrier-D,2026-08-18T07:05:00,2026-08-18T05:43:00
SHP-103253,ORD-103253,DC-15,DEPARTED,Carrier-B,2026-08-18T05:08:00,2026-08-18T05:31:00
SHP-103254,ORD-103254,DC-16,DEPARTED,Carrier-D,2026-08-18T07:28:00,2026-08-18T06:03:00
SHP-103255,ORD-103255,DC-17,DEPARTED,Carrier-B,2026-08-18T07:11:00,2026-08-18T05:43:00
SHP-103256,ORD-103256,DC-07,AT_DOCK,Carrier-D,2026-08-18T07:05:00,2026-08-18T06:53:00
SHP-103257,ORD-103257,DC-04,AT_DOCK,Carrier-A,2026-08-18T07:09:00,2026-08-18T06:09:00
SHP-103258,ORD-103258,DC-13,PLANNED,Carrier-A,2026-08-18T08:46:00,2026-08-18T07:18:00
SHP-103259,ORD-103259,DC-03,DEPARTED,Carrier-A,2026-08-18T07:11:00,2026-08-18T07:40:00
SHP-103260,ORD-103260,DC-08,DEPARTED,Carrier-D,2026-08-18T06:39:00,2026-08-18T07:00:00
SHP-103261,ORD-103261,DC-13,LOADED,Carrier-B,2026-08-18T07:01:00,2026-08-18T06:44:00
SHP-103262,ORD-103262,DC-11,DELAYED,Carrier-C,2026-08-18T05:40:00,2026-08-18T06:22:00
SHP-103263,ORD-103263,DC-14,DEPARTED,Carrier-A,2026-08-18T09:15:00,2026-08-18T07:50:00
SHP-103264,ORD-103264,DC-10,LOADED,Carrier-C,2026-08-18T07:20:00,2026-08-18T07:52:00
SHP-103265,ORD-103265,DC-01,BOOKED,Carrier-D,2026-08-18T08:32:00,2026-08-18T08:09:00
SHP-103266,ORD-103266,DC-16,DELAYED,Carrier-C,2026-08-18T07:46:00,2026-08-18T08:03:00
SHP-103267,ORD-103267,DC-11,LOADED,Carrier-B,2026-08-18T08:57:00,2026-08-18T08:50:00
SHP-103268,ORD-103268,DC-06,AT_DOCK,Carrier-B,2026-08-18T09:37:00,2026-08-18T08:40:00
SHP-103269,ORD-103269,DC-15,AT_DOCK,Carrier-A,2026-08-18T09:02:00,2026-08-18T08:30:00
SHP-103270,ORD-103270,DC-09,LOADED,Carrier-A,2026-08-18T08:32:00,2026-08-18T08:02:00
SHP-103271,ORD-103271,DC-05,BOOKED,Carrier-A,2026-08-18T07:38:00,2026-08-18T08:22:00
SHP-103272,ORD-103272,DC-10,AT_DOCK,Carrier-B,2026-08-18T08:41:00,2026-08-18T08:29:00
SHP-103273,ORD-103273,DC-04,AT_DOCK,Carrier-D,2026-08-18T09:12:00,2026-08-18T08:11:00
SHP-103274,ORD-103274,DC-06,PLANNED,Carrier-C,2026-08-18T09:16:00,2026-08-18T08:17:00
SHP-103275,ORD-103275,DC-18,DELAYED,Carrier-D,2026-08-18T11:12:00,2026-08-18T09:49:00
SHP-103276,ORD-103276,DC-18,DELAYED,Carrier-C,2026-08-18T09:16:00,2026-08-18T09:49:00
SHP-103277,ORD-103277,DC-18,DEPARTED,Carrier-A,2026-08-18T08:48:00,2026-08-18T08:04:00
SHP-103278,ORD-103278,DC-11,PLANNED,Carrier-A,2026-08-18T09:17:00,2026-08-18T09:47:00
SHP-103279,ORD-103279,DC-17,LOADED,Carrier-D,2026-08-18T09:24:00,2026-08-18T08:26:00
SHP-103280,ORD-103280,DC-01,DELAYED,Carrier-D,2026-08-18T08:18:00,2026-08-18T08:46:00
SHP-103281,ORD-103281,DC-14,BOOKED,Carrier-D,2026-08-18T09:40:00,2026-08-18T10:15:00
SHP-103282,ORD-103282,DC-13,AT_DOCK,Carrier-B,2026-08-18T10:12:00,2026-08-18T10:23:00
SHP-103283,ORD-103283,DC-08,DEPARTED,Carrier-A,2026-08-18T08:51:00,2026-08-18T09:12:00
SHP-103284,ORD-103284,DC-08,PLANNED,Carrier-D,2026-08-18T10:30:00,2026-08-18T10:18:00
SHP-103285,ORD-103285,DC-14,PLANNED,Carrier-C,2026-08-18T10:03:00,2026-08-18T10:41:00
SHP-103286,ORD-103286,DC-16,AT_DOCK,Carrier-A,2026-08-18T10:07:00,2026-08-18T10:29:00
SHP-103287,ORD-103287,DC-03,AT_DOCK,Carrier-C,2026-08-18T09:19:00,2026-08-18T10:04:00
SHP-103288,ORD-103288,DC-18,PLANNED,Carrier-C,2026-08-18T09:04:00,2026-08-18T09:13:00
SHP-103289,ORD-103289,DC-12,DELAYED,Carrier-A,2026-08-18T10:26:00,2026-08-18T10:31:00
SHP-103290,ORD-103290,DC-13,AT_DOCK,Carrier-D,2026-08-18T11:19:00,2026-08-18T10:11:00
SHP-103291,ORD-103291,DC-16,DEPARTED,Carrier-D,2026-08-18T11:43:00,2026-08-18T10:25:00
SHP-103292,ORD-103292,DC-08,AT_DOCK,Carrier-C,2026-08-18T10:42:00,2026-08-18T10:27:00
SHP-103293,ORD-103293,DC-03,AT_DOCK,Carrier-B,2026-08-18T10:29:00,2026-08-18T11:09:00
SHP-103294,ORD-103294,DC-06,PLANNED,Carrier-B,2026-08-18T12:42:00,2026-08-18T11:18:00
SHP-103295,ORD-103295,DC-02,LOADED,Carrier-B,2026-08-18T12:31:00,2026-08-18T11:32:00
SHP-103296,ORD-103296,DC-16,LOADED,Carrier-A,2026-08-18T11:48:00,2026-08-18T10:21:00
SHP-103297,ORD-103297,DC-09,AT_DOCK,Carrier-C,2026-08-18T11:08:00,2026-08-18T11:00:00
SHP-103298,ORD-103298,DC-16,BOOKED,Carrier-B,2026-08-18T11:15:00,2026-08-18T11:52:00
SHP-103299,ORD-103299,DC-03,LOADED,Carrier-B,2026-08-18T10:32:00,2026-08-18T10:52:00
SHP-103300,ORD-103300,DC-18,DELAYED,Carrier-C,2026-08-18T12:48:00,2026-08-18T12:13:00
SHP-103301,ORD-103301,DC-14,BOOKED,Carrier-B,2026-08-18T11:55:00,2026-08-18T11:03:00
SHP-103302,ORD-103302,DC-02,PLANNED,Carrier-A,2026-08-18T11:07:00,2026-08-18T10:37:00
SHP-103303,ORD-103303,DC-06,AT_DOCK,Carrier-D,2026-08-18T13:45:00,2026-08-18T12:31:00
SHP-103304,ORD-103304,DC-17,DEPARTED,Carrier-D,2026-08-18T11:41:00,2026-08-18T11:25:00
SHP-103305,ORD-103305,DC-13,AT_DOCK,Carrier-A,2026-08-18T12:47:00,2026-08-18T11:58:00
SHP-103306,ORD-103306,DC-17,BOOKED,Carrier-C,2026-08-18T12:56:00,2026-08-18T12:44:00
SHP-103307,ORD-103307,DC-03,DELAYED,Carrier-A,2026-08-18T12:38:00,2026-08-18T12:25:00
SHP-103308,ORD-103308,DC-16,LOADED,Carrier-B,2026-08-18T12:08:00,2026-08-18T12:37:00
SHP-103309,ORD-103309,DC-03,DEPARTED,Carrier-D,2026-08-18T13:38:00,2026-08-18T13:29:00
SHP-103310,ORD-103310,DC-14,AT_DOCK,Carrier-A,2026-08-18T14:23:00,2026-08-18T13:08:00
SHP-103311,ORD-103311,DC-04,AT_DOCK,Carrier-C,2026-08-18T14:01:00,2026-08-18T12:35:00
SHP-103312,ORD-103312,DC-09,DELAYED,Carrier-C,2026-08-18T12:40:00,2026-08-18T13:25:00
SHP-103313,ORD-103313,DC-04,BOOKED,Carrier-B,2026-08-18T13:05:00,2026-08-18T12:37:00
SHP-103314,ORD-103314,DC-10,AT_DOCK,Carrier-A,2026-08-18T12:42:00,2026-08-18T12:12:00
SHP-103315,ORD-103315,DC-13,AT_DOCK,Carrier-A,2026-08-18T12:33:00,2026-08-18T12:19:00
SHP-103316,ORD-103316,DC-09,LOADED,Carrier-D,2026-08-18T12:53:00,2026-08-18T13:27:00
SHP-103317,ORD-103317,DC-11,DELAYED,Carrier-A,2026-08-18T13:36:00,2026-08-18T14:00:00
SHP-103318,ORD-103318,DC-10,DELAYED,Carrier-D,2026-08-18T13:48:00,2026-08-18T14:14:00
SHP-103319,ORD-103319,DC-18,AT_DOCK,Carrier-C,2026-08-18T13:57:00,2026-08-18T13:41:00
SHP-103320,ORD-103320,DC-01,LOADED,Carrier-B,2026-08-18T14:26:00,2026-08-18T14:34:00
SHP-103321,ORD-103321,DC-06,DELAYED,Carrier-C,2026-08-18T12:42:00,2026-08-18T13:17:00
SHP-103322,ORD-103322,DC-16,DEPARTED,Carrier-B,2026-08-18T14:48:00,2026-08-18T13:37:00
SHP-103323,ORD-103323,DC-01,DEPARTED,Carrier-D,2026-08-18T13:23:00,2026-08-18T13:35:00
SHP-103324,ORD-103324,DC-06,PLANNED,Carrier-C,2026-08-18T15:31:00,2026-08-18T14:18:00
SHP-103325,ORD-103325,DC-01,LOADED,Carrier-D,2026-08-18T14:45:00,2026-08-18T14:27:00
SHP-103326,ORD-103326,DC-01,PLANNED,Carrier-C,2026-08-18T14:22:00,2026-08-18T14:34:00
SHP-103327,ORD-103327,DC-18,AT_DOCK,Carrier-D,2026-08-18T14:32:00,2026-08-18T14:47:00
SHP-103328,ORD-103328,DC-11,PLANNED,Carrier-A,2026-08-18T16:22:00,2026-08-18T14:53:00
SHP-103329,ORD-103329,DC-07,AT_DOCK,Carrier-C,2026-08-18T16:38:00,2026-08-18T15:35:00
SHP-103330,ORD-103330,DC-09,DELAYED,Carrier-B,2026-08-18T15:16:00,2026-08-18T15:59:00
SHP-103331,ORD-103331,DC-15,DELAYED,Carrier-C,2026-08-18T16:37:00,2026-08-18T16:13:00
SHP-103332,ORD-103332,DC-04,DELAYED,Carrier-C,2026-08-18T17:51:00,2026-08-18T16:29:00
SHP-103333,ORD-103333,DC-07,PLANNED,Carrier-A,2026-08-18T16:12:00,2026-08-18T15:48:00
SHP-103334,ORD-103334,DC-13,DEPARTED,Carrier-D,2026-08-18T14:33:00,2026-08-18T15:11:00
SHP-103335,ORD-103335,DC-08,PLANNED,Carrier-D,2026-08-18T16:19:00,2026-08-18T17:01:00
SHP-103336,ORD-103336,DC-01,BOOKED,Carrier-B,2026-08-18T16:54:00,2026-08-18T16:09:00
SHP-103337,ORD-103337,DC-12,DELAYED,Carrier-C,2026-08-18T18:08:00,2026-08-18T16:40:00
SHP-103338,ORD-103338,DC-01,LOADED,Carrier-D,2026-08-18T18:45:00,2026-08-18T17:30:00
SHP-103339,ORD-103339,DC-15,PLANNED,Carrier-B,2026-08-18T17:31:00,2026-08-18T16:24:00
SHP-103340,ORD-103340,DC-09,BOOKED,Carrier-B,2026-08-18T16:04:00,2026-08-18T16:22:00
SHP-103341,ORD-103341,DC-08,DEPARTED,Carrier-A,2026-08-18T18:13:00,2026-08-18T17:40:00
SHP-103342,ORD-103342,DC-06,DELAYED,Carrier-C,2026-08-18T19:39:00,2026-08-18T18:16:00
SHP-103343,ORD-103343,DC-15,BOOKED,Carrier-B,2026-08-18T17:06:00,2026-08-18T17:42:00
SHP-103344,ORD-103344,DC-07,PLANNED,Carrier-C,2026-08-18T18:45:00,2026-08-18T17:57:00
SHP-103345,ORD-103345,DC-11,LOADED,Carrier-D,2026-08-18T19:13:00,2026-08-18T17:50:00
SHP-103346,ORD-103346,DC-04,AT_DOCK,Carrier-A,2026-08-18T19:20:00,2026-08-18T17:53:00
SHP-103347,ORD-103347,DC-05,LOADED,Carrier-D,2026-08-18T17:43:00,2026-08-18T18:18:00
SHP-103348,ORD-103348,DC-13,DEPARTED,Carrier-A,2026-08-18T19:54:00,2026-08-18T19:26:00
SHP-103349,ORD-103349,DC-17,LOADED,Carrier-C,2026-08-18T19:17:00,2026-08-18T18:54:00
SHP-103350,ORD-103350,DC-05,LOADED,Carrier-A,2026-08-18T20:59:00,2026-08-18T20:38:00
SHP-103351,ORD-103351,DC-13,AT_DOCK,Carrier-B,2026-08-18T18:33:00,2026-08-18T18:56:00
SHP-103352,ORD-103352,DC-14,DELAYED,Carrier-B,2026-08-18T21:28:00,2026-08-18T20:23:00
SHP-103353,ORD-103353,DC-12,DELAYED,Carrier-D,2026-08-18T19:58:00,2026-08-18T20:36:00
SHP-103354,ORD-103354,DC-11,LOADED,Carrier-A,2026-08-18T19:24:00,2026-08-18T19:53:00
SHP-103355,ORD-103355,DC-13,PLANNED,Carrier-B,2026-08-18T19:37:00,2026-08-18T20:18:00
SHP-103356,ORD-103356,DC-16,PLANNED,Carrier-B,2026-08-18T21:05:00,2026-08-18T19:36:00
SHP-103357,ORD-103357,DC-04,AT_DOCK,Carrier-D,2026-08-18T21:11:00,2026-08-18T21:01:00
SHP-103358,ORD-103358,DC-03,DEPARTED,Carrier-C,2026-08-18T20:31:00,2026-08-18T19:57:00
SHP-103359,ORD-103359,DC-18,BOOKED,Carrier-D,2026-08-18T21:36:00,2026-08-18T20:17:00
SHP-103360,ORD-103360,DC-09,AT_DOCK,Carrier-D,2026-08-18T20:58:00,2026-08-18T21:22:00
SHP-103361,ORD-103361,DC-01,AT_DOCK,Carrier-B,2026-08-18T22:31:00,2026-08-18T21:39:00
SHP-103362,ORD-103362,DC-05,DELAYED,Carrier-A,2026-08-18T21:38:00,2026-08-18T20:48:00
SHP-103363,ORD-103363,DC-04,DELAYED,Carrier-C,2026-08-18T21:42:00,2026-08-18T21:11:00
SHP-103364,ORD-103364,DC-05,AT_DOCK,Carrier-D,2026-08-18T21:12:00,2026-08-18T21:44:00
SHP-103365,ORD-103365,DC-12,DEPARTED,Carrier-A,2026-08-18T22:32:00,2026-08-18T21:02:00
SHP-103366,ORD-103366,DC-15,DELAYED,Carrier-D,2026-08-18T22:54:00,2026-08-18T21:51:00
SHP-103367,ORD-103367,DC-17,BOOKED,Carrier-B,2026-08-18T23:47:00,2026-08-18T22:35:00
SHP-103368,ORD-103368,DC-05,AT_DOCK,Carrier-B,2026-08-18T21:35:00,2026-08-18T22:11:00
SHP-103369,ORD-103369,DC-13,BOOKED,Carrier-B,2026-08-18T23:25:00,2026-08-18T21:58:00
SHP-103370,ORD-103370,DC-04,AT_DOCK,Carrier-A,2026-08-18T22:29:00,2026-08-18T22:08:00
SHP-103371,ORD-103371,DC-13,BOOKED,Carrier-D,2026-08-18T23:48:00,2026-08-18T22:54:00
SHP-103372,ORD-103372,DC-15,DEPARTED,Carrier-C,2026-08-18T21:08:00,2026-08-18T21:51:00
SHP-103373,ORD-103373,DC-05,DEPARTED,Carrier-A,2026-08-18T22:12:00,2026-08-18T21:57:00
SHP-103374,ORD-103374,DC-09,DELAYED,Carrier-C,2026-08-18T21:15:00,2026-08-18T21:55:00
SHP-103375,ORD-103375,DC-18,DEPARTED,Carrier-A,2026-08-18T23:03:00,2026-08-18T23:15:00
SHP-103376,ORD-103376,DC-01,PLANNED,Carrier-C,2026-08-18T22:57:00,2026-08-18T21:33:00
SHP-103377,ORD-103377,DC-01,BOOKED,Carrier-D,2026-08-18T22:29:00,2026-08-18T21:57:00
SHP-103378,ORD-103378,DC-13,LOADED,Carrier-B,2026-08-18T23:22:00,2026-08-18T22:34:00
SHP-103379,ORD-103379,DC-16,BOOKED,Carrier-A,2026-08-19T00:42:00,2026-08-18T23:35:00
SHP-103380,ORD-103380,DC-04,LOADED,Carrier-A,2026-08-19T00:29:00,2026-08-18T23:24:00
SHP-103381,ORD-103381,DC-03,PLANNED,Carrier-A,2026-08-18T23:37:00,2026-08-18T23:16:00
SHP-103382,ORD-103382,DC-14,DELAYED,Carrier-A,2026-08-19T00:08:00,2026-08-18T23:14:00
SHP-103383,ORD-103383,DC-10,DELAYED,Carrier-D,2026-08-18T23:33:00,2026-08-18T23:03:00
SHP-103384,ORD-103384,DC-05,LOADED,Carrier-B,2026-08-18T22:10:00,2026-08-18T22:16:00
SHP-103385,ORD-103385,DC-10,DELAYED,Carrier-B,2026-08-18T23:13:00,2026-08-18T23:39:00
SHP-103386,ORD-103386,DC-08,PLANNED,Carrier-C,2026-08-19T00:30:00,2026-08-19T00:10:00
SHP-103387,ORD-103387,DC-05,LOADED,Carrier-B,2026-08-19T01:00:00,2026-08-18T23:31:00
SHP-103388,ORD-103388,DC-06,DELAYED,Carrier-B,2026-08-18T23:45:00,2026-08-19T00:08:00
SHP-103389,ORD-103389,DC-10,PLANNED,Carrier-D,2026-08-19T00:09:00,2026-08-19T00:25:00
SHP-103390,ORD-103390,DC-09,DELAYED,Carrier-D,2026-08-18T22:52:00,2026-08-18T23:30:00
SHP-103391,ORD-103391,DC-17,DELAYED,Carrier-D,2026-08-19T00:56:00,2026-08-18T23:28:00
SHP-103392,ORD-103392,DC-08,BOOKED,Carrier-C,2026-08-19T00:30:00,2026-08-19T00:03:00
SHP-103393,ORD-103393,DC-08,DELAYED,Carrier-A,2026-08-19T01:44:00,2026-08-19T00:31:00
SHP-103394,ORD-103394,DC-17,LOADED,Carrier-A,2026-08-19T01:28:00,2026-08-19T01:15:00
SHP-103395,ORD-103395,DC-08,LOADED,Carrier-B,2026-08-19T00:56:00,2026-08-19T00:34:00
SHP-103396,ORD-103396,DC-02,BOOKED,Carrier-A,2026-08-19T01:36:00,2026-08-19T00:17:00
SHP-103397,ORD-103397,DC-18,PLANNED,Carrier-C,2026-08-19T00:54:00,2026-08-19T00:02:00
SHP-103398,ORD-103398,DC-18,LOADED,Carrier-C,2026-08-19T01:15:00,2026-08-19T01:52:00
SHP-103399,ORD-103399,DC-05,AT_DOCK,Carrier-A,2026-08-19T02:32:00,2026-08-19T01:22:00
SHP-103400,ORD-103400,DC-06,DELAYED,Carrier-A,2026-08-19T01:20:00,2026-08-19T00:53:00
SHP-103401,ORD-103401,DC-16,DEPARTED,Carrier-D,2026-08-19T02:27:00,2026-08-19T02:35:00
SHP-103402,ORD-103402,DC-16,AT_DOCK,Carrier-B,2026-08-19T02:10:00,2026-08-19T02:19:00
SHP-103403,ORD-103403,DC-02,PLANNED,Carrier-D,2026-08-19T02:38:00,2026-08-19T01:56:00
SHP-103404,ORD-103404,DC-17,LOADED,Carrier-B,2026-08-19T02:44:00,2026-08-19T03:04:00
SHP-103405,ORD-103405,DC-01,PLANNED,Carrier-B,2026-08-19T04:18:00,2026-08-19T03:06:00
SHP-103406,ORD-103406,DC-18,BOOKED,Carrier-D,2026-08-19T05:34:00,2026-08-19T04:05:00
SHP-103407,ORD-103407,DC-08,BOOKED,Carrier-A,2026-08-19T02:46:00,2026-08-19T03:04:00
SHP-103408,ORD-103408,DC-02,DELAYED,Carrier-B,2026-08-19T02:38:00,2026-08-19T02:22:00
SHP-103409,ORD-103409,DC-05,DEPARTED,Carrier-A,2026-08-19T04:30:00,2026-08-19T03:33:00
SHP-103410,ORD-103410,DC-10,LOADED,Carrier-C,2026-08-19T02:42:00,2026-08-19T02:24:00
SHP-103411,ORD-103411,DC-03,LOADED,Carrier-D,2026-08-19T05:14:00,2026-08-19T04:18:00
SHP-103412,ORD-103412,DC-07,DELAYED,Carrier-B,2026-08-19T05:57:00,2026-08-19T04:29:00
SHP-103413,ORD-103413,DC-10,PLANNED,Carrier-C,2026-08-19T05:24:00,2026-08-19T04:08:00
SHP-103414,ORD-103414,DC-03,DEPARTED,Carrier-C,2026-08-19T05:52:00,2026-08-19T04:47:00
SHP-103415,ORD-103415,DC-01,DELAYED,Carrier-D,2026-08-19T04:56:00,2026-08-19T05:35:00
SHP-103416,ORD-103416,DC-06,BOOKED,Carrier-A,2026-08-19T05:44:00,2026-08-19T05:19:00
SHP-103417,ORD-103417,DC-17,LOADED,Carrier-C,2026-08-19T06:28:00,2026-08-19T05:36:00
SHP-103418,ORD-103418,DC-09,DEPARTED,Carrier-D,2026-08-19T06:47:00,2026-08-19T05:47:00
SHP-103419,ORD-103419,DC-13,DEPARTED,Carrier-A,2026-08-19T04:08:00,2026-08-19T04:40:00
SHP-103420,ORD-103420,DC-10,BOOKED,Carrier-C,2026-08-19T05:13:00,2026-08-19T05:27:00
SHP-103421,ORD-103421,DC-01,DELAYED,Carrier-A,2026-08-19T04:04:00,2026-08-19T04:24:00
SHP-103422,ORD-103422,DC-15,PLANNED,Carrier-A,2026-08-19T05:00:00,2026-08-19T04:41:00
SHP-103423,ORD-103423,DC-01,PLANNED,Carrier-A,2026-08-19T04:58:00,2026-08-19T04:42:00
SHP-103424,ORD-103424,DC-10,BOOKED,Carrier-B,2026-08-19T04:46:00,2026-08-19T04:34:00
SHP-103425,ORD-103425,DC-18,DELAYED,Carrier-B,2026-08-19T06:12:00,2026-08-19T05:01:00
SHP-103426,ORD-103426,DC-15,BOOKED,Carrier-D,2026-08-19T05:30:00,2026-08-19T05:25:00
SHP-103427,ORD-103427,DC-06,BOOKED,Carrier-D,2026-08-19T04:21:00,2026-08-19T04:59:00
SHP-103428,ORD-103428,DC-15,DELAYED,Carrier-D,2026-08-19T06:43:00,2026-08-19T05:57:00
SHP-103429,ORD-103429,DC-08,AT_DOCK,Carrier-B,2026-08-19T05:29:00,2026-08-19T06:01:00
SHP-103430,ORD-103430,DC-15,DELAYED,Carrier-A,2026-08-19T08:11:00,2026-08-19T06:53:00
SHP-103431,ORD-103431,DC-06,BOOKED,Carrier-C,2026-08-19T05:08:00,2026-08-19T05:39:00
SHP-103432,ORD-103432,DC-02,DELAYED,Carrier-A,2026-08-19T07:38:00,2026-08-19T06:51:00
SHP-103433,ORD-103433,DC-01,AT_DOCK,Carrier-C,2026-08-19T05:55:00,2026-08-19T06:30:00
SHP-103434,ORD-103434,DC-14,DEPARTED,Carrier-A,2026-08-19T07:41:00,2026-08-19T07:25:00
SHP-103435,ORD-103435,DC-04,BOOKED,Carrier-C,2026-08-19T05:51:00,2026-08-19T06:03:00
SHP-103436,ORD-103436,DC-03,LOADED,Carrier-A,2026-08-19T08:05:00,2026-08-19T06:52:00
SHP-103437,ORD-103437,DC-13,DELAYED,Carrier-A,2026-08-19T08:02:00,2026-08-19T06:45:00
SHP-103438,ORD-103438,DC-15,PLANNED,Carrier-C,2026-08-19T06:37:00,2026-08-19T06:22:00
SHP-103439,ORD-103439,DC-12,DEPARTED,Carrier-C,2026-08-19T07:33:00,2026-08-19T06:42:00
SHP-103440,ORD-103440,DC-12,AT_DOCK,Carrier-D,2026-08-19T07:23:00,2026-08-19T07:34:00
SHP-103441,ORD-103441,DC-17,PLANNED,Carrier-B,2026-08-19T06:42:00,2026-08-19T07:06:00
SHP-103442,ORD-103442,DC-11,LOADED,Carrier-B,2026-08-19T07:59:00,2026-08-19T07:12:00
SHP-103443,ORD-103443,DC-13,PLANNED,Carrier-C,2026-08-19T07:26:00,2026-08-19T08:00:00
SHP-103444,ORD-103444,DC-02,AT_DOCK,Carrier-D,2026-08-19T08:29:00,2026-08-19T07:04:00
SHP-103445,ORD-103445,DC-02,LOADED,Carrier-B,2026-08-19T07:38:00,2026-08-19T08:00:00
SHP-103446,ORD-103446,DC-09,DELAYED,Carrier-D,2026-08-19T08:00:00,2026-08-19T06:43:00
SHP-103447,ORD-103447,DC-18,DELAYED,Carrier-D,2026-08-19T07:13:00,2026-08-19T07:46:00
SHP-103448,ORD-103448,DC-04,BOOKED,Carrier-C,2026-08-19T07:43:00,2026-08-19T06:44:00
SHP-103449,ORD-103449,DC-15,DEPARTED,Carrier-A,2026-08-19T07:53:00,2026-08-19T08:19:00
SHP-103450,ORD-103450,DC-10,PLANNED,Carrier-A,2026-08-19T09:27:00,2026-08-19T08:41:00
SHP-103451,ORD-103451,DC-14,DELAYED,Carrier-B,2026-08-19T08:36:00,2026-08-19T08:06:00
SHP-103452,ORD-103452,DC-09,DELAYED,Carrier-B,2026-08-19T08:26:00,2026-08-19T08:04:00
SHP-103453,ORD-103453,DC-09,LOADED,Carrier-A,2026-08-19T10:14:00,2026-08-19T08:45:00
SHP-103454,ORD-103454,DC-03,LOADED,Carrier-D,2026-08-19T08:17:00,2026-08-19T07:32:00
SHP-103455,ORD-103455,DC-12,BOOKED,Carrier-C,2026-08-19T09:32:00,2026-08-19T08:46:00
SHP-103456,ORD-103456,DC-07,LOADED,Carrier-A,2026-08-19T09:23:00,2026-08-19T09:30:00
SHP-103457,ORD-103457,DC-11,DEPARTED,Carrier-B,2026-08-19T10:23:00,2026-08-19T09:36:00
SHP-103458,ORD-103458,DC-09,BOOKED,Carrier-B,2026-08-19T08:07:00,2026-08-19T08:45:00
SHP-103459,ORD-103459,DC-04,AT_DOCK,Carrier-D,2026-08-19T10:14:00,2026-08-19T09:15:00
SHP-103460,ORD-103460,DC-09,BOOKED,Carrier-C,2026-08-19T10:00:00,2026-08-19T08:58:00
SHP-103461,ORD-103461,DC-05,AT_DOCK,Carrier-B,2026-08-19T08:31:00,2026-08-19T08:17:00
SHP-103462,ORD-103462,DC-07,DELAYED,Carrier-D,2026-08-19T08:53:00,2026-08-19T08:21:00
SHP-103463,ORD-103463,DC-15,DEPARTED,Carrier-B,2026-08-19T09:49:00,2026-08-19T09:31:00
SHP-103464,ORD-103464,DC-15,DELAYED,Carrier-B,2026-08-19T10:49:00,2026-08-19T09:22:00
SHP-103465,ORD-103465,DC-07,LOADED,Carrier-B,2026-08-19T09:46:00,2026-08-19T09:16:00
SHP-103466,ORD-103466,DC-04,DEPARTED,Carrier-C,2026-08-19T10:07:00,2026-08-19T10:48:00
SHP-103467,ORD-103467,DC-14,AT_DOCK,Carrier-D,2026-08-19T10:49:00,2026-08-19T10:28:00
SHP-103468,ORD-103468,DC-09,DEPARTED,Carrier-D,2026-08-19T11:32:00,2026-08-19T10:54:00
SHP-103469,ORD-103469,DC-18,DELAYED,Carrier-A,2026-08-19T08:40:00,2026-08-19T09:13:00
SHP-103470,ORD-103470,DC-07,DELAYED,Carrier-A,2026-08-19T09:05:00,2026-08-19T09:21:00
SHP-103471,ORD-103471,DC-10,PLANNED,Carrier-A,2026-08-19T11:31:00,2026-08-19T10:53:00
SHP-103472,ORD-103472,DC-01,DEPARTED,Carrier-C,2026-08-19T09:17:00,2026-08-19T09:52:00
SHP-103473,ORD-103473,DC-15,LOADED,Carrier-B,2026-08-19T09:18:00,2026-08-19T09:37:00
SHP-103474,ORD-103474,DC-04,AT_DOCK,Carrier-B,2026-08-19T11:26:00,2026-08-19T10:12:00
SHP-103475,ORD-103475,DC-18,PLANNED,Carrier-B,2026-08-19T12:05:00,2026-08-19T11:41:00
SHP-103476,ORD-103476,DC-18,LOADED,Carrier-C,2026-08-19T10:29:00,2026-08-19T11:09:00
SHP-103477,ORD-103477,DC-02,BOOKED,Carrier-D,2026-08-19T11:26:00,2026-08-19T10:37:00
SHP-103478,ORD-103478,DC-06,DEPARTED,Carrier-C,2026-08-19T12:07:00,2026-08-19T11:29:00
SHP-103479,ORD-103479,DC-11,BOOKED,Carrier-D,2026-08-19T12:23:00,2026-08-19T11:57:00
SHP-103480,ORD-103480,DC-03,DEPARTED,Carrier-C,2026-08-19T12:03:00,2026-08-19T12:09:00
SHP-103481,ORD-103481,DC-07,DEPARTED,Carrier-B,2026-08-19T10:44:00,2026-08-19T10:56:00
SHP-103482,ORD-103482,DC-06,DEPARTED,Carrier-A,2026-08-19T11:11:00,2026-08-19T11:48:00
SHP-103483,ORD-103483,DC-05,DEPARTED,Carrier-B,2026-08-19T10:55:00,2026-08-19T11:34:00
SHP-103484,ORD-103484,DC-12,BOOKED,Carrier-B,2026-08-19T12:05:00,2026-08-19T10:49:00
SHP-103485,ORD-103485,DC-06,DELAYED,Carrier-A,2026-08-19T11:43:00,2026-08-19T11:16:00
SHP-103486,ORD-103486,DC-15,DELAYED,Carrier-B,2026-08-19T13:01:00,2026-08-19T12:39:00
SHP-103487,ORD-103487,DC-17,DEPARTED,Carrier-D,2026-08-19T12:10:00,2026-08-19T12:42:00
SHP-103488,ORD-103488,DC-10,PLANNED,Carrier-A,2026-08-19T13:26:00,2026-08-19T12:32:00
SHP-103489,ORD-103489,DC-10,AT_DOCK,Carrier-C,2026-08-19T14:03:00,2026-08-19T12:58:00
SHP-103490,ORD-103490,DC-14,AT_DOCK,Carrier-B,2026-08-19T12:29:00,2026-08-19T11:49:00
SHP-103491,ORD-103491,DC-16,PLANNED,Carrier-C,2026-08-19T12:32:00,2026-08-19T12:13:00
SHP-103492,ORD-103492,DC-15,BOOKED,Carrier-B,2026-08-19T12:25:00,2026-08-19T12:16:00
SHP-103493,ORD-103493,DC-08,AT_DOCK,Carrier-D,2026-08-19T13:13:00,2026-08-19T12:16:00
SHP-103494,ORD-103494,DC-08,BOOKED,Carrier-D,2026-08-19T11:37:00,2026-08-19T12:12:00
SHP-103495,ORD-103495,DC-09,PLANNED,Carrier-B,2026-08-19T15:45:00,2026-08-19T14:22:00
SHP-103496,ORD-103496,DC-13,DEPARTED,Carrier-C,2026-08-19T14:05:00,2026-08-19T14:16:00
SHP-103497,ORD-103497,DC-08,DEPARTED,Carrier-A,2026-08-19T14:04:00,2026-08-19T13:58:00
SHP-103498,ORD-103498,DC-08,AT_DOCK,Carrier-C,2026-08-19T14:44:00,2026-08-19T14:16:00
SHP-103499,ORD-103499,DC-13,PLANNED,Carrier-C,2026-08-19T15:53:00,2026-08-19T14:27:00
SHP-103500,ORD-103500,DC-04,BOOKED,Carrier-B,2026-08-19T13:47:00,2026-08-19T14:25:00
SHP-103501,ORD-103501,DC-05,PLANNED,Carrier-C,2026-08-19T16:09:00,2026-08-19T14:46:00
SHP-103502,ORD-103502,DC-18,AT_DOCK,Carrier-D,2026-08-19T13:24:00,2026-08-19T13:49:00
SHP-103503,ORD-103503,DC-02,LOADED,Carrier-C,2026-08-19T14:07:00,2026-08-19T14:20:00
SHP-103504,ORD-103504,DC-10,DELAYED,Carrier-B,2026-08-19T15:38:00,2026-08-19T14:27:00
SHP-103505,ORD-103505,DC-08,AT_DOCK,Carrier-A,2026-08-19T15:04:00,2026-08-19T14:28:00
SHP-103506,ORD-103506,DC-15,DEPARTED,Carrier-C,2026-08-19T15:02:00,2026-08-19T15:22:00
SHP-103507,ORD-103507,DC-02,PLANNED,Carrier-D,2026-08-19T15:50:00,2026-08-19T15:25:00
SHP-103508,ORD-103508,DC-14,DEPARTED,Carrier-D,2026-08-19T16:24:00,2026-08-19T15:10:00
SHP-103509,ORD-103509,DC-18,PLANNED,Carrier-B,2026-08-19T16:37:00,2026-08-19T15:27:00
SHP-103510,ORD-103510,DC-16,DELAYED,Carrier-A,2026-08-19T15:49:00,2026-08-19T15:36:00
SHP-103511,ORD-103511,DC-17,DEPARTED,Carrier-D,2026-08-19T13:49:00,2026-08-19T14:15:00
SHP-103512,ORD-103512,DC-16,PLANNED,Carrier-C,2026-08-19T15:53:00,2026-08-19T15:05:00
SHP-103513,ORD-103513,DC-02,DEPARTED,Carrier-A,2026-08-19T15:33:00,2026-08-19T14:30:00
SHP-103514,ORD-103514,DC-18,DELAYED,Carrier-D,2026-08-19T15:37:00,2026-08-19T15:09:00
SHP-103515,ORD-103515,DC-08,BOOKED,Carrier-A,2026-08-19T14:38:00,2026-08-19T15:08:00
SHP-103516,ORD-103516,DC-12,DEPARTED,Carrier-D,2026-08-19T15:55:00,2026-08-19T16:34:00
SHP-103517,ORD-103517,DC-16,AT_DOCK,Carrier-B,2026-08-19T14:50:00,2026-08-19T15:17:00
SHP-103518,ORD-103518,DC-03,DEPARTED,Carrier-C,2026-08-19T15:35:00,2026-08-19T15:49:00
SHP-103519,ORD-103519,DC-16,PLANNED,Carrier-C,2026-08-19T16:58:00,2026-08-19T15:40:00
SHP-103520,ORD-103520,DC-13,DELAYED,Carrier-B,2026-08-19T16:19:00,2026-08-19T16:13:00
SHP-103521,ORD-103521,DC-13,DEPARTED,Carrier-A,2026-08-19T16:17:00,2026-08-19T15:45:00
SHP-103522,ORD-103522,DC-14,DEPARTED,Carrier-C,2026-08-19T16:50:00,2026-08-19T16:55:00
SHP-103523,ORD-103523,DC-05,BOOKED,Carrier-C,2026-08-19T17:03:00,2026-08-19T17:43:00
SHP-103524,ORD-103524,DC-16,BOOKED,Carrier-B,2026-08-19T15:49:00,2026-08-19T16:14:00
SHP-103525,ORD-103525,DC-07,PLANNED,Carrier-B,2026-08-19T17:42:00,2026-08-19T16:12:00
SHP-103526,ORD-103526,DC-07,DELAYED,Carrier-C,2026-08-19T17:43:00,2026-08-19T17:38:00
SHP-103527,ORD-103527,DC-02,LOADED,Carrier-B,2026-08-19T18:10:00,2026-08-19T17:35:00
SHP-103528,ORD-103528,DC-01,PLANNED,Carrier-D,2026-08-19T17:34:00,2026-08-19T17:08:00
SHP-103529,ORD-103529,DC-02,BOOKED,Carrier-B,2026-08-19T18:39:00,2026-08-19T17:19:00
SHP-103530,ORD-103530,DC-14,PLANNED,Carrier-A,2026-08-19T17:59:00,2026-08-19T16:56:00
SHP-103531,ORD-103531,DC-05,LOADED,Carrier-D,2026-08-19T18:26:00,2026-08-19T17:54:00
SHP-103532,ORD-103532,DC-18,LOADED,Carrier-D,2026-08-19T19:29:00,2026-08-19T18:09:00
SHP-103533,ORD-103533,DC-17,PLANNED,Carrier-A,2026-08-19T16:44:00,2026-08-19T17:19:00
SHP-103534,ORD-103534,DC-05,LOADED,Carrier-A,2026-08-19T18:27:00,2026-08-19T18:22:00
SHP-103535,ORD-103535,DC-13,DEPARTED,Carrier-A,2026-08-19T18:41:00,2026-08-19T18:35:00
SHP-103536,ORD-103536,DC-07,DEPARTED,Carrier-B,2026-08-19T19:30:00,2026-08-19T18:20:00
SHP-103537,ORD-103537,DC-05,DEPARTED,Carrier-C,2026-08-19T19:29:00,2026-08-19T18:36:00
SHP-103538,ORD-103538,DC-17,LOADED,Carrier-C,2026-08-19T18:19:00,2026-08-19T18:45:00
SHP-103539,ORD-103539,DC-09,BOOKED,Carrier-D,2026-08-19T19:43:00,2026-08-19T19:11:00
SHP-103540,ORD-103540,DC-16,PLANNED,Carrier-B,2026-08-19T19:25:00,2026-08-19T19:37:00
SHP-103541,ORD-103541,DC-13,DELAYED,Carrier-C,2026-08-19T18:56:00,2026-08-19T18:13:00
SHP-103542,ORD-103542,DC-18,DELAYED,Carrier-A,2026-08-19T19:53:00,2026-08-19T19:30:00
SHP-103543,ORD-103543,DC-07,DELAYED,Carrier-B,2026-08-19T19:49:00,2026-08-19T18:41:00
SHP-103544,ORD-103544,DC-17,LOADED,Carrier-B,2026-08-19T20:03:00,2026-08-19T19:01:00
SHP-103545,ORD-103545,DC-08,PLANNED,Carrier-A,2026-08-19T19:05:00,2026-08-19T18:44:00
SHP-103546,ORD-103546,DC-07,PLANNED,Carrier-C,2026-08-19T19:49:00,2026-08-19T20:08:00
SHP-103547,ORD-103547,DC-16,PLANNED,Carrier-C,2026-08-19T20:12:00,2026-08-19T18:49:00
SHP-103548,ORD-103548,DC-11,BOOKED,Carrier-A,2026-08-19T22:04:00,2026-08-19T20:34:00
SHP-103549,ORD-103549,DC-17,DEPARTED,Carrier-A,2026-08-19T21:06:00,2026-08-19T20:21:00
SHP-103550,ORD-103550,DC-06,AT_DOCK,Carrier-A,2026-08-19T20:12:00,2026-08-19T20:03:00
SHP-103551,ORD-103551,DC-18,BOOKED,Carrier-D,2026-08-19T19:28:00,2026-08-19T20:03:00
SHP-103552,ORD-103552,DC-07,BOOKED,Carrier-D,2026-08-19T20:16:00,2026-08-19T20:29:00
SHP-103553,ORD-103553,DC-06,PLANNED,Carrier-B,2026-08-19T19:24:00,2026-08-19T19:10:00
SHP-103554,ORD-103554,DC-11,DEPARTED,Carrier-D,2026-08-19T22:31:00,2026-08-19T21:19:00
SHP-103555,ORD-103555,DC-07,PLANNED,Carrier-C,2026-08-19T21:38:00,2026-08-19T21:22:00
SHP-103556,ORD-103556,DC-15,PLANNED,Carrier-D,2026-08-19T20:54:00,2026-08-19T21:15:00
SHP-103557,ORD-103557,DC-05,PLANNED,Carrier-A,2026-08-19T22:05:00,2026-08-19T21:01:00
SHP-103558,ORD-103558,DC-11,LOADED,Carrier-D,2026-08-19T21:13:00,2026-08-19T21:22:00
SHP-103559,ORD-103559,DC-16,PLANNED,Carrier-B,2026-08-19T21:58:00,2026-08-19T21:30:00
SHP-103560,ORD-103560,DC-14,BOOKED,Carrier-D,2026-08-19T19:47:00,2026-08-19T19:59:00
SHP-103561,ORD-103561,DC-17,DELAYED,Carrier-D,2026-08-19T21:04:00,2026-08-19T20:47:00
SHP-103562,ORD-103562,DC-18,LOADED,Carrier-A,2026-08-19T21:23:00,2026-08-19T21:10:00
SHP-103563,ORD-103563,DC-10,BOOKED,Carrier-C,2026-08-19T20:52:00,2026-08-19T21:34:00
SHP-103564,ORD-103564,DC-14,AT_DOCK,Carrier-C,2026-08-19T21:22:00,2026-08-19T21:47:00
SHP-103565,ORD-103565,DC-14,DELAYED,Carrier-D,2026-08-19T21:44:00,2026-08-19T21:52:00
SHP-103566,ORD-103566,DC-04,BOOKED,Carrier-D,2026-08-19T20:57:00,2026-08-19T21:33:00
SHP-103567,ORD-103567,DC-06,PLANNED,Carrier-B,2026-08-19T21:52:00,2026-08-19T22:25:00
SHP-103568,ORD-103568,DC-09,DEPARTED,Carrier-B,2026-08-19T22:11:00,2026-08-19T21:23:00
SHP-103569,ORD-103569,DC-01,DELAYED,Carrier-D,2026-08-19T20:57:00,2026-08-19T21:04:00
SHP-103570,ORD-103570,DC-08,DELAYED,Carrier-C,2026-08-19T21:57:00,2026-08-19T22:06:00
SHP-103571,ORD-103571,DC-17,AT_DOCK,Carrier-B,2026-08-19T23:15:00,2026-08-19T21:58:00
SHP-103572,ORD-103572,DC-06,DELAYED,Carrier-D,2026-08-19T21:29:00,2026-08-19T21:24:00
SHP-103573,ORD-103573,DC-18,LOADED,Carrier-B,2026-08-19T23:18:00,2026-08-19T22:20:00
SHP-103574,ORD-103574,DC-02,PLANNED,Carrier-C,2026-08-19T22:11:00,2026-08-19T21:51:00
SHP-103575,ORD-103575,DC-08,BOOKED,Carrier-C,2026-08-19T21:15:00,2026-08-19T21:46:00
SHP-103576,ORD-103576,DC-03,LOADED,Carrier-A,2026-08-19T22:25:00,2026-08-19T22:08:00
SHP-103577,ORD-103577,DC-13,DELAYED,Carrier-D,2026-08-20T00:32:00,2026-08-19T23:24:00
SHP-103578,ORD-103578,DC-11,BOOKED,Carrier-D,2026-08-20T00:28:00,2026-08-19T23:06:00
SHP-103579,ORD-103579,DC-04,BOOKED,Carrier-D,2026-08-20T00:33:00,2026-08-19T23:34:00
SHP-103580,ORD-103580,DC-11,LOADED,Carrier-B,2026-08-19T23:21:00,2026-08-19T22:14:00
SHP-103581,ORD-103581,DC-11,PLANNED,Carrier-C,2026-08-19T22:17:00,2026-08-19T23:02:00
SHP-103582,ORD-103582,DC-18,AT_DOCK,Carrier-B,2026-08-20T00:31:00,2026-08-19T23:26:00
SHP-103583,ORD-103583,DC-03,LOADED,Carrier-C,2026-08-19T23:51:00,2026-08-20T00:11:00
SHP-103584,ORD-103584,DC-08,LOADED,Carrier-D,2026-08-20T00:23:00,2026-08-19T23:14:00
SHP-103585,ORD-103585,DC-03,BOOKED,Carrier-C,2026-08-19T23:32:00,2026-08-19T23:41:00
SHP-103586,ORD-103586,DC-17,LOADED,Carrier-C,2026-08-20T00:07:00,2026-08-19T22:47:00
SHP-103587,ORD-103587,DC-14,LOADED,Carrier-D,2026-08-19T23:56:00,2026-08-19T22:48:00
SHP-103588,ORD-103588,DC-01,DELAYED,Carrier-B,2026-08-19T23:53:00,2026-08-20T00:12:00
SHP-103589,ORD-103589,DC-07,BOOKED,Carrier-A,2026-08-19T22:09:00,2026-08-19T22:49:00
SHP-103590,ORD-103590,DC-13,LOADED,Carrier-C,2026-08-20T01:16:00,2026-08-20T00:02:00
SHP-103591,ORD-103591,DC-12,AT_DOCK,Carrier-B,2026-08-20T01:19:00,2026-08-20T00:18:00
SHP-103592,ORD-103592,DC-07,DELAYED,Carrier-D,2026-08-20T00:06:00,2026-08-20T00:32:00
SHP-103593,ORD-103593,DC-06,LOADED,Carrier-B,2026-08-20T02:29:00,2026-08-20T00:59:00
SHP-103594,ORD-103594,DC-06,DELAYED,Carrier-B,2026-08-19T23:39:00,2026-08-20T00:17:00
SHP-103595,ORD-103595,DC-11,LOADED,Carrier-A,2026-08-20T00:51:00,2026-08-19T23:53:00
SHP-103596,ORD-103596,DC-09,LOADED,Carrier-A,2026-08-20T01:19:00,2026-08-20T00:39:00
SHP-103597,ORD-103597,DC-13,BOOKED,Carrier-D,2026-08-20T01:08:00,2026-08-20T01:14:00
SHP-103598,ORD-103598,DC-06,AT_DOCK,Carrier-B,2026-08-20T01:17:00,2026-08-19T23:54:00
SHP-103599,ORD-103599,DC-03,LOADED,Carrier-C,2026-08-19T23:26:00,2026-08-19T23:52:00
SHP-103600,ORD-103600,DC-09,DELAYED,Carrier-C,2026-08-20T01:57:00,2026-08-20T01:26:00
SHP-103601,ORD-103601,DC-07,PLANNED,Carrier-B,2026-08-20T01:58:00,2026-08-20T01:37:00
SHP-103602,ORD-103602,DC-06,DEPARTED,Carrier-B,2026-08-20T03:24:00,2026-08-20T01:55:00
SHP-103603,ORD-103603,DC-13,DEPARTED,Carrier-D,2026-08-20T02:38:00,2026-08-20T02:01:00
SHP-103604,ORD-103604,DC-05,PLANNED,Carrier-B,2026-08-20T01:17:00,2026-08-20T01:08:00
SHP-103605,ORD-103605,DC-13,PLANNED,Carrier-A,2026-08-20T01:54:00,2026-08-20T02:17:00
SHP-103606,ORD-103606,DC-13,DEPARTED,Carrier-D,2026-08-20T01:10:00,2026-08-20T01:31:00
SHP-103607,ORD-103607,DC-18,BOOKED,Carrier-B,2026-08-20T02:02:00,2026-08-20T02:14:00
SHP-103608,ORD-103608,DC-05,DELAYED,Carrier-A,2026-08-20T03:23:00,2026-08-20T02:08:00
SHP-103609,ORD-103609,DC-12,AT_DOCK,Carrier-B,2026-08-20T01:42:00,2026-08-20T01:57:00
SHP-103610,ORD-103610,DC-02,DEPARTED,Carrier-C,2026-08-20T01:39:00,2026-08-20T01:46:00
SHP-103611,ORD-103611,DC-06,PLANNED,Carrier-D,2026-08-20T02:48:00,2026-08-20T01:24:00
SHP-103612,ORD-103612,DC-07,DELAYED,Carrier-D,2026-08-20T03:25:00,2026-08-20T02:37:00
SHP-103613,ORD-103613,DC-03,DEPARTED,Carrier-C,2026-08-20T01:51:00,2026-08-20T01:33:00
SHP-103614,ORD-103614,DC-01,DELAYED,Carrier-C,2026-08-20T03:23:00,2026-08-20T02:22:00
SHP-103615,ORD-103615,DC-03,DELAYED,Carrier-D,2026-08-20T01:37:00,2026-08-20T02:06:00
SHP-103616,ORD-103616,DC-16,DELAYED,Carrier-D,2026-08-20T02:47:00,2026-08-20T02:26:00
SHP-103617,ORD-103617,DC-06,DELAYED,Carrier-B,2026-08-20T02:52:00,2026-08-20T03:36:00
SHP-103618,ORD-103618,DC-18,DELAYED,Carrier-B,2026-08-20T03:02:00,2026-08-20T02:54:00
SHP-103619,ORD-103619,DC-01,DEPARTED,Carrier-A,2026-08-20T04:56:00,2026-08-20T03:31:00
SHP-103620,ORD-103620,DC-07,PLANNED,Carrier-D,2026-08-20T02:55:00,2026-08-20T02:21:00
SHP-103621,ORD-103621,DC-09,PLANNED,Carrier-C,2026-08-20T03:28:00,2026-08-20T04:10:00
SHP-103622,ORD-103622,DC-13,AT_DOCK,Carrier-B,2026-08-20T05:14:00,2026-08-20T03:49:00
SHP-103623,ORD-103623,DC-13,PLANNED,Carrier-C,2026-08-20T02:46:00,2026-08-20T03:15:00
SHP-103624,ORD-103624,DC-08,AT_DOCK,Carrier-C,2026-08-20T03:51:00,2026-08-20T02:52:00
SHP-103625,ORD-103625,DC-05,AT_DOCK,Carrier-C,2026-08-20T03:42:00,2026-08-20T03:08:00
SHP-103626,ORD-103626,DC-05,DEPARTED,Carrier-A,2026-08-20T05:08:00,2026-08-20T04:46:00
SHP-103627,ORD-103627,DC-10,AT_DOCK,Carrier-C,2026-08-20T04:37:00,2026-08-20T04:53:00
SHP-103628,ORD-103628,DC-08,LOADED,Carrier-A,2026-08-20T04:51:00,2026-08-20T03:34:00
SHP-103629,ORD-103629,DC-01,DELAYED,Carrier-B,2026-08-20T04:30:00,2026-08-20T03:42:00
SHP-103630,ORD-103630,DC-15,DEPARTED,Carrier-D,2026-08-20T05:11:00,2026-08-20T04:05:00
SHP-103631,ORD-103631,DC-01,AT_DOCK,Carrier-D,2026-08-20T04:51:00,2026-08-20T04:56:00
SHP-103632,ORD-103632,DC-07,BOOKED,Carrier-C,2026-08-20T04:09:00,2026-08-20T03:49:00
SHP-103633,ORD-103633,DC-14,BOOKED,Carrier-C,2026-08-20T06:19:00,2026-08-20T04:58:00
SHP-103634,ORD-103634,DC-17,DEPARTED,Carrier-A,2026-08-20T05:49:00,2026-08-20T05:22:00
SHP-103635,ORD-103635,DC-16,PLANNED,Carrier-B,2026-08-20T05:32:00,2026-08-20T05:14:00
SHP-103636,ORD-103636,DC-11,DELAYED,Carrier-D,2026-08-20T05:57:00,2026-08-20T06:35:00
SHP-103637,ORD-103637,DC-12,LOADED,Carrier-D,2026-08-20T05:01:00,2026-08-20T05:17:00
SHP-103638,ORD-103638,DC-10,AT_DOCK,Carrier-C,2026-08-20T06:58:00,2026-08-20T05:56:00
SHP-103639,ORD-103639,DC-05,DELAYED,Carrier-D,2026-08-20T05:06:00,2026-08-20T05:47:00
SHP-103640,ORD-103640,DC-13,DEPARTED,Carrier-C,2026-08-20T05:39:00,2026-08-20T06:08:00
SHP-103641,ORD-103641,DC-13,LOADED,Carrier-A,2026-08-20T07:29:00,2026-08-20T06:48:00
SHP-103642,ORD-103642,DC-12,AT_DOCK,Carrier-B,2026-08-20T06:19:00,2026-08-20T06:56:00
SHP-103643,ORD-103643,DC-14,DEPARTED,Carrier-B,2026-08-20T06:24:00,2026-08-20T06:37:00
SHP-103644,ORD-103644,DC-14,BOOKED,Carrier-A,2026-08-20T07:27:00,2026-08-20T07:05:00
SHP-103645,ORD-103645,DC-01,DEPARTED,Carrier-D,2026-08-20T06:20:00,2026-08-20T06:47:00
SHP-103646,ORD-103646,DC-07,DEPARTED,Carrier-C,2026-08-20T08:26:00,2026-08-20T07:05:00
SHP-103647,ORD-103647,DC-11,DEPARTED,Carrier-B,2026-08-20T07:10:00,2026-08-20T06:53:00
SHP-103648,ORD-103648,DC-14,DEPARTED,Carrier-D,2026-08-20T05:44:00,2026-08-20T06:26:00
SHP-103649,ORD-103649,DC-15,DELAYED,Carrier-B,2026-08-20T06:54:00,2026-08-20T07:34:00
SHP-103650,ORD-103650,DC-02,PLANNED,Carrier-A,2026-08-20T07:46:00,2026-08-20T07:55:00
SHP-103651,ORD-103651,DC-01,BOOKED,Carrier-A,2026-08-20T08:55:00,2026-08-20T08:03:00
SHP-103652,ORD-103652,DC-03,AT_DOCK,Carrier-D,2026-08-20T08:04:00,2026-08-20T08:21:00
SHP-103653,ORD-103653,DC-18,AT_DOCK,Carrier-A,2026-08-20T09:07:00,2026-08-20T08:12:00
SHP-103654,ORD-103654,DC-07,DEPARTED,Carrier-C,2026-08-20T07:38:00,2026-08-20T07:29:00
SHP-103655,ORD-103655,DC-10,PLANNED,Carrier-B,2026-08-20T09:09:00,2026-08-20T08:26:00
SHP-103656,ORD-103656,DC-13,AT_DOCK,Carrier-C,2026-08-20T08:10:00,2026-08-20T07:25:00
SHP-103657,ORD-103657,DC-17,LOADED,Carrier-B,2026-08-20T08:09:00,2026-08-20T08:00:00
SHP-103658,ORD-103658,DC-11,PLANNED,Carrier-C,2026-08-20T07:00:00,2026-08-20T07:31:00
SHP-103659,ORD-103659,DC-15,PLANNED,Carrier-B,2026-08-20T07:09:00,2026-08-20T07:48:00
SHP-103660,ORD-103660,DC-12,AT_DOCK,Carrier-B,2026-08-20T07:24:00,2026-08-20T08:08:00
SHP-103661,ORD-103661,DC-11,DELAYED,Carrier-C,2026-08-20T08:33:00,2026-08-20T08:41:00
SHP-103662,ORD-103662,DC-11,BOOKED,Carrier-B,2026-08-20T09:10:00,2026-08-20T08:14:00
SHP-103663,ORD-103663,DC-10,AT_DOCK,Carrier-A,2026-08-20T08:28:00,2026-08-20T08:48:00
SHP-103664,ORD-103664,DC-10,PLANNED,Carrier-B,2026-08-20T07:48:00,2026-08-20T08:10:00
SHP-103665,ORD-103665,DC-06,LOADED,Carrier-C,2026-08-20T09:18:00,2026-08-20T07:49:00
SHP-103666,ORD-103666,DC-14,LOADED,Carrier-C,2026-08-20T07:41:00,2026-08-20T07:56:00
SHP-103667,ORD-103667,DC-18,AT_DOCK,Carrier-B,2026-08-20T10:33:00,2026-08-20T09:07:00
SHP-103668,ORD-103668,DC-07,AT_DOCK,Carrier-B,2026-08-20T09:37:00,2026-08-20T08:27:00
SHP-103669,ORD-103669,DC-10,LOADED,Carrier-C,2026-08-20T10:56:00,2026-08-20T09:53:00
SHP-103670,ORD-103670,DC-14,LOADED,Carrier-A,2026-08-20T09:19:00,2026-08-20T09:29:00
SHP-103671,ORD-103671,DC-13,DEPARTED,Carrier-B,2026-08-20T09:51:00,2026-08-20T10:33:00
SHP-103672,ORD-103672,DC-10,LOADED,Carrier-D,2026-08-20T10:34:00,2026-08-20T09:48:00
SHP-103673,ORD-103673,DC-04,PLANNED,Carrier-B,2026-08-20T10:50:00,2026-08-20T09:45:00
SHP-103674,ORD-103674,DC-16,DELAYED,Carrier-B,2026-08-20T09:03:00,2026-08-20T09:46:00
SHP-103675,ORD-103675,DC-15,BOOKED,Carrier-A,2026-08-20T09:39:00,2026-08-20T10:15:00
SHP-103676,ORD-103676,DC-05,AT_DOCK,Carrier-A,2026-08-20T11:44:00,2026-08-20T11:02:00
SHP-103677,ORD-103677,DC-07,AT_DOCK,Carrier-B,2026-08-20T12:03:00,2026-08-20T11:05:00
SHP-103678,ORD-103678,DC-03,BOOKED,Carrier-A,2026-08-20T09:32:00,2026-08-20T09:57:00
SHP-103679,ORD-103679,DC-18,BOOKED,Carrier-D,2026-08-20T11:31:00,2026-08-20T11:03:00
SHP-103680,ORD-103680,DC-03,DEPARTED,Carrier-C,2026-08-20T11:54:00,2026-08-20T10:47:00
SHP-103681,ORD-103681,DC-01,DEPARTED,Carrier-D,2026-08-20T11:06:00,2026-08-20T10:23:00
SHP-103682,ORD-103682,DC-07,BOOKED,Carrier-D,2026-08-20T11:34:00,2026-08-20T11:55:00
SHP-103683,ORD-103683,DC-01,DELAYED,Carrier-C,2026-08-20T10:34:00,2026-08-20T11:15:00
SHP-103684,ORD-103684,DC-13,PLANNED,Carrier-A,2026-08-20T11:56:00,2026-08-20T11:43:00
SHP-103685,ORD-103685,DC-09,BOOKED,Carrier-D,2026-08-20T12:55:00,2026-08-20T11:32:00
SHP-103686,ORD-103686,DC-06,PLANNED,Carrier-B,2026-08-20T11:29:00,2026-08-20T11:03:00
SHP-103687,ORD-103687,DC-12,DEPARTED,Carrier-B,2026-08-20T12:37:00,2026-08-20T11:57:00
SHP-103688,ORD-103688,DC-03,LOADED,Carrier-C,2026-08-20T11:57:00,2026-08-20T10:39:00
SHP-103689,ORD-103689,DC-16,AT_DOCK,Carrier-C,2026-08-20T13:08:00,2026-08-20T12:36:00
SHP-103690,ORD-103690,DC-10,BOOKED,Carrier-C,2026-08-20T12:38:00,2026-08-20T11:38:00
SHP-103691,ORD-103691,DC-18,DEPARTED,Carrier-A,2026-08-20T13:14:00,2026-08-20T12:41:00
SHP-103692,ORD-103692,DC-11,BOOKED,Carrier-A,2026-08-20T11:08:00,2026-08-20T11:22:00
SHP-103693,ORD-103693,DC-01,DEPARTED,Carrier-D,2026-08-20T11:29:00,2026-08-20T12:10:00
SHP-103694,ORD-103694,DC-13,AT_DOCK,Carrier-A,2026-08-20T13:48:00,2026-08-20T12:53:00
SHP-103695,ORD-103695,DC-17,AT_DOCK,Carrier-B,2026-08-20T13:16:00,2026-08-20T12:57:00
SHP-103696,ORD-103696,DC-10,LOADED,Carrier-B,2026-08-20T13:44:00,2026-08-20T12:40:00
SHP-103697,ORD-103697,DC-02,BOOKED,Carrier-A,2026-08-20T13:01:00,2026-08-20T13:38:00
SHP-103698,ORD-103698,DC-09,DEPARTED,Carrier-C,2026-08-20T13:23:00,2026-08-20T12:56:00
SHP-103699,ORD-103699,DC-12,AT_DOCK,Carrier-A,2026-08-20T14:22:00,2026-08-20T13:49:00
SHP-103700,ORD-103700,DC-05,BOOKED,Carrier-D,2026-08-20T12:16:00,2026-08-20T12:53:00
SHP-103701,ORD-103701,DC-15,LOADED,Carrier-B,2026-08-20T12:54:00,2026-08-20T13:27:00
SHP-103702,ORD-103702,DC-09,LOADED,Carrier-D,2026-08-20T13:25:00,2026-08-20T12:19:00
SHP-103703,ORD-103703,DC-17,DEPARTED,Carrier-D,2026-08-20T15:19:00,2026-08-20T14:16:00
SHP-103704,ORD-103704,DC-18,DELAYED,Carrier-A,2026-08-20T12:54:00,2026-08-20T13:10:00
SHP-103705,ORD-103705,DC-12,BOOKED,Carrier-D,2026-08-20T13:39:00,2026-08-20T14:03:00
SHP-103706,ORD-103706,DC-08,DEPARTED,Carrier-C,2026-08-20T15:07:00,2026-08-20T14:28:00
SHP-103707,ORD-103707,DC-04,PLANNED,Carrier-C,2026-08-20T14:05:00,2026-08-20T14:17:00
SHP-103708,ORD-103708,DC-05,LOADED,Carrier-D,2026-08-20T13:54:00,2026-08-20T13:17:00
SHP-103709,ORD-103709,DC-05,DELAYED,Carrier-D,2026-08-20T13:18:00,2026-08-20T13:27:00
SHP-103710,ORD-103710,DC-02,DEPARTED,Carrier-B,2026-08-20T13:50:00,2026-08-20T13:36:00
SHP-103711,ORD-103711,DC-10,DEPARTED,Carrier-C,2026-08-20T13:16:00,2026-08-20T13:58:00
SHP-103712,ORD-103712,DC-04,DEPARTED,Carrier-D,2026-08-20T13:30:00,2026-08-20T13:37:00
SHP-103713,ORD-103713,DC-04,AT_DOCK,Carrier-D,2026-08-20T15:19:00,2026-08-20T14:05:00
SHP-103714,ORD-103714,DC-15,AT_DOCK,Carrier-C,2026-08-20T15:28:00,2026-08-20T15:54:00
SHP-103715,ORD-103715,DC-02,BOOKED,Carrier-B,2026-08-20T15:04:00,2026-08-20T14:11:00
SHP-103716,ORD-103716,DC-17,DEPARTED,Carrier-A,2026-08-20T17:16:00,2026-08-20T16:00:00
SHP-103717,ORD-103717,DC-17,AT_DOCK,Carrier-B,2026-08-20T15:58:00,2026-08-20T14:29:00
SHP-103718,ORD-103718,DC-16,LOADED,Carrier-A,2026-08-20T16:00:00,2026-08-20T16:08:00
SHP-103719,ORD-103719,DC-14,DEPARTED,Carrier-D,2026-08-20T18:03:00,2026-08-20T16:36:00
SHP-103720,ORD-103720,DC-05,AT_DOCK,Carrier-B,2026-08-20T15:00:00,2026-08-20T15:28:00
SHP-103721,ORD-103721,DC-17,LOADED,Carrier-C,2026-08-20T15:51:00,2026-08-20T16:11:00
SHP-103722,ORD-103722,DC-18,LOADED,Carrier-D,2026-08-20T16:00:00,2026-08-20T15:43:00
SHP-103723,ORD-103723,DC-12,AT_DOCK,Carrier-D,2026-08-20T17:24:00,2026-08-20T16:27:00
SHP-103724,ORD-103724,DC-13,BOOKED,Carrier-A,2026-08-20T15:58:00,2026-08-20T16:27:00
SHP-103725,ORD-103725,DC-03,DELAYED,Carrier-C,2026-08-20T15:29:00,2026-08-20T16:05:00
SHP-103726,ORD-103726,DC-12,LOADED,Carrier-A,2026-08-20T18:33:00,2026-08-20T17:13:00
SHP-103727,ORD-103727,DC-16,LOADED,Carrier-D,2026-08-20T16:52:00,2026-08-20T15:41:00
SHP-103728,ORD-103728,DC-16,AT_DOCK,Carrier-A,2026-08-20T17:15:00,2026-08-20T16:23:00
SHP-103729,ORD-103729,DC-07,BOOKED,Carrier-C,2026-08-20T16:36:00,2026-08-20T16:12:00
SHP-103730,ORD-103730,DC-15,LOADED,Carrier-D,2026-08-20T18:35:00,2026-08-20T17:29:00
SHP-103731,ORD-103731,DC-07,BOOKED,Carrier-D,2026-08-20T18:19:00,2026-08-20T17:30:00
SHP-103732,ORD-103732,DC-02,LOADED,Carrier-D,2026-08-20T17:19:00,2026-08-20T16:12:00
SHP-103733,ORD-103733,DC-14,AT_DOCK,Carrier-C,2026-08-20T16:17:00,2026-08-20T16:05:00
SHP-103734,ORD-103734,DC-11,LOADED,Carrier-B,2026-08-20T17:06:00,2026-08-20T17:15:00
SHP-103735,ORD-103735,DC-05,LOADED,Carrier-B,2026-08-20T16:35:00,2026-08-20T17:11:00
SHP-103736,ORD-103736,DC-14,BOOKED,Carrier-C,2026-08-20T17:35:00,2026-08-20T16:50:00
SHP-103737,ORD-103737,DC-09,DELAYED,Carrier-C,2026-08-20T17:52:00,2026-08-20T18:17:00
SHP-103738,ORD-103738,DC-01,DEPARTED,Carrier-D,2026-08-20T18:15:00,2026-08-20T18:04:00
SHP-103739,ORD-103739,DC-01,LOADED,Carrier-C,2026-08-20T16:35:00,2026-08-20T17:17:00
SHP-103740,ORD-103740,DC-06,LOADED,Carrier-A,2026-08-20T17:04:00,2026-08-20T17:11:00
SHP-103741,ORD-103741,DC-12,AT_DOCK,Carrier-D,2026-08-20T16:51:00,2026-08-20T17:11:00
SHP-103742,ORD-103742,DC-18,DEPARTED,Carrier-C,2026-08-20T18:59:00,2026-08-20T17:51:00
SHP-103743,ORD-103743,DC-01,AT_DOCK,Carrier-D,2026-08-20T18:20:00,2026-08-20T18:04:00
SHP-103744,ORD-103744,DC-10,DELAYED,Carrier-D,2026-08-20T19:51:00,2026-08-20T18:54:00
SHP-103745,ORD-103745,DC-10,AT_DOCK,Carrier-D,2026-08-20T20:29:00,2026-08-20T19:10:00
SHP-103746,ORD-103746,DC-13,LOADED,Carrier-B,2026-08-20T18:16:00,2026-08-20T18:02:00
SHP-103747,ORD-103747,DC-09,PLANNED,Carrier-D,2026-08-20T20:31:00,2026-08-20T19:26:00
SHP-103748,ORD-103748,DC-03,BOOKED,Carrier-B,2026-08-20T19:22:00,2026-08-20T20:01:00
SHP-103749,ORD-103749,DC-03,DEPARTED,Carrier-C,2026-08-20T20:21:00,2026-08-20T19:09:00
SHP-103750,ORD-103750,DC-08,BOOKED,Carrier-B,2026-08-20T19:47:00,2026-08-20T19:01:00
SHP-103751,ORD-103751,DC-08,DELAYED,Carrier-A,2026-08-20T20:20:00,2026-08-20T19:10:00
SHP-103752,ORD-103752,DC-12,LOADED,Carrier-C,2026-08-20T21:03:00,2026-08-20T20:15:00
SHP-103753,ORD-103753,DC-17,BOOKED,Carrier-D,2026-08-20T19:38:00,2026-08-20T20:01:00
SHP-103754,ORD-103754,DC-09,LOADED,Carrier-A,2026-08-20T21:22:00,2026-08-20T20:00:00
SHP-103755,ORD-103755,DC-05,DELAYED,Carrier-A,2026-08-20T20:11:00,2026-08-20T19:09:00
SHP-103756,ORD-103756,DC-13,BOOKED,Carrier-B,2026-08-20T19:10:00,2026-08-20T19:04:00
SHP-103757,ORD-103757,DC-13,DEPARTED,Carrier-A,2026-08-20T20:16:00,2026-08-20T20:57:00
SHP-103758,ORD-103758,DC-17,DEPARTED,Carrier-A,2026-08-20T21:48:00,2026-08-20T21:10:00
SHP-103759,ORD-103759,DC-14,BOOKED,Carrier-D,2026-08-20T19:51:00,2026-08-20T20:25:00
SHP-103760,ORD-103760,DC-18,LOADED,Carrier-D,2026-08-20T22:05:00,2026-08-20T21:14:00
SHP-103761,ORD-103761,DC-16,AT_DOCK,Carrier-B,2026-08-20T19:50:00,2026-08-20T20:32:00
SHP-103762,ORD-103762,DC-04,LOADED,Carrier-C,2026-08-20T22:40:00,2026-08-20T21:12:00
SHP-103763,ORD-103763,DC-06,DEPARTED,Carrier-B,2026-08-20T20:21:00,2026-08-20T20:16:00
SHP-103764,ORD-103764,DC-05,PLANNED,Carrier-D,2026-08-20T22:27:00,2026-08-20T21:18:00
SHP-103765,ORD-103765,DC-11,AT_DOCK,Carrier-A,2026-08-20T22:24:00,2026-08-20T21:05:00
SHP-103766,ORD-103766,DC-05,LOADED,Carrier-C,2026-08-20T21:04:00,2026-08-20T20:45:00
SHP-103767,ORD-103767,DC-15,DELAYED,Carrier-A,2026-08-20T20:29:00,2026-08-20T20:11:00
SHP-103768,ORD-103768,DC-14,PLANNED,Carrier-C,2026-08-20T21:57:00,2026-08-20T20:58:00
SHP-103769,ORD-103769,DC-07,BOOKED,Carrier-A,2026-08-20T21:59:00,2026-08-20T21:54:00
SHP-103770,ORD-103770,DC-16,LOADED,Carrier-C,2026-08-20T21:30:00,2026-08-20T21:35:00
SHP-103771,ORD-103771,DC-06,PLANNED,Carrier-D,2026-08-20T20:50:00,2026-08-20T21:14:00
SHP-103772,ORD-103772,DC-12,DEPARTED,Carrier-D,2026-08-20T23:01:00,2026-08-20T22:01:00
SHP-103773,ORD-103773,DC-17,LOADED,Carrier-B,2026-08-20T22:25:00,2026-08-20T21:58:00
SHP-103774,ORD-103774,DC-04,PLANNED,Carrier-B,2026-08-20T22:48:00,2026-08-20T21:50:00
SHP-103775,ORD-103775,DC-09,DELAYED,Carrier-D,2026-08-20T22:49:00,2026-08-20T22:42:00
SHP-103776,ORD-103776,DC-12,DELAYED,Carrier-B,2026-08-20T21:53:00,2026-08-20T22:15:00
SHP-103777,ORD-103777,DC-18,DELAYED,Carrier-B,2026-08-20T22:48:00,2026-08-20T22:38:00
SHP-103778,ORD-103778,DC-06,DEPARTED,Carrier-A,2026-08-20T23:07:00,2026-08-20T22:38:00
SHP-103779,ORD-103779,DC-09,BOOKED,Carrier-A,2026-08-20T22:21:00,2026-08-20T22:00:00
SHP-103780,ORD-103780,DC-08,LOADED,Carrier-D,2026-08-20T21:42:00,2026-08-20T21:48:00
SHP-103781,ORD-103781,DC-03,PLANNED,Carrier-A,2026-08-20T21:56:00,2026-08-20T21:20:00
SHP-103782,ORD-103782,DC-17,LOADED,Carrier-B,2026-08-20T22:24:00,2026-08-20T21:57:00
SHP-103783,ORD-103783,DC-10,DEPARTED,Carrier-A,2026-08-20T22:59:00,2026-08-20T23:11:00
SHP-103784,ORD-103784,DC-18,BOOKED,Carrier-D,2026-08-21T00:32:00,2026-08-21T00:02:00
SHP-103785,ORD-103785,DC-18,AT_DOCK,Carrier-A,2026-08-20T23:07:00,2026-08-20T22:30:00
SHP-103786,ORD-103786,DC-16,LOADED,Carrier-B,2026-08-21T00:11:00,2026-08-21T00:24:00
SHP-103787,ORD-103787,DC-06,PLANNED,Carrier-A,2026-08-21T00:28:00,2026-08-20T23:36:00
SHP-103788,ORD-103788,DC-14,DELAYED,Carrier-A,2026-08-20T22:28:00,2026-08-20T23:10:00
SHP-103789,ORD-103789,DC-16,BOOKED,Carrier-A,2026-08-21T00:41:00,2026-08-20T23:42:00
SHP-103790,ORD-103790,DC-02,DELAYED,Carrier-C,2026-08-20T23:57:00,2026-08-20T23:12:00
SHP-103791,ORD-103791,DC-13,DEPARTED,Carrier-A,2026-08-21T00:25:00,2026-08-21T01:05:00
SHP-103792,ORD-103792,DC-16,DELAYED,Carrier-B,2026-08-21T00:15:00,2026-08-20T23:54:00
SHP-103793,ORD-103793,DC-15,AT_DOCK,Carrier-A,2026-08-20T23:34:00,2026-08-20T23:55:00
SHP-103794,ORD-103794,DC-04,DELAYED,Carrier-A,2026-08-21T00:11:00,2026-08-21T00:29:00
SHP-103795,ORD-103795,DC-10,PLANNED,Carrier-D,2026-08-21T01:20:00,2026-08-20T23:54:00
SHP-103796,ORD-103796,DC-09,DELAYED,Carrier-D,2026-08-21T01:03:00,2026-08-21T01:24:00
SHP-103797,ORD-103797,DC-06,AT_DOCK,Carrier-C,2026-08-21T00:44:00,2026-08-21T00:49:00
SHP-103798,ORD-103798,DC-16,PLANNED,Carrier-C,2026-08-21T00:56:00,2026-08-21T00:06:00
SHP-103799,ORD-103799,DC-07,DEPARTED,Carrier-C,2026-08-21T00:43:00,2026-08-20T23:44:00
SHP-103800,ORD-103800,DC-06,LOADED,Carrier-B,2026-08-21T02:27:00,2026-08-21T01:21:00
SHP-103801,ORD-103801,DC-05,PLANNED,Carrier-D,2026-08-21T02:10:00,2026-08-21T01:27:00
SHP-103802,ORD-103802,DC-12,DEPARTED,Carrier-D,2026-08-21T01:51:00,2026-08-21T01:05:00
SHP-103803,ORD-103803,DC-18,LOADED,Carrier-C,2026-08-21T01:44:00,2026-08-21T00:52:00
SHP-103804,ORD-103804,DC-02,AT_DOCK,Carrier-B,2026-08-21T01:45:00,2026-08-21T01:13:00
SHP-103805,ORD-103805,DC-05,DEPARTED,Carrier-B,2026-08-21T02:17:00,2026-08-21T00:49:00
SHP-103806,ORD-103806,DC-02,DEPARTED,Carrier-A,2026-08-21T02:21:00,2026-08-21T02:11:00
SHP-103807,ORD-103807,DC-14,AT_DOCK,Carrier-A,2026-08-21T02:36:00,2026-08-21T01:33:00
SHP-103808,ORD-103808,DC-17,AT_DOCK,Carrier-C,2026-08-21T03:43:00,2026-08-21T02:29:00
SHP-103809,ORD-103809,DC-10,AT_DOCK,Carrier-D,2026-08-21T02:47:00,2026-08-21T03:03:00
SHP-103810,ORD-103810,DC-10,BOOKED,Carrier-D,2026-08-21T03:22:00,2026-08-21T02:21:00
SHP-103811,ORD-103811,DC-04,LOADED,Carrier-A,2026-08-21T04:14:00,2026-08-21T03:16:00
SHP-103812,ORD-103812,DC-14,LOADED,Carrier-C,2026-08-21T03:44:00,2026-08-21T02:40:00
SHP-103813,ORD-103813,DC-13,BOOKED,Carrier-A,2026-08-21T04:40:00,2026-08-21T04:19:00
SHP-103814,ORD-103814,DC-15,DEPARTED,Carrier-C,2026-08-21T04:22:00,2026-08-21T03:38:00
SHP-103815,ORD-103815,DC-05,DELAYED,Carrier-A,2026-08-21T03:27:00,2026-08-21T03:46:00
SHP-103816,ORD-103816,DC-06,DELAYED,Carrier-C,2026-08-21T05:36:00,2026-08-21T04:07:00
SHP-103817,ORD-103817,DC-03,DELAYED,Carrier-B,2026-08-21T04:27:00,2026-08-21T04:45:00
SHP-103818,ORD-103818,DC-18,DELAYED,Carrier-A,2026-08-21T04:46:00,2026-08-21T03:31:00
SHP-103819,ORD-103819,DC-18,PLANNED,Carrier-B,2026-08-21T04:16:00,2026-08-21T03:28:00
SHP-103820,ORD-103820,DC-11,DEPARTED,Carrier-D,2026-08-21T03:51:00,2026-08-21T04:28:00
SHP-103821,ORD-103821,DC-17,AT_DOCK,Carrier-A,2026-08-21T05:16:00,2026-08-21T05:25:00
SHP-103822,ORD-103822,DC-03,DELAYED,Carrier-C,2026-08-21T05:14:00,2026-08-21T04:13:00
SHP-103823,ORD-103823,DC-18,BOOKED,Carrier-D,2026-08-21T04:09:00,2026-08-21T04:21:00
SHP-103824,ORD-103824,DC-17,BOOKED,Carrier-D,2026-08-21T05:44:00,2026-08-21T04:43:00
SHP-103825,ORD-103825,DC-13,DELAYED,Carrier-A,2026-08-21T03:54:00,2026-08-21T04:10:00
SHP-103826,ORD-103826,DC-16,DEPARTED,Carrier-D,2026-08-21T06:20:00,2026-08-21T05:32:00
SHP-103827,ORD-103827,DC-14,DEPARTED,Carrier-C,2026-08-21T04:22:00,2026-08-21T04:34:00
SHP-103828,ORD-103828,DC-11,DELAYED,Carrier-D,2026-08-21T05:22:00,2026-08-21T03:55:00
SHP-103829,ORD-103829,DC-18,PLANNED,Carrier-C,2026-08-21T06:42:00,2026-08-21T05:37:00
SHP-103830,ORD-103830,DC-13,DEPARTED,Carrier-C,2026-08-21T04:51:00,2026-08-21T05:24:00
SHP-103831,ORD-103831,DC-03,DEPARTED,Carrier-A,2026-08-21T06:59:00,2026-08-21T05:38:00
SHP-103832,ORD-103832,DC-18,PLANNED,Carrier-A,2026-08-21T06:49:00,2026-08-21T06:12:00
SHP-103833,ORD-103833,DC-18,AT_DOCK,Carrier-C,2026-08-21T06:41:00,2026-08-21T05:31:00
SHP-103834,ORD-103834,DC-03,AT_DOCK,Carrier-D,2026-08-21T05:29:00,2026-08-21T05:34:00
SHP-103835,ORD-103835,DC-14,PLANNED,Carrier-A,2026-08-21T06:15:00,2026-08-21T06:30:00
SHP-103836,ORD-103836,DC-17,DEPARTED,Carrier-D,2026-08-21T05:00:00,2026-08-21T05:39:00
SHP-103837,ORD-103837,DC-12,PLANNED,Carrier-B,2026-08-21T05:39:00,2026-08-21T06:15:00
SHP-103838,ORD-103838,DC-16,LOADED,Carrier-C,2026-08-21T07:17:00,2026-08-21T06:07:00
SHP-103839,ORD-103839,DC-12,BOOKED,Carrier-A,2026-08-21T06:37:00,2026-08-21T06:03:00
SHP-103840,ORD-103840,DC-09,LOADED,Carrier-A,2026-08-21T06:57:00,2026-08-21T06:49:00
SHP-103841,ORD-103841,DC-06,DELAYED,Carrier-C,2026-08-21T07:14:00,2026-08-21T06:06:00
SHP-103842,ORD-103842,DC-10,LOADED,Carrier-B,2026-08-21T08:28:00,2026-08-21T07:19:00
SHP-103843,ORD-103843,DC-11,LOADED,Carrier-B,2026-08-21T06:43:00,2026-08-21T06:31:00
SHP-103844,ORD-103844,DC-03,LOADED,Carrier-C,2026-08-21T08:14:00,2026-08-21T07:18:00
SHP-103845,ORD-103845,DC-07,BOOKED,Carrier-D,2026-08-21T06:56:00,2026-08-21T07:26:00
SHP-103846,ORD-103846,DC-09,DELAYED,Carrier-B,2026-08-21T09:26:00,2026-08-21T08:24:00
SHP-103847,ORD-103847,DC-02,LOADED,Carrier-D,2026-08-21T06:50:00,2026-08-21T07:31:00
SHP-103848,ORD-103848,DC-06,AT_DOCK,Carrier-A,2026-08-21T07:42:00,2026-08-21T07:58:00
SHP-103849,ORD-103849,DC-04,LOADED,Carrier-B,2026-08-21T06:29:00,2026-08-21T07:11:00
SHP-103850,ORD-103850,DC-16,PLANNED,Carrier-D,2026-08-21T06:43:00,2026-08-21T07:21:00
SHP-103851,ORD-103851,DC-14,AT_DOCK,Carrier-C,2026-08-21T08:40:00,2026-08-21T07:50:00
SHP-103852,ORD-103852,DC-16,AT_DOCK,Carrier-D,2026-08-21T08:03:00,2026-08-21T08:23:00
SHP-103853,ORD-103853,DC-15,DEPARTED,Carrier-C,2026-08-21T07:33:00,2026-08-21T08:01:00
SHP-103854,ORD-103854,DC-12,BOOKED,Carrier-C,2026-08-21T09:21:00,2026-08-21T08:35:00
SHP-103855,ORD-103855,DC-09,DEPARTED,Carrier-A,2026-08-21T08:35:00,2026-08-21T08:56:00
SHP-103856,ORD-103856,DC-16,BOOKED,Carrier-C,2026-08-21T08:51:00,2026-08-21T08:35:00
SHP-103857,ORD-103857,DC-17,PLANNED,Carrier-D,2026-08-21T10:19:00,2026-08-21T08:59:00
SHP-103858,ORD-103858,DC-06,AT_DOCK,Carrier-C,2026-08-21T10:12:00,2026-08-21T09:06:00
SHP-103859,ORD-103859,DC-03,PLANNED,Carrier-D,2026-08-21T08:18:00,2026-08-21T09:00:00
SHP-103860,ORD-103860,DC-18,DEPARTED,Carrier-B,2026-08-21T08:11:00,2026-08-21T08:53:00
SHP-103861,ORD-103861,DC-18,BOOKED,Carrier-D,2026-08-21T09:27:00,2026-08-21T09:34:00
SHP-103862,ORD-103862,DC-15,BOOKED,Carrier-A,2026-08-21T10:13:00,2026-08-21T10:25:00
SHP-103863,ORD-103863,DC-03,BOOKED,Carrier-A,2026-08-21T11:41:00,2026-08-21T10:18:00
SHP-103864,ORD-103864,DC-05,LOADED,Carrier-D,2026-08-21T10:11:00,2026-08-21T09:45:00
SHP-103865,ORD-103865,DC-16,AT_DOCK,Carrier-B,2026-08-21T08:45:00,2026-08-21T08:51:00
SHP-103866,ORD-103866,DC-17,PLANNED,Carrier-B,2026-08-21T10:51:00,2026-08-21T10:44:00
SHP-103867,ORD-103867,DC-03,BOOKED,Carrier-B,2026-08-21T10:44:00,2026-08-21T10:39:00
SHP-103868,ORD-103868,DC-09,DELAYED,Carrier-D,2026-08-21T11:29:00,2026-08-21T10:32:00
SHP-103869,ORD-103869,DC-09,DEPARTED,Carrier-D,2026-08-21T10:31:00,2026-08-21T09:23:00
SHP-103870,ORD-103870,DC-16,BOOKED,Carrier-A,2026-08-21T09:51:00,2026-08-21T10:35:00
SHP-103871,ORD-103871,DC-03,LOADED,Carrier-C,2026-08-21T11:50:00,2026-08-21T10:59:00
SHP-103872,ORD-103872,DC-07,DEPARTED,Carrier-C,2026-08-21T11:03:00,2026-08-21T11:21:00
SHP-103873,ORD-103873,DC-07,DEPARTED,Carrier-D,2026-08-21T10:01:00,2026-08-21T10:34:00
SHP-103874,ORD-103874,DC-18,LOADED,Carrier-A,2026-08-21T12:09:00,2026-08-21T10:44:00
SHP-103875,ORD-103875,DC-10,PLANNED,Carrier-A,2026-08-21T11:49:00,2026-08-21T11:04:00
SHP-103876,ORD-103876,DC-14,AT_DOCK,Carrier-B,2026-08-21T11:07:00,2026-08-21T10:42:00
SHP-103877,ORD-103877,DC-07,DELAYED,Carrier-B,2026-08-21T10:39:00,2026-08-21T11:19:00
SHP-103878,ORD-103878,DC-08,LOADED,Carrier-C,2026-08-21T11:44:00,2026-08-21T11:27:00
SHP-103879,ORD-103879,DC-06,BOOKED,Carrier-A,2026-08-21T13:18:00,2026-08-21T12:08:00
SHP-103880,ORD-103880,DC-13,DELAYED,Carrier-B,2026-08-21T12:15:00,2026-08-21T12:31:00
SHP-103881,ORD-103881,DC-11,DELAYED,Carrier-B,2026-08-21T13:16:00,2026-08-21T12:29:00
SHP-103882,ORD-103882,DC-04,DEPARTED,Carrier-D,2026-08-21T10:59:00,2026-08-21T11:23:00
SHP-103883,ORD-103883,DC-02,LOADED,Carrier-B,2026-08-21T10:29:00,2026-08-21T11:12:00
SHP-103884,ORD-103884,DC-13,DEPARTED,Carrier-A,2026-08-21T13:25:00,2026-08-21T12:55:00
SHP-103885,ORD-103885,DC-08,BOOKED,Carrier-D,2026-08-21T12:13:00,2026-08-21T12:18:00
SHP-103886,ORD-103886,DC-12,PLANNED,Carrier-C,2026-08-21T14:22:00,2026-08-21T13:16:00
SHP-103887,ORD-103887,DC-12,BOOKED,Carrier-D,2026-08-21T12:27:00,2026-08-21T12:40:00
SHP-103888,ORD-103888,DC-15,LOADED,Carrier-C,2026-08-21T13:03:00,2026-08-21T13:27:00
SHP-103889,ORD-103889,DC-15,LOADED,Carrier-B,2026-08-21T12:51:00,2026-08-21T11:53:00
SHP-103890,ORD-103890,DC-03,PLANNED,Carrier-A,2026-08-21T14:29:00,2026-08-21T13:44:00
SHP-103891,ORD-103891,DC-01,DEPARTED,Carrier-B,2026-08-21T11:54:00,2026-08-21T12:26:00
SHP-103892,ORD-103892,DC-06,AT_DOCK,Carrier-D,2026-08-21T12:39:00,2026-08-21T12:26:00
SHP-103893,ORD-103893,DC-09,BOOKED,Carrier-D,2026-08-21T11:29:00,2026-08-21T12:13:00
SHP-103894,ORD-103894,DC-14,DELAYED,Carrier-A,2026-08-21T14:28:00,2026-08-21T13:28:00
SHP-103895,ORD-103895,DC-04,PLANNED,Carrier-D,2026-08-21T13:41:00,2026-08-21T13:34:00
SHP-103896,ORD-103896,DC-18,PLANNED,Carrier-A,2026-08-21T13:21:00,2026-08-21T13:28:00
SHP-103897,ORD-103897,DC-07,PLANNED,Carrier-A,2026-08-21T14:59:00,2026-08-21T13:42:00
SHP-103898,ORD-103898,DC-18,PLANNED,Carrier-D,2026-08-21T14:20:00,2026-08-21T14:03:00
SHP-103899,ORD-103899,DC-06,PLANNED,Carrier-D,2026-08-21T13:39:00,2026-08-21T13:05:00
SHP-103900,ORD-103900,DC-18,AT_DOCK,Carrier-C,2026-08-21T14:17:00,2026-08-21T13:20:00
SHP-103901,ORD-103901,DC-14,DEPARTED,Carrier-D,2026-08-21T13:54:00,2026-08-21T14:28:00
SHP-103902,ORD-103902,DC-03,DEPARTED,Carrier-B,2026-08-21T14:13:00,2026-08-21T13:18:00
SHP-103903,ORD-103903,DC-12,PLANNED,Carrier-B,2026-08-21T13:09:00,2026-08-21T13:27:00
SHP-103904,ORD-103904,DC-05,BOOKED,Carrier-B,2026-08-21T13:32:00,2026-08-21T14:03:00
SHP-103905,ORD-103905,DC-18,LOADED,Carrier-D,2026-08-21T14:12:00,2026-08-21T14:29:00
SHP-103906,ORD-103906,DC-11,BOOKED,Carrier-C,2026-08-21T13:37:00,2026-08-21T14:01:00
SHP-103907,ORD-103907,DC-11,DEPARTED,Carrier-B,2026-08-21T15:33:00,2026-08-21T14:10:00
SHP-103908,ORD-103908,DC-17,AT_DOCK,Carrier-C,2026-08-21T13:47:00,2026-08-21T14:01:00
SHP-103909,ORD-103909,DC-06,DELAYED,Carrier-D,2026-08-21T15:07:00,2026-08-21T14:22:00
SHP-103910,ORD-103910,DC-17,BOOKED,Carrier-A,2026-08-21T14:49:00,2026-08-21T14:44:00
SHP-103911,ORD-103911,DC-10,DELAYED,Carrier-B,2026-08-21T16:15:00,2026-08-21T15:06:00
SHP-103912,ORD-103912,DC-05,DELAYED,Carrier-A,2026-08-21T16:24:00,2026-08-21T15:10:00
SHP-103913,ORD-103913,DC-10,LOADED,Carrier-D,2026-08-21T17:20:00,2026-08-21T16:01:00
SHP-103914,ORD-103914,DC-02,PLANNED,Carrier-A,2026-08-21T17:18:00,2026-08-21T16:24:00
SHP-103915,ORD-103915,DC-02,DEPARTED,Carrier-B,2026-08-21T17:30:00,2026-08-21T16:06:00
SHP-103916,ORD-103916,DC-03,LOADED,Carrier-C,2026-08-21T17:25:00,2026-08-21T16:22:00
SHP-103917,ORD-103917,DC-04,DEPARTED,Carrier-D,2026-08-21T18:04:00,2026-08-21T16:46:00
SHP-103918,ORD-103918,DC-17,DEPARTED,Carrier-C,2026-08-21T14:50:00,2026-08-21T15:24:00
SHP-103919,ORD-103919,DC-09,LOADED,Carrier-D,2026-08-21T16:08:00,2026-08-21T15:39:00
SHP-103920,ORD-103920,DC-18,DELAYED,Carrier-D,2026-08-21T15:43:00,2026-08-21T15:29:00
SHP-103921,ORD-103921,DC-12,BOOKED,Carrier-C,2026-08-21T17:20:00,2026-08-21T15:59:00
SHP-103922,ORD-103922,DC-03,DELAYED,Carrier-C,2026-08-21T17:18:00,2026-08-21T17:13:00
SHP-103923,ORD-103923,DC-01,DEPARTED,Carrier-C,2026-08-21T16:16:00,2026-08-21T15:58:00
SHP-103924,ORD-103924,DC-05,DELAYED,Carrier-D,2026-08-21T17:31:00,2026-08-21T17:06:00
SHP-103925,ORD-103925,DC-02,LOADED,Carrier-B,2026-08-21T17:20:00,2026-08-21T16:18:00
SHP-103926,ORD-103926,DC-10,PLANNED,Carrier-A,2026-08-21T18:53:00,2026-08-21T18:11:00
SHP-103927,ORD-103927,DC-15,AT_DOCK,Carrier-D,2026-08-21T18:07:00,2026-08-21T18:02:00
SHP-103928,ORD-103928,DC-09,DEPARTED,Carrier-D,2026-08-21T17:49:00,2026-08-21T18:29:00
SHP-103929,ORD-103929,DC-09,LOADED,Carrier-C,2026-08-21T18:08:00,2026-08-21T17:59:00
SHP-103930,ORD-103930,DC-16,AT_DOCK,Carrier-C,2026-08-21T17:33:00,2026-08-21T17:47:00
SHP-103931,ORD-103931,DC-12,DELAYED,Carrier-D,2026-08-21T17:36:00,2026-08-21T17:55:00
SHP-103932,ORD-103932,DC-07,AT_DOCK,Carrier-A,2026-08-21T18:43:00,2026-08-21T17:42:00
SHP-103933,ORD-103933,DC-15,DELAYED,Carrier-C,2026-08-21T17:51:00,2026-08-21T18:02:00
SHP-103934,ORD-103934,DC-13,LOADED,Carrier-A,2026-08-21T18:30:00,2026-08-21T19:04:00
SHP-103935,ORD-103935,DC-17,BOOKED,Carrier-B,2026-08-21T17:57:00,2026-08-21T18:15:00
SHP-103936,ORD-103936,DC-06,BOOKED,Carrier-A,2026-08-21T19:32:00,2026-08-21T18:41:00
SHP-103937,ORD-103937,DC-14,LOADED,Carrier-D,2026-08-21T19:18:00,2026-08-21T18:48:00
SHP-103938,ORD-103938,DC-07,PLANNED,Carrier-C,2026-08-21T20:18:00,2026-08-21T20:05:00
SHP-103939,ORD-103939,DC-07,AT_DOCK,Carrier-A,2026-08-21T19:42:00,2026-08-21T18:47:00
SHP-103940,ORD-103940,DC-14,AT_DOCK,Carrier-D,2026-08-21T19:21:00,2026-08-21T20:02:00
SHP-103941,ORD-103941,DC-01,BOOKED,Carrier-D,2026-08-21T19:35:00,2026-08-21T20:20:00
SHP-103942,ORD-103942,DC-08,DELAYED,Carrier-C,2026-08-21T19:34:00,2026-08-21T18:51:00
SHP-103943,ORD-103943,DC-16,DELAYED,Carrier-C,2026-08-21T20:38:00,2026-08-21T21:12:00
SHP-103944,ORD-103944,DC-03,LOADED,Carrier-A,2026-08-21T20:56:00,2026-08-21T21:18:00
SHP-103945,ORD-103945,DC-16,DEPARTED,Carrier-A,2026-08-21T20:35:00,2026-08-21T19:55:00
SHP-103946,ORD-103946,DC-10,BOOKED,Carrier-B,2026-08-21T20:21:00,2026-08-21T19:56:00
SHP-103947,ORD-103947,DC-09,LOADED,Carrier-D,2026-08-21T20:31:00,2026-08-21T20:01:00
SHP-103948,ORD-103948,DC-15,DELAYED,Carrier-B,2026-08-21T20:57:00,2026-08-21T21:31:00
SHP-103949,ORD-103949,DC-07,DEPARTED,Carrier-A,2026-08-21T20:32:00,2026-08-21T20:57:00
SHP-103950,ORD-103950,DC-13,BOOKED,Carrier-A,2026-08-21T22:28:00,2026-08-21T20:58:00
SHP-103951,ORD-103951,DC-10,LOADED,Carrier-B,2026-08-21T22:07:00,2026-08-21T21:07:00
SHP-103952,ORD-103952,DC-18,DELAYED,Carrier-A,2026-08-21T20:50:00,2026-08-21T21:30:00
SHP-103953,ORD-103953,DC-02,AT_DOCK,Carrier-C,2026-08-21T21:15:00,2026-08-21T21:55:00
SHP-103954,ORD-103954,DC-07,DELAYED,Carrier-A,2026-08-21T22:56:00,2026-08-21T22:45:00
SHP-103955,ORD-103955,DC-13,PLANNED,Carrier-A,2026-08-21T22:39:00,2026-08-21T21:53:00
SHP-103956,ORD-103956,DC-08,DELAYED,Carrier-C,2026-08-21T21:01:00,2026-08-21T21:26:00
SHP-103957,ORD-103957,DC-12,DELAYED,Carrier-D,2026-08-22T00:47:00,2026-08-21T23:19:00
SHP-103958,ORD-103958,DC-14,PLANNED,Carrier-B,2026-08-21T22:57:00,2026-08-21T21:34:00
SHP-103959,ORD-103959,DC-10,BOOKED,Carrier-A,2026-08-21T21:48:00,2026-08-21T22:14:00
SHP-103960,ORD-103960,DC-10,BOOKED,Carrier-B,2026-08-21T23:48:00,2026-08-21T22:51:00
SHP-103961,ORD-103961,DC-06,AT_DOCK,Carrier-B,2026-08-21T22:14:00,2026-08-21T22:48:00
SHP-103962,ORD-103962,DC-03,BOOKED,Carrier-D,2026-08-22T00:57:00,2026-08-21T23:56:00
SHP-103963,ORD-103963,DC-10,BOOKED,Carrier-C,2026-08-22T00:49:00,2026-08-21T23:44:00
SHP-103964,ORD-103964,DC-06,DELAYED,Carrier-B,2026-08-21T23:39:00,2026-08-21T22:39:00
SHP-103965,ORD-103965,DC-10,PLANNED,Carrier-D,2026-08-21T23:26:00,2026-08-21T22:53:00
SHP-103966,ORD-103966,DC-01,PLANNED,Carrier-B,2026-08-21T23:27:00,2026-08-21T23:09:00
SHP-103967,ORD-103967,DC-17,DEPARTED,Carrier-B,2026-08-21T23:07:00,2026-08-21T23:45:00
SHP-103968,ORD-103968,DC-10,BOOKED,Carrier-A,2026-08-22T01:32:00,2026-08-22T00:17:00
SHP-103969,ORD-103969,DC-15,DELAYED,Carrier-D,2026-08-21T23:56:00,2026-08-22T00:10:00
SHP-103970,ORD-103970,DC-03,AT_DOCK,Carrier-D,2026-08-21T23:36:00,2026-08-21T23:15:00
SHP-103971,ORD-103971,DC-02,AT_DOCK,Carrier-D,2026-08-22T01:42:00,2026-08-22T01:09:00
SHP-103972,ORD-103972,DC-06,DEPARTED,Carrier-B,2026-08-22T01:44:00,2026-08-22T00:19:00
SHP-103973,ORD-103973,DC-05,DELAYED,Carrier-D,2026-08-21T23:14:00,2026-08-21T23:53:00
SHP-103974,ORD-103974,DC-04,PLANNED,Carrier-C,2026-08-22T01:48:00,2026-08-22T00:31:00
SHP-103975,ORD-103975,DC-05,LOADED,Carrier-D,2026-08-22T00:53:00,2026-08-22T00:47:00
SHP-103976,ORD-103976,DC-12,DELAYED,Carrier-D,2026-08-22T00:44:00,2026-08-22T01:15:00
SHP-103977,ORD-103977,DC-03,BOOKED,Carrier-C,2026-08-22T00:50:00,2026-08-22T00:26:00
SHP-103978,ORD-103978,DC-06,DELAYED,Carrier-B,2026-08-22T03:30:00,2026-08-22T02:04:00
SHP-103979,ORD-103979,DC-10,PLANNED,Carrier-B,2026-08-22T01:18:00,2026-08-22T00:18:00
SHP-103980,ORD-103980,DC-14,PLANNED,Carrier-A,2026-08-22T00:45:00,2026-08-22T01:00:00
SHP-103981,ORD-103981,DC-18,LOADED,Carrier-D,2026-08-22T01:47:00,2026-08-22T01:18:00
SHP-103982,ORD-103982,DC-18,LOADED,Carrier-D,2026-08-22T00:11:00,2026-08-22T00:54:00
SHP-103983,ORD-103983,DC-13,LOADED,Carrier-C,2026-08-22T01:40:00,2026-08-22T02:24:00
SHP-103984,ORD-103984,DC-13,BOOKED,Carrier-D,2026-08-22T00:41:00,2026-08-22T01:03:00
SHP-103985,ORD-103985,DC-18,DELAYED,Carrier-C,2026-08-22T01:38:00,2026-08-22T01:24:00
SHP-103986,ORD-103986,DC-12,DEPARTED,Carrier-B,2026-08-22T01:31:00,2026-08-22T02:03:00
SHP-103987,ORD-103987,DC-16,DELAYED,Carrier-D,2026-08-22T02:21:00,2026-08-22T01:52:00
SHP-103988,ORD-103988,DC-14,BOOKED,Carrier-B,2026-08-22T02:52:00,2026-08-22T02:20:00
SHP-103989,ORD-103989,DC-17,DEPARTED,Carrier-C,2026-08-22T04:06:00,2026-08-22T02:46:00
SHP-103990,ORD-103990,DC-08,BOOKED,Carrier-C,2026-08-22T02:44:00,2026-08-22T03:21:00
SHP-103991,ORD-103991,DC-16,BOOKED,Carrier-A,2026-08-22T03:29:00,2026-08-22T02:27:00
SHP-103992,ORD-103992,DC-13,LOADED,Carrier-D,2026-08-22T04:00:00,2026-08-22T03:12:00
SHP-103993,ORD-103993,DC-01,DELAYED,Carrier-D,2026-08-22T01:31:00,2026-08-22T01:58:00
SHP-103994,ORD-103994,DC-10,BOOKED,Carrier-A,2026-08-22T03:38:00,2026-08-22T03:11:00
SHP-103995,ORD-103995,DC-11,DELAYED,Carrier-B,2026-08-22T04:56:00,2026-08-22T03:34:00
SHP-103996,ORD-103996,DC-14,PLANNED,Carrier-C,2026-08-22T02:21:00,2026-08-22T02:00:00
SHP-103997,ORD-103997,DC-17,PLANNED,Carrier-D,2026-08-22T03:38:00,2026-08-22T03:48:00
SHP-103998,ORD-103998,DC-03,DEPARTED,Carrier-B,2026-08-22T04:16:00,2026-08-22T02:47:00
SHP-103999,ORD-103999,DC-06,DELAYED,Carrier-B,2026-08-22T02:48:00,2026-08-22T02:06:00
SHP-104000,ORD-104000,DC-07,DEPARTED,Carrier-D,2026-08-22T03:36:00,2026-08-22T04:03:00
SHP-104001,ORD-104001,DC-06,DELAYED,Carrier-A,2026-08-22T03:59:00,2026-08-22T03:36:00
SHP-104002,ORD-104002,DC-18,AT_DOCK,Carrier-B,2026-08-22T03:23:00,2026-08-22T02:47:00
SHP-104003,ORD-104003,DC-01,AT_DOCK,Carrier-C,2026-08-22T02:58:00,2026-08-22T03:11:00
SHP-104004,ORD-104004,DC-07,LOADED,Carrier-B,2026-08-22T03:29:00,2026-08-22T03:05:00
SHP-104005,ORD-104005,DC-07,AT_DOCK,Carrier-A,2026-08-22T05:38:00,2026-08-22T04:30:00
SHP-104006,ORD-104006,DC-05,DELAYED,Carrier-A,2026-08-22T04:28:00,2026-08-22T03:48:00
SHP-104007,ORD-104007,DC-03,PLANNED,Carrier-A,2026-08-22T05:05:00,2026-08-22T03:56:00
SHP-104008,ORD-104008,DC-03,AT_DOCK,Carrier-B,2026-08-22T03:04:00,2026-08-22T03:35:00
SHP-104009,ORD-104009,DC-09,PLANNED,Carrier-B,2026-08-22T04:32:00,2026-08-22T03:45:00
SHP-104010,ORD-104010,DC-10,AT_DOCK,Carrier-A,2026-08-22T05:27:00,2026-08-22T04:57:00
SHP-104011,ORD-104011,DC-10,AT_DOCK,Carrier-C,2026-08-22T03:16:00,2026-08-22T03:22:00
SHP-104012,ORD-104012,DC-03,BOOKED,Carrier-B,2026-08-22T05:54:00,2026-08-22T05:16:00
SHP-104013,ORD-104013,DC-04,BOOKED,Carrier-B,2026-08-22T04:26:00,2026-08-22T04:35:00
SHP-104014,ORD-104014,DC-13,LOADED,Carrier-C,2026-08-22T05:07:00,2026-08-22T04:57:00
SHP-104015,ORD-104015,DC-09,AT_DOCK,Carrier-A,2026-08-22T06:58:00,2026-08-22T06:17:00
SHP-104016,ORD-104016,DC-05,DELAYED,Carrier-C,2026-08-22T06:15:00,2026-08-22T05:09:00
SHP-104017,ORD-104017,DC-08,AT_DOCK,Carrier-A,2026-08-22T06:55:00,2026-08-22T05:25:00
SHP-104018,ORD-104018,DC-08,DEPARTED,Carrier-D,2026-08-22T07:55:00,2026-08-22T06:38:00
SHP-104019,ORD-104019,DC-05,DELAYED,Carrier-C,2026-08-22T04:31:00,2026-08-22T05:16:00
SHP-104020,ORD-104020,DC-13,LOADED,Carrier-C,2026-08-22T05:35:00,2026-08-22T06:15:00
SHP-104021,ORD-104021,DC-03,PLANNED,Carrier-D,2026-08-22T06:12:00,2026-08-22T06:37:00
SHP-104022,ORD-104022,DC-13,AT_DOCK,Carrier-B,2026-08-22T07:55:00,2026-08-22T06:59:00
SHP-104023,ORD-104023,DC-09,DEPARTED,Carrier-B,2026-08-22T07:02:00,2026-08-22T06:41:00
SHP-104024,ORD-104024,DC-18,DEPARTED,Carrier-C,2026-08-22T06:59:00,2026-08-22T07:26:00
SHP-104025,ORD-104025,DC-09,PLANNED,Carrier-A,2026-08-22T06:31:00,2026-08-22T07:14:00
SHP-104026,ORD-104026,DC-18,DELAYED,Carrier-C,2026-08-22T05:42:00,2026-08-22T06:17:00
SHP-104027,ORD-104027,DC-03,BOOKED,Carrier-D,2026-08-22T08:23:00,2026-08-22T07:25:00
SHP-104028,ORD-104028,DC-07,AT_DOCK,Carrier-D,2026-08-22T06:46:00,2026-08-22T06:32:00
SHP-104029,ORD-104029,DC-04,BOOKED,Carrier-D,2026-08-22T08:28:00,2026-08-22T07:59:00
SHP-104030,ORD-104030,DC-03,DELAYED,Carrier-D,2026-08-22T07:58:00,2026-08-22T07:36:00
SHP-104031,ORD-104031,DC-09,DELAYED,Carrier-C,2026-08-22T07:27:00,2026-08-22T07:41:00
SHP-104032,ORD-104032,DC-05,PLANNED,Carrier-B,2026-08-22T06:16:00,2026-08-22T06:52:00
SHP-104033,ORD-104033,DC-16,LOADED,Carrier-C,2026-08-22T09:30:00,2026-08-22T08:27:00
SHP-104034,ORD-104034,DC-02,PLANNED,Carrier-A,2026-08-22T09:12:00,2026-08-22T08:41:00
SHP-104035,ORD-104035,DC-07,PLANNED,Carrier-B,2026-08-22T09:26:00,2026-08-22T08:24:00
SHP-104036,ORD-104036,DC-02,DELAYED,Carrier-C,2026-08-22T07:09:00,2026-08-22T07:51:00
SHP-104037,ORD-104037,DC-02,DELAYED,Carrier-B,2026-08-22T08:44:00,2026-08-22T08:49:00
SHP-104038,ORD-104038,DC-01,DELAYED,Carrier-B,2026-08-22T09:06:00,2026-08-22T07:43:00
SHP-104039,ORD-104039,DC-09,PLANNED,Carrier-B,2026-08-22T08:36:00,2026-08-22T08:53:00
SHP-104040,ORD-104040,DC-06,LOADED,Carrier-C,2026-08-22T09:05:00,2026-08-22T08:18:00
SHP-104041,ORD-104041,DC-08,BOOKED,Carrier-C,2026-08-22T09:04:00,2026-08-22T07:40:00
SHP-104042,ORD-104042,DC-05,BOOKED,Carrier-A,2026-08-22T07:53:00,2026-08-22T08:19:00
SHP-104043,ORD-104043,DC-14,PLANNED,Carrier-C,2026-08-22T08:39:00,2026-08-22T08:30:00
SHP-104044,ORD-104044,DC-15,DEPARTED,Carrier-D,2026-08-22T08:41:00,2026-08-22T09:13:00
SHP-104045,ORD-104045,DC-03,BOOKED,Carrier-A,2026-08-22T09:26:00,2026-08-22T08:43:00
SHP-104046,ORD-104046,DC-14,LOADED,Carrier-C,2026-08-22T09:20:00,2026-08-22T08:28:00
SHP-104047,ORD-104047,DC-17,DELAYED,Carrier-D,2026-08-22T11:13:00,2026-08-22T09:49:00
SHP-104048,ORD-104048,DC-06,LOADED,Carrier-C,2026-08-22T08:57:00,2026-08-22T08:33:00
SHP-104049,ORD-104049,DC-08,PLANNED,Carrier-D,2026-08-22T11:16:00,2026-08-22T09:51:00
SHP-104050,ORD-104050,DC-13,DEPARTED,Carrier-A,2026-08-22T08:47:00,2026-08-22T08:24:00
SHP-104051,ORD-104051,DC-12,DEPARTED,Carrier-D,2026-08-22T11:24:00,2026-08-22T10:20:00
SHP-104052,ORD-104052,DC-09,BOOKED,Carrier-A,2026-08-22T09:51:00,2026-08-22T09:21:00
SHP-104053,ORD-104053,DC-18,DELAYED,Carrier-B,2026-08-22T08:52:00,2026-08-22T09:10:00
SHP-104054,ORD-104054,DC-06,LOADED,Carrier-D,2026-08-22T09:28:00,2026-08-22T08:59:00
SHP-104055,ORD-104055,DC-01,AT_DOCK,Carrier-D,2026-08-22T08:29:00,2026-08-22T09:09:00
SHP-104056,ORD-104056,DC-10,LOADED,Carrier-A,2026-08-22T12:00:00,2026-08-22T10:32:00
SHP-104057,ORD-104057,DC-18,DEPARTED,Carrier-D,2026-08-22T11:18:00,2026-08-22T10:53:00
SHP-104058,ORD-104058,DC-10,LOADED,Carrier-C,2026-08-22T10:07:00,2026-08-22T09:16:00
SHP-104059,ORD-104059,DC-08,DEPARTED,Carrier-A,2026-08-22T10:43:00,2026-08-22T10:04:00
SHP-104060,ORD-104060,DC-02,DEPARTED,Carrier-B,2026-08-22T11:29:00,2026-08-22T10:41:00
SHP-104061,ORD-104061,DC-05,DELAYED,Carrier-C,2026-08-22T10:04:00,2026-08-22T09:54:00
SHP-104062,ORD-104062,DC-13,LOADED,Carrier-B,2026-08-22T12:21:00,2026-08-22T11:02:00
SHP-104063,ORD-104063,DC-01,AT_DOCK,Carrier-C,2026-08-22T10:04:00,2026-08-22T10:10:00
SHP-104064,ORD-104064,DC-05,AT_DOCK,Carrier-A,2026-08-22T11:30:00,2026-08-22T10:47:00
SHP-104065,ORD-104065,DC-08,DEPARTED,Carrier-A,2026-08-22T10:36:00,2026-08-22T10:53:00
SHP-104066,ORD-104066,DC-16,LOADED,Carrier-C,2026-08-22T10:50:00,2026-08-22T10:28:00
SHP-104067,ORD-104067,DC-07,DEPARTED,Carrier-B,2026-08-22T10:33:00,2026-08-22T10:48:00
SHP-104068,ORD-104068,DC-02,DEPARTED,Carrier-B,2026-08-22T09:59:00,2026-08-22T10:32:00
SHP-104069,ORD-104069,DC-09,AT_DOCK,Carrier-B,2026-08-22T10:33:00,2026-08-22T11:05:00
SHP-104070,ORD-104070,DC-18,DEPARTED,Carrier-D,2026-08-22T13:06:00,2026-08-22T11:58:00
SHP-104071,ORD-104071,DC-17,BOOKED,Carrier-A,2026-08-22T11:44:00,2026-08-22T10:17:00
SHP-104072,ORD-104072,DC-09,DEPARTED,Carrier-C,2026-08-22T11:52:00,2026-08-22T10:50:00
SHP-104073,ORD-104073,DC-15,AT_DOCK,Carrier-B,2026-08-22T12:38:00,2026-08-22T11:56:00
SHP-104074,ORD-104074,DC-15,LOADED,Carrier-D,2026-08-22T11:06:00,2026-08-22T11:49:00
SHP-104075,ORD-104075,DC-09,AT_DOCK,Carrier-C,2026-08-22T11:12:00,2026-08-22T11:26:00
SHP-104076,ORD-104076,DC-06,DELAYED,Carrier-D,2026-08-22T10:43:00,2026-08-22T11:19:00
SHP-104077,ORD-104077,DC-14,DEPARTED,Carrier-D,2026-08-22T13:20:00,2026-08-22T13:14:00
SHP-104078,ORD-104078,DC-05,DEPARTED,Carrier-C,2026-08-22T13:01:00,2026-08-22T13:07:00
SHP-104079,ORD-104079,DC-01,PLANNED,Carrier-C,2026-08-22T12:31:00,2026-08-22T11:52:00
SHP-104080,ORD-104080,DC-13,LOADED,Carrier-B,2026-08-22T12:20:00,2026-08-22T12:15:00
SHP-104081,ORD-104081,DC-04,LOADED,Carrier-A,2026-08-22T13:05:00,2026-08-22T13:10:00
SHP-104082,ORD-104082,DC-13,DEPARTED,Carrier-A,2026-08-22T14:27:00,2026-08-22T13:23:00
SHP-104083,ORD-104083,DC-15,AT_DOCK,Carrier-B,2026-08-22T13:47:00,2026-08-22T12:40:00
SHP-104084,ORD-104084,DC-01,AT_DOCK,Carrier-D,2026-08-22T13:52:00,2026-08-22T13:03:00
SHP-104085,ORD-104085,DC-13,BOOKED,Carrier-C,2026-08-22T14:35:00,2026-08-22T13:34:00
SHP-104086,ORD-104086,DC-10,LOADED,Carrier-C,2026-08-22T14:30:00,2026-08-22T13:49:00
SHP-104087,ORD-104087,DC-07,BOOKED,Carrier-C,2026-08-22T14:16:00,2026-08-22T14:05:00
SHP-104088,ORD-104088,DC-15,AT_DOCK,Carrier-D,2026-08-22T14:47:00,2026-08-22T14:58:00
SHP-104089,ORD-104089,DC-18,BOOKED,Carrier-C,2026-08-22T14:27:00,2026-08-22T14:36:00
SHP-104090,ORD-104090,DC-10,DEPARTED,Carrier-D,2026-08-22T13:14:00,2026-08-22T13:25:00
SHP-104091,ORD-104091,DC-04,LOADED,Carrier-A,2026-08-22T13:42:00,2026-08-22T13:32:00
SHP-104092,ORD-104092,DC-17,PLANNED,Carrier-A,2026-08-22T14:01:00,2026-08-22T14:08:00
SHP-104093,ORD-104093,DC-11,BOOKED,Carrier-D,2026-08-22T14:44:00,2026-08-22T15:00:00
SHP-104094,ORD-104094,DC-12,PLANNED,Carrier-C,2026-08-22T14:22:00,2026-08-22T14:08:00
SHP-104095,ORD-104095,DC-17,AT_DOCK,Carrier-A,2026-08-22T15:34:00,2026-08-22T14:58:00
SHP-104096,ORD-104096,DC-14,BOOKED,Carrier-A,2026-08-22T14:31:00,2026-08-22T14:21:00
SHP-104097,ORD-104097,DC-10,DELAYED,Carrier-C,2026-08-22T14:35:00,2026-08-22T14:29:00
SHP-104098,ORD-104098,DC-16,DEPARTED,Carrier-A,2026-08-22T16:31:00,2026-08-22T15:48:00
SHP-104099,ORD-104099,DC-05,BOOKED,Carrier-C,2026-08-22T16:07:00,2026-08-22T15:14:00
SHP-104100,ORD-104100,DC-10,DELAYED,Carrier-D,2026-08-22T16:39:00,2026-08-22T16:08:00
SHP-104101,ORD-104101,DC-15,PLANNED,Carrier-A,2026-08-22T15:58:00,2026-08-22T14:58:00
SHP-104102,ORD-104102,DC-14,DELAYED,Carrier-C,2026-08-22T16:17:00,2026-08-22T15:59:00
SHP-104103,ORD-104103,DC-06,AT_DOCK,Carrier-A,2026-08-22T14:30:00,2026-08-22T15:05:00
SHP-104104,ORD-104104,DC-07,BOOKED,Carrier-B,2026-08-22T15:17:00,2026-08-22T15:22:00
SHP-104105,ORD-104105,DC-05,BOOKED,Carrier-D,2026-08-22T15:54:00,2026-08-22T14:59:00
SHP-104106,ORD-104106,DC-09,DELAYED,Carrier-A,2026-08-22T15:54:00,2026-08-22T15:25:00
SHP-104107,ORD-104107,DC-02,DELAYED,Carrier-A,2026-08-22T17:38:00,2026-08-22T16:41:00
SHP-104108,ORD-104108,DC-10,PLANNED,Carrier-A,2026-08-22T15:14:00,2026-08-22T14:59:00
SHP-104109,ORD-104109,DC-08,DEPARTED,Carrier-A,2026-08-22T16:53:00,2026-08-22T16:14:00
SHP-104110,ORD-104110,DC-06,LOADED,Carrier-B,2026-08-22T16:08:00,2026-08-22T16:45:00
SHP-104111,ORD-104111,DC-06,AT_DOCK,Carrier-D,2026-08-22T17:23:00,2026-08-22T16:21:00
SHP-104112,ORD-104112,DC-11,PLANNED,Carrier-D,2026-08-22T16:23:00,2026-08-22T16:35:00
SHP-104113,ORD-104113,DC-16,DEPARTED,Carrier-D,2026-08-22T15:52:00,2026-08-22T16:30:00
SHP-104114,ORD-104114,DC-16,PLANNED,Carrier-C,2026-08-22T18:36:00,2026-08-22T17:15:00
SHP-104115,ORD-104115,DC-15,AT_DOCK,Carrier-C,2026-08-22T17:33:00,2026-08-22T17:20:00
SHP-104116,ORD-104116,DC-17,DEPARTED,Carrier-B,2026-08-22T16:55:00,2026-08-22T16:23:00
SHP-104117,ORD-104117,DC-12,DEPARTED,Carrier-C,2026-08-22T18:04:00,2026-08-22T17:05:00
SHP-104118,ORD-104118,DC-03,AT_DOCK,Carrier-D,2026-08-22T17:00:00,2026-08-22T16:10:00
SHP-104119,ORD-104119,DC-07,BOOKED,Carrier-D,2026-08-22T17:06:00,2026-08-22T17:47:00
SHP-104120,ORD-104120,DC-04,BOOKED,Carrier-B,2026-08-22T16:47:00,2026-08-22T16:52:00
SHP-104121,ORD-104121,DC-05,DELAYED,Carrier-B,2026-08-22T17:42:00,2026-08-22T17:55:00
SHP-104122,ORD-104122,DC-11,DEPARTED,Carrier-D,2026-08-22T18:47:00,2026-08-22T18:33:00
SHP-104123,ORD-104123,DC-04,DEPARTED,Carrier-D,2026-08-22T19:08:00,2026-08-22T18:41:00
SHP-104124,ORD-104124,DC-08,PLANNED,Carrier-C,2026-08-22T19:41:00,2026-08-22T19:16:00
SHP-104125,ORD-104125,DC-01,DEPARTED,Carrier-C,2026-08-22T19:19:00,2026-08-22T18:30:00
SHP-104126,ORD-104126,DC-09,DELAYED,Carrier-D,2026-08-22T19:04:00,2026-08-22T18:57:00
SHP-104127,ORD-104127,DC-09,DELAYED,Carrier-B,2026-08-22T17:50:00,2026-08-22T18:05:00
SHP-104128,ORD-104128,DC-12,DEPARTED,Carrier-D,2026-08-22T18:56:00,2026-08-22T18:09:00
SHP-104129,ORD-104129,DC-05,DELAYED,Carrier-A,2026-08-22T17:44:00,2026-08-22T18:24:00
SHP-104130,ORD-104130,DC-10,AT_DOCK,Carrier-D,2026-08-22T18:50:00,2026-08-22T19:27:00
SHP-104131,ORD-104131,DC-05,DELAYED,Carrier-D,2026-08-22T19:51:00,2026-08-22T18:45:00
SHP-104132,ORD-104132,DC-13,LOADED,Carrier-A,2026-08-22T18:18:00,2026-08-22T18:40:00
SHP-104133,ORD-104133,DC-09,DEPARTED,Carrier-C,2026-08-22T20:09:00,2026-08-22T20:01:00
SHP-104134,ORD-104134,DC-15,AT_DOCK,Carrier-D,2026-08-22T20:51:00,2026-08-22T19:45:00
SHP-104135,ORD-104135,DC-15,AT_DOCK,Carrier-B,2026-08-22T19:00:00,2026-08-22T19:20:00
SHP-104136,ORD-104136,DC-10,PLANNED,Carrier-A,2026-08-22T20:35:00,2026-08-22T19:07:00
SHP-104137,ORD-104137,DC-04,DEPARTED,Carrier-A,2026-08-22T18:47:00,2026-08-22T19:00:00
SHP-104138,ORD-104138,DC-17,DEPARTED,Carrier-C,2026-08-22T20:16:00,2026-08-22T20:22:00
SHP-104139,ORD-104139,DC-09,BOOKED,Carrier-B,2026-08-22T18:16:00,2026-08-22T18:57:00
SHP-104140,ORD-104140,DC-06,DEPARTED,Carrier-C,2026-08-22T20:23:00,2026-08-22T20:47:00
SHP-104141,ORD-104141,DC-17,DEPARTED,Carrier-C,2026-08-22T21:09:00,2026-08-22T20:57:00
SHP-104142,ORD-104142,DC-07,BOOKED,Carrier-D,2026-08-22T19:51:00,2026-08-22T19:40:00
SHP-104143,ORD-104143,DC-16,PLANNED,Carrier-D,2026-08-22T21:49:00,2026-08-22T21:08:00
SHP-104144,ORD-104144,DC-18,AT_DOCK,Carrier-C,2026-08-22T20:47:00,2026-08-22T19:48:00
SHP-104145,ORD-104145,DC-12,PLANNED,Carrier-C,2026-08-22T22:47:00,2026-08-22T21:36:00
SHP-104146,ORD-104146,DC-09,DELAYED,Carrier-B,2026-08-22T21:18:00,2026-08-22T21:35:00
SHP-104147,ORD-104147,DC-16,BOOKED,Carrier-C,2026-08-22T21:46:00,2026-08-22T20:33:00
SHP-104148,ORD-104148,DC-03,LOADED,Carrier-C,2026-08-22T20:58:00,2026-08-22T21:11:00
SHP-104149,ORD-104149,DC-04,BOOKED,Carrier-D,2026-08-22T20:15:00,2026-08-22T20:24:00
SHP-104150,ORD-104150,DC-01,BOOKED,Carrier-B,2026-08-22T22:24:00,2026-08-22T21:22:00
SHP-104151,ORD-104151,DC-16,PLANNED,Carrier-C,2026-08-22T22:27:00,2026-08-22T21:20:00
SHP-104152,ORD-104152,DC-10,PLANNED,Carrier-B,2026-08-22T22:38:00,2026-08-22T22:07:00
SHP-104153,ORD-104153,DC-04,PLANNED,Carrier-A,2026-08-22T23:36:00,2026-08-22T22:16:00
SHP-104154,ORD-104154,DC-17,AT_DOCK,Carrier-D,2026-08-22T22:19:00,2026-08-22T21:07:00
SHP-104155,ORD-104155,DC-05,PLANNED,Carrier-A,2026-08-22T22:42:00,2026-08-22T22:10:00
SHP-104156,ORD-104156,DC-10,DELAYED,Carrier-A,2026-08-22T21:31:00,2026-08-22T21:59:00
SHP-104157,ORD-104157,DC-06,PLANNED,Carrier-C,2026-08-22T22:42:00,2026-08-22T21:48:00
SHP-104158,ORD-104158,DC-08,AT_DOCK,Carrier-A,2026-08-22T23:08:00,2026-08-22T23:25:00
SHP-104159,ORD-104159,DC-02,DELAYED,Carrier-A,2026-08-22T21:29:00,2026-08-22T22:00:00
SHP-104160,ORD-104160,DC-06,PLANNED,Carrier-D,2026-08-22T22:01:00,2026-08-22T21:45:00
SHP-104161,ORD-104161,DC-11,PLANNED,Carrier-B,2026-08-22T23:17:00,2026-08-22T22:18:00
SHP-104162,ORD-104162,DC-16,DEPARTED,Carrier-B,2026-08-22T22:08:00,2026-08-22T22:16:00
SHP-104163,ORD-104163,DC-06,DEPARTED,Carrier-A,2026-08-22T23:00:00,2026-08-22T23:14:00
SHP-104164,ORD-104164,DC-03,LOADED,Carrier-A,2026-08-22T23:52:00,2026-08-22T22:54:00
SHP-104165,ORD-104165,DC-15,DEPARTED,Carrier-A,2026-08-22T23:49:00,2026-08-22T23:23:00
SHP-104166,ORD-104166,DC-03,BOOKED,Carrier-D,2026-08-22T23:59:00,2026-08-22T23:54:00
SHP-104167,ORD-104167,DC-13,LOADED,Carrier-D,2026-08-22T23:19:00,2026-08-22T22:27:00
SHP-104168,ORD-104168,DC-16,LOADED,Carrier-C,2026-08-23T00:17:00,2026-08-22T23:30:00
SHP-104169,ORD-104169,DC-17,LOADED,Carrier-D,2026-08-22T23:16:00,2026-08-22T22:52:00
SHP-104170,ORD-104170,DC-16,DEPARTED,Carrier-A,2026-08-22T22:47:00,2026-08-22T23:01:00
SHP-104171,ORD-104171,DC-07,LOADED,Carrier-B,2026-08-23T00:26:00,2026-08-22T23:12:00
SHP-104172,ORD-104172,DC-02,DELAYED,Carrier-D,2026-08-23T00:02:00,2026-08-22T23:09:00
SHP-104173,ORD-104173,DC-14,DELAYED,Carrier-B,2026-08-23T01:10:00,2026-08-22T23:50:00
SHP-104174,ORD-104174,DC-06,BOOKED,Carrier-D,2026-08-22T23:11:00,2026-08-22T23:32:00
SHP-104175,ORD-104175,DC-08,DEPARTED,Carrier-B,2026-08-23T01:04:00,2026-08-23T00:07:00
SHP-104176,ORD-104176,DC-02,DEPARTED,Carrier-C,2026-08-23T00:22:00,2026-08-23T01:06:00
SHP-104177,ORD-104177,DC-06,DELAYED,Carrier-C,2026-08-23T01:12:00,2026-08-22T23:46:00
SHP-104178,ORD-104178,DC-18,DELAYED,Carrier-D,2026-08-23T00:57:00,2026-08-23T00:43:00
SHP-104179,ORD-104179,DC-17,DELAYED,Carrier-D,2026-08-23T01:31:00,2026-08-23T01:03:00
SHP-104180,ORD-104180,DC-17,PLANNED,Carrier-D,2026-08-22T23:05:00,2026-08-22T23:40:00
SHP-104181,ORD-104181,DC-03,AT_DOCK,Carrier-C,2026-08-23T01:30:00,2026-08-23T01:14:00
SHP-104182,ORD-104182,DC-09,AT_DOCK,Carrier-C,2026-08-23T00:16:00,2026-08-23T00:08:00
SHP-104183,ORD-104183,DC-09,DEPARTED,Carrier-A,2026-08-23T01:34:00,2026-08-23T01:44:00
SHP-104184,ORD-104184,DC-17,DELAYED,Carrier-A,2026-08-23T00:53:00,2026-08-23T01:25:00
SHP-104185,ORD-104185,DC-07,PLANNED,Carrier-D,2026-08-23T01:48:00,2026-08-23T01:18:00
SHP-104186,ORD-104186,DC-15,AT_DOCK,Carrier-A,2026-08-23T01:05:00,2026-08-23T01:14:00
SHP-104187,ORD-104187,DC-07,DEPARTED,Carrier-D,2026-08-23T02:28:00,2026-08-23T01:22:00
SHP-104188,ORD-104188,DC-06,LOADED,Carrier-A,2026-08-23T02:02:00,2026-08-23T00:38:00
SHP-104189,ORD-104189,DC-04,DELAYED,Carrier-B,2026-08-23T01:50:00,2026-08-23T01:41:00
SHP-104190,ORD-104190,DC-04,AT_DOCK,Carrier-C,2026-08-23T02:43:00,2026-08-23T02:13:00
SHP-104191,ORD-104191,DC-01,DEPARTED,Carrier-C,2026-08-23T02:48:00,2026-08-23T01:21:00
SHP-104192,ORD-104192,DC-08,PLANNED,Carrier-D,2026-08-23T02:30:00,2026-08-23T02:20:00
SHP-104193,ORD-104193,DC-11,DELAYED,Carrier-B,2026-08-23T03:14:00,2026-08-23T02:46:00
SHP-104194,ORD-104194,DC-04,DEPARTED,Carrier-C,2026-08-23T04:13:00,2026-08-23T03:16:00
SHP-104195,ORD-104195,DC-15,DEPARTED,Carrier-A,2026-08-23T03:47:00,2026-08-23T03:36:00
SHP-104196,ORD-104196,DC-13,PLANNED,Carrier-B,2026-08-23T02:27:00,2026-08-23T02:13:00
SHP-104197,ORD-104197,DC-10,DEPARTED,Carrier-D,2026-08-23T03:55:00,2026-08-23T03:12:00
SHP-104198,ORD-104198,DC-05,LOADED,Carrier-A,2026-08-23T05:09:00,2026-08-23T03:39:00
SHP-104199,ORD-104199,DC-14,DEPARTED,Carrier-D,2026-08-23T02:27:00,2026-08-23T03:04:00
SHP-104200,ORD-104200,DC-15,BOOKED,Carrier-A,2026-08-23T04:19:00,2026-08-23T03:47:00
SHP-104201,ORD-104201,DC-08,LOADED,Carrier-B,2026-08-23T03:27:00,2026-08-23T02:41:00
SHP-104202,ORD-104202,DC-13,AT_DOCK,Carrier-A,2026-08-23T05:25:00,2026-08-23T04:19:00
SHP-104203,ORD-104203,DC-07,PLANNED,Carrier-D,2026-08-23T04:06:00,2026-08-23T04:27:00
SHP-104204,ORD-104204,DC-02,PLANNED,Carrier-A,2026-08-23T04:16:00,2026-08-23T03:50:00
SHP-104205,ORD-104205,DC-16,DEPARTED,Carrier-C,2026-08-23T04:54:00,2026-08-23T03:53:00
SHP-104206,ORD-104206,DC-11,PLANNED,Carrier-D,2026-08-23T04:41:00,2026-08-23T04:26:00
SHP-104207,ORD-104207,DC-15,DEPARTED,Carrier-B,2026-08-23T03:51:00,2026-08-23T04:27:00
SHP-104208,ORD-104208,DC-06,LOADED,Carrier-B,2026-08-23T04:03:00,2026-08-23T03:28:00
SHP-104209,ORD-104209,DC-16,AT_DOCK,Carrier-D,2026-08-23T04:26:00,2026-08-23T04:18:00
SHP-104210,ORD-104210,DC-10,LOADED,Carrier-A,2026-08-23T04:05:00,2026-08-23T03:39:00
SHP-104211,ORD-104211,DC-16,LOADED,Carrier-B,2026-08-23T05:37:00,2026-08-23T04:29:00
SHP-104212,ORD-104212,DC-15,AT_DOCK,Carrier-A,2026-08-23T05:45:00,2026-08-23T04:24:00
SHP-104213,ORD-104213,DC-06,DELAYED,Carrier-A,2026-08-23T04:47:00,2026-08-23T05:12:00
SHP-104214,ORD-104214,DC-13,PLANNED,Carrier-B,2026-08-23T05:41:00,2026-08-23T04:14:00
SHP-104215,ORD-104215,DC-15,PLANNED,Carrier-A,2026-08-23T03:37:00,2026-08-23T04:20:00
SHP-104216,ORD-104216,DC-18,BOOKED,Carrier-D,2026-08-23T05:32:00,2026-08-23T04:04:00
SHP-104217,ORD-104217,DC-10,PLANNED,Carrier-D,2026-08-23T06:49:00,2026-08-23T05:44:00
SHP-104218,ORD-104218,DC-11,DELAYED,Carrier-D,2026-08-23T06:08:00,2026-08-23T05:58:00
SHP-104219,ORD-104219,DC-09,PLANNED,Carrier-B,2026-08-23T07:00:00,2026-08-23T05:37:00
SHP-104220,ORD-104220,DC-05,DELAYED,Carrier-B,2026-08-23T04:42:00,2026-08-23T05:00:00
SHP-104221,ORD-104221,DC-17,AT_DOCK,Carrier-B,2026-08-23T05:39:00,2026-08-23T05:29:00
SHP-104222,ORD-104222,DC-15,PLANNED,Carrier-B,2026-08-23T06:23:00,2026-08-23T05:13:00
SHP-104223,ORD-104223,DC-08,DELAYED,Carrier-D,2026-08-23T05:46:00,2026-08-23T05:51:00
SHP-104224,ORD-104224,DC-18,DELAYED,Carrier-D,2026-08-23T06:28:00,2026-08-23T06:09:00
SHP-104225,ORD-104225,DC-06,AT_DOCK,Carrier-D,2026-08-23T04:16:00,2026-08-23T04:38:00
SHP-104226,ORD-104226,DC-04,BOOKED,Carrier-D,2026-08-23T05:47:00,2026-08-23T05:03:00
SHP-104227,ORD-104227,DC-03,PLANNED,Carrier-C,2026-08-23T07:10:00,2026-08-23T06:25:00
SHP-104228,ORD-104228,DC-09,LOADED,Carrier-C,2026-08-23T05:48:00,2026-08-23T05:37:00
SHP-104229,ORD-104229,DC-14,PLANNED,Carrier-A,2026-08-23T06:11:00,2026-08-23T05:45:00
SHP-104230,ORD-104230,DC-13,LOADED,Carrier-A,2026-08-23T07:28:00,2026-08-23T06:12:00
SHP-104231,ORD-104231,DC-04,DELAYED,Carrier-A,2026-08-23T05:41:00,2026-08-23T06:12:00
SHP-104232,ORD-104232,DC-06,LOADED,Carrier-A,2026-08-23T05:23:00,2026-08-23T05:38:00
SHP-104233,ORD-104233,DC-03,DEPARTED,Carrier-A,2026-08-23T06:50:00,2026-08-23T06:16:00
SHP-104234,ORD-104234,DC-12,LOADED,Carrier-B,2026-08-23T05:15:00,2026-08-23T05:33:00
SHP-104235,ORD-104235,DC-10,BOOKED,Carrier-C,2026-08-23T07:29:00,2026-08-23T06:32:00
SHP-104236,ORD-104236,DC-17,AT_DOCK,Carrier-B,2026-08-23T05:34:00,2026-08-23T06:05:00
SHP-104237,ORD-104237,DC-10,LOADED,Carrier-A,2026-08-23T06:10:00,2026-08-23T05:41:00
SHP-104238,ORD-104238,DC-01,DEPARTED,Carrier-D,2026-08-23T05:07:00,2026-08-23T05:32:00
SHP-104239,ORD-104239,DC-04,AT_DOCK,Carrier-D,2026-08-23T06:54:00,2026-08-23T05:38:00
SHP-104240,ORD-104240,DC-17,AT_DOCK,Carrier-C,2026-08-23T06:49:00,2026-08-23T07:12:00
SHP-104241,ORD-104241,DC-09,AT_DOCK,Carrier-C,2026-08-23T06:32:00,2026-08-23T07:00:00
SHP-104242,ORD-104242,DC-03,BOOKED,Carrier-C,2026-08-23T08:22:00,2026-08-23T06:53:00
SHP-104243,ORD-104243,DC-01,BOOKED,Carrier-D,2026-08-23T07:53:00,2026-08-23T07:00:00
SHP-104244,ORD-104244,DC-14,LOADED,Carrier-B,2026-08-23T05:50:00,2026-08-23T06:23:00
SHP-104245,ORD-104245,DC-03,AT_DOCK,Carrier-A,2026-08-23T09:19:00,2026-08-23T07:56:00
SHP-104246,ORD-104246,DC-12,DELAYED,Carrier-B,2026-08-23T08:25:00,2026-08-23T07:54:00
SHP-104247,ORD-104247,DC-05,AT_DOCK,Carrier-A,2026-08-23T07:59:00,2026-08-23T07:53:00
SHP-104248,ORD-104248,DC-16,PLANNED,Carrier-D,2026-08-23T06:49:00,2026-08-23T07:17:00
SHP-104249,ORD-104249,DC-15,DEPARTED,Carrier-B,2026-08-23T07:29:00,2026-08-23T07:14:00
SHP-104250,ORD-104250,DC-02,BOOKED,Carrier-A,2026-08-23T09:45:00,2026-08-23T08:55:00
SHP-104251,ORD-104251,DC-03,AT_DOCK,Carrier-A,2026-08-23T06:29:00,2026-08-23T07:13:00
SHP-104252,ORD-104252,DC-16,DEPARTED,Carrier-A,2026-08-23T09:16:00,2026-08-23T08:30:00
SHP-104253,ORD-104253,DC-17,PLANNED,Carrier-A,2026-08-23T08:37:00,2026-08-23T08:01:00
SHP-104254,ORD-104254,DC-11,BOOKED,Carrier-A,2026-08-23T08:44:00,2026-08-23T08:08:00
SHP-104255,ORD-104255,DC-07,DEPARTED,Carrier-A,2026-08-23T07:59:00,2026-08-23T08:15:00
SHP-104256,ORD-104256,DC-09,DEPARTED,Carrier-A,2026-08-23T08:44:00,2026-08-23T08:18:00
SHP-104257,ORD-104257,DC-02,BOOKED,Carrier-A,2026-08-23T07:38:00,2026-08-23T08:14:00
SHP-104258,ORD-104258,DC-14,AT_DOCK,Carrier-C,2026-08-23T08:04:00,2026-08-23T08:31:00
SHP-104259,ORD-104259,DC-17,DEPARTED,Carrier-D,2026-08-23T09:46:00,2026-08-23T09:21:00
SHP-104260,ORD-104260,DC-03,AT_DOCK,Carrier-A,2026-08-23T09:36:00,2026-08-23T10:18:00
SHP-104261,ORD-104261,DC-16,DEPARTED,Carrier-B,2026-08-23T10:33:00,2026-08-23T09:55:00
SHP-104262,ORD-104262,DC-08,DEPARTED,Carrier-C,2026-08-23T09:28:00,2026-08-23T10:01:00
SHP-104263,ORD-104263,DC-03,DEPARTED,Carrier-B,2026-08-23T10:28:00,2026-08-23T09:19:00
SHP-104264,ORD-104264,DC-03,DELAYED,Carrier-D,2026-08-23T10:29:00,2026-08-23T10:45:00
SHP-104265,ORD-104265,DC-09,AT_DOCK,Carrier-B,2026-08-23T10:44:00,2026-08-23T09:33:00
SHP-104266,ORD-104266,DC-14,LOADED,Carrier-B,2026-08-23T10:31:00,2026-08-23T09:44:00
SHP-104267,ORD-104267,DC-09,DEPARTED,Carrier-B,2026-08-23T09:24:00,2026-08-23T09:49:00
SHP-104268,ORD-104268,DC-16,PLANNED,Carrier-B,2026-08-23T10:46:00,2026-08-23T10:29:00
SHP-104269,ORD-104269,DC-18,BOOKED,Carrier-C,2026-08-23T11:00:00,2026-08-23T11:38:00
SHP-104270,ORD-104270,DC-12,LOADED,Carrier-C,2026-08-23T11:20:00,2026-08-23T10:53:00
SHP-104271,ORD-104271,DC-09,PLANNED,Carrier-B,2026-08-23T12:41:00,2026-08-23T11:27:00
SHP-104272,ORD-104272,DC-02,PLANNED,Carrier-D,2026-08-23T11:07:00,2026-08-23T11:34:00
SHP-104273,ORD-104273,DC-07,DELAYED,Carrier-B,2026-08-23T11:22:00,2026-08-23T10:37:00
SHP-104274,ORD-104274,DC-11,BOOKED,Carrier-C,2026-08-23T11:25:00,2026-08-23T11:39:00
SHP-104275,ORD-104275,DC-15,DEPARTED,Carrier-A,2026-08-23T13:08:00,2026-08-23T12:31:00
SHP-104276,ORD-104276,DC-06,DEPARTED,Carrier-C,2026-08-23T11:45:00,2026-08-23T11:16:00
SHP-104277,ORD-104277,DC-03,PLANNED,Carrier-A,2026-08-23T12:09:00,2026-08-23T12:34:00
SHP-104278,ORD-104278,DC-17,LOADED,Carrier-D,2026-08-23T12:57:00,2026-08-23T12:36:00
SHP-104279,ORD-104279,DC-07,BOOKED,Carrier-C,2026-08-23T12:09:00,2026-08-23T11:14:00
SHP-104280,ORD-104280,DC-03,DEPARTED,Carrier-A,2026-08-23T11:32:00,2026-08-23T12:16:00
SHP-104281,ORD-104281,DC-07,PLANNED,Carrier-D,2026-08-23T12:35:00,2026-08-23T11:36:00
SHP-104282,ORD-104282,DC-04,PLANNED,Carrier-A,2026-08-23T13:20:00,2026-08-23T11:50:00
SHP-104283,ORD-104283,DC-13,PLANNED,Carrier-D,2026-08-23T11:49:00,2026-08-23T12:28:00
SHP-104284,ORD-104284,DC-10,DELAYED,Carrier-A,2026-08-23T12:14:00,2026-08-23T12:23:00
SHP-104285,ORD-104285,DC-06,DEPARTED,Carrier-D,2026-08-23T13:01:00,2026-08-23T11:49:00
SHP-104286,ORD-104286,DC-15,DELAYED,Carrier-D,2026-08-23T12:57:00,2026-08-23T11:54:00
SHP-104287,ORD-104287,DC-08,DELAYED,Carrier-C,2026-08-23T12:48:00,2026-08-23T13:11:00
SHP-104288,ORD-104288,DC-06,AT_DOCK,Carrier-C,2026-08-23T13:19:00,2026-08-23T13:02:00
SHP-104289,ORD-104289,DC-17,DEPARTED,Carrier-A,2026-08-23T14:39:00,2026-08-23T13:33:00
SHP-104290,ORD-104290,DC-18,PLANNED,Carrier-B,2026-08-23T13:15:00,2026-08-23T13:42:00
SHP-104291,ORD-104291,DC-06,AT_DOCK,Carrier-A,2026-08-23T13:57:00,2026-08-23T12:37:00
SHP-104292,ORD-104292,DC-16,LOADED,Carrier-A,2026-08-23T13:44:00,2026-08-23T13:37:00
SHP-104293,ORD-104293,DC-06,DEPARTED,Carrier-A,2026-08-23T12:19:00,2026-08-23T12:47:00
SHP-104294,ORD-104294,DC-12,BOOKED,Carrier-C,2026-08-23T13:06:00,2026-08-23T13:36:00
SHP-104295,ORD-104295,DC-03,PLANNED,Carrier-C,2026-08-23T13:36:00,2026-08-23T13:42:00
SHP-104296,ORD-104296,DC-05,AT_DOCK,Carrier-A,2026-08-23T14:00:00,2026-08-23T13:43:00
SHP-104297,ORD-104297,DC-07,LOADED,Carrier-A,2026-08-23T15:50:00,2026-08-23T14:35:00
SHP-104298,ORD-104298,DC-07,DELAYED,Carrier-A,2026-08-23T14:32:00,2026-08-23T14:45:00
SHP-104299,ORD-104299,DC-14,LOADED,Carrier-B,2026-08-23T15:00:00,2026-08-23T13:35:00
SHP-104300,ORD-104300,DC-15,AT_DOCK,Carrier-B,2026-08-23T14:42:00,2026-08-23T15:00:00
SHP-104301,ORD-104301,DC-16,LOADED,Carrier-A,2026-08-23T14:53:00,2026-08-23T13:47:00
SHP-104302,ORD-104302,DC-12,AT_DOCK,Carrier-B,2026-08-23T15:06:00,2026-08-23T15:12:00
SHP-104303,ORD-104303,DC-01,LOADED,Carrier-D,2026-08-23T16:11:00,2026-08-23T14:52:00
SHP-104304,ORD-104304,DC-15,PLANNED,Carrier-C,2026-08-23T15:47:00,2026-08-23T15:29:00
SHP-104305,ORD-104305,DC-18,AT_DOCK,Carrier-B,2026-08-23T16:49:00,2026-08-23T15:52:00
SHP-104306,ORD-104306,DC-16,DELAYED,Carrier-D,2026-08-23T14:54:00,2026-08-23T15:19:00
SHP-104307,ORD-104307,DC-11,PLANNED,Carrier-C,2026-08-23T15:26:00,2026-08-23T14:10:00
SHP-104308,ORD-104308,DC-15,BOOKED,Carrier-C,2026-08-23T13:50:00,2026-08-23T14:33:00
SHP-104309,ORD-104309,DC-18,BOOKED,Carrier-D,2026-08-23T16:09:00,2026-08-23T15:59:00
SHP-104310,ORD-104310,DC-01,DEPARTED,Carrier-D,2026-08-23T16:55:00,2026-08-23T15:28:00
SHP-104311,ORD-104311,DC-05,DEPARTED,Carrier-C,2026-08-23T15:27:00,2026-08-23T15:59:00
SHP-104312,ORD-104312,DC-12,PLANNED,Carrier-A,2026-08-23T16:05:00,2026-08-23T15:49:00
SHP-104313,ORD-104313,DC-07,BOOKED,Carrier-A,2026-08-23T17:35:00,2026-08-23T16:27:00
SHP-104314,ORD-104314,DC-08,PLANNED,Carrier-D,2026-08-23T19:12:00,2026-08-23T17:46:00
SHP-104315,ORD-104315,DC-02,BOOKED,Carrier-C,2026-08-23T15:56:00,2026-08-23T16:14:00
SHP-104316,ORD-104316,DC-07,AT_DOCK,Carrier-C,2026-08-23T16:30:00,2026-08-23T16:43:00
SHP-104317,ORD-104317,DC-04,PLANNED,Carrier-C,2026-08-23T16:56:00,2026-08-23T16:43:00
SHP-104318,ORD-104318,DC-10,BOOKED,Carrier-B,2026-08-23T17:53:00,2026-08-23T17:43:00
SHP-104319,ORD-104319,DC-03,PLANNED,Carrier-A,2026-08-23T18:03:00,2026-08-23T17:58:00
SHP-104320,ORD-104320,DC-11,LOADED,Carrier-B,2026-08-23T16:23:00,2026-08-23T16:32:00
SHP-104321,ORD-104321,DC-06,DELAYED,Carrier-C,2026-08-23T17:47:00,2026-08-23T16:48:00
SHP-104322,ORD-104322,DC-12,PLANNED,Carrier-A,2026-08-23T16:49:00,2026-08-23T17:22:00
SHP-104323,ORD-104323,DC-09,AT_DOCK,Carrier-A,2026-08-23T17:25:00,2026-08-23T16:51:00
SHP-104324,ORD-104324,DC-11,PLANNED,Carrier-A,2026-08-23T17:37:00,2026-08-23T18:15:00
SHP-104325,ORD-104325,DC-18,PLANNED,Carrier-B,2026-08-23T18:32:00,2026-08-23T17:25:00
SHP-104326,ORD-104326,DC-12,PLANNED,Carrier-C,2026-08-23T17:10:00,2026-08-23T17:23:00
SHP-104327,ORD-104327,DC-10,BOOKED,Carrier-B,2026-08-23T18:19:00,2026-08-23T17:32:00
SHP-104328,ORD-104328,DC-02,BOOKED,Carrier-C,2026-08-23T18:54:00,2026-08-23T18:22:00
SHP-104329,ORD-104329,DC-16,PLANNED,Carrier-A,2026-08-23T16:59:00,2026-08-23T17:30:00
SHP-104330,ORD-104330,DC-18,DEPARTED,Carrier-C,2026-08-23T19:29:00,2026-08-23T18:53:00
SHP-104331,ORD-104331,DC-05,BOOKED,Carrier-C,2026-08-23T19:36:00,2026-08-23T18:23:00
SHP-104332,ORD-104332,DC-07,PLANNED,Carrier-D,2026-08-23T17:52:00,2026-08-23T18:33:00
SHP-104333,ORD-104333,DC-14,DEPARTED,Carrier-C,2026-08-23T18:59:00,2026-08-23T18:21:00
SHP-104334,ORD-104334,DC-09,PLANNED,Carrier-D,2026-08-23T18:28:00,2026-08-23T17:53:00
SHP-104335,ORD-104335,DC-03,LOADED,Carrier-C,2026-08-23T19:22:00,2026-08-23T19:14:00
SHP-104336,ORD-104336,DC-10,LOADED,Carrier-C,2026-08-23T19:30:00,2026-08-23T19:12:00
SHP-104337,ORD-104337,DC-15,DELAYED,Carrier-B,2026-08-23T19:13:00,2026-08-23T19:47:00
SHP-104338,ORD-104338,DC-12,DELAYED,Carrier-B,2026-08-23T21:01:00,2026-08-23T19:57:00
SHP-104339,ORD-104339,DC-03,DEPARTED,Carrier-A,2026-08-23T19:53:00,2026-08-23T19:29:00
SHP-104340,ORD-104340,DC-13,LOADED,Carrier-B,2026-08-23T19:01:00,2026-08-23T18:37:00
SHP-104341,ORD-104341,DC-14,PLANNED,Carrier-D,2026-08-23T21:30:00,2026-08-23T20:37:00
SHP-104342,ORD-104342,DC-10,AT_DOCK,Carrier-C,2026-08-23T19:36:00,2026-08-23T20:07:00
SHP-104343,ORD-104343,DC-18,DELAYED,Carrier-B,2026-08-23T19:10:00,2026-08-23T19:43:00
SHP-104344,ORD-104344,DC-18,AT_DOCK,Carrier-C,2026-08-23T21:14:00,2026-08-23T20:46:00
SHP-104345,ORD-104345,DC-15,BOOKED,Carrier-A,2026-08-23T20:41:00,2026-08-23T20:10:00
SHP-104346,ORD-104346,DC-17,LOADED,Carrier-C,2026-08-23T20:00:00,2026-08-23T20:44:00
SHP-104347,ORD-104347,DC-18,LOADED,Carrier-C,2026-08-23T22:23:00,2026-08-23T21:15:00
SHP-104348,ORD-104348,DC-06,DEPARTED,Carrier-C,2026-08-23T20:34:00,2026-08-23T20:05:00
SHP-104349,ORD-104349,DC-18,AT_DOCK,Carrier-A,2026-08-23T21:12:00,2026-08-23T19:59:00
SHP-104350,ORD-104350,DC-15,AT_DOCK,Carrier-A,2026-08-23T21:09:00,2026-08-23T20:47:00
SHP-104351,ORD-104351,DC-01,DEPARTED,Carrier-A,2026-08-23T20:47:00,2026-08-23T21:04:00
SHP-104352,ORD-104352,DC-15,LOADED,Carrier-B,2026-08-23T21:16:00,2026-08-23T20:52:00
SHP-104353,ORD-104353,DC-03,DELAYED,Carrier-B,2026-08-23T20:09:00,2026-08-23T20:45:00
SHP-104354,ORD-104354,DC-02,LOADED,Carrier-C,2026-08-23T22:24:00,2026-08-23T22:14:00
SHP-104355,ORD-104355,DC-06,AT_DOCK,Carrier-D,2026-08-23T23:14:00,2026-08-23T21:55:00
SHP-104356,ORD-104356,DC-15,DEPARTED,Carrier-D,2026-08-23T22:19:00,2026-08-23T22:47:00
SHP-104357,ORD-104357,DC-13,LOADED,Carrier-B,2026-08-23T21:19:00,2026-08-23T21:55:00
SHP-104358,ORD-104358,DC-15,PLANNED,Carrier-C,2026-08-23T22:56:00,2026-08-23T23:21:00
SHP-104359,ORD-104359,DC-06,PLANNED,Carrier-C,2026-08-23T23:36:00,2026-08-23T23:13:00
SHP-104360,ORD-104360,DC-13,LOADED,Carrier-C,2026-08-23T21:23:00,2026-08-23T22:04:00
SHP-104361,ORD-104361,DC-10,PLANNED,Carrier-D,2026-08-23T23:10:00,2026-08-23T22:03:00
SHP-104362,ORD-104362,DC-15,AT_DOCK,Carrier-B,2026-08-23T23:51:00,2026-08-23T23:40:00
SHP-104363,ORD-104363,DC-01,LOADED,Carrier-C,2026-08-23T23:14:00,2026-08-23T22:33:00
SHP-104364,ORD-104364,DC-11,LOADED,Carrier-D,2026-08-23T23:39:00,2026-08-23T22:59:00
SHP-104365,ORD-104365,DC-13,DELAYED,Carrier-A,2026-08-23T23:38:00,2026-08-23T23:58:00
SHP-104366,ORD-104366,DC-09,BOOKED,Carrier-A,2026-08-23T22:16:00,2026-08-23T22:30:00
SHP-104367,ORD-104367,DC-16,AT_DOCK,Carrier-A,2026-08-24T01:21:00,2026-08-23T23:56:00
SHP-104368,ORD-104368,DC-14,DEPARTED,Carrier-B,2026-08-24T00:19:00,2026-08-23T23:15:00
SHP-104369,ORD-104369,DC-07,DEPARTED,Carrier-A,2026-08-23T23:36:00,2026-08-24T00:15:00
SHP-104370,ORD-104370,DC-13,AT_DOCK,Carrier-A,2026-08-24T01:14:00,2026-08-23T23:49:00
SHP-104371,ORD-104371,DC-13,DEPARTED,Carrier-D,2026-08-23T23:57:00,2026-08-23T22:57:00
SHP-104372,ORD-104372,DC-03,PLANNED,Carrier-B,2026-08-24T00:13:00,2026-08-23T23:35:00
SHP-104373,ORD-104373,DC-10,LOADED,Carrier-D,2026-08-23T23:45:00,2026-08-23T23:11:00
SHP-104374,ORD-104374,DC-03,AT_DOCK,Carrier-B,2026-08-24T00:25:00,2026-08-24T00:43:00
SHP-104375,ORD-104375,DC-11,DELAYED,Carrier-A,2026-08-24T01:06:00,2026-08-24T00:11:00
SHP-104376,ORD-104376,DC-11,DELAYED,Carrier-A,2026-08-24T00:58:00,2026-08-24T00:45:00
SHP-104377,ORD-104377,DC-03,BOOKED,Carrier-D,2026-08-23T22:49:00,2026-08-23T23:13:00
SHP-104378,ORD-104378,DC-18,AT_DOCK,Carrier-D,2026-08-24T00:30:00,2026-08-23T23:39:00
SHP-104379,ORD-104379,DC-07,BOOKED,Carrier-D,2026-08-23T23:05:00,2026-08-23T23:38:00
SHP-104380,ORD-104380,DC-11,BOOKED,Carrier-A,2026-08-24T00:44:00,2026-08-23T23:32:00
SHP-104381,ORD-104381,DC-16,BOOKED,Carrier-C,2026-08-24T00:53:00,2026-08-24T01:29:00
SHP-104382,ORD-104382,DC-16,LOADED,Carrier-B,2026-08-24T01:15:00,2026-08-24T00:59:00
SHP-104383,ORD-104383,DC-06,DELAYED,Carrier-A,2026-08-24T02:24:00,2026-08-24T01:07:00
SHP-104384,ORD-104384,DC-06,DELAYED,Carrier-A,2026-08-24T01:53:00,2026-08-24T00:30:00
SHP-104385,ORD-104385,DC-08,DELAYED,Carrier-C,2026-08-24T02:42:00,2026-08-24T01:13:00
SHP-104386,ORD-104386,DC-06,PLANNED,Carrier-B,2026-08-24T01:23:00,2026-08-24T02:07:00
SHP-104387,ORD-104387,DC-02,DELAYED,Carrier-D,2026-08-24T02:00:00,2026-08-24T01:51:00
SHP-104388,ORD-104388,DC-10,LOADED,Carrier-B,2026-08-24T01:16:00,2026-08-24T01:54:00
SHP-104389,ORD-104389,DC-16,DELAYED,Carrier-B,2026-08-24T01:35:00,2026-08-24T01:06:00
SHP-104390,ORD-104390,DC-10,DEPARTED,Carrier-C,2026-08-24T00:50:00,2026-08-24T01:30:00
SHP-104391,ORD-104391,DC-13,DEPARTED,Carrier-D,2026-08-24T02:13:00,2026-08-24T02:23:00
SHP-104392,ORD-104392,DC-06,DELAYED,Carrier-D,2026-08-24T03:16:00,2026-08-24T02:38:00
SHP-104393,ORD-104393,DC-09,AT_DOCK,Carrier-A,2026-08-24T03:36:00,2026-08-24T02:51:00
SHP-104394,ORD-104394,DC-10,DELAYED,Carrier-C,2026-08-24T01:58:00,2026-08-24T02:07:00
SHP-104395,ORD-104395,DC-12,BOOKED,Carrier-B,2026-08-24T02:35:00,2026-08-24T01:23:00
SHP-104396,ORD-104396,DC-18,PLANNED,Carrier-A,2026-08-24T02:27:00,2026-08-24T01:45:00
SHP-104397,ORD-104397,DC-05,BOOKED,Carrier-C,2026-08-24T01:53:00,2026-08-24T02:19:00
SHP-104398,ORD-104398,DC-16,DEPARTED,Carrier-C,2026-08-24T03:11:00,2026-08-24T03:26:00
SHP-104399,ORD-104399,DC-07,DELAYED,Carrier-C,2026-08-24T02:43:00,2026-08-24T03:18:00
SHP-104400,ORD-104400,DC-07,DELAYED,Carrier-C,2026-08-24T04:02:00,2026-08-24T03:15:00
SHP-104401,ORD-104401,DC-07,DEPARTED,Carrier-C,2026-08-24T04:35:00,2026-08-24T03:13:00
SHP-104402,ORD-104402,DC-11,DELAYED,Carrier-A,2026-08-24T02:46:00,2026-08-24T03:12:00
SHP-104403,ORD-104403,DC-05,PLANNED,Carrier-C,2026-08-24T02:56:00,2026-08-24T02:07:00
SHP-104404,ORD-104404,DC-17,DELAYED,Carrier-C,2026-08-24T02:34:00,2026-08-24T02:12:00
SHP-104405,ORD-104405,DC-02,LOADED,Carrier-A,2026-08-24T02:19:00,2026-08-24T02:29:00
SHP-104406,ORD-104406,DC-09,DEPARTED,Carrier-A,2026-08-24T02:58:00,2026-08-24T02:52:00
SHP-104407,ORD-104407,DC-12,LOADED,Carrier-C,2026-08-24T03:50:00,2026-08-24T03:05:00
SHP-104408,ORD-104408,DC-07,AT_DOCK,Carrier-D,2026-08-24T04:01:00,2026-08-24T04:14:00
SHP-104409,ORD-104409,DC-03,DELAYED,Carrier-C,2026-08-24T04:12:00,2026-08-24T03:10:00
SHP-104410,ORD-104410,DC-06,DEPARTED,Carrier-A,2026-08-24T04:39:00,2026-08-24T03:57:00
SHP-104411,ORD-104411,DC-16,DELAYED,Carrier-A,2026-08-24T03:13:00,2026-08-24T03:08:00
SHP-104412,ORD-104412,DC-10,LOADED,Carrier-D,2026-08-24T06:05:00,2026-08-24T04:52:00
SHP-104413,ORD-104413,DC-09,BOOKED,Carrier-A,2026-08-24T04:22:00,2026-08-24T04:50:00
SHP-104414,ORD-104414,DC-09,DELAYED,Carrier-B,2026-08-24T03:52:00,2026-08-24T03:34:00
SHP-104415,ORD-104415,DC-03,PLANNED,Carrier-B,2026-08-24T05:28:00,2026-08-24T04:59:00
SHP-104416,ORD-104416,DC-11,DELAYED,Carrier-A,2026-08-24T03:29:00,2026-08-24T03:16:00
SHP-104417,ORD-104417,DC-03,DEPARTED,Carrier-A,2026-08-24T06:06:00,2026-08-24T04:39:00
SHP-104418,ORD-104418,DC-10,AT_DOCK,Carrier-D,2026-08-24T02:57:00,2026-08-24T03:37:00
SHP-104419,ORD-104419,DC-17,DEPARTED,Carrier-A,2026-08-24T06:18:00,2026-08-24T05:22:00
SHP-104420,ORD-104420,DC-07,DEPARTED,Carrier-C,2026-08-24T04:01:00,2026-08-24T03:49:00
SHP-104421,ORD-104421,DC-16,PLANNED,Carrier-D,2026-08-24T05:44:00,2026-08-24T05:24:00
SHP-104422,ORD-104422,DC-02,LOADED,Carrier-A,2026-08-24T05:01:00,2026-08-24T04:49:00
SHP-104423,ORD-104423,DC-15,DELAYED,Carrier-D,2026-08-24T05:06:00,2026-08-24T04:39:00
SHP-104424,ORD-104424,DC-04,BOOKED,Carrier-A,2026-08-24T05:47:00,2026-08-24T04:30:00
SHP-104425,ORD-104425,DC-17,LOADED,Carrier-A,2026-08-24T05:44:00,2026-08-24T05:06:00
SHP-104426,ORD-104426,DC-03,DELAYED,Carrier-A,2026-08-24T05:37:00,2026-08-24T05:47:00
SHP-104427,ORD-104427,DC-13,PLANNED,Carrier-C,2026-08-24T05:59:00,2026-08-24T06:14:00
SHP-104428,ORD-104428,DC-16,DELAYED,Carrier-C,2026-08-24T05:16:00,2026-08-24T05:36:00
SHP-104429,ORD-104429,DC-07,PLANNED,Carrier-C,2026-08-24T04:28:00,2026-08-24T04:54:00
SHP-104430,ORD-104430,DC-01,LOADED,Carrier-D,2026-08-24T05:19:00,2026-08-24T05:34:00
SHP-104431,ORD-104431,DC-09,DEPARTED,Carrier-D,2026-08-24T04:06:00,2026-08-24T04:47:00
SHP-104432,ORD-104432,DC-06,BOOKED,Carrier-B,2026-08-24T06:40:00,2026-08-24T05:10:00
SHP-104433,ORD-104433,DC-11,DELAYED,Carrier-B,2026-08-24T06:18:00,2026-08-24T05:03:00
SHP-104434,ORD-104434,DC-12,PLANNED,Carrier-C,2026-08-24T06:19:00,2026-08-24T06:44:00
SHP-104435,ORD-104435,DC-16,LOADED,Carrier-A,2026-08-24T06:20:00,2026-08-24T05:44:00
SHP-104436,ORD-104436,DC-05,PLANNED,Carrier-A,2026-08-24T07:03:00,2026-08-24T06:26:00
SHP-104437,ORD-104437,DC-17,DEPARTED,Carrier-B,2026-08-24T07:32:00,2026-08-24T06:45:00
SHP-104438,ORD-104438,DC-01,AT_DOCK,Carrier-C,2026-08-24T06:29:00,2026-08-24T06:12:00
SHP-104439,ORD-104439,DC-02,PLANNED,Carrier-C,2026-08-24T08:11:00,2026-08-24T07:58:00
SHP-104440,ORD-104440,DC-13,DELAYED,Carrier-B,2026-08-24T08:25:00,2026-08-24T07:19:00
SHP-104441,ORD-104441,DC-08,DEPARTED,Carrier-C,2026-08-24T08:48:00,2026-08-24T07:47:00
SHP-104442,ORD-104442,DC-18,DELAYED,Carrier-D,2026-08-24T06:29:00,2026-08-24T06:37:00
SHP-104443,ORD-104443,DC-13,PLANNED,Carrier-C,2026-08-24T07:42:00,2026-08-24T08:16:00
SHP-104444,ORD-104444,DC-03,BOOKED,Carrier-C,2026-08-24T06:24:00,2026-08-24T06:56:00
SHP-104445,ORD-104445,DC-03,LOADED,Carrier-C,2026-08-24T07:22:00,2026-08-24T07:51:00
SHP-104446,ORD-104446,DC-02,BOOKED,Carrier-D,2026-08-24T09:31:00,2026-08-24T08:55:00
SHP-104447,ORD-104447,DC-07,AT_DOCK,Carrier-A,2026-08-24T09:45:00,2026-08-24T08:28:00
SHP-104448,ORD-104448,DC-18,DELAYED,Carrier-B,2026-08-24T09:24:00,2026-08-24T08:20:00
SHP-104449,ORD-104449,DC-17,LOADED,Carrier-D,2026-08-24T07:35:00,2026-08-24T08:08:00
SHP-104450,ORD-104450,DC-04,LOADED,Carrier-C,2026-08-24T08:56:00,2026-08-24T07:55:00
SHP-104451,ORD-104451,DC-14,AT_DOCK,Carrier-A,2026-08-24T08:22:00,2026-08-24T08:58:00
SHP-104452,ORD-104452,DC-06,BOOKED,Carrier-A,2026-08-24T09:53:00,2026-08-24T08:40:00
SHP-104453,ORD-104453,DC-18,DELAYED,Carrier-B,2026-08-24T07:42:00,2026-08-24T08:14:00
SHP-104454,ORD-104454,DC-18,DELAYED,Carrier-A,2026-08-24T10:19:00,2026-08-24T09:06:00
SHP-104455,ORD-104455,DC-08,AT_DOCK,Carrier-D,2026-08-24T08:26:00,2026-08-24T08:32:00
SHP-104456,ORD-104456,DC-10,DEPARTED,Carrier-D,2026-08-24T09:23:00,2026-08-24T08:18:00
SHP-104457,ORD-104457,DC-04,DEPARTED,Carrier-B,2026-08-24T08:34:00,2026-08-24T08:22:00
SHP-104458,ORD-104458,DC-07,DELAYED,Carrier-A,2026-08-24T08:38:00,2026-08-24T08:27:00
SHP-104459,ORD-104459,DC-03,PLANNED,Carrier-C,2026-08-24T08:49:00,2026-08-24T09:14:00
SHP-104460,ORD-104460,DC-06,BOOKED,Carrier-D,2026-08-24T09:33:00,2026-08-24T08:47:00
SHP-104461,ORD-104461,DC-03,DEPARTED,Carrier-C,2026-08-24T09:45:00,2026-08-24T10:00:00
SHP-104462,ORD-104462,DC-11,AT_DOCK,Carrier-D,2026-08-24T09:01:00,2026-08-24T09:35:00
SHP-104463,ORD-104463,DC-02,LOADED,Carrier-D,2026-08-24T09:45:00,2026-08-24T10:17:00
SHP-104464,ORD-104464,DC-07,PLANNED,Carrier-A,2026-08-24T10:29:00,2026-08-24T09:15:00
SHP-104465,ORD-104465,DC-09,DEPARTED,Carrier-A,2026-08-24T10:50:00,2026-08-24T09:58:00
SHP-104466,ORD-104466,DC-03,LOADED,Carrier-B,2026-08-24T11:53:00,2026-08-24T10:55:00
SHP-104467,ORD-104467,DC-07,DELAYED,Carrier-A,2026-08-24T10:12:00,2026-08-24T10:53:00
SHP-104468,ORD-104468,DC-07,BOOKED,Carrier-D,2026-08-24T10:23:00,2026-08-24T11:03:00
SHP-104469,ORD-104469,DC-12,BOOKED,Carrier-B,2026-08-24T09:50:00,2026-08-24T10:19:00
SHP-104470,ORD-104470,DC-08,PLANNED,Carrier-D,2026-08-24T10:32:00,2026-08-24T09:57:00
SHP-104471,ORD-104471,DC-12,LOADED,Carrier-A,2026-08-24T11:02:00,2026-08-24T09:53:00
SHP-104472,ORD-104472,DC-02,DELAYED,Carrier-C,2026-08-24T10:16:00,2026-08-24T10:55:00
SHP-104473,ORD-104473,DC-13,LOADED,Carrier-C,2026-08-24T10:16:00,2026-08-24T09:59:00
SHP-104474,ORD-104474,DC-17,DELAYED,Carrier-A,2026-08-24T11:25:00,2026-08-24T11:35:00
SHP-104475,ORD-104475,DC-09,LOADED,Carrier-A,2026-08-24T11:55:00,2026-08-24T11:22:00
SHP-104476,ORD-104476,DC-11,PLANNED,Carrier-C,2026-08-24T12:27:00,2026-08-24T11:26:00
SHP-104477,ORD-104477,DC-14,BOOKED,Carrier-A,2026-08-24T10:16:00,2026-08-24T10:25:00
SHP-104478,ORD-104478,DC-17,PLANNED,Carrier-C,2026-08-24T13:10:00,2026-08-24T12:13:00
SHP-104479,ORD-104479,DC-15,LOADED,Carrier-A,2026-08-24T11:09:00,2026-08-24T10:55:00
SHP-104480,ORD-104480,DC-06,AT_DOCK,Carrier-C,2026-08-24T11:26:00,2026-08-24T12:01:00
SHP-104481,ORD-104481,DC-07,AT_DOCK,Carrier-D,2026-08-24T10:14:00,2026-08-24T10:48:00
SHP-104482,ORD-104482,DC-14,DELAYED,Carrier-C,2026-08-24T11:19:00,2026-08-24T11:44:00
SHP-104483,ORD-104483,DC-06,DEPARTED,Carrier-D,2026-08-24T10:26:00,2026-08-24T11:06:00
SHP-104484,ORD-104484,DC-06,DELAYED,Carrier-B,2026-08-24T12:48:00,2026-08-24T12:42:00
SHP-104485,ORD-104485,DC-13,AT_DOCK,Carrier-A,2026-08-24T13:30:00,2026-08-24T12:17:00
SHP-104486,ORD-104486,DC-04,LOADED,Carrier-A,2026-08-24T14:22:00,2026-08-24T13:04:00
SHP-104487,ORD-104487,DC-10,LOADED,Carrier-C,2026-08-24T14:04:00,2026-08-24T13:23:00
SHP-104488,ORD-104488,DC-17,DEPARTED,Carrier-B,2026-08-24T13:00:00,2026-08-24T12:54:00
SHP-104489,ORD-104489,DC-01,DELAYED,Carrier-C,2026-08-24T12:08:00,2026-08-24T12:16:00
SHP-104490,ORD-104490,DC-06,DEPARTED,Carrier-D,2026-08-24T13:54:00,2026-08-24T13:10:00
SHP-104491,ORD-104491,DC-05,DEPARTED,Carrier-C,2026-08-24T12:34:00,2026-08-24T13:14:00
SHP-104492,ORD-104492,DC-04,LOADED,Carrier-D,2026-08-24T12:11:00,2026-08-24T11:42:00
SHP-104493,ORD-104493,DC-06,LOADED,Carrier-C,2026-08-24T13:51:00,2026-08-24T13:09:00
SHP-104494,ORD-104494,DC-01,DEPARTED,Carrier-C,2026-08-24T13:52:00,2026-08-24T13:11:00
SHP-104495,ORD-104495,DC-04,DEPARTED,Carrier-D,2026-08-24T12:38:00,2026-08-24T13:00:00
SHP-104496,ORD-104496,DC-15,DELAYED,Carrier-C,2026-08-24T12:53:00,2026-08-24T12:22:00
SHP-104497,ORD-104497,DC-11,LOADED,Carrier-C,2026-08-24T15:24:00,2026-08-24T13:56:00
SHP-104498,ORD-104498,DC-07,LOADED,Carrier-A,2026-08-24T12:18:00,2026-08-24T12:29:00
SHP-104499,ORD-104499,DC-05,AT_DOCK,Carrier-B,2026-08-24T14:44:00,2026-08-24T14:06:00
SHP-104500,ORD-104500,DC-14,LOADED,Carrier-A,2026-08-24T14:26:00,2026-08-24T13:38:00
SHP-104501,ORD-104501,DC-15,AT_DOCK,Carrier-C,2026-08-24T12:09:00,2026-08-24T12:39:00
SHP-104502,ORD-104502,DC-11,DELAYED,Carrier-A,2026-08-24T13:04:00,2026-08-24T12:56:00
SHP-104503,ORD-104503,DC-05,LOADED,Carrier-A,2026-08-24T14:13:00,2026-08-24T13:17:00
SHP-104504,ORD-104504,DC-10,LOADED,Carrier-D,2026-08-24T12:56:00,2026-08-24T13:28:00
SHP-104505,ORD-104505,DC-11,PLANNED,Carrier-B,2026-08-24T15:39:00,2026-08-24T14:22:00
SHP-104506,ORD-104506,DC-05,BOOKED,Carrier-C,2026-08-24T14:55:00,2026-08-24T14:39:00
SHP-104507,ORD-104507,DC-04,PLANNED,Carrier-C,2026-08-24T13:36:00,2026-08-24T13:18:00
SHP-104508,ORD-104508,DC-10,AT_DOCK,Carrier-D,2026-08-24T15:24:00,2026-08-24T14:45:00
SHP-104509,ORD-104509,DC-15,BOOKED,Carrier-A,2026-08-24T13:52:00,2026-08-24T13:42:00
SHP-104510,ORD-104510,DC-12,AT_DOCK,Carrier-B,2026-08-24T14:27:00,2026-08-24T13:36:00
SHP-104511,ORD-104511,DC-07,BOOKED,Carrier-B,2026-08-24T14:41:00,2026-08-24T14:14:00
SHP-104512,ORD-104512,DC-14,LOADED,Carrier-D,2026-08-24T15:13:00,2026-08-24T14:01:00
SHP-104513,ORD-104513,DC-16,LOADED,Carrier-D,2026-08-24T14:48:00,2026-08-24T14:57:00
SHP-104514,ORD-104514,DC-15,PLANNED,Carrier-D,2026-08-24T15:13:00,2026-08-24T14:10:00
SHP-104515,ORD-104515,DC-06,BOOKED,Carrier-D,2026-08-24T15:19:00,2026-08-24T15:30:00
SHP-104516,ORD-104516,DC-03,PLANNED,Carrier-B,2026-08-24T15:54:00,2026-08-24T14:52:00
SHP-104517,ORD-104517,DC-11,AT_DOCK,Carrier-B,2026-08-24T16:33:00,2026-08-24T15:41:00
SHP-104518,ORD-104518,DC-08,AT_DOCK,Carrier-C,2026-08-24T16:26:00,2026-08-24T15:19:00
SHP-104519,ORD-104519,DC-13,DELAYED,Carrier-B,2026-08-24T13:34:00,2026-08-24T13:59:00
SHP-104520,ORD-104520,DC-10,DEPARTED,Carrier-A,2026-08-24T15:32:00,2026-08-24T14:44:00
SHP-104521,ORD-104521,DC-08,BOOKED,Carrier-C,2026-08-24T16:43:00,2026-08-24T15:53:00
SHP-104522,ORD-104522,DC-06,PLANNED,Carrier-B,2026-08-24T16:25:00,2026-08-24T16:06:00
SHP-104523,ORD-104523,DC-08,LOADED,Carrier-A,2026-08-24T17:27:00,2026-08-24T16:30:00
SHP-104524,ORD-104524,DC-15,DEPARTED,Carrier-B,2026-08-24T16:09:00,2026-08-24T15:17:00
SHP-104525,ORD-104525,DC-18,AT_DOCK,Carrier-D,2026-08-24T17:51:00,2026-08-24T16:35:00
SHP-104526,ORD-104526,DC-14,AT_DOCK,Carrier-C,2026-08-24T16:16:00,2026-08-24T15:30:00
SHP-104527,ORD-104527,DC-01,DELAYED,Carrier-D,2026-08-24T15:20:00,2026-08-24T15:45:00
SHP-104528,ORD-104528,DC-12,DELAYED,Carrier-B,2026-08-24T16:54:00,2026-08-24T16:15:00
SHP-104529,ORD-104529,DC-06,LOADED,Carrier-A,2026-08-24T16:35:00,2026-08-24T16:48:00
SHP-104530,ORD-104530,DC-07,AT_DOCK,Carrier-D,2026-08-24T17:06:00,2026-08-24T16:58:00
SHP-104531,ORD-104531,DC-05,DELAYED,Carrier-C,2026-08-24T18:03:00,2026-08-24T17:11:00
SHP-104532,ORD-104532,DC-13,DELAYED,Carrier-C,2026-08-24T18:05:00,2026-08-24T17:47:00
SHP-104533,ORD-104533,DC-05,AT_DOCK,Carrier-A,2026-08-24T16:49:00,2026-08-24T16:20:00
SHP-104534,ORD-104534,DC-17,LOADED,Carrier-D,2026-08-24T17:53:00,2026-08-24T17:03:00
SHP-104535,ORD-104535,DC-06,LOADED,Carrier-D,2026-08-24T17:11:00,2026-08-24T16:19:00
SHP-104536,ORD-104536,DC-15,PLANNED,Carrier-B,2026-08-24T17:34:00,2026-08-24T16:50:00
SHP-104537,ORD-104537,DC-14,PLANNED,Carrier-B,2026-08-24T18:19:00,2026-08-24T17:25:00
SHP-104538,ORD-104538,DC-15,DELAYED,Carrier-B,2026-08-24T17:17:00,2026-08-24T17:06:00
SHP-104539,ORD-104539,DC-16,PLANNED,Carrier-D,2026-08-24T19:03:00,2026-08-24T17:59:00
SHP-104540,ORD-104540,DC-16,BOOKED,Carrier-C,2026-08-24T17:20:00,2026-08-24T16:41:00
SHP-104541,ORD-104541,DC-07,LOADED,Carrier-D,2026-08-24T19:17:00,2026-08-24T18:10:00
SHP-104542,ORD-104542,DC-11,LOADED,Carrier-A,2026-08-24T17:13:00,2026-08-24T17:40:00
SHP-104543,ORD-104543,DC-13,PLANNED,Carrier-B,2026-08-24T17:13:00,2026-08-24T16:53:00
SHP-104544,ORD-104544,DC-05,BOOKED,Carrier-C,2026-08-24T18:29:00,2026-08-24T18:03:00
SHP-104545,ORD-104545,DC-03,PLANNED,Carrier-C,2026-08-24T17:08:00,2026-08-24T17:15:00
SHP-104546,ORD-104546,DC-18,PLANNED,Carrier-B,2026-08-24T16:36:00,2026-08-24T16:53:00
SHP-104547,ORD-104547,DC-10,DELAYED,Carrier-B,2026-08-24T18:03:00,2026-08-24T18:19:00
SHP-104548,ORD-104548,DC-09,LOADED,Carrier-C,2026-08-24T18:38:00,2026-08-24T18:48:00
SHP-104549,ORD-104549,DC-09,AT_DOCK,Carrier-D,2026-08-24T17:11:00,2026-08-24T17:49:00
SHP-104550,ORD-104550,DC-18,LOADED,Carrier-D,2026-08-24T19:02:00,2026-08-24T19:21:00
SHP-104551,ORD-104551,DC-12,AT_DOCK,Carrier-C,2026-08-24T19:54:00,2026-08-24T19:01:00
SHP-104552,ORD-104552,DC-10,DELAYED,Carrier-C,2026-08-24T19:41:00,2026-08-24T18:19:00
SHP-104553,ORD-104553,DC-07,LOADED,Carrier-D,2026-08-24T17:43:00,2026-08-24T18:09:00
SHP-104554,ORD-104554,DC-08,LOADED,Carrier-D,2026-08-24T18:27:00,2026-08-24T19:06:00
SHP-104555,ORD-104555,DC-14,DELAYED,Carrier-D,2026-08-24T18:31:00,2026-08-24T19:03:00
SHP-104556,ORD-104556,DC-06,AT_DOCK,Carrier-A,2026-08-24T19:33:00,2026-08-24T19:15:00
SHP-104557,ORD-104557,DC-09,DELAYED,Carrier-C,2026-08-24T20:54:00,2026-08-24T19:29:00
SHP-104558,ORD-104558,DC-09,DELAYED,Carrier-D,2026-08-24T18:17:00,2026-08-24T18:22:00
SHP-104559,ORD-104559,DC-12,BOOKED,Carrier-C,2026-08-24T19:20:00,2026-08-24T18:16:00
SHP-104560,ORD-104560,DC-02,PLANNED,Carrier-A,2026-08-24T19:23:00,2026-08-24T19:57:00
SHP-104561,ORD-104561,DC-04,LOADED,Carrier-B,2026-08-24T21:27:00,2026-08-24T20:31:00
SHP-104562,ORD-104562,DC-05,LOADED,Carrier-A,2026-08-24T19:46:00,2026-08-24T20:27:00
SHP-104563,ORD-104563,DC-08,PLANNED,Carrier-B,2026-08-24T19:12:00,2026-08-24T19:44:00
SHP-104564,ORD-104564,DC-10,DELAYED,Carrier-B,2026-08-24T21:16:00,2026-08-24T20:09:00
SHP-104565,ORD-104565,DC-13,DEPARTED,Carrier-B,2026-08-24T19:39:00,2026-08-24T19:02:00
SHP-104566,ORD-104566,DC-08,AT_DOCK,Carrier-A,2026-08-24T20:38:00,2026-08-24T20:33:00
SHP-104567,ORD-104567,DC-05,DEPARTED,Carrier-A,2026-08-24T20:33:00,2026-08-24T20:42:00
SHP-104568,ORD-104568,DC-13,PLANNED,Carrier-A,2026-08-24T18:53:00,2026-08-24T19:11:00
SHP-104569,ORD-104569,DC-07,BOOKED,Carrier-D,2026-08-24T22:15:00,2026-08-24T20:53:00
SHP-104570,ORD-104570,DC-08,LOADED,Carrier-B,2026-08-24T21:19:00,2026-08-24T20:05:00
SHP-104571,ORD-104571,DC-11,PLANNED,Carrier-B,2026-08-24T20:35:00,2026-08-24T21:00:00
SHP-104572,ORD-104572,DC-09,DEPARTED,Carrier-B,2026-08-24T19:10:00,2026-08-24T19:54:00
SHP-104573,ORD-104573,DC-13,DEPARTED,Carrier-B,2026-08-24T21:49:00,2026-08-24T20:37:00
SHP-104574,ORD-104574,DC-01,LOADED,Carrier-D,2026-08-24T22:17:00,2026-08-24T21:18:00
SHP-104575,ORD-104575,DC-01,DEPARTED,Carrier-A,2026-08-24T20:22:00,2026-08-24T20:58:00
SHP-104576,ORD-104576,DC-17,LOADED,Carrier-A,2026-08-24T21:17:00,2026-08-24T20:50:00
SHP-104577,ORD-104577,DC-03,AT_DOCK,Carrier-C,2026-08-24T19:55:00,2026-08-24T20:39:00
SHP-104578,ORD-104578,DC-13,BOOKED,Carrier-B,2026-08-24T22:18:00,2026-08-24T21:17:00
SHP-104579,ORD-104579,DC-02,AT_DOCK,Carrier-A,2026-08-24T20:40:00,2026-08-24T21:01:00
SHP-104580,ORD-104580,DC-09,BOOKED,Carrier-A,2026-08-24T22:29:00,2026-08-24T22:12:00
SHP-104581,ORD-104581,DC-12,BOOKED,Carrier-C,2026-08-24T20:12:00,2026-08-24T20:44:00
SHP-104582,ORD-104582,DC-17,LOADED,Carrier-B,2026-08-24T22:49:00,2026-08-24T21:19:00
SHP-104583,ORD-104583,DC-01,BOOKED,Carrier-B,2026-08-24T22:43:00,2026-08-24T22:15:00
SHP-104584,ORD-104584,DC-01,PLANNED,Carrier-D,2026-08-24T22:20:00,2026-08-24T21:33:00
SHP-104585,ORD-104585,DC-04,LOADED,Carrier-D,2026-08-24T21:58:00,2026-08-24T22:16:00
SHP-104586,ORD-104586,DC-02,BOOKED,Carrier-C,2026-08-25T00:20:00,2026-08-24T22:58:00
SHP-104587,ORD-104587,DC-03,AT_DOCK,Carrier-C,2026-08-24T23:20:00,2026-08-24T22:52:00
SHP-104588,ORD-104588,DC-07,DELAYED,Carrier-D,2026-08-24T23:06:00,2026-08-24T22:40:00
SHP-104589,ORD-104589,DC-09,AT_DOCK,Carrier-C,2026-08-24T23:12:00,2026-08-24T22:16:00
SHP-104590,ORD-104590,DC-04,DELAYED,Carrier-B,2026-08-24T23:30:00,2026-08-24T23:20:00
SHP-104591,ORD-104591,DC-06,LOADED,Carrier-D,2026-08-24T23:34:00,2026-08-24T23:11:00
SHP-104592,ORD-104592,DC-13,PLANNED,Carrier-D,2026-08-24T22:59:00,2026-08-24T21:39:00
SHP-104593,ORD-104593,DC-11,BOOKED,Carrier-A,2026-08-24T23:04:00,2026-08-24T23:31:00
SHP-104594,ORD-104594,DC-17,DELAYED,Carrier-A,2026-08-24T22:54:00,2026-08-24T23:14:00
SHP-104595,ORD-104595,DC-14,DELAYED,Carrier-B,2026-08-24T23:27:00,2026-08-24T23:50:00
SHP-104596,ORD-104596,DC-09,BOOKED,Carrier-D,2026-08-25T01:30:00,2026-08-25T00:05:00
SHP-104597,ORD-104597,DC-01,DELAYED,Carrier-C,2026-08-24T22:37:00,2026-08-24T22:47:00
SHP-104598,ORD-104598,DC-13,DELAYED,Carrier-C,2026-08-24T23:47:00,2026-08-24T22:32:00
SHP-104599,ORD-104599,DC-03,DELAYED,Carrier-A,2026-08-25T00:40:00,2026-08-25T00:15:00
SHP-104600,ORD-104600,DC-05,AT_DOCK,Carrier-D,2026-08-25T00:19:00,2026-08-24T23:10:00
SHP-104601,ORD-104601,DC-13,AT_DOCK,Carrier-C,2026-08-25T00:08:00,2026-08-25T00:00:00
SHP-104602,ORD-104602,DC-01,BOOKED,Carrier-C,2026-08-25T00:51:00,2026-08-25T00:01:00
SHP-104603,ORD-104603,DC-12,PLANNED,Carrier-B,2026-08-25T00:56:00,2026-08-25T00:44:00
SHP-104604,ORD-104604,DC-03,LOADED,Carrier-D,2026-08-25T00:12:00,2026-08-25T00:32:00
SHP-104605,ORD-104605,DC-01,LOADED,Carrier-D,2026-08-25T02:14:00,2026-08-25T01:10:00
SHP-104606,ORD-104606,DC-08,AT_DOCK,Carrier-B,2026-08-25T02:00:00,2026-08-25T01:11:00
SHP-104607,ORD-104607,DC-18,PLANNED,Carrier-C,2026-08-25T01:09:00,2026-08-24T23:53:00
SHP-104608,ORD-104608,DC-13,DEPARTED,Carrier-D,2026-08-25T01:37:00,2026-08-25T01:02:00
SHP-104609,ORD-104609,DC-02,BOOKED,Carrier-C,2026-08-25T02:08:00,2026-08-25T01:36:00
SHP-104610,ORD-104610,DC-03,PLANNED,Carrier-D,2026-08-25T01:15:00,2026-08-25T00:07:00
SHP-104611,ORD-104611,DC-17,DELAYED,Carrier-C,2026-08-25T02:25:00,2026-08-25T01:44:00
SHP-104612,ORD-104612,DC-16,PLANNED,Carrier-B,2026-08-25T02:18:00,2026-08-25T01:07:00
SHP-104613,ORD-104613,DC-11,AT_DOCK,Carrier-D,2026-08-25T01:00:00,2026-08-25T01:28:00
SHP-104614,ORD-104614,DC-16,AT_DOCK,Carrier-B,2026-08-25T01:22:00,2026-08-25T00:10:00
SHP-104615,ORD-104615,DC-05,BOOKED,Carrier-D,2026-08-25T01:16:00,2026-08-25T00:37:00
SHP-104616,ORD-104616,DC-17,DELAYED,Carrier-D,2026-08-25T00:48:00,2026-08-25T01:17:00
SHP-104617,ORD-104617,DC-18,BOOKED,Carrier-A,2026-08-25T02:29:00,2026-08-25T01:28:00
SHP-104618,ORD-104618,DC-08,AT_DOCK,Carrier-A,2026-08-25T03:39:00,2026-08-25T02:25:00
SHP-104619,ORD-104619,DC-17,BOOKED,Carrier-D,2026-08-25T01:23:00,2026-08-25T01:15:00
SHP-104620,ORD-104620,DC-08,AT_DOCK,Carrier-B,2026-08-25T02:13:00,2026-08-25T02:28:00
SHP-104621,ORD-104621,DC-08,LOADED,Carrier-B,2026-08-25T01:47:00,2026-08-25T01:04:00
SHP-104622,ORD-104622,DC-01,PLANNED,Carrier-A,2026-08-25T01:33:00,2026-08-25T01:44:00
SHP-104623,ORD-104623,DC-07,PLANNED,Carrier-C,2026-08-25T02:22:00,2026-08-25T01:18:00
SHP-104624,ORD-104624,DC-09,PLANNED,Carrier-B,2026-08-25T03:35:00,2026-08-25T02:05:00
SHP-104625,ORD-104625,DC-12,DEPARTED,Carrier-C,2026-08-25T03:29:00,2026-08-25T03:15:00
SHP-104626,ORD-104626,DC-09,DEPARTED,Carrier-B,2026-08-25T02:36:00,2026-08-25T02:44:00
SHP-104627,ORD-104627,DC-17,BOOKED,Carrier-A,2026-08-25T01:23:00,2026-08-25T02:04:00
SHP-104628,ORD-104628,DC-11,LOADED,Carrier-D,2026-08-25T03:19:00,2026-08-25T02:16:00
SHP-104629,ORD-104629,DC-09,AT_DOCK,Carrier-B,2026-08-25T03:44:00,2026-08-25T02:17:00
SHP-104630,ORD-104630,DC-11,AT_DOCK,Carrier-A,2026-08-25T03:46:00,2026-08-25T03:35:00
SHP-104631,ORD-104631,DC-16,PLANNED,Carrier-A,2026-08-25T02:34:00,2026-08-25T02:17:00
SHP-104632,ORD-104632,DC-17,LOADED,Carrier-A,2026-08-25T04:00:00,2026-08-25T03:53:00
SHP-104633,ORD-104633,DC-18,PLANNED,Carrier-A,2026-08-25T04:01:00,2026-08-25T03:17:00
SHP-104634,ORD-104634,DC-08,BOOKED,Carrier-D,2026-08-25T03:30:00,2026-08-25T03:51:00
SHP-104635,ORD-104635,DC-07,DEPARTED,Carrier-D,2026-08-25T03:58:00,2026-08-25T02:34:00
SHP-104636,ORD-104636,DC-02,LOADED,Carrier-A,2026-08-25T04:12:00,2026-08-25T02:44:00
SHP-104637,ORD-104637,DC-17,AT_DOCK,Carrier-B,2026-08-25T04:02:00,2026-08-25T03:07:00
SHP-104638,ORD-104638,DC-09,PLANNED,Carrier-B,2026-08-25T04:59:00,2026-08-25T04:32:00
SHP-104639,ORD-104639,DC-01,AT_DOCK,Carrier-D,2026-08-25T04:28:00,2026-08-25T03:52:00
SHP-104640,ORD-104640,DC-18,AT_DOCK,Carrier-A,2026-08-25T03:43:00,2026-08-25T03:58:00
SHP-104641,ORD-104641,DC-12,AT_DOCK,Carrier-A,2026-08-25T03:57:00,2026-08-25T03:11:00
SHP-104642,ORD-104642,DC-17,LOADED,Carrier-D,2026-08-25T04:03:00,2026-08-25T04:31:00
SHP-104643,ORD-104643,DC-08,AT_DOCK,Carrier-A,2026-08-25T05:16:00,2026-08-25T04:05:00
SHP-104644,ORD-104644,DC-07,BOOKED,Carrier-D,2026-08-25T05:18:00,2026-08-25T04:02:00
SHP-104645,ORD-104645,DC-04,DELAYED,Carrier-B,2026-08-25T05:32:00,2026-08-25T04:10:00
SHP-104646,ORD-104646,DC-04,BOOKED,Carrier-B,2026-08-25T04:57:00,2026-08-25T05:12:00
SHP-104647,ORD-104647,DC-09,LOADED,Carrier-A,2026-08-25T05:02:00,2026-08-25T03:43:00
SHP-104648,ORD-104648,DC-05,DEPARTED,Carrier-D,2026-08-25T04:47:00,2026-08-25T04:01:00
SHP-104649,ORD-104649,DC-08,DEPARTED,Carrier-B,2026-08-25T05:46:00,2026-08-25T04:59:00
SHP-104650,ORD-104650,DC-07,LOADED,Carrier-C,2026-08-25T05:15:00,2026-08-25T05:43:00
SHP-104651,ORD-104651,DC-10,DELAYED,Carrier-B,2026-08-25T06:35:00,2026-08-25T05:12:00
SHP-104652,ORD-104652,DC-04,LOADED,Carrier-B,2026-08-25T05:08:00,2026-08-25T04:27:00
SHP-104653,ORD-104653,DC-11,DEPARTED,Carrier-D,2026-08-25T07:29:00,2026-08-25T06:07:00
SHP-104654,ORD-104654,DC-18,DEPARTED,Carrier-D,2026-08-25T05:27:00,2026-08-25T04:26:00
SHP-104655,ORD-104655,DC-03,PLANNED,Carrier-C,2026-08-25T06:55:00,2026-08-25T05:47:00
SHP-104656,ORD-104656,DC-07,AT_DOCK,Carrier-A,2026-08-25T06:13:00,2026-08-25T05:05:00
SHP-104657,ORD-104657,DC-18,DELAYED,Carrier-C,2026-08-25T04:36:00,2026-08-25T05:07:00
SHP-104658,ORD-104658,DC-06,AT_DOCK,Carrier-B,2026-08-25T05:48:00,2026-08-25T04:52:00
SHP-104659,ORD-104659,DC-13,DELAYED,Carrier-B,2026-08-25T06:27:00,2026-08-25T06:32:00
SHP-104660,ORD-104660,DC-04,BOOKED,Carrier-A,2026-08-25T07:03:00,2026-08-25T07:24:00
SHP-104661,ORD-104661,DC-11,LOADED,Carrier-B,2026-08-25T08:30:00,2026-08-25T07:04:00
SHP-104662,ORD-104662,DC-15,DEPARTED,Carrier-D,2026-08-25T07:30:00,2026-08-25T06:59:00
SHP-104663,ORD-104663,DC-14,BOOKED,Carrier-A,2026-08-25T06:14:00,2026-08-25T06:33:00
SHP-104664,ORD-104664,DC-18,DEPARTED,Carrier-D,2026-08-25T05:48:00,2026-08-25T05:53:00
SHP-104665,ORD-104665,DC-18,AT_DOCK,Carrier-C,2026-08-25T07:15:00,2026-08-25T07:08:00
SHP-104666,ORD-104666,DC-04,PLANNED,Carrier-B,2026-08-25T06:10:00,2026-08-25T06:52:00
SHP-104667,ORD-104667,DC-16,PLANNED,Carrier-D,2026-08-25T06:47:00,2026-08-25T06:04:00
SHP-104668,ORD-104668,DC-18,PLANNED,Carrier-A,2026-08-25T07:28:00,2026-08-25T07:50:00
SHP-104669,ORD-104669,DC-09,DEPARTED,Carrier-B,2026-08-25T08:03:00,2026-08-25T06:46:00
SHP-104670,ORD-104670,DC-04,DEPARTED,Carrier-B,2026-08-25T08:55:00,2026-08-25T07:55:00
SHP-104671,ORD-104671,DC-03,BOOKED,Carrier-B,2026-08-25T08:19:00,2026-08-25T08:09:00
SHP-104672,ORD-104672,DC-08,AT_DOCK,Carrier-D,2026-08-25T07:59:00,2026-08-25T08:12:00
SHP-104673,ORD-104673,DC-04,BOOKED,Carrier-D,2026-08-25T07:36:00,2026-08-25T06:44:00
SHP-104674,ORD-104674,DC-16,DEPARTED,Carrier-B,2026-08-25T07:42:00,2026-08-25T08:02:00
SHP-104675,ORD-104675,DC-03,PLANNED,Carrier-A,2026-08-25T08:18:00,2026-08-25T08:45:00
SHP-104676,ORD-104676,DC-08,BOOKED,Carrier-C,2026-08-25T06:33:00,2026-08-25T07:06:00
SHP-104677,ORD-104677,DC-10,AT_DOCK,Carrier-B,2026-08-25T08:27:00,2026-08-25T08:41:00
SHP-104678,ORD-104678,DC-02,DEPARTED,Carrier-D,2026-08-25T09:25:00,2026-08-25T08:46:00
SHP-104679,ORD-104679,DC-09,PLANNED,Carrier-D,2026-08-25T08:07:00,2026-08-25T08:23:00
SHP-104680,ORD-104680,DC-15,AT_DOCK,Carrier-C,2026-08-25T09:26:00,2026-08-25T08:52:00
SHP-104681,ORD-104681,DC-05,AT_DOCK,Carrier-A,2026-08-25T09:59:00,2026-08-25T09:07:00
SHP-104682,ORD-104682,DC-05,BOOKED,Carrier-D,2026-08-25T08:01:00,2026-08-25T08:19:00
SHP-104683,ORD-104683,DC-12,LOADED,Carrier-B,2026-08-25T08:56:00,2026-08-25T08:44:00
SHP-104684,ORD-104684,DC-05,LOADED,Carrier-D,2026-08-25T10:13:00,2026-08-25T09:18:00
SHP-104685,ORD-104685,DC-01,AT_DOCK,Carrier-C,2026-08-25T09:50:00,2026-08-25T09:36:00
SHP-104686,ORD-104686,DC-03,PLANNED,Carrier-A,2026-08-25T07:57:00,2026-08-25T08:40:00
SHP-104687,ORD-104687,DC-07,LOADED,Carrier-B,2026-08-25T09:59:00,2026-08-25T09:19:00
SHP-104688,ORD-104688,DC-10,DELAYED,Carrier-A,2026-08-25T09:03:00,2026-08-25T09:37:00
SHP-104689,ORD-104689,DC-06,DEPARTED,Carrier-A,2026-08-25T08:08:00,2026-08-25T07:54:00
SHP-104690,ORD-104690,DC-02,PLANNED,Carrier-C,2026-08-25T10:01:00,2026-08-25T09:43:00
SHP-104691,ORD-104691,DC-03,PLANNED,Carrier-B,2026-08-25T09:25:00,2026-08-25T09:39:00
SHP-104692,ORD-104692,DC-17,DELAYED,Carrier-D,2026-08-25T10:39:00,2026-08-25T09:48:00
SHP-104693,ORD-104693,DC-17,PLANNED,Carrier-A,2026-08-25T07:42:00,2026-08-25T08:22:00
SHP-104694,ORD-104694,DC-11,LOADED,Carrier-B,2026-08-25T09:26:00,2026-08-25T09:47:00
SHP-104695,ORD-104695,DC-14,DEPARTED,Carrier-D,2026-08-25T09:00:00,2026-08-25T08:50:00
SHP-104696,ORD-104696,DC-08,BOOKED,Carrier-C,2026-08-25T08:58:00,2026-08-25T08:35:00
SHP-104697,ORD-104697,DC-11,AT_DOCK,Carrier-C,2026-08-25T11:20:00,2026-08-25T10:24:00
SHP-104698,ORD-104698,DC-11,DELAYED,Carrier-B,2026-08-25T10:13:00,2026-08-25T10:35:00
SHP-104699,ORD-104699,DC-07,LOADED,Carrier-D,2026-08-25T10:19:00,2026-08-25T09:26:00
SHP-104700,ORD-104700,DC-02,PLANNED,Carrier-D,2026-08-25T11:09:00,2026-08-25T09:47:00
SHP-104701,ORD-104701,DC-05,DELAYED,Carrier-B,2026-08-25T09:55:00,2026-08-25T09:40:00
SHP-104702,ORD-104702,DC-16,BOOKED,Carrier-A,2026-08-25T11:07:00,2026-08-25T10:17:00
SHP-104703,ORD-104703,DC-09,LOADED,Carrier-D,2026-08-25T09:18:00,2026-08-25T09:41:00
SHP-104704,ORD-104704,DC-15,AT_DOCK,Carrier-A,2026-08-25T09:18:00,2026-08-25T09:42:00
SHP-104705,ORD-104705,DC-03,PLANNED,Carrier-A,2026-08-25T11:34:00,2026-08-25T10:32:00
SHP-104706,ORD-104706,DC-14,DEPARTED,Carrier-A,2026-08-25T10:15:00,2026-08-25T10:28:00
SHP-104707,ORD-104707,DC-01,PLANNED,Carrier-D,2026-08-25T11:34:00,2026-08-25T11:45:00
SHP-104708,ORD-104708,DC-13,AT_DOCK,Carrier-C,2026-08-25T10:44:00,2026-08-25T10:27:00
SHP-104709,ORD-104709,DC-18,LOADED,Carrier-D,2026-08-25T12:02:00,2026-08-25T11:45:00
SHP-104710,ORD-104710,DC-09,DELAYED,Carrier-D,2026-08-25T10:45:00,2026-08-25T11:24:00
SHP-104711,ORD-104711,DC-14,DELAYED,Carrier-A,2026-08-25T12:16:00,2026-08-25T12:44:00
SHP-104712,ORD-104712,DC-14,LOADED,Carrier-B,2026-08-25T11:44:00,2026-08-25T12:20:00
SHP-104713,ORD-104713,DC-05,DEPARTED,Carrier-D,2026-08-25T12:52:00,2026-08-25T12:29:00
SHP-104714,ORD-104714,DC-01,DELAYED,Carrier-B,2026-08-25T11:49:00,2026-08-25T12:16:00
SHP-104715,ORD-104715,DC-11,AT_DOCK,Carrier-C,2026-08-25T12:40:00,2026-08-25T12:21:00
SHP-104716,ORD-104716,DC-17,AT_DOCK,Carrier-A,2026-08-25T12:29:00,2026-08-25T13:02:00
SHP-104717,ORD-104717,DC-15,BOOKED,Carrier-A,2026-08-25T13:27:00,2026-08-25T13:34:00
SHP-104718,ORD-104718,DC-02,DEPARTED,Carrier-D,2026-08-25T11:56:00,2026-08-25T12:08:00
SHP-104719,ORD-104719,DC-14,DELAYED,Carrier-C,2026-08-25T12:22:00,2026-08-25T13:00:00
SHP-104720,ORD-104720,DC-12,BOOKED,Carrier-C,2026-08-25T14:11:00,2026-08-25T13:01:00
SHP-104721,ORD-104721,DC-17,LOADED,Carrier-C,2026-08-25T12:16:00,2026-08-25T12:56:00
SHP-104722,ORD-104722,DC-10,PLANNED,Carrier-D,2026-08-25T13:00:00,2026-08-25T12:52:00
SHP-104723,ORD-104723,DC-13,PLANNED,Carrier-C,2026-08-25T12:21:00,2026-08-25T12:32:00
SHP-104724,ORD-104724,DC-14,DEPARTED,Carrier-A,2026-08-25T13:53:00,2026-08-25T13:46:00
SHP-104725,ORD-104725,DC-13,LOADED,Carrier-A,2026-08-25T14:19:00,2026-08-25T13:00:00
SHP-104726,ORD-104726,DC-10,BOOKED,Carrier-C,2026-08-25T14:18:00,2026-08-25T13:05:00
SHP-104727,ORD-104727,DC-12,BOOKED,Carrier-C,2026-08-25T12:33:00,2026-08-25T13:00:00
SHP-104728,ORD-104728,DC-18,PLANNED,Carrier-A,2026-08-25T14:10:00,2026-08-25T13:43:00
SHP-104729,ORD-104729,DC-04,PLANNED,Carrier-A,2026-08-25T13:39:00,2026-08-25T13:05:00
SHP-104730,ORD-104730,DC-07,PLANNED,Carrier-A,2026-08-25T13:27:00,2026-08-25T13:43:00
SHP-104731,ORD-104731,DC-16,LOADED,Carrier-A,2026-08-25T14:52:00,2026-08-25T15:03:00
SHP-104732,ORD-104732,DC-16,PLANNED,Carrier-A,2026-08-25T14:49:00,2026-08-25T14:04:00
SHP-104733,ORD-104733,DC-04,BOOKED,Carrier-C,2026-08-25T15:51:00,2026-08-25T14:21:00
SHP-104734,ORD-104734,DC-12,DEPARTED,Carrier-B,2026-08-25T15:36:00,2026-08-25T14:28:00
SHP-104735,ORD-104735,DC-14,DELAYED,Carrier-C,2026-08-25T14:13:00,2026-08-25T14:24:00
SHP-104736,ORD-104736,DC-16,AT_DOCK,Carrier-C,2026-08-25T13:34:00,2026-08-25T14:02:00
SHP-104737,ORD-104737,DC-11,DELAYED,Carrier-B,2026-08-25T14:45:00,2026-08-25T15:12:00
SHP-104738,ORD-104738,DC-17,LOADED,Carrier-C,2026-08-25T16:05:00,2026-08-25T15:02:00
SHP-104739,ORD-104739,DC-03,DELAYED,Carrier-B,2026-08-25T16:46:00,2026-08-25T16:02:00
SHP-104740,ORD-104740,DC-15,PLANNED,Carrier-D,2026-08-25T15:27:00,2026-08-25T16:04:00
SHP-104741,ORD-104741,DC-04,LOADED,Carrier-B,2026-08-25T16:20:00,2026-08-25T15:14:00
SHP-104742,ORD-104742,DC-16,LOADED,Carrier-B,2026-08-25T16:23:00,2026-08-25T15:30:00
SHP-104743,ORD-104743,DC-10,LOADED,Carrier-C,2026-08-25T18:04:00,2026-08-25T16:41:00
SHP-104744,ORD-104744,DC-02,DELAYED,Carrier-C,2026-08-25T16:09:00,2026-08-25T16:43:00
SHP-104745,ORD-104745,DC-13,PLANNED,Carrier-D,2026-08-25T16:39:00,2026-08-25T17:14:00
SHP-104746,ORD-104746,DC-10,LOADED,Carrier-B,2026-08-25T16:58:00,2026-08-25T16:10:00
SHP-104747,ORD-104747,DC-13,LOADED,Carrier-A,2026-08-25T16:17:00,2026-08-25T16:42:00
SHP-104748,ORD-104748,DC-10,PLANNED,Carrier-C,2026-08-25T17:45:00,2026-08-25T16:57:00
SHP-104749,ORD-104749,DC-03,PLANNED,Carrier-D,2026-08-25T18:20:00,2026-08-25T18:05:00
SHP-104750,ORD-104750,DC-18,LOADED,Carrier-A,2026-08-25T18:28:00,2026-08-25T17:24:00
SHP-104751,ORD-104751,DC-17,DEPARTED,Carrier-D,2026-08-25T19:13:00,2026-08-25T18:31:00
SHP-104752,ORD-104752,DC-14,BOOKED,Carrier-B,2026-08-25T18:02:00,2026-08-25T17:55:00
SHP-104753,ORD-104753,DC-09,DEPARTED,Carrier-A,2026-08-25T18:00:00,2026-08-25T18:12:00
SHP-104754,ORD-104754,DC-11,DELAYED,Carrier-C,2026-08-25T17:25:00,2026-08-25T17:12:00
SHP-104755,ORD-104755,DC-08,PLANNED,Carrier-A,2026-08-25T18:29:00,2026-08-25T17:44:00
SHP-104756,ORD-104756,DC-08,LOADED,Carrier-C,2026-08-25T19:00:00,2026-08-25T18:18:00
SHP-104757,ORD-104757,DC-10,AT_DOCK,Carrier-B,2026-08-25T20:32:00,2026-08-25T19:19:00
SHP-104758,ORD-104758,DC-01,DELAYED,Carrier-D,2026-08-25T20:17:00,2026-08-25T19:08:00
SHP-104759,ORD-104759,DC-14,DELAYED,Carrier-D,2026-08-25T19:37:00,2026-08-25T18:58:00
SHP-104760,ORD-104760,DC-02,PLANNED,Carrier-B,2026-08-25T17:21:00,2026-08-25T18:04:00
SHP-104761,ORD-104761,DC-11,BOOKED,Carrier-B,2026-08-25T18:11:00,2026-08-25T18:42:00
SHP-104762,ORD-104762,DC-02,LOADED,Carrier-B,2026-08-25T19:18:00,2026-08-25T19:35:00
SHP-104763,ORD-104763,DC-01,DELAYED,Carrier-D,2026-08-25T20:13:00,2026-08-25T19:21:00
SHP-104764,ORD-104764,DC-05,DELAYED,Carrier-D,2026-08-25T17:48:00,2026-08-25T18:28:00
SHP-104765,ORD-104765,DC-06,PLANNED,Carrier-C,2026-08-25T18:58:00,2026-08-25T18:27:00
SHP-104766,ORD-104766,DC-02,BOOKED,Carrier-A,2026-08-25T20:32:00,2026-08-25T20:19:00
SHP-104767,ORD-104767,DC-08,BOOKED,Carrier-D,2026-08-25T19:13:00,2026-08-25T18:39:00
SHP-104768,ORD-104768,DC-16,DEPARTED,Carrier-D,2026-08-25T19:56:00,2026-08-25T19:38:00
SHP-104769,ORD-104769,DC-04,DEPARTED,Carrier-C,2026-08-25T18:32:00,2026-08-25T19:02:00
SHP-104770,ORD-104770,DC-17,BOOKED,Carrier-B,2026-08-25T20:21:00,2026-08-25T19:48:00
SHP-104771,ORD-104771,DC-10,AT_DOCK,Carrier-D,2026-08-25T21:15:00,2026-08-25T20:45:00
SHP-104772,ORD-104772,DC-03,PLANNED,Carrier-A,2026-08-25T21:13:00,2026-08-25T19:43:00
SHP-104773,ORD-104773,DC-13,DEPARTED,Carrier-A,2026-08-25T19:01:00,2026-08-25T19:13:00
SHP-104774,ORD-104774,DC-18,DEPARTED,Carrier-D,2026-08-25T19:08:00,2026-08-25T19:16:00
SHP-104775,ORD-104775,DC-17,PLANNED,Carrier-D,2026-08-25T21:45:00,2026-08-25T20:20:00
SHP-104776,ORD-104776,DC-18,DEPARTED,Carrier-C,2026-08-25T20:29:00,2026-08-25T21:04:00
SHP-104777,ORD-104777,DC-10,DEPARTED,Carrier-D,2026-08-25T20:59:00,2026-08-25T21:05:00
SHP-104778,ORD-104778,DC-17,PLANNED,Carrier-A,2026-08-25T20:52:00,2026-08-25T20:32:00
SHP-104779,ORD-104779,DC-13,LOADED,Carrier-C,2026-08-25T20:12:00,2026-08-25T19:55:00
SHP-104780,ORD-104780,DC-13,DELAYED,Carrier-D,2026-08-25T21:29:00,2026-08-25T20:04:00
SHP-104781,ORD-104781,DC-16,BOOKED,Carrier-B,2026-08-25T20:34:00,2026-08-25T20:06:00
SHP-104782,ORD-104782,DC-13,AT_DOCK,Carrier-A,2026-08-25T20:15:00,2026-08-25T20:41:00
SHP-104783,ORD-104783,DC-06,DEPARTED,Carrier-D,2026-08-25T22:36:00,2026-08-25T21:35:00
SHP-104784,ORD-104784,DC-05,DEPARTED,Carrier-C,2026-08-25T22:15:00,2026-08-25T21:35:00
SHP-104785,ORD-104785,DC-14,DEPARTED,Carrier-B,2026-08-25T22:03:00,2026-08-25T22:16:00
SHP-104786,ORD-104786,DC-03,PLANNED,Carrier-D,2026-08-25T22:38:00,2026-08-25T21:08:00
SHP-104787,ORD-104787,DC-08,AT_DOCK,Carrier-B,2026-08-25T23:23:00,2026-08-25T22:06:00
SHP-104788,ORD-104788,DC-12,DEPARTED,Carrier-C,2026-08-25T23:39:00,2026-08-25T23:13:00
SHP-104789,ORD-104789,DC-11,BOOKED,Carrier-D,2026-08-25T23:20:00,2026-08-25T21:52:00
SHP-104790,ORD-104790,DC-17,AT_DOCK,Carrier-D,2026-08-25T22:18:00,2026-08-25T22:11:00
SHP-104791,ORD-104791,DC-16,LOADED,Carrier-C,2026-08-25T22:24:00,2026-08-25T22:31:00
SHP-104792,ORD-104792,DC-02,PLANNED,Carrier-A,2026-08-26T00:35:00,2026-08-25T23:09:00
SHP-104793,ORD-104793,DC-10,BOOKED,Carrier-B,2026-08-25T22:39:00,2026-08-25T23:00:00
SHP-104794,ORD-104794,DC-05,DEPARTED,Carrier-B,2026-08-25T23:40:00,2026-08-25T23:26:00
SHP-104795,ORD-104795,DC-05,BOOKED,Carrier-B,2026-08-25T23:10:00,2026-08-25T22:45:00
SHP-104796,ORD-104796,DC-17,AT_DOCK,Carrier-D,2026-08-25T23:13:00,2026-08-25T23:34:00
SHP-104797,ORD-104797,DC-07,AT_DOCK,Carrier-D,2026-08-25T22:21:00,2026-08-25T22:08:00
SHP-104798,ORD-104798,DC-01,DELAYED,Carrier-B,2026-08-25T22:19:00,2026-08-25T23:04:00
SHP-104799,ORD-104799,DC-16,PLANNED,Carrier-A,2026-08-25T23:58:00,2026-08-26T00:08:00
SHP-104800,ORD-104800,DC-15,LOADED,Carrier-D,2026-08-25T23:09:00,2026-08-25T22:17:00
SHP-104801,ORD-104801,DC-07,PLANNED,Carrier-A,2026-08-25T23:47:00,2026-08-25T22:43:00
SHP-104802,ORD-104802,DC-16,PLANNED,Carrier-A,2026-08-25T21:50:00,2026-08-25T22:26:00
SHP-104803,ORD-104803,DC-12,PLANNED,Carrier-C,2026-08-25T22:50:00,2026-08-25T23:05:00
SHP-104804,ORD-104804,DC-13,DELAYED,Carrier-D,2026-08-26T00:08:00,2026-08-25T23:48:00
SHP-104805,ORD-104805,DC-18,PLANNED,Carrier-C,2026-08-26T00:27:00,2026-08-25T23:55:00
SHP-104806,ORD-104806,DC-06,DELAYED,Carrier-A,2026-08-25T23:51:00,2026-08-25T23:41:00
SHP-104807,ORD-104807,DC-16,LOADED,Carrier-B,2026-08-26T02:27:00,2026-08-26T01:22:00
SHP-104808,ORD-104808,DC-02,AT_DOCK,Carrier-A,2026-08-26T00:54:00,2026-08-26T01:32:00
SHP-104809,ORD-104809,DC-05,PLANNED,Carrier-C,2026-08-26T02:34:00,2026-08-26T01:24:00
SHP-104810,ORD-104810,DC-08,LOADED,Carrier-C,2026-08-26T02:24:00,2026-08-26T01:40:00
SHP-104811,ORD-104811,DC-07,BOOKED,Carrier-A,2026-08-26T02:47:00,2026-08-26T01:32:00
SHP-104812,ORD-104812,DC-08,LOADED,Carrier-C,2026-08-26T03:07:00,2026-08-26T02:01:00
SHP-104813,ORD-104813,DC-10,AT_DOCK,Carrier-A,2026-08-26T01:20:00,2026-08-26T00:48:00
SHP-104814,ORD-104814,DC-11,LOADED,Carrier-B,2026-08-26T02:31:00,2026-08-26T01:07:00
SHP-104815,ORD-104815,DC-01,PLANNED,Carrier-C,2026-08-26T03:29:00,2026-08-26T02:38:00
SHP-104816,ORD-104816,DC-12,BOOKED,Carrier-C,2026-08-26T02:34:00,2026-08-26T02:21:00
SHP-104817,ORD-104817,DC-12,PLANNED,Carrier-C,2026-08-26T02:58:00,2026-08-26T02:02:00
SHP-104818,ORD-104818,DC-18,DEPARTED,Carrier-D,2026-08-26T03:02:00,2026-08-26T02:43:00
SHP-104819,ORD-104819,DC-08,PLANNED,Carrier-A,2026-08-26T01:45:00,2026-08-26T02:05:00
SHP-104820,ORD-104820,DC-13,DELAYED,Carrier-A,2026-08-26T02:34:00,2026-08-26T02:46:00
SHP-104821,ORD-104821,DC-05,BOOKED,Carrier-D,2026-08-26T03:51:00,2026-08-26T02:29:00
SHP-104822,ORD-104822,DC-05,BOOKED,Carrier-C,2026-08-26T04:13:00,2026-08-26T03:09:00
SHP-104823,ORD-104823,DC-03,DELAYED,Carrier-A,2026-08-26T01:11:00,2026-08-26T01:43:00
SHP-104824,ORD-104824,DC-03,PLANNED,Carrier-B,2026-08-26T03:00:00,2026-08-26T01:41:00
SHP-104825,ORD-104825,DC-06,BOOKED,Carrier-D,2026-08-26T02:17:00,2026-08-26T02:43:00
SHP-104826,ORD-104826,DC-07,DEPARTED,Carrier-D,2026-08-26T03:09:00,2026-08-26T03:43:00
SHP-104827,ORD-104827,DC-09,DEPARTED,Carrier-B,2026-08-26T04:48:00,2026-08-26T03:54:00
SHP-104828,ORD-104828,DC-07,AT_DOCK,Carrier-D,2026-08-26T04:04:00,2026-08-26T03:46:00
SHP-104829,ORD-104829,DC-17,BOOKED,Carrier-C,2026-08-26T05:53:00,2026-08-26T04:53:00
SHP-104830,ORD-104830,DC-11,AT_DOCK,Carrier-A,2026-08-26T05:46:00,2026-08-26T04:33:00
SHP-104831,ORD-104831,DC-01,BOOKED,Carrier-C,2026-08-26T04:23:00,2026-08-26T04:49:00
SHP-104832,ORD-104832,DC-04,BOOKED,Carrier-A,2026-08-26T04:15:00,2026-08-26T04:30:00
SHP-104833,ORD-104833,DC-09,PLANNED,Carrier-A,2026-08-26T05:25:00,2026-08-26T05:15:00
SHP-104834,ORD-104834,DC-07,LOADED,Carrier-B,2026-08-26T05:21:00,2026-08-26T05:09:00
SHP-104835,ORD-104835,DC-06,LOADED,Carrier-C,2026-08-26T06:04:00,2026-08-26T05:21:00
SHP-104836,ORD-104836,DC-16,LOADED,Carrier-A,2026-08-26T05:40:00,2026-08-26T04:52:00
SHP-104837,ORD-104837,DC-03,DELAYED,Carrier-D,2026-08-26T03:50:00,2026-08-26T04:31:00
SHP-104838,ORD-104838,DC-03,DEPARTED,Carrier-B,2026-08-26T05:08:00,2026-08-26T05:43:00
SHP-104839,ORD-104839,DC-10,PLANNED,Carrier-A,2026-08-26T05:04:00,2026-08-26T04:21:00
SHP-104840,ORD-104840,DC-05,DEPARTED,Carrier-C,2026-08-26T05:19:00,2026-08-26T05:14:00
SHP-104841,ORD-104841,DC-02,PLANNED,Carrier-C,2026-08-26T05:09:00,2026-08-26T04:14:00
SHP-104842,ORD-104842,DC-02,AT_DOCK,Carrier-A,2026-08-26T05:47:00,2026-08-26T04:40:00
SHP-104843,ORD-104843,DC-17,LOADED,Carrier-D,2026-08-26T04:53:00,2026-08-26T04:16:00
SHP-104844,ORD-104844,DC-10,LOADED,Carrier-C,2026-08-26T05:28:00,2026-08-26T04:34:00
SHP-104845,ORD-104845,DC-07,PLANNED,Carrier-D,2026-08-26T05:50:00,2026-08-26T04:52:00
SHP-104846,ORD-104846,DC-03,DEPARTED,Carrier-B,2026-08-26T04:34:00,2026-08-26T05:12:00
SHP-104847,ORD-104847,DC-12,DEPARTED,Carrier-A,2026-08-26T07:42:00,2026-08-26T06:17:00
SHP-104848,ORD-104848,DC-07,AT_DOCK,Carrier-B,2026-08-26T08:08:00,2026-08-26T06:45:00
SHP-104849,ORD-104849,DC-01,DELAYED,Carrier-A,2026-08-26T05:03:00,2026-08-26T05:20:00
SHP-104850,ORD-104850,DC-16,PLANNED,Carrier-C,2026-08-26T05:22:00,2026-08-26T05:56:00
SHP-104851,ORD-104851,DC-02,LOADED,Carrier-D,2026-08-26T05:59:00,2026-08-26T05:27:00
SHP-104852,ORD-104852,DC-03,DEPARTED,Carrier-D,2026-08-26T05:43:00,2026-08-26T05:16:00
SHP-104853,ORD-104853,DC-01,AT_DOCK,Carrier-C,2026-08-26T06:07:00,2026-08-26T06:42:00
SHP-104854,ORD-104854,DC-17,LOADED,Carrier-A,2026-08-26T07:42:00,2026-08-26T06:59:00
SHP-104855,ORD-104855,DC-15,DEPARTED,Carrier-D,2026-08-26T07:36:00,2026-08-26T06:43:00
SHP-104856,ORD-104856,DC-13,AT_DOCK,Carrier-D,2026-08-26T07:02:00,2026-08-26T05:59:00
SHP-104857,ORD-104857,DC-07,DEPARTED,Carrier-D,2026-08-26T06:11:00,2026-08-26T05:47:00
SHP-104858,ORD-104858,DC-12,DEPARTED,Carrier-C,2026-08-26T07:21:00,2026-08-26T06:16:00
SHP-104859,ORD-104859,DC-12,BOOKED,Carrier-B,2026-08-26T05:59:00,2026-08-26T05:46:00
SHP-104860,ORD-104860,DC-08,DEPARTED,Carrier-A,2026-08-26T06:31:00,2026-08-26T07:16:00
SHP-104861,ORD-104861,DC-15,BOOKED,Carrier-B,2026-08-26T06:38:00,2026-08-26T06:49:00
SHP-104862,ORD-104862,DC-18,AT_DOCK,Carrier-B,2026-08-26T05:46:00,2026-08-26T06:08:00
SHP-104863,ORD-104863,DC-16,DEPARTED,Carrier-C,2026-08-26T08:04:00,2026-08-26T07:00:00
SHP-104864,ORD-104864,DC-17,BOOKED,Carrier-D,2026-08-26T08:44:00,2026-08-26T07:39:00
SHP-104865,ORD-104865,DC-17,LOADED,Carrier-B,2026-08-26T07:22:00,2026-08-26T08:02:00
SHP-104866,ORD-104866,DC-15,PLANNED,Carrier-D,2026-08-26T08:12:00,2026-08-26T06:47:00
SHP-104867,ORD-104867,DC-17,BOOKED,Carrier-D,2026-08-26T08:48:00,2026-08-26T08:18:00
SHP-104868,ORD-104868,DC-07,PLANNED,Carrier-D,2026-08-26T08:41:00,2026-08-26T07:15:00
SHP-104869,ORD-104869,DC-15,PLANNED,Carrier-A,2026-08-26T09:13:00,2026-08-26T08:15:00
SHP-104870,ORD-104870,DC-18,DELAYED,Carrier-B,2026-08-26T09:36:00,2026-08-26T09:01:00
SHP-104871,ORD-104871,DC-03,DELAYED,Carrier-D,2026-08-26T09:20:00,2026-08-26T08:35:00
SHP-104872,ORD-104872,DC-07,DELAYED,Carrier-C,2026-08-26T08:43:00,2026-08-26T09:01:00
SHP-104873,ORD-104873,DC-13,DELAYED,Carrier-D,2026-08-26T07:57:00,2026-08-26T07:47:00
SHP-104874,ORD-104874,DC-13,PLANNED,Carrier-B,2026-08-26T08:39:00,2026-08-26T09:02:00
SHP-104875,ORD-104875,DC-05,DEPARTED,Carrier-C,2026-08-26T09:12:00,2026-08-26T09:19:00
SHP-104876,ORD-104876,DC-09,LOADED,Carrier-B,2026-08-26T09:34:00,2026-08-26T09:18:00
SHP-104877,ORD-104877,DC-15,BOOKED,Carrier-C,2026-08-26T07:42:00,2026-08-26T08:26:00
SHP-104878,ORD-104878,DC-04,PLANNED,Carrier-C,2026-08-26T06:59:00,2026-08-26T07:44:00
SHP-104879,ORD-104879,DC-03,BOOKED,Carrier-D,2026-08-26T08:33:00,2026-08-26T07:58:00
SHP-104880,ORD-104880,DC-18,DEPARTED,Carrier-B,2026-08-26T09:00:00,2026-08-26T08:23:00
SHP-104881,ORD-104881,DC-13,DEPARTED,Carrier-A,2026-08-26T08:50:00,2026-08-26T08:39:00
SHP-104882,ORD-104882,DC-14,AT_DOCK,Carrier-B,2026-08-26T09:24:00,2026-08-26T09:37:00
SHP-104883,ORD-104883,DC-18,DELAYED,Carrier-A,2026-08-26T10:38:00,2026-08-26T10:14:00
SHP-104884,ORD-104884,DC-07,DEPARTED,Carrier-B,2026-08-26T10:07:00,2026-08-26T09:58:00
SHP-104885,ORD-104885,DC-16,DELAYED,Carrier-B,2026-08-26T10:23:00,2026-08-26T09:12:00
SHP-104886,ORD-104886,DC-08,BOOKED,Carrier-D,2026-08-26T10:54:00,2026-08-26T10:12:00
SHP-104887,ORD-104887,DC-17,DEPARTED,Carrier-D,2026-08-26T11:04:00,2026-08-26T09:41:00
SHP-104888,ORD-104888,DC-09,DEPARTED,Carrier-C,2026-08-26T10:14:00,2026-08-26T09:14:00
SHP-104889,ORD-104889,DC-10,AT_DOCK,Carrier-A,2026-08-26T10:00:00,2026-08-26T10:18:00
SHP-104890,ORD-104890,DC-09,LOADED,Carrier-A,2026-08-26T09:42:00,2026-08-26T09:52:00
SHP-104891,ORD-104891,DC-17,AT_DOCK,Carrier-A,2026-08-26T09:31:00,2026-08-26T10:04:00
SHP-104892,ORD-104892,DC-10,DELAYED,Carrier-C,2026-08-26T12:14:00,2026-08-26T10:52:00
SHP-104893,ORD-104893,DC-15,AT_DOCK,Carrier-C,2026-08-26T09:12:00,2026-08-26T09:52:00
SHP-104894,ORD-104894,DC-13,BOOKED,Carrier-B,2026-08-26T11:02:00,2026-08-26T09:56:00
SHP-104895,ORD-104895,DC-03,LOADED,Carrier-C,2026-08-26T11:36:00,2026-08-26T11:21:00
SHP-104896,ORD-104896,DC-16,DELAYED,Carrier-A,2026-08-26T11:10:00,2026-08-26T11:21:00
SHP-104897,ORD-104897,DC-07,DELAYED,Carrier-C,2026-08-26T11:47:00,2026-08-26T10:56:00
SHP-104898,ORD-104898,DC-05,BOOKED,Carrier-A,2026-08-26T10:05:00,2026-08-26T09:41:00
SHP-104899,ORD-104899,DC-16,DELAYED,Carrier-A,2026-08-26T11:55:00,2026-08-26T10:59:00
SHP-104900,ORD-104900,DC-12,AT_DOCK,Carrier-A,2026-08-26T11:00:00,2026-08-26T10:40:00
SHP-104901,ORD-104901,DC-10,PLANNED,Carrier-B,2026-08-26T11:07:00,2026-08-26T11:19:00
SHP-104902,ORD-104902,DC-11,AT_DOCK,Carrier-C,2026-08-26T10:40:00,2026-08-26T10:28:00
SHP-104903,ORD-104903,DC-07,BOOKED,Carrier-D,2026-08-26T11:04:00,2026-08-26T11:47:00
SHP-104904,ORD-104904,DC-17,PLANNED,Carrier-C,2026-08-26T12:48:00,2026-08-26T11:20:00
SHP-104905,ORD-104905,DC-12,BOOKED,Carrier-D,2026-08-26T11:12:00,2026-08-26T10:47:00
SHP-104906,ORD-104906,DC-07,PLANNED,Carrier-A,2026-08-26T12:31:00,2026-08-26T11:23:00
SHP-104907,ORD-104907,DC-02,LOADED,Carrier-D,2026-08-26T12:36:00,2026-08-26T12:02:00
SHP-104908,ORD-104908,DC-13,DELAYED,Carrier-B,2026-08-26T11:23:00,2026-08-26T12:04:00
SHP-104909,ORD-104909,DC-04,DELAYED,Carrier-C,2026-08-26T11:05:00,2026-08-26T10:56:00
SHP-104910,ORD-104910,DC-06,LOADED,Carrier-D,2026-08-26T14:06:00,2026-08-26T12:37:00
SHP-104911,ORD-104911,DC-08,DELAYED,Carrier-B,2026-08-26T10:46:00,2026-08-26T11:02:00
SHP-104912,ORD-104912,DC-06,DELAYED,Carrier-D,2026-08-26T11:47:00,2026-08-26T11:24:00
SHP-104913,ORD-104913,DC-06,BOOKED,Carrier-B,2026-08-26T14:13:00,2026-08-26T12:55:00
SHP-104914,ORD-104914,DC-13,PLANNED,Carrier-C,2026-08-26T13:48:00,2026-08-26T13:17:00
SHP-104915,ORD-104915,DC-07,LOADED,Carrier-A,2026-08-26T12:52:00,2026-08-26T12:35:00
SHP-104916,ORD-104916,DC-12,AT_DOCK,Carrier-C,2026-08-26T13:17:00,2026-08-26T13:04:00
SHP-104917,ORD-104917,DC-17,DELAYED,Carrier-B,2026-08-26T13:50:00,2026-08-26T13:29:00
SHP-104918,ORD-104918,DC-03,DELAYED,Carrier-A,2026-08-26T11:26:00,2026-08-26T11:56:00
SHP-104919,ORD-104919,DC-01,DEPARTED,Carrier-C,2026-08-26T12:49:00,2026-08-26T12:00:00
SHP-104920,ORD-104920,DC-17,DELAYED,Carrier-D,2026-08-26T11:36:00,2026-08-26T12:10:00
SHP-104921,ORD-104921,DC-02,LOADED,Carrier-D,2026-08-26T14:12:00,2026-08-26T13:17:00
SHP-104922,ORD-104922,DC-04,DEPARTED,Carrier-A,2026-08-26T13:44:00,2026-08-26T12:17:00
SHP-104923,ORD-104923,DC-15,PLANNED,Carrier-A,2026-08-26T11:35:00,2026-08-26T12:09:00
SHP-104924,ORD-104924,DC-08,DELAYED,Carrier-C,2026-08-26T12:27:00,2026-08-26T12:47:00
SHP-104925,ORD-104925,DC-10,BOOKED,Carrier-B,2026-08-26T13:49:00,2026-08-26T13:15:00
SHP-104926,ORD-104926,DC-05,LOADED,Carrier-C,2026-08-26T13:44:00,2026-08-26T13:35:00
SHP-104927,ORD-104927,DC-14,AT_DOCK,Carrier-A,2026-08-26T13:40:00,2026-08-26T14:25:00
SHP-104928,ORD-104928,DC-13,AT_DOCK,Carrier-A,2026-08-26T14:12:00,2026-08-26T14:55:00
SHP-104929,ORD-104929,DC-04,DELAYED,Carrier-A,2026-08-26T14:29:00,2026-08-26T15:01:00
SHP-104930,ORD-104930,DC-12,PLANNED,Carrier-D,2026-08-26T14:35:00,2026-08-26T14:58:00
SHP-104931,ORD-104931,DC-14,BOOKED,Carrier-C,2026-08-26T14:09:00,2026-08-26T14:00:00
SHP-104932,ORD-104932,DC-17,AT_DOCK,Carrier-B,2026-08-26T15:26:00,2026-08-26T14:19:00
SHP-104933,ORD-104933,DC-02,AT_DOCK,Carrier-D,2026-08-26T14:14:00,2026-08-26T14:39:00
SHP-104934,ORD-104934,DC-14,DELAYED,Carrier-C,2026-08-26T15:50:00,2026-08-26T14:59:00
SHP-104935,ORD-104935,DC-11,BOOKED,Carrier-C,2026-08-26T16:13:00,2026-08-26T15:44:00
SHP-104936,ORD-104936,DC-17,DELAYED,Carrier-A,2026-08-26T13:36:00,2026-08-26T14:13:00
SHP-104937,ORD-104937,DC-12,DELAYED,Carrier-C,2026-08-26T16:16:00,2026-08-26T15:27:00
SHP-104938,ORD-104938,DC-06,BOOKED,Carrier-D,2026-08-26T15:15:00,2026-08-26T15:23:00
SHP-104939,ORD-104939,DC-01,AT_DOCK,Carrier-A,2026-08-26T14:14:00,2026-08-26T14:50:00
SHP-104940,ORD-104940,DC-18,LOADED,Carrier-A,2026-08-26T15:48:00,2026-08-26T14:53:00
SHP-104941,ORD-104941,DC-17,LOADED,Carrier-D,2026-08-26T16:05:00,2026-08-26T15:06:00
SHP-104942,ORD-104942,DC-14,AT_DOCK,Carrier-D,2026-08-26T15:32:00,2026-08-26T14:33:00
SHP-104943,ORD-104943,DC-18,LOADED,Carrier-D,2026-08-26T16:48:00,2026-08-26T15:58:00
SHP-104944,ORD-104944,DC-03,AT_DOCK,Carrier-A,2026-08-26T16:33:00,2026-08-26T15:58:00
SHP-104945,ORD-104945,DC-01,DEPARTED,Carrier-B,2026-08-26T16:51:00,2026-08-26T16:13:00
SHP-104946,ORD-104946,DC-12,DEPARTED,Carrier-C,2026-08-26T14:43:00,2026-08-26T14:57:00
SHP-104947,ORD-104947,DC-15,BOOKED,Carrier-C,2026-08-26T17:21:00,2026-08-26T16:09:00
SHP-104948,ORD-104948,DC-04,PLANNED,Carrier-D,2026-08-26T17:04:00,2026-08-26T16:27:00
SHP-104949,ORD-104949,DC-18,AT_DOCK,Carrier-A,2026-08-26T16:00:00,2026-08-26T15:00:00
SHP-104950,ORD-104950,DC-18,PLANNED,Carrier-A,2026-08-26T17:45:00,2026-08-26T16:43:00
SHP-104951,ORD-104951,DC-03,DELAYED,Carrier-A,2026-08-26T15:20:00,2026-08-26T15:49:00
SHP-104952,ORD-104952,DC-10,DELAYED,Carrier-B,2026-08-26T17:35:00,2026-08-26T17:14:00
SHP-104953,ORD-104953,DC-03,DELAYED,Carrier-B,2026-08-26T16:08:00,2026-08-26T15:53:00
SHP-104954,ORD-104954,DC-09,LOADED,Carrier-B,2026-08-26T16:34:00,2026-08-26T16:58:00
SHP-104955,ORD-104955,DC-14,PLANNED,Carrier-B,2026-08-26T16:59:00,2026-08-26T17:06:00
SHP-104956,ORD-104956,DC-01,LOADED,Carrier-D,2026-08-26T16:47:00,2026-08-26T16:26:00
SHP-104957,ORD-104957,DC-17,AT_DOCK,Carrier-D,2026-08-26T16:29:00,2026-08-26T16:34:00
SHP-104958,ORD-104958,DC-15,AT_DOCK,Carrier-B,2026-08-26T16:31:00,2026-08-26T16:59:00
SHP-104959,ORD-104959,DC-13,LOADED,Carrier-D,2026-08-26T17:22:00,2026-08-26T17:12:00
SHP-104960,ORD-104960,DC-01,LOADED,Carrier-A,2026-08-26T15:32:00,2026-08-26T16:14:00
SHP-104961,ORD-104961,DC-06,LOADED,Carrier-D,2026-08-26T15:29:00,2026-08-26T16:08:00
SHP-104962,ORD-104962,DC-13,AT_DOCK,Carrier-D,2026-08-26T17:39:00,2026-08-26T17:31:00
SHP-104963,ORD-104963,DC-05,PLANNED,Carrier-A,2026-08-26T17:10:00,2026-08-26T17:47:00
SHP-104964,ORD-104964,DC-01,AT_DOCK,Carrier-C,2026-08-26T17:38:00,2026-08-26T17:53:00
SHP-104965,ORD-104965,DC-11,LOADED,Carrier-C,2026-08-26T17:56:00,2026-08-26T18:23:00
SHP-104966,ORD-104966,DC-13,BOOKED,Carrier-A,2026-08-26T18:56:00,2026-08-26T17:56:00
SHP-104967,ORD-104967,DC-02,PLANNED,Carrier-A,2026-08-26T18:31:00,2026-08-26T17:12:00
SHP-104968,ORD-104968,DC-04,AT_DOCK,Carrier-B,2026-08-26T18:59:00,2026-08-26T18:32:00
SHP-104969,ORD-104969,DC-02,AT_DOCK,Carrier-A,2026-08-26T17:46:00,2026-08-26T17:09:00
SHP-104970,ORD-104970,DC-14,PLANNED,Carrier-D,2026-08-26T17:25:00,2026-08-26T17:57:00
SHP-104971,ORD-104971,DC-11,AT_DOCK,Carrier-A,2026-08-26T18:32:00,2026-08-26T18:21:00
SHP-104972,ORD-104972,DC-08,DELAYED,Carrier-A,2026-08-26T20:35:00,2026-08-26T19:05:00
SHP-104973,ORD-104973,DC-11,AT_DOCK,Carrier-C,2026-08-26T18:26:00,2026-08-26T18:49:00
SHP-104974,ORD-104974,DC-04,PLANNED,Carrier-C,2026-08-26T19:24:00,2026-08-26T18:43:00
SHP-104975,ORD-104975,DC-05,PLANNED,Carrier-A,2026-08-26T18:03:00,2026-08-26T17:58:00
SHP-104976,ORD-104976,DC-14,DEPARTED,Carrier-D,2026-08-26T19:08:00,2026-08-26T17:54:00
SHP-104977,ORD-104977,DC-07,AT_DOCK,Carrier-A,2026-08-26T19:02:00,2026-08-26T18:13:00
SHP-104978,ORD-104978,DC-13,DELAYED,Carrier-A,2026-08-26T17:59:00,2026-08-26T18:31:00
SHP-104979,ORD-104979,DC-10,AT_DOCK,Carrier-C,2026-08-26T19:08:00,2026-08-26T19:25:00
SHP-104980,ORD-104980,DC-10,PLANNED,Carrier-B,2026-08-26T20:01:00,2026-08-26T19:27:00
SHP-104981,ORD-104981,DC-02,PLANNED,Carrier-B,2026-08-26T21:29:00,2026-08-26T20:04:00
SHP-104982,ORD-104982,DC-05,DELAYED,Carrier-C,2026-08-26T19:44:00,2026-08-26T19:58:00
SHP-104983,ORD-104983,DC-09,BOOKED,Carrier-C,2026-08-26T19:25:00,2026-08-26T19:46:00
SHP-104984,ORD-104984,DC-18,LOADED,Carrier-C,2026-08-26T20:42:00,2026-08-26T20:07:00
SHP-104985,ORD-104985,DC-06,DELAYED,Carrier-A,2026-08-26T19:19:00,2026-08-26T19:45:00
SHP-104986,ORD-104986,DC-07,BOOKED,Carrier-A,2026-08-26T21:22:00,2026-08-26T20:33:00
SHP-104987,ORD-104987,DC-04,DELAYED,Carrier-B,2026-08-26T19:48:00,2026-08-26T19:40:00
SHP-104988,ORD-104988,DC-15,DELAYED,Carrier-D,2026-08-26T19:53:00,2026-08-26T20:17:00
SHP-104989,ORD-104989,DC-04,LOADED,Carrier-C,2026-08-26T21:34:00,2026-08-26T20:51:00
SHP-104990,ORD-104990,DC-01,DEPARTED,Carrier-B,2026-08-26T22:50:00,2026-08-26T21:23:00
SHP-104991,ORD-104991,DC-02,PLANNED,Carrier-C,2026-08-26T21:19:00,2026-08-26T20:51:00
SHP-104992,ORD-104992,DC-06,PLANNED,Carrier-A,2026-08-26T22:07:00,2026-08-26T20:52:00
SHP-104993,ORD-104993,DC-17,DEPARTED,Carrier-C,2026-08-26T20:30:00,2026-08-26T21:08:00
SHP-104994,ORD-104994,DC-09,BOOKED,Carrier-D,2026-08-26T21:49:00,2026-08-26T20:52:00
SHP-104995,ORD-104995,DC-16,AT_DOCK,Carrier-C,2026-08-26T22:38:00,2026-08-26T21:46:00
SHP-104996,ORD-104996,DC-08,PLANNED,Carrier-A,2026-08-26T22:47:00,2026-08-26T22:34:00
SHP-104997,ORD-104997,DC-16,BOOKED,Carrier-B,2026-08-26T22:10:00,2026-08-26T22:21:00
SHP-104998,ORD-104998,DC-17,BOOKED,Carrier-C,2026-08-26T21:19:00,2026-08-26T21:13:00
SHP-104999,ORD-104999,DC-18,DEPARTED,Carrier-D,2026-08-26T20:43:00,2026-08-26T21:18:00
SHP-105000,ORD-105000,DC-15,PLANNED,Carrier-D,2026-08-26T21:26:00,2026-08-26T21:49:00
SHP-105001,ORD-105001,DC-03,LOADED,Carrier-C,2026-08-26T21:40:00,2026-08-26T21:48:00
SHP-105002,ORD-105002,DC-11,AT_DOCK,Carrier-D,2026-08-26T21:19:00,2026-08-26T21:45:00
SHP-105003,ORD-105003,DC-08,BOOKED,Carrier-B,2026-08-26T23:35:00,2026-08-26T23:05:00
SHP-105004,ORD-105004,DC-17,PLANNED,Carrier-A,2026-08-26T22:43:00,2026-08-26T22:24:00
SHP-105005,ORD-105005,DC-08,DEPARTED,Carrier-C,2026-08-26T22:59:00,2026-08-26T23:07:00
SHP-105006,ORD-105006,DC-16,DELAYED,Carrier-B,2026-08-27T00:37:00,2026-08-26T23:20:00
SHP-105007,ORD-105007,DC-01,DELAYED,Carrier-D,2026-08-26T23:30:00,2026-08-26T22:27:00
SHP-105008,ORD-105008,DC-18,DEPARTED,Carrier-A,2026-08-26T22:43:00,2026-08-26T22:00:00
SHP-105009,ORD-105009,DC-07,DEPARTED,Carrier-B,2026-08-26T23:31:00,2026-08-26T22:24:00
SHP-105010,ORD-105010,DC-14,BOOKED,Carrier-A,2026-08-26T22:30:00,2026-08-26T22:55:00
SHP-105011,ORD-105011,DC-07,AT_DOCK,Carrier-A,2026-08-26T22:00:00,2026-08-26T22:30:00
SHP-105012,ORD-105012,DC-04,PLANNED,Carrier-B,2026-08-27T00:53:00,2026-08-27T00:21:00
SHP-105013,ORD-105013,DC-06,BOOKED,Carrier-A,2026-08-27T00:22:00,2026-08-26T23:57:00
SHP-105014,ORD-105014,DC-15,DEPARTED,Carrier-A,2026-08-27T00:34:00,2026-08-26T23:29:00
SHP-105015,ORD-105015,DC-13,AT_DOCK,Carrier-B,2026-08-26T23:59:00,2026-08-26T22:58:00
SHP-105016,ORD-105016,DC-13,AT_DOCK,Carrier-A,2026-08-26T23:18:00,2026-08-26T23:40:00
SHP-105017,ORD-105017,DC-10,PLANNED,Carrier-D,2026-08-27T00:15:00,2026-08-27T00:31:00
SHP-105018,ORD-105018,DC-17,LOADED,Carrier-A,2026-08-27T01:03:00,2026-08-26T23:44:00
SHP-105019,ORD-105019,DC-06,DELAYED,Carrier-B,2026-08-27T01:19:00,2026-08-27T01:14:00
SHP-105020,ORD-105020,DC-08,DELAYED,Carrier-B,2026-08-27T00:49:00,2026-08-27T00:13:00
SHP-105021,ORD-105021,DC-09,DEPARTED,Carrier-B,2026-08-27T01:19:00,2026-08-27T01:24:00
SHP-105022,ORD-105022,DC-14,AT_DOCK,Carrier-A,2026-08-27T01:33:00,2026-08-27T00:12:00
SHP-105023,ORD-105023,DC-02,AT_DOCK,Carrier-A,2026-08-27T00:47:00,2026-08-27T00:09:00
SHP-105024,ORD-105024,DC-04,PLANNED,Carrier-A,2026-08-27T00:14:00,2026-08-27T00:53:00
SHP-105025,ORD-105025,DC-12,BOOKED,Carrier-D,2026-08-26T23:45:00,2026-08-27T00:04:00
SHP-105026,ORD-105026,DC-11,LOADED,Carrier-C,2026-08-27T00:58:00,2026-08-27T01:40:00
SHP-105027,ORD-105027,DC-05,AT_DOCK,Carrier-A,2026-08-27T02:45:00,2026-08-27T01:27:00
SHP-105028,ORD-105028,DC-10,PLANNED,Carrier-A,2026-08-27T01:10:00,2026-08-27T00:24:00
SHP-105029,ORD-105029,DC-04,AT_DOCK,Carrier-A,2026-08-27T01:55:00,2026-08-27T00:52:00
SHP-105030,ORD-105030,DC-16,BOOKED,Carrier-B,2026-08-27T02:04:00,2026-08-27T02:18:00
SHP-105031,ORD-105031,DC-17,DELAYED,Carrier-B,2026-08-27T02:12:00,2026-08-27T02:27:00
SHP-105032,ORD-105032,DC-06,PLANNED,Carrier-B,2026-08-27T01:23:00,2026-08-27T01:55:00
SHP-105033,ORD-105033,DC-06,DEPARTED,Carrier-C,2026-08-27T02:45:00,2026-08-27T02:10:00
SHP-105034,ORD-105034,DC-15,BOOKED,Carrier-D,2026-08-27T01:31:00,2026-08-27T02:13:00
SHP-105035,ORD-105035,DC-07,LOADED,Carrier-A,2026-08-27T03:29:00,2026-08-27T02:16:00
SHP-105036,ORD-105036,DC-03,PLANNED,Carrier-D,2026-08-27T04:08:00,2026-08-27T03:14:00
SHP-105037,ORD-105037,DC-15,DELAYED,Carrier-B,2026-08-27T03:13:00,2026-08-27T02:39:00
SHP-105038,ORD-105038,DC-02,PLANNED,Carrier-B,2026-08-27T02:45:00,2026-08-27T03:05:00
SHP-105039,ORD-105039,DC-04,DELAYED,Carrier-B,2026-08-27T03:28:00,2026-08-27T02:25:00
SHP-105040,ORD-105040,DC-12,DEPARTED,Carrier-B,2026-08-27T01:54:00,2026-08-27T02:18:00
SHP-105041,ORD-105041,DC-01,LOADED,Carrier-B,2026-08-27T02:16:00,2026-08-27T02:32:00
SHP-105042,ORD-105042,DC-15,DEPARTED,Carrier-C,2026-08-27T05:29:00,2026-08-27T04:05:00
SHP-105043,ORD-105043,DC-13,AT_DOCK,Carrier-B,2026-08-27T03:30:00,2026-08-27T03:42:00
SHP-105044,ORD-105044,DC-09,AT_DOCK,Carrier-C,2026-08-27T05:19:00,2026-08-27T04:23:00
SHP-105045,ORD-105045,DC-15,LOADED,Carrier-A,2026-08-27T05:12:00,2026-08-27T04:03:00
SHP-105046,ORD-105046,DC-15,LOADED,Carrier-B,2026-08-27T03:28:00,2026-08-27T04:07:00
SHP-105047,ORD-105047,DC-11,AT_DOCK,Carrier-C,2026-08-27T03:23:00,2026-08-27T04:06:00
SHP-105048,ORD-105048,DC-11,AT_DOCK,Carrier-D,2026-08-27T06:21:00,2026-08-27T05:22:00
SHP-105049,ORD-105049,DC-17,PLANNED,Carrier-C,2026-08-27T05:03:00,2026-08-27T05:23:00
SHP-105050,ORD-105050,DC-11,DELAYED,Carrier-B,2026-08-27T03:42:00,2026-08-27T04:09:00
SHP-105051,ORD-105051,DC-13,DEPARTED,Carrier-A,2026-08-27T06:57:00,2026-08-27T05:40:00
SHP-105052,ORD-105052,DC-18,LOADED,Carrier-B,2026-08-27T06:20:00,2026-08-27T05:42:00
SHP-105053,ORD-105053,DC-13,BOOKED,Carrier-A,2026-08-27T04:32:00,2026-08-27T04:53:00
SHP-105054,ORD-105054,DC-16,DELAYED,Carrier-C,2026-08-27T06:46:00,2026-08-27T05:16:00
SHP-105055,ORD-105055,DC-14,PLANNED,Carrier-C,2026-08-27T04:50:00,2026-08-27T05:29:00
SHP-105056,ORD-105056,DC-09,PLANNED,Carrier-A,2026-08-27T04:31:00,2026-08-27T04:58:00
SHP-105057,ORD-105057,DC-14,DELAYED,Carrier-A,2026-08-27T05:06:00,2026-08-27T04:41:00
SHP-105058,ORD-105058,DC-05,DEPARTED,Carrier-B,2026-08-27T05:15:00,2026-08-27T05:42:00
SHP-105059,ORD-105059,DC-06,AT_DOCK,Carrier-D,2026-08-27T07:17:00,2026-08-27T06:02:00
SHP-105060,ORD-105060,DC-17,BOOKED,Carrier-A,2026-08-27T05:11:00,2026-08-27T05:34:00
SHP-105061,ORD-105061,DC-12,LOADED,Carrier-B,2026-08-27T07:52:00,2026-08-27T06:49:00
SHP-105062,ORD-105062,DC-12,AT_DOCK,Carrier-D,2026-08-27T05:48:00,2026-08-27T05:59:00
SHP-105063,ORD-105063,DC-11,AT_DOCK,Carrier-A,2026-08-27T07:23:00,2026-08-27T06:21:00
SHP-105064,ORD-105064,DC-17,DEPARTED,Carrier-C,2026-08-27T05:36:00,2026-08-27T05:48:00
SHP-105065,ORD-105065,DC-04,DELAYED,Carrier-C,2026-08-27T06:42:00,2026-08-27T05:15:00
SHP-105066,ORD-105066,DC-10,DEPARTED,Carrier-B,2026-08-27T06:34:00,2026-08-27T05:45:00
SHP-105067,ORD-105067,DC-11,DELAYED,Carrier-C,2026-08-27T08:11:00,2026-08-27T06:47:00
SHP-105068,ORD-105068,DC-17,LOADED,Carrier-A,2026-08-27T07:13:00,2026-08-27T07:30:00
SHP-105069,ORD-105069,DC-12,DEPARTED,Carrier-D,2026-08-27T06:30:00,2026-08-27T05:59:00
SHP-105070,ORD-105070,DC-10,DEPARTED,Carrier-A,2026-08-27T06:12:00,2026-08-27T06:51:00
SHP-105071,ORD-105071,DC-06,PLANNED,Carrier-C,2026-08-27T06:28:00,2026-08-27T06:53:00
SHP-105072,ORD-105072,DC-04,BOOKED,Carrier-C,2026-08-27T06:45:00,2026-08-27T06:50:00
SHP-105073,ORD-105073,DC-11,DEPARTED,Carrier-B,2026-08-27T07:36:00,2026-08-27T06:50:00
SHP-105074,ORD-105074,DC-16,DEPARTED,Carrier-C,2026-08-27T06:36:00,2026-08-27T07:06:00
SHP-105075,ORD-105075,DC-02,LOADED,Carrier-B,2026-08-27T09:29:00,2026-08-27T08:13:00
SHP-105076,ORD-105076,DC-11,LOADED,Carrier-D,2026-08-27T06:10:00,2026-08-27T06:38:00
SHP-105077,ORD-105077,DC-15,LOADED,Carrier-D,2026-08-27T07:49:00,2026-08-27T08:19:00
SHP-105078,ORD-105078,DC-13,AT_DOCK,Carrier-A,2026-08-27T08:15:00,2026-08-27T06:51:00
SHP-105079,ORD-105079,DC-11,DELAYED,Carrier-A,2026-08-27T09:11:00,2026-08-27T07:55:00
SHP-105080,ORD-105080,DC-14,PLANNED,Carrier-B,2026-08-27T10:01:00,2026-08-27T08:36:00
SHP-105081,ORD-105081,DC-16,DELAYED,Carrier-D,2026-08-27T08:10:00,2026-08-27T07:44:00
SHP-105082,ORD-105082,DC-16,DEPARTED,Carrier-B,2026-08-27T06:29:00,2026-08-27T06:51:00
SHP-105083,ORD-105083,DC-18,DEPARTED,Carrier-B,2026-08-27T07:56:00,2026-08-27T07:41:00
SHP-105084,ORD-105084,DC-13,AT_DOCK,Carrier-D,2026-08-27T06:49:00,2026-08-27T07:29:00
SHP-105085,ORD-105085,DC-13,LOADED,Carrier-D,2026-08-27T07:50:00,2026-08-27T07:24:00
SHP-105086,ORD-105086,DC-11,BOOKED,Carrier-D,2026-08-27T07:41:00,2026-08-27T07:47:00
SHP-105087,ORD-105087,DC-01,DEPARTED,Carrier-D,2026-08-27T08:46:00,2026-08-27T09:10:00
SHP-105088,ORD-105088,DC-16,PLANNED,Carrier-C,2026-08-27T07:32:00,2026-08-27T07:39:00
SHP-105089,ORD-105089,DC-06,DELAYED,Carrier-D,2026-08-27T08:17:00,2026-08-27T08:12:00
SHP-105090,ORD-105090,DC-16,PLANNED,Carrier-B,2026-08-27T08:56:00,2026-08-27T07:48:00
SHP-105091,ORD-105091,DC-10,DELAYED,Carrier-C,2026-08-27T08:51:00,2026-08-27T07:33:00
SHP-105092,ORD-105092,DC-10,DEPARTED,Carrier-C,2026-08-27T10:36:00,2026-08-27T09:12:00
SHP-105093,ORD-105093,DC-18,BOOKED,Carrier-C,2026-08-27T08:35:00,2026-08-27T08:49:00
SHP-105094,ORD-105094,DC-16,LOADED,Carrier-D,2026-08-27T08:34:00,2026-08-27T09:02:00
SHP-105095,ORD-105095,DC-10,LOADED,Carrier-A,2026-08-27T10:21:00,2026-08-27T09:07:00
SHP-105096,ORD-105096,DC-14,LOADED,Carrier-D,2026-08-27T09:50:00,2026-08-27T08:52:00
SHP-105097,ORD-105097,DC-18,DELAYED,Carrier-D,2026-08-27T09:49:00,2026-08-27T09:20:00
SHP-105098,ORD-105098,DC-05,DEPARTED,Carrier-C,2026-08-27T09:19:00,2026-08-27T08:55:00
SHP-105099,ORD-105099,DC-14,LOADED,Carrier-B,2026-08-27T09:02:00,2026-08-27T08:22:00
SHP-105100,ORD-105100,DC-10,BOOKED,Carrier-A,2026-08-27T07:47:00,2026-08-27T08:10:00
SHP-105101,ORD-105101,DC-14,AT_DOCK,Carrier-A,2026-08-27T10:47:00,2026-08-27T09:23:00
SHP-105102,ORD-105102,DC-06,DEPARTED,Carrier-A,2026-08-27T07:42:00,2026-08-27T08:25:00
SHP-105103,ORD-105103,DC-06,DEPARTED,Carrier-B,2026-08-27T09:24:00,2026-08-27T08:53:00
SHP-105104,ORD-105104,DC-17,DEPARTED,Carrier-B,2026-08-27T09:04:00,2026-08-27T09:25:00
SHP-105105,ORD-105105,DC-17,BOOKED,Carrier-C,2026-08-27T09:43:00,2026-08-27T09:37:00
SHP-105106,ORD-105106,DC-16,AT_DOCK,Carrier-C,2026-08-27T10:06:00,2026-08-27T10:13:00
SHP-105107,ORD-105107,DC-03,DEPARTED,Carrier-A,2026-08-27T10:20:00,2026-08-27T10:07:00
SHP-105108,ORD-105108,DC-16,AT_DOCK,Carrier-D,2026-08-27T10:40:00,2026-08-27T09:48:00
SHP-105109,ORD-105109,DC-01,AT_DOCK,Carrier-A,2026-08-27T09:49:00,2026-08-27T09:06:00
SHP-105110,ORD-105110,DC-02,AT_DOCK,Carrier-D,2026-08-27T08:52:00,2026-08-27T09:17:00
SHP-105111,ORD-105111,DC-02,BOOKED,Carrier-C,2026-08-27T10:04:00,2026-08-27T10:19:00
SHP-105112,ORD-105112,DC-08,DEPARTED,Carrier-B,2026-08-27T11:33:00,2026-08-27T10:44:00
SHP-105113,ORD-105113,DC-15,BOOKED,Carrier-B,2026-08-27T10:48:00,2026-08-27T10:42:00
SHP-105114,ORD-105114,DC-04,DELAYED,Carrier-D,2026-08-27T11:08:00,2026-08-27T09:48:00
SHP-105115,ORD-105115,DC-05,LOADED,Carrier-A,2026-08-27T12:32:00,2026-08-27T11:11:00
SHP-105116,ORD-105116,DC-15,PLANNED,Carrier-A,2026-08-27T10:58:00,2026-08-27T11:06:00
SHP-105117,ORD-105117,DC-14,DELAYED,Carrier-B,2026-08-27T10:49:00,2026-08-27T11:25:00
SHP-105118,ORD-105118,DC-11,DELAYED,Carrier-B,2026-08-27T09:39:00,2026-08-27T10:01:00
SHP-105119,ORD-105119,DC-01,BOOKED,Carrier-A,2026-08-27T09:56:00,2026-08-27T10:28:00
SHP-105120,ORD-105120,DC-05,AT_DOCK,Carrier-B,2026-08-27T10:27:00,2026-08-27T11:07:00
SHP-105121,ORD-105121,DC-17,LOADED,Carrier-C,2026-08-27T11:59:00,2026-08-27T11:13:00
SHP-105122,ORD-105122,DC-12,DELAYED,Carrier-D,2026-08-27T11:25:00,2026-08-27T10:29:00
SHP-105123,ORD-105123,DC-10,AT_DOCK,Carrier-B,2026-08-27T12:03:00,2026-08-27T11:32:00
SHP-105124,ORD-105124,DC-11,AT_DOCK,Carrier-D,2026-08-27T12:29:00,2026-08-27T11:06:00
SHP-105125,ORD-105125,DC-12,PLANNED,Carrier-B,2026-08-27T10:54:00,2026-08-27T10:35:00
SHP-105126,ORD-105126,DC-15,BOOKED,Carrier-B,2026-08-27T10:46:00,2026-08-27T10:58:00
SHP-105127,ORD-105127,DC-06,DELAYED,Carrier-C,2026-08-27T10:31:00,2026-08-27T10:37:00
SHP-105128,ORD-105128,DC-05,DEPARTED,Carrier-D,2026-08-27T13:30:00,2026-08-27T12:22:00
SHP-105129,ORD-105129,DC-17,PLANNED,Carrier-D,2026-08-27T11:54:00,2026-08-27T10:59:00
SHP-105130,ORD-105130,DC-08,LOADED,Carrier-A,2026-08-27T11:45:00,2026-08-27T12:16:00
SHP-105131,ORD-105131,DC-06,DEPARTED,Carrier-A,2026-08-27T12:11:00,2026-08-27T12:38:00
SHP-105132,ORD-105132,DC-11,BOOKED,Carrier-B,2026-08-27T12:25:00,2026-08-27T12:01:00
SHP-105133,ORD-105133,DC-16,LOADED,Carrier-C,2026-08-27T12:40:00,2026-08-27T13:10:00
SHP-105134,ORD-105134,DC-10,AT_DOCK,Carrier-D,2026-08-27T12:32:00,2026-08-27T12:43:00
SHP-105135,ORD-105135,DC-02,DELAYED,Carrier-A,2026-08-27T14:04:00,2026-08-27T12:56:00
SHP-105136,ORD-105136,DC-03,DEPARTED,Carrier-D,2026-08-27T12:54:00,2026-08-27T12:12:00
SHP-105137,ORD-105137,DC-15,AT_DOCK,Carrier-D,2026-08-27T12:40:00,2026-08-27T12:52:00
SHP-105138,ORD-105138,DC-16,BOOKED,Carrier-D,2026-08-27T11:47:00,2026-08-27T12:08:00
SHP-105139,ORD-105139,DC-09,DEPARTED,Carrier-A,2026-08-27T14:02:00,2026-08-27T12:42:00
SHP-105140,ORD-105140,DC-12,DELAYED,Carrier-B,2026-08-27T12:42:00,2026-08-27T13:22:00
SHP-105141,ORD-105141,DC-06,PLANNED,Carrier-A,2026-08-27T12:04:00,2026-08-27T12:47:00
SHP-105142,ORD-105142,DC-07,PLANNED,Carrier-B,2026-08-27T13:10:00,2026-08-27T13:37:00
SHP-105143,ORD-105143,DC-06,DELAYED,Carrier-C,2026-08-27T13:05:00,2026-08-27T12:41:00
SHP-105144,ORD-105144,DC-01,PLANNED,Carrier-D,2026-08-27T12:39:00,2026-08-27T13:06:00
SHP-105145,ORD-105145,DC-03,LOADED,Carrier-B,2026-08-27T13:46:00,2026-08-27T13:02:00
SHP-105146,ORD-105146,DC-08,LOADED,Carrier-B,2026-08-27T15:28:00,2026-08-27T14:01:00
SHP-105147,ORD-105147,DC-09,DELAYED,Carrier-B,2026-08-27T14:08:00,2026-08-27T14:35:00
SHP-105148,ORD-105148,DC-08,BOOKED,Carrier-D,2026-08-27T13:12:00,2026-08-27T13:02:00
SHP-105149,ORD-105149,DC-15,BOOKED,Carrier-D,2026-08-27T15:31:00,2026-08-27T14:14:00
SHP-105150,ORD-105150,DC-07,DELAYED,Carrier-C,2026-08-27T14:37:00,2026-08-27T14:42:00
SHP-105151,ORD-105151,DC-17,LOADED,Carrier-B,2026-08-27T14:00:00,2026-08-27T14:08:00
SHP-105152,ORD-105152,DC-13,LOADED,Carrier-D,2026-08-27T14:53:00,2026-08-27T13:44:00
SHP-105153,ORD-105153,DC-12,PLANNED,Carrier-A,2026-08-27T14:48:00,2026-08-27T14:33:00
SHP-105154,ORD-105154,DC-01,PLANNED,Carrier-A,2026-08-27T15:41:00,2026-08-27T14:48:00
SHP-105155,ORD-105155,DC-09,BOOKED,Carrier-A,2026-08-27T16:04:00,2026-08-27T14:36:00
SHP-105156,ORD-105156,DC-17,BOOKED,Carrier-B,2026-08-27T13:59:00,2026-08-27T14:34:00
SHP-105157,ORD-105157,DC-13,BOOKED,Carrier-A,2026-08-27T14:01:00,2026-08-27T14:11:00
SHP-105158,ORD-105158,DC-01,AT_DOCK,Carrier-D,2026-08-27T14:33:00,2026-08-27T15:01:00
SHP-105159,ORD-105159,DC-11,DELAYED,Carrier-B,2026-08-27T16:31:00,2026-08-27T15:40:00
SHP-105160,ORD-105160,DC-13,DEPARTED,Carrier-D,2026-08-27T15:04:00,2026-08-27T15:23:00
SHP-105161,ORD-105161,DC-15,BOOKED,Carrier-B,2026-08-27T16:22:00,2026-08-27T15:12:00
SHP-105162,ORD-105162,DC-10,LOADED,Carrier-B,2026-08-27T15:43:00,2026-08-27T15:59:00
SHP-105163,ORD-105163,DC-17,PLANNED,Carrier-A,2026-08-27T16:05:00,2026-08-27T14:54:00
SHP-105164,ORD-105164,DC-14,PLANNED,Carrier-B,2026-08-27T16:59:00,2026-08-27T16:23:00
SHP-105165,ORD-105165,DC-07,AT_DOCK,Carrier-B,2026-08-27T16:45:00,2026-08-27T16:24:00
SHP-105166,ORD-105166,DC-02,BOOKED,Carrier-D,2026-08-27T16:32:00,2026-08-27T15:48:00
SHP-105167,ORD-105167,DC-13,PLANNED,Carrier-A,2026-08-27T14:36:00,2026-08-27T15:18:00
SHP-105168,ORD-105168,DC-07,LOADED,Carrier-B,2026-08-27T15:34:00,2026-08-27T16:16:00
SHP-105169,ORD-105169,DC-13,DELAYED,Carrier-C,2026-08-27T16:03:00,2026-08-27T16:10:00
SHP-105170,ORD-105170,DC-01,DELAYED,Carrier-B,2026-08-27T16:03:00,2026-08-27T16:23:00
SHP-105171,ORD-105171,DC-14,DELAYED,Carrier-A,2026-08-27T18:12:00,2026-08-27T17:21:00
SHP-105172,ORD-105172,DC-06,DEPARTED,Carrier-B,2026-08-27T17:01:00,2026-08-27T16:34:00
SHP-105173,ORD-105173,DC-10,DELAYED,Carrier-D,2026-08-27T15:43:00,2026-08-27T16:21:00
SHP-105174,ORD-105174,DC-10,LOADED,Carrier-B,2026-08-27T17:47:00,2026-08-27T16:46:00
SHP-105175,ORD-105175,DC-14,LOADED,Carrier-B,2026-08-27T17:25:00,2026-08-27T17:20:00
SHP-105176,ORD-105176,DC-18,LOADED,Carrier-B,2026-08-27T16:15:00,2026-08-27T16:24:00
SHP-105177,ORD-105177,DC-08,DELAYED,Carrier-C,2026-08-27T18:27:00,2026-08-27T17:33:00
SHP-105178,ORD-105178,DC-16,DEPARTED,Carrier-B,2026-08-27T18:46:00,2026-08-27T17:38:00
SHP-105179,ORD-105179,DC-06,AT_DOCK,Carrier-B,2026-08-27T18:16:00,2026-08-27T16:51:00
SHP-105180,ORD-105180,DC-12,BOOKED,Carrier-A,2026-08-27T19:23:00,2026-08-27T18:04:00
SHP-105181,ORD-105181,DC-03,DEPARTED,Carrier-C,2026-08-27T18:14:00,2026-08-27T17:33:00
SHP-105182,ORD-105182,DC-18,AT_DOCK,Carrier-C,2026-08-27T19:41:00,2026-08-27T18:36:00
SHP-105183,ORD-105183,DC-07,BOOKED,Carrier-A,2026-08-27T17:07:00,2026-08-27T16:56:00
SHP-105184,ORD-105184,DC-12,DEPARTED,Carrier-D,2026-08-27T18:16:00,2026-08-27T17:08:00
SHP-105185,ORD-105185,DC-01,DELAYED,Carrier-D,2026-08-27T17:45:00,2026-08-27T17:23:00
SHP-105186,ORD-105186,DC-12,AT_DOCK,Carrier-B,2026-08-27T18:16:00,2026-08-27T18:51:00
SHP-105187,ORD-105187,DC-09,BOOKED,Carrier-B,2026-08-27T18:35:00,2026-08-27T17:31:00
SHP-105188,ORD-105188,DC-03,PLANNED,Carrier-A,2026-08-27T20:07:00,2026-08-27T19:09:00
SHP-105189,ORD-105189,DC-12,DELAYED,Carrier-C,2026-08-27T19:58:00,2026-08-27T18:42:00
SHP-105190,ORD-105190,DC-05,DELAYED,Carrier-A,2026-08-27T19:36:00,2026-08-27T19:11:00
SHP-105191,ORD-105191,DC-17,DELAYED,Carrier-C,2026-08-27T20:12:00,2026-08-27T19:47:00
SHP-105192,ORD-105192,DC-04,LOADED,Carrier-D,2026-08-27T20:34:00,2026-08-27T19:32:00
SHP-105193,ORD-105193,DC-01,BOOKED,Carrier-D,2026-08-27T19:09:00,2026-08-27T19:18:00
SHP-105194,ORD-105194,DC-12,AT_DOCK,Carrier-A,2026-08-27T19:55:00,2026-08-27T19:15:00
SHP-105195,ORD-105195,DC-13,LOADED,Carrier-A,2026-08-27T19:09:00,2026-08-27T19:38:00
SHP-105196,ORD-105196,DC-01,DELAYED,Carrier-B,2026-08-27T21:22:00,2026-08-27T19:58:00
SHP-105197,ORD-105197,DC-04,LOADED,Carrier-B,2026-08-27T21:21:00,2026-08-27T20:24:00
SHP-105198,ORD-105198,DC-16,DELAYED,Carrier-A,2026-08-27T20:20:00,2026-08-27T20:01:00
SHP-105199,ORD-105199,DC-03,LOADED,Carrier-A,2026-08-27T18:45:00,2026-08-27T19:29:00
SHP-105200,ORD-105200,DC-05,LOADED,Carrier-A,2026-08-27T21:21:00,2026-08-27T20:37:00
SHP-105201,ORD-105201,DC-17,DEPARTED,Carrier-B,2026-08-27T20:50:00,2026-08-27T19:25:00
SHP-105202,ORD-105202,DC-02,PLANNED,Carrier-B,2026-08-27T20:58:00,2026-08-27T20:03:00
SHP-105203,ORD-105203,DC-09,AT_DOCK,Carrier-A,2026-08-27T20:58:00,2026-08-27T21:09:00
SHP-105204,ORD-105204,DC-04,BOOKED,Carrier-B,2026-08-27T20:32:00,2026-08-27T20:57:00
SHP-105205,ORD-105205,DC-02,AT_DOCK,Carrier-A,2026-08-27T19:45:00,2026-08-27T20:05:00
SHP-105206,ORD-105206,DC-03,DELAYED,Carrier-C,2026-08-27T22:28:00,2026-08-27T21:10:00
SHP-105207,ORD-105207,DC-18,DELAYED,Carrier-C,2026-08-27T20:39:00,2026-08-27T20:09:00
SHP-105208,ORD-105208,DC-14,AT_DOCK,Carrier-B,2026-08-27T20:24:00,2026-08-27T20:38:00
SHP-105209,ORD-105209,DC-08,DEPARTED,Carrier-C,2026-08-27T21:31:00,2026-08-27T20:04:00
SHP-105210,ORD-105210,DC-07,LOADED,Carrier-C,2026-08-27T21:40:00,2026-08-27T21:21:00
SHP-105211,ORD-105211,DC-12,LOADED,Carrier-C,2026-08-27T19:48:00,2026-08-27T20:24:00
SHP-105212,ORD-105212,DC-13,DEPARTED,Carrier-B,2026-08-27T20:15:00,2026-08-27T20:09:00
SHP-105213,ORD-105213,DC-17,BOOKED,Carrier-D,2026-08-27T21:38:00,2026-08-27T22:11:00
SHP-105214,ORD-105214,DC-01,DELAYED,Carrier-A,2026-08-27T22:50:00,2026-08-27T21:41:00
SHP-105215,ORD-105215,DC-03,DELAYED,Carrier-D,2026-08-27T21:52:00,2026-08-27T20:31:00
SHP-105216,ORD-105216,DC-15,DELAYED,Carrier-B,2026-08-27T21:35:00,2026-08-27T20:31:00
SHP-105217,ORD-105217,DC-14,DELAYED,Carrier-A,2026-08-27T20:54:00,2026-08-27T21:17:00
SHP-105218,ORD-105218,DC-04,DELAYED,Carrier-D,2026-08-27T22:10:00,2026-08-27T20:48:00
SHP-105219,ORD-105219,DC-13,DELAYED,Carrier-D,2026-08-27T22:16:00,2026-08-27T22:51:00
SHP-105220,ORD-105220,DC-10,BOOKED,Carrier-A,2026-08-27T20:49:00,2026-08-27T21:19:00
SHP-105221,ORD-105221,DC-05,DEPARTED,Carrier-B,2026-08-27T23:17:00,2026-08-27T22:22:00
SHP-105222,ORD-105222,DC-11,DEPARTED,Carrier-C,2026-08-27T23:52:00,2026-08-27T23:07:00
SHP-105223,ORD-105223,DC-07,DELAYED,Carrier-B,2026-08-27T22:32:00,2026-08-27T22:53:00
SHP-105224,ORD-105224,DC-17,DELAYED,Carrier-B,2026-08-27T22:55:00,2026-08-27T23:19:00
SHP-105225,ORD-105225,DC-03,DELAYED,Carrier-B,2026-08-28T00:26:00,2026-08-27T22:59:00
SHP-105226,ORD-105226,DC-10,BOOKED,Carrier-D,2026-08-27T22:58:00,2026-08-27T22:02:00
SHP-105227,ORD-105227,DC-06,DELAYED,Carrier-A,2026-08-27T21:57:00,2026-08-27T22:33:00
SHP-105228,ORD-105228,DC-08,PLANNED,Carrier-C,2026-08-28T00:05:00,2026-08-27T22:36:00
SHP-105229,ORD-105229,DC-07,DEPARTED,Carrier-A,2026-08-27T23:07:00,2026-08-27T23:21:00
SHP-105230,ORD-105230,DC-15,PLANNED,Carrier-A,2026-08-27T23:05:00,2026-08-27T22:34:00
SHP-105231,ORD-105231,DC-09,DEPARTED,Carrier-B,2026-08-27T21:49:00,2026-08-27T22:20:00
SHP-105232,ORD-105232,DC-14,PLANNED,Carrier-A,2026-08-28T00:30:00,2026-08-27T23:10:00
SHP-105233,ORD-105233,DC-04,BOOKED,Carrier-D,2026-08-28T00:53:00,2026-08-28T00:07:00
SHP-105234,ORD-105234,DC-03,PLANNED,Carrier-A,2026-08-28T00:09:00,2026-08-27T23:59:00
SHP-105235,ORD-105235,DC-11,LOADED,Carrier-A,2026-08-28T00:32:00,2026-08-27T23:08:00
SHP-105236,ORD-105236,DC-10,LOADED,Carrier-A,2026-08-28T01:35:00,2026-08-28T00:08:00
SHP-105237,ORD-105237,DC-04,BOOKED,Carrier-A,2026-08-28T01:16:00,2026-08-27T23:50:00
SHP-105238,ORD-105238,DC-09,PLANNED,Carrier-B,2026-08-28T01:27:00,2026-08-28T01:36:00
SHP-105239,ORD-105239,DC-10,DELAYED,Carrier-C,2026-08-28T01:00:00,2026-08-28T00:11:00
SHP-105240,ORD-105240,DC-03,AT_DOCK,Carrier-D,2026-08-28T01:07:00,2026-08-28T01:19:00
SHP-105241,ORD-105241,DC-02,BOOKED,Carrier-C,2026-08-28T00:08:00,2026-08-28T00:25:00
SHP-105242,ORD-105242,DC-14,BOOKED,Carrier-A,2026-08-28T01:18:00,2026-08-28T02:03:00
SHP-105243,ORD-105243,DC-11,AT_DOCK,Carrier-D,2026-08-28T01:01:00,2026-08-28T00:41:00
SHP-105244,ORD-105244,DC-12,DEPARTED,Carrier-A,2026-08-28T03:03:00,2026-08-28T02:01:00
SHP-105245,ORD-105245,DC-04,PLANNED,Carrier-B,2026-08-28T01:43:00,2026-08-28T00:42:00
SHP-105246,ORD-105246,DC-06,PLANNED,Carrier-D,2026-08-28T01:33:00,2026-08-28T02:08:00
SHP-105247,ORD-105247,DC-01,AT_DOCK,Carrier-B,2026-08-28T00:47:00,2026-08-28T01:27:00
SHP-105248,ORD-105248,DC-08,AT_DOCK,Carrier-B,2026-08-28T03:46:00,2026-08-28T02:46:00
SHP-105249,ORD-105249,DC-14,DELAYED,Carrier-B,2026-08-28T02:35:00,2026-08-28T02:19:00
SHP-105250,ORD-105250,DC-11,DELAYED,Carrier-B,2026-08-28T02:55:00,2026-08-28T02:36:00
SHP-105251,ORD-105251,DC-03,LOADED,Carrier-C,2026-08-28T02:55:00,2026-08-28T02:43:00
SHP-105252,ORD-105252,DC-02,DEPARTED,Carrier-D,2026-08-28T03:34:00,2026-08-28T02:32:00
SHP-105253,ORD-105253,DC-04,DELAYED,Carrier-D,2026-08-28T02:07:00,2026-08-28T02:43:00
SHP-105254,ORD-105254,DC-16,PLANNED,Carrier-B,2026-08-28T02:05:00,2026-08-28T01:52:00
SHP-105255,ORD-105255,DC-08,PLANNED,Carrier-B,2026-08-28T01:54:00,2026-08-28T02:29:00
SHP-105256,ORD-105256,DC-11,LOADED,Carrier-A,2026-08-28T03:25:00,2026-08-28T03:42:00
SHP-105257,ORD-105257,DC-16,PLANNED,Carrier-D,2026-08-28T03:01:00,2026-08-28T03:27:00
SHP-105258,ORD-105258,DC-06,DEPARTED,Carrier-D,2026-08-28T02:40:00,2026-08-28T02:22:00
SHP-105259,ORD-105259,DC-14,BOOKED,Carrier-D,2026-08-28T04:02:00,2026-08-28T02:43:00
SHP-105260,ORD-105260,DC-08,DELAYED,Carrier-A,2026-08-28T02:32:00,2026-08-28T02:22:00
SHP-105261,ORD-105261,DC-13,DELAYED,Carrier-C,2026-08-28T03:32:00,2026-08-28T03:59:00
SHP-105262,ORD-105262,DC-18,AT_DOCK,Carrier-B,2026-08-28T05:16:00,2026-08-28T04:02:00
SHP-105263,ORD-105263,DC-06,BOOKED,Carrier-D,2026-08-28T04:19:00,2026-08-28T03:14:00
SHP-105264,ORD-105264,DC-10,LOADED,Carrier-B,2026-08-28T04:41:00,2026-08-28T04:13:00
SHP-105265,ORD-105265,DC-02,BOOKED,Carrier-C,2026-08-28T04:43:00,2026-08-28T03:26:00
SHP-105266,ORD-105266,DC-11,AT_DOCK,Carrier-A,2026-08-28T03:48:00,2026-08-28T04:18:00
SHP-105267,ORD-105267,DC-05,LOADED,Carrier-A,2026-08-28T06:36:00,2026-08-28T05:14:00
SHP-105268,ORD-105268,DC-14,BOOKED,Carrier-B,2026-08-28T06:29:00,2026-08-28T05:34:00
SHP-105269,ORD-105269,DC-08,BOOKED,Carrier-C,2026-08-28T05:23:00,2026-08-28T04:48:00
SHP-105270,ORD-105270,DC-17,DELAYED,Carrier-A,2026-08-28T06:15:00,2026-08-28T05:44:00
SHP-105271,ORD-105271,DC-13,LOADED,Carrier-C,2026-08-28T04:52:00,2026-08-28T05:29:00
SHP-105272,ORD-105272,DC-07,PLANNED,Carrier-D,2026-08-28T06:50:00,2026-08-28T05:36:00
SHP-105273,ORD-105273,DC-05,BOOKED,Carrier-D,2026-08-28T05:33:00,2026-08-28T04:46:00
SHP-105274,ORD-105274,DC-01,LOADED,Carrier-D,2026-08-28T04:36:00,2026-08-28T05:04:00
SHP-105275,ORD-105275,DC-14,DELAYED,Carrier-A,2026-08-28T05:08:00,2026-08-28T05:19:00
SHP-105276,ORD-105276,DC-13,DELAYED,Carrier-C,2026-08-28T04:52:00,2026-08-28T04:34:00
SHP-105277,ORD-105277,DC-07,LOADED,Carrier-C,2026-08-28T06:11:00,2026-08-28T05:08:00
SHP-105278,ORD-105278,DC-17,BOOKED,Carrier-D,2026-08-28T05:52:00,2026-08-28T05:28:00
SHP-105279,ORD-105279,DC-12,DEPARTED,Carrier-C,2026-08-28T07:18:00,2026-08-28T06:22:00
SHP-105280,ORD-105280,DC-17,DEPARTED,Carrier-C,2026-08-28T06:55:00,2026-08-28T05:36:00
SHP-105281,ORD-105281,DC-02,AT_DOCK,Carrier-D,2026-08-28T05:55:00,2026-08-28T05:11:00
SHP-105282,ORD-105282,DC-11,PLANNED,Carrier-B,2026-08-28T05:17:00,2026-08-28T05:39:00
SHP-105283,ORD-105283,DC-07,AT_DOCK,Carrier-D,2026-08-28T06:37:00,2026-08-28T05:49:00
SHP-105284,ORD-105284,DC-08,PLANNED,Carrier-B,2026-08-28T05:57:00,2026-08-28T06:35:00
SHP-105285,ORD-105285,DC-14,LOADED,Carrier-A,2026-08-28T06:04:00,2026-08-28T06:16:00
SHP-105286,ORD-105286,DC-04,DELAYED,Carrier-B,2026-08-28T06:26:00,2026-08-28T06:59:00
SHP-105287,ORD-105287,DC-02,BOOKED,Carrier-A,2026-08-28T08:16:00,2026-08-28T07:00:00
SHP-105288,ORD-105288,DC-10,AT_DOCK,Carrier-C,2026-08-28T06:52:00,2026-08-28T06:57:00
SHP-105289,ORD-105289,DC-16,DEPARTED,Carrier-C,2026-08-28T06:37:00,2026-08-28T07:10:00
SHP-105290,ORD-105290,DC-04,BOOKED,Carrier-A,2026-08-28T07:27:00,2026-08-28T07:12:00
SHP-105291,ORD-105291,DC-05,LOADED,Carrier-D,2026-08-28T09:01:00,2026-08-28T08:10:00
SHP-105292,ORD-105292,DC-13,BOOKED,Carrier-D,2026-08-28T07:58:00,2026-08-28T07:49:00
SHP-105293,ORD-105293,DC-10,DELAYED,Carrier-B,2026-08-28T07:57:00,2026-08-28T07:50:00
SHP-105294,ORD-105294,DC-10,AT_DOCK,Carrier-D,2026-08-28T08:43:00,2026-08-28T08:24:00
SHP-105295,ORD-105295,DC-01,PLANNED,Carrier-B,2026-08-28T07:54:00,2026-08-28T07:48:00
SHP-105296,ORD-105296,DC-07,PLANNED,Carrier-D,2026-08-28T08:12:00,2026-08-28T08:27:00
SHP-105297,ORD-105297,DC-14,AT_DOCK,Carrier-A,2026-08-28T09:37:00,2026-08-28T08:21:00
SHP-105298,ORD-105298,DC-15,BOOKED,Carrier-A,2026-08-28T08:10:00,2026-08-28T08:17:00
SHP-105299,ORD-105299,DC-14,AT_DOCK,Carrier-A,2026-08-28T08:48:00,2026-08-28T07:58:00
SHP-105300,ORD-105300,DC-10,DEPARTED,Carrier-C,2026-08-28T09:13:00,2026-08-28T09:20:00
SHP-105301,ORD-105301,DC-01,PLANNED,Carrier-C,2026-08-28T09:13:00,2026-08-28T08:00:00
SHP-105302,ORD-105302,DC-10,DELAYED,Carrier-D,2026-08-28T08:47:00,2026-08-28T08:13:00
SHP-105303,ORD-105303,DC-01,DEPARTED,Carrier-D,2026-08-28T08:31:00,2026-08-28T08:49:00
SHP-105304,ORD-105304,DC-08,DELAYED,Carrier-A,2026-08-28T09:54:00,2026-08-28T09:40:00
SHP-105305,ORD-105305,DC-14,DELAYED,Carrier-B,2026-08-28T09:55:00,2026-08-28T08:28:00
SHP-105306,ORD-105306,DC-06,PLANNED,Carrier-A,2026-08-28T07:52:00,2026-08-28T07:57:00
SHP-105307,ORD-105307,DC-11,DELAYED,Carrier-B,2026-08-28T10:19:00,2026-08-28T09:00:00
SHP-105308,ORD-105308,DC-03,DELAYED,Carrier-C,2026-08-28T08:09:00,2026-08-28T08:15:00
SHP-105309,ORD-105309,DC-08,BOOKED,Carrier-A,2026-08-28T09:41:00,2026-08-28T09:02:00
SHP-105310,ORD-105310,DC-08,AT_DOCK,Carrier-B,2026-08-28T09:53:00,2026-08-28T08:44:00
SHP-105311,ORD-105311,DC-17,AT_DOCK,Carrier-A,2026-08-28T10:38:00,2026-08-28T10:17:00
SHP-105312,ORD-105312,DC-15,PLANNED,Carrier-D,2026-08-28T09:31:00,2026-08-28T10:03:00
SHP-105313,ORD-105313,DC-12,BOOKED,Carrier-A,2026-08-28T10:22:00,2026-08-28T09:08:00
SHP-105314,ORD-105314,DC-02,DEPARTED,Carrier-D,2026-08-28T09:46:00,2026-08-28T10:03:00
SHP-105315,ORD-105315,DC-11,AT_DOCK,Carrier-A,2026-08-28T10:17:00,2026-08-28T10:24:00
SHP-105316,ORD-105316,DC-14,BOOKED,Carrier-D,2026-08-28T10:37:00,2026-08-28T10:07:00
SHP-105317,ORD-105317,DC-05,PLANNED,Carrier-D,2026-08-28T09:19:00,2026-08-28T09:49:00
SHP-105318,ORD-105318,DC-02,AT_DOCK,Carrier-D,2026-08-28T10:29:00,2026-08-28T10:37:00
SHP-105319,ORD-105319,DC-07,LOADED,Carrier-B,2026-08-28T11:11:00,2026-08-28T10:16:00
SHP-105320,ORD-105320,DC-06,DELAYED,Carrier-C,2026-08-28T11:30:00,2026-08-28T11:11:00
SHP-105321,ORD-105321,DC-05,DELAYED,Carrier-D,2026-08-28T10:59:00,2026-08-28T10:43:00
SHP-105322,ORD-105322,DC-05,LOADED,Carrier-A,2026-08-28T10:52:00,2026-08-28T11:36:00
SHP-105323,ORD-105323,DC-03,PLANNED,Carrier-D,2026-08-28T11:09:00,2026-08-28T11:29:00
SHP-105324,ORD-105324,DC-02,PLANNED,Carrier-C,2026-08-28T12:54:00,2026-08-28T11:38:00
SHP-105325,ORD-105325,DC-10,BOOKED,Carrier-B,2026-08-28T12:31:00,2026-08-28T11:28:00
SHP-105326,ORD-105326,DC-06,DEPARTED,Carrier-D,2026-08-28T11:19:00,2026-08-28T11:25:00
SHP-105327,ORD-105327,DC-16,PLANNED,Carrier-A,2026-08-28T11:58:00,2026-08-28T11:25:00
SHP-105328,ORD-105328,DC-07,DEPARTED,Carrier-D,2026-08-28T11:14:00,2026-08-28T11:45:00
SHP-105329,ORD-105329,DC-14,LOADED,Carrier-D,2026-08-28T13:03:00,2026-08-28T12:09:00
SHP-105330,ORD-105330,DC-11,LOADED,Carrier-C,2026-08-28T11:54:00,2026-08-28T12:32:00
SHP-105331,ORD-105331,DC-05,LOADED,Carrier-C,2026-08-28T11:42:00,2026-08-28T11:55:00
SHP-105332,ORD-105332,DC-17,LOADED,Carrier-A,2026-08-28T12:23:00,2026-08-28T11:47:00
SHP-105333,ORD-105333,DC-16,AT_DOCK,Carrier-B,2026-08-28T13:08:00,2026-08-28T11:49:00
SHP-105334,ORD-105334,DC-17,DELAYED,Carrier-A,2026-08-28T13:09:00,2026-08-28T12:28:00
SHP-105335,ORD-105335,DC-02,AT_DOCK,Carrier-D,2026-08-28T13:58:00,2026-08-28T13:44:00
SHP-105336,ORD-105336,DC-12,LOADED,Carrier-C,2026-08-28T13:14:00,2026-08-28T12:32:00
SHP-105337,ORD-105337,DC-17,BOOKED,Carrier-B,2026-08-28T13:00:00,2026-08-28T13:11:00
SHP-105338,ORD-105338,DC-06,AT_DOCK,Carrier-D,2026-08-28T12:51:00,2026-08-28T12:20:00
SHP-105339,ORD-105339,DC-12,DEPARTED,Carrier-A,2026-08-28T14:21:00,2026-08-28T12:56:00
SHP-105340,ORD-105340,DC-10,LOADED,Carrier-C,2026-08-28T13:00:00,2026-08-28T13:21:00
SHP-105341,ORD-105341,DC-18,PLANNED,Carrier-B,2026-08-28T12:36:00,2026-08-28T13:01:00
SHP-105342,ORD-105342,DC-12,PLANNED,Carrier-D,2026-08-28T13:18:00,2026-08-28T13:05:00
SHP-105343,ORD-105343,DC-16,DEPARTED,Carrier-A,2026-08-28T12:27:00,2026-08-28T12:57:00
SHP-105344,ORD-105344,DC-07,DEPARTED,Carrier-D,2026-08-28T12:20:00,2026-08-28T13:03:00
SHP-105345,ORD-105345,DC-02,PLANNED,Carrier-C,2026-08-28T14:16:00,2026-08-28T13:42:00
SHP-105346,ORD-105346,DC-06,AT_DOCK,Carrier-B,2026-08-28T14:26:00,2026-08-28T14:03:00
SHP-105347,ORD-105347,DC-10,PLANNED,Carrier-D,2026-08-28T14:48:00,2026-08-28T14:03:00
SHP-105348,ORD-105348,DC-05,DEPARTED,Carrier-B,2026-08-28T13:25:00,2026-08-28T13:46:00
SHP-105349,ORD-105349,DC-14,DEPARTED,Carrier-C,2026-08-28T14:05:00,2026-08-28T14:36:00
SHP-105350,ORD-105350,DC-04,DELAYED,Carrier-D,2026-08-28T13:45:00,2026-08-28T14:09:00
SHP-105351,ORD-105351,DC-04,BOOKED,Carrier-A,2026-08-28T15:09:00,2026-08-28T14:43:00
SHP-105352,ORD-105352,DC-02,BOOKED,Carrier-B,2026-08-28T16:58:00,2026-08-28T15:44:00
SHP-105353,ORD-105353,DC-05,BOOKED,Carrier-B,2026-08-28T13:35:00,2026-08-28T14:10:00
SHP-105354,ORD-105354,DC-06,DEPARTED,Carrier-B,2026-08-28T16:19:00,2026-08-28T15:13:00
SHP-105355,ORD-105355,DC-06,LOADED,Carrier-C,2026-08-28T15:03:00,2026-08-28T14:17:00
SHP-105356,ORD-105356,DC-03,DELAYED,Carrier-D,2026-08-28T16:35:00,2026-08-28T16:09:00
SHP-105357,ORD-105357,DC-07,DELAYED,Carrier-A,2026-08-28T14:22:00,2026-08-28T14:44:00
SHP-105358,ORD-105358,DC-02,AT_DOCK,Carrier-C,2026-08-28T15:10:00,2026-08-28T14:50:00
SHP-105359,ORD-105359,DC-08,LOADED,Carrier-D,2026-08-28T15:47:00,2026-08-28T15:30:00
SHP-105360,ORD-105360,DC-11,LOADED,Carrier-B,2026-08-28T14:36:00,2026-08-28T15:20:00
SHP-105361,ORD-105361,DC-15,DELAYED,Carrier-B,2026-08-28T17:01:00,2026-08-28T16:05:00
SHP-105362,ORD-105362,DC-13,DELAYED,Carrier-B,2026-08-28T15:37:00,2026-08-28T16:19:00
SHP-105363,ORD-105363,DC-06,LOADED,Carrier-A,2026-08-28T15:57:00,2026-08-28T16:10:00
SHP-105364,ORD-105364,DC-04,PLANNED,Carrier-B,2026-08-28T17:49:00,2026-08-28T16:21:00
SHP-105365,ORD-105365,DC-11,DEPARTED,Carrier-C,2026-08-28T17:03:00,2026-08-28T16:42:00
SHP-105366,ORD-105366,DC-02,DEPARTED,Carrier-B,2026-08-28T16:12:00,2026-08-28T15:52:00
SHP-105367,ORD-105367,DC-15,LOADED,Carrier-D,2026-08-28T17:54:00,2026-08-28T17:49:00
SHP-105368,ORD-105368,DC-03,BOOKED,Carrier-A,2026-08-28T17:24:00,2026-08-28T18:04:00
SHP-105369,ORD-105369,DC-01,BOOKED,Carrier-A,2026-08-28T17:36:00,2026-08-28T17:54:00
SHP-105370,ORD-105370,DC-07,PLANNED,Carrier-D,2026-08-28T17:07:00,2026-08-28T16:33:00
SHP-105371,ORD-105371,DC-03,DEPARTED,Carrier-D,2026-08-28T18:34:00,2026-08-28T17:06:00
SHP-105372,ORD-105372,DC-17,BOOKED,Carrier-C,2026-08-28T17:56:00,2026-08-28T17:28:00
SHP-105373,ORD-105373,DC-14,PLANNED,Carrier-C,2026-08-28T18:49:00,2026-08-28T17:59:00
SHP-105374,ORD-105374,DC-01,LOADED,Carrier-B,2026-08-28T18:46:00,2026-08-28T18:40:00
SHP-105375,ORD-105375,DC-11,LOADED,Carrier-B,2026-08-28T19:27:00,2026-08-28T19:46:00
SHP-105376,ORD-105376,DC-01,DEPARTED,Carrier-A,2026-08-28T19:37:00,2026-08-28T19:04:00
SHP-105377,ORD-105377,DC-06,LOADED,Carrier-C,2026-08-28T17:47:00,2026-08-28T18:16:00
SHP-105378,ORD-105378,DC-17,LOADED,Carrier-D,2026-08-28T18:44:00,2026-08-28T18:27:00
SHP-105379,ORD-105379,DC-18,DEPARTED,Carrier-A,2026-08-28T21:06:00,2026-08-28T19:39:00
SHP-105380,ORD-105380,DC-13,AT_DOCK,Carrier-D,2026-08-28T21:24:00,2026-08-28T20:15:00
SHP-105381,ORD-105381,DC-13,BOOKED,Carrier-C,2026-08-28T19:31:00,2026-08-28T20:14:00
SHP-105382,ORD-105382,DC-11,PLANNED,Carrier-C,2026-08-28T21:02:00,2026-08-28T20:11:00
SHP-105383,ORD-105383,DC-05,AT_DOCK,Carrier-A,2026-08-28T19:22:00,2026-08-28T19:02:00
SHP-105384,ORD-105384,DC-10,AT_DOCK,Carrier-C,2026-08-28T20:17:00,2026-08-28T21:02:00
SHP-105385,ORD-105385,DC-09,LOADED,Carrier-D,2026-08-28T22:05:00,2026-08-28T20:51:00
SHP-105386,ORD-105386,DC-11,LOADED,Carrier-A,2026-08-28T21:23:00,2026-08-28T21:14:00
SHP-105387,ORD-105387,DC-14,LOADED,Carrier-C,2026-08-28T20:57:00,2026-08-28T20:27:00
SHP-105388,ORD-105388,DC-02,LOADED,Carrier-C,2026-08-28T20:35:00,2026-08-28T20:16:00
SHP-105389,ORD-105389,DC-06,DELAYED,Carrier-B,2026-08-28T22:24:00,2026-08-28T21:07:00
SHP-105390,ORD-105390,DC-08,AT_DOCK,Carrier-B,2026-08-28T21:38:00,2026-08-28T20:39:00
SHP-105391,ORD-105391,DC-07,DEPARTED,Carrier-C,2026-08-28T22:03:00,2026-08-28T21:37:00
SHP-105392,ORD-105392,DC-06,PLANNED,Carrier-C,2026-08-28T20:43:00,2026-08-28T20:48:00
SHP-105393,ORD-105393,DC-08,DEPARTED,Carrier-C,2026-08-28T20:14:00,2026-08-28T20:21:00
SHP-105394,ORD-105394,DC-06,BOOKED,Carrier-B,2026-08-28T20:00:00,2026-08-28T20:28:00
SHP-105395,ORD-105395,DC-04,LOADED,Carrier-C,2026-08-28T20:50:00,2026-08-28T21:32:00
SHP-105396,ORD-105396,DC-03,DEPARTED,Carrier-C,2026-08-28T22:16:00,2026-08-28T21:02:00
SHP-105397,ORD-105397,DC-16,DELAYED,Carrier-A,2026-08-28T20:13:00,2026-08-28T20:33:00
SHP-105398,ORD-105398,DC-14,LOADED,Carrier-C,2026-08-28T22:22:00,2026-08-28T21:58:00
SHP-105399,ORD-105399,DC-03,PLANNED,Carrier-D,2026-08-28T20:06:00,2026-08-28T20:47:00
SHP-105400,ORD-105400,DC-08,AT_DOCK,Carrier-D,2026-08-28T23:32:00,2026-08-28T22:18:00
SHP-105401,ORD-105401,DC-05,AT_DOCK,Carrier-B,2026-08-28T21:59:00,2026-08-28T21:22:00
SHP-105402,ORD-105402,DC-02,PLANNED,Carrier-A,2026-08-28T21:51:00,2026-08-28T22:12:00
SHP-105403,ORD-105403,DC-02,PLANNED,Carrier-D,2026-08-28T22:22:00,2026-08-28T22:43:00
SHP-105404,ORD-105404,DC-05,AT_DOCK,Carrier-C,2026-08-28T21:16:00,2026-08-28T21:40:00
SHP-105405,ORD-105405,DC-17,DELAYED,Carrier-A,2026-08-28T23:06:00,2026-08-28T22:57:00
SHP-105406,ORD-105406,DC-08,BOOKED,Carrier-D,2026-08-29T00:02:00,2026-08-28T22:38:00
SHP-105407,ORD-105407,DC-02,DEPARTED,Carrier-C,2026-08-28T22:16:00,2026-08-28T22:00:00
SHP-105408,ORD-105408,DC-14,LOADED,Carrier-D,2026-08-28T23:33:00,2026-08-28T22:13:00
SHP-105409,ORD-105409,DC-17,BOOKED,Carrier-D,2026-08-28T23:34:00,2026-08-28T22:15:00
SHP-105410,ORD-105410,DC-11,PLANNED,Carrier-D,2026-08-29T00:20:00,2026-08-28T23:24:00
SHP-105411,ORD-105411,DC-09,AT_DOCK,Carrier-B,2026-08-28T22:59:00,2026-08-28T22:04:00
SHP-105412,ORD-105412,DC-05,PLANNED,Carrier-B,2026-08-28T23:07:00,2026-08-28T22:42:00
SHP-105413,ORD-105413,DC-04,PLANNED,Carrier-C,2026-08-28T23:23:00,2026-08-28T23:59:00
SHP-105414,ORD-105414,DC-10,AT_DOCK,Carrier-D,2026-08-28T22:23:00,2026-08-28T23:01:00
SHP-105415,ORD-105415,DC-10,DEPARTED,Carrier-C,2026-08-29T00:00:00,2026-08-28T22:52:00
SHP-105416,ORD-105416,DC-03,AT_DOCK,Carrier-B,2026-08-28T23:44:00,2026-08-28T23:34:00
SHP-105417,ORD-105417,DC-17,DEPARTED,Carrier-D,2026-08-29T01:00:00,2026-08-29T00:07:00
SHP-105418,ORD-105418,DC-17,DEPARTED,Carrier-B,2026-08-29T01:31:00,2026-08-29T00:15:00
SHP-105419,ORD-105419,DC-11,AT_DOCK,Carrier-B,2026-08-28T23:20:00,2026-08-28T23:25:00
SHP-105420,ORD-105420,DC-17,DEPARTED,Carrier-B,2026-08-28T23:31:00,2026-08-29T00:02:00
SHP-105421,ORD-105421,DC-13,DEPARTED,Carrier-A,2026-08-29T00:09:00,2026-08-29T00:45:00
SHP-105422,ORD-105422,DC-17,DELAYED,Carrier-A,2026-08-29T01:17:00,2026-08-29T00:07:00
SHP-105423,ORD-105423,DC-02,LOADED,Carrier-D,2026-08-29T00:40:00,2026-08-29T01:19:00
SHP-105424,ORD-105424,DC-03,LOADED,Carrier-D,2026-08-29T02:50:00,2026-08-29T01:23:00
SHP-105425,ORD-105425,DC-14,BOOKED,Carrier-B,2026-08-29T01:47:00,2026-08-29T00:32:00
SHP-105426,ORD-105426,DC-06,PLANNED,Carrier-A,2026-08-29T02:43:00,2026-08-29T01:33:00
SHP-105427,ORD-105427,DC-02,DEPARTED,Carrier-B,2026-08-29T00:29:00,2026-08-29T00:40:00
SHP-105428,ORD-105428,DC-05,DELAYED,Carrier-D,2026-08-29T02:27:00,2026-08-29T01:15:00
SHP-105429,ORD-105429,DC-09,BOOKED,Carrier-D,2026-08-29T01:58:00,2026-08-29T00:50:00
SHP-105430,ORD-105430,DC-04,AT_DOCK,Carrier-B,2026-08-29T01:29:00,2026-08-29T01:38:00
SHP-105431,ORD-105431,DC-15,LOADED,Carrier-A,2026-08-29T02:09:00,2026-08-29T01:55:00
SHP-105432,ORD-105432,DC-16,DELAYED,Carrier-C,2026-08-29T01:40:00,2026-08-29T01:15:00
SHP-105433,ORD-105433,DC-09,DELAYED,Carrier-A,2026-08-29T02:47:00,2026-08-29T02:31:00
SHP-105434,ORD-105434,DC-16,BOOKED,Carrier-D,2026-08-29T02:07:00,2026-08-29T01:50:00
SHP-105435,ORD-105435,DC-15,PLANNED,Carrier-C,2026-08-29T02:01:00,2026-08-29T02:40:00
SHP-105436,ORD-105436,DC-04,BOOKED,Carrier-B,2026-08-29T03:32:00,2026-08-29T02:06:00
SHP-105437,ORD-105437,DC-13,BOOKED,Carrier-D,2026-08-29T02:08:00,2026-08-29T01:54:00
SHP-105438,ORD-105438,DC-18,LOADED,Carrier-D,2026-08-29T01:55:00,2026-08-29T01:38:00
SHP-105439,ORD-105439,DC-10,PLANNED,Carrier-B,2026-08-29T01:34:00,2026-08-29T01:46:00
SHP-105440,ORD-105440,DC-18,DEPARTED,Carrier-C,2026-08-29T02:42:00,2026-08-29T01:39:00
SHP-105441,ORD-105441,DC-14,PLANNED,Carrier-C,2026-08-29T01:23:00,2026-08-29T01:47:00
SHP-105442,ORD-105442,DC-13,DELAYED,Carrier-D,2026-08-29T02:48:00,2026-08-29T02:38:00
SHP-105443,ORD-105443,DC-07,DELAYED,Carrier-C,2026-08-29T02:33:00,2026-08-29T02:17:00
SHP-105444,ORD-105444,DC-02,BOOKED,Carrier-A,2026-08-29T01:57:00,2026-08-29T02:22:00
SHP-105445,ORD-105445,DC-16,AT_DOCK,Carrier-A,2026-08-29T03:34:00,2026-08-29T02:13:00
SHP-105446,ORD-105446,DC-13,DEPARTED,Carrier-C,2026-08-29T02:58:00,2026-08-29T02:28:00
SHP-105447,ORD-105447,DC-17,PLANNED,Carrier-A,2026-08-29T03:27:00,2026-08-29T02:15:00
SHP-105448,ORD-105448,DC-15,LOADED,Carrier-A,2026-08-29T03:48:00,2026-08-29T02:25:00
SHP-105449,ORD-105449,DC-06,LOADED,Carrier-A,2026-08-29T03:16:00,2026-08-29T02:56:00
SHP-105450,ORD-105450,DC-07,DEPARTED,Carrier-D,2026-08-29T02:37:00,2026-08-29T02:50:00
SHP-105451,ORD-105451,DC-05,AT_DOCK,Carrier-B,2026-08-29T04:42:00,2026-08-29T04:49:00
SHP-105452,ORD-105452,DC-13,BOOKED,Carrier-B,2026-08-29T03:56:00,2026-08-29T03:05:00
SHP-105453,ORD-105453,DC-13,DEPARTED,Carrier-A,2026-08-29T04:42:00,2026-08-29T04:06:00
SHP-105454,ORD-105454,DC-03,AT_DOCK,Carrier-D,2026-08-29T05:16:00,2026-08-29T05:28:00
SHP-105455,ORD-105455,DC-04,DEPARTED,Carrier-C,2026-08-29T05:16:00,2026-08-29T04:02:00
SHP-105456,ORD-105456,DC-13,BOOKED,Carrier-C,2026-08-29T06:16:00,2026-08-29T05:11:00
SHP-105457,ORD-105457,DC-03,PLANNED,Carrier-D,2026-08-29T04:12:00,2026-08-29T04:50:00
SHP-105458,ORD-105458,DC-03,DEPARTED,Carrier-C,2026-08-29T04:17:00,2026-08-29T04:51:00
SHP-105459,ORD-105459,DC-02,PLANNED,Carrier-B,2026-08-29T05:07:00,2026-08-29T05:49:00
SHP-105460,ORD-105460,DC-02,LOADED,Carrier-A,2026-08-29T04:39:00,2026-08-29T04:51:00
SHP-105461,ORD-105461,DC-18,AT_DOCK,Carrier-A,2026-08-29T04:44:00,2026-08-29T04:51:00
SHP-105462,ORD-105462,DC-05,LOADED,Carrier-A,2026-08-29T06:16:00,2026-08-29T05:02:00
SHP-105463,ORD-105463,DC-16,DELAYED,Carrier-B,2026-08-29T04:23:00,2026-08-29T04:52:00
SHP-105464,ORD-105464,DC-17,PLANNED,Carrier-A,2026-08-29T04:56:00,2026-08-29T04:47:00
SHP-105465,ORD-105465,DC-05,DELAYED,Carrier-D,2026-08-29T07:22:00,2026-08-29T06:28:00
SHP-105466,ORD-105466,DC-11,PLANNED,Carrier-A,2026-08-29T04:51:00,2026-08-29T04:37:00
SHP-105467,ORD-105467,DC-01,AT_DOCK,Carrier-C,2026-08-29T05:09:00,2026-08-29T05:40:00
SHP-105468,ORD-105468,DC-08,AT_DOCK,Carrier-D,2026-08-29T07:00:00,2026-08-29T06:32:00
SHP-105469,ORD-105469,DC-18,PLANNED,Carrier-C,2026-08-29T04:25:00,2026-08-29T04:49:00
SHP-105470,ORD-105470,DC-03,DELAYED,Carrier-C,2026-08-29T05:49:00,2026-08-29T06:14:00
SHP-105471,ORD-105471,DC-09,DEPARTED,Carrier-A,2026-08-29T05:43:00,2026-08-29T05:23:00
SHP-105472,ORD-105472,DC-17,AT_DOCK,Carrier-D,2026-08-29T05:52:00,2026-08-29T06:37:00
SHP-105473,ORD-105473,DC-10,PLANNED,Carrier-A,2026-08-29T06:04:00,2026-08-29T06:12:00
SHP-105474,ORD-105474,DC-04,BOOKED,Carrier-C,2026-08-29T05:26:00,2026-08-29T05:54:00
SHP-105475,ORD-105475,DC-10,DEPARTED,Carrier-B,2026-08-29T07:19:00,2026-08-29T06:35:00
SHP-105476,ORD-105476,DC-03,LOADED,Carrier-A,2026-08-29T04:45:00,2026-08-29T05:13:00
SHP-105477,ORD-105477,DC-17,DELAYED,Carrier-A,2026-08-29T05:21:00,2026-08-29T05:36:00
SHP-105478,ORD-105478,DC-04,PLANNED,Carrier-D,2026-08-29T06:11:00,2026-08-29T05:51:00
SHP-105479,ORD-105479,DC-01,PLANNED,Carrier-C,2026-08-29T08:31:00,2026-08-29T07:21:00
SHP-105480,ORD-105480,DC-17,LOADED,Carrier-B,2026-08-29T07:22:00,2026-08-29T06:23:00
SHP-105481,ORD-105481,DC-18,AT_DOCK,Carrier-C,2026-08-29T05:25:00,2026-08-29T05:36:00
SHP-105482,ORD-105482,DC-05,DELAYED,Carrier-D,2026-08-29T07:48:00,2026-08-29T06:53:00
SHP-105483,ORD-105483,DC-14,LOADED,Carrier-A,2026-08-29T08:37:00,2026-08-29T07:09:00
SHP-105484,ORD-105484,DC-04,DEPARTED,Carrier-C,2026-08-29T06:35:00,2026-08-29T06:48:00
SHP-105485,ORD-105485,DC-04,AT_DOCK,Carrier-A,2026-08-29T08:47:00,2026-08-29T07:20:00
SHP-105486,ORD-105486,DC-02,AT_DOCK,Carrier-C,2026-08-29T07:18:00,2026-08-29T07:41:00
SHP-105487,ORD-105487,DC-13,BOOKED,Carrier-D,2026-08-29T07:47:00,2026-08-29T06:52:00
SHP-105488,ORD-105488,DC-09,DELAYED,Carrier-A,2026-08-29T07:20:00,2026-08-29T06:58:00
SHP-105489,ORD-105489,DC-15,DEPARTED,Carrier-B,2026-08-29T08:45:00,2026-08-29T07:24:00
SHP-105490,ORD-105490,DC-12,PLANNED,Carrier-C,2026-08-29T06:03:00,2026-08-29T06:35:00
SHP-105491,ORD-105491,DC-07,LOADED,Carrier-C,2026-08-29T07:59:00,2026-08-29T08:14:00
SHP-105492,ORD-105492,DC-01,DEPARTED,Carrier-A,2026-08-29T06:56:00,2026-08-29T07:02:00
SHP-105493,ORD-105493,DC-06,AT_DOCK,Carrier-A,2026-08-29T06:52:00,2026-08-29T07:02:00
SHP-105494,ORD-105494,DC-05,DELAYED,Carrier-B,2026-08-29T08:35:00,2026-08-29T08:03:00
SHP-105495,ORD-105495,DC-11,LOADED,Carrier-B,2026-08-29T10:05:00,2026-08-29T08:37:00
SHP-105496,ORD-105496,DC-17,LOADED,Carrier-B,2026-08-29T09:19:00,2026-08-29T07:50:00
SHP-105497,ORD-105497,DC-06,AT_DOCK,Carrier-A,2026-08-29T08:03:00,2026-08-29T07:46:00
SHP-105498,ORD-105498,DC-08,AT_DOCK,Carrier-C,2026-08-29T08:14:00,2026-08-29T08:27:00
SHP-105499,ORD-105499,DC-06,PLANNED,Carrier-B,2026-08-29T07:57:00,2026-08-29T07:24:00
SHP-105500,ORD-105500,DC-15,DEPARTED,Carrier-C,2026-08-29T08:33:00,2026-08-29T08:41:00
SHP-105501,ORD-105501,DC-11,PLANNED,Carrier-B,2026-08-29T07:23:00,2026-08-29T08:08:00
SHP-105502,ORD-105502,DC-10,BOOKED,Carrier-D,2026-08-29T10:14:00,2026-08-29T09:32:00
SHP-105503,ORD-105503,DC-13,AT_DOCK,Carrier-C,2026-08-29T07:13:00,2026-08-29T07:51:00
SHP-105504,ORD-105504,DC-11,AT_DOCK,Carrier-B,2026-08-29T10:21:00,2026-08-29T09:21:00
SHP-105505,ORD-105505,DC-17,AT_DOCK,Carrier-C,2026-08-29T08:57:00,2026-08-29T09:14:00
SHP-105506,ORD-105506,DC-07,AT_DOCK,Carrier-C,2026-08-29T09:39:00,2026-08-29T08:36:00
SHP-105507,ORD-105507,DC-11,BOOKED,Carrier-B,2026-08-29T09:27:00,2026-08-29T08:25:00
SHP-105508,ORD-105508,DC-17,BOOKED,Carrier-B,2026-08-29T10:38:00,2026-08-29T10:24:00
SHP-105509,ORD-105509,DC-05,DELAYED,Carrier-A,2026-08-29T08:23:00,2026-08-29T09:08:00
SHP-105510,ORD-105510,DC-14,LOADED,Carrier-A,2026-08-29T10:14:00,2026-08-29T10:20:00
SHP-105511,ORD-105511,DC-07,LOADED,Carrier-A,2026-08-29T10:47:00,2026-08-29T10:17:00
SHP-105512,ORD-105512,DC-12,AT_DOCK,Carrier-A,2026-08-29T10:50:00,2026-08-29T11:02:00
SHP-105513,ORD-105513,DC-08,LOADED,Carrier-A,2026-08-29T11:13:00,2026-08-29T09:48:00
SHP-105514,ORD-105514,DC-04,DEPARTED,Carrier-D,2026-08-29T10:42:00,2026-08-29T11:04:00
SHP-105515,ORD-105515,DC-16,LOADED,Carrier-D,2026-08-29T11:07:00,2026-08-29T10:48:00
SHP-105516,ORD-105516,DC-01,DEPARTED,Carrier-D,2026-08-29T12:35:00,2026-08-29T11:16:00
SHP-105517,ORD-105517,DC-18,DELAYED,Carrier-A,2026-08-29T11:07:00,2026-08-29T11:17:00
SHP-105518,ORD-105518,DC-01,LOADED,Carrier-A,2026-08-29T11:27:00,2026-08-29T10:55:00
SHP-105519,ORD-105519,DC-16,DEPARTED,Carrier-B,2026-08-29T12:17:00,2026-08-29T11:10:00
SHP-105520,ORD-105520,DC-09,BOOKED,Carrier-B,2026-08-29T11:36:00,2026-08-29T11:03:00
SHP-105521,ORD-105521,DC-18,AT_DOCK,Carrier-D,2026-08-29T11:44:00,2026-08-29T10:52:00
SHP-105522,ORD-105522,DC-06,PLANNED,Carrier-B,2026-08-29T12:44:00,2026-08-29T11:37:00
SHP-105523,ORD-105523,DC-09,LOADED,Carrier-C,2026-08-29T10:38:00,2026-08-29T11:20:00
SHP-105524,ORD-105524,DC-14,AT_DOCK,Carrier-D,2026-08-29T13:06:00,2026-08-29T12:41:00
SHP-105525,ORD-105525,DC-11,DEPARTED,Carrier-B,2026-08-29T12:31:00,2026-08-29T11:11:00
SHP-105526,ORD-105526,DC-10,DEPARTED,Carrier-C,2026-08-29T12:19:00,2026-08-29T11:53:00
SHP-105527,ORD-105527,DC-09,AT_DOCK,Carrier-C,2026-08-29T12:01:00,2026-08-29T12:17:00
SHP-105528,ORD-105528,DC-16,LOADED,Carrier-D,2026-08-29T12:20:00,2026-08-29T12:43:00
SHP-105529,ORD-105529,DC-14,PLANNED,Carrier-B,2026-08-29T12:32:00,2026-08-29T12:38:00
SHP-105530,ORD-105530,DC-05,AT_DOCK,Carrier-A,2026-08-29T12:59:00,2026-08-29T11:58:00
SHP-105531,ORD-105531,DC-06,AT_DOCK,Carrier-B,2026-08-29T13:20:00,2026-08-29T11:54:00
SHP-105532,ORD-105532,DC-07,DELAYED,Carrier-C,2026-08-29T12:15:00,2026-08-29T12:27:00
SHP-105533,ORD-105533,DC-04,PLANNED,Carrier-B,2026-08-29T11:16:00,2026-08-29T11:55:00
SHP-105534,ORD-105534,DC-01,LOADED,Carrier-C,2026-08-29T13:57:00,2026-08-29T13:09:00
SHP-105535,ORD-105535,DC-07,DEPARTED,Carrier-D,2026-08-29T14:50:00,2026-08-29T13:22:00
SHP-105536,ORD-105536,DC-16,BOOKED,Carrier-C,2026-08-29T14:40:00,2026-08-29T13:13:00
SHP-105537,ORD-105537,DC-07,DELAYED,Carrier-B,2026-08-29T12:58:00,2026-08-29T12:26:00
SHP-105538,ORD-105538,DC-08,DEPARTED,Carrier-A,2026-08-29T13:44:00,2026-08-29T14:07:00
SHP-105539,ORD-105539,DC-11,PLANNED,Carrier-B,2026-08-29T15:05:00,2026-08-29T14:10:00
SHP-105540,ORD-105540,DC-14,AT_DOCK,Carrier-D,2026-08-29T13:58:00,2026-08-29T13:53:00
SHP-105541,ORD-105541,DC-16,LOADED,Carrier-A,2026-08-29T14:20:00,2026-08-29T13:42:00
SHP-105542,ORD-105542,DC-09,PLANNED,Carrier-C,2026-08-29T14:48:00,2026-08-29T14:09:00
SHP-105543,ORD-105543,DC-08,BOOKED,Carrier-D,2026-08-29T15:42:00,2026-08-29T14:37:00
SHP-105544,ORD-105544,DC-18,DELAYED,Carrier-C,2026-08-29T15:11:00,2026-08-29T14:37:00
SHP-105545,ORD-105545,DC-15,BOOKED,Carrier-D,2026-08-29T13:29:00,2026-08-29T13:55:00
SHP-105546,ORD-105546,DC-16,DEPARTED,Carrier-A,2026-08-29T15:36:00,2026-08-29T14:14:00
SHP-105547,ORD-105547,DC-16,DEPARTED,Carrier-C,2026-08-29T16:41:00,2026-08-29T15:29:00
SHP-105548,ORD-105548,DC-10,PLANNED,Carrier-D,2026-08-29T15:19:00,2026-08-29T13:59:00
SHP-105549,ORD-105549,DC-05,DELAYED,Carrier-B,2026-08-29T15:40:00,2026-08-29T14:56:00
SHP-105550,ORD-105550,DC-07,AT_DOCK,Carrier-B,2026-08-29T15:54:00,2026-08-29T14:45:00
SHP-105551,ORD-105551,DC-05,BOOKED,Carrier-B,2026-08-29T16:27:00,2026-08-29T15:46:00
SHP-105552,ORD-105552,DC-03,DELAYED,Carrier-C,2026-08-29T13:49:00,2026-08-29T14:32:00
SHP-105553,ORD-105553,DC-12,BOOKED,Carrier-B,2026-08-29T15:38:00,2026-08-29T15:33:00
SHP-105554,ORD-105554,DC-15,DELAYED,Carrier-D,2026-08-29T15:59:00,2026-08-29T16:27:00
SHP-105555,ORD-105555,DC-18,LOADED,Carrier-C,2026-08-29T15:16:00,2026-08-29T14:59:00
SHP-105556,ORD-105556,DC-04,DELAYED,Carrier-A,2026-08-29T17:03:00,2026-08-29T16:30:00
SHP-105557,ORD-105557,DC-16,DEPARTED,Carrier-B,2026-08-29T15:38:00,2026-08-29T15:51:00
SHP-105558,ORD-105558,DC-04,DEPARTED,Carrier-C,2026-08-29T17:01:00,2026-08-29T16:12:00
SHP-105559,ORD-105559,DC-05,DELAYED,Carrier-B,2026-08-29T16:58:00,2026-08-29T16:50:00
SHP-105560,ORD-105560,DC-09,LOADED,Carrier-C,2026-08-29T14:59:00,2026-08-29T15:27:00
SHP-105561,ORD-105561,DC-17,DELAYED,Carrier-B,2026-08-29T16:33:00,2026-08-29T16:14:00
SHP-105562,ORD-105562,DC-02,DEPARTED,Carrier-C,2026-08-29T16:56:00,2026-08-29T16:04:00
SHP-105563,ORD-105563,DC-05,DELAYED,Carrier-C,2026-08-29T18:26:00,2026-08-29T17:06:00
SHP-105564,ORD-105564,DC-05,DEPARTED,Carrier-D,2026-08-29T16:44:00,2026-08-29T16:50:00
SHP-105565,ORD-105565,DC-12,DELAYED,Carrier-A,2026-08-29T15:53:00,2026-08-29T16:37:00
SHP-105566,ORD-105566,DC-10,AT_DOCK,Carrier-D,2026-08-29T16:30:00,2026-08-29T16:11:00
SHP-105567,ORD-105567,DC-04,DEPARTED,Carrier-B,2026-08-29T18:22:00,2026-08-29T17:39:00
SHP-105568,ORD-105568,DC-04,LOADED,Carrier-A,2026-08-29T17:52:00,2026-08-29T16:39:00
SHP-105569,ORD-105569,DC-18,BOOKED,Carrier-A,2026-08-29T19:08:00,2026-08-29T17:45:00
SHP-105570,ORD-105570,DC-02,AT_DOCK,Carrier-D,2026-08-29T17:36:00,2026-08-29T18:00:00
SHP-105571,ORD-105571,DC-02,LOADED,Carrier-C,2026-08-29T17:31:00,2026-08-29T16:43:00
SHP-105572,ORD-105572,DC-16,DELAYED,Carrier-B,2026-08-29T19:24:00,2026-08-29T18:37:00
SHP-105573,ORD-105573,DC-18,DELAYED,Carrier-D,2026-08-29T16:38:00,2026-08-29T17:23:00
SHP-105574,ORD-105574,DC-09,DEPARTED,Carrier-A,2026-08-29T17:31:00,2026-08-29T17:53:00
SHP-105575,ORD-105575,DC-09,DEPARTED,Carrier-D,2026-08-29T16:21:00,2026-08-29T17:05:00
SHP-105576,ORD-105576,DC-07,DEPARTED,Carrier-A,2026-08-29T17:16:00,2026-08-29T17:56:00
SHP-105577,ORD-105577,DC-09,DELAYED,Carrier-A,2026-08-29T17:17:00,2026-08-29T17:48:00
SHP-105578,ORD-105578,DC-02,BOOKED,Carrier-C,2026-08-29T19:05:00,2026-08-29T18:38:00
SHP-105579,ORD-105579,DC-12,BOOKED,Carrier-C,2026-08-29T19:00:00,2026-08-29T17:56:00
SHP-105580,ORD-105580,DC-14,DELAYED,Carrier-A,2026-08-29T19:48:00,2026-08-29T18:24:00
SHP-105581,ORD-105581,DC-10,BOOKED,Carrier-A,2026-08-29T19:14:00,2026-08-29T18:35:00
SHP-105582,ORD-105582,DC-03,PLANNED,Carrier-D,2026-08-29T17:52:00,2026-08-29T18:03:00
SHP-105583,ORD-105583,DC-18,AT_DOCK,Carrier-D,2026-08-29T19:06:00,2026-08-29T18:04:00
SHP-105584,ORD-105584,DC-04,PLANNED,Carrier-A,2026-08-29T20:40:00,2026-08-29T19:34:00
SHP-105585,ORD-105585,DC-14,LOADED,Carrier-D,2026-08-29T20:44:00,2026-08-29T19:20:00
SHP-105586,ORD-105586,DC-10,AT_DOCK,Carrier-A,2026-08-29T20:33:00,2026-08-29T19:41:00
SHP-105587,ORD-105587,DC-14,AT_DOCK,Carrier-C,2026-08-29T19:54:00,2026-08-29T20:21:00
SHP-105588,ORD-105588,DC-14,BOOKED,Carrier-B,2026-08-29T19:36:00,2026-08-29T19:47:00
SHP-105589,ORD-105589,DC-12,LOADED,Carrier-B,2026-08-29T19:22:00,2026-08-29T19:05:00
SHP-105590,ORD-105590,DC-09,PLANNED,Carrier-D,2026-08-29T20:25:00,2026-08-29T19:28:00
SHP-105591,ORD-105591,DC-17,DEPARTED,Carrier-C,2026-08-29T18:57:00,2026-08-29T19:33:00
SHP-105592,ORD-105592,DC-11,BOOKED,Carrier-C,2026-08-29T20:38:00,2026-08-29T21:01:00
SHP-105593,ORD-105593,DC-16,DELAYED,Carrier-A,2026-08-29T21:06:00,2026-08-29T20:44:00
SHP-105594,ORD-105594,DC-02,PLANNED,Carrier-A,2026-08-29T19:20:00,2026-08-29T19:34:00
SHP-105595,ORD-105595,DC-03,DEPARTED,Carrier-B,2026-08-29T19:37:00,2026-08-29T19:55:00
SHP-105596,ORD-105596,DC-11,DELAYED,Carrier-A,2026-08-29T19:36:00,2026-08-29T20:07:00
SHP-105597,ORD-105597,DC-17,DEPARTED,Carrier-D,2026-08-29T20:02:00,2026-08-29T20:27:00
SHP-105598,ORD-105598,DC-09,BOOKED,Carrier-B,2026-08-29T20:46:00,2026-08-29T21:10:00
SHP-105599,ORD-105599,DC-09,BOOKED,Carrier-B,2026-08-29T21:42:00,2026-08-29T20:36:00
SHP-105600,ORD-105600,DC-04,AT_DOCK,Carrier-D,2026-08-29T20:56:00,2026-08-29T21:19:00
SHP-105601,ORD-105601,DC-05,DELAYED,Carrier-B,2026-08-29T20:40:00,2026-08-29T21:13:00
SHP-105602,ORD-105602,DC-17,LOADED,Carrier-C,2026-08-29T21:22:00,2026-08-29T21:33:00
SHP-105603,ORD-105603,DC-07,DELAYED,Carrier-A,2026-08-29T21:02:00,2026-08-29T21:39:00
SHP-105604,ORD-105604,DC-09,DEPARTED,Carrier-B,2026-08-29T22:24:00,2026-08-29T21:34:00
SHP-105605,ORD-105605,DC-10,PLANNED,Carrier-A,2026-08-29T22:41:00,2026-08-29T21:41:00
SHP-105606,ORD-105606,DC-15,PLANNED,Carrier-A,2026-08-29T22:08:00,2026-08-29T21:15:00
SHP-105607,ORD-105607,DC-08,BOOKED,Carrier-B,2026-08-29T21:40:00,2026-08-29T22:09:00
SHP-105608,ORD-105608,DC-08,BOOKED,Carrier-A,2026-08-29T22:22:00,2026-08-29T22:08:00
SHP-105609,ORD-105609,DC-14,AT_DOCK,Carrier-A,2026-08-29T21:28:00,2026-08-29T21:11:00
SHP-105610,ORD-105610,DC-14,DEPARTED,Carrier-A,2026-08-29T23:11:00,2026-08-29T22:10:00
SHP-105611,ORD-105611,DC-16,LOADED,Carrier-B,2026-08-29T21:05:00,2026-08-29T20:59:00
SHP-105612,ORD-105612,DC-09,AT_DOCK,Carrier-B,2026-08-29T21:45:00,2026-08-29T22:00:00
SHP-105613,ORD-105613,DC-18,BOOKED,Carrier-A,2026-08-29T20:19:00,2026-08-29T20:53:00
SHP-105614,ORD-105614,DC-05,AT_DOCK,Carrier-B,2026-08-29T21:57:00,2026-08-29T22:34:00
SHP-105615,ORD-105615,DC-14,LOADED,Carrier-A,2026-08-29T22:19:00,2026-08-29T21:33:00
SHP-105616,ORD-105616,DC-18,DEPARTED,Carrier-B,2026-08-29T21:54:00,2026-08-29T22:27:00
SHP-105617,ORD-105617,DC-08,AT_DOCK,Carrier-D,2026-08-29T21:23:00,2026-08-29T21:09:00
SHP-105618,ORD-105618,DC-05,LOADED,Carrier-B,2026-08-29T22:55:00,2026-08-29T21:48:00
SHP-105619,ORD-105619,DC-06,LOADED,Carrier-C,2026-08-29T21:48:00,2026-08-29T21:56:00
SHP-105620,ORD-105620,DC-13,AT_DOCK,Carrier-C,2026-08-29T22:02:00,2026-08-29T22:45:00
SHP-105621,ORD-105621,DC-16,AT_DOCK,Carrier-A,2026-08-29T21:29:00,2026-08-29T22:07:00
SHP-105622,ORD-105622,DC-12,DEPARTED,Carrier-C,2026-08-29T22:35:00,2026-08-29T22:05:00
SHP-105623,ORD-105623,DC-18,AT_DOCK,Carrier-A,2026-08-29T23:28:00,2026-08-29T23:19:00
SHP-105624,ORD-105624,DC-01,DEPARTED,Carrier-C,2026-08-30T00:05:00,2026-08-29T23:26:00
SHP-105625,ORD-105625,DC-10,LOADED,Carrier-D,2026-08-29T23:05:00,2026-08-29T22:48:00
SHP-105626,ORD-105626,DC-18,DELAYED,Carrier-D,2026-08-29T23:10:00,2026-08-29T22:39:00
SHP-105627,ORD-105627,DC-14,DEPARTED,Carrier-A,2026-08-30T00:19:00,2026-08-30T00:03:00
SHP-105628,ORD-105628,DC-17,BOOKED,Carrier-A,2026-08-30T01:32:00,2026-08-30T00:38:00
SHP-105629,ORD-105629,DC-06,BOOKED,Carrier-B,2026-08-29T23:32:00,2026-08-29T23:45:00
SHP-105630,ORD-105630,DC-16,PLANNED,Carrier-C,2026-08-30T01:15:00,2026-08-30T01:21:00
SHP-105631,ORD-105631,DC-01,AT_DOCK,Carrier-B,2026-08-29T23:58:00,2026-08-30T00:22:00
SHP-105632,ORD-105632,DC-06,DELAYED,Carrier-B,2026-08-29T23:51:00,2026-08-30T00:22:00
SHP-105633,ORD-105633,DC-13,PLANNED,Carrier-B,2026-08-30T01:37:00,2026-08-30T01:31:00
SHP-105634,ORD-105634,DC-13,LOADED,Carrier-D,2026-08-30T01:11:00,2026-08-30T01:42:00
SHP-105635,ORD-105635,DC-13,LOADED,Carrier-A,2026-08-30T02:43:00,2026-08-30T01:34:00
SHP-105636,ORD-105636,DC-10,AT_DOCK,Carrier-A,2026-08-30T00:52:00,2026-08-30T00:45:00
SHP-105637,ORD-105637,DC-15,BOOKED,Carrier-D,2026-08-30T02:01:00,2026-08-30T01:37:00
SHP-105638,ORD-105638,DC-18,AT_DOCK,Carrier-A,2026-08-30T02:15:00,2026-08-30T02:09:00
SHP-105639,ORD-105639,DC-10,AT_DOCK,Carrier-A,2026-08-30T01:26:00,2026-08-30T01:51:00
SHP-105640,ORD-105640,DC-10,DELAYED,Carrier-A,2026-08-30T02:51:00,2026-08-30T02:04:00
SHP-105641,ORD-105641,DC-06,BOOKED,Carrier-A,2026-08-30T00:19:00,2026-08-30T00:53:00
SHP-105642,ORD-105642,DC-18,AT_DOCK,Carrier-C,2026-08-30T00:39:00,2026-08-30T01:06:00
SHP-105643,ORD-105643,DC-17,AT_DOCK,Carrier-A,2026-08-30T02:47:00,2026-08-30T02:23:00
SHP-105644,ORD-105644,DC-17,BOOKED,Carrier-B,2026-08-30T02:13:00,2026-08-30T01:26:00
SHP-105645,ORD-105645,DC-15,PLANNED,Carrier-B,2026-08-30T02:48:00,2026-08-30T03:18:00
SHP-105646,ORD-105646,DC-05,BOOKED,Carrier-B,2026-08-30T02:43:00,2026-08-30T01:56:00
SHP-105647,ORD-105647,DC-10,DEPARTED,Carrier-A,2026-08-30T03:33:00,2026-08-30T03:05:00
SHP-105648,ORD-105648,DC-04,DELAYED,Carrier-D,2026-08-30T01:39:00,2026-08-30T02:01:00
SHP-105649,ORD-105649,DC-15,AT_DOCK,Carrier-A,2026-08-30T03:19:00,2026-08-30T03:40:00
SHP-105650,ORD-105650,DC-06,DELAYED,Carrier-D,2026-08-30T03:18:00,2026-08-30T03:43:00
SHP-105651,ORD-105651,DC-04,DEPARTED,Carrier-A,2026-08-30T04:41:00,2026-08-30T04:05:00
SHP-105652,ORD-105652,DC-09,DELAYED,Carrier-B,2026-08-30T02:45:00,2026-08-30T02:36:00
SHP-105653,ORD-105653,DC-13,PLANNED,Carrier-B,2026-08-30T04:30:00,2026-08-30T04:24:00
SHP-105654,ORD-105654,DC-17,PLANNED,Carrier-B,2026-08-30T04:50:00,2026-08-30T04:20:00
SHP-105655,ORD-105655,DC-07,LOADED,Carrier-D,2026-08-30T03:26:00,2026-08-30T02:57:00
SHP-105656,ORD-105656,DC-07,LOADED,Carrier-D,2026-08-30T03:53:00,2026-08-30T02:59:00
SHP-105657,ORD-105657,DC-09,LOADED,Carrier-C,2026-08-30T02:22:00,2026-08-30T03:01:00
SHP-105658,ORD-105658,DC-08,DELAYED,Carrier-A,2026-08-30T02:55:00,2026-08-30T03:19:00
SHP-105659,ORD-105659,DC-02,LOADED,Carrier-B,2026-08-30T03:32:00,2026-08-30T03:52:00
SHP-105660,ORD-105660,DC-15,PLANNED,Carrier-B,2026-08-30T04:19:00,2026-08-30T04:54:00
SHP-105661,ORD-105661,DC-13,LOADED,Carrier-D,2026-08-30T05:12:00,2026-08-30T04:57:00
SHP-105662,ORD-105662,DC-16,AT_DOCK,Carrier-D,2026-08-30T05:35:00,2026-08-30T04:28:00
SHP-105663,ORD-105663,DC-18,AT_DOCK,Carrier-D,2026-08-30T04:46:00,2026-08-30T04:58:00
SHP-105664,ORD-105664,DC-06,PLANNED,Carrier-A,2026-08-30T03:59:00,2026-08-30T04:30:00
SHP-105665,ORD-105665,DC-15,BOOKED,Carrier-A,2026-08-30T05:53:00,2026-08-30T05:21:00
SHP-105666,ORD-105666,DC-01,PLANNED,Carrier-A,2026-08-30T06:40:00,2026-08-30T05:54:00
SHP-105667,ORD-105667,DC-04,PLANNED,Carrier-A,2026-08-30T05:28:00,2026-08-30T05:33:00
SHP-105668,ORD-105668,DC-18,DELAYED,Carrier-D,2026-08-30T05:00:00,2026-08-30T04:34:00
SHP-105669,ORD-105669,DC-10,AT_DOCK,Carrier-C,2026-08-30T05:18:00,2026-08-30T04:34:00
SHP-105670,ORD-105670,DC-01,AT_DOCK,Carrier-A,2026-08-30T06:09:00,2026-08-30T05:03:00
SHP-105671,ORD-105671,DC-08,AT_DOCK,Carrier-C,2026-08-30T06:17:00,2026-08-30T06:22:00
SHP-105672,ORD-105672,DC-05,DEPARTED,Carrier-C,2026-08-30T07:20:00,2026-08-30T06:05:00
SHP-105673,ORD-105673,DC-09,LOADED,Carrier-C,2026-08-30T05:36:00,2026-08-30T06:19:00
SHP-105674,ORD-105674,DC-17,LOADED,Carrier-C,2026-08-30T07:03:00,2026-08-30T06:39:00
SHP-105675,ORD-105675,DC-02,BOOKED,Carrier-D,2026-08-30T07:58:00,2026-08-30T06:43:00
SHP-105676,ORD-105676,DC-10,BOOKED,Carrier-A,2026-08-30T06:02:00,2026-08-30T06:20:00
SHP-105677,ORD-105677,DC-06,BOOKED,Carrier-B,2026-08-30T07:57:00,2026-08-30T07:27:00
SHP-105678,ORD-105678,DC-07,DELAYED,Carrier-B,2026-08-30T06:54:00,2026-08-30T06:09:00
SHP-105679,ORD-105679,DC-04,DEPARTED,Carrier-C,2026-08-30T07:17:00,2026-08-30T07:10:00
SHP-105680,ORD-105680,DC-07,BOOKED,Carrier-C,2026-08-30T05:46:00,2026-08-30T06:21:00
SHP-105681,ORD-105681,DC-13,LOADED,Carrier-D,2026-08-30T07:14:00,2026-08-30T06:53:00
SHP-105682,ORD-105682,DC-11,DEPARTED,Carrier-D,2026-08-30T09:10:00,2026-08-30T07:42:00
SHP-105683,ORD-105683,DC-12,PLANNED,Carrier-A,2026-08-30T06:15:00,2026-08-30T06:34:00
SHP-105684,ORD-105684,DC-13,LOADED,Carrier-A,2026-08-30T08:18:00,2026-08-30T07:22:00
SHP-105685,ORD-105685,DC-07,DELAYED,Carrier-D,2026-08-30T07:38:00,2026-08-30T07:01:00
SHP-105686,ORD-105686,DC-01,DELAYED,Carrier-B,2026-08-30T06:47:00,2026-08-30T07:08:00
SHP-105687,ORD-105687,DC-11,LOADED,Carrier-C,2026-08-30T09:50:00,2026-08-30T08:46:00
SHP-105688,ORD-105688,DC-12,PLANNED,Carrier-D,2026-08-30T09:25:00,2026-08-30T08:13:00
SHP-105689,ORD-105689,DC-07,AT_DOCK,Carrier-C,2026-08-30T09:02:00,2026-08-30T08:02:00
SHP-105690,ORD-105690,DC-09,DEPARTED,Carrier-B,2026-08-30T07:12:00,2026-08-30T07:43:00
SHP-105691,ORD-105691,DC-13,BOOKED,Carrier-C,2026-08-30T08:07:00,2026-08-30T07:55:00
SHP-105692,ORD-105692,DC-07,BOOKED,Carrier-A,2026-08-30T10:26:00,2026-08-30T09:13:00
SHP-105693,ORD-105693,DC-09,AT_DOCK,Carrier-C,2026-08-30T09:09:00,2026-08-30T09:15:00
SHP-105694,ORD-105694,DC-15,AT_DOCK,Carrier-B,2026-08-30T09:36:00,2026-08-30T09:07:00
SHP-105695,ORD-105695,DC-01,LOADED,Carrier-A,2026-08-30T10:25:00,2026-08-30T09:10:00
SHP-105696,ORD-105696,DC-17,AT_DOCK,Carrier-A,2026-08-30T08:42:00,2026-08-30T08:31:00
SHP-105697,ORD-105697,DC-14,AT_DOCK,Carrier-C,2026-08-30T08:12:00,2026-08-30T08:45:00
SHP-105698,ORD-105698,DC-03,DEPARTED,Carrier-A,2026-08-30T10:02:00,2026-08-30T09:25:00
SHP-105699,ORD-105699,DC-02,DELAYED,Carrier-D,2026-08-30T09:42:00,2026-08-30T09:52:00
SHP-105700,ORD-105700,DC-05,DEPARTED,Carrier-D,2026-08-30T08:27:00,2026-08-30T08:40:00
SHP-105701,ORD-105701,DC-05,DELAYED,Carrier-B,2026-08-30T10:13:00,2026-08-30T09:40:00
SHP-105702,ORD-105702,DC-17,DEPARTED,Carrier-C,2026-08-30T11:28:00,2026-08-30T10:45:00
SHP-105703,ORD-105703,DC-06,PLANNED,Carrier-D,2026-08-30T08:57:00,2026-08-30T09:11:00
SHP-105704,ORD-105704,DC-05,AT_DOCK,Carrier-D,2026-08-30T12:17:00,2026-08-30T11:09:00
SHP-105705,ORD-105705,DC-12,PLANNED,Carrier-C,2026-08-30T12:21:00,2026-08-30T10:51:00
SHP-105706,ORD-105706,DC-05,BOOKED,Carrier-C,2026-08-30T09:58:00,2026-08-30T10:22:00
SHP-105707,ORD-105707,DC-08,DEPARTED,Carrier-C,2026-08-30T12:02:00,2026-08-30T11:49:00
SHP-105708,ORD-105708,DC-16,BOOKED,Carrier-D,2026-08-30T10:57:00,2026-08-30T10:24:00
SHP-105709,ORD-105709,DC-09,DELAYED,Carrier-A,2026-08-30T12:52:00,2026-08-30T11:34:00
SHP-105710,ORD-105710,DC-12,AT_DOCK,Carrier-D,2026-08-30T11:03:00,2026-08-30T10:31:00
SHP-105711,ORD-105711,DC-07,LOADED,Carrier-B,2026-08-30T13:28:00,2026-08-30T12:31:00
SHP-105712,ORD-105712,DC-02,BOOKED,Carrier-A,2026-08-30T11:09:00,2026-08-30T11:48:00
SHP-105713,ORD-105713,DC-14,PLANNED,Carrier-D,2026-08-30T11:04:00,2026-08-30T11:45:00
SHP-105714,ORD-105714,DC-12,DEPARTED,Carrier-A,2026-08-30T13:09:00,2026-08-30T11:49:00
SHP-105715,ORD-105715,DC-09,AT_DOCK,Carrier-D,2026-08-30T12:17:00,2026-08-30T11:15:00
SHP-105716,ORD-105716,DC-17,DEPARTED,Carrier-C,2026-08-30T13:06:00,2026-08-30T11:36:00
SHP-105717,ORD-105717,DC-13,DEPARTED,Carrier-A,2026-08-30T13:13:00,2026-08-30T12:15:00
SHP-105718,ORD-105718,DC-17,AT_DOCK,Carrier-B,2026-08-30T12:17:00,2026-08-30T12:07:00
SHP-105719,ORD-105719,DC-16,LOADED,Carrier-C,2026-08-30T12:31:00,2026-08-30T11:42:00
SHP-105720,ORD-105720,DC-07,LOADED,Carrier-A,2026-08-30T12:40:00,2026-08-30T12:54:00
SHP-105721,ORD-105721,DC-16,PLANNED,Carrier-B,2026-08-30T12:53:00,2026-08-30T12:26:00
SHP-105722,ORD-105722,DC-14,DEPARTED,Carrier-C,2026-08-30T13:43:00,2026-08-30T12:57:00
SHP-105723,ORD-105723,DC-01,AT_DOCK,Carrier-C,2026-08-30T14:37:00,2026-08-30T13:55:00
SHP-105724,ORD-105724,DC-07,AT_DOCK,Carrier-A,2026-08-30T12:48:00,2026-08-30T12:28:00
SHP-105725,ORD-105725,DC-07,DEPARTED,Carrier-A,2026-08-30T13:48:00,2026-08-30T14:14:00
SHP-105726,ORD-105726,DC-09,PLANNED,Carrier-A,2026-08-30T13:55:00,2026-08-30T13:04:00
SHP-105727,ORD-105727,DC-13,DEPARTED,Carrier-B,2026-08-30T12:25:00,2026-08-30T12:42:00
SHP-105728,ORD-105728,DC-16,BOOKED,Carrier-B,2026-08-30T15:52:00,2026-08-30T14:34:00
SHP-105729,ORD-105729,DC-07,AT_DOCK,Carrier-B,2026-08-30T14:43:00,2026-08-30T13:24:00
SHP-105730,ORD-105730,DC-12,BOOKED,Carrier-D,2026-08-30T12:39:00,2026-08-30T13:02:00
SHP-105731,ORD-105731,DC-18,AT_DOCK,Carrier-A,2026-08-30T13:34:00,2026-08-30T13:05:00
SHP-105732,ORD-105732,DC-17,DEPARTED,Carrier-B,2026-08-30T14:11:00,2026-08-30T13:06:00
SHP-105733,ORD-105733,DC-09,DELAYED,Carrier-D,2026-08-30T13:38:00,2026-08-30T14:16:00
SHP-105734,ORD-105734,DC-06,DEPARTED,Carrier-B,2026-08-30T15:00:00,2026-08-30T13:56:00
SHP-105735,ORD-105735,DC-09,DELAYED,Carrier-D,2026-08-30T13:23:00,2026-08-30T14:06:00
SHP-105736,ORD-105736,DC-09,DEPARTED,Carrier-D,2026-08-30T15:37:00,2026-08-30T14:32:00
SHP-105737,ORD-105737,DC-15,AT_DOCK,Carrier-D,2026-08-30T15:41:00,2026-08-30T15:05:00
SHP-105738,ORD-105738,DC-05,DELAYED,Carrier-A,2026-08-30T14:50:00,2026-08-30T13:53:00
SHP-105739,ORD-105739,DC-10,BOOKED,Carrier-D,2026-08-30T13:48:00,2026-08-30T13:57:00
SHP-105740,ORD-105740,DC-14,LOADED,Carrier-A,2026-08-30T14:56:00,2026-08-30T14:41:00
SHP-105741,ORD-105741,DC-08,PLANNED,Carrier-D,2026-08-30T16:21:00,2026-08-30T15:30:00
SHP-105742,ORD-105742,DC-06,BOOKED,Carrier-A,2026-08-30T16:47:00,2026-08-30T15:43:00
SHP-105743,ORD-105743,DC-18,DELAYED,Carrier-A,2026-08-30T15:00:00,2026-08-30T14:20:00
SHP-105744,ORD-105744,DC-02,DEPARTED,Carrier-B,2026-08-30T15:35:00,2026-08-30T14:31:00
SHP-105745,ORD-105745,DC-07,PLANNED,Carrier-D,2026-08-30T16:26:00,2026-08-30T15:49:00
SHP-105746,ORD-105746,DC-04,BOOKED,Carrier-B,2026-08-30T14:46:00,2026-08-30T15:07:00
SHP-105747,ORD-105747,DC-09,PLANNED,Carrier-B,2026-08-30T15:19:00,2026-08-30T15:02:00
SHP-105748,ORD-105748,DC-02,LOADED,Carrier-B,2026-08-30T15:27:00,2026-08-30T15:09:00
SHP-105749,ORD-105749,DC-02,LOADED,Carrier-C,2026-08-30T16:27:00,2026-08-30T15:25:00
SHP-105750,ORD-105750,DC-09,BOOKED,Carrier-A,2026-08-30T16:17:00,2026-08-30T15:33:00
SHP-105751,ORD-105751,DC-05,DELAYED,Carrier-B,2026-08-30T15:19:00,2026-08-30T15:32:00
SHP-105752,ORD-105752,DC-18,DELAYED,Carrier-C,2026-08-30T16:17:00,2026-08-30T16:08:00
SHP-105753,ORD-105753,DC-16,AT_DOCK,Carrier-C,2026-08-30T17:11:00,2026-08-30T16:37:00
SHP-105754,ORD-105754,DC-01,DELAYED,Carrier-A,2026-08-30T18:08:00,2026-08-30T16:42:00
SHP-105755,ORD-105755,DC-12,DEPARTED,Carrier-D,2026-08-30T16:03:00,2026-08-30T16:33:00
SHP-105756,ORD-105756,DC-03,BOOKED,Carrier-A,2026-08-30T14:40:00,2026-08-30T15:07:00
SHP-105757,ORD-105757,DC-15,PLANNED,Carrier-B,2026-08-30T16:03:00,2026-08-30T15:20:00
SHP-105758,ORD-105758,DC-14,DEPARTED,Carrier-B,2026-08-30T16:14:00,2026-08-30T15:58:00
SHP-105759,ORD-105759,DC-14,AT_DOCK,Carrier-D,2026-08-30T17:41:00,2026-08-30T17:03:00
SHP-105760,ORD-105760,DC-17,AT_DOCK,Carrier-B,2026-08-30T16:39:00,2026-08-30T16:21:00
SHP-105761,ORD-105761,DC-01,AT_DOCK,Carrier-B,2026-08-30T17:08:00,2026-08-30T16:26:00
SHP-105762,ORD-105762,DC-12,PLANNED,Carrier-D,2026-08-30T16:29:00,2026-08-30T17:05:00
SHP-105763,ORD-105763,DC-12,LOADED,Carrier-C,2026-08-30T17:52:00,2026-08-30T16:47:00
SHP-105764,ORD-105764,DC-07,AT_DOCK,Carrier-C,2026-08-30T16:47:00,2026-08-30T16:53:00
SHP-105765,ORD-105765,DC-08,PLANNED,Carrier-A,2026-08-30T17:29:00,2026-08-30T16:10:00
SHP-105766,ORD-105766,DC-04,BOOKED,Carrier-B,2026-08-30T15:41:00,2026-08-30T16:10:00
SHP-105767,ORD-105767,DC-05,AT_DOCK,Carrier-A,2026-08-30T18:51:00,2026-08-30T17:33:00
SHP-105768,ORD-105768,DC-16,AT_DOCK,Carrier-B,2026-08-30T18:18:00,2026-08-30T17:07:00
SHP-105769,ORD-105769,DC-05,PLANNED,Carrier-C,2026-08-30T16:34:00,2026-08-30T17:03:00
SHP-105770,ORD-105770,DC-12,PLANNED,Carrier-C,2026-08-30T16:34:00,2026-08-30T16:19:00
SHP-105771,ORD-105771,DC-15,AT_DOCK,Carrier-D,2026-08-30T17:14:00,2026-08-30T16:54:00
SHP-105772,ORD-105772,DC-04,DELAYED,Carrier-D,2026-08-30T15:41:00,2026-08-30T16:22:00
SHP-105773,ORD-105773,DC-05,DEPARTED,Carrier-A,2026-08-30T18:10:00,2026-08-30T17:36:00
SHP-105774,ORD-105774,DC-04,DEPARTED,Carrier-B,2026-08-30T17:14:00,2026-08-30T16:29:00
SHP-105775,ORD-105775,DC-10,DEPARTED,Carrier-A,2026-08-30T16:05:00,2026-08-30T16:42:00
SHP-105776,ORD-105776,DC-03,DELAYED,Carrier-B,2026-08-30T16:08:00,2026-08-30T16:39:00
SHP-105777,ORD-105777,DC-15,PLANNED,Carrier-A,2026-08-30T16:59:00,2026-08-30T17:08:00
SHP-105778,ORD-105778,DC-07,AT_DOCK,Carrier-D,2026-08-30T17:34:00,2026-08-30T17:11:00
SHP-105779,ORD-105779,DC-18,LOADED,Carrier-A,2026-08-30T18:09:00,2026-08-30T18:16:00
SHP-105780,ORD-105780,DC-13,DEPARTED,Carrier-C,2026-08-30T16:57:00,2026-08-30T17:02:00
SHP-105781,ORD-105781,DC-09,BOOKED,Carrier-B,2026-08-30T17:00:00,2026-08-30T17:28:00
SHP-105782,ORD-105782,DC-03,PLANNED,Carrier-D,2026-08-30T16:52:00,2026-08-30T17:08:00
SHP-105783,ORD-105783,DC-15,LOADED,Carrier-A,2026-08-30T20:07:00,2026-08-30T18:43:00
SHP-105784,ORD-105784,DC-16,PLANNED,Carrier-B,2026-08-30T19:54:00,2026-08-30T18:25:00
SHP-105785,ORD-105785,DC-10,AT_DOCK,Carrier-A,2026-08-30T18:10:00,2026-08-30T18:28:00
SHP-105786,ORD-105786,DC-12,BOOKED,Carrier-B,2026-08-30T17:32:00,2026-08-30T17:50:00
SHP-105787,ORD-105787,DC-05,LOADED,Carrier-C,2026-08-30T19:08:00,2026-08-30T18:58:00
SHP-105788,ORD-105788,DC-18,BOOKED,Carrier-B,2026-08-30T17:58:00,2026-08-30T18:21:00
SHP-105789,ORD-105789,DC-02,DEPARTED,Carrier-B,2026-08-30T18:50:00,2026-08-30T19:14:00
SHP-105790,ORD-105790,DC-13,DELAYED,Carrier-B,2026-08-30T18:12:00,2026-08-30T18:39:00
SHP-105791,ORD-105791,DC-05,AT_DOCK,Carrier-C,2026-08-30T18:07:00,2026-08-30T18:45:00
SHP-105792,ORD-105792,DC-09,BOOKED,Carrier-C,2026-08-30T19:34:00,2026-08-30T19:39:00
SHP-105793,ORD-105793,DC-02,DEPARTED,Carrier-D,2026-08-30T19:01:00,2026-08-30T19:09:00
SHP-105794,ORD-105794,DC-12,AT_DOCK,Carrier-D,2026-08-30T19:22:00,2026-08-30T20:06:00
SHP-105795,ORD-105795,DC-11,AT_DOCK,Carrier-D,2026-08-30T20:16:00,2026-08-30T19:26:00
SHP-105796,ORD-105796,DC-01,AT_DOCK,Carrier-A,2026-08-30T20:01:00,2026-08-30T19:49:00
SHP-105797,ORD-105797,DC-07,PLANNED,Carrier-B,2026-08-30T20:46:00,2026-08-30T20:36:00
SHP-105798,ORD-105798,DC-02,DELAYED,Carrier-D,2026-08-30T21:16:00,2026-08-30T20:19:00
SHP-105799,ORD-105799,DC-02,LOADED,Carrier-A,2026-08-30T21:14:00,2026-08-30T20:06:00
SHP-105800,ORD-105800,DC-07,DEPARTED,Carrier-A,2026-08-30T19:29:00,2026-08-30T19:53:00
SHP-105801,ORD-105801,DC-05,DEPARTED,Carrier-D,2026-08-30T20:47:00,2026-08-30T21:07:00
SHP-105802,ORD-105802,DC-16,LOADED,Carrier-C,2026-08-30T20:33:00,2026-08-30T20:23:00
SHP-105803,ORD-105803,DC-05,PLANNED,Carrier-B,2026-08-30T20:17:00,2026-08-30T21:00:00
SHP-105804,ORD-105804,DC-18,BOOKED,Carrier-B,2026-08-30T21:32:00,2026-08-30T20:55:00
SHP-105805,ORD-105805,DC-03,DELAYED,Carrier-D,2026-08-30T20:32:00,2026-08-30T20:26:00
SHP-105806,ORD-105806,DC-16,DELAYED,Carrier-B,2026-08-30T20:06:00,2026-08-30T20:39:00
SHP-105807,ORD-105807,DC-17,PLANNED,Carrier-D,2026-08-30T20:52:00,2026-08-30T20:32:00
SHP-105808,ORD-105808,DC-02,AT_DOCK,Carrier-B,2026-08-30T20:44:00,2026-08-30T20:59:00
SHP-105809,ORD-105809,DC-15,AT_DOCK,Carrier-A,2026-08-30T22:33:00,2026-08-30T22:20:00
SHP-105810,ORD-105810,DC-14,LOADED,Carrier-D,2026-08-30T22:56:00,2026-08-30T21:43:00
SHP-105811,ORD-105811,DC-07,DEPARTED,Carrier-D,2026-08-30T22:06:00,2026-08-30T22:34:00
SHP-105812,ORD-105812,DC-02,BOOKED,Carrier-D,2026-08-30T22:17:00,2026-08-30T22:06:00
SHP-105813,ORD-105813,DC-18,BOOKED,Carrier-C,2026-08-30T21:30:00,2026-08-30T21:55:00
SHP-105814,ORD-105814,DC-05,AT_DOCK,Carrier-A,2026-08-30T21:28:00,2026-08-30T21:04:00
SHP-105815,ORD-105815,DC-16,BOOKED,Carrier-D,2026-08-30T23:53:00,2026-08-30T22:46:00
SHP-105816,ORD-105816,DC-10,DEPARTED,Carrier-D,2026-08-30T21:06:00,2026-08-30T21:19:00
SHP-105817,ORD-105817,DC-16,DELAYED,Carrier-C,2026-08-30T21:18:00,2026-08-30T21:57:00
SHP-105818,ORD-105818,DC-06,DEPARTED,Carrier-D,2026-08-30T23:43:00,2026-08-30T22:27:00
SHP-105819,ORD-105819,DC-12,AT_DOCK,Carrier-B,2026-08-30T22:09:00,2026-08-30T21:30:00
SHP-105820,ORD-105820,DC-11,DEPARTED,Carrier-C,2026-08-30T21:39:00,2026-08-30T21:58:00
SHP-105821,ORD-105821,DC-18,LOADED,Carrier-D,2026-08-30T22:22:00,2026-08-30T21:37:00
SHP-105822,ORD-105822,DC-14,BOOKED,Carrier-D,2026-08-30T22:47:00,2026-08-30T22:15:00
SHP-105823,ORD-105823,DC-04,PLANNED,Carrier-D,2026-08-30T21:35:00,2026-08-30T21:52:00
SHP-105824,ORD-105824,DC-04,PLANNED,Carrier-C,2026-08-31T00:15:00,2026-08-30T22:58:00
SHP-105825,ORD-105825,DC-07,AT_DOCK,Carrier-A,2026-08-30T22:32:00,2026-08-30T22:27:00
SHP-105826,ORD-105826,DC-03,DELAYED,Carrier-D,2026-08-30T23:32:00,2026-08-30T23:01:00
SHP-105827,ORD-105827,DC-15,LOADED,Carrier-B,2026-08-30T22:53:00,2026-08-30T23:16:00
SHP-105828,ORD-105828,DC-16,PLANNED,Carrier-B,2026-08-30T23:36:00,2026-08-30T22:53:00
SHP-105829,ORD-105829,DC-03,BOOKED,Carrier-D,2026-08-30T23:07:00,2026-08-30T23:24:00
SHP-105830,ORD-105830,DC-06,DELAYED,Carrier-B,2026-08-30T23:30:00,2026-08-30T22:46:00
SHP-105831,ORD-105831,DC-02,LOADED,Carrier-A,2026-08-30T23:16:00,2026-08-30T22:44:00
SHP-105832,ORD-105832,DC-11,PLANNED,Carrier-D,2026-08-31T00:33:00,2026-08-30T23:04:00
SHP-105833,ORD-105833,DC-18,BOOKED,Carrier-D,2026-08-31T01:05:00,2026-08-31T00:37:00
SHP-105834,ORD-105834,DC-14,AT_DOCK,Carrier-C,2026-08-31T00:36:00,2026-08-30T23:10:00
SHP-105835,ORD-105835,DC-01,AT_DOCK,Carrier-D,2026-08-31T00:30:00,2026-08-30T23:35:00
SHP-105836,ORD-105836,DC-15,AT_DOCK,Carrier-C,2026-08-30T23:51:00,2026-08-30T23:56:00
SHP-105837,ORD-105837,DC-08,BOOKED,Carrier-B,2026-08-30T23:45:00,2026-08-31T00:29:00
SHP-105838,ORD-105838,DC-03,PLANNED,Carrier-A,2026-08-31T00:43:00,2026-08-31T00:13:00
SHP-105839,ORD-105839,DC-15,PLANNED,Carrier-B,2026-08-31T00:05:00,2026-08-31T00:41:00
SHP-105840,ORD-105840,DC-15,DELAYED,Carrier-A,2026-08-31T01:07:00,2026-08-31T01:45:00
SHP-105841,ORD-105841,DC-14,DEPARTED,Carrier-C,2026-08-31T01:58:00,2026-08-31T00:55:00
SHP-105842,ORD-105842,DC-07,DELAYED,Carrier-C,2026-08-31T01:30:00,2026-08-31T01:14:00
SHP-105843,ORD-105843,DC-16,AT_DOCK,Carrier-D,2026-08-31T01:23:00,2026-08-31T01:44:00
SHP-105844,ORD-105844,DC-10,PLANNED,Carrier-A,2026-08-31T01:59:00,2026-08-31T01:19:00
SHP-105845,ORD-105845,DC-08,AT_DOCK,Carrier-D,2026-08-31T01:30:00,2026-08-31T01:17:00
SHP-105846,ORD-105846,DC-13,AT_DOCK,Carrier-D,2026-08-31T03:13:00,2026-08-31T01:55:00
SHP-105847,ORD-105847,DC-13,PLANNED,Carrier-D,2026-08-31T02:40:00,2026-08-31T01:29:00
SHP-105848,ORD-105848,DC-04,LOADED,Carrier-D,2026-08-31T02:05:00,2026-08-31T02:35:00
SHP-105849,ORD-105849,DC-17,DEPARTED,Carrier-B,2026-08-31T02:50:00,2026-08-31T03:00:00
SHP-105850,ORD-105850,DC-11,PLANNED,Carrier-A,2026-08-31T01:49:00,2026-08-31T01:37:00
SHP-105851,ORD-105851,DC-07,DELAYED,Carrier-C,2026-08-31T02:48:00,2026-08-31T03:05:00
SHP-105852,ORD-105852,DC-02,LOADED,Carrier-C,2026-08-31T02:57:00,2026-08-31T01:36:00
SHP-105853,ORD-105853,DC-08,DELAYED,Carrier-D,2026-08-31T02:35:00,2026-08-31T02:41:00
SHP-105854,ORD-105854,DC-08,LOADED,Carrier-C,2026-08-31T04:52:00,2026-08-31T03:25:00
SHP-105855,ORD-105855,DC-03,DELAYED,Carrier-A,2026-08-31T03:42:00,2026-08-31T03:16:00
SHP-105856,ORD-105856,DC-01,DEPARTED,Carrier-A,2026-08-31T04:41:00,2026-08-31T03:17:00
SHP-105857,ORD-105857,DC-07,DELAYED,Carrier-B,2026-08-31T05:02:00,2026-08-31T03:39:00
SHP-105858,ORD-105858,DC-10,DELAYED,Carrier-D,2026-08-31T03:44:00,2026-08-31T02:34:00
SHP-105859,ORD-105859,DC-10,BOOKED,Carrier-B,2026-08-31T03:15:00,2026-08-31T02:50:00
SHP-105860,ORD-105860,DC-15,BOOKED,Carrier-C,2026-08-31T05:58:00,2026-08-31T04:43:00
SHP-105861,ORD-105861,DC-14,PLANNED,Carrier-C,2026-08-31T03:47:00,2026-08-31T03:02:00
SHP-105862,ORD-105862,DC-11,AT_DOCK,Carrier-B,2026-08-31T03:28:00,2026-08-31T03:56:00
SHP-105863,ORD-105863,DC-10,DEPARTED,Carrier-B,2026-08-31T05:23:00,2026-08-31T04:30:00
SHP-105864,ORD-105864,DC-14,BOOKED,Carrier-A,2026-08-31T03:02:00,2026-08-31T03:33:00
SHP-105865,ORD-105865,DC-04,AT_DOCK,Carrier-A,2026-08-31T04:02:00,2026-08-31T04:37:00
SHP-105866,ORD-105866,DC-14,AT_DOCK,Carrier-B,2026-08-31T04:27:00,2026-08-31T04:13:00
SHP-105867,ORD-105867,DC-04,DELAYED,Carrier-D,2026-08-31T06:23:00,2026-08-31T05:12:00
SHP-105868,ORD-105868,DC-13,BOOKED,Carrier-D,2026-08-31T03:44:00,2026-08-31T04:28:00
SHP-105869,ORD-105869,DC-18,AT_DOCK,Carrier-D,2026-08-31T05:59:00,2026-08-31T04:42:00
SHP-105870,ORD-105870,DC-15,PLANNED,Carrier-B,2026-08-31T04:57:00,2026-08-31T05:12:00
SHP-105871,ORD-105871,DC-13,BOOKED,Carrier-A,2026-08-31T06:41:00,2026-08-31T05:30:00
SHP-105872,ORD-105872,DC-13,PLANNED,Carrier-B,2026-08-31T06:21:00,2026-08-31T05:24:00
SHP-105873,ORD-105873,DC-15,LOADED,Carrier-A,2026-08-31T07:37:00,2026-08-31T06:58:00
SHP-105874,ORD-105874,DC-18,AT_DOCK,Carrier-A,2026-08-31T06:36:00,2026-08-31T06:28:00
SHP-105875,ORD-105875,DC-03,LOADED,Carrier-D,2026-08-31T05:25:00,2026-08-31T06:08:00
SHP-105876,ORD-105876,DC-05,AT_DOCK,Carrier-A,2026-08-31T04:48:00,2026-08-31T05:25:00
SHP-105877,ORD-105877,DC-08,PLANNED,Carrier-C,2026-08-31T05:04:00,2026-08-31T05:37:00
SHP-105878,ORD-105878,DC-09,LOADED,Carrier-A,2026-08-31T07:11:00,2026-08-31T06:07:00
SHP-105879,ORD-105879,DC-14,DELAYED,Carrier-A,2026-08-31T07:46:00,2026-08-31T06:32:00
SHP-105880,ORD-105880,DC-11,LOADED,Carrier-B,2026-08-31T07:40:00,2026-08-31T06:34:00
SHP-105881,ORD-105881,DC-13,DELAYED,Carrier-D,2026-08-31T07:20:00,2026-08-31T07:37:00
SHP-105882,ORD-105882,DC-15,DEPARTED,Carrier-A,2026-08-31T07:53:00,2026-08-31T07:03:00
SHP-105883,ORD-105883,DC-03,BOOKED,Carrier-A,2026-08-31T08:23:00,2026-08-31T07:56:00
SHP-105884,ORD-105884,DC-02,DEPARTED,Carrier-C,2026-08-31T06:56:00,2026-08-31T07:21:00
SHP-105885,ORD-105885,DC-11,AT_DOCK,Carrier-B,2026-08-31T08:45:00,2026-08-31T07:26:00
SHP-105886,ORD-105886,DC-11,PLANNED,Carrier-D,2026-08-31T09:35:00,2026-08-31T08:33:00
SHP-105887,ORD-105887,DC-06,DEPARTED,Carrier-D,2026-08-31T09:44:00,2026-08-31T08:15:00
SHP-105888,ORD-105888,DC-12,DELAYED,Carrier-D,2026-08-31T09:05:00,2026-08-31T08:18:00
SHP-105889,ORD-105889,DC-18,DELAYED,Carrier-D,2026-08-31T07:19:00,2026-08-31T07:45:00
SHP-105890,ORD-105890,DC-14,PLANNED,Carrier-B,2026-08-31T09:31:00,2026-08-31T08:20:00
SHP-105891,ORD-105891,DC-04,BOOKED,Carrier-C,2026-08-31T08:17:00,2026-08-31T08:11:00
SHP-105892,ORD-105892,DC-15,DEPARTED,Carrier-A,2026-08-31T08:42:00,2026-08-31T07:27:00
SHP-105893,ORD-105893,DC-11,DELAYED,Carrier-C,2026-08-31T08:47:00,2026-08-31T08:38:00
SHP-105894,ORD-105894,DC-13,AT_DOCK,Carrier-A,2026-08-31T09:37:00,2026-08-31T08:40:00
SHP-105895,ORD-105895,DC-14,DEPARTED,Carrier-A,2026-08-31T08:33:00,2026-08-31T07:44:00
SHP-105896,ORD-105896,DC-05,BOOKED,Carrier-A,2026-08-31T10:17:00,2026-08-31T09:32:00
SHP-105897,ORD-105897,DC-12,DELAYED,Carrier-A,2026-08-31T10:40:00,2026-08-31T09:33:00
SHP-105898,ORD-105898,DC-17,BOOKED,Carrier-C,2026-08-31T09:04:00,2026-08-31T09:46:00
SHP-105899,ORD-105899,DC-02,AT_DOCK,Carrier-D,2026-08-31T09:59:00,2026-08-31T09:23:00
SHP-105900,ORD-105900,DC-06,DEPARTED,Carrier-A,2026-08-31T08:27:00,2026-08-31T09:03:00
SHP-105901,ORD-105901,DC-15,PLANNED,Carrier-C,2026-08-31T10:42:00,2026-08-31T10:28:00
SHP-105902,ORD-105902,DC-06,PLANNED,Carrier-C,2026-08-31T11:20:00,2026-08-31T10:33:00
SHP-105903,ORD-105903,DC-07,AT_DOCK,Carrier-B,2026-08-31T09:45:00,2026-08-31T10:06:00
SHP-105904,ORD-105904,DC-03,DELAYED,Carrier-C,2026-08-31T10:42:00,2026-08-31T09:31:00
SHP-105905,ORD-105905,DC-16,DEPARTED,Carrier-A,2026-08-31T11:00:00,2026-08-31T10:33:00
SHP-105906,ORD-105906,DC-15,BOOKED,Carrier-C,2026-08-31T11:25:00,2026-08-31T09:59:00
SHP-105907,ORD-105907,DC-14,BOOKED,Carrier-B,2026-08-31T10:28:00,2026-08-31T09:24:00
SHP-105908,ORD-105908,DC-01,PLANNED,Carrier-C,2026-08-31T12:11:00,2026-08-31T10:46:00
SHP-105909,ORD-105909,DC-13,BOOKED,Carrier-C,2026-08-31T11:02:00,2026-08-31T10:52:00
SHP-105910,ORD-105910,DC-07,DELAYED,Carrier-D,2026-08-31T11:00:00,2026-08-31T11:34:00
SHP-105911,ORD-105911,DC-03,LOADED,Carrier-C,2026-08-31T10:34:00,2026-08-31T11:07:00
SHP-105912,ORD-105912,DC-12,LOADED,Carrier-D,2026-08-31T10:41:00,2026-08-31T11:19:00
SHP-105913,ORD-105913,DC-04,LOADED,Carrier-D,2026-08-31T12:44:00,2026-08-31T11:15:00
SHP-105914,ORD-105914,DC-14,PLANNED,Carrier-A,2026-08-31T11:19:00,2026-08-31T10:47:00
SHP-105915,ORD-105915,DC-11,DELAYED,Carrier-C,2026-08-31T11:50:00,2026-08-31T12:18:00
SHP-105916,ORD-105916,DC-16,DELAYED,Carrier-D,2026-08-31T12:04:00,2026-08-31T11:52:00
SHP-105917,ORD-105917,DC-02,PLANNED,Carrier-B,2026-08-31T10:33:00,2026-08-31T11:14:00
SHP-105918,ORD-105918,DC-09,BOOKED,Carrier-D,2026-08-31T13:42:00,2026-08-31T12:40:00
SHP-105919,ORD-105919,DC-05,BOOKED,Carrier-C,2026-08-31T13:16:00,2026-08-31T12:32:00
SHP-105920,ORD-105920,DC-15,AT_DOCK,Carrier-D,2026-08-31T12:02:00,2026-08-31T12:16:00
SHP-105921,ORD-105921,DC-16,DEPARTED,Carrier-C,2026-08-31T12:30:00,2026-08-31T12:56:00
SHP-105922,ORD-105922,DC-02,LOADED,Carrier-C,2026-08-31T13:04:00,2026-08-31T13:22:00
SHP-105923,ORD-105923,DC-07,LOADED,Carrier-D,2026-08-31T11:31:00,2026-08-31T12:00:00
SHP-105924,ORD-105924,DC-09,AT_DOCK,Carrier-D,2026-08-31T13:27:00,2026-08-31T13:49:00
SHP-105925,ORD-105925,DC-05,AT_DOCK,Carrier-B,2026-08-31T14:35:00,2026-08-31T13:31:00
SHP-105926,ORD-105926,DC-04,AT_DOCK,Carrier-C,2026-08-31T11:50:00,2026-08-31T12:22:00
SHP-105927,ORD-105927,DC-01,BOOKED,Carrier-B,2026-08-31T13:33:00,2026-08-31T13:45:00
SHP-105928,ORD-105928,DC-09,AT_DOCK,Carrier-A,2026-08-31T14:00:00,2026-08-31T12:54:00
SHP-105929,ORD-105929,DC-15,BOOKED,Carrier-C,2026-08-31T13:00:00,2026-08-31T12:43:00
SHP-105930,ORD-105930,DC-08,LOADED,Carrier-D,2026-08-31T12:29:00,2026-08-31T12:53:00
SHP-105931,ORD-105931,DC-16,LOADED,Carrier-B,2026-08-31T13:45:00,2026-08-31T13:04:00
SHP-105932,ORD-105932,DC-17,DELAYED,Carrier-C,2026-08-31T14:03:00,2026-08-31T13:49:00
SHP-105933,ORD-105933,DC-05,PLANNED,Carrier-A,2026-08-31T13:08:00,2026-08-31T13:01:00
SHP-105934,ORD-105934,DC-02,PLANNED,Carrier-C,2026-08-31T15:07:00,2026-08-31T14:29:00
SHP-105935,ORD-105935,DC-03,PLANNED,Carrier-B,2026-08-31T14:57:00,2026-08-31T14:19:00
SHP-105936,ORD-105936,DC-04,BOOKED,Carrier-C,2026-08-31T14:45:00,2026-08-31T15:25:00
SHP-105937,ORD-105937,DC-09,BOOKED,Carrier-A,2026-08-31T13:37:00,2026-08-31T13:51:00
SHP-105938,ORD-105938,DC-13,BOOKED,Carrier-D,2026-08-31T16:00:00,2026-08-31T14:48:00
SHP-105939,ORD-105939,DC-13,BOOKED,Carrier-C,2026-08-31T15:00:00,2026-08-31T15:20:00
SHP-105940,ORD-105940,DC-05,LOADED,Carrier-A,2026-08-31T16:11:00,2026-08-31T15:35:00
SHP-105941,ORD-105941,DC-03,BOOKED,Carrier-A,2026-08-31T16:13:00,2026-08-31T14:44:00
SHP-105942,ORD-105942,DC-13,DELAYED,Carrier-C,2026-08-31T15:20:00,2026-08-31T14:18:00
SHP-105943,ORD-105943,DC-10,DELAYED,Carrier-D,2026-08-31T15:54:00,2026-08-31T16:10:00
SHP-105944,ORD-105944,DC-08,BOOKED,Carrier-C,2026-08-31T14:35:00,2026-08-31T14:22:00
SHP-105945,ORD-105945,DC-02,LOADED,Carrier-A,2026-08-31T15:20:00,2026-08-31T14:35:00
SHP-105946,ORD-105946,DC-17,DELAYED,Carrier-D,2026-08-31T16:18:00,2026-08-31T15:50:00
SHP-105947,ORD-105947,DC-17,LOADED,Carrier-B,2026-08-31T14:35:00,2026-08-31T14:50:00
SHP-105948,ORD-105948,DC-10,PLANNED,Carrier-B,2026-08-31T15:36:00,2026-08-31T16:00:00
SHP-105949,ORD-105949,DC-09,LOADED,Carrier-B,2026-08-31T16:21:00,2026-08-31T16:09:00
SHP-105950,ORD-105950,DC-18,AT_DOCK,Carrier-B,2026-08-31T16:54:00,2026-08-31T15:51:00
SHP-105951,ORD-105951,DC-07,PLANNED,Carrier-C,2026-08-31T16:14:00,2026-08-31T16:53:00
SHP-105952,ORD-105952,DC-07,DELAYED,Carrier-A,2026-08-31T15:28:00,2026-08-31T15:49:00
SHP-105953,ORD-105953,DC-01,LOADED,Carrier-D,2026-08-31T17:31:00,2026-08-31T16:04:00
SHP-105954,ORD-105954,DC-15,DELAYED,Carrier-A,2026-08-31T15:28:00,2026-08-31T16:12:00
SHP-105955,ORD-105955,DC-10,LOADED,Carrier-B,2026-08-31T16:24:00,2026-08-31T17:06:00
SHP-105956,ORD-105956,DC-15,AT_DOCK,Carrier-A,2026-08-31T16:44:00,2026-08-31T16:12:00
SHP-105957,ORD-105957,DC-17,LOADED,Carrier-D,2026-08-31T17:18:00,2026-08-31T16:18:00
SHP-105958,ORD-105958,DC-03,DELAYED,Carrier-D,2026-08-31T17:43:00,2026-08-31T17:31:00
SHP-105959,ORD-105959,DC-01,DEPARTED,Carrier-A,2026-08-31T15:39:00,2026-08-31T16:16:00
SHP-105960,ORD-105960,DC-18,BOOKED,Carrier-A,2026-08-31T16:56:00,2026-08-31T16:29:00
SHP-105961,ORD-105961,DC-03,BOOKED,Carrier-B,2026-08-31T17:59:00,2026-08-31T17:01:00
SHP-105962,ORD-105962,DC-12,AT_DOCK,Carrier-D,2026-08-31T17:01:00,2026-08-31T17:19:00
SHP-105963,ORD-105963,DC-03,AT_DOCK,Carrier-C,2026-08-31T16:02:00,2026-08-31T16:44:00
SHP-105964,ORD-105964,DC-01,PLANNED,Carrier-B,2026-08-31T18:11:00,2026-08-31T17:57:00
SHP-105965,ORD-105965,DC-11,LOADED,Carrier-A,2026-08-31T19:38:00,2026-08-31T18:13:00
SHP-105966,ORD-105966,DC-08,PLANNED,Carrier-B,2026-08-31T18:02:00,2026-08-31T17:23:00
SHP-105967,ORD-105967,DC-12,DELAYED,Carrier-A,2026-08-31T17:36:00,2026-08-31T18:19:00
SHP-105968,ORD-105968,DC-16,DEPARTED,Carrier-C,2026-08-31T17:58:00,2026-08-31T18:41:00
SHP-105969,ORD-105969,DC-12,AT_DOCK,Carrier-C,2026-08-31T19:28:00,2026-08-31T18:48:00
SHP-105970,ORD-105970,DC-18,AT_DOCK,Carrier-B,2026-08-31T19:08:00,2026-08-31T18:15:00
SHP-105971,ORD-105971,DC-01,DEPARTED,Carrier-B,2026-08-31T17:57:00,2026-08-31T18:35:00
SHP-105972,ORD-105972,DC-13,DEPARTED,Carrier-A,2026-08-31T19:27:00,2026-08-31T18:56:00
SHP-105973,ORD-105973,DC-18,AT_DOCK,Carrier-D,2026-08-31T19:30:00,2026-08-31T18:55:00
SHP-105974,ORD-105974,DC-08,PLANNED,Carrier-C,2026-08-31T18:45:00,2026-08-31T18:07:00
SHP-105975,ORD-105975,DC-05,LOADED,Carrier-A,2026-08-31T19:51:00,2026-08-31T20:00:00
SHP-105976,ORD-105976,DC-02,LOADED,Carrier-D,2026-08-31T20:54:00,2026-08-31T19:51:00
SHP-105977,ORD-105977,DC-10,BOOKED,Carrier-D,2026-08-31T19:52:00,2026-08-31T18:54:00
SHP-105978,ORD-105978,DC-07,DEPARTED,Carrier-B,2026-08-31T20:27:00,2026-08-31T19:17:00
SHP-105979,ORD-105979,DC-06,PLANNED,Carrier-D,2026-08-31T19:45:00,2026-08-31T19:57:00
SHP-105980,ORD-105980,DC-06,DELAYED,Carrier-C,2026-08-31T20:19:00,2026-08-31T19:02:00
SHP-105981,ORD-105981,DC-09,LOADED,Carrier-A,2026-08-31T19:40:00,2026-08-31T19:13:00
SHP-105982,ORD-105982,DC-10,BOOKED,Carrier-D,2026-08-31T19:46:00,2026-08-31T20:20:00
SHP-105983,ORD-105983,DC-02,AT_DOCK,Carrier-B,2026-08-31T18:30:00,2026-08-31T19:11:00
SHP-105984,ORD-105984,DC-10,DELAYED,Carrier-A,2026-08-31T19:54:00,2026-08-31T20:02:00
SHP-105985,ORD-105985,DC-07,DELAYED,Carrier-B,2026-08-31T19:27:00,2026-08-31T19:22:00
SHP-105986,ORD-105986,DC-10,LOADED,Carrier-A,2026-08-31T20:23:00,2026-08-31T20:34:00
SHP-105987,ORD-105987,DC-06,DELAYED,Carrier-A,2026-08-31T20:51:00,2026-08-31T20:08:00
SHP-105988,ORD-105988,DC-12,DELAYED,Carrier-A,2026-08-31T21:03:00,2026-08-31T20:41:00
SHP-105989,ORD-105989,DC-09,DEPARTED,Carrier-C,2026-08-31T21:09:00,2026-08-31T20:23:00
SHP-105990,ORD-105990,DC-18,BOOKED,Carrier-B,2026-08-31T21:44:00,2026-08-31T20:27:00
SHP-105991,ORD-105991,DC-10,AT_DOCK,Carrier-C,2026-08-31T22:27:00,2026-08-31T21:08:00
SHP-105992,ORD-105992,DC-06,AT_DOCK,Carrier-D,2026-08-31T21:59:00,2026-08-31T20:50:00
SHP-105993,ORD-105993,DC-14,AT_DOCK,Carrier-B,2026-08-31T20:47:00,2026-08-31T21:29:00
SHP-105994,ORD-105994,DC-11,AT_DOCK,Carrier-D,2026-08-31T21:57:00,2026-08-31T21:20:00
SHP-105995,ORD-105995,DC-16,BOOKED,Carrier-C,2026-08-31T21:18:00,2026-08-31T20:44:00
SHP-105996,ORD-105996,DC-09,PLANNED,Carrier-B,2026-08-31T20:56:00,2026-08-31T20:47:00
SHP-105997,ORD-105997,DC-11,BOOKED,Carrier-B,2026-08-31T21:01:00,2026-08-31T21:10:00
SHP-105998,ORD-105998,DC-01,BOOKED,Carrier-A,2026-08-31T23:10:00,2026-08-31T22:01:00
SHP-105999,ORD-105999,DC-11,DELAYED,Carrier-B,2026-08-31T21:36:00,2026-08-31T21:22:00
SHP-106000,ORD-106000,DC-07,AT_DOCK,Carrier-D,2026-08-31T22:53:00,2026-08-31T21:49:00
SHP-106001,ORD-106001,DC-09,PLANNED,Carrier-C,2026-08-31T22:06:00,2026-08-31T22:16:00
SHP-106002,ORD-106002,DC-07,PLANNED,Carrier-A,2026-08-31T23:20:00,2026-08-31T22:49:00
SHP-106003,ORD-106003,DC-08,DELAYED,Carrier-D,2026-08-31T23:30:00,2026-08-31T22:14:00
SHP-106004,ORD-106004,DC-15,AT_DOCK,Carrier-D,2026-08-31T23:19:00,2026-08-31T22:47:00
SHP-106005,ORD-106005,DC-07,DEPARTED,Carrier-A,2026-08-31T21:02:00,2026-08-31T21:26:00
SHP-106006,ORD-106006,DC-02,LOADED,Carrier-A,2026-08-31T23:17:00,2026-08-31T22:21:00
SHP-106007,ORD-106007,DC-11,DEPARTED,Carrier-C,2026-08-31T22:13:00,2026-08-31T22:38:00
SHP-106008,ORD-106008,DC-16,DEPARTED,Carrier-B,2026-09-01T00:24:00,2026-08-31T23:18:00
SHP-106009,ORD-106009,DC-15,LOADED,Carrier-C,2026-08-31T21:43:00,2026-08-31T22:00:00
SHP-106010,ORD-106010,DC-05,PLANNED,Carrier-C,2026-08-31T23:36:00,2026-08-31T22:15:00
SHP-106011,ORD-106011,DC-18,PLANNED,Carrier-D,2026-08-31T23:51:00,2026-09-01T00:08:00
SHP-106012,ORD-106012,DC-18,PLANNED,Carrier-B,2026-09-01T00:30:00,2026-08-31T23:00:00
SHP-106013,ORD-106013,DC-02,DELAYED,Carrier-A,2026-09-01T00:56:00,2026-09-01T00:12:00
SHP-106014,ORD-106014,DC-11,AT_DOCK,Carrier-C,2026-09-01T00:45:00,2026-09-01T00:26:00
SHP-106015,ORD-106015,DC-14,BOOKED,Carrier-D,2026-08-31T23:58:00,2026-08-31T23:47:00
SHP-106016,ORD-106016,DC-01,DELAYED,Carrier-D,2026-08-31T22:30:00,2026-08-31T23:12:00
SHP-106017,ORD-106017,DC-07,AT_DOCK,Carrier-D,2026-09-01T01:04:00,2026-09-01T00:09:00
SHP-106018,ORD-106018,DC-06,DELAYED,Carrier-D,2026-08-31T23:06:00,2026-08-31T23:37:00
SHP-106019,ORD-106019,DC-06,BOOKED,Carrier-A,2026-08-31T23:34:00,2026-08-31T23:18:00
SHP-106020,ORD-106020,DC-16,LOADED,Carrier-D,2026-09-01T00:52:00,2026-09-01T01:08:00
SHP-106021,ORD-106021,DC-14,AT_DOCK,Carrier-C,2026-09-01T00:58:00,2026-09-01T00:20:00
SHP-106022,ORD-106022,DC-08,LOADED,Carrier-C,2026-09-01T00:26:00,2026-08-31T23:43:00
SHP-106023,ORD-106023,DC-08,DEPARTED,Carrier-D,2026-09-01T01:23:00,2026-09-01T00:06:00
SHP-106024,ORD-106024,DC-16,BOOKED,Carrier-D,2026-09-01T00:46:00,2026-09-01T01:00:00
SHP-106025,ORD-106025,DC-16,LOADED,Carrier-C,2026-09-01T01:17:00,2026-09-01T01:29:00
SHP-106026,ORD-106026,DC-05,PLANNED,Carrier-A,2026-09-01T02:12:00,2026-09-01T01:34:00
SHP-106027,ORD-106027,DC-08,LOADED,Carrier-C,2026-09-01T01:42:00,2026-09-01T01:11:00
SHP-106028,ORD-106028,DC-07,BOOKED,Carrier-A,2026-09-01T01:26:00,2026-09-01T01:00:00
SHP-106029,ORD-106029,DC-04,DEPARTED,Carrier-B,2026-09-01T00:28:00,2026-09-01T00:06:00
SHP-106030,ORD-106030,DC-16,DEPARTED,Carrier-B,2026-09-01T01:48:00,2026-09-01T00:58:00
SHP-106031,ORD-106031,DC-15,LOADED,Carrier-B,2026-09-01T03:16:00,2026-09-01T02:28:00
SHP-106032,ORD-106032,DC-17,PLANNED,Carrier-C,2026-09-01T03:23:00,2026-09-01T03:01:00
SHP-106033,ORD-106033,DC-01,PLANNED,Carrier-A,2026-09-01T01:52:00,2026-09-01T02:20:00
SHP-106034,ORD-106034,DC-13,BOOKED,Carrier-D,2026-09-01T02:09:00,2026-09-01T02:48:00
SHP-106035,ORD-106035,DC-09,DELAYED,Carrier-B,2026-09-01T03:31:00,2026-09-01T02:19:00
SHP-106036,ORD-106036,DC-13,LOADED,Carrier-C,2026-09-01T01:41:00,2026-09-01T01:58:00
SHP-106037,ORD-106037,DC-04,BOOKED,Carrier-A,2026-09-01T04:18:00,2026-09-01T02:48:00
SHP-106038,ORD-106038,DC-08,DELAYED,Carrier-C,2026-09-01T02:50:00,2026-09-01T03:29:00
SHP-106039,ORD-106039,DC-07,DEPARTED,Carrier-D,2026-09-01T02:34:00,2026-09-01T01:42:00
SHP-106040,ORD-106040,DC-08,DELAYED,Carrier-A,2026-09-01T02:34:00,2026-09-01T02:54:00
SHP-106041,ORD-106041,DC-15,DEPARTED,Carrier-B,2026-09-01T04:36:00,2026-09-01T03:08:00
SHP-106042,ORD-106042,DC-07,LOADED,Carrier-A,2026-09-01T03:46:00,2026-09-01T02:50:00
SHP-106043,ORD-106043,DC-14,LOADED,Carrier-B,2026-09-01T03:14:00,2026-09-01T03:34:00
SHP-106044,ORD-106044,DC-07,LOADED,Carrier-A,2026-09-01T03:34:00,2026-09-01T02:38:00
SHP-106045,ORD-106045,DC-04,LOADED,Carrier-D,2026-09-01T05:32:00,2026-09-01T04:04:00
SHP-106046,ORD-106046,DC-01,BOOKED,Carrier-B,2026-09-01T05:15:00,2026-09-01T04:17:00
SHP-106047,ORD-106047,DC-16,DEPARTED,Carrier-B,2026-09-01T03:36:00,2026-09-01T04:21:00
SHP-106048,ORD-106048,DC-11,BOOKED,Carrier-D,2026-09-01T05:43:00,2026-09-01T04:57:00
SHP-106049,ORD-106049,DC-18,BOOKED,Carrier-D,2026-09-01T04:46:00,2026-09-01T04:20:00
SHP-106050,ORD-106050,DC-12,BOOKED,Carrier-A,2026-09-01T04:21:00,2026-09-01T03:38:00
SHP-106051,ORD-106051,DC-11,AT_DOCK,Carrier-D,2026-09-01T04:05:00,2026-09-01T03:38:00
SHP-106052,ORD-106052,DC-12,DELAYED,Carrier-C,2026-09-01T04:53:00,2026-09-01T04:01:00
SHP-106053,ORD-106053,DC-06,AT_DOCK,Carrier-C,2026-09-01T02:58:00,2026-09-01T03:30:00
SHP-106054,ORD-106054,DC-03,DEPARTED,Carrier-A,2026-09-01T05:25:00,2026-09-01T04:40:00
SHP-106055,ORD-106055,DC-18,LOADED,Carrier-A,2026-09-01T04:53:00,2026-09-01T04:19:00
SHP-106056,ORD-106056,DC-11,LOADED,Carrier-C,2026-09-01T05:49:00,2026-09-01T04:27:00
SHP-106057,ORD-106057,DC-14,BOOKED,Carrier-B,2026-09-01T05:18:00,2026-09-01T04:27:00
SHP-106058,ORD-106058,DC-11,PLANNED,Carrier-B,2026-09-01T03:22:00,2026-09-01T04:07:00
SHP-106059,ORD-106059,DC-18,BOOKED,Carrier-C,2026-09-01T05:49:00,2026-09-01T04:33:00
SHP-106060,ORD-106060,DC-18,DEPARTED,Carrier-D,2026-09-01T04:11:00,2026-09-01T04:39:00
SHP-106061,ORD-106061,DC-03,BOOKED,Carrier-D,2026-09-01T06:51:00,2026-09-01T05:45:00
SHP-106062,ORD-106062,DC-17,DELAYED,Carrier-C,2026-09-01T06:09:00,2026-09-01T04:39:00
SHP-106063,ORD-106063,DC-11,DEPARTED,Carrier-B,2026-09-01T05:42:00,2026-09-01T04:41:00
SHP-106064,ORD-106064,DC-06,DEPARTED,Carrier-A,2026-09-01T04:30:00,2026-09-01T04:45:00
SHP-106065,ORD-106065,DC-13,AT_DOCK,Carrier-A,2026-09-01T04:28:00,2026-09-01T05:04:00
SHP-106066,ORD-106066,DC-01,AT_DOCK,Carrier-A,2026-09-01T06:55:00,2026-09-01T05:25:00
SHP-106067,ORD-106067,DC-11,AT_DOCK,Carrier-C,2026-09-01T05:37:00,2026-09-01T05:52:00
SHP-106068,ORD-106068,DC-17,DELAYED,Carrier-D,2026-09-01T06:49:00,2026-09-01T06:05:00
SHP-106069,ORD-106069,DC-16,PLANNED,Carrier-A,2026-09-01T05:37:00,2026-09-01T06:03:00
SHP-106070,ORD-106070,DC-13,AT_DOCK,Carrier-C,2026-09-01T06:34:00,2026-09-01T06:42:00
SHP-106071,ORD-106071,DC-12,DELAYED,Carrier-A,2026-09-01T05:23:00,2026-09-01T06:06:00
SHP-106072,ORD-106072,DC-17,PLANNED,Carrier-A,2026-09-01T07:09:00,2026-09-01T07:16:00
SHP-106073,ORD-106073,DC-07,DELAYED,Carrier-A,2026-09-01T06:30:00,2026-09-01T06:44:00
SHP-106074,ORD-106074,DC-14,BOOKED,Carrier-A,2026-09-01T05:17:00,2026-09-01T05:58:00
SHP-106075,ORD-106075,DC-17,PLANNED,Carrier-D,2026-09-01T07:23:00,2026-09-01T06:44:00
SHP-106076,ORD-106076,DC-10,DELAYED,Carrier-C,2026-09-01T07:18:00,2026-09-01T06:41:00
SHP-106077,ORD-106077,DC-17,BOOKED,Carrier-C,2026-09-01T05:27:00,2026-09-01T05:59:00
SHP-106078,ORD-106078,DC-06,LOADED,Carrier-D,2026-09-01T05:36:00,2026-09-01T06:11:00
SHP-106079,ORD-106079,DC-06,AT_DOCK,Carrier-D,2026-09-01T07:27:00,2026-09-01T06:46:00
SHP-106080,ORD-106080,DC-17,DELAYED,Carrier-B,2026-09-01T07:34:00,2026-09-01T07:23:00
SHP-106081,ORD-106081,DC-14,DELAYED,Carrier-A,2026-09-01T08:18:00,2026-09-01T08:23:00
SHP-106082,ORD-106082,DC-02,PLANNED,Carrier-A,2026-09-01T08:05:00,2026-09-01T08:14:00
SHP-106083,ORD-106083,DC-03,PLANNED,Carrier-C,2026-09-01T08:11:00,2026-09-01T07:39:00
SHP-106084,ORD-106084,DC-05,PLANNED,Carrier-A,2026-09-01T08:05:00,2026-09-01T07:43:00
SHP-106085,ORD-106085,DC-05,AT_DOCK,Carrier-A,2026-09-01T09:48:00,2026-09-01T08:57:00
SHP-106086,ORD-106086,DC-14,PLANNED,Carrier-D,2026-09-01T09:04:00,2026-09-01T08:37:00
SHP-106087,ORD-106087,DC-01,DEPARTED,Carrier-D,2026-09-01T07:48:00,2026-09-01T08:14:00
SHP-106088,ORD-106088,DC-13,DELAYED,Carrier-A,2026-09-01T07:27:00,2026-09-01T08:10:00
SHP-106089,ORD-106089,DC-04,DEPARTED,Carrier-A,2026-09-01T08:49:00,2026-09-01T08:31:00
SHP-106090,ORD-106090,DC-10,LOADED,Carrier-D,2026-09-01T10:22:00,2026-09-01T09:55:00
SHP-106091,ORD-106091,DC-14,LOADED,Carrier-B,2026-09-01T09:37:00,2026-09-01T09:55:00
SHP-106092,ORD-106092,DC-01,DEPARTED,Carrier-A,2026-09-01T08:59:00,2026-09-01T08:26:00
SHP-106093,ORD-106093,DC-17,BOOKED,Carrier-D,2026-09-01T11:02:00,2026-09-01T10:08:00
SHP-106094,ORD-106094,DC-06,DELAYED,Carrier-B,2026-09-01T08:29:00,2026-09-01T08:51:00
SHP-106095,ORD-106095,DC-13,DELAYED,Carrier-C,2026-09-01T10:15:00,2026-09-01T10:23:00
SHP-106096,ORD-106096,DC-04,PLANNED,Carrier-D,2026-09-01T11:18:00,2026-09-01T10:41:00
SHP-106097,ORD-106097,DC-10,BOOKED,Carrier-A,2026-09-01T10:19:00,2026-09-01T10:50:00
SHP-106098,ORD-106098,DC-08,DELAYED,Carrier-D,2026-09-01T11:13:00,2026-09-01T10:25:00
SHP-106099,ORD-106099,DC-13,LOADED,Carrier-B,2026-09-01T09:41:00,2026-09-01T09:25:00
SHP-106100,ORD-106100,DC-08,AT_DOCK,Carrier-A,2026-09-01T11:56:00,2026-09-01T10:29:00
SHP-106101,ORD-106101,DC-17,PLANNED,Carrier-D,2026-09-01T10:33:00,2026-09-01T09:47:00
SHP-106102,ORD-106102,DC-04,DELAYED,Carrier-A,2026-09-01T12:35:00,2026-09-01T11:07:00
SHP-106103,ORD-106103,DC-17,DELAYED,Carrier-A,2026-09-01T12:08:00,2026-09-01T11:29:00
SHP-106104,ORD-106104,DC-12,DELAYED,Carrier-D,2026-09-01T11:25:00,2026-09-01T11:42:00
SHP-106105,ORD-106105,DC-07,PLANNED,Carrier-D,2026-09-01T11:06:00,2026-09-01T11:33:00
SHP-106106,ORD-106106,DC-07,BOOKED,Carrier-C,2026-09-01T12:00:00,2026-09-01T11:01:00
SHP-106107,ORD-106107,DC-11,DEPARTED,Carrier-B,2026-09-01T11:43:00,2026-09-01T11:26:00
SHP-106108,ORD-106108,DC-16,DELAYED,Carrier-D,2026-09-01T11:13:00,2026-09-01T10:30:00
SHP-106109,ORD-106109,DC-13,LOADED,Carrier-D,2026-09-01T11:37:00,2026-09-01T10:27:00
SHP-106110,ORD-106110,DC-12,PLANNED,Carrier-D,2026-09-01T11:20:00,2026-09-01T10:41:00
SHP-106111,ORD-106111,DC-02,PLANNED,Carrier-A,2026-09-01T10:50:00,2026-09-01T10:57:00
SHP-106112,ORD-106112,DC-03,PLANNED,Carrier-C,2026-09-01T11:25:00,2026-09-01T10:48:00
SHP-106113,ORD-106113,DC-12,PLANNED,Carrier-C,2026-09-01T13:17:00,2026-09-01T11:48:00
SHP-106114,ORD-106114,DC-06,DEPARTED,Carrier-A,2026-09-01T12:39:00,2026-09-01T11:59:00
SHP-106115,ORD-106115,DC-05,DEPARTED,Carrier-A,2026-09-01T11:57:00,2026-09-01T11:40:00
SHP-106116,ORD-106116,DC-04,PLANNED,Carrier-A,2026-09-01T11:24:00,2026-09-01T11:57:00
SHP-106117,ORD-106117,DC-09,BOOKED,Carrier-B,2026-09-01T13:15:00,2026-09-01T12:25:00
SHP-106118,ORD-106118,DC-02,LOADED,Carrier-B,2026-09-01T14:11:00,2026-09-01T12:54:00
SHP-106119,ORD-106119,DC-05,DELAYED,Carrier-C,2026-09-01T13:02:00,2026-09-01T13:19:00
SHP-106120,ORD-106120,DC-09,PLANNED,Carrier-B,2026-09-01T14:03:00,2026-09-01T13:15:00
SHP-106121,ORD-106121,DC-10,AT_DOCK,Carrier-D,2026-09-01T13:22:00,2026-09-01T12:32:00
SHP-106122,ORD-106122,DC-16,PLANNED,Carrier-B,2026-09-01T11:50:00,2026-09-01T12:11:00
SHP-106123,ORD-106123,DC-10,LOADED,Carrier-B,2026-09-01T12:24:00,2026-09-01T12:29:00
SHP-106124,ORD-106124,DC-02,AT_DOCK,Carrier-D,2026-09-01T14:29:00,2026-09-01T13:54:00
SHP-106125,ORD-106125,DC-18,AT_DOCK,Carrier-D,2026-09-01T13:26:00,2026-09-01T12:58:00
SHP-106126,ORD-106126,DC-01,LOADED,Carrier-B,2026-09-01T13:16:00,2026-09-01T13:35:00
SHP-106127,ORD-106127,DC-11,LOADED,Carrier-B,2026-09-01T15:04:00,2026-09-01T13:53:00
SHP-106128,ORD-106128,DC-17,AT_DOCK,Carrier-B,2026-09-01T14:26:00,2026-09-01T14:06:00
SHP-106129,ORD-106129,DC-07,DEPARTED,Carrier-B,2026-09-01T14:30:00,2026-09-01T13:29:00
SHP-106130,ORD-106130,DC-05,LOADED,Carrier-B,2026-09-01T16:39:00,2026-09-01T15:11:00
SHP-106131,ORD-106131,DC-03,AT_DOCK,Carrier-B,2026-09-01T15:43:00,2026-09-01T15:15:00
SHP-106132,ORD-106132,DC-01,LOADED,Carrier-B,2026-09-01T14:40:00,2026-09-01T14:02:00
SHP-106133,ORD-106133,DC-06,DEPARTED,Carrier-B,2026-09-01T13:59:00,2026-09-01T14:07:00
SHP-106134,ORD-106134,DC-16,BOOKED,Carrier-D,2026-09-01T15:02:00,2026-09-01T14:10:00
SHP-106135,ORD-106135,DC-10,BOOKED,Carrier-A,2026-09-01T16:56:00,2026-09-01T15:59:00
SHP-106136,ORD-106136,DC-16,DELAYED,Carrier-A,2026-09-01T16:58:00,2026-09-01T15:59:00
SHP-106137,ORD-106137,DC-03,AT_DOCK,Carrier-B,2026-09-01T14:52:00,2026-09-01T15:17:00
SHP-106138,ORD-106138,DC-12,DEPARTED,Carrier-B,2026-09-01T14:50:00,2026-09-01T14:44:00
SHP-106139,ORD-106139,DC-15,DEPARTED,Carrier-C,2026-09-01T16:29:00,2026-09-01T15:16:00
SHP-106140,ORD-106140,DC-18,LOADED,Carrier-D,2026-09-01T16:13:00,2026-09-01T14:47:00
SHP-106141,ORD-106141,DC-14,DELAYED,Carrier-D,2026-09-01T16:09:00,2026-09-01T15:12:00
SHP-106142,ORD-106142,DC-03,AT_DOCK,Carrier-A,2026-09-01T16:31:00,2026-09-01T16:51:00
SHP-106143,ORD-106143,DC-16,LOADED,Carrier-A,2026-09-01T15:44:00,2026-09-01T15:11:00
SHP-106144,ORD-106144,DC-08,DEPARTED,Carrier-C,2026-09-01T18:08:00,2026-09-01T16:50:00
SHP-106145,ORD-106145,DC-01,BOOKED,Carrier-A,2026-09-01T16:05:00,2026-09-01T16:20:00
SHP-106146,ORD-106146,DC-07,AT_DOCK,Carrier-B,2026-09-01T18:02:00,2026-09-01T16:57:00
SHP-106147,ORD-106147,DC-11,AT_DOCK,Carrier-B,2026-09-01T17:07:00,2026-09-01T16:13:00
SHP-106148,ORD-106148,DC-11,PLANNED,Carrier-D,2026-09-01T17:43:00,2026-09-01T17:23:00
SHP-106149,ORD-106149,DC-15,PLANNED,Carrier-C,2026-09-01T16:50:00,2026-09-01T17:35:00
SHP-106150,ORD-106150,DC-12,PLANNED,Carrier-D,2026-09-01T17:44:00,2026-09-01T16:56:00
SHP-106151,ORD-106151,DC-06,DELAYED,Carrier-D,2026-09-01T18:24:00,2026-09-01T16:56:00
SHP-106152,ORD-106152,DC-06,BOOKED,Carrier-C,2026-09-01T17:53:00,2026-09-01T17:33:00
SHP-106153,ORD-106153,DC-10,DELAYED,Carrier-C,2026-09-01T17:22:00,2026-09-01T16:50:00
SHP-106154,ORD-106154,DC-16,LOADED,Carrier-A,2026-09-01T17:47:00,2026-09-01T18:09:00
SHP-106155,ORD-106155,DC-13,DELAYED,Carrier-A,2026-09-01T16:59:00,2026-09-01T17:10:00
SHP-106156,ORD-106156,DC-10,BOOKED,Carrier-A,2026-09-01T18:10:00,2026-09-01T18:45:00
SHP-106157,ORD-106157,DC-04,AT_DOCK,Carrier-D,2026-09-01T17:45:00,2026-09-01T18:11:00
SHP-106158,ORD-106158,DC-04,PLANNED,Carrier-C,2026-09-01T17:09:00,2026-09-01T17:41:00
SHP-106159,ORD-106159,DC-07,LOADED,Carrier-B,2026-09-01T20:04:00,2026-09-01T18:51:00
SHP-106160,ORD-106160,DC-18,DELAYED,Carrier-D,2026-09-01T19:32:00,2026-09-01T18:45:00
SHP-106161,ORD-106161,DC-07,LOADED,Carrier-C,2026-09-01T19:06:00,2026-09-01T18:16:00
SHP-106162,ORD-106162,DC-17,DELAYED,Carrier-D,2026-09-01T18:31:00,2026-09-01T17:51:00
SHP-106163,ORD-106163,DC-05,LOADED,Carrier-D,2026-09-01T19:45:00,2026-09-01T18:35:00
SHP-106164,ORD-106164,DC-03,AT_DOCK,Carrier-C,2026-09-01T20:24:00,2026-09-01T19:23:00
SHP-106165,ORD-106165,DC-05,DELAYED,Carrier-C,2026-09-01T20:10:00,2026-09-01T20:00:00
SHP-106166,ORD-106166,DC-11,DELAYED,Carrier-C,2026-09-01T21:11:00,2026-09-01T20:05:00
SHP-106167,ORD-106167,DC-03,BOOKED,Carrier-D,2026-09-01T20:31:00,2026-09-01T20:41:00
SHP-106168,ORD-106168,DC-02,AT_DOCK,Carrier-C,2026-09-01T20:36:00,2026-09-01T20:06:00
SHP-106169,ORD-106169,DC-10,BOOKED,Carrier-A,2026-09-01T20:46:00,2026-09-01T20:29:00
SHP-106170,ORD-106170,DC-07,DELAYED,Carrier-B,2026-09-01T19:00:00,2026-09-01T19:32:00
SHP-106171,ORD-106171,DC-10,AT_DOCK,Carrier-C,2026-09-01T20:40:00,2026-09-01T20:18:00
SHP-106172,ORD-106172,DC-15,DEPARTED,Carrier-D,2026-09-01T20:13:00,2026-09-01T19:31:00
SHP-106173,ORD-106173,DC-10,BOOKED,Carrier-C,2026-09-01T20:37:00,2026-09-01T20:27:00
SHP-106174,ORD-106174,DC-18,AT_DOCK,Carrier-D,2026-09-01T21:16:00,2026-09-01T21:22:00
SHP-106175,ORD-106175,DC-11,PLANNED,Carrier-A,2026-09-01T20:55:00,2026-09-01T21:18:00
SHP-106176,ORD-106176,DC-11,PLANNED,Carrier-B,2026-09-01T22:08:00,2026-09-01T21:05:00
SHP-106177,ORD-106177,DC-06,PLANNED,Carrier-A,2026-09-01T22:00:00,2026-09-01T20:37:00
SHP-106178,ORD-106178,DC-07,DEPARTED,Carrier-B,2026-09-01T22:19:00,2026-09-01T21:02:00
SHP-106179,ORD-106179,DC-13,DELAYED,Carrier-A,2026-09-01T21:48:00,2026-09-01T20:59:00
SHP-106180,ORD-106180,DC-17,AT_DOCK,Carrier-C,2026-09-01T21:34:00,2026-09-01T22:18:00
SHP-106181,ORD-106181,DC-15,BOOKED,Carrier-D,2026-09-01T22:19:00,2026-09-01T22:26:00
SHP-106182,ORD-106182,DC-13,PLANNED,Carrier-A,2026-09-01T23:39:00,2026-09-01T22:46:00
SHP-106183,ORD-106183,DC-16,BOOKED,Carrier-A,2026-09-01T21:58:00,2026-09-01T22:26:00
SHP-106184,ORD-106184,DC-02,PLANNED,Carrier-C,2026-09-01T23:54:00,2026-09-01T22:47:00
SHP-106185,ORD-106185,DC-10,AT_DOCK,Carrier-B,2026-09-01T22:59:00,2026-09-01T23:12:00
SHP-106186,ORD-106186,DC-18,DELAYED,Carrier-B,2026-09-01T22:33:00,2026-09-01T23:01:00
SHP-106187,ORD-106187,DC-01,PLANNED,Carrier-D,2026-09-01T22:55:00,2026-09-01T22:47:00
SHP-106188,ORD-106188,DC-05,DEPARTED,Carrier-D,2026-09-01T21:49:00,2026-09-01T22:21:00
SHP-106189,ORD-106189,DC-07,PLANNED,Carrier-A,2026-09-02T00:53:00,2026-09-01T23:52:00
SHP-106190,ORD-106190,DC-07,DEPARTED,Carrier-B,2026-09-02T00:06:00,2026-09-01T23:15:00
SHP-106191,ORD-106191,DC-04,DELAYED,Carrier-A,2026-09-01T21:42:00,2026-09-01T22:15:00
SHP-106192,ORD-106192,DC-09,BOOKED,Carrier-C,2026-09-01T23:58:00,2026-09-01T23:10:00
SHP-106193,ORD-106193,DC-01,PLANNED,Carrier-C,2026-09-01T23:21:00,2026-09-01T22:25:00
SHP-106194,ORD-106194,DC-12,BOOKED,Carrier-D,2026-09-01T22:09:00,2026-09-01T22:42:00
SHP-106195,ORD-106195,DC-04,AT_DOCK,Carrier-A,2026-09-01T23:45:00,2026-09-02T00:18:00
SHP-106196,ORD-106196,DC-07,DELAYED,Carrier-C,2026-09-02T00:59:00,2026-09-02T00:03:00
SHP-106197,ORD-106197,DC-05,DELAYED,Carrier-A,2026-09-01T23:29:00,2026-09-01T22:48:00
SHP-106198,ORD-106198,DC-18,LOADED,Carrier-A,2026-09-02T00:45:00,2026-09-01T23:38:00
SHP-106199,ORD-106199,DC-13,DEPARTED,Carrier-A,2026-09-02T00:28:00,2026-09-02T00:12:00
SHP-106200,ORD-106200,DC-16,LOADED,Carrier-B,2026-09-01T22:56:00,2026-09-01T23:10:00
SHP-106201,ORD-106201,DC-04,DELAYED,Carrier-C,2026-09-01T23:59:00,2026-09-01T23:21:00
SHP-106202,ORD-106202,DC-03,DEPARTED,Carrier-D,2026-09-02T00:45:00,2026-09-02T00:13:00
SHP-106203,ORD-106203,DC-12,DELAYED,Carrier-A,2026-09-02T00:13:00,2026-09-02T00:05:00
SHP-106204,ORD-106204,DC-09,PLANNED,Carrier-D,2026-09-02T01:31:00,2026-09-02T00:41:00
SHP-106205,ORD-106205,DC-16,AT_DOCK,Carrier-B,2026-09-02T01:14:00,2026-09-02T00:56:00
SHP-106206,ORD-106206,DC-12,PLANNED,Carrier-A,2026-09-02T00:54:00,2026-09-02T00:37:00
SHP-106207,ORD-106207,DC-05,AT_DOCK,Carrier-A,2026-09-02T01:17:00,2026-09-02T00:15:00
SHP-106208,ORD-106208,DC-17,LOADED,Carrier-C,2026-09-02T01:17:00,2026-09-02T01:38:00
SHP-106209,ORD-106209,DC-03,PLANNED,Carrier-C,2026-09-02T01:48:00,2026-09-02T00:54:00
SHP-106210,ORD-106210,DC-10,DEPARTED,Carrier-C,2026-09-02T03:28:00,2026-09-02T02:17:00
SHP-106211,ORD-106211,DC-11,AT_DOCK,Carrier-C,2026-09-02T01:56:00,2026-09-02T01:31:00
SHP-106212,ORD-106212,DC-07,PLANNED,Carrier-A,2026-09-02T02:27:00,2026-09-02T01:03:00
SHP-106213,ORD-106213,DC-03,DELAYED,Carrier-A,2026-09-02T02:56:00,2026-09-02T02:01:00
SHP-106214,ORD-106214,DC-17,PLANNED,Carrier-D,2026-09-02T03:25:00,2026-09-02T02:43:00
SHP-106215,ORD-106215,DC-01,DELAYED,Carrier-D,2026-09-02T03:10:00,2026-09-02T02:40:00
SHP-106216,ORD-106216,DC-18,DELAYED,Carrier-C,2026-09-02T02:12:00,2026-09-02T02:35:00
SHP-106217,ORD-106217,DC-07,DELAYED,Carrier-C,2026-09-02T02:42:00,2026-09-02T02:20:00
SHP-106218,ORD-106218,DC-03,AT_DOCK,Carrier-B,2026-09-02T01:41:00,2026-09-02T02:18:00
SHP-106219,ORD-106219,DC-03,BOOKED,Carrier-A,2026-09-02T02:53:00,2026-09-02T03:33:00
SHP-106220,ORD-106220,DC-07,DELAYED,Carrier-C,2026-09-02T04:48:00,2026-09-02T03:47:00
SHP-106221,ORD-106221,DC-18,LOADED,Carrier-C,2026-09-02T04:00:00,2026-09-02T03:06:00
SHP-106222,ORD-106222,DC-04,AT_DOCK,Carrier-A,2026-09-02T04:10:00,2026-09-02T03:41:00
SHP-106223,ORD-106223,DC-13,AT_DOCK,Carrier-C,2026-09-02T04:15:00,2026-09-02T03:23:00
SHP-106224,ORD-106224,DC-03,PLANNED,Carrier-D,2026-09-02T02:21:00,2026-09-02T03:00:00
SHP-106225,ORD-106225,DC-16,BOOKED,Carrier-A,2026-09-02T04:06:00,2026-09-02T03:32:00
SHP-106226,ORD-106226,DC-15,DEPARTED,Carrier-B,2026-09-02T03:20:00,2026-09-02T03:29:00
SHP-106227,ORD-106227,DC-16,PLANNED,Carrier-B,2026-09-02T04:37:00,2026-09-02T04:56:00
SHP-106228,ORD-106228,DC-02,BOOKED,Carrier-A,2026-09-02T05:33:00,2026-09-02T04:17:00
SHP-106229,ORD-106229,DC-01,PLANNED,Carrier-D,2026-09-02T04:57:00,2026-09-02T03:57:00
SHP-106230,ORD-106230,DC-03,AT_DOCK,Carrier-C,2026-09-02T04:56:00,2026-09-02T03:39:00
SHP-106231,ORD-106231,DC-06,AT_DOCK,Carrier-B,2026-09-02T04:24:00,2026-09-02T04:40:00
SHP-106232,ORD-106232,DC-12,DELAYED,Carrier-B,2026-09-02T03:09:00,2026-09-02T03:54:00
SHP-106233,ORD-106233,DC-06,DELAYED,Carrier-A,2026-09-02T04:20:00,2026-09-02T03:31:00
SHP-106234,ORD-106234,DC-07,PLANNED,Carrier-A,2026-09-02T04:42:00,2026-09-02T04:31:00
SHP-106235,ORD-106235,DC-03,BOOKED,Carrier-D,2026-09-02T05:57:00,2026-09-02T05:35:00
SHP-106236,ORD-106236,DC-18,AT_DOCK,Carrier-A,2026-09-02T03:50:00,2026-09-02T04:08:00
SHP-106237,ORD-106237,DC-09,DEPARTED,Carrier-A,2026-09-02T03:44:00,2026-09-02T04:11:00
SHP-106238,ORD-106238,DC-09,DELAYED,Carrier-A,2026-09-02T06:36:00,2026-09-02T05:55:00
SHP-106239,ORD-106239,DC-08,LOADED,Carrier-B,2026-09-02T05:07:00,2026-09-02T04:42:00
SHP-106240,ORD-106240,DC-08,BOOKED,Carrier-D,2026-09-02T06:02:00,2026-09-02T04:39:00
SHP-106241,ORD-106241,DC-12,PLANNED,Carrier-C,2026-09-02T05:38:00,2026-09-02T04:50:00
SHP-106242,ORD-106242,DC-16,PLANNED,Carrier-A,2026-09-02T04:48:00,2026-09-02T05:22:00
SHP-106243,ORD-106243,DC-06,BOOKED,Carrier-D,2026-09-02T07:04:00,2026-09-02T06:49:00
SHP-106244,ORD-106244,DC-04,DELAYED,Carrier-A,2026-09-02T05:46:00,2026-09-02T06:02:00
SHP-106245,ORD-106245,DC-01,LOADED,Carrier-D,2026-09-02T07:03:00,2026-09-02T06:54:00
SHP-106246,ORD-106246,DC-15,DELAYED,Carrier-A,2026-09-02T06:08:00,2026-09-02T05:56:00
SHP-106247,ORD-106247,DC-07,DEPARTED,Carrier-C,2026-09-02T06:46:00,2026-09-02T06:37:00
SHP-106248,ORD-106248,DC-01,DELAYED,Carrier-C,2026-09-02T06:25:00,2026-09-02T06:53:00
SHP-106249,ORD-106249,DC-04,AT_DOCK,Carrier-D,2026-09-02T05:37:00,2026-09-02T06:22:00
SHP-106250,ORD-106250,DC-16,PLANNED,Carrier-A,2026-09-02T08:14:00,2026-09-02T07:14:00
SHP-106251,ORD-106251,DC-14,DEPARTED,Carrier-B,2026-09-02T07:30:00,2026-09-02T06:31:00
SHP-106252,ORD-106252,DC-07,BOOKED,Carrier-B,2026-09-02T07:00:00,2026-09-02T06:53:00
SHP-106253,ORD-106253,DC-17,LOADED,Carrier-A,2026-09-02T07:43:00,2026-09-02T06:58:00
SHP-106254,ORD-106254,DC-10,LOADED,Carrier-B,2026-09-02T07:28:00,2026-09-02T07:48:00
SHP-106255,ORD-106255,DC-03,LOADED,Carrier-C,2026-09-02T06:36:00,2026-09-02T06:25:00
SHP-106256,ORD-106256,DC-06,BOOKED,Carrier-C,2026-09-02T09:21:00,2026-09-02T08:14:00
SHP-106257,ORD-106257,DC-15,LOADED,Carrier-C,2026-09-02T07:59:00,2026-09-02T08:27:00
SHP-106258,ORD-106258,DC-09,PLANNED,Carrier-C,2026-09-02T08:48:00,2026-09-02T08:18:00
SHP-106259,ORD-106259,DC-18,PLANNED,Carrier-C,2026-09-02T08:06:00,2026-09-02T07:28:00
SHP-106260,ORD-106260,DC-13,DELAYED,Carrier-D,2026-09-02T09:24:00,2026-09-02T08:08:00
SHP-106261,ORD-106261,DC-16,DELAYED,Carrier-B,2026-09-02T08:24:00,2026-09-02T08:54:00
SHP-106262,ORD-106262,DC-08,DEPARTED,Carrier-C,2026-09-02T09:11:00,2026-09-02T08:07:00
SHP-106263,ORD-106263,DC-07,PLANNED,Carrier-B,2026-09-02T09:05:00,2026-09-02T07:52:00
SHP-106264,ORD-106264,DC-02,PLANNED,Carrier-C,2026-09-02T07:26:00,2026-09-02T07:59:00
SHP-106265,ORD-106265,DC-18,LOADED,Carrier-A,2026-09-02T09:56:00,2026-09-02T08:50:00
SHP-106266,ORD-106266,DC-11,LOADED,Carrier-D,2026-09-02T07:26:00,2026-09-02T07:54:00
SHP-106267,ORD-106267,DC-02,DEPARTED,Carrier-D,2026-09-02T08:08:00,2026-09-02T08:25:00
SHP-106268,ORD-106268,DC-16,DEPARTED,Carrier-D,2026-09-02T09:12:00,2026-09-02T08:37:00
SHP-106269,ORD-106269,DC-17,LOADED,Carrier-A,2026-09-02T08:26:00,2026-09-02T09:09:00
SHP-106270,ORD-106270,DC-09,DELAYED,Carrier-B,2026-09-02T09:51:00,2026-09-02T09:22:00
SHP-106271,ORD-106271,DC-17,DEPARTED,Carrier-A,2026-09-02T09:43:00,2026-09-02T08:22:00
SHP-106272,ORD-106272,DC-12,AT_DOCK,Carrier-B,2026-09-02T07:49:00,2026-09-02T08:08:00
SHP-106273,ORD-106273,DC-16,PLANNED,Carrier-B,2026-09-02T09:10:00,2026-09-02T08:16:00
SHP-106274,ORD-106274,DC-06,LOADED,Carrier-A,2026-09-02T10:17:00,2026-09-02T09:49:00
SHP-106275,ORD-106275,DC-15,DEPARTED,Carrier-A,2026-09-02T08:48:00,2026-09-02T09:05:00
SHP-106276,ORD-106276,DC-09,BOOKED,Carrier-B,2026-09-02T10:54:00,2026-09-02T09:28:00
SHP-106277,ORD-106277,DC-05,AT_DOCK,Carrier-B,2026-09-02T11:15:00,2026-09-02T10:21:00
SHP-106278,ORD-106278,DC-03,DEPARTED,Carrier-C,2026-09-02T10:25:00,2026-09-02T10:35:00
SHP-106279,ORD-106279,DC-18,DEPARTED,Carrier-C,2026-09-02T10:02:00,2026-09-02T10:16:00
SHP-106280,ORD-106280,DC-13,PLANNED,Carrier-C,2026-09-02T09:28:00,2026-09-02T10:13:00
SHP-106281,ORD-106281,DC-18,DELAYED,Carrier-B,2026-09-02T10:32:00,2026-09-02T10:57:00
SHP-106282,ORD-106282,DC-06,DEPARTED,Carrier-C,2026-09-02T10:48:00,2026-09-02T11:06:00
SHP-106283,ORD-106283,DC-01,BOOKED,Carrier-C,2026-09-02T10:13:00,2026-09-02T10:50:00
SHP-106284,ORD-106284,DC-04,BOOKED,Carrier-C,2026-09-02T12:37:00,2026-09-02T11:13:00
SHP-106285,ORD-106285,DC-13,PLANNED,Carrier-A,2026-09-02T10:29:00,2026-09-02T10:52:00
SHP-106286,ORD-106286,DC-06,LOADED,Carrier-C,2026-09-02T12:43:00,2026-09-02T12:05:00
SHP-106287,ORD-106287,DC-08,AT_DOCK,Carrier-D,2026-09-02T12:10:00,2026-09-02T10:45:00
SHP-106288,ORD-106288,DC-14,BOOKED,Carrier-C,2026-09-02T11:38:00,2026-09-02T11:01:00
SHP-106289,ORD-106289,DC-02,AT_DOCK,Carrier-A,2026-09-02T13:03:00,2026-09-02T12:10:00
SHP-106290,ORD-106290,DC-14,PLANNED,Carrier-D,2026-09-02T13:12:00,2026-09-02T12:37:00
SHP-106291,ORD-106291,DC-07,BOOKED,Carrier-D,2026-09-02T13:03:00,2026-09-02T12:41:00
SHP-106292,ORD-106292,DC-03,DELAYED,Carrier-D,2026-09-02T12:02:00,2026-09-02T11:53:00
SHP-106293,ORD-106293,DC-12,DEPARTED,Carrier-A,2026-09-02T13:31:00,2026-09-02T12:57:00
SHP-106294,ORD-106294,DC-17,DELAYED,Carrier-C,2026-09-02T12:11:00,2026-09-02T11:22:00
SHP-106295,ORD-106295,DC-08,BOOKED,Carrier-A,2026-09-02T11:36:00,2026-09-02T11:46:00
SHP-106296,ORD-106296,DC-08,LOADED,Carrier-D,2026-09-02T12:14:00,2026-09-02T12:33:00
SHP-106297,ORD-106297,DC-17,DELAYED,Carrier-A,2026-09-02T11:29:00,2026-09-02T11:43:00
SHP-106298,ORD-106298,DC-16,LOADED,Carrier-B,2026-09-02T12:39:00,2026-09-02T11:59:00
SHP-106299,ORD-106299,DC-04,DEPARTED,Carrier-A,2026-09-02T12:02:00,2026-09-02T12:47:00
SHP-106300,ORD-106300,DC-17,DELAYED,Carrier-D,2026-09-02T12:22:00,2026-09-02T11:55:00
SHP-106301,ORD-106301,DC-01,AT_DOCK,Carrier-D,2026-09-02T12:37:00,2026-09-02T12:30:00
SHP-106302,ORD-106302,DC-14,DELAYED,Carrier-B,2026-09-02T13:27:00,2026-09-02T13:32:00
SHP-106303,ORD-106303,DC-11,AT_DOCK,Carrier-A,2026-09-02T11:43:00,2026-09-02T12:20:00
SHP-106304,ORD-106304,DC-01,PLANNED,Carrier-A,2026-09-02T12:46:00,2026-09-02T13:09:00
SHP-106305,ORD-106305,DC-03,LOADED,Carrier-A,2026-09-02T14:45:00,2026-09-02T13:45:00
SHP-106306,ORD-106306,DC-14,PLANNED,Carrier-C,2026-09-02T14:05:00,2026-09-02T13:03:00
SHP-106307,ORD-106307,DC-03,DELAYED,Carrier-D,2026-09-02T12:35:00,2026-09-02T12:51:00
SHP-106308,ORD-106308,DC-03,BOOKED,Carrier-B,2026-09-02T13:59:00,2026-09-02T14:08:00
SHP-106309,ORD-106309,DC-11,AT_DOCK,Carrier-A,2026-09-02T12:57:00,2026-09-02T13:07:00
SHP-106310,ORD-106310,DC-18,PLANNED,Carrier-D,2026-09-02T12:35:00,2026-09-02T12:50:00
SHP-106311,ORD-106311,DC-03,AT_DOCK,Carrier-A,2026-09-02T14:33:00,2026-09-02T14:26:00
SHP-106312,ORD-106312,DC-11,BOOKED,Carrier-A,2026-09-02T13:59:00,2026-09-02T12:58:00
SHP-106313,ORD-106313,DC-09,PLANNED,Carrier-D,2026-09-02T15:02:00,2026-09-02T14:44:00
SHP-106314,ORD-106314,DC-05,PLANNED,Carrier-D,2026-09-02T15:15:00,2026-09-02T14:25:00
SHP-106315,ORD-106315,DC-05,BOOKED,Carrier-A,2026-09-02T15:01:00,2026-09-02T14:38:00
SHP-106316,ORD-106316,DC-12,PLANNED,Carrier-B,2026-09-02T14:39:00,2026-09-02T13:35:00
SHP-106317,ORD-106317,DC-04,DEPARTED,Carrier-C,2026-09-02T13:44:00,2026-09-02T14:04:00
SHP-106318,ORD-106318,DC-06,AT_DOCK,Carrier-D,2026-09-02T14:15:00,2026-09-02T14:36:00
SHP-106319,ORD-106319,DC-09,DELAYED,Carrier-B,2026-09-02T14:10:00,2026-09-02T14:50:00
SHP-106320,ORD-106320,DC-10,AT_DOCK,Carrier-C,2026-09-02T15:01:00,2026-09-02T13:54:00
SHP-106321,ORD-106321,DC-15,AT_DOCK,Carrier-C,2026-09-02T15:36:00,2026-09-02T15:06:00
SHP-106322,ORD-106322,DC-11,DEPARTED,Carrier-D,2026-09-02T14:39:00,2026-09-02T15:08:00
SHP-106323,ORD-106323,DC-06,BOOKED,Carrier-B,2026-09-02T15:55:00,2026-09-02T15:49:00
SHP-106324,ORD-106324,DC-03,LOADED,Carrier-A,2026-09-02T15:26:00,2026-09-02T15:42:00
SHP-106325,ORD-106325,DC-16,PLANNED,Carrier-D,2026-09-02T14:39:00,2026-09-02T15:10:00
SHP-106326,ORD-106326,DC-13,AT_DOCK,Carrier-D,2026-09-02T16:49:00,2026-09-02T15:27:00
SHP-106327,ORD-106327,DC-12,PLANNED,Carrier-A,2026-09-02T15:04:00,2026-09-02T15:32:00
SHP-106328,ORD-106328,DC-03,PLANNED,Carrier-D,2026-09-02T15:19:00,2026-09-02T14:35:00
SHP-106329,ORD-106329,DC-14,PLANNED,Carrier-A,2026-09-02T15:37:00,2026-09-02T16:07:00
SHP-106330,ORD-106330,DC-10,DEPARTED,Carrier-B,2026-09-02T14:59:00,2026-09-02T14:43:00
SHP-106331,ORD-106331,DC-10,AT_DOCK,Carrier-D,2026-09-02T15:04:00,2026-09-02T14:36:00
SHP-106332,ORD-106332,DC-04,BOOKED,Carrier-B,2026-09-02T16:18:00,2026-09-02T16:28:00
SHP-106333,ORD-106333,DC-06,AT_DOCK,Carrier-A,2026-09-02T15:31:00,2026-09-02T15:54:00
SHP-106334,ORD-106334,DC-11,AT_DOCK,Carrier-A,2026-09-02T15:47:00,2026-09-02T16:28:00
SHP-106335,ORD-106335,DC-05,BOOKED,Carrier-B,2026-09-02T17:46:00,2026-09-02T16:21:00
SHP-106336,ORD-106336,DC-04,LOADED,Carrier-C,2026-09-02T16:21:00,2026-09-02T16:36:00
SHP-106337,ORD-106337,DC-07,PLANNED,Carrier-A,2026-09-02T15:09:00,2026-09-02T15:37:00
SHP-106338,ORD-106338,DC-13,PLANNED,Carrier-D,2026-09-02T14:44:00,2026-09-02T15:25:00
SHP-106339,ORD-106339,DC-14,DELAYED,Carrier-C,2026-09-02T16:14:00,2026-09-02T16:41:00
SHP-106340,ORD-106340,DC-05,DELAYED,Carrier-A,2026-09-02T16:07:00,2026-09-02T16:51:00
SHP-106341,ORD-106341,DC-05,DELAYED,Carrier-C,2026-09-02T17:17:00,2026-09-02T17:25:00
SHP-106342,ORD-106342,DC-09,PLANNED,Carrier-B,2026-09-02T17:42:00,2026-09-02T16:33:00
SHP-106343,ORD-106343,DC-09,DEPARTED,Carrier-D,2026-09-02T18:02:00,2026-09-02T16:59:00
SHP-106344,ORD-106344,DC-18,AT_DOCK,Carrier-D,2026-09-02T18:28:00,2026-09-02T17:27:00
SHP-106345,ORD-106345,DC-14,DELAYED,Carrier-D,2026-09-02T16:08:00,2026-09-02T16:49:00
SHP-106346,ORD-106346,DC-16,DELAYED,Carrier-D,2026-09-02T16:27:00,2026-09-02T16:54:00
SHP-106347,ORD-106347,DC-05,PLANNED,Carrier-C,2026-09-02T17:20:00,2026-09-02T16:57:00
SHP-106348,ORD-106348,DC-02,LOADED,Carrier-B,2026-09-02T18:07:00,2026-09-02T17:13:00
SHP-106349,ORD-106349,DC-15,LOADED,Carrier-B,2026-09-02T18:53:00,2026-09-02T17:41:00
SHP-106350,ORD-106350,DC-04,PLANNED,Carrier-C,2026-09-02T18:05:00,2026-09-02T17:56:00
SHP-106351,ORD-106351,DC-10,PLANNED,Carrier-A,2026-09-02T18:01:00,2026-09-02T17:28:00
SHP-106352,ORD-106352,DC-11,PLANNED,Carrier-B,2026-09-02T18:08:00,2026-09-02T17:59:00
SHP-106353,ORD-106353,DC-10,DELAYED,Carrier-D,2026-09-02T16:34:00,2026-09-02T16:46:00
SHP-106354,ORD-106354,DC-06,BOOKED,Carrier-C,2026-09-02T18:30:00,2026-09-02T17:21:00
SHP-106355,ORD-106355,DC-12,BOOKED,Carrier-D,2026-09-02T18:50:00,2026-09-02T18:18:00
SHP-106356,ORD-106356,DC-02,LOADED,Carrier-B,2026-09-02T19:35:00,2026-09-02T18:08:00
SHP-106357,ORD-106357,DC-06,BOOKED,Carrier-C,2026-09-02T17:08:00,2026-09-02T17:39:00
SHP-106358,ORD-106358,DC-14,LOADED,Carrier-D,2026-09-02T17:48:00,2026-09-02T17:56:00
SHP-106359,ORD-106359,DC-12,AT_DOCK,Carrier-A,2026-09-02T20:02:00,2026-09-02T19:07:00
SHP-106360,ORD-106360,DC-09,PLANNED,Carrier-B,2026-09-02T18:45:00,2026-09-02T19:06:00
SHP-106361,ORD-106361,DC-16,AT_DOCK,Carrier-D,2026-09-02T18:55:00,2026-09-02T18:19:00
SHP-106362,ORD-106362,DC-14,PLANNED,Carrier-B,2026-09-02T19:37:00,2026-09-02T18:29:00
SHP-106363,ORD-106363,DC-13,AT_DOCK,Carrier-C,2026-09-02T19:14:00,2026-09-02T18:56:00
SHP-106364,ORD-106364,DC-14,AT_DOCK,Carrier-D,2026-09-02T19:28:00,2026-09-02T18:52:00
SHP-106365,ORD-106365,DC-14,BOOKED,Carrier-D,2026-09-02T19:41:00,2026-09-02T20:16:00
SHP-106366,ORD-106366,DC-06,DEPARTED,Carrier-B,2026-09-02T19:31:00,2026-09-02T19:51:00
SHP-106367,ORD-106367,DC-17,DELAYED,Carrier-A,2026-09-02T19:49:00,2026-09-02T20:25:00
SHP-106368,ORD-106368,DC-07,PLANNED,Carrier-A,2026-09-02T21:42:00,2026-09-02T20:50:00
SHP-106369,ORD-106369,DC-11,LOADED,Carrier-C,2026-09-02T21:53:00,2026-09-02T20:58:00
SHP-106370,ORD-106370,DC-18,PLANNED,Carrier-B,2026-09-02T19:52:00,2026-09-02T19:44:00
SHP-106371,ORD-106371,DC-09,AT_DOCK,Carrier-A,2026-09-02T20:22:00,2026-09-02T19:37:00
SHP-106372,ORD-106372,DC-17,PLANNED,Carrier-A,2026-09-02T21:13:00,2026-09-02T20:44:00
SHP-106373,ORD-106373,DC-12,DELAYED,Carrier-B,2026-09-02T20:44:00,2026-09-02T20:23:00
SHP-106374,ORD-106374,DC-12,DEPARTED,Carrier-B,2026-09-02T21:23:00,2026-09-02T21:45:00
SHP-106375,ORD-106375,DC-13,BOOKED,Carrier-C,2026-09-02T20:55:00,2026-09-02T21:01:00
SHP-106376,ORD-106376,DC-10,LOADED,Carrier-D,2026-09-02T22:35:00,2026-09-02T21:33:00
SHP-106377,ORD-106377,DC-04,PLANNED,Carrier-C,2026-09-02T21:24:00,2026-09-02T21:19:00
SHP-106378,ORD-106378,DC-18,AT_DOCK,Carrier-B,2026-09-02T21:32:00,2026-09-02T21:26:00
SHP-106379,ORD-106379,DC-02,AT_DOCK,Carrier-B,2026-09-02T20:55:00,2026-09-02T20:41:00
SHP-106380,ORD-106380,DC-08,DEPARTED,Carrier-B,2026-09-02T22:51:00,2026-09-02T22:20:00
SHP-106381,ORD-106381,DC-15,LOADED,Carrier-A,2026-09-02T22:11:00,2026-09-02T21:54:00
SHP-106382,ORD-106382,DC-06,AT_DOCK,Carrier-C,2026-09-02T22:20:00,2026-09-02T23:01:00
SHP-106383,ORD-106383,DC-10,DELAYED,Carrier-A,2026-09-02T21:08:00,2026-09-02T21:24:00
SHP-106384,ORD-106384,DC-05,DEPARTED,Carrier-A,2026-09-02T23:11:00,2026-09-02T22:53:00
SHP-106385,ORD-106385,DC-14,LOADED,Carrier-C,2026-09-02T22:03:00,2026-09-02T22:15:00
SHP-106386,ORD-106386,DC-15,BOOKED,Carrier-B,2026-09-02T23:06:00,2026-09-02T22:36:00
SHP-106387,ORD-106387,DC-06,DEPARTED,Carrier-C,2026-09-02T21:46:00,2026-09-02T21:57:00
SHP-106388,ORD-106388,DC-04,PLANNED,Carrier-B,2026-09-03T00:18:00,2026-09-02T22:51:00
SHP-106389,ORD-106389,DC-05,PLANNED,Carrier-D,2026-09-03T00:02:00,2026-09-02T23:19:00
SHP-106390,ORD-106390,DC-06,DEPARTED,Carrier-C,2026-09-02T22:39:00,2026-09-02T22:07:00
SHP-106391,ORD-106391,DC-16,BOOKED,Carrier-A,2026-09-02T23:42:00,2026-09-02T23:21:00
SHP-106392,ORD-106392,DC-03,DELAYED,Carrier-C,2026-09-02T22:58:00,2026-09-02T22:17:00
SHP-106393,ORD-106393,DC-01,LOADED,Carrier-A,2026-09-02T22:45:00,2026-09-02T22:54:00
SHP-106394,ORD-106394,DC-04,DEPARTED,Carrier-C,2026-09-02T21:46:00,2026-09-02T22:04:00
SHP-106395,ORD-106395,DC-02,PLANNED,Carrier-A,2026-09-03T00:25:00,2026-09-02T23:05:00
SHP-106396,ORD-106396,DC-05,DEPARTED,Carrier-B,2026-09-03T01:14:00,2026-09-03T00:03:00
SHP-106397,ORD-106397,DC-11,LOADED,Carrier-C,2026-09-02T23:40:00,2026-09-03T00:02:00
SHP-106398,ORD-106398,DC-17,DELAYED,Carrier-D,2026-09-02T21:56:00,2026-09-02T22:23:00
SHP-106399,ORD-106399,DC-14,BOOKED,Carrier-B,2026-09-02T23:51:00,2026-09-03T00:24:00
SHP-106400,ORD-106400,DC-08,DEPARTED,Carrier-C,2026-09-03T00:15:00,2026-09-02T23:37:00
SHP-106401,ORD-106401,DC-09,DEPARTED,Carrier-B,2026-09-02T22:49:00,2026-09-02T23:17:00
SHP-106402,ORD-106402,DC-08,BOOKED,Carrier-C,2026-09-02T22:46:00,2026-09-02T23:15:00
SHP-106403,ORD-106403,DC-13,AT_DOCK,Carrier-D,2026-09-03T00:07:00,2026-09-02T23:45:00
SHP-106404,ORD-106404,DC-08,PLANNED,Carrier-A,2026-09-03T00:27:00,2026-09-02T23:13:00
SHP-106405,ORD-106405,DC-10,DEPARTED,Carrier-A,2026-09-02T23:09:00,2026-09-02T23:16:00
SHP-106406,ORD-106406,DC-08,AT_DOCK,Carrier-A,2026-09-02T23:41:00,2026-09-02T23:59:00
SHP-106407,ORD-106407,DC-17,AT_DOCK,Carrier-A,2026-09-03T02:34:00,2026-09-03T01:18:00
SHP-106408,ORD-106408,DC-17,PLANNED,Carrier-B,2026-09-03T00:49:00,2026-09-03T01:02:00
SHP-106409,ORD-106409,DC-11,PLANNED,Carrier-A,2026-09-03T02:07:00,2026-09-03T00:39:00
SHP-106410,ORD-106410,DC-12,DELAYED,Carrier-A,2026-09-03T01:22:00,2026-09-03T00:35:00
SHP-106411,ORD-106411,DC-10,LOADED,Carrier-A,2026-09-03T02:58:00,2026-09-03T01:32:00
SHP-106412,ORD-106412,DC-17,LOADED,Carrier-C,2026-09-03T01:39:00,2026-09-03T01:50:00
SHP-106413,ORD-106413,DC-08,AT_DOCK,Carrier-B,2026-09-03T01:13:00,2026-09-03T00:21:00
SHP-106414,ORD-106414,DC-03,BOOKED,Carrier-D,2026-09-03T03:08:00,2026-09-03T01:55:00
SHP-106415,ORD-106415,DC-13,BOOKED,Carrier-C,2026-09-03T02:51:00,2026-09-03T01:36:00
SHP-106416,ORD-106416,DC-14,BOOKED,Carrier-A,2026-09-03T01:51:00,2026-09-03T01:25:00
SHP-106417,ORD-106417,DC-03,DEPARTED,Carrier-C,2026-09-03T01:06:00,2026-09-03T01:19:00
SHP-106418,ORD-106418,DC-12,LOADED,Carrier-B,2026-09-03T02:49:00,2026-09-03T02:02:00
SHP-106419,ORD-106419,DC-01,LOADED,Carrier-A,2026-09-03T00:40:00,2026-09-03T01:17:00
SHP-106420,ORD-106420,DC-11,DELAYED,Carrier-B,2026-09-03T00:29:00,2026-09-03T00:56:00
SHP-106421,ORD-106421,DC-02,LOADED,Carrier-B,2026-09-03T03:08:00,2026-09-03T02:50:00
SHP-106422,ORD-106422,DC-14,LOADED,Carrier-D,2026-09-03T01:50:00,2026-09-03T02:32:00
SHP-106423,ORD-106423,DC-10,BOOKED,Carrier-C,2026-09-03T03:25:00,2026-09-03T02:10:00
SHP-106424,ORD-106424,DC-05,DEPARTED,Carrier-A,2026-09-03T02:54:00,2026-09-03T02:38:00
SHP-106425,ORD-106425,DC-14,DEPARTED,Carrier-D,2026-09-03T03:22:00,2026-09-03T01:54:00
SHP-106426,ORD-106426,DC-07,DEPARTED,Carrier-A,2026-09-03T01:45:00,2026-09-03T02:19:00
SHP-106427,ORD-106427,DC-12,BOOKED,Carrier-A,2026-09-03T03:30:00,2026-09-03T03:20:00
SHP-106428,ORD-106428,DC-01,DEPARTED,Carrier-A,2026-09-03T04:01:00,2026-09-03T03:17:00
SHP-106429,ORD-106429,DC-05,AT_DOCK,Carrier-C,2026-09-03T03:05:00,2026-09-03T03:27:00
SHP-106430,ORD-106430,DC-15,PLANNED,Carrier-A,2026-09-03T01:51:00,2026-09-03T02:20:00
SHP-106431,ORD-106431,DC-04,AT_DOCK,Carrier-D,2026-09-03T03:35:00,2026-09-03T03:07:00
SHP-106432,ORD-106432,DC-12,AT_DOCK,Carrier-B,2026-09-03T05:29:00,2026-09-03T04:11:00
SHP-106433,ORD-106433,DC-08,AT_DOCK,Carrier-C,2026-09-03T04:23:00,2026-09-03T03:20:00
SHP-106434,ORD-106434,DC-11,PLANNED,Carrier-C,2026-09-03T03:42:00,2026-09-03T02:52:00
SHP-106435,ORD-106435,DC-01,PLANNED,Carrier-B,2026-09-03T04:43:00,2026-09-03T03:26:00
SHP-106436,ORD-106436,DC-06,DEPARTED,Carrier-C,2026-09-03T04:23:00,2026-09-03T03:35:00
SHP-106437,ORD-106437,DC-06,BOOKED,Carrier-C,2026-09-03T05:59:00,2026-09-03T04:39:00
SHP-106438,ORD-106438,DC-16,BOOKED,Carrier-C,2026-09-03T03:39:00,2026-09-03T03:45:00
SHP-106439,ORD-106439,DC-07,PLANNED,Carrier-B,2026-09-03T05:39:00,2026-09-03T04:34:00
SHP-106440,ORD-106440,DC-06,DEPARTED,Carrier-A,2026-09-03T05:23:00,2026-09-03T04:43:00
SHP-106441,ORD-106441,DC-05,PLANNED,Carrier-D,2026-09-03T05:50:00,2026-09-03T04:34:00
SHP-106442,ORD-106442,DC-10,AT_DOCK,Carrier-B,2026-09-03T04:18:00,2026-09-03T04:04:00
SHP-106443,ORD-106443,DC-04,AT_DOCK,Carrier-D,2026-09-03T07:12:00,2026-09-03T05:50:00
SHP-106444,ORD-106444,DC-10,PLANNED,Carrier-D,2026-09-03T05:09:00,2026-09-03T05:30:00
SHP-106445,ORD-106445,DC-15,LOADED,Carrier-B,2026-09-03T07:11:00,2026-09-03T06:04:00
SHP-106446,ORD-106446,DC-06,PLANNED,Carrier-C,2026-09-03T05:40:00,2026-09-03T05:24:00
SHP-106447,ORD-106447,DC-02,DELAYED,Carrier-A,2026-09-03T06:10:00,2026-09-03T06:01:00
SHP-106448,ORD-106448,DC-11,PLANNED,Carrier-C,2026-09-03T07:56:00,2026-09-03T06:34:00
SHP-106449,ORD-106449,DC-16,AT_DOCK,Carrier-B,2026-09-03T05:38:00,2026-09-03T04:58:00
SHP-106450,ORD-106450,DC-06,DEPARTED,Carrier-C,2026-09-03T05:35:00,2026-09-03T05:14:00
SHP-106451,ORD-106451,DC-18,DELAYED,Carrier-C,2026-09-03T07:54:00,2026-09-03T06:52:00
SHP-106452,ORD-106452,DC-02,BOOKED,Carrier-B,2026-09-03T06:15:00,2026-09-03T06:35:00
SHP-106453,ORD-106453,DC-14,DELAYED,Carrier-B,2026-09-03T06:23:00,2026-09-03T06:39:00
SHP-106454,ORD-106454,DC-17,PLANNED,Carrier-A,2026-09-03T07:18:00,2026-09-03T06:48:00
SHP-106455,ORD-106455,DC-12,DEPARTED,Carrier-B,2026-09-03T05:34:00,2026-09-03T05:40:00
SHP-106456,ORD-106456,DC-13,AT_DOCK,Carrier-C,2026-09-03T06:15:00,2026-09-03T06:52:00
SHP-106457,ORD-106457,DC-15,PLANNED,Carrier-C,2026-09-03T06:17:00,2026-09-03T06:34:00
SHP-106458,ORD-106458,DC-03,AT_DOCK,Carrier-C,2026-09-03T08:14:00,2026-09-03T07:07:00
SHP-106459,ORD-106459,DC-10,DELAYED,Carrier-A,2026-09-03T04:58:00,2026-09-03T05:28:00
SHP-106460,ORD-106460,DC-17,LOADED,Carrier-B,2026-09-03T06:56:00,2026-09-03T07:18:00
SHP-106461,ORD-106461,DC-05,PLANNED,Carrier-D,2026-09-03T07:28:00,2026-09-03T06:20:00
SHP-106462,ORD-106462,DC-09,AT_DOCK,Carrier-A,2026-09-03T07:04:00,2026-09-03T05:52:00
SHP-106463,ORD-106463,DC-12,AT_DOCK,Carrier-A,2026-09-03T06:01:00,2026-09-03T06:38:00
SHP-106464,ORD-106464,DC-05,PLANNED,Carrier-A,2026-09-03T06:59:00,2026-09-03T07:18:00
SHP-106465,ORD-106465,DC-18,DEPARTED,Carrier-C,2026-09-03T06:58:00,2026-09-03T06:44:00
SHP-106466,ORD-106466,DC-10,LOADED,Carrier-D,2026-09-03T07:35:00,2026-09-03T07:45:00
SHP-106467,ORD-106467,DC-06,DEPARTED,Carrier-D,2026-09-03T09:03:00,2026-09-03T08:04:00
SHP-106468,ORD-106468,DC-16,PLANNED,Carrier-C,2026-09-03T08:16:00,2026-09-03T06:50:00
SHP-106469,ORD-106469,DC-12,LOADED,Carrier-D,2026-09-03T09:08:00,2026-09-03T08:02:00
SHP-106470,ORD-106470,DC-01,DEPARTED,Carrier-A,2026-09-03T08:50:00,2026-09-03T07:51:00
SHP-106471,ORD-106471,DC-09,BOOKED,Carrier-D,2026-09-03T07:15:00,2026-09-03T07:24:00
SHP-106472,ORD-106472,DC-18,BOOKED,Carrier-A,2026-09-03T08:04:00,2026-09-03T07:25:00
SHP-106473,ORD-106473,DC-09,DELAYED,Carrier-A,2026-09-03T07:40:00,2026-09-03T08:19:00
SHP-106474,ORD-106474,DC-02,DEPARTED,Carrier-A,2026-09-03T08:34:00,2026-09-03T07:25:00
SHP-106475,ORD-106475,DC-04,LOADED,Carrier-B,2026-09-03T09:47:00,2026-09-03T09:26:00
SHP-106476,ORD-106476,DC-12,DEPARTED,Carrier-A,2026-09-03T09:18:00,2026-09-03T08:32:00
SHP-106477,ORD-106477,DC-11,LOADED,Carrier-D,2026-09-03T08:55:00,2026-09-03T07:52:00
SHP-106478,ORD-106478,DC-16,DELAYED,Carrier-C,2026-09-03T08:59:00,2026-09-03T09:20:00
SHP-106479,ORD-106479,DC-11,LOADED,Carrier-D,2026-09-03T10:38:00,2026-09-03T10:23:00
SHP-106480,ORD-106480,DC-07,DEPARTED,Carrier-C,2026-09-03T08:39:00,2026-09-03T09:11:00
SHP-106481,ORD-106481,DC-15,AT_DOCK,Carrier-D,2026-09-03T10:11:00,2026-09-03T09:39:00
SHP-106482,ORD-106482,DC-11,DELAYED,Carrier-D,2026-09-03T10:46:00,2026-09-03T10:03:00
SHP-106483,ORD-106483,DC-15,DELAYED,Carrier-B,2026-09-03T12:29:00,2026-09-03T11:31:00
SHP-106484,ORD-106484,DC-10,DEPARTED,Carrier-A,2026-09-03T11:17:00,2026-09-03T11:24:00
SHP-106485,ORD-106485,DC-13,DELAYED,Carrier-A,2026-09-03T13:15:00,2026-09-03T12:13:00
SHP-106486,ORD-106486,DC-11,DEPARTED,Carrier-B,2026-09-03T11:25:00,2026-09-03T11:39:00
SHP-106487,ORD-106487,DC-12,LOADED,Carrier-D,2026-09-03T11:25:00,2026-09-03T12:10:00
SHP-106488,ORD-106488,DC-03,AT_DOCK,Carrier-C,2026-09-03T13:33:00,2026-09-03T12:25:00
SHP-106489,ORD-106489,DC-14,BOOKED,Carrier-C,2026-09-03T11:51:00,2026-09-03T10:59:00
SHP-106490,ORD-106490,DC-04,PLANNED,Carrier-D,2026-09-03T12:19:00,2026-09-03T11:05:00
SHP-106491,ORD-106491,DC-15,LOADED,Carrier-B,2026-09-03T11:07:00,2026-09-03T11:17:00
SHP-106492,ORD-106492,DC-05,LOADED,Carrier-D,2026-09-03T12:58:00,2026-09-03T12:23:00
SHP-106493,ORD-106493,DC-03,LOADED,Carrier-C,2026-09-03T12:26:00,2026-09-03T12:20:00
SHP-106494,ORD-106494,DC-13,BOOKED,Carrier-C,2026-09-03T13:15:00,2026-09-03T12:28:00
SHP-106495,ORD-106495,DC-02,DELAYED,Carrier-C,2026-09-03T11:07:00,2026-09-03T11:41:00
SHP-106496,ORD-106496,DC-07,DEPARTED,Carrier-A,2026-09-03T12:00:00,2026-09-03T12:14:00
SHP-106497,ORD-106497,DC-03,LOADED,Carrier-C,2026-09-03T12:24:00,2026-09-03T12:39:00
SHP-106498,ORD-106498,DC-10,AT_DOCK,Carrier-D,2026-09-03T11:26:00,2026-09-03T11:52:00
SHP-106499,ORD-106499,DC-13,AT_DOCK,Carrier-A,2026-09-03T13:25:00,2026-09-03T12:41:00
SHP-106500,ORD-106500,DC-01,BOOKED,Carrier-C,2026-09-03T12:49:00,2026-09-03T11:46:00
SHP-106501,ORD-106501,DC-13,DEPARTED,Carrier-A,2026-09-03T11:43:00,2026-09-03T12:27:00
SHP-106502,ORD-106502,DC-16,LOADED,Carrier-C,2026-09-03T11:34:00,2026-09-03T12:01:00
SHP-106503,ORD-106503,DC-11,PLANNED,Carrier-A,2026-09-03T14:15:00,2026-09-03T13:50:00
SHP-106504,ORD-106504,DC-10,AT_DOCK,Carrier-C,2026-09-03T13:04:00,2026-09-03T12:57:00
SHP-106505,ORD-106505,DC-16,DEPARTED,Carrier-D,2026-09-03T13:55:00,2026-09-03T14:12:00
SHP-106506,ORD-106506,DC-18,BOOKED,Carrier-D,2026-09-03T14:05:00,2026-09-03T13:50:00
SHP-106507,ORD-106507,DC-01,AT_DOCK,Carrier-A,2026-09-03T13:19:00,2026-09-03T12:51:00
SHP-106508,ORD-106508,DC-12,PLANNED,Carrier-B,2026-09-03T13:35:00,2026-09-03T14:01:00
SHP-106509,ORD-106509,DC-08,DEPARTED,Carrier-D,2026-09-03T13:35:00,2026-09-03T14:04:00
SHP-106510,ORD-106510,DC-09,DELAYED,Carrier-B,2026-09-03T14:37:00,2026-09-03T14:08:00
SHP-106511,ORD-106511,DC-10,BOOKED,Carrier-A,2026-09-03T14:42:00,2026-09-03T14:34:00
SHP-106512,ORD-106512,DC-01,AT_DOCK,Carrier-A,2026-09-03T14:41:00,2026-09-03T13:54:00
SHP-106513,ORD-106513,DC-18,DEPARTED,Carrier-A,2026-09-03T13:51:00,2026-09-03T14:17:00
SHP-106514,ORD-106514,DC-18,AT_DOCK,Carrier-D,2026-09-03T14:32:00,2026-09-03T15:13:00
SHP-106515,ORD-106515,DC-11,PLANNED,Carrier-C,2026-09-03T14:18:00,2026-09-03T15:00:00
SHP-106516,ORD-106516,DC-13,AT_DOCK,Carrier-C,2026-09-03T15:50:00,2026-09-03T15:25:00
SHP-106517,ORD-106517,DC-18,LOADED,Carrier-A,2026-09-03T15:07:00,2026-09-03T13:57:00
SHP-106518,ORD-106518,DC-04,AT_DOCK,Carrier-B,2026-09-03T13:50:00,2026-09-03T13:59:00
SHP-106519,ORD-106519,DC-02,AT_DOCK,Carrier-C,2026-09-03T14:27:00,2026-09-03T14:08:00
SHP-106520,ORD-106520,DC-07,DELAYED,Carrier-D,2026-09-03T13:42:00,2026-09-03T14:15:00
SHP-106521,ORD-106521,DC-13,AT_DOCK,Carrier-D,2026-09-03T15:55:00,2026-09-03T15:25:00
SHP-106522,ORD-106522,DC-13,DEPARTED,Carrier-B,2026-09-03T16:26:00,2026-09-03T15:23:00
SHP-106523,ORD-106523,DC-01,AT_DOCK,Carrier-A,2026-09-03T13:50:00,2026-09-03T14:20:00
SHP-106524,ORD-106524,DC-13,DEPARTED,Carrier-A,2026-09-03T17:47:00,2026-09-03T16:37:00
SHP-106525,ORD-106525,DC-16,BOOKED,Carrier-A,2026-09-03T15:15:00,2026-09-03T15:52:00
SHP-106526,ORD-106526,DC-02,PLANNED,Carrier-B,2026-09-03T17:18:00,2026-09-03T16:10:00
SHP-106527,ORD-106527,DC-10,PLANNED,Carrier-A,2026-09-03T15:55:00,2026-09-03T16:28:00
SHP-106528,ORD-106528,DC-18,PLANNED,Carrier-A,2026-09-03T15:33:00,2026-09-03T15:59:00
SHP-106529,ORD-106529,DC-03,DEPARTED,Carrier-D,2026-09-03T16:11:00,2026-09-03T15:40:00
SHP-106530,ORD-106530,DC-18,DELAYED,Carrier-A,2026-09-03T18:00:00,2026-09-03T16:36:00
SHP-106531,ORD-106531,DC-06,DEPARTED,Carrier-A,2026-09-03T16:47:00,2026-09-03T16:12:00
SHP-106532,ORD-106532,DC-12,PLANNED,Carrier-C,2026-09-03T16:55:00,2026-09-03T16:39:00
SHP-106533,ORD-106533,DC-12,LOADED,Carrier-A,2026-09-03T17:29:00,2026-09-03T17:38:00
SHP-106534,ORD-106534,DC-10,BOOKED,Carrier-B,2026-09-03T18:40:00,2026-09-03T18:04:00
SHP-106535,ORD-106535,DC-16,AT_DOCK,Carrier-D,2026-09-03T19:09:00,2026-09-03T18:11:00
SHP-106536,ORD-106536,DC-05,BOOKED,Carrier-B,2026-09-03T18:45:00,2026-09-03T17:35:00
SHP-106537,ORD-106537,DC-09,DELAYED,Carrier-B,2026-09-03T17:50:00,2026-09-03T17:14:00
SHP-106538,ORD-106538,DC-08,BOOKED,Carrier-A,2026-09-03T17:23:00,2026-09-03T17:42:00
SHP-106539,ORD-106539,DC-14,BOOKED,Carrier-C,2026-09-03T18:37:00,2026-09-03T17:38:00
SHP-106540,ORD-106540,DC-15,PLANNED,Carrier-D,2026-09-03T18:07:00,2026-09-03T17:22:00
SHP-106541,ORD-106541,DC-13,BOOKED,Carrier-C,2026-09-03T17:23:00,2026-09-03T17:33:00
SHP-106542,ORD-106542,DC-18,PLANNED,Carrier-D,2026-09-03T20:08:00,2026-09-03T18:52:00
SHP-106543,ORD-106543,DC-02,AT_DOCK,Carrier-C,2026-09-03T18:06:00,2026-09-03T18:21:00
SHP-106544,ORD-106544,DC-05,DELAYED,Carrier-C,2026-09-03T19:59:00,2026-09-03T18:29:00
SHP-106545,ORD-106545,DC-11,DELAYED,Carrier-C,2026-09-03T18:48:00,2026-09-03T18:06:00
SHP-106546,ORD-106546,DC-16,AT_DOCK,Carrier-B,2026-09-03T19:13:00,2026-09-03T18:13:00
SHP-106547,ORD-106547,DC-06,DELAYED,Carrier-D,2026-09-03T19:20:00,2026-09-03T18:42:00
SHP-106548,ORD-106548,DC-11,BOOKED,Carrier-B,2026-09-03T19:14:00,2026-09-03T19:38:00
SHP-106549,ORD-106549,DC-07,BOOKED,Carrier-C,2026-09-03T19:21:00,2026-09-03T19:07:00
SHP-106550,ORD-106550,DC-14,BOOKED,Carrier-C,2026-09-03T19:10:00,2026-09-03T18:26:00
SHP-106551,ORD-106551,DC-17,DELAYED,Carrier-D,2026-09-03T18:44:00,2026-09-03T18:24:00
SHP-106552,ORD-106552,DC-11,AT_DOCK,Carrier-C,2026-09-03T19:58:00,2026-09-03T19:08:00
SHP-106553,ORD-106553,DC-15,BOOKED,Carrier-A,2026-09-03T18:12:00,2026-09-03T18:27:00
SHP-106554,ORD-106554,DC-10,LOADED,Carrier-B,2026-09-03T18:43:00,2026-09-03T18:25:00
SHP-106555,ORD-106555,DC-01,AT_DOCK,Carrier-A,2026-09-03T19:01:00,2026-09-03T19:39:00
SHP-106556,ORD-106556,DC-04,LOADED,Carrier-D,2026-09-03T19:55:00,2026-09-03T20:35:00
SHP-106557,ORD-106557,DC-03,LOADED,Carrier-C,2026-09-03T20:55:00,2026-09-03T19:27:00
SHP-106558,ORD-106558,DC-10,AT_DOCK,Carrier-A,2026-09-03T19:18:00,2026-09-03T19:41:00
SHP-106559,ORD-106559,DC-01,LOADED,Carrier-B,2026-09-03T20:32:00,2026-09-03T19:32:00
SHP-106560,ORD-106560,DC-02,AT_DOCK,Carrier-B,2026-09-03T20:13:00,2026-09-03T19:33:00
SHP-106561,ORD-106561,DC-13,BOOKED,Carrier-A,2026-09-03T21:03:00,2026-09-03T20:35:00
SHP-106562,ORD-106562,DC-17,LOADED,Carrier-D,2026-09-03T21:04:00,2026-09-03T20:31:00
SHP-106563,ORD-106563,DC-13,DELAYED,Carrier-B,2026-09-03T20:38:00,2026-09-03T21:11:00
SHP-106564,ORD-106564,DC-06,PLANNED,Carrier-A,2026-09-03T20:29:00,2026-09-03T20:14:00
SHP-106565,ORD-106565,DC-07,DEPARTED,Carrier-C,2026-09-03T21:00:00,2026-09-03T21:33:00
SHP-106566,ORD-106566,DC-17,AT_DOCK,Carrier-C,2026-09-03T21:26:00,2026-09-03T20:33:00
SHP-106567,ORD-106567,DC-04,PLANNED,Carrier-A,2026-09-03T19:53:00,2026-09-03T20:27:00
SHP-106568,ORD-106568,DC-06,AT_DOCK,Carrier-A,2026-09-03T21:52:00,2026-09-03T20:56:00
SHP-106569,ORD-106569,DC-03,LOADED,Carrier-D,2026-09-03T20:29:00,2026-09-03T20:58:00
SHP-106570,ORD-106570,DC-14,PLANNED,Carrier-B,2026-09-03T22:31:00,2026-09-03T21:02:00
SHP-106571,ORD-106571,DC-06,PLANNED,Carrier-D,2026-09-03T20:55:00,2026-09-03T21:37:00
SHP-106572,ORD-106572,DC-10,DELAYED,Carrier-A,2026-09-03T21:00:00,2026-09-03T21:21:00
SHP-106573,ORD-106573,DC-16,BOOKED,Carrier-B,2026-09-03T21:23:00,2026-09-03T21:37:00
SHP-106574,ORD-106574,DC-08,BOOKED,Carrier-C,2026-09-03T23:04:00,2026-09-03T21:46:00
SHP-106575,ORD-106575,DC-16,AT_DOCK,Carrier-D,2026-09-03T22:10:00,2026-09-03T22:00:00
SHP-106576,ORD-106576,DC-04,AT_DOCK,Carrier-D,2026-09-03T20:45:00,2026-09-03T21:08:00
SHP-106577,ORD-106577,DC-12,DELAYED,Carrier-C,2026-09-03T23:29:00,2026-09-03T22:14:00
SHP-106578,ORD-106578,DC-05,PLANNED,Carrier-B,2026-09-03T22:54:00,2026-09-03T22:37:00
SHP-106579,ORD-106579,DC-03,LOADED,Carrier-B,2026-09-03T21:28:00,2026-09-03T21:18:00
SHP-106580,ORD-106580,DC-06,DEPARTED,Carrier-B,2026-09-03T23:54:00,2026-09-03T22:43:00
SHP-106581,ORD-106581,DC-08,LOADED,Carrier-C,2026-09-03T23:10:00,2026-09-03T22:39:00
SHP-106582,ORD-106582,DC-12,DELAYED,Carrier-B,2026-09-03T22:55:00,2026-09-03T22:06:00
SHP-106583,ORD-106583,DC-04,BOOKED,Carrier-C,2026-09-03T22:16:00,2026-09-03T21:46:00
SHP-106584,ORD-106584,DC-16,DEPARTED,Carrier-B,2026-09-03T22:31:00,2026-09-03T22:23:00
SHP-106585,ORD-106585,DC-09,LOADED,Carrier-B,2026-09-04T00:41:00,2026-09-04T00:00:00
SHP-106586,ORD-106586,DC-03,DELAYED,Carrier-D,2026-09-04T00:32:00,2026-09-04T00:07:00
SHP-106587,ORD-106587,DC-14,BOOKED,Carrier-D,2026-09-03T22:24:00,2026-09-03T22:34:00
SHP-106588,ORD-106588,DC-10,LOADED,Carrier-C,2026-09-04T00:55:00,2026-09-03T23:29:00
SHP-106589,ORD-106589,DC-13,LOADED,Carrier-D,2026-09-03T23:38:00,2026-09-03T23:02:00
SHP-106590,ORD-106590,DC-01,BOOKED,Carrier-B,2026-09-04T00:42:00,2026-09-03T23:45:00
SHP-106591,ORD-106591,DC-14,BOOKED,Carrier-A,2026-09-04T01:15:00,2026-09-04T00:38:00
SHP-106592,ORD-106592,DC-17,LOADED,Carrier-C,2026-09-04T00:02:00,2026-09-03T23:32:00
SHP-106593,ORD-106593,DC-03,BOOKED,Carrier-A,2026-09-04T00:22:00,2026-09-04T00:01:00
SHP-106594,ORD-106594,DC-08,PLANNED,Carrier-C,2026-09-03T22:52:00,2026-09-03T23:16:00
SHP-106595,ORD-106595,DC-01,LOADED,Carrier-B,2026-09-04T01:57:00,2026-09-04T00:29:00
SHP-106596,ORD-106596,DC-05,BOOKED,Carrier-A,2026-09-03T23:40:00,2026-09-04T00:12:00
SHP-106597,ORD-106597,DC-16,LOADED,Carrier-B,2026-09-03T23:27:00,2026-09-03T23:39:00
SHP-106598,ORD-106598,DC-05,LOADED,Carrier-D,2026-09-04T00:42:00,2026-09-04T00:32:00
SHP-106599,ORD-106599,DC-12,LOADED,Carrier-D,2026-09-04T02:41:00,2026-09-04T01:35:00
SHP-106600,ORD-106600,DC-06,DELAYED,Carrier-D,2026-09-04T00:55:00,2026-09-04T00:41:00
SHP-106601,ORD-106601,DC-06,DEPARTED,Carrier-A,2026-09-04T00:43:00,2026-09-04T01:14:00
SHP-106602,ORD-106602,DC-15,AT_DOCK,Carrier-C,2026-09-04T00:03:00,2026-09-04T00:40:00
SHP-106603,ORD-106603,DC-03,BOOKED,Carrier-A,2026-09-04T01:02:00,2026-09-04T01:13:00
SHP-106604,ORD-106604,DC-18,DELAYED,Carrier-B,2026-09-04T02:35:00,2026-09-04T01:47:00
SHP-106605,ORD-106605,DC-11,AT_DOCK,Carrier-D,2026-09-04T01:32:00,2026-09-04T01:57:00
SHP-106606,ORD-106606,DC-16,DELAYED,Carrier-B,2026-09-04T00:40:00,2026-09-04T01:18:00
SHP-106607,ORD-106607,DC-07,DEPARTED,Carrier-D,2026-09-04T02:14:00,2026-09-04T01:57:00
SHP-106608,ORD-106608,DC-06,DEPARTED,Carrier-B,2026-09-04T02:40:00,2026-09-04T01:22:00
SHP-106609,ORD-106609,DC-12,PLANNED,Carrier-B,2026-09-04T03:31:00,2026-09-04T02:07:00
SHP-106610,ORD-106610,DC-17,AT_DOCK,Carrier-B,2026-09-04T02:44:00,2026-09-04T02:21:00
SHP-106611,ORD-106611,DC-08,DEPARTED,Carrier-A,2026-09-04T02:01:00,2026-09-04T02:31:00
SHP-106612,ORD-106612,DC-01,AT_DOCK,Carrier-B,2026-09-04T04:00:00,2026-09-04T02:54:00
SHP-106613,ORD-106613,DC-05,DEPARTED,Carrier-D,2026-09-04T04:01:00,2026-09-04T03:48:00
SHP-106614,ORD-106614,DC-10,PLANNED,Carrier-A,2026-09-04T04:11:00,2026-09-04T03:21:00
SHP-106615,ORD-106615,DC-16,LOADED,Carrier-D,2026-09-04T04:13:00,2026-09-04T03:13:00
SHP-106616,ORD-106616,DC-04,DELAYED,Carrier-D,2026-09-04T04:47:00,2026-09-04T03:29:00
SHP-106617,ORD-106617,DC-13,BOOKED,Carrier-D,2026-09-04T02:45:00,2026-09-04T03:26:00
SHP-106618,ORD-106618,DC-03,DEPARTED,Carrier-B,2026-09-04T04:14:00,2026-09-04T03:03:00
SHP-106619,ORD-106619,DC-11,LOADED,Carrier-D,2026-09-04T05:01:00,2026-09-04T03:34:00
SHP-106620,ORD-106620,DC-04,PLANNED,Carrier-D,2026-09-04T05:36:00,2026-09-04T04:30:00
SHP-106621,ORD-106621,DC-16,BOOKED,Carrier-A,2026-09-04T04:15:00,2026-09-04T03:25:00
SHP-106622,ORD-106622,DC-03,LOADED,Carrier-B,2026-09-04T05:32:00,2026-09-04T05:22:00
SHP-106623,ORD-106623,DC-11,LOADED,Carrier-B,2026-09-04T04:22:00,2026-09-04T03:49:00
SHP-106624,ORD-106624,DC-06,DEPARTED,Carrier-D,2026-09-04T05:49:00,2026-09-04T05:26:00
SHP-106625,ORD-106625,DC-18,LOADED,Carrier-B,2026-09-04T04:35:00,2026-09-04T04:16:00
SHP-106626,ORD-106626,DC-07,LOADED,Carrier-B,2026-09-04T06:00:00,2026-09-04T04:59:00
SHP-106627,ORD-106627,DC-18,BOOKED,Carrier-D,2026-09-04T06:36:00,2026-09-04T05:54:00
SHP-106628,ORD-106628,DC-04,BOOKED,Carrier-D,2026-09-04T05:09:00,2026-09-04T05:16:00
SHP-106629,ORD-106629,DC-06,DEPARTED,Carrier-B,2026-09-04T06:38:00,2026-09-04T05:43:00
SHP-106630,ORD-106630,DC-04,DELAYED,Carrier-B,2026-09-04T05:28:00,2026-09-04T05:57:00
SHP-106631,ORD-106631,DC-03,DEPARTED,Carrier-D,2026-09-04T05:53:00,2026-09-04T05:29:00
SHP-106632,ORD-106632,DC-07,PLANNED,Carrier-A,2026-09-04T06:04:00,2026-09-04T05:58:00
SHP-106633,ORD-106633,DC-09,AT_DOCK,Carrier-A,2026-09-04T05:31:00,2026-09-04T05:58:00
SHP-106634,ORD-106634,DC-11,DEPARTED,Carrier-B,2026-09-04T05:55:00,2026-09-04T05:47:00
SHP-106635,ORD-106635,DC-09,PLANNED,Carrier-C,2026-09-04T06:13:00,2026-09-04T06:02:00
SHP-106636,ORD-106636,DC-17,DEPARTED,Carrier-D,2026-09-04T06:15:00,2026-09-04T06:08:00
SHP-106637,ORD-106637,DC-12,BOOKED,Carrier-A,2026-09-04T04:45:00,2026-09-04T05:18:00
SHP-106638,ORD-106638,DC-15,AT_DOCK,Carrier-B,2026-09-04T06:51:00,2026-09-04T06:38:00
SHP-106639,ORD-106639,DC-16,BOOKED,Carrier-C,2026-09-04T07:14:00,2026-09-04T06:44:00
SHP-106640,ORD-106640,DC-14,BOOKED,Carrier-C,2026-09-04T07:30:00,2026-09-04T06:22:00
SHP-106641,ORD-106641,DC-01,DEPARTED,Carrier-B,2026-09-04T05:20:00,2026-09-04T05:40:00
SHP-106642,ORD-106642,DC-01,PLANNED,Carrier-C,2026-09-04T07:13:00,2026-09-04T07:07:00
SHP-106643,ORD-106643,DC-11,LOADED,Carrier-A,2026-09-04T06:31:00,2026-09-04T06:26:00
SHP-106644,ORD-106644,DC-08,LOADED,Carrier-A,2026-09-04T06:56:00,2026-09-04T06:04:00
SHP-106645,ORD-106645,DC-05,LOADED,Carrier-A,2026-09-04T07:30:00,2026-09-04T07:39:00
SHP-106646,ORD-106646,DC-03,DEPARTED,Carrier-B,2026-09-04T08:39:00,2026-09-04T07:32:00
SHP-106647,ORD-106647,DC-08,LOADED,Carrier-A,2026-09-04T08:01:00,2026-09-04T07:21:00
SHP-106648,ORD-106648,DC-08,BOOKED,Carrier-D,2026-09-04T06:59:00,2026-09-04T07:20:00
SHP-106649,ORD-106649,DC-09,AT_DOCK,Carrier-D,2026-09-04T08:25:00,2026-09-04T07:06:00
SHP-106650,ORD-106650,DC-08,DELAYED,Carrier-D,2026-09-04T08:44:00,2026-09-04T08:14:00
SHP-106651,ORD-106651,DC-16,AT_DOCK,Carrier-C,2026-09-04T06:49:00,2026-09-04T07:07:00
SHP-106652,ORD-106652,DC-08,PLANNED,Carrier-A,2026-09-04T07:22:00,2026-09-04T07:48:00
SHP-106653,ORD-106653,DC-17,BOOKED,Carrier-D,2026-09-04T08:40:00,2026-09-04T07:53:00
SHP-106654,ORD-106654,DC-07,PLANNED,Carrier-C,2026-09-04T08:03:00,2026-09-04T07:58:00
SHP-106655,ORD-106655,DC-13,BOOKED,Carrier-A,2026-09-04T08:13:00,2026-09-04T08:00:00
SHP-106656,ORD-106656,DC-14,LOADED,Carrier-B,2026-09-04T09:04:00,2026-09-04T09:20:00
SHP-106657,ORD-106657,DC-05,LOADED,Carrier-C,2026-09-04T08:51:00,2026-09-04T09:31:00
SHP-106658,ORD-106658,DC-17,PLANNED,Carrier-C,2026-09-04T09:29:00,2026-09-04T09:22:00
SHP-106659,ORD-106659,DC-07,DEPARTED,Carrier-C,2026-09-04T08:14:00,2026-09-04T08:39:00
SHP-106660,ORD-106660,DC-05,LOADED,Carrier-D,2026-09-04T08:12:00,2026-09-04T08:48:00
SHP-106661,ORD-106661,DC-06,DEPARTED,Carrier-B,2026-09-04T08:49:00,2026-09-04T08:43:00
SHP-106662,ORD-106662,DC-14,DELAYED,Carrier-A,2026-09-04T10:43:00,2026-09-04T09:25:00
SHP-106663,ORD-106663,DC-17,AT_DOCK,Carrier-A,2026-09-04T10:46:00,2026-09-04T09:21:00
SHP-106664,ORD-106664,DC-01,LOADED,Carrier-A,2026-09-04T10:03:00,2026-09-04T09:28:00
SHP-106665,ORD-106665,DC-08,DEPARTED,Carrier-D,2026-09-04T07:50:00,2026-09-04T08:31:00
SHP-106666,ORD-106666,DC-01,LOADED,Carrier-C,2026-09-04T08:24:00,2026-09-04T08:30:00
SHP-106667,ORD-106667,DC-17,AT_DOCK,Carrier-D,2026-09-04T10:25:00,2026-09-04T10:15:00
SHP-106668,ORD-106668,DC-04,AT_DOCK,Carrier-B,2026-09-04T10:26:00,2026-09-04T09:40:00
SHP-106669,ORD-106669,DC-07,LOADED,Carrier-D,2026-09-04T11:59:00,2026-09-04T10:47:00
SHP-106670,ORD-106670,DC-07,DELAYED,Carrier-D,2026-09-04T10:07:00,2026-09-04T10:20:00
SHP-106671,ORD-106671,DC-17,LOADED,Carrier-C,2026-09-04T09:36:00,2026-09-04T09:28:00
SHP-106672,ORD-106672,DC-18,AT_DOCK,Carrier-D,2026-09-04T12:00:00,2026-09-04T10:51:00
SHP-106673,ORD-106673,DC-05,PLANNED,Carrier-B,2026-09-04T12:16:00,2026-09-04T11:31:00
SHP-106674,ORD-106674,DC-16,AT_DOCK,Carrier-D,2026-09-04T11:53:00,2026-09-04T11:06:00
SHP-106675,ORD-106675,DC-07,DELAYED,Carrier-A,2026-09-04T11:21:00,2026-09-04T10:22:00
SHP-106676,ORD-106676,DC-08,DELAYED,Carrier-D,2026-09-04T10:05:00,2026-09-04T10:41:00
SHP-106677,ORD-106677,DC-15,BOOKED,Carrier-C,2026-09-04T11:11:00,2026-09-04T10:46:00
SHP-106678,ORD-106678,DC-05,DEPARTED,Carrier-A,2026-09-04T13:01:00,2026-09-04T11:59:00
SHP-106679,ORD-106679,DC-06,AT_DOCK,Carrier-A,2026-09-04T11:04:00,2026-09-04T10:30:00
SHP-106680,ORD-106680,DC-11,PLANNED,Carrier-A,2026-09-04T12:17:00,2026-09-04T12:06:00
SHP-106681,ORD-106681,DC-09,DEPARTED,Carrier-B,2026-09-04T13:22:00,2026-09-04T12:09:00
SHP-106682,ORD-106682,DC-13,DEPARTED,Carrier-B,2026-09-04T12:53:00,2026-09-04T11:45:00
SHP-106683,ORD-106683,DC-08,LOADED,Carrier-B,2026-09-04T12:29:00,2026-09-04T13:14:00
SHP-106684,ORD-106684,DC-17,LOADED,Carrier-D,2026-09-04T14:36:00,2026-09-04T13:25:00
SHP-106685,ORD-106685,DC-04,BOOKED,Carrier-C,2026-09-04T14:57:00,2026-09-04T13:34:00
SHP-106686,ORD-106686,DC-10,PLANNED,Carrier-C,2026-09-04T13:35:00,2026-09-04T12:17:00
SHP-106687,ORD-106687,DC-03,BOOKED,Carrier-C,2026-09-04T13:25:00,2026-09-04T13:57:00
SHP-106688,ORD-106688,DC-17,AT_DOCK,Carrier-C,2026-09-04T13:11:00,2026-09-04T12:44:00
SHP-106689,ORD-106689,DC-06,LOADED,Carrier-B,2026-09-04T13:37:00,2026-09-04T13:55:00
SHP-106690,ORD-106690,DC-16,DEPARTED,Carrier-D,2026-09-04T14:58:00,2026-09-04T14:00:00
SHP-106691,ORD-106691,DC-01,DEPARTED,Carrier-C,2026-09-04T13:25:00,2026-09-04T12:36:00
SHP-106692,ORD-106692,DC-13,LOADED,Carrier-C,2026-09-04T13:23:00,2026-09-04T13:03:00
SHP-106693,ORD-106693,DC-09,LOADED,Carrier-A,2026-09-04T12:48:00,2026-09-04T13:24:00
SHP-106694,ORD-106694,DC-18,DELAYED,Carrier-A,2026-09-04T15:47:00,2026-09-04T14:31:00
SHP-106695,ORD-106695,DC-06,BOOKED,Carrier-C,2026-09-04T14:24:00,2026-09-04T13:23:00
SHP-106696,ORD-106696,DC-04,DEPARTED,Carrier-D,2026-09-04T13:05:00,2026-09-04T12:53:00
SHP-106697,ORD-106697,DC-09,DEPARTED,Carrier-C,2026-09-04T14:38:00,2026-09-04T14:09:00
SHP-106698,ORD-106698,DC-17,BOOKED,Carrier-D,2026-09-04T15:07:00,2026-09-04T14:22:00
SHP-106699,ORD-106699,DC-18,LOADED,Carrier-A,2026-09-04T15:51:00,2026-09-04T14:45:00
SHP-106700,ORD-106700,DC-05,DEPARTED,Carrier-A,2026-09-04T15:15:00,2026-09-04T13:54:00
SHP-106701,ORD-106701,DC-06,PLANNED,Carrier-A,2026-09-04T15:32:00,2026-09-04T15:10:00
SHP-106702,ORD-106702,DC-01,PLANNED,Carrier-A,2026-09-04T14:51:00,2026-09-04T13:57:00
SHP-106703,ORD-106703,DC-03,PLANNED,Carrier-D,2026-09-04T15:47:00,2026-09-04T15:02:00
SHP-106704,ORD-106704,DC-17,AT_DOCK,Carrier-B,2026-09-04T15:29:00,2026-09-04T14:51:00
SHP-106705,ORD-106705,DC-14,DEPARTED,Carrier-C,2026-09-04T16:07:00,2026-09-04T14:42:00
SHP-106706,ORD-106706,DC-18,PLANNED,Carrier-D,2026-09-04T15:02:00,2026-09-04T14:46:00
SHP-106707,ORD-106707,DC-12,BOOKED,Carrier-B,2026-09-04T18:04:00,2026-09-04T16:40:00
SHP-106708,ORD-106708,DC-06,AT_DOCK,Carrier-B,2026-09-04T17:17:00,2026-09-04T15:56:00
SHP-106709,ORD-106709,DC-09,PLANNED,Carrier-B,2026-09-04T17:22:00,2026-09-04T16:03:00
SHP-106710,ORD-106710,DC-12,DELAYED,Carrier-B,2026-09-04T17:13:00,2026-09-04T15:51:00
SHP-106711,ORD-106711,DC-16,LOADED,Carrier-A,2026-09-04T16:02:00,2026-09-04T16:28:00
SHP-106712,ORD-106712,DC-13,LOADED,Carrier-A,2026-09-04T17:08:00,2026-09-04T16:09:00
SHP-106713,ORD-106713,DC-04,BOOKED,Carrier-A,2026-09-04T18:22:00,2026-09-04T17:19:00
SHP-106714,ORD-106714,DC-18,DELAYED,Carrier-A,2026-09-04T17:24:00,2026-09-04T16:29:00
SHP-106715,ORD-106715,DC-08,LOADED,Carrier-B,2026-09-04T17:46:00,2026-09-04T16:49:00
SHP-106716,ORD-106716,DC-03,DEPARTED,Carrier-A,2026-09-04T18:57:00,2026-09-04T17:32:00
SHP-106717,ORD-106717,DC-16,DEPARTED,Carrier-C,2026-09-04T16:58:00,2026-09-04T16:45:00
SHP-106718,ORD-106718,DC-14,DEPARTED,Carrier-C,2026-09-04T16:41:00,2026-09-04T17:09:00
SHP-106719,ORD-106719,DC-13,AT_DOCK,Carrier-C,2026-09-04T17:23:00,2026-09-04T17:11:00
SHP-106720,ORD-106720,DC-05,DEPARTED,Carrier-C,2026-09-04T17:31:00,2026-09-04T18:05:00
SHP-106721,ORD-106721,DC-01,LOADED,Carrier-D,2026-09-04T18:54:00,2026-09-04T17:51:00
SHP-106722,ORD-106722,DC-16,AT_DOCK,Carrier-D,2026-09-04T16:55:00,2026-09-04T17:05:00
SHP-106723,ORD-106723,DC-18,DELAYED,Carrier-A,2026-09-04T19:24:00,2026-09-04T18:13:00
SHP-106724,ORD-106724,DC-14,DEPARTED,Carrier-C,2026-09-04T17:49:00,2026-09-04T18:19:00
SHP-106725,ORD-106725,DC-15,DELAYED,Carrier-C,2026-09-04T18:45:00,2026-09-04T18:07:00
SHP-106726,ORD-106726,DC-16,LOADED,Carrier-C,2026-09-04T19:13:00,2026-09-04T18:26:00
SHP-106727,ORD-106727,DC-17,DELAYED,Carrier-D,2026-09-04T17:58:00,2026-09-04T17:26:00
SHP-106728,ORD-106728,DC-16,DELAYED,Carrier-B,2026-09-04T17:03:00,2026-09-04T17:12:00
SHP-106729,ORD-106729,DC-02,PLANNED,Carrier-A,2026-09-04T18:59:00,2026-09-04T19:38:00
SHP-106730,ORD-106730,DC-18,PLANNED,Carrier-A,2026-09-04T21:11:00,2026-09-04T19:56:00
SHP-106731,ORD-106731,DC-14,AT_DOCK,Carrier-B,2026-09-04T19:05:00,2026-09-04T19:25:00
SHP-106732,ORD-106732,DC-13,AT_DOCK,Carrier-D,2026-09-04T19:32:00,2026-09-04T18:59:00
SHP-106733,ORD-106733,DC-12,LOADED,Carrier-C,2026-09-04T19:08:00,2026-09-04T19:02:00
SHP-106734,ORD-106734,DC-17,DEPARTED,Carrier-A,2026-09-04T20:49:00,2026-09-04T19:48:00
SHP-106735,ORD-106735,DC-07,LOADED,Carrier-C,2026-09-04T19:14:00,2026-09-04T19:29:00
SHP-106736,ORD-106736,DC-06,LOADED,Carrier-D,2026-09-04T20:44:00,2026-09-04T19:58:00
SHP-106737,ORD-106737,DC-12,BOOKED,Carrier-C,2026-09-04T21:35:00,2026-09-04T20:42:00
SHP-106738,ORD-106738,DC-10,AT_DOCK,Carrier-C,2026-09-04T21:29:00,2026-09-04T20:28:00
SHP-106739,ORD-106739,DC-13,LOADED,Carrier-C,2026-09-04T21:25:00,2026-09-04T20:10:00
SHP-106740,ORD-106740,DC-12,DELAYED,Carrier-D,2026-09-04T20:02:00,2026-09-04T19:40:00
SHP-106741,ORD-106741,DC-07,AT_DOCK,Carrier-C,2026-09-04T22:32:00,2026-09-04T21:18:00
SHP-106742,ORD-106742,DC-16,DELAYED,Carrier-A,2026-09-04T20:14:00,2026-09-04T19:43:00
SHP-106743,ORD-106743,DC-06,PLANNED,Carrier-A,2026-09-04T20:55:00,2026-09-04T19:57:00
SHP-106744,ORD-106744,DC-08,LOADED,Carrier-D,2026-09-04T20:14:00,2026-09-04T19:46:00
SHP-106745,ORD-106745,DC-11,DELAYED,Carrier-C,2026-09-04T20:26:00,2026-09-04T19:48:00
SHP-106746,ORD-106746,DC-02,PLANNED,Carrier-D,2026-09-04T20:24:00,2026-09-04T21:03:00
SHP-106747,ORD-106747,DC-09,PLANNED,Carrier-C,2026-09-04T22:39:00,2026-09-04T21:32:00
SHP-106748,ORD-106748,DC-16,DELAYED,Carrier-B,2026-09-04T20:08:00,2026-09-04T20:41:00
SHP-106749,ORD-106749,DC-02,DEPARTED,Carrier-A,2026-09-04T23:08:00,2026-09-04T21:40:00
SHP-106750,ORD-106750,DC-03,LOADED,Carrier-C,2026-09-04T22:38:00,2026-09-04T21:33:00
SHP-106751,ORD-106751,DC-05,DEPARTED,Carrier-A,2026-09-04T23:05:00,2026-09-04T21:39:00
SHP-106752,ORD-106752,DC-06,PLANNED,Carrier-C,2026-09-04T20:45:00,2026-09-04T21:27:00
SHP-106753,ORD-106753,DC-17,BOOKED,Carrier-D,2026-09-04T21:44:00,2026-09-04T22:02:00
SHP-106754,ORD-106754,DC-16,DELAYED,Carrier-D,2026-09-04T22:18:00,2026-09-04T21:00:00
SHP-106755,ORD-106755,DC-10,AT_DOCK,Carrier-D,2026-09-04T22:02:00,2026-09-04T21:49:00
SHP-106756,ORD-106756,DC-14,BOOKED,Carrier-A,2026-09-04T22:23:00,2026-09-04T22:57:00
SHP-106757,ORD-106757,DC-18,BOOKED,Carrier-D,2026-09-04T22:44:00,2026-09-04T22:27:00
SHP-106758,ORD-106758,DC-06,BOOKED,Carrier-A,2026-09-04T21:36:00,2026-09-04T21:45:00
SHP-106759,ORD-106759,DC-02,LOADED,Carrier-A,2026-09-04T22:41:00,2026-09-04T21:52:00
SHP-106760,ORD-106760,DC-05,BOOKED,Carrier-A,2026-09-04T22:53:00,2026-09-04T22:44:00
SHP-106761,ORD-106761,DC-05,BOOKED,Carrier-D,2026-09-04T23:42:00,2026-09-04T23:07:00
SHP-106762,ORD-106762,DC-07,AT_DOCK,Carrier-C,2026-09-04T22:45:00,2026-09-04T22:10:00
SHP-106763,ORD-106763,DC-07,AT_DOCK,Carrier-B,2026-09-04T21:49:00,2026-09-04T22:33:00
SHP-106764,ORD-106764,DC-05,AT_DOCK,Carrier-C,2026-09-04T22:57:00,2026-09-04T22:12:00
SHP-106765,ORD-106765,DC-01,DEPARTED,Carrier-B,2026-09-04T23:26:00,2026-09-04T22:36:00
SHP-106766,ORD-106766,DC-12,BOOKED,Carrier-B,2026-09-05T00:05:00,2026-09-04T23:09:00
SHP-106767,ORD-106767,DC-02,PLANNED,Carrier-B,2026-09-05T01:41:00,2026-09-05T00:13:00
SHP-106768,ORD-106768,DC-13,AT_DOCK,Carrier-D,2026-09-05T00:45:00,2026-09-04T23:15:00
SHP-106769,ORD-106769,DC-08,PLANNED,Carrier-B,2026-09-04T23:42:00,2026-09-04T23:50:00
SHP-106770,ORD-106770,DC-17,DEPARTED,Carrier-A,2026-09-04T23:57:00,2026-09-05T00:14:00
SHP-106771,ORD-106771,DC-16,DELAYED,Carrier-C,2026-09-05T00:05:00,2026-09-04T23:40:00
SHP-106772,ORD-106772,DC-08,LOADED,Carrier-C,2026-09-05T00:31:00,2026-09-05T00:36:00
SHP-106773,ORD-106773,DC-15,AT_DOCK,Carrier-A,2026-09-05T00:46:00,2026-09-05T00:25:00
SHP-106774,ORD-106774,DC-07,PLANNED,Carrier-C,2026-09-05T00:10:00,2026-09-04T23:42:00
SHP-106775,ORD-106775,DC-14,AT_DOCK,Carrier-A,2026-09-05T01:23:00,2026-09-05T00:52:00
SHP-106776,ORD-106776,DC-05,AT_DOCK,Carrier-A,2026-09-05T00:37:00,2026-09-05T01:04:00
SHP-106777,ORD-106777,DC-04,AT_DOCK,Carrier-A,2026-09-04T23:35:00,2026-09-04T23:52:00
SHP-106778,ORD-106778,DC-14,DEPARTED,Carrier-C,2026-09-05T02:43:00,2026-09-05T01:37:00
SHP-106779,ORD-106779,DC-02,AT_DOCK,Carrier-B,2026-09-05T01:21:00,2026-09-05T00:48:00
SHP-106780,ORD-106780,DC-10,AT_DOCK,Carrier-C,2026-09-05T02:42:00,2026-09-05T01:15:00
SHP-106781,ORD-106781,DC-17,DELAYED,Carrier-A,2026-09-05T02:19:00,2026-09-05T01:01:00
SHP-106782,ORD-106782,DC-11,DELAYED,Carrier-D,2026-09-05T02:02:00,2026-09-05T01:34:00
SHP-106783,ORD-106783,DC-11,DELAYED,Carrier-B,2026-09-05T02:29:00,2026-09-05T01:51:00
SHP-106784,ORD-106784,DC-17,DELAYED,Carrier-A,2026-09-04T23:52:00,2026-09-05T00:33:00
SHP-106785,ORD-106785,DC-04,DEPARTED,Carrier-B,2026-09-05T00:21:00,2026-09-05T00:45:00
SHP-106786,ORD-106786,DC-08,DEPARTED,Carrier-A,2026-09-05T01:31:00,2026-09-05T01:23:00
SHP-106787,ORD-106787,DC-12,DEPARTED,Carrier-A,2026-09-05T02:45:00,2026-09-05T02:32:00
SHP-106788,ORD-106788,DC-18,LOADED,Carrier-D,2026-09-05T01:32:00,2026-09-05T01:47:00
SHP-106789,ORD-106789,DC-08,DEPARTED,Carrier-B,2026-09-05T01:53:00,2026-09-05T02:26:00
SHP-106790,ORD-106790,DC-06,LOADED,Carrier-A,2026-09-05T02:27:00,2026-09-05T02:22:00
SHP-106791,ORD-106791,DC-18,LOADED,Carrier-A,2026-09-05T02:54:00,2026-09-05T01:49:00
SHP-106792,ORD-106792,DC-17,PLANNED,Carrier-A,2026-09-05T01:26:00,2026-09-05T01:35:00
SHP-106793,ORD-106793,DC-03,DEPARTED,Carrier-A,2026-09-05T00:26:00,2026-09-05T01:03:00
SHP-106794,ORD-106794,DC-17,BOOKED,Carrier-A,2026-09-05T02:55:00,2026-09-05T02:06:00
SHP-106795,ORD-106795,DC-14,PLANNED,Carrier-D,2026-09-05T03:40:00,2026-09-05T02:36:00
SHP-106796,ORD-106796,DC-05,PLANNED,Carrier-B,2026-09-05T03:42:00,2026-09-05T02:12:00
SHP-106797,ORD-106797,DC-02,BOOKED,Carrier-D,2026-09-05T03:32:00,2026-09-05T02:15:00
SHP-106798,ORD-106798,DC-17,BOOKED,Carrier-C,2026-09-05T01:17:00,2026-09-05T01:36:00
SHP-106799,ORD-106799,DC-16,DEPARTED,Carrier-B,2026-09-05T02:50:00,2026-09-05T02:04:00
SHP-106800,ORD-106800,DC-11,AT_DOCK,Carrier-A,2026-09-05T02:46:00,2026-09-05T02:55:00
SHP-106801,ORD-106801,DC-10,LOADED,Carrier-A,2026-09-05T03:05:00,2026-09-05T02:34:00
SHP-106802,ORD-106802,DC-16,DEPARTED,Carrier-C,2026-09-05T03:26:00,2026-09-05T02:24:00
SHP-106803,ORD-106803,DC-13,AT_DOCK,Carrier-A,2026-09-05T03:35:00,2026-09-05T02:22:00
SHP-106804,ORD-106804,DC-14,LOADED,Carrier-A,2026-09-05T02:13:00,2026-09-05T02:56:00
SHP-106805,ORD-106805,DC-14,AT_DOCK,Carrier-A,2026-09-05T01:04:00,2026-09-05T01:43:00
SHP-106806,ORD-106806,DC-18,DELAYED,Carrier-B,2026-09-05T02:51:00,2026-09-05T02:13:00
SHP-106807,ORD-106807,DC-04,PLANNED,Carrier-B,2026-09-05T03:44:00,2026-09-05T03:30:00
SHP-106808,ORD-106808,DC-14,DEPARTED,Carrier-C,2026-09-05T02:21:00,2026-09-05T02:41:00
SHP-106809,ORD-106809,DC-17,BOOKED,Carrier-C,2026-09-05T02:56:00,2026-09-05T03:21:00
SHP-106810,ORD-106810,DC-17,PLANNED,Carrier-D,2026-09-05T03:40:00,2026-09-05T03:56:00
SHP-106811,ORD-106811,DC-01,PLANNED,Carrier-D,2026-09-05T03:59:00,2026-09-05T03:21:00
SHP-106812,ORD-106812,DC-10,DELAYED,Carrier-D,2026-09-05T04:56:00,2026-09-05T03:41:00
SHP-106813,ORD-106813,DC-10,PLANNED,Carrier-A,2026-09-05T04:45:00,2026-09-05T04:13:00
SHP-106814,ORD-106814,DC-01,DELAYED,Carrier-A,2026-09-05T04:28:00,2026-09-05T05:01:00
SHP-106815,ORD-106815,DC-11,AT_DOCK,Carrier-A,2026-09-05T03:26:00,2026-09-05T03:53:00
SHP-106816,ORD-106816,DC-07,AT_DOCK,Carrier-A,2026-09-05T05:12:00,2026-09-05T03:48:00
SHP-106817,ORD-106817,DC-13,BOOKED,Carrier-A,2026-09-05T04:12:00,2026-09-05T03:29:00
SHP-106818,ORD-106818,DC-12,DELAYED,Carrier-D,2026-09-05T04:43:00,2026-09-05T04:26:00
SHP-106819,ORD-106819,DC-08,BOOKED,Carrier-C,2026-09-05T05:27:00,2026-09-05T05:12:00
SHP-106820,ORD-106820,DC-04,DEPARTED,Carrier-B,2026-09-05T05:30:00,2026-09-05T04:51:00
SHP-106821,ORD-106821,DC-11,LOADED,Carrier-C,2026-09-05T04:18:00,2026-09-05T04:49:00
SHP-106822,ORD-106822,DC-11,LOADED,Carrier-D,2026-09-05T05:00:00,2026-09-05T04:49:00
SHP-106823,ORD-106823,DC-02,BOOKED,Carrier-D,2026-09-05T05:47:00,2026-09-05T04:34:00
SHP-106824,ORD-106824,DC-02,AT_DOCK,Carrier-D,2026-09-05T06:21:00,2026-09-05T05:07:00
SHP-106825,ORD-106825,DC-13,BOOKED,Carrier-A,2026-09-05T07:11:00,2026-09-05T06:10:00
SHP-106826,ORD-106826,DC-18,BOOKED,Carrier-A,2026-09-05T05:45:00,2026-09-05T05:06:00
SHP-106827,ORD-106827,DC-13,BOOKED,Carrier-C,2026-09-05T04:50:00,2026-09-05T05:11:00
SHP-106828,ORD-106828,DC-13,AT_DOCK,Carrier-C,2026-09-05T04:08:00,2026-09-05T04:31:00
SHP-106829,ORD-106829,DC-09,BOOKED,Carrier-A,2026-09-05T07:15:00,2026-09-05T05:46:00
SHP-106830,ORD-106830,DC-03,DEPARTED,Carrier-A,2026-09-05T06:22:00,2026-09-05T05:00:00
SHP-106831,ORD-106831,DC-12,PLANNED,Carrier-D,2026-09-05T06:07:00,2026-09-05T06:33:00
SHP-106832,ORD-106832,DC-16,DEPARTED,Carrier-A,2026-09-05T06:32:00,2026-09-05T05:53:00
SHP-106833,ORD-106833,DC-11,BOOKED,Carrier-D,2026-09-05T06:33:00,2026-09-05T06:00:00
SHP-106834,ORD-106834,DC-12,AT_DOCK,Carrier-A,2026-09-05T05:01:00,2026-09-05T05:33:00
SHP-106835,ORD-106835,DC-12,BOOKED,Carrier-D,2026-09-05T06:19:00,2026-09-05T06:35:00
SHP-106836,ORD-106836,DC-07,PLANNED,Carrier-D,2026-09-05T06:16:00,2026-09-05T06:02:00
SHP-106837,ORD-106837,DC-03,AT_DOCK,Carrier-D,2026-09-05T07:06:00,2026-09-05T05:38:00
SHP-106838,ORD-106838,DC-15,AT_DOCK,Carrier-A,2026-09-05T05:07:00,2026-09-05T05:33:00
SHP-106839,ORD-106839,DC-07,LOADED,Carrier-D,2026-09-05T06:52:00,2026-09-05T05:23:00
SHP-106840,ORD-106840,DC-02,DEPARTED,Carrier-C,2026-09-05T06:26:00,2026-09-05T05:59:00
SHP-106841,ORD-106841,DC-12,DELAYED,Carrier-D,2026-09-05T07:31:00,2026-09-05T06:41:00
SHP-106842,ORD-106842,DC-07,LOADED,Carrier-C,2026-09-05T07:55:00,2026-09-05T07:39:00
SHP-106843,ORD-106843,DC-16,PLANNED,Carrier-C,2026-09-05T06:16:00,2026-09-05T06:43:00
SHP-106844,ORD-106844,DC-16,BOOKED,Carrier-C,2026-09-05T07:38:00,2026-09-05T07:21:00
SHP-106845,ORD-106845,DC-12,AT_DOCK,Carrier-C,2026-09-05T06:30:00,2026-09-05T07:02:00
SHP-106846,ORD-106846,DC-13,AT_DOCK,Carrier-B,2026-09-05T07:20:00,2026-09-05T07:53:00
SHP-106847,ORD-106847,DC-14,AT_DOCK,Carrier-C,2026-09-05T06:26:00,2026-09-05T06:10:00
SHP-106848,ORD-106848,DC-14,DELAYED,Carrier-A,2026-09-05T07:18:00,2026-09-05T06:13:00
SHP-106849,ORD-106849,DC-15,AT_DOCK,Carrier-D,2026-09-05T07:59:00,2026-09-05T07:30:00
SHP-106850,ORD-106850,DC-16,BOOKED,Carrier-C,2026-09-05T07:08:00,2026-09-05T07:02:00
SHP-106851,ORD-106851,DC-13,DEPARTED,Carrier-C,2026-09-05T08:30:00,2026-09-05T08:00:00
SHP-106852,ORD-106852,DC-12,BOOKED,Carrier-C,2026-09-05T08:09:00,2026-09-05T07:14:00
SHP-106853,ORD-106853,DC-12,AT_DOCK,Carrier-C,2026-09-05T09:46:00,2026-09-05T08:33:00
SHP-106854,ORD-106854,DC-01,BOOKED,Carrier-C,2026-09-05T08:49:00,2026-09-05T07:43:00
SHP-106855,ORD-106855,DC-10,DEPARTED,Carrier-B,2026-09-05T10:14:00,2026-09-05T08:58:00
SHP-106856,ORD-106856,DC-17,LOADED,Carrier-B,2026-09-05T09:36:00,2026-09-05T08:19:00
SHP-106857,ORD-106857,DC-15,LOADED,Carrier-B,2026-09-05T09:36:00,2026-09-05T08:53:00
SHP-106858,ORD-106858,DC-05,BOOKED,Carrier-C,2026-09-05T10:19:00,2026-09-05T08:51:00
SHP-106859,ORD-106859,DC-12,BOOKED,Carrier-C,2026-09-05T07:47:00,2026-09-05T07:32:00
SHP-106860,ORD-106860,DC-15,AT_DOCK,Carrier-C,2026-09-05T09:04:00,2026-09-05T09:22:00
SHP-106861,ORD-106861,DC-16,DEPARTED,Carrier-B,2026-09-05T07:21:00,2026-09-05T07:57:00
SHP-106862,ORD-106862,DC-12,BOOKED,Carrier-D,2026-09-05T11:05:00,2026-09-05T09:41:00
SHP-106863,ORD-106863,DC-02,PLANNED,Carrier-A,2026-09-05T09:13:00,2026-09-05T09:22:00
SHP-106864,ORD-106864,DC-16,LOADED,Carrier-C,2026-09-05T07:47:00,2026-09-05T08:27:00
SHP-106865,ORD-106865,DC-06,DEPARTED,Carrier-B,2026-09-05T08:45:00,2026-09-05T08:22:00
SHP-106866,ORD-106866,DC-17,LOADED,Carrier-D,2026-09-05T08:58:00,2026-09-05T08:50:00
SHP-106867,ORD-106867,DC-03,BOOKED,Carrier-A,2026-09-05T07:32:00,2026-09-05T08:05:00
SHP-106868,ORD-106868,DC-07,BOOKED,Carrier-C,2026-09-05T09:48:00,2026-09-05T09:41:00
SHP-106869,ORD-106869,DC-06,DELAYED,Carrier-C,2026-09-05T11:06:00,2026-09-05T09:41:00
SHP-106870,ORD-106870,DC-02,PLANNED,Carrier-C,2026-09-05T09:47:00,2026-09-05T10:09:00
SHP-106871,ORD-106871,DC-11,LOADED,Carrier-B,2026-09-05T09:08:00,2026-09-05T08:54:00
SHP-106872,ORD-106872,DC-16,BOOKED,Carrier-D,2026-09-05T09:53:00,2026-09-05T09:43:00
SHP-106873,ORD-106873,DC-15,AT_DOCK,Carrier-D,2026-09-05T09:34:00,2026-09-05T08:59:00
SHP-106874,ORD-106874,DC-17,DEPARTED,Carrier-A,2026-09-05T11:13:00,2026-09-05T10:38:00
SHP-106875,ORD-106875,DC-08,LOADED,Carrier-C,2026-09-05T10:38:00,2026-09-05T09:46:00
SHP-106876,ORD-106876,DC-14,DEPARTED,Carrier-A,2026-09-05T10:16:00,2026-09-05T10:41:00
SHP-106877,ORD-106877,DC-13,DEPARTED,Carrier-B,2026-09-05T12:06:00,2026-09-05T10:46:00
SHP-106878,ORD-106878,DC-13,DEPARTED,Carrier-D,2026-09-05T10:40:00,2026-09-05T10:10:00
SHP-106879,ORD-106879,DC-01,LOADED,Carrier-B,2026-09-05T10:31:00,2026-09-05T10:25:00
SHP-106880,ORD-106880,DC-05,BOOKED,Carrier-C,2026-09-05T11:42:00,2026-09-05T11:34:00
SHP-106881,ORD-106881,DC-01,LOADED,Carrier-A,2026-09-05T10:09:00,2026-09-05T10:46:00
SHP-106882,ORD-106882,DC-13,PLANNED,Carrier-C,2026-09-05T12:13:00,2026-09-05T11:39:00
SHP-106883,ORD-106883,DC-17,DEPARTED,Carrier-A,2026-09-05T11:30:00,2026-09-05T10:31:00
SHP-106884,ORD-106884,DC-14,BOOKED,Carrier-A,2026-09-05T12:43:00,2026-09-05T12:11:00
SHP-106885,ORD-106885,DC-12,DEPARTED,Carrier-D,2026-09-05T12:11:00,2026-09-05T11:06:00
SHP-106886,ORD-106886,DC-12,LOADED,Carrier-A,2026-09-05T13:54:00,2026-09-05T12:33:00
SHP-106887,ORD-106887,DC-13,BOOKED,Carrier-C,2026-09-05T13:45:00,2026-09-05T12:46:00
SHP-106888,ORD-106888,DC-17,AT_DOCK,Carrier-B,2026-09-05T12:37:00,2026-09-05T11:57:00
SHP-106889,ORD-106889,DC-07,PLANNED,Carrier-A,2026-09-05T13:34:00,2026-09-05T12:16:00
SHP-106890,ORD-106890,DC-11,PLANNED,Carrier-A,2026-09-05T11:49:00,2026-09-05T12:23:00
SHP-106891,ORD-106891,DC-14,DEPARTED,Carrier-B,2026-09-05T13:25:00,2026-09-05T13:16:00
SHP-106892,ORD-106892,DC-08,PLANNED,Carrier-C,2026-09-05T12:59:00,2026-09-05T12:26:00
SHP-106893,ORD-106893,DC-12,AT_DOCK,Carrier-D,2026-09-05T12:56:00,2026-09-05T13:29:00
SHP-106894,ORD-106894,DC-03,PLANNED,Carrier-B,2026-09-05T11:24:00,2026-09-05T11:54:00
SHP-106895,ORD-106895,DC-11,AT_DOCK,Carrier-C,2026-09-05T13:26:00,2026-09-05T12:23:00
SHP-106896,ORD-106896,DC-08,DEPARTED,Carrier-B,2026-09-05T12:00:00,2026-09-05T12:29:00
SHP-106897,ORD-106897,DC-18,DEPARTED,Carrier-A,2026-09-05T11:37:00,2026-09-05T12:08:00
SHP-106898,ORD-106898,DC-10,LOADED,Carrier-B,2026-09-05T13:33:00,2026-09-05T13:15:00
SHP-106899,ORD-106899,DC-17,DELAYED,Carrier-B,2026-09-05T14:25:00,2026-09-05T14:11:00
SHP-106900,ORD-106900,DC-14,LOADED,Carrier-B,2026-09-05T14:11:00,2026-09-05T13:19:00
SHP-106901,ORD-106901,DC-13,PLANNED,Carrier-B,2026-09-05T13:59:00,2026-09-05T12:51:00
SHP-106902,ORD-106902,DC-13,LOADED,Carrier-C,2026-09-05T13:29:00,2026-09-05T13:22:00
SHP-106903,ORD-106903,DC-10,BOOKED,Carrier-A,2026-09-05T14:14:00,2026-09-05T12:58:00
SHP-106904,ORD-106904,DC-09,DEPARTED,Carrier-C,2026-09-05T13:46:00,2026-09-05T14:19:00
SHP-106905,ORD-106905,DC-05,AT_DOCK,Carrier-B,2026-09-05T15:28:00,2026-09-05T14:03:00
SHP-106906,ORD-106906,DC-10,DELAYED,Carrier-B,2026-09-05T15:46:00,2026-09-05T14:34:00
SHP-106907,ORD-106907,DC-13,BOOKED,Carrier-A,2026-09-05T15:12:00,2026-09-05T14:47:00
SHP-106908,ORD-106908,DC-18,LOADED,Carrier-D,2026-09-05T12:47:00,2026-09-05T13:11:00
SHP-106909,ORD-106909,DC-08,DEPARTED,Carrier-C,2026-09-05T13:59:00,2026-09-05T14:12:00
SHP-106910,ORD-106910,DC-11,AT_DOCK,Carrier-B,2026-09-05T14:35:00,2026-09-05T14:11:00
SHP-106911,ORD-106911,DC-14,AT_DOCK,Carrier-A,2026-09-05T16:28:00,2026-09-05T15:26:00
SHP-106912,ORD-106912,DC-02,BOOKED,Carrier-B,2026-09-05T15:11:00,2026-09-05T14:25:00
SHP-106913,ORD-106913,DC-13,DELAYED,Carrier-A,2026-09-05T14:18:00,2026-09-05T14:46:00
SHP-106914,ORD-106914,DC-13,PLANNED,Carrier-C,2026-09-05T15:23:00,2026-09-05T14:56:00
SHP-106915,ORD-106915,DC-05,PLANNED,Carrier-C,2026-09-05T15:16:00,2026-09-05T15:00:00
SHP-106916,ORD-106916,DC-07,DELAYED,Carrier-A,2026-09-05T15:53:00,2026-09-05T15:40:00
SHP-106917,ORD-106917,DC-03,DELAYED,Carrier-C,2026-09-05T15:05:00,2026-09-05T15:42:00
SHP-106918,ORD-106918,DC-12,AT_DOCK,Carrier-C,2026-09-05T15:48:00,2026-09-05T15:15:00
SHP-106919,ORD-106919,DC-15,AT_DOCK,Carrier-D,2026-09-05T15:52:00,2026-09-05T16:06:00
SHP-106920,ORD-106920,DC-03,BOOKED,Carrier-B,2026-09-05T15:44:00,2026-09-05T15:20:00
SHP-106921,ORD-106921,DC-12,DEPARTED,Carrier-D,2026-09-05T17:27:00,2026-09-05T16:18:00
SHP-106922,ORD-106922,DC-10,AT_DOCK,Carrier-B,2026-09-05T16:58:00,2026-09-05T16:51:00
SHP-106923,ORD-106923,DC-13,AT_DOCK,Carrier-D,2026-09-05T16:05:00,2026-09-05T15:53:00
SHP-106924,ORD-106924,DC-06,DELAYED,Carrier-D,2026-09-05T16:22:00,2026-09-05T16:47:00
SHP-106925,ORD-106925,DC-15,LOADED,Carrier-D,2026-09-05T16:28:00,2026-09-05T16:34:00
SHP-106926,ORD-106926,DC-10,DEPARTED,Carrier-A,2026-09-05T16:10:00,2026-09-05T16:17:00
SHP-106927,ORD-106927,DC-03,DELAYED,Carrier-C,2026-09-05T15:32:00,2026-09-05T15:51:00
SHP-106928,ORD-106928,DC-09,DELAYED,Carrier-D,2026-09-05T16:34:00,2026-09-05T17:10:00
SHP-106929,ORD-106929,DC-04,AT_DOCK,Carrier-D,2026-09-05T17:31:00,2026-09-05T17:05:00
SHP-106930,ORD-106930,DC-09,PLANNED,Carrier-C,2026-09-05T15:56:00,2026-09-05T16:36:00
SHP-106931,ORD-106931,DC-17,LOADED,Carrier-D,2026-09-05T16:52:00,2026-09-05T17:31:00
SHP-106932,ORD-106932,DC-16,PLANNED,Carrier-B,2026-09-05T18:41:00,2026-09-05T17:24:00
SHP-106933,ORD-106933,DC-14,DELAYED,Carrier-C,2026-09-05T15:47:00,2026-09-05T16:15:00
SHP-106934,ORD-106934,DC-07,PLANNED,Carrier-C,2026-09-05T18:39:00,2026-09-05T17:32:00
SHP-106935,ORD-106935,DC-12,DEPARTED,Carrier-A,2026-09-05T19:36:00,2026-09-05T18:31:00
SHP-106936,ORD-106936,DC-11,LOADED,Carrier-D,2026-09-05T18:43:00,2026-09-05T17:47:00
SHP-106937,ORD-106937,DC-17,DEPARTED,Carrier-C,2026-09-05T18:27:00,2026-09-05T17:50:00
SHP-106938,ORD-106938,DC-01,DEPARTED,Carrier-D,2026-09-05T18:46:00,2026-09-05T18:20:00
SHP-106939,ORD-106939,DC-11,LOADED,Carrier-D,2026-09-05T17:39:00,2026-09-05T18:08:00
SHP-106940,ORD-106940,DC-17,LOADED,Carrier-A,2026-09-05T19:31:00,2026-09-05T19:16:00
SHP-106941,ORD-106941,DC-18,BOOKED,Carrier-A,2026-09-05T20:28:00,2026-09-05T19:26:00
SHP-106942,ORD-106942,DC-08,BOOKED,Carrier-B,2026-09-05T21:17:00,2026-09-05T20:23:00
SHP-106943,ORD-106943,DC-09,DEPARTED,Carrier-C,2026-09-05T21:28:00,2026-09-05T20:14:00
SHP-106944,ORD-106944,DC-10,DEPARTED,Carrier-C,2026-09-05T19:18:00,2026-09-05T18:57:00
SHP-106945,ORD-106945,DC-06,BOOKED,Carrier-C,2026-09-05T21:27:00,2026-09-05T20:37:00
SHP-106946,ORD-106946,DC-01,DEPARTED,Carrier-A,2026-09-05T21:37:00,2026-09-05T20:49:00
SHP-106947,ORD-106947,DC-07,BOOKED,Carrier-A,2026-09-05T21:55:00,2026-09-05T20:54:00
SHP-106948,ORD-106948,DC-13,AT_DOCK,Carrier-C,2026-09-05T20:15:00,2026-09-05T20:35:00
SHP-106949,ORD-106949,DC-08,PLANNED,Carrier-D,2026-09-05T21:21:00,2026-09-05T20:38:00
SHP-106950,ORD-106950,DC-10,LOADED,Carrier-D,2026-09-05T21:35:00,2026-09-05T20:33:00
SHP-106951,ORD-106951,DC-01,DELAYED,Carrier-C,2026-09-05T19:52:00,2026-09-05T20:34:00
SHP-106952,ORD-106952,DC-11,DEPARTED,Carrier-B,2026-09-05T20:37:00,2026-09-05T20:46:00
SHP-106953,ORD-106953,DC-14,DELAYED,Carrier-A,2026-09-05T20:52:00,2026-09-05T20:01:00
SHP-106954,ORD-106954,DC-10,LOADED,Carrier-C,2026-09-05T21:39:00,2026-09-05T20:59:00
SHP-106955,ORD-106955,DC-18,LOADED,Carrier-C,2026-09-05T21:10:00,2026-09-05T21:22:00
SHP-106956,ORD-106956,DC-03,BOOKED,Carrier-A,2026-09-05T21:10:00,2026-09-05T21:47:00
SHP-106957,ORD-106957,DC-06,PLANNED,Carrier-C,2026-09-05T20:59:00,2026-09-05T21:13:00
SHP-106958,ORD-106958,DC-09,BOOKED,Carrier-D,2026-09-05T21:39:00,2026-09-05T20:39:00
SHP-106959,ORD-106959,DC-04,DELAYED,Carrier-B,2026-09-05T22:02:00,2026-09-05T20:47:00
SHP-106960,ORD-106960,DC-02,AT_DOCK,Carrier-C,2026-09-05T22:14:00,2026-09-05T21:24:00
SHP-106961,ORD-106961,DC-06,AT_DOCK,Carrier-C,2026-09-05T20:51:00,2026-09-05T20:56:00
SHP-106962,ORD-106962,DC-03,LOADED,Carrier-D,2026-09-05T23:17:00,2026-09-05T22:37:00
SHP-106963,ORD-106963,DC-02,AT_DOCK,Carrier-A,2026-09-05T23:47:00,2026-09-05T22:35:00
SHP-106964,ORD-106964,DC-09,DELAYED,Carrier-A,2026-09-05T23:38:00,2026-09-05T22:34:00
SHP-106965,ORD-106965,DC-05,AT_DOCK,Carrier-B,2026-09-05T21:31:00,2026-09-05T21:50:00
SHP-106966,ORD-106966,DC-07,LOADED,Carrier-A,2026-09-05T23:49:00,2026-09-05T23:20:00
SHP-106967,ORD-106967,DC-18,DEPARTED,Carrier-D,2026-09-06T00:27:00,2026-09-05T23:12:00
SHP-106968,ORD-106968,DC-03,PLANNED,Carrier-A,2026-09-05T23:32:00,2026-09-06T00:05:00
SHP-106969,ORD-106969,DC-09,PLANNED,Carrier-D,2026-09-06T00:36:00,2026-09-05T23:48:00
SHP-106970,ORD-106970,DC-14,BOOKED,Carrier-A,2026-09-06T00:19:00,2026-09-05T23:29:00
SHP-106971,ORD-106971,DC-13,LOADED,Carrier-C,2026-09-05T23:54:00,2026-09-05T23:37:00
SHP-106972,ORD-106972,DC-15,DEPARTED,Carrier-A,2026-09-06T00:20:00,2026-09-05T23:14:00
SHP-106973,ORD-106973,DC-10,LOADED,Carrier-D,2026-09-05T22:58:00,2026-09-05T22:35:00
SHP-106974,ORD-106974,DC-03,BOOKED,Carrier-C,2026-09-05T22:30:00,2026-09-05T23:06:00
SHP-106975,ORD-106975,DC-06,DEPARTED,Carrier-B,2026-09-06T00:38:00,2026-09-05T23:46:00
SHP-106976,ORD-106976,DC-14,DEPARTED,Carrier-A,2026-09-05T22:31:00,2026-09-05T23:15:00
SHP-106977,ORD-106977,DC-01,PLANNED,Carrier-A,2026-09-06T01:18:00,2026-09-05T23:55:00
SHP-106978,ORD-106978,DC-18,DEPARTED,Carrier-B,2026-09-06T00:06:00,2026-09-05T23:25:00
SHP-106979,ORD-106979,DC-01,DEPARTED,Carrier-D,2026-09-06T00:13:00,2026-09-06T00:30:00
SHP-106980,ORD-106980,DC-10,AT_DOCK,Carrier-C,2026-09-06T00:43:00,2026-09-05T23:18:00
SHP-106981,ORD-106981,DC-13,PLANNED,Carrier-D,2026-09-05T23:42:00,2026-09-05T22:55:00
SHP-106982,ORD-106982,DC-06,AT_DOCK,Carrier-D,2026-09-05T23:53:00,2026-09-05T22:59:00
SHP-106983,ORD-106983,DC-12,PLANNED,Carrier-D,2026-09-06T00:44:00,2026-09-05T23:54:00
SHP-106984,ORD-106984,DC-18,AT_DOCK,Carrier-B,2026-09-06T01:27:00,2026-09-06T00:10:00
SHP-106985,ORD-106985,DC-18,LOADED,Carrier-C,2026-09-06T00:25:00,2026-09-06T00:51:00
SHP-106986,ORD-106986,DC-17,DEPARTED,Carrier-A,2026-09-06T01:08:00,2026-09-05T23:57:00
SHP-106987,ORD-106987,DC-14,LOADED,Carrier-B,2026-09-05T23:25:00,2026-09-06T00:10:00
SHP-106988,ORD-106988,DC-14,DEPARTED,Carrier-A,2026-09-06T01:15:00,2026-09-06T00:51:00
SHP-106989,ORD-106989,DC-07,AT_DOCK,Carrier-D,2026-09-06T00:38:00,2026-09-06T00:04:00
SHP-106990,ORD-106990,DC-10,PLANNED,Carrier-C,2026-09-06T00:47:00,2026-09-06T00:07:00
SHP-106991,ORD-106991,DC-12,DEPARTED,Carrier-D,2026-09-06T01:39:00,2026-09-06T00:19:00
SHP-106992,ORD-106992,DC-13,BOOKED,Carrier-C,2026-09-06T02:12:00,2026-09-06T01:00:00
SHP-106993,ORD-106993,DC-13,DELAYED,Carrier-B,2026-09-06T01:57:00,2026-09-06T02:22:00
SHP-106994,ORD-106994,DC-16,LOADED,Carrier-C,2026-09-06T03:01:00,2026-09-06T01:59:00
SHP-106995,ORD-106995,DC-12,DEPARTED,Carrier-B,2026-09-06T02:30:00,2026-09-06T01:58:00
SHP-106996,ORD-106996,DC-06,LOADED,Carrier-A,2026-09-06T01:14:00,2026-09-06T01:56:00
SHP-106997,ORD-106997,DC-09,DELAYED,Carrier-A,2026-09-06T02:51:00,2026-09-06T01:41:00
SHP-106998,ORD-106998,DC-12,BOOKED,Carrier-D,2026-09-06T02:00:00,2026-09-06T01:13:00
SHP-106999,ORD-106999,DC-17,DELAYED,Carrier-A,2026-09-06T02:49:00,2026-09-06T02:40:00
SHP-107000,ORD-107000,DC-15,AT_DOCK,Carrier-D,2026-09-06T01:53:00,2026-09-06T01:36:00
