order_id,sku,order_quantity,warehouse_id,priority,created_at,carrier_cutoff,oms_status,wms_status,customer_region,service_level
ORD-100001,SKU-00071,1,DC-03,STANDARD,2026-08-01T06:02:00,2026-08-01T12:02:00,RELEASED,RELEASED,MEA,SAME_DAY
ORD-100002,SKU-00365,1,DC-12,STANDARD,2026-08-01T06:05:00,2026-08-01T12:05:00,SHIPPED,HOLD,LATAM,NEXT_DAY
ORD-100003,SKU-00588,1,DC-04,STANDARD,2026-08-01T06:06:00,2026-08-02T06:06:00,STAGED,STAGED,MEA,SAME_DAY
ORD-100004,SKU-00472,1,DC-15,STANDARD,2026-08-01T06:09:00,2026-08-01T10:09:00,ALLOCATED,ALLOCATED,EU,SAME_DAY
ORD-100005,SKU-01041,1,DC-07,EXPEDITE,2026-08-01T06:12:00,2026-08-01T12:12:00,ALLOCATED,HOLD,APAC,STANDARD
ORD-100006,SKU-01192,1,DC-07,STANDARD,2026-08-01T06:12:00,2026-08-01T10:12:00,EXCEPTION,EXCEPTION,LATAM,STANDARD
ORD-100007,SKU-00685,1,DC-10,STANDARD,2026-08-01T06:15:00,2026-08-01T12:15:00,ALLOCATED,HOLD,APAC,STANDARD
ORD-100008,SKU-00123,1,DC-08,CRITICAL,2026-08-01T06:26:00,2026-08-01T14:26:00,SHIPPED,SHIPPED,APAC,SAME_DAY
ORD-100009,SKU-00594,1,DC-15,STANDARD,2026-08-01T06:50:00,2026-08-01T18:50:00,ALLOCATED,ALLOCATED,EU,SAME_DAY
ORD-100010,SKU-00270,1,DC-04,STANDARD,2026-08-01T06:55:00,2026-08-01T18:55:00,ALLOCATED,ALLOCATED,EU,NEXT_DAY
ORD-100011,SKU-00581,1,DC-10,STANDARD,2026-08-01T07:03:00,2026-08-02T07:03:00,RELEASED,RELEASED,LATAM,SAME_DAY
ORD-100012,SKU-00590,1,DC-02,STANDARD,2026-08-01T07:13:00,2026-08-01T19:13:00,SHIPPED,HOLD,EU,SAME_DAY
ORD-100013,SKU-00556,1,DC-18,STANDARD,2026-08-01T07:14:00,2026-08-02T07:14:00,RELEASED,RELEASED,LATAM,NEXT_DAY
ORD-100014,SKU-00808,1,DC-13,STANDARD,2026-08-01T07:24:00,2026-08-01T13:24:00,ALLOCATED,ALLOCATED,LATAM,SAME_DAY
ORD-100015,SKU-00650,1,DC-07,STANDARD,2026-08-01T07:27:00,2026-08-01T19:27:00,PICKING,PICKING,LATAM,NEXT_DAY
ORD-100016,SKU-01113,1,DC-13,STANDARD,2026-08-01T07:46:00,2026-08-01T15:46:00,SHIPPED,SHIPPED,LATAM,NEXT_DAY
ORD-100017,SKU-00389,1,DC-17,STANDARD,2026-08-01T08:07:00,2026-08-01T14:07:00,SHIPPED,SHIPPED,EU,SAME_DAY
ORD-100018,SKU-00117,1,DC-11,EXPEDITE,2026-08-01T08:16:00,2026-08-02T08:16:00,ALLOCATED,ALLOCATED,APAC,STANDARD
ORD-100019,SKU-01066,1,DC-14,STANDARD,2026-08-01T08:19:00,2026-08-01T14:19:00,SHIPPED,SHIPPED,APAC,NEXT_DAY
ORD-100020,SKU-00158,1,DC-05,CRITICAL,2026-08-01T08:32:00,2026-08-02T08:32:00,RELEASED,RELEASED,EU,SAME_DAY
ORD-100021,SKU-00292,1,DC-15,STANDARD,2026-08-01T08:46:00,2026-08-01T14:46:00,RELEASED,RELEASED,MEA,NEXT_DAY
ORD-100022,SKU-00800,1,DC-07,STANDARD,2026-08-01T08:47:00,2026-08-01T16:47:00,STAGED,STAGED,LATAM,NEXT_DAY
ORD-100023,SKU-00945,1,DC-05,EXPEDITE,2026-08-01T08:49:00,2026-08-01T16:49:00,STAGED,STAGED,APAC,SAME_DAY
ORD-100024,SKU-00427,1,DC-03,STANDARD,2026-08-01T08:57:00,2026-08-01T12:57:00,EXCEPTION,HOLD,EU,SAME_DAY
ORD-100025,SKU-00930,1,DC-14,STANDARD,2026-08-01T09:04:00,2026-08-01T15:04:00,PACKING,PACKING,EU,NEXT_DAY
ORD-100026,SKU-00054,1,DC-01,STANDARD,2026-08-01T09:13:00,2026-08-01T13:13:00,EXCEPTION,EXCEPTION,MEA,NEXT_DAY
ORD-100027,SKU-00443,1,DC-13,STANDARD,2026-08-01T09:38:00,2026-08-01T13:38:00,PACKING,HOLD,EU,NEXT_DAY
ORD-100028,SKU-00746,1,DC-11,EXPEDITE,2026-08-01T09:43:00,2026-08-01T15:43:00,EXCEPTION,HOLD,EU,SAME_DAY
ORD-100029,SKU-01090,1,DC-15,CRITICAL,2026-08-01T09:48:00,2026-08-01T21:48:00,SHIPPED,HOLD,LATAM,NEXT_DAY
ORD-100030,SKU-00435,1,DC-10,STANDARD,2026-08-01T09:55:00,2026-08-01T15:55:00,PICKING,PICKING,APAC,NEXT_DAY
ORD-100031,SKU-00773,1,DC-15,STANDARD,2026-08-01T09:55:00,2026-08-02T09:55:00,STAGED,STAGED,LATAM,NEXT_DAY
ORD-100032,SKU-01015,1,DC-07,STANDARD,2026-08-01T10:33:00,2026-08-01T16:33:00,SHIPPED,EXCEPTION,MEA,STANDARD
ORD-100033,SKU-00476,1,DC-16,CRITICAL,2026-08-01T10:33:00,2026-08-01T18:33:00,RELEASED,HOLD,EU,SAME_DAY
ORD-100034,SKU-01150,1,DC-12,EXPEDITE,2026-08-01T10:44:00,2026-08-01T16:44:00,EXCEPTION,EXCEPTION,EU,STANDARD
ORD-100035,SKU-00362,1,DC-02,CRITICAL,2026-08-01T10:50:00,2026-08-01T14:50:00,ALLOCATED,HOLD,APAC,SAME_DAY
ORD-100036,SKU-00196,1,DC-18,STANDARD,2026-08-01T10:50:00,2026-08-01T14:50:00,STAGED,HOLD,EU,SAME_DAY
ORD-100037,SKU-00571,1,DC-17,EXPEDITE,2026-08-01T10:54:00,2026-08-02T10:54:00,SHIPPED,HOLD,LATAM,STANDARD
ORD-100038,SKU-00579,1,DC-16,STANDARD,2026-08-01T10:58:00,2026-08-02T10:58:00,ALLOCATED,HOLD,LATAM,SAME_DAY
ORD-100039,SKU-00431,1,DC-09,STANDARD,2026-08-01T11:06:00,2026-08-01T17:06:00,PICKING,EXCEPTION,LATAM,SAME_DAY
ORD-100040,SKU-00301,1,DC-14,CRITICAL,2026-08-01T11:07:00,2026-08-01T23:07:00,ALLOCATED,ALLOCATED,EU,NEXT_DAY
ORD-100041,SKU-00680,1,DC-16,STANDARD,2026-08-01T11:08:00,2026-08-01T15:08:00,PACKING,PACKING,EU,SAME_DAY
ORD-100042,SKU-00520,1,DC-11,CRITICAL,2026-08-01T11:10:00,2026-08-02T11:10:00,RELEASED,EXCEPTION,APAC,SAME_DAY
ORD-100043,SKU-00267,1,DC-10,STANDARD,2026-08-01T11:21:00,2026-08-01T17:21:00,EXCEPTION,EXCEPTION,EU,NEXT_DAY
ORD-100044,SKU-00577,1,DC-12,EXPEDITE,2026-08-01T11:29:00,2026-08-01T23:29:00,RELEASED,HOLD,APAC,SAME_DAY
ORD-100045,SKU-01131,1,DC-05,STANDARD,2026-08-01T11:33:00,2026-08-02T11:33:00,EXCEPTION,EXCEPTION,APAC,NEXT_DAY
ORD-100046,SKU-01155,1,DC-09,STANDARD,2026-08-01T11:53:00,2026-08-01T17:53:00,PACKING,PACKING,APAC,SAME_DAY
ORD-100047,SKU-00109,1,DC-17,STANDARD,2026-08-01T11:57:00,2026-08-01T23:57:00,RELEASED,RELEASED,EU,NEXT_DAY
ORD-100048,SKU-00424,1,DC-11,STANDARD,2026-08-01T12:02:00,2026-08-02T12:02:00,SHIPPED,SHIPPED,LATAM,STANDARD
ORD-100049,SKU-00139,1,DC-06,STANDARD,2026-08-01T12:07:00,2026-08-01T16:07:00,STAGED,STAGED,LATAM,NEXT_DAY
ORD-100050,SKU-01083,1,DC-13,STANDARD,2026-08-01T12:11:00,2026-08-01T18:11:00,PACKING,HOLD,MEA,NEXT_DAY
ORD-100051,SKU-01008,1,DC-02,STANDARD,2026-08-01T12:15:00,2026-08-01T18:15:00,ALLOCATED,ALLOCATED,EU,NEXT_DAY
ORD-100052,SKU-00335,1,DC-01,STANDARD,2026-08-01T13:12:00,2026-08-01T19:12:00,STAGED,HOLD,EU,STANDARD
ORD-100053,SKU-01126,1,DC-12,STANDARD,2026-08-01T13:14:00,2026-08-02T13:14:00,STAGED,STAGED,MEA,NEXT_DAY
ORD-100054,SKU-00803,1,DC-08,STANDARD,2026-08-01T13:23:00,2026-08-02T13:23:00,PICKING,PICKING,EU,NEXT_DAY
ORD-100055,SKU-00844,1,DC-15,EXPEDITE,2026-08-01T13:39:00,2026-08-01T17:39:00,PACKING,EXCEPTION,APAC,SAME_DAY
ORD-100056,SKU-01070,1,DC-12,EXPEDITE,2026-08-01T13:43:00,2026-08-02T01:43:00,RELEASED,RELEASED,MEA,SAME_DAY
ORD-100057,SKU-00164,1,DC-16,STANDARD,2026-08-01T13:51:00,2026-08-01T21:51:00,SHIPPED,SHIPPED,EU,NEXT_DAY
ORD-100058,SKU-01084,1,DC-13,STANDARD,2026-08-01T13:53:00,2026-08-01T17:53:00,PICKING,PICKING,APAC,SAME_DAY
ORD-100059,SKU-00720,1,DC-10,EXPEDITE,2026-08-01T13:53:00,2026-08-01T19:53:00,PACKING,PACKING,MEA,SAME_DAY
ORD-100060,SKU-01165,1,DC-17,STANDARD,2026-08-01T14:06:00,2026-08-01T18:06:00,ALLOCATED,ALLOCATED,LATAM,SAME_DAY
ORD-100061,SKU-00418,1,DC-03,STANDARD,2026-08-01T14:15:00,2026-08-02T02:15:00,RELEASED,EXCEPTION,LATAM,SAME_DAY
ORD-100062,SKU-00741,1,DC-05,STANDARD,2026-08-01T14:17:00,2026-08-02T02:17:00,ALLOCATED,ALLOCATED,APAC,SAME_DAY
ORD-100063,SKU-00760,1,DC-18,STANDARD,2026-08-01T14:21:00,2026-08-02T14:21:00,EXCEPTION,EXCEPTION,LATAM,SAME_DAY
ORD-100064,SKU-00537,1,DC-17,STANDARD,2026-08-01T14:25:00,2026-08-01T22:25:00,PICKING,PICKING,APAC,SAME_DAY
ORD-100065,SKU-00177,1,DC-05,STANDARD,2026-08-01T14:27:00,2026-08-01T18:27:00,EXCEPTION,HOLD,APAC,NEXT_DAY
ORD-100066,SKU-00570,1,DC-06,STANDARD,2026-08-01T14:30:00,2026-08-01T20:30:00,SHIPPED,SHIPPED,MEA,NEXT_DAY
ORD-100067,SKU-00708,1,DC-07,STANDARD,2026-08-01T14:46:00,2026-08-01T18:46:00,STAGED,EXCEPTION,APAC,NEXT_DAY
ORD-100068,SKU-01016,1,DC-18,STANDARD,2026-08-01T15:08:00,2026-08-01T19:08:00,PACKING,EXCEPTION,EU,SAME_DAY
ORD-100069,SKU-00772,1,DC-16,STANDARD,2026-08-01T15:16:00,2026-08-01T23:16:00,ALLOCATED,HOLD,LATAM,NEXT_DAY
ORD-100070,SKU-00305,1,DC-02,STANDARD,2026-08-01T15:17:00,2026-08-01T21:17:00,RELEASED,RELEASED,APAC,SAME_DAY
ORD-100071,SKU-00777,1,DC-01,STANDARD,2026-08-01T15:19:00,2026-08-01T23:19:00,PACKING,PACKING,EU,SAME_DAY
ORD-100072,SKU-00239,1,DC-13,CRITICAL,2026-08-01T15:24:00,2026-08-01T23:24:00,PACKING,PACKING,LATAM,SAME_DAY
ORD-100073,SKU-00796,1,DC-10,STANDARD,2026-08-01T15:25:00,2026-08-01T19:25:00,SHIPPED,SHIPPED,LATAM,STANDARD
ORD-100074,SKU-00809,1,DC-18,STANDARD,2026-08-01T15:28:00,2026-08-01T21:28:00,STAGED,STAGED,APAC,SAME_DAY
ORD-100075,SKU-00869,1,DC-04,STANDARD,2026-08-01T15:29:00,2026-08-02T03:29:00,STAGED,STAGED,APAC,NEXT_DAY
ORD-100076,SKU-00614,1,DC-04,STANDARD,2026-08-01T15:32:00,2026-08-01T21:32:00,RELEASED,RELEASED,LATAM,NEXT_DAY
ORD-100077,SKU-01188,1,DC-01,STANDARD,2026-08-01T15:34:00,2026-08-02T03:34:00,PACKING,PACKING,MEA,STANDARD
ORD-100078,SKU-00388,1,DC-16,STANDARD,2026-08-01T15:36:00,2026-08-01T19:36:00,ALLOCATED,ALLOCATED,APAC,SAME_DAY
ORD-100079,SKU-00976,1,DC-03,EXPEDITE,2026-08-01T15:38:00,2026-08-01T21:38:00,SHIPPED,HOLD,MEA,SAME_DAY
ORD-100080,SKU-00441,1,DC-16,STANDARD,2026-08-01T15:41:00,2026-08-02T03:41:00,ALLOCATED,ALLOCATED,APAC,SAME_DAY
ORD-100081,SKU-00896,1,DC-08,EXPEDITE,2026-08-01T15:58:00,2026-08-02T15:58:00,PACKING,EXCEPTION,EU,NEXT_DAY
ORD-100082,SKU-00840,1,DC-15,STANDARD,2026-08-01T16:07:00,2026-08-02T00:07:00,EXCEPTION,EXCEPTION,MEA,SAME_DAY
ORD-100083,SKU-00208,1,DC-17,CRITICAL,2026-08-01T16:12:00,2026-08-01T20:12:00,RELEASED,RELEASED,MEA,NEXT_DAY
ORD-100084,SKU-00419,1,DC-16,EXPEDITE,2026-08-01T16:13:00,2026-08-01T22:13:00,ALLOCATED,HOLD,APAC,SAME_DAY
ORD-100085,SKU-01007,1,DC-17,CRITICAL,2026-08-01T16:19:00,2026-08-02T00:19:00,PICKING,PICKING,APAC,STANDARD
ORD-100086,SKU-00433,1,DC-17,STANDARD,2026-08-01T16:47:00,2026-08-02T04:47:00,PICKING,PICKING,EU,NEXT_DAY
ORD-100087,SKU-00208,1,DC-04,STANDARD,2026-08-01T17:01:00,2026-08-01T23:01:00,RELEASED,HOLD,MEA,SAME_DAY
ORD-100088,SKU-00371,1,DC-15,EXPEDITE,2026-08-01T17:23:00,2026-08-02T17:23:00,PACKING,EXCEPTION,APAC,NEXT_DAY
ORD-100089,SKU-00738,1,DC-08,EXPEDITE,2026-08-01T17:28:00,2026-08-02T01:28:00,STAGED,STAGED,LATAM,STANDARD
ORD-100090,SKU-01138,1,DC-14,CRITICAL,2026-08-01T17:29:00,2026-08-02T01:29:00,EXCEPTION,HOLD,EU,STANDARD
ORD-100091,SKU-00636,1,DC-16,STANDARD,2026-08-01T17:32:00,2026-08-02T05:32:00,ALLOCATED,ALLOCATED,MEA,NEXT_DAY
ORD-100092,SKU-00442,1,DC-04,EXPEDITE,2026-08-01T17:42:00,2026-08-02T05:42:00,EXCEPTION,EXCEPTION,APAC,SAME_DAY
ORD-100093,SKU-00591,1,DC-01,STANDARD,2026-08-01T17:47:00,2026-08-01T21:47:00,SHIPPED,SHIPPED,MEA,NEXT_DAY
ORD-100094,SKU-00189,1,DC-06,STANDARD,2026-08-01T17:50:00,2026-08-01T23:50:00,EXCEPTION,EXCEPTION,LATAM,SAME_DAY
ORD-100095,SKU-00018,1,DC-01,STANDARD,2026-08-01T18:14:00,2026-08-02T18:14:00,RELEASED,HOLD,MEA,STANDARD
ORD-100096,SKU-00686,1,DC-11,STANDARD,2026-08-01T18:14:00,2026-08-02T18:14:00,RELEASED,RELEASED,LATAM,NEXT_DAY
ORD-100097,SKU-00337,1,DC-11,CRITICAL,2026-08-01T18:18:00,2026-08-02T06:18:00,PICKING,PICKING,MEA,SAME_DAY
ORD-100098,SKU-00800,1,DC-14,STANDARD,2026-08-01T18:30:00,2026-08-01T22:30:00,EXCEPTION,EXCEPTION,MEA,STANDARD
ORD-100099,SKU-01099,1,DC-10,STANDARD,2026-08-01T18:36:00,2026-08-02T06:36:00,PACKING,HOLD,LATAM,STANDARD
ORD-100100,SKU-00633,1,DC-16,STANDARD,2026-08-01T18:55:00,2026-08-02T02:55:00,PACKING,PACKING,LATAM,STANDARD
ORD-100101,SKU-00170,1,DC-10,STANDARD,2026-08-01T18:58:00,2026-08-02T00:58:00,SHIPPED,HOLD,APAC,STANDARD
ORD-100102,SKU-00387,1,DC-15,STANDARD,2026-08-01T19:00:00,2026-08-02T03:00:00,SHIPPED,SHIPPED,APAC,SAME_DAY
ORD-100103,SKU-01177,1,DC-17,STANDARD,2026-08-01T19:06:00,2026-08-02T19:06:00,ALLOCATED,ALLOCATED,MEA,NEXT_DAY
ORD-100104,SKU-00317,1,DC-11,STANDARD,2026-08-01T19:16:00,2026-08-02T01:16:00,EXCEPTION,EXCEPTION,MEA,STANDARD
ORD-100105,SKU-00132,1,DC-12,EXPEDITE,2026-08-01T19:24:00,2026-08-01T23:24:00,ALLOCATED,ALLOCATED,MEA,NEXT_DAY
ORD-100106,SKU-00579,1,DC-05,CRITICAL,2026-08-01T19:43:00,2026-08-02T01:43:00,EXCEPTION,HOLD,MEA,NEXT_DAY
ORD-100107,SKU-00495,1,DC-03,STANDARD,2026-08-01T19:56:00,2026-08-01T23:56:00,PICKING,PICKING,MEA,SAME_DAY
ORD-100108,SKU-00203,1,DC-01,STANDARD,2026-08-01T20:09:00,2026-08-02T02:09:00,PACKING,PACKING,LATAM,NEXT_DAY
ORD-100109,SKU-00816,1,DC-13,STANDARD,2026-08-01T20:22:00,2026-08-02T00:22:00,EXCEPTION,EXCEPTION,EU,STANDARD
ORD-100110,SKU-00327,1,DC-16,EXPEDITE,2026-08-01T20:25:00,2026-08-02T04:25:00,STAGED,STAGED,EU,STANDARD
ORD-100111,SKU-00171,1,DC-05,STANDARD,2026-08-01T20:30:00,2026-08-02T20:30:00,ALLOCATED,HOLD,MEA,SAME_DAY
ORD-100112,SKU-00015,1,DC-07,STANDARD,2026-08-01T20:50:00,2026-08-02T20:50:00,STAGED,STAGED,APAC,NEXT_DAY
ORD-100113,SKU-00560,1,DC-12,STANDARD,2026-08-01T20:57:00,2026-08-02T00:57:00,EXCEPTION,HOLD,MEA,NEXT_DAY
ORD-100114,SKU-00510,1,DC-18,CRITICAL,2026-08-01T21:04:00,2026-08-02T05:04:00,EXCEPTION,HOLD,LATAM,NEXT_DAY
ORD-100115,SKU-00491,1,DC-15,STANDARD,2026-08-01T21:04:00,2026-08-02T05:04:00,PACKING,PACKING,EU,SAME_DAY
ORD-100116,SKU-00114,1,DC-08,STANDARD,2026-08-01T21:31:00,2026-08-02T21:31:00,PICKING,PICKING,LATAM,SAME_DAY
ORD-100117,SKU-00606,1,DC-18,CRITICAL,2026-08-01T21:38:00,2026-08-02T05:38:00,RELEASED,RELEASED,APAC,NEXT_DAY
ORD-100118,SKU-00828,1,DC-13,STANDARD,2026-08-01T21:50:00,2026-08-02T05:50:00,EXCEPTION,HOLD,APAC,STANDARD
ORD-100119,SKU-00498,1,DC-08,EXPEDITE,2026-08-01T21:57:00,2026-08-02T09:57:00,PICKING,PICKING,APAC,NEXT_DAY
ORD-100120,SKU-00366,1,DC-06,STANDARD,2026-08-01T22:08:00,2026-08-02T04:08:00,RELEASED,RELEASED,MEA,SAME_DAY
ORD-100121,SKU-00611,1,DC-18,CRITICAL,2026-08-01T22:09:00,2026-08-02T04:09:00,ALLOCATED,ALLOCATED,APAC,STANDARD
ORD-100122,SKU-00120,1,DC-08,STANDARD,2026-08-01T22:11:00,2026-08-02T10:11:00,PACKING,PACKING,LATAM,STANDARD
ORD-100123,SKU-00417,1,DC-17,EXPEDITE,2026-08-01T22:13:00,2026-08-02T04:13:00,ALLOCATED,HOLD,LATAM,NEXT_DAY
ORD-100124,SKU-00104,1,DC-16,STANDARD,2026-08-01T22:22:00,2026-08-02T06:22:00,STAGED,STAGED,EU,SAME_DAY
ORD-100125,SKU-00206,1,DC-13,EXPEDITE,2026-08-01T22:27:00,2026-08-02T10:27:00,PACKING,PACKING,APAC,STANDARD
ORD-100126,SKU-00109,1,DC-14,STANDARD,2026-08-01T22:32:00,2026-08-02T04:32:00,SHIPPED,SHIPPED,EU,STANDARD
ORD-100127,SKU-01052,1,DC-18,STANDARD,2026-08-01T22:33:00,2026-08-02T02:33:00,SHIPPED,SHIPPED,MEA,SAME_DAY
ORD-100128,SKU-00889,1,DC-08,EXPEDITE,2026-08-01T22:38:00,2026-08-02T06:38:00,STAGED,EXCEPTION,MEA,STANDARD
ORD-100129,SKU-01088,1,DC-10,STANDARD,2026-08-01T22:42:00,2026-08-02T02:42:00,RELEASED,EXCEPTION,APAC,STANDARD
ORD-100130,SKU-00131,1,DC-11,STANDARD,2026-08-01T22:45:00,2026-08-02T10:45:00,STAGED,STAGED,LATAM,NEXT_DAY
ORD-100131,SKU-00128,1,DC-14,STANDARD,2026-08-01T22:58:00,2026-08-02T04:58:00,PICKING,PICKING,APAC,NEXT_DAY
ORD-100132,SKU-00181,1,DC-13,EXPEDITE,2026-08-01T23:02:00,2026-08-02T05:02:00,PICKING,HOLD,EU,NEXT_DAY
ORD-100133,SKU-00405,1,DC-16,STANDARD,2026-08-01T23:05:00,2026-08-02T07:05:00,PACKING,HOLD,EU,STANDARD
ORD-100134,SKU-00743,1,DC-17,EXPEDITE,2026-08-01T23:26:00,2026-08-02T23:26:00,ALLOCATED,ALLOCATED,APAC,NEXT_DAY
ORD-100135,SKU-00840,1,DC-12,STANDARD,2026-08-01T23:29:00,2026-08-02T05:29:00,PACKING,PACKING,MEA,STANDARD
ORD-100136,SKU-00470,1,DC-17,STANDARD,2026-08-01T23:34:00,2026-08-02T03:34:00,RELEASED,RELEASED,EU,STANDARD
ORD-100137,SKU-00465,1,DC-11,STANDARD,2026-08-01T23:45:00,2026-08-02T23:45:00,EXCEPTION,EXCEPTION,APAC,STANDARD
ORD-100138,SKU-00743,1,DC-04,STANDARD,2026-08-01T23:46:00,2026-08-02T11:46:00,ALLOCATED,EXCEPTION,EU,NEXT_DAY
ORD-100139,SKU-00636,1,DC-03,STANDARD,2026-08-01T23:51:00,2026-08-02T05:51:00,PACKING,HOLD,APAC,NEXT_DAY
ORD-100140,SKU-00869,1,DC-02,STANDARD,2026-08-01T23:52:00,2026-08-02T05:52:00,EXCEPTION,EXCEPTION,EU,NEXT_DAY
ORD-100141,SKU-00991,1,DC-02,STANDARD,2026-08-01T23:52:00,2026-08-02T23:52:00,ALLOCATED,ALLOCATED,LATAM,STANDARD
ORD-100142,SKU-00493,1,DC-05,CRITICAL,2026-08-02T00:01:00,2026-08-02T04:01:00,RELEASED,RELEASED,APAC,NEXT_DAY
ORD-100143,SKU-00838,1,DC-11,STANDARD,2026-08-02T00:08:00,2026-08-02T04:08:00,PACKING,EXCEPTION,LATAM,SAME_DAY
ORD-100144,SKU-00506,1,DC-17,STANDARD,2026-08-02T00:16:00,2026-08-02T12:16:00,EXCEPTION,EXCEPTION,APAC,STANDARD
ORD-100145,SKU-00946,1,DC-05,STANDARD,2026-08-02T00:26:00,2026-08-03T00:26:00,RELEASED,RELEASED,APAC,STANDARD
ORD-100146,SKU-00003,1,DC-10,STANDARD,2026-08-02T00:28:00,2026-08-02T04:28:00,EXCEPTION,EXCEPTION,LATAM,NEXT_DAY
ORD-100147,SKU-00388,1,DC-15,STANDARD,2026-08-02T00:34:00,2026-08-02T06:34:00,ALLOCATED,ALLOCATED,APAC,NEXT_DAY
ORD-100148,SKU-00005,1,DC-11,STANDARD,2026-08-02T00:36:00,2026-08-02T12:36:00,ALLOCATED,ALLOCATED,LATAM,NEXT_DAY
ORD-100149,SKU-00183,1,DC-10,EXPEDITE,2026-08-02T00:40:00,2026-08-02T12:40:00,PICKING,PICKING,LATAM,SAME_DAY
ORD-100150,SKU-00316,1,DC-05,STANDARD,2026-08-02T00:41:00,2026-08-02T08:41:00,EXCEPTION,EXCEPTION,LATAM,SAME_DAY
ORD-100151,SKU-00056,1,DC-12,STANDARD,2026-08-02T00:41:00,2026-08-03T00:41:00,RELEASED,RELEASED,MEA,NEXT_DAY
ORD-100152,SKU-00879,1,DC-13,STANDARD,2026-08-02T00:49:00,2026-08-02T08:49:00,EXCEPTION,EXCEPTION,LATAM,NEXT_DAY
ORD-100153,SKU-00564,1,DC-07,STANDARD,2026-08-02T00:57:00,2026-08-02T12:57:00,PACKING,HOLD,LATAM,STANDARD
ORD-100154,SKU-00228,1,DC-11,STANDARD,2026-08-02T01:01:00,2026-08-02T07:01:00,PICKING,EXCEPTION,LATAM,NEXT_DAY
ORD-100155,SKU-01167,1,DC-02,STANDARD,2026-08-02T01:16:00,2026-08-02T07:16:00,PICKING,PICKING,LATAM,SAME_DAY
ORD-100156,SKU-00530,1,DC-05,STANDARD,2026-08-02T01:26:00,2026-08-02T13:26:00,EXCEPTION,EXCEPTION,MEA,SAME_DAY
ORD-100157,SKU-00748,1,DC-09,STANDARD,2026-08-02T01:30:00,2026-08-03T01:30:00,STAGED,EXCEPTION,APAC,STANDARD
ORD-100158,SKU-00298,1,DC-01,EXPEDITE,2026-08-02T01:33:00,2026-08-02T07:33:00,ALLOCATED,EXCEPTION,APAC,SAME_DAY
ORD-100159,SKU-00849,1,DC-13,STANDARD,2026-08-02T01:45:00,2026-08-02T09:45:00,EXCEPTION,EXCEPTION,EU,STANDARD
ORD-100160,SKU-01028,1,DC-04,STANDARD,2026-08-02T01:47:00,2026-08-02T05:47:00,STAGED,STAGED,LATAM,NEXT_DAY
ORD-100161,SKU-00506,1,DC-03,STANDARD,2026-08-02T01:53:00,2026-08-02T07:53:00,SHIPPED,EXCEPTION,EU,SAME_DAY
ORD-100162,SKU-00014,1,DC-15,STANDARD,2026-08-02T01:55:00,2026-08-02T09:55:00,PACKING,PACKING,MEA,NEXT_DAY
ORD-100163,SKU-00103,1,DC-15,STANDARD,2026-08-02T02:03:00,2026-08-02T10:03:00,PICKING,PICKING,MEA,STANDARD
ORD-100164,SKU-00757,1,DC-06,STANDARD,2026-08-02T02:06:00,2026-08-02T10:06:00,PACKING,PACKING,MEA,NEXT_DAY
ORD-100165,SKU-00202,1,DC-16,EXPEDITE,2026-08-02T02:09:00,2026-08-02T14:09:00,STAGED,STAGED,LATAM,NEXT_DAY
ORD-100166,SKU-00505,1,DC-18,STANDARD,2026-08-02T02:32:00,2026-08-02T14:32:00,PACKING,HOLD,MEA,STANDARD
ORD-100167,SKU-01118,1,DC-17,STANDARD,2026-08-02T02:34:00,2026-08-02T10:34:00,EXCEPTION,HOLD,EU,STANDARD
ORD-100168,SKU-00153,1,DC-13,STANDARD,2026-08-02T02:38:00,2026-08-02T06:38:00,SHIPPED,HOLD,EU,SAME_DAY
ORD-100169,SKU-00931,1,DC-10,STANDARD,2026-08-02T02:39:00,2026-08-02T10:39:00,ALLOCATED,ALLOCATED,EU,SAME_DAY
ORD-100170,SKU-00127,1,DC-15,STANDARD,2026-08-02T02:47:00,2026-08-03T02:47:00,STAGED,EXCEPTION,EU,STANDARD
ORD-100171,SKU-01063,1,DC-09,STANDARD,2026-08-02T02:48:00,2026-08-02T14:48:00,PICKING,PICKING,APAC,NEXT_DAY
ORD-100172,SKU-01134,1,DC-10,STANDARD,2026-08-02T03:09:00,2026-08-02T11:09:00,SHIPPED,EXCEPTION,MEA,NEXT_DAY
ORD-100173,SKU-00075,1,DC-11,STANDARD,2026-08-02T03:31:00,2026-08-03T03:31:00,ALLOCATED,EXCEPTION,EU,SAME_DAY
ORD-100174,SKU-00171,1,DC-13,STANDARD,2026-08-02T03:36:00,2026-08-02T09:36:00,PICKING,PICKING,APAC,STANDARD
ORD-100175,SKU-00570,1,DC-09,EXPEDITE,2026-08-02T03:46:00,2026-08-02T15:46:00,PICKING,EXCEPTION,LATAM,STANDARD
ORD-100176,SKU-00886,1,DC-07,STANDARD,2026-08-02T03:53:00,2026-08-02T09:53:00,EXCEPTION,EXCEPTION,APAC,STANDARD
ORD-100177,SKU-00973,1,DC-09,STANDARD,2026-08-02T03:55:00,2026-08-02T07:55:00,EXCEPTION,HOLD,MEA,SAME_DAY
ORD-100178,SKU-00182,1,DC-03,EXPEDITE,2026-08-02T04:01:00,2026-08-02T16:01:00,ALLOCATED,EXCEPTION,APAC,SAME_DAY
ORD-100179,SKU-00363,1,DC-12,EXPEDITE,2026-08-02T04:10:00,2026-08-02T12:10:00,PICKING,PICKING,EU,STANDARD
ORD-100180,SKU-00526,1,DC-07,EXPEDITE,2026-08-02T04:13:00,2026-08-02T12:13:00,PICKING,PICKING,APAC,NEXT_DAY
ORD-100181,SKU-00065,1,DC-17,STANDARD,2026-08-02T04:21:00,2026-08-02T08:21:00,RELEASED,HOLD,EU,SAME_DAY
ORD-100182,SKU-00064,1,DC-16,EXPEDITE,2026-08-02T04:23:00,2026-08-02T10:23:00,RELEASED,RELEASED,EU,STANDARD
ORD-100183,SKU-00315,1,DC-12,STANDARD,2026-08-02T04:41:00,2026-08-02T12:41:00,RELEASED,RELEASED,LATAM,NEXT_DAY
ORD-100184,SKU-01177,1,DC-08,STANDARD,2026-08-02T04:42:00,2026-08-02T16:42:00,PICKING,PICKING,LATAM,STANDARD
ORD-100185,SKU-01181,1,DC-05,STANDARD,2026-08-02T04:53:00,2026-08-02T08:53:00,PICKING,HOLD,MEA,NEXT_DAY
ORD-100186,SKU-00970,1,DC-09,EXPEDITE,2026-08-02T04:57:00,2026-08-02T10:57:00,PICKING,PICKING,EU,NEXT_DAY
ORD-100187,SKU-00855,1,DC-18,STANDARD,2026-08-02T04:58:00,2026-08-02T10:58:00,RELEASED,EXCEPTION,LATAM,NEXT_DAY
ORD-100188,SKU-00341,1,DC-06,STANDARD,2026-08-02T05:04:00,2026-08-03T05:04:00,EXCEPTION,EXCEPTION,APAC,SAME_DAY
ORD-100189,SKU-00781,1,DC-06,STANDARD,2026-08-02T05:07:00,2026-08-02T13:07:00,PICKING,PICKING,MEA,STANDARD
ORD-100190,SKU-00038,1,DC-05,STANDARD,2026-08-02T05:11:00,2026-08-02T09:11:00,ALLOCATED,EXCEPTION,APAC,STANDARD
ORD-100191,SKU-00587,1,DC-16,EXPEDITE,2026-08-02T05:12:00,2026-08-03T05:12:00,RELEASED,HOLD,LATAM,STANDARD
ORD-100192,SKU-00756,1,DC-08,STANDARD,2026-08-02T05:16:00,2026-08-03T05:16:00,EXCEPTION,EXCEPTION,LATAM,NEXT_DAY
ORD-100193,SKU-00373,1,DC-08,STANDARD,2026-08-02T05:16:00,2026-08-02T13:16:00,STAGED,STAGED,LATAM,NEXT_DAY
ORD-100194,SKU-00057,1,DC-15,EXPEDITE,2026-08-02T05:22:00,2026-08-02T11:22:00,PACKING,EXCEPTION,APAC,NEXT_DAY
ORD-100195,SKU-00048,1,DC-17,STANDARD,2026-08-02T05:25:00,2026-08-02T13:25:00,ALLOCATED,EXCEPTION,MEA,STANDARD
ORD-100196,SKU-01073,1,DC-17,STANDARD,2026-08-02T05:25:00,2026-08-03T05:25:00,ALLOCATED,ALLOCATED,EU,NEXT_DAY
ORD-100197,SKU-01171,1,DC-04,EXPEDITE,2026-08-02T05:29:00,2026-08-03T05:29:00,SHIPPED,EXCEPTION,MEA,STANDARD
ORD-100198,SKU-00519,1,DC-08,CRITICAL,2026-08-02T05:40:00,2026-08-02T11:40:00,ALLOCATED,ALLOCATED,APAC,NEXT_DAY
ORD-100199,SKU-00123,1,DC-08,EXPEDITE,2026-08-02T05:46:00,2026-08-02T09:46:00,EXCEPTION,EXCEPTION,EU,STANDARD
ORD-100200,SKU-00012,1,DC-01,STANDARD,2026-08-02T05:59:00,2026-08-03T05:59:00,STAGED,EXCEPTION,APAC,NEXT_DAY
ORD-100201,SKU-01089,1,DC-09,STANDARD,2026-08-02T06:01:00,2026-08-02T12:01:00,EXCEPTION,HOLD,LATAM,STANDARD
ORD-100202,SKU-00383,1,DC-16,STANDARD,2026-08-02T06:13:00,2026-08-02T14:13:00,ALLOCATED,ALLOCATED,EU,STANDARD
ORD-100203,SKU-00603,1,DC-07,STANDARD,2026-08-02T06:23:00,2026-08-02T14:23:00,STAGED,HOLD,LATAM,NEXT_DAY
ORD-100204,SKU-01031,1,DC-08,STANDARD,2026-08-02T06:33:00,2026-08-02T18:33:00,EXCEPTION,EXCEPTION,LATAM,NEXT_DAY
ORD-100205,SKU-00366,1,DC-15,STANDARD,2026-08-02T06:36:00,2026-08-03T06:36:00,ALLOCATED,HOLD,MEA,NEXT_DAY
ORD-100206,SKU-00573,1,DC-10,EXPEDITE,2026-08-02T06:36:00,2026-08-03T06:36:00,SHIPPED,SHIPPED,LATAM,STANDARD
ORD-100207,SKU-00882,1,DC-16,STANDARD,2026-08-02T06:52:00,2026-08-02T14:52:00,PICKING,HOLD,APAC,SAME_DAY
ORD-100208,SKU-00193,1,DC-09,STANDARD,2026-08-02T06:56:00,2026-08-02T14:56:00,PICKING,EXCEPTION,APAC,STANDARD
ORD-100209,SKU-00043,1,DC-10,STANDARD,2026-08-02T07:05:00,2026-08-02T13:05:00,RELEASED,RELEASED,MEA,NEXT_DAY
ORD-100210,SKU-00085,1,DC-07,STANDARD,2026-08-02T07:12:00,2026-08-02T11:12:00,PACKING,HOLD,MEA,STANDARD
ORD-100211,SKU-01065,1,DC-06,CRITICAL,2026-08-02T07:15:00,2026-08-02T11:15:00,PICKING,EXCEPTION,MEA,NEXT_DAY
ORD-100212,SKU-00170,1,DC-04,STANDARD,2026-08-02T07:34:00,2026-08-02T19:34:00,SHIPPED,SHIPPED,MEA,SAME_DAY
ORD-100213,SKU-00117,1,DC-09,STANDARD,2026-08-02T07:40:00,2026-08-02T19:40:00,PICKING,EXCEPTION,LATAM,SAME_DAY
ORD-100214,SKU-00333,1,DC-13,STANDARD,2026-08-02T07:52:00,2026-08-02T15:52:00,EXCEPTION,HOLD,MEA,NEXT_DAY
ORD-100215,SKU-01157,1,DC-04,STANDARD,2026-08-02T07:54:00,2026-08-02T19:54:00,ALLOCATED,HOLD,APAC,SAME_DAY
ORD-100216,SKU-00336,1,DC-13,STANDARD,2026-08-02T07:59:00,2026-08-03T07:59:00,ALLOCATED,EXCEPTION,APAC,STANDARD
ORD-100217,SKU-00782,1,DC-17,EXPEDITE,2026-08-02T08:00:00,2026-08-02T16:00:00,PACKING,PACKING,MEA,SAME_DAY
ORD-100218,SKU-00575,1,DC-01,STANDARD,2026-08-02T08:06:00,2026-08-02T20:06:00,ALLOCATED,ALLOCATED,EU,STANDARD
ORD-100219,SKU-00956,1,DC-09,STANDARD,2026-08-02T08:13:00,2026-08-02T14:13:00,ALLOCATED,HOLD,MEA,SAME_DAY
ORD-100220,SKU-00446,1,DC-18,STANDARD,2026-08-02T08:26:00,2026-08-02T20:26:00,EXCEPTION,EXCEPTION,APAC,STANDARD
ORD-100221,SKU-00944,1,DC-09,EXPEDITE,2026-08-02T08:32:00,2026-08-02T20:32:00,EXCEPTION,EXCEPTION,LATAM,SAME_DAY
ORD-100222,SKU-01162,1,DC-06,EXPEDITE,2026-08-02T08:33:00,2026-08-02T20:33:00,EXCEPTION,HOLD,APAC,STANDARD
ORD-100223,SKU-00395,1,DC-16,STANDARD,2026-08-02T08:33:00,2026-08-03T08:33:00,EXCEPTION,HOLD,MEA,NEXT_DAY
ORD-100224,SKU-00785,1,DC-03,STANDARD,2026-08-02T08:51:00,2026-08-02T14:51:00,PICKING,PICKING,APAC,NEXT_DAY
ORD-100225,SKU-00808,1,DC-05,EXPEDITE,2026-08-02T08:53:00,2026-08-02T20:53:00,STAGED,STAGED,LATAM,NEXT_DAY
ORD-100226,SKU-00548,1,DC-05,EXPEDITE,2026-08-02T08:53:00,2026-08-02T16:53:00,ALLOCATED,ALLOCATED,MEA,STANDARD
ORD-100227,SKU-00515,1,DC-02,EXPEDITE,2026-08-02T08:57:00,2026-08-02T12:57:00,EXCEPTION,EXCEPTION,EU,NEXT_DAY
ORD-100228,SKU-00184,1,DC-03,EXPEDITE,2026-08-02T09:03:00,2026-08-02T15:03:00,PACKING,EXCEPTION,EU,NEXT_DAY
ORD-100229,SKU-00849,1,DC-08,STANDARD,2026-08-02T09:25:00,2026-08-03T09:25:00,PACKING,EXCEPTION,LATAM,STANDARD
ORD-100230,SKU-00799,1,DC-15,STANDARD,2026-08-02T09:31:00,2026-08-02T15:31:00,EXCEPTION,EXCEPTION,MEA,NEXT_DAY
ORD-100231,SKU-00303,1,DC-01,EXPEDITE,2026-08-02T10:15:00,2026-08-02T18:15:00,RELEASED,RELEASED,LATAM,STANDARD
ORD-100232,SKU-00701,1,DC-11,CRITICAL,2026-08-02T10:19:00,2026-08-02T18:19:00,PICKING,PICKING,LATAM,STANDARD
ORD-100233,SKU-00329,1,DC-06,STANDARD,2026-08-02T10:23:00,2026-08-03T10:23:00,SHIPPED,HOLD,LATAM,SAME_DAY
ORD-100234,SKU-00679,1,DC-11,STANDARD,2026-08-02T10:24:00,2026-08-02T16:24:00,PACKING,PACKING,MEA,STANDARD
ORD-100235,SKU-00154,1,DC-13,CRITICAL,2026-08-02T10:26:00,2026-08-02T18:26:00,STAGED,HOLD,APAC,NEXT_DAY
ORD-100236,SKU-01094,1,DC-04,STANDARD,2026-08-02T10:37:00,2026-08-02T18:37:00,PACKING,PACKING,MEA,STANDARD
ORD-100237,SKU-00494,1,DC-05,EXPEDITE,2026-08-02T10:38:00,2026-08-02T16:38:00,ALLOCATED,HOLD,EU,SAME_DAY
ORD-100238,SKU-00690,1,DC-10,STANDARD,2026-08-02T10:39:00,2026-08-02T18:39:00,ALLOCATED,EXCEPTION,APAC,SAME_DAY
ORD-100239,SKU-00276,1,DC-09,STANDARD,2026-08-02T10:50:00,2026-08-02T22:50:00,STAGED,EXCEPTION,APAC,NEXT_DAY
ORD-100240,SKU-00980,1,DC-07,STANDARD,2026-08-02T11:03:00,2026-08-02T17:03:00,SHIPPED,SHIPPED,MEA,STANDARD
ORD-100241,SKU-00672,1,DC-12,STANDARD,2026-08-02T11:04:00,2026-08-02T23:04:00,RELEASED,RELEASED,EU,NEXT_DAY
ORD-100242,SKU-01179,1,DC-02,STANDARD,2026-08-02T11:08:00,2026-08-02T19:08:00,PICKING,PICKING,APAC,STANDARD
ORD-100243,SKU-00482,1,DC-12,STANDARD,2026-08-02T11:20:00,2026-08-02T23:20:00,EXCEPTION,HOLD,MEA,NEXT_DAY
ORD-100244,SKU-00623,1,DC-03,STANDARD,2026-08-02T11:44:00,2026-08-02T23:44:00,PICKING,EXCEPTION,EU,NEXT_DAY
ORD-100245,SKU-00327,1,DC-10,CRITICAL,2026-08-02T12:01:00,2026-08-02T20:01:00,RELEASED,HOLD,LATAM,STANDARD
ORD-100246,SKU-00203,1,DC-12,STANDARD,2026-08-02T12:04:00,2026-08-02T18:04:00,STAGED,HOLD,APAC,STANDARD
ORD-100247,SKU-00986,1,DC-14,STANDARD,2026-08-02T12:06:00,2026-08-02T18:06:00,PICKING,PICKING,LATAM,SAME_DAY
ORD-100248,SKU-00639,1,DC-02,STANDARD,2026-08-02T12:07:00,2026-08-02T18:07:00,SHIPPED,SHIPPED,EU,STANDARD
ORD-100249,SKU-01105,1,DC-02,STANDARD,2026-08-02T12:13:00,2026-08-03T00:13:00,SHIPPED,EXCEPTION,EU,STANDARD
ORD-100250,SKU-00025,1,DC-08,STANDARD,2026-08-02T12:25:00,2026-08-03T00:25:00,STAGED,HOLD,MEA,STANDARD
ORD-100251,SKU-00954,1,DC-05,STANDARD,2026-08-02T12:31:00,2026-08-02T16:31:00,EXCEPTION,EXCEPTION,APAC,SAME_DAY
ORD-100252,SKU-00215,1,DC-03,STANDARD,2026-08-02T12:34:00,2026-08-02T20:34:00,EXCEPTION,HOLD,EU,STANDARD
ORD-100253,SKU-00780,1,DC-08,STANDARD,2026-08-02T12:43:00,2026-08-02T18:43:00,PICKING,HOLD,MEA,SAME_DAY
ORD-100254,SKU-00350,1,DC-17,STANDARD,2026-08-02T12:59:00,2026-08-02T18:59:00,RELEASED,EXCEPTION,EU,SAME_DAY
ORD-100255,SKU-00386,1,DC-07,EXPEDITE,2026-08-02T13:09:00,2026-08-03T01:09:00,ALLOCATED,ALLOCATED,MEA,NEXT_DAY
ORD-100256,SKU-00961,1,DC-06,STANDARD,2026-08-02T13:22:00,2026-08-03T01:22:00,SHIPPED,HOLD,EU,NEXT_DAY
ORD-100257,SKU-00599,1,DC-12,EXPEDITE,2026-08-02T13:23:00,2026-08-02T19:23:00,RELEASED,RELEASED,APAC,SAME_DAY
ORD-100258,SKU-00813,1,DC-04,CRITICAL,2026-08-02T13:29:00,2026-08-02T17:29:00,PACKING,PACKING,MEA,SAME_DAY
ORD-100259,SKU-00598,1,DC-06,CRITICAL,2026-08-02T13:44:00,2026-08-02T21:44:00,SHIPPED,SHIPPED,LATAM,STANDARD
ORD-100260,SKU-00941,1,DC-16,CRITICAL,2026-08-02T13:45:00,2026-08-03T13:45:00,PICKING,PICKING,MEA,SAME_DAY
ORD-100261,SKU-00369,1,DC-15,STANDARD,2026-08-02T13:50:00,2026-08-02T21:50:00,ALLOCATED,ALLOCATED,EU,NEXT_DAY
ORD-100262,SKU-00319,1,DC-02,STANDARD,2026-08-02T13:56:00,2026-08-02T17:56:00,PACKING,PACKING,MEA,NEXT_DAY
ORD-100263,SKU-01081,1,DC-07,STANDARD,2026-08-02T14:26:00,2026-08-02T20:26:00,PICKING,PICKING,MEA,STANDARD
ORD-100264,SKU-00265,1,DC-11,EXPEDITE,2026-08-02T14:32:00,2026-08-03T14:32:00,EXCEPTION,EXCEPTION,MEA,NEXT_DAY
ORD-100265,SKU-00671,1,DC-08,EXPEDITE,2026-08-02T14:40:00,2026-08-02T22:40:00,ALLOCATED,ALLOCATED,MEA,NEXT_DAY
ORD-100266,SKU-00271,1,DC-04,EXPEDITE,2026-08-02T15:11:00,2026-08-02T21:11:00,PICKING,PICKING,MEA,STANDARD
ORD-100267,SKU-01087,1,DC-04,STANDARD,2026-08-02T15:16:00,2026-08-02T21:16:00,EXCEPTION,EXCEPTION,MEA,NEXT_DAY
ORD-100268,SKU-00079,1,DC-04,EXPEDITE,2026-08-02T15:19:00,2026-08-03T15:19:00,SHIPPED,EXCEPTION,EU,STANDARD
ORD-100269,SKU-00160,1,DC-03,STANDARD,2026-08-02T15:21:00,2026-08-03T15:21:00,SHIPPED,SHIPPED,APAC,SAME_DAY
ORD-100270,SKU-00928,1,DC-05,STANDARD,2026-08-02T15:22:00,2026-08-02T23:22:00,ALLOCATED,ALLOCATED,EU,STANDARD
ORD-100271,SKU-01001,1,DC-18,EXPEDITE,2026-08-02T15:23:00,2026-08-02T19:23:00,PICKING,EXCEPTION,APAC,STANDARD
ORD-100272,SKU-00524,1,DC-18,STANDARD,2026-08-02T15:28:00,2026-08-03T03:28:00,RELEASED,RELEASED,LATAM,NEXT_DAY
ORD-100273,SKU-00198,1,DC-08,CRITICAL,2026-08-02T15:28:00,2026-08-02T23:28:00,RELEASED,RELEASED,EU,NEXT_DAY
ORD-100274,SKU-00203,1,DC-12,STANDARD,2026-08-02T15:44:00,2026-08-02T23:44:00,STAGED,STAGED,LATAM,STANDARD
ORD-100275,SKU-00669,1,DC-11,EXPEDITE,2026-08-02T15:50:00,2026-08-03T15:50:00,PACKING,PACKING,MEA,STANDARD
ORD-100276,SKU-00580,1,DC-11,STANDARD,2026-08-02T16:01:00,2026-08-03T04:01:00,PACKING,PACKING,LATAM,SAME_DAY
ORD-100277,SKU-00731,1,DC-18,EXPEDITE,2026-08-02T16:11:00,2026-08-03T00:11:00,ALLOCATED,EXCEPTION,APAC,NEXT_DAY
ORD-100278,SKU-00358,1,DC-09,EXPEDITE,2026-08-02T16:17:00,2026-08-02T22:17:00,PACKING,HOLD,MEA,STANDARD
ORD-100279,SKU-00515,1,DC-04,CRITICAL,2026-08-02T16:24:00,2026-08-02T22:24:00,EXCEPTION,EXCEPTION,APAC,NEXT_DAY
ORD-100280,SKU-00939,1,DC-01,STANDARD,2026-08-02T16:26:00,2026-08-03T04:26:00,EXCEPTION,EXCEPTION,EU,NEXT_DAY
ORD-100281,SKU-01031,1,DC-08,CRITICAL,2026-08-02T16:47:00,2026-08-02T22:47:00,ALLOCATED,HOLD,APAC,SAME_DAY
ORD-100282,SKU-01043,1,DC-17,STANDARD,2026-08-02T16:55:00,2026-08-03T04:55:00,PACKING,PACKING,MEA,STANDARD
ORD-100283,SKU-00448,1,DC-03,STANDARD,2026-08-02T17:04:00,2026-08-03T01:04:00,PACKING,PACKING,APAC,STANDARD
ORD-100284,SKU-00735,1,DC-16,STANDARD,2026-08-02T17:06:00,2026-08-02T23:06:00,STAGED,EXCEPTION,EU,STANDARD
ORD-100285,SKU-01126,1,DC-06,EXPEDITE,2026-08-02T17:20:00,2026-08-03T01:20:00,EXCEPTION,HOLD,MEA,STANDARD
ORD-100286,SKU-00452,1,DC-10,STANDARD,2026-08-02T17:39:00,2026-08-03T17:39:00,EXCEPTION,EXCEPTION,LATAM,NEXT_DAY
ORD-100287,SKU-00705,1,DC-14,EXPEDITE,2026-08-02T17:40:00,2026-08-03T01:40:00,SHIPPED,SHIPPED,LATAM,STANDARD
ORD-100288,SKU-00340,1,DC-06,EXPEDITE,2026-08-02T17:43:00,2026-08-02T21:43:00,SHIPPED,HOLD,MEA,STANDARD
ORD-100289,SKU-00254,1,DC-05,STANDARD,2026-08-02T17:43:00,2026-08-02T23:43:00,PACKING,EXCEPTION,APAC,SAME_DAY
ORD-100290,SKU-00899,1,DC-15,CRITICAL,2026-08-02T17:43:00,2026-08-03T05:43:00,STAGED,STAGED,APAC,NEXT_DAY
ORD-100291,SKU-00688,1,DC-10,STANDARD,2026-08-02T17:45:00,2026-08-02T23:45:00,PICKING,PICKING,MEA,STANDARD
ORD-100292,SKU-00553,1,DC-10,EXPEDITE,2026-08-02T17:50:00,2026-08-02T21:50:00,EXCEPTION,EXCEPTION,APAC,NEXT_DAY
ORD-100293,SKU-00202,1,DC-18,STANDARD,2026-08-02T17:53:00,2026-08-03T17:53:00,EXCEPTION,EXCEPTION,APAC,SAME_DAY
ORD-100294,SKU-00559,1,DC-03,STANDARD,2026-08-02T18:09:00,2026-08-03T00:09:00,RELEASED,RELEASED,APAC,NEXT_DAY
ORD-100295,SKU-00604,1,DC-07,STANDARD,2026-08-02T18:14:00,2026-08-03T00:14:00,ALLOCATED,ALLOCATED,LATAM,NEXT_DAY
ORD-100296,SKU-00778,1,DC-11,STANDARD,2026-08-02T18:18:00,2026-08-02T22:18:00,ALLOCATED,ALLOCATED,MEA,STANDARD
ORD-100297,SKU-00780,1,DC-01,STANDARD,2026-08-02T18:32:00,2026-08-03T02:32:00,RELEASED,RELEASED,MEA,SAME_DAY
ORD-100298,SKU-00167,1,DC-13,STANDARD,2026-08-02T18:41:00,2026-08-02T22:41:00,PACKING,PACKING,EU,NEXT_DAY
ORD-100299,SKU-01062,1,DC-15,STANDARD,2026-08-02T18:42:00,2026-08-03T02:42:00,PACKING,EXCEPTION,EU,NEXT_DAY
ORD-100300,SKU-00719,1,DC-16,STANDARD,2026-08-02T18:48:00,2026-08-02T22:48:00,RELEASED,RELEASED,LATAM,STANDARD
ORD-100301,SKU-00594,1,DC-10,STANDARD,2026-08-02T18:55:00,2026-08-03T06:55:00,STAGED,STAGED,LATAM,SAME_DAY
ORD-100302,SKU-00448,1,DC-06,EXPEDITE,2026-08-02T18:56:00,2026-08-03T02:56:00,STAGED,STAGED,EU,STANDARD
ORD-100303,SKU-00101,1,DC-06,STANDARD,2026-08-02T18:56:00,2026-08-02T22:56:00,PACKING,HOLD,MEA,NEXT_DAY
ORD-100304,SKU-00339,1,DC-15,EXPEDITE,2026-08-02T19:04:00,2026-08-03T07:04:00,PACKING,PACKING,LATAM,NEXT_DAY
ORD-100305,SKU-01146,1,DC-04,STANDARD,2026-08-02T19:06:00,2026-08-03T01:06:00,RELEASED,RELEASED,LATAM,SAME_DAY
ORD-100306,SKU-00639,1,DC-02,STANDARD,2026-08-02T19:08:00,2026-08-03T01:08:00,PICKING,EXCEPTION,LATAM,STANDARD
ORD-100307,SKU-00690,1,DC-11,STANDARD,2026-08-02T19:09:00,2026-08-03T07:09:00,STAGED,EXCEPTION,MEA,STANDARD
ORD-100308,SKU-00058,1,DC-17,STANDARD,2026-08-02T19:29:00,2026-08-03T03:29:00,PICKING,PICKING,MEA,SAME_DAY
ORD-100309,SKU-00495,1,DC-01,STANDARD,2026-08-02T19:44:00,2026-08-03T19:44:00,EXCEPTION,EXCEPTION,APAC,NEXT_DAY
ORD-100310,SKU-00221,1,DC-05,STANDARD,2026-08-02T19:49:00,2026-08-02T23:49:00,ALLOCATED,ALLOCATED,EU,NEXT_DAY
ORD-100311,SKU-00544,1,DC-14,EXPEDITE,2026-08-02T19:49:00,2026-08-03T03:49:00,PACKING,PACKING,LATAM,NEXT_DAY
ORD-100312,SKU-00492,1,DC-16,EXPEDITE,2026-08-02T19:54:00,2026-08-03T19:54:00,PACKING,PACKING,LATAM,SAME_DAY
ORD-100313,SKU-00761,1,DC-10,STANDARD,2026-08-02T20:12:00,2026-08-03T02:12:00,EXCEPTION,EXCEPTION,MEA,NEXT_DAY
ORD-100314,SKU-00640,1,DC-02,EXPEDITE,2026-08-02T20:15:00,2026-08-03T08:15:00,PACKING,EXCEPTION,MEA,NEXT_DAY
ORD-100315,SKU-00990,1,DC-18,STANDARD,2026-08-02T20:16:00,2026-08-03T02:16:00,PICKING,EXCEPTION,APAC,STANDARD
ORD-100316,SKU-00036,1,DC-04,STANDARD,2026-08-02T20:19:00,2026-08-03T00:19:00,EXCEPTION,EXCEPTION,MEA,NEXT_DAY
ORD-100317,SKU-01130,1,DC-03,STANDARD,2026-08-02T20:39:00,2026-08-03T00:39:00,PACKING,PACKING,LATAM,SAME_DAY
ORD-100318,SKU-00644,1,DC-07,EXPEDITE,2026-08-02T20:43:00,2026-08-03T08:43:00,STAGED,STAGED,APAC,SAME_DAY
ORD-100319,SKU-01074,1,DC-07,EXPEDITE,2026-08-02T20:54:00,2026-08-03T02:54:00,RELEASED,RELEASED,EU,NEXT_DAY
ORD-100320,SKU-00025,1,DC-05,EXPEDITE,2026-08-02T21:06:00,2026-08-03T03:06:00,STAGED,STAGED,LATAM,STANDARD
ORD-100321,SKU-00546,1,DC-06,STANDARD,2026-08-02T21:33:00,2026-08-03T03:33:00,STAGED,EXCEPTION,LATAM,NEXT_DAY
ORD-100322,SKU-01047,1,DC-04,STANDARD,2026-08-02T21:33:00,2026-08-03T05:33:00,ALLOCATED,EXCEPTION,APAC,SAME_DAY
ORD-100323,SKU-00591,1,DC-09,EXPEDITE,2026-08-02T21:35:00,2026-08-03T03:35:00,SHIPPED,SHIPPED,LATAM,NEXT_DAY
ORD-100324,SKU-00500,1,DC-05,STANDARD,2026-08-02T21:39:00,2026-08-03T01:39:00,PACKING,PACKING,MEA,STANDARD
ORD-100325,SKU-00633,1,DC-02,STANDARD,2026-08-02T21:50:00,2026-08-03T21:50:00,PICKING,PICKING,EU,NEXT_DAY
ORD-100326,SKU-00604,1,DC-04,STANDARD,2026-08-02T21:57:00,2026-08-03T03:57:00,RELEASED,RELEASED,LATAM,STANDARD
ORD-100327,SKU-01017,1,DC-06,STANDARD,2026-08-02T22:00:00,2026-08-03T04:00:00,STAGED,HOLD,EU,STANDARD
ORD-100328,SKU-00502,1,DC-15,STANDARD,2026-08-02T22:14:00,2026-08-03T22:14:00,ALLOCATED,ALLOCATED,APAC,STANDARD
ORD-100329,SKU-00112,1,DC-14,STANDARD,2026-08-02T22:25:00,2026-08-03T22:25:00,EXCEPTION,EXCEPTION,LATAM,SAME_DAY
ORD-100330,SKU-00015,1,DC-05,STANDARD,2026-08-02T22:27:00,2026-08-03T10:27:00,STAGED,STAGED,APAC,NEXT_DAY
ORD-100331,SKU-00421,1,DC-17,STANDARD,2026-08-02T22:43:00,2026-08-03T06:43:00,EXCEPTION,EXCEPTION,APAC,STANDARD
ORD-100332,SKU-01188,1,DC-01,STANDARD,2026-08-02T22:48:00,2026-08-03T02:48:00,PACKING,EXCEPTION,LATAM,STANDARD
ORD-100333,SKU-00131,1,DC-10,STANDARD,2026-08-02T22:54:00,2026-08-03T02:54:00,EXCEPTION,HOLD,LATAM,STANDARD
ORD-100334,SKU-00615,1,DC-16,STANDARD,2026-08-02T23:00:00,2026-08-03T07:00:00,ALLOCATED,ALLOCATED,APAC,SAME_DAY
ORD-100335,SKU-00279,1,DC-10,STANDARD,2026-08-02T23:10:00,2026-08-03T11:10:00,PACKING,EXCEPTION,APAC,STANDARD
ORD-100336,SKU-00694,1,DC-10,STANDARD,2026-08-02T23:15:00,2026-08-03T11:15:00,SHIPPED,SHIPPED,MEA,NEXT_DAY
ORD-100337,SKU-00994,1,DC-08,STANDARD,2026-08-02T23:15:00,2026-08-03T05:15:00,ALLOCATED,EXCEPTION,LATAM,SAME_DAY
ORD-100338,SKU-00290,1,DC-04,EXPEDITE,2026-08-02T23:19:00,2026-08-03T03:19:00,PICKING,PICKING,EU,NEXT_DAY
ORD-100339,SKU-00395,1,DC-11,EXPEDITE,2026-08-02T23:27:00,2026-08-03T11:27:00,SHIPPED,SHIPPED,APAC,NEXT_DAY
ORD-100340,SKU-01027,1,DC-16,STANDARD,2026-08-02T23:32:00,2026-08-03T03:32:00,PICKING,EXCEPTION,APAC,SAME_DAY
ORD-100341,SKU-01087,1,DC-11,STANDARD,2026-08-02T23:38:00,2026-08-03T11:38:00,PACKING,HOLD,APAC,NEXT_DAY
ORD-100342,SKU-00680,1,DC-11,EXPEDITE,2026-08-02T23:39:00,2026-08-03T05:39:00,PACKING,EXCEPTION,MEA,NEXT_DAY
ORD-100343,SKU-01149,1,DC-07,STANDARD,2026-08-02T23:47:00,2026-08-03T11:47:00,PACKING,HOLD,EU,STANDARD
ORD-100344,SKU-00010,1,DC-14,STANDARD,2026-08-02T23:58:00,2026-08-03T03:58:00,ALLOCATED,ALLOCATED,LATAM,NEXT_DAY
ORD-100345,SKU-00331,1,DC-03,STANDARD,2026-08-02T23:59:00,2026-08-03T23:59:00,SHIPPED,SHIPPED,APAC,SAME_DAY
ORD-100346,SKU-01154,1,DC-15,STANDARD,2026-08-03T00:02:00,2026-08-03T06:02:00,EXCEPTION,EXCEPTION,MEA,STANDARD
ORD-100347,SKU-00506,1,DC-15,STANDARD,2026-08-03T00:17:00,2026-08-03T08:17:00,STAGED,STAGED,EU,SAME_DAY
ORD-100348,SKU-01184,1,DC-10,CRITICAL,2026-08-03T00:19:00,2026-08-04T00:19:00,SHIPPED,HOLD,APAC,STANDARD
ORD-100349,SKU-00461,1,DC-03,EXPEDITE,2026-08-03T00:21:00,2026-08-03T04:21:00,PACKING,EXCEPTION,APAC,SAME_DAY
ORD-100350,SKU-00685,1,DC-15,STANDARD,2026-08-03T00:41:00,2026-08-04T00:41:00,ALLOCATED,ALLOCATED,EU,NEXT_DAY
ORD-100351,SKU-00668,1,DC-11,STANDARD,2026-08-03T00:42:00,2026-08-03T08:42:00,STAGED,HOLD,EU,STANDARD
ORD-100352,SKU-01149,1,DC-08,STANDARD,2026-08-03T00:56:00,2026-08-03T06:56:00,EXCEPTION,EXCEPTION,LATAM,STANDARD
ORD-100353,SKU-01107,1,DC-09,STANDARD,2026-08-03T01:16:00,2026-08-03T09:16:00,PICKING,PICKING,LATAM,NEXT_DAY
ORD-100354,SKU-01071,1,DC-07,STANDARD,2026-08-03T01:25:00,2026-08-04T01:25:00,PACKING,PACKING,APAC,SAME_DAY
ORD-100355,SKU-00858,1,DC-16,STANDARD,2026-08-03T01:50:00,2026-08-04T01:50:00,PACKING,PACKING,EU,STANDARD
ORD-100356,SKU-00011,1,DC-09,STANDARD,2026-08-03T01:52:00,2026-08-03T13:52:00,PACKING,HOLD,MEA,NEXT_DAY
ORD-100357,SKU-01076,1,DC-10,STANDARD,2026-08-03T01:53:00,2026-08-03T09:53:00,PICKING,PICKING,LATAM,NEXT_DAY
ORD-100358,SKU-01116,1,DC-15,STANDARD,2026-08-03T02:11:00,2026-08-03T10:11:00,ALLOCATED,ALLOCATED,APAC,STANDARD
ORD-100359,SKU-00623,1,DC-12,CRITICAL,2026-08-03T02:12:00,2026-08-03T14:12:00,EXCEPTION,EXCEPTION,LATAM,SAME_DAY
ORD-100360,SKU-00035,1,DC-06,STANDARD,2026-08-03T02:28:00,2026-08-03T14:28:00,RELEASED,RELEASED,APAC,NEXT_DAY
ORD-100361,SKU-00773,1,DC-03,CRITICAL,2026-08-03T02:33:00,2026-08-03T06:33:00,RELEASED,EXCEPTION,MEA,STANDARD
ORD-100362,SKU-00929,1,DC-09,STANDARD,2026-08-03T02:36:00,2026-08-03T08:36:00,ALLOCATED,ALLOCATED,APAC,SAME_DAY
ORD-100363,SKU-00204,1,DC-14,STANDARD,2026-08-03T02:54:00,2026-08-03T08:54:00,EXCEPTION,EXCEPTION,EU,STANDARD
ORD-100364,SKU-00017,1,DC-06,STANDARD,2026-08-03T02:57:00,2026-08-03T10:57:00,PACKING,PACKING,MEA,NEXT_DAY
ORD-100365,SKU-00831,1,DC-12,STANDARD,2026-08-03T03:18:00,2026-08-03T07:18:00,STAGED,STAGED,LATAM,STANDARD
ORD-100366,SKU-00896,1,DC-03,STANDARD,2026-08-03T03:20:00,2026-08-03T15:20:00,PACKING,PACKING,APAC,SAME_DAY
ORD-100367,SKU-00484,1,DC-02,CRITICAL,2026-08-03T03:34:00,2026-08-04T03:34:00,PACKING,PACKING,MEA,STANDARD
ORD-100368,SKU-00115,1,DC-12,CRITICAL,2026-08-03T03:41:00,2026-08-03T07:41:00,SHIPPED,SHIPPED,EU,STANDARD
ORD-100369,SKU-00322,1,DC-13,STANDARD,2026-08-03T03:48:00,2026-08-03T09:48:00,PICKING,EXCEPTION,MEA,STANDARD
ORD-100370,SKU-00762,1,DC-16,STANDARD,2026-08-03T03:54:00,2026-08-03T09:54:00,ALLOCATED,ALLOCATED,APAC,STANDARD
ORD-100371,SKU-00185,1,DC-16,STANDARD,2026-08-03T03:57:00,2026-08-04T03:57:00,RELEASED,RELEASED,EU,NEXT_DAY
ORD-100372,SKU-00306,1,DC-10,STANDARD,2026-08-03T04:02:00,2026-08-03T12:02:00,PACKING,PACKING,MEA,NEXT_DAY
ORD-100373,SKU-00513,1,DC-16,STANDARD,2026-08-03T04:06:00,2026-08-03T10:06:00,PACKING,EXCEPTION,EU,NEXT_DAY
ORD-100374,SKU-00126,1,DC-09,STANDARD,2026-08-03T04:10:00,2026-08-04T04:10:00,EXCEPTION,EXCEPTION,LATAM,SAME_DAY
ORD-100375,SKU-00359,1,DC-16,STANDARD,2026-08-03T04:28:00,2026-08-03T08:28:00,ALLOCATED,ALLOCATED,APAC,STANDARD
ORD-100376,SKU-00640,1,DC-17,STANDARD,2026-08-03T04:30:00,2026-08-03T16:30:00,EXCEPTION,EXCEPTION,LATAM,STANDARD
ORD-100377,SKU-00388,1,DC-18,STANDARD,2026-08-03T04:32:00,2026-08-03T12:32:00,PICKING,PICKING,LATAM,STANDARD
ORD-100378,SKU-00822,1,DC-10,STANDARD,2026-08-03T04:34:00,2026-08-04T04:34:00,PICKING,HOLD,APAC,NEXT_DAY
ORD-100379,SKU-01001,1,DC-18,STANDARD,2026-08-03T04:39:00,2026-08-03T12:39:00,PACKING,HOLD,LATAM,STANDARD
ORD-100380,SKU-00783,1,DC-05,CRITICAL,2026-08-03T04:39:00,2026-08-03T10:39:00,RELEASED,EXCEPTION,LATAM,NEXT_DAY
ORD-100381,SKU-00761,1,DC-16,STANDARD,2026-08-03T04:39:00,2026-08-03T12:39:00,STAGED,STAGED,MEA,NEXT_DAY
ORD-100382,SKU-00008,1,DC-04,EXPEDITE,2026-08-03T04:49:00,2026-08-03T12:49:00,PICKING,PICKING,APAC,NEXT_DAY
ORD-100383,SKU-00547,1,DC-15,EXPEDITE,2026-08-03T04:53:00,2026-08-04T04:53:00,PACKING,PACKING,LATAM,SAME_DAY
ORD-100384,SKU-00684,1,DC-08,CRITICAL,2026-08-03T05:06:00,2026-08-03T17:06:00,RELEASED,RELEASED,MEA,SAME_DAY
ORD-100385,SKU-01118,1,DC-04,EXPEDITE,2026-08-03T05:11:00,2026-08-03T09:11:00,STAGED,STAGED,APAC,STANDARD
ORD-100386,SKU-00212,1,DC-18,STANDARD,2026-08-03T05:20:00,2026-08-04T05:20:00,SHIPPED,SHIPPED,MEA,SAME_DAY
ORD-100387,SKU-00548,1,DC-05,EXPEDITE,2026-08-03T05:21:00,2026-08-03T11:21:00,PICKING,PICKING,LATAM,NEXT_DAY
ORD-100388,SKU-00198,1,DC-07,STANDARD,2026-08-03T05:25:00,2026-08-03T13:25:00,RELEASED,EXCEPTION,APAC,STANDARD
ORD-100389,SKU-00413,1,DC-01,STANDARD,2026-08-03T05:27:00,2026-08-03T17:27:00,PACKING,EXCEPTION,APAC,STANDARD
ORD-100390,SKU-00441,1,DC-18,CRITICAL,2026-08-03T05:40:00,2026-08-03T17:40:00,PACKING,PACKING,MEA,STANDARD
ORD-100391,SKU-00278,1,DC-02,EXPEDITE,2026-08-03T05:54:00,2026-08-03T17:54:00,PACKING,HOLD,APAC,NEXT_DAY
ORD-100392,SKU-00200,1,DC-03,CRITICAL,2026-08-03T05:54:00,2026-08-03T13:54:00,ALLOCATED,HOLD,LATAM,STANDARD
ORD-100393,SKU-01088,1,DC-03,EXPEDITE,2026-08-03T06:03:00,2026-08-03T18:03:00,STAGED,STAGED,APAC,NEXT_DAY
ORD-100394,SKU-00476,1,DC-01,EXPEDITE,2026-08-03T06:08:00,2026-08-03T12:08:00,EXCEPTION,EXCEPTION,LATAM,STANDARD
ORD-100395,SKU-01100,1,DC-17,EXPEDITE,2026-08-03T06:12:00,2026-08-03T12:12:00,PICKING,PICKING,MEA,NEXT_DAY
ORD-100396,SKU-00465,1,DC-12,EXPEDITE,2026-08-03T06:21:00,2026-08-03T12:21:00,EXCEPTION,EXCEPTION,LATAM,SAME_DAY
ORD-100397,SKU-00185,1,DC-08,STANDARD,2026-08-03T06:22:00,2026-08-03T12:22:00,SHIPPED,EXCEPTION,EU,STANDARD
ORD-100398,SKU-00427,1,DC-14,CRITICAL,2026-08-03T06:30:00,2026-08-03T12:30:00,ALLOCATED,HOLD,APAC,NEXT_DAY
ORD-100399,SKU-00786,1,DC-01,EXPEDITE,2026-08-03T06:50:00,2026-08-03T12:50:00,STAGED,EXCEPTION,EU,NEXT_DAY
ORD-100400,SKU-00981,1,DC-01,EXPEDITE,2026-08-03T07:00:00,2026-08-04T07:00:00,RELEASED,RELEASED,EU,SAME_DAY
ORD-100401,SKU-00848,1,DC-16,STANDARD,2026-08-03T07:00:00,2026-08-04T07:00:00,RELEASED,EXCEPTION,EU,NEXT_DAY
ORD-100402,SKU-00468,1,DC-12,STANDARD,2026-08-03T07:05:00,2026-08-03T19:05:00,STAGED,STAGED,LATAM,STANDARD
ORD-100403,SKU-00230,1,DC-11,STANDARD,2026-08-03T07:09:00,2026-08-04T07:09:00,SHIPPED,EXCEPTION,APAC,NEXT_DAY
ORD-100404,SKU-00422,1,DC-18,CRITICAL,2026-08-03T07:11:00,2026-08-04T07:11:00,PICKING,PICKING,MEA,STANDARD
ORD-100405,SKU-01068,1,DC-17,STANDARD,2026-08-03T07:26:00,2026-08-03T13:26:00,PICKING,PICKING,APAC,STANDARD
ORD-100406,SKU-01096,1,DC-08,STANDARD,2026-08-03T07:26:00,2026-08-03T19:26:00,ALLOCATED,ALLOCATED,MEA,STANDARD
ORD-100407,SKU-00116,1,DC-03,STANDARD,2026-08-03T07:29:00,2026-08-04T07:29:00,PACKING,PACKING,LATAM,STANDARD
ORD-100408,SKU-00167,1,DC-10,EXPEDITE,2026-08-03T07:37:00,2026-08-03T19:37:00,STAGED,HOLD,APAC,SAME_DAY
ORD-100409,SKU-01144,1,DC-12,EXPEDITE,2026-08-03T07:41:00,2026-08-03T13:41:00,SHIPPED,SHIPPED,EU,SAME_DAY
ORD-100410,SKU-00633,1,DC-16,EXPEDITE,2026-08-03T07:45:00,2026-08-03T11:45:00,PACKING,PACKING,APAC,SAME_DAY
ORD-100411,SKU-00642,1,DC-17,STANDARD,2026-08-03T07:49:00,2026-08-03T15:49:00,RELEASED,RELEASED,MEA,STANDARD
ORD-100412,SKU-00279,1,DC-12,STANDARD,2026-08-03T07:52:00,2026-08-03T13:52:00,EXCEPTION,EXCEPTION,EU,STANDARD
ORD-100413,SKU-01007,1,DC-12,STANDARD,2026-08-03T07:52:00,2026-08-03T13:52:00,PICKING,EXCEPTION,MEA,NEXT_DAY
ORD-100414,SKU-00526,1,DC-06,STANDARD,2026-08-03T07:56:00,2026-08-03T13:56:00,STAGED,STAGED,EU,NEXT_DAY
ORD-100415,SKU-00516,1,DC-15,EXPEDITE,2026-08-03T08:06:00,2026-08-03T16:06:00,STAGED,STAGED,EU,STANDARD
ORD-100416,SKU-01126,1,DC-14,STANDARD,2026-08-03T08:06:00,2026-08-04T08:06:00,STAGED,STAGED,APAC,SAME_DAY
ORD-100417,SKU-00902,1,DC-05,STANDARD,2026-08-03T08:09:00,2026-08-03T14:09:00,PACKING,PACKING,APAC,STANDARD
ORD-100418,SKU-01036,1,DC-17,STANDARD,2026-08-03T08:10:00,2026-08-03T16:10:00,EXCEPTION,HOLD,APAC,NEXT_DAY
ORD-100419,SKU-00116,1,DC-09,STANDARD,2026-08-03T08:11:00,2026-08-03T16:11:00,ALLOCATED,HOLD,APAC,NEXT_DAY
ORD-100420,SKU-00450,1,DC-01,CRITICAL,2026-08-03T08:17:00,2026-08-03T20:17:00,ALLOCATED,ALLOCATED,LATAM,STANDARD
ORD-100421,SKU-00331,1,DC-01,STANDARD,2026-08-03T08:23:00,2026-08-04T08:23:00,PICKING,EXCEPTION,APAC,NEXT_DAY
ORD-100422,SKU-00658,1,DC-01,EXPEDITE,2026-08-03T08:36:00,2026-08-03T16:36:00,SHIPPED,HOLD,LATAM,SAME_DAY
ORD-100423,SKU-00991,1,DC-16,STANDARD,2026-08-03T08:43:00,2026-08-03T16:43:00,STAGED,HOLD,APAC,STANDARD
ORD-100424,SKU-00354,1,DC-11,STANDARD,2026-08-03T08:49:00,2026-08-03T20:49:00,PACKING,PACKING,APAC,SAME_DAY
ORD-100425,SKU-00186,1,DC-10,STANDARD,2026-08-03T08:50:00,2026-08-03T20:50:00,PICKING,PICKING,LATAM,SAME_DAY
ORD-100426,SKU-00517,1,DC-06,STANDARD,2026-08-03T08:56:00,2026-08-03T14:56:00,PACKING,PACKING,EU,NEXT_DAY
ORD-100427,SKU-00174,1,DC-14,EXPEDITE,2026-08-03T08:59:00,2026-08-03T14:59:00,ALLOCATED,ALLOCATED,MEA,NEXT_DAY
ORD-100428,SKU-00650,1,DC-08,STANDARD,2026-08-03T09:02:00,2026-08-03T21:02:00,RELEASED,RELEASED,MEA,NEXT_DAY
ORD-100429,SKU-00820,1,DC-17,STANDARD,2026-08-03T09:03:00,2026-08-03T15:03:00,SHIPPED,SHIPPED,LATAM,SAME_DAY
ORD-100430,SKU-00474,1,DC-16,STANDARD,2026-08-03T09:07:00,2026-08-04T09:07:00,RELEASED,RELEASED,MEA,SAME_DAY
ORD-100431,SKU-00616,1,DC-07,STANDARD,2026-08-03T09:11:00,2026-08-03T17:11:00,STAGED,STAGED,LATAM,SAME_DAY
ORD-100432,SKU-01178,1,DC-01,EXPEDITE,2026-08-03T09:22:00,2026-08-03T15:22:00,EXCEPTION,EXCEPTION,MEA,STANDARD
ORD-100433,SKU-01090,1,DC-15,STANDARD,2026-08-03T09:28:00,2026-08-04T09:28:00,ALLOCATED,ALLOCATED,LATAM,SAME_DAY
ORD-100434,SKU-00229,1,DC-16,STANDARD,2026-08-03T09:36:00,2026-08-04T09:36:00,ALLOCATED,EXCEPTION,LATAM,NEXT_DAY
ORD-100435,SKU-00185,1,DC-16,EXPEDITE,2026-08-03T09:45:00,2026-08-03T17:45:00,SHIPPED,SHIPPED,MEA,STANDARD
ORD-100436,SKU-00467,1,DC-04,STANDARD,2026-08-03T09:51:00,2026-08-04T09:51:00,RELEASED,EXCEPTION,APAC,NEXT_DAY
ORD-100437,SKU-01170,1,DC-16,STANDARD,2026-08-03T09:51:00,2026-08-03T13:51:00,EXCEPTION,EXCEPTION,APAC,NEXT_DAY
ORD-100438,SKU-00441,1,DC-18,STANDARD,2026-08-03T09:59:00,2026-08-03T15:59:00,ALLOCATED,HOLD,MEA,NEXT_DAY
ORD-100439,SKU-01135,1,DC-04,STANDARD,2026-08-03T10:00:00,2026-08-03T22:00:00,PICKING,PICKING,EU,NEXT_DAY
ORD-100440,SKU-00247,1,DC-16,EXPEDITE,2026-08-03T10:03:00,2026-08-03T16:03:00,PACKING,HOLD,LATAM,SAME_DAY
ORD-100441,SKU-00864,1,DC-16,STANDARD,2026-08-03T10:13:00,2026-08-03T18:13:00,RELEASED,RELEASED,APAC,STANDARD
ORD-100442,SKU-00769,1,DC-02,CRITICAL,2026-08-03T10:17:00,2026-08-03T16:17:00,EXCEPTION,EXCEPTION,EU,NEXT_DAY
ORD-100443,SKU-00862,1,DC-03,STANDARD,2026-08-03T10:18:00,2026-08-03T22:18:00,ALLOCATED,ALLOCATED,LATAM,NEXT_DAY
ORD-100444,SKU-00455,1,DC-03,CRITICAL,2026-08-03T10:21:00,2026-08-04T10:21:00,PICKING,PICKING,MEA,STANDARD
ORD-100445,SKU-00435,1,DC-18,STANDARD,2026-08-03T10:39:00,2026-08-03T16:39:00,EXCEPTION,EXCEPTION,APAC,STANDARD
ORD-100446,SKU-00279,1,DC-12,STANDARD,2026-08-03T10:39:00,2026-08-03T16:39:00,EXCEPTION,EXCEPTION,LATAM,STANDARD
ORD-100447,SKU-00469,1,DC-02,STANDARD,2026-08-03T10:40:00,2026-08-03T22:40:00,RELEASED,HOLD,LATAM,STANDARD
ORD-100448,SKU-00978,1,DC-01,STANDARD,2026-08-03T10:50:00,2026-08-03T14:50:00,STAGED,STAGED,EU,NEXT_DAY
ORD-100449,SKU-00599,1,DC-03,EXPEDITE,2026-08-03T10:53:00,2026-08-03T14:53:00,EXCEPTION,EXCEPTION,APAC,STANDARD
ORD-100450,SKU-00401,1,DC-16,EXPEDITE,2026-08-03T10:57:00,2026-08-03T16:57:00,SHIPPED,SHIPPED,MEA,NEXT_DAY
ORD-100451,SKU-01198,1,DC-01,STANDARD,2026-08-03T11:10:00,2026-08-03T23:10:00,ALLOCATED,EXCEPTION,EU,NEXT_DAY
ORD-100452,SKU-00932,1,DC-06,STANDARD,2026-08-03T11:25:00,2026-08-03T17:25:00,PACKING,PACKING,APAC,NEXT_DAY
ORD-100453,SKU-00071,1,DC-14,STANDARD,2026-08-03T11:41:00,2026-08-03T15:41:00,ALLOCATED,HOLD,MEA,STANDARD
ORD-100454,SKU-00741,1,DC-12,CRITICAL,2026-08-03T11:43:00,2026-08-03T19:43:00,STAGED,STAGED,MEA,NEXT_DAY
ORD-100455,SKU-00764,1,DC-16,EXPEDITE,2026-08-03T11:49:00,2026-08-03T17:49:00,SHIPPED,EXCEPTION,APAC,NEXT_DAY
ORD-100456,SKU-01181,1,DC-11,STANDARD,2026-08-03T11:53:00,2026-08-03T23:53:00,STAGED,HOLD,MEA,STANDARD
ORD-100457,SKU-01093,1,DC-10,EXPEDITE,2026-08-03T12:03:00,2026-08-04T12:03:00,ALLOCATED,ALLOCATED,APAC,STANDARD
ORD-100458,SKU-00176,1,DC-14,CRITICAL,2026-08-03T12:06:00,2026-08-04T00:06:00,SHIPPED,EXCEPTION,LATAM,NEXT_DAY
ORD-100459,SKU-00907,1,DC-10,STANDARD,2026-08-03T12:08:00,2026-08-04T12:08:00,STAGED,HOLD,MEA,SAME_DAY
ORD-100460,SKU-00543,1,DC-16,EXPEDITE,2026-08-03T12:13:00,2026-08-03T20:13:00,PACKING,PACKING,MEA,SAME_DAY
ORD-100461,SKU-00881,1,DC-16,STANDARD,2026-08-03T12:23:00,2026-08-04T00:23:00,EXCEPTION,EXCEPTION,EU,NEXT_DAY
ORD-100462,SKU-00529,1,DC-09,STANDARD,2026-08-03T12:47:00,2026-08-04T00:47:00,STAGED,EXCEPTION,EU,NEXT_DAY
ORD-100463,SKU-00883,1,DC-01,STANDARD,2026-08-03T12:51:00,2026-08-04T00:51:00,STAGED,EXCEPTION,APAC,SAME_DAY
ORD-100464,SKU-00349,1,DC-06,STANDARD,2026-08-03T12:58:00,2026-08-04T12:58:00,PICKING,EXCEPTION,APAC,SAME_DAY
ORD-100465,SKU-00332,1,DC-02,STANDARD,2026-08-03T12:59:00,2026-08-04T12:59:00,PICKING,PICKING,LATAM,STANDARD
ORD-100466,SKU-01002,1,DC-03,STANDARD,2026-08-03T13:16:00,2026-08-03T17:16:00,EXCEPTION,EXCEPTION,APAC,STANDARD
ORD-100467,SKU-00106,1,DC-05,EXPEDITE,2026-08-03T13:34:00,2026-08-03T17:34:00,ALLOCATED,HOLD,MEA,SAME_DAY
ORD-100468,SKU-00093,1,DC-08,STANDARD,2026-08-03T13:35:00,2026-08-04T13:35:00,PICKING,EXCEPTION,APAC,STANDARD
ORD-100469,SKU-00169,1,DC-13,STANDARD,2026-08-03T13:36:00,2026-08-03T19:36:00,STAGED,STAGED,EU,NEXT_DAY
ORD-100470,SKU-00515,1,DC-02,EXPEDITE,2026-08-03T13:36:00,2026-08-04T13:36:00,RELEASED,EXCEPTION,LATAM,STANDARD
ORD-100471,SKU-01179,1,DC-10,STANDARD,2026-08-03T13:36:00,2026-08-04T13:36:00,ALLOCATED,EXCEPTION,APAC,SAME_DAY
ORD-100472,SKU-00944,1,DC-02,STANDARD,2026-08-03T13:46:00,2026-08-04T01:46:00,RELEASED,HOLD,APAC,NEXT_DAY
ORD-100473,SKU-00601,1,DC-10,CRITICAL,2026-08-03T14:04:00,2026-08-03T18:04:00,EXCEPTION,HOLD,LATAM,NEXT_DAY
ORD-100474,SKU-00072,1,DC-08,EXPEDITE,2026-08-03T14:12:00,2026-08-03T20:12:00,ALLOCATED,ALLOCATED,APAC,SAME_DAY
ORD-100475,SKU-00989,1,DC-11,STANDARD,2026-08-03T14:14:00,2026-08-03T22:14:00,EXCEPTION,HOLD,APAC,SAME_DAY
ORD-100476,SKU-00961,1,DC-02,STANDARD,2026-08-03T14:16:00,2026-08-04T02:16:00,EXCEPTION,EXCEPTION,EU,NEXT_DAY
ORD-100477,SKU-00247,1,DC-16,CRITICAL,2026-08-03T14:26:00,2026-08-03T22:26:00,EXCEPTION,EXCEPTION,LATAM,STANDARD
ORD-100478,SKU-00106,1,DC-06,STANDARD,2026-08-03T14:36:00,2026-08-04T02:36:00,SHIPPED,SHIPPED,MEA,NEXT_DAY
ORD-100479,SKU-00445,1,DC-02,STANDARD,2026-08-03T14:36:00,2026-08-04T14:36:00,ALLOCATED,EXCEPTION,EU,NEXT_DAY
ORD-100480,SKU-00624,1,DC-11,STANDARD,2026-08-03T14:41:00,2026-08-03T22:41:00,EXCEPTION,HOLD,APAC,STANDARD
ORD-100481,SKU-00317,1,DC-15,STANDARD,2026-08-03T14:47:00,2026-08-03T22:47:00,EXCEPTION,EXCEPTION,APAC,NEXT_DAY
ORD-100482,SKU-00106,1,DC-04,EXPEDITE,2026-08-03T14:57:00,2026-08-04T02:57:00,SHIPPED,SHIPPED,MEA,NEXT_DAY
ORD-100483,SKU-00559,1,DC-14,EXPEDITE,2026-08-03T15:04:00,2026-08-03T21:04:00,ALLOCATED,EXCEPTION,LATAM,SAME_DAY
ORD-100484,SKU-00240,1,DC-15,CRITICAL,2026-08-03T15:13:00,2026-08-04T03:13:00,SHIPPED,SHIPPED,EU,SAME_DAY
ORD-100485,SKU-00448,1,DC-15,EXPEDITE,2026-08-03T15:13:00,2026-08-03T21:13:00,RELEASED,RELEASED,LATAM,NEXT_DAY
ORD-100486,SKU-00005,1,DC-12,STANDARD,2026-08-03T15:14:00,2026-08-03T23:14:00,STAGED,EXCEPTION,EU,STANDARD
ORD-100487,SKU-00060,1,DC-10,STANDARD,2026-08-03T15:16:00,2026-08-03T23:16:00,PICKING,PICKING,LATAM,SAME_DAY
ORD-100488,SKU-00703,1,DC-05,CRITICAL,2026-08-03T16:03:00,2026-08-04T16:03:00,PICKING,PICKING,LATAM,NEXT_DAY
ORD-100489,SKU-01114,1,DC-12,STANDARD,2026-08-03T16:06:00,2026-08-03T22:06:00,RELEASED,RELEASED,MEA,NEXT_DAY
ORD-100490,SKU-00395,1,DC-08,STANDARD,2026-08-03T16:10:00,2026-08-04T04:10:00,RELEASED,RELEASED,MEA,STANDARD
ORD-100491,SKU-01096,1,DC-14,CRITICAL,2026-08-03T16:15:00,2026-08-04T16:15:00,ALLOCATED,HOLD,EU,STANDARD
ORD-100492,SKU-00004,1,DC-15,STANDARD,2026-08-03T16:31:00,2026-08-04T16:31:00,EXCEPTION,HOLD,EU,NEXT_DAY
ORD-100493,SKU-00267,1,DC-05,STANDARD,2026-08-03T16:43:00,2026-08-04T00:43:00,SHIPPED,EXCEPTION,MEA,SAME_DAY
ORD-100494,SKU-00380,1,DC-13,EXPEDITE,2026-08-03T16:44:00,2026-08-04T04:44:00,PICKING,HOLD,LATAM,STANDARD
ORD-100495,SKU-01052,1,DC-14,CRITICAL,2026-08-03T16:47:00,2026-08-03T20:47:00,SHIPPED,EXCEPTION,APAC,STANDARD
ORD-100496,SKU-00229,1,DC-17,STANDARD,2026-08-03T16:49:00,2026-08-03T20:49:00,PACKING,PACKING,APAC,SAME_DAY
ORD-100497,SKU-00469,1,DC-06,EXPEDITE,2026-08-03T17:01:00,2026-08-03T21:01:00,ALLOCATED,ALLOCATED,MEA,SAME_DAY
ORD-100498,SKU-01107,1,DC-16,STANDARD,2026-08-03T17:02:00,2026-08-04T05:02:00,PICKING,HOLD,LATAM,NEXT_DAY
ORD-100499,SKU-00922,1,DC-02,STANDARD,2026-08-03T17:15:00,2026-08-04T01:15:00,ALLOCATED,ALLOCATED,MEA,STANDARD
ORD-100500,SKU-00385,1,DC-02,CRITICAL,2026-08-03T17:23:00,2026-08-04T05:23:00,ALLOCATED,ALLOCATED,APAC,NEXT_DAY
ORD-100501,SKU-00477,1,DC-04,CRITICAL,2026-08-03T17:30:00,2026-08-03T21:30:00,STAGED,HOLD,MEA,NEXT_DAY
ORD-100502,SKU-00703,1,DC-06,STANDARD,2026-08-03T17:49:00,2026-08-04T05:49:00,EXCEPTION,EXCEPTION,APAC,SAME_DAY
ORD-100503,SKU-00370,1,DC-17,STANDARD,2026-08-03T18:06:00,2026-08-04T02:06:00,PACKING,HOLD,LATAM,STANDARD
ORD-100504,SKU-00746,1,DC-18,STANDARD,2026-08-03T18:17:00,2026-08-04T02:17:00,PACKING,PACKING,EU,NEXT_DAY
ORD-100505,SKU-00603,1,DC-09,STANDARD,2026-08-03T18:25:00,2026-08-04T18:25:00,ALLOCATED,EXCEPTION,LATAM,STANDARD
ORD-100506,SKU-00381,1,DC-07,STANDARD,2026-08-03T19:00:00,2026-08-04T03:00:00,EXCEPTION,EXCEPTION,MEA,SAME_DAY
ORD-100507,SKU-01125,1,DC-12,STANDARD,2026-08-03T19:14:00,2026-08-04T01:14:00,PICKING,PICKING,APAC,SAME_DAY
ORD-100508,SKU-00193,1,DC-18,STANDARD,2026-08-03T19:15:00,2026-08-03T23:15:00,ALLOCATED,HOLD,APAC,NEXT_DAY
ORD-100509,SKU-01141,1,DC-12,STANDARD,2026-08-03T19:17:00,2026-08-04T01:17:00,STAGED,STAGED,MEA,SAME_DAY
ORD-100510,SKU-00581,1,DC-04,STANDARD,2026-08-03T19:19:00,2026-08-04T03:19:00,PACKING,PACKING,EU,SAME_DAY
ORD-100511,SKU-00009,1,DC-15,EXPEDITE,2026-08-03T19:22:00,2026-08-04T07:22:00,ALLOCATED,ALLOCATED,APAC,NEXT_DAY
ORD-100512,SKU-00720,1,DC-14,STANDARD,2026-08-03T19:25:00,2026-08-04T07:25:00,STAGED,STAGED,LATAM,NEXT_DAY
ORD-100513,SKU-00644,1,DC-12,STANDARD,2026-08-03T19:39:00,2026-08-04T07:39:00,PACKING,HOLD,APAC,SAME_DAY
ORD-100514,SKU-01117,1,DC-08,EXPEDITE,2026-08-03T19:46:00,2026-08-04T19:46:00,STAGED,STAGED,APAC,SAME_DAY
ORD-100515,SKU-01191,1,DC-10,EXPEDITE,2026-08-03T19:51:00,2026-08-04T01:51:00,EXCEPTION,EXCEPTION,APAC,NEXT_DAY
ORD-100516,SKU-00785,1,DC-10,STANDARD,2026-08-03T19:56:00,2026-08-03T23:56:00,PACKING,PACKING,EU,NEXT_DAY
ORD-100517,SKU-00655,1,DC-03,STANDARD,2026-08-03T19:56:00,2026-08-04T03:56:00,RELEASED,RELEASED,APAC,STANDARD
ORD-100518,SKU-00269,1,DC-18,EXPEDITE,2026-08-03T20:02:00,2026-08-04T02:02:00,RELEASED,EXCEPTION,MEA,SAME_DAY
ORD-100519,SKU-00314,1,DC-02,STANDARD,2026-08-03T20:09:00,2026-08-04T00:09:00,STAGED,STAGED,EU,STANDARD
ORD-100520,SKU-00702,1,DC-07,EXPEDITE,2026-08-03T20:10:00,2026-08-04T02:10:00,SHIPPED,SHIPPED,APAC,SAME_DAY
ORD-100521,SKU-01052,1,DC-15,STANDARD,2026-08-03T20:37:00,2026-08-04T08:37:00,RELEASED,EXCEPTION,APAC,NEXT_DAY
ORD-100522,SKU-00926,1,DC-03,STANDARD,2026-08-03T20:40:00,2026-08-04T04:40:00,PACKING,PACKING,MEA,STANDARD
ORD-100523,SKU-00274,1,DC-02,STANDARD,2026-08-03T20:41:00,2026-08-04T04:41:00,EXCEPTION,EXCEPTION,EU,STANDARD
ORD-100524,SKU-01167,1,DC-18,EXPEDITE,2026-08-03T20:45:00,2026-08-04T08:45:00,ALLOCATED,ALLOCATED,MEA,SAME_DAY
ORD-100525,SKU-00441,1,DC-18,CRITICAL,2026-08-03T20:45:00,2026-08-04T00:45:00,PACKING,EXCEPTION,APAC,NEXT_DAY
ORD-100526,SKU-00430,1,DC-14,STANDARD,2026-08-03T20:49:00,2026-08-04T04:49:00,STAGED,STAGED,MEA,NEXT_DAY
ORD-100527,SKU-00900,1,DC-03,STANDARD,2026-08-03T20:50:00,2026-08-04T20:50:00,ALLOCATED,HOLD,EU,STANDARD
ORD-100528,SKU-00081,1,DC-05,STANDARD,2026-08-03T20:58:00,2026-08-04T02:58:00,PACKING,EXCEPTION,MEA,STANDARD
ORD-100529,SKU-00203,1,DC-10,STANDARD,2026-08-03T20:59:00,2026-08-04T04:59:00,EXCEPTION,EXCEPTION,EU,NEXT_DAY
ORD-100530,SKU-00070,1,DC-08,EXPEDITE,2026-08-03T20:59:00,2026-08-04T04:59:00,PICKING,PICKING,LATAM,SAME_DAY
ORD-100531,SKU-00462,1,DC-18,STANDARD,2026-08-03T21:00:00,2026-08-04T05:00:00,PACKING,PACKING,APAC,SAME_DAY
ORD-100532,SKU-00181,1,DC-02,CRITICAL,2026-08-03T21:02:00,2026-08-04T05:02:00,PACKING,PACKING,MEA,SAME_DAY
ORD-100533,SKU-00603,1,DC-02,STANDARD,2026-08-03T21:03:00,2026-08-04T01:03:00,PACKING,EXCEPTION,APAC,SAME_DAY
ORD-100534,SKU-00699,1,DC-06,CRITICAL,2026-08-03T21:03:00,2026-08-04T09:03:00,PACKING,HOLD,APAC,SAME_DAY
ORD-100535,SKU-01145,1,DC-01,EXPEDITE,2026-08-03T21:04:00,2026-08-04T03:04:00,EXCEPTION,EXCEPTION,LATAM,NEXT_DAY
ORD-100536,SKU-00012,1,DC-12,STANDARD,2026-08-03T21:14:00,2026-08-04T21:14:00,EXCEPTION,EXCEPTION,MEA,NEXT_DAY
ORD-100537,SKU-00784,1,DC-18,STANDARD,2026-08-03T21:19:00,2026-08-04T03:19:00,EXCEPTION,HOLD,EU,STANDARD
ORD-100538,SKU-00470,1,DC-05,STANDARD,2026-08-03T21:31:00,2026-08-04T05:31:00,RELEASED,RELEASED,APAC,SAME_DAY
ORD-100539,SKU-00660,1,DC-14,STANDARD,2026-08-03T21:37:00,2026-08-04T03:37:00,PICKING,PICKING,MEA,SAME_DAY
ORD-100540,SKU-00428,1,DC-07,STANDARD,2026-08-03T21:41:00,2026-08-04T03:41:00,RELEASED,RELEASED,EU,STANDARD
ORD-100541,SKU-00776,1,DC-02,STANDARD,2026-08-03T21:47:00,2026-08-04T09:47:00,STAGED,EXCEPTION,EU,SAME_DAY
ORD-100542,SKU-00874,1,DC-15,CRITICAL,2026-08-03T21:57:00,2026-08-04T03:57:00,RELEASED,RELEASED,MEA,SAME_DAY
ORD-100543,SKU-00176,1,DC-13,STANDARD,2026-08-03T22:03:00,2026-08-04T10:03:00,PICKING,HOLD,APAC,NEXT_DAY
ORD-100544,SKU-00455,1,DC-09,EXPEDITE,2026-08-03T22:04:00,2026-08-04T02:04:00,SHIPPED,SHIPPED,MEA,STANDARD
ORD-100545,SKU-00289,1,DC-15,CRITICAL,2026-08-03T22:09:00,2026-08-04T02:09:00,SHIPPED,SHIPPED,LATAM,STANDARD
ORD-100546,SKU-00750,1,DC-17,EXPEDITE,2026-08-03T22:13:00,2026-08-04T02:13:00,PICKING,PICKING,EU,STANDARD
ORD-100547,SKU-00720,1,DC-16,STANDARD,2026-08-03T22:31:00,2026-08-04T06:31:00,PACKING,PACKING,LATAM,NEXT_DAY
ORD-100548,SKU-00379,1,DC-09,STANDARD,2026-08-03T22:37:00,2026-08-04T06:37:00,RELEASED,HOLD,MEA,NEXT_DAY
ORD-100549,SKU-00983,1,DC-11,STANDARD,2026-08-03T22:44:00,2026-08-04T10:44:00,PICKING,HOLD,APAC,SAME_DAY
ORD-100550,SKU-00826,1,DC-01,STANDARD,2026-08-03T22:46:00,2026-08-04T06:46:00,PICKING,PICKING,EU,SAME_DAY
ORD-100551,SKU-00106,1,DC-11,STANDARD,2026-08-03T23:00:00,2026-08-04T07:00:00,EXCEPTION,HOLD,LATAM,STANDARD
ORD-100552,SKU-00762,1,DC-08,EXPEDITE,2026-08-03T23:14:00,2026-08-04T11:14:00,RELEASED,EXCEPTION,MEA,SAME_DAY
ORD-100553,SKU-00700,1,DC-06,STANDARD,2026-08-03T23:17:00,2026-08-04T05:17:00,ALLOCATED,ALLOCATED,APAC,SAME_DAY
ORD-100554,SKU-00542,1,DC-06,STANDARD,2026-08-03T23:36:00,2026-08-04T03:36:00,STAGED,EXCEPTION,EU,STANDARD
ORD-100555,SKU-00895,1,DC-08,CRITICAL,2026-08-03T23:40:00,2026-08-04T05:40:00,SHIPPED,SHIPPED,EU,NEXT_DAY
ORD-100556,SKU-00655,1,DC-03,STANDARD,2026-08-03T23:52:00,2026-08-04T23:52:00,PICKING,PICKING,LATAM,STANDARD
ORD-100557,SKU-00611,1,DC-07,STANDARD,2026-08-04T00:01:00,2026-08-04T04:01:00,PACKING,PACKING,APAC,NEXT_DAY
ORD-100558,SKU-00725,1,DC-10,EXPEDITE,2026-08-04T00:05:00,2026-08-04T08:05:00,ALLOCATED,EXCEPTION,LATAM,SAME_DAY
ORD-100559,SKU-00830,1,DC-01,STANDARD,2026-08-04T00:16:00,2026-08-04T12:16:00,SHIPPED,SHIPPED,EU,NEXT_DAY
ORD-100560,SKU-00038,1,DC-15,STANDARD,2026-08-04T00:17:00,2026-08-04T12:17:00,EXCEPTION,EXCEPTION,LATAM,STANDARD
ORD-100561,SKU-00296,1,DC-04,STANDARD,2026-08-04T00:23:00,2026-08-04T04:23:00,SHIPPED,SHIPPED,EU,STANDARD
ORD-100562,SKU-00645,1,DC-13,EXPEDITE,2026-08-04T00:24:00,2026-08-04T12:24:00,PACKING,PACKING,LATAM,NEXT_DAY
ORD-100563,SKU-00308,1,DC-07,STANDARD,2026-08-04T00:26:00,2026-08-04T12:26:00,ALLOCATED,ALLOCATED,EU,STANDARD
ORD-100564,SKU-00816,1,DC-10,STANDARD,2026-08-04T00:42:00,2026-08-04T06:42:00,ALLOCATED,ALLOCATED,MEA,SAME_DAY
ORD-100565,SKU-00500,1,DC-17,STANDARD,2026-08-04T00:53:00,2026-08-04T06:53:00,ALLOCATED,ALLOCATED,APAC,SAME_DAY
ORD-100566,SKU-01170,1,DC-15,STANDARD,2026-08-04T01:03:00,2026-08-05T01:03:00,ALLOCATED,ALLOCATED,APAC,SAME_DAY
ORD-100567,SKU-00295,1,DC-03,STANDARD,2026-08-04T01:06:00,2026-08-04T07:06:00,PICKING,PICKING,LATAM,SAME_DAY
ORD-100568,SKU-00181,1,DC-14,STANDARD,2026-08-04T01:09:00,2026-08-04T09:09:00,SHIPPED,SHIPPED,MEA,NEXT_DAY
ORD-100569,SKU-00192,1,DC-12,STANDARD,2026-08-04T01:09:00,2026-08-04T09:09:00,SHIPPED,SHIPPED,LATAM,STANDARD
ORD-100570,SKU-01118,1,DC-17,STANDARD,2026-08-04T01:16:00,2026-08-05T01:16:00,STAGED,STAGED,LATAM,NEXT_DAY
ORD-100571,SKU-00041,1,DC-11,STANDARD,2026-08-04T01:20:00,2026-08-04T13:20:00,RELEASED,RELEASED,LATAM,SAME_DAY
ORD-100572,SKU-01082,1,DC-01,STANDARD,2026-08-04T01:27:00,2026-08-04T05:27:00,STAGED,HOLD,MEA,SAME_DAY
ORD-100573,SKU-00823,1,DC-03,STANDARD,2026-08-04T01:33:00,2026-08-05T01:33:00,ALLOCATED,ALLOCATED,APAC,SAME_DAY
ORD-100574,SKU-00367,1,DC-15,STANDARD,2026-08-04T01:39:00,2026-08-05T01:39:00,SHIPPED,HOLD,EU,NEXT_DAY
ORD-100575,SKU-00525,1,DC-08,STANDARD,2026-08-04T01:40:00,2026-08-04T13:40:00,SHIPPED,SHIPPED,LATAM,NEXT_DAY
ORD-100576,SKU-00418,1,DC-12,EXPEDITE,2026-08-04T01:41:00,2026-08-04T09:41:00,RELEASED,RELEASED,MEA,STANDARD
ORD-100577,SKU-00131,1,DC-07,EXPEDITE,2026-08-04T01:54:00,2026-08-04T09:54:00,RELEASED,EXCEPTION,EU,NEXT_DAY
ORD-100578,SKU-00272,1,DC-12,STANDARD,2026-08-04T01:57:00,2026-08-04T13:57:00,ALLOCATED,HOLD,MEA,SAME_DAY
ORD-100579,SKU-01194,1,DC-11,STANDARD,2026-08-04T01:58:00,2026-08-04T07:58:00,PICKING,PICKING,LATAM,NEXT_DAY
ORD-100580,SKU-00963,1,DC-05,STANDARD,2026-08-04T02:01:00,2026-08-04T14:01:00,RELEASED,RELEASED,MEA,STANDARD
ORD-100581,SKU-00891,1,DC-14,STANDARD,2026-08-04T02:04:00,2026-08-04T14:04:00,PACKING,PACKING,MEA,SAME_DAY
ORD-100582,SKU-00818,1,DC-02,STANDARD,2026-08-04T02:08:00,2026-08-04T14:08:00,EXCEPTION,EXCEPTION,LATAM,SAME_DAY
ORD-100583,SKU-00696,1,DC-11,STANDARD,2026-08-04T02:28:00,2026-08-04T10:28:00,PICKING,PICKING,EU,NEXT_DAY
ORD-100584,SKU-00615,1,DC-17,EXPEDITE,2026-08-04T02:38:00,2026-08-04T10:38:00,ALLOCATED,ALLOCATED,MEA,STANDARD
ORD-100585,SKU-00057,1,DC-15,STANDARD,2026-08-04T02:40:00,2026-08-04T06:40:00,PACKING,EXCEPTION,EU,STANDARD
ORD-100586,SKU-00999,1,DC-13,STANDARD,2026-08-04T02:41:00,2026-08-04T10:41:00,PICKING,EXCEPTION,EU,NEXT_DAY
ORD-100587,SKU-00115,1,DC-16,EXPEDITE,2026-08-04T03:08:00,2026-08-04T07:08:00,STAGED,HOLD,APAC,STANDARD
ORD-100588,SKU-01170,1,DC-07,STANDARD,2026-08-04T03:10:00,2026-08-04T15:10:00,PACKING,HOLD,MEA,STANDARD
ORD-100589,SKU-00175,1,DC-07,STANDARD,2026-08-04T03:10:00,2026-08-05T03:10:00,STAGED,STAGED,MEA,NEXT_DAY
ORD-100590,SKU-00582,1,DC-07,CRITICAL,2026-08-04T03:16:00,2026-08-05T03:16:00,SHIPPED,SHIPPED,MEA,NEXT_DAY
ORD-100591,SKU-01199,1,DC-07,EXPEDITE,2026-08-04T03:20:00,2026-08-04T15:20:00,STAGED,STAGED,MEA,NEXT_DAY
ORD-100592,SKU-00689,1,DC-09,EXPEDITE,2026-08-04T03:23:00,2026-08-04T07:23:00,EXCEPTION,EXCEPTION,EU,SAME_DAY
ORD-100593,SKU-00837,1,DC-07,STANDARD,2026-08-04T03:23:00,2026-08-04T11:23:00,STAGED,STAGED,LATAM,STANDARD
ORD-100594,SKU-00668,1,DC-17,STANDARD,2026-08-04T03:27:00,2026-08-04T09:27:00,PICKING,PICKING,APAC,NEXT_DAY
ORD-100595,SKU-00272,1,DC-08,CRITICAL,2026-08-04T03:37:00,2026-08-04T07:37:00,PACKING,PACKING,APAC,STANDARD
ORD-100596,SKU-00923,1,DC-11,STANDARD,2026-08-04T03:41:00,2026-08-04T07:41:00,PACKING,PACKING,EU,SAME_DAY
ORD-100597,SKU-00564,1,DC-09,EXPEDITE,2026-08-04T03:42:00,2026-08-04T15:42:00,RELEASED,RELEASED,APAC,STANDARD
ORD-100598,SKU-00765,1,DC-07,STANDARD,2026-08-04T03:42:00,2026-08-04T11:42:00,PACKING,EXCEPTION,APAC,NEXT_DAY
ORD-100599,SKU-00080,1,DC-13,STANDARD,2026-08-04T03:44:00,2026-08-04T07:44:00,RELEASED,RELEASED,EU,SAME_DAY
ORD-100600,SKU-00789,1,DC-10,CRITICAL,2026-08-04T04:07:00,2026-08-04T10:07:00,STAGED,STAGED,LATAM,NEXT_DAY
ORD-100601,SKU-01200,1,DC-07,STANDARD,2026-08-04T04:11:00,2026-08-05T04:11:00,ALLOCATED,HOLD,LATAM,STANDARD
ORD-100602,SKU-00689,1,DC-05,STANDARD,2026-08-04T04:29:00,2026-08-04T08:29:00,RELEASED,RELEASED,MEA,NEXT_DAY
ORD-100603,SKU-00499,1,DC-07,STANDARD,2026-08-04T05:00:00,2026-08-04T11:00:00,SHIPPED,SHIPPED,MEA,SAME_DAY
ORD-100604,SKU-00200,1,DC-16,STANDARD,2026-08-04T05:04:00,2026-08-04T13:04:00,EXCEPTION,EXCEPTION,LATAM,SAME_DAY
ORD-100605,SKU-01156,1,DC-16,STANDARD,2026-08-04T05:13:00,2026-08-04T11:13:00,ALLOCATED,HOLD,LATAM,SAME_DAY
ORD-100606,SKU-00913,1,DC-14,STANDARD,2026-08-04T05:15:00,2026-08-05T05:15:00,ALLOCATED,HOLD,LATAM,NEXT_DAY
ORD-100607,SKU-01159,1,DC-13,STANDARD,2026-08-04T06:07:00,2026-08-05T06:07:00,PICKING,PICKING,EU,SAME_DAY
ORD-100608,SKU-00223,1,DC-03,EXPEDITE,2026-08-04T06:13:00,2026-08-04T18:13:00,PICKING,PICKING,MEA,STANDARD
ORD-100609,SKU-00553,1,DC-11,STANDARD,2026-08-04T06:26:00,2026-08-04T18:26:00,PICKING,EXCEPTION,EU,NEXT_DAY
ORD-100610,SKU-00700,1,DC-09,CRITICAL,2026-08-04T06:37:00,2026-08-04T10:37:00,PICKING,PICKING,MEA,STANDARD
ORD-100611,SKU-00987,1,DC-10,STANDARD,2026-08-04T06:52:00,2026-08-04T18:52:00,RELEASED,HOLD,APAC,NEXT_DAY
ORD-100612,SKU-00088,1,DC-18,STANDARD,2026-08-04T07:02:00,2026-08-04T11:02:00,PICKING,PICKING,MEA,NEXT_DAY
ORD-100613,SKU-00632,1,DC-15,STANDARD,2026-08-04T07:24:00,2026-08-04T13:24:00,SHIPPED,SHIPPED,APAC,NEXT_DAY
ORD-100614,SKU-00579,1,DC-16,EXPEDITE,2026-08-04T07:25:00,2026-08-05T07:25:00,PACKING,HOLD,MEA,STANDARD
ORD-100615,SKU-00315,1,DC-08,CRITICAL,2026-08-04T07:30:00,2026-08-04T11:30:00,SHIPPED,HOLD,LATAM,SAME_DAY
ORD-100616,SKU-00088,1,DC-12,EXPEDITE,2026-08-04T07:37:00,2026-08-04T13:37:00,ALLOCATED,HOLD,EU,SAME_DAY
ORD-100617,SKU-00172,1,DC-10,STANDARD,2026-08-04T07:49:00,2026-08-05T07:49:00,SHIPPED,SHIPPED,EU,SAME_DAY
ORD-100618,SKU-00853,1,DC-05,STANDARD,2026-08-04T07:57:00,2026-08-04T19:57:00,ALLOCATED,ALLOCATED,MEA,STANDARD
ORD-100619,SKU-00367,1,DC-18,EXPEDITE,2026-08-04T07:59:00,2026-08-04T15:59:00,EXCEPTION,EXCEPTION,EU,SAME_DAY
ORD-100620,SKU-00393,1,DC-01,CRITICAL,2026-08-04T08:10:00,2026-08-04T16:10:00,SHIPPED,SHIPPED,MEA,STANDARD
ORD-100621,SKU-00663,1,DC-13,CRITICAL,2026-08-04T08:24:00,2026-08-04T12:24:00,EXCEPTION,EXCEPTION,MEA,STANDARD
ORD-100622,SKU-00613,1,DC-13,STANDARD,2026-08-04T08:25:00,2026-08-05T08:25:00,RELEASED,RELEASED,APAC,STANDARD
ORD-100623,SKU-01047,1,DC-03,CRITICAL,2026-08-04T08:25:00,2026-08-05T08:25:00,STAGED,STAGED,MEA,NEXT_DAY
ORD-100624,SKU-00697,1,DC-11,STANDARD,2026-08-04T08:26:00,2026-08-04T12:26:00,PACKING,PACKING,MEA,SAME_DAY
ORD-100625,SKU-01009,1,DC-15,STANDARD,2026-08-04T08:26:00,2026-08-04T16:26:00,EXCEPTION,EXCEPTION,MEA,NEXT_DAY
ORD-100626,SKU-01164,1,DC-03,STANDARD,2026-08-04T08:36:00,2026-08-04T16:36:00,EXCEPTION,HOLD,MEA,SAME_DAY
ORD-100627,SKU-01008,1,DC-14,STANDARD,2026-08-04T08:44:00,2026-08-04T14:44:00,STAGED,HOLD,LATAM,NEXT_DAY
ORD-100628,SKU-00477,1,DC-01,EXPEDITE,2026-08-04T08:46:00,2026-08-05T08:46:00,SHIPPED,EXCEPTION,LATAM,SAME_DAY
ORD-100629,SKU-00897,1,DC-10,EXPEDITE,2026-08-04T08:51:00,2026-08-05T08:51:00,SHIPPED,EXCEPTION,EU,SAME_DAY
ORD-100630,SKU-00122,1,DC-05,EXPEDITE,2026-08-04T08:56:00,2026-08-04T14:56:00,ALLOCATED,ALLOCATED,MEA,SAME_DAY
ORD-100631,SKU-01026,1,DC-04,STANDARD,2026-08-04T08:58:00,2026-08-04T12:58:00,ALLOCATED,EXCEPTION,LATAM,NEXT_DAY
ORD-100632,SKU-00573,1,DC-08,STANDARD,2026-08-04T09:45:00,2026-08-04T21:45:00,RELEASED,RELEASED,APAC,STANDARD
ORD-100633,SKU-00381,1,DC-11,EXPEDITE,2026-08-04T10:04:00,2026-08-04T18:04:00,PICKING,PICKING,MEA,STANDARD
ORD-100634,SKU-00699,1,DC-06,STANDARD,2026-08-04T10:06:00,2026-08-04T22:06:00,ALLOCATED,ALLOCATED,LATAM,STANDARD
ORD-100635,SKU-00663,1,DC-16,EXPEDITE,2026-08-04T10:12:00,2026-08-04T14:12:00,ALLOCATED,HOLD,EU,STANDARD
ORD-100636,SKU-00673,1,DC-14,STANDARD,2026-08-04T10:15:00,2026-08-04T16:15:00,ALLOCATED,HOLD,EU,SAME_DAY
ORD-100637,SKU-01060,1,DC-06,STANDARD,2026-08-04T10:22:00,2026-08-05T10:22:00,PACKING,PACKING,LATAM,SAME_DAY
ORD-100638,SKU-01057,1,DC-05,STANDARD,2026-08-04T10:22:00,2026-08-04T16:22:00,STAGED,STAGED,EU,NEXT_DAY
ORD-100639,SKU-01149,1,DC-05,EXPEDITE,2026-08-04T10:25:00,2026-08-04T18:25:00,STAGED,STAGED,EU,STANDARD
ORD-100640,SKU-00706,1,DC-03,STANDARD,2026-08-04T10:34:00,2026-08-04T18:34:00,SHIPPED,EXCEPTION,APAC,SAME_DAY
ORD-100641,SKU-00145,1,DC-10,STANDARD,2026-08-04T10:59:00,2026-08-05T10:59:00,ALLOCATED,ALLOCATED,APAC,STANDARD
ORD-100642,SKU-00500,1,DC-17,EXPEDITE,2026-08-04T11:05:00,2026-08-04T23:05:00,STAGED,HOLD,LATAM,STANDARD
ORD-100643,SKU-00252,1,DC-13,STANDARD,2026-08-04T11:07:00,2026-08-04T15:07:00,PACKING,PACKING,LATAM,NEXT_DAY
ORD-100644,SKU-00189,1,DC-17,EXPEDITE,2026-08-04T11:11:00,2026-08-04T23:11:00,EXCEPTION,HOLD,APAC,NEXT_DAY
ORD-100645,SKU-00155,1,DC-16,STANDARD,2026-08-04T11:11:00,2026-08-04T23:11:00,STAGED,STAGED,EU,SAME_DAY
ORD-100646,SKU-00910,1,DC-08,STANDARD,2026-08-04T11:12:00,2026-08-04T15:12:00,RELEASED,HOLD,APAC,STANDARD
ORD-100647,SKU-00840,1,DC-15,EXPEDITE,2026-08-04T11:14:00,2026-08-04T23:14:00,PACKING,PACKING,LATAM,NEXT_DAY
ORD-100648,SKU-00400,1,DC-09,STANDARD,2026-08-04T11:20:00,2026-08-04T15:20:00,ALLOCATED,EXCEPTION,MEA,NEXT_DAY
ORD-100649,SKU-00787,1,DC-01,STANDARD,2026-08-04T11:30:00,2026-08-04T19:30:00,STAGED,STAGED,APAC,SAME_DAY
ORD-100650,SKU-00803,1,DC-11,STANDARD,2026-08-04T11:33:00,2026-08-04T15:33:00,PACKING,EXCEPTION,APAC,NEXT_DAY
ORD-100651,SKU-00376,1,DC-16,STANDARD,2026-08-04T11:42:00,2026-08-04T15:42:00,SHIPPED,SHIPPED,LATAM,STANDARD
ORD-100652,SKU-00244,1,DC-06,STANDARD,2026-08-04T11:49:00,2026-08-05T11:49:00,PICKING,PICKING,APAC,SAME_DAY
ORD-100653,SKU-00781,1,DC-15,STANDARD,2026-08-04T11:50:00,2026-08-04T17:50:00,PICKING,PICKING,APAC,NEXT_DAY
ORD-100654,SKU-00194,1,DC-01,EXPEDITE,2026-08-04T12:03:00,2026-08-05T00:03:00,RELEASED,HOLD,LATAM,SAME_DAY
ORD-100655,SKU-01132,1,DC-14,EXPEDITE,2026-08-04T12:09:00,2026-08-05T00:09:00,ALLOCATED,ALLOCATED,LATAM,SAME_DAY
ORD-100656,SKU-00587,1,DC-07,STANDARD,2026-08-04T12:09:00,2026-08-04T18:09:00,EXCEPTION,EXCEPTION,LATAM,STANDARD
ORD-100657,SKU-00309,1,DC-05,STANDARD,2026-08-04T12:10:00,2026-08-04T20:10:00,ALLOCATED,HOLD,EU,STANDARD
ORD-100658,SKU-01127,1,DC-03,STANDARD,2026-08-04T12:29:00,2026-08-04T20:29:00,ALLOCATED,ALLOCATED,MEA,STANDARD
ORD-100659,SKU-01090,1,DC-09,STANDARD,2026-08-04T12:41:00,2026-08-05T12:41:00,PICKING,PICKING,APAC,SAME_DAY
ORD-100660,SKU-00978,1,DC-06,STANDARD,2026-08-04T12:41:00,2026-08-04T16:41:00,ALLOCATED,ALLOCATED,APAC,STANDARD
ORD-100661,SKU-00592,1,DC-17,STANDARD,2026-08-04T12:42:00,2026-08-04T18:42:00,PACKING,PACKING,MEA,STANDARD
ORD-100662,SKU-00640,1,DC-02,STANDARD,2026-08-04T12:43:00,2026-08-05T12:43:00,SHIPPED,SHIPPED,LATAM,SAME_DAY
ORD-100663,SKU-00396,1,DC-15,STANDARD,2026-08-04T12:46:00,2026-08-04T20:46:00,RELEASED,HOLD,APAC,SAME_DAY
ORD-100664,SKU-00452,1,DC-13,STANDARD,2026-08-04T12:54:00,2026-08-04T16:54:00,EXCEPTION,EXCEPTION,APAC,NEXT_DAY
ORD-100665,SKU-00559,1,DC-16,EXPEDITE,2026-08-04T12:55:00,2026-08-05T12:55:00,PICKING,PICKING,MEA,NEXT_DAY
ORD-100666,SKU-00456,1,DC-07,EXPEDITE,2026-08-04T13:07:00,2026-08-05T13:07:00,EXCEPTION,HOLD,LATAM,SAME_DAY
ORD-100667,SKU-01025,1,DC-05,STANDARD,2026-08-04T13:19:00,2026-08-04T19:19:00,EXCEPTION,EXCEPTION,APAC,SAME_DAY
ORD-100668,SKU-00062,1,DC-07,EXPEDITE,2026-08-04T13:21:00,2026-08-04T17:21:00,EXCEPTION,EXCEPTION,APAC,NEXT_DAY
ORD-100669,SKU-00703,1,DC-13,STANDARD,2026-08-04T13:27:00,2026-08-05T01:27:00,ALLOCATED,EXCEPTION,LATAM,STANDARD
ORD-100670,SKU-00579,1,DC-05,EXPEDITE,2026-08-04T13:35:00,2026-08-05T13:35:00,SHIPPED,SHIPPED,APAC,SAME_DAY
ORD-100671,SKU-01168,1,DC-07,STANDARD,2026-08-04T13:38:00,2026-08-05T01:38:00,EXCEPTION,HOLD,EU,SAME_DAY
ORD-100672,SKU-00135,1,DC-08,EXPEDITE,2026-08-04T13:39:00,2026-08-04T17:39:00,PACKING,PACKING,LATAM,SAME_DAY
ORD-100673,SKU-00109,1,DC-16,STANDARD,2026-08-04T13:40:00,2026-08-04T21:40:00,ALLOCATED,EXCEPTION,APAC,STANDARD
ORD-100674,SKU-01047,1,DC-11,STANDARD,2026-08-04T14:01:00,2026-08-05T02:01:00,SHIPPED,SHIPPED,APAC,STANDARD
ORD-100675,SKU-00863,1,DC-03,STANDARD,2026-08-04T14:12:00,2026-08-05T02:12:00,RELEASED,RELEASED,LATAM,SAME_DAY
ORD-100676,SKU-00237,1,DC-02,STANDARD,2026-08-04T14:12:00,2026-08-04T18:12:00,RELEASED,EXCEPTION,APAC,STANDARD
ORD-100677,SKU-00559,1,DC-16,STANDARD,2026-08-04T14:13:00,2026-08-04T18:13:00,EXCEPTION,HOLD,EU,NEXT_DAY
ORD-100678,SKU-00269,1,DC-03,STANDARD,2026-08-04T14:15:00,2026-08-05T14:15:00,RELEASED,EXCEPTION,EU,NEXT_DAY
ORD-100679,SKU-00537,1,DC-02,EXPEDITE,2026-08-04T14:16:00,2026-08-04T18:16:00,STAGED,STAGED,LATAM,SAME_DAY
ORD-100680,SKU-00264,1,DC-08,STANDARD,2026-08-04T14:21:00,2026-08-04T20:21:00,SHIPPED,SHIPPED,EU,NEXT_DAY
ORD-100681,SKU-00870,1,DC-18,STANDARD,2026-08-04T14:30:00,2026-08-05T14:30:00,RELEASED,EXCEPTION,MEA,NEXT_DAY
ORD-100682,SKU-00971,1,DC-05,STANDARD,2026-08-04T14:32:00,2026-08-04T22:32:00,PACKING,EXCEPTION,MEA,SAME_DAY
ORD-100683,SKU-00092,1,DC-07,CRITICAL,2026-08-04T14:33:00,2026-08-04T18:33:00,SHIPPED,EXCEPTION,LATAM,SAME_DAY
ORD-100684,SKU-00418,1,DC-09,EXPEDITE,2026-08-04T14:34:00,2026-08-05T14:34:00,STAGED,HOLD,EU,STANDARD
ORD-100685,SKU-00100,1,DC-12,EXPEDITE,2026-08-04T14:38:00,2026-08-04T22:38:00,SHIPPED,SHIPPED,MEA,NEXT_DAY
ORD-100686,SKU-00815,1,DC-06,STANDARD,2026-08-04T14:44:00,2026-08-05T14:44:00,ALLOCATED,HOLD,EU,STANDARD
ORD-100687,SKU-00888,1,DC-06,STANDARD,2026-08-04T14:50:00,2026-08-04T18:50:00,RELEASED,EXCEPTION,LATAM,NEXT_DAY
ORD-100688,SKU-00504,1,DC-05,STANDARD,2026-08-04T14:56:00,2026-08-05T02:56:00,PACKING,HOLD,EU,SAME_DAY
ORD-100689,SKU-00133,1,DC-01,STANDARD,2026-08-04T15:01:00,2026-08-04T21:01:00,RELEASED,RELEASED,LATAM,STANDARD
ORD-100690,SKU-01107,1,DC-13,STANDARD,2026-08-04T15:07:00,2026-08-04T21:07:00,SHIPPED,HOLD,LATAM,NEXT_DAY
ORD-100691,SKU-00524,1,DC-17,STANDARD,2026-08-04T15:09:00,2026-08-05T15:09:00,SHIPPED,SHIPPED,EU,NEXT_DAY
ORD-100692,SKU-00122,1,DC-14,STANDARD,2026-08-04T15:17:00,2026-08-04T23:17:00,PICKING,HOLD,LATAM,NEXT_DAY
ORD-100693,SKU-00619,1,DC-11,STANDARD,2026-08-04T15:23:00,2026-08-05T03:23:00,EXCEPTION,EXCEPTION,MEA,NEXT_DAY
ORD-100694,SKU-00475,1,DC-05,STANDARD,2026-08-04T15:25:00,2026-08-04T23:25:00,RELEASED,RELEASED,EU,NEXT_DAY
ORD-100695,SKU-01142,1,DC-16,EXPEDITE,2026-08-04T15:35:00,2026-08-04T21:35:00,RELEASED,EXCEPTION,EU,SAME_DAY
ORD-100696,SKU-00972,1,DC-15,STANDARD,2026-08-04T15:37:00,2026-08-04T19:37:00,PICKING,HOLD,MEA,STANDARD
ORD-100697,SKU-00316,1,DC-05,EXPEDITE,2026-08-04T15:39:00,2026-08-04T21:39:00,PICKING,PICKING,APAC,STANDARD
ORD-100698,SKU-00505,1,DC-06,STANDARD,2026-08-04T15:40:00,2026-08-05T15:40:00,ALLOCATED,ALLOCATED,APAC,SAME_DAY
ORD-100699,SKU-01171,1,DC-07,STANDARD,2026-08-04T15:45:00,2026-08-05T03:45:00,SHIPPED,SHIPPED,LATAM,SAME_DAY
ORD-100700,SKU-00241,1,DC-11,STANDARD,2026-08-04T15:50:00,2026-08-05T03:50:00,SHIPPED,EXCEPTION,MEA,SAME_DAY
ORD-100701,SKU-00808,1,DC-06,EXPEDITE,2026-08-04T15:58:00,2026-08-04T23:58:00,ALLOCATED,ALLOCATED,MEA,STANDARD
ORD-100702,SKU-00938,1,DC-10,STANDARD,2026-08-04T15:59:00,2026-08-05T15:59:00,PACKING,PACKING,MEA,STANDARD
ORD-100703,SKU-00534,1,DC-17,EXPEDITE,2026-08-04T16:07:00,2026-08-05T00:07:00,ALLOCATED,ALLOCATED,MEA,NEXT_DAY
ORD-100704,SKU-00756,1,DC-07,STANDARD,2026-08-04T16:17:00,2026-08-05T04:17:00,PICKING,HOLD,LATAM,STANDARD
ORD-100705,SKU-00466,1,DC-16,STANDARD,2026-08-04T16:19:00,2026-08-04T22:19:00,RELEASED,RELEASED,MEA,STANDARD
ORD-100706,SKU-00488,1,DC-02,EXPEDITE,2026-08-04T16:29:00,2026-08-05T04:29:00,SHIPPED,SHIPPED,MEA,SAME_DAY
ORD-100707,SKU-00890,1,DC-17,STANDARD,2026-08-04T16:34:00,2026-08-04T20:34:00,EXCEPTION,HOLD,MEA,STANDARD
ORD-100708,SKU-00973,1,DC-18,EXPEDITE,2026-08-04T16:40:00,2026-08-04T20:40:00,PICKING,PICKING,LATAM,NEXT_DAY
ORD-100709,SKU-00638,1,DC-05,STANDARD,2026-08-04T16:42:00,2026-08-05T00:42:00,SHIPPED,EXCEPTION,EU,SAME_DAY
ORD-100710,SKU-00985,1,DC-09,STANDARD,2026-08-04T16:42:00,2026-08-05T04:42:00,RELEASED,HOLD,EU,SAME_DAY
ORD-100711,SKU-00844,1,DC-01,EXPEDITE,2026-08-04T17:05:00,2026-08-04T21:05:00,PACKING,EXCEPTION,LATAM,STANDARD
ORD-100712,SKU-00921,1,DC-15,CRITICAL,2026-08-04T17:10:00,2026-08-05T05:10:00,EXCEPTION,EXCEPTION,LATAM,SAME_DAY
ORD-100713,SKU-00458,1,DC-14,STANDARD,2026-08-04T17:14:00,2026-08-05T01:14:00,SHIPPED,HOLD,APAC,SAME_DAY
ORD-100714,SKU-00283,1,DC-03,EXPEDITE,2026-08-04T17:28:00,2026-08-04T23:28:00,SHIPPED,EXCEPTION,EU,NEXT_DAY
ORD-100715,SKU-00829,1,DC-17,STANDARD,2026-08-04T17:36:00,2026-08-04T23:36:00,SHIPPED,EXCEPTION,LATAM,SAME_DAY
ORD-100716,SKU-01136,1,DC-12,EXPEDITE,2026-08-04T17:36:00,2026-08-05T01:36:00,EXCEPTION,EXCEPTION,LATAM,NEXT_DAY
ORD-100717,SKU-00150,1,DC-18,STANDARD,2026-08-04T17:42:00,2026-08-04T23:42:00,RELEASED,HOLD,LATAM,STANDARD
ORD-100718,SKU-00096,1,DC-02,STANDARD,2026-08-04T17:43:00,2026-08-05T05:43:00,SHIPPED,EXCEPTION,APAC,SAME_DAY
ORD-100719,SKU-00525,1,DC-07,STANDARD,2026-08-04T17:46:00,2026-08-05T01:46:00,PACKING,HOLD,EU,STANDARD
ORD-100720,SKU-00334,1,DC-04,STANDARD,2026-08-04T17:51:00,2026-08-05T05:51:00,EXCEPTION,EXCEPTION,APAC,STANDARD
ORD-100721,SKU-00578,1,DC-12,STANDARD,2026-08-04T18:17:00,2026-08-05T18:17:00,STAGED,HOLD,APAC,SAME_DAY
ORD-100722,SKU-00867,1,DC-07,STANDARD,2026-08-04T19:00:00,2026-08-05T19:00:00,PICKING,EXCEPTION,APAC,STANDARD
ORD-100723,SKU-00161,1,DC-16,STANDARD,2026-08-04T19:04:00,2026-08-05T19:04:00,STAGED,EXCEPTION,LATAM,NEXT_DAY
ORD-100724,SKU-00277,1,DC-04,CRITICAL,2026-08-04T19:05:00,2026-08-05T01:05:00,PACKING,PACKING,APAC,NEXT_DAY
ORD-100725,SKU-00139,1,DC-06,STANDARD,2026-08-04T19:27:00,2026-08-05T03:27:00,ALLOCATED,HOLD,MEA,SAME_DAY
ORD-100726,SKU-00853,1,DC-18,STANDARD,2026-08-04T19:30:00,2026-08-05T19:30:00,RELEASED,EXCEPTION,LATAM,STANDARD
ORD-100727,SKU-00744,1,DC-07,STANDARD,2026-08-04T19:35:00,2026-08-05T03:35:00,ALLOCATED,ALLOCATED,LATAM,STANDARD
ORD-100728,SKU-00354,1,DC-01,CRITICAL,2026-08-04T19:35:00,2026-08-05T03:35:00,PACKING,PACKING,APAC,SAME_DAY
ORD-100729,SKU-00631,1,DC-13,STANDARD,2026-08-04T19:52:00,2026-08-05T07:52:00,SHIPPED,SHIPPED,EU,SAME_DAY
ORD-100730,SKU-00118,1,DC-07,STANDARD,2026-08-04T19:53:00,2026-08-05T03:53:00,ALLOCATED,HOLD,APAC,SAME_DAY
ORD-100731,SKU-00055,1,DC-07,STANDARD,2026-08-04T20:01:00,2026-08-05T20:01:00,ALLOCATED,HOLD,LATAM,SAME_DAY
ORD-100732,SKU-01123,1,DC-18,STANDARD,2026-08-04T20:09:00,2026-08-05T00:09:00,STAGED,EXCEPTION,LATAM,SAME_DAY
ORD-100733,SKU-00071,1,DC-09,STANDARD,2026-08-04T20:37:00,2026-08-05T00:37:00,ALLOCATED,ALLOCATED,LATAM,STANDARD
ORD-100734,SKU-00312,1,DC-11,STANDARD,2026-08-04T20:39:00,2026-08-05T20:39:00,PACKING,PACKING,MEA,NEXT_DAY
ORD-100735,SKU-00013,1,DC-03,STANDARD,2026-08-04T20:42:00,2026-08-05T02:42:00,PACKING,PACKING,MEA,NEXT_DAY
ORD-100736,SKU-00966,1,DC-08,STANDARD,2026-08-04T20:57:00,2026-08-05T00:57:00,PICKING,PICKING,LATAM,STANDARD
ORD-100737,SKU-01126,1,DC-03,STANDARD,2026-08-04T20:58:00,2026-08-05T02:58:00,EXCEPTION,EXCEPTION,APAC,SAME_DAY
ORD-100738,SKU-00039,1,DC-18,STANDARD,2026-08-04T21:16:00,2026-08-05T01:16:00,PACKING,HOLD,APAC,SAME_DAY
ORD-100739,SKU-00101,1,DC-14,STANDARD,2026-08-04T21:22:00,2026-08-05T05:22:00,ALLOCATED,EXCEPTION,MEA,NEXT_DAY
ORD-100740,SKU-00212,1,DC-03,CRITICAL,2026-08-04T21:34:00,2026-08-05T01:34:00,PICKING,PICKING,APAC,SAME_DAY
ORD-100741,SKU-00507,1,DC-14,EXPEDITE,2026-08-04T21:37:00,2026-08-05T21:37:00,ALLOCATED,ALLOCATED,LATAM,NEXT_DAY
ORD-100742,SKU-00773,1,DC-17,STANDARD,2026-08-04T21:59:00,2026-08-05T05:59:00,STAGED,STAGED,MEA,SAME_DAY
ORD-100743,SKU-00494,1,DC-01,STANDARD,2026-08-04T22:08:00,2026-08-05T06:08:00,RELEASED,EXCEPTION,EU,SAME_DAY
ORD-100744,SKU-00732,1,DC-11,STANDARD,2026-08-04T22:11:00,2026-08-05T06:11:00,ALLOCATED,HOLD,APAC,NEXT_DAY
ORD-100745,SKU-00966,1,DC-13,STANDARD,2026-08-04T22:13:00,2026-08-05T10:13:00,PICKING,PICKING,LATAM,NEXT_DAY
ORD-100746,SKU-00970,1,DC-08,STANDARD,2026-08-04T22:19:00,2026-08-05T04:19:00,SHIPPED,SHIPPED,EU,NEXT_DAY
ORD-100747,SKU-00817,1,DC-03,STANDARD,2026-08-04T22:20:00,2026-08-05T02:20:00,ALLOCATED,EXCEPTION,APAC,NEXT_DAY
ORD-100748,SKU-00223,1,DC-06,CRITICAL,2026-08-04T22:23:00,2026-08-05T10:23:00,SHIPPED,SHIPPED,MEA,STANDARD
ORD-100749,SKU-01039,1,DC-12,EXPEDITE,2026-08-04T22:36:00,2026-08-05T10:36:00,PICKING,HOLD,APAC,STANDARD
ORD-100750,SKU-00166,1,DC-15,STANDARD,2026-08-04T22:45:00,2026-08-05T02:45:00,ALLOCATED,ALLOCATED,LATAM,SAME_DAY
ORD-100751,SKU-00308,1,DC-16,STANDARD,2026-08-04T22:45:00,2026-08-05T04:45:00,SHIPPED,EXCEPTION,APAC,STANDARD
ORD-100752,SKU-00881,1,DC-12,CRITICAL,2026-08-04T22:51:00,2026-08-05T04:51:00,PACKING,PACKING,APAC,NEXT_DAY
ORD-100753,SKU-00024,1,DC-15,CRITICAL,2026-08-04T23:03:00,2026-08-05T03:03:00,PICKING,HOLD,EU,STANDARD
ORD-100754,SKU-00964,1,DC-17,CRITICAL,2026-08-04T23:15:00,2026-08-05T03:15:00,SHIPPED,EXCEPTION,LATAM,SAME_DAY
ORD-100755,SKU-00644,1,DC-07,STANDARD,2026-08-04T23:21:00,2026-08-05T07:21:00,ALLOCATED,ALLOCATED,MEA,SAME_DAY
ORD-100756,SKU-00444,1,DC-01,STANDARD,2026-08-04T23:24:00,2026-08-05T07:24:00,RELEASED,EXCEPTION,EU,SAME_DAY
ORD-100757,SKU-00377,1,DC-15,STANDARD,2026-08-04T23:33:00,2026-08-05T05:33:00,EXCEPTION,EXCEPTION,LATAM,STANDARD
ORD-100758,SKU-00992,1,DC-06,STANDARD,2026-08-04T23:41:00,2026-08-05T05:41:00,PICKING,PICKING,EU,NEXT_DAY
ORD-100759,SKU-00844,1,DC-08,STANDARD,2026-08-04T23:47:00,2026-08-05T05:47:00,SHIPPED,SHIPPED,LATAM,NEXT_DAY
ORD-100760,SKU-01094,1,DC-01,STANDARD,2026-08-05T00:24:00,2026-08-05T04:24:00,PICKING,PICKING,LATAM,SAME_DAY
ORD-100761,SKU-00865,1,DC-07,EXPEDITE,2026-08-05T00:33:00,2026-08-06T00:33:00,RELEASED,RELEASED,MEA,NEXT_DAY
ORD-100762,SKU-00762,1,DC-17,EXPEDITE,2026-08-05T00:33:00,2026-08-05T08:33:00,PACKING,PACKING,EU,SAME_DAY
ORD-100763,SKU-00580,1,DC-05,STANDARD,2026-08-05T00:40:00,2026-08-05T12:40:00,PICKING,PICKING,LATAM,SAME_DAY
ORD-100764,SKU-00769,1,DC-04,EXPEDITE,2026-08-05T00:42:00,2026-08-05T06:42:00,RELEASED,RELEASED,MEA,STANDARD
ORD-100765,SKU-01169,1,DC-10,STANDARD,2026-08-05T00:46:00,2026-08-05T12:46:00,EXCEPTION,EXCEPTION,LATAM,NEXT_DAY
ORD-100766,SKU-01014,1,DC-06,EXPEDITE,2026-08-05T00:50:00,2026-08-05T04:50:00,STAGED,STAGED,LATAM,SAME_DAY
ORD-100767,SKU-00879,1,DC-01,STANDARD,2026-08-05T00:53:00,2026-08-06T00:53:00,RELEASED,HOLD,MEA,NEXT_DAY
ORD-100768,SKU-00970,1,DC-08,STANDARD,2026-08-05T00:53:00,2026-08-05T08:53:00,PACKING,HOLD,MEA,STANDARD
ORD-100769,SKU-00687,1,DC-17,STANDARD,2026-08-05T00:55:00,2026-08-05T08:55:00,STAGED,HOLD,LATAM,NEXT_DAY
ORD-100770,SKU-00688,1,DC-18,STANDARD,2026-08-05T00:56:00,2026-08-05T04:56:00,ALLOCATED,ALLOCATED,MEA,STANDARD
ORD-100771,SKU-00793,1,DC-16,STANDARD,2026-08-05T01:06:00,2026-08-05T07:06:00,RELEASED,RELEASED,APAC,SAME_DAY
ORD-100772,SKU-00478,1,DC-18,STANDARD,2026-08-05T01:09:00,2026-08-05T09:09:00,ALLOCATED,ALLOCATED,LATAM,NEXT_DAY
ORD-100773,SKU-00376,1,DC-07,CRITICAL,2026-08-05T01:15:00,2026-08-05T09:15:00,ALLOCATED,ALLOCATED,MEA,SAME_DAY
ORD-100774,SKU-00005,1,DC-03,STANDARD,2026-08-05T01:27:00,2026-08-05T13:27:00,EXCEPTION,HOLD,MEA,NEXT_DAY
ORD-100775,SKU-00118,1,DC-01,STANDARD,2026-08-05T01:31:00,2026-08-05T07:31:00,SHIPPED,SHIPPED,MEA,SAME_DAY
ORD-100776,SKU-00582,1,DC-07,STANDARD,2026-08-05T01:35:00,2026-08-06T01:35:00,EXCEPTION,HOLD,EU,SAME_DAY
ORD-100777,SKU-00747,1,DC-13,STANDARD,2026-08-05T01:39:00,2026-08-05T07:39:00,PICKING,PICKING,EU,STANDARD
ORD-100778,SKU-00605,1,DC-04,STANDARD,2026-08-05T01:42:00,2026-08-05T07:42:00,SHIPPED,EXCEPTION,LATAM,STANDARD
ORD-100779,SKU-00050,1,DC-04,EXPEDITE,2026-08-05T02:04:00,2026-08-05T06:04:00,RELEASED,RELEASED,APAC,NEXT_DAY
ORD-100780,SKU-00320,1,DC-09,STANDARD,2026-08-05T02:07:00,2026-08-05T08:07:00,PICKING,PICKING,APAC,NEXT_DAY
ORD-100781,SKU-00239,1,DC-04,STANDARD,2026-08-05T02:10:00,2026-08-05T14:10:00,EXCEPTION,EXCEPTION,EU,SAME_DAY
ORD-100782,SKU-00915,1,DC-06,EXPEDITE,2026-08-05T02:12:00,2026-08-05T14:12:00,RELEASED,HOLD,EU,NEXT_DAY
ORD-100783,SKU-00662,1,DC-05,STANDARD,2026-08-05T02:20:00,2026-08-05T14:20:00,SHIPPED,HOLD,MEA,NEXT_DAY
ORD-100784,SKU-00281,1,DC-17,STANDARD,2026-08-05T02:22:00,2026-08-05T06:22:00,SHIPPED,SHIPPED,EU,NEXT_DAY
ORD-100785,SKU-00502,1,DC-07,EXPEDITE,2026-08-05T02:37:00,2026-08-05T08:37:00,SHIPPED,EXCEPTION,EU,NEXT_DAY
ORD-100786,SKU-00643,1,DC-12,STANDARD,2026-08-05T02:44:00,2026-08-06T02:44:00,SHIPPED,SHIPPED,MEA,SAME_DAY
ORD-100787,SKU-01028,1,DC-06,STANDARD,2026-08-05T02:47:00,2026-08-05T06:47:00,EXCEPTION,EXCEPTION,APAC,STANDARD
ORD-100788,SKU-00954,1,DC-03,CRITICAL,2026-08-05T02:52:00,2026-08-05T08:52:00,PACKING,EXCEPTION,APAC,SAME_DAY
ORD-100789,SKU-00292,1,DC-14,STANDARD,2026-08-05T02:53:00,2026-08-05T10:53:00,STAGED,STAGED,MEA,STANDARD
ORD-100790,SKU-00266,1,DC-12,STANDARD,2026-08-05T03:09:00,2026-08-05T09:09:00,PICKING,PICKING,APAC,NEXT_DAY
ORD-100791,SKU-00517,1,DC-07,CRITICAL,2026-08-05T03:18:00,2026-08-05T09:18:00,ALLOCATED,ALLOCATED,MEA,SAME_DAY
ORD-100792,SKU-00038,1,DC-15,STANDARD,2026-08-05T03:19:00,2026-08-05T15:19:00,PACKING,PACKING,LATAM,SAME_DAY
ORD-100793,SKU-00794,1,DC-11,STANDARD,2026-08-05T03:29:00,2026-08-05T11:29:00,EXCEPTION,HOLD,EU,NEXT_DAY
ORD-100794,SKU-00512,1,DC-15,EXPEDITE,2026-08-05T03:31:00,2026-08-06T03:31:00,PICKING,PICKING,EU,NEXT_DAY
ORD-100795,SKU-00078,1,DC-10,EXPEDITE,2026-08-05T03:48:00,2026-08-05T11:48:00,STAGED,STAGED,LATAM,NEXT_DAY
ORD-100796,SKU-00888,1,DC-08,STANDARD,2026-08-05T03:59:00,2026-08-05T09:59:00,ALLOCATED,ALLOCATED,EU,STANDARD
ORD-100797,SKU-00798,1,DC-12,STANDARD,2026-08-05T04:00:00,2026-08-05T12:00:00,PACKING,EXCEPTION,MEA,STANDARD
ORD-100798,SKU-00893,1,DC-06,EXPEDITE,2026-08-05T04:05:00,2026-08-05T10:05:00,STAGED,STAGED,APAC,STANDARD
ORD-100799,SKU-00079,1,DC-04,EXPEDITE,2026-08-05T04:14:00,2026-08-06T04:14:00,ALLOCATED,ALLOCATED,MEA,NEXT_DAY
ORD-100800,SKU-00082,1,DC-12,STANDARD,2026-08-05T04:18:00,2026-08-05T08:18:00,EXCEPTION,EXCEPTION,APAC,SAME_DAY
ORD-100801,SKU-00826,1,DC-04,STANDARD,2026-08-05T04:28:00,2026-08-05T10:28:00,PACKING,PACKING,MEA,STANDARD
ORD-100802,SKU-00394,1,DC-07,STANDARD,2026-08-05T04:28:00,2026-08-06T04:28:00,PICKING,PICKING,EU,NEXT_DAY
ORD-100803,SKU-01059,1,DC-06,EXPEDITE,2026-08-05T04:35:00,2026-08-05T08:35:00,PACKING,HOLD,APAC,STANDARD
ORD-100804,SKU-00673,1,DC-15,EXPEDITE,2026-08-05T04:38:00,2026-08-05T08:38:00,EXCEPTION,HOLD,MEA,SAME_DAY
ORD-100805,SKU-00507,1,DC-14,CRITICAL,2026-08-05T04:42:00,2026-08-06T04:42:00,RELEASED,EXCEPTION,APAC,NEXT_DAY
ORD-100806,SKU-00526,1,DC-04,EXPEDITE,2026-08-05T04:57:00,2026-08-05T08:57:00,STAGED,STAGED,EU,SAME_DAY
ORD-100807,SKU-01138,1,DC-12,STANDARD,2026-08-05T05:10:00,2026-08-05T17:10:00,PACKING,PACKING,LATAM,NEXT_DAY
ORD-100808,SKU-00898,1,DC-12,STANDARD,2026-08-05T05:14:00,2026-08-05T11:14:00,ALLOCATED,ALLOCATED,MEA,SAME_DAY
ORD-100809,SKU-01003,1,DC-14,EXPEDITE,2026-08-05T05:31:00,2026-08-05T11:31:00,PACKING,PACKING,EU,STANDARD
ORD-100810,SKU-00306,1,DC-16,EXPEDITE,2026-08-05T05:48:00,2026-08-05T17:48:00,STAGED,STAGED,APAC,STANDARD
ORD-100811,SKU-00949,1,DC-02,STANDARD,2026-08-05T06:10:00,2026-08-06T06:10:00,EXCEPTION,EXCEPTION,EU,SAME_DAY
ORD-100812,SKU-00276,1,DC-18,STANDARD,2026-08-05T06:17:00,2026-08-05T18:17:00,RELEASED,RELEASED,LATAM,NEXT_DAY
ORD-100813,SKU-01159,1,DC-07,CRITICAL,2026-08-05T06:27:00,2026-08-06T06:27:00,PACKING,PACKING,EU,NEXT_DAY
ORD-100814,SKU-00431,1,DC-12,STANDARD,2026-08-05T06:30:00,2026-08-05T12:30:00,RELEASED,HOLD,EU,NEXT_DAY
ORD-100815,SKU-01102,1,DC-08,STANDARD,2026-08-05T07:01:00,2026-08-05T11:01:00,SHIPPED,SHIPPED,EU,SAME_DAY
ORD-100816,SKU-00212,1,DC-11,STANDARD,2026-08-05T07:04:00,2026-08-05T11:04:00,SHIPPED,SHIPPED,APAC,SAME_DAY
ORD-100817,SKU-00438,1,DC-15,STANDARD,2026-08-05T07:17:00,2026-08-05T11:17:00,PICKING,EXCEPTION,LATAM,SAME_DAY
ORD-100818,SKU-00932,1,DC-03,STANDARD,2026-08-05T07:24:00,2026-08-05T11:24:00,PACKING,EXCEPTION,APAC,SAME_DAY
ORD-100819,SKU-00068,1,DC-10,EXPEDITE,2026-08-05T07:41:00,2026-08-05T13:41:00,EXCEPTION,HOLD,MEA,STANDARD
ORD-100820,SKU-00668,1,DC-17,STANDARD,2026-08-05T07:51:00,2026-08-05T15:51:00,PICKING,PICKING,APAC,STANDARD
ORD-100821,SKU-00173,1,DC-18,STANDARD,2026-08-05T08:14:00,2026-08-06T08:14:00,STAGED,STAGED,APAC,SAME_DAY
ORD-100822,SKU-00547,1,DC-10,STANDARD,2026-08-05T08:19:00,2026-08-05T16:19:00,PICKING,PICKING,APAC,STANDARD
ORD-100823,SKU-00230,1,DC-17,EXPEDITE,2026-08-05T08:42:00,2026-08-05T20:42:00,ALLOCATED,ALLOCATED,MEA,NEXT_DAY
ORD-100824,SKU-00668,1,DC-03,CRITICAL,2026-08-05T08:46:00,2026-08-05T20:46:00,EXCEPTION,EXCEPTION,APAC,NEXT_DAY
ORD-100825,SKU-00835,1,DC-06,EXPEDITE,2026-08-05T08:50:00,2026-08-05T14:50:00,PACKING,PACKING,LATAM,SAME_DAY
ORD-100826,SKU-00209,1,DC-12,CRITICAL,2026-08-05T08:55:00,2026-08-05T12:55:00,PACKING,PACKING,LATAM,STANDARD
ORD-100827,SKU-00470,1,DC-17,STANDARD,2026-08-05T09:10:00,2026-08-05T13:10:00,EXCEPTION,EXCEPTION,MEA,SAME_DAY
ORD-100828,SKU-00034,1,DC-17,STANDARD,2026-08-05T09:25:00,2026-08-06T09:25:00,PICKING,PICKING,APAC,SAME_DAY
ORD-100829,SKU-00956,1,DC-04,STANDARD,2026-08-05T09:28:00,2026-08-05T15:28:00,PACKING,PACKING,EU,SAME_DAY
ORD-100830,SKU-00055,1,DC-14,STANDARD,2026-08-05T09:45:00,2026-08-05T21:45:00,PACKING,PACKING,APAC,SAME_DAY
ORD-100831,SKU-00391,1,DC-13,EXPEDITE,2026-08-05T10:01:00,2026-08-06T10:01:00,RELEASED,RELEASED,EU,NEXT_DAY
ORD-100832,SKU-00593,1,DC-14,STANDARD,2026-08-05T10:28:00,2026-08-06T10:28:00,ALLOCATED,HOLD,LATAM,NEXT_DAY
ORD-100833,SKU-00044,1,DC-07,CRITICAL,2026-08-05T10:35:00,2026-08-06T10:35:00,EXCEPTION,EXCEPTION,EU,SAME_DAY
ORD-100834,SKU-00847,1,DC-07,STANDARD,2026-08-05T10:36:00,2026-08-05T14:36:00,ALLOCATED,ALLOCATED,EU,STANDARD
ORD-100835,SKU-01006,1,DC-11,STANDARD,2026-08-05T10:47:00,2026-08-05T18:47:00,PACKING,PACKING,APAC,SAME_DAY
ORD-100836,SKU-00661,1,DC-14,STANDARD,2026-08-05T10:50:00,2026-08-05T18:50:00,RELEASED,EXCEPTION,LATAM,NEXT_DAY
ORD-100837,SKU-00554,1,DC-12,STANDARD,2026-08-05T10:59:00,2026-08-06T10:59:00,PICKING,PICKING,MEA,NEXT_DAY
ORD-100838,SKU-00928,1,DC-03,STANDARD,2026-08-05T11:13:00,2026-08-06T11:13:00,EXCEPTION,EXCEPTION,LATAM,STANDARD
ORD-100839,SKU-00555,1,DC-06,STANDARD,2026-08-05T11:23:00,2026-08-05T15:23:00,PICKING,PICKING,APAC,NEXT_DAY
ORD-100840,SKU-00095,1,DC-15,STANDARD,2026-08-05T11:26:00,2026-08-05T17:26:00,ALLOCATED,HOLD,LATAM,STANDARD
ORD-100841,SKU-00942,1,DC-10,STANDARD,2026-08-05T11:27:00,2026-08-05T15:27:00,STAGED,STAGED,MEA,SAME_DAY
ORD-100842,SKU-00526,1,DC-09,STANDARD,2026-08-05T11:30:00,2026-08-05T17:30:00,SHIPPED,EXCEPTION,LATAM,NEXT_DAY
ORD-100843,SKU-00257,1,DC-07,STANDARD,2026-08-05T11:31:00,2026-08-05T23:31:00,PICKING,PICKING,LATAM,SAME_DAY
ORD-100844,SKU-01163,1,DC-02,STANDARD,2026-08-05T11:33:00,2026-08-05T17:33:00,RELEASED,RELEASED,LATAM,SAME_DAY
ORD-100845,SKU-00082,1,DC-07,STANDARD,2026-08-05T11:39:00,2026-08-06T11:39:00,ALLOCATED,EXCEPTION,LATAM,STANDARD
ORD-100846,SKU-00200,1,DC-03,STANDARD,2026-08-05T11:42:00,2026-08-05T17:42:00,ALLOCATED,HOLD,APAC,STANDARD
ORD-100847,SKU-00210,1,DC-16,STANDARD,2026-08-05T12:27:00,2026-08-06T00:27:00,RELEASED,RELEASED,MEA,NEXT_DAY
ORD-100848,SKU-00635,1,DC-02,STANDARD,2026-08-05T12:29:00,2026-08-05T18:29:00,PACKING,EXCEPTION,APAC,NEXT_DAY
ORD-100849,SKU-00531,1,DC-11,STANDARD,2026-08-05T12:33:00,2026-08-05T16:33:00,STAGED,EXCEPTION,APAC,NEXT_DAY
ORD-100850,SKU-00521,1,DC-15,STANDARD,2026-08-05T12:35:00,2026-08-06T00:35:00,ALLOCATED,EXCEPTION,LATAM,STANDARD
ORD-100851,SKU-00179,1,DC-16,STANDARD,2026-08-05T12:36:00,2026-08-06T12:36:00,SHIPPED,HOLD,MEA,NEXT_DAY
ORD-100852,SKU-01168,1,DC-01,STANDARD,2026-08-05T12:41:00,2026-08-05T20:41:00,ALLOCATED,ALLOCATED,APAC,STANDARD
ORD-100853,SKU-00810,1,DC-13,EXPEDITE,2026-08-05T12:43:00,2026-08-05T18:43:00,PACKING,PACKING,EU,STANDARD
ORD-100854,SKU-00310,1,DC-08,STANDARD,2026-08-05T12:43:00,2026-08-05T16:43:00,EXCEPTION,EXCEPTION,MEA,SAME_DAY
ORD-100855,SKU-00899,1,DC-13,STANDARD,2026-08-05T12:44:00,2026-08-05T18:44:00,EXCEPTION,EXCEPTION,MEA,SAME_DAY
ORD-100856,SKU-01137,1,DC-13,EXPEDITE,2026-08-05T12:45:00,2026-08-05T20:45:00,PICKING,PICKING,APAC,STANDARD
ORD-100857,SKU-00407,1,DC-10,STANDARD,2026-08-05T13:03:00,2026-08-06T01:03:00,PACKING,EXCEPTION,EU,STANDARD
ORD-100858,SKU-00625,1,DC-14,STANDARD,2026-08-05T13:18:00,2026-08-05T17:18:00,STAGED,STAGED,EU,SAME_DAY
ORD-100859,SKU-00371,1,DC-06,STANDARD,2026-08-05T13:26:00,2026-08-05T21:26:00,SHIPPED,SHIPPED,MEA,STANDARD
ORD-100860,SKU-00520,1,DC-16,STANDARD,2026-08-05T13:36:00,2026-08-05T19:36:00,STAGED,STAGED,LATAM,STANDARD
ORD-100861,SKU-01073,1,DC-01,EXPEDITE,2026-08-05T13:39:00,2026-08-06T13:39:00,PACKING,HOLD,EU,SAME_DAY
ORD-100862,SKU-00885,1,DC-14,STANDARD,2026-08-05T13:43:00,2026-08-06T01:43:00,PICKING,PICKING,LATAM,STANDARD
ORD-100863,SKU-00304,1,DC-11,STANDARD,2026-08-05T14:06:00,2026-08-05T22:06:00,RELEASED,RELEASED,MEA,SAME_DAY
ORD-100864,SKU-00283,1,DC-14,STANDARD,2026-08-05T14:09:00,2026-08-05T20:09:00,SHIPPED,EXCEPTION,APAC,NEXT_DAY
ORD-100865,SKU-00926,1,DC-03,STANDARD,2026-08-05T14:12:00,2026-08-05T18:12:00,PACKING,PACKING,APAC,STANDARD
ORD-100866,SKU-00398,1,DC-06,STANDARD,2026-08-05T14:31:00,2026-08-05T22:31:00,EXCEPTION,EXCEPTION,APAC,NEXT_DAY
ORD-100867,SKU-00937,1,DC-07,STANDARD,2026-08-05T14:34:00,2026-08-06T14:34:00,PACKING,PACKING,LATAM,STANDARD
ORD-100868,SKU-01125,1,DC-07,EXPEDITE,2026-08-05T14:36:00,2026-08-05T18:36:00,RELEASED,RELEASED,EU,STANDARD
ORD-100869,SKU-00961,1,DC-08,EXPEDITE,2026-08-05T14:42:00,2026-08-06T02:42:00,EXCEPTION,HOLD,LATAM,NEXT_DAY
ORD-100870,SKU-00218,1,DC-12,STANDARD,2026-08-05T15:00:00,2026-08-06T15:00:00,PICKING,PICKING,LATAM,NEXT_DAY
ORD-100871,SKU-00785,1,DC-03,CRITICAL,2026-08-05T15:02:00,2026-08-05T21:02:00,STAGED,STAGED,APAC,SAME_DAY
ORD-100872,SKU-01007,1,DC-05,STANDARD,2026-08-05T15:03:00,2026-08-05T21:03:00,ALLOCATED,EXCEPTION,EU,STANDARD
ORD-100873,SKU-00887,1,DC-09,STANDARD,2026-08-05T15:34:00,2026-08-05T19:34:00,SHIPPED,HOLD,APAC,NEXT_DAY
ORD-100874,SKU-00140,1,DC-03,EXPEDITE,2026-08-05T15:49:00,2026-08-06T03:49:00,SHIPPED,EXCEPTION,APAC,NEXT_DAY
ORD-100875,SKU-00216,1,DC-10,EXPEDITE,2026-08-05T15:54:00,2026-08-05T21:54:00,PICKING,HOLD,APAC,NEXT_DAY
ORD-100876,SKU-00430,1,DC-07,EXPEDITE,2026-08-05T15:54:00,2026-08-05T21:54:00,STAGED,HOLD,LATAM,SAME_DAY
ORD-100877,SKU-00666,1,DC-04,STANDARD,2026-08-05T15:56:00,2026-08-05T21:56:00,STAGED,STAGED,APAC,NEXT_DAY
ORD-100878,SKU-00208,1,DC-09,STANDARD,2026-08-05T16:05:00,2026-08-05T22:05:00,STAGED,EXCEPTION,MEA,NEXT_DAY
ORD-100879,SKU-00110,1,DC-10,EXPEDITE,2026-08-05T16:07:00,2026-08-05T20:07:00,STAGED,STAGED,EU,NEXT_DAY
ORD-100880,SKU-00482,1,DC-13,STANDARD,2026-08-05T16:07:00,2026-08-05T20:07:00,STAGED,STAGED,LATAM,NEXT_DAY
ORD-100881,SKU-00957,1,DC-13,STANDARD,2026-08-05T16:09:00,2026-08-06T04:09:00,SHIPPED,HOLD,MEA,NEXT_DAY
ORD-100882,SKU-00648,1,DC-09,STANDARD,2026-08-05T16:15:00,2026-08-05T22:15:00,STAGED,HOLD,MEA,SAME_DAY
ORD-100883,SKU-00682,1,DC-10,EXPEDITE,2026-08-05T16:19:00,2026-08-05T22:19:00,PICKING,PICKING,MEA,SAME_DAY
ORD-100884,SKU-00698,1,DC-16,STANDARD,2026-08-05T16:28:00,2026-08-05T22:28:00,ALLOCATED,ALLOCATED,MEA,SAME_DAY
ORD-100885,SKU-00651,1,DC-18,STANDARD,2026-08-05T16:31:00,2026-08-06T00:31:00,PACKING,PACKING,MEA,NEXT_DAY
ORD-100886,SKU-00961,1,DC-07,STANDARD,2026-08-05T16:33:00,2026-08-05T22:33:00,ALLOCATED,EXCEPTION,LATAM,STANDARD
ORD-100887,SKU-00893,1,DC-09,STANDARD,2026-08-05T16:53:00,2026-08-05T22:53:00,PICKING,PICKING,EU,STANDARD
ORD-100888,SKU-00919,1,DC-13,EXPEDITE,2026-08-05T16:53:00,2026-08-06T04:53:00,EXCEPTION,EXCEPTION,MEA,STANDARD
ORD-100889,SKU-00586,1,DC-16,STANDARD,2026-08-05T17:02:00,2026-08-05T21:02:00,ALLOCATED,EXCEPTION,APAC,NEXT_DAY
ORD-100890,SKU-00401,1,DC-05,STANDARD,2026-08-05T17:03:00,2026-08-05T23:03:00,PICKING,PICKING,APAC,NEXT_DAY
ORD-100891,SKU-01044,1,DC-04,STANDARD,2026-08-05T17:19:00,2026-08-06T17:19:00,PACKING,EXCEPTION,APAC,STANDARD
ORD-100892,SKU-00889,1,DC-08,STANDARD,2026-08-05T17:23:00,2026-08-06T17:23:00,PICKING,PICKING,APAC,STANDARD
ORD-100893,SKU-00442,1,DC-18,STANDARD,2026-08-05T17:26:00,2026-08-06T17:26:00,PICKING,PICKING,APAC,SAME_DAY
ORD-100894,SKU-00490,1,DC-03,STANDARD,2026-08-05T17:35:00,2026-08-06T17:35:00,STAGED,STAGED,MEA,SAME_DAY
ORD-100895,SKU-01103,1,DC-09,STANDARD,2026-08-05T17:48:00,2026-08-05T21:48:00,PACKING,PACKING,APAC,STANDARD
ORD-100896,SKU-00919,1,DC-13,STANDARD,2026-08-05T17:50:00,2026-08-06T05:50:00,STAGED,STAGED,LATAM,NEXT_DAY
ORD-100897,SKU-00339,1,DC-05,EXPEDITE,2026-08-05T18:01:00,2026-08-06T02:01:00,SHIPPED,SHIPPED,APAC,SAME_DAY
ORD-100898,SKU-00654,1,DC-08,EXPEDITE,2026-08-05T18:09:00,2026-08-05T22:09:00,SHIPPED,EXCEPTION,MEA,SAME_DAY
ORD-100899,SKU-00438,1,DC-10,STANDARD,2026-08-05T18:21:00,2026-08-06T06:21:00,RELEASED,RELEASED,LATAM,NEXT_DAY
ORD-100900,SKU-01125,1,DC-16,STANDARD,2026-08-05T18:24:00,2026-08-06T06:24:00,EXCEPTION,EXCEPTION,APAC,STANDARD
ORD-100901,SKU-00195,1,DC-13,CRITICAL,2026-08-05T18:31:00,2026-08-05T22:31:00,STAGED,HOLD,MEA,SAME_DAY
ORD-100902,SKU-00513,1,DC-10,STANDARD,2026-08-05T18:33:00,2026-08-06T06:33:00,EXCEPTION,EXCEPTION,EU,SAME_DAY
ORD-100903,SKU-00908,1,DC-07,STANDARD,2026-08-05T18:41:00,2026-08-06T06:41:00,STAGED,EXCEPTION,MEA,NEXT_DAY
ORD-100904,SKU-00901,1,DC-06,EXPEDITE,2026-08-05T18:43:00,2026-08-06T00:43:00,ALLOCATED,HOLD,EU,STANDARD
ORD-100905,SKU-00609,1,DC-14,STANDARD,2026-08-05T18:49:00,2026-08-05T22:49:00,SHIPPED,SHIPPED,MEA,NEXT_DAY
ORD-100906,SKU-00348,1,DC-08,STANDARD,2026-08-05T19:01:00,2026-08-06T19:01:00,RELEASED,RELEASED,LATAM,SAME_DAY
ORD-100907,SKU-00401,1,DC-18,STANDARD,2026-08-05T19:01:00,2026-08-06T19:01:00,SHIPPED,HOLD,LATAM,NEXT_DAY
ORD-100908,SKU-00976,1,DC-17,STANDARD,2026-08-05T19:16:00,2026-08-05T23:16:00,STAGED,EXCEPTION,LATAM,NEXT_DAY
ORD-100909,SKU-01068,1,DC-05,EXPEDITE,2026-08-05T19:21:00,2026-08-06T03:21:00,PICKING,PICKING,LATAM,STANDARD
ORD-100910,SKU-00181,1,DC-03,STANDARD,2026-08-05T19:23:00,2026-08-06T19:23:00,RELEASED,RELEASED,MEA,STANDARD
ORD-100911,SKU-00973,1,DC-15,STANDARD,2026-08-05T19:34:00,2026-08-06T01:34:00,PICKING,HOLD,MEA,STANDARD
ORD-100912,SKU-00095,1,DC-05,CRITICAL,2026-08-05T19:49:00,2026-08-06T19:49:00,RELEASED,EXCEPTION,LATAM,SAME_DAY
ORD-100913,SKU-01157,1,DC-15,CRITICAL,2026-08-05T19:55:00,2026-08-06T03:55:00,PACKING,HOLD,MEA,NEXT_DAY
ORD-100914,SKU-00547,1,DC-03,STANDARD,2026-08-05T19:57:00,2026-08-06T07:57:00,RELEASED,EXCEPTION,MEA,STANDARD
ORD-100915,SKU-00062,1,DC-06,STANDARD,2026-08-05T20:09:00,2026-08-06T00:09:00,EXCEPTION,EXCEPTION,APAC,SAME_DAY
ORD-100916,SKU-00738,1,DC-14,STANDARD,2026-08-05T20:24:00,2026-08-06T00:24:00,STAGED,STAGED,LATAM,NEXT_DAY
ORD-100917,SKU-00487,1,DC-05,EXPEDITE,2026-08-05T20:24:00,2026-08-06T08:24:00,PACKING,PACKING,EU,NEXT_DAY
ORD-100918,SKU-00090,1,DC-12,STANDARD,2026-08-05T20:35:00,2026-08-06T00:35:00,RELEASED,RELEASED,MEA,SAME_DAY
ORD-100919,SKU-00872,1,DC-01,STANDARD,2026-08-05T20:53:00,2026-08-06T08:53:00,PACKING,EXCEPTION,APAC,NEXT_DAY
ORD-100920,SKU-01041,1,DC-07,STANDARD,2026-08-05T21:06:00,2026-08-06T03:06:00,PACKING,PACKING,LATAM,STANDARD
ORD-100921,SKU-00187,1,DC-08,STANDARD,2026-08-05T21:28:00,2026-08-06T01:28:00,EXCEPTION,EXCEPTION,APAC,STANDARD
ORD-100922,SKU-00393,1,DC-11,STANDARD,2026-08-05T21:35:00,2026-08-06T05:35:00,ALLOCATED,ALLOCATED,MEA,STANDARD
ORD-100923,SKU-00842,1,DC-08,STANDARD,2026-08-05T21:38:00,2026-08-06T01:38:00,PICKING,HOLD,EU,SAME_DAY
ORD-100924,SKU-00023,1,DC-18,STANDARD,2026-08-05T21:52:00,2026-08-06T05:52:00,RELEASED,RELEASED,EU,SAME_DAY
ORD-100925,SKU-00930,1,DC-14,STANDARD,2026-08-05T21:57:00,2026-08-06T09:57:00,ALLOCATED,ALLOCATED,APAC,SAME_DAY
ORD-100926,SKU-00318,1,DC-10,STANDARD,2026-08-05T21:57:00,2026-08-06T03:57:00,RELEASED,RELEASED,EU,STANDARD
ORD-100927,SKU-00128,1,DC-05,STANDARD,2026-08-05T21:59:00,2026-08-06T03:59:00,PACKING,PACKING,APAC,STANDARD
ORD-100928,SKU-00964,1,DC-06,EXPEDITE,2026-08-05T22:22:00,2026-08-06T10:22:00,PICKING,HOLD,LATAM,STANDARD
ORD-100929,SKU-00878,1,DC-15,EXPEDITE,2026-08-05T22:33:00,2026-08-06T02:33:00,PACKING,EXCEPTION,APAC,NEXT_DAY
ORD-100930,SKU-00355,1,DC-05,STANDARD,2026-08-05T22:35:00,2026-08-06T22:35:00,PACKING,EXCEPTION,LATAM,NEXT_DAY
ORD-100931,SKU-00777,1,DC-07,STANDARD,2026-08-05T22:40:00,2026-08-06T22:40:00,EXCEPTION,EXCEPTION,APAC,STANDARD
ORD-100932,SKU-00106,1,DC-18,STANDARD,2026-08-05T22:40:00,2026-08-06T02:40:00,STAGED,EXCEPTION,LATAM,STANDARD
ORD-100933,SKU-00280,1,DC-02,STANDARD,2026-08-05T22:42:00,2026-08-06T10:42:00,PICKING,PICKING,MEA,NEXT_DAY
ORD-100934,SKU-00533,1,DC-11,STANDARD,2026-08-05T22:57:00,2026-08-06T04:57:00,ALLOCATED,HOLD,APAC,STANDARD
ORD-100935,SKU-01077,1,DC-07,STANDARD,2026-08-05T23:11:00,2026-08-06T07:11:00,ALLOCATED,ALLOCATED,MEA,NEXT_DAY
ORD-100936,SKU-00888,1,DC-05,EXPEDITE,2026-08-05T23:23:00,2026-08-06T05:23:00,EXCEPTION,HOLD,APAC,SAME_DAY
ORD-100937,SKU-00620,1,DC-10,STANDARD,2026-08-05T23:26:00,2026-08-06T23:26:00,PICKING,PICKING,APAC,SAME_DAY
ORD-100938,SKU-00579,1,DC-12,STANDARD,2026-08-05T23:30:00,2026-08-06T05:30:00,SHIPPED,EXCEPTION,EU,NEXT_DAY
ORD-100939,SKU-00424,1,DC-16,STANDARD,2026-08-05T23:32:00,2026-08-06T11:32:00,SHIPPED,SHIPPED,MEA,STANDARD
ORD-100940,SKU-00171,1,DC-06,EXPEDITE,2026-08-05T23:32:00,2026-08-06T05:32:00,PACKING,PACKING,APAC,STANDARD
ORD-100941,SKU-00219,1,DC-05,STANDARD,2026-08-05T23:39:00,2026-08-06T05:39:00,ALLOCATED,ALLOCATED,EU,NEXT_DAY
ORD-100942,SKU-00210,1,DC-06,EXPEDITE,2026-08-05T23:54:00,2026-08-06T07:54:00,RELEASED,HOLD,LATAM,NEXT_DAY
ORD-100943,SKU-00676,1,DC-09,STANDARD,2026-08-06T00:03:00,2026-08-06T04:03:00,PACKING,EXCEPTION,APAC,SAME_DAY
ORD-100944,SKU-00031,1,DC-18,EXPEDITE,2026-08-06T00:09:00,2026-08-06T12:09:00,ALLOCATED,ALLOCATED,MEA,NEXT_DAY
ORD-100945,SKU-00826,1,DC-13,CRITICAL,2026-08-06T00:14:00,2026-08-06T12:14:00,ALLOCATED,ALLOCATED,LATAM,NEXT_DAY
ORD-100946,SKU-00940,1,DC-10,CRITICAL,2026-08-06T00:14:00,2026-08-06T12:14:00,RELEASED,RELEASED,LATAM,STANDARD
ORD-100947,SKU-01169,1,DC-07,STANDARD,2026-08-06T00:21:00,2026-08-06T04:21:00,PACKING,EXCEPTION,APAC,SAME_DAY
ORD-100948,SKU-01108,1,DC-08,STANDARD,2026-08-06T00:30:00,2026-08-06T04:30:00,RELEASED,EXCEPTION,LATAM,STANDARD
ORD-100949,SKU-00651,1,DC-08,STANDARD,2026-08-06T00:35:00,2026-08-06T04:35:00,STAGED,HOLD,LATAM,STANDARD
ORD-100950,SKU-00647,1,DC-15,CRITICAL,2026-08-06T01:00:00,2026-08-06T13:00:00,PACKING,PACKING,MEA,NEXT_DAY
ORD-100951,SKU-00770,1,DC-15,STANDARD,2026-08-06T01:04:00,2026-08-06T07:04:00,EXCEPTION,EXCEPTION,MEA,STANDARD
ORD-100952,SKU-00151,1,DC-09,STANDARD,2026-08-06T01:06:00,2026-08-07T01:06:00,PICKING,PICKING,APAC,STANDARD
ORD-100953,SKU-00900,1,DC-07,STANDARD,2026-08-06T01:13:00,2026-08-06T09:13:00,SHIPPED,SHIPPED,LATAM,SAME_DAY
ORD-100954,SKU-00226,1,DC-12,STANDARD,2026-08-06T01:13:00,2026-08-06T09:13:00,PACKING,PACKING,LATAM,STANDARD
ORD-100955,SKU-00761,1,DC-14,STANDARD,2026-08-06T01:32:00,2026-08-06T13:32:00,PACKING,PACKING,MEA,STANDARD
ORD-100956,SKU-00529,1,DC-03,STANDARD,2026-08-06T01:42:00,2026-08-06T05:42:00,EXCEPTION,EXCEPTION,APAC,STANDARD
ORD-100957,SKU-00519,1,DC-11,STANDARD,2026-08-06T01:53:00,2026-08-06T09:53:00,RELEASED,EXCEPTION,EU,NEXT_DAY
ORD-100958,SKU-00871,1,DC-10,STANDARD,2026-08-06T02:07:00,2026-08-06T06:07:00,ALLOCATED,ALLOCATED,APAC,NEXT_DAY
ORD-100959,SKU-01025,1,DC-07,CRITICAL,2026-08-06T02:10:00,2026-08-06T14:10:00,PICKING,PICKING,EU,NEXT_DAY
ORD-100960,SKU-00501,1,DC-04,EXPEDITE,2026-08-06T02:22:00,2026-08-06T14:22:00,PICKING,EXCEPTION,LATAM,NEXT_DAY
ORD-100961,SKU-00930,1,DC-16,EXPEDITE,2026-08-06T02:27:00,2026-08-06T14:27:00,ALLOCATED,ALLOCATED,APAC,NEXT_DAY
ORD-100962,SKU-00358,1,DC-15,STANDARD,2026-08-06T02:29:00,2026-08-06T14:29:00,PICKING,PICKING,APAC,STANDARD
ORD-100963,SKU-00989,1,DC-05,EXPEDITE,2026-08-06T03:02:00,2026-08-06T11:02:00,ALLOCATED,ALLOCATED,APAC,NEXT_DAY
ORD-100964,SKU-01002,1,DC-03,STANDARD,2026-08-06T03:04:00,2026-08-06T11:04:00,EXCEPTION,EXCEPTION,EU,SAME_DAY
ORD-100965,SKU-00755,1,DC-05,STANDARD,2026-08-06T03:06:00,2026-08-06T09:06:00,PACKING,HOLD,MEA,STANDARD
ORD-100966,SKU-00735,1,DC-17,STANDARD,2026-08-06T03:24:00,2026-08-06T07:24:00,EXCEPTION,HOLD,MEA,SAME_DAY
ORD-100967,SKU-00471,1,DC-04,STANDARD,2026-08-06T03:35:00,2026-08-06T15:35:00,ALLOCATED,HOLD,EU,STANDARD
ORD-100968,SKU-00217,1,DC-05,STANDARD,2026-08-06T03:58:00,2026-08-06T15:58:00,RELEASED,RELEASED,LATAM,STANDARD
ORD-100969,SKU-00178,1,DC-06,CRITICAL,2026-08-06T04:06:00,2026-08-06T16:06:00,ALLOCATED,HOLD,LATAM,STANDARD
ORD-100970,SKU-00766,1,DC-11,STANDARD,2026-08-06T04:14:00,2026-08-06T16:14:00,PICKING,HOLD,MEA,SAME_DAY
ORD-100971,SKU-00984,1,DC-09,STANDARD,2026-08-06T04:16:00,2026-08-06T10:16:00,PACKING,PACKING,LATAM,NEXT_DAY
ORD-100972,SKU-00363,1,DC-12,STANDARD,2026-08-06T04:22:00,2026-08-06T12:22:00,ALLOCATED,ALLOCATED,MEA,STANDARD
ORD-100973,SKU-01131,1,DC-04,STANDARD,2026-08-06T04:23:00,2026-08-07T04:23:00,ALLOCATED,EXCEPTION,EU,NEXT_DAY
ORD-100974,SKU-01030,1,DC-13,STANDARD,2026-08-06T04:27:00,2026-08-06T16:27:00,PACKING,HOLD,MEA,STANDARD
ORD-100975,SKU-00490,1,DC-10,STANDARD,2026-08-06T04:45:00,2026-08-06T08:45:00,PICKING,HOLD,APAC,SAME_DAY
ORD-100976,SKU-01081,1,DC-05,EXPEDITE,2026-08-06T04:49:00,2026-08-06T16:49:00,STAGED,STAGED,LATAM,STANDARD
ORD-100977,SKU-01007,1,DC-15,STANDARD,2026-08-06T04:54:00,2026-08-06T08:54:00,PICKING,HOLD,MEA,NEXT_DAY
ORD-100978,SKU-00024,1,DC-10,STANDARD,2026-08-06T05:24:00,2026-08-06T17:24:00,PICKING,PICKING,LATAM,NEXT_DAY
ORD-100979,SKU-00239,1,DC-11,EXPEDITE,2026-08-06T05:31:00,2026-08-06T13:31:00,PACKING,PACKING,APAC,STANDARD
ORD-100980,SKU-01049,1,DC-15,EXPEDITE,2026-08-06T05:33:00,2026-08-07T05:33:00,PACKING,HOLD,LATAM,NEXT_DAY
ORD-100981,SKU-00832,1,DC-17,EXPEDITE,2026-08-06T05:35:00,2026-08-06T11:35:00,RELEASED,RELEASED,APAC,NEXT_DAY
ORD-100982,SKU-00323,1,DC-01,STANDARD,2026-08-06T05:48:00,2026-08-06T13:48:00,STAGED,EXCEPTION,APAC,STANDARD
ORD-100983,SKU-00999,1,DC-16,STANDARD,2026-08-06T05:56:00,2026-08-06T13:56:00,EXCEPTION,HOLD,MEA,SAME_DAY
ORD-100984,SKU-00077,1,DC-16,STANDARD,2026-08-06T06:10:00,2026-08-06T10:10:00,SHIPPED,SHIPPED,LATAM,NEXT_DAY
ORD-100985,SKU-00150,1,DC-04,EXPEDITE,2026-08-06T06:11:00,2026-08-06T10:11:00,PACKING,PACKING,LATAM,SAME_DAY
ORD-100986,SKU-00041,1,DC-11,EXPEDITE,2026-08-06T06:19:00,2026-08-06T10:19:00,ALLOCATED,HOLD,APAC,SAME_DAY
ORD-100987,SKU-00009,1,DC-09,STANDARD,2026-08-06T06:23:00,2026-08-07T06:23:00,SHIPPED,EXCEPTION,EU,SAME_DAY
ORD-100988,SKU-00644,1,DC-14,STANDARD,2026-08-06T06:26:00,2026-08-06T12:26:00,EXCEPTION,EXCEPTION,APAC,SAME_DAY
ORD-100989,SKU-00371,1,DC-05,EXPEDITE,2026-08-06T06:37:00,2026-08-06T18:37:00,PACKING,HOLD,MEA,STANDARD
ORD-100990,SKU-00082,1,DC-18,STANDARD,2026-08-06T06:43:00,2026-08-06T10:43:00,PICKING,PICKING,EU,SAME_DAY
ORD-100991,SKU-00258,1,DC-18,STANDARD,2026-08-06T07:05:00,2026-08-07T07:05:00,STAGED,HOLD,LATAM,NEXT_DAY
ORD-100992,SKU-00809,1,DC-04,STANDARD,2026-08-06T07:06:00,2026-08-06T13:06:00,STAGED,STAGED,MEA,NEXT_DAY
ORD-100993,SKU-00704,1,DC-05,STANDARD,2026-08-06T07:06:00,2026-08-07T07:06:00,STAGED,STAGED,APAC,SAME_DAY
ORD-100994,SKU-00448,1,DC-15,CRITICAL,2026-08-06T07:14:00,2026-08-06T15:14:00,PACKING,EXCEPTION,MEA,SAME_DAY
ORD-100995,SKU-00185,1,DC-03,STANDARD,2026-08-06T07:18:00,2026-08-06T11:18:00,STAGED,EXCEPTION,EU,STANDARD
ORD-100996,SKU-00676,1,DC-16,STANDARD,2026-08-06T07:34:00,2026-08-06T11:34:00,SHIPPED,EXCEPTION,MEA,NEXT_DAY
ORD-100997,SKU-01001,1,DC-12,STANDARD,2026-08-06T07:50:00,2026-08-07T07:50:00,STAGED,STAGED,LATAM,SAME_DAY
ORD-100998,SKU-00182,1,DC-07,STANDARD,2026-08-06T08:04:00,2026-08-06T16:04:00,ALLOCATED,ALLOCATED,LATAM,SAME_DAY
ORD-100999,SKU-00072,1,DC-12,STANDARD,2026-08-06T08:14:00,2026-08-06T16:14:00,RELEASED,HOLD,APAC,STANDARD
ORD-101000,SKU-00615,1,DC-14,STANDARD,2026-08-06T08:14:00,2026-08-06T16:14:00,PACKING,PACKING,APAC,STANDARD
ORD-101001,SKU-00914,1,DC-13,STANDARD,2026-08-06T08:16:00,2026-08-06T20:16:00,PACKING,EXCEPTION,EU,STANDARD
ORD-101002,SKU-00319,1,DC-06,STANDARD,2026-08-06T08:28:00,2026-08-06T20:28:00,STAGED,STAGED,APAC,NEXT_DAY
ORD-101003,SKU-00502,1,DC-08,EXPEDITE,2026-08-06T08:40:00,2026-08-07T08:40:00,PICKING,PICKING,APAC,SAME_DAY
ORD-101004,SKU-00950,1,DC-04,STANDARD,2026-08-06T08:45:00,2026-08-06T20:45:00,RELEASED,RELEASED,LATAM,SAME_DAY
ORD-101005,SKU-00886,1,DC-18,STANDARD,2026-08-06T08:59:00,2026-08-06T16:59:00,RELEASED,RELEASED,LATAM,NEXT_DAY
ORD-101006,SKU-00974,1,DC-09,CRITICAL,2026-08-06T09:32:00,2026-08-06T15:32:00,PICKING,EXCEPTION,APAC,STANDARD
ORD-101007,SKU-00384,1,DC-04,STANDARD,2026-08-06T09:32:00,2026-08-06T17:32:00,SHIPPED,EXCEPTION,EU,STANDARD
ORD-101008,SKU-00914,1,DC-18,EXPEDITE,2026-08-06T09:34:00,2026-08-06T13:34:00,PICKING,PICKING,APAC,STANDARD
ORD-101009,SKU-00392,1,DC-05,STANDARD,2026-08-06T09:37:00,2026-08-07T09:37:00,RELEASED,EXCEPTION,MEA,SAME_DAY
ORD-101010,SKU-00983,1,DC-11,EXPEDITE,2026-08-06T09:39:00,2026-08-07T09:39:00,EXCEPTION,HOLD,APAC,NEXT_DAY
ORD-101011,SKU-00971,1,DC-13,EXPEDITE,2026-08-06T09:45:00,2026-08-06T21:45:00,STAGED,HOLD,MEA,NEXT_DAY
ORD-101012,SKU-00329,1,DC-02,STANDARD,2026-08-06T09:53:00,2026-08-06T17:53:00,RELEASED,RELEASED,LATAM,SAME_DAY
ORD-101013,SKU-00708,1,DC-12,EXPEDITE,2026-08-06T09:57:00,2026-08-06T15:57:00,SHIPPED,HOLD,APAC,SAME_DAY
ORD-101014,SKU-01085,1,DC-10,CRITICAL,2026-08-06T09:58:00,2026-08-06T21:58:00,STAGED,STAGED,APAC,NEXT_DAY
ORD-101015,SKU-00284,1,DC-04,STANDARD,2026-08-06T10:06:00,2026-08-07T10:06:00,STAGED,STAGED,MEA,SAME_DAY
ORD-101016,SKU-00646,1,DC-12,STANDARD,2026-08-06T10:08:00,2026-08-06T18:08:00,STAGED,STAGED,APAC,STANDARD
ORD-101017,SKU-00690,1,DC-07,STANDARD,2026-08-06T10:16:00,2026-08-06T18:16:00,RELEASED,RELEASED,LATAM,NEXT_DAY
ORD-101018,SKU-00371,1,DC-06,EXPEDITE,2026-08-06T10:19:00,2026-08-06T14:19:00,SHIPPED,HOLD,MEA,NEXT_DAY
ORD-101019,SKU-00894,1,DC-12,STANDARD,2026-08-06T10:24:00,2026-08-06T14:24:00,ALLOCATED,ALLOCATED,APAC,SAME_DAY
ORD-101020,SKU-01093,1,DC-10,STANDARD,2026-08-06T10:28:00,2026-08-06T16:28:00,PACKING,HOLD,LATAM,STANDARD
ORD-101021,SKU-01061,1,DC-04,STANDARD,2026-08-06T10:45:00,2026-08-07T10:45:00,PICKING,PICKING,APAC,SAME_DAY
ORD-101022,SKU-00541,1,DC-05,STANDARD,2026-08-06T10:50:00,2026-08-06T18:50:00,ALLOCATED,ALLOCATED,APAC,SAME_DAY
ORD-101023,SKU-00875,1,DC-12,STANDARD,2026-08-06T10:52:00,2026-08-07T10:52:00,EXCEPTION,EXCEPTION,EU,STANDARD
ORD-101024,SKU-00028,1,DC-02,STANDARD,2026-08-06T11:11:00,2026-08-06T19:11:00,STAGED,EXCEPTION,EU,SAME_DAY
ORD-101025,SKU-01143,1,DC-12,EXPEDITE,2026-08-06T11:19:00,2026-08-06T19:19:00,STAGED,EXCEPTION,MEA,STANDARD
ORD-101026,SKU-00118,1,DC-11,STANDARD,2026-08-06T11:24:00,2026-08-06T17:24:00,PACKING,HOLD,LATAM,SAME_DAY
ORD-101027,SKU-00614,1,DC-08,STANDARD,2026-08-06T11:27:00,2026-08-06T19:27:00,SHIPPED,SHIPPED,APAC,STANDARD
ORD-101028,SKU-00045,1,DC-18,STANDARD,2026-08-06T11:35:00,2026-08-06T23:35:00,PICKING,PICKING,MEA,NEXT_DAY
ORD-101029,SKU-00760,1,DC-17,STANDARD,2026-08-06T11:39:00,2026-08-06T15:39:00,RELEASED,RELEASED,APAC,STANDARD
ORD-101030,SKU-00082,1,DC-18,STANDARD,2026-08-06T11:47:00,2026-08-06T23:47:00,PICKING,HOLD,LATAM,SAME_DAY
ORD-101031,SKU-00669,1,DC-10,STANDARD,2026-08-06T11:47:00,2026-08-06T15:47:00,PICKING,PICKING,APAC,STANDARD
ORD-101032,SKU-00004,1,DC-15,STANDARD,2026-08-06T11:52:00,2026-08-06T17:52:00,SHIPPED,SHIPPED,MEA,STANDARD
ORD-101033,SKU-01080,1,DC-13,STANDARD,2026-08-06T12:05:00,2026-08-06T20:05:00,SHIPPED,SHIPPED,MEA,NEXT_DAY
ORD-101034,SKU-00408,1,DC-16,STANDARD,2026-08-06T12:10:00,2026-08-07T12:10:00,RELEASED,RELEASED,EU,STANDARD
ORD-101035,SKU-01001,1,DC-16,STANDARD,2026-08-06T12:12:00,2026-08-07T12:12:00,EXCEPTION,EXCEPTION,MEA,SAME_DAY
ORD-101036,SKU-00547,1,DC-04,CRITICAL,2026-08-06T12:16:00,2026-08-06T20:16:00,SHIPPED,SHIPPED,APAC,STANDARD
ORD-101037,SKU-00832,1,DC-17,STANDARD,2026-08-06T12:16:00,2026-08-07T00:16:00,PICKING,PICKING,APAC,SAME_DAY
ORD-101038,SKU-01173,1,DC-04,EXPEDITE,2026-08-06T12:45:00,2026-08-06T16:45:00,STAGED,STAGED,LATAM,NEXT_DAY
ORD-101039,SKU-00666,1,DC-16,EXPEDITE,2026-08-06T12:45:00,2026-08-06T20:45:00,ALLOCATED,HOLD,APAC,NEXT_DAY
ORD-101040,SKU-00067,1,DC-17,STANDARD,2026-08-06T12:46:00,2026-08-07T00:46:00,STAGED,STAGED,MEA,SAME_DAY
ORD-101041,SKU-00963,1,DC-06,EXPEDITE,2026-08-06T12:57:00,2026-08-07T00:57:00,EXCEPTION,EXCEPTION,EU,NEXT_DAY
ORD-101042,SKU-00538,1,DC-01,STANDARD,2026-08-06T13:01:00,2026-08-06T21:01:00,STAGED,EXCEPTION,APAC,NEXT_DAY
ORD-101043,SKU-00720,1,DC-17,STANDARD,2026-08-06T13:22:00,2026-08-06T21:22:00,PACKING,EXCEPTION,MEA,STANDARD
ORD-101044,SKU-00156,1,DC-15,STANDARD,2026-08-06T13:22:00,2026-08-06T17:22:00,ALLOCATED,ALLOCATED,MEA,NEXT_DAY
ORD-101045,SKU-00587,1,DC-08,EXPEDITE,2026-08-06T13:31:00,2026-08-06T19:31:00,SHIPPED,EXCEPTION,APAC,SAME_DAY
ORD-101046,SKU-00023,1,DC-15,STANDARD,2026-08-06T13:44:00,2026-08-06T19:44:00,SHIPPED,HOLD,APAC,STANDARD
ORD-101047,SKU-00053,1,DC-13,EXPEDITE,2026-08-06T14:05:00,2026-08-06T18:05:00,ALLOCATED,ALLOCATED,APAC,NEXT_DAY
ORD-101048,SKU-00891,1,DC-10,STANDARD,2026-08-06T14:18:00,2026-08-06T18:18:00,STAGED,STAGED,LATAM,STANDARD
ORD-101049,SKU-00340,1,DC-08,EXPEDITE,2026-08-06T14:19:00,2026-08-06T20:19:00,SHIPPED,EXCEPTION,EU,SAME_DAY
ORD-101050,SKU-00950,1,DC-10,STANDARD,2026-08-06T14:21:00,2026-08-07T14:21:00,STAGED,STAGED,MEA,SAME_DAY
ORD-101051,SKU-00986,1,DC-08,STANDARD,2026-08-06T14:25:00,2026-08-06T18:25:00,RELEASED,EXCEPTION,APAC,SAME_DAY
ORD-101052,SKU-00469,1,DC-11,STANDARD,2026-08-06T14:27:00,2026-08-06T20:27:00,PACKING,PACKING,LATAM,SAME_DAY
ORD-101053,SKU-01006,1,DC-12,STANDARD,2026-08-06T14:37:00,2026-08-07T02:37:00,RELEASED,RELEASED,MEA,STANDARD
ORD-101054,SKU-00243,1,DC-18,STANDARD,2026-08-06T14:37:00,2026-08-06T18:37:00,STAGED,STAGED,APAC,SAME_DAY
ORD-101055,SKU-00604,1,DC-02,CRITICAL,2026-08-06T15:03:00,2026-08-06T21:03:00,RELEASED,RELEASED,MEA,STANDARD
ORD-101056,SKU-01182,1,DC-17,STANDARD,2026-08-06T15:22:00,2026-08-07T03:22:00,PACKING,EXCEPTION,EU,STANDARD
ORD-101057,SKU-00042,1,DC-01,CRITICAL,2026-08-06T15:48:00,2026-08-06T19:48:00,STAGED,STAGED,APAC,NEXT_DAY
ORD-101058,SKU-00305,1,DC-03,STANDARD,2026-08-06T15:49:00,2026-08-07T03:49:00,ALLOCATED,ALLOCATED,EU,NEXT_DAY
ORD-101059,SKU-00258,1,DC-11,EXPEDITE,2026-08-06T15:52:00,2026-08-07T03:52:00,EXCEPTION,EXCEPTION,MEA,SAME_DAY
ORD-101060,SKU-00830,1,DC-15,STANDARD,2026-08-06T15:59:00,2026-08-07T03:59:00,RELEASED,EXCEPTION,LATAM,STANDARD
ORD-101061,SKU-00701,1,DC-08,STANDARD,2026-08-06T16:00:00,2026-08-07T00:00:00,SHIPPED,EXCEPTION,APAC,SAME_DAY
ORD-101062,SKU-00497,1,DC-02,EXPEDITE,2026-08-06T16:16:00,2026-08-07T04:16:00,ALLOCATED,HOLD,MEA,STANDARD
ORD-101063,SKU-00273,1,DC-01,STANDARD,2026-08-06T16:27:00,2026-08-07T04:27:00,STAGED,STAGED,MEA,NEXT_DAY
ORD-101064,SKU-00264,1,DC-14,STANDARD,2026-08-06T16:33:00,2026-08-06T20:33:00,STAGED,HOLD,APAC,STANDARD
ORD-101065,SKU-01058,1,DC-14,STANDARD,2026-08-06T16:41:00,2026-08-06T20:41:00,RELEASED,RELEASED,APAC,SAME_DAY
ORD-101066,SKU-00532,1,DC-04,STANDARD,2026-08-06T16:56:00,2026-08-07T04:56:00,ALLOCATED,ALLOCATED,LATAM,SAME_DAY
ORD-101067,SKU-00695,1,DC-13,STANDARD,2026-08-06T16:59:00,2026-08-07T16:59:00,PACKING,EXCEPTION,EU,NEXT_DAY
ORD-101068,SKU-00856,1,DC-16,EXPEDITE,2026-08-06T17:12:00,2026-08-07T01:12:00,ALLOCATED,HOLD,MEA,STANDARD
ORD-101069,SKU-00247,1,DC-17,STANDARD,2026-08-06T17:15:00,2026-08-07T01:15:00,RELEASED,RELEASED,APAC,STANDARD
ORD-101070,SKU-00203,1,DC-05,STANDARD,2026-08-06T17:33:00,2026-08-06T23:33:00,SHIPPED,HOLD,MEA,NEXT_DAY
ORD-101071,SKU-00092,1,DC-05,STANDARD,2026-08-06T17:38:00,2026-08-06T23:38:00,PACKING,PACKING,MEA,SAME_DAY
ORD-101072,SKU-00417,1,DC-13,STANDARD,2026-08-06T18:00:00,2026-08-06T22:00:00,RELEASED,RELEASED,APAC,NEXT_DAY
ORD-101073,SKU-00074,1,DC-10,STANDARD,2026-08-06T18:06:00,2026-08-07T02:06:00,PICKING,HOLD,EU,NEXT_DAY
ORD-101074,SKU-00143,1,DC-10,EXPEDITE,2026-08-06T18:20:00,2026-08-07T02:20:00,STAGED,HOLD,MEA,STANDARD
ORD-101075,SKU-00094,1,DC-02,EXPEDITE,2026-08-06T18:29:00,2026-08-07T00:29:00,RELEASED,RELEASED,APAC,STANDARD
ORD-101076,SKU-00501,1,DC-14,STANDARD,2026-08-06T18:43:00,2026-08-06T22:43:00,EXCEPTION,EXCEPTION,LATAM,STANDARD
ORD-101077,SKU-00612,1,DC-03,EXPEDITE,2026-08-06T18:46:00,2026-08-07T18:46:00,SHIPPED,EXCEPTION,EU,NEXT_DAY
ORD-101078,SKU-00033,1,DC-09,STANDARD,2026-08-06T18:51:00,2026-08-06T22:51:00,RELEASED,RELEASED,APAC,NEXT_DAY
ORD-101079,SKU-01181,1,DC-13,EXPEDITE,2026-08-06T19:00:00,2026-08-07T03:00:00,PICKING,PICKING,EU,NEXT_DAY
ORD-101080,SKU-00719,1,DC-12,STANDARD,2026-08-06T19:07:00,2026-08-07T07:07:00,PICKING,PICKING,MEA,SAME_DAY
ORD-101081,SKU-00822,1,DC-01,STANDARD,2026-08-06T19:22:00,2026-08-07T03:22:00,SHIPPED,SHIPPED,LATAM,STANDARD
ORD-101082,SKU-00580,1,DC-16,STANDARD,2026-08-06T19:29:00,2026-08-07T01:29:00,RELEASED,HOLD,MEA,SAME_DAY
ORD-101083,SKU-01107,1,DC-14,STANDARD,2026-08-06T19:34:00,2026-08-06T23:34:00,STAGED,HOLD,MEA,NEXT_DAY
ORD-101084,SKU-00185,1,DC-08,STANDARD,2026-08-06T19:34:00,2026-08-07T07:34:00,EXCEPTION,EXCEPTION,MEA,NEXT_DAY
ORD-101085,SKU-00418,1,DC-12,STANDARD,2026-08-06T19:40:00,2026-08-07T03:40:00,EXCEPTION,EXCEPTION,LATAM,STANDARD
ORD-101086,SKU-00326,1,DC-14,STANDARD,2026-08-06T20:02:00,2026-08-07T08:02:00,PICKING,EXCEPTION,APAC,STANDARD
ORD-101087,SKU-00160,1,DC-15,STANDARD,2026-08-06T20:07:00,2026-08-07T04:07:00,PACKING,EXCEPTION,LATAM,NEXT_DAY
ORD-101088,SKU-00094,1,DC-07,STANDARD,2026-08-06T20:08:00,2026-08-07T02:08:00,RELEASED,RELEASED,EU,SAME_DAY
ORD-101089,SKU-00427,1,DC-02,STANDARD,2026-08-06T20:12:00,2026-08-07T08:12:00,STAGED,EXCEPTION,LATAM,SAME_DAY
ORD-101090,SKU-00209,1,DC-13,STANDARD,2026-08-06T20:22:00,2026-08-07T02:22:00,SHIPPED,HOLD,EU,SAME_DAY
ORD-101091,SKU-01109,1,DC-12,STANDARD,2026-08-06T20:52:00,2026-08-07T20:52:00,ALLOCATED,ALLOCATED,EU,STANDARD
ORD-101092,SKU-01090,1,DC-09,STANDARD,2026-08-06T20:56:00,2026-08-07T08:56:00,EXCEPTION,EXCEPTION,MEA,STANDARD
ORD-101093,SKU-01144,1,DC-15,CRITICAL,2026-08-06T21:01:00,2026-08-07T21:01:00,ALLOCATED,ALLOCATED,EU,STANDARD
ORD-101094,SKU-00123,1,DC-11,CRITICAL,2026-08-06T21:05:00,2026-08-07T01:05:00,RELEASED,EXCEPTION,EU,STANDARD
ORD-101095,SKU-00884,1,DC-13,STANDARD,2026-08-06T21:10:00,2026-08-07T01:10:00,ALLOCATED,EXCEPTION,LATAM,STANDARD
ORD-101096,SKU-00008,1,DC-07,STANDARD,2026-08-06T21:18:00,2026-08-07T09:18:00,RELEASED,RELEASED,EU,STANDARD
ORD-101097,SKU-00257,1,DC-13,STANDARD,2026-08-06T21:19:00,2026-08-07T05:19:00,EXCEPTION,EXCEPTION,LATAM,STANDARD
ORD-101098,SKU-01072,1,DC-13,CRITICAL,2026-08-06T21:20:00,2026-08-07T01:20:00,SHIPPED,HOLD,LATAM,STANDARD
ORD-101099,SKU-00276,1,DC-01,STANDARD,2026-08-06T21:23:00,2026-08-07T03:23:00,SHIPPED,SHIPPED,APAC,SAME_DAY
ORD-101100,SKU-00420,1,DC-17,STANDARD,2026-08-06T21:31:00,2026-08-07T05:31:00,ALLOCATED,HOLD,LATAM,SAME_DAY
ORD-101101,SKU-00798,1,DC-10,STANDARD,2026-08-06T21:36:00,2026-08-07T09:36:00,SHIPPED,EXCEPTION,LATAM,NEXT_DAY
ORD-101102,SKU-00875,1,DC-02,STANDARD,2026-08-06T21:40:00,2026-08-07T01:40:00,RELEASED,HOLD,EU,SAME_DAY
ORD-101103,SKU-00264,1,DC-08,STANDARD,2026-08-06T21:43:00,2026-08-07T21:43:00,ALLOCATED,ALLOCATED,EU,STANDARD
ORD-101104,SKU-00497,1,DC-12,STANDARD,2026-08-06T21:48:00,2026-08-07T03:48:00,PICKING,PICKING,EU,SAME_DAY
ORD-101105,SKU-00596,1,DC-02,STANDARD,2026-08-06T21:49:00,2026-08-07T09:49:00,EXCEPTION,EXCEPTION,MEA,NEXT_DAY
ORD-101106,SKU-00522,1,DC-07,STANDARD,2026-08-06T21:50:00,2026-08-07T21:50:00,ALLOCATED,ALLOCATED,EU,STANDARD
ORD-101107,SKU-00668,1,DC-03,STANDARD,2026-08-06T21:53:00,2026-08-07T03:53:00,PACKING,HOLD,LATAM,STANDARD
ORD-101108,SKU-00732,1,DC-01,STANDARD,2026-08-06T22:03:00,2026-08-07T06:03:00,PACKING,PACKING,EU,NEXT_DAY
ORD-101109,SKU-00300,1,DC-04,STANDARD,2026-08-06T22:11:00,2026-08-07T04:11:00,EXCEPTION,EXCEPTION,MEA,STANDARD
ORD-101110,SKU-00794,1,DC-07,EXPEDITE,2026-08-06T22:12:00,2026-08-07T22:12:00,ALLOCATED,HOLD,EU,NEXT_DAY
ORD-101111,SKU-00748,1,DC-18,STANDARD,2026-08-06T22:13:00,2026-08-07T06:13:00,PACKING,PACKING,APAC,NEXT_DAY
ORD-101112,SKU-01172,1,DC-13,STANDARD,2026-08-06T22:15:00,2026-08-07T04:15:00,SHIPPED,HOLD,EU,NEXT_DAY
ORD-101113,SKU-00871,1,DC-13,STANDARD,2026-08-06T22:23:00,2026-08-07T10:23:00,STAGED,EXCEPTION,EU,SAME_DAY
ORD-101114,SKU-00629,1,DC-06,STANDARD,2026-08-06T22:25:00,2026-08-07T22:25:00,EXCEPTION,EXCEPTION,EU,STANDARD
ORD-101115,SKU-00419,1,DC-15,STANDARD,2026-08-06T22:29:00,2026-08-07T22:29:00,PICKING,HOLD,APAC,NEXT_DAY
ORD-101116,SKU-00741,1,DC-06,STANDARD,2026-08-06T22:46:00,2026-08-07T10:46:00,PACKING,PACKING,EU,SAME_DAY
ORD-101117,SKU-00913,1,DC-16,STANDARD,2026-08-06T22:47:00,2026-08-07T22:47:00,PACKING,PACKING,APAC,SAME_DAY
ORD-101118,SKU-00585,1,DC-08,STANDARD,2026-08-06T22:47:00,2026-08-07T06:47:00,PACKING,PACKING,LATAM,STANDARD
ORD-101119,SKU-00554,1,DC-05,STANDARD,2026-08-06T22:55:00,2026-08-07T06:55:00,STAGED,EXCEPTION,APAC,STANDARD
ORD-101120,SKU-00973,1,DC-07,STANDARD,2026-08-06T23:05:00,2026-08-07T23:05:00,SHIPPED,EXCEPTION,LATAM,SAME_DAY
ORD-101121,SKU-00843,1,DC-08,STANDARD,2026-08-06T23:05:00,2026-08-07T11:05:00,RELEASED,RELEASED,EU,SAME_DAY
ORD-101122,SKU-00797,1,DC-02,STANDARD,2026-08-06T23:11:00,2026-08-07T07:11:00,SHIPPED,SHIPPED,LATAM,SAME_DAY
ORD-101123,SKU-00380,1,DC-08,STANDARD,2026-08-06T23:14:00,2026-08-07T11:14:00,PICKING,PICKING,EU,SAME_DAY
ORD-101124,SKU-00926,1,DC-18,STANDARD,2026-08-06T23:21:00,2026-08-07T03:21:00,SHIPPED,SHIPPED,MEA,NEXT_DAY
ORD-101125,SKU-00232,1,DC-09,STANDARD,2026-08-06T23:22:00,2026-08-07T23:22:00,RELEASED,EXCEPTION,LATAM,SAME_DAY
ORD-101126,SKU-01147,1,DC-06,STANDARD,2026-08-06T23:23:00,2026-08-07T23:23:00,STAGED,HOLD,EU,SAME_DAY
ORD-101127,SKU-00720,1,DC-16,STANDARD,2026-08-06T23:37:00,2026-08-07T11:37:00,RELEASED,RELEASED,LATAM,NEXT_DAY
ORD-101128,SKU-00180,1,DC-03,EXPEDITE,2026-08-06T23:50:00,2026-08-07T23:50:00,RELEASED,RELEASED,MEA,NEXT_DAY
ORD-101129,SKU-01163,1,DC-03,EXPEDITE,2026-08-06T23:51:00,2026-08-07T11:51:00,RELEASED,RELEASED,EU,SAME_DAY
ORD-101130,SKU-00119,1,DC-05,STANDARD,2026-08-06T23:52:00,2026-08-07T11:52:00,PICKING,HOLD,MEA,NEXT_DAY
ORD-101131,SKU-00288,1,DC-04,STANDARD,2026-08-06T23:52:00,2026-08-07T03:52:00,ALLOCATED,ALLOCATED,APAC,SAME_DAY
ORD-101132,SKU-00668,1,DC-11,STANDARD,2026-08-07T00:00:00,2026-08-07T12:00:00,ALLOCATED,ALLOCATED,APAC,STANDARD
ORD-101133,SKU-01131,1,DC-16,STANDARD,2026-08-07T00:07:00,2026-08-07T08:07:00,PICKING,PICKING,EU,NEXT_DAY
ORD-101134,SKU-00735,1,DC-13,EXPEDITE,2026-08-07T00:17:00,2026-08-07T06:17:00,SHIPPED,SHIPPED,LATAM,STANDARD
ORD-101135,SKU-01042,1,DC-09,EXPEDITE,2026-08-07T00:25:00,2026-08-07T04:25:00,STAGED,STAGED,LATAM,NEXT_DAY
ORD-101136,SKU-00571,1,DC-16,CRITICAL,2026-08-07T00:27:00,2026-08-07T08:27:00,EXCEPTION,EXCEPTION,MEA,SAME_DAY
ORD-101137,SKU-00777,1,DC-08,STANDARD,2026-08-07T00:31:00,2026-08-07T08:31:00,RELEASED,RELEASED,MEA,NEXT_DAY
ORD-101138,SKU-00829,1,DC-11,STANDARD,2026-08-07T00:43:00,2026-08-07T06:43:00,PACKING,PACKING,MEA,SAME_DAY
ORD-101139,SKU-00557,1,DC-11,EXPEDITE,2026-08-07T00:51:00,2026-08-07T08:51:00,PICKING,EXCEPTION,MEA,STANDARD
ORD-101140,SKU-00051,1,DC-15,STANDARD,2026-08-07T01:11:00,2026-08-07T05:11:00,EXCEPTION,HOLD,APAC,NEXT_DAY
ORD-101141,SKU-00682,1,DC-18,EXPEDITE,2026-08-07T01:12:00,2026-08-07T07:12:00,EXCEPTION,EXCEPTION,EU,NEXT_DAY
ORD-101142,SKU-01124,1,DC-17,STANDARD,2026-08-07T01:15:00,2026-08-07T09:15:00,ALLOCATED,HOLD,LATAM,NEXT_DAY
ORD-101143,SKU-00263,1,DC-09,STANDARD,2026-08-07T01:19:00,2026-08-07T05:19:00,STAGED,STAGED,LATAM,SAME_DAY
ORD-101144,SKU-00194,1,DC-06,STANDARD,2026-08-07T01:19:00,2026-08-08T01:19:00,SHIPPED,EXCEPTION,APAC,SAME_DAY
ORD-101145,SKU-00106,1,DC-05,STANDARD,2026-08-07T01:39:00,2026-08-07T09:39:00,ALLOCATED,ALLOCATED,LATAM,NEXT_DAY
ORD-101146,SKU-00703,1,DC-08,STANDARD,2026-08-07T01:41:00,2026-08-07T07:41:00,STAGED,HOLD,APAC,STANDARD
ORD-101147,SKU-00654,1,DC-01,STANDARD,2026-08-07T02:01:00,2026-08-08T02:01:00,PICKING,HOLD,MEA,STANDARD
ORD-101148,SKU-00507,1,DC-09,STANDARD,2026-08-07T02:18:00,2026-08-07T08:18:00,SHIPPED,SHIPPED,MEA,STANDARD
ORD-101149,SKU-01192,1,DC-08,STANDARD,2026-08-07T02:23:00,2026-08-08T02:23:00,STAGED,STAGED,MEA,NEXT_DAY
ORD-101150,SKU-00493,1,DC-08,STANDARD,2026-08-07T02:25:00,2026-08-07T08:25:00,PACKING,PACKING,MEA,STANDARD
ORD-101151,SKU-00151,1,DC-04,STANDARD,2026-08-07T02:36:00,2026-08-07T08:36:00,PACKING,EXCEPTION,EU,NEXT_DAY
ORD-101152,SKU-00367,1,DC-18,EXPEDITE,2026-08-07T02:53:00,2026-08-07T08:53:00,EXCEPTION,HOLD,EU,SAME_DAY
ORD-101153,SKU-01154,1,DC-04,STANDARD,2026-08-07T03:03:00,2026-08-07T11:03:00,ALLOCATED,ALLOCATED,APAC,STANDARD
ORD-101154,SKU-00269,1,DC-09,STANDARD,2026-08-07T03:35:00,2026-08-08T03:35:00,STAGED,STAGED,APAC,NEXT_DAY
ORD-101155,SKU-00499,1,DC-15,CRITICAL,2026-08-07T03:39:00,2026-08-08T03:39:00,PICKING,EXCEPTION,LATAM,SAME_DAY
ORD-101156,SKU-01161,1,DC-01,CRITICAL,2026-08-07T03:52:00,2026-08-08T03:52:00,SHIPPED,SHIPPED,APAC,SAME_DAY
ORD-101157,SKU-00674,1,DC-07,STANDARD,2026-08-07T04:06:00,2026-08-08T04:06:00,STAGED,EXCEPTION,APAC,STANDARD
ORD-101158,SKU-01044,1,DC-08,EXPEDITE,2026-08-07T04:08:00,2026-08-08T04:08:00,PACKING,PACKING,LATAM,STANDARD
ORD-101159,SKU-01032,1,DC-08,STANDARD,2026-08-07T04:23:00,2026-08-07T08:23:00,RELEASED,RELEASED,LATAM,NEXT_DAY
ORD-101160,SKU-00464,1,DC-10,STANDARD,2026-08-07T04:23:00,2026-08-08T04:23:00,STAGED,STAGED,LATAM,SAME_DAY
ORD-101161,SKU-00201,1,DC-18,STANDARD,2026-08-07T04:36:00,2026-08-07T12:36:00,PICKING,HOLD,LATAM,SAME_DAY
ORD-101162,SKU-00636,1,DC-07,STANDARD,2026-08-07T04:41:00,2026-08-07T10:41:00,SHIPPED,EXCEPTION,APAC,STANDARD
ORD-101163,SKU-00189,1,DC-17,EXPEDITE,2026-08-07T04:45:00,2026-08-07T08:45:00,ALLOCATED,HOLD,EU,NEXT_DAY
ORD-101164,SKU-00469,1,DC-04,EXPEDITE,2026-08-07T04:46:00,2026-08-08T04:46:00,ALLOCATED,ALLOCATED,EU,NEXT_DAY
ORD-101165,SKU-00598,1,DC-07,CRITICAL,2026-08-07T04:52:00,2026-08-07T08:52:00,RELEASED,HOLD,MEA,NEXT_DAY
ORD-101166,SKU-00058,1,DC-18,EXPEDITE,2026-08-07T04:57:00,2026-08-08T04:57:00,EXCEPTION,EXCEPTION,MEA,STANDARD
ORD-101167,SKU-00090,1,DC-18,STANDARD,2026-08-07T04:59:00,2026-08-07T16:59:00,PACKING,EXCEPTION,MEA,SAME_DAY
ORD-101168,SKU-00873,1,DC-11,STANDARD,2026-08-07T05:09:00,2026-08-07T09:09:00,SHIPPED,HOLD,APAC,STANDARD
ORD-101169,SKU-00490,1,DC-10,CRITICAL,2026-08-07T05:56:00,2026-08-08T05:56:00,PICKING,PICKING,MEA,STANDARD
ORD-101170,SKU-00146,1,DC-05,EXPEDITE,2026-08-07T05:57:00,2026-08-07T13:57:00,RELEASED,HOLD,LATAM,SAME_DAY
ORD-101171,SKU-00483,1,DC-15,EXPEDITE,2026-08-07T05:57:00,2026-08-08T05:57:00,ALLOCATED,ALLOCATED,APAC,NEXT_DAY
ORD-101172,SKU-00913,1,DC-02,CRITICAL,2026-08-07T05:58:00,2026-08-07T17:58:00,STAGED,STAGED,MEA,NEXT_DAY
ORD-101173,SKU-00419,1,DC-15,STANDARD,2026-08-07T05:58:00,2026-08-07T09:58:00,ALLOCATED,EXCEPTION,LATAM,SAME_DAY
ORD-101174,SKU-00846,1,DC-05,EXPEDITE,2026-08-07T05:58:00,2026-08-08T05:58:00,PICKING,PICKING,LATAM,SAME_DAY
ORD-101175,SKU-00875,1,DC-15,EXPEDITE,2026-08-07T06:06:00,2026-08-07T12:06:00,ALLOCATED,ALLOCATED,MEA,SAME_DAY
ORD-101176,SKU-01169,1,DC-06,CRITICAL,2026-08-07T06:12:00,2026-08-07T18:12:00,SHIPPED,SHIPPED,MEA,STANDARD
ORD-101177,SKU-00978,1,DC-01,STANDARD,2026-08-07T06:12:00,2026-08-07T18:12:00,RELEASED,RELEASED,MEA,NEXT_DAY
ORD-101178,SKU-01086,1,DC-16,STANDARD,2026-08-07T06:24:00,2026-08-07T14:24:00,RELEASED,RELEASED,LATAM,SAME_DAY
ORD-101179,SKU-00077,1,DC-01,STANDARD,2026-08-07T06:39:00,2026-08-07T18:39:00,RELEASED,RELEASED,LATAM,SAME_DAY
ORD-101180,SKU-00430,1,DC-06,STANDARD,2026-08-07T06:48:00,2026-08-07T12:48:00,ALLOCATED,ALLOCATED,LATAM,NEXT_DAY
ORD-101181,SKU-00891,1,DC-02,STANDARD,2026-08-07T06:52:00,2026-08-08T06:52:00,RELEASED,RELEASED,EU,NEXT_DAY
ORD-101182,SKU-01072,1,DC-17,STANDARD,2026-08-07T07:03:00,2026-08-07T15:03:00,RELEASED,RELEASED,MEA,SAME_DAY
ORD-101183,SKU-01002,1,DC-15,STANDARD,2026-08-07T07:13:00,2026-08-07T19:13:00,ALLOCATED,ALLOCATED,LATAM,SAME_DAY
ORD-101184,SKU-00468,1,DC-12,STANDARD,2026-08-07T07:32:00,2026-08-08T07:32:00,STAGED,STAGED,APAC,NEXT_DAY
ORD-101185,SKU-00356,1,DC-16,STANDARD,2026-08-07T07:34:00,2026-08-08T07:34:00,STAGED,STAGED,LATAM,SAME_DAY
ORD-101186,SKU-00719,1,DC-12,STANDARD,2026-08-07T07:36:00,2026-08-07T11:36:00,STAGED,HOLD,APAC,NEXT_DAY
ORD-101187,SKU-00009,1,DC-09,STANDARD,2026-08-07T07:47:00,2026-08-07T19:47:00,EXCEPTION,EXCEPTION,LATAM,STANDARD
ORD-101188,SKU-00579,1,DC-16,STANDARD,2026-08-07T07:51:00,2026-08-07T13:51:00,ALLOCATED,EXCEPTION,EU,STANDARD
ORD-101189,SKU-00609,1,DC-17,STANDARD,2026-08-07T07:57:00,2026-08-07T13:57:00,RELEASED,RELEASED,EU,SAME_DAY
ORD-101190,SKU-00537,1,DC-04,STANDARD,2026-08-07T07:59:00,2026-08-07T15:59:00,PICKING,PICKING,APAC,STANDARD
ORD-101191,SKU-00401,1,DC-16,STANDARD,2026-08-07T08:03:00,2026-08-07T12:03:00,PACKING,PACKING,APAC,NEXT_DAY
ORD-101192,SKU-00121,1,DC-06,STANDARD,2026-08-07T08:07:00,2026-08-07T14:07:00,RELEASED,EXCEPTION,MEA,SAME_DAY
ORD-101193,SKU-00829,1,DC-17,EXPEDITE,2026-08-07T08:08:00,2026-08-07T12:08:00,SHIPPED,SHIPPED,EU,NEXT_DAY
ORD-101194,SKU-00535,1,DC-15,STANDARD,2026-08-07T08:10:00,2026-08-07T14:10:00,ALLOCATED,HOLD,MEA,STANDARD
ORD-101195,SKU-00267,1,DC-10,STANDARD,2026-08-07T08:59:00,2026-08-07T20:59:00,SHIPPED,SHIPPED,LATAM,STANDARD
ORD-101196,SKU-00141,1,DC-08,EXPEDITE,2026-08-07T09:10:00,2026-08-07T21:10:00,STAGED,STAGED,LATAM,STANDARD
ORD-101197,SKU-00167,1,DC-02,STANDARD,2026-08-07T09:18:00,2026-08-07T13:18:00,EXCEPTION,HOLD,LATAM,STANDARD
ORD-101198,SKU-00028,1,DC-02,CRITICAL,2026-08-07T09:19:00,2026-08-07T15:19:00,SHIPPED,SHIPPED,APAC,SAME_DAY
ORD-101199,SKU-00485,1,DC-01,EXPEDITE,2026-08-07T09:25:00,2026-08-07T15:25:00,EXCEPTION,EXCEPTION,LATAM,STANDARD
ORD-101200,SKU-01149,1,DC-07,STANDARD,2026-08-07T09:26:00,2026-08-07T17:26:00,ALLOCATED,ALLOCATED,APAC,SAME_DAY
ORD-101201,SKU-01093,1,DC-01,STANDARD,2026-08-07T09:30:00,2026-08-07T17:30:00,EXCEPTION,EXCEPTION,MEA,NEXT_DAY
ORD-101202,SKU-00047,1,DC-10,STANDARD,2026-08-07T09:45:00,2026-08-07T21:45:00,STAGED,STAGED,EU,STANDARD
ORD-101203,SKU-00329,1,DC-10,STANDARD,2026-08-07T10:23:00,2026-08-07T18:23:00,RELEASED,RELEASED,APAC,STANDARD
ORD-101204,SKU-00086,1,DC-17,STANDARD,2026-08-07T10:25:00,2026-08-07T18:25:00,PICKING,EXCEPTION,APAC,SAME_DAY
ORD-101205,SKU-00416,1,DC-11,STANDARD,2026-08-07T11:04:00,2026-08-08T11:04:00,RELEASED,RELEASED,APAC,NEXT_DAY
ORD-101206,SKU-00751,1,DC-01,EXPEDITE,2026-08-07T11:13:00,2026-08-07T23:13:00,RELEASED,RELEASED,EU,NEXT_DAY
ORD-101207,SKU-00566,1,DC-09,STANDARD,2026-08-07T11:14:00,2026-08-07T19:14:00,EXCEPTION,EXCEPTION,LATAM,SAME_DAY
ORD-101208,SKU-00290,1,DC-14,STANDARD,2026-08-07T11:14:00,2026-08-07T19:14:00,PICKING,EXCEPTION,LATAM,NEXT_DAY
ORD-101209,SKU-00873,1,DC-05,STANDARD,2026-08-07T11:16:00,2026-08-07T19:16:00,EXCEPTION,EXCEPTION,APAC,STANDARD
ORD-101210,SKU-00502,1,DC-02,STANDARD,2026-08-07T11:17:00,2026-08-07T23:17:00,STAGED,STAGED,EU,SAME_DAY
ORD-101211,SKU-00616,1,DC-14,STANDARD,2026-08-07T11:22:00,2026-08-07T15:22:00,PICKING,PICKING,MEA,NEXT_DAY
ORD-101212,SKU-00348,1,DC-14,STANDARD,2026-08-07T11:24:00,2026-08-07T15:24:00,PICKING,PICKING,MEA,NEXT_DAY
ORD-101213,SKU-01149,1,DC-07,STANDARD,2026-08-07T11:25:00,2026-08-07T19:25:00,PICKING,PICKING,MEA,SAME_DAY
ORD-101214,SKU-00216,1,DC-01,CRITICAL,2026-08-07T11:48:00,2026-08-07T15:48:00,ALLOCATED,ALLOCATED,LATAM,SAME_DAY
ORD-101215,SKU-00951,1,DC-04,STANDARD,2026-08-07T11:58:00,2026-08-07T17:58:00,SHIPPED,EXCEPTION,EU,STANDARD
ORD-101216,SKU-01062,1,DC-13,STANDARD,2026-08-07T12:01:00,2026-08-08T00:01:00,RELEASED,RELEASED,MEA,STANDARD
ORD-101217,SKU-00364,1,DC-16,STANDARD,2026-08-07T12:01:00,2026-08-07T16:01:00,RELEASED,EXCEPTION,APAC,STANDARD
ORD-101218,SKU-00459,1,DC-09,STANDARD,2026-08-07T12:02:00,2026-08-07T18:02:00,PICKING,PICKING,EU,STANDARD
ORD-101219,SKU-01191,1,DC-09,STANDARD,2026-08-07T12:04:00,2026-08-07T20:04:00,PACKING,PACKING,LATAM,NEXT_DAY
ORD-101220,SKU-00884,1,DC-05,EXPEDITE,2026-08-07T12:09:00,2026-08-08T12:09:00,ALLOCATED,ALLOCATED,LATAM,STANDARD
ORD-101221,SKU-00085,1,DC-12,CRITICAL,2026-08-07T12:22:00,2026-08-07T18:22:00,STAGED,STAGED,MEA,SAME_DAY
ORD-101222,SKU-00119,1,DC-07,STANDARD,2026-08-07T12:38:00,2026-08-07T18:38:00,PACKING,PACKING,APAC,NEXT_DAY
ORD-101223,SKU-00673,1,DC-14,STANDARD,2026-08-07T12:53:00,2026-08-07T16:53:00,ALLOCATED,HOLD,MEA,SAME_DAY
ORD-101224,SKU-00210,1,DC-12,STANDARD,2026-08-07T12:55:00,2026-08-07T16:55:00,SHIPPED,SHIPPED,LATAM,STANDARD
ORD-101225,SKU-00005,1,DC-14,STANDARD,2026-08-07T12:56:00,2026-08-07T16:56:00,PICKING,PICKING,MEA,NEXT_DAY
ORD-101226,SKU-00193,1,DC-09,STANDARD,2026-08-07T13:20:00,2026-08-07T21:20:00,RELEASED,EXCEPTION,LATAM,NEXT_DAY
ORD-101227,SKU-00549,1,DC-03,STANDARD,2026-08-07T13:25:00,2026-08-07T19:25:00,STAGED,STAGED,LATAM,STANDARD
ORD-101228,SKU-00011,1,DC-05,STANDARD,2026-08-07T13:32:00,2026-08-07T21:32:00,ALLOCATED,ALLOCATED,MEA,NEXT_DAY
ORD-101229,SKU-00671,1,DC-02,STANDARD,2026-08-07T13:40:00,2026-08-08T01:40:00,STAGED,STAGED,LATAM,STANDARD
ORD-101230,SKU-00222,1,DC-03,EXPEDITE,2026-08-07T13:42:00,2026-08-07T19:42:00,ALLOCATED,ALLOCATED,APAC,NEXT_DAY
ORD-101231,SKU-00865,1,DC-08,EXPEDITE,2026-08-07T13:47:00,2026-08-07T17:47:00,ALLOCATED,ALLOCATED,LATAM,STANDARD
ORD-101232,SKU-00978,1,DC-13,STANDARD,2026-08-07T13:58:00,2026-08-07T21:58:00,RELEASED,HOLD,APAC,SAME_DAY
ORD-101233,SKU-01036,1,DC-13,STANDARD,2026-08-07T14:18:00,2026-08-07T22:18:00,PACKING,PACKING,APAC,SAME_DAY
ORD-101234,SKU-00154,1,DC-10,CRITICAL,2026-08-07T14:45:00,2026-08-08T02:45:00,SHIPPED,SHIPPED,EU,NEXT_DAY
ORD-101235,SKU-00085,1,DC-09,STANDARD,2026-08-07T14:48:00,2026-08-08T14:48:00,SHIPPED,SHIPPED,LATAM,SAME_DAY
ORD-101236,SKU-00553,1,DC-03,EXPEDITE,2026-08-07T14:50:00,2026-08-08T14:50:00,ALLOCATED,ALLOCATED,LATAM,NEXT_DAY
ORD-101237,SKU-00464,1,DC-08,STANDARD,2026-08-07T14:52:00,2026-08-08T14:52:00,PICKING,PICKING,EU,STANDARD
ORD-101238,SKU-00230,1,DC-11,STANDARD,2026-08-07T14:53:00,2026-08-08T02:53:00,SHIPPED,HOLD,EU,SAME_DAY
ORD-101239,SKU-00361,1,DC-02,STANDARD,2026-08-07T14:58:00,2026-08-07T22:58:00,STAGED,STAGED,LATAM,STANDARD
ORD-101240,SKU-00735,1,DC-13,EXPEDITE,2026-08-07T15:00:00,2026-08-07T21:00:00,STAGED,EXCEPTION,LATAM,SAME_DAY
ORD-101241,SKU-00458,1,DC-08,STANDARD,2026-08-07T15:12:00,2026-08-07T19:12:00,ALLOCATED,ALLOCATED,EU,SAME_DAY
ORD-101242,SKU-00273,1,DC-01,STANDARD,2026-08-07T15:17:00,2026-08-07T23:17:00,RELEASED,RELEASED,LATAM,STANDARD
ORD-101243,SKU-01198,1,DC-01,STANDARD,2026-08-07T15:28:00,2026-08-07T21:28:00,EXCEPTION,EXCEPTION,EU,STANDARD
ORD-101244,SKU-00551,1,DC-18,EXPEDITE,2026-08-07T15:31:00,2026-08-07T23:31:00,PICKING,PICKING,EU,NEXT_DAY
ORD-101245,SKU-00847,1,DC-01,CRITICAL,2026-08-07T15:44:00,2026-08-08T03:44:00,STAGED,HOLD,LATAM,STANDARD
ORD-101246,SKU-00425,1,DC-15,CRITICAL,2026-08-07T15:44:00,2026-08-07T21:44:00,EXCEPTION,EXCEPTION,EU,SAME_DAY
ORD-101247,SKU-00439,1,DC-07,CRITICAL,2026-08-07T15:45:00,2026-08-07T23:45:00,PACKING,HOLD,MEA,SAME_DAY
ORD-101248,SKU-00182,1,DC-10,STANDARD,2026-08-07T15:47:00,2026-08-08T03:47:00,RELEASED,HOLD,EU,STANDARD
ORD-101249,SKU-01036,1,DC-12,STANDARD,2026-08-07T15:54:00,2026-08-07T21:54:00,STAGED,STAGED,MEA,STANDARD
ORD-101250,SKU-00694,1,DC-15,STANDARD,2026-08-07T15:59:00,2026-08-08T03:59:00,EXCEPTION,EXCEPTION,LATAM,SAME_DAY
ORD-101251,SKU-00480,1,DC-01,STANDARD,2026-08-07T16:06:00,2026-08-07T20:06:00,STAGED,STAGED,APAC,STANDARD
ORD-101252,SKU-00114,1,DC-11,EXPEDITE,2026-08-07T16:20:00,2026-08-08T00:20:00,EXCEPTION,EXCEPTION,LATAM,NEXT_DAY
ORD-101253,SKU-01102,1,DC-16,EXPEDITE,2026-08-07T16:24:00,2026-08-07T20:24:00,PACKING,EXCEPTION,EU,NEXT_DAY
ORD-101254,SKU-00356,1,DC-07,STANDARD,2026-08-07T16:27:00,2026-08-08T00:27:00,STAGED,STAGED,MEA,SAME_DAY
ORD-101255,SKU-00337,1,DC-09,STANDARD,2026-08-07T17:03:00,2026-08-08T05:03:00,STAGED,STAGED,LATAM,STANDARD
ORD-101256,SKU-00353,1,DC-14,CRITICAL,2026-08-07T17:07:00,2026-08-08T05:07:00,PACKING,EXCEPTION,LATAM,SAME_DAY
ORD-101257,SKU-00651,1,DC-13,STANDARD,2026-08-07T17:11:00,2026-08-08T17:11:00,PACKING,PACKING,EU,STANDARD
ORD-101258,SKU-00015,1,DC-11,STANDARD,2026-08-07T17:20:00,2026-08-08T05:20:00,RELEASED,RELEASED,MEA,SAME_DAY
ORD-101259,SKU-00299,1,DC-16,STANDARD,2026-08-07T17:25:00,2026-08-08T01:25:00,PICKING,PICKING,EU,STANDARD
ORD-101260,SKU-00760,1,DC-06,STANDARD,2026-08-07T17:29:00,2026-08-08T05:29:00,SHIPPED,SHIPPED,LATAM,NEXT_DAY
ORD-101261,SKU-00088,1,DC-05,STANDARD,2026-08-07T17:34:00,2026-08-07T23:34:00,PACKING,PACKING,MEA,STANDARD
ORD-101262,SKU-00702,1,DC-01,STANDARD,2026-08-07T17:35:00,2026-08-08T05:35:00,RELEASED,RELEASED,EU,SAME_DAY
ORD-101263,SKU-00277,1,DC-17,STANDARD,2026-08-07T17:44:00,2026-08-08T01:44:00,SHIPPED,HOLD,LATAM,STANDARD
ORD-101264,SKU-00484,1,DC-14,CRITICAL,2026-08-07T17:48:00,2026-08-08T05:48:00,SHIPPED,HOLD,MEA,SAME_DAY
ORD-101265,SKU-00819,1,DC-10,STANDARD,2026-08-07T18:01:00,2026-08-08T02:01:00,EXCEPTION,EXCEPTION,EU,STANDARD
ORD-101266,SKU-01019,1,DC-16,STANDARD,2026-08-07T18:06:00,2026-08-07T22:06:00,STAGED,STAGED,APAC,NEXT_DAY
ORD-101267,SKU-01159,1,DC-03,CRITICAL,2026-08-07T18:08:00,2026-08-08T06:08:00,RELEASED,EXCEPTION,APAC,SAME_DAY
ORD-101268,SKU-00385,1,DC-11,STANDARD,2026-08-07T18:14:00,2026-08-08T02:14:00,EXCEPTION,EXCEPTION,EU,STANDARD
ORD-101269,SKU-01064,1,DC-15,STANDARD,2026-08-07T18:19:00,2026-08-08T18:19:00,EXCEPTION,HOLD,APAC,SAME_DAY
ORD-101270,SKU-00291,1,DC-05,EXPEDITE,2026-08-07T18:24:00,2026-08-07T22:24:00,RELEASED,HOLD,EU,STANDARD
ORD-101271,SKU-00977,1,DC-04,STANDARD,2026-08-07T18:44:00,2026-08-08T00:44:00,SHIPPED,HOLD,APAC,SAME_DAY
ORD-101272,SKU-00539,1,DC-08,EXPEDITE,2026-08-07T18:55:00,2026-08-08T02:55:00,SHIPPED,EXCEPTION,APAC,STANDARD
ORD-101273,SKU-00351,1,DC-01,STANDARD,2026-08-07T19:11:00,2026-08-07T23:11:00,SHIPPED,HOLD,LATAM,SAME_DAY
ORD-101274,SKU-00620,1,DC-10,STANDARD,2026-08-07T19:21:00,2026-08-08T01:21:00,STAGED,STAGED,EU,STANDARD
ORD-101275,SKU-00945,1,DC-11,STANDARD,2026-08-07T19:37:00,2026-08-08T19:37:00,PICKING,PICKING,EU,NEXT_DAY
ORD-101276,SKU-00925,1,DC-16,STANDARD,2026-08-07T19:44:00,2026-08-08T03:44:00,RELEASED,HOLD,LATAM,SAME_DAY
ORD-101277,SKU-00986,1,DC-05,EXPEDITE,2026-08-07T19:44:00,2026-08-08T03:44:00,STAGED,STAGED,APAC,NEXT_DAY
ORD-101278,SKU-00410,1,DC-02,STANDARD,2026-08-07T19:59:00,2026-08-08T19:59:00,STAGED,HOLD,MEA,NEXT_DAY
ORD-101279,SKU-00130,1,DC-07,CRITICAL,2026-08-07T20:14:00,2026-08-08T20:14:00,STAGED,STAGED,APAC,NEXT_DAY
ORD-101280,SKU-01194,1,DC-11,EXPEDITE,2026-08-07T20:24:00,2026-08-08T04:24:00,ALLOCATED,ALLOCATED,EU,STANDARD
ORD-101281,SKU-00078,1,DC-15,STANDARD,2026-08-07T20:30:00,2026-08-08T00:30:00,EXCEPTION,HOLD,LATAM,NEXT_DAY
ORD-101282,SKU-00545,1,DC-04,EXPEDITE,2026-08-07T20:33:00,2026-08-08T02:33:00,EXCEPTION,EXCEPTION,EU,SAME_DAY
ORD-101283,SKU-01190,1,DC-06,STANDARD,2026-08-07T20:34:00,2026-08-08T00:34:00,PICKING,HOLD,LATAM,SAME_DAY
ORD-101284,SKU-01037,1,DC-10,STANDARD,2026-08-07T20:54:00,2026-08-08T20:54:00,ALLOCATED,HOLD,MEA,NEXT_DAY
ORD-101285,SKU-00686,1,DC-17,EXPEDITE,2026-08-07T21:00:00,2026-08-08T05:00:00,EXCEPTION,EXCEPTION,MEA,STANDARD
ORD-101286,SKU-00680,1,DC-11,STANDARD,2026-08-07T21:21:00,2026-08-08T03:21:00,SHIPPED,SHIPPED,MEA,SAME_DAY
ORD-101287,SKU-00405,1,DC-16,STANDARD,2026-08-07T21:23:00,2026-08-08T05:23:00,PICKING,EXCEPTION,APAC,SAME_DAY
ORD-101288,SKU-00175,1,DC-17,STANDARD,2026-08-07T21:31:00,2026-08-08T05:31:00,PICKING,EXCEPTION,EU,STANDARD
ORD-101289,SKU-00725,1,DC-10,STANDARD,2026-08-07T21:32:00,2026-08-08T05:32:00,ALLOCATED,HOLD,MEA,NEXT_DAY
ORD-101290,SKU-00865,1,DC-16,STANDARD,2026-08-07T21:35:00,2026-08-08T01:35:00,ALLOCATED,ALLOCATED,LATAM,STANDARD
ORD-101291,SKU-00706,1,DC-03,STANDARD,2026-08-07T21:35:00,2026-08-08T03:35:00,EXCEPTION,EXCEPTION,APAC,SAME_DAY
ORD-101292,SKU-00645,1,DC-07,STANDARD,2026-08-07T21:43:00,2026-08-08T09:43:00,RELEASED,EXCEPTION,APAC,NEXT_DAY
ORD-101293,SKU-00648,1,DC-06,STANDARD,2026-08-07T21:48:00,2026-08-08T01:48:00,RELEASED,RELEASED,EU,NEXT_DAY
ORD-101294,SKU-00784,1,DC-09,STANDARD,2026-08-07T22:00:00,2026-08-08T10:00:00,PICKING,PICKING,LATAM,NEXT_DAY
ORD-101295,SKU-01164,1,DC-18,STANDARD,2026-08-07T22:11:00,2026-08-08T10:11:00,PICKING,PICKING,EU,STANDARD
ORD-101296,SKU-00136,1,DC-13,STANDARD,2026-08-07T22:11:00,2026-08-08T06:11:00,ALLOCATED,EXCEPTION,MEA,SAME_DAY
ORD-101297,SKU-00869,1,DC-07,EXPEDITE,2026-08-07T22:35:00,2026-08-08T10:35:00,RELEASED,RELEASED,LATAM,SAME_DAY
ORD-101298,SKU-00109,1,DC-16,STANDARD,2026-08-07T23:00:00,2026-08-08T07:00:00,PICKING,PICKING,EU,NEXT_DAY
ORD-101299,SKU-00729,1,DC-15,STANDARD,2026-08-07T23:08:00,2026-08-08T03:08:00,STAGED,STAGED,LATAM,STANDARD
ORD-101300,SKU-00574,1,DC-04,STANDARD,2026-08-07T23:10:00,2026-08-08T05:10:00,ALLOCATED,ALLOCATED,APAC,SAME_DAY
ORD-101301,SKU-00021,1,DC-10,STANDARD,2026-08-07T23:26:00,2026-08-08T03:26:00,PACKING,HOLD,EU,STANDARD
ORD-101302,SKU-00792,1,DC-12,STANDARD,2026-08-07T23:26:00,2026-08-08T03:26:00,ALLOCATED,ALLOCATED,MEA,STANDARD
ORD-101303,SKU-01105,1,DC-10,CRITICAL,2026-08-07T23:27:00,2026-08-08T03:27:00,STAGED,HOLD,APAC,SAME_DAY
ORD-101304,SKU-00379,1,DC-06,CRITICAL,2026-08-07T23:31:00,2026-08-08T05:31:00,RELEASED,HOLD,APAC,SAME_DAY
ORD-101305,SKU-00058,1,DC-04,EXPEDITE,2026-08-07T23:49:00,2026-08-08T05:49:00,SHIPPED,SHIPPED,LATAM,NEXT_DAY
ORD-101306,SKU-01144,1,DC-08,CRITICAL,2026-08-07T23:53:00,2026-08-08T23:53:00,PACKING,PACKING,APAC,NEXT_DAY
ORD-101307,SKU-01061,1,DC-04,STANDARD,2026-08-07T23:54:00,2026-08-08T07:54:00,PACKING,PACKING,EU,SAME_DAY
ORD-101308,SKU-00780,1,DC-18,STANDARD,2026-08-07T23:57:00,2026-08-08T07:57:00,EXCEPTION,EXCEPTION,MEA,STANDARD
ORD-101309,SKU-00890,1,DC-17,EXPEDITE,2026-08-08T00:09:00,2026-08-08T04:09:00,EXCEPTION,EXCEPTION,EU,STANDARD
ORD-101310,SKU-00090,1,DC-18,STANDARD,2026-08-08T00:14:00,2026-08-09T00:14:00,RELEASED,RELEASED,MEA,SAME_DAY
ORD-101311,SKU-00986,1,DC-16,EXPEDITE,2026-08-08T00:16:00,2026-08-08T06:16:00,PACKING,PACKING,MEA,STANDARD
ORD-101312,SKU-00032,1,DC-08,EXPEDITE,2026-08-08T00:22:00,2026-08-08T04:22:00,SHIPPED,SHIPPED,APAC,NEXT_DAY
ORD-101313,SKU-00717,1,DC-06,CRITICAL,2026-08-08T00:26:00,2026-08-08T12:26:00,PICKING,EXCEPTION,LATAM,STANDARD
ORD-101314,SKU-00484,1,DC-18,STANDARD,2026-08-08T00:40:00,2026-08-08T08:40:00,ALLOCATED,EXCEPTION,EU,STANDARD
ORD-101315,SKU-00944,1,DC-14,EXPEDITE,2026-08-08T00:43:00,2026-08-08T04:43:00,STAGED,STAGED,EU,NEXT_DAY
ORD-101316,SKU-00187,1,DC-09,STANDARD,2026-08-08T00:45:00,2026-08-09T00:45:00,PACKING,EXCEPTION,EU,NEXT_DAY
ORD-101317,SKU-00468,1,DC-11,STANDARD,2026-08-08T00:46:00,2026-08-09T00:46:00,ALLOCATED,ALLOCATED,APAC,SAME_DAY
ORD-101318,SKU-00369,1,DC-04,STANDARD,2026-08-08T00:49:00,2026-08-08T08:49:00,RELEASED,RELEASED,EU,STANDARD
ORD-101319,SKU-00858,1,DC-16,EXPEDITE,2026-08-08T01:14:00,2026-08-08T05:14:00,STAGED,STAGED,APAC,NEXT_DAY
ORD-101320,SKU-00921,1,DC-10,EXPEDITE,2026-08-08T01:17:00,2026-08-08T13:17:00,SHIPPED,SHIPPED,MEA,NEXT_DAY
ORD-101321,SKU-00378,1,DC-05,STANDARD,2026-08-08T01:31:00,2026-08-08T09:31:00,EXCEPTION,EXCEPTION,EU,NEXT_DAY
ORD-101322,SKU-00999,1,DC-07,STANDARD,2026-08-08T01:34:00,2026-08-08T05:34:00,EXCEPTION,EXCEPTION,MEA,STANDARD
ORD-101323,SKU-00350,1,DC-08,STANDARD,2026-08-08T01:37:00,2026-08-08T09:37:00,PACKING,EXCEPTION,MEA,SAME_DAY
ORD-101324,SKU-00866,1,DC-13,CRITICAL,2026-08-08T01:40:00,2026-08-08T07:40:00,ALLOCATED,ALLOCATED,LATAM,STANDARD
ORD-101325,SKU-00999,1,DC-02,STANDARD,2026-08-08T01:53:00,2026-08-08T07:53:00,STAGED,STAGED,EU,STANDARD
ORD-101326,SKU-00798,1,DC-17,STANDARD,2026-08-08T01:54:00,2026-08-08T07:54:00,ALLOCATED,HOLD,LATAM,STANDARD
ORD-101327,SKU-00740,1,DC-07,STANDARD,2026-08-08T01:57:00,2026-08-08T13:57:00,EXCEPTION,EXCEPTION,LATAM,STANDARD
ORD-101328,SKU-00924,1,DC-01,STANDARD,2026-08-08T02:05:00,2026-08-08T08:05:00,STAGED,STAGED,LATAM,NEXT_DAY
ORD-101329,SKU-00649,1,DC-09,STANDARD,2026-08-08T02:17:00,2026-08-08T14:17:00,PACKING,EXCEPTION,MEA,SAME_DAY
ORD-101330,SKU-01152,1,DC-11,STANDARD,2026-08-08T02:23:00,2026-08-08T08:23:00,SHIPPED,EXCEPTION,MEA,NEXT_DAY
ORD-101331,SKU-00590,1,DC-06,CRITICAL,2026-08-08T02:29:00,2026-08-08T06:29:00,ALLOCATED,ALLOCATED,APAC,NEXT_DAY
ORD-101332,SKU-01104,1,DC-04,EXPEDITE,2026-08-08T02:35:00,2026-08-09T02:35:00,ALLOCATED,ALLOCATED,MEA,STANDARD
ORD-101333,SKU-00958,1,DC-13,STANDARD,2026-08-08T02:39:00,2026-08-08T08:39:00,PACKING,HOLD,APAC,STANDARD
ORD-101334,SKU-00095,1,DC-02,CRITICAL,2026-08-08T02:42:00,2026-08-08T14:42:00,EXCEPTION,EXCEPTION,LATAM,STANDARD
ORD-101335,SKU-00270,1,DC-02,STANDARD,2026-08-08T02:48:00,2026-08-08T06:48:00,PICKING,EXCEPTION,LATAM,NEXT_DAY
ORD-101336,SKU-01126,1,DC-09,STANDARD,2026-08-08T02:56:00,2026-08-08T14:56:00,EXCEPTION,EXCEPTION,EU,SAME_DAY
ORD-101337,SKU-01137,1,DC-13,STANDARD,2026-08-08T03:10:00,2026-08-08T09:10:00,STAGED,STAGED,MEA,SAME_DAY
ORD-101338,SKU-00610,1,DC-09,STANDARD,2026-08-08T03:11:00,2026-08-08T07:11:00,PACKING,HOLD,LATAM,NEXT_DAY
ORD-101339,SKU-00548,1,DC-16,EXPEDITE,2026-08-08T03:17:00,2026-08-08T11:17:00,SHIPPED,SHIPPED,EU,STANDARD
ORD-101340,SKU-00798,1,DC-10,STANDARD,2026-08-08T03:18:00,2026-08-08T09:18:00,SHIPPED,SHIPPED,LATAM,STANDARD
ORD-101341,SKU-00097,1,DC-05,STANDARD,2026-08-08T03:22:00,2026-08-08T15:22:00,ALLOCATED,ALLOCATED,LATAM,SAME_DAY
ORD-101342,SKU-00976,1,DC-14,EXPEDITE,2026-08-08T03:29:00,2026-08-08T11:29:00,PACKING,PACKING,MEA,NEXT_DAY
ORD-101343,SKU-00992,1,DC-08,STANDARD,2026-08-08T03:41:00,2026-08-08T15:41:00,RELEASED,RELEASED,LATAM,STANDARD
ORD-101344,SKU-01111,1,DC-04,EXPEDITE,2026-08-08T03:57:00,2026-08-08T07:57:00,PICKING,PICKING,LATAM,STANDARD
ORD-101345,SKU-00240,1,DC-04,EXPEDITE,2026-08-08T03:58:00,2026-08-08T07:58:00,STAGED,EXCEPTION,EU,SAME_DAY
ORD-101346,SKU-00035,1,DC-14,STANDARD,2026-08-08T03:59:00,2026-08-08T11:59:00,PACKING,PACKING,LATAM,STANDARD
ORD-101347,SKU-00459,1,DC-17,EXPEDITE,2026-08-08T04:06:00,2026-08-09T04:06:00,PICKING,EXCEPTION,LATAM,NEXT_DAY
ORD-101348,SKU-00863,1,DC-03,STANDARD,2026-08-08T04:06:00,2026-08-08T16:06:00,PICKING,HOLD,EU,SAME_DAY
ORD-101349,SKU-00186,1,DC-02,STANDARD,2026-08-08T04:13:00,2026-08-08T10:13:00,SHIPPED,EXCEPTION,MEA,SAME_DAY
ORD-101350,SKU-01131,1,DC-10,STANDARD,2026-08-08T04:23:00,2026-08-08T10:23:00,PACKING,PACKING,LATAM,NEXT_DAY
ORD-101351,SKU-00019,1,DC-08,STANDARD,2026-08-08T04:31:00,2026-08-08T16:31:00,STAGED,STAGED,APAC,NEXT_DAY
ORD-101352,SKU-00581,1,DC-06,CRITICAL,2026-08-08T04:34:00,2026-08-09T04:34:00,EXCEPTION,HOLD,LATAM,STANDARD
ORD-101353,SKU-01106,1,DC-14,STANDARD,2026-08-08T04:36:00,2026-08-08T16:36:00,STAGED,STAGED,MEA,SAME_DAY
ORD-101354,SKU-01065,1,DC-04,STANDARD,2026-08-08T04:44:00,2026-08-08T08:44:00,RELEASED,RELEASED,APAC,STANDARD
ORD-101355,SKU-00189,1,DC-11,CRITICAL,2026-08-08T04:53:00,2026-08-08T10:53:00,SHIPPED,SHIPPED,EU,NEXT_DAY
ORD-101356,SKU-00419,1,DC-08,STANDARD,2026-08-08T05:00:00,2026-08-08T11:00:00,ALLOCATED,ALLOCATED,MEA,NEXT_DAY
ORD-101357,SKU-00641,1,DC-08,STANDARD,2026-08-08T05:02:00,2026-08-08T11:02:00,STAGED,STAGED,EU,SAME_DAY
ORD-101358,SKU-01043,1,DC-14,STANDARD,2026-08-08T05:20:00,2026-08-08T09:20:00,ALLOCATED,ALLOCATED,LATAM,NEXT_DAY
ORD-101359,SKU-00897,1,DC-05,EXPEDITE,2026-08-08T05:20:00,2026-08-08T11:20:00,PACKING,PACKING,MEA,SAME_DAY
ORD-101360,SKU-00469,1,DC-15,STANDARD,2026-08-08T05:27:00,2026-08-08T13:27:00,RELEASED,RELEASED,LATAM,NEXT_DAY
ORD-101361,SKU-00072,1,DC-12,STANDARD,2026-08-08T05:37:00,2026-08-08T11:37:00,SHIPPED,SHIPPED,MEA,STANDARD
ORD-101362,SKU-00154,1,DC-13,STANDARD,2026-08-08T05:51:00,2026-08-09T05:51:00,ALLOCATED,ALLOCATED,MEA,STANDARD
ORD-101363,SKU-01047,1,DC-15,STANDARD,2026-08-08T05:53:00,2026-08-08T09:53:00,EXCEPTION,EXCEPTION,EU,NEXT_DAY
ORD-101364,SKU-00456,1,DC-15,EXPEDITE,2026-08-08T06:00:00,2026-08-08T12:00:00,SHIPPED,EXCEPTION,EU,STANDARD
ORD-101365,SKU-01182,1,DC-04,STANDARD,2026-08-08T06:03:00,2026-08-09T06:03:00,SHIPPED,EXCEPTION,APAC,NEXT_DAY
ORD-101366,SKU-00855,1,DC-07,STANDARD,2026-08-08T06:39:00,2026-08-08T14:39:00,PACKING,PACKING,LATAM,NEXT_DAY
ORD-101367,SKU-00270,1,DC-04,STANDARD,2026-08-08T06:41:00,2026-08-08T14:41:00,EXCEPTION,EXCEPTION,APAC,SAME_DAY
ORD-101368,SKU-00257,1,DC-12,EXPEDITE,2026-08-08T06:46:00,2026-08-08T14:46:00,PACKING,EXCEPTION,EU,NEXT_DAY
ORD-101369,SKU-00038,1,DC-07,EXPEDITE,2026-08-08T07:08:00,2026-08-08T15:08:00,ALLOCATED,ALLOCATED,LATAM,SAME_DAY
ORD-101370,SKU-00564,1,DC-13,STANDARD,2026-08-08T07:09:00,2026-08-08T15:09:00,EXCEPTION,EXCEPTION,MEA,NEXT_DAY
ORD-101371,SKU-00126,1,DC-02,STANDARD,2026-08-08T07:15:00,2026-08-08T11:15:00,SHIPPED,EXCEPTION,LATAM,SAME_DAY
ORD-101372,SKU-00822,1,DC-07,STANDARD,2026-08-08T07:40:00,2026-08-08T19:40:00,ALLOCATED,EXCEPTION,LATAM,SAME_DAY
ORD-101373,SKU-00072,1,DC-08,STANDARD,2026-08-08T07:51:00,2026-08-08T11:51:00,RELEASED,EXCEPTION,LATAM,SAME_DAY
ORD-101374,SKU-00004,1,DC-11,STANDARD,2026-08-08T07:54:00,2026-08-08T11:54:00,ALLOCATED,HOLD,EU,NEXT_DAY
ORD-101375,SKU-00757,1,DC-05,STANDARD,2026-08-08T07:57:00,2026-08-08T11:57:00,ALLOCATED,ALLOCATED,LATAM,STANDARD
ORD-101376,SKU-00332,1,DC-08,STANDARD,2026-08-08T07:57:00,2026-08-08T15:57:00,EXCEPTION,EXCEPTION,LATAM,NEXT_DAY
ORD-101377,SKU-00043,1,DC-14,CRITICAL,2026-08-08T08:05:00,2026-08-08T12:05:00,PICKING,PICKING,EU,STANDARD
ORD-101378,SKU-00472,1,DC-11,STANDARD,2026-08-08T08:16:00,2026-08-08T20:16:00,PICKING,PICKING,MEA,STANDARD
ORD-101379,SKU-00228,1,DC-03,EXPEDITE,2026-08-08T08:24:00,2026-08-09T08:24:00,RELEASED,RELEASED,APAC,NEXT_DAY
ORD-101380,SKU-00003,1,DC-15,STANDARD,2026-08-08T08:26:00,2026-08-08T14:26:00,RELEASED,EXCEPTION,MEA,STANDARD
ORD-101381,SKU-00394,1,DC-07,CRITICAL,2026-08-08T08:41:00,2026-08-08T16:41:00,PICKING,EXCEPTION,APAC,NEXT_DAY
ORD-101382,SKU-01049,1,DC-03,STANDARD,2026-08-08T08:47:00,2026-08-08T12:47:00,ALLOCATED,ALLOCATED,LATAM,SAME_DAY
ORD-101383,SKU-00690,1,DC-02,STANDARD,2026-08-08T08:57:00,2026-08-08T12:57:00,ALLOCATED,ALLOCATED,MEA,NEXT_DAY
ORD-101384,SKU-00656,1,DC-05,EXPEDITE,2026-08-08T08:57:00,2026-08-08T14:57:00,EXCEPTION,HOLD,APAC,NEXT_DAY
ORD-101385,SKU-00231,1,DC-09,STANDARD,2026-08-08T09:01:00,2026-08-08T21:01:00,SHIPPED,HOLD,MEA,STANDARD
ORD-101386,SKU-00100,1,DC-17,STANDARD,2026-08-08T09:03:00,2026-08-08T17:03:00,EXCEPTION,EXCEPTION,MEA,SAME_DAY
ORD-101387,SKU-00537,1,DC-01,STANDARD,2026-08-08T09:04:00,2026-08-09T09:04:00,ALLOCATED,ALLOCATED,EU,STANDARD
ORD-101388,SKU-00390,1,DC-07,EXPEDITE,2026-08-08T09:22:00,2026-08-08T17:22:00,SHIPPED,SHIPPED,MEA,SAME_DAY
ORD-101389,SKU-00305,1,DC-02,STANDARD,2026-08-08T09:25:00,2026-08-08T17:25:00,STAGED,HOLD,APAC,NEXT_DAY
ORD-101390,SKU-01114,1,DC-14,EXPEDITE,2026-08-08T09:28:00,2026-08-08T17:28:00,SHIPPED,SHIPPED,LATAM,STANDARD
ORD-101391,SKU-00080,1,DC-13,STANDARD,2026-08-08T09:31:00,2026-08-08T21:31:00,EXCEPTION,EXCEPTION,EU,NEXT_DAY
ORD-101392,SKU-00695,1,DC-16,STANDARD,2026-08-08T09:38:00,2026-08-08T17:38:00,PACKING,PACKING,MEA,STANDARD
ORD-101393,SKU-00837,1,DC-07,STANDARD,2026-08-08T09:42:00,2026-08-08T13:42:00,ALLOCATED,ALLOCATED,MEA,STANDARD
ORD-101394,SKU-00786,1,DC-11,STANDARD,2026-08-08T10:01:00,2026-08-09T10:01:00,PACKING,PACKING,MEA,STANDARD
ORD-101395,SKU-00314,1,DC-17,STANDARD,2026-08-08T10:04:00,2026-08-08T16:04:00,SHIPPED,EXCEPTION,EU,STANDARD
ORD-101396,SKU-00951,1,DC-18,STANDARD,2026-08-08T10:19:00,2026-08-08T14:19:00,STAGED,STAGED,EU,SAME_DAY
ORD-101397,SKU-00319,1,DC-14,STANDARD,2026-08-08T10:24:00,2026-08-08T18:24:00,STAGED,STAGED,LATAM,STANDARD
ORD-101398,SKU-00669,1,DC-05,STANDARD,2026-08-08T10:37:00,2026-08-08T16:37:00,EXCEPTION,EXCEPTION,APAC,NEXT_DAY
ORD-101399,SKU-01076,1,DC-15,STANDARD,2026-08-08T10:42:00,2026-08-08T16:42:00,PICKING,EXCEPTION,LATAM,NEXT_DAY
ORD-101400,SKU-01061,1,DC-04,EXPEDITE,2026-08-08T11:07:00,2026-08-08T17:07:00,EXCEPTION,EXCEPTION,LATAM,SAME_DAY
ORD-101401,SKU-00073,1,DC-07,EXPEDITE,2026-08-08T11:20:00,2026-08-08T15:20:00,SHIPPED,EXCEPTION,EU,SAME_DAY
ORD-101402,SKU-01107,1,DC-07,EXPEDITE,2026-08-08T11:33:00,2026-08-08T19:33:00,ALLOCATED,ALLOCATED,LATAM,NEXT_DAY
ORD-101403,SKU-00146,1,DC-10,STANDARD,2026-08-08T11:39:00,2026-08-09T11:39:00,EXCEPTION,EXCEPTION,LATAM,NEXT_DAY
ORD-101404,SKU-00357,1,DC-04,EXPEDITE,2026-08-08T11:54:00,2026-08-08T15:54:00,ALLOCATED,ALLOCATED,APAC,STANDARD
ORD-101405,SKU-00224,1,DC-09,STANDARD,2026-08-08T11:54:00,2026-08-08T15:54:00,SHIPPED,SHIPPED,EU,NEXT_DAY
ORD-101406,SKU-00696,1,DC-11,STANDARD,2026-08-08T12:08:00,2026-08-09T12:08:00,PICKING,HOLD,LATAM,STANDARD
ORD-101407,SKU-00920,1,DC-18,EXPEDITE,2026-08-08T12:16:00,2026-08-09T12:16:00,PACKING,EXCEPTION,LATAM,SAME_DAY
ORD-101408,SKU-00605,1,DC-18,CRITICAL,2026-08-08T12:18:00,2026-08-09T00:18:00,PACKING,HOLD,LATAM,SAME_DAY
ORD-101409,SKU-00023,1,DC-15,STANDARD,2026-08-08T12:22:00,2026-08-09T00:22:00,ALLOCATED,ALLOCATED,LATAM,NEXT_DAY
ORD-101410,SKU-00493,1,DC-08,STANDARD,2026-08-08T12:33:00,2026-08-08T18:33:00,RELEASED,RELEASED,LATAM,STANDARD
ORD-101411,SKU-00838,1,DC-13,STANDARD,2026-08-08T12:37:00,2026-08-08T16:37:00,ALLOCATED,ALLOCATED,EU,STANDARD
ORD-101412,SKU-00930,1,DC-16,STANDARD,2026-08-08T12:43:00,2026-08-09T00:43:00,RELEASED,RELEASED,LATAM,NEXT_DAY
ORD-101413,SKU-00225,1,DC-05,EXPEDITE,2026-08-08T13:09:00,2026-08-09T13:09:00,SHIPPED,SHIPPED,APAC,NEXT_DAY
ORD-101414,SKU-00896,1,DC-10,STANDARD,2026-08-08T13:12:00,2026-08-08T19:12:00,RELEASED,RELEASED,EU,SAME_DAY
ORD-101415,SKU-00179,1,DC-06,EXPEDITE,2026-08-08T13:18:00,2026-08-08T19:18:00,ALLOCATED,ALLOCATED,APAC,SAME_DAY
ORD-101416,SKU-00822,1,DC-12,STANDARD,2026-08-08T13:27:00,2026-08-08T19:27:00,STAGED,STAGED,LATAM,NEXT_DAY
ORD-101417,SKU-00774,1,DC-10,EXPEDITE,2026-08-08T13:32:00,2026-08-08T17:32:00,RELEASED,HOLD,APAC,SAME_DAY
ORD-101418,SKU-00211,1,DC-16,CRITICAL,2026-08-08T13:53:00,2026-08-08T21:53:00,PICKING,PICKING,EU,STANDARD
ORD-101419,SKU-00301,1,DC-14,STANDARD,2026-08-08T14:08:00,2026-08-09T02:08:00,EXCEPTION,EXCEPTION,MEA,SAME_DAY
ORD-101420,SKU-00590,1,DC-12,STANDARD,2026-08-08T14:09:00,2026-08-09T02:09:00,RELEASED,HOLD,MEA,NEXT_DAY
ORD-101421,SKU-01044,1,DC-17,EXPEDITE,2026-08-08T14:35:00,2026-08-08T22:35:00,ALLOCATED,EXCEPTION,LATAM,NEXT_DAY
ORD-101422,SKU-00644,1,DC-11,STANDARD,2026-08-08T14:36:00,2026-08-09T02:36:00,RELEASED,RELEASED,MEA,SAME_DAY
ORD-101423,SKU-00539,1,DC-10,STANDARD,2026-08-08T14:41:00,2026-08-09T02:41:00,EXCEPTION,EXCEPTION,LATAM,STANDARD
ORD-101424,SKU-00522,1,DC-07,STANDARD,2026-08-08T14:48:00,2026-08-08T22:48:00,RELEASED,RELEASED,APAC,NEXT_DAY
ORD-101425,SKU-00001,1,DC-02,STANDARD,2026-08-08T14:48:00,2026-08-09T02:48:00,PACKING,EXCEPTION,APAC,SAME_DAY
ORD-101426,SKU-01040,1,DC-02,EXPEDITE,2026-08-08T14:58:00,2026-08-09T14:58:00,PACKING,PACKING,MEA,SAME_DAY
ORD-101427,SKU-00942,1,DC-10,STANDARD,2026-08-08T15:17:00,2026-08-09T15:17:00,SHIPPED,SHIPPED,APAC,STANDARD
ORD-101428,SKU-00707,1,DC-02,CRITICAL,2026-08-08T15:19:00,2026-08-09T03:19:00,PACKING,HOLD,LATAM,NEXT_DAY
ORD-101429,SKU-01123,1,DC-09,STANDARD,2026-08-08T15:22:00,2026-08-09T03:22:00,STAGED,STAGED,APAC,STANDARD
ORD-101430,SKU-00373,1,DC-08,EXPEDITE,2026-08-08T15:22:00,2026-08-08T21:22:00,ALLOCATED,ALLOCATED,APAC,SAME_DAY
ORD-101431,SKU-01018,1,DC-14,STANDARD,2026-08-08T15:28:00,2026-08-09T15:28:00,SHIPPED,SHIPPED,APAC,SAME_DAY
ORD-101432,SKU-00376,1,DC-11,STANDARD,2026-08-08T15:29:00,2026-08-08T21:29:00,EXCEPTION,EXCEPTION,LATAM,NEXT_DAY
ORD-101433,SKU-00406,1,DC-11,STANDARD,2026-08-08T15:38:00,2026-08-09T03:38:00,PICKING,PICKING,APAC,SAME_DAY
ORD-101434,SKU-00228,1,DC-09,EXPEDITE,2026-08-08T16:08:00,2026-08-09T00:08:00,RELEASED,EXCEPTION,MEA,SAME_DAY
ORD-101435,SKU-00505,1,DC-07,STANDARD,2026-08-08T16:12:00,2026-08-08T22:12:00,ALLOCATED,HOLD,MEA,STANDARD
ORD-101436,SKU-00202,1,DC-10,EXPEDITE,2026-08-08T16:13:00,2026-08-09T00:13:00,ALLOCATED,HOLD,MEA,SAME_DAY
ORD-101437,SKU-00258,1,DC-17,STANDARD,2026-08-08T16:27:00,2026-08-08T20:27:00,SHIPPED,SHIPPED,LATAM,STANDARD
ORD-101438,SKU-00478,1,DC-04,STANDARD,2026-08-08T16:46:00,2026-08-09T04:46:00,SHIPPED,HOLD,MEA,SAME_DAY
ORD-101439,SKU-00802,1,DC-13,EXPEDITE,2026-08-08T16:47:00,2026-08-09T04:47:00,SHIPPED,HOLD,MEA,SAME_DAY
ORD-101440,SKU-00362,1,DC-09,STANDARD,2026-08-08T16:48:00,2026-08-08T22:48:00,PACKING,PACKING,MEA,NEXT_DAY
ORD-101441,SKU-00162,1,DC-02,STANDARD,2026-08-08T16:48:00,2026-08-09T16:48:00,STAGED,STAGED,APAC,NEXT_DAY
ORD-101442,SKU-00831,1,DC-16,STANDARD,2026-08-08T16:51:00,2026-08-09T00:51:00,PACKING,PACKING,MEA,NEXT_DAY
ORD-101443,SKU-00959,1,DC-09,STANDARD,2026-08-08T16:59:00,2026-08-08T22:59:00,SHIPPED,HOLD,MEA,STANDARD
ORD-101444,SKU-00552,1,DC-14,STANDARD,2026-08-08T17:01:00,2026-08-08T21:01:00,STAGED,STAGED,MEA,SAME_DAY
ORD-101445,SKU-00112,1,DC-08,STANDARD,2026-08-08T17:05:00,2026-08-09T17:05:00,EXCEPTION,EXCEPTION,APAC,STANDARD
ORD-101446,SKU-00152,1,DC-07,STANDARD,2026-08-08T17:25:00,2026-08-08T23:25:00,SHIPPED,HOLD,APAC,SAME_DAY
ORD-101447,SKU-01063,1,DC-04,EXPEDITE,2026-08-08T17:26:00,2026-08-09T05:26:00,PACKING,PACKING,EU,SAME_DAY
ORD-101448,SKU-00325,1,DC-18,CRITICAL,2026-08-08T17:27:00,2026-08-09T05:27:00,STAGED,HOLD,EU,STANDARD
ORD-101449,SKU-00476,1,DC-12,STANDARD,2026-08-08T17:38:00,2026-08-09T17:38:00,PACKING,PACKING,LATAM,SAME_DAY
ORD-101450,SKU-00357,1,DC-09,STANDARD,2026-08-08T17:47:00,2026-08-09T01:47:00,EXCEPTION,HOLD,APAC,NEXT_DAY
ORD-101451,SKU-00847,1,DC-11,STANDARD,2026-08-08T17:54:00,2026-08-09T05:54:00,STAGED,STAGED,MEA,NEXT_DAY
ORD-101452,SKU-00497,1,DC-15,EXPEDITE,2026-08-08T18:00:00,2026-08-09T02:00:00,PACKING,PACKING,MEA,NEXT_DAY
ORD-101453,SKU-01104,1,DC-08,STANDARD,2026-08-08T18:05:00,2026-08-09T02:05:00,EXCEPTION,EXCEPTION,EU,NEXT_DAY
ORD-101454,SKU-01002,1,DC-06,STANDARD,2026-08-08T18:07:00,2026-08-09T02:07:00,STAGED,STAGED,MEA,SAME_DAY
ORD-101455,SKU-01070,1,DC-10,CRITICAL,2026-08-08T18:09:00,2026-08-09T18:09:00,EXCEPTION,HOLD,APAC,NEXT_DAY
ORD-101456,SKU-01138,1,DC-12,STANDARD,2026-08-08T18:12:00,2026-08-09T00:12:00,SHIPPED,SHIPPED,EU,STANDARD
ORD-101457,SKU-00692,1,DC-09,EXPEDITE,2026-08-08T18:30:00,2026-08-09T18:30:00,STAGED,STAGED,LATAM,STANDARD
ORD-101458,SKU-00771,1,DC-09,STANDARD,2026-08-08T18:46:00,2026-08-09T02:46:00,RELEASED,RELEASED,LATAM,STANDARD
ORD-101459,SKU-00448,1,DC-13,STANDARD,2026-08-08T19:12:00,2026-08-09T19:12:00,PICKING,PICKING,MEA,STANDARD
ORD-101460,SKU-00626,1,DC-09,EXPEDITE,2026-08-08T19:12:00,2026-08-08T23:12:00,EXCEPTION,HOLD,LATAM,SAME_DAY
ORD-101461,SKU-01167,1,DC-03,STANDARD,2026-08-08T19:13:00,2026-08-09T03:13:00,PACKING,PACKING,LATAM,STANDARD
ORD-101462,SKU-00802,1,DC-09,STANDARD,2026-08-08T19:26:00,2026-08-09T07:26:00,ALLOCATED,ALLOCATED,EU,NEXT_DAY
ORD-101463,SKU-01197,1,DC-16,STANDARD,2026-08-08T19:30:00,2026-08-09T01:30:00,PACKING,PACKING,EU,NEXT_DAY
ORD-101464,SKU-01010,1,DC-09,EXPEDITE,2026-08-08T19:35:00,2026-08-09T01:35:00,PACKING,PACKING,APAC,NEXT_DAY
ORD-101465,SKU-01127,1,DC-02,STANDARD,2026-08-08T19:39:00,2026-08-09T07:39:00,PACKING,EXCEPTION,APAC,NEXT_DAY
ORD-101466,SKU-00068,1,DC-10,STANDARD,2026-08-08T19:40:00,2026-08-09T07:40:00,SHIPPED,SHIPPED,LATAM,NEXT_DAY
ORD-101467,SKU-00624,1,DC-02,STANDARD,2026-08-08T19:43:00,2026-08-08T23:43:00,ALLOCATED,ALLOCATED,APAC,SAME_DAY
ORD-101468,SKU-00984,1,DC-03,STANDARD,2026-08-08T19:47:00,2026-08-08T23:47:00,PICKING,HOLD,LATAM,SAME_DAY
ORD-101469,SKU-00020,1,DC-08,STANDARD,2026-08-08T19:49:00,2026-08-09T01:49:00,PICKING,PICKING,MEA,STANDARD
ORD-101470,SKU-00881,1,DC-01,STANDARD,2026-08-08T19:50:00,2026-08-09T19:50:00,RELEASED,EXCEPTION,MEA,SAME_DAY
ORD-101471,SKU-00044,1,DC-06,STANDARD,2026-08-08T19:54:00,2026-08-09T19:54:00,RELEASED,RELEASED,APAC,NEXT_DAY
ORD-101472,SKU-00971,1,DC-04,STANDARD,2026-08-08T19:55:00,2026-08-09T03:55:00,ALLOCATED,ALLOCATED,LATAM,SAME_DAY
ORD-101473,SKU-00651,1,DC-08,STANDARD,2026-08-08T20:18:00,2026-08-09T04:18:00,RELEASED,HOLD,LATAM,STANDARD
ORD-101474,SKU-00723,1,DC-03,STANDARD,2026-08-08T20:20:00,2026-08-09T08:20:00,EXCEPTION,EXCEPTION,APAC,SAME_DAY
ORD-101475,SKU-00773,1,DC-17,STANDARD,2026-08-08T20:24:00,2026-08-09T08:24:00,PICKING,PICKING,APAC,STANDARD
ORD-101476,SKU-00340,1,DC-09,CRITICAL,2026-08-08T20:37:00,2026-08-09T02:37:00,PACKING,HOLD,MEA,NEXT_DAY
ORD-101477,SKU-00860,1,DC-18,STANDARD,2026-08-08T20:51:00,2026-08-09T02:51:00,EXCEPTION,HOLD,LATAM,SAME_DAY
ORD-101478,SKU-01129,1,DC-01,STANDARD,2026-08-08T20:52:00,2026-08-09T00:52:00,PICKING,PICKING,EU,NEXT_DAY
ORD-101479,SKU-00309,1,DC-01,STANDARD,2026-08-08T20:52:00,2026-08-09T08:52:00,RELEASED,RELEASED,LATAM,NEXT_DAY
ORD-101480,SKU-00970,1,DC-14,EXPEDITE,2026-08-08T20:54:00,2026-08-09T04:54:00,ALLOCATED,ALLOCATED,APAC,STANDARD
ORD-101481,SKU-01108,1,DC-18,STANDARD,2026-08-08T20:57:00,2026-08-09T20:57:00,RELEASED,RELEASED,LATAM,NEXT_DAY
ORD-101482,SKU-01015,1,DC-16,STANDARD,2026-08-08T21:04:00,2026-08-09T01:04:00,RELEASED,RELEASED,APAC,NEXT_DAY
ORD-101483,SKU-01184,1,DC-06,STANDARD,2026-08-08T21:08:00,2026-08-09T03:08:00,RELEASED,HOLD,APAC,SAME_DAY
ORD-101484,SKU-01070,1,DC-10,STANDARD,2026-08-08T21:26:00,2026-08-09T01:26:00,RELEASED,EXCEPTION,EU,NEXT_DAY
ORD-101485,SKU-01148,1,DC-17,EXPEDITE,2026-08-08T21:33:00,2026-08-09T05:33:00,PACKING,PACKING,MEA,STANDARD
ORD-101486,SKU-01150,1,DC-03,STANDARD,2026-08-08T21:36:00,2026-08-09T09:36:00,ALLOCATED,HOLD,LATAM,NEXT_DAY
ORD-101487,SKU-00238,1,DC-03,STANDARD,2026-08-08T21:43:00,2026-08-09T05:43:00,PACKING,PACKING,EU,SAME_DAY
ORD-101488,SKU-00598,1,DC-04,EXPEDITE,2026-08-08T21:44:00,2026-08-09T05:44:00,ALLOCATED,ALLOCATED,MEA,NEXT_DAY
ORD-101489,SKU-00200,1,DC-03,STANDARD,2026-08-08T21:44:00,2026-08-09T03:44:00,ALLOCATED,EXCEPTION,EU,SAME_DAY
ORD-101490,SKU-00204,1,DC-14,EXPEDITE,2026-08-08T21:47:00,2026-08-09T05:47:00,ALLOCATED,HOLD,EU,NEXT_DAY
ORD-101491,SKU-00586,1,DC-13,STANDARD,2026-08-08T22:03:00,2026-08-09T02:03:00,ALLOCATED,ALLOCATED,MEA,SAME_DAY
ORD-101492,SKU-00755,1,DC-03,EXPEDITE,2026-08-08T22:05:00,2026-08-09T02:05:00,PICKING,EXCEPTION,EU,SAME_DAY
ORD-101493,SKU-01115,1,DC-13,EXPEDITE,2026-08-08T22:09:00,2026-08-09T06:09:00,PICKING,EXCEPTION,MEA,NEXT_DAY
ORD-101494,SKU-00424,1,DC-16,STANDARD,2026-08-08T22:24:00,2026-08-09T06:24:00,SHIPPED,EXCEPTION,APAC,NEXT_DAY
ORD-101495,SKU-00950,1,DC-15,EXPEDITE,2026-08-08T22:34:00,2026-08-09T02:34:00,SHIPPED,HOLD,APAC,NEXT_DAY
ORD-101496,SKU-00845,1,DC-09,STANDARD,2026-08-08T22:36:00,2026-08-09T06:36:00,PICKING,HOLD,APAC,SAME_DAY
ORD-101497,SKU-00840,1,DC-15,STANDARD,2026-08-08T22:44:00,2026-08-09T04:44:00,EXCEPTION,EXCEPTION,APAC,NEXT_DAY
ORD-101498,SKU-00897,1,DC-14,STANDARD,2026-08-08T22:52:00,2026-08-09T10:52:00,ALLOCATED,ALLOCATED,EU,NEXT_DAY
ORD-101499,SKU-00808,1,DC-03,STANDARD,2026-08-08T23:00:00,2026-08-09T23:00:00,EXCEPTION,EXCEPTION,APAC,STANDARD
ORD-101500,SKU-00787,1,DC-08,EXPEDITE,2026-08-08T23:12:00,2026-08-09T23:12:00,SHIPPED,SHIPPED,MEA,NEXT_DAY
ORD-101501,SKU-00310,1,DC-11,STANDARD,2026-08-08T23:18:00,2026-08-09T03:18:00,EXCEPTION,EXCEPTION,APAC,STANDARD
ORD-101502,SKU-01087,1,DC-11,CRITICAL,2026-08-08T23:18:00,2026-08-09T05:18:00,STAGED,STAGED,LATAM,NEXT_DAY
ORD-101503,SKU-00761,1,DC-10,STANDARD,2026-08-08T23:20:00,2026-08-09T03:20:00,SHIPPED,HOLD,LATAM,STANDARD
ORD-101504,SKU-00800,1,DC-17,STANDARD,2026-08-08T23:21:00,2026-08-09T05:21:00,STAGED,STAGED,LATAM,SAME_DAY
ORD-101505,SKU-00745,1,DC-03,STANDARD,2026-08-08T23:34:00,2026-08-09T05:34:00,SHIPPED,SHIPPED,MEA,NEXT_DAY
ORD-101506,SKU-00762,1,DC-03,STANDARD,2026-08-08T23:44:00,2026-08-09T11:44:00,RELEASED,RELEASED,EU,SAME_DAY
ORD-101507,SKU-00788,1,DC-06,EXPEDITE,2026-08-08T23:47:00,2026-08-09T03:47:00,RELEASED,RELEASED,APAC,NEXT_DAY
ORD-101508,SKU-00585,1,DC-06,EXPEDITE,2026-08-09T00:11:00,2026-08-09T08:11:00,PICKING,PICKING,EU,NEXT_DAY
ORD-101509,SKU-01026,1,DC-15,EXPEDITE,2026-08-09T00:13:00,2026-08-09T08:13:00,PACKING,PACKING,LATAM,SAME_DAY
ORD-101510,SKU-00876,1,DC-01,EXPEDITE,2026-08-09T00:15:00,2026-08-09T04:15:00,EXCEPTION,EXCEPTION,APAC,SAME_DAY
ORD-101511,SKU-00299,1,DC-18,STANDARD,2026-08-09T00:24:00,2026-08-10T00:24:00,PICKING,HOLD,MEA,STANDARD
ORD-101512,SKU-00877,1,DC-04,STANDARD,2026-08-09T00:40:00,2026-08-09T12:40:00,RELEASED,RELEASED,LATAM,SAME_DAY
ORD-101513,SKU-00963,1,DC-02,STANDARD,2026-08-09T00:55:00,2026-08-09T12:55:00,PACKING,PACKING,EU,STANDARD
ORD-101514,SKU-00917,1,DC-10,STANDARD,2026-08-09T00:55:00,2026-08-10T00:55:00,ALLOCATED,ALLOCATED,LATAM,SAME_DAY
ORD-101515,SKU-00247,1,DC-13,STANDARD,2026-08-09T01:02:00,2026-08-09T05:02:00,EXCEPTION,EXCEPTION,LATAM,STANDARD
ORD-101516,SKU-00323,1,DC-10,STANDARD,2026-08-09T01:10:00,2026-08-09T13:10:00,STAGED,STAGED,MEA,NEXT_DAY
ORD-101517,SKU-00806,1,DC-09,STANDARD,2026-08-09T01:10:00,2026-08-09T07:10:00,SHIPPED,EXCEPTION,EU,SAME_DAY
ORD-101518,SKU-00548,1,DC-08,STANDARD,2026-08-09T01:11:00,2026-08-09T09:11:00,RELEASED,RELEASED,APAC,STANDARD
ORD-101519,SKU-00470,1,DC-05,EXPEDITE,2026-08-09T01:13:00,2026-08-09T13:13:00,ALLOCATED,ALLOCATED,MEA,SAME_DAY
ORD-101520,SKU-00590,1,DC-12,STANDARD,2026-08-09T01:13:00,2026-08-09T07:13:00,SHIPPED,EXCEPTION,LATAM,STANDARD
ORD-101521,SKU-00127,1,DC-10,STANDARD,2026-08-09T01:25:00,2026-08-09T07:25:00,SHIPPED,SHIPPED,LATAM,STANDARD
ORD-101522,SKU-00973,1,DC-12,STANDARD,2026-08-09T01:28:00,2026-08-09T13:28:00,EXCEPTION,EXCEPTION,LATAM,NEXT_DAY
ORD-101523,SKU-00600,1,DC-17,EXPEDITE,2026-08-09T01:29:00,2026-08-09T09:29:00,STAGED,EXCEPTION,EU,SAME_DAY
ORD-101524,SKU-00735,1,DC-16,CRITICAL,2026-08-09T01:41:00,2026-08-09T05:41:00,PICKING,PICKING,EU,STANDARD
ORD-101525,SKU-01000,1,DC-11,STANDARD,2026-08-09T01:45:00,2026-08-09T09:45:00,ALLOCATED,ALLOCATED,EU,STANDARD
ORD-101526,SKU-00217,1,DC-05,STANDARD,2026-08-09T01:55:00,2026-08-09T13:55:00,RELEASED,RELEASED,EU,SAME_DAY
ORD-101527,SKU-00900,1,DC-05,CRITICAL,2026-08-09T01:58:00,2026-08-09T05:58:00,PACKING,HOLD,EU,NEXT_DAY
ORD-101528,SKU-00281,1,DC-17,STANDARD,2026-08-09T02:16:00,2026-08-09T14:16:00,ALLOCATED,EXCEPTION,EU,SAME_DAY
ORD-101529,SKU-00414,1,DC-18,EXPEDITE,2026-08-09T02:17:00,2026-08-09T08:17:00,ALLOCATED,HOLD,EU,STANDARD
ORD-101530,SKU-01080,1,DC-06,EXPEDITE,2026-08-09T02:28:00,2026-08-09T14:28:00,SHIPPED,EXCEPTION,EU,SAME_DAY
ORD-101531,SKU-00433,1,DC-17,STANDARD,2026-08-09T02:29:00,2026-08-10T02:29:00,EXCEPTION,EXCEPTION,MEA,NEXT_DAY
ORD-101532,SKU-00594,1,DC-15,STANDARD,2026-08-09T02:31:00,2026-08-10T02:31:00,RELEASED,RELEASED,MEA,SAME_DAY
ORD-101533,SKU-00232,1,DC-04,STANDARD,2026-08-09T02:40:00,2026-08-09T06:40:00,STAGED,STAGED,APAC,STANDARD
ORD-101534,SKU-00724,1,DC-05,STANDARD,2026-08-09T02:43:00,2026-08-09T06:43:00,ALLOCATED,ALLOCATED,APAC,SAME_DAY
ORD-101535,SKU-00866,1,DC-03,EXPEDITE,2026-08-09T02:48:00,2026-08-09T10:48:00,SHIPPED,EXCEPTION,APAC,NEXT_DAY
ORD-101536,SKU-00665,1,DC-16,EXPEDITE,2026-08-09T02:57:00,2026-08-10T02:57:00,SHIPPED,SHIPPED,APAC,STANDARD
ORD-101537,SKU-00322,1,DC-07,EXPEDITE,2026-08-09T03:09:00,2026-08-10T03:09:00,ALLOCATED,HOLD,APAC,SAME_DAY
ORD-101538,SKU-00043,1,DC-09,STANDARD,2026-08-09T03:18:00,2026-08-09T15:18:00,STAGED,EXCEPTION,LATAM,NEXT_DAY
ORD-101539,SKU-00634,1,DC-07,STANDARD,2026-08-09T03:31:00,2026-08-09T07:31:00,SHIPPED,SHIPPED,MEA,STANDARD
ORD-101540,SKU-00317,1,DC-11,STANDARD,2026-08-09T03:37:00,2026-08-09T15:37:00,STAGED,STAGED,EU,NEXT_DAY
ORD-101541,SKU-00904,1,DC-04,STANDARD,2026-08-09T03:39:00,2026-08-09T09:39:00,SHIPPED,SHIPPED,APAC,SAME_DAY
ORD-101542,SKU-00065,1,DC-16,STANDARD,2026-08-09T03:47:00,2026-08-10T03:47:00,ALLOCATED,ALLOCATED,MEA,SAME_DAY
ORD-101543,SKU-01184,1,DC-06,STANDARD,2026-08-09T03:47:00,2026-08-09T15:47:00,PACKING,HOLD,EU,NEXT_DAY
ORD-101544,SKU-00351,1,DC-05,STANDARD,2026-08-09T03:51:00,2026-08-09T15:51:00,PICKING,EXCEPTION,LATAM,STANDARD
ORD-101545,SKU-00698,1,DC-02,CRITICAL,2026-08-09T03:59:00,2026-08-09T07:59:00,PACKING,PACKING,MEA,NEXT_DAY
ORD-101546,SKU-00424,1,DC-11,STANDARD,2026-08-09T04:02:00,2026-08-10T04:02:00,STAGED,STAGED,MEA,NEXT_DAY
ORD-101547,SKU-00715,1,DC-18,EXPEDITE,2026-08-09T04:02:00,2026-08-09T08:02:00,SHIPPED,SHIPPED,EU,SAME_DAY
ORD-101548,SKU-00076,1,DC-06,STANDARD,2026-08-09T04:07:00,2026-08-09T10:07:00,ALLOCATED,ALLOCATED,APAC,STANDARD
ORD-101549,SKU-00693,1,DC-10,STANDARD,2026-08-09T04:11:00,2026-08-09T16:11:00,EXCEPTION,EXCEPTION,MEA,SAME_DAY
ORD-101550,SKU-01011,1,DC-15,EXPEDITE,2026-08-09T04:14:00,2026-08-10T04:14:00,PACKING,PACKING,EU,STANDARD
ORD-101551,SKU-00221,1,DC-12,EXPEDITE,2026-08-09T04:14:00,2026-08-09T16:14:00,PACKING,PACKING,EU,SAME_DAY
ORD-101552,SKU-00939,1,DC-15,STANDARD,2026-08-09T04:20:00,2026-08-10T04:20:00,PICKING,PICKING,APAC,NEXT_DAY
ORD-101553,SKU-00351,1,DC-18,STANDARD,2026-08-09T04:23:00,2026-08-10T04:23:00,SHIPPED,EXCEPTION,EU,SAME_DAY
ORD-101554,SKU-00683,1,DC-08,STANDARD,2026-08-09T04:34:00,2026-08-09T08:34:00,RELEASED,RELEASED,APAC,SAME_DAY
ORD-101555,SKU-00243,1,DC-13,STANDARD,2026-08-09T04:39:00,2026-08-09T10:39:00,ALLOCATED,ALLOCATED,APAC,STANDARD
ORD-101556,SKU-00401,1,DC-13,CRITICAL,2026-08-09T04:39:00,2026-08-09T10:39:00,PACKING,HOLD,MEA,STANDARD
ORD-101557,SKU-01027,1,DC-15,STANDARD,2026-08-09T04:42:00,2026-08-09T08:42:00,SHIPPED,EXCEPTION,MEA,NEXT_DAY
ORD-101558,SKU-00598,1,DC-03,STANDARD,2026-08-09T04:53:00,2026-08-09T16:53:00,RELEASED,HOLD,LATAM,STANDARD
ORD-101559,SKU-00954,1,DC-18,CRITICAL,2026-08-09T04:58:00,2026-08-09T08:58:00,PICKING,PICKING,EU,STANDARD
ORD-101560,SKU-00750,1,DC-08,STANDARD,2026-08-09T05:06:00,2026-08-09T09:06:00,RELEASED,RELEASED,LATAM,NEXT_DAY
ORD-101561,SKU-00931,1,DC-17,STANDARD,2026-08-09T05:09:00,2026-08-09T11:09:00,PICKING,PICKING,MEA,SAME_DAY
ORD-101562,SKU-00612,1,DC-13,STANDARD,2026-08-09T05:22:00,2026-08-09T09:22:00,PACKING,EXCEPTION,LATAM,NEXT_DAY
ORD-101563,SKU-00220,1,DC-01,STANDARD,2026-08-09T05:32:00,2026-08-09T17:32:00,PACKING,PACKING,MEA,STANDARD
ORD-101564,SKU-00532,1,DC-05,STANDARD,2026-08-09T05:41:00,2026-08-09T11:41:00,ALLOCATED,ALLOCATED,MEA,STANDARD
ORD-101565,SKU-00086,1,DC-18,STANDARD,2026-08-09T05:41:00,2026-08-09T17:41:00,PICKING,PICKING,EU,SAME_DAY
ORD-101566,SKU-00646,1,DC-14,STANDARD,2026-08-09T05:55:00,2026-08-10T05:55:00,PICKING,PICKING,EU,SAME_DAY
ORD-101567,SKU-00581,1,DC-09,EXPEDITE,2026-08-09T06:38:00,2026-08-09T12:38:00,PACKING,EXCEPTION,EU,NEXT_DAY
ORD-101568,SKU-00549,1,DC-16,EXPEDITE,2026-08-09T06:43:00,2026-08-09T12:43:00,PACKING,PACKING,APAC,SAME_DAY
ORD-101569,SKU-00299,1,DC-15,STANDARD,2026-08-09T07:08:00,2026-08-09T13:08:00,EXCEPTION,EXCEPTION,EU,STANDARD
ORD-101570,SKU-00128,1,DC-14,STANDARD,2026-08-09T07:34:00,2026-08-09T13:34:00,PICKING,EXCEPTION,MEA,SAME_DAY
ORD-101571,SKU-01084,1,DC-15,STANDARD,2026-08-09T07:36:00,2026-08-09T19:36:00,PICKING,PICKING,APAC,STANDARD
ORD-101572,SKU-01006,1,DC-07,STANDARD,2026-08-09T07:36:00,2026-08-09T15:36:00,ALLOCATED,ALLOCATED,LATAM,STANDARD
ORD-101573,SKU-00183,1,DC-04,EXPEDITE,2026-08-09T07:48:00,2026-08-10T07:48:00,RELEASED,RELEASED,EU,SAME_DAY
ORD-101574,SKU-00992,1,DC-08,STANDARD,2026-08-09T07:53:00,2026-08-09T13:53:00,PICKING,HOLD,LATAM,STANDARD
ORD-101575,SKU-01119,1,DC-13,STANDARD,2026-08-09T07:55:00,2026-08-09T19:55:00,ALLOCATED,ALLOCATED,APAC,STANDARD
ORD-101576,SKU-00933,1,DC-16,STANDARD,2026-08-09T08:10:00,2026-08-09T16:10:00,RELEASED,EXCEPTION,EU,NEXT_DAY
ORD-101577,SKU-00167,1,DC-10,STANDARD,2026-08-09T08:23:00,2026-08-10T08:23:00,SHIPPED,SHIPPED,APAC,SAME_DAY
ORD-101578,SKU-00173,1,DC-09,STANDARD,2026-08-09T08:45:00,2026-08-09T20:45:00,ALLOCATED,ALLOCATED,LATAM,STANDARD
ORD-101579,SKU-00864,1,DC-15,EXPEDITE,2026-08-09T08:47:00,2026-08-10T08:47:00,STAGED,STAGED,APAC,STANDARD
ORD-101580,SKU-00044,1,DC-06,CRITICAL,2026-08-09T08:49:00,2026-08-09T12:49:00,STAGED,STAGED,EU,NEXT_DAY
ORD-101581,SKU-00586,1,DC-13,EXPEDITE,2026-08-09T09:12:00,2026-08-09T13:12:00,RELEASED,RELEASED,LATAM,NEXT_DAY
ORD-101582,SKU-00975,1,DC-03,CRITICAL,2026-08-09T09:14:00,2026-08-10T09:14:00,PACKING,PACKING,APAC,NEXT_DAY
ORD-101583,SKU-00384,1,DC-15,CRITICAL,2026-08-09T09:33:00,2026-08-09T17:33:00,PICKING,HOLD,EU,SAME_DAY
ORD-101584,SKU-00587,1,DC-11,STANDARD,2026-08-09T09:37:00,2026-08-09T13:37:00,ALLOCATED,ALLOCATED,EU,NEXT_DAY
ORD-101585,SKU-00664,1,DC-02,STANDARD,2026-08-09T09:47:00,2026-08-09T15:47:00,ALLOCATED,ALLOCATED,MEA,NEXT_DAY
ORD-101586,SKU-00008,1,DC-07,EXPEDITE,2026-08-09T09:48:00,2026-08-09T13:48:00,SHIPPED,HOLD,LATAM,STANDARD
ORD-101587,SKU-00738,1,DC-04,STANDARD,2026-08-09T09:49:00,2026-08-10T09:49:00,RELEASED,RELEASED,MEA,NEXT_DAY
ORD-101588,SKU-00838,1,DC-03,STANDARD,2026-08-09T09:52:00,2026-08-10T09:52:00,PACKING,EXCEPTION,APAC,NEXT_DAY
ORD-101589,SKU-00418,1,DC-14,STANDARD,2026-08-09T09:59:00,2026-08-09T17:59:00,RELEASED,RELEASED,EU,SAME_DAY
ORD-101590,SKU-00322,1,DC-04,STANDARD,2026-08-09T10:06:00,2026-08-09T16:06:00,PACKING,PACKING,EU,STANDARD
ORD-101591,SKU-00330,1,DC-04,STANDARD,2026-08-09T10:16:00,2026-08-09T16:16:00,STAGED,EXCEPTION,EU,SAME_DAY
ORD-101592,SKU-00383,1,DC-02,STANDARD,2026-08-09T10:19:00,2026-08-09T18:19:00,STAGED,STAGED,APAC,STANDARD
ORD-101593,SKU-01079,1,DC-07,STANDARD,2026-08-09T10:24:00,2026-08-09T18:24:00,PICKING,PICKING,APAC,STANDARD
ORD-101594,SKU-00109,1,DC-16,EXPEDITE,2026-08-09T10:25:00,2026-08-09T16:25:00,RELEASED,RELEASED,LATAM,NEXT_DAY
ORD-101595,SKU-00245,1,DC-04,STANDARD,2026-08-09T10:26:00,2026-08-10T10:26:00,ALLOCATED,ALLOCATED,MEA,SAME_DAY
ORD-101596,SKU-00366,1,DC-06,EXPEDITE,2026-08-09T10:36:00,2026-08-09T22:36:00,PICKING,HOLD,EU,SAME_DAY
ORD-101597,SKU-00032,1,DC-05,STANDARD,2026-08-09T10:37:00,2026-08-09T14:37:00,STAGED,STAGED,APAC,STANDARD
ORD-101598,SKU-00855,1,DC-16,STANDARD,2026-08-09T10:41:00,2026-08-09T22:41:00,ALLOCATED,EXCEPTION,MEA,SAME_DAY
ORD-101599,SKU-00622,1,DC-16,STANDARD,2026-08-09T10:50:00,2026-08-09T14:50:00,RELEASED,HOLD,LATAM,NEXT_DAY
ORD-101600,SKU-00772,1,DC-08,STANDARD,2026-08-09T10:55:00,2026-08-10T10:55:00,SHIPPED,SHIPPED,LATAM,STANDARD
ORD-101601,SKU-00328,1,DC-13,STANDARD,2026-08-09T10:57:00,2026-08-09T22:57:00,SHIPPED,SHIPPED,APAC,SAME_DAY
ORD-101602,SKU-00299,1,DC-17,EXPEDITE,2026-08-09T11:05:00,2026-08-09T19:05:00,SHIPPED,EXCEPTION,EU,STANDARD
ORD-101603,SKU-00961,1,DC-13,EXPEDITE,2026-08-09T11:11:00,2026-08-09T23:11:00,STAGED,STAGED,LATAM,SAME_DAY
ORD-101604,SKU-01100,1,DC-17,CRITICAL,2026-08-09T11:11:00,2026-08-10T11:11:00,ALLOCATED,HOLD,LATAM,NEXT_DAY
ORD-101605,SKU-00062,1,DC-16,STANDARD,2026-08-09T11:23:00,2026-08-09T17:23:00,RELEASED,HOLD,APAC,STANDARD
ORD-101606,SKU-00619,1,DC-11,STANDARD,2026-08-09T11:40:00,2026-08-09T23:40:00,STAGED,HOLD,MEA,STANDARD
ORD-101607,SKU-00639,1,DC-16,STANDARD,2026-08-09T11:43:00,2026-08-09T19:43:00,RELEASED,EXCEPTION,LATAM,SAME_DAY
ORD-101608,SKU-00109,1,DC-18,STANDARD,2026-08-09T11:45:00,2026-08-09T19:45:00,PICKING,HOLD,LATAM,SAME_DAY
ORD-101609,SKU-00884,1,DC-13,STANDARD,2026-08-09T11:46:00,2026-08-10T11:46:00,PACKING,HOLD,MEA,STANDARD
ORD-101610,SKU-00282,1,DC-06,STANDARD,2026-08-09T12:08:00,2026-08-09T18:08:00,STAGED,EXCEPTION,APAC,SAME_DAY
ORD-101611,SKU-00441,1,DC-08,STANDARD,2026-08-09T12:14:00,2026-08-09T18:14:00,ALLOCATED,ALLOCATED,EU,STANDARD
ORD-101612,SKU-00193,1,DC-09,STANDARD,2026-08-09T12:18:00,2026-08-09T18:18:00,STAGED,STAGED,APAC,SAME_DAY
ORD-101613,SKU-00510,1,DC-06,STANDARD,2026-08-09T12:25:00,2026-08-10T12:25:00,ALLOCATED,ALLOCATED,APAC,STANDARD
ORD-101614,SKU-00221,1,DC-17,STANDARD,2026-08-09T12:30:00,2026-08-09T20:30:00,RELEASED,EXCEPTION,LATAM,STANDARD
ORD-101615,SKU-00755,1,DC-17,STANDARD,2026-08-09T12:30:00,2026-08-10T12:30:00,SHIPPED,SHIPPED,APAC,SAME_DAY
ORD-101616,SKU-00153,1,DC-09,EXPEDITE,2026-08-09T12:31:00,2026-08-09T18:31:00,SHIPPED,SHIPPED,APAC,SAME_DAY
ORD-101617,SKU-00406,1,DC-02,STANDARD,2026-08-09T12:34:00,2026-08-10T12:34:00,ALLOCATED,ALLOCATED,LATAM,STANDARD
ORD-101618,SKU-01056,1,DC-09,STANDARD,2026-08-09T12:41:00,2026-08-10T12:41:00,STAGED,STAGED,APAC,STANDARD
ORD-101619,SKU-00642,1,DC-06,STANDARD,2026-08-09T13:00:00,2026-08-09T19:00:00,SHIPPED,HOLD,LATAM,NEXT_DAY
ORD-101620,SKU-00402,1,DC-04,STANDARD,2026-08-09T13:06:00,2026-08-09T21:06:00,EXCEPTION,EXCEPTION,APAC,SAME_DAY
ORD-101621,SKU-00469,1,DC-14,EXPEDITE,2026-08-09T13:27:00,2026-08-09T21:27:00,PACKING,PACKING,APAC,STANDARD
ORD-101622,SKU-00096,1,DC-10,EXPEDITE,2026-08-09T13:30:00,2026-08-09T17:30:00,PICKING,EXCEPTION,APAC,STANDARD
ORD-101623,SKU-00456,1,DC-06,STANDARD,2026-08-09T13:31:00,2026-08-09T21:31:00,RELEASED,RELEASED,EU,NEXT_DAY
ORD-101624,SKU-00326,1,DC-02,STANDARD,2026-08-09T13:39:00,2026-08-09T19:39:00,STAGED,STAGED,EU,STANDARD
ORD-101625,SKU-01070,1,DC-07,CRITICAL,2026-08-09T13:42:00,2026-08-09T21:42:00,SHIPPED,HOLD,EU,SAME_DAY
ORD-101626,SKU-01123,1,DC-09,STANDARD,2026-08-09T14:04:00,2026-08-09T20:04:00,ALLOCATED,ALLOCATED,EU,SAME_DAY
ORD-101627,SKU-00689,1,DC-13,EXPEDITE,2026-08-09T14:06:00,2026-08-09T22:06:00,SHIPPED,EXCEPTION,LATAM,NEXT_DAY
ORD-101628,SKU-00336,1,DC-06,STANDARD,2026-08-09T14:07:00,2026-08-10T14:07:00,PICKING,EXCEPTION,MEA,NEXT_DAY
ORD-101629,SKU-00487,1,DC-16,STANDARD,2026-08-09T14:09:00,2026-08-10T14:09:00,EXCEPTION,HOLD,LATAM,NEXT_DAY
ORD-101630,SKU-00179,1,DC-14,EXPEDITE,2026-08-09T14:23:00,2026-08-10T02:23:00,PICKING,PICKING,LATAM,SAME_DAY
ORD-101631,SKU-00418,1,DC-01,STANDARD,2026-08-09T14:25:00,2026-08-09T18:25:00,PACKING,EXCEPTION,MEA,SAME_DAY
ORD-101632,SKU-00626,1,DC-17,STANDARD,2026-08-09T14:26:00,2026-08-09T18:26:00,RELEASED,RELEASED,EU,SAME_DAY
ORD-101633,SKU-00009,1,DC-09,STANDARD,2026-08-09T14:28:00,2026-08-09T18:28:00,STAGED,HOLD,MEA,STANDARD
ORD-101634,SKU-01082,1,DC-01,STANDARD,2026-08-09T14:32:00,2026-08-10T02:32:00,PACKING,HOLD,APAC,NEXT_DAY
ORD-101635,SKU-00872,1,DC-12,EXPEDITE,2026-08-09T14:35:00,2026-08-10T02:35:00,PACKING,EXCEPTION,MEA,NEXT_DAY
ORD-101636,SKU-00419,1,DC-13,STANDARD,2026-08-09T14:36:00,2026-08-09T18:36:00,EXCEPTION,EXCEPTION,APAC,STANDARD
ORD-101637,SKU-00116,1,DC-03,STANDARD,2026-08-09T14:39:00,2026-08-09T18:39:00,SHIPPED,EXCEPTION,EU,NEXT_DAY
ORD-101638,SKU-00122,1,DC-07,EXPEDITE,2026-08-09T14:41:00,2026-08-09T20:41:00,EXCEPTION,EXCEPTION,MEA,SAME_DAY
ORD-101639,SKU-01069,1,DC-02,STANDARD,2026-08-09T15:00:00,2026-08-09T21:00:00,RELEASED,EXCEPTION,EU,SAME_DAY
ORD-101640,SKU-00964,1,DC-12,STANDARD,2026-08-09T15:05:00,2026-08-09T21:05:00,STAGED,STAGED,LATAM,SAME_DAY
ORD-101641,SKU-00455,1,DC-06,STANDARD,2026-08-09T15:16:00,2026-08-10T03:16:00,STAGED,HOLD,EU,STANDARD
ORD-101642,SKU-00397,1,DC-18,CRITICAL,2026-08-09T15:27:00,2026-08-09T21:27:00,EXCEPTION,EXCEPTION,LATAM,NEXT_DAY
ORD-101643,SKU-00052,1,DC-11,STANDARD,2026-08-09T15:30:00,2026-08-10T03:30:00,ALLOCATED,ALLOCATED,APAC,NEXT_DAY
ORD-101644,SKU-00714,1,DC-15,STANDARD,2026-08-09T15:35:00,2026-08-09T21:35:00,ALLOCATED,ALLOCATED,EU,SAME_DAY
ORD-101645,SKU-00793,1,DC-16,EXPEDITE,2026-08-09T15:43:00,2026-08-10T15:43:00,STAGED,HOLD,APAC,NEXT_DAY
ORD-101646,SKU-00728,1,DC-01,EXPEDITE,2026-08-09T15:48:00,2026-08-09T23:48:00,RELEASED,RELEASED,APAC,NEXT_DAY
ORD-101647,SKU-00498,1,DC-07,EXPEDITE,2026-08-09T15:49:00,2026-08-10T03:49:00,PICKING,HOLD,APAC,STANDARD
ORD-101648,SKU-00260,1,DC-18,STANDARD,2026-08-09T15:52:00,2026-08-10T03:52:00,RELEASED,RELEASED,MEA,STANDARD
ORD-101649,SKU-01146,1,DC-01,STANDARD,2026-08-09T15:58:00,2026-08-09T21:58:00,PACKING,PACKING,LATAM,NEXT_DAY
ORD-101650,SKU-00454,1,DC-04,STANDARD,2026-08-09T16:07:00,2026-08-10T04:07:00,SHIPPED,SHIPPED,LATAM,NEXT_DAY
ORD-101651,SKU-00154,1,DC-10,EXPEDITE,2026-08-09T16:08:00,2026-08-09T20:08:00,ALLOCATED,ALLOCATED,LATAM,NEXT_DAY
ORD-101652,SKU-00974,1,DC-17,EXPEDITE,2026-08-09T16:10:00,2026-08-09T22:10:00,PICKING,HOLD,EU,STANDARD
ORD-101653,SKU-00208,1,DC-05,STANDARD,2026-08-09T16:32:00,2026-08-10T16:32:00,EXCEPTION,HOLD,EU,SAME_DAY
ORD-101654,SKU-00690,1,DC-03,STANDARD,2026-08-09T16:51:00,2026-08-10T16:51:00,PACKING,PACKING,MEA,NEXT_DAY
ORD-101655,SKU-00611,1,DC-16,STANDARD,2026-08-09T16:51:00,2026-08-09T20:51:00,EXCEPTION,HOLD,EU,SAME_DAY
ORD-101656,SKU-00422,1,DC-12,CRITICAL,2026-08-09T16:57:00,2026-08-09T20:57:00,STAGED,EXCEPTION,LATAM,NEXT_DAY
ORD-101657,SKU-00817,1,DC-06,STANDARD,2026-08-09T17:06:00,2026-08-09T21:06:00,EXCEPTION,EXCEPTION,LATAM,STANDARD
ORD-101658,SKU-00221,1,DC-17,STANDARD,2026-08-09T17:15:00,2026-08-10T05:15:00,RELEASED,RELEASED,EU,STANDARD
ORD-101659,SKU-00183,1,DC-03,STANDARD,2026-08-09T17:23:00,2026-08-10T17:23:00,SHIPPED,SHIPPED,MEA,STANDARD
ORD-101660,SKU-00064,1,DC-14,STANDARD,2026-08-09T17:42:00,2026-08-09T23:42:00,STAGED,STAGED,LATAM,SAME_DAY
ORD-101661,SKU-00348,1,DC-15,STANDARD,2026-08-09T17:46:00,2026-08-10T01:46:00,SHIPPED,SHIPPED,APAC,STANDARD
ORD-101662,SKU-00685,1,DC-11,EXPEDITE,2026-08-09T17:47:00,2026-08-09T23:47:00,PICKING,PICKING,EU,NEXT_DAY
ORD-101663,SKU-01183,1,DC-12,EXPEDITE,2026-08-09T18:03:00,2026-08-09T22:03:00,PICKING,HOLD,APAC,STANDARD
ORD-101664,SKU-00624,1,DC-11,STANDARD,2026-08-09T18:07:00,2026-08-10T02:07:00,PICKING,HOLD,MEA,SAME_DAY
ORD-101665,SKU-00894,1,DC-02,STANDARD,2026-08-09T18:08:00,2026-08-10T18:08:00,STAGED,HOLD,MEA,NEXT_DAY
ORD-101666,SKU-00219,1,DC-08,EXPEDITE,2026-08-09T18:20:00,2026-08-10T06:20:00,PICKING,EXCEPTION,APAC,SAME_DAY
ORD-101667,SKU-00427,1,DC-13,STANDARD,2026-08-09T18:22:00,2026-08-10T18:22:00,PACKING,HOLD,APAC,STANDARD
ORD-101668,SKU-00233,1,DC-12,STANDARD,2026-08-09T18:24:00,2026-08-10T00:24:00,ALLOCATED,ALLOCATED,EU,STANDARD
ORD-101669,SKU-00480,1,DC-16,CRITICAL,2026-08-09T18:30:00,2026-08-10T00:30:00,PACKING,PACKING,EU,SAME_DAY
ORD-101670,SKU-00282,1,DC-18,EXPEDITE,2026-08-09T18:33:00,2026-08-10T02:33:00,ALLOCATED,ALLOCATED,EU,STANDARD
ORD-101671,SKU-00544,1,DC-03,EXPEDITE,2026-08-09T18:44:00,2026-08-10T00:44:00,PACKING,PACKING,APAC,NEXT_DAY
ORD-101672,SKU-01057,1,DC-08,STANDARD,2026-08-09T18:45:00,2026-08-10T06:45:00,RELEASED,RELEASED,MEA,SAME_DAY
ORD-101673,SKU-00548,1,DC-08,STANDARD,2026-08-09T18:47:00,2026-08-10T18:47:00,PACKING,PACKING,APAC,NEXT_DAY
ORD-101674,SKU-00687,1,DC-18,STANDARD,2026-08-09T18:51:00,2026-08-10T00:51:00,RELEASED,HOLD,APAC,SAME_DAY
ORD-101675,SKU-00281,1,DC-01,STANDARD,2026-08-09T19:00:00,2026-08-09T23:00:00,STAGED,STAGED,LATAM,NEXT_DAY
ORD-101676,SKU-00313,1,DC-17,EXPEDITE,2026-08-09T19:07:00,2026-08-10T07:07:00,PICKING,EXCEPTION,MEA,SAME_DAY
ORD-101677,SKU-00121,1,DC-16,STANDARD,2026-08-09T19:09:00,2026-08-10T03:09:00,STAGED,STAGED,LATAM,SAME_DAY
ORD-101678,SKU-00469,1,DC-03,EXPEDITE,2026-08-09T19:19:00,2026-08-10T07:19:00,ALLOCATED,ALLOCATED,EU,NEXT_DAY
ORD-101679,SKU-00505,1,DC-07,STANDARD,2026-08-09T19:21:00,2026-08-10T03:21:00,RELEASED,EXCEPTION,MEA,NEXT_DAY
ORD-101680,SKU-00462,1,DC-04,STANDARD,2026-08-09T19:35:00,2026-08-10T19:35:00,SHIPPED,HOLD,EU,STANDARD
ORD-101681,SKU-01064,1,DC-17,CRITICAL,2026-08-09T19:38:00,2026-08-09T23:38:00,RELEASED,EXCEPTION,MEA,STANDARD
ORD-101682,SKU-01038,1,DC-02,STANDARD,2026-08-09T19:44:00,2026-08-10T01:44:00,RELEASED,EXCEPTION,EU,STANDARD
ORD-101683,SKU-01118,1,DC-09,STANDARD,2026-08-09T19:53:00,2026-08-09T23:53:00,PACKING,HOLD,LATAM,STANDARD
ORD-101684,SKU-00784,1,DC-18,STANDARD,2026-08-09T20:18:00,2026-08-10T04:18:00,ALLOCATED,ALLOCATED,EU,NEXT_DAY
ORD-101685,SKU-01143,1,DC-07,STANDARD,2026-08-09T20:25:00,2026-08-10T00:25:00,EXCEPTION,EXCEPTION,LATAM,STANDARD
ORD-101686,SKU-00401,1,DC-08,STANDARD,2026-08-09T20:26:00,2026-08-10T20:26:00,PICKING,PICKING,MEA,SAME_DAY
ORD-101687,SKU-00055,1,DC-12,STANDARD,2026-08-09T20:30:00,2026-08-10T20:30:00,RELEASED,RELEASED,LATAM,STANDARD
ORD-101688,SKU-00959,1,DC-11,STANDARD,2026-08-09T20:35:00,2026-08-10T02:35:00,ALLOCATED,ALLOCATED,APAC,NEXT_DAY
ORD-101689,SKU-00176,1,DC-15,EXPEDITE,2026-08-09T20:35:00,2026-08-10T02:35:00,SHIPPED,HOLD,EU,NEXT_DAY
ORD-101690,SKU-00004,1,DC-01,STANDARD,2026-08-09T20:48:00,2026-08-10T08:48:00,PACKING,EXCEPTION,APAC,SAME_DAY
ORD-101691,SKU-00740,1,DC-07,STANDARD,2026-08-09T20:54:00,2026-08-10T20:54:00,STAGED,EXCEPTION,LATAM,NEXT_DAY
ORD-101692,SKU-00092,1,DC-11,STANDARD,2026-08-09T20:55:00,2026-08-10T20:55:00,STAGED,STAGED,MEA,NEXT_DAY
ORD-101693,SKU-00097,1,DC-03,STANDARD,2026-08-09T21:10:00,2026-08-10T03:10:00,PACKING,PACKING,EU,SAME_DAY
ORD-101694,SKU-00417,1,DC-07,STANDARD,2026-08-09T21:20:00,2026-08-10T01:20:00,ALLOCATED,ALLOCATED,APAC,STANDARD
ORD-101695,SKU-00785,1,DC-03,STANDARD,2026-08-09T21:21:00,2026-08-10T21:21:00,RELEASED,EXCEPTION,LATAM,NEXT_DAY
ORD-101696,SKU-00134,1,DC-16,STANDARD,2026-08-09T21:23:00,2026-08-10T03:23:00,ALLOCATED,ALLOCATED,MEA,SAME_DAY
ORD-101697,SKU-01010,1,DC-10,EXPEDITE,2026-08-09T21:38:00,2026-08-10T21:38:00,STAGED,STAGED,APAC,NEXT_DAY
ORD-101698,SKU-01187,1,DC-07,CRITICAL,2026-08-09T21:39:00,2026-08-10T03:39:00,PICKING,PICKING,LATAM,SAME_DAY
ORD-101699,SKU-00638,1,DC-02,EXPEDITE,2026-08-09T21:57:00,2026-08-10T03:57:00,ALLOCATED,HOLD,APAC,NEXT_DAY
ORD-101700,SKU-00043,1,DC-06,STANDARD,2026-08-09T22:19:00,2026-08-10T06:19:00,PACKING,PACKING,APAC,SAME_DAY
ORD-101701,SKU-00830,1,DC-02,STANDARD,2026-08-09T22:21:00,2026-08-10T10:21:00,PICKING,PICKING,LATAM,SAME_DAY
ORD-101702,SKU-00558,1,DC-14,CRITICAL,2026-08-09T22:33:00,2026-08-10T22:33:00,SHIPPED,HOLD,APAC,NEXT_DAY
ORD-101703,SKU-00176,1,DC-17,STANDARD,2026-08-09T22:49:00,2026-08-10T10:49:00,EXCEPTION,EXCEPTION,EU,SAME_DAY
ORD-101704,SKU-00131,1,DC-11,EXPEDITE,2026-08-09T22:50:00,2026-08-10T06:50:00,ALLOCATED,ALLOCATED,MEA,STANDARD
ORD-101705,SKU-01003,1,DC-14,STANDARD,2026-08-09T22:51:00,2026-08-10T04:51:00,PACKING,PACKING,LATAM,SAME_DAY
ORD-101706,SKU-00446,1,DC-16,STANDARD,2026-08-09T22:51:00,2026-08-10T10:51:00,EXCEPTION,EXCEPTION,APAC,SAME_DAY
ORD-101707,SKU-00203,1,DC-09,EXPEDITE,2026-08-09T22:53:00,2026-08-10T10:53:00,RELEASED,RELEASED,LATAM,STANDARD
ORD-101708,SKU-00900,1,DC-13,EXPEDITE,2026-08-09T23:02:00,2026-08-10T11:02:00,ALLOCATED,HOLD,EU,NEXT_DAY
ORD-101709,SKU-00742,1,DC-15,EXPEDITE,2026-08-09T23:05:00,2026-08-10T07:05:00,PACKING,PACKING,EU,NEXT_DAY
ORD-101710,SKU-00610,1,DC-09,CRITICAL,2026-08-09T23:14:00,2026-08-10T03:14:00,RELEASED,RELEASED,EU,SAME_DAY
ORD-101711,SKU-00212,1,DC-07,STANDARD,2026-08-09T23:26:00,2026-08-10T23:26:00,PICKING,EXCEPTION,MEA,SAME_DAY
ORD-101712,SKU-00531,1,DC-10,STANDARD,2026-08-09T23:30:00,2026-08-10T11:30:00,ALLOCATED,ALLOCATED,APAC,STANDARD
ORD-101713,SKU-00273,1,DC-01,CRITICAL,2026-08-09T23:39:00,2026-08-10T03:39:00,PICKING,PICKING,EU,NEXT_DAY
ORD-101714,SKU-00066,1,DC-14,STANDARD,2026-08-10T00:00:00,2026-08-11T00:00:00,ALLOCATED,HOLD,LATAM,NEXT_DAY
ORD-101715,SKU-00191,1,DC-10,STANDARD,2026-08-10T00:06:00,2026-08-10T04:06:00,SHIPPED,SHIPPED,LATAM,SAME_DAY
ORD-101716,SKU-00416,1,DC-02,STANDARD,2026-08-10T00:30:00,2026-08-10T04:30:00,PICKING,EXCEPTION,MEA,SAME_DAY
ORD-101717,SKU-00450,1,DC-10,STANDARD,2026-08-10T00:54:00,2026-08-10T04:54:00,EXCEPTION,EXCEPTION,EU,STANDARD
ORD-101718,SKU-00454,1,DC-04,STANDARD,2026-08-10T00:55:00,2026-08-10T06:55:00,ALLOCATED,ALLOCATED,MEA,STANDARD
ORD-101719,SKU-00183,1,DC-02,STANDARD,2026-08-10T00:59:00,2026-08-10T12:59:00,PACKING,PACKING,APAC,STANDARD
ORD-101720,SKU-00192,1,DC-13,EXPEDITE,2026-08-10T01:43:00,2026-08-11T01:43:00,PACKING,EXCEPTION,APAC,STANDARD
ORD-101721,SKU-00910,1,DC-07,EXPEDITE,2026-08-10T01:45:00,2026-08-10T07:45:00,PICKING,HOLD,APAC,SAME_DAY
ORD-101722,SKU-00440,1,DC-16,STANDARD,2026-08-10T02:00:00,2026-08-11T02:00:00,PACKING,PACKING,LATAM,SAME_DAY
ORD-101723,SKU-00784,1,DC-17,STANDARD,2026-08-10T02:04:00,2026-08-10T06:04:00,PACKING,PACKING,APAC,SAME_DAY
ORD-101724,SKU-01142,1,DC-16,STANDARD,2026-08-10T02:08:00,2026-08-10T14:08:00,ALLOCATED,ALLOCATED,APAC,SAME_DAY
ORD-101725,SKU-00606,1,DC-04,STANDARD,2026-08-10T02:23:00,2026-08-10T06:23:00,RELEASED,RELEASED,APAC,STANDARD
ORD-101726,SKU-00327,1,DC-16,STANDARD,2026-08-10T02:27:00,2026-08-10T08:27:00,PICKING,HOLD,APAC,NEXT_DAY
ORD-101727,SKU-00702,1,DC-11,STANDARD,2026-08-10T02:30:00,2026-08-11T02:30:00,ALLOCATED,EXCEPTION,APAC,STANDARD
ORD-101728,SKU-00929,1,DC-02,STANDARD,2026-08-10T02:33:00,2026-08-10T14:33:00,RELEASED,EXCEPTION,EU,SAME_DAY
ORD-101729,SKU-00527,1,DC-18,STANDARD,2026-08-10T02:37:00,2026-08-11T02:37:00,PACKING,HOLD,MEA,SAME_DAY
ORD-101730,SKU-00138,1,DC-15,STANDARD,2026-08-10T02:45:00,2026-08-10T14:45:00,RELEASED,EXCEPTION,APAC,STANDARD
ORD-101731,SKU-00306,1,DC-17,STANDARD,2026-08-10T02:53:00,2026-08-10T06:53:00,ALLOCATED,ALLOCATED,EU,SAME_DAY
ORD-101732,SKU-00214,1,DC-15,STANDARD,2026-08-10T03:16:00,2026-08-11T03:16:00,ALLOCATED,HOLD,EU,NEXT_DAY
ORD-101733,SKU-00964,1,DC-11,STANDARD,2026-08-10T03:24:00,2026-08-10T11:24:00,SHIPPED,SHIPPED,APAC,SAME_DAY
ORD-101734,SKU-00155,1,DC-14,STANDARD,2026-08-10T03:28:00,2026-08-10T07:28:00,PICKING,PICKING,LATAM,SAME_DAY
ORD-101735,SKU-00519,1,DC-07,CRITICAL,2026-08-10T03:42:00,2026-08-10T11:42:00,PICKING,PICKING,MEA,STANDARD
ORD-101736,SKU-00363,1,DC-08,STANDARD,2026-08-10T04:02:00,2026-08-11T04:02:00,SHIPPED,HOLD,LATAM,SAME_DAY
ORD-101737,SKU-00829,1,DC-14,EXPEDITE,2026-08-10T04:02:00,2026-08-10T16:02:00,PACKING,PACKING,MEA,NEXT_DAY
ORD-101738,SKU-01199,1,DC-13,STANDARD,2026-08-10T04:07:00,2026-08-11T04:07:00,ALLOCATED,EXCEPTION,APAC,SAME_DAY
ORD-101739,SKU-00889,1,DC-03,EXPEDITE,2026-08-10T04:14:00,2026-08-11T04:14:00,RELEASED,RELEASED,EU,STANDARD
ORD-101740,SKU-01159,1,DC-03,STANDARD,2026-08-10T04:38:00,2026-08-10T12:38:00,STAGED,EXCEPTION,APAC,SAME_DAY
ORD-101741,SKU-00176,1,DC-18,EXPEDITE,2026-08-10T04:39:00,2026-08-10T12:39:00,STAGED,STAGED,LATAM,STANDARD
ORD-101742,SKU-00357,1,DC-04,STANDARD,2026-08-10T04:44:00,2026-08-10T16:44:00,EXCEPTION,EXCEPTION,LATAM,NEXT_DAY
ORD-101743,SKU-00176,1,DC-01,EXPEDITE,2026-08-10T04:45:00,2026-08-10T16:45:00,SHIPPED,EXCEPTION,APAC,NEXT_DAY
ORD-101744,SKU-00311,1,DC-10,STANDARD,2026-08-10T04:45:00,2026-08-10T12:45:00,EXCEPTION,EXCEPTION,APAC,SAME_DAY
ORD-101745,SKU-00598,1,DC-14,STANDARD,2026-08-10T04:50:00,2026-08-10T12:50:00,SHIPPED,EXCEPTION,EU,NEXT_DAY
ORD-101746,SKU-00176,1,DC-11,EXPEDITE,2026-08-10T04:56:00,2026-08-10T16:56:00,EXCEPTION,EXCEPTION,EU,STANDARD
ORD-101747,SKU-01093,1,DC-10,STANDARD,2026-08-10T04:56:00,2026-08-10T12:56:00,ALLOCATED,EXCEPTION,EU,STANDARD
ORD-101748,SKU-01056,1,DC-05,CRITICAL,2026-08-10T05:01:00,2026-08-11T05:01:00,ALLOCATED,ALLOCATED,MEA,STANDARD
ORD-101749,SKU-00834,1,DC-01,STANDARD,2026-08-10T05:16:00,2026-08-10T09:16:00,PACKING,PACKING,APAC,NEXT_DAY
ORD-101750,SKU-00033,1,DC-07,STANDARD,2026-08-10T05:25:00,2026-08-10T09:25:00,SHIPPED,SHIPPED,LATAM,SAME_DAY
ORD-101751,SKU-00187,1,DC-06,EXPEDITE,2026-08-10T05:28:00,2026-08-10T13:28:00,EXCEPTION,EXCEPTION,LATAM,SAME_DAY
ORD-101752,SKU-00792,1,DC-13,STANDARD,2026-08-10T05:34:00,2026-08-10T13:34:00,PICKING,PICKING,LATAM,STANDARD
ORD-101753,SKU-00435,1,DC-10,STANDARD,2026-08-10T05:44:00,2026-08-10T17:44:00,PICKING,HOLD,LATAM,NEXT_DAY
ORD-101754,SKU-01094,1,DC-13,EXPEDITE,2026-08-10T05:47:00,2026-08-11T05:47:00,STAGED,STAGED,LATAM,STANDARD
ORD-101755,SKU-00990,1,DC-02,EXPEDITE,2026-08-10T05:55:00,2026-08-10T11:55:00,PACKING,PACKING,EU,STANDARD
ORD-101756,SKU-00381,1,DC-18,CRITICAL,2026-08-10T06:00:00,2026-08-10T12:00:00,RELEASED,EXCEPTION,MEA,STANDARD
ORD-101757,SKU-00300,1,DC-02,STANDARD,2026-08-10T06:07:00,2026-08-10T14:07:00,RELEASED,RELEASED,EU,STANDARD
ORD-101758,SKU-01036,1,DC-11,STANDARD,2026-08-10T06:12:00,2026-08-10T10:12:00,PICKING,PICKING,EU,STANDARD
ORD-101759,SKU-00996,1,DC-16,STANDARD,2026-08-10T06:18:00,2026-08-10T10:18:00,ALLOCATED,ALLOCATED,EU,SAME_DAY
ORD-101760,SKU-00604,1,DC-06,STANDARD,2026-08-10T06:23:00,2026-08-10T14:23:00,PACKING,EXCEPTION,EU,SAME_DAY
ORD-101761,SKU-01123,1,DC-14,EXPEDITE,2026-08-10T06:39:00,2026-08-10T18:39:00,SHIPPED,EXCEPTION,APAC,SAME_DAY
ORD-101762,SKU-00806,1,DC-18,STANDARD,2026-08-10T06:44:00,2026-08-10T10:44:00,STAGED,EXCEPTION,MEA,NEXT_DAY
ORD-101763,SKU-00826,1,DC-16,STANDARD,2026-08-10T07:05:00,2026-08-10T19:05:00,STAGED,EXCEPTION,APAC,NEXT_DAY
ORD-101764,SKU-00189,1,DC-11,STANDARD,2026-08-10T07:17:00,2026-08-10T11:17:00,SHIPPED,HOLD,EU,STANDARD
ORD-101765,SKU-00602,1,DC-07,EXPEDITE,2026-08-10T07:18:00,2026-08-11T07:18:00,STAGED,HOLD,EU,STANDARD
ORD-101766,SKU-00890,1,DC-17,CRITICAL,2026-08-10T07:20:00,2026-08-10T11:20:00,PACKING,EXCEPTION,EU,STANDARD
ORD-101767,SKU-00615,1,DC-04,STANDARD,2026-08-10T07:21:00,2026-08-10T11:21:00,SHIPPED,SHIPPED,APAC,SAME_DAY
ORD-101768,SKU-01076,1,DC-11,STANDARD,2026-08-10T07:33:00,2026-08-11T07:33:00,PICKING,PICKING,APAC,STANDARD
ORD-101769,SKU-00640,1,DC-03,EXPEDITE,2026-08-10T07:48:00,2026-08-11T07:48:00,ALLOCATED,HOLD,EU,NEXT_DAY
ORD-101770,SKU-00903,1,DC-03,STANDARD,2026-08-10T07:57:00,2026-08-10T13:57:00,ALLOCATED,ALLOCATED,EU,SAME_DAY
ORD-101771,SKU-00508,1,DC-14,STANDARD,2026-08-10T08:03:00,2026-08-10T16:03:00,PICKING,PICKING,MEA,NEXT_DAY
ORD-101772,SKU-00889,1,DC-01,STANDARD,2026-08-10T08:06:00,2026-08-11T08:06:00,EXCEPTION,HOLD,APAC,SAME_DAY
ORD-101773,SKU-00508,1,DC-08,STANDARD,2026-08-10T08:28:00,2026-08-10T14:28:00,STAGED,STAGED,EU,SAME_DAY
ORD-101774,SKU-00550,1,DC-02,STANDARD,2026-08-10T08:30:00,2026-08-11T08:30:00,PACKING,PACKING,MEA,NEXT_DAY
ORD-101775,SKU-00545,1,DC-01,EXPEDITE,2026-08-10T08:35:00,2026-08-10T16:35:00,SHIPPED,SHIPPED,EU,STANDARD
ORD-101776,SKU-00794,1,DC-17,STANDARD,2026-08-10T08:42:00,2026-08-11T08:42:00,SHIPPED,HOLD,LATAM,SAME_DAY
ORD-101777,SKU-01088,1,DC-09,STANDARD,2026-08-10T08:56:00,2026-08-10T20:56:00,STAGED,EXCEPTION,MEA,STANDARD
ORD-101778,SKU-00798,1,DC-14,CRITICAL,2026-08-10T08:57:00,2026-08-10T12:57:00,ALLOCATED,ALLOCATED,MEA,SAME_DAY
ORD-101779,SKU-00375,1,DC-05,EXPEDITE,2026-08-10T09:12:00,2026-08-10T15:12:00,SHIPPED,EXCEPTION,APAC,NEXT_DAY
ORD-101780,SKU-00647,1,DC-18,STANDARD,2026-08-10T09:18:00,2026-08-11T09:18:00,PACKING,PACKING,LATAM,STANDARD
ORD-101781,SKU-00219,1,DC-10,STANDARD,2026-08-10T09:20:00,2026-08-10T15:20:00,PICKING,HOLD,LATAM,SAME_DAY
ORD-101782,SKU-00105,1,DC-12,STANDARD,2026-08-10T09:21:00,2026-08-10T15:21:00,ALLOCATED,HOLD,EU,NEXT_DAY
ORD-101783,SKU-00508,1,DC-14,STANDARD,2026-08-10T09:25:00,2026-08-10T17:25:00,PACKING,PACKING,MEA,SAME_DAY
ORD-101784,SKU-00535,1,DC-15,STANDARD,2026-08-10T09:26:00,2026-08-11T09:26:00,SHIPPED,SHIPPED,MEA,STANDARD
ORD-101785,SKU-00700,1,DC-09,STANDARD,2026-08-10T09:31:00,2026-08-10T21:31:00,SHIPPED,EXCEPTION,EU,NEXT_DAY
ORD-101786,SKU-00528,1,DC-08,STANDARD,2026-08-10T09:33:00,2026-08-10T13:33:00,ALLOCATED,ALLOCATED,MEA,STANDARD
ORD-101787,SKU-00877,1,DC-15,STANDARD,2026-08-10T09:38:00,2026-08-10T13:38:00,PACKING,PACKING,EU,STANDARD
ORD-101788,SKU-01168,1,DC-15,STANDARD,2026-08-10T09:39:00,2026-08-11T09:39:00,STAGED,STAGED,MEA,NEXT_DAY
ORD-101789,SKU-01041,1,DC-16,STANDARD,2026-08-10T09:40:00,2026-08-10T13:40:00,PACKING,PACKING,APAC,STANDARD
ORD-101790,SKU-00487,1,DC-11,STANDARD,2026-08-10T09:53:00,2026-08-10T21:53:00,PACKING,EXCEPTION,APAC,NEXT_DAY
ORD-101791,SKU-00066,1,DC-07,STANDARD,2026-08-10T09:59:00,2026-08-10T13:59:00,ALLOCATED,ALLOCATED,EU,STANDARD
ORD-101792,SKU-00920,1,DC-04,STANDARD,2026-08-10T09:59:00,2026-08-10T13:59:00,STAGED,EXCEPTION,MEA,NEXT_DAY
ORD-101793,SKU-00266,1,DC-11,STANDARD,2026-08-10T10:27:00,2026-08-10T18:27:00,PACKING,HOLD,MEA,NEXT_DAY
ORD-101794,SKU-00388,1,DC-09,STANDARD,2026-08-10T10:31:00,2026-08-10T18:31:00,PICKING,PICKING,EU,SAME_DAY
ORD-101795,SKU-00583,1,DC-10,STANDARD,2026-08-10T10:35:00,2026-08-10T18:35:00,STAGED,HOLD,APAC,SAME_DAY
ORD-101796,SKU-00822,1,DC-16,STANDARD,2026-08-10T10:38:00,2026-08-10T16:38:00,SHIPPED,SHIPPED,EU,STANDARD
ORD-101797,SKU-00714,1,DC-04,EXPEDITE,2026-08-10T10:46:00,2026-08-10T22:46:00,ALLOCATED,ALLOCATED,MEA,STANDARD
ORD-101798,SKU-00085,1,DC-16,CRITICAL,2026-08-10T10:59:00,2026-08-10T14:59:00,EXCEPTION,EXCEPTION,APAC,NEXT_DAY
ORD-101799,SKU-00254,1,DC-16,STANDARD,2026-08-10T11:03:00,2026-08-11T11:03:00,EXCEPTION,EXCEPTION,MEA,NEXT_DAY
ORD-101800,SKU-00877,1,DC-10,CRITICAL,2026-08-10T11:04:00,2026-08-10T17:04:00,PICKING,PICKING,LATAM,NEXT_DAY
ORD-101801,SKU-00216,1,DC-02,STANDARD,2026-08-10T11:04:00,2026-08-10T15:04:00,PICKING,HOLD,APAC,NEXT_DAY
ORD-101802,SKU-00366,1,DC-04,STANDARD,2026-08-10T11:11:00,2026-08-10T23:11:00,ALLOCATED,EXCEPTION,EU,NEXT_DAY
ORD-101803,SKU-00666,1,DC-17,CRITICAL,2026-08-10T11:17:00,2026-08-10T17:17:00,EXCEPTION,EXCEPTION,LATAM,NEXT_DAY
ORD-101804,SKU-00237,1,DC-05,STANDARD,2026-08-10T11:32:00,2026-08-10T15:32:00,PACKING,PACKING,LATAM,NEXT_DAY
ORD-101805,SKU-00615,1,DC-17,STANDARD,2026-08-10T11:35:00,2026-08-11T11:35:00,RELEASED,RELEASED,LATAM,STANDARD
ORD-101806,SKU-00788,1,DC-01,STANDARD,2026-08-10T11:40:00,2026-08-10T19:40:00,EXCEPTION,EXCEPTION,EU,NEXT_DAY
ORD-101807,SKU-01061,1,DC-09,STANDARD,2026-08-10T11:42:00,2026-08-10T23:42:00,ALLOCATED,ALLOCATED,MEA,NEXT_DAY
ORD-101808,SKU-00827,1,DC-13,STANDARD,2026-08-10T12:03:00,2026-08-10T20:03:00,PACKING,PACKING,MEA,STANDARD
ORD-101809,SKU-00708,1,DC-07,STANDARD,2026-08-10T12:05:00,2026-08-10T18:05:00,ALLOCATED,HOLD,EU,NEXT_DAY
ORD-101810,SKU-00903,1,DC-16,STANDARD,2026-08-10T12:06:00,2026-08-10T16:06:00,SHIPPED,HOLD,MEA,STANDARD
ORD-101811,SKU-00337,1,DC-09,STANDARD,2026-08-10T12:11:00,2026-08-11T12:11:00,STAGED,STAGED,MEA,SAME_DAY
ORD-101812,SKU-00683,1,DC-01,STANDARD,2026-08-10T12:13:00,2026-08-10T16:13:00,RELEASED,RELEASED,LATAM,STANDARD
ORD-101813,SKU-00595,1,DC-05,CRITICAL,2026-08-10T12:24:00,2026-08-11T00:24:00,PICKING,PICKING,LATAM,SAME_DAY
ORD-101814,SKU-00573,1,DC-10,EXPEDITE,2026-08-10T12:40:00,2026-08-11T12:40:00,ALLOCATED,ALLOCATED,LATAM,SAME_DAY
ORD-101815,SKU-00203,1,DC-16,STANDARD,2026-08-10T13:00:00,2026-08-10T19:00:00,PACKING,PACKING,MEA,SAME_DAY
ORD-101816,SKU-00346,1,DC-02,STANDARD,2026-08-10T13:04:00,2026-08-10T17:04:00,ALLOCATED,ALLOCATED,APAC,NEXT_DAY
ORD-101817,SKU-00008,1,DC-05,EXPEDITE,2026-08-10T13:04:00,2026-08-11T01:04:00,SHIPPED,HOLD,LATAM,NEXT_DAY
ORD-101818,SKU-00226,1,DC-01,STANDARD,2026-08-10T13:29:00,2026-08-11T13:29:00,RELEASED,RELEASED,LATAM,NEXT_DAY
ORD-101819,SKU-00303,1,DC-15,STANDARD,2026-08-10T13:35:00,2026-08-10T17:35:00,STAGED,HOLD,LATAM,STANDARD
ORD-101820,SKU-00632,1,DC-03,STANDARD,2026-08-10T14:16:00,2026-08-11T14:16:00,SHIPPED,EXCEPTION,LATAM,SAME_DAY
ORD-101821,SKU-00964,1,DC-13,EXPEDITE,2026-08-10T14:17:00,2026-08-10T20:17:00,RELEASED,EXCEPTION,LATAM,NEXT_DAY
ORD-101822,SKU-00998,1,DC-16,STANDARD,2026-08-10T14:27:00,2026-08-10T18:27:00,PACKING,HOLD,LATAM,SAME_DAY
ORD-101823,SKU-00134,1,DC-15,STANDARD,2026-08-10T14:33:00,2026-08-10T18:33:00,PACKING,PACKING,EU,NEXT_DAY
ORD-101824,SKU-00771,1,DC-01,STANDARD,2026-08-10T14:38:00,2026-08-10T18:38:00,PACKING,HOLD,APAC,STANDARD
ORD-101825,SKU-00141,1,DC-09,STANDARD,2026-08-10T14:44:00,2026-08-11T02:44:00,EXCEPTION,EXCEPTION,EU,STANDARD
ORD-101826,SKU-01059,1,DC-06,STANDARD,2026-08-10T14:48:00,2026-08-10T22:48:00,RELEASED,RELEASED,EU,NEXT_DAY
ORD-101827,SKU-00219,1,DC-10,STANDARD,2026-08-10T14:55:00,2026-08-10T20:55:00,ALLOCATED,ALLOCATED,APAC,NEXT_DAY
ORD-101828,SKU-00718,1,DC-02,STANDARD,2026-08-10T15:10:00,2026-08-10T21:10:00,EXCEPTION,EXCEPTION,APAC,STANDARD
ORD-101829,SKU-00660,1,DC-18,STANDARD,2026-08-10T15:24:00,2026-08-11T15:24:00,RELEASED,EXCEPTION,APAC,SAME_DAY
ORD-101830,SKU-00628,1,DC-05,STANDARD,2026-08-10T15:26:00,2026-08-11T15:26:00,PACKING,PACKING,APAC,SAME_DAY
ORD-101831,SKU-00138,1,DC-02,EXPEDITE,2026-08-10T15:34:00,2026-08-10T23:34:00,EXCEPTION,EXCEPTION,EU,SAME_DAY
ORD-101832,SKU-00425,1,DC-15,EXPEDITE,2026-08-10T15:39:00,2026-08-11T15:39:00,PICKING,HOLD,LATAM,SAME_DAY
ORD-101833,SKU-00583,1,DC-06,STANDARD,2026-08-10T15:49:00,2026-08-10T23:49:00,ALLOCATED,ALLOCATED,MEA,SAME_DAY
ORD-101834,SKU-00999,1,DC-01,STANDARD,2026-08-10T15:49:00,2026-08-11T03:49:00,EXCEPTION,EXCEPTION,LATAM,NEXT_DAY
ORD-101835,SKU-00661,1,DC-18,STANDARD,2026-08-10T15:53:00,2026-08-10T21:53:00,ALLOCATED,ALLOCATED,EU,NEXT_DAY
ORD-101836,SKU-00002,1,DC-09,STANDARD,2026-08-10T16:01:00,2026-08-11T16:01:00,PICKING,HOLD,MEA,NEXT_DAY
ORD-101837,SKU-00313,1,DC-07,EXPEDITE,2026-08-10T16:21:00,2026-08-10T20:21:00,STAGED,STAGED,EU,NEXT_DAY
ORD-101838,SKU-01146,1,DC-17,STANDARD,2026-08-10T16:22:00,2026-08-10T22:22:00,SHIPPED,SHIPPED,MEA,STANDARD
ORD-101839,SKU-01073,1,DC-12,STANDARD,2026-08-10T16:36:00,2026-08-10T20:36:00,ALLOCATED,HOLD,MEA,SAME_DAY
ORD-101840,SKU-00333,1,DC-13,EXPEDITE,2026-08-10T16:41:00,2026-08-11T00:41:00,SHIPPED,SHIPPED,MEA,SAME_DAY
ORD-101841,SKU-00689,1,DC-03,CRITICAL,2026-08-10T16:53:00,2026-08-10T22:53:00,ALLOCATED,ALLOCATED,APAC,NEXT_DAY
ORD-101842,SKU-00707,1,DC-14,STANDARD,2026-08-10T17:03:00,2026-08-10T23:03:00,PACKING,PACKING,EU,NEXT_DAY
ORD-101843,SKU-00755,1,DC-14,STANDARD,2026-08-10T17:08:00,2026-08-10T23:08:00,EXCEPTION,EXCEPTION,MEA,SAME_DAY
ORD-101844,SKU-01045,1,DC-15,STANDARD,2026-08-10T17:30:00,2026-08-11T17:30:00,PACKING,PACKING,APAC,STANDARD
ORD-101845,SKU-00431,1,DC-12,EXPEDITE,2026-08-10T17:57:00,2026-08-10T21:57:00,ALLOCATED,ALLOCATED,LATAM,STANDARD
ORD-101846,SKU-00232,1,DC-13,EXPEDITE,2026-08-10T18:30:00,2026-08-11T00:30:00,EXCEPTION,EXCEPTION,APAC,SAME_DAY
ORD-101847,SKU-00376,1,DC-16,STANDARD,2026-08-10T18:32:00,2026-08-11T00:32:00,EXCEPTION,EXCEPTION,APAC,STANDARD
ORD-101848,SKU-00934,1,DC-13,STANDARD,2026-08-10T18:38:00,2026-08-11T02:38:00,PACKING,PACKING,EU,NEXT_DAY
ORD-101849,SKU-00994,1,DC-08,STANDARD,2026-08-10T18:46:00,2026-08-11T00:46:00,EXCEPTION,HOLD,EU,SAME_DAY
ORD-101850,SKU-00050,1,DC-09,STANDARD,2026-08-10T18:51:00,2026-08-11T06:51:00,STAGED,EXCEPTION,MEA,NEXT_DAY
ORD-101851,SKU-00934,1,DC-05,STANDARD,2026-08-10T18:56:00,2026-08-11T00:56:00,PACKING,PACKING,LATAM,STANDARD
ORD-101852,SKU-00527,1,DC-18,STANDARD,2026-08-10T19:28:00,2026-08-10T23:28:00,SHIPPED,HOLD,EU,STANDARD
ORD-101853,SKU-01096,1,DC-08,STANDARD,2026-08-10T19:29:00,2026-08-11T07:29:00,PICKING,HOLD,LATAM,SAME_DAY
ORD-101854,SKU-00215,1,DC-18,EXPEDITE,2026-08-10T19:37:00,2026-08-11T01:37:00,EXCEPTION,EXCEPTION,MEA,NEXT_DAY
ORD-101855,SKU-00708,1,DC-12,STANDARD,2026-08-10T20:14:00,2026-08-11T20:14:00,ALLOCATED,ALLOCATED,LATAM,SAME_DAY
ORD-101856,SKU-00847,1,DC-05,STANDARD,2026-08-10T20:43:00,2026-08-11T02:43:00,ALLOCATED,ALLOCATED,MEA,NEXT_DAY
ORD-101857,SKU-00864,1,DC-01,STANDARD,2026-08-10T20:45:00,2026-08-11T02:45:00,PICKING,EXCEPTION,APAC,SAME_DAY
ORD-101858,SKU-00105,1,DC-14,EXPEDITE,2026-08-10T20:49:00,2026-08-11T02:49:00,STAGED,STAGED,MEA,NEXT_DAY
ORD-101859,SKU-00533,1,DC-18,STANDARD,2026-08-10T20:58:00,2026-08-11T02:58:00,PICKING,PICKING,EU,STANDARD
ORD-101860,SKU-00754,1,DC-04,CRITICAL,2026-08-10T21:18:00,2026-08-11T03:18:00,STAGED,STAGED,APAC,SAME_DAY
ORD-101861,SKU-00864,1,DC-01,STANDARD,2026-08-10T21:20:00,2026-08-11T03:20:00,EXCEPTION,EXCEPTION,APAC,STANDARD
ORD-101862,SKU-00401,1,DC-09,CRITICAL,2026-08-10T21:25:00,2026-08-11T21:25:00,STAGED,EXCEPTION,MEA,STANDARD
ORD-101863,SKU-00792,1,DC-07,EXPEDITE,2026-08-10T21:26:00,2026-08-11T01:26:00,EXCEPTION,EXCEPTION,LATAM,SAME_DAY
ORD-101864,SKU-00485,1,DC-06,STANDARD,2026-08-10T21:26:00,2026-08-11T01:26:00,STAGED,STAGED,APAC,STANDARD
ORD-101865,SKU-00732,1,DC-02,CRITICAL,2026-08-10T21:27:00,2026-08-11T09:27:00,ALLOCATED,EXCEPTION,APAC,NEXT_DAY
ORD-101866,SKU-00599,1,DC-12,STANDARD,2026-08-10T21:34:00,2026-08-11T09:34:00,PICKING,PICKING,APAC,NEXT_DAY
ORD-101867,SKU-00164,1,DC-10,STANDARD,2026-08-10T21:41:00,2026-08-11T03:41:00,ALLOCATED,ALLOCATED,MEA,SAME_DAY
ORD-101868,SKU-00776,1,DC-07,STANDARD,2026-08-10T21:42:00,2026-08-11T05:42:00,PACKING,HOLD,APAC,NEXT_DAY
ORD-101869,SKU-00085,1,DC-07,STANDARD,2026-08-10T21:42:00,2026-08-11T03:42:00,RELEASED,RELEASED,APAC,NEXT_DAY
ORD-101870,SKU-00639,1,DC-04,EXPEDITE,2026-08-10T21:44:00,2026-08-11T09:44:00,SHIPPED,SHIPPED,APAC,NEXT_DAY
ORD-101871,SKU-00239,1,DC-18,EXPEDITE,2026-08-10T21:54:00,2026-08-11T05:54:00,PACKING,EXCEPTION,APAC,SAME_DAY
ORD-101872,SKU-00648,1,DC-13,STANDARD,2026-08-10T22:18:00,2026-08-11T06:18:00,STAGED,STAGED,EU,SAME_DAY
ORD-101873,SKU-00318,1,DC-11,STANDARD,2026-08-10T22:19:00,2026-08-11T04:19:00,EXCEPTION,EXCEPTION,APAC,STANDARD
ORD-101874,SKU-01098,1,DC-18,STANDARD,2026-08-10T22:24:00,2026-08-11T04:24:00,STAGED,STAGED,LATAM,STANDARD
ORD-101875,SKU-00973,1,DC-04,STANDARD,2026-08-10T22:31:00,2026-08-11T04:31:00,STAGED,EXCEPTION,APAC,SAME_DAY
ORD-101876,SKU-00593,1,DC-06,STANDARD,2026-08-10T22:33:00,2026-08-11T06:33:00,SHIPPED,SHIPPED,APAC,SAME_DAY
ORD-101877,SKU-00702,1,DC-15,CRITICAL,2026-08-10T22:44:00,2026-08-11T04:44:00,ALLOCATED,ALLOCATED,LATAM,SAME_DAY
ORD-101878,SKU-00288,1,DC-11,STANDARD,2026-08-10T22:44:00,2026-08-11T04:44:00,ALLOCATED,ALLOCATED,MEA,SAME_DAY
ORD-101879,SKU-01081,1,DC-05,STANDARD,2026-08-10T22:49:00,2026-08-11T06:49:00,RELEASED,RELEASED,APAC,STANDARD
ORD-101880,SKU-00822,1,DC-06,EXPEDITE,2026-08-10T23:04:00,2026-08-11T05:04:00,EXCEPTION,EXCEPTION,APAC,NEXT_DAY
ORD-101881,SKU-01144,1,DC-09,STANDARD,2026-08-10T23:29:00,2026-08-11T07:29:00,RELEASED,RELEASED,EU,SAME_DAY
ORD-101882,SKU-01044,1,DC-08,STANDARD,2026-08-10T23:36:00,2026-08-11T03:36:00,SHIPPED,SHIPPED,EU,SAME_DAY
ORD-101883,SKU-00127,1,DC-15,STANDARD,2026-08-10T23:37:00,2026-08-11T05:37:00,ALLOCATED,ALLOCATED,LATAM,SAME_DAY
ORD-101884,SKU-00344,1,DC-01,STANDARD,2026-08-11T00:12:00,2026-08-11T06:12:00,SHIPPED,HOLD,APAC,STANDARD
ORD-101885,SKU-00439,1,DC-07,CRITICAL,2026-08-11T00:15:00,2026-08-11T08:15:00,PACKING,HOLD,APAC,NEXT_DAY
ORD-101886,SKU-00496,1,DC-14,STANDARD,2026-08-11T00:16:00,2026-08-11T06:16:00,STAGED,STAGED,MEA,STANDARD
ORD-101887,SKU-00647,1,DC-10,STANDARD,2026-08-11T00:27:00,2026-08-11T06:27:00,PACKING,PACKING,LATAM,SAME_DAY
ORD-101888,SKU-00828,1,DC-05,STANDARD,2026-08-11T00:29:00,2026-08-12T00:29:00,SHIPPED,EXCEPTION,LATAM,NEXT_DAY
ORD-101889,SKU-00544,1,DC-04,STANDARD,2026-08-11T00:32:00,2026-08-12T00:32:00,PACKING,PACKING,LATAM,STANDARD
ORD-101890,SKU-00782,1,DC-02,EXPEDITE,2026-08-11T00:36:00,2026-08-11T08:36:00,PICKING,EXCEPTION,EU,SAME_DAY
ORD-101891,SKU-00942,1,DC-16,CRITICAL,2026-08-11T00:46:00,2026-08-11T04:46:00,SHIPPED,HOLD,LATAM,SAME_DAY
ORD-101892,SKU-00950,1,DC-03,EXPEDITE,2026-08-11T00:47:00,2026-08-11T06:47:00,PACKING,PACKING,MEA,STANDARD
ORD-101893,SKU-00694,1,DC-18,STANDARD,2026-08-11T00:50:00,2026-08-11T08:50:00,RELEASED,EXCEPTION,LATAM,SAME_DAY
ORD-101894,SKU-00051,1,DC-13,STANDARD,2026-08-11T00:52:00,2026-08-11T04:52:00,STAGED,STAGED,APAC,SAME_DAY
ORD-101895,SKU-00849,1,DC-06,STANDARD,2026-08-11T01:02:00,2026-08-11T09:02:00,STAGED,HOLD,LATAM,STANDARD
ORD-101896,SKU-01146,1,DC-04,STANDARD,2026-08-11T01:03:00,2026-08-11T13:03:00,ALLOCATED,HOLD,LATAM,SAME_DAY
ORD-101897,SKU-00330,1,DC-15,STANDARD,2026-08-11T01:12:00,2026-08-11T05:12:00,EXCEPTION,EXCEPTION,MEA,STANDARD
ORD-101898,SKU-00827,1,DC-13,STANDARD,2026-08-11T01:18:00,2026-08-11T13:18:00,PACKING,HOLD,MEA,NEXT_DAY
ORD-101899,SKU-00461,1,DC-17,CRITICAL,2026-08-11T01:20:00,2026-08-12T01:20:00,PACKING,EXCEPTION,MEA,SAME_DAY
ORD-101900,SKU-00604,1,DC-01,STANDARD,2026-08-11T01:20:00,2026-08-11T05:20:00,RELEASED,EXCEPTION,APAC,STANDARD
ORD-101901,SKU-01098,1,DC-06,STANDARD,2026-08-11T01:28:00,2026-08-11T05:28:00,ALLOCATED,ALLOCATED,LATAM,NEXT_DAY
ORD-101902,SKU-00618,1,DC-10,STANDARD,2026-08-11T01:29:00,2026-08-11T07:29:00,PICKING,PICKING,LATAM,SAME_DAY
ORD-101903,SKU-00115,1,DC-01,STANDARD,2026-08-11T01:34:00,2026-08-11T09:34:00,STAGED,STAGED,LATAM,STANDARD
ORD-101904,SKU-00778,1,DC-10,STANDARD,2026-08-11T01:37:00,2026-08-11T05:37:00,PACKING,EXCEPTION,EU,STANDARD
ORD-101905,SKU-00818,1,DC-01,STANDARD,2026-08-11T01:53:00,2026-08-12T01:53:00,ALLOCATED,ALLOCATED,LATAM,SAME_DAY
ORD-101906,SKU-00430,1,DC-13,STANDARD,2026-08-11T01:59:00,2026-08-11T07:59:00,SHIPPED,HOLD,EU,STANDARD
ORD-101907,SKU-00982,1,DC-02,STANDARD,2026-08-11T01:59:00,2026-08-12T01:59:00,RELEASED,RELEASED,EU,STANDARD
ORD-101908,SKU-01182,1,DC-03,EXPEDITE,2026-08-11T02:23:00,2026-08-11T10:23:00,STAGED,HOLD,MEA,SAME_DAY
ORD-101909,SKU-00545,1,DC-17,STANDARD,2026-08-11T02:27:00,2026-08-11T08:27:00,STAGED,STAGED,APAC,NEXT_DAY
ORD-101910,SKU-01023,1,DC-07,STANDARD,2026-08-11T02:36:00,2026-08-11T10:36:00,EXCEPTION,EXCEPTION,APAC,SAME_DAY
ORD-101911,SKU-00276,1,DC-17,STANDARD,2026-08-11T02:37:00,2026-08-11T14:37:00,ALLOCATED,HOLD,APAC,SAME_DAY
ORD-101912,SKU-00839,1,DC-08,STANDARD,2026-08-11T02:51:00,2026-08-11T06:51:00,PICKING,HOLD,APAC,NEXT_DAY
ORD-101913,SKU-00410,1,DC-02,CRITICAL,2026-08-11T03:08:00,2026-08-11T09:08:00,ALLOCATED,ALLOCATED,APAC,STANDARD
ORD-101914,SKU-00356,1,DC-03,STANDARD,2026-08-11T03:14:00,2026-08-12T03:14:00,STAGED,STAGED,LATAM,STANDARD
ORD-101915,SKU-00931,1,DC-14,STANDARD,2026-08-11T03:21:00,2026-08-11T15:21:00,PACKING,PACKING,APAC,NEXT_DAY
ORD-101916,SKU-00089,1,DC-04,EXPEDITE,2026-08-11T03:24:00,2026-08-11T15:24:00,RELEASED,EXCEPTION,APAC,SAME_DAY
ORD-101917,SKU-00341,1,DC-08,STANDARD,2026-08-11T03:27:00,2026-08-11T07:27:00,PACKING,PACKING,MEA,STANDARD
ORD-101918,SKU-00055,1,DC-15,STANDARD,2026-08-11T03:28:00,2026-08-11T11:28:00,SHIPPED,SHIPPED,EU,NEXT_DAY
ORD-101919,SKU-00347,1,DC-03,STANDARD,2026-08-11T03:33:00,2026-08-11T07:33:00,EXCEPTION,EXCEPTION,LATAM,NEXT_DAY
ORD-101920,SKU-00695,1,DC-03,STANDARD,2026-08-11T03:34:00,2026-08-11T09:34:00,EXCEPTION,EXCEPTION,EU,STANDARD
ORD-101921,SKU-00438,1,DC-04,EXPEDITE,2026-08-11T03:56:00,2026-08-11T09:56:00,PICKING,HOLD,APAC,SAME_DAY
ORD-101922,SKU-00762,1,DC-10,STANDARD,2026-08-11T03:59:00,2026-08-11T15:59:00,EXCEPTION,HOLD,APAC,STANDARD
ORD-101923,SKU-00146,1,DC-15,STANDARD,2026-08-11T04:13:00,2026-08-12T04:13:00,ALLOCATED,EXCEPTION,EU,SAME_DAY
ORD-101924,SKU-01023,1,DC-17,STANDARD,2026-08-11T04:15:00,2026-08-11T16:15:00,STAGED,HOLD,EU,SAME_DAY
ORD-101925,SKU-00860,1,DC-01,STANDARD,2026-08-11T04:18:00,2026-08-11T08:18:00,PICKING,EXCEPTION,MEA,STANDARD
ORD-101926,SKU-00376,1,DC-16,STANDARD,2026-08-11T04:19:00,2026-08-11T08:19:00,ALLOCATED,ALLOCATED,APAC,NEXT_DAY
ORD-101927,SKU-01168,1,DC-15,STANDARD,2026-08-11T04:39:00,2026-08-11T10:39:00,PICKING,EXCEPTION,LATAM,SAME_DAY
ORD-101928,SKU-00025,1,DC-11,STANDARD,2026-08-11T04:42:00,2026-08-12T04:42:00,STAGED,EXCEPTION,MEA,STANDARD
ORD-101929,SKU-00280,1,DC-09,STANDARD,2026-08-11T04:43:00,2026-08-11T16:43:00,EXCEPTION,EXCEPTION,EU,SAME_DAY
ORD-101930,SKU-00711,1,DC-16,CRITICAL,2026-08-11T04:44:00,2026-08-11T12:44:00,ALLOCATED,EXCEPTION,MEA,SAME_DAY
ORD-101931,SKU-00971,1,DC-06,STANDARD,2026-08-11T04:48:00,2026-08-11T10:48:00,EXCEPTION,EXCEPTION,LATAM,SAME_DAY
ORD-101932,SKU-00915,1,DC-06,STANDARD,2026-08-11T04:54:00,2026-08-11T10:54:00,SHIPPED,SHIPPED,APAC,NEXT_DAY
ORD-101933,SKU-00387,1,DC-06,STANDARD,2026-08-11T04:58:00,2026-08-11T10:58:00,EXCEPTION,EXCEPTION,MEA,STANDARD
ORD-101934,SKU-00091,1,DC-15,CRITICAL,2026-08-11T04:59:00,2026-08-11T10:59:00,RELEASED,HOLD,MEA,STANDARD
ORD-101935,SKU-00079,1,DC-09,EXPEDITE,2026-08-11T05:01:00,2026-08-11T13:01:00,STAGED,STAGED,APAC,SAME_DAY
ORD-101936,SKU-01196,1,DC-18,EXPEDITE,2026-08-11T05:03:00,2026-08-11T09:03:00,EXCEPTION,EXCEPTION,APAC,SAME_DAY
ORD-101937,SKU-00378,1,DC-05,STANDARD,2026-08-11T05:11:00,2026-08-11T17:11:00,ALLOCATED,ALLOCATED,MEA,NEXT_DAY
ORD-101938,SKU-00915,1,DC-18,EXPEDITE,2026-08-11T05:13:00,2026-08-11T09:13:00,EXCEPTION,EXCEPTION,MEA,STANDARD
ORD-101939,SKU-00533,1,DC-11,STANDARD,2026-08-11T05:22:00,2026-08-11T11:22:00,SHIPPED,SHIPPED,EU,SAME_DAY
ORD-101940,SKU-00132,1,DC-16,STANDARD,2026-08-11T05:28:00,2026-08-11T09:28:00,ALLOCATED,HOLD,EU,SAME_DAY
ORD-101941,SKU-00347,1,DC-10,STANDARD,2026-08-11T05:37:00,2026-08-11T13:37:00,SHIPPED,SHIPPED,APAC,NEXT_DAY
ORD-101942,SKU-01177,1,DC-17,EXPEDITE,2026-08-11T05:38:00,2026-08-11T17:38:00,PACKING,EXCEPTION,LATAM,SAME_DAY
ORD-101943,SKU-00429,1,DC-01,EXPEDITE,2026-08-11T05:39:00,2026-08-11T11:39:00,STAGED,STAGED,MEA,NEXT_DAY
ORD-101944,SKU-01106,1,DC-04,EXPEDITE,2026-08-11T05:41:00,2026-08-11T17:41:00,RELEASED,EXCEPTION,EU,STANDARD
ORD-101945,SKU-00850,1,DC-01,CRITICAL,2026-08-11T05:51:00,2026-08-11T11:51:00,PICKING,PICKING,MEA,SAME_DAY
ORD-101946,SKU-00280,1,DC-11,STANDARD,2026-08-11T06:04:00,2026-08-11T10:04:00,ALLOCATED,ALLOCATED,EU,STANDARD
ORD-101947,SKU-00184,1,DC-14,STANDARD,2026-08-11T06:15:00,2026-08-12T06:15:00,PICKING,PICKING,MEA,NEXT_DAY
ORD-101948,SKU-00932,1,DC-07,STANDARD,2026-08-11T06:29:00,2026-08-11T10:29:00,RELEASED,RELEASED,EU,STANDARD
ORD-101949,SKU-00678,1,DC-17,EXPEDITE,2026-08-11T06:39:00,2026-08-11T14:39:00,SHIPPED,SHIPPED,LATAM,SAME_DAY
ORD-101950,SKU-00536,1,DC-14,STANDARD,2026-08-11T06:46:00,2026-08-11T12:46:00,STAGED,STAGED,MEA,STANDARD
ORD-101951,SKU-00387,1,DC-16,EXPEDITE,2026-08-11T06:49:00,2026-08-12T06:49:00,RELEASED,RELEASED,APAC,NEXT_DAY
ORD-101952,SKU-01185,1,DC-13,STANDARD,2026-08-11T06:49:00,2026-08-11T18:49:00,EXCEPTION,EXCEPTION,EU,SAME_DAY
ORD-101953,SKU-00847,1,DC-15,STANDARD,2026-08-11T07:06:00,2026-08-12T07:06:00,PACKING,PACKING,APAC,NEXT_DAY
ORD-101954,SKU-00396,1,DC-04,STANDARD,2026-08-11T07:07:00,2026-08-11T13:07:00,SHIPPED,SHIPPED,LATAM,STANDARD
ORD-101955,SKU-00957,1,DC-02,STANDARD,2026-08-11T07:19:00,2026-08-12T07:19:00,STAGED,STAGED,EU,STANDARD
ORD-101956,SKU-00186,1,DC-12,EXPEDITE,2026-08-11T07:22:00,2026-08-12T07:22:00,PICKING,EXCEPTION,APAC,SAME_DAY
ORD-101957,SKU-00586,1,DC-09,STANDARD,2026-08-11T07:25:00,2026-08-11T11:25:00,RELEASED,EXCEPTION,LATAM,SAME_DAY
ORD-101958,SKU-00186,1,DC-14,STANDARD,2026-08-11T07:29:00,2026-08-11T15:29:00,STAGED,STAGED,MEA,STANDARD
ORD-101959,SKU-00473,1,DC-15,STANDARD,2026-08-11T07:29:00,2026-08-11T13:29:00,RELEASED,RELEASED,APAC,NEXT_DAY
ORD-101960,SKU-00787,1,DC-01,STANDARD,2026-08-11T08:02:00,2026-08-12T08:02:00,RELEASED,HOLD,MEA,STANDARD
ORD-101961,SKU-00910,1,DC-16,STANDARD,2026-08-11T08:08:00,2026-08-12T08:08:00,SHIPPED,HOLD,EU,SAME_DAY
ORD-101962,SKU-00733,1,DC-03,STANDARD,2026-08-11T08:18:00,2026-08-11T16:18:00,EXCEPTION,EXCEPTION,MEA,SAME_DAY
ORD-101963,SKU-00611,1,DC-18,EXPEDITE,2026-08-11T08:27:00,2026-08-11T14:27:00,SHIPPED,EXCEPTION,APAC,SAME_DAY
ORD-101964,SKU-00641,1,DC-03,STANDARD,2026-08-11T08:29:00,2026-08-12T08:29:00,SHIPPED,SHIPPED,LATAM,SAME_DAY
ORD-101965,SKU-01176,1,DC-06,STANDARD,2026-08-11T08:52:00,2026-08-11T20:52:00,STAGED,STAGED,MEA,STANDARD
ORD-101966,SKU-00167,1,DC-15,STANDARD,2026-08-11T09:05:00,2026-08-12T09:05:00,PACKING,HOLD,LATAM,NEXT_DAY
ORD-101967,SKU-00894,1,DC-13,STANDARD,2026-08-11T09:08:00,2026-08-12T09:08:00,PACKING,PACKING,LATAM,NEXT_DAY
ORD-101968,SKU-00261,1,DC-03,STANDARD,2026-08-11T09:33:00,2026-08-12T09:33:00,PACKING,EXCEPTION,MEA,SAME_DAY
ORD-101969,SKU-00560,1,DC-17,STANDARD,2026-08-11T09:46:00,2026-08-11T17:46:00,SHIPPED,SHIPPED,LATAM,SAME_DAY
ORD-101970,SKU-00868,1,DC-10,STANDARD,2026-08-11T09:46:00,2026-08-11T17:46:00,SHIPPED,SHIPPED,LATAM,STANDARD
ORD-101971,SKU-00938,1,DC-10,STANDARD,2026-08-11T09:51:00,2026-08-11T17:51:00,PACKING,PACKING,MEA,SAME_DAY
ORD-101972,SKU-00896,1,DC-18,STANDARD,2026-08-11T10:04:00,2026-08-12T10:04:00,RELEASED,RELEASED,LATAM,SAME_DAY
ORD-101973,SKU-01024,1,DC-05,EXPEDITE,2026-08-11T10:11:00,2026-08-11T22:11:00,RELEASED,RELEASED,LATAM,SAME_DAY
ORD-101974,SKU-00026,1,DC-11,CRITICAL,2026-08-11T10:18:00,2026-08-11T18:18:00,PICKING,PICKING,EU,NEXT_DAY
ORD-101975,SKU-01196,1,DC-05,STANDARD,2026-08-11T10:27:00,2026-08-11T16:27:00,STAGED,STAGED,MEA,STANDARD
ORD-101976,SKU-00255,1,DC-12,STANDARD,2026-08-11T10:27:00,2026-08-11T16:27:00,EXCEPTION,EXCEPTION,MEA,STANDARD
ORD-101977,SKU-01172,1,DC-05,STANDARD,2026-08-11T10:34:00,2026-08-12T10:34:00,PACKING,PACKING,MEA,SAME_DAY
ORD-101978,SKU-00301,1,DC-14,STANDARD,2026-08-11T10:36:00,2026-08-11T14:36:00,PACKING,EXCEPTION,MEA,NEXT_DAY
ORD-101979,SKU-00853,1,DC-08,EXPEDITE,2026-08-11T10:48:00,2026-08-11T14:48:00,PICKING,PICKING,APAC,STANDARD
ORD-101980,SKU-00987,1,DC-18,EXPEDITE,2026-08-11T10:52:00,2026-08-11T18:52:00,EXCEPTION,EXCEPTION,MEA,SAME_DAY
ORD-101981,SKU-01127,1,DC-13,STANDARD,2026-08-11T10:54:00,2026-08-12T10:54:00,ALLOCATED,EXCEPTION,MEA,STANDARD
ORD-101982,SKU-01059,1,DC-18,STANDARD,2026-08-11T11:14:00,2026-08-11T17:14:00,ALLOCATED,HOLD,APAC,NEXT_DAY
ORD-101983,SKU-00715,1,DC-14,STANDARD,2026-08-11T11:16:00,2026-08-11T15:16:00,PICKING,PICKING,EU,SAME_DAY
ORD-101984,SKU-00336,1,DC-11,STANDARD,2026-08-11T11:24:00,2026-08-11T19:24:00,RELEASED,EXCEPTION,EU,NEXT_DAY
ORD-101985,SKU-00126,1,DC-07,EXPEDITE,2026-08-11T11:31:00,2026-08-11T19:31:00,RELEASED,RELEASED,LATAM,SAME_DAY
ORD-101986,SKU-00146,1,DC-16,STANDARD,2026-08-11T11:32:00,2026-08-11T19:32:00,ALLOCATED,ALLOCATED,APAC,NEXT_DAY
ORD-101987,SKU-01071,1,DC-04,STANDARD,2026-08-11T11:55:00,2026-08-11T23:55:00,EXCEPTION,EXCEPTION,LATAM,NEXT_DAY
ORD-101988,SKU-00228,1,DC-11,STANDARD,2026-08-11T11:56:00,2026-08-11T15:56:00,PICKING,PICKING,APAC,NEXT_DAY
ORD-101989,SKU-00849,1,DC-14,STANDARD,2026-08-11T12:12:00,2026-08-11T20:12:00,STAGED,STAGED,MEA,NEXT_DAY
ORD-101990,SKU-00857,1,DC-04,STANDARD,2026-08-11T12:27:00,2026-08-11T18:27:00,PICKING,PICKING,MEA,SAME_DAY
ORD-101991,SKU-00902,1,DC-01,STANDARD,2026-08-11T12:29:00,2026-08-12T12:29:00,RELEASED,HOLD,APAC,SAME_DAY
ORD-101992,SKU-01097,1,DC-07,STANDARD,2026-08-11T12:56:00,2026-08-11T20:56:00,EXCEPTION,EXCEPTION,APAC,NEXT_DAY
ORD-101993,SKU-00707,1,DC-15,EXPEDITE,2026-08-11T13:12:00,2026-08-11T19:12:00,RELEASED,RELEASED,APAC,SAME_DAY
ORD-101994,SKU-00725,1,DC-07,EXPEDITE,2026-08-11T13:17:00,2026-08-12T01:17:00,ALLOCATED,ALLOCATED,LATAM,STANDARD
ORD-101995,SKU-00442,1,DC-01,STANDARD,2026-08-11T13:17:00,2026-08-12T13:17:00,STAGED,STAGED,APAC,NEXT_DAY
ORD-101996,SKU-00935,1,DC-09,CRITICAL,2026-08-11T13:30:00,2026-08-11T19:30:00,RELEASED,HOLD,EU,SAME_DAY
ORD-101997,SKU-01083,1,DC-02,STANDARD,2026-08-11T13:35:00,2026-08-12T13:35:00,EXCEPTION,EXCEPTION,LATAM,STANDARD
ORD-101998,SKU-00867,1,DC-16,STANDARD,2026-08-11T13:38:00,2026-08-11T19:38:00,STAGED,STAGED,MEA,SAME_DAY
ORD-101999,SKU-01044,1,DC-10,EXPEDITE,2026-08-11T13:40:00,2026-08-11T19:40:00,STAGED,EXCEPTION,EU,NEXT_DAY
ORD-102000,SKU-01067,1,DC-05,STANDARD,2026-08-11T13:48:00,2026-08-11T21:48:00,EXCEPTION,EXCEPTION,MEA,NEXT_DAY
ORD-102001,SKU-00428,1,DC-05,EXPEDITE,2026-08-11T13:53:00,2026-08-11T17:53:00,PACKING,EXCEPTION,APAC,SAME_DAY
ORD-102002,SKU-00136,1,DC-05,STANDARD,2026-08-11T13:55:00,2026-08-11T19:55:00,SHIPPED,SHIPPED,MEA,STANDARD
ORD-102003,SKU-01153,1,DC-12,STANDARD,2026-08-11T14:01:00,2026-08-11T18:01:00,STAGED,STAGED,EU,NEXT_DAY
ORD-102004,SKU-01092,1,DC-05,STANDARD,2026-08-11T14:08:00,2026-08-11T20:08:00,ALLOCATED,EXCEPTION,EU,SAME_DAY
ORD-102005,SKU-00386,1,DC-05,EXPEDITE,2026-08-11T14:10:00,2026-08-11T20:10:00,STAGED,STAGED,MEA,STANDARD
ORD-102006,SKU-01064,1,DC-01,EXPEDITE,2026-08-11T14:19:00,2026-08-12T14:19:00,PACKING,PACKING,MEA,NEXT_DAY
ORD-102007,SKU-00813,1,DC-14,STANDARD,2026-08-11T14:34:00,2026-08-11T18:34:00,RELEASED,EXCEPTION,MEA,STANDARD
ORD-102008,SKU-00807,1,DC-01,STANDARD,2026-08-11T14:38:00,2026-08-11T22:38:00,RELEASED,RELEASED,LATAM,SAME_DAY
ORD-102009,SKU-01177,1,DC-16,STANDARD,2026-08-11T14:39:00,2026-08-12T02:39:00,ALLOCATED,ALLOCATED,MEA,STANDARD
ORD-102010,SKU-01094,1,DC-11,CRITICAL,2026-08-11T14:45:00,2026-08-11T18:45:00,STAGED,HOLD,EU,NEXT_DAY
ORD-102011,SKU-01154,1,DC-10,STANDARD,2026-08-11T15:02:00,2026-08-11T23:02:00,EXCEPTION,EXCEPTION,EU,STANDARD
ORD-102012,SKU-00320,1,DC-16,EXPEDITE,2026-08-11T15:06:00,2026-08-12T03:06:00,ALLOCATED,ALLOCATED,EU,SAME_DAY
ORD-102013,SKU-00465,1,DC-12,STANDARD,2026-08-11T15:25:00,2026-08-11T21:25:00,SHIPPED,HOLD,LATAM,NEXT_DAY
ORD-102014,SKU-00376,1,DC-07,STANDARD,2026-08-11T15:28:00,2026-08-12T03:28:00,EXCEPTION,EXCEPTION,EU,STANDARD
ORD-102015,SKU-00494,1,DC-06,STANDARD,2026-08-11T15:32:00,2026-08-11T19:32:00,ALLOCATED,ALLOCATED,MEA,STANDARD
ORD-102016,SKU-00645,1,DC-03,CRITICAL,2026-08-11T15:37:00,2026-08-11T23:37:00,STAGED,STAGED,LATAM,STANDARD
ORD-102017,SKU-00620,1,DC-17,STANDARD,2026-08-11T15:38:00,2026-08-11T23:38:00,ALLOCATED,ALLOCATED,MEA,SAME_DAY
ORD-102018,SKU-00701,1,DC-08,CRITICAL,2026-08-11T15:54:00,2026-08-11T21:54:00,ALLOCATED,HOLD,EU,SAME_DAY
ORD-102019,SKU-00925,1,DC-10,STANDARD,2026-08-11T15:54:00,2026-08-12T15:54:00,PACKING,PACKING,MEA,NEXT_DAY
ORD-102020,SKU-00969,1,DC-09,STANDARD,2026-08-11T16:05:00,2026-08-11T20:05:00,PACKING,PACKING,EU,STANDARD
ORD-102021,SKU-00716,1,DC-02,EXPEDITE,2026-08-11T16:21:00,2026-08-12T00:21:00,SHIPPED,EXCEPTION,APAC,NEXT_DAY
ORD-102022,SKU-00848,1,DC-06,EXPEDITE,2026-08-11T16:22:00,2026-08-11T22:22:00,STAGED,STAGED,MEA,NEXT_DAY
ORD-102023,SKU-00149,1,DC-12,CRITICAL,2026-08-11T16:28:00,2026-08-11T22:28:00,PACKING,PACKING,MEA,NEXT_DAY
ORD-102024,SKU-00258,1,DC-10,STANDARD,2026-08-11T16:42:00,2026-08-11T20:42:00,ALLOCATED,ALLOCATED,LATAM,SAME_DAY
ORD-102025,SKU-00673,1,DC-14,STANDARD,2026-08-11T16:52:00,2026-08-12T04:52:00,ALLOCATED,HOLD,APAC,NEXT_DAY
ORD-102026,SKU-00331,1,DC-05,STANDARD,2026-08-11T17:06:00,2026-08-12T17:06:00,EXCEPTION,EXCEPTION,APAC,NEXT_DAY
ORD-102027,SKU-01104,1,DC-04,STANDARD,2026-08-11T17:19:00,2026-08-11T23:19:00,PICKING,PICKING,APAC,SAME_DAY
ORD-102028,SKU-00326,1,DC-02,CRITICAL,2026-08-11T17:20:00,2026-08-12T05:20:00,PICKING,EXCEPTION,APAC,STANDARD
ORD-102029,SKU-00981,1,DC-05,STANDARD,2026-08-11T17:23:00,2026-08-11T21:23:00,PACKING,HOLD,EU,NEXT_DAY
ORD-102030,SKU-00043,1,DC-09,STANDARD,2026-08-11T17:25:00,2026-08-12T17:25:00,EXCEPTION,EXCEPTION,MEA,NEXT_DAY
ORD-102031,SKU-00495,1,DC-13,STANDARD,2026-08-11T17:32:00,2026-08-11T23:32:00,EXCEPTION,EXCEPTION,APAC,STANDARD
ORD-102032,SKU-00583,1,DC-06,STANDARD,2026-08-11T17:51:00,2026-08-11T21:51:00,RELEASED,RELEASED,APAC,NEXT_DAY
ORD-102033,SKU-00043,1,DC-14,STANDARD,2026-08-11T17:54:00,2026-08-11T23:54:00,SHIPPED,SHIPPED,LATAM,SAME_DAY
ORD-102034,SKU-01199,1,DC-02,STANDARD,2026-08-11T17:56:00,2026-08-12T05:56:00,PICKING,PICKING,EU,STANDARD
ORD-102035,SKU-00023,1,DC-15,STANDARD,2026-08-11T17:57:00,2026-08-12T17:57:00,SHIPPED,HOLD,APAC,SAME_DAY
ORD-102036,SKU-00389,1,DC-17,STANDARD,2026-08-11T17:58:00,2026-08-12T17:58:00,ALLOCATED,ALLOCATED,LATAM,STANDARD
ORD-102037,SKU-01018,1,DC-16,CRITICAL,2026-08-11T18:07:00,2026-08-11T22:07:00,SHIPPED,EXCEPTION,EU,SAME_DAY
ORD-102038,SKU-01093,1,DC-07,STANDARD,2026-08-11T18:10:00,2026-08-12T00:10:00,SHIPPED,EXCEPTION,EU,SAME_DAY
ORD-102039,SKU-00957,1,DC-13,STANDARD,2026-08-11T18:11:00,2026-08-12T18:11:00,ALLOCATED,ALLOCATED,EU,SAME_DAY
ORD-102040,SKU-00237,1,DC-05,CRITICAL,2026-08-11T18:22:00,2026-08-12T02:22:00,EXCEPTION,EXCEPTION,MEA,SAME_DAY
ORD-102041,SKU-00194,1,DC-08,EXPEDITE,2026-08-11T18:24:00,2026-08-12T02:24:00,STAGED,STAGED,EU,NEXT_DAY
ORD-102042,SKU-01034,1,DC-06,CRITICAL,2026-08-11T18:26:00,2026-08-11T22:26:00,EXCEPTION,EXCEPTION,LATAM,STANDARD
ORD-102043,SKU-00214,1,DC-11,CRITICAL,2026-08-11T18:27:00,2026-08-12T00:27:00,RELEASED,EXCEPTION,APAC,NEXT_DAY
ORD-102044,SKU-00146,1,DC-16,STANDARD,2026-08-11T18:28:00,2026-08-12T18:28:00,PICKING,HOLD,LATAM,NEXT_DAY
ORD-102045,SKU-00941,1,DC-08,STANDARD,2026-08-11T18:47:00,2026-08-12T06:47:00,PICKING,PICKING,MEA,NEXT_DAY
ORD-102046,SKU-00896,1,DC-04,STANDARD,2026-08-11T18:55:00,2026-08-12T06:55:00,SHIPPED,SHIPPED,EU,SAME_DAY
ORD-102047,SKU-00532,1,DC-16,STANDARD,2026-08-11T18:55:00,2026-08-11T22:55:00,EXCEPTION,HOLD,EU,NEXT_DAY
ORD-102048,SKU-00482,1,DC-04,EXPEDITE,2026-08-11T18:58:00,2026-08-11T22:58:00,PICKING,PICKING,EU,STANDARD
ORD-102049,SKU-00468,1,DC-06,STANDARD,2026-08-11T19:01:00,2026-08-12T07:01:00,ALLOCATED,HOLD,MEA,STANDARD
ORD-102050,SKU-00444,1,DC-16,STANDARD,2026-08-11T19:15:00,2026-08-12T01:15:00,SHIPPED,EXCEPTION,EU,NEXT_DAY
ORD-102051,SKU-00024,1,DC-14,EXPEDITE,2026-08-11T19:22:00,2026-08-11T23:22:00,PACKING,HOLD,MEA,NEXT_DAY
ORD-102052,SKU-00903,1,DC-11,STANDARD,2026-08-11T19:24:00,2026-08-12T01:24:00,STAGED,STAGED,LATAM,STANDARD
ORD-102053,SKU-00044,1,DC-07,EXPEDITE,2026-08-11T19:33:00,2026-08-12T03:33:00,PACKING,PACKING,APAC,SAME_DAY
ORD-102054,SKU-00998,1,DC-12,STANDARD,2026-08-11T19:34:00,2026-08-11T23:34:00,ALLOCATED,HOLD,MEA,SAME_DAY
ORD-102055,SKU-00896,1,DC-08,STANDARD,2026-08-11T19:46:00,2026-08-12T03:46:00,RELEASED,RELEASED,LATAM,SAME_DAY
ORD-102056,SKU-00272,1,DC-09,EXPEDITE,2026-08-11T19:50:00,2026-08-12T19:50:00,STAGED,EXCEPTION,EU,SAME_DAY
ORD-102057,SKU-00841,1,DC-14,STANDARD,2026-08-11T19:52:00,2026-08-11T23:52:00,SHIPPED,HOLD,APAC,NEXT_DAY
ORD-102058,SKU-00034,1,DC-03,EXPEDITE,2026-08-11T19:59:00,2026-08-12T19:59:00,PICKING,EXCEPTION,EU,NEXT_DAY
ORD-102059,SKU-00588,1,DC-09,STANDARD,2026-08-11T20:07:00,2026-08-12T02:07:00,EXCEPTION,EXCEPTION,APAC,NEXT_DAY
ORD-102060,SKU-00888,1,DC-06,STANDARD,2026-08-11T20:17:00,2026-08-12T20:17:00,EXCEPTION,EXCEPTION,LATAM,SAME_DAY
ORD-102061,SKU-00652,1,DC-16,EXPEDITE,2026-08-11T20:30:00,2026-08-12T04:30:00,PICKING,PICKING,LATAM,STANDARD
ORD-102062,SKU-00384,1,DC-11,STANDARD,2026-08-11T20:37:00,2026-08-12T04:37:00,PACKING,PACKING,EU,SAME_DAY
ORD-102063,SKU-00014,1,DC-18,STANDARD,2026-08-11T20:40:00,2026-08-12T04:40:00,STAGED,EXCEPTION,LATAM,SAME_DAY
ORD-102064,SKU-00441,1,DC-14,STANDARD,2026-08-11T20:49:00,2026-08-12T08:49:00,PICKING,HOLD,APAC,STANDARD
ORD-102065,SKU-00746,1,DC-10,EXPEDITE,2026-08-11T20:49:00,2026-08-12T04:49:00,STAGED,HOLD,MEA,SAME_DAY
ORD-102066,SKU-00648,1,DC-01,STANDARD,2026-08-11T20:54:00,2026-08-12T08:54:00,PICKING,HOLD,APAC,SAME_DAY
ORD-102067,SKU-01089,1,DC-13,EXPEDITE,2026-08-11T20:58:00,2026-08-12T02:58:00,STAGED,HOLD,MEA,NEXT_DAY
ORD-102068,SKU-00641,1,DC-05,STANDARD,2026-08-11T21:01:00,2026-08-12T03:01:00,ALLOCATED,ALLOCATED,LATAM,STANDARD
ORD-102069,SKU-00625,1,DC-07,STANDARD,2026-08-11T21:02:00,2026-08-12T01:02:00,SHIPPED,SHIPPED,APAC,NEXT_DAY
ORD-102070,SKU-00301,1,DC-17,CRITICAL,2026-08-11T21:37:00,2026-08-12T05:37:00,SHIPPED,SHIPPED,MEA,SAME_DAY
ORD-102071,SKU-01198,1,DC-01,STANDARD,2026-08-11T21:48:00,2026-08-12T01:48:00,PACKING,EXCEPTION,APAC,STANDARD
ORD-102072,SKU-00139,1,DC-11,STANDARD,2026-08-11T21:49:00,2026-08-12T09:49:00,PICKING,PICKING,EU,STANDARD
ORD-102073,SKU-01191,1,DC-13,EXPEDITE,2026-08-11T21:57:00,2026-08-12T21:57:00,PACKING,EXCEPTION,APAC,STANDARD
ORD-102074,SKU-00087,1,DC-08,EXPEDITE,2026-08-11T21:58:00,2026-08-12T03:58:00,PACKING,HOLD,MEA,STANDARD
ORD-102075,SKU-01006,1,DC-08,STANDARD,2026-08-11T22:25:00,2026-08-12T22:25:00,PICKING,HOLD,APAC,STANDARD
ORD-102076,SKU-00270,1,DC-08,STANDARD,2026-08-11T22:28:00,2026-08-12T10:28:00,STAGED,EXCEPTION,EU,NEXT_DAY
ORD-102077,SKU-00306,1,DC-13,EXPEDITE,2026-08-11T22:35:00,2026-08-12T22:35:00,PICKING,PICKING,APAC,STANDARD
ORD-102078,SKU-00538,1,DC-14,EXPEDITE,2026-08-11T22:53:00,2026-08-12T06:53:00,PICKING,PICKING,APAC,NEXT_DAY
ORD-102079,SKU-00213,1,DC-02,EXPEDITE,2026-08-11T22:53:00,2026-08-12T02:53:00,EXCEPTION,EXCEPTION,EU,NEXT_DAY
ORD-102080,SKU-00876,1,DC-01,STANDARD,2026-08-11T23:07:00,2026-08-12T23:07:00,STAGED,STAGED,EU,SAME_DAY
ORD-102081,SKU-00953,1,DC-10,CRITICAL,2026-08-11T23:09:00,2026-08-12T07:09:00,RELEASED,HOLD,MEA,STANDARD
ORD-102082,SKU-01086,1,DC-16,STANDARD,2026-08-11T23:17:00,2026-08-12T11:17:00,STAGED,EXCEPTION,EU,SAME_DAY
ORD-102083,SKU-00460,1,DC-14,STANDARD,2026-08-11T23:22:00,2026-08-12T03:22:00,PACKING,HOLD,LATAM,STANDARD
ORD-102084,SKU-01076,1,DC-12,STANDARD,2026-08-11T23:26:00,2026-08-12T11:26:00,PICKING,PICKING,EU,STANDARD
ORD-102085,SKU-00946,1,DC-06,STANDARD,2026-08-11T23:26:00,2026-08-12T07:26:00,EXCEPTION,EXCEPTION,LATAM,SAME_DAY
ORD-102086,SKU-00471,1,DC-11,STANDARD,2026-08-11T23:33:00,2026-08-12T03:33:00,RELEASED,RELEASED,MEA,SAME_DAY
ORD-102087,SKU-00535,1,DC-16,STANDARD,2026-08-11T23:36:00,2026-08-12T07:36:00,PICKING,PICKING,EU,NEXT_DAY
ORD-102088,SKU-00912,1,DC-09,STANDARD,2026-08-11T23:41:00,2026-08-12T23:41:00,PICKING,PICKING,LATAM,SAME_DAY
ORD-102089,SKU-00706,1,DC-18,STANDARD,2026-08-11T23:54:00,2026-08-12T07:54:00,PICKING,EXCEPTION,LATAM,NEXT_DAY
ORD-102090,SKU-00179,1,DC-03,STANDARD,2026-08-11T23:55:00,2026-08-12T07:55:00,ALLOCATED,ALLOCATED,APAC,STANDARD
ORD-102091,SKU-01084,1,DC-01,STANDARD,2026-08-12T00:03:00,2026-08-12T06:03:00,ALLOCATED,ALLOCATED,APAC,STANDARD
ORD-102092,SKU-00942,1,DC-02,STANDARD,2026-08-12T00:05:00,2026-08-12T04:05:00,PACKING,PACKING,LATAM,SAME_DAY
ORD-102093,SKU-00890,1,DC-13,STANDARD,2026-08-12T00:08:00,2026-08-13T00:08:00,PACKING,PACKING,MEA,NEXT_DAY
ORD-102094,SKU-00140,1,DC-11,STANDARD,2026-08-12T00:11:00,2026-08-12T08:11:00,ALLOCATED,HOLD,MEA,NEXT_DAY
ORD-102095,SKU-00316,1,DC-05,STANDARD,2026-08-12T00:25:00,2026-08-12T08:25:00,EXCEPTION,EXCEPTION,MEA,NEXT_DAY
ORD-102096,SKU-01096,1,DC-01,CRITICAL,2026-08-12T00:26:00,2026-08-12T06:26:00,RELEASED,RELEASED,APAC,SAME_DAY
ORD-102097,SKU-00841,1,DC-06,EXPEDITE,2026-08-12T00:28:00,2026-08-13T00:28:00,PICKING,HOLD,LATAM,SAME_DAY
ORD-102098,SKU-00481,1,DC-15,EXPEDITE,2026-08-12T00:32:00,2026-08-12T12:32:00,RELEASED,RELEASED,MEA,STANDARD
ORD-102099,SKU-00921,1,DC-01,STANDARD,2026-08-12T00:47:00,2026-08-12T06:47:00,RELEASED,RELEASED,APAC,SAME_DAY
ORD-102100,SKU-01197,1,DC-03,STANDARD,2026-08-12T00:56:00,2026-08-12T12:56:00,PACKING,HOLD,EU,SAME_DAY
ORD-102101,SKU-00098,1,DC-12,STANDARD,2026-08-12T00:58:00,2026-08-12T06:58:00,PICKING,HOLD,APAC,SAME_DAY
ORD-102102,SKU-00956,1,DC-06,EXPEDITE,2026-08-12T00:58:00,2026-08-12T06:58:00,PICKING,PICKING,LATAM,NEXT_DAY
ORD-102103,SKU-00417,1,DC-07,STANDARD,2026-08-12T01:02:00,2026-08-12T07:02:00,SHIPPED,EXCEPTION,APAC,NEXT_DAY
ORD-102104,SKU-00975,1,DC-04,STANDARD,2026-08-12T01:03:00,2026-08-12T05:03:00,SHIPPED,SHIPPED,EU,STANDARD
ORD-102105,SKU-00977,1,DC-01,STANDARD,2026-08-12T01:13:00,2026-08-13T01:13:00,ALLOCATED,ALLOCATED,MEA,NEXT_DAY
ORD-102106,SKU-00221,1,DC-17,STANDARD,2026-08-12T01:15:00,2026-08-12T05:15:00,PICKING,PICKING,MEA,STANDARD
ORD-102107,SKU-00642,1,DC-08,CRITICAL,2026-08-12T01:39:00,2026-08-12T13:39:00,PICKING,PICKING,EU,STANDARD
ORD-102108,SKU-00676,1,DC-12,EXPEDITE,2026-08-12T01:42:00,2026-08-12T13:42:00,EXCEPTION,EXCEPTION,APAC,NEXT_DAY
ORD-102109,SKU-00595,1,DC-05,EXPEDITE,2026-08-12T01:55:00,2026-08-12T09:55:00,ALLOCATED,ALLOCATED,EU,SAME_DAY
ORD-102110,SKU-00138,1,DC-02,STANDARD,2026-08-12T01:56:00,2026-08-12T05:56:00,ALLOCATED,HOLD,APAC,NEXT_DAY
ORD-102111,SKU-00970,1,DC-07,EXPEDITE,2026-08-12T01:57:00,2026-08-12T13:57:00,PACKING,PACKING,LATAM,STANDARD
ORD-102112,SKU-00320,1,DC-13,STANDARD,2026-08-12T02:01:00,2026-08-13T02:01:00,PACKING,PACKING,MEA,NEXT_DAY
ORD-102113,SKU-00514,1,DC-13,CRITICAL,2026-08-12T02:05:00,2026-08-12T10:05:00,ALLOCATED,ALLOCATED,APAC,NEXT_DAY
ORD-102114,SKU-00915,1,DC-08,STANDARD,2026-08-12T02:13:00,2026-08-12T06:13:00,PACKING,PACKING,MEA,SAME_DAY
ORD-102115,SKU-00174,1,DC-09,STANDARD,2026-08-12T02:16:00,2026-08-12T06:16:00,RELEASED,RELEASED,MEA,NEXT_DAY
ORD-102116,SKU-00473,1,DC-07,STANDARD,2026-08-12T02:25:00,2026-08-12T08:25:00,SHIPPED,SHIPPED,LATAM,NEXT_DAY
ORD-102117,SKU-01126,1,DC-14,STANDARD,2026-08-12T02:29:00,2026-08-12T06:29:00,RELEASED,HOLD,EU,SAME_DAY
ORD-102118,SKU-00012,1,DC-15,EXPEDITE,2026-08-12T02:31:00,2026-08-13T02:31:00,EXCEPTION,EXCEPTION,EU,SAME_DAY
ORD-102119,SKU-00669,1,DC-16,CRITICAL,2026-08-12T02:50:00,2026-08-13T02:50:00,EXCEPTION,HOLD,MEA,NEXT_DAY
ORD-102120,SKU-00825,1,DC-08,STANDARD,2026-08-12T02:55:00,2026-08-12T06:55:00,EXCEPTION,EXCEPTION,APAC,SAME_DAY
ORD-102121,SKU-00620,1,DC-18,STANDARD,2026-08-12T03:02:00,2026-08-12T11:02:00,ALLOCATED,EXCEPTION,LATAM,NEXT_DAY
ORD-102122,SKU-00114,1,DC-11,STANDARD,2026-08-12T03:21:00,2026-08-13T03:21:00,PICKING,HOLD,MEA,STANDARD
ORD-102123,SKU-00819,1,DC-02,EXPEDITE,2026-08-12T03:30:00,2026-08-12T07:30:00,STAGED,STAGED,MEA,SAME_DAY
ORD-102124,SKU-00353,1,DC-14,STANDARD,2026-08-12T03:44:00,2026-08-12T09:44:00,SHIPPED,SHIPPED,APAC,NEXT_DAY
ORD-102125,SKU-00874,1,DC-02,STANDARD,2026-08-12T03:46:00,2026-08-12T11:46:00,PACKING,PACKING,MEA,SAME_DAY
ORD-102126,SKU-00433,1,DC-09,STANDARD,2026-08-12T03:58:00,2026-08-12T11:58:00,STAGED,STAGED,MEA,STANDARD
ORD-102127,SKU-00382,1,DC-15,STANDARD,2026-08-12T03:59:00,2026-08-12T11:59:00,STAGED,EXCEPTION,MEA,SAME_DAY
ORD-102128,SKU-00412,1,DC-07,EXPEDITE,2026-08-12T04:06:00,2026-08-12T08:06:00,PACKING,PACKING,LATAM,NEXT_DAY
ORD-102129,SKU-00127,1,DC-08,STANDARD,2026-08-12T04:09:00,2026-08-12T10:09:00,PACKING,PACKING,EU,SAME_DAY
ORD-102130,SKU-00024,1,DC-14,STANDARD,2026-08-12T04:14:00,2026-08-12T12:14:00,PICKING,PICKING,LATAM,STANDARD
ORD-102131,SKU-00527,1,DC-07,EXPEDITE,2026-08-12T04:26:00,2026-08-12T10:26:00,SHIPPED,HOLD,MEA,SAME_DAY
ORD-102132,SKU-00234,1,DC-10,STANDARD,2026-08-12T04:26:00,2026-08-12T16:26:00,STAGED,STAGED,MEA,SAME_DAY
ORD-102133,SKU-00702,1,DC-06,STANDARD,2026-08-12T04:31:00,2026-08-12T12:31:00,ALLOCATED,ALLOCATED,MEA,SAME_DAY
ORD-102134,SKU-00028,1,DC-11,STANDARD,2026-08-12T04:37:00,2026-08-12T12:37:00,PICKING,PICKING,APAC,SAME_DAY
ORD-102135,SKU-00884,1,DC-04,STANDARD,2026-08-12T04:38:00,2026-08-12T12:38:00,PACKING,PACKING,MEA,STANDARD
ORD-102136,SKU-01136,1,DC-08,STANDARD,2026-08-12T04:38:00,2026-08-12T08:38:00,ALLOCATED,ALLOCATED,LATAM,SAME_DAY
ORD-102137,SKU-00663,1,DC-16,CRITICAL,2026-08-12T04:40:00,2026-08-12T12:40:00,STAGED,HOLD,LATAM,SAME_DAY
ORD-102138,SKU-00125,1,DC-04,EXPEDITE,2026-08-12T04:44:00,2026-08-12T16:44:00,ALLOCATED,ALLOCATED,LATAM,SAME_DAY
ORD-102139,SKU-00010,1,DC-13,EXPEDITE,2026-08-12T05:06:00,2026-08-12T13:06:00,PACKING,HOLD,MEA,STANDARD
ORD-102140,SKU-01026,1,DC-08,CRITICAL,2026-08-12T05:07:00,2026-08-12T13:07:00,PICKING,PICKING,EU,STANDARD
ORD-102141,SKU-00506,1,DC-18,STANDARD,2026-08-12T05:14:00,2026-08-12T11:14:00,PACKING,PACKING,LATAM,NEXT_DAY
ORD-102142,SKU-00494,1,DC-06,STANDARD,2026-08-12T05:17:00,2026-08-12T13:17:00,PACKING,PACKING,APAC,SAME_DAY
ORD-102143,SKU-00852,1,DC-04,STANDARD,2026-08-12T05:18:00,2026-08-12T13:18:00,SHIPPED,HOLD,EU,STANDARD
ORD-102144,SKU-00338,1,DC-17,EXPEDITE,2026-08-12T05:18:00,2026-08-12T11:18:00,EXCEPTION,EXCEPTION,MEA,STANDARD
ORD-102145,SKU-00986,1,DC-14,STANDARD,2026-08-12T05:20:00,2026-08-12T11:20:00,EXCEPTION,HOLD,APAC,STANDARD
ORD-102146,SKU-01000,1,DC-18,STANDARD,2026-08-12T05:31:00,2026-08-12T09:31:00,STAGED,STAGED,APAC,SAME_DAY
ORD-102147,SKU-00694,1,DC-14,STANDARD,2026-08-12T05:36:00,2026-08-12T13:36:00,RELEASED,EXCEPTION,APAC,SAME_DAY
ORD-102148,SKU-00242,1,DC-17,STANDARD,2026-08-12T05:47:00,2026-08-13T05:47:00,SHIPPED,SHIPPED,EU,STANDARD
ORD-102149,SKU-00399,1,DC-11,STANDARD,2026-08-12T05:50:00,2026-08-13T05:50:00,SHIPPED,SHIPPED,MEA,SAME_DAY
ORD-102150,SKU-00389,1,DC-18,EXPEDITE,2026-08-12T05:58:00,2026-08-12T09:58:00,PICKING,PICKING,LATAM,STANDARD
ORD-102151,SKU-00246,1,DC-17,STANDARD,2026-08-12T06:18:00,2026-08-12T12:18:00,EXCEPTION,HOLD,APAC,STANDARD
ORD-102152,SKU-00341,1,DC-07,CRITICAL,2026-08-12T06:19:00,2026-08-13T06:19:00,STAGED,STAGED,LATAM,NEXT_DAY
ORD-102153,SKU-00935,1,DC-04,STANDARD,2026-08-12T06:20:00,2026-08-12T14:20:00,STAGED,HOLD,MEA,SAME_DAY
ORD-102154,SKU-00224,1,DC-18,EXPEDITE,2026-08-12T06:25:00,2026-08-12T14:25:00,SHIPPED,SHIPPED,EU,NEXT_DAY
ORD-102155,SKU-00747,1,DC-16,CRITICAL,2026-08-12T06:29:00,2026-08-12T14:29:00,RELEASED,RELEASED,APAC,STANDARD
ORD-102156,SKU-01010,1,DC-13,CRITICAL,2026-08-12T06:31:00,2026-08-13T06:31:00,EXCEPTION,EXCEPTION,MEA,STANDARD
ORD-102157,SKU-00041,1,DC-07,STANDARD,2026-08-12T06:34:00,2026-08-12T12:34:00,ALLOCATED,ALLOCATED,MEA,SAME_DAY
ORD-102158,SKU-00610,1,DC-17,STANDARD,2026-08-12T06:45:00,2026-08-13T06:45:00,PACKING,HOLD,LATAM,SAME_DAY
ORD-102159,SKU-00362,1,DC-14,STANDARD,2026-08-12T06:51:00,2026-08-12T12:51:00,STAGED,STAGED,LATAM,SAME_DAY
ORD-102160,SKU-00086,1,DC-01,STANDARD,2026-08-12T06:58:00,2026-08-13T06:58:00,RELEASED,HOLD,EU,SAME_DAY
ORD-102161,SKU-00442,1,DC-09,STANDARD,2026-08-12T07:06:00,2026-08-13T07:06:00,RELEASED,RELEASED,EU,STANDARD
ORD-102162,SKU-00580,1,DC-15,CRITICAL,2026-08-12T07:06:00,2026-08-13T07:06:00,RELEASED,RELEASED,APAC,SAME_DAY
ORD-102163,SKU-00485,1,DC-17,STANDARD,2026-08-12T07:10:00,2026-08-12T19:10:00,PICKING,HOLD,LATAM,NEXT_DAY
ORD-102164,SKU-00284,1,DC-18,STANDARD,2026-08-12T07:10:00,2026-08-13T07:10:00,PACKING,PACKING,APAC,SAME_DAY
ORD-102165,SKU-00507,1,DC-14,STANDARD,2026-08-12T07:29:00,2026-08-13T07:29:00,EXCEPTION,EXCEPTION,EU,STANDARD
ORD-102166,SKU-00954,1,DC-02,EXPEDITE,2026-08-12T07:43:00,2026-08-12T13:43:00,RELEASED,EXCEPTION,EU,SAME_DAY
ORD-102167,SKU-00044,1,DC-15,CRITICAL,2026-08-12T07:53:00,2026-08-12T19:53:00,STAGED,EXCEPTION,APAC,NEXT_DAY
ORD-102168,SKU-00974,1,DC-07,STANDARD,2026-08-12T07:57:00,2026-08-12T11:57:00,RELEASED,HOLD,MEA,STANDARD
ORD-102169,SKU-00252,1,DC-09,STANDARD,2026-08-12T08:04:00,2026-08-12T14:04:00,STAGED,HOLD,APAC,SAME_DAY
ORD-102170,SKU-00362,1,DC-17,EXPEDITE,2026-08-12T08:09:00,2026-08-12T12:09:00,SHIPPED,SHIPPED,LATAM,NEXT_DAY
ORD-102171,SKU-00186,1,DC-09,STANDARD,2026-08-12T08:23:00,2026-08-12T16:23:00,STAGED,STAGED,APAC,SAME_DAY
ORD-102172,SKU-00591,1,DC-16,STANDARD,2026-08-12T08:34:00,2026-08-12T20:34:00,STAGED,STAGED,APAC,STANDARD
ORD-102173,SKU-01148,1,DC-07,EXPEDITE,2026-08-12T08:36:00,2026-08-12T16:36:00,RELEASED,RELEASED,APAC,SAME_DAY
ORD-102174,SKU-00453,1,DC-08,CRITICAL,2026-08-12T08:43:00,2026-08-12T14:43:00,SHIPPED,SHIPPED,APAC,STANDARD
ORD-102175,SKU-00032,1,DC-13,STANDARD,2026-08-12T08:44:00,2026-08-12T14:44:00,SHIPPED,HOLD,APAC,STANDARD
ORD-102176,SKU-00955,1,DC-18,STANDARD,2026-08-12T09:14:00,2026-08-13T09:14:00,PICKING,PICKING,APAC,STANDARD
ORD-102177,SKU-00841,1,DC-05,STANDARD,2026-08-12T09:31:00,2026-08-12T17:31:00,RELEASED,RELEASED,LATAM,STANDARD
ORD-102178,SKU-01104,1,DC-09,STANDARD,2026-08-12T09:32:00,2026-08-13T09:32:00,SHIPPED,HOLD,EU,NEXT_DAY
ORD-102179,SKU-01079,1,DC-04,STANDARD,2026-08-12T09:32:00,2026-08-12T13:32:00,EXCEPTION,HOLD,APAC,NEXT_DAY
ORD-102180,SKU-00682,1,DC-11,STANDARD,2026-08-12T09:57:00,2026-08-12T21:57:00,PICKING,PICKING,APAC,SAME_DAY
ORD-102181,SKU-00399,1,DC-17,STANDARD,2026-08-12T10:00:00,2026-08-12T16:00:00,PACKING,PACKING,MEA,NEXT_DAY
ORD-102182,SKU-00382,1,DC-13,STANDARD,2026-08-12T10:06:00,2026-08-12T16:06:00,PACKING,PACKING,EU,SAME_DAY
ORD-102183,SKU-00937,1,DC-10,STANDARD,2026-08-12T10:16:00,2026-08-12T22:16:00,PACKING,HOLD,MEA,SAME_DAY
ORD-102184,SKU-00900,1,DC-17,STANDARD,2026-08-12T10:33:00,2026-08-12T18:33:00,ALLOCATED,EXCEPTION,APAC,STANDARD
ORD-102185,SKU-00295,1,DC-09,STANDARD,2026-08-12T10:35:00,2026-08-12T22:35:00,SHIPPED,HOLD,EU,NEXT_DAY
ORD-102186,SKU-00223,1,DC-12,STANDARD,2026-08-12T10:45:00,2026-08-13T10:45:00,PICKING,PICKING,EU,SAME_DAY
ORD-102187,SKU-00320,1,DC-08,STANDARD,2026-08-12T10:50:00,2026-08-12T18:50:00,SHIPPED,HOLD,APAC,STANDARD
ORD-102188,SKU-00314,1,DC-01,STANDARD,2026-08-12T11:05:00,2026-08-12T23:05:00,PACKING,EXCEPTION,LATAM,STANDARD
ORD-102189,SKU-00981,1,DC-01,EXPEDITE,2026-08-12T11:05:00,2026-08-13T11:05:00,RELEASED,RELEASED,EU,STANDARD
ORD-102190,SKU-00603,1,DC-09,STANDARD,2026-08-12T11:09:00,2026-08-13T11:09:00,STAGED,HOLD,EU,NEXT_DAY
ORD-102191,SKU-00846,1,DC-05,CRITICAL,2026-08-12T11:17:00,2026-08-13T11:17:00,SHIPPED,EXCEPTION,LATAM,STANDARD
ORD-102192,SKU-01030,1,DC-12,STANDARD,2026-08-12T11:31:00,2026-08-13T11:31:00,STAGED,STAGED,MEA,SAME_DAY
ORD-102193,SKU-00773,1,DC-09,STANDARD,2026-08-12T12:25:00,2026-08-12T18:25:00,PACKING,PACKING,APAC,STANDARD
ORD-102194,SKU-00967,1,DC-06,STANDARD,2026-08-12T12:44:00,2026-08-13T12:44:00,ALLOCATED,ALLOCATED,LATAM,SAME_DAY
ORD-102195,SKU-01032,1,DC-16,STANDARD,2026-08-12T13:12:00,2026-08-13T13:12:00,EXCEPTION,EXCEPTION,LATAM,SAME_DAY
ORD-102196,SKU-01158,1,DC-14,EXPEDITE,2026-08-12T13:12:00,2026-08-13T01:12:00,RELEASED,RELEASED,APAC,SAME_DAY
ORD-102197,SKU-00739,1,DC-14,CRITICAL,2026-08-12T13:22:00,2026-08-12T19:22:00,PICKING,EXCEPTION,EU,STANDARD
ORD-102198,SKU-01086,1,DC-08,CRITICAL,2026-08-12T13:24:00,2026-08-13T01:24:00,PICKING,PICKING,LATAM,STANDARD
ORD-102199,SKU-00702,1,DC-06,STANDARD,2026-08-12T13:24:00,2026-08-12T19:24:00,ALLOCATED,ALLOCATED,EU,STANDARD
ORD-102200,SKU-00174,1,DC-03,STANDARD,2026-08-12T13:26:00,2026-08-12T19:26:00,EXCEPTION,HOLD,EU,SAME_DAY
ORD-102201,SKU-00112,1,DC-02,STANDARD,2026-08-12T13:27:00,2026-08-12T17:27:00,EXCEPTION,EXCEPTION,EU,STANDARD
ORD-102202,SKU-00309,1,DC-16,STANDARD,2026-08-12T13:46:00,2026-08-13T01:46:00,PICKING,EXCEPTION,MEA,SAME_DAY
ORD-102203,SKU-00208,1,DC-14,STANDARD,2026-08-12T13:48:00,2026-08-13T01:48:00,SHIPPED,HOLD,MEA,STANDARD
ORD-102204,SKU-01133,1,DC-10,EXPEDITE,2026-08-12T13:56:00,2026-08-12T21:56:00,PACKING,PACKING,MEA,NEXT_DAY
ORD-102205,SKU-01071,1,DC-04,CRITICAL,2026-08-12T13:57:00,2026-08-12T17:57:00,RELEASED,EXCEPTION,EU,SAME_DAY
ORD-102206,SKU-00948,1,DC-12,STANDARD,2026-08-12T14:03:00,2026-08-12T22:03:00,STAGED,STAGED,APAC,STANDARD
ORD-102207,SKU-01178,1,DC-05,STANDARD,2026-08-12T14:06:00,2026-08-12T22:06:00,PACKING,EXCEPTION,LATAM,STANDARD
ORD-102208,SKU-00731,1,DC-08,STANDARD,2026-08-12T14:25:00,2026-08-12T18:25:00,ALLOCATED,ALLOCATED,MEA,STANDARD
ORD-102209,SKU-01114,1,DC-05,STANDARD,2026-08-12T14:25:00,2026-08-12T20:25:00,SHIPPED,EXCEPTION,MEA,NEXT_DAY
ORD-102210,SKU-01178,1,DC-12,STANDARD,2026-08-12T14:29:00,2026-08-12T22:29:00,PICKING,PICKING,EU,STANDARD
ORD-102211,SKU-01073,1,DC-01,CRITICAL,2026-08-12T14:30:00,2026-08-12T20:30:00,SHIPPED,SHIPPED,APAC,NEXT_DAY
ORD-102212,SKU-00050,1,DC-18,STANDARD,2026-08-12T14:50:00,2026-08-12T18:50:00,ALLOCATED,ALLOCATED,APAC,SAME_DAY
ORD-102213,SKU-00956,1,DC-10,STANDARD,2026-08-12T15:03:00,2026-08-12T19:03:00,EXCEPTION,HOLD,LATAM,NEXT_DAY
ORD-102214,SKU-00854,1,DC-02,STANDARD,2026-08-12T15:14:00,2026-08-12T21:14:00,PACKING,EXCEPTION,EU,NEXT_DAY
ORD-102215,SKU-00796,1,DC-04,STANDARD,2026-08-12T15:28:00,2026-08-12T23:28:00,ALLOCATED,ALLOCATED,APAC,NEXT_DAY
ORD-102216,SKU-00094,1,DC-17,CRITICAL,2026-08-12T15:35:00,2026-08-12T19:35:00,SHIPPED,EXCEPTION,EU,STANDARD
ORD-102217,SKU-00175,1,DC-18,STANDARD,2026-08-12T15:35:00,2026-08-13T15:35:00,SHIPPED,SHIPPED,MEA,NEXT_DAY
ORD-102218,SKU-00012,1,DC-05,CRITICAL,2026-08-12T15:54:00,2026-08-12T19:54:00,SHIPPED,SHIPPED,APAC,STANDARD
ORD-102219,SKU-00213,1,DC-08,STANDARD,2026-08-12T15:57:00,2026-08-13T15:57:00,PACKING,PACKING,MEA,STANDARD
ORD-102220,SKU-00114,1,DC-16,EXPEDITE,2026-08-12T16:02:00,2026-08-13T04:02:00,SHIPPED,EXCEPTION,LATAM,SAME_DAY
ORD-102221,SKU-00485,1,DC-04,STANDARD,2026-08-12T16:07:00,2026-08-12T20:07:00,PICKING,PICKING,MEA,SAME_DAY
ORD-102222,SKU-00808,1,DC-06,STANDARD,2026-08-12T16:08:00,2026-08-13T16:08:00,SHIPPED,SHIPPED,LATAM,SAME_DAY
ORD-102223,SKU-01082,1,DC-16,EXPEDITE,2026-08-12T16:10:00,2026-08-12T20:10:00,EXCEPTION,EXCEPTION,MEA,NEXT_DAY
ORD-102224,SKU-00067,1,DC-05,EXPEDITE,2026-08-12T16:13:00,2026-08-13T16:13:00,ALLOCATED,ALLOCATED,APAC,NEXT_DAY
ORD-102225,SKU-00081,1,DC-10,EXPEDITE,2026-08-12T16:14:00,2026-08-13T04:14:00,PACKING,PACKING,LATAM,SAME_DAY
ORD-102226,SKU-00066,1,DC-14,STANDARD,2026-08-12T16:20:00,2026-08-13T16:20:00,STAGED,EXCEPTION,MEA,SAME_DAY
ORD-102227,SKU-01008,1,DC-17,CRITICAL,2026-08-12T16:30:00,2026-08-12T20:30:00,SHIPPED,SHIPPED,MEA,STANDARD
ORD-102228,SKU-00158,1,DC-15,CRITICAL,2026-08-12T16:42:00,2026-08-13T16:42:00,SHIPPED,HOLD,APAC,SAME_DAY
ORD-102229,SKU-00351,1,DC-05,STANDARD,2026-08-12T16:45:00,2026-08-13T00:45:00,STAGED,STAGED,LATAM,SAME_DAY
ORD-102230,SKU-00356,1,DC-05,CRITICAL,2026-08-12T16:47:00,2026-08-12T20:47:00,EXCEPTION,EXCEPTION,APAC,NEXT_DAY
ORD-102231,SKU-00316,1,DC-04,STANDARD,2026-08-12T16:51:00,2026-08-13T16:51:00,PICKING,HOLD,MEA,NEXT_DAY
ORD-102232,SKU-00011,1,DC-10,STANDARD,2026-08-12T17:07:00,2026-08-13T01:07:00,EXCEPTION,EXCEPTION,MEA,STANDARD
ORD-102233,SKU-01183,1,DC-12,STANDARD,2026-08-12T17:23:00,2026-08-12T21:23:00,PACKING,PACKING,APAC,NEXT_DAY
ORD-102234,SKU-00761,1,DC-08,CRITICAL,2026-08-12T17:28:00,2026-08-13T17:28:00,STAGED,STAGED,LATAM,SAME_DAY
ORD-102235,SKU-00939,1,DC-09,STANDARD,2026-08-12T17:43:00,2026-08-12T23:43:00,STAGED,HOLD,EU,STANDARD
ORD-102236,SKU-00591,1,DC-15,STANDARD,2026-08-12T17:43:00,2026-08-12T23:43:00,ALLOCATED,ALLOCATED,EU,SAME_DAY
ORD-102237,SKU-00744,1,DC-08,STANDARD,2026-08-12T17:53:00,2026-08-13T05:53:00,PICKING,PICKING,APAC,SAME_DAY
ORD-102238,SKU-01098,1,DC-13,STANDARD,2026-08-12T18:01:00,2026-08-13T06:01:00,SHIPPED,SHIPPED,MEA,SAME_DAY
ORD-102239,SKU-00324,1,DC-16,STANDARD,2026-08-12T18:16:00,2026-08-13T02:16:00,EXCEPTION,EXCEPTION,APAC,STANDARD
ORD-102240,SKU-00789,1,DC-13,STANDARD,2026-08-12T18:25:00,2026-08-13T02:25:00,ALLOCATED,ALLOCATED,APAC,SAME_DAY
ORD-102241,SKU-01008,1,DC-01,EXPEDITE,2026-08-12T18:27:00,2026-08-13T02:27:00,RELEASED,RELEASED,MEA,STANDARD
ORD-102242,SKU-00926,1,DC-10,CRITICAL,2026-08-12T18:37:00,2026-08-13T00:37:00,PACKING,PACKING,MEA,NEXT_DAY
ORD-102243,SKU-00458,1,DC-06,EXPEDITE,2026-08-12T18:38:00,2026-08-13T00:38:00,RELEASED,EXCEPTION,LATAM,NEXT_DAY
ORD-102244,SKU-00334,1,DC-02,EXPEDITE,2026-08-12T18:43:00,2026-08-12T22:43:00,ALLOCATED,EXCEPTION,LATAM,SAME_DAY
ORD-102245,SKU-01117,1,DC-08,STANDARD,2026-08-12T19:06:00,2026-08-13T07:06:00,RELEASED,RELEASED,APAC,STANDARD
ORD-102246,SKU-00490,1,DC-11,STANDARD,2026-08-12T19:10:00,2026-08-12T23:10:00,EXCEPTION,HOLD,EU,SAME_DAY
ORD-102247,SKU-00055,1,DC-16,STANDARD,2026-08-12T19:19:00,2026-08-13T03:19:00,STAGED,EXCEPTION,MEA,SAME_DAY
ORD-102248,SKU-00112,1,DC-18,STANDARD,2026-08-12T19:20:00,2026-08-13T07:20:00,ALLOCATED,ALLOCATED,LATAM,NEXT_DAY
ORD-102249,SKU-00874,1,DC-15,CRITICAL,2026-08-12T19:25:00,2026-08-13T01:25:00,STAGED,STAGED,LATAM,STANDARD
ORD-102250,SKU-00722,1,DC-16,STANDARD,2026-08-12T19:35:00,2026-08-13T19:35:00,SHIPPED,SHIPPED,MEA,NEXT_DAY
ORD-102251,SKU-01108,1,DC-16,CRITICAL,2026-08-12T19:37:00,2026-08-12T23:37:00,PICKING,PICKING,LATAM,SAME_DAY
ORD-102252,SKU-00700,1,DC-12,STANDARD,2026-08-12T19:51:00,2026-08-13T19:51:00,RELEASED,RELEASED,MEA,STANDARD
ORD-102253,SKU-00966,1,DC-09,EXPEDITE,2026-08-12T19:59:00,2026-08-13T03:59:00,PICKING,PICKING,LATAM,STANDARD
ORD-102254,SKU-01052,1,DC-18,STANDARD,2026-08-12T20:04:00,2026-08-13T00:04:00,EXCEPTION,EXCEPTION,APAC,NEXT_DAY
ORD-102255,SKU-01190,1,DC-08,STANDARD,2026-08-12T20:07:00,2026-08-13T08:07:00,RELEASED,EXCEPTION,APAC,STANDARD
ORD-102256,SKU-00760,1,DC-06,EXPEDITE,2026-08-12T20:08:00,2026-08-13T20:08:00,SHIPPED,SHIPPED,EU,NEXT_DAY
ORD-102257,SKU-00920,1,DC-11,STANDARD,2026-08-12T20:08:00,2026-08-13T08:08:00,STAGED,STAGED,APAC,NEXT_DAY
ORD-102258,SKU-01016,1,DC-14,EXPEDITE,2026-08-12T20:17:00,2026-08-13T08:17:00,PICKING,PICKING,LATAM,SAME_DAY
ORD-102259,SKU-00424,1,DC-17,STANDARD,2026-08-12T20:23:00,2026-08-13T04:23:00,SHIPPED,SHIPPED,APAC,SAME_DAY
ORD-102260,SKU-01056,1,DC-14,STANDARD,2026-08-12T20:45:00,2026-08-13T00:45:00,ALLOCATED,HOLD,LATAM,STANDARD
ORD-102261,SKU-00352,1,DC-01,CRITICAL,2026-08-12T20:51:00,2026-08-13T02:51:00,PICKING,EXCEPTION,APAC,NEXT_DAY
ORD-102262,SKU-01076,1,DC-15,STANDARD,2026-08-12T21:01:00,2026-08-13T05:01:00,STAGED,STAGED,LATAM,SAME_DAY
ORD-102263,SKU-01071,1,DC-08,EXPEDITE,2026-08-12T21:04:00,2026-08-13T05:04:00,ALLOCATED,ALLOCATED,LATAM,SAME_DAY
ORD-102264,SKU-00397,1,DC-14,STANDARD,2026-08-12T21:10:00,2026-08-13T21:10:00,STAGED,EXCEPTION,MEA,NEXT_DAY
ORD-102265,SKU-00062,1,DC-15,STANDARD,2026-08-12T21:17:00,2026-08-13T03:17:00,PACKING,PACKING,LATAM,STANDARD
ORD-102266,SKU-00726,1,DC-15,STANDARD,2026-08-12T21:23:00,2026-08-13T21:23:00,STAGED,STAGED,MEA,SAME_DAY
ORD-102267,SKU-00317,1,DC-15,STANDARD,2026-08-12T21:24:00,2026-08-13T21:24:00,PICKING,PICKING,MEA,SAME_DAY
ORD-102268,SKU-00674,1,DC-04,STANDARD,2026-08-12T21:52:00,2026-08-13T21:52:00,SHIPPED,SHIPPED,EU,STANDARD
ORD-102269,SKU-00346,1,DC-13,STANDARD,2026-08-12T21:54:00,2026-08-13T21:54:00,SHIPPED,EXCEPTION,MEA,STANDARD
ORD-102270,SKU-00547,1,DC-11,STANDARD,2026-08-12T21:59:00,2026-08-13T21:59:00,EXCEPTION,EXCEPTION,MEA,SAME_DAY
ORD-102271,SKU-00566,1,DC-16,STANDARD,2026-08-12T22:03:00,2026-08-13T04:03:00,EXCEPTION,EXCEPTION,EU,SAME_DAY
ORD-102272,SKU-00496,1,DC-03,STANDARD,2026-08-12T22:21:00,2026-08-13T06:21:00,STAGED,EXCEPTION,LATAM,STANDARD
ORD-102273,SKU-00539,1,DC-11,STANDARD,2026-08-12T22:24:00,2026-08-13T02:24:00,PICKING,HOLD,EU,NEXT_DAY
ORD-102274,SKU-00698,1,DC-09,STANDARD,2026-08-12T22:24:00,2026-08-13T10:24:00,RELEASED,HOLD,EU,STANDARD
ORD-102275,SKU-01115,1,DC-12,STANDARD,2026-08-12T22:35:00,2026-08-13T06:35:00,STAGED,STAGED,EU,SAME_DAY
ORD-102276,SKU-00480,1,DC-15,STANDARD,2026-08-12T22:38:00,2026-08-13T02:38:00,EXCEPTION,EXCEPTION,MEA,STANDARD
ORD-102277,SKU-00016,1,DC-04,STANDARD,2026-08-12T22:40:00,2026-08-13T10:40:00,PICKING,PICKING,MEA,STANDARD
ORD-102278,SKU-00214,1,DC-11,STANDARD,2026-08-12T22:40:00,2026-08-13T22:40:00,PICKING,PICKING,APAC,SAME_DAY
ORD-102279,SKU-00718,1,DC-15,CRITICAL,2026-08-12T22:51:00,2026-08-13T10:51:00,STAGED,STAGED,LATAM,SAME_DAY
ORD-102280,SKU-00881,1,DC-16,EXPEDITE,2026-08-12T22:51:00,2026-08-13T10:51:00,PACKING,PACKING,LATAM,NEXT_DAY
ORD-102281,SKU-00532,1,DC-05,STANDARD,2026-08-12T22:55:00,2026-08-13T10:55:00,RELEASED,RELEASED,MEA,SAME_DAY
ORD-102282,SKU-01142,1,DC-03,STANDARD,2026-08-12T22:56:00,2026-08-13T10:56:00,RELEASED,HOLD,APAC,STANDARD
ORD-102283,SKU-00471,1,DC-14,EXPEDITE,2026-08-12T23:04:00,2026-08-13T23:04:00,RELEASED,RELEASED,LATAM,SAME_DAY
ORD-102284,SKU-00863,1,DC-10,STANDARD,2026-08-12T23:13:00,2026-08-13T07:13:00,RELEASED,RELEASED,APAC,SAME_DAY
ORD-102285,SKU-00618,1,DC-07,EXPEDITE,2026-08-12T23:22:00,2026-08-13T11:22:00,PICKING,HOLD,MEA,STANDARD
ORD-102286,SKU-00127,1,DC-05,CRITICAL,2026-08-12T23:27:00,2026-08-13T03:27:00,SHIPPED,SHIPPED,APAC,NEXT_DAY
ORD-102287,SKU-00058,1,DC-02,STANDARD,2026-08-12T23:40:00,2026-08-13T11:40:00,RELEASED,RELEASED,MEA,SAME_DAY
ORD-102288,SKU-00465,1,DC-17,STANDARD,2026-08-12T23:58:00,2026-08-13T05:58:00,ALLOCATED,ALLOCATED,LATAM,STANDARD
ORD-102289,SKU-00700,1,DC-11,EXPEDITE,2026-08-12T23:58:00,2026-08-13T05:58:00,ALLOCATED,EXCEPTION,LATAM,SAME_DAY
ORD-102290,SKU-01023,1,DC-13,CRITICAL,2026-08-13T00:05:00,2026-08-13T06:05:00,EXCEPTION,EXCEPTION,LATAM,NEXT_DAY
ORD-102291,SKU-00477,1,DC-15,STANDARD,2026-08-13T00:13:00,2026-08-13T06:13:00,PACKING,PACKING,LATAM,NEXT_DAY
ORD-102292,SKU-00404,1,DC-05,STANDARD,2026-08-13T00:19:00,2026-08-14T00:19:00,ALLOCATED,ALLOCATED,MEA,SAME_DAY
ORD-102293,SKU-00163,1,DC-13,STANDARD,2026-08-13T00:21:00,2026-08-13T12:21:00,RELEASED,RELEASED,EU,SAME_DAY
ORD-102294,SKU-00859,1,DC-11,STANDARD,2026-08-13T00:23:00,2026-08-13T06:23:00,PACKING,HOLD,APAC,NEXT_DAY
ORD-102295,SKU-00535,1,DC-10,EXPEDITE,2026-08-13T00:27:00,2026-08-13T06:27:00,PACKING,PACKING,EU,NEXT_DAY
ORD-102296,SKU-00211,1,DC-10,CRITICAL,2026-08-13T00:28:00,2026-08-13T08:28:00,PICKING,PICKING,EU,SAME_DAY
ORD-102297,SKU-00169,1,DC-13,STANDARD,2026-08-13T00:52:00,2026-08-14T00:52:00,PICKING,PICKING,APAC,SAME_DAY
ORD-102298,SKU-00655,1,DC-10,EXPEDITE,2026-08-13T00:59:00,2026-08-13T06:59:00,SHIPPED,EXCEPTION,LATAM,STANDARD
ORD-102299,SKU-00064,1,DC-16,STANDARD,2026-08-13T01:00:00,2026-08-14T01:00:00,SHIPPED,HOLD,EU,STANDARD
ORD-102300,SKU-00374,1,DC-17,STANDARD,2026-08-13T01:03:00,2026-08-13T07:03:00,STAGED,HOLD,APAC,NEXT_DAY
ORD-102301,SKU-01060,1,DC-18,STANDARD,2026-08-13T01:04:00,2026-08-14T01:04:00,PACKING,PACKING,EU,NEXT_DAY
ORD-102302,SKU-00455,1,DC-06,STANDARD,2026-08-13T01:23:00,2026-08-13T07:23:00,RELEASED,EXCEPTION,APAC,NEXT_DAY
ORD-102303,SKU-00201,1,DC-11,STANDARD,2026-08-13T01:26:00,2026-08-13T09:26:00,EXCEPTION,EXCEPTION,EU,SAME_DAY
ORD-102304,SKU-00257,1,DC-05,STANDARD,2026-08-13T01:28:00,2026-08-13T09:28:00,PICKING,HOLD,EU,STANDARD
ORD-102305,SKU-00389,1,DC-12,EXPEDITE,2026-08-13T01:44:00,2026-08-13T13:44:00,STAGED,STAGED,APAC,SAME_DAY
ORD-102306,SKU-00469,1,DC-03,EXPEDITE,2026-08-13T01:53:00,2026-08-13T07:53:00,SHIPPED,EXCEPTION,APAC,NEXT_DAY
ORD-102307,SKU-00744,1,DC-16,STANDARD,2026-08-13T02:24:00,2026-08-13T14:24:00,SHIPPED,HOLD,MEA,STANDARD
ORD-102308,SKU-00017,1,DC-15,STANDARD,2026-08-13T02:31:00,2026-08-14T02:31:00,EXCEPTION,EXCEPTION,EU,NEXT_DAY
ORD-102309,SKU-00368,1,DC-16,STANDARD,2026-08-13T02:33:00,2026-08-13T08:33:00,STAGED,STAGED,EU,NEXT_DAY
ORD-102310,SKU-01034,1,DC-17,CRITICAL,2026-08-13T02:38:00,2026-08-13T08:38:00,STAGED,STAGED,MEA,SAME_DAY
ORD-102311,SKU-01118,1,DC-11,STANDARD,2026-08-13T02:42:00,2026-08-14T02:42:00,EXCEPTION,EXCEPTION,MEA,NEXT_DAY
ORD-102312,SKU-00652,1,DC-08,STANDARD,2026-08-13T02:55:00,2026-08-13T14:55:00,PICKING,PICKING,APAC,NEXT_DAY
ORD-102313,SKU-00378,1,DC-11,STANDARD,2026-08-13T03:12:00,2026-08-14T03:12:00,PACKING,EXCEPTION,LATAM,NEXT_DAY
ORD-102314,SKU-00532,1,DC-04,STANDARD,2026-08-13T03:21:00,2026-08-13T09:21:00,SHIPPED,HOLD,LATAM,STANDARD
ORD-102315,SKU-00710,1,DC-02,STANDARD,2026-08-13T03:48:00,2026-08-13T09:48:00,PACKING,PACKING,LATAM,NEXT_DAY
ORD-102316,SKU-00303,1,DC-07,EXPEDITE,2026-08-13T03:55:00,2026-08-13T11:55:00,ALLOCATED,HOLD,EU,STANDARD
ORD-102317,SKU-00164,1,DC-05,EXPEDITE,2026-08-13T04:16:00,2026-08-14T04:16:00,EXCEPTION,EXCEPTION,MEA,SAME_DAY
ORD-102318,SKU-01111,1,DC-03,STANDARD,2026-08-13T04:18:00,2026-08-14T04:18:00,STAGED,STAGED,APAC,NEXT_DAY
ORD-102319,SKU-00354,1,DC-14,STANDARD,2026-08-13T04:22:00,2026-08-14T04:22:00,EXCEPTION,EXCEPTION,EU,STANDARD
ORD-102320,SKU-01122,1,DC-03,STANDARD,2026-08-13T04:29:00,2026-08-13T10:29:00,EXCEPTION,EXCEPTION,LATAM,SAME_DAY
ORD-102321,SKU-01177,1,DC-12,CRITICAL,2026-08-13T04:31:00,2026-08-14T04:31:00,PACKING,PACKING,LATAM,SAME_DAY
ORD-102322,SKU-00136,1,DC-04,STANDARD,2026-08-13T04:33:00,2026-08-13T16:33:00,EXCEPTION,EXCEPTION,EU,SAME_DAY
ORD-102323,SKU-01147,1,DC-15,STANDARD,2026-08-13T05:01:00,2026-08-13T17:01:00,RELEASED,RELEASED,APAC,NEXT_DAY
ORD-102324,SKU-00187,1,DC-17,STANDARD,2026-08-13T05:02:00,2026-08-14T05:02:00,EXCEPTION,EXCEPTION,LATAM,NEXT_DAY
ORD-102325,SKU-00729,1,DC-18,STANDARD,2026-08-13T05:02:00,2026-08-13T13:02:00,SHIPPED,EXCEPTION,EU,STANDARD
ORD-102326,SKU-00157,1,DC-02,STANDARD,2026-08-13T05:08:00,2026-08-13T11:08:00,RELEASED,EXCEPTION,EU,STANDARD
ORD-102327,SKU-00880,1,DC-18,STANDARD,2026-08-13T05:09:00,2026-08-13T11:09:00,SHIPPED,SHIPPED,EU,NEXT_DAY
ORD-102328,SKU-00493,1,DC-10,STANDARD,2026-08-13T05:23:00,2026-08-13T09:23:00,RELEASED,HOLD,MEA,SAME_DAY
ORD-102329,SKU-01169,1,DC-15,STANDARD,2026-08-13T05:24:00,2026-08-13T11:24:00,PACKING,PACKING,MEA,STANDARD
ORD-102330,SKU-00601,1,DC-10,STANDARD,2026-08-13T05:26:00,2026-08-13T11:26:00,SHIPPED,SHIPPED,APAC,SAME_DAY
ORD-102331,SKU-00457,1,DC-05,STANDARD,2026-08-13T05:39:00,2026-08-14T05:39:00,SHIPPED,EXCEPTION,MEA,STANDARD
ORD-102332,SKU-00109,1,DC-10,STANDARD,2026-08-13T05:50:00,2026-08-13T11:50:00,PICKING,PICKING,LATAM,STANDARD
ORD-102333,SKU-00276,1,DC-15,STANDARD,2026-08-13T05:50:00,2026-08-13T11:50:00,EXCEPTION,HOLD,LATAM,SAME_DAY
ORD-102334,SKU-00936,1,DC-09,STANDARD,2026-08-13T05:51:00,2026-08-13T09:51:00,STAGED,STAGED,APAC,SAME_DAY
ORD-102335,SKU-00699,1,DC-16,CRITICAL,2026-08-13T05:53:00,2026-08-13T09:53:00,EXCEPTION,EXCEPTION,MEA,STANDARD
ORD-102336,SKU-00003,1,DC-03,STANDARD,2026-08-13T06:24:00,2026-08-13T14:24:00,SHIPPED,SHIPPED,LATAM,SAME_DAY
ORD-102337,SKU-01088,1,DC-14,STANDARD,2026-08-13T06:27:00,2026-08-13T10:27:00,PICKING,PICKING,EU,NEXT_DAY
ORD-102338,SKU-01112,1,DC-03,STANDARD,2026-08-13T06:32:00,2026-08-13T14:32:00,RELEASED,EXCEPTION,MEA,NEXT_DAY
ORD-102339,SKU-00411,1,DC-16,STANDARD,2026-08-13T06:32:00,2026-08-13T18:32:00,ALLOCATED,ALLOCATED,MEA,SAME_DAY
ORD-102340,SKU-00734,1,DC-14,STANDARD,2026-08-13T06:36:00,2026-08-13T12:36:00,PICKING,EXCEPTION,APAC,SAME_DAY
ORD-102341,SKU-00397,1,DC-01,EXPEDITE,2026-08-13T06:39:00,2026-08-13T12:39:00,PACKING,PACKING,MEA,NEXT_DAY
ORD-102342,SKU-00650,1,DC-16,STANDARD,2026-08-13T06:44:00,2026-08-13T18:44:00,ALLOCATED,ALLOCATED,APAC,NEXT_DAY
ORD-102343,SKU-00750,1,DC-16,STANDARD,2026-08-13T06:45:00,2026-08-14T06:45:00,PICKING,PICKING,LATAM,STANDARD
ORD-102344,SKU-00529,1,DC-17,EXPEDITE,2026-08-13T06:53:00,2026-08-13T10:53:00,PICKING,PICKING,LATAM,STANDARD
ORD-102345,SKU-00279,1,DC-12,CRITICAL,2026-08-13T06:53:00,2026-08-14T06:53:00,PICKING,PICKING,APAC,NEXT_DAY
ORD-102346,SKU-00666,1,DC-09,CRITICAL,2026-08-13T07:04:00,2026-08-13T11:04:00,ALLOCATED,EXCEPTION,EU,STANDARD
ORD-102347,SKU-00156,1,DC-09,EXPEDITE,2026-08-13T07:15:00,2026-08-13T15:15:00,STAGED,EXCEPTION,MEA,SAME_DAY
ORD-102348,SKU-00664,1,DC-03,CRITICAL,2026-08-13T07:27:00,2026-08-13T13:27:00,EXCEPTION,EXCEPTION,APAC,STANDARD
ORD-102349,SKU-00613,1,DC-15,STANDARD,2026-08-13T07:30:00,2026-08-14T07:30:00,PICKING,PICKING,LATAM,STANDARD
ORD-102350,SKU-00748,1,DC-10,STANDARD,2026-08-13T07:38:00,2026-08-13T11:38:00,EXCEPTION,EXCEPTION,MEA,SAME_DAY
ORD-102351,SKU-00673,1,DC-15,STANDARD,2026-08-13T07:41:00,2026-08-14T07:41:00,RELEASED,HOLD,LATAM,NEXT_DAY
ORD-102352,SKU-00888,1,DC-12,EXPEDITE,2026-08-13T07:48:00,2026-08-13T15:48:00,PACKING,EXCEPTION,EU,NEXT_DAY
ORD-102353,SKU-00766,1,DC-15,CRITICAL,2026-08-13T07:55:00,2026-08-13T13:55:00,EXCEPTION,EXCEPTION,MEA,STANDARD
ORD-102354,SKU-00731,1,DC-08,STANDARD,2026-08-13T08:00:00,2026-08-13T14:00:00,EXCEPTION,EXCEPTION,LATAM,NEXT_DAY
ORD-102355,SKU-00334,1,DC-04,STANDARD,2026-08-13T08:05:00,2026-08-13T14:05:00,SHIPPED,SHIPPED,APAC,SAME_DAY
ORD-102356,SKU-00719,1,DC-16,EXPEDITE,2026-08-13T08:18:00,2026-08-13T14:18:00,PICKING,PICKING,LATAM,STANDARD
ORD-102357,SKU-00322,1,DC-12,CRITICAL,2026-08-13T08:23:00,2026-08-13T20:23:00,RELEASED,EXCEPTION,LATAM,SAME_DAY
ORD-102358,SKU-01151,1,DC-16,STANDARD,2026-08-13T08:23:00,2026-08-13T12:23:00,RELEASED,RELEASED,LATAM,STANDARD
ORD-102359,SKU-00923,1,DC-06,CRITICAL,2026-08-13T08:34:00,2026-08-13T14:34:00,SHIPPED,EXCEPTION,EU,SAME_DAY
ORD-102360,SKU-00527,1,DC-07,STANDARD,2026-08-13T08:41:00,2026-08-13T16:41:00,PACKING,EXCEPTION,LATAM,NEXT_DAY
ORD-102361,SKU-00555,1,DC-10,STANDARD,2026-08-13T08:51:00,2026-08-13T12:51:00,ALLOCATED,ALLOCATED,EU,SAME_DAY
ORD-102362,SKU-00544,1,DC-14,STANDARD,2026-08-13T08:51:00,2026-08-13T20:51:00,PICKING,PICKING,LATAM,SAME_DAY
ORD-102363,SKU-00420,1,DC-05,STANDARD,2026-08-13T09:01:00,2026-08-13T21:01:00,ALLOCATED,HOLD,LATAM,STANDARD
ORD-102364,SKU-00135,1,DC-11,STANDARD,2026-08-13T09:06:00,2026-08-13T21:06:00,PACKING,HOLD,EU,STANDARD
ORD-102365,SKU-00222,1,DC-06,EXPEDITE,2026-08-13T09:07:00,2026-08-14T09:07:00,STAGED,EXCEPTION,APAC,NEXT_DAY
ORD-102366,SKU-00491,1,DC-10,EXPEDITE,2026-08-13T09:19:00,2026-08-13T21:19:00,ALLOCATED,HOLD,MEA,SAME_DAY
ORD-102367,SKU-00041,1,DC-07,EXPEDITE,2026-08-13T09:19:00,2026-08-14T09:19:00,EXCEPTION,EXCEPTION,MEA,SAME_DAY
ORD-102368,SKU-00665,1,DC-06,STANDARD,2026-08-13T09:28:00,2026-08-13T21:28:00,STAGED,EXCEPTION,MEA,SAME_DAY
ORD-102369,SKU-00617,1,DC-17,STANDARD,2026-08-13T09:34:00,2026-08-13T15:34:00,EXCEPTION,EXCEPTION,APAC,STANDARD
ORD-102370,SKU-00367,1,DC-04,STANDARD,2026-08-13T09:37:00,2026-08-13T15:37:00,PICKING,PICKING,APAC,NEXT_DAY
ORD-102371,SKU-00459,1,DC-09,STANDARD,2026-08-13T09:37:00,2026-08-13T21:37:00,STAGED,EXCEPTION,LATAM,STANDARD
ORD-102372,SKU-00937,1,DC-18,STANDARD,2026-08-13T09:46:00,2026-08-13T21:46:00,PICKING,EXCEPTION,EU,SAME_DAY
ORD-102373,SKU-00712,1,DC-04,STANDARD,2026-08-13T09:55:00,2026-08-13T13:55:00,RELEASED,HOLD,MEA,NEXT_DAY
ORD-102374,SKU-00548,1,DC-14,STANDARD,2026-08-13T10:06:00,2026-08-13T16:06:00,SHIPPED,SHIPPED,LATAM,NEXT_DAY
ORD-102375,SKU-00509,1,DC-09,EXPEDITE,2026-08-13T10:21:00,2026-08-13T14:21:00,RELEASED,EXCEPTION,MEA,NEXT_DAY
ORD-102376,SKU-00398,1,DC-05,STANDARD,2026-08-13T10:52:00,2026-08-13T14:52:00,PICKING,PICKING,EU,NEXT_DAY
ORD-102377,SKU-00150,1,DC-17,CRITICAL,2026-08-13T11:04:00,2026-08-13T15:04:00,PICKING,PICKING,MEA,SAME_DAY
ORD-102378,SKU-00841,1,DC-01,STANDARD,2026-08-13T11:09:00,2026-08-13T23:09:00,PICKING,PICKING,APAC,NEXT_DAY
ORD-102379,SKU-00104,1,DC-14,CRITICAL,2026-08-13T11:13:00,2026-08-14T11:13:00,EXCEPTION,EXCEPTION,EU,NEXT_DAY
ORD-102380,SKU-00479,1,DC-18,STANDARD,2026-08-13T11:34:00,2026-08-13T17:34:00,RELEASED,RELEASED,APAC,SAME_DAY
ORD-102381,SKU-00928,1,DC-18,STANDARD,2026-08-13T11:51:00,2026-08-13T19:51:00,SHIPPED,SHIPPED,APAC,SAME_DAY
ORD-102382,SKU-00384,1,DC-08,STANDARD,2026-08-13T12:20:00,2026-08-14T12:20:00,PACKING,PACKING,LATAM,SAME_DAY
ORD-102383,SKU-00005,1,DC-12,EXPEDITE,2026-08-13T12:22:00,2026-08-13T18:22:00,PICKING,PICKING,APAC,STANDARD
ORD-102384,SKU-00753,1,DC-14,STANDARD,2026-08-13T12:45:00,2026-08-13T16:45:00,ALLOCATED,HOLD,MEA,STANDARD
ORD-102385,SKU-00459,1,DC-17,STANDARD,2026-08-13T12:48:00,2026-08-13T20:48:00,SHIPPED,SHIPPED,EU,STANDARD
ORD-102386,SKU-00174,1,DC-06,EXPEDITE,2026-08-13T12:48:00,2026-08-13T20:48:00,PICKING,PICKING,LATAM,NEXT_DAY
ORD-102387,SKU-00717,1,DC-03,STANDARD,2026-08-13T12:56:00,2026-08-13T20:56:00,PACKING,EXCEPTION,MEA,SAME_DAY
ORD-102388,SKU-00563,1,DC-15,STANDARD,2026-08-13T13:01:00,2026-08-13T19:01:00,STAGED,STAGED,LATAM,NEXT_DAY
ORD-102389,SKU-00966,1,DC-04,STANDARD,2026-08-13T13:13:00,2026-08-13T21:13:00,PACKING,PACKING,MEA,NEXT_DAY
ORD-102390,SKU-00941,1,DC-09,STANDARD,2026-08-13T13:13:00,2026-08-13T21:13:00,STAGED,HOLD,LATAM,SAME_DAY
ORD-102391,SKU-01148,1,DC-03,STANDARD,2026-08-13T13:28:00,2026-08-13T17:28:00,RELEASED,RELEASED,EU,STANDARD
ORD-102392,SKU-00856,1,DC-07,STANDARD,2026-08-13T13:30:00,2026-08-13T17:30:00,PACKING,PACKING,EU,SAME_DAY
ORD-102393,SKU-00052,1,DC-14,STANDARD,2026-08-13T13:31:00,2026-08-14T13:31:00,EXCEPTION,EXCEPTION,APAC,NEXT_DAY
ORD-102394,SKU-00587,1,DC-07,STANDARD,2026-08-13T13:34:00,2026-08-14T13:34:00,STAGED,STAGED,LATAM,NEXT_DAY
ORD-102395,SKU-00169,1,DC-08,EXPEDITE,2026-08-13T13:38:00,2026-08-14T01:38:00,SHIPPED,HOLD,MEA,NEXT_DAY
ORD-102396,SKU-00272,1,DC-17,STANDARD,2026-08-13T13:45:00,2026-08-14T13:45:00,EXCEPTION,EXCEPTION,EU,NEXT_DAY
ORD-102397,SKU-00876,1,DC-07,STANDARD,2026-08-13T13:53:00,2026-08-14T01:53:00,STAGED,EXCEPTION,LATAM,SAME_DAY
ORD-102398,SKU-00848,1,DC-10,STANDARD,2026-08-13T14:01:00,2026-08-14T02:01:00,ALLOCATED,EXCEPTION,APAC,STANDARD
ORD-102399,SKU-00096,1,DC-09,STANDARD,2026-08-13T14:02:00,2026-08-13T18:02:00,PICKING,HOLD,MEA,STANDARD
ORD-102400,SKU-00497,1,DC-15,STANDARD,2026-08-13T14:07:00,2026-08-13T20:07:00,ALLOCATED,ALLOCATED,EU,SAME_DAY
ORD-102401,SKU-00702,1,DC-17,STANDARD,2026-08-13T14:10:00,2026-08-13T18:10:00,SHIPPED,EXCEPTION,MEA,STANDARD
ORD-102402,SKU-00309,1,DC-16,STANDARD,2026-08-13T14:12:00,2026-08-14T02:12:00,ALLOCATED,EXCEPTION,LATAM,NEXT_DAY
ORD-102403,SKU-00141,1,DC-03,CRITICAL,2026-08-13T14:20:00,2026-08-13T22:20:00,RELEASED,HOLD,APAC,SAME_DAY
ORD-102404,SKU-00336,1,DC-17,STANDARD,2026-08-13T14:22:00,2026-08-13T22:22:00,PACKING,PACKING,MEA,STANDARD
ORD-102405,SKU-00222,1,DC-09,STANDARD,2026-08-13T14:24:00,2026-08-13T22:24:00,SHIPPED,SHIPPED,APAC,NEXT_DAY
ORD-102406,SKU-01071,1,DC-15,STANDARD,2026-08-13T14:31:00,2026-08-14T14:31:00,RELEASED,RELEASED,LATAM,NEXT_DAY
ORD-102407,SKU-00911,1,DC-03,STANDARD,2026-08-13T14:31:00,2026-08-14T14:31:00,EXCEPTION,EXCEPTION,APAC,STANDARD
ORD-102408,SKU-00976,1,DC-13,EXPEDITE,2026-08-13T14:32:00,2026-08-13T20:32:00,EXCEPTION,EXCEPTION,MEA,NEXT_DAY
ORD-102409,SKU-00151,1,DC-02,STANDARD,2026-08-13T14:45:00,2026-08-13T20:45:00,RELEASED,EXCEPTION,APAC,SAME_DAY
ORD-102410,SKU-00230,1,DC-14,STANDARD,2026-08-13T14:49:00,2026-08-13T20:49:00,ALLOCATED,ALLOCATED,EU,NEXT_DAY
ORD-102411,SKU-00543,1,DC-09,STANDARD,2026-08-13T15:16:00,2026-08-14T15:16:00,STAGED,STAGED,EU,NEXT_DAY
ORD-102412,SKU-00114,1,DC-07,STANDARD,2026-08-13T15:16:00,2026-08-13T21:16:00,SHIPPED,SHIPPED,APAC,STANDARD
ORD-102413,SKU-00819,1,DC-11,STANDARD,2026-08-13T15:20:00,2026-08-14T15:20:00,ALLOCATED,ALLOCATED,EU,NEXT_DAY
ORD-102414,SKU-01178,1,DC-10,STANDARD,2026-08-13T15:25:00,2026-08-13T19:25:00,RELEASED,RELEASED,APAC,NEXT_DAY
ORD-102415,SKU-01140,1,DC-11,STANDARD,2026-08-13T15:28:00,2026-08-14T15:28:00,PICKING,EXCEPTION,LATAM,STANDARD
ORD-102416,SKU-00244,1,DC-02,STANDARD,2026-08-13T15:45:00,2026-08-14T03:45:00,PACKING,HOLD,APAC,SAME_DAY
ORD-102417,SKU-00611,1,DC-03,STANDARD,2026-08-13T15:50:00,2026-08-13T19:50:00,ALLOCATED,ALLOCATED,LATAM,NEXT_DAY
ORD-102418,SKU-01035,1,DC-10,STANDARD,2026-08-13T15:58:00,2026-08-13T19:58:00,PICKING,HOLD,LATAM,NEXT_DAY
ORD-102419,SKU-00703,1,DC-10,STANDARD,2026-08-13T16:01:00,2026-08-14T16:01:00,RELEASED,RELEASED,APAC,NEXT_DAY
ORD-102420,SKU-00721,1,DC-03,STANDARD,2026-08-13T16:04:00,2026-08-14T16:04:00,SHIPPED,SHIPPED,APAC,STANDARD
ORD-102421,SKU-00432,1,DC-07,CRITICAL,2026-08-13T16:25:00,2026-08-14T04:25:00,STAGED,EXCEPTION,MEA,STANDARD
ORD-102422,SKU-00059,1,DC-10,STANDARD,2026-08-13T16:27:00,2026-08-13T20:27:00,PACKING,PACKING,EU,SAME_DAY
ORD-102423,SKU-00486,1,DC-01,CRITICAL,2026-08-13T16:28:00,2026-08-14T16:28:00,EXCEPTION,HOLD,EU,SAME_DAY
ORD-102424,SKU-00157,1,DC-14,STANDARD,2026-08-13T16:29:00,2026-08-14T16:29:00,SHIPPED,EXCEPTION,APAC,NEXT_DAY
ORD-102425,SKU-00934,1,DC-05,EXPEDITE,2026-08-13T16:32:00,2026-08-13T20:32:00,PACKING,HOLD,APAC,SAME_DAY
ORD-102426,SKU-00396,1,DC-08,STANDARD,2026-08-13T16:36:00,2026-08-14T00:36:00,ALLOCATED,ALLOCATED,MEA,STANDARD
ORD-102427,SKU-00085,1,DC-16,STANDARD,2026-08-13T16:48:00,2026-08-14T00:48:00,EXCEPTION,EXCEPTION,EU,STANDARD
ORD-102428,SKU-00716,1,DC-02,EXPEDITE,2026-08-13T16:55:00,2026-08-14T16:55:00,PACKING,PACKING,MEA,STANDARD
ORD-102429,SKU-00880,1,DC-17,EXPEDITE,2026-08-13T16:55:00,2026-08-14T00:55:00,EXCEPTION,EXCEPTION,EU,STANDARD
ORD-102430,SKU-00249,1,DC-08,STANDARD,2026-08-13T17:19:00,2026-08-13T23:19:00,STAGED,STAGED,EU,SAME_DAY
ORD-102431,SKU-00095,1,DC-15,STANDARD,2026-08-13T17:29:00,2026-08-13T23:29:00,PICKING,PICKING,APAC,STANDARD
ORD-102432,SKU-00527,1,DC-18,STANDARD,2026-08-13T17:44:00,2026-08-14T05:44:00,SHIPPED,EXCEPTION,EU,NEXT_DAY
ORD-102433,SKU-00624,1,DC-02,EXPEDITE,2026-08-13T18:01:00,2026-08-14T06:01:00,PACKING,PACKING,MEA,SAME_DAY
ORD-102434,SKU-00595,1,DC-05,STANDARD,2026-08-13T18:11:00,2026-08-14T00:11:00,RELEASED,HOLD,EU,NEXT_DAY
ORD-102435,SKU-00992,1,DC-02,STANDARD,2026-08-13T18:13:00,2026-08-14T02:13:00,SHIPPED,EXCEPTION,APAC,SAME_DAY
ORD-102436,SKU-00297,1,DC-03,EXPEDITE,2026-08-13T18:22:00,2026-08-13T22:22:00,STAGED,STAGED,MEA,SAME_DAY
ORD-102437,SKU-00738,1,DC-03,EXPEDITE,2026-08-13T18:24:00,2026-08-14T18:24:00,STAGED,STAGED,LATAM,SAME_DAY
ORD-102438,SKU-00566,1,DC-17,STANDARD,2026-08-13T18:27:00,2026-08-14T02:27:00,SHIPPED,SHIPPED,APAC,NEXT_DAY
ORD-102439,SKU-00545,1,DC-06,STANDARD,2026-08-13T18:52:00,2026-08-14T02:52:00,PACKING,EXCEPTION,EU,NEXT_DAY
ORD-102440,SKU-00472,1,DC-07,CRITICAL,2026-08-13T19:04:00,2026-08-13T23:04:00,STAGED,STAGED,EU,SAME_DAY
ORD-102441,SKU-00532,1,DC-06,STANDARD,2026-08-13T19:13:00,2026-08-13T23:13:00,PICKING,PICKING,EU,SAME_DAY
ORD-102442,SKU-01078,1,DC-06,EXPEDITE,2026-08-13T19:16:00,2026-08-13T23:16:00,RELEASED,RELEASED,LATAM,STANDARD
ORD-102443,SKU-00323,1,DC-01,STANDARD,2026-08-13T19:16:00,2026-08-13T23:16:00,SHIPPED,SHIPPED,MEA,NEXT_DAY
ORD-102444,SKU-00706,1,DC-18,STANDARD,2026-08-13T19:17:00,2026-08-14T19:17:00,RELEASED,EXCEPTION,APAC,NEXT_DAY
ORD-102445,SKU-01017,1,DC-14,STANDARD,2026-08-13T19:30:00,2026-08-14T01:30:00,STAGED,STAGED,APAC,STANDARD
ORD-102446,SKU-01018,1,DC-17,STANDARD,2026-08-13T19:41:00,2026-08-14T03:41:00,ALLOCATED,EXCEPTION,MEA,SAME_DAY
ORD-102447,SKU-00244,1,DC-05,EXPEDITE,2026-08-13T19:45:00,2026-08-13T23:45:00,PICKING,PICKING,APAC,SAME_DAY
ORD-102448,SKU-01094,1,DC-13,STANDARD,2026-08-13T19:49:00,2026-08-14T19:49:00,PACKING,EXCEPTION,APAC,NEXT_DAY
ORD-102449,SKU-01107,1,DC-10,STANDARD,2026-08-13T20:12:00,2026-08-14T08:12:00,STAGED,EXCEPTION,APAC,STANDARD
ORD-102450,SKU-00247,1,DC-17,STANDARD,2026-08-13T20:14:00,2026-08-14T20:14:00,RELEASED,RELEASED,APAC,STANDARD
ORD-102451,SKU-00612,1,DC-05,STANDARD,2026-08-13T20:15:00,2026-08-14T00:15:00,ALLOCATED,ALLOCATED,APAC,STANDARD
ORD-102452,SKU-00884,1,DC-02,STANDARD,2026-08-13T20:36:00,2026-08-14T00:36:00,PACKING,EXCEPTION,LATAM,STANDARD
ORD-102453,SKU-01061,1,DC-06,STANDARD,2026-08-13T20:38:00,2026-08-14T04:38:00,RELEASED,HOLD,EU,NEXT_DAY
ORD-102454,SKU-00637,1,DC-17,STANDARD,2026-08-13T20:39:00,2026-08-14T04:39:00,ALLOCATED,ALLOCATED,LATAM,STANDARD
ORD-102455,SKU-01007,1,DC-06,EXPEDITE,2026-08-13T20:40:00,2026-08-14T00:40:00,EXCEPTION,EXCEPTION,APAC,SAME_DAY
ORD-102456,SKU-00025,1,DC-07,EXPEDITE,2026-08-13T20:49:00,2026-08-14T04:49:00,ALLOCATED,ALLOCATED,LATAM,NEXT_DAY
ORD-102457,SKU-00197,1,DC-14,STANDARD,2026-08-13T20:51:00,2026-08-14T04:51:00,PACKING,PACKING,APAC,STANDARD
ORD-102458,SKU-00932,1,DC-15,STANDARD,2026-08-13T20:59:00,2026-08-14T20:59:00,RELEASED,EXCEPTION,EU,STANDARD
ORD-102459,SKU-00352,1,DC-11,STANDARD,2026-08-13T21:28:00,2026-08-14T21:28:00,RELEASED,RELEASED,LATAM,NEXT_DAY
ORD-102460,SKU-00263,1,DC-03,STANDARD,2026-08-13T21:29:00,2026-08-14T03:29:00,RELEASED,RELEASED,EU,NEXT_DAY
ORD-102461,SKU-00515,1,DC-02,STANDARD,2026-08-13T21:43:00,2026-08-14T01:43:00,RELEASED,RELEASED,LATAM,STANDARD
ORD-102462,SKU-00301,1,DC-08,STANDARD,2026-08-13T21:43:00,2026-08-14T05:43:00,EXCEPTION,EXCEPTION,LATAM,STANDARD
ORD-102463,SKU-01139,1,DC-15,STANDARD,2026-08-13T21:46:00,2026-08-14T03:46:00,RELEASED,RELEASED,EU,NEXT_DAY
ORD-102464,SKU-01078,1,DC-06,STANDARD,2026-08-13T21:56:00,2026-08-14T01:56:00,PACKING,PACKING,APAC,STANDARD
ORD-102465,SKU-01030,1,DC-15,STANDARD,2026-08-13T21:56:00,2026-08-14T01:56:00,ALLOCATED,ALLOCATED,LATAM,NEXT_DAY
ORD-102466,SKU-00747,1,DC-13,STANDARD,2026-08-13T22:05:00,2026-08-14T06:05:00,PACKING,PACKING,EU,STANDARD
ORD-102467,SKU-00423,1,DC-03,STANDARD,2026-08-13T22:07:00,2026-08-14T04:07:00,EXCEPTION,EXCEPTION,APAC,SAME_DAY
ORD-102468,SKU-00547,1,DC-10,STANDARD,2026-08-13T22:21:00,2026-08-14T04:21:00,RELEASED,HOLD,LATAM,NEXT_DAY
ORD-102469,SKU-00747,1,DC-11,CRITICAL,2026-08-13T22:25:00,2026-08-14T22:25:00,SHIPPED,SHIPPED,EU,STANDARD
ORD-102470,SKU-00236,1,DC-06,EXPEDITE,2026-08-13T22:28:00,2026-08-14T02:28:00,PICKING,HOLD,MEA,STANDARD
ORD-102471,SKU-00214,1,DC-13,EXPEDITE,2026-08-13T22:38:00,2026-08-14T04:38:00,SHIPPED,SHIPPED,MEA,SAME_DAY
ORD-102472,SKU-01199,1,DC-02,CRITICAL,2026-08-13T23:22:00,2026-08-14T07:22:00,RELEASED,RELEASED,EU,SAME_DAY
ORD-102473,SKU-00533,1,DC-12,STANDARD,2026-08-13T23:23:00,2026-08-14T11:23:00,PACKING,HOLD,APAC,STANDARD
ORD-102474,SKU-00311,1,DC-04,EXPEDITE,2026-08-13T23:27:00,2026-08-14T03:27:00,PICKING,HOLD,APAC,SAME_DAY
ORD-102475,SKU-00860,1,DC-06,STANDARD,2026-08-13T23:33:00,2026-08-14T23:33:00,EXCEPTION,EXCEPTION,EU,SAME_DAY
ORD-102476,SKU-00137,1,DC-08,STANDARD,2026-08-13T23:41:00,2026-08-14T05:41:00,PICKING,PICKING,EU,STANDARD
ORD-102477,SKU-00573,1,DC-07,EXPEDITE,2026-08-13T23:42:00,2026-08-14T23:42:00,STAGED,STAGED,LATAM,SAME_DAY
ORD-102478,SKU-00428,1,DC-01,STANDARD,2026-08-13T23:45:00,2026-08-14T11:45:00,PICKING,PICKING,EU,NEXT_DAY
ORD-102479,SKU-00915,1,DC-07,CRITICAL,2026-08-13T23:51:00,2026-08-14T05:51:00,PICKING,PICKING,MEA,STANDARD
ORD-102480,SKU-00399,1,DC-01,STANDARD,2026-08-13T23:57:00,2026-08-14T05:57:00,SHIPPED,SHIPPED,MEA,SAME_DAY
ORD-102481,SKU-00530,1,DC-05,EXPEDITE,2026-08-14T00:00:00,2026-08-14T12:00:00,SHIPPED,EXCEPTION,EU,STANDARD
ORD-102482,SKU-00741,1,DC-08,STANDARD,2026-08-14T00:02:00,2026-08-15T00:02:00,STAGED,STAGED,APAC,STANDARD
ORD-102483,SKU-00367,1,DC-12,STANDARD,2026-08-14T00:05:00,2026-08-14T04:05:00,STAGED,STAGED,MEA,STANDARD
ORD-102484,SKU-00189,1,DC-07,STANDARD,2026-08-14T00:16:00,2026-08-14T12:16:00,RELEASED,RELEASED,APAC,SAME_DAY
ORD-102485,SKU-00231,1,DC-14,EXPEDITE,2026-08-14T00:29:00,2026-08-14T08:29:00,SHIPPED,HOLD,APAC,STANDARD
ORD-102486,SKU-00778,1,DC-02,STANDARD,2026-08-14T00:32:00,2026-08-14T08:32:00,STAGED,STAGED,LATAM,SAME_DAY
ORD-102487,SKU-00771,1,DC-11,STANDARD,2026-08-14T00:36:00,2026-08-14T12:36:00,SHIPPED,SHIPPED,EU,NEXT_DAY
ORD-102488,SKU-00943,1,DC-08,STANDARD,2026-08-14T00:43:00,2026-08-14T04:43:00,ALLOCATED,ALLOCATED,EU,STANDARD
ORD-102489,SKU-00126,1,DC-15,STANDARD,2026-08-14T00:47:00,2026-08-14T04:47:00,EXCEPTION,HOLD,EU,NEXT_DAY
ORD-102490,SKU-00719,1,DC-03,STANDARD,2026-08-14T01:04:00,2026-08-14T07:04:00,PACKING,PACKING,APAC,STANDARD
ORD-102491,SKU-00743,1,DC-05,STANDARD,2026-08-14T01:06:00,2026-08-14T09:06:00,SHIPPED,SHIPPED,LATAM,STANDARD
ORD-102492,SKU-00086,1,DC-13,EXPEDITE,2026-08-14T01:20:00,2026-08-14T07:20:00,PICKING,PICKING,EU,STANDARD
ORD-102493,SKU-01051,1,DC-01,STANDARD,2026-08-14T01:23:00,2026-08-15T01:23:00,ALLOCATED,ALLOCATED,MEA,SAME_DAY
ORD-102494,SKU-00539,1,DC-03,STANDARD,2026-08-14T01:24:00,2026-08-14T13:24:00,STAGED,STAGED,LATAM,STANDARD
ORD-102495,SKU-01159,1,DC-11,STANDARD,2026-08-14T01:26:00,2026-08-14T07:26:00,STAGED,STAGED,EU,NEXT_DAY
ORD-102496,SKU-00578,1,DC-11,STANDARD,2026-08-14T01:34:00,2026-08-14T07:34:00,PICKING,PICKING,EU,STANDARD
ORD-102497,SKU-00528,1,DC-06,STANDARD,2026-08-14T01:37:00,2026-08-14T09:37:00,STAGED,EXCEPTION,APAC,SAME_DAY
ORD-102498,SKU-00603,1,DC-08,EXPEDITE,2026-08-14T02:06:00,2026-08-14T14:06:00,RELEASED,RELEASED,LATAM,NEXT_DAY
ORD-102499,SKU-01100,1,DC-02,STANDARD,2026-08-14T02:31:00,2026-08-14T06:31:00,RELEASED,RELEASED,LATAM,STANDARD
ORD-102500,SKU-00226,1,DC-03,STANDARD,2026-08-14T02:49:00,2026-08-15T02:49:00,PICKING,EXCEPTION,MEA,SAME_DAY
ORD-102501,SKU-00490,1,DC-18,STANDARD,2026-08-14T03:02:00,2026-08-14T15:02:00,RELEASED,HOLD,APAC,STANDARD
ORD-102502,SKU-01019,1,DC-01,STANDARD,2026-08-14T03:03:00,2026-08-14T11:03:00,SHIPPED,SHIPPED,APAC,STANDARD
ORD-102503,SKU-01123,1,DC-06,STANDARD,2026-08-14T03:09:00,2026-08-14T07:09:00,EXCEPTION,EXCEPTION,EU,NEXT_DAY
ORD-102504,SKU-00256,1,DC-02,STANDARD,2026-08-14T03:26:00,2026-08-14T07:26:00,EXCEPTION,EXCEPTION,APAC,STANDARD
ORD-102505,SKU-00569,1,DC-13,EXPEDITE,2026-08-14T03:59:00,2026-08-14T11:59:00,PICKING,PICKING,APAC,NEXT_DAY
ORD-102506,SKU-00611,1,DC-16,STANDARD,2026-08-14T04:18:00,2026-08-15T04:18:00,EXCEPTION,EXCEPTION,EU,STANDARD
ORD-102507,SKU-00970,1,DC-08,STANDARD,2026-08-14T04:28:00,2026-08-15T04:28:00,PICKING,PICKING,APAC,SAME_DAY
ORD-102508,SKU-00458,1,DC-14,STANDARD,2026-08-14T04:31:00,2026-08-14T16:31:00,EXCEPTION,EXCEPTION,EU,STANDARD
ORD-102509,SKU-01129,1,DC-18,STANDARD,2026-08-14T04:47:00,2026-08-14T16:47:00,RELEASED,EXCEPTION,EU,SAME_DAY
ORD-102510,SKU-00367,1,DC-08,CRITICAL,2026-08-14T04:49:00,2026-08-14T08:49:00,PACKING,PACKING,LATAM,SAME_DAY
ORD-102511,SKU-00995,1,DC-16,STANDARD,2026-08-14T04:50:00,2026-08-14T08:50:00,PICKING,PICKING,EU,STANDARD
ORD-102512,SKU-00094,1,DC-08,CRITICAL,2026-08-14T04:52:00,2026-08-14T12:52:00,PACKING,PACKING,LATAM,SAME_DAY
ORD-102513,SKU-01083,1,DC-14,STANDARD,2026-08-14T05:15:00,2026-08-14T13:15:00,STAGED,EXCEPTION,EU,STANDARD
ORD-102514,SKU-00503,1,DC-11,STANDARD,2026-08-14T05:15:00,2026-08-14T13:15:00,PICKING,PICKING,APAC,NEXT_DAY
ORD-102515,SKU-00132,1,DC-15,STANDARD,2026-08-14T05:22:00,2026-08-14T09:22:00,EXCEPTION,EXCEPTION,APAC,SAME_DAY
ORD-102516,SKU-01006,1,DC-12,STANDARD,2026-08-14T05:49:00,2026-08-14T17:49:00,STAGED,EXCEPTION,MEA,NEXT_DAY
ORD-102517,SKU-00893,1,DC-10,STANDARD,2026-08-14T05:57:00,2026-08-14T17:57:00,EXCEPTION,EXCEPTION,LATAM,NEXT_DAY
ORD-102518,SKU-00415,1,DC-11,STANDARD,2026-08-14T05:57:00,2026-08-14T09:57:00,PACKING,EXCEPTION,LATAM,STANDARD
ORD-102519,SKU-01049,1,DC-09,STANDARD,2026-08-14T06:17:00,2026-08-14T12:17:00,RELEASED,RELEASED,EU,STANDARD
ORD-102520,SKU-00170,1,DC-04,STANDARD,2026-08-14T06:18:00,2026-08-14T10:18:00,ALLOCATED,ALLOCATED,MEA,STANDARD
ORD-102521,SKU-00204,1,DC-04,STANDARD,2026-08-14T06:18:00,2026-08-14T18:18:00,SHIPPED,SHIPPED,APAC,STANDARD
ORD-102522,SKU-01002,1,DC-07,STANDARD,2026-08-14T06:39:00,2026-08-14T12:39:00,RELEASED,RELEASED,EU,STANDARD
ORD-102523,SKU-00119,1,DC-05,EXPEDITE,2026-08-14T06:41:00,2026-08-14T12:41:00,PICKING,HOLD,LATAM,SAME_DAY
ORD-102524,SKU-00023,1,DC-03,STANDARD,2026-08-14T06:48:00,2026-08-15T06:48:00,RELEASED,RELEASED,EU,SAME_DAY
ORD-102525,SKU-00379,1,DC-18,EXPEDITE,2026-08-14T07:00:00,2026-08-14T11:00:00,RELEASED,HOLD,MEA,STANDARD
ORD-102526,SKU-00193,1,DC-05,STANDARD,2026-08-14T07:01:00,2026-08-14T15:01:00,SHIPPED,SHIPPED,LATAM,STANDARD
ORD-102527,SKU-00828,1,DC-13,STANDARD,2026-08-14T07:08:00,2026-08-15T07:08:00,RELEASED,RELEASED,EU,STANDARD
ORD-102528,SKU-00745,1,DC-02,STANDARD,2026-08-14T07:12:00,2026-08-14T11:12:00,ALLOCATED,HOLD,APAC,STANDARD
ORD-102529,SKU-00873,1,DC-10,STANDARD,2026-08-14T07:20:00,2026-08-14T15:20:00,ALLOCATED,EXCEPTION,LATAM,SAME_DAY
ORD-102530,SKU-00179,1,DC-02,STANDARD,2026-08-14T07:27:00,2026-08-14T15:27:00,PICKING,HOLD,APAC,NEXT_DAY
ORD-102531,SKU-00415,1,DC-09,STANDARD,2026-08-14T07:28:00,2026-08-14T13:28:00,SHIPPED,EXCEPTION,EU,STANDARD
ORD-102532,SKU-00778,1,DC-18,STANDARD,2026-08-14T07:39:00,2026-08-14T11:39:00,PACKING,PACKING,LATAM,NEXT_DAY
ORD-102533,SKU-00612,1,DC-05,STANDARD,2026-08-14T07:40:00,2026-08-14T11:40:00,SHIPPED,HOLD,MEA,SAME_DAY
ORD-102534,SKU-00314,1,DC-10,EXPEDITE,2026-08-14T08:07:00,2026-08-14T14:07:00,EXCEPTION,HOLD,EU,SAME_DAY
ORD-102535,SKU-00183,1,DC-04,STANDARD,2026-08-14T08:21:00,2026-08-14T20:21:00,PICKING,PICKING,EU,STANDARD
ORD-102536,SKU-00456,1,DC-18,STANDARD,2026-08-14T08:30:00,2026-08-14T14:30:00,STAGED,HOLD,EU,STANDARD
ORD-102537,SKU-00227,1,DC-04,STANDARD,2026-08-14T08:37:00,2026-08-14T16:37:00,PICKING,EXCEPTION,MEA,NEXT_DAY
ORD-102538,SKU-01171,1,DC-07,EXPEDITE,2026-08-14T09:17:00,2026-08-14T21:17:00,SHIPPED,HOLD,MEA,NEXT_DAY
ORD-102539,SKU-01093,1,DC-01,STANDARD,2026-08-14T09:27:00,2026-08-14T15:27:00,ALLOCATED,ALLOCATED,APAC,NEXT_DAY
ORD-102540,SKU-00642,1,DC-01,STANDARD,2026-08-14T09:41:00,2026-08-14T21:41:00,PACKING,EXCEPTION,LATAM,STANDARD
ORD-102541,SKU-00924,1,DC-09,CRITICAL,2026-08-14T09:45:00,2026-08-15T09:45:00,EXCEPTION,EXCEPTION,APAC,STANDARD
ORD-102542,SKU-00890,1,DC-01,EXPEDITE,2026-08-14T09:50:00,2026-08-14T17:50:00,RELEASED,RELEASED,APAC,SAME_DAY
ORD-102543,SKU-00004,1,DC-18,STANDARD,2026-08-14T09:50:00,2026-08-14T17:50:00,EXCEPTION,EXCEPTION,EU,NEXT_DAY
ORD-102544,SKU-00548,1,DC-15,STANDARD,2026-08-14T10:01:00,2026-08-14T18:01:00,ALLOCATED,ALLOCATED,LATAM,STANDARD
ORD-102545,SKU-00191,1,DC-16,EXPEDITE,2026-08-14T10:22:00,2026-08-14T22:22:00,SHIPPED,SHIPPED,MEA,NEXT_DAY
ORD-102546,SKU-00747,1,DC-11,EXPEDITE,2026-08-14T10:33:00,2026-08-14T14:33:00,ALLOCATED,ALLOCATED,APAC,SAME_DAY
ORD-102547,SKU-01108,1,DC-16,STANDARD,2026-08-14T10:37:00,2026-08-14T22:37:00,PICKING,PICKING,APAC,NEXT_DAY
ORD-102548,SKU-00076,1,DC-03,STANDARD,2026-08-14T10:42:00,2026-08-14T22:42:00,ALLOCATED,ALLOCATED,APAC,SAME_DAY
ORD-102549,SKU-00752,1,DC-03,STANDARD,2026-08-14T10:47:00,2026-08-14T16:47:00,EXCEPTION,EXCEPTION,LATAM,SAME_DAY
ORD-102550,SKU-00584,1,DC-16,STANDARD,2026-08-14T10:53:00,2026-08-14T16:53:00,PACKING,PACKING,LATAM,STANDARD
ORD-102551,SKU-01100,1,DC-17,STANDARD,2026-08-14T10:57:00,2026-08-14T16:57:00,RELEASED,HOLD,APAC,NEXT_DAY
ORD-102552,SKU-00168,1,DC-16,STANDARD,2026-08-14T11:09:00,2026-08-14T15:09:00,PACKING,PACKING,EU,NEXT_DAY
ORD-102553,SKU-00294,1,DC-18,CRITICAL,2026-08-14T11:17:00,2026-08-14T19:17:00,ALLOCATED,EXCEPTION,EU,NEXT_DAY
ORD-102554,SKU-00236,1,DC-12,EXPEDITE,2026-08-14T11:19:00,2026-08-14T15:19:00,PACKING,PACKING,APAC,STANDARD
ORD-102555,SKU-00986,1,DC-16,STANDARD,2026-08-14T11:21:00,2026-08-14T23:21:00,SHIPPED,EXCEPTION,EU,SAME_DAY
ORD-102556,SKU-00265,1,DC-02,STANDARD,2026-08-14T11:33:00,2026-08-14T17:33:00,SHIPPED,SHIPPED,MEA,NEXT_DAY
ORD-102557,SKU-01083,1,DC-11,STANDARD,2026-08-14T11:45:00,2026-08-14T23:45:00,PICKING,HOLD,APAC,SAME_DAY
ORD-102558,SKU-00076,1,DC-05,STANDARD,2026-08-14T11:55:00,2026-08-15T11:55:00,ALLOCATED,EXCEPTION,LATAM,STANDARD
ORD-102559,SKU-00853,1,DC-16,STANDARD,2026-08-14T11:57:00,2026-08-14T19:57:00,PACKING,PACKING,EU,NEXT_DAY
ORD-102560,SKU-00487,1,DC-11,STANDARD,2026-08-14T11:59:00,2026-08-14T19:59:00,EXCEPTION,EXCEPTION,APAC,STANDARD
ORD-102561,SKU-00549,1,DC-01,STANDARD,2026-08-14T12:02:00,2026-08-15T00:02:00,EXCEPTION,EXCEPTION,MEA,STANDARD
ORD-102562,SKU-00351,1,DC-04,STANDARD,2026-08-14T12:14:00,2026-08-14T16:14:00,ALLOCATED,ALLOCATED,LATAM,SAME_DAY
ORD-102563,SKU-00434,1,DC-10,EXPEDITE,2026-08-14T12:39:00,2026-08-14T18:39:00,EXCEPTION,EXCEPTION,MEA,STANDARD
ORD-102564,SKU-00511,1,DC-16,STANDARD,2026-08-14T12:54:00,2026-08-15T12:54:00,PICKING,HOLD,LATAM,STANDARD
ORD-102565,SKU-00957,1,DC-03,STANDARD,2026-08-14T13:01:00,2026-08-14T17:01:00,SHIPPED,HOLD,MEA,SAME_DAY
ORD-102566,SKU-00439,1,DC-05,EXPEDITE,2026-08-14T13:03:00,2026-08-15T13:03:00,RELEASED,RELEASED,EU,SAME_DAY
ORD-102567,SKU-00750,1,DC-13,STANDARD,2026-08-14T13:16:00,2026-08-14T19:16:00,PACKING,PACKING,LATAM,NEXT_DAY
ORD-102568,SKU-00665,1,DC-05,STANDARD,2026-08-14T13:22:00,2026-08-15T13:22:00,PACKING,HOLD,APAC,NEXT_DAY
ORD-102569,SKU-01088,1,DC-18,STANDARD,2026-08-14T13:26:00,2026-08-14T19:26:00,STAGED,STAGED,LATAM,NEXT_DAY
ORD-102570,SKU-00593,1,DC-12,CRITICAL,2026-08-14T13:42:00,2026-08-14T19:42:00,SHIPPED,SHIPPED,EU,SAME_DAY
ORD-102571,SKU-00367,1,DC-03,STANDARD,2026-08-14T13:45:00,2026-08-15T13:45:00,ALLOCATED,ALLOCATED,APAC,STANDARD
ORD-102572,SKU-00593,1,DC-12,STANDARD,2026-08-14T13:45:00,2026-08-14T21:45:00,STAGED,HOLD,LATAM,SAME_DAY
ORD-102573,SKU-00595,1,DC-17,STANDARD,2026-08-14T14:05:00,2026-08-15T14:05:00,PICKING,PICKING,EU,NEXT_DAY
ORD-102574,SKU-00904,1,DC-11,STANDARD,2026-08-14T14:08:00,2026-08-15T02:08:00,RELEASED,HOLD,EU,SAME_DAY
ORD-102575,SKU-00834,1,DC-13,STANDARD,2026-08-14T14:20:00,2026-08-15T14:20:00,EXCEPTION,HOLD,EU,STANDARD
ORD-102576,SKU-00992,1,DC-09,STANDARD,2026-08-14T14:27:00,2026-08-15T02:27:00,EXCEPTION,EXCEPTION,LATAM,SAME_DAY
ORD-102577,SKU-00200,1,DC-02,CRITICAL,2026-08-14T14:49:00,2026-08-14T18:49:00,PICKING,PICKING,MEA,SAME_DAY
ORD-102578,SKU-00580,1,DC-15,CRITICAL,2026-08-14T14:56:00,2026-08-14T22:56:00,PACKING,EXCEPTION,EU,STANDARD
ORD-102579,SKU-00269,1,DC-17,STANDARD,2026-08-14T14:57:00,2026-08-15T02:57:00,SHIPPED,SHIPPED,EU,NEXT_DAY
ORD-102580,SKU-00472,1,DC-09,STANDARD,2026-08-14T14:57:00,2026-08-14T18:57:00,ALLOCATED,HOLD,EU,SAME_DAY
ORD-102581,SKU-00841,1,DC-07,STANDARD,2026-08-14T14:59:00,2026-08-14T18:59:00,PACKING,HOLD,APAC,NEXT_DAY
ORD-102582,SKU-00821,1,DC-08,EXPEDITE,2026-08-14T15:09:00,2026-08-14T23:09:00,SHIPPED,EXCEPTION,APAC,STANDARD
ORD-102583,SKU-00682,1,DC-11,STANDARD,2026-08-14T15:13:00,2026-08-15T03:13:00,EXCEPTION,EXCEPTION,EU,SAME_DAY
ORD-102584,SKU-00085,1,DC-14,STANDARD,2026-08-14T15:18:00,2026-08-15T03:18:00,ALLOCATED,HOLD,LATAM,NEXT_DAY
ORD-102585,SKU-00029,1,DC-15,EXPEDITE,2026-08-14T15:32:00,2026-08-14T23:32:00,SHIPPED,SHIPPED,APAC,STANDARD
ORD-102586,SKU-00624,1,DC-15,EXPEDITE,2026-08-14T15:45:00,2026-08-15T03:45:00,EXCEPTION,EXCEPTION,EU,SAME_DAY
ORD-102587,SKU-00424,1,DC-16,STANDARD,2026-08-14T15:53:00,2026-08-14T19:53:00,RELEASED,RELEASED,LATAM,SAME_DAY
ORD-102588,SKU-00616,1,DC-09,CRITICAL,2026-08-14T15:56:00,2026-08-14T21:56:00,STAGED,EXCEPTION,MEA,SAME_DAY
ORD-102589,SKU-00573,1,DC-05,CRITICAL,2026-08-14T15:59:00,2026-08-15T03:59:00,PICKING,PICKING,MEA,SAME_DAY
ORD-102590,SKU-01172,1,DC-04,STANDARD,2026-08-14T16:02:00,2026-08-15T16:02:00,STAGED,EXCEPTION,EU,SAME_DAY
ORD-102591,SKU-00705,1,DC-18,STANDARD,2026-08-14T16:08:00,2026-08-15T00:08:00,EXCEPTION,EXCEPTION,EU,NEXT_DAY
ORD-102592,SKU-00897,1,DC-18,CRITICAL,2026-08-14T16:25:00,2026-08-15T04:25:00,EXCEPTION,HOLD,APAC,SAME_DAY
ORD-102593,SKU-00494,1,DC-06,STANDARD,2026-08-14T16:26:00,2026-08-14T20:26:00,PICKING,PICKING,EU,STANDARD
ORD-102594,SKU-00916,1,DC-11,STANDARD,2026-08-14T16:27:00,2026-08-14T20:27:00,PICKING,PICKING,MEA,NEXT_DAY
ORD-102595,SKU-00712,1,DC-07,STANDARD,2026-08-14T16:30:00,2026-08-14T20:30:00,EXCEPTION,EXCEPTION,EU,STANDARD
ORD-102596,SKU-01188,1,DC-01,EXPEDITE,2026-08-14T16:48:00,2026-08-14T20:48:00,RELEASED,HOLD,LATAM,SAME_DAY
ORD-102597,SKU-00309,1,DC-05,EXPEDITE,2026-08-14T17:06:00,2026-08-15T01:06:00,ALLOCATED,HOLD,APAC,STANDARD
ORD-102598,SKU-00112,1,DC-11,STANDARD,2026-08-14T17:07:00,2026-08-15T05:07:00,STAGED,HOLD,LATAM,NEXT_DAY
ORD-102599,SKU-00046,1,DC-05,CRITICAL,2026-08-14T17:23:00,2026-08-14T21:23:00,PICKING,EXCEPTION,LATAM,NEXT_DAY
ORD-102600,SKU-00636,1,DC-07,EXPEDITE,2026-08-14T17:31:00,2026-08-15T01:31:00,PICKING,PICKING,MEA,SAME_DAY
ORD-102601,SKU-00248,1,DC-15,EXPEDITE,2026-08-14T17:34:00,2026-08-15T01:34:00,PACKING,HOLD,MEA,STANDARD
ORD-102602,SKU-00900,1,DC-10,STANDARD,2026-08-14T17:38:00,2026-08-15T17:38:00,SHIPPED,SHIPPED,EU,NEXT_DAY
ORD-102603,SKU-00559,1,DC-01,STANDARD,2026-08-14T17:42:00,2026-08-14T21:42:00,SHIPPED,SHIPPED,MEA,STANDARD
ORD-102604,SKU-00167,1,DC-17,STANDARD,2026-08-14T17:44:00,2026-08-15T05:44:00,PICKING,PICKING,LATAM,NEXT_DAY
ORD-102605,SKU-00296,1,DC-10,STANDARD,2026-08-14T17:50:00,2026-08-15T17:50:00,STAGED,STAGED,EU,NEXT_DAY
ORD-102606,SKU-00746,1,DC-11,STANDARD,2026-08-14T18:00:00,2026-08-14T22:00:00,ALLOCATED,ALLOCATED,MEA,SAME_DAY
ORD-102607,SKU-00455,1,DC-10,EXPEDITE,2026-08-14T18:07:00,2026-08-15T18:07:00,EXCEPTION,EXCEPTION,EU,NEXT_DAY
ORD-102608,SKU-00496,1,DC-05,STANDARD,2026-08-14T18:22:00,2026-08-15T18:22:00,PACKING,HOLD,EU,STANDARD
ORD-102609,SKU-00639,1,DC-04,EXPEDITE,2026-08-14T18:28:00,2026-08-15T06:28:00,SHIPPED,EXCEPTION,APAC,NEXT_DAY
ORD-102610,SKU-00077,1,DC-16,STANDARD,2026-08-14T18:34:00,2026-08-14T22:34:00,RELEASED,RELEASED,LATAM,STANDARD
ORD-102611,SKU-01070,1,DC-18,STANDARD,2026-08-14T18:40:00,2026-08-14T22:40:00,PICKING,HOLD,APAC,STANDARD
ORD-102612,SKU-00046,1,DC-10,STANDARD,2026-08-14T18:41:00,2026-08-15T18:41:00,STAGED,HOLD,EU,NEXT_DAY
ORD-102613,SKU-01044,1,DC-05,STANDARD,2026-08-14T18:42:00,2026-08-14T22:42:00,SHIPPED,HOLD,MEA,SAME_DAY
ORD-102614,SKU-00185,1,DC-04,STANDARD,2026-08-14T18:55:00,2026-08-15T02:55:00,RELEASED,EXCEPTION,LATAM,NEXT_DAY
ORD-102615,SKU-00374,1,DC-17,EXPEDITE,2026-08-14T18:56:00,2026-08-15T00:56:00,EXCEPTION,EXCEPTION,EU,NEXT_DAY
ORD-102616,SKU-00786,1,DC-16,STANDARD,2026-08-14T19:02:00,2026-08-15T01:02:00,SHIPPED,SHIPPED,APAC,SAME_DAY
ORD-102617,SKU-00375,1,DC-03,STANDARD,2026-08-14T19:03:00,2026-08-15T19:03:00,STAGED,STAGED,LATAM,STANDARD
ORD-102618,SKU-00943,1,DC-05,STANDARD,2026-08-14T19:35:00,2026-08-15T19:35:00,STAGED,STAGED,EU,NEXT_DAY
ORD-102619,SKU-01189,1,DC-18,STANDARD,2026-08-14T19:43:00,2026-08-15T07:43:00,ALLOCATED,ALLOCATED,EU,STANDARD
ORD-102620,SKU-00797,1,DC-17,STANDARD,2026-08-14T19:57:00,2026-08-15T07:57:00,RELEASED,EXCEPTION,MEA,STANDARD
ORD-102621,SKU-00591,1,DC-01,STANDARD,2026-08-14T19:58:00,2026-08-15T19:58:00,ALLOCATED,ALLOCATED,LATAM,SAME_DAY
ORD-102622,SKU-00655,1,DC-08,STANDARD,2026-08-14T20:03:00,2026-08-15T02:03:00,RELEASED,RELEASED,APAC,NEXT_DAY
ORD-102623,SKU-01011,1,DC-14,EXPEDITE,2026-08-14T20:08:00,2026-08-15T04:08:00,EXCEPTION,EXCEPTION,MEA,NEXT_DAY
ORD-102624,SKU-00497,1,DC-12,STANDARD,2026-08-14T20:24:00,2026-08-15T08:24:00,PACKING,PACKING,LATAM,STANDARD
ORD-102625,SKU-00630,1,DC-03,EXPEDITE,2026-08-14T20:40:00,2026-08-15T20:40:00,STAGED,STAGED,EU,NEXT_DAY
ORD-102626,SKU-00028,1,DC-02,STANDARD,2026-08-14T20:54:00,2026-08-15T00:54:00,EXCEPTION,EXCEPTION,EU,NEXT_DAY
ORD-102627,SKU-01125,1,DC-16,CRITICAL,2026-08-14T20:59:00,2026-08-15T02:59:00,STAGED,EXCEPTION,MEA,STANDARD
ORD-102628,SKU-00632,1,DC-09,STANDARD,2026-08-14T21:07:00,2026-08-15T05:07:00,PACKING,PACKING,APAC,STANDARD
ORD-102629,SKU-00322,1,DC-11,STANDARD,2026-08-14T21:07:00,2026-08-15T01:07:00,PICKING,PICKING,LATAM,STANDARD
ORD-102630,SKU-00404,1,DC-03,STANDARD,2026-08-14T21:19:00,2026-08-15T21:19:00,PICKING,EXCEPTION,MEA,SAME_DAY
ORD-102631,SKU-01009,1,DC-15,CRITICAL,2026-08-14T21:24:00,2026-08-15T01:24:00,PACKING,PACKING,LATAM,STANDARD
ORD-102632,SKU-00566,1,DC-04,STANDARD,2026-08-14T21:26:00,2026-08-15T09:26:00,SHIPPED,SHIPPED,LATAM,SAME_DAY
ORD-102633,SKU-01197,1,DC-10,STANDARD,2026-08-14T21:31:00,2026-08-15T05:31:00,STAGED,STAGED,APAC,NEXT_DAY
ORD-102634,SKU-00420,1,DC-07,STANDARD,2026-08-14T21:32:00,2026-08-15T21:32:00,RELEASED,RELEASED,EU,SAME_DAY
ORD-102635,SKU-00567,1,DC-04,STANDARD,2026-08-14T21:35:00,2026-08-15T03:35:00,SHIPPED,SHIPPED,MEA,NEXT_DAY
ORD-102636,SKU-00753,1,DC-09,STANDARD,2026-08-14T21:37:00,2026-08-15T03:37:00,STAGED,EXCEPTION,APAC,SAME_DAY
ORD-102637,SKU-00763,1,DC-02,STANDARD,2026-08-14T21:39:00,2026-08-15T21:39:00,PACKING,HOLD,MEA,STANDARD
ORD-102638,SKU-00126,1,DC-01,STANDARD,2026-08-14T21:44:00,2026-08-15T21:44:00,RELEASED,EXCEPTION,APAC,SAME_DAY
ORD-102639,SKU-00496,1,DC-12,STANDARD,2026-08-14T22:00:00,2026-08-15T02:00:00,EXCEPTION,EXCEPTION,MEA,NEXT_DAY
ORD-102640,SKU-01118,1,DC-04,STANDARD,2026-08-14T22:15:00,2026-08-15T02:15:00,EXCEPTION,HOLD,LATAM,STANDARD
ORD-102641,SKU-01181,1,DC-05,STANDARD,2026-08-14T22:20:00,2026-08-15T04:20:00,ALLOCATED,ALLOCATED,LATAM,STANDARD
ORD-102642,SKU-00195,1,DC-16,STANDARD,2026-08-14T22:45:00,2026-08-15T06:45:00,RELEASED,RELEASED,LATAM,NEXT_DAY
ORD-102643,SKU-00442,1,DC-01,CRITICAL,2026-08-14T22:48:00,2026-08-15T06:48:00,EXCEPTION,EXCEPTION,MEA,STANDARD
ORD-102644,SKU-00686,1,DC-09,STANDARD,2026-08-14T22:48:00,2026-08-15T10:48:00,RELEASED,RELEASED,LATAM,NEXT_DAY
ORD-102645,SKU-00234,1,DC-10,EXPEDITE,2026-08-14T23:02:00,2026-08-15T07:02:00,EXCEPTION,EXCEPTION,EU,SAME_DAY
ORD-102646,SKU-00761,1,DC-03,STANDARD,2026-08-14T23:15:00,2026-08-15T23:15:00,ALLOCATED,ALLOCATED,EU,NEXT_DAY
ORD-102647,SKU-00123,1,DC-02,CRITICAL,2026-08-14T23:15:00,2026-08-15T07:15:00,PICKING,PICKING,LATAM,SAME_DAY
ORD-102648,SKU-01045,1,DC-11,STANDARD,2026-08-14T23:16:00,2026-08-15T11:16:00,RELEASED,RELEASED,MEA,STANDARD
ORD-102649,SKU-00296,1,DC-14,STANDARD,2026-08-14T23:17:00,2026-08-15T11:17:00,STAGED,EXCEPTION,APAC,SAME_DAY
ORD-102650,SKU-00739,1,DC-14,STANDARD,2026-08-14T23:20:00,2026-08-15T11:20:00,PACKING,EXCEPTION,EU,STANDARD
ORD-102651,SKU-00309,1,DC-13,EXPEDITE,2026-08-14T23:20:00,2026-08-15T05:20:00,SHIPPED,SHIPPED,LATAM,NEXT_DAY
ORD-102652,SKU-00140,1,DC-03,STANDARD,2026-08-14T23:24:00,2026-08-15T23:24:00,ALLOCATED,ALLOCATED,APAC,SAME_DAY
ORD-102653,SKU-00891,1,DC-03,STANDARD,2026-08-14T23:27:00,2026-08-15T11:27:00,RELEASED,RELEASED,MEA,NEXT_DAY
ORD-102654,SKU-00068,1,DC-10,STANDARD,2026-08-14T23:27:00,2026-08-15T03:27:00,ALLOCATED,HOLD,MEA,SAME_DAY
ORD-102655,SKU-00197,1,DC-01,STANDARD,2026-08-14T23:46:00,2026-08-15T03:46:00,PICKING,PICKING,LATAM,NEXT_DAY
ORD-102656,SKU-01054,1,DC-14,STANDARD,2026-08-14T23:48:00,2026-08-15T07:48:00,STAGED,STAGED,LATAM,STANDARD
ORD-102657,SKU-00064,1,DC-18,STANDARD,2026-08-14T23:49:00,2026-08-15T03:49:00,ALLOCATED,ALLOCATED,LATAM,STANDARD
ORD-102658,SKU-00644,1,DC-08,STANDARD,2026-08-14T23:51:00,2026-08-15T11:51:00,ALLOCATED,ALLOCATED,LATAM,STANDARD
ORD-102659,SKU-00583,1,DC-13,STANDARD,2026-08-14T23:55:00,2026-08-15T23:55:00,STAGED,STAGED,MEA,NEXT_DAY
ORD-102660,SKU-00993,1,DC-09,EXPEDITE,2026-08-15T00:01:00,2026-08-16T00:01:00,SHIPPED,SHIPPED,APAC,SAME_DAY
ORD-102661,SKU-00201,1,DC-14,STANDARD,2026-08-15T00:01:00,2026-08-15T08:01:00,SHIPPED,SHIPPED,APAC,SAME_DAY
ORD-102662,SKU-00467,1,DC-08,STANDARD,2026-08-15T00:01:00,2026-08-15T08:01:00,ALLOCATED,HOLD,APAC,NEXT_DAY
ORD-102663,SKU-00081,1,DC-13,EXPEDITE,2026-08-15T00:01:00,2026-08-15T06:01:00,SHIPPED,SHIPPED,LATAM,SAME_DAY
ORD-102664,SKU-01171,1,DC-09,STANDARD,2026-08-15T00:12:00,2026-08-16T00:12:00,ALLOCATED,ALLOCATED,LATAM,SAME_DAY
ORD-102665,SKU-01151,1,DC-15,STANDARD,2026-08-15T00:23:00,2026-08-15T08:23:00,EXCEPTION,EXCEPTION,EU,NEXT_DAY
ORD-102666,SKU-00128,1,DC-05,EXPEDITE,2026-08-15T00:32:00,2026-08-15T04:32:00,RELEASED,RELEASED,MEA,SAME_DAY
ORD-102667,SKU-01155,1,DC-07,STANDARD,2026-08-15T00:37:00,2026-08-15T12:37:00,PICKING,PICKING,EU,NEXT_DAY
ORD-102668,SKU-00782,1,DC-09,STANDARD,2026-08-15T00:40:00,2026-08-15T04:40:00,SHIPPED,HOLD,EU,SAME_DAY
ORD-102669,SKU-00441,1,DC-04,CRITICAL,2026-08-15T00:45:00,2026-08-15T06:45:00,RELEASED,RELEASED,LATAM,STANDARD
ORD-102670,SKU-00591,1,DC-17,CRITICAL,2026-08-15T00:48:00,2026-08-15T06:48:00,ALLOCATED,EXCEPTION,EU,NEXT_DAY
ORD-102671,SKU-00106,1,DC-09,STANDARD,2026-08-15T00:54:00,2026-08-15T12:54:00,STAGED,HOLD,APAC,NEXT_DAY
ORD-102672,SKU-00690,1,DC-03,STANDARD,2026-08-15T00:58:00,2026-08-15T08:58:00,RELEASED,RELEASED,APAC,SAME_DAY
ORD-102673,SKU-00204,1,DC-04,STANDARD,2026-08-15T01:00:00,2026-08-15T09:00:00,ALLOCATED,ALLOCATED,EU,SAME_DAY
ORD-102674,SKU-00713,1,DC-13,STANDARD,2026-08-15T01:05:00,2026-08-15T09:05:00,ALLOCATED,HOLD,MEA,SAME_DAY
ORD-102675,SKU-01057,1,DC-08,STANDARD,2026-08-15T01:20:00,2026-08-15T13:20:00,PACKING,PACKING,APAC,NEXT_DAY
ORD-102676,SKU-00386,1,DC-05,STANDARD,2026-08-15T01:48:00,2026-08-15T07:48:00,PACKING,PACKING,APAC,NEXT_DAY
ORD-102677,SKU-01160,1,DC-03,CRITICAL,2026-08-15T01:59:00,2026-08-15T07:59:00,RELEASED,EXCEPTION,EU,STANDARD
ORD-102678,SKU-01109,1,DC-10,EXPEDITE,2026-08-15T02:03:00,2026-08-15T08:03:00,SHIPPED,EXCEPTION,APAC,NEXT_DAY
ORD-102679,SKU-00539,1,DC-16,STANDARD,2026-08-15T02:22:00,2026-08-15T10:22:00,STAGED,STAGED,LATAM,SAME_DAY
ORD-102680,SKU-00089,1,DC-11,STANDARD,2026-08-15T02:31:00,2026-08-15T14:31:00,ALLOCATED,ALLOCATED,MEA,STANDARD
ORD-102681,SKU-00186,1,DC-05,STANDARD,2026-08-15T02:31:00,2026-08-15T10:31:00,PICKING,EXCEPTION,EU,SAME_DAY
ORD-102682,SKU-01058,1,DC-18,STANDARD,2026-08-15T02:32:00,2026-08-15T06:32:00,SHIPPED,EXCEPTION,LATAM,STANDARD
ORD-102683,SKU-01010,1,DC-10,STANDARD,2026-08-15T02:36:00,2026-08-15T10:36:00,ALLOCATED,ALLOCATED,MEA,NEXT_DAY
ORD-102684,SKU-00967,1,DC-03,EXPEDITE,2026-08-15T02:41:00,2026-08-16T02:41:00,STAGED,EXCEPTION,MEA,STANDARD
ORD-102685,SKU-00650,1,DC-17,STANDARD,2026-08-15T02:44:00,2026-08-15T10:44:00,PICKING,PICKING,LATAM,NEXT_DAY
ORD-102686,SKU-00120,1,DC-10,EXPEDITE,2026-08-15T03:11:00,2026-08-16T03:11:00,EXCEPTION,EXCEPTION,LATAM,NEXT_DAY
ORD-102687,SKU-00349,1,DC-07,STANDARD,2026-08-15T03:18:00,2026-08-16T03:18:00,EXCEPTION,EXCEPTION,MEA,STANDARD
ORD-102688,SKU-00732,1,DC-03,STANDARD,2026-08-15T03:23:00,2026-08-15T07:23:00,STAGED,STAGED,MEA,NEXT_DAY
ORD-102689,SKU-00170,1,DC-11,STANDARD,2026-08-15T03:27:00,2026-08-16T03:27:00,EXCEPTION,EXCEPTION,EU,SAME_DAY
ORD-102690,SKU-01005,1,DC-03,STANDARD,2026-08-15T03:44:00,2026-08-15T11:44:00,PACKING,PACKING,MEA,NEXT_DAY
ORD-102691,SKU-00059,1,DC-06,CRITICAL,2026-08-15T03:57:00,2026-08-15T11:57:00,PACKING,EXCEPTION,APAC,NEXT_DAY
ORD-102692,SKU-00946,1,DC-15,EXPEDITE,2026-08-15T04:00:00,2026-08-15T10:00:00,EXCEPTION,HOLD,MEA,NEXT_DAY
ORD-102693,SKU-00978,1,DC-10,STANDARD,2026-08-15T04:02:00,2026-08-15T10:02:00,EXCEPTION,HOLD,EU,NEXT_DAY
ORD-102694,SKU-00002,1,DC-14,STANDARD,2026-08-15T04:04:00,2026-08-15T10:04:00,PICKING,PICKING,APAC,STANDARD
ORD-102695,SKU-01015,1,DC-02,STANDARD,2026-08-15T04:05:00,2026-08-15T16:05:00,PACKING,HOLD,LATAM,SAME_DAY
ORD-102696,SKU-00591,1,DC-11,CRITICAL,2026-08-15T04:07:00,2026-08-15T12:07:00,STAGED,HOLD,MEA,NEXT_DAY
ORD-102697,SKU-00878,1,DC-09,EXPEDITE,2026-08-15T04:10:00,2026-08-15T10:10:00,RELEASED,RELEASED,EU,STANDARD
ORD-102698,SKU-00480,1,DC-17,STANDARD,2026-08-15T04:24:00,2026-08-15T10:24:00,EXCEPTION,EXCEPTION,APAC,NEXT_DAY
ORD-102699,SKU-00939,1,DC-01,STANDARD,2026-08-15T04:24:00,2026-08-15T16:24:00,PACKING,PACKING,EU,NEXT_DAY
ORD-102700,SKU-00904,1,DC-01,STANDARD,2026-08-15T04:28:00,2026-08-16T04:28:00,STAGED,EXCEPTION,LATAM,SAME_DAY
ORD-102701,SKU-00959,1,DC-11,STANDARD,2026-08-15T04:32:00,2026-08-15T16:32:00,RELEASED,RELEASED,EU,STANDARD
ORD-102702,SKU-00934,1,DC-02,STANDARD,2026-08-15T04:47:00,2026-08-15T16:47:00,RELEASED,RELEASED,MEA,STANDARD
ORD-102703,SKU-00528,1,DC-07,STANDARD,2026-08-15T05:01:00,2026-08-15T11:01:00,STAGED,STAGED,LATAM,STANDARD
ORD-102704,SKU-01150,1,DC-10,CRITICAL,2026-08-15T05:04:00,2026-08-15T09:04:00,STAGED,HOLD,MEA,SAME_DAY
ORD-102705,SKU-00088,1,DC-01,STANDARD,2026-08-15T05:14:00,2026-08-15T13:14:00,ALLOCATED,ALLOCATED,LATAM,NEXT_DAY
ORD-102706,SKU-00234,1,DC-18,STANDARD,2026-08-15T05:16:00,2026-08-16T05:16:00,STAGED,STAGED,APAC,SAME_DAY
ORD-102707,SKU-00487,1,DC-16,EXPEDITE,2026-08-15T05:21:00,2026-08-15T17:21:00,PICKING,EXCEPTION,EU,SAME_DAY
ORD-102708,SKU-00948,1,DC-05,STANDARD,2026-08-15T05:25:00,2026-08-15T11:25:00,PACKING,PACKING,EU,STANDARD
ORD-102709,SKU-00272,1,DC-10,STANDARD,2026-08-15T05:29:00,2026-08-16T05:29:00,ALLOCATED,ALLOCATED,APAC,STANDARD
ORD-102710,SKU-00116,1,DC-05,STANDARD,2026-08-15T05:46:00,2026-08-16T05:46:00,SHIPPED,EXCEPTION,APAC,NEXT_DAY
ORD-102711,SKU-00559,1,DC-01,STANDARD,2026-08-15T05:47:00,2026-08-15T09:47:00,RELEASED,HOLD,EU,STANDARD
ORD-102712,SKU-00404,1,DC-11,STANDARD,2026-08-15T05:55:00,2026-08-15T13:55:00,EXCEPTION,EXCEPTION,APAC,STANDARD
ORD-102713,SKU-00630,1,DC-17,STANDARD,2026-08-15T06:01:00,2026-08-15T10:01:00,ALLOCATED,ALLOCATED,EU,NEXT_DAY
ORD-102714,SKU-00752,1,DC-03,EXPEDITE,2026-08-15T06:05:00,2026-08-15T12:05:00,PICKING,HOLD,EU,SAME_DAY
ORD-102715,SKU-00306,1,DC-10,STANDARD,2026-08-15T06:07:00,2026-08-15T12:07:00,PICKING,PICKING,MEA,STANDARD
ORD-102716,SKU-00494,1,DC-05,EXPEDITE,2026-08-15T06:14:00,2026-08-15T14:14:00,EXCEPTION,HOLD,LATAM,NEXT_DAY
ORD-102717,SKU-00983,1,DC-09,STANDARD,2026-08-15T06:20:00,2026-08-15T18:20:00,STAGED,STAGED,MEA,SAME_DAY
ORD-102718,SKU-01179,1,DC-02,EXPEDITE,2026-08-15T06:23:00,2026-08-15T10:23:00,PICKING,PICKING,EU,STANDARD
ORD-102719,SKU-00845,1,DC-18,STANDARD,2026-08-15T06:32:00,2026-08-15T12:32:00,ALLOCATED,HOLD,EU,NEXT_DAY
ORD-102720,SKU-00365,1,DC-10,STANDARD,2026-08-15T06:34:00,2026-08-16T06:34:00,PICKING,PICKING,APAC,STANDARD
ORD-102721,SKU-00739,1,DC-08,STANDARD,2026-08-15T06:37:00,2026-08-15T14:37:00,STAGED,STAGED,LATAM,SAME_DAY
ORD-102722,SKU-00091,1,DC-01,STANDARD,2026-08-15T06:39:00,2026-08-15T14:39:00,PACKING,PACKING,LATAM,NEXT_DAY
ORD-102723,SKU-00198,1,DC-01,STANDARD,2026-08-15T06:42:00,2026-08-15T10:42:00,STAGED,STAGED,EU,NEXT_DAY
ORD-102724,SKU-00871,1,DC-14,EXPEDITE,2026-08-15T06:59:00,2026-08-16T06:59:00,PACKING,PACKING,MEA,SAME_DAY
ORD-102725,SKU-00468,1,DC-03,STANDARD,2026-08-15T07:08:00,2026-08-16T07:08:00,RELEASED,RELEASED,APAC,STANDARD
ORD-102726,SKU-00461,1,DC-17,STANDARD,2026-08-15T07:10:00,2026-08-15T11:10:00,PICKING,PICKING,EU,SAME_DAY
ORD-102727,SKU-00925,1,DC-16,STANDARD,2026-08-15T07:10:00,2026-08-15T15:10:00,PICKING,PICKING,EU,NEXT_DAY
ORD-102728,SKU-01157,1,DC-13,EXPEDITE,2026-08-15T07:11:00,2026-08-16T07:11:00,PICKING,HOLD,APAC,SAME_DAY
ORD-102729,SKU-00884,1,DC-05,STANDARD,2026-08-15T07:11:00,2026-08-16T07:11:00,RELEASED,RELEASED,MEA,SAME_DAY
ORD-102730,SKU-00504,1,DC-11,CRITICAL,2026-08-15T07:15:00,2026-08-15T15:15:00,EXCEPTION,EXCEPTION,APAC,STANDARD
ORD-102731,SKU-00720,1,DC-01,CRITICAL,2026-08-15T07:27:00,2026-08-15T19:27:00,EXCEPTION,EXCEPTION,MEA,SAME_DAY
ORD-102732,SKU-00957,1,DC-11,STANDARD,2026-08-15T07:37:00,2026-08-15T19:37:00,RELEASED,RELEASED,APAC,NEXT_DAY
ORD-102733,SKU-01150,1,DC-10,STANDARD,2026-08-15T07:40:00,2026-08-15T19:40:00,EXCEPTION,EXCEPTION,LATAM,SAME_DAY
ORD-102734,SKU-00272,1,DC-02,EXPEDITE,2026-08-15T07:44:00,2026-08-16T07:44:00,PICKING,HOLD,EU,STANDARD
ORD-102735,SKU-00012,1,DC-12,STANDARD,2026-08-15T07:47:00,2026-08-15T15:47:00,SHIPPED,HOLD,EU,SAME_DAY
ORD-102736,SKU-00500,1,DC-01,STANDARD,2026-08-15T07:56:00,2026-08-15T11:56:00,RELEASED,EXCEPTION,EU,SAME_DAY
ORD-102737,SKU-00535,1,DC-02,CRITICAL,2026-08-15T08:07:00,2026-08-15T16:07:00,PACKING,EXCEPTION,MEA,SAME_DAY
ORD-102738,SKU-00391,1,DC-06,CRITICAL,2026-08-15T08:36:00,2026-08-15T20:36:00,EXCEPTION,EXCEPTION,APAC,STANDARD
ORD-102739,SKU-00048,1,DC-02,CRITICAL,2026-08-15T08:43:00,2026-08-15T12:43:00,ALLOCATED,HOLD,LATAM,STANDARD
ORD-102740,SKU-00247,1,DC-16,STANDARD,2026-08-15T08:47:00,2026-08-15T14:47:00,RELEASED,RELEASED,MEA,NEXT_DAY
ORD-102741,SKU-01088,1,DC-03,STANDARD,2026-08-15T08:52:00,2026-08-15T14:52:00,ALLOCATED,EXCEPTION,MEA,SAME_DAY
ORD-102742,SKU-00783,1,DC-13,STANDARD,2026-08-15T08:58:00,2026-08-16T08:58:00,PACKING,PACKING,APAC,NEXT_DAY
ORD-102743,SKU-00807,1,DC-13,STANDARD,2026-08-15T09:21:00,2026-08-15T13:21:00,RELEASED,HOLD,LATAM,NEXT_DAY
ORD-102744,SKU-00708,1,DC-07,STANDARD,2026-08-15T09:39:00,2026-08-15T21:39:00,SHIPPED,SHIPPED,MEA,SAME_DAY
ORD-102745,SKU-00428,1,DC-15,STANDARD,2026-08-15T09:47:00,2026-08-15T15:47:00,SHIPPED,HOLD,APAC,STANDARD
ORD-102746,SKU-01152,1,DC-01,STANDARD,2026-08-15T09:56:00,2026-08-15T21:56:00,ALLOCATED,EXCEPTION,LATAM,NEXT_DAY
ORD-102747,SKU-00024,1,DC-06,EXPEDITE,2026-08-15T09:59:00,2026-08-15T13:59:00,STAGED,HOLD,LATAM,STANDARD
ORD-102748,SKU-00119,1,DC-07,EXPEDITE,2026-08-15T10:02:00,2026-08-16T10:02:00,PACKING,PACKING,APAC,NEXT_DAY
ORD-102749,SKU-00476,1,DC-18,EXPEDITE,2026-08-15T10:10:00,2026-08-15T16:10:00,STAGED,EXCEPTION,APAC,STANDARD
ORD-102750,SKU-00702,1,DC-15,STANDARD,2026-08-15T10:15:00,2026-08-15T14:15:00,PICKING,PICKING,APAC,STANDARD
ORD-102751,SKU-00719,1,DC-03,STANDARD,2026-08-15T10:31:00,2026-08-15T18:31:00,ALLOCATED,ALLOCATED,MEA,STANDARD
ORD-102752,SKU-00403,1,DC-09,EXPEDITE,2026-08-15T10:36:00,2026-08-15T18:36:00,RELEASED,RELEASED,LATAM,SAME_DAY
ORD-102753,SKU-00072,1,DC-05,STANDARD,2026-08-15T10:37:00,2026-08-15T22:37:00,STAGED,STAGED,LATAM,NEXT_DAY
ORD-102754,SKU-00420,1,DC-17,STANDARD,2026-08-15T10:46:00,2026-08-15T16:46:00,EXCEPTION,EXCEPTION,LATAM,STANDARD
ORD-102755,SKU-01136,1,DC-12,STANDARD,2026-08-15T10:47:00,2026-08-15T18:47:00,PACKING,HOLD,LATAM,SAME_DAY
ORD-102756,SKU-00773,1,DC-05,STANDARD,2026-08-15T11:08:00,2026-08-15T15:08:00,RELEASED,EXCEPTION,EU,STANDARD
ORD-102757,SKU-00409,1,DC-14,STANDARD,2026-08-15T11:11:00,2026-08-15T23:11:00,RELEASED,RELEASED,LATAM,SAME_DAY
ORD-102758,SKU-00467,1,DC-08,EXPEDITE,2026-08-15T11:20:00,2026-08-15T15:20:00,PICKING,HOLD,LATAM,STANDARD
ORD-102759,SKU-00915,1,DC-04,CRITICAL,2026-08-15T11:32:00,2026-08-15T15:32:00,STAGED,STAGED,LATAM,SAME_DAY
ORD-102760,SKU-00327,1,DC-16,STANDARD,2026-08-15T11:50:00,2026-08-15T15:50:00,PACKING,PACKING,MEA,SAME_DAY
ORD-102761,SKU-00516,1,DC-07,STANDARD,2026-08-15T11:51:00,2026-08-15T17:51:00,SHIPPED,EXCEPTION,MEA,STANDARD
ORD-102762,SKU-00774,1,DC-10,EXPEDITE,2026-08-15T11:55:00,2026-08-15T17:55:00,ALLOCATED,ALLOCATED,LATAM,NEXT_DAY
ORD-102763,SKU-01167,1,DC-15,STANDARD,2026-08-15T12:10:00,2026-08-16T00:10:00,STAGED,STAGED,LATAM,SAME_DAY
ORD-102764,SKU-01066,1,DC-14,STANDARD,2026-08-15T12:21:00,2026-08-15T20:21:00,RELEASED,RELEASED,EU,SAME_DAY
ORD-102765,SKU-00738,1,DC-07,CRITICAL,2026-08-15T12:34:00,2026-08-16T12:34:00,STAGED,HOLD,EU,SAME_DAY
ORD-102766,SKU-00671,1,DC-02,EXPEDITE,2026-08-15T12:36:00,2026-08-16T00:36:00,SHIPPED,SHIPPED,EU,NEXT_DAY
ORD-102767,SKU-01107,1,DC-06,CRITICAL,2026-08-15T12:38:00,2026-08-15T18:38:00,EXCEPTION,HOLD,LATAM,SAME_DAY
ORD-102768,SKU-00241,1,DC-05,STANDARD,2026-08-15T12:44:00,2026-08-15T16:44:00,ALLOCATED,ALLOCATED,MEA,NEXT_DAY
ORD-102769,SKU-00387,1,DC-11,STANDARD,2026-08-15T12:46:00,2026-08-16T12:46:00,STAGED,STAGED,APAC,NEXT_DAY
ORD-102770,SKU-00710,1,DC-09,EXPEDITE,2026-08-15T12:46:00,2026-08-15T20:46:00,RELEASED,HOLD,MEA,NEXT_DAY
ORD-102771,SKU-00901,1,DC-16,STANDARD,2026-08-15T13:16:00,2026-08-15T21:16:00,PICKING,EXCEPTION,APAC,NEXT_DAY
ORD-102772,SKU-00326,1,DC-05,EXPEDITE,2026-08-15T13:23:00,2026-08-16T13:23:00,ALLOCATED,ALLOCATED,APAC,NEXT_DAY
ORD-102773,SKU-00174,1,DC-18,STANDARD,2026-08-15T13:39:00,2026-08-15T21:39:00,EXCEPTION,EXCEPTION,APAC,STANDARD
ORD-102774,SKU-01106,1,DC-14,EXPEDITE,2026-08-15T13:59:00,2026-08-15T21:59:00,SHIPPED,SHIPPED,MEA,NEXT_DAY
ORD-102775,SKU-00624,1,DC-06,STANDARD,2026-08-15T14:03:00,2026-08-15T20:03:00,PACKING,PACKING,MEA,STANDARD
ORD-102776,SKU-01191,1,DC-14,STANDARD,2026-08-15T14:18:00,2026-08-16T02:18:00,SHIPPED,HOLD,EU,STANDARD
ORD-102777,SKU-00547,1,DC-10,STANDARD,2026-08-15T14:20:00,2026-08-16T02:20:00,RELEASED,RELEASED,APAC,NEXT_DAY
ORD-102778,SKU-00097,1,DC-07,STANDARD,2026-08-15T14:28:00,2026-08-16T02:28:00,ALLOCATED,ALLOCATED,APAC,STANDARD
ORD-102779,SKU-00176,1,DC-14,STANDARD,2026-08-15T14:28:00,2026-08-16T14:28:00,ALLOCATED,EXCEPTION,MEA,SAME_DAY
ORD-102780,SKU-01153,1,DC-13,STANDARD,2026-08-15T14:29:00,2026-08-15T18:29:00,RELEASED,EXCEPTION,EU,NEXT_DAY
ORD-102781,SKU-00694,1,DC-10,EXPEDITE,2026-08-15T14:37:00,2026-08-16T14:37:00,SHIPPED,SHIPPED,EU,STANDARD
ORD-102782,SKU-00282,1,DC-18,STANDARD,2026-08-15T14:37:00,2026-08-16T02:37:00,SHIPPED,EXCEPTION,APAC,STANDARD
ORD-102783,SKU-00248,1,DC-02,STANDARD,2026-08-15T14:47:00,2026-08-15T22:47:00,RELEASED,RELEASED,MEA,SAME_DAY
ORD-102784,SKU-00829,1,DC-01,STANDARD,2026-08-15T14:53:00,2026-08-16T14:53:00,PACKING,PACKING,EU,NEXT_DAY
ORD-102785,SKU-00738,1,DC-08,CRITICAL,2026-08-15T15:20:00,2026-08-15T23:20:00,ALLOCATED,EXCEPTION,APAC,NEXT_DAY
ORD-102786,SKU-01113,1,DC-05,STANDARD,2026-08-15T15:21:00,2026-08-15T19:21:00,PICKING,PICKING,EU,NEXT_DAY
ORD-102787,SKU-00838,1,DC-02,STANDARD,2026-08-15T15:29:00,2026-08-15T23:29:00,ALLOCATED,ALLOCATED,APAC,STANDARD
ORD-102788,SKU-00955,1,DC-13,EXPEDITE,2026-08-15T15:30:00,2026-08-15T19:30:00,EXCEPTION,EXCEPTION,EU,SAME_DAY
ORD-102789,SKU-00659,1,DC-12,STANDARD,2026-08-15T15:38:00,2026-08-16T15:38:00,SHIPPED,EXCEPTION,APAC,NEXT_DAY
ORD-102790,SKU-00558,1,DC-02,STANDARD,2026-08-15T15:39:00,2026-08-15T21:39:00,STAGED,EXCEPTION,LATAM,NEXT_DAY
ORD-102791,SKU-00035,1,DC-04,STANDARD,2026-08-15T15:40:00,2026-08-15T21:40:00,PACKING,PACKING,MEA,STANDARD
ORD-102792,SKU-01135,1,DC-02,EXPEDITE,2026-08-15T15:50:00,2026-08-15T21:50:00,PICKING,EXCEPTION,LATAM,STANDARD
ORD-102793,SKU-00388,1,DC-06,STANDARD,2026-08-15T15:52:00,2026-08-16T03:52:00,RELEASED,HOLD,MEA,STANDARD
ORD-102794,SKU-00142,1,DC-05,EXPEDITE,2026-08-15T15:59:00,2026-08-15T23:59:00,PACKING,EXCEPTION,APAC,NEXT_DAY
ORD-102795,SKU-00346,1,DC-14,EXPEDITE,2026-08-15T16:07:00,2026-08-15T20:07:00,ALLOCATED,ALLOCATED,MEA,NEXT_DAY
ORD-102796,SKU-01011,1,DC-15,STANDARD,2026-08-15T16:08:00,2026-08-15T22:08:00,SHIPPED,SHIPPED,LATAM,STANDARD
ORD-102797,SKU-00747,1,DC-16,EXPEDITE,2026-08-15T16:19:00,2026-08-15T22:19:00,SHIPPED,HOLD,MEA,STANDARD
ORD-102798,SKU-00751,1,DC-15,STANDARD,2026-08-15T16:23:00,2026-08-16T04:23:00,SHIPPED,SHIPPED,LATAM,SAME_DAY
ORD-102799,SKU-00781,1,DC-02,STANDARD,2026-08-15T16:24:00,2026-08-16T04:24:00,STAGED,STAGED,EU,NEXT_DAY
ORD-102800,SKU-00165,1,DC-13,STANDARD,2026-08-15T16:25:00,2026-08-16T00:25:00,SHIPPED,HOLD,EU,NEXT_DAY
ORD-102801,SKU-01177,1,DC-01,CRITICAL,2026-08-15T16:36:00,2026-08-15T20:36:00,SHIPPED,SHIPPED,EU,SAME_DAY
ORD-102802,SKU-00115,1,DC-12,STANDARD,2026-08-15T16:46:00,2026-08-16T16:46:00,PICKING,PICKING,LATAM,STANDARD
ORD-102803,SKU-00815,1,DC-12,STANDARD,2026-08-15T16:52:00,2026-08-15T22:52:00,PICKING,HOLD,LATAM,STANDARD
ORD-102804,SKU-00081,1,DC-02,STANDARD,2026-08-15T17:03:00,2026-08-16T01:03:00,PACKING,PACKING,EU,SAME_DAY
ORD-102805,SKU-01073,1,DC-11,STANDARD,2026-08-15T17:05:00,2026-08-15T21:05:00,EXCEPTION,EXCEPTION,LATAM,NEXT_DAY
ORD-102806,SKU-00970,1,DC-02,STANDARD,2026-08-15T17:16:00,2026-08-16T01:16:00,RELEASED,EXCEPTION,APAC,STANDARD
ORD-102807,SKU-01021,1,DC-01,STANDARD,2026-08-15T17:37:00,2026-08-16T01:37:00,PACKING,PACKING,EU,NEXT_DAY
ORD-102808,SKU-01198,1,DC-07,STANDARD,2026-08-15T17:39:00,2026-08-15T21:39:00,ALLOCATED,EXCEPTION,MEA,STANDARD
ORD-102809,SKU-00738,1,DC-11,STANDARD,2026-08-15T17:40:00,2026-08-15T23:40:00,PACKING,PACKING,APAC,SAME_DAY
ORD-102810,SKU-00782,1,DC-04,STANDARD,2026-08-15T17:46:00,2026-08-16T01:46:00,SHIPPED,SHIPPED,LATAM,NEXT_DAY
ORD-102811,SKU-00574,1,DC-05,STANDARD,2026-08-15T17:51:00,2026-08-16T17:51:00,ALLOCATED,ALLOCATED,EU,NEXT_DAY
ORD-102812,SKU-00332,1,DC-09,EXPEDITE,2026-08-15T17:51:00,2026-08-15T23:51:00,SHIPPED,SHIPPED,MEA,NEXT_DAY
ORD-102813,SKU-00258,1,DC-09,CRITICAL,2026-08-15T17:51:00,2026-08-16T17:51:00,RELEASED,EXCEPTION,LATAM,NEXT_DAY
ORD-102814,SKU-01107,1,DC-07,STANDARD,2026-08-15T17:59:00,2026-08-16T01:59:00,PICKING,PICKING,APAC,STANDARD
ORD-102815,SKU-00296,1,DC-06,STANDARD,2026-08-15T18:01:00,2026-08-16T18:01:00,EXCEPTION,EXCEPTION,LATAM,SAME_DAY
ORD-102816,SKU-00937,1,DC-01,CRITICAL,2026-08-15T18:13:00,2026-08-16T06:13:00,EXCEPTION,HOLD,APAC,NEXT_DAY
ORD-102817,SKU-00265,1,DC-11,EXPEDITE,2026-08-15T18:14:00,2026-08-16T02:14:00,STAGED,STAGED,MEA,STANDARD
ORD-102818,SKU-01147,1,DC-10,STANDARD,2026-08-15T18:21:00,2026-08-15T22:21:00,STAGED,EXCEPTION,LATAM,SAME_DAY
ORD-102819,SKU-00302,1,DC-10,STANDARD,2026-08-15T18:29:00,2026-08-16T18:29:00,PICKING,PICKING,LATAM,NEXT_DAY
ORD-102820,SKU-00916,1,DC-17,STANDARD,2026-08-15T18:39:00,2026-08-16T02:39:00,ALLOCATED,ALLOCATED,LATAM,NEXT_DAY
ORD-102821,SKU-00168,1,DC-12,STANDARD,2026-08-15T18:40:00,2026-08-15T22:40:00,ALLOCATED,EXCEPTION,LATAM,NEXT_DAY
ORD-102822,SKU-00736,1,DC-13,STANDARD,2026-08-15T18:41:00,2026-08-16T06:41:00,RELEASED,RELEASED,MEA,STANDARD
ORD-102823,SKU-00007,1,DC-15,CRITICAL,2026-08-15T18:42:00,2026-08-15T22:42:00,SHIPPED,HOLD,EU,NEXT_DAY
ORD-102824,SKU-01108,1,DC-13,STANDARD,2026-08-15T18:47:00,2026-08-15T22:47:00,PACKING,PACKING,LATAM,NEXT_DAY
ORD-102825,SKU-00650,1,DC-17,STANDARD,2026-08-15T18:52:00,2026-08-16T02:52:00,ALLOCATED,HOLD,LATAM,SAME_DAY
ORD-102826,SKU-00522,1,DC-18,EXPEDITE,2026-08-15T18:56:00,2026-08-16T02:56:00,STAGED,STAGED,MEA,STANDARD
ORD-102827,SKU-00041,1,DC-04,EXPEDITE,2026-08-15T19:26:00,2026-08-16T07:26:00,SHIPPED,HOLD,APAC,SAME_DAY
ORD-102828,SKU-00681,1,DC-16,EXPEDITE,2026-08-15T19:26:00,2026-08-16T19:26:00,SHIPPED,SHIPPED,EU,NEXT_DAY
ORD-102829,SKU-00328,1,DC-14,CRITICAL,2026-08-15T19:33:00,2026-08-16T01:33:00,PACKING,PACKING,EU,NEXT_DAY
ORD-102830,SKU-00748,1,DC-10,STANDARD,2026-08-15T19:35:00,2026-08-15T23:35:00,EXCEPTION,EXCEPTION,MEA,SAME_DAY
ORD-102831,SKU-01157,1,DC-11,CRITICAL,2026-08-15T19:35:00,2026-08-16T03:35:00,SHIPPED,EXCEPTION,LATAM,STANDARD
ORD-102832,SKU-00151,1,DC-09,EXPEDITE,2026-08-15T19:41:00,2026-08-15T23:41:00,PACKING,PACKING,LATAM,NEXT_DAY
ORD-102833,SKU-00984,1,DC-16,STANDARD,2026-08-15T19:46:00,2026-08-16T07:46:00,STAGED,STAGED,MEA,NEXT_DAY
ORD-102834,SKU-01002,1,DC-05,STANDARD,2026-08-15T19:49:00,2026-08-15T23:49:00,PICKING,PICKING,EU,SAME_DAY
ORD-102835,SKU-00636,1,DC-03,STANDARD,2026-08-15T19:54:00,2026-08-16T19:54:00,PICKING,HOLD,APAC,SAME_DAY
ORD-102836,SKU-00526,1,DC-12,CRITICAL,2026-08-15T19:57:00,2026-08-16T03:57:00,STAGED,HOLD,LATAM,SAME_DAY
ORD-102837,SKU-00151,1,DC-02,STANDARD,2026-08-15T19:58:00,2026-08-16T01:58:00,SHIPPED,SHIPPED,EU,STANDARD
ORD-102838,SKU-01088,1,DC-10,STANDARD,2026-08-15T20:05:00,2026-08-16T20:05:00,EXCEPTION,EXCEPTION,EU,STANDARD
ORD-102839,SKU-01052,1,DC-01,STANDARD,2026-08-15T20:11:00,2026-08-16T04:11:00,ALLOCATED,EXCEPTION,EU,SAME_DAY
ORD-102840,SKU-00083,1,DC-03,STANDARD,2026-08-15T20:18:00,2026-08-16T00:18:00,EXCEPTION,EXCEPTION,MEA,STANDARD
ORD-102841,SKU-00313,1,DC-03,STANDARD,2026-08-15T20:27:00,2026-08-16T00:27:00,PACKING,EXCEPTION,LATAM,NEXT_DAY
ORD-102842,SKU-00909,1,DC-01,STANDARD,2026-08-15T20:32:00,2026-08-16T00:32:00,PACKING,HOLD,LATAM,NEXT_DAY
ORD-102843,SKU-00056,1,DC-12,EXPEDITE,2026-08-15T20:35:00,2026-08-16T02:35:00,SHIPPED,HOLD,MEA,NEXT_DAY
ORD-102844,SKU-00227,1,DC-12,STANDARD,2026-08-15T20:44:00,2026-08-16T02:44:00,PACKING,PACKING,MEA,NEXT_DAY
ORD-102845,SKU-00371,1,DC-06,STANDARD,2026-08-15T20:50:00,2026-08-16T00:50:00,RELEASED,HOLD,EU,STANDARD
ORD-102846,SKU-00428,1,DC-17,STANDARD,2026-08-15T21:03:00,2026-08-16T05:03:00,RELEASED,RELEASED,MEA,STANDARD
ORD-102847,SKU-00384,1,DC-01,STANDARD,2026-08-15T21:07:00,2026-08-16T01:07:00,EXCEPTION,EXCEPTION,APAC,STANDARD
ORD-102848,SKU-01074,1,DC-05,STANDARD,2026-08-15T21:10:00,2026-08-16T09:10:00,PACKING,EXCEPTION,EU,NEXT_DAY
ORD-102849,SKU-00024,1,DC-06,STANDARD,2026-08-15T21:15:00,2026-08-16T03:15:00,ALLOCATED,HOLD,MEA,SAME_DAY
ORD-102850,SKU-00111,1,DC-03,STANDARD,2026-08-15T21:22:00,2026-08-16T03:22:00,EXCEPTION,EXCEPTION,MEA,STANDARD
ORD-102851,SKU-00092,1,DC-09,STANDARD,2026-08-15T21:23:00,2026-08-16T21:23:00,EXCEPTION,EXCEPTION,APAC,STANDARD
ORD-102852,SKU-01188,1,DC-13,STANDARD,2026-08-15T21:33:00,2026-08-16T09:33:00,PACKING,PACKING,APAC,NEXT_DAY
ORD-102853,SKU-01030,1,DC-13,STANDARD,2026-08-15T22:05:00,2026-08-16T10:05:00,RELEASED,HOLD,EU,NEXT_DAY
ORD-102854,SKU-00757,1,DC-12,STANDARD,2026-08-15T22:06:00,2026-08-16T22:06:00,PICKING,PICKING,EU,SAME_DAY
ORD-102855,SKU-00778,1,DC-16,STANDARD,2026-08-15T22:10:00,2026-08-16T02:10:00,PACKING,EXCEPTION,EU,NEXT_DAY
ORD-102856,SKU-00286,1,DC-11,STANDARD,2026-08-15T22:24:00,2026-08-16T22:24:00,SHIPPED,SHIPPED,APAC,NEXT_DAY
ORD-102857,SKU-01096,1,DC-13,EXPEDITE,2026-08-15T22:43:00,2026-08-16T06:43:00,SHIPPED,SHIPPED,LATAM,STANDARD
ORD-102858,SKU-00554,1,DC-10,EXPEDITE,2026-08-15T22:45:00,2026-08-16T22:45:00,STAGED,STAGED,EU,SAME_DAY
ORD-102859,SKU-00554,1,DC-10,STANDARD,2026-08-15T22:46:00,2026-08-16T04:46:00,ALLOCATED,ALLOCATED,EU,SAME_DAY
ORD-102860,SKU-00979,1,DC-07,STANDARD,2026-08-15T22:47:00,2026-08-16T22:47:00,SHIPPED,EXCEPTION,MEA,NEXT_DAY
ORD-102861,SKU-00115,1,DC-08,STANDARD,2026-08-15T22:48:00,2026-08-16T22:48:00,STAGED,STAGED,MEA,STANDARD
ORD-102862,SKU-00486,1,DC-05,STANDARD,2026-08-15T22:56:00,2026-08-16T04:56:00,SHIPPED,EXCEPTION,APAC,SAME_DAY
ORD-102863,SKU-00973,1,DC-12,EXPEDITE,2026-08-15T22:58:00,2026-08-16T04:58:00,RELEASED,RELEASED,EU,SAME_DAY
ORD-102864,SKU-00722,1,DC-06,CRITICAL,2026-08-15T23:01:00,2026-08-16T03:01:00,PACKING,PACKING,LATAM,NEXT_DAY
ORD-102865,SKU-00653,1,DC-14,EXPEDITE,2026-08-15T23:04:00,2026-08-16T07:04:00,STAGED,HOLD,APAC,NEXT_DAY
ORD-102866,SKU-00247,1,DC-06,EXPEDITE,2026-08-15T23:06:00,2026-08-16T03:06:00,PICKING,EXCEPTION,EU,SAME_DAY
ORD-102867,SKU-00032,1,DC-11,EXPEDITE,2026-08-15T23:09:00,2026-08-16T07:09:00,EXCEPTION,EXCEPTION,EU,SAME_DAY
ORD-102868,SKU-00786,1,DC-01,STANDARD,2026-08-15T23:11:00,2026-08-16T23:11:00,PACKING,PACKING,APAC,NEXT_DAY
ORD-102869,SKU-00148,1,DC-05,STANDARD,2026-08-15T23:18:00,2026-08-16T05:18:00,PACKING,PACKING,EU,NEXT_DAY
ORD-102870,SKU-00697,1,DC-17,EXPEDITE,2026-08-16T00:07:00,2026-08-16T12:07:00,RELEASED,HOLD,LATAM,NEXT_DAY
ORD-102871,SKU-00311,1,DC-08,STANDARD,2026-08-16T00:17:00,2026-08-16T08:17:00,ALLOCATED,HOLD,LATAM,NEXT_DAY
ORD-102872,SKU-00208,1,DC-12,STANDARD,2026-08-16T00:17:00,2026-08-16T06:17:00,EXCEPTION,HOLD,MEA,NEXT_DAY
ORD-102873,SKU-00363,1,DC-08,STANDARD,2026-08-16T00:33:00,2026-08-16T06:33:00,EXCEPTION,EXCEPTION,LATAM,STANDARD
ORD-102874,SKU-00578,1,DC-14,EXPEDITE,2026-08-16T00:35:00,2026-08-16T12:35:00,PICKING,PICKING,MEA,STANDARD
ORD-102875,SKU-00939,1,DC-01,STANDARD,2026-08-16T00:37:00,2026-08-16T08:37:00,ALLOCATED,ALLOCATED,LATAM,SAME_DAY
ORD-102876,SKU-00759,1,DC-11,STANDARD,2026-08-16T00:46:00,2026-08-17T00:46:00,RELEASED,RELEASED,APAC,NEXT_DAY
ORD-102877,SKU-00077,1,DC-11,CRITICAL,2026-08-16T00:49:00,2026-08-16T08:49:00,PICKING,PICKING,MEA,STANDARD
ORD-102878,SKU-01152,1,DC-13,EXPEDITE,2026-08-16T00:52:00,2026-08-16T04:52:00,RELEASED,HOLD,APAC,STANDARD
ORD-102879,SKU-00104,1,DC-15,CRITICAL,2026-08-16T01:01:00,2026-08-16T13:01:00,PICKING,PICKING,MEA,SAME_DAY
ORD-102880,SKU-00322,1,DC-13,STANDARD,2026-08-16T01:02:00,2026-08-16T13:02:00,PACKING,HOLD,LATAM,NEXT_DAY
ORD-102881,SKU-00225,1,DC-17,STANDARD,2026-08-16T01:08:00,2026-08-16T09:08:00,PICKING,PICKING,LATAM,SAME_DAY
ORD-102882,SKU-00556,1,DC-08,EXPEDITE,2026-08-16T01:10:00,2026-08-16T13:10:00,STAGED,EXCEPTION,LATAM,STANDARD
ORD-102883,SKU-00114,1,DC-13,STANDARD,2026-08-16T01:12:00,2026-08-16T13:12:00,SHIPPED,SHIPPED,LATAM,STANDARD
ORD-102884,SKU-00195,1,DC-16,STANDARD,2026-08-16T01:14:00,2026-08-16T09:14:00,SHIPPED,SHIPPED,LATAM,STANDARD
ORD-102885,SKU-00676,1,DC-16,STANDARD,2026-08-16T01:14:00,2026-08-16T07:14:00,PACKING,PACKING,APAC,NEXT_DAY
ORD-102886,SKU-00023,1,DC-12,STANDARD,2026-08-16T01:19:00,2026-08-16T09:19:00,EXCEPTION,EXCEPTION,LATAM,NEXT_DAY
ORD-102887,SKU-01193,1,DC-11,STANDARD,2026-08-16T01:23:00,2026-08-16T09:23:00,RELEASED,RELEASED,MEA,SAME_DAY
ORD-102888,SKU-00800,1,DC-03,STANDARD,2026-08-16T01:38:00,2026-08-16T09:38:00,PACKING,PACKING,LATAM,SAME_DAY
ORD-102889,SKU-00992,1,DC-18,STANDARD,2026-08-16T02:07:00,2026-08-16T08:07:00,PICKING,PICKING,EU,NEXT_DAY
ORD-102890,SKU-00330,1,DC-18,EXPEDITE,2026-08-16T02:10:00,2026-08-16T06:10:00,PICKING,HOLD,LATAM,STANDARD
ORD-102891,SKU-01175,1,DC-17,STANDARD,2026-08-16T02:18:00,2026-08-16T08:18:00,STAGED,STAGED,MEA,SAME_DAY
ORD-102892,SKU-00438,1,DC-04,STANDARD,2026-08-16T02:29:00,2026-08-16T08:29:00,RELEASED,RELEASED,MEA,SAME_DAY
ORD-102893,SKU-00786,1,DC-01,STANDARD,2026-08-16T02:37:00,2026-08-16T10:37:00,RELEASED,HOLD,EU,NEXT_DAY
ORD-102894,SKU-01126,1,DC-09,STANDARD,2026-08-16T02:39:00,2026-08-16T14:39:00,STAGED,STAGED,MEA,NEXT_DAY
ORD-102895,SKU-00267,1,DC-07,CRITICAL,2026-08-16T02:39:00,2026-08-16T08:39:00,SHIPPED,EXCEPTION,MEA,SAME_DAY
ORD-102896,SKU-00534,1,DC-08,STANDARD,2026-08-16T02:40:00,2026-08-16T06:40:00,EXCEPTION,EXCEPTION,APAC,NEXT_DAY
ORD-102897,SKU-00337,1,DC-06,EXPEDITE,2026-08-16T02:52:00,2026-08-16T06:52:00,EXCEPTION,EXCEPTION,APAC,SAME_DAY
ORD-102898,SKU-00496,1,DC-05,STANDARD,2026-08-16T02:52:00,2026-08-16T14:52:00,SHIPPED,HOLD,LATAM,NEXT_DAY
ORD-102899,SKU-00163,1,DC-14,STANDARD,2026-08-16T02:56:00,2026-08-16T08:56:00,PACKING,PACKING,MEA,SAME_DAY
ORD-102900,SKU-00907,1,DC-10,STANDARD,2026-08-16T03:00:00,2026-08-16T15:00:00,PACKING,PACKING,EU,STANDARD
ORD-102901,SKU-00570,1,DC-07,STANDARD,2026-08-16T03:09:00,2026-08-16T09:09:00,SHIPPED,SHIPPED,MEA,STANDARD
ORD-102902,SKU-00834,1,DC-01,STANDARD,2026-08-16T03:12:00,2026-08-17T03:12:00,RELEASED,EXCEPTION,MEA,NEXT_DAY
ORD-102903,SKU-00335,1,DC-10,STANDARD,2026-08-16T03:30:00,2026-08-16T07:30:00,PICKING,EXCEPTION,LATAM,STANDARD
ORD-102904,SKU-00816,1,DC-14,STANDARD,2026-08-16T03:48:00,2026-08-16T15:48:00,SHIPPED,SHIPPED,EU,SAME_DAY
ORD-102905,SKU-00918,1,DC-11,EXPEDITE,2026-08-16T03:52:00,2026-08-17T03:52:00,ALLOCATED,ALLOCATED,LATAM,SAME_DAY
ORD-102906,SKU-00724,1,DC-10,EXPEDITE,2026-08-16T03:55:00,2026-08-16T15:55:00,RELEASED,RELEASED,LATAM,SAME_DAY
ORD-102907,SKU-00975,1,DC-02,STANDARD,2026-08-16T03:56:00,2026-08-16T09:56:00,ALLOCATED,EXCEPTION,MEA,SAME_DAY
ORD-102908,SKU-00471,1,DC-13,STANDARD,2026-08-16T04:12:00,2026-08-16T12:12:00,PACKING,PACKING,MEA,STANDARD
ORD-102909,SKU-00909,1,DC-17,STANDARD,2026-08-16T04:12:00,2026-08-16T16:12:00,PACKING,PACKING,EU,STANDARD
ORD-102910,SKU-00114,1,DC-17,CRITICAL,2026-08-16T04:18:00,2026-08-17T04:18:00,SHIPPED,SHIPPED,LATAM,STANDARD
ORD-102911,SKU-00119,1,DC-13,STANDARD,2026-08-16T04:23:00,2026-08-17T04:23:00,PACKING,PACKING,MEA,STANDARD
ORD-102912,SKU-00770,1,DC-10,STANDARD,2026-08-16T04:26:00,2026-08-16T16:26:00,ALLOCATED,ALLOCATED,LATAM,STANDARD
ORD-102913,SKU-00063,1,DC-04,STANDARD,2026-08-16T04:32:00,2026-08-16T10:32:00,PICKING,EXCEPTION,APAC,NEXT_DAY
ORD-102914,SKU-00360,1,DC-02,STANDARD,2026-08-16T04:36:00,2026-08-16T08:36:00,ALLOCATED,ALLOCATED,MEA,STANDARD
ORD-102915,SKU-00189,1,DC-13,STANDARD,2026-08-16T04:45:00,2026-08-16T08:45:00,PACKING,PACKING,APAC,STANDARD
ORD-102916,SKU-00195,1,DC-09,STANDARD,2026-08-16T04:57:00,2026-08-16T16:57:00,STAGED,STAGED,MEA,SAME_DAY
ORD-102917,SKU-01038,1,DC-04,EXPEDITE,2026-08-16T05:10:00,2026-08-16T17:10:00,EXCEPTION,HOLD,APAC,STANDARD
ORD-102918,SKU-00327,1,DC-18,STANDARD,2026-08-16T05:14:00,2026-08-16T09:14:00,PACKING,PACKING,MEA,NEXT_DAY
ORD-102919,SKU-00970,1,DC-14,STANDARD,2026-08-16T05:16:00,2026-08-17T05:16:00,PACKING,HOLD,MEA,SAME_DAY
ORD-102920,SKU-00148,1,DC-17,STANDARD,2026-08-16T05:21:00,2026-08-16T09:21:00,EXCEPTION,EXCEPTION,APAC,NEXT_DAY
ORD-102921,SKU-00861,1,DC-17,STANDARD,2026-08-16T05:23:00,2026-08-16T13:23:00,RELEASED,RELEASED,MEA,STANDARD
ORD-102922,SKU-01104,1,DC-04,CRITICAL,2026-08-16T05:24:00,2026-08-16T13:24:00,PACKING,PACKING,EU,STANDARD
ORD-102923,SKU-00347,1,DC-18,EXPEDITE,2026-08-16T05:38:00,2026-08-17T05:38:00,ALLOCATED,HOLD,MEA,SAME_DAY
ORD-102924,SKU-00329,1,DC-07,STANDARD,2026-08-16T05:45:00,2026-08-17T05:45:00,STAGED,HOLD,EU,STANDARD
ORD-102925,SKU-00255,1,DC-03,STANDARD,2026-08-16T06:01:00,2026-08-16T12:01:00,RELEASED,RELEASED,LATAM,SAME_DAY
ORD-102926,SKU-01052,1,DC-12,STANDARD,2026-08-16T06:02:00,2026-08-16T18:02:00,SHIPPED,HOLD,LATAM,SAME_DAY
ORD-102927,SKU-01059,1,DC-18,STANDARD,2026-08-16T06:11:00,2026-08-17T06:11:00,ALLOCATED,ALLOCATED,MEA,SAME_DAY
ORD-102928,SKU-00493,1,DC-02,STANDARD,2026-08-16T06:13:00,2026-08-17T06:13:00,PACKING,EXCEPTION,LATAM,NEXT_DAY
ORD-102929,SKU-00734,1,DC-01,CRITICAL,2026-08-16T06:18:00,2026-08-16T10:18:00,SHIPPED,EXCEPTION,MEA,STANDARD
ORD-102930,SKU-00963,1,DC-03,STANDARD,2026-08-16T06:20:00,2026-08-16T12:20:00,STAGED,STAGED,LATAM,SAME_DAY
ORD-102931,SKU-00896,1,DC-15,STANDARD,2026-08-16T06:31:00,2026-08-16T10:31:00,PACKING,HOLD,EU,SAME_DAY
ORD-102932,SKU-00507,1,DC-09,EXPEDITE,2026-08-16T06:31:00,2026-08-16T14:31:00,STAGED,HOLD,APAC,NEXT_DAY
ORD-102933,SKU-00314,1,DC-16,STANDARD,2026-08-16T06:53:00,2026-08-17T06:53:00,ALLOCATED,ALLOCATED,MEA,STANDARD
ORD-102934,SKU-00642,1,DC-06,CRITICAL,2026-08-16T07:08:00,2026-08-16T15:08:00,SHIPPED,SHIPPED,EU,SAME_DAY
ORD-102935,SKU-00406,1,DC-04,STANDARD,2026-08-16T07:08:00,2026-08-16T11:08:00,PACKING,HOLD,LATAM,SAME_DAY
ORD-102936,SKU-00445,1,DC-07,CRITICAL,2026-08-16T07:11:00,2026-08-16T11:11:00,RELEASED,RELEASED,EU,NEXT_DAY
ORD-102937,SKU-00010,1,DC-01,STANDARD,2026-08-16T07:36:00,2026-08-16T11:36:00,RELEASED,HOLD,MEA,NEXT_DAY
ORD-102938,SKU-00062,1,DC-06,STANDARD,2026-08-16T07:37:00,2026-08-16T19:37:00,EXCEPTION,HOLD,LATAM,STANDARD
ORD-102939,SKU-01164,1,DC-02,STANDARD,2026-08-16T07:40:00,2026-08-16T15:40:00,RELEASED,EXCEPTION,EU,SAME_DAY
ORD-102940,SKU-00769,1,DC-10,STANDARD,2026-08-16T07:57:00,2026-08-16T11:57:00,SHIPPED,EXCEPTION,MEA,NEXT_DAY
ORD-102941,SKU-00428,1,DC-05,STANDARD,2026-08-16T07:58:00,2026-08-16T13:58:00,PICKING,PICKING,APAC,SAME_DAY
ORD-102942,SKU-00961,1,DC-15,CRITICAL,2026-08-16T08:09:00,2026-08-16T14:09:00,PACKING,PACKING,EU,SAME_DAY
ORD-102943,SKU-00219,1,DC-05,EXPEDITE,2026-08-16T08:11:00,2026-08-17T08:11:00,RELEASED,EXCEPTION,EU,SAME_DAY
ORD-102944,SKU-00789,1,DC-04,STANDARD,2026-08-16T08:14:00,2026-08-16T20:14:00,PACKING,EXCEPTION,EU,SAME_DAY
ORD-102945,SKU-00378,1,DC-01,STANDARD,2026-08-16T08:14:00,2026-08-16T12:14:00,SHIPPED,SHIPPED,MEA,STANDARD
ORD-102946,SKU-00606,1,DC-16,EXPEDITE,2026-08-16T08:35:00,2026-08-16T20:35:00,PICKING,EXCEPTION,APAC,NEXT_DAY
ORD-102947,SKU-00094,1,DC-11,EXPEDITE,2026-08-16T08:51:00,2026-08-16T12:51:00,PACKING,HOLD,LATAM,SAME_DAY
ORD-102948,SKU-00856,1,DC-11,STANDARD,2026-08-16T08:53:00,2026-08-16T12:53:00,STAGED,STAGED,EU,STANDARD
ORD-102949,SKU-01118,1,DC-03,CRITICAL,2026-08-16T08:57:00,2026-08-16T12:57:00,STAGED,STAGED,MEA,SAME_DAY
ORD-102950,SKU-00133,1,DC-12,STANDARD,2026-08-16T09:27:00,2026-08-17T09:27:00,SHIPPED,HOLD,MEA,STANDARD
ORD-102951,SKU-00130,1,DC-18,STANDARD,2026-08-16T09:33:00,2026-08-16T21:33:00,PACKING,PACKING,EU,STANDARD
ORD-102952,SKU-00435,1,DC-04,STANDARD,2026-08-16T09:37:00,2026-08-16T13:37:00,PICKING,PICKING,EU,NEXT_DAY
ORD-102953,SKU-00713,1,DC-04,EXPEDITE,2026-08-16T09:55:00,2026-08-16T13:55:00,STAGED,EXCEPTION,EU,NEXT_DAY
ORD-102954,SKU-00976,1,DC-14,STANDARD,2026-08-16T09:56:00,2026-08-16T15:56:00,ALLOCATED,EXCEPTION,MEA,SAME_DAY
ORD-102955,SKU-00056,1,DC-12,STANDARD,2026-08-16T09:57:00,2026-08-16T21:57:00,STAGED,STAGED,LATAM,NEXT_DAY
ORD-102956,SKU-00787,1,DC-04,STANDARD,2026-08-16T10:05:00,2026-08-17T10:05:00,STAGED,STAGED,EU,SAME_DAY
ORD-102957,SKU-01124,1,DC-04,STANDARD,2026-08-16T10:12:00,2026-08-16T18:12:00,RELEASED,RELEASED,MEA,STANDARD
ORD-102958,SKU-01194,1,DC-08,STANDARD,2026-08-16T10:14:00,2026-08-16T16:14:00,PICKING,EXCEPTION,EU,SAME_DAY
ORD-102959,SKU-00913,1,DC-05,STANDARD,2026-08-16T10:23:00,2026-08-16T22:23:00,RELEASED,RELEASED,APAC,STANDARD
ORD-102960,SKU-00992,1,DC-18,STANDARD,2026-08-16T10:49:00,2026-08-16T18:49:00,RELEASED,RELEASED,EU,NEXT_DAY
ORD-102961,SKU-01151,1,DC-13,STANDARD,2026-08-16T10:59:00,2026-08-17T10:59:00,SHIPPED,HOLD,APAC,SAME_DAY
ORD-102962,SKU-00220,1,DC-17,EXPEDITE,2026-08-16T11:03:00,2026-08-16T17:03:00,ALLOCATED,EXCEPTION,EU,SAME_DAY
ORD-102963,SKU-00355,1,DC-17,STANDARD,2026-08-16T11:09:00,2026-08-16T17:09:00,PICKING,PICKING,LATAM,SAME_DAY
ORD-102964,SKU-01078,1,DC-02,EXPEDITE,2026-08-16T11:12:00,2026-08-17T11:12:00,PACKING,PACKING,EU,NEXT_DAY
ORD-102965,SKU-01152,1,DC-08,STANDARD,2026-08-16T11:17:00,2026-08-16T17:17:00,RELEASED,RELEASED,LATAM,NEXT_DAY
ORD-102966,SKU-00145,1,DC-04,STANDARD,2026-08-16T11:28:00,2026-08-16T15:28:00,STAGED,STAGED,LATAM,STANDARD
ORD-102967,SKU-00918,1,DC-04,STANDARD,2026-08-16T11:36:00,2026-08-17T11:36:00,ALLOCATED,ALLOCATED,APAC,STANDARD
ORD-102968,SKU-00341,1,DC-06,STANDARD,2026-08-16T11:38:00,2026-08-16T15:38:00,SHIPPED,SHIPPED,APAC,NEXT_DAY
ORD-102969,SKU-00445,1,DC-12,STANDARD,2026-08-16T11:45:00,2026-08-16T15:45:00,EXCEPTION,EXCEPTION,APAC,SAME_DAY
ORD-102970,SKU-01014,1,DC-11,EXPEDITE,2026-08-16T11:48:00,2026-08-16T19:48:00,ALLOCATED,ALLOCATED,MEA,SAME_DAY
ORD-102971,SKU-00264,1,DC-03,CRITICAL,2026-08-16T11:55:00,2026-08-16T19:55:00,PICKING,PICKING,APAC,STANDARD
ORD-102972,SKU-00762,1,DC-07,STANDARD,2026-08-16T11:58:00,2026-08-16T17:58:00,SHIPPED,SHIPPED,EU,SAME_DAY
ORD-102973,SKU-00906,1,DC-01,STANDARD,2026-08-16T12:10:00,2026-08-16T20:10:00,RELEASED,RELEASED,APAC,STANDARD
ORD-102974,SKU-00769,1,DC-04,CRITICAL,2026-08-16T12:14:00,2026-08-17T00:14:00,ALLOCATED,HOLD,MEA,NEXT_DAY
ORD-102975,SKU-00621,1,DC-03,STANDARD,2026-08-16T12:21:00,2026-08-16T18:21:00,PACKING,HOLD,APAC,STANDARD
ORD-102976,SKU-00503,1,DC-10,STANDARD,2026-08-16T12:22:00,2026-08-17T00:22:00,ALLOCATED,ALLOCATED,EU,SAME_DAY
ORD-102977,SKU-00249,1,DC-18,CRITICAL,2026-08-16T12:30:00,2026-08-16T18:30:00,PACKING,PACKING,EU,STANDARD
ORD-102978,SKU-01040,1,DC-10,CRITICAL,2026-08-16T12:31:00,2026-08-17T00:31:00,RELEASED,RELEASED,LATAM,SAME_DAY
ORD-102979,SKU-00987,1,DC-04,STANDARD,2026-08-16T12:55:00,2026-08-16T18:55:00,EXCEPTION,EXCEPTION,LATAM,NEXT_DAY
ORD-102980,SKU-00671,1,DC-02,STANDARD,2026-08-16T12:57:00,2026-08-16T20:57:00,PACKING,HOLD,LATAM,STANDARD
ORD-102981,SKU-00322,1,DC-14,STANDARD,2026-08-16T13:01:00,2026-08-16T17:01:00,PACKING,HOLD,MEA,STANDARD
ORD-102982,SKU-00892,1,DC-13,EXPEDITE,2026-08-16T13:03:00,2026-08-16T17:03:00,RELEASED,RELEASED,MEA,SAME_DAY
ORD-102983,SKU-00630,1,DC-04,CRITICAL,2026-08-16T13:09:00,2026-08-17T13:09:00,PICKING,PICKING,APAC,NEXT_DAY
ORD-102984,SKU-01094,1,DC-18,STANDARD,2026-08-16T13:09:00,2026-08-17T13:09:00,EXCEPTION,EXCEPTION,APAC,NEXT_DAY
ORD-102985,SKU-00789,1,DC-06,EXPEDITE,2026-08-16T13:14:00,2026-08-16T17:14:00,PACKING,EXCEPTION,MEA,STANDARD
ORD-102986,SKU-00863,1,DC-02,EXPEDITE,2026-08-16T13:18:00,2026-08-16T17:18:00,STAGED,HOLD,LATAM,NEXT_DAY
ORD-102987,SKU-00659,1,DC-10,STANDARD,2026-08-16T13:21:00,2026-08-16T21:21:00,STAGED,EXCEPTION,MEA,SAME_DAY
ORD-102988,SKU-00008,1,DC-11,EXPEDITE,2026-08-16T13:24:00,2026-08-16T21:24:00,SHIPPED,HOLD,LATAM,STANDARD
ORD-102989,SKU-00235,1,DC-04,STANDARD,2026-08-16T13:43:00,2026-08-17T13:43:00,EXCEPTION,EXCEPTION,EU,STANDARD
ORD-102990,SKU-00641,1,DC-08,STANDARD,2026-08-16T13:50:00,2026-08-16T19:50:00,RELEASED,RELEASED,MEA,NEXT_DAY
ORD-102991,SKU-01162,1,DC-07,STANDARD,2026-08-16T14:19:00,2026-08-16T20:19:00,STAGED,HOLD,APAC,NEXT_DAY
ORD-102992,SKU-01177,1,DC-18,EXPEDITE,2026-08-16T14:28:00,2026-08-16T22:28:00,RELEASED,RELEASED,MEA,STANDARD
ORD-102993,SKU-00900,1,DC-06,STANDARD,2026-08-16T14:30:00,2026-08-16T22:30:00,STAGED,HOLD,APAC,NEXT_DAY
ORD-102994,SKU-00099,1,DC-03,STANDARD,2026-08-16T14:40:00,2026-08-16T18:40:00,ALLOCATED,HOLD,APAC,STANDARD
ORD-102995,SKU-00257,1,DC-07,EXPEDITE,2026-08-16T14:53:00,2026-08-16T20:53:00,SHIPPED,SHIPPED,LATAM,STANDARD
ORD-102996,SKU-00738,1,DC-08,STANDARD,2026-08-16T15:03:00,2026-08-17T03:03:00,PICKING,PICKING,APAC,SAME_DAY
ORD-102997,SKU-00725,1,DC-07,CRITICAL,2026-08-16T15:06:00,2026-08-16T23:06:00,PICKING,EXCEPTION,LATAM,NEXT_DAY
ORD-102998,SKU-01088,1,DC-17,STANDARD,2026-08-16T15:12:00,2026-08-16T19:12:00,PICKING,HOLD,MEA,SAME_DAY
ORD-102999,SKU-01156,1,DC-05,STANDARD,2026-08-16T15:15:00,2026-08-16T19:15:00,PICKING,EXCEPTION,APAC,NEXT_DAY
ORD-103000,SKU-00451,1,DC-08,STANDARD,2026-08-16T15:27:00,2026-08-16T21:27:00,EXCEPTION,EXCEPTION,APAC,NEXT_DAY
ORD-103001,SKU-00269,1,DC-09,CRITICAL,2026-08-16T15:32:00,2026-08-16T19:32:00,EXCEPTION,EXCEPTION,APAC,STANDARD
ORD-103002,SKU-00171,1,DC-01,STANDARD,2026-08-16T15:33:00,2026-08-16T21:33:00,RELEASED,RELEASED,MEA,STANDARD
ORD-103003,SKU-00551,1,DC-05,STANDARD,2026-08-16T15:34:00,2026-08-16T19:34:00,RELEASED,HOLD,LATAM,STANDARD
ORD-103004,SKU-00694,1,DC-15,EXPEDITE,2026-08-16T15:42:00,2026-08-16T19:42:00,SHIPPED,SHIPPED,LATAM,NEXT_DAY
ORD-103005,SKU-00291,1,DC-06,STANDARD,2026-08-16T15:43:00,2026-08-17T15:43:00,EXCEPTION,EXCEPTION,MEA,SAME_DAY
ORD-103006,SKU-00182,1,DC-18,CRITICAL,2026-08-16T15:57:00,2026-08-16T21:57:00,SHIPPED,HOLD,MEA,STANDARD
ORD-103007,SKU-00892,1,DC-12,EXPEDITE,2026-08-16T15:59:00,2026-08-16T23:59:00,PACKING,PACKING,APAC,SAME_DAY
ORD-103008,SKU-00725,1,DC-10,STANDARD,2026-08-16T16:00:00,2026-08-16T22:00:00,PACKING,EXCEPTION,APAC,SAME_DAY
ORD-103009,SKU-00878,1,DC-09,STANDARD,2026-08-16T16:00:00,2026-08-17T00:00:00,STAGED,STAGED,EU,NEXT_DAY
ORD-103010,SKU-00655,1,DC-10,STANDARD,2026-08-16T16:04:00,2026-08-17T00:04:00,PACKING,PACKING,APAC,NEXT_DAY
ORD-103011,SKU-01155,1,DC-06,STANDARD,2026-08-16T16:06:00,2026-08-16T22:06:00,PACKING,PACKING,MEA,STANDARD
ORD-103012,SKU-00927,1,DC-05,EXPEDITE,2026-08-16T16:08:00,2026-08-17T04:08:00,RELEASED,EXCEPTION,MEA,SAME_DAY
ORD-103013,SKU-00328,1,DC-17,CRITICAL,2026-08-16T16:24:00,2026-08-17T16:24:00,ALLOCATED,ALLOCATED,MEA,STANDARD
ORD-103014,SKU-00270,1,DC-17,STANDARD,2026-08-16T16:27:00,2026-08-17T00:27:00,SHIPPED,SHIPPED,MEA,NEXT_DAY
ORD-103015,SKU-00726,1,DC-15,STANDARD,2026-08-16T16:35:00,2026-08-17T16:35:00,PACKING,PACKING,APAC,SAME_DAY
ORD-103016,SKU-00610,1,DC-17,STANDARD,2026-08-16T16:47:00,2026-08-17T16:47:00,PACKING,PACKING,EU,NEXT_DAY
ORD-103017,SKU-00348,1,DC-04,STANDARD,2026-08-16T16:51:00,2026-08-17T16:51:00,PICKING,EXCEPTION,APAC,STANDARD
ORD-103018,SKU-00954,1,DC-03,STANDARD,2026-08-16T17:08:00,2026-08-17T17:08:00,PICKING,PICKING,LATAM,SAME_DAY
ORD-103019,SKU-00901,1,DC-16,STANDARD,2026-08-16T17:20:00,2026-08-16T21:20:00,PACKING,EXCEPTION,EU,NEXT_DAY
ORD-103020,SKU-00641,1,DC-01,STANDARD,2026-08-16T17:26:00,2026-08-16T21:26:00,EXCEPTION,EXCEPTION,MEA,NEXT_DAY
ORD-103021,SKU-00176,1,DC-05,STANDARD,2026-08-16T17:42:00,2026-08-17T05:42:00,EXCEPTION,EXCEPTION,EU,NEXT_DAY
ORD-103022,SKU-00121,1,DC-14,STANDARD,2026-08-16T17:46:00,2026-08-17T05:46:00,EXCEPTION,EXCEPTION,EU,STANDARD
ORD-103023,SKU-00804,1,DC-09,STANDARD,2026-08-16T17:48:00,2026-08-17T17:48:00,RELEASED,RELEASED,MEA,STANDARD
ORD-103024,SKU-00443,1,DC-17,EXPEDITE,2026-08-16T17:57:00,2026-08-16T23:57:00,ALLOCATED,ALLOCATED,LATAM,SAME_DAY
ORD-103025,SKU-01123,1,DC-10,STANDARD,2026-08-16T18:05:00,2026-08-17T02:05:00,EXCEPTION,HOLD,EU,SAME_DAY
ORD-103026,SKU-00088,1,DC-03,EXPEDITE,2026-08-16T18:10:00,2026-08-16T22:10:00,SHIPPED,SHIPPED,APAC,STANDARD
ORD-103027,SKU-00291,1,DC-12,STANDARD,2026-08-16T18:17:00,2026-08-17T06:17:00,ALLOCATED,HOLD,LATAM,SAME_DAY
ORD-103028,SKU-00780,1,DC-09,EXPEDITE,2026-08-16T18:23:00,2026-08-17T18:23:00,SHIPPED,HOLD,APAC,NEXT_DAY
ORD-103029,SKU-00725,1,DC-09,EXPEDITE,2026-08-16T18:30:00,2026-08-17T02:30:00,PICKING,PICKING,APAC,SAME_DAY
ORD-103030,SKU-00507,1,DC-15,STANDARD,2026-08-16T18:32:00,2026-08-16T22:32:00,RELEASED,RELEASED,LATAM,STANDARD
ORD-103031,SKU-00449,1,DC-13,STANDARD,2026-08-16T18:48:00,2026-08-17T00:48:00,SHIPPED,SHIPPED,LATAM,NEXT_DAY
ORD-103032,SKU-00929,1,DC-14,CRITICAL,2026-08-16T18:54:00,2026-08-17T18:54:00,PICKING,EXCEPTION,MEA,SAME_DAY
ORD-103033,SKU-00194,1,DC-01,EXPEDITE,2026-08-16T18:55:00,2026-08-17T02:55:00,STAGED,STAGED,LATAM,SAME_DAY
ORD-103034,SKU-00627,1,DC-16,CRITICAL,2026-08-16T19:15:00,2026-08-17T19:15:00,SHIPPED,SHIPPED,LATAM,NEXT_DAY
ORD-103035,SKU-00503,1,DC-05,EXPEDITE,2026-08-16T19:15:00,2026-08-17T03:15:00,SHIPPED,SHIPPED,LATAM,STANDARD
ORD-103036,SKU-00397,1,DC-05,STANDARD,2026-08-16T19:17:00,2026-08-17T03:17:00,EXCEPTION,HOLD,LATAM,SAME_DAY
ORD-103037,SKU-00402,1,DC-14,STANDARD,2026-08-16T19:33:00,2026-08-17T01:33:00,PACKING,EXCEPTION,LATAM,NEXT_DAY
ORD-103038,SKU-00406,1,DC-02,STANDARD,2026-08-16T19:36:00,2026-08-17T01:36:00,EXCEPTION,EXCEPTION,EU,SAME_DAY
ORD-103039,SKU-00908,1,DC-16,CRITICAL,2026-08-16T19:50:00,2026-08-16T23:50:00,PICKING,PICKING,APAC,NEXT_DAY
ORD-103040,SKU-00696,1,DC-11,STANDARD,2026-08-16T19:53:00,2026-08-17T03:53:00,SHIPPED,HOLD,MEA,NEXT_DAY
ORD-103041,SKU-00662,1,DC-07,STANDARD,2026-08-16T19:54:00,2026-08-17T07:54:00,ALLOCATED,ALLOCATED,APAC,STANDARD
ORD-103042,SKU-00279,1,DC-02,EXPEDITE,2026-08-16T20:06:00,2026-08-17T04:06:00,PACKING,EXCEPTION,LATAM,STANDARD
ORD-103043,SKU-00923,1,DC-16,EXPEDITE,2026-08-16T20:13:00,2026-08-17T20:13:00,EXCEPTION,HOLD,EU,SAME_DAY
ORD-103044,SKU-00434,1,DC-03,STANDARD,2026-08-16T20:18:00,2026-08-17T04:18:00,ALLOCATED,HOLD,APAC,SAME_DAY
ORD-103045,SKU-00364,1,DC-04,STANDARD,2026-08-16T20:26:00,2026-08-17T02:26:00,RELEASED,EXCEPTION,MEA,STANDARD
ORD-103046,SKU-00840,1,DC-04,STANDARD,2026-08-16T20:40:00,2026-08-17T00:40:00,SHIPPED,EXCEPTION,EU,STANDARD
ORD-103047,SKU-00787,1,DC-14,STANDARD,2026-08-16T20:48:00,2026-08-17T20:48:00,ALLOCATED,ALLOCATED,APAC,NEXT_DAY
ORD-103048,SKU-00370,1,DC-17,EXPEDITE,2026-08-16T20:50:00,2026-08-17T20:50:00,RELEASED,RELEASED,MEA,SAME_DAY
ORD-103049,SKU-01033,1,DC-03,STANDARD,2026-08-16T20:50:00,2026-08-17T20:50:00,RELEASED,RELEASED,EU,STANDARD
ORD-103050,SKU-01143,1,DC-05,EXPEDITE,2026-08-16T20:54:00,2026-08-17T04:54:00,EXCEPTION,EXCEPTION,EU,NEXT_DAY
ORD-103051,SKU-00195,1,DC-13,EXPEDITE,2026-08-16T20:58:00,2026-08-17T20:58:00,ALLOCATED,EXCEPTION,EU,NEXT_DAY
ORD-103052,SKU-00333,1,DC-11,STANDARD,2026-08-16T21:00:00,2026-08-17T01:00:00,ALLOCATED,ALLOCATED,LATAM,SAME_DAY
ORD-103053,SKU-00752,1,DC-05,STANDARD,2026-08-16T21:02:00,2026-08-17T21:02:00,PICKING,PICKING,EU,NEXT_DAY
ORD-103054,SKU-00355,1,DC-05,STANDARD,2026-08-16T21:07:00,2026-08-17T03:07:00,EXCEPTION,HOLD,APAC,SAME_DAY
ORD-103055,SKU-00611,1,DC-09,STANDARD,2026-08-16T21:11:00,2026-08-17T21:11:00,PICKING,PICKING,APAC,NEXT_DAY
ORD-103056,SKU-00457,1,DC-02,STANDARD,2026-08-16T21:17:00,2026-08-17T03:17:00,PACKING,EXCEPTION,LATAM,STANDARD
ORD-103057,SKU-00364,1,DC-15,EXPEDITE,2026-08-16T21:37:00,2026-08-17T01:37:00,ALLOCATED,ALLOCATED,LATAM,STANDARD
ORD-103058,SKU-00818,1,DC-16,STANDARD,2026-08-16T21:37:00,2026-08-17T09:37:00,RELEASED,EXCEPTION,LATAM,STANDARD
ORD-103059,SKU-00470,1,DC-16,EXPEDITE,2026-08-16T21:42:00,2026-08-17T09:42:00,PICKING,PICKING,MEA,STANDARD
ORD-103060,SKU-00101,1,DC-12,STANDARD,2026-08-16T21:44:00,2026-08-17T09:44:00,STAGED,HOLD,LATAM,SAME_DAY
ORD-103061,SKU-00789,1,DC-05,STANDARD,2026-08-16T21:46:00,2026-08-17T03:46:00,PICKING,PICKING,LATAM,SAME_DAY
ORD-103062,SKU-00741,1,DC-16,CRITICAL,2026-08-16T22:29:00,2026-08-17T02:29:00,PACKING,PACKING,EU,STANDARD
ORD-103063,SKU-00407,1,DC-15,STANDARD,2026-08-16T22:33:00,2026-08-17T02:33:00,PICKING,PICKING,APAC,NEXT_DAY
ORD-103064,SKU-00269,1,DC-15,STANDARD,2026-08-16T22:41:00,2026-08-17T02:41:00,STAGED,STAGED,APAC,NEXT_DAY
ORD-103065,SKU-00754,1,DC-09,STANDARD,2026-08-16T22:54:00,2026-08-17T04:54:00,PACKING,PACKING,APAC,SAME_DAY
ORD-103066,SKU-00503,1,DC-05,STANDARD,2026-08-16T22:57:00,2026-08-17T22:57:00,SHIPPED,HOLD,APAC,NEXT_DAY
ORD-103067,SKU-00418,1,DC-10,EXPEDITE,2026-08-16T23:01:00,2026-08-17T03:01:00,RELEASED,RELEASED,LATAM,NEXT_DAY
ORD-103068,SKU-00132,1,DC-02,STANDARD,2026-08-16T23:09:00,2026-08-17T07:09:00,ALLOCATED,HOLD,APAC,STANDARD
ORD-103069,SKU-00355,1,DC-05,STANDARD,2026-08-16T23:13:00,2026-08-17T03:13:00,RELEASED,RELEASED,APAC,SAME_DAY
ORD-103070,SKU-00237,1,DC-09,STANDARD,2026-08-16T23:33:00,2026-08-17T07:33:00,STAGED,STAGED,LATAM,NEXT_DAY
ORD-103071,SKU-00373,1,DC-04,CRITICAL,2026-08-16T23:47:00,2026-08-17T07:47:00,STAGED,STAGED,MEA,STANDARD
ORD-103072,SKU-00315,1,DC-15,STANDARD,2026-08-16T23:51:00,2026-08-17T11:51:00,STAGED,STAGED,MEA,STANDARD
ORD-103073,SKU-00553,1,DC-17,STANDARD,2026-08-17T00:08:00,2026-08-17T12:08:00,RELEASED,RELEASED,APAC,STANDARD
ORD-103074,SKU-01035,1,DC-05,STANDARD,2026-08-17T00:16:00,2026-08-17T08:16:00,SHIPPED,EXCEPTION,LATAM,STANDARD
ORD-103075,SKU-00007,1,DC-15,STANDARD,2026-08-17T00:18:00,2026-08-17T06:18:00,EXCEPTION,EXCEPTION,APAC,NEXT_DAY
ORD-103076,SKU-00297,1,DC-08,STANDARD,2026-08-17T00:24:00,2026-08-18T00:24:00,SHIPPED,EXCEPTION,MEA,NEXT_DAY
ORD-103077,SKU-00982,1,DC-12,STANDARD,2026-08-17T00:25:00,2026-08-17T06:25:00,PACKING,PACKING,APAC,STANDARD
ORD-103078,SKU-00905,1,DC-16,STANDARD,2026-08-17T00:29:00,2026-08-17T08:29:00,EXCEPTION,EXCEPTION,EU,NEXT_DAY
ORD-103079,SKU-00674,1,DC-07,STANDARD,2026-08-17T00:36:00,2026-08-18T00:36:00,ALLOCATED,ALLOCATED,EU,STANDARD
ORD-103080,SKU-00285,1,DC-12,STANDARD,2026-08-17T00:39:00,2026-08-17T06:39:00,PACKING,HOLD,APAC,SAME_DAY
ORD-103081,SKU-01175,1,DC-04,CRITICAL,2026-08-17T00:50:00,2026-08-17T04:50:00,PACKING,HOLD,LATAM,STANDARD
ORD-103082,SKU-01102,1,DC-08,EXPEDITE,2026-08-17T01:10:00,2026-08-17T07:10:00,STAGED,EXCEPTION,APAC,STANDARD
ORD-103083,SKU-01051,1,DC-13,STANDARD,2026-08-17T01:10:00,2026-08-17T13:10:00,ALLOCATED,HOLD,APAC,STANDARD
ORD-103084,SKU-01189,1,DC-15,STANDARD,2026-08-17T01:12:00,2026-08-17T07:12:00,RELEASED,HOLD,EU,NEXT_DAY
ORD-103085,SKU-01185,1,DC-04,STANDARD,2026-08-17T01:18:00,2026-08-18T01:18:00,STAGED,STAGED,EU,STANDARD
ORD-103086,SKU-00923,1,DC-09,EXPEDITE,2026-08-17T01:19:00,2026-08-17T13:19:00,RELEASED,EXCEPTION,MEA,NEXT_DAY
ORD-103087,SKU-00282,1,DC-03,STANDARD,2026-08-17T01:22:00,2026-08-17T13:22:00,PACKING,EXCEPTION,APAC,STANDARD
ORD-103088,SKU-00606,1,DC-10,EXPEDITE,2026-08-17T01:46:00,2026-08-18T01:46:00,RELEASED,RELEASED,MEA,SAME_DAY
ORD-103089,SKU-00089,1,DC-06,STANDARD,2026-08-17T01:53:00,2026-08-18T01:53:00,PACKING,PACKING,MEA,NEXT_DAY
ORD-103090,SKU-00374,1,DC-05,STANDARD,2026-08-17T02:06:00,2026-08-17T10:06:00,PACKING,PACKING,APAC,STANDARD
ORD-103091,SKU-00447,1,DC-14,CRITICAL,2026-08-17T02:16:00,2026-08-18T02:16:00,PICKING,PICKING,MEA,SAME_DAY
ORD-103092,SKU-00340,1,DC-02,EXPEDITE,2026-08-17T02:16:00,2026-08-17T08:16:00,ALLOCATED,ALLOCATED,APAC,SAME_DAY
ORD-103093,SKU-01005,1,DC-03,EXPEDITE,2026-08-17T02:32:00,2026-08-17T14:32:00,EXCEPTION,EXCEPTION,APAC,STANDARD
ORD-103094,SKU-00735,1,DC-18,STANDARD,2026-08-17T02:33:00,2026-08-17T08:33:00,RELEASED,RELEASED,APAC,STANDARD
ORD-103095,SKU-00422,1,DC-13,STANDARD,2026-08-17T02:45:00,2026-08-17T08:45:00,ALLOCATED,HOLD,EU,NEXT_DAY
ORD-103096,SKU-00686,1,DC-09,STANDARD,2026-08-17T02:47:00,2026-08-17T10:47:00,RELEASED,RELEASED,APAC,STANDARD
ORD-103097,SKU-00392,1,DC-02,STANDARD,2026-08-17T02:56:00,2026-08-17T14:56:00,PACKING,HOLD,EU,STANDARD
ORD-103098,SKU-00998,1,DC-16,STANDARD,2026-08-17T02:58:00,2026-08-17T14:58:00,SHIPPED,HOLD,APAC,NEXT_DAY
ORD-103099,SKU-00337,1,DC-10,STANDARD,2026-08-17T02:58:00,2026-08-17T10:58:00,RELEASED,EXCEPTION,MEA,NEXT_DAY
ORD-103100,SKU-00778,1,DC-14,STANDARD,2026-08-17T03:02:00,2026-08-17T15:02:00,ALLOCATED,EXCEPTION,MEA,STANDARD
ORD-103101,SKU-01109,1,DC-16,STANDARD,2026-08-17T03:18:00,2026-08-18T03:18:00,EXCEPTION,EXCEPTION,APAC,NEXT_DAY
ORD-103102,SKU-00061,1,DC-01,EXPEDITE,2026-08-17T03:28:00,2026-08-17T07:28:00,PACKING,PACKING,APAC,NEXT_DAY
ORD-103103,SKU-01170,1,DC-12,CRITICAL,2026-08-17T03:58:00,2026-08-17T15:58:00,RELEASED,RELEASED,APAC,STANDARD
ORD-103104,SKU-00004,1,DC-14,STANDARD,2026-08-17T03:59:00,2026-08-18T03:59:00,EXCEPTION,EXCEPTION,APAC,SAME_DAY
ORD-103105,SKU-00642,1,DC-05,STANDARD,2026-08-17T04:10:00,2026-08-17T16:10:00,SHIPPED,EXCEPTION,EU,STANDARD
ORD-103106,SKU-00988,1,DC-14,STANDARD,2026-08-17T04:20:00,2026-08-17T12:20:00,STAGED,EXCEPTION,LATAM,NEXT_DAY
ORD-103107,SKU-00461,1,DC-04,CRITICAL,2026-08-17T04:29:00,2026-08-17T16:29:00,EXCEPTION,EXCEPTION,APAC,STANDARD
ORD-103108,SKU-00292,1,DC-10,STANDARD,2026-08-17T04:34:00,2026-08-17T12:34:00,STAGED,STAGED,APAC,STANDARD
ORD-103109,SKU-01164,1,DC-15,EXPEDITE,2026-08-17T04:38:00,2026-08-17T08:38:00,ALLOCATED,EXCEPTION,MEA,NEXT_DAY
ORD-103110,SKU-00459,1,DC-15,EXPEDITE,2026-08-17T04:55:00,2026-08-18T04:55:00,STAGED,EXCEPTION,EU,NEXT_DAY
ORD-103111,SKU-00280,1,DC-15,STANDARD,2026-08-17T05:06:00,2026-08-17T11:06:00,EXCEPTION,HOLD,EU,SAME_DAY
ORD-103112,SKU-00756,1,DC-05,STANDARD,2026-08-17T05:10:00,2026-08-17T17:10:00,PICKING,PICKING,MEA,SAME_DAY
ORD-103113,SKU-00729,1,DC-04,CRITICAL,2026-08-17T05:14:00,2026-08-17T17:14:00,STAGED,STAGED,MEA,NEXT_DAY
ORD-103114,SKU-00571,1,DC-16,STANDARD,2026-08-17T05:17:00,2026-08-17T11:17:00,RELEASED,HOLD,APAC,NEXT_DAY
ORD-103115,SKU-00608,1,DC-13,STANDARD,2026-08-17T05:39:00,2026-08-17T09:39:00,PICKING,HOLD,LATAM,NEXT_DAY
ORD-103116,SKU-00578,1,DC-08,CRITICAL,2026-08-17T05:47:00,2026-08-17T09:47:00,RELEASED,EXCEPTION,MEA,NEXT_DAY
ORD-103117,SKU-00522,1,DC-04,STANDARD,2026-08-17T05:57:00,2026-08-17T13:57:00,EXCEPTION,HOLD,MEA,NEXT_DAY
ORD-103118,SKU-01102,1,DC-10,EXPEDITE,2026-08-17T06:05:00,2026-08-18T06:05:00,RELEASED,EXCEPTION,EU,NEXT_DAY
ORD-103119,SKU-00971,1,DC-05,CRITICAL,2026-08-17T06:08:00,2026-08-17T14:08:00,PACKING,EXCEPTION,EU,NEXT_DAY
ORD-103120,SKU-00827,1,DC-13,EXPEDITE,2026-08-17T06:09:00,2026-08-18T06:09:00,RELEASED,EXCEPTION,MEA,NEXT_DAY
ORD-103121,SKU-00761,1,DC-05,STANDARD,2026-08-17T06:27:00,2026-08-17T12:27:00,STAGED,STAGED,EU,SAME_DAY
ORD-103122,SKU-00259,1,DC-05,STANDARD,2026-08-17T06:32:00,2026-08-17T10:32:00,PICKING,PICKING,EU,SAME_DAY
ORD-103123,SKU-00306,1,DC-16,STANDARD,2026-08-17T06:42:00,2026-08-17T14:42:00,PICKING,PICKING,APAC,STANDARD
ORD-103124,SKU-01116,1,DC-14,EXPEDITE,2026-08-17T07:00:00,2026-08-17T13:00:00,EXCEPTION,EXCEPTION,LATAM,STANDARD
ORD-103125,SKU-00511,1,DC-04,EXPEDITE,2026-08-17T07:14:00,2026-08-17T11:14:00,SHIPPED,SHIPPED,EU,NEXT_DAY
ORD-103126,SKU-00147,1,DC-15,STANDARD,2026-08-17T07:19:00,2026-08-17T19:19:00,ALLOCATED,ALLOCATED,MEA,SAME_DAY
ORD-103127,SKU-00491,1,DC-09,STANDARD,2026-08-17T07:19:00,2026-08-18T07:19:00,ALLOCATED,HOLD,APAC,NEXT_DAY
ORD-103128,SKU-01018,1,DC-16,STANDARD,2026-08-17T07:23:00,2026-08-17T19:23:00,PACKING,PACKING,LATAM,NEXT_DAY
ORD-103129,SKU-01184,1,DC-12,EXPEDITE,2026-08-17T07:28:00,2026-08-18T07:28:00,EXCEPTION,EXCEPTION,MEA,SAME_DAY
ORD-103130,SKU-00086,1,DC-18,EXPEDITE,2026-08-17T07:30:00,2026-08-18T07:30:00,PICKING,EXCEPTION,MEA,STANDARD
ORD-103131,SKU-01016,1,DC-18,CRITICAL,2026-08-17T07:31:00,2026-08-17T19:31:00,ALLOCATED,ALLOCATED,APAC,SAME_DAY
ORD-103132,SKU-00455,1,DC-18,EXPEDITE,2026-08-17T07:32:00,2026-08-17T19:32:00,PACKING,HOLD,LATAM,STANDARD
ORD-103133,SKU-00601,1,DC-12,EXPEDITE,2026-08-17T07:33:00,2026-08-18T07:33:00,SHIPPED,EXCEPTION,APAC,SAME_DAY
ORD-103134,SKU-01184,1,DC-06,EXPEDITE,2026-08-17T07:44:00,2026-08-17T13:44:00,ALLOCATED,ALLOCATED,EU,SAME_DAY
ORD-103135,SKU-00761,1,DC-13,STANDARD,2026-08-17T07:53:00,2026-08-18T07:53:00,RELEASED,EXCEPTION,LATAM,NEXT_DAY
ORD-103136,SKU-00720,1,DC-15,STANDARD,2026-08-17T07:59:00,2026-08-17T19:59:00,ALLOCATED,ALLOCATED,APAC,SAME_DAY
ORD-103137,SKU-00737,1,DC-04,CRITICAL,2026-08-17T08:03:00,2026-08-17T12:03:00,SHIPPED,SHIPPED,LATAM,STANDARD
ORD-103138,SKU-00816,1,DC-04,STANDARD,2026-08-17T08:04:00,2026-08-17T16:04:00,STAGED,STAGED,APAC,STANDARD
ORD-103139,SKU-00411,1,DC-11,STANDARD,2026-08-17T08:09:00,2026-08-17T12:09:00,SHIPPED,SHIPPED,MEA,NEXT_DAY
ORD-103140,SKU-00980,1,DC-16,STANDARD,2026-08-17T08:14:00,2026-08-17T14:14:00,PICKING,PICKING,APAC,SAME_DAY
ORD-103141,SKU-00829,1,DC-03,STANDARD,2026-08-17T08:24:00,2026-08-17T12:24:00,EXCEPTION,EXCEPTION,MEA,SAME_DAY
ORD-103142,SKU-00658,1,DC-12,STANDARD,2026-08-17T08:30:00,2026-08-17T20:30:00,SHIPPED,SHIPPED,LATAM,STANDARD
ORD-103143,SKU-00667,1,DC-15,STANDARD,2026-08-17T08:40:00,2026-08-17T14:40:00,PICKING,PICKING,LATAM,NEXT_DAY
ORD-103144,SKU-00035,1,DC-06,STANDARD,2026-08-17T08:53:00,2026-08-18T08:53:00,EXCEPTION,EXCEPTION,EU,NEXT_DAY
ORD-103145,SKU-00132,1,DC-05,STANDARD,2026-08-17T08:53:00,2026-08-17T12:53:00,PACKING,EXCEPTION,APAC,STANDARD
ORD-103146,SKU-01128,1,DC-03,STANDARD,2026-08-17T09:12:00,2026-08-18T09:12:00,PACKING,HOLD,EU,NEXT_DAY
ORD-103147,SKU-00910,1,DC-08,EXPEDITE,2026-08-17T09:14:00,2026-08-17T15:14:00,PICKING,PICKING,EU,STANDARD
ORD-103148,SKU-00253,1,DC-09,STANDARD,2026-08-17T09:18:00,2026-08-17T13:18:00,RELEASED,RELEASED,EU,NEXT_DAY
ORD-103149,SKU-00741,1,DC-01,STANDARD,2026-08-17T09:24:00,2026-08-17T13:24:00,SHIPPED,SHIPPED,APAC,SAME_DAY
ORD-103150,SKU-00597,1,DC-14,STANDARD,2026-08-17T09:31:00,2026-08-17T13:31:00,PACKING,EXCEPTION,LATAM,SAME_DAY
ORD-103151,SKU-00595,1,DC-15,STANDARD,2026-08-17T09:33:00,2026-08-17T17:33:00,ALLOCATED,ALLOCATED,EU,STANDARD
ORD-103152,SKU-00742,1,DC-05,STANDARD,2026-08-17T09:38:00,2026-08-17T15:38:00,PICKING,PICKING,LATAM,NEXT_DAY
ORD-103153,SKU-00393,1,DC-04,EXPEDITE,2026-08-17T09:54:00,2026-08-18T09:54:00,PICKING,PICKING,APAC,STANDARD
ORD-103154,SKU-00781,1,DC-14,EXPEDITE,2026-08-17T09:58:00,2026-08-17T21:58:00,RELEASED,RELEASED,EU,NEXT_DAY
ORD-103155,SKU-00272,1,DC-14,STANDARD,2026-08-17T10:00:00,2026-08-18T10:00:00,ALLOCATED,ALLOCATED,MEA,STANDARD
ORD-103156,SKU-01051,1,DC-09,STANDARD,2026-08-17T10:02:00,2026-08-17T16:02:00,STAGED,STAGED,LATAM,STANDARD
ORD-103157,SKU-01057,1,DC-12,STANDARD,2026-08-17T10:04:00,2026-08-18T10:04:00,EXCEPTION,HOLD,MEA,SAME_DAY
ORD-103158,SKU-00138,1,DC-16,CRITICAL,2026-08-17T10:16:00,2026-08-17T14:16:00,PICKING,PICKING,EU,NEXT_DAY
ORD-103159,SKU-00045,1,DC-18,CRITICAL,2026-08-17T10:17:00,2026-08-17T14:17:00,PACKING,EXCEPTION,EU,SAME_DAY
ORD-103160,SKU-00351,1,DC-05,STANDARD,2026-08-17T10:23:00,2026-08-17T16:23:00,RELEASED,RELEASED,APAC,STANDARD
ORD-103161,SKU-00201,1,DC-14,STANDARD,2026-08-17T10:26:00,2026-08-18T10:26:00,STAGED,HOLD,EU,NEXT_DAY
ORD-103162,SKU-00574,1,DC-10,EXPEDITE,2026-08-17T10:34:00,2026-08-17T22:34:00,SHIPPED,SHIPPED,LATAM,SAME_DAY
ORD-103163,SKU-00822,1,DC-17,EXPEDITE,2026-08-17T10:34:00,2026-08-17T14:34:00,PICKING,PICKING,MEA,STANDARD
ORD-103164,SKU-00132,1,DC-11,STANDARD,2026-08-17T10:35:00,2026-08-17T18:35:00,EXCEPTION,EXCEPTION,MEA,SAME_DAY
ORD-103165,SKU-00833,1,DC-10,CRITICAL,2026-08-17T10:43:00,2026-08-17T14:43:00,ALLOCATED,HOLD,LATAM,NEXT_DAY
ORD-103166,SKU-00101,1,DC-11,STANDARD,2026-08-17T10:45:00,2026-08-18T10:45:00,PICKING,PICKING,MEA,NEXT_DAY
ORD-103167,SKU-01081,1,DC-12,STANDARD,2026-08-17T10:49:00,2026-08-17T18:49:00,PACKING,PACKING,LATAM,NEXT_DAY
ORD-103168,SKU-00364,1,DC-16,EXPEDITE,2026-08-17T10:53:00,2026-08-17T14:53:00,PICKING,EXCEPTION,APAC,NEXT_DAY
ORD-103169,SKU-00856,1,DC-01,STANDARD,2026-08-17T11:01:00,2026-08-17T19:01:00,STAGED,HOLD,LATAM,NEXT_DAY
ORD-103170,SKU-00422,1,DC-03,EXPEDITE,2026-08-17T11:02:00,2026-08-18T11:02:00,STAGED,STAGED,MEA,SAME_DAY
ORD-103171,SKU-00469,1,DC-09,STANDARD,2026-08-17T11:16:00,2026-08-18T11:16:00,PICKING,PICKING,EU,STANDARD
ORD-103172,SKU-00252,1,DC-05,STANDARD,2026-08-17T11:33:00,2026-08-17T17:33:00,RELEASED,RELEASED,LATAM,NEXT_DAY
ORD-103173,SKU-00322,1,DC-07,STANDARD,2026-08-17T11:38:00,2026-08-17T19:38:00,EXCEPTION,HOLD,LATAM,NEXT_DAY
ORD-103174,SKU-00742,1,DC-07,STANDARD,2026-08-17T11:39:00,2026-08-17T15:39:00,PICKING,PICKING,LATAM,STANDARD
ORD-103175,SKU-01185,1,DC-16,STANDARD,2026-08-17T11:45:00,2026-08-17T19:45:00,PACKING,PACKING,EU,SAME_DAY
ORD-103176,SKU-00308,1,DC-13,CRITICAL,2026-08-17T11:50:00,2026-08-17T23:50:00,PACKING,PACKING,APAC,NEXT_DAY
ORD-103177,SKU-00582,1,DC-09,STANDARD,2026-08-17T12:07:00,2026-08-17T18:07:00,EXCEPTION,EXCEPTION,APAC,SAME_DAY
ORD-103178,SKU-00646,1,DC-08,EXPEDITE,2026-08-17T12:16:00,2026-08-18T00:16:00,PACKING,HOLD,LATAM,NEXT_DAY
ORD-103179,SKU-01159,1,DC-18,STANDARD,2026-08-17T12:20:00,2026-08-17T20:20:00,STAGED,STAGED,MEA,SAME_DAY
ORD-103180,SKU-00362,1,DC-09,EXPEDITE,2026-08-17T12:26:00,2026-08-17T20:26:00,RELEASED,RELEASED,MEA,SAME_DAY
ORD-103181,SKU-00787,1,DC-16,STANDARD,2026-08-17T12:50:00,2026-08-17T20:50:00,ALLOCATED,ALLOCATED,MEA,STANDARD
ORD-103182,SKU-00928,1,DC-05,STANDARD,2026-08-17T12:54:00,2026-08-17T16:54:00,SHIPPED,HOLD,APAC,NEXT_DAY
ORD-103183,SKU-00222,1,DC-17,STANDARD,2026-08-17T13:14:00,2026-08-18T01:14:00,PICKING,PICKING,EU,STANDARD
ORD-103184,SKU-00624,1,DC-05,STANDARD,2026-08-17T13:26:00,2026-08-17T19:26:00,STAGED,EXCEPTION,LATAM,NEXT_DAY
ORD-103185,SKU-00556,1,DC-11,STANDARD,2026-08-17T13:31:00,2026-08-17T17:31:00,PACKING,PACKING,EU,STANDARD
ORD-103186,SKU-00665,1,DC-06,STANDARD,2026-08-17T13:35:00,2026-08-18T13:35:00,PICKING,HOLD,LATAM,STANDARD
ORD-103187,SKU-00519,1,DC-17,CRITICAL,2026-08-17T13:50:00,2026-08-17T19:50:00,RELEASED,EXCEPTION,MEA,SAME_DAY
ORD-103188,SKU-00857,1,DC-17,EXPEDITE,2026-08-17T13:51:00,2026-08-18T13:51:00,EXCEPTION,EXCEPTION,LATAM,SAME_DAY
ORD-103189,SKU-01156,1,DC-18,CRITICAL,2026-08-17T13:54:00,2026-08-17T17:54:00,PICKING,PICKING,EU,SAME_DAY
ORD-103190,SKU-00336,1,DC-01,STANDARD,2026-08-17T13:58:00,2026-08-17T21:58:00,ALLOCATED,EXCEPTION,LATAM,SAME_DAY
ORD-103191,SKU-00863,1,DC-17,CRITICAL,2026-08-17T14:00:00,2026-08-17T20:00:00,RELEASED,HOLD,APAC,SAME_DAY
ORD-103192,SKU-00769,1,DC-12,EXPEDITE,2026-08-17T14:22:00,2026-08-18T02:22:00,SHIPPED,SHIPPED,LATAM,NEXT_DAY
ORD-103193,SKU-00392,1,DC-02,STANDARD,2026-08-17T14:30:00,2026-08-17T18:30:00,PACKING,PACKING,MEA,NEXT_DAY
ORD-103194,SKU-01100,1,DC-17,STANDARD,2026-08-17T14:31:00,2026-08-17T20:31:00,PACKING,PACKING,MEA,STANDARD
ORD-103195,SKU-00949,1,DC-17,STANDARD,2026-08-17T14:39:00,2026-08-18T14:39:00,PACKING,PACKING,LATAM,NEXT_DAY
ORD-103196,SKU-00873,1,DC-11,STANDARD,2026-08-17T14:40:00,2026-08-17T18:40:00,EXCEPTION,EXCEPTION,EU,NEXT_DAY
ORD-103197,SKU-00420,1,DC-12,STANDARD,2026-08-17T14:51:00,2026-08-17T20:51:00,PACKING,PACKING,EU,SAME_DAY
ORD-103198,SKU-00821,1,DC-08,STANDARD,2026-08-17T14:51:00,2026-08-17T22:51:00,RELEASED,RELEASED,MEA,STANDARD
ORD-103199,SKU-00402,1,DC-16,EXPEDITE,2026-08-17T14:56:00,2026-08-17T22:56:00,EXCEPTION,HOLD,APAC,SAME_DAY
ORD-103200,SKU-00991,1,DC-03,STANDARD,2026-08-17T15:23:00,2026-08-18T03:23:00,STAGED,HOLD,MEA,NEXT_DAY
ORD-103201,SKU-00915,1,DC-06,STANDARD,2026-08-17T15:34:00,2026-08-18T03:34:00,EXCEPTION,HOLD,EU,STANDARD
ORD-103202,SKU-00816,1,DC-11,EXPEDITE,2026-08-17T15:42:00,2026-08-17T19:42:00,STAGED,STAGED,APAC,SAME_DAY
ORD-103203,SKU-00401,1,DC-13,EXPEDITE,2026-08-17T15:45:00,2026-08-17T19:45:00,PACKING,PACKING,LATAM,STANDARD
ORD-103204,SKU-01086,1,DC-08,CRITICAL,2026-08-17T16:10:00,2026-08-18T00:10:00,EXCEPTION,EXCEPTION,EU,NEXT_DAY
ORD-103205,SKU-01061,1,DC-09,STANDARD,2026-08-17T16:20:00,2026-08-18T04:20:00,PACKING,PACKING,LATAM,NEXT_DAY
ORD-103206,SKU-00987,1,DC-18,STANDARD,2026-08-17T16:20:00,2026-08-18T00:20:00,PICKING,PICKING,LATAM,STANDARD
ORD-103207,SKU-01032,1,DC-08,STANDARD,2026-08-17T16:20:00,2026-08-17T22:20:00,SHIPPED,SHIPPED,APAC,NEXT_DAY
ORD-103208,SKU-00749,1,DC-01,STANDARD,2026-08-17T16:27:00,2026-08-17T20:27:00,EXCEPTION,EXCEPTION,LATAM,SAME_DAY
ORD-103209,SKU-00754,1,DC-14,STANDARD,2026-08-17T16:27:00,2026-08-17T22:27:00,SHIPPED,HOLD,LATAM,NEXT_DAY
ORD-103210,SKU-00937,1,DC-15,STANDARD,2026-08-17T16:40:00,2026-08-18T16:40:00,ALLOCATED,ALLOCATED,MEA,SAME_DAY
ORD-103211,SKU-00947,1,DC-07,CRITICAL,2026-08-17T16:43:00,2026-08-18T16:43:00,EXCEPTION,EXCEPTION,EU,SAME_DAY
ORD-103212,SKU-00563,1,DC-09,STANDARD,2026-08-17T16:48:00,2026-08-18T04:48:00,STAGED,EXCEPTION,LATAM,NEXT_DAY
ORD-103213,SKU-01074,1,DC-07,STANDARD,2026-08-17T17:26:00,2026-08-18T01:26:00,ALLOCATED,HOLD,MEA,SAME_DAY
ORD-103214,SKU-00630,1,DC-04,STANDARD,2026-08-17T17:29:00,2026-08-17T23:29:00,STAGED,STAGED,MEA,STANDARD
ORD-103215,SKU-00029,1,DC-13,EXPEDITE,2026-08-17T17:43:00,2026-08-18T01:43:00,PACKING,PACKING,MEA,STANDARD
ORD-103216,SKU-00314,1,DC-16,STANDARD,2026-08-17T17:44:00,2026-08-18T05:44:00,PICKING,HOLD,APAC,NEXT_DAY
ORD-103217,SKU-01158,1,DC-07,STANDARD,2026-08-17T17:44:00,2026-08-18T17:44:00,STAGED,STAGED,MEA,STANDARD
ORD-103218,SKU-00503,1,DC-10,STANDARD,2026-08-17T17:52:00,2026-08-17T21:52:00,PACKING,PACKING,APAC,NEXT_DAY
ORD-103219,SKU-00023,1,DC-04,STANDARD,2026-08-17T18:08:00,2026-08-17T22:08:00,SHIPPED,SHIPPED,APAC,SAME_DAY
ORD-103220,SKU-00784,1,DC-04,STANDARD,2026-08-17T18:10:00,2026-08-17T22:10:00,SHIPPED,HOLD,MEA,STANDARD
ORD-103221,SKU-00254,1,DC-11,STANDARD,2026-08-17T18:11:00,2026-08-18T18:11:00,SHIPPED,HOLD,MEA,NEXT_DAY
ORD-103222,SKU-00218,1,DC-07,STANDARD,2026-08-17T18:13:00,2026-08-18T00:13:00,PICKING,PICKING,APAC,NEXT_DAY
ORD-103223,SKU-00559,1,DC-16,EXPEDITE,2026-08-17T18:26:00,2026-08-18T18:26:00,EXCEPTION,EXCEPTION,APAC,STANDARD
ORD-103224,SKU-00925,1,DC-10,STANDARD,2026-08-17T18:26:00,2026-08-17T22:26:00,STAGED,HOLD,EU,STANDARD
ORD-103225,SKU-00072,1,DC-07,EXPEDITE,2026-08-17T18:28:00,2026-08-18T00:28:00,ALLOCATED,HOLD,EU,NEXT_DAY
ORD-103226,SKU-00040,1,DC-08,STANDARD,2026-08-17T18:37:00,2026-08-18T18:37:00,RELEASED,RELEASED,APAC,SAME_DAY
ORD-103227,SKU-00289,1,DC-05,STANDARD,2026-08-17T18:53:00,2026-08-18T18:53:00,RELEASED,EXCEPTION,EU,NEXT_DAY
ORD-103228,SKU-00527,1,DC-17,STANDARD,2026-08-17T18:58:00,2026-08-18T06:58:00,STAGED,STAGED,APAC,SAME_DAY
ORD-103229,SKU-00318,1,DC-16,STANDARD,2026-08-17T19:00:00,2026-08-18T19:00:00,PACKING,PACKING,LATAM,SAME_DAY
ORD-103230,SKU-00879,1,DC-13,STANDARD,2026-08-17T19:00:00,2026-08-18T01:00:00,STAGED,STAGED,MEA,STANDARD
ORD-103231,SKU-00385,1,DC-11,STANDARD,2026-08-17T19:15:00,2026-08-18T07:15:00,RELEASED,HOLD,LATAM,SAME_DAY
ORD-103232,SKU-00082,1,DC-15,EXPEDITE,2026-08-17T19:15:00,2026-08-18T03:15:00,EXCEPTION,EXCEPTION,MEA,STANDARD
ORD-103233,SKU-00291,1,DC-05,EXPEDITE,2026-08-17T19:20:00,2026-08-18T07:20:00,SHIPPED,SHIPPED,MEA,NEXT_DAY
ORD-103234,SKU-00661,1,DC-10,EXPEDITE,2026-08-17T19:24:00,2026-08-18T07:24:00,PICKING,EXCEPTION,MEA,SAME_DAY
ORD-103235,SKU-00222,1,DC-03,STANDARD,2026-08-17T19:30:00,2026-08-18T01:30:00,RELEASED,RELEASED,MEA,NEXT_DAY
ORD-103236,SKU-00487,1,DC-13,STANDARD,2026-08-17T19:47:00,2026-08-17T23:47:00,EXCEPTION,EXCEPTION,MEA,NEXT_DAY
ORD-103237,SKU-00971,1,DC-13,STANDARD,2026-08-17T19:50:00,2026-08-18T03:50:00,EXCEPTION,EXCEPTION,MEA,NEXT_DAY
ORD-103238,SKU-00114,1,DC-02,STANDARD,2026-08-17T20:08:00,2026-08-18T04:08:00,SHIPPED,HOLD,LATAM,SAME_DAY
ORD-103239,SKU-00416,1,DC-15,STANDARD,2026-08-17T20:09:00,2026-08-18T02:09:00,PACKING,PACKING,EU,STANDARD
ORD-103240,SKU-00006,1,DC-06,STANDARD,2026-08-17T20:09:00,2026-08-18T02:09:00,PICKING,HOLD,MEA,SAME_DAY
ORD-103241,SKU-00033,1,DC-03,EXPEDITE,2026-08-17T20:11:00,2026-08-18T02:11:00,ALLOCATED,EXCEPTION,EU,SAME_DAY
ORD-103242,SKU-00409,1,DC-14,STANDARD,2026-08-17T20:13:00,2026-08-18T02:13:00,PICKING,PICKING,EU,NEXT_DAY
ORD-103243,SKU-00246,1,DC-06,STANDARD,2026-08-17T20:22:00,2026-08-18T02:22:00,EXCEPTION,EXCEPTION,APAC,STANDARD
ORD-103244,SKU-01123,1,DC-04,STANDARD,2026-08-17T20:59:00,2026-08-18T04:59:00,SHIPPED,EXCEPTION,MEA,NEXT_DAY
ORD-103245,SKU-00142,1,DC-04,STANDARD,2026-08-17T21:06:00,2026-08-18T03:06:00,EXCEPTION,HOLD,APAC,STANDARD
ORD-103246,SKU-00386,1,DC-07,CRITICAL,2026-08-17T21:06:00,2026-08-18T21:06:00,EXCEPTION,EXCEPTION,LATAM,SAME_DAY
ORD-103247,SKU-00579,1,DC-11,STANDARD,2026-08-17T21:16:00,2026-08-18T03:16:00,EXCEPTION,EXCEPTION,APAC,SAME_DAY
ORD-103248,SKU-00200,1,DC-03,CRITICAL,2026-08-17T21:18:00,2026-08-18T01:18:00,PICKING,PICKING,MEA,SAME_DAY
ORD-103249,SKU-00487,1,DC-08,STANDARD,2026-08-17T21:19:00,2026-08-18T05:19:00,ALLOCATED,ALLOCATED,APAC,SAME_DAY
ORD-103250,SKU-00534,1,DC-15,STANDARD,2026-08-17T21:23:00,2026-08-18T03:23:00,STAGED,STAGED,APAC,STANDARD
ORD-103251,SKU-00684,1,DC-06,EXPEDITE,2026-08-17T21:49:00,2026-08-18T03:49:00,SHIPPED,EXCEPTION,APAC,NEXT_DAY
ORD-103252,SKU-00996,1,DC-16,STANDARD,2026-08-17T22:04:00,2026-08-18T22:04:00,PICKING,PICKING,APAC,NEXT_DAY
ORD-103253,SKU-00051,1,DC-15,STANDARD,2026-08-17T22:14:00,2026-08-18T10:14:00,ALLOCATED,ALLOCATED,LATAM,SAME_DAY
ORD-103254,SKU-00209,1,DC-16,STANDARD,2026-08-17T22:18:00,2026-08-18T02:18:00,PACKING,PACKING,APAC,STANDARD
ORD-103255,SKU-00086,1,DC-17,STANDARD,2026-08-17T22:32:00,2026-08-18T10:32:00,RELEASED,RELEASED,MEA,STANDARD
ORD-103256,SKU-00277,1,DC-07,EXPEDITE,2026-08-17T22:43:00,2026-08-18T06:43:00,SHIPPED,HOLD,MEA,STANDARD
ORD-103257,SKU-00316,1,DC-04,EXPEDITE,2026-08-17T22:46:00,2026-08-18T22:46:00,STAGED,HOLD,MEA,SAME_DAY
ORD-103258,SKU-00552,1,DC-13,EXPEDITE,2026-08-17T22:47:00,2026-08-18T04:47:00,PACKING,EXCEPTION,MEA,SAME_DAY
ORD-103259,SKU-00202,1,DC-03,STANDARD,2026-08-17T22:50:00,2026-08-18T06:50:00,PACKING,PACKING,MEA,SAME_DAY
ORD-103260,SKU-00424,1,DC-08,STANDARD,2026-08-17T22:50:00,2026-08-18T04:50:00,PACKING,EXCEPTION,APAC,SAME_DAY
ORD-103261,SKU-00443,1,DC-13,STANDARD,2026-08-17T23:06:00,2026-08-18T05:06:00,ALLOCATED,ALLOCATED,APAC,NEXT_DAY
ORD-103262,SKU-00283,1,DC-11,EXPEDITE,2026-08-17T23:20:00,2026-08-18T07:20:00,RELEASED,HOLD,LATAM,STANDARD
ORD-103263,SKU-00244,1,DC-14,CRITICAL,2026-08-17T23:24:00,2026-08-18T03:24:00,RELEASED,RELEASED,LATAM,SAME_DAY
ORD-103264,SKU-01001,1,DC-10,STANDARD,2026-08-17T23:28:00,2026-08-18T05:28:00,SHIPPED,SHIPPED,APAC,NEXT_DAY
ORD-103265,SKU-00696,1,DC-01,STANDARD,2026-08-17T23:40:00,2026-08-18T03:40:00,PACKING,EXCEPTION,EU,NEXT_DAY
ORD-103266,SKU-01060,1,DC-16,STANDARD,2026-08-17T23:44:00,2026-08-18T07:44:00,ALLOCATED,EXCEPTION,LATAM,NEXT_DAY
ORD-103267,SKU-00979,1,DC-11,STANDARD,2026-08-17T23:57:00,2026-08-18T23:57:00,ALLOCATED,HOLD,MEA,SAME_DAY
ORD-103268,SKU-00549,1,DC-06,STANDARD,2026-08-18T00:07:00,2026-08-18T08:07:00,PICKING,PICKING,EU,NEXT_DAY
ORD-103269,SKU-00363,1,DC-15,STANDARD,2026-08-18T00:18:00,2026-08-18T04:18:00,PICKING,PICKING,LATAM,NEXT_DAY
ORD-103270,SKU-00331,1,DC-09,STANDARD,2026-08-18T00:25:00,2026-08-18T04:25:00,PICKING,HOLD,MEA,NEXT_DAY
ORD-103271,SKU-00062,1,DC-05,EXPEDITE,2026-08-18T00:33:00,2026-08-18T08:33:00,STAGED,EXCEPTION,EU,STANDARD
ORD-103272,SKU-00233,1,DC-10,EXPEDITE,2026-08-18T00:37:00,2026-08-18T08:37:00,STAGED,HOLD,LATAM,SAME_DAY
ORD-103273,SKU-00729,1,DC-04,CRITICAL,2026-08-18T00:38:00,2026-08-18T08:38:00,RELEASED,RELEASED,APAC,NEXT_DAY
ORD-103274,SKU-00624,1,DC-06,STANDARD,2026-08-18T00:55:00,2026-08-18T06:55:00,SHIPPED,SHIPPED,MEA,SAME_DAY
ORD-103275,SKU-00066,1,DC-18,STANDARD,2026-08-18T00:55:00,2026-08-18T08:55:00,STAGED,STAGED,LATAM,SAME_DAY
ORD-103276,SKU-00031,1,DC-18,STANDARD,2026-08-18T00:58:00,2026-08-18T04:58:00,EXCEPTION,EXCEPTION,LATAM,STANDARD
ORD-103277,SKU-00279,1,DC-18,STANDARD,2026-08-18T00:59:00,2026-08-18T12:59:00,ALLOCATED,ALLOCATED,MEA,SAME_DAY
ORD-103278,SKU-00393,1,DC-11,STANDARD,2026-08-18T01:04:00,2026-08-18T13:04:00,RELEASED,RELEASED,APAC,SAME_DAY
ORD-103279,SKU-00104,1,DC-17,EXPEDITE,2026-08-18T01:08:00,2026-08-18T09:08:00,STAGED,STAGED,LATAM,SAME_DAY
ORD-103280,SKU-00890,1,DC-01,STANDARD,2026-08-18T01:08:00,2026-08-19T01:08:00,PICKING,PICKING,APAC,NEXT_DAY
ORD-103281,SKU-01147,1,DC-14,CRITICAL,2026-08-18T01:17:00,2026-08-18T09:17:00,ALLOCATED,ALLOCATED,APAC,STANDARD
ORD-103282,SKU-00537,1,DC-13,EXPEDITE,2026-08-18T01:26:00,2026-08-18T07:26:00,STAGED,EXCEPTION,MEA,SAME_DAY
ORD-103283,SKU-01144,1,DC-08,EXPEDITE,2026-08-18T01:35:00,2026-08-18T09:35:00,STAGED,EXCEPTION,APAC,NEXT_DAY
ORD-103284,SKU-01140,1,DC-08,EXPEDITE,2026-08-18T01:44:00,2026-08-18T09:44:00,ALLOCATED,ALLOCATED,LATAM,SAME_DAY
ORD-103285,SKU-01123,1,DC-14,STANDARD,2026-08-18T01:46:00,2026-08-18T05:46:00,STAGED,EXCEPTION,MEA,SAME_DAY
ORD-103286,SKU-00115,1,DC-16,EXPEDITE,2026-08-18T01:54:00,2026-08-18T05:54:00,STAGED,STAGED,APAC,STANDARD
ORD-103287,SKU-00454,1,DC-03,STANDARD,2026-08-18T02:00:00,2026-08-18T06:00:00,PACKING,HOLD,MEA,NEXT_DAY
ORD-103288,SKU-00875,1,DC-18,EXPEDITE,2026-08-18T02:03:00,2026-08-18T14:03:00,EXCEPTION,HOLD,MEA,NEXT_DAY
ORD-103289,SKU-00650,1,DC-12,STANDARD,2026-08-18T02:12:00,2026-08-19T02:12:00,SHIPPED,SHIPPED,APAC,NEXT_DAY
ORD-103290,SKU-00952,1,DC-13,STANDARD,2026-08-18T02:29:00,2026-08-18T14:29:00,EXCEPTION,HOLD,APAC,SAME_DAY
ORD-103291,SKU-00994,1,DC-16,STANDARD,2026-08-18T02:37:00,2026-08-18T14:37:00,STAGED,STAGED,APAC,SAME_DAY
ORD-103292,SKU-00448,1,DC-08,STANDARD,2026-08-18T02:43:00,2026-08-18T08:43:00,RELEASED,RELEASED,EU,STANDARD
ORD-103293,SKU-00228,1,DC-03,STANDARD,2026-08-18T02:47:00,2026-08-18T10:47:00,SHIPPED,SHIPPED,EU,NEXT_DAY
ORD-103294,SKU-01022,1,DC-06,STANDARD,2026-08-18T02:51:00,2026-08-18T14:51:00,STAGED,STAGED,APAC,STANDARD
ORD-103295,SKU-00727,1,DC-02,EXPEDITE,2026-08-18T02:55:00,2026-08-18T08:55:00,STAGED,STAGED,MEA,NEXT_DAY
ORD-103296,SKU-00848,1,DC-16,STANDARD,2026-08-18T03:05:00,2026-08-18T15:05:00,PACKING,PACKING,EU,SAME_DAY
ORD-103297,SKU-00127,1,DC-09,STANDARD,2026-08-18T03:06:00,2026-08-18T11:06:00,STAGED,EXCEPTION,LATAM,SAME_DAY
ORD-103298,SKU-00901,1,DC-16,STANDARD,2026-08-18T03:10:00,2026-08-19T03:10:00,PACKING,PACKING,MEA,STANDARD
ORD-103299,SKU-00224,1,DC-03,STANDARD,2026-08-18T03:17:00,2026-08-19T03:17:00,SHIPPED,SHIPPED,APAC,SAME_DAY
ORD-103300,SKU-00143,1,DC-18,STANDARD,2026-08-18T03:35:00,2026-08-18T09:35:00,PICKING,PICKING,EU,NEXT_DAY
ORD-103301,SKU-00578,1,DC-14,EXPEDITE,2026-08-18T03:35:00,2026-08-19T03:35:00,PICKING,HOLD,EU,STANDARD
ORD-103302,SKU-00583,1,DC-02,STANDARD,2026-08-18T03:35:00,2026-08-19T03:35:00,PICKING,PICKING,EU,NEXT_DAY
ORD-103303,SKU-00841,1,DC-06,STANDARD,2026-08-18T03:57:00,2026-08-19T03:57:00,PACKING,PACKING,MEA,SAME_DAY
ORD-103304,SKU-00949,1,DC-17,STANDARD,2026-08-18T04:12:00,2026-08-18T10:12:00,PACKING,PACKING,APAC,SAME_DAY
ORD-103305,SKU-01124,1,DC-13,STANDARD,2026-08-18T04:17:00,2026-08-18T08:17:00,STAGED,STAGED,MEA,STANDARD
ORD-103306,SKU-01036,1,DC-17,STANDARD,2026-08-18T04:24:00,2026-08-18T10:24:00,PACKING,HOLD,EU,NEXT_DAY
ORD-103307,SKU-00539,1,DC-03,EXPEDITE,2026-08-18T04:26:00,2026-08-18T08:26:00,PACKING,PACKING,APAC,STANDARD
ORD-103308,SKU-01111,1,DC-16,STANDARD,2026-08-18T04:28:00,2026-08-18T08:28:00,PICKING,PICKING,EU,NEXT_DAY
ORD-103309,SKU-01130,1,DC-03,STANDARD,2026-08-18T04:30:00,2026-08-18T08:30:00,EXCEPTION,EXCEPTION,LATAM,SAME_DAY
ORD-103310,SKU-00490,1,DC-14,STANDARD,2026-08-18T04:36:00,2026-08-18T12:36:00,SHIPPED,SHIPPED,MEA,NEXT_DAY
ORD-103311,SKU-00606,1,DC-04,STANDARD,2026-08-18T04:42:00,2026-08-19T04:42:00,ALLOCATED,ALLOCATED,APAC,SAME_DAY
ORD-103312,SKU-00291,1,DC-09,EXPEDITE,2026-08-18T04:42:00,2026-08-18T16:42:00,STAGED,HOLD,LATAM,STANDARD
ORD-103313,SKU-00273,1,DC-04,STANDARD,2026-08-18T04:52:00,2026-08-18T10:52:00,STAGED,STAGED,MEA,NEXT_DAY
ORD-103314,SKU-00490,1,DC-10,STANDARD,2026-08-18T04:52:00,2026-08-18T16:52:00,PACKING,PACKING,LATAM,STANDARD
ORD-103315,SKU-00030,1,DC-13,EXPEDITE,2026-08-18T04:55:00,2026-08-19T04:55:00,RELEASED,HOLD,EU,STANDARD
ORD-103316,SKU-01109,1,DC-09,STANDARD,2026-08-18T05:26:00,2026-08-19T05:26:00,ALLOCATED,ALLOCATED,APAC,SAME_DAY
ORD-103317,SKU-00317,1,DC-11,EXPEDITE,2026-08-18T05:29:00,2026-08-18T09:29:00,PICKING,HOLD,APAC,NEXT_DAY
ORD-103318,SKU-00699,1,DC-10,STANDARD,2026-08-18T05:40:00,2026-08-18T13:40:00,SHIPPED,SHIPPED,LATAM,STANDARD
ORD-103319,SKU-01017,1,DC-18,STANDARD,2026-08-18T05:43:00,2026-08-18T13:43:00,EXCEPTION,HOLD,MEA,SAME_DAY
ORD-103320,SKU-00393,1,DC-01,EXPEDITE,2026-08-18T05:45:00,2026-08-18T13:45:00,RELEASED,RELEASED,LATAM,SAME_DAY
ORD-103321,SKU-00631,1,DC-06,EXPEDITE,2026-08-18T05:50:00,2026-08-18T13:50:00,RELEASED,HOLD,APAC,STANDARD
ORD-103322,SKU-00351,1,DC-16,STANDARD,2026-08-18T06:11:00,2026-08-18T12:11:00,PICKING,HOLD,EU,NEXT_DAY
ORD-103323,SKU-00249,1,DC-01,EXPEDITE,2026-08-18T06:28:00,2026-08-18T12:28:00,RELEASED,RELEASED,LATAM,SAME_DAY
ORD-103324,SKU-00441,1,DC-06,STANDARD,2026-08-18T06:36:00,2026-08-18T14:36:00,PICKING,HOLD,LATAM,SAME_DAY
ORD-103325,SKU-01152,1,DC-01,STANDARD,2026-08-18T06:40:00,2026-08-19T06:40:00,SHIPPED,SHIPPED,LATAM,STANDARD
ORD-103326,SKU-00648,1,DC-01,STANDARD,2026-08-18T06:41:00,2026-08-18T10:41:00,ALLOCATED,EXCEPTION,APAC,NEXT_DAY
ORD-103327,SKU-00272,1,DC-18,STANDARD,2026-08-18T06:48:00,2026-08-18T10:48:00,RELEASED,EXCEPTION,EU,STANDARD
ORD-103328,SKU-00273,1,DC-11,EXPEDITE,2026-08-18T07:15:00,2026-08-18T13:15:00,RELEASED,HOLD,APAC,NEXT_DAY
ORD-103329,SKU-00785,1,DC-07,STANDARD,2026-08-18T07:26:00,2026-08-18T19:26:00,RELEASED,HOLD,APAC,NEXT_DAY
ORD-103330,SKU-00332,1,DC-09,STANDARD,2026-08-18T07:32:00,2026-08-18T13:32:00,PICKING,PICKING,LATAM,STANDARD
ORD-103331,SKU-00285,1,DC-15,EXPEDITE,2026-08-18T07:41:00,2026-08-18T19:41:00,RELEASED,RELEASED,APAC,STANDARD
ORD-103332,SKU-00149,1,DC-04,STANDARD,2026-08-18T07:51:00,2026-08-18T11:51:00,STAGED,STAGED,LATAM,STANDARD
ORD-103333,SKU-00403,1,DC-07,STANDARD,2026-08-18T07:55:00,2026-08-18T19:55:00,RELEASED,EXCEPTION,MEA,NEXT_DAY
ORD-103334,SKU-00306,1,DC-13,STANDARD,2026-08-18T07:56:00,2026-08-19T07:56:00,ALLOCATED,ALLOCATED,MEA,NEXT_DAY
ORD-103335,SKU-00654,1,DC-08,STANDARD,2026-08-18T08:25:00,2026-08-19T08:25:00,PACKING,EXCEPTION,MEA,NEXT_DAY
ORD-103336,SKU-00677,1,DC-01,EXPEDITE,2026-08-18T08:43:00,2026-08-18T20:43:00,STAGED,EXCEPTION,MEA,SAME_DAY
ORD-103337,SKU-00794,1,DC-12,STANDARD,2026-08-18T08:52:00,2026-08-18T14:52:00,PACKING,PACKING,EU,NEXT_DAY
ORD-103338,SKU-00496,1,DC-01,STANDARD,2026-08-18T08:55:00,2026-08-19T08:55:00,PACKING,PACKING,LATAM,SAME_DAY
ORD-103339,SKU-00129,1,DC-15,EXPEDITE,2026-08-18T09:05:00,2026-08-18T13:05:00,PACKING,PACKING,EU,NEXT_DAY
ORD-103340,SKU-00279,1,DC-09,STANDARD,2026-08-18T09:13:00,2026-08-18T13:13:00,SHIPPED,SHIPPED,EU,SAME_DAY
ORD-103341,SKU-00821,1,DC-08,STANDARD,2026-08-18T09:36:00,2026-08-18T13:36:00,RELEASED,RELEASED,MEA,STANDARD
ORD-103342,SKU-00419,1,DC-06,EXPEDITE,2026-08-18T09:43:00,2026-08-18T17:43:00,PACKING,PACKING,LATAM,STANDARD
ORD-103343,SKU-01052,1,DC-15,STANDARD,2026-08-18T09:48:00,2026-08-18T17:48:00,RELEASED,RELEASED,APAC,STANDARD
ORD-103344,SKU-00548,1,DC-07,STANDARD,2026-08-18T10:06:00,2026-08-18T18:06:00,SHIPPED,SHIPPED,EU,STANDARD
ORD-103345,SKU-00972,1,DC-11,STANDARD,2026-08-18T10:11:00,2026-08-18T18:11:00,PICKING,HOLD,MEA,SAME_DAY
ORD-103346,SKU-00643,1,DC-04,STANDARD,2026-08-18T10:49:00,2026-08-18T22:49:00,PICKING,EXCEPTION,EU,STANDARD
ORD-103347,SKU-00551,1,DC-05,STANDARD,2026-08-18T11:15:00,2026-08-18T19:15:00,EXCEPTION,EXCEPTION,APAC,SAME_DAY
ORD-103348,SKU-00430,1,DC-13,STANDARD,2026-08-18T11:22:00,2026-08-19T11:22:00,RELEASED,RELEASED,EU,STANDARD
ORD-103349,SKU-01159,1,DC-17,EXPEDITE,2026-08-18T11:25:00,2026-08-18T23:25:00,ALLOCATED,ALLOCATED,EU,SAME_DAY
ORD-103350,SKU-00227,1,DC-05,STANDARD,2026-08-18T11:42:00,2026-08-18T17:42:00,PICKING,HOLD,LATAM,NEXT_DAY
ORD-103351,SKU-00134,1,DC-13,STANDARD,2026-08-18T11:45:00,2026-08-18T19:45:00,SHIPPED,SHIPPED,MEA,SAME_DAY
ORD-103352,SKU-00800,1,DC-14,EXPEDITE,2026-08-18T11:46:00,2026-08-18T23:46:00,SHIPPED,SHIPPED,LATAM,STANDARD
ORD-103353,SKU-00881,1,DC-12,STANDARD,2026-08-18T11:54:00,2026-08-18T19:54:00,STAGED,STAGED,LATAM,STANDARD
ORD-103354,SKU-00713,1,DC-11,EXPEDITE,2026-08-18T11:55:00,2026-08-18T15:55:00,STAGED,EXCEPTION,APAC,NEXT_DAY
ORD-103355,SKU-00244,1,DC-13,STANDARD,2026-08-18T12:03:00,2026-08-18T16:03:00,STAGED,STAGED,EU,STANDARD
ORD-103356,SKU-00195,1,DC-16,STANDARD,2026-08-18T12:09:00,2026-08-19T00:09:00,STAGED,STAGED,EU,SAME_DAY
ORD-103357,SKU-00285,1,DC-04,CRITICAL,2026-08-18T12:24:00,2026-08-18T20:24:00,STAGED,STAGED,MEA,NEXT_DAY
ORD-103358,SKU-00369,1,DC-03,STANDARD,2026-08-18T12:36:00,2026-08-18T16:36:00,EXCEPTION,EXCEPTION,LATAM,STANDARD
ORD-103359,SKU-00809,1,DC-18,CRITICAL,2026-08-18T12:38:00,2026-08-18T18:38:00,ALLOCATED,HOLD,APAC,SAME_DAY
ORD-103360,SKU-00981,1,DC-09,STANDARD,2026-08-18T12:47:00,2026-08-18T18:47:00,STAGED,EXCEPTION,LATAM,STANDARD
ORD-103361,SKU-00270,1,DC-01,STANDARD,2026-08-18T12:57:00,2026-08-19T00:57:00,STAGED,EXCEPTION,MEA,STANDARD
ORD-103362,SKU-00420,1,DC-05,STANDARD,2026-08-18T13:02:00,2026-08-19T13:02:00,ALLOCATED,ALLOCATED,EU,STANDARD
ORD-103363,SKU-00892,1,DC-04,STANDARD,2026-08-18T13:05:00,2026-08-18T19:05:00,RELEASED,RELEASED,EU,SAME_DAY
ORD-103364,SKU-00841,1,DC-05,EXPEDITE,2026-08-18T13:13:00,2026-08-19T13:13:00,PACKING,PACKING,EU,NEXT_DAY
ORD-103365,SKU-00774,1,DC-12,STANDARD,2026-08-18T13:26:00,2026-08-18T21:26:00,STAGED,HOLD,MEA,SAME_DAY
ORD-103366,SKU-00175,1,DC-15,EXPEDITE,2026-08-18T13:36:00,2026-08-18T21:36:00,RELEASED,RELEASED,APAC,SAME_DAY
ORD-103367,SKU-00893,1,DC-17,STANDARD,2026-08-18T13:44:00,2026-08-18T17:44:00,ALLOCATED,ALLOCATED,EU,STANDARD
ORD-103368,SKU-00012,1,DC-05,STANDARD,2026-08-18T13:49:00,2026-08-18T21:49:00,ALLOCATED,ALLOCATED,LATAM,STANDARD
ORD-103369,SKU-00847,1,DC-13,STANDARD,2026-08-18T13:53:00,2026-08-18T19:53:00,STAGED,EXCEPTION,EU,SAME_DAY
ORD-103370,SKU-00884,1,DC-04,STANDARD,2026-08-18T14:05:00,2026-08-18T22:05:00,EXCEPTION,HOLD,LATAM,NEXT_DAY
ORD-103371,SKU-00573,1,DC-13,STANDARD,2026-08-18T14:15:00,2026-08-18T20:15:00,SHIPPED,SHIPPED,EU,STANDARD
ORD-103372,SKU-00501,1,DC-15,STANDARD,2026-08-18T14:16:00,2026-08-18T20:16:00,RELEASED,HOLD,EU,SAME_DAY
ORD-103373,SKU-00176,1,DC-05,STANDARD,2026-08-18T14:26:00,2026-08-18T18:26:00,PACKING,PACKING,MEA,NEXT_DAY
ORD-103374,SKU-00262,1,DC-09,EXPEDITE,2026-08-18T14:27:00,2026-08-18T18:27:00,PACKING,HOLD,APAC,SAME_DAY
ORD-103375,SKU-00307,1,DC-18,EXPEDITE,2026-08-18T14:32:00,2026-08-19T14:32:00,EXCEPTION,EXCEPTION,LATAM,SAME_DAY
ORD-103376,SKU-00120,1,DC-01,STANDARD,2026-08-18T14:32:00,2026-08-18T18:32:00,RELEASED,HOLD,APAC,SAME_DAY
ORD-103377,SKU-00710,1,DC-01,STANDARD,2026-08-18T14:32:00,2026-08-18T18:32:00,SHIPPED,SHIPPED,APAC,STANDARD
ORD-103378,SKU-00121,1,DC-13,STANDARD,2026-08-18T14:51:00,2026-08-18T18:51:00,RELEASED,RELEASED,APAC,STANDARD
ORD-103379,SKU-00794,1,DC-16,STANDARD,2026-08-18T14:53:00,2026-08-19T14:53:00,PACKING,EXCEPTION,EU,STANDARD
ORD-103380,SKU-01030,1,DC-04,STANDARD,2026-08-18T15:00:00,2026-08-18T21:00:00,STAGED,EXCEPTION,LATAM,STANDARD
ORD-103381,SKU-00759,1,DC-03,STANDARD,2026-08-18T15:09:00,2026-08-18T21:09:00,ALLOCATED,ALLOCATED,MEA,NEXT_DAY
ORD-103382,SKU-00130,1,DC-14,EXPEDITE,2026-08-18T15:11:00,2026-08-18T19:11:00,PACKING,PACKING,EU,SAME_DAY
ORD-103383,SKU-00933,1,DC-10,STANDARD,2026-08-18T15:12:00,2026-08-18T21:12:00,ALLOCATED,ALLOCATED,APAC,NEXT_DAY
ORD-103384,SKU-00757,1,DC-05,STANDARD,2026-08-18T15:14:00,2026-08-19T15:14:00,PACKING,PACKING,EU,STANDARD
ORD-103385,SKU-00365,1,DC-10,STANDARD,2026-08-18T15:17:00,2026-08-19T03:17:00,ALLOCATED,ALLOCATED,MEA,NEXT_DAY
ORD-103386,SKU-00411,1,DC-08,CRITICAL,2026-08-18T15:22:00,2026-08-18T21:22:00,SHIPPED,SHIPPED,EU,STANDARD
ORD-103387,SKU-00979,1,DC-05,STANDARD,2026-08-18T15:27:00,2026-08-18T19:27:00,PICKING,PICKING,EU,STANDARD
ORD-103388,SKU-00216,1,DC-06,EXPEDITE,2026-08-18T15:54:00,2026-08-18T21:54:00,ALLOCATED,HOLD,EU,SAME_DAY
ORD-103389,SKU-00865,1,DC-10,CRITICAL,2026-08-18T16:16:00,2026-08-19T16:16:00,SHIPPED,EXCEPTION,EU,NEXT_DAY
ORD-103390,SKU-00692,1,DC-09,EXPEDITE,2026-08-18T16:21:00,2026-08-19T16:21:00,STAGED,STAGED,LATAM,SAME_DAY
ORD-103391,SKU-01169,1,DC-17,CRITICAL,2026-08-18T16:26:00,2026-08-18T20:26:00,ALLOCATED,EXCEPTION,MEA,SAME_DAY
ORD-103392,SKU-00761,1,DC-08,STANDARD,2026-08-18T16:29:00,2026-08-19T00:29:00,PICKING,PICKING,LATAM,SAME_DAY
ORD-103393,SKU-01193,1,DC-08,STANDARD,2026-08-18T16:31:00,2026-08-18T22:31:00,ALLOCATED,ALLOCATED,LATAM,SAME_DAY
ORD-103394,SKU-01088,1,DC-17,STANDARD,2026-08-18T16:33:00,2026-08-19T04:33:00,ALLOCATED,ALLOCATED,MEA,STANDARD
ORD-103395,SKU-00915,1,DC-08,STANDARD,2026-08-18T16:33:00,2026-08-19T16:33:00,RELEASED,RELEASED,EU,SAME_DAY
ORD-103396,SKU-00469,1,DC-02,STANDARD,2026-08-18T16:46:00,2026-08-19T00:46:00,ALLOCATED,HOLD,APAC,SAME_DAY
ORD-103397,SKU-01164,1,DC-18,STANDARD,2026-08-18T16:52:00,2026-08-19T00:52:00,STAGED,EXCEPTION,EU,NEXT_DAY
ORD-103398,SKU-01022,1,DC-18,STANDARD,2026-08-18T16:58:00,2026-08-19T00:58:00,PACKING,PACKING,EU,STANDARD
ORD-103399,SKU-01196,1,DC-05,EXPEDITE,2026-08-18T17:06:00,2026-08-19T05:06:00,EXCEPTION,EXCEPTION,LATAM,SAME_DAY
ORD-103400,SKU-00669,1,DC-06,STANDARD,2026-08-18T17:17:00,2026-08-19T17:17:00,EXCEPTION,EXCEPTION,LATAM,SAME_DAY
ORD-103401,SKU-00064,1,DC-16,STANDARD,2026-08-18T17:37:00,2026-08-19T01:37:00,PACKING,PACKING,MEA,SAME_DAY
ORD-103402,SKU-00855,1,DC-16,CRITICAL,2026-08-18T17:54:00,2026-08-18T23:54:00,PICKING,PICKING,APAC,SAME_DAY
ORD-103403,SKU-00314,1,DC-02,STANDARD,2026-08-18T18:07:00,2026-08-18T22:07:00,RELEASED,HOLD,LATAM,NEXT_DAY
ORD-103404,SKU-00704,1,DC-17,EXPEDITE,2026-08-18T18:13:00,2026-08-19T18:13:00,EXCEPTION,EXCEPTION,EU,SAME_DAY
ORD-103405,SKU-00777,1,DC-01,EXPEDITE,2026-08-18T18:56:00,2026-08-18T22:56:00,PICKING,PICKING,LATAM,STANDARD
ORD-103406,SKU-00909,1,DC-18,STANDARD,2026-08-18T19:13:00,2026-08-18T23:13:00,SHIPPED,HOLD,LATAM,NEXT_DAY
ORD-103407,SKU-00361,1,DC-08,STANDARD,2026-08-18T19:15:00,2026-08-19T03:15:00,RELEASED,EXCEPTION,MEA,NEXT_DAY
ORD-103408,SKU-00949,1,DC-02,STANDARD,2026-08-18T19:19:00,2026-08-19T01:19:00,ALLOCATED,ALLOCATED,APAC,STANDARD
ORD-103409,SKU-01073,1,DC-05,EXPEDITE,2026-08-18T19:19:00,2026-08-19T19:19:00,ALLOCATED,ALLOCATED,EU,NEXT_DAY
ORD-103410,SKU-00857,1,DC-10,STANDARD,2026-08-18T19:19:00,2026-08-19T19:19:00,PACKING,PACKING,EU,SAME_DAY
ORD-103411,SKU-00179,1,DC-03,STANDARD,2026-08-18T19:28:00,2026-08-19T07:28:00,STAGED,EXCEPTION,EU,SAME_DAY
ORD-103412,SKU-00650,1,DC-07,EXPEDITE,2026-08-18T19:59:00,2026-08-18T23:59:00,SHIPPED,SHIPPED,LATAM,NEXT_DAY
ORD-103413,SKU-00499,1,DC-10,STANDARD,2026-08-18T20:07:00,2026-08-19T20:07:00,PACKING,HOLD,APAC,NEXT_DAY
ORD-103414,SKU-00422,1,DC-03,EXPEDITE,2026-08-18T20:22:00,2026-08-19T08:22:00,PACKING,PACKING,MEA,STANDARD
ORD-103415,SKU-00566,1,DC-01,EXPEDITE,2026-08-18T20:46:00,2026-08-19T04:46:00,ALLOCATED,ALLOCATED,LATAM,SAME_DAY
ORD-103416,SKU-00593,1,DC-06,EXPEDITE,2026-08-18T20:49:00,2026-08-19T00:49:00,PACKING,PACKING,APAC,NEXT_DAY
ORD-103417,SKU-00238,1,DC-17,EXPEDITE,2026-08-18T20:54:00,2026-08-19T20:54:00,SHIPPED,SHIPPED,MEA,SAME_DAY
ORD-103418,SKU-00684,1,DC-09,STANDARD,2026-08-18T20:59:00,2026-08-19T00:59:00,PACKING,EXCEPTION,MEA,STANDARD
ORD-103419,SKU-00318,1,DC-13,CRITICAL,2026-08-18T21:14:00,2026-08-19T01:14:00,PACKING,HOLD,LATAM,NEXT_DAY
ORD-103420,SKU-00110,1,DC-10,STANDARD,2026-08-18T21:15:00,2026-08-19T09:15:00,EXCEPTION,HOLD,EU,STANDARD
ORD-103421,SKU-00911,1,DC-01,STANDARD,2026-08-18T21:19:00,2026-08-19T05:19:00,STAGED,STAGED,APAC,SAME_DAY
ORD-103422,SKU-00480,1,DC-15,STANDARD,2026-08-18T21:26:00,2026-08-19T05:26:00,SHIPPED,SHIPPED,MEA,SAME_DAY
ORD-103423,SKU-00254,1,DC-01,CRITICAL,2026-08-18T21:26:00,2026-08-19T21:26:00,PICKING,PICKING,EU,SAME_DAY
ORD-103424,SKU-00563,1,DC-10,STANDARD,2026-08-18T21:33:00,2026-08-19T09:33:00,PACKING,EXCEPTION,EU,STANDARD
ORD-103425,SKU-00352,1,DC-18,EXPEDITE,2026-08-18T21:45:00,2026-08-19T05:45:00,PICKING,PICKING,EU,STANDARD
ORD-103426,SKU-00127,1,DC-15,STANDARD,2026-08-18T21:48:00,2026-08-19T21:48:00,PACKING,HOLD,APAC,STANDARD
ORD-103427,SKU-00173,1,DC-06,EXPEDITE,2026-08-18T21:56:00,2026-08-19T09:56:00,PICKING,HOLD,MEA,NEXT_DAY
ORD-103428,SKU-01015,1,DC-15,EXPEDITE,2026-08-18T22:05:00,2026-08-19T22:05:00,STAGED,HOLD,MEA,NEXT_DAY
ORD-103429,SKU-00470,1,DC-08,STANDARD,2026-08-18T22:14:00,2026-08-19T10:14:00,PICKING,PICKING,MEA,NEXT_DAY
ORD-103430,SKU-00836,1,DC-15,STANDARD,2026-08-18T22:18:00,2026-08-19T06:18:00,PICKING,HOLD,EU,NEXT_DAY
ORD-103431,SKU-00920,1,DC-06,STANDARD,2026-08-18T22:26:00,2026-08-19T02:26:00,RELEASED,EXCEPTION,APAC,STANDARD
ORD-103432,SKU-00512,1,DC-02,STANDARD,2026-08-18T22:31:00,2026-08-19T22:31:00,ALLOCATED,ALLOCATED,MEA,NEXT_DAY
ORD-103433,SKU-00147,1,DC-01,STANDARD,2026-08-18T22:35:00,2026-08-19T06:35:00,EXCEPTION,EXCEPTION,APAC,STANDARD
ORD-103434,SKU-00542,1,DC-14,STANDARD,2026-08-18T22:38:00,2026-08-19T22:38:00,SHIPPED,SHIPPED,APAC,SAME_DAY
ORD-103435,SKU-00892,1,DC-04,STANDARD,2026-08-18T22:42:00,2026-08-19T04:42:00,PACKING,PACKING,EU,NEXT_DAY
ORD-103436,SKU-00033,1,DC-03,STANDARD,2026-08-18T22:46:00,2026-08-19T04:46:00,RELEASED,RELEASED,LATAM,STANDARD
ORD-103437,SKU-00612,1,DC-13,STANDARD,2026-08-18T22:51:00,2026-08-19T04:51:00,EXCEPTION,HOLD,APAC,STANDARD
ORD-103438,SKU-00165,1,DC-15,STANDARD,2026-08-18T22:55:00,2026-08-19T22:55:00,PACKING,PACKING,MEA,NEXT_DAY
ORD-103439,SKU-00441,1,DC-12,CRITICAL,2026-08-18T23:04:00,2026-08-19T11:04:00,EXCEPTION,EXCEPTION,LATAM,STANDARD
ORD-103440,SKU-01189,1,DC-12,STANDARD,2026-08-18T23:04:00,2026-08-19T11:04:00,EXCEPTION,EXCEPTION,APAC,SAME_DAY
ORD-103441,SKU-00664,1,DC-17,STANDARD,2026-08-18T23:08:00,2026-08-19T23:08:00,ALLOCATED,ALLOCATED,MEA,NEXT_DAY
ORD-103442,SKU-00829,1,DC-11,STANDARD,2026-08-18T23:10:00,2026-08-19T07:10:00,SHIPPED,SHIPPED,APAC,NEXT_DAY
ORD-103443,SKU-00001,1,DC-13,STANDARD,2026-08-18T23:18:00,2026-08-19T07:18:00,STAGED,STAGED,LATAM,STANDARD
ORD-103444,SKU-00562,1,DC-02,CRITICAL,2026-08-18T23:18:00,2026-08-19T07:18:00,STAGED,EXCEPTION,EU,STANDARD
ORD-103445,SKU-00671,1,DC-02,STANDARD,2026-08-18T23:31:00,2026-08-19T03:31:00,SHIPPED,SHIPPED,EU,NEXT_DAY
ORD-103446,SKU-00748,1,DC-09,STANDARD,2026-08-18T23:32:00,2026-08-19T11:32:00,SHIPPED,EXCEPTION,MEA,STANDARD
ORD-103447,SKU-00592,1,DC-18,CRITICAL,2026-08-18T23:34:00,2026-08-19T23:34:00,PACKING,EXCEPTION,APAC,SAME_DAY
ORD-103448,SKU-00020,1,DC-04,STANDARD,2026-08-18T23:36:00,2026-08-19T11:36:00,PACKING,PACKING,LATAM,SAME_DAY
ORD-103449,SKU-00822,1,DC-15,STANDARD,2026-08-18T23:42:00,2026-08-19T05:42:00,ALLOCATED,ALLOCATED,APAC,SAME_DAY
ORD-103450,SKU-00612,1,DC-10,STANDARD,2026-08-18T23:44:00,2026-08-19T03:44:00,STAGED,EXCEPTION,LATAM,SAME_DAY
ORD-103451,SKU-00010,1,DC-14,STANDARD,2026-08-18T23:55:00,2026-08-19T05:55:00,STAGED,EXCEPTION,MEA,NEXT_DAY
ORD-103452,SKU-00906,1,DC-09,CRITICAL,2026-08-19T00:00:00,2026-08-20T00:00:00,PICKING,EXCEPTION,EU,STANDARD
ORD-103453,SKU-00864,1,DC-09,STANDARD,2026-08-19T00:03:00,2026-08-19T06:03:00,SHIPPED,HOLD,LATAM,SAME_DAY
ORD-103454,SKU-00347,1,DC-03,CRITICAL,2026-08-19T00:11:00,2026-08-19T08:11:00,PACKING,HOLD,APAC,STANDARD
ORD-103455,SKU-00840,1,DC-12,CRITICAL,2026-08-19T00:34:00,2026-08-19T12:34:00,EXCEPTION,EXCEPTION,LATAM,STANDARD
ORD-103456,SKU-00038,1,DC-07,STANDARD,2026-08-19T00:35:00,2026-08-19T08:35:00,EXCEPTION,EXCEPTION,APAC,STANDARD
ORD-103457,SKU-00553,1,DC-11,STANDARD,2026-08-19T00:38:00,2026-08-19T08:38:00,SHIPPED,SHIPPED,MEA,SAME_DAY
ORD-103458,SKU-00676,1,DC-09,STANDARD,2026-08-19T00:42:00,2026-08-19T12:42:00,EXCEPTION,EXCEPTION,MEA,NEXT_DAY
ORD-103459,SKU-00955,1,DC-04,STANDARD,2026-08-19T00:50:00,2026-08-19T06:50:00,PICKING,HOLD,MEA,NEXT_DAY
ORD-103460,SKU-01055,1,DC-09,STANDARD,2026-08-19T00:54:00,2026-08-19T08:54:00,PICKING,EXCEPTION,LATAM,STANDARD
ORD-103461,SKU-00487,1,DC-05,STANDARD,2026-08-19T00:57:00,2026-08-19T06:57:00,RELEASED,RELEASED,EU,NEXT_DAY
ORD-103462,SKU-00771,1,DC-07,STANDARD,2026-08-19T01:13:00,2026-08-19T13:13:00,PICKING,PICKING,EU,STANDARD
ORD-103463,SKU-00495,1,DC-15,CRITICAL,2026-08-19T01:33:00,2026-08-19T07:33:00,PACKING,EXCEPTION,EU,NEXT_DAY
ORD-103464,SKU-01151,1,DC-15,STANDARD,2026-08-19T01:36:00,2026-08-19T09:36:00,EXCEPTION,HOLD,LATAM,NEXT_DAY
ORD-103465,SKU-00546,1,DC-07,STANDARD,2026-08-19T01:45:00,2026-08-19T13:45:00,ALLOCATED,EXCEPTION,LATAM,STANDARD
ORD-103466,SKU-01167,1,DC-04,EXPEDITE,2026-08-19T01:54:00,2026-08-19T05:54:00,ALLOCATED,ALLOCATED,APAC,STANDARD
ORD-103467,SKU-01137,1,DC-14,STANDARD,2026-08-19T01:55:00,2026-08-19T05:55:00,PACKING,PACKING,EU,STANDARD
ORD-103468,SKU-00486,1,DC-09,STANDARD,2026-08-19T02:02:00,2026-08-19T08:02:00,ALLOCATED,ALLOCATED,APAC,STANDARD
ORD-103469,SKU-00856,1,DC-18,STANDARD,2026-08-19T02:04:00,2026-08-19T10:04:00,STAGED,STAGED,MEA,SAME_DAY
ORD-103470,SKU-00097,1,DC-07,STANDARD,2026-08-19T02:06:00,2026-08-19T14:06:00,SHIPPED,EXCEPTION,EU,STANDARD
ORD-103471,SKU-00982,1,DC-10,STANDARD,2026-08-19T02:19:00,2026-08-20T02:19:00,STAGED,EXCEPTION,LATAM,STANDARD
ORD-103472,SKU-00281,1,DC-01,STANDARD,2026-08-19T02:26:00,2026-08-19T14:26:00,ALLOCATED,EXCEPTION,EU,SAME_DAY
ORD-103473,SKU-00446,1,DC-15,STANDARD,2026-08-19T02:27:00,2026-08-19T10:27:00,ALLOCATED,ALLOCATED,EU,NEXT_DAY
ORD-103474,SKU-01166,1,DC-04,CRITICAL,2026-08-19T02:43:00,2026-08-19T10:43:00,RELEASED,EXCEPTION,EU,SAME_DAY
ORD-103475,SKU-00973,1,DC-18,STANDARD,2026-08-19T02:43:00,2026-08-20T02:43:00,SHIPPED,SHIPPED,LATAM,SAME_DAY
ORD-103476,SKU-00894,1,DC-18,STANDARD,2026-08-19T02:49:00,2026-08-19T06:49:00,EXCEPTION,EXCEPTION,APAC,STANDARD
ORD-103477,SKU-00111,1,DC-02,STANDARD,2026-08-19T03:01:00,2026-08-19T09:01:00,SHIPPED,SHIPPED,APAC,SAME_DAY
ORD-103478,SKU-00054,1,DC-06,STANDARD,2026-08-19T03:05:00,2026-08-19T09:05:00,PICKING,PICKING,LATAM,STANDARD
ORD-103479,SKU-00416,1,DC-11,STANDARD,2026-08-19T03:08:00,2026-08-20T03:08:00,SHIPPED,SHIPPED,APAC,NEXT_DAY
ORD-103480,SKU-00509,1,DC-03,CRITICAL,2026-08-19T03:11:00,2026-08-19T11:11:00,RELEASED,RELEASED,APAC,STANDARD
ORD-103481,SKU-00019,1,DC-07,STANDARD,2026-08-19T03:19:00,2026-08-19T15:19:00,SHIPPED,SHIPPED,MEA,STANDARD
ORD-103482,SKU-01072,1,DC-06,STANDARD,2026-08-19T03:22:00,2026-08-19T07:22:00,EXCEPTION,EXCEPTION,MEA,STANDARD
ORD-103483,SKU-01176,1,DC-05,STANDARD,2026-08-19T03:23:00,2026-08-19T09:23:00,EXCEPTION,EXCEPTION,LATAM,NEXT_DAY
ORD-103484,SKU-00219,1,DC-12,STANDARD,2026-08-19T03:26:00,2026-08-19T11:26:00,SHIPPED,HOLD,EU,SAME_DAY
ORD-103485,SKU-00830,1,DC-06,STANDARD,2026-08-19T03:35:00,2026-08-19T09:35:00,ALLOCATED,ALLOCATED,EU,NEXT_DAY
ORD-103486,SKU-00878,1,DC-15,STANDARD,2026-08-19T03:55:00,2026-08-20T03:55:00,EXCEPTION,EXCEPTION,APAC,NEXT_DAY
ORD-103487,SKU-00237,1,DC-17,STANDARD,2026-08-19T04:09:00,2026-08-19T16:09:00,STAGED,EXCEPTION,LATAM,NEXT_DAY
ORD-103488,SKU-00133,1,DC-10,STANDARD,2026-08-19T04:12:00,2026-08-20T04:12:00,PACKING,HOLD,APAC,STANDARD
ORD-103489,SKU-01135,1,DC-10,STANDARD,2026-08-19T04:16:00,2026-08-19T16:16:00,PICKING,PICKING,LATAM,STANDARD
ORD-103490,SKU-00923,1,DC-14,STANDARD,2026-08-19T04:21:00,2026-08-20T04:21:00,RELEASED,EXCEPTION,APAC,NEXT_DAY
ORD-103491,SKU-00327,1,DC-16,STANDARD,2026-08-19T04:25:00,2026-08-20T04:25:00,RELEASED,HOLD,APAC,SAME_DAY
ORD-103492,SKU-00227,1,DC-15,CRITICAL,2026-08-19T04:38:00,2026-08-19T16:38:00,STAGED,STAGED,EU,NEXT_DAY
ORD-103493,SKU-00585,1,DC-08,STANDARD,2026-08-19T04:45:00,2026-08-19T10:45:00,EXCEPTION,EXCEPTION,LATAM,SAME_DAY
ORD-103494,SKU-00924,1,DC-08,EXPEDITE,2026-08-19T04:58:00,2026-08-19T16:58:00,PICKING,PICKING,LATAM,SAME_DAY
ORD-103495,SKU-00116,1,DC-09,STANDARD,2026-08-19T05:25:00,2026-08-19T09:25:00,RELEASED,RELEASED,EU,NEXT_DAY
ORD-103496,SKU-01071,1,DC-13,STANDARD,2026-08-19T05:39:00,2026-08-19T17:39:00,ALLOCATED,ALLOCATED,EU,NEXT_DAY
ORD-103497,SKU-00758,1,DC-08,STANDARD,2026-08-19T05:45:00,2026-08-20T05:45:00,EXCEPTION,HOLD,MEA,STANDARD
ORD-103498,SKU-00278,1,DC-08,STANDARD,2026-08-19T05:45:00,2026-08-19T13:45:00,STAGED,EXCEPTION,LATAM,SAME_DAY
ORD-103499,SKU-00976,1,DC-13,STANDARD,2026-08-19T05:59:00,2026-08-19T11:59:00,PICKING,PICKING,MEA,SAME_DAY
ORD-103500,SKU-00528,1,DC-04,STANDARD,2026-08-19T06:08:00,2026-08-19T10:08:00,ALLOCATED,ALLOCATED,APAC,SAME_DAY
ORD-103501,SKU-00613,1,DC-05,EXPEDITE,2026-08-19T06:16:00,2026-08-19T12:16:00,SHIPPED,SHIPPED,EU,STANDARD
ORD-103502,SKU-01162,1,DC-18,STANDARD,2026-08-19T06:20:00,2026-08-19T18:20:00,RELEASED,RELEASED,APAC,SAME_DAY
ORD-103503,SKU-00503,1,DC-02,STANDARD,2026-08-19T06:29:00,2026-08-20T06:29:00,RELEASED,RELEASED,LATAM,NEXT_DAY
ORD-103504,SKU-00909,1,DC-10,STANDARD,2026-08-19T06:38:00,2026-08-19T10:38:00,ALLOCATED,EXCEPTION,APAC,STANDARD
ORD-103505,SKU-00225,1,DC-08,EXPEDITE,2026-08-19T06:45:00,2026-08-20T06:45:00,ALLOCATED,ALLOCATED,LATAM,NEXT_DAY
ORD-103506,SKU-00449,1,DC-15,STANDARD,2026-08-19T06:50:00,2026-08-19T10:50:00,PICKING,EXCEPTION,LATAM,STANDARD
ORD-103507,SKU-00671,1,DC-02,STANDARD,2026-08-19T06:53:00,2026-08-19T10:53:00,PICKING,PICKING,MEA,SAME_DAY
ORD-103508,SKU-00928,1,DC-14,EXPEDITE,2026-08-19T06:58:00,2026-08-19T18:58:00,PICKING,EXCEPTION,LATAM,SAME_DAY
ORD-103509,SKU-00152,1,DC-18,STANDARD,2026-08-19T07:00:00,2026-08-19T15:00:00,STAGED,STAGED,EU,SAME_DAY
ORD-103510,SKU-00980,1,DC-16,STANDARD,2026-08-19T07:03:00,2026-08-19T19:03:00,SHIPPED,SHIPPED,MEA,NEXT_DAY
ORD-103511,SKU-00924,1,DC-17,STANDARD,2026-08-19T07:10:00,2026-08-19T13:10:00,PICKING,PICKING,APAC,NEXT_DAY
ORD-103512,SKU-00758,1,DC-16,EXPEDITE,2026-08-19T07:23:00,2026-08-20T07:23:00,EXCEPTION,EXCEPTION,APAC,SAME_DAY
ORD-103513,SKU-00416,1,DC-02,CRITICAL,2026-08-19T07:23:00,2026-08-19T13:23:00,STAGED,STAGED,EU,SAME_DAY
ORD-103514,SKU-00226,1,DC-18,CRITICAL,2026-08-19T07:27:00,2026-08-19T13:27:00,ALLOCATED,HOLD,EU,SAME_DAY
ORD-103515,SKU-00050,1,DC-08,STANDARD,2026-08-19T07:32:00,2026-08-19T11:32:00,ALLOCATED,ALLOCATED,EU,STANDARD
ORD-103516,SKU-00077,1,DC-12,CRITICAL,2026-08-19T07:49:00,2026-08-19T19:49:00,EXCEPTION,HOLD,MEA,STANDARD
ORD-103517,SKU-00471,1,DC-16,STANDARD,2026-08-19T07:50:00,2026-08-19T15:50:00,STAGED,STAGED,LATAM,NEXT_DAY
ORD-103518,SKU-00766,1,DC-03,STANDARD,2026-08-19T07:51:00,2026-08-19T15:51:00,PICKING,PICKING,APAC,SAME_DAY
ORD-103519,SKU-00874,1,DC-16,STANDARD,2026-08-19T07:54:00,2026-08-20T07:54:00,PICKING,PICKING,MEA,STANDARD
ORD-103520,SKU-00968,1,DC-13,STANDARD,2026-08-19T08:07:00,2026-08-19T20:07:00,SHIPPED,SHIPPED,LATAM,NEXT_DAY
ORD-103521,SKU-00171,1,DC-13,STANDARD,2026-08-19T08:20:00,2026-08-19T16:20:00,EXCEPTION,EXCEPTION,LATAM,STANDARD
ORD-103522,SKU-01189,1,DC-14,STANDARD,2026-08-19T08:42:00,2026-08-19T20:42:00,PICKING,PICKING,MEA,STANDARD
ORD-103523,SKU-00306,1,DC-05,CRITICAL,2026-08-19T08:46:00,2026-08-19T14:46:00,PICKING,PICKING,APAC,NEXT_DAY
ORD-103524,SKU-00124,1,DC-16,STANDARD,2026-08-19T08:47:00,2026-08-19T14:47:00,EXCEPTION,HOLD,APAC,SAME_DAY
ORD-103525,SKU-00624,1,DC-07,STANDARD,2026-08-19T09:11:00,2026-08-20T09:11:00,PACKING,PACKING,EU,SAME_DAY
ORD-103526,SKU-00332,1,DC-07,CRITICAL,2026-08-19T09:11:00,2026-08-19T15:11:00,EXCEPTION,EXCEPTION,MEA,STANDARD
ORD-103527,SKU-00096,1,DC-02,STANDARD,2026-08-19T09:21:00,2026-08-19T17:21:00,RELEASED,RELEASED,MEA,NEXT_DAY
ORD-103528,SKU-00192,1,DC-01,STANDARD,2026-08-19T09:26:00,2026-08-20T09:26:00,STAGED,HOLD,APAC,STANDARD
ORD-103529,SKU-00508,1,DC-02,STANDARD,2026-08-19T09:27:00,2026-08-19T13:27:00,EXCEPTION,EXCEPTION,EU,STANDARD
ORD-103530,SKU-00429,1,DC-14,STANDARD,2026-08-19T09:31:00,2026-08-19T15:31:00,EXCEPTION,EXCEPTION,LATAM,STANDARD
ORD-103531,SKU-00866,1,DC-05,STANDARD,2026-08-19T10:00:00,2026-08-19T16:00:00,STAGED,HOLD,APAC,SAME_DAY
ORD-103532,SKU-00830,1,DC-18,STANDARD,2026-08-19T10:02:00,2026-08-20T10:02:00,PACKING,HOLD,MEA,NEXT_DAY
ORD-103533,SKU-00471,1,DC-17,EXPEDITE,2026-08-19T10:13:00,2026-08-19T16:13:00,ALLOCATED,EXCEPTION,LATAM,STANDARD
ORD-103534,SKU-00006,1,DC-05,STANDARD,2026-08-19T10:24:00,2026-08-19T22:24:00,EXCEPTION,EXCEPTION,MEA,STANDARD
ORD-103535,SKU-01062,1,DC-13,STANDARD,2026-08-19T10:25:00,2026-08-19T22:25:00,SHIPPED,SHIPPED,APAC,SAME_DAY
ORD-103536,SKU-00911,1,DC-07,STANDARD,2026-08-19T10:27:00,2026-08-19T16:27:00,SHIPPED,SHIPPED,APAC,NEXT_DAY
ORD-103537,SKU-00095,1,DC-05,STANDARD,2026-08-19T10:30:00,2026-08-19T14:30:00,STAGED,HOLD,LATAM,STANDARD
ORD-103538,SKU-01023,1,DC-17,STANDARD,2026-08-19T10:47:00,2026-08-19T22:47:00,RELEASED,HOLD,APAC,SAME_DAY
ORD-103539,SKU-00158,1,DC-09,CRITICAL,2026-08-19T10:49:00,2026-08-19T18:49:00,PACKING,PACKING,LATAM,SAME_DAY
ORD-103540,SKU-01109,1,DC-16,EXPEDITE,2026-08-19T11:10:00,2026-08-20T11:10:00,SHIPPED,SHIPPED,MEA,NEXT_DAY
ORD-103541,SKU-01059,1,DC-13,STANDARD,2026-08-19T11:11:00,2026-08-19T19:11:00,PACKING,PACKING,MEA,NEXT_DAY
ORD-103542,SKU-00504,1,DC-18,CRITICAL,2026-08-19T11:14:00,2026-08-19T23:14:00,RELEASED,EXCEPTION,EU,STANDARD
ORD-103543,SKU-00196,1,DC-07,STANDARD,2026-08-19T11:19:00,2026-08-19T23:19:00,ALLOCATED,EXCEPTION,LATAM,SAME_DAY
ORD-103544,SKU-01069,1,DC-17,STANDARD,2026-08-19T11:24:00,2026-08-19T15:24:00,PICKING,PICKING,MEA,STANDARD
ORD-103545,SKU-00733,1,DC-08,STANDARD,2026-08-19T11:24:00,2026-08-19T23:24:00,RELEASED,HOLD,MEA,SAME_DAY
ORD-103546,SKU-00603,1,DC-07,STANDARD,2026-08-19T11:25:00,2026-08-19T15:25:00,PACKING,EXCEPTION,APAC,STANDARD
ORD-103547,SKU-00793,1,DC-16,EXPEDITE,2026-08-19T11:25:00,2026-08-19T19:25:00,SHIPPED,SHIPPED,EU,STANDARD
ORD-103548,SKU-00106,1,DC-11,STANDARD,2026-08-19T11:42:00,2026-08-19T15:42:00,EXCEPTION,EXCEPTION,APAC,STANDARD
ORD-103549,SKU-00829,1,DC-17,STANDARD,2026-08-19T11:57:00,2026-08-20T11:57:00,SHIPPED,SHIPPED,APAC,NEXT_DAY
ORD-103550,SKU-00668,1,DC-06,EXPEDITE,2026-08-19T11:58:00,2026-08-20T11:58:00,RELEASED,EXCEPTION,LATAM,NEXT_DAY
ORD-103551,SKU-01167,1,DC-18,CRITICAL,2026-08-19T11:58:00,2026-08-19T23:58:00,STAGED,HOLD,EU,STANDARD
ORD-103552,SKU-00131,1,DC-07,EXPEDITE,2026-08-19T12:08:00,2026-08-19T18:08:00,SHIPPED,HOLD,MEA,STANDARD
ORD-103553,SKU-00952,1,DC-06,STANDARD,2026-08-19T12:09:00,2026-08-19T20:09:00,SHIPPED,EXCEPTION,LATAM,STANDARD
ORD-103554,SKU-00671,1,DC-11,STANDARD,2026-08-19T12:22:00,2026-08-19T18:22:00,PICKING,EXCEPTION,APAC,STANDARD
ORD-103555,SKU-00424,1,DC-07,STANDARD,2026-08-19T12:26:00,2026-08-20T00:26:00,SHIPPED,SHIPPED,APAC,NEXT_DAY
ORD-103556,SKU-00024,1,DC-15,STANDARD,2026-08-19T12:26:00,2026-08-19T20:26:00,PACKING,EXCEPTION,LATAM,NEXT_DAY
ORD-103557,SKU-00270,1,DC-05,CRITICAL,2026-08-19T12:27:00,2026-08-20T12:27:00,ALLOCATED,EXCEPTION,EU,NEXT_DAY
ORD-103558,SKU-00468,1,DC-11,CRITICAL,2026-08-19T12:37:00,2026-08-20T12:37:00,STAGED,STAGED,APAC,NEXT_DAY
ORD-103559,SKU-00685,1,DC-16,EXPEDITE,2026-08-19T12:39:00,2026-08-19T20:39:00,STAGED,EXCEPTION,MEA,SAME_DAY
ORD-103560,SKU-00490,1,DC-14,STANDARD,2026-08-19T12:56:00,2026-08-20T00:56:00,ALLOCATED,ALLOCATED,MEA,NEXT_DAY
ORD-103561,SKU-00058,1,DC-17,EXPEDITE,2026-08-19T13:01:00,2026-08-19T17:01:00,RELEASED,RELEASED,LATAM,NEXT_DAY
ORD-103562,SKU-00499,1,DC-18,CRITICAL,2026-08-19T13:15:00,2026-08-19T19:15:00,PACKING,HOLD,EU,SAME_DAY
ORD-103563,SKU-00972,1,DC-10,STANDARD,2026-08-19T13:19:00,2026-08-20T01:19:00,EXCEPTION,EXCEPTION,APAC,NEXT_DAY
ORD-103564,SKU-00696,1,DC-14,STANDARD,2026-08-19T13:19:00,2026-08-19T19:19:00,ALLOCATED,HOLD,APAC,NEXT_DAY
ORD-103565,SKU-00730,1,DC-14,EXPEDITE,2026-08-19T13:26:00,2026-08-19T21:26:00,PACKING,EXCEPTION,APAC,NEXT_DAY
ORD-103566,SKU-00663,1,DC-04,STANDARD,2026-08-19T13:29:00,2026-08-19T17:29:00,PICKING,PICKING,EU,STANDARD
ORD-103567,SKU-00562,1,DC-06,CRITICAL,2026-08-19T13:37:00,2026-08-20T13:37:00,SHIPPED,SHIPPED,APAC,STANDARD
ORD-103568,SKU-00299,1,DC-09,STANDARD,2026-08-19T13:38:00,2026-08-19T19:38:00,PACKING,EXCEPTION,LATAM,NEXT_DAY
ORD-103569,SKU-00723,1,DC-01,EXPEDITE,2026-08-19T13:38:00,2026-08-20T01:38:00,PICKING,EXCEPTION,APAC,SAME_DAY
ORD-103570,SKU-00349,1,DC-08,EXPEDITE,2026-08-19T13:49:00,2026-08-19T19:49:00,PICKING,PICKING,APAC,NEXT_DAY
ORD-103571,SKU-00204,1,DC-17,STANDARD,2026-08-19T13:53:00,2026-08-20T13:53:00,EXCEPTION,HOLD,EU,NEXT_DAY
ORD-103572,SKU-01082,1,DC-06,EXPEDITE,2026-08-19T14:00:00,2026-08-20T14:00:00,STAGED,HOLD,APAC,NEXT_DAY
ORD-103573,SKU-00190,1,DC-18,STANDARD,2026-08-19T14:06:00,2026-08-19T22:06:00,RELEASED,HOLD,MEA,STANDARD
ORD-103574,SKU-01174,1,DC-02,STANDARD,2026-08-19T14:16:00,2026-08-20T14:16:00,PACKING,EXCEPTION,LATAM,SAME_DAY
ORD-103575,SKU-00382,1,DC-08,STANDARD,2026-08-19T14:22:00,2026-08-19T22:22:00,PACKING,HOLD,MEA,NEXT_DAY
ORD-103576,SKU-00740,1,DC-03,STANDARD,2026-08-19T14:40:00,2026-08-19T22:40:00,SHIPPED,EXCEPTION,APAC,SAME_DAY
ORD-103577,SKU-00034,1,DC-13,EXPEDITE,2026-08-19T14:44:00,2026-08-19T18:44:00,PACKING,HOLD,LATAM,NEXT_DAY
ORD-103578,SKU-00663,1,DC-11,CRITICAL,2026-08-19T14:46:00,2026-08-19T20:46:00,RELEASED,RELEASED,APAC,NEXT_DAY
ORD-103579,SKU-00267,1,DC-04,STANDARD,2026-08-19T14:50:00,2026-08-20T02:50:00,PACKING,PACKING,EU,STANDARD
ORD-103580,SKU-00519,1,DC-11,STANDARD,2026-08-19T14:58:00,2026-08-19T18:58:00,RELEASED,RELEASED,LATAM,STANDARD
ORD-103581,SKU-01007,1,DC-11,STANDARD,2026-08-19T15:03:00,2026-08-19T23:03:00,ALLOCATED,HOLD,APAC,NEXT_DAY
ORD-103582,SKU-00223,1,DC-18,STANDARD,2026-08-19T15:05:00,2026-08-19T21:05:00,SHIPPED,HOLD,LATAM,STANDARD
ORD-103583,SKU-00222,1,DC-03,CRITICAL,2026-08-19T15:16:00,2026-08-20T03:16:00,EXCEPTION,EXCEPTION,LATAM,SAME_DAY
ORD-103584,SKU-00892,1,DC-08,STANDARD,2026-08-19T15:20:00,2026-08-19T21:20:00,SHIPPED,SHIPPED,LATAM,NEXT_DAY
ORD-103585,SKU-00309,1,DC-03,STANDARD,2026-08-19T15:22:00,2026-08-19T23:22:00,SHIPPED,SHIPPED,APAC,SAME_DAY
ORD-103586,SKU-01102,1,DC-17,STANDARD,2026-08-19T15:31:00,2026-08-19T23:31:00,STAGED,STAGED,EU,NEXT_DAY
ORD-103587,SKU-01148,1,DC-14,STANDARD,2026-08-19T15:33:00,2026-08-19T19:33:00,EXCEPTION,EXCEPTION,EU,STANDARD
ORD-103588,SKU-00864,1,DC-01,EXPEDITE,2026-08-19T15:34:00,2026-08-20T15:34:00,RELEASED,RELEASED,LATAM,SAME_DAY
ORD-103589,SKU-00624,1,DC-07,STANDARD,2026-08-19T15:38:00,2026-08-19T23:38:00,RELEASED,EXCEPTION,LATAM,STANDARD
ORD-103590,SKU-00631,1,DC-13,STANDARD,2026-08-19T15:57:00,2026-08-19T21:57:00,EXCEPTION,EXCEPTION,APAC,STANDARD
ORD-103591,SKU-00544,1,DC-12,EXPEDITE,2026-08-19T15:59:00,2026-08-19T19:59:00,PACKING,EXCEPTION,LATAM,NEXT_DAY
ORD-103592,SKU-01047,1,DC-07,EXPEDITE,2026-08-19T16:02:00,2026-08-20T16:02:00,PACKING,PACKING,EU,STANDARD
ORD-103593,SKU-01063,1,DC-06,EXPEDITE,2026-08-19T16:04:00,2026-08-19T22:04:00,EXCEPTION,EXCEPTION,LATAM,STANDARD
ORD-103594,SKU-00017,1,DC-06,CRITICAL,2026-08-19T16:09:00,2026-08-20T16:09:00,SHIPPED,SHIPPED,MEA,NEXT_DAY
ORD-103595,SKU-00964,1,DC-11,CRITICAL,2026-08-19T16:10:00,2026-08-20T04:10:00,PACKING,PACKING,MEA,NEXT_DAY
ORD-103596,SKU-00280,1,DC-09,STANDARD,2026-08-19T16:30:00,2026-08-20T16:30:00,ALLOCATED,EXCEPTION,EU,NEXT_DAY
ORD-103597,SKU-00624,1,DC-13,STANDARD,2026-08-19T16:35:00,2026-08-20T00:35:00,PACKING,PACKING,MEA,STANDARD
ORD-103598,SKU-00786,1,DC-06,STANDARD,2026-08-19T16:41:00,2026-08-20T16:41:00,STAGED,EXCEPTION,MEA,STANDARD
ORD-103599,SKU-00356,1,DC-03,EXPEDITE,2026-08-19T16:42:00,2026-08-20T04:42:00,ALLOCATED,EXCEPTION,APAC,SAME_DAY
ORD-103600,SKU-00395,1,DC-09,STANDARD,2026-08-19T17:11:00,2026-08-20T17:11:00,PACKING,PACKING,MEA,SAME_DAY
ORD-103601,SKU-00239,1,DC-07,STANDARD,2026-08-19T17:15:00,2026-08-20T05:15:00,EXCEPTION,EXCEPTION,EU,STANDARD
ORD-103602,SKU-00419,1,DC-06,STANDARD,2026-08-19T17:17:00,2026-08-20T05:17:00,RELEASED,RELEASED,MEA,STANDARD
ORD-103603,SKU-01184,1,DC-13,EXPEDITE,2026-08-19T17:18:00,2026-08-19T21:18:00,RELEASED,HOLD,LATAM,NEXT_DAY
ORD-103604,SKU-00501,1,DC-05,STANDARD,2026-08-19T17:27:00,2026-08-19T21:27:00,SHIPPED,SHIPPED,APAC,SAME_DAY
ORD-103605,SKU-00980,1,DC-13,STANDARD,2026-08-19T17:31:00,2026-08-19T21:31:00,RELEASED,RELEASED,LATAM,STANDARD
ORD-103606,SKU-00992,1,DC-13,STANDARD,2026-08-19T17:41:00,2026-08-20T05:41:00,PICKING,PICKING,MEA,NEXT_DAY
ORD-103607,SKU-00052,1,DC-18,EXPEDITE,2026-08-19T17:47:00,2026-08-19T21:47:00,ALLOCATED,ALLOCATED,LATAM,STANDARD
ORD-103608,SKU-00158,1,DC-05,STANDARD,2026-08-19T17:57:00,2026-08-20T17:57:00,SHIPPED,SHIPPED,EU,NEXT_DAY
ORD-103609,SKU-01018,1,DC-12,STANDARD,2026-08-19T17:58:00,2026-08-20T01:58:00,STAGED,HOLD,MEA,NEXT_DAY
ORD-103610,SKU-00575,1,DC-02,STANDARD,2026-08-19T18:07:00,2026-08-20T06:07:00,ALLOCATED,HOLD,EU,SAME_DAY
ORD-103611,SKU-00385,1,DC-06,STANDARD,2026-08-19T18:21:00,2026-08-20T18:21:00,ALLOCATED,HOLD,EU,SAME_DAY
ORD-103612,SKU-00843,1,DC-07,STANDARD,2026-08-19T18:21:00,2026-08-19T22:21:00,ALLOCATED,HOLD,EU,STANDARD
ORD-103613,SKU-00202,1,DC-03,STANDARD,2026-08-19T18:26:00,2026-08-19T22:26:00,PACKING,PACKING,APAC,NEXT_DAY
ORD-103614,SKU-00883,1,DC-01,STANDARD,2026-08-19T18:33:00,2026-08-20T18:33:00,ALLOCATED,EXCEPTION,EU,STANDARD
ORD-103615,SKU-00905,1,DC-03,EXPEDITE,2026-08-19T18:40:00,2026-08-19T22:40:00,PACKING,PACKING,APAC,SAME_DAY
ORD-103616,SKU-01146,1,DC-16,STANDARD,2026-08-19T18:53:00,2026-08-19T22:53:00,ALLOCATED,ALLOCATED,LATAM,SAME_DAY
ORD-103617,SKU-00967,1,DC-06,STANDARD,2026-08-19T18:55:00,2026-08-20T18:55:00,SHIPPED,HOLD,EU,STANDARD
ORD-103618,SKU-01023,1,DC-18,EXPEDITE,2026-08-19T19:06:00,2026-08-20T19:06:00,PACKING,HOLD,MEA,NEXT_DAY
ORD-103619,SKU-00818,1,DC-01,EXPEDITE,2026-08-19T19:12:00,2026-08-20T19:12:00,PICKING,PICKING,LATAM,NEXT_DAY
ORD-103620,SKU-00680,1,DC-07,STANDARD,2026-08-19T19:19:00,2026-08-20T03:19:00,PICKING,PICKING,EU,STANDARD
ORD-103621,SKU-00569,1,DC-09,STANDARD,2026-08-19T19:25:00,2026-08-20T01:25:00,SHIPPED,SHIPPED,APAC,SAME_DAY
ORD-103622,SKU-00789,1,DC-13,EXPEDITE,2026-08-19T19:38:00,2026-08-20T07:38:00,STAGED,STAGED,EU,SAME_DAY
ORD-103623,SKU-00741,1,DC-13,EXPEDITE,2026-08-19T19:43:00,2026-08-19T23:43:00,EXCEPTION,EXCEPTION,EU,NEXT_DAY
ORD-103624,SKU-00142,1,DC-08,STANDARD,2026-08-19T19:48:00,2026-08-20T01:48:00,PICKING,PICKING,MEA,STANDARD
ORD-103625,SKU-00900,1,DC-05,STANDARD,2026-08-19T19:48:00,2026-08-20T03:48:00,ALLOCATED,ALLOCATED,LATAM,NEXT_DAY
ORD-103626,SKU-00430,1,DC-05,STANDARD,2026-08-19T19:52:00,2026-08-20T01:52:00,PICKING,HOLD,APAC,STANDARD
ORD-103627,SKU-00676,1,DC-10,STANDARD,2026-08-19T19:56:00,2026-08-19T23:56:00,STAGED,HOLD,APAC,STANDARD
ORD-103628,SKU-00145,1,DC-08,STANDARD,2026-08-19T19:58:00,2026-08-20T19:58:00,ALLOCATED,ALLOCATED,LATAM,SAME_DAY
ORD-103629,SKU-00292,1,DC-01,STANDARD,2026-08-19T20:10:00,2026-08-20T20:10:00,EXCEPTION,EXCEPTION,LATAM,STANDARD
ORD-103630,SKU-00908,1,DC-15,STANDARD,2026-08-19T20:37:00,2026-08-20T02:37:00,PICKING,PICKING,LATAM,NEXT_DAY
ORD-103631,SKU-00710,1,DC-01,STANDARD,2026-08-19T20:39:00,2026-08-20T02:39:00,SHIPPED,EXCEPTION,APAC,STANDARD
ORD-103632,SKU-00546,1,DC-07,STANDARD,2026-08-19T20:48:00,2026-08-20T02:48:00,RELEASED,HOLD,LATAM,NEXT_DAY
ORD-103633,SKU-00558,1,DC-14,STANDARD,2026-08-19T20:58:00,2026-08-20T02:58:00,PACKING,PACKING,LATAM,NEXT_DAY
ORD-103634,SKU-00746,1,DC-17,STANDARD,2026-08-19T21:26:00,2026-08-20T01:26:00,ALLOCATED,ALLOCATED,APAC,NEXT_DAY
ORD-103635,SKU-00761,1,DC-16,STANDARD,2026-08-19T21:39:00,2026-08-20T03:39:00,PACKING,PACKING,LATAM,SAME_DAY
ORD-103636,SKU-01023,1,DC-11,EXPEDITE,2026-08-19T21:43:00,2026-08-20T05:43:00,RELEASED,RELEASED,LATAM,SAME_DAY
ORD-103637,SKU-00275,1,DC-12,STANDARD,2026-08-19T21:47:00,2026-08-20T09:47:00,EXCEPTION,EXCEPTION,EU,SAME_DAY
ORD-103638,SKU-00108,1,DC-10,EXPEDITE,2026-08-19T22:02:00,2026-08-20T04:02:00,STAGED,STAGED,APAC,NEXT_DAY
ORD-103639,SKU-00902,1,DC-05,STANDARD,2026-08-19T22:11:00,2026-08-20T06:11:00,RELEASED,RELEASED,MEA,STANDARD
ORD-103640,SKU-00407,1,DC-13,STANDARD,2026-08-19T22:13:00,2026-08-20T10:13:00,ALLOCATED,ALLOCATED,EU,SAME_DAY
ORD-103641,SKU-00905,1,DC-13,STANDARD,2026-08-19T22:19:00,2026-08-20T06:19:00,PACKING,PACKING,LATAM,NEXT_DAY
ORD-103642,SKU-00901,1,DC-12,CRITICAL,2026-08-19T22:36:00,2026-08-20T10:36:00,STAGED,HOLD,APAC,SAME_DAY
ORD-103643,SKU-01011,1,DC-14,STANDARD,2026-08-19T22:39:00,2026-08-20T04:39:00,RELEASED,HOLD,MEA,SAME_DAY
ORD-103644,SKU-00710,1,DC-14,STANDARD,2026-08-19T22:42:00,2026-08-20T10:42:00,PICKING,HOLD,APAC,SAME_DAY
ORD-103645,SKU-00324,1,DC-01,STANDARD,2026-08-19T22:42:00,2026-08-20T22:42:00,PACKING,PACKING,MEA,NEXT_DAY
ORD-103646,SKU-00884,1,DC-07,CRITICAL,2026-08-19T22:56:00,2026-08-20T10:56:00,RELEASED,RELEASED,LATAM,STANDARD
ORD-103647,SKU-00506,1,DC-11,CRITICAL,2026-08-19T23:02:00,2026-08-20T03:02:00,SHIPPED,SHIPPED,APAC,NEXT_DAY
ORD-103648,SKU-00759,1,DC-14,STANDARD,2026-08-19T23:04:00,2026-08-20T23:04:00,PACKING,PACKING,APAC,STANDARD
ORD-103649,SKU-01085,1,DC-15,STANDARD,2026-08-19T23:06:00,2026-08-20T05:06:00,PICKING,HOLD,APAC,NEXT_DAY
ORD-103650,SKU-00672,1,DC-02,STANDARD,2026-08-19T23:08:00,2026-08-20T07:08:00,RELEASED,RELEASED,APAC,STANDARD
ORD-103651,SKU-00459,1,DC-01,STANDARD,2026-08-19T23:14:00,2026-08-20T05:14:00,SHIPPED,SHIPPED,MEA,STANDARD
ORD-103652,SKU-00657,1,DC-03,STANDARD,2026-08-19T23:25:00,2026-08-20T05:25:00,PICKING,HOLD,EU,NEXT_DAY
ORD-103653,SKU-01050,1,DC-18,EXPEDITE,2026-08-19T23:31:00,2026-08-20T03:31:00,RELEASED,HOLD,APAC,SAME_DAY
ORD-103654,SKU-01168,1,DC-07,EXPEDITE,2026-08-19T23:36:00,2026-08-20T07:36:00,PACKING,PACKING,LATAM,SAME_DAY
ORD-103655,SKU-00511,1,DC-10,STANDARD,2026-08-19T23:46:00,2026-08-20T23:46:00,STAGED,STAGED,EU,SAME_DAY
ORD-103656,SKU-01109,1,DC-13,STANDARD,2026-08-19T23:49:00,2026-08-20T07:49:00,ALLOCATED,EXCEPTION,EU,SAME_DAY
ORD-103657,SKU-01007,1,DC-17,STANDARD,2026-08-19T23:52:00,2026-08-20T23:52:00,PICKING,PICKING,EU,STANDARD
ORD-103658,SKU-00821,1,DC-11,STANDARD,2026-08-19T23:55:00,2026-08-20T23:55:00,PICKING,EXCEPTION,APAC,STANDARD
ORD-103659,SKU-00445,1,DC-15,STANDARD,2026-08-19T23:56:00,2026-08-20T23:56:00,ALLOCATED,ALLOCATED,APAC,SAME_DAY
ORD-103660,SKU-01112,1,DC-12,STANDARD,2026-08-20T00:15:00,2026-08-21T00:15:00,RELEASED,RELEASED,EU,STANDARD
ORD-103661,SKU-00504,1,DC-11,STANDARD,2026-08-20T00:19:00,2026-08-20T08:19:00,PACKING,HOLD,LATAM,SAME_DAY
ORD-103662,SKU-00101,1,DC-11,STANDARD,2026-08-20T00:24:00,2026-08-20T04:24:00,SHIPPED,EXCEPTION,EU,NEXT_DAY
ORD-103663,SKU-01173,1,DC-10,EXPEDITE,2026-08-20T00:28:00,2026-08-20T08:28:00,PICKING,PICKING,MEA,NEXT_DAY
ORD-103664,SKU-00918,1,DC-10,STANDARD,2026-08-20T00:29:00,2026-08-21T00:29:00,ALLOCATED,EXCEPTION,LATAM,SAME_DAY
ORD-103665,SKU-00340,1,DC-06,STANDARD,2026-08-20T00:31:00,2026-08-20T06:31:00,PACKING,PACKING,LATAM,SAME_DAY
ORD-103666,SKU-00436,1,DC-14,STANDARD,2026-08-20T00:34:00,2026-08-20T06:34:00,RELEASED,RELEASED,APAC,STANDARD
ORD-103667,SKU-00172,1,DC-18,STANDARD,2026-08-20T01:01:00,2026-08-21T01:01:00,RELEASED,RELEASED,LATAM,NEXT_DAY
ORD-103668,SKU-00255,1,DC-07,CRITICAL,2026-08-20T01:06:00,2026-08-20T09:06:00,EXCEPTION,EXCEPTION,LATAM,SAME_DAY
ORD-103669,SKU-00632,1,DC-10,EXPEDITE,2026-08-20T01:13:00,2026-08-20T09:13:00,PICKING,PICKING,APAC,STANDARD
ORD-103670,SKU-01122,1,DC-14,STANDARD,2026-08-20T01:45:00,2026-08-20T13:45:00,EXCEPTION,EXCEPTION,MEA,STANDARD
ORD-103671,SKU-00314,1,DC-13,EXPEDITE,2026-08-20T01:50:00,2026-08-20T05:50:00,PICKING,EXCEPTION,EU,SAME_DAY
ORD-103672,SKU-00900,1,DC-10,STANDARD,2026-08-20T02:01:00,2026-08-20T06:01:00,ALLOCATED,ALLOCATED,LATAM,SAME_DAY
ORD-103673,SKU-00682,1,DC-04,CRITICAL,2026-08-20T02:06:00,2026-08-20T06:06:00,RELEASED,RELEASED,MEA,STANDARD
ORD-103674,SKU-00935,1,DC-16,STANDARD,2026-08-20T02:17:00,2026-08-21T02:17:00,SHIPPED,SHIPPED,LATAM,SAME_DAY
ORD-103675,SKU-01193,1,DC-15,STANDARD,2026-08-20T02:21:00,2026-08-20T10:21:00,STAGED,STAGED,APAC,NEXT_DAY
ORD-103676,SKU-00617,1,DC-05,STANDARD,2026-08-20T02:32:00,2026-08-20T14:32:00,SHIPPED,SHIPPED,MEA,STANDARD
ORD-103677,SKU-00268,1,DC-07,EXPEDITE,2026-08-20T02:40:00,2026-08-20T06:40:00,STAGED,STAGED,MEA,SAME_DAY
ORD-103678,SKU-00857,1,DC-03,STANDARD,2026-08-20T02:40:00,2026-08-20T06:40:00,PICKING,PICKING,MEA,STANDARD
ORD-103679,SKU-00377,1,DC-18,EXPEDITE,2026-08-20T02:43:00,2026-08-20T14:43:00,EXCEPTION,EXCEPTION,EU,STANDARD
ORD-103680,SKU-00982,1,DC-03,STANDARD,2026-08-20T02:47:00,2026-08-20T10:47:00,RELEASED,RELEASED,LATAM,SAME_DAY
ORD-103681,SKU-00723,1,DC-01,CRITICAL,2026-08-20T02:52:00,2026-08-20T10:52:00,RELEASED,RELEASED,APAC,NEXT_DAY
ORD-103682,SKU-00587,1,DC-07,STANDARD,2026-08-20T03:00:00,2026-08-20T11:00:00,RELEASED,RELEASED,LATAM,STANDARD
ORD-103683,SKU-00788,1,DC-01,CRITICAL,2026-08-20T03:02:00,2026-08-20T09:02:00,ALLOCATED,ALLOCATED,LATAM,NEXT_DAY
ORD-103684,SKU-00283,1,DC-13,STANDARD,2026-08-20T03:08:00,2026-08-20T11:08:00,STAGED,HOLD,LATAM,SAME_DAY
ORD-103685,SKU-00455,1,DC-09,STANDARD,2026-08-20T03:14:00,2026-08-20T15:14:00,PICKING,PICKING,MEA,SAME_DAY
ORD-103686,SKU-00526,1,DC-06,CRITICAL,2026-08-20T03:14:00,2026-08-20T11:14:00,PICKING,HOLD,MEA,NEXT_DAY
ORD-103687,SKU-00896,1,DC-12,CRITICAL,2026-08-20T03:16:00,2026-08-20T07:16:00,SHIPPED,SHIPPED,EU,NEXT_DAY
ORD-103688,SKU-00351,1,DC-03,STANDARD,2026-08-20T03:37:00,2026-08-21T03:37:00,PACKING,HOLD,EU,SAME_DAY
ORD-103689,SKU-00138,1,DC-16,STANDARD,2026-08-20T03:40:00,2026-08-20T09:40:00,EXCEPTION,EXCEPTION,APAC,SAME_DAY
ORD-103690,SKU-00445,1,DC-10,STANDARD,2026-08-20T03:50:00,2026-08-20T15:50:00,SHIPPED,SHIPPED,MEA,STANDARD
ORD-103691,SKU-00099,1,DC-18,STANDARD,2026-08-20T03:51:00,2026-08-21T03:51:00,STAGED,STAGED,EU,NEXT_DAY
ORD-103692,SKU-01193,1,DC-11,STANDARD,2026-08-20T04:08:00,2026-08-20T16:08:00,PICKING,PICKING,EU,NEXT_DAY
ORD-103693,SKU-00607,1,DC-01,STANDARD,2026-08-20T04:11:00,2026-08-21T04:11:00,PACKING,PACKING,EU,NEXT_DAY
ORD-103694,SKU-00279,1,DC-13,STANDARD,2026-08-20T04:16:00,2026-08-20T12:16:00,EXCEPTION,EXCEPTION,LATAM,STANDARD
ORD-103695,SKU-00395,1,DC-17,EXPEDITE,2026-08-20T04:18:00,2026-08-21T04:18:00,EXCEPTION,EXCEPTION,APAC,NEXT_DAY
ORD-103696,SKU-00975,1,DC-10,EXPEDITE,2026-08-20T04:42:00,2026-08-20T16:42:00,RELEASED,HOLD,EU,STANDARD
ORD-103697,SKU-01168,1,DC-02,STANDARD,2026-08-20T04:55:00,2026-08-20T12:55:00,RELEASED,RELEASED,APAC,STANDARD
ORD-103698,SKU-00433,1,DC-09,STANDARD,2026-08-20T04:58:00,2026-08-21T04:58:00,ALLOCATED,HOLD,APAC,NEXT_DAY
ORD-103699,SKU-01073,1,DC-12,STANDARD,2026-08-20T04:58:00,2026-08-21T04:58:00,ALLOCATED,ALLOCATED,EU,NEXT_DAY
ORD-103700,SKU-01024,1,DC-05,STANDARD,2026-08-20T05:02:00,2026-08-20T11:02:00,PICKING,PICKING,MEA,STANDARD
ORD-103701,SKU-00428,1,DC-15,STANDARD,2026-08-20T05:03:00,2026-08-21T05:03:00,PACKING,PACKING,EU,STANDARD
ORD-103702,SKU-00941,1,DC-09,STANDARD,2026-08-20T05:17:00,2026-08-20T13:17:00,PICKING,PICKING,EU,STANDARD
ORD-103703,SKU-00153,1,DC-17,STANDARD,2026-08-20T05:21:00,2026-08-20T09:21:00,RELEASED,HOLD,EU,NEXT_DAY
ORD-103704,SKU-00010,1,DC-18,STANDARD,2026-08-20T05:29:00,2026-08-20T13:29:00,STAGED,HOLD,EU,NEXT_DAY
ORD-103705,SKU-00174,1,DC-12,EXPEDITE,2026-08-20T05:40:00,2026-08-20T11:40:00,STAGED,HOLD,APAC,NEXT_DAY
ORD-103706,SKU-00798,1,DC-08,EXPEDITE,2026-08-20T05:47:00,2026-08-20T09:47:00,EXCEPTION,EXCEPTION,LATAM,SAME_DAY
ORD-103707,SKU-00682,1,DC-04,STANDARD,2026-08-20T05:55:00,2026-08-20T11:55:00,SHIPPED,HOLD,LATAM,SAME_DAY
ORD-103708,SKU-00232,1,DC-05,STANDARD,2026-08-20T06:01:00,2026-08-20T14:01:00,RELEASED,RELEASED,EU,STANDARD
ORD-103709,SKU-00943,1,DC-05,CRITICAL,2026-08-20T06:23:00,2026-08-20T18:23:00,ALLOCATED,HOLD,MEA,STANDARD
ORD-103710,SKU-00361,1,DC-02,STANDARD,2026-08-20T06:24:00,2026-08-20T12:24:00,PACKING,HOLD,MEA,NEXT_DAY
ORD-103711,SKU-00237,1,DC-10,EXPEDITE,2026-08-20T06:29:00,2026-08-20T10:29:00,RELEASED,EXCEPTION,MEA,SAME_DAY
ORD-103712,SKU-00929,1,DC-04,STANDARD,2026-08-20T06:30:00,2026-08-20T14:30:00,PICKING,PICKING,MEA,STANDARD
ORD-103713,SKU-00260,1,DC-04,EXPEDITE,2026-08-20T06:51:00,2026-08-21T06:51:00,ALLOCATED,ALLOCATED,APAC,SAME_DAY
ORD-103714,SKU-00151,1,DC-15,STANDARD,2026-08-20T06:55:00,2026-08-20T12:55:00,SHIPPED,SHIPPED,EU,STANDARD
ORD-103715,SKU-00460,1,DC-02,STANDARD,2026-08-20T06:59:00,2026-08-20T12:59:00,RELEASED,RELEASED,LATAM,SAME_DAY
ORD-103716,SKU-00702,1,DC-17,CRITICAL,2026-08-20T07:21:00,2026-08-20T13:21:00,STAGED,STAGED,APAC,STANDARD
ORD-103717,SKU-00301,1,DC-17,STANDARD,2026-08-20T07:24:00,2026-08-20T11:24:00,PACKING,PACKING,APAC,NEXT_DAY
ORD-103718,SKU-00782,1,DC-16,STANDARD,2026-08-20T07:47:00,2026-08-20T15:47:00,ALLOCATED,ALLOCATED,APAC,STANDARD
ORD-103719,SKU-01048,1,DC-14,STANDARD,2026-08-20T07:50:00,2026-08-20T19:50:00,STAGED,HOLD,MEA,SAME_DAY
ORD-103720,SKU-00458,1,DC-05,STANDARD,2026-08-20T07:56:00,2026-08-20T13:56:00,PACKING,PACKING,EU,NEXT_DAY
ORD-103721,SKU-00591,1,DC-17,EXPEDITE,2026-08-20T07:57:00,2026-08-21T07:57:00,EXCEPTION,EXCEPTION,MEA,SAME_DAY
ORD-103722,SKU-00995,1,DC-18,STANDARD,2026-08-20T08:00:00,2026-08-20T16:00:00,EXCEPTION,EXCEPTION,MEA,SAME_DAY
ORD-103723,SKU-00794,1,DC-12,EXPEDITE,2026-08-20T08:06:00,2026-08-21T08:06:00,SHIPPED,SHIPPED,APAC,STANDARD
ORD-103724,SKU-00947,1,DC-13,EXPEDITE,2026-08-20T08:18:00,2026-08-20T16:18:00,RELEASED,EXCEPTION,EU,NEXT_DAY
ORD-103725,SKU-01005,1,DC-03,STANDARD,2026-08-20T08:20:00,2026-08-20T16:20:00,PICKING,EXCEPTION,MEA,STANDARD
ORD-103726,SKU-00972,1,DC-12,STANDARD,2026-08-20T08:27:00,2026-08-20T16:27:00,ALLOCATED,ALLOCATED,APAC,NEXT_DAY
ORD-103727,SKU-00083,1,DC-16,EXPEDITE,2026-08-20T08:32:00,2026-08-20T16:32:00,ALLOCATED,ALLOCATED,MEA,NEXT_DAY
ORD-103728,SKU-00240,1,DC-16,STANDARD,2026-08-20T08:34:00,2026-08-20T20:34:00,RELEASED,RELEASED,LATAM,STANDARD
ORD-103729,SKU-00097,1,DC-07,CRITICAL,2026-08-20T08:39:00,2026-08-21T08:39:00,SHIPPED,SHIPPED,LATAM,STANDARD
ORD-103730,SKU-00551,1,DC-15,EXPEDITE,2026-08-20T08:49:00,2026-08-20T16:49:00,RELEASED,RELEASED,LATAM,STANDARD
ORD-103731,SKU-00346,1,DC-07,STANDARD,2026-08-20T08:50:00,2026-08-20T20:50:00,STAGED,HOLD,LATAM,STANDARD
ORD-103732,SKU-00779,1,DC-02,EXPEDITE,2026-08-20T08:54:00,2026-08-20T14:54:00,STAGED,STAGED,APAC,SAME_DAY
ORD-103733,SKU-01101,1,DC-14,STANDARD,2026-08-20T08:56:00,2026-08-20T14:56:00,ALLOCATED,ALLOCATED,LATAM,SAME_DAY
ORD-103734,SKU-00747,1,DC-11,STANDARD,2026-08-20T09:13:00,2026-08-20T15:13:00,SHIPPED,SHIPPED,EU,NEXT_DAY
ORD-103735,SKU-00554,1,DC-05,EXPEDITE,2026-08-20T09:14:00,2026-08-21T09:14:00,ALLOCATED,HOLD,EU,NEXT_DAY
ORD-103736,SKU-00389,1,DC-14,EXPEDITE,2026-08-20T09:21:00,2026-08-20T17:21:00,STAGED,STAGED,MEA,SAME_DAY
ORD-103737,SKU-00253,1,DC-09,STANDARD,2026-08-20T09:23:00,2026-08-20T13:23:00,SHIPPED,EXCEPTION,MEA,NEXT_DAY
ORD-103738,SKU-00303,1,DC-01,STANDARD,2026-08-20T09:46:00,2026-08-20T15:46:00,RELEASED,EXCEPTION,MEA,STANDARD
ORD-103739,SKU-01105,1,DC-01,STANDARD,2026-08-20T09:52:00,2026-08-20T15:52:00,PICKING,PICKING,APAC,STANDARD
ORD-103740,SKU-00030,1,DC-06,STANDARD,2026-08-20T09:56:00,2026-08-20T21:56:00,RELEASED,RELEASED,APAC,STANDARD
ORD-103741,SKU-00703,1,DC-12,STANDARD,2026-08-20T10:05:00,2026-08-20T16:05:00,PACKING,PACKING,MEA,NEXT_DAY
ORD-103742,SKU-00973,1,DC-18,STANDARD,2026-08-20T10:09:00,2026-08-20T18:09:00,SHIPPED,SHIPPED,MEA,NEXT_DAY
ORD-103743,SKU-00771,1,DC-01,STANDARD,2026-08-20T10:35:00,2026-08-20T18:35:00,EXCEPTION,EXCEPTION,APAC,NEXT_DAY
ORD-103744,SKU-00146,1,DC-10,EXPEDITE,2026-08-20T10:35:00,2026-08-20T16:35:00,EXCEPTION,EXCEPTION,APAC,STANDARD
ORD-103745,SKU-00856,1,DC-10,STANDARD,2026-08-20T10:37:00,2026-08-21T10:37:00,EXCEPTION,HOLD,APAC,STANDARD
ORD-103746,SKU-00264,1,DC-13,STANDARD,2026-08-20T10:58:00,2026-08-20T18:58:00,PACKING,PACKING,EU,STANDARD
ORD-103747,SKU-00471,1,DC-09,EXPEDITE,2026-08-20T11:04:00,2026-08-20T15:04:00,SHIPPED,HOLD,EU,STANDARD
ORD-103748,SKU-00138,1,DC-03,EXPEDITE,2026-08-20T11:07:00,2026-08-20T17:07:00,PICKING,PICKING,MEA,STANDARD
ORD-103749,SKU-00697,1,DC-03,CRITICAL,2026-08-20T11:12:00,2026-08-21T11:12:00,STAGED,EXCEPTION,APAC,STANDARD
ORD-103750,SKU-00451,1,DC-08,STANDARD,2026-08-20T11:12:00,2026-08-20T23:12:00,PACKING,HOLD,MEA,STANDARD
ORD-103751,SKU-00470,1,DC-08,STANDARD,2026-08-20T11:26:00,2026-08-20T19:26:00,PACKING,PACKING,EU,STANDARD
ORD-103752,SKU-00753,1,DC-12,STANDARD,2026-08-20T11:32:00,2026-08-21T11:32:00,EXCEPTION,EXCEPTION,EU,STANDARD
ORD-103753,SKU-00465,1,DC-17,STANDARD,2026-08-20T11:41:00,2026-08-20T19:41:00,RELEASED,EXCEPTION,LATAM,NEXT_DAY
ORD-103754,SKU-01033,1,DC-09,STANDARD,2026-08-20T11:45:00,2026-08-20T23:45:00,ALLOCATED,ALLOCATED,LATAM,SAME_DAY
ORD-103755,SKU-00624,1,DC-05,STANDARD,2026-08-20T11:55:00,2026-08-20T23:55:00,RELEASED,RELEASED,MEA,NEXT_DAY
ORD-103756,SKU-01068,1,DC-13,STANDARD,2026-08-20T12:01:00,2026-08-20T18:01:00,STAGED,HOLD,LATAM,SAME_DAY
ORD-103757,SKU-01135,1,DC-13,STANDARD,2026-08-20T12:02:00,2026-08-21T12:02:00,EXCEPTION,EXCEPTION,APAC,SAME_DAY
ORD-103758,SKU-00069,1,DC-17,STANDARD,2026-08-20T12:16:00,2026-08-21T12:16:00,RELEASED,RELEASED,APAC,STANDARD
ORD-103759,SKU-00682,1,DC-14,STANDARD,2026-08-20T12:23:00,2026-08-21T12:23:00,PICKING,EXCEPTION,MEA,STANDARD
ORD-103760,SKU-00343,1,DC-18,STANDARD,2026-08-20T12:28:00,2026-08-21T12:28:00,ALLOCATED,ALLOCATED,MEA,NEXT_DAY
ORD-103761,SKU-00708,1,DC-16,STANDARD,2026-08-20T12:28:00,2026-08-21T00:28:00,SHIPPED,HOLD,APAC,STANDARD
ORD-103762,SKU-01111,1,DC-04,STANDARD,2026-08-20T12:30:00,2026-08-20T20:30:00,RELEASED,HOLD,LATAM,NEXT_DAY
ORD-103763,SKU-00876,1,DC-06,STANDARD,2026-08-20T12:31:00,2026-08-20T16:31:00,RELEASED,RELEASED,APAC,NEXT_DAY
ORD-103764,SKU-01155,1,DC-05,STANDARD,2026-08-20T12:32:00,2026-08-20T18:32:00,STAGED,STAGED,APAC,NEXT_DAY
ORD-103765,SKU-00886,1,DC-11,STANDARD,2026-08-20T12:43:00,2026-08-20T20:43:00,ALLOCATED,ALLOCATED,APAC,NEXT_DAY
ORD-103766,SKU-00977,1,DC-05,STANDARD,2026-08-20T12:47:00,2026-08-21T00:47:00,PACKING,PACKING,APAC,NEXT_DAY
ORD-103767,SKU-00502,1,DC-15,EXPEDITE,2026-08-20T12:51:00,2026-08-21T12:51:00,STAGED,STAGED,APAC,SAME_DAY
ORD-103768,SKU-00813,1,DC-14,STANDARD,2026-08-20T13:00:00,2026-08-20T21:00:00,ALLOCATED,ALLOCATED,LATAM,NEXT_DAY
ORD-103769,SKU-00105,1,DC-07,STANDARD,2026-08-20T13:02:00,2026-08-21T13:02:00,SHIPPED,SHIPPED,EU,SAME_DAY
ORD-103770,SKU-00185,1,DC-16,CRITICAL,2026-08-20T13:06:00,2026-08-21T01:06:00,RELEASED,RELEASED,APAC,STANDARD
ORD-103771,SKU-00660,1,DC-06,STANDARD,2026-08-20T13:17:00,2026-08-20T21:17:00,STAGED,HOLD,APAC,STANDARD
ORD-103772,SKU-00442,1,DC-12,STANDARD,2026-08-20T13:19:00,2026-08-21T13:19:00,RELEASED,RELEASED,MEA,SAME_DAY
ORD-103773,SKU-00556,1,DC-17,STANDARD,2026-08-20T13:41:00,2026-08-21T13:41:00,RELEASED,RELEASED,LATAM,STANDARD
ORD-103774,SKU-00027,1,DC-04,EXPEDITE,2026-08-20T13:42:00,2026-08-20T19:42:00,RELEASED,RELEASED,EU,NEXT_DAY
ORD-103775,SKU-00400,1,DC-09,STANDARD,2026-08-20T13:43:00,2026-08-20T19:43:00,STAGED,EXCEPTION,MEA,STANDARD
ORD-103776,SKU-00723,1,DC-12,STANDARD,2026-08-20T13:57:00,2026-08-20T19:57:00,PICKING,EXCEPTION,APAC,STANDARD
ORD-103777,SKU-01043,1,DC-18,STANDARD,2026-08-20T14:01:00,2026-08-21T14:01:00,ALLOCATED,ALLOCATED,APAC,SAME_DAY
ORD-103778,SKU-00631,1,DC-06,STANDARD,2026-08-20T14:06:00,2026-08-20T22:06:00,PICKING,EXCEPTION,APAC,NEXT_DAY
ORD-103779,SKU-00595,1,DC-09,STANDARD,2026-08-20T14:08:00,2026-08-20T20:08:00,PICKING,PICKING,LATAM,SAME_DAY
ORD-103780,SKU-00448,1,DC-08,EXPEDITE,2026-08-20T14:11:00,2026-08-20T18:11:00,EXCEPTION,EXCEPTION,MEA,STANDARD
ORD-103781,SKU-00984,1,DC-03,STANDARD,2026-08-20T14:12:00,2026-08-20T20:12:00,EXCEPTION,EXCEPTION,LATAM,SAME_DAY
ORD-103782,SKU-00424,1,DC-17,STANDARD,2026-08-20T14:13:00,2026-08-20T20:13:00,SHIPPED,HOLD,MEA,SAME_DAY
ORD-103783,SKU-00706,1,DC-10,STANDARD,2026-08-20T14:33:00,2026-08-21T14:33:00,EXCEPTION,EXCEPTION,EU,NEXT_DAY
ORD-103784,SKU-00938,1,DC-18,STANDARD,2026-08-20T15:14:00,2026-08-21T15:14:00,PICKING,PICKING,MEA,NEXT_DAY
ORD-103785,SKU-00598,1,DC-18,EXPEDITE,2026-08-20T15:25:00,2026-08-21T15:25:00,PACKING,PACKING,EU,NEXT_DAY
ORD-103786,SKU-00648,1,DC-16,STANDARD,2026-08-20T15:26:00,2026-08-20T21:26:00,ALLOCATED,ALLOCATED,MEA,STANDARD
ORD-103787,SKU-00294,1,DC-06,STANDARD,2026-08-20T15:27:00,2026-08-21T15:27:00,ALLOCATED,ALLOCATED,EU,STANDARD
ORD-103788,SKU-00288,1,DC-14,STANDARD,2026-08-20T15:39:00,2026-08-20T19:39:00,PICKING,HOLD,MEA,NEXT_DAY
ORD-103789,SKU-00454,1,DC-16,STANDARD,2026-08-20T15:57:00,2026-08-20T23:57:00,EXCEPTION,EXCEPTION,MEA,STANDARD
ORD-103790,SKU-00508,1,DC-02,STANDARD,2026-08-20T16:03:00,2026-08-20T20:03:00,RELEASED,RELEASED,APAC,STANDARD
ORD-103791,SKU-00736,1,DC-13,EXPEDITE,2026-08-20T16:19:00,2026-08-21T00:19:00,PICKING,PICKING,MEA,NEXT_DAY
ORD-103792,SKU-00401,1,DC-16,STANDARD,2026-08-20T16:22:00,2026-08-20T20:22:00,EXCEPTION,EXCEPTION,MEA,SAME_DAY
ORD-103793,SKU-00425,1,DC-15,EXPEDITE,2026-08-20T16:22:00,2026-08-20T20:22:00,STAGED,STAGED,LATAM,SAME_DAY
ORD-103794,SKU-00213,1,DC-04,EXPEDITE,2026-08-20T16:22:00,2026-08-20T20:22:00,PACKING,PACKING,LATAM,STANDARD
ORD-103795,SKU-01035,1,DC-10,EXPEDITE,2026-08-20T16:24:00,2026-08-21T00:24:00,RELEASED,RELEASED,EU,STANDARD
ORD-103796,SKU-00157,1,DC-09,STANDARD,2026-08-20T16:30:00,2026-08-20T20:30:00,EXCEPTION,EXCEPTION,EU,NEXT_DAY
ORD-103797,SKU-01085,1,DC-06,STANDARD,2026-08-20T16:33:00,2026-08-21T00:33:00,ALLOCATED,ALLOCATED,LATAM,STANDARD
ORD-103798,SKU-00404,1,DC-16,CRITICAL,2026-08-20T16:37:00,2026-08-21T16:37:00,SHIPPED,SHIPPED,APAC,SAME_DAY
ORD-103799,SKU-01081,1,DC-07,EXPEDITE,2026-08-20T16:41:00,2026-08-20T20:41:00,SHIPPED,SHIPPED,LATAM,NEXT_DAY
ORD-103800,SKU-01034,1,DC-06,EXPEDITE,2026-08-20T16:51:00,2026-08-21T00:51:00,PICKING,PICKING,MEA,NEXT_DAY
ORD-103801,SKU-00901,1,DC-05,STANDARD,2026-08-20T17:30:00,2026-08-21T01:30:00,RELEASED,RELEASED,MEA,NEXT_DAY
ORD-103802,SKU-00239,1,DC-12,STANDARD,2026-08-20T17:35:00,2026-08-20T21:35:00,RELEASED,HOLD,APAC,NEXT_DAY
ORD-103803,SKU-00216,1,DC-18,EXPEDITE,2026-08-20T17:43:00,2026-08-21T05:43:00,SHIPPED,SHIPPED,LATAM,SAME_DAY
ORD-103804,SKU-00427,1,DC-02,STANDARD,2026-08-20T17:47:00,2026-08-20T21:47:00,ALLOCATED,ALLOCATED,EU,NEXT_DAY
ORD-103805,SKU-00486,1,DC-05,STANDARD,2026-08-20T17:47:00,2026-08-20T23:47:00,STAGED,STAGED,LATAM,NEXT_DAY
ORD-103806,SKU-00465,1,DC-02,STANDARD,2026-08-20T18:09:00,2026-08-20T22:09:00,SHIPPED,SHIPPED,APAC,NEXT_DAY
ORD-103807,SKU-00747,1,DC-14,STANDARD,2026-08-20T18:30:00,2026-08-21T02:30:00,RELEASED,RELEASED,APAC,STANDARD
ORD-103808,SKU-00424,1,DC-17,STANDARD,2026-08-20T18:43:00,2026-08-21T06:43:00,PACKING,EXCEPTION,MEA,STANDARD
ORD-103809,SKU-00083,1,DC-10,STANDARD,2026-08-20T18:55:00,2026-08-21T18:55:00,SHIPPED,SHIPPED,APAC,SAME_DAY
ORD-103810,SKU-00912,1,DC-10,STANDARD,2026-08-20T18:56:00,2026-08-20T22:56:00,STAGED,HOLD,LATAM,NEXT_DAY
ORD-103811,SKU-00444,1,DC-04,STANDARD,2026-08-20T19:25:00,2026-08-21T03:25:00,STAGED,HOLD,LATAM,SAME_DAY
ORD-103812,SKU-01078,1,DC-14,STANDARD,2026-08-20T19:27:00,2026-08-21T19:27:00,SHIPPED,SHIPPED,LATAM,NEXT_DAY
ORD-103813,SKU-00155,1,DC-13,STANDARD,2026-08-20T19:36:00,2026-08-21T03:36:00,ALLOCATED,ALLOCATED,MEA,STANDARD
ORD-103814,SKU-00156,1,DC-15,EXPEDITE,2026-08-20T19:54:00,2026-08-20T23:54:00,SHIPPED,HOLD,LATAM,STANDARD
ORD-103815,SKU-00736,1,DC-05,STANDARD,2026-08-20T20:11:00,2026-08-21T08:11:00,SHIPPED,SHIPPED,MEA,NEXT_DAY
ORD-103816,SKU-00452,1,DC-06,STANDARD,2026-08-20T20:12:00,2026-08-21T02:12:00,EXCEPTION,EXCEPTION,LATAM,SAME_DAY
ORD-103817,SKU-00715,1,DC-03,EXPEDITE,2026-08-20T20:18:00,2026-08-21T04:18:00,RELEASED,RELEASED,LATAM,SAME_DAY
ORD-103818,SKU-00672,1,DC-18,CRITICAL,2026-08-20T20:22:00,2026-08-21T04:22:00,PICKING,PICKING,EU,NEXT_DAY
ORD-103819,SKU-00877,1,DC-18,STANDARD,2026-08-20T20:26:00,2026-08-21T20:26:00,EXCEPTION,EXCEPTION,EU,NEXT_DAY
ORD-103820,SKU-01048,1,DC-11,STANDARD,2026-08-20T20:27:00,2026-08-21T20:27:00,ALLOCATED,ALLOCATED,LATAM,STANDARD
ORD-103821,SKU-00189,1,DC-17,STANDARD,2026-08-20T20:27:00,2026-08-21T08:27:00,PICKING,PICKING,APAC,NEXT_DAY
ORD-103822,SKU-00225,1,DC-03,STANDARD,2026-08-20T20:32:00,2026-08-21T04:32:00,PICKING,PICKING,APAC,SAME_DAY
ORD-103823,SKU-00337,1,DC-18,EXPEDITE,2026-08-20T20:37:00,2026-08-21T20:37:00,EXCEPTION,EXCEPTION,LATAM,SAME_DAY
ORD-103824,SKU-00757,1,DC-17,CRITICAL,2026-08-20T20:39:00,2026-08-21T08:39:00,STAGED,STAGED,MEA,STANDARD
ORD-103825,SKU-00790,1,DC-13,CRITICAL,2026-08-20T20:39:00,2026-08-21T08:39:00,PICKING,EXCEPTION,EU,STANDARD
ORD-103826,SKU-00967,1,DC-16,STANDARD,2026-08-20T20:44:00,2026-08-21T02:44:00,EXCEPTION,EXCEPTION,APAC,SAME_DAY
ORD-103827,SKU-00474,1,DC-14,STANDARD,2026-08-20T20:47:00,2026-08-21T02:47:00,STAGED,STAGED,APAC,STANDARD
ORD-103828,SKU-00070,1,DC-11,CRITICAL,2026-08-20T20:53:00,2026-08-21T08:53:00,EXCEPTION,HOLD,APAC,STANDARD
ORD-103829,SKU-00350,1,DC-18,STANDARD,2026-08-20T21:01:00,2026-08-21T09:01:00,RELEASED,RELEASED,APAC,SAME_DAY
ORD-103830,SKU-00004,1,DC-13,STANDARD,2026-08-20T21:02:00,2026-08-21T09:02:00,SHIPPED,SHIPPED,MEA,SAME_DAY
ORD-103831,SKU-00964,1,DC-03,EXPEDITE,2026-08-20T21:21:00,2026-08-21T21:21:00,STAGED,EXCEPTION,APAC,STANDARD
ORD-103832,SKU-00350,1,DC-18,STANDARD,2026-08-20T21:22:00,2026-08-21T03:22:00,PACKING,PACKING,APAC,STANDARD
ORD-103833,SKU-00866,1,DC-18,STANDARD,2026-08-20T21:22:00,2026-08-21T09:22:00,RELEASED,RELEASED,LATAM,STANDARD
ORD-103834,SKU-00650,1,DC-03,EXPEDITE,2026-08-20T21:36:00,2026-08-21T03:36:00,RELEASED,RELEASED,APAC,STANDARD
ORD-103835,SKU-00762,1,DC-14,STANDARD,2026-08-20T21:44:00,2026-08-21T01:44:00,RELEASED,EXCEPTION,APAC,SAME_DAY
ORD-103836,SKU-00968,1,DC-17,STANDARD,2026-08-20T21:55:00,2026-08-21T05:55:00,EXCEPTION,EXCEPTION,LATAM,STANDARD
ORD-103837,SKU-01156,1,DC-12,STANDARD,2026-08-20T22:01:00,2026-08-21T06:01:00,RELEASED,RELEASED,MEA,NEXT_DAY
ORD-103838,SKU-00992,1,DC-16,STANDARD,2026-08-20T22:11:00,2026-08-21T02:11:00,ALLOCATED,HOLD,EU,STANDARD
ORD-103839,SKU-00070,1,DC-12,STANDARD,2026-08-20T22:20:00,2026-08-21T06:20:00,PICKING,PICKING,EU,STANDARD
ORD-103840,SKU-01083,1,DC-09,STANDARD,2026-08-20T22:20:00,2026-08-21T02:20:00,EXCEPTION,EXCEPTION,EU,SAME_DAY
ORD-103841,SKU-00593,1,DC-06,STANDARD,2026-08-20T22:32:00,2026-08-21T22:32:00,PICKING,PICKING,LATAM,STANDARD
ORD-103842,SKU-00534,1,DC-10,EXPEDITE,2026-08-20T22:38:00,2026-08-21T10:38:00,ALLOCATED,HOLD,MEA,STANDARD
ORD-103843,SKU-00563,1,DC-11,STANDARD,2026-08-20T23:01:00,2026-08-21T07:01:00,EXCEPTION,HOLD,LATAM,NEXT_DAY
ORD-103844,SKU-00264,1,DC-03,EXPEDITE,2026-08-20T23:07:00,2026-08-21T05:07:00,EXCEPTION,HOLD,APAC,SAME_DAY
ORD-103845,SKU-00977,1,DC-07,STANDARD,2026-08-20T23:16:00,2026-08-21T23:16:00,SHIPPED,SHIPPED,EU,STANDARD
ORD-103846,SKU-00595,1,DC-09,STANDARD,2026-08-20T23:26:00,2026-08-21T05:26:00,PICKING,HOLD,EU,SAME_DAY
ORD-103847,SKU-00237,1,DC-02,STANDARD,2026-08-20T23:36:00,2026-08-21T03:36:00,PACKING,EXCEPTION,EU,STANDARD
ORD-103848,SKU-00231,1,DC-06,STANDARD,2026-08-20T23:51:00,2026-08-21T03:51:00,EXCEPTION,EXCEPTION,LATAM,SAME_DAY
ORD-103849,SKU-00274,1,DC-04,EXPEDITE,2026-08-20T23:58:00,2026-08-21T11:58:00,EXCEPTION,EXCEPTION,LATAM,SAME_DAY
ORD-103850,SKU-00681,1,DC-16,STANDARD,2026-08-21T00:18:00,2026-08-21T04:18:00,RELEASED,HOLD,EU,NEXT_DAY
ORD-103851,SKU-01000,1,DC-14,STANDARD,2026-08-21T00:24:00,2026-08-21T06:24:00,EXCEPTION,EXCEPTION,EU,NEXT_DAY
ORD-103852,SKU-01120,1,DC-16,STANDARD,2026-08-21T00:26:00,2026-08-21T12:26:00,ALLOCATED,ALLOCATED,MEA,NEXT_DAY
ORD-103853,SKU-00822,1,DC-15,STANDARD,2026-08-21T00:37:00,2026-08-21T04:37:00,EXCEPTION,EXCEPTION,MEA,STANDARD
ORD-103854,SKU-00702,1,DC-12,STANDARD,2026-08-21T00:42:00,2026-08-21T08:42:00,SHIPPED,HOLD,APAC,SAME_DAY
ORD-103855,SKU-00478,1,DC-09,STANDARD,2026-08-21T00:46:00,2026-08-21T06:46:00,RELEASED,EXCEPTION,APAC,STANDARD
ORD-103856,SKU-01018,1,DC-16,STANDARD,2026-08-21T00:52:00,2026-08-21T04:52:00,SHIPPED,SHIPPED,LATAM,NEXT_DAY
ORD-103857,SKU-00798,1,DC-17,STANDARD,2026-08-21T00:59:00,2026-08-21T04:59:00,RELEASED,RELEASED,MEA,SAME_DAY
ORD-103858,SKU-01200,1,DC-06,STANDARD,2026-08-21T01:08:00,2026-08-21T13:08:00,EXCEPTION,EXCEPTION,APAC,STANDARD
ORD-103859,SKU-00830,1,DC-03,STANDARD,2026-08-21T01:11:00,2026-08-21T05:11:00,PICKING,PICKING,LATAM,STANDARD
ORD-103860,SKU-00389,1,DC-18,STANDARD,2026-08-21T01:11:00,2026-08-21T13:11:00,RELEASED,EXCEPTION,EU,STANDARD
ORD-103861,SKU-01185,1,DC-18,STANDARD,2026-08-21T01:18:00,2026-08-22T01:18:00,SHIPPED,SHIPPED,MEA,NEXT_DAY
ORD-103862,SKU-00614,1,DC-15,EXPEDITE,2026-08-21T01:32:00,2026-08-21T05:32:00,RELEASED,RELEASED,APAC,STANDARD
ORD-103863,SKU-01118,1,DC-03,EXPEDITE,2026-08-21T01:38:00,2026-08-21T07:38:00,EXCEPTION,EXCEPTION,APAC,SAME_DAY
ORD-103864,SKU-00832,1,DC-05,EXPEDITE,2026-08-21T01:39:00,2026-08-21T07:39:00,SHIPPED,HOLD,MEA,NEXT_DAY
ORD-103865,SKU-00204,1,DC-16,STANDARD,2026-08-21T01:40:00,2026-08-21T05:40:00,SHIPPED,SHIPPED,LATAM,NEXT_DAY
ORD-103866,SKU-00615,1,DC-17,CRITICAL,2026-08-21T02:01:00,2026-08-22T02:01:00,RELEASED,RELEASED,APAC,NEXT_DAY
ORD-103867,SKU-00719,1,DC-03,STANDARD,2026-08-21T02:01:00,2026-08-21T10:01:00,ALLOCATED,ALLOCATED,LATAM,STANDARD
ORD-103868,SKU-01069,1,DC-09,CRITICAL,2026-08-21T02:02:00,2026-08-21T14:02:00,ALLOCATED,ALLOCATED,MEA,SAME_DAY
ORD-103869,SKU-00353,1,DC-09,STANDARD,2026-08-21T02:05:00,2026-08-21T10:05:00,PACKING,HOLD,LATAM,SAME_DAY
ORD-103870,SKU-00881,1,DC-16,STANDARD,2026-08-21T02:10:00,2026-08-21T08:10:00,SHIPPED,EXCEPTION,LATAM,STANDARD
ORD-103871,SKU-00930,1,DC-03,STANDARD,2026-08-21T02:19:00,2026-08-21T06:19:00,PACKING,PACKING,EU,NEXT_DAY
ORD-103872,SKU-00669,1,DC-07,STANDARD,2026-08-21T02:37:00,2026-08-21T10:37:00,RELEASED,RELEASED,APAC,NEXT_DAY
ORD-103873,SKU-00006,1,DC-07,EXPEDITE,2026-08-21T02:42:00,2026-08-21T06:42:00,ALLOCATED,EXCEPTION,LATAM,SAME_DAY
ORD-103874,SKU-00268,1,DC-18,EXPEDITE,2026-08-21T02:58:00,2026-08-22T02:58:00,SHIPPED,SHIPPED,EU,SAME_DAY
ORD-103875,SKU-00515,1,DC-10,CRITICAL,2026-08-21T03:20:00,2026-08-22T03:20:00,ALLOCATED,EXCEPTION,LATAM,NEXT_DAY
ORD-103876,SKU-00080,1,DC-14,STANDARD,2026-08-21T03:20:00,2026-08-21T09:20:00,EXCEPTION,EXCEPTION,LATAM,STANDARD
ORD-103877,SKU-00293,1,DC-07,STANDARD,2026-08-21T03:26:00,2026-08-21T07:26:00,PICKING,PICKING,LATAM,STANDARD
ORD-103878,SKU-00651,1,DC-08,STANDARD,2026-08-21T03:28:00,2026-08-22T03:28:00,EXCEPTION,HOLD,APAC,NEXT_DAY
ORD-103879,SKU-00086,1,DC-06,CRITICAL,2026-08-21T03:34:00,2026-08-21T11:34:00,RELEASED,RELEASED,APAC,STANDARD
ORD-103880,SKU-00871,1,DC-13,STANDARD,2026-08-21T03:37:00,2026-08-21T15:37:00,EXCEPTION,EXCEPTION,LATAM,NEXT_DAY
ORD-103881,SKU-00265,1,DC-11,STANDARD,2026-08-21T03:42:00,2026-08-22T03:42:00,PACKING,PACKING,LATAM,NEXT_DAY
ORD-103882,SKU-00175,1,DC-04,STANDARD,2026-08-21T03:53:00,2026-08-21T11:53:00,PACKING,HOLD,APAC,NEXT_DAY
ORD-103883,SKU-00822,1,DC-02,STANDARD,2026-08-21T04:04:00,2026-08-22T04:04:00,PACKING,PACKING,APAC,STANDARD
ORD-103884,SKU-00947,1,DC-13,CRITICAL,2026-08-21T04:17:00,2026-08-21T16:17:00,PACKING,PACKING,EU,NEXT_DAY
ORD-103885,SKU-01108,1,DC-08,STANDARD,2026-08-21T04:21:00,2026-08-21T12:21:00,ALLOCATED,ALLOCATED,MEA,STANDARD
ORD-103886,SKU-00211,1,DC-12,STANDARD,2026-08-21T04:25:00,2026-08-21T16:25:00,RELEASED,RELEASED,APAC,STANDARD
ORD-103887,SKU-00088,1,DC-12,STANDARD,2026-08-21T04:27:00,2026-08-21T10:27:00,PACKING,PACKING,APAC,STANDARD
ORD-103888,SKU-00789,1,DC-15,EXPEDITE,2026-08-21T04:32:00,2026-08-21T10:32:00,STAGED,HOLD,APAC,STANDARD
ORD-103889,SKU-01127,1,DC-15,STANDARD,2026-08-21T04:33:00,2026-08-21T16:33:00,PICKING,PICKING,MEA,NEXT_DAY
ORD-103890,SKU-00851,1,DC-03,STANDARD,2026-08-21T05:00:00,2026-08-21T17:00:00,STAGED,EXCEPTION,LATAM,NEXT_DAY
ORD-103891,SKU-00773,1,DC-01,STANDARD,2026-08-21T05:01:00,2026-08-21T17:01:00,PACKING,EXCEPTION,APAC,SAME_DAY
ORD-103892,SKU-00837,1,DC-06,STANDARD,2026-08-21T05:07:00,2026-08-21T13:07:00,PICKING,EXCEPTION,EU,STANDARD
ORD-103893,SKU-00092,1,DC-09,STANDARD,2026-08-21T05:08:00,2026-08-21T09:08:00,PICKING,EXCEPTION,LATAM,SAME_DAY
ORD-103894,SKU-00175,1,DC-14,STANDARD,2026-08-21T05:13:00,2026-08-21T17:13:00,STAGED,STAGED,MEA,STANDARD
ORD-103895,SKU-00532,1,DC-04,CRITICAL,2026-08-21T05:15:00,2026-08-22T05:15:00,RELEASED,RELEASED,MEA,STANDARD
ORD-103896,SKU-00954,1,DC-18,CRITICAL,2026-08-21T05:16:00,2026-08-22T05:16:00,PICKING,PICKING,LATAM,SAME_DAY
ORD-103897,SKU-00379,1,DC-07,STANDARD,2026-08-21T05:19:00,2026-08-21T11:19:00,PACKING,HOLD,LATAM,NEXT_DAY
ORD-103898,SKU-01164,1,DC-18,EXPEDITE,2026-08-21T05:36:00,2026-08-21T13:36:00,PACKING,EXCEPTION,LATAM,SAME_DAY
ORD-103899,SKU-00260,1,DC-06,STANDARD,2026-08-21T05:38:00,2026-08-22T05:38:00,PACKING,PACKING,MEA,SAME_DAY
ORD-103900,SKU-00112,1,DC-18,STANDARD,2026-08-21T05:40:00,2026-08-21T09:40:00,STAGED,STAGED,MEA,SAME_DAY
ORD-103901,SKU-00426,1,DC-14,STANDARD,2026-08-21T05:52:00,2026-08-21T13:52:00,PACKING,HOLD,APAC,STANDARD
ORD-103902,SKU-00375,1,DC-03,STANDARD,2026-08-21T05:52:00,2026-08-21T09:52:00,PACKING,HOLD,LATAM,NEXT_DAY
ORD-103903,SKU-00285,1,DC-12,STANDARD,2026-08-21T06:00:00,2026-08-21T14:00:00,STAGED,EXCEPTION,APAC,NEXT_DAY
ORD-103904,SKU-01091,1,DC-05,STANDARD,2026-08-21T06:01:00,2026-08-21T14:01:00,PACKING,EXCEPTION,LATAM,SAME_DAY
ORD-103905,SKU-00358,1,DC-18,EXPEDITE,2026-08-21T06:06:00,2026-08-21T18:06:00,STAGED,EXCEPTION,LATAM,STANDARD
ORD-103906,SKU-00579,1,DC-11,STANDARD,2026-08-21T06:11:00,2026-08-21T14:11:00,PICKING,PICKING,MEA,SAME_DAY
ORD-103907,SKU-00398,1,DC-11,STANDARD,2026-08-21T06:28:00,2026-08-22T06:28:00,PACKING,HOLD,APAC,STANDARD
ORD-103908,SKU-00118,1,DC-17,STANDARD,2026-08-21T06:32:00,2026-08-22T06:32:00,PACKING,EXCEPTION,EU,NEXT_DAY
ORD-103909,SKU-00178,1,DC-06,STANDARD,2026-08-21T06:43:00,2026-08-21T10:43:00,RELEASED,RELEASED,LATAM,STANDARD
ORD-103910,SKU-00123,1,DC-17,STANDARD,2026-08-21T06:44:00,2026-08-21T14:44:00,STAGED,STAGED,APAC,STANDARD
ORD-103911,SKU-00789,1,DC-10,STANDARD,2026-08-21T07:25:00,2026-08-21T13:25:00,STAGED,STAGED,MEA,NEXT_DAY
ORD-103912,SKU-00072,1,DC-05,EXPEDITE,2026-08-21T07:37:00,2026-08-21T13:37:00,SHIPPED,EXCEPTION,APAC,SAME_DAY
ORD-103913,SKU-01024,1,DC-10,EXPEDITE,2026-08-21T07:38:00,2026-08-21T19:38:00,SHIPPED,SHIPPED,MEA,NEXT_DAY
ORD-103914,SKU-00589,1,DC-02,STANDARD,2026-08-21T07:43:00,2026-08-21T15:43:00,SHIPPED,SHIPPED,APAC,SAME_DAY
ORD-103915,SKU-00329,1,DC-02,STANDARD,2026-08-21T07:43:00,2026-08-21T19:43:00,PICKING,PICKING,APAC,STANDARD
ORD-103916,SKU-00772,1,DC-03,CRITICAL,2026-08-21T07:45:00,2026-08-21T19:45:00,SHIPPED,HOLD,EU,STANDARD
ORD-103917,SKU-00229,1,DC-04,STANDARD,2026-08-21T07:55:00,2026-08-22T07:55:00,PACKING,EXCEPTION,EU,NEXT_DAY
ORD-103918,SKU-00401,1,DC-17,STANDARD,2026-08-21T08:08:00,2026-08-22T08:08:00,PICKING,PICKING,EU,NEXT_DAY
ORD-103919,SKU-01055,1,DC-09,STANDARD,2026-08-21T08:16:00,2026-08-21T20:16:00,RELEASED,RELEASED,APAC,STANDARD
ORD-103920,SKU-00641,1,DC-18,STANDARD,2026-08-21T08:22:00,2026-08-21T12:22:00,PACKING,EXCEPTION,EU,STANDARD
ORD-103921,SKU-00317,1,DC-12,EXPEDITE,2026-08-21T08:33:00,2026-08-21T16:33:00,PICKING,PICKING,LATAM,NEXT_DAY
ORD-103922,SKU-00326,1,DC-03,STANDARD,2026-08-21T08:37:00,2026-08-21T14:37:00,RELEASED,RELEASED,LATAM,NEXT_DAY
ORD-103923,SKU-00061,1,DC-01,STANDARD,2026-08-21T08:46:00,2026-08-22T08:46:00,RELEASED,RELEASED,APAC,NEXT_DAY
ORD-103924,SKU-00722,1,DC-05,STANDARD,2026-08-21T08:54:00,2026-08-21T12:54:00,EXCEPTION,EXCEPTION,EU,NEXT_DAY
ORD-103925,SKU-00088,1,DC-02,STANDARD,2026-08-21T09:13:00,2026-08-21T17:13:00,RELEASED,RELEASED,APAC,NEXT_DAY
ORD-103926,SKU-00314,1,DC-10,CRITICAL,2026-08-21T09:25:00,2026-08-21T21:25:00,EXCEPTION,EXCEPTION,MEA,STANDARD
ORD-103927,SKU-00442,1,DC-15,STANDARD,2026-08-21T09:30:00,2026-08-22T09:30:00,STAGED,STAGED,APAC,STANDARD
ORD-103928,SKU-00005,1,DC-09,STANDARD,2026-08-21T09:32:00,2026-08-21T15:32:00,EXCEPTION,EXCEPTION,LATAM,STANDARD
ORD-103929,SKU-00309,1,DC-09,CRITICAL,2026-08-21T09:50:00,2026-08-21T17:50:00,EXCEPTION,HOLD,MEA,NEXT_DAY
ORD-103930,SKU-00780,1,DC-16,STANDARD,2026-08-21T09:58:00,2026-08-22T09:58:00,EXCEPTION,EXCEPTION,LATAM,NEXT_DAY
ORD-103931,SKU-00691,1,DC-12,STANDARD,2026-08-21T10:29:00,2026-08-21T22:29:00,RELEASED,HOLD,LATAM,STANDARD
ORD-103932,SKU-00538,1,DC-07,STANDARD,2026-08-21T10:37:00,2026-08-21T22:37:00,ALLOCATED,EXCEPTION,LATAM,SAME_DAY
ORD-103933,SKU-00434,1,DC-15,STANDARD,2026-08-21T10:40:00,2026-08-21T16:40:00,SHIPPED,SHIPPED,APAC,STANDARD
ORD-103934,SKU-00377,1,DC-13,STANDARD,2026-08-21T10:45:00,2026-08-22T10:45:00,EXCEPTION,EXCEPTION,APAC,NEXT_DAY
ORD-103935,SKU-00626,1,DC-17,STANDARD,2026-08-21T11:02:00,2026-08-22T11:02:00,SHIPPED,EXCEPTION,LATAM,SAME_DAY
ORD-103936,SKU-01006,1,DC-06,STANDARD,2026-08-21T11:13:00,2026-08-21T17:13:00,SHIPPED,SHIPPED,MEA,NEXT_DAY
ORD-103937,SKU-00836,1,DC-14,CRITICAL,2026-08-21T11:15:00,2026-08-21T19:15:00,PICKING,EXCEPTION,APAC,STANDARD
ORD-103938,SKU-00990,1,DC-07,STANDARD,2026-08-21T11:18:00,2026-08-21T23:18:00,PACKING,EXCEPTION,EU,NEXT_DAY
ORD-103939,SKU-00154,1,DC-07,STANDARD,2026-08-21T11:24:00,2026-08-21T19:24:00,EXCEPTION,EXCEPTION,EU,SAME_DAY
ORD-103940,SKU-00402,1,DC-14,STANDARD,2026-08-21T11:25:00,2026-08-21T19:25:00,RELEASED,HOLD,LATAM,STANDARD
ORD-103941,SKU-00179,1,DC-01,EXPEDITE,2026-08-21T11:33:00,2026-08-21T17:33:00,SHIPPED,SHIPPED,LATAM,SAME_DAY
ORD-103942,SKU-00805,1,DC-08,STANDARD,2026-08-21T11:33:00,2026-08-21T19:33:00,SHIPPED,HOLD,LATAM,SAME_DAY
ORD-103943,SKU-01094,1,DC-16,EXPEDITE,2026-08-21T12:18:00,2026-08-22T12:18:00,ALLOCATED,ALLOCATED,MEA,SAME_DAY
ORD-103944,SKU-00093,1,DC-03,STANDARD,2026-08-21T12:21:00,2026-08-21T20:21:00,SHIPPED,SHIPPED,APAC,SAME_DAY
ORD-103945,SKU-00762,1,DC-16,CRITICAL,2026-08-21T12:25:00,2026-08-21T18:25:00,SHIPPED,SHIPPED,LATAM,SAME_DAY
ORD-103946,SKU-00216,1,DC-10,STANDARD,2026-08-21T12:30:00,2026-08-21T20:30:00,SHIPPED,SHIPPED,EU,STANDARD
ORD-103947,SKU-00710,1,DC-09,STANDARD,2026-08-21T12:45:00,2026-08-21T16:45:00,EXCEPTION,EXCEPTION,EU,SAME_DAY
ORD-103948,SKU-00508,1,DC-15,STANDARD,2026-08-21T13:14:00,2026-08-21T21:14:00,RELEASED,EXCEPTION,MEA,NEXT_DAY
ORD-103949,SKU-01155,1,DC-07,EXPEDITE,2026-08-21T13:18:00,2026-08-22T01:18:00,PICKING,PICKING,APAC,STANDARD
ORD-103950,SKU-00992,1,DC-13,STANDARD,2026-08-21T13:25:00,2026-08-21T17:25:00,EXCEPTION,EXCEPTION,APAC,SAME_DAY
ORD-103951,SKU-01105,1,DC-10,STANDARD,2026-08-21T13:41:00,2026-08-22T13:41:00,ALLOCATED,ALLOCATED,APAC,NEXT_DAY
ORD-103952,SKU-00173,1,DC-18,STANDARD,2026-08-21T13:42:00,2026-08-21T17:42:00,ALLOCATED,EXCEPTION,EU,NEXT_DAY
ORD-103953,SKU-00730,1,DC-02,EXPEDITE,2026-08-21T13:50:00,2026-08-21T21:50:00,PACKING,HOLD,LATAM,STANDARD
ORD-103954,SKU-00223,1,DC-07,EXPEDITE,2026-08-21T13:52:00,2026-08-21T21:52:00,STAGED,STAGED,APAC,NEXT_DAY
ORD-103955,SKU-00863,1,DC-13,STANDARD,2026-08-21T14:15:00,2026-08-21T18:15:00,STAGED,STAGED,LATAM,NEXT_DAY
ORD-103956,SKU-00528,1,DC-08,STANDARD,2026-08-21T14:24:00,2026-08-21T20:24:00,PACKING,HOLD,MEA,SAME_DAY
ORD-103957,SKU-00566,1,DC-12,STANDARD,2026-08-21T14:26:00,2026-08-22T02:26:00,RELEASED,EXCEPTION,APAC,SAME_DAY
ORD-103958,SKU-00769,1,DC-14,EXPEDITE,2026-08-21T14:28:00,2026-08-22T14:28:00,STAGED,HOLD,LATAM,STANDARD
ORD-103959,SKU-00846,1,DC-10,EXPEDITE,2026-08-21T14:28:00,2026-08-22T14:28:00,PICKING,HOLD,LATAM,STANDARD
ORD-103960,SKU-00352,1,DC-10,STANDARD,2026-08-21T15:01:00,2026-08-22T15:01:00,RELEASED,RELEASED,LATAM,SAME_DAY
ORD-103961,SKU-00214,1,DC-06,STANDARD,2026-08-21T15:10:00,2026-08-22T15:10:00,ALLOCATED,EXCEPTION,MEA,STANDARD
ORD-103962,SKU-00081,1,DC-03,CRITICAL,2026-08-21T15:10:00,2026-08-21T19:10:00,ALLOCATED,ALLOCATED,APAC,SAME_DAY
ORD-103963,SKU-00359,1,DC-10,EXPEDITE,2026-08-21T15:16:00,2026-08-21T19:16:00,PICKING,EXCEPTION,EU,STANDARD
ORD-103964,SKU-00345,1,DC-06,STANDARD,2026-08-21T15:21:00,2026-08-21T21:21:00,PICKING,EXCEPTION,LATAM,STANDARD
ORD-103965,SKU-00018,1,DC-10,STANDARD,2026-08-21T15:26:00,2026-08-22T15:26:00,RELEASED,RELEASED,LATAM,SAME_DAY
ORD-103966,SKU-00706,1,DC-01,STANDARD,2026-08-21T15:28:00,2026-08-21T21:28:00,PACKING,PACKING,MEA,NEXT_DAY
ORD-103967,SKU-00059,1,DC-17,STANDARD,2026-08-21T15:33:00,2026-08-22T03:33:00,STAGED,EXCEPTION,LATAM,STANDARD
ORD-103968,SKU-00827,1,DC-10,STANDARD,2026-08-21T15:45:00,2026-08-21T21:45:00,PICKING,PICKING,LATAM,SAME_DAY
ORD-103969,SKU-00682,1,DC-15,STANDARD,2026-08-21T15:56:00,2026-08-21T23:56:00,PACKING,HOLD,APAC,STANDARD
ORD-103970,SKU-00716,1,DC-03,STANDARD,2026-08-21T15:58:00,2026-08-22T03:58:00,PACKING,HOLD,EU,STANDARD
ORD-103971,SKU-00968,1,DC-02,STANDARD,2026-08-21T16:10:00,2026-08-21T22:10:00,RELEASED,EXCEPTION,EU,NEXT_DAY
ORD-103972,SKU-00474,1,DC-06,STANDARD,2026-08-21T16:17:00,2026-08-22T04:17:00,ALLOCATED,EXCEPTION,LATAM,SAME_DAY
ORD-103973,SKU-00911,1,DC-05,STANDARD,2026-08-21T16:24:00,2026-08-22T04:24:00,ALLOCATED,ALLOCATED,LATAM,STANDARD
ORD-103974,SKU-00202,1,DC-04,EXPEDITE,2026-08-21T16:33:00,2026-08-22T04:33:00,PACKING,PACKING,MEA,SAME_DAY
ORD-103975,SKU-01199,1,DC-05,STANDARD,2026-08-21T16:37:00,2026-08-22T00:37:00,STAGED,HOLD,MEA,STANDARD
ORD-103976,SKU-00933,1,DC-12,STANDARD,2026-08-21T16:57:00,2026-08-22T04:57:00,PICKING,PICKING,APAC,NEXT_DAY
ORD-103977,SKU-00867,1,DC-03,STANDARD,2026-08-21T17:04:00,2026-08-22T17:04:00,PACKING,EXCEPTION,MEA,STANDARD
ORD-103978,SKU-00969,1,DC-06,EXPEDITE,2026-08-21T17:06:00,2026-08-21T23:06:00,STAGED,EXCEPTION,LATAM,NEXT_DAY
ORD-103979,SKU-00233,1,DC-10,EXPEDITE,2026-08-21T17:12:00,2026-08-22T05:12:00,EXCEPTION,EXCEPTION,MEA,STANDARD
ORD-103980,SKU-00186,1,DC-14,STANDARD,2026-08-21T17:34:00,2026-08-22T05:34:00,SHIPPED,SHIPPED,EU,SAME_DAY
ORD-103981,SKU-00557,1,DC-18,CRITICAL,2026-08-21T17:39:00,2026-08-22T17:39:00,STAGED,STAGED,MEA,NEXT_DAY
ORD-103982,SKU-00853,1,DC-18,STANDARD,2026-08-21T17:42:00,2026-08-21T21:42:00,EXCEPTION,EXCEPTION,EU,STANDARD
ORD-103983,SKU-00761,1,DC-13,CRITICAL,2026-08-21T17:45:00,2026-08-22T01:45:00,PICKING,PICKING,MEA,STANDARD
ORD-103984,SKU-00940,1,DC-13,STANDARD,2026-08-21T17:49:00,2026-08-22T17:49:00,RELEASED,RELEASED,APAC,SAME_DAY
ORD-103985,SKU-00080,1,DC-18,STANDARD,2026-08-21T18:02:00,2026-08-22T18:02:00,RELEASED,HOLD,LATAM,STANDARD
ORD-103986,SKU-00580,1,DC-12,STANDARD,2026-08-21T18:12:00,2026-08-21T22:12:00,ALLOCATED,HOLD,APAC,NEXT_DAY
ORD-103987,SKU-01148,1,DC-16,STANDARD,2026-08-21T18:29:00,2026-08-22T06:29:00,SHIPPED,SHIPPED,EU,SAME_DAY
ORD-103988,SKU-00540,1,DC-14,STANDARD,2026-08-21T18:32:00,2026-08-21T22:32:00,RELEASED,RELEASED,LATAM,SAME_DAY
ORD-103989,SKU-01082,1,DC-17,EXPEDITE,2026-08-21T18:35:00,2026-08-22T06:35:00,STAGED,STAGED,LATAM,NEXT_DAY
ORD-103990,SKU-01199,1,DC-08,EXPEDITE,2026-08-21T18:37:00,2026-08-21T22:37:00,EXCEPTION,EXCEPTION,MEA,STANDARD
ORD-103991,SKU-00652,1,DC-16,STANDARD,2026-08-21T18:37:00,2026-08-22T18:37:00,PACKING,HOLD,APAC,NEXT_DAY
ORD-103992,SKU-01152,1,DC-13,STANDARD,2026-08-21T18:43:00,2026-08-22T18:43:00,PACKING,HOLD,APAC,SAME_DAY
ORD-103993,SKU-00575,1,DC-01,STANDARD,2026-08-21T18:45:00,2026-08-22T06:45:00,PICKING,EXCEPTION,APAC,NEXT_DAY
ORD-103994,SKU-00183,1,DC-10,STANDARD,2026-08-21T18:46:00,2026-08-22T18:46:00,SHIPPED,SHIPPED,APAC,STANDARD
ORD-103995,SKU-00310,1,DC-11,STANDARD,2026-08-21T18:49:00,2026-08-22T02:49:00,SHIPPED,SHIPPED,MEA,NEXT_DAY
ORD-103996,SKU-00660,1,DC-14,STANDARD,2026-08-21T18:50:00,2026-08-22T02:50:00,PICKING,EXCEPTION,APAC,STANDARD
ORD-103997,SKU-00951,1,DC-17,EXPEDITE,2026-08-21T18:51:00,2026-08-22T06:51:00,STAGED,STAGED,LATAM,STANDARD
ORD-103998,SKU-00427,1,DC-03,STANDARD,2026-08-21T18:52:00,2026-08-21T22:52:00,PICKING,HOLD,LATAM,STANDARD
ORD-103999,SKU-00877,1,DC-06,STANDARD,2026-08-21T18:57:00,2026-08-22T02:57:00,ALLOCATED,HOLD,MEA,SAME_DAY
ORD-104000,SKU-00376,1,DC-07,STANDARD,2026-08-21T19:44:00,2026-08-22T07:44:00,SHIPPED,HOLD,APAC,SAME_DAY
ORD-104001,SKU-00956,1,DC-06,STANDARD,2026-08-21T19:44:00,2026-08-22T03:44:00,PICKING,PICKING,EU,SAME_DAY
ORD-104002,SKU-00269,1,DC-18,STANDARD,2026-08-21T19:45:00,2026-08-22T07:45:00,STAGED,EXCEPTION,APAC,NEXT_DAY
ORD-104003,SKU-00790,1,DC-01,EXPEDITE,2026-08-21T19:46:00,2026-08-22T19:46:00,STAGED,STAGED,MEA,STANDARD
ORD-104004,SKU-00054,1,DC-07,STANDARD,2026-08-21T19:52:00,2026-08-21T23:52:00,RELEASED,HOLD,MEA,NEXT_DAY
ORD-104005,SKU-01041,1,DC-07,STANDARD,2026-08-21T19:52:00,2026-08-22T01:52:00,PICKING,EXCEPTION,MEA,SAME_DAY
ORD-104006,SKU-00524,1,DC-05,EXPEDITE,2026-08-21T19:57:00,2026-08-22T19:57:00,PACKING,PACKING,LATAM,STANDARD
ORD-104007,SKU-00865,1,DC-03,STANDARD,2026-08-21T19:58:00,2026-08-21T23:58:00,ALLOCATED,EXCEPTION,APAC,STANDARD
ORD-104008,SKU-00912,1,DC-03,EXPEDITE,2026-08-21T20:01:00,2026-08-22T20:01:00,SHIPPED,SHIPPED,LATAM,SAME_DAY
ORD-104009,SKU-00593,1,DC-09,STANDARD,2026-08-21T20:10:00,2026-08-22T00:10:00,STAGED,STAGED,LATAM,STANDARD
ORD-104010,SKU-00116,1,DC-10,STANDARD,2026-08-21T20:15:00,2026-08-22T20:15:00,PACKING,PACKING,APAC,NEXT_DAY
ORD-104011,SKU-00460,1,DC-10,EXPEDITE,2026-08-21T20:19:00,2026-08-22T20:19:00,SHIPPED,SHIPPED,LATAM,NEXT_DAY
ORD-104012,SKU-00851,1,DC-03,EXPEDITE,2026-08-21T20:30:00,2026-08-22T08:30:00,STAGED,STAGED,APAC,STANDARD
ORD-104013,SKU-00316,1,DC-04,STANDARD,2026-08-21T20:36:00,2026-08-22T02:36:00,SHIPPED,SHIPPED,APAC,STANDARD
ORD-104014,SKU-00185,1,DC-13,STANDARD,2026-08-21T20:47:00,2026-08-22T00:47:00,ALLOCATED,ALLOCATED,EU,STANDARD
ORD-104015,SKU-00511,1,DC-09,EXPEDITE,2026-08-21T21:18:00,2026-08-22T09:18:00,PICKING,PICKING,LATAM,SAME_DAY
ORD-104016,SKU-00816,1,DC-05,STANDARD,2026-08-21T21:21:00,2026-08-22T01:21:00,PICKING,PICKING,LATAM,STANDARD
ORD-104017,SKU-01162,1,DC-08,STANDARD,2026-08-21T21:21:00,2026-08-22T03:21:00,RELEASED,RELEASED,EU,NEXT_DAY
ORD-104018,SKU-01148,1,DC-08,EXPEDITE,2026-08-21T21:45:00,2026-08-22T09:45:00,STAGED,EXCEPTION,MEA,NEXT_DAY
ORD-104019,SKU-00607,1,DC-05,STANDARD,2026-08-21T21:57:00,2026-08-22T09:57:00,ALLOCATED,EXCEPTION,EU,NEXT_DAY
ORD-104020,SKU-00659,1,DC-13,EXPEDITE,2026-08-21T22:08:00,2026-08-22T22:08:00,STAGED,HOLD,LATAM,SAME_DAY
ORD-104021,SKU-00891,1,DC-03,EXPEDITE,2026-08-21T22:15:00,2026-08-22T02:15:00,PICKING,EXCEPTION,APAC,STANDARD
ORD-104022,SKU-01125,1,DC-13,STANDARD,2026-08-21T22:16:00,2026-08-22T06:16:00,SHIPPED,SHIPPED,LATAM,SAME_DAY
ORD-104023,SKU-00584,1,DC-09,EXPEDITE,2026-08-21T22:28:00,2026-08-22T04:28:00,PICKING,PICKING,MEA,SAME_DAY
ORD-104024,SKU-00113,1,DC-18,STANDARD,2026-08-21T22:30:00,2026-08-22T06:30:00,PACKING,PACKING,EU,NEXT_DAY
ORD-104025,SKU-00863,1,DC-09,STANDARD,2026-08-21T22:58:00,2026-08-22T06:58:00,PACKING,PACKING,APAC,NEXT_DAY
ORD-104026,SKU-00512,1,DC-18,STANDARD,2026-08-21T23:12:00,2026-08-22T05:12:00,STAGED,HOLD,APAC,SAME_DAY
ORD-104027,SKU-00591,1,DC-03,EXPEDITE,2026-08-21T23:18:00,2026-08-22T03:18:00,PACKING,EXCEPTION,LATAM,STANDARD
ORD-104028,SKU-00323,1,DC-07,EXPEDITE,2026-08-21T23:21:00,2026-08-22T23:21:00,PACKING,HOLD,EU,STANDARD
ORD-104029,SKU-00633,1,DC-04,STANDARD,2026-08-21T23:25:00,2026-08-22T05:25:00,SHIPPED,EXCEPTION,APAC,NEXT_DAY
ORD-104030,SKU-01160,1,DC-03,STANDARD,2026-08-21T23:28:00,2026-08-22T11:28:00,PACKING,PACKING,LATAM,SAME_DAY
ORD-104031,SKU-01056,1,DC-09,CRITICAL,2026-08-21T23:32:00,2026-08-22T03:32:00,PICKING,PICKING,LATAM,SAME_DAY
ORD-104032,SKU-01107,1,DC-05,STANDARD,2026-08-21T23:51:00,2026-08-22T23:51:00,STAGED,EXCEPTION,LATAM,STANDARD
ORD-104033,SKU-00571,1,DC-16,STANDARD,2026-08-21T23:56:00,2026-08-22T23:56:00,RELEASED,EXCEPTION,LATAM,NEXT_DAY
ORD-104034,SKU-00922,1,DC-02,STANDARD,2026-08-22T00:09:00,2026-08-22T08:09:00,SHIPPED,SHIPPED,EU,NEXT_DAY
ORD-104035,SKU-00708,1,DC-07,CRITICAL,2026-08-22T00:21:00,2026-08-22T06:21:00,RELEASED,RELEASED,MEA,STANDARD
ORD-104036,SKU-00181,1,DC-02,EXPEDITE,2026-08-22T00:22:00,2026-08-22T08:22:00,ALLOCATED,ALLOCATED,MEA,SAME_DAY
ORD-104037,SKU-00138,1,DC-02,EXPEDITE,2026-08-22T00:27:00,2026-08-22T04:27:00,ALLOCATED,ALLOCATED,MEA,SAME_DAY
ORD-104038,SKU-00444,1,DC-01,STANDARD,2026-08-22T00:31:00,2026-08-22T04:31:00,PACKING,PACKING,MEA,SAME_DAY
ORD-104039,SKU-00295,1,DC-09,EXPEDITE,2026-08-22T00:36:00,2026-08-22T06:36:00,RELEASED,HOLD,LATAM,SAME_DAY
ORD-104040,SKU-00291,1,DC-06,STANDARD,2026-08-22T00:37:00,2026-08-23T00:37:00,EXCEPTION,EXCEPTION,LATAM,NEXT_DAY
ORD-104041,SKU-01190,1,DC-08,EXPEDITE,2026-08-22T00:38:00,2026-08-22T12:38:00,STAGED,STAGED,LATAM,STANDARD
ORD-104042,SKU-00203,1,DC-05,STANDARD,2026-08-22T00:42:00,2026-08-23T00:42:00,PICKING,PICKING,APAC,SAME_DAY
ORD-104043,SKU-00805,1,DC-14,STANDARD,2026-08-22T00:45:00,2026-08-22T08:45:00,EXCEPTION,EXCEPTION,MEA,STANDARD
ORD-104044,SKU-00167,1,DC-15,STANDARD,2026-08-22T00:53:00,2026-08-22T08:53:00,SHIPPED,EXCEPTION,EU,STANDARD
ORD-104045,SKU-00792,1,DC-03,STANDARD,2026-08-22T00:55:00,2026-08-22T06:55:00,STAGED,HOLD,MEA,SAME_DAY
ORD-104046,SKU-01165,1,DC-14,EXPEDITE,2026-08-22T01:04:00,2026-08-22T09:04:00,STAGED,STAGED,MEA,STANDARD
ORD-104047,SKU-00746,1,DC-17,CRITICAL,2026-08-22T01:10:00,2026-08-22T05:10:00,STAGED,EXCEPTION,EU,STANDARD
ORD-104048,SKU-00336,1,DC-06,STANDARD,2026-08-22T01:11:00,2026-08-22T09:11:00,PACKING,EXCEPTION,MEA,SAME_DAY
ORD-104049,SKU-00447,1,DC-08,EXPEDITE,2026-08-22T01:11:00,2026-08-22T05:11:00,EXCEPTION,EXCEPTION,MEA,NEXT_DAY
ORD-104050,SKU-00561,1,DC-13,STANDARD,2026-08-22T01:13:00,2026-08-22T09:13:00,EXCEPTION,EXCEPTION,MEA,NEXT_DAY
ORD-104051,SKU-00743,1,DC-12,EXPEDITE,2026-08-22T01:21:00,2026-08-22T07:21:00,ALLOCATED,EXCEPTION,APAC,STANDARD
ORD-104052,SKU-01115,1,DC-09,EXPEDITE,2026-08-22T01:23:00,2026-08-23T01:23:00,STAGED,EXCEPTION,MEA,SAME_DAY
ORD-104053,SKU-00093,1,DC-18,EXPEDITE,2026-08-22T01:24:00,2026-08-23T01:24:00,ALLOCATED,EXCEPTION,APAC,SAME_DAY
ORD-104054,SKU-00257,1,DC-06,STANDARD,2026-08-22T01:30:00,2026-08-22T13:30:00,ALLOCATED,EXCEPTION,MEA,STANDARD
ORD-104055,SKU-00483,1,DC-01,STANDARD,2026-08-22T01:34:00,2026-08-23T01:34:00,RELEASED,RELEASED,APAC,STANDARD
ORD-104056,SKU-00074,1,DC-10,STANDARD,2026-08-22T01:40:00,2026-08-22T05:40:00,SHIPPED,SHIPPED,EU,STANDARD
ORD-104057,SKU-00190,1,DC-18,STANDARD,2026-08-22T01:55:00,2026-08-22T13:55:00,STAGED,STAGED,MEA,SAME_DAY
ORD-104058,SKU-00238,1,DC-10,EXPEDITE,2026-08-22T02:01:00,2026-08-22T06:01:00,SHIPPED,SHIPPED,LATAM,NEXT_DAY
ORD-104059,SKU-00641,1,DC-08,CRITICAL,2026-08-22T02:04:00,2026-08-22T08:04:00,SHIPPED,SHIPPED,APAC,SAME_DAY
ORD-104060,SKU-01182,1,DC-02,STANDARD,2026-08-22T02:06:00,2026-08-22T08:06:00,EXCEPTION,EXCEPTION,EU,NEXT_DAY
ORD-104061,SKU-00590,1,DC-05,STANDARD,2026-08-22T02:12:00,2026-08-22T06:12:00,PACKING,HOLD,APAC,STANDARD
ORD-104062,SKU-00980,1,DC-13,EXPEDITE,2026-08-22T02:17:00,2026-08-22T08:17:00,PICKING,PICKING,MEA,NEXT_DAY
ORD-104063,SKU-00183,1,DC-01,STANDARD,2026-08-22T02:27:00,2026-08-22T10:27:00,PICKING,EXCEPTION,EU,SAME_DAY
ORD-104064,SKU-00192,1,DC-05,STANDARD,2026-08-22T02:27:00,2026-08-22T10:27:00,RELEASED,RELEASED,MEA,STANDARD
ORD-104065,SKU-01194,1,DC-08,EXPEDITE,2026-08-22T02:39:00,2026-08-22T06:39:00,STAGED,EXCEPTION,EU,NEXT_DAY
ORD-104066,SKU-00064,1,DC-16,STANDARD,2026-08-22T02:39:00,2026-08-22T06:39:00,RELEASED,HOLD,LATAM,SAME_DAY
ORD-104067,SKU-00313,1,DC-07,STANDARD,2026-08-22T02:44:00,2026-08-22T14:44:00,EXCEPTION,EXCEPTION,EU,SAME_DAY
ORD-104068,SKU-00583,1,DC-02,EXPEDITE,2026-08-22T03:00:00,2026-08-23T03:00:00,STAGED,STAGED,LATAM,STANDARD
ORD-104069,SKU-00352,1,DC-09,STANDARD,2026-08-22T03:01:00,2026-08-22T15:01:00,EXCEPTION,EXCEPTION,APAC,STANDARD
ORD-104070,SKU-01014,1,DC-18,EXPEDITE,2026-08-22T03:03:00,2026-08-22T07:03:00,SHIPPED,SHIPPED,APAC,NEXT_DAY
ORD-104071,SKU-00819,1,DC-17,STANDARD,2026-08-22T03:15:00,2026-08-23T03:15:00,PACKING,EXCEPTION,APAC,STANDARD
ORD-104072,SKU-01049,1,DC-09,STANDARD,2026-08-22T03:26:00,2026-08-23T03:26:00,PICKING,PICKING,EU,NEXT_DAY
ORD-104073,SKU-00014,1,DC-15,CRITICAL,2026-08-22T03:29:00,2026-08-22T15:29:00,STAGED,HOLD,MEA,STANDARD
ORD-104074,SKU-00436,1,DC-15,STANDARD,2026-08-22T03:43:00,2026-08-22T07:43:00,RELEASED,HOLD,LATAM,STANDARD
ORD-104075,SKU-00371,1,DC-09,EXPEDITE,2026-08-22T03:48:00,2026-08-22T15:48:00,SHIPPED,SHIPPED,MEA,STANDARD
ORD-104076,SKU-01158,1,DC-06,EXPEDITE,2026-08-22T03:48:00,2026-08-22T07:48:00,RELEASED,HOLD,APAC,SAME_DAY
ORD-104077,SKU-00040,1,DC-14,EXPEDITE,2026-08-22T04:19:00,2026-08-22T10:19:00,PICKING,HOLD,APAC,STANDARD
ORD-104078,SKU-00623,1,DC-05,STANDARD,2026-08-22T04:23:00,2026-08-22T16:23:00,PACKING,PACKING,LATAM,NEXT_DAY
ORD-104079,SKU-00292,1,DC-01,STANDARD,2026-08-22T04:26:00,2026-08-22T10:26:00,STAGED,STAGED,LATAM,STANDARD
ORD-104080,SKU-00258,1,DC-13,EXPEDITE,2026-08-22T04:46:00,2026-08-22T12:46:00,STAGED,STAGED,MEA,NEXT_DAY
ORD-104081,SKU-00895,1,DC-04,STANDARD,2026-08-22T05:03:00,2026-08-22T17:03:00,RELEASED,RELEASED,APAC,NEXT_DAY
ORD-104082,SKU-00942,1,DC-13,STANDARD,2026-08-22T05:05:00,2026-08-23T05:05:00,PACKING,PACKING,EU,STANDARD
ORD-104083,SKU-00840,1,DC-15,STANDARD,2026-08-22T05:15:00,2026-08-22T13:15:00,EXCEPTION,EXCEPTION,LATAM,NEXT_DAY
ORD-104084,SKU-00244,1,DC-01,STANDARD,2026-08-22T05:15:00,2026-08-22T13:15:00,PACKING,PACKING,EU,NEXT_DAY
ORD-104085,SKU-00586,1,DC-13,EXPEDITE,2026-08-22T05:29:00,2026-08-22T17:29:00,RELEASED,RELEASED,EU,SAME_DAY
ORD-104086,SKU-00563,1,DC-10,EXPEDITE,2026-08-22T05:56:00,2026-08-22T09:56:00,PACKING,HOLD,LATAM,SAME_DAY
ORD-104087,SKU-00724,1,DC-07,CRITICAL,2026-08-22T05:58:00,2026-08-22T13:58:00,EXCEPTION,EXCEPTION,MEA,SAME_DAY
ORD-104088,SKU-00737,1,DC-15,STANDARD,2026-08-22T06:00:00,2026-08-22T14:00:00,SHIPPED,EXCEPTION,APAC,NEXT_DAY
ORD-104089,SKU-00254,1,DC-18,EXPEDITE,2026-08-22T06:06:00,2026-08-22T18:06:00,PICKING,PICKING,APAC,STANDARD
ORD-104090,SKU-00459,1,DC-10,STANDARD,2026-08-22T06:07:00,2026-08-23T06:07:00,PICKING,HOLD,APAC,STANDARD
ORD-104091,SKU-00559,1,DC-04,STANDARD,2026-08-22T06:23:00,2026-08-22T14:23:00,STAGED,HOLD,MEA,STANDARD
ORD-104092,SKU-00921,1,DC-17,STANDARD,2026-08-22T06:30:00,2026-08-22T12:30:00,ALLOCATED,EXCEPTION,MEA,SAME_DAY
ORD-104093,SKU-00771,1,DC-11,CRITICAL,2026-08-22T06:33:00,2026-08-22T10:33:00,PACKING,EXCEPTION,LATAM,STANDARD
ORD-104094,SKU-00590,1,DC-12,EXPEDITE,2026-08-22T06:47:00,2026-08-22T14:47:00,RELEASED,EXCEPTION,LATAM,STANDARD
ORD-104095,SKU-00175,1,DC-17,CRITICAL,2026-08-22T06:53:00,2026-08-22T12:53:00,PACKING,EXCEPTION,APAC,SAME_DAY
ORD-104096,SKU-01126,1,DC-14,EXPEDITE,2026-08-22T07:00:00,2026-08-22T19:00:00,ALLOCATED,ALLOCATED,LATAM,STANDARD
ORD-104097,SKU-01036,1,DC-10,EXPEDITE,2026-08-22T07:02:00,2026-08-23T07:02:00,EXCEPTION,EXCEPTION,EU,STANDARD
ORD-104098,SKU-00119,1,DC-16,STANDARD,2026-08-22T07:02:00,2026-08-22T13:02:00,EXCEPTION,EXCEPTION,MEA,SAME_DAY
ORD-104099,SKU-00241,1,DC-05,EXPEDITE,2026-08-22T07:04:00,2026-08-22T19:04:00,PACKING,PACKING,MEA,NEXT_DAY
ORD-104100,SKU-01107,1,DC-10,STANDARD,2026-08-22T07:09:00,2026-08-22T13:09:00,RELEASED,RELEASED,EU,STANDARD
ORD-104101,SKU-01041,1,DC-15,STANDARD,2026-08-22T07:14:00,2026-08-23T07:14:00,RELEASED,RELEASED,LATAM,STANDARD
ORD-104102,SKU-00962,1,DC-14,STANDARD,2026-08-22T07:19:00,2026-08-22T15:19:00,ALLOCATED,EXCEPTION,LATAM,STANDARD
ORD-104103,SKU-00570,1,DC-06,STANDARD,2026-08-22T07:37:00,2026-08-22T19:37:00,STAGED,EXCEPTION,EU,NEXT_DAY
ORD-104104,SKU-00536,1,DC-07,STANDARD,2026-08-22T07:37:00,2026-08-23T07:37:00,ALLOCATED,HOLD,APAC,SAME_DAY
ORD-104105,SKU-01024,1,DC-05,STANDARD,2026-08-22T07:42:00,2026-08-23T07:42:00,ALLOCATED,HOLD,LATAM,STANDARD
ORD-104106,SKU-00152,1,DC-09,STANDARD,2026-08-22T07:45:00,2026-08-22T11:45:00,ALLOCATED,ALLOCATED,LATAM,NEXT_DAY
ORD-104107,SKU-00428,1,DC-02,CRITICAL,2026-08-22T07:45:00,2026-08-22T13:45:00,PACKING,PACKING,EU,STANDARD
ORD-104108,SKU-00878,1,DC-10,EXPEDITE,2026-08-22T07:56:00,2026-08-22T19:56:00,STAGED,EXCEPTION,APAC,STANDARD
ORD-104109,SKU-00599,1,DC-08,STANDARD,2026-08-22T07:58:00,2026-08-22T13:58:00,ALLOCATED,ALLOCATED,LATAM,STANDARD
ORD-104110,SKU-00155,1,DC-06,STANDARD,2026-08-22T08:02:00,2026-08-22T20:02:00,EXCEPTION,EXCEPTION,EU,STANDARD
ORD-104111,SKU-00526,1,DC-06,STANDARD,2026-08-22T08:05:00,2026-08-22T12:05:00,SHIPPED,SHIPPED,MEA,SAME_DAY
ORD-104112,SKU-00052,1,DC-11,STANDARD,2026-08-22T08:29:00,2026-08-23T08:29:00,EXCEPTION,EXCEPTION,EU,SAME_DAY
ORD-104113,SKU-00804,1,DC-16,STANDARD,2026-08-22T08:44:00,2026-08-22T20:44:00,STAGED,STAGED,MEA,NEXT_DAY
ORD-104114,SKU-00586,1,DC-16,CRITICAL,2026-08-22T08:49:00,2026-08-22T12:49:00,PICKING,PICKING,APAC,SAME_DAY
ORD-104115,SKU-00208,1,DC-15,STANDARD,2026-08-22T08:53:00,2026-08-23T08:53:00,PACKING,PACKING,LATAM,SAME_DAY
ORD-104116,SKU-00773,1,DC-17,STANDARD,2026-08-22T08:53:00,2026-08-23T08:53:00,PICKING,HOLD,MEA,SAME_DAY
ORD-104117,SKU-00705,1,DC-12,STANDARD,2026-08-22T08:56:00,2026-08-22T12:56:00,RELEASED,RELEASED,LATAM,SAME_DAY
ORD-104118,SKU-00697,1,DC-03,STANDARD,2026-08-22T09:01:00,2026-08-22T13:01:00,SHIPPED,SHIPPED,MEA,STANDARD
ORD-104119,SKU-01148,1,DC-07,STANDARD,2026-08-22T09:22:00,2026-08-22T21:22:00,EXCEPTION,EXCEPTION,MEA,NEXT_DAY
ORD-104120,SKU-00515,1,DC-04,STANDARD,2026-08-22T09:41:00,2026-08-22T17:41:00,STAGED,STAGED,MEA,NEXT_DAY
ORD-104121,SKU-01002,1,DC-05,CRITICAL,2026-08-22T09:46:00,2026-08-22T17:46:00,PACKING,PACKING,EU,SAME_DAY
ORD-104122,SKU-00089,1,DC-11,STANDARD,2026-08-22T09:54:00,2026-08-22T21:54:00,PICKING,PICKING,LATAM,SAME_DAY
ORD-104123,SKU-00456,1,DC-04,STANDARD,2026-08-22T10:10:00,2026-08-22T18:10:00,ALLOCATED,ALLOCATED,MEA,STANDARD
ORD-104124,SKU-00424,1,DC-08,STANDARD,2026-08-22T10:23:00,2026-08-22T22:23:00,SHIPPED,SHIPPED,APAC,NEXT_DAY
ORD-104125,SKU-00651,1,DC-01,STANDARD,2026-08-22T10:24:00,2026-08-22T14:24:00,STAGED,HOLD,APAC,NEXT_DAY
ORD-104126,SKU-01033,1,DC-09,STANDARD,2026-08-22T10:29:00,2026-08-22T22:29:00,RELEASED,RELEASED,APAC,NEXT_DAY
ORD-104127,SKU-00188,1,DC-09,STANDARD,2026-08-22T10:34:00,2026-08-22T18:34:00,PACKING,PACKING,APAC,STANDARD
ORD-104128,SKU-01107,1,DC-12,STANDARD,2026-08-22T10:36:00,2026-08-22T18:36:00,RELEASED,EXCEPTION,EU,NEXT_DAY
ORD-104129,SKU-00934,1,DC-05,STANDARD,2026-08-22T10:45:00,2026-08-22T18:45:00,PICKING,PICKING,APAC,STANDARD
ORD-104130,SKU-00455,1,DC-10,STANDARD,2026-08-22T10:53:00,2026-08-22T18:53:00,RELEASED,HOLD,EU,SAME_DAY
ORD-104131,SKU-01091,1,DC-05,STANDARD,2026-08-22T10:59:00,2026-08-23T10:59:00,ALLOCATED,ALLOCATED,APAC,SAME_DAY
ORD-104132,SKU-00586,1,DC-13,STANDARD,2026-08-22T11:03:00,2026-08-22T17:03:00,RELEASED,HOLD,APAC,NEXT_DAY
ORD-104133,SKU-00106,1,DC-09,STANDARD,2026-08-22T11:06:00,2026-08-22T17:06:00,STAGED,EXCEPTION,MEA,NEXT_DAY
ORD-104134,SKU-00016,1,DC-15,STANDARD,2026-08-22T11:13:00,2026-08-22T19:13:00,EXCEPTION,EXCEPTION,MEA,NEXT_DAY
ORD-104135,SKU-00016,1,DC-15,STANDARD,2026-08-22T11:20:00,2026-08-22T15:20:00,PICKING,HOLD,MEA,NEXT_DAY
ORD-104136,SKU-00764,1,DC-10,STANDARD,2026-08-22T11:36:00,2026-08-22T15:36:00,PICKING,HOLD,MEA,SAME_DAY
ORD-104137,SKU-00729,1,DC-04,STANDARD,2026-08-22T11:49:00,2026-08-22T19:49:00,PACKING,PACKING,MEA,NEXT_DAY
ORD-104138,SKU-00637,1,DC-17,STANDARD,2026-08-22T11:55:00,2026-08-23T11:55:00,RELEASED,HOLD,APAC,STANDARD
ORD-104139,SKU-01184,1,DC-09,STANDARD,2026-08-22T11:55:00,2026-08-22T15:55:00,SHIPPED,EXCEPTION,LATAM,SAME_DAY
ORD-104140,SKU-00686,1,DC-06,STANDARD,2026-08-22T12:03:00,2026-08-22T18:03:00,PACKING,PACKING,APAC,STANDARD
ORD-104141,SKU-00036,1,DC-17,CRITICAL,2026-08-22T12:12:00,2026-08-23T00:12:00,ALLOCATED,HOLD,EU,NEXT_DAY
ORD-104142,SKU-00556,1,DC-07,EXPEDITE,2026-08-22T12:13:00,2026-08-23T00:13:00,PICKING,PICKING,MEA,NEXT_DAY
ORD-104143,SKU-00480,1,DC-16,EXPEDITE,2026-08-22T12:29:00,2026-08-22T18:29:00,ALLOCATED,ALLOCATED,LATAM,STANDARD
ORD-104144,SKU-00460,1,DC-18,EXPEDITE,2026-08-22T12:46:00,2026-08-23T12:46:00,SHIPPED,SHIPPED,MEA,SAME_DAY
ORD-104145,SKU-00355,1,DC-12,CRITICAL,2026-08-22T12:53:00,2026-08-22T20:53:00,ALLOCATED,ALLOCATED,EU,STANDARD
ORD-104146,SKU-00712,1,DC-09,EXPEDITE,2026-08-22T12:54:00,2026-08-23T00:54:00,PACKING,PACKING,EU,SAME_DAY
ORD-104147,SKU-00611,1,DC-16,STANDARD,2026-08-22T13:12:00,2026-08-23T01:12:00,RELEASED,RELEASED,EU,SAME_DAY
ORD-104148,SKU-00896,1,DC-03,STANDARD,2026-08-22T13:13:00,2026-08-23T01:13:00,PICKING,PICKING,MEA,STANDARD
ORD-104149,SKU-00462,1,DC-04,STANDARD,2026-08-22T13:19:00,2026-08-23T13:19:00,PACKING,HOLD,MEA,STANDARD
ORD-104150,SKU-01093,1,DC-01,STANDARD,2026-08-22T13:30:00,2026-08-22T19:30:00,PACKING,EXCEPTION,EU,SAME_DAY
ORD-104151,SKU-00028,1,DC-16,CRITICAL,2026-08-22T13:35:00,2026-08-22T21:35:00,EXCEPTION,HOLD,MEA,STANDARD
ORD-104152,SKU-00996,1,DC-10,STANDARD,2026-08-22T13:42:00,2026-08-22T17:42:00,EXCEPTION,EXCEPTION,LATAM,SAME_DAY
ORD-104153,SKU-00576,1,DC-04,EXPEDITE,2026-08-22T13:43:00,2026-08-22T21:43:00,EXCEPTION,EXCEPTION,MEA,STANDARD
ORD-104154,SKU-00902,1,DC-17,STANDARD,2026-08-22T13:47:00,2026-08-22T21:47:00,ALLOCATED,ALLOCATED,EU,NEXT_DAY
ORD-104155,SKU-01166,1,DC-05,STANDARD,2026-08-22T14:09:00,2026-08-23T02:09:00,PICKING,PICKING,MEA,SAME_DAY
ORD-104156,SKU-00534,1,DC-10,STANDARD,2026-08-22T14:21:00,2026-08-22T20:21:00,RELEASED,RELEASED,EU,NEXT_DAY
ORD-104157,SKU-01068,1,DC-06,STANDARD,2026-08-22T14:28:00,2026-08-22T20:28:00,EXCEPTION,EXCEPTION,LATAM,STANDARD
ORD-104158,SKU-00477,1,DC-08,STANDARD,2026-08-22T14:31:00,2026-08-22T20:31:00,PACKING,EXCEPTION,EU,STANDARD
ORD-104159,SKU-00132,1,DC-02,EXPEDITE,2026-08-22T14:35:00,2026-08-22T22:35:00,ALLOCATED,ALLOCATED,LATAM,NEXT_DAY
ORD-104160,SKU-00771,1,DC-06,EXPEDITE,2026-08-22T14:43:00,2026-08-23T02:43:00,PICKING,EXCEPTION,LATAM,SAME_DAY
ORD-104161,SKU-00176,1,DC-11,EXPEDITE,2026-08-22T14:46:00,2026-08-22T22:46:00,ALLOCATED,HOLD,APAC,SAME_DAY
ORD-104162,SKU-00826,1,DC-16,STANDARD,2026-08-22T14:50:00,2026-08-23T14:50:00,PACKING,HOLD,MEA,NEXT_DAY
ORD-104163,SKU-00570,1,DC-06,EXPEDITE,2026-08-22T15:04:00,2026-08-22T21:04:00,EXCEPTION,EXCEPTION,APAC,STANDARD
ORD-104164,SKU-00656,1,DC-03,STANDARD,2026-08-22T15:13:00,2026-08-22T19:13:00,RELEASED,EXCEPTION,EU,SAME_DAY
ORD-104165,SKU-00063,1,DC-15,STANDARD,2026-08-22T15:16:00,2026-08-23T15:16:00,EXCEPTION,EXCEPTION,LATAM,STANDARD
ORD-104166,SKU-00225,1,DC-03,EXPEDITE,2026-08-22T15:17:00,2026-08-22T21:17:00,EXCEPTION,EXCEPTION,LATAM,SAME_DAY
ORD-104167,SKU-00704,1,DC-13,STANDARD,2026-08-22T15:26:00,2026-08-22T19:26:00,RELEASED,RELEASED,APAC,STANDARD
ORD-104168,SKU-00324,1,DC-16,STANDARD,2026-08-22T15:39:00,2026-08-23T15:39:00,RELEASED,EXCEPTION,EU,STANDARD
ORD-104169,SKU-00086,1,DC-17,STANDARD,2026-08-22T15:47:00,2026-08-22T21:47:00,STAGED,STAGED,EU,SAME_DAY
ORD-104170,SKU-00146,1,DC-16,EXPEDITE,2026-08-22T15:48:00,2026-08-23T15:48:00,RELEASED,RELEASED,MEA,NEXT_DAY
ORD-104171,SKU-01174,1,DC-07,STANDARD,2026-08-22T15:53:00,2026-08-22T23:53:00,EXCEPTION,EXCEPTION,APAC,NEXT_DAY
ORD-104172,SKU-01194,1,DC-02,STANDARD,2026-08-22T15:57:00,2026-08-22T21:57:00,ALLOCATED,EXCEPTION,LATAM,SAME_DAY
ORD-104173,SKU-00249,1,DC-14,STANDARD,2026-08-22T16:02:00,2026-08-22T20:02:00,STAGED,EXCEPTION,LATAM,SAME_DAY
ORD-104174,SKU-00971,1,DC-06,EXPEDITE,2026-08-22T16:07:00,2026-08-23T00:07:00,PACKING,PACKING,APAC,NEXT_DAY
ORD-104175,SKU-01145,1,DC-08,EXPEDITE,2026-08-22T16:10:00,2026-08-22T20:10:00,RELEASED,RELEASED,EU,SAME_DAY
ORD-104176,SKU-00698,1,DC-02,STANDARD,2026-08-22T16:11:00,2026-08-23T16:11:00,SHIPPED,SHIPPED,MEA,SAME_DAY
ORD-104177,SKU-01039,1,DC-06,STANDARD,2026-08-22T16:11:00,2026-08-23T16:11:00,EXCEPTION,EXCEPTION,APAC,STANDARD
ORD-104178,SKU-00668,1,DC-18,STANDARD,2026-08-22T16:27:00,2026-08-23T04:27:00,SHIPPED,SHIPPED,MEA,NEXT_DAY
ORD-104179,SKU-00976,1,DC-17,STANDARD,2026-08-22T16:29:00,2026-08-23T16:29:00,EXCEPTION,EXCEPTION,MEA,SAME_DAY
ORD-104180,SKU-00411,1,DC-17,EXPEDITE,2026-08-22T16:35:00,2026-08-23T04:35:00,PACKING,PACKING,EU,NEXT_DAY
ORD-104181,SKU-00099,1,DC-03,STANDARD,2026-08-22T16:36:00,2026-08-22T22:36:00,SHIPPED,SHIPPED,MEA,NEXT_DAY
ORD-104182,SKU-01123,1,DC-09,STANDARD,2026-08-22T16:46:00,2026-08-23T04:46:00,PICKING,EXCEPTION,LATAM,SAME_DAY
ORD-104183,SKU-00256,1,DC-09,EXPEDITE,2026-08-22T17:01:00,2026-08-22T21:01:00,ALLOCATED,HOLD,EU,NEXT_DAY
ORD-104184,SKU-00559,1,DC-17,STANDARD,2026-08-22T17:08:00,2026-08-23T05:08:00,PACKING,HOLD,APAC,SAME_DAY
ORD-104185,SKU-00910,1,DC-07,EXPEDITE,2026-08-22T17:21:00,2026-08-23T05:21:00,RELEASED,HOLD,APAC,STANDARD
ORD-104186,SKU-01028,1,DC-15,EXPEDITE,2026-08-22T17:27:00,2026-08-23T05:27:00,STAGED,HOLD,EU,SAME_DAY
ORD-104187,SKU-00207,1,DC-07,EXPEDITE,2026-08-22T17:28:00,2026-08-23T05:28:00,PACKING,HOLD,MEA,NEXT_DAY
ORD-104188,SKU-01060,1,DC-06,STANDARD,2026-08-22T17:35:00,2026-08-23T17:35:00,PACKING,PACKING,MEA,NEXT_DAY
ORD-104189,SKU-00727,1,DC-04,STANDARD,2026-08-22T17:48:00,2026-08-23T05:48:00,EXCEPTION,EXCEPTION,APAC,SAME_DAY
ORD-104190,SKU-00246,1,DC-04,CRITICAL,2026-08-22T17:49:00,2026-08-22T23:49:00,ALLOCATED,ALLOCATED,MEA,SAME_DAY
ORD-104191,SKU-01018,1,DC-01,STANDARD,2026-08-22T17:50:00,2026-08-22T21:50:00,SHIPPED,SHIPPED,EU,STANDARD
ORD-104192,SKU-01199,1,DC-08,STANDARD,2026-08-22T18:11:00,2026-08-23T00:11:00,PICKING,EXCEPTION,APAC,STANDARD
ORD-104193,SKU-00942,1,DC-11,STANDARD,2026-08-22T18:18:00,2026-08-23T18:18:00,ALLOCATED,HOLD,APAC,NEXT_DAY
ORD-104194,SKU-00773,1,DC-04,STANDARD,2026-08-22T18:32:00,2026-08-23T02:32:00,EXCEPTION,EXCEPTION,EU,NEXT_DAY
ORD-104195,SKU-00578,1,DC-15,CRITICAL,2026-08-22T18:38:00,2026-08-23T00:38:00,RELEASED,RELEASED,LATAM,NEXT_DAY
ORD-104196,SKU-00996,1,DC-13,STANDARD,2026-08-22T18:40:00,2026-08-23T02:40:00,STAGED,HOLD,APAC,NEXT_DAY
ORD-104197,SKU-00971,1,DC-10,STANDARD,2026-08-22T19:00:00,2026-08-23T03:00:00,STAGED,STAGED,EU,SAME_DAY
ORD-104198,SKU-00234,1,DC-05,EXPEDITE,2026-08-22T19:11:00,2026-08-22T23:11:00,RELEASED,RELEASED,EU,SAME_DAY
ORD-104199,SKU-00286,1,DC-14,CRITICAL,2026-08-22T19:14:00,2026-08-23T01:14:00,RELEASED,RELEASED,MEA,SAME_DAY
ORD-104200,SKU-00388,1,DC-15,STANDARD,2026-08-22T19:23:00,2026-08-23T19:23:00,PICKING,HOLD,MEA,SAME_DAY
ORD-104201,SKU-00791,1,DC-08,STANDARD,2026-08-22T19:25:00,2026-08-23T07:25:00,SHIPPED,SHIPPED,LATAM,NEXT_DAY
ORD-104202,SKU-00735,1,DC-13,STANDARD,2026-08-22T19:25:00,2026-08-23T01:25:00,ALLOCATED,ALLOCATED,EU,SAME_DAY
ORD-104203,SKU-01177,1,DC-07,STANDARD,2026-08-22T19:31:00,2026-08-22T23:31:00,STAGED,STAGED,APAC,NEXT_DAY
ORD-104204,SKU-00529,1,DC-02,EXPEDITE,2026-08-22T19:34:00,2026-08-22T23:34:00,SHIPPED,SHIPPED,APAC,NEXT_DAY
ORD-104205,SKU-00591,1,DC-16,STANDARD,2026-08-22T19:36:00,2026-08-22T23:36:00,PACKING,HOLD,LATAM,NEXT_DAY
ORD-104206,SKU-00671,1,DC-11,STANDARD,2026-08-22T19:37:00,2026-08-22T23:37:00,PICKING,PICKING,APAC,STANDARD
ORD-104207,SKU-00180,1,DC-15,STANDARD,2026-08-22T19:41:00,2026-08-23T03:41:00,EXCEPTION,EXCEPTION,LATAM,STANDARD
ORD-104208,SKU-00264,1,DC-06,STANDARD,2026-08-22T19:49:00,2026-08-22T23:49:00,ALLOCATED,EXCEPTION,EU,STANDARD
ORD-104209,SKU-01004,1,DC-16,STANDARD,2026-08-22T19:49:00,2026-08-23T01:49:00,PACKING,PACKING,EU,NEXT_DAY
ORD-104210,SKU-00621,1,DC-10,STANDARD,2026-08-22T19:53:00,2026-08-23T07:53:00,ALLOCATED,HOLD,LATAM,NEXT_DAY
ORD-104211,SKU-01050,1,DC-16,EXPEDITE,2026-08-22T19:53:00,2026-08-23T19:53:00,STAGED,STAGED,APAC,STANDARD
ORD-104212,SKU-00751,1,DC-15,STANDARD,2026-08-22T19:56:00,2026-08-23T01:56:00,STAGED,STAGED,APAC,STANDARD
ORD-104213,SKU-00757,1,DC-06,CRITICAL,2026-08-22T20:20:00,2026-08-23T00:20:00,SHIPPED,SHIPPED,EU,NEXT_DAY
ORD-104214,SKU-00336,1,DC-13,STANDARD,2026-08-22T20:27:00,2026-08-23T02:27:00,PICKING,PICKING,APAC,STANDARD
ORD-104215,SKU-00248,1,DC-15,STANDARD,2026-08-22T20:36:00,2026-08-23T04:36:00,SHIPPED,HOLD,EU,NEXT_DAY
ORD-104216,SKU-00790,1,DC-18,STANDARD,2026-08-22T20:55:00,2026-08-23T08:55:00,EXCEPTION,EXCEPTION,MEA,SAME_DAY
ORD-104217,SKU-00629,1,DC-10,STANDARD,2026-08-22T21:00:00,2026-08-23T09:00:00,SHIPPED,EXCEPTION,LATAM,NEXT_DAY
ORD-104218,SKU-00428,1,DC-11,STANDARD,2026-08-22T21:04:00,2026-08-23T03:04:00,RELEASED,EXCEPTION,APAC,SAME_DAY
ORD-104219,SKU-01126,1,DC-09,STANDARD,2026-08-22T21:10:00,2026-08-23T03:10:00,ALLOCATED,EXCEPTION,EU,STANDARD
ORD-104220,SKU-01163,1,DC-05,EXPEDITE,2026-08-22T21:10:00,2026-08-23T21:10:00,PACKING,PACKING,MEA,SAME_DAY
ORD-104221,SKU-00048,1,DC-17,EXPEDITE,2026-08-22T21:12:00,2026-08-23T05:12:00,PACKING,PACKING,LATAM,NEXT_DAY
ORD-104222,SKU-00338,1,DC-15,STANDARD,2026-08-22T21:13:00,2026-08-23T03:13:00,ALLOCATED,EXCEPTION,EU,STANDARD
ORD-104223,SKU-00297,1,DC-08,STANDARD,2026-08-22T21:15:00,2026-08-23T21:15:00,STAGED,STAGED,APAC,SAME_DAY
ORD-104224,SKU-00175,1,DC-18,EXPEDITE,2026-08-22T21:15:00,2026-08-23T21:15:00,STAGED,HOLD,LATAM,SAME_DAY
ORD-104225,SKU-00254,1,DC-06,STANDARD,2026-08-22T21:23:00,2026-08-23T09:23:00,PICKING,EXCEPTION,EU,NEXT_DAY
ORD-104226,SKU-00369,1,DC-04,CRITICAL,2026-08-22T21:27:00,2026-08-23T21:27:00,ALLOCATED,HOLD,LATAM,STANDARD
ORD-104227,SKU-00025,1,DC-03,EXPEDITE,2026-08-22T21:32:00,2026-08-23T05:32:00,SHIPPED,SHIPPED,LATAM,SAME_DAY
ORD-104228,SKU-00507,1,DC-09,STANDARD,2026-08-22T21:34:00,2026-08-23T03:34:00,SHIPPED,SHIPPED,MEA,STANDARD
ORD-104229,SKU-00334,1,DC-14,STANDARD,2026-08-22T21:36:00,2026-08-23T21:36:00,SHIPPED,EXCEPTION,EU,SAME_DAY
ORD-104230,SKU-00260,1,DC-13,STANDARD,2026-08-22T21:46:00,2026-08-23T21:46:00,PACKING,PACKING,APAC,SAME_DAY
ORD-104231,SKU-01118,1,DC-04,EXPEDITE,2026-08-22T21:52:00,2026-08-23T03:52:00,RELEASED,RELEASED,MEA,STANDARD
ORD-104232,SKU-01184,1,DC-06,STANDARD,2026-08-22T21:57:00,2026-08-23T05:57:00,PACKING,EXCEPTION,LATAM,NEXT_DAY
ORD-104233,SKU-00686,1,DC-03,EXPEDITE,2026-08-22T22:02:00,2026-08-23T06:02:00,PICKING,EXCEPTION,APAC,SAME_DAY
ORD-104234,SKU-00014,1,DC-12,STANDARD,2026-08-22T22:09:00,2026-08-23T04:09:00,EXCEPTION,HOLD,APAC,SAME_DAY
ORD-104235,SKU-00753,1,DC-10,STANDARD,2026-08-22T22:10:00,2026-08-23T02:10:00,SHIPPED,EXCEPTION,EU,SAME_DAY
ORD-104236,SKU-00845,1,DC-17,STANDARD,2026-08-22T22:16:00,2026-08-23T10:16:00,EXCEPTION,EXCEPTION,EU,SAME_DAY
ORD-104237,SKU-00900,1,DC-10,STANDARD,2026-08-22T22:23:00,2026-08-23T10:23:00,ALLOCATED,ALLOCATED,LATAM,STANDARD
ORD-104238,SKU-00170,1,DC-01,STANDARD,2026-08-22T22:25:00,2026-08-23T10:25:00,ALLOCATED,ALLOCATED,APAC,NEXT_DAY
ORD-104239,SKU-00981,1,DC-04,STANDARD,2026-08-22T22:34:00,2026-08-23T22:34:00,SHIPPED,HOLD,LATAM,STANDARD
ORD-104240,SKU-00219,1,DC-17,STANDARD,2026-08-22T22:42:00,2026-08-23T06:42:00,PICKING,HOLD,EU,NEXT_DAY
ORD-104241,SKU-00621,1,DC-09,STANDARD,2026-08-22T22:51:00,2026-08-23T02:51:00,ALLOCATED,ALLOCATED,LATAM,STANDARD
ORD-104242,SKU-00609,1,DC-03,STANDARD,2026-08-22T22:53:00,2026-08-23T22:53:00,RELEASED,RELEASED,LATAM,SAME_DAY
ORD-104243,SKU-00553,1,DC-01,STANDARD,2026-08-22T23:05:00,2026-08-23T05:05:00,ALLOCATED,ALLOCATED,MEA,NEXT_DAY
ORD-104244,SKU-00057,1,DC-14,STANDARD,2026-08-22T23:07:00,2026-08-23T23:07:00,ALLOCATED,ALLOCATED,LATAM,SAME_DAY
ORD-104245,SKU-00805,1,DC-03,STANDARD,2026-08-22T23:17:00,2026-08-23T03:17:00,ALLOCATED,ALLOCATED,MEA,STANDARD
ORD-104246,SKU-00304,1,DC-12,EXPEDITE,2026-08-22T23:24:00,2026-08-23T07:24:00,EXCEPTION,EXCEPTION,MEA,STANDARD
ORD-104247,SKU-00106,1,DC-05,EXPEDITE,2026-08-22T23:31:00,2026-08-23T05:31:00,RELEASED,EXCEPTION,MEA,NEXT_DAY
ORD-104248,SKU-00901,1,DC-16,STANDARD,2026-08-22T23:48:00,2026-08-23T11:48:00,EXCEPTION,EXCEPTION,MEA,STANDARD
ORD-104249,SKU-00742,1,DC-15,STANDARD,2026-08-22T23:51:00,2026-08-23T11:51:00,ALLOCATED,ALLOCATED,EU,NEXT_DAY
ORD-104250,SKU-00434,1,DC-02,EXPEDITE,2026-08-22T23:58:00,2026-08-23T11:58:00,PACKING,PACKING,MEA,STANDARD
ORD-104251,SKU-00777,1,DC-03,EXPEDITE,2026-08-22T23:59:00,2026-08-23T05:59:00,EXCEPTION,HOLD,EU,SAME_DAY
ORD-104252,SKU-00474,1,DC-16,EXPEDITE,2026-08-23T00:11:00,2026-08-23T04:11:00,PACKING,HOLD,LATAM,SAME_DAY
ORD-104253,SKU-00666,1,DC-17,STANDARD,2026-08-23T00:12:00,2026-08-23T06:12:00,ALLOCATED,ALLOCATED,MEA,STANDARD
ORD-104254,SKU-01178,1,DC-11,STANDARD,2026-08-23T00:35:00,2026-08-23T06:35:00,SHIPPED,SHIPPED,APAC,SAME_DAY
ORD-104255,SKU-00192,1,DC-07,STANDARD,2026-08-23T00:50:00,2026-08-23T06:50:00,PICKING,PICKING,MEA,NEXT_DAY
ORD-104256,SKU-00973,1,DC-09,EXPEDITE,2026-08-23T00:57:00,2026-08-23T04:57:00,EXCEPTION,HOLD,MEA,NEXT_DAY
ORD-104257,SKU-00900,1,DC-02,STANDARD,2026-08-23T00:57:00,2026-08-23T08:57:00,ALLOCATED,ALLOCATED,EU,SAME_DAY
ORD-104258,SKU-00856,1,DC-14,STANDARD,2026-08-23T01:08:00,2026-08-23T09:08:00,EXCEPTION,HOLD,APAC,NEXT_DAY
ORD-104259,SKU-00637,1,DC-17,EXPEDITE,2026-08-23T01:24:00,2026-08-23T09:24:00,EXCEPTION,HOLD,MEA,NEXT_DAY
ORD-104260,SKU-00544,1,DC-03,STANDARD,2026-08-23T01:31:00,2026-08-23T09:31:00,SHIPPED,SHIPPED,EU,STANDARD
ORD-104261,SKU-00478,1,DC-16,STANDARD,2026-08-23T01:34:00,2026-08-23T09:34:00,ALLOCATED,EXCEPTION,LATAM,SAME_DAY
ORD-104262,SKU-01140,1,DC-08,STANDARD,2026-08-23T02:03:00,2026-08-23T14:03:00,EXCEPTION,EXCEPTION,APAC,STANDARD
ORD-104263,SKU-00258,1,DC-03,STANDARD,2026-08-23T02:05:00,2026-08-23T06:05:00,EXCEPTION,EXCEPTION,LATAM,STANDARD
ORD-104264,SKU-00668,1,DC-03,STANDARD,2026-08-23T02:12:00,2026-08-23T06:12:00,PACKING,HOLD,LATAM,NEXT_DAY
ORD-104265,SKU-00178,1,DC-09,STANDARD,2026-08-23T02:13:00,2026-08-23T14:13:00,EXCEPTION,EXCEPTION,LATAM,SAME_DAY
ORD-104266,SKU-00411,1,DC-14,STANDARD,2026-08-23T02:14:00,2026-08-23T10:14:00,RELEASED,EXCEPTION,EU,SAME_DAY
ORD-104267,SKU-00254,1,DC-09,STANDARD,2026-08-23T02:30:00,2026-08-24T02:30:00,PICKING,HOLD,LATAM,NEXT_DAY
ORD-104268,SKU-00651,1,DC-16,STANDARD,2026-08-23T02:36:00,2026-08-23T10:36:00,ALLOCATED,ALLOCATED,MEA,STANDARD
ORD-104269,SKU-01011,1,DC-18,STANDARD,2026-08-23T02:55:00,2026-08-23T06:55:00,ALLOCATED,ALLOCATED,LATAM,SAME_DAY
ORD-104270,SKU-00255,1,DC-12,STANDARD,2026-08-23T02:57:00,2026-08-24T02:57:00,RELEASED,HOLD,MEA,SAME_DAY
ORD-104271,SKU-01028,1,DC-09,STANDARD,2026-08-23T03:10:00,2026-08-23T07:10:00,RELEASED,RELEASED,MEA,STANDARD
ORD-104272,SKU-00629,1,DC-02,STANDARD,2026-08-23T03:12:00,2026-08-23T09:12:00,SHIPPED,SHIPPED,MEA,NEXT_DAY
ORD-104273,SKU-00538,1,DC-07,STANDARD,2026-08-23T03:14:00,2026-08-23T09:14:00,PICKING,PICKING,APAC,SAME_DAY
ORD-104274,SKU-00641,1,DC-11,STANDARD,2026-08-23T03:37:00,2026-08-23T11:37:00,RELEASED,HOLD,EU,SAME_DAY
ORD-104275,SKU-01065,1,DC-15,STANDARD,2026-08-23T03:41:00,2026-08-23T07:41:00,EXCEPTION,HOLD,MEA,NEXT_DAY
ORD-104276,SKU-00874,1,DC-06,STANDARD,2026-08-23T03:43:00,2026-08-23T07:43:00,ALLOCATED,EXCEPTION,LATAM,SAME_DAY
ORD-104277,SKU-00766,1,DC-03,STANDARD,2026-08-23T03:51:00,2026-08-23T07:51:00,PICKING,PICKING,EU,STANDARD
ORD-104278,SKU-00043,1,DC-17,EXPEDITE,2026-08-23T03:52:00,2026-08-23T11:52:00,RELEASED,EXCEPTION,EU,STANDARD
ORD-104279,SKU-00277,1,DC-07,STANDARD,2026-08-23T03:56:00,2026-08-24T03:56:00,PACKING,HOLD,MEA,STANDARD
ORD-104280,SKU-00228,1,DC-03,STANDARD,2026-08-23T04:03:00,2026-08-23T08:03:00,ALLOCATED,ALLOCATED,MEA,NEXT_DAY
ORD-104281,SKU-00837,1,DC-07,STANDARD,2026-08-23T04:03:00,2026-08-23T12:03:00,PACKING,HOLD,LATAM,STANDARD
ORD-104282,SKU-00312,1,DC-04,EXPEDITE,2026-08-23T04:18:00,2026-08-23T10:18:00,RELEASED,HOLD,MEA,STANDARD
ORD-104283,SKU-00693,1,DC-13,STANDARD,2026-08-23T04:27:00,2026-08-23T08:27:00,SHIPPED,SHIPPED,MEA,NEXT_DAY
ORD-104284,SKU-00626,1,DC-10,STANDARD,2026-08-23T04:29:00,2026-08-23T16:29:00,STAGED,STAGED,EU,STANDARD
ORD-104285,SKU-00059,1,DC-06,STANDARD,2026-08-23T04:32:00,2026-08-23T12:32:00,STAGED,HOLD,LATAM,SAME_DAY
ORD-104286,SKU-01116,1,DC-15,STANDARD,2026-08-23T04:35:00,2026-08-23T12:35:00,PICKING,PICKING,MEA,SAME_DAY
ORD-104287,SKU-00241,1,DC-08,CRITICAL,2026-08-23T04:40:00,2026-08-23T08:40:00,RELEASED,EXCEPTION,APAC,STANDARD
ORD-104288,SKU-00491,1,DC-06,STANDARD,2026-08-23T04:52:00,2026-08-23T12:52:00,PICKING,HOLD,MEA,SAME_DAY
ORD-104289,SKU-00784,1,DC-17,EXPEDITE,2026-08-23T04:54:00,2026-08-23T12:54:00,ALLOCATED,ALLOCATED,MEA,STANDARD
ORD-104290,SKU-00328,1,DC-18,STANDARD,2026-08-23T05:01:00,2026-08-24T05:01:00,RELEASED,RELEASED,EU,NEXT_DAY
ORD-104291,SKU-00786,1,DC-06,STANDARD,2026-08-23T05:03:00,2026-08-23T09:03:00,SHIPPED,SHIPPED,MEA,STANDARD
ORD-104292,SKU-00904,1,DC-16,STANDARD,2026-08-23T05:13:00,2026-08-23T17:13:00,ALLOCATED,ALLOCATED,EU,STANDARD
ORD-104293,SKU-01009,1,DC-06,STANDARD,2026-08-23T05:22:00,2026-08-23T17:22:00,PACKING,HOLD,LATAM,SAME_DAY
ORD-104294,SKU-00987,1,DC-12,STANDARD,2026-08-23T05:28:00,2026-08-23T17:28:00,RELEASED,RELEASED,LATAM,STANDARD
ORD-104295,SKU-00996,1,DC-03,STANDARD,2026-08-23T05:28:00,2026-08-23T17:28:00,PACKING,PACKING,EU,NEXT_DAY
ORD-104296,SKU-00773,1,DC-05,STANDARD,2026-08-23T05:29:00,2026-08-24T05:29:00,EXCEPTION,EXCEPTION,LATAM,SAME_DAY
ORD-104297,SKU-00085,1,DC-07,EXPEDITE,2026-08-23T06:07:00,2026-08-23T12:07:00,STAGED,STAGED,APAC,STANDARD
ORD-104298,SKU-00063,1,DC-07,STANDARD,2026-08-23T06:20:00,2026-08-23T12:20:00,ALLOCATED,ALLOCATED,MEA,SAME_DAY
ORD-104299,SKU-00980,1,DC-14,STANDARD,2026-08-23T06:24:00,2026-08-23T14:24:00,RELEASED,HOLD,MEA,STANDARD
ORD-104300,SKU-00393,1,DC-15,STANDARD,2026-08-23T06:29:00,2026-08-23T10:29:00,PICKING,PICKING,APAC,STANDARD
ORD-104301,SKU-00909,1,DC-16,STANDARD,2026-08-23T06:31:00,2026-08-23T18:31:00,ALLOCATED,ALLOCATED,APAC,SAME_DAY
ORD-104302,SKU-00124,1,DC-12,STANDARD,2026-08-23T06:42:00,2026-08-23T14:42:00,STAGED,STAGED,EU,NEXT_DAY
ORD-104303,SKU-00066,1,DC-01,EXPEDITE,2026-08-23T06:51:00,2026-08-23T12:51:00,STAGED,STAGED,LATAM,SAME_DAY
ORD-104304,SKU-00589,1,DC-15,CRITICAL,2026-08-23T06:55:00,2026-08-23T14:55:00,PACKING,PACKING,APAC,STANDARD
ORD-104305,SKU-01137,1,DC-18,STANDARD,2026-08-23T06:59:00,2026-08-23T12:59:00,PACKING,EXCEPTION,MEA,NEXT_DAY
ORD-104306,SKU-00391,1,DC-16,STANDARD,2026-08-23T06:59:00,2026-08-24T06:59:00,STAGED,STAGED,APAC,STANDARD
ORD-104307,SKU-00996,1,DC-11,STANDARD,2026-08-23T07:03:00,2026-08-23T11:03:00,STAGED,STAGED,LATAM,STANDARD
ORD-104308,SKU-00717,1,DC-15,EXPEDITE,2026-08-23T07:17:00,2026-08-23T15:17:00,SHIPPED,SHIPPED,MEA,SAME_DAY
ORD-104309,SKU-00194,1,DC-18,STANDARD,2026-08-23T07:20:00,2026-08-23T13:20:00,PACKING,EXCEPTION,LATAM,SAME_DAY
ORD-104310,SKU-00889,1,DC-01,STANDARD,2026-08-23T08:12:00,2026-08-23T16:12:00,EXCEPTION,HOLD,MEA,STANDARD
ORD-104311,SKU-01128,1,DC-05,CRITICAL,2026-08-23T08:19:00,2026-08-23T12:19:00,ALLOCATED,ALLOCATED,APAC,SAME_DAY
ORD-104312,SKU-00107,1,DC-12,EXPEDITE,2026-08-23T08:37:00,2026-08-23T20:37:00,STAGED,STAGED,LATAM,SAME_DAY
ORD-104313,SKU-00386,1,DC-07,STANDARD,2026-08-23T08:52:00,2026-08-24T08:52:00,PICKING,EXCEPTION,APAC,SAME_DAY
ORD-104314,SKU-00101,1,DC-08,CRITICAL,2026-08-23T08:53:00,2026-08-23T12:53:00,EXCEPTION,EXCEPTION,MEA,SAME_DAY
ORD-104315,SKU-00529,1,DC-02,STANDARD,2026-08-23T08:53:00,2026-08-23T20:53:00,ALLOCATED,ALLOCATED,LATAM,SAME_DAY
ORD-104316,SKU-00110,1,DC-07,STANDARD,2026-08-23T08:53:00,2026-08-23T12:53:00,EXCEPTION,EXCEPTION,MEA,SAME_DAY
ORD-104317,SKU-01038,1,DC-04,STANDARD,2026-08-23T09:00:00,2026-08-23T13:00:00,ALLOCATED,ALLOCATED,EU,STANDARD
ORD-104318,SKU-01147,1,DC-10,EXPEDITE,2026-08-23T09:03:00,2026-08-23T15:03:00,PACKING,PACKING,EU,STANDARD
ORD-104319,SKU-00883,1,DC-03,STANDARD,2026-08-23T09:06:00,2026-08-23T21:06:00,RELEASED,RELEASED,MEA,NEXT_DAY
ORD-104320,SKU-00472,1,DC-11,STANDARD,2026-08-23T09:15:00,2026-08-23T21:15:00,RELEASED,RELEASED,LATAM,NEXT_DAY
ORD-104321,SKU-00009,1,DC-06,CRITICAL,2026-08-23T09:16:00,2026-08-23T21:16:00,PICKING,PICKING,LATAM,NEXT_DAY
ORD-104322,SKU-01170,1,DC-12,STANDARD,2026-08-23T09:41:00,2026-08-23T17:41:00,STAGED,STAGED,EU,NEXT_DAY
ORD-104323,SKU-00581,1,DC-09,EXPEDITE,2026-08-23T09:45:00,2026-08-23T15:45:00,SHIPPED,HOLD,APAC,NEXT_DAY
ORD-104324,SKU-00367,1,DC-11,STANDARD,2026-08-23T09:47:00,2026-08-23T15:47:00,RELEASED,EXCEPTION,MEA,NEXT_DAY
ORD-104325,SKU-00943,1,DC-18,STANDARD,2026-08-23T09:58:00,2026-08-23T17:58:00,RELEASED,RELEASED,MEA,SAME_DAY
ORD-104326,SKU-00570,1,DC-12,STANDARD,2026-08-23T10:03:00,2026-08-24T10:03:00,SHIPPED,EXCEPTION,EU,STANDARD
ORD-104327,SKU-00785,1,DC-10,EXPEDITE,2026-08-23T10:07:00,2026-08-23T14:07:00,PICKING,PICKING,MEA,NEXT_DAY
ORD-104328,SKU-00148,1,DC-02,STANDARD,2026-08-23T10:16:00,2026-08-23T14:16:00,RELEASED,HOLD,APAC,SAME_DAY
ORD-104329,SKU-00466,1,DC-16,STANDARD,2026-08-23T10:21:00,2026-08-23T22:21:00,STAGED,STAGED,MEA,STANDARD
ORD-104330,SKU-00966,1,DC-18,STANDARD,2026-08-23T10:21:00,2026-08-23T14:21:00,EXCEPTION,EXCEPTION,APAC,STANDARD
ORD-104331,SKU-01045,1,DC-05,EXPEDITE,2026-08-23T10:30:00,2026-08-24T10:30:00,ALLOCATED,ALLOCATED,MEA,NEXT_DAY
ORD-104332,SKU-00178,1,DC-07,STANDARD,2026-08-23T10:32:00,2026-08-23T16:32:00,ALLOCATED,ALLOCATED,APAC,STANDARD
ORD-104333,SKU-00747,1,DC-14,STANDARD,2026-08-23T10:43:00,2026-08-23T14:43:00,SHIPPED,SHIPPED,APAC,STANDARD
ORD-104334,SKU-00742,1,DC-09,STANDARD,2026-08-23T10:50:00,2026-08-23T16:50:00,SHIPPED,SHIPPED,MEA,SAME_DAY
ORD-104335,SKU-00509,1,DC-03,EXPEDITE,2026-08-23T10:50:00,2026-08-24T10:50:00,SHIPPED,HOLD,MEA,NEXT_DAY
ORD-104336,SKU-00661,1,DC-10,STANDARD,2026-08-23T11:02:00,2026-08-24T11:02:00,ALLOCATED,ALLOCATED,MEA,SAME_DAY
ORD-104337,SKU-00457,1,DC-15,STANDARD,2026-08-23T11:04:00,2026-08-24T11:04:00,STAGED,STAGED,EU,NEXT_DAY
ORD-104338,SKU-01040,1,DC-12,CRITICAL,2026-08-23T11:20:00,2026-08-23T19:20:00,PACKING,PACKING,EU,NEXT_DAY
ORD-104339,SKU-00922,1,DC-03,EXPEDITE,2026-08-23T11:34:00,2026-08-23T17:34:00,EXCEPTION,EXCEPTION,APAC,NEXT_DAY
ORD-104340,SKU-01118,1,DC-13,STANDARD,2026-08-23T11:36:00,2026-08-23T19:36:00,PACKING,PACKING,LATAM,SAME_DAY
ORD-104341,SKU-00616,1,DC-14,CRITICAL,2026-08-23T11:56:00,2026-08-23T23:56:00,SHIPPED,EXCEPTION,LATAM,NEXT_DAY
ORD-104342,SKU-00561,1,DC-10,STANDARD,2026-08-23T11:57:00,2026-08-23T23:57:00,SHIPPED,EXCEPTION,EU,STANDARD
ORD-104343,SKU-00598,1,DC-18,STANDARD,2026-08-23T11:58:00,2026-08-23T17:58:00,SHIPPED,SHIPPED,EU,STANDARD
ORD-104344,SKU-01111,1,DC-18,STANDARD,2026-08-23T12:08:00,2026-08-23T16:08:00,RELEASED,EXCEPTION,LATAM,SAME_DAY
ORD-104345,SKU-00446,1,DC-15,STANDARD,2026-08-23T12:23:00,2026-08-23T18:23:00,EXCEPTION,EXCEPTION,APAC,STANDARD
ORD-104346,SKU-00512,1,DC-17,EXPEDITE,2026-08-23T12:25:00,2026-08-24T12:25:00,RELEASED,EXCEPTION,APAC,SAME_DAY
ORD-104347,SKU-01043,1,DC-18,STANDARD,2026-08-23T12:26:00,2026-08-23T20:26:00,EXCEPTION,HOLD,MEA,STANDARD
ORD-104348,SKU-00221,1,DC-06,STANDARD,2026-08-23T12:39:00,2026-08-23T18:39:00,PICKING,PICKING,MEA,STANDARD
ORD-104349,SKU-00170,1,DC-18,STANDARD,2026-08-23T12:45:00,2026-08-23T16:45:00,STAGED,STAGED,APAC,NEXT_DAY
ORD-104350,SKU-00654,1,DC-15,STANDARD,2026-08-23T12:53:00,2026-08-24T00:53:00,PICKING,HOLD,LATAM,SAME_DAY
ORD-104351,SKU-00199,1,DC-01,STANDARD,2026-08-23T12:53:00,2026-08-23T20:53:00,PACKING,EXCEPTION,LATAM,SAME_DAY
ORD-104352,SKU-00750,1,DC-15,STANDARD,2026-08-23T13:06:00,2026-08-24T13:06:00,STAGED,STAGED,LATAM,SAME_DAY
ORD-104353,SKU-00684,1,DC-03,STANDARD,2026-08-23T13:14:00,2026-08-24T01:14:00,STAGED,HOLD,EU,SAME_DAY
ORD-104354,SKU-00865,1,DC-02,EXPEDITE,2026-08-23T13:46:00,2026-08-24T13:46:00,EXCEPTION,EXCEPTION,APAC,STANDARD
ORD-104355,SKU-00005,1,DC-06,STANDARD,2026-08-23T13:56:00,2026-08-24T13:56:00,RELEASED,RELEASED,APAC,SAME_DAY
ORD-104356,SKU-00544,1,DC-15,STANDARD,2026-08-23T14:12:00,2026-08-24T02:12:00,ALLOCATED,ALLOCATED,APAC,SAME_DAY
ORD-104357,SKU-00433,1,DC-13,STANDARD,2026-08-23T14:26:00,2026-08-24T14:26:00,PICKING,PICKING,EU,STANDARD
ORD-104358,SKU-01084,1,DC-15,STANDARD,2026-08-23T14:35:00,2026-08-24T14:35:00,STAGED,STAGED,LATAM,STANDARD
ORD-104359,SKU-00163,1,DC-06,CRITICAL,2026-08-23T14:37:00,2026-08-24T14:37:00,EXCEPTION,EXCEPTION,LATAM,SAME_DAY
ORD-104360,SKU-00603,1,DC-13,EXPEDITE,2026-08-23T14:47:00,2026-08-24T14:47:00,EXCEPTION,HOLD,MEA,SAME_DAY
ORD-104361,SKU-00677,1,DC-10,STANDARD,2026-08-23T14:49:00,2026-08-24T14:49:00,ALLOCATED,HOLD,EU,NEXT_DAY
ORD-104362,SKU-00960,1,DC-15,STANDARD,2026-08-23T14:56:00,2026-08-24T02:56:00,SHIPPED,EXCEPTION,MEA,NEXT_DAY
ORD-104363,SKU-00071,1,DC-01,STANDARD,2026-08-23T14:57:00,2026-08-23T20:57:00,EXCEPTION,EXCEPTION,EU,STANDARD
ORD-104364,SKU-01014,1,DC-11,STANDARD,2026-08-23T15:01:00,2026-08-24T15:01:00,PACKING,PACKING,LATAM,SAME_DAY
ORD-104365,SKU-00304,1,DC-13,STANDARD,2026-08-23T15:06:00,2026-08-23T19:06:00,EXCEPTION,EXCEPTION,MEA,NEXT_DAY
ORD-104366,SKU-00106,1,DC-09,EXPEDITE,2026-08-23T15:06:00,2026-08-23T21:06:00,PICKING,HOLD,LATAM,NEXT_DAY
ORD-104367,SKU-01141,1,DC-16,EXPEDITE,2026-08-23T15:07:00,2026-08-23T21:07:00,SHIPPED,HOLD,MEA,STANDARD
ORD-104368,SKU-00653,1,DC-14,STANDARD,2026-08-23T15:12:00,2026-08-23T19:12:00,PACKING,PACKING,MEA,STANDARD
ORD-104369,SKU-00432,1,DC-07,EXPEDITE,2026-08-23T15:17:00,2026-08-24T03:17:00,PICKING,PICKING,APAC,STANDARD
ORD-104370,SKU-00379,1,DC-13,EXPEDITE,2026-08-23T15:18:00,2026-08-23T23:18:00,PACKING,EXCEPTION,EU,NEXT_DAY
ORD-104371,SKU-00315,1,DC-13,EXPEDITE,2026-08-23T15:32:00,2026-08-23T23:32:00,SHIPPED,SHIPPED,EU,STANDARD
ORD-104372,SKU-00533,1,DC-03,CRITICAL,2026-08-23T15:36:00,2026-08-23T19:36:00,EXCEPTION,HOLD,MEA,SAME_DAY
ORD-104373,SKU-01169,1,DC-10,STANDARD,2026-08-23T15:39:00,2026-08-23T21:39:00,PICKING,PICKING,APAC,NEXT_DAY
ORD-104374,SKU-00957,1,DC-03,STANDARD,2026-08-23T15:47:00,2026-08-24T03:47:00,PICKING,HOLD,EU,NEXT_DAY
ORD-104375,SKU-01142,1,DC-11,EXPEDITE,2026-08-23T15:49:00,2026-08-23T19:49:00,RELEASED,EXCEPTION,LATAM,STANDARD
ORD-104376,SKU-00005,1,DC-11,EXPEDITE,2026-08-23T15:55:00,2026-08-23T19:55:00,RELEASED,RELEASED,APAC,STANDARD
ORD-104377,SKU-01177,1,DC-03,CRITICAL,2026-08-23T15:55:00,2026-08-23T23:55:00,PICKING,PICKING,APAC,NEXT_DAY
ORD-104378,SKU-00269,1,DC-18,STANDARD,2026-08-23T16:02:00,2026-08-24T00:02:00,RELEASED,RELEASED,MEA,SAME_DAY
ORD-104379,SKU-00595,1,DC-07,STANDARD,2026-08-23T16:12:00,2026-08-24T04:12:00,RELEASED,RELEASED,LATAM,NEXT_DAY
ORD-104380,SKU-01050,1,DC-11,STANDARD,2026-08-23T16:23:00,2026-08-23T20:23:00,SHIPPED,EXCEPTION,LATAM,STANDARD
ORD-104381,SKU-00639,1,DC-16,STANDARD,2026-08-23T16:50:00,2026-08-24T00:50:00,SHIPPED,SHIPPED,APAC,NEXT_DAY
ORD-104382,SKU-00764,1,DC-16,STANDARD,2026-08-23T16:55:00,2026-08-23T22:55:00,RELEASED,RELEASED,LATAM,SAME_DAY
ORD-104383,SKU-00773,1,DC-06,STANDARD,2026-08-23T16:55:00,2026-08-24T16:55:00,SHIPPED,SHIPPED,MEA,STANDARD
ORD-104384,SKU-00637,1,DC-06,STANDARD,2026-08-23T17:10:00,2026-08-24T17:10:00,SHIPPED,SHIPPED,APAC,SAME_DAY
ORD-104385,SKU-00548,1,DC-08,STANDARD,2026-08-23T17:19:00,2026-08-24T05:19:00,STAGED,STAGED,MEA,NEXT_DAY
ORD-104386,SKU-00531,1,DC-06,STANDARD,2026-08-23T17:21:00,2026-08-24T01:21:00,SHIPPED,SHIPPED,LATAM,SAME_DAY
ORD-104387,SKU-00992,1,DC-02,STANDARD,2026-08-23T17:25:00,2026-08-23T23:25:00,ALLOCATED,HOLD,MEA,STANDARD
ORD-104388,SKU-01134,1,DC-10,STANDARD,2026-08-23T17:31:00,2026-08-23T23:31:00,SHIPPED,SHIPPED,EU,SAME_DAY
ORD-104389,SKU-00894,1,DC-16,STANDARD,2026-08-23T17:36:00,2026-08-23T23:36:00,EXCEPTION,EXCEPTION,MEA,NEXT_DAY
ORD-104390,SKU-00662,1,DC-10,CRITICAL,2026-08-23T17:37:00,2026-08-24T05:37:00,STAGED,STAGED,MEA,STANDARD
ORD-104391,SKU-00949,1,DC-13,STANDARD,2026-08-23T17:51:00,2026-08-24T05:51:00,PICKING,PICKING,LATAM,STANDARD
ORD-104392,SKU-00781,1,DC-06,STANDARD,2026-08-23T17:59:00,2026-08-24T01:59:00,PICKING,PICKING,MEA,STANDARD
ORD-104393,SKU-01067,1,DC-09,EXPEDITE,2026-08-23T18:04:00,2026-08-24T18:04:00,PICKING,PICKING,APAC,STANDARD
ORD-104394,SKU-00888,1,DC-10,STANDARD,2026-08-23T18:04:00,2026-08-23T22:04:00,STAGED,STAGED,EU,STANDARD
ORD-104395,SKU-00291,1,DC-12,EXPEDITE,2026-08-23T18:12:00,2026-08-24T06:12:00,ALLOCATED,EXCEPTION,APAC,SAME_DAY
ORD-104396,SKU-00723,1,DC-18,STANDARD,2026-08-23T18:14:00,2026-08-24T18:14:00,RELEASED,EXCEPTION,MEA,NEXT_DAY
ORD-104397,SKU-00107,1,DC-05,CRITICAL,2026-08-23T18:30:00,2026-08-23T22:30:00,SHIPPED,SHIPPED,MEA,NEXT_DAY
ORD-104398,SKU-00240,1,DC-16,STANDARD,2026-08-23T18:34:00,2026-08-24T18:34:00,SHIPPED,SHIPPED,LATAM,SAME_DAY
ORD-104399,SKU-00232,1,DC-07,CRITICAL,2026-08-23T18:35:00,2026-08-24T00:35:00,EXCEPTION,HOLD,LATAM,STANDARD
ORD-104400,SKU-00522,1,DC-07,EXPEDITE,2026-08-23T18:35:00,2026-08-24T00:35:00,SHIPPED,SHIPPED,EU,NEXT_DAY
ORD-104401,SKU-01075,1,DC-07,STANDARD,2026-08-23T18:39:00,2026-08-24T06:39:00,EXCEPTION,EXCEPTION,MEA,SAME_DAY
ORD-104402,SKU-00547,1,DC-11,STANDARD,2026-08-23T18:45:00,2026-08-24T06:45:00,SHIPPED,SHIPPED,LATAM,NEXT_DAY
ORD-104403,SKU-00823,1,DC-05,STANDARD,2026-08-23T18:48:00,2026-08-24T00:48:00,SHIPPED,HOLD,MEA,SAME_DAY
ORD-104404,SKU-00798,1,DC-17,STANDARD,2026-08-23T19:00:00,2026-08-23T23:00:00,SHIPPED,SHIPPED,MEA,STANDARD
ORD-104405,SKU-00815,1,DC-02,STANDARD,2026-08-23T19:14:00,2026-08-24T03:14:00,PICKING,EXCEPTION,EU,SAME_DAY
ORD-104406,SKU-00400,1,DC-09,CRITICAL,2026-08-23T19:21:00,2026-08-23T23:21:00,EXCEPTION,EXCEPTION,MEA,STANDARD
ORD-104407,SKU-00005,1,DC-12,STANDARD,2026-08-23T19:22:00,2026-08-24T07:22:00,STAGED,STAGED,EU,NEXT_DAY
ORD-104408,SKU-00422,1,DC-07,STANDARD,2026-08-23T19:33:00,2026-08-23T23:33:00,PICKING,PICKING,APAC,NEXT_DAY
ORD-104409,SKU-01171,1,DC-03,EXPEDITE,2026-08-23T19:33:00,2026-08-24T07:33:00,RELEASED,RELEASED,LATAM,NEXT_DAY
ORD-104410,SKU-00313,1,DC-06,STANDARD,2026-08-23T19:38:00,2026-08-24T19:38:00,ALLOCATED,ALLOCATED,EU,NEXT_DAY
ORD-104411,SKU-00967,1,DC-16,STANDARD,2026-08-23T19:39:00,2026-08-24T01:39:00,EXCEPTION,EXCEPTION,LATAM,STANDARD
ORD-104412,SKU-00258,1,DC-10,EXPEDITE,2026-08-23T19:58:00,2026-08-24T19:58:00,PICKING,PICKING,MEA,SAME_DAY
ORD-104413,SKU-00348,1,DC-09,EXPEDITE,2026-08-23T20:03:00,2026-08-24T04:03:00,RELEASED,HOLD,EU,SAME_DAY
ORD-104414,SKU-00597,1,DC-09,STANDARD,2026-08-23T20:08:00,2026-08-24T00:08:00,ALLOCATED,ALLOCATED,LATAM,STANDARD
ORD-104415,SKU-00296,1,DC-03,CRITICAL,2026-08-23T20:11:00,2026-08-24T08:11:00,RELEASED,RELEASED,MEA,NEXT_DAY
ORD-104416,SKU-00685,1,DC-11,STANDARD,2026-08-23T20:14:00,2026-08-24T20:14:00,ALLOCATED,HOLD,EU,NEXT_DAY
ORD-104417,SKU-00630,1,DC-03,STANDARD,2026-08-23T20:15:00,2026-08-24T00:15:00,STAGED,EXCEPTION,APAC,STANDARD
ORD-104418,SKU-00514,1,DC-10,STANDARD,2026-08-23T20:22:00,2026-08-24T00:22:00,EXCEPTION,HOLD,MEA,STANDARD
ORD-104419,SKU-00482,1,DC-17,STANDARD,2026-08-23T20:26:00,2026-08-24T04:26:00,ALLOCATED,EXCEPTION,APAC,NEXT_DAY
ORD-104420,SKU-00241,1,DC-07,STANDARD,2026-08-23T20:45:00,2026-08-24T20:45:00,ALLOCATED,ALLOCATED,EU,STANDARD
ORD-104421,SKU-00210,1,DC-16,STANDARD,2026-08-23T20:58:00,2026-08-24T02:58:00,EXCEPTION,EXCEPTION,MEA,STANDARD
ORD-104422,SKU-00219,1,DC-02,EXPEDITE,2026-08-23T20:59:00,2026-08-24T04:59:00,EXCEPTION,EXCEPTION,APAC,SAME_DAY
ORD-104423,SKU-00911,1,DC-15,STANDARD,2026-08-23T21:01:00,2026-08-24T03:01:00,EXCEPTION,EXCEPTION,EU,SAME_DAY
ORD-104424,SKU-00516,1,DC-04,EXPEDITE,2026-08-23T21:07:00,2026-08-24T09:07:00,EXCEPTION,EXCEPTION,EU,NEXT_DAY
ORD-104425,SKU-00981,1,DC-17,STANDARD,2026-08-23T21:07:00,2026-08-24T01:07:00,EXCEPTION,EXCEPTION,MEA,SAME_DAY
ORD-104426,SKU-00207,1,DC-03,CRITICAL,2026-08-23T21:17:00,2026-08-24T03:17:00,SHIPPED,EXCEPTION,LATAM,NEXT_DAY
ORD-104427,SKU-00967,1,DC-13,STANDARD,2026-08-23T21:19:00,2026-08-24T05:19:00,STAGED,STAGED,APAC,SAME_DAY
ORD-104428,SKU-00236,1,DC-16,STANDARD,2026-08-23T21:21:00,2026-08-24T01:21:00,RELEASED,EXCEPTION,MEA,NEXT_DAY
ORD-104429,SKU-00556,1,DC-07,STANDARD,2026-08-23T21:26:00,2026-08-24T21:26:00,PACKING,HOLD,APAC,STANDARD
ORD-104430,SKU-01199,1,DC-01,EXPEDITE,2026-08-23T21:28:00,2026-08-24T09:28:00,SHIPPED,EXCEPTION,MEA,SAME_DAY
ORD-104431,SKU-00740,1,DC-09,EXPEDITE,2026-08-23T21:39:00,2026-08-24T01:39:00,PACKING,PACKING,APAC,NEXT_DAY
ORD-104432,SKU-01198,1,DC-06,STANDARD,2026-08-23T21:41:00,2026-08-24T09:41:00,SHIPPED,EXCEPTION,MEA,STANDARD
ORD-104433,SKU-01000,1,DC-11,STANDARD,2026-08-23T21:52:00,2026-08-24T01:52:00,EXCEPTION,EXCEPTION,EU,STANDARD
ORD-104434,SKU-00794,1,DC-12,STANDARD,2026-08-23T22:03:00,2026-08-24T22:03:00,PACKING,HOLD,LATAM,SAME_DAY
ORD-104435,SKU-00364,1,DC-16,CRITICAL,2026-08-23T22:26:00,2026-08-24T10:26:00,STAGED,STAGED,LATAM,SAME_DAY
ORD-104436,SKU-00104,1,DC-05,CRITICAL,2026-08-23T22:31:00,2026-08-24T10:31:00,EXCEPTION,EXCEPTION,EU,STANDARD
ORD-104437,SKU-00628,1,DC-17,CRITICAL,2026-08-23T22:55:00,2026-08-24T22:55:00,ALLOCATED,ALLOCATED,MEA,NEXT_DAY
ORD-104438,SKU-00399,1,DC-01,EXPEDITE,2026-08-23T22:58:00,2026-08-24T22:58:00,SHIPPED,SHIPPED,MEA,SAME_DAY
ORD-104439,SKU-01024,1,DC-02,CRITICAL,2026-08-23T23:00:00,2026-08-24T07:00:00,RELEASED,RELEASED,EU,SAME_DAY
ORD-104440,SKU-00526,1,DC-13,STANDARD,2026-08-23T23:05:00,2026-08-24T11:05:00,ALLOCATED,EXCEPTION,APAC,NEXT_DAY
ORD-104441,SKU-00229,1,DC-08,EXPEDITE,2026-08-23T23:08:00,2026-08-24T03:08:00,PACKING,PACKING,APAC,STANDARD
ORD-104442,SKU-00333,1,DC-18,EXPEDITE,2026-08-23T23:28:00,2026-08-24T11:28:00,PACKING,EXCEPTION,LATAM,NEXT_DAY
ORD-104443,SKU-00317,1,DC-13,CRITICAL,2026-08-23T23:37:00,2026-08-24T05:37:00,SHIPPED,SHIPPED,APAC,STANDARD
ORD-104444,SKU-01155,1,DC-03,STANDARD,2026-08-23T23:45:00,2026-08-24T03:45:00,PACKING,EXCEPTION,MEA,STANDARD
ORD-104445,SKU-00493,1,DC-03,STANDARD,2026-08-23T23:48:00,2026-08-24T05:48:00,PACKING,PACKING,MEA,SAME_DAY
ORD-104446,SKU-00684,1,DC-02,STANDARD,2026-08-24T00:07:00,2026-08-24T06:07:00,PICKING,PICKING,EU,SAME_DAY
ORD-104447,SKU-00053,1,DC-07,STANDARD,2026-08-24T00:12:00,2026-08-25T00:12:00,ALLOCATED,HOLD,APAC,NEXT_DAY
ORD-104448,SKU-00738,1,DC-18,STANDARD,2026-08-24T00:13:00,2026-08-24T04:13:00,RELEASED,HOLD,EU,STANDARD
ORD-104449,SKU-00433,1,DC-17,STANDARD,2026-08-24T00:15:00,2026-08-25T00:15:00,ALLOCATED,ALLOCATED,EU,STANDARD
ORD-104450,SKU-00047,1,DC-04,STANDARD,2026-08-24T00:16:00,2026-08-25T00:16:00,PACKING,PACKING,APAC,SAME_DAY
ORD-104451,SKU-00800,1,DC-14,STANDARD,2026-08-24T00:40:00,2026-08-24T04:40:00,PICKING,EXCEPTION,APAC,NEXT_DAY
ORD-104452,SKU-00467,1,DC-06,STANDARD,2026-08-24T00:44:00,2026-08-25T00:44:00,PACKING,EXCEPTION,MEA,SAME_DAY
ORD-104453,SKU-00799,1,DC-18,STANDARD,2026-08-24T00:46:00,2026-08-24T06:46:00,PACKING,HOLD,LATAM,STANDARD
ORD-104454,SKU-00107,1,DC-18,CRITICAL,2026-08-24T00:51:00,2026-08-24T04:51:00,EXCEPTION,EXCEPTION,LATAM,SAME_DAY
ORD-104455,SKU-00553,1,DC-08,EXPEDITE,2026-08-24T00:53:00,2026-08-24T12:53:00,PACKING,EXCEPTION,LATAM,SAME_DAY
ORD-104456,SKU-00422,1,DC-10,STANDARD,2026-08-24T00:53:00,2026-08-24T04:53:00,SHIPPED,SHIPPED,EU,STANDARD
ORD-104457,SKU-00312,1,DC-04,EXPEDITE,2026-08-24T01:01:00,2026-08-24T09:01:00,ALLOCATED,HOLD,MEA,SAME_DAY
ORD-104458,SKU-00531,1,DC-07,EXPEDITE,2026-08-24T01:17:00,2026-08-24T07:17:00,SHIPPED,SHIPPED,APAC,SAME_DAY
ORD-104459,SKU-00879,1,DC-03,STANDARD,2026-08-24T01:31:00,2026-08-24T07:31:00,PACKING,PACKING,APAC,STANDARD
ORD-104460,SKU-00043,1,DC-06,STANDARD,2026-08-24T01:32:00,2026-08-24T13:32:00,STAGED,HOLD,APAC,SAME_DAY
ORD-104461,SKU-00721,1,DC-03,STANDARD,2026-08-24T01:37:00,2026-08-25T01:37:00,RELEASED,RELEASED,APAC,SAME_DAY
ORD-104462,SKU-00165,1,DC-11,STANDARD,2026-08-24T01:47:00,2026-08-25T01:47:00,RELEASED,RELEASED,MEA,NEXT_DAY
ORD-104463,SKU-00392,1,DC-02,EXPEDITE,2026-08-24T01:51:00,2026-08-24T07:51:00,EXCEPTION,EXCEPTION,EU,SAME_DAY
ORD-104464,SKU-00800,1,DC-07,STANDARD,2026-08-24T01:54:00,2026-08-24T07:54:00,PICKING,HOLD,EU,SAME_DAY
ORD-104465,SKU-00040,1,DC-09,STANDARD,2026-08-24T01:58:00,2026-08-24T09:58:00,EXCEPTION,HOLD,APAC,STANDARD
ORD-104466,SKU-00025,1,DC-03,CRITICAL,2026-08-24T01:59:00,2026-08-24T07:59:00,PICKING,EXCEPTION,EU,SAME_DAY
ORD-104467,SKU-01063,1,DC-07,STANDARD,2026-08-24T02:05:00,2026-08-25T02:05:00,RELEASED,EXCEPTION,LATAM,STANDARD
ORD-104468,SKU-00742,1,DC-07,EXPEDITE,2026-08-24T02:27:00,2026-08-25T02:27:00,SHIPPED,SHIPPED,LATAM,STANDARD
ORD-104469,SKU-01175,1,DC-12,STANDARD,2026-08-24T02:29:00,2026-08-24T08:29:00,PICKING,PICKING,APAC,STANDARD
ORD-104470,SKU-00970,1,DC-08,STANDARD,2026-08-24T02:34:00,2026-08-24T08:34:00,STAGED,HOLD,EU,SAME_DAY
ORD-104471,SKU-00820,1,DC-12,STANDARD,2026-08-24T02:40:00,2026-08-24T08:40:00,PACKING,PACKING,MEA,SAME_DAY
ORD-104472,SKU-00826,1,DC-02,STANDARD,2026-08-24T02:46:00,2026-08-24T08:46:00,RELEASED,RELEASED,APAC,NEXT_DAY
ORD-104473,SKU-00663,1,DC-13,STANDARD,2026-08-24T02:55:00,2026-08-24T06:55:00,EXCEPTION,HOLD,LATAM,SAME_DAY
ORD-104474,SKU-00559,1,DC-17,STANDARD,2026-08-24T03:03:00,2026-08-24T07:03:00,PACKING,HOLD,EU,SAME_DAY
ORD-104475,SKU-01010,1,DC-09,STANDARD,2026-08-24T03:04:00,2026-08-24T07:04:00,STAGED,EXCEPTION,EU,STANDARD
ORD-104476,SKU-00472,1,DC-11,STANDARD,2026-08-24T03:14:00,2026-08-24T15:14:00,RELEASED,RELEASED,MEA,NEXT_DAY
ORD-104477,SKU-00784,1,DC-14,STANDARD,2026-08-24T03:16:00,2026-08-24T09:16:00,EXCEPTION,HOLD,EU,STANDARD
ORD-104478,SKU-00101,1,DC-17,EXPEDITE,2026-08-24T03:18:00,2026-08-24T09:18:00,ALLOCATED,ALLOCATED,LATAM,SAME_DAY
ORD-104479,SKU-00161,1,DC-15,STANDARD,2026-08-24T03:20:00,2026-08-24T11:20:00,ALLOCATED,ALLOCATED,MEA,STANDARD
ORD-104480,SKU-00266,1,DC-06,STANDARD,2026-08-24T03:20:00,2026-08-24T07:20:00,PACKING,HOLD,LATAM,NEXT_DAY
ORD-104481,SKU-00144,1,DC-07,STANDARD,2026-08-24T03:27:00,2026-08-25T03:27:00,ALLOCATED,ALLOCATED,MEA,NEXT_DAY
ORD-104482,SKU-00384,1,DC-14,STANDARD,2026-08-24T03:46:00,2026-08-24T07:46:00,RELEASED,RELEASED,LATAM,NEXT_DAY
ORD-104483,SKU-01177,1,DC-06,STANDARD,2026-08-24T03:48:00,2026-08-24T11:48:00,PICKING,EXCEPTION,MEA,STANDARD
ORD-104484,SKU-00089,1,DC-06,STANDARD,2026-08-24T04:05:00,2026-08-24T08:05:00,RELEASED,RELEASED,EU,SAME_DAY
ORD-104485,SKU-00740,1,DC-13,EXPEDITE,2026-08-24T04:05:00,2026-08-24T12:05:00,ALLOCATED,ALLOCATED,MEA,NEXT_DAY
ORD-104486,SKU-01046,1,DC-04,STANDARD,2026-08-24T04:09:00,2026-08-24T12:09:00,PACKING,HOLD,MEA,STANDARD
ORD-104487,SKU-00777,1,DC-10,STANDARD,2026-08-24T04:30:00,2026-08-24T16:30:00,EXCEPTION,HOLD,APAC,STANDARD
ORD-104488,SKU-00643,1,DC-17,STANDARD,2026-08-24T04:33:00,2026-08-24T16:33:00,SHIPPED,SHIPPED,APAC,STANDARD
ORD-104489,SKU-00215,1,DC-01,EXPEDITE,2026-08-24T04:33:00,2026-08-25T04:33:00,STAGED,STAGED,EU,NEXT_DAY
ORD-104490,SKU-00796,1,DC-06,STANDARD,2026-08-24T04:35:00,2026-08-24T08:35:00,PICKING,PICKING,APAC,STANDARD
ORD-104491,SKU-00983,1,DC-05,STANDARD,2026-08-24T04:36:00,2026-08-24T12:36:00,PICKING,HOLD,APAC,STANDARD
ORD-104492,SKU-00419,1,DC-04,STANDARD,2026-08-24T04:36:00,2026-08-24T10:36:00,PACKING,PACKING,MEA,STANDARD
ORD-104493,SKU-00666,1,DC-06,STANDARD,2026-08-24T04:43:00,2026-08-24T10:43:00,PICKING,HOLD,LATAM,SAME_DAY
ORD-104494,SKU-00795,1,DC-01,STANDARD,2026-08-24T04:53:00,2026-08-24T12:53:00,ALLOCATED,HOLD,MEA,STANDARD
ORD-104495,SKU-00313,1,DC-04,EXPEDITE,2026-08-24T04:53:00,2026-08-24T10:53:00,EXCEPTION,EXCEPTION,MEA,NEXT_DAY
ORD-104496,SKU-01198,1,DC-15,STANDARD,2026-08-24T05:10:00,2026-08-24T09:10:00,RELEASED,HOLD,MEA,STANDARD
ORD-104497,SKU-00321,1,DC-11,STANDARD,2026-08-24T05:16:00,2026-08-24T11:16:00,RELEASED,RELEASED,APAC,STANDARD
ORD-104498,SKU-00102,1,DC-07,CRITICAL,2026-08-24T05:17:00,2026-08-25T05:17:00,PACKING,PACKING,MEA,SAME_DAY
ORD-104499,SKU-01113,1,DC-05,STANDARD,2026-08-24T05:17:00,2026-08-24T17:17:00,RELEASED,RELEASED,EU,NEXT_DAY
ORD-104500,SKU-00231,1,DC-14,STANDARD,2026-08-24T05:32:00,2026-08-24T11:32:00,PACKING,EXCEPTION,EU,NEXT_DAY
ORD-104501,SKU-00539,1,DC-15,STANDARD,2026-08-24T05:37:00,2026-08-24T17:37:00,PACKING,PACKING,APAC,STANDARD
ORD-104502,SKU-00337,1,DC-11,STANDARD,2026-08-24T05:41:00,2026-08-24T09:41:00,EXCEPTION,HOLD,APAC,STANDARD
ORD-104503,SKU-00161,1,DC-05,STANDARD,2026-08-24T05:54:00,2026-08-24T17:54:00,STAGED,STAGED,MEA,SAME_DAY
ORD-104504,SKU-00352,1,DC-10,STANDARD,2026-08-24T05:59:00,2026-08-24T13:59:00,PICKING,PICKING,MEA,STANDARD
ORD-104505,SKU-00778,1,DC-11,CRITICAL,2026-08-24T06:01:00,2026-08-25T06:01:00,RELEASED,HOLD,EU,SAME_DAY
ORD-104506,SKU-00706,1,DC-05,EXPEDITE,2026-08-24T06:03:00,2026-08-24T14:03:00,PACKING,HOLD,LATAM,SAME_DAY
ORD-104507,SKU-00480,1,DC-04,EXPEDITE,2026-08-24T06:11:00,2026-08-25T06:11:00,PACKING,PACKING,MEA,SAME_DAY
ORD-104508,SKU-00985,1,DC-10,STANDARD,2026-08-24T06:11:00,2026-08-24T14:11:00,ALLOCATED,ALLOCATED,LATAM,NEXT_DAY
ORD-104509,SKU-01047,1,DC-15,STANDARD,2026-08-24T06:14:00,2026-08-24T10:14:00,STAGED,STAGED,APAC,STANDARD
ORD-104510,SKU-00380,1,DC-12,STANDARD,2026-08-24T06:22:00,2026-08-24T18:22:00,SHIPPED,EXCEPTION,LATAM,SAME_DAY
ORD-104511,SKU-00218,1,DC-07,STANDARD,2026-08-24T06:30:00,2026-08-24T18:30:00,PICKING,PICKING,EU,SAME_DAY
ORD-104512,SKU-01004,1,DC-14,EXPEDITE,2026-08-24T06:31:00,2026-08-24T14:31:00,EXCEPTION,EXCEPTION,MEA,SAME_DAY
ORD-104513,SKU-00929,1,DC-16,STANDARD,2026-08-24T06:36:00,2026-08-24T12:36:00,EXCEPTION,EXCEPTION,EU,SAME_DAY
ORD-104514,SKU-00279,1,DC-15,EXPEDITE,2026-08-24T06:38:00,2026-08-24T10:38:00,STAGED,STAGED,EU,NEXT_DAY
ORD-104515,SKU-00882,1,DC-06,STANDARD,2026-08-24T06:40:00,2026-08-25T06:40:00,ALLOCATED,EXCEPTION,EU,NEXT_DAY
ORD-104516,SKU-00941,1,DC-03,STANDARD,2026-08-24T06:42:00,2026-08-24T18:42:00,RELEASED,RELEASED,APAC,SAME_DAY
ORD-104517,SKU-00930,1,DC-11,STANDARD,2026-08-24T06:46:00,2026-08-24T12:46:00,STAGED,HOLD,LATAM,SAME_DAY
ORD-104518,SKU-00602,1,DC-08,STANDARD,2026-08-24T06:51:00,2026-08-24T14:51:00,RELEASED,HOLD,EU,SAME_DAY
ORD-104519,SKU-00514,1,DC-13,EXPEDITE,2026-08-24T06:53:00,2026-08-24T10:53:00,ALLOCATED,HOLD,EU,NEXT_DAY
ORD-104520,SKU-00259,1,DC-10,CRITICAL,2026-08-24T07:17:00,2026-08-24T13:17:00,ALLOCATED,EXCEPTION,MEA,STANDARD
ORD-104521,SKU-00653,1,DC-08,STANDARD,2026-08-24T07:31:00,2026-08-24T15:31:00,PICKING,PICKING,MEA,SAME_DAY
ORD-104522,SKU-00452,1,DC-06,STANDARD,2026-08-24T07:38:00,2026-08-24T11:38:00,PACKING,HOLD,LATAM,SAME_DAY
ORD-104523,SKU-00328,1,DC-08,STANDARD,2026-08-24T07:49:00,2026-08-24T19:49:00,STAGED,STAGED,APAC,SAME_DAY
ORD-104524,SKU-00629,1,DC-15,STANDARD,2026-08-24T07:53:00,2026-08-24T15:53:00,PACKING,HOLD,LATAM,STANDARD
ORD-104525,SKU-00748,1,DC-18,STANDARD,2026-08-24T07:53:00,2026-08-24T15:53:00,EXCEPTION,EXCEPTION,APAC,NEXT_DAY
ORD-104526,SKU-01016,1,DC-14,EXPEDITE,2026-08-24T07:56:00,2026-08-24T11:56:00,EXCEPTION,EXCEPTION,APAC,SAME_DAY
ORD-104527,SKU-00156,1,DC-01,STANDARD,2026-08-24T08:05:00,2026-08-24T16:05:00,RELEASED,EXCEPTION,MEA,STANDARD
ORD-104528,SKU-01146,1,DC-12,STANDARD,2026-08-24T08:28:00,2026-08-25T08:28:00,RELEASED,RELEASED,EU,SAME_DAY
ORD-104529,SKU-00327,1,DC-06,EXPEDITE,2026-08-24T08:29:00,2026-08-24T14:29:00,PICKING,EXCEPTION,EU,NEXT_DAY
ORD-104530,SKU-01024,1,DC-07,STANDARD,2026-08-24T08:43:00,2026-08-24T16:43:00,EXCEPTION,EXCEPTION,MEA,NEXT_DAY
ORD-104531,SKU-01068,1,DC-05,STANDARD,2026-08-24T08:45:00,2026-08-24T12:45:00,PICKING,PICKING,EU,STANDARD
ORD-104532,SKU-00354,1,DC-13,STANDARD,2026-08-24T08:49:00,2026-08-24T20:49:00,PACKING,PACKING,EU,STANDARD
ORD-104533,SKU-01074,1,DC-05,STANDARD,2026-08-24T08:56:00,2026-08-24T14:56:00,PACKING,EXCEPTION,APAC,STANDARD
ORD-104534,SKU-01086,1,DC-17,STANDARD,2026-08-24T08:58:00,2026-08-24T14:58:00,PACKING,HOLD,LATAM,NEXT_DAY
ORD-104535,SKU-00992,1,DC-06,STANDARD,2026-08-24T09:01:00,2026-08-24T17:01:00,PACKING,PACKING,MEA,NEXT_DAY
ORD-104536,SKU-00409,1,DC-15,CRITICAL,2026-08-24T09:06:00,2026-08-24T13:06:00,EXCEPTION,EXCEPTION,EU,SAME_DAY
ORD-104537,SKU-00857,1,DC-14,CRITICAL,2026-08-24T09:09:00,2026-08-24T15:09:00,RELEASED,EXCEPTION,APAC,STANDARD
ORD-104538,SKU-00082,1,DC-15,EXPEDITE,2026-08-24T09:09:00,2026-08-24T13:09:00,PICKING,PICKING,APAC,SAME_DAY
ORD-104539,SKU-00676,1,DC-16,STANDARD,2026-08-24T09:12:00,2026-08-24T13:12:00,ALLOCATED,ALLOCATED,EU,NEXT_DAY
ORD-104540,SKU-00033,1,DC-16,EXPEDITE,2026-08-24T09:13:00,2026-08-24T13:13:00,SHIPPED,SHIPPED,LATAM,NEXT_DAY
ORD-104541,SKU-00611,1,DC-07,STANDARD,2026-08-24T09:26:00,2026-08-24T13:26:00,STAGED,STAGED,LATAM,SAME_DAY
ORD-104542,SKU-00701,1,DC-11,STANDARD,2026-08-24T09:29:00,2026-08-24T13:29:00,STAGED,STAGED,EU,NEXT_DAY
ORD-104543,SKU-00949,1,DC-13,STANDARD,2026-08-24T09:30:00,2026-08-24T21:30:00,STAGED,HOLD,LATAM,STANDARD
ORD-104544,SKU-00204,1,DC-05,STANDARD,2026-08-24T09:38:00,2026-08-24T15:38:00,PICKING,PICKING,MEA,SAME_DAY
ORD-104545,SKU-00680,1,DC-03,STANDARD,2026-08-24T09:41:00,2026-08-24T17:41:00,EXCEPTION,EXCEPTION,EU,NEXT_DAY
ORD-104546,SKU-00586,1,DC-18,STANDARD,2026-08-24T09:42:00,2026-08-24T13:42:00,STAGED,STAGED,APAC,SAME_DAY
ORD-104547,SKU-00461,1,DC-10,CRITICAL,2026-08-24T09:53:00,2026-08-24T13:53:00,EXCEPTION,HOLD,APAC,NEXT_DAY
ORD-104548,SKU-00935,1,DC-09,STANDARD,2026-08-24T10:02:00,2026-08-24T16:02:00,STAGED,STAGED,APAC,NEXT_DAY
ORD-104549,SKU-01126,1,DC-09,CRITICAL,2026-08-24T10:14:00,2026-08-25T10:14:00,PACKING,PACKING,MEA,SAME_DAY
ORD-104550,SKU-00802,1,DC-18,STANDARD,2026-08-24T10:25:00,2026-08-24T22:25:00,STAGED,EXCEPTION,APAC,STANDARD
ORD-104551,SKU-00101,1,DC-12,STANDARD,2026-08-24T10:28:00,2026-08-24T22:28:00,RELEASED,RELEASED,APAC,NEXT_DAY
ORD-104552,SKU-00893,1,DC-10,STANDARD,2026-08-24T10:37:00,2026-08-24T18:37:00,PACKING,PACKING,MEA,SAME_DAY
ORD-104553,SKU-00696,1,DC-07,STANDARD,2026-08-24T10:41:00,2026-08-24T16:41:00,ALLOCATED,ALLOCATED,EU,NEXT_DAY
ORD-104554,SKU-00361,1,DC-08,STANDARD,2026-08-24T10:44:00,2026-08-24T14:44:00,PICKING,HOLD,MEA,SAME_DAY
ORD-104555,SKU-00433,1,DC-14,STANDARD,2026-08-24T10:45:00,2026-08-24T18:45:00,RELEASED,EXCEPTION,LATAM,NEXT_DAY
ORD-104556,SKU-00858,1,DC-06,STANDARD,2026-08-24T10:53:00,2026-08-24T22:53:00,STAGED,EXCEPTION,LATAM,NEXT_DAY
ORD-104557,SKU-00021,1,DC-09,STANDARD,2026-08-24T10:57:00,2026-08-25T10:57:00,PACKING,PACKING,MEA,NEXT_DAY
ORD-104558,SKU-00735,1,DC-09,EXPEDITE,2026-08-24T10:58:00,2026-08-24T14:58:00,SHIPPED,EXCEPTION,EU,NEXT_DAY
ORD-104559,SKU-00207,1,DC-12,STANDARD,2026-08-24T11:08:00,2026-08-24T23:08:00,SHIPPED,SHIPPED,MEA,SAME_DAY
ORD-104560,SKU-01117,1,DC-02,STANDARD,2026-08-24T11:11:00,2026-08-24T23:11:00,RELEASED,RELEASED,LATAM,SAME_DAY
ORD-104561,SKU-00875,1,DC-04,EXPEDITE,2026-08-24T11:33:00,2026-08-24T19:33:00,EXCEPTION,EXCEPTION,LATAM,NEXT_DAY
ORD-104562,SKU-00996,1,DC-05,STANDARD,2026-08-24T11:38:00,2026-08-25T11:38:00,EXCEPTION,EXCEPTION,APAC,SAME_DAY
ORD-104563,SKU-00548,1,DC-08,EXPEDITE,2026-08-24T11:51:00,2026-08-25T11:51:00,PACKING,HOLD,LATAM,NEXT_DAY
ORD-104564,SKU-00083,1,DC-10,EXPEDITE,2026-08-24T11:57:00,2026-08-24T15:57:00,PACKING,EXCEPTION,LATAM,SAME_DAY
ORD-104565,SKU-01153,1,DC-13,CRITICAL,2026-08-24T11:58:00,2026-08-24T19:58:00,PACKING,EXCEPTION,APAC,SAME_DAY
ORD-104566,SKU-01090,1,DC-08,STANDARD,2026-08-24T12:02:00,2026-08-24T20:02:00,STAGED,STAGED,EU,SAME_DAY
ORD-104567,SKU-00901,1,DC-05,STANDARD,2026-08-24T12:02:00,2026-08-24T20:02:00,SHIPPED,SHIPPED,EU,NEXT_DAY
ORD-104568,SKU-01062,1,DC-13,STANDARD,2026-08-24T12:06:00,2026-08-25T00:06:00,SHIPPED,SHIPPED,EU,SAME_DAY
ORD-104569,SKU-00098,1,DC-07,STANDARD,2026-08-24T12:16:00,2026-08-24T20:16:00,RELEASED,RELEASED,MEA,SAME_DAY
ORD-104570,SKU-00755,1,DC-08,STANDARD,2026-08-24T12:16:00,2026-08-24T16:16:00,PICKING,PICKING,APAC,STANDARD
ORD-104571,SKU-00002,1,DC-11,STANDARD,2026-08-24T12:22:00,2026-08-25T00:22:00,PACKING,PACKING,APAC,SAME_DAY
ORD-104572,SKU-00689,1,DC-09,EXPEDITE,2026-08-24T12:24:00,2026-08-24T20:24:00,PACKING,PACKING,LATAM,STANDARD
ORD-104573,SKU-00272,1,DC-13,STANDARD,2026-08-24T12:25:00,2026-08-24T16:25:00,EXCEPTION,EXCEPTION,MEA,SAME_DAY
ORD-104574,SKU-00306,1,DC-01,EXPEDITE,2026-08-24T12:35:00,2026-08-24T20:35:00,STAGED,STAGED,LATAM,NEXT_DAY
ORD-104575,SKU-00978,1,DC-01,EXPEDITE,2026-08-24T12:55:00,2026-08-25T12:55:00,EXCEPTION,HOLD,LATAM,NEXT_DAY
ORD-104576,SKU-00335,1,DC-17,STANDARD,2026-08-24T13:03:00,2026-08-24T19:03:00,ALLOCATED,ALLOCATED,LATAM,SAME_DAY
ORD-104577,SKU-00533,1,DC-03,STANDARD,2026-08-24T13:13:00,2026-08-24T19:13:00,RELEASED,HOLD,EU,STANDARD
ORD-104578,SKU-00239,1,DC-13,STANDARD,2026-08-24T13:20:00,2026-08-24T21:20:00,STAGED,HOLD,EU,SAME_DAY
ORD-104579,SKU-00883,1,DC-02,CRITICAL,2026-08-24T13:24:00,2026-08-25T13:24:00,RELEASED,EXCEPTION,MEA,SAME_DAY
ORD-104580,SKU-00244,1,DC-09,STANDARD,2026-08-24T13:34:00,2026-08-24T17:34:00,SHIPPED,HOLD,LATAM,SAME_DAY
ORD-104581,SKU-00753,1,DC-12,STANDARD,2026-08-24T13:37:00,2026-08-25T01:37:00,SHIPPED,HOLD,LATAM,STANDARD
ORD-104582,SKU-00275,1,DC-17,STANDARD,2026-08-24T13:39:00,2026-08-24T21:39:00,STAGED,STAGED,MEA,STANDARD
ORD-104583,SKU-01157,1,DC-01,CRITICAL,2026-08-24T13:43:00,2026-08-24T17:43:00,EXCEPTION,HOLD,APAC,SAME_DAY
ORD-104584,SKU-00022,1,DC-01,EXPEDITE,2026-08-24T13:54:00,2026-08-24T19:54:00,EXCEPTION,HOLD,EU,STANDARD
ORD-104585,SKU-00784,1,DC-04,STANDARD,2026-08-24T14:14:00,2026-08-25T14:14:00,ALLOCATED,ALLOCATED,LATAM,STANDARD
ORD-104586,SKU-00101,1,DC-02,STANDARD,2026-08-24T14:15:00,2026-08-25T14:15:00,RELEASED,EXCEPTION,MEA,NEXT_DAY
ORD-104587,SKU-00697,1,DC-03,STANDARD,2026-08-24T14:20:00,2026-08-24T18:20:00,SHIPPED,EXCEPTION,EU,NEXT_DAY
ORD-104588,SKU-00798,1,DC-07,STANDARD,2026-08-24T14:22:00,2026-08-25T14:22:00,ALLOCATED,HOLD,LATAM,STANDARD
ORD-104589,SKU-00936,1,DC-09,EXPEDITE,2026-08-24T14:23:00,2026-08-24T22:23:00,STAGED,EXCEPTION,MEA,STANDARD
ORD-104590,SKU-00322,1,DC-04,EXPEDITE,2026-08-24T14:26:00,2026-08-24T20:26:00,SHIPPED,SHIPPED,MEA,SAME_DAY
ORD-104591,SKU-01081,1,DC-06,EXPEDITE,2026-08-24T14:29:00,2026-08-24T20:29:00,ALLOCATED,ALLOCATED,LATAM,STANDARD
ORD-104592,SKU-00940,1,DC-13,STANDARD,2026-08-24T14:35:00,2026-08-24T22:35:00,STAGED,EXCEPTION,EU,NEXT_DAY
ORD-104593,SKU-00048,1,DC-11,STANDARD,2026-08-24T14:45:00,2026-08-25T14:45:00,ALLOCATED,ALLOCATED,APAC,SAME_DAY
ORD-104594,SKU-00509,1,DC-17,STANDARD,2026-08-24T14:52:00,2026-08-24T22:52:00,PICKING,PICKING,MEA,SAME_DAY
ORD-104595,SKU-01064,1,DC-14,STANDARD,2026-08-24T15:02:00,2026-08-25T15:02:00,EXCEPTION,EXCEPTION,MEA,STANDARD
ORD-104596,SKU-00486,1,DC-09,STANDARD,2026-08-24T15:13:00,2026-08-24T19:13:00,STAGED,HOLD,EU,STANDARD
ORD-104597,SKU-00673,1,DC-01,EXPEDITE,2026-08-24T15:22:00,2026-08-24T21:22:00,PICKING,PICKING,LATAM,NEXT_DAY
ORD-104598,SKU-01162,1,DC-13,STANDARD,2026-08-24T15:25:00,2026-08-24T23:25:00,EXCEPTION,EXCEPTION,LATAM,NEXT_DAY
ORD-104599,SKU-00771,1,DC-03,STANDARD,2026-08-24T15:33:00,2026-08-24T23:33:00,SHIPPED,SHIPPED,EU,NEXT_DAY
ORD-104600,SKU-01072,1,DC-05,STANDARD,2026-08-24T15:42:00,2026-08-24T23:42:00,RELEASED,RELEASED,EU,NEXT_DAY
ORD-104601,SKU-00500,1,DC-13,STANDARD,2026-08-24T15:51:00,2026-08-25T03:51:00,STAGED,STAGED,EU,SAME_DAY
ORD-104602,SKU-00575,1,DC-01,STANDARD,2026-08-24T15:54:00,2026-08-25T03:54:00,PACKING,EXCEPTION,APAC,STANDARD
ORD-104603,SKU-00133,1,DC-12,STANDARD,2026-08-24T15:56:00,2026-08-25T03:56:00,PICKING,PICKING,MEA,SAME_DAY
ORD-104604,SKU-00590,1,DC-03,STANDARD,2026-08-24T15:57:00,2026-08-24T19:57:00,ALLOCATED,ALLOCATED,EU,NEXT_DAY
ORD-104605,SKU-00216,1,DC-01,STANDARD,2026-08-24T16:19:00,2026-08-24T22:19:00,ALLOCATED,HOLD,MEA,STANDARD
ORD-104606,SKU-01136,1,DC-08,STANDARD,2026-08-24T16:25:00,2026-08-25T00:25:00,ALLOCATED,HOLD,MEA,SAME_DAY
ORD-104607,SKU-00771,1,DC-18,EXPEDITE,2026-08-24T16:33:00,2026-08-24T20:33:00,PACKING,PACKING,MEA,STANDARD
ORD-104608,SKU-00459,1,DC-13,EXPEDITE,2026-08-24T16:39:00,2026-08-24T22:39:00,STAGED,STAGED,LATAM,NEXT_DAY
ORD-104609,SKU-00426,1,DC-02,STANDARD,2026-08-24T16:44:00,2026-08-24T22:44:00,STAGED,HOLD,LATAM,SAME_DAY
ORD-104610,SKU-00116,1,DC-03,EXPEDITE,2026-08-24T16:56:00,2026-08-24T20:56:00,RELEASED,RELEASED,LATAM,NEXT_DAY
ORD-104611,SKU-01177,1,DC-17,STANDARD,2026-08-24T17:00:00,2026-08-25T17:00:00,EXCEPTION,EXCEPTION,LATAM,STANDARD
ORD-104612,SKU-01148,1,DC-16,EXPEDITE,2026-08-24T17:00:00,2026-08-25T17:00:00,RELEASED,RELEASED,LATAM,NEXT_DAY
ORD-104613,SKU-01030,1,DC-11,STANDARD,2026-08-24T17:01:00,2026-08-25T01:01:00,PICKING,PICKING,LATAM,STANDARD
ORD-104614,SKU-00074,1,DC-16,STANDARD,2026-08-24T17:03:00,2026-08-25T05:03:00,PICKING,PICKING,LATAM,STANDARD
ORD-104615,SKU-00901,1,DC-05,STANDARD,2026-08-24T17:14:00,2026-08-25T01:14:00,ALLOCATED,ALLOCATED,LATAM,STANDARD
ORD-104616,SKU-00258,1,DC-17,STANDARD,2026-08-24T17:16:00,2026-08-25T17:16:00,RELEASED,RELEASED,LATAM,STANDARD
ORD-104617,SKU-00771,1,DC-18,EXPEDITE,2026-08-24T17:17:00,2026-08-24T23:17:00,EXCEPTION,EXCEPTION,LATAM,STANDARD
ORD-104618,SKU-00831,1,DC-08,EXPEDITE,2026-08-24T17:35:00,2026-08-25T01:35:00,STAGED,STAGED,MEA,SAME_DAY
ORD-104619,SKU-00152,1,DC-17,CRITICAL,2026-08-24T17:41:00,2026-08-25T17:41:00,EXCEPTION,EXCEPTION,APAC,NEXT_DAY
ORD-104620,SKU-00076,1,DC-08,STANDARD,2026-08-24T17:42:00,2026-08-25T17:42:00,STAGED,EXCEPTION,MEA,NEXT_DAY
ORD-104621,SKU-01171,1,DC-08,STANDARD,2026-08-24T17:45:00,2026-08-24T21:45:00,PICKING,PICKING,LATAM,SAME_DAY
ORD-104622,SKU-00979,1,DC-01,STANDARD,2026-08-24T17:46:00,2026-08-25T01:46:00,RELEASED,RELEASED,EU,STANDARD
ORD-104623,SKU-01033,1,DC-07,STANDARD,2026-08-24T18:09:00,2026-08-25T06:09:00,STAGED,STAGED,MEA,STANDARD
ORD-104624,SKU-00822,1,DC-09,STANDARD,2026-08-24T18:17:00,2026-08-25T18:17:00,SHIPPED,SHIPPED,APAC,SAME_DAY
ORD-104625,SKU-00275,1,DC-12,STANDARD,2026-08-24T18:20:00,2026-08-25T06:20:00,SHIPPED,HOLD,APAC,NEXT_DAY
ORD-104626,SKU-01088,1,DC-09,STANDARD,2026-08-24T18:22:00,2026-08-25T02:22:00,PICKING,PICKING,MEA,SAME_DAY
ORD-104627,SKU-00313,1,DC-17,STANDARD,2026-08-24T18:23:00,2026-08-25T02:23:00,PACKING,HOLD,APAC,SAME_DAY
ORD-104628,SKU-00591,1,DC-11,STANDARD,2026-08-24T18:28:00,2026-08-25T18:28:00,SHIPPED,SHIPPED,APAC,STANDARD
ORD-104629,SKU-00882,1,DC-09,STANDARD,2026-08-24T18:32:00,2026-08-25T06:32:00,EXCEPTION,HOLD,MEA,SAME_DAY
ORD-104630,SKU-00754,1,DC-11,EXPEDITE,2026-08-24T18:49:00,2026-08-24T22:49:00,SHIPPED,HOLD,APAC,SAME_DAY
ORD-104631,SKU-00223,1,DC-16,STANDARD,2026-08-24T18:52:00,2026-08-25T00:52:00,STAGED,STAGED,EU,SAME_DAY
ORD-104632,SKU-00769,1,DC-17,CRITICAL,2026-08-24T18:57:00,2026-08-25T06:57:00,STAGED,STAGED,MEA,STANDARD
ORD-104633,SKU-00856,1,DC-18,STANDARD,2026-08-24T18:59:00,2026-08-25T18:59:00,RELEASED,RELEASED,LATAM,STANDARD
ORD-104634,SKU-00997,1,DC-08,CRITICAL,2026-08-24T19:03:00,2026-08-25T01:03:00,RELEASED,RELEASED,MEA,NEXT_DAY
ORD-104635,SKU-00436,1,DC-07,STANDARD,2026-08-24T19:09:00,2026-08-24T23:09:00,EXCEPTION,EXCEPTION,LATAM,SAME_DAY
ORD-104636,SKU-01200,1,DC-02,STANDARD,2026-08-24T19:25:00,2026-08-25T03:25:00,RELEASED,HOLD,LATAM,NEXT_DAY
ORD-104637,SKU-00486,1,DC-17,STANDARD,2026-08-24T19:28:00,2026-08-25T03:28:00,ALLOCATED,EXCEPTION,MEA,STANDARD
ORD-104638,SKU-00237,1,DC-09,EXPEDITE,2026-08-24T19:33:00,2026-08-24T23:33:00,PICKING,PICKING,LATAM,SAME_DAY
ORD-104639,SKU-00138,1,DC-01,STANDARD,2026-08-24T19:33:00,2026-08-25T19:33:00,PICKING,PICKING,EU,SAME_DAY
ORD-104640,SKU-00041,1,DC-18,STANDARD,2026-08-24T19:38:00,2026-08-24T23:38:00,ALLOCATED,ALLOCATED,APAC,STANDARD
ORD-104641,SKU-00353,1,DC-12,CRITICAL,2026-08-24T19:44:00,2026-08-25T03:44:00,PICKING,HOLD,APAC,SAME_DAY
ORD-104642,SKU-01143,1,DC-17,STANDARD,2026-08-24T19:47:00,2026-08-25T01:47:00,EXCEPTION,EXCEPTION,LATAM,SAME_DAY
ORD-104643,SKU-01092,1,DC-08,STANDARD,2026-08-24T19:51:00,2026-08-25T19:51:00,ALLOCATED,ALLOCATED,LATAM,STANDARD
ORD-104644,SKU-00529,1,DC-07,STANDARD,2026-08-24T19:59:00,2026-08-25T01:59:00,EXCEPTION,EXCEPTION,EU,STANDARD
ORD-104645,SKU-01033,1,DC-04,STANDARD,2026-08-24T20:02:00,2026-08-25T20:02:00,ALLOCATED,HOLD,MEA,SAME_DAY
ORD-104646,SKU-00021,1,DC-04,STANDARD,2026-08-24T20:17:00,2026-08-25T02:17:00,ALLOCATED,HOLD,LATAM,SAME_DAY
ORD-104647,SKU-00106,1,DC-09,STANDARD,2026-08-24T20:24:00,2026-08-25T20:24:00,PICKING,PICKING,EU,STANDARD
ORD-104648,SKU-00835,1,DC-05,CRITICAL,2026-08-24T20:33:00,2026-08-25T20:33:00,STAGED,STAGED,MEA,NEXT_DAY
ORD-104649,SKU-00865,1,DC-08,EXPEDITE,2026-08-24T20:34:00,2026-08-25T04:34:00,ALLOCATED,ALLOCATED,MEA,NEXT_DAY
ORD-104650,SKU-00180,1,DC-07,STANDARD,2026-08-24T20:52:00,2026-08-25T00:52:00,STAGED,STAGED,EU,NEXT_DAY
ORD-104651,SKU-00373,1,DC-10,STANDARD,2026-08-24T20:54:00,2026-08-25T04:54:00,ALLOCATED,HOLD,LATAM,SAME_DAY
ORD-104652,SKU-00978,1,DC-04,CRITICAL,2026-08-24T20:54:00,2026-08-25T02:54:00,PACKING,PACKING,APAC,STANDARD
ORD-104653,SKU-00460,1,DC-11,EXPEDITE,2026-08-24T21:15:00,2026-08-25T09:15:00,PACKING,EXCEPTION,EU,NEXT_DAY
ORD-104654,SKU-00266,1,DC-18,CRITICAL,2026-08-24T21:16:00,2026-08-25T09:16:00,ALLOCATED,ALLOCATED,LATAM,STANDARD
ORD-104655,SKU-00153,1,DC-03,STANDARD,2026-08-24T21:24:00,2026-08-25T03:24:00,SHIPPED,EXCEPTION,EU,SAME_DAY
ORD-104656,SKU-00414,1,DC-07,EXPEDITE,2026-08-24T21:35:00,2026-08-25T09:35:00,STAGED,HOLD,MEA,STANDARD
ORD-104657,SKU-00695,1,DC-18,EXPEDITE,2026-08-24T21:45:00,2026-08-25T05:45:00,ALLOCATED,ALLOCATED,EU,SAME_DAY
ORD-104658,SKU-00089,1,DC-06,STANDARD,2026-08-24T21:49:00,2026-08-25T05:49:00,SHIPPED,SHIPPED,MEA,NEXT_DAY
ORD-104659,SKU-00972,1,DC-13,STANDARD,2026-08-24T21:51:00,2026-08-25T09:51:00,PICKING,PICKING,EU,SAME_DAY
ORD-104660,SKU-00950,1,DC-04,STANDARD,2026-08-24T22:39:00,2026-08-25T10:39:00,SHIPPED,HOLD,APAC,SAME_DAY
ORD-104661,SKU-00669,1,DC-11,STANDARD,2026-08-24T22:42:00,2026-08-25T02:42:00,EXCEPTION,EXCEPTION,APAC,NEXT_DAY
ORD-104662,SKU-00338,1,DC-15,EXPEDITE,2026-08-24T22:44:00,2026-08-25T02:44:00,SHIPPED,SHIPPED,EU,STANDARD
ORD-104663,SKU-00847,1,DC-14,EXPEDITE,2026-08-24T22:45:00,2026-08-25T22:45:00,ALLOCATED,ALLOCATED,MEA,STANDARD
ORD-104664,SKU-00268,1,DC-18,EXPEDITE,2026-08-24T22:51:00,2026-08-25T10:51:00,PICKING,PICKING,LATAM,NEXT_DAY
ORD-104665,SKU-00637,1,DC-18,EXPEDITE,2026-08-24T22:52:00,2026-08-25T06:52:00,PACKING,HOLD,MEA,SAME_DAY
ORD-104666,SKU-01104,1,DC-04,STANDARD,2026-08-24T22:58:00,2026-08-25T02:58:00,ALLOCATED,ALLOCATED,MEA,SAME_DAY
ORD-104667,SKU-00635,1,DC-16,STANDARD,2026-08-24T22:58:00,2026-08-25T02:58:00,SHIPPED,EXCEPTION,APAC,SAME_DAY
ORD-104668,SKU-01011,1,DC-18,EXPEDITE,2026-08-24T23:03:00,2026-08-25T11:03:00,RELEASED,RELEASED,EU,STANDARD
ORD-104669,SKU-00814,1,DC-09,STANDARD,2026-08-24T23:06:00,2026-08-25T03:06:00,EXCEPTION,EXCEPTION,MEA,STANDARD
ORD-104670,SKU-00045,1,DC-04,STANDARD,2026-08-24T23:07:00,2026-08-25T05:07:00,RELEASED,HOLD,MEA,STANDARD
ORD-104671,SKU-01159,1,DC-03,STANDARD,2026-08-24T23:36:00,2026-08-25T07:36:00,EXCEPTION,EXCEPTION,EU,STANDARD
ORD-104672,SKU-00341,1,DC-08,STANDARD,2026-08-24T23:38:00,2026-08-25T03:38:00,EXCEPTION,EXCEPTION,MEA,SAME_DAY
ORD-104673,SKU-00680,1,DC-04,STANDARD,2026-08-24T23:42:00,2026-08-25T05:42:00,SHIPPED,SHIPPED,APAC,SAME_DAY
ORD-104674,SKU-01106,1,DC-16,STANDARD,2026-08-24T23:49:00,2026-08-25T11:49:00,STAGED,EXCEPTION,LATAM,SAME_DAY
ORD-104675,SKU-01157,1,DC-03,STANDARD,2026-08-24T23:54:00,2026-08-25T11:54:00,STAGED,EXCEPTION,LATAM,STANDARD
ORD-104676,SKU-00175,1,DC-08,CRITICAL,2026-08-25T00:04:00,2026-08-25T12:04:00,RELEASED,RELEASED,APAC,STANDARD
ORD-104677,SKU-00764,1,DC-10,EXPEDITE,2026-08-25T00:08:00,2026-08-25T12:08:00,PACKING,PACKING,LATAM,SAME_DAY
ORD-104678,SKU-00638,1,DC-02,EXPEDITE,2026-08-25T00:09:00,2026-08-25T08:09:00,RELEASED,RELEASED,LATAM,SAME_DAY
ORD-104679,SKU-00002,1,DC-09,STANDARD,2026-08-25T00:09:00,2026-08-26T00:09:00,ALLOCATED,EXCEPTION,APAC,SAME_DAY
ORD-104680,SKU-00166,1,DC-15,EXPEDITE,2026-08-25T00:14:00,2026-08-25T04:14:00,RELEASED,RELEASED,MEA,SAME_DAY
ORD-104681,SKU-00154,1,DC-05,EXPEDITE,2026-08-25T00:19:00,2026-08-25T12:19:00,ALLOCATED,ALLOCATED,APAC,STANDARD
ORD-104682,SKU-00019,1,DC-05,STANDARD,2026-08-25T00:24:00,2026-08-25T08:24:00,EXCEPTION,EXCEPTION,EU,STANDARD
ORD-104683,SKU-00186,1,DC-12,CRITICAL,2026-08-25T00:32:00,2026-08-25T08:32:00,PACKING,PACKING,APAC,NEXT_DAY
ORD-104684,SKU-00756,1,DC-05,STANDARD,2026-08-25T00:37:00,2026-08-25T04:37:00,STAGED,EXCEPTION,APAC,STANDARD
ORD-104685,SKU-01023,1,DC-01,CRITICAL,2026-08-25T00:38:00,2026-08-25T06:38:00,ALLOCATED,ALLOCATED,MEA,NEXT_DAY
ORD-104686,SKU-01060,1,DC-03,STANDARD,2026-08-25T00:40:00,2026-08-25T06:40:00,EXCEPTION,EXCEPTION,APAC,NEXT_DAY
ORD-104687,SKU-00170,1,DC-07,STANDARD,2026-08-25T00:42:00,2026-08-25T06:42:00,STAGED,STAGED,LATAM,NEXT_DAY
ORD-104688,SKU-00418,1,DC-10,STANDARD,2026-08-25T00:46:00,2026-08-25T12:46:00,ALLOCATED,EXCEPTION,APAC,SAME_DAY
ORD-104689,SKU-00315,1,DC-06,STANDARD,2026-08-25T00:48:00,2026-08-25T04:48:00,STAGED,HOLD,LATAM,NEXT_DAY
ORD-104690,SKU-00167,1,DC-02,STANDARD,2026-08-25T00:55:00,2026-08-25T04:55:00,SHIPPED,EXCEPTION,LATAM,NEXT_DAY
ORD-104691,SKU-00300,1,DC-03,CRITICAL,2026-08-25T00:55:00,2026-08-26T00:55:00,STAGED,EXCEPTION,APAC,NEXT_DAY
ORD-104692,SKU-00461,1,DC-17,CRITICAL,2026-08-25T00:59:00,2026-08-25T06:59:00,STAGED,STAGED,APAC,STANDARD
ORD-104693,SKU-00914,1,DC-17,CRITICAL,2026-08-25T01:03:00,2026-08-25T05:03:00,ALLOCATED,HOLD,MEA,STANDARD
ORD-104694,SKU-00478,1,DC-11,STANDARD,2026-08-25T01:11:00,2026-08-25T09:11:00,PICKING,HOLD,MEA,STANDARD
ORD-104695,SKU-00346,1,DC-14,CRITICAL,2026-08-25T01:23:00,2026-08-25T13:23:00,ALLOCATED,ALLOCATED,MEA,STANDARD
ORD-104696,SKU-00443,1,DC-08,STANDARD,2026-08-25T01:34:00,2026-08-25T13:34:00,ALLOCATED,ALLOCATED,APAC,STANDARD
ORD-104697,SKU-00869,1,DC-11,EXPEDITE,2026-08-25T01:37:00,2026-08-25T07:37:00,PACKING,HOLD,LATAM,SAME_DAY
ORD-104698,SKU-00928,1,DC-11,STANDARD,2026-08-25T01:39:00,2026-08-25T07:39:00,ALLOCATED,ALLOCATED,MEA,SAME_DAY
ORD-104699,SKU-00239,1,DC-07,STANDARD,2026-08-25T01:53:00,2026-08-26T01:53:00,EXCEPTION,EXCEPTION,LATAM,NEXT_DAY
ORD-104700,SKU-01164,1,DC-02,CRITICAL,2026-08-25T02:07:00,2026-08-25T10:07:00,RELEASED,RELEASED,MEA,STANDARD
ORD-104701,SKU-00116,1,DC-05,CRITICAL,2026-08-25T02:08:00,2026-08-25T14:08:00,PICKING,PICKING,APAC,STANDARD
ORD-104702,SKU-00387,1,DC-16,STANDARD,2026-08-25T02:08:00,2026-08-26T02:08:00,SHIPPED,EXCEPTION,LATAM,SAME_DAY
ORD-104703,SKU-00893,1,DC-09,EXPEDITE,2026-08-25T02:24:00,2026-08-25T14:24:00,STAGED,STAGED,MEA,SAME_DAY
ORD-104704,SKU-00118,1,DC-15,STANDARD,2026-08-25T02:34:00,2026-08-25T06:34:00,PACKING,PACKING,EU,SAME_DAY
ORD-104705,SKU-01144,1,DC-03,EXPEDITE,2026-08-25T02:35:00,2026-08-26T02:35:00,PACKING,EXCEPTION,APAC,SAME_DAY
ORD-104706,SKU-00746,1,DC-14,STANDARD,2026-08-25T02:46:00,2026-08-25T10:46:00,EXCEPTION,EXCEPTION,EU,NEXT_DAY
ORD-104707,SKU-00983,1,DC-01,STANDARD,2026-08-25T03:07:00,2026-08-25T09:07:00,STAGED,EXCEPTION,APAC,NEXT_DAY
ORD-104708,SKU-00983,1,DC-13,STANDARD,2026-08-25T03:18:00,2026-08-25T07:18:00,PICKING,EXCEPTION,EU,SAME_DAY
ORD-104709,SKU-00309,1,DC-18,STANDARD,2026-08-25T03:18:00,2026-08-25T07:18:00,RELEASED,EXCEPTION,LATAM,STANDARD
ORD-104710,SKU-00632,1,DC-09,EXPEDITE,2026-08-25T03:49:00,2026-08-25T11:49:00,ALLOCATED,HOLD,MEA,NEXT_DAY
ORD-104711,SKU-01137,1,DC-14,STANDARD,2026-08-25T03:50:00,2026-08-25T09:50:00,PACKING,PACKING,APAC,SAME_DAY
ORD-104712,SKU-00523,1,DC-14,STANDARD,2026-08-25T04:09:00,2026-08-25T10:09:00,RELEASED,RELEASED,EU,STANDARD
ORD-104713,SKU-00233,1,DC-05,STANDARD,2026-08-25T04:10:00,2026-08-26T04:10:00,RELEASED,RELEASED,MEA,NEXT_DAY
ORD-104714,SKU-00199,1,DC-01,STANDARD,2026-08-25T04:23:00,2026-08-25T16:23:00,SHIPPED,EXCEPTION,LATAM,SAME_DAY
ORD-104715,SKU-01155,1,DC-11,EXPEDITE,2026-08-25T04:27:00,2026-08-26T04:27:00,RELEASED,RELEASED,EU,STANDARD
ORD-104716,SKU-01079,1,DC-17,STANDARD,2026-08-25T04:38:00,2026-08-26T04:38:00,PICKING,PICKING,LATAM,NEXT_DAY
ORD-104717,SKU-00533,1,DC-15,STANDARD,2026-08-25T04:40:00,2026-08-25T08:40:00,EXCEPTION,EXCEPTION,LATAM,SAME_DAY
ORD-104718,SKU-00039,1,DC-02,STANDARD,2026-08-25T04:43:00,2026-08-25T08:43:00,ALLOCATED,HOLD,MEA,NEXT_DAY
ORD-104719,SKU-00405,1,DC-14,STANDARD,2026-08-25T04:53:00,2026-08-25T10:53:00,RELEASED,RELEASED,MEA,NEXT_DAY
ORD-104720,SKU-00526,1,DC-12,EXPEDITE,2026-08-25T04:59:00,2026-08-25T12:59:00,PACKING,PACKING,EU,STANDARD
ORD-104721,SKU-00196,1,DC-17,STANDARD,2026-08-25T05:01:00,2026-08-25T17:01:00,PACKING,PACKING,MEA,SAME_DAY
ORD-104722,SKU-00911,1,DC-10,STANDARD,2026-08-25T05:06:00,2026-08-25T11:06:00,PICKING,HOLD,APAC,SAME_DAY
ORD-104723,SKU-00102,1,DC-13,EXPEDITE,2026-08-25T05:08:00,2026-08-25T11:08:00,EXCEPTION,EXCEPTION,LATAM,SAME_DAY
ORD-104724,SKU-01032,1,DC-14,STANDARD,2026-08-25T05:08:00,2026-08-25T09:08:00,PICKING,EXCEPTION,APAC,STANDARD
ORD-104725,SKU-00884,1,DC-13,EXPEDITE,2026-08-25T05:14:00,2026-08-25T17:14:00,ALLOCATED,ALLOCATED,MEA,SAME_DAY
ORD-104726,SKU-00741,1,DC-10,STANDARD,2026-08-25T05:43:00,2026-08-25T09:43:00,STAGED,HOLD,LATAM,NEXT_DAY
ORD-104727,SKU-00664,1,DC-12,STANDARD,2026-08-25T05:49:00,2026-08-25T11:49:00,PACKING,EXCEPTION,EU,NEXT_DAY
ORD-104728,SKU-00513,1,DC-18,STANDARD,2026-08-25T05:55:00,2026-08-25T13:55:00,STAGED,HOLD,LATAM,STANDARD
ORD-104729,SKU-00729,1,DC-04,STANDARD,2026-08-25T05:57:00,2026-08-25T17:57:00,SHIPPED,SHIPPED,APAC,STANDARD
ORD-104730,SKU-00072,1,DC-07,STANDARD,2026-08-25T06:04:00,2026-08-26T06:04:00,PACKING,PACKING,EU,SAME_DAY
ORD-104731,SKU-00373,1,DC-16,EXPEDITE,2026-08-25T06:16:00,2026-08-25T10:16:00,ALLOCATED,ALLOCATED,LATAM,STANDARD
ORD-104732,SKU-00642,1,DC-16,CRITICAL,2026-08-25T06:29:00,2026-08-25T14:29:00,ALLOCATED,ALLOCATED,LATAM,SAME_DAY
ORD-104733,SKU-00870,1,DC-04,STANDARD,2026-08-25T06:32:00,2026-08-25T12:32:00,RELEASED,EXCEPTION,MEA,NEXT_DAY
ORD-104734,SKU-00274,1,DC-12,EXPEDITE,2026-08-25T06:42:00,2026-08-26T06:42:00,STAGED,STAGED,MEA,STANDARD
ORD-104735,SKU-00122,1,DC-14,STANDARD,2026-08-25T06:46:00,2026-08-25T14:46:00,SHIPPED,SHIPPED,APAC,SAME_DAY
ORD-104736,SKU-00609,1,DC-16,CRITICAL,2026-08-25T06:54:00,2026-08-25T12:54:00,EXCEPTION,HOLD,MEA,SAME_DAY
ORD-104737,SKU-00387,1,DC-11,EXPEDITE,2026-08-25T07:18:00,2026-08-25T13:18:00,STAGED,STAGED,EU,STANDARD
ORD-104738,SKU-01166,1,DC-17,STANDARD,2026-08-25T07:25:00,2026-08-25T19:25:00,EXCEPTION,HOLD,EU,STANDARD
ORD-104739,SKU-00422,1,DC-03,EXPEDITE,2026-08-25T07:31:00,2026-08-25T19:31:00,SHIPPED,EXCEPTION,EU,NEXT_DAY
ORD-104740,SKU-00280,1,DC-15,STANDARD,2026-08-25T07:32:00,2026-08-25T15:32:00,STAGED,STAGED,LATAM,STANDARD
ORD-104741,SKU-00479,1,DC-04,STANDARD,2026-08-25T07:34:00,2026-08-25T11:34:00,ALLOCATED,HOLD,LATAM,SAME_DAY
ORD-104742,SKU-00470,1,DC-16,STANDARD,2026-08-25T07:56:00,2026-08-25T15:56:00,RELEASED,EXCEPTION,LATAM,STANDARD
ORD-104743,SKU-00214,1,DC-10,CRITICAL,2026-08-25T08:05:00,2026-08-25T20:05:00,PICKING,PICKING,APAC,SAME_DAY
ORD-104744,SKU-01200,1,DC-02,CRITICAL,2026-08-25T08:24:00,2026-08-25T20:24:00,PACKING,HOLD,LATAM,STANDARD
ORD-104745,SKU-00386,1,DC-13,EXPEDITE,2026-08-25T08:26:00,2026-08-25T20:26:00,EXCEPTION,EXCEPTION,EU,STANDARD
ORD-104746,SKU-00172,1,DC-10,CRITICAL,2026-08-25T08:53:00,2026-08-25T16:53:00,ALLOCATED,HOLD,APAC,STANDARD
ORD-104747,SKU-00994,1,DC-13,EXPEDITE,2026-08-25T09:09:00,2026-08-25T13:09:00,ALLOCATED,ALLOCATED,APAC,STANDARD
ORD-104748,SKU-00309,1,DC-10,STANDARD,2026-08-25T09:10:00,2026-08-25T21:10:00,ALLOCATED,EXCEPTION,APAC,NEXT_DAY
ORD-104749,SKU-00684,1,DC-03,STANDARD,2026-08-25T09:15:00,2026-08-25T21:15:00,STAGED,STAGED,APAC,SAME_DAY
ORD-104750,SKU-00286,1,DC-18,STANDARD,2026-08-25T09:32:00,2026-08-25T21:32:00,STAGED,STAGED,LATAM,NEXT_DAY
ORD-104751,SKU-00964,1,DC-17,STANDARD,2026-08-25T09:33:00,2026-08-25T21:33:00,ALLOCATED,HOLD,MEA,NEXT_DAY
ORD-104752,SKU-00726,1,DC-14,STANDARD,2026-08-25T09:35:00,2026-08-25T17:35:00,PACKING,PACKING,MEA,STANDARD
ORD-104753,SKU-01042,1,DC-09,STANDARD,2026-08-25T09:39:00,2026-08-25T17:39:00,SHIPPED,SHIPPED,APAC,NEXT_DAY
ORD-104754,SKU-00552,1,DC-11,EXPEDITE,2026-08-25T10:03:00,2026-08-25T16:03:00,EXCEPTION,EXCEPTION,MEA,NEXT_DAY
ORD-104755,SKU-00732,1,DC-08,EXPEDITE,2026-08-25T10:11:00,2026-08-25T14:11:00,STAGED,STAGED,EU,SAME_DAY
ORD-104756,SKU-01144,1,DC-08,STANDARD,2026-08-25T10:18:00,2026-08-25T22:18:00,STAGED,EXCEPTION,EU,NEXT_DAY
ORD-104757,SKU-00384,1,DC-10,CRITICAL,2026-08-25T10:26:00,2026-08-25T14:26:00,PICKING,EXCEPTION,MEA,STANDARD
ORD-104758,SKU-00411,1,DC-01,STANDARD,2026-08-25T10:35:00,2026-08-25T14:35:00,EXCEPTION,EXCEPTION,APAC,STANDARD
ORD-104759,SKU-00158,1,DC-14,EXPEDITE,2026-08-25T10:41:00,2026-08-26T10:41:00,PACKING,HOLD,MEA,STANDARD
ORD-104760,SKU-01001,1,DC-02,STANDARD,2026-08-25T10:43:00,2026-08-25T16:43:00,PACKING,EXCEPTION,LATAM,NEXT_DAY
ORD-104761,SKU-01103,1,DC-11,STANDARD,2026-08-25T10:44:00,2026-08-25T16:44:00,EXCEPTION,EXCEPTION,EU,STANDARD
ORD-104762,SKU-00274,1,DC-02,CRITICAL,2026-08-25T11:10:00,2026-08-26T11:10:00,RELEASED,EXCEPTION,EU,NEXT_DAY
ORD-104763,SKU-00320,1,DC-01,STANDARD,2026-08-25T11:12:00,2026-08-25T17:12:00,PICKING,PICKING,APAC,STANDARD
ORD-104764,SKU-01146,1,DC-05,STANDARD,2026-08-25T11:18:00,2026-08-25T23:18:00,SHIPPED,EXCEPTION,EU,SAME_DAY
ORD-104765,SKU-00901,1,DC-06,STANDARD,2026-08-25T11:21:00,2026-08-25T19:21:00,PACKING,PACKING,APAC,SAME_DAY
ORD-104766,SKU-00608,1,DC-02,STANDARD,2026-08-25T11:24:00,2026-08-26T11:24:00,SHIPPED,HOLD,APAC,NEXT_DAY
ORD-104767,SKU-01126,1,DC-08,CRITICAL,2026-08-25T11:26:00,2026-08-25T17:26:00,STAGED,STAGED,MEA,STANDARD
ORD-104768,SKU-00449,1,DC-16,STANDARD,2026-08-25T11:33:00,2026-08-25T17:33:00,PICKING,PICKING,LATAM,STANDARD
ORD-104769,SKU-00720,1,DC-04,EXPEDITE,2026-08-25T11:42:00,2026-08-25T15:42:00,PACKING,EXCEPTION,LATAM,NEXT_DAY
ORD-104770,SKU-00893,1,DC-17,STANDARD,2026-08-25T11:51:00,2026-08-25T17:51:00,STAGED,STAGED,MEA,NEXT_DAY
ORD-104771,SKU-00750,1,DC-10,STANDARD,2026-08-25T11:54:00,2026-08-26T11:54:00,RELEASED,RELEASED,APAC,STANDARD
ORD-104772,SKU-00122,1,DC-03,STANDARD,2026-08-25T11:57:00,2026-08-25T17:57:00,SHIPPED,EXCEPTION,MEA,SAME_DAY
ORD-104773,SKU-00821,1,DC-13,EXPEDITE,2026-08-25T12:05:00,2026-08-25T16:05:00,SHIPPED,HOLD,APAC,STANDARD
ORD-104774,SKU-00239,1,DC-18,STANDARD,2026-08-25T12:06:00,2026-08-25T18:06:00,EXCEPTION,HOLD,LATAM,NEXT_DAY
ORD-104775,SKU-01190,1,DC-17,STANDARD,2026-08-25T12:07:00,2026-08-25T16:07:00,RELEASED,RELEASED,MEA,NEXT_DAY
ORD-104776,SKU-00214,1,DC-18,STANDARD,2026-08-25T12:11:00,2026-08-26T12:11:00,EXCEPTION,EXCEPTION,MEA,NEXT_DAY
ORD-104777,SKU-01068,1,DC-10,STANDARD,2026-08-25T12:20:00,2026-08-25T16:20:00,RELEASED,RELEASED,LATAM,SAME_DAY
ORD-104778,SKU-00188,1,DC-17,EXPEDITE,2026-08-25T12:25:00,2026-08-26T12:25:00,PACKING,PACKING,EU,STANDARD
ORD-104779,SKU-00465,1,DC-13,STANDARD,2026-08-25T12:44:00,2026-08-25T20:44:00,ALLOCATED,EXCEPTION,APAC,SAME_DAY
ORD-104780,SKU-00304,1,DC-13,STANDARD,2026-08-25T12:52:00,2026-08-26T12:52:00,PICKING,PICKING,LATAM,NEXT_DAY
ORD-104781,SKU-00491,1,DC-16,STANDARD,2026-08-25T12:56:00,2026-08-25T16:56:00,EXCEPTION,EXCEPTION,APAC,NEXT_DAY
ORD-104782,SKU-00119,1,DC-13,STANDARD,2026-08-25T13:16:00,2026-08-26T13:16:00,RELEASED,HOLD,APAC,SAME_DAY
ORD-104783,SKU-00780,1,DC-06,STANDARD,2026-08-25T13:46:00,2026-08-25T17:46:00,ALLOCATED,ALLOCATED,APAC,STANDARD
ORD-104784,SKU-00420,1,DC-05,STANDARD,2026-08-25T13:46:00,2026-08-25T21:46:00,PACKING,PACKING,EU,STANDARD
ORD-104785,SKU-00128,1,DC-14,STANDARD,2026-08-25T13:47:00,2026-08-26T01:47:00,SHIPPED,EXCEPTION,APAC,NEXT_DAY
ORD-104786,SKU-00025,1,DC-03,STANDARD,2026-08-25T13:57:00,2026-08-25T21:57:00,PACKING,EXCEPTION,EU,SAME_DAY
ORD-104787,SKU-00249,1,DC-08,STANDARD,2026-08-25T14:04:00,2026-08-25T18:04:00,RELEASED,EXCEPTION,EU,NEXT_DAY
ORD-104788,SKU-01146,1,DC-12,EXPEDITE,2026-08-25T14:15:00,2026-08-25T20:15:00,PICKING,HOLD,LATAM,STANDARD
ORD-104789,SKU-01012,1,DC-11,EXPEDITE,2026-08-25T14:16:00,2026-08-25T22:16:00,ALLOCATED,ALLOCATED,LATAM,STANDARD
ORD-104790,SKU-00065,1,DC-17,STANDARD,2026-08-25T14:32:00,2026-08-26T14:32:00,PICKING,PICKING,MEA,NEXT_DAY
ORD-104791,SKU-00441,1,DC-16,STANDARD,2026-08-25T14:38:00,2026-08-26T14:38:00,EXCEPTION,HOLD,EU,NEXT_DAY
ORD-104792,SKU-00706,1,DC-02,STANDARD,2026-08-25T14:39:00,2026-08-26T14:39:00,PACKING,EXCEPTION,EU,SAME_DAY
ORD-104793,SKU-00457,1,DC-10,EXPEDITE,2026-08-25T14:42:00,2026-08-25T18:42:00,EXCEPTION,EXCEPTION,EU,SAME_DAY
ORD-104794,SKU-00746,1,DC-05,STANDARD,2026-08-25T14:43:00,2026-08-25T18:43:00,ALLOCATED,EXCEPTION,MEA,NEXT_DAY
ORD-104795,SKU-01113,1,DC-05,EXPEDITE,2026-08-25T14:49:00,2026-08-25T18:49:00,EXCEPTION,EXCEPTION,APAC,STANDARD
ORD-104796,SKU-00066,1,DC-17,EXPEDITE,2026-08-25T14:50:00,2026-08-25T22:50:00,PACKING,HOLD,APAC,NEXT_DAY
ORD-104797,SKU-00698,1,DC-07,STANDARD,2026-08-25T15:07:00,2026-08-26T15:07:00,SHIPPED,HOLD,MEA,STANDARD
ORD-104798,SKU-01164,1,DC-01,STANDARD,2026-08-25T15:08:00,2026-08-26T15:08:00,RELEASED,RELEASED,LATAM,NEXT_DAY
ORD-104799,SKU-00666,1,DC-16,EXPEDITE,2026-08-25T15:10:00,2026-08-25T19:10:00,PACKING,HOLD,APAC,SAME_DAY
ORD-104800,SKU-01064,1,DC-15,STANDARD,2026-08-25T15:13:00,2026-08-26T15:13:00,ALLOCATED,ALLOCATED,APAC,SAME_DAY
ORD-104801,SKU-00616,1,DC-07,EXPEDITE,2026-08-25T15:13:00,2026-08-26T03:13:00,SHIPPED,EXCEPTION,APAC,NEXT_DAY
ORD-104802,SKU-00675,1,DC-16,EXPEDITE,2026-08-25T15:14:00,2026-08-26T03:14:00,RELEASED,RELEASED,LATAM,STANDARD
ORD-104803,SKU-00529,1,DC-12,EXPEDITE,2026-08-25T15:30:00,2026-08-26T15:30:00,PICKING,PICKING,MEA,STANDARD
ORD-104804,SKU-00704,1,DC-13,STANDARD,2026-08-25T15:31:00,2026-08-26T03:31:00,ALLOCATED,ALLOCATED,APAC,SAME_DAY
ORD-104805,SKU-01056,1,DC-18,STANDARD,2026-08-25T16:03:00,2026-08-25T20:03:00,SHIPPED,SHIPPED,EU,SAME_DAY
ORD-104806,SKU-01113,1,DC-06,STANDARD,2026-08-25T16:10:00,2026-08-25T22:10:00,RELEASED,HOLD,EU,STANDARD
ORD-104807,SKU-00848,1,DC-16,EXPEDITE,2026-08-25T16:40:00,2026-08-25T20:40:00,ALLOCATED,EXCEPTION,APAC,SAME_DAY
ORD-104808,SKU-00056,1,DC-02,EXPEDITE,2026-08-25T16:45:00,2026-08-25T20:45:00,EXCEPTION,EXCEPTION,EU,STANDARD
ORD-104809,SKU-00831,1,DC-05,STANDARD,2026-08-25T16:57:00,2026-08-25T20:57:00,ALLOCATED,ALLOCATED,LATAM,SAME_DAY
ORD-104810,SKU-00514,1,DC-08,STANDARD,2026-08-25T17:32:00,2026-08-26T05:32:00,PICKING,PICKING,EU,NEXT_DAY
ORD-104811,SKU-00179,1,DC-07,CRITICAL,2026-08-25T17:40:00,2026-08-25T23:40:00,RELEASED,RELEASED,MEA,STANDARD
ORD-104812,SKU-00754,1,DC-08,CRITICAL,2026-08-25T17:41:00,2026-08-25T21:41:00,PACKING,HOLD,EU,STANDARD
ORD-104813,SKU-00647,1,DC-10,STANDARD,2026-08-25T17:41:00,2026-08-26T17:41:00,EXCEPTION,EXCEPTION,LATAM,SAME_DAY
ORD-104814,SKU-01085,1,DC-11,STANDARD,2026-08-25T17:45:00,2026-08-26T01:45:00,RELEASED,HOLD,EU,SAME_DAY
ORD-104815,SKU-00399,1,DC-01,EXPEDITE,2026-08-25T18:05:00,2026-08-26T02:05:00,SHIPPED,SHIPPED,APAC,NEXT_DAY
ORD-104816,SKU-00705,1,DC-12,EXPEDITE,2026-08-25T18:06:00,2026-08-26T02:06:00,PACKING,EXCEPTION,LATAM,STANDARD
ORD-104817,SKU-01032,1,DC-12,CRITICAL,2026-08-25T18:06:00,2026-08-26T18:06:00,ALLOCATED,EXCEPTION,MEA,SAME_DAY
ORD-104818,SKU-00854,1,DC-18,STANDARD,2026-08-25T18:06:00,2026-08-25T22:06:00,SHIPPED,SHIPPED,LATAM,SAME_DAY
ORD-104819,SKU-00410,1,DC-08,STANDARD,2026-08-25T18:07:00,2026-08-26T18:07:00,ALLOCATED,ALLOCATED,MEA,STANDARD
ORD-104820,SKU-00603,1,DC-13,STANDARD,2026-08-25T18:13:00,2026-08-26T06:13:00,RELEASED,RELEASED,MEA,NEXT_DAY
ORD-104821,SKU-00331,1,DC-05,EXPEDITE,2026-08-25T18:25:00,2026-08-26T06:25:00,EXCEPTION,EXCEPTION,APAC,NEXT_DAY
ORD-104822,SKU-00828,1,DC-05,EXPEDITE,2026-08-25T18:26:00,2026-08-25T22:26:00,PICKING,PICKING,EU,STANDARD
ORD-104823,SKU-00148,1,DC-03,CRITICAL,2026-08-25T18:31:00,2026-08-26T02:31:00,EXCEPTION,EXCEPTION,EU,SAME_DAY
ORD-104824,SKU-00132,1,DC-03,STANDARD,2026-08-25T18:34:00,2026-08-26T00:34:00,EXCEPTION,EXCEPTION,LATAM,STANDARD
ORD-104825,SKU-01082,1,DC-06,EXPEDITE,2026-08-25T18:48:00,2026-08-26T06:48:00,EXCEPTION,EXCEPTION,LATAM,NEXT_DAY
ORD-104826,SKU-00072,1,DC-07,STANDARD,2026-08-25T19:00:00,2026-08-26T01:00:00,STAGED,STAGED,MEA,STANDARD
ORD-104827,SKU-00141,1,DC-09,STANDARD,2026-08-25T19:08:00,2026-08-26T01:08:00,ALLOCATED,ALLOCATED,LATAM,STANDARD
ORD-104828,SKU-00982,1,DC-07,STANDARD,2026-08-25T19:44:00,2026-08-26T03:44:00,ALLOCATED,ALLOCATED,EU,NEXT_DAY
ORD-104829,SKU-00463,1,DC-17,EXPEDITE,2026-08-25T20:01:00,2026-08-26T04:01:00,PACKING,HOLD,MEA,SAME_DAY
ORD-104830,SKU-00879,1,DC-11,CRITICAL,2026-08-25T20:03:00,2026-08-26T02:03:00,RELEASED,RELEASED,APAC,SAME_DAY
ORD-104831,SKU-00138,1,DC-01,STANDARD,2026-08-25T20:05:00,2026-08-26T00:05:00,PACKING,PACKING,LATAM,NEXT_DAY
ORD-104832,SKU-00670,1,DC-04,STANDARD,2026-08-25T20:17:00,2026-08-26T04:17:00,ALLOCATED,ALLOCATED,APAC,NEXT_DAY
ORD-104833,SKU-00645,1,DC-09,EXPEDITE,2026-08-25T20:30:00,2026-08-26T02:30:00,RELEASED,EXCEPTION,EU,SAME_DAY
ORD-104834,SKU-00436,1,DC-07,STANDARD,2026-08-25T20:31:00,2026-08-26T04:31:00,STAGED,STAGED,MEA,SAME_DAY
ORD-104835,SKU-00298,1,DC-06,CRITICAL,2026-08-25T20:32:00,2026-08-26T08:32:00,STAGED,EXCEPTION,EU,NEXT_DAY
ORD-104836,SKU-00249,1,DC-16,STANDARD,2026-08-25T20:35:00,2026-08-26T00:35:00,PICKING,EXCEPTION,LATAM,STANDARD
ORD-104837,SKU-01021,1,DC-03,STANDARD,2026-08-25T20:36:00,2026-08-26T20:36:00,SHIPPED,SHIPPED,LATAM,NEXT_DAY
ORD-104838,SKU-00915,1,DC-03,STANDARD,2026-08-25T20:44:00,2026-08-26T20:44:00,STAGED,STAGED,EU,NEXT_DAY
ORD-104839,SKU-00832,1,DC-10,STANDARD,2026-08-25T20:45:00,2026-08-26T02:45:00,STAGED,HOLD,APAC,SAME_DAY
ORD-104840,SKU-00937,1,DC-05,STANDARD,2026-08-25T20:45:00,2026-08-26T04:45:00,STAGED,STAGED,LATAM,STANDARD
ORD-104841,SKU-00222,1,DC-02,STANDARD,2026-08-25T20:50:00,2026-08-26T04:50:00,EXCEPTION,EXCEPTION,MEA,STANDARD
ORD-104842,SKU-00716,1,DC-02,STANDARD,2026-08-25T20:56:00,2026-08-26T20:56:00,ALLOCATED,ALLOCATED,MEA,SAME_DAY
ORD-104843,SKU-00381,1,DC-17,STANDARD,2026-08-25T20:59:00,2026-08-26T00:59:00,PACKING,PACKING,APAC,NEXT_DAY
ORD-104844,SKU-01086,1,DC-10,CRITICAL,2026-08-25T21:32:00,2026-08-26T05:32:00,STAGED,STAGED,EU,NEXT_DAY
ORD-104845,SKU-00390,1,DC-07,STANDARD,2026-08-25T21:39:00,2026-08-26T05:39:00,PACKING,PACKING,LATAM,SAME_DAY
ORD-104846,SKU-00347,1,DC-03,STANDARD,2026-08-25T21:41:00,2026-08-26T09:41:00,ALLOCATED,HOLD,APAC,NEXT_DAY
ORD-104847,SKU-00892,1,DC-12,EXPEDITE,2026-08-25T21:44:00,2026-08-26T05:44:00,RELEASED,HOLD,MEA,NEXT_DAY
ORD-104848,SKU-00212,1,DC-07,STANDARD,2026-08-25T21:51:00,2026-08-26T01:51:00,PACKING,PACKING,APAC,SAME_DAY
ORD-104849,SKU-00914,1,DC-01,STANDARD,2026-08-25T21:52:00,2026-08-26T09:52:00,STAGED,STAGED,MEA,STANDARD
ORD-104850,SKU-00483,1,DC-16,EXPEDITE,2026-08-25T21:56:00,2026-08-26T01:56:00,ALLOCATED,EXCEPTION,MEA,SAME_DAY
ORD-104851,SKU-00690,1,DC-02,EXPEDITE,2026-08-25T22:00:00,2026-08-26T10:00:00,PACKING,PACKING,LATAM,NEXT_DAY
ORD-104852,SKU-00771,1,DC-03,EXPEDITE,2026-08-25T22:01:00,2026-08-26T04:01:00,STAGED,HOLD,MEA,SAME_DAY
ORD-104853,SKU-00903,1,DC-01,STANDARD,2026-08-25T22:07:00,2026-08-26T10:07:00,SHIPPED,HOLD,LATAM,STANDARD
ORD-104854,SKU-00876,1,DC-17,EXPEDITE,2026-08-25T22:15:00,2026-08-26T02:15:00,STAGED,EXCEPTION,LATAM,NEXT_DAY
ORD-104855,SKU-01049,1,DC-15,STANDARD,2026-08-25T22:24:00,2026-08-26T04:24:00,RELEASED,RELEASED,MEA,SAME_DAY
ORD-104856,SKU-00937,1,DC-13,STANDARD,2026-08-25T22:26:00,2026-08-26T10:26:00,EXCEPTION,HOLD,LATAM,NEXT_DAY
ORD-104857,SKU-00349,1,DC-07,EXPEDITE,2026-08-25T22:27:00,2026-08-26T22:27:00,ALLOCATED,ALLOCATED,APAC,SAME_DAY
ORD-104858,SKU-00972,1,DC-12,STANDARD,2026-08-25T22:34:00,2026-08-26T06:34:00,RELEASED,HOLD,LATAM,NEXT_DAY
ORD-104859,SKU-01113,1,DC-12,CRITICAL,2026-08-25T22:34:00,2026-08-26T10:34:00,ALLOCATED,EXCEPTION,MEA,STANDARD
ORD-104860,SKU-00345,1,DC-08,STANDARD,2026-08-25T22:35:00,2026-08-26T04:35:00,STAGED,EXCEPTION,EU,NEXT_DAY
ORD-104861,SKU-00126,1,DC-15,STANDARD,2026-08-25T22:36:00,2026-08-26T02:36:00,PACKING,HOLD,LATAM,SAME_DAY
ORD-104862,SKU-00938,1,DC-18,CRITICAL,2026-08-25T22:45:00,2026-08-26T06:45:00,ALLOCATED,ALLOCATED,MEA,NEXT_DAY
ORD-104863,SKU-00517,1,DC-16,STANDARD,2026-08-25T22:48:00,2026-08-26T02:48:00,STAGED,STAGED,APAC,NEXT_DAY
ORD-104864,SKU-01008,1,DC-17,CRITICAL,2026-08-25T23:03:00,2026-08-26T07:03:00,RELEASED,RELEASED,LATAM,SAME_DAY
ORD-104865,SKU-00490,1,DC-17,CRITICAL,2026-08-25T23:10:00,2026-08-26T07:10:00,EXCEPTION,EXCEPTION,APAC,NEXT_DAY
ORD-104866,SKU-00210,1,DC-15,EXPEDITE,2026-08-25T23:33:00,2026-08-26T03:33:00,EXCEPTION,EXCEPTION,LATAM,NEXT_DAY
ORD-104867,SKU-00390,1,DC-17,STANDARD,2026-08-25T23:47:00,2026-08-26T03:47:00,PACKING,PACKING,LATAM,SAME_DAY
ORD-104868,SKU-00602,1,DC-07,STANDARD,2026-08-25T23:50:00,2026-08-26T23:50:00,PACKING,EXCEPTION,EU,SAME_DAY
ORD-104869,SKU-00766,1,DC-15,EXPEDITE,2026-08-25T23:58:00,2026-08-26T11:58:00,STAGED,STAGED,LATAM,NEXT_DAY
ORD-104870,SKU-00259,1,DC-18,EXPEDITE,2026-08-26T00:02:00,2026-08-26T12:02:00,ALLOCATED,EXCEPTION,MEA,NEXT_DAY
ORD-104871,SKU-00716,1,DC-03,STANDARD,2026-08-26T00:10:00,2026-08-26T04:10:00,SHIPPED,SHIPPED,LATAM,NEXT_DAY
ORD-104872,SKU-00059,1,DC-07,CRITICAL,2026-08-26T00:12:00,2026-08-26T06:12:00,EXCEPTION,EXCEPTION,MEA,SAME_DAY
ORD-104873,SKU-00517,1,DC-13,STANDARD,2026-08-26T00:16:00,2026-08-26T08:16:00,ALLOCATED,EXCEPTION,MEA,NEXT_DAY
ORD-104874,SKU-00009,1,DC-13,CRITICAL,2026-08-26T00:21:00,2026-08-26T06:21:00,PICKING,PICKING,MEA,STANDARD
ORD-104875,SKU-00300,1,DC-05,STANDARD,2026-08-26T00:27:00,2026-08-26T06:27:00,RELEASED,HOLD,APAC,STANDARD
ORD-104876,SKU-00981,1,DC-09,STANDARD,2026-08-26T00:31:00,2026-08-26T06:31:00,PICKING,PICKING,APAC,NEXT_DAY
ORD-104877,SKU-00887,1,DC-15,STANDARD,2026-08-26T00:32:00,2026-08-27T00:32:00,ALLOCATED,ALLOCATED,MEA,SAME_DAY
ORD-104878,SKU-01198,1,DC-04,STANDARD,2026-08-26T00:39:00,2026-08-26T04:39:00,ALLOCATED,ALLOCATED,APAC,SAME_DAY
ORD-104879,SKU-00402,1,DC-03,EXPEDITE,2026-08-26T00:45:00,2026-08-27T00:45:00,PICKING,EXCEPTION,EU,NEXT_DAY
ORD-104880,SKU-00105,1,DC-18,STANDARD,2026-08-26T00:55:00,2026-08-27T00:55:00,SHIPPED,HOLD,EU,SAME_DAY
ORD-104881,SKU-00136,1,DC-13,CRITICAL,2026-08-26T00:56:00,2026-08-26T12:56:00,SHIPPED,HOLD,MEA,STANDARD
ORD-104882,SKU-00986,1,DC-14,STANDARD,2026-08-26T01:08:00,2026-08-26T07:08:00,PICKING,PICKING,EU,SAME_DAY
ORD-104883,SKU-01159,1,DC-18,STANDARD,2026-08-26T01:19:00,2026-08-26T13:19:00,EXCEPTION,HOLD,MEA,SAME_DAY
ORD-104884,SKU-00728,1,DC-07,STANDARD,2026-08-26T01:19:00,2026-08-27T01:19:00,SHIPPED,HOLD,EU,NEXT_DAY
ORD-104885,SKU-00039,1,DC-16,STANDARD,2026-08-26T01:25:00,2026-08-26T13:25:00,ALLOCATED,ALLOCATED,APAC,NEXT_DAY
ORD-104886,SKU-00994,1,DC-08,STANDARD,2026-08-26T01:29:00,2026-08-26T13:29:00,PICKING,PICKING,EU,SAME_DAY
ORD-104887,SKU-00425,1,DC-17,STANDARD,2026-08-26T01:30:00,2026-08-26T09:30:00,ALLOCATED,EXCEPTION,MEA,SAME_DAY
ORD-104888,SKU-01074,1,DC-09,EXPEDITE,2026-08-26T01:36:00,2026-08-26T13:36:00,STAGED,STAGED,APAC,NEXT_DAY
ORD-104889,SKU-00080,1,DC-10,STANDARD,2026-08-26T01:42:00,2026-08-26T07:42:00,PACKING,EXCEPTION,MEA,SAME_DAY
ORD-104890,SKU-00045,1,DC-09,STANDARD,2026-08-26T01:45:00,2026-08-26T07:45:00,PICKING,PICKING,EU,SAME_DAY
ORD-104891,SKU-00204,1,DC-17,EXPEDITE,2026-08-26T02:02:00,2026-08-27T02:02:00,SHIPPED,SHIPPED,EU,SAME_DAY
ORD-104892,SKU-00897,1,DC-10,STANDARD,2026-08-26T02:03:00,2026-08-26T10:03:00,ALLOCATED,ALLOCATED,LATAM,STANDARD
ORD-104893,SKU-00449,1,DC-15,STANDARD,2026-08-26T02:13:00,2026-08-27T02:13:00,SHIPPED,EXCEPTION,MEA,NEXT_DAY
ORD-104894,SKU-00334,1,DC-13,STANDARD,2026-08-26T02:19:00,2026-08-26T10:19:00,ALLOCATED,ALLOCATED,LATAM,NEXT_DAY
ORD-104895,SKU-00274,1,DC-03,STANDARD,2026-08-26T02:22:00,2026-08-27T02:22:00,PACKING,HOLD,LATAM,SAME_DAY
ORD-104896,SKU-00654,1,DC-16,STANDARD,2026-08-26T02:27:00,2026-08-26T14:27:00,ALLOCATED,HOLD,EU,STANDARD
ORD-104897,SKU-00303,1,DC-07,STANDARD,2026-08-26T02:30:00,2026-08-26T06:30:00,STAGED,HOLD,APAC,STANDARD
ORD-104898,SKU-00231,1,DC-05,EXPEDITE,2026-08-26T02:33:00,2026-08-26T10:33:00,PACKING,PACKING,MEA,SAME_DAY
ORD-104899,SKU-00066,1,DC-16,CRITICAL,2026-08-26T02:38:00,2026-08-26T06:38:00,STAGED,STAGED,APAC,SAME_DAY
ORD-104900,SKU-00376,1,DC-12,STANDARD,2026-08-26T02:48:00,2026-08-27T02:48:00,PACKING,HOLD,APAC,SAME_DAY
ORD-104901,SKU-00078,1,DC-10,CRITICAL,2026-08-26T02:48:00,2026-08-26T10:48:00,EXCEPTION,EXCEPTION,MEA,NEXT_DAY
ORD-104902,SKU-00554,1,DC-11,STANDARD,2026-08-26T02:55:00,2026-08-26T10:55:00,PICKING,EXCEPTION,LATAM,NEXT_DAY
ORD-104903,SKU-00072,1,DC-07,STANDARD,2026-08-26T02:57:00,2026-08-26T08:57:00,STAGED,STAGED,APAC,SAME_DAY
ORD-104904,SKU-00527,1,DC-17,STANDARD,2026-08-26T02:59:00,2026-08-26T10:59:00,PACKING,PACKING,LATAM,STANDARD
ORD-104905,SKU-01163,1,DC-12,STANDARD,2026-08-26T03:05:00,2026-08-26T11:05:00,EXCEPTION,EXCEPTION,LATAM,NEXT_DAY
ORD-104906,SKU-01005,1,DC-07,STANDARD,2026-08-26T03:07:00,2026-08-26T07:07:00,PACKING,HOLD,MEA,SAME_DAY
ORD-104907,SKU-00957,1,DC-02,STANDARD,2026-08-26T03:10:00,2026-08-26T09:10:00,SHIPPED,SHIPPED,EU,STANDARD
ORD-104908,SKU-00736,1,DC-13,EXPEDITE,2026-08-26T03:14:00,2026-08-26T07:14:00,PICKING,PICKING,LATAM,STANDARD
ORD-104909,SKU-00143,1,DC-04,EXPEDITE,2026-08-26T03:29:00,2026-08-27T03:29:00,SHIPPED,SHIPPED,EU,STANDARD
ORD-104910,SKU-00971,1,DC-06,STANDARD,2026-08-26T03:45:00,2026-08-26T07:45:00,SHIPPED,SHIPPED,APAC,STANDARD
ORD-104911,SKU-00803,1,DC-08,EXPEDITE,2026-08-26T03:54:00,2026-08-26T11:54:00,PACKING,EXCEPTION,LATAM,NEXT_DAY
ORD-104912,SKU-00397,1,DC-06,CRITICAL,2026-08-26T04:01:00,2026-08-26T16:01:00,PACKING,PACKING,APAC,SAME_DAY
ORD-104913,SKU-00277,1,DC-06,STANDARD,2026-08-26T04:09:00,2026-08-26T10:09:00,PACKING,PACKING,MEA,STANDARD
ORD-104914,SKU-00424,1,DC-13,STANDARD,2026-08-26T04:24:00,2026-08-26T10:24:00,STAGED,EXCEPTION,EU,STANDARD
ORD-104915,SKU-01006,1,DC-07,STANDARD,2026-08-26T04:31:00,2026-08-26T10:31:00,PACKING,PACKING,EU,STANDARD
ORD-104916,SKU-00856,1,DC-12,STANDARD,2026-08-26T04:31:00,2026-08-27T04:31:00,EXCEPTION,EXCEPTION,MEA,SAME_DAY
ORD-104917,SKU-00313,1,DC-17,STANDARD,2026-08-26T04:35:00,2026-08-26T08:35:00,PICKING,EXCEPTION,EU,NEXT_DAY
ORD-104918,SKU-00695,1,DC-03,STANDARD,2026-08-26T04:36:00,2026-08-26T12:36:00,RELEASED,RELEASED,MEA,STANDARD
ORD-104919,SKU-00428,1,DC-01,STANDARD,2026-08-26T04:44:00,2026-08-26T16:44:00,PICKING,PICKING,MEA,NEXT_DAY
ORD-104920,SKU-00628,1,DC-17,STANDARD,2026-08-26T04:53:00,2026-08-26T10:53:00,EXCEPTION,HOLD,LATAM,NEXT_DAY
ORD-104921,SKU-00814,1,DC-02,STANDARD,2026-08-26T04:57:00,2026-08-27T04:57:00,RELEASED,RELEASED,APAC,NEXT_DAY
ORD-104922,SKU-01023,1,DC-04,STANDARD,2026-08-26T04:58:00,2026-08-27T04:58:00,SHIPPED,SHIPPED,MEA,STANDARD
ORD-104923,SKU-00634,1,DC-15,STANDARD,2026-08-26T05:01:00,2026-08-26T11:01:00,STAGED,EXCEPTION,MEA,SAME_DAY
ORD-104924,SKU-00645,1,DC-08,STANDARD,2026-08-26T05:09:00,2026-08-26T11:09:00,STAGED,HOLD,EU,SAME_DAY
ORD-104925,SKU-00484,1,DC-10,STANDARD,2026-08-26T05:37:00,2026-08-26T17:37:00,EXCEPTION,HOLD,EU,SAME_DAY
ORD-104926,SKU-01172,1,DC-05,CRITICAL,2026-08-26T05:42:00,2026-08-26T17:42:00,ALLOCATED,HOLD,EU,STANDARD
ORD-104927,SKU-00502,1,DC-14,STANDARD,2026-08-26T05:52:00,2026-08-26T11:52:00,RELEASED,HOLD,LATAM,NEXT_DAY
ORD-104928,SKU-00807,1,DC-13,STANDARD,2026-08-26T06:10:00,2026-08-26T10:10:00,RELEASED,RELEASED,APAC,NEXT_DAY
ORD-104929,SKU-00987,1,DC-04,STANDARD,2026-08-26T06:21:00,2026-08-26T12:21:00,PICKING,HOLD,EU,STANDARD
ORD-104930,SKU-00543,1,DC-12,EXPEDITE,2026-08-26T06:28:00,2026-08-26T10:28:00,EXCEPTION,EXCEPTION,LATAM,NEXT_DAY
ORD-104931,SKU-01114,1,DC-14,EXPEDITE,2026-08-26T06:29:00,2026-08-26T12:29:00,RELEASED,RELEASED,EU,SAME_DAY
ORD-104932,SKU-00516,1,DC-17,STANDARD,2026-08-26T06:35:00,2026-08-26T10:35:00,EXCEPTION,EXCEPTION,LATAM,STANDARD
ORD-104933,SKU-00701,1,DC-02,STANDARD,2026-08-26T06:39:00,2026-08-26T10:39:00,PACKING,HOLD,APAC,SAME_DAY
ORD-104934,SKU-00207,1,DC-14,STANDARD,2026-08-26T06:43:00,2026-08-26T18:43:00,PICKING,HOLD,APAC,STANDARD
ORD-104935,SKU-00609,1,DC-11,STANDARD,2026-08-26T06:45:00,2026-08-26T10:45:00,ALLOCATED,ALLOCATED,EU,STANDARD
ORD-104936,SKU-00805,1,DC-17,CRITICAL,2026-08-26T06:56:00,2026-08-26T18:56:00,EXCEPTION,EXCEPTION,MEA,STANDARD
ORD-104937,SKU-00085,1,DC-12,STANDARD,2026-08-26T07:08:00,2026-08-26T15:08:00,PACKING,PACKING,EU,SAME_DAY
ORD-104938,SKU-00985,1,DC-06,STANDARD,2026-08-26T07:10:00,2026-08-26T15:10:00,PACKING,PACKING,LATAM,SAME_DAY
ORD-104939,SKU-00143,1,DC-01,STANDARD,2026-08-26T07:11:00,2026-08-26T13:11:00,PACKING,PACKING,MEA,STANDARD
ORD-104940,SKU-00888,1,DC-18,STANDARD,2026-08-26T07:11:00,2026-08-26T15:11:00,STAGED,HOLD,MEA,SAME_DAY
ORD-104941,SKU-00196,1,DC-17,EXPEDITE,2026-08-26T07:18:00,2026-08-26T11:18:00,EXCEPTION,EXCEPTION,APAC,STANDARD
ORD-104942,SKU-00193,1,DC-14,STANDARD,2026-08-26T07:21:00,2026-08-26T13:21:00,SHIPPED,SHIPPED,MEA,SAME_DAY
ORD-104943,SKU-00381,1,DC-18,CRITICAL,2026-08-26T07:22:00,2026-08-26T15:22:00,PICKING,HOLD,EU,STANDARD
ORD-104944,SKU-00722,1,DC-03,STANDARD,2026-08-26T07:29:00,2026-08-27T07:29:00,EXCEPTION,EXCEPTION,LATAM,SAME_DAY
ORD-104945,SKU-00194,1,DC-01,STANDARD,2026-08-26T07:30:00,2026-08-26T11:30:00,EXCEPTION,HOLD,MEA,STANDARD
ORD-104946,SKU-00423,1,DC-12,STANDARD,2026-08-26T07:39:00,2026-08-26T19:39:00,RELEASED,RELEASED,EU,SAME_DAY
ORD-104947,SKU-00295,1,DC-15,STANDARD,2026-08-26T07:50:00,2026-08-26T13:50:00,PACKING,PACKING,MEA,NEXT_DAY
ORD-104948,SKU-00058,1,DC-04,STANDARD,2026-08-26T07:51:00,2026-08-26T15:51:00,ALLOCATED,ALLOCATED,APAC,SAME_DAY
ORD-104949,SKU-00788,1,DC-18,STANDARD,2026-08-26T07:54:00,2026-08-26T19:54:00,PACKING,HOLD,LATAM,SAME_DAY
ORD-104950,SKU-01039,1,DC-18,EXPEDITE,2026-08-26T07:55:00,2026-08-27T07:55:00,EXCEPTION,EXCEPTION,MEA,STANDARD
ORD-104951,SKU-00774,1,DC-03,STANDARD,2026-08-26T08:06:00,2026-08-26T16:06:00,ALLOCATED,HOLD,LATAM,SAME_DAY
ORD-104952,SKU-01036,1,DC-10,STANDARD,2026-08-26T08:18:00,2026-08-26T20:18:00,RELEASED,EXCEPTION,LATAM,NEXT_DAY
ORD-104953,SKU-00996,1,DC-03,STANDARD,2026-08-26T08:18:00,2026-08-27T08:18:00,SHIPPED,HOLD,APAC,STANDARD
ORD-104954,SKU-00237,1,DC-09,STANDARD,2026-08-26T08:20:00,2026-08-26T12:20:00,PACKING,PACKING,EU,SAME_DAY
ORD-104955,SKU-00696,1,DC-14,CRITICAL,2026-08-26T08:24:00,2026-08-26T20:24:00,STAGED,HOLD,EU,SAME_DAY
ORD-104956,SKU-00176,1,DC-01,STANDARD,2026-08-26T08:32:00,2026-08-26T12:32:00,STAGED,STAGED,LATAM,STANDARD
ORD-104957,SKU-00595,1,DC-17,EXPEDITE,2026-08-26T08:32:00,2026-08-27T08:32:00,PACKING,EXCEPTION,MEA,NEXT_DAY
ORD-104958,SKU-00901,1,DC-15,STANDARD,2026-08-26T08:50:00,2026-08-26T20:50:00,PICKING,PICKING,APAC,SAME_DAY
ORD-104959,SKU-01181,1,DC-13,EXPEDITE,2026-08-26T08:50:00,2026-08-27T08:50:00,RELEASED,RELEASED,LATAM,STANDARD
ORD-104960,SKU-00106,1,DC-01,EXPEDITE,2026-08-26T08:58:00,2026-08-26T20:58:00,PICKING,HOLD,EU,STANDARD
ORD-104961,SKU-00296,1,DC-06,CRITICAL,2026-08-26T09:00:00,2026-08-27T09:00:00,ALLOCATED,ALLOCATED,MEA,SAME_DAY
ORD-104962,SKU-01024,1,DC-13,STANDARD,2026-08-26T09:02:00,2026-08-27T09:02:00,PACKING,EXCEPTION,EU,SAME_DAY
ORD-104963,SKU-01178,1,DC-05,STANDARD,2026-08-26T09:11:00,2026-08-26T21:11:00,STAGED,HOLD,LATAM,NEXT_DAY
ORD-104964,SKU-01004,1,DC-01,STANDARD,2026-08-26T09:23:00,2026-08-26T21:23:00,STAGED,STAGED,LATAM,SAME_DAY
ORD-104965,SKU-00040,1,DC-11,STANDARD,2026-08-26T09:27:00,2026-08-26T21:27:00,RELEASED,HOLD,MEA,STANDARD
ORD-104966,SKU-00624,1,DC-13,STANDARD,2026-08-26T09:30:00,2026-08-26T13:30:00,STAGED,STAGED,LATAM,STANDARD
ORD-104967,SKU-00117,1,DC-02,CRITICAL,2026-08-26T09:41:00,2026-08-27T09:41:00,EXCEPTION,EXCEPTION,APAC,NEXT_DAY
ORD-104968,SKU-00641,1,DC-04,STANDARD,2026-08-26T09:45:00,2026-08-26T17:45:00,ALLOCATED,ALLOCATED,EU,STANDARD
ORD-104969,SKU-00864,1,DC-02,CRITICAL,2026-08-26T09:59:00,2026-08-26T13:59:00,SHIPPED,SHIPPED,LATAM,STANDARD
ORD-104970,SKU-00011,1,DC-14,STANDARD,2026-08-26T10:01:00,2026-08-26T14:01:00,PACKING,PACKING,LATAM,SAME_DAY
ORD-104971,SKU-00424,1,DC-11,EXPEDITE,2026-08-26T10:05:00,2026-08-26T14:05:00,PICKING,HOLD,LATAM,STANDARD
ORD-104972,SKU-00844,1,DC-08,STANDARD,2026-08-26T10:08:00,2026-08-26T14:08:00,STAGED,STAGED,MEA,NEXT_DAY
ORD-104973,SKU-00838,1,DC-11,STANDARD,2026-08-26T10:17:00,2026-08-26T18:17:00,RELEASED,EXCEPTION,MEA,SAME_DAY
ORD-104974,SKU-00159,1,DC-04,CRITICAL,2026-08-26T10:33:00,2026-08-26T22:33:00,EXCEPTION,EXCEPTION,APAC,STANDARD
ORD-104975,SKU-00678,1,DC-05,STANDARD,2026-08-26T10:38:00,2026-08-27T10:38:00,PICKING,HOLD,APAC,NEXT_DAY
ORD-104976,SKU-00245,1,DC-14,EXPEDITE,2026-08-26T10:49:00,2026-08-27T10:49:00,ALLOCATED,ALLOCATED,APAC,STANDARD
ORD-104977,SKU-00493,1,DC-07,STANDARD,2026-08-26T10:50:00,2026-08-26T16:50:00,SHIPPED,SHIPPED,APAC,NEXT_DAY
ORD-104978,SKU-00209,1,DC-13,STANDARD,2026-08-26T11:22:00,2026-08-26T23:22:00,SHIPPED,SHIPPED,EU,SAME_DAY
ORD-104979,SKU-00748,1,DC-10,CRITICAL,2026-08-26T11:27:00,2026-08-26T15:27:00,EXCEPTION,EXCEPTION,MEA,SAME_DAY
ORD-104980,SKU-00018,1,DC-10,STANDARD,2026-08-26T11:28:00,2026-08-26T15:28:00,PICKING,PICKING,LATAM,SAME_DAY
ORD-104981,SKU-00578,1,DC-02,EXPEDITE,2026-08-26T11:31:00,2026-08-26T15:31:00,ALLOCATED,ALLOCATED,LATAM,NEXT_DAY
ORD-104982,SKU-00904,1,DC-05,STANDARD,2026-08-26T11:38:00,2026-08-26T19:38:00,RELEASED,HOLD,LATAM,SAME_DAY
ORD-104983,SKU-00412,1,DC-09,EXPEDITE,2026-08-26T11:52:00,2026-08-26T15:52:00,PICKING,PICKING,MEA,SAME_DAY
ORD-104984,SKU-01010,1,DC-18,STANDARD,2026-08-26T12:21:00,2026-08-26T16:21:00,PACKING,EXCEPTION,MEA,SAME_DAY
ORD-104985,SKU-00616,1,DC-06,STANDARD,2026-08-26T12:23:00,2026-08-26T16:23:00,RELEASED,RELEASED,LATAM,STANDARD
ORD-104986,SKU-00698,1,DC-07,STANDARD,2026-08-26T12:29:00,2026-08-26T16:29:00,PACKING,HOLD,APAC,SAME_DAY
ORD-104987,SKU-00742,1,DC-04,STANDARD,2026-08-26T12:32:00,2026-08-27T00:32:00,RELEASED,RELEASED,APAC,STANDARD
ORD-104988,SKU-00114,1,DC-15,STANDARD,2026-08-26T12:57:00,2026-08-27T12:57:00,PICKING,PICKING,LATAM,STANDARD
ORD-104989,SKU-01154,1,DC-04,STANDARD,2026-08-26T13:00:00,2026-08-26T17:00:00,ALLOCATED,EXCEPTION,APAC,SAME_DAY
ORD-104990,SKU-00735,1,DC-01,STANDARD,2026-08-26T13:05:00,2026-08-27T01:05:00,PICKING,EXCEPTION,APAC,SAME_DAY
ORD-104991,SKU-00469,1,DC-02,STANDARD,2026-08-26T13:12:00,2026-08-27T13:12:00,SHIPPED,SHIPPED,LATAM,STANDARD
ORD-104992,SKU-00017,1,DC-06,STANDARD,2026-08-26T13:15:00,2026-08-27T13:15:00,ALLOCATED,ALLOCATED,EU,STANDARD
ORD-104993,SKU-01177,1,DC-17,STANDARD,2026-08-26T13:18:00,2026-08-27T13:18:00,RELEASED,RELEASED,LATAM,STANDARD
ORD-104994,SKU-00610,1,DC-09,STANDARD,2026-08-26T13:18:00,2026-08-27T01:18:00,STAGED,STAGED,EU,STANDARD
ORD-104995,SKU-00177,1,DC-16,STANDARD,2026-08-26T13:31:00,2026-08-27T01:31:00,PACKING,PACKING,EU,SAME_DAY
ORD-104996,SKU-00220,1,DC-08,STANDARD,2026-08-26T13:36:00,2026-08-26T19:36:00,SHIPPED,EXCEPTION,APAC,STANDARD
ORD-104997,SKU-00874,1,DC-16,STANDARD,2026-08-26T13:37:00,2026-08-26T19:37:00,EXCEPTION,EXCEPTION,APAC,NEXT_DAY
ORD-104998,SKU-01073,1,DC-17,STANDARD,2026-08-26T13:40:00,2026-08-27T01:40:00,SHIPPED,EXCEPTION,EU,STANDARD
ORD-104999,SKU-01159,1,DC-18,EXPEDITE,2026-08-26T13:47:00,2026-08-27T01:47:00,PACKING,HOLD,MEA,STANDARD
ORD-105000,SKU-00488,1,DC-15,STANDARD,2026-08-26T13:55:00,2026-08-26T19:55:00,SHIPPED,SHIPPED,MEA,NEXT_DAY
ORD-105001,SKU-01049,1,DC-03,EXPEDITE,2026-08-26T14:04:00,2026-08-27T14:04:00,PICKING,PICKING,APAC,SAME_DAY
ORD-105002,SKU-00404,1,DC-11,STANDARD,2026-08-26T14:11:00,2026-08-27T02:11:00,STAGED,STAGED,EU,STANDARD
ORD-105003,SKU-00418,1,DC-08,STANDARD,2026-08-26T14:11:00,2026-08-27T02:11:00,PACKING,EXCEPTION,APAC,NEXT_DAY
ORD-105004,SKU-00796,1,DC-17,EXPEDITE,2026-08-26T14:13:00,2026-08-27T02:13:00,RELEASED,RELEASED,EU,STANDARD
ORD-105005,SKU-00800,1,DC-08,EXPEDITE,2026-08-26T14:14:00,2026-08-26T22:14:00,PACKING,PACKING,LATAM,NEXT_DAY
ORD-105006,SKU-00304,1,DC-16,STANDARD,2026-08-26T14:22:00,2026-08-27T14:22:00,EXCEPTION,EXCEPTION,EU,STANDARD
ORD-105007,SKU-00117,1,DC-01,STANDARD,2026-08-26T14:25:00,2026-08-26T20:25:00,PACKING,PACKING,EU,NEXT_DAY
ORD-105008,SKU-00958,1,DC-18,STANDARD,2026-08-26T14:37:00,2026-08-26T18:37:00,PACKING,PACKING,MEA,STANDARD
ORD-105009,SKU-00517,1,DC-07,STANDARD,2026-08-26T14:38:00,2026-08-27T02:38:00,PICKING,EXCEPTION,EU,NEXT_DAY
ORD-105010,SKU-01120,1,DC-14,EXPEDITE,2026-08-26T14:59:00,2026-08-27T02:59:00,PACKING,PACKING,LATAM,SAME_DAY
ORD-105011,SKU-00264,1,DC-07,STANDARD,2026-08-26T15:23:00,2026-08-27T03:23:00,SHIPPED,SHIPPED,EU,STANDARD
ORD-105012,SKU-00112,1,DC-04,STANDARD,2026-08-26T15:23:00,2026-08-26T23:23:00,STAGED,HOLD,EU,NEXT_DAY
ORD-105013,SKU-00305,1,DC-06,STANDARD,2026-08-26T15:28:00,2026-08-26T21:28:00,STAGED,HOLD,LATAM,SAME_DAY
ORD-105014,SKU-00582,1,DC-15,STANDARD,2026-08-26T15:28:00,2026-08-27T03:28:00,ALLOCATED,ALLOCATED,APAC,NEXT_DAY
ORD-105015,SKU-00319,1,DC-13,STANDARD,2026-08-26T15:55:00,2026-08-26T19:55:00,RELEASED,HOLD,APAC,SAME_DAY
ORD-105016,SKU-00305,1,DC-13,EXPEDITE,2026-08-26T16:02:00,2026-08-27T04:02:00,RELEASED,RELEASED,LATAM,NEXT_DAY
ORD-105017,SKU-00213,1,DC-10,STANDARD,2026-08-26T16:07:00,2026-08-27T00:07:00,RELEASED,EXCEPTION,LATAM,SAME_DAY
ORD-105018,SKU-00172,1,DC-17,EXPEDITE,2026-08-26T16:10:00,2026-08-27T00:10:00,STAGED,STAGED,LATAM,NEXT_DAY
ORD-105019,SKU-00626,1,DC-06,STANDARD,2026-08-26T16:21:00,2026-08-26T20:21:00,PICKING,PICKING,APAC,SAME_DAY
ORD-105020,SKU-00787,1,DC-08,STANDARD,2026-08-26T16:29:00,2026-08-27T04:29:00,PICKING,PICKING,MEA,STANDARD
ORD-105021,SKU-01032,1,DC-09,STANDARD,2026-08-26T16:36:00,2026-08-27T00:36:00,ALLOCATED,ALLOCATED,EU,STANDARD
ORD-105022,SKU-00939,1,DC-14,STANDARD,2026-08-26T16:42:00,2026-08-26T20:42:00,SHIPPED,SHIPPED,MEA,NEXT_DAY
ORD-105023,SKU-00865,1,DC-02,EXPEDITE,2026-08-26T16:52:00,2026-08-27T00:52:00,RELEASED,RELEASED,APAC,NEXT_DAY
ORD-105024,SKU-00350,1,DC-04,STANDARD,2026-08-26T16:54:00,2026-08-27T04:54:00,ALLOCATED,EXCEPTION,LATAM,NEXT_DAY
ORD-105025,SKU-00270,1,DC-12,STANDARD,2026-08-26T16:54:00,2026-08-26T22:54:00,PACKING,HOLD,APAC,STANDARD
ORD-105026,SKU-00467,1,DC-11,STANDARD,2026-08-26T17:01:00,2026-08-27T17:01:00,PACKING,PACKING,EU,STANDARD
ORD-105027,SKU-00866,1,DC-05,STANDARD,2026-08-26T17:03:00,2026-08-26T23:03:00,ALLOCATED,ALLOCATED,MEA,SAME_DAY
ORD-105028,SKU-00214,1,DC-10,EXPEDITE,2026-08-26T17:06:00,2026-08-27T05:06:00,ALLOCATED,EXCEPTION,MEA,STANDARD
ORD-105029,SKU-00347,1,DC-04,STANDARD,2026-08-26T17:07:00,2026-08-27T17:07:00,ALLOCATED,HOLD,APAC,SAME_DAY
ORD-105030,SKU-00141,1,DC-16,EXPEDITE,2026-08-26T17:30:00,2026-08-26T23:30:00,ALLOCATED,EXCEPTION,MEA,SAME_DAY
ORD-105031,SKU-00480,1,DC-17,STANDARD,2026-08-26T17:56:00,2026-08-26T21:56:00,RELEASED,EXCEPTION,MEA,STANDARD
ORD-105032,SKU-00545,1,DC-06,STANDARD,2026-08-26T17:56:00,2026-08-26T23:56:00,RELEASED,HOLD,MEA,SAME_DAY
ORD-105033,SKU-00876,1,DC-06,STANDARD,2026-08-26T18:08:00,2026-08-27T02:08:00,SHIPPED,SHIPPED,MEA,SAME_DAY
ORD-105034,SKU-00020,1,DC-15,EXPEDITE,2026-08-26T18:14:00,2026-08-26T22:14:00,STAGED,HOLD,APAC,SAME_DAY
ORD-105035,SKU-00841,1,DC-07,EXPEDITE,2026-08-26T18:27:00,2026-08-27T18:27:00,RELEASED,EXCEPTION,EU,NEXT_DAY
ORD-105036,SKU-00117,1,DC-03,STANDARD,2026-08-26T18:34:00,2026-08-27T06:34:00,PICKING,EXCEPTION,APAC,NEXT_DAY
ORD-105037,SKU-00649,1,DC-15,STANDARD,2026-08-26T18:36:00,2026-08-26T22:36:00,STAGED,STAGED,LATAM,SAME_DAY
ORD-105038,SKU-00370,1,DC-02,STANDARD,2026-08-26T18:38:00,2026-08-27T06:38:00,ALLOCATED,ALLOCATED,MEA,STANDARD
ORD-105039,SKU-00920,1,DC-04,STANDARD,2026-08-26T18:53:00,2026-08-27T06:53:00,SHIPPED,SHIPPED,EU,NEXT_DAY
ORD-105040,SKU-00834,1,DC-12,STANDARD,2026-08-26T19:08:00,2026-08-26T23:08:00,SHIPPED,SHIPPED,EU,SAME_DAY
ORD-105041,SKU-00571,1,DC-01,STANDARD,2026-08-26T19:21:00,2026-08-27T01:21:00,SHIPPED,SHIPPED,LATAM,NEXT_DAY
ORD-105042,SKU-00589,1,DC-15,STANDARD,2026-08-26T19:23:00,2026-08-27T01:23:00,PACKING,EXCEPTION,EU,NEXT_DAY
ORD-105043,SKU-00631,1,DC-13,STANDARD,2026-08-26T19:32:00,2026-08-27T07:32:00,PICKING,PICKING,EU,SAME_DAY
ORD-105044,SKU-00177,1,DC-09,STANDARD,2026-08-26T19:38:00,2026-08-27T19:38:00,PACKING,EXCEPTION,MEA,NEXT_DAY
ORD-105045,SKU-00280,1,DC-15,EXPEDITE,2026-08-26T20:01:00,2026-08-27T02:01:00,STAGED,EXCEPTION,APAC,SAME_DAY
ORD-105046,SKU-00534,1,DC-15,STANDARD,2026-08-26T20:20:00,2026-08-27T00:20:00,PICKING,EXCEPTION,APAC,STANDARD
ORD-105047,SKU-00026,1,DC-11,CRITICAL,2026-08-26T20:32:00,2026-08-27T02:32:00,RELEASED,EXCEPTION,MEA,STANDARD
ORD-105048,SKU-01184,1,DC-11,STANDARD,2026-08-26T20:42:00,2026-08-27T02:42:00,ALLOCATED,ALLOCATED,LATAM,SAME_DAY
ORD-105049,SKU-00024,1,DC-17,STANDARD,2026-08-26T20:42:00,2026-08-27T00:42:00,RELEASED,RELEASED,MEA,NEXT_DAY
ORD-105050,SKU-00600,1,DC-11,STANDARD,2026-08-26T20:52:00,2026-08-27T00:52:00,ALLOCATED,ALLOCATED,EU,NEXT_DAY
ORD-105051,SKU-00880,1,DC-13,STANDARD,2026-08-26T20:56:00,2026-08-27T08:56:00,ALLOCATED,EXCEPTION,EU,SAME_DAY
ORD-105052,SKU-01079,1,DC-18,STANDARD,2026-08-26T20:58:00,2026-08-27T02:58:00,PICKING,PICKING,MEA,NEXT_DAY
ORD-105053,SKU-00244,1,DC-13,STANDARD,2026-08-26T20:59:00,2026-08-27T20:59:00,SHIPPED,SHIPPED,APAC,NEXT_DAY
ORD-105054,SKU-00242,1,DC-16,CRITICAL,2026-08-26T21:00:00,2026-08-27T05:00:00,RELEASED,EXCEPTION,MEA,SAME_DAY
ORD-105055,SKU-00450,1,DC-14,STANDARD,2026-08-26T21:04:00,2026-08-27T01:04:00,PICKING,EXCEPTION,MEA,STANDARD
ORD-105056,SKU-00616,1,DC-09,CRITICAL,2026-08-26T21:18:00,2026-08-27T01:18:00,PACKING,EXCEPTION,APAC,NEXT_DAY
ORD-105057,SKU-00492,1,DC-14,STANDARD,2026-08-26T21:22:00,2026-08-27T01:22:00,EXCEPTION,EXCEPTION,APAC,SAME_DAY
ORD-105058,SKU-00420,1,DC-05,STANDARD,2026-08-26T21:35:00,2026-08-27T21:35:00,RELEASED,RELEASED,LATAM,NEXT_DAY
ORD-105059,SKU-01188,1,DC-06,STANDARD,2026-08-26T21:40:00,2026-08-27T01:40:00,SHIPPED,SHIPPED,MEA,SAME_DAY
ORD-105060,SKU-00462,1,DC-17,EXPEDITE,2026-08-26T21:41:00,2026-08-27T03:41:00,PICKING,HOLD,APAC,STANDARD
ORD-105061,SKU-00372,1,DC-12,STANDARD,2026-08-26T21:54:00,2026-08-27T03:54:00,STAGED,STAGED,APAC,STANDARD
ORD-105062,SKU-00378,1,DC-12,CRITICAL,2026-08-26T21:55:00,2026-08-27T03:55:00,RELEASED,HOLD,MEA,STANDARD
ORD-105063,SKU-01050,1,DC-11,STANDARD,2026-08-26T21:58:00,2026-08-27T05:58:00,RELEASED,HOLD,APAC,STANDARD
ORD-105064,SKU-00886,1,DC-17,EXPEDITE,2026-08-26T22:01:00,2026-08-27T22:01:00,RELEASED,EXCEPTION,EU,NEXT_DAY
ORD-105065,SKU-00914,1,DC-04,STANDARD,2026-08-26T22:09:00,2026-08-27T06:09:00,EXCEPTION,EXCEPTION,APAC,SAME_DAY
ORD-105066,SKU-01165,1,DC-10,STANDARD,2026-08-26T22:29:00,2026-08-27T02:29:00,EXCEPTION,EXCEPTION,EU,STANDARD
ORD-105067,SKU-00113,1,DC-11,STANDARD,2026-08-26T22:35:00,2026-08-27T02:35:00,ALLOCATED,EXCEPTION,LATAM,SAME_DAY
ORD-105068,SKU-00374,1,DC-17,STANDARD,2026-08-26T22:38:00,2026-08-27T22:38:00,PACKING,PACKING,EU,SAME_DAY
ORD-105069,SKU-00644,1,DC-12,STANDARD,2026-08-26T22:41:00,2026-08-27T10:41:00,STAGED,STAGED,LATAM,STANDARD
ORD-105070,SKU-00897,1,DC-10,STANDARD,2026-08-26T22:59:00,2026-08-27T02:59:00,ALLOCATED,ALLOCATED,APAC,STANDARD
ORD-105071,SKU-00222,1,DC-06,STANDARD,2026-08-26T23:05:00,2026-08-27T05:05:00,EXCEPTION,EXCEPTION,MEA,SAME_DAY
ORD-105072,SKU-01063,1,DC-04,STANDARD,2026-08-26T23:07:00,2026-08-27T03:07:00,PICKING,PICKING,MEA,SAME_DAY
ORD-105073,SKU-00681,1,DC-11,STANDARD,2026-08-26T23:11:00,2026-08-27T05:11:00,SHIPPED,SHIPPED,EU,NEXT_DAY
ORD-105074,SKU-00470,1,DC-16,STANDARD,2026-08-26T23:17:00,2026-08-27T23:17:00,EXCEPTION,EXCEPTION,MEA,NEXT_DAY
ORD-105075,SKU-00392,1,DC-02,STANDARD,2026-08-26T23:20:00,2026-08-27T07:20:00,PACKING,PACKING,APAC,SAME_DAY
ORD-105076,SKU-00051,1,DC-11,CRITICAL,2026-08-26T23:26:00,2026-08-27T05:26:00,STAGED,HOLD,EU,SAME_DAY
ORD-105077,SKU-00879,1,DC-15,CRITICAL,2026-08-26T23:30:00,2026-08-27T11:30:00,PACKING,PACKING,LATAM,SAME_DAY
ORD-105078,SKU-00952,1,DC-13,STANDARD,2026-08-26T23:41:00,2026-08-27T03:41:00,SHIPPED,EXCEPTION,EU,STANDARD
ORD-105079,SKU-00136,1,DC-11,CRITICAL,2026-08-26T23:44:00,2026-08-27T03:44:00,RELEASED,HOLD,APAC,STANDARD
ORD-105080,SKU-00628,1,DC-14,STANDARD,2026-08-26T23:46:00,2026-08-27T05:46:00,PICKING,HOLD,EU,STANDARD
ORD-105081,SKU-00941,1,DC-16,STANDARD,2026-08-26T23:49:00,2026-08-27T07:49:00,PACKING,PACKING,APAC,STANDARD
ORD-105082,SKU-00770,1,DC-16,STANDARD,2026-08-26T23:50:00,2026-08-27T05:50:00,SHIPPED,SHIPPED,APAC,STANDARD
ORD-105083,SKU-00779,1,DC-18,CRITICAL,2026-08-26T23:52:00,2026-08-27T11:52:00,SHIPPED,SHIPPED,MEA,SAME_DAY
ORD-105084,SKU-01029,1,DC-13,STANDARD,2026-08-26T23:53:00,2026-08-27T11:53:00,SHIPPED,SHIPPED,EU,STANDARD
ORD-105085,SKU-00306,1,DC-13,EXPEDITE,2026-08-27T00:03:00,2026-08-27T12:03:00,PICKING,PICKING,LATAM,STANDARD
ORD-105086,SKU-01047,1,DC-11,EXPEDITE,2026-08-27T00:10:00,2026-08-27T04:10:00,PACKING,HOLD,APAC,SAME_DAY
ORD-105087,SKU-00609,1,DC-01,STANDARD,2026-08-27T00:14:00,2026-08-27T12:14:00,PICKING,PICKING,LATAM,SAME_DAY
ORD-105088,SKU-00139,1,DC-16,STANDARD,2026-08-27T00:15:00,2026-08-28T00:15:00,PICKING,PICKING,MEA,STANDARD
ORD-105089,SKU-00656,1,DC-06,STANDARD,2026-08-27T00:17:00,2026-08-27T06:17:00,STAGED,STAGED,LATAM,NEXT_DAY
ORD-105090,SKU-00687,1,DC-16,STANDARD,2026-08-27T00:23:00,2026-08-27T04:23:00,EXCEPTION,EXCEPTION,EU,SAME_DAY
ORD-105091,SKU-00405,1,DC-10,STANDARD,2026-08-27T00:26:00,2026-08-27T04:26:00,SHIPPED,SHIPPED,APAC,SAME_DAY
ORD-105092,SKU-01154,1,DC-10,STANDARD,2026-08-27T00:26:00,2026-08-27T06:26:00,SHIPPED,EXCEPTION,APAC,NEXT_DAY
ORD-105093,SKU-01070,1,DC-18,STANDARD,2026-08-27T00:28:00,2026-08-27T12:28:00,STAGED,STAGED,EU,STANDARD
ORD-105094,SKU-00645,1,DC-16,STANDARD,2026-08-27T00:29:00,2026-08-27T06:29:00,STAGED,EXCEPTION,APAC,SAME_DAY
ORD-105095,SKU-00781,1,DC-10,STANDARD,2026-08-27T00:33:00,2026-08-27T08:33:00,RELEASED,RELEASED,LATAM,STANDARD
ORD-105096,SKU-00454,1,DC-14,STANDARD,2026-08-27T00:41:00,2026-08-27T12:41:00,STAGED,STAGED,APAC,STANDARD
ORD-105097,SKU-01192,1,DC-18,STANDARD,2026-08-27T00:43:00,2026-08-27T06:43:00,PICKING,EXCEPTION,EU,STANDARD
ORD-105098,SKU-00123,1,DC-05,STANDARD,2026-08-27T00:44:00,2026-08-27T08:44:00,STAGED,STAGED,LATAM,SAME_DAY
ORD-105099,SKU-00976,1,DC-14,STANDARD,2026-08-27T00:58:00,2026-08-27T12:58:00,EXCEPTION,HOLD,APAC,SAME_DAY
ORD-105100,SKU-00905,1,DC-10,CRITICAL,2026-08-27T00:59:00,2026-08-27T12:59:00,PICKING,HOLD,APAC,NEXT_DAY
ORD-105101,SKU-00169,1,DC-14,STANDARD,2026-08-27T01:10:00,2026-08-27T09:10:00,STAGED,STAGED,MEA,SAME_DAY
ORD-105102,SKU-00655,1,DC-06,STANDARD,2026-08-27T01:13:00,2026-08-27T09:13:00,PACKING,PACKING,EU,NEXT_DAY
ORD-105103,SKU-00087,1,DC-06,EXPEDITE,2026-08-27T01:18:00,2026-08-27T05:18:00,STAGED,STAGED,MEA,STANDARD
ORD-105104,SKU-00476,1,DC-17,STANDARD,2026-08-27T01:22:00,2026-08-27T05:22:00,SHIPPED,SHIPPED,LATAM,STANDARD
ORD-105105,SKU-00412,1,DC-17,EXPEDITE,2026-08-27T01:29:00,2026-08-28T01:29:00,SHIPPED,SHIPPED,EU,SAME_DAY
ORD-105106,SKU-00747,1,DC-16,STANDARD,2026-08-27T01:33:00,2026-08-27T09:33:00,PICKING,PICKING,APAC,NEXT_DAY
ORD-105107,SKU-00548,1,DC-03,EXPEDITE,2026-08-27T01:35:00,2026-08-27T09:35:00,EXCEPTION,HOLD,MEA,STANDARD
ORD-105108,SKU-00986,1,DC-16,CRITICAL,2026-08-27T01:51:00,2026-08-27T09:51:00,STAGED,HOLD,MEA,NEXT_DAY
ORD-105109,SKU-01145,1,DC-01,STANDARD,2026-08-27T01:53:00,2026-08-27T13:53:00,SHIPPED,EXCEPTION,EU,STANDARD
ORD-105110,SKU-00434,1,DC-02,STANDARD,2026-08-27T01:54:00,2026-08-27T05:54:00,SHIPPED,EXCEPTION,MEA,NEXT_DAY
ORD-105111,SKU-01057,1,DC-02,EXPEDITE,2026-08-27T01:56:00,2026-08-27T07:56:00,PACKING,PACKING,APAC,SAME_DAY
ORD-105112,SKU-00142,1,DC-08,EXPEDITE,2026-08-27T01:58:00,2026-08-27T05:58:00,RELEASED,HOLD,LATAM,SAME_DAY
ORD-105113,SKU-01094,1,DC-15,EXPEDITE,2026-08-27T02:01:00,2026-08-27T06:01:00,EXCEPTION,EXCEPTION,EU,NEXT_DAY
ORD-105114,SKU-00990,1,DC-04,STANDARD,2026-08-27T02:09:00,2026-08-28T02:09:00,SHIPPED,SHIPPED,EU,NEXT_DAY
ORD-105115,SKU-00161,1,DC-05,EXPEDITE,2026-08-27T02:43:00,2026-08-27T10:43:00,RELEASED,RELEASED,APAC,NEXT_DAY
ORD-105116,SKU-00546,1,DC-15,STANDARD,2026-08-27T02:46:00,2026-08-27T10:46:00,ALLOCATED,ALLOCATED,APAC,SAME_DAY
ORD-105117,SKU-00884,1,DC-14,STANDARD,2026-08-27T02:48:00,2026-08-27T08:48:00,PICKING,EXCEPTION,EU,NEXT_DAY
ORD-105118,SKU-00005,1,DC-11,STANDARD,2026-08-27T02:49:00,2026-08-27T10:49:00,PACKING,EXCEPTION,EU,NEXT_DAY
ORD-105119,SKU-00248,1,DC-01,STANDARD,2026-08-27T02:54:00,2026-08-28T02:54:00,EXCEPTION,EXCEPTION,EU,NEXT_DAY
ORD-105120,SKU-00122,1,DC-05,STANDARD,2026-08-27T02:56:00,2026-08-27T08:56:00,SHIPPED,SHIPPED,EU,NEXT_DAY
ORD-105121,SKU-00196,1,DC-17,STANDARD,2026-08-27T02:58:00,2026-08-27T14:58:00,PACKING,PACKING,MEA,NEXT_DAY
ORD-105122,SKU-00872,1,DC-12,STANDARD,2026-08-27T02:58:00,2026-08-27T08:58:00,PICKING,PICKING,MEA,SAME_DAY
ORD-105123,SKU-01064,1,DC-10,STANDARD,2026-08-27T02:59:00,2026-08-27T08:59:00,RELEASED,HOLD,EU,NEXT_DAY
ORD-105124,SKU-01007,1,DC-11,CRITICAL,2026-08-27T03:04:00,2026-08-27T11:04:00,EXCEPTION,HOLD,APAC,SAME_DAY
ORD-105125,SKU-00789,1,DC-12,STANDARD,2026-08-27T03:22:00,2026-08-27T09:22:00,PICKING,EXCEPTION,EU,NEXT_DAY
ORD-105126,SKU-00548,1,DC-15,STANDARD,2026-08-27T03:27:00,2026-08-27T07:27:00,EXCEPTION,EXCEPTION,LATAM,STANDARD
ORD-105127,SKU-00669,1,DC-06,STANDARD,2026-08-27T03:35:00,2026-08-28T03:35:00,PICKING,PICKING,APAC,SAME_DAY
ORD-105128,SKU-00741,1,DC-05,STANDARD,2026-08-27T03:39:00,2026-08-27T15:39:00,PICKING,HOLD,APAC,SAME_DAY
ORD-105129,SKU-00009,1,DC-17,STANDARD,2026-08-27T03:44:00,2026-08-27T15:44:00,EXCEPTION,EXCEPTION,EU,NEXT_DAY
ORD-105130,SKU-01030,1,DC-08,STANDARD,2026-08-27T04:19:00,2026-08-27T12:19:00,SHIPPED,EXCEPTION,LATAM,NEXT_DAY
ORD-105131,SKU-00100,1,DC-06,STANDARD,2026-08-27T04:23:00,2026-08-28T04:23:00,ALLOCATED,ALLOCATED,EU,SAME_DAY
ORD-105132,SKU-00293,1,DC-11,CRITICAL,2026-08-27T04:27:00,2026-08-27T12:27:00,STAGED,STAGED,MEA,STANDARD
ORD-105133,SKU-00991,1,DC-16,STANDARD,2026-08-27T04:27:00,2026-08-28T04:27:00,STAGED,HOLD,APAC,NEXT_DAY
ORD-105134,SKU-00664,1,DC-10,STANDARD,2026-08-27T04:35:00,2026-08-27T16:35:00,SHIPPED,EXCEPTION,APAC,STANDARD
ORD-105135,SKU-00263,1,DC-02,STANDARD,2026-08-27T04:41:00,2026-08-27T12:41:00,PACKING,PACKING,MEA,NEXT_DAY
ORD-105136,SKU-00574,1,DC-03,STANDARD,2026-08-27T04:43:00,2026-08-27T16:43:00,ALLOCATED,ALLOCATED,APAC,SAME_DAY
ORD-105137,SKU-01188,1,DC-15,STANDARD,2026-08-27T04:46:00,2026-08-28T04:46:00,EXCEPTION,HOLD,EU,STANDARD
ORD-105138,SKU-00368,1,DC-16,STANDARD,2026-08-27T04:52:00,2026-08-27T10:52:00,ALLOCATED,HOLD,MEA,NEXT_DAY
ORD-105139,SKU-00822,1,DC-09,STANDARD,2026-08-27T05:03:00,2026-08-27T11:03:00,PICKING,PICKING,APAC,STANDARD
ORD-105140,SKU-00528,1,DC-12,STANDARD,2026-08-27T05:05:00,2026-08-27T13:05:00,STAGED,HOLD,MEA,STANDARD
ORD-105141,SKU-00086,1,DC-06,STANDARD,2026-08-27T05:10:00,2026-08-27T17:10:00,STAGED,STAGED,EU,STANDARD
ORD-105142,SKU-00160,1,DC-07,STANDARD,2026-08-27T05:16:00,2026-08-27T13:16:00,PACKING,PACKING,MEA,NEXT_DAY
ORD-105143,SKU-01064,1,DC-06,EXPEDITE,2026-08-27T05:20:00,2026-08-27T09:20:00,STAGED,EXCEPTION,MEA,NEXT_DAY
ORD-105144,SKU-01106,1,DC-01,STANDARD,2026-08-27T05:22:00,2026-08-28T05:22:00,PICKING,HOLD,EU,NEXT_DAY
ORD-105145,SKU-00112,1,DC-03,STANDARD,2026-08-27T05:43:00,2026-08-28T05:43:00,PACKING,PACKING,MEA,STANDARD
ORD-105146,SKU-00549,1,DC-08,STANDARD,2026-08-27T05:50:00,2026-08-27T13:50:00,SHIPPED,SHIPPED,MEA,STANDARD
ORD-105147,SKU-00076,1,DC-09,CRITICAL,2026-08-27T05:53:00,2026-08-27T17:53:00,EXCEPTION,EXCEPTION,EU,SAME_DAY
ORD-105148,SKU-01102,1,DC-08,EXPEDITE,2026-08-27T05:54:00,2026-08-27T13:54:00,STAGED,EXCEPTION,APAC,SAME_DAY
ORD-105149,SKU-00456,1,DC-15,STANDARD,2026-08-27T05:57:00,2026-08-27T17:57:00,ALLOCATED,EXCEPTION,APAC,NEXT_DAY
ORD-105150,SKU-00965,1,DC-07,CRITICAL,2026-08-27T06:01:00,2026-08-28T06:01:00,PACKING,EXCEPTION,APAC,SAME_DAY
ORD-105151,SKU-00066,1,DC-17,STANDARD,2026-08-27T06:02:00,2026-08-27T18:02:00,RELEASED,RELEASED,EU,SAME_DAY
ORD-105152,SKU-01152,1,DC-13,CRITICAL,2026-08-27T06:03:00,2026-08-28T06:03:00,STAGED,EXCEPTION,LATAM,STANDARD
ORD-105153,SKU-00531,1,DC-12,STANDARD,2026-08-27T06:18:00,2026-08-27T10:18:00,STAGED,STAGED,LATAM,SAME_DAY
ORD-105154,SKU-00118,1,DC-01,STANDARD,2026-08-27T06:20:00,2026-08-27T12:20:00,ALLOCATED,ALLOCATED,MEA,STANDARD
ORD-105155,SKU-00195,1,DC-09,STANDARD,2026-08-27T06:26:00,2026-08-27T10:26:00,SHIPPED,SHIPPED,APAC,NEXT_DAY
ORD-105156,SKU-00746,1,DC-17,STANDARD,2026-08-27T06:33:00,2026-08-27T14:33:00,STAGED,STAGED,MEA,NEXT_DAY
ORD-105157,SKU-00581,1,DC-13,STANDARD,2026-08-27T06:45:00,2026-08-27T12:45:00,PICKING,EXCEPTION,APAC,NEXT_DAY
ORD-105158,SKU-00307,1,DC-01,STANDARD,2026-08-27T06:50:00,2026-08-27T12:50:00,STAGED,HOLD,LATAM,STANDARD
ORD-105159,SKU-00505,1,DC-11,STANDARD,2026-08-27T06:57:00,2026-08-28T06:57:00,STAGED,STAGED,EU,STANDARD
ORD-105160,SKU-00125,1,DC-13,STANDARD,2026-08-27T07:00:00,2026-08-27T13:00:00,ALLOCATED,ALLOCATED,APAC,SAME_DAY
ORD-105161,SKU-00011,1,DC-15,STANDARD,2026-08-27T07:02:00,2026-08-27T11:02:00,PICKING,PICKING,LATAM,NEXT_DAY
ORD-105162,SKU-00897,1,DC-10,CRITICAL,2026-08-27T07:12:00,2026-08-27T11:12:00,PACKING,EXCEPTION,MEA,NEXT_DAY
ORD-105163,SKU-00088,1,DC-17,EXPEDITE,2026-08-27T07:25:00,2026-08-27T11:25:00,PICKING,PICKING,EU,NEXT_DAY
ORD-105164,SKU-01123,1,DC-14,CRITICAL,2026-08-27T07:36:00,2026-08-27T11:36:00,EXCEPTION,EXCEPTION,EU,STANDARD
ORD-105165,SKU-00890,1,DC-07,EXPEDITE,2026-08-27T07:41:00,2026-08-27T13:41:00,STAGED,STAGED,EU,NEXT_DAY
ORD-105166,SKU-00537,1,DC-02,STANDARD,2026-08-27T07:42:00,2026-08-27T11:42:00,STAGED,HOLD,MEA,STANDARD
ORD-105167,SKU-00167,1,DC-13,STANDARD,2026-08-27T07:59:00,2026-08-27T19:59:00,PACKING,PACKING,EU,NEXT_DAY
ORD-105168,SKU-00495,1,DC-07,STANDARD,2026-08-27T08:08:00,2026-08-27T20:08:00,ALLOCATED,ALLOCATED,APAC,SAME_DAY
ORD-105169,SKU-00142,1,DC-13,STANDARD,2026-08-27T08:12:00,2026-08-27T16:12:00,RELEASED,RELEASED,LATAM,NEXT_DAY
ORD-105170,SKU-00640,1,DC-01,STANDARD,2026-08-27T08:13:00,2026-08-27T14:13:00,STAGED,HOLD,MEA,SAME_DAY
ORD-105171,SKU-01165,1,DC-14,EXPEDITE,2026-08-27T08:28:00,2026-08-28T08:28:00,PICKING,PICKING,APAC,NEXT_DAY
ORD-105172,SKU-00398,1,DC-06,STANDARD,2026-08-27T08:37:00,2026-08-27T14:37:00,STAGED,STAGED,LATAM,SAME_DAY
ORD-105173,SKU-00672,1,DC-10,CRITICAL,2026-08-27T08:44:00,2026-08-27T20:44:00,EXCEPTION,EXCEPTION,EU,NEXT_DAY
ORD-105174,SKU-00733,1,DC-10,STANDARD,2026-08-27T08:45:00,2026-08-27T16:45:00,ALLOCATED,HOLD,APAC,STANDARD
ORD-105175,SKU-00433,1,DC-14,EXPEDITE,2026-08-27T08:48:00,2026-08-27T16:48:00,PACKING,PACKING,LATAM,NEXT_DAY
ORD-105176,SKU-00133,1,DC-18,STANDARD,2026-08-27T08:54:00,2026-08-27T16:54:00,ALLOCATED,ALLOCATED,EU,NEXT_DAY
ORD-105177,SKU-00115,1,DC-08,STANDARD,2026-08-27T09:22:00,2026-08-27T21:22:00,EXCEPTION,EXCEPTION,MEA,SAME_DAY
ORD-105178,SKU-00571,1,DC-16,CRITICAL,2026-08-27T09:25:00,2026-08-28T09:25:00,STAGED,STAGED,MEA,NEXT_DAY
ORD-105179,SKU-00748,1,DC-06,STANDARD,2026-08-27T09:26:00,2026-08-27T15:26:00,SHIPPED,EXCEPTION,EU,STANDARD
ORD-105180,SKU-00317,1,DC-12,STANDARD,2026-08-27T09:27:00,2026-08-27T15:27:00,STAGED,STAGED,APAC,NEXT_DAY
ORD-105181,SKU-00114,1,DC-03,STANDARD,2026-08-27T09:28:00,2026-08-27T21:28:00,SHIPPED,HOLD,MEA,STANDARD
ORD-105182,SKU-01067,1,DC-18,STANDARD,2026-08-27T09:41:00,2026-08-27T15:41:00,SHIPPED,EXCEPTION,LATAM,SAME_DAY
ORD-105183,SKU-01097,1,DC-07,STANDARD,2026-08-27T09:50:00,2026-08-28T09:50:00,RELEASED,EXCEPTION,APAC,SAME_DAY
ORD-105184,SKU-00881,1,DC-12,STANDARD,2026-08-27T09:50:00,2026-08-27T15:50:00,SHIPPED,SHIPPED,APAC,SAME_DAY
ORD-105185,SKU-00478,1,DC-01,STANDARD,2026-08-27T10:13:00,2026-08-27T22:13:00,STAGED,STAGED,APAC,SAME_DAY
ORD-105186,SKU-00541,1,DC-12,STANDARD,2026-08-27T10:19:00,2026-08-27T22:19:00,RELEASED,HOLD,APAC,STANDARD
ORD-105187,SKU-01063,1,DC-09,STANDARD,2026-08-27T10:20:00,2026-08-27T14:20:00,ALLOCATED,HOLD,APAC,NEXT_DAY
ORD-105188,SKU-00500,1,DC-03,EXPEDITE,2026-08-27T10:32:00,2026-08-27T22:32:00,PICKING,EXCEPTION,MEA,STANDARD
ORD-105189,SKU-00030,1,DC-12,EXPEDITE,2026-08-27T10:37:00,2026-08-27T16:37:00,STAGED,STAGED,APAC,SAME_DAY
ORD-105190,SKU-00873,1,DC-05,STANDARD,2026-08-27T10:54:00,2026-08-27T18:54:00,EXCEPTION,EXCEPTION,MEA,NEXT_DAY
ORD-105191,SKU-00957,1,DC-17,STANDARD,2026-08-27T11:06:00,2026-08-28T11:06:00,ALLOCATED,HOLD,LATAM,NEXT_DAY
ORD-105192,SKU-01093,1,DC-04,STANDARD,2026-08-27T11:08:00,2026-08-27T15:08:00,ALLOCATED,ALLOCATED,APAC,NEXT_DAY
ORD-105193,SKU-00786,1,DC-01,EXPEDITE,2026-08-27T11:13:00,2026-08-27T19:13:00,PACKING,HOLD,LATAM,SAME_DAY
ORD-105194,SKU-01104,1,DC-12,EXPEDITE,2026-08-27T11:23:00,2026-08-28T11:23:00,PACKING,PACKING,LATAM,SAME_DAY
ORD-105195,SKU-00053,1,DC-13,CRITICAL,2026-08-27T11:31:00,2026-08-27T23:31:00,STAGED,STAGED,LATAM,SAME_DAY
ORD-105196,SKU-00164,1,DC-01,STANDARD,2026-08-27T11:36:00,2026-08-27T23:36:00,PACKING,EXCEPTION,LATAM,SAME_DAY
ORD-105197,SKU-00308,1,DC-04,STANDARD,2026-08-27T11:39:00,2026-08-27T19:39:00,RELEASED,RELEASED,MEA,NEXT_DAY
ORD-105198,SKU-00661,1,DC-16,STANDARD,2026-08-27T11:43:00,2026-08-27T15:43:00,EXCEPTION,EXCEPTION,MEA,NEXT_DAY
ORD-105199,SKU-01184,1,DC-03,STANDARD,2026-08-27T11:58:00,2026-08-27T19:58:00,PICKING,PICKING,LATAM,SAME_DAY
ORD-105200,SKU-00051,1,DC-05,STANDARD,2026-08-27T12:06:00,2026-08-27T16:06:00,ALLOCATED,ALLOCATED,LATAM,NEXT_DAY
ORD-105201,SKU-00957,1,DC-17,STANDARD,2026-08-27T12:08:00,2026-08-27T20:08:00,SHIPPED,HOLD,LATAM,SAME_DAY
ORD-105202,SKU-00390,1,DC-02,EXPEDITE,2026-08-27T12:08:00,2026-08-27T16:08:00,ALLOCATED,EXCEPTION,MEA,STANDARD
ORD-105203,SKU-00406,1,DC-09,STANDARD,2026-08-27T12:19:00,2026-08-27T20:19:00,ALLOCATED,EXCEPTION,EU,NEXT_DAY
ORD-105204,SKU-00988,1,DC-04,EXPEDITE,2026-08-27T12:24:00,2026-08-27T18:24:00,SHIPPED,SHIPPED,MEA,NEXT_DAY
ORD-105205,SKU-00623,1,DC-02,STANDARD,2026-08-27T12:29:00,2026-08-27T18:29:00,EXCEPTION,EXCEPTION,APAC,STANDARD
ORD-105206,SKU-00971,1,DC-03,CRITICAL,2026-08-27T12:29:00,2026-08-27T20:29:00,PACKING,PACKING,LATAM,NEXT_DAY
ORD-105207,SKU-00666,1,DC-18,CRITICAL,2026-08-27T12:43:00,2026-08-28T00:43:00,SHIPPED,HOLD,LATAM,SAME_DAY
ORD-105208,SKU-00534,1,DC-14,CRITICAL,2026-08-27T12:45:00,2026-08-27T18:45:00,ALLOCATED,ALLOCATED,MEA,STANDARD
ORD-105209,SKU-00804,1,DC-08,EXPEDITE,2026-08-27T12:47:00,2026-08-28T12:47:00,STAGED,STAGED,MEA,SAME_DAY
ORD-105210,SKU-00803,1,DC-07,EXPEDITE,2026-08-27T12:55:00,2026-08-28T00:55:00,RELEASED,EXCEPTION,LATAM,STANDARD
ORD-105211,SKU-01022,1,DC-12,STANDARD,2026-08-27T12:59:00,2026-08-28T00:59:00,STAGED,STAGED,MEA,NEXT_DAY
ORD-105212,SKU-01130,1,DC-13,STANDARD,2026-08-27T13:07:00,2026-08-27T19:07:00,ALLOCATED,HOLD,LATAM,STANDARD
ORD-105213,SKU-00424,1,DC-17,STANDARD,2026-08-27T13:12:00,2026-08-27T19:12:00,PICKING,PICKING,EU,STANDARD
ORD-105214,SKU-00243,1,DC-01,EXPEDITE,2026-08-27T13:15:00,2026-08-27T21:15:00,SHIPPED,HOLD,MEA,STANDARD
ORD-105215,SKU-00871,1,DC-03,CRITICAL,2026-08-27T13:26:00,2026-08-27T17:26:00,ALLOCATED,ALLOCATED,LATAM,STANDARD
ORD-105216,SKU-00007,1,DC-15,STANDARD,2026-08-27T13:27:00,2026-08-27T19:27:00,PICKING,PICKING,EU,NEXT_DAY
ORD-105217,SKU-01079,1,DC-14,STANDARD,2026-08-27T13:41:00,2026-08-27T17:41:00,PICKING,PICKING,LATAM,SAME_DAY
ORD-105218,SKU-00640,1,DC-04,STANDARD,2026-08-27T13:42:00,2026-08-27T19:42:00,STAGED,EXCEPTION,MEA,STANDARD
ORD-105219,SKU-01096,1,DC-13,CRITICAL,2026-08-27T13:55:00,2026-08-28T13:55:00,PICKING,PICKING,MEA,NEXT_DAY
ORD-105220,SKU-00429,1,DC-10,STANDARD,2026-08-27T13:58:00,2026-08-27T21:58:00,PACKING,PACKING,MEA,SAME_DAY
ORD-105221,SKU-00209,1,DC-05,STANDARD,2026-08-27T14:05:00,2026-08-27T22:05:00,SHIPPED,EXCEPTION,LATAM,SAME_DAY
ORD-105222,SKU-00236,1,DC-11,STANDARD,2026-08-27T14:09:00,2026-08-28T02:09:00,RELEASED,HOLD,EU,STANDARD
ORD-105223,SKU-01148,1,DC-07,STANDARD,2026-08-27T14:12:00,2026-08-28T14:12:00,PACKING,PACKING,EU,NEXT_DAY
ORD-105224,SKU-01119,1,DC-17,STANDARD,2026-08-27T14:20:00,2026-08-27T18:20:00,PICKING,HOLD,MEA,SAME_DAY
ORD-105225,SKU-00302,1,DC-03,STANDARD,2026-08-27T14:30:00,2026-08-27T22:30:00,RELEASED,EXCEPTION,MEA,SAME_DAY
ORD-105226,SKU-00706,1,DC-10,EXPEDITE,2026-08-27T14:36:00,2026-08-28T02:36:00,STAGED,EXCEPTION,APAC,SAME_DAY
ORD-105227,SKU-00121,1,DC-06,STANDARD,2026-08-27T14:38:00,2026-08-28T14:38:00,EXCEPTION,HOLD,MEA,STANDARD
ORD-105228,SKU-00625,1,DC-08,STANDARD,2026-08-27T14:57:00,2026-08-27T22:57:00,RELEASED,EXCEPTION,EU,NEXT_DAY
ORD-105229,SKU-00609,1,DC-07,EXPEDITE,2026-08-27T14:57:00,2026-08-27T22:57:00,PACKING,HOLD,MEA,SAME_DAY
ORD-105230,SKU-00290,1,DC-15,CRITICAL,2026-08-27T15:01:00,2026-08-28T15:01:00,PACKING,HOLD,LATAM,SAME_DAY
ORD-105231,SKU-00804,1,DC-09,CRITICAL,2026-08-27T15:06:00,2026-08-28T15:06:00,PICKING,PICKING,LATAM,STANDARD
ORD-105232,SKU-00894,1,DC-14,STANDARD,2026-08-27T15:14:00,2026-08-27T19:14:00,STAGED,STAGED,EU,SAME_DAY
ORD-105233,SKU-00769,1,DC-04,CRITICAL,2026-08-27T15:27:00,2026-08-28T15:27:00,SHIPPED,SHIPPED,LATAM,STANDARD
ORD-105234,SKU-00432,1,DC-03,STANDARD,2026-08-27T15:38:00,2026-08-27T23:38:00,PICKING,PICKING,EU,SAME_DAY
ORD-105235,SKU-00859,1,DC-11,EXPEDITE,2026-08-27T15:47:00,2026-08-28T03:47:00,EXCEPTION,EXCEPTION,APAC,STANDARD
ORD-105236,SKU-01184,1,DC-10,STANDARD,2026-08-27T16:22:00,2026-08-27T20:22:00,STAGED,STAGED,MEA,NEXT_DAY
ORD-105237,SKU-01008,1,DC-04,STANDARD,2026-08-27T16:34:00,2026-08-27T20:34:00,ALLOCATED,EXCEPTION,LATAM,STANDARD
ORD-105238,SKU-00471,1,DC-09,STANDARD,2026-08-27T16:46:00,2026-08-27T20:46:00,RELEASED,EXCEPTION,MEA,NEXT_DAY
ORD-105239,SKU-01035,1,DC-10,STANDARD,2026-08-27T16:55:00,2026-08-28T16:55:00,SHIPPED,SHIPPED,APAC,NEXT_DAY
ORD-105240,SKU-00976,1,DC-03,EXPEDITE,2026-08-27T16:55:00,2026-08-27T22:55:00,RELEASED,EXCEPTION,APAC,NEXT_DAY
ORD-105241,SKU-00875,1,DC-02,STANDARD,2026-08-27T16:56:00,2026-08-28T00:56:00,ALLOCATED,HOLD,APAC,NEXT_DAY
ORD-105242,SKU-00010,1,DC-14,STANDARD,2026-08-27T17:31:00,2026-08-27T23:31:00,RELEASED,RELEASED,MEA,NEXT_DAY
ORD-105243,SKU-00348,1,DC-11,STANDARD,2026-08-27T17:33:00,2026-08-27T21:33:00,EXCEPTION,EXCEPTION,MEA,NEXT_DAY
ORD-105244,SKU-00232,1,DC-12,STANDARD,2026-08-27T17:33:00,2026-08-27T23:33:00,PACKING,PACKING,EU,STANDARD
ORD-105245,SKU-00393,1,DC-04,CRITICAL,2026-08-27T17:39:00,2026-08-28T17:39:00,PICKING,PICKING,EU,SAME_DAY
ORD-105246,SKU-00328,1,DC-06,EXPEDITE,2026-08-27T17:39:00,2026-08-27T23:39:00,EXCEPTION,EXCEPTION,EU,STANDARD
ORD-105247,SKU-00423,1,DC-01,CRITICAL,2026-08-27T18:08:00,2026-08-28T02:08:00,STAGED,STAGED,APAC,SAME_DAY
ORD-105248,SKU-00747,1,DC-08,STANDARD,2026-08-27T18:09:00,2026-08-28T06:09:00,SHIPPED,HOLD,LATAM,SAME_DAY
ORD-105249,SKU-01058,1,DC-14,STANDARD,2026-08-27T18:13:00,2026-08-27T22:13:00,PACKING,EXCEPTION,LATAM,NEXT_DAY
ORD-105250,SKU-00535,1,DC-11,STANDARD,2026-08-27T18:17:00,2026-08-28T00:17:00,RELEASED,EXCEPTION,MEA,NEXT_DAY
ORD-105251,SKU-00843,1,DC-03,STANDARD,2026-08-27T18:17:00,2026-08-27T22:17:00,PACKING,EXCEPTION,APAC,STANDARD
ORD-105252,SKU-00136,1,DC-02,STANDARD,2026-08-27T18:18:00,2026-08-28T06:18:00,EXCEPTION,HOLD,MEA,SAME_DAY
ORD-105253,SKU-00279,1,DC-04,EXPEDITE,2026-08-27T18:21:00,2026-08-28T02:21:00,PACKING,PACKING,APAC,SAME_DAY
ORD-105254,SKU-00930,1,DC-16,STANDARD,2026-08-27T18:30:00,2026-08-28T02:30:00,SHIPPED,EXCEPTION,EU,SAME_DAY
ORD-105255,SKU-00943,1,DC-08,STANDARD,2026-08-27T18:43:00,2026-08-27T22:43:00,PACKING,EXCEPTION,LATAM,SAME_DAY
ORD-105256,SKU-00261,1,DC-11,STANDARD,2026-08-27T18:49:00,2026-08-28T00:49:00,PACKING,PACKING,EU,NEXT_DAY
ORD-105257,SKU-00597,1,DC-16,STANDARD,2026-08-27T18:56:00,2026-08-28T18:56:00,STAGED,STAGED,MEA,NEXT_DAY
ORD-105258,SKU-01011,1,DC-06,EXPEDITE,2026-08-27T19:09:00,2026-08-28T07:09:00,STAGED,STAGED,LATAM,STANDARD
ORD-105259,SKU-01113,1,DC-14,STANDARD,2026-08-27T19:10:00,2026-08-28T01:10:00,RELEASED,RELEASED,EU,SAME_DAY
ORD-105260,SKU-01153,1,DC-08,STANDARD,2026-08-27T19:17:00,2026-08-28T01:17:00,ALLOCATED,HOLD,EU,NEXT_DAY
ORD-105261,SKU-00447,1,DC-13,STANDARD,2026-08-27T19:29:00,2026-08-28T03:29:00,STAGED,EXCEPTION,EU,NEXT_DAY
ORD-105262,SKU-01137,1,DC-18,CRITICAL,2026-08-27T19:45:00,2026-08-28T07:45:00,STAGED,HOLD,EU,SAME_DAY
ORD-105263,SKU-00426,1,DC-06,CRITICAL,2026-08-27T19:47:00,2026-08-28T07:47:00,PICKING,PICKING,EU,NEXT_DAY
ORD-105264,SKU-00407,1,DC-10,STANDARD,2026-08-27T19:55:00,2026-08-27T23:55:00,RELEASED,EXCEPTION,APAC,STANDARD
ORD-105265,SKU-00156,1,DC-02,STANDARD,2026-08-27T20:02:00,2026-08-28T04:02:00,PACKING,HOLD,APAC,SAME_DAY
ORD-105266,SKU-00219,1,DC-11,STANDARD,2026-08-27T20:11:00,2026-08-28T02:11:00,PACKING,HOLD,MEA,NEXT_DAY
ORD-105267,SKU-00351,1,DC-05,STANDARD,2026-08-27T20:23:00,2026-08-28T04:23:00,STAGED,STAGED,LATAM,NEXT_DAY
ORD-105268,SKU-00977,1,DC-14,CRITICAL,2026-08-27T20:39:00,2026-08-28T02:39:00,STAGED,HOLD,APAC,SAME_DAY
ORD-105269,SKU-00871,1,DC-08,CRITICAL,2026-08-27T20:45:00,2026-08-28T08:45:00,SHIPPED,SHIPPED,APAC,STANDARD
ORD-105270,SKU-00058,1,DC-17,EXPEDITE,2026-08-27T20:51:00,2026-08-28T20:51:00,SHIPPED,SHIPPED,MEA,STANDARD
ORD-105271,SKU-00695,1,DC-13,STANDARD,2026-08-27T20:55:00,2026-08-28T00:55:00,EXCEPTION,HOLD,MEA,SAME_DAY
ORD-105272,SKU-01111,1,DC-07,CRITICAL,2026-08-27T20:57:00,2026-08-28T00:57:00,PICKING,PICKING,EU,SAME_DAY
ORD-105273,SKU-00336,1,DC-05,STANDARD,2026-08-27T20:58:00,2026-08-28T02:58:00,PICKING,PICKING,APAC,SAME_DAY
ORD-105274,SKU-01073,1,DC-01,EXPEDITE,2026-08-27T21:01:00,2026-08-28T05:01:00,EXCEPTION,EXCEPTION,EU,NEXT_DAY
ORD-105275,SKU-00163,1,DC-14,STANDARD,2026-08-27T21:01:00,2026-08-28T03:01:00,ALLOCATED,ALLOCATED,EU,STANDARD
ORD-105276,SKU-01083,1,DC-13,STANDARD,2026-08-27T21:22:00,2026-08-28T03:22:00,ALLOCATED,ALLOCATED,APAC,STANDARD
ORD-105277,SKU-00873,1,DC-07,STANDARD,2026-08-27T21:40:00,2026-08-28T09:40:00,EXCEPTION,EXCEPTION,LATAM,STANDARD
ORD-105278,SKU-01028,1,DC-17,STANDARD,2026-08-27T21:44:00,2026-08-28T03:44:00,PICKING,PICKING,MEA,NEXT_DAY
ORD-105279,SKU-00257,1,DC-12,STANDARD,2026-08-27T21:49:00,2026-08-28T21:49:00,PACKING,EXCEPTION,MEA,NEXT_DAY
ORD-105280,SKU-00314,1,DC-17,EXPEDITE,2026-08-27T21:53:00,2026-08-28T21:53:00,ALLOCATED,ALLOCATED,APAC,NEXT_DAY
ORD-105281,SKU-00512,1,DC-02,STANDARD,2026-08-27T21:54:00,2026-08-28T03:54:00,EXCEPTION,HOLD,MEA,NEXT_DAY
ORD-105282,SKU-00945,1,DC-11,STANDARD,2026-08-27T21:59:00,2026-08-28T01:59:00,SHIPPED,HOLD,EU,STANDARD
ORD-105283,SKU-00462,1,DC-07,STANDARD,2026-08-27T22:00:00,2026-08-28T02:00:00,RELEASED,HOLD,APAC,SAME_DAY
ORD-105284,SKU-00368,1,DC-08,STANDARD,2026-08-27T22:10:00,2026-08-28T06:10:00,EXCEPTION,HOLD,MEA,NEXT_DAY
ORD-105285,SKU-01041,1,DC-14,CRITICAL,2026-08-27T22:19:00,2026-08-28T22:19:00,PICKING,EXCEPTION,EU,SAME_DAY
ORD-105286,SKU-00023,1,DC-04,STANDARD,2026-08-27T22:32:00,2026-08-28T06:32:00,PICKING,PICKING,MEA,STANDARD
ORD-105287,SKU-00484,1,DC-02,STANDARD,2026-08-27T22:36:00,2026-08-28T02:36:00,ALLOCATED,EXCEPTION,LATAM,SAME_DAY
ORD-105288,SKU-01169,1,DC-10,CRITICAL,2026-08-27T22:53:00,2026-08-28T04:53:00,RELEASED,HOLD,LATAM,STANDARD
ORD-105289,SKU-01120,1,DC-16,EXPEDITE,2026-08-27T22:55:00,2026-08-28T04:55:00,PACKING,EXCEPTION,LATAM,SAME_DAY
ORD-105290,SKU-00554,1,DC-04,STANDARD,2026-08-27T23:15:00,2026-08-28T11:15:00,PICKING,EXCEPTION,EU,NEXT_DAY
ORD-105291,SKU-00704,1,DC-05,EXPEDITE,2026-08-27T23:32:00,2026-08-28T23:32:00,PICKING,HOLD,APAC,STANDARD
ORD-105292,SKU-00153,1,DC-13,STANDARD,2026-08-27T23:35:00,2026-08-28T07:35:00,SHIPPED,SHIPPED,APAC,SAME_DAY
ORD-105293,SKU-01136,1,DC-10,EXPEDITE,2026-08-27T23:36:00,2026-08-28T07:36:00,ALLOCATED,ALLOCATED,APAC,STANDARD
ORD-105294,SKU-00554,1,DC-10,STANDARD,2026-08-27T23:37:00,2026-08-28T05:37:00,PACKING,PACKING,APAC,NEXT_DAY
ORD-105295,SKU-00559,1,DC-01,CRITICAL,2026-08-27T23:38:00,2026-08-28T07:38:00,RELEASED,RELEASED,APAC,STANDARD
ORD-105296,SKU-00430,1,DC-07,STANDARD,2026-08-27T23:47:00,2026-08-28T03:47:00,PACKING,PACKING,EU,SAME_DAY
ORD-105297,SKU-00930,1,DC-14,STANDARD,2026-08-27T23:53:00,2026-08-28T03:53:00,EXCEPTION,HOLD,MEA,STANDARD
ORD-105298,SKU-00972,1,DC-15,STANDARD,2026-08-28T00:01:00,2026-08-29T00:01:00,EXCEPTION,EXCEPTION,EU,NEXT_DAY
ORD-105299,SKU-01117,1,DC-14,STANDARD,2026-08-28T00:15:00,2026-08-28T04:15:00,EXCEPTION,HOLD,EU,STANDARD
ORD-105300,SKU-00116,1,DC-10,CRITICAL,2026-08-28T00:21:00,2026-08-29T00:21:00,STAGED,HOLD,LATAM,SAME_DAY
ORD-105301,SKU-00593,1,DC-01,STANDARD,2026-08-28T00:37:00,2026-08-28T04:37:00,SHIPPED,SHIPPED,MEA,STANDARD
ORD-105302,SKU-00078,1,DC-10,STANDARD,2026-08-28T00:46:00,2026-08-29T00:46:00,STAGED,STAGED,EU,NEXT_DAY
ORD-105303,SKU-00735,1,DC-01,STANDARD,2026-08-28T00:51:00,2026-08-28T08:51:00,PACKING,PACKING,EU,SAME_DAY
ORD-105304,SKU-00470,1,DC-08,STANDARD,2026-08-28T00:51:00,2026-08-28T12:51:00,PACKING,PACKING,LATAM,STANDARD
ORD-105305,SKU-00522,1,DC-14,CRITICAL,2026-08-28T00:51:00,2026-08-29T00:51:00,SHIPPED,HOLD,LATAM,NEXT_DAY
ORD-105306,SKU-01174,1,DC-06,STANDARD,2026-08-28T00:51:00,2026-08-28T04:51:00,EXCEPTION,EXCEPTION,MEA,NEXT_DAY
ORD-105307,SKU-00111,1,DC-11,STANDARD,2026-08-28T00:55:00,2026-08-29T00:55:00,PACKING,HOLD,LATAM,SAME_DAY
ORD-105308,SKU-00578,1,DC-03,EXPEDITE,2026-08-28T01:09:00,2026-08-28T09:09:00,RELEASED,HOLD,MEA,SAME_DAY
ORD-105309,SKU-00961,1,DC-08,EXPEDITE,2026-08-28T01:12:00,2026-08-29T01:12:00,SHIPPED,SHIPPED,LATAM,SAME_DAY
ORD-105310,SKU-00470,1,DC-08,STANDARD,2026-08-28T01:22:00,2026-08-28T05:22:00,STAGED,STAGED,LATAM,SAME_DAY
ORD-105311,SKU-00152,1,DC-17,STANDARD,2026-08-28T01:32:00,2026-08-28T09:32:00,RELEASED,EXCEPTION,MEA,SAME_DAY
ORD-105312,SKU-00393,1,DC-15,EXPEDITE,2026-08-28T01:35:00,2026-08-28T09:35:00,EXCEPTION,EXCEPTION,EU,STANDARD
ORD-105313,SKU-00273,1,DC-12,EXPEDITE,2026-08-28T01:43:00,2026-08-28T07:43:00,STAGED,STAGED,LATAM,NEXT_DAY
ORD-105314,SKU-00869,1,DC-02,EXPEDITE,2026-08-28T01:44:00,2026-08-29T01:44:00,PICKING,HOLD,APAC,STANDARD
ORD-105315,SKU-00015,1,DC-11,CRITICAL,2026-08-28T01:54:00,2026-08-28T05:54:00,SHIPPED,SHIPPED,APAC,SAME_DAY
ORD-105316,SKU-00453,1,DC-14,EXPEDITE,2026-08-28T01:55:00,2026-08-29T01:55:00,RELEASED,HOLD,EU,STANDARD
ORD-105317,SKU-00692,1,DC-05,EXPEDITE,2026-08-28T01:58:00,2026-08-28T13:58:00,EXCEPTION,EXCEPTION,MEA,NEXT_DAY
ORD-105318,SKU-00763,1,DC-02,CRITICAL,2026-08-28T02:09:00,2026-08-29T02:09:00,ALLOCATED,ALLOCATED,LATAM,NEXT_DAY
ORD-105319,SKU-00573,1,DC-07,STANDARD,2026-08-28T02:28:00,2026-08-28T14:28:00,PACKING,PACKING,EU,NEXT_DAY
ORD-105320,SKU-00616,1,DC-06,STANDARD,2026-08-28T02:29:00,2026-08-28T10:29:00,SHIPPED,SHIPPED,EU,STANDARD
ORD-105321,SKU-00582,1,DC-05,STANDARD,2026-08-28T02:33:00,2026-08-28T10:33:00,PICKING,PICKING,APAC,NEXT_DAY
ORD-105322,SKU-00437,1,DC-05,STANDARD,2026-08-28T02:38:00,2026-08-29T02:38:00,ALLOCATED,ALLOCATED,LATAM,STANDARD
ORD-105323,SKU-00125,1,DC-03,EXPEDITE,2026-08-28T02:50:00,2026-08-28T08:50:00,PACKING,PACKING,LATAM,NEXT_DAY
ORD-105324,SKU-00585,1,DC-02,EXPEDITE,2026-08-28T02:52:00,2026-08-28T10:52:00,ALLOCATED,HOLD,LATAM,SAME_DAY
ORD-105325,SKU-00462,1,DC-10,EXPEDITE,2026-08-28T03:23:00,2026-08-28T11:23:00,EXCEPTION,EXCEPTION,LATAM,SAME_DAY
ORD-105326,SKU-00816,1,DC-06,CRITICAL,2026-08-28T03:25:00,2026-08-28T09:25:00,EXCEPTION,EXCEPTION,LATAM,SAME_DAY
ORD-105327,SKU-00583,1,DC-16,STANDARD,2026-08-28T03:39:00,2026-08-29T03:39:00,EXCEPTION,HOLD,MEA,SAME_DAY
ORD-105328,SKU-01014,1,DC-07,EXPEDITE,2026-08-28T04:09:00,2026-08-28T16:09:00,SHIPPED,SHIPPED,MEA,NEXT_DAY
ORD-105329,SKU-00405,1,DC-14,STANDARD,2026-08-28T04:11:00,2026-08-28T08:11:00,STAGED,EXCEPTION,APAC,SAME_DAY
ORD-105330,SKU-00124,1,DC-11,STANDARD,2026-08-28T04:16:00,2026-08-29T04:16:00,RELEASED,RELEASED,APAC,SAME_DAY
ORD-105331,SKU-00331,1,DC-05,STANDARD,2026-08-28T04:17:00,2026-08-28T16:17:00,RELEASED,RELEASED,LATAM,SAME_DAY
ORD-105332,SKU-00876,1,DC-17,EXPEDITE,2026-08-28T04:36:00,2026-08-29T04:36:00,STAGED,STAGED,EU,NEXT_DAY
ORD-105333,SKU-00394,1,DC-16,STANDARD,2026-08-28T04:37:00,2026-08-28T10:37:00,STAGED,STAGED,APAC,NEXT_DAY
ORD-105334,SKU-00662,1,DC-17,EXPEDITE,2026-08-28T04:46:00,2026-08-29T04:46:00,EXCEPTION,EXCEPTION,LATAM,STANDARD
ORD-105335,SKU-01076,1,DC-02,STANDARD,2026-08-28T04:50:00,2026-08-28T12:50:00,STAGED,STAGED,LATAM,STANDARD
ORD-105336,SKU-00076,1,DC-12,STANDARD,2026-08-28T04:53:00,2026-08-28T08:53:00,RELEASED,RELEASED,LATAM,NEXT_DAY
ORD-105337,SKU-00581,1,DC-17,STANDARD,2026-08-28T05:00:00,2026-08-28T09:00:00,SHIPPED,EXCEPTION,APAC,SAME_DAY
ORD-105338,SKU-01074,1,DC-06,STANDARD,2026-08-28T05:09:00,2026-08-28T13:09:00,SHIPPED,SHIPPED,LATAM,STANDARD
ORD-105339,SKU-01177,1,DC-12,CRITICAL,2026-08-28T05:20:00,2026-08-28T11:20:00,RELEASED,EXCEPTION,LATAM,STANDARD
ORD-105340,SKU-00928,1,DC-10,STANDARD,2026-08-28T05:29:00,2026-08-28T11:29:00,EXCEPTION,EXCEPTION,MEA,SAME_DAY
ORD-105341,SKU-00995,1,DC-18,CRITICAL,2026-08-28T05:30:00,2026-08-28T13:30:00,SHIPPED,SHIPPED,APAC,SAME_DAY
ORD-105342,SKU-00113,1,DC-12,CRITICAL,2026-08-28T05:32:00,2026-08-28T17:32:00,STAGED,STAGED,MEA,SAME_DAY
ORD-105343,SKU-00810,1,DC-16,CRITICAL,2026-08-28T05:44:00,2026-08-29T05:44:00,SHIPPED,SHIPPED,MEA,NEXT_DAY
ORD-105344,SKU-01136,1,DC-07,STANDARD,2026-08-28T05:45:00,2026-08-28T17:45:00,ALLOCATED,ALLOCATED,LATAM,NEXT_DAY
ORD-105345,SKU-00524,1,DC-02,CRITICAL,2026-08-28T06:01:00,2026-08-28T18:01:00,PACKING,PACKING,MEA,NEXT_DAY
ORD-105346,SKU-00494,1,DC-06,STANDARD,2026-08-28T06:05:00,2026-08-28T14:05:00,STAGED,STAGED,MEA,STANDARD
ORD-105347,SKU-00647,1,DC-10,STANDARD,2026-08-28T06:07:00,2026-08-28T14:07:00,PICKING,PICKING,MEA,STANDARD
ORD-105348,SKU-00597,1,DC-05,STANDARD,2026-08-28T06:22:00,2026-08-28T18:22:00,EXCEPTION,HOLD,MEA,STANDARD
ORD-105349,SKU-00534,1,DC-14,CRITICAL,2026-08-28T06:23:00,2026-08-29T06:23:00,PICKING,PICKING,LATAM,NEXT_DAY
ORD-105350,SKU-01052,1,DC-04,STANDARD,2026-08-28T06:38:00,2026-08-29T06:38:00,PICKING,PICKING,LATAM,NEXT_DAY
ORD-105351,SKU-00186,1,DC-04,STANDARD,2026-08-28T06:48:00,2026-08-28T12:48:00,STAGED,STAGED,MEA,STANDARD
ORD-105352,SKU-00720,1,DC-02,STANDARD,2026-08-28T06:59:00,2026-08-28T18:59:00,SHIPPED,EXCEPTION,LATAM,SAME_DAY
ORD-105353,SKU-00146,1,DC-05,STANDARD,2026-08-28T07:00:00,2026-08-28T19:00:00,RELEASED,RELEASED,LATAM,STANDARD
ORD-105354,SKU-00254,1,DC-06,STANDARD,2026-08-28T07:13:00,2026-08-28T11:13:00,PACKING,PACKING,LATAM,SAME_DAY
ORD-105355,SKU-01026,1,DC-06,EXPEDITE,2026-08-28T07:15:00,2026-08-28T11:15:00,STAGED,STAGED,MEA,STANDARD
ORD-105356,SKU-00200,1,DC-03,STANDARD,2026-08-28T07:27:00,2026-08-28T11:27:00,STAGED,HOLD,LATAM,STANDARD
ORD-105357,SKU-01071,1,DC-07,CRITICAL,2026-08-28T07:29:00,2026-08-28T15:29:00,PICKING,PICKING,EU,STANDARD
ORD-105358,SKU-00707,1,DC-02,STANDARD,2026-08-28T07:47:00,2026-08-29T07:47:00,RELEASED,RELEASED,EU,STANDARD
ORD-105359,SKU-01001,1,DC-08,CRITICAL,2026-08-28T07:47:00,2026-08-28T15:47:00,RELEASED,EXCEPTION,MEA,NEXT_DAY
ORD-105360,SKU-01099,1,DC-11,STANDARD,2026-08-28T07:49:00,2026-08-28T19:49:00,SHIPPED,SHIPPED,MEA,SAME_DAY
ORD-105361,SKU-00146,1,DC-15,STANDARD,2026-08-28T07:55:00,2026-08-29T07:55:00,ALLOCATED,HOLD,EU,STANDARD
ORD-105362,SKU-00001,1,DC-13,STANDARD,2026-08-28T08:12:00,2026-08-28T20:12:00,RELEASED,RELEASED,APAC,SAME_DAY
ORD-105363,SKU-01016,1,DC-06,STANDARD,2026-08-28T08:14:00,2026-08-28T16:14:00,PACKING,EXCEPTION,EU,STANDARD
ORD-105364,SKU-00306,1,DC-04,EXPEDITE,2026-08-28T08:18:00,2026-08-28T14:18:00,STAGED,STAGED,EU,SAME_DAY
ORD-105365,SKU-01029,1,DC-11,STANDARD,2026-08-28T08:27:00,2026-08-28T20:27:00,SHIPPED,SHIPPED,EU,STANDARD
ORD-105366,SKU-00933,1,DC-02,EXPEDITE,2026-08-28T08:37:00,2026-08-28T16:37:00,STAGED,EXCEPTION,MEA,STANDARD
ORD-105367,SKU-01094,1,DC-15,EXPEDITE,2026-08-28T09:00:00,2026-08-28T21:00:00,EXCEPTION,EXCEPTION,LATAM,STANDARD
ORD-105368,SKU-01021,1,DC-03,STANDARD,2026-08-28T09:08:00,2026-08-28T15:08:00,ALLOCATED,ALLOCATED,LATAM,SAME_DAY
ORD-105369,SKU-01193,1,DC-01,STANDARD,2026-08-28T09:22:00,2026-08-29T09:22:00,ALLOCATED,EXCEPTION,APAC,NEXT_DAY
ORD-105370,SKU-00596,1,DC-07,STANDARD,2026-08-28T09:23:00,2026-08-28T17:23:00,STAGED,HOLD,APAC,STANDARD
ORD-105371,SKU-00539,1,DC-03,STANDARD,2026-08-28T09:28:00,2026-08-28T13:28:00,PICKING,EXCEPTION,MEA,STANDARD
ORD-105372,SKU-00662,1,DC-17,STANDARD,2026-08-28T09:41:00,2026-08-28T15:41:00,ALLOCATED,HOLD,LATAM,STANDARD
ORD-105373,SKU-00175,1,DC-14,CRITICAL,2026-08-28T10:02:00,2026-08-28T22:02:00,PACKING,PACKING,APAC,SAME_DAY
ORD-105374,SKU-00793,1,DC-01,STANDARD,2026-08-28T10:50:00,2026-08-28T18:50:00,EXCEPTION,EXCEPTION,MEA,STANDARD
ORD-105375,SKU-01045,1,DC-11,STANDARD,2026-08-28T10:52:00,2026-08-28T22:52:00,SHIPPED,HOLD,APAC,STANDARD
ORD-105376,SKU-00573,1,DC-01,STANDARD,2026-08-28T10:53:00,2026-08-28T14:53:00,ALLOCATED,ALLOCATED,APAC,NEXT_DAY
ORD-105377,SKU-00822,1,DC-06,STANDARD,2026-08-28T11:01:00,2026-08-28T19:01:00,PICKING,EXCEPTION,MEA,STANDARD
ORD-105378,SKU-00553,1,DC-17,EXPEDITE,2026-08-28T11:09:00,2026-08-29T11:09:00,EXCEPTION,EXCEPTION,LATAM,NEXT_DAY
ORD-105379,SKU-00476,1,DC-18,EXPEDITE,2026-08-28T11:17:00,2026-08-29T11:17:00,RELEASED,HOLD,EU,STANDARD
ORD-105380,SKU-01017,1,DC-13,EXPEDITE,2026-08-28T11:19:00,2026-08-28T19:19:00,STAGED,STAGED,LATAM,STANDARD
ORD-105381,SKU-01181,1,DC-13,EXPEDITE,2026-08-28T11:29:00,2026-08-28T23:29:00,EXCEPTION,HOLD,EU,NEXT_DAY
ORD-105382,SKU-00976,1,DC-11,STANDARD,2026-08-28T11:43:00,2026-08-28T23:43:00,STAGED,STAGED,EU,NEXT_DAY
ORD-105383,SKU-01178,1,DC-05,STANDARD,2026-08-28T12:00:00,2026-08-28T20:00:00,ALLOCATED,EXCEPTION,APAC,STANDARD
ORD-105384,SKU-00943,1,DC-10,STANDARD,2026-08-28T12:18:00,2026-08-28T18:18:00,ALLOCATED,EXCEPTION,APAC,STANDARD
ORD-105385,SKU-00295,1,DC-09,EXPEDITE,2026-08-28T12:27:00,2026-08-29T12:27:00,PACKING,PACKING,MEA,SAME_DAY
ORD-105386,SKU-01082,1,DC-11,EXPEDITE,2026-08-28T12:36:00,2026-08-29T00:36:00,SHIPPED,SHIPPED,EU,STANDARD
ORD-105387,SKU-00220,1,DC-14,STANDARD,2026-08-28T12:44:00,2026-08-29T12:44:00,STAGED,STAGED,MEA,NEXT_DAY
ORD-105388,SKU-00466,1,DC-02,STANDARD,2026-08-28T12:50:00,2026-08-28T16:50:00,STAGED,STAGED,APAC,SAME_DAY
ORD-105389,SKU-00751,1,DC-06,STANDARD,2026-08-28T12:56:00,2026-08-28T20:56:00,PICKING,EXCEPTION,LATAM,NEXT_DAY
ORD-105390,SKU-01010,1,DC-08,CRITICAL,2026-08-28T13:01:00,2026-08-28T21:01:00,RELEASED,HOLD,EU,SAME_DAY
ORD-105391,SKU-00287,1,DC-07,STANDARD,2026-08-28T13:03:00,2026-08-28T17:03:00,PICKING,PICKING,EU,SAME_DAY
ORD-105392,SKU-00044,1,DC-06,EXPEDITE,2026-08-28T13:06:00,2026-08-29T01:06:00,RELEASED,HOLD,APAC,STANDARD
ORD-105393,SKU-00582,1,DC-08,STANDARD,2026-08-28T13:16:00,2026-08-28T21:16:00,PACKING,HOLD,MEA,NEXT_DAY
ORD-105394,SKU-00388,1,DC-06,STANDARD,2026-08-28T13:17:00,2026-08-28T17:17:00,RELEASED,RELEASED,LATAM,STANDARD
ORD-105395,SKU-00709,1,DC-04,EXPEDITE,2026-08-28T13:27:00,2026-08-29T13:27:00,EXCEPTION,EXCEPTION,MEA,NEXT_DAY
ORD-105396,SKU-00612,1,DC-03,STANDARD,2026-08-28T13:28:00,2026-08-28T17:28:00,ALLOCATED,ALLOCATED,EU,SAME_DAY
ORD-105397,SKU-00615,1,DC-16,EXPEDITE,2026-08-28T13:32:00,2026-08-28T19:32:00,ALLOCATED,ALLOCATED,APAC,SAME_DAY
ORD-105398,SKU-00773,1,DC-14,EXPEDITE,2026-08-28T13:35:00,2026-08-28T19:35:00,ALLOCATED,EXCEPTION,APAC,SAME_DAY
ORD-105399,SKU-00473,1,DC-03,STANDARD,2026-08-28T13:45:00,2026-08-29T13:45:00,EXCEPTION,EXCEPTION,EU,NEXT_DAY
ORD-105400,SKU-00405,1,DC-08,EXPEDITE,2026-08-28T13:53:00,2026-08-29T13:53:00,PACKING,PACKING,MEA,STANDARD
ORD-105401,SKU-00533,1,DC-05,STANDARD,2026-08-28T14:02:00,2026-08-28T20:02:00,EXCEPTION,EXCEPTION,EU,SAME_DAY
ORD-105402,SKU-00385,1,DC-02,STANDARD,2026-08-28T14:11:00,2026-08-29T14:11:00,SHIPPED,EXCEPTION,MEA,SAME_DAY
ORD-105403,SKU-00055,1,DC-02,EXPEDITE,2026-08-28T14:16:00,2026-08-28T22:16:00,SHIPPED,SHIPPED,LATAM,STANDARD
ORD-105404,SKU-00354,1,DC-05,STANDARD,2026-08-28T14:19:00,2026-08-28T22:19:00,PICKING,PICKING,APAC,SAME_DAY
ORD-105405,SKU-00438,1,DC-17,STANDARD,2026-08-28T14:29:00,2026-08-28T22:29:00,RELEASED,RELEASED,EU,NEXT_DAY
ORD-105406,SKU-00843,1,DC-08,CRITICAL,2026-08-28T14:30:00,2026-08-28T22:30:00,SHIPPED,EXCEPTION,MEA,NEXT_DAY
ORD-105407,SKU-01200,1,DC-02,STANDARD,2026-08-28T14:48:00,2026-08-29T14:48:00,STAGED,HOLD,MEA,STANDARD
ORD-105408,SKU-01052,1,DC-14,EXPEDITE,2026-08-28T14:51:00,2026-08-29T02:51:00,SHIPPED,SHIPPED,EU,NEXT_DAY
ORD-105409,SKU-00044,1,DC-17,EXPEDITE,2026-08-28T14:55:00,2026-08-28T20:55:00,PICKING,EXCEPTION,EU,NEXT_DAY
ORD-105410,SKU-00123,1,DC-11,STANDARD,2026-08-28T15:02:00,2026-08-29T15:02:00,RELEASED,RELEASED,EU,STANDARD
ORD-105411,SKU-00156,1,DC-09,STANDARD,2026-08-28T15:03:00,2026-08-28T19:03:00,ALLOCATED,ALLOCATED,MEA,SAME_DAY
ORD-105412,SKU-00838,1,DC-05,STANDARD,2026-08-28T15:12:00,2026-08-28T23:12:00,EXCEPTION,EXCEPTION,APAC,NEXT_DAY
ORD-105413,SKU-00312,1,DC-04,STANDARD,2026-08-28T15:22:00,2026-08-28T19:22:00,ALLOCATED,EXCEPTION,EU,SAME_DAY
ORD-105414,SKU-00345,1,DC-10,EXPEDITE,2026-08-28T15:37:00,2026-08-28T19:37:00,PACKING,PACKING,APAC,SAME_DAY
ORD-105415,SKU-01191,1,DC-10,EXPEDITE,2026-08-28T15:38:00,2026-08-28T19:38:00,PACKING,HOLD,MEA,SAME_DAY
ORD-105416,SKU-00823,1,DC-03,STANDARD,2026-08-28T15:58:00,2026-08-28T19:58:00,ALLOCATED,EXCEPTION,APAC,STANDARD
ORD-105417,SKU-00934,1,DC-17,STANDARD,2026-08-28T15:58:00,2026-08-28T23:58:00,PICKING,PICKING,MEA,STANDARD
ORD-105418,SKU-00186,1,DC-17,CRITICAL,2026-08-28T16:00:00,2026-08-28T22:00:00,PICKING,EXCEPTION,LATAM,NEXT_DAY
ORD-105419,SKU-01000,1,DC-11,STANDARD,2026-08-28T16:01:00,2026-08-29T16:01:00,PICKING,PICKING,LATAM,STANDARD
ORD-105420,SKU-01118,1,DC-17,EXPEDITE,2026-08-28T16:02:00,2026-08-29T16:02:00,ALLOCATED,ALLOCATED,APAC,NEXT_DAY
ORD-105421,SKU-00947,1,DC-13,EXPEDITE,2026-08-28T16:10:00,2026-08-28T22:10:00,EXCEPTION,EXCEPTION,MEA,STANDARD
ORD-105422,SKU-01182,1,DC-17,STANDARD,2026-08-28T16:12:00,2026-08-29T00:12:00,ALLOCATED,ALLOCATED,EU,SAME_DAY
ORD-105423,SKU-00122,1,DC-02,STANDARD,2026-08-28T17:02:00,2026-08-29T17:02:00,EXCEPTION,HOLD,LATAM,SAME_DAY
ORD-105424,SKU-00656,1,DC-03,EXPEDITE,2026-08-28T17:03:00,2026-08-28T23:03:00,STAGED,STAGED,MEA,NEXT_DAY
ORD-105425,SKU-00411,1,DC-14,STANDARD,2026-08-28T17:08:00,2026-08-28T23:08:00,PACKING,PACKING,EU,NEXT_DAY
ORD-105426,SKU-01062,1,DC-06,STANDARD,2026-08-28T17:16:00,2026-08-28T23:16:00,STAGED,STAGED,APAC,NEXT_DAY
ORD-105427,SKU-01178,1,DC-02,EXPEDITE,2026-08-28T17:16:00,2026-08-29T05:16:00,PICKING,HOLD,MEA,SAME_DAY
ORD-105428,SKU-01072,1,DC-05,EXPEDITE,2026-08-28T17:21:00,2026-08-28T23:21:00,PICKING,EXCEPTION,EU,SAME_DAY
ORD-105429,SKU-00055,1,DC-09,STANDARD,2026-08-28T17:24:00,2026-08-29T05:24:00,EXCEPTION,HOLD,APAC,SAME_DAY
ORD-105430,SKU-00707,1,DC-04,STANDARD,2026-08-28T17:32:00,2026-08-29T01:32:00,PICKING,PICKING,APAC,STANDARD
ORD-105431,SKU-00480,1,DC-15,STANDARD,2026-08-28T17:35:00,2026-08-29T17:35:00,STAGED,EXCEPTION,EU,STANDARD
ORD-105432,SKU-00606,1,DC-16,STANDARD,2026-08-28T17:37:00,2026-08-29T17:37:00,PICKING,PICKING,LATAM,SAME_DAY
ORD-105433,SKU-00151,1,DC-09,STANDARD,2026-08-28T17:41:00,2026-08-29T17:41:00,SHIPPED,SHIPPED,MEA,STANDARD
ORD-105434,SKU-01055,1,DC-16,STANDARD,2026-08-28T17:45:00,2026-08-29T17:45:00,EXCEPTION,EXCEPTION,EU,STANDARD
ORD-105435,SKU-01188,1,DC-15,STANDARD,2026-08-28T17:47:00,2026-08-28T21:47:00,SHIPPED,SHIPPED,MEA,STANDARD
ORD-105436,SKU-00532,1,DC-04,STANDARD,2026-08-28T17:51:00,2026-08-28T23:51:00,STAGED,STAGED,EU,SAME_DAY
ORD-105437,SKU-01062,1,DC-13,STANDARD,2026-08-28T18:03:00,2026-08-29T02:03:00,STAGED,EXCEPTION,LATAM,STANDARD
ORD-105438,SKU-00973,1,DC-18,STANDARD,2026-08-28T18:03:00,2026-08-29T02:03:00,RELEASED,HOLD,MEA,STANDARD
ORD-105439,SKU-00158,1,DC-10,STANDARD,2026-08-28T18:03:00,2026-08-29T00:03:00,PICKING,HOLD,MEA,SAME_DAY
ORD-105440,SKU-00431,1,DC-18,STANDARD,2026-08-28T18:10:00,2026-08-29T06:10:00,STAGED,STAGED,APAC,STANDARD
ORD-105441,SKU-00209,1,DC-14,CRITICAL,2026-08-28T18:10:00,2026-08-29T18:10:00,ALLOCATED,EXCEPTION,LATAM,STANDARD
ORD-105442,SKU-00766,1,DC-13,STANDARD,2026-08-28T18:17:00,2026-08-29T06:17:00,RELEASED,RELEASED,LATAM,SAME_DAY
ORD-105443,SKU-00234,1,DC-07,STANDARD,2026-08-28T18:19:00,2026-08-29T06:19:00,RELEASED,RELEASED,EU,SAME_DAY
ORD-105444,SKU-00559,1,DC-02,CRITICAL,2026-08-28T18:28:00,2026-08-28T22:28:00,PICKING,PICKING,EU,NEXT_DAY
ORD-105445,SKU-00492,1,DC-16,STANDARD,2026-08-28T18:34:00,2026-08-29T02:34:00,SHIPPED,SHIPPED,MEA,STANDARD
ORD-105446,SKU-00546,1,DC-13,EXPEDITE,2026-08-28T18:46:00,2026-08-29T18:46:00,EXCEPTION,HOLD,MEA,SAME_DAY
ORD-105447,SKU-00534,1,DC-17,STANDARD,2026-08-28T18:47:00,2026-08-29T06:47:00,SHIPPED,SHIPPED,MEA,STANDARD
ORD-105448,SKU-00302,1,DC-15,STANDARD,2026-08-28T18:56:00,2026-08-29T00:56:00,PACKING,PACKING,EU,STANDARD
ORD-105449,SKU-01118,1,DC-06,STANDARD,2026-08-28T19:13:00,2026-08-29T19:13:00,PACKING,PACKING,APAC,SAME_DAY
ORD-105450,SKU-00895,1,DC-07,STANDARD,2026-08-28T19:47:00,2026-08-28T23:47:00,PACKING,EXCEPTION,EU,SAME_DAY
ORD-105451,SKU-00830,1,DC-05,STANDARD,2026-08-28T19:53:00,2026-08-29T07:53:00,PACKING,PACKING,EU,SAME_DAY
ORD-105452,SKU-00699,1,DC-13,STANDARD,2026-08-28T19:55:00,2026-08-29T07:55:00,RELEASED,EXCEPTION,APAC,NEXT_DAY
ORD-105453,SKU-00900,1,DC-13,STANDARD,2026-08-28T20:07:00,2026-08-29T00:07:00,EXCEPTION,EXCEPTION,MEA,NEXT_DAY
ORD-105454,SKU-00050,1,DC-03,CRITICAL,2026-08-28T20:42:00,2026-08-29T04:42:00,PACKING,PACKING,MEA,STANDARD
ORD-105455,SKU-00604,1,DC-04,STANDARD,2026-08-28T20:48:00,2026-08-29T20:48:00,EXCEPTION,HOLD,EU,STANDARD
ORD-105456,SKU-00465,1,DC-13,STANDARD,2026-08-28T20:55:00,2026-08-29T20:55:00,EXCEPTION,EXCEPTION,APAC,SAME_DAY
ORD-105457,SKU-00012,1,DC-03,STANDARD,2026-08-28T21:03:00,2026-08-29T09:03:00,PACKING,PACKING,EU,STANDARD
ORD-105458,SKU-00495,1,DC-03,STANDARD,2026-08-28T21:09:00,2026-08-29T01:09:00,SHIPPED,SHIPPED,EU,NEXT_DAY
ORD-105459,SKU-00874,1,DC-02,EXPEDITE,2026-08-28T21:15:00,2026-08-29T21:15:00,PICKING,EXCEPTION,MEA,NEXT_DAY
ORD-105460,SKU-00265,1,DC-02,STANDARD,2026-08-28T21:19:00,2026-08-29T03:19:00,PACKING,PACKING,MEA,STANDARD
ORD-105461,SKU-00919,1,DC-18,STANDARD,2026-08-28T21:19:00,2026-08-29T21:19:00,PACKING,HOLD,APAC,NEXT_DAY
ORD-105462,SKU-00923,1,DC-05,EXPEDITE,2026-08-28T21:20:00,2026-08-29T01:20:00,STAGED,EXCEPTION,LATAM,SAME_DAY
ORD-105463,SKU-00995,1,DC-16,EXPEDITE,2026-08-28T21:20:00,2026-08-29T09:20:00,PICKING,PICKING,MEA,SAME_DAY
ORD-105464,SKU-00995,1,DC-17,STANDARD,2026-08-28T21:21:00,2026-08-29T01:21:00,RELEASED,HOLD,LATAM,STANDARD
ORD-105465,SKU-01012,1,DC-05,STANDARD,2026-08-28T21:33:00,2026-08-29T09:33:00,EXCEPTION,EXCEPTION,EU,STANDARD
ORD-105466,SKU-00438,1,DC-11,STANDARD,2026-08-28T21:36:00,2026-08-29T05:36:00,PICKING,PICKING,EU,SAME_DAY
ORD-105467,SKU-00890,1,DC-01,STANDARD,2026-08-28T21:44:00,2026-08-29T01:44:00,PICKING,HOLD,LATAM,SAME_DAY
ORD-105468,SKU-00456,1,DC-08,STANDARD,2026-08-28T21:46:00,2026-08-29T09:46:00,SHIPPED,SHIPPED,APAC,NEXT_DAY
ORD-105469,SKU-00435,1,DC-18,STANDARD,2026-08-28T21:47:00,2026-08-29T01:47:00,RELEASED,EXCEPTION,APAC,NEXT_DAY
ORD-105470,SKU-00311,1,DC-03,CRITICAL,2026-08-28T21:53:00,2026-08-29T05:53:00,EXCEPTION,EXCEPTION,APAC,SAME_DAY
ORD-105471,SKU-00971,1,DC-09,STANDARD,2026-08-28T21:53:00,2026-08-29T09:53:00,PACKING,PACKING,APAC,NEXT_DAY
ORD-105472,SKU-00949,1,DC-17,STANDARD,2026-08-28T21:54:00,2026-08-29T01:54:00,STAGED,STAGED,LATAM,SAME_DAY
ORD-105473,SKU-00503,1,DC-10,STANDARD,2026-08-28T22:01:00,2026-08-29T22:01:00,SHIPPED,SHIPPED,MEA,STANDARD
ORD-105474,SKU-00764,1,DC-04,STANDARD,2026-08-28T22:02:00,2026-08-29T22:02:00,SHIPPED,EXCEPTION,LATAM,SAME_DAY
ORD-105475,SKU-00761,1,DC-10,STANDARD,2026-08-28T22:04:00,2026-08-29T22:04:00,STAGED,STAGED,EU,STANDARD
ORD-105476,SKU-00393,1,DC-03,STANDARD,2026-08-28T22:04:00,2026-08-29T04:04:00,PACKING,PACKING,APAC,NEXT_DAY
ORD-105477,SKU-00362,1,DC-17,STANDARD,2026-08-28T22:14:00,2026-08-29T22:14:00,PACKING,EXCEPTION,EU,SAME_DAY
ORD-105478,SKU-00456,1,DC-04,STANDARD,2026-08-28T22:17:00,2026-08-29T06:17:00,EXCEPTION,EXCEPTION,MEA,STANDARD
ORD-105479,SKU-00646,1,DC-01,STANDARD,2026-08-28T22:31:00,2026-08-29T06:31:00,SHIPPED,SHIPPED,APAC,STANDARD
ORD-105480,SKU-00516,1,DC-17,STANDARD,2026-08-28T22:34:00,2026-08-29T06:34:00,PICKING,PICKING,EU,SAME_DAY
ORD-105481,SKU-00212,1,DC-18,STANDARD,2026-08-28T22:35:00,2026-08-29T22:35:00,PACKING,EXCEPTION,EU,SAME_DAY
ORD-105482,SKU-00027,1,DC-05,STANDARD,2026-08-28T22:40:00,2026-08-29T06:40:00,SHIPPED,EXCEPTION,LATAM,SAME_DAY
ORD-105483,SKU-00943,1,DC-14,STANDARD,2026-08-28T22:45:00,2026-08-29T06:45:00,ALLOCATED,HOLD,MEA,SAME_DAY
ORD-105484,SKU-00492,1,DC-04,STANDARD,2026-08-28T22:55:00,2026-08-29T04:55:00,PICKING,PICKING,LATAM,STANDARD
ORD-105485,SKU-00118,1,DC-04,EXPEDITE,2026-08-28T22:57:00,2026-08-29T10:57:00,ALLOCATED,ALLOCATED,EU,STANDARD
ORD-105486,SKU-00887,1,DC-02,EXPEDITE,2026-08-28T23:01:00,2026-08-29T23:01:00,RELEASED,RELEASED,EU,SAME_DAY
ORD-105487,SKU-00992,1,DC-13,STANDARD,2026-08-28T23:12:00,2026-08-29T11:12:00,PICKING,PICKING,LATAM,STANDARD
ORD-105488,SKU-00806,1,DC-09,EXPEDITE,2026-08-28T23:13:00,2026-08-29T11:13:00,STAGED,EXCEPTION,LATAM,NEXT_DAY
ORD-105489,SKU-00180,1,DC-15,STANDARD,2026-08-28T23:16:00,2026-08-29T07:16:00,EXCEPTION,EXCEPTION,MEA,STANDARD
ORD-105490,SKU-00389,1,DC-12,EXPEDITE,2026-08-28T23:26:00,2026-08-29T05:26:00,SHIPPED,HOLD,APAC,SAME_DAY
ORD-105491,SKU-00302,1,DC-07,STANDARD,2026-08-28T23:29:00,2026-08-29T07:29:00,RELEASED,RELEASED,APAC,STANDARD
ORD-105492,SKU-01155,1,DC-01,STANDARD,2026-08-28T23:40:00,2026-08-29T05:40:00,EXCEPTION,EXCEPTION,EU,STANDARD
ORD-105493,SKU-00869,1,DC-06,STANDARD,2026-08-28T23:44:00,2026-08-29T11:44:00,STAGED,HOLD,EU,NEXT_DAY
ORD-105494,SKU-00890,1,DC-05,STANDARD,2026-08-28T23:47:00,2026-08-29T05:47:00,STAGED,STAGED,LATAM,SAME_DAY
ORD-105495,SKU-01181,1,DC-11,CRITICAL,2026-08-28T23:51:00,2026-08-29T23:51:00,STAGED,STAGED,MEA,STANDARD
ORD-105496,SKU-00969,1,DC-17,STANDARD,2026-08-29T00:07:00,2026-08-30T00:07:00,PICKING,PICKING,MEA,STANDARD
ORD-105497,SKU-00830,1,DC-06,STANDARD,2026-08-29T00:07:00,2026-08-29T08:07:00,PACKING,EXCEPTION,MEA,STANDARD
ORD-105498,SKU-00688,1,DC-08,STANDARD,2026-08-29T00:14:00,2026-08-29T08:14:00,PICKING,PICKING,EU,SAME_DAY
ORD-105499,SKU-00260,1,DC-06,STANDARD,2026-08-29T00:18:00,2026-08-29T04:18:00,PICKING,EXCEPTION,MEA,NEXT_DAY
ORD-105500,SKU-00057,1,DC-15,STANDARD,2026-08-29T00:18:00,2026-08-29T08:18:00,STAGED,STAGED,MEA,STANDARD
ORD-105501,SKU-00469,1,DC-11,STANDARD,2026-08-29T00:20:00,2026-08-29T06:20:00,STAGED,EXCEPTION,APAC,STANDARD
ORD-105502,SKU-00796,1,DC-10,STANDARD,2026-08-29T00:41:00,2026-08-29T06:41:00,RELEASED,RELEASED,MEA,NEXT_DAY
ORD-105503,SKU-00150,1,DC-13,EXPEDITE,2026-08-29T00:44:00,2026-08-30T00:44:00,EXCEPTION,EXCEPTION,MEA,NEXT_DAY
ORD-105504,SKU-01198,1,DC-11,STANDARD,2026-08-29T01:01:00,2026-08-29T05:01:00,PACKING,HOLD,EU,STANDARD
ORD-105505,SKU-00024,1,DC-17,STANDARD,2026-08-29T01:05:00,2026-08-29T09:05:00,RELEASED,RELEASED,EU,SAME_DAY
ORD-105506,SKU-00476,1,DC-07,STANDARD,2026-08-29T01:20:00,2026-08-29T09:20:00,RELEASED,HOLD,LATAM,NEXT_DAY
ORD-105507,SKU-00405,1,DC-11,CRITICAL,2026-08-29T01:24:00,2026-08-29T09:24:00,STAGED,STAGED,APAC,NEXT_DAY
ORD-105508,SKU-00664,1,DC-17,STANDARD,2026-08-29T01:29:00,2026-08-29T07:29:00,STAGED,EXCEPTION,APAC,STANDARD
ORD-105509,SKU-00996,1,DC-05,STANDARD,2026-08-29T01:31:00,2026-08-29T13:31:00,PICKING,HOLD,APAC,SAME_DAY
ORD-105510,SKU-00732,1,DC-14,CRITICAL,2026-08-29T01:37:00,2026-08-30T01:37:00,PACKING,PACKING,APAC,NEXT_DAY
ORD-105511,SKU-00995,1,DC-07,STANDARD,2026-08-29T01:54:00,2026-08-29T07:54:00,SHIPPED,EXCEPTION,EU,SAME_DAY
ORD-105512,SKU-00353,1,DC-12,STANDARD,2026-08-29T02:04:00,2026-08-29T08:04:00,EXCEPTION,EXCEPTION,LATAM,NEXT_DAY
ORD-105513,SKU-00348,1,DC-08,STANDARD,2026-08-29T02:11:00,2026-08-29T08:11:00,PACKING,HOLD,MEA,STANDARD
ORD-105514,SKU-00501,1,DC-04,CRITICAL,2026-08-29T02:43:00,2026-08-29T10:43:00,ALLOCATED,ALLOCATED,EU,NEXT_DAY
ORD-105515,SKU-00538,1,DC-16,CRITICAL,2026-08-29T02:44:00,2026-08-30T02:44:00,STAGED,EXCEPTION,EU,SAME_DAY
ORD-105516,SKU-00712,1,DC-01,EXPEDITE,2026-08-29T02:46:00,2026-08-29T10:46:00,PACKING,HOLD,MEA,STANDARD
ORD-105517,SKU-00702,1,DC-18,STANDARD,2026-08-29T02:51:00,2026-08-29T08:51:00,PACKING,EXCEPTION,APAC,SAME_DAY
ORD-105518,SKU-01139,1,DC-01,STANDARD,2026-08-29T02:53:00,2026-08-29T10:53:00,RELEASED,RELEASED,LATAM,STANDARD
ORD-105519,SKU-00106,1,DC-16,STANDARD,2026-08-29T02:58:00,2026-08-29T14:58:00,STAGED,EXCEPTION,EU,NEXT_DAY
ORD-105520,SKU-01145,1,DC-09,EXPEDITE,2026-08-29T03:02:00,2026-08-30T03:02:00,PICKING,PICKING,APAC,NEXT_DAY
ORD-105521,SKU-00388,1,DC-18,CRITICAL,2026-08-29T03:19:00,2026-08-29T11:19:00,STAGED,STAGED,LATAM,SAME_DAY
ORD-105522,SKU-00092,1,DC-06,STANDARD,2026-08-29T03:31:00,2026-08-29T15:31:00,PICKING,EXCEPTION,APAC,SAME_DAY
ORD-105523,SKU-00278,1,DC-09,STANDARD,2026-08-29T03:50:00,2026-08-29T11:50:00,SHIPPED,EXCEPTION,MEA,SAME_DAY
ORD-105524,SKU-00249,1,DC-14,STANDARD,2026-08-29T03:50:00,2026-08-29T07:50:00,STAGED,EXCEPTION,LATAM,STANDARD
ORD-105525,SKU-00920,1,DC-11,STANDARD,2026-08-29T03:51:00,2026-08-29T07:51:00,SHIPPED,SHIPPED,EU,SAME_DAY
ORD-105526,SKU-00618,1,DC-10,STANDARD,2026-08-29T03:53:00,2026-08-29T07:53:00,SHIPPED,SHIPPED,LATAM,STANDARD
ORD-105527,SKU-01030,1,DC-09,STANDARD,2026-08-29T03:55:00,2026-08-29T15:55:00,RELEASED,RELEASED,MEA,STANDARD
ORD-105528,SKU-00117,1,DC-16,STANDARD,2026-08-29T03:56:00,2026-08-30T03:56:00,PICKING,PICKING,APAC,NEXT_DAY
ORD-105529,SKU-00052,1,DC-14,STANDARD,2026-08-29T04:24:00,2026-08-29T10:24:00,STAGED,EXCEPTION,EU,STANDARD
ORD-105530,SKU-01181,1,DC-05,EXPEDITE,2026-08-29T04:34:00,2026-08-29T16:34:00,SHIPPED,SHIPPED,LATAM,SAME_DAY
ORD-105531,SKU-00373,1,DC-06,EXPEDITE,2026-08-29T04:50:00,2026-08-29T08:50:00,RELEASED,HOLD,APAC,NEXT_DAY
ORD-105532,SKU-00329,1,DC-07,CRITICAL,2026-08-29T04:50:00,2026-08-29T16:50:00,STAGED,STAGED,LATAM,SAME_DAY
ORD-105533,SKU-00469,1,DC-04,EXPEDITE,2026-08-29T04:51:00,2026-08-29T12:51:00,PACKING,HOLD,EU,SAME_DAY
ORD-105534,SKU-00710,1,DC-01,STANDARD,2026-08-29T04:52:00,2026-08-29T10:52:00,PICKING,HOLD,LATAM,STANDARD
ORD-105535,SKU-00182,1,DC-07,STANDARD,2026-08-29T04:53:00,2026-08-29T12:53:00,RELEASED,RELEASED,APAC,STANDARD
ORD-105536,SKU-00391,1,DC-16,CRITICAL,2026-08-29T04:56:00,2026-08-29T16:56:00,SHIPPED,SHIPPED,APAC,SAME_DAY
ORD-105537,SKU-00797,1,DC-07,STANDARD,2026-08-29T05:08:00,2026-08-29T17:08:00,RELEASED,RELEASED,LATAM,SAME_DAY
ORD-105538,SKU-00895,1,DC-08,STANDARD,2026-08-29T05:39:00,2026-08-29T13:39:00,SHIPPED,SHIPPED,LATAM,STANDARD
ORD-105539,SKU-01177,1,DC-11,STANDARD,2026-08-29T06:04:00,2026-08-29T10:04:00,PICKING,PICKING,MEA,SAME_DAY
ORD-105540,SKU-00436,1,DC-14,EXPEDITE,2026-08-29T06:05:00,2026-08-30T06:05:00,STAGED,STAGED,EU,NEXT_DAY
ORD-105541,SKU-00276,1,DC-16,STANDARD,2026-08-29T06:09:00,2026-08-29T12:09:00,RELEASED,RELEASED,MEA,STANDARD
ORD-105542,SKU-00543,1,DC-09,STANDARD,2026-08-29T06:11:00,2026-08-29T12:11:00,PICKING,HOLD,EU,STANDARD
ORD-105543,SKU-00804,1,DC-08,STANDARD,2026-08-29T06:14:00,2026-08-30T06:14:00,PICKING,PICKING,LATAM,STANDARD
ORD-105544,SKU-00587,1,DC-18,EXPEDITE,2026-08-29T06:24:00,2026-08-29T10:24:00,SHIPPED,SHIPPED,LATAM,NEXT_DAY
ORD-105545,SKU-00567,1,DC-15,STANDARD,2026-08-29T06:27:00,2026-08-29T14:27:00,EXCEPTION,EXCEPTION,EU,NEXT_DAY
ORD-105546,SKU-00627,1,DC-16,STANDARD,2026-08-29T06:39:00,2026-08-29T12:39:00,EXCEPTION,HOLD,APAC,STANDARD
ORD-105547,SKU-00139,1,DC-16,STANDARD,2026-08-29T06:46:00,2026-08-29T10:46:00,PACKING,HOLD,EU,NEXT_DAY
ORD-105548,SKU-00840,1,DC-10,EXPEDITE,2026-08-29T06:49:00,2026-08-29T18:49:00,SHIPPED,SHIPPED,EU,SAME_DAY
ORD-105549,SKU-00503,1,DC-05,EXPEDITE,2026-08-29T06:51:00,2026-08-29T10:51:00,STAGED,EXCEPTION,EU,SAME_DAY
ORD-105550,SKU-00980,1,DC-07,STANDARD,2026-08-29T07:03:00,2026-08-29T19:03:00,EXCEPTION,EXCEPTION,LATAM,STANDARD
ORD-105551,SKU-00051,1,DC-05,STANDARD,2026-08-29T07:21:00,2026-08-29T11:21:00,SHIPPED,SHIPPED,LATAM,SAME_DAY
ORD-105552,SKU-00668,1,DC-03,CRITICAL,2026-08-29T07:23:00,2026-08-29T13:23:00,ALLOCATED,EXCEPTION,LATAM,NEXT_DAY
ORD-105553,SKU-00634,1,DC-12,STANDARD,2026-08-29T07:33:00,2026-08-29T11:33:00,ALLOCATED,ALLOCATED,EU,NEXT_DAY
ORD-105554,SKU-01084,1,DC-15,EXPEDITE,2026-08-29T07:36:00,2026-08-30T07:36:00,SHIPPED,SHIPPED,MEA,SAME_DAY
ORD-105555,SKU-00668,1,DC-18,STANDARD,2026-08-29T07:44:00,2026-08-29T13:44:00,ALLOCATED,HOLD,APAC,SAME_DAY
ORD-105556,SKU-00351,1,DC-04,STANDARD,2026-08-29T07:51:00,2026-08-29T11:51:00,PACKING,PACKING,EU,STANDARD
ORD-105557,SKU-01063,1,DC-16,EXPEDITE,2026-08-29T07:54:00,2026-08-29T13:54:00,SHIPPED,EXCEPTION,APAC,NEXT_DAY
ORD-105558,SKU-00201,1,DC-04,STANDARD,2026-08-29T08:03:00,2026-08-29T14:03:00,EXCEPTION,EXCEPTION,LATAM,NEXT_DAY
ORD-105559,SKU-00217,1,DC-05,STANDARD,2026-08-29T08:05:00,2026-08-30T08:05:00,PACKING,PACKING,MEA,SAME_DAY
ORD-105560,SKU-00237,1,DC-09,STANDARD,2026-08-29T08:05:00,2026-08-29T16:05:00,PACKING,PACKING,LATAM,NEXT_DAY
ORD-105561,SKU-00229,1,DC-17,EXPEDITE,2026-08-29T08:10:00,2026-08-29T14:10:00,PACKING,EXCEPTION,MEA,STANDARD
ORD-105562,SKU-00216,1,DC-02,STANDARD,2026-08-29T08:23:00,2026-08-29T20:23:00,ALLOCATED,EXCEPTION,LATAM,STANDARD
ORD-105563,SKU-01077,1,DC-05,STANDARD,2026-08-29T08:39:00,2026-08-29T14:39:00,ALLOCATED,ALLOCATED,LATAM,NEXT_DAY
ORD-105564,SKU-00398,1,DC-05,CRITICAL,2026-08-29T08:39:00,2026-08-29T12:39:00,RELEASED,RELEASED,EU,SAME_DAY
ORD-105565,SKU-00149,1,DC-12,STANDARD,2026-08-29T08:41:00,2026-08-29T16:41:00,RELEASED,RELEASED,EU,SAME_DAY
ORD-105566,SKU-00615,1,DC-10,STANDARD,2026-08-29T08:48:00,2026-08-29T16:48:00,SHIPPED,SHIPPED,EU,SAME_DAY
ORD-105567,SKU-01131,1,DC-04,STANDARD,2026-08-29T08:51:00,2026-08-29T14:51:00,PICKING,EXCEPTION,MEA,STANDARD
ORD-105568,SKU-00142,1,DC-04,CRITICAL,2026-08-29T09:14:00,2026-08-29T21:14:00,RELEASED,HOLD,EU,SAME_DAY
ORD-105569,SKU-00740,1,DC-18,STANDARD,2026-08-29T09:14:00,2026-08-29T21:14:00,PACKING,PACKING,APAC,SAME_DAY
ORD-105570,SKU-00826,1,DC-02,STANDARD,2026-08-29T09:15:00,2026-08-29T21:15:00,ALLOCATED,ALLOCATED,EU,STANDARD
ORD-105571,SKU-00383,1,DC-02,STANDARD,2026-08-29T09:37:00,2026-08-29T21:37:00,STAGED,STAGED,EU,SAME_DAY
ORD-105572,SKU-00106,1,DC-16,EXPEDITE,2026-08-29T09:38:00,2026-08-29T15:38:00,STAGED,EXCEPTION,EU,SAME_DAY
ORD-105573,SKU-00253,1,DC-18,EXPEDITE,2026-08-29T09:49:00,2026-08-29T13:49:00,ALLOCATED,ALLOCATED,LATAM,NEXT_DAY
ORD-105574,SKU-00694,1,DC-09,STANDARD,2026-08-29T09:50:00,2026-08-29T17:50:00,ALLOCATED,ALLOCATED,EU,STANDARD
ORD-105575,SKU-00547,1,DC-09,STANDARD,2026-08-29T09:56:00,2026-08-29T17:56:00,RELEASED,RELEASED,APAC,SAME_DAY
ORD-105576,SKU-01199,1,DC-07,EXPEDITE,2026-08-29T09:56:00,2026-08-29T13:56:00,RELEASED,RELEASED,MEA,NEXT_DAY
ORD-105577,SKU-00280,1,DC-09,STANDARD,2026-08-29T09:59:00,2026-08-29T15:59:00,SHIPPED,HOLD,MEA,STANDARD
ORD-105578,SKU-00594,1,DC-02,CRITICAL,2026-08-29T10:01:00,2026-08-29T22:01:00,RELEASED,HOLD,LATAM,NEXT_DAY
ORD-105579,SKU-00532,1,DC-12,STANDARD,2026-08-29T10:05:00,2026-08-29T16:05:00,ALLOCATED,EXCEPTION,EU,STANDARD
ORD-105580,SKU-00805,1,DC-14,STANDARD,2026-08-29T10:24:00,2026-08-29T22:24:00,PACKING,PACKING,EU,NEXT_DAY
ORD-105581,SKU-00352,1,DC-10,STANDARD,2026-08-29T10:25:00,2026-08-29T16:25:00,RELEASED,RELEASED,APAC,SAME_DAY
ORD-105582,SKU-01016,1,DC-03,EXPEDITE,2026-08-29T10:26:00,2026-08-30T10:26:00,STAGED,STAGED,MEA,NEXT_DAY
ORD-105583,SKU-00336,1,DC-18,STANDARD,2026-08-29T10:33:00,2026-08-29T16:33:00,PACKING,EXCEPTION,LATAM,STANDARD
ORD-105584,SKU-00837,1,DC-04,STANDARD,2026-08-29T10:56:00,2026-08-29T14:56:00,EXCEPTION,EXCEPTION,EU,NEXT_DAY
ORD-105585,SKU-01061,1,DC-14,STANDARD,2026-08-29T11:39:00,2026-08-30T11:39:00,SHIPPED,SHIPPED,LATAM,NEXT_DAY
ORD-105586,SKU-00558,1,DC-10,STANDARD,2026-08-29T11:39:00,2026-08-29T15:39:00,ALLOCATED,ALLOCATED,MEA,NEXT_DAY
ORD-105587,SKU-00702,1,DC-14,STANDARD,2026-08-29T11:48:00,2026-08-29T23:48:00,PICKING,PICKING,EU,STANDARD
ORD-105588,SKU-00915,1,DC-14,STANDARD,2026-08-29T11:49:00,2026-08-29T23:49:00,RELEASED,RELEASED,APAC,STANDARD
ORD-105589,SKU-00014,1,DC-12,EXPEDITE,2026-08-29T11:51:00,2026-08-29T23:51:00,RELEASED,RELEASED,APAC,STANDARD
ORD-105590,SKU-00430,1,DC-09,STANDARD,2026-08-29T11:52:00,2026-08-30T11:52:00,RELEASED,HOLD,LATAM,STANDARD
ORD-105591,SKU-00532,1,DC-17,EXPEDITE,2026-08-29T11:57:00,2026-08-29T19:57:00,PACKING,HOLD,MEA,NEXT_DAY
ORD-105592,SKU-01037,1,DC-11,STANDARD,2026-08-29T12:04:00,2026-08-30T12:04:00,EXCEPTION,EXCEPTION,APAC,STANDARD
ORD-105593,SKU-00247,1,DC-16,STANDARD,2026-08-29T12:25:00,2026-08-30T00:25:00,SHIPPED,EXCEPTION,LATAM,NEXT_DAY
ORD-105594,SKU-00678,1,DC-02,STANDARD,2026-08-29T12:26:00,2026-08-30T12:26:00,PACKING,PACKING,MEA,SAME_DAY
ORD-105595,SKU-00911,1,DC-03,CRITICAL,2026-08-29T12:29:00,2026-08-29T20:29:00,EXCEPTION,EXCEPTION,MEA,STANDARD
ORD-105596,SKU-01012,1,DC-11,EXPEDITE,2026-08-29T12:31:00,2026-08-30T12:31:00,PACKING,PACKING,MEA,STANDARD
ORD-105597,SKU-00800,1,DC-17,STANDARD,2026-08-29T12:39:00,2026-08-29T20:39:00,ALLOCATED,ALLOCATED,MEA,STANDARD
ORD-105598,SKU-00530,1,DC-09,EXPEDITE,2026-08-29T12:45:00,2026-08-29T16:45:00,PICKING,PICKING,MEA,SAME_DAY
ORD-105599,SKU-00531,1,DC-09,STANDARD,2026-08-29T13:08:00,2026-08-30T01:08:00,PACKING,EXCEPTION,APAC,SAME_DAY
ORD-105600,SKU-00754,1,DC-04,STANDARD,2026-08-29T13:11:00,2026-08-29T17:11:00,EXCEPTION,EXCEPTION,LATAM,SAME_DAY
ORD-105601,SKU-00811,1,DC-05,STANDARD,2026-08-29T13:11:00,2026-08-29T17:11:00,STAGED,STAGED,LATAM,NEXT_DAY
ORD-105602,SKU-00620,1,DC-17,STANDARD,2026-08-29T13:13:00,2026-08-29T21:13:00,ALLOCATED,EXCEPTION,EU,STANDARD
ORD-105603,SKU-00990,1,DC-07,STANDARD,2026-08-29T13:13:00,2026-08-30T01:13:00,SHIPPED,SHIPPED,MEA,NEXT_DAY
ORD-105604,SKU-01191,1,DC-09,EXPEDITE,2026-08-29T13:18:00,2026-08-29T19:18:00,RELEASED,EXCEPTION,MEA,NEXT_DAY
ORD-105605,SKU-00553,1,DC-10,STANDARD,2026-08-29T13:21:00,2026-08-30T01:21:00,RELEASED,EXCEPTION,MEA,STANDARD
ORD-105606,SKU-00472,1,DC-15,EXPEDITE,2026-08-29T13:24:00,2026-08-29T17:24:00,EXCEPTION,EXCEPTION,LATAM,NEXT_DAY
ORD-105607,SKU-00414,1,DC-08,STANDARD,2026-08-29T13:25:00,2026-08-29T21:25:00,SHIPPED,SHIPPED,LATAM,NEXT_DAY
ORD-105608,SKU-00361,1,DC-08,STANDARD,2026-08-29T13:26:00,2026-08-30T01:26:00,PACKING,HOLD,MEA,SAME_DAY
ORD-105609,SKU-00925,1,DC-14,EXPEDITE,2026-08-29T13:29:00,2026-08-29T17:29:00,PACKING,HOLD,MEA,SAME_DAY
ORD-105610,SKU-00014,1,DC-14,EXPEDITE,2026-08-29T13:29:00,2026-08-29T19:29:00,PICKING,EXCEPTION,MEA,NEXT_DAY
ORD-105611,SKU-00597,1,DC-16,CRITICAL,2026-08-29T13:30:00,2026-08-30T13:30:00,ALLOCATED,ALLOCATED,LATAM,SAME_DAY
ORD-105612,SKU-00108,1,DC-09,STANDARD,2026-08-29T13:38:00,2026-08-30T01:38:00,PICKING,EXCEPTION,LATAM,NEXT_DAY
ORD-105613,SKU-00185,1,DC-18,EXPEDITE,2026-08-29T13:43:00,2026-08-29T21:43:00,PICKING,PICKING,MEA,STANDARD
ORD-105614,SKU-00374,1,DC-05,EXPEDITE,2026-08-29T13:48:00,2026-08-29T21:48:00,PACKING,PACKING,MEA,STANDARD
ORD-105615,SKU-00194,1,DC-14,STANDARD,2026-08-29T13:54:00,2026-08-30T01:54:00,ALLOCATED,ALLOCATED,EU,STANDARD
ORD-105616,SKU-00897,1,DC-18,STANDARD,2026-08-29T14:05:00,2026-08-29T20:05:00,ALLOCATED,EXCEPTION,LATAM,SAME_DAY
ORD-105617,SKU-00170,1,DC-08,STANDARD,2026-08-29T14:08:00,2026-08-29T22:08:00,EXCEPTION,EXCEPTION,EU,NEXT_DAY
ORD-105618,SKU-00799,1,DC-05,STANDARD,2026-08-29T14:09:00,2026-08-29T22:09:00,PICKING,PICKING,EU,SAME_DAY
ORD-105619,SKU-01196,1,DC-06,STANDARD,2026-08-29T14:35:00,2026-08-30T02:35:00,PACKING,PACKING,APAC,SAME_DAY
ORD-105620,SKU-00750,1,DC-13,CRITICAL,2026-08-29T14:40:00,2026-08-30T02:40:00,ALLOCATED,HOLD,APAC,SAME_DAY
ORD-105621,SKU-01011,1,DC-16,STANDARD,2026-08-29T14:52:00,2026-08-29T22:52:00,SHIPPED,SHIPPED,EU,STANDARD
ORD-105622,SKU-00844,1,DC-12,EXPEDITE,2026-08-29T15:01:00,2026-08-30T03:01:00,ALLOCATED,HOLD,LATAM,NEXT_DAY
ORD-105623,SKU-01043,1,DC-18,STANDARD,2026-08-29T15:19:00,2026-08-30T15:19:00,RELEASED,HOLD,MEA,SAME_DAY
ORD-105624,SKU-00966,1,DC-01,STANDARD,2026-08-29T15:25:00,2026-08-30T15:25:00,RELEASED,EXCEPTION,LATAM,NEXT_DAY
ORD-105625,SKU-01195,1,DC-10,STANDARD,2026-08-29T15:28:00,2026-08-30T15:28:00,SHIPPED,SHIPPED,APAC,SAME_DAY
ORD-105626,SKU-01157,1,DC-18,STANDARD,2026-08-29T15:29:00,2026-08-29T19:29:00,RELEASED,RELEASED,LATAM,SAME_DAY
ORD-105627,SKU-00242,1,DC-14,STANDARD,2026-08-29T15:36:00,2026-08-29T21:36:00,SHIPPED,EXCEPTION,EU,NEXT_DAY
ORD-105628,SKU-01085,1,DC-17,CRITICAL,2026-08-29T15:53:00,2026-08-29T23:53:00,SHIPPED,SHIPPED,MEA,STANDARD
ORD-105629,SKU-00246,1,DC-06,STANDARD,2026-08-29T16:11:00,2026-08-30T04:11:00,ALLOCATED,ALLOCATED,EU,STANDARD
ORD-105630,SKU-00580,1,DC-16,EXPEDITE,2026-08-29T16:31:00,2026-08-29T20:31:00,RELEASED,HOLD,LATAM,SAME_DAY
ORD-105631,SKU-00331,1,DC-01,STANDARD,2026-08-29T16:34:00,2026-08-30T16:34:00,RELEASED,RELEASED,APAC,SAME_DAY
ORD-105632,SKU-00322,1,DC-06,STANDARD,2026-08-29T16:49:00,2026-08-29T22:49:00,ALLOCATED,ALLOCATED,APAC,SAME_DAY
ORD-105633,SKU-00983,1,DC-13,STANDARD,2026-08-29T16:53:00,2026-08-30T04:53:00,PACKING,PACKING,MEA,STANDARD
ORD-105634,SKU-00171,1,DC-13,STANDARD,2026-08-29T16:59:00,2026-08-29T20:59:00,ALLOCATED,ALLOCATED,EU,NEXT_DAY
ORD-105635,SKU-00288,1,DC-13,STANDARD,2026-08-29T17:33:00,2026-08-30T05:33:00,PACKING,PACKING,MEA,NEXT_DAY
ORD-105636,SKU-00342,1,DC-10,STANDARD,2026-08-29T17:35:00,2026-08-30T05:35:00,SHIPPED,SHIPPED,LATAM,STANDARD
ORD-105637,SKU-00477,1,DC-15,STANDARD,2026-08-29T17:43:00,2026-08-29T23:43:00,ALLOCATED,ALLOCATED,EU,STANDARD
ORD-105638,SKU-00251,1,DC-18,EXPEDITE,2026-08-29T17:45:00,2026-08-30T17:45:00,SHIPPED,HOLD,MEA,NEXT_DAY
ORD-105639,SKU-00833,1,DC-10,STANDARD,2026-08-29T17:46:00,2026-08-30T05:46:00,SHIPPED,EXCEPTION,LATAM,SAME_DAY
ORD-105640,SKU-00138,1,DC-10,STANDARD,2026-08-29T17:47:00,2026-08-30T05:47:00,RELEASED,RELEASED,MEA,SAME_DAY
ORD-105641,SKU-00808,1,DC-06,STANDARD,2026-08-29T17:52:00,2026-08-29T23:52:00,EXCEPTION,HOLD,APAC,STANDARD
ORD-105642,SKU-00640,1,DC-18,EXPEDITE,2026-08-29T18:01:00,2026-08-30T06:01:00,RELEASED,RELEASED,MEA,STANDARD
ORD-105643,SKU-01034,1,DC-17,EXPEDITE,2026-08-29T18:03:00,2026-08-30T00:03:00,PACKING,PACKING,APAC,SAME_DAY
ORD-105644,SKU-00914,1,DC-17,EXPEDITE,2026-08-29T18:11:00,2026-08-30T02:11:00,PACKING,PACKING,APAC,SAME_DAY
ORD-105645,SKU-00924,1,DC-15,STANDARD,2026-08-29T18:25:00,2026-08-30T00:25:00,ALLOCATED,ALLOCATED,LATAM,STANDARD
ORD-105646,SKU-01195,1,DC-05,STANDARD,2026-08-29T18:28:00,2026-08-30T02:28:00,SHIPPED,HOLD,MEA,NEXT_DAY
ORD-105647,SKU-00290,1,DC-10,EXPEDITE,2026-08-29T18:30:00,2026-08-30T06:30:00,PACKING,HOLD,APAC,STANDARD
ORD-105648,SKU-00044,1,DC-04,STANDARD,2026-08-29T18:38:00,2026-08-30T00:38:00,SHIPPED,HOLD,APAC,NEXT_DAY
ORD-105649,SKU-01103,1,DC-15,STANDARD,2026-08-29T18:48:00,2026-08-30T18:48:00,STAGED,STAGED,LATAM,SAME_DAY
ORD-105650,SKU-00696,1,DC-06,STANDARD,2026-08-29T18:54:00,2026-08-30T02:54:00,PACKING,EXCEPTION,MEA,NEXT_DAY
ORD-105651,SKU-00915,1,DC-04,STANDARD,2026-08-29T19:18:00,2026-08-30T03:18:00,STAGED,EXCEPTION,EU,NEXT_DAY
ORD-105652,SKU-00943,1,DC-09,STANDARD,2026-08-29T19:19:00,2026-08-30T19:19:00,PICKING,EXCEPTION,EU,STANDARD
ORD-105653,SKU-00385,1,DC-13,STANDARD,2026-08-29T19:31:00,2026-08-30T03:31:00,PICKING,PICKING,APAC,SAME_DAY
ORD-105654,SKU-00118,1,DC-17,STANDARD,2026-08-29T19:42:00,2026-08-30T03:42:00,PICKING,PICKING,LATAM,STANDARD
ORD-105655,SKU-00438,1,DC-07,STANDARD,2026-08-29T19:44:00,2026-08-30T03:44:00,PACKING,PACKING,APAC,NEXT_DAY
ORD-105656,SKU-00826,1,DC-07,CRITICAL,2026-08-29T19:45:00,2026-08-30T19:45:00,ALLOCATED,EXCEPTION,LATAM,NEXT_DAY
ORD-105657,SKU-00700,1,DC-09,STANDARD,2026-08-29T19:50:00,2026-08-29T23:50:00,PACKING,PACKING,APAC,SAME_DAY
ORD-105658,SKU-00650,1,DC-08,STANDARD,2026-08-29T19:51:00,2026-08-30T01:51:00,PACKING,PACKING,APAC,SAME_DAY
ORD-105659,SKU-00596,1,DC-02,STANDARD,2026-08-29T20:10:00,2026-08-30T00:10:00,SHIPPED,HOLD,MEA,STANDARD
ORD-105660,SKU-01094,1,DC-15,STANDARD,2026-08-29T20:18:00,2026-08-30T08:18:00,PICKING,HOLD,LATAM,STANDARD
ORD-105661,SKU-00383,1,DC-13,STANDARD,2026-08-29T20:18:00,2026-08-30T20:18:00,ALLOCATED,ALLOCATED,APAC,STANDARD
ORD-105662,SKU-00560,1,DC-16,STANDARD,2026-08-29T20:27:00,2026-08-30T04:27:00,ALLOCATED,EXCEPTION,EU,STANDARD
ORD-105663,SKU-00175,1,DC-18,STANDARD,2026-08-29T20:54:00,2026-08-30T20:54:00,EXCEPTION,EXCEPTION,APAC,STANDARD
ORD-105664,SKU-00029,1,DC-06,STANDARD,2026-08-29T20:59:00,2026-08-30T04:59:00,PACKING,PACKING,APAC,NEXT_DAY
ORD-105665,SKU-01047,1,DC-15,EXPEDITE,2026-08-29T21:00:00,2026-08-30T03:00:00,SHIPPED,EXCEPTION,LATAM,STANDARD
ORD-105666,SKU-00537,1,DC-01,STANDARD,2026-08-29T21:03:00,2026-08-30T05:03:00,ALLOCATED,ALLOCATED,APAC,STANDARD
ORD-105667,SKU-00559,1,DC-04,STANDARD,2026-08-29T21:20:00,2026-08-30T01:20:00,PICKING,PICKING,APAC,SAME_DAY
ORD-105668,SKU-00461,1,DC-18,STANDARD,2026-08-29T21:24:00,2026-08-30T01:24:00,RELEASED,EXCEPTION,MEA,NEXT_DAY
ORD-105669,SKU-00971,1,DC-10,CRITICAL,2026-08-29T21:26:00,2026-08-30T09:26:00,EXCEPTION,EXCEPTION,APAC,NEXT_DAY
ORD-105670,SKU-01012,1,DC-01,STANDARD,2026-08-29T21:42:00,2026-08-30T01:42:00,PACKING,EXCEPTION,APAC,STANDARD
ORD-105671,SKU-01049,1,DC-08,EXPEDITE,2026-08-29T22:05:00,2026-08-30T02:05:00,STAGED,EXCEPTION,APAC,NEXT_DAY
ORD-105672,SKU-00355,1,DC-05,STANDARD,2026-08-29T22:06:00,2026-08-30T02:06:00,SHIPPED,SHIPPED,LATAM,NEXT_DAY
ORD-105673,SKU-00498,1,DC-09,STANDARD,2026-08-29T22:29:00,2026-08-30T04:29:00,EXCEPTION,EXCEPTION,MEA,NEXT_DAY
ORD-105674,SKU-00145,1,DC-17,STANDARD,2026-08-29T22:30:00,2026-08-30T10:30:00,STAGED,HOLD,EU,NEXT_DAY
ORD-105675,SKU-00944,1,DC-02,STANDARD,2026-08-29T22:33:00,2026-08-30T06:33:00,RELEASED,RELEASED,MEA,STANDARD
ORD-105676,SKU-01028,1,DC-10,STANDARD,2026-08-29T22:50:00,2026-08-30T10:50:00,RELEASED,RELEASED,LATAM,SAME_DAY
ORD-105677,SKU-00932,1,DC-06,STANDARD,2026-08-29T22:52:00,2026-08-30T02:52:00,PACKING,HOLD,EU,NEXT_DAY
ORD-105678,SKU-00995,1,DC-07,STANDARD,2026-08-29T22:52:00,2026-08-30T02:52:00,SHIPPED,HOLD,LATAM,NEXT_DAY
ORD-105679,SKU-00467,1,DC-04,STANDARD,2026-08-29T22:55:00,2026-08-30T02:55:00,PICKING,PICKING,MEA,STANDARD
ORD-105680,SKU-00611,1,DC-07,STANDARD,2026-08-29T23:01:00,2026-08-30T05:01:00,PACKING,PACKING,MEA,SAME_DAY
ORD-105681,SKU-00449,1,DC-13,EXPEDITE,2026-08-29T23:05:00,2026-08-30T03:05:00,STAGED,EXCEPTION,EU,SAME_DAY
ORD-105682,SKU-00617,1,DC-11,EXPEDITE,2026-08-29T23:29:00,2026-08-30T05:29:00,EXCEPTION,EXCEPTION,MEA,SAME_DAY
ORD-105683,SKU-01073,1,DC-12,STANDARD,2026-08-29T23:32:00,2026-08-30T23:32:00,SHIPPED,EXCEPTION,APAC,SAME_DAY
ORD-105684,SKU-00492,1,DC-13,CRITICAL,2026-08-29T23:45:00,2026-08-30T05:45:00,RELEASED,HOLD,APAC,SAME_DAY
ORD-105685,SKU-00439,1,DC-07,STANDARD,2026-08-30T00:00:00,2026-08-30T12:00:00,PACKING,HOLD,LATAM,NEXT_DAY
ORD-105686,SKU-00796,1,DC-01,STANDARD,2026-08-30T00:04:00,2026-08-30T04:04:00,ALLOCATED,HOLD,MEA,NEXT_DAY
ORD-105687,SKU-00664,1,DC-11,STANDARD,2026-08-30T00:06:00,2026-08-31T00:06:00,ALLOCATED,EXCEPTION,MEA,NEXT_DAY
ORD-105688,SKU-00366,1,DC-12,STANDARD,2026-08-30T00:19:00,2026-08-30T12:19:00,SHIPPED,SHIPPED,EU,SAME_DAY
ORD-105689,SKU-00794,1,DC-07,STANDARD,2026-08-30T00:37:00,2026-08-30T06:37:00,STAGED,HOLD,EU,NEXT_DAY
ORD-105690,SKU-00206,1,DC-09,STANDARD,2026-08-30T00:40:00,2026-08-30T12:40:00,SHIPPED,EXCEPTION,EU,STANDARD
ORD-105691,SKU-00240,1,DC-13,STANDARD,2026-08-30T00:46:00,2026-08-30T06:46:00,RELEASED,EXCEPTION,MEA,STANDARD
ORD-105692,SKU-00611,1,DC-07,STANDARD,2026-08-30T00:47:00,2026-08-30T04:47:00,ALLOCATED,ALLOCATED,MEA,NEXT_DAY
ORD-105693,SKU-00193,1,DC-09,EXPEDITE,2026-08-30T00:48:00,2026-08-31T00:48:00,PICKING,HOLD,MEA,SAME_DAY
ORD-105694,SKU-00158,1,DC-15,EXPEDITE,2026-08-30T00:51:00,2026-08-30T08:51:00,RELEASED,EXCEPTION,APAC,STANDARD
ORD-105695,SKU-00472,1,DC-01,STANDARD,2026-08-30T00:56:00,2026-08-30T12:56:00,SHIPPED,EXCEPTION,APAC,NEXT_DAY
ORD-105696,SKU-00220,1,DC-17,STANDARD,2026-08-30T00:57:00,2026-08-31T00:57:00,STAGED,STAGED,EU,NEXT_DAY
ORD-105697,SKU-00616,1,DC-14,STANDARD,2026-08-30T01:02:00,2026-08-30T09:02:00,STAGED,STAGED,EU,NEXT_DAY
ORD-105698,SKU-00081,1,DC-03,STANDARD,2026-08-30T01:11:00,2026-08-30T13:11:00,EXCEPTION,EXCEPTION,LATAM,STANDARD
ORD-105699,SKU-00290,1,DC-02,STANDARD,2026-08-30T01:18:00,2026-08-31T01:18:00,STAGED,STAGED,EU,STANDARD
ORD-105700,SKU-00275,1,DC-05,STANDARD,2026-08-30T01:18:00,2026-08-31T01:18:00,RELEASED,RELEASED,APAC,SAME_DAY
ORD-105701,SKU-00411,1,DC-05,STANDARD,2026-08-30T01:30:00,2026-08-30T13:30:00,PICKING,HOLD,APAC,SAME_DAY
ORD-105702,SKU-00503,1,DC-17,STANDARD,2026-08-30T01:51:00,2026-08-30T09:51:00,SHIPPED,EXCEPTION,APAC,NEXT_DAY
ORD-105703,SKU-01102,1,DC-06,CRITICAL,2026-08-30T02:09:00,2026-08-30T10:09:00,PACKING,PACKING,EU,NEXT_DAY
ORD-105704,SKU-00924,1,DC-05,EXPEDITE,2026-08-30T02:35:00,2026-08-30T14:35:00,STAGED,HOLD,APAC,NEXT_DAY
ORD-105705,SKU-00319,1,DC-12,STANDARD,2026-08-30T02:45:00,2026-08-30T10:45:00,ALLOCATED,HOLD,LATAM,STANDARD
ORD-105706,SKU-00519,1,DC-05,STANDARD,2026-08-30T02:50:00,2026-08-30T10:50:00,ALLOCATED,ALLOCATED,MEA,NEXT_DAY
ORD-105707,SKU-00170,1,DC-08,CRITICAL,2026-08-30T03:03:00,2026-08-30T07:03:00,ALLOCATED,ALLOCATED,EU,NEXT_DAY
ORD-105708,SKU-00391,1,DC-16,STANDARD,2026-08-30T03:08:00,2026-08-30T07:08:00,SHIPPED,EXCEPTION,EU,STANDARD
ORD-105709,SKU-00394,1,DC-09,STANDARD,2026-08-30T03:18:00,2026-08-31T03:18:00,ALLOCATED,EXCEPTION,LATAM,STANDARD
ORD-105710,SKU-01171,1,DC-12,STANDARD,2026-08-30T03:30:00,2026-08-30T11:30:00,EXCEPTION,HOLD,APAC,NEXT_DAY
ORD-105711,SKU-00777,1,DC-07,STANDARD,2026-08-30T03:34:00,2026-08-30T11:34:00,STAGED,STAGED,LATAM,STANDARD
ORD-105712,SKU-00921,1,DC-02,EXPEDITE,2026-08-30T03:36:00,2026-08-31T03:36:00,PACKING,EXCEPTION,MEA,NEXT_DAY
ORD-105713,SKU-00723,1,DC-14,STANDARD,2026-08-30T03:57:00,2026-08-30T07:57:00,PICKING,HOLD,MEA,STANDARD
ORD-105714,SKU-00007,1,DC-12,STANDARD,2026-08-30T03:59:00,2026-08-30T07:59:00,PACKING,PACKING,MEA,SAME_DAY
ORD-105715,SKU-00936,1,DC-09,STANDARD,2026-08-30T04:02:00,2026-08-31T04:02:00,PACKING,PACKING,LATAM,NEXT_DAY
ORD-105716,SKU-00208,1,DC-17,STANDARD,2026-08-30T04:21:00,2026-08-31T04:21:00,EXCEPTION,EXCEPTION,EU,NEXT_DAY
ORD-105717,SKU-01096,1,DC-13,STANDARD,2026-08-30T04:22:00,2026-08-30T16:22:00,STAGED,STAGED,EU,NEXT_DAY
ORD-105718,SKU-00461,1,DC-17,EXPEDITE,2026-08-30T04:23:00,2026-08-30T10:23:00,ALLOCATED,EXCEPTION,APAC,NEXT_DAY
ORD-105719,SKU-00617,1,DC-16,STANDARD,2026-08-30T04:34:00,2026-08-30T16:34:00,SHIPPED,EXCEPTION,LATAM,NEXT_DAY
ORD-105720,SKU-00641,1,DC-07,STANDARD,2026-08-30T04:40:00,2026-08-30T08:40:00,ALLOCATED,ALLOCATED,LATAM,NEXT_DAY
ORD-105721,SKU-00141,1,DC-16,STANDARD,2026-08-30T04:40:00,2026-08-30T10:40:00,STAGED,STAGED,LATAM,SAME_DAY
ORD-105722,SKU-00880,1,DC-14,STANDARD,2026-08-30T04:48:00,2026-08-30T08:48:00,ALLOCATED,HOLD,LATAM,NEXT_DAY
ORD-105723,SKU-00207,1,DC-01,STANDARD,2026-08-30T05:01:00,2026-08-30T13:01:00,RELEASED,HOLD,EU,SAME_DAY
ORD-105724,SKU-00533,1,DC-07,STANDARD,2026-08-30T05:09:00,2026-08-30T09:09:00,STAGED,STAGED,MEA,SAME_DAY
ORD-105725,SKU-00133,1,DC-07,STANDARD,2026-08-30T05:23:00,2026-08-30T13:23:00,RELEASED,RELEASED,LATAM,NEXT_DAY
ORD-105726,SKU-00810,1,DC-09,STANDARD,2026-08-30T05:26:00,2026-08-30T17:26:00,STAGED,STAGED,LATAM,NEXT_DAY
ORD-105727,SKU-00642,1,DC-13,STANDARD,2026-08-30T05:31:00,2026-08-31T05:31:00,STAGED,HOLD,EU,NEXT_DAY
ORD-105728,SKU-00627,1,DC-16,CRITICAL,2026-08-30T05:37:00,2026-08-30T13:37:00,RELEASED,RELEASED,MEA,STANDARD
ORD-105729,SKU-00995,1,DC-07,STANDARD,2026-08-30T05:41:00,2026-08-30T17:41:00,RELEASED,RELEASED,MEA,SAME_DAY
ORD-105730,SKU-01040,1,DC-12,STANDARD,2026-08-30T05:42:00,2026-08-30T13:42:00,ALLOCATED,HOLD,APAC,STANDARD
ORD-105731,SKU-00726,1,DC-18,STANDARD,2026-08-30T05:45:00,2026-08-31T05:45:00,STAGED,HOLD,LATAM,SAME_DAY
ORD-105732,SKU-00342,1,DC-17,STANDARD,2026-08-30T05:45:00,2026-08-31T05:45:00,ALLOCATED,HOLD,EU,SAME_DAY
ORD-105733,SKU-01155,1,DC-09,STANDARD,2026-08-30T05:54:00,2026-08-31T05:54:00,PICKING,PICKING,LATAM,NEXT_DAY
ORD-105734,SKU-00728,1,DC-06,STANDARD,2026-08-30T05:59:00,2026-08-31T05:59:00,SHIPPED,SHIPPED,APAC,STANDARD
ORD-105735,SKU-00775,1,DC-09,STANDARD,2026-08-30T06:16:00,2026-08-30T10:16:00,SHIPPED,EXCEPTION,LATAM,STANDARD
ORD-105736,SKU-00879,1,DC-09,STANDARD,2026-08-30T06:18:00,2026-08-30T14:18:00,PACKING,PACKING,MEA,NEXT_DAY
ORD-105737,SKU-00039,1,DC-15,STANDARD,2026-08-30T06:27:00,2026-08-30T12:27:00,RELEASED,EXCEPTION,EU,NEXT_DAY
ORD-105738,SKU-00051,1,DC-05,STANDARD,2026-08-30T06:27:00,2026-08-30T18:27:00,ALLOCATED,ALLOCATED,EU,STANDARD
ORD-105739,SKU-00623,1,DC-10,STANDARD,2026-08-30T06:27:00,2026-08-30T18:27:00,PACKING,HOLD,MEA,STANDARD
ORD-105740,SKU-01142,1,DC-14,STANDARD,2026-08-30T06:28:00,2026-08-30T10:28:00,ALLOCATED,HOLD,APAC,STANDARD
ORD-105741,SKU-00890,1,DC-08,EXPEDITE,2026-08-30T06:40:00,2026-08-30T12:40:00,ALLOCATED,EXCEPTION,LATAM,NEXT_DAY
ORD-105742,SKU-01155,1,DC-06,CRITICAL,2026-08-30T06:48:00,2026-08-30T14:48:00,RELEASED,HOLD,EU,NEXT_DAY
ORD-105743,SKU-00046,1,DC-18,STANDARD,2026-08-30T06:49:00,2026-08-30T18:49:00,SHIPPED,SHIPPED,APAC,SAME_DAY
ORD-105744,SKU-00353,1,DC-02,STANDARD,2026-08-30T06:49:00,2026-08-30T14:49:00,PACKING,PACKING,MEA,NEXT_DAY
ORD-105745,SKU-00062,1,DC-07,STANDARD,2026-08-30T06:50:00,2026-08-30T10:50:00,RELEASED,RELEASED,MEA,SAME_DAY
ORD-105746,SKU-00787,1,DC-04,STANDARD,2026-08-30T06:59:00,2026-08-30T18:59:00,PICKING,PICKING,LATAM,STANDARD
ORD-105747,SKU-00258,1,DC-09,STANDARD,2026-08-30T07:01:00,2026-08-30T11:01:00,RELEASED,RELEASED,EU,NEXT_DAY
ORD-105748,SKU-00428,1,DC-02,STANDARD,2026-08-30T07:08:00,2026-08-30T15:08:00,STAGED,HOLD,MEA,NEXT_DAY
ORD-105749,SKU-00515,1,DC-02,STANDARD,2026-08-30T07:15:00,2026-08-31T07:15:00,PACKING,PACKING,MEA,NEXT_DAY
ORD-105750,SKU-00214,1,DC-09,STANDARD,2026-08-30T07:15:00,2026-08-30T15:15:00,PICKING,HOLD,EU,NEXT_DAY
ORD-105751,SKU-00136,1,DC-05,STANDARD,2026-08-30T07:24:00,2026-08-30T13:24:00,RELEASED,RELEASED,LATAM,NEXT_DAY
ORD-105752,SKU-00045,1,DC-18,EXPEDITE,2026-08-30T07:38:00,2026-08-30T11:38:00,RELEASED,RELEASED,MEA,STANDARD
ORD-105753,SKU-00434,1,DC-16,STANDARD,2026-08-30T07:46:00,2026-08-30T15:46:00,RELEASED,EXCEPTION,MEA,STANDARD
ORD-105754,SKU-00197,1,DC-01,STANDARD,2026-08-30T07:50:00,2026-08-30T15:50:00,SHIPPED,SHIPPED,LATAM,NEXT_DAY
ORD-105755,SKU-00124,1,DC-12,STANDARD,2026-08-30T07:50:00,2026-08-30T15:50:00,SHIPPED,HOLD,APAC,STANDARD
ORD-105756,SKU-00994,1,DC-03,STANDARD,2026-08-30T07:50:00,2026-08-30T19:50:00,EXCEPTION,EXCEPTION,APAC,STANDARD
ORD-105757,SKU-00568,1,DC-15,STANDARD,2026-08-30T08:01:00,2026-08-31T08:01:00,PACKING,EXCEPTION,LATAM,STANDARD
ORD-105758,SKU-00964,1,DC-14,STANDARD,2026-08-30T08:07:00,2026-08-30T20:07:00,EXCEPTION,HOLD,LATAM,NEXT_DAY
ORD-105759,SKU-00369,1,DC-14,STANDARD,2026-08-30T08:10:00,2026-08-30T20:10:00,EXCEPTION,EXCEPTION,LATAM,STANDARD
ORD-105760,SKU-00794,1,DC-17,STANDARD,2026-08-30T08:11:00,2026-08-30T14:11:00,SHIPPED,SHIPPED,LATAM,STANDARD
ORD-105761,SKU-01060,1,DC-01,STANDARD,2026-08-30T08:23:00,2026-08-30T16:23:00,ALLOCATED,ALLOCATED,LATAM,NEXT_DAY
ORD-105762,SKU-00070,1,DC-12,EXPEDITE,2026-08-30T08:32:00,2026-08-30T16:32:00,ALLOCATED,EXCEPTION,LATAM,SAME_DAY
ORD-105763,SKU-00169,1,DC-12,STANDARD,2026-08-30T08:32:00,2026-08-31T08:32:00,PACKING,PACKING,MEA,STANDARD
ORD-105764,SKU-01126,1,DC-07,STANDARD,2026-08-30T08:33:00,2026-08-30T16:33:00,PACKING,PACKING,EU,NEXT_DAY
ORD-105765,SKU-00756,1,DC-08,STANDARD,2026-08-30T08:40:00,2026-08-31T08:40:00,ALLOCATED,ALLOCATED,LATAM,STANDARD
ORD-105766,SKU-01154,1,DC-04,STANDARD,2026-08-30T08:45:00,2026-08-30T16:45:00,PACKING,EXCEPTION,APAC,NEXT_DAY
ORD-105767,SKU-01007,1,DC-05,STANDARD,2026-08-30T08:49:00,2026-08-30T12:49:00,ALLOCATED,ALLOCATED,LATAM,SAME_DAY
ORD-105768,SKU-00434,1,DC-16,EXPEDITE,2026-08-30T08:52:00,2026-08-31T08:52:00,SHIPPED,SHIPPED,APAC,STANDARD
ORD-105769,SKU-01166,1,DC-05,STANDARD,2026-08-30T08:52:00,2026-08-30T14:52:00,STAGED,HOLD,EU,NEXT_DAY
ORD-105770,SKU-00115,1,DC-12,EXPEDITE,2026-08-30T08:53:00,2026-08-30T12:53:00,STAGED,STAGED,APAC,SAME_DAY
ORD-105771,SKU-00424,1,DC-15,EXPEDITE,2026-08-30T08:58:00,2026-08-30T14:58:00,ALLOCATED,ALLOCATED,LATAM,SAME_DAY
ORD-105772,SKU-00236,1,DC-04,CRITICAL,2026-08-30T09:00:00,2026-08-30T15:00:00,ALLOCATED,HOLD,MEA,NEXT_DAY
ORD-105773,SKU-00323,1,DC-05,STANDARD,2026-08-30T09:07:00,2026-08-30T17:07:00,RELEASED,RELEASED,EU,STANDARD
ORD-105774,SKU-01146,1,DC-04,CRITICAL,2026-08-30T09:10:00,2026-08-31T09:10:00,PACKING,PACKING,MEA,SAME_DAY
ORD-105775,SKU-00693,1,DC-10,STANDARD,2026-08-30T09:11:00,2026-08-30T15:11:00,RELEASED,RELEASED,LATAM,NEXT_DAY
ORD-105776,SKU-00402,1,DC-03,STANDARD,2026-08-30T09:13:00,2026-08-30T15:13:00,SHIPPED,SHIPPED,EU,SAME_DAY
ORD-105777,SKU-00950,1,DC-15,STANDARD,2026-08-30T09:26:00,2026-08-31T09:26:00,SHIPPED,SHIPPED,APAC,SAME_DAY
ORD-105778,SKU-00820,1,DC-07,CRITICAL,2026-08-30T09:30:00,2026-08-30T15:30:00,PICKING,PICKING,EU,STANDARD
ORD-105779,SKU-00376,1,DC-18,STANDARD,2026-08-30T09:36:00,2026-08-30T21:36:00,PICKING,HOLD,LATAM,SAME_DAY
ORD-105780,SKU-00051,1,DC-13,STANDARD,2026-08-30T09:39:00,2026-08-31T09:39:00,STAGED,STAGED,MEA,SAME_DAY
ORD-105781,SKU-00039,1,DC-09,STANDARD,2026-08-30T09:41:00,2026-08-30T15:41:00,ALLOCATED,HOLD,MEA,STANDARD
ORD-105782,SKU-00274,1,DC-03,STANDARD,2026-08-30T09:55:00,2026-08-30T15:55:00,STAGED,HOLD,APAC,STANDARD
ORD-105783,SKU-00768,1,DC-15,STANDARD,2026-08-30T10:14:00,2026-08-31T10:14:00,RELEASED,EXCEPTION,LATAM,SAME_DAY
ORD-105784,SKU-00815,1,DC-16,EXPEDITE,2026-08-30T10:19:00,2026-08-30T16:19:00,EXCEPTION,HOLD,MEA,STANDARD
ORD-105785,SKU-01193,1,DC-10,CRITICAL,2026-08-30T10:22:00,2026-08-30T16:22:00,STAGED,STAGED,APAC,SAME_DAY
ORD-105786,SKU-00929,1,DC-12,EXPEDITE,2026-08-30T10:34:00,2026-08-30T22:34:00,STAGED,HOLD,MEA,NEXT_DAY
ORD-105787,SKU-00316,1,DC-05,STANDARD,2026-08-30T10:45:00,2026-08-30T14:45:00,PICKING,PICKING,APAC,STANDARD
ORD-105788,SKU-00773,1,DC-18,STANDARD,2026-08-30T10:53:00,2026-08-30T18:53:00,SHIPPED,SHIPPED,MEA,NEXT_DAY
ORD-105789,SKU-00634,1,DC-02,STANDARD,2026-08-30T10:57:00,2026-08-30T16:57:00,RELEASED,RELEASED,MEA,SAME_DAY
ORD-105790,SKU-00515,1,DC-13,STANDARD,2026-08-30T11:04:00,2026-08-30T17:04:00,EXCEPTION,HOLD,LATAM,NEXT_DAY
ORD-105791,SKU-00182,1,DC-05,STANDARD,2026-08-30T11:04:00,2026-08-30T17:04:00,PICKING,PICKING,APAC,NEXT_DAY
ORD-105792,SKU-00202,1,DC-09,EXPEDITE,2026-08-30T11:22:00,2026-08-30T15:22:00,EXCEPTION,EXCEPTION,LATAM,NEXT_DAY
ORD-105793,SKU-00096,1,DC-02,STANDARD,2026-08-30T11:38:00,2026-08-30T17:38:00,SHIPPED,SHIPPED,EU,SAME_DAY
ORD-105794,SKU-01128,1,DC-12,EXPEDITE,2026-08-30T11:41:00,2026-08-30T23:41:00,SHIPPED,SHIPPED,APAC,NEXT_DAY
ORD-105795,SKU-00924,1,DC-11,CRITICAL,2026-08-30T11:54:00,2026-08-30T23:54:00,PACKING,HOLD,APAC,NEXT_DAY
ORD-105796,SKU-01026,1,DC-01,STANDARD,2026-08-30T11:55:00,2026-08-30T17:55:00,STAGED,HOLD,EU,SAME_DAY
ORD-105797,SKU-01111,1,DC-07,CRITICAL,2026-08-30T11:58:00,2026-08-30T17:58:00,PACKING,PACKING,LATAM,SAME_DAY
ORD-105798,SKU-00787,1,DC-02,EXPEDITE,2026-08-30T12:07:00,2026-08-30T20:07:00,RELEASED,RELEASED,APAC,STANDARD
ORD-105799,SKU-01072,1,DC-02,STANDARD,2026-08-30T12:07:00,2026-08-30T20:07:00,STAGED,STAGED,MEA,STANDARD
ORD-105800,SKU-01189,1,DC-07,STANDARD,2026-08-30T12:12:00,2026-08-30T16:12:00,SHIPPED,SHIPPED,EU,SAME_DAY
ORD-105801,SKU-01159,1,DC-05,STANDARD,2026-08-30T12:15:00,2026-08-30T16:15:00,PICKING,PICKING,EU,SAME_DAY
ORD-105802,SKU-00024,1,DC-16,STANDARD,2026-08-30T12:17:00,2026-08-30T20:17:00,PICKING,PICKING,APAC,STANDARD
ORD-105803,SKU-00451,1,DC-05,STANDARD,2026-08-30T12:18:00,2026-08-30T16:18:00,PACKING,PACKING,LATAM,STANDARD
ORD-105804,SKU-00546,1,DC-18,STANDARD,2026-08-30T12:19:00,2026-08-31T12:19:00,SHIPPED,SHIPPED,LATAM,NEXT_DAY
ORD-105805,SKU-00003,1,DC-03,STANDARD,2026-08-30T12:32:00,2026-08-30T20:32:00,EXCEPTION,HOLD,LATAM,SAME_DAY
ORD-105806,SKU-01138,1,DC-16,STANDARD,2026-08-30T12:59:00,2026-08-31T00:59:00,SHIPPED,SHIPPED,APAC,SAME_DAY
ORD-105807,SKU-01034,1,DC-17,STANDARD,2026-08-30T13:04:00,2026-08-30T17:04:00,RELEASED,RELEASED,MEA,SAME_DAY
ORD-105808,SKU-00156,1,DC-02,STANDARD,2026-08-30T13:22:00,2026-08-30T21:22:00,EXCEPTION,EXCEPTION,MEA,SAME_DAY
ORD-105809,SKU-01154,1,DC-15,STANDARD,2026-08-30T13:35:00,2026-08-30T17:35:00,ALLOCATED,ALLOCATED,APAC,STANDARD
ORD-105810,SKU-00508,1,DC-14,STANDARD,2026-08-30T13:38:00,2026-08-31T13:38:00,SHIPPED,SHIPPED,EU,SAME_DAY
ORD-105811,SKU-00324,1,DC-07,STANDARD,2026-08-30T13:49:00,2026-08-30T21:49:00,PACKING,PACKING,LATAM,STANDARD
ORD-105812,SKU-00559,1,DC-02,EXPEDITE,2026-08-30T13:52:00,2026-08-31T13:52:00,PACKING,HOLD,EU,NEXT_DAY
ORD-105813,SKU-00812,1,DC-18,STANDARD,2026-08-30T14:00:00,2026-08-30T20:00:00,RELEASED,EXCEPTION,LATAM,STANDARD
ORD-105814,SKU-01144,1,DC-05,STANDARD,2026-08-30T14:00:00,2026-08-30T22:00:00,RELEASED,RELEASED,LATAM,STANDARD
ORD-105815,SKU-00794,1,DC-16,STANDARD,2026-08-30T14:07:00,2026-08-31T02:07:00,PACKING,PACKING,EU,SAME_DAY
ORD-105816,SKU-00978,1,DC-10,STANDARD,2026-08-30T14:09:00,2026-08-30T22:09:00,PICKING,EXCEPTION,MEA,NEXT_DAY
ORD-105817,SKU-00848,1,DC-16,STANDARD,2026-08-30T14:10:00,2026-08-31T02:10:00,SHIPPED,SHIPPED,EU,NEXT_DAY
ORD-105818,SKU-00632,1,DC-06,STANDARD,2026-08-30T14:12:00,2026-08-30T22:12:00,STAGED,HOLD,MEA,STANDARD
ORD-105819,SKU-00028,1,DC-12,EXPEDITE,2026-08-30T14:16:00,2026-08-30T18:16:00,SHIPPED,SHIPPED,EU,SAME_DAY
ORD-105820,SKU-00176,1,DC-11,EXPEDITE,2026-08-30T14:20:00,2026-08-31T02:20:00,PACKING,EXCEPTION,LATAM,STANDARD
ORD-105821,SKU-01197,1,DC-18,STANDARD,2026-08-30T14:25:00,2026-08-31T02:25:00,PICKING,PICKING,APAC,NEXT_DAY
ORD-105822,SKU-01063,1,DC-14,EXPEDITE,2026-08-30T14:30:00,2026-08-30T22:30:00,RELEASED,RELEASED,EU,STANDARD
ORD-105823,SKU-01123,1,DC-04,STANDARD,2026-08-30T14:35:00,2026-08-30T20:35:00,SHIPPED,HOLD,MEA,NEXT_DAY
ORD-105824,SKU-00605,1,DC-04,CRITICAL,2026-08-30T14:38:00,2026-08-30T22:38:00,SHIPPED,SHIPPED,LATAM,NEXT_DAY
ORD-105825,SKU-00483,1,DC-07,STANDARD,2026-08-30T14:52:00,2026-08-30T18:52:00,ALLOCATED,ALLOCATED,LATAM,NEXT_DAY
ORD-105826,SKU-00023,1,DC-03,STANDARD,2026-08-30T14:55:00,2026-08-30T22:55:00,SHIPPED,SHIPPED,EU,NEXT_DAY
ORD-105827,SKU-00668,1,DC-15,STANDARD,2026-08-30T15:01:00,2026-08-30T19:01:00,PACKING,PACKING,MEA,STANDARD
ORD-105828,SKU-00456,1,DC-16,STANDARD,2026-08-30T15:12:00,2026-08-30T21:12:00,RELEASED,RELEASED,APAC,SAME_DAY
ORD-105829,SKU-00457,1,DC-03,EXPEDITE,2026-08-30T15:17:00,2026-08-30T19:17:00,STAGED,EXCEPTION,EU,STANDARD
ORD-105830,SKU-01074,1,DC-06,STANDARD,2026-08-30T15:17:00,2026-08-31T03:17:00,PICKING,EXCEPTION,EU,STANDARD
ORD-105831,SKU-00559,1,DC-02,STANDARD,2026-08-30T15:26:00,2026-08-31T03:26:00,PACKING,PACKING,MEA,STANDARD
ORD-105832,SKU-00624,1,DC-11,STANDARD,2026-08-30T15:44:00,2026-08-30T19:44:00,STAGED,EXCEPTION,EU,SAME_DAY
ORD-105833,SKU-00544,1,DC-18,STANDARD,2026-08-30T15:46:00,2026-08-31T03:46:00,RELEASED,RELEASED,MEA,SAME_DAY
ORD-105834,SKU-00096,1,DC-14,STANDARD,2026-08-30T15:56:00,2026-08-31T15:56:00,ALLOCATED,ALLOCATED,APAC,NEXT_DAY
ORD-105835,SKU-00512,1,DC-01,CRITICAL,2026-08-30T16:01:00,2026-08-30T20:01:00,PICKING,HOLD,LATAM,SAME_DAY
ORD-105836,SKU-00451,1,DC-15,EXPEDITE,2026-08-30T16:07:00,2026-08-31T04:07:00,SHIPPED,EXCEPTION,LATAM,SAME_DAY
ORD-105837,SKU-00613,1,DC-08,STANDARD,2026-08-30T16:35:00,2026-08-31T16:35:00,ALLOCATED,HOLD,EU,SAME_DAY
ORD-105838,SKU-00772,1,DC-03,STANDARD,2026-08-30T16:42:00,2026-08-31T16:42:00,ALLOCATED,HOLD,MEA,NEXT_DAY
ORD-105839,SKU-00310,1,DC-15,STANDARD,2026-08-30T16:43:00,2026-08-31T04:43:00,RELEASED,EXCEPTION,MEA,NEXT_DAY
ORD-105840,SKU-00452,1,DC-15,EXPEDITE,2026-08-30T17:01:00,2026-08-31T01:01:00,PACKING,HOLD,APAC,SAME_DAY
ORD-105841,SKU-01005,1,DC-14,CRITICAL,2026-08-30T17:13:00,2026-08-31T05:13:00,PICKING,PICKING,APAC,STANDARD
ORD-105842,SKU-00940,1,DC-07,STANDARD,2026-08-30T17:16:00,2026-08-30T23:16:00,RELEASED,HOLD,LATAM,STANDARD
ORD-105843,SKU-00910,1,DC-16,EXPEDITE,2026-08-30T17:22:00,2026-08-31T05:22:00,RELEASED,RELEASED,EU,NEXT_DAY
ORD-105844,SKU-00299,1,DC-10,STANDARD,2026-08-30T17:49:00,2026-08-30T21:49:00,PACKING,PACKING,APAC,STANDARD
ORD-105845,SKU-00997,1,DC-08,STANDARD,2026-08-30T17:52:00,2026-08-30T21:52:00,PICKING,PICKING,EU,NEXT_DAY
ORD-105846,SKU-00978,1,DC-13,CRITICAL,2026-08-30T17:52:00,2026-08-30T21:52:00,RELEASED,RELEASED,APAC,NEXT_DAY
ORD-105847,SKU-01025,1,DC-13,STANDARD,2026-08-30T18:10:00,2026-08-30T22:10:00,SHIPPED,SHIPPED,MEA,NEXT_DAY
ORD-105848,SKU-01174,1,DC-04,STANDARD,2026-08-30T18:23:00,2026-08-31T02:23:00,PICKING,PICKING,MEA,NEXT_DAY
ORD-105849,SKU-00297,1,DC-17,STANDARD,2026-08-30T18:28:00,2026-08-31T02:28:00,PACKING,PACKING,LATAM,NEXT_DAY
ORD-105850,SKU-00847,1,DC-11,STANDARD,2026-08-30T18:29:00,2026-08-30T22:29:00,SHIPPED,SHIPPED,LATAM,SAME_DAY
ORD-105851,SKU-00313,1,DC-07,STANDARD,2026-08-30T18:30:00,2026-08-31T00:30:00,RELEASED,EXCEPTION,LATAM,STANDARD
ORD-105852,SKU-00600,1,DC-02,CRITICAL,2026-08-30T18:33:00,2026-08-30T22:33:00,RELEASED,RELEASED,EU,SAME_DAY
ORD-105853,SKU-00464,1,DC-08,STANDARD,2026-08-30T18:34:00,2026-08-31T02:34:00,ALLOCATED,ALLOCATED,EU,SAME_DAY
ORD-105854,SKU-01144,1,DC-08,EXPEDITE,2026-08-30T18:37:00,2026-08-31T02:37:00,SHIPPED,SHIPPED,MEA,NEXT_DAY
ORD-105855,SKU-00238,1,DC-03,STANDARD,2026-08-30T18:50:00,2026-08-31T06:50:00,SHIPPED,SHIPPED,LATAM,SAME_DAY
ORD-105856,SKU-01153,1,DC-01,STANDARD,2026-08-30T18:56:00,2026-08-31T06:56:00,STAGED,EXCEPTION,LATAM,SAME_DAY
ORD-105857,SKU-00294,1,DC-07,CRITICAL,2026-08-30T18:59:00,2026-08-31T00:59:00,SHIPPED,HOLD,LATAM,SAME_DAY
ORD-105858,SKU-01107,1,DC-10,STANDARD,2026-08-30T19:17:00,2026-08-31T01:17:00,ALLOCATED,HOLD,EU,STANDARD
ORD-105859,SKU-00429,1,DC-10,STANDARD,2026-08-30T19:36:00,2026-08-31T03:36:00,PICKING,PICKING,APAC,SAME_DAY
ORD-105860,SKU-00842,1,DC-15,STANDARD,2026-08-30T19:48:00,2026-08-31T03:48:00,SHIPPED,SHIPPED,EU,STANDARD
ORD-105861,SKU-00316,1,DC-14,STANDARD,2026-08-30T19:53:00,2026-08-31T03:53:00,RELEASED,EXCEPTION,MEA,STANDARD
ORD-105862,SKU-00498,1,DC-11,STANDARD,2026-08-30T19:54:00,2026-08-31T07:54:00,RELEASED,EXCEPTION,APAC,STANDARD
ORD-105863,SKU-00137,1,DC-10,EXPEDITE,2026-08-30T19:56:00,2026-08-31T19:56:00,EXCEPTION,EXCEPTION,APAC,SAME_DAY
ORD-105864,SKU-01185,1,DC-14,CRITICAL,2026-08-30T20:12:00,2026-08-31T02:12:00,EXCEPTION,HOLD,LATAM,NEXT_DAY
ORD-105865,SKU-00680,1,DC-04,STANDARD,2026-08-30T20:21:00,2026-08-31T04:21:00,PACKING,PACKING,MEA,NEXT_DAY
ORD-105866,SKU-00330,1,DC-14,EXPEDITE,2026-08-30T20:36:00,2026-08-31T00:36:00,PICKING,PICKING,EU,STANDARD
ORD-105867,SKU-00380,1,DC-04,EXPEDITE,2026-08-30T20:36:00,2026-08-31T20:36:00,ALLOCATED,EXCEPTION,MEA,STANDARD
ORD-105868,SKU-00280,1,DC-13,STANDARD,2026-08-30T21:17:00,2026-08-31T05:17:00,ALLOCATED,HOLD,MEA,SAME_DAY
ORD-105869,SKU-00526,1,DC-18,STANDARD,2026-08-30T21:22:00,2026-08-31T03:22:00,ALLOCATED,ALLOCATED,APAC,STANDARD
ORD-105870,SKU-01084,1,DC-15,STANDARD,2026-08-30T21:37:00,2026-08-31T05:37:00,PICKING,EXCEPTION,MEA,SAME_DAY
ORD-105871,SKU-00886,1,DC-13,STANDARD,2026-08-30T21:37:00,2026-08-31T05:37:00,RELEASED,RELEASED,MEA,SAME_DAY
ORD-105872,SKU-01124,1,DC-13,STANDARD,2026-08-30T21:37:00,2026-08-31T01:37:00,PICKING,HOLD,LATAM,STANDARD
ORD-105873,SKU-00948,1,DC-15,STANDARD,2026-08-30T22:08:00,2026-08-31T22:08:00,EXCEPTION,EXCEPTION,EU,SAME_DAY
ORD-105874,SKU-00568,1,DC-18,STANDARD,2026-08-30T22:13:00,2026-08-31T02:13:00,PACKING,PACKING,LATAM,SAME_DAY
ORD-105875,SKU-00871,1,DC-03,STANDARD,2026-08-30T22:16:00,2026-08-31T22:16:00,SHIPPED,EXCEPTION,MEA,SAME_DAY
ORD-105876,SKU-00032,1,DC-05,STANDARD,2026-08-30T22:17:00,2026-08-31T10:17:00,RELEASED,EXCEPTION,LATAM,SAME_DAY
ORD-105877,SKU-00383,1,DC-08,STANDARD,2026-08-30T22:33:00,2026-08-31T22:33:00,SHIPPED,HOLD,LATAM,STANDARD
ORD-105878,SKU-00074,1,DC-09,STANDARD,2026-08-30T22:40:00,2026-08-31T06:40:00,ALLOCATED,EXCEPTION,APAC,STANDARD
ORD-105879,SKU-00710,1,DC-14,EXPEDITE,2026-08-30T22:48:00,2026-08-31T06:48:00,STAGED,EXCEPTION,EU,STANDARD
ORD-105880,SKU-00101,1,DC-11,STANDARD,2026-08-30T22:54:00,2026-08-31T02:54:00,PICKING,PICKING,APAC,STANDARD
ORD-105881,SKU-01151,1,DC-13,EXPEDITE,2026-08-30T22:55:00,2026-08-31T04:55:00,SHIPPED,SHIPPED,LATAM,STANDARD
ORD-105882,SKU-00535,1,DC-15,CRITICAL,2026-08-30T23:16:00,2026-08-31T05:16:00,PICKING,EXCEPTION,MEA,STANDARD
ORD-105883,SKU-01158,1,DC-03,EXPEDITE,2026-08-30T23:22:00,2026-08-31T03:22:00,EXCEPTION,EXCEPTION,LATAM,SAME_DAY
ORD-105884,SKU-00921,1,DC-02,EXPEDITE,2026-08-30T23:37:00,2026-08-31T05:37:00,PACKING,HOLD,APAC,NEXT_DAY
ORD-105885,SKU-00166,1,DC-11,CRITICAL,2026-08-30T23:38:00,2026-08-31T11:38:00,SHIPPED,HOLD,LATAM,STANDARD
ORD-105886,SKU-00519,1,DC-11,STANDARD,2026-08-30T23:41:00,2026-08-31T05:41:00,ALLOCATED,EXCEPTION,EU,STANDARD
ORD-105887,SKU-01017,1,DC-06,CRITICAL,2026-08-30T23:44:00,2026-08-31T03:44:00,ALLOCATED,HOLD,LATAM,SAME_DAY
ORD-105888,SKU-00679,1,DC-12,EXPEDITE,2026-08-30T23:53:00,2026-08-31T05:53:00,ALLOCATED,ALLOCATED,LATAM,NEXT_DAY
ORD-105889,SKU-00513,1,DC-18,EXPEDITE,2026-08-30T23:53:00,2026-08-31T11:53:00,STAGED,STAGED,EU,SAME_DAY
ORD-105890,SKU-00311,1,DC-14,STANDARD,2026-08-30T23:56:00,2026-08-31T07:56:00,RELEASED,RELEASED,EU,STANDARD
ORD-105891,SKU-00592,1,DC-04,STANDARD,2026-08-31T00:03:00,2026-08-31T04:03:00,PICKING,PICKING,LATAM,SAME_DAY
ORD-105892,SKU-00770,1,DC-15,STANDARD,2026-08-31T00:16:00,2026-08-31T04:16:00,ALLOCATED,HOLD,MEA,STANDARD
ORD-105893,SKU-00114,1,DC-11,STANDARD,2026-08-31T00:21:00,2026-08-31T08:21:00,ALLOCATED,ALLOCATED,APAC,SAME_DAY
ORD-105894,SKU-01045,1,DC-13,EXPEDITE,2026-08-31T00:27:00,2026-08-31T06:27:00,STAGED,EXCEPTION,APAC,NEXT_DAY
ORD-105895,SKU-00759,1,DC-14,STANDARD,2026-08-31T00:40:00,2026-08-31T06:40:00,RELEASED,EXCEPTION,EU,NEXT_DAY
ORD-105896,SKU-00195,1,DC-05,STANDARD,2026-08-31T01:16:00,2026-08-31T13:16:00,STAGED,STAGED,MEA,STANDARD
ORD-105897,SKU-00798,1,DC-12,STANDARD,2026-08-31T01:20:00,2026-08-31T13:20:00,PACKING,HOLD,LATAM,NEXT_DAY
ORD-105898,SKU-01120,1,DC-17,STANDARD,2026-08-31T01:29:00,2026-08-31T07:29:00,STAGED,STAGED,LATAM,NEXT_DAY
ORD-105899,SKU-01004,1,DC-02,STANDARD,2026-08-31T01:35:00,2026-08-31T05:35:00,SHIPPED,SHIPPED,APAC,STANDARD
ORD-105900,SKU-00129,1,DC-06,STANDARD,2026-08-31T01:37:00,2026-09-01T01:37:00,ALLOCATED,ALLOCATED,APAC,STANDARD
ORD-105901,SKU-00729,1,DC-15,STANDARD,2026-08-31T01:46:00,2026-08-31T09:46:00,EXCEPTION,EXCEPTION,EU,NEXT_DAY
ORD-105902,SKU-00296,1,DC-06,STANDARD,2026-08-31T01:47:00,2026-08-31T13:47:00,PICKING,PICKING,EU,NEXT_DAY
ORD-105903,SKU-00498,1,DC-07,STANDARD,2026-08-31T01:49:00,2026-08-31T13:49:00,PACKING,PACKING,LATAM,SAME_DAY
ORD-105904,SKU-00721,1,DC-03,CRITICAL,2026-08-31T01:52:00,2026-08-31T13:52:00,STAGED,HOLD,APAC,NEXT_DAY
ORD-105905,SKU-00940,1,DC-16,EXPEDITE,2026-08-31T02:01:00,2026-08-31T10:01:00,EXCEPTION,EXCEPTION,EU,STANDARD
ORD-105906,SKU-01138,1,DC-15,EXPEDITE,2026-08-31T02:01:00,2026-08-31T08:01:00,SHIPPED,SHIPPED,EU,SAME_DAY
ORD-105907,SKU-00702,1,DC-14,STANDARD,2026-08-31T02:05:00,2026-08-31T10:05:00,ALLOCATED,HOLD,MEA,STANDARD
ORD-105908,SKU-01132,1,DC-01,STANDARD,2026-08-31T02:18:00,2026-08-31T14:18:00,SHIPPED,SHIPPED,APAC,STANDARD
ORD-105909,SKU-00886,1,DC-13,STANDARD,2026-08-31T02:29:00,2026-08-31T06:29:00,ALLOCATED,HOLD,APAC,STANDARD
ORD-105910,SKU-00131,1,DC-07,CRITICAL,2026-08-31T02:41:00,2026-08-31T10:41:00,RELEASED,EXCEPTION,APAC,SAME_DAY
ORD-105911,SKU-00658,1,DC-03,EXPEDITE,2026-08-31T02:50:00,2026-08-31T08:50:00,PICKING,PICKING,MEA,SAME_DAY
ORD-105912,SKU-00645,1,DC-12,STANDARD,2026-08-31T03:02:00,2026-08-31T09:02:00,EXCEPTION,EXCEPTION,APAC,STANDARD
ORD-105913,SKU-00444,1,DC-04,EXPEDITE,2026-08-31T03:17:00,2026-09-01T03:17:00,SHIPPED,SHIPPED,APAC,SAME_DAY
ORD-105914,SKU-00453,1,DC-14,STANDARD,2026-08-31T03:19:00,2026-08-31T11:19:00,PACKING,HOLD,LATAM,SAME_DAY
ORD-105915,SKU-00300,1,DC-11,STANDARD,2026-08-31T03:21:00,2026-08-31T15:21:00,STAGED,STAGED,MEA,STANDARD
ORD-105916,SKU-00135,1,DC-16,STANDARD,2026-08-31T03:46:00,2026-08-31T07:46:00,ALLOCATED,HOLD,MEA,STANDARD
ORD-105917,SKU-00957,1,DC-02,STANDARD,2026-08-31T04:04:00,2026-09-01T04:04:00,ALLOCATED,EXCEPTION,APAC,STANDARD
ORD-105918,SKU-00543,1,DC-09,STANDARD,2026-08-31T04:14:00,2026-08-31T08:14:00,EXCEPTION,EXCEPTION,APAC,SAME_DAY
ORD-105919,SKU-00171,1,DC-05,EXPEDITE,2026-08-31T04:15:00,2026-08-31T10:15:00,PICKING,HOLD,MEA,SAME_DAY
ORD-105920,SKU-00607,1,DC-15,STANDARD,2026-08-31T04:18:00,2026-09-01T04:18:00,STAGED,STAGED,APAC,SAME_DAY
ORD-105921,SKU-00253,1,DC-16,STANDARD,2026-08-31T04:43:00,2026-08-31T08:43:00,STAGED,STAGED,MEA,STANDARD
ORD-105922,SKU-00790,1,DC-02,CRITICAL,2026-08-31T04:45:00,2026-08-31T08:45:00,STAGED,STAGED,LATAM,NEXT_DAY
ORD-105923,SKU-00237,1,DC-07,STANDARD,2026-08-31T04:46:00,2026-08-31T12:46:00,SHIPPED,HOLD,LATAM,SAME_DAY
ORD-105924,SKU-00525,1,DC-09,STANDARD,2026-08-31T04:57:00,2026-08-31T12:57:00,ALLOCATED,HOLD,LATAM,NEXT_DAY
ORD-105925,SKU-00068,1,DC-05,STANDARD,2026-08-31T05:07:00,2026-08-31T09:07:00,RELEASED,RELEASED,APAC,STANDARD
ORD-105926,SKU-01043,1,DC-04,STANDARD,2026-08-31T05:07:00,2026-09-01T05:07:00,PACKING,HOLD,EU,SAME_DAY
ORD-105927,SKU-01128,1,DC-01,STANDARD,2026-08-31T05:09:00,2026-08-31T09:09:00,ALLOCATED,ALLOCATED,MEA,SAME_DAY
ORD-105928,SKU-00055,1,DC-09,STANDARD,2026-08-31T05:21:00,2026-09-01T05:21:00,PACKING,PACKING,EU,NEXT_DAY
ORD-105929,SKU-00882,1,DC-15,STANDARD,2026-08-31T05:26:00,2026-08-31T17:26:00,ALLOCATED,ALLOCATED,APAC,SAME_DAY
ORD-105930,SKU-00598,1,DC-08,STANDARD,2026-08-31T05:29:00,2026-08-31T11:29:00,RELEASED,EXCEPTION,LATAM,SAME_DAY
ORD-105931,SKU-00374,1,DC-16,EXPEDITE,2026-08-31T05:34:00,2026-08-31T09:34:00,SHIPPED,SHIPPED,LATAM,STANDARD
ORD-105932,SKU-00440,1,DC-17,EXPEDITE,2026-08-31T05:47:00,2026-08-31T09:47:00,SHIPPED,HOLD,APAC,NEXT_DAY
ORD-105933,SKU-00834,1,DC-05,EXPEDITE,2026-08-31T05:48:00,2026-08-31T09:48:00,PICKING,HOLD,APAC,STANDARD
ORD-105934,SKU-00536,1,DC-02,STANDARD,2026-08-31T06:27:00,2026-09-01T06:27:00,EXCEPTION,EXCEPTION,LATAM,STANDARD
ORD-105935,SKU-00296,1,DC-03,STANDARD,2026-08-31T06:32:00,2026-08-31T12:32:00,STAGED,STAGED,MEA,STANDARD
ORD-105936,SKU-00232,1,DC-04,EXPEDITE,2026-08-31T06:33:00,2026-08-31T14:33:00,RELEASED,HOLD,EU,STANDARD
ORD-105937,SKU-00195,1,DC-09,STANDARD,2026-08-31T06:35:00,2026-09-01T06:35:00,ALLOCATED,ALLOCATED,LATAM,STANDARD
ORD-105938,SKU-01138,1,DC-13,STANDARD,2026-08-31T06:42:00,2026-08-31T14:42:00,PACKING,PACKING,EU,NEXT_DAY
ORD-105939,SKU-01019,1,DC-13,EXPEDITE,2026-08-31T06:59:00,2026-08-31T10:59:00,EXCEPTION,EXCEPTION,LATAM,SAME_DAY
ORD-105940,SKU-00971,1,DC-05,STANDARD,2026-08-31T06:59:00,2026-09-01T06:59:00,PICKING,PICKING,MEA,STANDARD
ORD-105941,SKU-00111,1,DC-03,STANDARD,2026-08-31T07:01:00,2026-08-31T13:01:00,ALLOCATED,HOLD,MEA,NEXT_DAY
ORD-105942,SKU-00006,1,DC-13,EXPEDITE,2026-08-31T07:10:00,2026-09-01T07:10:00,STAGED,STAGED,MEA,SAME_DAY
ORD-105943,SKU-00464,1,DC-10,CRITICAL,2026-08-31T07:14:00,2026-08-31T13:14:00,RELEASED,HOLD,MEA,NEXT_DAY
ORD-105944,SKU-00457,1,DC-08,STANDARD,2026-08-31T07:19:00,2026-08-31T11:19:00,PACKING,EXCEPTION,LATAM,SAME_DAY
ORD-105945,SKU-00346,1,DC-02,STANDARD,2026-08-31T07:23:00,2026-08-31T15:23:00,EXCEPTION,EXCEPTION,APAC,SAME_DAY
ORD-105946,SKU-00702,1,DC-17,STANDARD,2026-08-31T07:26:00,2026-08-31T11:26:00,RELEASED,HOLD,MEA,STANDARD
ORD-105947,SKU-00545,1,DC-17,EXPEDITE,2026-08-31T07:34:00,2026-08-31T11:34:00,PACKING,HOLD,APAC,NEXT_DAY
ORD-105948,SKU-00473,1,DC-10,STANDARD,2026-08-31T07:42:00,2026-08-31T19:42:00,SHIPPED,EXCEPTION,EU,NEXT_DAY
ORD-105949,SKU-00496,1,DC-09,STANDARD,2026-08-31T07:49:00,2026-08-31T11:49:00,PICKING,PICKING,EU,STANDARD
ORD-105950,SKU-00738,1,DC-18,CRITICAL,2026-08-31T07:52:00,2026-09-01T07:52:00,RELEASED,RELEASED,LATAM,NEXT_DAY
ORD-105951,SKU-00505,1,DC-07,STANDARD,2026-08-31T07:56:00,2026-08-31T11:56:00,ALLOCATED,EXCEPTION,APAC,SAME_DAY
ORD-105952,SKU-00404,1,DC-07,CRITICAL,2026-08-31T08:00:00,2026-09-01T08:00:00,STAGED,EXCEPTION,APAC,STANDARD
ORD-105953,SKU-00249,1,DC-01,CRITICAL,2026-08-31T08:01:00,2026-08-31T20:01:00,ALLOCATED,HOLD,MEA,NEXT_DAY
ORD-105954,SKU-00005,1,DC-15,STANDARD,2026-08-31T08:10:00,2026-08-31T20:10:00,ALLOCATED,ALLOCATED,MEA,STANDARD
ORD-105955,SKU-00385,1,DC-10,EXPEDITE,2026-08-31T08:19:00,2026-08-31T14:19:00,SHIPPED,EXCEPTION,MEA,STANDARD
ORD-105956,SKU-01047,1,DC-15,STANDARD,2026-08-31T08:23:00,2026-09-01T08:23:00,STAGED,HOLD,APAC,NEXT_DAY
ORD-105957,SKU-01037,1,DC-17,EXPEDITE,2026-08-31T08:27:00,2026-08-31T16:27:00,RELEASED,RELEASED,EU,SAME_DAY
ORD-105958,SKU-00922,1,DC-03,EXPEDITE,2026-08-31T08:33:00,2026-08-31T14:33:00,EXCEPTION,EXCEPTION,EU,SAME_DAY
ORD-105959,SKU-00028,1,DC-01,STANDARD,2026-08-31T08:43:00,2026-08-31T14:43:00,STAGED,EXCEPTION,APAC,NEXT_DAY
ORD-105960,SKU-00369,1,DC-18,EXPEDITE,2026-08-31T08:59:00,2026-08-31T14:59:00,PICKING,EXCEPTION,MEA,STANDARD
ORD-105961,SKU-01074,1,DC-03,EXPEDITE,2026-08-31T09:02:00,2026-09-01T09:02:00,ALLOCATED,HOLD,EU,STANDARD
ORD-105962,SKU-00230,1,DC-12,STANDARD,2026-08-31T09:03:00,2026-08-31T15:03:00,PICKING,HOLD,APAC,NEXT_DAY
ORD-105963,SKU-00548,1,DC-03,STANDARD,2026-08-31T09:29:00,2026-09-01T09:29:00,PICKING,HOLD,MEA,STANDARD
ORD-105964,SKU-00711,1,DC-01,STANDARD,2026-08-31T09:35:00,2026-08-31T21:35:00,ALLOCATED,ALLOCATED,EU,SAME_DAY
ORD-105965,SKU-01056,1,DC-11,STANDARD,2026-08-31T09:41:00,2026-09-01T09:41:00,SHIPPED,EXCEPTION,LATAM,STANDARD
ORD-105966,SKU-00867,1,DC-08,CRITICAL,2026-08-31T10:00:00,2026-08-31T22:00:00,EXCEPTION,EXCEPTION,LATAM,NEXT_DAY
ORD-105967,SKU-00565,1,DC-12,EXPEDITE,2026-08-31T10:01:00,2026-08-31T16:01:00,ALLOCATED,ALLOCATED,EU,NEXT_DAY
ORD-105968,SKU-00719,1,DC-16,STANDARD,2026-08-31T10:07:00,2026-08-31T22:07:00,ALLOCATED,ALLOCATED,EU,STANDARD
ORD-105969,SKU-01175,1,DC-12,STANDARD,2026-08-31T10:11:00,2026-08-31T22:11:00,EXCEPTION,EXCEPTION,LATAM,SAME_DAY
ORD-105970,SKU-00350,1,DC-18,STANDARD,2026-08-31T10:30:00,2026-08-31T16:30:00,STAGED,STAGED,EU,NEXT_DAY
ORD-105971,SKU-00543,1,DC-01,STANDARD,2026-08-31T10:33:00,2026-08-31T16:33:00,PACKING,HOLD,MEA,NEXT_DAY
ORD-105972,SKU-00325,1,DC-13,STANDARD,2026-08-31T10:37:00,2026-08-31T18:37:00,RELEASED,RELEASED,APAC,SAME_DAY
ORD-105973,SKU-00915,1,DC-18,STANDARD,2026-08-31T10:44:00,2026-08-31T16:44:00,EXCEPTION,HOLD,LATAM,STANDARD
ORD-105974,SKU-00224,1,DC-08,STANDARD,2026-08-31T10:52:00,2026-08-31T14:52:00,EXCEPTION,EXCEPTION,EU,SAME_DAY
ORD-105975,SKU-00883,1,DC-05,CRITICAL,2026-08-31T11:04:00,2026-08-31T17:04:00,STAGED,STAGED,EU,NEXT_DAY
ORD-105976,SKU-00879,1,DC-02,STANDARD,2026-08-31T11:05:00,2026-08-31T15:05:00,EXCEPTION,HOLD,MEA,NEXT_DAY
ORD-105977,SKU-00726,1,DC-10,STANDARD,2026-08-31T11:08:00,2026-09-01T11:08:00,EXCEPTION,EXCEPTION,EU,SAME_DAY
ORD-105978,SKU-00178,1,DC-07,STANDARD,2026-08-31T11:13:00,2026-08-31T17:13:00,STAGED,HOLD,EU,STANDARD
ORD-105979,SKU-00308,1,DC-06,CRITICAL,2026-08-31T11:15:00,2026-08-31T23:15:00,PACKING,PACKING,MEA,STANDARD
ORD-105980,SKU-00313,1,DC-06,EXPEDITE,2026-08-31T11:16:00,2026-08-31T19:16:00,PACKING,PACKING,EU,NEXT_DAY
ORD-105981,SKU-00127,1,DC-09,EXPEDITE,2026-08-31T11:17:00,2026-08-31T17:17:00,RELEASED,RELEASED,EU,SAME_DAY
ORD-105982,SKU-00269,1,DC-10,STANDARD,2026-08-31T11:22:00,2026-08-31T15:22:00,SHIPPED,SHIPPED,LATAM,NEXT_DAY
ORD-105983,SKU-00923,1,DC-02,STANDARD,2026-08-31T11:27:00,2026-08-31T17:27:00,PACKING,PACKING,LATAM,SAME_DAY
ORD-105984,SKU-00931,1,DC-10,STANDARD,2026-08-31T11:47:00,2026-08-31T19:47:00,SHIPPED,SHIPPED,MEA,NEXT_DAY
ORD-105985,SKU-00770,1,DC-07,STANDARD,2026-08-31T11:53:00,2026-08-31T17:53:00,EXCEPTION,EXCEPTION,MEA,STANDARD
ORD-105986,SKU-00606,1,DC-10,STANDARD,2026-08-31T11:59:00,2026-09-01T11:59:00,STAGED,EXCEPTION,LATAM,SAME_DAY
ORD-105987,SKU-00652,1,DC-06,CRITICAL,2026-08-31T12:06:00,2026-08-31T16:06:00,PACKING,PACKING,LATAM,NEXT_DAY
ORD-105988,SKU-00165,1,DC-12,STANDARD,2026-08-31T12:12:00,2026-09-01T12:12:00,RELEASED,RELEASED,EU,SAME_DAY
ORD-105989,SKU-00253,1,DC-09,STANDARD,2026-08-31T12:31:00,2026-09-01T12:31:00,ALLOCATED,ALLOCATED,APAC,STANDARD
ORD-105990,SKU-00297,1,DC-18,EXPEDITE,2026-08-31T12:33:00,2026-08-31T20:33:00,EXCEPTION,EXCEPTION,EU,STANDARD
ORD-105991,SKU-00614,1,DC-10,STANDARD,2026-08-31T12:40:00,2026-08-31T20:40:00,RELEASED,EXCEPTION,EU,STANDARD
ORD-105992,SKU-00862,1,DC-06,STANDARD,2026-08-31T12:53:00,2026-08-31T18:53:00,STAGED,EXCEPTION,MEA,NEXT_DAY
ORD-105993,SKU-00319,1,DC-14,STANDARD,2026-08-31T13:06:00,2026-09-01T01:06:00,PACKING,EXCEPTION,APAC,STANDARD
ORD-105994,SKU-01031,1,DC-11,STANDARD,2026-08-31T13:14:00,2026-09-01T01:14:00,RELEASED,HOLD,LATAM,NEXT_DAY
ORD-105995,SKU-00905,1,DC-16,EXPEDITE,2026-08-31T13:22:00,2026-08-31T21:22:00,ALLOCATED,ALLOCATED,APAC,STANDARD
ORD-105996,SKU-00682,1,DC-09,STANDARD,2026-08-31T13:27:00,2026-08-31T21:27:00,RELEASED,HOLD,LATAM,STANDARD
ORD-105997,SKU-00494,1,DC-11,EXPEDITE,2026-08-31T13:37:00,2026-08-31T21:37:00,PICKING,PICKING,LATAM,NEXT_DAY
ORD-105998,SKU-00482,1,DC-01,EXPEDITE,2026-08-31T13:49:00,2026-09-01T13:49:00,STAGED,STAGED,LATAM,NEXT_DAY
ORD-105999,SKU-00491,1,DC-11,EXPEDITE,2026-08-31T13:57:00,2026-09-01T13:57:00,SHIPPED,EXCEPTION,APAC,STANDARD
ORD-106000,SKU-00234,1,DC-07,STANDARD,2026-08-31T14:03:00,2026-08-31T22:03:00,PICKING,PICKING,EU,STANDARD
ORD-106001,SKU-00569,1,DC-09,STANDARD,2026-08-31T14:03:00,2026-08-31T20:03:00,ALLOCATED,HOLD,LATAM,SAME_DAY
ORD-106002,SKU-00740,1,DC-07,STANDARD,2026-08-31T14:11:00,2026-08-31T22:11:00,PACKING,PACKING,MEA,STANDARD
ORD-106003,SKU-00805,1,DC-08,STANDARD,2026-08-31T14:17:00,2026-09-01T14:17:00,PICKING,HOLD,APAC,NEXT_DAY
ORD-106004,SKU-00803,1,DC-15,EXPEDITE,2026-08-31T14:20:00,2026-09-01T14:20:00,PACKING,HOLD,MEA,SAME_DAY
ORD-106005,SKU-00999,1,DC-07,STANDARD,2026-08-31T14:21:00,2026-08-31T20:21:00,PACKING,HOLD,EU,SAME_DAY
ORD-106006,SKU-01188,1,DC-02,EXPEDITE,2026-08-31T14:26:00,2026-08-31T20:26:00,SHIPPED,EXCEPTION,LATAM,STANDARD
ORD-106007,SKU-00408,1,DC-11,STANDARD,2026-08-31T14:37:00,2026-08-31T20:37:00,SHIPPED,SHIPPED,LATAM,STANDARD
ORD-106008,SKU-00625,1,DC-16,STANDARD,2026-08-31T14:49:00,2026-09-01T02:49:00,PACKING,HOLD,MEA,SAME_DAY
ORD-106009,SKU-00472,1,DC-15,EXPEDITE,2026-08-31T14:52:00,2026-08-31T18:52:00,PICKING,PICKING,APAC,STANDARD
ORD-106010,SKU-00379,1,DC-05,STANDARD,2026-08-31T14:59:00,2026-09-01T02:59:00,SHIPPED,HOLD,LATAM,SAME_DAY
ORD-106011,SKU-01106,1,DC-18,EXPEDITE,2026-08-31T15:10:00,2026-09-01T15:10:00,RELEASED,RELEASED,LATAM,NEXT_DAY
ORD-106012,SKU-00748,1,DC-18,STANDARD,2026-08-31T15:12:00,2026-08-31T23:12:00,ALLOCATED,ALLOCATED,EU,STANDARD
ORD-106013,SKU-00716,1,DC-02,CRITICAL,2026-08-31T15:23:00,2026-08-31T19:23:00,RELEASED,RELEASED,LATAM,SAME_DAY
ORD-106014,SKU-00856,1,DC-11,STANDARD,2026-08-31T15:30:00,2026-08-31T21:30:00,PICKING,PICKING,MEA,NEXT_DAY
ORD-106015,SKU-00105,1,DC-14,EXPEDITE,2026-08-31T15:46:00,2026-08-31T21:46:00,STAGED,STAGED,EU,SAME_DAY
ORD-106016,SKU-00646,1,DC-01,STANDARD,2026-08-31T15:57:00,2026-08-31T19:57:00,STAGED,EXCEPTION,APAC,NEXT_DAY
ORD-106017,SKU-00075,1,DC-07,STANDARD,2026-08-31T16:04:00,2026-09-01T16:04:00,SHIPPED,HOLD,MEA,STANDARD
ORD-106018,SKU-00126,1,DC-06,CRITICAL,2026-08-31T16:15:00,2026-08-31T20:15:00,STAGED,HOLD,MEA,STANDARD
ORD-106019,SKU-00961,1,DC-06,EXPEDITE,2026-08-31T16:15:00,2026-08-31T20:15:00,ALLOCATED,ALLOCATED,APAC,STANDARD
ORD-106020,SKU-01006,1,DC-16,STANDARD,2026-08-31T16:26:00,2026-08-31T20:26:00,PACKING,EXCEPTION,APAC,NEXT_DAY
ORD-106021,SKU-01032,1,DC-14,STANDARD,2026-08-31T16:26:00,2026-08-31T22:26:00,PICKING,PICKING,EU,STANDARD
ORD-106022,SKU-00655,1,DC-08,STANDARD,2026-08-31T16:29:00,2026-08-31T20:29:00,ALLOCATED,ALLOCATED,APAC,SAME_DAY
ORD-106023,SKU-00645,1,DC-08,STANDARD,2026-08-31T16:30:00,2026-08-31T20:30:00,PACKING,HOLD,EU,NEXT_DAY
ORD-106024,SKU-00281,1,DC-16,EXPEDITE,2026-08-31T16:38:00,2026-09-01T04:38:00,STAGED,STAGED,LATAM,NEXT_DAY
ORD-106025,SKU-00933,1,DC-16,STANDARD,2026-08-31T16:38:00,2026-09-01T04:38:00,PICKING,PICKING,LATAM,NEXT_DAY
ORD-106026,SKU-01086,1,DC-05,STANDARD,2026-08-31T16:49:00,2026-08-31T20:49:00,PACKING,HOLD,APAC,SAME_DAY
ORD-106027,SKU-00742,1,DC-08,STANDARD,2026-08-31T16:49:00,2026-09-01T16:49:00,PICKING,PICKING,MEA,SAME_DAY
ORD-106028,SKU-01069,1,DC-07,STANDARD,2026-08-31T16:53:00,2026-08-31T22:53:00,PICKING,PICKING,EU,SAME_DAY
ORD-106029,SKU-00306,1,DC-04,EXPEDITE,2026-08-31T16:56:00,2026-08-31T20:56:00,STAGED,HOLD,APAC,SAME_DAY
ORD-106030,SKU-00925,1,DC-16,CRITICAL,2026-08-31T17:09:00,2026-09-01T17:09:00,RELEASED,HOLD,MEA,STANDARD
ORD-106031,SKU-00534,1,DC-15,STANDARD,2026-08-31T17:45:00,2026-08-31T23:45:00,EXCEPTION,EXCEPTION,EU,NEXT_DAY
ORD-106032,SKU-00623,1,DC-17,EXPEDITE,2026-08-31T18:10:00,2026-08-31T22:10:00,PICKING,PICKING,APAC,STANDARD
ORD-106033,SKU-00823,1,DC-01,STANDARD,2026-08-31T18:15:00,2026-09-01T02:15:00,EXCEPTION,EXCEPTION,APAC,NEXT_DAY
ORD-106034,SKU-00204,1,DC-13,STANDARD,2026-08-31T18:17:00,2026-09-01T02:17:00,EXCEPTION,EXCEPTION,APAC,STANDARD
ORD-106035,SKU-00156,1,DC-09,STANDARD,2026-08-31T18:22:00,2026-09-01T06:22:00,RELEASED,RELEASED,MEA,SAME_DAY
ORD-106036,SKU-00769,1,DC-13,STANDARD,2026-08-31T18:31:00,2026-09-01T18:31:00,RELEASED,RELEASED,EU,SAME_DAY
ORD-106037,SKU-00630,1,DC-04,STANDARD,2026-08-31T18:33:00,2026-09-01T02:33:00,STAGED,HOLD,EU,STANDARD
ORD-106038,SKU-00069,1,DC-08,STANDARD,2026-08-31T18:36:00,2026-09-01T18:36:00,SHIPPED,SHIPPED,MEA,STANDARD
ORD-106039,SKU-00645,1,DC-07,EXPEDITE,2026-08-31T18:37:00,2026-09-01T06:37:00,PACKING,EXCEPTION,EU,STANDARD
ORD-106040,SKU-00264,1,DC-08,EXPEDITE,2026-08-31T18:43:00,2026-09-01T18:43:00,PICKING,HOLD,EU,NEXT_DAY
ORD-106041,SKU-00778,1,DC-15,CRITICAL,2026-08-31T18:45:00,2026-09-01T18:45:00,ALLOCATED,ALLOCATED,APAC,NEXT_DAY
ORD-106042,SKU-00756,1,DC-07,STANDARD,2026-08-31T18:53:00,2026-09-01T18:53:00,RELEASED,HOLD,APAC,STANDARD
ORD-106043,SKU-00283,1,DC-14,STANDARD,2026-08-31T19:01:00,2026-08-31T23:01:00,PACKING,EXCEPTION,APAC,SAME_DAY
ORD-106044,SKU-00373,1,DC-07,STANDARD,2026-08-31T19:23:00,2026-09-01T19:23:00,EXCEPTION,EXCEPTION,LATAM,SAME_DAY
ORD-106045,SKU-00188,1,DC-04,STANDARD,2026-08-31T19:25:00,2026-09-01T03:25:00,STAGED,STAGED,LATAM,SAME_DAY
ORD-106046,SKU-00143,1,DC-01,STANDARD,2026-08-31T19:26:00,2026-09-01T01:26:00,EXCEPTION,EXCEPTION,EU,STANDARD
ORD-106047,SKU-00580,1,DC-16,STANDARD,2026-08-31T19:40:00,2026-09-01T01:40:00,ALLOCATED,ALLOCATED,APAC,NEXT_DAY
ORD-106048,SKU-00935,1,DC-11,STANDARD,2026-08-31T19:58:00,2026-08-31T23:58:00,STAGED,STAGED,LATAM,NEXT_DAY
ORD-106049,SKU-00903,1,DC-18,STANDARD,2026-08-31T20:04:00,2026-09-01T04:04:00,SHIPPED,SHIPPED,MEA,STANDARD
ORD-106050,SKU-01051,1,DC-12,STANDARD,2026-08-31T20:08:00,2026-09-01T04:08:00,SHIPPED,SHIPPED,MEA,SAME_DAY
ORD-106051,SKU-00059,1,DC-11,STANDARD,2026-08-31T20:18:00,2026-09-01T20:18:00,RELEASED,RELEASED,EU,STANDARD
ORD-106052,SKU-00275,1,DC-12,STANDARD,2026-08-31T20:24:00,2026-09-01T00:24:00,STAGED,STAGED,MEA,SAME_DAY
ORD-106053,SKU-00029,1,DC-06,STANDARD,2026-08-31T20:27:00,2026-09-01T20:27:00,PACKING,EXCEPTION,APAC,NEXT_DAY
ORD-106054,SKU-00422,1,DC-03,EXPEDITE,2026-08-31T20:27:00,2026-09-01T04:27:00,EXCEPTION,EXCEPTION,LATAM,SAME_DAY
ORD-106055,SKU-00278,1,DC-18,STANDARD,2026-08-31T20:38:00,2026-09-01T02:38:00,SHIPPED,HOLD,EU,SAME_DAY
ORD-106056,SKU-00987,1,DC-11,EXPEDITE,2026-08-31T20:48:00,2026-09-01T02:48:00,PACKING,PACKING,EU,NEXT_DAY
ORD-106057,SKU-00138,1,DC-14,STANDARD,2026-08-31T21:01:00,2026-09-01T05:01:00,STAGED,STAGED,EU,NEXT_DAY
ORD-106058,SKU-00628,1,DC-11,STANDARD,2026-08-31T21:05:00,2026-09-01T03:05:00,EXCEPTION,HOLD,MEA,STANDARD
ORD-106059,SKU-01017,1,DC-18,EXPEDITE,2026-08-31T21:10:00,2026-09-01T03:10:00,PICKING,PICKING,EU,SAME_DAY
ORD-106060,SKU-00307,1,DC-18,STANDARD,2026-08-31T21:16:00,2026-09-01T05:16:00,ALLOCATED,ALLOCATED,LATAM,NEXT_DAY
ORD-106061,SKU-01019,1,DC-03,STANDARD,2026-08-31T21:20:00,2026-09-01T09:20:00,PICKING,PICKING,LATAM,STANDARD
ORD-106062,SKU-00163,1,DC-17,EXPEDITE,2026-08-31T21:23:00,2026-09-01T03:23:00,PICKING,PICKING,MEA,STANDARD
ORD-106063,SKU-00206,1,DC-11,STANDARD,2026-08-31T21:32:00,2026-09-01T05:32:00,SHIPPED,SHIPPED,LATAM,NEXT_DAY
ORD-106064,SKU-01113,1,DC-06,STANDARD,2026-08-31T21:32:00,2026-09-01T01:32:00,RELEASED,HOLD,LATAM,STANDARD
ORD-106065,SKU-00063,1,DC-13,EXPEDITE,2026-08-31T21:36:00,2026-09-01T01:36:00,STAGED,EXCEPTION,APAC,NEXT_DAY
ORD-106066,SKU-00720,1,DC-01,EXPEDITE,2026-08-31T21:58:00,2026-09-01T21:58:00,PICKING,PICKING,MEA,STANDARD
ORD-106067,SKU-00293,1,DC-11,STANDARD,2026-08-31T22:01:00,2026-09-01T10:01:00,RELEASED,RELEASED,EU,NEXT_DAY
ORD-106068,SKU-00230,1,DC-17,STANDARD,2026-08-31T22:01:00,2026-09-01T22:01:00,EXCEPTION,HOLD,LATAM,NEXT_DAY
ORD-106069,SKU-00787,1,DC-16,EXPEDITE,2026-08-31T22:11:00,2026-09-01T22:11:00,PICKING,EXCEPTION,EU,NEXT_DAY
ORD-106070,SKU-01118,1,DC-13,STANDARD,2026-08-31T22:21:00,2026-09-01T10:21:00,PACKING,PACKING,MEA,STANDARD
ORD-106071,SKU-00593,1,DC-12,STANDARD,2026-08-31T22:28:00,2026-09-01T10:28:00,EXCEPTION,EXCEPTION,MEA,SAME_DAY
ORD-106072,SKU-00637,1,DC-17,STANDARD,2026-08-31T22:36:00,2026-09-01T06:36:00,STAGED,STAGED,LATAM,SAME_DAY
ORD-106073,SKU-01192,1,DC-07,CRITICAL,2026-08-31T22:39:00,2026-09-01T02:39:00,STAGED,STAGED,APAC,NEXT_DAY
ORD-106074,SKU-01106,1,DC-14,STANDARD,2026-08-31T22:40:00,2026-09-01T10:40:00,PICKING,PICKING,EU,STANDARD
ORD-106075,SKU-00598,1,DC-17,EXPEDITE,2026-08-31T22:41:00,2026-09-01T22:41:00,PACKING,PACKING,APAC,STANDARD
ORD-106076,SKU-00694,1,DC-10,STANDARD,2026-08-31T22:50:00,2026-09-01T10:50:00,STAGED,EXCEPTION,LATAM,STANDARD
ORD-106077,SKU-01036,1,DC-17,STANDARD,2026-08-31T22:50:00,2026-09-01T22:50:00,EXCEPTION,EXCEPTION,MEA,SAME_DAY
ORD-106078,SKU-01102,1,DC-06,EXPEDITE,2026-08-31T22:58:00,2026-09-01T22:58:00,ALLOCATED,EXCEPTION,MEA,NEXT_DAY
ORD-106079,SKU-00196,1,DC-06,CRITICAL,2026-08-31T23:06:00,2026-09-01T23:06:00,EXCEPTION,EXCEPTION,LATAM,NEXT_DAY
ORD-106080,SKU-01031,1,DC-17,STANDARD,2026-08-31T23:28:00,2026-09-01T05:28:00,PICKING,HOLD,EU,STANDARD
ORD-106081,SKU-00858,1,DC-14,STANDARD,2026-08-31T23:34:00,2026-09-01T07:34:00,PACKING,PACKING,MEA,NEXT_DAY
ORD-106082,SKU-01097,1,DC-02,CRITICAL,2026-08-31T23:55:00,2026-09-01T03:55:00,STAGED,HOLD,MEA,SAME_DAY
ORD-106083,SKU-00500,1,DC-03,STANDARD,2026-08-31T23:56:00,2026-09-01T03:56:00,STAGED,EXCEPTION,MEA,SAME_DAY
ORD-106084,SKU-00186,1,DC-05,STANDARD,2026-08-31T23:59:00,2026-09-01T05:59:00,PACKING,PACKING,LATAM,SAME_DAY
ORD-106085,SKU-00404,1,DC-05,STANDARD,2026-09-01T00:07:00,2026-09-01T04:07:00,STAGED,EXCEPTION,EU,NEXT_DAY
ORD-106086,SKU-00026,1,DC-14,EXPEDITE,2026-09-01T00:29:00,2026-09-01T12:29:00,STAGED,HOLD,LATAM,STANDARD
ORD-106087,SKU-00483,1,DC-01,EXPEDITE,2026-09-01T00:41:00,2026-09-01T08:41:00,PACKING,PACKING,MEA,NEXT_DAY
ORD-106088,SKU-01070,1,DC-13,CRITICAL,2026-09-01T00:46:00,2026-09-01T12:46:00,ALLOCATED,ALLOCATED,APAC,STANDARD
ORD-106089,SKU-01140,1,DC-04,STANDARD,2026-09-01T00:55:00,2026-09-02T00:55:00,SHIPPED,HOLD,MEA,NEXT_DAY
ORD-106090,SKU-00339,1,DC-10,STANDARD,2026-09-01T01:00:00,2026-09-01T13:00:00,SHIPPED,SHIPPED,MEA,NEXT_DAY
ORD-106091,SKU-00747,1,DC-14,STANDARD,2026-09-01T01:10:00,2026-09-01T05:10:00,PICKING,PICKING,APAC,SAME_DAY
ORD-106092,SKU-00253,1,DC-01,STANDARD,2026-09-01T01:16:00,2026-09-01T09:16:00,SHIPPED,HOLD,EU,STANDARD
ORD-106093,SKU-00553,1,DC-17,STANDARD,2026-09-01T01:28:00,2026-09-01T05:28:00,STAGED,HOLD,APAC,NEXT_DAY
ORD-106094,SKU-00873,1,DC-06,STANDARD,2026-09-01T01:31:00,2026-09-02T01:31:00,STAGED,STAGED,EU,STANDARD
ORD-106095,SKU-01049,1,DC-13,STANDARD,2026-09-01T01:38:00,2026-09-01T13:38:00,SHIPPED,EXCEPTION,APAC,NEXT_DAY
ORD-106096,SKU-00528,1,DC-04,STANDARD,2026-09-01T01:52:00,2026-09-01T07:52:00,RELEASED,RELEASED,MEA,NEXT_DAY
ORD-106097,SKU-00796,1,DC-10,STANDARD,2026-09-01T02:02:00,2026-09-01T06:02:00,RELEASED,HOLD,MEA,STANDARD
ORD-106098,SKU-00446,1,DC-08,EXPEDITE,2026-09-01T02:10:00,2026-09-02T02:10:00,RELEASED,RELEASED,EU,NEXT_DAY
ORD-106099,SKU-00704,1,DC-13,STANDARD,2026-09-01T02:13:00,2026-09-01T10:13:00,SHIPPED,SHIPPED,MEA,SAME_DAY
ORD-106100,SKU-00787,1,DC-08,STANDARD,2026-09-01T02:27:00,2026-09-01T08:27:00,ALLOCATED,HOLD,MEA,SAME_DAY
ORD-106101,SKU-00759,1,DC-17,STANDARD,2026-09-01T02:29:00,2026-09-01T10:29:00,PACKING,EXCEPTION,EU,NEXT_DAY
ORD-106102,SKU-00689,1,DC-04,EXPEDITE,2026-09-01T02:33:00,2026-09-01T14:33:00,PACKING,PACKING,LATAM,SAME_DAY
ORD-106103,SKU-00924,1,DC-17,STANDARD,2026-09-01T02:41:00,2026-09-01T14:41:00,STAGED,EXCEPTION,APAC,SAME_DAY
ORD-106104,SKU-00473,1,DC-12,STANDARD,2026-09-01T02:50:00,2026-09-02T02:50:00,ALLOCATED,HOLD,EU,SAME_DAY
ORD-106105,SKU-00103,1,DC-07,STANDARD,2026-09-01T02:52:00,2026-09-01T14:52:00,PACKING,PACKING,APAC,SAME_DAY
ORD-106106,SKU-00970,1,DC-07,STANDARD,2026-09-01T02:58:00,2026-09-01T14:58:00,EXCEPTION,EXCEPTION,MEA,STANDARD
ORD-106107,SKU-00992,1,DC-11,EXPEDITE,2026-09-01T03:02:00,2026-09-02T03:02:00,PACKING,PACKING,APAC,STANDARD
ORD-106108,SKU-00955,1,DC-16,STANDARD,2026-09-01T03:05:00,2026-09-01T09:05:00,PACKING,HOLD,LATAM,STANDARD
ORD-106109,SKU-00947,1,DC-13,STANDARD,2026-09-01T03:15:00,2026-09-01T07:15:00,EXCEPTION,EXCEPTION,APAC,STANDARD
ORD-106110,SKU-00230,1,DC-12,STANDARD,2026-09-01T03:20:00,2026-09-01T07:20:00,EXCEPTION,EXCEPTION,APAC,NEXT_DAY
ORD-106111,SKU-00523,1,DC-02,STANDARD,2026-09-01T03:32:00,2026-09-01T09:32:00,PACKING,HOLD,EU,STANDARD
ORD-106112,SKU-00223,1,DC-03,STANDARD,2026-09-01T03:37:00,2026-09-01T11:37:00,RELEASED,RELEASED,LATAM,STANDARD
ORD-106113,SKU-00317,1,DC-12,STANDARD,2026-09-01T03:44:00,2026-09-01T15:44:00,SHIPPED,HOLD,EU,SAME_DAY
ORD-106114,SKU-01058,1,DC-06,EXPEDITE,2026-09-01T03:46:00,2026-09-01T09:46:00,RELEASED,RELEASED,APAC,NEXT_DAY
ORD-106115,SKU-00401,1,DC-05,EXPEDITE,2026-09-01T03:50:00,2026-09-01T09:50:00,PICKING,PICKING,APAC,STANDARD
ORD-106116,SKU-00988,1,DC-04,EXPEDITE,2026-09-01T03:55:00,2026-09-02T03:55:00,ALLOCATED,ALLOCATED,MEA,NEXT_DAY
ORD-106117,SKU-00156,1,DC-09,STANDARD,2026-09-01T03:56:00,2026-09-01T15:56:00,SHIPPED,HOLD,MEA,SAME_DAY
ORD-106118,SKU-00550,1,DC-02,STANDARD,2026-09-01T04:15:00,2026-09-02T04:15:00,PICKING,EXCEPTION,APAC,STANDARD
ORD-106119,SKU-01045,1,DC-05,STANDARD,2026-09-01T04:23:00,2026-09-01T12:23:00,STAGED,STAGED,EU,STANDARD
ORD-106120,SKU-01151,1,DC-09,STANDARD,2026-09-01T04:39:00,2026-09-02T04:39:00,STAGED,STAGED,MEA,SAME_DAY
ORD-106121,SKU-00938,1,DC-10,STANDARD,2026-09-01T04:43:00,2026-09-01T08:43:00,RELEASED,HOLD,EU,STANDARD
ORD-106122,SKU-00617,1,DC-16,CRITICAL,2026-09-01T04:57:00,2026-09-02T04:57:00,RELEASED,HOLD,APAC,SAME_DAY
ORD-106123,SKU-00394,1,DC-10,STANDARD,2026-09-01T05:28:00,2026-09-01T11:28:00,RELEASED,RELEASED,EU,SAME_DAY
ORD-106124,SKU-00822,1,DC-02,CRITICAL,2026-09-01T05:33:00,2026-09-01T17:33:00,STAGED,STAGED,LATAM,NEXT_DAY
ORD-106125,SKU-00855,1,DC-18,STANDARD,2026-09-01T05:33:00,2026-09-01T17:33:00,PICKING,PICKING,EU,STANDARD
ORD-106126,SKU-00911,1,DC-01,STANDARD,2026-09-01T05:36:00,2026-09-01T09:36:00,SHIPPED,SHIPPED,EU,SAME_DAY
ORD-106127,SKU-00113,1,DC-11,STANDARD,2026-09-01T05:41:00,2026-09-02T05:41:00,ALLOCATED,EXCEPTION,EU,STANDARD
ORD-106128,SKU-00930,1,DC-17,STANDARD,2026-09-01T05:57:00,2026-09-01T13:57:00,SHIPPED,SHIPPED,EU,NEXT_DAY
ORD-106129,SKU-01143,1,DC-07,STANDARD,2026-09-01T06:24:00,2026-09-02T06:24:00,ALLOCATED,HOLD,MEA,STANDARD
ORD-106130,SKU-01196,1,DC-05,EXPEDITE,2026-09-01T06:26:00,2026-09-02T06:26:00,STAGED,STAGED,APAC,SAME_DAY
ORD-106131,SKU-00155,1,DC-03,EXPEDITE,2026-09-01T06:36:00,2026-09-01T18:36:00,ALLOCATED,HOLD,MEA,NEXT_DAY
ORD-106132,SKU-00349,1,DC-01,STANDARD,2026-09-01T06:43:00,2026-09-01T14:43:00,ALLOCATED,ALLOCATED,MEA,SAME_DAY
ORD-106133,SKU-00391,1,DC-06,STANDARD,2026-09-01T06:44:00,2026-09-02T06:44:00,STAGED,EXCEPTION,MEA,STANDARD
ORD-106134,SKU-00082,1,DC-16,CRITICAL,2026-09-01T07:01:00,2026-09-01T19:01:00,PACKING,PACKING,MEA,NEXT_DAY
ORD-106135,SKU-00484,1,DC-10,EXPEDITE,2026-09-01T07:01:00,2026-09-02T07:01:00,ALLOCATED,ALLOCATED,APAC,SAME_DAY
ORD-106136,SKU-00560,1,DC-16,STANDARD,2026-09-01T07:25:00,2026-09-02T07:25:00,SHIPPED,SHIPPED,APAC,NEXT_DAY
ORD-106137,SKU-00869,1,DC-03,STANDARD,2026-09-01T07:27:00,2026-09-01T15:27:00,EXCEPTION,HOLD,LATAM,STANDARD
ORD-106138,SKU-00474,1,DC-12,STANDARD,2026-09-01T07:28:00,2026-09-01T19:28:00,SHIPPED,SHIPPED,APAC,STANDARD
ORD-106139,SKU-01004,1,DC-15,STANDARD,2026-09-01T07:43:00,2026-09-01T19:43:00,RELEASED,HOLD,MEA,SAME_DAY
ORD-106140,SKU-00004,1,DC-18,STANDARD,2026-09-01T07:45:00,2026-09-02T07:45:00,ALLOCATED,ALLOCATED,LATAM,STANDARD
ORD-106141,SKU-00912,1,DC-14,STANDARD,2026-09-01T07:58:00,2026-09-01T13:58:00,RELEASED,EXCEPTION,APAC,NEXT_DAY
ORD-106142,SKU-00674,1,DC-03,STANDARD,2026-09-01T08:01:00,2026-09-01T16:01:00,SHIPPED,SHIPPED,MEA,SAME_DAY
ORD-106143,SKU-01149,1,DC-16,STANDARD,2026-09-01T08:10:00,2026-09-02T08:10:00,PICKING,EXCEPTION,APAC,STANDARD
ORD-106144,SKU-01026,1,DC-08,STANDARD,2026-09-01T08:20:00,2026-09-01T16:20:00,SHIPPED,SHIPPED,LATAM,STANDARD
ORD-106145,SKU-00505,1,DC-01,CRITICAL,2026-09-01T08:22:00,2026-09-01T12:22:00,RELEASED,HOLD,APAC,NEXT_DAY
ORD-106146,SKU-01090,1,DC-07,CRITICAL,2026-09-01T08:28:00,2026-09-01T14:28:00,EXCEPTION,EXCEPTION,LATAM,NEXT_DAY
ORD-106147,SKU-00399,1,DC-11,STANDARD,2026-09-01T08:57:00,2026-09-01T20:57:00,PACKING,EXCEPTION,LATAM,SAME_DAY
ORD-106148,SKU-00324,1,DC-11,STANDARD,2026-09-01T09:04:00,2026-09-01T13:04:00,ALLOCATED,ALLOCATED,MEA,STANDARD
ORD-106149,SKU-00534,1,DC-15,STANDARD,2026-09-01T09:05:00,2026-09-01T21:05:00,PICKING,HOLD,EU,SAME_DAY
ORD-106150,SKU-00470,1,DC-12,STANDARD,2026-09-01T09:09:00,2026-09-02T09:09:00,ALLOCATED,ALLOCATED,LATAM,NEXT_DAY
ORD-106151,SKU-00410,1,DC-06,STANDARD,2026-09-01T09:12:00,2026-09-01T17:12:00,EXCEPTION,EXCEPTION,LATAM,STANDARD
ORD-106152,SKU-00780,1,DC-06,STANDARD,2026-09-01T09:13:00,2026-09-01T15:13:00,PACKING,PACKING,LATAM,SAME_DAY
ORD-106153,SKU-00923,1,DC-10,STANDARD,2026-09-01T09:36:00,2026-09-01T21:36:00,PICKING,EXCEPTION,MEA,SAME_DAY
ORD-106154,SKU-00626,1,DC-16,STANDARD,2026-09-01T09:36:00,2026-09-01T13:36:00,STAGED,HOLD,MEA,NEXT_DAY
ORD-106155,SKU-00379,1,DC-13,STANDARD,2026-09-01T09:46:00,2026-09-01T15:46:00,SHIPPED,SHIPPED,MEA,SAME_DAY
ORD-106156,SKU-00450,1,DC-10,EXPEDITE,2026-09-01T09:54:00,2026-09-01T17:54:00,RELEASED,RELEASED,EU,STANDARD
ORD-106157,SKU-00491,1,DC-04,STANDARD,2026-09-01T10:16:00,2026-09-02T10:16:00,SHIPPED,EXCEPTION,LATAM,STANDARD
ORD-106158,SKU-00454,1,DC-04,STANDARD,2026-09-01T10:26:00,2026-09-01T22:26:00,STAGED,EXCEPTION,MEA,STANDARD
ORD-106159,SKU-00961,1,DC-07,STANDARD,2026-09-01T10:28:00,2026-09-01T16:28:00,PACKING,EXCEPTION,EU,NEXT_DAY
ORD-106160,SKU-00816,1,DC-18,STANDARD,2026-09-01T10:33:00,2026-09-01T22:33:00,EXCEPTION,EXCEPTION,LATAM,NEXT_DAY
ORD-106161,SKU-00473,1,DC-07,STANDARD,2026-09-01T10:42:00,2026-09-01T16:42:00,EXCEPTION,EXCEPTION,APAC,NEXT_DAY
ORD-106162,SKU-01023,1,DC-17,EXPEDITE,2026-09-01T10:49:00,2026-09-01T18:49:00,SHIPPED,HOLD,MEA,SAME_DAY
ORD-106163,SKU-00978,1,DC-05,STANDARD,2026-09-01T11:08:00,2026-09-01T19:08:00,ALLOCATED,ALLOCATED,EU,NEXT_DAY
ORD-106164,SKU-00202,1,DC-03,EXPEDITE,2026-09-01T11:09:00,2026-09-01T19:09:00,ALLOCATED,ALLOCATED,EU,STANDARD
ORD-106165,SKU-00503,1,DC-05,STANDARD,2026-09-01T11:21:00,2026-09-01T19:21:00,PICKING,EXCEPTION,MEA,SAME_DAY
ORD-106166,SKU-00005,1,DC-11,STANDARD,2026-09-01T11:38:00,2026-09-01T23:38:00,PACKING,PACKING,LATAM,NEXT_DAY
ORD-106167,SKU-00165,1,DC-03,STANDARD,2026-09-01T11:48:00,2026-09-01T15:48:00,RELEASED,EXCEPTION,MEA,STANDARD
ORD-106168,SKU-00191,1,DC-02,STANDARD,2026-09-01T11:54:00,2026-09-01T15:54:00,SHIPPED,HOLD,EU,STANDARD
ORD-106169,SKU-01098,1,DC-10,STANDARD,2026-09-01T11:57:00,2026-09-01T19:57:00,ALLOCATED,ALLOCATED,MEA,STANDARD
ORD-106170,SKU-00231,1,DC-07,CRITICAL,2026-09-01T12:09:00,2026-09-02T12:09:00,RELEASED,EXCEPTION,EU,STANDARD
ORD-106171,SKU-00236,1,DC-10,STANDARD,2026-09-01T12:10:00,2026-09-02T12:10:00,STAGED,STAGED,EU,NEXT_DAY
ORD-106172,SKU-00290,1,DC-15,STANDARD,2026-09-01T12:17:00,2026-09-02T12:17:00,EXCEPTION,EXCEPTION,MEA,STANDARD
ORD-106173,SKU-00601,1,DC-10,EXPEDITE,2026-09-01T12:24:00,2026-09-01T18:24:00,PICKING,PICKING,EU,NEXT_DAY
ORD-106174,SKU-00542,1,DC-18,STANDARD,2026-09-01T12:25:00,2026-09-01T16:25:00,EXCEPTION,EXCEPTION,LATAM,NEXT_DAY
ORD-106175,SKU-00815,1,DC-11,STANDARD,2026-09-01T12:32:00,2026-09-01T20:32:00,EXCEPTION,EXCEPTION,APAC,NEXT_DAY
ORD-106176,SKU-00010,1,DC-11,STANDARD,2026-09-01T12:32:00,2026-09-02T12:32:00,SHIPPED,SHIPPED,MEA,NEXT_DAY
ORD-106177,SKU-00329,1,DC-06,STANDARD,2026-09-01T12:32:00,2026-09-01T20:32:00,STAGED,EXCEPTION,MEA,SAME_DAY
ORD-106178,SKU-00189,1,DC-07,STANDARD,2026-09-01T12:54:00,2026-09-01T18:54:00,RELEASED,EXCEPTION,MEA,STANDARD
ORD-106179,SKU-00280,1,DC-13,STANDARD,2026-09-01T12:56:00,2026-09-02T00:56:00,RELEASED,HOLD,MEA,STANDARD
ORD-106180,SKU-00860,1,DC-17,STANDARD,2026-09-01T13:42:00,2026-09-02T01:42:00,RELEASED,RELEASED,APAC,SAME_DAY
ORD-106181,SKU-00227,1,DC-15,STANDARD,2026-09-01T13:49:00,2026-09-02T01:49:00,SHIPPED,SHIPPED,APAC,STANDARD
ORD-106182,SKU-00021,1,DC-13,STANDARD,2026-09-01T13:53:00,2026-09-01T21:53:00,ALLOCATED,EXCEPTION,EU,NEXT_DAY
ORD-106183,SKU-00123,1,DC-16,STANDARD,2026-09-01T13:56:00,2026-09-02T01:56:00,PACKING,EXCEPTION,EU,SAME_DAY
ORD-106184,SKU-01003,1,DC-02,STANDARD,2026-09-01T14:26:00,2026-09-02T14:26:00,EXCEPTION,HOLD,APAC,NEXT_DAY
ORD-106185,SKU-00567,1,DC-10,CRITICAL,2026-09-01T14:29:00,2026-09-02T14:29:00,ALLOCATED,ALLOCATED,MEA,NEXT_DAY
ORD-106186,SKU-01062,1,DC-18,STANDARD,2026-09-01T14:34:00,2026-09-02T02:34:00,SHIPPED,HOLD,LATAM,NEXT_DAY
ORD-106187,SKU-00486,1,DC-01,EXPEDITE,2026-09-01T14:43:00,2026-09-02T02:43:00,STAGED,STAGED,LATAM,NEXT_DAY
ORD-106188,SKU-00148,1,DC-05,STANDARD,2026-09-01T14:49:00,2026-09-01T22:49:00,RELEASED,EXCEPTION,MEA,STANDARD
ORD-106189,SKU-00370,1,DC-07,STANDARD,2026-09-01T14:56:00,2026-09-01T22:56:00,PACKING,PACKING,APAC,NEXT_DAY
ORD-106190,SKU-00803,1,DC-07,STANDARD,2026-09-01T14:56:00,2026-09-01T20:56:00,PICKING,EXCEPTION,APAC,STANDARD
ORD-106191,SKU-01120,1,DC-04,EXPEDITE,2026-09-01T15:02:00,2026-09-02T03:02:00,ALLOCATED,ALLOCATED,EU,NEXT_DAY
ORD-106192,SKU-00290,1,DC-09,STANDARD,2026-09-01T15:04:00,2026-09-01T19:04:00,RELEASED,HOLD,MEA,NEXT_DAY
ORD-106193,SKU-00302,1,DC-01,EXPEDITE,2026-09-01T15:06:00,2026-09-02T03:06:00,RELEASED,RELEASED,APAC,STANDARD
ORD-106194,SKU-01004,1,DC-12,CRITICAL,2026-09-01T15:18:00,2026-09-01T23:18:00,ALLOCATED,ALLOCATED,EU,NEXT_DAY
ORD-106195,SKU-01198,1,DC-04,STANDARD,2026-09-01T15:29:00,2026-09-02T03:29:00,PACKING,EXCEPTION,MEA,STANDARD
ORD-106196,SKU-00849,1,DC-07,STANDARD,2026-09-01T15:35:00,2026-09-01T23:35:00,ALLOCATED,ALLOCATED,MEA,SAME_DAY
ORD-106197,SKU-00046,1,DC-05,STANDARD,2026-09-01T15:37:00,2026-09-01T19:37:00,PACKING,EXCEPTION,EU,SAME_DAY
ORD-106198,SKU-01084,1,DC-18,STANDARD,2026-09-01T15:39:00,2026-09-01T23:39:00,ALLOCATED,ALLOCATED,APAC,NEXT_DAY
ORD-106199,SKU-00154,1,DC-13,STANDARD,2026-09-01T15:46:00,2026-09-02T03:46:00,STAGED,STAGED,EU,NEXT_DAY
ORD-106200,SKU-00729,1,DC-16,EXPEDITE,2026-09-01T15:55:00,2026-09-01T19:55:00,SHIPPED,HOLD,EU,SAME_DAY
ORD-106201,SKU-00171,1,DC-04,STANDARD,2026-09-01T16:11:00,2026-09-01T22:11:00,STAGED,STAGED,APAC,STANDARD
ORD-106202,SKU-00539,1,DC-03,STANDARD,2026-09-01T16:32:00,2026-09-02T00:32:00,RELEASED,EXCEPTION,LATAM,STANDARD
ORD-106203,SKU-00030,1,DC-12,STANDARD,2026-09-01T16:38:00,2026-09-02T04:38:00,EXCEPTION,EXCEPTION,EU,SAME_DAY
ORD-106204,SKU-00729,1,DC-09,CRITICAL,2026-09-01T16:41:00,2026-09-02T00:41:00,ALLOCATED,ALLOCATED,EU,STANDARD
ORD-106205,SKU-01004,1,DC-16,STANDARD,2026-09-01T16:43:00,2026-09-02T04:43:00,ALLOCATED,HOLD,LATAM,SAME_DAY
ORD-106206,SKU-00344,1,DC-12,CRITICAL,2026-09-01T16:45:00,2026-09-01T20:45:00,RELEASED,RELEASED,APAC,SAME_DAY
ORD-106207,SKU-00901,1,DC-05,CRITICAL,2026-09-01T16:47:00,2026-09-01T22:47:00,STAGED,STAGED,MEA,NEXT_DAY
ORD-106208,SKU-00063,1,DC-17,STANDARD,2026-09-01T17:33:00,2026-09-02T05:33:00,PACKING,HOLD,EU,STANDARD
ORD-106209,SKU-00991,1,DC-03,STANDARD,2026-09-01T17:37:00,2026-09-02T17:37:00,RELEASED,EXCEPTION,MEA,SAME_DAY
ORD-106210,SKU-00110,1,DC-10,STANDARD,2026-09-01T17:42:00,2026-09-02T05:42:00,PACKING,PACKING,MEA,STANDARD
ORD-106211,SKU-00580,1,DC-11,STANDARD,2026-09-01T17:47:00,2026-09-02T17:47:00,RELEASED,HOLD,APAC,SAME_DAY
ORD-106212,SKU-00794,1,DC-07,EXPEDITE,2026-09-01T17:53:00,2026-09-02T01:53:00,EXCEPTION,HOLD,APAC,SAME_DAY
ORD-106213,SKU-00356,1,DC-03,STANDARD,2026-09-01T17:58:00,2026-09-01T21:58:00,PICKING,PICKING,EU,SAME_DAY
ORD-106214,SKU-00646,1,DC-17,STANDARD,2026-09-01T18:02:00,2026-09-01T22:02:00,PACKING,PACKING,EU,STANDARD
ORD-106215,SKU-00825,1,DC-01,STANDARD,2026-09-01T18:07:00,2026-09-02T18:07:00,ALLOCATED,ALLOCATED,LATAM,NEXT_DAY
ORD-106216,SKU-00710,1,DC-18,STANDARD,2026-09-01T18:13:00,2026-09-02T02:13:00,RELEASED,RELEASED,MEA,SAME_DAY
ORD-106217,SKU-00341,1,DC-07,STANDARD,2026-09-01T18:33:00,2026-09-02T00:33:00,STAGED,HOLD,LATAM,STANDARD
ORD-106218,SKU-01138,1,DC-03,STANDARD,2026-09-01T18:40:00,2026-09-02T02:40:00,SHIPPED,SHIPPED,MEA,SAME_DAY
ORD-106219,SKU-01045,1,DC-03,EXPEDITE,2026-09-01T18:50:00,2026-09-02T18:50:00,SHIPPED,EXCEPTION,APAC,SAME_DAY
ORD-106220,SKU-01044,1,DC-07,STANDARD,2026-09-01T18:54:00,2026-09-02T06:54:00,SHIPPED,SHIPPED,MEA,STANDARD
ORD-106221,SKU-00320,1,DC-18,STANDARD,2026-09-01T18:56:00,2026-09-02T18:56:00,PACKING,PACKING,LATAM,STANDARD
ORD-106222,SKU-01073,1,DC-04,EXPEDITE,2026-09-01T18:57:00,2026-09-02T00:57:00,PICKING,PICKING,LATAM,STANDARD
ORD-106223,SKU-00844,1,DC-13,CRITICAL,2026-09-01T19:07:00,2026-09-02T03:07:00,ALLOCATED,EXCEPTION,LATAM,STANDARD
ORD-106224,SKU-00599,1,DC-03,STANDARD,2026-09-01T19:07:00,2026-09-02T01:07:00,EXCEPTION,EXCEPTION,MEA,STANDARD
ORD-106225,SKU-00013,1,DC-16,STANDARD,2026-09-01T19:14:00,2026-09-02T07:14:00,RELEASED,EXCEPTION,APAC,STANDARD
ORD-106226,SKU-00637,1,DC-15,STANDARD,2026-09-01T19:45:00,2026-09-02T19:45:00,EXCEPTION,HOLD,MEA,STANDARD
ORD-106227,SKU-01171,1,DC-16,STANDARD,2026-09-01T19:57:00,2026-09-02T01:57:00,PACKING,EXCEPTION,LATAM,NEXT_DAY
ORD-106228,SKU-00760,1,DC-02,EXPEDITE,2026-09-01T20:03:00,2026-09-02T20:03:00,STAGED,STAGED,EU,STANDARD
ORD-106229,SKU-00793,1,DC-01,STANDARD,2026-09-01T20:03:00,2026-09-02T02:03:00,ALLOCATED,ALLOCATED,EU,SAME_DAY
ORD-106230,SKU-00010,1,DC-03,EXPEDITE,2026-09-01T20:19:00,2026-09-02T00:19:00,EXCEPTION,HOLD,MEA,STANDARD
ORD-106231,SKU-01081,1,DC-06,STANDARD,2026-09-01T20:21:00,2026-09-02T00:21:00,PICKING,PICKING,MEA,NEXT_DAY
ORD-106232,SKU-00055,1,DC-12,STANDARD,2026-09-01T20:23:00,2026-09-02T02:23:00,RELEASED,RELEASED,LATAM,SAME_DAY
ORD-106233,SKU-01072,1,DC-06,STANDARD,2026-09-01T20:24:00,2026-09-02T04:24:00,SHIPPED,HOLD,LATAM,SAME_DAY
ORD-106234,SKU-00797,1,DC-07,STANDARD,2026-09-01T20:33:00,2026-09-02T02:33:00,STAGED,STAGED,EU,NEXT_DAY
ORD-106235,SKU-00546,1,DC-03,STANDARD,2026-09-01T20:50:00,2026-09-02T04:50:00,ALLOCATED,ALLOCATED,MEA,STANDARD
ORD-106236,SKU-00779,1,DC-18,STANDARD,2026-09-01T20:58:00,2026-09-02T20:58:00,STAGED,STAGED,APAC,NEXT_DAY
ORD-106237,SKU-00970,1,DC-09,STANDARD,2026-09-01T21:01:00,2026-09-02T21:01:00,ALLOCATED,ALLOCATED,EU,STANDARD
ORD-106238,SKU-01177,1,DC-09,EXPEDITE,2026-09-01T21:03:00,2026-09-02T01:03:00,SHIPPED,SHIPPED,APAC,SAME_DAY
ORD-106239,SKU-01102,1,DC-08,STANDARD,2026-09-01T21:03:00,2026-09-02T01:03:00,PACKING,HOLD,MEA,STANDARD
ORD-106240,SKU-00175,1,DC-08,EXPEDITE,2026-09-01T21:11:00,2026-09-02T03:11:00,PACKING,HOLD,MEA,NEXT_DAY
ORD-106241,SKU-00691,1,DC-12,STANDARD,2026-09-01T21:20:00,2026-09-02T05:20:00,ALLOCATED,HOLD,LATAM,STANDARD
ORD-106242,SKU-00744,1,DC-16,EXPEDITE,2026-09-01T21:45:00,2026-09-02T01:45:00,PACKING,PACKING,APAC,SAME_DAY
ORD-106243,SKU-00780,1,DC-06,CRITICAL,2026-09-01T21:50:00,2026-09-02T09:50:00,STAGED,STAGED,LATAM,STANDARD
ORD-106244,SKU-00893,1,DC-04,STANDARD,2026-09-01T21:55:00,2026-09-02T01:55:00,PICKING,PICKING,LATAM,SAME_DAY
ORD-106245,SKU-00844,1,DC-01,EXPEDITE,2026-09-01T22:00:00,2026-09-02T02:00:00,PACKING,EXCEPTION,LATAM,STANDARD
ORD-106246,SKU-00847,1,DC-15,STANDARD,2026-09-01T22:13:00,2026-09-02T04:13:00,ALLOCATED,ALLOCATED,LATAM,NEXT_DAY
ORD-106247,SKU-00097,1,DC-07,EXPEDITE,2026-09-01T22:18:00,2026-09-02T06:18:00,EXCEPTION,EXCEPTION,APAC,STANDARD
ORD-106248,SKU-00458,1,DC-01,STANDARD,2026-09-01T22:28:00,2026-09-02T02:28:00,SHIPPED,HOLD,EU,SAME_DAY
ORD-106249,SKU-01164,1,DC-04,STANDARD,2026-09-01T22:30:00,2026-09-02T10:30:00,PICKING,HOLD,EU,NEXT_DAY
ORD-106250,SKU-00351,1,DC-16,STANDARD,2026-09-01T22:33:00,2026-09-02T22:33:00,RELEASED,RELEASED,APAC,NEXT_DAY
ORD-106251,SKU-00746,1,DC-14,STANDARD,2026-09-01T22:35:00,2026-09-02T10:35:00,EXCEPTION,EXCEPTION,LATAM,NEXT_DAY
ORD-106252,SKU-00680,1,DC-07,STANDARD,2026-09-01T22:37:00,2026-09-02T04:37:00,EXCEPTION,EXCEPTION,MEA,NEXT_DAY
ORD-106253,SKU-01085,1,DC-17,CRITICAL,2026-09-01T22:50:00,2026-09-02T06:50:00,EXCEPTION,EXCEPTION,LATAM,STANDARD
ORD-106254,SKU-00100,1,DC-10,EXPEDITE,2026-09-01T22:57:00,2026-09-02T02:57:00,ALLOCATED,ALLOCATED,LATAM,STANDARD
ORD-106255,SKU-00544,1,DC-03,STANDARD,2026-09-01T23:16:00,2026-09-02T11:16:00,SHIPPED,HOLD,APAC,SAME_DAY
ORD-106256,SKU-00824,1,DC-06,EXPEDITE,2026-09-01T23:31:00,2026-09-02T05:31:00,PACKING,EXCEPTION,EU,SAME_DAY
ORD-106257,SKU-01120,1,DC-15,EXPEDITE,2026-09-01T23:41:00,2026-09-02T11:41:00,EXCEPTION,HOLD,APAC,SAME_DAY
ORD-106258,SKU-00385,1,DC-09,STANDARD,2026-09-01T23:46:00,2026-09-02T11:46:00,RELEASED,HOLD,EU,NEXT_DAY
ORD-106259,SKU-00383,1,DC-18,STANDARD,2026-09-02T00:05:00,2026-09-02T06:05:00,PICKING,PICKING,MEA,STANDARD
ORD-106260,SKU-00150,1,DC-13,STANDARD,2026-09-02T00:05:00,2026-09-02T06:05:00,ALLOCATED,ALLOCATED,MEA,STANDARD
ORD-106261,SKU-00913,1,DC-16,EXPEDITE,2026-09-02T00:05:00,2026-09-02T06:05:00,SHIPPED,HOLD,EU,NEXT_DAY
ORD-106262,SKU-00688,1,DC-08,EXPEDITE,2026-09-02T00:06:00,2026-09-02T06:06:00,ALLOCATED,ALLOCATED,APAC,NEXT_DAY
ORD-106263,SKU-00271,1,DC-07,STANDARD,2026-09-02T00:12:00,2026-09-02T12:12:00,EXCEPTION,EXCEPTION,MEA,NEXT_DAY
ORD-106264,SKU-00527,1,DC-02,STANDARD,2026-09-02T00:15:00,2026-09-02T08:15:00,PICKING,PICKING,MEA,STANDARD
ORD-106265,SKU-00202,1,DC-18,EXPEDITE,2026-09-02T00:24:00,2026-09-02T06:24:00,PICKING,HOLD,LATAM,NEXT_DAY
ORD-106266,SKU-00282,1,DC-11,CRITICAL,2026-09-02T00:30:00,2026-09-02T06:30:00,STAGED,EXCEPTION,EU,SAME_DAY
ORD-106267,SKU-00509,1,DC-02,EXPEDITE,2026-09-02T00:34:00,2026-09-02T06:34:00,STAGED,STAGED,LATAM,NEXT_DAY
ORD-106268,SKU-00198,1,DC-16,STANDARD,2026-09-02T00:39:00,2026-09-03T00:39:00,PICKING,PICKING,MEA,STANDARD
ORD-106269,SKU-00167,1,DC-17,STANDARD,2026-09-02T00:39:00,2026-09-02T08:39:00,ALLOCATED,HOLD,APAC,SAME_DAY
ORD-106270,SKU-00299,1,DC-09,STANDARD,2026-09-02T00:48:00,2026-09-02T04:48:00,ALLOCATED,ALLOCATED,APAC,STANDARD
ORD-106271,SKU-00883,1,DC-17,STANDARD,2026-09-02T00:49:00,2026-09-02T08:49:00,RELEASED,EXCEPTION,LATAM,NEXT_DAY
ORD-106272,SKU-01128,1,DC-12,EXPEDITE,2026-09-02T00:52:00,2026-09-03T00:52:00,STAGED,STAGED,LATAM,SAME_DAY
ORD-106273,SKU-00580,1,DC-16,STANDARD,2026-09-02T00:54:00,2026-09-03T00:54:00,SHIPPED,HOLD,APAC,NEXT_DAY
ORD-106274,SKU-00002,1,DC-06,EXPEDITE,2026-09-02T00:56:00,2026-09-02T06:56:00,ALLOCATED,EXCEPTION,MEA,SAME_DAY
ORD-106275,SKU-00940,1,DC-15,STANDARD,2026-09-02T01:08:00,2026-09-03T01:08:00,STAGED,STAGED,LATAM,STANDARD
ORD-106276,SKU-01109,1,DC-09,EXPEDITE,2026-09-02T01:26:00,2026-09-02T07:26:00,SHIPPED,EXCEPTION,EU,SAME_DAY
ORD-106277,SKU-00344,1,DC-05,STANDARD,2026-09-02T01:27:00,2026-09-02T09:27:00,EXCEPTION,EXCEPTION,EU,SAME_DAY
ORD-106278,SKU-00614,1,DC-03,STANDARD,2026-09-02T01:48:00,2026-09-02T07:48:00,PICKING,EXCEPTION,APAC,NEXT_DAY
ORD-106279,SKU-01125,1,DC-18,STANDARD,2026-09-02T01:54:00,2026-09-02T07:54:00,PICKING,PICKING,APAC,STANDARD
ORD-106280,SKU-00950,1,DC-13,STANDARD,2026-09-02T02:02:00,2026-09-02T08:02:00,PICKING,PICKING,LATAM,NEXT_DAY
ORD-106281,SKU-00299,1,DC-18,CRITICAL,2026-09-02T02:03:00,2026-09-02T08:03:00,PICKING,EXCEPTION,EU,SAME_DAY
ORD-106282,SKU-01065,1,DC-06,STANDARD,2026-09-02T02:36:00,2026-09-02T14:36:00,EXCEPTION,EXCEPTION,EU,STANDARD
ORD-106283,SKU-00668,1,DC-01,STANDARD,2026-09-02T02:38:00,2026-09-02T06:38:00,SHIPPED,SHIPPED,APAC,NEXT_DAY
ORD-106284,SKU-00762,1,DC-04,EXPEDITE,2026-09-02T03:03:00,2026-09-02T09:03:00,EXCEPTION,EXCEPTION,APAC,NEXT_DAY
ORD-106285,SKU-01029,1,DC-13,EXPEDITE,2026-09-02T03:22:00,2026-09-02T11:22:00,PICKING,PICKING,APAC,NEXT_DAY
ORD-106286,SKU-01017,1,DC-06,STANDARD,2026-09-02T03:22:00,2026-09-02T15:22:00,SHIPPED,SHIPPED,APAC,SAME_DAY
ORD-106287,SKU-00831,1,DC-08,CRITICAL,2026-09-02T03:22:00,2026-09-02T15:22:00,ALLOCATED,ALLOCATED,MEA,SAME_DAY
ORD-106288,SKU-01179,1,DC-14,STANDARD,2026-09-02T03:29:00,2026-09-02T11:29:00,SHIPPED,SHIPPED,APAC,STANDARD
ORD-106289,SKU-00814,1,DC-02,STANDARD,2026-09-02T03:44:00,2026-09-02T11:44:00,RELEASED,RELEASED,MEA,SAME_DAY
ORD-106290,SKU-00644,1,DC-14,STANDARD,2026-09-02T03:51:00,2026-09-02T15:51:00,PACKING,EXCEPTION,MEA,SAME_DAY
ORD-106291,SKU-00893,1,DC-07,STANDARD,2026-09-02T03:54:00,2026-09-02T09:54:00,PICKING,PICKING,MEA,STANDARD
ORD-106292,SKU-00255,1,DC-03,STANDARD,2026-09-02T03:56:00,2026-09-03T03:56:00,PACKING,EXCEPTION,MEA,STANDARD
ORD-106293,SKU-00578,1,DC-12,STANDARD,2026-09-02T04:08:00,2026-09-02T12:08:00,PACKING,PACKING,EU,STANDARD
ORD-106294,SKU-01106,1,DC-17,STANDARD,2026-09-02T04:13:00,2026-09-02T12:13:00,ALLOCATED,ALLOCATED,MEA,SAME_DAY
ORD-106295,SKU-00272,1,DC-08,EXPEDITE,2026-09-02T04:15:00,2026-09-02T16:15:00,RELEASED,RELEASED,APAC,STANDARD
ORD-106296,SKU-00396,1,DC-08,STANDARD,2026-09-02T04:22:00,2026-09-03T04:22:00,ALLOCATED,HOLD,LATAM,NEXT_DAY
ORD-106297,SKU-00684,1,DC-17,CRITICAL,2026-09-02T04:34:00,2026-09-02T08:34:00,SHIPPED,HOLD,MEA,NEXT_DAY
ORD-106298,SKU-00681,1,DC-16,EXPEDITE,2026-09-02T04:46:00,2026-09-02T10:46:00,STAGED,HOLD,EU,NEXT_DAY
ORD-106299,SKU-00869,1,DC-04,STANDARD,2026-09-02T04:49:00,2026-09-02T12:49:00,PICKING,PICKING,MEA,SAME_DAY
ORD-106300,SKU-00177,1,DC-17,STANDARD,2026-09-02T04:52:00,2026-09-02T16:52:00,PICKING,PICKING,APAC,STANDARD
ORD-106301,SKU-01089,1,DC-01,STANDARD,2026-09-02T04:55:00,2026-09-02T12:55:00,RELEASED,HOLD,APAC,STANDARD
ORD-106302,SKU-01154,1,DC-14,EXPEDITE,2026-09-02T04:55:00,2026-09-02T08:55:00,STAGED,STAGED,MEA,NEXT_DAY
ORD-106303,SKU-01045,1,DC-11,STANDARD,2026-09-02T04:59:00,2026-09-02T16:59:00,PICKING,PICKING,MEA,SAME_DAY
ORD-106304,SKU-00277,1,DC-01,STANDARD,2026-09-02T05:05:00,2026-09-02T11:05:00,STAGED,HOLD,LATAM,SAME_DAY
ORD-106305,SKU-00261,1,DC-03,CRITICAL,2026-09-02T05:10:00,2026-09-02T13:10:00,PACKING,PACKING,APAC,STANDARD
ORD-106306,SKU-01122,1,DC-14,STANDARD,2026-09-02T05:11:00,2026-09-02T09:11:00,PACKING,PACKING,APAC,STANDARD
ORD-106307,SKU-00766,1,DC-03,STANDARD,2026-09-02T05:17:00,2026-09-02T17:17:00,ALLOCATED,HOLD,APAC,NEXT_DAY
ORD-106308,SKU-00076,1,DC-03,STANDARD,2026-09-02T05:32:00,2026-09-03T05:32:00,STAGED,HOLD,MEA,STANDARD
ORD-106309,SKU-01139,1,DC-11,EXPEDITE,2026-09-02T05:32:00,2026-09-02T11:32:00,EXCEPTION,EXCEPTION,MEA,STANDARD
ORD-106310,SKU-00121,1,DC-18,EXPEDITE,2026-09-02T05:35:00,2026-09-02T09:35:00,SHIPPED,EXCEPTION,LATAM,STANDARD
ORD-106311,SKU-00406,1,DC-03,STANDARD,2026-09-02T05:50:00,2026-09-02T13:50:00,RELEASED,RELEASED,LATAM,SAME_DAY
ORD-106312,SKU-01118,1,DC-11,STANDARD,2026-09-02T05:52:00,2026-09-02T11:52:00,PICKING,HOLD,MEA,NEXT_DAY
ORD-106313,SKU-00507,1,DC-09,EXPEDITE,2026-09-02T05:55:00,2026-09-02T09:55:00,STAGED,HOLD,LATAM,STANDARD
ORD-106314,SKU-00687,1,DC-05,EXPEDITE,2026-09-02T06:00:00,2026-09-03T06:00:00,PICKING,PICKING,APAC,SAME_DAY
ORD-106315,SKU-00146,1,DC-05,EXPEDITE,2026-09-02T06:01:00,2026-09-02T12:01:00,PICKING,HOLD,EU,SAME_DAY
ORD-106316,SKU-00222,1,DC-12,STANDARD,2026-09-02T06:03:00,2026-09-02T10:03:00,SHIPPED,HOLD,LATAM,NEXT_DAY
ORD-106317,SKU-00276,1,DC-04,CRITICAL,2026-09-02T06:12:00,2026-09-02T10:12:00,RELEASED,RELEASED,EU,NEXT_DAY
ORD-106318,SKU-01118,1,DC-06,STANDARD,2026-09-02T06:13:00,2026-09-02T12:13:00,STAGED,EXCEPTION,APAC,NEXT_DAY
ORD-106319,SKU-00090,1,DC-09,STANDARD,2026-09-02T06:13:00,2026-09-03T06:13:00,PICKING,PICKING,EU,SAME_DAY
ORD-106320,SKU-00942,1,DC-10,EXPEDITE,2026-09-02T06:26:00,2026-09-02T18:26:00,EXCEPTION,EXCEPTION,LATAM,SAME_DAY
ORD-106321,SKU-00717,1,DC-15,STANDARD,2026-09-02T06:31:00,2026-09-02T10:31:00,PACKING,PACKING,EU,SAME_DAY
ORD-106322,SKU-00557,1,DC-11,EXPEDITE,2026-09-02T06:43:00,2026-09-02T18:43:00,PACKING,HOLD,EU,NEXT_DAY
ORD-106323,SKU-00918,1,DC-06,STANDARD,2026-09-02T06:51:00,2026-09-02T18:51:00,PACKING,PACKING,EU,SAME_DAY
ORD-106324,SKU-00618,1,DC-03,EXPEDITE,2026-09-02T07:04:00,2026-09-03T07:04:00,RELEASED,EXCEPTION,EU,SAME_DAY
ORD-106325,SKU-00304,1,DC-16,STANDARD,2026-09-02T07:06:00,2026-09-02T13:06:00,RELEASED,HOLD,LATAM,STANDARD
ORD-106326,SKU-00695,1,DC-13,STANDARD,2026-09-02T07:08:00,2026-09-02T15:08:00,STAGED,HOLD,LATAM,SAME_DAY
ORD-106327,SKU-00867,1,DC-12,STANDARD,2026-09-02T07:14:00,2026-09-03T07:14:00,EXCEPTION,EXCEPTION,EU,SAME_DAY
ORD-106328,SKU-00496,1,DC-03,STANDARD,2026-09-02T07:16:00,2026-09-03T07:16:00,ALLOCATED,ALLOCATED,LATAM,NEXT_DAY
ORD-106329,SKU-01185,1,DC-14,EXPEDITE,2026-09-02T07:20:00,2026-09-02T13:20:00,ALLOCATED,EXCEPTION,MEA,SAME_DAY
ORD-106330,SKU-00561,1,DC-10,STANDARD,2026-09-02T07:28:00,2026-09-02T15:28:00,PICKING,PICKING,LATAM,STANDARD
ORD-106331,SKU-00558,1,DC-10,STANDARD,2026-09-02T07:30:00,2026-09-02T11:30:00,RELEASED,RELEASED,APAC,SAME_DAY
ORD-106332,SKU-00005,1,DC-04,STANDARD,2026-09-02T07:32:00,2026-09-02T15:32:00,EXCEPTION,EXCEPTION,APAC,STANDARD
ORD-106333,SKU-00642,1,DC-06,EXPEDITE,2026-09-02T07:41:00,2026-09-02T19:41:00,RELEASED,RELEASED,EU,STANDARD
ORD-106334,SKU-00372,1,DC-11,STANDARD,2026-09-02T07:47:00,2026-09-02T15:47:00,PACKING,PACKING,EU,NEXT_DAY
ORD-106335,SKU-01131,1,DC-05,STANDARD,2026-09-02T07:57:00,2026-09-02T19:57:00,PACKING,EXCEPTION,MEA,STANDARD
ORD-106336,SKU-00041,1,DC-04,STANDARD,2026-09-02T07:58:00,2026-09-02T15:58:00,SHIPPED,EXCEPTION,APAC,SAME_DAY
ORD-106337,SKU-00907,1,DC-07,CRITICAL,2026-09-02T07:59:00,2026-09-02T11:59:00,SHIPPED,HOLD,MEA,NEXT_DAY
ORD-106338,SKU-00573,1,DC-13,STANDARD,2026-09-02T07:59:00,2026-09-02T11:59:00,EXCEPTION,EXCEPTION,LATAM,STANDARD
ORD-106339,SKU-00559,1,DC-14,STANDARD,2026-09-02T08:19:00,2026-09-02T20:19:00,EXCEPTION,EXCEPTION,EU,STANDARD
ORD-106340,SKU-00141,1,DC-05,EXPEDITE,2026-09-02T08:19:00,2026-09-02T16:19:00,STAGED,STAGED,APAC,NEXT_DAY
ORD-106341,SKU-00132,1,DC-05,STANDARD,2026-09-02T08:26:00,2026-09-02T16:26:00,PICKING,PICKING,MEA,STANDARD
ORD-106342,SKU-00682,1,DC-09,STANDARD,2026-09-02T08:42:00,2026-09-02T14:42:00,RELEASED,HOLD,LATAM,NEXT_DAY
ORD-106343,SKU-00854,1,DC-09,CRITICAL,2026-09-02T08:46:00,2026-09-02T20:46:00,RELEASED,RELEASED,APAC,STANDARD
ORD-106344,SKU-00347,1,DC-18,STANDARD,2026-09-02T08:51:00,2026-09-02T12:51:00,EXCEPTION,EXCEPTION,MEA,NEXT_DAY
ORD-106345,SKU-00779,1,DC-14,STANDARD,2026-09-02T08:56:00,2026-09-02T16:56:00,PACKING,EXCEPTION,LATAM,STANDARD
ORD-106346,SKU-01168,1,DC-16,STANDARD,2026-09-02T08:58:00,2026-09-02T12:58:00,STAGED,HOLD,EU,NEXT_DAY
ORD-106347,SKU-00804,1,DC-05,EXPEDITE,2026-09-02T08:58:00,2026-09-02T12:58:00,RELEASED,EXCEPTION,LATAM,NEXT_DAY
ORD-106348,SKU-00892,1,DC-02,STANDARD,2026-09-02T09:03:00,2026-09-02T21:03:00,STAGED,STAGED,MEA,SAME_DAY
ORD-106349,SKU-00616,1,DC-15,STANDARD,2026-09-02T09:23:00,2026-09-02T15:23:00,STAGED,HOLD,EU,NEXT_DAY
ORD-106350,SKU-00236,1,DC-04,STANDARD,2026-09-02T09:24:00,2026-09-03T09:24:00,RELEASED,RELEASED,EU,STANDARD
ORD-106351,SKU-01105,1,DC-10,EXPEDITE,2026-09-02T09:30:00,2026-09-02T13:30:00,PACKING,PACKING,EU,STANDARD
ORD-106352,SKU-00918,1,DC-11,STANDARD,2026-09-02T09:31:00,2026-09-03T09:31:00,RELEASED,HOLD,EU,SAME_DAY
ORD-106353,SKU-00562,1,DC-10,STANDARD,2026-09-02T09:33:00,2026-09-02T15:33:00,EXCEPTION,EXCEPTION,LATAM,SAME_DAY
ORD-106354,SKU-00628,1,DC-06,STANDARD,2026-09-02T09:38:00,2026-09-03T09:38:00,PICKING,PICKING,EU,NEXT_DAY
ORD-106355,SKU-00982,1,DC-12,STANDARD,2026-09-02T10:02:00,2026-09-02T18:02:00,PACKING,PACKING,LATAM,SAME_DAY
ORD-106356,SKU-00857,1,DC-02,EXPEDITE,2026-09-02T10:17:00,2026-09-02T22:17:00,RELEASED,EXCEPTION,LATAM,SAME_DAY
ORD-106357,SKU-00184,1,DC-06,STANDARD,2026-09-02T10:20:00,2026-09-02T22:20:00,STAGED,HOLD,LATAM,NEXT_DAY
ORD-106358,SKU-00785,1,DC-14,EXPEDITE,2026-09-02T10:35:00,2026-09-02T22:35:00,STAGED,STAGED,EU,NEXT_DAY
ORD-106359,SKU-00122,1,DC-12,STANDARD,2026-09-02T10:36:00,2026-09-02T14:36:00,ALLOCATED,ALLOCATED,MEA,NEXT_DAY
ORD-106360,SKU-00707,1,DC-09,EXPEDITE,2026-09-02T10:43:00,2026-09-02T18:43:00,STAGED,EXCEPTION,MEA,NEXT_DAY
ORD-106361,SKU-00077,1,DC-16,STANDARD,2026-09-02T10:55:00,2026-09-03T10:55:00,PACKING,PACKING,LATAM,STANDARD
ORD-106362,SKU-00043,1,DC-14,STANDARD,2026-09-02T11:03:00,2026-09-02T23:03:00,PICKING,HOLD,LATAM,STANDARD
ORD-106363,SKU-00990,1,DC-13,CRITICAL,2026-09-02T11:11:00,2026-09-03T11:11:00,ALLOCATED,ALLOCATED,APAC,NEXT_DAY
ORD-106364,SKU-01194,1,DC-14,CRITICAL,2026-09-02T11:24:00,2026-09-02T19:24:00,STAGED,STAGED,LATAM,NEXT_DAY
ORD-106365,SKU-00644,1,DC-14,STANDARD,2026-09-02T11:26:00,2026-09-02T15:26:00,EXCEPTION,EXCEPTION,APAC,STANDARD
ORD-106366,SKU-01016,1,DC-06,STANDARD,2026-09-02T11:29:00,2026-09-02T23:29:00,SHIPPED,SHIPPED,EU,NEXT_DAY
ORD-106367,SKU-00656,1,DC-17,STANDARD,2026-09-02T11:37:00,2026-09-02T23:37:00,ALLOCATED,ALLOCATED,APAC,NEXT_DAY
ORD-106368,SKU-00785,1,DC-07,EXPEDITE,2026-09-02T12:10:00,2026-09-02T16:10:00,ALLOCATED,HOLD,EU,STANDARD
ORD-106369,SKU-00013,1,DC-11,STANDARD,2026-09-02T12:12:00,2026-09-02T18:12:00,EXCEPTION,EXCEPTION,MEA,NEXT_DAY
ORD-106370,SKU-00106,1,DC-18,STANDARD,2026-09-02T12:15:00,2026-09-02T20:15:00,STAGED,HOLD,LATAM,NEXT_DAY
ORD-106371,SKU-00254,1,DC-09,STANDARD,2026-09-02T12:20:00,2026-09-02T16:20:00,PICKING,HOLD,APAC,STANDARD
ORD-106372,SKU-00358,1,DC-17,CRITICAL,2026-09-02T12:36:00,2026-09-03T00:36:00,PICKING,PICKING,EU,SAME_DAY
ORD-106373,SKU-00933,1,DC-12,STANDARD,2026-09-02T12:39:00,2026-09-02T18:39:00,PICKING,HOLD,MEA,NEXT_DAY
ORD-106374,SKU-00729,1,DC-12,STANDARD,2026-09-02T12:56:00,2026-09-03T00:56:00,STAGED,STAGED,EU,NEXT_DAY
ORD-106375,SKU-00934,1,DC-13,STANDARD,2026-09-02T13:00:00,2026-09-03T01:00:00,PICKING,HOLD,MEA,NEXT_DAY
ORD-106376,SKU-00120,1,DC-10,STANDARD,2026-09-02T13:00:00,2026-09-02T17:00:00,ALLOCATED,ALLOCATED,LATAM,STANDARD
ORD-106377,SKU-00402,1,DC-04,STANDARD,2026-09-02T13:11:00,2026-09-02T21:11:00,PICKING,HOLD,MEA,NEXT_DAY
ORD-106378,SKU-00789,1,DC-18,CRITICAL,2026-09-02T13:12:00,2026-09-03T01:12:00,SHIPPED,SHIPPED,LATAM,STANDARD
ORD-106379,SKU-00235,1,DC-02,EXPEDITE,2026-09-02T13:16:00,2026-09-03T01:16:00,STAGED,STAGED,MEA,STANDARD
ORD-106380,SKU-00386,1,DC-08,STANDARD,2026-09-02T13:45:00,2026-09-02T17:45:00,SHIPPED,SHIPPED,LATAM,SAME_DAY
ORD-106381,SKU-01084,1,DC-15,EXPEDITE,2026-09-02T13:47:00,2026-09-03T13:47:00,ALLOCATED,ALLOCATED,LATAM,NEXT_DAY
ORD-106382,SKU-00901,1,DC-06,STANDARD,2026-09-02T14:10:00,2026-09-03T02:10:00,ALLOCATED,ALLOCATED,EU,SAME_DAY
ORD-106383,SKU-01131,1,DC-10,STANDARD,2026-09-02T14:22:00,2026-09-02T20:22:00,EXCEPTION,EXCEPTION,LATAM,NEXT_DAY
ORD-106384,SKU-00366,1,DC-05,CRITICAL,2026-09-02T14:24:00,2026-09-02T22:24:00,PACKING,EXCEPTION,LATAM,NEXT_DAY
ORD-106385,SKU-00373,1,DC-14,STANDARD,2026-09-02T14:26:00,2026-09-02T20:26:00,STAGED,STAGED,EU,STANDARD
ORD-106386,SKU-00631,1,DC-15,STANDARD,2026-09-02T14:26:00,2026-09-02T22:26:00,ALLOCATED,ALLOCATED,APAC,NEXT_DAY
ORD-106387,SKU-00211,1,DC-06,CRITICAL,2026-09-02T14:31:00,2026-09-02T18:31:00,ALLOCATED,ALLOCATED,APAC,STANDARD
ORD-106388,SKU-00117,1,DC-04,STANDARD,2026-09-02T14:39:00,2026-09-02T18:39:00,PACKING,PACKING,EU,NEXT_DAY
ORD-106389,SKU-00653,1,DC-05,EXPEDITE,2026-09-02T14:40:00,2026-09-03T02:40:00,ALLOCATED,ALLOCATED,APAC,STANDARD
ORD-106390,SKU-00884,1,DC-06,CRITICAL,2026-09-02T14:40:00,2026-09-02T20:40:00,SHIPPED,SHIPPED,LATAM,NEXT_DAY
ORD-106391,SKU-00485,1,DC-16,STANDARD,2026-09-02T14:52:00,2026-09-02T22:52:00,SHIPPED,EXCEPTION,MEA,STANDARD
ORD-106392,SKU-00672,1,DC-03,STANDARD,2026-09-02T14:59:00,2026-09-03T14:59:00,ALLOCATED,ALLOCATED,APAC,SAME_DAY
ORD-106393,SKU-00826,1,DC-01,STANDARD,2026-09-02T15:00:00,2026-09-03T15:00:00,PACKING,PACKING,EU,SAME_DAY
ORD-106394,SKU-00406,1,DC-04,STANDARD,2026-09-02T15:03:00,2026-09-02T21:03:00,SHIPPED,EXCEPTION,MEA,STANDARD
ORD-106395,SKU-00082,1,DC-02,STANDARD,2026-09-02T15:04:00,2026-09-02T19:04:00,PICKING,EXCEPTION,MEA,SAME_DAY
ORD-106396,SKU-00928,1,DC-05,EXPEDITE,2026-09-02T15:11:00,2026-09-02T21:11:00,SHIPPED,EXCEPTION,MEA,STANDARD
ORD-106397,SKU-00192,1,DC-11,STANDARD,2026-09-02T15:19:00,2026-09-02T21:19:00,ALLOCATED,ALLOCATED,APAC,NEXT_DAY
ORD-106398,SKU-00792,1,DC-17,STANDARD,2026-09-02T15:20:00,2026-09-02T23:20:00,SHIPPED,SHIPPED,MEA,NEXT_DAY
ORD-106399,SKU-00846,1,DC-14,STANDARD,2026-09-02T15:25:00,2026-09-03T03:25:00,RELEASED,RELEASED,EU,NEXT_DAY
ORD-106400,SKU-01188,1,DC-08,STANDARD,2026-09-02T15:29:00,2026-09-02T23:29:00,SHIPPED,HOLD,EU,SAME_DAY
ORD-106401,SKU-00272,1,DC-09,EXPEDITE,2026-09-02T15:36:00,2026-09-02T23:36:00,EXCEPTION,EXCEPTION,APAC,STANDARD
ORD-106402,SKU-00812,1,DC-08,STANDARD,2026-09-02T15:38:00,2026-09-02T23:38:00,STAGED,STAGED,EU,STANDARD
ORD-106403,SKU-00204,1,DC-13,EXPEDITE,2026-09-02T15:54:00,2026-09-02T21:54:00,PACKING,EXCEPTION,MEA,SAME_DAY
ORD-106404,SKU-00433,1,DC-08,STANDARD,2026-09-02T15:58:00,2026-09-02T19:58:00,ALLOCATED,EXCEPTION,EU,NEXT_DAY
ORD-106405,SKU-01184,1,DC-10,STANDARD,2026-09-02T16:08:00,2026-09-03T00:08:00,ALLOCATED,HOLD,APAC,NEXT_DAY
ORD-106406,SKU-00505,1,DC-08,STANDARD,2026-09-02T16:21:00,2026-09-03T16:21:00,RELEASED,HOLD,MEA,SAME_DAY
ORD-106407,SKU-00578,1,DC-17,STANDARD,2026-09-02T16:24:00,2026-09-02T22:24:00,PACKING,EXCEPTION,MEA,NEXT_DAY
ORD-106408,SKU-00381,1,DC-17,STANDARD,2026-09-02T16:39:00,2026-09-02T22:39:00,RELEASED,RELEASED,MEA,SAME_DAY
ORD-106409,SKU-00794,1,DC-11,STANDARD,2026-09-02T16:43:00,2026-09-02T22:43:00,STAGED,HOLD,EU,SAME_DAY
ORD-106410,SKU-00743,1,DC-12,CRITICAL,2026-09-02T16:48:00,2026-09-02T22:48:00,PACKING,HOLD,EU,STANDARD
ORD-106411,SKU-00212,1,DC-10,STANDARD,2026-09-02T17:02:00,2026-09-03T01:02:00,SHIPPED,SHIPPED,APAC,STANDARD
ORD-106412,SKU-00809,1,DC-17,CRITICAL,2026-09-02T17:07:00,2026-09-02T23:07:00,PICKING,HOLD,APAC,NEXT_DAY
ORD-106413,SKU-00424,1,DC-08,STANDARD,2026-09-02T17:11:00,2026-09-03T17:11:00,ALLOCATED,HOLD,MEA,SAME_DAY
ORD-106414,SKU-00817,1,DC-03,STANDARD,2026-09-02T17:13:00,2026-09-02T21:13:00,PACKING,EXCEPTION,APAC,SAME_DAY
ORD-106415,SKU-01146,1,DC-13,STANDARD,2026-09-02T17:18:00,2026-09-03T17:18:00,EXCEPTION,EXCEPTION,APAC,STANDARD
ORD-106416,SKU-01161,1,DC-14,STANDARD,2026-09-02T17:36:00,2026-09-03T01:36:00,PACKING,PACKING,LATAM,SAME_DAY
ORD-106417,SKU-00072,1,DC-03,EXPEDITE,2026-09-02T17:38:00,2026-09-03T05:38:00,PICKING,PICKING,EU,STANDARD
ORD-106418,SKU-00005,1,DC-12,STANDARD,2026-09-02T17:39:00,2026-09-02T23:39:00,PACKING,PACKING,MEA,SAME_DAY
ORD-106419,SKU-00054,1,DC-01,STANDARD,2026-09-02T17:47:00,2026-09-02T21:47:00,RELEASED,RELEASED,EU,STANDARD
ORD-106420,SKU-00140,1,DC-11,STANDARD,2026-09-02T17:51:00,2026-09-03T17:51:00,PICKING,PICKING,APAC,SAME_DAY
ORD-106421,SKU-01135,1,DC-02,STANDARD,2026-09-02T17:51:00,2026-09-03T17:51:00,ALLOCATED,ALLOCATED,EU,SAME_DAY
ORD-106422,SKU-00201,1,DC-14,EXPEDITE,2026-09-02T17:57:00,2026-09-03T01:57:00,PACKING,PACKING,LATAM,SAME_DAY
ORD-106423,SKU-00650,1,DC-10,STANDARD,2026-09-02T17:59:00,2026-09-02T23:59:00,ALLOCATED,ALLOCATED,APAC,SAME_DAY
ORD-106424,SKU-00826,1,DC-05,EXPEDITE,2026-09-02T18:15:00,2026-09-03T02:15:00,PICKING,PICKING,LATAM,SAME_DAY
ORD-106425,SKU-00899,1,DC-14,STANDARD,2026-09-02T18:23:00,2026-09-03T02:23:00,EXCEPTION,EXCEPTION,LATAM,SAME_DAY
ORD-106426,SKU-00231,1,DC-07,CRITICAL,2026-09-02T18:27:00,2026-09-03T02:27:00,ALLOCATED,EXCEPTION,MEA,NEXT_DAY
ORD-106427,SKU-00735,1,DC-12,EXPEDITE,2026-09-02T18:37:00,2026-09-03T00:37:00,EXCEPTION,EXCEPTION,MEA,SAME_DAY
ORD-106428,SKU-01135,1,DC-01,STANDARD,2026-09-02T18:49:00,2026-09-03T00:49:00,EXCEPTION,EXCEPTION,EU,SAME_DAY
ORD-106429,SKU-00152,1,DC-05,STANDARD,2026-09-02T18:49:00,2026-09-03T00:49:00,STAGED,HOLD,MEA,NEXT_DAY
ORD-106430,SKU-00409,1,DC-15,CRITICAL,2026-09-02T18:57:00,2026-09-03T00:57:00,SHIPPED,SHIPPED,APAC,STANDARD
ORD-106431,SKU-01153,1,DC-04,STANDARD,2026-09-02T19:19:00,2026-09-02T23:19:00,STAGED,STAGED,EU,NEXT_DAY
ORD-106432,SKU-00913,1,DC-12,EXPEDITE,2026-09-02T19:22:00,2026-09-03T03:22:00,RELEASED,RELEASED,APAC,SAME_DAY
ORD-106433,SKU-00807,1,DC-08,STANDARD,2026-09-02T19:40:00,2026-09-03T03:40:00,STAGED,STAGED,LATAM,NEXT_DAY
ORD-106434,SKU-00697,1,DC-11,STANDARD,2026-09-02T19:46:00,2026-09-02T23:46:00,PACKING,PACKING,LATAM,SAME_DAY
ORD-106435,SKU-00307,1,DC-01,EXPEDITE,2026-09-02T19:48:00,2026-09-03T07:48:00,ALLOCATED,EXCEPTION,LATAM,STANDARD
ORD-106436,SKU-00526,1,DC-06,STANDARD,2026-09-02T19:54:00,2026-09-03T03:54:00,PICKING,PICKING,LATAM,STANDARD
ORD-106437,SKU-00825,1,DC-06,STANDARD,2026-09-02T19:59:00,2026-09-03T19:59:00,PICKING,HOLD,MEA,NEXT_DAY
ORD-106438,SKU-00190,1,DC-16,STANDARD,2026-09-02T20:18:00,2026-09-03T02:18:00,SHIPPED,SHIPPED,APAC,NEXT_DAY
ORD-106439,SKU-01153,1,DC-07,STANDARD,2026-09-02T20:19:00,2026-09-03T02:19:00,EXCEPTION,EXCEPTION,LATAM,STANDARD
ORD-106440,SKU-00394,1,DC-06,EXPEDITE,2026-09-02T20:34:00,2026-09-03T08:34:00,SHIPPED,EXCEPTION,MEA,NEXT_DAY
ORD-106441,SKU-00182,1,DC-05,CRITICAL,2026-09-02T20:37:00,2026-09-03T02:37:00,PACKING,PACKING,MEA,STANDARD
ORD-106442,SKU-00137,1,DC-10,EXPEDITE,2026-09-02T20:47:00,2026-09-03T08:47:00,PACKING,HOLD,APAC,STANDARD
ORD-106443,SKU-00893,1,DC-04,STANDARD,2026-09-02T20:54:00,2026-09-03T02:54:00,PACKING,HOLD,EU,SAME_DAY
ORD-106444,SKU-00384,1,DC-10,STANDARD,2026-09-02T21:19:00,2026-09-03T03:19:00,EXCEPTION,EXCEPTION,EU,SAME_DAY
ORD-106445,SKU-00416,1,DC-15,EXPEDITE,2026-09-02T21:33:00,2026-09-03T21:33:00,ALLOCATED,ALLOCATED,APAC,NEXT_DAY
ORD-106446,SKU-01165,1,DC-06,STANDARD,2026-09-02T21:37:00,2026-09-03T03:37:00,PACKING,EXCEPTION,MEA,SAME_DAY
ORD-106447,SKU-00360,1,DC-02,STANDARD,2026-09-02T21:42:00,2026-09-03T01:42:00,STAGED,HOLD,APAC,NEXT_DAY
ORD-106448,SKU-00181,1,DC-11,CRITICAL,2026-09-02T21:44:00,2026-09-03T03:44:00,PACKING,EXCEPTION,APAC,NEXT_DAY
ORD-106449,SKU-00024,1,DC-16,STANDARD,2026-09-02T21:45:00,2026-09-03T09:45:00,EXCEPTION,EXCEPTION,APAC,STANDARD
ORD-106450,SKU-00172,1,DC-06,STANDARD,2026-09-02T22:03:00,2026-09-03T04:03:00,STAGED,EXCEPTION,APAC,NEXT_DAY
ORD-106451,SKU-00796,1,DC-18,STANDARD,2026-09-02T22:03:00,2026-09-03T02:03:00,ALLOCATED,HOLD,MEA,NEXT_DAY
ORD-106452,SKU-00265,1,DC-02,STANDARD,2026-09-02T22:05:00,2026-09-03T02:05:00,ALLOCATED,HOLD,EU,NEXT_DAY
ORD-106453,SKU-00610,1,DC-14,STANDARD,2026-09-02T22:13:00,2026-09-03T06:13:00,RELEASED,HOLD,LATAM,STANDARD
ORD-106454,SKU-00192,1,DC-17,CRITICAL,2026-09-02T22:16:00,2026-09-03T06:16:00,RELEASED,HOLD,MEA,NEXT_DAY
ORD-106455,SKU-01110,1,DC-12,STANDARD,2026-09-02T22:16:00,2026-09-03T22:16:00,RELEASED,EXCEPTION,MEA,STANDARD
ORD-106456,SKU-00301,1,DC-13,STANDARD,2026-09-02T22:19:00,2026-09-03T22:19:00,RELEASED,RELEASED,EU,SAME_DAY
ORD-106457,SKU-00528,1,DC-15,EXPEDITE,2026-09-02T22:21:00,2026-09-03T10:21:00,STAGED,STAGED,LATAM,SAME_DAY
ORD-106458,SKU-00674,1,DC-03,STANDARD,2026-09-02T22:21:00,2026-09-03T10:21:00,PACKING,PACKING,MEA,NEXT_DAY
ORD-106459,SKU-00766,1,DC-10,STANDARD,2026-09-02T22:24:00,2026-09-03T22:24:00,PICKING,PICKING,APAC,SAME_DAY
ORD-106460,SKU-00579,1,DC-17,STANDARD,2026-09-02T22:25:00,2026-09-03T06:25:00,ALLOCATED,HOLD,APAC,SAME_DAY
ORD-106461,SKU-00791,1,DC-05,EXPEDITE,2026-09-02T22:34:00,2026-09-03T02:34:00,SHIPPED,SHIPPED,APAC,NEXT_DAY
ORD-106462,SKU-00887,1,DC-09,STANDARD,2026-09-02T22:34:00,2026-09-03T10:34:00,PACKING,PACKING,MEA,STANDARD
ORD-106463,SKU-01186,1,DC-12,STANDARD,2026-09-02T22:55:00,2026-09-03T02:55:00,RELEASED,RELEASED,APAC,SAME_DAY
ORD-106464,SKU-00954,1,DC-05,STANDARD,2026-09-02T22:58:00,2026-09-03T06:58:00,PICKING,PICKING,APAC,SAME_DAY
ORD-106465,SKU-00926,1,DC-18,STANDARD,2026-09-02T23:11:00,2026-09-03T11:11:00,PACKING,HOLD,EU,SAME_DAY
ORD-106466,SKU-00706,1,DC-10,STANDARD,2026-09-02T23:12:00,2026-09-03T11:12:00,ALLOCATED,HOLD,APAC,STANDARD
ORD-106467,SKU-00531,1,DC-06,STANDARD,2026-09-02T23:21:00,2026-09-03T23:21:00,SHIPPED,SHIPPED,LATAM,STANDARD
ORD-106468,SKU-00642,1,DC-16,STANDARD,2026-09-02T23:40:00,2026-09-03T03:40:00,PACKING,HOLD,APAC,STANDARD
ORD-106469,SKU-01164,1,DC-12,STANDARD,2026-09-02T23:49:00,2026-09-03T23:49:00,PICKING,PICKING,LATAM,NEXT_DAY
ORD-106470,SKU-00771,1,DC-01,STANDARD,2026-09-02T23:52:00,2026-09-03T23:52:00,PICKING,PICKING,MEA,SAME_DAY
ORD-106471,SKU-00206,1,DC-09,STANDARD,2026-09-02T23:53:00,2026-09-03T05:53:00,PICKING,HOLD,MEA,SAME_DAY
ORD-106472,SKU-01186,1,DC-18,STANDARD,2026-09-02T23:57:00,2026-09-03T07:57:00,RELEASED,RELEASED,EU,SAME_DAY
ORD-106473,SKU-00117,1,DC-09,CRITICAL,2026-09-03T00:19:00,2026-09-03T04:19:00,RELEASED,EXCEPTION,LATAM,NEXT_DAY
ORD-106474,SKU-00219,1,DC-02,EXPEDITE,2026-09-03T00:22:00,2026-09-04T00:22:00,ALLOCATED,HOLD,APAC,STANDARD
ORD-106475,SKU-00731,1,DC-04,CRITICAL,2026-09-03T00:28:00,2026-09-03T08:28:00,EXCEPTION,EXCEPTION,LATAM,STANDARD
ORD-106476,SKU-01004,1,DC-12,STANDARD,2026-09-03T00:37:00,2026-09-03T12:37:00,RELEASED,EXCEPTION,EU,SAME_DAY
ORD-106477,SKU-00644,1,DC-11,STANDARD,2026-09-03T00:38:00,2026-09-03T08:38:00,STAGED,STAGED,APAC,NEXT_DAY
ORD-106478,SKU-00776,1,DC-16,STANDARD,2026-09-03T01:22:00,2026-09-03T09:22:00,STAGED,HOLD,APAC,NEXT_DAY
ORD-106479,SKU-00213,1,DC-11,STANDARD,2026-09-03T01:54:00,2026-09-03T05:54:00,STAGED,STAGED,APAC,STANDARD
ORD-106480,SKU-00002,1,DC-07,STANDARD,2026-09-03T01:56:00,2026-09-03T05:56:00,SHIPPED,HOLD,MEA,NEXT_DAY
ORD-106481,SKU-00763,1,DC-15,STANDARD,2026-09-03T02:37:00,2026-09-03T14:37:00,SHIPPED,SHIPPED,EU,STANDARD
ORD-106482,SKU-00996,1,DC-11,STANDARD,2026-09-03T02:39:00,2026-09-04T02:39:00,PICKING,HOLD,APAC,STANDARD
ORD-106483,SKU-00654,1,DC-15,STANDARD,2026-09-03T03:13:00,2026-09-03T11:13:00,PICKING,EXCEPTION,MEA,STANDARD
ORD-106484,SKU-00762,1,DC-10,STANDARD,2026-09-03T03:20:00,2026-09-03T11:20:00,EXCEPTION,HOLD,APAC,NEXT_DAY
ORD-106485,SKU-00411,1,DC-13,STANDARD,2026-09-03T03:21:00,2026-09-04T03:21:00,ALLOCATED,ALLOCATED,EU,NEXT_DAY
ORD-106486,SKU-00223,1,DC-11,STANDARD,2026-09-03T03:28:00,2026-09-03T15:28:00,PICKING,PICKING,LATAM,SAME_DAY
ORD-106487,SKU-00366,1,DC-12,STANDARD,2026-09-03T03:30:00,2026-09-03T09:30:00,RELEASED,RELEASED,MEA,SAME_DAY
ORD-106488,SKU-00867,1,DC-03,CRITICAL,2026-09-03T03:31:00,2026-09-03T07:31:00,RELEASED,EXCEPTION,EU,SAME_DAY
ORD-106489,SKU-00062,1,DC-14,STANDARD,2026-09-03T03:35:00,2026-09-04T03:35:00,STAGED,STAGED,LATAM,STANDARD
ORD-106490,SKU-00012,1,DC-04,STANDARD,2026-09-03T03:38:00,2026-09-03T07:38:00,SHIPPED,EXCEPTION,APAC,STANDARD
ORD-106491,SKU-00387,1,DC-15,EXPEDITE,2026-09-03T03:40:00,2026-09-03T07:40:00,EXCEPTION,EXCEPTION,MEA,NEXT_DAY
ORD-106492,SKU-00957,1,DC-05,STANDARD,2026-09-03T03:41:00,2026-09-03T09:41:00,RELEASED,HOLD,LATAM,STANDARD
ORD-106493,SKU-01035,1,DC-03,STANDARD,2026-09-03T03:46:00,2026-09-03T09:46:00,EXCEPTION,EXCEPTION,APAC,NEXT_DAY
ORD-106494,SKU-01188,1,DC-13,STANDARD,2026-09-03T03:57:00,2026-09-04T03:57:00,PACKING,PACKING,EU,STANDARD
ORD-106495,SKU-01166,1,DC-02,STANDARD,2026-09-03T04:02:00,2026-09-03T08:02:00,RELEASED,EXCEPTION,MEA,STANDARD
ORD-106496,SKU-00157,1,DC-07,STANDARD,2026-09-03T04:11:00,2026-09-03T10:11:00,RELEASED,HOLD,LATAM,NEXT_DAY
ORD-106497,SKU-00395,1,DC-03,STANDARD,2026-09-03T04:20:00,2026-09-03T16:20:00,RELEASED,RELEASED,MEA,NEXT_DAY
ORD-106498,SKU-01013,1,DC-10,STANDARD,2026-09-03T04:26:00,2026-09-03T08:26:00,PICKING,EXCEPTION,EU,SAME_DAY
ORD-106499,SKU-00102,1,DC-13,EXPEDITE,2026-09-03T04:36:00,2026-09-03T10:36:00,SHIPPED,SHIPPED,LATAM,SAME_DAY
ORD-106500,SKU-00019,1,DC-01,STANDARD,2026-09-03T04:42:00,2026-09-03T08:42:00,STAGED,STAGED,LATAM,SAME_DAY
ORD-106501,SKU-00155,1,DC-13,STANDARD,2026-09-03T04:58:00,2026-09-03T12:58:00,SHIPPED,SHIPPED,EU,SAME_DAY
ORD-106502,SKU-01082,1,DC-16,STANDARD,2026-09-03T05:00:00,2026-09-03T11:00:00,EXCEPTION,EXCEPTION,EU,NEXT_DAY
ORD-106503,SKU-00023,1,DC-11,STANDARD,2026-09-03T05:03:00,2026-09-03T09:03:00,PACKING,HOLD,APAC,NEXT_DAY
ORD-106504,SKU-00398,1,DC-10,EXPEDITE,2026-09-03T05:07:00,2026-09-03T13:07:00,ALLOCATED,EXCEPTION,LATAM,NEXT_DAY
ORD-106505,SKU-00474,1,DC-16,STANDARD,2026-09-03T05:22:00,2026-09-03T11:22:00,PICKING,PICKING,LATAM,SAME_DAY
ORD-106506,SKU-00855,1,DC-18,EXPEDITE,2026-09-03T05:24:00,2026-09-04T05:24:00,PACKING,PACKING,LATAM,NEXT_DAY
ORD-106507,SKU-01096,1,DC-01,STANDARD,2026-09-03T05:40:00,2026-09-03T09:40:00,STAGED,HOLD,APAC,STANDARD
ORD-106508,SKU-01007,1,DC-12,EXPEDITE,2026-09-03T05:47:00,2026-09-03T17:47:00,ALLOCATED,ALLOCATED,MEA,STANDARD
ORD-106509,SKU-00754,1,DC-08,STANDARD,2026-09-03T06:05:00,2026-09-03T12:05:00,STAGED,STAGED,LATAM,SAME_DAY
ORD-106510,SKU-00259,1,DC-09,STANDARD,2026-09-03T06:06:00,2026-09-03T12:06:00,RELEASED,HOLD,MEA,STANDARD
ORD-106511,SKU-01037,1,DC-10,EXPEDITE,2026-09-03T06:13:00,2026-09-03T18:13:00,RELEASED,HOLD,EU,SAME_DAY
ORD-106512,SKU-00998,1,DC-01,EXPEDITE,2026-09-03T06:18:00,2026-09-03T14:18:00,PACKING,PACKING,EU,NEXT_DAY
ORD-106513,SKU-00722,1,DC-18,STANDARD,2026-09-03T06:21:00,2026-09-03T18:21:00,SHIPPED,EXCEPTION,APAC,SAME_DAY
ORD-106514,SKU-00343,1,DC-18,CRITICAL,2026-09-03T06:22:00,2026-09-03T12:22:00,ALLOCATED,ALLOCATED,LATAM,STANDARD
ORD-106515,SKU-00616,1,DC-11,STANDARD,2026-09-03T06:30:00,2026-09-03T18:30:00,RELEASED,EXCEPTION,EU,NEXT_DAY
ORD-106516,SKU-01080,1,DC-13,STANDARD,2026-09-03T06:33:00,2026-09-03T14:33:00,RELEASED,EXCEPTION,APAC,STANDARD
ORD-106517,SKU-00431,1,DC-18,STANDARD,2026-09-03T06:36:00,2026-09-03T14:36:00,EXCEPTION,EXCEPTION,MEA,NEXT_DAY
ORD-106518,SKU-00556,1,DC-04,EXPEDITE,2026-09-03T06:46:00,2026-09-04T06:46:00,STAGED,STAGED,EU,STANDARD
ORD-106519,SKU-00360,1,DC-02,CRITICAL,2026-09-03T06:59:00,2026-09-04T06:59:00,RELEASED,RELEASED,LATAM,NEXT_DAY
ORD-106520,SKU-00990,1,DC-07,STANDARD,2026-09-03T07:04:00,2026-09-03T19:04:00,ALLOCATED,ALLOCATED,APAC,NEXT_DAY
ORD-106521,SKU-00663,1,DC-13,STANDARD,2026-09-03T07:10:00,2026-09-03T11:10:00,SHIPPED,HOLD,EU,NEXT_DAY
ORD-106522,SKU-00951,1,DC-13,STANDARD,2026-09-03T07:13:00,2026-09-03T11:13:00,PICKING,PICKING,LATAM,NEXT_DAY
ORD-106523,SKU-00398,1,DC-01,STANDARD,2026-09-03T07:19:00,2026-09-03T15:19:00,PACKING,EXCEPTION,MEA,NEXT_DAY
ORD-106524,SKU-01085,1,DC-13,STANDARD,2026-09-03T07:39:00,2026-09-03T13:39:00,EXCEPTION,EXCEPTION,EU,SAME_DAY
ORD-106525,SKU-00355,1,DC-16,STANDARD,2026-09-03T07:42:00,2026-09-03T13:42:00,PACKING,HOLD,LATAM,SAME_DAY
ORD-106526,SKU-00465,1,DC-02,STANDARD,2026-09-03T07:53:00,2026-09-03T19:53:00,ALLOCATED,ALLOCATED,APAC,SAME_DAY
ORD-106527,SKU-00929,1,DC-10,STANDARD,2026-09-03T08:02:00,2026-09-03T20:02:00,EXCEPTION,EXCEPTION,APAC,NEXT_DAY
ORD-106528,SKU-00328,1,DC-18,STANDARD,2026-09-03T08:03:00,2026-09-04T08:03:00,RELEASED,RELEASED,MEA,NEXT_DAY
ORD-106529,SKU-00404,1,DC-03,EXPEDITE,2026-09-03T08:09:00,2026-09-03T12:09:00,RELEASED,RELEASED,MEA,NEXT_DAY
ORD-106530,SKU-00400,1,DC-18,STANDARD,2026-09-03T08:10:00,2026-09-04T08:10:00,EXCEPTION,EXCEPTION,LATAM,NEXT_DAY
ORD-106531,SKU-00096,1,DC-06,STANDARD,2026-09-03T08:35:00,2026-09-04T08:35:00,ALLOCATED,ALLOCATED,LATAM,SAME_DAY
ORD-106532,SKU-00319,1,DC-12,STANDARD,2026-09-03T08:52:00,2026-09-03T12:52:00,ALLOCATED,ALLOCATED,EU,NEXT_DAY
ORD-106533,SKU-00538,1,DC-12,STANDARD,2026-09-03T09:07:00,2026-09-03T15:07:00,EXCEPTION,HOLD,EU,STANDARD
ORD-106534,SKU-00327,1,DC-10,STANDARD,2026-09-03T09:10:00,2026-09-03T15:10:00,RELEASED,HOLD,MEA,STANDARD
ORD-106535,SKU-00202,1,DC-16,STANDARD,2026-09-03T09:15:00,2026-09-03T21:15:00,PACKING,HOLD,MEA,NEXT_DAY
ORD-106536,SKU-00544,1,DC-05,CRITICAL,2026-09-03T09:17:00,2026-09-03T13:17:00,EXCEPTION,EXCEPTION,MEA,SAME_DAY
ORD-106537,SKU-00963,1,DC-09,STANDARD,2026-09-03T09:27:00,2026-09-03T15:27:00,EXCEPTION,EXCEPTION,MEA,SAME_DAY
ORD-106538,SKU-01171,1,DC-08,STANDARD,2026-09-03T09:33:00,2026-09-04T09:33:00,PACKING,PACKING,APAC,NEXT_DAY
ORD-106539,SKU-00779,1,DC-14,STANDARD,2026-09-03T09:40:00,2026-09-04T09:40:00,PICKING,PICKING,LATAM,NEXT_DAY
ORD-106540,SKU-00428,1,DC-15,STANDARD,2026-09-03T09:46:00,2026-09-03T21:46:00,RELEASED,RELEASED,EU,STANDARD
ORD-106541,SKU-00237,1,DC-13,CRITICAL,2026-09-03T10:01:00,2026-09-03T22:01:00,ALLOCATED,ALLOCATED,MEA,STANDARD
ORD-106542,SKU-00347,1,DC-18,CRITICAL,2026-09-03T10:14:00,2026-09-04T10:14:00,RELEASED,RELEASED,EU,NEXT_DAY
ORD-106543,SKU-00691,1,DC-02,STANDARD,2026-09-03T10:17:00,2026-09-03T18:17:00,EXCEPTION,HOLD,MEA,NEXT_DAY
ORD-106544,SKU-00958,1,DC-05,STANDARD,2026-09-03T10:18:00,2026-09-03T18:18:00,STAGED,STAGED,EU,STANDARD
ORD-106545,SKU-00732,1,DC-11,EXPEDITE,2026-09-03T10:24:00,2026-09-04T10:24:00,PICKING,HOLD,EU,NEXT_DAY
ORD-106546,SKU-00850,1,DC-16,STANDARD,2026-09-03T10:25:00,2026-09-03T14:25:00,SHIPPED,SHIPPED,MEA,SAME_DAY
ORD-106547,SKU-00294,1,DC-06,EXPEDITE,2026-09-03T10:28:00,2026-09-03T22:28:00,PACKING,PACKING,APAC,SAME_DAY
ORD-106548,SKU-00376,1,DC-11,EXPEDITE,2026-09-03T10:44:00,2026-09-04T10:44:00,PICKING,EXCEPTION,APAC,NEXT_DAY
ORD-106549,SKU-00515,1,DC-07,STANDARD,2026-09-03T10:46:00,2026-09-03T16:46:00,PICKING,PICKING,MEA,SAME_DAY
ORD-106550,SKU-00730,1,DC-14,CRITICAL,2026-09-03T10:56:00,2026-09-03T14:56:00,ALLOCATED,ALLOCATED,MEA,STANDARD
ORD-106551,SKU-01067,1,DC-17,CRITICAL,2026-09-03T11:03:00,2026-09-03T15:03:00,PACKING,PACKING,MEA,STANDARD
ORD-106552,SKU-00477,1,DC-11,CRITICAL,2026-09-03T11:08:00,2026-09-03T19:08:00,EXCEPTION,EXCEPTION,MEA,STANDARD
ORD-106553,SKU-00158,1,DC-15,STANDARD,2026-09-03T11:14:00,2026-09-03T17:14:00,EXCEPTION,EXCEPTION,APAC,NEXT_DAY
ORD-106554,SKU-00741,1,DC-10,STANDARD,2026-09-03T11:24:00,2026-09-04T11:24:00,ALLOCATED,ALLOCATED,LATAM,STANDARD
ORD-106555,SKU-00654,1,DC-01,STANDARD,2026-09-03T11:34:00,2026-09-03T19:34:00,EXCEPTION,EXCEPTION,EU,SAME_DAY
ORD-106556,SKU-01043,1,DC-04,STANDARD,2026-09-03T11:44:00,2026-09-03T19:44:00,ALLOCATED,ALLOCATED,APAC,NEXT_DAY
ORD-106557,SKU-00719,1,DC-03,STANDARD,2026-09-03T11:54:00,2026-09-03T23:54:00,ALLOCATED,ALLOCATED,MEA,STANDARD
ORD-106558,SKU-00181,1,DC-10,STANDARD,2026-09-03T12:03:00,2026-09-03T20:03:00,SHIPPED,SHIPPED,LATAM,NEXT_DAY
ORD-106559,SKU-00288,1,DC-01,STANDARD,2026-09-03T12:07:00,2026-09-04T12:07:00,RELEASED,EXCEPTION,APAC,STANDARD
ORD-106560,SKU-00279,1,DC-02,STANDARD,2026-09-03T12:07:00,2026-09-03T20:07:00,PICKING,PICKING,LATAM,STANDARD
ORD-106561,SKU-00112,1,DC-13,STANDARD,2026-09-03T12:18:00,2026-09-03T16:18:00,RELEASED,RELEASED,APAC,NEXT_DAY
ORD-106562,SKU-00904,1,DC-17,STANDARD,2026-09-03T12:32:00,2026-09-03T18:32:00,ALLOCATED,ALLOCATED,LATAM,SAME_DAY
ORD-106563,SKU-00419,1,DC-13,EXPEDITE,2026-09-03T12:39:00,2026-09-03T16:39:00,STAGED,EXCEPTION,APAC,NEXT_DAY
ORD-106564,SKU-00446,1,DC-06,STANDARD,2026-09-03T12:41:00,2026-09-04T00:41:00,PACKING,EXCEPTION,MEA,NEXT_DAY
ORD-106565,SKU-00472,1,DC-07,STANDARD,2026-09-03T12:52:00,2026-09-03T18:52:00,PICKING,PICKING,APAC,SAME_DAY
ORD-106566,SKU-00424,1,DC-17,CRITICAL,2026-09-03T12:52:00,2026-09-04T12:52:00,PICKING,PICKING,LATAM,SAME_DAY
ORD-106567,SKU-00944,1,DC-04,STANDARD,2026-09-03T12:57:00,2026-09-03T20:57:00,ALLOCATED,HOLD,LATAM,NEXT_DAY
ORD-106568,SKU-00780,1,DC-06,STANDARD,2026-09-03T12:59:00,2026-09-04T00:59:00,ALLOCATED,HOLD,LATAM,SAME_DAY
ORD-106569,SKU-00895,1,DC-03,EXPEDITE,2026-09-03T13:09:00,2026-09-04T13:09:00,STAGED,STAGED,MEA,SAME_DAY
ORD-106570,SKU-00582,1,DC-14,EXPEDITE,2026-09-03T13:14:00,2026-09-03T17:14:00,RELEASED,RELEASED,LATAM,NEXT_DAY
ORD-106571,SKU-00862,1,DC-06,STANDARD,2026-09-03T13:25:00,2026-09-03T17:25:00,PACKING,HOLD,LATAM,NEXT_DAY
ORD-106572,SKU-00553,1,DC-10,CRITICAL,2026-09-03T13:32:00,2026-09-03T21:32:00,STAGED,STAGED,MEA,STANDARD
ORD-106573,SKU-01079,1,DC-16,CRITICAL,2026-09-03T13:50:00,2026-09-03T21:50:00,SHIPPED,HOLD,APAC,STANDARD
ORD-106574,SKU-00834,1,DC-08,STANDARD,2026-09-03T13:50:00,2026-09-03T21:50:00,SHIPPED,EXCEPTION,APAC,STANDARD
ORD-106575,SKU-00678,1,DC-16,STANDARD,2026-09-03T13:55:00,2026-09-04T13:55:00,EXCEPTION,HOLD,EU,NEXT_DAY
ORD-106576,SKU-00816,1,DC-04,STANDARD,2026-09-03T13:56:00,2026-09-04T13:56:00,EXCEPTION,EXCEPTION,MEA,NEXT_DAY
ORD-106577,SKU-00382,1,DC-12,STANDARD,2026-09-03T14:05:00,2026-09-03T20:05:00,SHIPPED,SHIPPED,MEA,NEXT_DAY
ORD-106578,SKU-00811,1,DC-05,STANDARD,2026-09-03T14:09:00,2026-09-03T20:09:00,PACKING,PACKING,APAC,STANDARD
ORD-106579,SKU-00670,1,DC-03,EXPEDITE,2026-09-03T14:12:00,2026-09-03T22:12:00,RELEASED,EXCEPTION,MEA,NEXT_DAY
ORD-106580,SKU-00163,1,DC-06,STANDARD,2026-09-03T14:14:00,2026-09-03T20:14:00,EXCEPTION,EXCEPTION,APAC,NEXT_DAY
ORD-106581,SKU-00265,1,DC-08,STANDARD,2026-09-03T14:34:00,2026-09-03T20:34:00,PICKING,HOLD,EU,NEXT_DAY
ORD-106582,SKU-01020,1,DC-12,STANDARD,2026-09-03T14:41:00,2026-09-03T18:41:00,RELEASED,RELEASED,MEA,NEXT_DAY
ORD-106583,SKU-00313,1,DC-04,STANDARD,2026-09-03T14:45:00,2026-09-04T14:45:00,EXCEPTION,EXCEPTION,MEA,NEXT_DAY
ORD-106584,SKU-01082,1,DC-16,STANDARD,2026-09-03T14:51:00,2026-09-03T18:51:00,PACKING,PACKING,EU,NEXT_DAY
ORD-106585,SKU-00309,1,DC-09,STANDARD,2026-09-03T15:14:00,2026-09-03T19:14:00,STAGED,EXCEPTION,APAC,NEXT_DAY
ORD-106586,SKU-00759,1,DC-03,STANDARD,2026-09-03T15:21:00,2026-09-03T19:21:00,SHIPPED,HOLD,MEA,STANDARD
ORD-106587,SKU-00426,1,DC-14,EXPEDITE,2026-09-03T15:31:00,2026-09-03T19:31:00,EXCEPTION,EXCEPTION,LATAM,NEXT_DAY
ORD-106588,SKU-00191,1,DC-10,STANDARD,2026-09-03T15:40:00,2026-09-04T03:40:00,STAGED,STAGED,EU,NEXT_DAY
ORD-106589,SKU-00878,1,DC-13,STANDARD,2026-09-03T15:43:00,2026-09-03T21:43:00,PICKING,EXCEPTION,MEA,STANDARD
ORD-106590,SKU-00331,1,DC-01,STANDARD,2026-09-03T15:45:00,2026-09-03T21:45:00,EXCEPTION,EXCEPTION,MEA,STANDARD
ORD-106591,SKU-01043,1,DC-14,STANDARD,2026-09-03T15:51:00,2026-09-03T19:51:00,EXCEPTION,EXCEPTION,EU,NEXT_DAY
ORD-106592,SKU-00503,1,DC-17,STANDARD,2026-09-03T16:03:00,2026-09-04T16:03:00,STAGED,HOLD,EU,SAME_DAY
ORD-106593,SKU-01122,1,DC-03,STANDARD,2026-09-03T16:11:00,2026-09-04T04:11:00,PICKING,PICKING,MEA,SAME_DAY
ORD-106594,SKU-00063,1,DC-08,EXPEDITE,2026-09-03T16:14:00,2026-09-04T16:14:00,EXCEPTION,EXCEPTION,MEA,SAME_DAY
ORD-106595,SKU-00170,1,DC-01,STANDARD,2026-09-03T16:16:00,2026-09-04T00:16:00,EXCEPTION,EXCEPTION,APAC,STANDARD
ORD-106596,SKU-00141,1,DC-05,STANDARD,2026-09-03T16:16:00,2026-09-03T20:16:00,PACKING,PACKING,MEA,NEXT_DAY
ORD-106597,SKU-00660,1,DC-16,STANDARD,2026-09-03T16:22:00,2026-09-04T16:22:00,RELEASED,RELEASED,LATAM,NEXT_DAY
ORD-106598,SKU-00889,1,DC-05,CRITICAL,2026-09-03T16:32:00,2026-09-03T20:32:00,SHIPPED,HOLD,EU,STANDARD
ORD-106599,SKU-01014,1,DC-12,STANDARD,2026-09-03T16:45:00,2026-09-04T16:45:00,SHIPPED,EXCEPTION,APAC,STANDARD
ORD-106600,SKU-01103,1,DC-06,EXPEDITE,2026-09-03T17:05:00,2026-09-04T05:05:00,EXCEPTION,EXCEPTION,EU,SAME_DAY
ORD-106601,SKU-00469,1,DC-06,STANDARD,2026-09-03T17:13:00,2026-09-03T23:13:00,PACKING,PACKING,APAC,SAME_DAY
ORD-106602,SKU-00614,1,DC-15,STANDARD,2026-09-03T17:23:00,2026-09-03T23:23:00,PACKING,HOLD,APAC,STANDARD
ORD-106603,SKU-00185,1,DC-03,EXPEDITE,2026-09-03T17:24:00,2026-09-04T05:24:00,SHIPPED,EXCEPTION,EU,NEXT_DAY
ORD-106604,SKU-00708,1,DC-18,EXPEDITE,2026-09-03T17:31:00,2026-09-04T17:31:00,SHIPPED,EXCEPTION,MEA,NEXT_DAY
ORD-106605,SKU-00384,1,DC-11,STANDARD,2026-09-03T17:57:00,2026-09-04T01:57:00,SHIPPED,EXCEPTION,APAC,NEXT_DAY
ORD-106606,SKU-00236,1,DC-16,STANDARD,2026-09-03T17:58:00,2026-09-04T05:58:00,STAGED,EXCEPTION,EU,NEXT_DAY
ORD-106607,SKU-00033,1,DC-07,STANDARD,2026-09-03T18:07:00,2026-09-03T22:07:00,EXCEPTION,EXCEPTION,EU,NEXT_DAY
ORD-106608,SKU-01162,1,DC-06,STANDARD,2026-09-03T18:19:00,2026-09-04T02:19:00,SHIPPED,HOLD,APAC,SAME_DAY
ORD-106609,SKU-00526,1,DC-12,EXPEDITE,2026-09-03T18:24:00,2026-09-04T02:24:00,ALLOCATED,HOLD,EU,NEXT_DAY
ORD-106610,SKU-00216,1,DC-17,STANDARD,2026-09-03T18:24:00,2026-09-04T00:24:00,EXCEPTION,HOLD,LATAM,NEXT_DAY
ORD-106611,SKU-00335,1,DC-08,STANDARD,2026-09-03T18:41:00,2026-09-04T00:41:00,EXCEPTION,EXCEPTION,LATAM,SAME_DAY
ORD-106612,SKU-00162,1,DC-01,EXPEDITE,2026-09-03T18:46:00,2026-09-04T02:46:00,RELEASED,RELEASED,LATAM,NEXT_DAY
ORD-106613,SKU-00808,1,DC-05,STANDARD,2026-09-03T19:27:00,2026-09-04T03:27:00,ALLOCATED,ALLOCATED,LATAM,STANDARD
ORD-106614,SKU-00685,1,DC-10,STANDARD,2026-09-03T19:31:00,2026-09-04T03:31:00,PACKING,PACKING,LATAM,NEXT_DAY
ORD-106615,SKU-00542,1,DC-16,EXPEDITE,2026-09-03T19:36:00,2026-09-03T23:36:00,ALLOCATED,ALLOCATED,LATAM,STANDARD
ORD-106616,SKU-00067,1,DC-04,STANDARD,2026-09-03T19:43:00,2026-09-03T23:43:00,RELEASED,EXCEPTION,EU,SAME_DAY
ORD-106617,SKU-00880,1,DC-13,STANDARD,2026-09-03T19:44:00,2026-09-03T23:44:00,PICKING,EXCEPTION,MEA,STANDARD
ORD-106618,SKU-00152,1,DC-03,STANDARD,2026-09-03T19:48:00,2026-09-04T07:48:00,PICKING,HOLD,MEA,NEXT_DAY
ORD-106619,SKU-00153,1,DC-11,STANDARD,2026-09-03T20:01:00,2026-09-04T20:01:00,SHIPPED,SHIPPED,EU,NEXT_DAY
ORD-106620,SKU-00847,1,DC-04,STANDARD,2026-09-03T20:10:00,2026-09-04T20:10:00,PICKING,EXCEPTION,LATAM,SAME_DAY
ORD-106621,SKU-01032,1,DC-16,STANDARD,2026-09-03T20:14:00,2026-09-04T20:14:00,STAGED,EXCEPTION,MEA,NEXT_DAY
ORD-106622,SKU-00260,1,DC-03,CRITICAL,2026-09-03T20:23:00,2026-09-04T02:23:00,EXCEPTION,HOLD,LATAM,STANDARD
ORD-106623,SKU-00166,1,DC-11,CRITICAL,2026-09-03T20:29:00,2026-09-04T20:29:00,PICKING,PICKING,LATAM,STANDARD
ORD-106624,SKU-00446,1,DC-06,EXPEDITE,2026-09-03T20:44:00,2026-09-04T00:44:00,STAGED,STAGED,EU,STANDARD
ORD-106625,SKU-00269,1,DC-18,STANDARD,2026-09-03T20:52:00,2026-09-04T02:52:00,SHIPPED,EXCEPTION,EU,STANDARD
ORD-106626,SKU-00663,1,DC-07,CRITICAL,2026-09-03T20:55:00,2026-09-04T04:55:00,PACKING,PACKING,EU,SAME_DAY
ORD-106627,SKU-01159,1,DC-18,STANDARD,2026-09-03T20:56:00,2026-09-04T00:56:00,STAGED,EXCEPTION,EU,NEXT_DAY
ORD-106628,SKU-00954,1,DC-04,STANDARD,2026-09-03T20:56:00,2026-09-04T04:56:00,RELEASED,RELEASED,LATAM,STANDARD
ORD-106629,SKU-00977,1,DC-06,STANDARD,2026-09-03T21:09:00,2026-09-04T03:09:00,PICKING,PICKING,EU,STANDARD
ORD-106630,SKU-00511,1,DC-04,STANDARD,2026-09-03T21:19:00,2026-09-04T09:19:00,PICKING,PICKING,APAC,STANDARD
ORD-106631,SKU-00432,1,DC-03,STANDARD,2026-09-03T21:24:00,2026-09-04T01:24:00,SHIPPED,SHIPPED,EU,STANDARD
ORD-106632,SKU-00822,1,DC-07,EXPEDITE,2026-09-03T21:30:00,2026-09-04T21:30:00,RELEASED,EXCEPTION,LATAM,STANDARD
ORD-106633,SKU-00452,1,DC-09,STANDARD,2026-09-03T21:30:00,2026-09-04T09:30:00,RELEASED,RELEASED,MEA,STANDARD
ORD-106634,SKU-00781,1,DC-11,STANDARD,2026-09-03T21:34:00,2026-09-04T01:34:00,ALLOCATED,ALLOCATED,MEA,SAME_DAY
ORD-106635,SKU-00973,1,DC-09,STANDARD,2026-09-03T21:36:00,2026-09-04T03:36:00,PACKING,PACKING,LATAM,NEXT_DAY
ORD-106636,SKU-01169,1,DC-17,CRITICAL,2026-09-03T21:52:00,2026-09-04T01:52:00,RELEASED,RELEASED,APAC,STANDARD
ORD-106637,SKU-01163,1,DC-12,STANDARD,2026-09-03T22:01:00,2026-09-04T10:01:00,PACKING,PACKING,LATAM,NEXT_DAY
ORD-106638,SKU-01084,1,DC-15,STANDARD,2026-09-03T22:09:00,2026-09-04T22:09:00,SHIPPED,SHIPPED,MEA,SAME_DAY
ORD-106639,SKU-00648,1,DC-16,STANDARD,2026-09-03T22:12:00,2026-09-04T04:12:00,ALLOCATED,ALLOCATED,APAC,SAME_DAY
ORD-106640,SKU-01002,1,DC-14,STANDARD,2026-09-03T22:21:00,2026-09-04T10:21:00,EXCEPTION,HOLD,LATAM,NEXT_DAY
ORD-106641,SKU-01003,1,DC-01,CRITICAL,2026-09-03T22:25:00,2026-09-04T10:25:00,STAGED,STAGED,LATAM,STANDARD
ORD-106642,SKU-00311,1,DC-01,STANDARD,2026-09-03T22:33:00,2026-09-04T22:33:00,RELEASED,RELEASED,EU,NEXT_DAY
ORD-106643,SKU-00531,1,DC-11,STANDARD,2026-09-03T22:35:00,2026-09-04T22:35:00,SHIPPED,SHIPPED,EU,STANDARD
ORD-106644,SKU-00247,1,DC-08,STANDARD,2026-09-03T22:37:00,2026-09-04T04:37:00,STAGED,HOLD,APAC,SAME_DAY
ORD-106645,SKU-00853,1,DC-05,EXPEDITE,2026-09-03T23:13:00,2026-09-04T11:13:00,PACKING,PACKING,EU,STANDARD
ORD-106646,SKU-00153,1,DC-03,STANDARD,2026-09-03T23:18:00,2026-09-04T03:18:00,SHIPPED,SHIPPED,LATAM,SAME_DAY
ORD-106647,SKU-00653,1,DC-08,STANDARD,2026-09-03T23:20:00,2026-09-04T23:20:00,ALLOCATED,EXCEPTION,LATAM,SAME_DAY
ORD-106648,SKU-00539,1,DC-08,STANDARD,2026-09-03T23:22:00,2026-09-04T11:22:00,SHIPPED,SHIPPED,LATAM,NEXT_DAY
ORD-106649,SKU-00640,1,DC-09,STANDARD,2026-09-03T23:35:00,2026-09-04T07:35:00,ALLOCATED,ALLOCATED,MEA,SAME_DAY
ORD-106650,SKU-00453,1,DC-08,CRITICAL,2026-09-03T23:43:00,2026-09-04T05:43:00,ALLOCATED,ALLOCATED,APAC,NEXT_DAY
ORD-106651,SKU-00027,1,DC-16,CRITICAL,2026-09-03T23:55:00,2026-09-04T11:55:00,ALLOCATED,EXCEPTION,LATAM,NEXT_DAY
ORD-106652,SKU-00301,1,DC-08,CRITICAL,2026-09-04T00:02:00,2026-09-04T12:02:00,RELEASED,RELEASED,LATAM,SAME_DAY
ORD-106653,SKU-00743,1,DC-17,CRITICAL,2026-09-04T00:22:00,2026-09-04T08:22:00,SHIPPED,SHIPPED,EU,SAME_DAY
ORD-106654,SKU-01001,1,DC-07,EXPEDITE,2026-09-04T00:26:00,2026-09-04T08:26:00,EXCEPTION,EXCEPTION,MEA,NEXT_DAY
ORD-106655,SKU-00481,1,DC-13,STANDARD,2026-09-04T00:28:00,2026-09-04T04:28:00,RELEASED,RELEASED,EU,NEXT_DAY
ORD-106656,SKU-00952,1,DC-14,EXPEDITE,2026-09-04T00:35:00,2026-09-05T00:35:00,ALLOCATED,HOLD,LATAM,NEXT_DAY
ORD-106657,SKU-00209,1,DC-05,STANDARD,2026-09-04T00:42:00,2026-09-05T00:42:00,PICKING,PICKING,APAC,SAME_DAY
ORD-106658,SKU-00881,1,DC-17,STANDARD,2026-09-04T00:43:00,2026-09-04T04:43:00,RELEASED,RELEASED,EU,NEXT_DAY
ORD-106659,SKU-00231,1,DC-07,STANDARD,2026-09-04T00:46:00,2026-09-05T00:46:00,ALLOCATED,ALLOCATED,EU,STANDARD
ORD-106660,SKU-00439,1,DC-05,CRITICAL,2026-09-04T00:47:00,2026-09-04T06:47:00,ALLOCATED,HOLD,MEA,NEXT_DAY
ORD-106661,SKU-00947,1,DC-06,STANDARD,2026-09-04T00:57:00,2026-09-04T04:57:00,PICKING,PICKING,LATAM,NEXT_DAY
ORD-106662,SKU-00118,1,DC-14,EXPEDITE,2026-09-04T01:00:00,2026-09-04T09:00:00,EXCEPTION,HOLD,LATAM,STANDARD
ORD-106663,SKU-00104,1,DC-17,STANDARD,2026-09-04T01:07:00,2026-09-04T05:07:00,RELEASED,RELEASED,APAC,STANDARD
ORD-106664,SKU-00035,1,DC-01,STANDARD,2026-09-04T01:08:00,2026-09-05T01:08:00,SHIPPED,HOLD,APAC,STANDARD
ORD-106665,SKU-01072,1,DC-08,STANDARD,2026-09-04T01:24:00,2026-09-05T01:24:00,RELEASED,RELEASED,APAC,SAME_DAY
ORD-106666,SKU-00436,1,DC-01,STANDARD,2026-09-04T01:26:00,2026-09-04T13:26:00,EXCEPTION,EXCEPTION,LATAM,STANDARD
ORD-106667,SKU-00605,1,DC-17,STANDARD,2026-09-04T01:44:00,2026-09-04T05:44:00,STAGED,EXCEPTION,MEA,SAME_DAY
ORD-106668,SKU-00401,1,DC-04,STANDARD,2026-09-04T01:48:00,2026-09-05T01:48:00,RELEASED,EXCEPTION,MEA,SAME_DAY
ORD-106669,SKU-00332,1,DC-07,EXPEDITE,2026-09-04T01:48:00,2026-09-04T07:48:00,ALLOCATED,ALLOCATED,EU,NEXT_DAY
ORD-106670,SKU-00212,1,DC-07,STANDARD,2026-09-04T01:51:00,2026-09-04T05:51:00,PACKING,PACKING,EU,SAME_DAY
ORD-106671,SKU-00857,1,DC-17,STANDARD,2026-09-04T01:57:00,2026-09-04T07:57:00,ALLOCATED,EXCEPTION,MEA,SAME_DAY
ORD-106672,SKU-00368,1,DC-18,STANDARD,2026-09-04T02:36:00,2026-09-05T02:36:00,EXCEPTION,EXCEPTION,APAC,SAME_DAY
ORD-106673,SKU-00938,1,DC-05,STANDARD,2026-09-04T02:39:00,2026-09-04T10:39:00,ALLOCATED,ALLOCATED,LATAM,STANDARD
ORD-106674,SKU-00746,1,DC-16,STANDARD,2026-09-04T02:42:00,2026-09-04T10:42:00,RELEASED,RELEASED,APAC,SAME_DAY
ORD-106675,SKU-01067,1,DC-07,STANDARD,2026-09-04T02:46:00,2026-09-04T06:46:00,EXCEPTION,EXCEPTION,LATAM,NEXT_DAY
ORD-106676,SKU-01011,1,DC-08,STANDARD,2026-09-04T02:47:00,2026-09-04T10:47:00,SHIPPED,SHIPPED,APAC,NEXT_DAY
ORD-106677,SKU-00036,1,DC-15,STANDARD,2026-09-04T02:52:00,2026-09-04T10:52:00,EXCEPTION,HOLD,APAC,STANDARD
ORD-106678,SKU-00762,1,DC-05,EXPEDITE,2026-09-04T03:00:00,2026-09-04T15:00:00,RELEASED,RELEASED,MEA,NEXT_DAY
ORD-106679,SKU-01115,1,DC-06,EXPEDITE,2026-09-04T03:13:00,2026-09-05T03:13:00,SHIPPED,HOLD,MEA,STANDARD
ORD-106680,SKU-00267,1,DC-11,STANDARD,2026-09-04T03:17:00,2026-09-04T09:17:00,STAGED,STAGED,LATAM,NEXT_DAY
ORD-106681,SKU-00967,1,DC-09,STANDARD,2026-09-04T03:54:00,2026-09-05T03:54:00,EXCEPTION,EXCEPTION,MEA,SAME_DAY
ORD-106682,SKU-00899,1,DC-13,STANDARD,2026-09-04T04:15:00,2026-09-05T04:15:00,SHIPPED,EXCEPTION,EU,STANDARD
ORD-106683,SKU-00336,1,DC-08,STANDARD,2026-09-04T04:35:00,2026-09-04T16:35:00,PICKING,PICKING,MEA,SAME_DAY
ORD-106684,SKU-00734,1,DC-17,EXPEDITE,2026-09-04T04:40:00,2026-09-04T08:40:00,PICKING,PICKING,MEA,NEXT_DAY
ORD-106685,SKU-00174,1,DC-04,STANDARD,2026-09-04T04:52:00,2026-09-04T12:52:00,PICKING,PICKING,APAC,STANDARD
ORD-106686,SKU-00385,1,DC-10,STANDARD,2026-09-04T04:55:00,2026-09-04T10:55:00,EXCEPTION,EXCEPTION,MEA,STANDARD
ORD-106687,SKU-00457,1,DC-03,STANDARD,2026-09-04T05:00:00,2026-09-04T11:00:00,SHIPPED,EXCEPTION,MEA,NEXT_DAY
ORD-106688,SKU-01058,1,DC-17,CRITICAL,2026-09-04T05:01:00,2026-09-04T13:01:00,SHIPPED,HOLD,LATAM,NEXT_DAY
ORD-106689,SKU-00212,1,DC-06,EXPEDITE,2026-09-04T05:03:00,2026-09-04T11:03:00,EXCEPTION,EXCEPTION,APAC,NEXT_DAY
ORD-106690,SKU-00106,1,DC-16,EXPEDITE,2026-09-04T05:05:00,2026-09-04T11:05:00,PACKING,HOLD,APAC,STANDARD
ORD-106691,SKU-00788,1,DC-01,STANDARD,2026-09-04T05:09:00,2026-09-04T09:09:00,PICKING,HOLD,EU,NEXT_DAY
ORD-106692,SKU-00593,1,DC-13,STANDARD,2026-09-04T05:26:00,2026-09-04T17:26:00,SHIPPED,SHIPPED,LATAM,SAME_DAY
ORD-106693,SKU-00358,1,DC-09,STANDARD,2026-09-04T05:38:00,2026-09-05T05:38:00,EXCEPTION,EXCEPTION,LATAM,NEXT_DAY
ORD-106694,SKU-00816,1,DC-18,STANDARD,2026-09-04T05:38:00,2026-09-04T13:38:00,RELEASED,RELEASED,EU,STANDARD
ORD-106695,SKU-00801,1,DC-06,STANDARD,2026-09-04T05:48:00,2026-09-04T13:48:00,RELEASED,RELEASED,APAC,NEXT_DAY
ORD-106696,SKU-00406,1,DC-04,STANDARD,2026-09-04T05:49:00,2026-09-04T17:49:00,PICKING,PICKING,EU,NEXT_DAY
ORD-106697,SKU-00970,1,DC-09,STANDARD,2026-09-04T05:49:00,2026-09-04T13:49:00,EXCEPTION,EXCEPTION,MEA,SAME_DAY
ORD-106698,SKU-00322,1,DC-17,EXPEDITE,2026-09-04T06:02:00,2026-09-04T10:02:00,ALLOCATED,EXCEPTION,MEA,STANDARD
ORD-106699,SKU-00939,1,DC-18,STANDARD,2026-09-04T06:20:00,2026-09-04T18:20:00,PACKING,EXCEPTION,MEA,NEXT_DAY
ORD-106700,SKU-00981,1,DC-05,STANDARD,2026-09-04T06:28:00,2026-09-04T18:28:00,PICKING,EXCEPTION,LATAM,SAME_DAY
ORD-106701,SKU-00530,1,DC-06,STANDARD,2026-09-04T06:30:00,2026-09-04T12:30:00,STAGED,STAGED,MEA,NEXT_DAY
ORD-106702,SKU-00854,1,DC-01,STANDARD,2026-09-04T06:38:00,2026-09-04T12:38:00,ALLOCATED,EXCEPTION,LATAM,NEXT_DAY
ORD-106703,SKU-00911,1,DC-03,STANDARD,2026-09-04T06:41:00,2026-09-04T18:41:00,SHIPPED,EXCEPTION,MEA,SAME_DAY
ORD-106704,SKU-01006,1,DC-17,STANDARD,2026-09-04T07:06:00,2026-09-04T15:06:00,ALLOCATED,ALLOCATED,EU,STANDARD
ORD-106705,SKU-00568,1,DC-14,STANDARD,2026-09-04T07:16:00,2026-09-04T15:16:00,STAGED,EXCEPTION,MEA,NEXT_DAY
ORD-106706,SKU-00179,1,DC-18,STANDARD,2026-09-04T07:24:00,2026-09-04T19:24:00,ALLOCATED,EXCEPTION,LATAM,NEXT_DAY
ORD-106707,SKU-00557,1,DC-12,STANDARD,2026-09-04T07:41:00,2026-09-04T15:41:00,ALLOCATED,HOLD,EU,STANDARD
ORD-106708,SKU-00109,1,DC-06,STANDARD,2026-09-04T07:58:00,2026-09-04T11:58:00,ALLOCATED,EXCEPTION,LATAM,SAME_DAY
ORD-106709,SKU-00279,1,DC-09,STANDARD,2026-09-04T08:00:00,2026-09-04T14:00:00,PICKING,PICKING,APAC,STANDARD
ORD-106710,SKU-00322,1,DC-12,STANDARD,2026-09-04T08:23:00,2026-09-04T16:23:00,STAGED,STAGED,EU,NEXT_DAY
ORD-106711,SKU-00562,1,DC-16,STANDARD,2026-09-04T08:23:00,2026-09-04T14:23:00,SHIPPED,EXCEPTION,LATAM,STANDARD
ORD-106712,SKU-00060,1,DC-13,EXPEDITE,2026-09-04T08:25:00,2026-09-04T14:25:00,PACKING,PACKING,EU,NEXT_DAY
ORD-106713,SKU-00246,1,DC-04,STANDARD,2026-09-04T08:39:00,2026-09-04T16:39:00,EXCEPTION,EXCEPTION,APAC,SAME_DAY
ORD-106714,SKU-00062,1,DC-18,STANDARD,2026-09-04T08:46:00,2026-09-04T16:46:00,ALLOCATED,ALLOCATED,MEA,STANDARD
ORD-106715,SKU-00419,1,DC-08,CRITICAL,2026-09-04T09:12:00,2026-09-04T15:12:00,PACKING,PACKING,EU,NEXT_DAY
ORD-106716,SKU-00174,1,DC-03,EXPEDITE,2026-09-04T09:26:00,2026-09-04T15:26:00,STAGED,STAGED,APAC,NEXT_DAY
ORD-106717,SKU-00303,1,DC-16,CRITICAL,2026-09-04T09:28:00,2026-09-04T13:28:00,STAGED,STAGED,APAC,NEXT_DAY
ORD-106718,SKU-00536,1,DC-14,STANDARD,2026-09-04T09:29:00,2026-09-05T09:29:00,STAGED,STAGED,MEA,STANDARD
ORD-106719,SKU-00317,1,DC-13,STANDARD,2026-09-04T09:33:00,2026-09-04T17:33:00,RELEASED,RELEASED,MEA,STANDARD
ORD-106720,SKU-00015,1,DC-05,STANDARD,2026-09-04T09:40:00,2026-09-04T17:40:00,ALLOCATED,ALLOCATED,MEA,NEXT_DAY
ORD-106721,SKU-00313,1,DC-01,STANDARD,2026-09-04T09:50:00,2026-09-04T13:50:00,PICKING,PICKING,LATAM,SAME_DAY
ORD-106722,SKU-00478,1,DC-16,CRITICAL,2026-09-04T09:56:00,2026-09-04T13:56:00,ALLOCATED,HOLD,LATAM,STANDARD
ORD-106723,SKU-00853,1,DC-18,STANDARD,2026-09-04T09:56:00,2026-09-05T09:56:00,ALLOCATED,ALLOCATED,MEA,STANDARD
ORD-106724,SKU-00710,1,DC-14,EXPEDITE,2026-09-04T10:04:00,2026-09-04T18:04:00,ALLOCATED,EXCEPTION,LATAM,SAME_DAY
ORD-106725,SKU-00742,1,DC-15,STANDARD,2026-09-04T10:06:00,2026-09-04T22:06:00,STAGED,STAGED,LATAM,STANDARD
ORD-106726,SKU-00104,1,DC-16,STANDARD,2026-09-04T10:06:00,2026-09-04T14:06:00,PICKING,PICKING,MEA,STANDARD
ORD-106727,SKU-00269,1,DC-17,CRITICAL,2026-09-04T10:10:00,2026-09-05T10:10:00,PACKING,HOLD,APAC,STANDARD
ORD-106728,SKU-00985,1,DC-16,EXPEDITE,2026-09-04T10:10:00,2026-09-04T18:10:00,PACKING,EXCEPTION,LATAM,SAME_DAY
ORD-106729,SKU-00624,1,DC-02,CRITICAL,2026-09-04T10:52:00,2026-09-04T14:52:00,PICKING,HOLD,APAC,STANDARD
ORD-106730,SKU-00708,1,DC-18,EXPEDITE,2026-09-04T11:08:00,2026-09-04T17:08:00,PICKING,PICKING,MEA,SAME_DAY
ORD-106731,SKU-00610,1,DC-14,STANDARD,2026-09-04T11:13:00,2026-09-04T19:13:00,EXCEPTION,HOLD,EU,STANDARD
ORD-106732,SKU-01025,1,DC-13,STANDARD,2026-09-04T11:16:00,2026-09-04T23:16:00,ALLOCATED,HOLD,APAC,NEXT_DAY
ORD-106733,SKU-00801,1,DC-12,EXPEDITE,2026-09-04T11:20:00,2026-09-04T19:20:00,RELEASED,EXCEPTION,EU,NEXT_DAY
ORD-106734,SKU-00971,1,DC-17,STANDARD,2026-09-04T11:31:00,2026-09-04T15:31:00,EXCEPTION,EXCEPTION,APAC,NEXT_DAY
ORD-106735,SKU-00603,1,DC-07,STANDARD,2026-09-04T11:32:00,2026-09-04T15:32:00,STAGED,STAGED,LATAM,SAME_DAY
ORD-106736,SKU-00819,1,DC-06,STANDARD,2026-09-04T11:37:00,2026-09-05T11:37:00,ALLOCATED,ALLOCATED,MEA,NEXT_DAY
ORD-106737,SKU-01073,1,DC-12,STANDARD,2026-09-04T11:59:00,2026-09-04T17:59:00,RELEASED,RELEASED,APAC,SAME_DAY
ORD-106738,SKU-00075,1,DC-10,STANDARD,2026-09-04T12:00:00,2026-09-04T20:00:00,ALLOCATED,ALLOCATED,MEA,SAME_DAY
ORD-106739,SKU-00354,1,DC-13,EXPEDITE,2026-09-04T12:03:00,2026-09-04T18:03:00,RELEASED,RELEASED,MEA,STANDARD
ORD-106740,SKU-00232,1,DC-12,STANDARD,2026-09-04T12:10:00,2026-09-05T00:10:00,ALLOCATED,HOLD,APAC,STANDARD
ORD-106741,SKU-00251,1,DC-07,STANDARD,2026-09-04T12:22:00,2026-09-04T16:22:00,PICKING,EXCEPTION,MEA,STANDARD
ORD-106742,SKU-00109,1,DC-16,EXPEDITE,2026-09-04T12:30:00,2026-09-04T18:30:00,ALLOCATED,EXCEPTION,EU,NEXT_DAY
ORD-106743,SKU-01123,1,DC-06,STANDARD,2026-09-04T12:38:00,2026-09-05T00:38:00,SHIPPED,EXCEPTION,MEA,NEXT_DAY
ORD-106744,SKU-00774,1,DC-08,EXPEDITE,2026-09-04T12:39:00,2026-09-05T00:39:00,SHIPPED,EXCEPTION,APAC,STANDARD
ORD-106745,SKU-00702,1,DC-11,STANDARD,2026-09-04T12:39:00,2026-09-04T20:39:00,STAGED,STAGED,EU,SAME_DAY
ORD-106746,SKU-00685,1,DC-02,CRITICAL,2026-09-04T12:40:00,2026-09-04T16:40:00,PICKING,PICKING,EU,SAME_DAY
ORD-106747,SKU-00258,1,DC-09,STANDARD,2026-09-04T12:43:00,2026-09-05T00:43:00,PACKING,HOLD,APAC,SAME_DAY
ORD-106748,SKU-00132,1,DC-16,STANDARD,2026-09-04T12:47:00,2026-09-05T12:47:00,PACKING,PACKING,EU,STANDARD
ORD-106749,SKU-00322,1,DC-02,EXPEDITE,2026-09-04T12:56:00,2026-09-04T16:56:00,RELEASED,RELEASED,APAC,STANDARD
ORD-106750,SKU-00977,1,DC-03,EXPEDITE,2026-09-04T13:07:00,2026-09-04T21:07:00,SHIPPED,SHIPPED,MEA,STANDARD
ORD-106751,SKU-00078,1,DC-05,STANDARD,2026-09-04T13:17:00,2026-09-05T01:17:00,ALLOCATED,ALLOCATED,EU,NEXT_DAY
ORD-106752,SKU-00490,1,DC-06,CRITICAL,2026-09-04T13:26:00,2026-09-04T17:26:00,PICKING,PICKING,LATAM,STANDARD
ORD-106753,SKU-00261,1,DC-17,STANDARD,2026-09-04T13:35:00,2026-09-04T21:35:00,PACKING,PACKING,MEA,SAME_DAY
ORD-106754,SKU-00826,1,DC-16,CRITICAL,2026-09-04T13:58:00,2026-09-04T17:58:00,STAGED,STAGED,MEA,NEXT_DAY
ORD-106755,SKU-00928,1,DC-10,STANDARD,2026-09-04T13:59:00,2026-09-04T19:59:00,PACKING,PACKING,APAC,SAME_DAY
ORD-106756,SKU-00242,1,DC-14,STANDARD,2026-09-04T14:03:00,2026-09-05T02:03:00,PACKING,EXCEPTION,LATAM,SAME_DAY
ORD-106757,SKU-00133,1,DC-18,STANDARD,2026-09-04T14:12:00,2026-09-05T14:12:00,SHIPPED,HOLD,APAC,SAME_DAY
ORD-106758,SKU-00888,1,DC-06,STANDARD,2026-09-04T14:14:00,2026-09-05T02:14:00,RELEASED,RELEASED,MEA,SAME_DAY
ORD-106759,SKU-01178,1,DC-02,STANDARD,2026-09-04T14:19:00,2026-09-05T02:19:00,ALLOCATED,HOLD,LATAM,SAME_DAY
ORD-106760,SKU-00750,1,DC-05,STANDARD,2026-09-04T14:26:00,2026-09-04T22:26:00,PICKING,PICKING,EU,NEXT_DAY
ORD-106761,SKU-00204,1,DC-05,STANDARD,2026-09-04T14:47:00,2026-09-04T22:47:00,SHIPPED,SHIPPED,LATAM,SAME_DAY
ORD-106762,SKU-01143,1,DC-07,STANDARD,2026-09-04T14:59:00,2026-09-05T02:59:00,PACKING,PACKING,MEA,SAME_DAY
ORD-106763,SKU-00702,1,DC-07,STANDARD,2026-09-04T15:00:00,2026-09-05T03:00:00,STAGED,STAGED,LATAM,NEXT_DAY
ORD-106764,SKU-00657,1,DC-05,EXPEDITE,2026-09-04T15:05:00,2026-09-04T21:05:00,STAGED,STAGED,APAC,NEXT_DAY
ORD-106765,SKU-00297,1,DC-01,STANDARD,2026-09-04T15:05:00,2026-09-05T15:05:00,EXCEPTION,EXCEPTION,EU,SAME_DAY
ORD-106766,SKU-00115,1,DC-12,EXPEDITE,2026-09-04T15:21:00,2026-09-04T21:21:00,PICKING,HOLD,EU,SAME_DAY
ORD-106767,SKU-00585,1,DC-02,CRITICAL,2026-09-04T15:23:00,2026-09-05T03:23:00,PACKING,EXCEPTION,MEA,NEXT_DAY
ORD-106768,SKU-00963,1,DC-13,STANDARD,2026-09-04T15:28:00,2026-09-05T03:28:00,ALLOCATED,ALLOCATED,APAC,NEXT_DAY
ORD-106769,SKU-00220,1,DC-08,CRITICAL,2026-09-04T15:32:00,2026-09-05T03:32:00,SHIPPED,EXCEPTION,APAC,STANDARD
ORD-106770,SKU-00904,1,DC-17,STANDARD,2026-09-04T15:42:00,2026-09-05T03:42:00,STAGED,STAGED,APAC,SAME_DAY
ORD-106771,SKU-00769,1,DC-16,STANDARD,2026-09-04T15:47:00,2026-09-04T21:47:00,RELEASED,EXCEPTION,APAC,STANDARD
ORD-106772,SKU-00419,1,DC-08,STANDARD,2026-09-04T15:49:00,2026-09-05T15:49:00,PACKING,HOLD,EU,SAME_DAY
ORD-106773,SKU-01017,1,DC-15,STANDARD,2026-09-04T16:05:00,2026-09-05T04:05:00,SHIPPED,SHIPPED,LATAM,NEXT_DAY
ORD-106774,SKU-00418,1,DC-07,EXPEDITE,2026-09-04T16:23:00,2026-09-05T04:23:00,PACKING,PACKING,LATAM,STANDARD
ORD-106775,SKU-00582,1,DC-14,STANDARD,2026-09-04T16:31:00,2026-09-04T20:31:00,ALLOCATED,EXCEPTION,APAC,STANDARD
ORD-106776,SKU-00145,1,DC-05,STANDARD,2026-09-04T16:34:00,2026-09-05T00:34:00,RELEASED,HOLD,MEA,STANDARD
ORD-106777,SKU-00195,1,DC-04,EXPEDITE,2026-09-04T16:46:00,2026-09-04T20:46:00,SHIPPED,SHIPPED,MEA,SAME_DAY
ORD-106778,SKU-00326,1,DC-14,STANDARD,2026-09-04T16:50:00,2026-09-05T04:50:00,PACKING,PACKING,MEA,STANDARD
ORD-106779,SKU-00929,1,DC-02,STANDARD,2026-09-04T16:59:00,2026-09-04T20:59:00,PACKING,PACKING,MEA,SAME_DAY
ORD-106780,SKU-01092,1,DC-10,STANDARD,2026-09-04T17:02:00,2026-09-04T21:02:00,RELEASED,RELEASED,APAC,NEXT_DAY
ORD-106781,SKU-00997,1,DC-17,CRITICAL,2026-09-04T17:11:00,2026-09-05T17:11:00,EXCEPTION,EXCEPTION,MEA,NEXT_DAY
ORD-106782,SKU-01184,1,DC-11,EXPEDITE,2026-09-04T17:13:00,2026-09-04T23:13:00,SHIPPED,SHIPPED,APAC,STANDARD
ORD-106783,SKU-00810,1,DC-11,STANDARD,2026-09-04T17:16:00,2026-09-05T17:16:00,PICKING,HOLD,LATAM,NEXT_DAY
ORD-106784,SKU-00063,1,DC-17,STANDARD,2026-09-04T17:21:00,2026-09-04T23:21:00,ALLOCATED,ALLOCATED,APAC,STANDARD
ORD-106785,SKU-00968,1,DC-04,STANDARD,2026-09-04T17:22:00,2026-09-04T21:22:00,PACKING,PACKING,EU,SAME_DAY
ORD-106786,SKU-00311,1,DC-08,STANDARD,2026-09-04T17:29:00,2026-09-05T01:29:00,PICKING,PICKING,APAC,NEXT_DAY
ORD-106787,SKU-00422,1,DC-12,EXPEDITE,2026-09-04T17:34:00,2026-09-05T01:34:00,SHIPPED,EXCEPTION,MEA,STANDARD
ORD-106788,SKU-00088,1,DC-18,STANDARD,2026-09-04T17:38:00,2026-09-05T01:38:00,SHIPPED,SHIPPED,LATAM,STANDARD
ORD-106789,SKU-00775,1,DC-08,STANDARD,2026-09-04T17:39:00,2026-09-04T23:39:00,STAGED,STAGED,LATAM,STANDARD
ORD-106790,SKU-00114,1,DC-06,CRITICAL,2026-09-04T17:42:00,2026-09-05T01:42:00,SHIPPED,SHIPPED,LATAM,NEXT_DAY
ORD-106791,SKU-00853,1,DC-18,EXPEDITE,2026-09-04T17:50:00,2026-09-04T21:50:00,PACKING,PACKING,LATAM,STANDARD
ORD-106792,SKU-00738,1,DC-17,STANDARD,2026-09-04T17:59:00,2026-09-04T23:59:00,STAGED,STAGED,APAC,STANDARD
ORD-106793,SKU-00557,1,DC-03,STANDARD,2026-09-04T18:00:00,2026-09-04T22:00:00,PACKING,PACKING,EU,SAME_DAY
ORD-106794,SKU-00372,1,DC-17,STANDARD,2026-09-04T18:08:00,2026-09-05T02:08:00,EXCEPTION,EXCEPTION,LATAM,STANDARD
ORD-106795,SKU-00440,1,DC-14,STANDARD,2026-09-04T18:08:00,2026-09-05T00:08:00,SHIPPED,HOLD,LATAM,STANDARD
ORD-106796,SKU-00475,1,DC-05,STANDARD,2026-09-04T18:17:00,2026-09-05T00:17:00,RELEASED,EXCEPTION,EU,STANDARD
ORD-106797,SKU-00633,1,DC-02,STANDARD,2026-09-04T18:18:00,2026-09-05T00:18:00,RELEASED,RELEASED,APAC,SAME_DAY
ORD-106798,SKU-00066,1,DC-17,EXPEDITE,2026-09-04T18:19:00,2026-09-05T02:19:00,SHIPPED,SHIPPED,MEA,SAME_DAY
ORD-106799,SKU-00698,1,DC-16,CRITICAL,2026-09-04T18:25:00,2026-09-05T18:25:00,PICKING,PICKING,EU,NEXT_DAY
ORD-106800,SKU-00196,1,DC-11,STANDARD,2026-09-04T18:25:00,2026-09-05T00:25:00,STAGED,STAGED,APAC,STANDARD
ORD-106801,SKU-00737,1,DC-10,STANDARD,2026-09-04T18:26:00,2026-09-04T22:26:00,PACKING,PACKING,APAC,SAME_DAY
ORD-106802,SKU-00117,1,DC-16,EXPEDITE,2026-09-04T18:29:00,2026-09-05T00:29:00,PICKING,EXCEPTION,APAC,SAME_DAY
ORD-106803,SKU-01068,1,DC-13,CRITICAL,2026-09-04T18:37:00,2026-09-05T18:37:00,PACKING,HOLD,LATAM,STANDARD
ORD-106804,SKU-00929,1,DC-14,EXPEDITE,2026-09-04T18:40:00,2026-09-05T00:40:00,PACKING,EXCEPTION,MEA,SAME_DAY
ORD-106805,SKU-00962,1,DC-14,STANDARD,2026-09-04T18:42:00,2026-09-05T18:42:00,STAGED,STAGED,LATAM,NEXT_DAY
ORD-106806,SKU-00172,1,DC-18,STANDARD,2026-09-04T18:52:00,2026-09-05T00:52:00,RELEASED,EXCEPTION,MEA,NEXT_DAY
ORD-106807,SKU-00012,1,DC-04,EXPEDITE,2026-09-04T19:07:00,2026-09-05T03:07:00,ALLOCATED,ALLOCATED,LATAM,SAME_DAY
ORD-106808,SKU-00283,1,DC-14,STANDARD,2026-09-04T19:20:00,2026-09-05T07:20:00,RELEASED,EXCEPTION,MEA,NEXT_DAY
ORD-106809,SKU-00901,1,DC-17,STANDARD,2026-09-04T19:29:00,2026-09-05T07:29:00,ALLOCATED,ALLOCATED,MEA,NEXT_DAY
ORD-106810,SKU-00822,1,DC-17,STANDARD,2026-09-04T19:34:00,2026-09-05T03:34:00,RELEASED,HOLD,MEA,NEXT_DAY
ORD-106811,SKU-00156,1,DC-01,EXPEDITE,2026-09-04T19:38:00,2026-09-05T01:38:00,EXCEPTION,EXCEPTION,LATAM,NEXT_DAY
ORD-106812,SKU-00736,1,DC-10,STANDARD,2026-09-04T19:49:00,2026-09-04T23:49:00,STAGED,EXCEPTION,EU,STANDARD
ORD-106813,SKU-01099,1,DC-10,EXPEDITE,2026-09-04T20:06:00,2026-09-05T04:06:00,PACKING,PACKING,MEA,STANDARD
ORD-106814,SKU-00243,1,DC-01,STANDARD,2026-09-04T20:08:00,2026-09-05T08:08:00,ALLOCATED,EXCEPTION,EU,NEXT_DAY
ORD-106815,SKU-00732,1,DC-11,EXPEDITE,2026-09-04T20:09:00,2026-09-05T08:09:00,PACKING,PACKING,EU,SAME_DAY
ORD-106816,SKU-00996,1,DC-07,STANDARD,2026-09-04T20:16:00,2026-09-05T00:16:00,PACKING,PACKING,LATAM,STANDARD
ORD-106817,SKU-01105,1,DC-13,STANDARD,2026-09-04T20:19:00,2026-09-05T04:19:00,STAGED,STAGED,MEA,SAME_DAY
ORD-106818,SKU-01054,1,DC-12,EXPEDITE,2026-09-04T20:22:00,2026-09-05T08:22:00,STAGED,STAGED,APAC,NEXT_DAY
ORD-106819,SKU-00602,1,DC-08,EXPEDITE,2026-09-04T20:28:00,2026-09-05T04:28:00,PICKING,HOLD,MEA,SAME_DAY
ORD-106820,SKU-01048,1,DC-04,CRITICAL,2026-09-04T20:32:00,2026-09-05T02:32:00,EXCEPTION,EXCEPTION,EU,SAME_DAY
ORD-106821,SKU-01140,1,DC-11,STANDARD,2026-09-04T20:40:00,2026-09-05T08:40:00,PICKING,PICKING,APAC,SAME_DAY
ORD-106822,SKU-00407,1,DC-11,STANDARD,2026-09-04T20:41:00,2026-09-05T20:41:00,PACKING,HOLD,APAC,STANDARD
ORD-106823,SKU-00928,1,DC-02,STANDARD,2026-09-04T21:06:00,2026-09-05T05:06:00,PACKING,PACKING,EU,STANDARD
ORD-106824,SKU-00583,1,DC-02,STANDARD,2026-09-04T21:14:00,2026-09-05T05:14:00,SHIPPED,HOLD,LATAM,NEXT_DAY
ORD-106825,SKU-01137,1,DC-13,EXPEDITE,2026-09-04T21:14:00,2026-09-05T01:14:00,PICKING,PICKING,APAC,NEXT_DAY
ORD-106826,SKU-00180,1,DC-18,STANDARD,2026-09-04T21:15:00,2026-09-05T03:15:00,RELEASED,HOLD,LATAM,NEXT_DAY
ORD-106827,SKU-00517,1,DC-13,STANDARD,2026-09-04T21:18:00,2026-09-05T01:18:00,RELEASED,RELEASED,MEA,SAME_DAY
ORD-106828,SKU-00039,1,DC-13,STANDARD,2026-09-04T21:27:00,2026-09-05T21:27:00,ALLOCATED,ALLOCATED,LATAM,STANDARD
ORD-106829,SKU-00096,1,DC-09,STANDARD,2026-09-04T21:27:00,2026-09-05T21:27:00,EXCEPTION,EXCEPTION,APAC,NEXT_DAY
ORD-106830,SKU-01163,1,DC-03,CRITICAL,2026-09-04T21:43:00,2026-09-05T03:43:00,STAGED,STAGED,EU,NEXT_DAY
ORD-106831,SKU-00473,1,DC-12,STANDARD,2026-09-04T21:45:00,2026-09-05T09:45:00,SHIPPED,EXCEPTION,LATAM,NEXT_DAY
ORD-106832,SKU-00402,1,DC-16,STANDARD,2026-09-04T21:46:00,2026-09-05T21:46:00,EXCEPTION,HOLD,EU,STANDARD
ORD-106833,SKU-00469,1,DC-11,EXPEDITE,2026-09-04T21:46:00,2026-09-05T05:46:00,SHIPPED,SHIPPED,LATAM,SAME_DAY
ORD-106834,SKU-01007,1,DC-12,STANDARD,2026-09-04T21:46:00,2026-09-05T09:46:00,PICKING,PICKING,LATAM,NEXT_DAY
ORD-106835,SKU-01050,1,DC-12,STANDARD,2026-09-04T21:49:00,2026-09-05T03:49:00,RELEASED,RELEASED,EU,SAME_DAY
ORD-106836,SKU-00128,1,DC-07,STANDARD,2026-09-04T22:06:00,2026-09-05T04:06:00,SHIPPED,SHIPPED,LATAM,SAME_DAY
ORD-106837,SKU-00657,1,DC-03,STANDARD,2026-09-04T22:15:00,2026-09-05T22:15:00,SHIPPED,SHIPPED,LATAM,NEXT_DAY
ORD-106838,SKU-00624,1,DC-15,STANDARD,2026-09-04T22:15:00,2026-09-05T02:15:00,PACKING,EXCEPTION,LATAM,NEXT_DAY
ORD-106839,SKU-00225,1,DC-07,STANDARD,2026-09-04T22:22:00,2026-09-05T04:22:00,STAGED,STAGED,MEA,STANDARD
ORD-106840,SKU-00207,1,DC-02,STANDARD,2026-09-04T22:24:00,2026-09-05T22:24:00,STAGED,EXCEPTION,MEA,SAME_DAY
ORD-106841,SKU-00252,1,DC-12,STANDARD,2026-09-04T22:37:00,2026-09-05T10:37:00,RELEASED,HOLD,LATAM,NEXT_DAY
ORD-106842,SKU-00300,1,DC-07,STANDARD,2026-09-04T22:42:00,2026-09-05T22:42:00,ALLOCATED,HOLD,MEA,STANDARD
ORD-106843,SKU-01060,1,DC-16,STANDARD,2026-09-04T22:45:00,2026-09-05T04:45:00,EXCEPTION,EXCEPTION,MEA,NEXT_DAY
ORD-106844,SKU-00124,1,DC-16,CRITICAL,2026-09-04T22:46:00,2026-09-05T04:46:00,RELEASED,RELEASED,APAC,NEXT_DAY
ORD-106845,SKU-00696,1,DC-12,STANDARD,2026-09-04T23:03:00,2026-09-05T05:03:00,ALLOCATED,ALLOCATED,EU,NEXT_DAY
ORD-106846,SKU-00309,1,DC-13,EXPEDITE,2026-09-04T23:05:00,2026-09-05T11:05:00,PACKING,PACKING,MEA,STANDARD
ORD-106847,SKU-01003,1,DC-14,STANDARD,2026-09-04T23:09:00,2026-09-05T05:09:00,STAGED,HOLD,APAC,STANDARD
ORD-106848,SKU-00493,1,DC-14,STANDARD,2026-09-04T23:10:00,2026-09-05T07:10:00,PICKING,PICKING,MEA,STANDARD
ORD-106849,SKU-00158,1,DC-15,STANDARD,2026-09-04T23:23:00,2026-09-05T23:23:00,PICKING,HOLD,LATAM,SAME_DAY
ORD-106850,SKU-01089,1,DC-16,CRITICAL,2026-09-04T23:25:00,2026-09-05T23:25:00,SHIPPED,HOLD,EU,STANDARD
ORD-106851,SKU-00197,1,DC-13,STANDARD,2026-09-04T23:37:00,2026-09-05T03:37:00,PICKING,HOLD,APAC,STANDARD
ORD-106852,SKU-00110,1,DC-12,STANDARD,2026-09-04T23:45:00,2026-09-05T23:45:00,RELEASED,HOLD,LATAM,STANDARD
ORD-106853,SKU-00817,1,DC-12,CRITICAL,2026-09-05T00:04:00,2026-09-06T00:04:00,SHIPPED,SHIPPED,LATAM,SAME_DAY
ORD-106854,SKU-00198,1,DC-01,EXPEDITE,2026-09-05T00:10:00,2026-09-05T04:10:00,PICKING,PICKING,MEA,SAME_DAY
ORD-106855,SKU-01043,1,DC-10,STANDARD,2026-09-05T00:18:00,2026-09-05T12:18:00,STAGED,STAGED,EU,SAME_DAY
ORD-106856,SKU-00742,1,DC-17,CRITICAL,2026-09-05T00:18:00,2026-09-06T00:18:00,STAGED,STAGED,APAC,STANDARD
ORD-106857,SKU-01117,1,DC-15,STANDARD,2026-09-05T00:20:00,2026-09-05T12:20:00,PICKING,PICKING,MEA,NEXT_DAY
ORD-106858,SKU-00494,1,DC-05,STANDARD,2026-09-05T00:21:00,2026-09-05T08:21:00,PICKING,PICKING,LATAM,SAME_DAY
ORD-106859,SKU-00466,1,DC-12,STANDARD,2026-09-05T00:28:00,2026-09-05T06:28:00,EXCEPTION,EXCEPTION,MEA,STANDARD
ORD-106860,SKU-01062,1,DC-15,STANDARD,2026-09-05T00:29:00,2026-09-05T12:29:00,PICKING,HOLD,EU,STANDARD
ORD-106861,SKU-01091,1,DC-16,STANDARD,2026-09-05T00:43:00,2026-09-06T00:43:00,RELEASED,RELEASED,MEA,STANDARD
ORD-106862,SKU-00538,1,DC-12,EXPEDITE,2026-09-05T00:47:00,2026-09-05T04:47:00,ALLOCATED,ALLOCATED,LATAM,STANDARD
ORD-106863,SKU-00873,1,DC-02,STANDARD,2026-09-05T00:51:00,2026-09-06T00:51:00,PICKING,PICKING,LATAM,SAME_DAY
ORD-106864,SKU-00078,1,DC-16,STANDARD,2026-09-05T00:54:00,2026-09-05T04:54:00,STAGED,HOLD,MEA,NEXT_DAY
ORD-106865,SKU-00803,1,DC-06,EXPEDITE,2026-09-05T01:00:00,2026-09-05T07:00:00,SHIPPED,SHIPPED,LATAM,STANDARD
ORD-106866,SKU-00077,1,DC-17,STANDARD,2026-09-05T01:02:00,2026-09-05T05:02:00,PICKING,HOLD,APAC,NEXT_DAY
ORD-106867,SKU-00332,1,DC-03,CRITICAL,2026-09-05T01:02:00,2026-09-05T09:02:00,ALLOCATED,ALLOCATED,MEA,NEXT_DAY
ORD-106868,SKU-00462,1,DC-07,CRITICAL,2026-09-05T01:14:00,2026-09-05T07:14:00,STAGED,STAGED,EU,SAME_DAY
ORD-106869,SKU-00322,1,DC-06,CRITICAL,2026-09-05T01:16:00,2026-09-05T05:16:00,EXCEPTION,EXCEPTION,APAC,STANDARD
ORD-106870,SKU-00739,1,DC-02,EXPEDITE,2026-09-05T01:24:00,2026-09-05T05:24:00,RELEASED,EXCEPTION,MEA,SAME_DAY
ORD-106871,SKU-00964,1,DC-11,STANDARD,2026-09-05T01:31:00,2026-09-06T01:31:00,PICKING,HOLD,APAC,NEXT_DAY
ORD-106872,SKU-00533,1,DC-16,STANDARD,2026-09-05T01:35:00,2026-09-05T07:35:00,PICKING,PICKING,MEA,STANDARD
ORD-106873,SKU-00656,1,DC-15,STANDARD,2026-09-05T01:38:00,2026-09-05T05:38:00,STAGED,STAGED,LATAM,SAME_DAY
ORD-106874,SKU-00055,1,DC-17,STANDARD,2026-09-05T01:57:00,2026-09-05T09:57:00,STAGED,STAGED,EU,NEXT_DAY
ORD-106875,SKU-00050,1,DC-08,STANDARD,2026-09-05T02:03:00,2026-09-05T14:03:00,PACKING,PACKING,APAC,SAME_DAY
ORD-106876,SKU-00096,1,DC-14,STANDARD,2026-09-05T02:06:00,2026-09-05T14:06:00,PACKING,PACKING,LATAM,SAME_DAY
ORD-106877,SKU-00143,1,DC-13,CRITICAL,2026-09-05T02:21:00,2026-09-05T14:21:00,PICKING,PICKING,MEA,SAME_DAY
ORD-106878,SKU-01130,1,DC-13,CRITICAL,2026-09-05T02:44:00,2026-09-05T10:44:00,STAGED,EXCEPTION,LATAM,SAME_DAY
ORD-106879,SKU-00339,1,DC-01,STANDARD,2026-09-05T02:44:00,2026-09-05T08:44:00,SHIPPED,SHIPPED,LATAM,NEXT_DAY
ORD-106880,SKU-01091,1,DC-05,STANDARD,2026-09-05T02:55:00,2026-09-05T06:55:00,PACKING,HOLD,LATAM,SAME_DAY
ORD-106881,SKU-01023,1,DC-01,STANDARD,2026-09-05T03:08:00,2026-09-05T15:08:00,SHIPPED,SHIPPED,LATAM,SAME_DAY
ORD-106882,SKU-00934,1,DC-13,EXPEDITE,2026-09-05T03:11:00,2026-09-05T15:11:00,SHIPPED,SHIPPED,APAC,STANDARD
ORD-106883,SKU-00069,1,DC-17,STANDARD,2026-09-05T03:20:00,2026-09-05T15:20:00,PICKING,PICKING,EU,NEXT_DAY
ORD-106884,SKU-01093,1,DC-14,STANDARD,2026-09-05T03:26:00,2026-09-06T03:26:00,PACKING,HOLD,MEA,STANDARD
ORD-106885,SKU-01178,1,DC-12,STANDARD,2026-09-05T03:37:00,2026-09-06T03:37:00,ALLOCATED,ALLOCATED,APAC,STANDARD
ORD-106886,SKU-00831,1,DC-12,STANDARD,2026-09-05T03:42:00,2026-09-05T09:42:00,STAGED,EXCEPTION,LATAM,STANDARD
ORD-106887,SKU-00154,1,DC-13,CRITICAL,2026-09-05T03:47:00,2026-09-05T09:47:00,ALLOCATED,ALLOCATED,LATAM,NEXT_DAY
ORD-106888,SKU-00411,1,DC-17,STANDARD,2026-09-05T03:57:00,2026-09-05T15:57:00,PICKING,PICKING,APAC,SAME_DAY
ORD-106889,SKU-00498,1,DC-07,STANDARD,2026-09-05T04:09:00,2026-09-05T12:09:00,SHIPPED,HOLD,EU,SAME_DAY
ORD-106890,SKU-01142,1,DC-11,EXPEDITE,2026-09-05T04:18:00,2026-09-05T10:18:00,EXCEPTION,EXCEPTION,LATAM,NEXT_DAY
ORD-106891,SKU-00024,1,DC-14,EXPEDITE,2026-09-05T04:20:00,2026-09-05T10:20:00,PACKING,HOLD,MEA,NEXT_DAY
ORD-106892,SKU-00562,1,DC-08,EXPEDITE,2026-09-05T04:25:00,2026-09-05T10:25:00,ALLOCATED,EXCEPTION,EU,SAME_DAY
ORD-106893,SKU-00162,1,DC-12,STANDARD,2026-09-05T04:31:00,2026-09-05T08:31:00,SHIPPED,SHIPPED,APAC,SAME_DAY
ORD-106894,SKU-00771,1,DC-03,STANDARD,2026-09-05T04:35:00,2026-09-05T10:35:00,PICKING,PICKING,LATAM,NEXT_DAY
ORD-106895,SKU-01058,1,DC-11,STANDARD,2026-09-05T04:37:00,2026-09-05T12:37:00,RELEASED,RELEASED,MEA,STANDARD
ORD-106896,SKU-00442,1,DC-08,STANDARD,2026-09-05T04:40:00,2026-09-06T04:40:00,PACKING,EXCEPTION,EU,SAME_DAY
ORD-106897,SKU-00631,1,DC-18,STANDARD,2026-09-05T04:46:00,2026-09-06T04:46:00,PICKING,EXCEPTION,LATAM,NEXT_DAY
ORD-106898,SKU-00820,1,DC-10,STANDARD,2026-09-05T04:57:00,2026-09-06T04:57:00,PACKING,PACKING,MEA,NEXT_DAY
ORD-106899,SKU-00988,1,DC-17,STANDARD,2026-09-05T05:18:00,2026-09-05T11:18:00,STAGED,HOLD,MEA,STANDARD
ORD-106900,SKU-00011,1,DC-14,CRITICAL,2026-09-05T05:22:00,2026-09-05T13:22:00,ALLOCATED,HOLD,MEA,STANDARD
ORD-106901,SKU-00121,1,DC-13,STANDARD,2026-09-05T05:37:00,2026-09-05T13:37:00,RELEASED,HOLD,LATAM,NEXT_DAY
ORD-106902,SKU-00049,1,DC-13,CRITICAL,2026-09-05T05:38:00,2026-09-05T11:38:00,PACKING,EXCEPTION,APAC,STANDARD
ORD-106903,SKU-00219,1,DC-10,STANDARD,2026-09-05T05:42:00,2026-09-05T11:42:00,RELEASED,RELEASED,LATAM,NEXT_DAY
ORD-106904,SKU-00191,1,DC-09,STANDARD,2026-09-05T05:42:00,2026-09-06T05:42:00,RELEASED,HOLD,APAC,STANDARD
ORD-106905,SKU-00107,1,DC-05,STANDARD,2026-09-05T05:46:00,2026-09-06T05:46:00,SHIPPED,HOLD,MEA,SAME_DAY
ORD-106906,SKU-00711,1,DC-10,EXPEDITE,2026-09-05T05:52:00,2026-09-06T05:52:00,PACKING,PACKING,LATAM,SAME_DAY
ORD-106907,SKU-00896,1,DC-13,STANDARD,2026-09-05T05:54:00,2026-09-05T09:54:00,STAGED,EXCEPTION,APAC,SAME_DAY
ORD-106908,SKU-01053,1,DC-18,EXPEDITE,2026-09-05T05:59:00,2026-09-05T17:59:00,PICKING,PICKING,EU,STANDARD
ORD-106909,SKU-00382,1,DC-08,STANDARD,2026-09-05T06:17:00,2026-09-05T10:17:00,EXCEPTION,EXCEPTION,EU,STANDARD
ORD-106910,SKU-00696,1,DC-11,CRITICAL,2026-09-05T06:20:00,2026-09-06T06:20:00,RELEASED,HOLD,LATAM,SAME_DAY
ORD-106911,SKU-00957,1,DC-14,STANDARD,2026-09-05T06:44:00,2026-09-05T18:44:00,EXCEPTION,EXCEPTION,MEA,SAME_DAY
ORD-106912,SKU-00202,1,DC-02,EXPEDITE,2026-09-05T06:46:00,2026-09-05T14:46:00,PACKING,EXCEPTION,APAC,SAME_DAY
ORD-106913,SKU-01059,1,DC-13,STANDARD,2026-09-05T07:13:00,2026-09-05T15:13:00,STAGED,EXCEPTION,APAC,STANDARD
ORD-106914,SKU-01068,1,DC-13,EXPEDITE,2026-09-05T07:23:00,2026-09-05T19:23:00,ALLOCATED,HOLD,APAC,SAME_DAY
ORD-106915,SKU-00486,1,DC-05,STANDARD,2026-09-05T07:31:00,2026-09-05T13:31:00,EXCEPTION,EXCEPTION,EU,SAME_DAY
ORD-106916,SKU-00287,1,DC-07,STANDARD,2026-09-05T07:31:00,2026-09-06T07:31:00,EXCEPTION,EXCEPTION,MEA,STANDARD
ORD-106917,SKU-01043,1,DC-03,CRITICAL,2026-09-05T07:32:00,2026-09-05T11:32:00,EXCEPTION,EXCEPTION,EU,STANDARD
ORD-106918,SKU-00489,1,DC-12,STANDARD,2026-09-05T07:44:00,2026-09-05T11:44:00,STAGED,EXCEPTION,LATAM,SAME_DAY
ORD-106919,SKU-00614,1,DC-15,STANDARD,2026-09-05T07:46:00,2026-09-05T15:46:00,ALLOCATED,ALLOCATED,EU,SAME_DAY
ORD-106920,SKU-00140,1,DC-03,EXPEDITE,2026-09-05T07:49:00,2026-09-05T19:49:00,PICKING,PICKING,EU,STANDARD
ORD-106921,SKU-00676,1,DC-12,STANDARD,2026-09-05T07:49:00,2026-09-05T19:49:00,EXCEPTION,EXCEPTION,APAC,STANDARD
ORD-106922,SKU-00125,1,DC-10,STANDARD,2026-09-05T07:59:00,2026-09-05T11:59:00,PACKING,HOLD,EU,NEXT_DAY
ORD-106923,SKU-01197,1,DC-13,STANDARD,2026-09-05T08:07:00,2026-09-05T14:07:00,SHIPPED,HOLD,APAC,NEXT_DAY
ORD-106924,SKU-00969,1,DC-06,EXPEDITE,2026-09-05T08:10:00,2026-09-06T08:10:00,PICKING,EXCEPTION,APAC,STANDARD
ORD-106925,SKU-01124,1,DC-15,STANDARD,2026-09-05T08:17:00,2026-09-05T12:17:00,SHIPPED,SHIPPED,EU,SAME_DAY
ORD-106926,SKU-00152,1,DC-10,STANDARD,2026-09-05T08:25:00,2026-09-05T12:25:00,RELEASED,HOLD,LATAM,NEXT_DAY
ORD-106927,SKU-00302,1,DC-03,EXPEDITE,2026-09-05T08:41:00,2026-09-06T08:41:00,RELEASED,HOLD,EU,NEXT_DAY
ORD-106928,SKU-00535,1,DC-09,EXPEDITE,2026-09-05T08:42:00,2026-09-06T08:42:00,EXCEPTION,EXCEPTION,LATAM,STANDARD
ORD-106929,SKU-00126,1,DC-04,CRITICAL,2026-09-05T08:51:00,2026-09-05T16:51:00,STAGED,EXCEPTION,MEA,NEXT_DAY
ORD-106930,SKU-01049,1,DC-09,EXPEDITE,2026-09-05T08:55:00,2026-09-06T08:55:00,ALLOCATED,EXCEPTION,LATAM,SAME_DAY
ORD-106931,SKU-01068,1,DC-17,STANDARD,2026-09-05T08:56:00,2026-09-05T16:56:00,RELEASED,RELEASED,MEA,STANDARD
ORD-106932,SKU-00449,1,DC-16,STANDARD,2026-09-05T09:07:00,2026-09-05T21:07:00,SHIPPED,EXCEPTION,APAC,NEXT_DAY
ORD-106933,SKU-00059,1,DC-14,STANDARD,2026-09-05T09:12:00,2026-09-05T17:12:00,ALLOCATED,ALLOCATED,LATAM,SAME_DAY
ORD-106934,SKU-00092,1,DC-07,EXPEDITE,2026-09-05T09:33:00,2026-09-05T13:33:00,STAGED,STAGED,EU,STANDARD
ORD-106935,SKU-00686,1,DC-12,CRITICAL,2026-09-05T09:37:00,2026-09-05T21:37:00,PACKING,EXCEPTION,MEA,STANDARD
ORD-106936,SKU-01066,1,DC-11,EXPEDITE,2026-09-05T09:55:00,2026-09-05T13:55:00,PACKING,PACKING,MEA,NEXT_DAY
ORD-106937,SKU-00951,1,DC-17,STANDARD,2026-09-05T10:16:00,2026-09-05T14:16:00,PICKING,PICKING,EU,NEXT_DAY
ORD-106938,SKU-00979,1,DC-01,STANDARD,2026-09-05T10:31:00,2026-09-05T14:31:00,ALLOCATED,EXCEPTION,EU,STANDARD
ORD-106939,SKU-00219,1,DC-11,STANDARD,2026-09-05T10:40:00,2026-09-05T16:40:00,EXCEPTION,HOLD,APAC,SAME_DAY
ORD-106940,SKU-00348,1,DC-17,STANDARD,2026-09-05T10:53:00,2026-09-06T10:53:00,PICKING,HOLD,LATAM,STANDARD
ORD-106941,SKU-00915,1,DC-18,EXPEDITE,2026-09-05T10:59:00,2026-09-05T22:59:00,ALLOCATED,EXCEPTION,EU,SAME_DAY
ORD-106942,SKU-00011,1,DC-08,STANDARD,2026-09-05T11:34:00,2026-09-05T23:34:00,ALLOCATED,EXCEPTION,MEA,NEXT_DAY
ORD-106943,SKU-00915,1,DC-09,STANDARD,2026-09-05T11:38:00,2026-09-06T11:38:00,PACKING,EXCEPTION,EU,STANDARD
ORD-106944,SKU-00095,1,DC-10,CRITICAL,2026-09-05T11:44:00,2026-09-05T17:44:00,ALLOCATED,HOLD,APAC,SAME_DAY
ORD-106945,SKU-00978,1,DC-06,STANDARD,2026-09-05T12:00:00,2026-09-06T00:00:00,ALLOCATED,ALLOCATED,EU,NEXT_DAY
ORD-106946,SKU-01158,1,DC-01,STANDARD,2026-09-05T12:11:00,2026-09-05T16:11:00,STAGED,STAGED,APAC,NEXT_DAY
ORD-106947,SKU-01074,1,DC-07,STANDARD,2026-09-05T12:17:00,2026-09-05T20:17:00,PICKING,PICKING,APAC,SAME_DAY
ORD-106948,SKU-00644,1,DC-13,CRITICAL,2026-09-05T12:26:00,2026-09-05T18:26:00,PACKING,PACKING,APAC,NEXT_DAY
ORD-106949,SKU-00583,1,DC-08,EXPEDITE,2026-09-05T12:31:00,2026-09-05T16:31:00,STAGED,EXCEPTION,APAC,NEXT_DAY
ORD-106950,SKU-00567,1,DC-10,STANDARD,2026-09-05T12:32:00,2026-09-05T18:32:00,PACKING,HOLD,LATAM,SAME_DAY
ORD-106951,SKU-00133,1,DC-01,STANDARD,2026-09-05T12:34:00,2026-09-06T00:34:00,EXCEPTION,EXCEPTION,MEA,STANDARD
ORD-106952,SKU-00942,1,DC-11,STANDARD,2026-09-05T12:35:00,2026-09-05T16:35:00,ALLOCATED,ALLOCATED,MEA,SAME_DAY
ORD-106953,SKU-00536,1,DC-14,STANDARD,2026-09-05T12:37:00,2026-09-05T16:37:00,PACKING,HOLD,APAC,NEXT_DAY
ORD-106954,SKU-00920,1,DC-10,STANDARD,2026-09-05T12:56:00,2026-09-05T16:56:00,PICKING,PICKING,APAC,STANDARD
ORD-106955,SKU-00320,1,DC-18,STANDARD,2026-09-05T12:56:00,2026-09-06T12:56:00,RELEASED,HOLD,APAC,STANDARD
ORD-106956,SKU-01122,1,DC-03,STANDARD,2026-09-05T12:58:00,2026-09-05T18:58:00,EXCEPTION,EXCEPTION,EU,STANDARD
ORD-106957,SKU-00923,1,DC-06,EXPEDITE,2026-09-05T13:12:00,2026-09-05T17:12:00,SHIPPED,HOLD,APAC,STANDARD
ORD-106958,SKU-00879,1,DC-09,STANDARD,2026-09-05T13:16:00,2026-09-05T17:16:00,PACKING,PACKING,LATAM,NEXT_DAY
ORD-106959,SKU-00999,1,DC-04,STANDARD,2026-09-05T13:17:00,2026-09-05T19:17:00,PICKING,PICKING,LATAM,STANDARD
ORD-106960,SKU-00676,1,DC-02,STANDARD,2026-09-05T13:24:00,2026-09-06T13:24:00,PICKING,EXCEPTION,LATAM,NEXT_DAY
ORD-106961,SKU-00604,1,DC-06,STANDARD,2026-09-05T13:38:00,2026-09-06T13:38:00,PACKING,HOLD,LATAM,STANDARD
ORD-106962,SKU-01127,1,DC-03,STANDARD,2026-09-05T14:01:00,2026-09-05T20:01:00,SHIPPED,SHIPPED,LATAM,NEXT_DAY
ORD-106963,SKU-00222,1,DC-02,STANDARD,2026-09-05T14:39:00,2026-09-05T18:39:00,RELEASED,HOLD,APAC,SAME_DAY
ORD-106964,SKU-00529,1,DC-09,EXPEDITE,2026-09-05T14:41:00,2026-09-05T18:41:00,EXCEPTION,EXCEPTION,LATAM,STANDARD
ORD-106965,SKU-00811,1,DC-05,EXPEDITE,2026-09-05T14:43:00,2026-09-06T02:43:00,RELEASED,RELEASED,LATAM,NEXT_DAY
ORD-106966,SKU-00954,1,DC-07,EXPEDITE,2026-09-05T14:43:00,2026-09-06T14:43:00,EXCEPTION,EXCEPTION,EU,SAME_DAY
ORD-106967,SKU-00081,1,DC-18,STANDARD,2026-09-05T15:03:00,2026-09-05T19:03:00,STAGED,STAGED,EU,SAME_DAY
ORD-106968,SKU-01011,1,DC-03,EXPEDITE,2026-09-05T15:12:00,2026-09-05T19:12:00,SHIPPED,SHIPPED,APAC,NEXT_DAY
ORD-106969,SKU-01122,1,DC-09,STANDARD,2026-09-05T15:16:00,2026-09-05T21:16:00,RELEASED,RELEASED,LATAM,SAME_DAY
ORD-106970,SKU-00900,1,DC-14,CRITICAL,2026-09-05T15:17:00,2026-09-05T21:17:00,EXCEPTION,EXCEPTION,EU,NEXT_DAY
ORD-106971,SKU-00348,1,DC-13,STANDARD,2026-09-05T15:18:00,2026-09-06T03:18:00,EXCEPTION,EXCEPTION,APAC,STANDARD
ORD-106972,SKU-00678,1,DC-15,STANDARD,2026-09-05T15:22:00,2026-09-05T19:22:00,SHIPPED,HOLD,LATAM,NEXT_DAY
ORD-106973,SKU-00623,1,DC-10,STANDARD,2026-09-05T15:31:00,2026-09-05T19:31:00,EXCEPTION,EXCEPTION,APAC,STANDARD
ORD-106974,SKU-00657,1,DC-03,CRITICAL,2026-09-05T15:32:00,2026-09-05T23:32:00,EXCEPTION,EXCEPTION,LATAM,NEXT_DAY
ORD-106975,SKU-01058,1,DC-06,CRITICAL,2026-09-05T15:37:00,2026-09-05T21:37:00,RELEASED,RELEASED,EU,STANDARD
ORD-106976,SKU-00609,1,DC-14,EXPEDITE,2026-09-05T15:42:00,2026-09-06T03:42:00,ALLOCATED,ALLOCATED,EU,STANDARD
ORD-106977,SKU-00189,1,DC-01,STANDARD,2026-09-05T15:46:00,2026-09-05T19:46:00,RELEASED,HOLD,MEA,NEXT_DAY
ORD-106978,SKU-00556,1,DC-18,STANDARD,2026-09-05T15:47:00,2026-09-05T19:47:00,STAGED,STAGED,MEA,STANDARD
ORD-106979,SKU-00558,1,DC-01,CRITICAL,2026-09-05T15:52:00,2026-09-06T03:52:00,STAGED,STAGED,MEA,STANDARD
ORD-106980,SKU-00490,1,DC-10,STANDARD,2026-09-05T15:52:00,2026-09-05T23:52:00,PICKING,EXCEPTION,EU,SAME_DAY
ORD-106981,SKU-01181,1,DC-13,CRITICAL,2026-09-05T15:54:00,2026-09-05T21:54:00,EXCEPTION,EXCEPTION,MEA,NEXT_DAY
ORD-106982,SKU-00298,1,DC-06,STANDARD,2026-09-05T15:55:00,2026-09-05T21:55:00,ALLOCATED,ALLOCATED,LATAM,NEXT_DAY
ORD-106983,SKU-00021,1,DC-12,STANDARD,2026-09-05T16:15:00,2026-09-05T20:15:00,RELEASED,RELEASED,LATAM,STANDARD
ORD-106984,SKU-00272,1,DC-18,EXPEDITE,2026-09-05T16:16:00,2026-09-06T00:16:00,PACKING,PACKING,LATAM,NEXT_DAY
ORD-106985,SKU-00510,1,DC-18,STANDARD,2026-09-05T16:21:00,2026-09-06T04:21:00,PICKING,PICKING,EU,SAME_DAY
ORD-106986,SKU-00036,1,DC-17,CRITICAL,2026-09-05T16:24:00,2026-09-05T20:24:00,ALLOCATED,EXCEPTION,EU,NEXT_DAY
ORD-106987,SKU-01165,1,DC-14,STANDARD,2026-09-05T16:37:00,2026-09-06T16:37:00,PICKING,PICKING,MEA,SAME_DAY
ORD-106988,SKU-00167,1,DC-14,CRITICAL,2026-09-05T16:39:00,2026-09-06T16:39:00,PICKING,HOLD,LATAM,SAME_DAY
ORD-106989,SKU-00439,1,DC-07,STANDARD,2026-09-05T16:44:00,2026-09-06T16:44:00,STAGED,EXCEPTION,APAC,SAME_DAY
ORD-106990,SKU-00281,1,DC-10,EXPEDITE,2026-09-05T16:51:00,2026-09-05T20:51:00,PICKING,PICKING,EU,SAME_DAY
ORD-106991,SKU-00249,1,DC-12,STANDARD,2026-09-05T16:58:00,2026-09-05T20:58:00,RELEASED,RELEASED,MEA,NEXT_DAY
ORD-106992,SKU-00325,1,DC-13,STANDARD,2026-09-05T17:15:00,2026-09-05T21:15:00,EXCEPTION,EXCEPTION,MEA,STANDARD
ORD-106993,SKU-00992,1,DC-13,STANDARD,2026-09-05T17:23:00,2026-09-06T17:23:00,SHIPPED,HOLD,LATAM,STANDARD
ORD-106994,SKU-00513,1,DC-16,CRITICAL,2026-09-05T17:29:00,2026-09-06T17:29:00,ALLOCATED,EXCEPTION,MEA,STANDARD
ORD-106995,SKU-01051,1,DC-12,STANDARD,2026-09-05T17:31:00,2026-09-06T05:31:00,PACKING,PACKING,APAC,SAME_DAY
ORD-106996,SKU-00038,1,DC-06,STANDARD,2026-09-05T17:34:00,2026-09-06T05:34:00,ALLOCATED,HOLD,MEA,STANDARD
ORD-106997,SKU-00782,1,DC-09,CRITICAL,2026-09-05T17:39:00,2026-09-06T05:39:00,STAGED,STAGED,MEA,STANDARD
ORD-106998,SKU-00900,1,DC-12,STANDARD,2026-09-05T17:42:00,2026-09-05T21:42:00,ALLOCATED,ALLOCATED,EU,NEXT_DAY
ORD-106999,SKU-00732,1,DC-17,STANDARD,2026-09-05T17:44:00,2026-09-05T21:44:00,EXCEPTION,EXCEPTION,EU,STANDARD
ORD-107000,SKU-00192,1,DC-15,STANDARD,2026-09-05T17:54:00,2026-09-06T17:54:00,ALLOCATED,ALLOCATED,LATAM,NEXT_DAY
