order_id,warehouse_id,priority,created_at,carrier_cutoff,oms_status,wms_status,customer_region,service_level
ORD-000001,DC-17,EXPEDITE,2026-08-16T04:23:00,2026-08-17T04:23:00,PICKING,PICKING,LATAM,STANDARD
ORD-000002,DC-13,CRITICAL,2026-08-07T21:31:00,2026-08-08T01:31:00,RELEASED,RELEASED,MEA,STANDARD
ORD-000003,DC-10,EXPEDITE,2026-08-04T08:09:00,2026-08-04T12:09:00,PACKING,EXCEPTION,LATAM,STANDARD
ORD-000004,DC-16,CRITICAL,2026-09-02T20:16:00,2026-09-03T20:16:00,STAGED,EXCEPTION,APAC,SAME_DAY
ORD-000005,DC-02,STANDARD,2026-08-01T18:29:00,2026-08-02T18:29:00,EXCEPTION,EXCEPTION,MEA,SAME_DAY
ORD-000006,DC-12,CRITICAL,2026-08-22T21:44:00,2026-08-23T03:44:00,STAGED,EXCEPTION,EU,NEXT_DAY
ORD-000007,DC-09,STANDARD,2026-08-10T09:27:00,2026-08-10T21:27:00,RELEASED,RELEASED,MEA,NEXT_DAY
ORD-000008,DC-09,STANDARD,2026-08-08T04:59:00,2026-08-08T12:59:00,SHIPPED,SHIPPED,MEA,SAME_DAY
ORD-000009,DC-13,EXPEDITE,2026-08-21T06:41:00,2026-08-22T06:41:00,PICKING,PICKING,MEA,STANDARD
ORD-000010,DC-13,STANDARD,2026-09-01T09:57:00,2026-09-01T17:57:00,SHIPPED,EXCEPTION,MEA,STANDARD
ORD-000011,DC-14,STANDARD,2026-08-10T20:26:00,2026-08-11T20:26:00,STAGED,STAGED,MEA,NEXT_DAY
ORD-000012,DC-10,STANDARD,2026-08-13T18:15:00,2026-08-14T06:15:00,SHIPPED,SHIPPED,NA,STANDARD
ORD-000013,DC-18,STANDARD,2026-08-06T09:44:00,2026-08-06T15:44:00,PICKING,HOLD,APAC,NEXT_DAY
ORD-000014,DC-05,STANDARD,2026-08-26T09:03:00,2026-08-26T15:03:00,STAGED,STAGED,EU,NEXT_DAY
ORD-000015,DC-10,STANDARD,2026-08-29T09:17:00,2026-08-30T09:17:00,PICKING,PICKING,APAC,SAME_DAY
ORD-000016,DC-09,STANDARD,2026-08-03T13:53:00,2026-08-04T13:53:00,PICKING,PICKING,NA,NEXT_DAY
ORD-000017,DC-09,STANDARD,2026-08-09T23:22:00,2026-08-10T11:22:00,RELEASED,RELEASED,NA,SAME_DAY
ORD-000018,DC-04,STANDARD,2026-08-04T13:44:00,2026-08-04T19:44:00,SHIPPED,SHIPPED,MEA,NEXT_DAY
ORD-000019,DC-01,STANDARD,2026-08-27T11:51:00,2026-08-27T15:51:00,PICKING,PICKING,MEA,SAME_DAY
ORD-000020,DC-14,STANDARD,2026-08-20T17:49:00,2026-08-21T17:49:00,EXCEPTION,EXCEPTION,EU,STANDARD
ORD-000021,DC-05,CRITICAL,2026-08-25T02:20:00,2026-08-26T02:20:00,RELEASED,HOLD,LATAM,SAME_DAY
ORD-000022,DC-09,CRITICAL,2026-08-11T11:31:00,2026-08-11T19:31:00,STAGED,HOLD,NA,SAME_DAY
ORD-000023,DC-16,STANDARD,2026-09-01T05:49:00,2026-09-01T13:49:00,STAGED,HOLD,APAC,SAME_DAY
ORD-000024,DC-10,STANDARD,2026-08-10T23:53:00,2026-08-11T05:53:00,SHIPPED,SHIPPED,MEA,STANDARD
ORD-000025,DC-15,CRITICAL,2026-08-23T17:30:00,2026-08-24T01:30:00,PACKING,PACKING,MEA,SAME_DAY
ORD-000026,DC-09,EXPEDITE,2026-08-24T21:00:00,2026-08-25T21:00:00,PACKING,HOLD,APAC,SAME_DAY
ORD-000027,DC-18,STANDARD,2026-08-01T07:44:00,2026-08-01T11:44:00,RELEASED,RELEASED,EU,NEXT_DAY
ORD-000028,DC-13,STANDARD,2026-08-02T08:32:00,2026-08-02T16:32:00,PACKING,HOLD,LATAM,NEXT_DAY
ORD-000029,DC-04,STANDARD,2026-08-20T19:47:00,2026-08-21T07:47:00,STAGED,STAGED,EU,NEXT_DAY
ORD-000030,DC-09,STANDARD,2026-09-01T15:47:00,2026-09-01T23:47:00,EXCEPTION,HOLD,LATAM,NEXT_DAY
ORD-000031,DC-09,STANDARD,2026-08-06T10:53:00,2026-08-06T18:53:00,PACKING,EXCEPTION,EU,SAME_DAY
ORD-000032,DC-04,STANDARD,2026-08-25T12:51:00,2026-08-25T18:51:00,EXCEPTION,EXCEPTION,LATAM,NEXT_DAY
ORD-000033,DC-12,STANDARD,2026-08-06T06:05:00,2026-08-06T12:05:00,SHIPPED,SHIPPED,EU,NEXT_DAY
ORD-000034,DC-07,STANDARD,2026-08-11T03:53:00,2026-08-12T03:53:00,RELEASED,RELEASED,MEA,SAME_DAY
ORD-000035,DC-11,EXPEDITE,2026-08-27T13:44:00,2026-08-28T01:44:00,STAGED,STAGED,APAC,NEXT_DAY
ORD-000036,DC-08,STANDARD,2026-08-12T16:34:00,2026-08-13T16:34:00,PACKING,PACKING,NA,NEXT_DAY
ORD-000037,DC-17,STANDARD,2026-08-27T19:56:00,2026-08-27T23:56:00,RELEASED,HOLD,APAC,STANDARD
ORD-000038,DC-13,STANDARD,2026-09-04T00:41:00,2026-09-04T06:41:00,ALLOCATED,ALLOCATED,NA,NEXT_DAY
ORD-000039,DC-14,STANDARD,2026-08-10T22:02:00,2026-08-11T10:02:00,STAGED,HOLD,MEA,NEXT_DAY
ORD-000040,DC-04,STANDARD,2026-08-22T05:25:00,2026-08-22T09:25:00,PACKING,PACKING,LATAM,SAME_DAY
ORD-000041,DC-01,EXPEDITE,2026-08-29T07:46:00,2026-08-29T15:46:00,SHIPPED,SHIPPED,MEA,STANDARD
ORD-000042,DC-11,STANDARD,2026-08-15T03:00:00,2026-08-15T09:00:00,RELEASED,EXCEPTION,APAC,STANDARD
ORD-000043,DC-09,STANDARD,2026-09-05T05:55:00,2026-09-05T09:55:00,RELEASED,EXCEPTION,APAC,NEXT_DAY
ORD-000044,DC-03,STANDARD,2026-09-02T22:47:00,2026-09-03T22:47:00,ALLOCATED,EXCEPTION,NA,STANDARD
ORD-000045,DC-01,STANDARD,2026-08-12T03:46:00,2026-08-12T09:46:00,EXCEPTION,EXCEPTION,MEA,STANDARD
ORD-000046,DC-09,EXPEDITE,2026-08-11T22:02:00,2026-08-12T02:02:00,ALLOCATED,ALLOCATED,APAC,NEXT_DAY
ORD-000047,DC-12,STANDARD,2026-09-04T15:08:00,2026-09-04T19:08:00,STAGED,HOLD,EU,STANDARD
ORD-000048,DC-06,STANDARD,2026-08-12T08:56:00,2026-08-12T20:56:00,SHIPPED,HOLD,EU,NEXT_DAY
ORD-000049,DC-07,STANDARD,2026-08-04T16:56:00,2026-08-05T00:56:00,PICKING,HOLD,EU,STANDARD
ORD-000050,DC-15,STANDARD,2026-08-16T22:56:00,2026-08-17T06:56:00,RELEASED,EXCEPTION,NA,SAME_DAY
ORD-000051,DC-02,STANDARD,2026-08-19T10:50:00,2026-08-19T22:50:00,ALLOCATED,EXCEPTION,APAC,STANDARD
ORD-000052,DC-13,STANDARD,2026-08-08T19:32:00,2026-08-09T07:32:00,RELEASED,RELEASED,EU,STANDARD
ORD-000053,DC-06,STANDARD,2026-08-07T15:46:00,2026-08-07T19:46:00,ALLOCATED,ALLOCATED,NA,STANDARD
ORD-000054,DC-05,STANDARD,2026-08-11T13:44:00,2026-08-11T17:44:00,SHIPPED,SHIPPED,NA,NEXT_DAY
ORD-000055,DC-02,STANDARD,2026-08-01T19:00:00,2026-08-01T23:00:00,PACKING,PACKING,APAC,STANDARD
ORD-000056,DC-02,STANDARD,2026-08-09T08:01:00,2026-08-09T14:01:00,PACKING,EXCEPTION,LATAM,SAME_DAY
ORD-000057,DC-13,STANDARD,2026-08-27T08:41:00,2026-08-27T16:41:00,STAGED,STAGED,LATAM,STANDARD
ORD-000058,DC-16,EXPEDITE,2026-08-09T06:09:00,2026-08-09T14:09:00,EXCEPTION,HOLD,EU,NEXT_DAY
ORD-000059,DC-14,STANDARD,2026-08-05T03:20:00,2026-08-05T15:20:00,SHIPPED,HOLD,MEA,STANDARD
ORD-000060,DC-04,EXPEDITE,2026-09-01T00:10:00,2026-09-01T04:10:00,STAGED,STAGED,NA,SAME_DAY
ORD-000061,DC-10,STANDARD,2026-08-26T05:51:00,2026-08-26T13:51:00,PACKING,EXCEPTION,EU,STANDARD
ORD-000062,DC-01,STANDARD,2026-08-23T02:07:00,2026-08-24T02:07:00,RELEASED,RELEASED,LATAM,NEXT_DAY
ORD-000063,DC-01,STANDARD,2026-08-27T22:54:00,2026-08-28T22:54:00,RELEASED,RELEASED,APAC,SAME_DAY
ORD-000064,DC-02,STANDARD,2026-08-23T16:04:00,2026-08-24T00:04:00,PICKING,EXCEPTION,EU,SAME_DAY
ORD-000065,DC-13,STANDARD,2026-08-29T19:41:00,2026-08-30T07:41:00,EXCEPTION,EXCEPTION,NA,SAME_DAY
ORD-000066,DC-08,STANDARD,2026-08-07T03:37:00,2026-08-07T15:37:00,PICKING,PICKING,APAC,SAME_DAY
ORD-000067,DC-16,CRITICAL,2026-08-10T05:03:00,2026-08-10T13:03:00,PACKING,EXCEPTION,LATAM,NEXT_DAY
ORD-000068,DC-06,STANDARD,2026-08-05T17:42:00,2026-08-06T17:42:00,STAGED,STAGED,NA,NEXT_DAY
ORD-000069,DC-15,STANDARD,2026-08-17T00:29:00,2026-08-17T08:29:00,STAGED,EXCEPTION,MEA,NEXT_DAY
ORD-000070,DC-02,STANDARD,2026-08-08T07:32:00,2026-08-08T15:32:00,SHIPPED,EXCEPTION,NA,SAME_DAY
ORD-000071,DC-12,CRITICAL,2026-08-11T21:58:00,2026-08-12T05:58:00,RELEASED,EXCEPTION,APAC,SAME_DAY
ORD-000072,DC-09,EXPEDITE,2026-08-12T19:18:00,2026-08-12T23:18:00,STAGED,STAGED,NA,STANDARD
ORD-000073,DC-16,CRITICAL,2026-08-25T19:01:00,2026-08-26T19:01:00,RELEASED,RELEASED,LATAM,SAME_DAY
ORD-000074,DC-03,STANDARD,2026-08-23T11:09:00,2026-08-23T19:09:00,RELEASED,HOLD,LATAM,SAME_DAY
ORD-000075,DC-04,EXPEDITE,2026-08-08T21:31:00,2026-08-09T03:31:00,EXCEPTION,HOLD,NA,SAME_DAY
ORD-000076,DC-09,EXPEDITE,2026-09-04T20:04:00,2026-09-05T20:04:00,EXCEPTION,EXCEPTION,EU,STANDARD
ORD-000077,DC-17,STANDARD,2026-08-29T07:32:00,2026-08-29T19:32:00,SHIPPED,SHIPPED,MEA,SAME_DAY
ORD-000078,DC-12,STANDARD,2026-08-31T11:59:00,2026-08-31T17:59:00,ALLOCATED,ALLOCATED,APAC,NEXT_DAY
ORD-000079,DC-08,STANDARD,2026-08-01T20:33:00,2026-08-02T20:33:00,STAGED,STAGED,NA,NEXT_DAY
ORD-000080,DC-09,STANDARD,2026-08-03T02:15:00,2026-08-03T08:15:00,PICKING,PICKING,EU,SAME_DAY
ORD-000081,DC-17,CRITICAL,2026-08-16T10:54:00,2026-08-17T10:54:00,EXCEPTION,EXCEPTION,EU,STANDARD
ORD-000082,DC-17,STANDARD,2026-08-21T19:11:00,2026-08-22T07:11:00,ALLOCATED,ALLOCATED,APAC,SAME_DAY
ORD-000083,DC-17,STANDARD,2026-08-11T10:46:00,2026-08-11T14:46:00,RELEASED,RELEASED,APAC,SAME_DAY
ORD-000084,DC-16,STANDARD,2026-08-24T16:27:00,2026-08-25T16:27:00,SHIPPED,HOLD,NA,SAME_DAY
ORD-000085,DC-15,STANDARD,2026-08-14T23:00:00,2026-08-15T05:00:00,PICKING,PICKING,LATAM,STANDARD
ORD-000086,DC-10,STANDARD,2026-08-20T03:37:00,2026-08-20T09:37:00,ALLOCATED,ALLOCATED,NA,NEXT_DAY
ORD-000087,DC-06,STANDARD,2026-08-01T06:39:00,2026-08-01T14:39:00,RELEASED,EXCEPTION,EU,NEXT_DAY
ORD-000088,DC-17,STANDARD,2026-08-11T10:41:00,2026-08-11T14:41:00,STAGED,EXCEPTION,EU,SAME_DAY
ORD-000089,DC-08,EXPEDITE,2026-08-27T12:23:00,2026-08-27T18:23:00,STAGED,EXCEPTION,APAC,NEXT_DAY
ORD-000090,DC-13,STANDARD,2026-09-02T19:14:00,2026-09-03T07:14:00,EXCEPTION,EXCEPTION,NA,NEXT_DAY
ORD-000091,DC-03,CRITICAL,2026-08-04T08:32:00,2026-08-04T16:32:00,EXCEPTION,EXCEPTION,NA,SAME_DAY
ORD-000092,DC-07,STANDARD,2026-08-13T16:04:00,2026-08-14T16:04:00,PACKING,PACKING,NA,SAME_DAY
ORD-000093,DC-15,STANDARD,2026-08-06T15:47:00,2026-08-06T19:47:00,ALLOCATED,ALLOCATED,EU,STANDARD
ORD-000094,DC-10,STANDARD,2026-08-29T16:50:00,2026-08-30T04:50:00,PICKING,EXCEPTION,NA,NEXT_DAY
ORD-000095,DC-04,STANDARD,2026-08-02T15:31:00,2026-08-03T03:31:00,EXCEPTION,EXCEPTION,NA,STANDARD
ORD-000096,DC-14,STANDARD,2026-08-08T20:39:00,2026-08-09T20:39:00,PACKING,HOLD,NA,NEXT_DAY
ORD-000097,DC-10,CRITICAL,2026-08-30T10:27:00,2026-08-30T16:27:00,RELEASED,RELEASED,APAC,SAME_DAY
ORD-000098,DC-09,STANDARD,2026-08-23T05:35:00,2026-08-23T17:35:00,STAGED,STAGED,NA,NEXT_DAY
ORD-000099,DC-07,STANDARD,2026-08-28T01:36:00,2026-08-28T07:36:00,PICKING,PICKING,NA,STANDARD
ORD-000100,DC-11,STANDARD,2026-08-01T08:41:00,2026-08-01T16:41:00,ALLOCATED,EXCEPTION,MEA,STANDARD
ORD-000101,DC-14,STANDARD,2026-08-22T11:41:00,2026-08-22T15:41:00,RELEASED,EXCEPTION,NA,STANDARD
ORD-000102,DC-06,STANDARD,2026-09-04T13:45:00,2026-09-05T13:45:00,RELEASED,EXCEPTION,APAC,STANDARD
ORD-000103,DC-04,STANDARD,2026-08-27T11:01:00,2026-08-27T19:01:00,EXCEPTION,EXCEPTION,LATAM,NEXT_DAY
ORD-000104,DC-04,EXPEDITE,2026-08-18T22:59:00,2026-08-19T06:59:00,ALLOCATED,ALLOCATED,EU,SAME_DAY
ORD-000105,DC-15,STANDARD,2026-08-04T11:19:00,2026-08-04T17:19:00,RELEASED,RELEASED,APAC,SAME_DAY
ORD-000106,DC-12,STANDARD,2026-08-10T23:43:00,2026-08-11T07:43:00,EXCEPTION,EXCEPTION,MEA,NEXT_DAY
ORD-000107,DC-01,STANDARD,2026-08-18T08:45:00,2026-08-18T12:45:00,ALLOCATED,ALLOCATED,MEA,SAME_DAY
ORD-000108,DC-02,STANDARD,2026-08-30T01:52:00,2026-08-30T13:52:00,STAGED,HOLD,APAC,SAME_DAY
ORD-000109,DC-01,CRITICAL,2026-08-18T10:42:00,2026-08-18T14:42:00,PICKING,PICKING,EU,STANDARD
ORD-000110,DC-02,STANDARD,2026-08-22T23:03:00,2026-08-23T11:03:00,ALLOCATED,ALLOCATED,EU,NEXT_DAY
ORD-000111,DC-18,STANDARD,2026-08-10T02:20:00,2026-08-10T14:20:00,STAGED,HOLD,APAC,STANDARD
ORD-000112,DC-14,STANDARD,2026-08-25T00:07:00,2026-08-25T04:07:00,STAGED,EXCEPTION,MEA,STANDARD
ORD-000113,DC-18,EXPEDITE,2026-08-20T11:23:00,2026-08-20T15:23:00,RELEASED,RELEASED,APAC,NEXT_DAY
ORD-000114,DC-09,STANDARD,2026-08-14T12:47:00,2026-08-15T00:47:00,ALLOCATED,HOLD,MEA,SAME_DAY
ORD-000115,DC-14,STANDARD,2026-08-24T02:16:00,2026-08-24T10:16:00,PICKING,PICKING,NA,NEXT_DAY
ORD-000116,DC-09,EXPEDITE,2026-09-01T19:36:00,2026-09-02T01:36:00,EXCEPTION,EXCEPTION,APAC,STANDARD
ORD-000117,DC-12,STANDARD,2026-08-26T05:23:00,2026-08-26T11:23:00,PICKING,HOLD,APAC,NEXT_DAY
ORD-000118,DC-16,STANDARD,2026-08-21T15:48:00,2026-08-22T03:48:00,STAGED,STAGED,EU,SAME_DAY
ORD-000119,DC-17,EXPEDITE,2026-08-25T09:20:00,2026-08-26T09:20:00,PACKING,PACKING,NA,STANDARD
ORD-000120,DC-01,STANDARD,2026-08-09T22:34:00,2026-08-10T22:34:00,SHIPPED,SHIPPED,APAC,STANDARD
ORD-000121,DC-16,STANDARD,2026-08-17T16:24:00,2026-08-18T04:24:00,ALLOCATED,HOLD,APAC,NEXT_DAY
ORD-000122,DC-18,CRITICAL,2026-08-20T05:51:00,2026-08-20T17:51:00,RELEASED,EXCEPTION,LATAM,NEXT_DAY
ORD-000123,DC-18,CRITICAL,2026-09-04T07:24:00,2026-09-04T15:24:00,ALLOCATED,ALLOCATED,MEA,STANDARD
ORD-000124,DC-14,STANDARD,2026-08-18T09:11:00,2026-08-18T17:11:00,RELEASED,RELEASED,MEA,STANDARD
ORD-000125,DC-01,STANDARD,2026-09-04T19:37:00,2026-09-04T23:37:00,ALLOCATED,ALLOCATED,APAC,STANDARD
ORD-000126,DC-03,CRITICAL,2026-08-09T20:44:00,2026-08-10T02:44:00,RELEASED,RELEASED,LATAM,NEXT_DAY
ORD-000127,DC-12,STANDARD,2026-08-21T22:41:00,2026-08-22T06:41:00,RELEASED,RELEASED,MEA,NEXT_DAY
ORD-000128,DC-12,EXPEDITE,2026-08-18T10:27:00,2026-08-18T14:27:00,PICKING,PICKING,LATAM,SAME_DAY
ORD-000129,DC-18,STANDARD,2026-08-18T21:09:00,2026-08-19T09:09:00,EXCEPTION,EXCEPTION,NA,STANDARD
ORD-000130,DC-01,STANDARD,2026-08-03T12:38:00,2026-08-04T12:38:00,STAGED,EXCEPTION,EU,SAME_DAY
ORD-000131,DC-09,STANDARD,2026-08-08T09:31:00,2026-08-08T17:31:00,PACKING,PACKING,APAC,SAME_DAY
ORD-000132,DC-02,STANDARD,2026-08-23T03:17:00,2026-08-24T03:17:00,ALLOCATED,ALLOCATED,NA,NEXT_DAY
ORD-000133,DC-03,STANDARD,2026-08-22T21:59:00,2026-08-23T03:59:00,SHIPPED,EXCEPTION,LATAM,STANDARD
ORD-000134,DC-11,STANDARD,2026-08-07T06:51:00,2026-08-07T14:51:00,SHIPPED,SHIPPED,LATAM,NEXT_DAY
ORD-000135,DC-10,STANDARD,2026-08-09T04:15:00,2026-08-09T10:15:00,ALLOCATED,HOLD,APAC,SAME_DAY
ORD-000136,DC-06,EXPEDITE,2026-08-31T19:13:00,2026-09-01T19:13:00,STAGED,HOLD,MEA,SAME_DAY
ORD-000137,DC-13,STANDARD,2026-08-11T20:20:00,2026-08-12T08:20:00,STAGED,STAGED,LATAM,STANDARD
ORD-000138,DC-18,STANDARD,2026-09-04T01:32:00,2026-09-04T09:32:00,RELEASED,HOLD,MEA,NEXT_DAY
ORD-000139,DC-05,STANDARD,2026-08-04T18:52:00,2026-08-05T18:52:00,PACKING,PACKING,LATAM,STANDARD
ORD-000140,DC-02,STANDARD,2026-09-02T05:41:00,2026-09-02T09:41:00,ALLOCATED,HOLD,EU,STANDARD
ORD-000141,DC-15,EXPEDITE,2026-08-03T11:12:00,2026-08-03T17:12:00,PACKING,HOLD,APAC,NEXT_DAY
ORD-000142,DC-10,STANDARD,2026-08-10T10:18:00,2026-08-10T18:18:00,SHIPPED,HOLD,LATAM,STANDARD
ORD-000143,DC-16,STANDARD,2026-08-15T00:26:00,2026-08-15T12:26:00,STAGED,HOLD,NA,STANDARD
ORD-000144,DC-03,CRITICAL,2026-08-17T00:22:00,2026-08-17T06:22:00,SHIPPED,SHIPPED,APAC,SAME_DAY
ORD-000145,DC-01,STANDARD,2026-08-15T05:10:00,2026-08-15T09:10:00,RELEASED,RELEASED,MEA,SAME_DAY
ORD-000146,DC-11,STANDARD,2026-08-19T01:57:00,2026-08-19T13:57:00,PACKING,PACKING,EU,SAME_DAY
ORD-000147,DC-16,STANDARD,2026-08-23T07:38:00,2026-08-23T11:38:00,SHIPPED,SHIPPED,MEA,SAME_DAY
ORD-000148,DC-02,CRITICAL,2026-08-30T06:49:00,2026-08-30T12:49:00,EXCEPTION,EXCEPTION,LATAM,STANDARD
ORD-000149,DC-07,STANDARD,2026-08-22T15:42:00,2026-08-23T03:42:00,SHIPPED,EXCEPTION,EU,STANDARD
ORD-000150,DC-15,EXPEDITE,2026-08-19T04:35:00,2026-08-19T10:35:00,STAGED,EXCEPTION,MEA,SAME_DAY
ORD-000151,DC-01,STANDARD,2026-08-16T20:53:00,2026-08-17T00:53:00,STAGED,STAGED,LATAM,SAME_DAY
ORD-000152,DC-10,STANDARD,2026-08-17T10:25:00,2026-08-17T22:25:00,SHIPPED,SHIPPED,MEA,NEXT_DAY
ORD-000153,DC-02,STANDARD,2026-08-25T16:32:00,2026-08-26T00:32:00,RELEASED,HOLD,MEA,STANDARD
ORD-000154,DC-08,STANDARD,2026-08-13T08:22:00,2026-08-13T12:22:00,ALLOCATED,ALLOCATED,APAC,SAME_DAY
ORD-000155,DC-16,CRITICAL,2026-08-27T10:14:00,2026-08-27T14:14:00,ALLOCATED,ALLOCATED,EU,STANDARD
ORD-000156,DC-03,STANDARD,2026-08-23T09:55:00,2026-08-23T17:55:00,STAGED,STAGED,EU,NEXT_DAY
ORD-000157,DC-10,STANDARD,2026-08-06T21:41:00,2026-08-07T05:41:00,RELEASED,RELEASED,MEA,NEXT_DAY
ORD-000158,DC-03,EXPEDITE,2026-08-02T07:31:00,2026-08-03T07:31:00,SHIPPED,HOLD,NA,SAME_DAY
ORD-000159,DC-13,STANDARD,2026-08-03T15:26:00,2026-08-04T03:26:00,ALLOCATED,EXCEPTION,APAC,NEXT_DAY
ORD-000160,DC-04,STANDARD,2026-08-02T23:14:00,2026-08-03T03:14:00,EXCEPTION,EXCEPTION,LATAM,SAME_DAY
ORD-000161,DC-01,STANDARD,2026-08-14T23:31:00,2026-08-15T03:31:00,EXCEPTION,EXCEPTION,APAC,SAME_DAY
ORD-000162,DC-12,STANDARD,2026-08-15T23:09:00,2026-08-16T23:09:00,EXCEPTION,EXCEPTION,EU,SAME_DAY
ORD-000163,DC-03,STANDARD,2026-08-21T02:11:00,2026-08-21T06:11:00,PACKING,PACKING,NA,STANDARD
ORD-000164,DC-18,EXPEDITE,2026-08-27T21:58:00,2026-08-28T21:58:00,SHIPPED,EXCEPTION,NA,NEXT_DAY
ORD-000165,DC-15,EXPEDITE,2026-08-26T19:08:00,2026-08-27T19:08:00,RELEASED,EXCEPTION,MEA,NEXT_DAY
ORD-000166,DC-05,EXPEDITE,2026-08-07T02:10:00,2026-08-08T02:10:00,EXCEPTION,EXCEPTION,LATAM,NEXT_DAY
ORD-000167,DC-17,STANDARD,2026-09-03T17:27:00,2026-09-04T01:27:00,ALLOCATED,ALLOCATED,EU,NEXT_DAY
ORD-000168,DC-15,STANDARD,2026-09-01T06:56:00,2026-09-02T06:56:00,PACKING,HOLD,NA,NEXT_DAY
ORD-000169,DC-13,EXPEDITE,2026-08-05T07:18:00,2026-08-05T19:18:00,PACKING,EXCEPTION,LATAM,SAME_DAY
ORD-000170,DC-07,STANDARD,2026-08-20T14:52:00,2026-08-21T02:52:00,ALLOCATED,EXCEPTION,NA,STANDARD
ORD-000171,DC-03,STANDARD,2026-08-01T10:36:00,2026-08-01T16:36:00,EXCEPTION,EXCEPTION,LATAM,STANDARD
ORD-000172,DC-16,STANDARD,2026-08-06T15:54:00,2026-08-07T15:54:00,ALLOCATED,EXCEPTION,APAC,NEXT_DAY
ORD-000173,DC-08,CRITICAL,2026-08-22T18:10:00,2026-08-23T00:10:00,SHIPPED,EXCEPTION,LATAM,NEXT_DAY
ORD-000174,DC-12,EXPEDITE,2026-08-01T16:16:00,2026-08-01T22:16:00,SHIPPED,SHIPPED,MEA,NEXT_DAY
ORD-000175,DC-17,STANDARD,2026-08-16T08:13:00,2026-08-17T08:13:00,PACKING,HOLD,EU,SAME_DAY
ORD-000176,DC-17,STANDARD,2026-08-11T20:41:00,2026-08-12T20:41:00,STAGED,STAGED,NA,SAME_DAY
ORD-000177,DC-03,STANDARD,2026-08-22T09:47:00,2026-08-22T21:47:00,RELEASED,RELEASED,APAC,SAME_DAY
ORD-000178,DC-07,EXPEDITE,2026-08-06T22:27:00,2026-08-07T06:27:00,PICKING,EXCEPTION,LATAM,STANDARD
ORD-000179,DC-03,EXPEDITE,2026-08-31T03:43:00,2026-08-31T15:43:00,STAGED,STAGED,NA,SAME_DAY
ORD-000180,DC-09,STANDARD,2026-08-23T07:23:00,2026-08-23T11:23:00,STAGED,EXCEPTION,MEA,NEXT_DAY
ORD-000181,DC-18,STANDARD,2026-09-04T07:05:00,2026-09-04T13:05:00,ALLOCATED,ALLOCATED,LATAM,SAME_DAY
ORD-000182,DC-04,STANDARD,2026-08-26T19:18:00,2026-08-27T03:18:00,ALLOCATED,HOLD,LATAM,NEXT_DAY
ORD-000183,DC-05,EXPEDITE,2026-08-20T06:48:00,2026-08-20T12:48:00,RELEASED,RELEASED,LATAM,NEXT_DAY
ORD-000184,DC-07,STANDARD,2026-08-03T11:44:00,2026-08-04T11:44:00,PACKING,PACKING,LATAM,STANDARD
ORD-000185,DC-16,EXPEDITE,2026-08-19T12:06:00,2026-08-19T20:06:00,STAGED,STAGED,EU,NEXT_DAY
ORD-000186,DC-15,STANDARD,2026-08-26T10:01:00,2026-08-26T18:01:00,STAGED,HOLD,NA,SAME_DAY
ORD-000187,DC-10,STANDARD,2026-08-11T23:45:00,2026-08-12T23:45:00,ALLOCATED,ALLOCATED,EU,SAME_DAY
ORD-000188,DC-13,STANDARD,2026-08-15T02:34:00,2026-08-15T08:34:00,EXCEPTION,HOLD,APAC,STANDARD
ORD-000189,DC-14,STANDARD,2026-08-06T09:28:00,2026-08-06T21:28:00,RELEASED,RELEASED,MEA,SAME_DAY
ORD-000190,DC-03,STANDARD,2026-08-20T09:41:00,2026-08-20T17:41:00,STAGED,STAGED,NA,SAME_DAY
ORD-000191,DC-02,STANDARD,2026-08-24T11:29:00,2026-08-25T11:29:00,PACKING,PACKING,APAC,NEXT_DAY
ORD-000192,DC-18,EXPEDITE,2026-08-20T10:24:00,2026-08-21T10:24:00,PICKING,PICKING,NA,NEXT_DAY
ORD-000193,DC-16,STANDARD,2026-08-20T09:44:00,2026-08-20T17:44:00,STAGED,EXCEPTION,LATAM,NEXT_DAY
ORD-000194,DC-07,STANDARD,2026-09-01T04:07:00,2026-09-01T12:07:00,PACKING,PACKING,NA,STANDARD
ORD-000195,DC-07,STANDARD,2026-08-06T21:17:00,2026-08-07T03:17:00,EXCEPTION,HOLD,APAC,SAME_DAY
ORD-000196,DC-03,STANDARD,2026-08-23T03:48:00,2026-08-23T15:48:00,ALLOCATED,ALLOCATED,APAC,STANDARD
ORD-000197,DC-02,EXPEDITE,2026-08-06T13:25:00,2026-08-06T17:25:00,ALLOCATED,ALLOCATED,NA,SAME_DAY
ORD-000198,DC-06,STANDARD,2026-08-01T23:39:00,2026-08-02T11:39:00,EXCEPTION,HOLD,APAC,STANDARD
ORD-000199,DC-14,EXPEDITE,2026-08-12T07:09:00,2026-08-12T15:09:00,RELEASED,HOLD,NA,SAME_DAY
ORD-000200,DC-17,STANDARD,2026-08-03T17:06:00,2026-08-04T01:06:00,ALLOCATED,ALLOCATED,APAC,STANDARD
ORD-000201,DC-16,STANDARD,2026-08-04T05:05:00,2026-08-05T05:05:00,PACKING,HOLD,APAC,STANDARD
ORD-000202,DC-13,CRITICAL,2026-08-12T02:14:00,2026-08-12T10:14:00,SHIPPED,SHIPPED,MEA,SAME_DAY
ORD-000203,DC-10,STANDARD,2026-08-26T04:12:00,2026-08-26T12:12:00,SHIPPED,SHIPPED,MEA,STANDARD
ORD-000204,DC-15,STANDARD,2026-08-03T04:01:00,2026-08-03T10:01:00,PACKING,PACKING,NA,NEXT_DAY
ORD-000205,DC-10,STANDARD,2026-08-24T10:26:00,2026-08-25T10:26:00,EXCEPTION,EXCEPTION,EU,STANDARD
ORD-000206,DC-06,STANDARD,2026-08-03T14:46:00,2026-08-04T02:46:00,STAGED,STAGED,LATAM,STANDARD
ORD-000207,DC-05,STANDARD,2026-08-07T02:41:00,2026-08-07T08:41:00,PICKING,PICKING,MEA,SAME_DAY
ORD-000208,DC-08,STANDARD,2026-08-29T05:53:00,2026-08-29T17:53:00,RELEASED,RELEASED,NA,NEXT_DAY
ORD-000209,DC-01,STANDARD,2026-08-12T08:55:00,2026-08-12T14:55:00,PACKING,HOLD,EU,SAME_DAY
ORD-000210,DC-18,STANDARD,2026-08-27T12:14:00,2026-08-27T20:14:00,RELEASED,RELEASED,MEA,SAME_DAY
ORD-000211,DC-06,CRITICAL,2026-08-06T09:21:00,2026-08-07T09:21:00,PACKING,PACKING,LATAM,SAME_DAY
ORD-000212,DC-07,STANDARD,2026-08-02T20:49:00,2026-08-03T08:49:00,STAGED,HOLD,MEA,STANDARD
ORD-000213,DC-09,EXPEDITE,2026-08-09T06:42:00,2026-08-10T06:42:00,EXCEPTION,EXCEPTION,EU,SAME_DAY
ORD-000214,DC-01,EXPEDITE,2026-08-10T19:48:00,2026-08-11T19:48:00,PACKING,HOLD,LATAM,SAME_DAY
ORD-000215,DC-06,STANDARD,2026-08-26T15:21:00,2026-08-27T03:21:00,STAGED,STAGED,NA,STANDARD
ORD-000216,DC-09,EXPEDITE,2026-08-08T00:19:00,2026-08-08T06:19:00,SHIPPED,HOLD,NA,NEXT_DAY
ORD-000217,DC-06,STANDARD,2026-08-24T09:47:00,2026-08-24T13:47:00,EXCEPTION,EXCEPTION,LATAM,NEXT_DAY
ORD-000218,DC-10,STANDARD,2026-08-28T03:15:00,2026-08-29T03:15:00,SHIPPED,SHIPPED,APAC,SAME_DAY
ORD-000219,DC-14,STANDARD,2026-08-24T06:03:00,2026-08-24T18:03:00,STAGED,EXCEPTION,APAC,STANDARD
ORD-000220,DC-18,STANDARD,2026-09-02T01:29:00,2026-09-02T05:29:00,RELEASED,RELEASED,MEA,NEXT_DAY
ORD-000221,DC-09,STANDARD,2026-08-28T20:52:00,2026-08-29T08:52:00,SHIPPED,HOLD,APAC,STANDARD
ORD-000222,DC-07,CRITICAL,2026-08-20T02:07:00,2026-08-20T14:07:00,PACKING,PACKING,EU,NEXT_DAY
ORD-000223,DC-11,CRITICAL,2026-09-04T20:31:00,2026-09-05T08:31:00,ALLOCATED,ALLOCATED,LATAM,NEXT_DAY
ORD-000224,DC-05,STANDARD,2026-08-17T14:59:00,2026-08-18T02:59:00,RELEASED,RELEASED,EU,STANDARD
ORD-000225,DC-10,STANDARD,2026-08-25T16:01:00,2026-08-25T22:01:00,SHIPPED,HOLD,APAC,SAME_DAY
ORD-000226,DC-10,EXPEDITE,2026-08-26T00:24:00,2026-08-27T00:24:00,RELEASED,RELEASED,LATAM,SAME_DAY
ORD-000227,DC-15,STANDARD,2026-08-27T08:18:00,2026-08-27T14:18:00,ALLOCATED,ALLOCATED,NA,STANDARD
ORD-000228,DC-10,STANDARD,2026-08-15T11:49:00,2026-08-15T23:49:00,RELEASED,RELEASED,APAC,SAME_DAY
ORD-000229,DC-11,CRITICAL,2026-08-07T23:12:00,2026-08-08T05:12:00,EXCEPTION,EXCEPTION,EU,NEXT_DAY
ORD-000230,DC-14,STANDARD,2026-08-25T22:25:00,2026-08-26T06:25:00,EXCEPTION,EXCEPTION,APAC,SAME_DAY
ORD-000231,DC-04,EXPEDITE,2026-08-24T23:12:00,2026-08-25T05:12:00,PICKING,HOLD,LATAM,STANDARD
ORD-000232,DC-09,EXPEDITE,2026-09-04T09:32:00,2026-09-04T13:32:00,SHIPPED,SHIPPED,MEA,NEXT_DAY
ORD-000233,DC-14,STANDARD,2026-08-17T10:28:00,2026-08-17T14:28:00,EXCEPTION,EXCEPTION,APAC,SAME_DAY
ORD-000234,DC-03,STANDARD,2026-08-05T14:13:00,2026-08-05T20:13:00,STAGED,STAGED,MEA,STANDARD
ORD-000235,DC-05,STANDARD,2026-09-03T05:45:00,2026-09-03T13:45:00,RELEASED,RELEASED,EU,NEXT_DAY
ORD-000236,DC-03,STANDARD,2026-08-28T11:23:00,2026-08-28T17:23:00,ALLOCATED,HOLD,NA,STANDARD
ORD-000237,DC-13,EXPEDITE,2026-08-20T03:10:00,2026-08-20T15:10:00,ALLOCATED,EXCEPTION,MEA,STANDARD
ORD-000238,DC-14,EXPEDITE,2026-08-19T03:46:00,2026-08-19T09:46:00,EXCEPTION,HOLD,APAC,SAME_DAY
ORD-000239,DC-17,STANDARD,2026-08-26T21:33:00,2026-08-27T09:33:00,STAGED,HOLD,LATAM,SAME_DAY
ORD-000240,DC-06,EXPEDITE,2026-08-20T04:29:00,2026-08-20T12:29:00,STAGED,STAGED,MEA,STANDARD
ORD-000241,DC-17,CRITICAL,2026-08-29T13:20:00,2026-08-30T13:20:00,PICKING,EXCEPTION,LATAM,STANDARD
ORD-000242,DC-05,CRITICAL,2026-08-25T16:50:00,2026-08-26T04:50:00,ALLOCATED,EXCEPTION,LATAM,SAME_DAY
ORD-000243,DC-17,STANDARD,2026-08-18T18:33:00,2026-08-19T00:33:00,STAGED,STAGED,LATAM,STANDARD
ORD-000244,DC-10,STANDARD,2026-08-05T22:57:00,2026-08-06T22:57:00,EXCEPTION,EXCEPTION,LATAM,STANDARD
ORD-000245,DC-01,STANDARD,2026-08-26T01:29:00,2026-08-26T09:29:00,SHIPPED,SHIPPED,EU,STANDARD
ORD-000246,DC-04,STANDARD,2026-08-12T02:02:00,2026-08-13T02:02:00,RELEASED,HOLD,APAC,NEXT_DAY
ORD-000247,DC-01,STANDARD,2026-08-18T17:04:00,2026-08-18T23:04:00,STAGED,STAGED,LATAM,STANDARD
ORD-000248,DC-18,EXPEDITE,2026-08-23T02:19:00,2026-08-23T08:19:00,EXCEPTION,EXCEPTION,EU,SAME_DAY
ORD-000249,DC-07,STANDARD,2026-08-27T04:25:00,2026-08-27T08:25:00,ALLOCATED,ALLOCATED,NA,SAME_DAY
ORD-000250,DC-10,EXPEDITE,2026-08-09T22:47:00,2026-08-10T06:47:00,EXCEPTION,HOLD,MEA,NEXT_DAY
ORD-000251,DC-04,CRITICAL,2026-08-25T20:44:00,2026-08-26T20:44:00,EXCEPTION,EXCEPTION,MEA,SAME_DAY
ORD-000252,DC-06,STANDARD,2026-08-11T13:58:00,2026-08-12T13:58:00,EXCEPTION,EXCEPTION,MEA,NEXT_DAY
ORD-000253,DC-06,EXPEDITE,2026-08-09T09:27:00,2026-08-10T09:27:00,ALLOCATED,ALLOCATED,LATAM,NEXT_DAY
ORD-000254,DC-07,STANDARD,2026-09-02T16:10:00,2026-09-03T00:10:00,PICKING,PICKING,APAC,SAME_DAY
ORD-000255,DC-11,STANDARD,2026-08-19T23:51:00,2026-08-20T03:51:00,SHIPPED,SHIPPED,EU,NEXT_DAY
ORD-000256,DC-08,EXPEDITE,2026-08-11T09:36:00,2026-08-11T13:36:00,ALLOCATED,ALLOCATED,APAC,NEXT_DAY
ORD-000257,DC-14,STANDARD,2026-08-21T14:26:00,2026-08-22T14:26:00,SHIPPED,EXCEPTION,EU,SAME_DAY
ORD-000258,DC-03,EXPEDITE,2026-08-02T04:23:00,2026-08-02T10:23:00,SHIPPED,HOLD,MEA,NEXT_DAY
ORD-000259,DC-14,EXPEDITE,2026-08-17T23:01:00,2026-08-18T05:01:00,PACKING,EXCEPTION,APAC,SAME_DAY
ORD-000260,DC-14,STANDARD,2026-08-08T05:48:00,2026-08-08T13:48:00,SHIPPED,EXCEPTION,NA,STANDARD
ORD-000261,DC-09,STANDARD,2026-08-13T08:06:00,2026-08-13T20:06:00,EXCEPTION,EXCEPTION,NA,SAME_DAY
ORD-000262,DC-09,STANDARD,2026-08-21T08:15:00,2026-08-21T14:15:00,PACKING,PACKING,EU,SAME_DAY
ORD-000263,DC-04,STANDARD,2026-08-11T14:38:00,2026-08-11T18:38:00,PACKING,PACKING,APAC,NEXT_DAY
ORD-000264,DC-06,STANDARD,2026-08-16T09:41:00,2026-08-17T09:41:00,ALLOCATED,ALLOCATED,MEA,SAME_DAY
ORD-000265,DC-15,STANDARD,2026-08-31T05:35:00,2026-08-31T17:35:00,EXCEPTION,HOLD,MEA,STANDARD
ORD-000266,DC-12,STANDARD,2026-08-18T00:25:00,2026-08-18T12:25:00,PACKING,PACKING,NA,STANDARD
ORD-000267,DC-16,STANDARD,2026-08-25T10:28:00,2026-08-25T14:28:00,ALLOCATED,HOLD,MEA,STANDARD
ORD-000268,DC-02,STANDARD,2026-08-26T04:22:00,2026-08-26T16:22:00,PACKING,HOLD,APAC,SAME_DAY
ORD-000269,DC-15,STANDARD,2026-08-26T02:55:00,2026-08-26T10:55:00,RELEASED,EXCEPTION,APAC,NEXT_DAY
ORD-000270,DC-03,STANDARD,2026-08-10T14:44:00,2026-08-11T02:44:00,PACKING,PACKING,APAC,SAME_DAY
ORD-000271,DC-15,CRITICAL,2026-09-03T18:23:00,2026-09-03T22:23:00,STAGED,EXCEPTION,LATAM,STANDARD
ORD-000272,DC-03,EXPEDITE,2026-08-30T17:07:00,2026-08-30T23:07:00,SHIPPED,SHIPPED,EU,NEXT_DAY
ORD-000273,DC-13,STANDARD,2026-08-13T09:40:00,2026-08-14T09:40:00,PACKING,PACKING,LATAM,SAME_DAY
ORD-000274,DC-10,STANDARD,2026-09-01T12:52:00,2026-09-01T20:52:00,ALLOCATED,ALLOCATED,EU,SAME_DAY
ORD-000275,DC-04,EXPEDITE,2026-08-16T00:53:00,2026-08-16T06:53:00,PACKING,EXCEPTION,NA,SAME_DAY
ORD-000276,DC-13,STANDARD,2026-08-02T03:21:00,2026-08-02T15:21:00,STAGED,STAGED,NA,SAME_DAY
ORD-000277,DC-05,CRITICAL,2026-08-31T08:46:00,2026-08-31T20:46:00,ALLOCATED,EXCEPTION,LATAM,STANDARD
ORD-000278,DC-17,STANDARD,2026-08-14T02:54:00,2026-08-14T10:54:00,SHIPPED,HOLD,APAC,NEXT_DAY
ORD-000279,DC-03,STANDARD,2026-09-01T05:46:00,2026-09-01T13:46:00,SHIPPED,HOLD,EU,SAME_DAY
ORD-000280,DC-05,STANDARD,2026-09-01T06:56:00,2026-09-01T18:56:00,STAGED,EXCEPTION,APAC,STANDARD
ORD-000281,DC-02,STANDARD,2026-08-11T15:01:00,2026-08-11T19:01:00,RELEASED,EXCEPTION,NA,SAME_DAY
ORD-000282,DC-09,STANDARD,2026-08-20T15:33:00,2026-08-21T03:33:00,RELEASED,EXCEPTION,LATAM,STANDARD
ORD-000283,DC-11,EXPEDITE,2026-08-10T18:50:00,2026-08-10T22:50:00,PACKING,PACKING,MEA,STANDARD
ORD-000284,DC-08,STANDARD,2026-08-21T04:34:00,2026-08-21T10:34:00,PACKING,PACKING,LATAM,SAME_DAY
ORD-000285,DC-10,STANDARD,2026-08-03T09:23:00,2026-08-03T17:23:00,SHIPPED,SHIPPED,APAC,SAME_DAY
ORD-000286,DC-11,EXPEDITE,2026-08-07T04:23:00,2026-08-07T12:23:00,PICKING,HOLD,APAC,NEXT_DAY
ORD-000287,DC-07,STANDARD,2026-08-04T16:38:00,2026-08-05T00:38:00,STAGED,HOLD,NA,SAME_DAY
ORD-000288,DC-06,STANDARD,2026-08-07T21:33:00,2026-08-08T09:33:00,ALLOCATED,ALLOCATED,LATAM,STANDARD
ORD-000289,DC-17,STANDARD,2026-08-06T20:47:00,2026-08-07T02:47:00,SHIPPED,SHIPPED,APAC,STANDARD
ORD-000290,DC-11,EXPEDITE,2026-08-10T20:39:00,2026-08-11T08:39:00,STAGED,EXCEPTION,APAC,NEXT_DAY
ORD-000291,DC-17,EXPEDITE,2026-08-17T03:39:00,2026-08-17T07:39:00,RELEASED,EXCEPTION,MEA,SAME_DAY
ORD-000292,DC-10,STANDARD,2026-08-12T04:01:00,2026-08-13T04:01:00,PACKING,HOLD,EU,SAME_DAY
ORD-000293,DC-05,CRITICAL,2026-08-06T17:56:00,2026-08-07T01:56:00,RELEASED,RELEASED,MEA,SAME_DAY
ORD-000294,DC-15,STANDARD,2026-08-04T17:18:00,2026-08-05T05:18:00,ALLOCATED,ALLOCATED,APAC,STANDARD
ORD-000295,DC-10,STANDARD,2026-08-17T21:17:00,2026-08-18T21:17:00,EXCEPTION,EXCEPTION,APAC,NEXT_DAY
ORD-000296,DC-06,STANDARD,2026-08-18T09:39:00,2026-08-18T15:39:00,PACKING,PACKING,NA,NEXT_DAY
ORD-000297,DC-02,EXPEDITE,2026-08-26T11:46:00,2026-08-26T17:46:00,PACKING,PACKING,NA,SAME_DAY
ORD-000298,DC-18,EXPEDITE,2026-08-06T07:58:00,2026-08-06T11:58:00,PACKING,PACKING,EU,STANDARD
ORD-000299,DC-07,STANDARD,2026-08-08T10:38:00,2026-08-08T22:38:00,PICKING,PICKING,EU,STANDARD
ORD-000300,DC-11,EXPEDITE,2026-08-02T14:04:00,2026-08-03T02:04:00,EXCEPTION,EXCEPTION,EU,NEXT_DAY
ORD-000301,DC-04,STANDARD,2026-08-22T21:41:00,2026-08-23T21:41:00,PACKING,EXCEPTION,EU,SAME_DAY
ORD-000302,DC-14,STANDARD,2026-08-31T03:49:00,2026-08-31T07:49:00,STAGED,STAGED,APAC,NEXT_DAY
ORD-000303,DC-13,STANDARD,2026-08-28T20:52:00,2026-08-29T04:52:00,STAGED,HOLD,NA,SAME_DAY
ORD-000304,DC-01,STANDARD,2026-08-30T15:14:00,2026-08-30T19:14:00,ALLOCATED,ALLOCATED,LATAM,STANDARD
ORD-000305,DC-04,STANDARD,2026-08-08T17:21:00,2026-08-09T01:21:00,RELEASED,HOLD,MEA,STANDARD
ORD-000306,DC-17,EXPEDITE,2026-08-06T20:37:00,2026-08-07T02:37:00,SHIPPED,EXCEPTION,NA,SAME_DAY
ORD-000307,DC-05,STANDARD,2026-08-06T09:19:00,2026-08-06T21:19:00,SHIPPED,EXCEPTION,APAC,SAME_DAY
ORD-000308,DC-04,STANDARD,2026-08-05T09:52:00,2026-08-05T21:52:00,EXCEPTION,EXCEPTION,EU,STANDARD
ORD-000309,DC-15,STANDARD,2026-08-15T21:57:00,2026-08-16T01:57:00,PACKING,PACKING,APAC,NEXT_DAY
ORD-000310,DC-09,STANDARD,2026-08-16T02:35:00,2026-08-16T06:35:00,PICKING,PICKING,MEA,STANDARD
ORD-000311,DC-07,CRITICAL,2026-08-15T08:31:00,2026-08-16T08:31:00,ALLOCATED,ALLOCATED,MEA,STANDARD
ORD-000312,DC-06,STANDARD,2026-08-06T06:56:00,2026-08-06T12:56:00,RELEASED,RELEASED,LATAM,SAME_DAY
ORD-000313,DC-12,STANDARD,2026-08-15T03:32:00,2026-08-15T11:32:00,ALLOCATED,ALLOCATED,LATAM,SAME_DAY
ORD-000314,DC-12,STANDARD,2026-09-01T20:16:00,2026-09-02T08:16:00,EXCEPTION,EXCEPTION,MEA,STANDARD
ORD-000315,DC-17,STANDARD,2026-08-09T08:55:00,2026-08-10T08:55:00,SHIPPED,SHIPPED,MEA,NEXT_DAY
ORD-000316,DC-17,CRITICAL,2026-08-15T02:08:00,2026-08-15T10:08:00,STAGED,STAGED,APAC,NEXT_DAY
ORD-000317,DC-14,STANDARD,2026-08-09T01:23:00,2026-08-09T07:23:00,PACKING,PACKING,LATAM,NEXT_DAY
ORD-000318,DC-05,STANDARD,2026-09-03T00:09:00,2026-09-03T04:09:00,ALLOCATED,HOLD,EU,SAME_DAY
ORD-000319,DC-04,EXPEDITE,2026-08-29T18:41:00,2026-08-29T22:41:00,STAGED,HOLD,LATAM,NEXT_DAY
ORD-000320,DC-17,STANDARD,2026-08-31T04:14:00,2026-08-31T12:14:00,RELEASED,RELEASED,LATAM,NEXT_DAY
ORD-000321,DC-10,STANDARD,2026-09-01T04:20:00,2026-09-01T12:20:00,PACKING,HOLD,NA,NEXT_DAY
ORD-000322,DC-18,STANDARD,2026-08-18T08:42:00,2026-08-18T12:42:00,STAGED,STAGED,LATAM,STANDARD
ORD-000323,DC-03,EXPEDITE,2026-08-11T09:52:00,2026-08-11T17:52:00,PICKING,HOLD,MEA,SAME_DAY
ORD-000324,DC-03,STANDARD,2026-08-16T23:40:00,2026-08-17T23:40:00,PICKING,PICKING,EU,NEXT_DAY
ORD-000325,DC-08,STANDARD,2026-08-01T12:43:00,2026-08-01T20:43:00,PACKING,EXCEPTION,NA,NEXT_DAY
ORD-000326,DC-15,STANDARD,2026-08-12T16:01:00,2026-08-12T22:01:00,SHIPPED,SHIPPED,LATAM,STANDARD
ORD-000327,DC-17,STANDARD,2026-08-15T23:02:00,2026-08-16T03:02:00,STAGED,HOLD,LATAM,NEXT_DAY
ORD-000328,DC-13,EXPEDITE,2026-08-12T03:18:00,2026-08-13T03:18:00,EXCEPTION,EXCEPTION,EU,SAME_DAY
ORD-000329,DC-07,STANDARD,2026-08-17T18:07:00,2026-08-18T18:07:00,PACKING,PACKING,NA,SAME_DAY
ORD-000330,DC-01,STANDARD,2026-08-03T13:27:00,2026-08-03T21:27:00,RELEASED,EXCEPTION,LATAM,STANDARD
ORD-000331,DC-13,STANDARD,2026-08-12T17:50:00,2026-08-12T23:50:00,ALLOCATED,ALLOCATED,EU,STANDARD
ORD-000332,DC-02,STANDARD,2026-09-02T22:48:00,2026-09-03T10:48:00,PICKING,PICKING,MEA,STANDARD
ORD-000333,DC-13,EXPEDITE,2026-08-31T02:52:00,2026-08-31T06:52:00,STAGED,STAGED,MEA,STANDARD
ORD-000334,DC-14,STANDARD,2026-09-02T03:53:00,2026-09-02T15:53:00,PACKING,PACKING,EU,STANDARD
ORD-000335,DC-10,EXPEDITE,2026-08-02T12:58:00,2026-08-02T16:58:00,EXCEPTION,EXCEPTION,EU,NEXT_DAY
ORD-000336,DC-16,STANDARD,2026-09-03T09:46:00,2026-09-03T17:46:00,EXCEPTION,EXCEPTION,NA,SAME_DAY
ORD-000337,DC-15,STANDARD,2026-08-11T10:39:00,2026-08-11T18:39:00,STAGED,EXCEPTION,EU,SAME_DAY
ORD-000338,DC-02,STANDARD,2026-08-13T06:56:00,2026-08-14T06:56:00,SHIPPED,SHIPPED,LATAM,SAME_DAY
ORD-000339,DC-16,STANDARD,2026-08-25T09:23:00,2026-08-25T15:23:00,ALLOCATED,ALLOCATED,MEA,STANDARD
ORD-000340,DC-15,EXPEDITE,2026-08-06T09:04:00,2026-08-06T17:04:00,ALLOCATED,HOLD,EU,STANDARD
ORD-000341,DC-04,STANDARD,2026-08-02T00:28:00,2026-08-02T04:28:00,STAGED,STAGED,APAC,NEXT_DAY
ORD-000342,DC-08,STANDARD,2026-08-16T08:18:00,2026-08-16T14:18:00,ALLOCATED,ALLOCATED,APAC,STANDARD
ORD-000343,DC-01,STANDARD,2026-09-02T10:51:00,2026-09-02T14:51:00,ALLOCATED,ALLOCATED,LATAM,SAME_DAY
ORD-000344,DC-06,CRITICAL,2026-08-11T07:42:00,2026-08-12T07:42:00,SHIPPED,SHIPPED,NA,NEXT_DAY
ORD-000345,DC-11,CRITICAL,2026-08-16T01:58:00,2026-08-16T13:58:00,PICKING,EXCEPTION,LATAM,SAME_DAY
ORD-000346,DC-08,EXPEDITE,2026-09-03T13:35:00,2026-09-03T21:35:00,PACKING,PACKING,MEA,SAME_DAY
ORD-000347,DC-13,STANDARD,2026-09-04T17:49:00,2026-09-05T01:49:00,SHIPPED,SHIPPED,LATAM,SAME_DAY
ORD-000348,DC-05,STANDARD,2026-08-10T20:16:00,2026-08-11T08:16:00,ALLOCATED,ALLOCATED,APAC,NEXT_DAY
ORD-000349,DC-08,CRITICAL,2026-08-23T05:54:00,2026-08-23T13:54:00,RELEASED,RELEASED,MEA,SAME_DAY
ORD-000350,DC-11,EXPEDITE,2026-08-26T01:59:00,2026-08-26T07:59:00,STAGED,HOLD,APAC,NEXT_DAY
ORD-000351,DC-05,STANDARD,2026-08-17T05:17:00,2026-08-18T05:17:00,PACKING,EXCEPTION,EU,SAME_DAY
ORD-000352,DC-15,STANDARD,2026-08-02T20:12:00,2026-08-03T20:12:00,PICKING,PICKING,MEA,SAME_DAY
ORD-000353,DC-15,CRITICAL,2026-08-07T01:34:00,2026-08-08T01:34:00,ALLOCATED,HOLD,LATAM,SAME_DAY
ORD-000354,DC-10,STANDARD,2026-08-09T22:05:00,2026-08-10T06:05:00,SHIPPED,EXCEPTION,MEA,NEXT_DAY
ORD-000355,DC-08,STANDARD,2026-08-30T03:43:00,2026-08-30T09:43:00,EXCEPTION,HOLD,NA,NEXT_DAY
ORD-000356,DC-05,CRITICAL,2026-08-08T03:28:00,2026-08-08T09:28:00,PICKING,PICKING,EU,STANDARD
ORD-000357,DC-03,STANDARD,2026-08-09T17:53:00,2026-08-09T21:53:00,RELEASED,RELEASED,APAC,NEXT_DAY
ORD-000358,DC-15,STANDARD,2026-08-28T15:46:00,2026-08-28T21:46:00,RELEASED,HOLD,EU,NEXT_DAY
ORD-000359,DC-07,CRITICAL,2026-08-15T08:38:00,2026-08-15T20:38:00,PACKING,PACKING,EU,NEXT_DAY
ORD-000360,DC-07,STANDARD,2026-08-11T13:30:00,2026-08-12T13:30:00,STAGED,STAGED,MEA,SAME_DAY
ORD-000361,DC-11,STANDARD,2026-08-20T17:54:00,2026-08-21T01:54:00,PACKING,PACKING,EU,STANDARD
ORD-000362,DC-09,EXPEDITE,2026-08-04T20:48:00,2026-08-05T02:48:00,SHIPPED,EXCEPTION,LATAM,STANDARD
ORD-000363,DC-17,STANDARD,2026-08-06T14:39:00,2026-08-06T20:39:00,STAGED,STAGED,EU,NEXT_DAY
ORD-000364,DC-12,STANDARD,2026-08-28T03:16:00,2026-08-28T11:16:00,ALLOCATED,ALLOCATED,APAC,SAME_DAY
ORD-000365,DC-04,STANDARD,2026-08-22T14:42:00,2026-08-22T20:42:00,RELEASED,RELEASED,MEA,NEXT_DAY
ORD-000366,DC-14,STANDARD,2026-08-19T00:27:00,2026-08-19T04:27:00,PACKING,EXCEPTION,APAC,NEXT_DAY
ORD-000367,DC-12,STANDARD,2026-08-17T16:49:00,2026-08-17T20:49:00,EXCEPTION,EXCEPTION,EU,NEXT_DAY
ORD-000368,DC-14,CRITICAL,2026-08-23T23:19:00,2026-08-24T07:19:00,EXCEPTION,EXCEPTION,NA,STANDARD
ORD-000369,DC-15,CRITICAL,2026-09-04T17:32:00,2026-09-05T01:32:00,RELEASED,RELEASED,NA,SAME_DAY
ORD-000370,DC-17,STANDARD,2026-08-08T01:26:00,2026-08-08T07:26:00,PACKING,PACKING,APAC,STANDARD
ORD-000371,DC-10,STANDARD,2026-08-01T20:32:00,2026-08-02T08:32:00,ALLOCATED,ALLOCATED,APAC,NEXT_DAY
ORD-000372,DC-16,STANDARD,2026-08-26T03:21:00,2026-08-26T15:21:00,EXCEPTION,HOLD,NA,STANDARD
ORD-000373,DC-11,STANDARD,2026-08-24T15:23:00,2026-08-24T19:23:00,RELEASED,RELEASED,EU,SAME_DAY
ORD-000374,DC-10,EXPEDITE,2026-08-15T18:56:00,2026-08-15T22:56:00,RELEASED,RELEASED,LATAM,STANDARD
ORD-000375,DC-18,STANDARD,2026-08-21T05:28:00,2026-08-21T09:28:00,ALLOCATED,ALLOCATED,EU,NEXT_DAY
ORD-000376,DC-07,EXPEDITE,2026-08-10T14:32:00,2026-08-10T22:32:00,PACKING,PACKING,EU,SAME_DAY
ORD-000377,DC-11,STANDARD,2026-08-19T01:56:00,2026-08-19T05:56:00,PICKING,PICKING,LATAM,SAME_DAY
ORD-000378,DC-06,STANDARD,2026-08-11T13:27:00,2026-08-11T17:27:00,SHIPPED,SHIPPED,MEA,NEXT_DAY
ORD-000379,DC-17,STANDARD,2026-08-19T02:27:00,2026-08-19T14:27:00,SHIPPED,EXCEPTION,APAC,NEXT_DAY
ORD-000380,DC-13,STANDARD,2026-08-12T22:40:00,2026-08-13T04:40:00,PACKING,PACKING,NA,SAME_DAY
ORD-000381,DC-13,EXPEDITE,2026-08-24T12:06:00,2026-08-24T20:06:00,ALLOCATED,ALLOCATED,MEA,SAME_DAY
ORD-000382,DC-11,STANDARD,2026-08-15T16:38:00,2026-08-15T22:38:00,EXCEPTION,EXCEPTION,APAC,STANDARD
ORD-000383,DC-05,STANDARD,2026-09-04T05:01:00,2026-09-04T17:01:00,PICKING,HOLD,LATAM,SAME_DAY
ORD-000384,DC-12,EXPEDITE,2026-08-25T14:52:00,2026-08-25T18:52:00,PICKING,EXCEPTION,LATAM,STANDARD
ORD-000385,DC-10,STANDARD,2026-08-19T15:01:00,2026-08-19T23:01:00,RELEASED,RELEASED,EU,SAME_DAY
ORD-000386,DC-08,CRITICAL,2026-08-07T08:24:00,2026-08-07T16:24:00,STAGED,STAGED,MEA,SAME_DAY
ORD-000387,DC-02,STANDARD,2026-08-14T02:08:00,2026-08-15T02:08:00,ALLOCATED,ALLOCATED,MEA,NEXT_DAY
ORD-000388,DC-18,STANDARD,2026-08-18T18:56:00,2026-08-19T18:56:00,PICKING,PICKING,MEA,NEXT_DAY
ORD-000389,DC-18,STANDARD,2026-08-21T17:04:00,2026-08-22T01:04:00,PACKING,HOLD,NA,STANDARD
ORD-000390,DC-05,EXPEDITE,2026-08-30T20:55:00,2026-08-31T00:55:00,ALLOCATED,ALLOCATED,LATAM,NEXT_DAY
ORD-000391,DC-04,EXPEDITE,2026-08-30T04:37:00,2026-08-30T16:37:00,PICKING,PICKING,APAC,NEXT_DAY
ORD-000392,DC-06,STANDARD,2026-09-03T03:25:00,2026-09-04T03:25:00,ALLOCATED,HOLD,EU,NEXT_DAY
ORD-000393,DC-01,STANDARD,2026-08-30T06:10:00,2026-08-30T10:10:00,PACKING,PACKING,LATAM,STANDARD
ORD-000394,DC-05,STANDARD,2026-08-21T21:53:00,2026-08-22T21:53:00,ALLOCATED,HOLD,APAC,STANDARD
ORD-000395,DC-03,STANDARD,2026-08-02T01:10:00,2026-08-03T01:10:00,SHIPPED,EXCEPTION,APAC,SAME_DAY
ORD-000396,DC-10,STANDARD,2026-08-15T23:17:00,2026-08-16T03:17:00,STAGED,STAGED,EU,STANDARD
ORD-000397,DC-13,STANDARD,2026-08-15T21:12:00,2026-08-16T01:12:00,PICKING,PICKING,LATAM,NEXT_DAY
ORD-000398,DC-14,STANDARD,2026-08-23T09:18:00,2026-08-23T21:18:00,ALLOCATED,ALLOCATED,MEA,SAME_DAY
ORD-000399,DC-14,STANDARD,2026-08-08T04:07:00,2026-08-08T08:07:00,ALLOCATED,HOLD,LATAM,NEXT_DAY
ORD-000400,DC-13,EXPEDITE,2026-08-18T21:02:00,2026-08-19T01:02:00,PICKING,PICKING,MEA,NEXT_DAY
ORD-000401,DC-12,EXPEDITE,2026-08-22T02:08:00,2026-08-22T14:08:00,ALLOCATED,HOLD,EU,NEXT_DAY
ORD-000402,DC-03,EXPEDITE,2026-08-24T14:40:00,2026-08-25T14:40:00,ALLOCATED,ALLOCATED,NA,STANDARD
ORD-000403,DC-12,STANDARD,2026-08-27T15:52:00,2026-08-27T19:52:00,RELEASED,EXCEPTION,NA,STANDARD
ORD-000404,DC-04,EXPEDITE,2026-08-11T05:19:00,2026-08-11T17:19:00,STAGED,EXCEPTION,EU,SAME_DAY
ORD-000405,DC-16,EXPEDITE,2026-08-22T18:05:00,2026-08-23T18:05:00,PICKING,PICKING,NA,SAME_DAY
ORD-000406,DC-16,STANDARD,2026-08-03T21:45:00,2026-08-04T05:45:00,EXCEPTION,EXCEPTION,EU,SAME_DAY
ORD-000407,DC-17,STANDARD,2026-09-04T15:42:00,2026-09-05T03:42:00,PACKING,HOLD,EU,NEXT_DAY
ORD-000408,DC-15,STANDARD,2026-08-07T16:54:00,2026-08-07T20:54:00,PACKING,EXCEPTION,MEA,NEXT_DAY
ORD-000409,DC-18,STANDARD,2026-08-12T19:32:00,2026-08-12T23:32:00,PICKING,PICKING,LATAM,NEXT_DAY
ORD-000410,DC-07,STANDARD,2026-09-02T16:55:00,2026-09-03T04:55:00,PACKING,HOLD,LATAM,STANDARD
ORD-000411,DC-13,STANDARD,2026-08-21T05:17:00,2026-08-21T09:17:00,STAGED,STAGED,APAC,SAME_DAY
ORD-000412,DC-03,STANDARD,2026-08-08T02:53:00,2026-08-08T14:53:00,PICKING,PICKING,LATAM,NEXT_DAY
ORD-000413,DC-17,STANDARD,2026-08-07T08:24:00,2026-08-08T08:24:00,EXCEPTION,EXCEPTION,APAC,SAME_DAY
ORD-000414,DC-14,STANDARD,2026-08-17T23:25:00,2026-08-18T11:25:00,STAGED,STAGED,LATAM,SAME_DAY
ORD-000415,DC-05,STANDARD,2026-08-23T09:04:00,2026-08-23T21:04:00,STAGED,STAGED,NA,NEXT_DAY
ORD-000416,DC-04,EXPEDITE,2026-08-30T09:31:00,2026-08-30T15:31:00,RELEASED,EXCEPTION,NA,STANDARD
ORD-000417,DC-18,CRITICAL,2026-08-20T04:25:00,2026-08-21T04:25:00,SHIPPED,EXCEPTION,LATAM,SAME_DAY
ORD-000418,DC-04,EXPEDITE,2026-08-22T17:04:00,2026-08-23T05:04:00,ALLOCATED,HOLD,NA,SAME_DAY
ORD-000419,DC-14,EXPEDITE,2026-08-01T06:27:00,2026-08-01T14:27:00,STAGED,STAGED,EU,STANDARD
ORD-000420,DC-04,STANDARD,2026-09-01T00:37:00,2026-09-01T06:37:00,PICKING,HOLD,APAC,NEXT_DAY
ORD-000421,DC-01,STANDARD,2026-08-27T18:05:00,2026-08-27T22:05:00,ALLOCATED,HOLD,NA,SAME_DAY
ORD-000422,DC-05,EXPEDITE,2026-08-04T08:26:00,2026-08-04T14:26:00,RELEASED,RELEASED,EU,STANDARD
ORD-000423,DC-01,STANDARD,2026-08-16T07:00:00,2026-08-16T15:00:00,ALLOCATED,ALLOCATED,MEA,SAME_DAY
ORD-000424,DC-03,EXPEDITE,2026-09-01T19:29:00,2026-09-02T19:29:00,RELEASED,RELEASED,MEA,NEXT_DAY
ORD-000425,DC-16,STANDARD,2026-08-08T14:02:00,2026-08-09T02:02:00,SHIPPED,EXCEPTION,NA,SAME_DAY
ORD-000426,DC-08,STANDARD,2026-08-31T03:08:00,2026-08-31T15:08:00,PACKING,PACKING,APAC,NEXT_DAY
ORD-000427,DC-08,EXPEDITE,2026-08-24T04:21:00,2026-08-24T08:21:00,ALLOCATED,ALLOCATED,EU,STANDARD
ORD-000428,DC-12,CRITICAL,2026-08-01T16:52:00,2026-08-02T04:52:00,RELEASED,RELEASED,LATAM,NEXT_DAY
ORD-000429,DC-14,STANDARD,2026-08-08T04:26:00,2026-08-08T12:26:00,SHIPPED,SHIPPED,APAC,STANDARD
ORD-000430,DC-01,STANDARD,2026-08-10T09:17:00,2026-08-10T21:17:00,PACKING,PACKING,EU,STANDARD
ORD-000431,DC-15,STANDARD,2026-08-06T21:46:00,2026-08-07T05:46:00,PICKING,HOLD,EU,STANDARD
ORD-000432,DC-18,STANDARD,2026-08-13T02:15:00,2026-08-13T10:15:00,RELEASED,EXCEPTION,LATAM,STANDARD
ORD-000433,DC-18,CRITICAL,2026-08-29T15:00:00,2026-08-29T23:00:00,PACKING,PACKING,MEA,NEXT_DAY
ORD-000434,DC-01,EXPEDITE,2026-08-15T03:00:00,2026-08-15T15:00:00,PICKING,PICKING,MEA,SAME_DAY
ORD-000435,DC-03,STANDARD,2026-08-23T04:21:00,2026-08-23T10:21:00,STAGED,STAGED,LATAM,STANDARD
ORD-000436,DC-18,CRITICAL,2026-08-16T07:45:00,2026-08-16T11:45:00,PICKING,EXCEPTION,MEA,NEXT_DAY
ORD-000437,DC-16,STANDARD,2026-09-03T01:38:00,2026-09-04T01:38:00,RELEASED,RELEASED,EU,STANDARD
ORD-000438,DC-02,STANDARD,2026-08-12T00:33:00,2026-08-12T06:33:00,STAGED,STAGED,NA,SAME_DAY
ORD-000439,DC-12,EXPEDITE,2026-08-20T05:19:00,2026-08-20T11:19:00,PACKING,HOLD,MEA,STANDARD
ORD-000440,DC-05,EXPEDITE,2026-08-17T18:04:00,2026-08-18T06:04:00,PICKING,PICKING,APAC,NEXT_DAY
ORD-000441,DC-13,STANDARD,2026-08-24T04:50:00,2026-08-24T10:50:00,EXCEPTION,EXCEPTION,LATAM,SAME_DAY
ORD-000442,DC-03,STANDARD,2026-09-03T18:39:00,2026-09-03T22:39:00,PICKING,HOLD,LATAM,STANDARD
ORD-000443,DC-02,STANDARD,2026-09-03T00:48:00,2026-09-03T08:48:00,EXCEPTION,EXCEPTION,MEA,STANDARD
ORD-000444,DC-07,STANDARD,2026-08-30T08:17:00,2026-08-31T08:17:00,PACKING,PACKING,EU,SAME_DAY
ORD-000445,DC-13,STANDARD,2026-08-19T11:38:00,2026-08-20T11:38:00,STAGED,STAGED,EU,STANDARD
ORD-000446,DC-09,STANDARD,2026-08-03T21:16:00,2026-08-04T01:16:00,SHIPPED,SHIPPED,MEA,NEXT_DAY
ORD-000447,DC-17,CRITICAL,2026-08-21T06:41:00,2026-08-22T06:41:00,PICKING,HOLD,NA,STANDARD
ORD-000448,DC-07,STANDARD,2026-08-21T12:50:00,2026-08-21T20:50:00,SHIPPED,SHIPPED,NA,SAME_DAY
ORD-000449,DC-12,STANDARD,2026-09-01T17:12:00,2026-09-01T23:12:00,PICKING,HOLD,MEA,SAME_DAY
ORD-000450,DC-15,STANDARD,2026-08-06T09:27:00,2026-08-06T15:27:00,STAGED,HOLD,NA,SAME_DAY
ORD-000451,DC-14,STANDARD,2026-08-19T07:56:00,2026-08-19T15:56:00,PACKING,EXCEPTION,MEA,SAME_DAY
ORD-000452,DC-04,STANDARD,2026-08-01T07:12:00,2026-08-01T11:12:00,PACKING,EXCEPTION,LATAM,NEXT_DAY
ORD-000453,DC-16,STANDARD,2026-08-24T02:42:00,2026-08-24T06:42:00,PICKING,PICKING,MEA,NEXT_DAY
ORD-000454,DC-03,STANDARD,2026-08-03T17:01:00,2026-08-04T17:01:00,PICKING,PICKING,EU,STANDARD
ORD-000455,DC-14,STANDARD,2026-08-21T01:03:00,2026-08-22T01:03:00,EXCEPTION,HOLD,MEA,SAME_DAY
ORD-000456,DC-01,EXPEDITE,2026-08-20T10:17:00,2026-08-20T22:17:00,STAGED,EXCEPTION,APAC,STANDARD
ORD-000457,DC-13,STANDARD,2026-08-17T15:05:00,2026-08-17T19:05:00,SHIPPED,EXCEPTION,EU,STANDARD
ORD-000458,DC-03,STANDARD,2026-08-15T13:53:00,2026-08-16T01:53:00,PACKING,PACKING,MEA,STANDARD
ORD-000459,DC-04,STANDARD,2026-08-16T20:12:00,2026-08-17T08:12:00,ALLOCATED,ALLOCATED,NA,STANDARD
ORD-000460,DC-12,CRITICAL,2026-08-01T17:11:00,2026-08-01T23:11:00,ALLOCATED,ALLOCATED,LATAM,STANDARD
ORD-000461,DC-16,CRITICAL,2026-08-01T18:03:00,2026-08-01T22:03:00,ALLOCATED,ALLOCATED,LATAM,SAME_DAY
ORD-000462,DC-08,EXPEDITE,2026-08-25T00:29:00,2026-08-25T04:29:00,PICKING,PICKING,APAC,STANDARD
ORD-000463,DC-03,STANDARD,2026-09-01T03:13:00,2026-09-01T07:13:00,ALLOCATED,ALLOCATED,NA,STANDARD
ORD-000464,DC-18,STANDARD,2026-08-15T08:43:00,2026-08-15T12:43:00,EXCEPTION,EXCEPTION,NA,NEXT_DAY
ORD-000465,DC-04,STANDARD,2026-08-04T08:43:00,2026-08-04T12:43:00,STAGED,EXCEPTION,NA,SAME_DAY
ORD-000466,DC-07,STANDARD,2026-08-05T21:34:00,2026-08-06T09:34:00,ALLOCATED,ALLOCATED,LATAM,SAME_DAY
ORD-000467,DC-10,STANDARD,2026-08-11T23:40:00,2026-08-12T05:40:00,RELEASED,HOLD,EU,SAME_DAY
ORD-000468,DC-15,STANDARD,2026-08-01T17:59:00,2026-08-02T17:59:00,STAGED,STAGED,EU,NEXT_DAY
ORD-000469,DC-03,CRITICAL,2026-08-14T04:32:00,2026-08-15T04:32:00,ALLOCATED,ALLOCATED,APAC,SAME_DAY
ORD-000470,DC-02,CRITICAL,2026-08-24T03:12:00,2026-08-24T15:12:00,ALLOCATED,EXCEPTION,APAC,STANDARD
ORD-000471,DC-02,STANDARD,2026-08-15T15:31:00,2026-08-15T23:31:00,STAGED,STAGED,MEA,NEXT_DAY
ORD-000472,DC-04,STANDARD,2026-08-30T16:33:00,2026-08-30T22:33:00,ALLOCATED,EXCEPTION,MEA,NEXT_DAY
ORD-000473,DC-03,STANDARD,2026-08-28T19:57:00,2026-08-29T01:57:00,STAGED,STAGED,EU,STANDARD
ORD-000474,DC-07,STANDARD,2026-08-04T01:59:00,2026-08-04T07:59:00,PACKING,PACKING,LATAM,NEXT_DAY
ORD-000475,DC-07,STANDARD,2026-08-28T22:56:00,2026-08-29T10:56:00,EXCEPTION,EXCEPTION,LATAM,NEXT_DAY
ORD-000476,DC-13,STANDARD,2026-08-27T17:56:00,2026-08-27T23:56:00,ALLOCATED,ALLOCATED,LATAM,SAME_DAY
ORD-000477,DC-03,STANDARD,2026-08-14T00:22:00,2026-08-14T08:22:00,STAGED,EXCEPTION,NA,NEXT_DAY
ORD-000478,DC-09,STANDARD,2026-08-12T23:12:00,2026-08-13T05:12:00,PACKING,PACKING,LATAM,NEXT_DAY
ORD-000479,DC-09,CRITICAL,2026-09-03T11:09:00,2026-09-03T19:09:00,PACKING,EXCEPTION,LATAM,SAME_DAY
ORD-000480,DC-16,STANDARD,2026-08-05T19:06:00,2026-08-06T03:06:00,PICKING,HOLD,NA,STANDARD
ORD-000481,DC-08,EXPEDITE,2026-08-15T22:45:00,2026-08-16T04:45:00,SHIPPED,EXCEPTION,MEA,NEXT_DAY
ORD-000482,DC-17,STANDARD,2026-08-05T12:13:00,2026-08-06T00:13:00,EXCEPTION,EXCEPTION,LATAM,NEXT_DAY
ORD-000483,DC-13,STANDARD,2026-08-19T03:45:00,2026-08-19T09:45:00,ALLOCATED,HOLD,EU,SAME_DAY
ORD-000484,DC-03,STANDARD,2026-08-16T06:23:00,2026-08-17T06:23:00,PACKING,PACKING,NA,SAME_DAY
ORD-000485,DC-12,STANDARD,2026-08-19T12:49:00,2026-08-20T12:49:00,STAGED,STAGED,APAC,SAME_DAY
ORD-000486,DC-01,EXPEDITE,2026-08-19T09:52:00,2026-08-19T15:52:00,PACKING,PACKING,NA,SAME_DAY
ORD-000487,DC-05,EXPEDITE,2026-08-28T14:45:00,2026-08-28T22:45:00,PACKING,EXCEPTION,EU,STANDARD
ORD-000488,DC-18,STANDARD,2026-09-03T12:31:00,2026-09-04T12:31:00,EXCEPTION,HOLD,LATAM,NEXT_DAY
ORD-000489,DC-02,EXPEDITE,2026-08-31T12:00:00,2026-09-01T00:00:00,PICKING,EXCEPTION,EU,NEXT_DAY
ORD-000490,DC-10,STANDARD,2026-09-01T09:02:00,2026-09-01T15:02:00,SHIPPED,SHIPPED,EU,STANDARD
ORD-000491,DC-08,CRITICAL,2026-08-20T18:56:00,2026-08-21T18:56:00,STAGED,STAGED,APAC,STANDARD
ORD-000492,DC-06,STANDARD,2026-08-14T05:01:00,2026-08-15T05:01:00,SHIPPED,HOLD,EU,NEXT_DAY
ORD-000493,DC-07,STANDARD,2026-08-11T09:09:00,2026-08-11T17:09:00,EXCEPTION,EXCEPTION,LATAM,STANDARD
ORD-000494,DC-07,CRITICAL,2026-08-20T16:10:00,2026-08-21T04:10:00,STAGED,STAGED,EU,SAME_DAY
ORD-000495,DC-03,EXPEDITE,2026-09-03T19:31:00,2026-09-04T03:31:00,ALLOCATED,ALLOCATED,LATAM,SAME_DAY
ORD-000496,DC-01,STANDARD,2026-08-07T15:58:00,2026-08-07T23:58:00,EXCEPTION,EXCEPTION,APAC,SAME_DAY
ORD-000497,DC-10,STANDARD,2026-08-15T14:00:00,2026-08-15T18:00:00,PACKING,PACKING,LATAM,STANDARD
ORD-000498,DC-09,STANDARD,2026-08-01T12:09:00,2026-08-02T00:09:00,SHIPPED,SHIPPED,MEA,STANDARD
ORD-000499,DC-01,STANDARD,2026-08-31T14:19:00,2026-09-01T02:19:00,EXCEPTION,EXCEPTION,APAC,NEXT_DAY
ORD-000500,DC-05,STANDARD,2026-08-03T01:36:00,2026-08-04T01:36:00,ALLOCATED,ALLOCATED,NA,SAME_DAY
ORD-000501,DC-01,STANDARD,2026-08-13T06:17:00,2026-08-13T12:17:00,PACKING,PACKING,MEA,STANDARD
ORD-000502,DC-14,CRITICAL,2026-08-03T16:25:00,2026-08-03T22:25:00,RELEASED,RELEASED,EU,STANDARD
ORD-000503,DC-10,STANDARD,2026-08-10T23:14:00,2026-08-11T11:14:00,RELEASED,HOLD,EU,NEXT_DAY
ORD-000504,DC-06,STANDARD,2026-08-17T07:14:00,2026-08-18T07:14:00,PICKING,EXCEPTION,MEA,NEXT_DAY
ORD-000505,DC-14,STANDARD,2026-08-05T11:53:00,2026-08-05T19:53:00,STAGED,STAGED,LATAM,NEXT_DAY
ORD-000506,DC-10,STANDARD,2026-08-21T03:34:00,2026-08-21T15:34:00,RELEASED,EXCEPTION,NA,SAME_DAY
ORD-000507,DC-08,STANDARD,2026-08-12T20:40:00,2026-08-13T20:40:00,ALLOCATED,HOLD,NA,STANDARD
ORD-000508,DC-12,STANDARD,2026-08-17T10:49:00,2026-08-17T18:49:00,PACKING,HOLD,APAC,STANDARD
ORD-000509,DC-01,EXPEDITE,2026-08-30T21:42:00,2026-08-31T03:42:00,PACKING,PACKING,APAC,SAME_DAY
ORD-000510,DC-15,STANDARD,2026-08-20T02:40:00,2026-08-20T10:40:00,STAGED,EXCEPTION,NA,NEXT_DAY
ORD-000511,DC-05,STANDARD,2026-08-31T17:05:00,2026-08-31T21:05:00,PICKING,PICKING,EU,NEXT_DAY
ORD-000512,DC-05,CRITICAL,2026-08-12T11:33:00,2026-08-12T23:33:00,ALLOCATED,EXCEPTION,EU,SAME_DAY
ORD-000513,DC-18,STANDARD,2026-08-26T06:19:00,2026-08-27T06:19:00,PICKING,HOLD,EU,STANDARD
ORD-000514,DC-16,EXPEDITE,2026-09-01T18:40:00,2026-09-02T06:40:00,RELEASED,RELEASED,EU,NEXT_DAY
ORD-000515,DC-06,STANDARD,2026-08-27T10:08:00,2026-08-28T10:08:00,EXCEPTION,HOLD,MEA,NEXT_DAY
ORD-000516,DC-08,EXPEDITE,2026-08-20T11:19:00,2026-08-20T17:19:00,SHIPPED,SHIPPED,LATAM,STANDARD
ORD-000517,DC-13,STANDARD,2026-08-10T15:49:00,2026-08-10T19:49:00,PACKING,HOLD,EU,SAME_DAY
ORD-000518,DC-18,STANDARD,2026-09-01T23:05:00,2026-09-02T23:05:00,STAGED,STAGED,NA,STANDARD
ORD-000519,DC-08,STANDARD,2026-08-10T15:06:00,2026-08-11T15:06:00,PICKING,PICKING,LATAM,SAME_DAY
ORD-000520,DC-05,CRITICAL,2026-08-04T18:11:00,2026-08-05T02:11:00,EXCEPTION,EXCEPTION,EU,NEXT_DAY
ORD-000521,DC-15,STANDARD,2026-08-09T14:23:00,2026-08-10T02:23:00,SHIPPED,EXCEPTION,NA,NEXT_DAY
ORD-000522,DC-14,EXPEDITE,2026-08-29T05:21:00,2026-08-30T05:21:00,ALLOCATED,ALLOCATED,LATAM,SAME_DAY
ORD-000523,DC-17,STANDARD,2026-08-08T23:48:00,2026-08-09T05:48:00,RELEASED,EXCEPTION,NA,NEXT_DAY
ORD-000524,DC-14,STANDARD,2026-08-23T04:25:00,2026-08-23T12:25:00,RELEASED,RELEASED,APAC,NEXT_DAY
ORD-000525,DC-10,STANDARD,2026-08-11T09:14:00,2026-08-12T09:14:00,EXCEPTION,EXCEPTION,APAC,STANDARD
ORD-000526,DC-12,EXPEDITE,2026-08-15T04:52:00,2026-08-15T16:52:00,ALLOCATED,ALLOCATED,LATAM,SAME_DAY
ORD-000527,DC-02,STANDARD,2026-08-07T19:59:00,2026-08-08T19:59:00,PACKING,PACKING,MEA,NEXT_DAY
ORD-000528,DC-15,EXPEDITE,2026-09-05T04:44:00,2026-09-05T10:44:00,EXCEPTION,EXCEPTION,APAC,NEXT_DAY
ORD-000529,DC-16,EXPEDITE,2026-08-09T06:30:00,2026-08-09T14:30:00,ALLOCATED,ALLOCATED,NA,STANDARD
ORD-000530,DC-03,STANDARD,2026-08-28T05:55:00,2026-08-28T17:55:00,RELEASED,RELEASED,MEA,STANDARD
ORD-000531,DC-09,EXPEDITE,2026-08-26T23:03:00,2026-08-27T11:03:00,ALLOCATED,ALLOCATED,MEA,SAME_DAY
ORD-000532,DC-06,STANDARD,2026-08-21T20:11:00,2026-08-22T20:11:00,EXCEPTION,EXCEPTION,APAC,STANDARD
ORD-000533,DC-14,EXPEDITE,2026-08-27T19:00:00,2026-08-28T01:00:00,ALLOCATED,HOLD,APAC,NEXT_DAY
ORD-000534,DC-18,STANDARD,2026-08-17T10:16:00,2026-08-17T18:16:00,RELEASED,RELEASED,EU,NEXT_DAY
ORD-000535,DC-04,EXPEDITE,2026-08-10T14:33:00,2026-08-10T18:33:00,SHIPPED,SHIPPED,MEA,SAME_DAY
ORD-000536,DC-15,CRITICAL,2026-08-18T22:14:00,2026-08-19T02:14:00,ALLOCATED,ALLOCATED,EU,SAME_DAY
ORD-000537,DC-09,EXPEDITE,2026-08-18T07:12:00,2026-08-18T11:12:00,EXCEPTION,EXCEPTION,EU,NEXT_DAY
ORD-000538,DC-11,STANDARD,2026-08-16T19:44:00,2026-08-17T03:44:00,EXCEPTION,HOLD,MEA,NEXT_DAY
ORD-000539,DC-05,STANDARD,2026-08-05T17:51:00,2026-08-06T05:51:00,SHIPPED,SHIPPED,EU,STANDARD
ORD-000540,DC-09,STANDARD,2026-08-05T21:26:00,2026-08-06T05:26:00,PACKING,PACKING,APAC,STANDARD
ORD-000541,DC-02,STANDARD,2026-08-19T21:20:00,2026-08-20T05:20:00,PICKING,HOLD,MEA,SAME_DAY
ORD-000542,DC-16,STANDARD,2026-09-03T15:55:00,2026-09-04T15:55:00,ALLOCATED,ALLOCATED,LATAM,NEXT_DAY
ORD-000543,DC-15,EXPEDITE,2026-08-21T07:59:00,2026-08-21T11:59:00,STAGED,HOLD,EU,SAME_DAY
ORD-000544,DC-12,STANDARD,2026-08-29T03:20:00,2026-08-29T09:20:00,STAGED,STAGED,APAC,NEXT_DAY
ORD-000545,DC-01,STANDARD,2026-08-26T05:59:00,2026-08-27T05:59:00,STAGED,STAGED,APAC,SAME_DAY
ORD-000546,DC-17,CRITICAL,2026-09-01T03:31:00,2026-09-01T09:31:00,EXCEPTION,EXCEPTION,EU,STANDARD
ORD-000547,DC-02,STANDARD,2026-08-20T00:25:00,2026-08-20T06:25:00,ALLOCATED,EXCEPTION,NA,STANDARD
ORD-000548,DC-10,STANDARD,2026-08-08T12:44:00,2026-08-08T16:44:00,ALLOCATED,HOLD,APAC,NEXT_DAY
ORD-000549,DC-14,EXPEDITE,2026-08-22T04:11:00,2026-08-22T10:11:00,ALLOCATED,ALLOCATED,EU,STANDARD
ORD-000550,DC-08,CRITICAL,2026-09-02T17:16:00,2026-09-03T17:16:00,RELEASED,RELEASED,EU,NEXT_DAY
ORD-000551,DC-17,CRITICAL,2026-08-28T21:10:00,2026-08-29T01:10:00,SHIPPED,HOLD,EU,SAME_DAY
ORD-000552,DC-16,STANDARD,2026-08-10T11:50:00,2026-08-10T17:50:00,PACKING,PACKING,MEA,SAME_DAY
ORD-000553,DC-05,EXPEDITE,2026-08-25T16:02:00,2026-08-25T22:02:00,RELEASED,RELEASED,NA,STANDARD
ORD-000554,DC-14,STANDARD,2026-08-11T03:40:00,2026-08-12T03:40:00,EXCEPTION,EXCEPTION,APAC,STANDARD
ORD-000555,DC-03,STANDARD,2026-08-07T09:22:00,2026-08-08T09:22:00,STAGED,STAGED,LATAM,SAME_DAY
ORD-000556,DC-09,EXPEDITE,2026-08-19T01:54:00,2026-08-19T13:54:00,RELEASED,RELEASED,LATAM,NEXT_DAY
ORD-000557,DC-18,STANDARD,2026-08-25T16:10:00,2026-08-26T16:10:00,PICKING,HOLD,APAC,NEXT_DAY
ORD-000558,DC-13,CRITICAL,2026-08-10T04:15:00,2026-08-10T16:15:00,EXCEPTION,EXCEPTION,EU,STANDARD
ORD-000559,DC-16,STANDARD,2026-08-03T22:07:00,2026-08-04T02:07:00,ALLOCATED,ALLOCATED,LATAM,NEXT_DAY
ORD-000560,DC-11,STANDARD,2026-08-06T14:48:00,2026-08-06T22:48:00,SHIPPED,SHIPPED,MEA,NEXT_DAY
ORD-000561,DC-14,EXPEDITE,2026-08-28T20:07:00,2026-08-29T00:07:00,RELEASED,RELEASED,APAC,SAME_DAY
ORD-000562,DC-02,STANDARD,2026-08-25T04:30:00,2026-08-25T08:30:00,EXCEPTION,EXCEPTION,NA,STANDARD
ORD-000563,DC-05,STANDARD,2026-09-04T02:55:00,2026-09-04T06:55:00,EXCEPTION,HOLD,LATAM,NEXT_DAY
ORD-000564,DC-11,STANDARD,2026-08-10T08:12:00,2026-08-10T14:12:00,EXCEPTION,EXCEPTION,APAC,SAME_DAY
ORD-000565,DC-02,STANDARD,2026-08-09T09:42:00,2026-08-09T13:42:00,RELEASED,HOLD,LATAM,NEXT_DAY
ORD-000566,DC-14,CRITICAL,2026-08-04T03:41:00,2026-08-04T11:41:00,EXCEPTION,EXCEPTION,MEA,SAME_DAY
ORD-000567,DC-04,CRITICAL,2026-08-18T16:48:00,2026-08-18T22:48:00,PACKING,HOLD,APAC,STANDARD
ORD-000568,DC-15,STANDARD,2026-08-03T05:17:00,2026-08-03T17:17:00,EXCEPTION,EXCEPTION,LATAM,STANDARD
ORD-000569,DC-16,CRITICAL,2026-08-14T10:27:00,2026-08-15T10:27:00,RELEASED,HOLD,MEA,STANDARD
ORD-000570,DC-09,STANDARD,2026-08-16T13:50:00,2026-08-16T21:50:00,EXCEPTION,EXCEPTION,APAC,SAME_DAY
ORD-000571,DC-14,EXPEDITE,2026-08-20T05:18:00,2026-08-20T09:18:00,RELEASED,EXCEPTION,LATAM,SAME_DAY
ORD-000572,DC-13,EXPEDITE,2026-08-18T11:38:00,2026-08-18T23:38:00,PACKING,PACKING,MEA,SAME_DAY
ORD-000573,DC-13,STANDARD,2026-08-27T12:55:00,2026-08-27T18:55:00,SHIPPED,SHIPPED,EU,STANDARD
ORD-000574,DC-08,EXPEDITE,2026-08-18T20:49:00,2026-08-19T00:49:00,RELEASED,RELEASED,MEA,SAME_DAY
ORD-000575,DC-13,STANDARD,2026-08-02T18:12:00,2026-08-03T06:12:00,SHIPPED,SHIPPED,LATAM,SAME_DAY
ORD-000576,DC-12,STANDARD,2026-08-03T10:09:00,2026-08-03T16:09:00,EXCEPTION,EXCEPTION,EU,NEXT_DAY
ORD-000577,DC-15,EXPEDITE,2026-08-11T21:52:00,2026-08-12T21:52:00,STAGED,HOLD,LATAM,STANDARD
ORD-000578,DC-07,STANDARD,2026-08-25T13:41:00,2026-08-25T19:41:00,STAGED,STAGED,EU,SAME_DAY
ORD-000579,DC-05,CRITICAL,2026-08-26T12:18:00,2026-08-27T00:18:00,EXCEPTION,EXCEPTION,MEA,SAME_DAY
ORD-000580,DC-02,EXPEDITE,2026-08-21T01:14:00,2026-08-21T05:14:00,ALLOCATED,ALLOCATED,APAC,SAME_DAY
ORD-000581,DC-04,STANDARD,2026-08-25T16:01:00,2026-08-26T04:01:00,ALLOCATED,ALLOCATED,APAC,SAME_DAY
ORD-000582,DC-18,STANDARD,2026-08-22T19:58:00,2026-08-23T07:58:00,PACKING,EXCEPTION,NA,NEXT_DAY
ORD-000583,DC-03,CRITICAL,2026-08-20T11:43:00,2026-08-21T11:43:00,RELEASED,RELEASED,MEA,STANDARD
ORD-000584,DC-02,CRITICAL,2026-08-10T07:34:00,2026-08-11T07:34:00,ALLOCATED,ALLOCATED,NA,STANDARD
ORD-000585,DC-08,STANDARD,2026-08-27T08:18:00,2026-08-27T16:18:00,STAGED,STAGED,MEA,SAME_DAY
ORD-000586,DC-12,EXPEDITE,2026-08-14T03:06:00,2026-08-15T03:06:00,ALLOCATED,ALLOCATED,APAC,STANDARD
ORD-000587,DC-15,STANDARD,2026-08-16T09:50:00,2026-08-17T09:50:00,EXCEPTION,EXCEPTION,MEA,SAME_DAY
ORD-000588,DC-08,STANDARD,2026-08-01T17:05:00,2026-08-01T23:05:00,STAGED,STAGED,EU,NEXT_DAY
ORD-000589,DC-16,STANDARD,2026-08-05T16:48:00,2026-08-06T00:48:00,PICKING,PICKING,LATAM,SAME_DAY
ORD-000590,DC-11,STANDARD,2026-08-30T21:58:00,2026-08-31T21:58:00,ALLOCATED,ALLOCATED,LATAM,SAME_DAY
ORD-000591,DC-12,STANDARD,2026-08-09T06:04:00,2026-08-09T12:04:00,ALLOCATED,ALLOCATED,LATAM,STANDARD
ORD-000592,DC-01,EXPEDITE,2026-08-29T11:45:00,2026-08-29T15:45:00,EXCEPTION,EXCEPTION,APAC,STANDARD
ORD-000593,DC-16,STANDARD,2026-08-15T03:55:00,2026-08-15T15:55:00,PICKING,HOLD,EU,NEXT_DAY
ORD-000594,DC-02,EXPEDITE,2026-08-04T15:55:00,2026-08-04T21:55:00,RELEASED,HOLD,NA,NEXT_DAY
ORD-000595,DC-06,CRITICAL,2026-08-02T14:50:00,2026-08-02T20:50:00,ALLOCATED,ALLOCATED,APAC,NEXT_DAY
ORD-000596,DC-17,STANDARD,2026-08-30T09:09:00,2026-08-30T13:09:00,PICKING,EXCEPTION,EU,STANDARD
ORD-000597,DC-03,STANDARD,2026-08-03T18:33:00,2026-08-04T18:33:00,RELEASED,RELEASED,LATAM,STANDARD
ORD-000598,DC-13,EXPEDITE,2026-08-09T02:15:00,2026-08-09T10:15:00,PICKING,PICKING,APAC,SAME_DAY
ORD-000599,DC-01,STANDARD,2026-08-11T13:56:00,2026-08-12T01:56:00,EXCEPTION,HOLD,NA,STANDARD
ORD-000600,DC-04,STANDARD,2026-09-02T18:43:00,2026-09-03T06:43:00,PACKING,HOLD,APAC,SAME_DAY
ORD-000601,DC-07,STANDARD,2026-08-02T04:55:00,2026-08-02T16:55:00,PICKING,PICKING,NA,STANDARD
ORD-000602,DC-04,STANDARD,2026-09-04T15:47:00,2026-09-05T15:47:00,ALLOCATED,ALLOCATED,EU,NEXT_DAY
ORD-000603,DC-17,STANDARD,2026-08-23T16:38:00,2026-08-24T04:38:00,RELEASED,RELEASED,LATAM,NEXT_DAY
ORD-000604,DC-12,STANDARD,2026-08-15T02:24:00,2026-08-15T08:24:00,RELEASED,HOLD,LATAM,NEXT_DAY
ORD-000605,DC-08,EXPEDITE,2026-08-09T03:40:00,2026-08-09T11:40:00,PICKING,PICKING,NA,NEXT_DAY
ORD-000606,DC-03,STANDARD,2026-09-04T17:01:00,2026-09-05T05:01:00,SHIPPED,EXCEPTION,NA,STANDARD
ORD-000607,DC-01,STANDARD,2026-08-13T22:22:00,2026-08-14T04:22:00,ALLOCATED,ALLOCATED,LATAM,SAME_DAY
ORD-000608,DC-11,EXPEDITE,2026-08-21T09:56:00,2026-08-21T21:56:00,STAGED,HOLD,NA,SAME_DAY
ORD-000609,DC-09,STANDARD,2026-08-12T23:14:00,2026-08-13T03:14:00,ALLOCATED,ALLOCATED,EU,STANDARD
ORD-000610,DC-07,STANDARD,2026-08-02T14:42:00,2026-08-02T18:42:00,EXCEPTION,EXCEPTION,LATAM,STANDARD
ORD-000611,DC-09,STANDARD,2026-08-16T19:22:00,2026-08-17T07:22:00,SHIPPED,HOLD,NA,NEXT_DAY
ORD-000612,DC-17,CRITICAL,2026-08-25T01:17:00,2026-08-25T09:17:00,RELEASED,RELEASED,LATAM,SAME_DAY
ORD-000613,DC-08,STANDARD,2026-08-07T13:52:00,2026-08-08T01:52:00,PICKING,PICKING,EU,STANDARD
ORD-000614,DC-14,STANDARD,2026-08-23T15:59:00,2026-08-24T15:59:00,SHIPPED,SHIPPED,LATAM,NEXT_DAY
ORD-000615,DC-03,STANDARD,2026-08-30T05:35:00,2026-08-30T13:35:00,PICKING,PICKING,EU,NEXT_DAY
ORD-000616,DC-07,STANDARD,2026-09-04T16:18:00,2026-09-05T16:18:00,ALLOCATED,ALLOCATED,APAC,SAME_DAY
ORD-000617,DC-12,STANDARD,2026-08-03T08:21:00,2026-08-03T16:21:00,SHIPPED,EXCEPTION,APAC,NEXT_DAY
ORD-000618,DC-08,STANDARD,2026-08-07T23:56:00,2026-08-08T05:56:00,ALLOCATED,EXCEPTION,MEA,SAME_DAY
ORD-000619,DC-09,STANDARD,2026-08-09T14:41:00,2026-08-10T02:41:00,PACKING,PACKING,MEA,STANDARD
ORD-000620,DC-13,STANDARD,2026-08-26T08:22:00,2026-08-26T20:22:00,PICKING,PICKING,NA,STANDARD
ORD-000621,DC-13,STANDARD,2026-08-11T05:21:00,2026-08-11T17:21:00,ALLOCATED,HOLD,EU,NEXT_DAY
ORD-000622,DC-04,EXPEDITE,2026-08-13T23:51:00,2026-08-14T05:51:00,EXCEPTION,EXCEPTION,NA,STANDARD
ORD-000623,DC-05,STANDARD,2026-08-23T14:24:00,2026-08-24T14:24:00,ALLOCATED,ALLOCATED,MEA,STANDARD
ORD-000624,DC-04,STANDARD,2026-08-10T21:08:00,2026-08-11T03:08:00,SHIPPED,SHIPPED,MEA,SAME_DAY
ORD-000625,DC-07,EXPEDITE,2026-08-27T19:02:00,2026-08-28T19:02:00,PICKING,PICKING,APAC,SAME_DAY
ORD-000626,DC-03,STANDARD,2026-09-03T19:05:00,2026-09-04T07:05:00,ALLOCATED,ALLOCATED,APAC,STANDARD
ORD-000627,DC-14,STANDARD,2026-08-09T17:21:00,2026-08-09T21:21:00,PACKING,PACKING,EU,STANDARD
ORD-000628,DC-15,STANDARD,2026-08-23T18:58:00,2026-08-24T00:58:00,PACKING,EXCEPTION,NA,NEXT_DAY
ORD-000629,DC-06,STANDARD,2026-08-07T10:45:00,2026-08-07T16:45:00,ALLOCATED,ALLOCATED,APAC,SAME_DAY
ORD-000630,DC-01,STANDARD,2026-08-14T02:36:00,2026-08-15T02:36:00,SHIPPED,SHIPPED,EU,STANDARD
ORD-000631,DC-13,STANDARD,2026-08-26T17:43:00,2026-08-27T01:43:00,ALLOCATED,ALLOCATED,MEA,NEXT_DAY
ORD-000632,DC-05,STANDARD,2026-09-01T08:21:00,2026-09-01T14:21:00,RELEASED,HOLD,EU,SAME_DAY
ORD-000633,DC-10,STANDARD,2026-08-20T16:01:00,2026-08-21T00:01:00,RELEASED,RELEASED,NA,SAME_DAY
ORD-000634,DC-07,STANDARD,2026-08-25T07:01:00,2026-08-25T13:01:00,EXCEPTION,EXCEPTION,LATAM,STANDARD
ORD-000635,DC-11,STANDARD,2026-09-03T05:03:00,2026-09-04T05:03:00,PICKING,PICKING,LATAM,STANDARD
ORD-000636,DC-08,STANDARD,2026-08-11T02:41:00,2026-08-11T08:41:00,SHIPPED,SHIPPED,APAC,NEXT_DAY
ORD-000637,DC-12,STANDARD,2026-08-16T12:23:00,2026-08-16T20:23:00,PACKING,EXCEPTION,LATAM,NEXT_DAY
ORD-000638,DC-10,STANDARD,2026-08-21T00:08:00,2026-08-21T06:08:00,PICKING,HOLD,MEA,STANDARD
ORD-000639,DC-18,STANDARD,2026-08-14T21:06:00,2026-08-15T05:06:00,STAGED,EXCEPTION,NA,NEXT_DAY
ORD-000640,DC-02,STANDARD,2026-08-10T21:12:00,2026-08-11T09:12:00,PACKING,PACKING,EU,STANDARD
ORD-000641,DC-17,STANDARD,2026-09-02T21:35:00,2026-09-03T03:35:00,PACKING,HOLD,EU,SAME_DAY
ORD-000642,DC-13,STANDARD,2026-08-02T03:05:00,2026-08-02T11:05:00,PACKING,PACKING,EU,NEXT_DAY
ORD-000643,DC-07,EXPEDITE,2026-08-12T18:47:00,2026-08-12T22:47:00,PICKING,PICKING,NA,SAME_DAY
ORD-000644,DC-07,STANDARD,2026-08-16T21:55:00,2026-08-17T01:55:00,EXCEPTION,EXCEPTION,LATAM,SAME_DAY
ORD-000645,DC-11,CRITICAL,2026-08-19T16:31:00,2026-08-20T04:31:00,PICKING,EXCEPTION,MEA,NEXT_DAY
ORD-000646,DC-16,STANDARD,2026-08-07T00:02:00,2026-08-07T08:02:00,ALLOCATED,EXCEPTION,LATAM,STANDARD
ORD-000647,DC-12,STANDARD,2026-08-11T02:09:00,2026-08-11T10:09:00,STAGED,STAGED,NA,SAME_DAY
ORD-000648,DC-07,EXPEDITE,2026-08-05T02:03:00,2026-08-05T14:03:00,STAGED,STAGED,LATAM,NEXT_DAY
ORD-000649,DC-16,STANDARD,2026-08-10T05:37:00,2026-08-10T13:37:00,SHIPPED,SHIPPED,LATAM,STANDARD
ORD-000650,DC-07,STANDARD,2026-08-20T05:51:00,2026-08-20T11:51:00,STAGED,EXCEPTION,LATAM,NEXT_DAY
ORD-000651,DC-17,EXPEDITE,2026-08-21T18:26:00,2026-08-22T06:26:00,PACKING,PACKING,MEA,STANDARD
ORD-000652,DC-03,STANDARD,2026-08-19T02:38:00,2026-08-19T08:38:00,SHIPPED,EXCEPTION,NA,NEXT_DAY
ORD-000653,DC-02,STANDARD,2026-08-07T19:02:00,2026-08-08T07:02:00,STAGED,STAGED,LATAM,STANDARD
ORD-000654,DC-09,CRITICAL,2026-09-02T19:42:00,2026-09-02T23:42:00,STAGED,STAGED,EU,STANDARD
ORD-000655,DC-07,STANDARD,2026-08-25T13:05:00,2026-08-26T01:05:00,SHIPPED,SHIPPED,NA,NEXT_DAY
ORD-000656,DC-15,STANDARD,2026-08-21T15:20:00,2026-08-22T03:20:00,RELEASED,RELEASED,NA,STANDARD
ORD-000657,DC-03,STANDARD,2026-08-14T12:43:00,2026-08-14T20:43:00,EXCEPTION,EXCEPTION,LATAM,SAME_DAY
ORD-000658,DC-15,STANDARD,2026-08-16T16:50:00,2026-08-16T22:50:00,SHIPPED,HOLD,APAC,SAME_DAY
ORD-000659,DC-10,CRITICAL,2026-08-19T14:18:00,2026-08-19T22:18:00,SHIPPED,EXCEPTION,NA,SAME_DAY
ORD-000660,DC-02,STANDARD,2026-08-30T13:55:00,2026-08-31T01:55:00,PACKING,EXCEPTION,MEA,NEXT_DAY
ORD-000661,DC-14,STANDARD,2026-08-26T18:49:00,2026-08-27T02:49:00,STAGED,EXCEPTION,MEA,SAME_DAY
ORD-000662,DC-14,STANDARD,2026-08-09T15:30:00,2026-08-10T03:30:00,RELEASED,RELEASED,LATAM,NEXT_DAY
ORD-000663,DC-06,STANDARD,2026-08-26T01:50:00,2026-08-26T09:50:00,PACKING,EXCEPTION,APAC,STANDARD
ORD-000664,DC-16,EXPEDITE,2026-08-12T04:19:00,2026-08-12T08:19:00,RELEASED,EXCEPTION,NA,SAME_DAY
ORD-000665,DC-11,EXPEDITE,2026-09-01T18:03:00,2026-09-02T18:03:00,STAGED,HOLD,MEA,STANDARD
ORD-000666,DC-16,STANDARD,2026-08-16T08:14:00,2026-08-16T14:14:00,EXCEPTION,EXCEPTION,NA,SAME_DAY
ORD-000667,DC-03,STANDARD,2026-09-01T02:16:00,2026-09-01T10:16:00,RELEASED,RELEASED,APAC,NEXT_DAY
ORD-000668,DC-07,EXPEDITE,2026-08-03T07:03:00,2026-08-04T07:03:00,PICKING,HOLD,EU,STANDARD
ORD-000669,DC-09,STANDARD,2026-08-22T07:37:00,2026-08-22T15:37:00,RELEASED,RELEASED,APAC,STANDARD
ORD-000670,DC-09,EXPEDITE,2026-09-03T19:54:00,2026-09-04T07:54:00,PACKING,PACKING,EU,SAME_DAY
ORD-000671,DC-03,STANDARD,2026-08-12T05:19:00,2026-08-13T05:19:00,EXCEPTION,HOLD,NA,STANDARD
ORD-000672,DC-07,STANDARD,2026-08-27T15:29:00,2026-08-27T23:29:00,EXCEPTION,EXCEPTION,EU,SAME_DAY
ORD-000673,DC-07,STANDARD,2026-08-31T11:56:00,2026-08-31T15:56:00,EXCEPTION,HOLD,EU,STANDARD
ORD-000674,DC-13,STANDARD,2026-08-19T07:06:00,2026-08-19T11:06:00,RELEASED,RELEASED,APAC,NEXT_DAY
ORD-000675,DC-16,STANDARD,2026-08-18T07:22:00,2026-08-18T15:22:00,PICKING,EXCEPTION,APAC,SAME_DAY
ORD-000676,DC-17,EXPEDITE,2026-08-08T06:01:00,2026-08-09T06:01:00,PACKING,EXCEPTION,LATAM,STANDARD
ORD-000677,DC-16,STANDARD,2026-09-05T03:38:00,2026-09-06T03:38:00,ALLOCATED,ALLOCATED,EU,STANDARD
ORD-000678,DC-04,STANDARD,2026-08-14T19:21:00,2026-08-14T23:21:00,STAGED,HOLD,NA,STANDARD
ORD-000679,DC-15,STANDARD,2026-08-31T16:50:00,2026-08-31T22:50:00,ALLOCATED,EXCEPTION,EU,STANDARD
ORD-000680,DC-04,STANDARD,2026-08-18T02:10:00,2026-08-18T10:10:00,PACKING,PACKING,NA,NEXT_DAY
ORD-000681,DC-11,STANDARD,2026-08-22T13:49:00,2026-08-23T01:49:00,PICKING,EXCEPTION,LATAM,STANDARD
ORD-000682,DC-11,EXPEDITE,2026-08-08T13:46:00,2026-08-09T01:46:00,EXCEPTION,EXCEPTION,EU,SAME_DAY
ORD-000683,DC-15,STANDARD,2026-08-27T06:06:00,2026-08-27T14:06:00,STAGED,STAGED,APAC,STANDARD
ORD-000684,DC-07,EXPEDITE,2026-08-10T13:08:00,2026-08-10T17:08:00,RELEASED,RELEASED,APAC,STANDARD
ORD-000685,DC-18,STANDARD,2026-08-08T02:28:00,2026-08-08T14:28:00,PACKING,PACKING,NA,STANDARD
ORD-000686,DC-14,STANDARD,2026-09-01T12:02:00,2026-09-02T12:02:00,RELEASED,EXCEPTION,MEA,NEXT_DAY
ORD-000687,DC-04,STANDARD,2026-08-10T20:41:00,2026-08-11T04:41:00,SHIPPED,SHIPPED,NA,STANDARD
ORD-000688,DC-12,STANDARD,2026-08-09T04:50:00,2026-08-09T10:50:00,EXCEPTION,HOLD,NA,STANDARD
ORD-000689,DC-13,STANDARD,2026-08-11T05:32:00,2026-08-11T11:32:00,ALLOCATED,HOLD,APAC,NEXT_DAY
ORD-000690,DC-17,STANDARD,2026-08-21T10:21:00,2026-08-21T18:21:00,RELEASED,RELEASED,APAC,STANDARD
ORD-000691,DC-14,STANDARD,2026-08-13T18:10:00,2026-08-14T06:10:00,EXCEPTION,HOLD,NA,SAME_DAY
ORD-000692,DC-03,STANDARD,2026-08-26T15:52:00,2026-08-26T21:52:00,STAGED,STAGED,MEA,STANDARD
ORD-000693,DC-13,STANDARD,2026-08-26T17:36:00,2026-08-27T05:36:00,EXCEPTION,EXCEPTION,APAC,NEXT_DAY
ORD-000694,DC-09,EXPEDITE,2026-08-31T05:47:00,2026-09-01T05:47:00,PICKING,PICKING,EU,SAME_DAY
ORD-000695,DC-11,STANDARD,2026-08-02T07:33:00,2026-08-02T13:33:00,STAGED,STAGED,MEA,NEXT_DAY
ORD-000696,DC-10,STANDARD,2026-08-26T18:49:00,2026-08-27T18:49:00,PICKING,EXCEPTION,NA,SAME_DAY
ORD-000697,DC-07,STANDARD,2026-08-28T18:40:00,2026-08-28T22:40:00,PICKING,PICKING,MEA,STANDARD
ORD-000698,DC-04,STANDARD,2026-08-14T09:52:00,2026-08-14T15:52:00,ALLOCATED,ALLOCATED,EU,SAME_DAY
ORD-000699,DC-12,STANDARD,2026-08-09T15:35:00,2026-08-09T23:35:00,ALLOCATED,ALLOCATED,MEA,SAME_DAY
ORD-000700,DC-11,CRITICAL,2026-08-02T00:27:00,2026-08-02T04:27:00,PICKING,HOLD,MEA,NEXT_DAY
ORD-000701,DC-11,EXPEDITE,2026-08-17T09:29:00,2026-08-18T09:29:00,RELEASED,EXCEPTION,NA,SAME_DAY
ORD-000702,DC-04,STANDARD,2026-08-25T20:14:00,2026-08-26T08:14:00,ALLOCATED,ALLOCATED,MEA,STANDARD
ORD-000703,DC-17,EXPEDITE,2026-09-04T09:32:00,2026-09-04T15:32:00,EXCEPTION,EXCEPTION,LATAM,STANDARD
ORD-000704,DC-14,STANDARD,2026-08-10T23:08:00,2026-08-11T11:08:00,ALLOCATED,ALLOCATED,MEA,SAME_DAY
ORD-000705,DC-11,STANDARD,2026-08-31T18:29:00,2026-08-31T22:29:00,PACKING,EXCEPTION,EU,SAME_DAY
ORD-000706,DC-02,STANDARD,2026-08-28T07:36:00,2026-08-28T19:36:00,ALLOCATED,ALLOCATED,EU,NEXT_DAY
ORD-000707,DC-03,STANDARD,2026-09-02T10:40:00,2026-09-02T14:40:00,EXCEPTION,EXCEPTION,LATAM,SAME_DAY
ORD-000708,DC-18,STANDARD,2026-08-19T11:06:00,2026-08-19T23:06:00,RELEASED,EXCEPTION,MEA,NEXT_DAY
ORD-000709,DC-08,STANDARD,2026-08-18T11:25:00,2026-08-18T23:25:00,STAGED,STAGED,MEA,SAME_DAY
ORD-000710,DC-04,STANDARD,2026-08-16T14:08:00,2026-08-17T02:08:00,PACKING,PACKING,MEA,STANDARD
ORD-000711,DC-07,STANDARD,2026-08-09T09:39:00,2026-08-09T13:39:00,STAGED,EXCEPTION,APAC,STANDARD
ORD-000712,DC-03,STANDARD,2026-08-12T09:52:00,2026-08-12T15:52:00,STAGED,STAGED,MEA,STANDARD
ORD-000713,DC-14,CRITICAL,2026-08-29T20:34:00,2026-08-30T04:34:00,SHIPPED,SHIPPED,APAC,NEXT_DAY
ORD-000714,DC-09,STANDARD,2026-08-31T20:00:00,2026-09-01T04:00:00,ALLOCATED,EXCEPTION,APAC,NEXT_DAY
ORD-000715,DC-04,EXPEDITE,2026-08-11T20:32:00,2026-08-12T08:32:00,EXCEPTION,EXCEPTION,LATAM,SAME_DAY
ORD-000716,DC-14,STANDARD,2026-08-17T05:53:00,2026-08-17T11:53:00,PACKING,EXCEPTION,NA,NEXT_DAY
ORD-000717,DC-09,STANDARD,2026-08-29T21:59:00,2026-08-30T21:59:00,EXCEPTION,EXCEPTION,LATAM,SAME_DAY
ORD-000718,DC-17,STANDARD,2026-08-19T01:22:00,2026-08-19T07:22:00,PACKING,PACKING,LATAM,NEXT_DAY
ORD-000719,DC-05,STANDARD,2026-08-31T11:23:00,2026-08-31T19:23:00,PACKING,PACKING,APAC,NEXT_DAY
ORD-000720,DC-08,STANDARD,2026-08-09T19:36:00,2026-08-10T07:36:00,RELEASED,HOLD,NA,NEXT_DAY
ORD-000721,DC-14,STANDARD,2026-08-22T07:09:00,2026-08-22T19:09:00,ALLOCATED,EXCEPTION,NA,NEXT_DAY
ORD-000722,DC-09,STANDARD,2026-08-07T11:17:00,2026-08-08T11:17:00,RELEASED,RELEASED,LATAM,STANDARD
ORD-000723,DC-11,STANDARD,2026-08-22T00:28:00,2026-08-22T12:28:00,ALLOCATED,ALLOCATED,APAC,SAME_DAY
ORD-000724,DC-03,STANDARD,2026-09-03T17:03:00,2026-09-04T05:03:00,PACKING,PACKING,MEA,SAME_DAY
ORD-000725,DC-13,EXPEDITE,2026-08-28T16:19:00,2026-08-29T00:19:00,PICKING,EXCEPTION,NA,NEXT_DAY
ORD-000726,DC-17,STANDARD,2026-08-28T21:55:00,2026-08-29T03:55:00,SHIPPED,SHIPPED,LATAM,SAME_DAY
ORD-000727,DC-09,EXPEDITE,2026-08-25T05:15:00,2026-08-25T17:15:00,SHIPPED,HOLD,MEA,NEXT_DAY
ORD-000728,DC-02,STANDARD,2026-08-29T15:51:00,2026-08-29T19:51:00,SHIPPED,SHIPPED,LATAM,STANDARD
ORD-000729,DC-13,STANDARD,2026-08-02T13:11:00,2026-08-02T17:11:00,EXCEPTION,HOLD,APAC,SAME_DAY
ORD-000730,DC-18,CRITICAL,2026-08-17T22:03:00,2026-08-18T06:03:00,PACKING,HOLD,EU,STANDARD
ORD-000731,DC-18,STANDARD,2026-08-30T15:58:00,2026-08-30T19:58:00,PICKING,PICKING,APAC,SAME_DAY
ORD-000732,DC-14,STANDARD,2026-08-08T05:46:00,2026-08-08T09:46:00,SHIPPED,SHIPPED,EU,NEXT_DAY
ORD-000733,DC-01,EXPEDITE,2026-08-24T17:52:00,2026-08-25T05:52:00,STAGED,EXCEPTION,APAC,NEXT_DAY
ORD-000734,DC-08,EXPEDITE,2026-08-10T08:38:00,2026-08-10T14:38:00,EXCEPTION,EXCEPTION,MEA,NEXT_DAY
ORD-000735,DC-06,STANDARD,2026-08-28T01:56:00,2026-08-28T09:56:00,STAGED,STAGED,LATAM,SAME_DAY
ORD-000736,DC-16,STANDARD,2026-08-10T03:01:00,2026-08-10T09:01:00,RELEASED,RELEASED,MEA,STANDARD
ORD-000737,DC-14,EXPEDITE,2026-08-10T00:52:00,2026-08-10T12:52:00,RELEASED,RELEASED,NA,NEXT_DAY
ORD-000738,DC-17,STANDARD,2026-08-29T18:26:00,2026-08-30T00:26:00,PICKING,EXCEPTION,NA,STANDARD
ORD-000739,DC-02,STANDARD,2026-08-25T11:49:00,2026-08-25T19:49:00,EXCEPTION,EXCEPTION,MEA,STANDARD
ORD-000740,DC-16,STANDARD,2026-08-17T03:24:00,2026-08-17T09:24:00,ALLOCATED,ALLOCATED,MEA,SAME_DAY
ORD-000741,DC-15,CRITICAL,2026-08-23T13:03:00,2026-08-23T21:03:00,SHIPPED,SHIPPED,LATAM,SAME_DAY
ORD-000742,DC-15,STANDARD,2026-08-01T18:27:00,2026-08-02T06:27:00,SHIPPED,EXCEPTION,APAC,STANDARD
ORD-000743,DC-08,STANDARD,2026-08-28T16:42:00,2026-08-29T00:42:00,PACKING,EXCEPTION,EU,STANDARD
ORD-000744,DC-09,STANDARD,2026-09-05T00:49:00,2026-09-06T00:49:00,EXCEPTION,EXCEPTION,EU,NEXT_DAY
ORD-000745,DC-13,STANDARD,2026-08-11T03:24:00,2026-08-11T09:24:00,PICKING,PICKING,LATAM,STANDARD
ORD-000746,DC-04,STANDARD,2026-08-12T03:22:00,2026-08-12T11:22:00,EXCEPTION,HOLD,LATAM,STANDARD
ORD-000747,DC-13,STANDARD,2026-08-15T07:31:00,2026-08-16T07:31:00,RELEASED,EXCEPTION,LATAM,STANDARD
ORD-000748,DC-05,STANDARD,2026-08-19T11:52:00,2026-08-19T17:52:00,RELEASED,RELEASED,NA,NEXT_DAY
ORD-000749,DC-09,STANDARD,2026-09-04T18:47:00,2026-09-05T18:47:00,PICKING,EXCEPTION,MEA,STANDARD
ORD-000750,DC-09,STANDARD,2026-08-29T06:06:00,2026-08-29T14:06:00,ALLOCATED,HOLD,APAC,SAME_DAY
ORD-000751,DC-17,STANDARD,2026-08-31T18:03:00,2026-08-31T22:03:00,SHIPPED,HOLD,LATAM,SAME_DAY
ORD-000752,DC-02,EXPEDITE,2026-08-10T10:56:00,2026-08-11T10:56:00,SHIPPED,SHIPPED,NA,STANDARD
ORD-000753,DC-11,EXPEDITE,2026-08-15T23:29:00,2026-08-16T11:29:00,PACKING,HOLD,MEA,SAME_DAY
ORD-000754,DC-10,STANDARD,2026-08-17T13:27:00,2026-08-18T01:27:00,EXCEPTION,EXCEPTION,MEA,STANDARD
ORD-000755,DC-01,STANDARD,2026-08-24T12:19:00,2026-08-25T00:19:00,STAGED,HOLD,APAC,STANDARD
ORD-000756,DC-14,STANDARD,2026-08-29T18:42:00,2026-08-30T18:42:00,RELEASED,EXCEPTION,MEA,SAME_DAY
ORD-000757,DC-07,EXPEDITE,2026-09-03T09:37:00,2026-09-03T15:37:00,PICKING,PICKING,LATAM,SAME_DAY
ORD-000758,DC-12,EXPEDITE,2026-08-28T03:15:00,2026-08-28T11:15:00,PICKING,HOLD,NA,SAME_DAY
ORD-000759,DC-11,STANDARD,2026-08-25T01:30:00,2026-08-25T07:30:00,PACKING,HOLD,MEA,NEXT_DAY
ORD-000760,DC-16,STANDARD,2026-08-04T00:41:00,2026-08-05T00:41:00,PICKING,HOLD,NA,SAME_DAY
ORD-000761,DC-08,STANDARD,2026-08-07T11:49:00,2026-08-07T17:49:00,ALLOCATED,ALLOCATED,NA,SAME_DAY
ORD-000762,DC-07,STANDARD,2026-08-11T02:11:00,2026-08-12T02:11:00,ALLOCATED,ALLOCATED,EU,NEXT_DAY
ORD-000763,DC-10,STANDARD,2026-08-21T22:00:00,2026-08-22T02:00:00,ALLOCATED,HOLD,NA,NEXT_DAY
ORD-000764,DC-16,STANDARD,2026-08-06T17:33:00,2026-08-07T01:33:00,RELEASED,HOLD,LATAM,SAME_DAY
ORD-000765,DC-11,CRITICAL,2026-08-15T21:38:00,2026-08-16T01:38:00,STAGED,STAGED,EU,SAME_DAY
ORD-000766,DC-10,STANDARD,2026-09-01T01:32:00,2026-09-02T01:32:00,EXCEPTION,EXCEPTION,LATAM,SAME_DAY
ORD-000767,DC-08,EXPEDITE,2026-08-26T22:42:00,2026-08-27T06:42:00,RELEASED,RELEASED,NA,SAME_DAY
ORD-000768,DC-15,STANDARD,2026-08-15T03:13:00,2026-08-15T15:13:00,PACKING,EXCEPTION,EU,STANDARD
ORD-000769,DC-16,STANDARD,2026-08-01T11:51:00,2026-08-01T19:51:00,PICKING,PICKING,EU,SAME_DAY
ORD-000770,DC-04,STANDARD,2026-08-18T03:59:00,2026-08-18T09:59:00,ALLOCATED,HOLD,MEA,NEXT_DAY
ORD-000771,DC-14,STANDARD,2026-08-25T00:57:00,2026-08-25T06:57:00,STAGED,STAGED,LATAM,SAME_DAY
ORD-000772,DC-06,EXPEDITE,2026-09-04T07:53:00,2026-09-04T15:53:00,PICKING,EXCEPTION,NA,STANDARD
ORD-000773,DC-15,STANDARD,2026-08-01T14:51:00,2026-08-01T22:51:00,PACKING,EXCEPTION,LATAM,SAME_DAY
ORD-000774,DC-04,EXPEDITE,2026-09-01T14:23:00,2026-09-01T20:23:00,RELEASED,EXCEPTION,LATAM,STANDARD
ORD-000775,DC-03,STANDARD,2026-08-25T06:01:00,2026-08-26T06:01:00,RELEASED,EXCEPTION,LATAM,SAME_DAY
ORD-000776,DC-17,STANDARD,2026-08-17T11:54:00,2026-08-17T19:54:00,PACKING,PACKING,APAC,NEXT_DAY
ORD-000777,DC-05,CRITICAL,2026-08-07T21:32:00,2026-08-08T09:32:00,RELEASED,RELEASED,APAC,STANDARD
ORD-000778,DC-15,STANDARD,2026-08-13T00:09:00,2026-08-13T12:09:00,STAGED,STAGED,EU,NEXT_DAY
ORD-000779,DC-06,STANDARD,2026-08-05T11:01:00,2026-08-05T19:01:00,STAGED,EXCEPTION,NA,SAME_DAY
ORD-000780,DC-13,STANDARD,2026-08-22T04:49:00,2026-08-22T08:49:00,STAGED,STAGED,NA,STANDARD
ORD-000781,DC-01,STANDARD,2026-08-31T23:05:00,2026-09-01T07:05:00,ALLOCATED,EXCEPTION,LATAM,SAME_DAY
ORD-000782,DC-06,STANDARD,2026-09-01T15:24:00,2026-09-01T23:24:00,RELEASED,RELEASED,LATAM,STANDARD
ORD-000783,DC-12,STANDARD,2026-08-22T20:35:00,2026-08-23T02:35:00,ALLOCATED,EXCEPTION,NA,STANDARD
ORD-000784,DC-17,STANDARD,2026-08-02T02:31:00,2026-08-02T10:31:00,RELEASED,EXCEPTION,LATAM,STANDARD
ORD-000785,DC-13,STANDARD,2026-08-11T13:46:00,2026-08-11T21:46:00,EXCEPTION,EXCEPTION,LATAM,SAME_DAY
ORD-000786,DC-13,EXPEDITE,2026-09-02T04:55:00,2026-09-02T16:55:00,ALLOCATED,EXCEPTION,LATAM,STANDARD
ORD-000787,DC-04,EXPEDITE,2026-08-31T07:02:00,2026-08-31T11:02:00,PICKING,PICKING,NA,STANDARD
ORD-000788,DC-03,STANDARD,2026-08-18T19:24:00,2026-08-18T23:24:00,SHIPPED,SHIPPED,MEA,NEXT_DAY
ORD-000789,DC-06,STANDARD,2026-08-02T06:41:00,2026-08-02T10:41:00,SHIPPED,HOLD,LATAM,STANDARD
ORD-000790,DC-10,CRITICAL,2026-08-21T05:17:00,2026-08-21T17:17:00,ALLOCATED,ALLOCATED,MEA,STANDARD
ORD-000791,DC-17,STANDARD,2026-08-07T21:38:00,2026-08-08T03:38:00,SHIPPED,SHIPPED,EU,STANDARD
ORD-000792,DC-05,EXPEDITE,2026-08-15T07:27:00,2026-08-15T19:27:00,PACKING,PACKING,LATAM,NEXT_DAY
ORD-000793,DC-11,EXPEDITE,2026-08-02T04:32:00,2026-08-03T04:32:00,RELEASED,EXCEPTION,LATAM,NEXT_DAY
ORD-000794,DC-15,STANDARD,2026-09-04T16:12:00,2026-09-04T22:12:00,SHIPPED,SHIPPED,NA,STANDARD
ORD-000795,DC-05,STANDARD,2026-08-07T18:05:00,2026-08-08T02:05:00,EXCEPTION,EXCEPTION,MEA,SAME_DAY
ORD-000796,DC-09,EXPEDITE,2026-08-19T21:25:00,2026-08-20T03:25:00,EXCEPTION,HOLD,LATAM,NEXT_DAY
ORD-000797,DC-06,STANDARD,2026-09-02T12:28:00,2026-09-03T00:28:00,PACKING,PACKING,LATAM,SAME_DAY
ORD-000798,DC-12,STANDARD,2026-09-04T20:32:00,2026-09-05T00:32:00,PICKING,EXCEPTION,NA,STANDARD
ORD-000799,DC-03,STANDARD,2026-09-01T09:51:00,2026-09-02T09:51:00,EXCEPTION,EXCEPTION,APAC,STANDARD
ORD-000800,DC-18,STANDARD,2026-08-20T08:03:00,2026-08-21T08:03:00,PACKING,EXCEPTION,NA,STANDARD
ORD-000801,DC-09,STANDARD,2026-08-15T08:16:00,2026-08-15T16:16:00,SHIPPED,SHIPPED,APAC,NEXT_DAY
ORD-000802,DC-08,STANDARD,2026-08-12T08:10:00,2026-08-12T12:10:00,EXCEPTION,HOLD,LATAM,SAME_DAY
ORD-000803,DC-10,STANDARD,2026-08-04T12:41:00,2026-08-04T18:41:00,PICKING,EXCEPTION,APAC,STANDARD
ORD-000804,DC-10,STANDARD,2026-08-25T20:37:00,2026-08-26T08:37:00,PACKING,PACKING,APAC,STANDARD
ORD-000805,DC-07,STANDARD,2026-08-30T12:42:00,2026-08-31T12:42:00,SHIPPED,SHIPPED,MEA,NEXT_DAY
ORD-000806,DC-12,STANDARD,2026-08-29T12:14:00,2026-08-29T18:14:00,PICKING,HOLD,MEA,NEXT_DAY
ORD-000807,DC-13,STANDARD,2026-08-17T11:14:00,2026-08-17T17:14:00,RELEASED,RELEASED,EU,SAME_DAY
ORD-000808,DC-14,STANDARD,2026-08-11T01:13:00,2026-08-11T05:13:00,PICKING,EXCEPTION,MEA,STANDARD
ORD-000809,DC-18,STANDARD,2026-08-20T16:29:00,2026-08-20T22:29:00,RELEASED,HOLD,APAC,SAME_DAY
ORD-000810,DC-18,STANDARD,2026-08-13T06:30:00,2026-08-13T10:30:00,STAGED,STAGED,NA,STANDARD
ORD-000811,DC-07,EXPEDITE,2026-08-30T15:40:00,2026-08-31T15:40:00,STAGED,EXCEPTION,EU,SAME_DAY
ORD-000812,DC-05,STANDARD,2026-08-02T14:19:00,2026-08-02T20:19:00,PICKING,PICKING,LATAM,NEXT_DAY
ORD-000813,DC-02,STANDARD,2026-08-31T18:28:00,2026-09-01T00:28:00,PACKING,EXCEPTION,MEA,STANDARD
ORD-000814,DC-14,STANDARD,2026-08-10T00:35:00,2026-08-10T08:35:00,RELEASED,HOLD,NA,STANDARD
ORD-000815,DC-11,STANDARD,2026-08-03T16:14:00,2026-08-04T16:14:00,STAGED,STAGED,MEA,SAME_DAY
ORD-000816,DC-16,CRITICAL,2026-08-30T16:01:00,2026-08-31T16:01:00,EXCEPTION,EXCEPTION,MEA,SAME_DAY
ORD-000817,DC-18,STANDARD,2026-08-07T07:31:00,2026-08-07T15:31:00,PACKING,HOLD,APAC,NEXT_DAY
ORD-000818,DC-02,STANDARD,2026-08-04T17:35:00,2026-08-04T21:35:00,RELEASED,HOLD,LATAM,NEXT_DAY
ORD-000819,DC-05,STANDARD,2026-08-27T12:02:00,2026-08-27T16:02:00,EXCEPTION,HOLD,NA,SAME_DAY
ORD-000820,DC-04,STANDARD,2026-08-05T06:58:00,2026-08-05T18:58:00,PICKING,PICKING,EU,STANDARD
ORD-000821,DC-16,STANDARD,2026-08-22T03:55:00,2026-08-22T07:55:00,EXCEPTION,HOLD,LATAM,STANDARD
ORD-000822,DC-03,STANDARD,2026-08-21T22:57:00,2026-08-22T10:57:00,ALLOCATED,HOLD,LATAM,SAME_DAY
ORD-000823,DC-09,CRITICAL,2026-08-02T05:09:00,2026-08-02T11:09:00,ALLOCATED,ALLOCATED,EU,NEXT_DAY
ORD-000824,DC-07,STANDARD,2026-08-19T09:22:00,2026-08-19T13:22:00,ALLOCATED,HOLD,APAC,NEXT_DAY
ORD-000825,DC-03,STANDARD,2026-08-13T04:26:00,2026-08-13T16:26:00,SHIPPED,EXCEPTION,NA,STANDARD
ORD-000826,DC-04,STANDARD,2026-08-28T16:00:00,2026-08-29T00:00:00,PACKING,PACKING,LATAM,STANDARD
ORD-000827,DC-10,STANDARD,2026-08-30T07:16:00,2026-08-30T11:16:00,PACKING,HOLD,APAC,NEXT_DAY
ORD-000828,DC-05,STANDARD,2026-09-04T01:20:00,2026-09-04T09:20:00,PICKING,PICKING,EU,NEXT_DAY
ORD-000829,DC-05,STANDARD,2026-08-07T22:38:00,2026-08-08T22:38:00,EXCEPTION,EXCEPTION,LATAM,STANDARD
ORD-000830,DC-10,EXPEDITE,2026-08-21T07:50:00,2026-08-21T19:50:00,RELEASED,HOLD,EU,STANDARD
ORD-000831,DC-13,STANDARD,2026-08-27T15:24:00,2026-08-27T23:24:00,PICKING,HOLD,MEA,STANDARD
ORD-000832,DC-16,EXPEDITE,2026-09-03T11:35:00,2026-09-03T17:35:00,RELEASED,RELEASED,MEA,SAME_DAY
ORD-000833,DC-14,STANDARD,2026-08-04T17:44:00,2026-08-04T23:44:00,STAGED,STAGED,MEA,STANDARD
ORD-000834,DC-09,STANDARD,2026-08-17T00:30:00,2026-08-17T08:30:00,PACKING,PACKING,NA,SAME_DAY
ORD-000835,DC-08,CRITICAL,2026-08-10T22:05:00,2026-08-11T22:05:00,STAGED,STAGED,EU,STANDARD
ORD-000836,DC-17,EXPEDITE,2026-08-12T04:18:00,2026-08-12T12:18:00,SHIPPED,HOLD,MEA,SAME_DAY
ORD-000837,DC-01,STANDARD,2026-08-24T15:54:00,2026-08-24T19:54:00,RELEASED,RELEASED,LATAM,SAME_DAY
ORD-000838,DC-14,STANDARD,2026-08-12T03:11:00,2026-08-13T03:11:00,SHIPPED,SHIPPED,NA,SAME_DAY
ORD-000839,DC-14,EXPEDITE,2026-08-11T13:29:00,2026-08-11T19:29:00,EXCEPTION,EXCEPTION,LATAM,NEXT_DAY
ORD-000840,DC-04,STANDARD,2026-09-01T04:23:00,2026-09-01T08:23:00,PICKING,EXCEPTION,MEA,STANDARD
ORD-000841,DC-05,STANDARD,2026-08-28T16:28:00,2026-08-28T20:28:00,PICKING,PICKING,EU,NEXT_DAY
ORD-000842,DC-13,STANDARD,2026-08-01T22:38:00,2026-08-02T10:38:00,SHIPPED,SHIPPED,EU,STANDARD
ORD-000843,DC-11,STANDARD,2026-08-25T07:38:00,2026-08-25T11:38:00,SHIPPED,SHIPPED,APAC,STANDARD
ORD-000844,DC-06,STANDARD,2026-08-09T00:49:00,2026-08-09T06:49:00,EXCEPTION,EXCEPTION,EU,STANDARD
ORD-000845,DC-03,STANDARD,2026-08-30T11:04:00,2026-08-30T15:04:00,SHIPPED,SHIPPED,MEA,NEXT_DAY
ORD-000846,DC-15,STANDARD,2026-08-25T16:00:00,2026-08-26T16:00:00,EXCEPTION,EXCEPTION,LATAM,NEXT_DAY
ORD-000847,DC-07,STANDARD,2026-08-10T04:16:00,2026-08-10T16:16:00,SHIPPED,SHIPPED,EU,STANDARD
ORD-000848,DC-05,EXPEDITE,2026-09-03T09:04:00,2026-09-03T13:04:00,SHIPPED,SHIPPED,LATAM,SAME_DAY
ORD-000849,DC-03,CRITICAL,2026-08-29T16:01:00,2026-08-29T22:01:00,EXCEPTION,EXCEPTION,EU,NEXT_DAY
ORD-000850,DC-02,STANDARD,2026-09-02T12:14:00,2026-09-03T12:14:00,EXCEPTION,EXCEPTION,LATAM,STANDARD
ORD-000851,DC-08,STANDARD,2026-08-23T00:35:00,2026-08-23T08:35:00,RELEASED,RELEASED,LATAM,NEXT_DAY
ORD-000852,DC-14,STANDARD,2026-08-23T20:59:00,2026-08-24T08:59:00,SHIPPED,SHIPPED,LATAM,STANDARD
ORD-000853,DC-13,STANDARD,2026-08-16T10:41:00,2026-08-16T22:41:00,STAGED,HOLD,MEA,SAME_DAY
ORD-000854,DC-16,STANDARD,2026-09-03T07:40:00,2026-09-03T19:40:00,PACKING,HOLD,APAC,STANDARD
ORD-000855,DC-04,STANDARD,2026-08-01T19:56:00,2026-08-01T23:56:00,STAGED,STAGED,NA,STANDARD
ORD-000856,DC-10,STANDARD,2026-08-17T05:39:00,2026-08-17T17:39:00,PICKING,PICKING,LATAM,SAME_DAY
ORD-000857,DC-03,STANDARD,2026-08-20T15:21:00,2026-08-21T03:21:00,RELEASED,HOLD,MEA,STANDARD
ORD-000858,DC-15,EXPEDITE,2026-09-03T07:37:00,2026-09-03T15:37:00,SHIPPED,SHIPPED,APAC,SAME_DAY
ORD-000859,DC-01,STANDARD,2026-08-22T13:46:00,2026-08-23T13:46:00,PACKING,PACKING,NA,NEXT_DAY
ORD-000860,DC-12,EXPEDITE,2026-08-12T23:00:00,2026-08-13T23:00:00,STAGED,HOLD,NA,NEXT_DAY
ORD-000861,DC-06,EXPEDITE,2026-08-09T14:15:00,2026-08-10T14:15:00,SHIPPED,SHIPPED,MEA,SAME_DAY
ORD-000862,DC-07,STANDARD,2026-08-31T06:52:00,2026-08-31T10:52:00,SHIPPED,SHIPPED,APAC,NEXT_DAY
ORD-000863,DC-16,STANDARD,2026-08-21T12:16:00,2026-08-21T16:16:00,ALLOCATED,ALLOCATED,EU,NEXT_DAY
ORD-000864,DC-18,EXPEDITE,2026-08-08T03:36:00,2026-08-08T09:36:00,STAGED,STAGED,EU,STANDARD
ORD-000865,DC-13,STANDARD,2026-08-05T16:28:00,2026-08-06T16:28:00,SHIPPED,EXCEPTION,APAC,NEXT_DAY
ORD-000866,DC-10,STANDARD,2026-08-25T00:55:00,2026-08-26T00:55:00,SHIPPED,SHIPPED,LATAM,STANDARD
ORD-000867,DC-06,STANDARD,2026-09-02T19:15:00,2026-09-02T23:15:00,PICKING,PICKING,NA,SAME_DAY
ORD-000868,DC-14,STANDARD,2026-08-03T14:25:00,2026-08-04T02:25:00,EXCEPTION,EXCEPTION,APAC,NEXT_DAY
ORD-000869,DC-13,STANDARD,2026-08-12T21:15:00,2026-08-13T21:15:00,PACKING,HOLD,NA,SAME_DAY
ORD-000870,DC-11,STANDARD,2026-08-24T18:34:00,2026-08-25T18:34:00,EXCEPTION,EXCEPTION,EU,STANDARD
ORD-000871,DC-15,STANDARD,2026-08-26T11:34:00,2026-08-27T11:34:00,EXCEPTION,HOLD,MEA,SAME_DAY
ORD-000872,DC-02,EXPEDITE,2026-08-05T14:37:00,2026-08-06T02:37:00,RELEASED,HOLD,MEA,STANDARD
ORD-000873,DC-03,CRITICAL,2026-08-29T11:51:00,2026-08-29T15:51:00,EXCEPTION,EXCEPTION,LATAM,NEXT_DAY
ORD-000874,DC-02,CRITICAL,2026-08-16T13:14:00,2026-08-16T19:14:00,ALLOCATED,EXCEPTION,APAC,SAME_DAY
ORD-000875,DC-15,STANDARD,2026-08-22T04:46:00,2026-08-22T10:46:00,EXCEPTION,EXCEPTION,EU,SAME_DAY
ORD-000876,DC-02,STANDARD,2026-08-05T18:49:00,2026-08-06T18:49:00,EXCEPTION,HOLD,APAC,SAME_DAY
ORD-000877,DC-01,STANDARD,2026-08-04T11:02:00,2026-08-04T19:02:00,ALLOCATED,EXCEPTION,MEA,NEXT_DAY
ORD-000878,DC-09,EXPEDITE,2026-08-02T16:07:00,2026-08-03T04:07:00,SHIPPED,SHIPPED,EU,SAME_DAY
ORD-000879,DC-10,STANDARD,2026-08-10T08:38:00,2026-08-11T08:38:00,PICKING,HOLD,NA,NEXT_DAY
ORD-000880,DC-10,STANDARD,2026-08-01T08:20:00,2026-08-01T20:20:00,EXCEPTION,EXCEPTION,MEA,STANDARD
ORD-000881,DC-13,EXPEDITE,2026-08-16T18:05:00,2026-08-17T06:05:00,STAGED,HOLD,MEA,SAME_DAY
ORD-000882,DC-11,STANDARD,2026-08-22T16:07:00,2026-08-23T04:07:00,RELEASED,RELEASED,MEA,STANDARD
ORD-000883,DC-16,STANDARD,2026-09-04T19:36:00,2026-09-05T19:36:00,ALLOCATED,HOLD,LATAM,STANDARD
ORD-000884,DC-11,STANDARD,2026-08-26T22:57:00,2026-08-27T04:57:00,EXCEPTION,EXCEPTION,NA,NEXT_DAY
ORD-000885,DC-08,EXPEDITE,2026-08-17T00:18:00,2026-08-17T12:18:00,RELEASED,EXCEPTION,EU,NEXT_DAY
ORD-000886,DC-06,EXPEDITE,2026-08-08T11:38:00,2026-08-08T17:38:00,PACKING,EXCEPTION,APAC,NEXT_DAY
ORD-000887,DC-14,STANDARD,2026-08-19T15:11:00,2026-08-19T19:11:00,PACKING,EXCEPTION,APAC,SAME_DAY
ORD-000888,DC-07,STANDARD,2026-08-02T00:58:00,2026-08-02T04:58:00,SHIPPED,HOLD,APAC,NEXT_DAY
ORD-000889,DC-07,STANDARD,2026-08-15T02:08:00,2026-08-15T14:08:00,STAGED,STAGED,MEA,STANDARD
ORD-000890,DC-14,STANDARD,2026-08-22T23:44:00,2026-08-23T11:44:00,EXCEPTION,EXCEPTION,APAC,SAME_DAY
ORD-000891,DC-17,STANDARD,2026-08-10T15:35:00,2026-08-10T21:35:00,STAGED,HOLD,NA,STANDARD
ORD-000892,DC-02,STANDARD,2026-08-29T14:55:00,2026-08-30T14:55:00,EXCEPTION,EXCEPTION,MEA,SAME_DAY
ORD-000893,DC-01,EXPEDITE,2026-08-29T03:11:00,2026-08-30T03:11:00,ALLOCATED,HOLD,APAC,SAME_DAY
ORD-000894,DC-13,STANDARD,2026-08-24T23:10:00,2026-08-25T23:10:00,RELEASED,RELEASED,LATAM,STANDARD
ORD-000895,DC-02,STANDARD,2026-08-28T03:01:00,2026-08-28T11:01:00,SHIPPED,SHIPPED,MEA,SAME_DAY
ORD-000896,DC-06,STANDARD,2026-08-15T19:33:00,2026-08-16T19:33:00,SHIPPED,HOLD,MEA,NEXT_DAY
ORD-000897,DC-18,STANDARD,2026-08-17T19:10:00,2026-08-18T19:10:00,PICKING,PICKING,MEA,STANDARD
ORD-000898,DC-14,EXPEDITE,2026-08-19T06:26:00,2026-08-19T12:26:00,SHIPPED,HOLD,EU,NEXT_DAY
ORD-000899,DC-14,STANDARD,2026-08-22T07:41:00,2026-08-22T19:41:00,EXCEPTION,EXCEPTION,APAC,STANDARD
ORD-000900,DC-03,STANDARD,2026-08-25T22:04:00,2026-08-26T02:04:00,STAGED,HOLD,LATAM,SAME_DAY
ORD-000901,DC-09,STANDARD,2026-08-25T04:17:00,2026-08-25T12:17:00,PACKING,EXCEPTION,NA,NEXT_DAY
ORD-000902,DC-15,STANDARD,2026-08-12T13:04:00,2026-08-13T13:04:00,ALLOCATED,ALLOCATED,LATAM,NEXT_DAY
ORD-000903,DC-06,STANDARD,2026-08-14T03:06:00,2026-08-14T15:06:00,PICKING,EXCEPTION,MEA,STANDARD
ORD-000904,DC-16,EXPEDITE,2026-08-12T15:52:00,2026-08-12T23:52:00,ALLOCATED,ALLOCATED,APAC,SAME_DAY
ORD-000905,DC-07,STANDARD,2026-08-29T01:51:00,2026-08-29T07:51:00,EXCEPTION,EXCEPTION,APAC,SAME_DAY
ORD-000906,DC-02,STANDARD,2026-08-31T14:35:00,2026-09-01T14:35:00,STAGED,STAGED,EU,STANDARD
ORD-000907,DC-10,EXPEDITE,2026-09-01T07:30:00,2026-09-01T11:30:00,STAGED,EXCEPTION,EU,SAME_DAY
ORD-000908,DC-05,CRITICAL,2026-08-26T16:38:00,2026-08-27T04:38:00,EXCEPTION,EXCEPTION,MEA,STANDARD
ORD-000909,DC-01,STANDARD,2026-08-14T05:10:00,2026-08-14T13:10:00,ALLOCATED,ALLOCATED,APAC,NEXT_DAY
ORD-000910,DC-01,STANDARD,2026-08-23T17:10:00,2026-08-24T05:10:00,PICKING,PICKING,EU,NEXT_DAY
ORD-000911,DC-03,STANDARD,2026-08-22T15:08:00,2026-08-22T23:08:00,RELEASED,RELEASED,LATAM,NEXT_DAY
ORD-000912,DC-10,STANDARD,2026-08-29T22:54:00,2026-08-30T04:54:00,EXCEPTION,EXCEPTION,MEA,SAME_DAY
ORD-000913,DC-17,EXPEDITE,2026-08-23T10:10:00,2026-08-23T18:10:00,PACKING,PACKING,EU,NEXT_DAY
ORD-000914,DC-11,STANDARD,2026-08-28T18:31:00,2026-08-29T02:31:00,RELEASED,RELEASED,LATAM,NEXT_DAY
ORD-000915,DC-15,STANDARD,2026-08-31T19:06:00,2026-08-31T23:06:00,PACKING,HOLD,NA,STANDARD
ORD-000916,DC-08,STANDARD,2026-08-12T15:43:00,2026-08-12T21:43:00,EXCEPTION,EXCEPTION,APAC,STANDARD
ORD-000917,DC-13,STANDARD,2026-08-17T10:00:00,2026-08-17T18:00:00,EXCEPTION,EXCEPTION,MEA,STANDARD
ORD-000918,DC-12,STANDARD,2026-08-10T16:22:00,2026-08-11T16:22:00,STAGED,STAGED,LATAM,NEXT_DAY
ORD-000919,DC-07,STANDARD,2026-09-01T05:45:00,2026-09-01T09:45:00,PACKING,EXCEPTION,LATAM,NEXT_DAY
ORD-000920,DC-06,STANDARD,2026-08-07T16:33:00,2026-08-07T22:33:00,EXCEPTION,EXCEPTION,EU,STANDARD
ORD-000921,DC-09,STANDARD,2026-09-04T20:43:00,2026-09-05T04:43:00,STAGED,STAGED,MEA,SAME_DAY
ORD-000922,DC-01,STANDARD,2026-08-06T00:07:00,2026-08-06T08:07:00,PICKING,EXCEPTION,LATAM,SAME_DAY
ORD-000923,DC-16,STANDARD,2026-08-11T07:38:00,2026-08-12T07:38:00,STAGED,STAGED,APAC,SAME_DAY
ORD-000924,DC-09,STANDARD,2026-09-03T04:31:00,2026-09-03T10:31:00,PICKING,EXCEPTION,NA,SAME_DAY
ORD-000925,DC-15,STANDARD,2026-08-04T07:07:00,2026-08-04T13:07:00,EXCEPTION,EXCEPTION,NA,NEXT_DAY
ORD-000926,DC-13,CRITICAL,2026-08-09T23:23:00,2026-08-10T11:23:00,ALLOCATED,ALLOCATED,MEA,SAME_DAY
ORD-000927,DC-10,STANDARD,2026-08-18T18:38:00,2026-08-19T06:38:00,SHIPPED,SHIPPED,NA,SAME_DAY
ORD-000928,DC-15,STANDARD,2026-08-11T06:16:00,2026-08-11T18:16:00,PACKING,EXCEPTION,LATAM,NEXT_DAY
ORD-000929,DC-16,CRITICAL,2026-08-27T20:35:00,2026-08-28T04:35:00,STAGED,STAGED,MEA,STANDARD
ORD-000930,DC-06,STANDARD,2026-08-06T09:01:00,2026-08-06T15:01:00,RELEASED,EXCEPTION,EU,STANDARD
ORD-000931,DC-03,EXPEDITE,2026-08-28T08:47:00,2026-08-28T16:47:00,ALLOCATED,EXCEPTION,APAC,STANDARD
ORD-000932,DC-14,STANDARD,2026-08-13T09:39:00,2026-08-13T15:39:00,EXCEPTION,EXCEPTION,APAC,SAME_DAY
ORD-000933,DC-09,EXPEDITE,2026-09-04T08:10:00,2026-09-05T08:10:00,RELEASED,RELEASED,EU,SAME_DAY
ORD-000934,DC-13,EXPEDITE,2026-09-02T03:28:00,2026-09-02T15:28:00,RELEASED,RELEASED,EU,SAME_DAY
ORD-000935,DC-03,STANDARD,2026-08-31T06:10:00,2026-08-31T12:10:00,PICKING,PICKING,APAC,NEXT_DAY
ORD-000936,DC-15,EXPEDITE,2026-08-16T07:29:00,2026-08-16T19:29:00,RELEASED,RELEASED,APAC,STANDARD
ORD-000937,DC-05,STANDARD,2026-08-18T07:59:00,2026-08-18T15:59:00,ALLOCATED,ALLOCATED,APAC,SAME_DAY
ORD-000938,DC-15,EXPEDITE,2026-08-27T22:49:00,2026-08-28T04:49:00,RELEASED,RELEASED,LATAM,STANDARD
ORD-000939,DC-18,STANDARD,2026-08-12T01:35:00,2026-08-12T13:35:00,RELEASED,RELEASED,MEA,NEXT_DAY
ORD-000940,DC-16,STANDARD,2026-09-03T14:59:00,2026-09-04T02:59:00,EXCEPTION,EXCEPTION,EU,NEXT_DAY
ORD-000941,DC-06,STANDARD,2026-08-06T05:12:00,2026-08-06T09:12:00,PICKING,HOLD,MEA,SAME_DAY
ORD-000942,DC-12,STANDARD,2026-08-04T00:51:00,2026-08-04T06:51:00,EXCEPTION,HOLD,APAC,SAME_DAY
ORD-000943,DC-16,STANDARD,2026-08-07T15:13:00,2026-08-07T19:13:00,SHIPPED,SHIPPED,APAC,NEXT_DAY
ORD-000944,DC-09,EXPEDITE,2026-08-14T20:37:00,2026-08-15T20:37:00,RELEASED,EXCEPTION,NA,STANDARD
ORD-000945,DC-18,STANDARD,2026-08-03T16:28:00,2026-08-04T00:28:00,PACKING,EXCEPTION,NA,SAME_DAY
ORD-000946,DC-15,STANDARD,2026-08-05T05:00:00,2026-08-05T09:00:00,PACKING,HOLD,EU,NEXT_DAY
ORD-000947,DC-09,STANDARD,2026-09-04T18:12:00,2026-09-04T22:12:00,PICKING,HOLD,NA,SAME_DAY
ORD-000948,DC-08,STANDARD,2026-08-30T17:54:00,2026-08-31T01:54:00,RELEASED,RELEASED,LATAM,SAME_DAY
ORD-000949,DC-01,STANDARD,2026-08-31T20:12:00,2026-09-01T08:12:00,RELEASED,RELEASED,NA,SAME_DAY
ORD-000950,DC-04,CRITICAL,2026-08-15T19:44:00,2026-08-16T07:44:00,STAGED,STAGED,EU,SAME_DAY
ORD-000951,DC-17,EXPEDITE,2026-08-31T16:20:00,2026-09-01T04:20:00,SHIPPED,SHIPPED,NA,STANDARD
ORD-000952,DC-10,EXPEDITE,2026-08-28T16:24:00,2026-08-28T20:24:00,RELEASED,HOLD,NA,NEXT_DAY
ORD-000953,DC-13,EXPEDITE,2026-08-20T20:31:00,2026-08-21T02:31:00,RELEASED,RELEASED,NA,STANDARD
ORD-000954,DC-05,STANDARD,2026-08-08T05:48:00,2026-08-09T05:48:00,PICKING,PICKING,NA,STANDARD
ORD-000955,DC-01,EXPEDITE,2026-08-04T01:47:00,2026-08-04T13:47:00,STAGED,STAGED,APAC,SAME_DAY
ORD-000956,DC-17,STANDARD,2026-09-04T08:26:00,2026-09-05T08:26:00,STAGED,EXCEPTION,LATAM,STANDARD
ORD-000957,DC-02,STANDARD,2026-08-24T10:19:00,2026-08-25T10:19:00,STAGED,HOLD,NA,SAME_DAY
ORD-000958,DC-09,STANDARD,2026-08-26T11:38:00,2026-08-26T17:38:00,EXCEPTION,EXCEPTION,APAC,NEXT_DAY
ORD-000959,DC-14,STANDARD,2026-08-24T10:59:00,2026-08-24T22:59:00,ALLOCATED,HOLD,MEA,STANDARD
ORD-000960,DC-14,CRITICAL,2026-08-16T06:01:00,2026-08-16T12:01:00,SHIPPED,SHIPPED,MEA,SAME_DAY
ORD-000961,DC-06,CRITICAL,2026-08-14T06:32:00,2026-08-14T10:32:00,PACKING,PACKING,EU,NEXT_DAY
ORD-000962,DC-18,STANDARD,2026-08-24T09:32:00,2026-08-24T13:32:00,EXCEPTION,EXCEPTION,APAC,NEXT_DAY
ORD-000963,DC-17,STANDARD,2026-08-24T01:50:00,2026-08-24T05:50:00,STAGED,HOLD,APAC,SAME_DAY
ORD-000964,DC-14,EXPEDITE,2026-08-25T13:27:00,2026-08-25T17:27:00,SHIPPED,SHIPPED,APAC,NEXT_DAY
ORD-000965,DC-09,STANDARD,2026-09-04T00:30:00,2026-09-05T00:30:00,SHIPPED,SHIPPED,EU,STANDARD
ORD-000966,DC-06,STANDARD,2026-08-05T22:35:00,2026-08-06T22:35:00,EXCEPTION,HOLD,NA,STANDARD
ORD-000967,DC-01,STANDARD,2026-08-10T19:24:00,2026-08-11T19:24:00,SHIPPED,EXCEPTION,MEA,NEXT_DAY
ORD-000968,DC-02,STANDARD,2026-08-31T10:17:00,2026-08-31T14:17:00,SHIPPED,SHIPPED,EU,STANDARD
ORD-000969,DC-11,STANDARD,2026-08-27T22:56:00,2026-08-28T22:56:00,RELEASED,RELEASED,EU,SAME_DAY
ORD-000970,DC-04,STANDARD,2026-09-04T14:22:00,2026-09-05T14:22:00,ALLOCATED,HOLD,EU,NEXT_DAY
ORD-000971,DC-10,STANDARD,2026-08-02T13:36:00,2026-08-03T01:36:00,PACKING,PACKING,EU,NEXT_DAY
ORD-000972,DC-15,STANDARD,2026-08-27T19:18:00,2026-08-28T19:18:00,EXCEPTION,EXCEPTION,LATAM,NEXT_DAY
ORD-000973,DC-18,STANDARD,2026-08-08T09:33:00,2026-08-08T13:33:00,ALLOCATED,HOLD,EU,NEXT_DAY
ORD-000974,DC-06,CRITICAL,2026-08-09T12:22:00,2026-08-09T20:22:00,PICKING,HOLD,APAC,SAME_DAY
ORD-000975,DC-16,STANDARD,2026-08-01T08:15:00,2026-08-01T14:15:00,ALLOCATED,ALLOCATED,LATAM,NEXT_DAY
ORD-000976,DC-03,STANDARD,2026-08-23T04:49:00,2026-08-23T12:49:00,RELEASED,RELEASED,NA,NEXT_DAY
ORD-000977,DC-06,EXPEDITE,2026-08-04T03:53:00,2026-08-04T15:53:00,ALLOCATED,ALLOCATED,LATAM,STANDARD
ORD-000978,DC-08,STANDARD,2026-08-08T04:25:00,2026-08-08T16:25:00,EXCEPTION,EXCEPTION,NA,STANDARD
ORD-000979,DC-17,EXPEDITE,2026-08-26T18:46:00,2026-08-27T06:46:00,PICKING,PICKING,APAC,SAME_DAY
ORD-000980,DC-06,STANDARD,2026-08-18T15:28:00,2026-08-19T03:28:00,EXCEPTION,EXCEPTION,MEA,SAME_DAY
ORD-000981,DC-05,STANDARD,2026-08-23T19:16:00,2026-08-23T23:16:00,SHIPPED,SHIPPED,LATAM,SAME_DAY
ORD-000982,DC-06,STANDARD,2026-08-10T08:49:00,2026-08-10T20:49:00,RELEASED,RELEASED,APAC,STANDARD
ORD-000983,DC-13,STANDARD,2026-08-26T12:29:00,2026-08-27T12:29:00,PACKING,EXCEPTION,EU,SAME_DAY
ORD-000984,DC-10,CRITICAL,2026-08-29T14:45:00,2026-08-29T22:45:00,ALLOCATED,HOLD,MEA,STANDARD
ORD-000985,DC-18,STANDARD,2026-08-28T17:14:00,2026-08-28T21:14:00,STAGED,HOLD,EU,STANDARD
ORD-000986,DC-13,EXPEDITE,2026-08-24T21:05:00,2026-08-25T03:05:00,ALLOCATED,ALLOCATED,APAC,NEXT_DAY
ORD-000987,DC-13,EXPEDITE,2026-08-22T04:48:00,2026-08-22T10:48:00,STAGED,EXCEPTION,MEA,NEXT_DAY
ORD-000988,DC-01,STANDARD,2026-08-12T01:41:00,2026-08-13T01:41:00,RELEASED,RELEASED,MEA,SAME_DAY
ORD-000989,DC-01,STANDARD,2026-08-09T11:06:00,2026-08-09T15:06:00,SHIPPED,EXCEPTION,APAC,STANDARD
ORD-000990,DC-09,STANDARD,2026-08-17T16:51:00,2026-08-18T16:51:00,PICKING,PICKING,NA,STANDARD
ORD-000991,DC-11,EXPEDITE,2026-08-13T00:35:00,2026-08-13T08:35:00,STAGED,STAGED,NA,SAME_DAY
ORD-000992,DC-11,CRITICAL,2026-08-24T08:28:00,2026-08-24T16:28:00,PACKING,PACKING,MEA,SAME_DAY
ORD-000993,DC-17,CRITICAL,2026-09-04T13:57:00,2026-09-04T19:57:00,EXCEPTION,EXCEPTION,MEA,NEXT_DAY
ORD-000994,DC-05,CRITICAL,2026-08-29T19:35:00,2026-08-29T23:35:00,STAGED,STAGED,LATAM,NEXT_DAY
ORD-000995,DC-09,STANDARD,2026-08-10T23:25:00,2026-08-11T11:25:00,RELEASED,RELEASED,NA,STANDARD
ORD-000996,DC-10,STANDARD,2026-08-31T22:03:00,2026-09-01T04:03:00,ALLOCATED,ALLOCATED,NA,SAME_DAY
ORD-000997,DC-03,STANDARD,2026-08-03T05:00:00,2026-08-04T05:00:00,STAGED,STAGED,NA,STANDARD
ORD-000998,DC-11,STANDARD,2026-08-16T13:42:00,2026-08-16T19:42:00,ALLOCATED,EXCEPTION,MEA,STANDARD
ORD-000999,DC-17,STANDARD,2026-09-04T03:34:00,2026-09-04T11:34:00,ALLOCATED,HOLD,MEA,NEXT_DAY
ORD-001000,DC-06,EXPEDITE,2026-08-19T13:47:00,2026-08-19T17:47:00,EXCEPTION,EXCEPTION,NA,SAME_DAY
ORD-001001,DC-06,EXPEDITE,2026-08-23T07:33:00,2026-08-23T11:33:00,SHIPPED,SHIPPED,NA,SAME_DAY
ORD-001002,DC-12,STANDARD,2026-08-20T02:52:00,2026-08-20T06:52:00,RELEASED,RELEASED,MEA,STANDARD
ORD-001003,DC-17,STANDARD,2026-08-07T01:58:00,2026-08-08T01:58:00,ALLOCATED,HOLD,NA,STANDARD
ORD-001004,DC-16,EXPEDITE,2026-08-23T04:42:00,2026-08-23T10:42:00,SHIPPED,EXCEPTION,LATAM,STANDARD
ORD-001005,DC-03,STANDARD,2026-08-02T15:24:00,2026-08-02T21:24:00,STAGED,STAGED,LATAM,STANDARD
ORD-001006,DC-13,EXPEDITE,2026-09-05T04:33:00,2026-09-05T08:33:00,PACKING,EXCEPTION,EU,STANDARD
ORD-001007,DC-04,STANDARD,2026-08-30T16:49:00,2026-08-31T00:49:00,ALLOCATED,ALLOCATED,MEA,STANDARD
ORD-001008,DC-18,STANDARD,2026-08-18T02:38:00,2026-08-18T08:38:00,PACKING,PACKING,LATAM,NEXT_DAY
ORD-001009,DC-11,STANDARD,2026-09-02T19:14:00,2026-09-03T03:14:00,EXCEPTION,HOLD,MEA,STANDARD
ORD-001010,DC-06,STANDARD,2026-08-24T16:29:00,2026-08-25T04:29:00,PICKING,PICKING,EU,SAME_DAY
ORD-001011,DC-02,STANDARD,2026-08-25T19:19:00,2026-08-26T01:19:00,PACKING,EXCEPTION,MEA,NEXT_DAY
ORD-001012,DC-13,STANDARD,2026-09-01T06:39:00,2026-09-01T18:39:00,STAGED,STAGED,APAC,STANDARD
ORD-001013,DC-04,EXPEDITE,2026-08-14T22:05:00,2026-08-15T10:05:00,PICKING,PICKING,LATAM,STANDARD
ORD-001014,DC-06,STANDARD,2026-08-23T14:16:00,2026-08-23T22:16:00,SHIPPED,SHIPPED,EU,STANDARD
ORD-001015,DC-08,CRITICAL,2026-08-04T08:04:00,2026-08-04T14:04:00,PICKING,PICKING,EU,NEXT_DAY
ORD-001016,DC-06,STANDARD,2026-08-02T03:48:00,2026-08-03T03:48:00,SHIPPED,EXCEPTION,APAC,NEXT_DAY
ORD-001017,DC-01,EXPEDITE,2026-08-09T12:32:00,2026-08-09T20:32:00,ALLOCATED,ALLOCATED,NA,STANDARD
ORD-001018,DC-02,STANDARD,2026-08-07T10:09:00,2026-08-07T18:09:00,EXCEPTION,EXCEPTION,APAC,NEXT_DAY
ORD-001019,DC-01,STANDARD,2026-08-12T11:49:00,2026-08-12T19:49:00,EXCEPTION,HOLD,APAC,STANDARD
ORD-001020,DC-10,STANDARD,2026-08-11T05:35:00,2026-08-11T11:35:00,PICKING,HOLD,MEA,STANDARD
ORD-001021,DC-01,EXPEDITE,2026-08-20T04:52:00,2026-08-21T04:52:00,STAGED,EXCEPTION,NA,STANDARD
ORD-001022,DC-09,STANDARD,2026-08-27T23:07:00,2026-08-28T05:07:00,EXCEPTION,EXCEPTION,EU,NEXT_DAY
ORD-001023,DC-17,STANDARD,2026-08-11T05:29:00,2026-08-11T17:29:00,PICKING,PICKING,LATAM,SAME_DAY
ORD-001024,DC-01,STANDARD,2026-08-27T18:20:00,2026-08-28T00:20:00,ALLOCATED,ALLOCATED,MEA,SAME_DAY
ORD-001025,DC-08,STANDARD,2026-08-02T11:31:00,2026-08-03T11:31:00,EXCEPTION,EXCEPTION,EU,SAME_DAY
ORD-001026,DC-04,STANDARD,2026-08-21T13:10:00,2026-08-21T21:10:00,RELEASED,RELEASED,NA,STANDARD
ORD-001027,DC-14,STANDARD,2026-08-21T11:47:00,2026-08-21T19:47:00,EXCEPTION,EXCEPTION,EU,STANDARD
ORD-001028,DC-18,EXPEDITE,2026-08-22T06:57:00,2026-08-23T06:57:00,RELEASED,HOLD,NA,STANDARD
ORD-001029,DC-14,EXPEDITE,2026-08-27T07:38:00,2026-08-27T11:38:00,RELEASED,HOLD,APAC,STANDARD
ORD-001030,DC-04,EXPEDITE,2026-08-07T01:08:00,2026-08-07T07:08:00,PICKING,PICKING,LATAM,STANDARD
ORD-001031,DC-18,STANDARD,2026-08-15T09:15:00,2026-08-15T17:15:00,RELEASED,RELEASED,EU,SAME_DAY
ORD-001032,DC-07,STANDARD,2026-08-25T16:58:00,2026-08-26T00:58:00,PICKING,PICKING,NA,SAME_DAY
ORD-001033,DC-07,EXPEDITE,2026-08-07T23:36:00,2026-08-08T11:36:00,PICKING,PICKING,APAC,SAME_DAY
ORD-001034,DC-02,STANDARD,2026-08-14T19:08:00,2026-08-15T03:08:00,ALLOCATED,ALLOCATED,MEA,NEXT_DAY
ORD-001035,DC-10,STANDARD,2026-08-02T12:22:00,2026-08-03T00:22:00,ALLOCATED,HOLD,MEA,SAME_DAY
ORD-001036,DC-11,STANDARD,2026-08-24T15:51:00,2026-08-24T21:51:00,ALLOCATED,ALLOCATED,MEA,SAME_DAY
ORD-001037,DC-09,EXPEDITE,2026-08-18T18:20:00,2026-08-19T00:20:00,EXCEPTION,EXCEPTION,EU,SAME_DAY
ORD-001038,DC-07,CRITICAL,2026-08-31T04:19:00,2026-08-31T16:19:00,ALLOCATED,ALLOCATED,APAC,STANDARD
ORD-001039,DC-17,STANDARD,2026-08-27T11:18:00,2026-08-27T19:18:00,ALLOCATED,EXCEPTION,APAC,STANDARD
ORD-001040,DC-06,STANDARD,2026-08-14T18:38:00,2026-08-15T02:38:00,SHIPPED,EXCEPTION,EU,STANDARD
ORD-001041,DC-12,STANDARD,2026-08-23T13:38:00,2026-08-23T17:38:00,PACKING,PACKING,EU,NEXT_DAY
ORD-001042,DC-04,STANDARD,2026-08-22T02:59:00,2026-08-22T08:59:00,ALLOCATED,EXCEPTION,LATAM,NEXT_DAY
ORD-001043,DC-06,STANDARD,2026-08-05T05:29:00,2026-08-06T05:29:00,RELEASED,EXCEPTION,APAC,SAME_DAY
ORD-001044,DC-10,STANDARD,2026-08-05T15:30:00,2026-08-05T23:30:00,ALLOCATED,HOLD,NA,NEXT_DAY
ORD-001045,DC-09,CRITICAL,2026-08-24T03:49:00,2026-08-24T15:49:00,PACKING,HOLD,MEA,SAME_DAY
ORD-001046,DC-14,STANDARD,2026-08-09T21:38:00,2026-08-10T21:38:00,SHIPPED,SHIPPED,MEA,SAME_DAY
ORD-001047,DC-12,STANDARD,2026-08-04T13:33:00,2026-08-05T13:33:00,STAGED,STAGED,APAC,SAME_DAY
ORD-001048,DC-13,STANDARD,2026-08-25T03:47:00,2026-08-25T09:47:00,PACKING,PACKING,LATAM,STANDARD
ORD-001049,DC-09,EXPEDITE,2026-08-07T10:10:00,2026-08-07T18:10:00,PACKING,EXCEPTION,MEA,NEXT_DAY
ORD-001050,DC-16,STANDARD,2026-08-16T18:25:00,2026-08-17T02:25:00,ALLOCATED,ALLOCATED,EU,SAME_DAY
ORD-001051,DC-08,STANDARD,2026-08-19T14:14:00,2026-08-19T20:14:00,SHIPPED,EXCEPTION,MEA,STANDARD
ORD-001052,DC-07,STANDARD,2026-08-29T06:50:00,2026-08-30T06:50:00,PICKING,EXCEPTION,MEA,SAME_DAY
ORD-001053,DC-15,STANDARD,2026-08-26T20:13:00,2026-08-27T00:13:00,STAGED,STAGED,EU,SAME_DAY
ORD-001054,DC-16,STANDARD,2026-08-23T14:54:00,2026-08-23T20:54:00,PACKING,PACKING,NA,NEXT_DAY
ORD-001055,DC-02,STANDARD,2026-08-27T19:52:00,2026-08-28T03:52:00,SHIPPED,SHIPPED,MEA,NEXT_DAY
ORD-001056,DC-05,STANDARD,2026-08-14T23:43:00,2026-08-15T11:43:00,EXCEPTION,EXCEPTION,NA,NEXT_DAY
ORD-001057,DC-17,STANDARD,2026-09-03T09:55:00,2026-09-03T21:55:00,STAGED,HOLD,EU,NEXT_DAY
ORD-001058,DC-15,EXPEDITE,2026-08-11T07:59:00,2026-08-11T13:59:00,EXCEPTION,EXCEPTION,LATAM,SAME_DAY
ORD-001059,DC-08,EXPEDITE,2026-08-11T20:07:00,2026-08-12T20:07:00,SHIPPED,SHIPPED,EU,STANDARD
ORD-001060,DC-16,STANDARD,2026-09-03T06:30:00,2026-09-03T10:30:00,STAGED,STAGED,LATAM,NEXT_DAY
ORD-001061,DC-14,STANDARD,2026-08-18T04:36:00,2026-08-18T12:36:00,SHIPPED,SHIPPED,MEA,NEXT_DAY
ORD-001062,DC-10,STANDARD,2026-08-08T07:35:00,2026-08-08T19:35:00,ALLOCATED,ALLOCATED,NA,STANDARD
ORD-001063,DC-08,EXPEDITE,2026-08-20T23:15:00,2026-08-21T23:15:00,PICKING,PICKING,LATAM,NEXT_DAY
ORD-001064,DC-04,STANDARD,2026-08-27T17:17:00,2026-08-27T21:17:00,EXCEPTION,EXCEPTION,MEA,NEXT_DAY
ORD-001065,DC-16,EXPEDITE,2026-08-15T11:38:00,2026-08-15T23:38:00,SHIPPED,SHIPPED,NA,SAME_DAY
ORD-001066,DC-18,STANDARD,2026-08-04T19:29:00,2026-08-05T03:29:00,PACKING,HOLD,EU,SAME_DAY
ORD-001067,DC-13,STANDARD,2026-09-02T02:02:00,2026-09-02T06:02:00,SHIPPED,SHIPPED,LATAM,NEXT_DAY
ORD-001068,DC-11,STANDARD,2026-08-16T09:15:00,2026-08-16T13:15:00,PACKING,PACKING,EU,STANDARD
ORD-001069,DC-05,STANDARD,2026-08-20T00:37:00,2026-08-21T00:37:00,PACKING,PACKING,NA,STANDARD
ORD-001070,DC-18,STANDARD,2026-08-17T06:12:00,2026-08-17T10:12:00,STAGED,STAGED,EU,SAME_DAY
ORD-001071,DC-11,STANDARD,2026-08-28T18:16:00,2026-08-29T00:16:00,PICKING,EXCEPTION,EU,NEXT_DAY
ORD-001072,DC-18,CRITICAL,2026-08-07T02:37:00,2026-08-07T08:37:00,STAGED,STAGED,APAC,STANDARD
ORD-001073,DC-09,STANDARD,2026-08-10T15:41:00,2026-08-10T21:41:00,ALLOCATED,ALLOCATED,NA,SAME_DAY
ORD-001074,DC-02,STANDARD,2026-08-11T16:14:00,2026-08-12T00:14:00,SHIPPED,EXCEPTION,EU,STANDARD
ORD-001075,DC-10,STANDARD,2026-08-02T14:22:00,2026-08-02T20:22:00,PICKING,PICKING,APAC,NEXT_DAY
ORD-001076,DC-01,STANDARD,2026-08-22T02:25:00,2026-08-22T10:25:00,PICKING,PICKING,MEA,STANDARD
ORD-001077,DC-06,STANDARD,2026-08-20T09:57:00,2026-08-20T17:57:00,STAGED,STAGED,EU,SAME_DAY
ORD-001078,DC-12,STANDARD,2026-08-11T01:38:00,2026-08-11T07:38:00,RELEASED,RELEASED,MEA,STANDARD
ORD-001079,DC-09,STANDARD,2026-08-10T07:57:00,2026-08-11T07:57:00,EXCEPTION,HOLD,EU,STANDARD
ORD-001080,DC-18,STANDARD,2026-08-26T08:23:00,2026-08-26T16:23:00,ALLOCATED,ALLOCATED,LATAM,NEXT_DAY
ORD-001081,DC-08,STANDARD,2026-08-02T08:02:00,2026-08-02T20:02:00,SHIPPED,SHIPPED,APAC,STANDARD
ORD-001082,DC-06,STANDARD,2026-09-04T00:14:00,2026-09-04T08:14:00,PICKING,EXCEPTION,EU,SAME_DAY
ORD-001083,DC-02,STANDARD,2026-08-28T07:04:00,2026-08-28T11:04:00,RELEASED,HOLD,EU,STANDARD
ORD-001084,DC-01,STANDARD,2026-08-28T19:44:00,2026-08-28T23:44:00,RELEASED,EXCEPTION,NA,NEXT_DAY
ORD-001085,DC-13,STANDARD,2026-08-30T10:29:00,2026-08-30T22:29:00,SHIPPED,SHIPPED,EU,NEXT_DAY
ORD-001086,DC-16,STANDARD,2026-08-06T12:40:00,2026-08-06T16:40:00,STAGED,STAGED,EU,SAME_DAY
ORD-001087,DC-18,EXPEDITE,2026-09-03T12:06:00,2026-09-03T16:06:00,SHIPPED,SHIPPED,MEA,STANDARD
ORD-001088,DC-01,CRITICAL,2026-08-14T08:29:00,2026-08-14T20:29:00,SHIPPED,HOLD,APAC,SAME_DAY
ORD-001089,DC-14,STANDARD,2026-08-14T11:28:00,2026-08-14T23:28:00,RELEASED,RELEASED,APAC,SAME_DAY
ORD-001090,DC-01,STANDARD,2026-08-23T12:18:00,2026-08-23T20:18:00,PACKING,HOLD,LATAM,NEXT_DAY
ORD-001091,DC-06,STANDARD,2026-09-05T02:55:00,2026-09-05T10:55:00,PACKING,PACKING,APAC,SAME_DAY
ORD-001092,DC-11,EXPEDITE,2026-09-05T00:28:00,2026-09-05T06:28:00,RELEASED,RELEASED,LATAM,NEXT_DAY
ORD-001093,DC-16,STANDARD,2026-08-29T01:23:00,2026-08-29T07:23:00,PACKING,PACKING,MEA,NEXT_DAY
ORD-001094,DC-09,STANDARD,2026-08-09T15:39:00,2026-08-09T21:39:00,PACKING,PACKING,APAC,NEXT_DAY
ORD-001095,DC-01,STANDARD,2026-08-10T12:55:00,2026-08-11T00:55:00,ALLOCATED,EXCEPTION,EU,STANDARD
ORD-001096,DC-17,CRITICAL,2026-08-23T17:48:00,2026-08-24T01:48:00,EXCEPTION,EXCEPTION,EU,SAME_DAY
ORD-001097,DC-09,STANDARD,2026-08-03T00:14:00,2026-08-03T04:14:00,PACKING,PACKING,LATAM,NEXT_DAY
ORD-001098,DC-05,STANDARD,2026-08-24T03:50:00,2026-08-24T15:50:00,STAGED,STAGED,NA,NEXT_DAY
ORD-001099,DC-18,CRITICAL,2026-08-22T16:20:00,2026-08-23T04:20:00,SHIPPED,HOLD,EU,STANDARD
ORD-001100,DC-03,STANDARD,2026-08-25T16:37:00,2026-08-25T20:37:00,PACKING,PACKING,EU,STANDARD
ORD-001101,DC-01,STANDARD,2026-08-30T05:16:00,2026-08-30T13:16:00,ALLOCATED,EXCEPTION,LATAM,STANDARD
ORD-001102,DC-11,CRITICAL,2026-08-13T11:50:00,2026-08-13T17:50:00,PICKING,HOLD,LATAM,STANDARD
ORD-001103,DC-16,STANDARD,2026-09-04T14:56:00,2026-09-04T22:56:00,PACKING,PACKING,EU,STANDARD
ORD-001104,DC-17,EXPEDITE,2026-08-29T18:00:00,2026-08-30T02:00:00,STAGED,EXCEPTION,APAC,STANDARD
ORD-001105,DC-17,EXPEDITE,2026-08-20T17:36:00,2026-08-21T05:36:00,STAGED,STAGED,MEA,STANDARD
ORD-001106,DC-11,STANDARD,2026-08-05T04:12:00,2026-08-05T16:12:00,PICKING,PICKING,LATAM,SAME_DAY
ORD-001107,DC-12,EXPEDITE,2026-08-14T14:49:00,2026-08-15T02:49:00,ALLOCATED,ALLOCATED,NA,SAME_DAY
ORD-001108,DC-14,STANDARD,2026-08-08T08:46:00,2026-08-08T12:46:00,RELEASED,RELEASED,MEA,STANDARD
ORD-001109,DC-14,STANDARD,2026-08-19T12:32:00,2026-08-19T18:32:00,ALLOCATED,EXCEPTION,LATAM,STANDARD
ORD-001110,DC-11,STANDARD,2026-08-31T05:28:00,2026-09-01T05:28:00,EXCEPTION,EXCEPTION,NA,SAME_DAY
ORD-001111,DC-07,STANDARD,2026-08-24T00:16:00,2026-08-24T08:16:00,ALLOCATED,ALLOCATED,NA,STANDARD
ORD-001112,DC-09,STANDARD,2026-08-10T09:46:00,2026-08-10T15:46:00,SHIPPED,HOLD,NA,NEXT_DAY
ORD-001113,DC-16,STANDARD,2026-08-15T01:10:00,2026-08-15T05:10:00,STAGED,HOLD,APAC,SAME_DAY
ORD-001114,DC-03,STANDARD,2026-08-16T06:30:00,2026-08-16T18:30:00,PICKING,PICKING,LATAM,SAME_DAY
ORD-001115,DC-02,STANDARD,2026-08-20T22:43:00,2026-08-21T10:43:00,SHIPPED,SHIPPED,APAC,SAME_DAY
ORD-001116,DC-07,STANDARD,2026-08-15T13:57:00,2026-08-16T01:57:00,STAGED,STAGED,NA,SAME_DAY
ORD-001117,DC-16,EXPEDITE,2026-08-12T12:06:00,2026-08-13T00:06:00,SHIPPED,SHIPPED,EU,NEXT_DAY
ORD-001118,DC-04,STANDARD,2026-08-29T04:07:00,2026-08-29T10:07:00,EXCEPTION,EXCEPTION,APAC,NEXT_DAY
ORD-001119,DC-10,STANDARD,2026-08-19T07:54:00,2026-08-19T15:54:00,RELEASED,RELEASED,NA,STANDARD
ORD-001120,DC-03,STANDARD,2026-08-12T17:23:00,2026-08-12T21:23:00,RELEASED,RELEASED,MEA,STANDARD
ORD-001121,DC-07,STANDARD,2026-08-23T04:11:00,2026-08-23T16:11:00,STAGED,EXCEPTION,EU,NEXT_DAY
ORD-001122,DC-17,STANDARD,2026-08-30T06:40:00,2026-08-31T06:40:00,STAGED,STAGED,EU,SAME_DAY
ORD-001123,DC-01,STANDARD,2026-08-29T09:45:00,2026-08-29T13:45:00,SHIPPED,SHIPPED,EU,SAME_DAY
ORD-001124,DC-05,EXPEDITE,2026-08-28T16:42:00,2026-08-29T16:42:00,ALLOCATED,HOLD,APAC,SAME_DAY
ORD-001125,DC-12,EXPEDITE,2026-08-21T08:50:00,2026-08-21T16:50:00,RELEASED,RELEASED,APAC,STANDARD
ORD-001126,DC-15,STANDARD,2026-08-17T09:23:00,2026-08-17T21:23:00,EXCEPTION,EXCEPTION,MEA,NEXT_DAY
ORD-001127,DC-15,STANDARD,2026-08-23T08:31:00,2026-08-24T08:31:00,RELEASED,HOLD,MEA,STANDARD
ORD-001128,DC-17,STANDARD,2026-08-21T12:09:00,2026-08-21T18:09:00,STAGED,HOLD,MEA,SAME_DAY
ORD-001129,DC-05,EXPEDITE,2026-08-23T12:24:00,2026-08-23T18:24:00,SHIPPED,SHIPPED,APAC,NEXT_DAY
ORD-001130,DC-05,STANDARD,2026-08-22T22:25:00,2026-08-23T10:25:00,RELEASED,RELEASED,MEA,STANDARD
ORD-001131,DC-10,STANDARD,2026-08-26T17:58:00,2026-08-26T23:58:00,SHIPPED,EXCEPTION,LATAM,STANDARD
ORD-001132,DC-09,EXPEDITE,2026-08-25T18:16:00,2026-08-26T02:16:00,PACKING,EXCEPTION,NA,SAME_DAY
ORD-001133,DC-03,EXPEDITE,2026-09-02T06:22:00,2026-09-02T18:22:00,PICKING,PICKING,APAC,STANDARD
ORD-001134,DC-17,STANDARD,2026-08-20T01:45:00,2026-08-20T09:45:00,SHIPPED,SHIPPED,MEA,NEXT_DAY
ORD-001135,DC-06,STANDARD,2026-08-11T20:50:00,2026-08-12T04:50:00,EXCEPTION,EXCEPTION,MEA,SAME_DAY
ORD-001136,DC-10,EXPEDITE,2026-08-17T22:53:00,2026-08-18T02:53:00,STAGED,HOLD,LATAM,SAME_DAY
ORD-001137,DC-14,STANDARD,2026-08-01T22:15:00,2026-08-02T10:15:00,RELEASED,RELEASED,LATAM,SAME_DAY
ORD-001138,DC-09,EXPEDITE,2026-08-20T00:20:00,2026-08-20T06:20:00,PICKING,PICKING,EU,STANDARD
ORD-001139,DC-06,CRITICAL,2026-08-16T06:25:00,2026-08-16T18:25:00,ALLOCATED,HOLD,LATAM,STANDARD
ORD-001140,DC-07,STANDARD,2026-08-19T19:06:00,2026-08-20T07:06:00,RELEASED,HOLD,APAC,SAME_DAY
ORD-001141,DC-06,STANDARD,2026-08-28T22:22:00,2026-08-29T10:22:00,STAGED,STAGED,APAC,SAME_DAY
ORD-001142,DC-16,EXPEDITE,2026-08-05T18:59:00,2026-08-06T02:59:00,PICKING,HOLD,LATAM,STANDARD
ORD-001143,DC-17,STANDARD,2026-08-28T07:21:00,2026-08-28T13:21:00,SHIPPED,HOLD,EU,NEXT_DAY
ORD-001144,DC-04,STANDARD,2026-08-24T06:28:00,2026-08-24T18:28:00,SHIPPED,EXCEPTION,APAC,SAME_DAY
ORD-001145,DC-05,CRITICAL,2026-09-04T04:08:00,2026-09-04T08:08:00,STAGED,STAGED,MEA,STANDARD
ORD-001146,DC-16,STANDARD,2026-08-06T01:06:00,2026-08-06T09:06:00,RELEASED,EXCEPTION,NA,SAME_DAY
ORD-001147,DC-18,STANDARD,2026-09-03T13:15:00,2026-09-04T01:15:00,EXCEPTION,EXCEPTION,NA,STANDARD
ORD-001148,DC-12,STANDARD,2026-08-27T17:58:00,2026-08-27T21:58:00,STAGED,EXCEPTION,EU,NEXT_DAY
ORD-001149,DC-16,STANDARD,2026-08-29T11:33:00,2026-08-29T15:33:00,ALLOCATED,EXCEPTION,NA,SAME_DAY
ORD-001150,DC-11,STANDARD,2026-08-21T12:57:00,2026-08-21T20:57:00,PACKING,PACKING,APAC,NEXT_DAY
ORD-001151,DC-10,STANDARD,2026-08-12T20:19:00,2026-08-13T20:19:00,PACKING,PACKING,APAC,NEXT_DAY
ORD-001152,DC-14,STANDARD,2026-08-25T22:31:00,2026-08-26T06:31:00,ALLOCATED,ALLOCATED,EU,NEXT_DAY
ORD-001153,DC-09,EXPEDITE,2026-08-20T06:18:00,2026-08-21T06:18:00,SHIPPED,EXCEPTION,APAC,SAME_DAY
ORD-001154,DC-13,STANDARD,2026-08-10T19:11:00,2026-08-11T01:11:00,EXCEPTION,EXCEPTION,APAC,STANDARD
ORD-001155,DC-11,STANDARD,2026-08-14T02:06:00,2026-08-14T06:06:00,PICKING,PICKING,MEA,STANDARD
ORD-001156,DC-12,EXPEDITE,2026-08-18T00:52:00,2026-08-19T00:52:00,ALLOCATED,ALLOCATED,MEA,STANDARD
ORD-001157,DC-17,EXPEDITE,2026-08-15T13:46:00,2026-08-15T21:46:00,PICKING,EXCEPTION,NA,STANDARD
ORD-001158,DC-17,EXPEDITE,2026-08-10T15:53:00,2026-08-11T03:53:00,EXCEPTION,EXCEPTION,EU,STANDARD
ORD-001159,DC-18,STANDARD,2026-09-02T19:43:00,2026-09-03T01:43:00,EXCEPTION,HOLD,MEA,NEXT_DAY
ORD-001160,DC-13,STANDARD,2026-08-10T16:11:00,2026-08-11T00:11:00,PICKING,PICKING,NA,STANDARD
ORD-001161,DC-10,STANDARD,2026-08-31T14:06:00,2026-09-01T14:06:00,RELEASED,EXCEPTION,LATAM,NEXT_DAY
ORD-001162,DC-06,STANDARD,2026-08-24T05:55:00,2026-08-24T13:55:00,PICKING,PICKING,LATAM,NEXT_DAY
ORD-001163,DC-12,EXPEDITE,2026-08-26T15:05:00,2026-08-27T03:05:00,ALLOCATED,ALLOCATED,EU,NEXT_DAY
ORD-001164,DC-02,STANDARD,2026-08-06T08:07:00,2026-08-06T20:07:00,EXCEPTION,EXCEPTION,EU,STANDARD
ORD-001165,DC-02,STANDARD,2026-09-02T03:34:00,2026-09-02T15:34:00,STAGED,EXCEPTION,APAC,NEXT_DAY
ORD-001166,DC-10,STANDARD,2026-08-12T22:35:00,2026-08-13T22:35:00,ALLOCATED,HOLD,LATAM,STANDARD
ORD-001167,DC-14,STANDARD,2026-08-11T04:30:00,2026-08-11T08:30:00,SHIPPED,SHIPPED,APAC,SAME_DAY
ORD-001168,DC-04,STANDARD,2026-08-24T12:20:00,2026-08-24T16:20:00,PACKING,HOLD,MEA,STANDARD
ORD-001169,DC-14,STANDARD,2026-09-02T05:40:00,2026-09-02T13:40:00,EXCEPTION,HOLD,NA,STANDARD
ORD-001170,DC-17,EXPEDITE,2026-08-12T09:06:00,2026-08-12T15:06:00,PACKING,EXCEPTION,LATAM,SAME_DAY
ORD-001171,DC-04,EXPEDITE,2026-08-03T23:30:00,2026-08-04T23:30:00,SHIPPED,SHIPPED,NA,SAME_DAY
ORD-001172,DC-11,STANDARD,2026-08-06T06:59:00,2026-08-06T14:59:00,ALLOCATED,ALLOCATED,LATAM,NEXT_DAY
ORD-001173,DC-18,STANDARD,2026-08-02T07:36:00,2026-08-02T19:36:00,PICKING,PICKING,NA,NEXT_DAY
ORD-001174,DC-02,STANDARD,2026-09-04T08:43:00,2026-09-04T16:43:00,EXCEPTION,EXCEPTION,EU,NEXT_DAY
ORD-001175,DC-04,STANDARD,2026-08-25T23:25:00,2026-08-26T03:25:00,RELEASED,RELEASED,LATAM,NEXT_DAY
ORD-001176,DC-14,CRITICAL,2026-08-07T19:29:00,2026-08-08T01:29:00,SHIPPED,SHIPPED,APAC,SAME_DAY
ORD-001177,DC-04,CRITICAL,2026-08-26T21:45:00,2026-08-27T03:45:00,ALLOCATED,ALLOCATED,MEA,STANDARD
ORD-001178,DC-10,CRITICAL,2026-09-04T17:12:00,2026-09-05T17:12:00,SHIPPED,SHIPPED,MEA,SAME_DAY
ORD-001179,DC-04,EXPEDITE,2026-08-15T14:22:00,2026-08-15T18:22:00,PICKING,EXCEPTION,APAC,STANDARD
ORD-001180,DC-10,STANDARD,2026-08-08T01:00:00,2026-08-08T13:00:00,EXCEPTION,HOLD,LATAM,NEXT_DAY
ORD-001181,DC-08,STANDARD,2026-08-27T14:39:00,2026-08-28T14:39:00,ALLOCATED,ALLOCATED,APAC,NEXT_DAY
ORD-001182,DC-07,STANDARD,2026-08-23T14:57:00,2026-08-24T02:57:00,RELEASED,EXCEPTION,APAC,NEXT_DAY
ORD-001183,DC-09,STANDARD,2026-08-21T05:51:00,2026-08-21T13:51:00,RELEASED,RELEASED,NA,SAME_DAY
ORD-001184,DC-02,STANDARD,2026-08-15T04:19:00,2026-08-15T12:19:00,SHIPPED,HOLD,EU,STANDARD
ORD-001185,DC-04,STANDARD,2026-08-29T08:13:00,2026-08-30T08:13:00,EXCEPTION,EXCEPTION,NA,NEXT_DAY
ORD-001186,DC-15,EXPEDITE,2026-08-09T05:01:00,2026-08-09T13:01:00,SHIPPED,SHIPPED,LATAM,SAME_DAY
ORD-001187,DC-17,STANDARD,2026-08-10T06:47:00,2026-08-10T14:47:00,PACKING,PACKING,APAC,NEXT_DAY
ORD-001188,DC-08,STANDARD,2026-08-25T22:37:00,2026-08-26T06:37:00,RELEASED,HOLD,LATAM,NEXT_DAY
ORD-001189,DC-07,STANDARD,2026-08-21T12:15:00,2026-08-21T20:15:00,EXCEPTION,EXCEPTION,LATAM,SAME_DAY
ORD-001190,DC-10,EXPEDITE,2026-08-22T14:16:00,2026-08-22T20:16:00,ALLOCATED,HOLD,EU,SAME_DAY
ORD-001191,DC-08,STANDARD,2026-08-31T22:00:00,2026-09-01T10:00:00,PACKING,PACKING,EU,STANDARD
ORD-001192,DC-04,STANDARD,2026-08-06T19:11:00,2026-08-07T01:11:00,EXCEPTION,EXCEPTION,APAC,SAME_DAY
ORD-001193,DC-01,STANDARD,2026-08-23T11:04:00,2026-08-23T15:04:00,RELEASED,RELEASED,EU,SAME_DAY
ORD-001194,DC-12,STANDARD,2026-09-04T22:28:00,2026-09-05T22:28:00,PICKING,PICKING,NA,NEXT_DAY
ORD-001195,DC-18,STANDARD,2026-09-04T08:31:00,2026-09-04T14:31:00,PACKING,PACKING,LATAM,SAME_DAY
ORD-001196,DC-18,STANDARD,2026-08-12T13:11:00,2026-08-12T21:11:00,PACKING,PACKING,MEA,STANDARD
ORD-001197,DC-07,EXPEDITE,2026-09-05T02:06:00,2026-09-05T06:06:00,EXCEPTION,EXCEPTION,MEA,SAME_DAY
ORD-001198,DC-17,STANDARD,2026-08-28T21:40:00,2026-08-29T05:40:00,PACKING,PACKING,LATAM,SAME_DAY
ORD-001199,DC-05,STANDARD,2026-08-23T01:49:00,2026-08-23T09:49:00,SHIPPED,SHIPPED,NA,STANDARD
ORD-001200,DC-13,STANDARD,2026-08-10T12:09:00,2026-08-10T16:09:00,PACKING,PACKING,MEA,SAME_DAY
ORD-001201,DC-07,STANDARD,2026-08-28T18:17:00,2026-08-28T22:17:00,EXCEPTION,EXCEPTION,EU,SAME_DAY
ORD-001202,DC-09,STANDARD,2026-08-12T15:24:00,2026-08-12T19:24:00,STAGED,STAGED,NA,NEXT_DAY
ORD-001203,DC-12,EXPEDITE,2026-08-01T16:22:00,2026-08-02T00:22:00,EXCEPTION,EXCEPTION,EU,NEXT_DAY
ORD-001204,DC-16,STANDARD,2026-08-10T05:25:00,2026-08-10T17:25:00,PACKING,PACKING,APAC,STANDARD
ORD-001205,DC-17,STANDARD,2026-08-02T09:00:00,2026-08-02T15:00:00,RELEASED,RELEASED,NA,SAME_DAY
ORD-001206,DC-10,EXPEDITE,2026-08-07T21:27:00,2026-08-08T21:27:00,SHIPPED,SHIPPED,EU,STANDARD
ORD-001207,DC-11,EXPEDITE,2026-08-19T14:07:00,2026-08-20T14:07:00,STAGED,STAGED,EU,NEXT_DAY
ORD-001208,DC-07,STANDARD,2026-08-28T01:02:00,2026-08-28T09:02:00,RELEASED,RELEASED,NA,SAME_DAY
ORD-001209,DC-07,STANDARD,2026-09-02T12:04:00,2026-09-02T20:04:00,SHIPPED,SHIPPED,EU,SAME_DAY
ORD-001210,DC-02,STANDARD,2026-08-02T11:48:00,2026-08-02T23:48:00,PICKING,EXCEPTION,MEA,STANDARD
ORD-001211,DC-18,STANDARD,2026-08-22T18:55:00,2026-08-22T22:55:00,PICKING,PICKING,APAC,STANDARD
ORD-001212,DC-09,CRITICAL,2026-08-02T03:40:00,2026-08-03T03:40:00,RELEASED,RELEASED,MEA,NEXT_DAY
ORD-001213,DC-10,STANDARD,2026-08-30T04:46:00,2026-08-30T08:46:00,PICKING,EXCEPTION,LATAM,STANDARD
ORD-001214,DC-15,STANDARD,2026-08-11T02:11:00,2026-08-11T10:11:00,EXCEPTION,EXCEPTION,EU,NEXT_DAY
ORD-001215,DC-15,STANDARD,2026-09-03T13:44:00,2026-09-04T01:44:00,PACKING,PACKING,NA,NEXT_DAY
ORD-001216,DC-14,STANDARD,2026-08-20T07:52:00,2026-08-20T19:52:00,RELEASED,HOLD,NA,NEXT_DAY
ORD-001217,DC-01,CRITICAL,2026-08-29T12:17:00,2026-08-29T20:17:00,STAGED,EXCEPTION,MEA,STANDARD
ORD-001218,DC-18,STANDARD,2026-08-03T00:09:00,2026-08-03T04:09:00,RELEASED,RELEASED,LATAM,STANDARD
ORD-001219,DC-07,STANDARD,2026-08-20T03:20:00,2026-08-20T09:20:00,SHIPPED,HOLD,LATAM,STANDARD
ORD-001220,DC-09,CRITICAL,2026-09-04T10:16:00,2026-09-05T10:16:00,ALLOCATED,HOLD,LATAM,SAME_DAY
ORD-001221,DC-07,STANDARD,2026-08-16T13:43:00,2026-08-16T19:43:00,STAGED,EXCEPTION,LATAM,NEXT_DAY
ORD-001222,DC-05,STANDARD,2026-08-02T16:22:00,2026-08-02T22:22:00,SHIPPED,SHIPPED,LATAM,NEXT_DAY
ORD-001223,DC-08,STANDARD,2026-08-26T10:58:00,2026-08-26T18:58:00,STAGED,STAGED,LATAM,SAME_DAY
ORD-001224,DC-02,STANDARD,2026-08-05T21:20:00,2026-08-06T09:20:00,PACKING,HOLD,LATAM,NEXT_DAY
ORD-001225,DC-17,STANDARD,2026-08-05T18:03:00,2026-08-06T18:03:00,EXCEPTION,EXCEPTION,EU,STANDARD
ORD-001226,DC-07,CRITICAL,2026-08-29T10:38:00,2026-08-29T16:38:00,STAGED,STAGED,NA,SAME_DAY
ORD-001227,DC-10,STANDARD,2026-08-20T10:41:00,2026-08-20T16:41:00,PACKING,HOLD,NA,STANDARD
ORD-001228,DC-11,STANDARD,2026-08-12T12:24:00,2026-08-12T18:24:00,PICKING,PICKING,MEA,STANDARD
ORD-001229,DC-10,STANDARD,2026-09-03T09:15:00,2026-09-03T17:15:00,PACKING,EXCEPTION,APAC,NEXT_DAY
ORD-001230,DC-10,STANDARD,2026-08-21T19:24:00,2026-08-22T07:24:00,EXCEPTION,EXCEPTION,NA,SAME_DAY
ORD-001231,DC-04,STANDARD,2026-08-06T09:49:00,2026-08-07T09:49:00,ALLOCATED,ALLOCATED,NA,STANDARD
ORD-001232,DC-10,EXPEDITE,2026-08-10T03:28:00,2026-08-10T11:28:00,STAGED,EXCEPTION,APAC,NEXT_DAY
ORD-001233,DC-13,STANDARD,2026-08-06T01:47:00,2026-08-06T09:47:00,RELEASED,RELEASED,EU,SAME_DAY
ORD-001234,DC-03,STANDARD,2026-08-22T21:36:00,2026-08-23T09:36:00,PACKING,PACKING,APAC,SAME_DAY
ORD-001235,DC-06,STANDARD,2026-08-29T18:53:00,2026-08-29T22:53:00,RELEASED,RELEASED,MEA,STANDARD
ORD-001236,DC-18,STANDARD,2026-08-15T09:38:00,2026-08-15T17:38:00,RELEASED,RELEASED,MEA,STANDARD
ORD-001237,DC-15,STANDARD,2026-08-25T08:23:00,2026-08-25T20:23:00,STAGED,STAGED,NA,NEXT_DAY
ORD-001238,DC-03,STANDARD,2026-08-12T03:03:00,2026-08-12T11:03:00,EXCEPTION,EXCEPTION,EU,SAME_DAY
ORD-001239,DC-02,STANDARD,2026-08-18T05:43:00,2026-08-18T17:43:00,EXCEPTION,EXCEPTION,NA,SAME_DAY
ORD-001240,DC-03,STANDARD,2026-08-12T09:55:00,2026-08-12T13:55:00,PACKING,EXCEPTION,EU,SAME_DAY
ORD-001241,DC-16,CRITICAL,2026-08-21T06:37:00,2026-08-21T12:37:00,SHIPPED,SHIPPED,NA,STANDARD
ORD-001242,DC-07,STANDARD,2026-09-01T10:56:00,2026-09-02T10:56:00,PACKING,HOLD,APAC,STANDARD
ORD-001243,DC-03,STANDARD,2026-08-16T13:08:00,2026-08-17T01:08:00,RELEASED,RELEASED,LATAM,SAME_DAY
ORD-001244,DC-06,STANDARD,2026-08-04T13:47:00,2026-08-05T01:47:00,RELEASED,RELEASED,MEA,NEXT_DAY
ORD-001245,DC-12,STANDARD,2026-08-16T03:29:00,2026-08-17T03:29:00,SHIPPED,HOLD,LATAM,SAME_DAY
ORD-001246,DC-01,CRITICAL,2026-08-22T15:13:00,2026-08-23T15:13:00,ALLOCATED,ALLOCATED,EU,STANDARD
ORD-001247,DC-18,STANDARD,2026-08-06T07:47:00,2026-08-06T19:47:00,EXCEPTION,EXCEPTION,EU,NEXT_DAY
ORD-001248,DC-05,EXPEDITE,2026-08-19T00:58:00,2026-08-19T12:58:00,RELEASED,RELEASED,NA,NEXT_DAY
ORD-001249,DC-10,STANDARD,2026-09-04T19:57:00,2026-09-05T03:57:00,EXCEPTION,EXCEPTION,APAC,SAME_DAY
ORD-001250,DC-05,EXPEDITE,2026-08-05T16:21:00,2026-08-05T22:21:00,RELEASED,RELEASED,NA,SAME_DAY
ORD-001251,DC-06,EXPEDITE,2026-09-01T08:08:00,2026-09-01T20:08:00,ALLOCATED,ALLOCATED,LATAM,SAME_DAY
ORD-001252,DC-16,STANDARD,2026-09-01T22:37:00,2026-09-02T04:37:00,EXCEPTION,EXCEPTION,LATAM,NEXT_DAY
ORD-001253,DC-17,EXPEDITE,2026-08-28T15:37:00,2026-08-29T03:37:00,STAGED,STAGED,NA,STANDARD
ORD-001254,DC-02,STANDARD,2026-08-31T15:17:00,2026-08-31T23:17:00,SHIPPED,SHIPPED,MEA,NEXT_DAY
ORD-001255,DC-12,STANDARD,2026-09-01T06:35:00,2026-09-02T06:35:00,ALLOCATED,ALLOCATED,MEA,STANDARD
ORD-001256,DC-15,STANDARD,2026-08-02T06:28:00,2026-08-02T14:28:00,RELEASED,EXCEPTION,MEA,NEXT_DAY
ORD-001257,DC-12,STANDARD,2026-08-08T00:21:00,2026-08-08T04:21:00,RELEASED,RELEASED,LATAM,STANDARD
ORD-001258,DC-18,EXPEDITE,2026-08-19T02:17:00,2026-08-20T02:17:00,STAGED,STAGED,LATAM,STANDARD
ORD-001259,DC-03,EXPEDITE,2026-08-27T15:12:00,2026-08-27T19:12:00,STAGED,EXCEPTION,APAC,STANDARD
ORD-001260,DC-04,STANDARD,2026-08-06T06:10:00,2026-08-07T06:10:00,EXCEPTION,EXCEPTION,LATAM,STANDARD
ORD-001261,DC-01,STANDARD,2026-08-04T07:09:00,2026-08-04T11:09:00,SHIPPED,SHIPPED,EU,SAME_DAY
ORD-001262,DC-03,STANDARD,2026-08-04T13:47:00,2026-08-05T01:47:00,RELEASED,HOLD,LATAM,STANDARD
ORD-001263,DC-04,STANDARD,2026-08-10T16:52:00,2026-08-10T20:52:00,STAGED,STAGED,NA,STANDARD
ORD-001264,DC-17,STANDARD,2026-08-16T05:38:00,2026-08-16T13:38:00,ALLOCATED,ALLOCATED,EU,NEXT_DAY
ORD-001265,DC-07,STANDARD,2026-08-01T15:43:00,2026-08-01T23:43:00,SHIPPED,SHIPPED,LATAM,NEXT_DAY
ORD-001266,DC-02,STANDARD,2026-08-12T03:17:00,2026-08-12T15:17:00,EXCEPTION,EXCEPTION,MEA,STANDARD
ORD-001267,DC-15,CRITICAL,2026-09-03T22:23:00,2026-09-04T04:23:00,RELEASED,HOLD,LATAM,NEXT_DAY
ORD-001268,DC-03,STANDARD,2026-08-29T19:28:00,2026-08-30T19:28:00,SHIPPED,SHIPPED,LATAM,STANDARD
ORD-001269,DC-06,CRITICAL,2026-08-04T11:21:00,2026-08-04T19:21:00,EXCEPTION,EXCEPTION,NA,STANDARD
ORD-001270,DC-01,STANDARD,2026-08-17T03:08:00,2026-08-17T11:08:00,RELEASED,RELEASED,APAC,NEXT_DAY
ORD-001271,DC-18,STANDARD,2026-08-18T05:07:00,2026-08-19T05:07:00,SHIPPED,SHIPPED,APAC,NEXT_DAY
ORD-001272,DC-10,STANDARD,2026-08-07T18:19:00,2026-08-08T06:19:00,SHIPPED,SHIPPED,APAC,NEXT_DAY
ORD-001273,DC-04,STANDARD,2026-08-22T02:51:00,2026-08-22T14:51:00,EXCEPTION,EXCEPTION,APAC,STANDARD
ORD-001274,DC-16,STANDARD,2026-08-25T03:21:00,2026-08-25T09:21:00,ALLOCATED,ALLOCATED,APAC,SAME_DAY
ORD-001275,DC-03,CRITICAL,2026-08-06T23:15:00,2026-08-07T23:15:00,EXCEPTION,EXCEPTION,MEA,SAME_DAY
ORD-001276,DC-06,STANDARD,2026-08-21T13:16:00,2026-08-22T13:16:00,PICKING,HOLD,EU,SAME_DAY
ORD-001277,DC-07,STANDARD,2026-08-31T22:33:00,2026-09-01T02:33:00,EXCEPTION,EXCEPTION,LATAM,NEXT_DAY
ORD-001278,DC-12,EXPEDITE,2026-08-26T14:47:00,2026-08-26T20:47:00,PACKING,PACKING,EU,SAME_DAY
ORD-001279,DC-06,STANDARD,2026-08-13T11:04:00,2026-08-14T11:04:00,ALLOCATED,ALLOCATED,LATAM,SAME_DAY
ORD-001280,DC-16,STANDARD,2026-08-21T16:27:00,2026-08-22T00:27:00,RELEASED,HOLD,LATAM,SAME_DAY
ORD-001281,DC-11,STANDARD,2026-08-27T09:08:00,2026-08-27T17:08:00,RELEASED,RELEASED,EU,STANDARD
ORD-001282,DC-02,STANDARD,2026-08-02T16:01:00,2026-08-03T16:01:00,ALLOCATED,EXCEPTION,APAC,NEXT_DAY
ORD-001283,DC-14,STANDARD,2026-08-23T15:30:00,2026-08-23T23:30:00,EXCEPTION,EXCEPTION,MEA,SAME_DAY
ORD-001284,DC-04,STANDARD,2026-08-18T05:06:00,2026-08-18T13:06:00,SHIPPED,EXCEPTION,LATAM,SAME_DAY
ORD-001285,DC-17,STANDARD,2026-08-17T12:54:00,2026-08-17T20:54:00,ALLOCATED,ALLOCATED,EU,NEXT_DAY
ORD-001286,DC-15,EXPEDITE,2026-08-27T02:44:00,2026-08-27T14:44:00,EXCEPTION,EXCEPTION,MEA,STANDARD
ORD-001287,DC-05,STANDARD,2026-08-25T04:30:00,2026-08-25T08:30:00,PACKING,EXCEPTION,MEA,STANDARD
ORD-001288,DC-16,STANDARD,2026-08-28T06:28:00,2026-08-29T06:28:00,PICKING,EXCEPTION,NA,STANDARD
ORD-001289,DC-06,STANDARD,2026-08-16T10:13:00,2026-08-16T22:13:00,SHIPPED,SHIPPED,LATAM,STANDARD
ORD-001290,DC-06,STANDARD,2026-08-28T04:59:00,2026-08-28T10:59:00,PICKING,PICKING,NA,STANDARD
ORD-001291,DC-14,STANDARD,2026-09-01T09:18:00,2026-09-02T09:18:00,SHIPPED,HOLD,MEA,SAME_DAY
ORD-001292,DC-14,STANDARD,2026-09-03T00:29:00,2026-09-03T06:29:00,STAGED,HOLD,LATAM,STANDARD
ORD-001293,DC-03,CRITICAL,2026-09-04T11:00:00,2026-09-04T19:00:00,PICKING,PICKING,APAC,SAME_DAY
ORD-001294,DC-14,EXPEDITE,2026-08-19T16:45:00,2026-08-20T16:45:00,RELEASED,RELEASED,LATAM,STANDARD
ORD-001295,DC-08,EXPEDITE,2026-08-23T02:13:00,2026-08-24T02:13:00,STAGED,STAGED,NA,NEXT_DAY
ORD-001296,DC-18,STANDARD,2026-08-20T21:13:00,2026-08-21T01:13:00,ALLOCATED,ALLOCATED,APAC,SAME_DAY
ORD-001297,DC-17,EXPEDITE,2026-08-06T10:32:00,2026-08-06T18:32:00,RELEASED,RELEASED,LATAM,SAME_DAY
ORD-001298,DC-14,STANDARD,2026-08-19T09:53:00,2026-08-19T21:53:00,STAGED,STAGED,EU,NEXT_DAY
ORD-001299,DC-06,EXPEDITE,2026-08-21T09:40:00,2026-08-22T09:40:00,ALLOCATED,ALLOCATED,MEA,NEXT_DAY
ORD-001300,DC-12,STANDARD,2026-08-17T09:22:00,2026-08-17T15:22:00,EXCEPTION,EXCEPTION,NA,NEXT_DAY
ORD-001301,DC-04,STANDARD,2026-09-04T07:28:00,2026-09-05T07:28:00,PICKING,HOLD,APAC,SAME_DAY
ORD-001302,DC-08,EXPEDITE,2026-08-07T18:34:00,2026-08-07T22:34:00,PACKING,PACKING,APAC,SAME_DAY
ORD-001303,DC-02,EXPEDITE,2026-08-24T08:46:00,2026-08-24T14:46:00,PACKING,PACKING,LATAM,STANDARD
ORD-001304,DC-09,EXPEDITE,2026-08-15T06:14:00,2026-08-15T18:14:00,STAGED,HOLD,APAC,STANDARD
ORD-001305,DC-15,STANDARD,2026-09-02T15:37:00,2026-09-03T03:37:00,SHIPPED,SHIPPED,LATAM,STANDARD
ORD-001306,DC-10,STANDARD,2026-08-22T14:03:00,2026-08-22T18:03:00,ALLOCATED,HOLD,EU,NEXT_DAY
ORD-001307,DC-03,STANDARD,2026-08-13T05:53:00,2026-08-13T17:53:00,PICKING,EXCEPTION,EU,NEXT_DAY
ORD-001308,DC-01,STANDARD,2026-08-17T18:11:00,2026-08-17T22:11:00,SHIPPED,HOLD,NA,STANDARD
ORD-001309,DC-15,STANDARD,2026-08-12T04:27:00,2026-08-12T12:27:00,STAGED,EXCEPTION,MEA,STANDARD
ORD-001310,DC-03,STANDARD,2026-08-03T03:55:00,2026-08-03T07:55:00,SHIPPED,SHIPPED,LATAM,STANDARD
ORD-001311,DC-01,STANDARD,2026-08-14T06:02:00,2026-08-14T10:02:00,PICKING,PICKING,APAC,NEXT_DAY
ORD-001312,DC-01,STANDARD,2026-08-25T06:07:00,2026-08-25T12:07:00,STAGED,STAGED,NA,STANDARD
ORD-001313,DC-07,STANDARD,2026-08-31T05:51:00,2026-08-31T11:51:00,SHIPPED,EXCEPTION,MEA,NEXT_DAY
ORD-001314,DC-14,STANDARD,2026-08-14T19:55:00,2026-08-15T19:55:00,RELEASED,HOLD,NA,NEXT_DAY
ORD-001315,DC-03,CRITICAL,2026-09-03T08:33:00,2026-09-03T20:33:00,PICKING,PICKING,EU,SAME_DAY
ORD-001316,DC-13,STANDARD,2026-08-05T15:44:00,2026-08-06T15:44:00,RELEASED,RELEASED,NA,STANDARD
ORD-001317,DC-16,CRITICAL,2026-08-27T14:31:00,2026-08-28T14:31:00,PACKING,PACKING,MEA,SAME_DAY
ORD-001318,DC-05,STANDARD,2026-08-12T17:29:00,2026-08-12T21:29:00,ALLOCATED,ALLOCATED,MEA,STANDARD
ORD-001319,DC-10,STANDARD,2026-08-02T17:12:00,2026-08-02T21:12:00,RELEASED,HOLD,NA,SAME_DAY
ORD-001320,DC-04,STANDARD,2026-08-10T09:07:00,2026-08-10T13:07:00,RELEASED,RELEASED,MEA,NEXT_DAY
ORD-001321,DC-12,STANDARD,2026-08-08T10:56:00,2026-08-08T16:56:00,SHIPPED,SHIPPED,LATAM,STANDARD
ORD-001322,DC-08,CRITICAL,2026-08-19T21:06:00,2026-08-20T05:06:00,ALLOCATED,HOLD,LATAM,STANDARD
ORD-001323,DC-02,CRITICAL,2026-08-17T08:47:00,2026-08-17T12:47:00,ALLOCATED,EXCEPTION,APAC,NEXT_DAY
ORD-001324,DC-01,STANDARD,2026-08-13T05:36:00,2026-08-13T13:36:00,EXCEPTION,EXCEPTION,LATAM,SAME_DAY
ORD-001325,DC-10,STANDARD,2026-08-22T09:26:00,2026-08-22T13:26:00,RELEASED,RELEASED,MEA,SAME_DAY
ORD-001326,DC-14,STANDARD,2026-08-20T23:52:00,2026-08-21T05:52:00,PICKING,PICKING,MEA,SAME_DAY
ORD-001327,DC-15,STANDARD,2026-08-23T23:27:00,2026-08-24T03:27:00,ALLOCATED,ALLOCATED,EU,STANDARD
ORD-001328,DC-13,STANDARD,2026-09-05T03:41:00,2026-09-05T09:41:00,EXCEPTION,EXCEPTION,APAC,NEXT_DAY
ORD-001329,DC-17,STANDARD,2026-08-13T08:42:00,2026-08-13T16:42:00,RELEASED,RELEASED,LATAM,STANDARD
ORD-001330,DC-08,STANDARD,2026-08-18T06:21:00,2026-08-18T18:21:00,SHIPPED,EXCEPTION,NA,STANDARD
ORD-001331,DC-16,STANDARD,2026-09-05T02:06:00,2026-09-05T10:06:00,SHIPPED,SHIPPED,APAC,SAME_DAY
ORD-001332,DC-04,STANDARD,2026-09-01T01:43:00,2026-09-01T05:43:00,PACKING,HOLD,MEA,SAME_DAY
ORD-001333,DC-03,STANDARD,2026-08-19T17:45:00,2026-08-19T21:45:00,PACKING,PACKING,NA,NEXT_DAY
ORD-001334,DC-13,STANDARD,2026-08-28T09:43:00,2026-08-28T15:43:00,STAGED,HOLD,MEA,SAME_DAY
ORD-001335,DC-01,STANDARD,2026-08-21T06:35:00,2026-08-21T18:35:00,STAGED,HOLD,APAC,STANDARD
ORD-001336,DC-07,STANDARD,2026-08-06T11:43:00,2026-08-07T11:43:00,PICKING,PICKING,MEA,SAME_DAY
ORD-001337,DC-06,STANDARD,2026-08-28T01:04:00,2026-08-28T05:04:00,ALLOCATED,HOLD,MEA,SAME_DAY
ORD-001338,DC-06,STANDARD,2026-09-02T09:51:00,2026-09-02T13:51:00,PACKING,EXCEPTION,LATAM,SAME_DAY
ORD-001339,DC-10,STANDARD,2026-08-27T21:41:00,2026-08-28T03:41:00,ALLOCATED,ALLOCATED,APAC,NEXT_DAY
ORD-001340,DC-18,STANDARD,2026-08-23T14:58:00,2026-08-23T20:58:00,RELEASED,RELEASED,MEA,STANDARD
ORD-001341,DC-11,STANDARD,2026-08-03T23:03:00,2026-08-04T05:03:00,RELEASED,RELEASED,MEA,SAME_DAY
ORD-001342,DC-15,EXPEDITE,2026-08-15T18:17:00,2026-08-16T06:17:00,RELEASED,HOLD,APAC,NEXT_DAY
ORD-001343,DC-17,STANDARD,2026-08-25T02:33:00,2026-08-26T02:33:00,PACKING,HOLD,EU,SAME_DAY
ORD-001344,DC-15,EXPEDITE,2026-08-14T16:39:00,2026-08-15T04:39:00,STAGED,STAGED,NA,SAME_DAY
ORD-001345,DC-08,EXPEDITE,2026-08-19T11:02:00,2026-08-19T23:02:00,PACKING,EXCEPTION,LATAM,SAME_DAY
ORD-001346,DC-12,CRITICAL,2026-08-11T19:58:00,2026-08-12T01:58:00,ALLOCATED,ALLOCATED,MEA,STANDARD
ORD-001347,DC-16,STANDARD,2026-08-27T17:02:00,2026-08-27T21:02:00,PICKING,PICKING,NA,SAME_DAY
ORD-001348,DC-15,CRITICAL,2026-09-03T14:48:00,2026-09-03T18:48:00,STAGED,HOLD,LATAM,SAME_DAY
ORD-001349,DC-06,STANDARD,2026-08-03T17:49:00,2026-08-04T01:49:00,SHIPPED,EXCEPTION,LATAM,STANDARD
ORD-001350,DC-10,STANDARD,2026-08-14T01:50:00,2026-08-14T05:50:00,ALLOCATED,EXCEPTION,LATAM,NEXT_DAY
ORD-001351,DC-11,EXPEDITE,2026-08-17T15:02:00,2026-08-18T03:02:00,SHIPPED,EXCEPTION,MEA,SAME_DAY
ORD-001352,DC-03,EXPEDITE,2026-08-16T09:49:00,2026-08-17T09:49:00,PICKING,EXCEPTION,MEA,STANDARD
ORD-001353,DC-07,EXPEDITE,2026-09-04T10:45:00,2026-09-04T16:45:00,PICKING,PICKING,LATAM,SAME_DAY
ORD-001354,DC-17,STANDARD,2026-09-02T05:21:00,2026-09-02T09:21:00,ALLOCATED,HOLD,EU,SAME_DAY
ORD-001355,DC-10,EXPEDITE,2026-08-17T02:04:00,2026-08-17T08:04:00,SHIPPED,HOLD,EU,NEXT_DAY
ORD-001356,DC-08,EXPEDITE,2026-08-14T06:17:00,2026-08-15T06:17:00,RELEASED,EXCEPTION,MEA,SAME_DAY
ORD-001357,DC-01,STANDARD,2026-08-28T14:46:00,2026-08-29T02:46:00,STAGED,STAGED,EU,NEXT_DAY
ORD-001358,DC-02,CRITICAL,2026-08-25T00:44:00,2026-08-26T00:44:00,PACKING,PACKING,APAC,SAME_DAY
ORD-001359,DC-12,EXPEDITE,2026-09-03T15:34:00,2026-09-03T19:34:00,ALLOCATED,ALLOCATED,NA,STANDARD
ORD-001360,DC-16,CRITICAL,2026-08-25T10:54:00,2026-08-26T10:54:00,SHIPPED,SHIPPED,APAC,SAME_DAY
ORD-001361,DC-06,STANDARD,2026-09-01T20:54:00,2026-09-02T02:54:00,RELEASED,RELEASED,LATAM,NEXT_DAY
ORD-001362,DC-02,STANDARD,2026-08-28T01:19:00,2026-08-28T13:19:00,ALLOCATED,ALLOCATED,EU,NEXT_DAY
ORD-001363,DC-18,STANDARD,2026-08-12T16:46:00,2026-08-13T16:46:00,EXCEPTION,EXCEPTION,EU,SAME_DAY
ORD-001364,DC-10,EXPEDITE,2026-08-16T07:10:00,2026-08-16T15:10:00,RELEASED,EXCEPTION,MEA,STANDARD
ORD-001365,DC-13,STANDARD,2026-09-03T07:15:00,2026-09-03T13:15:00,SHIPPED,SHIPPED,APAC,SAME_DAY
ORD-001366,DC-06,STANDARD,2026-08-07T09:50:00,2026-08-07T21:50:00,ALLOCATED,ALLOCATED,NA,NEXT_DAY
ORD-001367,DC-07,STANDARD,2026-08-14T09:57:00,2026-08-14T21:57:00,EXCEPTION,EXCEPTION,EU,NEXT_DAY
ORD-001368,DC-10,STANDARD,2026-08-06T00:55:00,2026-08-07T00:55:00,ALLOCATED,ALLOCATED,LATAM,NEXT_DAY
ORD-001369,DC-07,STANDARD,2026-08-28T11:10:00,2026-08-28T19:10:00,STAGED,STAGED,APAC,NEXT_DAY
ORD-001370,DC-17,STANDARD,2026-08-31T02:02:00,2026-08-31T10:02:00,EXCEPTION,EXCEPTION,APAC,NEXT_DAY
ORD-001371,DC-03,STANDARD,2026-09-02T18:35:00,2026-09-03T18:35:00,PACKING,PACKING,MEA,STANDARD
ORD-001372,DC-03,STANDARD,2026-08-17T14:34:00,2026-08-17T20:34:00,SHIPPED,SHIPPED,APAC,STANDARD
ORD-001373,DC-17,STANDARD,2026-08-15T23:01:00,2026-08-16T23:01:00,STAGED,EXCEPTION,LATAM,SAME_DAY
ORD-001374,DC-18,STANDARD,2026-08-20T08:45:00,2026-08-21T08:45:00,PICKING,PICKING,MEA,NEXT_DAY
ORD-001375,DC-09,EXPEDITE,2026-08-26T21:24:00,2026-08-27T21:24:00,STAGED,STAGED,MEA,STANDARD
ORD-001376,DC-09,STANDARD,2026-08-12T09:10:00,2026-08-12T21:10:00,PICKING,PICKING,APAC,SAME_DAY
ORD-001377,DC-14,EXPEDITE,2026-09-04T07:55:00,2026-09-05T07:55:00,EXCEPTION,EXCEPTION,EU,STANDARD
ORD-001378,DC-03,STANDARD,2026-08-21T00:56:00,2026-08-21T04:56:00,EXCEPTION,EXCEPTION,MEA,NEXT_DAY
ORD-001379,DC-04,EXPEDITE,2026-08-04T21:25:00,2026-08-05T05:25:00,PACKING,PACKING,EU,NEXT_DAY
ORD-001380,DC-10,EXPEDITE,2026-08-15T22:25:00,2026-08-16T10:25:00,PACKING,PACKING,EU,NEXT_DAY
ORD-001381,DC-14,CRITICAL,2026-09-04T07:49:00,2026-09-04T19:49:00,EXCEPTION,EXCEPTION,NA,NEXT_DAY
ORD-001382,DC-07,STANDARD,2026-08-18T10:28:00,2026-08-18T22:28:00,SHIPPED,EXCEPTION,APAC,NEXT_DAY
ORD-001383,DC-12,STANDARD,2026-08-16T14:31:00,2026-08-16T22:31:00,STAGED,EXCEPTION,NA,STANDARD
ORD-001384,DC-07,STANDARD,2026-08-18T13:24:00,2026-08-18T19:24:00,PACKING,PACKING,EU,STANDARD
ORD-001385,DC-11,STANDARD,2026-08-28T20:01:00,2026-08-29T20:01:00,PICKING,PICKING,EU,SAME_DAY
ORD-001386,DC-16,STANDARD,2026-08-08T10:34:00,2026-08-09T10:34:00,STAGED,STAGED,LATAM,SAME_DAY
ORD-001387,DC-16,STANDARD,2026-08-03T11:13:00,2026-08-03T19:13:00,SHIPPED,EXCEPTION,EU,SAME_DAY
ORD-001388,DC-06,STANDARD,2026-08-20T09:50:00,2026-08-20T17:50:00,RELEASED,RELEASED,MEA,SAME_DAY
ORD-001389,DC-07,STANDARD,2026-08-21T17:57:00,2026-08-21T21:57:00,EXCEPTION,EXCEPTION,EU,NEXT_DAY
ORD-001390,DC-06,STANDARD,2026-08-04T13:17:00,2026-08-05T13:17:00,ALLOCATED,EXCEPTION,MEA,NEXT_DAY
ORD-001391,DC-12,STANDARD,2026-08-05T16:33:00,2026-08-05T22:33:00,STAGED,STAGED,NA,STANDARD
ORD-001392,DC-13,STANDARD,2026-08-26T20:22:00,2026-08-27T00:22:00,PICKING,PICKING,MEA,SAME_DAY
ORD-001393,DC-14,EXPEDITE,2026-08-22T00:44:00,2026-08-22T08:44:00,RELEASED,RELEASED,NA,NEXT_DAY
ORD-001394,DC-16,STANDARD,2026-08-23T06:08:00,2026-08-23T12:08:00,ALLOCATED,ALLOCATED,EU,STANDARD
ORD-001395,DC-04,CRITICAL,2026-08-30T14:14:00,2026-08-31T14:14:00,PACKING,PACKING,NA,NEXT_DAY
ORD-001396,DC-06,CRITICAL,2026-08-26T01:21:00,2026-08-27T01:21:00,PICKING,PICKING,MEA,STANDARD
ORD-001397,DC-16,EXPEDITE,2026-08-28T10:38:00,2026-08-28T14:38:00,RELEASED,EXCEPTION,NA,STANDARD
ORD-001398,DC-15,STANDARD,2026-08-11T22:22:00,2026-08-12T04:22:00,EXCEPTION,EXCEPTION,EU,SAME_DAY
ORD-001399,DC-11,STANDARD,2026-08-20T00:36:00,2026-08-21T00:36:00,PACKING,PACKING,APAC,STANDARD
ORD-001400,DC-17,CRITICAL,2026-08-21T00:58:00,2026-08-21T12:58:00,EXCEPTION,EXCEPTION,LATAM,STANDARD
ORD-001401,DC-04,STANDARD,2026-08-03T16:33:00,2026-08-03T20:33:00,ALLOCATED,ALLOCATED,MEA,SAME_DAY
ORD-001402,DC-11,STANDARD,2026-08-29T06:09:00,2026-08-29T14:09:00,PACKING,HOLD,LATAM,STANDARD
ORD-001403,DC-16,STANDARD,2026-08-10T12:41:00,2026-08-10T18:41:00,PACKING,PACKING,EU,NEXT_DAY
ORD-001404,DC-14,STANDARD,2026-09-04T09:32:00,2026-09-04T17:32:00,PACKING,HOLD,MEA,SAME_DAY
ORD-001405,DC-13,STANDARD,2026-08-27T19:47:00,2026-08-27T23:47:00,ALLOCATED,ALLOCATED,LATAM,NEXT_DAY
ORD-001406,DC-08,STANDARD,2026-08-28T00:32:00,2026-08-28T06:32:00,RELEASED,RELEASED,APAC,SAME_DAY
ORD-001407,DC-04,STANDARD,2026-09-01T20:04:00,2026-09-02T04:04:00,SHIPPED,SHIPPED,NA,NEXT_DAY
ORD-001408,DC-07,CRITICAL,2026-08-06T23:52:00,2026-08-07T05:52:00,RELEASED,HOLD,MEA,SAME_DAY
ORD-001409,DC-01,STANDARD,2026-08-08T20:29:00,2026-08-09T02:29:00,RELEASED,RELEASED,EU,SAME_DAY
ORD-001410,DC-09,STANDARD,2026-08-15T15:29:00,2026-08-15T19:29:00,STAGED,EXCEPTION,LATAM,SAME_DAY
ORD-001411,DC-11,CRITICAL,2026-08-27T07:24:00,2026-08-27T15:24:00,ALLOCATED,ALLOCATED,MEA,STANDARD
ORD-001412,DC-05,STANDARD,2026-08-14T09:16:00,2026-08-14T15:16:00,ALLOCATED,EXCEPTION,NA,STANDARD
ORD-001413,DC-11,STANDARD,2026-08-22T14:17:00,2026-08-22T22:17:00,PACKING,HOLD,APAC,SAME_DAY
ORD-001414,DC-18,CRITICAL,2026-08-15T22:15:00,2026-08-16T04:15:00,ALLOCATED,ALLOCATED,LATAM,STANDARD
ORD-001415,DC-09,STANDARD,2026-08-07T18:49:00,2026-08-07T22:49:00,PACKING,PACKING,LATAM,NEXT_DAY
ORD-001416,DC-02,STANDARD,2026-08-25T05:50:00,2026-08-25T13:50:00,SHIPPED,HOLD,APAC,NEXT_DAY
ORD-001417,DC-06,STANDARD,2026-09-01T21:55:00,2026-09-02T01:55:00,RELEASED,EXCEPTION,MEA,SAME_DAY
ORD-001418,DC-16,EXPEDITE,2026-08-25T06:40:00,2026-08-25T10:40:00,PICKING,PICKING,LATAM,SAME_DAY
ORD-001419,DC-12,STANDARD,2026-08-26T17:38:00,2026-08-26T23:38:00,PICKING,HOLD,MEA,SAME_DAY
ORD-001420,DC-10,STANDARD,2026-08-17T10:47:00,2026-08-17T14:47:00,RELEASED,EXCEPTION,LATAM,SAME_DAY
ORD-001421,DC-15,EXPEDITE,2026-09-02T10:57:00,2026-09-02T14:57:00,STAGED,EXCEPTION,EU,STANDARD
ORD-001422,DC-06,STANDARD,2026-09-03T02:11:00,2026-09-03T10:11:00,PICKING,PICKING,LATAM,SAME_DAY
ORD-001423,DC-14,STANDARD,2026-08-31T11:35:00,2026-08-31T15:35:00,PACKING,HOLD,NA,NEXT_DAY
ORD-001424,DC-05,STANDARD,2026-08-11T15:35:00,2026-08-11T21:35:00,STAGED,STAGED,APAC,NEXT_DAY
ORD-001425,DC-11,STANDARD,2026-08-08T14:24:00,2026-08-08T18:24:00,SHIPPED,SHIPPED,NA,SAME_DAY
ORD-001426,DC-02,EXPEDITE,2026-08-30T08:30:00,2026-08-30T20:30:00,EXCEPTION,EXCEPTION,LATAM,STANDARD
ORD-001427,DC-11,STANDARD,2026-08-05T07:04:00,2026-08-06T07:04:00,SHIPPED,SHIPPED,NA,NEXT_DAY
ORD-001428,DC-12,STANDARD,2026-08-08T01:52:00,2026-08-08T13:52:00,PICKING,EXCEPTION,APAC,SAME_DAY
ORD-001429,DC-11,STANDARD,2026-08-22T13:35:00,2026-08-22T21:35:00,SHIPPED,SHIPPED,NA,STANDARD
ORD-001430,DC-16,EXPEDITE,2026-08-02T03:35:00,2026-08-02T07:35:00,STAGED,STAGED,NA,SAME_DAY
ORD-001431,DC-17,STANDARD,2026-08-22T06:56:00,2026-08-22T12:56:00,PACKING,PACKING,LATAM,STANDARD
ORD-001432,DC-02,STANDARD,2026-08-09T22:54:00,2026-08-10T22:54:00,PACKING,HOLD,EU,SAME_DAY
ORD-001433,DC-12,STANDARD,2026-08-11T18:26:00,2026-08-11T22:26:00,ALLOCATED,ALLOCATED,NA,NEXT_DAY
ORD-001434,DC-13,STANDARD,2026-08-18T04:25:00,2026-08-18T16:25:00,PICKING,PICKING,NA,NEXT_DAY
ORD-001435,DC-17,STANDARD,2026-09-02T13:56:00,2026-09-02T17:56:00,SHIPPED,SHIPPED,NA,SAME_DAY
ORD-001436,DC-14,STANDARD,2026-08-07T19:17:00,2026-08-08T01:17:00,SHIPPED,EXCEPTION,NA,SAME_DAY
ORD-001437,DC-11,STANDARD,2026-08-14T17:16:00,2026-08-15T05:16:00,ALLOCATED,HOLD,NA,NEXT_DAY
ORD-001438,DC-11,STANDARD,2026-08-14T10:05:00,2026-08-14T16:05:00,ALLOCATED,HOLD,MEA,STANDARD
ORD-001439,DC-18,STANDARD,2026-08-10T04:33:00,2026-08-10T12:33:00,ALLOCATED,ALLOCATED,LATAM,STANDARD
ORD-001440,DC-03,STANDARD,2026-08-06T09:21:00,2026-08-07T09:21:00,PICKING,PICKING,APAC,NEXT_DAY
ORD-001441,DC-07,CRITICAL,2026-08-18T14:56:00,2026-08-18T20:56:00,ALLOCATED,HOLD,APAC,STANDARD
ORD-001442,DC-10,STANDARD,2026-08-01T17:27:00,2026-08-02T01:27:00,RELEASED,RELEASED,MEA,NEXT_DAY
ORD-001443,DC-11,STANDARD,2026-08-18T20:59:00,2026-08-19T04:59:00,SHIPPED,SHIPPED,NA,SAME_DAY
ORD-001444,DC-18,EXPEDITE,2026-08-09T10:35:00,2026-08-09T22:35:00,RELEASED,RELEASED,LATAM,STANDARD
ORD-001445,DC-05,EXPEDITE,2026-08-21T22:03:00,2026-08-22T10:03:00,SHIPPED,SHIPPED,LATAM,STANDARD
ORD-001446,DC-17,STANDARD,2026-08-11T15:57:00,2026-08-12T03:57:00,RELEASED,HOLD,EU,STANDARD
ORD-001447,DC-03,STANDARD,2026-08-16T02:32:00,2026-08-16T14:32:00,ALLOCATED,ALLOCATED,LATAM,STANDARD
ORD-001448,DC-14,STANDARD,2026-08-12T12:27:00,2026-08-13T12:27:00,PICKING,PICKING,EU,SAME_DAY
ORD-001449,DC-13,STANDARD,2026-08-11T20:58:00,2026-08-12T08:58:00,EXCEPTION,EXCEPTION,MEA,NEXT_DAY
ORD-001450,DC-11,STANDARD,2026-08-27T17:36:00,2026-08-28T17:36:00,EXCEPTION,EXCEPTION,APAC,STANDARD
ORD-001451,DC-06,EXPEDITE,2026-08-14T12:31:00,2026-08-14T16:31:00,PICKING,EXCEPTION,LATAM,STANDARD
ORD-001452,DC-13,STANDARD,2026-08-19T02:37:00,2026-08-19T14:37:00,RELEASED,RELEASED,LATAM,STANDARD
ORD-001453,DC-17,STANDARD,2026-08-01T14:29:00,2026-08-01T18:29:00,PICKING,PICKING,NA,NEXT_DAY
ORD-001454,DC-13,STANDARD,2026-08-02T19:38:00,2026-08-03T19:38:00,SHIPPED,EXCEPTION,EU,STANDARD
ORD-001455,DC-01,EXPEDITE,2026-08-02T20:58:00,2026-08-03T20:58:00,PICKING,PICKING,EU,NEXT_DAY
ORD-001456,DC-08,STANDARD,2026-08-22T20:04:00,2026-08-23T00:04:00,PACKING,EXCEPTION,EU,NEXT_DAY
ORD-001457,DC-08,EXPEDITE,2026-09-04T09:03:00,2026-09-04T17:03:00,RELEASED,HOLD,MEA,STANDARD
ORD-001458,DC-08,EXPEDITE,2026-08-13T11:31:00,2026-08-13T23:31:00,PICKING,HOLD,LATAM,STANDARD
ORD-001459,DC-08,EXPEDITE,2026-08-27T03:00:00,2026-08-27T09:00:00,SHIPPED,SHIPPED,APAC,NEXT_DAY
ORD-001460,DC-11,CRITICAL,2026-08-15T02:02:00,2026-08-15T06:02:00,RELEASED,HOLD,LATAM,STANDARD
ORD-001461,DC-01,STANDARD,2026-08-15T20:14:00,2026-08-16T00:14:00,ALLOCATED,ALLOCATED,MEA,NEXT_DAY
ORD-001462,DC-15,STANDARD,2026-08-15T21:50:00,2026-08-16T21:50:00,EXCEPTION,EXCEPTION,LATAM,STANDARD
ORD-001463,DC-07,CRITICAL,2026-09-03T19:17:00,2026-09-03T23:17:00,SHIPPED,HOLD,APAC,STANDARD
ORD-001464,DC-16,EXPEDITE,2026-08-26T09:53:00,2026-08-26T17:53:00,EXCEPTION,EXCEPTION,APAC,SAME_DAY
ORD-001465,DC-12,STANDARD,2026-08-31T18:14:00,2026-09-01T18:14:00,PACKING,PACKING,LATAM,STANDARD
ORD-001466,DC-03,EXPEDITE,2026-08-13T01:58:00,2026-08-14T01:58:00,ALLOCATED,ALLOCATED,MEA,STANDARD
ORD-001467,DC-15,STANDARD,2026-08-29T04:38:00,2026-08-29T08:38:00,EXCEPTION,EXCEPTION,APAC,STANDARD
ORD-001468,DC-15,STANDARD,2026-08-12T02:44:00,2026-08-12T08:44:00,PACKING,PACKING,LATAM,STANDARD
ORD-001469,DC-18,STANDARD,2026-08-23T15:05:00,2026-08-23T23:05:00,EXCEPTION,EXCEPTION,MEA,NEXT_DAY
ORD-001470,DC-10,STANDARD,2026-08-03T09:47:00,2026-08-03T13:47:00,RELEASED,RELEASED,APAC,SAME_DAY
ORD-001471,DC-15,STANDARD,2026-09-02T09:03:00,2026-09-02T13:03:00,SHIPPED,SHIPPED,EU,STANDARD
ORD-001472,DC-09,STANDARD,2026-08-14T06:33:00,2026-08-14T14:33:00,EXCEPTION,EXCEPTION,NA,STANDARD
ORD-001473,DC-05,CRITICAL,2026-08-16T06:45:00,2026-08-16T14:45:00,ALLOCATED,ALLOCATED,NA,SAME_DAY
ORD-001474,DC-06,STANDARD,2026-08-19T09:14:00,2026-08-19T17:14:00,RELEASED,RELEASED,APAC,STANDARD
ORD-001475,DC-02,STANDARD,2026-09-04T13:09:00,2026-09-05T13:09:00,ALLOCATED,ALLOCATED,APAC,STANDARD
ORD-001476,DC-02,STANDARD,2026-08-06T04:00:00,2026-08-07T04:00:00,EXCEPTION,HOLD,NA,STANDARD
ORD-001477,DC-07,EXPEDITE,2026-09-04T13:46:00,2026-09-04T19:46:00,PACKING,EXCEPTION,MEA,SAME_DAY
ORD-001478,DC-11,STANDARD,2026-08-15T19:50:00,2026-08-16T03:50:00,STAGED,STAGED,APAC,NEXT_DAY
ORD-001479,DC-18,STANDARD,2026-08-15T19:08:00,2026-08-15T23:08:00,PICKING,EXCEPTION,MEA,SAME_DAY
ORD-001480,DC-02,EXPEDITE,2026-08-01T09:08:00,2026-08-01T13:08:00,SHIPPED,EXCEPTION,EU,NEXT_DAY
ORD-001481,DC-02,STANDARD,2026-08-28T16:59:00,2026-08-28T22:59:00,PICKING,PICKING,APAC,STANDARD
ORD-001482,DC-04,STANDARD,2026-08-23T13:36:00,2026-08-23T19:36:00,SHIPPED,SHIPPED,EU,STANDARD
ORD-001483,DC-16,STANDARD,2026-08-03T17:36:00,2026-08-04T01:36:00,EXCEPTION,EXCEPTION,MEA,STANDARD
ORD-001484,DC-03,EXPEDITE,2026-08-10T06:38:00,2026-08-10T18:38:00,PICKING,HOLD,EU,NEXT_DAY
ORD-001485,DC-11,STANDARD,2026-08-01T16:02:00,2026-08-01T22:02:00,PICKING,PICKING,LATAM,STANDARD
ORD-001486,DC-13,STANDARD,2026-08-22T06:22:00,2026-08-22T10:22:00,ALLOCATED,ALLOCATED,LATAM,STANDARD
ORD-001487,DC-01,STANDARD,2026-08-03T11:12:00,2026-08-03T23:12:00,EXCEPTION,EXCEPTION,APAC,SAME_DAY
ORD-001488,DC-16,EXPEDITE,2026-08-02T00:23:00,2026-08-02T04:23:00,ALLOCATED,ALLOCATED,NA,STANDARD
ORD-001489,DC-01,EXPEDITE,2026-09-03T13:19:00,2026-09-03T19:19:00,SHIPPED,HOLD,EU,NEXT_DAY
ORD-001490,DC-01,CRITICAL,2026-08-24T23:27:00,2026-08-25T07:27:00,PICKING,PICKING,APAC,NEXT_DAY
ORD-001491,DC-09,STANDARD,2026-08-04T21:18:00,2026-08-05T01:18:00,RELEASED,HOLD,NA,SAME_DAY
ORD-001492,DC-16,STANDARD,2026-08-12T23:19:00,2026-08-13T23:19:00,PACKING,EXCEPTION,LATAM,SAME_DAY
ORD-001493,DC-08,CRITICAL,2026-08-10T16:12:00,2026-08-11T00:12:00,ALLOCATED,ALLOCATED,MEA,STANDARD
ORD-001494,DC-17,STANDARD,2026-08-31T06:06:00,2026-08-31T10:06:00,PACKING,PACKING,EU,NEXT_DAY
ORD-001495,DC-15,CRITICAL,2026-08-30T19:37:00,2026-08-31T07:37:00,ALLOCATED,HOLD,NA,STANDARD
ORD-001496,DC-10,STANDARD,2026-08-27T10:54:00,2026-08-27T14:54:00,RELEASED,RELEASED,MEA,STANDARD
ORD-001497,DC-05,STANDARD,2026-09-03T08:04:00,2026-09-03T20:04:00,EXCEPTION,EXCEPTION,APAC,NEXT_DAY
ORD-001498,DC-07,STANDARD,2026-08-09T21:27:00,2026-08-10T01:27:00,RELEASED,RELEASED,MEA,SAME_DAY
ORD-001499,DC-17,EXPEDITE,2026-08-05T11:43:00,2026-08-05T17:43:00,ALLOCATED,HOLD,EU,SAME_DAY
ORD-001500,DC-15,STANDARD,2026-09-05T02:27:00,2026-09-05T10:27:00,EXCEPTION,EXCEPTION,LATAM,STANDARD
ORD-001501,DC-13,STANDARD,2026-08-28T09:10:00,2026-08-28T15:10:00,ALLOCATED,ALLOCATED,EU,NEXT_DAY
ORD-001502,DC-10,STANDARD,2026-08-10T15:02:00,2026-08-10T19:02:00,PICKING,PICKING,LATAM,SAME_DAY
ORD-001503,DC-08,EXPEDITE,2026-08-25T01:44:00,2026-08-25T05:44:00,PACKING,PACKING,MEA,NEXT_DAY
ORD-001504,DC-12,STANDARD,2026-09-03T18:56:00,2026-09-04T06:56:00,RELEASED,EXCEPTION,MEA,NEXT_DAY
ORD-001505,DC-04,EXPEDITE,2026-08-07T00:54:00,2026-08-07T08:54:00,PACKING,PACKING,MEA,SAME_DAY
ORD-001506,DC-03,EXPEDITE,2026-08-02T01:31:00,2026-08-02T13:31:00,RELEASED,EXCEPTION,LATAM,SAME_DAY
ORD-001507,DC-03,STANDARD,2026-08-28T21:15:00,2026-08-29T01:15:00,EXCEPTION,HOLD,EU,STANDARD
ORD-001508,DC-05,STANDARD,2026-08-05T06:38:00,2026-08-05T10:38:00,RELEASED,RELEASED,LATAM,STANDARD
ORD-001509,DC-01,STANDARD,2026-08-07T15:49:00,2026-08-07T19:49:00,SHIPPED,HOLD,EU,STANDARD
ORD-001510,DC-06,EXPEDITE,2026-08-03T16:20:00,2026-08-04T00:20:00,RELEASED,RELEASED,NA,SAME_DAY
ORD-001511,DC-03,STANDARD,2026-09-01T05:13:00,2026-09-02T05:13:00,EXCEPTION,EXCEPTION,NA,STANDARD
ORD-001512,DC-11,EXPEDITE,2026-08-22T10:46:00,2026-08-22T14:46:00,SHIPPED,EXCEPTION,MEA,NEXT_DAY
ORD-001513,DC-04,EXPEDITE,2026-09-03T13:43:00,2026-09-04T01:43:00,SHIPPED,SHIPPED,NA,SAME_DAY
ORD-001514,DC-05,STANDARD,2026-08-19T17:40:00,2026-08-19T21:40:00,RELEASED,RELEASED,LATAM,STANDARD
ORD-001515,DC-02,STANDARD,2026-09-03T22:32:00,2026-09-04T10:32:00,SHIPPED,SHIPPED,NA,NEXT_DAY
ORD-001516,DC-01,EXPEDITE,2026-09-01T16:26:00,2026-09-01T20:26:00,SHIPPED,EXCEPTION,APAC,SAME_DAY
ORD-001517,DC-01,STANDARD,2026-08-04T12:29:00,2026-08-04T20:29:00,EXCEPTION,HOLD,LATAM,NEXT_DAY
ORD-001518,DC-17,EXPEDITE,2026-08-04T07:15:00,2026-08-04T13:15:00,RELEASED,EXCEPTION,MEA,STANDARD
ORD-001519,DC-16,STANDARD,2026-08-26T23:30:00,2026-08-27T07:30:00,SHIPPED,HOLD,MEA,STANDARD
ORD-001520,DC-09,STANDARD,2026-08-20T12:24:00,2026-08-20T16:24:00,PICKING,PICKING,EU,SAME_DAY
ORD-001521,DC-09,STANDARD,2026-08-27T14:56:00,2026-08-28T14:56:00,STAGED,EXCEPTION,NA,NEXT_DAY
ORD-001522,DC-07,STANDARD,2026-08-22T15:12:00,2026-08-22T21:12:00,RELEASED,HOLD,APAC,NEXT_DAY
ORD-001523,DC-18,STANDARD,2026-08-14T13:42:00,2026-08-14T17:42:00,RELEASED,RELEASED,MEA,NEXT_DAY
ORD-001524,DC-03,STANDARD,2026-09-02T12:43:00,2026-09-03T00:43:00,STAGED,STAGED,APAC,STANDARD
ORD-001525,DC-13,STANDARD,2026-09-02T00:33:00,2026-09-02T04:33:00,EXCEPTION,EXCEPTION,LATAM,STANDARD
ORD-001526,DC-01,STANDARD,2026-08-29T07:42:00,2026-08-29T19:42:00,SHIPPED,SHIPPED,APAC,SAME_DAY
ORD-001527,DC-01,EXPEDITE,2026-09-02T20:54:00,2026-09-03T04:54:00,PACKING,PACKING,EU,STANDARD
ORD-001528,DC-09,CRITICAL,2026-08-08T01:15:00,2026-08-08T07:15:00,EXCEPTION,HOLD,APAC,SAME_DAY
ORD-001529,DC-08,STANDARD,2026-08-30T06:54:00,2026-08-31T06:54:00,SHIPPED,SHIPPED,APAC,STANDARD
ORD-001530,DC-01,CRITICAL,2026-08-09T09:11:00,2026-08-10T09:11:00,SHIPPED,SHIPPED,APAC,SAME_DAY
ORD-001531,DC-08,STANDARD,2026-08-29T22:11:00,2026-08-30T22:11:00,ALLOCATED,HOLD,APAC,SAME_DAY
ORD-001532,DC-12,CRITICAL,2026-09-01T23:06:00,2026-09-02T05:06:00,PICKING,PICKING,EU,STANDARD
ORD-001533,DC-16,STANDARD,2026-08-09T02:41:00,2026-08-09T10:41:00,PACKING,PACKING,MEA,SAME_DAY
ORD-001534,DC-10,EXPEDITE,2026-08-18T15:25:00,2026-08-18T23:25:00,SHIPPED,SHIPPED,MEA,NEXT_DAY
ORD-001535,DC-06,STANDARD,2026-08-21T22:35:00,2026-08-22T02:35:00,EXCEPTION,EXCEPTION,LATAM,NEXT_DAY
ORD-001536,DC-06,STANDARD,2026-08-19T22:48:00,2026-08-20T10:48:00,RELEASED,EXCEPTION,LATAM,STANDARD
ORD-001537,DC-17,STANDARD,2026-09-03T09:06:00,2026-09-03T21:06:00,EXCEPTION,EXCEPTION,APAC,NEXT_DAY
ORD-001538,DC-01,STANDARD,2026-08-21T06:03:00,2026-08-22T06:03:00,STAGED,EXCEPTION,LATAM,NEXT_DAY
ORD-001539,DC-02,STANDARD,2026-09-04T12:30:00,2026-09-05T12:30:00,PACKING,PACKING,NA,SAME_DAY
ORD-001540,DC-13,EXPEDITE,2026-08-23T23:13:00,2026-08-24T03:13:00,SHIPPED,SHIPPED,MEA,NEXT_DAY
ORD-001541,DC-10,STANDARD,2026-08-14T15:28:00,2026-08-15T15:28:00,PACKING,PACKING,EU,STANDARD
ORD-001542,DC-16,CRITICAL,2026-09-02T14:37:00,2026-09-03T02:37:00,ALLOCATED,EXCEPTION,APAC,STANDARD
ORD-001543,DC-14,STANDARD,2026-09-03T13:18:00,2026-09-04T01:18:00,EXCEPTION,EXCEPTION,EU,STANDARD
ORD-001544,DC-01,CRITICAL,2026-08-12T20:02:00,2026-08-13T20:02:00,SHIPPED,EXCEPTION,EU,SAME_DAY
ORD-001545,DC-09,EXPEDITE,2026-09-01T22:05:00,2026-09-02T02:05:00,ALLOCATED,ALLOCATED,LATAM,SAME_DAY
ORD-001546,DC-12,STANDARD,2026-08-11T18:07:00,2026-08-12T02:07:00,RELEASED,RELEASED,LATAM,SAME_DAY
ORD-001547,DC-01,STANDARD,2026-08-22T01:22:00,2026-08-22T05:22:00,RELEASED,EXCEPTION,NA,SAME_DAY
ORD-001548,DC-03,STANDARD,2026-08-15T15:31:00,2026-08-16T15:31:00,PICKING,PICKING,MEA,SAME_DAY
ORD-001549,DC-16,STANDARD,2026-08-20T21:27:00,2026-08-21T05:27:00,RELEASED,HOLD,NA,NEXT_DAY
ORD-001550,DC-09,STANDARD,2026-08-12T23:25:00,2026-08-13T23:25:00,ALLOCATED,ALLOCATED,APAC,NEXT_DAY
ORD-001551,DC-08,EXPEDITE,2026-08-13T22:47:00,2026-08-14T02:47:00,PICKING,EXCEPTION,LATAM,SAME_DAY
ORD-001552,DC-06,STANDARD,2026-08-18T23:17:00,2026-08-19T23:17:00,ALLOCATED,ALLOCATED,MEA,STANDARD
ORD-001553,DC-07,STANDARD,2026-08-14T03:36:00,2026-08-15T03:36:00,PICKING,PICKING,APAC,NEXT_DAY
ORD-001554,DC-08,STANDARD,2026-08-24T20:00:00,2026-08-25T00:00:00,ALLOCATED,EXCEPTION,NA,SAME_DAY
ORD-001555,DC-05,STANDARD,2026-08-13T07:20:00,2026-08-13T11:20:00,ALLOCATED,EXCEPTION,MEA,NEXT_DAY
ORD-001556,DC-14,STANDARD,2026-08-10T04:24:00,2026-08-10T16:24:00,PACKING,PACKING,MEA,NEXT_DAY
ORD-001557,DC-04,STANDARD,2026-08-23T12:26:00,2026-08-23T18:26:00,PICKING,PICKING,MEA,SAME_DAY
ORD-001558,DC-16,STANDARD,2026-09-01T18:04:00,2026-09-02T06:04:00,RELEASED,RELEASED,APAC,STANDARD
ORD-001559,DC-14,EXPEDITE,2026-08-22T17:34:00,2026-08-23T17:34:00,STAGED,STAGED,EU,STANDARD
ORD-001560,DC-18,EXPEDITE,2026-09-02T10:29:00,2026-09-02T18:29:00,RELEASED,RELEASED,APAC,NEXT_DAY
ORD-001561,DC-03,CRITICAL,2026-08-04T05:05:00,2026-08-04T11:05:00,SHIPPED,SHIPPED,MEA,SAME_DAY
ORD-001562,DC-08,STANDARD,2026-09-02T16:19:00,2026-09-02T20:19:00,ALLOCATED,ALLOCATED,NA,STANDARD
ORD-001563,DC-08,STANDARD,2026-08-23T07:24:00,2026-08-23T11:24:00,RELEASED,RELEASED,NA,NEXT_DAY
ORD-001564,DC-05,STANDARD,2026-08-04T10:53:00,2026-08-04T18:53:00,PICKING,PICKING,NA,STANDARD
ORD-001565,DC-18,EXPEDITE,2026-08-14T20:05:00,2026-08-15T08:05:00,ALLOCATED,ALLOCATED,NA,SAME_DAY
ORD-001566,DC-01,STANDARD,2026-08-04T03:39:00,2026-08-04T07:39:00,STAGED,EXCEPTION,NA,SAME_DAY
ORD-001567,DC-08,CRITICAL,2026-08-17T19:52:00,2026-08-18T07:52:00,PICKING,PICKING,LATAM,NEXT_DAY
ORD-001568,DC-09,STANDARD,2026-08-16T18:15:00,2026-08-17T06:15:00,PICKING,PICKING,EU,SAME_DAY
ORD-001569,DC-15,STANDARD,2026-08-27T16:03:00,2026-08-27T22:03:00,SHIPPED,SHIPPED,APAC,STANDARD
ORD-001570,DC-17,STANDARD,2026-09-04T00:42:00,2026-09-04T06:42:00,STAGED,STAGED,EU,NEXT_DAY
ORD-001571,DC-02,EXPEDITE,2026-08-28T20:06:00,2026-08-29T04:06:00,PICKING,PICKING,LATAM,SAME_DAY
ORD-001572,DC-17,STANDARD,2026-08-22T07:28:00,2026-08-23T07:28:00,STAGED,EXCEPTION,LATAM,NEXT_DAY
ORD-001573,DC-08,EXPEDITE,2026-08-25T11:01:00,2026-08-25T19:01:00,RELEASED,HOLD,APAC,STANDARD
ORD-001574,DC-16,STANDARD,2026-08-27T08:12:00,2026-08-27T14:12:00,SHIPPED,SHIPPED,MEA,SAME_DAY
ORD-001575,DC-11,CRITICAL,2026-08-27T18:30:00,2026-08-28T06:30:00,PACKING,PACKING,MEA,STANDARD
ORD-001576,DC-10,STANDARD,2026-09-04T03:19:00,2026-09-05T03:19:00,EXCEPTION,EXCEPTION,NA,STANDARD
ORD-001577,DC-10,STANDARD,2026-08-28T18:34:00,2026-08-29T02:34:00,ALLOCATED,ALLOCATED,APAC,NEXT_DAY
ORD-001578,DC-01,STANDARD,2026-08-11T08:41:00,2026-08-11T16:41:00,SHIPPED,HOLD,LATAM,SAME_DAY
ORD-001579,DC-04,STANDARD,2026-08-07T11:53:00,2026-08-07T17:53:00,PICKING,PICKING,APAC,STANDARD
ORD-001580,DC-13,STANDARD,2026-08-25T17:44:00,2026-08-25T21:44:00,PICKING,EXCEPTION,MEA,SAME_DAY
ORD-001581,DC-16,EXPEDITE,2026-08-15T10:20:00,2026-08-15T16:20:00,STAGED,STAGED,NA,STANDARD
ORD-001582,DC-04,STANDARD,2026-08-27T04:47:00,2026-08-27T10:47:00,PICKING,PICKING,LATAM,NEXT_DAY
ORD-001583,DC-02,STANDARD,2026-08-23T03:47:00,2026-08-24T03:47:00,EXCEPTION,EXCEPTION,MEA,STANDARD
ORD-001584,DC-08,EXPEDITE,2026-08-20T00:59:00,2026-08-21T00:59:00,SHIPPED,HOLD,EU,STANDARD
ORD-001585,DC-09,CRITICAL,2026-08-01T13:39:00,2026-08-01T19:39:00,ALLOCATED,EXCEPTION,LATAM,STANDARD
ORD-001586,DC-06,CRITICAL,2026-08-09T06:35:00,2026-08-09T12:35:00,ALLOCATED,ALLOCATED,LATAM,STANDARD
ORD-001587,DC-01,EXPEDITE,2026-08-05T11:09:00,2026-08-05T19:09:00,PACKING,PACKING,MEA,STANDARD
ORD-001588,DC-04,STANDARD,2026-08-29T19:18:00,2026-08-30T01:18:00,EXCEPTION,EXCEPTION,NA,SAME_DAY
ORD-001589,DC-09,STANDARD,2026-08-20T12:11:00,2026-08-20T18:11:00,PACKING,PACKING,MEA,SAME_DAY
ORD-001590,DC-15,EXPEDITE,2026-08-02T17:07:00,2026-08-02T23:07:00,EXCEPTION,HOLD,MEA,STANDARD
ORD-001591,DC-18,CRITICAL,2026-08-19T07:56:00,2026-08-19T19:56:00,ALLOCATED,ALLOCATED,MEA,NEXT_DAY
ORD-001592,DC-03,STANDARD,2026-08-22T04:57:00,2026-08-22T08:57:00,ALLOCATED,ALLOCATED,APAC,STANDARD
ORD-001593,DC-16,STANDARD,2026-08-24T20:34:00,2026-08-25T00:34:00,EXCEPTION,EXCEPTION,APAC,SAME_DAY
ORD-001594,DC-12,STANDARD,2026-08-21T20:33:00,2026-08-22T00:33:00,PACKING,HOLD,MEA,STANDARD
ORD-001595,DC-02,STANDARD,2026-08-11T07:07:00,2026-08-12T07:07:00,ALLOCATED,ALLOCATED,EU,SAME_DAY
ORD-001596,DC-18,STANDARD,2026-08-07T08:48:00,2026-08-07T20:48:00,RELEASED,RELEASED,APAC,NEXT_DAY
ORD-001597,DC-08,STANDARD,2026-09-03T20:48:00,2026-09-04T00:48:00,PICKING,HOLD,LATAM,NEXT_DAY
ORD-001598,DC-05,STANDARD,2026-08-17T15:50:00,2026-08-17T19:50:00,PACKING,PACKING,LATAM,NEXT_DAY
ORD-001599,DC-03,CRITICAL,2026-08-18T17:07:00,2026-08-18T23:07:00,ALLOCATED,ALLOCATED,LATAM,STANDARD
ORD-001600,DC-18,EXPEDITE,2026-08-26T21:35:00,2026-08-27T05:35:00,SHIPPED,EXCEPTION,NA,NEXT_DAY
ORD-001601,DC-09,STANDARD,2026-08-27T04:50:00,2026-08-27T08:50:00,PICKING,HOLD,LATAM,STANDARD
ORD-001602,DC-05,STANDARD,2026-08-13T05:33:00,2026-08-13T17:33:00,PACKING,PACKING,NA,SAME_DAY
ORD-001603,DC-13,EXPEDITE,2026-08-10T16:30:00,2026-08-11T00:30:00,EXCEPTION,EXCEPTION,NA,STANDARD
ORD-001604,DC-09,STANDARD,2026-08-21T17:28:00,2026-08-21T21:28:00,RELEASED,RELEASED,NA,SAME_DAY
ORD-001605,DC-07,STANDARD,2026-08-26T04:17:00,2026-08-26T16:17:00,PACKING,PACKING,MEA,NEXT_DAY
ORD-001606,DC-01,CRITICAL,2026-08-30T00:34:00,2026-08-30T06:34:00,PACKING,PACKING,APAC,NEXT_DAY
ORD-001607,DC-04,STANDARD,2026-08-08T03:32:00,2026-08-08T09:32:00,PACKING,PACKING,APAC,STANDARD
ORD-001608,DC-10,STANDARD,2026-08-19T15:00:00,2026-08-20T15:00:00,EXCEPTION,EXCEPTION,NA,NEXT_DAY
ORD-001609,DC-10,EXPEDITE,2026-08-07T09:50:00,2026-08-07T13:50:00,SHIPPED,EXCEPTION,LATAM,SAME_DAY
ORD-001610,DC-08,STANDARD,2026-08-28T04:46:00,2026-08-28T16:46:00,ALLOCATED,ALLOCATED,MEA,STANDARD
ORD-001611,DC-11,CRITICAL,2026-08-11T16:39:00,2026-08-12T16:39:00,RELEASED,RELEASED,LATAM,STANDARD
ORD-001612,DC-08,STANDARD,2026-08-10T07:46:00,2026-08-10T11:46:00,STAGED,STAGED,LATAM,NEXT_DAY
ORD-001613,DC-09,STANDARD,2026-09-01T21:27:00,2026-09-02T05:27:00,PICKING,HOLD,LATAM,NEXT_DAY
ORD-001614,DC-09,STANDARD,2026-08-30T03:06:00,2026-08-30T07:06:00,STAGED,STAGED,LATAM,STANDARD
ORD-001615,DC-05,STANDARD,2026-08-22T02:25:00,2026-08-23T02:25:00,PICKING,PICKING,NA,SAME_DAY
ORD-001616,DC-17,STANDARD,2026-09-03T19:20:00,2026-09-04T03:20:00,PICKING,PICKING,MEA,STANDARD
ORD-001617,DC-11,STANDARD,2026-08-30T03:39:00,2026-08-31T03:39:00,PACKING,PACKING,APAC,STANDARD
ORD-001618,DC-06,STANDARD,2026-08-31T18:37:00,2026-09-01T00:37:00,EXCEPTION,EXCEPTION,EU,SAME_DAY
ORD-001619,DC-18,STANDARD,2026-08-25T18:42:00,2026-08-25T22:42:00,EXCEPTION,HOLD,NA,NEXT_DAY
ORD-001620,DC-17,EXPEDITE,2026-08-31T13:13:00,2026-09-01T13:13:00,EXCEPTION,EXCEPTION,EU,STANDARD
ORD-001621,DC-15,EXPEDITE,2026-08-08T08:06:00,2026-08-09T08:06:00,EXCEPTION,EXCEPTION,NA,SAME_DAY
ORD-001622,DC-10,STANDARD,2026-08-22T18:24:00,2026-08-23T18:24:00,SHIPPED,SHIPPED,LATAM,SAME_DAY
ORD-001623,DC-08,STANDARD,2026-08-18T17:44:00,2026-08-18T21:44:00,ALLOCATED,HOLD,LATAM,SAME_DAY
ORD-001624,DC-16,STANDARD,2026-08-12T08:52:00,2026-08-12T20:52:00,EXCEPTION,EXCEPTION,MEA,SAME_DAY
ORD-001625,DC-14,EXPEDITE,2026-08-25T02:58:00,2026-08-25T14:58:00,EXCEPTION,EXCEPTION,MEA,NEXT_DAY
ORD-001626,DC-04,STANDARD,2026-08-04T13:02:00,2026-08-04T17:02:00,RELEASED,RELEASED,EU,NEXT_DAY
ORD-001627,DC-04,EXPEDITE,2026-08-11T09:35:00,2026-08-12T09:35:00,PACKING,PACKING,NA,STANDARD
ORD-001628,DC-15,STANDARD,2026-08-20T15:48:00,2026-08-21T15:48:00,PICKING,PICKING,EU,NEXT_DAY
ORD-001629,DC-12,STANDARD,2026-08-14T00:06:00,2026-08-14T08:06:00,SHIPPED,SHIPPED,EU,NEXT_DAY
ORD-001630,DC-15,STANDARD,2026-09-04T08:36:00,2026-09-05T08:36:00,SHIPPED,EXCEPTION,LATAM,NEXT_DAY
ORD-001631,DC-11,STANDARD,2026-08-17T12:28:00,2026-08-17T20:28:00,PICKING,PICKING,EU,SAME_DAY
ORD-001632,DC-18,STANDARD,2026-08-05T13:02:00,2026-08-05T21:02:00,RELEASED,EXCEPTION,LATAM,SAME_DAY
ORD-001633,DC-03,EXPEDITE,2026-08-30T03:35:00,2026-08-30T07:35:00,PACKING,EXCEPTION,APAC,NEXT_DAY
ORD-001634,DC-14,STANDARD,2026-08-08T18:26:00,2026-08-09T00:26:00,STAGED,HOLD,LATAM,STANDARD
ORD-001635,DC-12,STANDARD,2026-08-04T12:23:00,2026-08-04T18:23:00,STAGED,STAGED,LATAM,STANDARD
ORD-001636,DC-16,CRITICAL,2026-08-22T18:12:00,2026-08-23T00:12:00,ALLOCATED,EXCEPTION,NA,STANDARD
ORD-001637,DC-15,STANDARD,2026-09-04T12:47:00,2026-09-04T16:47:00,PACKING,PACKING,EU,STANDARD
ORD-001638,DC-06,STANDARD,2026-08-28T12:44:00,2026-08-28T20:44:00,RELEASED,HOLD,MEA,STANDARD
ORD-001639,DC-08,STANDARD,2026-08-05T00:30:00,2026-08-05T04:30:00,ALLOCATED,HOLD,MEA,NEXT_DAY
ORD-001640,DC-01,EXPEDITE,2026-08-27T17:41:00,2026-08-28T17:41:00,ALLOCATED,EXCEPTION,EU,NEXT_DAY
ORD-001641,DC-07,STANDARD,2026-08-12T03:59:00,2026-08-12T15:59:00,EXCEPTION,EXCEPTION,LATAM,STANDARD
ORD-001642,DC-11,STANDARD,2026-08-13T01:41:00,2026-08-13T05:41:00,PACKING,HOLD,LATAM,SAME_DAY
ORD-001643,DC-17,STANDARD,2026-08-15T08:26:00,2026-08-15T16:26:00,EXCEPTION,EXCEPTION,EU,STANDARD
ORD-001644,DC-11,STANDARD,2026-08-31T11:21:00,2026-08-31T23:21:00,PICKING,EXCEPTION,NA,STANDARD
ORD-001645,DC-05,STANDARD,2026-08-02T17:08:00,2026-08-03T17:08:00,RELEASED,RELEASED,NA,STANDARD
ORD-001646,DC-02,STANDARD,2026-08-21T02:37:00,2026-08-21T14:37:00,PACKING,PACKING,EU,SAME_DAY
ORD-001647,DC-14,STANDARD,2026-08-08T11:35:00,2026-08-08T17:35:00,PICKING,HOLD,MEA,SAME_DAY
ORD-001648,DC-17,STANDARD,2026-08-17T05:40:00,2026-08-17T09:40:00,SHIPPED,SHIPPED,NA,STANDARD
ORD-001649,DC-08,CRITICAL,2026-08-13T02:11:00,2026-08-13T06:11:00,PICKING,PICKING,NA,SAME_DAY
ORD-001650,DC-05,STANDARD,2026-08-01T23:07:00,2026-08-02T11:07:00,STAGED,STAGED,APAC,STANDARD
ORD-001651,DC-12,STANDARD,2026-08-12T15:40:00,2026-08-13T15:40:00,STAGED,STAGED,EU,SAME_DAY
ORD-001652,DC-10,STANDARD,2026-08-25T23:17:00,2026-08-26T23:17:00,RELEASED,RELEASED,LATAM,NEXT_DAY
ORD-001653,DC-03,CRITICAL,2026-08-25T23:16:00,2026-08-26T03:16:00,SHIPPED,SHIPPED,NA,SAME_DAY
ORD-001654,DC-01,EXPEDITE,2026-08-10T12:14:00,2026-08-11T00:14:00,PICKING,EXCEPTION,EU,NEXT_DAY
ORD-001655,DC-07,CRITICAL,2026-08-19T05:04:00,2026-08-19T17:04:00,ALLOCATED,ALLOCATED,NA,NEXT_DAY
ORD-001656,DC-11,STANDARD,2026-09-01T08:48:00,2026-09-01T14:48:00,ALLOCATED,ALLOCATED,LATAM,NEXT_DAY
ORD-001657,DC-01,CRITICAL,2026-08-11T14:52:00,2026-08-11T18:52:00,PACKING,HOLD,NA,NEXT_DAY
ORD-001658,DC-13,STANDARD,2026-08-14T17:51:00,2026-08-15T01:51:00,PICKING,HOLD,NA,STANDARD
ORD-001659,DC-12,STANDARD,2026-08-17T05:19:00,2026-08-17T13:19:00,PICKING,PICKING,LATAM,NEXT_DAY
ORD-001660,DC-01,EXPEDITE,2026-08-22T18:55:00,2026-08-23T02:55:00,PACKING,HOLD,EU,SAME_DAY
ORD-001661,DC-12,STANDARD,2026-08-06T03:15:00,2026-08-06T09:15:00,EXCEPTION,EXCEPTION,LATAM,NEXT_DAY
ORD-001662,DC-15,STANDARD,2026-08-06T10:51:00,2026-08-06T18:51:00,PACKING,PACKING,NA,STANDARD
ORD-001663,DC-08,STANDARD,2026-08-14T13:26:00,2026-08-14T19:26:00,PICKING,PICKING,MEA,NEXT_DAY
ORD-001664,DC-10,EXPEDITE,2026-09-04T09:11:00,2026-09-04T15:11:00,STAGED,HOLD,NA,NEXT_DAY
ORD-001665,DC-07,STANDARD,2026-08-17T23:27:00,2026-08-18T03:27:00,EXCEPTION,EXCEPTION,EU,SAME_DAY
ORD-001666,DC-11,EXPEDITE,2026-08-24T06:55:00,2026-08-24T14:55:00,ALLOCATED,ALLOCATED,MEA,STANDARD
ORD-001667,DC-13,STANDARD,2026-08-05T02:55:00,2026-08-05T06:55:00,STAGED,EXCEPTION,APAC,STANDARD
ORD-001668,DC-10,STANDARD,2026-08-23T12:17:00,2026-08-24T12:17:00,EXCEPTION,EXCEPTION,EU,NEXT_DAY
ORD-001669,DC-16,STANDARD,2026-08-31T21:06:00,2026-09-01T21:06:00,ALLOCATED,HOLD,MEA,NEXT_DAY
ORD-001670,DC-12,STANDARD,2026-09-03T09:59:00,2026-09-03T13:59:00,SHIPPED,SHIPPED,MEA,STANDARD
ORD-001671,DC-12,STANDARD,2026-09-04T07:30:00,2026-09-05T07:30:00,SHIPPED,EXCEPTION,APAC,SAME_DAY
ORD-001672,DC-06,STANDARD,2026-08-04T06:32:00,2026-08-04T12:32:00,SHIPPED,SHIPPED,MEA,STANDARD
ORD-001673,DC-02,STANDARD,2026-08-06T21:14:00,2026-08-07T21:14:00,EXCEPTION,HOLD,NA,SAME_DAY
ORD-001674,DC-15,EXPEDITE,2026-08-28T08:14:00,2026-08-28T16:14:00,PACKING,PACKING,MEA,STANDARD
ORD-001675,DC-11,STANDARD,2026-08-02T04:36:00,2026-08-03T04:36:00,PACKING,PACKING,EU,SAME_DAY
ORD-001676,DC-10,CRITICAL,2026-08-15T12:48:00,2026-08-15T20:48:00,EXCEPTION,EXCEPTION,LATAM,NEXT_DAY
ORD-001677,DC-06,STANDARD,2026-08-12T20:35:00,2026-08-13T02:35:00,RELEASED,RELEASED,LATAM,NEXT_DAY
ORD-001678,DC-12,CRITICAL,2026-08-10T09:47:00,2026-08-10T13:47:00,PICKING,EXCEPTION,MEA,NEXT_DAY
ORD-001679,DC-17,STANDARD,2026-08-14T22:32:00,2026-08-15T22:32:00,RELEASED,RELEASED,LATAM,SAME_DAY
ORD-001680,DC-05,EXPEDITE,2026-08-21T20:22:00,2026-08-22T04:22:00,ALLOCATED,ALLOCATED,MEA,SAME_DAY
ORD-001681,DC-09,EXPEDITE,2026-08-30T11:41:00,2026-08-30T23:41:00,RELEASED,RELEASED,EU,NEXT_DAY
ORD-001682,DC-01,STANDARD,2026-08-17T02:54:00,2026-08-17T06:54:00,PICKING,PICKING,APAC,NEXT_DAY
ORD-001683,DC-09,STANDARD,2026-08-06T07:09:00,2026-08-07T07:09:00,PACKING,EXCEPTION,EU,SAME_DAY
ORD-001684,DC-11,STANDARD,2026-09-04T21:36:00,2026-09-05T21:36:00,SHIPPED,EXCEPTION,APAC,SAME_DAY
ORD-001685,DC-06,STANDARD,2026-08-31T17:40:00,2026-09-01T01:40:00,PACKING,PACKING,LATAM,STANDARD
ORD-001686,DC-08,STANDARD,2026-08-31T23:10:00,2026-09-01T07:10:00,STAGED,STAGED,LATAM,STANDARD
ORD-001687,DC-10,STANDARD,2026-08-02T23:22:00,2026-08-03T23:22:00,EXCEPTION,EXCEPTION,LATAM,SAME_DAY
ORD-001688,DC-06,STANDARD,2026-08-02T05:03:00,2026-08-02T11:03:00,ALLOCATED,ALLOCATED,EU,NEXT_DAY
ORD-001689,DC-18,EXPEDITE,2026-09-03T14:42:00,2026-09-03T20:42:00,RELEASED,RELEASED,APAC,NEXT_DAY
ORD-001690,DC-10,STANDARD,2026-08-18T03:26:00,2026-08-18T15:26:00,EXCEPTION,EXCEPTION,EU,SAME_DAY
ORD-001691,DC-14,STANDARD,2026-08-10T04:59:00,2026-08-10T16:59:00,RELEASED,EXCEPTION,LATAM,NEXT_DAY
ORD-001692,DC-14,STANDARD,2026-08-31T19:58:00,2026-09-01T01:58:00,EXCEPTION,EXCEPTION,LATAM,NEXT_DAY
ORD-001693,DC-10,CRITICAL,2026-08-09T18:11:00,2026-08-09T22:11:00,EXCEPTION,EXCEPTION,APAC,NEXT_DAY
ORD-001694,DC-10,EXPEDITE,2026-08-06T08:33:00,2026-08-06T14:33:00,EXCEPTION,EXCEPTION,MEA,SAME_DAY
ORD-001695,DC-10,STANDARD,2026-08-28T08:48:00,2026-08-28T20:48:00,PACKING,PACKING,MEA,STANDARD
ORD-001696,DC-17,EXPEDITE,2026-09-04T16:08:00,2026-09-04T20:08:00,EXCEPTION,HOLD,NA,SAME_DAY
ORD-001697,DC-06,EXPEDITE,2026-08-14T08:21:00,2026-08-15T08:21:00,RELEASED,RELEASED,LATAM,NEXT_DAY
ORD-001698,DC-15,EXPEDITE,2026-08-01T06:21:00,2026-08-01T12:21:00,EXCEPTION,EXCEPTION,LATAM,SAME_DAY
ORD-001699,DC-04,EXPEDITE,2026-08-17T14:07:00,2026-08-18T14:07:00,ALLOCATED,ALLOCATED,MEA,NEXT_DAY
ORD-001700,DC-08,EXPEDITE,2026-08-17T23:23:00,2026-08-18T11:23:00,PACKING,PACKING,LATAM,SAME_DAY
ORD-001701,DC-14,STANDARD,2026-08-07T04:20:00,2026-08-07T12:20:00,ALLOCATED,EXCEPTION,EU,STANDARD
ORD-001702,DC-13,STANDARD,2026-08-18T17:01:00,2026-08-18T21:01:00,STAGED,EXCEPTION,EU,NEXT_DAY
ORD-001703,DC-15,STANDARD,2026-09-01T22:35:00,2026-09-02T04:35:00,PICKING,PICKING,NA,STANDARD
ORD-001704,DC-06,STANDARD,2026-08-15T10:31:00,2026-08-15T16:31:00,ALLOCATED,EXCEPTION,APAC,STANDARD
ORD-001705,DC-07,CRITICAL,2026-08-29T04:03:00,2026-08-30T04:03:00,STAGED,STAGED,MEA,SAME_DAY
ORD-001706,DC-13,STANDARD,2026-08-08T03:51:00,2026-08-08T11:51:00,EXCEPTION,EXCEPTION,LATAM,STANDARD
ORD-001707,DC-12,STANDARD,2026-08-02T19:34:00,2026-08-03T19:34:00,PACKING,PACKING,MEA,NEXT_DAY
ORD-001708,DC-04,STANDARD,2026-08-09T06:26:00,2026-08-09T10:26:00,SHIPPED,EXCEPTION,LATAM,SAME_DAY
ORD-001709,DC-07,STANDARD,2026-09-03T23:34:00,2026-09-04T03:34:00,RELEASED,RELEASED,APAC,STANDARD
ORD-001710,DC-06,EXPEDITE,2026-08-12T00:13:00,2026-08-12T12:13:00,STAGED,STAGED,APAC,SAME_DAY
ORD-001711,DC-13,STANDARD,2026-08-19T20:35:00,2026-08-20T20:35:00,SHIPPED,EXCEPTION,NA,NEXT_DAY
ORD-001712,DC-07,STANDARD,2026-08-06T21:07:00,2026-08-07T05:07:00,STAGED,EXCEPTION,LATAM,STANDARD
ORD-001713,DC-03,STANDARD,2026-08-29T10:46:00,2026-08-29T22:46:00,STAGED,STAGED,APAC,STANDARD
ORD-001714,DC-03,STANDARD,2026-08-19T19:45:00,2026-08-19T23:45:00,PACKING,PACKING,NA,SAME_DAY
ORD-001715,DC-07,EXPEDITE,2026-08-31T21:35:00,2026-09-01T09:35:00,PACKING,HOLD,EU,NEXT_DAY
ORD-001716,DC-01,STANDARD,2026-08-30T02:33:00,2026-08-30T10:33:00,PACKING,EXCEPTION,LATAM,STANDARD
ORD-001717,DC-17,STANDARD,2026-09-04T10:18:00,2026-09-04T16:18:00,PICKING,PICKING,EU,SAME_DAY
ORD-001718,DC-14,STANDARD,2026-08-10T05:43:00,2026-08-10T11:43:00,RELEASED,EXCEPTION,APAC,STANDARD
ORD-001719,DC-17,EXPEDITE,2026-08-23T23:49:00,2026-08-24T03:49:00,STAGED,STAGED,MEA,NEXT_DAY
ORD-001720,DC-09,EXPEDITE,2026-08-30T00:21:00,2026-08-30T06:21:00,PACKING,HOLD,NA,SAME_DAY
ORD-001721,DC-03,EXPEDITE,2026-09-02T01:57:00,2026-09-02T07:57:00,PICKING,EXCEPTION,EU,NEXT_DAY
ORD-001722,DC-01,EXPEDITE,2026-08-06T18:20:00,2026-08-07T00:20:00,STAGED,STAGED,APAC,SAME_DAY
ORD-001723,DC-04,STANDARD,2026-08-05T08:42:00,2026-08-05T20:42:00,RELEASED,RELEASED,NA,SAME_DAY
ORD-001724,DC-04,STANDARD,2026-08-13T21:01:00,2026-08-14T01:01:00,ALLOCATED,HOLD,NA,SAME_DAY
ORD-001725,DC-17,STANDARD,2026-09-04T19:47:00,2026-09-05T19:47:00,PICKING,EXCEPTION,NA,STANDARD
ORD-001726,DC-15,STANDARD,2026-09-01T03:58:00,2026-09-01T15:58:00,EXCEPTION,EXCEPTION,EU,SAME_DAY
ORD-001727,DC-07,EXPEDITE,2026-08-01T09:32:00,2026-08-02T09:32:00,RELEASED,RELEASED,EU,STANDARD
ORD-001728,DC-10,STANDARD,2026-08-09T07:39:00,2026-08-09T19:39:00,SHIPPED,SHIPPED,LATAM,SAME_DAY
ORD-001729,DC-14,STANDARD,2026-08-04T00:07:00,2026-08-04T04:07:00,ALLOCATED,ALLOCATED,EU,STANDARD
ORD-001730,DC-04,EXPEDITE,2026-08-05T13:11:00,2026-08-05T21:11:00,RELEASED,EXCEPTION,LATAM,SAME_DAY
ORD-001731,DC-10,CRITICAL,2026-09-01T13:46:00,2026-09-01T17:46:00,PICKING,PICKING,LATAM,STANDARD
ORD-001732,DC-03,STANDARD,2026-08-16T20:54:00,2026-08-17T02:54:00,STAGED,STAGED,EU,NEXT_DAY
ORD-001733,DC-02,STANDARD,2026-08-22T03:34:00,2026-08-22T07:34:00,STAGED,STAGED,LATAM,SAME_DAY
ORD-001734,DC-15,STANDARD,2026-08-18T02:26:00,2026-08-18T14:26:00,RELEASED,RELEASED,NA,NEXT_DAY
ORD-001735,DC-05,STANDARD,2026-08-04T17:59:00,2026-08-04T23:59:00,STAGED,STAGED,APAC,SAME_DAY
ORD-001736,DC-15,EXPEDITE,2026-09-01T16:29:00,2026-09-01T20:29:00,SHIPPED,EXCEPTION,LATAM,STANDARD
ORD-001737,DC-05,CRITICAL,2026-08-01T10:13:00,2026-08-01T16:13:00,SHIPPED,EXCEPTION,LATAM,STANDARD
ORD-001738,DC-11,CRITICAL,2026-09-01T01:48:00,2026-09-01T13:48:00,PICKING,PICKING,MEA,STANDARD
ORD-001739,DC-13,STANDARD,2026-08-11T06:34:00,2026-08-12T06:34:00,PACKING,PACKING,LATAM,STANDARD
ORD-001740,DC-10,STANDARD,2026-09-02T07:11:00,2026-09-02T15:11:00,RELEASED,RELEASED,APAC,SAME_DAY
ORD-001741,DC-17,STANDARD,2026-08-04T21:09:00,2026-08-05T03:09:00,PACKING,EXCEPTION,EU,SAME_DAY
ORD-001742,DC-08,CRITICAL,2026-08-12T03:37:00,2026-08-13T03:37:00,PACKING,HOLD,MEA,SAME_DAY
ORD-001743,DC-07,STANDARD,2026-08-16T19:43:00,2026-08-17T03:43:00,ALLOCATED,ALLOCATED,LATAM,NEXT_DAY
ORD-001744,DC-12,STANDARD,2026-08-06T06:56:00,2026-08-06T12:56:00,ALLOCATED,EXCEPTION,LATAM,STANDARD
ORD-001745,DC-17,STANDARD,2026-08-01T12:15:00,2026-08-02T00:15:00,PICKING,PICKING,MEA,SAME_DAY
ORD-001746,DC-18,STANDARD,2026-08-16T11:06:00,2026-08-16T23:06:00,RELEASED,RELEASED,NA,STANDARD
ORD-001747,DC-01,CRITICAL,2026-08-13T08:41:00,2026-08-13T12:41:00,STAGED,EXCEPTION,APAC,SAME_DAY
ORD-001748,DC-14,EXPEDITE,2026-08-13T02:37:00,2026-08-13T10:37:00,PICKING,PICKING,NA,STANDARD
ORD-001749,DC-14,STANDARD,2026-08-13T01:15:00,2026-08-13T05:15:00,RELEASED,RELEASED,EU,STANDARD
ORD-001750,DC-07,STANDARD,2026-08-26T12:06:00,2026-08-27T00:06:00,STAGED,EXCEPTION,APAC,NEXT_DAY
ORD-001751,DC-17,STANDARD,2026-08-29T23:29:00,2026-08-30T07:29:00,ALLOCATED,ALLOCATED,APAC,SAME_DAY
ORD-001752,DC-06,EXPEDITE,2026-08-16T18:47:00,2026-08-17T06:47:00,RELEASED,RELEASED,NA,NEXT_DAY
ORD-001753,DC-14,CRITICAL,2026-08-08T19:32:00,2026-08-08T23:32:00,ALLOCATED,HOLD,EU,SAME_DAY
ORD-001754,DC-12,STANDARD,2026-08-12T21:12:00,2026-08-13T09:12:00,EXCEPTION,HOLD,EU,STANDARD
ORD-001755,DC-01,CRITICAL,2026-08-05T08:42:00,2026-08-05T14:42:00,PICKING,PICKING,EU,NEXT_DAY
ORD-001756,DC-18,EXPEDITE,2026-08-19T04:43:00,2026-08-19T12:43:00,EXCEPTION,EXCEPTION,APAC,NEXT_DAY
ORD-001757,DC-01,STANDARD,2026-08-03T11:25:00,2026-08-03T15:25:00,ALLOCATED,ALLOCATED,LATAM,NEXT_DAY
ORD-001758,DC-18,STANDARD,2026-08-26T11:02:00,2026-08-27T11:02:00,PICKING,PICKING,LATAM,NEXT_DAY
ORD-001759,DC-05,STANDARD,2026-08-23T15:00:00,2026-08-24T03:00:00,EXCEPTION,HOLD,MEA,NEXT_DAY
ORD-001760,DC-13,STANDARD,2026-08-24T06:14:00,2026-08-24T12:14:00,EXCEPTION,EXCEPTION,LATAM,SAME_DAY
ORD-001761,DC-03,STANDARD,2026-09-04T13:00:00,2026-09-05T13:00:00,PICKING,PICKING,EU,NEXT_DAY
ORD-001762,DC-11,STANDARD,2026-08-05T18:44:00,2026-08-06T18:44:00,PACKING,PACKING,LATAM,SAME_DAY
ORD-001763,DC-18,EXPEDITE,2026-08-17T10:41:00,2026-08-17T14:41:00,SHIPPED,SHIPPED,MEA,NEXT_DAY
ORD-001764,DC-05,STANDARD,2026-09-03T20:56:00,2026-09-04T02:56:00,SHIPPED,SHIPPED,EU,STANDARD
ORD-001765,DC-13,EXPEDITE,2026-08-26T15:14:00,2026-08-27T15:14:00,ALLOCATED,ALLOCATED,EU,SAME_DAY
ORD-001766,DC-07,STANDARD,2026-08-22T21:07:00,2026-08-23T09:07:00,SHIPPED,SHIPPED,MEA,NEXT_DAY
ORD-001767,DC-13,STANDARD,2026-08-12T07:58:00,2026-08-12T15:58:00,PICKING,PICKING,NA,NEXT_DAY
ORD-001768,DC-09,EXPEDITE,2026-09-04T22:50:00,2026-09-05T06:50:00,SHIPPED,EXCEPTION,EU,NEXT_DAY
ORD-001769,DC-02,EXPEDITE,2026-08-12T00:55:00,2026-08-12T04:55:00,SHIPPED,SHIPPED,MEA,NEXT_DAY
ORD-001770,DC-08,EXPEDITE,2026-08-26T04:45:00,2026-08-26T12:45:00,STAGED,STAGED,NA,STANDARD
ORD-001771,DC-08,STANDARD,2026-08-16T14:33:00,2026-08-16T20:33:00,PACKING,PACKING,EU,SAME_DAY
ORD-001772,DC-02,EXPEDITE,2026-08-28T19:15:00,2026-08-29T19:15:00,PACKING,HOLD,MEA,STANDARD
ORD-001773,DC-17,CRITICAL,2026-08-10T14:13:00,2026-08-10T18:13:00,PACKING,PACKING,MEA,STANDARD
ORD-001774,DC-18,STANDARD,2026-08-24T04:04:00,2026-08-24T10:04:00,EXCEPTION,EXCEPTION,EU,STANDARD
ORD-001775,DC-14,EXPEDITE,2026-08-20T04:33:00,2026-08-21T04:33:00,PACKING,PACKING,MEA,NEXT_DAY
ORD-001776,DC-15,STANDARD,2026-08-29T10:34:00,2026-08-29T14:34:00,PICKING,PICKING,EU,NEXT_DAY
ORD-001777,DC-07,EXPEDITE,2026-08-29T14:56:00,2026-08-29T18:56:00,PACKING,PACKING,LATAM,SAME_DAY
ORD-001778,DC-18,STANDARD,2026-08-20T21:52:00,2026-08-21T03:52:00,ALLOCATED,HOLD,LATAM,NEXT_DAY
ORD-001779,DC-05,STANDARD,2026-08-31T18:37:00,2026-09-01T18:37:00,ALLOCATED,ALLOCATED,MEA,STANDARD
ORD-001780,DC-13,STANDARD,2026-08-06T04:54:00,2026-08-06T16:54:00,PICKING,HOLD,EU,NEXT_DAY
ORD-001781,DC-04,STANDARD,2026-08-22T15:10:00,2026-08-23T03:10:00,ALLOCATED,ALLOCATED,EU,STANDARD
ORD-001782,DC-04,EXPEDITE,2026-08-25T03:45:00,2026-08-26T03:45:00,RELEASED,HOLD,EU,STANDARD
ORD-001783,DC-04,EXPEDITE,2026-08-20T13:36:00,2026-08-21T13:36:00,RELEASED,RELEASED,MEA,SAME_DAY
ORD-001784,DC-11,STANDARD,2026-08-30T03:35:00,2026-08-31T03:35:00,SHIPPED,HOLD,LATAM,NEXT_DAY
ORD-001785,DC-05,CRITICAL,2026-08-08T03:46:00,2026-08-09T03:46:00,ALLOCATED,ALLOCATED,APAC,SAME_DAY
ORD-001786,DC-09,STANDARD,2026-08-23T05:49:00,2026-08-23T11:49:00,ALLOCATED,HOLD,MEA,STANDARD
ORD-001787,DC-14,STANDARD,2026-08-20T16:59:00,2026-08-21T00:59:00,RELEASED,HOLD,NA,SAME_DAY
ORD-001788,DC-05,STANDARD,2026-08-05T11:18:00,2026-08-05T17:18:00,ALLOCATED,EXCEPTION,EU,NEXT_DAY
ORD-001789,DC-02,CRITICAL,2026-08-10T17:19:00,2026-08-11T05:19:00,SHIPPED,HOLD,MEA,NEXT_DAY
ORD-001790,DC-18,STANDARD,2026-09-03T16:05:00,2026-09-03T22:05:00,STAGED,STAGED,LATAM,NEXT_DAY
ORD-001791,DC-04,STANDARD,2026-08-15T04:50:00,2026-08-15T10:50:00,ALLOCATED,ALLOCATED,MEA,STANDARD
ORD-001792,DC-09,STANDARD,2026-08-04T02:05:00,2026-08-04T08:05:00,SHIPPED,EXCEPTION,EU,NEXT_DAY
ORD-001793,DC-02,EXPEDITE,2026-08-17T06:52:00,2026-08-17T10:52:00,PICKING,PICKING,MEA,SAME_DAY
ORD-001794,DC-15,STANDARD,2026-08-08T14:21:00,2026-08-08T20:21:00,PICKING,PICKING,NA,STANDARD
ORD-001795,DC-12,EXPEDITE,2026-08-25T14:50:00,2026-08-25T18:50:00,PACKING,EXCEPTION,LATAM,NEXT_DAY
ORD-001796,DC-16,EXPEDITE,2026-08-14T18:26:00,2026-08-14T22:26:00,ALLOCATED,HOLD,LATAM,NEXT_DAY
ORD-001797,DC-04,CRITICAL,2026-08-28T12:46:00,2026-08-29T00:46:00,SHIPPED,EXCEPTION,LATAM,STANDARD
ORD-001798,DC-15,STANDARD,2026-08-02T21:41:00,2026-08-03T05:41:00,RELEASED,RELEASED,APAC,STANDARD
ORD-001799,DC-15,STANDARD,2026-08-14T12:51:00,2026-08-14T20:51:00,PACKING,PACKING,LATAM,STANDARD
ORD-001800,DC-12,EXPEDITE,2026-08-27T05:27:00,2026-08-27T17:27:00,SHIPPED,HOLD,LATAM,SAME_DAY
ORD-001801,DC-10,STANDARD,2026-09-03T15:17:00,2026-09-03T23:17:00,ALLOCATED,ALLOCATED,APAC,SAME_DAY
ORD-001802,DC-09,EXPEDITE,2026-08-09T23:27:00,2026-08-10T05:27:00,STAGED,STAGED,LATAM,STANDARD
ORD-001803,DC-10,EXPEDITE,2026-08-19T04:31:00,2026-08-19T12:31:00,PACKING,PACKING,LATAM,NEXT_DAY
ORD-001804,DC-11,EXPEDITE,2026-09-01T02:23:00,2026-09-01T06:23:00,SHIPPED,SHIPPED,EU,STANDARD
ORD-001805,DC-12,CRITICAL,2026-08-05T18:49:00,2026-08-06T00:49:00,PICKING,HOLD,EU,NEXT_DAY
ORD-001806,DC-17,EXPEDITE,2026-08-10T10:43:00,2026-08-10T16:43:00,PACKING,PACKING,LATAM,SAME_DAY
ORD-001807,DC-18,STANDARD,2026-08-14T07:13:00,2026-08-15T07:13:00,RELEASED,EXCEPTION,LATAM,NEXT_DAY
ORD-001808,DC-07,STANDARD,2026-08-13T00:40:00,2026-08-14T00:40:00,PICKING,PICKING,MEA,STANDARD
ORD-001809,DC-15,STANDARD,2026-08-28T18:44:00,2026-08-29T02:44:00,PICKING,HOLD,NA,NEXT_DAY
ORD-001810,DC-15,STANDARD,2026-08-09T20:17:00,2026-08-10T20:17:00,SHIPPED,SHIPPED,APAC,NEXT_DAY
ORD-001811,DC-16,STANDARD,2026-08-01T20:11:00,2026-08-02T02:11:00,PACKING,PACKING,APAC,STANDARD
ORD-001812,DC-15,EXPEDITE,2026-08-10T00:55:00,2026-08-10T04:55:00,ALLOCATED,HOLD,LATAM,STANDARD
ORD-001813,DC-13,STANDARD,2026-08-19T21:38:00,2026-08-20T03:38:00,EXCEPTION,EXCEPTION,MEA,STANDARD
ORD-001814,DC-13,STANDARD,2026-08-31T13:19:00,2026-08-31T19:19:00,PACKING,PACKING,NA,SAME_DAY
ORD-001815,DC-07,STANDARD,2026-09-02T12:06:00,2026-09-02T18:06:00,ALLOCATED,EXCEPTION,LATAM,NEXT_DAY
ORD-001816,DC-17,EXPEDITE,2026-08-12T08:16:00,2026-08-13T08:16:00,STAGED,EXCEPTION,APAC,STANDARD
ORD-001817,DC-10,STANDARD,2026-08-21T02:47:00,2026-08-21T14:47:00,RELEASED,RELEASED,MEA,STANDARD
ORD-001818,DC-10,STANDARD,2026-08-02T04:05:00,2026-08-02T08:05:00,STAGED,STAGED,MEA,NEXT_DAY
ORD-001819,DC-09,STANDARD,2026-08-28T07:36:00,2026-08-28T19:36:00,ALLOCATED,EXCEPTION,NA,NEXT_DAY
ORD-001820,DC-08,STANDARD,2026-08-30T00:40:00,2026-08-30T04:40:00,ALLOCATED,HOLD,NA,NEXT_DAY
ORD-001821,DC-18,CRITICAL,2026-08-31T06:07:00,2026-09-01T06:07:00,STAGED,HOLD,NA,NEXT_DAY
ORD-001822,DC-08,STANDARD,2026-08-01T19:19:00,2026-08-02T01:19:00,RELEASED,HOLD,LATAM,NEXT_DAY
ORD-001823,DC-12,STANDARD,2026-08-09T19:24:00,2026-08-10T07:24:00,SHIPPED,SHIPPED,EU,SAME_DAY
ORD-001824,DC-04,STANDARD,2026-08-29T00:59:00,2026-08-29T08:59:00,STAGED,STAGED,EU,SAME_DAY
ORD-001825,DC-12,STANDARD,2026-08-16T14:43:00,2026-08-17T14:43:00,RELEASED,RELEASED,NA,SAME_DAY
ORD-001826,DC-10,CRITICAL,2026-08-29T23:21:00,2026-08-30T07:21:00,SHIPPED,SHIPPED,MEA,STANDARD
ORD-001827,DC-14,STANDARD,2026-08-07T23:10:00,2026-08-08T03:10:00,SHIPPED,SHIPPED,APAC,SAME_DAY
ORD-001828,DC-10,EXPEDITE,2026-08-16T00:14:00,2026-08-16T08:14:00,ALLOCATED,ALLOCATED,LATAM,NEXT_DAY
ORD-001829,DC-06,STANDARD,2026-09-01T16:16:00,2026-09-01T20:16:00,SHIPPED,SHIPPED,LATAM,SAME_DAY
ORD-001830,DC-10,STANDARD,2026-08-31T10:03:00,2026-08-31T22:03:00,SHIPPED,HOLD,LATAM,STANDARD
ORD-001831,DC-16,EXPEDITE,2026-08-25T14:44:00,2026-08-26T14:44:00,ALLOCATED,ALLOCATED,EU,STANDARD
ORD-001832,DC-03,STANDARD,2026-08-27T21:05:00,2026-08-28T03:05:00,STAGED,STAGED,MEA,SAME_DAY
ORD-001833,DC-06,CRITICAL,2026-08-03T10:21:00,2026-08-03T22:21:00,ALLOCATED,EXCEPTION,NA,STANDARD
ORD-001834,DC-06,CRITICAL,2026-08-02T02:23:00,2026-08-02T14:23:00,STAGED,EXCEPTION,MEA,NEXT_DAY
ORD-001835,DC-12,STANDARD,2026-08-06T21:33:00,2026-08-07T03:33:00,PACKING,PACKING,EU,SAME_DAY
ORD-001836,DC-05,STANDARD,2026-08-30T13:34:00,2026-08-30T19:34:00,PICKING,EXCEPTION,APAC,STANDARD
ORD-001837,DC-01,STANDARD,2026-08-01T14:10:00,2026-08-01T20:10:00,STAGED,STAGED,LATAM,NEXT_DAY
ORD-001838,DC-01,EXPEDITE,2026-08-16T22:58:00,2026-08-17T04:58:00,RELEASED,HOLD,MEA,NEXT_DAY
ORD-001839,DC-03,STANDARD,2026-08-05T13:35:00,2026-08-06T13:35:00,STAGED,STAGED,MEA,STANDARD
ORD-001840,DC-06,STANDARD,2026-09-01T07:26:00,2026-09-01T15:26:00,SHIPPED,HOLD,MEA,NEXT_DAY
ORD-001841,DC-16,STANDARD,2026-08-08T15:54:00,2026-08-08T21:54:00,PICKING,HOLD,APAC,STANDARD
ORD-001842,DC-03,STANDARD,2026-08-11T07:06:00,2026-08-11T13:06:00,RELEASED,RELEASED,MEA,SAME_DAY
ORD-001843,DC-13,STANDARD,2026-08-19T17:50:00,2026-08-19T21:50:00,PICKING,PICKING,MEA,SAME_DAY
ORD-001844,DC-09,STANDARD,2026-08-28T05:04:00,2026-08-28T11:04:00,PACKING,PACKING,EU,NEXT_DAY
ORD-001845,DC-10,STANDARD,2026-08-04T04:03:00,2026-08-04T10:03:00,STAGED,STAGED,LATAM,STANDARD
ORD-001846,DC-08,EXPEDITE,2026-08-06T12:01:00,2026-08-06T16:01:00,SHIPPED,SHIPPED,APAC,SAME_DAY
ORD-001847,DC-02,STANDARD,2026-08-18T05:11:00,2026-08-18T09:11:00,PICKING,HOLD,NA,NEXT_DAY
ORD-001848,DC-09,STANDARD,2026-08-04T20:37:00,2026-08-05T08:37:00,PICKING,PICKING,EU,NEXT_DAY
ORD-001849,DC-09,STANDARD,2026-08-24T15:33:00,2026-08-25T03:33:00,PICKING,HOLD,EU,STANDARD
ORD-001850,DC-11,CRITICAL,2026-08-27T01:17:00,2026-08-27T05:17:00,PICKING,HOLD,EU,STANDARD
ORD-001851,DC-14,EXPEDITE,2026-08-26T00:41:00,2026-08-26T06:41:00,PICKING,PICKING,NA,SAME_DAY
ORD-001852,DC-18,STANDARD,2026-08-19T20:08:00,2026-08-20T02:08:00,STAGED,HOLD,MEA,NEXT_DAY
ORD-001853,DC-16,CRITICAL,2026-08-04T01:58:00,2026-08-04T13:58:00,PACKING,PACKING,NA,NEXT_DAY
ORD-001854,DC-06,STANDARD,2026-08-23T20:29:00,2026-08-24T04:29:00,PICKING,EXCEPTION,NA,STANDARD
ORD-001855,DC-16,STANDARD,2026-08-20T04:18:00,2026-08-20T10:18:00,EXCEPTION,EXCEPTION,MEA,SAME_DAY
ORD-001856,DC-08,STANDARD,2026-08-29T13:42:00,2026-08-29T21:42:00,RELEASED,RELEASED,LATAM,SAME_DAY
ORD-001857,DC-03,CRITICAL,2026-08-06T14:40:00,2026-08-07T14:40:00,ALLOCATED,HOLD,APAC,NEXT_DAY
ORD-001858,DC-15,CRITICAL,2026-08-11T17:47:00,2026-08-12T01:47:00,SHIPPED,HOLD,EU,STANDARD
ORD-001859,DC-16,STANDARD,2026-08-05T04:13:00,2026-08-05T16:13:00,PACKING,PACKING,MEA,NEXT_DAY
ORD-001860,DC-11,STANDARD,2026-08-21T10:21:00,2026-08-21T16:21:00,EXCEPTION,EXCEPTION,MEA,STANDARD
ORD-001861,DC-08,STANDARD,2026-08-26T16:11:00,2026-08-26T22:11:00,SHIPPED,HOLD,APAC,STANDARD
ORD-001862,DC-04,STANDARD,2026-09-04T16:37:00,2026-09-05T16:37:00,PACKING,HOLD,APAC,STANDARD
ORD-001863,DC-14,EXPEDITE,2026-08-18T07:07:00,2026-08-18T15:07:00,PACKING,HOLD,EU,STANDARD
ORD-001864,DC-06,EXPEDITE,2026-08-21T19:28:00,2026-08-22T19:28:00,PACKING,EXCEPTION,APAC,STANDARD
ORD-001865,DC-15,CRITICAL,2026-09-04T23:10:00,2026-09-05T23:10:00,RELEASED,RELEASED,EU,SAME_DAY
ORD-001866,DC-14,STANDARD,2026-08-12T00:44:00,2026-08-12T04:44:00,STAGED,STAGED,APAC,NEXT_DAY
ORD-001867,DC-11,STANDARD,2026-08-11T12:26:00,2026-08-11T16:26:00,RELEASED,HOLD,EU,STANDARD
ORD-001868,DC-06,EXPEDITE,2026-08-17T23:17:00,2026-08-18T03:17:00,EXCEPTION,HOLD,LATAM,STANDARD
ORD-001869,DC-11,CRITICAL,2026-08-31T02:05:00,2026-08-31T10:05:00,SHIPPED,EXCEPTION,APAC,SAME_DAY
ORD-001870,DC-03,EXPEDITE,2026-08-06T13:39:00,2026-08-07T13:39:00,RELEASED,HOLD,EU,STANDARD
ORD-001871,DC-12,STANDARD,2026-08-20T02:55:00,2026-08-20T08:55:00,EXCEPTION,EXCEPTION,EU,NEXT_DAY
ORD-001872,DC-09,STANDARD,2026-08-21T20:21:00,2026-08-22T00:21:00,SHIPPED,SHIPPED,MEA,STANDARD
ORD-001873,DC-03,STANDARD,2026-08-27T04:44:00,2026-08-27T16:44:00,ALLOCATED,ALLOCATED,MEA,STANDARD
ORD-001874,DC-14,STANDARD,2026-08-10T06:38:00,2026-08-10T18:38:00,PACKING,HOLD,LATAM,NEXT_DAY
ORD-001875,DC-04,STANDARD,2026-08-20T14:33:00,2026-08-20T18:33:00,PICKING,HOLD,EU,SAME_DAY
ORD-001876,DC-17,STANDARD,2026-08-16T05:44:00,2026-08-16T09:44:00,PICKING,EXCEPTION,EU,NEXT_DAY
ORD-001877,DC-06,STANDARD,2026-08-15T22:07:00,2026-08-16T10:07:00,EXCEPTION,EXCEPTION,APAC,SAME_DAY
ORD-001878,DC-17,EXPEDITE,2026-08-06T23:15:00,2026-08-07T07:15:00,SHIPPED,EXCEPTION,APAC,STANDARD
ORD-001879,DC-16,STANDARD,2026-08-22T06:33:00,2026-08-23T06:33:00,STAGED,STAGED,MEA,STANDARD
ORD-001880,DC-07,STANDARD,2026-09-01T17:20:00,2026-09-02T01:20:00,SHIPPED,SHIPPED,EU,NEXT_DAY
ORD-001881,DC-12,STANDARD,2026-08-08T10:01:00,2026-08-08T16:01:00,SHIPPED,HOLD,EU,SAME_DAY
ORD-001882,DC-14,STANDARD,2026-08-03T13:12:00,2026-08-03T17:12:00,SHIPPED,SHIPPED,APAC,NEXT_DAY
ORD-001883,DC-07,STANDARD,2026-08-02T20:56:00,2026-08-03T02:56:00,STAGED,HOLD,MEA,SAME_DAY
ORD-001884,DC-08,STANDARD,2026-08-04T14:34:00,2026-08-04T18:34:00,PACKING,PACKING,LATAM,SAME_DAY
ORD-001885,DC-03,STANDARD,2026-08-23T12:23:00,2026-08-23T18:23:00,PICKING,PICKING,APAC,SAME_DAY
ORD-001886,DC-09,STANDARD,2026-08-30T05:33:00,2026-08-30T09:33:00,SHIPPED,EXCEPTION,APAC,STANDARD
ORD-001887,DC-14,STANDARD,2026-08-30T01:20:00,2026-08-30T09:20:00,PACKING,HOLD,MEA,STANDARD
ORD-001888,DC-05,EXPEDITE,2026-08-05T04:27:00,2026-08-06T04:27:00,RELEASED,EXCEPTION,APAC,NEXT_DAY
ORD-001889,DC-01,STANDARD,2026-09-01T23:55:00,2026-09-02T23:55:00,STAGED,STAGED,APAC,SAME_DAY
ORD-001890,DC-10,STANDARD,2026-08-25T23:47:00,2026-08-26T03:47:00,PACKING,EXCEPTION,LATAM,SAME_DAY
ORD-001891,DC-05,CRITICAL,2026-08-17T16:55:00,2026-08-17T20:55:00,ALLOCATED,ALLOCATED,LATAM,STANDARD
ORD-001892,DC-14,STANDARD,2026-08-09T17:04:00,2026-08-10T01:04:00,RELEASED,EXCEPTION,NA,STANDARD
ORD-001893,DC-02,STANDARD,2026-08-18T15:07:00,2026-08-19T03:07:00,EXCEPTION,EXCEPTION,NA,NEXT_DAY
ORD-001894,DC-18,EXPEDITE,2026-09-02T05:36:00,2026-09-02T17:36:00,STAGED,STAGED,NA,NEXT_DAY
ORD-001895,DC-07,CRITICAL,2026-08-07T01:28:00,2026-08-07T05:28:00,PACKING,PACKING,NA,NEXT_DAY
ORD-001896,DC-04,STANDARD,2026-08-24T00:49:00,2026-08-24T06:49:00,RELEASED,RELEASED,APAC,SAME_DAY
ORD-001897,DC-13,EXPEDITE,2026-08-07T04:33:00,2026-08-07T10:33:00,RELEASED,EXCEPTION,MEA,SAME_DAY
ORD-001898,DC-08,STANDARD,2026-08-12T03:04:00,2026-08-13T03:04:00,PICKING,PICKING,LATAM,SAME_DAY
ORD-001899,DC-13,STANDARD,2026-08-25T00:20:00,2026-08-25T04:20:00,ALLOCATED,ALLOCATED,MEA,SAME_DAY
ORD-001900,DC-12,STANDARD,2026-08-10T00:27:00,2026-08-10T04:27:00,ALLOCATED,ALLOCATED,APAC,SAME_DAY
ORD-001901,DC-11,CRITICAL,2026-08-04T22:38:00,2026-08-05T02:38:00,SHIPPED,SHIPPED,MEA,SAME_DAY
ORD-001902,DC-10,STANDARD,2026-08-28T14:37:00,2026-08-28T18:37:00,PACKING,PACKING,LATAM,STANDARD
ORD-001903,DC-11,EXPEDITE,2026-08-20T10:22:00,2026-08-20T22:22:00,SHIPPED,HOLD,MEA,STANDARD
ORD-001904,DC-07,STANDARD,2026-08-06T08:19:00,2026-08-06T14:19:00,STAGED,STAGED,EU,SAME_DAY
ORD-001905,DC-16,EXPEDITE,2026-08-16T12:57:00,2026-08-17T12:57:00,EXCEPTION,EXCEPTION,LATAM,SAME_DAY
ORD-001906,DC-11,STANDARD,2026-08-20T01:55:00,2026-08-20T07:55:00,STAGED,STAGED,EU,STANDARD
ORD-001907,DC-03,STANDARD,2026-08-21T11:25:00,2026-08-21T17:25:00,SHIPPED,SHIPPED,APAC,STANDARD
ORD-001908,DC-10,STANDARD,2026-08-22T22:11:00,2026-08-23T10:11:00,STAGED,HOLD,LATAM,NEXT_DAY
ORD-001909,DC-05,STANDARD,2026-08-26T11:39:00,2026-08-26T19:39:00,PACKING,PACKING,LATAM,SAME_DAY
ORD-001910,DC-01,STANDARD,2026-08-24T09:46:00,2026-08-25T09:46:00,RELEASED,RELEASED,NA,STANDARD
ORD-001911,DC-14,STANDARD,2026-08-25T20:52:00,2026-08-26T04:52:00,PICKING,EXCEPTION,LATAM,SAME_DAY
ORD-001912,DC-13,STANDARD,2026-08-13T07:44:00,2026-08-14T07:44:00,EXCEPTION,EXCEPTION,APAC,NEXT_DAY
ORD-001913,DC-14,EXPEDITE,2026-08-26T03:12:00,2026-08-26T11:12:00,SHIPPED,HOLD,EU,SAME_DAY
ORD-001914,DC-16,EXPEDITE,2026-08-23T20:50:00,2026-08-24T04:50:00,PACKING,EXCEPTION,MEA,STANDARD
ORD-001915,DC-05,CRITICAL,2026-08-09T14:29:00,2026-08-09T18:29:00,SHIPPED,SHIPPED,EU,STANDARD
ORD-001916,DC-12,STANDARD,2026-08-12T18:25:00,2026-08-13T02:25:00,PACKING,EXCEPTION,APAC,NEXT_DAY
ORD-001917,DC-16,STANDARD,2026-08-23T23:39:00,2026-08-24T11:39:00,PACKING,EXCEPTION,MEA,SAME_DAY
ORD-001918,DC-11,STANDARD,2026-08-22T15:36:00,2026-08-23T03:36:00,STAGED,STAGED,NA,SAME_DAY
ORD-001919,DC-06,STANDARD,2026-09-03T01:07:00,2026-09-03T13:07:00,STAGED,STAGED,EU,STANDARD
ORD-001920,DC-06,STANDARD,2026-08-12T05:04:00,2026-08-12T09:04:00,PICKING,PICKING,EU,STANDARD
ORD-001921,DC-11,STANDARD,2026-08-31T09:16:00,2026-08-31T17:16:00,EXCEPTION,EXCEPTION,APAC,SAME_DAY
ORD-001922,DC-16,STANDARD,2026-08-13T12:58:00,2026-08-13T20:58:00,EXCEPTION,EXCEPTION,NA,NEXT_DAY
ORD-001923,DC-09,STANDARD,2026-08-16T21:04:00,2026-08-17T09:04:00,ALLOCATED,EXCEPTION,NA,NEXT_DAY
ORD-001924,DC-18,STANDARD,2026-08-01T23:59:00,2026-08-02T05:59:00,RELEASED,RELEASED,NA,STANDARD
ORD-001925,DC-10,STANDARD,2026-08-13T17:56:00,2026-08-14T01:56:00,RELEASED,RELEASED,EU,NEXT_DAY
ORD-001926,DC-02,STANDARD,2026-08-28T11:36:00,2026-08-28T23:36:00,ALLOCATED,EXCEPTION,EU,NEXT_DAY
ORD-001927,DC-09,EXPEDITE,2026-08-16T10:47:00,2026-08-17T10:47:00,RELEASED,HOLD,APAC,SAME_DAY
ORD-001928,DC-15,STANDARD,2026-08-15T11:30:00,2026-08-15T17:30:00,EXCEPTION,EXCEPTION,EU,SAME_DAY
ORD-001929,DC-10,STANDARD,2026-08-19T18:51:00,2026-08-19T22:51:00,RELEASED,RELEASED,NA,STANDARD
ORD-001930,DC-07,EXPEDITE,2026-08-13T04:54:00,2026-08-14T04:54:00,ALLOCATED,ALLOCATED,LATAM,NEXT_DAY
ORD-001931,DC-02,STANDARD,2026-09-01T03:26:00,2026-09-01T09:26:00,EXCEPTION,EXCEPTION,NA,NEXT_DAY
ORD-001932,DC-02,EXPEDITE,2026-08-01T14:20:00,2026-08-01T22:20:00,RELEASED,RELEASED,LATAM,NEXT_DAY
ORD-001933,DC-06,EXPEDITE,2026-08-15T23:08:00,2026-08-16T07:08:00,PICKING,PICKING,LATAM,STANDARD
ORD-001934,DC-06,STANDARD,2026-08-31T14:49:00,2026-09-01T14:49:00,STAGED,EXCEPTION,NA,SAME_DAY
ORD-001935,DC-07,EXPEDITE,2026-08-25T00:35:00,2026-08-25T04:35:00,PACKING,PACKING,APAC,STANDARD
ORD-001936,DC-03,EXPEDITE,2026-09-02T20:56:00,2026-09-03T04:56:00,PACKING,PACKING,MEA,NEXT_DAY
ORD-001937,DC-02,STANDARD,2026-09-02T04:02:00,2026-09-03T04:02:00,SHIPPED,HOLD,LATAM,SAME_DAY
ORD-001938,DC-03,EXPEDITE,2026-08-12T12:49:00,2026-08-12T16:49:00,STAGED,STAGED,LATAM,SAME_DAY
ORD-001939,DC-12,STANDARD,2026-08-04T13:12:00,2026-08-05T13:12:00,ALLOCATED,EXCEPTION,NA,STANDARD
ORD-001940,DC-12,EXPEDITE,2026-09-01T14:18:00,2026-09-02T14:18:00,PACKING,PACKING,NA,SAME_DAY
ORD-001941,DC-05,STANDARD,2026-08-13T03:15:00,2026-08-13T11:15:00,SHIPPED,SHIPPED,APAC,SAME_DAY
ORD-001942,DC-08,STANDARD,2026-08-02T02:11:00,2026-08-02T08:11:00,PACKING,PACKING,APAC,SAME_DAY
ORD-001943,DC-02,CRITICAL,2026-08-09T20:22:00,2026-08-10T08:22:00,STAGED,HOLD,EU,STANDARD
ORD-001944,DC-02,CRITICAL,2026-08-25T00:25:00,2026-08-25T04:25:00,SHIPPED,EXCEPTION,NA,NEXT_DAY
ORD-001945,DC-04,STANDARD,2026-08-25T01:52:00,2026-08-25T13:52:00,STAGED,EXCEPTION,LATAM,NEXT_DAY
ORD-001946,DC-08,STANDARD,2026-08-13T11:06:00,2026-08-13T23:06:00,SHIPPED,EXCEPTION,NA,STANDARD
ORD-001947,DC-04,STANDARD,2026-08-15T15:10:00,2026-08-15T19:10:00,RELEASED,HOLD,MEA,STANDARD
ORD-001948,DC-12,STANDARD,2026-09-03T19:40:00,2026-09-03T23:40:00,PACKING,PACKING,NA,STANDARD
ORD-001949,DC-04,STANDARD,2026-08-30T08:30:00,2026-08-30T12:30:00,SHIPPED,SHIPPED,MEA,STANDARD
ORD-001950,DC-05,EXPEDITE,2026-08-07T05:48:00,2026-08-07T13:48:00,STAGED,STAGED,EU,SAME_DAY
ORD-001951,DC-08,STANDARD,2026-09-04T14:42:00,2026-09-05T14:42:00,RELEASED,RELEASED,EU,NEXT_DAY
ORD-001952,DC-05,CRITICAL,2026-08-10T17:46:00,2026-08-11T17:46:00,ALLOCATED,HOLD,NA,STANDARD
ORD-001953,DC-17,CRITICAL,2026-08-31T19:16:00,2026-09-01T03:16:00,PICKING,HOLD,APAC,SAME_DAY
ORD-001954,DC-04,STANDARD,2026-08-02T20:09:00,2026-08-03T20:09:00,RELEASED,RELEASED,EU,STANDARD
ORD-001955,DC-06,STANDARD,2026-08-25T08:11:00,2026-08-25T14:11:00,PICKING,PICKING,MEA,STANDARD
ORD-001956,DC-17,EXPEDITE,2026-09-04T16:28:00,2026-09-04T22:28:00,SHIPPED,HOLD,APAC,NEXT_DAY
ORD-001957,DC-17,STANDARD,2026-08-27T23:49:00,2026-08-28T07:49:00,RELEASED,RELEASED,EU,NEXT_DAY
ORD-001958,DC-02,STANDARD,2026-09-04T19:58:00,2026-09-05T03:58:00,PACKING,PACKING,APAC,NEXT_DAY
ORD-001959,DC-13,STANDARD,2026-08-02T20:37:00,2026-08-03T08:37:00,PACKING,PACKING,NA,STANDARD
ORD-001960,DC-01,EXPEDITE,2026-08-05T22:55:00,2026-08-06T10:55:00,SHIPPED,SHIPPED,MEA,NEXT_DAY
ORD-001961,DC-15,STANDARD,2026-08-22T04:39:00,2026-08-22T08:39:00,ALLOCATED,ALLOCATED,APAC,SAME_DAY
ORD-001962,DC-05,EXPEDITE,2026-09-02T10:42:00,2026-09-02T14:42:00,ALLOCATED,EXCEPTION,MEA,STANDARD
ORD-001963,DC-04,EXPEDITE,2026-08-13T20:14:00,2026-08-14T08:14:00,SHIPPED,HOLD,LATAM,SAME_DAY
ORD-001964,DC-13,CRITICAL,2026-08-25T23:17:00,2026-08-26T23:17:00,PICKING,EXCEPTION,APAC,SAME_DAY
ORD-001965,DC-17,STANDARD,2026-08-26T04:42:00,2026-08-27T04:42:00,SHIPPED,HOLD,NA,SAME_DAY
ORD-001966,DC-08,STANDARD,2026-08-17T08:09:00,2026-08-17T16:09:00,STAGED,STAGED,NA,STANDARD
ORD-001967,DC-15,STANDARD,2026-08-29T17:05:00,2026-08-30T17:05:00,PICKING,PICKING,MEA,SAME_DAY
ORD-001968,DC-12,EXPEDITE,2026-08-13T00:20:00,2026-08-13T08:20:00,STAGED,HOLD,APAC,NEXT_DAY
ORD-001969,DC-16,CRITICAL,2026-08-08T22:16:00,2026-08-09T22:16:00,STAGED,STAGED,NA,STANDARD
ORD-001970,DC-18,STANDARD,2026-09-01T15:34:00,2026-09-02T15:34:00,PICKING,PICKING,MEA,NEXT_DAY
ORD-001971,DC-16,STANDARD,2026-08-22T22:21:00,2026-08-23T06:21:00,RELEASED,RELEASED,LATAM,SAME_DAY
ORD-001972,DC-15,EXPEDITE,2026-08-06T05:13:00,2026-08-06T13:13:00,SHIPPED,EXCEPTION,NA,NEXT_DAY
ORD-001973,DC-02,EXPEDITE,2026-08-30T08:20:00,2026-08-30T12:20:00,PACKING,EXCEPTION,LATAM,STANDARD
ORD-001974,DC-18,STANDARD,2026-09-03T10:04:00,2026-09-03T18:04:00,STAGED,HOLD,LATAM,NEXT_DAY
ORD-001975,DC-11,STANDARD,2026-08-26T14:53:00,2026-08-26T22:53:00,STAGED,STAGED,NA,STANDARD
ORD-001976,DC-17,EXPEDITE,2026-08-26T11:34:00,2026-08-27T11:34:00,RELEASED,RELEASED,NA,STANDARD
ORD-001977,DC-11,STANDARD,2026-08-10T04:06:00,2026-08-10T10:06:00,SHIPPED,EXCEPTION,APAC,STANDARD
ORD-001978,DC-03,STANDARD,2026-08-13T02:45:00,2026-08-13T14:45:00,ALLOCATED,ALLOCATED,APAC,SAME_DAY
ORD-001979,DC-04,STANDARD,2026-08-20T08:18:00,2026-08-20T12:18:00,STAGED,HOLD,EU,NEXT_DAY
ORD-001980,DC-11,STANDARD,2026-08-05T04:50:00,2026-08-05T10:50:00,ALLOCATED,ALLOCATED,LATAM,NEXT_DAY
ORD-001981,DC-09,STANDARD,2026-08-03T16:27:00,2026-08-03T20:27:00,RELEASED,HOLD,NA,SAME_DAY
ORD-001982,DC-08,STANDARD,2026-08-18T21:28:00,2026-08-19T21:28:00,PICKING,HOLD,NA,SAME_DAY
ORD-001983,DC-04,STANDARD,2026-08-04T23:13:00,2026-08-05T11:13:00,PACKING,HOLD,EU,NEXT_DAY
ORD-001984,DC-15,STANDARD,2026-09-02T02:02:00,2026-09-02T08:02:00,PICKING,PICKING,MEA,STANDARD
ORD-001985,DC-13,STANDARD,2026-08-08T10:59:00,2026-08-08T18:59:00,PICKING,PICKING,LATAM,STANDARD
ORD-001986,DC-12,EXPEDITE,2026-09-02T17:30:00,2026-09-03T05:30:00,PACKING,PACKING,EU,STANDARD
ORD-001987,DC-17,EXPEDITE,2026-08-19T09:11:00,2026-08-20T09:11:00,ALLOCATED,ALLOCATED,MEA,NEXT_DAY
ORD-001988,DC-06,STANDARD,2026-08-27T16:10:00,2026-08-27T20:10:00,PICKING,EXCEPTION,APAC,STANDARD
ORD-001989,DC-16,STANDARD,2026-09-03T00:40:00,2026-09-03T06:40:00,PACKING,HOLD,LATAM,STANDARD
ORD-001990,DC-04,STANDARD,2026-08-17T13:38:00,2026-08-17T19:38:00,PACKING,EXCEPTION,NA,SAME_DAY
ORD-001991,DC-01,STANDARD,2026-08-15T16:22:00,2026-08-16T00:22:00,ALLOCATED,EXCEPTION,APAC,SAME_DAY
ORD-001992,DC-07,STANDARD,2026-08-17T09:21:00,2026-08-17T13:21:00,EXCEPTION,EXCEPTION,LATAM,SAME_DAY
ORD-001993,DC-09,STANDARD,2026-08-01T23:08:00,2026-08-02T07:08:00,STAGED,STAGED,LATAM,NEXT_DAY
ORD-001994,DC-03,STANDARD,2026-08-21T22:57:00,2026-08-22T02:57:00,SHIPPED,SHIPPED,NA,NEXT_DAY
ORD-001995,DC-13,STANDARD,2026-08-30T04:19:00,2026-08-30T08:19:00,RELEASED,EXCEPTION,EU,SAME_DAY
ORD-001996,DC-02,STANDARD,2026-08-20T12:40:00,2026-08-20T16:40:00,EXCEPTION,EXCEPTION,MEA,NEXT_DAY
ORD-001997,DC-01,EXPEDITE,2026-08-16T04:02:00,2026-08-16T08:02:00,RELEASED,HOLD,APAC,SAME_DAY
ORD-001998,DC-03,STANDARD,2026-08-23T00:46:00,2026-08-23T06:46:00,PACKING,PACKING,APAC,NEXT_DAY
ORD-001999,DC-13,STANDARD,2026-08-17T05:04:00,2026-08-17T09:04:00,SHIPPED,SHIPPED,LATAM,NEXT_DAY
ORD-002000,DC-10,STANDARD,2026-08-17T23:09:00,2026-08-18T07:09:00,SHIPPED,SHIPPED,MEA,SAME_DAY
ORD-002001,DC-13,EXPEDITE,2026-08-11T16:31:00,2026-08-11T22:31:00,EXCEPTION,EXCEPTION,EU,NEXT_DAY
ORD-002002,DC-07,STANDARD,2026-08-05T12:23:00,2026-08-06T00:23:00,EXCEPTION,EXCEPTION,MEA,STANDARD
ORD-002003,DC-08,STANDARD,2026-08-02T05:04:00,2026-08-02T09:04:00,STAGED,STAGED,MEA,SAME_DAY
ORD-002004,DC-11,STANDARD,2026-09-02T15:34:00,2026-09-02T23:34:00,EXCEPTION,HOLD,EU,NEXT_DAY
ORD-002005,DC-12,STANDARD,2026-08-22T00:06:00,2026-08-22T12:06:00,PICKING,PICKING,MEA,NEXT_DAY
ORD-002006,DC-02,EXPEDITE,2026-08-02T19:54:00,2026-08-02T23:54:00,PICKING,PICKING,MEA,SAME_DAY
ORD-002007,DC-03,EXPEDITE,2026-09-01T09:31:00,2026-09-01T13:31:00,SHIPPED,SHIPPED,MEA,STANDARD
ORD-002008,DC-18,STANDARD,2026-08-30T15:19:00,2026-08-31T03:19:00,SHIPPED,SHIPPED,MEA,NEXT_DAY
ORD-002009,DC-14,STANDARD,2026-08-18T08:24:00,2026-08-18T14:24:00,PICKING,EXCEPTION,MEA,STANDARD
ORD-002010,DC-18,EXPEDITE,2026-08-07T11:39:00,2026-08-07T19:39:00,ALLOCATED,HOLD,EU,STANDARD
ORD-002011,DC-12,STANDARD,2026-08-17T14:34:00,2026-08-17T20:34:00,PACKING,PACKING,LATAM,STANDARD
ORD-002012,DC-17,CRITICAL,2026-08-04T06:46:00,2026-08-04T18:46:00,ALLOCATED,HOLD,LATAM,SAME_DAY
ORD-002013,DC-01,STANDARD,2026-08-27T12:10:00,2026-08-28T00:10:00,STAGED,STAGED,EU,NEXT_DAY
ORD-002014,DC-03,STANDARD,2026-08-30T06:18:00,2026-08-30T14:18:00,EXCEPTION,EXCEPTION,LATAM,STANDARD
ORD-002015,DC-10,STANDARD,2026-08-12T20:14:00,2026-08-13T00:14:00,ALLOCATED,ALLOCATED,NA,NEXT_DAY
ORD-002016,DC-09,STANDARD,2026-08-24T07:38:00,2026-08-25T07:38:00,PACKING,HOLD,MEA,NEXT_DAY
ORD-002017,DC-10,STANDARD,2026-08-02T22:15:00,2026-08-03T06:15:00,SHIPPED,HOLD,LATAM,SAME_DAY
ORD-002018,DC-12,STANDARD,2026-08-17T04:48:00,2026-08-17T16:48:00,ALLOCATED,ALLOCATED,EU,NEXT_DAY
ORD-002019,DC-01,CRITICAL,2026-09-03T06:37:00,2026-09-03T18:37:00,PICKING,HOLD,APAC,SAME_DAY
ORD-002020,DC-08,CRITICAL,2026-09-02T04:43:00,2026-09-03T04:43:00,RELEASED,RELEASED,APAC,SAME_DAY
ORD-002021,DC-13,STANDARD,2026-08-21T10:06:00,2026-08-21T22:06:00,SHIPPED,SHIPPED,EU,SAME_DAY
ORD-002022,DC-16,STANDARD,2026-08-03T23:32:00,2026-08-04T07:32:00,PICKING,HOLD,MEA,STANDARD
ORD-002023,DC-04,STANDARD,2026-08-01T08:39:00,2026-08-02T08:39:00,ALLOCATED,EXCEPTION,MEA,SAME_DAY
ORD-002024,DC-06,EXPEDITE,2026-08-27T14:13:00,2026-08-28T14:13:00,STAGED,HOLD,EU,NEXT_DAY
ORD-002025,DC-07,EXPEDITE,2026-08-20T15:56:00,2026-08-20T19:56:00,STAGED,STAGED,MEA,SAME_DAY
ORD-002026,DC-12,STANDARD,2026-08-31T18:08:00,2026-08-31T22:08:00,SHIPPED,SHIPPED,APAC,STANDARD
ORD-002027,DC-05,STANDARD,2026-08-28T04:12:00,2026-08-28T10:12:00,RELEASED,RELEASED,MEA,STANDARD
ORD-002028,DC-18,STANDARD,2026-08-30T02:12:00,2026-08-30T08:12:00,STAGED,STAGED,NA,SAME_DAY
ORD-002029,DC-13,STANDARD,2026-08-22T19:22:00,2026-08-23T19:22:00,RELEASED,EXCEPTION,MEA,STANDARD
ORD-002030,DC-08,STANDARD,2026-08-06T14:52:00,2026-08-06T22:52:00,ALLOCATED,ALLOCATED,MEA,STANDARD
ORD-002031,DC-04,CRITICAL,2026-08-03T21:42:00,2026-08-04T01:42:00,PACKING,PACKING,NA,STANDARD
ORD-002032,DC-12,STANDARD,2026-08-08T06:47:00,2026-08-08T12:47:00,PACKING,HOLD,APAC,SAME_DAY
ORD-002033,DC-15,CRITICAL,2026-08-14T01:21:00,2026-08-14T13:21:00,PACKING,PACKING,EU,STANDARD
ORD-002034,DC-15,EXPEDITE,2026-08-30T03:50:00,2026-08-30T09:50:00,ALLOCATED,ALLOCATED,APAC,NEXT_DAY
ORD-002035,DC-02,STANDARD,2026-08-29T00:23:00,2026-08-30T00:23:00,PICKING,PICKING,LATAM,NEXT_DAY
ORD-002036,DC-17,EXPEDITE,2026-08-09T07:39:00,2026-08-09T13:39:00,PACKING,HOLD,LATAM,SAME_DAY
ORD-002037,DC-13,STANDARD,2026-09-03T00:50:00,2026-09-04T00:50:00,PACKING,EXCEPTION,MEA,NEXT_DAY
ORD-002038,DC-03,STANDARD,2026-08-31T22:43:00,2026-09-01T02:43:00,SHIPPED,SHIPPED,EU,SAME_DAY
ORD-002039,DC-11,STANDARD,2026-09-02T03:41:00,2026-09-02T11:41:00,PICKING,EXCEPTION,APAC,SAME_DAY
ORD-002040,DC-10,STANDARD,2026-08-25T13:25:00,2026-08-25T19:25:00,SHIPPED,SHIPPED,APAC,SAME_DAY
ORD-002041,DC-05,STANDARD,2026-08-03T18:06:00,2026-08-03T22:06:00,EXCEPTION,HOLD,LATAM,SAME_DAY
ORD-002042,DC-07,STANDARD,2026-09-01T06:22:00,2026-09-01T18:22:00,SHIPPED,SHIPPED,LATAM,SAME_DAY
ORD-002043,DC-01,STANDARD,2026-08-15T02:12:00,2026-08-15T14:12:00,SHIPPED,SHIPPED,MEA,SAME_DAY
ORD-002044,DC-14,STANDARD,2026-08-30T18:09:00,2026-08-30T22:09:00,EXCEPTION,EXCEPTION,MEA,STANDARD
ORD-002045,DC-17,STANDARD,2026-08-25T10:22:00,2026-08-25T22:22:00,SHIPPED,SHIPPED,EU,STANDARD
ORD-002046,DC-03,STANDARD,2026-08-07T07:26:00,2026-08-07T19:26:00,RELEASED,EXCEPTION,APAC,NEXT_DAY
ORD-002047,DC-09,STANDARD,2026-08-25T22:24:00,2026-08-26T06:24:00,SHIPPED,SHIPPED,MEA,STANDARD
ORD-002048,DC-05,STANDARD,2026-09-04T07:33:00,2026-09-04T19:33:00,EXCEPTION,EXCEPTION,EU,SAME_DAY
ORD-002049,DC-02,STANDARD,2026-08-09T18:58:00,2026-08-09T22:58:00,ALLOCATED,ALLOCATED,NA,NEXT_DAY
ORD-002050,DC-18,STANDARD,2026-09-04T04:24:00,2026-09-04T16:24:00,ALLOCATED,HOLD,MEA,SAME_DAY
ORD-002051,DC-13,STANDARD,2026-09-01T20:55:00,2026-09-02T00:55:00,STAGED,HOLD,APAC,STANDARD
ORD-002052,DC-12,STANDARD,2026-08-09T00:27:00,2026-08-09T06:27:00,PACKING,HOLD,NA,NEXT_DAY
ORD-002053,DC-09,STANDARD,2026-08-17T13:00:00,2026-08-18T01:00:00,SHIPPED,SHIPPED,MEA,SAME_DAY
ORD-002054,DC-08,STANDARD,2026-08-20T08:53:00,2026-08-20T12:53:00,EXCEPTION,EXCEPTION,NA,SAME_DAY
ORD-002055,DC-10,STANDARD,2026-08-23T23:44:00,2026-08-24T05:44:00,STAGED,STAGED,APAC,SAME_DAY
ORD-002056,DC-07,STANDARD,2026-09-04T14:43:00,2026-09-05T14:43:00,RELEASED,RELEASED,MEA,STANDARD
ORD-002057,DC-02,STANDARD,2026-09-04T14:15:00,2026-09-05T02:15:00,SHIPPED,HOLD,NA,STANDARD
ORD-002058,DC-06,EXPEDITE,2026-08-10T01:38:00,2026-08-10T05:38:00,ALLOCATED,EXCEPTION,NA,SAME_DAY
ORD-002059,DC-08,STANDARD,2026-08-14T13:14:00,2026-08-14T17:14:00,PACKING,PACKING,EU,SAME_DAY
ORD-002060,DC-02,STANDARD,2026-08-31T02:31:00,2026-08-31T08:31:00,PICKING,HOLD,MEA,SAME_DAY
ORD-002061,DC-16,EXPEDITE,2026-08-10T11:37:00,2026-08-10T23:37:00,SHIPPED,HOLD,NA,SAME_DAY
ORD-002062,DC-16,STANDARD,2026-08-19T18:39:00,2026-08-20T00:39:00,RELEASED,RELEASED,EU,STANDARD
ORD-002063,DC-12,EXPEDITE,2026-08-03T20:22:00,2026-08-04T08:22:00,PACKING,HOLD,LATAM,NEXT_DAY
ORD-002064,DC-15,STANDARD,2026-08-17T16:41:00,2026-08-18T00:41:00,RELEASED,EXCEPTION,EU,NEXT_DAY
ORD-002065,DC-11,STANDARD,2026-08-23T21:01:00,2026-08-24T09:01:00,ALLOCATED,ALLOCATED,APAC,SAME_DAY
ORD-002066,DC-14,STANDARD,2026-08-02T04:35:00,2026-08-02T10:35:00,RELEASED,RELEASED,MEA,STANDARD
ORD-002067,DC-03,STANDARD,2026-09-02T14:06:00,2026-09-02T18:06:00,SHIPPED,EXCEPTION,MEA,STANDARD
ORD-002068,DC-15,STANDARD,2026-08-06T10:14:00,2026-08-06T22:14:00,STAGED,STAGED,EU,STANDARD
ORD-002069,DC-18,CRITICAL,2026-08-09T03:23:00,2026-08-09T07:23:00,ALLOCATED,EXCEPTION,LATAM,SAME_DAY
ORD-002070,DC-18,STANDARD,2026-08-30T15:58:00,2026-08-30T23:58:00,PACKING,PACKING,EU,STANDARD
ORD-002071,DC-09,STANDARD,2026-08-29T01:28:00,2026-08-30T01:28:00,EXCEPTION,EXCEPTION,APAC,SAME_DAY
ORD-002072,DC-12,STANDARD,2026-08-25T00:18:00,2026-08-25T06:18:00,PACKING,PACKING,EU,NEXT_DAY
ORD-002073,DC-12,STANDARD,2026-09-01T05:42:00,2026-09-01T17:42:00,RELEASED,RELEASED,NA,STANDARD
ORD-002074,DC-16,STANDARD,2026-08-30T08:40:00,2026-08-30T16:40:00,STAGED,STAGED,APAC,SAME_DAY
ORD-002075,DC-13,STANDARD,2026-08-02T08:17:00,2026-08-02T12:17:00,STAGED,STAGED,MEA,STANDARD
ORD-002076,DC-09,STANDARD,2026-08-02T20:26:00,2026-08-03T08:26:00,ALLOCATED,ALLOCATED,NA,SAME_DAY
ORD-002077,DC-13,STANDARD,2026-08-05T12:52:00,2026-08-05T18:52:00,STAGED,EXCEPTION,APAC,SAME_DAY
ORD-002078,DC-04,CRITICAL,2026-09-04T02:42:00,2026-09-04T10:42:00,PACKING,EXCEPTION,MEA,STANDARD
ORD-002079,DC-11,EXPEDITE,2026-08-01T17:27:00,2026-08-02T05:27:00,RELEASED,RELEASED,MEA,NEXT_DAY
ORD-002080,DC-02,STANDARD,2026-08-31T21:51:00,2026-09-01T05:51:00,RELEASED,EXCEPTION,LATAM,NEXT_DAY
ORD-002081,DC-05,EXPEDITE,2026-08-31T04:31:00,2026-08-31T16:31:00,PICKING,PICKING,EU,NEXT_DAY
ORD-002082,DC-02,EXPEDITE,2026-08-18T10:30:00,2026-08-18T18:30:00,STAGED,STAGED,LATAM,NEXT_DAY
ORD-002083,DC-09,CRITICAL,2026-08-04T05:07:00,2026-08-04T11:07:00,SHIPPED,SHIPPED,EU,NEXT_DAY
ORD-002084,DC-05,STANDARD,2026-09-04T22:03:00,2026-09-05T22:03:00,PICKING,PICKING,LATAM,SAME_DAY
ORD-002085,DC-17,STANDARD,2026-08-19T18:21:00,2026-08-20T06:21:00,ALLOCATED,EXCEPTION,NA,STANDARD
ORD-002086,DC-18,EXPEDITE,2026-08-09T05:40:00,2026-08-09T09:40:00,RELEASED,RELEASED,LATAM,STANDARD
ORD-002087,DC-18,STANDARD,2026-08-25T05:19:00,2026-08-25T17:19:00,STAGED,STAGED,EU,STANDARD
ORD-002088,DC-18,EXPEDITE,2026-08-04T04:55:00,2026-08-04T16:55:00,ALLOCATED,HOLD,APAC,SAME_DAY
ORD-002089,DC-11,CRITICAL,2026-08-01T06:26:00,2026-08-01T14:26:00,EXCEPTION,EXCEPTION,EU,STANDARD
ORD-002090,DC-07,CRITICAL,2026-08-04T15:18:00,2026-08-04T19:18:00,ALLOCATED,HOLD,MEA,NEXT_DAY
ORD-002091,DC-05,STANDARD,2026-09-04T06:32:00,2026-09-05T06:32:00,SHIPPED,SHIPPED,EU,NEXT_DAY
ORD-002092,DC-14,STANDARD,2026-08-18T07:17:00,2026-08-19T07:17:00,ALLOCATED,HOLD,APAC,STANDARD
ORD-002093,DC-16,STANDARD,2026-08-21T06:14:00,2026-08-21T12:14:00,RELEASED,RELEASED,EU,STANDARD
ORD-002094,DC-14,STANDARD,2026-09-01T03:23:00,2026-09-01T11:23:00,ALLOCATED,ALLOCATED,NA,SAME_DAY
ORD-002095,DC-07,STANDARD,2026-08-04T06:02:00,2026-08-04T14:02:00,PICKING,PICKING,EU,STANDARD
ORD-002096,DC-15,STANDARD,2026-08-11T02:00:00,2026-08-11T10:00:00,PACKING,PACKING,NA,NEXT_DAY
ORD-002097,DC-06,STANDARD,2026-08-14T02:14:00,2026-08-14T10:14:00,STAGED,EXCEPTION,EU,NEXT_DAY
ORD-002098,DC-04,STANDARD,2026-08-01T19:10:00,2026-08-02T03:10:00,SHIPPED,SHIPPED,NA,NEXT_DAY
ORD-002099,DC-02,EXPEDITE,2026-08-20T16:06:00,2026-08-20T22:06:00,RELEASED,RELEASED,LATAM,STANDARD
ORD-002100,DC-03,EXPEDITE,2026-08-22T02:22:00,2026-08-22T10:22:00,ALLOCATED,HOLD,MEA,SAME_DAY
ORD-002101,DC-11,EXPEDITE,2026-09-02T01:46:00,2026-09-02T05:46:00,RELEASED,HOLD,APAC,SAME_DAY
ORD-002102,DC-06,STANDARD,2026-08-20T12:03:00,2026-08-21T12:03:00,ALLOCATED,HOLD,LATAM,NEXT_DAY
ORD-002103,DC-10,STANDARD,2026-08-22T10:45:00,2026-08-22T14:45:00,PICKING,EXCEPTION,APAC,SAME_DAY
ORD-002104,DC-11,EXPEDITE,2026-08-18T03:59:00,2026-08-19T03:59:00,RELEASED,RELEASED,LATAM,NEXT_DAY
ORD-002105,DC-07,STANDARD,2026-08-03T18:38:00,2026-08-04T18:38:00,PICKING,PICKING,EU,SAME_DAY
ORD-002106,DC-16,STANDARD,2026-08-01T19:04:00,2026-08-02T01:04:00,STAGED,STAGED,NA,NEXT_DAY
ORD-002107,DC-17,STANDARD,2026-08-01T23:19:00,2026-08-02T07:19:00,RELEASED,RELEASED,NA,NEXT_DAY
ORD-002108,DC-06,EXPEDITE,2026-08-23T03:58:00,2026-08-24T03:58:00,EXCEPTION,HOLD,EU,SAME_DAY
ORD-002109,DC-04,EXPEDITE,2026-08-09T07:00:00,2026-08-09T13:00:00,EXCEPTION,EXCEPTION,NA,STANDARD
ORD-002110,DC-11,STANDARD,2026-08-23T09:18:00,2026-08-23T15:18:00,RELEASED,RELEASED,NA,NEXT_DAY
ORD-002111,DC-07,EXPEDITE,2026-08-24T16:35:00,2026-08-25T00:35:00,PACKING,PACKING,NA,STANDARD
ORD-002112,DC-16,STANDARD,2026-09-03T19:56:00,2026-09-04T03:56:00,ALLOCATED,HOLD,NA,SAME_DAY
ORD-002113,DC-09,STANDARD,2026-08-14T03:53:00,2026-08-14T11:53:00,RELEASED,RELEASED,NA,STANDARD
ORD-002114,DC-16,CRITICAL,2026-08-19T09:32:00,2026-08-19T17:32:00,PICKING,EXCEPTION,NA,NEXT_DAY
ORD-002115,DC-06,STANDARD,2026-09-04T02:03:00,2026-09-04T06:03:00,PICKING,EXCEPTION,MEA,SAME_DAY
ORD-002116,DC-04,STANDARD,2026-08-16T12:27:00,2026-08-16T20:27:00,PICKING,PICKING,LATAM,SAME_DAY
ORD-002117,DC-05,STANDARD,2026-08-26T07:37:00,2026-08-26T19:37:00,PICKING,PICKING,NA,STANDARD
ORD-002118,DC-18,CRITICAL,2026-08-05T00:25:00,2026-08-05T12:25:00,SHIPPED,SHIPPED,LATAM,STANDARD
ORD-002119,DC-07,STANDARD,2026-08-18T04:29:00,2026-08-18T16:29:00,PICKING,PICKING,APAC,STANDARD
ORD-002120,DC-06,STANDARD,2026-08-28T18:59:00,2026-08-29T18:59:00,RELEASED,HOLD,LATAM,SAME_DAY
ORD-002121,DC-06,STANDARD,2026-08-07T04:55:00,2026-08-07T10:55:00,ALLOCATED,ALLOCATED,APAC,NEXT_DAY
ORD-002122,DC-05,CRITICAL,2026-09-05T01:09:00,2026-09-05T05:09:00,SHIPPED,SHIPPED,APAC,SAME_DAY
ORD-002123,DC-05,CRITICAL,2026-08-20T01:29:00,2026-08-20T09:29:00,PACKING,HOLD,MEA,NEXT_DAY
ORD-002124,DC-15,STANDARD,2026-08-14T02:18:00,2026-08-14T14:18:00,EXCEPTION,EXCEPTION,NA,STANDARD
ORD-002125,DC-05,EXPEDITE,2026-08-19T08:35:00,2026-08-19T14:35:00,SHIPPED,SHIPPED,LATAM,SAME_DAY
ORD-002126,DC-15,STANDARD,2026-09-01T23:45:00,2026-09-02T11:45:00,STAGED,STAGED,APAC,SAME_DAY
ORD-002127,DC-13,EXPEDITE,2026-08-30T03:06:00,2026-08-30T11:06:00,ALLOCATED,ALLOCATED,MEA,STANDARD
ORD-002128,DC-13,STANDARD,2026-08-18T22:20:00,2026-08-19T02:20:00,STAGED,STAGED,LATAM,SAME_DAY
ORD-002129,DC-09,STANDARD,2026-08-19T09:10:00,2026-08-19T17:10:00,ALLOCATED,ALLOCATED,APAC,NEXT_DAY
ORD-002130,DC-01,STANDARD,2026-08-13T05:35:00,2026-08-14T05:35:00,STAGED,STAGED,MEA,NEXT_DAY
ORD-002131,DC-02,STANDARD,2026-08-26T18:40:00,2026-08-27T06:40:00,STAGED,STAGED,APAC,STANDARD
ORD-002132,DC-07,STANDARD,2026-08-10T08:45:00,2026-08-10T12:45:00,PACKING,PACKING,NA,NEXT_DAY
ORD-002133,DC-14,STANDARD,2026-08-20T23:45:00,2026-08-21T11:45:00,EXCEPTION,EXCEPTION,EU,STANDARD
ORD-002134,DC-04,STANDARD,2026-08-06T15:02:00,2026-08-06T21:02:00,EXCEPTION,EXCEPTION,MEA,SAME_DAY
ORD-002135,DC-03,EXPEDITE,2026-09-04T20:58:00,2026-09-05T02:58:00,SHIPPED,SHIPPED,EU,SAME_DAY
ORD-002136,DC-16,STANDARD,2026-08-29T14:12:00,2026-08-29T18:12:00,STAGED,STAGED,EU,NEXT_DAY
ORD-002137,DC-11,EXPEDITE,2026-08-12T19:59:00,2026-08-13T03:59:00,PICKING,PICKING,EU,STANDARD
ORD-002138,DC-10,STANDARD,2026-08-25T03:51:00,2026-08-25T09:51:00,RELEASED,RELEASED,APAC,NEXT_DAY
ORD-002139,DC-10,STANDARD,2026-08-21T09:56:00,2026-08-21T17:56:00,EXCEPTION,EXCEPTION,EU,STANDARD
ORD-002140,DC-14,STANDARD,2026-08-01T23:36:00,2026-08-02T07:36:00,STAGED,HOLD,MEA,SAME_DAY
ORD-002141,DC-09,STANDARD,2026-08-31T12:01:00,2026-08-31T18:01:00,PACKING,PACKING,APAC,NEXT_DAY
ORD-002142,DC-17,STANDARD,2026-08-24T09:29:00,2026-08-24T13:29:00,STAGED,STAGED,EU,SAME_DAY
ORD-002143,DC-07,STANDARD,2026-08-22T00:28:00,2026-08-22T06:28:00,PACKING,PACKING,EU,NEXT_DAY
ORD-002144,DC-04,EXPEDITE,2026-08-08T16:54:00,2026-08-09T16:54:00,EXCEPTION,EXCEPTION,EU,STANDARD
ORD-002145,DC-12,EXPEDITE,2026-08-03T07:04:00,2026-08-03T13:04:00,PICKING,HOLD,LATAM,NEXT_DAY
ORD-002146,DC-13,STANDARD,2026-08-13T17:08:00,2026-08-13T23:08:00,PICKING,PICKING,APAC,NEXT_DAY
ORD-002147,DC-02,EXPEDITE,2026-08-13T22:52:00,2026-08-14T02:52:00,SHIPPED,EXCEPTION,LATAM,STANDARD
ORD-002148,DC-03,EXPEDITE,2026-08-31T18:05:00,2026-09-01T06:05:00,ALLOCATED,HOLD,NA,NEXT_DAY
ORD-002149,DC-09,STANDARD,2026-09-03T02:51:00,2026-09-03T08:51:00,SHIPPED,HOLD,LATAM,STANDARD
ORD-002150,DC-01,STANDARD,2026-08-07T07:09:00,2026-08-07T15:09:00,PICKING,PICKING,APAC,SAME_DAY
ORD-002151,DC-14,STANDARD,2026-08-01T14:14:00,2026-08-01T20:14:00,PACKING,HOLD,LATAM,NEXT_DAY
ORD-002152,DC-06,CRITICAL,2026-08-08T19:17:00,2026-08-08T23:17:00,EXCEPTION,EXCEPTION,MEA,NEXT_DAY
ORD-002153,DC-14,CRITICAL,2026-08-14T03:11:00,2026-08-14T09:11:00,PACKING,PACKING,APAC,NEXT_DAY
ORD-002154,DC-04,STANDARD,2026-09-04T12:27:00,2026-09-04T18:27:00,SHIPPED,SHIPPED,NA,STANDARD
ORD-002155,DC-11,STANDARD,2026-08-21T10:39:00,2026-08-21T16:39:00,PACKING,PACKING,APAC,SAME_DAY
ORD-002156,DC-04,STANDARD,2026-08-31T17:18:00,2026-08-31T21:18:00,STAGED,HOLD,EU,SAME_DAY
ORD-002157,DC-18,STANDARD,2026-08-31T21:26:00,2026-09-01T09:26:00,EXCEPTION,EXCEPTION,LATAM,STANDARD
ORD-002158,DC-11,STANDARD,2026-08-14T20:12:00,2026-08-15T00:12:00,PICKING,HOLD,MEA,NEXT_DAY
ORD-002159,DC-17,EXPEDITE,2026-08-21T23:25:00,2026-08-22T11:25:00,STAGED,STAGED,NA,STANDARD
ORD-002160,DC-07,STANDARD,2026-08-14T14:13:00,2026-08-15T02:13:00,PICKING,PICKING,NA,STANDARD
ORD-002161,DC-13,STANDARD,2026-08-21T16:26:00,2026-08-21T20:26:00,PACKING,PACKING,APAC,STANDARD
ORD-002162,DC-17,STANDARD,2026-09-03T04:59:00,2026-09-03T08:59:00,EXCEPTION,HOLD,APAC,NEXT_DAY
ORD-002163,DC-18,STANDARD,2026-08-21T00:27:00,2026-08-22T00:27:00,ALLOCATED,HOLD,NA,STANDARD
ORD-002164,DC-07,STANDARD,2026-08-15T11:18:00,2026-08-15T19:18:00,PICKING,PICKING,APAC,STANDARD
ORD-002165,DC-15,STANDARD,2026-08-14T01:11:00,2026-08-14T09:11:00,ALLOCATED,EXCEPTION,MEA,SAME_DAY
ORD-002166,DC-03,STANDARD,2026-09-02T04:38:00,2026-09-03T04:38:00,PACKING,PACKING,LATAM,NEXT_DAY
ORD-002167,DC-10,STANDARD,2026-08-02T16:55:00,2026-08-03T04:55:00,STAGED,STAGED,MEA,STANDARD
ORD-002168,DC-14,STANDARD,2026-08-10T16:22:00,2026-08-10T22:22:00,ALLOCATED,ALLOCATED,EU,SAME_DAY
ORD-002169,DC-02,STANDARD,2026-08-21T13:56:00,2026-08-22T01:56:00,SHIPPED,EXCEPTION,LATAM,NEXT_DAY
ORD-002170,DC-17,STANDARD,2026-08-10T14:08:00,2026-08-11T02:08:00,SHIPPED,EXCEPTION,EU,STANDARD
ORD-002171,DC-14,STANDARD,2026-09-02T05:09:00,2026-09-03T05:09:00,ALLOCATED,ALLOCATED,LATAM,SAME_DAY
ORD-002172,DC-04,CRITICAL,2026-08-29T03:22:00,2026-08-29T07:22:00,SHIPPED,SHIPPED,NA,SAME_DAY
ORD-002173,DC-14,STANDARD,2026-08-27T03:27:00,2026-08-27T09:27:00,PICKING,PICKING,EU,SAME_DAY
ORD-002174,DC-16,STANDARD,2026-08-25T18:40:00,2026-08-26T02:40:00,PACKING,PACKING,EU,SAME_DAY
ORD-002175,DC-06,STANDARD,2026-08-22T06:40:00,2026-08-22T18:40:00,PICKING,PICKING,APAC,STANDARD
ORD-002176,DC-01,EXPEDITE,2026-09-03T19:44:00,2026-09-04T19:44:00,EXCEPTION,EXCEPTION,LATAM,STANDARD
ORD-002177,DC-01,STANDARD,2026-08-20T08:32:00,2026-08-20T14:32:00,PICKING,HOLD,APAC,NEXT_DAY
ORD-002178,DC-13,STANDARD,2026-08-23T14:04:00,2026-08-23T20:04:00,RELEASED,RELEASED,EU,STANDARD
ORD-002179,DC-11,STANDARD,2026-08-21T14:00:00,2026-08-21T20:00:00,PACKING,PACKING,LATAM,NEXT_DAY
ORD-002180,DC-10,CRITICAL,2026-08-04T14:06:00,2026-08-04T22:06:00,ALLOCATED,ALLOCATED,MEA,STANDARD
ORD-002181,DC-15,STANDARD,2026-08-12T14:29:00,2026-08-12T20:29:00,SHIPPED,EXCEPTION,APAC,SAME_DAY
ORD-002182,DC-06,EXPEDITE,2026-09-02T18:35:00,2026-09-02T22:35:00,ALLOCATED,EXCEPTION,EU,SAME_DAY
ORD-002183,DC-03,EXPEDITE,2026-08-29T18:22:00,2026-08-29T22:22:00,STAGED,STAGED,MEA,SAME_DAY
ORD-002184,DC-07,STANDARD,2026-08-18T00:46:00,2026-08-18T04:46:00,PACKING,EXCEPTION,LATAM,STANDARD
ORD-002185,DC-10,STANDARD,2026-08-17T11:31:00,2026-08-17T19:31:00,EXCEPTION,EXCEPTION,EU,NEXT_DAY
ORD-002186,DC-06,EXPEDITE,2026-08-18T20:05:00,2026-08-19T02:05:00,SHIPPED,SHIPPED,LATAM,STANDARD
ORD-002187,DC-06,STANDARD,2026-08-02T01:26:00,2026-08-03T01:26:00,PACKING,PACKING,MEA,SAME_DAY
ORD-002188,DC-17,STANDARD,2026-08-09T05:33:00,2026-08-09T13:33:00,SHIPPED,SHIPPED,APAC,STANDARD
ORD-002189,DC-12,STANDARD,2026-08-10T01:02:00,2026-08-11T01:02:00,PACKING,PACKING,MEA,SAME_DAY
ORD-002190,DC-05,STANDARD,2026-08-02T18:25:00,2026-08-03T02:25:00,EXCEPTION,HOLD,MEA,STANDARD
ORD-002191,DC-08,EXPEDITE,2026-08-22T20:52:00,2026-08-23T08:52:00,PICKING,PICKING,MEA,SAME_DAY
ORD-002192,DC-01,EXPEDITE,2026-08-04T16:20:00,2026-08-05T00:20:00,ALLOCATED,HOLD,NA,SAME_DAY
ORD-002193,DC-04,STANDARD,2026-08-18T19:16:00,2026-08-19T19:16:00,PACKING,HOLD,APAC,SAME_DAY
ORD-002194,DC-07,STANDARD,2026-08-05T19:24:00,2026-08-06T03:24:00,PICKING,PICKING,NA,NEXT_DAY
ORD-002195,DC-08,EXPEDITE,2026-08-05T08:45:00,2026-08-06T08:45:00,SHIPPED,SHIPPED,LATAM,STANDARD
ORD-002196,DC-05,EXPEDITE,2026-08-30T16:24:00,2026-08-31T00:24:00,PACKING,PACKING,LATAM,SAME_DAY
ORD-002197,DC-11,STANDARD,2026-08-16T20:54:00,2026-08-17T20:54:00,SHIPPED,SHIPPED,MEA,SAME_DAY
ORD-002198,DC-05,STANDARD,2026-08-15T05:29:00,2026-08-16T05:29:00,STAGED,STAGED,EU,STANDARD
ORD-002199,DC-03,STANDARD,2026-08-23T14:21:00,2026-08-24T02:21:00,RELEASED,HOLD,MEA,STANDARD
ORD-002200,DC-13,STANDARD,2026-08-12T09:04:00,2026-08-13T09:04:00,ALLOCATED,ALLOCATED,EU,SAME_DAY
ORD-002201,DC-10,STANDARD,2026-09-03T15:05:00,2026-09-03T19:05:00,EXCEPTION,HOLD,APAC,STANDARD
ORD-002202,DC-01,STANDARD,2026-08-23T06:41:00,2026-08-23T12:41:00,STAGED,EXCEPTION,NA,NEXT_DAY
ORD-002203,DC-16,STANDARD,2026-08-22T21:04:00,2026-08-23T03:04:00,ALLOCATED,ALLOCATED,EU,NEXT_DAY
ORD-002204,DC-10,STANDARD,2026-08-29T10:46:00,2026-08-30T10:46:00,PACKING,PACKING,EU,NEXT_DAY
ORD-002205,DC-04,STANDARD,2026-08-01T15:51:00,2026-08-01T23:51:00,STAGED,HOLD,APAC,STANDARD
ORD-002206,DC-08,STANDARD,2026-08-01T08:38:00,2026-08-01T14:38:00,PICKING,HOLD,MEA,STANDARD
ORD-002207,DC-03,EXPEDITE,2026-09-05T04:31:00,2026-09-06T04:31:00,STAGED,STAGED,APAC,SAME_DAY
ORD-002208,DC-16,STANDARD,2026-08-23T16:37:00,2026-08-24T04:37:00,RELEASED,RELEASED,MEA,SAME_DAY
ORD-002209,DC-06,STANDARD,2026-08-13T03:49:00,2026-08-13T15:49:00,ALLOCATED,HOLD,MEA,SAME_DAY
ORD-002210,DC-06,CRITICAL,2026-08-07T16:41:00,2026-08-08T04:41:00,SHIPPED,HOLD,MEA,NEXT_DAY
ORD-002211,DC-08,STANDARD,2026-09-05T00:02:00,2026-09-05T08:02:00,PACKING,HOLD,MEA,SAME_DAY
ORD-002212,DC-16,CRITICAL,2026-08-24T12:21:00,2026-08-24T20:21:00,STAGED,HOLD,APAC,STANDARD
ORD-002213,DC-01,STANDARD,2026-08-13T20:07:00,2026-08-14T00:07:00,PICKING,EXCEPTION,MEA,SAME_DAY
ORD-002214,DC-07,EXPEDITE,2026-08-02T19:24:00,2026-08-03T07:24:00,PICKING,PICKING,APAC,SAME_DAY
ORD-002215,DC-13,STANDARD,2026-08-16T14:55:00,2026-08-16T18:55:00,PICKING,PICKING,EU,STANDARD
ORD-002216,DC-05,CRITICAL,2026-08-21T04:14:00,2026-08-22T04:14:00,STAGED,STAGED,APAC,NEXT_DAY
ORD-002217,DC-14,CRITICAL,2026-08-17T19:51:00,2026-08-17T23:51:00,STAGED,STAGED,MEA,NEXT_DAY
ORD-002218,DC-16,STANDARD,2026-08-04T16:01:00,2026-08-05T04:01:00,RELEASED,RELEASED,NA,SAME_DAY
ORD-002219,DC-05,STANDARD,2026-09-03T16:18:00,2026-09-03T22:18:00,PACKING,PACKING,NA,STANDARD
ORD-002220,DC-01,STANDARD,2026-08-04T18:44:00,2026-08-05T00:44:00,ALLOCATED,ALLOCATED,MEA,SAME_DAY
ORD-002221,DC-06,EXPEDITE,2026-09-02T01:00:00,2026-09-02T09:00:00,ALLOCATED,EXCEPTION,MEA,STANDARD
ORD-002222,DC-06,STANDARD,2026-08-19T22:28:00,2026-08-20T22:28:00,RELEASED,EXCEPTION,NA,SAME_DAY
ORD-002223,DC-18,STANDARD,2026-09-02T21:48:00,2026-09-03T21:48:00,STAGED,STAGED,EU,NEXT_DAY
ORD-002224,DC-13,STANDARD,2026-08-18T23:50:00,2026-08-19T23:50:00,SHIPPED,SHIPPED,APAC,NEXT_DAY
ORD-002225,DC-17,STANDARD,2026-08-03T15:01:00,2026-08-04T15:01:00,ALLOCATED,EXCEPTION,LATAM,STANDARD
ORD-002226,DC-17,CRITICAL,2026-08-07T05:44:00,2026-08-07T11:44:00,SHIPPED,SHIPPED,LATAM,NEXT_DAY
ORD-002227,DC-05,STANDARD,2026-08-30T03:13:00,2026-08-30T15:13:00,EXCEPTION,HOLD,LATAM,SAME_DAY
ORD-002228,DC-05,CRITICAL,2026-08-28T18:21:00,2026-08-29T06:21:00,PACKING,PACKING,MEA,NEXT_DAY
ORD-002229,DC-16,STANDARD,2026-08-02T20:49:00,2026-08-03T04:49:00,PICKING,HOLD,LATAM,SAME_DAY
ORD-002230,DC-01,STANDARD,2026-08-07T22:56:00,2026-08-08T22:56:00,STAGED,STAGED,NA,SAME_DAY
ORD-002231,DC-06,STANDARD,2026-08-07T03:04:00,2026-08-07T15:04:00,PACKING,HOLD,EU,SAME_DAY
ORD-002232,DC-02,STANDARD,2026-08-15T22:36:00,2026-08-16T06:36:00,SHIPPED,SHIPPED,APAC,NEXT_DAY
ORD-002233,DC-16,STANDARD,2026-09-02T05:55:00,2026-09-02T09:55:00,PACKING,PACKING,APAC,STANDARD
ORD-002234,DC-06,STANDARD,2026-08-04T12:03:00,2026-08-04T16:03:00,ALLOCATED,ALLOCATED,MEA,SAME_DAY
ORD-002235,DC-08,EXPEDITE,2026-08-21T11:02:00,2026-08-21T23:02:00,ALLOCATED,ALLOCATED,LATAM,SAME_DAY
ORD-002236,DC-14,EXPEDITE,2026-08-25T12:13:00,2026-08-26T12:13:00,ALLOCATED,ALLOCATED,LATAM,NEXT_DAY
ORD-002237,DC-10,CRITICAL,2026-08-28T06:04:00,2026-08-28T12:04:00,ALLOCATED,EXCEPTION,MEA,SAME_DAY
ORD-002238,DC-09,CRITICAL,2026-08-10T09:54:00,2026-08-10T13:54:00,ALLOCATED,ALLOCATED,LATAM,NEXT_DAY
ORD-002239,DC-15,STANDARD,2026-08-04T16:45:00,2026-08-05T04:45:00,STAGED,STAGED,NA,STANDARD
ORD-002240,DC-16,STANDARD,2026-08-04T00:07:00,2026-08-04T08:07:00,EXCEPTION,HOLD,MEA,NEXT_DAY
ORD-002241,DC-05,STANDARD,2026-08-14T11:06:00,2026-08-15T11:06:00,SHIPPED,SHIPPED,LATAM,NEXT_DAY
ORD-002242,DC-06,CRITICAL,2026-08-19T10:26:00,2026-08-20T10:26:00,SHIPPED,EXCEPTION,LATAM,NEXT_DAY
ORD-002243,DC-10,STANDARD,2026-08-26T21:45:00,2026-08-27T01:45:00,PICKING,PICKING,MEA,NEXT_DAY
ORD-002244,DC-16,STANDARD,2026-08-27T17:02:00,2026-08-28T17:02:00,STAGED,STAGED,APAC,STANDARD
ORD-002245,DC-09,STANDARD,2026-08-25T20:19:00,2026-08-26T04:19:00,STAGED,STAGED,EU,NEXT_DAY
ORD-002246,DC-01,STANDARD,2026-09-02T11:12:00,2026-09-02T17:12:00,ALLOCATED,EXCEPTION,EU,NEXT_DAY
ORD-002247,DC-03,STANDARD,2026-08-31T22:51:00,2026-09-01T22:51:00,RELEASED,RELEASED,MEA,STANDARD
ORD-002248,DC-15,STANDARD,2026-08-21T00:53:00,2026-08-21T08:53:00,PACKING,EXCEPTION,EU,NEXT_DAY
ORD-002249,DC-17,STANDARD,2026-08-27T17:24:00,2026-08-27T21:24:00,ALLOCATED,ALLOCATED,LATAM,SAME_DAY
ORD-002250,DC-10,STANDARD,2026-08-30T12:05:00,2026-08-31T12:05:00,EXCEPTION,EXCEPTION,LATAM,STANDARD
ORD-002251,DC-11,EXPEDITE,2026-08-12T17:40:00,2026-08-13T01:40:00,STAGED,STAGED,APAC,SAME_DAY
ORD-002252,DC-08,STANDARD,2026-08-27T01:11:00,2026-08-27T05:11:00,STAGED,HOLD,APAC,SAME_DAY
ORD-002253,DC-02,EXPEDITE,2026-08-21T09:00:00,2026-08-22T09:00:00,STAGED,STAGED,EU,SAME_DAY
ORD-002254,DC-13,STANDARD,2026-08-24T20:02:00,2026-08-25T08:02:00,EXCEPTION,EXCEPTION,APAC,STANDARD
ORD-002255,DC-14,STANDARD,2026-08-28T03:12:00,2026-08-28T15:12:00,PICKING,PICKING,NA,STANDARD
ORD-002256,DC-01,STANDARD,2026-08-06T01:41:00,2026-08-06T13:41:00,STAGED,STAGED,EU,STANDARD
ORD-002257,DC-13,STANDARD,2026-09-03T02:24:00,2026-09-03T10:24:00,STAGED,HOLD,NA,NEXT_DAY
ORD-002258,DC-02,STANDARD,2026-09-02T08:11:00,2026-09-03T08:11:00,ALLOCATED,HOLD,APAC,STANDARD
ORD-002259,DC-18,STANDARD,2026-08-11T19:55:00,2026-08-12T01:55:00,PICKING,PICKING,LATAM,STANDARD
ORD-002260,DC-15,STANDARD,2026-08-12T02:43:00,2026-08-12T08:43:00,STAGED,EXCEPTION,NA,STANDARD
ORD-002261,DC-18,STANDARD,2026-09-01T00:15:00,2026-09-01T12:15:00,ALLOCATED,ALLOCATED,LATAM,STANDARD
ORD-002262,DC-13,EXPEDITE,2026-08-22T21:10:00,2026-08-23T09:10:00,EXCEPTION,HOLD,NA,SAME_DAY
ORD-002263,DC-02,CRITICAL,2026-08-10T08:31:00,2026-08-10T20:31:00,EXCEPTION,EXCEPTION,APAC,SAME_DAY
ORD-002264,DC-05,STANDARD,2026-08-10T10:37:00,2026-08-11T10:37:00,STAGED,STAGED,APAC,STANDARD
ORD-002265,DC-05,STANDARD,2026-08-12T01:46:00,2026-08-13T01:46:00,EXCEPTION,HOLD,MEA,NEXT_DAY
ORD-002266,DC-12,STANDARD,2026-08-21T08:40:00,2026-08-21T12:40:00,SHIPPED,SHIPPED,NA,STANDARD
ORD-002267,DC-01,EXPEDITE,2026-08-29T20:31:00,2026-08-30T08:31:00,SHIPPED,SHIPPED,LATAM,STANDARD
ORD-002268,DC-03,STANDARD,2026-08-01T19:41:00,2026-08-02T01:41:00,RELEASED,RELEASED,EU,SAME_DAY
ORD-002269,DC-05,STANDARD,2026-08-17T11:15:00,2026-08-17T15:15:00,RELEASED,HOLD,NA,SAME_DAY
ORD-002270,DC-11,STANDARD,2026-09-04T15:40:00,2026-09-05T03:40:00,ALLOCATED,ALLOCATED,EU,SAME_DAY
ORD-002271,DC-02,STANDARD,2026-08-17T05:43:00,2026-08-17T09:43:00,ALLOCATED,ALLOCATED,EU,STANDARD
ORD-002272,DC-16,STANDARD,2026-09-03T08:51:00,2026-09-04T08:51:00,EXCEPTION,HOLD,LATAM,SAME_DAY
ORD-002273,DC-16,STANDARD,2026-08-05T04:03:00,2026-08-05T08:03:00,PACKING,PACKING,EU,SAME_DAY
ORD-002274,DC-16,EXPEDITE,2026-08-16T01:16:00,2026-08-16T07:16:00,ALLOCATED,ALLOCATED,LATAM,NEXT_DAY
ORD-002275,DC-10,STANDARD,2026-08-18T20:48:00,2026-08-19T00:48:00,EXCEPTION,EXCEPTION,MEA,SAME_DAY
ORD-002276,DC-10,STANDARD,2026-08-15T17:16:00,2026-08-16T01:16:00,EXCEPTION,EXCEPTION,NA,STANDARD
ORD-002277,DC-11,STANDARD,2026-08-07T00:55:00,2026-08-08T00:55:00,ALLOCATED,EXCEPTION,EU,NEXT_DAY
ORD-002278,DC-13,EXPEDITE,2026-08-14T19:24:00,2026-08-15T07:24:00,SHIPPED,SHIPPED,LATAM,STANDARD
ORD-002279,DC-17,STANDARD,2026-08-20T11:54:00,2026-08-21T11:54:00,PACKING,PACKING,NA,NEXT_DAY
ORD-002280,DC-17,STANDARD,2026-08-06T15:31:00,2026-08-06T23:31:00,ALLOCATED,HOLD,APAC,NEXT_DAY
ORD-002281,DC-03,STANDARD,2026-08-15T11:13:00,2026-08-15T19:13:00,PACKING,PACKING,LATAM,STANDARD
ORD-002282,DC-16,STANDARD,2026-08-28T21:07:00,2026-08-29T09:07:00,EXCEPTION,EXCEPTION,MEA,SAME_DAY
ORD-002283,DC-05,STANDARD,2026-08-22T02:04:00,2026-08-22T06:04:00,SHIPPED,SHIPPED,LATAM,NEXT_DAY
ORD-002284,DC-01,STANDARD,2026-08-03T18:21:00,2026-08-03T22:21:00,RELEASED,HOLD,NA,NEXT_DAY
ORD-002285,DC-08,STANDARD,2026-08-10T08:21:00,2026-08-11T08:21:00,STAGED,STAGED,EU,SAME_DAY
ORD-002286,DC-17,STANDARD,2026-08-08T03:47:00,2026-08-08T09:47:00,STAGED,EXCEPTION,NA,NEXT_DAY
ORD-002287,DC-01,STANDARD,2026-08-14T13:12:00,2026-08-15T13:12:00,PACKING,PACKING,MEA,STANDARD
ORD-002288,DC-05,STANDARD,2026-08-27T13:46:00,2026-08-27T19:46:00,EXCEPTION,EXCEPTION,MEA,SAME_DAY
ORD-002289,DC-04,STANDARD,2026-08-28T08:39:00,2026-08-28T20:39:00,PICKING,PICKING,APAC,NEXT_DAY
ORD-002290,DC-07,STANDARD,2026-08-10T15:37:00,2026-08-10T21:37:00,PICKING,HOLD,LATAM,NEXT_DAY
ORD-002291,DC-18,STANDARD,2026-08-08T22:34:00,2026-08-09T22:34:00,PICKING,EXCEPTION,MEA,SAME_DAY
ORD-002292,DC-09,EXPEDITE,2026-08-27T00:53:00,2026-08-28T00:53:00,EXCEPTION,EXCEPTION,LATAM,STANDARD
ORD-002293,DC-02,STANDARD,2026-08-14T20:51:00,2026-08-15T04:51:00,SHIPPED,SHIPPED,NA,SAME_DAY
ORD-002294,DC-17,CRITICAL,2026-08-03T10:37:00,2026-08-03T14:37:00,PACKING,PACKING,MEA,SAME_DAY
ORD-002295,DC-15,STANDARD,2026-08-30T14:02:00,2026-08-31T02:02:00,RELEASED,RELEASED,NA,SAME_DAY
ORD-002296,DC-14,CRITICAL,2026-08-31T11:30:00,2026-08-31T17:30:00,SHIPPED,SHIPPED,EU,NEXT_DAY
ORD-002297,DC-04,EXPEDITE,2026-08-20T00:33:00,2026-08-20T04:33:00,PICKING,PICKING,EU,SAME_DAY
ORD-002298,DC-13,CRITICAL,2026-08-21T06:58:00,2026-08-21T12:58:00,PICKING,EXCEPTION,APAC,STANDARD
ORD-002299,DC-07,STANDARD,2026-08-22T03:07:00,2026-08-22T15:07:00,STAGED,STAGED,EU,NEXT_DAY
ORD-002300,DC-10,CRITICAL,2026-09-04T10:33:00,2026-09-04T18:33:00,SHIPPED,SHIPPED,LATAM,NEXT_DAY
ORD-002301,DC-18,STANDARD,2026-08-18T09:01:00,2026-08-19T09:01:00,PICKING,PICKING,EU,STANDARD
ORD-002302,DC-18,STANDARD,2026-08-14T03:23:00,2026-08-14T07:23:00,ALLOCATED,HOLD,LATAM,STANDARD
ORD-002303,DC-04,STANDARD,2026-08-02T17:14:00,2026-08-02T23:14:00,PACKING,PACKING,APAC,NEXT_DAY
ORD-002304,DC-18,STANDARD,2026-08-12T11:00:00,2026-08-12T17:00:00,PICKING,EXCEPTION,NA,NEXT_DAY
ORD-002305,DC-15,EXPEDITE,2026-08-12T09:02:00,2026-08-12T21:02:00,RELEASED,EXCEPTION,MEA,SAME_DAY
ORD-002306,DC-03,STANDARD,2026-08-12T06:12:00,2026-08-12T12:12:00,PACKING,EXCEPTION,EU,SAME_DAY
ORD-002307,DC-02,STANDARD,2026-08-24T03:49:00,2026-08-24T09:49:00,PACKING,EXCEPTION,NA,STANDARD
ORD-002308,DC-13,STANDARD,2026-08-29T14:23:00,2026-08-29T20:23:00,EXCEPTION,HOLD,EU,STANDARD
ORD-002309,DC-10,EXPEDITE,2026-08-14T05:44:00,2026-08-14T13:44:00,SHIPPED,SHIPPED,EU,STANDARD
ORD-002310,DC-10,STANDARD,2026-08-24T06:25:00,2026-08-24T18:25:00,STAGED,STAGED,LATAM,STANDARD
ORD-002311,DC-11,EXPEDITE,2026-08-13T16:48:00,2026-08-14T16:48:00,STAGED,STAGED,LATAM,STANDARD
ORD-002312,DC-05,STANDARD,2026-09-04T11:51:00,2026-09-04T19:51:00,PICKING,PICKING,LATAM,SAME_DAY
ORD-002313,DC-11,STANDARD,2026-08-08T12:08:00,2026-08-08T20:08:00,PICKING,PICKING,EU,NEXT_DAY
ORD-002314,DC-18,STANDARD,2026-08-04T14:25:00,2026-08-05T02:25:00,EXCEPTION,HOLD,APAC,SAME_DAY
ORD-002315,DC-05,EXPEDITE,2026-08-29T09:29:00,2026-08-29T17:29:00,EXCEPTION,EXCEPTION,APAC,NEXT_DAY
ORD-002316,DC-03,STANDARD,2026-09-03T02:17:00,2026-09-03T14:17:00,ALLOCATED,EXCEPTION,NA,STANDARD
ORD-002317,DC-12,STANDARD,2026-08-05T08:33:00,2026-08-05T20:33:00,STAGED,HOLD,MEA,SAME_DAY
ORD-002318,DC-17,EXPEDITE,2026-08-14T22:10:00,2026-08-15T22:10:00,EXCEPTION,HOLD,MEA,STANDARD
ORD-002319,DC-10,CRITICAL,2026-08-14T06:45:00,2026-08-14T12:45:00,RELEASED,EXCEPTION,EU,SAME_DAY
ORD-002320,DC-06,EXPEDITE,2026-08-18T09:33:00,2026-08-18T15:33:00,PACKING,PACKING,LATAM,SAME_DAY
ORD-002321,DC-04,STANDARD,2026-08-15T17:02:00,2026-08-16T17:02:00,RELEASED,EXCEPTION,LATAM,NEXT_DAY
ORD-002322,DC-08,EXPEDITE,2026-08-03T12:47:00,2026-08-03T18:47:00,PACKING,PACKING,EU,NEXT_DAY
ORD-002323,DC-07,EXPEDITE,2026-08-31T07:55:00,2026-08-31T15:55:00,PICKING,PICKING,MEA,NEXT_DAY
ORD-002324,DC-06,STANDARD,2026-08-11T08:55:00,2026-08-11T16:55:00,RELEASED,EXCEPTION,APAC,NEXT_DAY
ORD-002325,DC-18,STANDARD,2026-08-18T06:38:00,2026-08-18T12:38:00,RELEASED,RELEASED,MEA,STANDARD
ORD-002326,DC-01,STANDARD,2026-09-01T06:49:00,2026-09-01T12:49:00,PACKING,PACKING,EU,NEXT_DAY
ORD-002327,DC-10,STANDARD,2026-09-04T08:41:00,2026-09-05T08:41:00,PICKING,HOLD,NA,STANDARD
ORD-002328,DC-11,STANDARD,2026-08-26T05:31:00,2026-08-26T17:31:00,SHIPPED,SHIPPED,LATAM,NEXT_DAY
ORD-002329,DC-01,STANDARD,2026-08-04T03:29:00,2026-08-04T11:29:00,PACKING,HOLD,MEA,STANDARD
ORD-002330,DC-18,STANDARD,2026-08-15T00:12:00,2026-08-15T12:12:00,RELEASED,HOLD,MEA,NEXT_DAY
ORD-002331,DC-17,STANDARD,2026-08-10T04:08:00,2026-08-10T16:08:00,SHIPPED,EXCEPTION,EU,NEXT_DAY
ORD-002332,DC-14,STANDARD,2026-08-26T04:09:00,2026-08-26T10:09:00,PACKING,PACKING,APAC,STANDARD
ORD-002333,DC-03,EXPEDITE,2026-08-12T06:47:00,2026-08-12T14:47:00,SHIPPED,SHIPPED,MEA,SAME_DAY
ORD-002334,DC-04,STANDARD,2026-09-02T20:48:00,2026-09-03T02:48:00,SHIPPED,EXCEPTION,EU,SAME_DAY
ORD-002335,DC-16,CRITICAL,2026-08-11T10:58:00,2026-08-11T18:58:00,EXCEPTION,EXCEPTION,APAC,SAME_DAY
ORD-002336,DC-16,STANDARD,2026-08-16T02:23:00,2026-08-16T10:23:00,STAGED,STAGED,LATAM,SAME_DAY
ORD-002337,DC-10,CRITICAL,2026-08-23T21:43:00,2026-08-24T03:43:00,PICKING,PICKING,NA,NEXT_DAY
ORD-002338,DC-12,STANDARD,2026-08-03T07:08:00,2026-08-03T11:08:00,SHIPPED,SHIPPED,NA,NEXT_DAY
ORD-002339,DC-13,STANDARD,2026-08-19T07:16:00,2026-08-19T11:16:00,RELEASED,RELEASED,MEA,STANDARD
ORD-002340,DC-14,STANDARD,2026-08-16T18:20:00,2026-08-17T18:20:00,SHIPPED,HOLD,APAC,STANDARD
ORD-002341,DC-14,EXPEDITE,2026-08-13T12:05:00,2026-08-13T16:05:00,SHIPPED,EXCEPTION,LATAM,SAME_DAY
ORD-002342,DC-07,STANDARD,2026-08-14T12:12:00,2026-08-15T12:12:00,SHIPPED,HOLD,NA,SAME_DAY
ORD-002343,DC-07,STANDARD,2026-08-02T10:29:00,2026-08-02T22:29:00,EXCEPTION,EXCEPTION,NA,STANDARD
ORD-002344,DC-05,STANDARD,2026-08-31T19:14:00,2026-09-01T07:14:00,RELEASED,HOLD,APAC,NEXT_DAY
ORD-002345,DC-05,STANDARD,2026-08-19T03:08:00,2026-08-19T11:08:00,EXCEPTION,EXCEPTION,NA,SAME_DAY
ORD-002346,DC-10,CRITICAL,2026-08-22T13:06:00,2026-08-22T17:06:00,RELEASED,EXCEPTION,EU,STANDARD
ORD-002347,DC-02,STANDARD,2026-08-20T17:19:00,2026-08-21T01:19:00,RELEASED,RELEASED,APAC,STANDARD
ORD-002348,DC-08,STANDARD,2026-08-30T02:03:00,2026-08-30T14:03:00,RELEASED,RELEASED,APAC,SAME_DAY
ORD-002349,DC-13,STANDARD,2026-08-24T03:58:00,2026-08-24T15:58:00,RELEASED,RELEASED,LATAM,NEXT_DAY
ORD-002350,DC-07,EXPEDITE,2026-08-30T00:03:00,2026-08-31T00:03:00,ALLOCATED,HOLD,MEA,STANDARD
ORD-002351,DC-03,EXPEDITE,2026-08-30T15:36:00,2026-08-30T21:36:00,ALLOCATED,ALLOCATED,LATAM,STANDARD
ORD-002352,DC-09,EXPEDITE,2026-08-05T10:26:00,2026-08-05T16:26:00,PACKING,PACKING,EU,STANDARD
ORD-002353,DC-04,STANDARD,2026-08-18T12:23:00,2026-08-18T18:23:00,RELEASED,RELEASED,LATAM,STANDARD
ORD-002354,DC-09,STANDARD,2026-08-25T14:12:00,2026-08-26T02:12:00,ALLOCATED,EXCEPTION,APAC,NEXT_DAY
ORD-002355,DC-01,STANDARD,2026-08-12T06:47:00,2026-08-12T10:47:00,ALLOCATED,ALLOCATED,APAC,SAME_DAY
ORD-002356,DC-12,CRITICAL,2026-09-01T21:27:00,2026-09-02T09:27:00,SHIPPED,SHIPPED,NA,SAME_DAY
ORD-002357,DC-11,STANDARD,2026-08-21T01:37:00,2026-08-21T05:37:00,PACKING,HOLD,EU,NEXT_DAY
ORD-002358,DC-16,CRITICAL,2026-08-18T09:50:00,2026-08-18T13:50:00,STAGED,EXCEPTION,MEA,NEXT_DAY
ORD-002359,DC-13,CRITICAL,2026-09-01T03:45:00,2026-09-01T11:45:00,PACKING,PACKING,EU,NEXT_DAY
ORD-002360,DC-01,EXPEDITE,2026-08-21T20:45:00,2026-08-22T08:45:00,PICKING,HOLD,LATAM,SAME_DAY
ORD-002361,DC-13,STANDARD,2026-08-10T02:41:00,2026-08-10T08:41:00,ALLOCATED,EXCEPTION,MEA,STANDARD
ORD-002362,DC-01,EXPEDITE,2026-08-28T01:00:00,2026-08-28T05:00:00,PICKING,PICKING,NA,STANDARD
ORD-002363,DC-15,STANDARD,2026-08-31T12:47:00,2026-09-01T00:47:00,STAGED,STAGED,MEA,STANDARD
ORD-002364,DC-09,STANDARD,2026-08-16T00:33:00,2026-08-16T04:33:00,PICKING,PICKING,LATAM,NEXT_DAY
ORD-002365,DC-04,STANDARD,2026-08-07T23:57:00,2026-08-08T05:57:00,PICKING,PICKING,MEA,SAME_DAY
ORD-002366,DC-06,STANDARD,2026-08-04T12:35:00,2026-08-05T12:35:00,ALLOCATED,ALLOCATED,NA,SAME_DAY
ORD-002367,DC-03,CRITICAL,2026-08-30T11:39:00,2026-08-30T17:39:00,PICKING,PICKING,APAC,NEXT_DAY
ORD-002368,DC-01,CRITICAL,2026-08-04T16:48:00,2026-08-05T16:48:00,PACKING,PACKING,LATAM,STANDARD
ORD-002369,DC-07,STANDARD,2026-08-29T09:07:00,2026-08-29T15:07:00,STAGED,STAGED,APAC,STANDARD
ORD-002370,DC-08,EXPEDITE,2026-08-25T20:35:00,2026-08-26T02:35:00,STAGED,STAGED,APAC,SAME_DAY
ORD-002371,DC-07,STANDARD,2026-08-05T18:49:00,2026-08-05T22:49:00,RELEASED,RELEASED,MEA,SAME_DAY
ORD-002372,DC-01,STANDARD,2026-08-12T11:34:00,2026-08-12T19:34:00,ALLOCATED,ALLOCATED,EU,STANDARD
ORD-002373,DC-05,STANDARD,2026-09-04T07:00:00,2026-09-04T19:00:00,ALLOCATED,ALLOCATED,MEA,NEXT_DAY
ORD-002374,DC-12,CRITICAL,2026-08-14T19:22:00,2026-08-15T19:22:00,SHIPPED,EXCEPTION,EU,NEXT_DAY
ORD-002375,DC-05,STANDARD,2026-08-24T03:47:00,2026-08-24T09:47:00,STAGED,STAGED,EU,NEXT_DAY
ORD-002376,DC-08,EXPEDITE,2026-08-04T05:17:00,2026-08-04T09:17:00,PACKING,PACKING,MEA,STANDARD
ORD-002377,DC-16,STANDARD,2026-08-12T10:10:00,2026-08-13T10:10:00,STAGED,EXCEPTION,APAC,NEXT_DAY
ORD-002378,DC-18,EXPEDITE,2026-08-15T08:49:00,2026-08-15T20:49:00,EXCEPTION,EXCEPTION,NA,STANDARD
ORD-002379,DC-16,EXPEDITE,2026-08-07T00:50:00,2026-08-07T08:50:00,ALLOCATED,HOLD,LATAM,STANDARD
ORD-002380,DC-02,STANDARD,2026-09-03T02:52:00,2026-09-03T14:52:00,PACKING,EXCEPTION,APAC,NEXT_DAY
ORD-002381,DC-15,EXPEDITE,2026-08-25T19:31:00,2026-08-25T23:31:00,PICKING,EXCEPTION,LATAM,SAME_DAY
ORD-002382,DC-06,EXPEDITE,2026-08-20T10:18:00,2026-08-20T14:18:00,SHIPPED,SHIPPED,EU,NEXT_DAY
ORD-002383,DC-16,CRITICAL,2026-08-28T10:16:00,2026-08-28T22:16:00,PICKING,EXCEPTION,MEA,STANDARD
ORD-002384,DC-13,STANDARD,2026-09-02T07:39:00,2026-09-02T13:39:00,RELEASED,EXCEPTION,NA,STANDARD
ORD-002385,DC-08,STANDARD,2026-08-13T13:50:00,2026-08-13T17:50:00,ALLOCATED,HOLD,LATAM,SAME_DAY
ORD-002386,DC-13,STANDARD,2026-08-20T21:23:00,2026-08-21T09:23:00,SHIPPED,SHIPPED,LATAM,STANDARD
ORD-002387,DC-16,STANDARD,2026-08-03T17:10:00,2026-08-03T21:10:00,SHIPPED,SHIPPED,MEA,NEXT_DAY
ORD-002388,DC-05,STANDARD,2026-08-26T02:28:00,2026-08-27T02:28:00,ALLOCATED,ALLOCATED,EU,NEXT_DAY
ORD-002389,DC-12,STANDARD,2026-08-03T09:37:00,2026-08-03T21:37:00,RELEASED,EXCEPTION,NA,NEXT_DAY
ORD-002390,DC-11,STANDARD,2026-08-30T17:19:00,2026-08-30T21:19:00,ALLOCATED,HOLD,MEA,NEXT_DAY
ORD-002391,DC-12,STANDARD,2026-08-15T23:13:00,2026-08-16T11:13:00,SHIPPED,EXCEPTION,EU,STANDARD
ORD-002392,DC-09,CRITICAL,2026-08-01T16:43:00,2026-08-02T16:43:00,ALLOCATED,ALLOCATED,EU,STANDARD
ORD-002393,DC-15,STANDARD,2026-08-16T07:55:00,2026-08-16T19:55:00,STAGED,EXCEPTION,NA,SAME_DAY
ORD-002394,DC-06,STANDARD,2026-08-30T17:26:00,2026-08-30T23:26:00,PICKING,PICKING,LATAM,NEXT_DAY
ORD-002395,DC-13,STANDARD,2026-09-04T12:52:00,2026-09-04T16:52:00,SHIPPED,SHIPPED,LATAM,SAME_DAY
ORD-002396,DC-15,STANDARD,2026-08-31T13:03:00,2026-08-31T17:03:00,SHIPPED,HOLD,EU,SAME_DAY
ORD-002397,DC-04,STANDARD,2026-08-17T17:01:00,2026-08-18T17:01:00,PICKING,PICKING,MEA,SAME_DAY
ORD-002398,DC-07,EXPEDITE,2026-08-28T01:51:00,2026-08-29T01:51:00,STAGED,STAGED,EU,STANDARD
ORD-002399,DC-14,EXPEDITE,2026-08-27T05:16:00,2026-08-27T09:16:00,PICKING,PICKING,APAC,NEXT_DAY
ORD-002400,DC-17,STANDARD,2026-08-31T07:25:00,2026-08-31T13:25:00,SHIPPED,EXCEPTION,APAC,NEXT_DAY
ORD-002401,DC-10,STANDARD,2026-08-24T17:09:00,2026-08-24T23:09:00,PACKING,EXCEPTION,EU,NEXT_DAY
ORD-002402,DC-04,STANDARD,2026-08-05T02:28:00,2026-08-05T08:28:00,SHIPPED,EXCEPTION,NA,STANDARD
ORD-002403,DC-15,STANDARD,2026-08-05T16:23:00,2026-08-06T00:23:00,SHIPPED,EXCEPTION,EU,NEXT_DAY
ORD-002404,DC-05,STANDARD,2026-08-08T14:44:00,2026-08-08T22:44:00,PICKING,PICKING,APAC,SAME_DAY
ORD-002405,DC-08,STANDARD,2026-08-07T23:43:00,2026-08-08T11:43:00,PICKING,EXCEPTION,NA,NEXT_DAY
ORD-002406,DC-12,STANDARD,2026-09-01T08:51:00,2026-09-01T14:51:00,PACKING,PACKING,LATAM,STANDARD
ORD-002407,DC-14,EXPEDITE,2026-08-28T20:25:00,2026-08-29T00:25:00,SHIPPED,EXCEPTION,APAC,NEXT_DAY
ORD-002408,DC-05,EXPEDITE,2026-08-10T03:31:00,2026-08-10T15:31:00,SHIPPED,HOLD,APAC,SAME_DAY
ORD-002409,DC-15,STANDARD,2026-08-09T15:20:00,2026-08-09T23:20:00,RELEASED,RELEASED,NA,SAME_DAY
ORD-002410,DC-16,STANDARD,2026-08-01T19:01:00,2026-08-02T03:01:00,SHIPPED,EXCEPTION,MEA,SAME_DAY
ORD-002411,DC-04,STANDARD,2026-08-02T17:56:00,2026-08-02T21:56:00,PICKING,PICKING,MEA,SAME_DAY
ORD-002412,DC-02,STANDARD,2026-08-10T11:07:00,2026-08-10T19:07:00,SHIPPED,SHIPPED,LATAM,SAME_DAY
ORD-002413,DC-03,EXPEDITE,2026-08-26T01:06:00,2026-08-26T13:06:00,RELEASED,RELEASED,MEA,NEXT_DAY
ORD-002414,DC-16,STANDARD,2026-08-16T11:02:00,2026-08-16T17:02:00,EXCEPTION,EXCEPTION,MEA,SAME_DAY
ORD-002415,DC-05,STANDARD,2026-08-15T01:37:00,2026-08-15T09:37:00,PICKING,EXCEPTION,EU,SAME_DAY
ORD-002416,DC-02,STANDARD,2026-08-26T05:41:00,2026-08-26T17:41:00,STAGED,HOLD,APAC,STANDARD
ORD-002417,DC-11,STANDARD,2026-08-11T19:36:00,2026-08-12T19:36:00,SHIPPED,SHIPPED,APAC,STANDARD
ORD-002418,DC-12,STANDARD,2026-08-06T08:16:00,2026-08-06T16:16:00,PICKING,HOLD,NA,NEXT_DAY
ORD-002419,DC-06,STANDARD,2026-08-01T12:09:00,2026-08-02T12:09:00,STAGED,EXCEPTION,MEA,SAME_DAY
ORD-002420,DC-05,CRITICAL,2026-08-06T05:47:00,2026-08-06T13:47:00,EXCEPTION,EXCEPTION,NA,SAME_DAY
ORD-002421,DC-05,EXPEDITE,2026-08-29T20:22:00,2026-08-30T04:22:00,SHIPPED,EXCEPTION,NA,SAME_DAY
ORD-002422,DC-02,STANDARD,2026-08-12T02:31:00,2026-08-12T10:31:00,PICKING,EXCEPTION,LATAM,STANDARD
ORD-002423,DC-17,STANDARD,2026-08-03T23:44:00,2026-08-04T07:44:00,EXCEPTION,EXCEPTION,EU,STANDARD
ORD-002424,DC-09,STANDARD,2026-08-22T10:57:00,2026-08-22T14:57:00,SHIPPED,HOLD,MEA,NEXT_DAY
ORD-002425,DC-08,STANDARD,2026-08-17T19:29:00,2026-08-18T07:29:00,RELEASED,EXCEPTION,APAC,SAME_DAY
ORD-002426,DC-17,STANDARD,2026-08-10T00:48:00,2026-08-10T12:48:00,ALLOCATED,ALLOCATED,NA,NEXT_DAY
ORD-002427,DC-10,STANDARD,2026-08-16T11:56:00,2026-08-16T19:56:00,PACKING,HOLD,NA,NEXT_DAY
ORD-002428,DC-05,STANDARD,2026-09-03T10:09:00,2026-09-03T14:09:00,EXCEPTION,EXCEPTION,MEA,SAME_DAY
ORD-002429,DC-05,EXPEDITE,2026-08-05T07:25:00,2026-08-05T11:25:00,RELEASED,HOLD,LATAM,SAME_DAY
ORD-002430,DC-09,STANDARD,2026-08-20T09:20:00,2026-08-21T09:20:00,ALLOCATED,ALLOCATED,EU,SAME_DAY
ORD-002431,DC-06,STANDARD,2026-08-03T10:50:00,2026-08-03T16:50:00,SHIPPED,EXCEPTION,EU,STANDARD
ORD-002432,DC-18,STANDARD,2026-08-01T10:52:00,2026-08-01T18:52:00,STAGED,STAGED,EU,SAME_DAY
ORD-002433,DC-10,EXPEDITE,2026-08-14T01:20:00,2026-08-14T05:20:00,EXCEPTION,EXCEPTION,LATAM,NEXT_DAY
ORD-002434,DC-15,STANDARD,2026-08-21T12:02:00,2026-08-21T18:02:00,EXCEPTION,EXCEPTION,NA,NEXT_DAY
ORD-002435,DC-13,EXPEDITE,2026-08-18T18:39:00,2026-08-19T00:39:00,SHIPPED,HOLD,LATAM,SAME_DAY
ORD-002436,DC-06,STANDARD,2026-08-09T06:03:00,2026-08-09T18:03:00,PICKING,PICKING,APAC,SAME_DAY
ORD-002437,DC-10,STANDARD,2026-08-24T05:17:00,2026-08-25T05:17:00,STAGED,HOLD,APAC,SAME_DAY
ORD-002438,DC-07,STANDARD,2026-08-21T23:57:00,2026-08-22T23:57:00,PACKING,HOLD,NA,NEXT_DAY
ORD-002439,DC-04,STANDARD,2026-08-25T03:52:00,2026-08-25T11:52:00,PACKING,PACKING,LATAM,SAME_DAY
ORD-002440,DC-06,STANDARD,2026-08-20T07:05:00,2026-08-20T15:05:00,EXCEPTION,HOLD,EU,STANDARD
ORD-002441,DC-01,STANDARD,2026-08-11T00:06:00,2026-08-11T06:06:00,PACKING,EXCEPTION,LATAM,NEXT_DAY
ORD-002442,DC-06,CRITICAL,2026-09-01T23:52:00,2026-09-02T05:52:00,PACKING,EXCEPTION,NA,NEXT_DAY
ORD-002443,DC-17,EXPEDITE,2026-08-24T14:21:00,2026-08-24T22:21:00,SHIPPED,SHIPPED,LATAM,STANDARD
ORD-002444,DC-18,STANDARD,2026-08-15T19:41:00,2026-08-15T23:41:00,RELEASED,RELEASED,LATAM,SAME_DAY
ORD-002445,DC-16,STANDARD,2026-08-21T14:11:00,2026-08-21T22:11:00,STAGED,STAGED,MEA,NEXT_DAY
ORD-002446,DC-18,STANDARD,2026-08-18T14:36:00,2026-08-19T14:36:00,PICKING,PICKING,MEA,SAME_DAY
ORD-002447,DC-12,CRITICAL,2026-08-06T08:55:00,2026-08-06T12:55:00,ALLOCATED,ALLOCATED,APAC,NEXT_DAY
ORD-002448,DC-05,EXPEDITE,2026-09-04T15:20:00,2026-09-04T21:20:00,EXCEPTION,EXCEPTION,APAC,SAME_DAY
ORD-002449,DC-02,STANDARD,2026-08-21T06:05:00,2026-08-21T12:05:00,ALLOCATED,ALLOCATED,APAC,STANDARD
ORD-002450,DC-14,CRITICAL,2026-08-03T12:56:00,2026-08-03T16:56:00,STAGED,EXCEPTION,MEA,STANDARD
ORD-002451,DC-06,STANDARD,2026-08-17T04:57:00,2026-08-17T12:57:00,RELEASED,HOLD,APAC,SAME_DAY
ORD-002452,DC-17,CRITICAL,2026-09-04T11:48:00,2026-09-04T23:48:00,ALLOCATED,HOLD,MEA,STANDARD
ORD-002453,DC-07,STANDARD,2026-08-06T03:12:00,2026-08-06T15:12:00,STAGED,STAGED,MEA,STANDARD
ORD-002454,DC-11,EXPEDITE,2026-08-26T02:36:00,2026-08-27T02:36:00,PACKING,PACKING,MEA,STANDARD
ORD-002455,DC-17,EXPEDITE,2026-08-11T10:33:00,2026-08-11T16:33:00,SHIPPED,HOLD,LATAM,STANDARD
ORD-002456,DC-08,STANDARD,2026-08-07T16:43:00,2026-08-08T00:43:00,RELEASED,RELEASED,MEA,NEXT_DAY
ORD-002457,DC-02,STANDARD,2026-08-27T18:12:00,2026-08-27T22:12:00,ALLOCATED,ALLOCATED,NA,STANDARD
ORD-002458,DC-08,STANDARD,2026-08-11T05:41:00,2026-08-11T17:41:00,EXCEPTION,EXCEPTION,LATAM,SAME_DAY
ORD-002459,DC-07,STANDARD,2026-08-20T00:01:00,2026-08-20T12:01:00,SHIPPED,SHIPPED,MEA,STANDARD
ORD-002460,DC-03,STANDARD,2026-08-05T04:07:00,2026-08-05T16:07:00,EXCEPTION,HOLD,MEA,SAME_DAY
ORD-002461,DC-14,EXPEDITE,2026-09-02T18:15:00,2026-09-03T18:15:00,EXCEPTION,EXCEPTION,NA,NEXT_DAY
ORD-002462,DC-08,EXPEDITE,2026-08-03T17:06:00,2026-08-03T23:06:00,RELEASED,HOLD,EU,NEXT_DAY
ORD-002463,DC-07,STANDARD,2026-08-29T23:48:00,2026-08-30T07:48:00,STAGED,STAGED,EU,NEXT_DAY
ORD-002464,DC-13,STANDARD,2026-08-13T16:59:00,2026-08-14T04:59:00,PACKING,EXCEPTION,EU,STANDARD
ORD-002465,DC-15,EXPEDITE,2026-08-14T13:24:00,2026-08-14T19:24:00,EXCEPTION,EXCEPTION,APAC,STANDARD
ORD-002466,DC-18,STANDARD,2026-09-01T12:17:00,2026-09-01T20:17:00,EXCEPTION,EXCEPTION,MEA,SAME_DAY
ORD-002467,DC-18,STANDARD,2026-08-09T06:04:00,2026-08-10T06:04:00,RELEASED,RELEASED,NA,SAME_DAY
ORD-002468,DC-01,STANDARD,2026-09-04T15:00:00,2026-09-05T03:00:00,EXCEPTION,EXCEPTION,MEA,SAME_DAY
ORD-002469,DC-12,CRITICAL,2026-08-23T12:47:00,2026-08-23T16:47:00,PACKING,PACKING,LATAM,NEXT_DAY
ORD-002470,DC-06,STANDARD,2026-08-20T18:18:00,2026-08-21T18:18:00,RELEASED,EXCEPTION,MEA,NEXT_DAY
ORD-002471,DC-17,STANDARD,2026-09-04T09:00:00,2026-09-04T13:00:00,PACKING,EXCEPTION,LATAM,NEXT_DAY
ORD-002472,DC-14,STANDARD,2026-08-25T21:48:00,2026-08-26T01:48:00,PICKING,PICKING,EU,STANDARD
ORD-002473,DC-05,STANDARD,2026-08-04T01:06:00,2026-08-04T05:06:00,PICKING,PICKING,NA,NEXT_DAY
ORD-002474,DC-02,STANDARD,2026-08-12T20:46:00,2026-08-13T02:46:00,PACKING,PACKING,APAC,STANDARD
ORD-002475,DC-08,STANDARD,2026-08-04T02:27:00,2026-08-05T02:27:00,EXCEPTION,EXCEPTION,LATAM,SAME_DAY
ORD-002476,DC-14,STANDARD,2026-08-12T13:29:00,2026-08-12T19:29:00,ALLOCATED,ALLOCATED,MEA,NEXT_DAY
ORD-002477,DC-01,STANDARD,2026-08-30T19:27:00,2026-08-31T03:27:00,STAGED,STAGED,MEA,STANDARD
ORD-002478,DC-18,CRITICAL,2026-08-02T22:17:00,2026-08-03T06:17:00,RELEASED,RELEASED,APAC,SAME_DAY
ORD-002479,DC-11,STANDARD,2026-08-28T00:13:00,2026-08-28T08:13:00,ALLOCATED,ALLOCATED,EU,STANDARD
ORD-002480,DC-13,STANDARD,2026-08-06T17:51:00,2026-08-06T21:51:00,ALLOCATED,ALLOCATED,NA,SAME_DAY
ORD-002481,DC-05,CRITICAL,2026-08-07T22:25:00,2026-08-08T10:25:00,RELEASED,HOLD,EU,STANDARD
ORD-002482,DC-12,STANDARD,2026-09-04T22:07:00,2026-09-05T04:07:00,RELEASED,RELEASED,APAC,STANDARD
ORD-002483,DC-18,EXPEDITE,2026-08-29T08:29:00,2026-08-29T16:29:00,PICKING,PICKING,NA,SAME_DAY
ORD-002484,DC-14,STANDARD,2026-08-10T04:36:00,2026-08-11T04:36:00,RELEASED,HOLD,EU,SAME_DAY
ORD-002485,DC-02,EXPEDITE,2026-08-25T19:10:00,2026-08-26T19:10:00,PICKING,HOLD,EU,NEXT_DAY
ORD-002486,DC-10,STANDARD,2026-08-21T17:11:00,2026-08-21T21:11:00,PICKING,PICKING,LATAM,STANDARD
ORD-002487,DC-07,EXPEDITE,2026-08-29T21:59:00,2026-08-30T03:59:00,STAGED,STAGED,NA,SAME_DAY
ORD-002488,DC-07,EXPEDITE,2026-08-03T06:36:00,2026-08-03T14:36:00,RELEASED,RELEASED,APAC,SAME_DAY
ORD-002489,DC-06,STANDARD,2026-08-02T23:40:00,2026-08-03T07:40:00,STAGED,EXCEPTION,EU,NEXT_DAY
ORD-002490,DC-08,STANDARD,2026-08-04T22:07:00,2026-08-05T10:07:00,PACKING,PACKING,NA,NEXT_DAY
ORD-002491,DC-13,STANDARD,2026-08-13T13:05:00,2026-08-13T19:05:00,RELEASED,EXCEPTION,MEA,STANDARD
ORD-002492,DC-17,STANDARD,2026-08-21T07:47:00,2026-08-21T13:47:00,PACKING,PACKING,EU,SAME_DAY
ORD-002493,DC-08,STANDARD,2026-08-23T23:00:00,2026-08-24T03:00:00,PACKING,EXCEPTION,APAC,NEXT_DAY
ORD-002494,DC-03,EXPEDITE,2026-08-24T07:33:00,2026-08-24T15:33:00,ALLOCATED,ALLOCATED,NA,NEXT_DAY
ORD-002495,DC-04,STANDARD,2026-08-15T04:17:00,2026-08-15T10:17:00,ALLOCATED,ALLOCATED,EU,SAME_DAY
ORD-002496,DC-03,STANDARD,2026-08-30T21:18:00,2026-08-31T03:18:00,EXCEPTION,HOLD,LATAM,SAME_DAY
ORD-002497,DC-08,STANDARD,2026-08-04T05:00:00,2026-08-04T09:00:00,EXCEPTION,EXCEPTION,EU,SAME_DAY
ORD-002498,DC-18,EXPEDITE,2026-08-20T23:28:00,2026-08-21T07:28:00,PACKING,PACKING,APAC,SAME_DAY
ORD-002499,DC-05,STANDARD,2026-08-15T01:55:00,2026-08-15T13:55:00,PICKING,PICKING,EU,STANDARD
ORD-002500,DC-16,EXPEDITE,2026-08-19T13:02:00,2026-08-19T17:02:00,STAGED,EXCEPTION,APAC,NEXT_DAY
ORD-002501,DC-17,STANDARD,2026-08-06T09:14:00,2026-08-06T13:14:00,STAGED,STAGED,APAC,SAME_DAY
ORD-002502,DC-15,CRITICAL,2026-08-17T18:22:00,2026-08-18T02:22:00,STAGED,STAGED,LATAM,SAME_DAY
ORD-002503,DC-08,STANDARD,2026-08-19T16:34:00,2026-08-20T00:34:00,EXCEPTION,EXCEPTION,LATAM,NEXT_DAY
ORD-002504,DC-01,STANDARD,2026-08-30T04:49:00,2026-08-30T08:49:00,PICKING,PICKING,MEA,STANDARD
ORD-002505,DC-01,STANDARD,2026-08-07T22:19:00,2026-08-08T22:19:00,PICKING,EXCEPTION,LATAM,STANDARD
ORD-002506,DC-18,STANDARD,2026-08-09T18:57:00,2026-08-10T02:57:00,PICKING,PICKING,NA,NEXT_DAY
ORD-002507,DC-12,STANDARD,2026-08-15T04:51:00,2026-08-15T16:51:00,ALLOCATED,HOLD,NA,SAME_DAY
ORD-002508,DC-03,STANDARD,2026-08-25T15:18:00,2026-08-26T15:18:00,PICKING,PICKING,LATAM,STANDARD
ORD-002509,DC-13,STANDARD,2026-08-09T21:37:00,2026-08-10T21:37:00,EXCEPTION,EXCEPTION,LATAM,STANDARD
ORD-002510,DC-12,STANDARD,2026-08-02T20:04:00,2026-08-03T04:04:00,RELEASED,RELEASED,MEA,STANDARD
ORD-002511,DC-14,STANDARD,2026-08-28T19:10:00,2026-08-29T19:10:00,EXCEPTION,EXCEPTION,APAC,STANDARD
ORD-002512,DC-16,CRITICAL,2026-08-20T22:16:00,2026-08-21T22:16:00,EXCEPTION,EXCEPTION,NA,STANDARD
ORD-002513,DC-15,STANDARD,2026-09-02T01:53:00,2026-09-02T09:53:00,PACKING,PACKING,LATAM,STANDARD
ORD-002514,DC-05,STANDARD,2026-08-15T18:12:00,2026-08-16T02:12:00,SHIPPED,SHIPPED,LATAM,NEXT_DAY
ORD-002515,DC-06,EXPEDITE,2026-08-10T10:48:00,2026-08-10T14:48:00,PICKING,HOLD,LATAM,SAME_DAY
ORD-002516,DC-07,EXPEDITE,2026-08-02T12:47:00,2026-08-03T00:47:00,PACKING,PACKING,MEA,SAME_DAY
ORD-002517,DC-08,STANDARD,2026-08-15T20:17:00,2026-08-16T00:17:00,RELEASED,EXCEPTION,EU,SAME_DAY
ORD-002518,DC-14,EXPEDITE,2026-08-07T20:12:00,2026-08-08T04:12:00,STAGED,STAGED,MEA,SAME_DAY
ORD-002519,DC-01,STANDARD,2026-08-02T02:57:00,2026-08-02T06:57:00,SHIPPED,SHIPPED,MEA,STANDARD
ORD-002520,DC-17,STANDARD,2026-08-07T02:59:00,2026-08-07T08:59:00,STAGED,STAGED,MEA,SAME_DAY
ORD-002521,DC-07,STANDARD,2026-08-21T04:24:00,2026-08-21T16:24:00,SHIPPED,SHIPPED,LATAM,NEXT_DAY
ORD-002522,DC-03,EXPEDITE,2026-08-18T16:47:00,2026-08-19T16:47:00,ALLOCATED,ALLOCATED,EU,NEXT_DAY
ORD-002523,DC-08,STANDARD,2026-08-06T22:38:00,2026-08-07T22:38:00,PACKING,PACKING,NA,NEXT_DAY
ORD-002524,DC-14,EXPEDITE,2026-08-21T08:05:00,2026-08-21T12:05:00,STAGED,STAGED,LATAM,STANDARD
ORD-002525,DC-16,STANDARD,2026-08-28T21:46:00,2026-08-29T21:46:00,PACKING,PACKING,LATAM,NEXT_DAY
ORD-002526,DC-04,EXPEDITE,2026-08-24T15:55:00,2026-08-25T03:55:00,RELEASED,RELEASED,APAC,NEXT_DAY
ORD-002527,DC-16,STANDARD,2026-08-13T12:29:00,2026-08-13T18:29:00,PACKING,PACKING,NA,STANDARD
ORD-002528,DC-11,EXPEDITE,2026-08-20T12:56:00,2026-08-20T20:56:00,ALLOCATED,ALLOCATED,LATAM,NEXT_DAY
ORD-002529,DC-14,STANDARD,2026-08-23T23:28:00,2026-08-24T03:28:00,EXCEPTION,EXCEPTION,MEA,NEXT_DAY
ORD-002530,DC-17,STANDARD,2026-08-22T07:20:00,2026-08-22T11:20:00,EXCEPTION,EXCEPTION,APAC,STANDARD
ORD-002531,DC-09,STANDARD,2026-08-04T04:24:00,2026-08-04T12:24:00,EXCEPTION,EXCEPTION,EU,STANDARD
ORD-002532,DC-14,STANDARD,2026-08-23T04:08:00,2026-08-24T04:08:00,ALLOCATED,HOLD,APAC,STANDARD
ORD-002533,DC-16,STANDARD,2026-08-23T17:48:00,2026-08-24T01:48:00,PICKING,PICKING,APAC,STANDARD
ORD-002534,DC-05,STANDARD,2026-08-04T08:38:00,2026-08-04T20:38:00,EXCEPTION,EXCEPTION,APAC,SAME_DAY
ORD-002535,DC-04,STANDARD,2026-08-22T05:27:00,2026-08-23T05:27:00,ALLOCATED,ALLOCATED,APAC,SAME_DAY
ORD-002536,DC-17,STANDARD,2026-08-08T02:09:00,2026-08-09T02:09:00,PICKING,HOLD,NA,SAME_DAY
ORD-002537,DC-13,STANDARD,2026-08-23T07:59:00,2026-08-23T11:59:00,EXCEPTION,EXCEPTION,NA,SAME_DAY
ORD-002538,DC-10,STANDARD,2026-08-25T22:02:00,2026-08-26T10:02:00,EXCEPTION,EXCEPTION,MEA,NEXT_DAY
ORD-002539,DC-14,STANDARD,2026-08-04T13:03:00,2026-08-05T13:03:00,STAGED,STAGED,MEA,NEXT_DAY
ORD-002540,DC-07,EXPEDITE,2026-08-21T13:50:00,2026-08-21T21:50:00,EXCEPTION,HOLD,LATAM,STANDARD
ORD-002541,DC-17,EXPEDITE,2026-08-07T10:25:00,2026-08-07T22:25:00,STAGED,EXCEPTION,NA,SAME_DAY
ORD-002542,DC-10,STANDARD,2026-08-25T06:00:00,2026-08-26T06:00:00,ALLOCATED,ALLOCATED,LATAM,NEXT_DAY
ORD-002543,DC-15,STANDARD,2026-08-29T21:49:00,2026-08-30T03:49:00,PACKING,PACKING,NA,STANDARD
ORD-002544,DC-09,EXPEDITE,2026-08-23T01:12:00,2026-08-23T07:12:00,PACKING,PACKING,EU,NEXT_DAY
ORD-002545,DC-06,STANDARD,2026-08-06T19:47:00,2026-08-07T03:47:00,PICKING,PICKING,APAC,NEXT_DAY
ORD-002546,DC-15,CRITICAL,2026-08-29T22:35:00,2026-08-30T04:35:00,SHIPPED,SHIPPED,APAC,SAME_DAY
ORD-002547,DC-06,STANDARD,2026-08-02T23:53:00,2026-08-03T07:53:00,ALLOCATED,ALLOCATED,LATAM,NEXT_DAY
ORD-002548,DC-12,STANDARD,2026-09-04T11:43:00,2026-09-04T17:43:00,EXCEPTION,EXCEPTION,LATAM,NEXT_DAY
ORD-002549,DC-09,STANDARD,2026-09-01T04:49:00,2026-09-01T12:49:00,EXCEPTION,EXCEPTION,LATAM,STANDARD
ORD-002550,DC-14,STANDARD,2026-08-18T01:27:00,2026-08-18T05:27:00,PACKING,PACKING,LATAM,NEXT_DAY
ORD-002551,DC-17,STANDARD,2026-08-18T11:34:00,2026-08-19T11:34:00,PACKING,PACKING,NA,STANDARD
ORD-002552,DC-05,EXPEDITE,2026-08-10T05:56:00,2026-08-10T17:56:00,STAGED,STAGED,APAC,STANDARD
ORD-002553,DC-06,STANDARD,2026-08-30T02:03:00,2026-08-30T08:03:00,ALLOCATED,ALLOCATED,LATAM,SAME_DAY
ORD-002554,DC-09,EXPEDITE,2026-08-02T13:28:00,2026-08-03T13:28:00,RELEASED,RELEASED,MEA,NEXT_DAY
ORD-002555,DC-16,STANDARD,2026-08-14T08:59:00,2026-08-15T08:59:00,PICKING,PICKING,MEA,STANDARD
ORD-002556,DC-13,STANDARD,2026-08-23T10:53:00,2026-08-24T10:53:00,PACKING,PACKING,NA,STANDARD
ORD-002557,DC-18,STANDARD,2026-08-30T12:45:00,2026-08-30T20:45:00,PACKING,EXCEPTION,LATAM,NEXT_DAY
ORD-002558,DC-01,STANDARD,2026-09-03T03:36:00,2026-09-03T07:36:00,PICKING,HOLD,LATAM,NEXT_DAY
ORD-002559,DC-05,STANDARD,2026-08-03T23:03:00,2026-08-04T05:03:00,STAGED,STAGED,APAC,NEXT_DAY
ORD-002560,DC-04,EXPEDITE,2026-08-16T22:25:00,2026-08-17T10:25:00,STAGED,EXCEPTION,MEA,NEXT_DAY
ORD-002561,DC-07,STANDARD,2026-08-07T06:05:00,2026-08-07T10:05:00,PACKING,PACKING,MEA,STANDARD
ORD-002562,DC-15,STANDARD,2026-08-13T09:23:00,2026-08-13T15:23:00,STAGED,STAGED,EU,SAME_DAY
ORD-002563,DC-11,STANDARD,2026-08-24T05:14:00,2026-08-24T13:14:00,PACKING,HOLD,EU,SAME_DAY
ORD-002564,DC-03,STANDARD,2026-08-23T03:15:00,2026-08-23T07:15:00,EXCEPTION,HOLD,APAC,SAME_DAY
ORD-002565,DC-04,EXPEDITE,2026-08-15T18:03:00,2026-08-15T22:03:00,EXCEPTION,EXCEPTION,NA,NEXT_DAY
ORD-002566,DC-16,STANDARD,2026-08-10T21:51:00,2026-08-11T09:51:00,STAGED,STAGED,APAC,STANDARD
ORD-002567,DC-15,EXPEDITE,2026-08-10T22:23:00,2026-08-11T06:23:00,PACKING,PACKING,APAC,SAME_DAY
ORD-002568,DC-12,STANDARD,2026-09-02T12:57:00,2026-09-03T00:57:00,PACKING,PACKING,APAC,SAME_DAY
ORD-002569,DC-10,STANDARD,2026-08-28T16:35:00,2026-08-29T16:35:00,PACKING,HOLD,EU,SAME_DAY
ORD-002570,DC-15,STANDARD,2026-08-02T20:49:00,2026-08-03T00:49:00,STAGED,STAGED,EU,SAME_DAY
ORD-002571,DC-17,STANDARD,2026-08-24T12:41:00,2026-08-24T20:41:00,ALLOCATED,HOLD,NA,NEXT_DAY
ORD-002572,DC-11,STANDARD,2026-08-03T18:00:00,2026-08-04T00:00:00,STAGED,STAGED,MEA,SAME_DAY
ORD-002573,DC-05,STANDARD,2026-08-31T19:52:00,2026-09-01T19:52:00,STAGED,HOLD,NA,NEXT_DAY
ORD-002574,DC-12,CRITICAL,2026-08-16T03:08:00,2026-08-16T09:08:00,PICKING,HOLD,EU,STANDARD
ORD-002575,DC-05,STANDARD,2026-08-25T12:46:00,2026-08-25T20:46:00,PACKING,HOLD,EU,NEXT_DAY
ORD-002576,DC-05,STANDARD,2026-09-05T00:29:00,2026-09-05T12:29:00,STAGED,HOLD,APAC,STANDARD
ORD-002577,DC-01,STANDARD,2026-08-13T01:17:00,2026-08-13T13:17:00,EXCEPTION,EXCEPTION,EU,NEXT_DAY
ORD-002578,DC-01,EXPEDITE,2026-08-09T12:10:00,2026-08-09T18:10:00,EXCEPTION,EXCEPTION,APAC,SAME_DAY
ORD-002579,DC-05,EXPEDITE,2026-08-18T17:06:00,2026-08-18T23:06:00,ALLOCATED,EXCEPTION,LATAM,NEXT_DAY
ORD-002580,DC-10,STANDARD,2026-08-20T06:47:00,2026-08-20T12:47:00,SHIPPED,HOLD,APAC,STANDARD
ORD-002581,DC-08,STANDARD,2026-08-20T18:13:00,2026-08-21T18:13:00,RELEASED,EXCEPTION,EU,STANDARD
ORD-002582,DC-06,STANDARD,2026-08-13T09:23:00,2026-08-13T13:23:00,STAGED,STAGED,APAC,STANDARD
ORD-002583,DC-13,STANDARD,2026-08-12T16:32:00,2026-08-13T00:32:00,RELEASED,RELEASED,EU,NEXT_DAY
ORD-002584,DC-04,STANDARD,2026-08-21T20:00:00,2026-08-22T20:00:00,ALLOCATED,EXCEPTION,NA,STANDARD
ORD-002585,DC-17,EXPEDITE,2026-08-30T08:25:00,2026-08-30T20:25:00,RELEASED,EXCEPTION,EU,SAME_DAY
ORD-002586,DC-06,EXPEDITE,2026-08-23T01:32:00,2026-08-23T13:32:00,PICKING,PICKING,APAC,NEXT_DAY
ORD-002587,DC-03,STANDARD,2026-08-24T02:43:00,2026-08-24T14:43:00,STAGED,HOLD,NA,NEXT_DAY
ORD-002588,DC-13,EXPEDITE,2026-08-24T16:44:00,2026-08-25T00:44:00,SHIPPED,SHIPPED,MEA,SAME_DAY
ORD-002589,DC-10,CRITICAL,2026-08-27T16:56:00,2026-08-27T20:56:00,EXCEPTION,EXCEPTION,LATAM,NEXT_DAY
ORD-002590,DC-03,STANDARD,2026-08-11T23:50:00,2026-08-12T07:50:00,RELEASED,EXCEPTION,NA,STANDARD
ORD-002591,DC-03,STANDARD,2026-08-05T14:55:00,2026-08-05T20:55:00,RELEASED,RELEASED,EU,NEXT_DAY
ORD-002592,DC-16,STANDARD,2026-08-25T23:55:00,2026-08-26T07:55:00,EXCEPTION,EXCEPTION,MEA,NEXT_DAY
ORD-002593,DC-04,STANDARD,2026-08-31T14:19:00,2026-09-01T02:19:00,ALLOCATED,EXCEPTION,LATAM,STANDARD
ORD-002594,DC-03,STANDARD,2026-08-03T22:35:00,2026-08-04T02:35:00,EXCEPTION,EXCEPTION,MEA,STANDARD
ORD-002595,DC-16,EXPEDITE,2026-08-01T10:30:00,2026-08-01T22:30:00,RELEASED,RELEASED,MEA,SAME_DAY
ORD-002596,DC-12,STANDARD,2026-08-17T23:36:00,2026-08-18T23:36:00,STAGED,EXCEPTION,NA,STANDARD
ORD-002597,DC-10,STANDARD,2026-08-03T11:08:00,2026-08-03T15:08:00,PICKING,PICKING,LATAM,NEXT_DAY
ORD-002598,DC-02,STANDARD,2026-08-02T11:42:00,2026-08-02T19:42:00,PICKING,HOLD,NA,NEXT_DAY
ORD-002599,DC-05,STANDARD,2026-08-19T22:10:00,2026-08-20T10:10:00,SHIPPED,HOLD,LATAM,SAME_DAY
ORD-002600,DC-05,STANDARD,2026-08-22T18:41:00,2026-08-23T00:41:00,SHIPPED,HOLD,MEA,SAME_DAY
ORD-002601,DC-12,STANDARD,2026-08-27T19:03:00,2026-08-28T03:03:00,ALLOCATED,ALLOCATED,LATAM,STANDARD
ORD-002602,DC-11,STANDARD,2026-08-11T00:32:00,2026-08-12T00:32:00,PICKING,PICKING,NA,SAME_DAY
ORD-002603,DC-13,STANDARD,2026-08-26T20:46:00,2026-08-27T20:46:00,RELEASED,HOLD,EU,NEXT_DAY
ORD-002604,DC-11,STANDARD,2026-09-04T14:34:00,2026-09-05T02:34:00,RELEASED,EXCEPTION,MEA,NEXT_DAY
ORD-002605,DC-13,STANDARD,2026-08-22T15:12:00,2026-08-22T23:12:00,SHIPPED,HOLD,MEA,NEXT_DAY
ORD-002606,DC-03,STANDARD,2026-08-02T08:02:00,2026-08-02T12:02:00,SHIPPED,SHIPPED,MEA,NEXT_DAY
ORD-002607,DC-17,STANDARD,2026-08-02T05:54:00,2026-08-02T11:54:00,STAGED,STAGED,MEA,STANDARD
ORD-002608,DC-02,STANDARD,2026-08-29T23:23:00,2026-08-30T03:23:00,ALLOCATED,ALLOCATED,LATAM,STANDARD
ORD-002609,DC-05,STANDARD,2026-08-19T23:21:00,2026-08-20T03:21:00,SHIPPED,EXCEPTION,MEA,SAME_DAY
ORD-002610,DC-07,STANDARD,2026-08-19T01:32:00,2026-08-19T05:32:00,PICKING,PICKING,MEA,STANDARD
ORD-002611,DC-13,STANDARD,2026-09-02T09:34:00,2026-09-02T21:34:00,STAGED,EXCEPTION,APAC,SAME_DAY
ORD-002612,DC-01,STANDARD,2026-08-20T02:56:00,2026-08-20T06:56:00,RELEASED,HOLD,NA,NEXT_DAY
ORD-002613,DC-01,EXPEDITE,2026-09-04T08:33:00,2026-09-05T08:33:00,SHIPPED,EXCEPTION,LATAM,STANDARD
ORD-002614,DC-04,STANDARD,2026-08-11T16:56:00,2026-08-12T00:56:00,STAGED,HOLD,LATAM,SAME_DAY
ORD-002615,DC-12,CRITICAL,2026-08-17T04:58:00,2026-08-17T10:58:00,EXCEPTION,EXCEPTION,NA,STANDARD
ORD-002616,DC-03,STANDARD,2026-08-31T01:59:00,2026-09-01T01:59:00,RELEASED,HOLD,NA,STANDARD
ORD-002617,DC-18,STANDARD,2026-08-17T19:45:00,2026-08-17T23:45:00,RELEASED,RELEASED,LATAM,STANDARD
ORD-002618,DC-16,STANDARD,2026-08-26T16:01:00,2026-08-27T00:01:00,PICKING,PICKING,EU,STANDARD
ORD-002619,DC-10,STANDARD,2026-08-08T19:10:00,2026-08-09T07:10:00,EXCEPTION,EXCEPTION,APAC,STANDARD
ORD-002620,DC-14,EXPEDITE,2026-08-14T05:08:00,2026-08-14T17:08:00,STAGED,HOLD,MEA,NEXT_DAY
ORD-002621,DC-07,STANDARD,2026-08-01T23:08:00,2026-08-02T07:08:00,STAGED,STAGED,MEA,SAME_DAY
ORD-002622,DC-07,STANDARD,2026-08-05T16:28:00,2026-08-05T20:28:00,PICKING,PICKING,EU,NEXT_DAY
ORD-002623,DC-12,CRITICAL,2026-08-12T21:57:00,2026-08-13T01:57:00,PICKING,EXCEPTION,EU,STANDARD
ORD-002624,DC-12,STANDARD,2026-08-06T11:47:00,2026-08-06T23:47:00,RELEASED,RELEASED,LATAM,NEXT_DAY
ORD-002625,DC-06,CRITICAL,2026-08-09T18:36:00,2026-08-10T06:36:00,PICKING,EXCEPTION,MEA,SAME_DAY
ORD-002626,DC-01,STANDARD,2026-08-17T08:08:00,2026-08-17T16:08:00,PACKING,PACKING,MEA,SAME_DAY
ORD-002627,DC-03,STANDARD,2026-08-24T04:29:00,2026-08-24T16:29:00,RELEASED,RELEASED,LATAM,SAME_DAY
ORD-002628,DC-06,STANDARD,2026-08-05T00:42:00,2026-08-05T06:42:00,EXCEPTION,EXCEPTION,APAC,NEXT_DAY
ORD-002629,DC-14,STANDARD,2026-08-03T08:36:00,2026-08-03T16:36:00,ALLOCATED,EXCEPTION,LATAM,SAME_DAY
ORD-002630,DC-14,STANDARD,2026-08-31T21:23:00,2026-09-01T03:23:00,ALLOCATED,ALLOCATED,APAC,SAME_DAY
ORD-002631,DC-13,STANDARD,2026-08-20T07:43:00,2026-08-21T07:43:00,EXCEPTION,HOLD,LATAM,STANDARD
ORD-002632,DC-02,STANDARD,2026-08-20T16:13:00,2026-08-21T16:13:00,PACKING,PACKING,MEA,SAME_DAY
ORD-002633,DC-18,STANDARD,2026-09-01T06:50:00,2026-09-01T14:50:00,PACKING,HOLD,NA,NEXT_DAY
ORD-002634,DC-12,STANDARD,2026-08-16T09:22:00,2026-08-16T21:22:00,ALLOCATED,ALLOCATED,NA,SAME_DAY
ORD-002635,DC-06,CRITICAL,2026-08-05T21:20:00,2026-08-06T09:20:00,PACKING,HOLD,MEA,NEXT_DAY
ORD-002636,DC-07,STANDARD,2026-08-27T21:46:00,2026-08-28T21:46:00,PICKING,PICKING,NA,NEXT_DAY
ORD-002637,DC-13,STANDARD,2026-08-24T21:27:00,2026-08-25T21:27:00,PICKING,PICKING,APAC,NEXT_DAY
ORD-002638,DC-17,EXPEDITE,2026-08-25T06:21:00,2026-08-25T10:21:00,PACKING,PACKING,NA,SAME_DAY
ORD-002639,DC-13,STANDARD,2026-08-27T10:17:00,2026-08-28T10:17:00,ALLOCATED,HOLD,NA,STANDARD
ORD-002640,DC-09,STANDARD,2026-08-25T08:38:00,2026-08-25T20:38:00,ALLOCATED,HOLD,APAC,NEXT_DAY
ORD-002641,DC-13,STANDARD,2026-08-31T11:15:00,2026-08-31T19:15:00,ALLOCATED,ALLOCATED,APAC,SAME_DAY
ORD-002642,DC-07,STANDARD,2026-08-22T18:27:00,2026-08-23T18:27:00,SHIPPED,SHIPPED,MEA,SAME_DAY
ORD-002643,DC-10,EXPEDITE,2026-08-24T07:51:00,2026-08-24T15:51:00,ALLOCATED,EXCEPTION,NA,NEXT_DAY
ORD-002644,DC-11,STANDARD,2026-08-31T14:47:00,2026-08-31T22:47:00,EXCEPTION,EXCEPTION,EU,STANDARD
ORD-002645,DC-03,STANDARD,2026-09-05T04:32:00,2026-09-05T10:32:00,RELEASED,RELEASED,EU,NEXT_DAY
ORD-002646,DC-03,STANDARD,2026-08-08T18:04:00,2026-08-09T00:04:00,ALLOCATED,ALLOCATED,EU,NEXT_DAY
ORD-002647,DC-06,STANDARD,2026-08-12T01:31:00,2026-08-12T07:31:00,EXCEPTION,EXCEPTION,MEA,NEXT_DAY
ORD-002648,DC-07,STANDARD,2026-08-03T06:55:00,2026-08-03T18:55:00,PACKING,PACKING,MEA,STANDARD
ORD-002649,DC-02,STANDARD,2026-08-04T22:29:00,2026-08-05T06:29:00,PACKING,PACKING,MEA,NEXT_DAY
ORD-002650,DC-06,STANDARD,2026-08-16T10:54:00,2026-08-16T22:54:00,SHIPPED,HOLD,NA,STANDARD
ORD-002651,DC-09,STANDARD,2026-08-30T13:04:00,2026-08-30T21:04:00,EXCEPTION,EXCEPTION,NA,SAME_DAY
ORD-002652,DC-02,STANDARD,2026-08-20T20:11:00,2026-08-21T20:11:00,PACKING,PACKING,LATAM,STANDARD
ORD-002653,DC-15,EXPEDITE,2026-08-10T10:29:00,2026-08-10T14:29:00,RELEASED,RELEASED,EU,SAME_DAY
ORD-002654,DC-11,STANDARD,2026-08-29T20:38:00,2026-08-30T20:38:00,PICKING,PICKING,MEA,SAME_DAY
ORD-002655,DC-11,STANDARD,2026-08-19T21:45:00,2026-08-20T01:45:00,EXCEPTION,EXCEPTION,NA,NEXT_DAY
ORD-002656,DC-13,STANDARD,2026-08-23T01:02:00,2026-08-23T05:02:00,RELEASED,EXCEPTION,LATAM,SAME_DAY
ORD-002657,DC-18,STANDARD,2026-08-12T21:03:00,2026-08-13T09:03:00,SHIPPED,SHIPPED,APAC,SAME_DAY
ORD-002658,DC-02,STANDARD,2026-09-01T22:10:00,2026-09-02T02:10:00,PACKING,PACKING,APAC,NEXT_DAY
ORD-002659,DC-15,STANDARD,2026-08-23T03:35:00,2026-08-24T03:35:00,SHIPPED,SHIPPED,EU,NEXT_DAY
ORD-002660,DC-15,STANDARD,2026-08-23T15:07:00,2026-08-24T15:07:00,PICKING,HOLD,LATAM,SAME_DAY
ORD-002661,DC-16,STANDARD,2026-09-04T07:28:00,2026-09-05T07:28:00,PICKING,PICKING,MEA,SAME_DAY
ORD-002662,DC-14,STANDARD,2026-08-18T16:45:00,2026-08-19T00:45:00,ALLOCATED,ALLOCATED,LATAM,STANDARD
ORD-002663,DC-02,STANDARD,2026-08-06T03:09:00,2026-08-07T03:09:00,STAGED,STAGED,EU,STANDARD
ORD-002664,DC-03,STANDARD,2026-08-12T16:01:00,2026-08-13T00:01:00,STAGED,EXCEPTION,APAC,SAME_DAY
ORD-002665,DC-04,STANDARD,2026-08-29T15:09:00,2026-08-29T21:09:00,RELEASED,EXCEPTION,NA,STANDARD
ORD-002666,DC-09,CRITICAL,2026-08-21T12:41:00,2026-08-22T12:41:00,SHIPPED,SHIPPED,NA,NEXT_DAY
ORD-002667,DC-05,CRITICAL,2026-08-21T23:48:00,2026-08-22T23:48:00,PICKING,HOLD,MEA,SAME_DAY
ORD-002668,DC-10,STANDARD,2026-08-20T17:40:00,2026-08-21T01:40:00,SHIPPED,SHIPPED,APAC,STANDARD
ORD-002669,DC-01,EXPEDITE,2026-08-16T06:21:00,2026-08-16T14:21:00,STAGED,HOLD,LATAM,NEXT_DAY
ORD-002670,DC-13,CRITICAL,2026-08-03T20:52:00,2026-08-04T04:52:00,STAGED,STAGED,EU,SAME_DAY
ORD-002671,DC-05,STANDARD,2026-09-03T22:55:00,2026-09-04T10:55:00,RELEASED,EXCEPTION,LATAM,STANDARD
ORD-002672,DC-15,EXPEDITE,2026-08-04T20:37:00,2026-08-05T02:37:00,SHIPPED,SHIPPED,APAC,SAME_DAY
ORD-002673,DC-07,STANDARD,2026-08-14T16:25:00,2026-08-15T00:25:00,ALLOCATED,ALLOCATED,LATAM,NEXT_DAY
ORD-002674,DC-03,STANDARD,2026-08-02T12:28:00,2026-08-02T20:28:00,EXCEPTION,EXCEPTION,EU,SAME_DAY
ORD-002675,DC-05,STANDARD,2026-08-06T22:59:00,2026-08-07T02:59:00,ALLOCATED,ALLOCATED,APAC,NEXT_DAY
ORD-002676,DC-04,STANDARD,2026-08-28T13:05:00,2026-08-28T17:05:00,SHIPPED,SHIPPED,LATAM,NEXT_DAY
ORD-002677,DC-03,EXPEDITE,2026-08-11T03:43:00,2026-08-11T11:43:00,EXCEPTION,HOLD,NA,NEXT_DAY
ORD-002678,DC-01,STANDARD,2026-08-25T04:26:00,2026-08-25T16:26:00,PICKING,EXCEPTION,MEA,STANDARD
ORD-002679,DC-12,STANDARD,2026-08-24T21:28:00,2026-08-25T21:28:00,PICKING,PICKING,NA,NEXT_DAY
ORD-002680,DC-11,STANDARD,2026-08-02T22:47:00,2026-08-03T06:47:00,STAGED,STAGED,MEA,NEXT_DAY
ORD-002681,DC-08,EXPEDITE,2026-08-10T00:08:00,2026-08-10T12:08:00,PACKING,PACKING,NA,NEXT_DAY
ORD-002682,DC-13,STANDARD,2026-09-04T12:10:00,2026-09-04T16:10:00,STAGED,STAGED,NA,NEXT_DAY
ORD-002683,DC-05,STANDARD,2026-08-07T13:23:00,2026-08-07T19:23:00,EXCEPTION,EXCEPTION,MEA,SAME_DAY
ORD-002684,DC-02,STANDARD,2026-08-17T17:45:00,2026-08-17T21:45:00,RELEASED,RELEASED,NA,STANDARD
ORD-002685,DC-10,STANDARD,2026-09-04T08:21:00,2026-09-05T08:21:00,PACKING,EXCEPTION,APAC,NEXT_DAY
ORD-002686,DC-01,STANDARD,2026-08-17T00:31:00,2026-08-18T00:31:00,PICKING,PICKING,APAC,NEXT_DAY
ORD-002687,DC-15,STANDARD,2026-08-11T18:48:00,2026-08-12T18:48:00,EXCEPTION,EXCEPTION,NA,STANDARD
ORD-002688,DC-13,STANDARD,2026-08-05T22:35:00,2026-08-06T04:35:00,RELEASED,RELEASED,MEA,NEXT_DAY
ORD-002689,DC-07,STANDARD,2026-08-02T01:02:00,2026-08-02T09:02:00,PACKING,PACKING,NA,SAME_DAY
ORD-002690,DC-13,EXPEDITE,2026-09-04T20:45:00,2026-09-05T02:45:00,EXCEPTION,EXCEPTION,LATAM,SAME_DAY
ORD-002691,DC-16,STANDARD,2026-08-24T16:00:00,2026-08-24T20:00:00,EXCEPTION,EXCEPTION,MEA,SAME_DAY
ORD-002692,DC-14,STANDARD,2026-08-25T13:36:00,2026-08-25T17:36:00,ALLOCATED,HOLD,EU,SAME_DAY
ORD-002693,DC-07,STANDARD,2026-08-01T22:50:00,2026-08-02T06:50:00,PACKING,PACKING,EU,NEXT_DAY
ORD-002694,DC-03,CRITICAL,2026-08-25T14:21:00,2026-08-26T14:21:00,PACKING,PACKING,NA,NEXT_DAY
ORD-002695,DC-13,STANDARD,2026-08-05T17:07:00,2026-08-06T05:07:00,STAGED,STAGED,LATAM,NEXT_DAY
ORD-002696,DC-11,CRITICAL,2026-08-11T20:35:00,2026-08-12T08:35:00,PACKING,PACKING,MEA,STANDARD
ORD-002697,DC-17,CRITICAL,2026-08-01T12:03:00,2026-08-01T16:03:00,PICKING,PICKING,MEA,STANDARD
ORD-002698,DC-06,CRITICAL,2026-08-28T09:47:00,2026-08-28T15:47:00,PACKING,PACKING,APAC,SAME_DAY
ORD-002699,DC-08,STANDARD,2026-08-06T01:04:00,2026-08-07T01:04:00,ALLOCATED,ALLOCATED,MEA,NEXT_DAY
ORD-002700,DC-11,STANDARD,2026-08-02T17:46:00,2026-08-03T05:46:00,PICKING,HOLD,EU,SAME_DAY
ORD-002701,DC-16,STANDARD,2026-08-25T20:09:00,2026-08-26T08:09:00,RELEASED,RELEASED,LATAM,SAME_DAY
ORD-002702,DC-12,STANDARD,2026-09-02T12:14:00,2026-09-02T20:14:00,PACKING,EXCEPTION,NA,STANDARD
ORD-002703,DC-05,CRITICAL,2026-08-30T18:56:00,2026-08-31T02:56:00,EXCEPTION,EXCEPTION,MEA,SAME_DAY
ORD-002704,DC-07,STANDARD,2026-08-19T17:15:00,2026-08-19T23:15:00,PICKING,PICKING,LATAM,STANDARD
ORD-002705,DC-05,STANDARD,2026-08-03T22:49:00,2026-08-04T10:49:00,PACKING,PACKING,EU,NEXT_DAY
ORD-002706,DC-17,STANDARD,2026-08-30T17:21:00,2026-08-31T17:21:00,PICKING,EXCEPTION,EU,SAME_DAY
ORD-002707,DC-11,STANDARD,2026-08-08T13:50:00,2026-08-08T19:50:00,SHIPPED,EXCEPTION,EU,NEXT_DAY
ORD-002708,DC-08,STANDARD,2026-08-30T07:02:00,2026-08-31T07:02:00,PICKING,PICKING,APAC,SAME_DAY
ORD-002709,DC-04,EXPEDITE,2026-08-06T08:09:00,2026-08-06T12:09:00,ALLOCATED,EXCEPTION,LATAM,SAME_DAY
ORD-002710,DC-08,STANDARD,2026-08-03T19:08:00,2026-08-04T07:08:00,EXCEPTION,EXCEPTION,LATAM,STANDARD
ORD-002711,DC-06,STANDARD,2026-08-21T22:09:00,2026-08-22T04:09:00,SHIPPED,SHIPPED,APAC,NEXT_DAY
ORD-002712,DC-07,EXPEDITE,2026-08-04T17:02:00,2026-08-05T05:02:00,RELEASED,RELEASED,NA,STANDARD
ORD-002713,DC-15,CRITICAL,2026-08-11T10:06:00,2026-08-11T18:06:00,EXCEPTION,EXCEPTION,APAC,SAME_DAY
ORD-002714,DC-11,STANDARD,2026-08-05T08:42:00,2026-08-05T12:42:00,PACKING,PACKING,MEA,NEXT_DAY
ORD-002715,DC-02,STANDARD,2026-08-21T15:06:00,2026-08-21T19:06:00,EXCEPTION,EXCEPTION,LATAM,SAME_DAY
ORD-002716,DC-04,EXPEDITE,2026-08-28T12:06:00,2026-08-28T16:06:00,RELEASED,EXCEPTION,NA,NEXT_DAY
ORD-002717,DC-07,STANDARD,2026-08-17T00:29:00,2026-08-17T12:29:00,EXCEPTION,EXCEPTION,EU,NEXT_DAY
ORD-002718,DC-07,EXPEDITE,2026-08-17T00:23:00,2026-08-18T00:23:00,PACKING,EXCEPTION,MEA,STANDARD
ORD-002719,DC-08,EXPEDITE,2026-08-11T06:04:00,2026-08-11T10:04:00,EXCEPTION,EXCEPTION,NA,STANDARD
ORD-002720,DC-01,STANDARD,2026-08-25T05:54:00,2026-08-25T13:54:00,PICKING,HOLD,NA,STANDARD
ORD-002721,DC-18,STANDARD,2026-08-12T07:53:00,2026-08-13T07:53:00,RELEASED,EXCEPTION,LATAM,SAME_DAY
ORD-002722,DC-16,EXPEDITE,2026-08-28T16:25:00,2026-08-28T22:25:00,EXCEPTION,EXCEPTION,MEA,STANDARD
ORD-002723,DC-14,STANDARD,2026-08-25T21:04:00,2026-08-26T01:04:00,STAGED,HOLD,APAC,SAME_DAY
ORD-002724,DC-17,STANDARD,2026-08-25T12:13:00,2026-08-26T12:13:00,PICKING,PICKING,APAC,SAME_DAY
ORD-002725,DC-01,STANDARD,2026-08-05T18:06:00,2026-08-06T02:06:00,ALLOCATED,ALLOCATED,EU,NEXT_DAY
ORD-002726,DC-16,STANDARD,2026-08-29T18:09:00,2026-08-30T06:09:00,EXCEPTION,EXCEPTION,APAC,NEXT_DAY
ORD-002727,DC-07,CRITICAL,2026-09-02T02:24:00,2026-09-02T08:24:00,PICKING,HOLD,APAC,SAME_DAY
ORD-002728,DC-04,EXPEDITE,2026-08-11T21:32:00,2026-08-12T01:32:00,RELEASED,RELEASED,MEA,NEXT_DAY
ORD-002729,DC-16,STANDARD,2026-08-31T00:26:00,2026-08-31T12:26:00,EXCEPTION,EXCEPTION,LATAM,NEXT_DAY
ORD-002730,DC-13,STANDARD,2026-08-21T10:55:00,2026-08-21T14:55:00,EXCEPTION,EXCEPTION,APAC,NEXT_DAY
ORD-002731,DC-03,STANDARD,2026-08-29T22:34:00,2026-08-30T02:34:00,STAGED,STAGED,LATAM,SAME_DAY
ORD-002732,DC-16,STANDARD,2026-09-05T01:26:00,2026-09-05T05:26:00,PACKING,HOLD,MEA,NEXT_DAY
ORD-002733,DC-13,EXPEDITE,2026-08-26T03:42:00,2026-08-26T15:42:00,ALLOCATED,ALLOCATED,NA,NEXT_DAY
ORD-002734,DC-04,EXPEDITE,2026-08-12T00:04:00,2026-08-12T04:04:00,SHIPPED,HOLD,NA,STANDARD
ORD-002735,DC-07,STANDARD,2026-08-29T13:15:00,2026-08-29T21:15:00,PACKING,PACKING,EU,SAME_DAY
ORD-002736,DC-15,STANDARD,2026-09-02T23:31:00,2026-09-03T03:31:00,RELEASED,EXCEPTION,NA,STANDARD
ORD-002737,DC-02,STANDARD,2026-09-01T03:04:00,2026-09-01T07:04:00,PICKING,PICKING,APAC,SAME_DAY
ORD-002738,DC-16,EXPEDITE,2026-08-30T05:50:00,2026-08-31T05:50:00,RELEASED,RELEASED,EU,STANDARD
ORD-002739,DC-13,STANDARD,2026-08-24T08:58:00,2026-08-24T16:58:00,PICKING,PICKING,LATAM,SAME_DAY
ORD-002740,DC-03,CRITICAL,2026-08-31T21:12:00,2026-09-01T09:12:00,STAGED,HOLD,MEA,NEXT_DAY
ORD-002741,DC-09,STANDARD,2026-08-24T19:27:00,2026-08-25T03:27:00,STAGED,STAGED,NA,NEXT_DAY
ORD-002742,DC-04,STANDARD,2026-09-05T00:13:00,2026-09-05T06:13:00,EXCEPTION,HOLD,LATAM,SAME_DAY
ORD-002743,DC-07,STANDARD,2026-08-18T13:20:00,2026-08-18T19:20:00,PACKING,PACKING,APAC,SAME_DAY
ORD-002744,DC-06,STANDARD,2026-08-25T09:42:00,2026-08-25T15:42:00,STAGED,EXCEPTION,APAC,SAME_DAY
ORD-002745,DC-17,CRITICAL,2026-08-30T14:09:00,2026-08-30T22:09:00,EXCEPTION,EXCEPTION,LATAM,SAME_DAY
ORD-002746,DC-18,CRITICAL,2026-08-24T01:36:00,2026-08-25T01:36:00,PACKING,PACKING,EU,SAME_DAY
ORD-002747,DC-11,EXPEDITE,2026-08-24T07:36:00,2026-08-24T13:36:00,PACKING,EXCEPTION,MEA,STANDARD
ORD-002748,DC-18,EXPEDITE,2026-09-02T21:10:00,2026-09-03T21:10:00,ALLOCATED,ALLOCATED,EU,SAME_DAY
ORD-002749,DC-15,STANDARD,2026-08-06T06:23:00,2026-08-06T18:23:00,SHIPPED,SHIPPED,LATAM,SAME_DAY
ORD-002750,DC-06,STANDARD,2026-08-23T05:23:00,2026-08-24T05:23:00,PACKING,HOLD,NA,SAME_DAY
ORD-002751,DC-03,STANDARD,2026-09-03T08:37:00,2026-09-03T16:37:00,PICKING,PICKING,EU,SAME_DAY
ORD-002752,DC-17,STANDARD,2026-08-30T21:48:00,2026-08-31T21:48:00,RELEASED,RELEASED,NA,STANDARD
ORD-002753,DC-04,STANDARD,2026-09-04T12:47:00,2026-09-05T00:47:00,SHIPPED,SHIPPED,LATAM,NEXT_DAY
ORD-002754,DC-17,EXPEDITE,2026-09-02T03:58:00,2026-09-02T09:58:00,STAGED,EXCEPTION,NA,STANDARD
ORD-002755,DC-08,STANDARD,2026-08-25T10:47:00,2026-08-25T18:47:00,ALLOCATED,ALLOCATED,MEA,SAME_DAY
ORD-002756,DC-05,STANDARD,2026-08-06T18:14:00,2026-08-07T02:14:00,PICKING,PICKING,APAC,NEXT_DAY
ORD-002757,DC-11,STANDARD,2026-08-19T14:12:00,2026-08-19T20:12:00,PACKING,HOLD,NA,SAME_DAY
ORD-002758,DC-07,STANDARD,2026-08-17T13:08:00,2026-08-17T19:08:00,EXCEPTION,EXCEPTION,EU,SAME_DAY
ORD-002759,DC-16,STANDARD,2026-08-26T12:00:00,2026-08-27T12:00:00,SHIPPED,SHIPPED,LATAM,SAME_DAY
ORD-002760,DC-04,EXPEDITE,2026-08-01T08:46:00,2026-08-01T14:46:00,SHIPPED,SHIPPED,APAC,STANDARD
ORD-002761,DC-07,EXPEDITE,2026-09-01T01:12:00,2026-09-01T13:12:00,PICKING,PICKING,APAC,STANDARD
ORD-002762,DC-09,EXPEDITE,2026-08-26T21:55:00,2026-08-27T21:55:00,RELEASED,EXCEPTION,NA,NEXT_DAY
ORD-002763,DC-15,STANDARD,2026-08-11T14:15:00,2026-08-12T14:15:00,PICKING,HOLD,LATAM,SAME_DAY
ORD-002764,DC-17,STANDARD,2026-08-05T20:03:00,2026-08-06T04:03:00,STAGED,STAGED,MEA,SAME_DAY
ORD-002765,DC-08,EXPEDITE,2026-08-13T02:53:00,2026-08-13T08:53:00,PACKING,HOLD,APAC,SAME_DAY
ORD-002766,DC-03,STANDARD,2026-08-06T09:19:00,2026-08-06T17:19:00,ALLOCATED,ALLOCATED,MEA,SAME_DAY
ORD-002767,DC-08,STANDARD,2026-09-04T12:46:00,2026-09-05T00:46:00,ALLOCATED,ALLOCATED,LATAM,SAME_DAY
ORD-002768,DC-08,EXPEDITE,2026-08-13T08:43:00,2026-08-14T08:43:00,PACKING,PACKING,APAC,NEXT_DAY
ORD-002769,DC-02,STANDARD,2026-09-04T09:00:00,2026-09-04T13:00:00,EXCEPTION,EXCEPTION,LATAM,NEXT_DAY
ORD-002770,DC-15,STANDARD,2026-08-29T13:38:00,2026-08-29T17:38:00,ALLOCATED,HOLD,LATAM,STANDARD
ORD-002771,DC-05,EXPEDITE,2026-08-12T11:04:00,2026-08-13T11:04:00,SHIPPED,HOLD,LATAM,NEXT_DAY
ORD-002772,DC-03,STANDARD,2026-09-01T21:29:00,2026-09-02T09:29:00,RELEASED,RELEASED,APAC,NEXT_DAY
ORD-002773,DC-10,STANDARD,2026-09-05T02:25:00,2026-09-05T14:25:00,ALLOCATED,ALLOCATED,APAC,STANDARD
ORD-002774,DC-12,STANDARD,2026-08-08T13:44:00,2026-08-08T21:44:00,EXCEPTION,HOLD,APAC,STANDARD
ORD-002775,DC-05,STANDARD,2026-08-15T15:24:00,2026-08-15T21:24:00,RELEASED,RELEASED,EU,NEXT_DAY
ORD-002776,DC-05,EXPEDITE,2026-09-04T11:59:00,2026-09-05T11:59:00,PACKING,PACKING,MEA,NEXT_DAY
ORD-002777,DC-08,STANDARD,2026-09-04T14:40:00,2026-09-04T20:40:00,RELEASED,RELEASED,APAC,SAME_DAY
ORD-002778,DC-14,STANDARD,2026-08-28T21:13:00,2026-08-29T21:13:00,RELEASED,RELEASED,LATAM,NEXT_DAY
ORD-002779,DC-05,STANDARD,2026-08-10T05:11:00,2026-08-10T11:11:00,ALLOCATED,HOLD,APAC,NEXT_DAY
ORD-002780,DC-18,STANDARD,2026-08-24T00:20:00,2026-08-24T08:20:00,EXCEPTION,EXCEPTION,APAC,STANDARD
ORD-002781,DC-13,STANDARD,2026-08-31T23:30:00,2026-09-01T11:30:00,PICKING,PICKING,MEA,SAME_DAY
ORD-002782,DC-01,STANDARD,2026-08-07T23:45:00,2026-08-08T23:45:00,STAGED,STAGED,LATAM,SAME_DAY
ORD-002783,DC-08,EXPEDITE,2026-08-30T01:47:00,2026-08-31T01:47:00,STAGED,HOLD,LATAM,STANDARD
ORD-002784,DC-10,STANDARD,2026-08-04T12:01:00,2026-08-04T20:01:00,PACKING,PACKING,LATAM,NEXT_DAY
ORD-002785,DC-03,STANDARD,2026-09-01T16:52:00,2026-09-01T20:52:00,SHIPPED,EXCEPTION,EU,STANDARD
ORD-002786,DC-12,STANDARD,2026-08-04T20:57:00,2026-08-05T02:57:00,EXCEPTION,EXCEPTION,APAC,STANDARD
ORD-002787,DC-05,STANDARD,2026-08-28T00:43:00,2026-08-28T08:43:00,EXCEPTION,EXCEPTION,MEA,STANDARD
ORD-002788,DC-11,STANDARD,2026-08-28T07:42:00,2026-08-28T19:42:00,STAGED,HOLD,APAC,NEXT_DAY
ORD-002789,DC-16,STANDARD,2026-08-31T07:29:00,2026-09-01T07:29:00,RELEASED,RELEASED,MEA,SAME_DAY
ORD-002790,DC-02,CRITICAL,2026-09-02T00:10:00,2026-09-03T00:10:00,PICKING,EXCEPTION,MEA,NEXT_DAY
ORD-002791,DC-05,STANDARD,2026-08-03T13:12:00,2026-08-04T01:12:00,PICKING,PICKING,LATAM,SAME_DAY
ORD-002792,DC-08,CRITICAL,2026-08-18T14:03:00,2026-08-18T22:03:00,SHIPPED,EXCEPTION,MEA,STANDARD
ORD-002793,DC-07,EXPEDITE,2026-08-19T14:44:00,2026-08-19T18:44:00,PACKING,PACKING,APAC,STANDARD
ORD-002794,DC-01,STANDARD,2026-08-12T09:35:00,2026-08-12T17:35:00,RELEASED,RELEASED,LATAM,NEXT_DAY
ORD-002795,DC-12,EXPEDITE,2026-08-16T15:28:00,2026-08-16T23:28:00,RELEASED,RELEASED,EU,SAME_DAY
ORD-002796,DC-11,STANDARD,2026-08-03T13:40:00,2026-08-03T19:40:00,PICKING,HOLD,MEA,NEXT_DAY
ORD-002797,DC-10,EXPEDITE,2026-08-30T05:29:00,2026-08-30T17:29:00,STAGED,HOLD,MEA,NEXT_DAY
ORD-002798,DC-03,CRITICAL,2026-08-02T17:59:00,2026-08-02T21:59:00,EXCEPTION,EXCEPTION,APAC,NEXT_DAY
ORD-002799,DC-03,STANDARD,2026-09-02T18:31:00,2026-09-03T06:31:00,STAGED,EXCEPTION,NA,STANDARD
ORD-002800,DC-12,STANDARD,2026-08-03T13:27:00,2026-08-03T19:27:00,PACKING,PACKING,LATAM,SAME_DAY
ORD-002801,DC-07,STANDARD,2026-09-02T22:39:00,2026-09-03T10:39:00,SHIPPED,EXCEPTION,LATAM,SAME_DAY
ORD-002802,DC-06,STANDARD,2026-09-02T05:34:00,2026-09-03T05:34:00,STAGED,HOLD,EU,SAME_DAY
ORD-002803,DC-17,STANDARD,2026-08-12T00:54:00,2026-08-12T06:54:00,STAGED,STAGED,MEA,STANDARD
ORD-002804,DC-14,STANDARD,2026-08-20T20:14:00,2026-08-21T00:14:00,STAGED,HOLD,APAC,STANDARD
ORD-002805,DC-08,STANDARD,2026-08-09T18:30:00,2026-08-09T22:30:00,RELEASED,RELEASED,LATAM,NEXT_DAY
ORD-002806,DC-05,STANDARD,2026-08-13T16:36:00,2026-08-13T22:36:00,PACKING,PACKING,MEA,STANDARD
ORD-002807,DC-04,EXPEDITE,2026-09-03T08:25:00,2026-09-04T08:25:00,PACKING,EXCEPTION,APAC,STANDARD
ORD-002808,DC-12,EXPEDITE,2026-08-10T14:35:00,2026-08-11T02:35:00,PICKING,PICKING,LATAM,NEXT_DAY
ORD-002809,DC-08,EXPEDITE,2026-08-10T12:45:00,2026-08-10T20:45:00,RELEASED,RELEASED,APAC,NEXT_DAY
ORD-002810,DC-04,CRITICAL,2026-08-08T03:52:00,2026-08-08T15:52:00,STAGED,EXCEPTION,NA,STANDARD
ORD-002811,DC-03,STANDARD,2026-08-20T19:53:00,2026-08-20T23:53:00,PACKING,EXCEPTION,LATAM,STANDARD
ORD-002812,DC-13,EXPEDITE,2026-08-21T22:14:00,2026-08-22T04:14:00,SHIPPED,SHIPPED,APAC,NEXT_DAY
ORD-002813,DC-08,STANDARD,2026-08-12T00:23:00,2026-08-12T12:23:00,SHIPPED,HOLD,NA,NEXT_DAY
ORD-002814,DC-08,STANDARD,2026-08-02T11:43:00,2026-08-02T15:43:00,STAGED,STAGED,EU,STANDARD
ORD-002815,DC-10,STANDARD,2026-08-24T14:16:00,2026-08-25T14:16:00,STAGED,STAGED,APAC,NEXT_DAY
ORD-002816,DC-07,CRITICAL,2026-08-08T06:29:00,2026-08-08T14:29:00,PICKING,HOLD,MEA,SAME_DAY
ORD-002817,DC-15,EXPEDITE,2026-08-17T20:08:00,2026-08-18T08:08:00,STAGED,STAGED,LATAM,NEXT_DAY
ORD-002818,DC-04,STANDARD,2026-08-21T22:34:00,2026-08-22T04:34:00,PICKING,PICKING,APAC,STANDARD
ORD-002819,DC-16,STANDARD,2026-08-01T19:22:00,2026-08-02T07:22:00,PACKING,PACKING,MEA,NEXT_DAY
ORD-002820,DC-01,STANDARD,2026-08-29T23:40:00,2026-08-30T11:40:00,PACKING,PACKING,EU,NEXT_DAY
ORD-002821,DC-14,STANDARD,2026-09-01T08:22:00,2026-09-01T20:22:00,EXCEPTION,EXCEPTION,LATAM,NEXT_DAY
ORD-002822,DC-09,STANDARD,2026-08-06T21:06:00,2026-08-07T05:06:00,ALLOCATED,ALLOCATED,APAC,NEXT_DAY
ORD-002823,DC-17,STANDARD,2026-08-27T22:47:00,2026-08-28T06:47:00,PICKING,HOLD,MEA,SAME_DAY
ORD-002824,DC-10,STANDARD,2026-08-06T13:28:00,2026-08-07T01:28:00,STAGED,STAGED,EU,STANDARD
ORD-002825,DC-01,STANDARD,2026-08-05T18:18:00,2026-08-06T18:18:00,PACKING,PACKING,EU,SAME_DAY
ORD-002826,DC-10,STANDARD,2026-08-04T18:47:00,2026-08-04T22:47:00,PACKING,HOLD,EU,STANDARD
ORD-002827,DC-05,STANDARD,2026-08-28T01:16:00,2026-08-28T07:16:00,STAGED,STAGED,MEA,NEXT_DAY
ORD-002828,DC-08,STANDARD,2026-08-19T18:56:00,2026-08-19T22:56:00,PACKING,PACKING,MEA,SAME_DAY
ORD-002829,DC-16,STANDARD,2026-08-31T10:23:00,2026-08-31T18:23:00,SHIPPED,SHIPPED,MEA,NEXT_DAY
ORD-002830,DC-11,EXPEDITE,2026-08-17T23:19:00,2026-08-18T05:19:00,RELEASED,HOLD,MEA,NEXT_DAY
ORD-002831,DC-11,EXPEDITE,2026-09-04T05:53:00,2026-09-05T05:53:00,STAGED,EXCEPTION,MEA,SAME_DAY
ORD-002832,DC-17,STANDARD,2026-08-28T11:49:00,2026-08-28T17:49:00,STAGED,STAGED,APAC,NEXT_DAY
ORD-002833,DC-13,EXPEDITE,2026-08-19T12:30:00,2026-08-19T18:30:00,PICKING,PICKING,MEA,SAME_DAY
ORD-002834,DC-14,STANDARD,2026-08-14T10:44:00,2026-08-14T22:44:00,ALLOCATED,ALLOCATED,APAC,NEXT_DAY
ORD-002835,DC-07,STANDARD,2026-09-01T13:48:00,2026-09-02T13:48:00,PACKING,PACKING,EU,NEXT_DAY
ORD-002836,DC-07,EXPEDITE,2026-08-09T20:22:00,2026-08-10T00:22:00,EXCEPTION,HOLD,APAC,NEXT_DAY
ORD-002837,DC-06,STANDARD,2026-08-16T11:56:00,2026-08-16T17:56:00,PACKING,EXCEPTION,APAC,SAME_DAY
ORD-002838,DC-05,CRITICAL,2026-08-24T08:38:00,2026-08-24T20:38:00,SHIPPED,SHIPPED,APAC,SAME_DAY
ORD-002839,DC-15,STANDARD,2026-08-18T10:15:00,2026-08-18T22:15:00,PACKING,EXCEPTION,LATAM,NEXT_DAY
ORD-002840,DC-16,STANDARD,2026-09-03T16:09:00,2026-09-04T00:09:00,ALLOCATED,ALLOCATED,MEA,SAME_DAY
ORD-002841,DC-02,STANDARD,2026-08-15T20:49:00,2026-08-16T00:49:00,EXCEPTION,EXCEPTION,EU,NEXT_DAY
ORD-002842,DC-15,STANDARD,2026-08-28T17:33:00,2026-08-28T23:33:00,PACKING,HOLD,EU,STANDARD
ORD-002843,DC-01,STANDARD,2026-08-20T19:35:00,2026-08-20T23:35:00,PACKING,PACKING,NA,SAME_DAY
ORD-002844,DC-10,STANDARD,2026-08-28T23:10:00,2026-08-29T03:10:00,PICKING,PICKING,EU,STANDARD
ORD-002845,DC-02,STANDARD,2026-08-26T08:35:00,2026-08-26T14:35:00,EXCEPTION,EXCEPTION,MEA,SAME_DAY
ORD-002846,DC-07,EXPEDITE,2026-08-23T15:39:00,2026-08-23T23:39:00,STAGED,STAGED,LATAM,NEXT_DAY
ORD-002847,DC-06,STANDARD,2026-08-29T11:19:00,2026-08-29T15:19:00,PACKING,PACKING,MEA,STANDARD
ORD-002848,DC-12,STANDARD,2026-08-22T09:08:00,2026-08-23T09:08:00,RELEASED,RELEASED,APAC,NEXT_DAY
ORD-002849,DC-11,EXPEDITE,2026-09-03T08:28:00,2026-09-03T20:28:00,RELEASED,EXCEPTION,APAC,NEXT_DAY
ORD-002850,DC-10,EXPEDITE,2026-09-04T11:50:00,2026-09-04T15:50:00,PACKING,PACKING,MEA,NEXT_DAY
ORD-002851,DC-05,STANDARD,2026-08-03T09:26:00,2026-08-04T09:26:00,ALLOCATED,EXCEPTION,LATAM,NEXT_DAY
ORD-002852,DC-10,STANDARD,2026-08-23T22:16:00,2026-08-24T22:16:00,RELEASED,RELEASED,LATAM,NEXT_DAY
ORD-002853,DC-18,CRITICAL,2026-08-12T19:51:00,2026-08-13T01:51:00,EXCEPTION,HOLD,MEA,STANDARD
ORD-002854,DC-17,STANDARD,2026-08-01T11:57:00,2026-08-01T19:57:00,RELEASED,RELEASED,EU,NEXT_DAY
ORD-002855,DC-01,STANDARD,2026-08-11T04:52:00,2026-08-11T08:52:00,SHIPPED,HOLD,LATAM,SAME_DAY
ORD-002856,DC-04,STANDARD,2026-09-03T12:07:00,2026-09-04T12:07:00,PACKING,EXCEPTION,APAC,SAME_DAY
ORD-002857,DC-05,STANDARD,2026-08-28T21:56:00,2026-08-29T09:56:00,RELEASED,EXCEPTION,APAC,SAME_DAY
ORD-002858,DC-03,STANDARD,2026-08-24T17:16:00,2026-08-25T01:16:00,ALLOCATED,HOLD,NA,STANDARD
ORD-002859,DC-18,STANDARD,2026-08-27T09:15:00,2026-08-28T09:15:00,SHIPPED,SHIPPED,MEA,NEXT_DAY
ORD-002860,DC-16,STANDARD,2026-08-25T16:31:00,2026-08-25T22:31:00,EXCEPTION,HOLD,MEA,SAME_DAY
ORD-002861,DC-14,STANDARD,2026-08-31T11:48:00,2026-08-31T23:48:00,PICKING,PICKING,EU,STANDARD
ORD-002862,DC-12,STANDARD,2026-08-01T12:41:00,2026-08-02T12:41:00,STAGED,STAGED,NA,STANDARD
ORD-002863,DC-18,STANDARD,2026-08-28T17:44:00,2026-08-28T23:44:00,EXCEPTION,EXCEPTION,NA,NEXT_DAY
ORD-002864,DC-04,STANDARD,2026-08-12T00:50:00,2026-08-12T04:50:00,PACKING,EXCEPTION,LATAM,STANDARD
ORD-002865,DC-03,STANDARD,2026-08-18T08:45:00,2026-08-18T16:45:00,EXCEPTION,EXCEPTION,EU,NEXT_DAY
ORD-002866,DC-17,STANDARD,2026-08-22T01:00:00,2026-08-22T09:00:00,SHIPPED,SHIPPED,EU,NEXT_DAY
ORD-002867,DC-18,STANDARD,2026-08-17T02:13:00,2026-08-18T02:13:00,SHIPPED,SHIPPED,LATAM,STANDARD
ORD-002868,DC-12,EXPEDITE,2026-08-17T03:21:00,2026-08-17T15:21:00,SHIPPED,HOLD,APAC,SAME_DAY
ORD-002869,DC-16,EXPEDITE,2026-08-05T14:38:00,2026-08-05T18:38:00,ALLOCATED,EXCEPTION,APAC,NEXT_DAY
ORD-002870,DC-07,STANDARD,2026-08-05T21:03:00,2026-08-06T21:03:00,RELEASED,RELEASED,LATAM,SAME_DAY
ORD-002871,DC-08,EXPEDITE,2026-08-25T03:09:00,2026-08-25T07:09:00,PICKING,PICKING,MEA,NEXT_DAY
ORD-002872,DC-05,STANDARD,2026-08-08T01:24:00,2026-08-08T05:24:00,ALLOCATED,ALLOCATED,LATAM,NEXT_DAY
ORD-002873,DC-07,STANDARD,2026-08-13T20:43:00,2026-08-14T08:43:00,SHIPPED,HOLD,MEA,SAME_DAY
ORD-002874,DC-12,STANDARD,2026-08-23T12:39:00,2026-08-23T16:39:00,EXCEPTION,EXCEPTION,APAC,STANDARD
ORD-002875,DC-04,EXPEDITE,2026-09-02T00:52:00,2026-09-02T06:52:00,PICKING,HOLD,MEA,STANDARD
ORD-002876,DC-16,STANDARD,2026-08-24T01:11:00,2026-08-25T01:11:00,PICKING,EXCEPTION,NA,SAME_DAY
ORD-002877,DC-08,STANDARD,2026-08-20T05:27:00,2026-08-20T13:27:00,PICKING,PICKING,APAC,SAME_DAY
ORD-002878,DC-15,STANDARD,2026-08-21T05:33:00,2026-08-21T13:33:00,PACKING,HOLD,EU,NEXT_DAY
ORD-002879,DC-01,EXPEDITE,2026-08-31T23:56:00,2026-09-01T07:56:00,STAGED,STAGED,APAC,SAME_DAY
ORD-002880,DC-04,EXPEDITE,2026-08-11T08:38:00,2026-08-11T12:38:00,STAGED,EXCEPTION,MEA,SAME_DAY
ORD-002881,DC-04,EXPEDITE,2026-08-18T22:39:00,2026-08-19T22:39:00,STAGED,HOLD,EU,SAME_DAY
ORD-002882,DC-09,STANDARD,2026-09-04T13:33:00,2026-09-05T01:33:00,RELEASED,RELEASED,MEA,NEXT_DAY
ORD-002883,DC-08,STANDARD,2026-09-01T15:39:00,2026-09-01T21:39:00,SHIPPED,SHIPPED,APAC,NEXT_DAY
ORD-002884,DC-16,STANDARD,2026-08-25T15:17:00,2026-08-26T15:17:00,ALLOCATED,HOLD,NA,STANDARD
ORD-002885,DC-13,EXPEDITE,2026-09-04T03:43:00,2026-09-04T09:43:00,PACKING,EXCEPTION,EU,STANDARD
ORD-002886,DC-04,STANDARD,2026-08-22T08:32:00,2026-08-23T08:32:00,PACKING,HOLD,EU,SAME_DAY
ORD-002887,DC-14,STANDARD,2026-08-15T06:49:00,2026-08-15T12:49:00,RELEASED,HOLD,MEA,STANDARD
ORD-002888,DC-13,STANDARD,2026-08-31T00:21:00,2026-09-01T00:21:00,PICKING,EXCEPTION,APAC,SAME_DAY
ORD-002889,DC-10,STANDARD,2026-08-19T21:08:00,2026-08-20T21:08:00,ALLOCATED,EXCEPTION,EU,STANDARD
ORD-002890,DC-13,EXPEDITE,2026-08-30T07:40:00,2026-08-30T15:40:00,PACKING,HOLD,LATAM,STANDARD
ORD-002891,DC-02,STANDARD,2026-08-06T19:02:00,2026-08-07T07:02:00,PACKING,HOLD,APAC,STANDARD
ORD-002892,DC-09,STANDARD,2026-09-02T23:25:00,2026-09-03T23:25:00,ALLOCATED,HOLD,NA,SAME_DAY
ORD-002893,DC-17,EXPEDITE,2026-08-18T18:59:00,2026-08-19T06:59:00,SHIPPED,SHIPPED,MEA,NEXT_DAY
ORD-002894,DC-18,STANDARD,2026-09-02T07:12:00,2026-09-02T15:12:00,ALLOCATED,ALLOCATED,EU,SAME_DAY
ORD-002895,DC-10,EXPEDITE,2026-09-04T12:46:00,2026-09-04T16:46:00,PICKING,PICKING,LATAM,SAME_DAY
ORD-002896,DC-16,CRITICAL,2026-08-09T09:39:00,2026-08-09T21:39:00,PACKING,HOLD,LATAM,SAME_DAY
ORD-002897,DC-17,STANDARD,2026-08-04T23:01:00,2026-08-05T05:01:00,PACKING,HOLD,NA,STANDARD
ORD-002898,DC-14,STANDARD,2026-08-21T07:35:00,2026-08-22T07:35:00,SHIPPED,EXCEPTION,LATAM,SAME_DAY
ORD-002899,DC-09,STANDARD,2026-08-11T16:15:00,2026-08-12T16:15:00,PACKING,PACKING,LATAM,NEXT_DAY
ORD-002900,DC-05,STANDARD,2026-08-21T10:53:00,2026-08-21T18:53:00,PICKING,EXCEPTION,EU,NEXT_DAY
ORD-002901,DC-14,STANDARD,2026-08-30T19:09:00,2026-08-31T01:09:00,SHIPPED,EXCEPTION,NA,STANDARD
ORD-002902,DC-12,STANDARD,2026-08-29T22:54:00,2026-08-30T22:54:00,PACKING,EXCEPTION,MEA,STANDARD
ORD-002903,DC-18,CRITICAL,2026-08-21T12:33:00,2026-08-21T20:33:00,RELEASED,RELEASED,NA,SAME_DAY
ORD-002904,DC-14,CRITICAL,2026-08-01T06:54:00,2026-08-01T14:54:00,PACKING,EXCEPTION,NA,NEXT_DAY
ORD-002905,DC-03,EXPEDITE,2026-08-15T00:54:00,2026-08-15T06:54:00,STAGED,HOLD,MEA,NEXT_DAY
ORD-002906,DC-06,EXPEDITE,2026-08-01T06:37:00,2026-08-01T14:37:00,RELEASED,RELEASED,EU,STANDARD
ORD-002907,DC-12,STANDARD,2026-08-29T05:02:00,2026-08-29T17:02:00,EXCEPTION,EXCEPTION,APAC,NEXT_DAY
ORD-002908,DC-08,STANDARD,2026-08-09T12:27:00,2026-08-10T12:27:00,PICKING,EXCEPTION,LATAM,SAME_DAY
ORD-002909,DC-10,STANDARD,2026-08-19T19:50:00,2026-08-19T23:50:00,EXCEPTION,HOLD,LATAM,NEXT_DAY
ORD-002910,DC-11,EXPEDITE,2026-08-06T03:28:00,2026-08-06T11:28:00,STAGED,HOLD,APAC,STANDARD
ORD-002911,DC-14,STANDARD,2026-08-16T14:35:00,2026-08-16T22:35:00,RELEASED,RELEASED,EU,STANDARD
ORD-002912,DC-08,STANDARD,2026-08-18T22:58:00,2026-08-19T04:58:00,SHIPPED,SHIPPED,LATAM,SAME_DAY
ORD-002913,DC-09,STANDARD,2026-08-29T07:38:00,2026-08-29T13:38:00,EXCEPTION,EXCEPTION,NA,NEXT_DAY
ORD-002914,DC-15,EXPEDITE,2026-08-23T05:49:00,2026-08-24T05:49:00,SHIPPED,SHIPPED,LATAM,STANDARD
ORD-002915,DC-02,STANDARD,2026-08-28T08:25:00,2026-08-28T16:25:00,RELEASED,RELEASED,EU,STANDARD
ORD-002916,DC-11,EXPEDITE,2026-08-09T02:35:00,2026-08-09T10:35:00,PICKING,PICKING,LATAM,SAME_DAY
ORD-002917,DC-16,STANDARD,2026-08-29T21:40:00,2026-08-30T05:40:00,STAGED,STAGED,NA,SAME_DAY
ORD-002918,DC-16,STANDARD,2026-08-31T23:06:00,2026-09-01T11:06:00,EXCEPTION,EXCEPTION,LATAM,NEXT_DAY
ORD-002919,DC-09,CRITICAL,2026-08-23T00:25:00,2026-08-23T08:25:00,RELEASED,RELEASED,MEA,SAME_DAY
ORD-002920,DC-13,STANDARD,2026-08-13T15:41:00,2026-08-13T21:41:00,ALLOCATED,EXCEPTION,EU,NEXT_DAY
ORD-002921,DC-16,STANDARD,2026-08-19T07:29:00,2026-08-19T15:29:00,SHIPPED,HOLD,EU,SAME_DAY
ORD-002922,DC-01,STANDARD,2026-08-21T14:19:00,2026-08-21T22:19:00,EXCEPTION,EXCEPTION,MEA,STANDARD
ORD-002923,DC-11,STANDARD,2026-08-26T08:57:00,2026-08-26T14:57:00,SHIPPED,SHIPPED,MEA,NEXT_DAY
ORD-002924,DC-15,STANDARD,2026-08-19T20:39:00,2026-08-20T04:39:00,STAGED,STAGED,LATAM,STANDARD
ORD-002925,DC-05,CRITICAL,2026-08-13T16:20:00,2026-08-14T16:20:00,SHIPPED,SHIPPED,NA,NEXT_DAY
ORD-002926,DC-01,STANDARD,2026-08-19T00:50:00,2026-08-19T12:50:00,EXCEPTION,EXCEPTION,NA,SAME_DAY
ORD-002927,DC-14,STANDARD,2026-08-26T11:52:00,2026-08-26T17:52:00,RELEASED,HOLD,APAC,STANDARD
ORD-002928,DC-05,STANDARD,2026-08-19T01:46:00,2026-08-19T05:46:00,PICKING,PICKING,NA,STANDARD
ORD-002929,DC-08,EXPEDITE,2026-08-13T10:09:00,2026-08-14T10:09:00,RELEASED,RELEASED,APAC,SAME_DAY
ORD-002930,DC-03,CRITICAL,2026-08-30T04:40:00,2026-08-30T12:40:00,PICKING,PICKING,LATAM,STANDARD
ORD-002931,DC-09,EXPEDITE,2026-08-07T00:17:00,2026-08-07T06:17:00,PICKING,PICKING,APAC,STANDARD
ORD-002932,DC-05,EXPEDITE,2026-08-25T16:34:00,2026-08-26T16:34:00,STAGED,HOLD,NA,NEXT_DAY
ORD-002933,DC-17,STANDARD,2026-08-21T01:49:00,2026-08-21T07:49:00,EXCEPTION,EXCEPTION,NA,STANDARD
ORD-002934,DC-09,STANDARD,2026-08-26T14:53:00,2026-08-26T18:53:00,RELEASED,EXCEPTION,APAC,SAME_DAY
ORD-002935,DC-13,STANDARD,2026-08-29T03:09:00,2026-08-29T09:09:00,ALLOCATED,ALLOCATED,EU,NEXT_DAY
ORD-002936,DC-02,STANDARD,2026-09-04T05:31:00,2026-09-04T17:31:00,ALLOCATED,ALLOCATED,MEA,SAME_DAY
ORD-002937,DC-11,STANDARD,2026-08-17T12:52:00,2026-08-18T12:52:00,ALLOCATED,EXCEPTION,MEA,SAME_DAY
ORD-002938,DC-11,STANDARD,2026-08-30T22:51:00,2026-08-31T22:51:00,EXCEPTION,EXCEPTION,NA,SAME_DAY
ORD-002939,DC-11,STANDARD,2026-08-06T06:50:00,2026-08-06T14:50:00,SHIPPED,SHIPPED,NA,NEXT_DAY
ORD-002940,DC-06,STANDARD,2026-08-19T03:48:00,2026-08-20T03:48:00,PICKING,HOLD,NA,STANDARD
ORD-002941,DC-02,EXPEDITE,2026-08-20T18:08:00,2026-08-21T02:08:00,EXCEPTION,EXCEPTION,EU,SAME_DAY
ORD-002942,DC-05,EXPEDITE,2026-09-04T01:00:00,2026-09-04T13:00:00,ALLOCATED,EXCEPTION,MEA,SAME_DAY
ORD-002943,DC-08,STANDARD,2026-08-23T03:35:00,2026-08-23T07:35:00,PACKING,PACKING,APAC,NEXT_DAY
ORD-002944,DC-08,STANDARD,2026-08-19T12:28:00,2026-08-19T16:28:00,RELEASED,RELEASED,MEA,NEXT_DAY
ORD-002945,DC-15,CRITICAL,2026-08-19T02:24:00,2026-08-20T02:24:00,SHIPPED,EXCEPTION,EU,SAME_DAY
ORD-002946,DC-18,STANDARD,2026-08-24T14:28:00,2026-08-25T02:28:00,STAGED,STAGED,NA,SAME_DAY
ORD-002947,DC-15,STANDARD,2026-08-29T09:45:00,2026-08-30T09:45:00,PACKING,EXCEPTION,NA,STANDARD
ORD-002948,DC-08,STANDARD,2026-08-05T20:05:00,2026-08-06T02:05:00,PICKING,EXCEPTION,MEA,NEXT_DAY
ORD-002949,DC-16,STANDARD,2026-08-28T05:59:00,2026-08-28T11:59:00,EXCEPTION,HOLD,NA,SAME_DAY
ORD-002950,DC-07,STANDARD,2026-08-10T19:09:00,2026-08-11T01:09:00,ALLOCATED,HOLD,EU,STANDARD
ORD-002951,DC-08,STANDARD,2026-08-10T19:50:00,2026-08-11T03:50:00,SHIPPED,HOLD,EU,SAME_DAY
ORD-002952,DC-12,STANDARD,2026-08-01T10:19:00,2026-08-01T14:19:00,ALLOCATED,ALLOCATED,MEA,NEXT_DAY
ORD-002953,DC-07,STANDARD,2026-08-13T18:42:00,2026-08-14T18:42:00,SHIPPED,EXCEPTION,MEA,STANDARD
ORD-002954,DC-01,STANDARD,2026-08-18T02:44:00,2026-08-19T02:44:00,ALLOCATED,EXCEPTION,NA,NEXT_DAY
ORD-002955,DC-08,STANDARD,2026-08-18T10:31:00,2026-08-19T10:31:00,EXCEPTION,EXCEPTION,NA,SAME_DAY
ORD-002956,DC-10,STANDARD,2026-09-01T20:24:00,2026-09-02T08:24:00,ALLOCATED,HOLD,LATAM,NEXT_DAY
ORD-002957,DC-02,STANDARD,2026-08-08T02:12:00,2026-08-08T08:12:00,PACKING,HOLD,APAC,STANDARD
ORD-002958,DC-17,STANDARD,2026-08-15T12:46:00,2026-08-16T00:46:00,PICKING,PICKING,APAC,SAME_DAY
ORD-002959,DC-11,STANDARD,2026-08-12T06:10:00,2026-08-12T14:10:00,SHIPPED,SHIPPED,MEA,NEXT_DAY
ORD-002960,DC-06,EXPEDITE,2026-09-02T12:40:00,2026-09-02T18:40:00,SHIPPED,SHIPPED,EU,STANDARD
ORD-002961,DC-05,CRITICAL,2026-08-31T10:47:00,2026-08-31T14:47:00,RELEASED,RELEASED,MEA,NEXT_DAY
ORD-002962,DC-01,STANDARD,2026-08-11T11:09:00,2026-08-11T15:09:00,RELEASED,EXCEPTION,MEA,SAME_DAY
ORD-002963,DC-07,STANDARD,2026-08-05T07:15:00,2026-08-06T07:15:00,SHIPPED,SHIPPED,LATAM,STANDARD
ORD-002964,DC-03,EXPEDITE,2026-08-03T01:08:00,2026-08-03T09:08:00,EXCEPTION,EXCEPTION,APAC,SAME_DAY
ORD-002965,DC-16,STANDARD,2026-08-09T15:05:00,2026-08-09T23:05:00,PACKING,HOLD,LATAM,SAME_DAY
ORD-002966,DC-08,STANDARD,2026-08-03T20:06:00,2026-08-04T02:06:00,STAGED,STAGED,EU,STANDARD
ORD-002967,DC-04,EXPEDITE,2026-08-18T03:20:00,2026-08-18T11:20:00,EXCEPTION,EXCEPTION,EU,STANDARD
ORD-002968,DC-02,CRITICAL,2026-08-30T23:35:00,2026-08-31T03:35:00,ALLOCATED,ALLOCATED,EU,STANDARD
ORD-002969,DC-15,STANDARD,2026-08-24T01:35:00,2026-08-24T07:35:00,PICKING,PICKING,NA,NEXT_DAY
ORD-002970,DC-14,STANDARD,2026-09-01T13:19:00,2026-09-01T19:19:00,PICKING,HOLD,APAC,SAME_DAY
ORD-002971,DC-18,STANDARD,2026-09-02T13:19:00,2026-09-03T01:19:00,SHIPPED,SHIPPED,LATAM,NEXT_DAY
ORD-002972,DC-13,STANDARD,2026-08-21T08:03:00,2026-08-21T20:03:00,STAGED,STAGED,EU,STANDARD
ORD-002973,DC-08,STANDARD,2026-08-31T08:36:00,2026-08-31T14:36:00,STAGED,STAGED,MEA,SAME_DAY
ORD-002974,DC-03,CRITICAL,2026-08-28T11:31:00,2026-08-28T19:31:00,SHIPPED,HOLD,NA,NEXT_DAY
ORD-002975,DC-12,STANDARD,2026-08-02T07:03:00,2026-08-02T11:03:00,EXCEPTION,HOLD,NA,NEXT_DAY
ORD-002976,DC-11,STANDARD,2026-08-20T16:29:00,2026-08-21T04:29:00,STAGED,STAGED,EU,SAME_DAY
ORD-002977,DC-12,STANDARD,2026-08-12T00:48:00,2026-08-13T00:48:00,STAGED,HOLD,MEA,NEXT_DAY
ORD-002978,DC-14,STANDARD,2026-08-15T23:34:00,2026-08-16T23:34:00,PACKING,PACKING,MEA,SAME_DAY
ORD-002979,DC-10,STANDARD,2026-08-22T07:27:00,2026-08-22T19:27:00,SHIPPED,HOLD,MEA,SAME_DAY
ORD-002980,DC-08,STANDARD,2026-08-30T09:10:00,2026-08-31T09:10:00,PACKING,PACKING,MEA,SAME_DAY
ORD-002981,DC-11,EXPEDITE,2026-08-12T10:19:00,2026-08-12T14:19:00,SHIPPED,HOLD,NA,NEXT_DAY
ORD-002982,DC-05,STANDARD,2026-08-04T23:23:00,2026-08-05T11:23:00,PICKING,PICKING,MEA,SAME_DAY
ORD-002983,DC-18,STANDARD,2026-08-16T01:58:00,2026-08-17T01:58:00,ALLOCATED,EXCEPTION,EU,SAME_DAY
ORD-002984,DC-04,STANDARD,2026-08-15T13:34:00,2026-08-15T19:34:00,STAGED,STAGED,APAC,NEXT_DAY
ORD-002985,DC-03,STANDARD,2026-08-14T12:31:00,2026-08-14T20:31:00,RELEASED,RELEASED,EU,SAME_DAY
ORD-002986,DC-17,STANDARD,2026-08-20T23:14:00,2026-08-21T23:14:00,ALLOCATED,ALLOCATED,APAC,NEXT_DAY
ORD-002987,DC-14,STANDARD,2026-08-13T10:38:00,2026-08-13T18:38:00,PICKING,PICKING,MEA,NEXT_DAY
ORD-002988,DC-07,STANDARD,2026-08-03T04:05:00,2026-08-03T08:05:00,SHIPPED,EXCEPTION,MEA,NEXT_DAY
ORD-002989,DC-14,STANDARD,2026-09-01T21:00:00,2026-09-02T01:00:00,STAGED,STAGED,EU,SAME_DAY
ORD-002990,DC-10,EXPEDITE,2026-08-03T20:49:00,2026-08-04T04:49:00,ALLOCATED,EXCEPTION,APAC,STANDARD
ORD-002991,DC-04,STANDARD,2026-08-08T18:05:00,2026-08-09T02:05:00,ALLOCATED,ALLOCATED,LATAM,NEXT_DAY
ORD-002992,DC-07,CRITICAL,2026-08-16T10:29:00,2026-08-16T18:29:00,SHIPPED,SHIPPED,EU,STANDARD
ORD-002993,DC-07,STANDARD,2026-08-26T01:21:00,2026-08-26T13:21:00,ALLOCATED,ALLOCATED,EU,SAME_DAY
ORD-002994,DC-07,STANDARD,2026-08-13T20:54:00,2026-08-14T02:54:00,SHIPPED,SHIPPED,MEA,SAME_DAY
ORD-002995,DC-02,STANDARD,2026-08-20T15:30:00,2026-08-20T23:30:00,PACKING,PACKING,MEA,SAME_DAY
ORD-002996,DC-10,EXPEDITE,2026-08-23T08:53:00,2026-08-23T12:53:00,STAGED,HOLD,APAC,NEXT_DAY
ORD-002997,DC-03,STANDARD,2026-08-02T09:27:00,2026-08-02T15:27:00,PACKING,EXCEPTION,APAC,NEXT_DAY
ORD-002998,DC-16,STANDARD,2026-08-05T21:44:00,2026-08-06T01:44:00,SHIPPED,SHIPPED,EU,STANDARD
ORD-002999,DC-05,STANDARD,2026-08-10T14:04:00,2026-08-10T20:04:00,STAGED,EXCEPTION,NA,SAME_DAY
ORD-003000,DC-08,EXPEDITE,2026-08-28T08:51:00,2026-08-28T12:51:00,STAGED,STAGED,APAC,STANDARD
ORD-003001,DC-17,EXPEDITE,2026-09-02T14:34:00,2026-09-02T18:34:00,EXCEPTION,HOLD,EU,NEXT_DAY
ORD-003002,DC-10,STANDARD,2026-08-14T08:23:00,2026-08-15T08:23:00,PACKING,HOLD,MEA,SAME_DAY
ORD-003003,DC-07,CRITICAL,2026-08-21T05:25:00,2026-08-21T11:25:00,SHIPPED,SHIPPED,MEA,NEXT_DAY
ORD-003004,DC-05,STANDARD,2026-08-27T06:22:00,2026-08-27T12:22:00,ALLOCATED,ALLOCATED,NA,STANDARD
ORD-003005,DC-11,STANDARD,2026-08-15T02:51:00,2026-08-15T10:51:00,ALLOCATED,ALLOCATED,LATAM,STANDARD
ORD-003006,DC-07,STANDARD,2026-09-01T10:20:00,2026-09-01T22:20:00,SHIPPED,HOLD,EU,STANDARD
ORD-003007,DC-01,STANDARD,2026-08-04T11:06:00,2026-08-04T17:06:00,PACKING,PACKING,EU,NEXT_DAY
ORD-003008,DC-13,CRITICAL,2026-08-28T08:53:00,2026-08-28T16:53:00,STAGED,EXCEPTION,APAC,STANDARD
ORD-003009,DC-11,EXPEDITE,2026-08-11T02:16:00,2026-08-11T14:16:00,PACKING,PACKING,EU,NEXT_DAY
ORD-003010,DC-02,STANDARD,2026-08-12T16:27:00,2026-08-13T00:27:00,PICKING,PICKING,MEA,STANDARD
ORD-003011,DC-09,STANDARD,2026-08-14T08:23:00,2026-08-14T14:23:00,PACKING,EXCEPTION,MEA,NEXT_DAY
ORD-003012,DC-12,STANDARD,2026-08-13T23:08:00,2026-08-14T11:08:00,PICKING,PICKING,EU,SAME_DAY
ORD-003013,DC-15,STANDARD,2026-08-28T12:52:00,2026-08-29T12:52:00,PACKING,PACKING,NA,SAME_DAY
ORD-003014,DC-06,STANDARD,2026-08-18T12:36:00,2026-08-19T12:36:00,PICKING,PICKING,LATAM,NEXT_DAY
ORD-003015,DC-01,STANDARD,2026-08-25T15:56:00,2026-08-25T23:56:00,PICKING,PICKING,LATAM,SAME_DAY
ORD-003016,DC-03,STANDARD,2026-08-18T05:32:00,2026-08-18T17:32:00,EXCEPTION,EXCEPTION,MEA,STANDARD
ORD-003017,DC-09,EXPEDITE,2026-08-02T13:35:00,2026-08-02T21:35:00,ALLOCATED,ALLOCATED,APAC,NEXT_DAY
ORD-003018,DC-17,EXPEDITE,2026-08-13T22:41:00,2026-08-14T22:41:00,SHIPPED,SHIPPED,EU,SAME_DAY
ORD-003019,DC-16,STANDARD,2026-09-04T08:04:00,2026-09-04T20:04:00,PICKING,PICKING,EU,STANDARD
ORD-003020,DC-02,STANDARD,2026-08-15T06:00:00,2026-08-15T14:00:00,PICKING,PICKING,LATAM,SAME_DAY
ORD-003021,DC-06,STANDARD,2026-08-09T10:15:00,2026-08-09T14:15:00,RELEASED,EXCEPTION,NA,STANDARD
ORD-003022,DC-12,STANDARD,2026-08-07T23:27:00,2026-08-08T11:27:00,PACKING,PACKING,EU,STANDARD
ORD-003023,DC-09,STANDARD,2026-08-04T08:28:00,2026-08-05T08:28:00,EXCEPTION,HOLD,MEA,STANDARD
ORD-003024,DC-11,STANDARD,2026-08-16T13:21:00,2026-08-16T21:21:00,SHIPPED,SHIPPED,MEA,STANDARD
ORD-003025,DC-09,EXPEDITE,2026-08-19T17:29:00,2026-08-19T23:29:00,ALLOCATED,HOLD,APAC,STANDARD
ORD-003026,DC-09,STANDARD,2026-08-24T19:54:00,2026-08-25T03:54:00,STAGED,EXCEPTION,MEA,SAME_DAY
ORD-003027,DC-05,EXPEDITE,2026-08-12T21:49:00,2026-08-13T21:49:00,EXCEPTION,EXCEPTION,NA,STANDARD
ORD-003028,DC-10,STANDARD,2026-08-08T02:07:00,2026-08-08T10:07:00,ALLOCATED,ALLOCATED,MEA,NEXT_DAY
ORD-003029,DC-09,STANDARD,2026-08-24T11:17:00,2026-08-25T11:17:00,STAGED,STAGED,APAC,STANDARD
ORD-003030,DC-15,STANDARD,2026-08-12T06:16:00,2026-08-12T14:16:00,PACKING,PACKING,LATAM,STANDARD
ORD-003031,DC-11,EXPEDITE,2026-08-31T22:04:00,2026-09-01T06:04:00,STAGED,HOLD,APAC,NEXT_DAY
ORD-003032,DC-09,EXPEDITE,2026-08-11T04:36:00,2026-08-11T08:36:00,RELEASED,HOLD,EU,NEXT_DAY
ORD-003033,DC-12,STANDARD,2026-08-14T03:54:00,2026-08-14T11:54:00,PICKING,HOLD,LATAM,STANDARD
ORD-003034,DC-13,STANDARD,2026-08-22T03:50:00,2026-08-22T07:50:00,ALLOCATED,ALLOCATED,NA,STANDARD
ORD-003035,DC-04,STANDARD,2026-08-14T10:18:00,2026-08-14T18:18:00,ALLOCATED,HOLD,EU,STANDARD
ORD-003036,DC-01,STANDARD,2026-08-07T21:52:00,2026-08-08T21:52:00,EXCEPTION,EXCEPTION,APAC,STANDARD
ORD-003037,DC-07,STANDARD,2026-08-01T22:42:00,2026-08-02T02:42:00,ALLOCATED,EXCEPTION,MEA,NEXT_DAY
ORD-003038,DC-15,EXPEDITE,2026-08-27T20:26:00,2026-08-28T08:26:00,RELEASED,EXCEPTION,APAC,NEXT_DAY
ORD-003039,DC-12,EXPEDITE,2026-08-02T09:09:00,2026-08-03T09:09:00,ALLOCATED,HOLD,APAC,NEXT_DAY
ORD-003040,DC-11,STANDARD,2026-08-29T06:30:00,2026-08-30T06:30:00,ALLOCATED,EXCEPTION,LATAM,STANDARD
ORD-003041,DC-05,EXPEDITE,2026-08-21T11:39:00,2026-08-21T19:39:00,RELEASED,EXCEPTION,LATAM,STANDARD
ORD-003042,DC-16,STANDARD,2026-08-30T03:12:00,2026-08-31T03:12:00,PICKING,PICKING,LATAM,NEXT_DAY
ORD-003043,DC-09,STANDARD,2026-09-01T14:34:00,2026-09-01T20:34:00,ALLOCATED,ALLOCATED,LATAM,STANDARD
ORD-003044,DC-03,STANDARD,2026-08-26T09:43:00,2026-08-26T13:43:00,PICKING,HOLD,APAC,SAME_DAY
ORD-003045,DC-07,STANDARD,2026-08-23T08:02:00,2026-08-24T08:02:00,PICKING,PICKING,MEA,STANDARD
ORD-003046,DC-13,STANDARD,2026-08-03T04:55:00,2026-08-03T16:55:00,RELEASED,RELEASED,MEA,SAME_DAY
ORD-003047,DC-10,EXPEDITE,2026-08-17T12:41:00,2026-08-17T16:41:00,STAGED,STAGED,NA,NEXT_DAY
ORD-003048,DC-15,STANDARD,2026-08-06T19:33:00,2026-08-07T07:33:00,EXCEPTION,HOLD,APAC,SAME_DAY
ORD-003049,DC-10,STANDARD,2026-09-03T19:51:00,2026-09-04T01:51:00,PACKING,PACKING,APAC,SAME_DAY
ORD-003050,DC-16,STANDARD,2026-08-18T17:17:00,2026-08-18T21:17:00,RELEASED,EXCEPTION,MEA,SAME_DAY
ORD-003051,DC-11,EXPEDITE,2026-08-31T10:24:00,2026-08-31T18:24:00,SHIPPED,SHIPPED,MEA,SAME_DAY
ORD-003052,DC-12,STANDARD,2026-08-28T08:00:00,2026-08-28T20:00:00,PICKING,HOLD,MEA,STANDARD
ORD-003053,DC-01,STANDARD,2026-08-10T05:34:00,2026-08-10T17:34:00,SHIPPED,SHIPPED,APAC,SAME_DAY
ORD-003054,DC-09,STANDARD,2026-08-14T12:47:00,2026-08-15T00:47:00,SHIPPED,SHIPPED,EU,NEXT_DAY
ORD-003055,DC-11,EXPEDITE,2026-08-25T01:08:00,2026-08-25T09:08:00,EXCEPTION,HOLD,APAC,NEXT_DAY
ORD-003056,DC-11,STANDARD,2026-08-04T15:52:00,2026-08-05T03:52:00,PACKING,PACKING,LATAM,STANDARD
ORD-003057,DC-13,EXPEDITE,2026-08-04T05:18:00,2026-08-05T05:18:00,RELEASED,RELEASED,NA,SAME_DAY
ORD-003058,DC-05,EXPEDITE,2026-08-10T19:53:00,2026-08-11T01:53:00,ALLOCATED,ALLOCATED,MEA,STANDARD
ORD-003059,DC-14,CRITICAL,2026-08-15T22:59:00,2026-08-16T02:59:00,PACKING,PACKING,NA,SAME_DAY
ORD-003060,DC-15,STANDARD,2026-08-13T01:56:00,2026-08-13T09:56:00,ALLOCATED,HOLD,APAC,SAME_DAY
ORD-003061,DC-18,STANDARD,2026-08-28T03:22:00,2026-08-29T03:22:00,ALLOCATED,ALLOCATED,LATAM,STANDARD
ORD-003062,DC-06,STANDARD,2026-08-31T02:34:00,2026-08-31T08:34:00,PACKING,EXCEPTION,MEA,SAME_DAY
ORD-003063,DC-09,STANDARD,2026-08-20T08:34:00,2026-08-20T12:34:00,SHIPPED,SHIPPED,LATAM,STANDARD
ORD-003064,DC-09,CRITICAL,2026-08-18T05:07:00,2026-08-18T09:07:00,PICKING,EXCEPTION,APAC,NEXT_DAY
ORD-003065,DC-04,EXPEDITE,2026-08-12T18:39:00,2026-08-13T02:39:00,PICKING,PICKING,MEA,NEXT_DAY
ORD-003066,DC-18,EXPEDITE,2026-08-10T05:56:00,2026-08-10T13:56:00,SHIPPED,SHIPPED,LATAM,STANDARD
ORD-003067,DC-04,STANDARD,2026-08-02T03:00:00,2026-08-02T09:00:00,PICKING,EXCEPTION,APAC,NEXT_DAY
ORD-003068,DC-01,STANDARD,2026-08-07T23:23:00,2026-08-08T07:23:00,STAGED,STAGED,EU,NEXT_DAY
ORD-003069,DC-09,EXPEDITE,2026-08-20T02:46:00,2026-08-20T14:46:00,PICKING,PICKING,LATAM,NEXT_DAY
ORD-003070,DC-01,STANDARD,2026-08-01T17:22:00,2026-08-02T17:22:00,SHIPPED,SHIPPED,APAC,STANDARD
ORD-003071,DC-11,EXPEDITE,2026-08-31T10:14:00,2026-08-31T18:14:00,SHIPPED,HOLD,NA,SAME_DAY
ORD-003072,DC-17,STANDARD,2026-08-24T13:59:00,2026-08-24T17:59:00,STAGED,HOLD,LATAM,STANDARD
ORD-003073,DC-04,STANDARD,2026-08-26T01:33:00,2026-08-26T13:33:00,ALLOCATED,ALLOCATED,LATAM,STANDARD
ORD-003074,DC-06,CRITICAL,2026-09-02T00:42:00,2026-09-02T12:42:00,EXCEPTION,EXCEPTION,EU,NEXT_DAY
ORD-003075,DC-16,STANDARD,2026-09-01T14:05:00,2026-09-02T14:05:00,SHIPPED,SHIPPED,MEA,NEXT_DAY
ORD-003076,DC-06,STANDARD,2026-08-02T11:20:00,2026-08-02T15:20:00,SHIPPED,SHIPPED,NA,STANDARD
ORD-003077,DC-15,EXPEDITE,2026-08-31T15:11:00,2026-08-31T21:11:00,STAGED,HOLD,MEA,STANDARD
ORD-003078,DC-03,EXPEDITE,2026-08-24T02:33:00,2026-08-24T10:33:00,STAGED,STAGED,APAC,STANDARD
ORD-003079,DC-05,STANDARD,2026-08-01T16:17:00,2026-08-02T16:17:00,PACKING,EXCEPTION,APAC,NEXT_DAY
ORD-003080,DC-06,STANDARD,2026-08-11T10:13:00,2026-08-12T10:13:00,PACKING,EXCEPTION,MEA,STANDARD
ORD-003081,DC-01,STANDARD,2026-08-31T10:15:00,2026-08-31T18:15:00,STAGED,HOLD,NA,STANDARD
ORD-003082,DC-11,STANDARD,2026-08-06T08:11:00,2026-08-06T12:11:00,RELEASED,HOLD,LATAM,STANDARD
ORD-003083,DC-17,STANDARD,2026-08-29T04:41:00,2026-08-29T16:41:00,SHIPPED,SHIPPED,LATAM,STANDARD
ORD-003084,DC-06,STANDARD,2026-09-01T07:44:00,2026-09-01T19:44:00,ALLOCATED,ALLOCATED,EU,NEXT_DAY
ORD-003085,DC-09,STANDARD,2026-08-26T07:36:00,2026-08-26T19:36:00,SHIPPED,HOLD,MEA,SAME_DAY
ORD-003086,DC-04,STANDARD,2026-08-01T14:04:00,2026-08-02T02:04:00,EXCEPTION,EXCEPTION,EU,NEXT_DAY
ORD-003087,DC-02,EXPEDITE,2026-08-09T04:22:00,2026-08-09T10:22:00,PACKING,HOLD,LATAM,SAME_DAY
ORD-003088,DC-05,STANDARD,2026-08-29T19:03:00,2026-08-30T03:03:00,ALLOCATED,ALLOCATED,EU,NEXT_DAY
ORD-003089,DC-14,CRITICAL,2026-08-03T03:05:00,2026-08-03T11:05:00,PACKING,PACKING,APAC,STANDARD
ORD-003090,DC-01,CRITICAL,2026-08-10T02:58:00,2026-08-10T06:58:00,PICKING,PICKING,APAC,NEXT_DAY
ORD-003091,DC-07,STANDARD,2026-08-22T15:35:00,2026-08-23T15:35:00,ALLOCATED,ALLOCATED,LATAM,SAME_DAY
ORD-003092,DC-13,STANDARD,2026-08-22T12:27:00,2026-08-23T12:27:00,PACKING,PACKING,LATAM,SAME_DAY
ORD-003093,DC-16,EXPEDITE,2026-08-22T23:51:00,2026-08-23T05:51:00,PACKING,PACKING,MEA,NEXT_DAY
ORD-003094,DC-07,STANDARD,2026-08-13T18:04:00,2026-08-14T18:04:00,RELEASED,RELEASED,APAC,STANDARD
ORD-003095,DC-12,CRITICAL,2026-09-02T10:40:00,2026-09-03T10:40:00,EXCEPTION,HOLD,NA,STANDARD
ORD-003096,DC-18,STANDARD,2026-08-23T03:46:00,2026-08-23T15:46:00,RELEASED,HOLD,NA,NEXT_DAY
ORD-003097,DC-01,STANDARD,2026-08-12T05:18:00,2026-08-12T11:18:00,ALLOCATED,EXCEPTION,NA,NEXT_DAY
ORD-003098,DC-02,STANDARD,2026-08-30T15:00:00,2026-08-30T23:00:00,PACKING,PACKING,NA,SAME_DAY
ORD-003099,DC-07,STANDARD,2026-09-01T14:13:00,2026-09-01T20:13:00,EXCEPTION,EXCEPTION,EU,STANDARD
ORD-003100,DC-06,STANDARD,2026-08-18T03:22:00,2026-08-18T07:22:00,RELEASED,RELEASED,LATAM,SAME_DAY
ORD-003101,DC-17,EXPEDITE,2026-08-21T02:39:00,2026-08-21T06:39:00,PACKING,PACKING,APAC,STANDARD
ORD-003102,DC-17,STANDARD,2026-08-07T01:42:00,2026-08-07T07:42:00,PACKING,EXCEPTION,LATAM,NEXT_DAY
ORD-003103,DC-12,CRITICAL,2026-08-18T16:17:00,2026-08-18T22:17:00,STAGED,HOLD,MEA,NEXT_DAY
ORD-003104,DC-01,STANDARD,2026-08-27T10:32:00,2026-08-27T14:32:00,RELEASED,RELEASED,APAC,STANDARD
ORD-003105,DC-15,STANDARD,2026-08-01T06:59:00,2026-08-01T10:59:00,RELEASED,HOLD,LATAM,NEXT_DAY
ORD-003106,DC-09,STANDARD,2026-08-12T08:25:00,2026-08-13T08:25:00,SHIPPED,SHIPPED,APAC,SAME_DAY
ORD-003107,DC-03,STANDARD,2026-09-04T21:46:00,2026-09-05T01:46:00,PICKING,PICKING,EU,NEXT_DAY
ORD-003108,DC-15,STANDARD,2026-08-22T19:05:00,2026-08-23T07:05:00,STAGED,EXCEPTION,MEA,STANDARD
ORD-003109,DC-12,STANDARD,2026-08-23T20:06:00,2026-08-24T08:06:00,ALLOCATED,ALLOCATED,NA,STANDARD
ORD-003110,DC-01,STANDARD,2026-08-19T15:12:00,2026-08-20T15:12:00,STAGED,STAGED,APAC,SAME_DAY
ORD-003111,DC-08,STANDARD,2026-08-07T22:13:00,2026-08-08T06:13:00,EXCEPTION,EXCEPTION,NA,NEXT_DAY
ORD-003112,DC-05,STANDARD,2026-08-14T07:44:00,2026-08-14T11:44:00,SHIPPED,EXCEPTION,NA,NEXT_DAY
ORD-003113,DC-15,STANDARD,2026-08-15T07:05:00,2026-08-15T15:05:00,RELEASED,RELEASED,MEA,STANDARD
ORD-003114,DC-18,STANDARD,2026-08-12T19:06:00,2026-08-13T07:06:00,EXCEPTION,EXCEPTION,LATAM,NEXT_DAY
ORD-003115,DC-13,STANDARD,2026-08-25T16:37:00,2026-08-25T22:37:00,PACKING,PACKING,LATAM,SAME_DAY
ORD-003116,DC-03,CRITICAL,2026-08-07T04:13:00,2026-08-08T04:13:00,PACKING,PACKING,NA,NEXT_DAY
ORD-003117,DC-07,STANDARD,2026-08-30T03:13:00,2026-08-30T15:13:00,PACKING,EXCEPTION,EU,SAME_DAY
ORD-003118,DC-06,STANDARD,2026-08-30T13:57:00,2026-08-31T01:57:00,PACKING,PACKING,LATAM,NEXT_DAY
ORD-003119,DC-08,STANDARD,2026-08-22T15:23:00,2026-08-23T03:23:00,ALLOCATED,HOLD,MEA,STANDARD
ORD-003120,DC-18,STANDARD,2026-08-31T17:52:00,2026-09-01T05:52:00,PICKING,PICKING,LATAM,NEXT_DAY
ORD-003121,DC-07,STANDARD,2026-08-16T11:16:00,2026-08-16T19:16:00,PACKING,PACKING,NA,SAME_DAY
ORD-003122,DC-05,STANDARD,2026-09-03T06:53:00,2026-09-03T10:53:00,ALLOCATED,HOLD,EU,SAME_DAY
ORD-003123,DC-12,STANDARD,2026-08-07T16:49:00,2026-08-08T16:49:00,EXCEPTION,HOLD,MEA,NEXT_DAY
ORD-003124,DC-05,STANDARD,2026-08-31T02:50:00,2026-08-31T14:50:00,STAGED,STAGED,EU,NEXT_DAY
ORD-003125,DC-06,CRITICAL,2026-08-17T04:38:00,2026-08-17T08:38:00,STAGED,HOLD,NA,STANDARD
ORD-003126,DC-14,STANDARD,2026-08-18T15:19:00,2026-08-19T03:19:00,EXCEPTION,HOLD,APAC,SAME_DAY
ORD-003127,DC-10,STANDARD,2026-08-24T00:01:00,2026-08-24T06:01:00,PICKING,PICKING,NA,SAME_DAY
ORD-003128,DC-05,EXPEDITE,2026-08-21T15:43:00,2026-08-21T21:43:00,RELEASED,RELEASED,LATAM,NEXT_DAY
ORD-003129,DC-13,STANDARD,2026-08-04T18:49:00,2026-08-05T18:49:00,RELEASED,RELEASED,NA,NEXT_DAY
ORD-003130,DC-16,EXPEDITE,2026-08-18T22:26:00,2026-08-19T02:26:00,ALLOCATED,EXCEPTION,EU,STANDARD
ORD-003131,DC-05,CRITICAL,2026-09-03T05:47:00,2026-09-03T11:47:00,ALLOCATED,EXCEPTION,APAC,NEXT_DAY
ORD-003132,DC-07,STANDARD,2026-08-30T18:39:00,2026-08-30T22:39:00,ALLOCATED,ALLOCATED,APAC,NEXT_DAY
ORD-003133,DC-12,EXPEDITE,2026-08-05T18:38:00,2026-08-06T06:38:00,PICKING,PICKING,NA,STANDARD
ORD-003134,DC-13,EXPEDITE,2026-08-30T04:21:00,2026-08-30T10:21:00,SHIPPED,SHIPPED,APAC,NEXT_DAY
ORD-003135,DC-14,STANDARD,2026-08-29T20:15:00,2026-08-30T04:15:00,RELEASED,HOLD,EU,STANDARD
ORD-003136,DC-10,STANDARD,2026-09-04T07:34:00,2026-09-05T07:34:00,SHIPPED,SHIPPED,LATAM,SAME_DAY
ORD-003137,DC-05,STANDARD,2026-08-08T12:00:00,2026-08-09T12:00:00,SHIPPED,SHIPPED,LATAM,SAME_DAY
ORD-003138,DC-11,STANDARD,2026-08-21T22:08:00,2026-08-22T22:08:00,RELEASED,HOLD,APAC,NEXT_DAY
ORD-003139,DC-14,EXPEDITE,2026-08-18T05:46:00,2026-08-18T13:46:00,EXCEPTION,HOLD,MEA,STANDARD
ORD-003140,DC-08,STANDARD,2026-08-10T16:44:00,2026-08-11T16:44:00,PACKING,PACKING,EU,STANDARD
ORD-003141,DC-15,STANDARD,2026-08-26T12:41:00,2026-08-27T12:41:00,EXCEPTION,EXCEPTION,NA,NEXT_DAY
ORD-003142,DC-18,STANDARD,2026-09-01T12:24:00,2026-09-01T16:24:00,STAGED,STAGED,APAC,STANDARD
ORD-003143,DC-03,STANDARD,2026-08-16T09:33:00,2026-08-16T21:33:00,STAGED,STAGED,NA,STANDARD
ORD-003144,DC-12,EXPEDITE,2026-08-24T16:47:00,2026-08-24T20:47:00,RELEASED,EXCEPTION,MEA,NEXT_DAY
ORD-003145,DC-14,STANDARD,2026-08-29T03:28:00,2026-08-29T07:28:00,PICKING,EXCEPTION,APAC,STANDARD
ORD-003146,DC-03,STANDARD,2026-08-01T10:19:00,2026-08-01T16:19:00,RELEASED,EXCEPTION,APAC,NEXT_DAY
ORD-003147,DC-09,STANDARD,2026-08-29T13:55:00,2026-08-29T21:55:00,PACKING,EXCEPTION,MEA,SAME_DAY
ORD-003148,DC-10,STANDARD,2026-08-21T15:40:00,2026-08-22T03:40:00,SHIPPED,SHIPPED,APAC,NEXT_DAY
ORD-003149,DC-17,STANDARD,2026-08-28T06:23:00,2026-08-29T06:23:00,EXCEPTION,EXCEPTION,NA,NEXT_DAY
ORD-003150,DC-18,STANDARD,2026-08-20T08:04:00,2026-08-20T20:04:00,PACKING,PACKING,MEA,NEXT_DAY
ORD-003151,DC-16,STANDARD,2026-08-09T03:12:00,2026-08-09T07:12:00,STAGED,STAGED,APAC,NEXT_DAY
ORD-003152,DC-08,CRITICAL,2026-08-17T19:44:00,2026-08-18T03:44:00,EXCEPTION,EXCEPTION,APAC,STANDARD
ORD-003153,DC-07,STANDARD,2026-08-20T10:52:00,2026-08-20T14:52:00,PICKING,PICKING,NA,NEXT_DAY
ORD-003154,DC-08,STANDARD,2026-08-03T00:01:00,2026-08-03T06:01:00,PACKING,PACKING,EU,STANDARD
ORD-003155,DC-17,CRITICAL,2026-09-03T23:52:00,2026-09-04T07:52:00,PACKING,PACKING,EU,STANDARD
ORD-003156,DC-05,CRITICAL,2026-08-04T15:45:00,2026-08-05T15:45:00,PICKING,HOLD,NA,NEXT_DAY
ORD-003157,DC-13,STANDARD,2026-08-30T01:40:00,2026-08-30T13:40:00,PACKING,PACKING,NA,NEXT_DAY
ORD-003158,DC-11,EXPEDITE,2026-08-08T22:57:00,2026-08-09T06:57:00,SHIPPED,SHIPPED,APAC,SAME_DAY
ORD-003159,DC-07,STANDARD,2026-09-02T16:34:00,2026-09-03T00:34:00,STAGED,STAGED,MEA,SAME_DAY
ORD-003160,DC-13,STANDARD,2026-08-13T08:24:00,2026-08-13T16:24:00,ALLOCATED,ALLOCATED,NA,SAME_DAY
ORD-003161,DC-08,STANDARD,2026-08-09T04:38:00,2026-08-09T16:38:00,ALLOCATED,ALLOCATED,APAC,STANDARD
ORD-003162,DC-13,STANDARD,2026-08-10T12:08:00,2026-08-10T18:08:00,ALLOCATED,ALLOCATED,EU,NEXT_DAY
ORD-003163,DC-16,STANDARD,2026-08-20T09:06:00,2026-08-20T17:06:00,SHIPPED,HOLD,EU,STANDARD
ORD-003164,DC-04,STANDARD,2026-08-26T19:20:00,2026-08-26T23:20:00,PICKING,PICKING,APAC,SAME_DAY
ORD-003165,DC-10,STANDARD,2026-08-08T16:37:00,2026-08-09T00:37:00,ALLOCATED,ALLOCATED,EU,SAME_DAY
ORD-003166,DC-05,STANDARD,2026-08-16T05:42:00,2026-08-16T09:42:00,SHIPPED,SHIPPED,LATAM,SAME_DAY
ORD-003167,DC-05,STANDARD,2026-08-13T22:07:00,2026-08-14T04:07:00,PACKING,EXCEPTION,MEA,STANDARD
ORD-003168,DC-09,STANDARD,2026-09-01T09:19:00,2026-09-01T17:19:00,STAGED,STAGED,NA,NEXT_DAY
ORD-003169,DC-10,STANDARD,2026-08-17T16:20:00,2026-08-18T04:20:00,PICKING,PICKING,EU,NEXT_DAY
ORD-003170,DC-18,CRITICAL,2026-08-11T20:03:00,2026-08-12T02:03:00,PACKING,HOLD,NA,STANDARD
ORD-003171,DC-11,STANDARD,2026-08-20T22:41:00,2026-08-21T02:41:00,RELEASED,EXCEPTION,APAC,NEXT_DAY
ORD-003172,DC-17,STANDARD,2026-08-27T13:03:00,2026-08-27T17:03:00,STAGED,HOLD,NA,NEXT_DAY
ORD-003173,DC-05,EXPEDITE,2026-09-03T17:16:00,2026-09-03T21:16:00,EXCEPTION,EXCEPTION,EU,NEXT_DAY
ORD-003174,DC-03,STANDARD,2026-08-11T05:13:00,2026-08-12T05:13:00,RELEASED,RELEASED,APAC,SAME_DAY
ORD-003175,DC-16,STANDARD,2026-08-05T00:33:00,2026-08-05T06:33:00,EXCEPTION,EXCEPTION,LATAM,NEXT_DAY
ORD-003176,DC-16,STANDARD,2026-08-31T05:52:00,2026-08-31T13:52:00,ALLOCATED,HOLD,LATAM,SAME_DAY
ORD-003177,DC-03,STANDARD,2026-08-22T10:41:00,2026-08-22T16:41:00,STAGED,STAGED,MEA,NEXT_DAY
ORD-003178,DC-11,STANDARD,2026-08-02T01:34:00,2026-08-02T07:34:00,PICKING,PICKING,EU,NEXT_DAY
ORD-003179,DC-09,STANDARD,2026-08-04T17:31:00,2026-08-04T23:31:00,STAGED,STAGED,MEA,NEXT_DAY
ORD-003180,DC-17,STANDARD,2026-08-29T21:33:00,2026-08-30T21:33:00,PACKING,HOLD,APAC,STANDARD
ORD-003181,DC-01,STANDARD,2026-08-16T02:25:00,2026-08-16T06:25:00,PACKING,PACKING,NA,NEXT_DAY
ORD-003182,DC-01,EXPEDITE,2026-08-28T15:23:00,2026-08-28T23:23:00,ALLOCATED,ALLOCATED,MEA,STANDARD
ORD-003183,DC-14,CRITICAL,2026-08-10T14:40:00,2026-08-10T20:40:00,RELEASED,RELEASED,APAC,NEXT_DAY
ORD-003184,DC-03,EXPEDITE,2026-09-03T21:32:00,2026-09-04T03:32:00,EXCEPTION,EXCEPTION,NA,STANDARD
ORD-003185,DC-02,STANDARD,2026-08-02T01:11:00,2026-08-02T07:11:00,EXCEPTION,EXCEPTION,NA,SAME_DAY
ORD-003186,DC-18,STANDARD,2026-08-03T18:27:00,2026-08-04T18:27:00,SHIPPED,HOLD,EU,STANDARD
ORD-003187,DC-07,CRITICAL,2026-08-26T06:19:00,2026-08-26T10:19:00,RELEASED,HOLD,MEA,NEXT_DAY
ORD-003188,DC-13,CRITICAL,2026-08-16T13:26:00,2026-08-17T13:26:00,RELEASED,RELEASED,NA,STANDARD
ORD-003189,DC-12,EXPEDITE,2026-08-31T17:18:00,2026-09-01T05:18:00,SHIPPED,EXCEPTION,LATAM,NEXT_DAY
ORD-003190,DC-13,STANDARD,2026-08-18T14:12:00,2026-08-19T02:12:00,ALLOCATED,ALLOCATED,APAC,NEXT_DAY
ORD-003191,DC-18,STANDARD,2026-08-05T11:32:00,2026-08-06T11:32:00,ALLOCATED,HOLD,MEA,STANDARD
ORD-003192,DC-17,STANDARD,2026-08-06T12:00:00,2026-08-06T18:00:00,PACKING,PACKING,NA,NEXT_DAY
ORD-003193,DC-08,STANDARD,2026-08-27T00:29:00,2026-08-27T06:29:00,ALLOCATED,ALLOCATED,EU,NEXT_DAY
ORD-003194,DC-09,STANDARD,2026-08-21T19:26:00,2026-08-21T23:26:00,EXCEPTION,EXCEPTION,LATAM,STANDARD
ORD-003195,DC-13,EXPEDITE,2026-08-09T22:20:00,2026-08-10T22:20:00,PACKING,PACKING,APAC,NEXT_DAY
ORD-003196,DC-08,STANDARD,2026-08-27T05:50:00,2026-08-27T13:50:00,PICKING,PICKING,NA,SAME_DAY
ORD-003197,DC-04,STANDARD,2026-09-04T04:32:00,2026-09-04T12:32:00,ALLOCATED,ALLOCATED,EU,STANDARD
ORD-003198,DC-03,STANDARD,2026-08-16T05:59:00,2026-08-16T17:59:00,EXCEPTION,HOLD,APAC,NEXT_DAY
ORD-003199,DC-04,STANDARD,2026-08-10T17:36:00,2026-08-11T17:36:00,STAGED,STAGED,NA,SAME_DAY
ORD-003200,DC-17,STANDARD,2026-08-14T15:26:00,2026-08-14T19:26:00,PICKING,PICKING,APAC,STANDARD
ORD-003201,DC-18,STANDARD,2026-08-16T13:11:00,2026-08-16T21:11:00,ALLOCATED,ALLOCATED,LATAM,SAME_DAY
ORD-003202,DC-18,STANDARD,2026-08-03T16:19:00,2026-08-03T22:19:00,RELEASED,HOLD,NA,STANDARD
ORD-003203,DC-13,CRITICAL,2026-08-02T16:10:00,2026-08-03T04:10:00,STAGED,STAGED,LATAM,SAME_DAY
ORD-003204,DC-12,CRITICAL,2026-08-18T14:52:00,2026-08-18T20:52:00,EXCEPTION,EXCEPTION,LATAM,SAME_DAY
ORD-003205,DC-14,STANDARD,2026-08-13T17:11:00,2026-08-13T21:11:00,SHIPPED,HOLD,MEA,NEXT_DAY
ORD-003206,DC-12,STANDARD,2026-09-03T00:17:00,2026-09-03T08:17:00,EXCEPTION,EXCEPTION,LATAM,NEXT_DAY
ORD-003207,DC-09,CRITICAL,2026-09-02T06:23:00,2026-09-02T14:23:00,ALLOCATED,ALLOCATED,EU,SAME_DAY
ORD-003208,DC-12,STANDARD,2026-08-28T09:34:00,2026-08-29T09:34:00,PICKING,PICKING,APAC,SAME_DAY
ORD-003209,DC-03,STANDARD,2026-08-18T08:51:00,2026-08-18T16:51:00,EXCEPTION,EXCEPTION,LATAM,NEXT_DAY
ORD-003210,DC-06,STANDARD,2026-08-15T01:18:00,2026-08-15T07:18:00,RELEASED,RELEASED,MEA,NEXT_DAY
ORD-003211,DC-18,STANDARD,2026-08-26T11:30:00,2026-08-26T19:30:00,RELEASED,HOLD,APAC,STANDARD
ORD-003212,DC-11,STANDARD,2026-08-13T08:40:00,2026-08-14T08:40:00,RELEASED,HOLD,EU,NEXT_DAY
ORD-003213,DC-17,STANDARD,2026-08-23T08:32:00,2026-08-23T16:32:00,PICKING,PICKING,NA,SAME_DAY
ORD-003214,DC-05,STANDARD,2026-08-06T07:33:00,2026-08-06T13:33:00,PICKING,PICKING,LATAM,NEXT_DAY
ORD-003215,DC-15,EXPEDITE,2026-08-11T01:50:00,2026-08-11T05:50:00,STAGED,STAGED,APAC,SAME_DAY
ORD-003216,DC-07,STANDARD,2026-08-12T12:37:00,2026-08-12T16:37:00,PICKING,PICKING,APAC,SAME_DAY
ORD-003217,DC-12,STANDARD,2026-08-21T22:54:00,2026-08-22T02:54:00,SHIPPED,EXCEPTION,NA,NEXT_DAY
ORD-003218,DC-06,STANDARD,2026-08-06T16:36:00,2026-08-06T20:36:00,RELEASED,RELEASED,MEA,SAME_DAY
ORD-003219,DC-14,CRITICAL,2026-08-22T16:42:00,2026-08-23T16:42:00,EXCEPTION,EXCEPTION,EU,STANDARD
ORD-003220,DC-02,STANDARD,2026-08-26T07:05:00,2026-08-26T15:05:00,SHIPPED,SHIPPED,APAC,NEXT_DAY
ORD-003221,DC-06,CRITICAL,2026-08-25T02:18:00,2026-08-25T06:18:00,PACKING,HOLD,NA,SAME_DAY
ORD-003222,DC-16,STANDARD,2026-08-22T20:27:00,2026-08-23T00:27:00,SHIPPED,HOLD,LATAM,SAME_DAY
ORD-003223,DC-02,STANDARD,2026-08-05T06:02:00,2026-08-05T12:02:00,PACKING,HOLD,EU,SAME_DAY
ORD-003224,DC-11,STANDARD,2026-08-08T16:58:00,2026-08-09T16:58:00,SHIPPED,SHIPPED,LATAM,NEXT_DAY
ORD-003225,DC-04,CRITICAL,2026-08-17T16:08:00,2026-08-18T04:08:00,PACKING,PACKING,NA,SAME_DAY
ORD-003226,DC-07,STANDARD,2026-08-25T03:22:00,2026-08-25T11:22:00,PACKING,EXCEPTION,MEA,STANDARD
ORD-003227,DC-11,STANDARD,2026-08-15T07:40:00,2026-08-16T07:40:00,ALLOCATED,HOLD,APAC,NEXT_DAY
ORD-003228,DC-14,STANDARD,2026-08-04T10:19:00,2026-08-04T14:19:00,EXCEPTION,EXCEPTION,APAC,STANDARD
ORD-003229,DC-04,EXPEDITE,2026-08-07T20:55:00,2026-08-08T20:55:00,SHIPPED,SHIPPED,LATAM,NEXT_DAY
ORD-003230,DC-10,CRITICAL,2026-08-08T18:13:00,2026-08-09T00:13:00,SHIPPED,HOLD,NA,NEXT_DAY
ORD-003231,DC-18,STANDARD,2026-08-24T10:22:00,2026-08-25T10:22:00,EXCEPTION,EXCEPTION,MEA,SAME_DAY
ORD-003232,DC-02,CRITICAL,2026-08-19T01:54:00,2026-08-19T07:54:00,EXCEPTION,EXCEPTION,EU,NEXT_DAY
ORD-003233,DC-17,CRITICAL,2026-08-19T20:13:00,2026-08-20T02:13:00,PACKING,EXCEPTION,APAC,SAME_DAY
ORD-003234,DC-18,STANDARD,2026-08-10T05:54:00,2026-08-10T11:54:00,RELEASED,EXCEPTION,NA,NEXT_DAY
ORD-003235,DC-09,EXPEDITE,2026-08-29T18:07:00,2026-08-30T00:07:00,RELEASED,RELEASED,EU,NEXT_DAY
ORD-003236,DC-05,CRITICAL,2026-08-27T08:07:00,2026-08-28T08:07:00,EXCEPTION,EXCEPTION,APAC,NEXT_DAY
ORD-003237,DC-17,CRITICAL,2026-08-27T05:47:00,2026-08-28T05:47:00,RELEASED,RELEASED,LATAM,STANDARD
ORD-003238,DC-11,EXPEDITE,2026-08-13T06:03:00,2026-08-14T06:03:00,EXCEPTION,HOLD,LATAM,SAME_DAY
ORD-003239,DC-15,STANDARD,2026-08-21T09:37:00,2026-08-21T13:37:00,PICKING,PICKING,APAC,STANDARD
ORD-003240,DC-11,STANDARD,2026-08-03T23:04:00,2026-08-04T23:04:00,PICKING,PICKING,MEA,NEXT_DAY
ORD-003241,DC-09,CRITICAL,2026-09-03T19:41:00,2026-09-04T03:41:00,SHIPPED,HOLD,MEA,STANDARD
ORD-003242,DC-11,STANDARD,2026-08-12T12:54:00,2026-08-12T16:54:00,PICKING,PICKING,APAC,NEXT_DAY
ORD-003243,DC-06,STANDARD,2026-08-18T17:02:00,2026-08-18T23:02:00,PICKING,HOLD,APAC,SAME_DAY
ORD-003244,DC-10,STANDARD,2026-08-09T14:20:00,2026-08-10T14:20:00,EXCEPTION,EXCEPTION,EU,STANDARD
ORD-003245,DC-16,EXPEDITE,2026-08-01T14:34:00,2026-08-02T02:34:00,PACKING,EXCEPTION,APAC,SAME_DAY
ORD-003246,DC-17,STANDARD,2026-09-04T06:03:00,2026-09-04T14:03:00,RELEASED,RELEASED,NA,NEXT_DAY
ORD-003247,DC-07,STANDARD,2026-08-06T19:56:00,2026-08-06T23:56:00,PACKING,HOLD,LATAM,SAME_DAY
ORD-003248,DC-18,STANDARD,2026-08-27T06:01:00,2026-08-27T18:01:00,EXCEPTION,EXCEPTION,APAC,STANDARD
ORD-003249,DC-03,STANDARD,2026-08-19T10:33:00,2026-08-19T22:33:00,SHIPPED,SHIPPED,MEA,SAME_DAY
ORD-003250,DC-01,EXPEDITE,2026-09-04T14:57:00,2026-09-05T02:57:00,SHIPPED,SHIPPED,NA,STANDARD
ORD-003251,DC-18,STANDARD,2026-08-17T07:01:00,2026-08-17T11:01:00,EXCEPTION,HOLD,MEA,SAME_DAY
ORD-003252,DC-08,STANDARD,2026-08-31T02:51:00,2026-08-31T06:51:00,ALLOCATED,HOLD,LATAM,STANDARD
ORD-003253,DC-18,EXPEDITE,2026-08-03T00:50:00,2026-08-03T08:50:00,RELEASED,RELEASED,LATAM,SAME_DAY
ORD-003254,DC-06,STANDARD,2026-08-06T14:59:00,2026-08-06T20:59:00,PICKING,HOLD,APAC,SAME_DAY
ORD-003255,DC-02,STANDARD,2026-08-24T06:05:00,2026-08-24T12:05:00,ALLOCATED,ALLOCATED,NA,SAME_DAY
ORD-003256,DC-02,STANDARD,2026-08-02T05:12:00,2026-08-02T17:12:00,RELEASED,RELEASED,EU,SAME_DAY
ORD-003257,DC-05,CRITICAL,2026-08-22T02:11:00,2026-08-23T02:11:00,PICKING,PICKING,NA,STANDARD
ORD-003258,DC-13,CRITICAL,2026-08-07T02:01:00,2026-08-07T10:01:00,EXCEPTION,HOLD,MEA,SAME_DAY
ORD-003259,DC-08,STANDARD,2026-08-24T20:59:00,2026-08-25T08:59:00,EXCEPTION,EXCEPTION,APAC,STANDARD
ORD-003260,DC-16,STANDARD,2026-08-13T22:03:00,2026-08-14T04:03:00,SHIPPED,EXCEPTION,APAC,NEXT_DAY
ORD-003261,DC-13,STANDARD,2026-08-28T17:45:00,2026-08-28T23:45:00,STAGED,STAGED,MEA,STANDARD
ORD-003262,DC-10,STANDARD,2026-08-02T10:33:00,2026-08-03T10:33:00,SHIPPED,SHIPPED,APAC,STANDARD
ORD-003263,DC-14,STANDARD,2026-08-08T02:48:00,2026-08-09T02:48:00,PICKING,PICKING,NA,NEXT_DAY
ORD-003264,DC-18,STANDARD,2026-08-30T18:04:00,2026-08-30T22:04:00,PICKING,PICKING,LATAM,STANDARD
ORD-003265,DC-10,STANDARD,2026-08-25T17:53:00,2026-08-25T23:53:00,SHIPPED,EXCEPTION,LATAM,NEXT_DAY
ORD-003266,DC-09,CRITICAL,2026-09-04T08:26:00,2026-09-04T12:26:00,PACKING,EXCEPTION,MEA,NEXT_DAY
ORD-003267,DC-18,STANDARD,2026-08-03T10:57:00,2026-08-03T22:57:00,STAGED,HOLD,APAC,NEXT_DAY
ORD-003268,DC-10,STANDARD,2026-08-24T03:59:00,2026-08-25T03:59:00,PICKING,EXCEPTION,EU,SAME_DAY
ORD-003269,DC-02,STANDARD,2026-09-04T16:33:00,2026-09-05T00:33:00,RELEASED,RELEASED,NA,STANDARD
ORD-003270,DC-18,EXPEDITE,2026-08-21T23:54:00,2026-08-22T05:54:00,SHIPPED,SHIPPED,EU,STANDARD
ORD-003271,DC-16,EXPEDITE,2026-08-26T15:39:00,2026-08-26T21:39:00,PACKING,PACKING,LATAM,SAME_DAY
ORD-003272,DC-11,STANDARD,2026-08-16T00:10:00,2026-08-16T04:10:00,RELEASED,HOLD,EU,STANDARD
ORD-003273,DC-13,STANDARD,2026-08-16T19:03:00,2026-08-17T19:03:00,PICKING,EXCEPTION,EU,STANDARD
ORD-003274,DC-15,STANDARD,2026-08-17T03:33:00,2026-08-17T09:33:00,RELEASED,RELEASED,APAC,STANDARD
ORD-003275,DC-13,CRITICAL,2026-08-12T12:30:00,2026-08-12T18:30:00,STAGED,STAGED,APAC,SAME_DAY
ORD-003276,DC-15,EXPEDITE,2026-08-15T09:28:00,2026-08-16T09:28:00,STAGED,STAGED,NA,NEXT_DAY
ORD-003277,DC-15,STANDARD,2026-08-09T19:13:00,2026-08-09T23:13:00,ALLOCATED,ALLOCATED,NA,STANDARD
ORD-003278,DC-10,STANDARD,2026-08-09T09:00:00,2026-08-09T13:00:00,PACKING,PACKING,EU,NEXT_DAY
ORD-003279,DC-11,CRITICAL,2026-08-31T19:05:00,2026-09-01T19:05:00,SHIPPED,SHIPPED,MEA,NEXT_DAY
ORD-003280,DC-03,STANDARD,2026-08-02T22:57:00,2026-08-03T22:57:00,ALLOCATED,ALLOCATED,LATAM,STANDARD
ORD-003281,DC-14,EXPEDITE,2026-08-29T21:39:00,2026-08-30T05:39:00,PACKING,PACKING,EU,NEXT_DAY
ORD-003282,DC-09,CRITICAL,2026-08-19T05:54:00,2026-08-19T09:54:00,STAGED,STAGED,MEA,SAME_DAY
ORD-003283,DC-12,STANDARD,2026-08-21T14:11:00,2026-08-21T18:11:00,RELEASED,HOLD,APAC,NEXT_DAY
ORD-003284,DC-06,STANDARD,2026-08-14T01:11:00,2026-08-14T09:11:00,RELEASED,EXCEPTION,LATAM,NEXT_DAY
ORD-003285,DC-13,STANDARD,2026-09-02T22:43:00,2026-09-03T04:43:00,PICKING,HOLD,MEA,SAME_DAY
ORD-003286,DC-05,STANDARD,2026-08-11T19:11:00,2026-08-12T03:11:00,RELEASED,RELEASED,EU,SAME_DAY
ORD-003287,DC-11,STANDARD,2026-08-03T07:59:00,2026-08-03T19:59:00,EXCEPTION,EXCEPTION,EU,STANDARD
ORD-003288,DC-04,STANDARD,2026-08-29T00:37:00,2026-08-29T06:37:00,STAGED,HOLD,APAC,NEXT_DAY
ORD-003289,DC-02,EXPEDITE,2026-08-14T12:09:00,2026-08-15T00:09:00,RELEASED,RELEASED,APAC,SAME_DAY
ORD-003290,DC-05,STANDARD,2026-08-24T16:43:00,2026-08-24T20:43:00,RELEASED,RELEASED,NA,SAME_DAY
ORD-003291,DC-17,STANDARD,2026-08-31T17:35:00,2026-09-01T05:35:00,PACKING,EXCEPTION,LATAM,STANDARD
ORD-003292,DC-13,STANDARD,2026-08-07T09:49:00,2026-08-07T17:49:00,STAGED,HOLD,LATAM,SAME_DAY
ORD-003293,DC-07,STANDARD,2026-08-11T04:14:00,2026-08-11T16:14:00,SHIPPED,EXCEPTION,EU,NEXT_DAY
ORD-003294,DC-17,STANDARD,2026-09-02T17:25:00,2026-09-03T17:25:00,RELEASED,EXCEPTION,APAC,STANDARD
ORD-003295,DC-09,STANDARD,2026-08-09T22:04:00,2026-08-10T04:04:00,RELEASED,RELEASED,NA,STANDARD
ORD-003296,DC-01,STANDARD,2026-08-02T18:56:00,2026-08-03T18:56:00,RELEASED,RELEASED,NA,STANDARD
ORD-003297,DC-15,STANDARD,2026-08-06T02:03:00,2026-08-06T10:03:00,PICKING,PICKING,LATAM,SAME_DAY
ORD-003298,DC-15,STANDARD,2026-08-28T15:57:00,2026-08-28T19:57:00,ALLOCATED,ALLOCATED,MEA,STANDARD
ORD-003299,DC-05,STANDARD,2026-08-30T18:51:00,2026-08-31T02:51:00,RELEASED,HOLD,APAC,NEXT_DAY
ORD-003300,DC-18,STANDARD,2026-08-10T05:08:00,2026-08-10T09:08:00,PACKING,PACKING,APAC,STANDARD
ORD-003301,DC-03,CRITICAL,2026-08-17T13:24:00,2026-08-17T19:24:00,PICKING,PICKING,APAC,STANDARD
ORD-003302,DC-09,CRITICAL,2026-08-19T12:04:00,2026-08-19T16:04:00,PACKING,HOLD,LATAM,SAME_DAY
ORD-003303,DC-14,STANDARD,2026-08-06T19:29:00,2026-08-07T07:29:00,SHIPPED,EXCEPTION,MEA,STANDARD
ORD-003304,DC-08,STANDARD,2026-08-21T18:04:00,2026-08-21T22:04:00,PACKING,PACKING,LATAM,SAME_DAY
ORD-003305,DC-10,STANDARD,2026-08-30T07:55:00,2026-08-30T13:55:00,PICKING,PICKING,LATAM,STANDARD
ORD-003306,DC-05,STANDARD,2026-08-26T23:40:00,2026-08-27T07:40:00,EXCEPTION,EXCEPTION,LATAM,SAME_DAY
ORD-003307,DC-16,EXPEDITE,2026-09-02T23:53:00,2026-09-03T05:53:00,EXCEPTION,EXCEPTION,NA,SAME_DAY
ORD-003308,DC-10,EXPEDITE,2026-08-27T10:30:00,2026-08-27T14:30:00,PACKING,HOLD,MEA,NEXT_DAY
ORD-003309,DC-03,STANDARD,2026-08-13T16:02:00,2026-08-14T16:02:00,STAGED,EXCEPTION,LATAM,NEXT_DAY
ORD-003310,DC-02,STANDARD,2026-08-03T07:45:00,2026-08-03T19:45:00,RELEASED,RELEASED,NA,STANDARD
ORD-003311,DC-06,STANDARD,2026-08-14T06:35:00,2026-08-14T14:35:00,PICKING,HOLD,LATAM,NEXT_DAY
ORD-003312,DC-11,STANDARD,2026-08-22T07:55:00,2026-08-22T11:55:00,STAGED,STAGED,APAC,NEXT_DAY
ORD-003313,DC-01,STANDARD,2026-08-06T03:49:00,2026-08-06T07:49:00,SHIPPED,EXCEPTION,LATAM,STANDARD
ORD-003314,DC-15,EXPEDITE,2026-08-20T17:25:00,2026-08-21T05:25:00,STAGED,EXCEPTION,APAC,STANDARD
ORD-003315,DC-05,STANDARD,2026-08-04T09:39:00,2026-08-04T13:39:00,RELEASED,HOLD,NA,STANDARD
ORD-003316,DC-04,STANDARD,2026-08-28T11:28:00,2026-08-28T17:28:00,STAGED,STAGED,APAC,NEXT_DAY
ORD-003317,DC-10,STANDARD,2026-08-15T11:26:00,2026-08-15T15:26:00,EXCEPTION,HOLD,APAC,NEXT_DAY
ORD-003318,DC-10,STANDARD,2026-08-18T13:36:00,2026-08-18T21:36:00,PICKING,PICKING,MEA,STANDARD
ORD-003319,DC-03,STANDARD,2026-08-03T07:10:00,2026-08-03T11:10:00,STAGED,HOLD,APAC,NEXT_DAY
ORD-003320,DC-18,EXPEDITE,2026-08-08T19:41:00,2026-08-09T07:41:00,RELEASED,EXCEPTION,EU,STANDARD
ORD-003321,DC-06,STANDARD,2026-08-24T07:32:00,2026-08-24T15:32:00,SHIPPED,EXCEPTION,EU,SAME_DAY
ORD-003322,DC-18,EXPEDITE,2026-08-15T09:14:00,2026-08-15T13:14:00,SHIPPED,HOLD,LATAM,STANDARD
ORD-003323,DC-05,STANDARD,2026-09-02T01:24:00,2026-09-02T09:24:00,PICKING,PICKING,LATAM,STANDARD
ORD-003324,DC-12,STANDARD,2026-09-02T11:34:00,2026-09-02T17:34:00,PICKING,PICKING,APAC,STANDARD
ORD-003325,DC-10,EXPEDITE,2026-08-14T08:48:00,2026-08-14T20:48:00,EXCEPTION,EXCEPTION,MEA,STANDARD
ORD-003326,DC-16,EXPEDITE,2026-08-17T07:53:00,2026-08-18T07:53:00,PACKING,PACKING,APAC,STANDARD
ORD-003327,DC-05,STANDARD,2026-08-29T04:55:00,2026-08-30T04:55:00,PICKING,HOLD,EU,NEXT_DAY
ORD-003328,DC-07,STANDARD,2026-08-16T14:00:00,2026-08-17T02:00:00,RELEASED,RELEASED,NA,SAME_DAY
ORD-003329,DC-08,STANDARD,2026-08-25T17:41:00,2026-08-25T21:41:00,SHIPPED,HOLD,MEA,NEXT_DAY
ORD-003330,DC-17,STANDARD,2026-08-29T09:03:00,2026-08-29T15:03:00,SHIPPED,EXCEPTION,MEA,NEXT_DAY
ORD-003331,DC-04,STANDARD,2026-08-06T16:38:00,2026-08-07T04:38:00,SHIPPED,EXCEPTION,NA,NEXT_DAY
ORD-003332,DC-04,CRITICAL,2026-08-31T15:14:00,2026-08-31T21:14:00,SHIPPED,SHIPPED,LATAM,STANDARD
ORD-003333,DC-07,CRITICAL,2026-08-31T04:37:00,2026-08-31T16:37:00,ALLOCATED,ALLOCATED,EU,STANDARD
ORD-003334,DC-15,STANDARD,2026-08-17T03:28:00,2026-08-17T07:28:00,PICKING,HOLD,MEA,SAME_DAY
ORD-003335,DC-09,EXPEDITE,2026-08-10T09:16:00,2026-08-10T13:16:00,SHIPPED,SHIPPED,NA,NEXT_DAY
ORD-003336,DC-14,STANDARD,2026-08-15T04:54:00,2026-08-15T16:54:00,SHIPPED,SHIPPED,MEA,SAME_DAY
ORD-003337,DC-13,STANDARD,2026-08-06T10:12:00,2026-08-07T10:12:00,PACKING,PACKING,MEA,SAME_DAY
ORD-003338,DC-12,STANDARD,2026-09-02T14:05:00,2026-09-02T22:05:00,RELEASED,RELEASED,MEA,SAME_DAY
ORD-003339,DC-09,STANDARD,2026-08-17T12:38:00,2026-08-17T20:38:00,EXCEPTION,EXCEPTION,NA,SAME_DAY
ORD-003340,DC-17,EXPEDITE,2026-08-18T02:17:00,2026-08-18T14:17:00,STAGED,STAGED,NA,NEXT_DAY
ORD-003341,DC-09,STANDARD,2026-08-11T01:31:00,2026-08-11T07:31:00,PICKING,PICKING,LATAM,STANDARD
ORD-003342,DC-12,EXPEDITE,2026-08-31T08:37:00,2026-08-31T14:37:00,SHIPPED,SHIPPED,APAC,NEXT_DAY
ORD-003343,DC-15,CRITICAL,2026-09-03T09:27:00,2026-09-03T17:27:00,ALLOCATED,EXCEPTION,APAC,NEXT_DAY
ORD-003344,DC-04,EXPEDITE,2026-08-07T14:12:00,2026-08-07T20:12:00,RELEASED,HOLD,APAC,SAME_DAY
ORD-003345,DC-18,STANDARD,2026-08-04T23:36:00,2026-08-05T07:36:00,PACKING,HOLD,LATAM,SAME_DAY
ORD-003346,DC-12,STANDARD,2026-08-14T02:33:00,2026-08-14T06:33:00,PACKING,HOLD,MEA,SAME_DAY
ORD-003347,DC-17,STANDARD,2026-08-05T17:56:00,2026-08-06T01:56:00,SHIPPED,SHIPPED,NA,STANDARD
ORD-003348,DC-08,CRITICAL,2026-08-06T10:31:00,2026-08-06T22:31:00,PICKING,EXCEPTION,LATAM,STANDARD
ORD-003349,DC-05,STANDARD,2026-08-31T13:21:00,2026-08-31T17:21:00,ALLOCATED,ALLOCATED,MEA,STANDARD
ORD-003350,DC-05,STANDARD,2026-08-09T00:32:00,2026-08-09T12:32:00,EXCEPTION,HOLD,MEA,STANDARD
ORD-003351,DC-15,STANDARD,2026-08-14T04:48:00,2026-08-15T04:48:00,RELEASED,RELEASED,EU,STANDARD
ORD-003352,DC-13,EXPEDITE,2026-09-01T15:55:00,2026-09-01T19:55:00,PACKING,HOLD,MEA,STANDARD
ORD-003353,DC-06,STANDARD,2026-08-28T16:37:00,2026-08-28T22:37:00,PICKING,PICKING,NA,SAME_DAY
ORD-003354,DC-11,STANDARD,2026-08-05T09:58:00,2026-08-05T15:58:00,EXCEPTION,EXCEPTION,MEA,NEXT_DAY
ORD-003355,DC-11,STANDARD,2026-09-03T20:01:00,2026-09-04T20:01:00,EXCEPTION,EXCEPTION,MEA,STANDARD
ORD-003356,DC-01,STANDARD,2026-08-08T18:49:00,2026-08-09T18:49:00,PACKING,EXCEPTION,NA,SAME_DAY
ORD-003357,DC-13,STANDARD,2026-08-27T18:23:00,2026-08-28T00:23:00,PICKING,PICKING,LATAM,SAME_DAY
ORD-003358,DC-11,STANDARD,2026-08-22T07:44:00,2026-08-22T15:44:00,PACKING,PACKING,NA,NEXT_DAY
ORD-003359,DC-06,STANDARD,2026-08-13T00:55:00,2026-08-13T12:55:00,PICKING,HOLD,APAC,NEXT_DAY
ORD-003360,DC-05,STANDARD,2026-08-11T18:10:00,2026-08-12T06:10:00,RELEASED,HOLD,LATAM,STANDARD
ORD-003361,DC-08,STANDARD,2026-08-06T18:51:00,2026-08-07T18:51:00,ALLOCATED,ALLOCATED,APAC,SAME_DAY
ORD-003362,DC-16,STANDARD,2026-08-20T13:07:00,2026-08-21T13:07:00,SHIPPED,SHIPPED,EU,SAME_DAY
ORD-003363,DC-18,EXPEDITE,2026-08-06T11:51:00,2026-08-06T15:51:00,PICKING,PICKING,EU,SAME_DAY
ORD-003364,DC-07,STANDARD,2026-08-07T04:25:00,2026-08-07T08:25:00,PICKING,PICKING,EU,STANDARD
ORD-003365,DC-01,STANDARD,2026-08-22T15:30:00,2026-08-23T03:30:00,STAGED,HOLD,LATAM,NEXT_DAY
ORD-003366,DC-08,STANDARD,2026-08-31T09:32:00,2026-08-31T17:32:00,SHIPPED,EXCEPTION,NA,NEXT_DAY
ORD-003367,DC-16,STANDARD,2026-08-13T23:20:00,2026-08-14T07:20:00,STAGED,STAGED,LATAM,STANDARD
ORD-003368,DC-11,STANDARD,2026-08-01T11:54:00,2026-08-01T23:54:00,PICKING,HOLD,LATAM,SAME_DAY
ORD-003369,DC-12,CRITICAL,2026-08-16T17:32:00,2026-08-16T21:32:00,RELEASED,EXCEPTION,NA,NEXT_DAY
ORD-003370,DC-16,EXPEDITE,2026-08-23T08:19:00,2026-08-23T12:19:00,ALLOCATED,HOLD,MEA,SAME_DAY
ORD-003371,DC-16,STANDARD,2026-08-01T16:09:00,2026-08-01T20:09:00,STAGED,STAGED,LATAM,NEXT_DAY
ORD-003372,DC-05,STANDARD,2026-09-03T12:09:00,2026-09-03T20:09:00,EXCEPTION,HOLD,EU,STANDARD
ORD-003373,DC-08,STANDARD,2026-08-13T03:53:00,2026-08-13T09:53:00,PACKING,HOLD,NA,STANDARD
ORD-003374,DC-09,CRITICAL,2026-08-01T09:37:00,2026-08-01T15:37:00,EXCEPTION,EXCEPTION,NA,SAME_DAY
ORD-003375,DC-10,EXPEDITE,2026-08-10T03:06:00,2026-08-11T03:06:00,PACKING,PACKING,APAC,SAME_DAY
ORD-003376,DC-15,EXPEDITE,2026-08-15T05:06:00,2026-08-15T11:06:00,EXCEPTION,HOLD,LATAM,NEXT_DAY
ORD-003377,DC-06,CRITICAL,2026-08-22T22:08:00,2026-08-23T02:08:00,EXCEPTION,EXCEPTION,NA,STANDARD
ORD-003378,DC-09,STANDARD,2026-09-02T21:12:00,2026-09-03T03:12:00,PICKING,EXCEPTION,EU,STANDARD
ORD-003379,DC-17,STANDARD,2026-08-15T13:57:00,2026-08-15T19:57:00,PACKING,EXCEPTION,MEA,NEXT_DAY
ORD-003380,DC-06,EXPEDITE,2026-08-13T02:23:00,2026-08-14T02:23:00,PACKING,PACKING,NA,SAME_DAY
ORD-003381,DC-17,STANDARD,2026-09-04T12:56:00,2026-09-04T18:56:00,RELEASED,EXCEPTION,APAC,STANDARD
ORD-003382,DC-14,STANDARD,2026-09-02T19:33:00,2026-09-03T19:33:00,RELEASED,RELEASED,NA,SAME_DAY
ORD-003383,DC-01,STANDARD,2026-08-24T20:18:00,2026-08-25T02:18:00,PICKING,PICKING,APAC,NEXT_DAY
ORD-003384,DC-03,EXPEDITE,2026-08-14T03:05:00,2026-08-14T11:05:00,STAGED,STAGED,MEA,STANDARD
ORD-003385,DC-14,EXPEDITE,2026-08-05T09:15:00,2026-08-06T09:15:00,EXCEPTION,EXCEPTION,LATAM,SAME_DAY
ORD-003386,DC-18,STANDARD,2026-08-04T01:44:00,2026-08-04T13:44:00,PACKING,PACKING,NA,NEXT_DAY
ORD-003387,DC-15,STANDARD,2026-08-10T13:15:00,2026-08-11T01:15:00,RELEASED,HOLD,NA,NEXT_DAY
ORD-003388,DC-04,STANDARD,2026-08-01T20:09:00,2026-08-02T08:09:00,RELEASED,EXCEPTION,NA,STANDARD
ORD-003389,DC-04,EXPEDITE,2026-08-28T21:55:00,2026-08-29T03:55:00,PICKING,PICKING,EU,NEXT_DAY
ORD-003390,DC-18,STANDARD,2026-08-30T12:07:00,2026-08-31T12:07:00,SHIPPED,SHIPPED,MEA,STANDARD
ORD-003391,DC-17,CRITICAL,2026-08-06T20:22:00,2026-08-07T00:22:00,PICKING,PICKING,MEA,NEXT_DAY
ORD-003392,DC-06,STANDARD,2026-09-01T19:30:00,2026-09-02T19:30:00,PACKING,PACKING,LATAM,STANDARD
ORD-003393,DC-13,STANDARD,2026-08-29T05:52:00,2026-08-29T09:52:00,EXCEPTION,EXCEPTION,LATAM,SAME_DAY
ORD-003394,DC-16,STANDARD,2026-08-05T16:44:00,2026-08-06T16:44:00,ALLOCATED,ALLOCATED,EU,SAME_DAY
ORD-003395,DC-11,STANDARD,2026-08-17T21:39:00,2026-08-18T03:39:00,ALLOCATED,ALLOCATED,APAC,SAME_DAY
ORD-003396,DC-01,EXPEDITE,2026-08-14T20:44:00,2026-08-15T04:44:00,EXCEPTION,EXCEPTION,MEA,NEXT_DAY
ORD-003397,DC-14,STANDARD,2026-08-20T08:04:00,2026-08-20T14:04:00,ALLOCATED,ALLOCATED,EU,SAME_DAY
ORD-003398,DC-01,EXPEDITE,2026-08-02T10:47:00,2026-08-03T10:47:00,PICKING,EXCEPTION,NA,NEXT_DAY
ORD-003399,DC-01,STANDARD,2026-08-29T11:12:00,2026-08-29T15:12:00,EXCEPTION,EXCEPTION,NA,SAME_DAY
ORD-003400,DC-16,EXPEDITE,2026-08-18T03:46:00,2026-08-19T03:46:00,RELEASED,EXCEPTION,LATAM,SAME_DAY
ORD-003401,DC-11,STANDARD,2026-08-07T06:51:00,2026-08-07T12:51:00,EXCEPTION,EXCEPTION,LATAM,SAME_DAY
ORD-003402,DC-18,CRITICAL,2026-08-11T20:59:00,2026-08-12T04:59:00,EXCEPTION,EXCEPTION,LATAM,STANDARD
ORD-003403,DC-13,STANDARD,2026-08-20T14:09:00,2026-08-21T14:09:00,PICKING,PICKING,EU,SAME_DAY
ORD-003404,DC-12,CRITICAL,2026-08-21T07:05:00,2026-08-21T15:05:00,PICKING,PICKING,LATAM,SAME_DAY
ORD-003405,DC-02,STANDARD,2026-08-30T13:12:00,2026-08-30T19:12:00,PACKING,HOLD,LATAM,SAME_DAY
ORD-003406,DC-18,CRITICAL,2026-09-04T05:18:00,2026-09-04T11:18:00,STAGED,STAGED,APAC,NEXT_DAY
ORD-003407,DC-13,STANDARD,2026-08-22T11:07:00,2026-08-22T15:07:00,SHIPPED,SHIPPED,MEA,STANDARD
ORD-003408,DC-07,STANDARD,2026-08-29T18:44:00,2026-08-30T06:44:00,PACKING,PACKING,LATAM,STANDARD
ORD-003409,DC-14,CRITICAL,2026-08-07T03:07:00,2026-08-08T03:07:00,SHIPPED,SHIPPED,EU,STANDARD
ORD-003410,DC-16,EXPEDITE,2026-08-28T18:34:00,2026-08-29T06:34:00,ALLOCATED,ALLOCATED,LATAM,NEXT_DAY
ORD-003411,DC-16,STANDARD,2026-08-09T06:40:00,2026-08-09T12:40:00,ALLOCATED,HOLD,NA,STANDARD
ORD-003412,DC-11,STANDARD,2026-08-23T12:39:00,2026-08-23T20:39:00,STAGED,STAGED,APAC,STANDARD
ORD-003413,DC-07,EXPEDITE,2026-08-08T08:48:00,2026-08-09T08:48:00,STAGED,STAGED,APAC,SAME_DAY
ORD-003414,DC-03,STANDARD,2026-08-13T18:04:00,2026-08-14T00:04:00,EXCEPTION,HOLD,NA,NEXT_DAY
ORD-003415,DC-10,STANDARD,2026-08-30T04:07:00,2026-08-30T16:07:00,PICKING,PICKING,EU,NEXT_DAY
ORD-003416,DC-06,EXPEDITE,2026-08-01T11:25:00,2026-08-01T19:25:00,STAGED,STAGED,NA,SAME_DAY
ORD-003417,DC-18,EXPEDITE,2026-09-05T00:44:00,2026-09-05T04:44:00,RELEASED,RELEASED,MEA,STANDARD
ORD-003418,DC-11,STANDARD,2026-08-12T10:26:00,2026-08-12T14:26:00,STAGED,STAGED,EU,STANDARD
ORD-003419,DC-16,STANDARD,2026-08-24T14:05:00,2026-08-25T14:05:00,PICKING,PICKING,MEA,STANDARD
ORD-003420,DC-07,STANDARD,2026-08-02T03:22:00,2026-08-02T11:22:00,STAGED,STAGED,MEA,STANDARD
ORD-003421,DC-15,STANDARD,2026-08-30T21:13:00,2026-08-31T01:13:00,PACKING,PACKING,MEA,SAME_DAY
ORD-003422,DC-14,CRITICAL,2026-08-28T14:08:00,2026-08-28T22:08:00,EXCEPTION,EXCEPTION,NA,SAME_DAY
ORD-003423,DC-01,STANDARD,2026-08-26T07:54:00,2026-08-26T11:54:00,EXCEPTION,HOLD,MEA,NEXT_DAY
ORD-003424,DC-03,STANDARD,2026-08-10T01:52:00,2026-08-10T09:52:00,RELEASED,RELEASED,EU,SAME_DAY
ORD-003425,DC-10,CRITICAL,2026-08-18T07:37:00,2026-08-18T13:37:00,STAGED,HOLD,LATAM,STANDARD
ORD-003426,DC-02,STANDARD,2026-08-16T23:51:00,2026-08-17T07:51:00,ALLOCATED,ALLOCATED,LATAM,NEXT_DAY
ORD-003427,DC-18,EXPEDITE,2026-08-25T20:34:00,2026-08-26T20:34:00,SHIPPED,SHIPPED,APAC,STANDARD
ORD-003428,DC-15,STANDARD,2026-08-06T07:25:00,2026-08-06T11:25:00,STAGED,STAGED,MEA,STANDARD
ORD-003429,DC-14,STANDARD,2026-08-26T02:43:00,2026-08-26T08:43:00,ALLOCATED,ALLOCATED,MEA,SAME_DAY
ORD-003430,DC-08,STANDARD,2026-08-10T12:28:00,2026-08-10T20:28:00,PACKING,HOLD,NA,STANDARD
ORD-003431,DC-11,EXPEDITE,2026-08-22T05:58:00,2026-08-22T17:58:00,RELEASED,RELEASED,NA,SAME_DAY
ORD-003432,DC-03,STANDARD,2026-08-17T16:20:00,2026-08-18T16:20:00,PICKING,EXCEPTION,EU,NEXT_DAY
ORD-003433,DC-10,STANDARD,2026-08-12T17:03:00,2026-08-12T23:03:00,PICKING,PICKING,MEA,NEXT_DAY
ORD-003434,DC-13,STANDARD,2026-08-26T18:22:00,2026-08-27T00:22:00,EXCEPTION,EXCEPTION,APAC,STANDARD
ORD-003435,DC-16,EXPEDITE,2026-08-06T17:11:00,2026-08-07T01:11:00,PICKING,EXCEPTION,APAC,NEXT_DAY
ORD-003436,DC-07,STANDARD,2026-08-12T01:39:00,2026-08-12T07:39:00,PICKING,PICKING,LATAM,SAME_DAY
ORD-003437,DC-10,STANDARD,2026-08-13T17:07:00,2026-08-14T17:07:00,RELEASED,RELEASED,APAC,NEXT_DAY
ORD-003438,DC-09,STANDARD,2026-08-15T10:41:00,2026-08-15T18:41:00,SHIPPED,EXCEPTION,NA,NEXT_DAY
ORD-003439,DC-16,CRITICAL,2026-08-15T00:48:00,2026-08-16T00:48:00,ALLOCATED,ALLOCATED,MEA,STANDARD
ORD-003440,DC-07,STANDARD,2026-08-25T14:50:00,2026-08-25T18:50:00,SHIPPED,SHIPPED,LATAM,STANDARD
ORD-003441,DC-07,EXPEDITE,2026-08-12T16:32:00,2026-08-12T22:32:00,STAGED,HOLD,EU,NEXT_DAY
ORD-003442,DC-17,STANDARD,2026-08-02T14:26:00,2026-08-02T18:26:00,SHIPPED,SHIPPED,NA,STANDARD
ORD-003443,DC-13,CRITICAL,2026-08-31T12:47:00,2026-09-01T12:47:00,EXCEPTION,HOLD,MEA,SAME_DAY
ORD-003444,DC-05,CRITICAL,2026-08-15T03:49:00,2026-08-15T11:49:00,SHIPPED,SHIPPED,EU,STANDARD
ORD-003445,DC-10,EXPEDITE,2026-09-01T19:10:00,2026-09-02T03:10:00,SHIPPED,SHIPPED,LATAM,STANDARD
ORD-003446,DC-15,CRITICAL,2026-08-27T07:40:00,2026-08-27T13:40:00,PICKING,HOLD,LATAM,NEXT_DAY
ORD-003447,DC-08,STANDARD,2026-08-08T05:53:00,2026-08-08T09:53:00,STAGED,HOLD,LATAM,SAME_DAY
ORD-003448,DC-15,STANDARD,2026-08-23T18:49:00,2026-08-24T06:49:00,RELEASED,EXCEPTION,EU,SAME_DAY
ORD-003449,DC-04,EXPEDITE,2026-08-15T09:43:00,2026-08-16T09:43:00,PACKING,EXCEPTION,APAC,NEXT_DAY
ORD-003450,DC-12,STANDARD,2026-08-28T14:49:00,2026-08-29T02:49:00,STAGED,STAGED,EU,NEXT_DAY
ORD-003451,DC-03,STANDARD,2026-08-10T11:58:00,2026-08-10T23:58:00,STAGED,HOLD,MEA,STANDARD
ORD-003452,DC-17,STANDARD,2026-08-23T10:50:00,2026-08-23T16:50:00,SHIPPED,SHIPPED,EU,NEXT_DAY
ORD-003453,DC-11,CRITICAL,2026-08-27T14:14:00,2026-08-28T02:14:00,PACKING,PACKING,APAC,NEXT_DAY
ORD-003454,DC-09,STANDARD,2026-09-05T02:10:00,2026-09-05T14:10:00,ALLOCATED,ALLOCATED,MEA,NEXT_DAY
ORD-003455,DC-03,STANDARD,2026-08-24T13:57:00,2026-08-25T13:57:00,PICKING,EXCEPTION,MEA,STANDARD
ORD-003456,DC-17,STANDARD,2026-08-16T17:41:00,2026-08-16T23:41:00,ALLOCATED,ALLOCATED,LATAM,NEXT_DAY
ORD-003457,DC-04,STANDARD,2026-08-09T21:06:00,2026-08-10T09:06:00,RELEASED,RELEASED,NA,NEXT_DAY
ORD-003458,DC-11,STANDARD,2026-08-29T04:53:00,2026-08-29T12:53:00,SHIPPED,SHIPPED,NA,NEXT_DAY
ORD-003459,DC-12,STANDARD,2026-08-28T05:20:00,2026-08-28T17:20:00,PACKING,PACKING,EU,NEXT_DAY
ORD-003460,DC-01,STANDARD,2026-08-17T09:04:00,2026-08-17T13:04:00,ALLOCATED,HOLD,LATAM,NEXT_DAY
ORD-003461,DC-06,EXPEDITE,2026-08-17T00:35:00,2026-08-17T12:35:00,ALLOCATED,ALLOCATED,APAC,SAME_DAY
ORD-003462,DC-09,EXPEDITE,2026-08-11T07:34:00,2026-08-11T13:34:00,PACKING,PACKING,LATAM,NEXT_DAY
ORD-003463,DC-18,STANDARD,2026-08-10T14:22:00,2026-08-11T14:22:00,PICKING,PICKING,EU,NEXT_DAY
ORD-003464,DC-17,STANDARD,2026-08-07T09:53:00,2026-08-07T21:53:00,RELEASED,RELEASED,APAC,SAME_DAY
ORD-003465,DC-17,STANDARD,2026-08-31T21:31:00,2026-09-01T09:31:00,EXCEPTION,EXCEPTION,EU,STANDARD
ORD-003466,DC-10,STANDARD,2026-08-12T23:16:00,2026-08-13T05:16:00,RELEASED,RELEASED,APAC,STANDARD
ORD-003467,DC-17,EXPEDITE,2026-08-19T02:18:00,2026-08-19T08:18:00,STAGED,STAGED,APAC,STANDARD
ORD-003468,DC-07,STANDARD,2026-08-10T17:53:00,2026-08-11T05:53:00,RELEASED,HOLD,APAC,SAME_DAY
ORD-003469,DC-11,STANDARD,2026-09-02T17:04:00,2026-09-03T17:04:00,ALLOCATED,HOLD,NA,NEXT_DAY
ORD-003470,DC-11,STANDARD,2026-08-28T21:52:00,2026-08-29T21:52:00,PICKING,PICKING,LATAM,NEXT_DAY
ORD-003471,DC-13,EXPEDITE,2026-08-06T02:14:00,2026-08-06T14:14:00,STAGED,STAGED,EU,STANDARD
ORD-003472,DC-13,STANDARD,2026-08-29T09:36:00,2026-08-29T17:36:00,ALLOCATED,HOLD,NA,SAME_DAY
ORD-003473,DC-12,STANDARD,2026-08-11T01:16:00,2026-08-11T09:16:00,EXCEPTION,HOLD,LATAM,STANDARD
ORD-003474,DC-11,STANDARD,2026-08-21T17:15:00,2026-08-22T05:15:00,STAGED,STAGED,APAC,STANDARD
ORD-003475,DC-16,STANDARD,2026-08-15T10:16:00,2026-08-15T22:16:00,RELEASED,HOLD,APAC,NEXT_DAY
ORD-003476,DC-02,EXPEDITE,2026-08-18T18:30:00,2026-08-19T06:30:00,STAGED,STAGED,LATAM,STANDARD
ORD-003477,DC-16,STANDARD,2026-08-16T13:50:00,2026-08-17T13:50:00,EXCEPTION,EXCEPTION,NA,SAME_DAY
ORD-003478,DC-03,STANDARD,2026-08-23T05:26:00,2026-08-23T09:26:00,ALLOCATED,ALLOCATED,NA,NEXT_DAY
ORD-003479,DC-01,EXPEDITE,2026-08-23T17:59:00,2026-08-24T01:59:00,SHIPPED,SHIPPED,NA,NEXT_DAY
ORD-003480,DC-11,STANDARD,2026-08-12T16:05:00,2026-08-13T16:05:00,EXCEPTION,EXCEPTION,NA,STANDARD
ORD-003481,DC-10,STANDARD,2026-08-03T23:43:00,2026-08-04T23:43:00,ALLOCATED,ALLOCATED,MEA,NEXT_DAY
ORD-003482,DC-11,STANDARD,2026-09-02T23:15:00,2026-09-03T03:15:00,PICKING,HOLD,MEA,STANDARD
ORD-003483,DC-15,EXPEDITE,2026-08-05T00:37:00,2026-08-06T00:37:00,PICKING,PICKING,EU,STANDARD
ORD-003484,DC-02,EXPEDITE,2026-08-01T11:53:00,2026-08-01T17:53:00,ALLOCATED,ALLOCATED,LATAM,NEXT_DAY
ORD-003485,DC-02,STANDARD,2026-08-09T07:44:00,2026-08-09T13:44:00,EXCEPTION,EXCEPTION,EU,SAME_DAY
ORD-003486,DC-14,STANDARD,2026-08-19T09:38:00,2026-08-19T15:38:00,PICKING,PICKING,APAC,SAME_DAY
ORD-003487,DC-12,STANDARD,2026-08-15T17:43:00,2026-08-16T01:43:00,EXCEPTION,HOLD,EU,NEXT_DAY
ORD-003488,DC-12,STANDARD,2026-08-23T03:44:00,2026-08-23T09:44:00,EXCEPTION,HOLD,APAC,STANDARD
ORD-003489,DC-15,STANDARD,2026-08-03T02:41:00,2026-08-03T08:41:00,PACKING,PACKING,EU,SAME_DAY
ORD-003490,DC-17,STANDARD,2026-08-25T23:08:00,2026-08-26T03:08:00,SHIPPED,HOLD,NA,SAME_DAY
ORD-003491,DC-10,STANDARD,2026-08-25T19:12:00,2026-08-26T03:12:00,PACKING,PACKING,MEA,STANDARD
ORD-003492,DC-17,EXPEDITE,2026-08-09T08:44:00,2026-08-09T12:44:00,ALLOCATED,HOLD,NA,NEXT_DAY
ORD-003493,DC-02,CRITICAL,2026-09-02T04:04:00,2026-09-02T16:04:00,EXCEPTION,EXCEPTION,EU,STANDARD
ORD-003494,DC-16,STANDARD,2026-08-28T21:08:00,2026-08-29T05:08:00,SHIPPED,SHIPPED,NA,STANDARD
ORD-003495,DC-14,STANDARD,2026-09-02T12:00:00,2026-09-03T00:00:00,EXCEPTION,EXCEPTION,LATAM,STANDARD
ORD-003496,DC-09,STANDARD,2026-08-21T12:53:00,2026-08-21T18:53:00,STAGED,STAGED,MEA,STANDARD
ORD-003497,DC-07,EXPEDITE,2026-08-28T21:38:00,2026-08-29T01:38:00,STAGED,HOLD,MEA,NEXT_DAY
ORD-003498,DC-12,STANDARD,2026-08-10T13:48:00,2026-08-10T21:48:00,ALLOCATED,ALLOCATED,EU,SAME_DAY
ORD-003499,DC-04,STANDARD,2026-09-01T17:29:00,2026-09-01T21:29:00,PACKING,PACKING,NA,NEXT_DAY
ORD-003500,DC-16,EXPEDITE,2026-08-28T15:34:00,2026-08-29T15:34:00,ALLOCATED,EXCEPTION,NA,STANDARD
