shipment_id,order_id,warehouse_id,tms_status,carrier,planned_departure,actual_departure
SHP-000001,ORD-000001,DC-17,AT_DOCK,Carrier-D,2026-08-17T04:23:00,
SHP-000002,ORD-000002,DC-13,BOOKED,Carrier-A,2026-08-08T01:31:00,
SHP-000003,ORD-000003,DC-10,PLANNED,Carrier-D,2026-08-04T12:09:00,2026-08-04T12:23:00
SHP-000004,ORD-000004,DC-16,DELAYED,Carrier-A,2026-09-03T20:16:00,
SHP-000005,ORD-000005,DC-02,PLANNED,Carrier-A,2026-08-02T18:29:00,
SHP-000006,ORD-000006,DC-12,BOOKED,Carrier-D,2026-08-23T03:44:00,2026-08-23T04:03:00
SHP-000007,ORD-000007,DC-09,PLANNED,Carrier-B,2026-08-10T21:27:00,
SHP-000008,ORD-000008,DC-09,PLANNED,Carrier-D,2026-08-08T12:59:00,2026-08-08T13:07:00
SHP-000009,ORD-000009,DC-13,DEPARTED,Carrier-D,2026-08-22T06:41:00,2026-08-22T06:39:00
SHP-000010,ORD-000010,DC-13,PLANNED,Carrier-C,2026-09-01T17:57:00,2026-09-01T19:03:00
SHP-000011,ORD-000011,DC-14,DELAYED,Carrier-C,2026-08-11T20:26:00,2026-08-11T20:46:00
SHP-000012,ORD-000012,DC-10,DEPARTED,Carrier-C,2026-08-14T06:15:00,2026-08-14T06:45:00
SHP-000013,ORD-000013,DC-18,AT_DOCK,Carrier-D,2026-08-06T15:44:00,
SHP-000014,ORD-000014,DC-05,LOADED,Carrier-C,2026-08-26T15:03:00,2026-08-26T15:13:00
SHP-000015,ORD-000015,DC-10,AT_DOCK,Carrier-A,2026-08-30T09:17:00,
SHP-000016,ORD-000016,DC-09,LOADED,Carrier-A,2026-08-04T13:53:00,
SHP-000017,ORD-000017,DC-09,DEPARTED,Carrier-D,2026-08-10T11:22:00,2026-08-10T11:16:00
SHP-000018,ORD-000018,DC-04,PLANNED,Carrier-D,2026-08-04T19:44:00,2026-08-04T20:33:00
SHP-000019,ORD-000019,DC-01,LOADED,Carrier-D,2026-08-27T15:51:00,2026-08-27T15:32:00
SHP-000020,ORD-000020,DC-14,LOADED,Carrier-B,2026-08-21T17:49:00,2026-08-21T17:58:00
SHP-000021,ORD-000021,DC-05,PLANNED,Carrier-D,2026-08-26T02:20:00,
SHP-000022,ORD-000022,DC-09,PLANNED,Carrier-D,2026-08-11T19:31:00,
SHP-000023,ORD-000023,DC-16,DEPARTED,Carrier-D,2026-09-01T13:49:00,2026-09-01T13:53:00
SHP-000024,ORD-000024,DC-10,DEPARTED,Carrier-D,2026-08-11T05:53:00,2026-08-11T05:47:00
SHP-000025,ORD-000025,DC-15,DELAYED,Carrier-A,2026-08-24T01:30:00,2026-08-24T02:37:00
SHP-000026,ORD-000026,DC-09,LOADED,Carrier-A,2026-08-25T21:00:00,2026-08-25T21:58:00
SHP-000027,ORD-000027,DC-18,DELAYED,Carrier-A,2026-08-01T11:44:00,2026-08-01T12:15:00
SHP-000028,ORD-000028,DC-13,PLANNED,Carrier-D,2026-08-02T16:32:00,
SHP-000029,ORD-000029,DC-04,DEPARTED,Carrier-B,2026-08-21T07:47:00,2026-08-21T07:41:00
SHP-000030,ORD-000030,DC-09,BOOKED,Carrier-C,2026-09-01T23:47:00,2026-09-01T23:31:00
SHP-000031,ORD-000031,DC-09,BOOKED,Carrier-B,2026-08-06T18:53:00,2026-08-06T18:50:00
SHP-000032,ORD-000032,DC-04,DELAYED,Carrier-A,2026-08-25T18:51:00,2026-08-25T19:51:00
SHP-000033,ORD-000033,DC-12,DELAYED,Carrier-B,2026-08-06T12:05:00,2026-08-06T13:02:00
SHP-000034,ORD-000034,DC-07,DELAYED,Carrier-C,2026-08-12T03:53:00,2026-08-12T04:23:00
SHP-000035,ORD-000035,DC-11,DEPARTED,Carrier-C,2026-08-28T01:44:00,
SHP-000036,ORD-000036,DC-08,PLANNED,Carrier-C,2026-08-13T16:34:00,
SHP-000037,ORD-000037,DC-17,BOOKED,Carrier-D,2026-08-27T23:56:00,2026-08-28T00:44:00
SHP-000038,ORD-000038,DC-13,DEPARTED,Carrier-B,2026-09-04T06:41:00,
SHP-000039,ORD-000039,DC-14,PLANNED,Carrier-C,2026-08-11T10:02:00,
SHP-000040,ORD-000040,DC-04,AT_DOCK,Carrier-A,2026-08-22T09:25:00,
SHP-000041,ORD-000041,DC-01,DELAYED,Carrier-C,2026-08-29T15:46:00,
SHP-000042,ORD-000042,DC-11,PLANNED,Carrier-A,2026-08-15T09:00:00,
SHP-000043,ORD-000043,DC-09,BOOKED,Carrier-D,2026-09-05T09:55:00,2026-09-05T10:09:00
SHP-000044,ORD-000044,DC-03,PLANNED,Carrier-D,2026-09-03T22:47:00,2026-09-03T23:23:00
SHP-000045,ORD-000045,DC-01,DEPARTED,Carrier-C,2026-08-12T09:46:00,
SHP-000046,ORD-000046,DC-09,BOOKED,Carrier-B,2026-08-12T02:02:00,2026-08-12T02:58:00
SHP-000047,ORD-000047,DC-12,BOOKED,Carrier-A,2026-09-04T19:08:00,
SHP-000048,ORD-000048,DC-06,BOOKED,Carrier-A,2026-08-12T20:56:00,
SHP-000049,ORD-000049,DC-07,LOADED,Carrier-A,2026-08-05T00:56:00,2026-08-05T02:09:00
SHP-000050,ORD-000050,DC-15,PLANNED,Carrier-B,2026-08-17T06:56:00,2026-08-17T06:55:00
SHP-000051,ORD-000051,DC-02,DELAYED,Carrier-D,2026-08-19T22:50:00,2026-08-19T23:09:00
SHP-000052,ORD-000052,DC-13,BOOKED,Carrier-A,2026-08-09T07:32:00,2026-08-09T08:39:00
SHP-000053,ORD-000053,DC-06,PLANNED,Carrier-A,2026-08-07T19:46:00,
SHP-000054,ORD-000054,DC-05,LOADED,Carrier-B,2026-08-11T17:44:00,
SHP-000055,ORD-000055,DC-02,AT_DOCK,Carrier-A,2026-08-01T23:00:00,2026-08-01T23:32:00
SHP-000056,ORD-000056,DC-02,LOADED,Carrier-B,2026-08-09T14:01:00,
SHP-000057,ORD-000057,DC-13,PLANNED,Carrier-B,2026-08-27T16:41:00,
SHP-000058,ORD-000058,DC-16,LOADED,Carrier-C,2026-08-09T14:09:00,2026-08-09T14:04:00
SHP-000059,ORD-000059,DC-14,PLANNED,Carrier-D,2026-08-05T15:20:00,2026-08-05T15:46:00
SHP-000060,ORD-000060,DC-04,BOOKED,Carrier-C,2026-09-01T04:10:00,
SHP-000061,ORD-000061,DC-10,DEPARTED,Carrier-A,2026-08-26T13:51:00,
SHP-000062,ORD-000062,DC-01,LOADED,Carrier-D,2026-08-24T02:07:00,
SHP-000063,ORD-000063,DC-01,LOADED,Carrier-C,2026-08-28T22:54:00,
SHP-000064,ORD-000064,DC-02,LOADED,Carrier-B,2026-08-24T00:04:00,
SHP-000065,ORD-000065,DC-13,AT_DOCK,Carrier-A,2026-08-30T07:41:00,
SHP-000066,ORD-000066,DC-08,DEPARTED,Carrier-A,2026-08-07T15:37:00,
SHP-000067,ORD-000067,DC-16,PLANNED,Carrier-D,2026-08-10T13:03:00,2026-08-10T13:18:00
SHP-000068,ORD-000068,DC-06,PLANNED,Carrier-B,2026-08-06T17:42:00,
SHP-000069,ORD-000069,DC-15,AT_DOCK,Carrier-C,2026-08-17T08:29:00,
SHP-000070,ORD-000070,DC-02,LOADED,Carrier-A,2026-08-08T15:32:00,
SHP-000071,ORD-000071,DC-12,DELAYED,Carrier-B,2026-08-12T05:58:00,
SHP-000072,ORD-000072,DC-09,AT_DOCK,Carrier-D,2026-08-12T23:18:00,2026-08-12T23:05:00
SHP-000073,ORD-000073,DC-16,PLANNED,Carrier-D,2026-08-26T19:01:00,
SHP-000074,ORD-000074,DC-03,PLANNED,Carrier-B,2026-08-23T19:09:00,
SHP-000075,ORD-000075,DC-04,LOADED,Carrier-D,2026-08-09T03:31:00,2026-08-09T04:19:00
SHP-000076,ORD-000076,DC-09,AT_DOCK,Carrier-B,2026-09-05T20:04:00,2026-09-05T21:07:00
SHP-000077,ORD-000077,DC-17,BOOKED,Carrier-D,2026-08-29T19:32:00,
SHP-000078,ORD-000078,DC-12,BOOKED,Carrier-C,2026-08-31T17:59:00,2026-08-31T18:26:00
SHP-000079,ORD-000079,DC-08,AT_DOCK,Carrier-A,2026-08-02T20:33:00,2026-08-02T21:25:00
SHP-000080,ORD-000080,DC-09,AT_DOCK,Carrier-A,2026-08-03T08:15:00,
SHP-000081,ORD-000081,DC-17,AT_DOCK,Carrier-D,2026-08-17T10:54:00,
SHP-000082,ORD-000082,DC-17,BOOKED,Carrier-C,2026-08-22T07:11:00,
SHP-000083,ORD-000083,DC-17,PLANNED,Carrier-C,2026-08-11T14:46:00,
SHP-000084,ORD-000084,DC-16,DELAYED,Carrier-C,2026-08-25T16:27:00,
SHP-000085,ORD-000085,DC-15,LOADED,Carrier-C,2026-08-15T05:00:00,
SHP-000086,ORD-000086,DC-10,LOADED,Carrier-B,2026-08-20T09:37:00,
SHP-000087,ORD-000087,DC-06,DELAYED,Carrier-D,2026-08-01T14:39:00,2026-08-01T15:04:00
SHP-000088,ORD-000088,DC-17,PLANNED,Carrier-B,2026-08-11T14:41:00,
SHP-000089,ORD-000089,DC-08,DEPARTED,Carrier-A,2026-08-27T18:23:00,2026-08-27T18:22:00
SHP-000090,ORD-000090,DC-13,BOOKED,Carrier-C,2026-09-03T07:14:00,
SHP-000091,ORD-000091,DC-03,DEPARTED,Carrier-D,2026-08-04T16:32:00,
SHP-000092,ORD-000092,DC-07,DEPARTED,Carrier-C,2026-08-14T16:04:00,2026-08-14T16:56:00
SHP-000093,ORD-000093,DC-15,DELAYED,Carrier-D,2026-08-06T19:47:00,
SHP-000094,ORD-000094,DC-10,LOADED,Carrier-A,2026-08-30T04:50:00,2026-08-30T05:56:00
SHP-000095,ORD-000095,DC-04,DEPARTED,Carrier-B,2026-08-03T03:31:00,
SHP-000096,ORD-000096,DC-14,DELAYED,Carrier-D,2026-08-09T20:39:00,2026-08-09T20:34:00
SHP-000097,ORD-000097,DC-10,AT_DOCK,Carrier-B,2026-08-30T16:27:00,2026-08-30T16:25:00
SHP-000098,ORD-000098,DC-09,DELAYED,Carrier-B,2026-08-23T17:35:00,
SHP-000099,ORD-000099,DC-07,BOOKED,Carrier-D,2026-08-28T07:36:00,
SHP-000100,ORD-000100,DC-11,LOADED,Carrier-B,2026-08-01T16:41:00,
SHP-000101,ORD-000101,DC-14,AT_DOCK,Carrier-A,2026-08-22T15:41:00,
SHP-000102,ORD-000102,DC-06,DELAYED,Carrier-A,2026-09-05T13:45:00,2026-09-05T13:52:00
SHP-000103,ORD-000103,DC-04,DELAYED,Carrier-D,2026-08-27T19:01:00,
SHP-000104,ORD-000104,DC-04,BOOKED,Carrier-B,2026-08-19T06:59:00,
SHP-000105,ORD-000105,DC-15,LOADED,Carrier-A,2026-08-04T17:19:00,2026-08-04T18:00:00
SHP-000106,ORD-000106,DC-12,DELAYED,Carrier-C,2026-08-11T07:43:00,
SHP-000107,ORD-000107,DC-01,DELAYED,Carrier-D,2026-08-18T12:45:00,
SHP-000108,ORD-000108,DC-02,AT_DOCK,Carrier-D,2026-08-30T13:52:00,
SHP-000109,ORD-000109,DC-01,PLANNED,Carrier-C,2026-08-18T14:42:00,
SHP-000110,ORD-000110,DC-02,DEPARTED,Carrier-A,2026-08-23T11:03:00,
SHP-000111,ORD-000111,DC-18,DELAYED,Carrier-D,2026-08-10T14:20:00,2026-08-10T15:24:00
SHP-000112,ORD-000112,DC-14,AT_DOCK,Carrier-C,2026-08-25T04:07:00,2026-08-25T04:18:00
SHP-000113,ORD-000113,DC-18,LOADED,Carrier-C,2026-08-20T15:23:00,
SHP-000114,ORD-000114,DC-09,BOOKED,Carrier-D,2026-08-15T00:47:00,
SHP-000115,ORD-000115,DC-14,DEPARTED,Carrier-B,2026-08-24T10:16:00,
SHP-000116,ORD-000116,DC-09,BOOKED,Carrier-A,2026-09-02T01:36:00,2026-09-02T01:33:00
SHP-000117,ORD-000117,DC-12,LOADED,Carrier-D,2026-08-26T11:23:00,
SHP-000118,ORD-000118,DC-16,BOOKED,Carrier-A,2026-08-22T03:48:00,2026-08-22T04:13:00
SHP-000119,ORD-000119,DC-17,AT_DOCK,Carrier-C,2026-08-26T09:20:00,2026-08-26T09:44:00
SHP-000120,ORD-000120,DC-01,DELAYED,Carrier-A,2026-08-10T22:34:00,2026-08-10T22:42:00
SHP-000121,ORD-000121,DC-16,PLANNED,Carrier-D,2026-08-18T04:24:00,2026-08-18T05:17:00
SHP-000122,ORD-000122,DC-18,DEPARTED,Carrier-D,2026-08-20T17:51:00,2026-08-20T18:44:00
SHP-000123,ORD-000123,DC-18,AT_DOCK,Carrier-C,2026-09-04T15:24:00,2026-09-04T15:45:00
SHP-000124,ORD-000124,DC-14,BOOKED,Carrier-C,2026-08-18T17:11:00,2026-08-18T17:51:00
SHP-000125,ORD-000125,DC-01,BOOKED,Carrier-B,2026-09-04T23:37:00,
SHP-000126,ORD-000126,DC-03,DEPARTED,Carrier-B,2026-08-10T02:44:00,2026-08-10T03:16:00
SHP-000127,ORD-000127,DC-12,LOADED,Carrier-C,2026-08-22T06:41:00,
SHP-000128,ORD-000128,DC-12,PLANNED,Carrier-B,2026-08-18T14:27:00,
SHP-000129,ORD-000129,DC-18,DEPARTED,Carrier-A,2026-08-19T09:09:00,2026-08-19T09:05:00
SHP-000130,ORD-000130,DC-01,DELAYED,Carrier-D,2026-08-04T12:38:00,
SHP-000131,ORD-000131,DC-09,LOADED,Carrier-C,2026-08-08T17:31:00,
SHP-000132,ORD-000132,DC-02,DEPARTED,Carrier-D,2026-08-24T03:17:00,
SHP-000133,ORD-000133,DC-03,PLANNED,Carrier-A,2026-08-23T03:59:00,2026-08-23T04:17:00
SHP-000134,ORD-000134,DC-11,DELAYED,Carrier-C,2026-08-07T14:51:00,2026-08-07T15:53:00
SHP-000135,ORD-000135,DC-10,LOADED,Carrier-D,2026-08-09T10:15:00,
SHP-000136,ORD-000136,DC-06,PLANNED,Carrier-D,2026-09-01T19:13:00,
SHP-000137,ORD-000137,DC-13,DELAYED,Carrier-C,2026-08-12T08:20:00,
SHP-000138,ORD-000138,DC-18,LOADED,Carrier-A,2026-09-04T09:32:00,2026-09-04T10:25:00
SHP-000139,ORD-000139,DC-05,AT_DOCK,Carrier-D,2026-08-05T18:52:00,
SHP-000140,ORD-000140,DC-02,DELAYED,Carrier-D,2026-09-02T09:41:00,2026-09-02T09:40:00
SHP-000141,ORD-000141,DC-15,LOADED,Carrier-B,2026-08-03T17:12:00,2026-08-03T18:04:00
SHP-000142,ORD-000142,DC-10,LOADED,Carrier-C,2026-08-10T18:18:00,2026-08-10T18:59:00
SHP-000143,ORD-000143,DC-16,DEPARTED,Carrier-A,2026-08-15T12:26:00,
SHP-000144,ORD-000144,DC-03,LOADED,Carrier-B,2026-08-17T06:22:00,2026-08-17T07:05:00
SHP-000145,ORD-000145,DC-01,PLANNED,Carrier-B,2026-08-15T09:10:00,
SHP-000146,ORD-000146,DC-11,LOADED,Carrier-B,2026-08-19T13:57:00,
SHP-000147,ORD-000147,DC-16,DEPARTED,Carrier-B,2026-08-23T11:38:00,2026-08-23T12:27:00
SHP-000148,ORD-000148,DC-02,LOADED,Carrier-A,2026-08-30T12:49:00,
SHP-000149,ORD-000149,DC-07,PLANNED,Carrier-B,2026-08-23T03:42:00,
SHP-000150,ORD-000150,DC-15,LOADED,Carrier-C,2026-08-19T10:35:00,
SHP-000151,ORD-000151,DC-01,DEPARTED,Carrier-D,2026-08-17T00:53:00,
SHP-000152,ORD-000152,DC-10,AT_DOCK,Carrier-C,2026-08-17T22:25:00,
SHP-000153,ORD-000153,DC-02,DEPARTED,Carrier-A,2026-08-26T00:32:00,2026-08-26T00:37:00
SHP-000154,ORD-000154,DC-08,DELAYED,Carrier-B,2026-08-13T12:22:00,2026-08-13T12:24:00
SHP-000155,ORD-000155,DC-16,LOADED,Carrier-B,2026-08-27T14:14:00,
SHP-000156,ORD-000156,DC-03,BOOKED,Carrier-C,2026-08-23T17:55:00,2026-08-23T18:45:00
SHP-000157,ORD-000157,DC-10,PLANNED,Carrier-A,2026-08-07T05:41:00,
SHP-000158,ORD-000158,DC-03,BOOKED,Carrier-D,2026-08-03T07:31:00,
SHP-000159,ORD-000159,DC-13,LOADED,Carrier-D,2026-08-04T03:26:00,2026-08-04T03:48:00
SHP-000160,ORD-000160,DC-04,LOADED,Carrier-A,2026-08-03T03:14:00,
SHP-000161,ORD-000161,DC-01,DEPARTED,Carrier-A,2026-08-15T03:31:00,2026-08-15T04:24:00
SHP-000162,ORD-000162,DC-12,BOOKED,Carrier-D,2026-08-16T23:09:00,
SHP-000163,ORD-000163,DC-03,PLANNED,Carrier-B,2026-08-21T06:11:00,
SHP-000164,ORD-000164,DC-18,AT_DOCK,Carrier-D,2026-08-28T21:58:00,2026-08-28T22:25:00
SHP-000165,ORD-000165,DC-15,BOOKED,Carrier-C,2026-08-27T19:08:00,
SHP-000166,ORD-000166,DC-05,BOOKED,Carrier-D,2026-08-08T02:10:00,2026-08-08T02:01:00
SHP-000167,ORD-000167,DC-17,PLANNED,Carrier-B,2026-09-04T01:27:00,2026-09-04T02:38:00
SHP-000168,ORD-000168,DC-15,PLANNED,Carrier-B,2026-09-02T06:56:00,
SHP-000169,ORD-000169,DC-13,DELAYED,Carrier-D,2026-08-05T19:18:00,
SHP-000170,ORD-000170,DC-07,DELAYED,Carrier-C,2026-08-21T02:52:00,2026-08-21T04:03:00
SHP-000171,ORD-000171,DC-03,PLANNED,Carrier-A,2026-08-01T16:36:00,2026-08-01T16:30:00
SHP-000172,ORD-000172,DC-16,LOADED,Carrier-A,2026-08-07T15:54:00,
SHP-000173,ORD-000173,DC-08,BOOKED,Carrier-D,2026-08-23T00:10:00,2026-08-23T00:08:00
SHP-000174,ORD-000174,DC-12,PLANNED,Carrier-A,2026-08-01T22:16:00,
SHP-000175,ORD-000175,DC-17,AT_DOCK,Carrier-C,2026-08-17T08:13:00,2026-08-17T09:05:00
SHP-000176,ORD-000176,DC-17,AT_DOCK,Carrier-C,2026-08-12T20:41:00,
SHP-000177,ORD-000177,DC-03,AT_DOCK,Carrier-C,2026-08-22T21:47:00,2026-08-22T21:53:00
SHP-000178,ORD-000178,DC-07,DEPARTED,Carrier-C,2026-08-07T06:27:00,
SHP-000179,ORD-000179,DC-03,DELAYED,Carrier-A,2026-08-31T15:43:00,
SHP-000180,ORD-000180,DC-09,DEPARTED,Carrier-D,2026-08-23T11:23:00,2026-08-23T11:26:00
SHP-000181,ORD-000181,DC-18,DEPARTED,Carrier-A,2026-09-04T13:05:00,
SHP-000182,ORD-000182,DC-04,DELAYED,Carrier-B,2026-08-27T03:18:00,2026-08-27T04:24:00
SHP-000183,ORD-000183,DC-05,PLANNED,Carrier-A,2026-08-20T12:48:00,
SHP-000184,ORD-000184,DC-07,PLANNED,Carrier-D,2026-08-04T11:44:00,
SHP-000185,ORD-000185,DC-16,AT_DOCK,Carrier-A,2026-08-19T20:06:00,
SHP-000186,ORD-000186,DC-15,DELAYED,Carrier-A,2026-08-26T18:01:00,
SHP-000187,ORD-000187,DC-10,BOOKED,Carrier-C,2026-08-12T23:45:00,2026-08-13T00:15:00
SHP-000188,ORD-000188,DC-13,DEPARTED,Carrier-B,2026-08-15T08:34:00,
SHP-000189,ORD-000189,DC-14,DELAYED,Carrier-D,2026-08-06T21:28:00,2026-08-06T22:25:00
SHP-000190,ORD-000190,DC-03,DELAYED,Carrier-D,2026-08-20T17:41:00,
SHP-000191,ORD-000191,DC-02,PLANNED,Carrier-C,2026-08-25T11:29:00,
SHP-000192,ORD-000192,DC-18,DEPARTED,Carrier-A,2026-08-21T10:24:00,
SHP-000193,ORD-000193,DC-16,PLANNED,Carrier-B,2026-08-20T17:44:00,2026-08-20T18:12:00
SHP-000194,ORD-000194,DC-07,DELAYED,Carrier-B,2026-09-01T12:07:00,
SHP-000195,ORD-000195,DC-07,DELAYED,Carrier-B,2026-08-07T03:17:00,2026-08-07T03:31:00
SHP-000196,ORD-000196,DC-03,PLANNED,Carrier-D,2026-08-23T15:48:00,
SHP-000197,ORD-000197,DC-02,DELAYED,Carrier-A,2026-08-06T17:25:00,
SHP-000198,ORD-000198,DC-06,PLANNED,Carrier-D,2026-08-02T11:39:00,2026-08-02T11:20:00
SHP-000199,ORD-000199,DC-14,DEPARTED,Carrier-D,2026-08-12T15:09:00,
SHP-000200,ORD-000200,DC-17,BOOKED,Carrier-B,2026-08-04T01:06:00,
SHP-000201,ORD-000201,DC-16,DELAYED,Carrier-C,2026-08-05T05:05:00,
SHP-000202,ORD-000202,DC-13,DELAYED,Carrier-D,2026-08-12T10:14:00,
SHP-000203,ORD-000203,DC-10,AT_DOCK,Carrier-C,2026-08-26T12:12:00,2026-08-26T12:36:00
SHP-000204,ORD-000204,DC-15,LOADED,Carrier-A,2026-08-03T10:01:00,
SHP-000205,ORD-000205,DC-10,DEPARTED,Carrier-A,2026-08-25T10:26:00,2026-08-25T11:00:00
SHP-000206,ORD-000206,DC-06,DEPARTED,Carrier-C,2026-08-04T02:46:00,
SHP-000207,ORD-000207,DC-05,DEPARTED,Carrier-A,2026-08-07T08:41:00,
SHP-000208,ORD-000208,DC-08,DELAYED,Carrier-D,2026-08-29T17:53:00,
SHP-000209,ORD-000209,DC-01,LOADED,Carrier-A,2026-08-12T14:55:00,
SHP-000210,ORD-000210,DC-18,AT_DOCK,Carrier-C,2026-08-27T20:14:00,
SHP-000211,ORD-000211,DC-06,AT_DOCK,Carrier-D,2026-08-07T09:21:00,2026-08-07T09:17:00
SHP-000212,ORD-000212,DC-07,AT_DOCK,Carrier-B,2026-08-03T08:49:00,2026-08-03T09:33:00
SHP-000213,ORD-000213,DC-09,PLANNED,Carrier-C,2026-08-10T06:42:00,
SHP-000214,ORD-000214,DC-01,LOADED,Carrier-B,2026-08-11T19:48:00,2026-08-11T20:37:00
SHP-000215,ORD-000215,DC-06,LOADED,Carrier-C,2026-08-27T03:21:00,2026-08-27T04:31:00
SHP-000216,ORD-000216,DC-09,AT_DOCK,Carrier-C,2026-08-08T06:19:00,
SHP-000217,ORD-000217,DC-06,LOADED,Carrier-A,2026-08-24T13:47:00,
SHP-000218,ORD-000218,DC-10,LOADED,Carrier-B,2026-08-29T03:15:00,
SHP-000219,ORD-000219,DC-14,LOADED,Carrier-B,2026-08-24T18:03:00,
SHP-000220,ORD-000220,DC-18,LOADED,Carrier-C,2026-09-02T05:29:00,
SHP-000221,ORD-000221,DC-09,DEPARTED,Carrier-C,2026-08-29T08:52:00,
SHP-000222,ORD-000222,DC-07,DELAYED,Carrier-B,2026-08-20T14:07:00,2026-08-20T15:20:00
SHP-000223,ORD-000223,DC-11,BOOKED,Carrier-A,2026-09-05T08:31:00,
SHP-000224,ORD-000224,DC-05,DEPARTED,Carrier-C,2026-08-18T02:59:00,
SHP-000225,ORD-000225,DC-10,PLANNED,Carrier-D,2026-08-25T22:01:00,
SHP-000226,ORD-000226,DC-10,DEPARTED,Carrier-B,2026-08-27T00:24:00,2026-08-27T00:58:00
SHP-000227,ORD-000227,DC-15,DELAYED,Carrier-B,2026-08-27T14:18:00,2026-08-27T14:10:00
SHP-000228,ORD-000228,DC-10,BOOKED,Carrier-D,2026-08-15T23:49:00,2026-08-15T23:46:00
SHP-000229,ORD-000229,DC-11,DELAYED,Carrier-A,2026-08-08T05:12:00,
SHP-000230,ORD-000230,DC-14,LOADED,Carrier-A,2026-08-26T06:25:00,
SHP-000231,ORD-000231,DC-04,LOADED,Carrier-C,2026-08-25T05:12:00,
SHP-000232,ORD-000232,DC-09,DELAYED,Carrier-D,2026-09-04T13:32:00,
SHP-000233,ORD-000233,DC-14,LOADED,Carrier-C,2026-08-17T14:28:00,
SHP-000234,ORD-000234,DC-03,BOOKED,Carrier-A,2026-08-05T20:13:00,2026-08-05T20:11:00
SHP-000235,ORD-000235,DC-05,LOADED,Carrier-A,2026-09-03T13:45:00,2026-09-03T14:44:00
SHP-000236,ORD-000236,DC-03,BOOKED,Carrier-A,2026-08-28T17:23:00,
SHP-000237,ORD-000237,DC-13,LOADED,Carrier-B,2026-08-20T15:10:00,2026-08-20T15:55:00
SHP-000238,ORD-000238,DC-14,DELAYED,Carrier-A,2026-08-19T09:46:00,
SHP-000239,ORD-000239,DC-17,PLANNED,Carrier-D,2026-08-27T09:33:00,2026-08-27T09:50:00
SHP-000240,ORD-000240,DC-06,DELAYED,Carrier-B,2026-08-20T12:29:00,2026-08-20T12:41:00
SHP-000241,ORD-000241,DC-17,DEPARTED,Carrier-C,2026-08-30T13:20:00,
SHP-000242,ORD-000242,DC-05,PLANNED,Carrier-C,2026-08-26T04:50:00,
SHP-000243,ORD-000243,DC-17,LOADED,Carrier-C,2026-08-19T00:33:00,
SHP-000244,ORD-000244,DC-10,AT_DOCK,Carrier-D,2026-08-06T22:57:00,
SHP-000245,ORD-000245,DC-01,DEPARTED,Carrier-A,2026-08-26T09:29:00,
SHP-000246,ORD-000246,DC-04,DELAYED,Carrier-A,2026-08-13T02:02:00,
SHP-000247,ORD-000247,DC-01,AT_DOCK,Carrier-B,2026-08-18T23:04:00,2026-08-18T23:08:00
SHP-000248,ORD-000248,DC-18,DELAYED,Carrier-A,2026-08-23T08:19:00,
SHP-000249,ORD-000249,DC-07,DEPARTED,Carrier-B,2026-08-27T08:25:00,
SHP-000250,ORD-000250,DC-10,BOOKED,Carrier-D,2026-08-10T06:47:00,2026-08-10T07:52:00
SHP-000251,ORD-000251,DC-04,LOADED,Carrier-D,2026-08-26T20:44:00,
SHP-000252,ORD-000252,DC-06,LOADED,Carrier-C,2026-08-12T13:58:00,
SHP-000253,ORD-000253,DC-06,DEPARTED,Carrier-A,2026-08-10T09:27:00,
SHP-000254,ORD-000254,DC-07,BOOKED,Carrier-D,2026-09-03T00:10:00,
SHP-000255,ORD-000255,DC-11,AT_DOCK,Carrier-C,2026-08-20T03:51:00,
SHP-000256,ORD-000256,DC-08,PLANNED,Carrier-B,2026-08-11T13:36:00,
SHP-000257,ORD-000257,DC-14,LOADED,Carrier-D,2026-08-22T14:26:00,
SHP-000258,ORD-000258,DC-03,PLANNED,Carrier-C,2026-08-02T10:23:00,
SHP-000259,ORD-000259,DC-14,BOOKED,Carrier-B,2026-08-18T05:01:00,2026-08-18T05:28:00
SHP-000260,ORD-000260,DC-14,DELAYED,Carrier-C,2026-08-08T13:48:00,
SHP-000261,ORD-000261,DC-09,AT_DOCK,Carrier-A,2026-08-13T20:06:00,2026-08-13T20:04:00
SHP-000262,ORD-000262,DC-09,PLANNED,Carrier-B,2026-08-21T14:15:00,
SHP-000263,ORD-000263,DC-04,DEPARTED,Carrier-C,2026-08-11T18:38:00,
SHP-000264,ORD-000264,DC-06,BOOKED,Carrier-D,2026-08-17T09:41:00,
SHP-000265,ORD-000265,DC-15,PLANNED,Carrier-D,2026-08-31T17:35:00,
SHP-000266,ORD-000266,DC-12,DEPARTED,Carrier-A,2026-08-18T12:25:00,2026-08-18T12:59:00
SHP-000267,ORD-000267,DC-16,BOOKED,Carrier-D,2026-08-25T14:28:00,2026-08-25T14:59:00
SHP-000268,ORD-000268,DC-02,BOOKED,Carrier-C,2026-08-26T16:22:00,2026-08-26T17:05:00
SHP-000269,ORD-000269,DC-15,PLANNED,Carrier-D,2026-08-26T10:55:00,2026-08-26T10:50:00
SHP-000270,ORD-000270,DC-03,DEPARTED,Carrier-D,2026-08-11T02:44:00,
SHP-000271,ORD-000271,DC-15,PLANNED,Carrier-A,2026-09-03T22:23:00,
SHP-000272,ORD-000272,DC-03,AT_DOCK,Carrier-B,2026-08-30T23:07:00,
SHP-000273,ORD-000273,DC-13,AT_DOCK,Carrier-D,2026-08-14T09:40:00,2026-08-14T10:30:00
SHP-000274,ORD-000274,DC-10,PLANNED,Carrier-C,2026-09-01T20:52:00,2026-09-01T20:55:00
SHP-000275,ORD-000275,DC-04,DELAYED,Carrier-C,2026-08-16T06:53:00,
SHP-000276,ORD-000276,DC-13,AT_DOCK,Carrier-D,2026-08-02T15:21:00,2026-08-02T15:01:00
SHP-000277,ORD-000277,DC-05,PLANNED,Carrier-C,2026-08-31T20:46:00,
SHP-000278,ORD-000278,DC-17,LOADED,Carrier-D,2026-08-14T10:54:00,
SHP-000279,ORD-000279,DC-03,BOOKED,Carrier-B,2026-09-01T13:46:00,
SHP-000280,ORD-000280,DC-05,PLANNED,Carrier-B,2026-09-01T18:56:00,
SHP-000281,ORD-000281,DC-02,DEPARTED,Carrier-A,2026-08-11T19:01:00,
SHP-000282,ORD-000282,DC-09,DELAYED,Carrier-C,2026-08-21T03:33:00,2026-08-21T04:37:00
SHP-000283,ORD-000283,DC-11,BOOKED,Carrier-D,2026-08-10T22:50:00,2026-08-10T23:01:00
SHP-000284,ORD-000284,DC-08,DEPARTED,Carrier-B,2026-08-21T10:34:00,
SHP-000285,ORD-000285,DC-10,DEPARTED,Carrier-B,2026-08-03T17:23:00,
SHP-000286,ORD-000286,DC-11,BOOKED,Carrier-B,2026-08-07T12:23:00,2026-08-07T12:57:00
SHP-000287,ORD-000287,DC-07,DELAYED,Carrier-C,2026-08-05T00:38:00,2026-08-05T01:46:00
SHP-000288,ORD-000288,DC-06,LOADED,Carrier-A,2026-08-08T09:33:00,2026-08-08T09:49:00
SHP-000289,ORD-000289,DC-17,DEPARTED,Carrier-B,2026-08-07T02:47:00,
SHP-000290,ORD-000290,DC-11,LOADED,Carrier-B,2026-08-11T08:39:00,
SHP-000291,ORD-000291,DC-17,LOADED,Carrier-B,2026-08-17T07:39:00,2026-08-17T07:28:00
SHP-000292,ORD-000292,DC-10,DELAYED,Carrier-C,2026-08-13T04:01:00,2026-08-13T04:49:00
SHP-000293,ORD-000293,DC-05,DELAYED,Carrier-B,2026-08-07T01:56:00,2026-08-07T02:55:00
SHP-000294,ORD-000294,DC-15,PLANNED,Carrier-C,2026-08-05T05:18:00,2026-08-05T06:18:00
SHP-000295,ORD-000295,DC-10,AT_DOCK,Carrier-B,2026-08-18T21:17:00,
SHP-000296,ORD-000296,DC-06,DEPARTED,Carrier-C,2026-08-18T15:39:00,
SHP-000297,ORD-000297,DC-02,DELAYED,Carrier-B,2026-08-26T17:46:00,
SHP-000298,ORD-000298,DC-18,LOADED,Carrier-A,2026-08-06T11:58:00,
SHP-000299,ORD-000299,DC-07,DEPARTED,Carrier-D,2026-08-08T22:38:00,2026-08-08T23:30:00
SHP-000300,ORD-000300,DC-11,AT_DOCK,Carrier-C,2026-08-03T02:04:00,
SHP-000301,ORD-000301,DC-04,BOOKED,Carrier-A,2026-08-23T21:41:00,
SHP-000302,ORD-000302,DC-14,LOADED,Carrier-D,2026-08-31T07:49:00,2026-08-31T08:41:00
SHP-000303,ORD-000303,DC-13,BOOKED,Carrier-B,2026-08-29T04:52:00,
SHP-000304,ORD-000304,DC-01,LOADED,Carrier-C,2026-08-30T19:14:00,2026-08-30T20:04:00
SHP-000305,ORD-000305,DC-04,DEPARTED,Carrier-D,2026-08-09T01:21:00,
SHP-000306,ORD-000306,DC-17,AT_DOCK,Carrier-A,2026-08-07T02:37:00,2026-08-07T03:11:00
SHP-000307,ORD-000307,DC-05,DELAYED,Carrier-A,2026-08-06T21:19:00,2026-08-06T22:04:00
SHP-000308,ORD-000308,DC-04,DEPARTED,Carrier-D,2026-08-05T21:52:00,2026-08-05T22:24:00
SHP-000309,ORD-000309,DC-15,BOOKED,Carrier-A,2026-08-16T01:57:00,
SHP-000310,ORD-000310,DC-09,DEPARTED,Carrier-A,2026-08-16T06:35:00,2026-08-16T07:06:00
SHP-000311,ORD-000311,DC-07,DELAYED,Carrier-A,2026-08-16T08:31:00,2026-08-16T08:38:00
SHP-000312,ORD-000312,DC-06,AT_DOCK,Carrier-B,2026-08-06T12:56:00,
SHP-000313,ORD-000313,DC-12,DEPARTED,Carrier-A,2026-08-15T11:32:00,
SHP-000314,ORD-000314,DC-12,PLANNED,Carrier-C,2026-09-02T08:16:00,
SHP-000315,ORD-000315,DC-17,DELAYED,Carrier-A,2026-08-10T08:55:00,2026-08-10T08:45:00
SHP-000316,ORD-000316,DC-17,PLANNED,Carrier-B,2026-08-15T10:08:00,2026-08-15T10:08:00
SHP-000317,ORD-000317,DC-14,DELAYED,Carrier-B,2026-08-09T07:23:00,
SHP-000318,ORD-000318,DC-05,LOADED,Carrier-B,2026-09-03T04:09:00,2026-09-03T05:07:00
SHP-000319,ORD-000319,DC-04,PLANNED,Carrier-B,2026-08-29T22:41:00,
SHP-000320,ORD-000320,DC-17,AT_DOCK,Carrier-D,2026-08-31T12:14:00,2026-08-31T13:16:00
SHP-000321,ORD-000321,DC-10,LOADED,Carrier-D,2026-09-01T12:20:00,2026-09-01T13:20:00
SHP-000322,ORD-000322,DC-18,AT_DOCK,Carrier-D,2026-08-18T12:42:00,2026-08-18T12:24:00
SHP-000323,ORD-000323,DC-03,BOOKED,Carrier-D,2026-08-11T17:52:00,
SHP-000324,ORD-000324,DC-03,DELAYED,Carrier-A,2026-08-17T23:40:00,2026-08-18T00:34:00
SHP-000325,ORD-000325,DC-08,AT_DOCK,Carrier-C,2026-08-01T20:43:00,
SHP-000326,ORD-000326,DC-15,PLANNED,Carrier-C,2026-08-12T22:01:00,
SHP-000327,ORD-000327,DC-17,DEPARTED,Carrier-C,2026-08-16T03:02:00,2026-08-16T02:46:00
SHP-000328,ORD-000328,DC-13,LOADED,Carrier-A,2026-08-13T03:18:00,
SHP-000329,ORD-000329,DC-07,DEPARTED,Carrier-A,2026-08-18T18:07:00,2026-08-18T19:02:00
SHP-000330,ORD-000330,DC-01,AT_DOCK,Carrier-B,2026-08-03T21:27:00,
SHP-000331,ORD-000331,DC-13,PLANNED,Carrier-D,2026-08-12T23:50:00,
SHP-000332,ORD-000332,DC-02,PLANNED,Carrier-A,2026-09-03T10:48:00,2026-09-03T10:51:00
SHP-000333,ORD-000333,DC-13,DEPARTED,Carrier-D,2026-08-31T06:52:00,2026-08-31T06:45:00
SHP-000334,ORD-000334,DC-14,LOADED,Carrier-A,2026-09-02T15:53:00,
SHP-000335,ORD-000335,DC-10,DEPARTED,Carrier-A,2026-08-02T16:58:00,
SHP-000336,ORD-000336,DC-16,PLANNED,Carrier-C,2026-09-03T17:46:00,
SHP-000337,ORD-000337,DC-15,DELAYED,Carrier-A,2026-08-11T18:39:00,
SHP-000338,ORD-000338,DC-02,LOADED,Carrier-A,2026-08-14T06:56:00,
SHP-000339,ORD-000339,DC-16,PLANNED,Carrier-A,2026-08-25T15:23:00,2026-08-25T15:14:00
SHP-000340,ORD-000340,DC-15,LOADED,Carrier-C,2026-08-06T17:04:00,
SHP-000341,ORD-000341,DC-04,DELAYED,Carrier-C,2026-08-02T04:28:00,
SHP-000342,ORD-000342,DC-08,LOADED,Carrier-A,2026-08-16T14:18:00,
SHP-000343,ORD-000343,DC-01,DELAYED,Carrier-B,2026-09-02T14:51:00,2026-09-02T15:28:00
SHP-000344,ORD-000344,DC-06,BOOKED,Carrier-B,2026-08-12T07:42:00,
SHP-000345,ORD-000345,DC-11,AT_DOCK,Carrier-C,2026-08-16T13:58:00,
SHP-000346,ORD-000346,DC-08,AT_DOCK,Carrier-A,2026-09-03T21:35:00,
SHP-000347,ORD-000347,DC-13,AT_DOCK,Carrier-B,2026-09-05T01:49:00,
SHP-000348,ORD-000348,DC-05,PLANNED,Carrier-B,2026-08-11T08:16:00,
SHP-000349,ORD-000349,DC-08,BOOKED,Carrier-D,2026-08-23T13:54:00,2026-08-23T13:52:00
SHP-000350,ORD-000350,DC-11,DEPARTED,Carrier-A,2026-08-26T07:59:00,
SHP-000351,ORD-000351,DC-05,DELAYED,Carrier-B,2026-08-18T05:17:00,2026-08-18T05:49:00
SHP-000352,ORD-000352,DC-15,LOADED,Carrier-C,2026-08-03T20:12:00,2026-08-03T21:04:00
SHP-000353,ORD-000353,DC-15,PLANNED,Carrier-A,2026-08-08T01:34:00,2026-08-08T01:56:00
SHP-000354,ORD-000354,DC-10,LOADED,Carrier-B,2026-08-10T06:05:00,2026-08-10T06:04:00
SHP-000355,ORD-000355,DC-08,DEPARTED,Carrier-D,2026-08-30T09:43:00,2026-08-30T10:34:00
SHP-000356,ORD-000356,DC-05,DELAYED,Carrier-D,2026-08-08T09:28:00,
SHP-000357,ORD-000357,DC-03,PLANNED,Carrier-D,2026-08-09T21:53:00,2026-08-09T22:10:00
SHP-000358,ORD-000358,DC-15,LOADED,Carrier-C,2026-08-28T21:46:00,
SHP-000359,ORD-000359,DC-07,PLANNED,Carrier-A,2026-08-15T20:38:00,
SHP-000360,ORD-000360,DC-07,DEPARTED,Carrier-A,2026-08-12T13:30:00,2026-08-12T14:01:00
SHP-000361,ORD-000361,DC-11,BOOKED,Carrier-A,2026-08-21T01:54:00,2026-08-21T02:39:00
SHP-000362,ORD-000362,DC-09,LOADED,Carrier-A,2026-08-05T02:48:00,2026-08-05T02:28:00
SHP-000363,ORD-000363,DC-17,AT_DOCK,Carrier-D,2026-08-06T20:39:00,2026-08-06T21:13:00
SHP-000364,ORD-000364,DC-12,PLANNED,Carrier-C,2026-08-28T11:16:00,
SHP-000365,ORD-000365,DC-04,LOADED,Carrier-A,2026-08-22T20:42:00,
SHP-000366,ORD-000366,DC-14,DELAYED,Carrier-C,2026-08-19T04:27:00,
SHP-000367,ORD-000367,DC-12,DEPARTED,Carrier-B,2026-08-17T20:49:00,
SHP-000368,ORD-000368,DC-14,LOADED,Carrier-D,2026-08-24T07:19:00,
SHP-000369,ORD-000369,DC-15,DEPARTED,Carrier-B,2026-09-05T01:32:00,
SHP-000370,ORD-000370,DC-17,LOADED,Carrier-C,2026-08-08T07:26:00,2026-08-08T08:26:00
SHP-000371,ORD-000371,DC-10,BOOKED,Carrier-C,2026-08-02T08:32:00,
SHP-000372,ORD-000372,DC-16,LOADED,Carrier-A,2026-08-26T15:21:00,2026-08-26T15:12:00
SHP-000373,ORD-000373,DC-11,LOADED,Carrier-C,2026-08-24T19:23:00,
SHP-000374,ORD-000374,DC-10,BOOKED,Carrier-D,2026-08-15T22:56:00,
SHP-000375,ORD-000375,DC-18,AT_DOCK,Carrier-B,2026-08-21T09:28:00,
SHP-000376,ORD-000376,DC-07,DEPARTED,Carrier-A,2026-08-10T22:32:00,2026-08-10T22:41:00
SHP-000377,ORD-000377,DC-11,BOOKED,Carrier-A,2026-08-19T05:56:00,2026-08-19T05:50:00
SHP-000378,ORD-000378,DC-06,PLANNED,Carrier-D,2026-08-11T17:27:00,
SHP-000379,ORD-000379,DC-17,DEPARTED,Carrier-A,2026-08-19T14:27:00,2026-08-19T14:34:00
SHP-000380,ORD-000380,DC-13,PLANNED,Carrier-B,2026-08-13T04:40:00,
SHP-000381,ORD-000381,DC-13,LOADED,Carrier-B,2026-08-24T20:06:00,
SHP-000382,ORD-000382,DC-11,DEPARTED,Carrier-C,2026-08-15T22:38:00,2026-08-15T22:19:00
SHP-000383,ORD-000383,DC-05,AT_DOCK,Carrier-C,2026-09-04T17:01:00,2026-09-04T17:45:00
SHP-000384,ORD-000384,DC-12,AT_DOCK,Carrier-A,2026-08-25T18:52:00,
SHP-000385,ORD-000385,DC-10,AT_DOCK,Carrier-A,2026-08-19T23:01:00,
SHP-000386,ORD-000386,DC-08,LOADED,Carrier-C,2026-08-07T16:24:00,
SHP-000387,ORD-000387,DC-02,BOOKED,Carrier-D,2026-08-15T02:08:00,2026-08-15T03:16:00
SHP-000388,ORD-000388,DC-18,LOADED,Carrier-A,2026-08-19T18:56:00,
SHP-000389,ORD-000389,DC-18,LOADED,Carrier-A,2026-08-22T01:04:00,
SHP-000390,ORD-000390,DC-05,DEPARTED,Carrier-B,2026-08-31T00:55:00,
SHP-000391,ORD-000391,DC-04,AT_DOCK,Carrier-A,2026-08-30T16:37:00,
SHP-000392,ORD-000392,DC-06,DELAYED,Carrier-D,2026-09-04T03:25:00,
SHP-000393,ORD-000393,DC-01,DELAYED,Carrier-D,2026-08-30T10:10:00,2026-08-30T10:55:00
SHP-000394,ORD-000394,DC-05,BOOKED,Carrier-D,2026-08-22T21:53:00,
SHP-000395,ORD-000395,DC-03,DEPARTED,Carrier-C,2026-08-03T01:10:00,2026-08-03T01:33:00
SHP-000396,ORD-000396,DC-10,AT_DOCK,Carrier-D,2026-08-16T03:17:00,
SHP-000397,ORD-000397,DC-13,DELAYED,Carrier-C,2026-08-16T01:12:00,
SHP-000398,ORD-000398,DC-14,PLANNED,Carrier-D,2026-08-23T21:18:00,
SHP-000399,ORD-000399,DC-14,BOOKED,Carrier-C,2026-08-08T08:07:00,2026-08-08T09:07:00
SHP-000400,ORD-000400,DC-13,PLANNED,Carrier-B,2026-08-19T01:02:00,
SHP-000401,ORD-000401,DC-12,DELAYED,Carrier-B,2026-08-22T14:08:00,2026-08-22T14:21:00
SHP-000402,ORD-000402,DC-03,BOOKED,Carrier-D,2026-08-25T14:40:00,2026-08-25T15:34:00
SHP-000403,ORD-000403,DC-12,PLANNED,Carrier-A,2026-08-27T19:52:00,2026-08-27T19:59:00
SHP-000404,ORD-000404,DC-04,BOOKED,Carrier-A,2026-08-11T17:19:00,2026-08-11T18:29:00
SHP-000405,ORD-000405,DC-16,AT_DOCK,Carrier-A,2026-08-23T18:05:00,2026-08-23T18:27:00
SHP-000406,ORD-000406,DC-16,AT_DOCK,Carrier-D,2026-08-04T05:45:00,
SHP-000407,ORD-000407,DC-17,LOADED,Carrier-B,2026-09-05T03:42:00,2026-09-05T04:21:00
SHP-000408,ORD-000408,DC-15,LOADED,Carrier-C,2026-08-07T20:54:00,
SHP-000409,ORD-000409,DC-18,AT_DOCK,Carrier-A,2026-08-12T23:32:00,
SHP-000410,ORD-000410,DC-07,DEPARTED,Carrier-C,2026-09-03T04:55:00,
SHP-000411,ORD-000411,DC-13,AT_DOCK,Carrier-C,2026-08-21T09:17:00,2026-08-21T10:29:00
SHP-000412,ORD-000412,DC-03,PLANNED,Carrier-A,2026-08-08T14:53:00,
SHP-000413,ORD-000413,DC-17,LOADED,Carrier-C,2026-08-08T08:24:00,
SHP-000414,ORD-000414,DC-14,PLANNED,Carrier-C,2026-08-18T11:25:00,
SHP-000415,ORD-000415,DC-05,LOADED,Carrier-B,2026-08-23T21:04:00,2026-08-23T22:18:00
SHP-000416,ORD-000416,DC-04,AT_DOCK,Carrier-C,2026-08-30T15:31:00,2026-08-30T16:31:00
SHP-000417,ORD-000417,DC-18,AT_DOCK,Carrier-A,2026-08-21T04:25:00,2026-08-21T04:21:00
SHP-000418,ORD-000418,DC-04,AT_DOCK,Carrier-C,2026-08-23T05:04:00,
SHP-000419,ORD-000419,DC-14,DEPARTED,Carrier-A,2026-08-01T14:27:00,
SHP-000420,ORD-000420,DC-04,DELAYED,Carrier-A,2026-09-01T06:37:00,
SHP-000421,ORD-000421,DC-01,AT_DOCK,Carrier-C,2026-08-27T22:05:00,
SHP-000422,ORD-000422,DC-05,LOADED,Carrier-A,2026-08-04T14:26:00,
SHP-000423,ORD-000423,DC-01,LOADED,Carrier-C,2026-08-16T15:00:00,2026-08-16T16:10:00
SHP-000424,ORD-000424,DC-03,PLANNED,Carrier-B,2026-09-02T19:29:00,
SHP-000425,ORD-000425,DC-16,BOOKED,Carrier-C,2026-08-09T02:02:00,2026-08-09T03:10:00
SHP-000426,ORD-000426,DC-08,DEPARTED,Carrier-A,2026-08-31T15:08:00,
SHP-000427,ORD-000427,DC-08,PLANNED,Carrier-A,2026-08-24T08:21:00,2026-08-24T08:38:00
SHP-000428,ORD-000428,DC-12,DELAYED,Carrier-C,2026-08-02T04:52:00,
SHP-000429,ORD-000429,DC-14,PLANNED,Carrier-C,2026-08-08T12:26:00,
SHP-000430,ORD-000430,DC-01,BOOKED,Carrier-A,2026-08-10T21:17:00,2026-08-10T21:01:00
SHP-000431,ORD-000431,DC-15,AT_DOCK,Carrier-B,2026-08-07T05:46:00,
SHP-000432,ORD-000432,DC-18,PLANNED,Carrier-D,2026-08-13T10:15:00,2026-08-13T10:49:00
SHP-000433,ORD-000433,DC-18,PLANNED,Carrier-B,2026-08-29T23:00:00,
SHP-000434,ORD-000434,DC-01,AT_DOCK,Carrier-B,2026-08-15T15:00:00,
SHP-000435,ORD-000435,DC-03,AT_DOCK,Carrier-C,2026-08-23T10:21:00,2026-08-23T11:12:00
SHP-000436,ORD-000436,DC-18,LOADED,Carrier-A,2026-08-16T11:45:00,2026-08-16T12:17:00
SHP-000437,ORD-000437,DC-16,LOADED,Carrier-C,2026-09-04T01:38:00,
SHP-000438,ORD-000438,DC-02,BOOKED,Carrier-C,2026-08-12T06:33:00,
SHP-000439,ORD-000439,DC-12,LOADED,Carrier-C,2026-08-20T11:19:00,2026-08-20T12:28:00
SHP-000440,ORD-000440,DC-05,BOOKED,Carrier-C,2026-08-18T06:04:00,
SHP-000441,ORD-000441,DC-13,DELAYED,Carrier-A,2026-08-24T10:50:00,
SHP-000442,ORD-000442,DC-03,DEPARTED,Carrier-A,2026-09-03T22:39:00,
SHP-000443,ORD-000443,DC-02,BOOKED,Carrier-A,2026-09-03T08:48:00,
SHP-000444,ORD-000444,DC-07,DEPARTED,Carrier-A,2026-08-31T08:17:00,
SHP-000445,ORD-000445,DC-13,DELAYED,Carrier-D,2026-08-20T11:38:00,2026-08-20T12:30:00
SHP-000446,ORD-000446,DC-09,LOADED,Carrier-D,2026-08-04T01:16:00,2026-08-04T01:20:00
SHP-000447,ORD-000447,DC-17,PLANNED,Carrier-C,2026-08-22T06:41:00,
SHP-000448,ORD-000448,DC-07,AT_DOCK,Carrier-C,2026-08-21T20:50:00,
SHP-000449,ORD-000449,DC-12,PLANNED,Carrier-A,2026-09-01T23:12:00,2026-09-01T23:29:00
SHP-000450,ORD-000450,DC-15,DEPARTED,Carrier-B,2026-08-06T15:27:00,
SHP-000451,ORD-000451,DC-14,DELAYED,Carrier-C,2026-08-19T15:56:00,
SHP-000452,ORD-000452,DC-04,DELAYED,Carrier-D,2026-08-01T11:12:00,
SHP-000453,ORD-000453,DC-16,LOADED,Carrier-D,2026-08-24T06:42:00,2026-08-24T06:26:00
SHP-000454,ORD-000454,DC-03,DELAYED,Carrier-B,2026-08-04T17:01:00,2026-08-04T18:00:00
SHP-000455,ORD-000455,DC-14,LOADED,Carrier-A,2026-08-22T01:03:00,
SHP-000456,ORD-000456,DC-01,BOOKED,Carrier-C,2026-08-20T22:17:00,
SHP-000457,ORD-000457,DC-13,PLANNED,Carrier-C,2026-08-17T19:05:00,2026-08-17T19:49:00
SHP-000458,ORD-000458,DC-03,DELAYED,Carrier-C,2026-08-16T01:53:00,
SHP-000459,ORD-000459,DC-04,DELAYED,Carrier-D,2026-08-17T08:12:00,
SHP-000460,ORD-000460,DC-12,LOADED,Carrier-D,2026-08-01T23:11:00,2026-08-02T00:15:00
SHP-000461,ORD-000461,DC-16,DELAYED,Carrier-D,2026-08-01T22:03:00,2026-08-01T23:16:00
SHP-000462,ORD-000462,DC-08,LOADED,Carrier-A,2026-08-25T04:29:00,
SHP-000463,ORD-000463,DC-03,AT_DOCK,Carrier-B,2026-09-01T07:13:00,
SHP-000464,ORD-000464,DC-18,BOOKED,Carrier-A,2026-08-15T12:43:00,
SHP-000465,ORD-000465,DC-04,DELAYED,Carrier-D,2026-08-04T12:43:00,2026-08-04T12:48:00
SHP-000466,ORD-000466,DC-07,DELAYED,Carrier-A,2026-08-06T09:34:00,
SHP-000467,ORD-000467,DC-10,DELAYED,Carrier-D,2026-08-12T05:40:00,
SHP-000468,ORD-000468,DC-15,DELAYED,Carrier-B,2026-08-02T17:59:00,2026-08-02T18:20:00
SHP-000469,ORD-000469,DC-03,DEPARTED,Carrier-D,2026-08-15T04:32:00,
SHP-000470,ORD-000470,DC-02,DELAYED,Carrier-B,2026-08-24T15:12:00,2026-08-24T15:25:00
SHP-000471,ORD-000471,DC-02,PLANNED,Carrier-B,2026-08-15T23:31:00,2026-08-16T00:35:00
SHP-000472,ORD-000472,DC-04,BOOKED,Carrier-D,2026-08-30T22:33:00,
SHP-000473,ORD-000473,DC-03,PLANNED,Carrier-D,2026-08-29T01:57:00,
SHP-000474,ORD-000474,DC-07,DELAYED,Carrier-C,2026-08-04T07:59:00,2026-08-04T07:39:00
SHP-000475,ORD-000475,DC-07,LOADED,Carrier-B,2026-08-29T10:56:00,
SHP-000476,ORD-000476,DC-13,DEPARTED,Carrier-B,2026-08-27T23:56:00,
SHP-000477,ORD-000477,DC-03,LOADED,Carrier-C,2026-08-14T08:22:00,2026-08-14T09:08:00
SHP-000478,ORD-000478,DC-09,BOOKED,Carrier-B,2026-08-13T05:12:00,2026-08-13T05:23:00
SHP-000479,ORD-000479,DC-09,DELAYED,Carrier-D,2026-09-03T19:09:00,2026-09-03T20:08:00
SHP-000480,ORD-000480,DC-16,PLANNED,Carrier-A,2026-08-06T03:06:00,2026-08-06T03:02:00
SHP-000481,ORD-000481,DC-08,DELAYED,Carrier-D,2026-08-16T04:45:00,
SHP-000482,ORD-000482,DC-17,AT_DOCK,Carrier-D,2026-08-06T00:13:00,
SHP-000483,ORD-000483,DC-13,DELAYED,Carrier-C,2026-08-19T09:45:00,2026-08-19T09:30:00
SHP-000484,ORD-000484,DC-03,PLANNED,Carrier-C,2026-08-17T06:23:00,2026-08-17T06:14:00
SHP-000485,ORD-000485,DC-12,BOOKED,Carrier-B,2026-08-20T12:49:00,2026-08-20T14:01:00
SHP-000486,ORD-000486,DC-01,BOOKED,Carrier-B,2026-08-19T15:52:00,
SHP-000487,ORD-000487,DC-05,BOOKED,Carrier-C,2026-08-28T22:45:00,2026-08-28T23:39:00
SHP-000488,ORD-000488,DC-18,DEPARTED,Carrier-D,2026-09-04T12:31:00,2026-09-04T13:07:00
SHP-000489,ORD-000489,DC-02,BOOKED,Carrier-B,2026-09-01T00:00:00,2026-09-01T00:18:00
SHP-000490,ORD-000490,DC-10,PLANNED,Carrier-C,2026-09-01T15:02:00,
SHP-000491,ORD-000491,DC-08,LOADED,Carrier-C,2026-08-21T18:56:00,
SHP-000492,ORD-000492,DC-06,PLANNED,Carrier-D,2026-08-15T05:01:00,
SHP-000493,ORD-000493,DC-07,DEPARTED,Carrier-C,2026-08-11T17:09:00,2026-08-11T16:55:00
SHP-000494,ORD-000494,DC-07,DELAYED,Carrier-D,2026-08-21T04:10:00,
SHP-000495,ORD-000495,DC-03,DELAYED,Carrier-A,2026-09-04T03:31:00,2026-09-04T03:30:00
SHP-000496,ORD-000496,DC-01,DEPARTED,Carrier-A,2026-08-07T23:58:00,
SHP-000497,ORD-000497,DC-10,BOOKED,Carrier-D,2026-08-15T18:00:00,2026-08-15T18:12:00
SHP-000498,ORD-000498,DC-09,DELAYED,Carrier-C,2026-08-02T00:09:00,2026-08-02T00:18:00
SHP-000499,ORD-000499,DC-01,AT_DOCK,Carrier-B,2026-09-01T02:19:00,
SHP-000500,ORD-000500,DC-05,BOOKED,Carrier-C,2026-08-04T01:36:00,
SHP-000501,ORD-000501,DC-01,AT_DOCK,Carrier-C,2026-08-13T12:17:00,2026-08-13T13:03:00
SHP-000502,ORD-000502,DC-14,LOADED,Carrier-A,2026-08-03T22:25:00,2026-08-03T23:40:00
SHP-000503,ORD-000503,DC-10,BOOKED,Carrier-B,2026-08-11T11:14:00,
SHP-000504,ORD-000504,DC-06,AT_DOCK,Carrier-C,2026-08-18T07:14:00,2026-08-18T08:15:00
SHP-000505,ORD-000505,DC-14,AT_DOCK,Carrier-A,2026-08-05T19:53:00,
SHP-000506,ORD-000506,DC-10,PLANNED,Carrier-A,2026-08-21T15:34:00,2026-08-21T15:28:00
SHP-000507,ORD-000507,DC-08,LOADED,Carrier-C,2026-08-13T20:40:00,
SHP-000508,ORD-000508,DC-12,LOADED,Carrier-B,2026-08-17T18:49:00,2026-08-17T20:01:00
SHP-000509,ORD-000509,DC-01,AT_DOCK,Carrier-A,2026-08-31T03:42:00,2026-08-31T04:54:00
SHP-000510,ORD-000510,DC-15,DEPARTED,Carrier-D,2026-08-20T10:40:00,2026-08-20T11:50:00
SHP-000511,ORD-000511,DC-05,DELAYED,Carrier-A,2026-08-31T21:05:00,2026-08-31T21:58:00
SHP-000512,ORD-000512,DC-05,PLANNED,Carrier-C,2026-08-12T23:33:00,2026-08-12T23:35:00
SHP-000513,ORD-000513,DC-18,AT_DOCK,Carrier-B,2026-08-27T06:19:00,
SHP-000514,ORD-000514,DC-16,PLANNED,Carrier-A,2026-09-02T06:40:00,
SHP-000515,ORD-000515,DC-06,BOOKED,Carrier-A,2026-08-28T10:08:00,
SHP-000516,ORD-000516,DC-08,PLANNED,Carrier-C,2026-08-20T17:19:00,2026-08-20T18:13:00
SHP-000517,ORD-000517,DC-13,DEPARTED,Carrier-B,2026-08-10T19:49:00,
SHP-000518,ORD-000518,DC-18,DEPARTED,Carrier-D,2026-09-02T23:05:00,
SHP-000519,ORD-000519,DC-08,BOOKED,Carrier-D,2026-08-11T15:06:00,
SHP-000520,ORD-000520,DC-05,AT_DOCK,Carrier-D,2026-08-05T02:11:00,
SHP-000521,ORD-000521,DC-15,BOOKED,Carrier-D,2026-08-10T02:23:00,
SHP-000522,ORD-000522,DC-14,PLANNED,Carrier-A,2026-08-30T05:21:00,
SHP-000523,ORD-000523,DC-17,BOOKED,Carrier-A,2026-08-09T05:48:00,2026-08-09T05:32:00
SHP-000524,ORD-000524,DC-14,LOADED,Carrier-D,2026-08-23T12:25:00,2026-08-23T13:27:00
SHP-000525,ORD-000525,DC-10,DEPARTED,Carrier-A,2026-08-12T09:14:00,2026-08-12T09:58:00
SHP-000526,ORD-000526,DC-12,PLANNED,Carrier-C,2026-08-15T16:52:00,
SHP-000527,ORD-000527,DC-02,BOOKED,Carrier-C,2026-08-08T19:59:00,2026-08-08T20:32:00
SHP-000528,ORD-000528,DC-15,DELAYED,Carrier-A,2026-09-05T10:44:00,
SHP-000529,ORD-000529,DC-16,DEPARTED,Carrier-D,2026-08-09T14:30:00,2026-08-09T15:42:00
SHP-000530,ORD-000530,DC-03,BOOKED,Carrier-A,2026-08-28T17:55:00,
SHP-000531,ORD-000531,DC-09,DELAYED,Carrier-D,2026-08-27T11:03:00,2026-08-27T10:59:00
SHP-000532,ORD-000532,DC-06,DEPARTED,Carrier-A,2026-08-22T20:11:00,2026-08-22T21:21:00
SHP-000533,ORD-000533,DC-14,BOOKED,Carrier-B,2026-08-28T01:00:00,2026-08-28T00:59:00
SHP-000534,ORD-000534,DC-18,DELAYED,Carrier-A,2026-08-17T18:16:00,
SHP-000535,ORD-000535,DC-04,AT_DOCK,Carrier-B,2026-08-10T18:33:00,
SHP-000536,ORD-000536,DC-15,AT_DOCK,Carrier-C,2026-08-19T02:14:00,
SHP-000537,ORD-000537,DC-09,BOOKED,Carrier-C,2026-08-18T11:12:00,2026-08-18T11:53:00
SHP-000538,ORD-000538,DC-11,AT_DOCK,Carrier-A,2026-08-17T03:44:00,
SHP-000539,ORD-000539,DC-05,AT_DOCK,Carrier-D,2026-08-06T05:51:00,2026-08-06T06:22:00
SHP-000540,ORD-000540,DC-09,BOOKED,Carrier-D,2026-08-06T05:26:00,2026-08-06T06:34:00
SHP-000541,ORD-000541,DC-02,BOOKED,Carrier-C,2026-08-20T05:20:00,
SHP-000542,ORD-000542,DC-16,DEPARTED,Carrier-D,2026-09-04T15:55:00,2026-09-04T16:19:00
SHP-000543,ORD-000543,DC-15,DEPARTED,Carrier-C,2026-08-21T11:59:00,
SHP-000544,ORD-000544,DC-12,BOOKED,Carrier-B,2026-08-29T09:20:00,
SHP-000545,ORD-000545,DC-01,AT_DOCK,Carrier-B,2026-08-27T05:59:00,2026-08-27T07:03:00
SHP-000546,ORD-000546,DC-17,PLANNED,Carrier-C,2026-09-01T09:31:00,2026-09-01T09:26:00
SHP-000547,ORD-000547,DC-02,LOADED,Carrier-B,2026-08-20T06:25:00,
SHP-000548,ORD-000548,DC-10,DELAYED,Carrier-B,2026-08-08T16:44:00,
SHP-000549,ORD-000549,DC-14,DELAYED,Carrier-B,2026-08-22T10:11:00,2026-08-22T10:59:00
SHP-000550,ORD-000550,DC-08,AT_DOCK,Carrier-D,2026-09-03T17:16:00,2026-09-03T18:12:00
SHP-000551,ORD-000551,DC-17,DEPARTED,Carrier-A,2026-08-29T01:10:00,2026-08-29T01:05:00
SHP-000552,ORD-000552,DC-16,DEPARTED,Carrier-C,2026-08-10T17:50:00,
SHP-000553,ORD-000553,DC-05,PLANNED,Carrier-C,2026-08-25T22:02:00,2026-08-25T22:08:00
SHP-000554,ORD-000554,DC-14,DELAYED,Carrier-A,2026-08-12T03:40:00,
SHP-000555,ORD-000555,DC-03,PLANNED,Carrier-D,2026-08-08T09:22:00,2026-08-08T09:18:00
SHP-000556,ORD-000556,DC-09,AT_DOCK,Carrier-D,2026-08-19T13:54:00,
SHP-000557,ORD-000557,DC-18,PLANNED,Carrier-D,2026-08-26T16:10:00,2026-08-26T15:52:00
SHP-000558,ORD-000558,DC-13,DEPARTED,Carrier-C,2026-08-10T16:15:00,2026-08-10T17:21:00
SHP-000559,ORD-000559,DC-16,AT_DOCK,Carrier-D,2026-08-04T02:07:00,
SHP-000560,ORD-000560,DC-11,PLANNED,Carrier-A,2026-08-06T22:48:00,
SHP-000561,ORD-000561,DC-14,AT_DOCK,Carrier-D,2026-08-29T00:07:00,
SHP-000562,ORD-000562,DC-02,DELAYED,Carrier-B,2026-08-25T08:30:00,2026-08-25T09:19:00
SHP-000563,ORD-000563,DC-05,PLANNED,Carrier-A,2026-09-04T06:55:00,2026-09-04T06:43:00
SHP-000564,ORD-000564,DC-11,DELAYED,Carrier-C,2026-08-10T14:12:00,
SHP-000565,ORD-000565,DC-02,DELAYED,Carrier-A,2026-08-09T13:42:00,
SHP-000566,ORD-000566,DC-14,DEPARTED,Carrier-C,2026-08-04T11:41:00,
SHP-000567,ORD-000567,DC-04,AT_DOCK,Carrier-B,2026-08-18T22:48:00,2026-08-18T23:33:00
SHP-000568,ORD-000568,DC-15,LOADED,Carrier-B,2026-08-03T17:17:00,
SHP-000569,ORD-000569,DC-16,BOOKED,Carrier-C,2026-08-15T10:27:00,2026-08-15T10:54:00
SHP-000570,ORD-000570,DC-09,BOOKED,Carrier-B,2026-08-16T21:50:00,
SHP-000571,ORD-000571,DC-14,DEPARTED,Carrier-C,2026-08-20T09:18:00,2026-08-20T10:09:00
SHP-000572,ORD-000572,DC-13,LOADED,Carrier-A,2026-08-18T23:38:00,2026-08-19T00:35:00
SHP-000573,ORD-000573,DC-13,LOADED,Carrier-A,2026-08-27T18:55:00,
SHP-000574,ORD-000574,DC-08,BOOKED,Carrier-A,2026-08-19T00:49:00,
SHP-000575,ORD-000575,DC-13,AT_DOCK,Carrier-D,2026-08-03T06:12:00,2026-08-03T06:58:00
SHP-000576,ORD-000576,DC-12,DEPARTED,Carrier-C,2026-08-03T16:09:00,2026-08-03T16:43:00
SHP-000577,ORD-000577,DC-15,DELAYED,Carrier-B,2026-08-12T21:52:00,
SHP-000578,ORD-000578,DC-07,BOOKED,Carrier-A,2026-08-25T19:41:00,
SHP-000579,ORD-000579,DC-05,DEPARTED,Carrier-A,2026-08-27T00:18:00,2026-08-27T00:55:00
SHP-000580,ORD-000580,DC-02,DEPARTED,Carrier-D,2026-08-21T05:14:00,2026-08-21T05:25:00
SHP-000581,ORD-000581,DC-04,PLANNED,Carrier-B,2026-08-26T04:01:00,
SHP-000582,ORD-000582,DC-18,DELAYED,Carrier-A,2026-08-23T07:58:00,
SHP-000583,ORD-000583,DC-03,BOOKED,Carrier-A,2026-08-21T11:43:00,2026-08-21T12:15:00
SHP-000584,ORD-000584,DC-02,DELAYED,Carrier-A,2026-08-11T07:34:00,2026-08-11T07:24:00
SHP-000585,ORD-000585,DC-08,BOOKED,Carrier-A,2026-08-27T16:18:00,2026-08-27T17:13:00
SHP-000586,ORD-000586,DC-12,AT_DOCK,Carrier-A,2026-08-15T03:06:00,2026-08-15T03:51:00
SHP-000587,ORD-000587,DC-15,PLANNED,Carrier-B,2026-08-17T09:50:00,
SHP-000588,ORD-000588,DC-08,DEPARTED,Carrier-B,2026-08-01T23:05:00,2026-08-01T23:56:00
SHP-000589,ORD-000589,DC-16,DELAYED,Carrier-D,2026-08-06T00:48:00,
SHP-000590,ORD-000590,DC-11,DEPARTED,Carrier-C,2026-08-31T21:58:00,
SHP-000591,ORD-000591,DC-12,BOOKED,Carrier-B,2026-08-09T12:04:00,2026-08-09T12:15:00
SHP-000592,ORD-000592,DC-01,PLANNED,Carrier-C,2026-08-29T15:45:00,2026-08-29T15:45:00
SHP-000593,ORD-000593,DC-16,DELAYED,Carrier-D,2026-08-15T15:55:00,
SHP-000594,ORD-000594,DC-02,DELAYED,Carrier-D,2026-08-04T21:55:00,2026-08-04T21:41:00
SHP-000595,ORD-000595,DC-06,AT_DOCK,Carrier-D,2026-08-02T20:50:00,
SHP-000596,ORD-000596,DC-17,AT_DOCK,Carrier-C,2026-08-30T13:09:00,
SHP-000597,ORD-000597,DC-03,DELAYED,Carrier-D,2026-08-04T18:33:00,
SHP-000598,ORD-000598,DC-13,BOOKED,Carrier-A,2026-08-09T10:15:00,
SHP-000599,ORD-000599,DC-01,DEPARTED,Carrier-A,2026-08-12T01:56:00,
SHP-000600,ORD-000600,DC-04,PLANNED,Carrier-B,2026-09-03T06:43:00,2026-09-03T07:45:00
SHP-000601,ORD-000601,DC-07,BOOKED,Carrier-C,2026-08-02T16:55:00,
SHP-000602,ORD-000602,DC-04,BOOKED,Carrier-D,2026-09-05T15:47:00,
SHP-000603,ORD-000603,DC-17,LOADED,Carrier-B,2026-08-24T04:38:00,
SHP-000604,ORD-000604,DC-12,PLANNED,Carrier-C,2026-08-15T08:24:00,
SHP-000605,ORD-000605,DC-08,LOADED,Carrier-D,2026-08-09T11:40:00,
SHP-000606,ORD-000606,DC-03,AT_DOCK,Carrier-A,2026-09-05T05:01:00,
SHP-000607,ORD-000607,DC-01,DEPARTED,Carrier-A,2026-08-14T04:22:00,2026-08-14T04:51:00
SHP-000608,ORD-000608,DC-11,DELAYED,Carrier-D,2026-08-21T21:56:00,2026-08-21T22:07:00
SHP-000609,ORD-000609,DC-09,BOOKED,Carrier-B,2026-08-13T03:14:00,
SHP-000610,ORD-000610,DC-07,AT_DOCK,Carrier-B,2026-08-02T18:42:00,
SHP-000611,ORD-000611,DC-09,BOOKED,Carrier-B,2026-08-17T07:22:00,
SHP-000612,ORD-000612,DC-17,DEPARTED,Carrier-D,2026-08-25T09:17:00,2026-08-25T10:20:00
SHP-000613,ORD-000613,DC-08,AT_DOCK,Carrier-A,2026-08-08T01:52:00,
SHP-000614,ORD-000614,DC-14,DELAYED,Carrier-B,2026-08-24T15:59:00,
SHP-000615,ORD-000615,DC-03,LOADED,Carrier-C,2026-08-30T13:35:00,2026-08-30T14:01:00
SHP-000616,ORD-000616,DC-07,DELAYED,Carrier-D,2026-09-05T16:18:00,2026-09-05T17:12:00
SHP-000617,ORD-000617,DC-12,PLANNED,Carrier-C,2026-08-03T16:21:00,
SHP-000618,ORD-000618,DC-08,DEPARTED,Carrier-C,2026-08-08T05:56:00,2026-08-08T06:39:00
SHP-000619,ORD-000619,DC-09,AT_DOCK,Carrier-D,2026-08-10T02:41:00,
SHP-000620,ORD-000620,DC-13,AT_DOCK,Carrier-B,2026-08-26T20:22:00,2026-08-26T20:09:00
SHP-000621,ORD-000621,DC-13,BOOKED,Carrier-C,2026-08-11T17:21:00,
SHP-000622,ORD-000622,DC-04,DEPARTED,Carrier-D,2026-08-14T05:51:00,2026-08-14T06:58:00
SHP-000623,ORD-000623,DC-05,DEPARTED,Carrier-B,2026-08-24T14:24:00,2026-08-24T14:56:00
SHP-000624,ORD-000624,DC-04,AT_DOCK,Carrier-A,2026-08-11T03:08:00,2026-08-11T03:11:00
SHP-000625,ORD-000625,DC-07,BOOKED,Carrier-B,2026-08-28T19:02:00,
SHP-000626,ORD-000626,DC-03,DELAYED,Carrier-C,2026-09-04T07:05:00,2026-09-04T07:22:00
SHP-000627,ORD-000627,DC-14,BOOKED,Carrier-D,2026-08-09T21:21:00,
SHP-000628,ORD-000628,DC-15,LOADED,Carrier-C,2026-08-24T00:58:00,2026-08-24T00:57:00
SHP-000629,ORD-000629,DC-06,DELAYED,Carrier-A,2026-08-07T16:45:00,
SHP-000630,ORD-000630,DC-01,AT_DOCK,Carrier-C,2026-08-15T02:36:00,2026-08-15T03:21:00
SHP-000631,ORD-000631,DC-13,PLANNED,Carrier-B,2026-08-27T01:43:00,2026-08-27T02:50:00
SHP-000632,ORD-000632,DC-05,DEPARTED,Carrier-C,2026-09-01T14:21:00,2026-09-01T14:12:00
SHP-000633,ORD-000633,DC-10,PLANNED,Carrier-D,2026-08-21T00:01:00,
SHP-000634,ORD-000634,DC-07,DELAYED,Carrier-C,2026-08-25T13:01:00,
SHP-000635,ORD-000635,DC-11,DEPARTED,Carrier-B,2026-09-04T05:03:00,2026-09-04T05:33:00
SHP-000636,ORD-000636,DC-08,DELAYED,Carrier-C,2026-08-11T08:41:00,2026-08-11T09:29:00
SHP-000637,ORD-000637,DC-12,AT_DOCK,Carrier-B,2026-08-16T20:23:00,
SHP-000638,ORD-000638,DC-10,DEPARTED,Carrier-B,2026-08-21T06:08:00,2026-08-21T06:15:00
SHP-000639,ORD-000639,DC-18,BOOKED,Carrier-B,2026-08-15T05:06:00,
SHP-000640,ORD-000640,DC-02,DEPARTED,Carrier-D,2026-08-11T09:12:00,2026-08-11T09:08:00
SHP-000641,ORD-000641,DC-17,PLANNED,Carrier-A,2026-09-03T03:35:00,
SHP-000642,ORD-000642,DC-13,BOOKED,Carrier-D,2026-08-02T11:05:00,2026-08-02T11:42:00
SHP-000643,ORD-000643,DC-07,BOOKED,Carrier-A,2026-08-12T22:47:00,
SHP-000644,ORD-000644,DC-07,LOADED,Carrier-C,2026-08-17T01:55:00,2026-08-17T03:10:00
SHP-000645,ORD-000645,DC-11,DELAYED,Carrier-C,2026-08-20T04:31:00,2026-08-20T04:30:00
SHP-000646,ORD-000646,DC-16,DELAYED,Carrier-B,2026-08-07T08:02:00,
SHP-000647,ORD-000647,DC-12,PLANNED,Carrier-B,2026-08-11T10:09:00,2026-08-11T09:58:00
SHP-000648,ORD-000648,DC-07,DELAYED,Carrier-A,2026-08-05T14:03:00,2026-08-05T14:50:00
SHP-000649,ORD-000649,DC-16,DELAYED,Carrier-D,2026-08-10T13:37:00,
SHP-000650,ORD-000650,DC-07,BOOKED,Carrier-B,2026-08-20T11:51:00,2026-08-20T13:03:00
SHP-000651,ORD-000651,DC-17,DELAYED,Carrier-A,2026-08-22T06:26:00,2026-08-22T06:55:00
SHP-000652,ORD-000652,DC-03,BOOKED,Carrier-B,2026-08-19T08:38:00,2026-08-19T09:14:00
SHP-000653,ORD-000653,DC-02,BOOKED,Carrier-D,2026-08-08T07:02:00,
SHP-000654,ORD-000654,DC-09,PLANNED,Carrier-B,2026-09-02T23:42:00,2026-09-03T00:41:00
SHP-000655,ORD-000655,DC-07,PLANNED,Carrier-D,2026-08-26T01:05:00,2026-08-26T01:02:00
SHP-000656,ORD-000656,DC-15,AT_DOCK,Carrier-A,2026-08-22T03:20:00,2026-08-22T03:37:00
SHP-000657,ORD-000657,DC-03,BOOKED,Carrier-C,2026-08-14T20:43:00,2026-08-14T21:26:00
SHP-000658,ORD-000658,DC-15,PLANNED,Carrier-D,2026-08-16T22:50:00,
SHP-000659,ORD-000659,DC-10,LOADED,Carrier-A,2026-08-19T22:18:00,
SHP-000660,ORD-000660,DC-02,DELAYED,Carrier-A,2026-08-31T01:55:00,
SHP-000661,ORD-000661,DC-14,BOOKED,Carrier-A,2026-08-27T02:49:00,
SHP-000662,ORD-000662,DC-14,AT_DOCK,Carrier-B,2026-08-10T03:30:00,2026-08-10T04:45:00
SHP-000663,ORD-000663,DC-06,LOADED,Carrier-D,2026-08-26T09:50:00,2026-08-26T09:31:00
SHP-000664,ORD-000664,DC-16,DELAYED,Carrier-D,2026-08-12T08:19:00,
SHP-000665,ORD-000665,DC-11,DELAYED,Carrier-A,2026-09-02T18:03:00,
SHP-000666,ORD-000666,DC-16,DELAYED,Carrier-B,2026-08-16T14:14:00,
SHP-000667,ORD-000667,DC-03,AT_DOCK,Carrier-C,2026-09-01T10:16:00,2026-09-01T11:20:00
SHP-000668,ORD-000668,DC-07,DEPARTED,Carrier-D,2026-08-04T07:03:00,2026-08-04T07:29:00
SHP-000669,ORD-000669,DC-09,LOADED,Carrier-D,2026-08-22T15:37:00,
SHP-000670,ORD-000670,DC-09,DEPARTED,Carrier-A,2026-09-04T07:54:00,2026-09-04T07:43:00
SHP-000671,ORD-000671,DC-03,BOOKED,Carrier-B,2026-08-13T05:19:00,
SHP-000672,ORD-000672,DC-07,BOOKED,Carrier-C,2026-08-27T23:29:00,
SHP-000673,ORD-000673,DC-07,PLANNED,Carrier-D,2026-08-31T15:56:00,2026-08-31T16:00:00
SHP-000674,ORD-000674,DC-13,DELAYED,Carrier-D,2026-08-19T11:06:00,
SHP-000675,ORD-000675,DC-16,AT_DOCK,Carrier-B,2026-08-18T15:22:00,2026-08-18T15:49:00
SHP-000676,ORD-000676,DC-17,PLANNED,Carrier-C,2026-08-09T06:01:00,2026-08-09T07:05:00
SHP-000677,ORD-000677,DC-16,DEPARTED,Carrier-A,2026-09-06T03:38:00,2026-09-06T04:17:00
SHP-000678,ORD-000678,DC-04,LOADED,Carrier-B,2026-08-14T23:21:00,
SHP-000679,ORD-000679,DC-15,LOADED,Carrier-D,2026-08-31T22:50:00,
SHP-000680,ORD-000680,DC-04,DELAYED,Carrier-D,2026-08-18T10:10:00,
SHP-000681,ORD-000681,DC-11,LOADED,Carrier-C,2026-08-23T01:49:00,
SHP-000682,ORD-000682,DC-11,LOADED,Carrier-C,2026-08-09T01:46:00,2026-08-09T01:56:00
SHP-000683,ORD-000683,DC-15,LOADED,Carrier-A,2026-08-27T14:06:00,
SHP-000684,ORD-000684,DC-07,BOOKED,Carrier-D,2026-08-10T17:08:00,
SHP-000685,ORD-000685,DC-18,BOOKED,Carrier-B,2026-08-08T14:28:00,
SHP-000686,ORD-000686,DC-14,DEPARTED,Carrier-D,2026-09-02T12:02:00,2026-09-02T12:32:00
SHP-000687,ORD-000687,DC-04,BOOKED,Carrier-D,2026-08-11T04:41:00,2026-08-11T05:23:00
SHP-000688,ORD-000688,DC-12,PLANNED,Carrier-A,2026-08-09T10:50:00,
SHP-000689,ORD-000689,DC-13,DELAYED,Carrier-A,2026-08-11T11:32:00,
SHP-000690,ORD-000690,DC-17,LOADED,Carrier-A,2026-08-21T18:21:00,2026-08-21T18:14:00
SHP-000691,ORD-000691,DC-14,DELAYED,Carrier-B,2026-08-14T06:10:00,2026-08-14T06:56:00
SHP-000692,ORD-000692,DC-03,PLANNED,Carrier-D,2026-08-26T21:52:00,2026-08-26T23:06:00
SHP-000693,ORD-000693,DC-13,DELAYED,Carrier-B,2026-08-27T05:36:00,2026-08-27T05:58:00
SHP-000694,ORD-000694,DC-09,BOOKED,Carrier-B,2026-09-01T05:47:00,2026-09-01T06:54:00
SHP-000695,ORD-000695,DC-11,BOOKED,Carrier-C,2026-08-02T13:33:00,2026-08-02T14:17:00
SHP-000696,ORD-000696,DC-10,LOADED,Carrier-B,2026-08-27T18:49:00,2026-08-27T19:33:00
SHP-000697,ORD-000697,DC-07,BOOKED,Carrier-B,2026-08-28T22:40:00,
SHP-000698,ORD-000698,DC-04,BOOKED,Carrier-D,2026-08-14T15:52:00,
SHP-000699,ORD-000699,DC-12,BOOKED,Carrier-B,2026-08-09T23:35:00,2026-08-09T23:39:00
SHP-000700,ORD-000700,DC-11,BOOKED,Carrier-D,2026-08-02T04:27:00,
SHP-000701,ORD-000701,DC-11,LOADED,Carrier-C,2026-08-18T09:29:00,2026-08-18T09:48:00
SHP-000702,ORD-000702,DC-04,PLANNED,Carrier-C,2026-08-26T08:14:00,
SHP-000703,ORD-000703,DC-17,DEPARTED,Carrier-C,2026-09-04T15:32:00,
SHP-000704,ORD-000704,DC-14,PLANNED,Carrier-D,2026-08-11T11:08:00,2026-08-11T12:04:00
SHP-000705,ORD-000705,DC-11,DEPARTED,Carrier-D,2026-08-31T22:29:00,
SHP-000706,ORD-000706,DC-02,DELAYED,Carrier-D,2026-08-28T19:36:00,
SHP-000707,ORD-000707,DC-03,AT_DOCK,Carrier-A,2026-09-02T14:40:00,
SHP-000708,ORD-000708,DC-18,DELAYED,Carrier-D,2026-08-19T23:06:00,
SHP-000709,ORD-000709,DC-08,LOADED,Carrier-C,2026-08-18T23:25:00,2026-08-19T00:40:00
SHP-000710,ORD-000710,DC-04,AT_DOCK,Carrier-C,2026-08-17T02:08:00,2026-08-17T02:32:00
SHP-000711,ORD-000711,DC-07,DEPARTED,Carrier-B,2026-08-09T13:39:00,
SHP-000712,ORD-000712,DC-03,DEPARTED,Carrier-B,2026-08-12T15:52:00,
SHP-000713,ORD-000713,DC-14,AT_DOCK,Carrier-A,2026-08-30T04:34:00,2026-08-30T04:58:00
SHP-000714,ORD-000714,DC-09,LOADED,Carrier-A,2026-09-01T04:00:00,2026-09-01T04:40:00
SHP-000715,ORD-000715,DC-04,AT_DOCK,Carrier-B,2026-08-12T08:32:00,2026-08-12T08:32:00
SHP-000716,ORD-000716,DC-14,PLANNED,Carrier-B,2026-08-17T11:53:00,
SHP-000717,ORD-000717,DC-09,LOADED,Carrier-C,2026-08-30T21:59:00,2026-08-30T22:41:00
SHP-000718,ORD-000718,DC-17,DELAYED,Carrier-A,2026-08-19T07:22:00,2026-08-19T07:36:00
SHP-000719,ORD-000719,DC-05,PLANNED,Carrier-A,2026-08-31T19:23:00,
SHP-000720,ORD-000720,DC-08,DELAYED,Carrier-C,2026-08-10T07:36:00,
SHP-000721,ORD-000721,DC-14,DEPARTED,Carrier-B,2026-08-22T19:09:00,
SHP-000722,ORD-000722,DC-09,DELAYED,Carrier-A,2026-08-08T11:17:00,2026-08-08T11:57:00
SHP-000723,ORD-000723,DC-11,AT_DOCK,Carrier-A,2026-08-22T12:28:00,2026-08-22T12:14:00
SHP-000724,ORD-000724,DC-03,AT_DOCK,Carrier-C,2026-09-04T05:03:00,2026-09-04T04:52:00
SHP-000725,ORD-000725,DC-13,DELAYED,Carrier-A,2026-08-29T00:19:00,
SHP-000726,ORD-000726,DC-17,LOADED,Carrier-B,2026-08-29T03:55:00,2026-08-29T03:55:00
SHP-000727,ORD-000727,DC-09,AT_DOCK,Carrier-A,2026-08-25T17:15:00,
SHP-000728,ORD-000728,DC-02,LOADED,Carrier-C,2026-08-29T19:51:00,
SHP-000729,ORD-000729,DC-13,LOADED,Carrier-B,2026-08-02T17:11:00,
SHP-000730,ORD-000730,DC-18,BOOKED,Carrier-D,2026-08-18T06:03:00,2026-08-18T07:05:00
SHP-000731,ORD-000731,DC-18,BOOKED,Carrier-B,2026-08-30T19:58:00,
SHP-000732,ORD-000732,DC-14,LOADED,Carrier-A,2026-08-08T09:46:00,2026-08-08T10:17:00
SHP-000733,ORD-000733,DC-01,AT_DOCK,Carrier-D,2026-08-25T05:52:00,
SHP-000734,ORD-000734,DC-08,DEPARTED,Carrier-C,2026-08-10T14:38:00,2026-08-10T14:32:00
SHP-000735,ORD-000735,DC-06,PLANNED,Carrier-A,2026-08-28T09:56:00,
SHP-000736,ORD-000736,DC-16,BOOKED,Carrier-B,2026-08-10T09:01:00,2026-08-10T09:29:00
SHP-000737,ORD-000737,DC-14,AT_DOCK,Carrier-B,2026-08-10T12:52:00,2026-08-10T13:52:00
SHP-000738,ORD-000738,DC-17,DELAYED,Carrier-D,2026-08-30T00:26:00,2026-08-30T01:38:00
SHP-000739,ORD-000739,DC-02,AT_DOCK,Carrier-D,2026-08-25T19:49:00,
SHP-000740,ORD-000740,DC-16,DELAYED,Carrier-A,2026-08-17T09:24:00,
SHP-000741,ORD-000741,DC-15,BOOKED,Carrier-A,2026-08-23T21:03:00,
SHP-000742,ORD-000742,DC-15,PLANNED,Carrier-C,2026-08-02T06:27:00,
SHP-000743,ORD-000743,DC-08,DELAYED,Carrier-C,2026-08-29T00:42:00,
SHP-000744,ORD-000744,DC-09,AT_DOCK,Carrier-D,2026-09-06T00:49:00,
SHP-000745,ORD-000745,DC-13,DELAYED,Carrier-D,2026-08-11T09:24:00,
SHP-000746,ORD-000746,DC-04,BOOKED,Carrier-B,2026-08-12T11:22:00,
SHP-000747,ORD-000747,DC-13,DEPARTED,Carrier-C,2026-08-16T07:31:00,
SHP-000748,ORD-000748,DC-05,DELAYED,Carrier-B,2026-08-19T17:52:00,2026-08-19T18:57:00
SHP-000749,ORD-000749,DC-09,DELAYED,Carrier-A,2026-09-05T18:47:00,
SHP-000750,ORD-000750,DC-09,BOOKED,Carrier-D,2026-08-29T14:06:00,
SHP-000751,ORD-000751,DC-17,PLANNED,Carrier-B,2026-08-31T22:03:00,
SHP-000752,ORD-000752,DC-02,AT_DOCK,Carrier-D,2026-08-11T10:56:00,2026-08-11T11:50:00
SHP-000753,ORD-000753,DC-11,AT_DOCK,Carrier-A,2026-08-16T11:29:00,
SHP-000754,ORD-000754,DC-10,DEPARTED,Carrier-B,2026-08-18T01:27:00,
SHP-000755,ORD-000755,DC-01,PLANNED,Carrier-A,2026-08-25T00:19:00,2026-08-25T01:31:00
SHP-000756,ORD-000756,DC-14,BOOKED,Carrier-B,2026-08-30T18:42:00,2026-08-30T18:25:00
SHP-000757,ORD-000757,DC-07,AT_DOCK,Carrier-B,2026-09-03T15:37:00,
SHP-000758,ORD-000758,DC-12,AT_DOCK,Carrier-D,2026-08-28T11:15:00,2026-08-28T12:05:00
SHP-000759,ORD-000759,DC-11,AT_DOCK,Carrier-C,2026-08-25T07:30:00,
SHP-000760,ORD-000760,DC-16,PLANNED,Carrier-A,2026-08-05T00:41:00,
SHP-000761,ORD-000761,DC-08,DELAYED,Carrier-B,2026-08-07T17:49:00,2026-08-07T18:12:00
SHP-000762,ORD-000762,DC-07,AT_DOCK,Carrier-A,2026-08-12T02:11:00,2026-08-12T03:13:00
SHP-000763,ORD-000763,DC-10,AT_DOCK,Carrier-D,2026-08-22T02:00:00,2026-08-22T02:32:00
SHP-000764,ORD-000764,DC-16,LOADED,Carrier-A,2026-08-07T01:33:00,
SHP-000765,ORD-000765,DC-11,DEPARTED,Carrier-D,2026-08-16T01:38:00,2026-08-16T01:28:00
SHP-000766,ORD-000766,DC-10,PLANNED,Carrier-C,2026-09-02T01:32:00,2026-09-02T02:00:00
SHP-000767,ORD-000767,DC-08,DEPARTED,Carrier-A,2026-08-27T06:42:00,
SHP-000768,ORD-000768,DC-15,BOOKED,Carrier-D,2026-08-15T15:13:00,2026-08-15T15:52:00
SHP-000769,ORD-000769,DC-16,AT_DOCK,Carrier-C,2026-08-01T19:51:00,2026-08-01T20:41:00
SHP-000770,ORD-000770,DC-04,DELAYED,Carrier-C,2026-08-18T09:59:00,2026-08-18T11:07:00
SHP-000771,ORD-000771,DC-14,DEPARTED,Carrier-A,2026-08-25T06:57:00,
SHP-000772,ORD-000772,DC-06,DEPARTED,Carrier-C,2026-09-04T15:53:00,
SHP-000773,ORD-000773,DC-15,BOOKED,Carrier-B,2026-08-01T22:51:00,2026-08-01T22:49:00
SHP-000774,ORD-000774,DC-04,DEPARTED,Carrier-C,2026-09-01T20:23:00,
SHP-000775,ORD-000775,DC-03,DELAYED,Carrier-D,2026-08-26T06:01:00,
SHP-000776,ORD-000776,DC-17,PLANNED,Carrier-D,2026-08-17T19:54:00,
SHP-000777,ORD-000777,DC-05,DELAYED,Carrier-D,2026-08-08T09:32:00,
SHP-000778,ORD-000778,DC-15,BOOKED,Carrier-A,2026-08-13T12:09:00,
SHP-000779,ORD-000779,DC-06,DELAYED,Carrier-A,2026-08-05T19:01:00,
SHP-000780,ORD-000780,DC-13,LOADED,Carrier-A,2026-08-22T08:49:00,
SHP-000781,ORD-000781,DC-01,DELAYED,Carrier-A,2026-09-01T07:05:00,2026-09-01T07:39:00
SHP-000782,ORD-000782,DC-06,PLANNED,Carrier-B,2026-09-01T23:24:00,
SHP-000783,ORD-000783,DC-12,AT_DOCK,Carrier-C,2026-08-23T02:35:00,
SHP-000784,ORD-000784,DC-17,DELAYED,Carrier-A,2026-08-02T10:31:00,
SHP-000785,ORD-000785,DC-13,LOADED,Carrier-A,2026-08-11T21:46:00,
SHP-000786,ORD-000786,DC-13,AT_DOCK,Carrier-B,2026-09-02T16:55:00,2026-09-02T17:08:00
SHP-000787,ORD-000787,DC-04,DEPARTED,Carrier-B,2026-08-31T11:02:00,
SHP-000788,ORD-000788,DC-03,PLANNED,Carrier-B,2026-08-18T23:24:00,
SHP-000789,ORD-000789,DC-06,DELAYED,Carrier-C,2026-08-02T10:41:00,
SHP-000790,ORD-000790,DC-10,AT_DOCK,Carrier-D,2026-08-21T17:17:00,
SHP-000791,ORD-000791,DC-17,AT_DOCK,Carrier-D,2026-08-08T03:38:00,2026-08-08T03:47:00
SHP-000792,ORD-000792,DC-05,BOOKED,Carrier-B,2026-08-15T19:27:00,
SHP-000793,ORD-000793,DC-11,DEPARTED,Carrier-D,2026-08-03T04:32:00,
SHP-000794,ORD-000794,DC-15,PLANNED,Carrier-A,2026-09-04T22:12:00,2026-09-04T21:59:00
SHP-000795,ORD-000795,DC-05,LOADED,Carrier-A,2026-08-08T02:05:00,
SHP-000796,ORD-000796,DC-09,PLANNED,Carrier-D,2026-08-20T03:25:00,2026-08-20T04:40:00
SHP-000797,ORD-000797,DC-06,DEPARTED,Carrier-D,2026-09-03T00:28:00,
SHP-000798,ORD-000798,DC-12,BOOKED,Carrier-A,2026-09-05T00:32:00,
SHP-000799,ORD-000799,DC-03,DEPARTED,Carrier-B,2026-09-02T09:51:00,
SHP-000800,ORD-000800,DC-18,AT_DOCK,Carrier-A,2026-08-21T08:03:00,
SHP-000801,ORD-000801,DC-09,DEPARTED,Carrier-C,2026-08-15T16:16:00,2026-08-15T17:19:00
SHP-000802,ORD-000802,DC-08,LOADED,Carrier-A,2026-08-12T12:10:00,2026-08-12T12:15:00
SHP-000803,ORD-000803,DC-10,PLANNED,Carrier-C,2026-08-04T18:41:00,
SHP-000804,ORD-000804,DC-10,PLANNED,Carrier-A,2026-08-26T08:37:00,2026-08-26T09:22:00
SHP-000805,ORD-000805,DC-07,BOOKED,Carrier-A,2026-08-31T12:42:00,2026-08-31T13:52:00
SHP-000806,ORD-000806,DC-12,AT_DOCK,Carrier-C,2026-08-29T18:14:00,
SHP-000807,ORD-000807,DC-13,LOADED,Carrier-A,2026-08-17T17:14:00,
SHP-000808,ORD-000808,DC-14,LOADED,Carrier-C,2026-08-11T05:13:00,
SHP-000809,ORD-000809,DC-18,DEPARTED,Carrier-A,2026-08-20T22:29:00,2026-08-20T23:03:00
SHP-000810,ORD-000810,DC-18,DEPARTED,Carrier-D,2026-08-13T10:30:00,
SHP-000811,ORD-000811,DC-07,PLANNED,Carrier-B,2026-08-31T15:40:00,2026-08-31T16:32:00
SHP-000812,ORD-000812,DC-05,DELAYED,Carrier-C,2026-08-02T20:19:00,
SHP-000813,ORD-000813,DC-02,DEPARTED,Carrier-D,2026-09-01T00:28:00,
SHP-000814,ORD-000814,DC-14,LOADED,Carrier-D,2026-08-10T08:35:00,
SHP-000815,ORD-000815,DC-11,BOOKED,Carrier-B,2026-08-04T16:14:00,2026-08-04T16:36:00
SHP-000816,ORD-000816,DC-16,DEPARTED,Carrier-C,2026-08-31T16:01:00,2026-08-31T16:37:00
SHP-000817,ORD-000817,DC-18,AT_DOCK,Carrier-C,2026-08-07T15:31:00,2026-08-07T16:35:00
SHP-000818,ORD-000818,DC-02,LOADED,Carrier-D,2026-08-04T21:35:00,
SHP-000819,ORD-000819,DC-05,AT_DOCK,Carrier-D,2026-08-27T16:02:00,
SHP-000820,ORD-000820,DC-04,LOADED,Carrier-A,2026-08-05T18:58:00,
SHP-000821,ORD-000821,DC-16,PLANNED,Carrier-A,2026-08-22T07:55:00,2026-08-22T07:58:00
SHP-000822,ORD-000822,DC-03,PLANNED,Carrier-D,2026-08-22T10:57:00,
SHP-000823,ORD-000823,DC-09,LOADED,Carrier-A,2026-08-02T11:09:00,2026-08-02T11:09:00
SHP-000824,ORD-000824,DC-07,LOADED,Carrier-D,2026-08-19T13:22:00,2026-08-19T14:12:00
SHP-000825,ORD-000825,DC-03,DELAYED,Carrier-B,2026-08-13T16:26:00,2026-08-13T16:51:00
SHP-000826,ORD-000826,DC-04,BOOKED,Carrier-D,2026-08-29T00:00:00,2026-08-29T00:33:00
SHP-000827,ORD-000827,DC-10,DELAYED,Carrier-C,2026-08-30T11:16:00,2026-08-30T11:34:00
SHP-000828,ORD-000828,DC-05,DEPARTED,Carrier-B,2026-09-04T09:20:00,2026-09-04T09:18:00
SHP-000829,ORD-000829,DC-05,DELAYED,Carrier-D,2026-08-08T22:38:00,
SHP-000830,ORD-000830,DC-10,BOOKED,Carrier-A,2026-08-21T19:50:00,
SHP-000831,ORD-000831,DC-13,PLANNED,Carrier-C,2026-08-27T23:24:00,2026-08-28T00:17:00
SHP-000832,ORD-000832,DC-16,LOADED,Carrier-D,2026-09-03T17:35:00,
SHP-000833,ORD-000833,DC-14,BOOKED,Carrier-B,2026-08-04T23:44:00,
SHP-000834,ORD-000834,DC-09,PLANNED,Carrier-D,2026-08-17T08:30:00,2026-08-17T09:22:00
SHP-000835,ORD-000835,DC-08,BOOKED,Carrier-D,2026-08-11T22:05:00,2026-08-11T22:43:00
SHP-000836,ORD-000836,DC-17,DEPARTED,Carrier-D,2026-08-12T12:18:00,
SHP-000837,ORD-000837,DC-01,DEPARTED,Carrier-C,2026-08-24T19:54:00,
SHP-000838,ORD-000838,DC-14,DEPARTED,Carrier-C,2026-08-13T03:11:00,
SHP-000839,ORD-000839,DC-14,DELAYED,Carrier-A,2026-08-11T19:29:00,
SHP-000840,ORD-000840,DC-04,AT_DOCK,Carrier-D,2026-09-01T08:23:00,
SHP-000841,ORD-000841,DC-05,BOOKED,Carrier-D,2026-08-28T20:28:00,
SHP-000842,ORD-000842,DC-13,PLANNED,Carrier-A,2026-08-02T10:38:00,
SHP-000843,ORD-000843,DC-11,PLANNED,Carrier-B,2026-08-25T11:38:00,
SHP-000844,ORD-000844,DC-06,PLANNED,Carrier-D,2026-08-09T06:49:00,
SHP-000845,ORD-000845,DC-03,DELAYED,Carrier-A,2026-08-30T15:04:00,2026-08-30T15:31:00
SHP-000846,ORD-000846,DC-15,DEPARTED,Carrier-D,2026-08-26T16:00:00,2026-08-26T16:18:00
SHP-000847,ORD-000847,DC-07,DELAYED,Carrier-C,2026-08-10T16:16:00,2026-08-10T17:05:00
SHP-000848,ORD-000848,DC-05,BOOKED,Carrier-D,2026-09-03T13:04:00,2026-09-03T13:30:00
SHP-000849,ORD-000849,DC-03,PLANNED,Carrier-A,2026-08-29T22:01:00,2026-08-29T22:44:00
SHP-000850,ORD-000850,DC-02,BOOKED,Carrier-A,2026-09-03T12:14:00,2026-09-03T13:05:00
SHP-000851,ORD-000851,DC-08,AT_DOCK,Carrier-D,2026-08-23T08:35:00,2026-08-23T09:33:00
SHP-000852,ORD-000852,DC-14,AT_DOCK,Carrier-B,2026-08-24T08:59:00,
SHP-000853,ORD-000853,DC-13,PLANNED,Carrier-C,2026-08-16T22:41:00,2026-08-16T23:00:00
SHP-000854,ORD-000854,DC-16,DEPARTED,Carrier-D,2026-09-03T19:40:00,2026-09-03T20:51:00
SHP-000855,ORD-000855,DC-04,LOADED,Carrier-C,2026-08-01T23:56:00,
SHP-000856,ORD-000856,DC-10,LOADED,Carrier-A,2026-08-17T17:39:00,
SHP-000857,ORD-000857,DC-03,DEPARTED,Carrier-A,2026-08-21T03:21:00,
SHP-000858,ORD-000858,DC-15,DEPARTED,Carrier-B,2026-09-03T15:37:00,2026-09-03T15:26:00
SHP-000859,ORD-000859,DC-01,LOADED,Carrier-A,2026-08-23T13:46:00,
SHP-000860,ORD-000860,DC-12,DELAYED,Carrier-C,2026-08-13T23:00:00,2026-08-13T23:29:00
SHP-000861,ORD-000861,DC-06,DELAYED,Carrier-A,2026-08-10T14:15:00,
SHP-000862,ORD-000862,DC-07,DEPARTED,Carrier-C,2026-08-31T10:52:00,2026-08-31T11:44:00
SHP-000863,ORD-000863,DC-16,BOOKED,Carrier-D,2026-08-21T16:16:00,2026-08-21T16:59:00
SHP-000864,ORD-000864,DC-18,AT_DOCK,Carrier-C,2026-08-08T09:36:00,
SHP-000865,ORD-000865,DC-13,AT_DOCK,Carrier-D,2026-08-06T16:28:00,
SHP-000866,ORD-000866,DC-10,PLANNED,Carrier-A,2026-08-26T00:55:00,2026-08-26T02:01:00
SHP-000867,ORD-000867,DC-06,DEPARTED,Carrier-A,2026-09-02T23:15:00,
SHP-000868,ORD-000868,DC-14,BOOKED,Carrier-B,2026-08-04T02:25:00,2026-08-04T03:36:00
SHP-000869,ORD-000869,DC-13,PLANNED,Carrier-C,2026-08-13T21:15:00,
SHP-000870,ORD-000870,DC-11,PLANNED,Carrier-C,2026-08-25T18:34:00,
SHP-000871,ORD-000871,DC-15,AT_DOCK,Carrier-A,2026-08-27T11:34:00,
SHP-000872,ORD-000872,DC-02,DEPARTED,Carrier-B,2026-08-06T02:37:00,
SHP-000873,ORD-000873,DC-03,PLANNED,Carrier-B,2026-08-29T15:51:00,2026-08-29T15:57:00
SHP-000874,ORD-000874,DC-02,PLANNED,Carrier-A,2026-08-16T19:14:00,
SHP-000875,ORD-000875,DC-15,DEPARTED,Carrier-B,2026-08-22T10:46:00,2026-08-22T11:47:00
SHP-000876,ORD-000876,DC-02,LOADED,Carrier-A,2026-08-06T18:49:00,
SHP-000877,ORD-000877,DC-01,AT_DOCK,Carrier-B,2026-08-04T19:02:00,
SHP-000878,ORD-000878,DC-09,DELAYED,Carrier-C,2026-08-03T04:07:00,
SHP-000879,ORD-000879,DC-10,DELAYED,Carrier-B,2026-08-11T08:38:00,
SHP-000880,ORD-000880,DC-10,DELAYED,Carrier-D,2026-08-01T20:20:00,
SHP-000881,ORD-000881,DC-13,PLANNED,Carrier-A,2026-08-17T06:05:00,2026-08-17T07:06:00
SHP-000882,ORD-000882,DC-11,LOADED,Carrier-B,2026-08-23T04:07:00,2026-08-23T05:06:00
SHP-000883,ORD-000883,DC-16,BOOKED,Carrier-B,2026-09-05T19:36:00,2026-09-05T20:50:00
SHP-000884,ORD-000884,DC-11,LOADED,Carrier-D,2026-08-27T04:57:00,
SHP-000885,ORD-000885,DC-08,PLANNED,Carrier-D,2026-08-17T12:18:00,
SHP-000886,ORD-000886,DC-06,PLANNED,Carrier-B,2026-08-08T17:38:00,
SHP-000887,ORD-000887,DC-14,DEPARTED,Carrier-B,2026-08-19T19:11:00,
SHP-000888,ORD-000888,DC-07,BOOKED,Carrier-B,2026-08-02T04:58:00,2026-08-02T05:52:00
SHP-000889,ORD-000889,DC-07,PLANNED,Carrier-A,2026-08-15T14:08:00,2026-08-15T14:47:00
SHP-000890,ORD-000890,DC-14,DELAYED,Carrier-C,2026-08-23T11:44:00,
SHP-000891,ORD-000891,DC-17,DELAYED,Carrier-A,2026-08-10T21:35:00,
SHP-000892,ORD-000892,DC-02,LOADED,Carrier-A,2026-08-30T14:55:00,
SHP-000893,ORD-000893,DC-01,DELAYED,Carrier-A,2026-08-30T03:11:00,
SHP-000894,ORD-000894,DC-13,BOOKED,Carrier-D,2026-08-25T23:10:00,
SHP-000895,ORD-000895,DC-02,DEPARTED,Carrier-B,2026-08-28T11:01:00,
SHP-000896,ORD-000896,DC-06,DELAYED,Carrier-A,2026-08-16T19:33:00,
SHP-000897,ORD-000897,DC-18,DELAYED,Carrier-D,2026-08-18T19:10:00,2026-08-18T19:52:00
SHP-000898,ORD-000898,DC-14,DEPARTED,Carrier-D,2026-08-19T12:26:00,
SHP-000899,ORD-000899,DC-14,AT_DOCK,Carrier-B,2026-08-22T19:41:00,
SHP-000900,ORD-000900,DC-03,PLANNED,Carrier-A,2026-08-26T02:04:00,
SHP-000901,ORD-000901,DC-09,AT_DOCK,Carrier-B,2026-08-25T12:17:00,2026-08-25T12:35:00
SHP-000902,ORD-000902,DC-15,AT_DOCK,Carrier-A,2026-08-13T13:04:00,
SHP-000903,ORD-000903,DC-06,PLANNED,Carrier-A,2026-08-14T15:06:00,
SHP-000904,ORD-000904,DC-16,DELAYED,Carrier-B,2026-08-12T23:52:00,
SHP-000905,ORD-000905,DC-07,BOOKED,Carrier-C,2026-08-29T07:51:00,
SHP-000906,ORD-000906,DC-02,BOOKED,Carrier-D,2026-09-01T14:35:00,2026-09-01T14:36:00
SHP-000907,ORD-000907,DC-10,PLANNED,Carrier-D,2026-09-01T11:30:00,2026-09-01T11:11:00
SHP-000908,ORD-000908,DC-05,PLANNED,Carrier-A,2026-08-27T04:38:00,
SHP-000909,ORD-000909,DC-01,DELAYED,Carrier-A,2026-08-14T13:10:00,
SHP-000910,ORD-000910,DC-01,DELAYED,Carrier-D,2026-08-24T05:10:00,
SHP-000911,ORD-000911,DC-03,BOOKED,Carrier-A,2026-08-22T23:08:00,2026-08-22T23:15:00
SHP-000912,ORD-000912,DC-10,DELAYED,Carrier-D,2026-08-30T04:54:00,2026-08-30T05:53:00
SHP-000913,ORD-000913,DC-17,DELAYED,Carrier-C,2026-08-23T18:10:00,2026-08-23T19:17:00
SHP-000914,ORD-000914,DC-11,DELAYED,Carrier-C,2026-08-29T02:31:00,
SHP-000915,ORD-000915,DC-15,DEPARTED,Carrier-A,2026-08-31T23:06:00,
SHP-000916,ORD-000916,DC-08,DEPARTED,Carrier-B,2026-08-12T21:43:00,
SHP-000917,ORD-000917,DC-13,LOADED,Carrier-B,2026-08-17T18:00:00,
SHP-000918,ORD-000918,DC-12,PLANNED,Carrier-A,2026-08-11T16:22:00,2026-08-11T16:20:00
SHP-000919,ORD-000919,DC-07,AT_DOCK,Carrier-D,2026-09-01T09:45:00,2026-09-01T10:59:00
SHP-000920,ORD-000920,DC-06,PLANNED,Carrier-A,2026-08-07T22:33:00,
SHP-000921,ORD-000921,DC-09,DELAYED,Carrier-C,2026-09-05T04:43:00,
SHP-000922,ORD-000922,DC-01,LOADED,Carrier-C,2026-08-06T08:07:00,
SHP-000923,ORD-000923,DC-16,LOADED,Carrier-D,2026-08-12T07:38:00,2026-08-12T08:46:00
SHP-000924,ORD-000924,DC-09,LOADED,Carrier-D,2026-09-03T10:31:00,
SHP-000925,ORD-000925,DC-15,DEPARTED,Carrier-B,2026-08-04T13:07:00,2026-08-04T14:11:00
SHP-000926,ORD-000926,DC-13,DEPARTED,Carrier-C,2026-08-10T11:23:00,
SHP-000927,ORD-000927,DC-10,BOOKED,Carrier-D,2026-08-19T06:38:00,2026-08-19T07:01:00
SHP-000928,ORD-000928,DC-15,AT_DOCK,Carrier-B,2026-08-11T18:16:00,
SHP-000929,ORD-000929,DC-16,DELAYED,Carrier-A,2026-08-28T04:35:00,2026-08-28T05:29:00
SHP-000930,ORD-000930,DC-06,DELAYED,Carrier-B,2026-08-06T15:01:00,
SHP-000931,ORD-000931,DC-03,BOOKED,Carrier-A,2026-08-28T16:47:00,2026-08-28T17:00:00
SHP-000932,ORD-000932,DC-14,DELAYED,Carrier-B,2026-08-13T15:39:00,
SHP-000933,ORD-000933,DC-09,DELAYED,Carrier-A,2026-09-05T08:10:00,2026-09-05T08:43:00
SHP-000934,ORD-000934,DC-13,BOOKED,Carrier-C,2026-09-02T15:28:00,2026-09-02T15:39:00
SHP-000935,ORD-000935,DC-03,BOOKED,Carrier-C,2026-08-31T12:10:00,
SHP-000936,ORD-000936,DC-15,BOOKED,Carrier-D,2026-08-16T19:29:00,
SHP-000937,ORD-000937,DC-05,DEPARTED,Carrier-A,2026-08-18T15:59:00,2026-08-18T16:41:00
SHP-000938,ORD-000938,DC-15,DEPARTED,Carrier-C,2026-08-28T04:49:00,
SHP-000939,ORD-000939,DC-18,AT_DOCK,Carrier-D,2026-08-12T13:35:00,2026-08-12T13:15:00
SHP-000940,ORD-000940,DC-16,AT_DOCK,Carrier-B,2026-09-04T02:59:00,
SHP-000941,ORD-000941,DC-06,LOADED,Carrier-A,2026-08-06T09:12:00,
SHP-000942,ORD-000942,DC-12,AT_DOCK,Carrier-B,2026-08-04T06:51:00,
SHP-000943,ORD-000943,DC-16,AT_DOCK,Carrier-B,2026-08-07T19:13:00,2026-08-07T20:15:00
SHP-000944,ORD-000944,DC-09,BOOKED,Carrier-A,2026-08-15T20:37:00,
SHP-000945,ORD-000945,DC-18,DEPARTED,Carrier-A,2026-08-04T00:28:00,2026-08-04T01:29:00
SHP-000946,ORD-000946,DC-15,LOADED,Carrier-D,2026-08-05T09:00:00,
SHP-000947,ORD-000947,DC-09,DEPARTED,Carrier-A,2026-09-04T22:12:00,
SHP-000948,ORD-000948,DC-08,BOOKED,Carrier-D,2026-08-31T01:54:00,
SHP-000949,ORD-000949,DC-01,DELAYED,Carrier-B,2026-09-01T08:12:00,
SHP-000950,ORD-000950,DC-04,BOOKED,Carrier-A,2026-08-16T07:44:00,2026-08-16T08:45:00
SHP-000951,ORD-000951,DC-17,LOADED,Carrier-C,2026-09-01T04:20:00,
SHP-000952,ORD-000952,DC-10,DEPARTED,Carrier-B,2026-08-28T20:24:00,
SHP-000953,ORD-000953,DC-13,AT_DOCK,Carrier-B,2026-08-21T02:31:00,2026-08-21T02:30:00
SHP-000954,ORD-000954,DC-05,LOADED,Carrier-A,2026-08-09T05:48:00,
SHP-000955,ORD-000955,DC-01,BOOKED,Carrier-C,2026-08-04T13:47:00,
SHP-000956,ORD-000956,DC-17,BOOKED,Carrier-B,2026-09-05T08:26:00,
SHP-000957,ORD-000957,DC-02,LOADED,Carrier-A,2026-08-25T10:19:00,
SHP-000958,ORD-000958,DC-09,BOOKED,Carrier-A,2026-08-26T17:38:00,
SHP-000959,ORD-000959,DC-14,AT_DOCK,Carrier-C,2026-08-24T22:59:00,2026-08-24T22:58:00
SHP-000960,ORD-000960,DC-14,DEPARTED,Carrier-B,2026-08-16T12:01:00,
SHP-000961,ORD-000961,DC-06,DEPARTED,Carrier-D,2026-08-14T10:32:00,
SHP-000962,ORD-000962,DC-18,DELAYED,Carrier-D,2026-08-24T13:32:00,2026-08-24T13:28:00
SHP-000963,ORD-000963,DC-17,AT_DOCK,Carrier-D,2026-08-24T05:50:00,
SHP-000964,ORD-000964,DC-14,BOOKED,Carrier-C,2026-08-25T17:27:00,2026-08-25T17:52:00
SHP-000965,ORD-000965,DC-09,BOOKED,Carrier-B,2026-09-05T00:30:00,
SHP-000966,ORD-000966,DC-06,DEPARTED,Carrier-B,2026-08-06T22:35:00,2026-08-06T22:20:00
SHP-000967,ORD-000967,DC-01,DELAYED,Carrier-C,2026-08-11T19:24:00,2026-08-11T19:26:00
SHP-000968,ORD-000968,DC-02,DEPARTED,Carrier-B,2026-08-31T14:17:00,2026-08-31T14:19:00
SHP-000969,ORD-000969,DC-11,AT_DOCK,Carrier-A,2026-08-28T22:56:00,2026-08-28T22:37:00
SHP-000970,ORD-000970,DC-04,DEPARTED,Carrier-D,2026-09-05T14:22:00,
SHP-000971,ORD-000971,DC-10,AT_DOCK,Carrier-A,2026-08-03T01:36:00,2026-08-03T02:35:00
SHP-000972,ORD-000972,DC-15,LOADED,Carrier-B,2026-08-28T19:18:00,2026-08-28T19:06:00
SHP-000973,ORD-000973,DC-18,AT_DOCK,Carrier-A,2026-08-08T13:33:00,
SHP-000974,ORD-000974,DC-06,PLANNED,Carrier-B,2026-08-09T20:22:00,
SHP-000975,ORD-000975,DC-16,AT_DOCK,Carrier-C,2026-08-01T14:15:00,
SHP-000976,ORD-000976,DC-03,AT_DOCK,Carrier-A,2026-08-23T12:49:00,
SHP-000977,ORD-000977,DC-06,AT_DOCK,Carrier-B,2026-08-04T15:53:00,
SHP-000978,ORD-000978,DC-08,BOOKED,Carrier-D,2026-08-08T16:25:00,2026-08-08T17:18:00
SHP-000979,ORD-000979,DC-17,PLANNED,Carrier-D,2026-08-27T06:46:00,
SHP-000980,ORD-000980,DC-06,LOADED,Carrier-A,2026-08-19T03:28:00,2026-08-19T04:17:00
SHP-000981,ORD-000981,DC-05,AT_DOCK,Carrier-B,2026-08-23T23:16:00,
SHP-000982,ORD-000982,DC-06,DELAYED,Carrier-D,2026-08-10T20:49:00,
SHP-000983,ORD-000983,DC-13,AT_DOCK,Carrier-D,2026-08-27T12:29:00,
SHP-000984,ORD-000984,DC-10,AT_DOCK,Carrier-A,2026-08-29T22:45:00,
SHP-000985,ORD-000985,DC-18,DEPARTED,Carrier-B,2026-08-28T21:14:00,
SHP-000986,ORD-000986,DC-13,PLANNED,Carrier-B,2026-08-25T03:05:00,2026-08-25T03:49:00
SHP-000987,ORD-000987,DC-13,BOOKED,Carrier-B,2026-08-22T10:48:00,
SHP-000988,ORD-000988,DC-01,LOADED,Carrier-D,2026-08-13T01:41:00,
SHP-000989,ORD-000989,DC-01,LOADED,Carrier-A,2026-08-09T15:06:00,
SHP-000990,ORD-000990,DC-09,BOOKED,Carrier-A,2026-08-18T16:51:00,
SHP-000991,ORD-000991,DC-11,BOOKED,Carrier-A,2026-08-13T08:35:00,
SHP-000992,ORD-000992,DC-11,PLANNED,Carrier-D,2026-08-24T16:28:00,2026-08-24T16:36:00
SHP-000993,ORD-000993,DC-17,BOOKED,Carrier-A,2026-09-04T19:57:00,2026-09-04T20:07:00
SHP-000994,ORD-000994,DC-05,DEPARTED,Carrier-B,2026-08-29T23:35:00,2026-08-29T23:57:00
SHP-000995,ORD-000995,DC-09,PLANNED,Carrier-B,2026-08-11T11:25:00,2026-08-11T12:35:00
SHP-000996,ORD-000996,DC-10,DELAYED,Carrier-D,2026-09-01T04:03:00,2026-09-01T04:59:00
SHP-000997,ORD-000997,DC-03,DELAYED,Carrier-A,2026-08-04T05:00:00,2026-08-04T05:05:00
SHP-000998,ORD-000998,DC-11,DELAYED,Carrier-B,2026-08-16T19:42:00,2026-08-16T20:27:00
SHP-000999,ORD-000999,DC-17,DEPARTED,Carrier-C,2026-09-04T11:34:00,
SHP-001000,ORD-001000,DC-06,DEPARTED,Carrier-B,2026-08-19T17:47:00,
SHP-001001,ORD-001001,DC-06,LOADED,Carrier-D,2026-08-23T11:33:00,
SHP-001002,ORD-001002,DC-12,DELAYED,Carrier-C,2026-08-20T06:52:00,
SHP-001003,ORD-001003,DC-17,AT_DOCK,Carrier-B,2026-08-08T01:58:00,2026-08-08T02:13:00
SHP-001004,ORD-001004,DC-16,BOOKED,Carrier-A,2026-08-23T10:42:00,
SHP-001005,ORD-001005,DC-03,BOOKED,Carrier-D,2026-08-02T21:24:00,2026-08-02T22:24:00
SHP-001006,ORD-001006,DC-13,BOOKED,Carrier-C,2026-09-05T08:33:00,2026-09-05T08:42:00
SHP-001007,ORD-001007,DC-04,BOOKED,Carrier-D,2026-08-31T00:49:00,2026-08-31T01:34:00
SHP-001008,ORD-001008,DC-18,PLANNED,Carrier-D,2026-08-18T08:38:00,
SHP-001009,ORD-001009,DC-11,DELAYED,Carrier-D,2026-09-03T03:14:00,2026-09-03T04:15:00
SHP-001010,ORD-001010,DC-06,BOOKED,Carrier-C,2026-08-25T04:29:00,
SHP-001011,ORD-001011,DC-02,BOOKED,Carrier-C,2026-08-26T01:19:00,2026-08-26T02:23:00
SHP-001012,ORD-001012,DC-13,PLANNED,Carrier-C,2026-09-01T18:39:00,2026-09-01T18:50:00
SHP-001013,ORD-001013,DC-04,BOOKED,Carrier-C,2026-08-15T10:05:00,
SHP-001014,ORD-001014,DC-06,AT_DOCK,Carrier-C,2026-08-23T22:16:00,
SHP-001015,ORD-001015,DC-08,PLANNED,Carrier-B,2026-08-04T14:04:00,2026-08-04T14:06:00
SHP-001016,ORD-001016,DC-06,LOADED,Carrier-B,2026-08-03T03:48:00,
SHP-001017,ORD-001017,DC-01,DEPARTED,Carrier-C,2026-08-09T20:32:00,
SHP-001018,ORD-001018,DC-02,BOOKED,Carrier-C,2026-08-07T18:09:00,
SHP-001019,ORD-001019,DC-01,PLANNED,Carrier-A,2026-08-12T19:49:00,2026-08-12T20:42:00
SHP-001020,ORD-001020,DC-10,DEPARTED,Carrier-D,2026-08-11T11:35:00,
SHP-001021,ORD-001021,DC-01,LOADED,Carrier-C,2026-08-21T04:52:00,
SHP-001022,ORD-001022,DC-09,BOOKED,Carrier-C,2026-08-28T05:07:00,
SHP-001023,ORD-001023,DC-17,PLANNED,Carrier-A,2026-08-11T17:29:00,
SHP-001024,ORD-001024,DC-01,BOOKED,Carrier-A,2026-08-28T00:20:00,
SHP-001025,ORD-001025,DC-08,AT_DOCK,Carrier-C,2026-08-03T11:31:00,
SHP-001026,ORD-001026,DC-04,DELAYED,Carrier-C,2026-08-21T21:10:00,
SHP-001027,ORD-001027,DC-14,DEPARTED,Carrier-B,2026-08-21T19:47:00,
SHP-001028,ORD-001028,DC-18,DEPARTED,Carrier-A,2026-08-23T06:57:00,2026-08-23T07:31:00
SHP-001029,ORD-001029,DC-14,BOOKED,Carrier-A,2026-08-27T11:38:00,2026-08-27T12:49:00
SHP-001030,ORD-001030,DC-04,DEPARTED,Carrier-A,2026-08-07T07:08:00,
SHP-001031,ORD-001031,DC-18,LOADED,Carrier-C,2026-08-15T17:15:00,
SHP-001032,ORD-001032,DC-07,PLANNED,Carrier-B,2026-08-26T00:58:00,2026-08-26T01:53:00
SHP-001033,ORD-001033,DC-07,BOOKED,Carrier-A,2026-08-08T11:36:00,
SHP-001034,ORD-001034,DC-02,DELAYED,Carrier-D,2026-08-15T03:08:00,2026-08-15T02:55:00
SHP-001035,ORD-001035,DC-10,LOADED,Carrier-C,2026-08-03T00:22:00,2026-08-03T00:31:00
SHP-001036,ORD-001036,DC-11,BOOKED,Carrier-B,2026-08-24T21:51:00,2026-08-24T21:52:00
SHP-001037,ORD-001037,DC-09,DELAYED,Carrier-B,2026-08-19T00:20:00,
SHP-001038,ORD-001038,DC-07,DEPARTED,Carrier-C,2026-08-31T16:19:00,2026-08-31T17:34:00
SHP-001039,ORD-001039,DC-17,DEPARTED,Carrier-C,2026-08-27T19:18:00,2026-08-27T19:36:00
SHP-001040,ORD-001040,DC-06,AT_DOCK,Carrier-A,2026-08-15T02:38:00,
SHP-001041,ORD-001041,DC-12,PLANNED,Carrier-B,2026-08-23T17:38:00,2026-08-23T18:44:00
SHP-001042,ORD-001042,DC-04,PLANNED,Carrier-B,2026-08-22T08:59:00,
SHP-001043,ORD-001043,DC-06,DEPARTED,Carrier-D,2026-08-06T05:29:00,2026-08-06T05:39:00
SHP-001044,ORD-001044,DC-10,DELAYED,Carrier-D,2026-08-05T23:30:00,2026-08-06T00:38:00
SHP-001045,ORD-001045,DC-09,BOOKED,Carrier-B,2026-08-24T15:49:00,2026-08-24T16:26:00
SHP-001046,ORD-001046,DC-14,PLANNED,Carrier-B,2026-08-10T21:38:00,
SHP-001047,ORD-001047,DC-12,LOADED,Carrier-A,2026-08-05T13:33:00,
SHP-001048,ORD-001048,DC-13,PLANNED,Carrier-B,2026-08-25T09:47:00,
SHP-001049,ORD-001049,DC-09,AT_DOCK,Carrier-D,2026-08-07T18:10:00,
SHP-001050,ORD-001050,DC-16,BOOKED,Carrier-D,2026-08-17T02:25:00,
SHP-001051,ORD-001051,DC-08,AT_DOCK,Carrier-A,2026-08-19T20:14:00,2026-08-19T20:34:00
SHP-001052,ORD-001052,DC-07,PLANNED,Carrier-B,2026-08-30T06:50:00,
SHP-001053,ORD-001053,DC-15,PLANNED,Carrier-A,2026-08-27T00:13:00,2026-08-27T00:36:00
SHP-001054,ORD-001054,DC-16,BOOKED,Carrier-D,2026-08-23T20:54:00,
SHP-001055,ORD-001055,DC-02,LOADED,Carrier-D,2026-08-28T03:52:00,2026-08-28T03:36:00
SHP-001056,ORD-001056,DC-05,LOADED,Carrier-B,2026-08-15T11:43:00,
SHP-001057,ORD-001057,DC-17,DELAYED,Carrier-A,2026-09-03T21:55:00,
SHP-001058,ORD-001058,DC-15,BOOKED,Carrier-B,2026-08-11T13:59:00,2026-08-11T14:42:00
SHP-001059,ORD-001059,DC-08,AT_DOCK,Carrier-C,2026-08-12T20:07:00,
SHP-001060,ORD-001060,DC-16,BOOKED,Carrier-D,2026-09-03T10:30:00,2026-09-03T11:09:00
SHP-001061,ORD-001061,DC-14,AT_DOCK,Carrier-D,2026-08-18T12:36:00,
SHP-001062,ORD-001062,DC-10,LOADED,Carrier-D,2026-08-08T19:35:00,
SHP-001063,ORD-001063,DC-08,DEPARTED,Carrier-A,2026-08-21T23:15:00,2026-08-21T23:16:00
SHP-001064,ORD-001064,DC-04,LOADED,Carrier-D,2026-08-27T21:17:00,
SHP-001065,ORD-001065,DC-16,LOADED,Carrier-A,2026-08-15T23:38:00,
SHP-001066,ORD-001066,DC-18,AT_DOCK,Carrier-A,2026-08-05T03:29:00,2026-08-05T04:15:00
SHP-001067,ORD-001067,DC-13,DELAYED,Carrier-B,2026-09-02T06:02:00,
SHP-001068,ORD-001068,DC-11,DEPARTED,Carrier-D,2026-08-16T13:15:00,
SHP-001069,ORD-001069,DC-05,DELAYED,Carrier-B,2026-08-21T00:37:00,
SHP-001070,ORD-001070,DC-18,DEPARTED,Carrier-A,2026-08-17T10:12:00,2026-08-17T10:22:00
SHP-001071,ORD-001071,DC-11,LOADED,Carrier-D,2026-08-29T00:16:00,2026-08-29T01:01:00
SHP-001072,ORD-001072,DC-18,AT_DOCK,Carrier-D,2026-08-07T08:37:00,2026-08-07T09:40:00
SHP-001073,ORD-001073,DC-09,DELAYED,Carrier-C,2026-08-10T21:41:00,
SHP-001074,ORD-001074,DC-02,PLANNED,Carrier-D,2026-08-12T00:14:00,
SHP-001075,ORD-001075,DC-10,PLANNED,Carrier-D,2026-08-02T20:22:00,
SHP-001076,ORD-001076,DC-01,DELAYED,Carrier-C,2026-08-22T10:25:00,
SHP-001077,ORD-001077,DC-06,PLANNED,Carrier-D,2026-08-20T17:57:00,
SHP-001078,ORD-001078,DC-12,AT_DOCK,Carrier-D,2026-08-11T07:38:00,
SHP-001079,ORD-001079,DC-09,DEPARTED,Carrier-D,2026-08-11T07:57:00,2026-08-11T08:38:00
SHP-001080,ORD-001080,DC-18,DEPARTED,Carrier-D,2026-08-26T16:23:00,
SHP-001081,ORD-001081,DC-08,DELAYED,Carrier-B,2026-08-02T20:02:00,2026-08-02T21:06:00
SHP-001082,ORD-001082,DC-06,DEPARTED,Carrier-B,2026-09-04T08:14:00,2026-09-04T07:54:00
SHP-001083,ORD-001083,DC-02,BOOKED,Carrier-C,2026-08-28T11:04:00,2026-08-28T12:06:00
SHP-001084,ORD-001084,DC-01,DEPARTED,Carrier-C,2026-08-28T23:44:00,
SHP-001085,ORD-001085,DC-13,BOOKED,Carrier-A,2026-08-30T22:29:00,
SHP-001086,ORD-001086,DC-16,AT_DOCK,Carrier-B,2026-08-06T16:40:00,2026-08-06T17:35:00
SHP-001087,ORD-001087,DC-18,BOOKED,Carrier-C,2026-09-03T16:06:00,
SHP-001088,ORD-001088,DC-01,LOADED,Carrier-B,2026-08-14T20:29:00,
SHP-001089,ORD-001089,DC-14,DEPARTED,Carrier-C,2026-08-14T23:28:00,
SHP-001090,ORD-001090,DC-01,BOOKED,Carrier-D,2026-08-23T20:18:00,2026-08-23T20:43:00
SHP-001091,ORD-001091,DC-06,DELAYED,Carrier-B,2026-09-05T10:55:00,
SHP-001092,ORD-001092,DC-11,DELAYED,Carrier-C,2026-09-05T06:28:00,2026-09-05T06:10:00
SHP-001093,ORD-001093,DC-16,BOOKED,Carrier-A,2026-08-29T07:23:00,2026-08-29T08:18:00
SHP-001094,ORD-001094,DC-09,DEPARTED,Carrier-A,2026-08-09T21:39:00,2026-08-09T22:21:00
SHP-001095,ORD-001095,DC-01,AT_DOCK,Carrier-D,2026-08-11T00:55:00,2026-08-11T00:38:00
SHP-001096,ORD-001096,DC-17,BOOKED,Carrier-D,2026-08-24T01:48:00,2026-08-24T01:56:00
SHP-001097,ORD-001097,DC-09,BOOKED,Carrier-A,2026-08-03T04:14:00,
SHP-001098,ORD-001098,DC-05,DEPARTED,Carrier-A,2026-08-24T15:50:00,2026-08-24T15:45:00
SHP-001099,ORD-001099,DC-18,DEPARTED,Carrier-A,2026-08-23T04:20:00,2026-08-23T04:33:00
SHP-001100,ORD-001100,DC-03,DELAYED,Carrier-C,2026-08-25T20:37:00,
SHP-001101,ORD-001101,DC-01,DEPARTED,Carrier-C,2026-08-30T13:16:00,2026-08-30T14:06:00
SHP-001102,ORD-001102,DC-11,PLANNED,Carrier-B,2026-08-13T17:50:00,2026-08-13T17:54:00
SHP-001103,ORD-001103,DC-16,DELAYED,Carrier-C,2026-09-04T22:56:00,2026-09-04T23:06:00
SHP-001104,ORD-001104,DC-17,PLANNED,Carrier-A,2026-08-30T02:00:00,2026-08-30T01:58:00
SHP-001105,ORD-001105,DC-17,AT_DOCK,Carrier-D,2026-08-21T05:36:00,2026-08-21T06:19:00
SHP-001106,ORD-001106,DC-11,AT_DOCK,Carrier-B,2026-08-05T16:12:00,
SHP-001107,ORD-001107,DC-12,DEPARTED,Carrier-B,2026-08-15T02:49:00,2026-08-15T03:40:00
SHP-001108,ORD-001108,DC-14,PLANNED,Carrier-C,2026-08-08T12:46:00,2026-08-08T13:52:00
SHP-001109,ORD-001109,DC-14,LOADED,Carrier-B,2026-08-19T18:32:00,2026-08-19T18:49:00
SHP-001110,ORD-001110,DC-11,PLANNED,Carrier-C,2026-09-01T05:28:00,2026-09-01T05:58:00
SHP-001111,ORD-001111,DC-07,AT_DOCK,Carrier-C,2026-08-24T08:16:00,2026-08-24T08:56:00
SHP-001112,ORD-001112,DC-09,DEPARTED,Carrier-C,2026-08-10T15:46:00,
SHP-001113,ORD-001113,DC-16,AT_DOCK,Carrier-B,2026-08-15T05:10:00,
SHP-001114,ORD-001114,DC-03,DELAYED,Carrier-C,2026-08-16T18:30:00,
SHP-001115,ORD-001115,DC-02,PLANNED,Carrier-C,2026-08-21T10:43:00,
SHP-001116,ORD-001116,DC-07,LOADED,Carrier-B,2026-08-16T01:57:00,
SHP-001117,ORD-001117,DC-16,AT_DOCK,Carrier-C,2026-08-13T00:06:00,2026-08-13T00:45:00
SHP-001118,ORD-001118,DC-04,LOADED,Carrier-D,2026-08-29T10:07:00,
SHP-001119,ORD-001119,DC-10,DEPARTED,Carrier-B,2026-08-19T15:54:00,
SHP-001120,ORD-001120,DC-03,PLANNED,Carrier-A,2026-08-12T21:23:00,
SHP-001121,ORD-001121,DC-07,DEPARTED,Carrier-C,2026-08-23T16:11:00,
SHP-001122,ORD-001122,DC-17,AT_DOCK,Carrier-A,2026-08-31T06:40:00,
SHP-001123,ORD-001123,DC-01,DEPARTED,Carrier-C,2026-08-29T13:45:00,
SHP-001124,ORD-001124,DC-05,DEPARTED,Carrier-A,2026-08-29T16:42:00,2026-08-29T16:29:00
SHP-001125,ORD-001125,DC-12,BOOKED,Carrier-C,2026-08-21T16:50:00,
SHP-001126,ORD-001126,DC-15,PLANNED,Carrier-C,2026-08-17T21:23:00,2026-08-17T22:05:00
SHP-001127,ORD-001127,DC-15,PLANNED,Carrier-D,2026-08-24T08:31:00,2026-08-24T09:18:00
SHP-001128,ORD-001128,DC-17,DEPARTED,Carrier-A,2026-08-21T18:09:00,
SHP-001129,ORD-001129,DC-05,BOOKED,Carrier-C,2026-08-23T18:24:00,2026-08-23T19:34:00
SHP-001130,ORD-001130,DC-05,DELAYED,Carrier-C,2026-08-23T10:25:00,
SHP-001131,ORD-001131,DC-10,DEPARTED,Carrier-A,2026-08-26T23:58:00,2026-08-27T00:25:00
SHP-001132,ORD-001132,DC-09,AT_DOCK,Carrier-D,2026-08-26T02:16:00,
SHP-001133,ORD-001133,DC-03,DELAYED,Carrier-D,2026-09-02T18:22:00,2026-09-02T18:19:00
SHP-001134,ORD-001134,DC-17,DEPARTED,Carrier-A,2026-08-20T09:45:00,2026-08-20T10:17:00
SHP-001135,ORD-001135,DC-06,LOADED,Carrier-C,2026-08-12T04:50:00,2026-08-12T04:53:00
SHP-001136,ORD-001136,DC-10,LOADED,Carrier-C,2026-08-18T02:53:00,
SHP-001137,ORD-001137,DC-14,PLANNED,Carrier-A,2026-08-02T10:15:00,
SHP-001138,ORD-001138,DC-09,PLANNED,Carrier-C,2026-08-20T06:20:00,
SHP-001139,ORD-001139,DC-06,LOADED,Carrier-B,2026-08-16T18:25:00,2026-08-16T18:50:00
SHP-001140,ORD-001140,DC-07,BOOKED,Carrier-B,2026-08-20T07:06:00,
SHP-001141,ORD-001141,DC-06,BOOKED,Carrier-A,2026-08-29T10:22:00,
SHP-001142,ORD-001142,DC-16,LOADED,Carrier-A,2026-08-06T02:59:00,
SHP-001143,ORD-001143,DC-17,DELAYED,Carrier-C,2026-08-28T13:21:00,2026-08-28T14:32:00
SHP-001144,ORD-001144,DC-04,DELAYED,Carrier-D,2026-08-24T18:28:00,2026-08-24T18:09:00
SHP-001145,ORD-001145,DC-05,DELAYED,Carrier-D,2026-09-04T08:08:00,2026-09-04T08:18:00
SHP-001146,ORD-001146,DC-16,PLANNED,Carrier-B,2026-08-06T09:06:00,2026-08-06T09:17:00
SHP-001147,ORD-001147,DC-18,LOADED,Carrier-B,2026-09-04T01:15:00,2026-09-04T01:10:00
SHP-001148,ORD-001148,DC-12,LOADED,Carrier-A,2026-08-27T21:58:00,2026-08-27T22:13:00
SHP-001149,ORD-001149,DC-16,DELAYED,Carrier-A,2026-08-29T15:33:00,
SHP-001150,ORD-001150,DC-11,DEPARTED,Carrier-C,2026-08-21T20:57:00,2026-08-21T21:00:00
SHP-001151,ORD-001151,DC-10,AT_DOCK,Carrier-B,2026-08-13T20:19:00,2026-08-13T21:13:00
SHP-001152,ORD-001152,DC-14,DELAYED,Carrier-C,2026-08-26T06:31:00,
SHP-001153,ORD-001153,DC-09,DELAYED,Carrier-C,2026-08-21T06:18:00,
SHP-001154,ORD-001154,DC-13,LOADED,Carrier-B,2026-08-11T01:11:00,2026-08-11T01:50:00
SHP-001155,ORD-001155,DC-11,PLANNED,Carrier-D,2026-08-14T06:06:00,
SHP-001156,ORD-001156,DC-12,DELAYED,Carrier-A,2026-08-19T00:52:00,2026-08-19T00:45:00
SHP-001157,ORD-001157,DC-17,LOADED,Carrier-B,2026-08-15T21:46:00,2026-08-15T22:52:00
SHP-001158,ORD-001158,DC-17,DELAYED,Carrier-A,2026-08-11T03:53:00,
SHP-001159,ORD-001159,DC-18,BOOKED,Carrier-C,2026-09-03T01:43:00,2026-09-03T01:44:00
SHP-001160,ORD-001160,DC-13,DELAYED,Carrier-D,2026-08-11T00:11:00,
SHP-001161,ORD-001161,DC-10,DEPARTED,Carrier-C,2026-09-01T14:06:00,
SHP-001162,ORD-001162,DC-06,BOOKED,Carrier-C,2026-08-24T13:55:00,
SHP-001163,ORD-001163,DC-12,DEPARTED,Carrier-B,2026-08-27T03:05:00,2026-08-27T04:08:00
SHP-001164,ORD-001164,DC-02,AT_DOCK,Carrier-B,2026-08-06T20:07:00,
SHP-001165,ORD-001165,DC-02,DEPARTED,Carrier-C,2026-09-02T15:34:00,2026-09-02T16:09:00
SHP-001166,ORD-001166,DC-10,BOOKED,Carrier-C,2026-08-13T22:35:00,2026-08-13T22:32:00
SHP-001167,ORD-001167,DC-14,BOOKED,Carrier-A,2026-08-11T08:30:00,
SHP-001168,ORD-001168,DC-04,AT_DOCK,Carrier-B,2026-08-24T16:20:00,
SHP-001169,ORD-001169,DC-14,AT_DOCK,Carrier-A,2026-09-02T13:40:00,
SHP-001170,ORD-001170,DC-17,AT_DOCK,Carrier-B,2026-08-12T15:06:00,
SHP-001171,ORD-001171,DC-04,BOOKED,Carrier-A,2026-08-04T23:30:00,
SHP-001172,ORD-001172,DC-11,DELAYED,Carrier-D,2026-08-06T14:59:00,2026-08-06T15:37:00
SHP-001173,ORD-001173,DC-18,PLANNED,Carrier-D,2026-08-02T19:36:00,2026-08-02T20:04:00
SHP-001174,ORD-001174,DC-02,LOADED,Carrier-D,2026-09-04T16:43:00,2026-09-04T17:17:00
SHP-001175,ORD-001175,DC-04,PLANNED,Carrier-D,2026-08-26T03:25:00,
SHP-001176,ORD-001176,DC-14,AT_DOCK,Carrier-B,2026-08-08T01:29:00,
SHP-001177,ORD-001177,DC-04,BOOKED,Carrier-D,2026-08-27T03:45:00,2026-08-27T04:23:00
SHP-001178,ORD-001178,DC-10,DELAYED,Carrier-C,2026-09-05T17:12:00,2026-09-05T17:42:00
SHP-001179,ORD-001179,DC-04,BOOKED,Carrier-C,2026-08-15T18:22:00,2026-08-15T18:24:00
SHP-001180,ORD-001180,DC-10,PLANNED,Carrier-B,2026-08-08T13:00:00,2026-08-08T14:12:00
SHP-001181,ORD-001181,DC-08,LOADED,Carrier-C,2026-08-28T14:39:00,
SHP-001182,ORD-001182,DC-07,PLANNED,Carrier-C,2026-08-24T02:57:00,2026-08-24T03:56:00
SHP-001183,ORD-001183,DC-09,AT_DOCK,Carrier-A,2026-08-21T13:51:00,
SHP-001184,ORD-001184,DC-02,BOOKED,Carrier-B,2026-08-15T12:19:00,
SHP-001185,ORD-001185,DC-04,LOADED,Carrier-C,2026-08-30T08:13:00,2026-08-30T08:13:00
SHP-001186,ORD-001186,DC-15,LOADED,Carrier-D,2026-08-09T13:01:00,2026-08-09T13:44:00
SHP-001187,ORD-001187,DC-17,DEPARTED,Carrier-A,2026-08-10T14:47:00,2026-08-10T15:33:00
SHP-001188,ORD-001188,DC-08,PLANNED,Carrier-D,2026-08-26T06:37:00,
SHP-001189,ORD-001189,DC-07,DELAYED,Carrier-A,2026-08-21T20:15:00,
SHP-001190,ORD-001190,DC-10,PLANNED,Carrier-B,2026-08-22T20:16:00,2026-08-22T21:11:00
SHP-001191,ORD-001191,DC-08,AT_DOCK,Carrier-D,2026-09-01T10:00:00,2026-09-01T10:13:00
SHP-001192,ORD-001192,DC-04,DELAYED,Carrier-C,2026-08-07T01:11:00,
SHP-001193,ORD-001193,DC-01,BOOKED,Carrier-A,2026-08-23T15:04:00,2026-08-23T15:12:00
SHP-001194,ORD-001194,DC-12,DELAYED,Carrier-B,2026-09-05T22:28:00,2026-09-05T22:12:00
SHP-001195,ORD-001195,DC-18,LOADED,Carrier-A,2026-09-04T14:31:00,2026-09-04T15:21:00
SHP-001196,ORD-001196,DC-18,PLANNED,Carrier-C,2026-08-12T21:11:00,2026-08-12T21:52:00
SHP-001197,ORD-001197,DC-07,DEPARTED,Carrier-A,2026-09-05T06:06:00,2026-09-05T05:55:00
SHP-001198,ORD-001198,DC-17,AT_DOCK,Carrier-A,2026-08-29T05:40:00,2026-08-29T05:53:00
SHP-001199,ORD-001199,DC-05,LOADED,Carrier-A,2026-08-23T09:49:00,
SHP-001200,ORD-001200,DC-13,DEPARTED,Carrier-B,2026-08-10T16:09:00,
SHP-001201,ORD-001201,DC-07,PLANNED,Carrier-C,2026-08-28T22:17:00,
SHP-001202,ORD-001202,DC-09,DEPARTED,Carrier-D,2026-08-12T19:24:00,2026-08-12T20:14:00
SHP-001203,ORD-001203,DC-12,DELAYED,Carrier-B,2026-08-02T00:22:00,2026-08-02T00:27:00
SHP-001204,ORD-001204,DC-16,AT_DOCK,Carrier-C,2026-08-10T17:25:00,
SHP-001205,ORD-001205,DC-17,AT_DOCK,Carrier-A,2026-08-02T15:00:00,
SHP-001206,ORD-001206,DC-10,BOOKED,Carrier-D,2026-08-08T21:27:00,2026-08-08T22:16:00
SHP-001207,ORD-001207,DC-11,LOADED,Carrier-D,2026-08-20T14:07:00,2026-08-20T15:20:00
SHP-001208,ORD-001208,DC-07,BOOKED,Carrier-D,2026-08-28T09:02:00,
SHP-001209,ORD-001209,DC-07,DEPARTED,Carrier-D,2026-09-02T20:04:00,2026-09-02T20:32:00
SHP-001210,ORD-001210,DC-02,LOADED,Carrier-C,2026-08-02T23:48:00,2026-08-03T00:28:00
SHP-001211,ORD-001211,DC-18,AT_DOCK,Carrier-D,2026-08-22T22:55:00,2026-08-22T22:44:00
SHP-001212,ORD-001212,DC-09,PLANNED,Carrier-B,2026-08-03T03:40:00,
SHP-001213,ORD-001213,DC-10,LOADED,Carrier-C,2026-08-30T08:46:00,
SHP-001214,ORD-001214,DC-15,DEPARTED,Carrier-D,2026-08-11T10:11:00,
SHP-001215,ORD-001215,DC-15,AT_DOCK,Carrier-A,2026-09-04T01:44:00,2026-09-04T02:01:00
SHP-001216,ORD-001216,DC-14,BOOKED,Carrier-A,2026-08-20T19:52:00,
SHP-001217,ORD-001217,DC-01,PLANNED,Carrier-C,2026-08-29T20:17:00,
SHP-001218,ORD-001218,DC-18,LOADED,Carrier-A,2026-08-03T04:09:00,2026-08-03T04:44:00
SHP-001219,ORD-001219,DC-07,DELAYED,Carrier-B,2026-08-20T09:20:00,
SHP-001220,ORD-001220,DC-09,DEPARTED,Carrier-B,2026-09-05T10:16:00,2026-09-05T10:03:00
SHP-001221,ORD-001221,DC-07,LOADED,Carrier-B,2026-08-16T19:43:00,
SHP-001222,ORD-001222,DC-05,DELAYED,Carrier-C,2026-08-02T22:22:00,
SHP-001223,ORD-001223,DC-08,DELAYED,Carrier-B,2026-08-26T18:58:00,
SHP-001224,ORD-001224,DC-02,DELAYED,Carrier-C,2026-08-06T09:20:00,2026-08-06T09:03:00
SHP-001225,ORD-001225,DC-17,DELAYED,Carrier-B,2026-08-06T18:03:00,2026-08-06T19:04:00
SHP-001226,ORD-001226,DC-07,PLANNED,Carrier-A,2026-08-29T16:38:00,
SHP-001227,ORD-001227,DC-10,AT_DOCK,Carrier-B,2026-08-20T16:41:00,2026-08-20T17:11:00
SHP-001228,ORD-001228,DC-11,BOOKED,Carrier-D,2026-08-12T18:24:00,2026-08-12T19:39:00
SHP-001229,ORD-001229,DC-10,DELAYED,Carrier-C,2026-09-03T17:15:00,2026-09-03T17:34:00
SHP-001230,ORD-001230,DC-10,DELAYED,Carrier-A,2026-08-22T07:24:00,
SHP-001231,ORD-001231,DC-04,DELAYED,Carrier-B,2026-08-07T09:49:00,
SHP-001232,ORD-001232,DC-10,DELAYED,Carrier-C,2026-08-10T11:28:00,2026-08-10T11:51:00
SHP-001233,ORD-001233,DC-13,AT_DOCK,Carrier-A,2026-08-06T09:47:00,2026-08-06T09:32:00
SHP-001234,ORD-001234,DC-03,AT_DOCK,Carrier-D,2026-08-23T09:36:00,
SHP-001235,ORD-001235,DC-06,DELAYED,Carrier-D,2026-08-29T22:53:00,2026-08-29T22:36:00
SHP-001236,ORD-001236,DC-18,BOOKED,Carrier-C,2026-08-15T17:38:00,
SHP-001237,ORD-001237,DC-15,LOADED,Carrier-A,2026-08-25T20:23:00,
SHP-001238,ORD-001238,DC-03,AT_DOCK,Carrier-A,2026-08-12T11:03:00,
SHP-001239,ORD-001239,DC-02,DEPARTED,Carrier-B,2026-08-18T17:43:00,2026-08-18T17:56:00
SHP-001240,ORD-001240,DC-03,AT_DOCK,Carrier-B,2026-08-12T13:55:00,
SHP-001241,ORD-001241,DC-16,LOADED,Carrier-A,2026-08-21T12:37:00,
SHP-001242,ORD-001242,DC-07,AT_DOCK,Carrier-C,2026-09-02T10:56:00,
SHP-001243,ORD-001243,DC-03,BOOKED,Carrier-B,2026-08-17T01:08:00,
SHP-001244,ORD-001244,DC-06,PLANNED,Carrier-D,2026-08-05T01:47:00,
SHP-001245,ORD-001245,DC-12,BOOKED,Carrier-B,2026-08-17T03:29:00,
SHP-001246,ORD-001246,DC-01,AT_DOCK,Carrier-C,2026-08-23T15:13:00,
SHP-001247,ORD-001247,DC-18,DEPARTED,Carrier-C,2026-08-06T19:47:00,2026-08-06T20:53:00
SHP-001248,ORD-001248,DC-05,AT_DOCK,Carrier-D,2026-08-19T12:58:00,2026-08-19T12:56:00
SHP-001249,ORD-001249,DC-10,DELAYED,Carrier-C,2026-09-05T03:57:00,2026-09-05T05:06:00
SHP-001250,ORD-001250,DC-05,BOOKED,Carrier-D,2026-08-05T22:21:00,
SHP-001251,ORD-001251,DC-06,LOADED,Carrier-C,2026-09-01T20:08:00,
SHP-001252,ORD-001252,DC-16,AT_DOCK,Carrier-C,2026-09-02T04:37:00,
SHP-001253,ORD-001253,DC-17,DEPARTED,Carrier-B,2026-08-29T03:37:00,
SHP-001254,ORD-001254,DC-02,LOADED,Carrier-B,2026-08-31T23:17:00,
SHP-001255,ORD-001255,DC-12,AT_DOCK,Carrier-B,2026-09-02T06:35:00,2026-09-02T07:43:00
SHP-001256,ORD-001256,DC-15,AT_DOCK,Carrier-D,2026-08-02T14:28:00,2026-08-02T14:24:00
SHP-001257,ORD-001257,DC-12,PLANNED,Carrier-A,2026-08-08T04:21:00,
SHP-001258,ORD-001258,DC-18,BOOKED,Carrier-A,2026-08-20T02:17:00,2026-08-20T02:27:00
SHP-001259,ORD-001259,DC-03,LOADED,Carrier-C,2026-08-27T19:12:00,
SHP-001260,ORD-001260,DC-04,PLANNED,Carrier-B,2026-08-07T06:10:00,2026-08-07T06:05:00
SHP-001261,ORD-001261,DC-01,AT_DOCK,Carrier-B,2026-08-04T11:09:00,2026-08-04T10:58:00
SHP-001262,ORD-001262,DC-03,DELAYED,Carrier-D,2026-08-05T01:47:00,
SHP-001263,ORD-001263,DC-04,DELAYED,Carrier-D,2026-08-10T20:52:00,2026-08-10T20:50:00
SHP-001264,ORD-001264,DC-17,PLANNED,Carrier-A,2026-08-16T13:38:00,2026-08-16T14:43:00
SHP-001265,ORD-001265,DC-07,BOOKED,Carrier-C,2026-08-01T23:43:00,
SHP-001266,ORD-001266,DC-02,AT_DOCK,Carrier-C,2026-08-12T15:17:00,
SHP-001267,ORD-001267,DC-15,DELAYED,Carrier-D,2026-09-04T04:23:00,2026-09-04T04:46:00
SHP-001268,ORD-001268,DC-03,AT_DOCK,Carrier-A,2026-08-30T19:28:00,
SHP-001269,ORD-001269,DC-06,DEPARTED,Carrier-C,2026-08-04T19:21:00,
SHP-001270,ORD-001270,DC-01,DELAYED,Carrier-D,2026-08-17T11:08:00,
SHP-001271,ORD-001271,DC-18,AT_DOCK,Carrier-B,2026-08-19T05:07:00,
SHP-001272,ORD-001272,DC-10,DEPARTED,Carrier-B,2026-08-08T06:19:00,2026-08-08T06:26:00
SHP-001273,ORD-001273,DC-04,LOADED,Carrier-B,2026-08-22T14:51:00,2026-08-22T15:40:00
SHP-001274,ORD-001274,DC-16,PLANNED,Carrier-B,2026-08-25T09:21:00,
SHP-001275,ORD-001275,DC-03,PLANNED,Carrier-A,2026-08-07T23:15:00,2026-08-07T23:53:00
SHP-001276,ORD-001276,DC-06,DEPARTED,Carrier-A,2026-08-22T13:16:00,
SHP-001277,ORD-001277,DC-07,LOADED,Carrier-D,2026-09-01T02:33:00,2026-09-01T03:42:00
SHP-001278,ORD-001278,DC-12,DELAYED,Carrier-B,2026-08-26T20:47:00,
SHP-001279,ORD-001279,DC-06,PLANNED,Carrier-B,2026-08-14T11:04:00,
SHP-001280,ORD-001280,DC-16,DELAYED,Carrier-B,2026-08-22T00:27:00,
SHP-001281,ORD-001281,DC-11,BOOKED,Carrier-B,2026-08-27T17:08:00,2026-08-27T17:30:00
SHP-001282,ORD-001282,DC-02,DELAYED,Carrier-D,2026-08-03T16:01:00,2026-08-03T17:03:00
SHP-001283,ORD-001283,DC-14,AT_DOCK,Carrier-B,2026-08-23T23:30:00,
SHP-001284,ORD-001284,DC-04,DELAYED,Carrier-B,2026-08-18T13:06:00,
SHP-001285,ORD-001285,DC-17,DELAYED,Carrier-B,2026-08-17T20:54:00,
SHP-001286,ORD-001286,DC-15,LOADED,Carrier-A,2026-08-27T14:44:00,2026-08-27T15:25:00
SHP-001287,ORD-001287,DC-05,BOOKED,Carrier-B,2026-08-25T08:30:00,
SHP-001288,ORD-001288,DC-16,AT_DOCK,Carrier-A,2026-08-29T06:28:00,2026-08-29T06:24:00
SHP-001289,ORD-001289,DC-06,DEPARTED,Carrier-C,2026-08-16T22:13:00,
SHP-001290,ORD-001290,DC-06,LOADED,Carrier-A,2026-08-28T10:59:00,2026-08-28T12:11:00
SHP-001291,ORD-001291,DC-14,AT_DOCK,Carrier-B,2026-09-02T09:18:00,2026-09-02T09:10:00
SHP-001292,ORD-001292,DC-14,DEPARTED,Carrier-D,2026-09-03T06:29:00,
SHP-001293,ORD-001293,DC-03,BOOKED,Carrier-A,2026-09-04T19:00:00,2026-09-04T19:48:00
SHP-001294,ORD-001294,DC-14,PLANNED,Carrier-B,2026-08-20T16:45:00,
SHP-001295,ORD-001295,DC-08,PLANNED,Carrier-C,2026-08-24T02:13:00,
SHP-001296,ORD-001296,DC-18,LOADED,Carrier-A,2026-08-21T01:13:00,
SHP-001297,ORD-001297,DC-17,DEPARTED,Carrier-C,2026-08-06T18:32:00,
SHP-001298,ORD-001298,DC-14,PLANNED,Carrier-A,2026-08-19T21:53:00,2026-08-19T21:57:00
SHP-001299,ORD-001299,DC-06,DELAYED,Carrier-A,2026-08-22T09:40:00,2026-08-22T09:47:00
SHP-001300,ORD-001300,DC-12,LOADED,Carrier-A,2026-08-17T15:22:00,2026-08-17T15:30:00
SHP-001301,ORD-001301,DC-04,DEPARTED,Carrier-D,2026-09-05T07:28:00,
SHP-001302,ORD-001302,DC-08,AT_DOCK,Carrier-A,2026-08-07T22:34:00,
SHP-001303,ORD-001303,DC-02,BOOKED,Carrier-A,2026-08-24T14:46:00,
SHP-001304,ORD-001304,DC-09,DELAYED,Carrier-C,2026-08-15T18:14:00,2026-08-15T19:18:00
SHP-001305,ORD-001305,DC-15,DELAYED,Carrier-C,2026-09-03T03:37:00,
SHP-001306,ORD-001306,DC-10,PLANNED,Carrier-D,2026-08-22T18:03:00,2026-08-22T17:55:00
SHP-001307,ORD-001307,DC-03,DELAYED,Carrier-A,2026-08-13T17:53:00,2026-08-13T19:08:00
SHP-001308,ORD-001308,DC-01,DEPARTED,Carrier-B,2026-08-17T22:11:00,2026-08-17T22:09:00
SHP-001309,ORD-001309,DC-15,AT_DOCK,Carrier-B,2026-08-12T12:27:00,
SHP-001310,ORD-001310,DC-03,LOADED,Carrier-A,2026-08-03T07:55:00,
SHP-001311,ORD-001311,DC-01,BOOKED,Carrier-B,2026-08-14T10:02:00,
SHP-001312,ORD-001312,DC-01,DELAYED,Carrier-C,2026-08-25T12:07:00,
SHP-001313,ORD-001313,DC-07,AT_DOCK,Carrier-C,2026-08-31T11:51:00,
SHP-001314,ORD-001314,DC-14,BOOKED,Carrier-B,2026-08-15T19:55:00,
SHP-001315,ORD-001315,DC-03,DEPARTED,Carrier-D,2026-09-03T20:33:00,
SHP-001316,ORD-001316,DC-13,PLANNED,Carrier-D,2026-08-06T15:44:00,
SHP-001317,ORD-001317,DC-16,AT_DOCK,Carrier-D,2026-08-28T14:31:00,2026-08-28T15:24:00
SHP-001318,ORD-001318,DC-05,DEPARTED,Carrier-B,2026-08-12T21:29:00,
SHP-001319,ORD-001319,DC-10,DELAYED,Carrier-D,2026-08-02T21:12:00,
SHP-001320,ORD-001320,DC-04,BOOKED,Carrier-A,2026-08-10T13:07:00,
SHP-001321,ORD-001321,DC-12,LOADED,Carrier-A,2026-08-08T16:56:00,2026-08-08T16:38:00
SHP-001322,ORD-001322,DC-08,LOADED,Carrier-C,2026-08-20T05:06:00,2026-08-20T05:06:00
SHP-001323,ORD-001323,DC-02,AT_DOCK,Carrier-B,2026-08-17T12:47:00,2026-08-17T12:47:00
SHP-001324,ORD-001324,DC-01,DEPARTED,Carrier-A,2026-08-13T13:36:00,
SHP-001325,ORD-001325,DC-10,LOADED,Carrier-B,2026-08-22T13:26:00,
SHP-001326,ORD-001326,DC-14,AT_DOCK,Carrier-A,2026-08-21T05:52:00,
SHP-001327,ORD-001327,DC-15,AT_DOCK,Carrier-A,2026-08-24T03:27:00,
SHP-001328,ORD-001328,DC-13,DEPARTED,Carrier-A,2026-09-05T09:41:00,
SHP-001329,ORD-001329,DC-17,DELAYED,Carrier-B,2026-08-13T16:42:00,2026-08-13T17:27:00
SHP-001330,ORD-001330,DC-08,BOOKED,Carrier-B,2026-08-18T18:21:00,2026-08-18T18:12:00
SHP-001331,ORD-001331,DC-16,AT_DOCK,Carrier-A,2026-09-05T10:06:00,2026-09-05T11:03:00
SHP-001332,ORD-001332,DC-04,DELAYED,Carrier-D,2026-09-01T05:43:00,
SHP-001333,ORD-001333,DC-03,DELAYED,Carrier-D,2026-08-19T21:45:00,
SHP-001334,ORD-001334,DC-13,DELAYED,Carrier-A,2026-08-28T15:43:00,
SHP-001335,ORD-001335,DC-01,PLANNED,Carrier-C,2026-08-21T18:35:00,2026-08-21T19:42:00
SHP-001336,ORD-001336,DC-07,DELAYED,Carrier-D,2026-08-07T11:43:00,2026-08-07T11:49:00
SHP-001337,ORD-001337,DC-06,AT_DOCK,Carrier-D,2026-08-28T05:04:00,
SHP-001338,ORD-001338,DC-06,PLANNED,Carrier-C,2026-09-02T13:51:00,2026-09-02T13:45:00
SHP-001339,ORD-001339,DC-10,LOADED,Carrier-B,2026-08-28T03:41:00,2026-08-28T03:21:00
SHP-001340,ORD-001340,DC-18,BOOKED,Carrier-D,2026-08-23T20:58:00,2026-08-23T20:43:00
SHP-001341,ORD-001341,DC-11,AT_DOCK,Carrier-C,2026-08-04T05:03:00,
SHP-001342,ORD-001342,DC-15,LOADED,Carrier-C,2026-08-16T06:17:00,
SHP-001343,ORD-001343,DC-17,AT_DOCK,Carrier-D,2026-08-26T02:33:00,2026-08-26T02:29:00
SHP-001344,ORD-001344,DC-15,LOADED,Carrier-B,2026-08-15T04:39:00,2026-08-15T05:32:00
SHP-001345,ORD-001345,DC-08,LOADED,Carrier-A,2026-08-19T23:02:00,
SHP-001346,ORD-001346,DC-12,LOADED,Carrier-B,2026-08-12T01:58:00,
SHP-001347,ORD-001347,DC-16,PLANNED,Carrier-A,2026-08-27T21:02:00,2026-08-27T21:35:00
SHP-001348,ORD-001348,DC-15,DELAYED,Carrier-D,2026-09-03T18:48:00,
SHP-001349,ORD-001349,DC-06,DEPARTED,Carrier-A,2026-08-04T01:49:00,
SHP-001350,ORD-001350,DC-10,DEPARTED,Carrier-D,2026-08-14T05:50:00,2026-08-14T06:42:00
SHP-001351,ORD-001351,DC-11,BOOKED,Carrier-C,2026-08-18T03:02:00,
SHP-001352,ORD-001352,DC-03,DEPARTED,Carrier-C,2026-08-17T09:49:00,
SHP-001353,ORD-001353,DC-07,AT_DOCK,Carrier-A,2026-09-04T16:45:00,2026-09-04T17:18:00
SHP-001354,ORD-001354,DC-17,PLANNED,Carrier-D,2026-09-02T09:21:00,2026-09-02T09:26:00
SHP-001355,ORD-001355,DC-10,LOADED,Carrier-B,2026-08-17T08:04:00,
SHP-001356,ORD-001356,DC-08,DEPARTED,Carrier-C,2026-08-15T06:17:00,
SHP-001357,ORD-001357,DC-01,AT_DOCK,Carrier-C,2026-08-29T02:46:00,2026-08-29T03:10:00
SHP-001358,ORD-001358,DC-02,PLANNED,Carrier-C,2026-08-26T00:44:00,
SHP-001359,ORD-001359,DC-12,PLANNED,Carrier-A,2026-09-03T19:34:00,
SHP-001360,ORD-001360,DC-16,AT_DOCK,Carrier-C,2026-08-26T10:54:00,2026-08-26T11:54:00
SHP-001361,ORD-001361,DC-06,AT_DOCK,Carrier-A,2026-09-02T02:54:00,2026-09-02T03:10:00
SHP-001362,ORD-001362,DC-02,BOOKED,Carrier-B,2026-08-28T13:19:00,2026-08-28T14:12:00
SHP-001363,ORD-001363,DC-18,PLANNED,Carrier-D,2026-08-13T16:46:00,2026-08-13T17:44:00
SHP-001364,ORD-001364,DC-10,BOOKED,Carrier-B,2026-08-16T15:10:00,2026-08-16T16:17:00
SHP-001365,ORD-001365,DC-13,BOOKED,Carrier-B,2026-09-03T13:15:00,
SHP-001366,ORD-001366,DC-06,DEPARTED,Carrier-C,2026-08-07T21:50:00,
SHP-001367,ORD-001367,DC-07,LOADED,Carrier-B,2026-08-14T21:57:00,
SHP-001368,ORD-001368,DC-10,AT_DOCK,Carrier-D,2026-08-07T00:55:00,2026-08-07T01:31:00
SHP-001369,ORD-001369,DC-07,LOADED,Carrier-D,2026-08-28T19:10:00,2026-08-28T19:57:00
SHP-001370,ORD-001370,DC-17,AT_DOCK,Carrier-C,2026-08-31T10:02:00,2026-08-31T10:12:00
SHP-001371,ORD-001371,DC-03,DELAYED,Carrier-A,2026-09-03T18:35:00,2026-09-03T18:43:00
SHP-001372,ORD-001372,DC-03,LOADED,Carrier-B,2026-08-17T20:34:00,2026-08-17T20:36:00
SHP-001373,ORD-001373,DC-17,DEPARTED,Carrier-D,2026-08-16T23:01:00,2026-08-16T23:14:00
SHP-001374,ORD-001374,DC-18,PLANNED,Carrier-A,2026-08-21T08:45:00,
SHP-001375,ORD-001375,DC-09,BOOKED,Carrier-B,2026-08-27T21:24:00,2026-08-27T21:27:00
SHP-001376,ORD-001376,DC-09,LOADED,Carrier-B,2026-08-12T21:10:00,
SHP-001377,ORD-001377,DC-14,PLANNED,Carrier-B,2026-09-05T07:55:00,
SHP-001378,ORD-001378,DC-03,PLANNED,Carrier-C,2026-08-21T04:56:00,
SHP-001379,ORD-001379,DC-04,BOOKED,Carrier-C,2026-08-05T05:25:00,
SHP-001380,ORD-001380,DC-10,LOADED,Carrier-A,2026-08-16T10:25:00,
SHP-001381,ORD-001381,DC-14,DEPARTED,Carrier-B,2026-09-04T19:49:00,
SHP-001382,ORD-001382,DC-07,LOADED,Carrier-A,2026-08-18T22:28:00,2026-08-18T23:18:00
SHP-001383,ORD-001383,DC-12,AT_DOCK,Carrier-A,2026-08-16T22:31:00,
SHP-001384,ORD-001384,DC-07,DEPARTED,Carrier-D,2026-08-18T19:24:00,
SHP-001385,ORD-001385,DC-11,DELAYED,Carrier-C,2026-08-29T20:01:00,2026-08-29T19:56:00
SHP-001386,ORD-001386,DC-16,PLANNED,Carrier-D,2026-08-09T10:34:00,
SHP-001387,ORD-001387,DC-16,BOOKED,Carrier-B,2026-08-03T19:13:00,2026-08-03T19:52:00
SHP-001388,ORD-001388,DC-06,DELAYED,Carrier-A,2026-08-20T17:50:00,2026-08-20T18:35:00
SHP-001389,ORD-001389,DC-07,BOOKED,Carrier-A,2026-08-21T21:57:00,
SHP-001390,ORD-001390,DC-06,LOADED,Carrier-C,2026-08-05T13:17:00,
SHP-001391,ORD-001391,DC-12,DEPARTED,Carrier-A,2026-08-05T22:33:00,2026-08-05T23:37:00
SHP-001392,ORD-001392,DC-13,AT_DOCK,Carrier-B,2026-08-27T00:22:00,
SHP-001393,ORD-001393,DC-14,AT_DOCK,Carrier-C,2026-08-22T08:44:00,2026-08-22T09:04:00
SHP-001394,ORD-001394,DC-16,DELAYED,Carrier-D,2026-08-23T12:08:00,
SHP-001395,ORD-001395,DC-04,PLANNED,Carrier-A,2026-08-31T14:14:00,
SHP-001396,ORD-001396,DC-06,AT_DOCK,Carrier-B,2026-08-27T01:21:00,2026-08-27T01:14:00
SHP-001397,ORD-001397,DC-16,DEPARTED,Carrier-C,2026-08-28T14:38:00,
SHP-001398,ORD-001398,DC-15,DELAYED,Carrier-A,2026-08-12T04:22:00,
SHP-001399,ORD-001399,DC-11,AT_DOCK,Carrier-D,2026-08-21T00:36:00,2026-08-21T01:18:00
SHP-001400,ORD-001400,DC-17,LOADED,Carrier-D,2026-08-21T12:58:00,2026-08-21T12:48:00
SHP-001401,ORD-001401,DC-04,BOOKED,Carrier-B,2026-08-03T20:33:00,2026-08-03T20:59:00
SHP-001402,ORD-001402,DC-11,BOOKED,Carrier-D,2026-08-29T14:09:00,
SHP-001403,ORD-001403,DC-16,DELAYED,Carrier-B,2026-08-10T18:41:00,
SHP-001404,ORD-001404,DC-14,DELAYED,Carrier-A,2026-09-04T17:32:00,2026-09-04T18:06:00
SHP-001405,ORD-001405,DC-13,DELAYED,Carrier-C,2026-08-27T23:47:00,
SHP-001406,ORD-001406,DC-08,BOOKED,Carrier-C,2026-08-28T06:32:00,
SHP-001407,ORD-001407,DC-04,PLANNED,Carrier-A,2026-09-02T04:04:00,2026-09-02T04:10:00
SHP-001408,ORD-001408,DC-07,PLANNED,Carrier-A,2026-08-07T05:52:00,
SHP-001409,ORD-001409,DC-01,LOADED,Carrier-B,2026-08-09T02:29:00,2026-08-09T02:34:00
SHP-001410,ORD-001410,DC-09,BOOKED,Carrier-C,2026-08-15T19:29:00,2026-08-15T20:31:00
SHP-001411,ORD-001411,DC-11,DELAYED,Carrier-C,2026-08-27T15:24:00,
SHP-001412,ORD-001412,DC-05,BOOKED,Carrier-D,2026-08-14T15:16:00,
SHP-001413,ORD-001413,DC-11,PLANNED,Carrier-B,2026-08-22T22:17:00,2026-08-22T23:18:00
SHP-001414,ORD-001414,DC-18,PLANNED,Carrier-B,2026-08-16T04:15:00,2026-08-16T04:35:00
SHP-001415,ORD-001415,DC-09,LOADED,Carrier-C,2026-08-07T22:49:00,2026-08-07T23:01:00
SHP-001416,ORD-001416,DC-02,AT_DOCK,Carrier-C,2026-08-25T13:50:00,2026-08-25T14:55:00
SHP-001417,ORD-001417,DC-06,DEPARTED,Carrier-D,2026-09-02T01:55:00,2026-09-02T01:53:00
SHP-001418,ORD-001418,DC-16,PLANNED,Carrier-A,2026-08-25T10:40:00,
SHP-001419,ORD-001419,DC-12,DELAYED,Carrier-A,2026-08-26T23:38:00,
SHP-001420,ORD-001420,DC-10,LOADED,Carrier-A,2026-08-17T14:47:00,
SHP-001421,ORD-001421,DC-15,LOADED,Carrier-C,2026-09-02T14:57:00,
SHP-001422,ORD-001422,DC-06,AT_DOCK,Carrier-D,2026-09-03T10:11:00,2026-09-03T10:07:00
SHP-001423,ORD-001423,DC-14,BOOKED,Carrier-A,2026-08-31T15:35:00,
SHP-001424,ORD-001424,DC-05,DEPARTED,Carrier-C,2026-08-11T21:35:00,2026-08-11T21:26:00
SHP-001425,ORD-001425,DC-11,AT_DOCK,Carrier-D,2026-08-08T18:24:00,2026-08-08T18:15:00
SHP-001426,ORD-001426,DC-02,DEPARTED,Carrier-A,2026-08-30T20:30:00,2026-08-30T21:14:00
SHP-001427,ORD-001427,DC-11,DELAYED,Carrier-B,2026-08-06T07:04:00,2026-08-06T07:15:00
SHP-001428,ORD-001428,DC-12,DELAYED,Carrier-A,2026-08-08T13:52:00,2026-08-08T14:04:00
SHP-001429,ORD-001429,DC-11,DEPARTED,Carrier-B,2026-08-22T21:35:00,2026-08-22T21:20:00
SHP-001430,ORD-001430,DC-16,DEPARTED,Carrier-A,2026-08-02T07:35:00,2026-08-02T07:27:00
SHP-001431,ORD-001431,DC-17,PLANNED,Carrier-B,2026-08-22T12:56:00,2026-08-22T12:56:00
SHP-001432,ORD-001432,DC-02,AT_DOCK,Carrier-B,2026-08-10T22:54:00,2026-08-10T23:05:00
SHP-001433,ORD-001433,DC-12,AT_DOCK,Carrier-C,2026-08-11T22:26:00,
SHP-001434,ORD-001434,DC-13,DELAYED,Carrier-D,2026-08-18T16:25:00,
SHP-001435,ORD-001435,DC-17,DEPARTED,Carrier-B,2026-09-02T17:56:00,2026-09-02T17:36:00
SHP-001436,ORD-001436,DC-14,AT_DOCK,Carrier-B,2026-08-08T01:17:00,
SHP-001437,ORD-001437,DC-11,PLANNED,Carrier-C,2026-08-15T05:16:00,2026-08-15T05:59:00
SHP-001438,ORD-001438,DC-11,DEPARTED,Carrier-C,2026-08-14T16:05:00,2026-08-14T17:10:00
SHP-001439,ORD-001439,DC-18,DEPARTED,Carrier-A,2026-08-10T12:33:00,2026-08-10T13:05:00
SHP-001440,ORD-001440,DC-03,AT_DOCK,Carrier-D,2026-08-07T09:21:00,
SHP-001441,ORD-001441,DC-07,PLANNED,Carrier-B,2026-08-18T20:56:00,
SHP-001442,ORD-001442,DC-10,DEPARTED,Carrier-D,2026-08-02T01:27:00,
SHP-001443,ORD-001443,DC-11,BOOKED,Carrier-B,2026-08-19T04:59:00,2026-08-19T06:08:00
SHP-001444,ORD-001444,DC-18,PLANNED,Carrier-A,2026-08-09T22:35:00,2026-08-09T22:54:00
SHP-001445,ORD-001445,DC-05,LOADED,Carrier-C,2026-08-22T10:03:00,2026-08-22T10:36:00
SHP-001446,ORD-001446,DC-17,DELAYED,Carrier-B,2026-08-12T03:57:00,
SHP-001447,ORD-001447,DC-03,DELAYED,Carrier-A,2026-08-16T14:32:00,
SHP-001448,ORD-001448,DC-14,AT_DOCK,Carrier-A,2026-08-13T12:27:00,2026-08-13T12:14:00
SHP-001449,ORD-001449,DC-13,PLANNED,Carrier-C,2026-08-12T08:58:00,2026-08-12T09:49:00
SHP-001450,ORD-001450,DC-11,AT_DOCK,Carrier-B,2026-08-28T17:36:00,
SHP-001451,ORD-001451,DC-06,BOOKED,Carrier-B,2026-08-14T16:31:00,2026-08-14T17:05:00
SHP-001452,ORD-001452,DC-13,DELAYED,Carrier-D,2026-08-19T14:37:00,
SHP-001453,ORD-001453,DC-17,PLANNED,Carrier-B,2026-08-01T18:29:00,
SHP-001454,ORD-001454,DC-13,DEPARTED,Carrier-A,2026-08-03T19:38:00,2026-08-03T19:48:00
SHP-001455,ORD-001455,DC-01,DEPARTED,Carrier-B,2026-08-03T20:58:00,
SHP-001456,ORD-001456,DC-08,BOOKED,Carrier-C,2026-08-23T00:04:00,2026-08-23T00:48:00
SHP-001457,ORD-001457,DC-08,LOADED,Carrier-A,2026-09-04T17:03:00,
SHP-001458,ORD-001458,DC-08,AT_DOCK,Carrier-C,2026-08-13T23:31:00,2026-08-13T23:49:00
SHP-001459,ORD-001459,DC-08,BOOKED,Carrier-C,2026-08-27T09:00:00,
SHP-001460,ORD-001460,DC-11,BOOKED,Carrier-B,2026-08-15T06:02:00,2026-08-15T07:14:00
SHP-001461,ORD-001461,DC-01,AT_DOCK,Carrier-B,2026-08-16T00:14:00,
SHP-001462,ORD-001462,DC-15,LOADED,Carrier-C,2026-08-16T21:50:00,2026-08-16T22:37:00
SHP-001463,ORD-001463,DC-07,BOOKED,Carrier-D,2026-09-03T23:17:00,2026-09-03T23:44:00
SHP-001464,ORD-001464,DC-16,DELAYED,Carrier-C,2026-08-26T17:53:00,2026-08-26T17:57:00
SHP-001465,ORD-001465,DC-12,DELAYED,Carrier-B,2026-09-01T18:14:00,2026-09-01T18:28:00
SHP-001466,ORD-001466,DC-03,PLANNED,Carrier-C,2026-08-14T01:58:00,2026-08-14T01:39:00
SHP-001467,ORD-001467,DC-15,PLANNED,Carrier-B,2026-08-29T08:38:00,2026-08-29T08:24:00
SHP-001468,ORD-001468,DC-15,DEPARTED,Carrier-B,2026-08-12T08:44:00,
SHP-001469,ORD-001469,DC-18,DELAYED,Carrier-D,2026-08-23T23:05:00,2026-08-24T00:04:00
SHP-001470,ORD-001470,DC-10,DEPARTED,Carrier-C,2026-08-03T13:47:00,
SHP-001471,ORD-001471,DC-15,DEPARTED,Carrier-A,2026-09-02T13:03:00,
SHP-001472,ORD-001472,DC-09,AT_DOCK,Carrier-B,2026-08-14T14:33:00,2026-08-14T14:22:00
SHP-001473,ORD-001473,DC-05,AT_DOCK,Carrier-B,2026-08-16T14:45:00,
SHP-001474,ORD-001474,DC-06,LOADED,Carrier-B,2026-08-19T17:14:00,2026-08-19T17:43:00
SHP-001475,ORD-001475,DC-02,LOADED,Carrier-C,2026-09-05T13:09:00,2026-09-05T13:49:00
SHP-001476,ORD-001476,DC-02,DEPARTED,Carrier-B,2026-08-07T04:00:00,2026-08-07T04:26:00
SHP-001477,ORD-001477,DC-07,DELAYED,Carrier-B,2026-09-04T19:46:00,
SHP-001478,ORD-001478,DC-11,PLANNED,Carrier-D,2026-08-16T03:50:00,2026-08-16T03:44:00
SHP-001479,ORD-001479,DC-18,DEPARTED,Carrier-B,2026-08-15T23:08:00,
SHP-001480,ORD-001480,DC-02,LOADED,Carrier-C,2026-08-01T13:08:00,2026-08-01T14:18:00
SHP-001481,ORD-001481,DC-02,DEPARTED,Carrier-C,2026-08-28T22:59:00,
SHP-001482,ORD-001482,DC-04,PLANNED,Carrier-D,2026-08-23T19:36:00,
SHP-001483,ORD-001483,DC-16,AT_DOCK,Carrier-B,2026-08-04T01:36:00,2026-08-04T02:50:00
SHP-001484,ORD-001484,DC-03,BOOKED,Carrier-C,2026-08-10T18:38:00,
SHP-001485,ORD-001485,DC-11,PLANNED,Carrier-C,2026-08-01T22:02:00,2026-08-01T22:32:00
SHP-001486,ORD-001486,DC-13,BOOKED,Carrier-B,2026-08-22T10:22:00,2026-08-22T10:10:00
SHP-001487,ORD-001487,DC-01,DEPARTED,Carrier-D,2026-08-03T23:12:00,2026-08-03T23:23:00
SHP-001488,ORD-001488,DC-16,BOOKED,Carrier-A,2026-08-02T04:23:00,2026-08-02T05:12:00
SHP-001489,ORD-001489,DC-01,PLANNED,Carrier-B,2026-09-03T19:19:00,
SHP-001490,ORD-001490,DC-01,PLANNED,Carrier-A,2026-08-25T07:27:00,
SHP-001491,ORD-001491,DC-09,PLANNED,Carrier-B,2026-08-05T01:18:00,2026-08-05T00:58:00
SHP-001492,ORD-001492,DC-16,DELAYED,Carrier-B,2026-08-13T23:19:00,2026-08-13T23:54:00
SHP-001493,ORD-001493,DC-08,DEPARTED,Carrier-A,2026-08-11T00:12:00,2026-08-11T00:40:00
SHP-001494,ORD-001494,DC-17,DELAYED,Carrier-A,2026-08-31T10:06:00,2026-08-31T10:40:00
SHP-001495,ORD-001495,DC-15,AT_DOCK,Carrier-D,2026-08-31T07:37:00,
SHP-001496,ORD-001496,DC-10,LOADED,Carrier-A,2026-08-27T14:54:00,2026-08-27T14:40:00
SHP-001497,ORD-001497,DC-05,AT_DOCK,Carrier-D,2026-09-03T20:04:00,2026-09-03T20:01:00
SHP-001498,ORD-001498,DC-07,LOADED,Carrier-D,2026-08-10T01:27:00,
SHP-001499,ORD-001499,DC-17,DELAYED,Carrier-A,2026-08-05T17:43:00,2026-08-05T18:52:00
SHP-001500,ORD-001500,DC-15,BOOKED,Carrier-A,2026-09-05T10:27:00,
SHP-001501,ORD-001501,DC-13,PLANNED,Carrier-B,2026-08-28T15:10:00,
SHP-001502,ORD-001502,DC-10,BOOKED,Carrier-A,2026-08-10T19:02:00,2026-08-10T19:25:00
SHP-001503,ORD-001503,DC-08,AT_DOCK,Carrier-A,2026-08-25T05:44:00,
SHP-001504,ORD-001504,DC-12,DELAYED,Carrier-B,2026-09-04T06:56:00,2026-09-04T07:08:00
SHP-001505,ORD-001505,DC-04,BOOKED,Carrier-C,2026-08-07T08:54:00,
SHP-001506,ORD-001506,DC-03,BOOKED,Carrier-C,2026-08-02T13:31:00,
SHP-001507,ORD-001507,DC-03,LOADED,Carrier-A,2026-08-29T01:15:00,2026-08-29T00:58:00
SHP-001508,ORD-001508,DC-05,PLANNED,Carrier-A,2026-08-05T10:38:00,2026-08-05T10:21:00
SHP-001509,ORD-001509,DC-01,LOADED,Carrier-D,2026-08-07T19:49:00,
SHP-001510,ORD-001510,DC-06,AT_DOCK,Carrier-A,2026-08-04T00:20:00,
SHP-001511,ORD-001511,DC-03,DEPARTED,Carrier-A,2026-09-02T05:13:00,2026-09-02T06:23:00
SHP-001512,ORD-001512,DC-11,DELAYED,Carrier-A,2026-08-22T14:46:00,2026-08-22T15:58:00
SHP-001513,ORD-001513,DC-04,BOOKED,Carrier-C,2026-09-04T01:43:00,2026-09-04T02:21:00
SHP-001514,ORD-001514,DC-05,LOADED,Carrier-C,2026-08-19T21:40:00,2026-08-19T22:14:00
SHP-001515,ORD-001515,DC-02,BOOKED,Carrier-A,2026-09-04T10:32:00,2026-09-04T10:51:00
SHP-001516,ORD-001516,DC-01,LOADED,Carrier-C,2026-09-01T20:26:00,
SHP-001517,ORD-001517,DC-01,BOOKED,Carrier-B,2026-08-04T20:29:00,2026-08-04T21:28:00
SHP-001518,ORD-001518,DC-17,AT_DOCK,Carrier-D,2026-08-04T13:15:00,2026-08-04T13:02:00
SHP-001519,ORD-001519,DC-16,PLANNED,Carrier-C,2026-08-27T07:30:00,2026-08-27T07:18:00
SHP-001520,ORD-001520,DC-09,DELAYED,Carrier-A,2026-08-20T16:24:00,2026-08-20T16:11:00
SHP-001521,ORD-001521,DC-09,LOADED,Carrier-A,2026-08-28T14:56:00,
SHP-001522,ORD-001522,DC-07,DELAYED,Carrier-C,2026-08-22T21:12:00,
SHP-001523,ORD-001523,DC-18,PLANNED,Carrier-B,2026-08-14T17:42:00,
SHP-001524,ORD-001524,DC-03,PLANNED,Carrier-B,2026-09-03T00:43:00,
SHP-001525,ORD-001525,DC-13,AT_DOCK,Carrier-D,2026-09-02T04:33:00,
SHP-001526,ORD-001526,DC-01,BOOKED,Carrier-D,2026-08-29T19:42:00,
SHP-001527,ORD-001527,DC-01,DEPARTED,Carrier-A,2026-09-03T04:54:00,
SHP-001528,ORD-001528,DC-09,AT_DOCK,Carrier-C,2026-08-08T07:15:00,2026-08-08T08:13:00
SHP-001529,ORD-001529,DC-08,PLANNED,Carrier-B,2026-08-31T06:54:00,
SHP-001530,ORD-001530,DC-01,BOOKED,Carrier-D,2026-08-10T09:11:00,2026-08-10T10:22:00
SHP-001531,ORD-001531,DC-08,PLANNED,Carrier-C,2026-08-30T22:11:00,
SHP-001532,ORD-001532,DC-12,LOADED,Carrier-D,2026-09-02T05:06:00,
SHP-001533,ORD-001533,DC-16,LOADED,Carrier-D,2026-08-09T10:41:00,
SHP-001534,ORD-001534,DC-10,AT_DOCK,Carrier-D,2026-08-18T23:25:00,2026-08-19T00:34:00
SHP-001535,ORD-001535,DC-06,AT_DOCK,Carrier-B,2026-08-22T02:35:00,
SHP-001536,ORD-001536,DC-06,BOOKED,Carrier-B,2026-08-20T10:48:00,2026-08-20T10:54:00
SHP-001537,ORD-001537,DC-17,DELAYED,Carrier-B,2026-09-03T21:06:00,2026-09-03T21:14:00
SHP-001538,ORD-001538,DC-01,LOADED,Carrier-A,2026-08-22T06:03:00,2026-08-22T06:53:00
SHP-001539,ORD-001539,DC-02,BOOKED,Carrier-D,2026-09-05T12:30:00,
SHP-001540,ORD-001540,DC-13,BOOKED,Carrier-C,2026-08-24T03:13:00,2026-08-24T03:17:00
SHP-001541,ORD-001541,DC-10,AT_DOCK,Carrier-D,2026-08-15T15:28:00,
SHP-001542,ORD-001542,DC-16,AT_DOCK,Carrier-B,2026-09-03T02:37:00,2026-09-03T02:19:00
SHP-001543,ORD-001543,DC-14,BOOKED,Carrier-B,2026-09-04T01:18:00,
SHP-001544,ORD-001544,DC-01,DEPARTED,Carrier-D,2026-08-13T20:02:00,2026-08-13T20:34:00
SHP-001545,ORD-001545,DC-09,AT_DOCK,Carrier-D,2026-09-02T02:05:00,2026-09-02T02:17:00
SHP-001546,ORD-001546,DC-12,LOADED,Carrier-C,2026-08-12T02:07:00,
SHP-001547,ORD-001547,DC-01,DELAYED,Carrier-D,2026-08-22T05:22:00,2026-08-22T05:56:00
SHP-001548,ORD-001548,DC-03,AT_DOCK,Carrier-B,2026-08-16T15:31:00,2026-08-16T16:42:00
SHP-001549,ORD-001549,DC-16,DEPARTED,Carrier-D,2026-08-21T05:27:00,2026-08-21T05:13:00
SHP-001550,ORD-001550,DC-09,LOADED,Carrier-C,2026-08-13T23:25:00,
SHP-001551,ORD-001551,DC-08,AT_DOCK,Carrier-B,2026-08-14T02:47:00,
SHP-001552,ORD-001552,DC-06,DEPARTED,Carrier-A,2026-08-19T23:17:00,
SHP-001553,ORD-001553,DC-07,BOOKED,Carrier-A,2026-08-15T03:36:00,2026-08-15T04:05:00
SHP-001554,ORD-001554,DC-08,AT_DOCK,Carrier-B,2026-08-25T00:00:00,2026-08-24T23:57:00
SHP-001555,ORD-001555,DC-05,LOADED,Carrier-C,2026-08-13T11:20:00,
SHP-001556,ORD-001556,DC-14,BOOKED,Carrier-A,2026-08-10T16:24:00,2026-08-10T16:52:00
SHP-001557,ORD-001557,DC-04,AT_DOCK,Carrier-A,2026-08-23T18:26:00,
SHP-001558,ORD-001558,DC-16,AT_DOCK,Carrier-A,2026-09-02T06:04:00,2026-09-02T07:05:00
SHP-001559,ORD-001559,DC-14,BOOKED,Carrier-B,2026-08-23T17:34:00,2026-08-23T17:30:00
SHP-001560,ORD-001560,DC-18,LOADED,Carrier-C,2026-09-02T18:29:00,
SHP-001561,ORD-001561,DC-03,PLANNED,Carrier-A,2026-08-04T11:05:00,2026-08-04T11:10:00
SHP-001562,ORD-001562,DC-08,LOADED,Carrier-B,2026-09-02T20:19:00,
SHP-001563,ORD-001563,DC-08,DELAYED,Carrier-A,2026-08-23T11:24:00,2026-08-23T11:08:00
SHP-001564,ORD-001564,DC-05,AT_DOCK,Carrier-B,2026-08-04T18:53:00,2026-08-04T19:34:00
SHP-001565,ORD-001565,DC-18,PLANNED,Carrier-D,2026-08-15T08:05:00,
SHP-001566,ORD-001566,DC-01,BOOKED,Carrier-B,2026-08-04T07:39:00,
SHP-001567,ORD-001567,DC-08,AT_DOCK,Carrier-B,2026-08-18T07:52:00,2026-08-18T07:59:00
SHP-001568,ORD-001568,DC-09,LOADED,Carrier-B,2026-08-17T06:15:00,2026-08-17T07:28:00
SHP-001569,ORD-001569,DC-15,DEPARTED,Carrier-A,2026-08-27T22:03:00,
SHP-001570,ORD-001570,DC-17,BOOKED,Carrier-B,2026-09-04T06:42:00,
SHP-001571,ORD-001571,DC-02,DEPARTED,Carrier-C,2026-08-29T04:06:00,
SHP-001572,ORD-001572,DC-17,DELAYED,Carrier-D,2026-08-23T07:28:00,
SHP-001573,ORD-001573,DC-08,DEPARTED,Carrier-C,2026-08-25T19:01:00,2026-08-25T20:07:00
SHP-001574,ORD-001574,DC-16,AT_DOCK,Carrier-B,2026-08-27T14:12:00,
SHP-001575,ORD-001575,DC-11,LOADED,Carrier-D,2026-08-28T06:30:00,2026-08-28T07:12:00
SHP-001576,ORD-001576,DC-10,PLANNED,Carrier-C,2026-09-05T03:19:00,2026-09-05T03:02:00
SHP-001577,ORD-001577,DC-10,LOADED,Carrier-B,2026-08-29T02:34:00,2026-08-29T03:18:00
SHP-001578,ORD-001578,DC-01,AT_DOCK,Carrier-B,2026-08-11T16:41:00,
SHP-001579,ORD-001579,DC-04,PLANNED,Carrier-D,2026-08-07T17:53:00,2026-08-07T17:47:00
SHP-001580,ORD-001580,DC-13,LOADED,Carrier-A,2026-08-25T21:44:00,2026-08-25T21:49:00
SHP-001581,ORD-001581,DC-16,BOOKED,Carrier-D,2026-08-15T16:20:00,
SHP-001582,ORD-001582,DC-04,DELAYED,Carrier-A,2026-08-27T10:47:00,
SHP-001583,ORD-001583,DC-02,LOADED,Carrier-D,2026-08-24T03:47:00,2026-08-24T03:31:00
SHP-001584,ORD-001584,DC-08,DELAYED,Carrier-C,2026-08-21T00:59:00,2026-08-21T01:04:00
SHP-001585,ORD-001585,DC-09,DELAYED,Carrier-B,2026-08-01T19:39:00,2026-08-01T20:30:00
SHP-001586,ORD-001586,DC-06,LOADED,Carrier-C,2026-08-09T12:35:00,2026-08-09T13:25:00
SHP-001587,ORD-001587,DC-01,LOADED,Carrier-B,2026-08-05T19:09:00,
SHP-001588,ORD-001588,DC-04,AT_DOCK,Carrier-D,2026-08-30T01:18:00,
SHP-001589,ORD-001589,DC-09,PLANNED,Carrier-A,2026-08-20T18:11:00,2026-08-20T18:12:00
SHP-001590,ORD-001590,DC-15,LOADED,Carrier-D,2026-08-02T23:07:00,
SHP-001591,ORD-001591,DC-18,DELAYED,Carrier-C,2026-08-19T19:56:00,
SHP-001592,ORD-001592,DC-03,BOOKED,Carrier-B,2026-08-22T08:57:00,
SHP-001593,ORD-001593,DC-16,DEPARTED,Carrier-D,2026-08-25T00:34:00,
SHP-001594,ORD-001594,DC-12,AT_DOCK,Carrier-D,2026-08-22T00:33:00,2026-08-22T01:04:00
SHP-001595,ORD-001595,DC-02,DEPARTED,Carrier-B,2026-08-12T07:07:00,
SHP-001596,ORD-001596,DC-18,BOOKED,Carrier-B,2026-08-07T20:48:00,
SHP-001597,ORD-001597,DC-08,BOOKED,Carrier-D,2026-09-04T00:48:00,
SHP-001598,ORD-001598,DC-05,AT_DOCK,Carrier-C,2026-08-17T19:50:00,2026-08-17T20:58:00
SHP-001599,ORD-001599,DC-03,DEPARTED,Carrier-B,2026-08-18T23:07:00,
SHP-001600,ORD-001600,DC-18,PLANNED,Carrier-A,2026-08-27T05:35:00,2026-08-27T05:27:00
SHP-001601,ORD-001601,DC-09,BOOKED,Carrier-A,2026-08-27T08:50:00,2026-08-27T09:21:00
SHP-001602,ORD-001602,DC-05,AT_DOCK,Carrier-B,2026-08-13T17:33:00,2026-08-13T17:39:00
SHP-001603,ORD-001603,DC-13,PLANNED,Carrier-C,2026-08-11T00:30:00,
SHP-001604,ORD-001604,DC-09,LOADED,Carrier-C,2026-08-21T21:28:00,2026-08-21T21:32:00
SHP-001605,ORD-001605,DC-07,DEPARTED,Carrier-C,2026-08-26T16:17:00,
SHP-001606,ORD-001606,DC-01,LOADED,Carrier-C,2026-08-30T06:34:00,
SHP-001607,ORD-001607,DC-04,BOOKED,Carrier-C,2026-08-08T09:32:00,
SHP-001608,ORD-001608,DC-10,AT_DOCK,Carrier-D,2026-08-20T15:00:00,2026-08-20T15:08:00
SHP-001609,ORD-001609,DC-10,AT_DOCK,Carrier-C,2026-08-07T13:50:00,
SHP-001610,ORD-001610,DC-08,BOOKED,Carrier-A,2026-08-28T16:46:00,
SHP-001611,ORD-001611,DC-11,BOOKED,Carrier-D,2026-08-12T16:39:00,
SHP-001612,ORD-001612,DC-08,DEPARTED,Carrier-D,2026-08-10T11:46:00,2026-08-10T11:31:00
SHP-001613,ORD-001613,DC-09,AT_DOCK,Carrier-B,2026-09-02T05:27:00,
SHP-001614,ORD-001614,DC-09,AT_DOCK,Carrier-D,2026-08-30T07:06:00,
SHP-001615,ORD-001615,DC-05,PLANNED,Carrier-C,2026-08-23T02:25:00,2026-08-23T03:21:00
SHP-001616,ORD-001616,DC-17,AT_DOCK,Carrier-A,2026-09-04T03:20:00,2026-09-04T04:01:00
SHP-001617,ORD-001617,DC-11,DEPARTED,Carrier-C,2026-08-31T03:39:00,
SHP-001618,ORD-001618,DC-06,PLANNED,Carrier-B,2026-09-01T00:37:00,2026-09-01T01:03:00
SHP-001619,ORD-001619,DC-18,DELAYED,Carrier-C,2026-08-25T22:42:00,2026-08-25T22:37:00
SHP-001620,ORD-001620,DC-17,AT_DOCK,Carrier-A,2026-09-01T13:13:00,
SHP-001621,ORD-001621,DC-15,LOADED,Carrier-D,2026-08-09T08:06:00,
SHP-001622,ORD-001622,DC-10,LOADED,Carrier-C,2026-08-23T18:24:00,2026-08-23T18:14:00
SHP-001623,ORD-001623,DC-08,DELAYED,Carrier-A,2026-08-18T21:44:00,
SHP-001624,ORD-001624,DC-16,LOADED,Carrier-C,2026-08-12T20:52:00,2026-08-12T22:02:00
SHP-001625,ORD-001625,DC-14,DEPARTED,Carrier-A,2026-08-25T14:58:00,2026-08-25T14:57:00
SHP-001626,ORD-001626,DC-04,LOADED,Carrier-A,2026-08-04T17:02:00,2026-08-04T17:39:00
SHP-001627,ORD-001627,DC-04,AT_DOCK,Carrier-B,2026-08-12T09:35:00,
SHP-001628,ORD-001628,DC-15,AT_DOCK,Carrier-C,2026-08-21T15:48:00,
SHP-001629,ORD-001629,DC-12,DELAYED,Carrier-D,2026-08-14T08:06:00,
SHP-001630,ORD-001630,DC-15,BOOKED,Carrier-D,2026-09-05T08:36:00,
SHP-001631,ORD-001631,DC-11,PLANNED,Carrier-C,2026-08-17T20:28:00,2026-08-17T21:19:00
SHP-001632,ORD-001632,DC-18,PLANNED,Carrier-B,2026-08-05T21:02:00,
SHP-001633,ORD-001633,DC-03,BOOKED,Carrier-B,2026-08-30T07:35:00,
SHP-001634,ORD-001634,DC-14,BOOKED,Carrier-A,2026-08-09T00:26:00,2026-08-09T00:47:00
SHP-001635,ORD-001635,DC-12,LOADED,Carrier-A,2026-08-04T18:23:00,2026-08-04T18:28:00
SHP-001636,ORD-001636,DC-16,AT_DOCK,Carrier-C,2026-08-23T00:12:00,
SHP-001637,ORD-001637,DC-15,AT_DOCK,Carrier-A,2026-09-04T16:47:00,
SHP-001638,ORD-001638,DC-06,AT_DOCK,Carrier-A,2026-08-28T20:44:00,2026-08-28T21:44:00
SHP-001639,ORD-001639,DC-08,PLANNED,Carrier-D,2026-08-05T04:30:00,2026-08-05T04:35:00
SHP-001640,ORD-001640,DC-01,AT_DOCK,Carrier-D,2026-08-28T17:41:00,2026-08-28T17:29:00
SHP-001641,ORD-001641,DC-07,LOADED,Carrier-A,2026-08-12T15:59:00,
SHP-001642,ORD-001642,DC-11,BOOKED,Carrier-A,2026-08-13T05:41:00,
SHP-001643,ORD-001643,DC-17,BOOKED,Carrier-D,2026-08-15T16:26:00,2026-08-15T16:45:00
SHP-001644,ORD-001644,DC-11,AT_DOCK,Carrier-D,2026-08-31T23:21:00,2026-09-01T00:24:00
SHP-001645,ORD-001645,DC-05,AT_DOCK,Carrier-C,2026-08-03T17:08:00,
SHP-001646,ORD-001646,DC-02,LOADED,Carrier-C,2026-08-21T14:37:00,
SHP-001647,ORD-001647,DC-14,AT_DOCK,Carrier-A,2026-08-08T17:35:00,2026-08-08T18:12:00
SHP-001648,ORD-001648,DC-17,AT_DOCK,Carrier-A,2026-08-17T09:40:00,
SHP-001649,ORD-001649,DC-08,LOADED,Carrier-D,2026-08-13T06:11:00,2026-08-13T07:00:00
SHP-001650,ORD-001650,DC-05,DELAYED,Carrier-D,2026-08-02T11:07:00,
SHP-001651,ORD-001651,DC-12,DEPARTED,Carrier-B,2026-08-13T15:40:00,2026-08-13T15:29:00
SHP-001652,ORD-001652,DC-10,BOOKED,Carrier-A,2026-08-26T23:17:00,
SHP-001653,ORD-001653,DC-03,PLANNED,Carrier-A,2026-08-26T03:16:00,2026-08-26T03:30:00
SHP-001654,ORD-001654,DC-01,LOADED,Carrier-A,2026-08-11T00:14:00,
SHP-001655,ORD-001655,DC-07,DEPARTED,Carrier-B,2026-08-19T17:04:00,
SHP-001656,ORD-001656,DC-11,LOADED,Carrier-D,2026-09-01T14:48:00,
SHP-001657,ORD-001657,DC-01,DEPARTED,Carrier-D,2026-08-11T18:52:00,2026-08-11T19:40:00
SHP-001658,ORD-001658,DC-13,AT_DOCK,Carrier-B,2026-08-15T01:51:00,2026-08-15T02:04:00
SHP-001659,ORD-001659,DC-12,LOADED,Carrier-C,2026-08-17T13:19:00,
SHP-001660,ORD-001660,DC-01,PLANNED,Carrier-B,2026-08-23T02:55:00,2026-08-23T03:05:00
SHP-001661,ORD-001661,DC-12,LOADED,Carrier-A,2026-08-06T09:15:00,2026-08-06T09:19:00
SHP-001662,ORD-001662,DC-15,DELAYED,Carrier-C,2026-08-06T18:51:00,
SHP-001663,ORD-001663,DC-08,LOADED,Carrier-D,2026-08-14T19:26:00,
SHP-001664,ORD-001664,DC-10,AT_DOCK,Carrier-A,2026-09-04T15:11:00,2026-09-04T16:24:00
SHP-001665,ORD-001665,DC-07,BOOKED,Carrier-D,2026-08-18T03:27:00,2026-08-18T04:23:00
SHP-001666,ORD-001666,DC-11,BOOKED,Carrier-A,2026-08-24T14:55:00,
SHP-001667,ORD-001667,DC-13,DELAYED,Carrier-D,2026-08-05T06:55:00,
SHP-001668,ORD-001668,DC-10,PLANNED,Carrier-A,2026-08-24T12:17:00,
SHP-001669,ORD-001669,DC-16,DELAYED,Carrier-A,2026-09-01T21:06:00,2026-09-01T21:29:00
SHP-001670,ORD-001670,DC-12,LOADED,Carrier-D,2026-09-03T13:59:00,2026-09-03T14:58:00
SHP-001671,ORD-001671,DC-12,BOOKED,Carrier-A,2026-09-05T07:30:00,
SHP-001672,ORD-001672,DC-06,PLANNED,Carrier-B,2026-08-04T12:32:00,
SHP-001673,ORD-001673,DC-02,BOOKED,Carrier-D,2026-08-07T21:14:00,2026-08-07T22:25:00
SHP-001674,ORD-001674,DC-15,PLANNED,Carrier-A,2026-08-28T16:14:00,2026-08-28T16:04:00
SHP-001675,ORD-001675,DC-11,DELAYED,Carrier-D,2026-08-03T04:36:00,
SHP-001676,ORD-001676,DC-10,BOOKED,Carrier-D,2026-08-15T20:48:00,2026-08-15T22:03:00
SHP-001677,ORD-001677,DC-06,PLANNED,Carrier-C,2026-08-13T02:35:00,2026-08-13T02:46:00
SHP-001678,ORD-001678,DC-12,BOOKED,Carrier-B,2026-08-10T13:47:00,
SHP-001679,ORD-001679,DC-17,DELAYED,Carrier-A,2026-08-15T22:32:00,2026-08-15T22:31:00
SHP-001680,ORD-001680,DC-05,LOADED,Carrier-A,2026-08-22T04:22:00,
SHP-001681,ORD-001681,DC-09,BOOKED,Carrier-B,2026-08-30T23:41:00,
SHP-001682,ORD-001682,DC-01,DEPARTED,Carrier-C,2026-08-17T06:54:00,
SHP-001683,ORD-001683,DC-09,DEPARTED,Carrier-D,2026-08-07T07:09:00,2026-08-07T06:51:00
SHP-001684,ORD-001684,DC-11,PLANNED,Carrier-D,2026-09-05T21:36:00,2026-09-05T22:37:00
SHP-001685,ORD-001685,DC-06,BOOKED,Carrier-B,2026-09-01T01:40:00,
SHP-001686,ORD-001686,DC-08,DEPARTED,Carrier-A,2026-09-01T07:10:00,2026-09-01T06:53:00
SHP-001687,ORD-001687,DC-10,DEPARTED,Carrier-D,2026-08-03T23:22:00,2026-08-03T23:13:00
SHP-001688,ORD-001688,DC-06,PLANNED,Carrier-A,2026-08-02T11:03:00,
SHP-001689,ORD-001689,DC-18,DEPARTED,Carrier-A,2026-09-03T20:42:00,2026-09-03T21:44:00
SHP-001690,ORD-001690,DC-10,BOOKED,Carrier-D,2026-08-18T15:26:00,
SHP-001691,ORD-001691,DC-14,DEPARTED,Carrier-D,2026-08-10T16:59:00,
SHP-001692,ORD-001692,DC-14,LOADED,Carrier-C,2026-09-01T01:58:00,2026-09-01T03:11:00
SHP-001693,ORD-001693,DC-10,PLANNED,Carrier-B,2026-08-09T22:11:00,2026-08-09T23:05:00
SHP-001694,ORD-001694,DC-10,LOADED,Carrier-A,2026-08-06T14:33:00,2026-08-06T14:25:00
SHP-001695,ORD-001695,DC-10,AT_DOCK,Carrier-C,2026-08-28T20:48:00,2026-08-28T21:37:00
SHP-001696,ORD-001696,DC-17,DEPARTED,Carrier-B,2026-09-04T20:08:00,2026-09-04T21:02:00
SHP-001697,ORD-001697,DC-06,DELAYED,Carrier-D,2026-08-15T08:21:00,2026-08-15T08:07:00
SHP-001698,ORD-001698,DC-15,DELAYED,Carrier-A,2026-08-01T12:21:00,
SHP-001699,ORD-001699,DC-04,AT_DOCK,Carrier-A,2026-08-18T14:07:00,
SHP-001700,ORD-001700,DC-08,DEPARTED,Carrier-B,2026-08-18T11:23:00,2026-08-18T11:53:00
SHP-001701,ORD-001701,DC-14,LOADED,Carrier-D,2026-08-07T12:20:00,2026-08-07T12:42:00
SHP-001702,ORD-001702,DC-13,DEPARTED,Carrier-D,2026-08-18T21:01:00,
SHP-001703,ORD-001703,DC-15,AT_DOCK,Carrier-B,2026-09-02T04:35:00,2026-09-02T05:31:00
SHP-001704,ORD-001704,DC-06,DELAYED,Carrier-A,2026-08-15T16:31:00,
SHP-001705,ORD-001705,DC-07,DELAYED,Carrier-C,2026-08-30T04:03:00,
SHP-001706,ORD-001706,DC-13,DELAYED,Carrier-C,2026-08-08T11:51:00,
SHP-001707,ORD-001707,DC-12,DELAYED,Carrier-D,2026-08-03T19:34:00,
SHP-001708,ORD-001708,DC-04,LOADED,Carrier-D,2026-08-09T10:26:00,
SHP-001709,ORD-001709,DC-07,LOADED,Carrier-B,2026-09-04T03:34:00,2026-09-04T04:35:00
SHP-001710,ORD-001710,DC-06,BOOKED,Carrier-A,2026-08-12T12:13:00,
SHP-001711,ORD-001711,DC-13,AT_DOCK,Carrier-A,2026-08-20T20:35:00,2026-08-20T21:03:00
SHP-001712,ORD-001712,DC-07,LOADED,Carrier-C,2026-08-07T05:07:00,2026-08-07T06:08:00
SHP-001713,ORD-001713,DC-03,AT_DOCK,Carrier-B,2026-08-29T22:46:00,2026-08-29T23:54:00
SHP-001714,ORD-001714,DC-03,LOADED,Carrier-C,2026-08-19T23:45:00,2026-08-20T00:27:00
SHP-001715,ORD-001715,DC-07,PLANNED,Carrier-B,2026-09-01T09:35:00,2026-09-01T10:02:00
SHP-001716,ORD-001716,DC-01,LOADED,Carrier-B,2026-08-30T10:33:00,
SHP-001717,ORD-001717,DC-17,PLANNED,Carrier-B,2026-09-04T16:18:00,2026-09-04T16:55:00
SHP-001718,ORD-001718,DC-14,BOOKED,Carrier-B,2026-08-10T11:43:00,2026-08-10T11:38:00
SHP-001719,ORD-001719,DC-17,BOOKED,Carrier-D,2026-08-24T03:49:00,
SHP-001720,ORD-001720,DC-09,LOADED,Carrier-D,2026-08-30T06:21:00,2026-08-30T07:01:00
SHP-001721,ORD-001721,DC-03,DEPARTED,Carrier-D,2026-09-02T07:57:00,
SHP-001722,ORD-001722,DC-01,LOADED,Carrier-B,2026-08-07T00:20:00,2026-08-07T01:23:00
SHP-001723,ORD-001723,DC-04,DELAYED,Carrier-B,2026-08-05T20:42:00,
SHP-001724,ORD-001724,DC-04,AT_DOCK,Carrier-B,2026-08-14T01:01:00,
SHP-001725,ORD-001725,DC-17,PLANNED,Carrier-D,2026-09-05T19:47:00,2026-09-05T20:59:00
SHP-001726,ORD-001726,DC-15,LOADED,Carrier-B,2026-09-01T15:58:00,2026-09-01T16:26:00
SHP-001727,ORD-001727,DC-07,AT_DOCK,Carrier-A,2026-08-02T09:32:00,
SHP-001728,ORD-001728,DC-10,LOADED,Carrier-A,2026-08-09T19:39:00,
SHP-001729,ORD-001729,DC-14,PLANNED,Carrier-A,2026-08-04T04:07:00,
SHP-001730,ORD-001730,DC-04,BOOKED,Carrier-A,2026-08-05T21:11:00,
SHP-001731,ORD-001731,DC-10,DEPARTED,Carrier-D,2026-09-01T17:46:00,
SHP-001732,ORD-001732,DC-03,DELAYED,Carrier-C,2026-08-17T02:54:00,2026-08-17T03:31:00
SHP-001733,ORD-001733,DC-02,DEPARTED,Carrier-D,2026-08-22T07:34:00,
SHP-001734,ORD-001734,DC-15,DEPARTED,Carrier-B,2026-08-18T14:26:00,
SHP-001735,ORD-001735,DC-05,DELAYED,Carrier-B,2026-08-04T23:59:00,
SHP-001736,ORD-001736,DC-15,DELAYED,Carrier-A,2026-09-01T20:29:00,2026-09-01T20:56:00
SHP-001737,ORD-001737,DC-05,DEPARTED,Carrier-C,2026-08-01T16:13:00,2026-08-01T17:14:00
SHP-001738,ORD-001738,DC-11,AT_DOCK,Carrier-D,2026-09-01T13:48:00,
SHP-001739,ORD-001739,DC-13,BOOKED,Carrier-B,2026-08-12T06:34:00,
SHP-001740,ORD-001740,DC-10,BOOKED,Carrier-C,2026-09-02T15:11:00,2026-09-02T15:56:00
SHP-001741,ORD-001741,DC-17,DELAYED,Carrier-A,2026-08-05T03:09:00,2026-08-05T03:19:00
SHP-001742,ORD-001742,DC-08,PLANNED,Carrier-B,2026-08-13T03:37:00,
SHP-001743,ORD-001743,DC-07,LOADED,Carrier-D,2026-08-17T03:43:00,2026-08-17T04:15:00
SHP-001744,ORD-001744,DC-12,DEPARTED,Carrier-A,2026-08-06T12:56:00,
SHP-001745,ORD-001745,DC-17,BOOKED,Carrier-A,2026-08-02T00:15:00,2026-08-02T01:11:00
SHP-001746,ORD-001746,DC-18,DELAYED,Carrier-B,2026-08-16T23:06:00,2026-08-16T23:19:00
SHP-001747,ORD-001747,DC-01,LOADED,Carrier-D,2026-08-13T12:41:00,
SHP-001748,ORD-001748,DC-14,AT_DOCK,Carrier-C,2026-08-13T10:37:00,
SHP-001749,ORD-001749,DC-14,LOADED,Carrier-B,2026-08-13T05:15:00,
SHP-001750,ORD-001750,DC-07,LOADED,Carrier-A,2026-08-27T00:06:00,2026-08-27T00:41:00
SHP-001751,ORD-001751,DC-17,DEPARTED,Carrier-B,2026-08-30T07:29:00,2026-08-30T08:42:00
SHP-001752,ORD-001752,DC-06,BOOKED,Carrier-B,2026-08-17T06:47:00,2026-08-17T07:40:00
SHP-001753,ORD-001753,DC-14,PLANNED,Carrier-C,2026-08-08T23:32:00,
SHP-001754,ORD-001754,DC-12,PLANNED,Carrier-A,2026-08-13T09:12:00,
SHP-001755,ORD-001755,DC-01,PLANNED,Carrier-D,2026-08-05T14:42:00,
SHP-001756,ORD-001756,DC-18,PLANNED,Carrier-D,2026-08-19T12:43:00,
SHP-001757,ORD-001757,DC-01,AT_DOCK,Carrier-B,2026-08-03T15:25:00,
SHP-001758,ORD-001758,DC-18,BOOKED,Carrier-B,2026-08-27T11:02:00,
SHP-001759,ORD-001759,DC-05,DEPARTED,Carrier-A,2026-08-24T03:00:00,2026-08-24T03:34:00
SHP-001760,ORD-001760,DC-13,AT_DOCK,Carrier-D,2026-08-24T12:14:00,
SHP-001761,ORD-001761,DC-03,LOADED,Carrier-A,2026-09-05T13:00:00,2026-09-05T12:45:00
SHP-001762,ORD-001762,DC-11,BOOKED,Carrier-D,2026-08-06T18:44:00,
SHP-001763,ORD-001763,DC-18,LOADED,Carrier-B,2026-08-17T14:41:00,2026-08-17T15:48:00
SHP-001764,ORD-001764,DC-05,LOADED,Carrier-C,2026-09-04T02:56:00,2026-09-04T02:37:00
SHP-001765,ORD-001765,DC-13,DELAYED,Carrier-B,2026-08-27T15:14:00,
SHP-001766,ORD-001766,DC-07,LOADED,Carrier-D,2026-08-23T09:07:00,2026-08-23T09:56:00
SHP-001767,ORD-001767,DC-13,LOADED,Carrier-A,2026-08-12T15:58:00,
SHP-001768,ORD-001768,DC-09,PLANNED,Carrier-B,2026-09-05T06:50:00,2026-09-05T07:45:00
SHP-001769,ORD-001769,DC-02,PLANNED,Carrier-C,2026-08-12T04:55:00,
SHP-001770,ORD-001770,DC-08,LOADED,Carrier-D,2026-08-26T12:45:00,2026-08-26T12:27:00
SHP-001771,ORD-001771,DC-08,BOOKED,Carrier-C,2026-08-16T20:33:00,
SHP-001772,ORD-001772,DC-02,DELAYED,Carrier-B,2026-08-29T19:15:00,
SHP-001773,ORD-001773,DC-17,PLANNED,Carrier-D,2026-08-10T18:13:00,
SHP-001774,ORD-001774,DC-18,BOOKED,Carrier-A,2026-08-24T10:04:00,2026-08-24T10:15:00
SHP-001775,ORD-001775,DC-14,DEPARTED,Carrier-C,2026-08-21T04:33:00,
SHP-001776,ORD-001776,DC-15,LOADED,Carrier-A,2026-08-29T14:34:00,2026-08-29T14:46:00
SHP-001777,ORD-001777,DC-07,BOOKED,Carrier-A,2026-08-29T18:56:00,2026-08-29T19:36:00
SHP-001778,ORD-001778,DC-18,BOOKED,Carrier-A,2026-08-21T03:52:00,
SHP-001779,ORD-001779,DC-05,PLANNED,Carrier-A,2026-09-01T18:37:00,2026-09-01T18:35:00
SHP-001780,ORD-001780,DC-13,DEPARTED,Carrier-D,2026-08-06T16:54:00,
SHP-001781,ORD-001781,DC-04,LOADED,Carrier-B,2026-08-23T03:10:00,
SHP-001782,ORD-001782,DC-04,AT_DOCK,Carrier-B,2026-08-26T03:45:00,2026-08-26T04:48:00
SHP-001783,ORD-001783,DC-04,PLANNED,Carrier-A,2026-08-21T13:36:00,2026-08-21T14:29:00
SHP-001784,ORD-001784,DC-11,AT_DOCK,Carrier-B,2026-08-31T03:35:00,2026-08-31T03:32:00
SHP-001785,ORD-001785,DC-05,DELAYED,Carrier-C,2026-08-09T03:46:00,
SHP-001786,ORD-001786,DC-09,AT_DOCK,Carrier-D,2026-08-23T11:49:00,
SHP-001787,ORD-001787,DC-14,AT_DOCK,Carrier-D,2026-08-21T00:59:00,2026-08-21T01:50:00
SHP-001788,ORD-001788,DC-05,LOADED,Carrier-A,2026-08-05T17:18:00,
SHP-001789,ORD-001789,DC-02,AT_DOCK,Carrier-C,2026-08-11T05:19:00,
SHP-001790,ORD-001790,DC-18,LOADED,Carrier-C,2026-09-03T22:05:00,
SHP-001791,ORD-001791,DC-04,BOOKED,Carrier-A,2026-08-15T10:50:00,2026-08-15T11:30:00
SHP-001792,ORD-001792,DC-09,AT_DOCK,Carrier-D,2026-08-04T08:05:00,
SHP-001793,ORD-001793,DC-02,DEPARTED,Carrier-B,2026-08-17T10:52:00,
SHP-001794,ORD-001794,DC-15,PLANNED,Carrier-B,2026-08-08T20:21:00,
SHP-001795,ORD-001795,DC-12,PLANNED,Carrier-B,2026-08-25T18:50:00,
SHP-001796,ORD-001796,DC-16,DEPARTED,Carrier-A,2026-08-14T22:26:00,2026-08-14T23:30:00
SHP-001797,ORD-001797,DC-04,AT_DOCK,Carrier-D,2026-08-29T00:46:00,
SHP-001798,ORD-001798,DC-15,AT_DOCK,Carrier-B,2026-08-03T05:41:00,2026-08-03T06:47:00
SHP-001799,ORD-001799,DC-15,DELAYED,Carrier-C,2026-08-14T20:51:00,
SHP-001800,ORD-001800,DC-12,DEPARTED,Carrier-C,2026-08-27T17:27:00,
SHP-001801,ORD-001801,DC-10,DEPARTED,Carrier-B,2026-09-03T23:17:00,2026-09-03T23:08:00
SHP-001802,ORD-001802,DC-09,LOADED,Carrier-C,2026-08-10T05:27:00,
SHP-001803,ORD-001803,DC-10,AT_DOCK,Carrier-B,2026-08-19T12:31:00,2026-08-19T12:50:00
SHP-001804,ORD-001804,DC-11,PLANNED,Carrier-D,2026-09-01T06:23:00,
SHP-001805,ORD-001805,DC-12,BOOKED,Carrier-B,2026-08-06T00:49:00,
SHP-001806,ORD-001806,DC-17,AT_DOCK,Carrier-C,2026-08-10T16:43:00,2026-08-10T17:44:00
SHP-001807,ORD-001807,DC-18,PLANNED,Carrier-C,2026-08-15T07:13:00,
SHP-001808,ORD-001808,DC-07,DEPARTED,Carrier-C,2026-08-14T00:40:00,
SHP-001809,ORD-001809,DC-15,DELAYED,Carrier-D,2026-08-29T02:44:00,2026-08-29T02:50:00
SHP-001810,ORD-001810,DC-15,PLANNED,Carrier-D,2026-08-10T20:17:00,
SHP-001811,ORD-001811,DC-16,AT_DOCK,Carrier-B,2026-08-02T02:11:00,
SHP-001812,ORD-001812,DC-15,DELAYED,Carrier-C,2026-08-10T04:55:00,2026-08-10T05:36:00
SHP-001813,ORD-001813,DC-13,DEPARTED,Carrier-C,2026-08-20T03:38:00,
SHP-001814,ORD-001814,DC-13,AT_DOCK,Carrier-B,2026-08-31T19:19:00,
SHP-001815,ORD-001815,DC-07,DELAYED,Carrier-B,2026-09-02T18:06:00,2026-09-02T19:17:00
SHP-001816,ORD-001816,DC-17,DEPARTED,Carrier-C,2026-08-13T08:16:00,2026-08-13T08:05:00
SHP-001817,ORD-001817,DC-10,DELAYED,Carrier-B,2026-08-21T14:47:00,
SHP-001818,ORD-001818,DC-10,BOOKED,Carrier-D,2026-08-02T08:05:00,2026-08-02T09:18:00
SHP-001819,ORD-001819,DC-09,BOOKED,Carrier-D,2026-08-28T19:36:00,2026-08-28T19:51:00
SHP-001820,ORD-001820,DC-08,PLANNED,Carrier-A,2026-08-30T04:40:00,
SHP-001821,ORD-001821,DC-18,DELAYED,Carrier-D,2026-09-01T06:07:00,2026-09-01T06:45:00
SHP-001822,ORD-001822,DC-08,DELAYED,Carrier-C,2026-08-02T01:19:00,
SHP-001823,ORD-001823,DC-12,BOOKED,Carrier-C,2026-08-10T07:24:00,2026-08-10T07:56:00
SHP-001824,ORD-001824,DC-04,LOADED,Carrier-D,2026-08-29T08:59:00,2026-08-29T09:53:00
SHP-001825,ORD-001825,DC-12,LOADED,Carrier-C,2026-08-17T14:43:00,
SHP-001826,ORD-001826,DC-10,DELAYED,Carrier-D,2026-08-30T07:21:00,
SHP-001827,ORD-001827,DC-14,LOADED,Carrier-B,2026-08-08T03:10:00,
SHP-001828,ORD-001828,DC-10,DELAYED,Carrier-B,2026-08-16T08:14:00,2026-08-16T09:01:00
SHP-001829,ORD-001829,DC-06,PLANNED,Carrier-A,2026-09-01T20:16:00,
SHP-001830,ORD-001830,DC-10,BOOKED,Carrier-B,2026-08-31T22:03:00,2026-08-31T23:09:00
SHP-001831,ORD-001831,DC-16,DELAYED,Carrier-B,2026-08-26T14:44:00,
SHP-001832,ORD-001832,DC-03,AT_DOCK,Carrier-A,2026-08-28T03:05:00,2026-08-28T03:02:00
SHP-001833,ORD-001833,DC-06,PLANNED,Carrier-C,2026-08-03T22:21:00,
SHP-001834,ORD-001834,DC-06,LOADED,Carrier-B,2026-08-02T14:23:00,
SHP-001835,ORD-001835,DC-12,LOADED,Carrier-C,2026-08-07T03:33:00,
SHP-001836,ORD-001836,DC-05,BOOKED,Carrier-C,2026-08-30T19:34:00,
SHP-001837,ORD-001837,DC-01,AT_DOCK,Carrier-D,2026-08-01T20:10:00,
SHP-001838,ORD-001838,DC-01,PLANNED,Carrier-A,2026-08-17T04:58:00,2026-08-17T04:39:00
SHP-001839,ORD-001839,DC-03,LOADED,Carrier-A,2026-08-06T13:35:00,
SHP-001840,ORD-001840,DC-06,DELAYED,Carrier-C,2026-09-01T15:26:00,
SHP-001841,ORD-001841,DC-16,BOOKED,Carrier-C,2026-08-08T21:54:00,2026-08-08T22:10:00
SHP-001842,ORD-001842,DC-03,PLANNED,Carrier-C,2026-08-11T13:06:00,2026-08-11T14:00:00
SHP-001843,ORD-001843,DC-13,DELAYED,Carrier-C,2026-08-19T21:50:00,
SHP-001844,ORD-001844,DC-09,BOOKED,Carrier-D,2026-08-28T11:04:00,2026-08-28T11:37:00
SHP-001845,ORD-001845,DC-10,AT_DOCK,Carrier-A,2026-08-04T10:03:00,2026-08-04T10:54:00
SHP-001846,ORD-001846,DC-08,LOADED,Carrier-D,2026-08-06T16:01:00,
SHP-001847,ORD-001847,DC-02,DEPARTED,Carrier-C,2026-08-18T09:11:00,2026-08-18T10:16:00
SHP-001848,ORD-001848,DC-09,AT_DOCK,Carrier-D,2026-08-05T08:37:00,2026-08-05T08:48:00
SHP-001849,ORD-001849,DC-09,AT_DOCK,Carrier-D,2026-08-25T03:33:00,
SHP-001850,ORD-001850,DC-11,DELAYED,Carrier-B,2026-08-27T05:17:00,
SHP-001851,ORD-001851,DC-14,DELAYED,Carrier-B,2026-08-26T06:41:00,
SHP-001852,ORD-001852,DC-18,AT_DOCK,Carrier-A,2026-08-20T02:08:00,2026-08-20T02:11:00
SHP-001853,ORD-001853,DC-16,DELAYED,Carrier-B,2026-08-04T13:58:00,2026-08-04T14:20:00
SHP-001854,ORD-001854,DC-06,DELAYED,Carrier-C,2026-08-24T04:29:00,
SHP-001855,ORD-001855,DC-16,DEPARTED,Carrier-C,2026-08-20T10:18:00,2026-08-20T11:13:00
SHP-001856,ORD-001856,DC-08,DEPARTED,Carrier-C,2026-08-29T21:42:00,2026-08-29T22:40:00
SHP-001857,ORD-001857,DC-03,LOADED,Carrier-C,2026-08-07T14:40:00,2026-08-07T14:48:00
SHP-001858,ORD-001858,DC-15,LOADED,Carrier-D,2026-08-12T01:47:00,
SHP-001859,ORD-001859,DC-16,LOADED,Carrier-D,2026-08-05T16:13:00,
SHP-001860,ORD-001860,DC-11,AT_DOCK,Carrier-C,2026-08-21T16:21:00,2026-08-21T16:38:00
SHP-001861,ORD-001861,DC-08,BOOKED,Carrier-C,2026-08-26T22:11:00,2026-08-26T22:14:00
SHP-001862,ORD-001862,DC-04,DELAYED,Carrier-D,2026-09-05T16:37:00,
SHP-001863,ORD-001863,DC-14,PLANNED,Carrier-A,2026-08-18T15:07:00,
SHP-001864,ORD-001864,DC-06,LOADED,Carrier-D,2026-08-22T19:28:00,
SHP-001865,ORD-001865,DC-15,PLANNED,Carrier-A,2026-09-05T23:10:00,
SHP-001866,ORD-001866,DC-14,AT_DOCK,Carrier-B,2026-08-12T04:44:00,
SHP-001867,ORD-001867,DC-11,DEPARTED,Carrier-C,2026-08-11T16:26:00,2026-08-11T16:45:00
SHP-001868,ORD-001868,DC-06,BOOKED,Carrier-D,2026-08-18T03:17:00,
SHP-001869,ORD-001869,DC-11,PLANNED,Carrier-C,2026-08-31T10:05:00,
SHP-001870,ORD-001870,DC-03,LOADED,Carrier-D,2026-08-07T13:39:00,2026-08-07T14:29:00
SHP-001871,ORD-001871,DC-12,BOOKED,Carrier-D,2026-08-20T08:55:00,
SHP-001872,ORD-001872,DC-09,DEPARTED,Carrier-D,2026-08-22T00:21:00,
SHP-001873,ORD-001873,DC-03,DEPARTED,Carrier-A,2026-08-27T16:44:00,
SHP-001874,ORD-001874,DC-14,DELAYED,Carrier-B,2026-08-10T18:38:00,
SHP-001875,ORD-001875,DC-04,LOADED,Carrier-C,2026-08-20T18:33:00,
SHP-001876,ORD-001876,DC-17,DEPARTED,Carrier-A,2026-08-16T09:44:00,
SHP-001877,ORD-001877,DC-06,BOOKED,Carrier-C,2026-08-16T10:07:00,2026-08-16T10:22:00
SHP-001878,ORD-001878,DC-17,DELAYED,Carrier-B,2026-08-07T07:15:00,2026-08-07T08:05:00
SHP-001879,ORD-001879,DC-16,DELAYED,Carrier-D,2026-08-23T06:33:00,2026-08-23T06:26:00
SHP-001880,ORD-001880,DC-07,DELAYED,Carrier-C,2026-09-02T01:20:00,
SHP-001881,ORD-001881,DC-12,AT_DOCK,Carrier-A,2026-08-08T16:01:00,2026-08-08T15:43:00
SHP-001882,ORD-001882,DC-14,BOOKED,Carrier-B,2026-08-03T17:12:00,
SHP-001883,ORD-001883,DC-07,AT_DOCK,Carrier-C,2026-08-03T02:56:00,
SHP-001884,ORD-001884,DC-08,DEPARTED,Carrier-A,2026-08-04T18:34:00,
SHP-001885,ORD-001885,DC-03,DEPARTED,Carrier-C,2026-08-23T18:23:00,2026-08-23T18:35:00
SHP-001886,ORD-001886,DC-09,BOOKED,Carrier-D,2026-08-30T09:33:00,
SHP-001887,ORD-001887,DC-14,DELAYED,Carrier-A,2026-08-30T09:20:00,
SHP-001888,ORD-001888,DC-05,AT_DOCK,Carrier-B,2026-08-06T04:27:00,2026-08-06T05:13:00
SHP-001889,ORD-001889,DC-01,PLANNED,Carrier-D,2026-09-02T23:55:00,2026-09-03T00:42:00
SHP-001890,ORD-001890,DC-10,DELAYED,Carrier-B,2026-08-26T03:47:00,2026-08-26T04:29:00
SHP-001891,ORD-001891,DC-05,AT_DOCK,Carrier-D,2026-08-17T20:55:00,2026-08-17T21:27:00
SHP-001892,ORD-001892,DC-14,BOOKED,Carrier-C,2026-08-10T01:04:00,2026-08-10T00:48:00
SHP-001893,ORD-001893,DC-02,AT_DOCK,Carrier-A,2026-08-19T03:07:00,2026-08-19T03:11:00
SHP-001894,ORD-001894,DC-18,DELAYED,Carrier-C,2026-09-02T17:36:00,2026-09-02T17:38:00
SHP-001895,ORD-001895,DC-07,PLANNED,Carrier-D,2026-08-07T05:28:00,2026-08-07T06:09:00
SHP-001896,ORD-001896,DC-04,PLANNED,Carrier-D,2026-08-24T06:49:00,
SHP-001897,ORD-001897,DC-13,BOOKED,Carrier-C,2026-08-07T10:33:00,
SHP-001898,ORD-001898,DC-08,AT_DOCK,Carrier-D,2026-08-13T03:04:00,
SHP-001899,ORD-001899,DC-13,LOADED,Carrier-D,2026-08-25T04:20:00,
SHP-001900,ORD-001900,DC-12,BOOKED,Carrier-B,2026-08-10T04:27:00,2026-08-10T04:49:00
SHP-001901,ORD-001901,DC-11,DELAYED,Carrier-A,2026-08-05T02:38:00,
SHP-001902,ORD-001902,DC-10,LOADED,Carrier-A,2026-08-28T18:37:00,
SHP-001903,ORD-001903,DC-11,DELAYED,Carrier-A,2026-08-20T22:22:00,
SHP-001904,ORD-001904,DC-07,AT_DOCK,Carrier-B,2026-08-06T14:19:00,2026-08-06T15:19:00
SHP-001905,ORD-001905,DC-16,PLANNED,Carrier-D,2026-08-17T12:57:00,2026-08-17T12:42:00
SHP-001906,ORD-001906,DC-11,AT_DOCK,Carrier-D,2026-08-20T07:55:00,2026-08-20T08:33:00
SHP-001907,ORD-001907,DC-03,LOADED,Carrier-A,2026-08-21T17:25:00,
SHP-001908,ORD-001908,DC-10,AT_DOCK,Carrier-B,2026-08-23T10:11:00,
SHP-001909,ORD-001909,DC-05,BOOKED,Carrier-D,2026-08-26T19:39:00,2026-08-26T20:44:00
SHP-001910,ORD-001910,DC-01,AT_DOCK,Carrier-C,2026-08-25T09:46:00,2026-08-25T09:38:00
SHP-001911,ORD-001911,DC-14,LOADED,Carrier-D,2026-08-26T04:52:00,
SHP-001912,ORD-001912,DC-13,AT_DOCK,Carrier-B,2026-08-14T07:44:00,2026-08-14T08:54:00
SHP-001913,ORD-001913,DC-14,DELAYED,Carrier-D,2026-08-26T11:12:00,2026-08-26T12:17:00
SHP-001914,ORD-001914,DC-16,DEPARTED,Carrier-A,2026-08-24T04:50:00,2026-08-24T05:32:00
SHP-001915,ORD-001915,DC-05,DELAYED,Carrier-A,2026-08-09T18:29:00,
SHP-001916,ORD-001916,DC-12,PLANNED,Carrier-C,2026-08-13T02:25:00,
SHP-001917,ORD-001917,DC-16,AT_DOCK,Carrier-A,2026-08-24T11:39:00,
SHP-001918,ORD-001918,DC-11,AT_DOCK,Carrier-B,2026-08-23T03:36:00,2026-08-23T04:15:00
SHP-001919,ORD-001919,DC-06,DEPARTED,Carrier-B,2026-09-03T13:07:00,
SHP-001920,ORD-001920,DC-06,BOOKED,Carrier-B,2026-08-12T09:04:00,
SHP-001921,ORD-001921,DC-11,PLANNED,Carrier-D,2026-08-31T17:16:00,2026-08-31T17:05:00
SHP-001922,ORD-001922,DC-16,LOADED,Carrier-C,2026-08-13T20:58:00,
SHP-001923,ORD-001923,DC-09,BOOKED,Carrier-C,2026-08-17T09:04:00,2026-08-17T08:44:00
SHP-001924,ORD-001924,DC-18,DEPARTED,Carrier-C,2026-08-02T05:59:00,
SHP-001925,ORD-001925,DC-10,AT_DOCK,Carrier-D,2026-08-14T01:56:00,
SHP-001926,ORD-001926,DC-02,BOOKED,Carrier-A,2026-08-28T23:36:00,2026-08-28T23:49:00
SHP-001927,ORD-001927,DC-09,LOADED,Carrier-C,2026-08-17T10:47:00,
SHP-001928,ORD-001928,DC-15,BOOKED,Carrier-A,2026-08-15T17:30:00,
SHP-001929,ORD-001929,DC-10,LOADED,Carrier-B,2026-08-19T22:51:00,2026-08-19T23:42:00
SHP-001930,ORD-001930,DC-07,DEPARTED,Carrier-B,2026-08-14T04:54:00,
SHP-001931,ORD-001931,DC-02,AT_DOCK,Carrier-A,2026-09-01T09:26:00,2026-09-01T09:39:00
SHP-001932,ORD-001932,DC-02,AT_DOCK,Carrier-B,2026-08-01T22:20:00,
SHP-001933,ORD-001933,DC-06,BOOKED,Carrier-A,2026-08-16T07:08:00,2026-08-16T07:10:00
SHP-001934,ORD-001934,DC-06,LOADED,Carrier-A,2026-09-01T14:49:00,2026-09-01T15:20:00
SHP-001935,ORD-001935,DC-07,BOOKED,Carrier-C,2026-08-25T04:35:00,2026-08-25T04:20:00
SHP-001936,ORD-001936,DC-03,AT_DOCK,Carrier-C,2026-09-03T04:56:00,
SHP-001937,ORD-001937,DC-02,BOOKED,Carrier-D,2026-09-03T04:02:00,
SHP-001938,ORD-001938,DC-03,LOADED,Carrier-A,2026-08-12T16:49:00,
SHP-001939,ORD-001939,DC-12,BOOKED,Carrier-D,2026-08-05T13:12:00,
SHP-001940,ORD-001940,DC-12,DELAYED,Carrier-D,2026-09-02T14:18:00,
SHP-001941,ORD-001941,DC-05,DEPARTED,Carrier-B,2026-08-13T11:15:00,
SHP-001942,ORD-001942,DC-08,AT_DOCK,Carrier-C,2026-08-02T08:11:00,2026-08-02T08:38:00
SHP-001943,ORD-001943,DC-02,DELAYED,Carrier-B,2026-08-10T08:22:00,
SHP-001944,ORD-001944,DC-02,PLANNED,Carrier-A,2026-08-25T04:25:00,2026-08-25T04:26:00
SHP-001945,ORD-001945,DC-04,BOOKED,Carrier-C,2026-08-25T13:52:00,
SHP-001946,ORD-001946,DC-08,DEPARTED,Carrier-C,2026-08-13T23:06:00,2026-08-13T23:52:00
SHP-001947,ORD-001947,DC-04,DELAYED,Carrier-C,2026-08-15T19:10:00,2026-08-15T20:03:00
SHP-001948,ORD-001948,DC-12,DEPARTED,Carrier-D,2026-09-03T23:40:00,
SHP-001949,ORD-001949,DC-04,PLANNED,Carrier-A,2026-08-30T12:30:00,2026-08-30T13:30:00
SHP-001950,ORD-001950,DC-05,BOOKED,Carrier-A,2026-08-07T13:48:00,2026-08-07T14:15:00
SHP-001951,ORD-001951,DC-08,BOOKED,Carrier-A,2026-09-05T14:42:00,2026-09-05T14:26:00
SHP-001952,ORD-001952,DC-05,PLANNED,Carrier-D,2026-08-11T17:46:00,2026-08-11T18:43:00
SHP-001953,ORD-001953,DC-17,LOADED,Carrier-C,2026-09-01T03:16:00,2026-09-01T03:31:00
SHP-001954,ORD-001954,DC-04,LOADED,Carrier-B,2026-08-03T20:09:00,2026-08-03T20:47:00
SHP-001955,ORD-001955,DC-06,DEPARTED,Carrier-B,2026-08-25T14:11:00,2026-08-25T15:03:00
SHP-001956,ORD-001956,DC-17,BOOKED,Carrier-C,2026-09-04T22:28:00,2026-09-04T23:12:00
SHP-001957,ORD-001957,DC-17,DEPARTED,Carrier-A,2026-08-28T07:49:00,
SHP-001958,ORD-001958,DC-02,BOOKED,Carrier-C,2026-09-05T03:58:00,2026-09-05T03:59:00
SHP-001959,ORD-001959,DC-13,AT_DOCK,Carrier-B,2026-08-03T08:37:00,
SHP-001960,ORD-001960,DC-01,LOADED,Carrier-D,2026-08-06T10:55:00,
SHP-001961,ORD-001961,DC-15,LOADED,Carrier-C,2026-08-22T08:39:00,2026-08-22T09:42:00
SHP-001962,ORD-001962,DC-05,LOADED,Carrier-C,2026-09-02T14:42:00,2026-09-02T15:26:00
SHP-001963,ORD-001963,DC-04,LOADED,Carrier-D,2026-08-14T08:14:00,2026-08-14T08:18:00
SHP-001964,ORD-001964,DC-13,AT_DOCK,Carrier-C,2026-08-26T23:17:00,
SHP-001965,ORD-001965,DC-17,BOOKED,Carrier-B,2026-08-27T04:42:00,2026-08-27T04:53:00
SHP-001966,ORD-001966,DC-08,BOOKED,Carrier-D,2026-08-17T16:09:00,
SHP-001967,ORD-001967,DC-15,PLANNED,Carrier-C,2026-08-30T17:05:00,2026-08-30T17:38:00
SHP-001968,ORD-001968,DC-12,DEPARTED,Carrier-B,2026-08-13T08:20:00,2026-08-13T09:13:00
SHP-001969,ORD-001969,DC-16,LOADED,Carrier-D,2026-08-09T22:16:00,
SHP-001970,ORD-001970,DC-18,DEPARTED,Carrier-D,2026-09-02T15:34:00,
SHP-001971,ORD-001971,DC-16,LOADED,Carrier-D,2026-08-23T06:21:00,2026-08-23T06:28:00
SHP-001972,ORD-001972,DC-15,DEPARTED,Carrier-B,2026-08-06T13:13:00,
SHP-001973,ORD-001973,DC-02,PLANNED,Carrier-A,2026-08-30T12:20:00,2026-08-30T13:18:00
SHP-001974,ORD-001974,DC-18,DEPARTED,Carrier-C,2026-09-03T18:04:00,
SHP-001975,ORD-001975,DC-11,DEPARTED,Carrier-D,2026-08-26T22:53:00,
SHP-001976,ORD-001976,DC-17,DELAYED,Carrier-C,2026-08-27T11:34:00,
SHP-001977,ORD-001977,DC-11,BOOKED,Carrier-B,2026-08-10T10:06:00,2026-08-10T10:01:00
SHP-001978,ORD-001978,DC-03,BOOKED,Carrier-B,2026-08-13T14:45:00,
SHP-001979,ORD-001979,DC-04,PLANNED,Carrier-D,2026-08-20T12:18:00,
SHP-001980,ORD-001980,DC-11,LOADED,Carrier-B,2026-08-05T10:50:00,
SHP-001981,ORD-001981,DC-09,DEPARTED,Carrier-D,2026-08-03T20:27:00,
SHP-001982,ORD-001982,DC-08,PLANNED,Carrier-B,2026-08-19T21:28:00,
SHP-001983,ORD-001983,DC-04,LOADED,Carrier-B,2026-08-05T11:13:00,
SHP-001984,ORD-001984,DC-15,AT_DOCK,Carrier-C,2026-09-02T08:02:00,2026-09-02T08:40:00
SHP-001985,ORD-001985,DC-13,PLANNED,Carrier-D,2026-08-08T18:59:00,2026-08-08T19:01:00
SHP-001986,ORD-001986,DC-12,BOOKED,Carrier-A,2026-09-03T05:30:00,2026-09-03T06:29:00
SHP-001987,ORD-001987,DC-17,BOOKED,Carrier-A,2026-08-20T09:11:00,2026-08-20T10:12:00
SHP-001988,ORD-001988,DC-06,AT_DOCK,Carrier-A,2026-08-27T20:10:00,
SHP-001989,ORD-001989,DC-16,DEPARTED,Carrier-B,2026-09-03T06:40:00,
SHP-001990,ORD-001990,DC-04,DEPARTED,Carrier-C,2026-08-17T19:38:00,
SHP-001991,ORD-001991,DC-01,DELAYED,Carrier-B,2026-08-16T00:22:00,
SHP-001992,ORD-001992,DC-07,PLANNED,Carrier-C,2026-08-17T13:21:00,2026-08-17T14:24:00
SHP-001993,ORD-001993,DC-09,PLANNED,Carrier-C,2026-08-02T07:08:00,
SHP-001994,ORD-001994,DC-03,BOOKED,Carrier-C,2026-08-22T02:57:00,
SHP-001995,ORD-001995,DC-13,LOADED,Carrier-C,2026-08-30T08:19:00,2026-08-30T08:01:00
SHP-001996,ORD-001996,DC-02,DEPARTED,Carrier-B,2026-08-20T16:40:00,
SHP-001997,ORD-001997,DC-01,AT_DOCK,Carrier-B,2026-08-16T08:02:00,
SHP-001998,ORD-001998,DC-03,AT_DOCK,Carrier-A,2026-08-23T06:46:00,2026-08-23T06:55:00
SHP-001999,ORD-001999,DC-13,DELAYED,Carrier-B,2026-08-17T09:04:00,
SHP-002000,ORD-002000,DC-10,PLANNED,Carrier-B,2026-08-18T07:09:00,
SHP-002001,ORD-002001,DC-13,AT_DOCK,Carrier-C,2026-08-11T22:31:00,
SHP-002002,ORD-002002,DC-07,AT_DOCK,Carrier-C,2026-08-06T00:23:00,
SHP-002003,ORD-002003,DC-08,DEPARTED,Carrier-D,2026-08-02T09:04:00,
SHP-002004,ORD-002004,DC-11,AT_DOCK,Carrier-B,2026-09-02T23:34:00,2026-09-02T23:25:00
SHP-002005,ORD-002005,DC-12,DELAYED,Carrier-A,2026-08-22T12:06:00,
SHP-002006,ORD-002006,DC-02,AT_DOCK,Carrier-A,2026-08-02T23:54:00,2026-08-03T00:44:00
SHP-002007,ORD-002007,DC-03,PLANNED,Carrier-A,2026-09-01T13:31:00,2026-09-01T13:36:00
SHP-002008,ORD-002008,DC-18,DEPARTED,Carrier-D,2026-08-31T03:19:00,2026-08-31T04:24:00
SHP-002009,ORD-002009,DC-14,AT_DOCK,Carrier-C,2026-08-18T14:24:00,2026-08-18T14:12:00
SHP-002010,ORD-002010,DC-18,DEPARTED,Carrier-B,2026-08-07T19:39:00,
SHP-002011,ORD-002011,DC-12,AT_DOCK,Carrier-B,2026-08-17T20:34:00,
SHP-002012,ORD-002012,DC-17,BOOKED,Carrier-B,2026-08-04T18:46:00,
SHP-002013,ORD-002013,DC-01,AT_DOCK,Carrier-A,2026-08-28T00:10:00,
SHP-002014,ORD-002014,DC-03,PLANNED,Carrier-C,2026-08-30T14:18:00,2026-08-30T15:15:00
SHP-002015,ORD-002015,DC-10,DEPARTED,Carrier-C,2026-08-13T00:14:00,2026-08-13T00:50:00
SHP-002016,ORD-002016,DC-09,BOOKED,Carrier-C,2026-08-25T07:38:00,
SHP-002017,ORD-002017,DC-10,LOADED,Carrier-A,2026-08-03T06:15:00,2026-08-03T07:10:00
SHP-002018,ORD-002018,DC-12,LOADED,Carrier-B,2026-08-17T16:48:00,
SHP-002019,ORD-002019,DC-01,PLANNED,Carrier-D,2026-09-03T18:37:00,2026-09-03T19:00:00
SHP-002020,ORD-002020,DC-08,LOADED,Carrier-C,2026-09-03T04:43:00,
SHP-002021,ORD-002021,DC-13,LOADED,Carrier-B,2026-08-21T22:06:00,
SHP-002022,ORD-002022,DC-16,PLANNED,Carrier-B,2026-08-04T07:32:00,2026-08-04T08:43:00
SHP-002023,ORD-002023,DC-04,AT_DOCK,Carrier-B,2026-08-02T08:39:00,2026-08-02T08:37:00
SHP-002024,ORD-002024,DC-06,DELAYED,Carrier-A,2026-08-28T14:13:00,
SHP-002025,ORD-002025,DC-07,AT_DOCK,Carrier-A,2026-08-20T19:56:00,
SHP-002026,ORD-002026,DC-12,PLANNED,Carrier-D,2026-08-31T22:08:00,
SHP-002027,ORD-002027,DC-05,PLANNED,Carrier-A,2026-08-28T10:12:00,2026-08-28T10:08:00
SHP-002028,ORD-002028,DC-18,AT_DOCK,Carrier-A,2026-08-30T08:12:00,2026-08-30T09:06:00
SHP-002029,ORD-002029,DC-13,BOOKED,Carrier-A,2026-08-23T19:22:00,2026-08-23T19:07:00
SHP-002030,ORD-002030,DC-08,AT_DOCK,Carrier-B,2026-08-06T22:52:00,
SHP-002031,ORD-002031,DC-04,PLANNED,Carrier-C,2026-08-04T01:42:00,
SHP-002032,ORD-002032,DC-12,LOADED,Carrier-A,2026-08-08T12:47:00,
SHP-002033,ORD-002033,DC-15,DELAYED,Carrier-B,2026-08-14T13:21:00,
SHP-002034,ORD-002034,DC-15,LOADED,Carrier-D,2026-08-30T09:50:00,
SHP-002035,ORD-002035,DC-02,BOOKED,Carrier-C,2026-08-30T00:23:00,
SHP-002036,ORD-002036,DC-17,PLANNED,Carrier-D,2026-08-09T13:39:00,2026-08-09T13:34:00
SHP-002037,ORD-002037,DC-13,LOADED,Carrier-B,2026-09-04T00:50:00,
SHP-002038,ORD-002038,DC-03,DELAYED,Carrier-A,2026-09-01T02:43:00,2026-09-01T02:33:00
SHP-002039,ORD-002039,DC-11,DEPARTED,Carrier-A,2026-09-02T11:41:00,
SHP-002040,ORD-002040,DC-10,DELAYED,Carrier-D,2026-08-25T19:25:00,
SHP-002041,ORD-002041,DC-05,DELAYED,Carrier-B,2026-08-03T22:06:00,2026-08-03T22:53:00
SHP-002042,ORD-002042,DC-07,PLANNED,Carrier-C,2026-09-01T18:22:00,
SHP-002043,ORD-002043,DC-01,DELAYED,Carrier-C,2026-08-15T14:12:00,
SHP-002044,ORD-002044,DC-14,DEPARTED,Carrier-B,2026-08-30T22:09:00,2026-08-30T22:35:00
SHP-002045,ORD-002045,DC-17,AT_DOCK,Carrier-C,2026-08-25T22:22:00,2026-08-25T23:06:00
SHP-002046,ORD-002046,DC-03,BOOKED,Carrier-B,2026-08-07T19:26:00,2026-08-07T20:23:00
SHP-002047,ORD-002047,DC-09,PLANNED,Carrier-B,2026-08-26T06:24:00,
SHP-002048,ORD-002048,DC-05,LOADED,Carrier-A,2026-09-04T19:33:00,2026-09-04T20:14:00
SHP-002049,ORD-002049,DC-02,LOADED,Carrier-B,2026-08-09T22:58:00,
SHP-002050,ORD-002050,DC-18,BOOKED,Carrier-D,2026-09-04T16:24:00,
SHP-002051,ORD-002051,DC-13,AT_DOCK,Carrier-D,2026-09-02T00:55:00,
SHP-002052,ORD-002052,DC-12,DELAYED,Carrier-D,2026-08-09T06:27:00,
SHP-002053,ORD-002053,DC-09,BOOKED,Carrier-B,2026-08-18T01:00:00,2026-08-18T01:23:00
SHP-002054,ORD-002054,DC-08,PLANNED,Carrier-B,2026-08-20T12:53:00,2026-08-20T12:52:00
SHP-002055,ORD-002055,DC-10,BOOKED,Carrier-B,2026-08-24T05:44:00,
SHP-002056,ORD-002056,DC-07,PLANNED,Carrier-A,2026-09-05T14:43:00,2026-09-05T14:44:00
SHP-002057,ORD-002057,DC-02,AT_DOCK,Carrier-A,2026-09-05T02:15:00,2026-09-05T02:09:00
SHP-002058,ORD-002058,DC-06,DELAYED,Carrier-B,2026-08-10T05:38:00,
SHP-002059,ORD-002059,DC-08,BOOKED,Carrier-D,2026-08-14T17:14:00,
SHP-002060,ORD-002060,DC-02,LOADED,Carrier-B,2026-08-31T08:31:00,2026-08-31T09:33:00
SHP-002061,ORD-002061,DC-16,DELAYED,Carrier-D,2026-08-10T23:37:00,
SHP-002062,ORD-002062,DC-16,DELAYED,Carrier-D,2026-08-20T00:39:00,2026-08-20T00:36:00
SHP-002063,ORD-002063,DC-12,LOADED,Carrier-D,2026-08-04T08:22:00,
SHP-002064,ORD-002064,DC-15,PLANNED,Carrier-A,2026-08-18T00:41:00,2026-08-18T01:03:00
SHP-002065,ORD-002065,DC-11,AT_DOCK,Carrier-C,2026-08-24T09:01:00,
SHP-002066,ORD-002066,DC-14,DELAYED,Carrier-D,2026-08-02T10:35:00,
SHP-002067,ORD-002067,DC-03,DEPARTED,Carrier-C,2026-09-02T18:06:00,
SHP-002068,ORD-002068,DC-15,DEPARTED,Carrier-C,2026-08-06T22:14:00,
SHP-002069,ORD-002069,DC-18,DEPARTED,Carrier-C,2026-08-09T07:23:00,2026-08-09T07:42:00
SHP-002070,ORD-002070,DC-18,DEPARTED,Carrier-C,2026-08-30T23:58:00,
SHP-002071,ORD-002071,DC-09,DELAYED,Carrier-C,2026-08-30T01:28:00,
SHP-002072,ORD-002072,DC-12,LOADED,Carrier-B,2026-08-25T06:18:00,
SHP-002073,ORD-002073,DC-12,LOADED,Carrier-C,2026-09-01T17:42:00,2026-09-01T17:58:00
SHP-002074,ORD-002074,DC-16,PLANNED,Carrier-D,2026-08-30T16:40:00,
SHP-002075,ORD-002075,DC-13,BOOKED,Carrier-B,2026-08-02T12:17:00,
SHP-002076,ORD-002076,DC-09,AT_DOCK,Carrier-D,2026-08-03T08:26:00,2026-08-03T09:23:00
SHP-002077,ORD-002077,DC-13,BOOKED,Carrier-B,2026-08-05T18:52:00,
SHP-002078,ORD-002078,DC-04,DELAYED,Carrier-B,2026-09-04T10:42:00,2026-09-04T11:47:00
SHP-002079,ORD-002079,DC-11,BOOKED,Carrier-B,2026-08-02T05:27:00,
SHP-002080,ORD-002080,DC-02,DEPARTED,Carrier-B,2026-09-01T05:51:00,
SHP-002081,ORD-002081,DC-05,DEPARTED,Carrier-C,2026-08-31T16:31:00,2026-08-31T16:57:00
SHP-002082,ORD-002082,DC-02,PLANNED,Carrier-D,2026-08-18T18:30:00,
SHP-002083,ORD-002083,DC-09,AT_DOCK,Carrier-D,2026-08-04T11:07:00,2026-08-04T11:44:00
SHP-002084,ORD-002084,DC-05,AT_DOCK,Carrier-D,2026-09-05T22:03:00,
SHP-002085,ORD-002085,DC-17,DELAYED,Carrier-B,2026-08-20T06:21:00,2026-08-20T06:42:00
SHP-002086,ORD-002086,DC-18,BOOKED,Carrier-B,2026-08-09T09:40:00,2026-08-09T09:46:00
SHP-002087,ORD-002087,DC-18,LOADED,Carrier-A,2026-08-25T17:19:00,2026-08-25T18:25:00
SHP-002088,ORD-002088,DC-18,DELAYED,Carrier-A,2026-08-04T16:55:00,
SHP-002089,ORD-002089,DC-11,DELAYED,Carrier-A,2026-08-01T14:26:00,
SHP-002090,ORD-002090,DC-07,DEPARTED,Carrier-A,2026-08-04T19:18:00,
SHP-002091,ORD-002091,DC-05,BOOKED,Carrier-D,2026-09-05T06:32:00,
SHP-002092,ORD-002092,DC-14,DELAYED,Carrier-C,2026-08-19T07:17:00,
SHP-002093,ORD-002093,DC-16,BOOKED,Carrier-C,2026-08-21T12:14:00,
SHP-002094,ORD-002094,DC-14,AT_DOCK,Carrier-D,2026-09-01T11:23:00,
SHP-002095,ORD-002095,DC-07,DEPARTED,Carrier-C,2026-08-04T14:02:00,
SHP-002096,ORD-002096,DC-15,LOADED,Carrier-D,2026-08-11T10:00:00,2026-08-11T10:49:00
SHP-002097,ORD-002097,DC-06,AT_DOCK,Carrier-A,2026-08-14T10:14:00,
SHP-002098,ORD-002098,DC-04,DEPARTED,Carrier-D,2026-08-02T03:10:00,
SHP-002099,ORD-002099,DC-02,DELAYED,Carrier-A,2026-08-20T22:06:00,2026-08-20T22:25:00
SHP-002100,ORD-002100,DC-03,DEPARTED,Carrier-A,2026-08-22T10:22:00,2026-08-22T10:40:00
SHP-002101,ORD-002101,DC-11,DEPARTED,Carrier-D,2026-09-02T05:46:00,
SHP-002102,ORD-002102,DC-06,LOADED,Carrier-A,2026-08-21T12:03:00,
SHP-002103,ORD-002103,DC-10,PLANNED,Carrier-B,2026-08-22T14:45:00,
SHP-002104,ORD-002104,DC-11,BOOKED,Carrier-D,2026-08-19T03:59:00,2026-08-19T04:09:00
SHP-002105,ORD-002105,DC-07,LOADED,Carrier-A,2026-08-04T18:38:00,
SHP-002106,ORD-002106,DC-16,AT_DOCK,Carrier-A,2026-08-02T01:04:00,
SHP-002107,ORD-002107,DC-17,AT_DOCK,Carrier-B,2026-08-02T07:19:00,
SHP-002108,ORD-002108,DC-06,BOOKED,Carrier-A,2026-08-24T03:58:00,
SHP-002109,ORD-002109,DC-04,BOOKED,Carrier-B,2026-08-09T13:00:00,2026-08-09T13:31:00
SHP-002110,ORD-002110,DC-11,AT_DOCK,Carrier-D,2026-08-23T15:18:00,
SHP-002111,ORD-002111,DC-07,AT_DOCK,Carrier-D,2026-08-25T00:35:00,2026-08-25T01:48:00
SHP-002112,ORD-002112,DC-16,AT_DOCK,Carrier-C,2026-09-04T03:56:00,2026-09-04T03:40:00
SHP-002113,ORD-002113,DC-09,BOOKED,Carrier-A,2026-08-14T11:53:00,2026-08-14T12:17:00
SHP-002114,ORD-002114,DC-16,LOADED,Carrier-C,2026-08-19T17:32:00,
SHP-002115,ORD-002115,DC-06,LOADED,Carrier-C,2026-09-04T06:03:00,2026-09-04T06:48:00
SHP-002116,ORD-002116,DC-04,LOADED,Carrier-D,2026-08-16T20:27:00,2026-08-16T20:14:00
SHP-002117,ORD-002117,DC-05,AT_DOCK,Carrier-B,2026-08-26T19:37:00,2026-08-26T20:09:00
SHP-002118,ORD-002118,DC-18,DEPARTED,Carrier-A,2026-08-05T12:25:00,
SHP-002119,ORD-002119,DC-07,DELAYED,Carrier-D,2026-08-18T16:29:00,
SHP-002120,ORD-002120,DC-06,AT_DOCK,Carrier-B,2026-08-29T18:59:00,
SHP-002121,ORD-002121,DC-06,BOOKED,Carrier-C,2026-08-07T10:55:00,
SHP-002122,ORD-002122,DC-05,DEPARTED,Carrier-A,2026-09-05T05:09:00,2026-09-05T05:04:00
SHP-002123,ORD-002123,DC-05,BOOKED,Carrier-C,2026-08-20T09:29:00,
SHP-002124,ORD-002124,DC-15,LOADED,Carrier-D,2026-08-14T14:18:00,
SHP-002125,ORD-002125,DC-05,LOADED,Carrier-D,2026-08-19T14:35:00,
SHP-002126,ORD-002126,DC-15,DEPARTED,Carrier-B,2026-09-02T11:45:00,
SHP-002127,ORD-002127,DC-13,DEPARTED,Carrier-A,2026-08-30T11:06:00,
SHP-002128,ORD-002128,DC-13,BOOKED,Carrier-B,2026-08-19T02:20:00,
SHP-002129,ORD-002129,DC-09,AT_DOCK,Carrier-C,2026-08-19T17:10:00,2026-08-19T17:55:00
SHP-002130,ORD-002130,DC-01,DELAYED,Carrier-A,2026-08-14T05:35:00,2026-08-14T06:31:00
SHP-002131,ORD-002131,DC-02,PLANNED,Carrier-D,2026-08-27T06:40:00,2026-08-27T07:08:00
SHP-002132,ORD-002132,DC-07,LOADED,Carrier-C,2026-08-10T12:45:00,
SHP-002133,ORD-002133,DC-14,PLANNED,Carrier-C,2026-08-21T11:45:00,
SHP-002134,ORD-002134,DC-04,BOOKED,Carrier-D,2026-08-06T21:02:00,
SHP-002135,ORD-002135,DC-03,AT_DOCK,Carrier-B,2026-09-05T02:58:00,
SHP-002136,ORD-002136,DC-16,AT_DOCK,Carrier-A,2026-08-29T18:12:00,
SHP-002137,ORD-002137,DC-11,BOOKED,Carrier-B,2026-08-13T03:59:00,2026-08-13T04:45:00
SHP-002138,ORD-002138,DC-10,AT_DOCK,Carrier-A,2026-08-25T09:51:00,2026-08-25T09:53:00
SHP-002139,ORD-002139,DC-10,AT_DOCK,Carrier-C,2026-08-21T17:56:00,
SHP-002140,ORD-002140,DC-14,AT_DOCK,Carrier-D,2026-08-02T07:36:00,
SHP-002141,ORD-002141,DC-09,AT_DOCK,Carrier-D,2026-08-31T18:01:00,2026-08-31T18:05:00
SHP-002142,ORD-002142,DC-17,LOADED,Carrier-C,2026-08-24T13:29:00,
SHP-002143,ORD-002143,DC-07,DELAYED,Carrier-B,2026-08-22T06:28:00,
SHP-002144,ORD-002144,DC-04,AT_DOCK,Carrier-B,2026-08-09T16:54:00,2026-08-09T17:52:00
SHP-002145,ORD-002145,DC-12,AT_DOCK,Carrier-C,2026-08-03T13:04:00,2026-08-03T14:18:00
SHP-002146,ORD-002146,DC-13,DELAYED,Carrier-B,2026-08-13T23:08:00,
SHP-002147,ORD-002147,DC-02,DEPARTED,Carrier-A,2026-08-14T02:52:00,
SHP-002148,ORD-002148,DC-03,AT_DOCK,Carrier-C,2026-09-01T06:05:00,2026-09-01T06:03:00
SHP-002149,ORD-002149,DC-09,DEPARTED,Carrier-D,2026-09-03T08:51:00,
SHP-002150,ORD-002150,DC-01,PLANNED,Carrier-B,2026-08-07T15:09:00,2026-08-07T16:03:00
SHP-002151,ORD-002151,DC-14,BOOKED,Carrier-A,2026-08-01T20:14:00,2026-08-01T21:24:00
SHP-002152,ORD-002152,DC-06,AT_DOCK,Carrier-D,2026-08-08T23:17:00,2026-08-09T00:23:00
SHP-002153,ORD-002153,DC-14,DELAYED,Carrier-D,2026-08-14T09:11:00,2026-08-14T10:17:00
SHP-002154,ORD-002154,DC-04,LOADED,Carrier-B,2026-09-04T18:27:00,
SHP-002155,ORD-002155,DC-11,DEPARTED,Carrier-B,2026-08-21T16:39:00,
SHP-002156,ORD-002156,DC-04,DELAYED,Carrier-D,2026-08-31T21:18:00,
SHP-002157,ORD-002157,DC-18,BOOKED,Carrier-C,2026-09-01T09:26:00,2026-09-01T09:53:00
SHP-002158,ORD-002158,DC-11,DEPARTED,Carrier-D,2026-08-15T00:12:00,
SHP-002159,ORD-002159,DC-17,LOADED,Carrier-D,2026-08-22T11:25:00,
SHP-002160,ORD-002160,DC-07,AT_DOCK,Carrier-C,2026-08-15T02:13:00,
SHP-002161,ORD-002161,DC-13,LOADED,Carrier-C,2026-08-21T20:26:00,
SHP-002162,ORD-002162,DC-17,DELAYED,Carrier-D,2026-09-03T08:59:00,
SHP-002163,ORD-002163,DC-18,LOADED,Carrier-D,2026-08-22T00:27:00,
SHP-002164,ORD-002164,DC-07,BOOKED,Carrier-A,2026-08-15T19:18:00,
SHP-002165,ORD-002165,DC-15,DEPARTED,Carrier-D,2026-08-14T09:11:00,
SHP-002166,ORD-002166,DC-03,DELAYED,Carrier-C,2026-09-03T04:38:00,
SHP-002167,ORD-002167,DC-10,DELAYED,Carrier-A,2026-08-03T04:55:00,
SHP-002168,ORD-002168,DC-14,LOADED,Carrier-A,2026-08-10T22:22:00,
SHP-002169,ORD-002169,DC-02,DELAYED,Carrier-C,2026-08-22T01:56:00,2026-08-22T02:09:00
SHP-002170,ORD-002170,DC-17,PLANNED,Carrier-A,2026-08-11T02:08:00,
SHP-002171,ORD-002171,DC-14,AT_DOCK,Carrier-A,2026-09-03T05:09:00,
SHP-002172,ORD-002172,DC-04,PLANNED,Carrier-A,2026-08-29T07:22:00,
SHP-002173,ORD-002173,DC-14,DEPARTED,Carrier-B,2026-08-27T09:27:00,
SHP-002174,ORD-002174,DC-16,AT_DOCK,Carrier-A,2026-08-26T02:40:00,2026-08-26T03:01:00
SHP-002175,ORD-002175,DC-06,LOADED,Carrier-D,2026-08-22T18:40:00,
SHP-002176,ORD-002176,DC-01,AT_DOCK,Carrier-B,2026-09-04T19:44:00,
SHP-002177,ORD-002177,DC-01,AT_DOCK,Carrier-C,2026-08-20T14:32:00,2026-08-20T15:00:00
SHP-002178,ORD-002178,DC-13,BOOKED,Carrier-A,2026-08-23T20:04:00,
SHP-002179,ORD-002179,DC-11,DELAYED,Carrier-A,2026-08-21T20:00:00,
SHP-002180,ORD-002180,DC-10,AT_DOCK,Carrier-B,2026-08-04T22:06:00,2026-08-04T21:50:00
SHP-002181,ORD-002181,DC-15,DEPARTED,Carrier-C,2026-08-12T20:29:00,
SHP-002182,ORD-002182,DC-06,DEPARTED,Carrier-B,2026-09-02T22:35:00,2026-09-02T22:39:00
SHP-002183,ORD-002183,DC-03,LOADED,Carrier-A,2026-08-29T22:22:00,
SHP-002184,ORD-002184,DC-07,BOOKED,Carrier-C,2026-08-18T04:46:00,2026-08-18T04:33:00
SHP-002185,ORD-002185,DC-10,LOADED,Carrier-C,2026-08-17T19:31:00,2026-08-17T20:28:00
SHP-002186,ORD-002186,DC-06,DEPARTED,Carrier-C,2026-08-19T02:05:00,
SHP-002187,ORD-002187,DC-06,AT_DOCK,Carrier-D,2026-08-03T01:26:00,2026-08-03T02:10:00
SHP-002188,ORD-002188,DC-17,LOADED,Carrier-A,2026-08-09T13:33:00,
SHP-002189,ORD-002189,DC-12,PLANNED,Carrier-B,2026-08-11T01:02:00,
SHP-002190,ORD-002190,DC-05,AT_DOCK,Carrier-A,2026-08-03T02:25:00,
SHP-002191,ORD-002191,DC-08,PLANNED,Carrier-B,2026-08-23T08:52:00,2026-08-23T09:52:00
SHP-002192,ORD-002192,DC-01,LOADED,Carrier-D,2026-08-05T00:20:00,
SHP-002193,ORD-002193,DC-04,BOOKED,Carrier-D,2026-08-19T19:16:00,
SHP-002194,ORD-002194,DC-07,LOADED,Carrier-C,2026-08-06T03:24:00,
SHP-002195,ORD-002195,DC-08,DELAYED,Carrier-D,2026-08-06T08:45:00,2026-08-06T09:13:00
SHP-002196,ORD-002196,DC-05,PLANNED,Carrier-B,2026-08-31T00:24:00,
SHP-002197,ORD-002197,DC-11,BOOKED,Carrier-D,2026-08-17T20:54:00,2026-08-17T21:26:00
SHP-002198,ORD-002198,DC-05,LOADED,Carrier-A,2026-08-16T05:29:00,
SHP-002199,ORD-002199,DC-03,PLANNED,Carrier-A,2026-08-24T02:21:00,2026-08-24T02:59:00
SHP-002200,ORD-002200,DC-13,BOOKED,Carrier-A,2026-08-13T09:04:00,2026-08-13T08:44:00
SHP-002201,ORD-002201,DC-10,LOADED,Carrier-C,2026-09-03T19:05:00,
SHP-002202,ORD-002202,DC-01,AT_DOCK,Carrier-A,2026-08-23T12:41:00,
SHP-002203,ORD-002203,DC-16,BOOKED,Carrier-A,2026-08-23T03:04:00,
SHP-002204,ORD-002204,DC-10,PLANNED,Carrier-D,2026-08-30T10:46:00,2026-08-30T11:26:00
SHP-002205,ORD-002205,DC-04,AT_DOCK,Carrier-B,2026-08-01T23:51:00,
SHP-002206,ORD-002206,DC-08,PLANNED,Carrier-C,2026-08-01T14:38:00,2026-08-01T15:47:00
SHP-002207,ORD-002207,DC-03,BOOKED,Carrier-A,2026-09-06T04:31:00,2026-09-06T04:14:00
SHP-002208,ORD-002208,DC-16,DELAYED,Carrier-D,2026-08-24T04:37:00,2026-08-24T04:36:00
SHP-002209,ORD-002209,DC-06,DELAYED,Carrier-A,2026-08-13T15:49:00,2026-08-13T15:39:00
SHP-002210,ORD-002210,DC-06,AT_DOCK,Carrier-B,2026-08-08T04:41:00,2026-08-08T04:37:00
SHP-002211,ORD-002211,DC-08,AT_DOCK,Carrier-B,2026-09-05T08:02:00,
SHP-002212,ORD-002212,DC-16,DELAYED,Carrier-C,2026-08-24T20:21:00,2026-08-24T21:13:00
SHP-002213,ORD-002213,DC-01,AT_DOCK,Carrier-A,2026-08-14T00:07:00,
SHP-002214,ORD-002214,DC-07,PLANNED,Carrier-D,2026-08-03T07:24:00,
SHP-002215,ORD-002215,DC-13,AT_DOCK,Carrier-A,2026-08-16T18:55:00,
SHP-002216,ORD-002216,DC-05,DELAYED,Carrier-A,2026-08-22T04:14:00,
SHP-002217,ORD-002217,DC-14,DELAYED,Carrier-A,2026-08-17T23:51:00,
SHP-002218,ORD-002218,DC-16,LOADED,Carrier-C,2026-08-05T04:01:00,
SHP-002219,ORD-002219,DC-05,PLANNED,Carrier-D,2026-09-03T22:18:00,2026-09-03T22:56:00
SHP-002220,ORD-002220,DC-01,DELAYED,Carrier-B,2026-08-05T00:44:00,2026-08-05T00:51:00
SHP-002221,ORD-002221,DC-06,BOOKED,Carrier-C,2026-09-02T09:00:00,
SHP-002222,ORD-002222,DC-06,PLANNED,Carrier-D,2026-08-20T22:28:00,
SHP-002223,ORD-002223,DC-18,AT_DOCK,Carrier-B,2026-09-03T21:48:00,
SHP-002224,ORD-002224,DC-13,BOOKED,Carrier-A,2026-08-19T23:50:00,
SHP-002225,ORD-002225,DC-17,AT_DOCK,Carrier-A,2026-08-04T15:01:00,
SHP-002226,ORD-002226,DC-17,DEPARTED,Carrier-A,2026-08-07T11:44:00,2026-08-07T12:24:00
SHP-002227,ORD-002227,DC-05,PLANNED,Carrier-D,2026-08-30T15:13:00,
SHP-002228,ORD-002228,DC-05,LOADED,Carrier-B,2026-08-29T06:21:00,
SHP-002229,ORD-002229,DC-16,LOADED,Carrier-B,2026-08-03T04:49:00,2026-08-03T05:14:00
SHP-002230,ORD-002230,DC-01,DELAYED,Carrier-A,2026-08-08T22:56:00,
SHP-002231,ORD-002231,DC-06,DEPARTED,Carrier-A,2026-08-07T15:04:00,2026-08-07T15:55:00
SHP-002232,ORD-002232,DC-02,DELAYED,Carrier-A,2026-08-16T06:36:00,2026-08-16T06:50:00
SHP-002233,ORD-002233,DC-16,DELAYED,Carrier-D,2026-09-02T09:55:00,
SHP-002234,ORD-002234,DC-06,DEPARTED,Carrier-C,2026-08-04T16:03:00,2026-08-04T17:13:00
SHP-002235,ORD-002235,DC-08,PLANNED,Carrier-D,2026-08-21T23:02:00,2026-08-21T23:33:00
SHP-002236,ORD-002236,DC-14,PLANNED,Carrier-A,2026-08-26T12:13:00,
SHP-002237,ORD-002237,DC-10,DEPARTED,Carrier-D,2026-08-28T12:04:00,
SHP-002238,ORD-002238,DC-09,LOADED,Carrier-B,2026-08-10T13:54:00,
SHP-002239,ORD-002239,DC-15,AT_DOCK,Carrier-D,2026-08-05T04:45:00,2026-08-05T04:47:00
SHP-002240,ORD-002240,DC-16,PLANNED,Carrier-A,2026-08-04T08:07:00,
SHP-002241,ORD-002241,DC-05,LOADED,Carrier-B,2026-08-15T11:06:00,
SHP-002242,ORD-002242,DC-06,PLANNED,Carrier-A,2026-08-20T10:26:00,
SHP-002243,ORD-002243,DC-10,LOADED,Carrier-A,2026-08-27T01:45:00,2026-08-27T02:25:00
SHP-002244,ORD-002244,DC-16,LOADED,Carrier-A,2026-08-28T17:02:00,
SHP-002245,ORD-002245,DC-09,DELAYED,Carrier-A,2026-08-26T04:19:00,2026-08-26T04:05:00
SHP-002246,ORD-002246,DC-01,PLANNED,Carrier-B,2026-09-02T17:12:00,2026-09-02T17:59:00
SHP-002247,ORD-002247,DC-03,DELAYED,Carrier-D,2026-09-01T22:51:00,
SHP-002248,ORD-002248,DC-15,PLANNED,Carrier-A,2026-08-21T08:53:00,
SHP-002249,ORD-002249,DC-17,BOOKED,Carrier-C,2026-08-27T21:24:00,
SHP-002250,ORD-002250,DC-10,DEPARTED,Carrier-C,2026-08-31T12:05:00,
SHP-002251,ORD-002251,DC-11,LOADED,Carrier-A,2026-08-13T01:40:00,
SHP-002252,ORD-002252,DC-08,AT_DOCK,Carrier-B,2026-08-27T05:11:00,
SHP-002253,ORD-002253,DC-02,AT_DOCK,Carrier-B,2026-08-22T09:00:00,
SHP-002254,ORD-002254,DC-13,LOADED,Carrier-A,2026-08-25T08:02:00,
SHP-002255,ORD-002255,DC-14,DELAYED,Carrier-D,2026-08-28T15:12:00,2026-08-28T15:40:00
SHP-002256,ORD-002256,DC-01,AT_DOCK,Carrier-A,2026-08-06T13:41:00,
SHP-002257,ORD-002257,DC-13,LOADED,Carrier-A,2026-09-03T10:24:00,2026-09-03T10:42:00
SHP-002258,ORD-002258,DC-02,PLANNED,Carrier-B,2026-09-03T08:11:00,2026-09-03T09:13:00
SHP-002259,ORD-002259,DC-18,DEPARTED,Carrier-C,2026-08-12T01:55:00,
SHP-002260,ORD-002260,DC-15,PLANNED,Carrier-D,2026-08-12T08:43:00,
SHP-002261,ORD-002261,DC-18,DELAYED,Carrier-C,2026-09-01T12:15:00,2026-09-01T13:23:00
SHP-002262,ORD-002262,DC-13,PLANNED,Carrier-C,2026-08-23T09:10:00,2026-08-23T09:38:00
SHP-002263,ORD-002263,DC-02,DEPARTED,Carrier-D,2026-08-10T20:31:00,2026-08-10T21:22:00
SHP-002264,ORD-002264,DC-05,DELAYED,Carrier-B,2026-08-11T10:37:00,
SHP-002265,ORD-002265,DC-05,AT_DOCK,Carrier-A,2026-08-13T01:46:00,2026-08-13T01:27:00
SHP-002266,ORD-002266,DC-12,LOADED,Carrier-D,2026-08-21T12:40:00,2026-08-21T12:56:00
SHP-002267,ORD-002267,DC-01,DEPARTED,Carrier-D,2026-08-30T08:31:00,2026-08-30T08:54:00
SHP-002268,ORD-002268,DC-03,DELAYED,Carrier-A,2026-08-02T01:41:00,2026-08-02T02:15:00
SHP-002269,ORD-002269,DC-05,LOADED,Carrier-C,2026-08-17T15:15:00,
SHP-002270,ORD-002270,DC-11,AT_DOCK,Carrier-A,2026-09-05T03:40:00,
SHP-002271,ORD-002271,DC-02,AT_DOCK,Carrier-B,2026-08-17T09:43:00,2026-08-17T10:05:00
SHP-002272,ORD-002272,DC-16,DEPARTED,Carrier-B,2026-09-04T08:51:00,2026-09-04T09:36:00
SHP-002273,ORD-002273,DC-16,AT_DOCK,Carrier-D,2026-08-05T08:03:00,2026-08-05T08:34:00
SHP-002274,ORD-002274,DC-16,AT_DOCK,Carrier-B,2026-08-16T07:16:00,2026-08-16T07:35:00
SHP-002275,ORD-002275,DC-10,AT_DOCK,Carrier-C,2026-08-19T00:48:00,2026-08-19T00:40:00
SHP-002276,ORD-002276,DC-10,BOOKED,Carrier-D,2026-08-16T01:16:00,
SHP-002277,ORD-002277,DC-11,BOOKED,Carrier-D,2026-08-08T00:55:00,2026-08-08T01:29:00
SHP-002278,ORD-002278,DC-13,PLANNED,Carrier-C,2026-08-15T07:24:00,
SHP-002279,ORD-002279,DC-17,BOOKED,Carrier-D,2026-08-21T11:54:00,2026-08-21T12:51:00
SHP-002280,ORD-002280,DC-17,PLANNED,Carrier-B,2026-08-06T23:31:00,
SHP-002281,ORD-002281,DC-03,DELAYED,Carrier-B,2026-08-15T19:13:00,2026-08-15T19:15:00
SHP-002282,ORD-002282,DC-16,BOOKED,Carrier-C,2026-08-29T09:07:00,
SHP-002283,ORD-002283,DC-05,DELAYED,Carrier-B,2026-08-22T06:04:00,2026-08-22T06:49:00
SHP-002284,ORD-002284,DC-01,DEPARTED,Carrier-D,2026-08-03T22:21:00,
SHP-002285,ORD-002285,DC-08,DELAYED,Carrier-D,2026-08-11T08:21:00,
SHP-002286,ORD-002286,DC-17,LOADED,Carrier-A,2026-08-08T09:47:00,2026-08-08T10:50:00
SHP-002287,ORD-002287,DC-01,AT_DOCK,Carrier-D,2026-08-15T13:12:00,
SHP-002288,ORD-002288,DC-05,DEPARTED,Carrier-B,2026-08-27T19:46:00,2026-08-27T19:42:00
SHP-002289,ORD-002289,DC-04,DEPARTED,Carrier-A,2026-08-28T20:39:00,
SHP-002290,ORD-002290,DC-07,LOADED,Carrier-A,2026-08-10T21:37:00,
SHP-002291,ORD-002291,DC-18,AT_DOCK,Carrier-D,2026-08-09T22:34:00,2026-08-09T23:24:00
SHP-002292,ORD-002292,DC-09,BOOKED,Carrier-B,2026-08-28T00:53:00,2026-08-28T00:58:00
SHP-002293,ORD-002293,DC-02,DEPARTED,Carrier-A,2026-08-15T04:51:00,2026-08-15T04:36:00
SHP-002294,ORD-002294,DC-17,LOADED,Carrier-B,2026-08-03T14:37:00,
SHP-002295,ORD-002295,DC-15,PLANNED,Carrier-C,2026-08-31T02:02:00,2026-08-31T02:50:00
SHP-002296,ORD-002296,DC-14,DELAYED,Carrier-A,2026-08-31T17:30:00,
SHP-002297,ORD-002297,DC-04,AT_DOCK,Carrier-D,2026-08-20T04:33:00,
SHP-002298,ORD-002298,DC-13,DEPARTED,Carrier-C,2026-08-21T12:58:00,2026-08-21T12:53:00
SHP-002299,ORD-002299,DC-07,DELAYED,Carrier-C,2026-08-22T15:07:00,
SHP-002300,ORD-002300,DC-10,AT_DOCK,Carrier-C,2026-09-04T18:33:00,2026-09-04T19:25:00
SHP-002301,ORD-002301,DC-18,PLANNED,Carrier-C,2026-08-19T09:01:00,2026-08-19T10:06:00
SHP-002302,ORD-002302,DC-18,DELAYED,Carrier-A,2026-08-14T07:23:00,2026-08-14T08:01:00
SHP-002303,ORD-002303,DC-04,AT_DOCK,Carrier-C,2026-08-02T23:14:00,2026-08-02T23:14:00
SHP-002304,ORD-002304,DC-18,DELAYED,Carrier-D,2026-08-12T17:00:00,
SHP-002305,ORD-002305,DC-15,DEPARTED,Carrier-B,2026-08-12T21:02:00,
SHP-002306,ORD-002306,DC-03,DEPARTED,Carrier-B,2026-08-12T12:12:00,2026-08-12T12:25:00
SHP-002307,ORD-002307,DC-02,AT_DOCK,Carrier-D,2026-08-24T09:49:00,2026-08-24T09:41:00
SHP-002308,ORD-002308,DC-13,AT_DOCK,Carrier-C,2026-08-29T20:23:00,
SHP-002309,ORD-002309,DC-10,DELAYED,Carrier-C,2026-08-14T13:44:00,2026-08-14T13:46:00
SHP-002310,ORD-002310,DC-10,AT_DOCK,Carrier-B,2026-08-24T18:25:00,2026-08-24T18:08:00
SHP-002311,ORD-002311,DC-11,PLANNED,Carrier-D,2026-08-14T16:48:00,2026-08-14T16:54:00
SHP-002312,ORD-002312,DC-05,LOADED,Carrier-A,2026-09-04T19:51:00,
SHP-002313,ORD-002313,DC-11,PLANNED,Carrier-C,2026-08-08T20:08:00,2026-08-08T19:49:00
SHP-002314,ORD-002314,DC-18,DELAYED,Carrier-C,2026-08-05T02:25:00,
SHP-002315,ORD-002315,DC-05,DEPARTED,Carrier-D,2026-08-29T17:29:00,2026-08-29T17:27:00
SHP-002316,ORD-002316,DC-03,DEPARTED,Carrier-B,2026-09-03T14:17:00,2026-09-03T15:20:00
SHP-002317,ORD-002317,DC-12,LOADED,Carrier-B,2026-08-05T20:33:00,
SHP-002318,ORD-002318,DC-17,DELAYED,Carrier-D,2026-08-15T22:10:00,
SHP-002319,ORD-002319,DC-10,AT_DOCK,Carrier-C,2026-08-14T12:45:00,2026-08-14T13:37:00
SHP-002320,ORD-002320,DC-06,BOOKED,Carrier-B,2026-08-18T15:33:00,
SHP-002321,ORD-002321,DC-04,LOADED,Carrier-D,2026-08-16T17:02:00,
SHP-002322,ORD-002322,DC-08,DELAYED,Carrier-C,2026-08-03T18:47:00,2026-08-03T18:53:00
SHP-002323,ORD-002323,DC-07,BOOKED,Carrier-B,2026-08-31T15:55:00,2026-08-31T16:44:00
SHP-002324,ORD-002324,DC-06,PLANNED,Carrier-D,2026-08-11T16:55:00,
SHP-002325,ORD-002325,DC-18,LOADED,Carrier-B,2026-08-18T12:38:00,
SHP-002326,ORD-002326,DC-01,DELAYED,Carrier-D,2026-09-01T12:49:00,2026-09-01T13:30:00
SHP-002327,ORD-002327,DC-10,AT_DOCK,Carrier-D,2026-09-05T08:41:00,2026-09-05T09:07:00
SHP-002328,ORD-002328,DC-11,LOADED,Carrier-A,2026-08-26T17:31:00,2026-08-26T18:27:00
SHP-002329,ORD-002329,DC-01,PLANNED,Carrier-C,2026-08-04T11:29:00,
SHP-002330,ORD-002330,DC-18,LOADED,Carrier-B,2026-08-15T12:12:00,
SHP-002331,ORD-002331,DC-17,DELAYED,Carrier-B,2026-08-10T16:08:00,2026-08-10T15:52:00
SHP-002332,ORD-002332,DC-14,BOOKED,Carrier-A,2026-08-26T10:09:00,
SHP-002333,ORD-002333,DC-03,LOADED,Carrier-A,2026-08-12T14:47:00,2026-08-12T15:14:00
SHP-002334,ORD-002334,DC-04,AT_DOCK,Carrier-B,2026-09-03T02:48:00,2026-09-03T03:20:00
SHP-002335,ORD-002335,DC-16,LOADED,Carrier-C,2026-08-11T18:58:00,2026-08-11T19:39:00
SHP-002336,ORD-002336,DC-16,LOADED,Carrier-B,2026-08-16T10:23:00,
SHP-002337,ORD-002337,DC-10,AT_DOCK,Carrier-A,2026-08-24T03:43:00,2026-08-24T03:40:00
SHP-002338,ORD-002338,DC-12,LOADED,Carrier-C,2026-08-03T11:08:00,2026-08-03T11:27:00
SHP-002339,ORD-002339,DC-13,LOADED,Carrier-A,2026-08-19T11:16:00,
SHP-002340,ORD-002340,DC-14,AT_DOCK,Carrier-A,2026-08-17T18:20:00,
SHP-002341,ORD-002341,DC-14,PLANNED,Carrier-A,2026-08-13T16:05:00,
SHP-002342,ORD-002342,DC-07,LOADED,Carrier-D,2026-08-15T12:12:00,2026-08-15T11:58:00
SHP-002343,ORD-002343,DC-07,PLANNED,Carrier-C,2026-08-02T22:29:00,
SHP-002344,ORD-002344,DC-05,DEPARTED,Carrier-D,2026-09-01T07:14:00,
SHP-002345,ORD-002345,DC-05,PLANNED,Carrier-B,2026-08-19T11:08:00,2026-08-19T11:43:00
SHP-002346,ORD-002346,DC-10,AT_DOCK,Carrier-D,2026-08-22T17:06:00,
SHP-002347,ORD-002347,DC-02,DEPARTED,Carrier-C,2026-08-21T01:19:00,2026-08-21T01:33:00
SHP-002348,ORD-002348,DC-08,DELAYED,Carrier-D,2026-08-30T14:03:00,2026-08-30T13:54:00
SHP-002349,ORD-002349,DC-13,AT_DOCK,Carrier-A,2026-08-24T15:58:00,
SHP-002350,ORD-002350,DC-07,BOOKED,Carrier-D,2026-08-31T00:03:00,2026-08-31T00:41:00
SHP-002351,ORD-002351,DC-03,BOOKED,Carrier-C,2026-08-30T21:36:00,
SHP-002352,ORD-002352,DC-09,LOADED,Carrier-A,2026-08-05T16:26:00,
SHP-002353,ORD-002353,DC-04,AT_DOCK,Carrier-D,2026-08-18T18:23:00,2026-08-18T19:38:00
SHP-002354,ORD-002354,DC-09,LOADED,Carrier-C,2026-08-26T02:12:00,2026-08-26T03:22:00
SHP-002355,ORD-002355,DC-01,BOOKED,Carrier-B,2026-08-12T10:47:00,
SHP-002356,ORD-002356,DC-12,DEPARTED,Carrier-A,2026-09-02T09:27:00,
SHP-002357,ORD-002357,DC-11,DELAYED,Carrier-B,2026-08-21T05:37:00,2026-08-21T06:28:00
SHP-002358,ORD-002358,DC-16,DELAYED,Carrier-A,2026-08-18T13:50:00,
SHP-002359,ORD-002359,DC-13,AT_DOCK,Carrier-A,2026-09-01T11:45:00,
SHP-002360,ORD-002360,DC-01,PLANNED,Carrier-A,2026-08-22T08:45:00,2026-08-22T08:32:00
SHP-002361,ORD-002361,DC-13,LOADED,Carrier-C,2026-08-10T08:41:00,2026-08-10T08:27:00
SHP-002362,ORD-002362,DC-01,DELAYED,Carrier-D,2026-08-28T05:00:00,2026-08-28T04:44:00
SHP-002363,ORD-002363,DC-15,AT_DOCK,Carrier-A,2026-09-01T00:47:00,2026-09-01T00:33:00
SHP-002364,ORD-002364,DC-09,AT_DOCK,Carrier-D,2026-08-16T04:33:00,
SHP-002365,ORD-002365,DC-04,DEPARTED,Carrier-D,2026-08-08T05:57:00,
SHP-002366,ORD-002366,DC-06,PLANNED,Carrier-B,2026-08-05T12:35:00,
SHP-002367,ORD-002367,DC-03,AT_DOCK,Carrier-C,2026-08-30T17:39:00,
SHP-002368,ORD-002368,DC-01,DEPARTED,Carrier-D,2026-08-05T16:48:00,
SHP-002369,ORD-002369,DC-07,LOADED,Carrier-A,2026-08-29T15:07:00,2026-08-29T14:58:00
SHP-002370,ORD-002370,DC-08,LOADED,Carrier-C,2026-08-26T02:35:00,
SHP-002371,ORD-002371,DC-07,PLANNED,Carrier-C,2026-08-05T22:49:00,
SHP-002372,ORD-002372,DC-01,LOADED,Carrier-A,2026-08-12T19:34:00,2026-08-12T19:41:00
SHP-002373,ORD-002373,DC-05,LOADED,Carrier-A,2026-09-04T19:00:00,
SHP-002374,ORD-002374,DC-12,PLANNED,Carrier-A,2026-08-15T19:22:00,2026-08-15T20:05:00
SHP-002375,ORD-002375,DC-05,LOADED,Carrier-B,2026-08-24T09:47:00,2026-08-24T10:37:00
SHP-002376,ORD-002376,DC-08,LOADED,Carrier-A,2026-08-04T09:17:00,
SHP-002377,ORD-002377,DC-16,AT_DOCK,Carrier-D,2026-08-13T10:10:00,2026-08-13T10:05:00
SHP-002378,ORD-002378,DC-18,BOOKED,Carrier-A,2026-08-15T20:49:00,2026-08-15T20:43:00
SHP-002379,ORD-002379,DC-16,BOOKED,Carrier-B,2026-08-07T08:50:00,
SHP-002380,ORD-002380,DC-02,DELAYED,Carrier-B,2026-09-03T14:52:00,2026-09-03T15:29:00
SHP-002381,ORD-002381,DC-15,DEPARTED,Carrier-D,2026-08-25T23:31:00,2026-08-26T00:41:00
SHP-002382,ORD-002382,DC-06,LOADED,Carrier-D,2026-08-20T14:18:00,
SHP-002383,ORD-002383,DC-16,PLANNED,Carrier-D,2026-08-28T22:16:00,
SHP-002384,ORD-002384,DC-13,DEPARTED,Carrier-A,2026-09-02T13:39:00,2026-09-02T13:50:00
SHP-002385,ORD-002385,DC-08,AT_DOCK,Carrier-B,2026-08-13T17:50:00,2026-08-13T17:37:00
SHP-002386,ORD-002386,DC-13,LOADED,Carrier-D,2026-08-21T09:23:00,
SHP-002387,ORD-002387,DC-16,DELAYED,Carrier-C,2026-08-03T21:10:00,2026-08-03T21:40:00
SHP-002388,ORD-002388,DC-05,PLANNED,Carrier-C,2026-08-27T02:28:00,2026-08-27T03:34:00
SHP-002389,ORD-002389,DC-12,BOOKED,Carrier-C,2026-08-03T21:37:00,2026-08-03T21:35:00
SHP-002390,ORD-002390,DC-11,DELAYED,Carrier-A,2026-08-30T21:19:00,2026-08-30T21:15:00
SHP-002391,ORD-002391,DC-12,LOADED,Carrier-A,2026-08-16T11:13:00,
SHP-002392,ORD-002392,DC-09,PLANNED,Carrier-D,2026-08-02T16:43:00,2026-08-02T16:54:00
SHP-002393,ORD-002393,DC-15,LOADED,Carrier-A,2026-08-16T19:55:00,
SHP-002394,ORD-002394,DC-06,AT_DOCK,Carrier-B,2026-08-30T23:26:00,
SHP-002395,ORD-002395,DC-13,BOOKED,Carrier-A,2026-09-04T16:52:00,2026-09-04T17:02:00
SHP-002396,ORD-002396,DC-15,DELAYED,Carrier-D,2026-08-31T17:03:00,
SHP-002397,ORD-002397,DC-04,LOADED,Carrier-A,2026-08-18T17:01:00,
SHP-002398,ORD-002398,DC-07,DELAYED,Carrier-B,2026-08-29T01:51:00,
SHP-002399,ORD-002399,DC-14,DELAYED,Carrier-C,2026-08-27T09:16:00,
SHP-002400,ORD-002400,DC-17,LOADED,Carrier-C,2026-08-31T13:25:00,2026-08-31T13:43:00
SHP-002401,ORD-002401,DC-10,LOADED,Carrier-C,2026-08-24T23:09:00,2026-08-24T23:38:00
SHP-002402,ORD-002402,DC-04,AT_DOCK,Carrier-A,2026-08-05T08:28:00,
SHP-002403,ORD-002403,DC-15,LOADED,Carrier-D,2026-08-06T00:23:00,
SHP-002404,ORD-002404,DC-05,LOADED,Carrier-C,2026-08-08T22:44:00,2026-08-08T22:57:00
SHP-002405,ORD-002405,DC-08,LOADED,Carrier-D,2026-08-08T11:43:00,2026-08-08T11:28:00
SHP-002406,ORD-002406,DC-12,DEPARTED,Carrier-B,2026-09-01T14:51:00,
SHP-002407,ORD-002407,DC-14,BOOKED,Carrier-D,2026-08-29T00:25:00,
SHP-002408,ORD-002408,DC-05,PLANNED,Carrier-C,2026-08-10T15:31:00,
SHP-002409,ORD-002409,DC-15,BOOKED,Carrier-B,2026-08-09T23:20:00,
SHP-002410,ORD-002410,DC-16,DEPARTED,Carrier-A,2026-08-02T03:01:00,
SHP-002411,ORD-002411,DC-04,DEPARTED,Carrier-A,2026-08-02T21:56:00,
SHP-002412,ORD-002412,DC-02,PLANNED,Carrier-A,2026-08-10T19:07:00,
SHP-002413,ORD-002413,DC-03,DELAYED,Carrier-B,2026-08-26T13:06:00,
SHP-002414,ORD-002414,DC-16,LOADED,Carrier-C,2026-08-16T17:02:00,2026-08-16T17:56:00
SHP-002415,ORD-002415,DC-05,DELAYED,Carrier-D,2026-08-15T09:37:00,2026-08-15T09:49:00
SHP-002416,ORD-002416,DC-02,AT_DOCK,Carrier-D,2026-08-26T17:41:00,2026-08-26T17:48:00
SHP-002417,ORD-002417,DC-11,BOOKED,Carrier-A,2026-08-12T19:36:00,2026-08-12T19:49:00
SHP-002418,ORD-002418,DC-12,DEPARTED,Carrier-D,2026-08-06T16:16:00,2026-08-06T16:08:00
SHP-002419,ORD-002419,DC-06,LOADED,Carrier-A,2026-08-02T12:09:00,2026-08-02T12:52:00
SHP-002420,ORD-002420,DC-05,DELAYED,Carrier-B,2026-08-06T13:47:00,2026-08-06T13:50:00
SHP-002421,ORD-002421,DC-05,DEPARTED,Carrier-D,2026-08-30T04:22:00,
SHP-002422,ORD-002422,DC-02,LOADED,Carrier-A,2026-08-12T10:31:00,
SHP-002423,ORD-002423,DC-17,LOADED,Carrier-D,2026-08-04T07:44:00,2026-08-04T08:59:00
SHP-002424,ORD-002424,DC-09,DELAYED,Carrier-A,2026-08-22T14:57:00,2026-08-22T15:37:00
SHP-002425,ORD-002425,DC-08,DELAYED,Carrier-A,2026-08-18T07:29:00,
SHP-002426,ORD-002426,DC-17,PLANNED,Carrier-D,2026-08-10T12:48:00,2026-08-10T13:24:00
SHP-002427,ORD-002427,DC-10,PLANNED,Carrier-B,2026-08-16T19:56:00,2026-08-16T20:48:00
SHP-002428,ORD-002428,DC-05,AT_DOCK,Carrier-D,2026-09-03T14:09:00,2026-09-03T14:37:00
SHP-002429,ORD-002429,DC-05,DEPARTED,Carrier-D,2026-08-05T11:25:00,2026-08-05T12:36:00
SHP-002430,ORD-002430,DC-09,PLANNED,Carrier-D,2026-08-21T09:20:00,
SHP-002431,ORD-002431,DC-06,DELAYED,Carrier-C,2026-08-03T16:50:00,
SHP-002432,ORD-002432,DC-18,AT_DOCK,Carrier-A,2026-08-01T18:52:00,
SHP-002433,ORD-002433,DC-10,PLANNED,Carrier-D,2026-08-14T05:20:00,2026-08-14T06:01:00
SHP-002434,ORD-002434,DC-15,DEPARTED,Carrier-B,2026-08-21T18:02:00,2026-08-21T18:38:00
SHP-002435,ORD-002435,DC-13,BOOKED,Carrier-A,2026-08-19T00:39:00,
SHP-002436,ORD-002436,DC-06,DELAYED,Carrier-B,2026-08-09T18:03:00,
SHP-002437,ORD-002437,DC-10,LOADED,Carrier-B,2026-08-25T05:17:00,
SHP-002438,ORD-002438,DC-07,DEPARTED,Carrier-D,2026-08-22T23:57:00,
SHP-002439,ORD-002439,DC-04,DEPARTED,Carrier-C,2026-08-25T11:52:00,
SHP-002440,ORD-002440,DC-06,DEPARTED,Carrier-A,2026-08-20T15:05:00,
SHP-002441,ORD-002441,DC-01,PLANNED,Carrier-A,2026-08-11T06:06:00,
SHP-002442,ORD-002442,DC-06,DELAYED,Carrier-A,2026-09-02T05:52:00,2026-09-02T07:02:00
SHP-002443,ORD-002443,DC-17,LOADED,Carrier-B,2026-08-24T22:21:00,2026-08-24T22:04:00
SHP-002444,ORD-002444,DC-18,AT_DOCK,Carrier-A,2026-08-15T23:41:00,
SHP-002445,ORD-002445,DC-16,LOADED,Carrier-D,2026-08-21T22:11:00,
SHP-002446,ORD-002446,DC-18,PLANNED,Carrier-D,2026-08-19T14:36:00,
SHP-002447,ORD-002447,DC-12,DELAYED,Carrier-D,2026-08-06T12:55:00,2026-08-06T14:06:00
SHP-002448,ORD-002448,DC-05,DEPARTED,Carrier-A,2026-09-04T21:20:00,2026-09-04T22:08:00
SHP-002449,ORD-002449,DC-02,PLANNED,Carrier-A,2026-08-21T12:05:00,
SHP-002450,ORD-002450,DC-14,DEPARTED,Carrier-A,2026-08-03T16:56:00,2026-08-03T17:47:00
SHP-002451,ORD-002451,DC-06,LOADED,Carrier-A,2026-08-17T12:57:00,
SHP-002452,ORD-002452,DC-17,DELAYED,Carrier-B,2026-09-04T23:48:00,2026-09-05T00:37:00
SHP-002453,ORD-002453,DC-07,PLANNED,Carrier-B,2026-08-06T15:12:00,2026-08-06T15:15:00
SHP-002454,ORD-002454,DC-11,DEPARTED,Carrier-B,2026-08-27T02:36:00,2026-08-27T03:47:00
SHP-002455,ORD-002455,DC-17,LOADED,Carrier-B,2026-08-11T16:33:00,
SHP-002456,ORD-002456,DC-08,PLANNED,Carrier-C,2026-08-08T00:43:00,
SHP-002457,ORD-002457,DC-02,BOOKED,Carrier-D,2026-08-27T22:12:00,
SHP-002458,ORD-002458,DC-08,DELAYED,Carrier-B,2026-08-11T17:41:00,2026-08-11T17:59:00
SHP-002459,ORD-002459,DC-07,PLANNED,Carrier-D,2026-08-20T12:01:00,
SHP-002460,ORD-002460,DC-03,DEPARTED,Carrier-B,2026-08-05T16:07:00,
SHP-002461,ORD-002461,DC-14,BOOKED,Carrier-A,2026-09-03T18:15:00,
SHP-002462,ORD-002462,DC-08,LOADED,Carrier-D,2026-08-03T23:06:00,
SHP-002463,ORD-002463,DC-07,DELAYED,Carrier-D,2026-08-30T07:48:00,
SHP-002464,ORD-002464,DC-13,LOADED,Carrier-A,2026-08-14T04:59:00,2026-08-14T05:13:00
SHP-002465,ORD-002465,DC-15,AT_DOCK,Carrier-B,2026-08-14T19:24:00,
SHP-002466,ORD-002466,DC-18,DELAYED,Carrier-B,2026-09-01T20:17:00,
SHP-002467,ORD-002467,DC-18,DELAYED,Carrier-A,2026-08-10T06:04:00,
SHP-002468,ORD-002468,DC-01,AT_DOCK,Carrier-B,2026-09-05T03:00:00,
SHP-002469,ORD-002469,DC-12,BOOKED,Carrier-B,2026-08-23T16:47:00,2026-08-23T17:13:00
SHP-002470,ORD-002470,DC-06,DEPARTED,Carrier-B,2026-08-21T18:18:00,
SHP-002471,ORD-002471,DC-17,AT_DOCK,Carrier-D,2026-09-04T13:00:00,
SHP-002472,ORD-002472,DC-14,DEPARTED,Carrier-C,2026-08-26T01:48:00,
SHP-002473,ORD-002473,DC-05,BOOKED,Carrier-B,2026-08-04T05:06:00,
SHP-002474,ORD-002474,DC-02,AT_DOCK,Carrier-A,2026-08-13T02:46:00,2026-08-13T02:44:00
SHP-002475,ORD-002475,DC-08,PLANNED,Carrier-B,2026-08-05T02:27:00,
SHP-002476,ORD-002476,DC-14,DEPARTED,Carrier-C,2026-08-12T19:29:00,2026-08-12T19:55:00
SHP-002477,ORD-002477,DC-01,DEPARTED,Carrier-D,2026-08-31T03:27:00,2026-08-31T03:26:00
SHP-002478,ORD-002478,DC-18,DELAYED,Carrier-D,2026-08-03T06:17:00,2026-08-03T07:11:00
SHP-002479,ORD-002479,DC-11,DELAYED,Carrier-B,2026-08-28T08:13:00,2026-08-28T09:25:00
SHP-002480,ORD-002480,DC-13,DEPARTED,Carrier-C,2026-08-06T21:51:00,2026-08-06T22:16:00
SHP-002481,ORD-002481,DC-05,PLANNED,Carrier-A,2026-08-08T10:25:00,
SHP-002482,ORD-002482,DC-12,BOOKED,Carrier-C,2026-09-05T04:07:00,
SHP-002483,ORD-002483,DC-18,BOOKED,Carrier-C,2026-08-29T16:29:00,
SHP-002484,ORD-002484,DC-14,DELAYED,Carrier-B,2026-08-11T04:36:00,
SHP-002485,ORD-002485,DC-02,AT_DOCK,Carrier-D,2026-08-26T19:10:00,2026-08-26T20:19:00
SHP-002486,ORD-002486,DC-10,BOOKED,Carrier-B,2026-08-21T21:11:00,
SHP-002487,ORD-002487,DC-07,DELAYED,Carrier-B,2026-08-30T03:59:00,2026-08-30T04:13:00
SHP-002488,ORD-002488,DC-07,LOADED,Carrier-A,2026-08-03T14:36:00,
SHP-002489,ORD-002489,DC-06,LOADED,Carrier-C,2026-08-03T07:40:00,2026-08-03T08:09:00
SHP-002490,ORD-002490,DC-08,AT_DOCK,Carrier-A,2026-08-05T10:07:00,
SHP-002491,ORD-002491,DC-13,BOOKED,Carrier-D,2026-08-13T19:05:00,
SHP-002492,ORD-002492,DC-17,AT_DOCK,Carrier-B,2026-08-21T13:47:00,
SHP-002493,ORD-002493,DC-08,PLANNED,Carrier-A,2026-08-24T03:00:00,2026-08-24T03:05:00
SHP-002494,ORD-002494,DC-03,AT_DOCK,Carrier-A,2026-08-24T15:33:00,2026-08-24T16:01:00
SHP-002495,ORD-002495,DC-04,PLANNED,Carrier-C,2026-08-15T10:17:00,
SHP-002496,ORD-002496,DC-03,BOOKED,Carrier-A,2026-08-31T03:18:00,
SHP-002497,ORD-002497,DC-08,DELAYED,Carrier-A,2026-08-04T09:00:00,2026-08-04T09:56:00
SHP-002498,ORD-002498,DC-18,PLANNED,Carrier-B,2026-08-21T07:28:00,
SHP-002499,ORD-002499,DC-05,PLANNED,Carrier-A,2026-08-15T13:55:00,2026-08-15T14:37:00
SHP-002500,ORD-002500,DC-16,LOADED,Carrier-B,2026-08-19T17:02:00,
SHP-002501,ORD-002501,DC-17,DEPARTED,Carrier-B,2026-08-06T13:14:00,2026-08-06T13:28:00
SHP-002502,ORD-002502,DC-15,LOADED,Carrier-A,2026-08-18T02:22:00,2026-08-18T02:31:00
SHP-002503,ORD-002503,DC-08,DELAYED,Carrier-B,2026-08-20T00:34:00,
SHP-002504,ORD-002504,DC-01,AT_DOCK,Carrier-C,2026-08-30T08:49:00,
SHP-002505,ORD-002505,DC-01,LOADED,Carrier-B,2026-08-08T22:19:00,
SHP-002506,ORD-002506,DC-18,BOOKED,Carrier-C,2026-08-10T02:57:00,
SHP-002507,ORD-002507,DC-12,BOOKED,Carrier-C,2026-08-15T16:51:00,
SHP-002508,ORD-002508,DC-03,LOADED,Carrier-D,2026-08-26T15:18:00,
SHP-002509,ORD-002509,DC-13,DEPARTED,Carrier-A,2026-08-10T21:37:00,
SHP-002510,ORD-002510,DC-12,LOADED,Carrier-A,2026-08-03T04:04:00,2026-08-03T04:26:00
SHP-002511,ORD-002511,DC-14,BOOKED,Carrier-C,2026-08-29T19:10:00,2026-08-29T19:52:00
SHP-002512,ORD-002512,DC-16,AT_DOCK,Carrier-D,2026-08-21T22:16:00,
SHP-002513,ORD-002513,DC-15,BOOKED,Carrier-C,2026-09-02T09:53:00,2026-09-02T10:44:00
SHP-002514,ORD-002514,DC-05,PLANNED,Carrier-D,2026-08-16T02:12:00,
SHP-002515,ORD-002515,DC-06,DEPARTED,Carrier-B,2026-08-10T14:48:00,2026-08-10T14:40:00
SHP-002516,ORD-002516,DC-07,PLANNED,Carrier-C,2026-08-03T00:47:00,2026-08-03T00:48:00
SHP-002517,ORD-002517,DC-08,BOOKED,Carrier-D,2026-08-16T00:17:00,2026-08-16T00:40:00
SHP-002518,ORD-002518,DC-14,DEPARTED,Carrier-D,2026-08-08T04:12:00,
SHP-002519,ORD-002519,DC-01,PLANNED,Carrier-C,2026-08-02T06:57:00,2026-08-02T07:00:00
SHP-002520,ORD-002520,DC-17,LOADED,Carrier-D,2026-08-07T08:59:00,
SHP-002521,ORD-002521,DC-07,DEPARTED,Carrier-A,2026-08-21T16:24:00,
SHP-002522,ORD-002522,DC-03,AT_DOCK,Carrier-B,2026-08-19T16:47:00,2026-08-19T16:44:00
SHP-002523,ORD-002523,DC-08,LOADED,Carrier-A,2026-08-07T22:38:00,2026-08-07T23:09:00
SHP-002524,ORD-002524,DC-14,AT_DOCK,Carrier-B,2026-08-21T12:05:00,2026-08-21T12:49:00
SHP-002525,ORD-002525,DC-16,LOADED,Carrier-D,2026-08-29T21:46:00,
SHP-002526,ORD-002526,DC-04,LOADED,Carrier-D,2026-08-25T03:55:00,
SHP-002527,ORD-002527,DC-16,BOOKED,Carrier-D,2026-08-13T18:29:00,
SHP-002528,ORD-002528,DC-11,DELAYED,Carrier-C,2026-08-20T20:56:00,
SHP-002529,ORD-002529,DC-14,AT_DOCK,Carrier-D,2026-08-24T03:28:00,
SHP-002530,ORD-002530,DC-17,BOOKED,Carrier-B,2026-08-22T11:20:00,2026-08-22T12:22:00
SHP-002531,ORD-002531,DC-09,LOADED,Carrier-A,2026-08-04T12:24:00,2026-08-04T12:21:00
SHP-002532,ORD-002532,DC-14,DEPARTED,Carrier-C,2026-08-24T04:08:00,2026-08-24T05:11:00
SHP-002533,ORD-002533,DC-16,DELAYED,Carrier-C,2026-08-24T01:48:00,2026-08-24T02:01:00
SHP-002534,ORD-002534,DC-05,LOADED,Carrier-C,2026-08-04T20:38:00,
SHP-002535,ORD-002535,DC-04,LOADED,Carrier-D,2026-08-23T05:27:00,2026-08-23T05:07:00
SHP-002536,ORD-002536,DC-17,DELAYED,Carrier-A,2026-08-09T02:09:00,
SHP-002537,ORD-002537,DC-13,LOADED,Carrier-C,2026-08-23T11:59:00,2026-08-23T12:51:00
SHP-002538,ORD-002538,DC-10,LOADED,Carrier-A,2026-08-26T10:02:00,
SHP-002539,ORD-002539,DC-14,AT_DOCK,Carrier-B,2026-08-05T13:03:00,2026-08-05T13:13:00
SHP-002540,ORD-002540,DC-07,PLANNED,Carrier-A,2026-08-21T21:50:00,2026-08-21T22:12:00
SHP-002541,ORD-002541,DC-17,PLANNED,Carrier-C,2026-08-07T22:25:00,2026-08-07T23:30:00
SHP-002542,ORD-002542,DC-10,PLANNED,Carrier-A,2026-08-26T06:00:00,2026-08-26T06:18:00
SHP-002543,ORD-002543,DC-15,DEPARTED,Carrier-A,2026-08-30T03:49:00,2026-08-30T04:05:00
SHP-002544,ORD-002544,DC-09,DELAYED,Carrier-D,2026-08-23T07:12:00,2026-08-23T08:11:00
SHP-002545,ORD-002545,DC-06,AT_DOCK,Carrier-A,2026-08-07T03:47:00,2026-08-07T05:00:00
SHP-002546,ORD-002546,DC-15,AT_DOCK,Carrier-C,2026-08-30T04:35:00,2026-08-30T04:32:00
SHP-002547,ORD-002547,DC-06,PLANNED,Carrier-B,2026-08-03T07:53:00,2026-08-03T08:27:00
SHP-002548,ORD-002548,DC-12,DEPARTED,Carrier-A,2026-09-04T17:43:00,
SHP-002549,ORD-002549,DC-09,PLANNED,Carrier-A,2026-09-01T12:49:00,2026-09-01T12:32:00
SHP-002550,ORD-002550,DC-14,BOOKED,Carrier-D,2026-08-18T05:27:00,
SHP-002551,ORD-002551,DC-17,BOOKED,Carrier-A,2026-08-19T11:34:00,
SHP-002552,ORD-002552,DC-05,LOADED,Carrier-B,2026-08-10T17:56:00,
SHP-002553,ORD-002553,DC-06,PLANNED,Carrier-C,2026-08-30T08:03:00,
SHP-002554,ORD-002554,DC-09,BOOKED,Carrier-C,2026-08-03T13:28:00,
SHP-002555,ORD-002555,DC-16,DEPARTED,Carrier-A,2026-08-15T08:59:00,2026-08-15T09:51:00
SHP-002556,ORD-002556,DC-13,DELAYED,Carrier-D,2026-08-24T10:53:00,
SHP-002557,ORD-002557,DC-18,DELAYED,Carrier-D,2026-08-30T20:45:00,
SHP-002558,ORD-002558,DC-01,PLANNED,Carrier-D,2026-09-03T07:36:00,2026-09-03T07:25:00
SHP-002559,ORD-002559,DC-05,DEPARTED,Carrier-C,2026-08-04T05:03:00,
SHP-002560,ORD-002560,DC-04,DEPARTED,Carrier-D,2026-08-17T10:25:00,
SHP-002561,ORD-002561,DC-07,DELAYED,Carrier-D,2026-08-07T10:05:00,
SHP-002562,ORD-002562,DC-15,BOOKED,Carrier-A,2026-08-13T15:23:00,
SHP-002563,ORD-002563,DC-11,AT_DOCK,Carrier-A,2026-08-24T13:14:00,
SHP-002564,ORD-002564,DC-03,DEPARTED,Carrier-D,2026-08-23T07:15:00,
SHP-002565,ORD-002565,DC-04,DEPARTED,Carrier-D,2026-08-15T22:03:00,
SHP-002566,ORD-002566,DC-16,AT_DOCK,Carrier-A,2026-08-11T09:51:00,
SHP-002567,ORD-002567,DC-15,DELAYED,Carrier-D,2026-08-11T06:23:00,
SHP-002568,ORD-002568,DC-12,DEPARTED,Carrier-C,2026-09-03T00:57:00,
SHP-002569,ORD-002569,DC-10,BOOKED,Carrier-C,2026-08-29T16:35:00,
SHP-002570,ORD-002570,DC-15,BOOKED,Carrier-C,2026-08-03T00:49:00,
SHP-002571,ORD-002571,DC-17,DEPARTED,Carrier-C,2026-08-24T20:41:00,2026-08-24T20:37:00
SHP-002572,ORD-002572,DC-11,AT_DOCK,Carrier-B,2026-08-04T00:00:00,2026-08-04T00:30:00
SHP-002573,ORD-002573,DC-05,AT_DOCK,Carrier-A,2026-09-01T19:52:00,
SHP-002574,ORD-002574,DC-12,LOADED,Carrier-A,2026-08-16T09:08:00,
SHP-002575,ORD-002575,DC-05,BOOKED,Carrier-C,2026-08-25T20:46:00,2026-08-25T21:00:00
SHP-002576,ORD-002576,DC-05,PLANNED,Carrier-C,2026-09-05T12:29:00,
SHP-002577,ORD-002577,DC-01,LOADED,Carrier-D,2026-08-13T13:17:00,2026-08-13T13:44:00
SHP-002578,ORD-002578,DC-01,AT_DOCK,Carrier-C,2026-08-09T18:10:00,
SHP-002579,ORD-002579,DC-05,LOADED,Carrier-C,2026-08-18T23:06:00,
SHP-002580,ORD-002580,DC-10,BOOKED,Carrier-C,2026-08-20T12:47:00,
SHP-002581,ORD-002581,DC-08,DEPARTED,Carrier-D,2026-08-21T18:13:00,2026-08-21T18:30:00
SHP-002582,ORD-002582,DC-06,DEPARTED,Carrier-D,2026-08-13T13:23:00,2026-08-13T13:12:00
SHP-002583,ORD-002583,DC-13,BOOKED,Carrier-B,2026-08-13T00:32:00,2026-08-13T00:29:00
SHP-002584,ORD-002584,DC-04,PLANNED,Carrier-D,2026-08-22T20:00:00,2026-08-22T20:11:00
SHP-002585,ORD-002585,DC-17,PLANNED,Carrier-C,2026-08-30T20:25:00,
SHP-002586,ORD-002586,DC-06,BOOKED,Carrier-C,2026-08-23T13:32:00,2026-08-23T14:33:00
SHP-002587,ORD-002587,DC-03,PLANNED,Carrier-B,2026-08-24T14:43:00,2026-08-24T15:37:00
SHP-002588,ORD-002588,DC-13,BOOKED,Carrier-A,2026-08-25T00:44:00,
SHP-002589,ORD-002589,DC-10,AT_DOCK,Carrier-D,2026-08-27T20:56:00,2026-08-27T21:54:00
SHP-002590,ORD-002590,DC-03,DEPARTED,Carrier-D,2026-08-12T07:50:00,
SHP-002591,ORD-002591,DC-03,AT_DOCK,Carrier-B,2026-08-05T20:55:00,2026-08-05T21:49:00
SHP-002592,ORD-002592,DC-16,DEPARTED,Carrier-D,2026-08-26T07:55:00,2026-08-26T08:44:00
SHP-002593,ORD-002593,DC-04,PLANNED,Carrier-B,2026-09-01T02:19:00,2026-09-01T02:31:00
SHP-002594,ORD-002594,DC-03,AT_DOCK,Carrier-C,2026-08-04T02:35:00,2026-08-04T03:35:00
SHP-002595,ORD-002595,DC-16,DEPARTED,Carrier-D,2026-08-01T22:30:00,2026-08-01T22:25:00
SHP-002596,ORD-002596,DC-12,AT_DOCK,Carrier-C,2026-08-18T23:36:00,
SHP-002597,ORD-002597,DC-10,DELAYED,Carrier-C,2026-08-03T15:08:00,
SHP-002598,ORD-002598,DC-02,DELAYED,Carrier-D,2026-08-02T19:42:00,
SHP-002599,ORD-002599,DC-05,DELAYED,Carrier-D,2026-08-20T10:10:00,2026-08-20T10:04:00
SHP-002600,ORD-002600,DC-05,PLANNED,Carrier-B,2026-08-23T00:41:00,2026-08-23T01:26:00
SHP-002601,ORD-002601,DC-12,PLANNED,Carrier-A,2026-08-28T03:03:00,
SHP-002602,ORD-002602,DC-11,PLANNED,Carrier-D,2026-08-12T00:32:00,
SHP-002603,ORD-002603,DC-13,DELAYED,Carrier-D,2026-08-27T20:46:00,
SHP-002604,ORD-002604,DC-11,PLANNED,Carrier-B,2026-09-05T02:34:00,2026-09-05T02:58:00
SHP-002605,ORD-002605,DC-13,PLANNED,Carrier-A,2026-08-22T23:12:00,2026-08-22T23:45:00
SHP-002606,ORD-002606,DC-03,LOADED,Carrier-D,2026-08-02T12:02:00,
SHP-002607,ORD-002607,DC-17,DELAYED,Carrier-C,2026-08-02T11:54:00,2026-08-02T13:01:00
SHP-002608,ORD-002608,DC-02,PLANNED,Carrier-B,2026-08-30T03:23:00,2026-08-30T03:46:00
SHP-002609,ORD-002609,DC-05,PLANNED,Carrier-A,2026-08-20T03:21:00,
SHP-002610,ORD-002610,DC-07,BOOKED,Carrier-B,2026-08-19T05:32:00,
SHP-002611,ORD-002611,DC-13,LOADED,Carrier-D,2026-09-02T21:34:00,2026-09-02T22:07:00
SHP-002612,ORD-002612,DC-01,AT_DOCK,Carrier-D,2026-08-20T06:56:00,
SHP-002613,ORD-002613,DC-01,PLANNED,Carrier-B,2026-09-05T08:33:00,
SHP-002614,ORD-002614,DC-04,DEPARTED,Carrier-A,2026-08-12T00:56:00,
SHP-002615,ORD-002615,DC-12,LOADED,Carrier-C,2026-08-17T10:58:00,
SHP-002616,ORD-002616,DC-03,DELAYED,Carrier-A,2026-09-01T01:59:00,
SHP-002617,ORD-002617,DC-18,LOADED,Carrier-C,2026-08-17T23:45:00,2026-08-18T00:32:00
SHP-002618,ORD-002618,DC-16,DELAYED,Carrier-B,2026-08-27T00:01:00,
SHP-002619,ORD-002619,DC-10,BOOKED,Carrier-C,2026-08-09T07:10:00,
SHP-002620,ORD-002620,DC-14,AT_DOCK,Carrier-D,2026-08-14T17:08:00,2026-08-14T16:49:00
SHP-002621,ORD-002621,DC-07,BOOKED,Carrier-B,2026-08-02T07:08:00,
SHP-002622,ORD-002622,DC-07,PLANNED,Carrier-D,2026-08-05T20:28:00,2026-08-05T20:25:00
SHP-002623,ORD-002623,DC-12,PLANNED,Carrier-D,2026-08-13T01:57:00,2026-08-13T03:00:00
SHP-002624,ORD-002624,DC-12,BOOKED,Carrier-C,2026-08-06T23:47:00,
SHP-002625,ORD-002625,DC-06,BOOKED,Carrier-A,2026-08-10T06:36:00,2026-08-10T07:26:00
SHP-002626,ORD-002626,DC-01,LOADED,Carrier-A,2026-08-17T16:08:00,
SHP-002627,ORD-002627,DC-03,PLANNED,Carrier-C,2026-08-24T16:29:00,2026-08-24T17:18:00
SHP-002628,ORD-002628,DC-06,PLANNED,Carrier-B,2026-08-05T06:42:00,2026-08-05T07:48:00
SHP-002629,ORD-002629,DC-14,AT_DOCK,Carrier-C,2026-08-03T16:36:00,
SHP-002630,ORD-002630,DC-14,LOADED,Carrier-D,2026-09-01T03:23:00,
SHP-002631,ORD-002631,DC-13,DEPARTED,Carrier-C,2026-08-21T07:43:00,2026-08-21T08:06:00
SHP-002632,ORD-002632,DC-02,DEPARTED,Carrier-A,2026-08-21T16:13:00,
SHP-002633,ORD-002633,DC-18,LOADED,Carrier-B,2026-09-01T14:50:00,
SHP-002634,ORD-002634,DC-12,AT_DOCK,Carrier-D,2026-08-16T21:22:00,
SHP-002635,ORD-002635,DC-06,PLANNED,Carrier-C,2026-08-06T09:20:00,2026-08-06T09:37:00
SHP-002636,ORD-002636,DC-07,PLANNED,Carrier-B,2026-08-28T21:46:00,2026-08-28T21:51:00
SHP-002637,ORD-002637,DC-13,AT_DOCK,Carrier-B,2026-08-25T21:27:00,
SHP-002638,ORD-002638,DC-17,DEPARTED,Carrier-B,2026-08-25T10:21:00,
SHP-002639,ORD-002639,DC-13,AT_DOCK,Carrier-A,2026-08-28T10:17:00,
SHP-002640,ORD-002640,DC-09,BOOKED,Carrier-A,2026-08-25T20:38:00,
SHP-002641,ORD-002641,DC-13,PLANNED,Carrier-A,2026-08-31T19:15:00,
SHP-002642,ORD-002642,DC-07,PLANNED,Carrier-B,2026-08-23T18:27:00,2026-08-23T18:16:00
SHP-002643,ORD-002643,DC-10,PLANNED,Carrier-C,2026-08-24T15:51:00,2026-08-24T15:44:00
SHP-002644,ORD-002644,DC-11,DELAYED,Carrier-B,2026-08-31T22:47:00,2026-08-31T22:44:00
SHP-002645,ORD-002645,DC-03,LOADED,Carrier-B,2026-09-05T10:32:00,
SHP-002646,ORD-002646,DC-03,AT_DOCK,Carrier-B,2026-08-09T00:04:00,
SHP-002647,ORD-002647,DC-06,DEPARTED,Carrier-D,2026-08-12T07:31:00,
SHP-002648,ORD-002648,DC-07,LOADED,Carrier-B,2026-08-03T18:55:00,
SHP-002649,ORD-002649,DC-02,PLANNED,Carrier-B,2026-08-05T06:29:00,2026-08-05T06:23:00
SHP-002650,ORD-002650,DC-06,PLANNED,Carrier-C,2026-08-16T22:54:00,
SHP-002651,ORD-002651,DC-09,AT_DOCK,Carrier-D,2026-08-30T21:04:00,
SHP-002652,ORD-002652,DC-02,AT_DOCK,Carrier-B,2026-08-21T20:11:00,
SHP-002653,ORD-002653,DC-15,PLANNED,Carrier-C,2026-08-10T14:29:00,
SHP-002654,ORD-002654,DC-11,DEPARTED,Carrier-A,2026-08-30T20:38:00,2026-08-30T21:02:00
SHP-002655,ORD-002655,DC-11,PLANNED,Carrier-D,2026-08-20T01:45:00,2026-08-20T02:38:00
SHP-002656,ORD-002656,DC-13,AT_DOCK,Carrier-C,2026-08-23T05:02:00,2026-08-23T05:13:00
SHP-002657,ORD-002657,DC-18,BOOKED,Carrier-B,2026-08-13T09:03:00,
SHP-002658,ORD-002658,DC-02,AT_DOCK,Carrier-D,2026-09-02T02:10:00,2026-09-02T02:13:00
SHP-002659,ORD-002659,DC-15,LOADED,Carrier-B,2026-08-24T03:35:00,
SHP-002660,ORD-002660,DC-15,PLANNED,Carrier-C,2026-08-24T15:07:00,
SHP-002661,ORD-002661,DC-16,DELAYED,Carrier-B,2026-09-05T07:28:00,
SHP-002662,ORD-002662,DC-14,BOOKED,Carrier-A,2026-08-19T00:45:00,2026-08-19T01:22:00
SHP-002663,ORD-002663,DC-02,LOADED,Carrier-D,2026-08-07T03:09:00,2026-08-07T03:01:00
SHP-002664,ORD-002664,DC-03,DELAYED,Carrier-D,2026-08-13T00:01:00,
SHP-002665,ORD-002665,DC-04,LOADED,Carrier-A,2026-08-29T21:09:00,
SHP-002666,ORD-002666,DC-09,BOOKED,Carrier-D,2026-08-22T12:41:00,
SHP-002667,ORD-002667,DC-05,DEPARTED,Carrier-C,2026-08-22T23:48:00,2026-08-23T00:12:00
SHP-002668,ORD-002668,DC-10,BOOKED,Carrier-B,2026-08-21T01:40:00,
SHP-002669,ORD-002669,DC-01,DEPARTED,Carrier-C,2026-08-16T14:21:00,
SHP-002670,ORD-002670,DC-13,LOADED,Carrier-B,2026-08-04T04:52:00,2026-08-04T05:48:00
SHP-002671,ORD-002671,DC-05,PLANNED,Carrier-A,2026-09-04T10:55:00,2026-09-04T11:51:00
SHP-002672,ORD-002672,DC-15,DELAYED,Carrier-D,2026-08-05T02:37:00,
SHP-002673,ORD-002673,DC-07,AT_DOCK,Carrier-A,2026-08-15T00:25:00,2026-08-15T00:44:00
SHP-002674,ORD-002674,DC-03,DEPARTED,Carrier-B,2026-08-02T20:28:00,
SHP-002675,ORD-002675,DC-05,PLANNED,Carrier-A,2026-08-07T02:59:00,
SHP-002676,ORD-002676,DC-04,LOADED,Carrier-C,2026-08-28T17:05:00,2026-08-28T17:48:00
SHP-002677,ORD-002677,DC-03,AT_DOCK,Carrier-A,2026-08-11T11:43:00,
SHP-002678,ORD-002678,DC-01,AT_DOCK,Carrier-C,2026-08-25T16:26:00,
SHP-002679,ORD-002679,DC-12,AT_DOCK,Carrier-B,2026-08-25T21:28:00,
SHP-002680,ORD-002680,DC-11,AT_DOCK,Carrier-B,2026-08-03T06:47:00,
SHP-002681,ORD-002681,DC-08,BOOKED,Carrier-B,2026-08-10T12:08:00,2026-08-10T12:40:00
SHP-002682,ORD-002682,DC-13,PLANNED,Carrier-D,2026-09-04T16:10:00,
SHP-002683,ORD-002683,DC-05,DELAYED,Carrier-A,2026-08-07T19:23:00,
SHP-002684,ORD-002684,DC-02,AT_DOCK,Carrier-B,2026-08-17T21:45:00,2026-08-17T21:45:00
SHP-002685,ORD-002685,DC-10,DELAYED,Carrier-B,2026-09-05T08:21:00,
SHP-002686,ORD-002686,DC-01,PLANNED,Carrier-A,2026-08-18T00:31:00,
SHP-002687,ORD-002687,DC-15,DEPARTED,Carrier-B,2026-08-12T18:48:00,
SHP-002688,ORD-002688,DC-13,LOADED,Carrier-D,2026-08-06T04:35:00,2026-08-06T04:44:00
SHP-002689,ORD-002689,DC-07,BOOKED,Carrier-A,2026-08-02T09:02:00,2026-08-02T09:56:00
SHP-002690,ORD-002690,DC-13,DEPARTED,Carrier-B,2026-09-05T02:45:00,2026-09-05T03:37:00
SHP-002691,ORD-002691,DC-16,DELAYED,Carrier-D,2026-08-24T20:00:00,
SHP-002692,ORD-002692,DC-14,DEPARTED,Carrier-D,2026-08-25T17:36:00,
SHP-002693,ORD-002693,DC-07,DEPARTED,Carrier-D,2026-08-02T06:50:00,2026-08-02T06:43:00
SHP-002694,ORD-002694,DC-03,PLANNED,Carrier-C,2026-08-26T14:21:00,
SHP-002695,ORD-002695,DC-13,DELAYED,Carrier-C,2026-08-06T05:07:00,
SHP-002696,ORD-002696,DC-11,DEPARTED,Carrier-A,2026-08-12T08:35:00,2026-08-12T08:38:00
SHP-002697,ORD-002697,DC-17,DELAYED,Carrier-C,2026-08-01T16:03:00,
SHP-002698,ORD-002698,DC-06,LOADED,Carrier-A,2026-08-28T15:47:00,
SHP-002699,ORD-002699,DC-08,LOADED,Carrier-D,2026-08-07T01:04:00,
SHP-002700,ORD-002700,DC-11,AT_DOCK,Carrier-D,2026-08-03T05:46:00,
SHP-002701,ORD-002701,DC-16,PLANNED,Carrier-B,2026-08-26T08:09:00,2026-08-26T08:39:00
SHP-002702,ORD-002702,DC-12,DELAYED,Carrier-B,2026-09-02T20:14:00,2026-09-02T21:04:00
SHP-002703,ORD-002703,DC-05,LOADED,Carrier-D,2026-08-31T02:56:00,
SHP-002704,ORD-002704,DC-07,DELAYED,Carrier-A,2026-08-19T23:15:00,2026-08-20T00:04:00
SHP-002705,ORD-002705,DC-05,DEPARTED,Carrier-D,2026-08-04T10:49:00,2026-08-04T12:04:00
SHP-002706,ORD-002706,DC-17,LOADED,Carrier-C,2026-08-31T17:21:00,2026-08-31T18:08:00
SHP-002707,ORD-002707,DC-11,LOADED,Carrier-B,2026-08-08T19:50:00,
SHP-002708,ORD-002708,DC-08,LOADED,Carrier-D,2026-08-31T07:02:00,2026-08-31T06:59:00
SHP-002709,ORD-002709,DC-04,LOADED,Carrier-B,2026-08-06T12:09:00,2026-08-06T12:44:00
SHP-002710,ORD-002710,DC-08,DEPARTED,Carrier-D,2026-08-04T07:08:00,
SHP-002711,ORD-002711,DC-06,AT_DOCK,Carrier-A,2026-08-22T04:09:00,2026-08-22T05:18:00
SHP-002712,ORD-002712,DC-07,PLANNED,Carrier-B,2026-08-05T05:02:00,2026-08-05T05:13:00
SHP-002713,ORD-002713,DC-15,LOADED,Carrier-A,2026-08-11T18:06:00,
SHP-002714,ORD-002714,DC-11,LOADED,Carrier-B,2026-08-05T12:42:00,
SHP-002715,ORD-002715,DC-02,LOADED,Carrier-D,2026-08-21T19:06:00,
SHP-002716,ORD-002716,DC-04,LOADED,Carrier-D,2026-08-28T16:06:00,
SHP-002717,ORD-002717,DC-07,PLANNED,Carrier-D,2026-08-17T12:29:00,
SHP-002718,ORD-002718,DC-07,DEPARTED,Carrier-A,2026-08-18T00:23:00,
SHP-002719,ORD-002719,DC-08,PLANNED,Carrier-A,2026-08-11T10:04:00,
SHP-002720,ORD-002720,DC-01,PLANNED,Carrier-A,2026-08-25T13:54:00,2026-08-25T14:30:00
SHP-002721,ORD-002721,DC-18,BOOKED,Carrier-C,2026-08-13T07:53:00,
SHP-002722,ORD-002722,DC-16,DELAYED,Carrier-D,2026-08-28T22:25:00,2026-08-28T23:29:00
SHP-002723,ORD-002723,DC-14,AT_DOCK,Carrier-A,2026-08-26T01:04:00,
SHP-002724,ORD-002724,DC-17,AT_DOCK,Carrier-D,2026-08-26T12:13:00,2026-08-26T12:53:00
SHP-002725,ORD-002725,DC-01,AT_DOCK,Carrier-B,2026-08-06T02:06:00,
SHP-002726,ORD-002726,DC-16,AT_DOCK,Carrier-C,2026-08-30T06:09:00,
SHP-002727,ORD-002727,DC-07,AT_DOCK,Carrier-D,2026-09-02T08:24:00,
SHP-002728,ORD-002728,DC-04,DEPARTED,Carrier-B,2026-08-12T01:32:00,2026-08-12T02:03:00
SHP-002729,ORD-002729,DC-16,BOOKED,Carrier-B,2026-08-31T12:26:00,
SHP-002730,ORD-002730,DC-13,DEPARTED,Carrier-D,2026-08-21T14:55:00,
SHP-002731,ORD-002731,DC-03,DEPARTED,Carrier-D,2026-08-30T02:34:00,2026-08-30T03:16:00
SHP-002732,ORD-002732,DC-16,DELAYED,Carrier-C,2026-09-05T05:26:00,
SHP-002733,ORD-002733,DC-13,DELAYED,Carrier-C,2026-08-26T15:42:00,
SHP-002734,ORD-002734,DC-04,DELAYED,Carrier-A,2026-08-12T04:04:00,2026-08-12T04:28:00
SHP-002735,ORD-002735,DC-07,DELAYED,Carrier-A,2026-08-29T21:15:00,2026-08-29T22:01:00
SHP-002736,ORD-002736,DC-15,DELAYED,Carrier-B,2026-09-03T03:31:00,
SHP-002737,ORD-002737,DC-02,DELAYED,Carrier-C,2026-09-01T07:04:00,
SHP-002738,ORD-002738,DC-16,BOOKED,Carrier-C,2026-08-31T05:50:00,2026-08-31T06:20:00
SHP-002739,ORD-002739,DC-13,DEPARTED,Carrier-C,2026-08-24T16:58:00,
SHP-002740,ORD-002740,DC-03,AT_DOCK,Carrier-C,2026-09-01T09:12:00,
SHP-002741,ORD-002741,DC-09,DEPARTED,Carrier-D,2026-08-25T03:27:00,2026-08-25T03:54:00
SHP-002742,ORD-002742,DC-04,LOADED,Carrier-B,2026-09-05T06:13:00,2026-09-05T06:05:00
SHP-002743,ORD-002743,DC-07,DEPARTED,Carrier-C,2026-08-18T19:20:00,2026-08-18T19:00:00
SHP-002744,ORD-002744,DC-06,DEPARTED,Carrier-A,2026-08-25T15:42:00,2026-08-25T16:13:00
SHP-002745,ORD-002745,DC-17,DEPARTED,Carrier-A,2026-08-30T22:09:00,
SHP-002746,ORD-002746,DC-18,PLANNED,Carrier-C,2026-08-25T01:36:00,2026-08-25T02:30:00
SHP-002747,ORD-002747,DC-11,LOADED,Carrier-C,2026-08-24T13:36:00,2026-08-24T13:20:00
SHP-002748,ORD-002748,DC-18,BOOKED,Carrier-C,2026-09-03T21:10:00,
SHP-002749,ORD-002749,DC-15,BOOKED,Carrier-B,2026-08-06T18:23:00,2026-08-06T18:03:00
SHP-002750,ORD-002750,DC-06,PLANNED,Carrier-D,2026-08-24T05:23:00,
SHP-002751,ORD-002751,DC-03,AT_DOCK,Carrier-B,2026-09-03T16:37:00,2026-09-03T17:21:00
SHP-002752,ORD-002752,DC-17,PLANNED,Carrier-D,2026-08-31T21:48:00,
SHP-002753,ORD-002753,DC-04,LOADED,Carrier-B,2026-09-05T00:47:00,
SHP-002754,ORD-002754,DC-17,PLANNED,Carrier-A,2026-09-02T09:58:00,
SHP-002755,ORD-002755,DC-08,AT_DOCK,Carrier-B,2026-08-25T18:47:00,
SHP-002756,ORD-002756,DC-05,DEPARTED,Carrier-B,2026-08-07T02:14:00,
SHP-002757,ORD-002757,DC-11,AT_DOCK,Carrier-B,2026-08-19T20:12:00,
SHP-002758,ORD-002758,DC-07,DEPARTED,Carrier-D,2026-08-17T19:08:00,2026-08-17T19:13:00
SHP-002759,ORD-002759,DC-16,LOADED,Carrier-B,2026-08-27T12:00:00,2026-08-27T12:55:00
SHP-002760,ORD-002760,DC-04,LOADED,Carrier-A,2026-08-01T14:46:00,2026-08-01T14:39:00
SHP-002761,ORD-002761,DC-07,DELAYED,Carrier-D,2026-09-01T13:12:00,2026-09-01T14:21:00
SHP-002762,ORD-002762,DC-09,DELAYED,Carrier-A,2026-08-27T21:55:00,2026-08-27T22:53:00
SHP-002763,ORD-002763,DC-15,DELAYED,Carrier-B,2026-08-12T14:15:00,2026-08-12T14:14:00
SHP-002764,ORD-002764,DC-17,LOADED,Carrier-D,2026-08-06T04:03:00,2026-08-06T04:26:00
SHP-002765,ORD-002765,DC-08,AT_DOCK,Carrier-D,2026-08-13T08:53:00,2026-08-13T09:04:00
SHP-002766,ORD-002766,DC-03,PLANNED,Carrier-A,2026-08-06T17:19:00,2026-08-06T17:35:00
SHP-002767,ORD-002767,DC-08,BOOKED,Carrier-D,2026-09-05T00:46:00,2026-09-05T01:48:00
SHP-002768,ORD-002768,DC-08,PLANNED,Carrier-D,2026-08-14T08:43:00,
SHP-002769,ORD-002769,DC-02,DELAYED,Carrier-C,2026-09-04T13:00:00,2026-09-04T12:56:00
SHP-002770,ORD-002770,DC-15,DEPARTED,Carrier-D,2026-08-29T17:38:00,
SHP-002771,ORD-002771,DC-05,DELAYED,Carrier-A,2026-08-13T11:04:00,2026-08-13T10:48:00
SHP-002772,ORD-002772,DC-03,AT_DOCK,Carrier-C,2026-09-02T09:29:00,
SHP-002773,ORD-002773,DC-10,LOADED,Carrier-D,2026-09-05T14:25:00,2026-09-05T15:31:00
SHP-002774,ORD-002774,DC-12,DEPARTED,Carrier-B,2026-08-08T21:44:00,2026-08-08T21:47:00
SHP-002775,ORD-002775,DC-05,DEPARTED,Carrier-C,2026-08-15T21:24:00,2026-08-15T21:58:00
SHP-002776,ORD-002776,DC-05,DELAYED,Carrier-B,2026-09-05T11:59:00,2026-09-05T12:23:00
SHP-002777,ORD-002777,DC-08,DELAYED,Carrier-C,2026-09-04T20:40:00,
SHP-002778,ORD-002778,DC-14,DEPARTED,Carrier-A,2026-08-29T21:13:00,
SHP-002779,ORD-002779,DC-05,LOADED,Carrier-C,2026-08-10T11:11:00,2026-08-10T12:25:00
SHP-002780,ORD-002780,DC-18,DEPARTED,Carrier-A,2026-08-24T08:20:00,
SHP-002781,ORD-002781,DC-13,PLANNED,Carrier-C,2026-09-01T11:30:00,2026-09-01T11:20:00
SHP-002782,ORD-002782,DC-01,LOADED,Carrier-D,2026-08-08T23:45:00,
SHP-002783,ORD-002783,DC-08,BOOKED,Carrier-B,2026-08-31T01:47:00,2026-08-31T02:35:00
SHP-002784,ORD-002784,DC-10,PLANNED,Carrier-D,2026-08-04T20:01:00,2026-08-04T21:07:00
SHP-002785,ORD-002785,DC-03,LOADED,Carrier-A,2026-09-01T20:52:00,
SHP-002786,ORD-002786,DC-12,BOOKED,Carrier-B,2026-08-05T02:57:00,2026-08-05T03:56:00
SHP-002787,ORD-002787,DC-05,LOADED,Carrier-A,2026-08-28T08:43:00,
SHP-002788,ORD-002788,DC-11,LOADED,Carrier-D,2026-08-28T19:42:00,
SHP-002789,ORD-002789,DC-16,BOOKED,Carrier-D,2026-09-01T07:29:00,2026-09-01T08:11:00
SHP-002790,ORD-002790,DC-02,LOADED,Carrier-D,2026-09-03T00:10:00,2026-09-02T23:57:00
SHP-002791,ORD-002791,DC-05,LOADED,Carrier-C,2026-08-04T01:12:00,
SHP-002792,ORD-002792,DC-08,PLANNED,Carrier-B,2026-08-18T22:03:00,2026-08-18T23:10:00
SHP-002793,ORD-002793,DC-07,BOOKED,Carrier-D,2026-08-19T18:44:00,2026-08-19T19:17:00
SHP-002794,ORD-002794,DC-01,BOOKED,Carrier-C,2026-08-12T17:35:00,
SHP-002795,ORD-002795,DC-12,DEPARTED,Carrier-D,2026-08-16T23:28:00,
SHP-002796,ORD-002796,DC-11,PLANNED,Carrier-A,2026-08-03T19:40:00,
SHP-002797,ORD-002797,DC-10,LOADED,Carrier-B,2026-08-30T17:29:00,2026-08-30T18:42:00
SHP-002798,ORD-002798,DC-03,DELAYED,Carrier-D,2026-08-02T21:59:00,2026-08-02T22:46:00
SHP-002799,ORD-002799,DC-03,DEPARTED,Carrier-B,2026-09-03T06:31:00,2026-09-03T07:01:00
SHP-002800,ORD-002800,DC-12,DEPARTED,Carrier-B,2026-08-03T19:27:00,2026-08-03T19:42:00
SHP-002801,ORD-002801,DC-07,PLANNED,Carrier-C,2026-09-03T10:39:00,
SHP-002802,ORD-002802,DC-06,BOOKED,Carrier-A,2026-09-03T05:34:00,2026-09-03T05:46:00
SHP-002803,ORD-002803,DC-17,LOADED,Carrier-D,2026-08-12T06:54:00,
SHP-002804,ORD-002804,DC-14,PLANNED,Carrier-D,2026-08-21T00:14:00,
SHP-002805,ORD-002805,DC-08,AT_DOCK,Carrier-C,2026-08-09T22:30:00,
SHP-002806,ORD-002806,DC-05,DEPARTED,Carrier-B,2026-08-13T22:36:00,2026-08-13T23:32:00
SHP-002807,ORD-002807,DC-04,DELAYED,Carrier-B,2026-09-04T08:25:00,
SHP-002808,ORD-002808,DC-12,DEPARTED,Carrier-A,2026-08-11T02:35:00,
SHP-002809,ORD-002809,DC-08,DELAYED,Carrier-B,2026-08-10T20:45:00,
SHP-002810,ORD-002810,DC-04,LOADED,Carrier-A,2026-08-08T15:52:00,
SHP-002811,ORD-002811,DC-03,BOOKED,Carrier-C,2026-08-20T23:53:00,
SHP-002812,ORD-002812,DC-13,AT_DOCK,Carrier-C,2026-08-22T04:14:00,2026-08-22T05:04:00
SHP-002813,ORD-002813,DC-08,DEPARTED,Carrier-C,2026-08-12T12:23:00,
SHP-002814,ORD-002814,DC-08,DELAYED,Carrier-D,2026-08-02T15:43:00,
SHP-002815,ORD-002815,DC-10,AT_DOCK,Carrier-C,2026-08-25T14:16:00,
SHP-002816,ORD-002816,DC-07,PLANNED,Carrier-B,2026-08-08T14:29:00,2026-08-08T14:50:00
SHP-002817,ORD-002817,DC-15,AT_DOCK,Carrier-D,2026-08-18T08:08:00,2026-08-18T09:15:00
SHP-002818,ORD-002818,DC-04,BOOKED,Carrier-D,2026-08-22T04:34:00,
SHP-002819,ORD-002819,DC-16,AT_DOCK,Carrier-B,2026-08-02T07:22:00,
SHP-002820,ORD-002820,DC-01,AT_DOCK,Carrier-A,2026-08-30T11:40:00,
SHP-002821,ORD-002821,DC-14,LOADED,Carrier-D,2026-09-01T20:22:00,2026-09-01T21:29:00
SHP-002822,ORD-002822,DC-09,AT_DOCK,Carrier-B,2026-08-07T05:06:00,2026-08-07T05:26:00
SHP-002823,ORD-002823,DC-17,LOADED,Carrier-D,2026-08-28T06:47:00,
SHP-002824,ORD-002824,DC-10,DEPARTED,Carrier-D,2026-08-07T01:28:00,
SHP-002825,ORD-002825,DC-01,DEPARTED,Carrier-C,2026-08-06T18:18:00,
SHP-002826,ORD-002826,DC-10,BOOKED,Carrier-D,2026-08-04T22:47:00,
SHP-002827,ORD-002827,DC-05,DEPARTED,Carrier-B,2026-08-28T07:16:00,
SHP-002828,ORD-002828,DC-08,BOOKED,Carrier-A,2026-08-19T22:56:00,
SHP-002829,ORD-002829,DC-16,AT_DOCK,Carrier-A,2026-08-31T18:23:00,2026-08-31T18:20:00
SHP-002830,ORD-002830,DC-11,BOOKED,Carrier-D,2026-08-18T05:19:00,
SHP-002831,ORD-002831,DC-11,AT_DOCK,Carrier-B,2026-09-05T05:53:00,2026-09-05T06:55:00
SHP-002832,ORD-002832,DC-17,AT_DOCK,Carrier-D,2026-08-28T17:49:00,2026-08-28T18:06:00
SHP-002833,ORD-002833,DC-13,DELAYED,Carrier-D,2026-08-19T18:30:00,
SHP-002834,ORD-002834,DC-14,DELAYED,Carrier-D,2026-08-14T22:44:00,
SHP-002835,ORD-002835,DC-07,DELAYED,Carrier-C,2026-09-02T13:48:00,
SHP-002836,ORD-002836,DC-07,LOADED,Carrier-C,2026-08-10T00:22:00,
SHP-002837,ORD-002837,DC-06,PLANNED,Carrier-C,2026-08-16T17:56:00,2026-08-16T18:27:00
SHP-002838,ORD-002838,DC-05,LOADED,Carrier-C,2026-08-24T20:38:00,2026-08-24T20:58:00
SHP-002839,ORD-002839,DC-15,PLANNED,Carrier-D,2026-08-18T22:15:00,
SHP-002840,ORD-002840,DC-16,AT_DOCK,Carrier-B,2026-09-04T00:09:00,2026-09-04T00:09:00
SHP-002841,ORD-002841,DC-02,DEPARTED,Carrier-C,2026-08-16T00:49:00,2026-08-16T01:34:00
SHP-002842,ORD-002842,DC-15,LOADED,Carrier-B,2026-08-28T23:33:00,
SHP-002843,ORD-002843,DC-01,LOADED,Carrier-C,2026-08-20T23:35:00,2026-08-21T00:06:00
SHP-002844,ORD-002844,DC-10,LOADED,Carrier-C,2026-08-29T03:10:00,
SHP-002845,ORD-002845,DC-02,AT_DOCK,Carrier-B,2026-08-26T14:35:00,
SHP-002846,ORD-002846,DC-07,DEPARTED,Carrier-D,2026-08-23T23:39:00,
SHP-002847,ORD-002847,DC-06,BOOKED,Carrier-A,2026-08-29T15:19:00,2026-08-29T16:02:00
SHP-002848,ORD-002848,DC-12,PLANNED,Carrier-A,2026-08-23T09:08:00,
SHP-002849,ORD-002849,DC-11,AT_DOCK,Carrier-D,2026-09-03T20:28:00,2026-09-03T21:02:00
SHP-002850,ORD-002850,DC-10,BOOKED,Carrier-B,2026-09-04T15:50:00,2026-09-04T16:44:00
SHP-002851,ORD-002851,DC-05,PLANNED,Carrier-C,2026-08-04T09:26:00,
SHP-002852,ORD-002852,DC-10,PLANNED,Carrier-D,2026-08-24T22:16:00,
SHP-002853,ORD-002853,DC-18,DEPARTED,Carrier-C,2026-08-13T01:51:00,2026-08-13T02:23:00
SHP-002854,ORD-002854,DC-17,DEPARTED,Carrier-D,2026-08-01T19:57:00,
SHP-002855,ORD-002855,DC-01,DEPARTED,Carrier-A,2026-08-11T08:52:00,2026-08-11T09:25:00
SHP-002856,ORD-002856,DC-04,BOOKED,Carrier-C,2026-09-04T12:07:00,
SHP-002857,ORD-002857,DC-05,LOADED,Carrier-B,2026-08-29T09:56:00,2026-08-29T09:47:00
SHP-002858,ORD-002858,DC-03,DELAYED,Carrier-C,2026-08-25T01:16:00,2026-08-25T01:31:00
SHP-002859,ORD-002859,DC-18,DELAYED,Carrier-B,2026-08-28T09:15:00,
SHP-002860,ORD-002860,DC-16,DELAYED,Carrier-A,2026-08-25T22:31:00,2026-08-25T22:28:00
SHP-002861,ORD-002861,DC-14,AT_DOCK,Carrier-D,2026-08-31T23:48:00,
SHP-002862,ORD-002862,DC-12,DELAYED,Carrier-C,2026-08-02T12:41:00,
SHP-002863,ORD-002863,DC-18,BOOKED,Carrier-D,2026-08-28T23:44:00,
SHP-002864,ORD-002864,DC-04,BOOKED,Carrier-D,2026-08-12T04:50:00,
SHP-002865,ORD-002865,DC-03,DEPARTED,Carrier-B,2026-08-18T16:45:00,
SHP-002866,ORD-002866,DC-17,LOADED,Carrier-D,2026-08-22T09:00:00,
SHP-002867,ORD-002867,DC-18,BOOKED,Carrier-D,2026-08-18T02:13:00,
SHP-002868,ORD-002868,DC-12,PLANNED,Carrier-D,2026-08-17T15:21:00,2026-08-17T15:01:00
SHP-002869,ORD-002869,DC-16,DELAYED,Carrier-D,2026-08-05T18:38:00,
SHP-002870,ORD-002870,DC-07,AT_DOCK,Carrier-D,2026-08-06T21:03:00,
SHP-002871,ORD-002871,DC-08,BOOKED,Carrier-B,2026-08-25T07:09:00,
SHP-002872,ORD-002872,DC-05,DELAYED,Carrier-C,2026-08-08T05:24:00,
SHP-002873,ORD-002873,DC-07,AT_DOCK,Carrier-C,2026-08-14T08:43:00,
SHP-002874,ORD-002874,DC-12,DEPARTED,Carrier-C,2026-08-23T16:39:00,2026-08-23T16:47:00
SHP-002875,ORD-002875,DC-04,LOADED,Carrier-D,2026-09-02T06:52:00,2026-09-02T06:58:00
SHP-002876,ORD-002876,DC-16,LOADED,Carrier-B,2026-08-25T01:11:00,2026-08-25T01:16:00
SHP-002877,ORD-002877,DC-08,BOOKED,Carrier-B,2026-08-20T13:27:00,
SHP-002878,ORD-002878,DC-15,DEPARTED,Carrier-C,2026-08-21T13:33:00,
SHP-002879,ORD-002879,DC-01,DEPARTED,Carrier-D,2026-09-01T07:56:00,2026-09-01T08:13:00
SHP-002880,ORD-002880,DC-04,PLANNED,Carrier-A,2026-08-11T12:38:00,
SHP-002881,ORD-002881,DC-04,PLANNED,Carrier-A,2026-08-19T22:39:00,2026-08-19T23:25:00
SHP-002882,ORD-002882,DC-09,LOADED,Carrier-C,2026-09-05T01:33:00,2026-09-05T01:20:00
SHP-002883,ORD-002883,DC-08,BOOKED,Carrier-D,2026-09-01T21:39:00,
SHP-002884,ORD-002884,DC-16,PLANNED,Carrier-A,2026-08-26T15:17:00,
SHP-002885,ORD-002885,DC-13,AT_DOCK,Carrier-C,2026-09-04T09:43:00,2026-09-04T10:27:00
SHP-002886,ORD-002886,DC-04,BOOKED,Carrier-C,2026-08-23T08:32:00,2026-08-23T08:52:00
SHP-002887,ORD-002887,DC-14,DELAYED,Carrier-C,2026-08-15T12:49:00,
SHP-002888,ORD-002888,DC-13,LOADED,Carrier-A,2026-09-01T00:21:00,
SHP-002889,ORD-002889,DC-10,DELAYED,Carrier-B,2026-08-20T21:08:00,2026-08-20T21:02:00
SHP-002890,ORD-002890,DC-13,DELAYED,Carrier-A,2026-08-30T15:40:00,2026-08-30T15:27:00
SHP-002891,ORD-002891,DC-02,AT_DOCK,Carrier-C,2026-08-07T07:02:00,
SHP-002892,ORD-002892,DC-09,AT_DOCK,Carrier-B,2026-09-03T23:25:00,2026-09-04T00:20:00
SHP-002893,ORD-002893,DC-17,DELAYED,Carrier-C,2026-08-19T06:59:00,2026-08-19T07:40:00
SHP-002894,ORD-002894,DC-18,AT_DOCK,Carrier-B,2026-09-02T15:12:00,
SHP-002895,ORD-002895,DC-10,LOADED,Carrier-D,2026-09-04T16:46:00,2026-09-04T17:06:00
SHP-002896,ORD-002896,DC-16,LOADED,Carrier-C,2026-08-09T21:39:00,
SHP-002897,ORD-002897,DC-17,LOADED,Carrier-C,2026-08-05T05:01:00,2026-08-05T05:15:00
SHP-002898,ORD-002898,DC-14,DELAYED,Carrier-B,2026-08-22T07:35:00,2026-08-22T08:48:00
SHP-002899,ORD-002899,DC-09,AT_DOCK,Carrier-D,2026-08-12T16:15:00,
SHP-002900,ORD-002900,DC-05,DELAYED,Carrier-D,2026-08-21T18:53:00,
SHP-002901,ORD-002901,DC-14,DEPARTED,Carrier-A,2026-08-31T01:09:00,
SHP-002902,ORD-002902,DC-12,PLANNED,Carrier-A,2026-08-30T22:54:00,2026-08-30T23:46:00
SHP-002903,ORD-002903,DC-18,LOADED,Carrier-A,2026-08-21T20:33:00,
SHP-002904,ORD-002904,DC-14,AT_DOCK,Carrier-A,2026-08-01T14:54:00,
SHP-002905,ORD-002905,DC-03,DEPARTED,Carrier-C,2026-08-15T06:54:00,
SHP-002906,ORD-002906,DC-06,PLANNED,Carrier-C,2026-08-01T14:37:00,
SHP-002907,ORD-002907,DC-12,DEPARTED,Carrier-D,2026-08-29T17:02:00,
SHP-002908,ORD-002908,DC-08,DELAYED,Carrier-A,2026-08-10T12:27:00,2026-08-10T13:28:00
SHP-002909,ORD-002909,DC-10,AT_DOCK,Carrier-C,2026-08-19T23:50:00,
SHP-002910,ORD-002910,DC-11,LOADED,Carrier-A,2026-08-06T11:28:00,
SHP-002911,ORD-002911,DC-14,DEPARTED,Carrier-C,2026-08-16T22:35:00,
SHP-002912,ORD-002912,DC-08,PLANNED,Carrier-D,2026-08-19T04:58:00,2026-08-19T05:43:00
SHP-002913,ORD-002913,DC-09,LOADED,Carrier-B,2026-08-29T13:38:00,2026-08-29T13:23:00
SHP-002914,ORD-002914,DC-15,BOOKED,Carrier-D,2026-08-24T05:49:00,
SHP-002915,ORD-002915,DC-02,DELAYED,Carrier-B,2026-08-28T16:25:00,2026-08-28T17:35:00
SHP-002916,ORD-002916,DC-11,DEPARTED,Carrier-C,2026-08-09T10:35:00,
SHP-002917,ORD-002917,DC-16,DEPARTED,Carrier-D,2026-08-30T05:40:00,
SHP-002918,ORD-002918,DC-16,DEPARTED,Carrier-B,2026-09-01T11:06:00,
SHP-002919,ORD-002919,DC-09,DELAYED,Carrier-A,2026-08-23T08:25:00,2026-08-23T08:54:00
SHP-002920,ORD-002920,DC-13,PLANNED,Carrier-B,2026-08-13T21:41:00,2026-08-13T21:28:00
SHP-002921,ORD-002921,DC-16,LOADED,Carrier-D,2026-08-19T15:29:00,
SHP-002922,ORD-002922,DC-01,DELAYED,Carrier-A,2026-08-21T22:19:00,
SHP-002923,ORD-002923,DC-11,PLANNED,Carrier-D,2026-08-26T14:57:00,2026-08-26T15:50:00
SHP-002924,ORD-002924,DC-15,PLANNED,Carrier-C,2026-08-20T04:39:00,
SHP-002925,ORD-002925,DC-05,LOADED,Carrier-B,2026-08-14T16:20:00,2026-08-14T16:58:00
SHP-002926,ORD-002926,DC-01,AT_DOCK,Carrier-B,2026-08-19T12:50:00,2026-08-19T12:38:00
SHP-002927,ORD-002927,DC-14,BOOKED,Carrier-B,2026-08-26T17:52:00,
SHP-002928,ORD-002928,DC-05,AT_DOCK,Carrier-B,2026-08-19T05:46:00,2026-08-19T06:52:00
SHP-002929,ORD-002929,DC-08,LOADED,Carrier-D,2026-08-14T10:09:00,
SHP-002930,ORD-002930,DC-03,LOADED,Carrier-C,2026-08-30T12:40:00,2026-08-30T13:40:00
SHP-002931,ORD-002931,DC-09,PLANNED,Carrier-D,2026-08-07T06:17:00,
SHP-002932,ORD-002932,DC-05,PLANNED,Carrier-A,2026-08-26T16:34:00,2026-08-26T16:50:00
SHP-002933,ORD-002933,DC-17,DELAYED,Carrier-B,2026-08-21T07:49:00,
SHP-002934,ORD-002934,DC-09,PLANNED,Carrier-C,2026-08-26T18:53:00,2026-08-26T19:27:00
SHP-002935,ORD-002935,DC-13,LOADED,Carrier-A,2026-08-29T09:09:00,
SHP-002936,ORD-002936,DC-02,DEPARTED,Carrier-C,2026-09-04T17:31:00,2026-09-04T18:31:00
SHP-002937,ORD-002937,DC-11,BOOKED,Carrier-D,2026-08-18T12:52:00,
SHP-002938,ORD-002938,DC-11,DEPARTED,Carrier-A,2026-08-31T22:51:00,2026-08-31T23:27:00
SHP-002939,ORD-002939,DC-11,PLANNED,Carrier-D,2026-08-06T14:50:00,2026-08-06T15:38:00
SHP-002940,ORD-002940,DC-06,DELAYED,Carrier-D,2026-08-20T03:48:00,2026-08-20T04:47:00
SHP-002941,ORD-002941,DC-02,DELAYED,Carrier-A,2026-08-21T02:08:00,
SHP-002942,ORD-002942,DC-05,LOADED,Carrier-B,2026-09-04T13:00:00,2026-09-04T13:41:00
SHP-002943,ORD-002943,DC-08,DELAYED,Carrier-B,2026-08-23T07:35:00,2026-08-23T07:55:00
SHP-002944,ORD-002944,DC-08,DELAYED,Carrier-B,2026-08-19T16:28:00,2026-08-19T16:57:00
SHP-002945,ORD-002945,DC-15,AT_DOCK,Carrier-B,2026-08-20T02:24:00,
SHP-002946,ORD-002946,DC-18,LOADED,Carrier-D,2026-08-25T02:28:00,2026-08-25T03:17:00
SHP-002947,ORD-002947,DC-15,DELAYED,Carrier-A,2026-08-30T09:45:00,2026-08-30T10:25:00
SHP-002948,ORD-002948,DC-08,PLANNED,Carrier-B,2026-08-06T02:05:00,
SHP-002949,ORD-002949,DC-16,LOADED,Carrier-B,2026-08-28T11:59:00,2026-08-28T12:54:00
SHP-002950,ORD-002950,DC-07,AT_DOCK,Carrier-A,2026-08-11T01:09:00,2026-08-11T01:27:00
SHP-002951,ORD-002951,DC-08,AT_DOCK,Carrier-D,2026-08-11T03:50:00,
SHP-002952,ORD-002952,DC-12,AT_DOCK,Carrier-D,2026-08-01T14:19:00,
SHP-002953,ORD-002953,DC-07,PLANNED,Carrier-C,2026-08-14T18:42:00,
SHP-002954,ORD-002954,DC-01,DELAYED,Carrier-C,2026-08-19T02:44:00,
SHP-002955,ORD-002955,DC-08,LOADED,Carrier-B,2026-08-19T10:31:00,
SHP-002956,ORD-002956,DC-10,BOOKED,Carrier-B,2026-09-02T08:24:00,
SHP-002957,ORD-002957,DC-02,DEPARTED,Carrier-C,2026-08-08T08:12:00,2026-08-08T08:56:00
SHP-002958,ORD-002958,DC-17,BOOKED,Carrier-A,2026-08-16T00:46:00,2026-08-16T00:39:00
SHP-002959,ORD-002959,DC-11,DEPARTED,Carrier-A,2026-08-12T14:10:00,
SHP-002960,ORD-002960,DC-06,LOADED,Carrier-B,2026-09-02T18:40:00,
SHP-002961,ORD-002961,DC-05,DEPARTED,Carrier-D,2026-08-31T14:47:00,
SHP-002962,ORD-002962,DC-01,DELAYED,Carrier-A,2026-08-11T15:09:00,
SHP-002963,ORD-002963,DC-07,DEPARTED,Carrier-B,2026-08-06T07:15:00,
SHP-002964,ORD-002964,DC-03,AT_DOCK,Carrier-D,2026-08-03T09:08:00,2026-08-03T08:54:00
SHP-002965,ORD-002965,DC-16,DELAYED,Carrier-C,2026-08-09T23:05:00,
SHP-002966,ORD-002966,DC-08,LOADED,Carrier-A,2026-08-04T02:06:00,
SHP-002967,ORD-002967,DC-04,DEPARTED,Carrier-C,2026-08-18T11:20:00,
SHP-002968,ORD-002968,DC-02,BOOKED,Carrier-D,2026-08-31T03:35:00,
SHP-002969,ORD-002969,DC-15,AT_DOCK,Carrier-C,2026-08-24T07:35:00,2026-08-24T08:07:00
SHP-002970,ORD-002970,DC-14,DELAYED,Carrier-C,2026-09-01T19:19:00,
SHP-002971,ORD-002971,DC-18,PLANNED,Carrier-D,2026-09-03T01:19:00,2026-09-03T02:10:00
SHP-002972,ORD-002972,DC-13,DEPARTED,Carrier-C,2026-08-21T20:03:00,
SHP-002973,ORD-002973,DC-08,DEPARTED,Carrier-C,2026-08-31T14:36:00,
SHP-002974,ORD-002974,DC-03,AT_DOCK,Carrier-A,2026-08-28T19:31:00,2026-08-28T20:39:00
SHP-002975,ORD-002975,DC-12,DELAYED,Carrier-C,2026-08-02T11:03:00,
SHP-002976,ORD-002976,DC-11,DEPARTED,Carrier-D,2026-08-21T04:29:00,
SHP-002977,ORD-002977,DC-12,PLANNED,Carrier-B,2026-08-13T00:48:00,2026-08-13T01:04:00
SHP-002978,ORD-002978,DC-14,BOOKED,Carrier-B,2026-08-16T23:34:00,
SHP-002979,ORD-002979,DC-10,AT_DOCK,Carrier-B,2026-08-22T19:27:00,
SHP-002980,ORD-002980,DC-08,AT_DOCK,Carrier-A,2026-08-31T09:10:00,2026-08-31T09:20:00
SHP-002981,ORD-002981,DC-11,BOOKED,Carrier-D,2026-08-12T14:19:00,
SHP-002982,ORD-002982,DC-05,AT_DOCK,Carrier-C,2026-08-05T11:23:00,2026-08-05T11:13:00
SHP-002983,ORD-002983,DC-18,LOADED,Carrier-C,2026-08-17T01:58:00,
SHP-002984,ORD-002984,DC-04,AT_DOCK,Carrier-D,2026-08-15T19:34:00,
SHP-002985,ORD-002985,DC-03,LOADED,Carrier-D,2026-08-14T20:31:00,
SHP-002986,ORD-002986,DC-17,PLANNED,Carrier-B,2026-08-21T23:14:00,
SHP-002987,ORD-002987,DC-14,AT_DOCK,Carrier-A,2026-08-13T18:38:00,
SHP-002988,ORD-002988,DC-07,BOOKED,Carrier-B,2026-08-03T08:05:00,
SHP-002989,ORD-002989,DC-14,LOADED,Carrier-C,2026-09-02T01:00:00,2026-09-02T01:46:00
SHP-002990,ORD-002990,DC-10,LOADED,Carrier-A,2026-08-04T04:49:00,2026-08-04T04:49:00
SHP-002991,ORD-002991,DC-04,BOOKED,Carrier-B,2026-08-09T02:05:00,
SHP-002992,ORD-002992,DC-07,PLANNED,Carrier-D,2026-08-16T18:29:00,2026-08-16T18:43:00
SHP-002993,ORD-002993,DC-07,DEPARTED,Carrier-C,2026-08-26T13:21:00,
SHP-002994,ORD-002994,DC-07,BOOKED,Carrier-C,2026-08-14T02:54:00,
SHP-002995,ORD-002995,DC-02,DELAYED,Carrier-D,2026-08-20T23:30:00,2026-08-20T23:14:00
SHP-002996,ORD-002996,DC-10,LOADED,Carrier-D,2026-08-23T12:53:00,2026-08-23T13:59:00
SHP-002997,ORD-002997,DC-03,AT_DOCK,Carrier-A,2026-08-02T15:27:00,2026-08-02T15:31:00
SHP-002998,ORD-002998,DC-16,AT_DOCK,Carrier-B,2026-08-06T01:44:00,2026-08-06T02:13:00
SHP-002999,ORD-002999,DC-05,LOADED,Carrier-D,2026-08-10T20:04:00,2026-08-10T20:53:00
SHP-003000,ORD-003000,DC-08,PLANNED,Carrier-D,2026-08-28T12:51:00,
SHP-003001,ORD-003001,DC-17,LOADED,Carrier-D,2026-09-02T18:34:00,2026-09-02T19:36:00
SHP-003002,ORD-003002,DC-10,DEPARTED,Carrier-B,2026-08-15T08:23:00,
SHP-003003,ORD-003003,DC-07,DELAYED,Carrier-D,2026-08-21T11:25:00,
SHP-003004,ORD-003004,DC-05,BOOKED,Carrier-A,2026-08-27T12:22:00,2026-08-27T12:30:00
SHP-003005,ORD-003005,DC-11,LOADED,Carrier-C,2026-08-15T10:51:00,2026-08-15T11:02:00
SHP-003006,ORD-003006,DC-07,PLANNED,Carrier-A,2026-09-01T22:20:00,2026-09-01T23:03:00
SHP-003007,ORD-003007,DC-01,BOOKED,Carrier-D,2026-08-04T17:06:00,2026-08-04T18:20:00
SHP-003008,ORD-003008,DC-13,LOADED,Carrier-C,2026-08-28T16:53:00,2026-08-28T17:02:00
SHP-003009,ORD-003009,DC-11,PLANNED,Carrier-A,2026-08-11T14:16:00,
SHP-003010,ORD-003010,DC-02,AT_DOCK,Carrier-B,2026-08-13T00:27:00,
SHP-003011,ORD-003011,DC-09,BOOKED,Carrier-A,2026-08-14T14:23:00,
SHP-003012,ORD-003012,DC-12,AT_DOCK,Carrier-C,2026-08-14T11:08:00,2026-08-14T11:59:00
SHP-003013,ORD-003013,DC-15,DEPARTED,Carrier-B,2026-08-29T12:52:00,2026-08-29T12:45:00
SHP-003014,ORD-003014,DC-06,BOOKED,Carrier-B,2026-08-19T12:36:00,
SHP-003015,ORD-003015,DC-01,PLANNED,Carrier-C,2026-08-25T23:56:00,2026-08-25T23:46:00
SHP-003016,ORD-003016,DC-03,PLANNED,Carrier-B,2026-08-18T17:32:00,
SHP-003017,ORD-003017,DC-09,DEPARTED,Carrier-D,2026-08-02T21:35:00,
SHP-003018,ORD-003018,DC-17,LOADED,Carrier-C,2026-08-14T22:41:00,
SHP-003019,ORD-003019,DC-16,BOOKED,Carrier-A,2026-09-04T20:04:00,
SHP-003020,ORD-003020,DC-02,BOOKED,Carrier-B,2026-08-15T14:00:00,
SHP-003021,ORD-003021,DC-06,DELAYED,Carrier-A,2026-08-09T14:15:00,
SHP-003022,ORD-003022,DC-12,PLANNED,Carrier-D,2026-08-08T11:27:00,
SHP-003023,ORD-003023,DC-09,LOADED,Carrier-D,2026-08-05T08:28:00,2026-08-05T08:25:00
SHP-003024,ORD-003024,DC-11,DEPARTED,Carrier-B,2026-08-16T21:21:00,
SHP-003025,ORD-003025,DC-09,DEPARTED,Carrier-B,2026-08-19T23:29:00,
SHP-003026,ORD-003026,DC-09,DEPARTED,Carrier-C,2026-08-25T03:54:00,2026-08-25T04:02:00
SHP-003027,ORD-003027,DC-05,DELAYED,Carrier-D,2026-08-13T21:49:00,
SHP-003028,ORD-003028,DC-10,DELAYED,Carrier-A,2026-08-08T10:07:00,
SHP-003029,ORD-003029,DC-09,DELAYED,Carrier-B,2026-08-25T11:17:00,2026-08-25T12:02:00
SHP-003030,ORD-003030,DC-15,AT_DOCK,Carrier-A,2026-08-12T14:16:00,
SHP-003031,ORD-003031,DC-11,BOOKED,Carrier-D,2026-09-01T06:04:00,
SHP-003032,ORD-003032,DC-09,AT_DOCK,Carrier-D,2026-08-11T08:36:00,
SHP-003033,ORD-003033,DC-12,BOOKED,Carrier-B,2026-08-14T11:54:00,
SHP-003034,ORD-003034,DC-13,BOOKED,Carrier-B,2026-08-22T07:50:00,
SHP-003035,ORD-003035,DC-04,DELAYED,Carrier-C,2026-08-14T18:18:00,2026-08-14T18:03:00
SHP-003036,ORD-003036,DC-01,BOOKED,Carrier-D,2026-08-08T21:52:00,2026-08-08T23:00:00
SHP-003037,ORD-003037,DC-07,DELAYED,Carrier-C,2026-08-02T02:42:00,2026-08-02T02:32:00
SHP-003038,ORD-003038,DC-15,DEPARTED,Carrier-C,2026-08-28T08:26:00,2026-08-28T08:41:00
SHP-003039,ORD-003039,DC-12,DEPARTED,Carrier-B,2026-08-03T09:09:00,2026-08-03T09:58:00
SHP-003040,ORD-003040,DC-11,BOOKED,Carrier-C,2026-08-30T06:30:00,
SHP-003041,ORD-003041,DC-05,BOOKED,Carrier-A,2026-08-21T19:39:00,2026-08-21T19:56:00
SHP-003042,ORD-003042,DC-16,DEPARTED,Carrier-C,2026-08-31T03:12:00,2026-08-31T04:22:00
SHP-003043,ORD-003043,DC-09,BOOKED,Carrier-B,2026-09-01T20:34:00,
SHP-003044,ORD-003044,DC-03,DEPARTED,Carrier-D,2026-08-26T13:43:00,
SHP-003045,ORD-003045,DC-07,LOADED,Carrier-D,2026-08-24T08:02:00,2026-08-24T08:01:00
SHP-003046,ORD-003046,DC-13,DEPARTED,Carrier-B,2026-08-03T16:55:00,
SHP-003047,ORD-003047,DC-10,LOADED,Carrier-C,2026-08-17T16:41:00,2026-08-17T16:26:00
SHP-003048,ORD-003048,DC-15,PLANNED,Carrier-D,2026-08-07T07:33:00,2026-08-07T07:50:00
SHP-003049,ORD-003049,DC-10,AT_DOCK,Carrier-D,2026-09-04T01:51:00,
SHP-003050,ORD-003050,DC-16,DELAYED,Carrier-D,2026-08-18T21:17:00,
SHP-003051,ORD-003051,DC-11,AT_DOCK,Carrier-A,2026-08-31T18:24:00,
SHP-003052,ORD-003052,DC-12,BOOKED,Carrier-A,2026-08-28T20:00:00,
SHP-003053,ORD-003053,DC-01,PLANNED,Carrier-A,2026-08-10T17:34:00,
SHP-003054,ORD-003054,DC-09,DEPARTED,Carrier-D,2026-08-15T00:47:00,2026-08-15T00:40:00
SHP-003055,ORD-003055,DC-11,AT_DOCK,Carrier-A,2026-08-25T09:08:00,
SHP-003056,ORD-003056,DC-11,LOADED,Carrier-A,2026-08-05T03:52:00,
SHP-003057,ORD-003057,DC-13,PLANNED,Carrier-B,2026-08-05T05:18:00,2026-08-05T05:37:00
SHP-003058,ORD-003058,DC-05,AT_DOCK,Carrier-D,2026-08-11T01:53:00,2026-08-11T02:17:00
SHP-003059,ORD-003059,DC-14,BOOKED,Carrier-A,2026-08-16T02:59:00,2026-08-16T03:06:00
SHP-003060,ORD-003060,DC-15,DELAYED,Carrier-A,2026-08-13T09:56:00,
SHP-003061,ORD-003061,DC-18,PLANNED,Carrier-D,2026-08-29T03:22:00,2026-08-29T03:36:00
SHP-003062,ORD-003062,DC-06,AT_DOCK,Carrier-B,2026-08-31T08:34:00,
SHP-003063,ORD-003063,DC-09,BOOKED,Carrier-D,2026-08-20T12:34:00,
SHP-003064,ORD-003064,DC-09,LOADED,Carrier-D,2026-08-18T09:07:00,
SHP-003065,ORD-003065,DC-04,DEPARTED,Carrier-A,2026-08-13T02:39:00,
SHP-003066,ORD-003066,DC-18,BOOKED,Carrier-D,2026-08-10T13:56:00,
SHP-003067,ORD-003067,DC-04,PLANNED,Carrier-B,2026-08-02T09:00:00,2026-08-02T09:05:00
SHP-003068,ORD-003068,DC-01,PLANNED,Carrier-A,2026-08-08T07:23:00,2026-08-08T08:26:00
SHP-003069,ORD-003069,DC-09,PLANNED,Carrier-B,2026-08-20T14:46:00,
SHP-003070,ORD-003070,DC-01,PLANNED,Carrier-D,2026-08-02T17:22:00,
SHP-003071,ORD-003071,DC-11,AT_DOCK,Carrier-C,2026-08-31T18:14:00,
SHP-003072,ORD-003072,DC-17,BOOKED,Carrier-C,2026-08-24T17:59:00,
SHP-003073,ORD-003073,DC-04,LOADED,Carrier-B,2026-08-26T13:33:00,
SHP-003074,ORD-003074,DC-06,LOADED,Carrier-B,2026-09-02T12:42:00,2026-09-02T12:43:00
SHP-003075,ORD-003075,DC-16,LOADED,Carrier-C,2026-09-02T14:05:00,2026-09-02T14:09:00
SHP-003076,ORD-003076,DC-06,DEPARTED,Carrier-A,2026-08-02T15:20:00,
SHP-003077,ORD-003077,DC-15,BOOKED,Carrier-D,2026-08-31T21:11:00,
SHP-003078,ORD-003078,DC-03,AT_DOCK,Carrier-D,2026-08-24T10:33:00,2026-08-24T11:18:00
SHP-003079,ORD-003079,DC-05,BOOKED,Carrier-A,2026-08-02T16:17:00,2026-08-02T17:05:00
SHP-003080,ORD-003080,DC-06,AT_DOCK,Carrier-D,2026-08-12T10:13:00,2026-08-12T10:15:00
SHP-003081,ORD-003081,DC-01,DEPARTED,Carrier-A,2026-08-31T18:15:00,2026-08-31T18:56:00
SHP-003082,ORD-003082,DC-11,DEPARTED,Carrier-D,2026-08-06T12:11:00,
SHP-003083,ORD-003083,DC-17,LOADED,Carrier-D,2026-08-29T16:41:00,2026-08-29T17:36:00
SHP-003084,ORD-003084,DC-06,PLANNED,Carrier-C,2026-09-01T19:44:00,
SHP-003085,ORD-003085,DC-09,AT_DOCK,Carrier-D,2026-08-26T19:36:00,2026-08-26T20:17:00
SHP-003086,ORD-003086,DC-04,DEPARTED,Carrier-D,2026-08-02T02:04:00,2026-08-02T02:09:00
SHP-003087,ORD-003087,DC-02,LOADED,Carrier-C,2026-08-09T10:22:00,2026-08-09T11:29:00
SHP-003088,ORD-003088,DC-05,PLANNED,Carrier-A,2026-08-30T03:03:00,
SHP-003089,ORD-003089,DC-14,AT_DOCK,Carrier-A,2026-08-03T11:05:00,
SHP-003090,ORD-003090,DC-01,DEPARTED,Carrier-D,2026-08-10T06:58:00,
SHP-003091,ORD-003091,DC-07,PLANNED,Carrier-D,2026-08-23T15:35:00,2026-08-23T16:19:00
SHP-003092,ORD-003092,DC-13,AT_DOCK,Carrier-A,2026-08-23T12:27:00,
SHP-003093,ORD-003093,DC-16,DELAYED,Carrier-B,2026-08-23T05:51:00,
SHP-003094,ORD-003094,DC-07,BOOKED,Carrier-D,2026-08-14T18:04:00,2026-08-14T18:19:00
SHP-003095,ORD-003095,DC-12,PLANNED,Carrier-B,2026-09-03T10:40:00,
SHP-003096,ORD-003096,DC-18,BOOKED,Carrier-B,2026-08-23T15:46:00,2026-08-23T17:00:00
SHP-003097,ORD-003097,DC-01,DELAYED,Carrier-D,2026-08-12T11:18:00,2026-08-12T12:28:00
SHP-003098,ORD-003098,DC-02,LOADED,Carrier-D,2026-08-30T23:00:00,
SHP-003099,ORD-003099,DC-07,DEPARTED,Carrier-A,2026-09-01T20:13:00,2026-09-01T19:55:00
SHP-003100,ORD-003100,DC-06,LOADED,Carrier-C,2026-08-18T07:22:00,
SHP-003101,ORD-003101,DC-17,DEPARTED,Carrier-B,2026-08-21T06:39:00,2026-08-21T06:21:00
SHP-003102,ORD-003102,DC-17,DELAYED,Carrier-D,2026-08-07T07:42:00,
SHP-003103,ORD-003103,DC-12,DEPARTED,Carrier-B,2026-08-18T22:17:00,
SHP-003104,ORD-003104,DC-01,LOADED,Carrier-D,2026-08-27T14:32:00,2026-08-27T15:38:00
SHP-003105,ORD-003105,DC-15,PLANNED,Carrier-A,2026-08-01T10:59:00,
SHP-003106,ORD-003106,DC-09,AT_DOCK,Carrier-A,2026-08-13T08:25:00,
SHP-003107,ORD-003107,DC-03,LOADED,Carrier-D,2026-09-05T01:46:00,
SHP-003108,ORD-003108,DC-15,BOOKED,Carrier-B,2026-08-23T07:05:00,2026-08-23T07:33:00
SHP-003109,ORD-003109,DC-12,DELAYED,Carrier-C,2026-08-24T08:06:00,2026-08-24T09:18:00
SHP-003110,ORD-003110,DC-01,DELAYED,Carrier-B,2026-08-20T15:12:00,
SHP-003111,ORD-003111,DC-08,AT_DOCK,Carrier-C,2026-08-08T06:13:00,
SHP-003112,ORD-003112,DC-05,LOADED,Carrier-A,2026-08-14T11:44:00,2026-08-14T11:39:00
SHP-003113,ORD-003113,DC-15,AT_DOCK,Carrier-A,2026-08-15T15:05:00,2026-08-15T15:10:00
SHP-003114,ORD-003114,DC-18,AT_DOCK,Carrier-B,2026-08-13T07:06:00,
SHP-003115,ORD-003115,DC-13,DELAYED,Carrier-D,2026-08-25T22:37:00,
SHP-003116,ORD-003116,DC-03,AT_DOCK,Carrier-C,2026-08-08T04:13:00,
SHP-003117,ORD-003117,DC-07,BOOKED,Carrier-C,2026-08-30T15:13:00,2026-08-30T15:34:00
SHP-003118,ORD-003118,DC-06,DELAYED,Carrier-D,2026-08-31T01:57:00,2026-08-31T02:04:00
SHP-003119,ORD-003119,DC-08,DELAYED,Carrier-A,2026-08-23T03:23:00,
SHP-003120,ORD-003120,DC-18,LOADED,Carrier-C,2026-09-01T05:52:00,
SHP-003121,ORD-003121,DC-07,BOOKED,Carrier-B,2026-08-16T19:16:00,
SHP-003122,ORD-003122,DC-05,BOOKED,Carrier-B,2026-09-03T10:53:00,
SHP-003123,ORD-003123,DC-12,LOADED,Carrier-A,2026-08-08T16:49:00,2026-08-08T16:44:00
SHP-003124,ORD-003124,DC-05,BOOKED,Carrier-A,2026-08-31T14:50:00,
SHP-003125,ORD-003125,DC-06,AT_DOCK,Carrier-A,2026-08-17T08:38:00,
SHP-003126,ORD-003126,DC-14,LOADED,Carrier-A,2026-08-19T03:19:00,2026-08-19T03:01:00
SHP-003127,ORD-003127,DC-10,LOADED,Carrier-C,2026-08-24T06:01:00,2026-08-24T06:32:00
SHP-003128,ORD-003128,DC-05,DELAYED,Carrier-A,2026-08-21T21:43:00,
SHP-003129,ORD-003129,DC-13,AT_DOCK,Carrier-B,2026-08-05T18:49:00,2026-08-05T18:55:00
SHP-003130,ORD-003130,DC-16,AT_DOCK,Carrier-B,2026-08-19T02:26:00,
SHP-003131,ORD-003131,DC-05,AT_DOCK,Carrier-A,2026-09-03T11:47:00,
SHP-003132,ORD-003132,DC-07,AT_DOCK,Carrier-D,2026-08-30T22:39:00,
SHP-003133,ORD-003133,DC-12,AT_DOCK,Carrier-A,2026-08-06T06:38:00,2026-08-06T06:33:00
SHP-003134,ORD-003134,DC-13,DELAYED,Carrier-B,2026-08-30T10:21:00,
SHP-003135,ORD-003135,DC-14,LOADED,Carrier-B,2026-08-30T04:15:00,2026-08-30T05:04:00
SHP-003136,ORD-003136,DC-10,BOOKED,Carrier-C,2026-09-05T07:34:00,
SHP-003137,ORD-003137,DC-05,PLANNED,Carrier-C,2026-08-09T12:00:00,2026-08-09T12:06:00
SHP-003138,ORD-003138,DC-11,LOADED,Carrier-C,2026-08-22T22:08:00,
SHP-003139,ORD-003139,DC-14,DEPARTED,Carrier-A,2026-08-18T13:46:00,
SHP-003140,ORD-003140,DC-08,LOADED,Carrier-C,2026-08-11T16:44:00,2026-08-11T17:03:00
SHP-003141,ORD-003141,DC-15,DELAYED,Carrier-A,2026-08-27T12:41:00,
SHP-003142,ORD-003142,DC-18,LOADED,Carrier-C,2026-09-01T16:24:00,2026-09-01T17:36:00
SHP-003143,ORD-003143,DC-03,LOADED,Carrier-B,2026-08-16T21:33:00,
SHP-003144,ORD-003144,DC-12,PLANNED,Carrier-D,2026-08-24T20:47:00,2026-08-24T20:50:00
SHP-003145,ORD-003145,DC-14,LOADED,Carrier-B,2026-08-29T07:28:00,
SHP-003146,ORD-003146,DC-03,DELAYED,Carrier-B,2026-08-01T16:19:00,2026-08-01T16:24:00
SHP-003147,ORD-003147,DC-09,PLANNED,Carrier-D,2026-08-29T21:55:00,
SHP-003148,ORD-003148,DC-10,AT_DOCK,Carrier-C,2026-08-22T03:40:00,
SHP-003149,ORD-003149,DC-17,BOOKED,Carrier-D,2026-08-29T06:23:00,2026-08-29T06:50:00
SHP-003150,ORD-003150,DC-18,BOOKED,Carrier-D,2026-08-20T20:04:00,2026-08-20T20:14:00
SHP-003151,ORD-003151,DC-16,BOOKED,Carrier-A,2026-08-09T07:12:00,
SHP-003152,ORD-003152,DC-08,BOOKED,Carrier-A,2026-08-18T03:44:00,2026-08-18T03:48:00
SHP-003153,ORD-003153,DC-07,LOADED,Carrier-C,2026-08-20T14:52:00,
SHP-003154,ORD-003154,DC-08,PLANNED,Carrier-C,2026-08-03T06:01:00,
SHP-003155,ORD-003155,DC-17,DELAYED,Carrier-B,2026-09-04T07:52:00,
SHP-003156,ORD-003156,DC-05,BOOKED,Carrier-B,2026-08-05T15:45:00,
SHP-003157,ORD-003157,DC-13,DEPARTED,Carrier-B,2026-08-30T13:40:00,2026-08-30T13:23:00
SHP-003158,ORD-003158,DC-11,BOOKED,Carrier-A,2026-08-09T06:57:00,2026-08-09T08:08:00
SHP-003159,ORD-003159,DC-07,LOADED,Carrier-B,2026-09-03T00:34:00,
SHP-003160,ORD-003160,DC-13,PLANNED,Carrier-A,2026-08-13T16:24:00,2026-08-13T17:39:00
SHP-003161,ORD-003161,DC-08,AT_DOCK,Carrier-B,2026-08-09T16:38:00,
SHP-003162,ORD-003162,DC-13,PLANNED,Carrier-A,2026-08-10T18:08:00,
SHP-003163,ORD-003163,DC-16,DEPARTED,Carrier-C,2026-08-20T17:06:00,
SHP-003164,ORD-003164,DC-04,PLANNED,Carrier-B,2026-08-26T23:20:00,
SHP-003165,ORD-003165,DC-10,PLANNED,Carrier-A,2026-08-09T00:37:00,
SHP-003166,ORD-003166,DC-05,BOOKED,Carrier-A,2026-08-16T09:42:00,
SHP-003167,ORD-003167,DC-05,AT_DOCK,Carrier-A,2026-08-14T04:07:00,2026-08-14T04:11:00
SHP-003168,ORD-003168,DC-09,DEPARTED,Carrier-B,2026-09-01T17:19:00,
SHP-003169,ORD-003169,DC-10,AT_DOCK,Carrier-A,2026-08-18T04:20:00,2026-08-18T05:17:00
SHP-003170,ORD-003170,DC-18,DELAYED,Carrier-C,2026-08-12T02:03:00,
SHP-003171,ORD-003171,DC-11,BOOKED,Carrier-C,2026-08-21T02:41:00,
SHP-003172,ORD-003172,DC-17,PLANNED,Carrier-A,2026-08-27T17:03:00,
SHP-003173,ORD-003173,DC-05,PLANNED,Carrier-B,2026-09-03T21:16:00,
SHP-003174,ORD-003174,DC-03,LOADED,Carrier-C,2026-08-12T05:13:00,2026-08-12T05:47:00
SHP-003175,ORD-003175,DC-16,PLANNED,Carrier-B,2026-08-05T06:33:00,2026-08-05T07:48:00
SHP-003176,ORD-003176,DC-16,AT_DOCK,Carrier-B,2026-08-31T13:52:00,2026-08-31T15:01:00
SHP-003177,ORD-003177,DC-03,LOADED,Carrier-D,2026-08-22T16:41:00,2026-08-22T16:28:00
SHP-003178,ORD-003178,DC-11,PLANNED,Carrier-B,2026-08-02T07:34:00,
SHP-003179,ORD-003179,DC-09,LOADED,Carrier-B,2026-08-04T23:31:00,
SHP-003180,ORD-003180,DC-17,DELAYED,Carrier-A,2026-08-30T21:33:00,
SHP-003181,ORD-003181,DC-01,BOOKED,Carrier-B,2026-08-16T06:25:00,
SHP-003182,ORD-003182,DC-01,DEPARTED,Carrier-B,2026-08-28T23:23:00,2026-08-28T23:12:00
SHP-003183,ORD-003183,DC-14,DEPARTED,Carrier-D,2026-08-10T20:40:00,
SHP-003184,ORD-003184,DC-03,LOADED,Carrier-B,2026-09-04T03:32:00,2026-09-04T04:40:00
SHP-003185,ORD-003185,DC-02,AT_DOCK,Carrier-B,2026-08-02T07:11:00,
SHP-003186,ORD-003186,DC-18,PLANNED,Carrier-A,2026-08-04T18:27:00,2026-08-04T19:07:00
SHP-003187,ORD-003187,DC-07,DELAYED,Carrier-C,2026-08-26T10:19:00,
SHP-003188,ORD-003188,DC-13,DEPARTED,Carrier-D,2026-08-17T13:26:00,2026-08-17T13:21:00
SHP-003189,ORD-003189,DC-12,LOADED,Carrier-C,2026-09-01T05:18:00,
SHP-003190,ORD-003190,DC-13,DELAYED,Carrier-C,2026-08-19T02:12:00,2026-08-19T02:37:00
SHP-003191,ORD-003191,DC-18,AT_DOCK,Carrier-B,2026-08-06T11:32:00,
SHP-003192,ORD-003192,DC-17,DEPARTED,Carrier-B,2026-08-06T18:00:00,2026-08-06T18:07:00
SHP-003193,ORD-003193,DC-08,BOOKED,Carrier-B,2026-08-27T06:29:00,
SHP-003194,ORD-003194,DC-09,DELAYED,Carrier-B,2026-08-21T23:26:00,
SHP-003195,ORD-003195,DC-13,LOADED,Carrier-A,2026-08-10T22:20:00,
SHP-003196,ORD-003196,DC-08,AT_DOCK,Carrier-D,2026-08-27T13:50:00,2026-08-27T13:55:00
SHP-003197,ORD-003197,DC-04,AT_DOCK,Carrier-B,2026-09-04T12:32:00,2026-09-04T12:45:00
SHP-003198,ORD-003198,DC-03,LOADED,Carrier-B,2026-08-16T17:59:00,2026-08-16T18:02:00
SHP-003199,ORD-003199,DC-04,DEPARTED,Carrier-A,2026-08-11T17:36:00,2026-08-11T17:54:00
SHP-003200,ORD-003200,DC-17,AT_DOCK,Carrier-D,2026-08-14T19:26:00,2026-08-14T20:03:00
SHP-003201,ORD-003201,DC-18,LOADED,Carrier-D,2026-08-16T21:11:00,2026-08-16T21:36:00
SHP-003202,ORD-003202,DC-18,DEPARTED,Carrier-D,2026-08-03T22:19:00,2026-08-03T23:16:00
SHP-003203,ORD-003203,DC-13,LOADED,Carrier-B,2026-08-03T04:10:00,2026-08-03T04:35:00
SHP-003204,ORD-003204,DC-12,AT_DOCK,Carrier-C,2026-08-18T20:52:00,
SHP-003205,ORD-003205,DC-14,LOADED,Carrier-A,2026-08-13T21:11:00,2026-08-13T22:24:00
SHP-003206,ORD-003206,DC-12,DEPARTED,Carrier-A,2026-09-03T08:17:00,2026-09-03T09:01:00
SHP-003207,ORD-003207,DC-09,BOOKED,Carrier-C,2026-09-02T14:23:00,
SHP-003208,ORD-003208,DC-12,DEPARTED,Carrier-D,2026-08-29T09:34:00,2026-08-29T09:52:00
SHP-003209,ORD-003209,DC-03,LOADED,Carrier-B,2026-08-18T16:51:00,2026-08-18T18:01:00
SHP-003210,ORD-003210,DC-06,BOOKED,Carrier-A,2026-08-15T07:18:00,2026-08-15T08:18:00
SHP-003211,ORD-003211,DC-18,DELAYED,Carrier-A,2026-08-26T19:30:00,
SHP-003212,ORD-003212,DC-11,AT_DOCK,Carrier-A,2026-08-14T08:40:00,
SHP-003213,ORD-003213,DC-17,PLANNED,Carrier-B,2026-08-23T16:32:00,2026-08-23T17:06:00
SHP-003214,ORD-003214,DC-05,DELAYED,Carrier-B,2026-08-06T13:33:00,2026-08-06T13:24:00
SHP-003215,ORD-003215,DC-15,LOADED,Carrier-A,2026-08-11T05:50:00,
SHP-003216,ORD-003216,DC-07,PLANNED,Carrier-B,2026-08-12T16:37:00,
SHP-003217,ORD-003217,DC-12,DEPARTED,Carrier-D,2026-08-22T02:54:00,2026-08-22T03:30:00
SHP-003218,ORD-003218,DC-06,PLANNED,Carrier-A,2026-08-06T20:36:00,2026-08-06T21:11:00
SHP-003219,ORD-003219,DC-14,BOOKED,Carrier-A,2026-08-23T16:42:00,
SHP-003220,ORD-003220,DC-02,DEPARTED,Carrier-D,2026-08-26T15:05:00,
SHP-003221,ORD-003221,DC-06,DELAYED,Carrier-A,2026-08-25T06:18:00,
SHP-003222,ORD-003222,DC-16,BOOKED,Carrier-C,2026-08-23T00:27:00,2026-08-23T00:08:00
SHP-003223,ORD-003223,DC-02,BOOKED,Carrier-B,2026-08-05T12:02:00,2026-08-05T12:20:00
SHP-003224,ORD-003224,DC-11,LOADED,Carrier-C,2026-08-09T16:58:00,2026-08-09T17:31:00
SHP-003225,ORD-003225,DC-04,DELAYED,Carrier-C,2026-08-18T04:08:00,2026-08-18T04:37:00
SHP-003226,ORD-003226,DC-07,PLANNED,Carrier-B,2026-08-25T11:22:00,
SHP-003227,ORD-003227,DC-11,DELAYED,Carrier-B,2026-08-16T07:40:00,
SHP-003228,ORD-003228,DC-14,LOADED,Carrier-B,2026-08-04T14:19:00,2026-08-04T15:25:00
SHP-003229,ORD-003229,DC-04,LOADED,Carrier-C,2026-08-08T20:55:00,
SHP-003230,ORD-003230,DC-10,BOOKED,Carrier-B,2026-08-09T00:13:00,2026-08-09T00:48:00
SHP-003231,ORD-003231,DC-18,DEPARTED,Carrier-D,2026-08-25T10:22:00,2026-08-25T11:30:00
SHP-003232,ORD-003232,DC-02,BOOKED,Carrier-C,2026-08-19T07:54:00,2026-08-19T08:00:00
SHP-003233,ORD-003233,DC-17,AT_DOCK,Carrier-D,2026-08-20T02:13:00,
SHP-003234,ORD-003234,DC-18,AT_DOCK,Carrier-A,2026-08-10T11:54:00,
SHP-003235,ORD-003235,DC-09,BOOKED,Carrier-D,2026-08-30T00:07:00,
SHP-003236,ORD-003236,DC-05,DELAYED,Carrier-A,2026-08-28T08:07:00,
SHP-003237,ORD-003237,DC-17,BOOKED,Carrier-A,2026-08-28T05:47:00,
SHP-003238,ORD-003238,DC-11,PLANNED,Carrier-B,2026-08-14T06:03:00,
SHP-003239,ORD-003239,DC-15,BOOKED,Carrier-B,2026-08-21T13:37:00,2026-08-21T13:21:00
SHP-003240,ORD-003240,DC-11,LOADED,Carrier-B,2026-08-04T23:04:00,
SHP-003241,ORD-003241,DC-09,AT_DOCK,Carrier-C,2026-09-04T03:41:00,2026-09-04T04:04:00
SHP-003242,ORD-003242,DC-11,PLANNED,Carrier-D,2026-08-12T16:54:00,
SHP-003243,ORD-003243,DC-06,DELAYED,Carrier-B,2026-08-18T23:02:00,
SHP-003244,ORD-003244,DC-10,AT_DOCK,Carrier-D,2026-08-10T14:20:00,
SHP-003245,ORD-003245,DC-16,LOADED,Carrier-B,2026-08-02T02:34:00,
SHP-003246,ORD-003246,DC-17,LOADED,Carrier-B,2026-09-04T14:03:00,
SHP-003247,ORD-003247,DC-07,LOADED,Carrier-C,2026-08-06T23:56:00,
SHP-003248,ORD-003248,DC-18,DELAYED,Carrier-C,2026-08-27T18:01:00,2026-08-27T19:12:00
SHP-003249,ORD-003249,DC-03,DEPARTED,Carrier-D,2026-08-19T22:33:00,
SHP-003250,ORD-003250,DC-01,AT_DOCK,Carrier-D,2026-09-05T02:57:00,2026-09-05T03:43:00
SHP-003251,ORD-003251,DC-18,DELAYED,Carrier-B,2026-08-17T11:01:00,
SHP-003252,ORD-003252,DC-08,DELAYED,Carrier-D,2026-08-31T06:51:00,
SHP-003253,ORD-003253,DC-18,PLANNED,Carrier-D,2026-08-03T08:50:00,
SHP-003254,ORD-003254,DC-06,BOOKED,Carrier-B,2026-08-06T20:59:00,
SHP-003255,ORD-003255,DC-02,BOOKED,Carrier-B,2026-08-24T12:05:00,
SHP-003256,ORD-003256,DC-02,DEPARTED,Carrier-D,2026-08-02T17:12:00,2026-08-02T16:55:00
SHP-003257,ORD-003257,DC-05,PLANNED,Carrier-D,2026-08-23T02:11:00,
SHP-003258,ORD-003258,DC-13,PLANNED,Carrier-C,2026-08-07T10:01:00,
SHP-003259,ORD-003259,DC-08,DEPARTED,Carrier-D,2026-08-25T08:59:00,
SHP-003260,ORD-003260,DC-16,PLANNED,Carrier-D,2026-08-14T04:03:00,2026-08-14T03:51:00
SHP-003261,ORD-003261,DC-13,BOOKED,Carrier-D,2026-08-28T23:45:00,
SHP-003262,ORD-003262,DC-10,DELAYED,Carrier-B,2026-08-03T10:33:00,
SHP-003263,ORD-003263,DC-14,DEPARTED,Carrier-B,2026-08-09T02:48:00,
SHP-003264,ORD-003264,DC-18,AT_DOCK,Carrier-B,2026-08-30T22:04:00,
SHP-003265,ORD-003265,DC-10,DELAYED,Carrier-B,2026-08-25T23:53:00,2026-08-26T00:16:00
SHP-003266,ORD-003266,DC-09,AT_DOCK,Carrier-C,2026-09-04T12:26:00,
SHP-003267,ORD-003267,DC-18,BOOKED,Carrier-D,2026-08-03T22:57:00,2026-08-03T23:45:00
SHP-003268,ORD-003268,DC-10,AT_DOCK,Carrier-A,2026-08-25T03:59:00,
SHP-003269,ORD-003269,DC-02,DELAYED,Carrier-D,2026-09-05T00:33:00,
SHP-003270,ORD-003270,DC-18,BOOKED,Carrier-B,2026-08-22T05:54:00,
SHP-003271,ORD-003271,DC-16,DEPARTED,Carrier-A,2026-08-26T21:39:00,
SHP-003272,ORD-003272,DC-11,DELAYED,Carrier-D,2026-08-16T04:10:00,2026-08-16T04:20:00
SHP-003273,ORD-003273,DC-13,DELAYED,Carrier-B,2026-08-17T19:03:00,2026-08-17T20:16:00
SHP-003274,ORD-003274,DC-15,DELAYED,Carrier-D,2026-08-17T09:33:00,2026-08-17T09:49:00
SHP-003275,ORD-003275,DC-13,AT_DOCK,Carrier-C,2026-08-12T18:30:00,2026-08-12T19:07:00
SHP-003276,ORD-003276,DC-15,DEPARTED,Carrier-D,2026-08-16T09:28:00,
SHP-003277,ORD-003277,DC-15,PLANNED,Carrier-A,2026-08-09T23:13:00,
SHP-003278,ORD-003278,DC-10,LOADED,Carrier-B,2026-08-09T13:00:00,2026-08-09T12:44:00
SHP-003279,ORD-003279,DC-11,LOADED,Carrier-D,2026-09-01T19:05:00,
SHP-003280,ORD-003280,DC-03,PLANNED,Carrier-B,2026-08-03T22:57:00,
SHP-003281,ORD-003281,DC-14,DEPARTED,Carrier-C,2026-08-30T05:39:00,
SHP-003282,ORD-003282,DC-09,AT_DOCK,Carrier-B,2026-08-19T09:54:00,
SHP-003283,ORD-003283,DC-12,LOADED,Carrier-D,2026-08-21T18:11:00,2026-08-21T18:24:00
SHP-003284,ORD-003284,DC-06,BOOKED,Carrier-D,2026-08-14T09:11:00,2026-08-14T09:39:00
SHP-003285,ORD-003285,DC-13,PLANNED,Carrier-C,2026-09-03T04:43:00,2026-09-03T05:48:00
SHP-003286,ORD-003286,DC-05,DELAYED,Carrier-C,2026-08-12T03:11:00,2026-08-12T03:36:00
SHP-003287,ORD-003287,DC-11,BOOKED,Carrier-B,2026-08-03T19:59:00,
SHP-003288,ORD-003288,DC-04,DELAYED,Carrier-B,2026-08-29T06:37:00,2026-08-29T07:27:00
SHP-003289,ORD-003289,DC-02,BOOKED,Carrier-C,2026-08-15T00:09:00,
SHP-003290,ORD-003290,DC-05,DELAYED,Carrier-A,2026-08-24T20:43:00,2026-08-24T21:31:00
SHP-003291,ORD-003291,DC-17,DEPARTED,Carrier-A,2026-09-01T05:35:00,2026-09-01T05:57:00
SHP-003292,ORD-003292,DC-13,BOOKED,Carrier-A,2026-08-07T17:49:00,2026-08-07T19:01:00
SHP-003293,ORD-003293,DC-07,BOOKED,Carrier-B,2026-08-11T16:14:00,
SHP-003294,ORD-003294,DC-17,DELAYED,Carrier-D,2026-09-03T17:25:00,
SHP-003295,ORD-003295,DC-09,DELAYED,Carrier-D,2026-08-10T04:04:00,
SHP-003296,ORD-003296,DC-01,AT_DOCK,Carrier-C,2026-08-03T18:56:00,2026-08-03T18:48:00
SHP-003297,ORD-003297,DC-15,DEPARTED,Carrier-A,2026-08-06T10:03:00,
SHP-003298,ORD-003298,DC-15,AT_DOCK,Carrier-B,2026-08-28T19:57:00,2026-08-28T20:09:00
SHP-003299,ORD-003299,DC-05,BOOKED,Carrier-A,2026-08-31T02:51:00,2026-08-31T03:41:00
SHP-003300,ORD-003300,DC-18,LOADED,Carrier-A,2026-08-10T09:08:00,
SHP-003301,ORD-003301,DC-03,BOOKED,Carrier-D,2026-08-17T19:24:00,2026-08-17T20:34:00
SHP-003302,ORD-003302,DC-09,LOADED,Carrier-A,2026-08-19T16:04:00,2026-08-19T15:45:00
SHP-003303,ORD-003303,DC-14,AT_DOCK,Carrier-A,2026-08-07T07:29:00,2026-08-07T07:14:00
SHP-003304,ORD-003304,DC-08,PLANNED,Carrier-D,2026-08-21T22:04:00,2026-08-21T22:04:00
SHP-003305,ORD-003305,DC-10,BOOKED,Carrier-D,2026-08-30T13:55:00,
SHP-003306,ORD-003306,DC-05,PLANNED,Carrier-A,2026-08-27T07:40:00,
SHP-003307,ORD-003307,DC-16,AT_DOCK,Carrier-B,2026-09-03T05:53:00,2026-09-03T06:13:00
SHP-003308,ORD-003308,DC-10,DELAYED,Carrier-A,2026-08-27T14:30:00,
SHP-003309,ORD-003309,DC-03,AT_DOCK,Carrier-D,2026-08-14T16:02:00,2026-08-14T17:00:00
SHP-003310,ORD-003310,DC-02,AT_DOCK,Carrier-C,2026-08-03T19:45:00,
SHP-003311,ORD-003311,DC-06,DEPARTED,Carrier-B,2026-08-14T14:35:00,2026-08-14T15:38:00
SHP-003312,ORD-003312,DC-11,DELAYED,Carrier-A,2026-08-22T11:55:00,
SHP-003313,ORD-003313,DC-01,DEPARTED,Carrier-A,2026-08-06T07:49:00,
SHP-003314,ORD-003314,DC-15,AT_DOCK,Carrier-B,2026-08-21T05:25:00,2026-08-21T05:52:00
SHP-003315,ORD-003315,DC-05,LOADED,Carrier-A,2026-08-04T13:39:00,2026-08-04T14:01:00
SHP-003316,ORD-003316,DC-04,DEPARTED,Carrier-B,2026-08-28T17:28:00,2026-08-28T17:29:00
SHP-003317,ORD-003317,DC-10,BOOKED,Carrier-B,2026-08-15T15:26:00,
SHP-003318,ORD-003318,DC-10,PLANNED,Carrier-A,2026-08-18T21:36:00,
SHP-003319,ORD-003319,DC-03,DEPARTED,Carrier-D,2026-08-03T11:10:00,2026-08-03T10:54:00
SHP-003320,ORD-003320,DC-18,PLANNED,Carrier-C,2026-08-09T07:41:00,
SHP-003321,ORD-003321,DC-06,BOOKED,Carrier-B,2026-08-24T15:32:00,
SHP-003322,ORD-003322,DC-18,DELAYED,Carrier-C,2026-08-15T13:14:00,2026-08-15T14:10:00
SHP-003323,ORD-003323,DC-05,AT_DOCK,Carrier-B,2026-09-02T09:24:00,2026-09-02T09:15:00
SHP-003324,ORD-003324,DC-12,BOOKED,Carrier-D,2026-09-02T17:34:00,
SHP-003325,ORD-003325,DC-10,BOOKED,Carrier-B,2026-08-14T20:48:00,2026-08-14T21:09:00
SHP-003326,ORD-003326,DC-16,LOADED,Carrier-C,2026-08-18T07:53:00,
SHP-003327,ORD-003327,DC-05,BOOKED,Carrier-A,2026-08-30T04:55:00,
SHP-003328,ORD-003328,DC-07,PLANNED,Carrier-A,2026-08-17T02:00:00,
SHP-003329,ORD-003329,DC-08,DEPARTED,Carrier-C,2026-08-25T21:41:00,
SHP-003330,ORD-003330,DC-17,AT_DOCK,Carrier-D,2026-08-29T15:03:00,2026-08-29T16:18:00
SHP-003331,ORD-003331,DC-04,AT_DOCK,Carrier-B,2026-08-07T04:38:00,2026-08-07T05:19:00
SHP-003332,ORD-003332,DC-04,DEPARTED,Carrier-A,2026-08-31T21:14:00,
SHP-003333,ORD-003333,DC-07,DEPARTED,Carrier-A,2026-08-31T16:37:00,2026-08-31T16:27:00
SHP-003334,ORD-003334,DC-15,DEPARTED,Carrier-A,2026-08-17T07:28:00,
SHP-003335,ORD-003335,DC-09,BOOKED,Carrier-A,2026-08-10T13:16:00,
SHP-003336,ORD-003336,DC-14,PLANNED,Carrier-C,2026-08-15T16:54:00,
SHP-003337,ORD-003337,DC-13,PLANNED,Carrier-C,2026-08-07T10:12:00,2026-08-07T11:01:00
SHP-003338,ORD-003338,DC-12,AT_DOCK,Carrier-A,2026-09-02T22:05:00,
SHP-003339,ORD-003339,DC-09,DELAYED,Carrier-D,2026-08-17T20:38:00,
SHP-003340,ORD-003340,DC-17,DELAYED,Carrier-A,2026-08-18T14:17:00,
SHP-003341,ORD-003341,DC-09,LOADED,Carrier-D,2026-08-11T07:31:00,
SHP-003342,ORD-003342,DC-12,LOADED,Carrier-D,2026-08-31T14:37:00,2026-08-31T15:35:00
SHP-003343,ORD-003343,DC-15,LOADED,Carrier-C,2026-09-03T17:27:00,2026-09-03T18:17:00
SHP-003344,ORD-003344,DC-04,DEPARTED,Carrier-B,2026-08-07T20:12:00,2026-08-07T20:40:00
SHP-003345,ORD-003345,DC-18,BOOKED,Carrier-B,2026-08-05T07:36:00,2026-08-05T07:34:00
SHP-003346,ORD-003346,DC-12,BOOKED,Carrier-C,2026-08-14T06:33:00,
SHP-003347,ORD-003347,DC-17,LOADED,Carrier-A,2026-08-06T01:56:00,
SHP-003348,ORD-003348,DC-08,BOOKED,Carrier-B,2026-08-06T22:31:00,
SHP-003349,ORD-003349,DC-05,AT_DOCK,Carrier-C,2026-08-31T17:21:00,2026-08-31T18:23:00
SHP-003350,ORD-003350,DC-05,AT_DOCK,Carrier-A,2026-08-09T12:32:00,2026-08-09T12:44:00
SHP-003351,ORD-003351,DC-15,LOADED,Carrier-B,2026-08-15T04:48:00,
SHP-003352,ORD-003352,DC-13,PLANNED,Carrier-C,2026-09-01T19:55:00,
SHP-003353,ORD-003353,DC-06,DELAYED,Carrier-C,2026-08-28T22:37:00,
SHP-003354,ORD-003354,DC-11,BOOKED,Carrier-C,2026-08-05T15:58:00,2026-08-05T16:58:00
SHP-003355,ORD-003355,DC-11,PLANNED,Carrier-B,2026-09-04T20:01:00,
SHP-003356,ORD-003356,DC-01,DELAYED,Carrier-D,2026-08-09T18:49:00,
SHP-003357,ORD-003357,DC-13,BOOKED,Carrier-A,2026-08-28T00:23:00,2026-08-28T00:41:00
SHP-003358,ORD-003358,DC-11,DELAYED,Carrier-A,2026-08-22T15:44:00,
SHP-003359,ORD-003359,DC-06,LOADED,Carrier-A,2026-08-13T12:55:00,2026-08-13T12:54:00
SHP-003360,ORD-003360,DC-05,BOOKED,Carrier-B,2026-08-12T06:10:00,2026-08-12T07:06:00
SHP-003361,ORD-003361,DC-08,PLANNED,Carrier-A,2026-08-07T18:51:00,
SHP-003362,ORD-003362,DC-16,DELAYED,Carrier-A,2026-08-21T13:07:00,
SHP-003363,ORD-003363,DC-18,AT_DOCK,Carrier-A,2026-08-06T15:51:00,
SHP-003364,ORD-003364,DC-07,DEPARTED,Carrier-C,2026-08-07T08:25:00,
SHP-003365,ORD-003365,DC-01,DELAYED,Carrier-B,2026-08-23T03:30:00,
SHP-003366,ORD-003366,DC-08,LOADED,Carrier-C,2026-08-31T17:32:00,2026-08-31T18:19:00
SHP-003367,ORD-003367,DC-16,AT_DOCK,Carrier-D,2026-08-14T07:20:00,
SHP-003368,ORD-003368,DC-11,BOOKED,Carrier-A,2026-08-01T23:54:00,
SHP-003369,ORD-003369,DC-12,BOOKED,Carrier-A,2026-08-16T21:32:00,
SHP-003370,ORD-003370,DC-16,DELAYED,Carrier-D,2026-08-23T12:19:00,
SHP-003371,ORD-003371,DC-16,PLANNED,Carrier-A,2026-08-01T20:09:00,
SHP-003372,ORD-003372,DC-05,DELAYED,Carrier-B,2026-09-03T20:09:00,2026-09-03T20:35:00
SHP-003373,ORD-003373,DC-08,DELAYED,Carrier-C,2026-08-13T09:53:00,
SHP-003374,ORD-003374,DC-09,LOADED,Carrier-D,2026-08-01T15:37:00,
SHP-003375,ORD-003375,DC-10,AT_DOCK,Carrier-C,2026-08-11T03:06:00,2026-08-11T03:41:00
SHP-003376,ORD-003376,DC-15,AT_DOCK,Carrier-A,2026-08-15T11:06:00,2026-08-15T11:05:00
SHP-003377,ORD-003377,DC-06,LOADED,Carrier-C,2026-08-23T02:08:00,
SHP-003378,ORD-003378,DC-09,LOADED,Carrier-C,2026-09-03T03:12:00,
SHP-003379,ORD-003379,DC-17,LOADED,Carrier-A,2026-08-15T19:57:00,2026-08-15T20:27:00
SHP-003380,ORD-003380,DC-06,BOOKED,Carrier-C,2026-08-14T02:23:00,
SHP-003381,ORD-003381,DC-17,DEPARTED,Carrier-C,2026-09-04T18:56:00,
SHP-003382,ORD-003382,DC-14,BOOKED,Carrier-C,2026-09-03T19:33:00,2026-09-03T20:19:00
SHP-003383,ORD-003383,DC-01,PLANNED,Carrier-D,2026-08-25T02:18:00,2026-08-25T01:58:00
SHP-003384,ORD-003384,DC-03,DEPARTED,Carrier-D,2026-08-14T11:05:00,
SHP-003385,ORD-003385,DC-14,PLANNED,Carrier-A,2026-08-06T09:15:00,
SHP-003386,ORD-003386,DC-18,DELAYED,Carrier-A,2026-08-04T13:44:00,2026-08-04T14:01:00
SHP-003387,ORD-003387,DC-15,DELAYED,Carrier-C,2026-08-11T01:15:00,
SHP-003388,ORD-003388,DC-04,BOOKED,Carrier-C,2026-08-02T08:09:00,
SHP-003389,ORD-003389,DC-04,AT_DOCK,Carrier-C,2026-08-29T03:55:00,2026-08-29T03:56:00
SHP-003390,ORD-003390,DC-18,PLANNED,Carrier-A,2026-08-31T12:07:00,2026-08-31T12:19:00
SHP-003391,ORD-003391,DC-17,BOOKED,Carrier-A,2026-08-07T00:22:00,
SHP-003392,ORD-003392,DC-06,DELAYED,Carrier-B,2026-09-02T19:30:00,
SHP-003393,ORD-003393,DC-13,BOOKED,Carrier-C,2026-08-29T09:52:00,2026-08-29T09:45:00
SHP-003394,ORD-003394,DC-16,DEPARTED,Carrier-D,2026-08-06T16:44:00,2026-08-06T16:25:00
SHP-003395,ORD-003395,DC-11,LOADED,Carrier-A,2026-08-18T03:39:00,2026-08-18T03:51:00
SHP-003396,ORD-003396,DC-01,BOOKED,Carrier-D,2026-08-15T04:44:00,
SHP-003397,ORD-003397,DC-14,LOADED,Carrier-D,2026-08-20T14:04:00,2026-08-20T14:24:00
SHP-003398,ORD-003398,DC-01,AT_DOCK,Carrier-D,2026-08-03T10:47:00,
SHP-003399,ORD-003399,DC-01,DEPARTED,Carrier-B,2026-08-29T15:12:00,
SHP-003400,ORD-003400,DC-16,LOADED,Carrier-C,2026-08-19T03:46:00,2026-08-19T04:10:00
SHP-003401,ORD-003401,DC-11,BOOKED,Carrier-A,2026-08-07T12:51:00,2026-08-07T13:57:00
SHP-003402,ORD-003402,DC-18,DEPARTED,Carrier-A,2026-08-12T04:59:00,
SHP-003403,ORD-003403,DC-13,PLANNED,Carrier-D,2026-08-21T14:09:00,
SHP-003404,ORD-003404,DC-12,DELAYED,Carrier-A,2026-08-21T15:05:00,
SHP-003405,ORD-003405,DC-02,PLANNED,Carrier-D,2026-08-30T19:12:00,2026-08-30T19:22:00
SHP-003406,ORD-003406,DC-18,BOOKED,Carrier-B,2026-09-04T11:18:00,2026-09-04T11:07:00
SHP-003407,ORD-003407,DC-13,BOOKED,Carrier-B,2026-08-22T15:07:00,2026-08-22T15:55:00
SHP-003408,ORD-003408,DC-07,LOADED,Carrier-B,2026-08-30T06:44:00,
SHP-003409,ORD-003409,DC-14,DEPARTED,Carrier-D,2026-08-08T03:07:00,
SHP-003410,ORD-003410,DC-16,PLANNED,Carrier-A,2026-08-29T06:34:00,
SHP-003411,ORD-003411,DC-16,BOOKED,Carrier-B,2026-08-09T12:40:00,
SHP-003412,ORD-003412,DC-11,LOADED,Carrier-C,2026-08-23T20:39:00,2026-08-23T20:27:00
SHP-003413,ORD-003413,DC-07,AT_DOCK,Carrier-D,2026-08-09T08:48:00,2026-08-09T09:28:00
SHP-003414,ORD-003414,DC-03,LOADED,Carrier-B,2026-08-14T00:04:00,2026-08-13T23:52:00
SHP-003415,ORD-003415,DC-10,LOADED,Carrier-C,2026-08-30T16:07:00,2026-08-30T16:48:00
SHP-003416,ORD-003416,DC-06,DEPARTED,Carrier-B,2026-08-01T19:25:00,2026-08-01T19:35:00
SHP-003417,ORD-003417,DC-18,AT_DOCK,Carrier-D,2026-09-05T04:44:00,
SHP-003418,ORD-003418,DC-11,LOADED,Carrier-D,2026-08-12T14:26:00,
SHP-003419,ORD-003419,DC-16,PLANNED,Carrier-D,2026-08-25T14:05:00,2026-08-25T14:39:00
SHP-003420,ORD-003420,DC-07,DELAYED,Carrier-C,2026-08-02T11:22:00,
SHP-003421,ORD-003421,DC-15,PLANNED,Carrier-C,2026-08-31T01:13:00,
SHP-003422,ORD-003422,DC-14,PLANNED,Carrier-A,2026-08-28T22:08:00,2026-08-28T22:46:00
SHP-003423,ORD-003423,DC-01,LOADED,Carrier-D,2026-08-26T11:54:00,
SHP-003424,ORD-003424,DC-03,AT_DOCK,Carrier-C,2026-08-10T09:52:00,
SHP-003425,ORD-003425,DC-10,LOADED,Carrier-D,2026-08-18T13:37:00,
SHP-003426,ORD-003426,DC-02,BOOKED,Carrier-D,2026-08-17T07:51:00,2026-08-17T08:17:00
SHP-003427,ORD-003427,DC-18,DELAYED,Carrier-B,2026-08-26T20:34:00,2026-08-26T20:28:00
SHP-003428,ORD-003428,DC-15,BOOKED,Carrier-B,2026-08-06T11:25:00,
SHP-003429,ORD-003429,DC-14,PLANNED,Carrier-C,2026-08-26T08:43:00,
SHP-003430,ORD-003430,DC-08,AT_DOCK,Carrier-D,2026-08-10T20:28:00,
SHP-003431,ORD-003431,DC-11,DELAYED,Carrier-C,2026-08-22T17:58:00,
SHP-003432,ORD-003432,DC-03,LOADED,Carrier-B,2026-08-18T16:20:00,
SHP-003433,ORD-003433,DC-10,DEPARTED,Carrier-C,2026-08-12T23:03:00,
SHP-003434,ORD-003434,DC-13,BOOKED,Carrier-D,2026-08-27T00:22:00,2026-08-27T00:37:00
SHP-003435,ORD-003435,DC-16,BOOKED,Carrier-B,2026-08-07T01:11:00,
SHP-003436,ORD-003436,DC-07,DELAYED,Carrier-C,2026-08-12T07:39:00,2026-08-12T08:27:00
SHP-003437,ORD-003437,DC-10,DELAYED,Carrier-A,2026-08-14T17:07:00,2026-08-14T18:12:00
SHP-003438,ORD-003438,DC-09,LOADED,Carrier-B,2026-08-15T18:41:00,
SHP-003439,ORD-003439,DC-16,BOOKED,Carrier-B,2026-08-16T00:48:00,2026-08-16T01:09:00
SHP-003440,ORD-003440,DC-07,DEPARTED,Carrier-A,2026-08-25T18:50:00,
SHP-003441,ORD-003441,DC-07,BOOKED,Carrier-D,2026-08-12T22:32:00,
SHP-003442,ORD-003442,DC-17,AT_DOCK,Carrier-B,2026-08-02T18:26:00,
SHP-003443,ORD-003443,DC-13,AT_DOCK,Carrier-D,2026-09-01T12:47:00,2026-09-01T12:40:00
SHP-003444,ORD-003444,DC-05,LOADED,Carrier-A,2026-08-15T11:49:00,2026-08-15T11:32:00
SHP-003445,ORD-003445,DC-10,DELAYED,Carrier-A,2026-09-02T03:10:00,2026-09-02T03:42:00
SHP-003446,ORD-003446,DC-15,DEPARTED,Carrier-D,2026-08-27T13:40:00,2026-08-27T13:59:00
SHP-003447,ORD-003447,DC-08,LOADED,Carrier-C,2026-08-08T09:53:00,2026-08-08T10:47:00
SHP-003448,ORD-003448,DC-15,DELAYED,Carrier-A,2026-08-24T06:49:00,2026-08-24T07:05:00
SHP-003449,ORD-003449,DC-04,DEPARTED,Carrier-A,2026-08-16T09:43:00,
SHP-003450,ORD-003450,DC-12,PLANNED,Carrier-C,2026-08-29T02:49:00,
SHP-003451,ORD-003451,DC-03,AT_DOCK,Carrier-D,2026-08-10T23:58:00,2026-08-10T23:43:00
SHP-003452,ORD-003452,DC-17,DEPARTED,Carrier-B,2026-08-23T16:50:00,2026-08-23T17:56:00
SHP-003453,ORD-003453,DC-11,BOOKED,Carrier-C,2026-08-28T02:14:00,2026-08-28T02:47:00
SHP-003454,ORD-003454,DC-09,DEPARTED,Carrier-A,2026-09-05T14:10:00,
SHP-003455,ORD-003455,DC-03,LOADED,Carrier-D,2026-08-25T13:57:00,
SHP-003456,ORD-003456,DC-17,DEPARTED,Carrier-C,2026-08-16T23:41:00,
SHP-003457,ORD-003457,DC-04,AT_DOCK,Carrier-B,2026-08-10T09:06:00,2026-08-10T09:31:00
SHP-003458,ORD-003458,DC-11,PLANNED,Carrier-B,2026-08-29T12:53:00,
SHP-003459,ORD-003459,DC-12,LOADED,Carrier-A,2026-08-28T17:20:00,
SHP-003460,ORD-003460,DC-01,LOADED,Carrier-D,2026-08-17T13:04:00,2026-08-17T13:45:00
SHP-003461,ORD-003461,DC-06,DELAYED,Carrier-C,2026-08-17T12:35:00,
SHP-003462,ORD-003462,DC-09,AT_DOCK,Carrier-D,2026-08-11T13:34:00,2026-08-11T14:33:00
SHP-003463,ORD-003463,DC-18,DELAYED,Carrier-C,2026-08-11T14:22:00,
SHP-003464,ORD-003464,DC-17,BOOKED,Carrier-D,2026-08-07T21:53:00,
SHP-003465,ORD-003465,DC-17,LOADED,Carrier-A,2026-09-01T09:31:00,2026-09-01T09:24:00
SHP-003466,ORD-003466,DC-10,DEPARTED,Carrier-D,2026-08-13T05:16:00,
SHP-003467,ORD-003467,DC-17,DEPARTED,Carrier-C,2026-08-19T08:18:00,2026-08-19T09:11:00
SHP-003468,ORD-003468,DC-07,DEPARTED,Carrier-B,2026-08-11T05:53:00,2026-08-11T07:08:00
SHP-003469,ORD-003469,DC-11,DELAYED,Carrier-D,2026-09-03T17:04:00,
SHP-003470,ORD-003470,DC-11,DEPARTED,Carrier-A,2026-08-29T21:52:00,2026-08-29T21:45:00
SHP-003471,ORD-003471,DC-13,AT_DOCK,Carrier-C,2026-08-06T14:14:00,2026-08-06T14:33:00
SHP-003472,ORD-003472,DC-13,PLANNED,Carrier-A,2026-08-29T17:36:00,
SHP-003473,ORD-003473,DC-12,AT_DOCK,Carrier-A,2026-08-11T09:16:00,
SHP-003474,ORD-003474,DC-11,DELAYED,Carrier-A,2026-08-22T05:15:00,
SHP-003475,ORD-003475,DC-16,LOADED,Carrier-C,2026-08-15T22:16:00,
SHP-003476,ORD-003476,DC-02,LOADED,Carrier-D,2026-08-19T06:30:00,
SHP-003477,ORD-003477,DC-16,LOADED,Carrier-A,2026-08-17T13:50:00,2026-08-17T14:29:00
SHP-003478,ORD-003478,DC-03,LOADED,Carrier-B,2026-08-23T09:26:00,2026-08-23T09:37:00
SHP-003479,ORD-003479,DC-01,BOOKED,Carrier-D,2026-08-24T01:59:00,
SHP-003480,ORD-003480,DC-11,AT_DOCK,Carrier-C,2026-08-13T16:05:00,2026-08-13T16:26:00
SHP-003481,ORD-003481,DC-10,LOADED,Carrier-C,2026-08-04T23:43:00,
SHP-003482,ORD-003482,DC-11,PLANNED,Carrier-A,2026-09-03T03:15:00,2026-09-03T03:12:00
SHP-003483,ORD-003483,DC-15,BOOKED,Carrier-C,2026-08-06T00:37:00,
SHP-003484,ORD-003484,DC-02,PLANNED,Carrier-A,2026-08-01T17:53:00,2026-08-01T18:59:00
SHP-003485,ORD-003485,DC-02,AT_DOCK,Carrier-B,2026-08-09T13:44:00,
SHP-003486,ORD-003486,DC-14,BOOKED,Carrier-A,2026-08-19T15:38:00,2026-08-19T16:34:00
SHP-003487,ORD-003487,DC-12,PLANNED,Carrier-A,2026-08-16T01:43:00,
SHP-003488,ORD-003488,DC-12,AT_DOCK,Carrier-D,2026-08-23T09:44:00,2026-08-23T09:57:00
SHP-003489,ORD-003489,DC-15,PLANNED,Carrier-C,2026-08-03T08:41:00,2026-08-03T09:36:00
SHP-003490,ORD-003490,DC-17,DEPARTED,Carrier-C,2026-08-26T03:08:00,
SHP-003491,ORD-003491,DC-10,AT_DOCK,Carrier-D,2026-08-26T03:12:00,
SHP-003492,ORD-003492,DC-17,BOOKED,Carrier-B,2026-08-09T12:44:00,
SHP-003493,ORD-003493,DC-02,BOOKED,Carrier-C,2026-09-02T16:04:00,2026-09-02T17:05:00
SHP-003494,ORD-003494,DC-16,DEPARTED,Carrier-B,2026-08-29T05:08:00,
SHP-003495,ORD-003495,DC-14,AT_DOCK,Carrier-D,2026-09-03T00:00:00,2026-09-03T00:09:00
SHP-003496,ORD-003496,DC-09,DELAYED,Carrier-A,2026-08-21T18:53:00,2026-08-21T19:21:00
SHP-003497,ORD-003497,DC-07,DELAYED,Carrier-D,2026-08-29T01:38:00,2026-08-29T02:51:00
SHP-003498,ORD-003498,DC-12,AT_DOCK,Carrier-B,2026-08-10T21:48:00,
SHP-003499,ORD-003499,DC-04,DELAYED,Carrier-A,2026-09-01T21:29:00,2026-09-01T22:16:00
SHP-003500,ORD-003500,DC-16,PLANNED,Carrier-A,2026-08-29T15:34:00,
