task_id,order_id,warehouse_id,task_type,assigned_robot,wes_status,fleet_status,source_zone,dest_zone,created_at
TSK-000001-1,ORD-000001,DC-17,PACK_FEED,RBT-0216,BLOCKED,COMPLETE,DC-17-Z03,DC-17-Z07,2026-08-16T06:13:00
TSK-000001-2,ORD-000001,DC-17,PICK,RBT-0105,QUEUED,QUEUED,DC-17-Z07,DC-17-Z09,2026-08-16T05:09:00
TSK-000001-3,ORD-000001,DC-17,MOVE,RBT-0319,COMPLETE,EXECUTING,DC-17-Z10,DC-17-Z01,2026-08-16T06:05:00
TSK-000001-4,ORD-000001,DC-17,PACK_FEED,RBT-0683,ASSIGNED,QUEUED,DC-17-Z09,DC-17-Z09,2026-08-16T04:26:00
TSK-000002-1,ORD-000002,DC-13,PACK_FEED,RBT-0070,COMPLETE,ASSIGNED,DC-13-Z10,DC-13-Z06,2026-08-07T22:56:00
TSK-000002-2,ORD-000002,DC-13,PICK,RBT-0485,ASSIGNED,FAILED,DC-13-Z08,DC-13-Z05,2026-08-07T22:42:00
TSK-000002-3,ORD-000002,DC-13,REPLENISH,RBT-0350,BLOCKED,QUEUED,DC-13-Z03,DC-13-Z12,2026-08-07T23:00:00
TSK-000002-4,ORD-000002,DC-13,MOVE,RBT-0360,EXECUTING,QUEUED,DC-13-Z08,DC-13-Z09,2026-08-07T21:32:00
TSK-000003-1,ORD-000003,DC-10,PICK,RBT-0471,BLOCKED,FAILED,DC-10-Z09,DC-10-Z07,2026-08-04T09:52:00
TSK-000003-2,ORD-000003,DC-10,MOVE,RBT-0161,BLOCKED,ASSIGNED,DC-10-Z03,DC-10-Z10,2026-08-04T09:19:00
TSK-000003-3,ORD-000003,DC-10,PACK_FEED,RBT-0483,COMPLETE,FAILED,DC-10-Z04,DC-10-Z09,2026-08-04T09:14:00
TSK-000004-1,ORD-000004,DC-16,MOVE,RBT-0644,EXECUTING,FAILED,DC-16-Z08,DC-16-Z08,2026-09-02T20:16:00
TSK-000004-2,ORD-000004,DC-16,REPLENISH,RBT-0506,QUEUED,EXECUTING,DC-16-Z03,DC-16-Z06,2026-09-02T20:42:00
TSK-000005-1,ORD-000005,DC-02,PICK,RBT-0580,EXECUTING,QUEUED,DC-02-Z01,DC-02-Z02,2026-08-01T20:08:00
TSK-000005-2,ORD-000005,DC-02,MOVE,RBT-0591,BLOCKED,QUEUED,DC-02-Z06,DC-02-Z03,2026-08-01T20:05:00
TSK-000005-3,ORD-000005,DC-02,STAGE,RBT-0609,ASSIGNED,EXECUTING,DC-02-Z09,DC-02-Z09,2026-08-01T19:49:00
TSK-000005-4,ORD-000005,DC-02,PACK_FEED,RBT-0305,COMPLETE,FAILED,DC-02-Z04,DC-02-Z01,2026-08-01T18:40:00
TSK-000006-1,ORD-000006,DC-12,PACK_FEED,RBT-0273,EXECUTING,QUEUED,DC-12-Z01,DC-12-Z04,2026-08-22T23:14:00
TSK-000006-2,ORD-000006,DC-12,PACK_FEED,RBT-0684,QUEUED,EXECUTING,DC-12-Z03,DC-12-Z06,2026-08-22T22:17:00
TSK-000007-1,ORD-000007,DC-09,STAGE,RBT-0699,QUEUED,FAILED,DC-09-Z02,DC-09-Z05,2026-08-10T09:29:00
TSK-000007-2,ORD-000007,DC-09,STAGE,RBT-0321,COMPLETE,ASSIGNED,DC-09-Z01,DC-09-Z09,2026-08-10T09:34:00
TSK-000007-3,ORD-000007,DC-09,PACK_FEED,RBT-0190,COMPLETE,COMPLETE,DC-09-Z05,DC-09-Z11,2026-08-10T11:21:00
TSK-000008-1,ORD-000008,DC-09,REPLENISH,RBT-0381,EXECUTING,FAILED,DC-09-Z05,DC-09-Z02,2026-08-08T05:49:00
TSK-000008-2,ORD-000008,DC-09,PICK,RBT-0313,BLOCKED,QUEUED,DC-09-Z11,DC-09-Z06,2026-08-08T06:44:00
TSK-000008-3,ORD-000008,DC-09,REPLENISH,RBT-0341,EXECUTING,QUEUED,DC-09-Z12,DC-09-Z11,2026-08-08T05:16:00
TSK-000009-1,ORD-000009,DC-13,PACK_FEED,RBT-0237,BLOCKED,FAILED,DC-13-Z10,DC-13-Z10,2026-08-21T06:50:00
TSK-000009-2,ORD-000009,DC-13,REPLENISH,RBT-0453,COMPLETE,QUEUED,DC-13-Z10,DC-13-Z09,2026-08-21T07:10:00
TSK-000010-1,ORD-000010,DC-13,STAGE,RBT-0261,QUEUED,ASSIGNED,DC-13-Z02,DC-13-Z03,2026-09-01T10:37:00
TSK-000010-2,ORD-000010,DC-13,PICK,RBT-0360,EXECUTING,ASSIGNED,DC-13-Z07,DC-13-Z03,2026-09-01T11:04:00
TSK-000010-3,ORD-000010,DC-13,REPLENISH,RBT-0456,BLOCKED,EXECUTING,DC-13-Z02,DC-13-Z03,2026-09-01T11:44:00
TSK-000010-4,ORD-000010,DC-13,STAGE,RBT-0610,EXECUTING,COMPLETE,DC-13-Z04,DC-13-Z12,2026-09-01T11:27:00
TSK-000011-1,ORD-000011,DC-14,PACK_FEED,RBT-0710,QUEUED,QUEUED,DC-14-Z06,DC-14-Z03,2026-08-10T22:04:00
TSK-000011-2,ORD-000011,DC-14,MOVE,RBT-0079,ASSIGNED,COMPLETE,DC-14-Z10,DC-14-Z08,2026-08-10T20:41:00
TSK-000011-3,ORD-000011,DC-14,STAGE,RBT-0148,COMPLETE,COMPLETE,DC-14-Z08,DC-14-Z10,2026-08-10T20:46:00
TSK-000012-1,ORD-000012,DC-10,STAGE,RBT-0233,ASSIGNED,QUEUED,DC-10-Z06,DC-10-Z03,2026-08-13T19:24:00
TSK-000012-2,ORD-000012,DC-10,STAGE,RBT-0471,ASSIGNED,EXECUTING,DC-10-Z01,DC-10-Z12,2026-08-13T18:26:00
TSK-000013-1,ORD-000013,DC-18,STAGE,RBT-0632,QUEUED,FAILED,DC-18-Z04,DC-18-Z12,2026-08-06T11:03:00
TSK-000013-2,ORD-000013,DC-18,PACK_FEED,RBT-0041,QUEUED,FAILED,DC-18-Z05,DC-18-Z10,2026-08-06T11:37:00
TSK-000013-3,ORD-000013,DC-18,PACK_FEED,RBT-0707,COMPLETE,FAILED,DC-18-Z10,DC-18-Z09,2026-08-06T11:17:00
TSK-000013-4,ORD-000013,DC-18,REPLENISH,RBT-0483,ASSIGNED,QUEUED,DC-18-Z06,DC-18-Z05,2026-08-06T10:52:00
TSK-000014-1,ORD-000014,DC-05,PICK,RBT-0178,BLOCKED,FAILED,DC-05-Z04,DC-05-Z11,2026-08-26T09:15:00
TSK-000015-1,ORD-000015,DC-10,STAGE,RBT-0614,EXECUTING,FAILED,DC-10-Z05,DC-10-Z07,2026-08-29T10:53:00
TSK-000015-2,ORD-000015,DC-10,PACK_FEED,RBT-0326,ASSIGNED,QUEUED,DC-10-Z03,DC-10-Z03,2026-08-29T11:17:00
TSK-000015-3,ORD-000015,DC-10,STAGE,RBT-0684,ASSIGNED,FAILED,DC-10-Z11,DC-10-Z01,2026-08-29T09:26:00
TSK-000016-1,ORD-000016,DC-09,MOVE,RBT-0425,QUEUED,EXECUTING,DC-09-Z02,DC-09-Z09,2026-08-03T15:12:00
TSK-000016-2,ORD-000016,DC-09,PICK,RBT-0251,EXECUTING,COMPLETE,DC-09-Z03,DC-09-Z11,2026-08-03T15:34:00
TSK-000016-3,ORD-000016,DC-09,REPLENISH,RBT-0641,QUEUED,QUEUED,DC-09-Z05,DC-09-Z08,2026-08-03T15:39:00
TSK-000016-4,ORD-000016,DC-09,MOVE,RBT-0691,ASSIGNED,EXECUTING,DC-09-Z06,DC-09-Z03,2026-08-03T14:51:00
TSK-000017-1,ORD-000017,DC-09,STAGE,RBT-0707,BLOCKED,ASSIGNED,DC-09-Z09,DC-09-Z11,2026-08-10T00:29:00
TSK-000017-2,ORD-000017,DC-09,REPLENISH,RBT-0379,BLOCKED,COMPLETE,DC-09-Z10,DC-09-Z01,2026-08-09T23:49:00
TSK-000017-3,ORD-000017,DC-09,PACK_FEED,RBT-0563,QUEUED,QUEUED,DC-09-Z07,DC-09-Z09,2026-08-10T00:01:00
TSK-000018-1,ORD-000018,DC-04,MOVE,RBT-0497,EXECUTING,QUEUED,DC-04-Z06,DC-04-Z02,2026-08-04T13:55:00
TSK-000018-2,ORD-000018,DC-04,PICK,RBT-0525,ASSIGNED,COMPLETE,DC-04-Z03,DC-04-Z09,2026-08-04T15:30:00
TSK-000018-3,ORD-000018,DC-04,MOVE,RBT-0328,ASSIGNED,ASSIGNED,DC-04-Z04,DC-04-Z04,2026-08-04T14:33:00
TSK-000019-1,ORD-000019,DC-01,MOVE,RBT-0542,ASSIGNED,ASSIGNED,DC-01-Z11,DC-01-Z02,2026-08-27T13:32:00
TSK-000019-2,ORD-000019,DC-01,MOVE,RBT-0260,QUEUED,QUEUED,DC-01-Z04,DC-01-Z05,2026-08-27T13:19:00
TSK-000020-1,ORD-000020,DC-14,REPLENISH,RBT-0483,COMPLETE,ASSIGNED,DC-14-Z03,DC-14-Z12,2026-08-20T19:49:00
TSK-000020-2,ORD-000020,DC-14,PACK_FEED,RBT-0254,COMPLETE,COMPLETE,DC-14-Z10,DC-14-Z07,2026-08-20T17:52:00
TSK-000020-3,ORD-000020,DC-14,PACK_FEED,RBT-0130,COMPLETE,COMPLETE,DC-14-Z10,DC-14-Z03,2026-08-20T19:00:00
TSK-000020-4,ORD-000020,DC-14,PACK_FEED,RBT-0043,EXECUTING,ASSIGNED,DC-14-Z03,DC-14-Z07,2026-08-20T18:48:00
TSK-000021-1,ORD-000021,DC-05,STAGE,RBT-0016,COMPLETE,EXECUTING,DC-05-Z12,DC-05-Z08,2026-08-25T04:06:00
TSK-000021-2,ORD-000021,DC-05,REPLENISH,RBT-0324,COMPLETE,EXECUTING,DC-05-Z12,DC-05-Z05,2026-08-25T03:18:00
TSK-000021-3,ORD-000021,DC-05,PACK_FEED,RBT-0422,QUEUED,EXECUTING,DC-05-Z01,DC-05-Z11,2026-08-25T03:37:00
TSK-000022-1,ORD-000022,DC-09,MOVE,RBT-0586,EXECUTING,ASSIGNED,DC-09-Z07,DC-09-Z01,2026-08-11T12:23:00
TSK-000022-2,ORD-000022,DC-09,STAGE,RBT-0066,BLOCKED,FAILED,DC-09-Z02,DC-09-Z05,2026-08-11T13:09:00
TSK-000022-3,ORD-000022,DC-09,PICK,RBT-0075,BLOCKED,COMPLETE,DC-09-Z05,DC-09-Z05,2026-08-11T12:18:00
TSK-000023-1,ORD-000023,DC-16,PACK_FEED,RBT-0455,EXECUTING,ASSIGNED,DC-16-Z03,DC-16-Z06,2026-09-01T06:50:00
TSK-000023-2,ORD-000023,DC-16,REPLENISH,RBT-0672,BLOCKED,COMPLETE,DC-16-Z02,DC-16-Z05,2026-09-01T06:42:00
TSK-000023-3,ORD-000023,DC-16,STAGE,RBT-0258,QUEUED,EXECUTING,DC-16-Z03,DC-16-Z06,2026-09-01T06:55:00
TSK-000024-1,ORD-000024,DC-10,PACK_FEED,RBT-0434,COMPLETE,EXECUTING,DC-10-Z06,DC-10-Z07,2026-08-11T00:10:00
TSK-000025-1,ORD-000025,DC-15,MOVE,RBT-0374,EXECUTING,ASSIGNED,DC-15-Z11,DC-15-Z06,2026-08-23T18:57:00
TSK-000025-2,ORD-000025,DC-15,MOVE,RBT-0124,BLOCKED,EXECUTING,DC-15-Z03,DC-15-Z10,2026-08-23T18:51:00
TSK-000026-1,ORD-000026,DC-09,REPLENISH,RBT-0068,ASSIGNED,QUEUED,DC-09-Z05,DC-09-Z05,2026-08-24T22:54:00
TSK-000026-2,ORD-000026,DC-09,MOVE,RBT-0208,QUEUED,FAILED,DC-09-Z11,DC-09-Z03,2026-08-24T21:51:00
TSK-000026-3,ORD-000026,DC-09,STAGE,RBT-0270,COMPLETE,EXECUTING,DC-09-Z11,DC-09-Z09,2026-08-24T22:54:00
TSK-000027-1,ORD-000027,DC-18,REPLENISH,RBT-0206,ASSIGNED,ASSIGNED,DC-18-Z11,DC-18-Z11,2026-08-01T08:38:00
TSK-000028-1,ORD-000028,DC-13,REPLENISH,RBT-0592,ASSIGNED,FAILED,DC-13-Z03,DC-13-Z07,2026-08-02T08:47:00
TSK-000029-1,ORD-000029,DC-04,STAGE,RBT-0606,BLOCKED,EXECUTING,DC-04-Z01,DC-04-Z09,2026-08-20T20:56:00
TSK-000029-2,ORD-000029,DC-04,PACK_FEED,RBT-0625,ASSIGNED,EXECUTING,DC-04-Z03,DC-04-Z09,2026-08-20T20:10:00
TSK-000030-1,ORD-000030,DC-09,PACK_FEED,RBT-0351,BLOCKED,EXECUTING,DC-09-Z10,DC-09-Z07,2026-09-01T17:08:00
TSK-000030-2,ORD-000030,DC-09,STAGE,RBT-0696,ASSIGNED,QUEUED,DC-09-Z09,DC-09-Z11,2026-09-01T16:27:00
TSK-000030-3,ORD-000030,DC-09,MOVE,RBT-0399,EXECUTING,ASSIGNED,DC-09-Z04,DC-09-Z12,2026-09-01T16:47:00
TSK-000031-1,ORD-000031,DC-09,PICK,RBT-0580,BLOCKED,FAILED,DC-09-Z05,DC-09-Z08,2026-08-06T12:03:00
TSK-000031-2,ORD-000031,DC-09,PICK,RBT-0452,COMPLETE,FAILED,DC-09-Z03,DC-09-Z11,2026-08-06T10:56:00
TSK-000032-1,ORD-000032,DC-04,MOVE,RBT-0445,EXECUTING,ASSIGNED,DC-04-Z09,DC-04-Z08,2026-08-25T14:09:00
TSK-000032-2,ORD-000032,DC-04,PACK_FEED,RBT-0235,BLOCKED,ASSIGNED,DC-04-Z12,DC-04-Z05,2026-08-25T12:56:00
TSK-000032-3,ORD-000032,DC-04,MOVE,RBT-0432,ASSIGNED,FAILED,DC-04-Z06,DC-04-Z06,2026-08-25T13:05:00
TSK-000032-4,ORD-000032,DC-04,REPLENISH,RBT-0110,BLOCKED,EXECUTING,DC-04-Z12,DC-04-Z05,2026-08-25T13:09:00
TSK-000033-1,ORD-000033,DC-12,MOVE,RBT-0316,QUEUED,ASSIGNED,DC-12-Z01,DC-12-Z11,2026-08-06T07:40:00
TSK-000033-2,ORD-000033,DC-12,PICK,RBT-0426,EXECUTING,QUEUED,DC-12-Z10,DC-12-Z03,2026-08-06T06:28:00
TSK-000033-3,ORD-000033,DC-12,PACK_FEED,RBT-0412,COMPLETE,EXECUTING,DC-12-Z04,DC-12-Z05,2026-08-06T06:42:00
TSK-000034-1,ORD-000034,DC-07,PACK_FEED,RBT-0422,QUEUED,COMPLETE,DC-07-Z10,DC-07-Z09,2026-08-11T05:24:00
TSK-000034-2,ORD-000034,DC-07,MOVE,RBT-0257,ASSIGNED,FAILED,DC-07-Z01,DC-07-Z12,2026-08-11T04:17:00
TSK-000034-3,ORD-000034,DC-07,PACK_FEED,RBT-0283,ASSIGNED,ASSIGNED,DC-07-Z02,DC-07-Z02,2026-08-11T04:24:00
TSK-000034-4,ORD-000034,DC-07,PACK_FEED,RBT-0666,ASSIGNED,FAILED,DC-07-Z02,DC-07-Z05,2026-08-11T05:16:00
TSK-000035-1,ORD-000035,DC-11,REPLENISH,RBT-0325,EXECUTING,COMPLETE,DC-11-Z02,DC-11-Z06,2026-08-27T15:06:00
TSK-000035-2,ORD-000035,DC-11,PACK_FEED,RBT-0547,QUEUED,FAILED,DC-11-Z02,DC-11-Z11,2026-08-27T15:09:00
TSK-000036-1,ORD-000036,DC-08,PACK_FEED,RBT-0528,COMPLETE,ASSIGNED,DC-08-Z04,DC-08-Z01,2026-08-12T17:50:00
TSK-000036-2,ORD-000036,DC-08,STAGE,RBT-0438,BLOCKED,QUEUED,DC-08-Z08,DC-08-Z08,2026-08-12T16:50:00
TSK-000036-3,ORD-000036,DC-08,REPLENISH,RBT-0111,COMPLETE,COMPLETE,DC-08-Z09,DC-08-Z11,2026-08-12T17:59:00
TSK-000036-4,ORD-000036,DC-08,STAGE,RBT-0284,QUEUED,FAILED,DC-08-Z07,DC-08-Z02,2026-08-12T18:31:00
TSK-000037-1,ORD-000037,DC-17,PICK,RBT-0238,BLOCKED,ASSIGNED,DC-17-Z06,DC-17-Z08,2026-08-27T20:52:00
TSK-000037-2,ORD-000037,DC-17,REPLENISH,RBT-0407,COMPLETE,EXECUTING,DC-17-Z06,DC-17-Z07,2026-08-27T20:56:00
TSK-000037-3,ORD-000037,DC-17,MOVE,RBT-0224,EXECUTING,COMPLETE,DC-17-Z01,DC-17-Z07,2026-08-27T21:48:00
TSK-000038-1,ORD-000038,DC-13,MOVE,RBT-0469,BLOCKED,QUEUED,DC-13-Z08,DC-13-Z12,2026-09-04T00:49:00
TSK-000038-2,ORD-000038,DC-13,PICK,RBT-0347,COMPLETE,FAILED,DC-13-Z01,DC-13-Z12,2026-09-04T01:51:00
TSK-000038-3,ORD-000038,DC-13,REPLENISH,RBT-0640,COMPLETE,FAILED,DC-13-Z08,DC-13-Z07,2026-09-04T02:35:00
TSK-000038-4,ORD-000038,DC-13,STAGE,RBT-0415,EXECUTING,ASSIGNED,DC-13-Z09,DC-13-Z07,2026-09-04T02:10:00
TSK-000039-1,ORD-000039,DC-14,STAGE,RBT-0370,COMPLETE,QUEUED,DC-14-Z12,DC-14-Z09,2026-08-10T23:05:00
TSK-000039-2,ORD-000039,DC-14,MOVE,RBT-0241,BLOCKED,FAILED,DC-14-Z03,DC-14-Z05,2026-08-10T22:23:00
TSK-000040-1,ORD-000040,DC-04,STAGE,RBT-0238,BLOCKED,ASSIGNED,DC-04-Z05,DC-04-Z03,2026-08-22T05:55:00
TSK-000040-2,ORD-000040,DC-04,STAGE,RBT-0698,QUEUED,FAILED,DC-04-Z11,DC-04-Z10,2026-08-22T06:01:00
TSK-000040-3,ORD-000040,DC-04,STAGE,RBT-0521,COMPLETE,ASSIGNED,DC-04-Z05,DC-04-Z12,2026-08-22T06:15:00
TSK-000040-4,ORD-000040,DC-04,STAGE,RBT-0528,COMPLETE,EXECUTING,DC-04-Z11,DC-04-Z05,2026-08-22T06:22:00
TSK-000041-1,ORD-000041,DC-01,PICK,RBT-0113,ASSIGNED,COMPLETE,DC-01-Z09,DC-01-Z01,2026-08-29T08:03:00
TSK-000041-2,ORD-000041,DC-01,MOVE,RBT-0534,ASSIGNED,EXECUTING,DC-01-Z02,DC-01-Z11,2026-08-29T08:27:00
TSK-000041-3,ORD-000041,DC-01,PACK_FEED,RBT-0637,BLOCKED,QUEUED,DC-01-Z06,DC-01-Z09,2026-08-29T08:21:00
TSK-000041-4,ORD-000041,DC-01,MOVE,RBT-0266,BLOCKED,COMPLETE,DC-01-Z07,DC-01-Z01,2026-08-29T08:47:00
TSK-000042-1,ORD-000042,DC-11,PACK_FEED,RBT-0646,BLOCKED,EXECUTING,DC-11-Z07,DC-11-Z11,2026-08-15T04:05:00
TSK-000042-2,ORD-000042,DC-11,REPLENISH,RBT-0578,BLOCKED,EXECUTING,DC-11-Z07,DC-11-Z12,2026-08-15T04:23:00
TSK-000043-1,ORD-000043,DC-09,PACK_FEED,RBT-0074,COMPLETE,QUEUED,DC-09-Z11,DC-09-Z08,2026-09-05T06:42:00
TSK-000044-1,ORD-000044,DC-03,STAGE,RBT-0034,COMPLETE,EXECUTING,DC-03-Z06,DC-03-Z11,2026-09-02T23:36:00
TSK-000044-2,ORD-000044,DC-03,PICK,RBT-0529,QUEUED,COMPLETE,DC-03-Z08,DC-03-Z04,2026-09-02T22:52:00
TSK-000044-3,ORD-000044,DC-03,REPLENISH,RBT-0111,BLOCKED,COMPLETE,DC-03-Z02,DC-03-Z08,2026-09-02T23:30:00
TSK-000044-4,ORD-000044,DC-03,PICK,RBT-0401,EXECUTING,QUEUED,DC-03-Z08,DC-03-Z12,2026-09-02T22:54:00
TSK-000045-1,ORD-000045,DC-01,REPLENISH,RBT-0605,ASSIGNED,EXECUTING,DC-01-Z12,DC-01-Z01,2026-08-12T03:57:00
TSK-000046-1,ORD-000046,DC-09,PACK_FEED,RBT-0592,BLOCKED,ASSIGNED,DC-09-Z11,DC-09-Z06,2026-08-11T22:15:00
TSK-000046-2,ORD-000046,DC-09,STAGE,RBT-0356,COMPLETE,EXECUTING,DC-09-Z12,DC-09-Z08,2026-08-11T23:18:00
TSK-000046-3,ORD-000046,DC-09,MOVE,RBT-0078,COMPLETE,COMPLETE,DC-09-Z01,DC-09-Z10,2026-08-11T22:06:00
TSK-000046-4,ORD-000046,DC-09,REPLENISH,RBT-0155,BLOCKED,EXECUTING,DC-09-Z02,DC-09-Z09,2026-08-11T23:54:00
TSK-000047-1,ORD-000047,DC-12,PACK_FEED,RBT-0417,COMPLETE,QUEUED,DC-12-Z02,DC-12-Z08,2026-09-04T15:47:00
TSK-000047-2,ORD-000047,DC-12,PACK_FEED,RBT-0610,ASSIGNED,EXECUTING,DC-12-Z04,DC-12-Z09,2026-09-04T17:07:00
TSK-000047-3,ORD-000047,DC-12,REPLENISH,RBT-0066,QUEUED,EXECUTING,DC-12-Z06,DC-12-Z06,2026-09-04T15:27:00
TSK-000048-1,ORD-000048,DC-06,PACK_FEED,RBT-0266,ASSIGNED,FAILED,DC-06-Z10,DC-06-Z11,2026-08-12T09:22:00
TSK-000048-2,ORD-000048,DC-06,PACK_FEED,RBT-0136,COMPLETE,ASSIGNED,DC-06-Z11,DC-06-Z04,2026-08-12T10:34:00
TSK-000048-3,ORD-000048,DC-06,PICK,RBT-0426,ASSIGNED,QUEUED,DC-06-Z01,DC-06-Z08,2026-08-12T10:35:00
TSK-000049-1,ORD-000049,DC-07,REPLENISH,RBT-0253,EXECUTING,EXECUTING,DC-07-Z05,DC-07-Z10,2026-08-04T17:06:00
TSK-000050-1,ORD-000050,DC-15,PICK,RBT-0586,BLOCKED,QUEUED,DC-15-Z04,DC-15-Z10,2026-08-16T23:18:00
TSK-000050-2,ORD-000050,DC-15,REPLENISH,RBT-0125,QUEUED,FAILED,DC-15-Z05,DC-15-Z06,2026-08-17T00:38:00
TSK-000051-1,ORD-000051,DC-02,PACK_FEED,RBT-0514,BLOCKED,ASSIGNED,DC-02-Z10,DC-02-Z01,2026-08-19T12:04:00
TSK-000052-1,ORD-000052,DC-13,STAGE,RBT-0471,COMPLETE,QUEUED,DC-13-Z11,DC-13-Z10,2026-08-08T21:18:00
TSK-000052-2,ORD-000052,DC-13,PACK_FEED,RBT-0087,EXECUTING,COMPLETE,DC-13-Z03,DC-13-Z09,2026-08-08T20:24:00
TSK-000052-3,ORD-000052,DC-13,STAGE,RBT-0027,ASSIGNED,QUEUED,DC-13-Z08,DC-13-Z10,2026-08-08T20:16:00
TSK-000052-4,ORD-000052,DC-13,PICK,RBT-0370,EXECUTING,EXECUTING,DC-13-Z07,DC-13-Z02,2026-08-08T20:49:00
TSK-000053-1,ORD-000053,DC-06,REPLENISH,RBT-0090,EXECUTING,ASSIGNED,DC-06-Z09,DC-06-Z01,2026-08-07T16:58:00
TSK-000053-2,ORD-000053,DC-06,PICK,RBT-0020,COMPLETE,FAILED,DC-06-Z03,DC-06-Z03,2026-08-07T17:25:00
TSK-000053-3,ORD-000053,DC-06,PICK,RBT-0402,COMPLETE,COMPLETE,DC-06-Z06,DC-06-Z08,2026-08-07T17:37:00
TSK-000053-4,ORD-000053,DC-06,PICK,RBT-0108,EXECUTING,EXECUTING,DC-06-Z06,DC-06-Z04,2026-08-07T17:05:00
TSK-000054-1,ORD-000054,DC-05,STAGE,RBT-0474,ASSIGNED,QUEUED,DC-05-Z04,DC-05-Z02,2026-08-11T14:13:00
TSK-000054-2,ORD-000054,DC-05,REPLENISH,RBT-0639,ASSIGNED,ASSIGNED,DC-05-Z09,DC-05-Z09,2026-08-11T15:29:00
TSK-000054-3,ORD-000054,DC-05,STAGE,RBT-0352,EXECUTING,EXECUTING,DC-05-Z11,DC-05-Z06,2026-08-11T14:20:00
TSK-000055-1,ORD-000055,DC-02,REPLENISH,RBT-0567,BLOCKED,EXECUTING,DC-02-Z08,DC-02-Z09,2026-08-01T20:31:00
TSK-000055-2,ORD-000055,DC-02,PACK_FEED,RBT-0033,QUEUED,ASSIGNED,DC-02-Z03,DC-02-Z07,2026-08-01T19:35:00
TSK-000056-1,ORD-000056,DC-02,PICK,RBT-0151,COMPLETE,FAILED,DC-02-Z04,DC-02-Z04,2026-08-09T08:30:00
TSK-000056-2,ORD-000056,DC-02,STAGE,RBT-0213,BLOCKED,EXECUTING,DC-02-Z12,DC-02-Z10,2026-08-09T09:37:00
TSK-000056-3,ORD-000056,DC-02,PACK_FEED,RBT-0136,COMPLETE,FAILED,DC-02-Z07,DC-02-Z05,2026-08-09T09:52:00
TSK-000056-4,ORD-000056,DC-02,STAGE,RBT-0025,EXECUTING,EXECUTING,DC-02-Z09,DC-02-Z11,2026-08-09T08:07:00
TSK-000057-1,ORD-000057,DC-13,MOVE,RBT-0602,QUEUED,ASSIGNED,DC-13-Z06,DC-13-Z12,2026-08-27T10:34:00
TSK-000058-1,ORD-000058,DC-16,MOVE,RBT-0195,EXECUTING,COMPLETE,DC-16-Z05,DC-16-Z10,2026-08-09T07:47:00
TSK-000058-2,ORD-000058,DC-16,PICK,RBT-0362,BLOCKED,QUEUED,DC-16-Z12,DC-16-Z07,2026-08-09T07:22:00
TSK-000058-3,ORD-000058,DC-16,PICK,RBT-0300,EXECUTING,EXECUTING,DC-16-Z02,DC-16-Z11,2026-08-09T06:13:00
TSK-000059-1,ORD-000059,DC-14,MOVE,RBT-0083,ASSIGNED,COMPLETE,DC-14-Z11,DC-14-Z02,2026-08-05T05:04:00
TSK-000060-1,ORD-000060,DC-04,REPLENISH,RBT-0487,ASSIGNED,EXECUTING,DC-04-Z05,DC-04-Z09,2026-09-01T02:04:00
TSK-000060-2,ORD-000060,DC-04,PICK,RBT-0019,COMPLETE,ASSIGNED,DC-04-Z06,DC-04-Z03,2026-09-01T00:38:00
TSK-000061-1,ORD-000061,DC-10,REPLENISH,RBT-0659,COMPLETE,COMPLETE,DC-10-Z03,DC-10-Z03,2026-08-26T06:25:00
TSK-000061-2,ORD-000061,DC-10,MOVE,RBT-0577,ASSIGNED,QUEUED,DC-10-Z09,DC-10-Z12,2026-08-26T06:25:00
TSK-000062-1,ORD-000062,DC-01,PACK_FEED,RBT-0643,EXECUTING,ASSIGNED,DC-01-Z11,DC-01-Z01,2026-08-23T02:54:00
TSK-000062-2,ORD-000062,DC-01,MOVE,RBT-0265,BLOCKED,ASSIGNED,DC-01-Z01,DC-01-Z12,2026-08-23T02:32:00
TSK-000062-3,ORD-000062,DC-01,MOVE,RBT-0164,BLOCKED,FAILED,DC-01-Z10,DC-01-Z03,2026-08-23T03:02:00
TSK-000063-1,ORD-000063,DC-01,REPLENISH,RBT-0247,BLOCKED,EXECUTING,DC-01-Z08,DC-01-Z06,2026-08-27T23:50:00
TSK-000064-1,ORD-000064,DC-02,STAGE,RBT-0584,ASSIGNED,QUEUED,DC-02-Z01,DC-02-Z06,2026-08-23T16:16:00
TSK-000065-1,ORD-000065,DC-13,STAGE,RBT-0641,COMPLETE,EXECUTING,DC-13-Z08,DC-13-Z10,2026-08-29T20:27:00
TSK-000066-1,ORD-000066,DC-08,REPLENISH,RBT-0576,ASSIGNED,COMPLETE,DC-08-Z01,DC-08-Z05,2026-08-07T04:24:00
TSK-000067-1,ORD-000067,DC-16,STAGE,RBT-0447,COMPLETE,FAILED,DC-16-Z07,DC-16-Z08,2026-08-10T06:06:00
TSK-000067-2,ORD-000067,DC-16,MOVE,RBT-0236,ASSIGNED,COMPLETE,DC-16-Z02,DC-16-Z02,2026-08-10T05:33:00
TSK-000067-3,ORD-000067,DC-16,PICK,RBT-0463,COMPLETE,QUEUED,DC-16-Z01,DC-16-Z11,2026-08-10T06:20:00
TSK-000067-4,ORD-000067,DC-16,STAGE,RBT-0157,ASSIGNED,COMPLETE,DC-16-Z05,DC-16-Z12,2026-08-10T05:56:00
TSK-000068-1,ORD-000068,DC-06,MOVE,RBT-0419,EXECUTING,QUEUED,DC-06-Z02,DC-06-Z10,2026-08-05T19:42:00
TSK-000069-1,ORD-000069,DC-15,STAGE,RBT-0647,COMPLETE,COMPLETE,DC-15-Z12,DC-15-Z01,2026-08-17T02:13:00
TSK-000069-2,ORD-000069,DC-15,PACK_FEED,RBT-0596,BLOCKED,COMPLETE,DC-15-Z05,DC-15-Z11,2026-08-17T02:25:00
TSK-000069-3,ORD-000069,DC-15,PACK_FEED,RBT-0558,BLOCKED,FAILED,DC-15-Z09,DC-15-Z10,2026-08-17T01:34:00
TSK-000069-4,ORD-000069,DC-15,PICK,RBT-0044,ASSIGNED,FAILED,DC-15-Z07,DC-15-Z11,2026-08-17T01:37:00
TSK-000070-1,ORD-000070,DC-02,PACK_FEED,RBT-0127,BLOCKED,ASSIGNED,DC-02-Z04,DC-02-Z06,2026-08-08T07:36:00
TSK-000070-2,ORD-000070,DC-02,REPLENISH,RBT-0337,QUEUED,QUEUED,DC-02-Z02,DC-02-Z01,2026-08-08T09:01:00
TSK-000071-1,ORD-000071,DC-12,STAGE,RBT-0210,ASSIGNED,QUEUED,DC-12-Z01,DC-12-Z05,2026-08-11T23:21:00
TSK-000071-2,ORD-000071,DC-12,PACK_FEED,RBT-0087,QUEUED,EXECUTING,DC-12-Z09,DC-12-Z09,2026-08-11T22:09:00
TSK-000071-3,ORD-000071,DC-12,STAGE,RBT-0513,BLOCKED,FAILED,DC-12-Z01,DC-12-Z08,2026-08-11T23:42:00
TSK-000071-4,ORD-000071,DC-12,MOVE,RBT-0335,COMPLETE,EXECUTING,DC-12-Z11,DC-12-Z06,2026-08-11T23:03:00
TSK-000072-1,ORD-000072,DC-09,PACK_FEED,RBT-0344,EXECUTING,EXECUTING,DC-09-Z08,DC-09-Z06,2026-08-12T21:14:00
TSK-000072-2,ORD-000072,DC-09,REPLENISH,RBT-0370,ASSIGNED,EXECUTING,DC-09-Z03,DC-09-Z10,2026-08-12T19:22:00
TSK-000072-3,ORD-000072,DC-09,REPLENISH,RBT-0397,QUEUED,COMPLETE,DC-09-Z04,DC-09-Z08,2026-08-12T20:29:00
TSK-000072-4,ORD-000072,DC-09,PICK,RBT-0350,QUEUED,COMPLETE,DC-09-Z02,DC-09-Z04,2026-08-12T20:24:00
TSK-000073-1,ORD-000073,DC-16,REPLENISH,RBT-0599,ASSIGNED,FAILED,DC-16-Z06,DC-16-Z12,2026-08-25T20:19:00
TSK-000073-2,ORD-000073,DC-16,STAGE,RBT-0399,BLOCKED,COMPLETE,DC-16-Z06,DC-16-Z03,2026-08-25T20:15:00
TSK-000074-1,ORD-000074,DC-03,STAGE,RBT-0320,QUEUED,FAILED,DC-03-Z03,DC-03-Z10,2026-08-23T11:12:00
TSK-000074-2,ORD-000074,DC-03,REPLENISH,RBT-0320,BLOCKED,FAILED,DC-03-Z10,DC-03-Z10,2026-08-23T12:25:00
TSK-000074-3,ORD-000074,DC-03,STAGE,RBT-0432,COMPLETE,ASSIGNED,DC-03-Z07,DC-03-Z06,2026-08-23T11:28:00
TSK-000074-4,ORD-000074,DC-03,PACK_FEED,RBT-0551,COMPLETE,QUEUED,DC-03-Z09,DC-03-Z01,2026-08-23T12:11:00
TSK-000075-1,ORD-000075,DC-04,REPLENISH,RBT-0167,BLOCKED,ASSIGNED,DC-04-Z07,DC-04-Z02,2026-08-08T22:01:00
TSK-000075-2,ORD-000075,DC-04,STAGE,RBT-0309,BLOCKED,COMPLETE,DC-04-Z09,DC-04-Z10,2026-08-08T22:47:00
TSK-000075-3,ORD-000075,DC-04,MOVE,RBT-0501,ASSIGNED,QUEUED,DC-04-Z07,DC-04-Z11,2026-08-08T23:06:00
TSK-000075-4,ORD-000075,DC-04,REPLENISH,RBT-0119,COMPLETE,ASSIGNED,DC-04-Z04,DC-04-Z08,2026-08-08T21:32:00
TSK-000076-1,ORD-000076,DC-09,STAGE,RBT-0238,ASSIGNED,COMPLETE,DC-09-Z02,DC-09-Z05,2026-09-04T21:05:00
TSK-000076-2,ORD-000076,DC-09,PICK,RBT-0653,COMPLETE,QUEUED,DC-09-Z04,DC-09-Z06,2026-09-04T20:08:00
TSK-000076-3,ORD-000076,DC-09,REPLENISH,RBT-0313,EXECUTING,EXECUTING,DC-09-Z12,DC-09-Z10,2026-09-04T20:16:00
TSK-000077-1,ORD-000077,DC-17,REPLENISH,RBT-0433,BLOCKED,COMPLETE,DC-17-Z02,DC-17-Z03,2026-08-29T08:39:00
TSK-000077-2,ORD-000077,DC-17,STAGE,RBT-0193,QUEUED,EXECUTING,DC-17-Z10,DC-17-Z11,2026-08-29T07:53:00
TSK-000078-1,ORD-000078,DC-12,MOVE,RBT-0259,BLOCKED,COMPLETE,DC-12-Z01,DC-12-Z04,2026-08-31T13:56:00
TSK-000078-2,ORD-000078,DC-12,REPLENISH,RBT-0321,EXECUTING,EXECUTING,DC-12-Z09,DC-12-Z09,2026-08-31T13:58:00
TSK-000078-3,ORD-000078,DC-12,PICK,RBT-0550,BLOCKED,FAILED,DC-12-Z11,DC-12-Z04,2026-08-31T12:19:00
TSK-000079-1,ORD-000079,DC-08,PICK,RBT-0213,QUEUED,COMPLETE,DC-08-Z11,DC-08-Z07,2026-08-01T22:08:00
TSK-000079-2,ORD-000079,DC-08,STAGE,RBT-0307,BLOCKED,FAILED,DC-08-Z06,DC-08-Z07,2026-08-01T21:05:00
TSK-000080-1,ORD-000080,DC-09,PICK,RBT-0074,EXECUTING,COMPLETE,DC-09-Z10,DC-09-Z06,2026-08-03T02:36:00
TSK-000081-1,ORD-000081,DC-17,REPLENISH,RBT-0695,ASSIGNED,QUEUED,DC-17-Z10,DC-17-Z08,2026-08-16T11:30:00
TSK-000081-2,ORD-000081,DC-17,STAGE,RBT-0111,EXECUTING,QUEUED,DC-17-Z08,DC-17-Z05,2026-08-16T12:01:00
TSK-000081-3,ORD-000081,DC-17,REPLENISH,RBT-0659,QUEUED,EXECUTING,DC-17-Z07,DC-17-Z12,2026-08-16T12:02:00
TSK-000081-4,ORD-000081,DC-17,STAGE,RBT-0224,QUEUED,ASSIGNED,DC-17-Z09,DC-17-Z07,2026-08-16T11:12:00
TSK-000082-1,ORD-000082,DC-17,PACK_FEED,RBT-0366,COMPLETE,QUEUED,DC-17-Z08,DC-17-Z05,2026-08-21T19:34:00
TSK-000083-1,ORD-000083,DC-17,REPLENISH,RBT-0647,ASSIGNED,EXECUTING,DC-17-Z12,DC-17-Z08,2026-08-11T11:05:00
TSK-000083-2,ORD-000083,DC-17,STAGE,RBT-0224,ASSIGNED,COMPLETE,DC-17-Z07,DC-17-Z06,2026-08-11T12:41:00
TSK-000083-3,ORD-000083,DC-17,PICK,RBT-0168,BLOCKED,ASSIGNED,DC-17-Z12,DC-17-Z09,2026-08-11T11:58:00
TSK-000084-1,ORD-000084,DC-16,MOVE,RBT-0642,EXECUTING,ASSIGNED,DC-16-Z07,DC-16-Z06,2026-08-24T16:55:00
TSK-000084-2,ORD-000084,DC-16,MOVE,RBT-0523,COMPLETE,EXECUTING,DC-16-Z11,DC-16-Z09,2026-08-24T18:18:00
TSK-000084-3,ORD-000084,DC-16,MOVE,RBT-0711,BLOCKED,FAILED,DC-16-Z12,DC-16-Z04,2026-08-24T18:17:00
TSK-000084-4,ORD-000084,DC-16,STAGE,RBT-0358,QUEUED,QUEUED,DC-16-Z04,DC-16-Z08,2026-08-24T16:46:00
TSK-000085-1,ORD-000085,DC-15,MOVE,RBT-0612,QUEUED,QUEUED,DC-15-Z03,DC-15-Z08,2026-08-15T00:53:00
TSK-000085-2,ORD-000085,DC-15,REPLENISH,RBT-0630,BLOCKED,ASSIGNED,DC-15-Z02,DC-15-Z10,2026-08-14T23:24:00
TSK-000086-1,ORD-000086,DC-10,MOVE,RBT-0710,QUEUED,COMPLETE,DC-10-Z12,DC-10-Z11,2026-08-20T03:45:00
TSK-000086-2,ORD-000086,DC-10,STAGE,RBT-0455,COMPLETE,EXECUTING,DC-10-Z07,DC-10-Z08,2026-08-20T05:02:00
TSK-000087-1,ORD-000087,DC-06,MOVE,RBT-0607,COMPLETE,QUEUED,DC-06-Z05,DC-06-Z08,2026-08-01T08:33:00
TSK-000088-1,ORD-000088,DC-17,MOVE,RBT-0607,QUEUED,FAILED,DC-17-Z02,DC-17-Z04,2026-08-11T12:33:00
TSK-000088-2,ORD-000088,DC-17,PACK_FEED,RBT-0670,QUEUED,QUEUED,DC-17-Z06,DC-17-Z10,2026-08-11T11:42:00
TSK-000089-1,ORD-000089,DC-08,REPLENISH,RBT-0695,EXECUTING,ASSIGNED,DC-08-Z12,DC-08-Z06,2026-08-27T13:05:00
TSK-000089-2,ORD-000089,DC-08,PACK_FEED,RBT-0348,BLOCKED,FAILED,DC-08-Z12,DC-08-Z08,2026-08-27T12:43:00
TSK-000089-3,ORD-000089,DC-08,MOVE,RBT-0256,ASSIGNED,FAILED,DC-08-Z11,DC-08-Z09,2026-08-27T13:36:00
TSK-000089-4,ORD-000089,DC-08,PICK,RBT-0532,COMPLETE,ASSIGNED,DC-08-Z05,DC-08-Z06,2026-08-27T13:24:00
TSK-000090-1,ORD-000090,DC-13,REPLENISH,RBT-0458,ASSIGNED,FAILED,DC-13-Z03,DC-13-Z09,2026-09-02T19:25:00
TSK-000090-2,ORD-000090,DC-13,PACK_FEED,RBT-0696,COMPLETE,EXECUTING,DC-13-Z05,DC-13-Z04,2026-09-02T20:20:00
TSK-000091-1,ORD-000091,DC-03,REPLENISH,RBT-0055,EXECUTING,ASSIGNED,DC-03-Z08,DC-03-Z08,2026-08-04T10:07:00
TSK-000091-2,ORD-000091,DC-03,PACK_FEED,RBT-0099,EXECUTING,EXECUTING,DC-03-Z12,DC-03-Z04,2026-08-04T09:39:00
TSK-000091-3,ORD-000091,DC-03,STAGE,RBT-0197,BLOCKED,QUEUED,DC-03-Z08,DC-03-Z07,2026-08-04T08:49:00
TSK-000091-4,ORD-000091,DC-03,REPLENISH,RBT-0430,QUEUED,QUEUED,DC-03-Z03,DC-03-Z07,2026-08-04T08:49:00
TSK-000092-1,ORD-000092,DC-07,REPLENISH,RBT-0098,ASSIGNED,COMPLETE,DC-07-Z10,DC-07-Z09,2026-08-13T17:43:00
TSK-000093-1,ORD-000093,DC-15,REPLENISH,RBT-0661,QUEUED,ASSIGNED,DC-15-Z04,DC-15-Z08,2026-08-06T15:59:00
TSK-000094-1,ORD-000094,DC-10,PACK_FEED,RBT-0361,EXECUTING,ASSIGNED,DC-10-Z11,DC-10-Z03,2026-08-29T17:48:00
TSK-000094-2,ORD-000094,DC-10,REPLENISH,RBT-0466,EXECUTING,FAILED,DC-10-Z11,DC-10-Z02,2026-08-29T18:47:00
TSK-000094-3,ORD-000094,DC-10,PICK,RBT-0682,COMPLETE,QUEUED,DC-10-Z07,DC-10-Z02,2026-08-29T18:08:00
TSK-000095-1,ORD-000095,DC-04,PICK,RBT-0205,BLOCKED,QUEUED,DC-04-Z01,DC-04-Z03,2026-08-02T15:50:00
TSK-000095-2,ORD-000095,DC-04,MOVE,RBT-0307,EXECUTING,EXECUTING,DC-04-Z06,DC-04-Z01,2026-08-02T15:38:00
TSK-000095-3,ORD-000095,DC-04,PACK_FEED,RBT-0396,ASSIGNED,COMPLETE,DC-04-Z01,DC-04-Z11,2026-08-02T15:43:00
TSK-000095-4,ORD-000095,DC-04,PACK_FEED,RBT-0121,EXECUTING,COMPLETE,DC-04-Z07,DC-04-Z11,2026-08-02T17:31:00
TSK-000096-1,ORD-000096,DC-14,MOVE,RBT-0274,BLOCKED,EXECUTING,DC-14-Z08,DC-14-Z11,2026-08-08T21:15:00
TSK-000096-2,ORD-000096,DC-14,REPLENISH,RBT-0615,ASSIGNED,FAILED,DC-14-Z08,DC-14-Z04,2026-08-08T21:47:00
TSK-000096-3,ORD-000096,DC-14,PICK,RBT-0533,ASSIGNED,COMPLETE,DC-14-Z01,DC-14-Z04,2026-08-08T22:09:00
TSK-000097-1,ORD-000097,DC-10,STAGE,RBT-0416,BLOCKED,QUEUED,DC-10-Z08,DC-10-Z07,2026-08-30T10:51:00
TSK-000097-2,ORD-000097,DC-10,MOVE,RBT-0431,QUEUED,FAILED,DC-10-Z08,DC-10-Z07,2026-08-30T11:30:00
TSK-000097-3,ORD-000097,DC-10,MOVE,RBT-0053,EXECUTING,ASSIGNED,DC-10-Z11,DC-10-Z07,2026-08-30T10:29:00
TSK-000097-4,ORD-000097,DC-10,REPLENISH,RBT-0490,ASSIGNED,EXECUTING,DC-10-Z12,DC-10-Z02,2026-08-30T11:28:00
TSK-000098-1,ORD-000098,DC-09,REPLENISH,RBT-0468,COMPLETE,QUEUED,DC-09-Z10,DC-09-Z03,2026-08-23T07:17:00
TSK-000098-2,ORD-000098,DC-09,PACK_FEED,RBT-0140,BLOCKED,ASSIGNED,DC-09-Z04,DC-09-Z05,2026-08-23T07:33:00
TSK-000099-1,ORD-000099,DC-07,MOVE,RBT-0316,QUEUED,FAILED,DC-07-Z01,DC-07-Z04,2026-08-28T01:51:00
TSK-000099-2,ORD-000099,DC-07,PICK,RBT-0432,QUEUED,EXECUTING,DC-07-Z06,DC-07-Z09,2026-08-28T03:27:00
TSK-000099-3,ORD-000099,DC-07,STAGE,RBT-0611,COMPLETE,EXECUTING,DC-07-Z03,DC-07-Z11,2026-08-28T02:55:00
TSK-000099-4,ORD-000099,DC-07,PICK,RBT-0414,QUEUED,FAILED,DC-07-Z08,DC-07-Z07,2026-08-28T02:17:00
TSK-000100-1,ORD-000100,DC-11,STAGE,RBT-0204,EXECUTING,QUEUED,DC-11-Z02,DC-11-Z03,2026-08-01T09:08:00
TSK-000100-2,ORD-000100,DC-11,MOVE,RBT-0665,BLOCKED,COMPLETE,DC-11-Z11,DC-11-Z02,2026-08-01T09:47:00
TSK-000100-3,ORD-000100,DC-11,STAGE,RBT-0658,COMPLETE,QUEUED,DC-11-Z06,DC-11-Z01,2026-08-01T09:30:00
TSK-000101-1,ORD-000101,DC-14,REPLENISH,RBT-0695,COMPLETE,COMPLETE,DC-14-Z01,DC-14-Z06,2026-08-22T13:32:00
TSK-000101-2,ORD-000101,DC-14,REPLENISH,RBT-0234,COMPLETE,ASSIGNED,DC-14-Z10,DC-14-Z01,2026-08-22T13:39:00
TSK-000101-3,ORD-000101,DC-14,STAGE,RBT-0528,COMPLETE,COMPLETE,DC-14-Z02,DC-14-Z07,2026-08-22T12:00:00
TSK-000102-1,ORD-000102,DC-06,MOVE,RBT-0293,ASSIGNED,EXECUTING,DC-06-Z07,DC-06-Z07,2026-09-04T14:48:00
TSK-000102-2,ORD-000102,DC-06,MOVE,RBT-0209,QUEUED,ASSIGNED,DC-06-Z06,DC-06-Z12,2026-09-04T14:28:00
TSK-000102-3,ORD-000102,DC-06,MOVE,RBT-0375,ASSIGNED,QUEUED,DC-06-Z07,DC-06-Z10,2026-09-04T15:36:00
TSK-000102-4,ORD-000102,DC-06,PICK,RBT-0175,ASSIGNED,FAILED,DC-06-Z04,DC-06-Z12,2026-09-04T14:38:00
TSK-000103-1,ORD-000103,DC-04,MOVE,RBT-0709,QUEUED,QUEUED,DC-04-Z10,DC-04-Z03,2026-08-27T12:40:00
TSK-000104-1,ORD-000104,DC-04,MOVE,RBT-0021,QUEUED,FAILED,DC-04-Z03,DC-04-Z11,2026-08-18T23:28:00
TSK-000105-1,ORD-000105,DC-15,PACK_FEED,RBT-0047,EXECUTING,ASSIGNED,DC-15-Z06,DC-15-Z06,2026-08-04T11:25:00
TSK-000105-2,ORD-000105,DC-15,MOVE,RBT-0341,QUEUED,QUEUED,DC-15-Z07,DC-15-Z10,2026-08-04T12:31:00
TSK-000105-3,ORD-000105,DC-15,STAGE,RBT-0146,BLOCKED,COMPLETE,DC-15-Z02,DC-15-Z07,2026-08-04T11:44:00
TSK-000106-1,ORD-000106,DC-12,MOVE,RBT-0203,ASSIGNED,ASSIGNED,DC-12-Z12,DC-12-Z05,2026-08-11T00:57:00
TSK-000107-1,ORD-000107,DC-01,REPLENISH,RBT-0646,COMPLETE,QUEUED,DC-01-Z02,DC-01-Z06,2026-08-18T09:23:00
TSK-000107-2,ORD-000107,DC-01,PICK,RBT-0679,COMPLETE,EXECUTING,DC-01-Z05,DC-01-Z09,2026-08-18T10:05:00
TSK-000108-1,ORD-000108,DC-02,STAGE,RBT-0440,ASSIGNED,QUEUED,DC-02-Z11,DC-02-Z07,2026-08-30T02:48:00
TSK-000109-1,ORD-000109,DC-01,PICK,RBT-0690,BLOCKED,ASSIGNED,DC-01-Z07,DC-01-Z10,2026-08-18T12:31:00
TSK-000109-2,ORD-000109,DC-01,REPLENISH,RBT-0700,COMPLETE,ASSIGNED,DC-01-Z09,DC-01-Z06,2026-08-18T10:50:00
TSK-000109-3,ORD-000109,DC-01,PICK,RBT-0473,QUEUED,EXECUTING,DC-01-Z11,DC-01-Z04,2026-08-18T12:41:00
TSK-000110-1,ORD-000110,DC-02,PICK,RBT-0362,ASSIGNED,EXECUTING,DC-02-Z03,DC-02-Z03,2026-08-22T23:47:00
TSK-000110-2,ORD-000110,DC-02,MOVE,RBT-0408,ASSIGNED,FAILED,DC-02-Z05,DC-02-Z12,2026-08-22T23:30:00
TSK-000111-1,ORD-000111,DC-18,PACK_FEED,RBT-0213,ASSIGNED,QUEUED,DC-18-Z05,DC-18-Z04,2026-08-10T02:24:00
TSK-000111-2,ORD-000111,DC-18,PACK_FEED,RBT-0598,COMPLETE,EXECUTING,DC-18-Z08,DC-18-Z05,2026-08-10T04:03:00
TSK-000112-1,ORD-000112,DC-14,PACK_FEED,RBT-0201,ASSIGNED,EXECUTING,DC-14-Z06,DC-14-Z10,2026-08-25T00:48:00
TSK-000112-2,ORD-000112,DC-14,REPLENISH,RBT-0264,COMPLETE,EXECUTING,DC-14-Z01,DC-14-Z01,2026-08-25T00:42:00
TSK-000112-3,ORD-000112,DC-14,PACK_FEED,RBT-0286,BLOCKED,FAILED,DC-14-Z10,DC-14-Z08,2026-08-25T01:44:00
TSK-000113-1,ORD-000113,DC-18,PACK_FEED,RBT-0394,QUEUED,EXECUTING,DC-18-Z05,DC-18-Z12,2026-08-20T12:10:00
TSK-000114-1,ORD-000114,DC-09,MOVE,RBT-0626,EXECUTING,ASSIGNED,DC-09-Z09,DC-09-Z08,2026-08-14T13:06:00
TSK-000114-2,ORD-000114,DC-09,PICK,RBT-0448,EXECUTING,ASSIGNED,DC-09-Z07,DC-09-Z09,2026-08-14T13:37:00
TSK-000114-3,ORD-000114,DC-09,PACK_FEED,RBT-0056,BLOCKED,QUEUED,DC-09-Z09,DC-09-Z12,2026-08-14T13:12:00
TSK-000114-4,ORD-000114,DC-09,MOVE,RBT-0151,COMPLETE,EXECUTING,DC-09-Z12,DC-09-Z10,2026-08-14T13:17:00
TSK-000115-1,ORD-000115,DC-14,PACK_FEED,RBT-0281,EXECUTING,COMPLETE,DC-14-Z10,DC-14-Z11,2026-08-24T02:22:00
TSK-000116-1,ORD-000116,DC-09,PACK_FEED,RBT-0079,EXECUTING,FAILED,DC-09-Z03,DC-09-Z07,2026-09-01T20:25:00
TSK-000116-2,ORD-000116,DC-09,MOVE,RBT-0248,QUEUED,EXECUTING,DC-09-Z08,DC-09-Z10,2026-09-01T21:00:00
TSK-000117-1,ORD-000117,DC-12,PACK_FEED,RBT-0289,BLOCKED,QUEUED,DC-12-Z02,DC-12-Z02,2026-08-26T05:38:00
TSK-000117-2,ORD-000117,DC-12,PACK_FEED,RBT-0653,EXECUTING,EXECUTING,DC-12-Z09,DC-12-Z12,2026-08-26T06:48:00
TSK-000118-1,ORD-000118,DC-16,REPLENISH,RBT-0537,BLOCKED,EXECUTING,DC-16-Z05,DC-16-Z08,2026-08-21T17:25:00
TSK-000119-1,ORD-000119,DC-17,STAGE,RBT-0180,COMPLETE,FAILED,DC-17-Z03,DC-17-Z05,2026-08-25T09:36:00
TSK-000119-2,ORD-000119,DC-17,MOVE,RBT-0622,QUEUED,COMPLETE,DC-17-Z04,DC-17-Z10,2026-08-25T10:17:00
TSK-000119-3,ORD-000119,DC-17,REPLENISH,RBT-0021,COMPLETE,COMPLETE,DC-17-Z07,DC-17-Z01,2026-08-25T10:26:00
TSK-000120-1,ORD-000120,DC-01,STAGE,RBT-0314,ASSIGNED,COMPLETE,DC-01-Z06,DC-01-Z03,2026-08-10T00:27:00
TSK-000120-2,ORD-000120,DC-01,MOVE,RBT-0569,ASSIGNED,QUEUED,DC-01-Z06,DC-01-Z08,2026-08-10T00:00:00
TSK-000121-1,ORD-000121,DC-16,PICK,RBT-0487,BLOCKED,COMPLETE,DC-16-Z06,DC-16-Z12,2026-08-17T18:20:00
TSK-000121-2,ORD-000121,DC-16,REPLENISH,RBT-0629,EXECUTING,FAILED,DC-16-Z02,DC-16-Z12,2026-08-17T17:03:00
TSK-000121-3,ORD-000121,DC-16,PACK_FEED,RBT-0392,BLOCKED,EXECUTING,DC-16-Z09,DC-16-Z04,2026-08-17T16:49:00
TSK-000121-4,ORD-000121,DC-16,STAGE,RBT-0034,BLOCKED,ASSIGNED,DC-16-Z01,DC-16-Z06,2026-08-17T18:04:00
TSK-000122-1,ORD-000122,DC-18,PICK,RBT-0202,QUEUED,COMPLETE,DC-18-Z10,DC-18-Z04,2026-08-20T06:51:00
TSK-000123-1,ORD-000123,DC-18,PACK_FEED,RBT-0387,EXECUTING,COMPLETE,DC-18-Z09,DC-18-Z09,2026-09-04T07:32:00
TSK-000123-2,ORD-000123,DC-18,MOVE,RBT-0158,COMPLETE,ASSIGNED,DC-18-Z12,DC-18-Z04,2026-09-04T08:02:00
TSK-000123-3,ORD-000123,DC-18,REPLENISH,RBT-0392,COMPLETE,COMPLETE,DC-18-Z09,DC-18-Z07,2026-09-04T08:02:00
TSK-000123-4,ORD-000123,DC-18,PACK_FEED,RBT-0492,BLOCKED,QUEUED,DC-18-Z01,DC-18-Z02,2026-09-04T08:57:00
TSK-000124-1,ORD-000124,DC-14,PACK_FEED,RBT-0678,EXECUTING,COMPLETE,DC-14-Z06,DC-14-Z03,2026-08-18T09:17:00
TSK-000124-2,ORD-000124,DC-14,MOVE,RBT-0116,EXECUTING,QUEUED,DC-14-Z09,DC-14-Z12,2026-08-18T09:52:00
TSK-000125-1,ORD-000125,DC-01,REPLENISH,RBT-0673,EXECUTING,QUEUED,DC-01-Z09,DC-01-Z11,2026-09-04T21:18:00
TSK-000125-2,ORD-000125,DC-01,STAGE,RBT-0710,COMPLETE,EXECUTING,DC-01-Z05,DC-01-Z06,2026-09-04T20:16:00
TSK-000126-1,ORD-000126,DC-03,PACK_FEED,RBT-0585,COMPLETE,QUEUED,DC-03-Z07,DC-03-Z01,2026-08-09T22:34:00
TSK-000126-2,ORD-000126,DC-03,PICK,RBT-0315,EXECUTING,ASSIGNED,DC-03-Z09,DC-03-Z05,2026-08-09T22:01:00
TSK-000126-3,ORD-000126,DC-03,PACK_FEED,RBT-0106,EXECUTING,COMPLETE,DC-03-Z08,DC-03-Z01,2026-08-09T22:14:00
TSK-000126-4,ORD-000126,DC-03,PACK_FEED,RBT-0538,EXECUTING,FAILED,DC-03-Z07,DC-03-Z01,2026-08-09T22:16:00
TSK-000127-1,ORD-000127,DC-12,STAGE,RBT-0484,QUEUED,EXECUTING,DC-12-Z08,DC-12-Z05,2026-08-21T22:55:00
TSK-000127-2,ORD-000127,DC-12,REPLENISH,RBT-0423,ASSIGNED,EXECUTING,DC-12-Z02,DC-12-Z06,2026-08-21T23:35:00
TSK-000127-3,ORD-000127,DC-12,REPLENISH,RBT-0604,ASSIGNED,QUEUED,DC-12-Z05,DC-12-Z09,2026-08-21T23:06:00
TSK-000127-4,ORD-000127,DC-12,PICK,RBT-0420,ASSIGNED,FAILED,DC-12-Z09,DC-12-Z03,2026-08-22T00:35:00
TSK-000128-1,ORD-000128,DC-12,MOVE,RBT-0197,EXECUTING,QUEUED,DC-12-Z07,DC-12-Z04,2026-08-18T12:13:00
TSK-000128-2,ORD-000128,DC-12,REPLENISH,RBT-0424,BLOCKED,COMPLETE,DC-12-Z11,DC-12-Z06,2026-08-18T10:44:00
TSK-000129-1,ORD-000129,DC-18,REPLENISH,RBT-0373,EXECUTING,QUEUED,DC-18-Z07,DC-18-Z02,2026-08-18T21:39:00
TSK-000130-1,ORD-000130,DC-01,MOVE,RBT-0247,QUEUED,EXECUTING,DC-01-Z06,DC-01-Z04,2026-08-03T14:17:00
TSK-000130-2,ORD-000130,DC-01,REPLENISH,RBT-0497,EXECUTING,EXECUTING,DC-01-Z10,DC-01-Z11,2026-08-03T13:53:00
TSK-000130-3,ORD-000130,DC-01,PACK_FEED,RBT-0423,EXECUTING,ASSIGNED,DC-01-Z06,DC-01-Z04,2026-08-03T14:18:00
TSK-000130-4,ORD-000130,DC-01,MOVE,RBT-0283,COMPLETE,COMPLETE,DC-01-Z07,DC-01-Z05,2026-08-03T13:05:00
TSK-000131-1,ORD-000131,DC-09,PACK_FEED,RBT-0063,ASSIGNED,QUEUED,DC-09-Z01,DC-09-Z06,2026-08-08T09:59:00
TSK-000131-2,ORD-000131,DC-09,PICK,RBT-0190,COMPLETE,FAILED,DC-09-Z05,DC-09-Z08,2026-08-08T09:45:00
TSK-000131-3,ORD-000131,DC-09,MOVE,RBT-0351,BLOCKED,QUEUED,DC-09-Z11,DC-09-Z05,2026-08-08T10:32:00
TSK-000132-1,ORD-000132,DC-02,REPLENISH,RBT-0492,QUEUED,ASSIGNED,DC-02-Z05,DC-02-Z10,2026-08-23T04:36:00
TSK-000133-1,ORD-000133,DC-03,REPLENISH,RBT-0008,QUEUED,COMPLETE,DC-03-Z06,DC-03-Z01,2026-08-22T23:47:00
TSK-000133-2,ORD-000133,DC-03,MOVE,RBT-0186,EXECUTING,QUEUED,DC-03-Z07,DC-03-Z03,2026-08-22T23:27:00
TSK-000133-3,ORD-000133,DC-03,PACK_FEED,RBT-0061,BLOCKED,FAILED,DC-03-Z07,DC-03-Z11,2026-08-22T23:26:00
TSK-000134-1,ORD-000134,DC-11,STAGE,RBT-0637,ASSIGNED,QUEUED,DC-11-Z04,DC-11-Z11,2026-08-07T07:42:00
TSK-000134-2,ORD-000134,DC-11,PACK_FEED,RBT-0271,BLOCKED,ASSIGNED,DC-11-Z04,DC-11-Z09,2026-08-07T07:01:00
TSK-000134-3,ORD-000134,DC-11,PACK_FEED,RBT-0447,COMPLETE,QUEUED,DC-11-Z06,DC-11-Z12,2026-08-07T07:46:00
TSK-000135-1,ORD-000135,DC-10,PICK,RBT-0034,COMPLETE,FAILED,DC-10-Z08,DC-10-Z02,2026-08-09T04:22:00
TSK-000135-2,ORD-000135,DC-10,REPLENISH,RBT-0180,COMPLETE,ASSIGNED,DC-10-Z03,DC-10-Z11,2026-08-09T04:44:00
TSK-000135-3,ORD-000135,DC-10,STAGE,RBT-0596,ASSIGNED,EXECUTING,DC-10-Z04,DC-10-Z07,2026-08-09T04:40:00
TSK-000135-4,ORD-000135,DC-10,PACK_FEED,RBT-0686,COMPLETE,EXECUTING,DC-10-Z05,DC-10-Z11,2026-08-09T05:45:00
TSK-000136-1,ORD-000136,DC-06,PICK,RBT-0319,BLOCKED,EXECUTING,DC-06-Z11,DC-06-Z03,2026-08-31T20:52:00
TSK-000136-2,ORD-000136,DC-06,REPLENISH,RBT-0312,QUEUED,COMPLETE,DC-06-Z07,DC-06-Z12,2026-08-31T19:50:00
TSK-000136-3,ORD-000136,DC-06,REPLENISH,RBT-0422,ASSIGNED,COMPLETE,DC-06-Z04,DC-06-Z09,2026-08-31T19:55:00
TSK-000137-1,ORD-000137,DC-13,MOVE,RBT-0111,EXECUTING,EXECUTING,DC-13-Z09,DC-13-Z12,2026-08-11T21:40:00
TSK-000137-2,ORD-000137,DC-13,STAGE,RBT-0587,EXECUTING,QUEUED,DC-13-Z07,DC-13-Z09,2026-08-11T20:41:00
TSK-000138-1,ORD-000138,DC-18,PACK_FEED,RBT-0057,ASSIGNED,EXECUTING,DC-18-Z12,DC-18-Z07,2026-09-04T02:52:00
TSK-000138-2,ORD-000138,DC-18,REPLENISH,RBT-0240,ASSIGNED,ASSIGNED,DC-18-Z07,DC-18-Z08,2026-09-04T03:17:00
TSK-000138-3,ORD-000138,DC-18,STAGE,RBT-0527,QUEUED,EXECUTING,DC-18-Z06,DC-18-Z08,2026-09-04T02:07:00
TSK-000138-4,ORD-000138,DC-18,PICK,RBT-0160,BLOCKED,ASSIGNED,DC-18-Z07,DC-18-Z03,2026-09-04T02:09:00
TSK-000139-1,ORD-000139,DC-05,STAGE,RBT-0286,EXECUTING,COMPLETE,DC-05-Z06,DC-05-Z01,2026-08-04T20:34:00
TSK-000139-2,ORD-000139,DC-05,PICK,RBT-0107,QUEUED,EXECUTING,DC-05-Z09,DC-05-Z09,2026-08-04T19:24:00
TSK-000139-3,ORD-000139,DC-05,PICK,RBT-0607,COMPLETE,ASSIGNED,DC-05-Z08,DC-05-Z11,2026-08-04T19:49:00
TSK-000139-4,ORD-000139,DC-05,REPLENISH,RBT-0690,EXECUTING,QUEUED,DC-05-Z10,DC-05-Z11,2026-08-04T20:46:00
TSK-000140-1,ORD-000140,DC-02,MOVE,RBT-0192,ASSIGNED,COMPLETE,DC-02-Z12,DC-02-Z07,2026-09-02T05:51:00
TSK-000141-1,ORD-000141,DC-15,MOVE,RBT-0362,ASSIGNED,ASSIGNED,DC-15-Z07,DC-15-Z12,2026-08-03T12:04:00
TSK-000141-2,ORD-000141,DC-15,PACK_FEED,RBT-0417,COMPLETE,QUEUED,DC-15-Z06,DC-15-Z02,2026-08-03T12:20:00
TSK-000141-3,ORD-000141,DC-15,REPLENISH,RBT-0111,COMPLETE,COMPLETE,DC-15-Z04,DC-15-Z11,2026-08-03T12:01:00
TSK-000141-4,ORD-000141,DC-15,PACK_FEED,RBT-0652,COMPLETE,QUEUED,DC-15-Z09,DC-15-Z08,2026-08-03T11:21:00
TSK-000142-1,ORD-000142,DC-10,MOVE,RBT-0656,BLOCKED,EXECUTING,DC-10-Z01,DC-10-Z08,2026-08-10T10:29:00
TSK-000143-1,ORD-000143,DC-16,STAGE,RBT-0278,ASSIGNED,ASSIGNED,DC-16-Z06,DC-16-Z11,2026-08-15T02:23:00
TSK-000144-1,ORD-000144,DC-03,STAGE,RBT-0426,EXECUTING,FAILED,DC-03-Z09,DC-03-Z07,2026-08-17T01:52:00
TSK-000144-2,ORD-000144,DC-03,PICK,RBT-0288,ASSIGNED,COMPLETE,DC-03-Z05,DC-03-Z09,2026-08-17T01:35:00
TSK-000144-3,ORD-000144,DC-03,REPLENISH,RBT-0052,BLOCKED,FAILED,DC-03-Z03,DC-03-Z12,2026-08-17T00:35:00
TSK-000145-1,ORD-000145,DC-01,REPLENISH,RBT-0186,COMPLETE,EXECUTING,DC-01-Z06,DC-01-Z06,2026-08-15T05:36:00
TSK-000145-2,ORD-000145,DC-01,REPLENISH,RBT-0225,EXECUTING,EXECUTING,DC-01-Z07,DC-01-Z07,2026-08-15T05:32:00
TSK-000145-3,ORD-000145,DC-01,PICK,RBT-0156,EXECUTING,COMPLETE,DC-01-Z06,DC-01-Z02,2026-08-15T05:42:00
TSK-000145-4,ORD-000145,DC-01,PICK,RBT-0211,EXECUTING,EXECUTING,DC-01-Z06,DC-01-Z05,2026-08-15T06:31:00
TSK-000146-1,ORD-000146,DC-11,REPLENISH,RBT-0343,COMPLETE,FAILED,DC-11-Z08,DC-11-Z09,2026-08-19T02:20:00
TSK-000147-1,ORD-000147,DC-16,REPLENISH,RBT-0136,ASSIGNED,COMPLETE,DC-16-Z10,DC-16-Z10,2026-08-23T08:28:00
TSK-000147-2,ORD-000147,DC-16,MOVE,RBT-0201,COMPLETE,QUEUED,DC-16-Z10,DC-16-Z12,2026-08-23T09:19:00
TSK-000147-3,ORD-000147,DC-16,STAGE,RBT-0177,QUEUED,FAILED,DC-16-Z05,DC-16-Z01,2026-08-23T08:38:00
TSK-000147-4,ORD-000147,DC-16,STAGE,RBT-0192,BLOCKED,COMPLETE,DC-16-Z11,DC-16-Z08,2026-08-23T08:37:00
TSK-000148-1,ORD-000148,DC-02,STAGE,RBT-0706,ASSIGNED,COMPLETE,DC-02-Z10,DC-02-Z03,2026-08-30T08:23:00
TSK-000148-2,ORD-000148,DC-02,PACK_FEED,RBT-0364,COMPLETE,FAILED,DC-02-Z12,DC-02-Z03,2026-08-30T08:46:00
TSK-000148-3,ORD-000148,DC-02,STAGE,RBT-0469,BLOCKED,QUEUED,DC-02-Z04,DC-02-Z10,2026-08-30T07:53:00
TSK-000148-4,ORD-000148,DC-02,PACK_FEED,RBT-0167,QUEUED,ASSIGNED,DC-02-Z11,DC-02-Z07,2026-08-30T08:41:00
TSK-000149-1,ORD-000149,DC-07,PICK,RBT-0543,ASSIGNED,QUEUED,DC-07-Z05,DC-07-Z02,2026-08-22T16:45:00
TSK-000149-2,ORD-000149,DC-07,PICK,RBT-0245,QUEUED,QUEUED,DC-07-Z11,DC-07-Z02,2026-08-22T17:26:00
TSK-000149-3,ORD-000149,DC-07,REPLENISH,RBT-0574,QUEUED,FAILED,DC-07-Z07,DC-07-Z02,2026-08-22T15:58:00
TSK-000149-4,ORD-000149,DC-07,REPLENISH,RBT-0220,EXECUTING,QUEUED,DC-07-Z06,DC-07-Z02,2026-08-22T16:30:00
TSK-000150-1,ORD-000150,DC-15,STAGE,RBT-0352,COMPLETE,COMPLETE,DC-15-Z09,DC-15-Z05,2026-08-19T05:33:00
TSK-000150-2,ORD-000150,DC-15,REPLENISH,RBT-0687,QUEUED,EXECUTING,DC-15-Z02,DC-15-Z12,2026-08-19T05:08:00
TSK-000150-3,ORD-000150,DC-15,REPLENISH,RBT-0282,BLOCKED,EXECUTING,DC-15-Z09,DC-15-Z07,2026-08-19T05:54:00
TSK-000150-4,ORD-000150,DC-15,REPLENISH,RBT-0508,COMPLETE,ASSIGNED,DC-15-Z05,DC-15-Z03,2026-08-19T06:05:00
TSK-000151-1,ORD-000151,DC-01,REPLENISH,RBT-0034,EXECUTING,ASSIGNED,DC-01-Z01,DC-01-Z09,2026-08-16T21:27:00
TSK-000151-2,ORD-000151,DC-01,PICK,RBT-0437,EXECUTING,ASSIGNED,DC-01-Z08,DC-01-Z10,2026-08-16T21:18:00
TSK-000151-3,ORD-000151,DC-01,MOVE,RBT-0497,QUEUED,COMPLETE,DC-01-Z08,DC-01-Z11,2026-08-16T22:01:00
TSK-000151-4,ORD-000151,DC-01,PICK,RBT-0643,QUEUED,COMPLETE,DC-01-Z08,DC-01-Z09,2026-08-16T22:10:00
TSK-000152-1,ORD-000152,DC-10,PACK_FEED,RBT-0403,EXECUTING,COMPLETE,DC-10-Z09,DC-10-Z04,2026-08-17T11:47:00
TSK-000152-2,ORD-000152,DC-10,REPLENISH,RBT-0245,COMPLETE,EXECUTING,DC-10-Z06,DC-10-Z11,2026-08-17T11:31:00
TSK-000153-1,ORD-000153,DC-02,STAGE,RBT-0507,QUEUED,FAILED,DC-02-Z03,DC-02-Z02,2026-08-25T16:46:00
TSK-000153-2,ORD-000153,DC-02,MOVE,RBT-0496,ASSIGNED,COMPLETE,DC-02-Z11,DC-02-Z12,2026-08-25T17:57:00
TSK-000153-3,ORD-000153,DC-02,STAGE,RBT-0490,COMPLETE,COMPLETE,DC-02-Z01,DC-02-Z05,2026-08-25T16:40:00
TSK-000154-1,ORD-000154,DC-08,MOVE,RBT-0345,COMPLETE,QUEUED,DC-08-Z01,DC-08-Z10,2026-08-13T09:48:00
TSK-000154-2,ORD-000154,DC-08,REPLENISH,RBT-0447,QUEUED,FAILED,DC-08-Z03,DC-08-Z05,2026-08-13T08:46:00
TSK-000154-3,ORD-000154,DC-08,PACK_FEED,RBT-0432,ASSIGNED,ASSIGNED,DC-08-Z08,DC-08-Z07,2026-08-13T09:44:00
TSK-000154-4,ORD-000154,DC-08,PICK,RBT-0461,EXECUTING,QUEUED,DC-08-Z07,DC-08-Z03,2026-08-13T09:06:00
TSK-000155-1,ORD-000155,DC-16,REPLENISH,RBT-0270,QUEUED,QUEUED,DC-16-Z12,DC-16-Z03,2026-08-27T10:40:00
TSK-000155-2,ORD-000155,DC-16,STAGE,RBT-0582,ASSIGNED,COMPLETE,DC-16-Z03,DC-16-Z06,2026-08-27T10:52:00
TSK-000155-3,ORD-000155,DC-16,PACK_FEED,RBT-0618,EXECUTING,EXECUTING,DC-16-Z08,DC-16-Z04,2026-08-27T10:17:00
TSK-000155-4,ORD-000155,DC-16,PICK,RBT-0458,EXECUTING,COMPLETE,DC-16-Z05,DC-16-Z07,2026-08-27T10:31:00
TSK-000156-1,ORD-000156,DC-03,PACK_FEED,RBT-0245,QUEUED,FAILED,DC-03-Z02,DC-03-Z01,2026-08-23T11:18:00
TSK-000157-1,ORD-000157,DC-10,REPLENISH,RBT-0522,EXECUTING,ASSIGNED,DC-10-Z03,DC-10-Z06,2026-08-06T22:44:00
TSK-000157-2,ORD-000157,DC-10,REPLENISH,RBT-0413,BLOCKED,QUEUED,DC-10-Z06,DC-10-Z12,2026-08-06T22:53:00
TSK-000158-1,ORD-000158,DC-03,REPLENISH,RBT-0412,ASSIGNED,QUEUED,DC-03-Z04,DC-03-Z04,2026-08-02T08:53:00
TSK-000158-2,ORD-000158,DC-03,STAGE,RBT-0648,ASSIGNED,ASSIGNED,DC-03-Z02,DC-03-Z12,2026-08-02T07:55:00
TSK-000159-1,ORD-000159,DC-13,MOVE,RBT-0457,EXECUTING,COMPLETE,DC-13-Z02,DC-13-Z07,2026-08-03T15:34:00
TSK-000160-1,ORD-000160,DC-04,STAGE,RBT-0016,EXECUTING,COMPLETE,DC-04-Z03,DC-04-Z10,2026-08-03T01:00:00
TSK-000161-1,ORD-000161,DC-01,STAGE,RBT-0547,BLOCKED,COMPLETE,DC-01-Z06,DC-01-Z10,2026-08-15T00:01:00
TSK-000161-2,ORD-000161,DC-01,MOVE,RBT-0184,BLOCKED,EXECUTING,DC-01-Z06,DC-01-Z06,2026-08-15T01:11:00
TSK-000162-1,ORD-000162,DC-12,STAGE,RBT-0469,BLOCKED,FAILED,DC-12-Z01,DC-12-Z07,2026-08-16T00:21:00
TSK-000162-2,ORD-000162,DC-12,PACK_FEED,RBT-0084,EXECUTING,EXECUTING,DC-12-Z03,DC-12-Z12,2026-08-16T01:09:00
TSK-000162-3,ORD-000162,DC-12,STAGE,RBT-0527,COMPLETE,ASSIGNED,DC-12-Z03,DC-12-Z11,2026-08-16T00:07:00
TSK-000163-1,ORD-000163,DC-03,STAGE,RBT-0667,ASSIGNED,ASSIGNED,DC-03-Z06,DC-03-Z12,2026-08-21T03:11:00
TSK-000164-1,ORD-000164,DC-18,MOVE,RBT-0376,BLOCKED,COMPLETE,DC-18-Z05,DC-18-Z01,2026-08-27T23:32:00
TSK-000165-1,ORD-000165,DC-15,MOVE,RBT-0271,EXECUTING,FAILED,DC-15-Z07,DC-15-Z08,2026-08-26T20:21:00
TSK-000165-2,ORD-000165,DC-15,MOVE,RBT-0592,EXECUTING,EXECUTING,DC-15-Z06,DC-15-Z08,2026-08-26T20:05:00
TSK-000165-3,ORD-000165,DC-15,PACK_FEED,RBT-0029,ASSIGNED,COMPLETE,DC-15-Z05,DC-15-Z11,2026-08-26T19:18:00
TSK-000166-1,ORD-000166,DC-05,STAGE,RBT-0556,COMPLETE,ASSIGNED,DC-05-Z01,DC-05-Z11,2026-08-07T03:54:00
TSK-000166-2,ORD-000166,DC-05,PICK,RBT-0490,EXECUTING,EXECUTING,DC-05-Z09,DC-05-Z09,2026-08-07T03:25:00
TSK-000166-3,ORD-000166,DC-05,PICK,RBT-0569,QUEUED,FAILED,DC-05-Z05,DC-05-Z07,2026-08-07T02:18:00
TSK-000166-4,ORD-000166,DC-05,MOVE,RBT-0328,ASSIGNED,ASSIGNED,DC-05-Z01,DC-05-Z08,2026-08-07T02:27:00
TSK-000167-1,ORD-000167,DC-17,PICK,RBT-0383,QUEUED,QUEUED,DC-17-Z02,DC-17-Z03,2026-09-03T18:42:00
TSK-000167-2,ORD-000167,DC-17,STAGE,RBT-0568,COMPLETE,EXECUTING,DC-17-Z03,DC-17-Z02,2026-09-03T17:44:00
TSK-000167-3,ORD-000167,DC-17,PICK,RBT-0599,ASSIGNED,FAILED,DC-17-Z06,DC-17-Z07,2026-09-03T18:12:00
TSK-000168-1,ORD-000168,DC-15,STAGE,RBT-0084,ASSIGNED,FAILED,DC-15-Z03,DC-15-Z08,2026-09-01T08:03:00
TSK-000169-1,ORD-000169,DC-13,PACK_FEED,RBT-0229,QUEUED,QUEUED,DC-13-Z10,DC-13-Z06,2026-08-05T08:54:00
TSK-000170-1,ORD-000170,DC-07,MOVE,RBT-0388,QUEUED,QUEUED,DC-07-Z03,DC-07-Z03,2026-08-20T15:54:00
TSK-000170-2,ORD-000170,DC-07,PICK,RBT-0343,QUEUED,EXECUTING,DC-07-Z04,DC-07-Z12,2026-08-20T16:27:00
TSK-000170-3,ORD-000170,DC-07,MOVE,RBT-0212,COMPLETE,QUEUED,DC-07-Z09,DC-07-Z03,2026-08-20T16:28:00
TSK-000170-4,ORD-000170,DC-07,STAGE,RBT-0442,ASSIGNED,FAILED,DC-07-Z11,DC-07-Z01,2026-08-20T16:19:00
TSK-000171-1,ORD-000171,DC-03,REPLENISH,RBT-0407,EXECUTING,COMPLETE,DC-03-Z02,DC-03-Z04,2026-08-01T11:28:00
TSK-000171-2,ORD-000171,DC-03,MOVE,RBT-0308,COMPLETE,QUEUED,DC-03-Z01,DC-03-Z06,2026-08-01T11:03:00
TSK-000171-3,ORD-000171,DC-03,STAGE,RBT-0209,QUEUED,FAILED,DC-03-Z06,DC-03-Z03,2026-08-01T11:56:00
TSK-000171-4,ORD-000171,DC-03,PACK_FEED,RBT-0103,QUEUED,ASSIGNED,DC-03-Z11,DC-03-Z04,2026-08-01T12:17:00
TSK-000172-1,ORD-000172,DC-16,MOVE,RBT-0168,BLOCKED,QUEUED,DC-16-Z09,DC-16-Z07,2026-08-06T17:19:00
TSK-000172-2,ORD-000172,DC-16,REPLENISH,RBT-0651,ASSIGNED,ASSIGNED,DC-16-Z07,DC-16-Z03,2026-08-06T17:50:00
TSK-000172-3,ORD-000172,DC-16,STAGE,RBT-0483,EXECUTING,FAILED,DC-16-Z02,DC-16-Z02,2026-08-06T17:42:00
TSK-000172-4,ORD-000172,DC-16,REPLENISH,RBT-0192,ASSIGNED,QUEUED,DC-16-Z08,DC-16-Z02,2026-08-06T16:52:00
TSK-000173-1,ORD-000173,DC-08,PACK_FEED,RBT-0366,COMPLETE,ASSIGNED,DC-08-Z08,DC-08-Z04,2026-08-22T20:04:00
TSK-000174-1,ORD-000174,DC-12,REPLENISH,RBT-0557,EXECUTING,EXECUTING,DC-12-Z11,DC-12-Z02,2026-08-01T16:33:00
TSK-000175-1,ORD-000175,DC-17,PICK,RBT-0178,ASSIGNED,QUEUED,DC-17-Z01,DC-17-Z12,2026-08-16T09:44:00
TSK-000175-2,ORD-000175,DC-17,PICK,RBT-0219,EXECUTING,EXECUTING,DC-17-Z06,DC-17-Z08,2026-08-16T09:20:00
TSK-000175-3,ORD-000175,DC-17,PICK,RBT-0614,EXECUTING,ASSIGNED,DC-17-Z01,DC-17-Z05,2026-08-16T09:27:00
TSK-000176-1,ORD-000176,DC-17,STAGE,RBT-0699,EXECUTING,COMPLETE,DC-17-Z02,DC-17-Z12,2026-08-11T22:14:00
TSK-000176-2,ORD-000176,DC-17,MOVE,RBT-0370,QUEUED,COMPLETE,DC-17-Z01,DC-17-Z08,2026-08-11T22:03:00
TSK-000177-1,ORD-000177,DC-03,PICK,RBT-0069,EXECUTING,COMPLETE,DC-03-Z02,DC-03-Z02,2026-08-22T10:48:00
TSK-000177-2,ORD-000177,DC-03,PICK,RBT-0476,BLOCKED,ASSIGNED,DC-03-Z03,DC-03-Z04,2026-08-22T11:25:00
TSK-000178-1,ORD-000178,DC-07,MOVE,RBT-0401,EXECUTING,QUEUED,DC-07-Z01,DC-07-Z12,2026-08-06T23:16:00
TSK-000178-2,ORD-000178,DC-07,REPLENISH,RBT-0706,COMPLETE,FAILED,DC-07-Z02,DC-07-Z07,2026-08-06T23:04:00
TSK-000178-3,ORD-000178,DC-07,STAGE,RBT-0573,QUEUED,FAILED,DC-07-Z09,DC-07-Z03,2026-08-06T23:26:00
TSK-000179-1,ORD-000179,DC-03,PACK_FEED,RBT-0413,EXECUTING,EXECUTING,DC-03-Z02,DC-03-Z04,2026-08-31T05:02:00
TSK-000179-2,ORD-000179,DC-03,REPLENISH,RBT-0131,BLOCKED,COMPLETE,DC-03-Z08,DC-03-Z09,2026-08-31T05:27:00
TSK-000180-1,ORD-000180,DC-09,PICK,RBT-0562,COMPLETE,EXECUTING,DC-09-Z02,DC-09-Z09,2026-08-23T07:23:00
TSK-000181-1,ORD-000181,DC-18,PICK,RBT-0668,BLOCKED,COMPLETE,DC-18-Z01,DC-18-Z06,2026-09-04T09:04:00
TSK-000181-2,ORD-000181,DC-18,PICK,RBT-0539,BLOCKED,EXECUTING,DC-18-Z05,DC-18-Z09,2026-09-04T07:30:00
TSK-000181-3,ORD-000181,DC-18,REPLENISH,RBT-0635,QUEUED,ASSIGNED,DC-18-Z03,DC-18-Z11,2026-09-04T07:57:00
TSK-000181-4,ORD-000181,DC-18,MOVE,RBT-0552,EXECUTING,QUEUED,DC-18-Z02,DC-18-Z09,2026-09-04T08:51:00
TSK-000182-1,ORD-000182,DC-04,STAGE,RBT-0405,COMPLETE,FAILED,DC-04-Z04,DC-04-Z05,2026-08-26T19:23:00
TSK-000182-2,ORD-000182,DC-04,STAGE,RBT-0020,QUEUED,COMPLETE,DC-04-Z01,DC-04-Z12,2026-08-26T20:05:00
TSK-000182-3,ORD-000182,DC-04,PACK_FEED,RBT-0083,BLOCKED,EXECUTING,DC-04-Z05,DC-04-Z07,2026-08-26T20:20:00
TSK-000182-4,ORD-000182,DC-04,PACK_FEED,RBT-0558,ASSIGNED,EXECUTING,DC-04-Z12,DC-04-Z09,2026-08-26T20:21:00
TSK-000183-1,ORD-000183,DC-05,STAGE,RBT-0297,COMPLETE,COMPLETE,DC-05-Z03,DC-05-Z02,2026-08-20T08:26:00
TSK-000183-2,ORD-000183,DC-05,PACK_FEED,RBT-0506,BLOCKED,FAILED,DC-05-Z07,DC-05-Z10,2026-08-20T07:25:00
TSK-000183-3,ORD-000183,DC-05,MOVE,RBT-0135,QUEUED,COMPLETE,DC-05-Z01,DC-05-Z05,2026-08-20T08:27:00
TSK-000184-1,ORD-000184,DC-07,STAGE,RBT-0163,ASSIGNED,ASSIGNED,DC-07-Z02,DC-07-Z06,2026-08-03T12:20:00
TSK-000184-2,ORD-000184,DC-07,PACK_FEED,RBT-0498,EXECUTING,EXECUTING,DC-07-Z07,DC-07-Z11,2026-08-03T13:32:00
TSK-000184-3,ORD-000184,DC-07,PICK,RBT-0281,QUEUED,EXECUTING,DC-07-Z05,DC-07-Z06,2026-08-03T12:20:00
TSK-000185-1,ORD-000185,DC-16,PACK_FEED,RBT-0166,QUEUED,QUEUED,DC-16-Z10,DC-16-Z12,2026-08-19T12:32:00
TSK-000186-1,ORD-000186,DC-15,REPLENISH,RBT-0213,QUEUED,COMPLETE,DC-15-Z11,DC-15-Z04,2026-08-26T11:22:00
TSK-000186-2,ORD-000186,DC-15,PICK,RBT-0152,QUEUED,ASSIGNED,DC-15-Z07,DC-15-Z02,2026-08-26T12:01:00
TSK-000186-3,ORD-000186,DC-15,STAGE,RBT-0066,QUEUED,EXECUTING,DC-15-Z12,DC-15-Z05,2026-08-26T10:37:00
TSK-000186-4,ORD-000186,DC-15,MOVE,RBT-0241,BLOCKED,COMPLETE,DC-15-Z01,DC-15-Z05,2026-08-26T11:15:00
TSK-000187-1,ORD-000187,DC-10,REPLENISH,RBT-0492,EXECUTING,ASSIGNED,DC-10-Z10,DC-10-Z10,2026-08-12T00:54:00
TSK-000187-2,ORD-000187,DC-10,PACK_FEED,RBT-0025,BLOCKED,ASSIGNED,DC-10-Z01,DC-10-Z05,2026-08-12T00:02:00
TSK-000187-3,ORD-000187,DC-10,STAGE,RBT-0335,COMPLETE,EXECUTING,DC-10-Z05,DC-10-Z03,2026-08-12T00:18:00
TSK-000188-1,ORD-000188,DC-13,MOVE,RBT-0085,ASSIGNED,COMPLETE,DC-13-Z01,DC-13-Z12,2026-08-15T03:15:00
TSK-000188-2,ORD-000188,DC-13,MOVE,RBT-0285,COMPLETE,QUEUED,DC-13-Z06,DC-13-Z06,2026-08-15T04:25:00
TSK-000189-1,ORD-000189,DC-14,PICK,RBT-0688,ASSIGNED,ASSIGNED,DC-14-Z03,DC-14-Z01,2026-08-06T10:10:00
TSK-000189-2,ORD-000189,DC-14,STAGE,RBT-0070,EXECUTING,QUEUED,DC-14-Z05,DC-14-Z08,2026-08-06T09:31:00
TSK-000190-1,ORD-000190,DC-03,MOVE,RBT-0706,EXECUTING,EXECUTING,DC-03-Z10,DC-03-Z02,2026-08-20T11:08:00
TSK-000190-2,ORD-000190,DC-03,PACK_FEED,RBT-0350,EXECUTING,EXECUTING,DC-03-Z01,DC-03-Z02,2026-08-20T11:17:00
TSK-000190-3,ORD-000190,DC-03,MOVE,RBT-0092,COMPLETE,FAILED,DC-03-Z11,DC-03-Z10,2026-08-20T10:30:00
TSK-000190-4,ORD-000190,DC-03,PACK_FEED,RBT-0007,ASSIGNED,ASSIGNED,DC-03-Z09,DC-03-Z11,2026-08-20T10:38:00
TSK-000191-1,ORD-000191,DC-02,REPLENISH,RBT-0677,EXECUTING,EXECUTING,DC-02-Z08,DC-02-Z12,2026-08-24T12:16:00
TSK-000191-2,ORD-000191,DC-02,MOVE,RBT-0249,BLOCKED,EXECUTING,DC-02-Z01,DC-02-Z11,2026-08-24T12:47:00
TSK-000191-3,ORD-000191,DC-02,PACK_FEED,RBT-0360,BLOCKED,ASSIGNED,DC-02-Z06,DC-02-Z03,2026-08-24T12:40:00
TSK-000191-4,ORD-000191,DC-02,PICK,RBT-0521,EXECUTING,COMPLETE,DC-02-Z01,DC-02-Z10,2026-08-24T11:33:00
TSK-000192-1,ORD-000192,DC-18,PACK_FEED,RBT-0388,COMPLETE,FAILED,DC-18-Z04,DC-18-Z03,2026-08-20T11:45:00
TSK-000192-2,ORD-000192,DC-18,STAGE,RBT-0082,QUEUED,FAILED,DC-18-Z11,DC-18-Z09,2026-08-20T11:20:00
TSK-000192-3,ORD-000192,DC-18,PACK_FEED,RBT-0288,BLOCKED,FAILED,DC-18-Z11,DC-18-Z08,2026-08-20T11:42:00
TSK-000193-1,ORD-000193,DC-16,REPLENISH,RBT-0692,COMPLETE,EXECUTING,DC-16-Z03,DC-16-Z02,2026-08-20T10:32:00
TSK-000193-2,ORD-000193,DC-16,REPLENISH,RBT-0320,ASSIGNED,FAILED,DC-16-Z06,DC-16-Z05,2026-08-20T11:14:00
TSK-000193-3,ORD-000193,DC-16,PICK,RBT-0378,COMPLETE,EXECUTING,DC-16-Z12,DC-16-Z04,2026-08-20T10:50:00
TSK-000193-4,ORD-000193,DC-16,REPLENISH,RBT-0291,ASSIGNED,FAILED,DC-16-Z07,DC-16-Z10,2026-08-20T09:51:00
TSK-000194-1,ORD-000194,DC-07,REPLENISH,RBT-0623,EXECUTING,COMPLETE,DC-07-Z05,DC-07-Z05,2026-09-01T05:52:00
TSK-000194-2,ORD-000194,DC-07,REPLENISH,RBT-0401,QUEUED,QUEUED,DC-07-Z01,DC-07-Z04,2026-09-01T05:54:00
TSK-000195-1,ORD-000195,DC-07,MOVE,RBT-0498,ASSIGNED,EXECUTING,DC-07-Z04,DC-07-Z07,2026-08-06T22:27:00
TSK-000195-2,ORD-000195,DC-07,REPLENISH,RBT-0117,QUEUED,QUEUED,DC-07-Z08,DC-07-Z11,2026-08-06T21:45:00
TSK-000196-1,ORD-000196,DC-03,REPLENISH,RBT-0149,EXECUTING,ASSIGNED,DC-03-Z03,DC-03-Z11,2026-08-23T03:56:00
TSK-000197-1,ORD-000197,DC-02,REPLENISH,RBT-0347,BLOCKED,QUEUED,DC-02-Z02,DC-02-Z11,2026-08-06T15:13:00
TSK-000197-2,ORD-000197,DC-02,REPLENISH,RBT-0567,COMPLETE,EXECUTING,DC-02-Z08,DC-02-Z12,2026-08-06T14:48:00
TSK-000198-1,ORD-000198,DC-06,PICK,RBT-0414,ASSIGNED,FAILED,DC-06-Z11,DC-06-Z03,2026-08-02T01:09:00
TSK-000198-2,ORD-000198,DC-06,PACK_FEED,RBT-0692,QUEUED,QUEUED,DC-06-Z09,DC-06-Z11,2026-08-02T00:16:00
TSK-000198-3,ORD-000198,DC-06,MOVE,RBT-0348,BLOCKED,EXECUTING,DC-06-Z10,DC-06-Z11,2026-08-02T01:13:00
TSK-000198-4,ORD-000198,DC-06,MOVE,RBT-0548,QUEUED,QUEUED,DC-06-Z02,DC-06-Z03,2026-08-02T00:56:00
TSK-000199-1,ORD-000199,DC-14,MOVE,RBT-0246,QUEUED,ASSIGNED,DC-14-Z03,DC-14-Z02,2026-08-12T08:04:00
TSK-000199-2,ORD-000199,DC-14,REPLENISH,RBT-0547,QUEUED,EXECUTING,DC-14-Z02,DC-14-Z08,2026-08-12T07:34:00
TSK-000199-3,ORD-000199,DC-14,STAGE,RBT-0351,EXECUTING,FAILED,DC-14-Z02,DC-14-Z11,2026-08-12T08:43:00
TSK-000199-4,ORD-000199,DC-14,STAGE,RBT-0571,QUEUED,QUEUED,DC-14-Z03,DC-14-Z09,2026-08-12T08:22:00
TSK-000200-1,ORD-000200,DC-17,PICK,RBT-0628,QUEUED,FAILED,DC-17-Z05,DC-17-Z12,2026-08-03T19:02:00
TSK-000201-1,ORD-000201,DC-16,PICK,RBT-0420,QUEUED,FAILED,DC-16-Z03,DC-16-Z08,2026-08-04T05:30:00
TSK-000201-2,ORD-000201,DC-16,PICK,RBT-0257,BLOCKED,FAILED,DC-16-Z02,DC-16-Z06,2026-08-04T05:42:00
TSK-000201-3,ORD-000201,DC-16,PICK,RBT-0349,ASSIGNED,QUEUED,DC-16-Z06,DC-16-Z09,2026-08-04T05:29:00
TSK-000201-4,ORD-000201,DC-16,PICK,RBT-0635,COMPLETE,EXECUTING,DC-16-Z02,DC-16-Z11,2026-08-04T06:11:00
TSK-000202-1,ORD-000202,DC-13,PACK_FEED,RBT-0431,BLOCKED,QUEUED,DC-13-Z03,DC-13-Z08,2026-08-12T03:16:00
TSK-000202-2,ORD-000202,DC-13,REPLENISH,RBT-0473,QUEUED,COMPLETE,DC-13-Z01,DC-13-Z07,2026-08-12T03:15:00
TSK-000202-3,ORD-000202,DC-13,PACK_FEED,RBT-0246,COMPLETE,FAILED,DC-13-Z09,DC-13-Z12,2026-08-12T02:58:00
TSK-000202-4,ORD-000202,DC-13,STAGE,RBT-0279,ASSIGNED,QUEUED,DC-13-Z06,DC-13-Z12,2026-08-12T03:25:00
TSK-000203-1,ORD-000203,DC-10,REPLENISH,RBT-0394,QUEUED,QUEUED,DC-10-Z03,DC-10-Z01,2026-08-26T04:49:00
TSK-000203-2,ORD-000203,DC-10,PACK_FEED,RBT-0117,BLOCKED,QUEUED,DC-10-Z05,DC-10-Z08,2026-08-26T05:50:00
TSK-000204-1,ORD-000204,DC-15,PICK,RBT-0668,ASSIGNED,FAILED,DC-15-Z05,DC-15-Z01,2026-08-03T04:07:00
TSK-000204-2,ORD-000204,DC-15,STAGE,RBT-0575,QUEUED,FAILED,DC-15-Z03,DC-15-Z12,2026-08-03T04:07:00
TSK-000204-3,ORD-000204,DC-15,REPLENISH,RBT-0279,COMPLETE,EXECUTING,DC-15-Z03,DC-15-Z06,2026-08-03T04:01:00
TSK-000204-4,ORD-000204,DC-15,PACK_FEED,RBT-0433,QUEUED,ASSIGNED,DC-15-Z01,DC-15-Z12,2026-08-03T05:45:00
TSK-000205-1,ORD-000205,DC-10,MOVE,RBT-0602,COMPLETE,QUEUED,DC-10-Z12,DC-10-Z07,2026-08-24T11:05:00
TSK-000205-2,ORD-000205,DC-10,REPLENISH,RBT-0574,QUEUED,QUEUED,DC-10-Z07,DC-10-Z09,2026-08-24T10:36:00
TSK-000206-1,ORD-000206,DC-06,PACK_FEED,RBT-0312,COMPLETE,EXECUTING,DC-06-Z02,DC-06-Z12,2026-08-03T16:13:00
TSK-000206-2,ORD-000206,DC-06,MOVE,RBT-0002,QUEUED,EXECUTING,DC-06-Z05,DC-06-Z01,2026-08-03T15:59:00
TSK-000206-3,ORD-000206,DC-06,STAGE,RBT-0567,EXECUTING,QUEUED,DC-06-Z04,DC-06-Z01,2026-08-03T16:19:00
TSK-000207-1,ORD-000207,DC-05,PACK_FEED,RBT-0052,QUEUED,FAILED,DC-05-Z04,DC-05-Z09,2026-08-07T03:46:00
TSK-000207-2,ORD-000207,DC-05,PICK,RBT-0385,COMPLETE,QUEUED,DC-05-Z03,DC-05-Z04,2026-08-07T04:30:00
TSK-000207-3,ORD-000207,DC-05,REPLENISH,RBT-0509,BLOCKED,ASSIGNED,DC-05-Z11,DC-05-Z06,2026-08-07T04:06:00
TSK-000208-1,ORD-000208,DC-08,MOVE,RBT-0465,COMPLETE,FAILED,DC-08-Z04,DC-08-Z12,2026-08-29T07:13:00
TSK-000209-1,ORD-000209,DC-01,PICK,RBT-0357,QUEUED,QUEUED,DC-01-Z11,DC-01-Z04,2026-08-12T09:06:00
TSK-000210-1,ORD-000210,DC-18,PICK,RBT-0133,ASSIGNED,QUEUED,DC-18-Z01,DC-18-Z12,2026-08-27T12:19:00
TSK-000210-2,ORD-000210,DC-18,REPLENISH,RBT-0424,EXECUTING,ASSIGNED,DC-18-Z07,DC-18-Z02,2026-08-27T12:55:00
TSK-000211-1,ORD-000211,DC-06,MOVE,RBT-0626,EXECUTING,FAILED,DC-06-Z09,DC-06-Z08,2026-08-06T10:11:00
TSK-000211-2,ORD-000211,DC-06,PACK_FEED,RBT-0026,EXECUTING,EXECUTING,DC-06-Z09,DC-06-Z09,2026-08-06T09:57:00
TSK-000211-3,ORD-000211,DC-06,STAGE,RBT-0663,COMPLETE,FAILED,DC-06-Z11,DC-06-Z05,2026-08-06T09:52:00
TSK-000211-4,ORD-000211,DC-06,PACK_FEED,RBT-0696,EXECUTING,QUEUED,DC-06-Z02,DC-06-Z04,2026-08-06T09:34:00
TSK-000212-1,ORD-000212,DC-07,PACK_FEED,RBT-0073,BLOCKED,ASSIGNED,DC-07-Z08,DC-07-Z08,2026-08-02T22:33:00
TSK-000213-1,ORD-000213,DC-09,PACK_FEED,RBT-0601,BLOCKED,COMPLETE,DC-09-Z10,DC-09-Z10,2026-08-09T08:15:00
TSK-000213-2,ORD-000213,DC-09,PICK,RBT-0555,COMPLETE,FAILED,DC-09-Z07,DC-09-Z12,2026-08-09T07:36:00
TSK-000213-3,ORD-000213,DC-09,STAGE,RBT-0601,COMPLETE,ASSIGNED,DC-09-Z11,DC-09-Z06,2026-08-09T07:11:00
TSK-000214-1,ORD-000214,DC-01,MOVE,RBT-0554,QUEUED,ASSIGNED,DC-01-Z02,DC-01-Z02,2026-08-10T20:08:00
TSK-000215-1,ORD-000215,DC-06,REPLENISH,RBT-0123,BLOCKED,QUEUED,DC-06-Z04,DC-06-Z05,2026-08-26T17:19:00
TSK-000215-2,ORD-000215,DC-06,PACK_FEED,RBT-0253,EXECUTING,QUEUED,DC-06-Z10,DC-06-Z06,2026-08-26T16:14:00
TSK-000216-1,ORD-000216,DC-09,PACK_FEED,RBT-0121,QUEUED,EXECUTING,DC-09-Z12,DC-09-Z12,2026-08-08T01:52:00
TSK-000216-2,ORD-000216,DC-09,REPLENISH,RBT-0536,QUEUED,FAILED,DC-09-Z12,DC-09-Z09,2026-08-08T01:41:00
TSK-000216-3,ORD-000216,DC-09,PACK_FEED,RBT-0605,QUEUED,FAILED,DC-09-Z02,DC-09-Z05,2026-08-08T00:55:00
TSK-000216-4,ORD-000216,DC-09,PICK,RBT-0329,COMPLETE,COMPLETE,DC-09-Z10,DC-09-Z01,2026-08-08T01:22:00
TSK-000217-1,ORD-000217,DC-06,STAGE,RBT-0598,EXECUTING,COMPLETE,DC-06-Z10,DC-06-Z08,2026-08-24T10:30:00
TSK-000217-2,ORD-000217,DC-06,REPLENISH,RBT-0231,EXECUTING,ASSIGNED,DC-06-Z09,DC-06-Z07,2026-08-24T11:11:00
TSK-000217-3,ORD-000217,DC-06,PACK_FEED,RBT-0539,COMPLETE,FAILED,DC-06-Z12,DC-06-Z10,2026-08-24T11:38:00
TSK-000218-1,ORD-000218,DC-10,REPLENISH,RBT-0096,ASSIGNED,QUEUED,DC-10-Z10,DC-10-Z12,2026-08-28T03:16:00
TSK-000218-2,ORD-000218,DC-10,STAGE,RBT-0330,ASSIGNED,EXECUTING,DC-10-Z01,DC-10-Z07,2026-08-28T04:24:00
TSK-000219-1,ORD-000219,DC-14,PICK,RBT-0270,COMPLETE,ASSIGNED,DC-14-Z12,DC-14-Z08,2026-08-24T06:24:00
TSK-000220-1,ORD-000220,DC-18,REPLENISH,RBT-0433,ASSIGNED,EXECUTING,DC-18-Z08,DC-18-Z10,2026-09-02T02:33:00
TSK-000220-2,ORD-000220,DC-18,PACK_FEED,RBT-0452,EXECUTING,EXECUTING,DC-18-Z11,DC-18-Z11,2026-09-02T02:47:00
TSK-000220-3,ORD-000220,DC-18,STAGE,RBT-0382,EXECUTING,ASSIGNED,DC-18-Z01,DC-18-Z05,2026-09-02T02:27:00
TSK-000221-1,ORD-000221,DC-09,STAGE,RBT-0475,QUEUED,COMPLETE,DC-09-Z11,DC-09-Z05,2026-08-28T22:48:00
TSK-000221-2,ORD-000221,DC-09,STAGE,RBT-0018,EXECUTING,COMPLETE,DC-09-Z04,DC-09-Z01,2026-08-28T22:24:00
TSK-000221-3,ORD-000221,DC-09,PICK,RBT-0315,COMPLETE,EXECUTING,DC-09-Z04,DC-09-Z05,2026-08-28T22:43:00
TSK-000222-1,ORD-000222,DC-07,PICK,RBT-0543,QUEUED,QUEUED,DC-07-Z08,DC-07-Z03,2026-08-20T03:18:00
TSK-000223-1,ORD-000223,DC-11,REPLENISH,RBT-0055,EXECUTING,QUEUED,DC-11-Z02,DC-11-Z12,2026-09-04T21:31:00
TSK-000223-2,ORD-000223,DC-11,PACK_FEED,RBT-0414,EXECUTING,QUEUED,DC-11-Z11,DC-11-Z10,2026-09-04T22:17:00
TSK-000224-1,ORD-000224,DC-05,PACK_FEED,RBT-0423,BLOCKED,COMPLETE,DC-05-Z04,DC-05-Z01,2026-08-17T15:03:00
TSK-000225-1,ORD-000225,DC-10,PACK_FEED,RBT-0210,QUEUED,QUEUED,DC-10-Z12,DC-10-Z12,2026-08-25T16:33:00
TSK-000226-1,ORD-000226,DC-10,MOVE,RBT-0070,BLOCKED,ASSIGNED,DC-10-Z05,DC-10-Z05,2026-08-26T01:20:00
TSK-000226-2,ORD-000226,DC-10,REPLENISH,RBT-0283,COMPLETE,COMPLETE,DC-10-Z02,DC-10-Z03,2026-08-26T01:03:00
TSK-000226-3,ORD-000226,DC-10,PICK,RBT-0524,ASSIGNED,FAILED,DC-10-Z04,DC-10-Z09,2026-08-26T01:23:00
TSK-000227-1,ORD-000227,DC-15,STAGE,RBT-0436,ASSIGNED,EXECUTING,DC-15-Z07,DC-15-Z04,2026-08-27T10:02:00
TSK-000228-1,ORD-000228,DC-10,PICK,RBT-0524,BLOCKED,FAILED,DC-10-Z03,DC-10-Z04,2026-08-15T12:31:00
TSK-000228-2,ORD-000228,DC-10,REPLENISH,RBT-0004,ASSIGNED,ASSIGNED,DC-10-Z04,DC-10-Z08,2026-08-15T12:46:00
TSK-000228-3,ORD-000228,DC-10,PICK,RBT-0293,QUEUED,COMPLETE,DC-10-Z04,DC-10-Z09,2026-08-15T11:55:00
TSK-000228-4,ORD-000228,DC-10,MOVE,RBT-0298,BLOCKED,FAILED,DC-10-Z09,DC-10-Z01,2026-08-15T12:01:00
TSK-000229-1,ORD-000229,DC-11,PICK,RBT-0681,EXECUTING,COMPLETE,DC-11-Z12,DC-11-Z02,2026-08-08T00:31:00
TSK-000229-2,ORD-000229,DC-11,STAGE,RBT-0211,BLOCKED,FAILED,DC-11-Z01,DC-11-Z10,2026-08-07T23:44:00
TSK-000230-1,ORD-000230,DC-14,PACK_FEED,RBT-0426,ASSIGNED,ASSIGNED,DC-14-Z11,DC-14-Z02,2026-08-26T00:02:00
TSK-000230-2,ORD-000230,DC-14,PACK_FEED,RBT-0490,COMPLETE,QUEUED,DC-14-Z04,DC-14-Z05,2026-08-25T23:24:00
TSK-000231-1,ORD-000231,DC-04,REPLENISH,RBT-0119,BLOCKED,ASSIGNED,DC-04-Z05,DC-04-Z01,2026-08-25T00:05:00
TSK-000231-2,ORD-000231,DC-04,MOVE,RBT-0690,QUEUED,COMPLETE,DC-04-Z02,DC-04-Z04,2026-08-25T00:07:00
TSK-000231-3,ORD-000231,DC-04,REPLENISH,RBT-0475,QUEUED,ASSIGNED,DC-04-Z11,DC-04-Z08,2026-08-25T00:02:00
TSK-000232-1,ORD-000232,DC-09,PACK_FEED,RBT-0152,COMPLETE,ASSIGNED,DC-09-Z01,DC-09-Z02,2026-09-04T11:24:00
TSK-000233-1,ORD-000233,DC-14,PACK_FEED,RBT-0142,EXECUTING,EXECUTING,DC-14-Z09,DC-14-Z03,2026-08-17T11:44:00
TSK-000233-2,ORD-000233,DC-14,STAGE,RBT-0348,ASSIGNED,EXECUTING,DC-14-Z12,DC-14-Z11,2026-08-17T11:10:00
TSK-000233-3,ORD-000233,DC-14,PACK_FEED,RBT-0113,BLOCKED,EXECUTING,DC-14-Z05,DC-14-Z10,2026-08-17T10:29:00
TSK-000234-1,ORD-000234,DC-03,REPLENISH,RBT-0637,EXECUTING,QUEUED,DC-03-Z04,DC-03-Z02,2026-08-05T14:51:00
TSK-000234-2,ORD-000234,DC-03,PICK,RBT-0547,BLOCKED,COMPLETE,DC-03-Z09,DC-03-Z06,2026-08-05T14:22:00
TSK-000235-1,ORD-000235,DC-05,REPLENISH,RBT-0603,BLOCKED,COMPLETE,DC-05-Z07,DC-05-Z06,2026-09-03T07:34:00
TSK-000235-2,ORD-000235,DC-05,PICK,RBT-0647,EXECUTING,FAILED,DC-05-Z06,DC-05-Z04,2026-09-03T06:15:00
TSK-000236-1,ORD-000236,DC-03,PICK,RBT-0335,QUEUED,EXECUTING,DC-03-Z12,DC-03-Z07,2026-08-28T11:40:00
TSK-000236-2,ORD-000236,DC-03,PICK,RBT-0293,ASSIGNED,EXECUTING,DC-03-Z01,DC-03-Z09,2026-08-28T12:55:00
TSK-000236-3,ORD-000236,DC-03,STAGE,RBT-0291,ASSIGNED,EXECUTING,DC-03-Z12,DC-03-Z12,2026-08-28T12:54:00
TSK-000236-4,ORD-000236,DC-03,PACK_FEED,RBT-0604,ASSIGNED,QUEUED,DC-03-Z03,DC-03-Z02,2026-08-28T12:36:00
TSK-000237-1,ORD-000237,DC-13,MOVE,RBT-0302,EXECUTING,COMPLETE,DC-13-Z01,DC-13-Z02,2026-08-20T05:00:00
TSK-000237-2,ORD-000237,DC-13,STAGE,RBT-0679,QUEUED,ASSIGNED,DC-13-Z12,DC-13-Z10,2026-08-20T04:54:00
TSK-000237-3,ORD-000237,DC-13,STAGE,RBT-0300,EXECUTING,QUEUED,DC-13-Z07,DC-13-Z12,2026-08-20T04:43:00
TSK-000237-4,ORD-000237,DC-13,PACK_FEED,RBT-0035,EXECUTING,COMPLETE,DC-13-Z12,DC-13-Z01,2026-08-20T05:08:00
TSK-000238-1,ORD-000238,DC-14,PACK_FEED,RBT-0519,ASSIGNED,EXECUTING,DC-14-Z07,DC-14-Z08,2026-08-19T04:38:00
TSK-000238-2,ORD-000238,DC-14,PICK,RBT-0678,BLOCKED,EXECUTING,DC-14-Z11,DC-14-Z11,2026-08-19T04:18:00
TSK-000238-3,ORD-000238,DC-14,MOVE,RBT-0033,QUEUED,EXECUTING,DC-14-Z04,DC-14-Z04,2026-08-19T05:20:00
TSK-000239-1,ORD-000239,DC-17,STAGE,RBT-0655,COMPLETE,EXECUTING,DC-17-Z02,DC-17-Z03,2026-08-26T23:18:00
TSK-000239-2,ORD-000239,DC-17,PACK_FEED,RBT-0615,QUEUED,FAILED,DC-17-Z08,DC-17-Z11,2026-08-26T22:56:00
TSK-000239-3,ORD-000239,DC-17,REPLENISH,RBT-0081,ASSIGNED,FAILED,DC-17-Z08,DC-17-Z09,2026-08-26T22:26:00
TSK-000239-4,ORD-000239,DC-17,STAGE,RBT-0107,QUEUED,EXECUTING,DC-17-Z06,DC-17-Z04,2026-08-26T22:14:00
TSK-000240-1,ORD-000240,DC-06,STAGE,RBT-0140,QUEUED,ASSIGNED,DC-06-Z01,DC-06-Z12,2026-08-20T05:41:00
TSK-000241-1,ORD-000241,DC-17,STAGE,RBT-0559,QUEUED,EXECUTING,DC-17-Z06,DC-17-Z04,2026-08-29T14:21:00
TSK-000241-2,ORD-000241,DC-17,REPLENISH,RBT-0629,COMPLETE,QUEUED,DC-17-Z02,DC-17-Z07,2026-08-29T13:44:00
TSK-000241-3,ORD-000241,DC-17,STAGE,RBT-0452,COMPLETE,EXECUTING,DC-17-Z08,DC-17-Z05,2026-08-29T14:05:00
TSK-000241-4,ORD-000241,DC-17,PICK,RBT-0187,ASSIGNED,QUEUED,DC-17-Z03,DC-17-Z07,2026-08-29T14:48:00
TSK-000242-1,ORD-000242,DC-05,MOVE,RBT-0050,ASSIGNED,QUEUED,DC-05-Z07,DC-05-Z02,2026-08-25T17:14:00
TSK-000243-1,ORD-000243,DC-17,PACK_FEED,RBT-0008,COMPLETE,COMPLETE,DC-17-Z08,DC-17-Z07,2026-08-18T19:17:00
TSK-000243-2,ORD-000243,DC-17,PICK,RBT-0603,QUEUED,ASSIGNED,DC-17-Z03,DC-17-Z07,2026-08-18T19:49:00
TSK-000244-1,ORD-000244,DC-10,MOVE,RBT-0067,QUEUED,EXECUTING,DC-10-Z12,DC-10-Z06,2026-08-06T00:04:00
TSK-000244-2,ORD-000244,DC-10,MOVE,RBT-0546,COMPLETE,COMPLETE,DC-10-Z07,DC-10-Z10,2026-08-06T00:07:00
TSK-000244-3,ORD-000244,DC-10,PICK,RBT-0067,ASSIGNED,QUEUED,DC-10-Z10,DC-10-Z09,2026-08-05T23:49:00
TSK-000244-4,ORD-000244,DC-10,REPLENISH,RBT-0339,ASSIGNED,ASSIGNED,DC-10-Z09,DC-10-Z03,2026-08-05T23:45:00
TSK-000245-1,ORD-000245,DC-01,REPLENISH,RBT-0464,COMPLETE,COMPLETE,DC-01-Z04,DC-01-Z06,2026-08-26T03:22:00
TSK-000245-2,ORD-000245,DC-01,PICK,RBT-0660,EXECUTING,FAILED,DC-01-Z11,DC-01-Z01,2026-08-26T02:20:00
TSK-000245-3,ORD-000245,DC-01,MOVE,RBT-0343,QUEUED,ASSIGNED,DC-01-Z02,DC-01-Z04,2026-08-26T01:56:00
TSK-000245-4,ORD-000245,DC-01,PICK,RBT-0305,QUEUED,ASSIGNED,DC-01-Z10,DC-01-Z02,2026-08-26T03:06:00
TSK-000246-1,ORD-000246,DC-04,STAGE,RBT-0528,ASSIGNED,QUEUED,DC-04-Z03,DC-04-Z02,2026-08-12T03:49:00
TSK-000247-1,ORD-000247,DC-01,REPLENISH,RBT-0460,EXECUTING,EXECUTING,DC-01-Z12,DC-01-Z09,2026-08-18T17:39:00
TSK-000247-2,ORD-000247,DC-01,PICK,RBT-0473,EXECUTING,ASSIGNED,DC-01-Z02,DC-01-Z12,2026-08-18T18:07:00
TSK-000247-3,ORD-000247,DC-01,PICK,RBT-0612,BLOCKED,EXECUTING,DC-01-Z10,DC-01-Z01,2026-08-18T17:25:00
TSK-000247-4,ORD-000247,DC-01,REPLENISH,RBT-0201,EXECUTING,FAILED,DC-01-Z06,DC-01-Z10,2026-08-18T17:27:00
TSK-000248-1,ORD-000248,DC-18,STAGE,RBT-0004,EXECUTING,QUEUED,DC-18-Z04,DC-18-Z09,2026-08-23T03:56:00
TSK-000249-1,ORD-000249,DC-07,STAGE,RBT-0210,QUEUED,QUEUED,DC-07-Z02,DC-07-Z04,2026-08-27T06:06:00
TSK-000250-1,ORD-000250,DC-10,PACK_FEED,RBT-0687,EXECUTING,FAILED,DC-10-Z10,DC-10-Z11,2026-08-10T00:36:00
TSK-000250-2,ORD-000250,DC-10,PACK_FEED,RBT-0558,BLOCKED,FAILED,DC-10-Z10,DC-10-Z06,2026-08-09T23:55:00
TSK-000251-1,ORD-000251,DC-04,MOVE,RBT-0126,BLOCKED,FAILED,DC-04-Z09,DC-04-Z12,2026-08-25T21:50:00
TSK-000251-2,ORD-000251,DC-04,REPLENISH,RBT-0432,ASSIGNED,EXECUTING,DC-04-Z04,DC-04-Z11,2026-08-25T22:21:00
TSK-000251-3,ORD-000251,DC-04,STAGE,RBT-0012,QUEUED,QUEUED,DC-04-Z02,DC-04-Z12,2026-08-25T22:20:00
TSK-000251-4,ORD-000251,DC-04,REPLENISH,RBT-0028,QUEUED,QUEUED,DC-04-Z10,DC-04-Z03,2026-08-25T20:47:00
TSK-000252-1,ORD-000252,DC-06,PICK,RBT-0599,COMPLETE,QUEUED,DC-06-Z09,DC-06-Z06,2026-08-11T14:00:00
TSK-000252-2,ORD-000252,DC-06,MOVE,RBT-0233,EXECUTING,COMPLETE,DC-06-Z09,DC-06-Z08,2026-08-11T14:20:00
TSK-000252-3,ORD-000252,DC-06,MOVE,RBT-0455,ASSIGNED,ASSIGNED,DC-06-Z11,DC-06-Z06,2026-08-11T15:24:00
TSK-000252-4,ORD-000252,DC-06,PICK,RBT-0515,COMPLETE,COMPLETE,DC-06-Z08,DC-06-Z05,2026-08-11T14:52:00
TSK-000253-1,ORD-000253,DC-06,STAGE,RBT-0066,BLOCKED,QUEUED,DC-06-Z05,DC-06-Z08,2026-08-09T09:53:00
TSK-000253-2,ORD-000253,DC-06,PICK,RBT-0482,EXECUTING,ASSIGNED,DC-06-Z02,DC-06-Z05,2026-08-09T10:44:00
TSK-000253-3,ORD-000253,DC-06,PACK_FEED,RBT-0391,EXECUTING,QUEUED,DC-06-Z07,DC-06-Z04,2026-08-09T09:48:00
TSK-000253-4,ORD-000253,DC-06,REPLENISH,RBT-0344,COMPLETE,FAILED,DC-06-Z12,DC-06-Z06,2026-08-09T10:03:00
TSK-000254-1,ORD-000254,DC-07,PACK_FEED,RBT-0583,ASSIGNED,EXECUTING,DC-07-Z06,DC-07-Z04,2026-09-02T17:38:00
TSK-000254-2,ORD-000254,DC-07,REPLENISH,RBT-0227,EXECUTING,COMPLETE,DC-07-Z06,DC-07-Z09,2026-09-02T17:25:00
TSK-000254-3,ORD-000254,DC-07,REPLENISH,RBT-0465,COMPLETE,ASSIGNED,DC-07-Z02,DC-07-Z01,2026-09-02T16:14:00
TSK-000255-1,ORD-000255,DC-11,PACK_FEED,RBT-0653,COMPLETE,ASSIGNED,DC-11-Z10,DC-11-Z10,2026-08-20T00:12:00
TSK-000255-2,ORD-000255,DC-11,PICK,RBT-0183,EXECUTING,FAILED,DC-11-Z11,DC-11-Z10,2026-08-19T23:54:00
TSK-000255-3,ORD-000255,DC-11,STAGE,RBT-0515,EXECUTING,QUEUED,DC-11-Z03,DC-11-Z01,2026-08-20T01:18:00
TSK-000255-4,ORD-000255,DC-11,STAGE,RBT-0177,QUEUED,EXECUTING,DC-11-Z12,DC-11-Z09,2026-08-20T00:19:00
TSK-000256-1,ORD-000256,DC-08,MOVE,RBT-0516,COMPLETE,COMPLETE,DC-08-Z07,DC-08-Z08,2026-08-11T11:14:00
TSK-000257-1,ORD-000257,DC-14,PACK_FEED,RBT-0586,COMPLETE,EXECUTING,DC-14-Z02,DC-14-Z01,2026-08-21T15:27:00
TSK-000257-2,ORD-000257,DC-14,REPLENISH,RBT-0151,COMPLETE,FAILED,DC-14-Z10,DC-14-Z04,2026-08-21T14:58:00
TSK-000257-3,ORD-000257,DC-14,STAGE,RBT-0523,COMPLETE,EXECUTING,DC-14-Z08,DC-14-Z01,2026-08-21T14:36:00
TSK-000258-1,ORD-000258,DC-03,REPLENISH,RBT-0245,ASSIGNED,FAILED,DC-03-Z03,DC-03-Z05,2026-08-02T06:00:00
TSK-000258-2,ORD-000258,DC-03,MOVE,RBT-0076,BLOCKED,ASSIGNED,DC-03-Z02,DC-03-Z02,2026-08-02T05:39:00
TSK-000259-1,ORD-000259,DC-14,PACK_FEED,RBT-0138,BLOCKED,ASSIGNED,DC-14-Z03,DC-14-Z06,2026-08-18T00:38:00
TSK-000259-2,ORD-000259,DC-14,STAGE,RBT-0267,BLOCKED,QUEUED,DC-14-Z05,DC-14-Z01,2026-08-17T23:01:00
TSK-000259-3,ORD-000259,DC-14,MOVE,RBT-0684,EXECUTING,COMPLETE,DC-14-Z06,DC-14-Z04,2026-08-17T23:29:00
TSK-000260-1,ORD-000260,DC-14,PACK_FEED,RBT-0409,BLOCKED,FAILED,DC-14-Z03,DC-14-Z03,2026-08-08T06:14:00
TSK-000261-1,ORD-000261,DC-09,REPLENISH,RBT-0583,BLOCKED,ASSIGNED,DC-09-Z09,DC-09-Z05,2026-08-13T09:26:00
TSK-000262-1,ORD-000262,DC-09,PICK,RBT-0702,BLOCKED,EXECUTING,DC-09-Z06,DC-09-Z11,2026-08-21T09:23:00
TSK-000262-2,ORD-000262,DC-09,MOVE,RBT-0692,ASSIGNED,FAILED,DC-09-Z06,DC-09-Z02,2026-08-21T09:27:00
TSK-000263-1,ORD-000263,DC-04,MOVE,RBT-0108,ASSIGNED,QUEUED,DC-04-Z04,DC-04-Z01,2026-08-11T15:41:00
TSK-000264-1,ORD-000264,DC-06,REPLENISH,RBT-0122,COMPLETE,EXECUTING,DC-06-Z10,DC-06-Z11,2026-08-16T10:35:00
TSK-000265-1,ORD-000265,DC-15,MOVE,RBT-0505,ASSIGNED,EXECUTING,DC-15-Z05,DC-15-Z12,2026-08-31T07:13:00
TSK-000265-2,ORD-000265,DC-15,REPLENISH,RBT-0474,EXECUTING,FAILED,DC-15-Z12,DC-15-Z01,2026-08-31T05:54:00
TSK-000266-1,ORD-000266,DC-12,MOVE,RBT-0304,EXECUTING,ASSIGNED,DC-12-Z04,DC-12-Z11,2026-08-18T01:18:00
TSK-000266-2,ORD-000266,DC-12,REPLENISH,RBT-0210,ASSIGNED,FAILED,DC-12-Z06,DC-12-Z08,2026-08-18T02:00:00
TSK-000266-3,ORD-000266,DC-12,STAGE,RBT-0612,BLOCKED,ASSIGNED,DC-12-Z01,DC-12-Z12,2026-08-18T01:53:00
TSK-000266-4,ORD-000266,DC-12,STAGE,RBT-0542,BLOCKED,COMPLETE,DC-12-Z01,DC-12-Z07,2026-08-18T02:10:00
TSK-000267-1,ORD-000267,DC-16,PICK,RBT-0690,QUEUED,EXECUTING,DC-16-Z07,DC-16-Z04,2026-08-25T11:49:00
TSK-000268-1,ORD-000268,DC-02,STAGE,RBT-0269,ASSIGNED,FAILED,DC-02-Z10,DC-02-Z05,2026-08-26T06:06:00
TSK-000269-1,ORD-000269,DC-15,PICK,RBT-0677,COMPLETE,ASSIGNED,DC-15-Z06,DC-15-Z09,2026-08-26T03:59:00
TSK-000269-2,ORD-000269,DC-15,PICK,RBT-0432,COMPLETE,ASSIGNED,DC-15-Z11,DC-15-Z10,2026-08-26T04:53:00
TSK-000269-3,ORD-000269,DC-15,STAGE,RBT-0219,ASSIGNED,COMPLETE,DC-15-Z12,DC-15-Z06,2026-08-26T03:29:00
TSK-000270-1,ORD-000270,DC-03,PACK_FEED,RBT-0695,COMPLETE,FAILED,DC-03-Z02,DC-03-Z07,2026-08-10T15:32:00
TSK-000271-1,ORD-000271,DC-15,MOVE,RBT-0502,COMPLETE,ASSIGNED,DC-15-Z12,DC-15-Z06,2026-09-03T19:30:00
TSK-000271-2,ORD-000271,DC-15,PACK_FEED,RBT-0049,QUEUED,QUEUED,DC-15-Z02,DC-15-Z11,2026-09-03T18:53:00
TSK-000271-3,ORD-000271,DC-15,MOVE,RBT-0155,QUEUED,FAILED,DC-15-Z08,DC-15-Z03,2026-09-03T19:11:00
TSK-000272-1,ORD-000272,DC-03,REPLENISH,RBT-0196,BLOCKED,COMPLETE,DC-03-Z09,DC-03-Z03,2026-08-30T18:34:00
TSK-000273-1,ORD-000273,DC-13,STAGE,RBT-0372,EXECUTING,FAILED,DC-13-Z11,DC-13-Z02,2026-08-13T10:46:00
TSK-000273-2,ORD-000273,DC-13,STAGE,RBT-0070,QUEUED,QUEUED,DC-13-Z09,DC-13-Z06,2026-08-13T10:46:00
TSK-000273-3,ORD-000273,DC-13,STAGE,RBT-0121,BLOCKED,QUEUED,DC-13-Z12,DC-13-Z11,2026-08-13T11:08:00
TSK-000273-4,ORD-000273,DC-13,STAGE,RBT-0654,BLOCKED,EXECUTING,DC-13-Z09,DC-13-Z02,2026-08-13T10:50:00
TSK-000274-1,ORD-000274,DC-10,MOVE,RBT-0131,EXECUTING,FAILED,DC-10-Z04,DC-10-Z10,2026-09-01T13:54:00
TSK-000274-2,ORD-000274,DC-10,MOVE,RBT-0149,EXECUTING,ASSIGNED,DC-10-Z07,DC-10-Z09,2026-09-01T14:00:00
TSK-000274-3,ORD-000274,DC-10,REPLENISH,RBT-0263,BLOCKED,QUEUED,DC-10-Z04,DC-10-Z07,2026-09-01T12:59:00
TSK-000274-4,ORD-000274,DC-10,PACK_FEED,RBT-0167,QUEUED,ASSIGNED,DC-10-Z01,DC-10-Z02,2026-09-01T14:28:00
TSK-000275-1,ORD-000275,DC-04,PICK,RBT-0448,EXECUTING,EXECUTING,DC-04-Z07,DC-04-Z01,2026-08-16T02:21:00
TSK-000275-2,ORD-000275,DC-04,MOVE,RBT-0380,ASSIGNED,ASSIGNED,DC-04-Z12,DC-04-Z11,2026-08-16T02:00:00
TSK-000276-1,ORD-000276,DC-13,REPLENISH,RBT-0131,ASSIGNED,FAILED,DC-13-Z04,DC-13-Z02,2026-08-02T04:41:00
TSK-000277-1,ORD-000277,DC-05,MOVE,RBT-0377,EXECUTING,ASSIGNED,DC-05-Z07,DC-05-Z10,2026-08-31T10:15:00
TSK-000277-2,ORD-000277,DC-05,PACK_FEED,RBT-0157,BLOCKED,COMPLETE,DC-05-Z06,DC-05-Z04,2026-08-31T09:27:00
TSK-000277-3,ORD-000277,DC-05,MOVE,RBT-0131,QUEUED,COMPLETE,DC-05-Z06,DC-05-Z05,2026-08-31T09:50:00
TSK-000278-1,ORD-000278,DC-17,REPLENISH,RBT-0600,COMPLETE,QUEUED,DC-17-Z12,DC-17-Z09,2026-08-14T04:15:00
TSK-000278-2,ORD-000278,DC-17,PICK,RBT-0399,BLOCKED,EXECUTING,DC-17-Z12,DC-17-Z12,2026-08-14T04:30:00
TSK-000278-3,ORD-000278,DC-17,STAGE,RBT-0043,BLOCKED,FAILED,DC-17-Z09,DC-17-Z05,2026-08-14T04:19:00
TSK-000279-1,ORD-000279,DC-03,STAGE,RBT-0506,COMPLETE,ASSIGNED,DC-03-Z10,DC-03-Z04,2026-09-01T06:39:00
TSK-000279-2,ORD-000279,DC-03,PICK,RBT-0656,COMPLETE,EXECUTING,DC-03-Z10,DC-03-Z04,2026-09-01T06:57:00
TSK-000279-3,ORD-000279,DC-03,PACK_FEED,RBT-0046,BLOCKED,ASSIGNED,DC-03-Z12,DC-03-Z10,2026-09-01T07:09:00
TSK-000279-4,ORD-000279,DC-03,PACK_FEED,RBT-0618,EXECUTING,COMPLETE,DC-03-Z07,DC-03-Z07,2026-09-01T07:18:00
TSK-000280-1,ORD-000280,DC-05,REPLENISH,RBT-0281,COMPLETE,QUEUED,DC-05-Z04,DC-05-Z09,2026-09-01T08:30:00
TSK-000280-2,ORD-000280,DC-05,PACK_FEED,RBT-0285,ASSIGNED,EXECUTING,DC-05-Z02,DC-05-Z03,2026-09-01T08:29:00
TSK-000281-1,ORD-000281,DC-02,PICK,RBT-0582,BLOCKED,EXECUTING,DC-02-Z09,DC-02-Z11,2026-08-11T15:13:00
TSK-000281-2,ORD-000281,DC-02,PICK,RBT-0544,EXECUTING,ASSIGNED,DC-02-Z05,DC-02-Z03,2026-08-11T16:32:00
TSK-000281-3,ORD-000281,DC-02,PICK,RBT-0122,EXECUTING,COMPLETE,DC-02-Z09,DC-02-Z05,2026-08-11T16:22:00
TSK-000281-4,ORD-000281,DC-02,PICK,RBT-0468,BLOCKED,ASSIGNED,DC-02-Z07,DC-02-Z11,2026-08-11T16:27:00
TSK-000282-1,ORD-000282,DC-09,PICK,RBT-0030,COMPLETE,ASSIGNED,DC-09-Z09,DC-09-Z09,2026-08-20T16:15:00
TSK-000282-2,ORD-000282,DC-09,REPLENISH,RBT-0140,EXECUTING,FAILED,DC-09-Z08,DC-09-Z03,2026-08-20T16:33:00
TSK-000282-3,ORD-000282,DC-09,PICK,RBT-0500,ASSIGNED,COMPLETE,DC-09-Z01,DC-09-Z12,2026-08-20T17:07:00
TSK-000283-1,ORD-000283,DC-11,REPLENISH,RBT-0017,QUEUED,EXECUTING,DC-11-Z11,DC-11-Z02,2026-08-10T20:01:00
TSK-000283-2,ORD-000283,DC-11,STAGE,RBT-0049,QUEUED,ASSIGNED,DC-11-Z02,DC-11-Z10,2026-08-10T18:59:00
TSK-000283-3,ORD-000283,DC-11,STAGE,RBT-0315,COMPLETE,COMPLETE,DC-11-Z11,DC-11-Z07,2026-08-10T19:46:00
TSK-000284-1,ORD-000284,DC-08,REPLENISH,RBT-0298,BLOCKED,FAILED,DC-08-Z10,DC-08-Z03,2026-08-21T06:22:00
TSK-000284-2,ORD-000284,DC-08,STAGE,RBT-0158,QUEUED,EXECUTING,DC-08-Z11,DC-08-Z02,2026-08-21T05:48:00
TSK-000284-3,ORD-000284,DC-08,STAGE,RBT-0304,COMPLETE,FAILED,DC-08-Z12,DC-08-Z03,2026-08-21T05:58:00
TSK-000285-1,ORD-000285,DC-10,REPLENISH,RBT-0123,EXECUTING,FAILED,DC-10-Z03,DC-10-Z10,2026-08-03T11:01:00
TSK-000285-2,ORD-000285,DC-10,PACK_FEED,RBT-0223,EXECUTING,COMPLETE,DC-10-Z01,DC-10-Z07,2026-08-03T10:23:00
TSK-000285-3,ORD-000285,DC-10,PACK_FEED,RBT-0396,QUEUED,EXECUTING,DC-10-Z10,DC-10-Z02,2026-08-03T09:38:00
TSK-000285-4,ORD-000285,DC-10,REPLENISH,RBT-0379,QUEUED,EXECUTING,DC-10-Z06,DC-10-Z04,2026-08-03T11:04:00
TSK-000286-1,ORD-000286,DC-11,PICK,RBT-0077,ASSIGNED,ASSIGNED,DC-11-Z10,DC-11-Z12,2026-08-07T06:19:00
TSK-000286-2,ORD-000286,DC-11,PACK_FEED,RBT-0371,BLOCKED,ASSIGNED,DC-11-Z03,DC-11-Z10,2026-08-07T04:28:00
TSK-000287-1,ORD-000287,DC-07,PACK_FEED,RBT-0655,COMPLETE,FAILED,DC-07-Z01,DC-07-Z05,2026-08-04T17:04:00
TSK-000287-2,ORD-000287,DC-07,PICK,RBT-0676,EXECUTING,FAILED,DC-07-Z05,DC-07-Z09,2026-08-04T18:10:00
TSK-000287-3,ORD-000287,DC-07,PICK,RBT-0185,QUEUED,QUEUED,DC-07-Z04,DC-07-Z12,2026-08-04T16:54:00
TSK-000287-4,ORD-000287,DC-07,REPLENISH,RBT-0424,COMPLETE,ASSIGNED,DC-07-Z01,DC-07-Z03,2026-08-04T17:56:00
TSK-000288-1,ORD-000288,DC-06,STAGE,RBT-0409,COMPLETE,FAILED,DC-06-Z02,DC-06-Z07,2026-08-07T21:50:00
TSK-000288-2,ORD-000288,DC-06,STAGE,RBT-0128,COMPLETE,QUEUED,DC-06-Z06,DC-06-Z12,2026-08-07T22:12:00
TSK-000289-1,ORD-000289,DC-17,REPLENISH,RBT-0620,COMPLETE,COMPLETE,DC-17-Z09,DC-17-Z11,2026-08-06T22:27:00
TSK-000289-2,ORD-000289,DC-17,REPLENISH,RBT-0023,ASSIGNED,FAILED,DC-17-Z06,DC-17-Z01,2026-08-06T21:24:00
TSK-000289-3,ORD-000289,DC-17,REPLENISH,RBT-0121,QUEUED,ASSIGNED,DC-17-Z04,DC-17-Z04,2026-08-06T22:24:00
TSK-000289-4,ORD-000289,DC-17,PACK_FEED,RBT-0371,QUEUED,COMPLETE,DC-17-Z11,DC-17-Z08,2026-08-06T21:00:00
TSK-000290-1,ORD-000290,DC-11,PICK,RBT-0504,EXECUTING,ASSIGNED,DC-11-Z10,DC-11-Z02,2026-08-10T20:44:00
TSK-000290-2,ORD-000290,DC-11,MOVE,RBT-0619,QUEUED,COMPLETE,DC-11-Z04,DC-11-Z02,2026-08-10T22:33:00
TSK-000291-1,ORD-000291,DC-17,REPLENISH,RBT-0583,ASSIGNED,QUEUED,DC-17-Z05,DC-17-Z08,2026-08-17T03:57:00
TSK-000291-2,ORD-000291,DC-17,STAGE,RBT-0462,QUEUED,ASSIGNED,DC-17-Z11,DC-17-Z01,2026-08-17T03:41:00
TSK-000291-3,ORD-000291,DC-17,PICK,RBT-0364,BLOCKED,QUEUED,DC-17-Z06,DC-17-Z02,2026-08-17T04:44:00
TSK-000292-1,ORD-000292,DC-10,STAGE,RBT-0128,EXECUTING,ASSIGNED,DC-10-Z05,DC-10-Z02,2026-08-12T04:57:00
TSK-000292-2,ORD-000292,DC-10,PACK_FEED,RBT-0324,COMPLETE,EXECUTING,DC-10-Z11,DC-10-Z06,2026-08-12T04:53:00
TSK-000293-1,ORD-000293,DC-05,STAGE,RBT-0400,BLOCKED,COMPLETE,DC-05-Z01,DC-05-Z02,2026-08-06T17:56:00
TSK-000293-2,ORD-000293,DC-05,PACK_FEED,RBT-0320,ASSIGNED,FAILED,DC-05-Z08,DC-05-Z11,2026-08-06T19:38:00
TSK-000293-3,ORD-000293,DC-05,STAGE,RBT-0337,COMPLETE,COMPLETE,DC-05-Z04,DC-05-Z01,2026-08-06T19:17:00
TSK-000293-4,ORD-000293,DC-05,MOVE,RBT-0536,BLOCKED,FAILED,DC-05-Z01,DC-05-Z11,2026-08-06T19:26:00
TSK-000294-1,ORD-000294,DC-15,MOVE,RBT-0515,COMPLETE,ASSIGNED,DC-15-Z10,DC-15-Z08,2026-08-04T18:37:00
TSK-000294-2,ORD-000294,DC-15,MOVE,RBT-0028,COMPLETE,COMPLETE,DC-15-Z03,DC-15-Z06,2026-08-04T17:24:00
TSK-000295-1,ORD-000295,DC-10,PICK,RBT-0159,BLOCKED,COMPLETE,DC-10-Z04,DC-10-Z03,2026-08-17T22:10:00
TSK-000295-2,ORD-000295,DC-10,PICK,RBT-0582,BLOCKED,FAILED,DC-10-Z06,DC-10-Z01,2026-08-17T22:15:00
TSK-000295-3,ORD-000295,DC-10,PACK_FEED,RBT-0147,QUEUED,FAILED,DC-10-Z07,DC-10-Z07,2026-08-17T22:14:00
TSK-000296-1,ORD-000296,DC-06,MOVE,RBT-0635,ASSIGNED,COMPLETE,DC-06-Z04,DC-06-Z04,2026-08-18T10:56:00
TSK-000296-2,ORD-000296,DC-06,PACK_FEED,RBT-0514,EXECUTING,QUEUED,DC-06-Z06,DC-06-Z08,2026-08-18T10:37:00
TSK-000296-3,ORD-000296,DC-06,PICK,RBT-0619,EXECUTING,FAILED,DC-06-Z05,DC-06-Z11,2026-08-18T10:54:00
TSK-000296-4,ORD-000296,DC-06,STAGE,RBT-0669,EXECUTING,QUEUED,DC-06-Z12,DC-06-Z12,2026-08-18T09:59:00
TSK-000297-1,ORD-000297,DC-02,MOVE,RBT-0175,ASSIGNED,EXECUTING,DC-02-Z07,DC-02-Z02,2026-08-26T12:40:00
TSK-000297-2,ORD-000297,DC-02,PICK,RBT-0378,ASSIGNED,ASSIGNED,DC-02-Z04,DC-02-Z07,2026-08-26T12:09:00
TSK-000298-1,ORD-000298,DC-18,PICK,RBT-0664,ASSIGNED,FAILED,DC-18-Z07,DC-18-Z06,2026-08-06T08:04:00
TSK-000298-2,ORD-000298,DC-18,PACK_FEED,RBT-0376,BLOCKED,FAILED,DC-18-Z11,DC-18-Z11,2026-08-06T09:55:00
TSK-000298-3,ORD-000298,DC-18,REPLENISH,RBT-0711,ASSIGNED,COMPLETE,DC-18-Z07,DC-18-Z02,2026-08-06T08:01:00
TSK-000298-4,ORD-000298,DC-18,PICK,RBT-0170,COMPLETE,ASSIGNED,DC-18-Z02,DC-18-Z12,2026-08-06T09:30:00
TSK-000299-1,ORD-000299,DC-07,PICK,RBT-0531,ASSIGNED,COMPLETE,DC-07-Z09,DC-07-Z11,2026-08-08T10:41:00
TSK-000299-2,ORD-000299,DC-07,REPLENISH,RBT-0450,BLOCKED,QUEUED,DC-07-Z09,DC-07-Z02,2026-08-08T11:09:00
TSK-000299-3,ORD-000299,DC-07,REPLENISH,RBT-0224,BLOCKED,FAILED,DC-07-Z05,DC-07-Z09,2026-08-08T10:44:00
TSK-000300-1,ORD-000300,DC-11,MOVE,RBT-0425,COMPLETE,FAILED,DC-11-Z06,DC-11-Z03,2026-08-02T15:45:00
TSK-000300-2,ORD-000300,DC-11,REPLENISH,RBT-0150,EXECUTING,QUEUED,DC-11-Z06,DC-11-Z04,2026-08-02T14:07:00
TSK-000301-1,ORD-000301,DC-04,PACK_FEED,RBT-0648,COMPLETE,EXECUTING,DC-04-Z07,DC-04-Z04,2026-08-22T22:32:00
TSK-000301-2,ORD-000301,DC-04,MOVE,RBT-0696,COMPLETE,EXECUTING,DC-04-Z05,DC-04-Z05,2026-08-22T22:29:00
TSK-000301-3,ORD-000301,DC-04,MOVE,RBT-0541,BLOCKED,ASSIGNED,DC-04-Z12,DC-04-Z06,2026-08-22T22:29:00
TSK-000302-1,ORD-000302,DC-14,MOVE,RBT-0359,ASSIGNED,COMPLETE,DC-14-Z10,DC-14-Z04,2026-08-31T04:16:00
TSK-000303-1,ORD-000303,DC-13,MOVE,RBT-0625,QUEUED,ASSIGNED,DC-13-Z05,DC-13-Z10,2026-08-28T22:11:00
TSK-000303-2,ORD-000303,DC-13,MOVE,RBT-0031,COMPLETE,COMPLETE,DC-13-Z05,DC-13-Z03,2026-08-28T22:23:00
TSK-000304-1,ORD-000304,DC-01,PICK,RBT-0133,BLOCKED,COMPLETE,DC-01-Z05,DC-01-Z10,2026-08-30T16:40:00
TSK-000304-2,ORD-000304,DC-01,STAGE,RBT-0137,QUEUED,EXECUTING,DC-01-Z01,DC-01-Z07,2026-08-30T16:53:00
TSK-000304-3,ORD-000304,DC-01,STAGE,RBT-0238,BLOCKED,ASSIGNED,DC-01-Z01,DC-01-Z07,2026-08-30T15:28:00
TSK-000305-1,ORD-000305,DC-04,PICK,RBT-0587,COMPLETE,QUEUED,DC-04-Z02,DC-04-Z09,2026-08-08T17:33:00
TSK-000305-2,ORD-000305,DC-04,PACK_FEED,RBT-0625,BLOCKED,COMPLETE,DC-04-Z06,DC-04-Z01,2026-08-08T19:12:00
TSK-000306-1,ORD-000306,DC-17,REPLENISH,RBT-0596,QUEUED,COMPLETE,DC-17-Z04,DC-17-Z01,2026-08-06T21:40:00
TSK-000306-2,ORD-000306,DC-17,MOVE,RBT-0593,ASSIGNED,COMPLETE,DC-17-Z04,DC-17-Z12,2026-08-06T21:27:00
TSK-000306-3,ORD-000306,DC-17,PACK_FEED,RBT-0293,EXECUTING,FAILED,DC-17-Z12,DC-17-Z03,2026-08-06T21:29:00
TSK-000307-1,ORD-000307,DC-05,REPLENISH,RBT-0125,QUEUED,ASSIGNED,DC-05-Z01,DC-05-Z09,2026-08-06T09:32:00
TSK-000307-2,ORD-000307,DC-05,REPLENISH,RBT-0564,ASSIGNED,ASSIGNED,DC-05-Z02,DC-05-Z05,2026-08-06T09:56:00
TSK-000307-3,ORD-000307,DC-05,STAGE,RBT-0600,COMPLETE,EXECUTING,DC-05-Z01,DC-05-Z04,2026-08-06T10:04:00
TSK-000308-1,ORD-000308,DC-04,REPLENISH,RBT-0370,ASSIGNED,COMPLETE,DC-04-Z01,DC-04-Z12,2026-08-05T10:53:00
TSK-000308-2,ORD-000308,DC-04,PACK_FEED,RBT-0143,EXECUTING,FAILED,DC-04-Z12,DC-04-Z03,2026-08-05T10:55:00
TSK-000309-1,ORD-000309,DC-15,PACK_FEED,RBT-0135,ASSIGNED,COMPLETE,DC-15-Z09,DC-15-Z12,2026-08-15T23:39:00
TSK-000309-2,ORD-000309,DC-15,MOVE,RBT-0426,QUEUED,QUEUED,DC-15-Z11,DC-15-Z03,2026-08-15T23:26:00
TSK-000309-3,ORD-000309,DC-15,PICK,RBT-0546,ASSIGNED,FAILED,DC-15-Z12,DC-15-Z05,2026-08-15T23:18:00
TSK-000309-4,ORD-000309,DC-15,PACK_FEED,RBT-0695,EXECUTING,EXECUTING,DC-15-Z08,DC-15-Z10,2026-08-15T22:37:00
TSK-000310-1,ORD-000310,DC-09,REPLENISH,RBT-0393,ASSIGNED,FAILED,DC-09-Z04,DC-09-Z09,2026-08-16T04:09:00
TSK-000310-2,ORD-000310,DC-09,PICK,RBT-0463,BLOCKED,QUEUED,DC-09-Z09,DC-09-Z12,2026-08-16T04:14:00
TSK-000311-1,ORD-000311,DC-07,STAGE,RBT-0401,EXECUTING,ASSIGNED,DC-07-Z04,DC-07-Z11,2026-08-15T08:47:00
TSK-000311-2,ORD-000311,DC-07,PICK,RBT-0617,EXECUTING,FAILED,DC-07-Z09,DC-07-Z01,2026-08-15T10:21:00
TSK-000311-3,ORD-000311,DC-07,REPLENISH,RBT-0585,BLOCKED,ASSIGNED,DC-07-Z10,DC-07-Z05,2026-08-15T09:08:00
TSK-000312-1,ORD-000312,DC-06,MOVE,RBT-0258,BLOCKED,QUEUED,DC-06-Z04,DC-06-Z04,2026-08-06T08:55:00
TSK-000312-2,ORD-000312,DC-06,REPLENISH,RBT-0569,COMPLETE,QUEUED,DC-06-Z10,DC-06-Z04,2026-08-06T07:44:00
TSK-000313-1,ORD-000313,DC-12,PACK_FEED,RBT-0655,COMPLETE,QUEUED,DC-12-Z10,DC-12-Z12,2026-08-15T03:47:00
TSK-000314-1,ORD-000314,DC-12,REPLENISH,RBT-0610,BLOCKED,EXECUTING,DC-12-Z04,DC-12-Z08,2026-09-01T21:08:00
TSK-000314-2,ORD-000314,DC-12,PICK,RBT-0276,QUEUED,QUEUED,DC-12-Z12,DC-12-Z04,2026-09-01T21:57:00
TSK-000314-3,ORD-000314,DC-12,REPLENISH,RBT-0544,COMPLETE,ASSIGNED,DC-12-Z01,DC-12-Z08,2026-09-01T21:39:00
TSK-000315-1,ORD-000315,DC-17,MOVE,RBT-0661,ASSIGNED,FAILED,DC-17-Z07,DC-17-Z05,2026-08-09T10:54:00
TSK-000315-2,ORD-000315,DC-17,STAGE,RBT-0551,COMPLETE,QUEUED,DC-17-Z11,DC-17-Z01,2026-08-09T10:52:00
TSK-000315-3,ORD-000315,DC-17,PACK_FEED,RBT-0239,QUEUED,QUEUED,DC-17-Z10,DC-17-Z05,2026-08-09T10:13:00
TSK-000315-4,ORD-000315,DC-17,MOVE,RBT-0390,EXECUTING,EXECUTING,DC-17-Z11,DC-17-Z11,2026-08-09T10:35:00
TSK-000316-1,ORD-000316,DC-17,PACK_FEED,RBT-0457,BLOCKED,ASSIGNED,DC-17-Z04,DC-17-Z05,2026-08-15T03:07:00
TSK-000316-2,ORD-000316,DC-17,PACK_FEED,RBT-0425,BLOCKED,FAILED,DC-17-Z07,DC-17-Z12,2026-08-15T02:34:00
TSK-000316-3,ORD-000316,DC-17,PICK,RBT-0396,BLOCKED,FAILED,DC-17-Z02,DC-17-Z02,2026-08-15T04:03:00
TSK-000317-1,ORD-000317,DC-14,REPLENISH,RBT-0456,EXECUTING,FAILED,DC-14-Z03,DC-14-Z09,2026-08-09T02:25:00
TSK-000318-1,ORD-000318,DC-05,PACK_FEED,RBT-0546,EXECUTING,EXECUTING,DC-05-Z11,DC-05-Z07,2026-09-03T01:12:00
TSK-000319-1,ORD-000319,DC-04,REPLENISH,RBT-0549,ASSIGNED,QUEUED,DC-04-Z07,DC-04-Z05,2026-08-29T19:41:00
TSK-000319-2,ORD-000319,DC-04,PICK,RBT-0418,BLOCKED,FAILED,DC-04-Z09,DC-04-Z08,2026-08-29T19:13:00
TSK-000319-3,ORD-000319,DC-04,STAGE,RBT-0173,COMPLETE,EXECUTING,DC-04-Z11,DC-04-Z10,2026-08-29T20:02:00
TSK-000320-1,ORD-000320,DC-17,PACK_FEED,RBT-0047,BLOCKED,QUEUED,DC-17-Z06,DC-17-Z04,2026-08-31T05:27:00
TSK-000320-2,ORD-000320,DC-17,REPLENISH,RBT-0403,COMPLETE,ASSIGNED,DC-17-Z11,DC-17-Z10,2026-08-31T04:57:00
TSK-000320-3,ORD-000320,DC-17,MOVE,RBT-0163,EXECUTING,EXECUTING,DC-17-Z03,DC-17-Z08,2026-08-31T05:14:00
TSK-000321-1,ORD-000321,DC-10,PICK,RBT-0598,EXECUTING,EXECUTING,DC-10-Z01,DC-10-Z03,2026-09-01T04:33:00
TSK-000321-2,ORD-000321,DC-10,PICK,RBT-0640,EXECUTING,COMPLETE,DC-10-Z02,DC-10-Z12,2026-09-01T05:26:00
TSK-000321-3,ORD-000321,DC-10,MOVE,RBT-0449,QUEUED,EXECUTING,DC-10-Z02,DC-10-Z10,2026-09-01T04:41:00
TSK-000322-1,ORD-000322,DC-18,STAGE,RBT-0058,COMPLETE,QUEUED,DC-18-Z06,DC-18-Z02,2026-08-18T09:13:00
TSK-000322-2,ORD-000322,DC-18,MOVE,RBT-0076,EXECUTING,QUEUED,DC-18-Z12,DC-18-Z12,2026-08-18T09:16:00
TSK-000322-3,ORD-000322,DC-18,STAGE,RBT-0084,EXECUTING,FAILED,DC-18-Z07,DC-18-Z07,2026-08-18T09:27:00
TSK-000323-1,ORD-000323,DC-03,REPLENISH,RBT-0500,BLOCKED,COMPLETE,DC-03-Z10,DC-03-Z08,2026-08-11T10:21:00
TSK-000324-1,ORD-000324,DC-03,MOVE,RBT-0621,BLOCKED,FAILED,DC-03-Z08,DC-03-Z01,2026-08-17T00:49:00
TSK-000324-2,ORD-000324,DC-03,PACK_FEED,RBT-0475,BLOCKED,QUEUED,DC-03-Z01,DC-03-Z06,2026-08-17T00:29:00
TSK-000324-3,ORD-000324,DC-03,PICK,RBT-0002,BLOCKED,ASSIGNED,DC-03-Z11,DC-03-Z04,2026-08-17T00:23:00
TSK-000324-4,ORD-000324,DC-03,STAGE,RBT-0005,BLOCKED,QUEUED,DC-03-Z04,DC-03-Z11,2026-08-16T23:43:00
TSK-000325-1,ORD-000325,DC-08,PACK_FEED,RBT-0184,ASSIGNED,QUEUED,DC-08-Z02,DC-08-Z10,2026-08-01T13:23:00
TSK-000326-1,ORD-000326,DC-15,REPLENISH,RBT-0536,QUEUED,FAILED,DC-15-Z09,DC-15-Z03,2026-08-12T17:03:00
TSK-000326-2,ORD-000326,DC-15,PACK_FEED,RBT-0687,COMPLETE,ASSIGNED,DC-15-Z03,DC-15-Z04,2026-08-12T16:39:00
TSK-000326-3,ORD-000326,DC-15,STAGE,RBT-0054,QUEUED,FAILED,DC-15-Z01,DC-15-Z01,2026-08-12T17:47:00
TSK-000327-1,ORD-000327,DC-17,STAGE,RBT-0693,BLOCKED,QUEUED,DC-17-Z11,DC-17-Z06,2026-08-15T23:38:00
TSK-000328-1,ORD-000328,DC-13,REPLENISH,RBT-0350,BLOCKED,ASSIGNED,DC-13-Z11,DC-13-Z05,2026-08-12T03:59:00
TSK-000328-2,ORD-000328,DC-13,PICK,RBT-0374,ASSIGNED,QUEUED,DC-13-Z01,DC-13-Z05,2026-08-12T04:30:00
TSK-000328-3,ORD-000328,DC-13,REPLENISH,RBT-0413,BLOCKED,COMPLETE,DC-13-Z05,DC-13-Z01,2026-08-12T05:02:00
TSK-000329-1,ORD-000329,DC-07,REPLENISH,RBT-0154,QUEUED,EXECUTING,DC-07-Z03,DC-07-Z10,2026-08-17T19:22:00
TSK-000330-1,ORD-000330,DC-01,PICK,RBT-0542,BLOCKED,COMPLETE,DC-01-Z01,DC-01-Z02,2026-08-03T13:38:00
TSK-000330-2,ORD-000330,DC-01,PICK,RBT-0600,ASSIGNED,QUEUED,DC-01-Z02,DC-01-Z05,2026-08-03T14:48:00
TSK-000330-3,ORD-000330,DC-01,PACK_FEED,RBT-0388,BLOCKED,ASSIGNED,DC-01-Z09,DC-01-Z09,2026-08-03T14:30:00
TSK-000330-4,ORD-000330,DC-01,REPLENISH,RBT-0095,ASSIGNED,FAILED,DC-01-Z06,DC-01-Z01,2026-08-03T14:07:00
TSK-000331-1,ORD-000331,DC-13,STAGE,RBT-0487,ASSIGNED,ASSIGNED,DC-13-Z04,DC-13-Z08,2026-08-12T18:49:00
TSK-000332-1,ORD-000332,DC-02,MOVE,RBT-0377,BLOCKED,QUEUED,DC-02-Z08,DC-02-Z06,2026-09-02T23:34:00
TSK-000333-1,ORD-000333,DC-13,PACK_FEED,RBT-0341,COMPLETE,EXECUTING,DC-13-Z11,DC-13-Z10,2026-08-31T04:10:00
TSK-000333-2,ORD-000333,DC-13,MOVE,RBT-0598,BLOCKED,COMPLETE,DC-13-Z02,DC-13-Z02,2026-08-31T03:20:00
TSK-000334-1,ORD-000334,DC-14,MOVE,RBT-0210,EXECUTING,QUEUED,DC-14-Z10,DC-14-Z09,2026-09-02T05:38:00
TSK-000334-2,ORD-000334,DC-14,STAGE,RBT-0023,QUEUED,FAILED,DC-14-Z06,DC-14-Z09,2026-09-02T04:01:00
TSK-000334-3,ORD-000334,DC-14,MOVE,RBT-0133,BLOCKED,ASSIGNED,DC-14-Z02,DC-14-Z12,2026-09-02T05:10:00
TSK-000334-4,ORD-000334,DC-14,REPLENISH,RBT-0258,BLOCKED,ASSIGNED,DC-14-Z01,DC-14-Z06,2026-09-02T05:43:00
TSK-000335-1,ORD-000335,DC-10,REPLENISH,RBT-0665,ASSIGNED,COMPLETE,DC-10-Z12,DC-10-Z10,2026-08-02T14:04:00
TSK-000335-2,ORD-000335,DC-10,REPLENISH,RBT-0443,EXECUTING,QUEUED,DC-10-Z09,DC-10-Z10,2026-08-02T13:22:00
TSK-000335-3,ORD-000335,DC-10,STAGE,RBT-0252,ASSIGNED,ASSIGNED,DC-10-Z05,DC-10-Z10,2026-08-02T14:25:00
TSK-000336-1,ORD-000336,DC-16,PACK_FEED,RBT-0384,ASSIGNED,COMPLETE,DC-16-Z08,DC-16-Z01,2026-09-03T11:09:00
TSK-000337-1,ORD-000337,DC-15,REPLENISH,RBT-0506,EXECUTING,FAILED,DC-15-Z12,DC-15-Z05,2026-08-11T11:49:00
TSK-000338-1,ORD-000338,DC-02,STAGE,RBT-0573,QUEUED,COMPLETE,DC-02-Z09,DC-02-Z06,2026-08-13T08:33:00
TSK-000338-2,ORD-000338,DC-02,PICK,RBT-0122,BLOCKED,QUEUED,DC-02-Z11,DC-02-Z05,2026-08-13T06:59:00
TSK-000338-3,ORD-000338,DC-02,STAGE,RBT-0491,COMPLETE,FAILED,DC-02-Z10,DC-02-Z02,2026-08-13T07:45:00
TSK-000338-4,ORD-000338,DC-02,PICK,RBT-0031,ASSIGNED,ASSIGNED,DC-02-Z11,DC-02-Z09,2026-08-13T08:15:00
TSK-000339-1,ORD-000339,DC-16,REPLENISH,RBT-0502,BLOCKED,ASSIGNED,DC-16-Z10,DC-16-Z03,2026-08-25T09:53:00
TSK-000339-2,ORD-000339,DC-16,PACK_FEED,RBT-0487,QUEUED,EXECUTING,DC-16-Z02,DC-16-Z03,2026-08-25T10:15:00
TSK-000339-3,ORD-000339,DC-16,MOVE,RBT-0398,BLOCKED,COMPLETE,DC-16-Z06,DC-16-Z08,2026-08-25T10:28:00
TSK-000339-4,ORD-000339,DC-16,PICK,RBT-0107,QUEUED,QUEUED,DC-16-Z01,DC-16-Z09,2026-08-25T10:54:00
TSK-000340-1,ORD-000340,DC-15,PICK,RBT-0249,COMPLETE,ASSIGNED,DC-15-Z07,DC-15-Z01,2026-08-06T10:12:00
TSK-000340-2,ORD-000340,DC-15,PICK,RBT-0618,QUEUED,ASSIGNED,DC-15-Z03,DC-15-Z08,2026-08-06T09:29:00
TSK-000340-3,ORD-000340,DC-15,STAGE,RBT-0620,QUEUED,EXECUTING,DC-15-Z06,DC-15-Z05,2026-08-06T10:02:00
TSK-000340-4,ORD-000340,DC-15,PACK_FEED,RBT-0223,ASSIGNED,ASSIGNED,DC-15-Z11,DC-15-Z10,2026-08-06T10:02:00
TSK-000341-1,ORD-000341,DC-04,STAGE,RBT-0418,COMPLETE,COMPLETE,DC-04-Z10,DC-04-Z11,2026-08-02T00:31:00
TSK-000341-2,ORD-000341,DC-04,STAGE,RBT-0671,ASSIGNED,COMPLETE,DC-04-Z01,DC-04-Z04,2026-08-02T00:39:00
TSK-000341-3,ORD-000341,DC-04,PACK_FEED,RBT-0290,COMPLETE,QUEUED,DC-04-Z05,DC-04-Z10,2026-08-02T00:55:00
TSK-000341-4,ORD-000341,DC-04,REPLENISH,RBT-0530,ASSIGNED,FAILED,DC-04-Z08,DC-04-Z01,2026-08-02T02:28:00
TSK-000342-1,ORD-000342,DC-08,MOVE,RBT-0476,QUEUED,EXECUTING,DC-08-Z01,DC-08-Z10,2026-08-16T08:53:00
TSK-000342-2,ORD-000342,DC-08,PICK,RBT-0580,BLOCKED,COMPLETE,DC-08-Z05,DC-08-Z07,2026-08-16T09:46:00
TSK-000343-1,ORD-000343,DC-01,PICK,RBT-0270,ASSIGNED,EXECUTING,DC-01-Z01,DC-01-Z09,2026-09-02T11:33:00
TSK-000343-2,ORD-000343,DC-01,MOVE,RBT-0304,ASSIGNED,QUEUED,DC-01-Z01,DC-01-Z10,2026-09-02T10:56:00
TSK-000344-1,ORD-000344,DC-06,MOVE,RBT-0225,QUEUED,ASSIGNED,DC-06-Z02,DC-06-Z12,2026-08-11T09:18:00
TSK-000344-2,ORD-000344,DC-06,MOVE,RBT-0008,EXECUTING,ASSIGNED,DC-06-Z08,DC-06-Z12,2026-08-11T07:49:00
TSK-000344-3,ORD-000344,DC-06,PACK_FEED,RBT-0006,COMPLETE,QUEUED,DC-06-Z07,DC-06-Z08,2026-08-11T07:54:00
TSK-000345-1,ORD-000345,DC-11,PICK,RBT-0531,QUEUED,FAILED,DC-11-Z08,DC-11-Z04,2026-08-16T02:51:00
TSK-000345-2,ORD-000345,DC-11,PICK,RBT-0078,BLOCKED,ASSIGNED,DC-11-Z12,DC-11-Z08,2026-08-16T02:58:00
TSK-000345-3,ORD-000345,DC-11,PICK,RBT-0005,BLOCKED,FAILED,DC-11-Z11,DC-11-Z08,2026-08-16T02:56:00
TSK-000346-1,ORD-000346,DC-08,PICK,RBT-0539,COMPLETE,EXECUTING,DC-08-Z12,DC-08-Z09,2026-09-03T15:03:00
TSK-000346-2,ORD-000346,DC-08,MOVE,RBT-0199,COMPLETE,COMPLETE,DC-08-Z02,DC-08-Z02,2026-09-03T15:29:00
TSK-000346-3,ORD-000346,DC-08,REPLENISH,RBT-0304,EXECUTING,EXECUTING,DC-08-Z12,DC-08-Z01,2026-09-03T14:15:00
TSK-000347-1,ORD-000347,DC-13,PICK,RBT-0499,COMPLETE,ASSIGNED,DC-13-Z07,DC-13-Z05,2026-09-04T19:38:00
TSK-000347-2,ORD-000347,DC-13,PICK,RBT-0403,COMPLETE,COMPLETE,DC-13-Z02,DC-13-Z01,2026-09-04T18:18:00
TSK-000348-1,ORD-000348,DC-05,PACK_FEED,RBT-0220,COMPLETE,FAILED,DC-05-Z09,DC-05-Z01,2026-08-10T21:52:00
TSK-000348-2,ORD-000348,DC-05,STAGE,RBT-0483,BLOCKED,ASSIGNED,DC-05-Z06,DC-05-Z04,2026-08-10T20:58:00
TSK-000349-1,ORD-000349,DC-08,PACK_FEED,RBT-0364,COMPLETE,ASSIGNED,DC-08-Z07,DC-08-Z08,2026-08-23T07:47:00
TSK-000349-2,ORD-000349,DC-08,STAGE,RBT-0595,COMPLETE,COMPLETE,DC-08-Z12,DC-08-Z02,2026-08-23T07:49:00
TSK-000349-3,ORD-000349,DC-08,PICK,RBT-0547,BLOCKED,ASSIGNED,DC-08-Z03,DC-08-Z06,2026-08-23T06:31:00
TSK-000350-1,ORD-000350,DC-11,REPLENISH,RBT-0634,COMPLETE,COMPLETE,DC-11-Z02,DC-11-Z11,2026-08-26T03:41:00
TSK-000351-1,ORD-000351,DC-05,PACK_FEED,RBT-0672,BLOCKED,FAILED,DC-05-Z09,DC-05-Z09,2026-08-17T06:02:00
TSK-000351-2,ORD-000351,DC-05,PACK_FEED,RBT-0011,QUEUED,QUEUED,DC-05-Z04,DC-05-Z08,2026-08-17T06:40:00
TSK-000352-1,ORD-000352,DC-15,PACK_FEED,RBT-0382,BLOCKED,EXECUTING,DC-15-Z05,DC-15-Z06,2026-08-02T20:59:00
TSK-000352-2,ORD-000352,DC-15,PICK,RBT-0567,COMPLETE,QUEUED,DC-15-Z04,DC-15-Z11,2026-08-02T20:24:00
TSK-000352-3,ORD-000352,DC-15,PACK_FEED,RBT-0569,EXECUTING,COMPLETE,DC-15-Z05,DC-15-Z01,2026-08-02T20:55:00
TSK-000353-1,ORD-000353,DC-15,STAGE,RBT-0400,COMPLETE,COMPLETE,DC-15-Z06,DC-15-Z09,2026-08-07T02:20:00
TSK-000353-2,ORD-000353,DC-15,STAGE,RBT-0444,QUEUED,ASSIGNED,DC-15-Z12,DC-15-Z05,2026-08-07T03:34:00
TSK-000353-3,ORD-000353,DC-15,PICK,RBT-0290,QUEUED,COMPLETE,DC-15-Z09,DC-15-Z04,2026-08-07T01:59:00
TSK-000354-1,ORD-000354,DC-10,PICK,RBT-0251,QUEUED,ASSIGNED,DC-10-Z04,DC-10-Z04,2026-08-09T23:33:00
TSK-000354-2,ORD-000354,DC-10,PICK,RBT-0628,ASSIGNED,COMPLETE,DC-10-Z06,DC-10-Z08,2026-08-09T22:10:00
TSK-000355-1,ORD-000355,DC-08,MOVE,RBT-0602,ASSIGNED,EXECUTING,DC-08-Z02,DC-08-Z11,2026-08-30T05:11:00
TSK-000355-2,ORD-000355,DC-08,PICK,RBT-0617,COMPLETE,FAILED,DC-08-Z02,DC-08-Z12,2026-08-30T04:09:00
TSK-000356-1,ORD-000356,DC-05,MOVE,RBT-0533,EXECUTING,EXECUTING,DC-05-Z07,DC-05-Z09,2026-08-08T04:58:00
TSK-000356-2,ORD-000356,DC-05,PICK,RBT-0208,ASSIGNED,FAILED,DC-05-Z02,DC-05-Z12,2026-08-08T04:06:00
TSK-000356-3,ORD-000356,DC-05,REPLENISH,RBT-0700,COMPLETE,QUEUED,DC-05-Z08,DC-05-Z05,2026-08-08T04:07:00
TSK-000357-1,ORD-000357,DC-03,MOVE,RBT-0372,BLOCKED,FAILED,DC-03-Z08,DC-03-Z02,2026-08-09T17:55:00
TSK-000357-2,ORD-000357,DC-03,STAGE,RBT-0005,COMPLETE,COMPLETE,DC-03-Z08,DC-03-Z01,2026-08-09T18:37:00
TSK-000357-3,ORD-000357,DC-03,STAGE,RBT-0603,ASSIGNED,FAILED,DC-03-Z03,DC-03-Z04,2026-08-09T19:43:00
TSK-000357-4,ORD-000357,DC-03,MOVE,RBT-0025,COMPLETE,QUEUED,DC-03-Z07,DC-03-Z07,2026-08-09T18:11:00
TSK-000358-1,ORD-000358,DC-15,MOVE,RBT-0161,ASSIGNED,FAILED,DC-15-Z03,DC-15-Z09,2026-08-28T16:31:00
TSK-000359-1,ORD-000359,DC-07,REPLENISH,RBT-0008,ASSIGNED,EXECUTING,DC-07-Z12,DC-07-Z11,2026-08-15T09:40:00
TSK-000359-2,ORD-000359,DC-07,PACK_FEED,RBT-0095,COMPLETE,ASSIGNED,DC-07-Z11,DC-07-Z06,2026-08-15T08:40:00
TSK-000359-3,ORD-000359,DC-07,STAGE,RBT-0498,ASSIGNED,EXECUTING,DC-07-Z09,DC-07-Z08,2026-08-15T10:30:00
TSK-000360-1,ORD-000360,DC-07,PICK,RBT-0045,BLOCKED,EXECUTING,DC-07-Z05,DC-07-Z05,2026-08-11T14:52:00
TSK-000360-2,ORD-000360,DC-07,STAGE,RBT-0239,QUEUED,ASSIGNED,DC-07-Z03,DC-07-Z01,2026-08-11T15:16:00
TSK-000360-3,ORD-000360,DC-07,STAGE,RBT-0445,COMPLETE,QUEUED,DC-07-Z11,DC-07-Z10,2026-08-11T14:49:00
TSK-000361-1,ORD-000361,DC-11,REPLENISH,RBT-0199,BLOCKED,EXECUTING,DC-11-Z08,DC-11-Z09,2026-08-20T18:33:00
TSK-000361-2,ORD-000361,DC-11,REPLENISH,RBT-0690,COMPLETE,ASSIGNED,DC-11-Z05,DC-11-Z11,2026-08-20T18:45:00
TSK-000362-1,ORD-000362,DC-09,PICK,RBT-0612,BLOCKED,ASSIGNED,DC-09-Z07,DC-09-Z02,2026-08-04T22:16:00
TSK-000363-1,ORD-000363,DC-17,PACK_FEED,RBT-0212,COMPLETE,ASSIGNED,DC-17-Z06,DC-17-Z05,2026-08-06T15:41:00
TSK-000363-2,ORD-000363,DC-17,REPLENISH,RBT-0058,BLOCKED,FAILED,DC-17-Z05,DC-17-Z07,2026-08-06T15:33:00
TSK-000364-1,ORD-000364,DC-12,PICK,RBT-0438,ASSIGNED,ASSIGNED,DC-12-Z07,DC-12-Z01,2026-08-28T04:57:00
TSK-000365-1,ORD-000365,DC-04,PACK_FEED,RBT-0591,EXECUTING,EXECUTING,DC-04-Z12,DC-04-Z03,2026-08-22T15:19:00
TSK-000365-2,ORD-000365,DC-04,MOVE,RBT-0264,EXECUTING,FAILED,DC-04-Z07,DC-04-Z11,2026-08-22T16:28:00
TSK-000366-1,ORD-000366,DC-14,PICK,RBT-0003,COMPLETE,COMPLETE,DC-14-Z08,DC-14-Z03,2026-08-19T01:53:00
TSK-000366-2,ORD-000366,DC-14,REPLENISH,RBT-0710,QUEUED,EXECUTING,DC-14-Z07,DC-14-Z08,2026-08-19T00:54:00
TSK-000366-3,ORD-000366,DC-14,MOVE,RBT-0334,ASSIGNED,QUEUED,DC-14-Z10,DC-14-Z12,2026-08-19T01:47:00
TSK-000367-1,ORD-000367,DC-12,MOVE,RBT-0093,QUEUED,FAILED,DC-12-Z04,DC-12-Z05,2026-08-17T16:54:00
TSK-000367-2,ORD-000367,DC-12,MOVE,RBT-0513,EXECUTING,EXECUTING,DC-12-Z02,DC-12-Z04,2026-08-17T17:45:00
TSK-000368-1,ORD-000368,DC-14,PACK_FEED,RBT-0217,COMPLETE,QUEUED,DC-14-Z01,DC-14-Z08,2026-08-24T00:42:00
TSK-000368-2,ORD-000368,DC-14,PICK,RBT-0132,BLOCKED,QUEUED,DC-14-Z12,DC-14-Z09,2026-08-23T23:19:00
TSK-000368-3,ORD-000368,DC-14,REPLENISH,RBT-0526,EXECUTING,EXECUTING,DC-14-Z03,DC-14-Z08,2026-08-24T00:23:00
TSK-000369-1,ORD-000369,DC-15,REPLENISH,RBT-0693,BLOCKED,COMPLETE,DC-15-Z09,DC-15-Z05,2026-09-04T18:45:00
TSK-000370-1,ORD-000370,DC-17,REPLENISH,RBT-0707,ASSIGNED,FAILED,DC-17-Z02,DC-17-Z02,2026-08-08T02:55:00
TSK-000370-2,ORD-000370,DC-17,MOVE,RBT-0086,COMPLETE,EXECUTING,DC-17-Z04,DC-17-Z06,2026-08-08T02:15:00
TSK-000370-3,ORD-000370,DC-17,PICK,RBT-0094,EXECUTING,COMPLETE,DC-17-Z06,DC-17-Z03,2026-08-08T03:19:00
TSK-000371-1,ORD-000371,DC-10,PICK,RBT-0628,QUEUED,ASSIGNED,DC-10-Z08,DC-10-Z02,2026-08-01T21:24:00
TSK-000372-1,ORD-000372,DC-16,MOVE,RBT-0705,ASSIGNED,EXECUTING,DC-16-Z10,DC-16-Z08,2026-08-26T04:48:00
TSK-000372-2,ORD-000372,DC-16,PICK,RBT-0524,ASSIGNED,ASSIGNED,DC-16-Z06,DC-16-Z01,2026-08-26T05:11:00
TSK-000372-3,ORD-000372,DC-16,MOVE,RBT-0128,ASSIGNED,ASSIGNED,DC-16-Z08,DC-16-Z03,2026-08-26T05:02:00
TSK-000372-4,ORD-000372,DC-16,STAGE,RBT-0014,ASSIGNED,COMPLETE,DC-16-Z04,DC-16-Z11,2026-08-26T04:10:00
TSK-000373-1,ORD-000373,DC-11,PICK,RBT-0511,COMPLETE,ASSIGNED,DC-11-Z02,DC-11-Z02,2026-08-24T16:55:00
TSK-000373-2,ORD-000373,DC-11,PACK_FEED,RBT-0492,QUEUED,EXECUTING,DC-11-Z02,DC-11-Z11,2026-08-24T16:22:00
TSK-000373-3,ORD-000373,DC-11,STAGE,RBT-0115,EXECUTING,ASSIGNED,DC-11-Z02,DC-11-Z12,2026-08-24T17:10:00
TSK-000373-4,ORD-000373,DC-11,REPLENISH,RBT-0014,BLOCKED,COMPLETE,DC-11-Z08,DC-11-Z08,2026-08-24T16:56:00
TSK-000374-1,ORD-000374,DC-10,STAGE,RBT-0006,BLOCKED,QUEUED,DC-10-Z07,DC-10-Z09,2026-08-15T19:12:00
TSK-000375-1,ORD-000375,DC-18,PICK,RBT-0601,ASSIGNED,ASSIGNED,DC-18-Z12,DC-18-Z09,2026-08-21T07:15:00
TSK-000375-2,ORD-000375,DC-18,MOVE,RBT-0112,BLOCKED,QUEUED,DC-18-Z06,DC-18-Z08,2026-08-21T05:30:00
TSK-000375-3,ORD-000375,DC-18,MOVE,RBT-0136,COMPLETE,EXECUTING,DC-18-Z05,DC-18-Z09,2026-08-21T07:06:00
TSK-000375-4,ORD-000375,DC-18,MOVE,RBT-0314,COMPLETE,QUEUED,DC-18-Z06,DC-18-Z01,2026-08-21T07:09:00
TSK-000376-1,ORD-000376,DC-07,PICK,RBT-0146,QUEUED,QUEUED,DC-07-Z08,DC-07-Z01,2026-08-10T15:04:00
TSK-000376-2,ORD-000376,DC-07,REPLENISH,RBT-0404,EXECUTING,QUEUED,DC-07-Z08,DC-07-Z03,2026-08-10T15:40:00
TSK-000376-3,ORD-000376,DC-07,MOVE,RBT-0527,BLOCKED,EXECUTING,DC-07-Z08,DC-07-Z01,2026-08-10T15:06:00
TSK-000377-1,ORD-000377,DC-11,REPLENISH,RBT-0011,EXECUTING,ASSIGNED,DC-11-Z01,DC-11-Z08,2026-08-19T03:23:00
TSK-000377-2,ORD-000377,DC-11,MOVE,RBT-0236,COMPLETE,QUEUED,DC-11-Z05,DC-11-Z02,2026-08-19T02:32:00
TSK-000377-3,ORD-000377,DC-11,PICK,RBT-0513,EXECUTING,EXECUTING,DC-11-Z09,DC-11-Z11,2026-08-19T02:48:00
TSK-000378-1,ORD-000378,DC-06,PICK,RBT-0569,QUEUED,EXECUTING,DC-06-Z01,DC-06-Z08,2026-08-11T13:42:00
TSK-000378-2,ORD-000378,DC-06,STAGE,RBT-0507,BLOCKED,ASSIGNED,DC-06-Z04,DC-06-Z10,2026-08-11T15:23:00
TSK-000378-3,ORD-000378,DC-06,STAGE,RBT-0059,COMPLETE,QUEUED,DC-06-Z11,DC-06-Z03,2026-08-11T15:25:00
TSK-000379-1,ORD-000379,DC-17,PICK,RBT-0260,ASSIGNED,EXECUTING,DC-17-Z09,DC-17-Z02,2026-08-19T03:39:00
TSK-000380-1,ORD-000380,DC-13,REPLENISH,RBT-0342,QUEUED,ASSIGNED,DC-13-Z02,DC-13-Z01,2026-08-12T23:12:00
TSK-000381-1,ORD-000381,DC-13,PICK,RBT-0435,BLOCKED,COMPLETE,DC-13-Z12,DC-13-Z07,2026-08-24T12:42:00
TSK-000381-2,ORD-000381,DC-13,STAGE,RBT-0133,ASSIGNED,COMPLETE,DC-13-Z05,DC-13-Z02,2026-08-24T14:03:00
TSK-000381-3,ORD-000381,DC-13,STAGE,RBT-0258,ASSIGNED,EXECUTING,DC-13-Z10,DC-13-Z10,2026-08-24T12:37:00
TSK-000381-4,ORD-000381,DC-13,MOVE,RBT-0135,COMPLETE,ASSIGNED,DC-13-Z01,DC-13-Z09,2026-08-24T12:38:00
TSK-000382-1,ORD-000382,DC-11,PICK,RBT-0030,BLOCKED,COMPLETE,DC-11-Z05,DC-11-Z09,2026-08-15T17:12:00
TSK-000382-2,ORD-000382,DC-11,PICK,RBT-0125,COMPLETE,QUEUED,DC-11-Z03,DC-11-Z12,2026-08-15T17:05:00
TSK-000383-1,ORD-000383,DC-05,PICK,RBT-0396,COMPLETE,QUEUED,DC-05-Z01,DC-05-Z07,2026-09-04T05:38:00
TSK-000383-2,ORD-000383,DC-05,PICK,RBT-0617,QUEUED,ASSIGNED,DC-05-Z08,DC-05-Z11,2026-09-04T05:42:00
TSK-000383-3,ORD-000383,DC-05,REPLENISH,RBT-0408,COMPLETE,COMPLETE,DC-05-Z11,DC-05-Z12,2026-09-04T06:12:00
TSK-000383-4,ORD-000383,DC-05,MOVE,RBT-0326,QUEUED,ASSIGNED,DC-05-Z08,DC-05-Z03,2026-09-04T05:39:00
TSK-000384-1,ORD-000384,DC-12,REPLENISH,RBT-0102,ASSIGNED,ASSIGNED,DC-12-Z01,DC-12-Z05,2026-08-25T16:36:00
TSK-000385-1,ORD-000385,DC-10,PICK,RBT-0402,ASSIGNED,FAILED,DC-10-Z02,DC-10-Z04,2026-08-19T16:33:00
TSK-000385-2,ORD-000385,DC-10,STAGE,RBT-0150,QUEUED,FAILED,DC-10-Z08,DC-10-Z04,2026-08-19T15:21:00
TSK-000385-3,ORD-000385,DC-10,STAGE,RBT-0256,COMPLETE,QUEUED,DC-10-Z04,DC-10-Z02,2026-08-19T16:24:00
TSK-000385-4,ORD-000385,DC-10,PACK_FEED,RBT-0599,QUEUED,EXECUTING,DC-10-Z11,DC-10-Z11,2026-08-19T16:21:00
TSK-000386-1,ORD-000386,DC-08,PICK,RBT-0045,BLOCKED,COMPLETE,DC-08-Z03,DC-08-Z12,2026-08-07T10:03:00
TSK-000387-1,ORD-000387,DC-02,MOVE,RBT-0474,QUEUED,QUEUED,DC-02-Z07,DC-02-Z09,2026-08-14T03:25:00
TSK-000387-2,ORD-000387,DC-02,PACK_FEED,RBT-0293,COMPLETE,QUEUED,DC-02-Z01,DC-02-Z05,2026-08-14T02:27:00
TSK-000388-1,ORD-000388,DC-18,STAGE,RBT-0154,ASSIGNED,EXECUTING,DC-18-Z08,DC-18-Z04,2026-08-18T19:15:00
TSK-000388-2,ORD-000388,DC-18,REPLENISH,RBT-0460,COMPLETE,EXECUTING,DC-18-Z03,DC-18-Z10,2026-08-18T20:47:00
TSK-000389-1,ORD-000389,DC-18,MOVE,RBT-0122,QUEUED,COMPLETE,DC-18-Z08,DC-18-Z01,2026-08-21T17:43:00
TSK-000389-2,ORD-000389,DC-18,PACK_FEED,RBT-0140,COMPLETE,COMPLETE,DC-18-Z03,DC-18-Z10,2026-08-21T18:05:00
TSK-000389-3,ORD-000389,DC-18,REPLENISH,RBT-0543,ASSIGNED,ASSIGNED,DC-18-Z02,DC-18-Z07,2026-08-21T17:41:00
TSK-000390-1,ORD-000390,DC-05,PICK,RBT-0094,COMPLETE,COMPLETE,DC-05-Z01,DC-05-Z01,2026-08-30T22:52:00
TSK-000391-1,ORD-000391,DC-04,PACK_FEED,RBT-0355,COMPLETE,COMPLETE,DC-04-Z12,DC-04-Z03,2026-08-30T05:55:00
TSK-000391-2,ORD-000391,DC-04,PACK_FEED,RBT-0139,COMPLETE,FAILED,DC-04-Z04,DC-04-Z06,2026-08-30T05:19:00
TSK-000392-1,ORD-000392,DC-06,PICK,RBT-0096,BLOCKED,ASSIGNED,DC-06-Z01,DC-06-Z10,2026-09-03T03:44:00
TSK-000393-1,ORD-000393,DC-01,PACK_FEED,RBT-0519,QUEUED,EXECUTING,DC-01-Z10,DC-01-Z08,2026-08-30T08:00:00
TSK-000393-2,ORD-000393,DC-01,MOVE,RBT-0253,QUEUED,COMPLETE,DC-01-Z04,DC-01-Z09,2026-08-30T07:11:00
TSK-000393-3,ORD-000393,DC-01,MOVE,RBT-0150,ASSIGNED,QUEUED,DC-01-Z06,DC-01-Z06,2026-08-30T07:26:00
TSK-000393-4,ORD-000393,DC-01,STAGE,RBT-0339,ASSIGNED,EXECUTING,DC-01-Z07,DC-01-Z11,2026-08-30T07:32:00
TSK-000394-1,ORD-000394,DC-05,REPLENISH,RBT-0059,ASSIGNED,FAILED,DC-05-Z05,DC-05-Z01,2026-08-21T22:43:00
TSK-000394-2,ORD-000394,DC-05,PICK,RBT-0625,EXECUTING,COMPLETE,DC-05-Z02,DC-05-Z02,2026-08-21T23:19:00
TSK-000394-3,ORD-000394,DC-05,PICK,RBT-0556,EXECUTING,ASSIGNED,DC-05-Z01,DC-05-Z05,2026-08-21T23:20:00
TSK-000394-4,ORD-000394,DC-05,PACK_FEED,RBT-0064,QUEUED,ASSIGNED,DC-05-Z11,DC-05-Z12,2026-08-21T23:19:00
TSK-000395-1,ORD-000395,DC-03,PACK_FEED,RBT-0496,COMPLETE,ASSIGNED,DC-03-Z01,DC-03-Z01,2026-08-02T02:39:00
TSK-000395-2,ORD-000395,DC-03,REPLENISH,RBT-0003,EXECUTING,EXECUTING,DC-03-Z04,DC-03-Z10,2026-08-02T01:22:00
TSK-000395-3,ORD-000395,DC-03,PICK,RBT-0470,BLOCKED,QUEUED,DC-03-Z02,DC-03-Z09,2026-08-02T02:46:00
TSK-000396-1,ORD-000396,DC-10,PACK_FEED,RBT-0039,EXECUTING,FAILED,DC-10-Z03,DC-10-Z02,2026-08-16T00:12:00
TSK-000396-2,ORD-000396,DC-10,PACK_FEED,RBT-0267,QUEUED,FAILED,DC-10-Z04,DC-10-Z05,2026-08-16T00:43:00
TSK-000397-1,ORD-000397,DC-13,STAGE,RBT-0456,BLOCKED,EXECUTING,DC-13-Z01,DC-13-Z10,2026-08-15T22:45:00
TSK-000397-2,ORD-000397,DC-13,REPLENISH,RBT-0322,BLOCKED,EXECUTING,DC-13-Z06,DC-13-Z05,2026-08-15T23:07:00
TSK-000397-3,ORD-000397,DC-13,REPLENISH,RBT-0408,BLOCKED,QUEUED,DC-13-Z10,DC-13-Z07,2026-08-15T22:55:00
TSK-000397-4,ORD-000397,DC-13,PACK_FEED,RBT-0300,QUEUED,COMPLETE,DC-13-Z04,DC-13-Z03,2026-08-15T21:27:00
TSK-000398-1,ORD-000398,DC-14,STAGE,RBT-0318,EXECUTING,ASSIGNED,DC-14-Z07,DC-14-Z02,2026-08-23T10:32:00
TSK-000398-2,ORD-000398,DC-14,MOVE,RBT-0575,EXECUTING,EXECUTING,DC-14-Z02,DC-14-Z04,2026-08-23T11:14:00
TSK-000399-1,ORD-000399,DC-14,MOVE,RBT-0664,ASSIGNED,QUEUED,DC-14-Z09,DC-14-Z11,2026-08-08T06:07:00
TSK-000399-2,ORD-000399,DC-14,MOVE,RBT-0373,COMPLETE,EXECUTING,DC-14-Z11,DC-14-Z06,2026-08-08T04:41:00
TSK-000399-3,ORD-000399,DC-14,REPLENISH,RBT-0180,QUEUED,COMPLETE,DC-14-Z02,DC-14-Z12,2026-08-08T04:56:00
TSK-000400-1,ORD-000400,DC-13,REPLENISH,RBT-0229,EXECUTING,QUEUED,DC-13-Z07,DC-13-Z02,2026-08-18T22:47:00
TSK-000401-1,ORD-000401,DC-12,MOVE,RBT-0217,ASSIGNED,FAILED,DC-12-Z08,DC-12-Z11,2026-08-22T02:19:00
TSK-000401-2,ORD-000401,DC-12,MOVE,RBT-0616,EXECUTING,QUEUED,DC-12-Z04,DC-12-Z07,2026-08-22T02:24:00
TSK-000401-3,ORD-000401,DC-12,PACK_FEED,RBT-0303,COMPLETE,FAILED,DC-12-Z11,DC-12-Z01,2026-08-22T02:17:00
TSK-000402-1,ORD-000402,DC-03,PACK_FEED,RBT-0227,QUEUED,COMPLETE,DC-03-Z02,DC-03-Z05,2026-08-24T16:35:00
TSK-000402-2,ORD-000402,DC-03,MOVE,RBT-0540,QUEUED,QUEUED,DC-03-Z06,DC-03-Z03,2026-08-24T15:34:00
TSK-000402-3,ORD-000402,DC-03,PACK_FEED,RBT-0391,COMPLETE,FAILED,DC-03-Z10,DC-03-Z04,2026-08-24T14:56:00
TSK-000402-4,ORD-000402,DC-03,STAGE,RBT-0664,COMPLETE,ASSIGNED,DC-03-Z05,DC-03-Z02,2026-08-24T15:31:00
TSK-000403-1,ORD-000403,DC-12,PACK_FEED,RBT-0508,QUEUED,ASSIGNED,DC-12-Z09,DC-12-Z07,2026-08-27T17:33:00
TSK-000404-1,ORD-000404,DC-04,MOVE,RBT-0257,BLOCKED,EXECUTING,DC-04-Z04,DC-04-Z09,2026-08-11T06:29:00
TSK-000404-2,ORD-000404,DC-04,PICK,RBT-0555,ASSIGNED,EXECUTING,DC-04-Z06,DC-04-Z09,2026-08-11T07:19:00
TSK-000405-1,ORD-000405,DC-16,STAGE,RBT-0622,EXECUTING,COMPLETE,DC-16-Z04,DC-16-Z02,2026-08-22T18:15:00
TSK-000405-2,ORD-000405,DC-16,REPLENISH,RBT-0433,COMPLETE,COMPLETE,DC-16-Z06,DC-16-Z08,2026-08-22T18:58:00
TSK-000405-3,ORD-000405,DC-16,PICK,RBT-0016,QUEUED,EXECUTING,DC-16-Z06,DC-16-Z01,2026-08-22T19:30:00
TSK-000405-4,ORD-000405,DC-16,REPLENISH,RBT-0307,COMPLETE,COMPLETE,DC-16-Z06,DC-16-Z06,2026-08-22T19:26:00
TSK-000406-1,ORD-000406,DC-16,PACK_FEED,RBT-0198,BLOCKED,EXECUTING,DC-16-Z11,DC-16-Z04,2026-08-03T23:03:00
TSK-000406-2,ORD-000406,DC-16,PICK,RBT-0562,EXECUTING,FAILED,DC-16-Z06,DC-16-Z07,2026-08-03T23:02:00
TSK-000406-3,ORD-000406,DC-16,MOVE,RBT-0443,EXECUTING,QUEUED,DC-16-Z05,DC-16-Z12,2026-08-03T22:39:00
TSK-000407-1,ORD-000407,DC-17,REPLENISH,RBT-0474,QUEUED,EXECUTING,DC-17-Z06,DC-17-Z02,2026-09-04T15:51:00
TSK-000407-2,ORD-000407,DC-17,REPLENISH,RBT-0339,EXECUTING,QUEUED,DC-17-Z06,DC-17-Z03,2026-09-04T16:38:00
TSK-000407-3,ORD-000407,DC-17,PICK,RBT-0408,QUEUED,COMPLETE,DC-17-Z10,DC-17-Z04,2026-09-04T17:12:00
TSK-000408-1,ORD-000408,DC-15,STAGE,RBT-0604,ASSIGNED,COMPLETE,DC-15-Z02,DC-15-Z02,2026-08-07T18:03:00
TSK-000408-2,ORD-000408,DC-15,PACK_FEED,RBT-0129,ASSIGNED,COMPLETE,DC-15-Z08,DC-15-Z07,2026-08-07T17:53:00
TSK-000409-1,ORD-000409,DC-18,PICK,RBT-0381,BLOCKED,QUEUED,DC-18-Z02,DC-18-Z12,2026-08-12T20:09:00
TSK-000409-2,ORD-000409,DC-18,PACK_FEED,RBT-0455,EXECUTING,ASSIGNED,DC-18-Z01,DC-18-Z01,2026-08-12T19:53:00
TSK-000409-3,ORD-000409,DC-18,STAGE,RBT-0638,QUEUED,FAILED,DC-18-Z05,DC-18-Z11,2026-08-12T21:31:00
TSK-000409-4,ORD-000409,DC-18,PACK_FEED,RBT-0615,ASSIGNED,FAILED,DC-18-Z10,DC-18-Z10,2026-08-12T20:09:00
TSK-000410-1,ORD-000410,DC-07,PACK_FEED,RBT-0322,QUEUED,COMPLETE,DC-07-Z01,DC-07-Z01,2026-09-02T17:24:00
TSK-000410-2,ORD-000410,DC-07,PICK,RBT-0225,EXECUTING,COMPLETE,DC-07-Z11,DC-07-Z10,2026-09-02T17:05:00
TSK-000410-3,ORD-000410,DC-07,PACK_FEED,RBT-0566,QUEUED,QUEUED,DC-07-Z07,DC-07-Z11,2026-09-02T18:03:00
TSK-000410-4,ORD-000410,DC-07,STAGE,RBT-0668,QUEUED,COMPLETE,DC-07-Z11,DC-07-Z03,2026-09-02T18:33:00
TSK-000411-1,ORD-000411,DC-13,MOVE,RBT-0612,COMPLETE,EXECUTING,DC-13-Z10,DC-13-Z01,2026-08-21T05:33:00
TSK-000412-1,ORD-000412,DC-03,PACK_FEED,RBT-0357,QUEUED,QUEUED,DC-03-Z02,DC-03-Z04,2026-08-08T04:40:00
TSK-000412-2,ORD-000412,DC-03,PICK,RBT-0421,BLOCKED,COMPLETE,DC-03-Z09,DC-03-Z04,2026-08-08T03:07:00
TSK-000413-1,ORD-000413,DC-17,REPLENISH,RBT-0262,EXECUTING,QUEUED,DC-17-Z07,DC-17-Z06,2026-08-07T09:53:00
TSK-000414-1,ORD-000414,DC-14,REPLENISH,RBT-0143,ASSIGNED,COMPLETE,DC-14-Z02,DC-14-Z09,2026-08-18T01:24:00
TSK-000414-2,ORD-000414,DC-14,STAGE,RBT-0154,ASSIGNED,QUEUED,DC-14-Z04,DC-14-Z02,2026-08-18T00:35:00
TSK-000414-3,ORD-000414,DC-14,REPLENISH,RBT-0367,BLOCKED,ASSIGNED,DC-14-Z01,DC-14-Z03,2026-08-18T01:06:00
TSK-000414-4,ORD-000414,DC-14,STAGE,RBT-0085,QUEUED,COMPLETE,DC-14-Z04,DC-14-Z05,2026-08-18T01:15:00
TSK-000415-1,ORD-000415,DC-05,STAGE,RBT-0690,QUEUED,FAILED,DC-05-Z09,DC-05-Z04,2026-08-23T10:53:00
TSK-000415-2,ORD-000415,DC-05,MOVE,RBT-0042,ASSIGNED,QUEUED,DC-05-Z03,DC-05-Z10,2026-08-23T10:46:00
TSK-000415-3,ORD-000415,DC-05,PICK,RBT-0163,EXECUTING,COMPLETE,DC-05-Z08,DC-05-Z12,2026-08-23T10:57:00
TSK-000415-4,ORD-000415,DC-05,STAGE,RBT-0690,ASSIGNED,ASSIGNED,DC-05-Z02,DC-05-Z06,2026-08-23T10:53:00
TSK-000416-1,ORD-000416,DC-04,MOVE,RBT-0143,QUEUED,COMPLETE,DC-04-Z04,DC-04-Z05,2026-08-30T10:17:00
TSK-000417-1,ORD-000417,DC-18,PICK,RBT-0225,EXECUTING,FAILED,DC-18-Z05,DC-18-Z11,2026-08-20T04:31:00
TSK-000417-2,ORD-000417,DC-18,PACK_FEED,RBT-0669,QUEUED,COMPLETE,DC-18-Z07,DC-18-Z09,2026-08-20T06:08:00
TSK-000418-1,ORD-000418,DC-04,MOVE,RBT-0402,QUEUED,QUEUED,DC-04-Z04,DC-04-Z07,2026-08-22T18:28:00
TSK-000419-1,ORD-000419,DC-14,REPLENISH,RBT-0196,ASSIGNED,QUEUED,DC-14-Z01,DC-14-Z11,2026-08-01T08:21:00
TSK-000419-2,ORD-000419,DC-14,REPLENISH,RBT-0387,ASSIGNED,COMPLETE,DC-14-Z04,DC-14-Z08,2026-08-01T08:24:00
TSK-000419-3,ORD-000419,DC-14,PACK_FEED,RBT-0339,COMPLETE,COMPLETE,DC-14-Z07,DC-14-Z07,2026-08-01T07:22:00
TSK-000419-4,ORD-000419,DC-14,MOVE,RBT-0354,BLOCKED,EXECUTING,DC-14-Z02,DC-14-Z09,2026-08-01T08:22:00
TSK-000420-1,ORD-000420,DC-04,STAGE,RBT-0031,COMPLETE,COMPLETE,DC-04-Z05,DC-04-Z01,2026-09-01T01:54:00
TSK-000420-2,ORD-000420,DC-04,REPLENISH,RBT-0525,QUEUED,COMPLETE,DC-04-Z12,DC-04-Z06,2026-09-01T01:16:00
TSK-000420-3,ORD-000420,DC-04,REPLENISH,RBT-0508,EXECUTING,FAILED,DC-04-Z05,DC-04-Z02,2026-09-01T01:40:00
TSK-000420-4,ORD-000420,DC-04,PICK,RBT-0108,COMPLETE,FAILED,DC-04-Z08,DC-04-Z07,2026-09-01T01:04:00
TSK-000421-1,ORD-000421,DC-01,PICK,RBT-0650,ASSIGNED,COMPLETE,DC-01-Z01,DC-01-Z02,2026-08-27T18:50:00
TSK-000421-2,ORD-000421,DC-01,PACK_FEED,RBT-0031,ASSIGNED,COMPLETE,DC-01-Z03,DC-01-Z02,2026-08-27T18:54:00
TSK-000421-3,ORD-000421,DC-01,MOVE,RBT-0011,QUEUED,ASSIGNED,DC-01-Z11,DC-01-Z10,2026-08-27T19:21:00
TSK-000421-4,ORD-000421,DC-01,REPLENISH,RBT-0243,ASSIGNED,FAILED,DC-01-Z04,DC-01-Z08,2026-08-27T18:52:00
TSK-000422-1,ORD-000422,DC-05,PICK,RBT-0177,QUEUED,EXECUTING,DC-05-Z05,DC-05-Z12,2026-08-04T08:39:00
TSK-000423-1,ORD-000423,DC-01,PICK,RBT-0042,EXECUTING,FAILED,DC-01-Z11,DC-01-Z06,2026-08-16T08:32:00
TSK-000423-2,ORD-000423,DC-01,PICK,RBT-0579,ASSIGNED,QUEUED,DC-01-Z12,DC-01-Z10,2026-08-16T08:22:00
TSK-000424-1,ORD-000424,DC-03,PICK,RBT-0409,COMPLETE,EXECUTING,DC-03-Z05,DC-03-Z05,2026-09-01T19:33:00
TSK-000424-2,ORD-000424,DC-03,STAGE,RBT-0267,QUEUED,COMPLETE,DC-03-Z11,DC-03-Z09,2026-09-01T19:56:00
TSK-000425-1,ORD-000425,DC-16,REPLENISH,RBT-0012,EXECUTING,QUEUED,DC-16-Z07,DC-16-Z11,2026-08-08T15:29:00
TSK-000426-1,ORD-000426,DC-08,STAGE,RBT-0438,ASSIGNED,EXECUTING,DC-08-Z06,DC-08-Z05,2026-08-31T03:18:00
TSK-000426-2,ORD-000426,DC-08,MOVE,RBT-0044,EXECUTING,ASSIGNED,DC-08-Z12,DC-08-Z09,2026-08-31T03:14:00
TSK-000426-3,ORD-000426,DC-08,STAGE,RBT-0460,QUEUED,EXECUTING,DC-08-Z08,DC-08-Z04,2026-08-31T05:00:00
TSK-000426-4,ORD-000426,DC-08,PACK_FEED,RBT-0158,QUEUED,QUEUED,DC-08-Z12,DC-08-Z04,2026-08-31T05:03:00
TSK-000427-1,ORD-000427,DC-08,PACK_FEED,RBT-0264,ASSIGNED,FAILED,DC-08-Z11,DC-08-Z02,2026-08-24T05:37:00
TSK-000427-2,ORD-000427,DC-08,REPLENISH,RBT-0701,QUEUED,COMPLETE,DC-08-Z11,DC-08-Z09,2026-08-24T05:36:00
TSK-000427-3,ORD-000427,DC-08,PICK,RBT-0400,ASSIGNED,ASSIGNED,DC-08-Z11,DC-08-Z12,2026-08-24T05:22:00
TSK-000427-4,ORD-000427,DC-08,MOVE,RBT-0255,EXECUTING,FAILED,DC-08-Z08,DC-08-Z03,2026-08-24T04:41:00
TSK-000428-1,ORD-000428,DC-12,PICK,RBT-0284,EXECUTING,FAILED,DC-12-Z08,DC-12-Z05,2026-08-01T17:54:00
TSK-000429-1,ORD-000429,DC-14,PACK_FEED,RBT-0014,ASSIGNED,COMPLETE,DC-14-Z06,DC-14-Z03,2026-08-08T06:01:00
TSK-000429-2,ORD-000429,DC-14,PICK,RBT-0701,QUEUED,COMPLETE,DC-14-Z03,DC-14-Z02,2026-08-08T05:23:00
TSK-000429-3,ORD-000429,DC-14,PACK_FEED,RBT-0098,EXECUTING,COMPLETE,DC-14-Z03,DC-14-Z01,2026-08-08T05:51:00
TSK-000430-1,ORD-000430,DC-01,PICK,RBT-0393,BLOCKED,QUEUED,DC-01-Z03,DC-01-Z07,2026-08-10T09:21:00
TSK-000430-2,ORD-000430,DC-01,MOVE,RBT-0361,BLOCKED,FAILED,DC-01-Z08,DC-01-Z07,2026-08-10T10:56:00
TSK-000430-3,ORD-000430,DC-01,MOVE,RBT-0027,QUEUED,ASSIGNED,DC-01-Z02,DC-01-Z06,2026-08-10T10:28:00
TSK-000430-4,ORD-000430,DC-01,STAGE,RBT-0286,COMPLETE,ASSIGNED,DC-01-Z03,DC-01-Z10,2026-08-10T09:57:00
TSK-000431-1,ORD-000431,DC-15,REPLENISH,RBT-0059,EXECUTING,QUEUED,DC-15-Z03,DC-15-Z11,2026-08-06T22:12:00
TSK-000431-2,ORD-000431,DC-15,STAGE,RBT-0460,ASSIGNED,FAILED,DC-15-Z11,DC-15-Z05,2026-08-06T22:17:00
TSK-000431-3,ORD-000431,DC-15,MOVE,RBT-0258,ASSIGNED,COMPLETE,DC-15-Z11,DC-15-Z02,2026-08-06T22:25:00
TSK-000432-1,ORD-000432,DC-18,STAGE,RBT-0594,ASSIGNED,COMPLETE,DC-18-Z09,DC-18-Z02,2026-08-13T03:16:00
TSK-000432-2,ORD-000432,DC-18,REPLENISH,RBT-0527,EXECUTING,QUEUED,DC-18-Z10,DC-18-Z09,2026-08-13T03:02:00
TSK-000432-3,ORD-000432,DC-18,MOVE,RBT-0186,COMPLETE,COMPLETE,DC-18-Z11,DC-18-Z03,2026-08-13T03:09:00
TSK-000432-4,ORD-000432,DC-18,PICK,RBT-0107,ASSIGNED,COMPLETE,DC-18-Z12,DC-18-Z06,2026-08-13T02:48:00
TSK-000433-1,ORD-000433,DC-18,REPLENISH,RBT-0678,QUEUED,EXECUTING,DC-18-Z04,DC-18-Z01,2026-08-29T16:53:00
TSK-000434-1,ORD-000434,DC-01,MOVE,RBT-0134,EXECUTING,QUEUED,DC-01-Z10,DC-01-Z06,2026-08-15T03:32:00
TSK-000434-2,ORD-000434,DC-01,STAGE,RBT-0490,EXECUTING,QUEUED,DC-01-Z05,DC-01-Z06,2026-08-15T04:37:00
TSK-000434-3,ORD-000434,DC-01,PICK,RBT-0008,COMPLETE,FAILED,DC-01-Z06,DC-01-Z04,2026-08-15T04:46:00
TSK-000434-4,ORD-000434,DC-01,MOVE,RBT-0068,BLOCKED,QUEUED,DC-01-Z11,DC-01-Z08,2026-08-15T04:06:00
TSK-000435-1,ORD-000435,DC-03,MOVE,RBT-0215,COMPLETE,FAILED,DC-03-Z07,DC-03-Z07,2026-08-23T06:18:00
TSK-000435-2,ORD-000435,DC-03,PICK,RBT-0494,ASSIGNED,EXECUTING,DC-03-Z11,DC-03-Z04,2026-08-23T06:09:00
TSK-000436-1,ORD-000436,DC-18,PACK_FEED,RBT-0380,EXECUTING,COMPLETE,DC-18-Z11,DC-18-Z10,2026-08-16T08:34:00
TSK-000436-2,ORD-000436,DC-18,PACK_FEED,RBT-0324,COMPLETE,QUEUED,DC-18-Z05,DC-18-Z10,2026-08-16T09:08:00
TSK-000436-3,ORD-000436,DC-18,MOVE,RBT-0447,QUEUED,COMPLETE,DC-18-Z11,DC-18-Z11,2026-08-16T08:32:00
TSK-000437-1,ORD-000437,DC-16,REPLENISH,RBT-0684,QUEUED,EXECUTING,DC-16-Z07,DC-16-Z02,2026-09-03T02:16:00
TSK-000437-2,ORD-000437,DC-16,MOVE,RBT-0519,QUEUED,FAILED,DC-16-Z06,DC-16-Z01,2026-09-03T01:39:00
TSK-000437-3,ORD-000437,DC-16,STAGE,RBT-0516,COMPLETE,COMPLETE,DC-16-Z01,DC-16-Z11,2026-09-03T03:16:00
TSK-000438-1,ORD-000438,DC-02,REPLENISH,RBT-0333,BLOCKED,EXECUTING,DC-02-Z03,DC-02-Z07,2026-08-12T01:03:00
TSK-000438-2,ORD-000438,DC-02,PICK,RBT-0162,BLOCKED,COMPLETE,DC-02-Z02,DC-02-Z02,2026-08-12T00:54:00
TSK-000438-3,ORD-000438,DC-02,STAGE,RBT-0642,QUEUED,EXECUTING,DC-02-Z06,DC-02-Z01,2026-08-12T01:53:00
TSK-000439-1,ORD-000439,DC-12,PACK_FEED,RBT-0459,EXECUTING,FAILED,DC-12-Z01,DC-12-Z04,2026-08-20T05:22:00
TSK-000439-2,ORD-000439,DC-12,PICK,RBT-0204,COMPLETE,EXECUTING,DC-12-Z07,DC-12-Z09,2026-08-20T06:18:00
TSK-000439-3,ORD-000439,DC-12,PICK,RBT-0001,ASSIGNED,FAILED,DC-12-Z10,DC-12-Z11,2026-08-20T07:02:00
TSK-000440-1,ORD-000440,DC-05,REPLENISH,RBT-0155,ASSIGNED,QUEUED,DC-05-Z12,DC-05-Z01,2026-08-17T19:13:00
TSK-000440-2,ORD-000440,DC-05,PACK_FEED,RBT-0396,EXECUTING,ASSIGNED,DC-05-Z11,DC-05-Z02,2026-08-17T19:02:00
TSK-000441-1,ORD-000441,DC-13,MOVE,RBT-0419,BLOCKED,QUEUED,DC-13-Z03,DC-13-Z06,2026-08-24T05:03:00
TSK-000441-2,ORD-000441,DC-13,PICK,RBT-0243,ASSIGNED,QUEUED,DC-13-Z01,DC-13-Z09,2026-08-24T05:27:00
TSK-000441-3,ORD-000441,DC-13,STAGE,RBT-0597,QUEUED,COMPLETE,DC-13-Z06,DC-13-Z06,2026-08-24T06:22:00
TSK-000441-4,ORD-000441,DC-13,MOVE,RBT-0116,BLOCKED,ASSIGNED,DC-13-Z11,DC-13-Z01,2026-08-24T05:08:00
TSK-000442-1,ORD-000442,DC-03,PACK_FEED,RBT-0503,QUEUED,EXECUTING,DC-03-Z11,DC-03-Z03,2026-09-03T19:48:00
TSK-000442-2,ORD-000442,DC-03,PICK,RBT-0452,BLOCKED,QUEUED,DC-03-Z02,DC-03-Z11,2026-09-03T18:52:00
TSK-000442-3,ORD-000442,DC-03,MOVE,RBT-0351,QUEUED,ASSIGNED,DC-03-Z03,DC-03-Z05,2026-09-03T18:47:00
TSK-000443-1,ORD-000443,DC-02,PICK,RBT-0670,EXECUTING,EXECUTING,DC-02-Z02,DC-02-Z04,2026-09-03T00:53:00
TSK-000443-2,ORD-000443,DC-02,PACK_FEED,RBT-0540,BLOCKED,ASSIGNED,DC-02-Z01,DC-02-Z05,2026-09-03T01:51:00
TSK-000444-1,ORD-000444,DC-07,STAGE,RBT-0629,EXECUTING,QUEUED,DC-07-Z10,DC-07-Z03,2026-08-30T08:17:00
TSK-000444-2,ORD-000444,DC-07,REPLENISH,RBT-0291,BLOCKED,EXECUTING,DC-07-Z04,DC-07-Z07,2026-08-30T10:00:00
TSK-000444-3,ORD-000444,DC-07,PACK_FEED,RBT-0630,COMPLETE,QUEUED,DC-07-Z02,DC-07-Z11,2026-08-30T10:03:00
TSK-000445-1,ORD-000445,DC-13,REPLENISH,RBT-0033,ASSIGNED,COMPLETE,DC-13-Z08,DC-13-Z12,2026-08-19T12:57:00
TSK-000445-2,ORD-000445,DC-13,PICK,RBT-0668,EXECUTING,FAILED,DC-13-Z04,DC-13-Z07,2026-08-19T12:27:00
TSK-000446-1,ORD-000446,DC-09,MOVE,RBT-0329,BLOCKED,ASSIGNED,DC-09-Z02,DC-09-Z02,2026-08-03T22:16:00
TSK-000446-2,ORD-000446,DC-09,REPLENISH,RBT-0076,EXECUTING,QUEUED,DC-09-Z02,DC-09-Z11,2026-08-03T21:33:00
TSK-000447-1,ORD-000447,DC-17,PICK,RBT-0302,ASSIGNED,ASSIGNED,DC-17-Z10,DC-17-Z04,2026-08-21T07:25:00
TSK-000447-2,ORD-000447,DC-17,PACK_FEED,RBT-0451,ASSIGNED,QUEUED,DC-17-Z07,DC-17-Z03,2026-08-21T08:01:00
TSK-000448-1,ORD-000448,DC-07,PACK_FEED,RBT-0018,BLOCKED,FAILED,DC-07-Z12,DC-07-Z03,2026-08-21T13:08:00
TSK-000449-1,ORD-000449,DC-12,REPLENISH,RBT-0226,EXECUTING,ASSIGNED,DC-12-Z06,DC-12-Z06,2026-09-01T17:14:00
TSK-000449-2,ORD-000449,DC-12,REPLENISH,RBT-0425,QUEUED,FAILED,DC-12-Z02,DC-12-Z08,2026-09-01T17:26:00
TSK-000449-3,ORD-000449,DC-12,PICK,RBT-0145,ASSIGNED,FAILED,DC-12-Z01,DC-12-Z12,2026-09-01T17:25:00
TSK-000449-4,ORD-000449,DC-12,REPLENISH,RBT-0119,ASSIGNED,COMPLETE,DC-12-Z08,DC-12-Z08,2026-09-01T18:10:00
TSK-000450-1,ORD-000450,DC-15,REPLENISH,RBT-0087,BLOCKED,ASSIGNED,DC-15-Z06,DC-15-Z10,2026-08-06T09:45:00
TSK-000450-2,ORD-000450,DC-15,PACK_FEED,RBT-0383,BLOCKED,QUEUED,DC-15-Z09,DC-15-Z09,2026-08-06T11:24:00
TSK-000451-1,ORD-000451,DC-14,STAGE,RBT-0280,ASSIGNED,FAILED,DC-14-Z07,DC-14-Z07,2026-08-19T08:18:00
TSK-000451-2,ORD-000451,DC-14,STAGE,RBT-0433,ASSIGNED,FAILED,DC-14-Z03,DC-14-Z07,2026-08-19T08:49:00
TSK-000451-3,ORD-000451,DC-14,REPLENISH,RBT-0596,EXECUTING,FAILED,DC-14-Z09,DC-14-Z01,2026-08-19T09:04:00
TSK-000451-4,ORD-000451,DC-14,STAGE,RBT-0341,ASSIGNED,EXECUTING,DC-14-Z01,DC-14-Z10,2026-08-19T09:14:00
TSK-000452-1,ORD-000452,DC-04,PICK,RBT-0524,ASSIGNED,EXECUTING,DC-04-Z06,DC-04-Z03,2026-08-01T07:28:00
TSK-000452-2,ORD-000452,DC-04,REPLENISH,RBT-0571,EXECUTING,EXECUTING,DC-04-Z02,DC-04-Z03,2026-08-01T08:26:00
TSK-000453-1,ORD-000453,DC-16,STAGE,RBT-0217,COMPLETE,EXECUTING,DC-16-Z11,DC-16-Z08,2026-08-24T03:53:00
TSK-000454-1,ORD-000454,DC-03,MOVE,RBT-0658,BLOCKED,ASSIGNED,DC-03-Z01,DC-03-Z06,2026-08-03T17:53:00
TSK-000454-2,ORD-000454,DC-03,MOVE,RBT-0589,BLOCKED,ASSIGNED,DC-03-Z12,DC-03-Z12,2026-08-03T18:19:00
TSK-000454-3,ORD-000454,DC-03,PICK,RBT-0180,QUEUED,EXECUTING,DC-03-Z11,DC-03-Z01,2026-08-03T18:18:00
TSK-000455-1,ORD-000455,DC-14,MOVE,RBT-0190,QUEUED,QUEUED,DC-14-Z04,DC-14-Z08,2026-08-21T01:13:00
TSK-000455-2,ORD-000455,DC-14,STAGE,RBT-0032,QUEUED,COMPLETE,DC-14-Z08,DC-14-Z12,2026-08-21T01:55:00
TSK-000455-3,ORD-000455,DC-14,PACK_FEED,RBT-0539,QUEUED,FAILED,DC-14-Z06,DC-14-Z10,2026-08-21T02:25:00
TSK-000456-1,ORD-000456,DC-01,PICK,RBT-0590,ASSIGNED,FAILED,DC-01-Z04,DC-01-Z10,2026-08-20T10:29:00
TSK-000456-2,ORD-000456,DC-01,PACK_FEED,RBT-0024,QUEUED,COMPLETE,DC-01-Z12,DC-01-Z07,2026-08-20T11:17:00
TSK-000457-1,ORD-000457,DC-13,MOVE,RBT-0481,QUEUED,ASSIGNED,DC-13-Z07,DC-13-Z07,2026-08-17T15:33:00
TSK-000457-2,ORD-000457,DC-13,PICK,RBT-0309,BLOCKED,QUEUED,DC-13-Z04,DC-13-Z12,2026-08-17T15:20:00
TSK-000457-3,ORD-000457,DC-13,REPLENISH,RBT-0610,EXECUTING,QUEUED,DC-13-Z01,DC-13-Z02,2026-08-17T17:02:00
TSK-000458-1,ORD-000458,DC-03,PACK_FEED,RBT-0673,ASSIGNED,COMPLETE,DC-03-Z07,DC-03-Z10,2026-08-15T14:36:00
TSK-000458-2,ORD-000458,DC-03,MOVE,RBT-0506,EXECUTING,QUEUED,DC-03-Z01,DC-03-Z11,2026-08-15T14:09:00
TSK-000458-3,ORD-000458,DC-03,REPLENISH,RBT-0229,BLOCKED,ASSIGNED,DC-03-Z07,DC-03-Z08,2026-08-15T14:35:00
TSK-000458-4,ORD-000458,DC-03,MOVE,RBT-0480,QUEUED,FAILED,DC-03-Z05,DC-03-Z12,2026-08-15T14:08:00
TSK-000459-1,ORD-000459,DC-04,REPLENISH,RBT-0667,ASSIGNED,FAILED,DC-04-Z05,DC-04-Z12,2026-08-16T20:31:00
TSK-000459-2,ORD-000459,DC-04,STAGE,RBT-0558,BLOCKED,COMPLETE,DC-04-Z02,DC-04-Z04,2026-08-16T21:07:00
TSK-000459-3,ORD-000459,DC-04,PACK_FEED,RBT-0129,EXECUTING,QUEUED,DC-04-Z07,DC-04-Z10,2026-08-16T20:56:00
TSK-000460-1,ORD-000460,DC-12,PICK,RBT-0631,ASSIGNED,ASSIGNED,DC-12-Z09,DC-12-Z03,2026-08-01T17:44:00
TSK-000460-2,ORD-000460,DC-12,MOVE,RBT-0054,COMPLETE,COMPLETE,DC-12-Z04,DC-12-Z12,2026-08-01T18:55:00
TSK-000460-3,ORD-000460,DC-12,MOVE,RBT-0291,ASSIGNED,FAILED,DC-12-Z07,DC-12-Z01,2026-08-01T17:38:00
TSK-000461-1,ORD-000461,DC-16,PICK,RBT-0385,BLOCKED,QUEUED,DC-16-Z03,DC-16-Z06,2026-08-01T19:08:00
TSK-000461-2,ORD-000461,DC-16,PACK_FEED,RBT-0543,QUEUED,COMPLETE,DC-16-Z07,DC-16-Z11,2026-08-01T19:39:00
TSK-000462-1,ORD-000462,DC-08,PACK_FEED,RBT-0478,QUEUED,EXECUTING,DC-08-Z09,DC-08-Z02,2026-08-25T00:30:00
TSK-000462-2,ORD-000462,DC-08,MOVE,RBT-0040,ASSIGNED,QUEUED,DC-08-Z01,DC-08-Z05,2026-08-25T00:34:00
TSK-000463-1,ORD-000463,DC-03,PACK_FEED,RBT-0270,BLOCKED,FAILED,DC-03-Z06,DC-03-Z03,2026-09-01T04:56:00
TSK-000463-2,ORD-000463,DC-03,MOVE,RBT-0020,EXECUTING,EXECUTING,DC-03-Z02,DC-03-Z11,2026-09-01T04:43:00
TSK-000463-3,ORD-000463,DC-03,REPLENISH,RBT-0067,COMPLETE,COMPLETE,DC-03-Z12,DC-03-Z04,2026-09-01T04:00:00
TSK-000463-4,ORD-000463,DC-03,MOVE,RBT-0165,BLOCKED,FAILED,DC-03-Z04,DC-03-Z09,2026-09-01T03:14:00
TSK-000464-1,ORD-000464,DC-18,PICK,RBT-0634,EXECUTING,ASSIGNED,DC-18-Z12,DC-18-Z03,2026-08-15T10:15:00
TSK-000465-1,ORD-000465,DC-04,MOVE,RBT-0374,QUEUED,COMPLETE,DC-04-Z03,DC-04-Z05,2026-08-04T10:15:00
TSK-000465-2,ORD-000465,DC-04,PACK_FEED,RBT-0160,QUEUED,QUEUED,DC-04-Z04,DC-04-Z03,2026-08-04T10:04:00
TSK-000465-3,ORD-000465,DC-04,PACK_FEED,RBT-0053,EXECUTING,FAILED,DC-04-Z12,DC-04-Z03,2026-08-04T10:29:00
TSK-000465-4,ORD-000465,DC-04,MOVE,RBT-0618,BLOCKED,COMPLETE,DC-04-Z03,DC-04-Z08,2026-08-04T10:33:00
TSK-000466-1,ORD-000466,DC-07,PICK,RBT-0110,BLOCKED,ASSIGNED,DC-07-Z01,DC-07-Z06,2026-08-05T23:17:00
TSK-000466-2,ORD-000466,DC-07,REPLENISH,RBT-0272,COMPLETE,EXECUTING,DC-07-Z12,DC-07-Z04,2026-08-05T22:48:00
TSK-000467-1,ORD-000467,DC-10,MOVE,RBT-0225,EXECUTING,ASSIGNED,DC-10-Z03,DC-10-Z10,2026-08-12T01:07:00
TSK-000467-2,ORD-000467,DC-10,MOVE,RBT-0022,EXECUTING,EXECUTING,DC-10-Z08,DC-10-Z02,2026-08-12T00:01:00
TSK-000468-1,ORD-000468,DC-15,MOVE,RBT-0067,ASSIGNED,FAILED,DC-15-Z08,DC-15-Z09,2026-08-01T18:50:00
TSK-000468-2,ORD-000468,DC-15,PICK,RBT-0353,BLOCKED,FAILED,DC-15-Z01,DC-15-Z10,2026-08-01T19:47:00
TSK-000468-3,ORD-000468,DC-15,REPLENISH,RBT-0253,EXECUTING,COMPLETE,DC-15-Z09,DC-15-Z05,2026-08-01T19:49:00
TSK-000468-4,ORD-000468,DC-15,MOVE,RBT-0457,COMPLETE,COMPLETE,DC-15-Z05,DC-15-Z11,2026-08-01T18:25:00
TSK-000469-1,ORD-000469,DC-03,STAGE,RBT-0258,ASSIGNED,COMPLETE,DC-03-Z10,DC-03-Z11,2026-08-14T05:09:00
TSK-000469-2,ORD-000469,DC-03,PACK_FEED,RBT-0078,QUEUED,COMPLETE,DC-03-Z01,DC-03-Z06,2026-08-14T05:51:00
TSK-000470-1,ORD-000470,DC-02,STAGE,RBT-0070,QUEUED,FAILED,DC-02-Z11,DC-02-Z10,2026-08-24T03:34:00
TSK-000470-2,ORD-000470,DC-02,STAGE,RBT-0178,ASSIGNED,COMPLETE,DC-02-Z04,DC-02-Z06,2026-08-24T04:39:00
TSK-000471-1,ORD-000471,DC-02,REPLENISH,RBT-0349,BLOCKED,QUEUED,DC-02-Z04,DC-02-Z09,2026-08-15T16:18:00
TSK-000471-2,ORD-000471,DC-02,MOVE,RBT-0372,EXECUTING,QUEUED,DC-02-Z08,DC-02-Z02,2026-08-15T16:09:00
TSK-000471-3,ORD-000471,DC-02,STAGE,RBT-0126,COMPLETE,COMPLETE,DC-02-Z09,DC-02-Z07,2026-08-15T16:24:00
TSK-000471-4,ORD-000471,DC-02,MOVE,RBT-0686,EXECUTING,COMPLETE,DC-02-Z07,DC-02-Z08,2026-08-15T16:14:00
TSK-000472-1,ORD-000472,DC-04,STAGE,RBT-0061,BLOCKED,FAILED,DC-04-Z09,DC-04-Z05,2026-08-30T18:00:00
TSK-000472-2,ORD-000472,DC-04,STAGE,RBT-0151,EXECUTING,COMPLETE,DC-04-Z10,DC-04-Z09,2026-08-30T17:43:00
TSK-000472-3,ORD-000472,DC-04,PICK,RBT-0193,EXECUTING,QUEUED,DC-04-Z02,DC-04-Z01,2026-08-30T17:30:00
TSK-000472-4,ORD-000472,DC-04,STAGE,RBT-0075,ASSIGNED,QUEUED,DC-04-Z05,DC-04-Z08,2026-08-30T18:08:00
TSK-000473-1,ORD-000473,DC-03,PICK,RBT-0504,QUEUED,ASSIGNED,DC-03-Z07,DC-03-Z01,2026-08-28T20:21:00
TSK-000473-2,ORD-000473,DC-03,MOVE,RBT-0115,BLOCKED,FAILED,DC-03-Z03,DC-03-Z06,2026-08-28T20:01:00
TSK-000474-1,ORD-000474,DC-07,MOVE,RBT-0003,QUEUED,COMPLETE,DC-07-Z08,DC-07-Z07,2026-08-04T02:37:00
TSK-000474-2,ORD-000474,DC-07,PACK_FEED,RBT-0580,COMPLETE,FAILED,DC-07-Z12,DC-07-Z03,2026-08-04T02:38:00
TSK-000475-1,ORD-000475,DC-07,PACK_FEED,RBT-0359,QUEUED,FAILED,DC-07-Z05,DC-07-Z05,2026-08-29T00:51:00
TSK-000476-1,ORD-000476,DC-13,STAGE,RBT-0134,QUEUED,ASSIGNED,DC-13-Z11,DC-13-Z05,2026-08-27T18:20:00
TSK-000476-2,ORD-000476,DC-13,PICK,RBT-0133,COMPLETE,EXECUTING,DC-13-Z09,DC-13-Z01,2026-08-27T19:45:00
TSK-000476-3,ORD-000476,DC-13,PICK,RBT-0196,ASSIGNED,QUEUED,DC-13-Z04,DC-13-Z05,2026-08-27T19:22:00
TSK-000477-1,ORD-000477,DC-03,REPLENISH,RBT-0329,QUEUED,COMPLETE,DC-03-Z02,DC-03-Z09,2026-08-14T01:10:00
TSK-000478-1,ORD-000478,DC-09,STAGE,RBT-0508,ASSIGNED,EXECUTING,DC-09-Z05,DC-09-Z07,2026-08-12T23:27:00
TSK-000478-2,ORD-000478,DC-09,REPLENISH,RBT-0655,EXECUTING,COMPLETE,DC-09-Z09,DC-09-Z04,2026-08-13T00:32:00
TSK-000479-1,ORD-000479,DC-09,REPLENISH,RBT-0334,BLOCKED,COMPLETE,DC-09-Z06,DC-09-Z10,2026-09-03T12:00:00
TSK-000479-2,ORD-000479,DC-09,REPLENISH,RBT-0547,EXECUTING,COMPLETE,DC-09-Z10,DC-09-Z08,2026-09-03T11:15:00
TSK-000479-3,ORD-000479,DC-09,MOVE,RBT-0635,QUEUED,ASSIGNED,DC-09-Z11,DC-09-Z08,2026-09-03T13:09:00
TSK-000479-4,ORD-000479,DC-09,PACK_FEED,RBT-0689,BLOCKED,FAILED,DC-09-Z12,DC-09-Z03,2026-09-03T12:07:00
TSK-000480-1,ORD-000480,DC-16,PICK,RBT-0473,BLOCKED,EXECUTING,DC-16-Z11,DC-16-Z11,2026-08-05T19:22:00
TSK-000480-2,ORD-000480,DC-16,STAGE,RBT-0120,BLOCKED,EXECUTING,DC-16-Z12,DC-16-Z01,2026-08-05T20:15:00
TSK-000480-3,ORD-000480,DC-16,PACK_FEED,RBT-0037,EXECUTING,QUEUED,DC-16-Z08,DC-16-Z09,2026-08-05T20:33:00
TSK-000481-1,ORD-000481,DC-08,REPLENISH,RBT-0461,QUEUED,QUEUED,DC-08-Z10,DC-08-Z12,2026-08-15T23:23:00
TSK-000481-2,ORD-000481,DC-08,REPLENISH,RBT-0303,COMPLETE,EXECUTING,DC-08-Z11,DC-08-Z05,2026-08-15T23:14:00
TSK-000481-3,ORD-000481,DC-08,PICK,RBT-0227,BLOCKED,FAILED,DC-08-Z07,DC-08-Z10,2026-08-15T22:55:00
TSK-000481-4,ORD-000481,DC-08,MOVE,RBT-0619,ASSIGNED,COMPLETE,DC-08-Z05,DC-08-Z12,2026-08-15T23:39:00
TSK-000482-1,ORD-000482,DC-17,STAGE,RBT-0522,EXECUTING,FAILED,DC-17-Z06,DC-17-Z08,2026-08-05T14:05:00
TSK-000482-2,ORD-000482,DC-17,STAGE,RBT-0168,QUEUED,ASSIGNED,DC-17-Z03,DC-17-Z09,2026-08-05T12:22:00
TSK-000482-3,ORD-000482,DC-17,STAGE,RBT-0321,COMPLETE,QUEUED,DC-17-Z12,DC-17-Z02,2026-08-05T13:04:00
TSK-000483-1,ORD-000483,DC-13,REPLENISH,RBT-0128,COMPLETE,ASSIGNED,DC-13-Z12,DC-13-Z06,2026-08-19T05:25:00
TSK-000484-1,ORD-000484,DC-03,STAGE,RBT-0341,COMPLETE,EXECUTING,DC-03-Z11,DC-03-Z07,2026-08-16T06:54:00
TSK-000485-1,ORD-000485,DC-12,MOVE,RBT-0320,COMPLETE,ASSIGNED,DC-12-Z02,DC-12-Z03,2026-08-19T14:14:00
TSK-000485-2,ORD-000485,DC-12,MOVE,RBT-0698,ASSIGNED,ASSIGNED,DC-12-Z01,DC-12-Z05,2026-08-19T12:56:00
TSK-000485-3,ORD-000485,DC-12,PICK,RBT-0441,EXECUTING,EXECUTING,DC-12-Z12,DC-12-Z07,2026-08-19T14:15:00
TSK-000486-1,ORD-000486,DC-01,STAGE,RBT-0555,EXECUTING,EXECUTING,DC-01-Z12,DC-01-Z06,2026-08-19T11:49:00
TSK-000487-1,ORD-000487,DC-05,STAGE,RBT-0607,BLOCKED,EXECUTING,DC-05-Z06,DC-05-Z12,2026-08-28T16:23:00
TSK-000487-2,ORD-000487,DC-05,MOVE,RBT-0237,QUEUED,COMPLETE,DC-05-Z04,DC-05-Z03,2026-08-28T16:09:00
TSK-000487-3,ORD-000487,DC-05,REPLENISH,RBT-0472,ASSIGNED,ASSIGNED,DC-05-Z08,DC-05-Z03,2026-08-28T16:39:00
TSK-000488-1,ORD-000488,DC-18,STAGE,RBT-0344,ASSIGNED,COMPLETE,DC-18-Z01,DC-18-Z08,2026-09-03T12:44:00
TSK-000488-2,ORD-000488,DC-18,PICK,RBT-0375,BLOCKED,EXECUTING,DC-18-Z09,DC-18-Z03,2026-09-03T13:31:00
TSK-000488-3,ORD-000488,DC-18,PACK_FEED,RBT-0054,EXECUTING,QUEUED,DC-18-Z08,DC-18-Z03,2026-09-03T14:00:00
TSK-000489-1,ORD-000489,DC-02,PACK_FEED,RBT-0493,QUEUED,COMPLETE,DC-02-Z02,DC-02-Z06,2026-08-31T13:18:00
TSK-000489-2,ORD-000489,DC-02,REPLENISH,RBT-0206,QUEUED,FAILED,DC-02-Z10,DC-02-Z08,2026-08-31T12:03:00
TSK-000490-1,ORD-000490,DC-10,MOVE,RBT-0326,QUEUED,COMPLETE,DC-10-Z07,DC-10-Z12,2026-09-01T10:05:00
TSK-000491-1,ORD-000491,DC-08,PACK_FEED,RBT-0421,EXECUTING,EXECUTING,DC-08-Z01,DC-08-Z06,2026-08-20T19:37:00
TSK-000491-2,ORD-000491,DC-08,PACK_FEED,RBT-0498,QUEUED,QUEUED,DC-08-Z11,DC-08-Z10,2026-08-20T19:00:00
TSK-000491-3,ORD-000491,DC-08,REPLENISH,RBT-0396,COMPLETE,QUEUED,DC-08-Z07,DC-08-Z07,2026-08-20T20:01:00
TSK-000492-1,ORD-000492,DC-06,PACK_FEED,RBT-0042,QUEUED,FAILED,DC-06-Z03,DC-06-Z11,2026-08-14T06:51:00
TSK-000493-1,ORD-000493,DC-07,REPLENISH,RBT-0009,BLOCKED,ASSIGNED,DC-07-Z10,DC-07-Z01,2026-08-11T09:46:00
TSK-000493-2,ORD-000493,DC-07,STAGE,RBT-0409,QUEUED,QUEUED,DC-07-Z12,DC-07-Z09,2026-08-11T09:21:00
TSK-000493-3,ORD-000493,DC-07,REPLENISH,RBT-0328,ASSIGNED,QUEUED,DC-07-Z05,DC-07-Z06,2026-08-11T09:59:00
TSK-000493-4,ORD-000493,DC-07,STAGE,RBT-0515,QUEUED,QUEUED,DC-07-Z06,DC-07-Z11,2026-08-11T09:21:00
TSK-000494-1,ORD-000494,DC-07,REPLENISH,RBT-0547,QUEUED,ASSIGNED,DC-07-Z02,DC-07-Z01,2026-08-20T16:21:00
TSK-000494-2,ORD-000494,DC-07,STAGE,RBT-0520,ASSIGNED,FAILED,DC-07-Z01,DC-07-Z03,2026-08-20T17:20:00
TSK-000495-1,ORD-000495,DC-03,MOVE,RBT-0197,COMPLETE,EXECUTING,DC-03-Z09,DC-03-Z04,2026-09-03T20:56:00
TSK-000495-2,ORD-000495,DC-03,PACK_FEED,RBT-0198,BLOCKED,COMPLETE,DC-03-Z07,DC-03-Z09,2026-09-03T21:12:00
TSK-000495-3,ORD-000495,DC-03,PACK_FEED,RBT-0334,QUEUED,QUEUED,DC-03-Z08,DC-03-Z04,2026-09-03T20:53:00
TSK-000495-4,ORD-000495,DC-03,PICK,RBT-0101,QUEUED,FAILED,DC-03-Z04,DC-03-Z01,2026-09-03T20:36:00
TSK-000496-1,ORD-000496,DC-01,PACK_FEED,RBT-0193,ASSIGNED,COMPLETE,DC-01-Z12,DC-01-Z09,2026-08-07T17:56:00
TSK-000496-2,ORD-000496,DC-01,PICK,RBT-0693,BLOCKED,QUEUED,DC-01-Z02,DC-01-Z07,2026-08-07T17:38:00
TSK-000497-1,ORD-000497,DC-10,MOVE,RBT-0260,BLOCKED,QUEUED,DC-10-Z05,DC-10-Z04,2026-08-15T14:59:00
TSK-000498-1,ORD-000498,DC-09,MOVE,RBT-0116,COMPLETE,EXECUTING,DC-09-Z07,DC-09-Z12,2026-08-01T13:16:00
TSK-000499-1,ORD-000499,DC-01,PICK,RBT-0632,ASSIGNED,FAILED,DC-01-Z10,DC-01-Z12,2026-08-31T15:58:00
TSK-000500-1,ORD-000500,DC-05,PICK,RBT-0201,BLOCKED,COMPLETE,DC-05-Z12,DC-05-Z06,2026-08-03T03:20:00
TSK-000501-1,ORD-000501,DC-01,PICK,RBT-0676,COMPLETE,COMPLETE,DC-01-Z08,DC-01-Z07,2026-08-13T06:54:00
TSK-000501-2,ORD-000501,DC-01,REPLENISH,RBT-0477,ASSIGNED,QUEUED,DC-01-Z08,DC-01-Z02,2026-08-13T07:17:00
TSK-000501-3,ORD-000501,DC-01,MOVE,RBT-0443,COMPLETE,EXECUTING,DC-01-Z03,DC-01-Z12,2026-08-13T08:01:00
TSK-000502-1,ORD-000502,DC-14,REPLENISH,RBT-0259,ASSIGNED,QUEUED,DC-14-Z04,DC-14-Z09,2026-08-03T17:26:00
TSK-000503-1,ORD-000503,DC-10,STAGE,RBT-0299,ASSIGNED,FAILED,DC-10-Z11,DC-10-Z12,2026-08-11T00:35:00
TSK-000503-2,ORD-000503,DC-10,MOVE,RBT-0290,EXECUTING,QUEUED,DC-10-Z10,DC-10-Z03,2026-08-11T01:00:00
TSK-000503-3,ORD-000503,DC-10,PICK,RBT-0466,EXECUTING,QUEUED,DC-10-Z12,DC-10-Z05,2026-08-10T23:49:00
TSK-000504-1,ORD-000504,DC-06,STAGE,RBT-0446,ASSIGNED,FAILED,DC-06-Z09,DC-06-Z01,2026-08-17T08:56:00
TSK-000504-2,ORD-000504,DC-06,PACK_FEED,RBT-0287,EXECUTING,QUEUED,DC-06-Z03,DC-06-Z05,2026-08-17T08:57:00
TSK-000504-3,ORD-000504,DC-06,REPLENISH,RBT-0619,QUEUED,COMPLETE,DC-06-Z03,DC-06-Z01,2026-08-17T07:38:00
TSK-000504-4,ORD-000504,DC-06,STAGE,RBT-0493,QUEUED,COMPLETE,DC-06-Z10,DC-06-Z04,2026-08-17T08:31:00
TSK-000505-1,ORD-000505,DC-14,REPLENISH,RBT-0487,EXECUTING,QUEUED,DC-14-Z12,DC-14-Z08,2026-08-05T12:03:00
TSK-000505-2,ORD-000505,DC-14,PACK_FEED,RBT-0706,COMPLETE,ASSIGNED,DC-14-Z11,DC-14-Z09,2026-08-05T13:36:00
TSK-000505-3,ORD-000505,DC-14,STAGE,RBT-0567,EXECUTING,QUEUED,DC-14-Z05,DC-14-Z08,2026-08-05T12:38:00
TSK-000506-1,ORD-000506,DC-10,MOVE,RBT-0357,QUEUED,COMPLETE,DC-10-Z05,DC-10-Z06,2026-08-21T03:37:00
TSK-000506-2,ORD-000506,DC-10,STAGE,RBT-0641,EXECUTING,EXECUTING,DC-10-Z04,DC-10-Z11,2026-08-21T04:31:00
TSK-000507-1,ORD-000507,DC-08,STAGE,RBT-0684,QUEUED,ASSIGNED,DC-08-Z12,DC-08-Z05,2026-08-12T22:00:00
TSK-000507-2,ORD-000507,DC-08,MOVE,RBT-0358,QUEUED,ASSIGNED,DC-08-Z11,DC-08-Z05,2026-08-12T21:54:00
TSK-000508-1,ORD-000508,DC-12,PACK_FEED,RBT-0367,EXECUTING,COMPLETE,DC-12-Z07,DC-12-Z12,2026-08-17T12:31:00
TSK-000508-2,ORD-000508,DC-12,PACK_FEED,RBT-0155,EXECUTING,QUEUED,DC-12-Z04,DC-12-Z07,2026-08-17T12:16:00
TSK-000509-1,ORD-000509,DC-01,PACK_FEED,RBT-0154,COMPLETE,FAILED,DC-01-Z02,DC-01-Z12,2026-08-30T22:02:00
TSK-000509-2,ORD-000509,DC-01,PACK_FEED,RBT-0579,COMPLETE,FAILED,DC-01-Z03,DC-01-Z10,2026-08-30T22:26:00
TSK-000509-3,ORD-000509,DC-01,STAGE,RBT-0614,BLOCKED,COMPLETE,DC-01-Z05,DC-01-Z06,2026-08-30T23:18:00
TSK-000510-1,ORD-000510,DC-15,PACK_FEED,RBT-0200,EXECUTING,FAILED,DC-15-Z06,DC-15-Z02,2026-08-20T03:51:00
TSK-000510-2,ORD-000510,DC-15,MOVE,RBT-0010,COMPLETE,ASSIGNED,DC-15-Z02,DC-15-Z12,2026-08-20T03:09:00
TSK-000510-3,ORD-000510,DC-15,PACK_FEED,RBT-0335,BLOCKED,COMPLETE,DC-15-Z08,DC-15-Z02,2026-08-20T03:22:00
TSK-000511-1,ORD-000511,DC-05,PICK,RBT-0606,ASSIGNED,QUEUED,DC-05-Z11,DC-05-Z10,2026-08-31T18:25:00
TSK-000511-2,ORD-000511,DC-05,STAGE,RBT-0582,BLOCKED,EXECUTING,DC-05-Z09,DC-05-Z06,2026-08-31T18:09:00
TSK-000511-3,ORD-000511,DC-05,REPLENISH,RBT-0547,EXECUTING,QUEUED,DC-05-Z03,DC-05-Z02,2026-08-31T17:08:00
TSK-000512-1,ORD-000512,DC-05,REPLENISH,RBT-0487,COMPLETE,QUEUED,DC-05-Z10,DC-05-Z05,2026-08-12T12:15:00
TSK-000512-2,ORD-000512,DC-05,PACK_FEED,RBT-0381,EXECUTING,QUEUED,DC-05-Z07,DC-05-Z03,2026-08-12T13:20:00
TSK-000512-3,ORD-000512,DC-05,REPLENISH,RBT-0002,COMPLETE,COMPLETE,DC-05-Z11,DC-05-Z06,2026-08-12T11:58:00
TSK-000513-1,ORD-000513,DC-18,STAGE,RBT-0099,COMPLETE,ASSIGNED,DC-18-Z02,DC-18-Z06,2026-08-26T07:48:00
TSK-000513-2,ORD-000513,DC-18,REPLENISH,RBT-0159,EXECUTING,QUEUED,DC-18-Z12,DC-18-Z02,2026-08-26T06:44:00
TSK-000513-3,ORD-000513,DC-18,PICK,RBT-0334,QUEUED,COMPLETE,DC-18-Z04,DC-18-Z05,2026-08-26T06:47:00
TSK-000514-1,ORD-000514,DC-16,STAGE,RBT-0377,BLOCKED,EXECUTING,DC-16-Z03,DC-16-Z09,2026-09-01T19:18:00
TSK-000514-2,ORD-000514,DC-16,PACK_FEED,RBT-0169,COMPLETE,ASSIGNED,DC-16-Z03,DC-16-Z12,2026-09-01T20:02:00
TSK-000514-3,ORD-000514,DC-16,REPLENISH,RBT-0051,EXECUTING,FAILED,DC-16-Z05,DC-16-Z02,2026-09-01T18:58:00
TSK-000515-1,ORD-000515,DC-06,REPLENISH,RBT-0241,ASSIGNED,COMPLETE,DC-06-Z09,DC-06-Z05,2026-08-27T11:49:00
TSK-000516-1,ORD-000516,DC-08,REPLENISH,RBT-0575,COMPLETE,EXECUTING,DC-08-Z07,DC-08-Z03,2026-08-20T13:10:00
TSK-000516-2,ORD-000516,DC-08,STAGE,RBT-0690,QUEUED,FAILED,DC-08-Z04,DC-08-Z01,2026-08-20T12:33:00
TSK-000517-1,ORD-000517,DC-13,PACK_FEED,RBT-0362,BLOCKED,QUEUED,DC-13-Z12,DC-13-Z01,2026-08-10T16:03:00
TSK-000517-2,ORD-000517,DC-13,STAGE,RBT-0042,ASSIGNED,EXECUTING,DC-13-Z01,DC-13-Z12,2026-08-10T17:02:00
TSK-000517-3,ORD-000517,DC-13,MOVE,RBT-0623,EXECUTING,COMPLETE,DC-13-Z10,DC-13-Z01,2026-08-10T17:39:00
TSK-000518-1,ORD-000518,DC-18,REPLENISH,RBT-0409,BLOCKED,EXECUTING,DC-18-Z12,DC-18-Z02,2026-09-01T23:06:00
TSK-000518-2,ORD-000518,DC-18,MOVE,RBT-0144,QUEUED,COMPLETE,DC-18-Z08,DC-18-Z08,2026-09-02T00:47:00
TSK-000518-3,ORD-000518,DC-18,PICK,RBT-0404,EXECUTING,ASSIGNED,DC-18-Z06,DC-18-Z05,2026-09-01T23:19:00
TSK-000519-1,ORD-000519,DC-08,PICK,RBT-0355,QUEUED,ASSIGNED,DC-08-Z10,DC-08-Z08,2026-08-10T15:31:00
TSK-000519-2,ORD-000519,DC-08,REPLENISH,RBT-0698,BLOCKED,QUEUED,DC-08-Z12,DC-08-Z02,2026-08-10T15:43:00
TSK-000519-3,ORD-000519,DC-08,REPLENISH,RBT-0336,QUEUED,ASSIGNED,DC-08-Z09,DC-08-Z10,2026-08-10T16:10:00
TSK-000519-4,ORD-000519,DC-08,PICK,RBT-0299,QUEUED,ASSIGNED,DC-08-Z02,DC-08-Z04,2026-08-10T16:46:00
TSK-000520-1,ORD-000520,DC-05,MOVE,RBT-0232,EXECUTING,ASSIGNED,DC-05-Z05,DC-05-Z09,2026-08-04T19:23:00
TSK-000520-2,ORD-000520,DC-05,PACK_FEED,RBT-0223,QUEUED,EXECUTING,DC-05-Z11,DC-05-Z02,2026-08-04T19:11:00
TSK-000520-3,ORD-000520,DC-05,REPLENISH,RBT-0147,ASSIGNED,QUEUED,DC-05-Z09,DC-05-Z11,2026-08-04T18:23:00
TSK-000521-1,ORD-000521,DC-15,PICK,RBT-0057,ASSIGNED,COMPLETE,DC-15-Z07,DC-15-Z11,2026-08-09T14:44:00
TSK-000521-2,ORD-000521,DC-15,MOVE,RBT-0016,BLOCKED,ASSIGNED,DC-15-Z08,DC-15-Z02,2026-08-09T14:41:00
TSK-000521-3,ORD-000521,DC-15,PACK_FEED,RBT-0513,EXECUTING,ASSIGNED,DC-15-Z04,DC-15-Z12,2026-08-09T14:41:00
TSK-000521-4,ORD-000521,DC-15,PACK_FEED,RBT-0626,ASSIGNED,EXECUTING,DC-15-Z04,DC-15-Z12,2026-08-09T15:54:00
TSK-000522-1,ORD-000522,DC-14,REPLENISH,RBT-0469,EXECUTING,COMPLETE,DC-14-Z11,DC-14-Z10,2026-08-29T05:49:00
TSK-000522-2,ORD-000522,DC-14,STAGE,RBT-0694,EXECUTING,EXECUTING,DC-14-Z05,DC-14-Z07,2026-08-29T06:30:00
TSK-000522-3,ORD-000522,DC-14,PACK_FEED,RBT-0465,EXECUTING,EXECUTING,DC-14-Z11,DC-14-Z11,2026-08-29T06:25:00
TSK-000522-4,ORD-000522,DC-14,REPLENISH,RBT-0134,COMPLETE,EXECUTING,DC-14-Z10,DC-14-Z04,2026-08-29T05:58:00
TSK-000523-1,ORD-000523,DC-17,MOVE,RBT-0528,ASSIGNED,QUEUED,DC-17-Z08,DC-17-Z12,2026-08-09T00:51:00
TSK-000523-2,ORD-000523,DC-17,PACK_FEED,RBT-0084,EXECUTING,COMPLETE,DC-17-Z12,DC-17-Z06,2026-08-09T00:08:00
TSK-000524-1,ORD-000524,DC-14,REPLENISH,RBT-0518,EXECUTING,FAILED,DC-14-Z10,DC-14-Z07,2026-08-23T04:50:00
TSK-000524-2,ORD-000524,DC-14,PACK_FEED,RBT-0489,BLOCKED,QUEUED,DC-14-Z06,DC-14-Z07,2026-08-23T05:33:00
TSK-000524-3,ORD-000524,DC-14,MOVE,RBT-0174,BLOCKED,QUEUED,DC-14-Z07,DC-14-Z03,2026-08-23T05:20:00
TSK-000525-1,ORD-000525,DC-10,STAGE,RBT-0398,COMPLETE,FAILED,DC-10-Z04,DC-10-Z06,2026-08-11T09:30:00
TSK-000525-2,ORD-000525,DC-10,PACK_FEED,RBT-0566,QUEUED,ASSIGNED,DC-10-Z12,DC-10-Z03,2026-08-11T11:07:00
TSK-000526-1,ORD-000526,DC-12,STAGE,RBT-0694,QUEUED,EXECUTING,DC-12-Z12,DC-12-Z10,2026-08-15T06:30:00
TSK-000526-2,ORD-000526,DC-12,PICK,RBT-0452,QUEUED,EXECUTING,DC-12-Z02,DC-12-Z02,2026-08-15T05:06:00
TSK-000527-1,ORD-000527,DC-02,PACK_FEED,RBT-0253,EXECUTING,QUEUED,DC-02-Z07,DC-02-Z05,2026-08-07T21:04:00
TSK-000527-2,ORD-000527,DC-02,PACK_FEED,RBT-0248,BLOCKED,EXECUTING,DC-02-Z12,DC-02-Z09,2026-08-07T21:51:00
TSK-000528-1,ORD-000528,DC-15,MOVE,RBT-0365,EXECUTING,QUEUED,DC-15-Z04,DC-15-Z04,2026-09-05T06:12:00
TSK-000528-2,ORD-000528,DC-15,MOVE,RBT-0401,EXECUTING,ASSIGNED,DC-15-Z12,DC-15-Z05,2026-09-05T04:55:00
TSK-000529-1,ORD-000529,DC-16,MOVE,RBT-0464,ASSIGNED,COMPLETE,DC-16-Z05,DC-16-Z06,2026-08-09T06:34:00
TSK-000529-2,ORD-000529,DC-16,STAGE,RBT-0260,QUEUED,QUEUED,DC-16-Z04,DC-16-Z01,2026-08-09T06:39:00
TSK-000529-3,ORD-000529,DC-16,MOVE,RBT-0562,EXECUTING,QUEUED,DC-16-Z10,DC-16-Z03,2026-08-09T06:46:00
TSK-000529-4,ORD-000529,DC-16,STAGE,RBT-0197,QUEUED,ASSIGNED,DC-16-Z07,DC-16-Z08,2026-08-09T08:20:00
TSK-000530-1,ORD-000530,DC-03,PICK,RBT-0427,COMPLETE,QUEUED,DC-03-Z11,DC-03-Z07,2026-08-28T07:20:00
TSK-000531-1,ORD-000531,DC-09,STAGE,RBT-0134,BLOCKED,FAILED,DC-09-Z03,DC-09-Z10,2026-08-26T23:29:00
TSK-000531-2,ORD-000531,DC-09,PICK,RBT-0155,ASSIGNED,FAILED,DC-09-Z02,DC-09-Z04,2026-08-26T23:10:00
TSK-000531-3,ORD-000531,DC-09,PICK,RBT-0698,QUEUED,EXECUTING,DC-09-Z07,DC-09-Z09,2026-08-26T23:36:00
TSK-000532-1,ORD-000532,DC-06,MOVE,RBT-0416,QUEUED,FAILED,DC-06-Z03,DC-06-Z01,2026-08-21T21:49:00
TSK-000532-2,ORD-000532,DC-06,PICK,RBT-0521,ASSIGNED,COMPLETE,DC-06-Z03,DC-06-Z07,2026-08-21T21:13:00
TSK-000532-3,ORD-000532,DC-06,REPLENISH,RBT-0065,COMPLETE,FAILED,DC-06-Z05,DC-06-Z07,2026-08-21T22:05:00
TSK-000532-4,ORD-000532,DC-06,PICK,RBT-0369,COMPLETE,QUEUED,DC-06-Z03,DC-06-Z05,2026-08-21T20:50:00
TSK-000533-1,ORD-000533,DC-14,MOVE,RBT-0293,EXECUTING,FAILED,DC-14-Z05,DC-14-Z02,2026-08-27T20:04:00
TSK-000534-1,ORD-000534,DC-18,STAGE,RBT-0110,EXECUTING,QUEUED,DC-18-Z03,DC-18-Z02,2026-08-17T10:20:00
TSK-000535-1,ORD-000535,DC-04,STAGE,RBT-0420,EXECUTING,QUEUED,DC-04-Z09,DC-04-Z10,2026-08-10T16:15:00
TSK-000536-1,ORD-000536,DC-15,MOVE,RBT-0039,COMPLETE,COMPLETE,DC-15-Z10,DC-15-Z06,2026-08-18T22:15:00
TSK-000536-2,ORD-000536,DC-15,PICK,RBT-0652,BLOCKED,COMPLETE,DC-15-Z12,DC-15-Z05,2026-08-18T22:40:00
TSK-000537-1,ORD-000537,DC-09,REPLENISH,RBT-0381,ASSIGNED,EXECUTING,DC-09-Z08,DC-09-Z06,2026-08-18T08:54:00
TSK-000538-1,ORD-000538,DC-11,REPLENISH,RBT-0594,BLOCKED,QUEUED,DC-11-Z12,DC-11-Z10,2026-08-16T21:19:00
TSK-000538-2,ORD-000538,DC-11,STAGE,RBT-0346,ASSIGNED,FAILED,DC-11-Z10,DC-11-Z05,2026-08-16T20:43:00
TSK-000538-3,ORD-000538,DC-11,PACK_FEED,RBT-0117,ASSIGNED,ASSIGNED,DC-11-Z05,DC-11-Z01,2026-08-16T21:35:00
TSK-000538-4,ORD-000538,DC-11,STAGE,RBT-0432,BLOCKED,ASSIGNED,DC-11-Z06,DC-11-Z03,2026-08-16T19:55:00
TSK-000539-1,ORD-000539,DC-05,MOVE,RBT-0320,QUEUED,ASSIGNED,DC-05-Z03,DC-05-Z11,2026-08-05T19:42:00
TSK-000539-2,ORD-000539,DC-05,MOVE,RBT-0680,EXECUTING,EXECUTING,DC-05-Z06,DC-05-Z08,2026-08-05T19:19:00
TSK-000539-3,ORD-000539,DC-05,MOVE,RBT-0104,ASSIGNED,EXECUTING,DC-05-Z12,DC-05-Z10,2026-08-05T19:32:00
TSK-000540-1,ORD-000540,DC-09,MOVE,RBT-0601,QUEUED,FAILED,DC-09-Z07,DC-09-Z05,2026-08-05T21:45:00
TSK-000540-2,ORD-000540,DC-09,MOVE,RBT-0111,COMPLETE,COMPLETE,DC-09-Z04,DC-09-Z09,2026-08-05T21:27:00
TSK-000541-1,ORD-000541,DC-02,PICK,RBT-0476,QUEUED,COMPLETE,DC-02-Z12,DC-02-Z11,2026-08-19T23:19:00
TSK-000541-2,ORD-000541,DC-02,STAGE,RBT-0264,BLOCKED,ASSIGNED,DC-02-Z01,DC-02-Z07,2026-08-19T23:07:00
TSK-000541-3,ORD-000541,DC-02,REPLENISH,RBT-0096,ASSIGNED,COMPLETE,DC-02-Z09,DC-02-Z01,2026-08-19T22:59:00
TSK-000541-4,ORD-000541,DC-02,PICK,RBT-0444,COMPLETE,COMPLETE,DC-02-Z06,DC-02-Z04,2026-08-19T23:18:00
TSK-000542-1,ORD-000542,DC-16,STAGE,RBT-0401,QUEUED,ASSIGNED,DC-16-Z06,DC-16-Z06,2026-09-03T17:24:00
TSK-000543-1,ORD-000543,DC-15,REPLENISH,RBT-0200,EXECUTING,COMPLETE,DC-15-Z10,DC-15-Z03,2026-08-21T09:23:00
TSK-000543-2,ORD-000543,DC-15,PACK_FEED,RBT-0265,COMPLETE,EXECUTING,DC-15-Z06,DC-15-Z09,2026-08-21T09:49:00
TSK-000544-1,ORD-000544,DC-12,MOVE,RBT-0309,ASSIGNED,COMPLETE,DC-12-Z02,DC-12-Z06,2026-08-29T03:41:00
TSK-000544-2,ORD-000544,DC-12,PACK_FEED,RBT-0645,QUEUED,ASSIGNED,DC-12-Z04,DC-12-Z01,2026-08-29T03:43:00
TSK-000544-3,ORD-000544,DC-12,REPLENISH,RBT-0634,EXECUTING,ASSIGNED,DC-12-Z07,DC-12-Z11,2026-08-29T04:13:00
TSK-000545-1,ORD-000545,DC-01,PICK,RBT-0583,BLOCKED,QUEUED,DC-01-Z07,DC-01-Z02,2026-08-26T06:31:00
TSK-000545-2,ORD-000545,DC-01,PACK_FEED,RBT-0524,COMPLETE,EXECUTING,DC-01-Z05,DC-01-Z10,2026-08-26T07:43:00
TSK-000545-3,ORD-000545,DC-01,PICK,RBT-0151,EXECUTING,COMPLETE,DC-01-Z03,DC-01-Z08,2026-08-26T07:23:00
TSK-000546-1,ORD-000546,DC-17,STAGE,RBT-0187,BLOCKED,COMPLETE,DC-17-Z09,DC-17-Z02,2026-09-01T05:27:00
TSK-000546-2,ORD-000546,DC-17,REPLENISH,RBT-0263,EXECUTING,FAILED,DC-17-Z12,DC-17-Z08,2026-09-01T05:28:00
TSK-000547-1,ORD-000547,DC-02,PICK,RBT-0656,ASSIGNED,ASSIGNED,DC-02-Z02,DC-02-Z12,2026-08-20T01:28:00
TSK-000547-2,ORD-000547,DC-02,PICK,RBT-0028,BLOCKED,EXECUTING,DC-02-Z07,DC-02-Z07,2026-08-20T00:31:00
TSK-000548-1,ORD-000548,DC-10,PACK_FEED,RBT-0199,ASSIGNED,COMPLETE,DC-10-Z01,DC-10-Z09,2026-08-08T14:18:00
TSK-000548-2,ORD-000548,DC-10,PICK,RBT-0567,QUEUED,EXECUTING,DC-10-Z07,DC-10-Z06,2026-08-08T13:16:00
TSK-000548-3,ORD-000548,DC-10,MOVE,RBT-0565,COMPLETE,QUEUED,DC-10-Z03,DC-10-Z06,2026-08-08T12:52:00
TSK-000549-1,ORD-000549,DC-14,MOVE,RBT-0424,BLOCKED,ASSIGNED,DC-14-Z07,DC-14-Z05,2026-08-22T05:17:00
TSK-000549-2,ORD-000549,DC-14,PACK_FEED,RBT-0073,EXECUTING,ASSIGNED,DC-14-Z12,DC-14-Z01,2026-08-22T04:18:00
TSK-000549-3,ORD-000549,DC-14,STAGE,RBT-0407,QUEUED,ASSIGNED,DC-14-Z12,DC-14-Z03,2026-08-22T05:41:00
TSK-000550-1,ORD-000550,DC-08,STAGE,RBT-0647,ASSIGNED,COMPLETE,DC-08-Z08,DC-08-Z07,2026-09-02T17:19:00
TSK-000550-2,ORD-000550,DC-08,STAGE,RBT-0457,ASSIGNED,QUEUED,DC-08-Z01,DC-08-Z04,2026-09-02T19:01:00
TSK-000550-3,ORD-000550,DC-08,PICK,RBT-0535,ASSIGNED,QUEUED,DC-08-Z08,DC-08-Z07,2026-09-02T17:59:00
TSK-000550-4,ORD-000550,DC-08,PACK_FEED,RBT-0064,QUEUED,EXECUTING,DC-08-Z03,DC-08-Z05,2026-09-02T18:04:00
TSK-000551-1,ORD-000551,DC-17,MOVE,RBT-0606,QUEUED,COMPLETE,DC-17-Z05,DC-17-Z04,2026-08-28T23:06:00
TSK-000551-2,ORD-000551,DC-17,REPLENISH,RBT-0515,COMPLETE,ASSIGNED,DC-17-Z04,DC-17-Z04,2026-08-28T21:46:00
TSK-000552-1,ORD-000552,DC-16,REPLENISH,RBT-0373,QUEUED,COMPLETE,DC-16-Z08,DC-16-Z08,2026-08-10T13:32:00
TSK-000552-2,ORD-000552,DC-16,STAGE,RBT-0086,BLOCKED,ASSIGNED,DC-16-Z10,DC-16-Z01,2026-08-10T12:40:00
TSK-000552-3,ORD-000552,DC-16,PICK,RBT-0483,QUEUED,QUEUED,DC-16-Z04,DC-16-Z03,2026-08-10T13:00:00
TSK-000552-4,ORD-000552,DC-16,PICK,RBT-0623,QUEUED,EXECUTING,DC-16-Z09,DC-16-Z07,2026-08-10T13:07:00
TSK-000553-1,ORD-000553,DC-05,MOVE,RBT-0374,COMPLETE,ASSIGNED,DC-05-Z04,DC-05-Z10,2026-08-25T16:08:00
TSK-000553-2,ORD-000553,DC-05,PACK_FEED,RBT-0232,BLOCKED,ASSIGNED,DC-05-Z03,DC-05-Z12,2026-08-25T16:48:00
TSK-000554-1,ORD-000554,DC-14,REPLENISH,RBT-0560,QUEUED,FAILED,DC-14-Z12,DC-14-Z09,2026-08-11T05:33:00
TSK-000555-1,ORD-000555,DC-03,REPLENISH,RBT-0658,QUEUED,COMPLETE,DC-03-Z01,DC-03-Z02,2026-08-07T09:42:00
TSK-000555-2,ORD-000555,DC-03,PACK_FEED,RBT-0003,COMPLETE,QUEUED,DC-03-Z02,DC-03-Z02,2026-08-07T09:56:00
TSK-000555-3,ORD-000555,DC-03,PACK_FEED,RBT-0522,ASSIGNED,EXECUTING,DC-03-Z08,DC-03-Z12,2026-08-07T11:21:00
TSK-000556-1,ORD-000556,DC-09,PACK_FEED,RBT-0110,EXECUTING,QUEUED,DC-09-Z11,DC-09-Z03,2026-08-19T02:02:00
TSK-000556-2,ORD-000556,DC-09,PACK_FEED,RBT-0376,ASSIGNED,QUEUED,DC-09-Z10,DC-09-Z08,2026-08-19T02:06:00
TSK-000557-1,ORD-000557,DC-18,PACK_FEED,RBT-0151,ASSIGNED,COMPLETE,DC-18-Z05,DC-18-Z01,2026-08-25T16:30:00
TSK-000557-2,ORD-000557,DC-18,PACK_FEED,RBT-0433,EXECUTING,COMPLETE,DC-18-Z03,DC-18-Z01,2026-08-25T16:25:00
TSK-000557-3,ORD-000557,DC-18,PICK,RBT-0611,COMPLETE,QUEUED,DC-18-Z05,DC-18-Z11,2026-08-25T16:32:00
TSK-000557-4,ORD-000557,DC-18,MOVE,RBT-0568,EXECUTING,EXECUTING,DC-18-Z09,DC-18-Z05,2026-08-25T17:14:00
TSK-000558-1,ORD-000558,DC-13,PACK_FEED,RBT-0356,QUEUED,COMPLETE,DC-13-Z02,DC-13-Z02,2026-08-10T05:19:00
TSK-000558-2,ORD-000558,DC-13,PACK_FEED,RBT-0353,EXECUTING,FAILED,DC-13-Z03,DC-13-Z05,2026-08-10T04:37:00
TSK-000559-1,ORD-000559,DC-16,MOVE,RBT-0488,EXECUTING,COMPLETE,DC-16-Z01,DC-16-Z06,2026-08-03T22:20:00
TSK-000560-1,ORD-000560,DC-11,PACK_FEED,RBT-0681,EXECUTING,EXECUTING,DC-11-Z07,DC-11-Z08,2026-08-06T15:31:00
TSK-000560-2,ORD-000560,DC-11,MOVE,RBT-0686,BLOCKED,EXECUTING,DC-11-Z12,DC-11-Z09,2026-08-06T14:50:00
TSK-000560-3,ORD-000560,DC-11,REPLENISH,RBT-0217,BLOCKED,FAILED,DC-11-Z07,DC-11-Z10,2026-08-06T15:09:00
TSK-000560-4,ORD-000560,DC-11,PACK_FEED,RBT-0345,QUEUED,COMPLETE,DC-11-Z12,DC-11-Z05,2026-08-06T15:28:00
TSK-000561-1,ORD-000561,DC-14,MOVE,RBT-0111,COMPLETE,EXECUTING,DC-14-Z02,DC-14-Z10,2026-08-28T21:10:00
TSK-000561-2,ORD-000561,DC-14,PACK_FEED,RBT-0226,ASSIGNED,ASSIGNED,DC-14-Z08,DC-14-Z08,2026-08-28T21:38:00
TSK-000562-1,ORD-000562,DC-02,REPLENISH,RBT-0068,ASSIGNED,FAILED,DC-02-Z03,DC-02-Z08,2026-08-25T06:24:00
TSK-000562-2,ORD-000562,DC-02,REPLENISH,RBT-0516,COMPLETE,QUEUED,DC-02-Z04,DC-02-Z06,2026-08-25T06:15:00
TSK-000563-1,ORD-000563,DC-05,REPLENISH,RBT-0144,EXECUTING,QUEUED,DC-05-Z05,DC-05-Z12,2026-09-04T03:08:00
TSK-000563-2,ORD-000563,DC-05,MOVE,RBT-0059,QUEUED,COMPLETE,DC-05-Z06,DC-05-Z02,2026-09-04T04:30:00
TSK-000564-1,ORD-000564,DC-11,MOVE,RBT-0092,EXECUTING,EXECUTING,DC-11-Z01,DC-11-Z03,2026-08-10T09:13:00
TSK-000565-1,ORD-000565,DC-02,STAGE,RBT-0188,QUEUED,COMPLETE,DC-02-Z05,DC-02-Z07,2026-08-09T11:03:00
TSK-000565-2,ORD-000565,DC-02,MOVE,RBT-0061,COMPLETE,FAILED,DC-02-Z12,DC-02-Z07,2026-08-09T10:31:00
TSK-000565-3,ORD-000565,DC-02,PACK_FEED,RBT-0493,QUEUED,EXECUTING,DC-02-Z05,DC-02-Z06,2026-08-09T11:07:00
TSK-000565-4,ORD-000565,DC-02,REPLENISH,RBT-0275,BLOCKED,ASSIGNED,DC-02-Z10,DC-02-Z07,2026-08-09T11:30:00
TSK-000566-1,ORD-000566,DC-14,MOVE,RBT-0210,COMPLETE,EXECUTING,DC-14-Z04,DC-14-Z09,2026-08-04T04:10:00
TSK-000566-2,ORD-000566,DC-14,MOVE,RBT-0146,EXECUTING,ASSIGNED,DC-14-Z01,DC-14-Z09,2026-08-04T03:57:00
TSK-000566-3,ORD-000566,DC-14,STAGE,RBT-0568,ASSIGNED,ASSIGNED,DC-14-Z02,DC-14-Z09,2026-08-04T04:43:00
TSK-000567-1,ORD-000567,DC-04,PICK,RBT-0077,ASSIGNED,QUEUED,DC-04-Z05,DC-04-Z08,2026-08-18T18:33:00
TSK-000567-2,ORD-000567,DC-04,PICK,RBT-0634,QUEUED,EXECUTING,DC-04-Z01,DC-04-Z04,2026-08-18T17:46:00
TSK-000567-3,ORD-000567,DC-04,STAGE,RBT-0662,COMPLETE,ASSIGNED,DC-04-Z07,DC-04-Z05,2026-08-18T18:25:00
TSK-000568-1,ORD-000568,DC-15,STAGE,RBT-0712,BLOCKED,COMPLETE,DC-15-Z12,DC-15-Z08,2026-08-03T06:20:00
TSK-000568-2,ORD-000568,DC-15,PACK_FEED,RBT-0306,ASSIGNED,COMPLETE,DC-15-Z04,DC-15-Z07,2026-08-03T06:07:00
TSK-000568-3,ORD-000568,DC-15,MOVE,RBT-0706,COMPLETE,COMPLETE,DC-15-Z09,DC-15-Z02,2026-08-03T06:25:00
TSK-000569-1,ORD-000569,DC-16,PACK_FEED,RBT-0502,BLOCKED,COMPLETE,DC-16-Z11,DC-16-Z10,2026-08-14T10:32:00
TSK-000569-2,ORD-000569,DC-16,PICK,RBT-0272,QUEUED,QUEUED,DC-16-Z07,DC-16-Z07,2026-08-14T11:54:00
TSK-000569-3,ORD-000569,DC-16,PACK_FEED,RBT-0156,ASSIGNED,FAILED,DC-16-Z08,DC-16-Z02,2026-08-14T11:48:00
TSK-000570-1,ORD-000570,DC-09,REPLENISH,RBT-0474,COMPLETE,EXECUTING,DC-09-Z09,DC-09-Z07,2026-08-16T14:56:00
TSK-000571-1,ORD-000571,DC-14,PACK_FEED,RBT-0205,EXECUTING,FAILED,DC-14-Z05,DC-14-Z01,2026-08-20T07:02:00
TSK-000571-2,ORD-000571,DC-14,STAGE,RBT-0692,EXECUTING,COMPLETE,DC-14-Z09,DC-14-Z10,2026-08-20T05:31:00
TSK-000571-3,ORD-000571,DC-14,REPLENISH,RBT-0500,QUEUED,COMPLETE,DC-14-Z02,DC-14-Z08,2026-08-20T06:07:00
TSK-000572-1,ORD-000572,DC-13,PACK_FEED,RBT-0098,QUEUED,QUEUED,DC-13-Z10,DC-13-Z12,2026-08-18T13:06:00
TSK-000572-2,ORD-000572,DC-13,REPLENISH,RBT-0422,ASSIGNED,EXECUTING,DC-13-Z12,DC-13-Z12,2026-08-18T12:26:00
TSK-000572-3,ORD-000572,DC-13,REPLENISH,RBT-0042,BLOCKED,QUEUED,DC-13-Z08,DC-13-Z06,2026-08-18T12:10:00
TSK-000573-1,ORD-000573,DC-13,PACK_FEED,RBT-0483,ASSIGNED,COMPLETE,DC-13-Z07,DC-13-Z03,2026-08-27T14:34:00
TSK-000573-2,ORD-000573,DC-13,PACK_FEED,RBT-0705,BLOCKED,EXECUTING,DC-13-Z06,DC-13-Z10,2026-08-27T14:42:00
TSK-000573-3,ORD-000573,DC-13,MOVE,RBT-0427,QUEUED,COMPLETE,DC-13-Z09,DC-13-Z07,2026-08-27T13:26:00
TSK-000574-1,ORD-000574,DC-08,PICK,RBT-0115,BLOCKED,QUEUED,DC-08-Z10,DC-08-Z08,2026-08-18T22:04:00
TSK-000574-2,ORD-000574,DC-08,STAGE,RBT-0663,BLOCKED,EXECUTING,DC-08-Z02,DC-08-Z04,2026-08-18T22:38:00
TSK-000574-3,ORD-000574,DC-08,MOVE,RBT-0236,COMPLETE,COMPLETE,DC-08-Z06,DC-08-Z12,2026-08-18T21:18:00
TSK-000574-4,ORD-000574,DC-08,REPLENISH,RBT-0362,ASSIGNED,ASSIGNED,DC-08-Z01,DC-08-Z01,2026-08-18T22:20:00
TSK-000575-1,ORD-000575,DC-13,MOVE,RBT-0271,QUEUED,COMPLETE,DC-13-Z08,DC-13-Z10,2026-08-02T18:16:00
TSK-000575-2,ORD-000575,DC-13,MOVE,RBT-0710,ASSIGNED,FAILED,DC-13-Z05,DC-13-Z10,2026-08-02T18:48:00
TSK-000576-1,ORD-000576,DC-12,MOVE,RBT-0642,BLOCKED,EXECUTING,DC-12-Z11,DC-12-Z05,2026-08-03T12:07:00
TSK-000576-2,ORD-000576,DC-12,PACK_FEED,RBT-0214,QUEUED,COMPLETE,DC-12-Z05,DC-12-Z11,2026-08-03T10:24:00
TSK-000576-3,ORD-000576,DC-12,REPLENISH,RBT-0043,COMPLETE,ASSIGNED,DC-12-Z05,DC-12-Z08,2026-08-03T10:25:00
TSK-000576-4,ORD-000576,DC-12,PICK,RBT-0554,ASSIGNED,EXECUTING,DC-12-Z10,DC-12-Z06,2026-08-03T10:34:00
TSK-000577-1,ORD-000577,DC-15,STAGE,RBT-0025,ASSIGNED,FAILED,DC-15-Z09,DC-15-Z02,2026-08-11T22:09:00
TSK-000577-2,ORD-000577,DC-15,PICK,RBT-0250,QUEUED,QUEUED,DC-15-Z01,DC-15-Z09,2026-08-11T21:52:00
TSK-000577-3,ORD-000577,DC-15,PICK,RBT-0548,QUEUED,QUEUED,DC-15-Z01,DC-15-Z10,2026-08-11T22:52:00
TSK-000578-1,ORD-000578,DC-07,REPLENISH,RBT-0355,EXECUTING,QUEUED,DC-07-Z11,DC-07-Z09,2026-08-25T14:46:00
TSK-000578-2,ORD-000578,DC-07,PICK,RBT-0180,QUEUED,EXECUTING,DC-07-Z10,DC-07-Z05,2026-08-25T15:13:00
TSK-000579-1,ORD-000579,DC-05,REPLENISH,RBT-0089,QUEUED,QUEUED,DC-05-Z07,DC-05-Z02,2026-08-26T13:59:00
TSK-000579-2,ORD-000579,DC-05,PICK,RBT-0659,BLOCKED,ASSIGNED,DC-05-Z10,DC-05-Z01,2026-08-26T13:57:00
TSK-000579-3,ORD-000579,DC-05,PICK,RBT-0140,BLOCKED,COMPLETE,DC-05-Z02,DC-05-Z02,2026-08-26T13:13:00
TSK-000580-1,ORD-000580,DC-02,PICK,RBT-0080,ASSIGNED,FAILED,DC-02-Z10,DC-02-Z09,2026-08-21T02:43:00
TSK-000580-2,ORD-000580,DC-02,REPLENISH,RBT-0340,BLOCKED,ASSIGNED,DC-02-Z03,DC-02-Z02,2026-08-21T02:08:00
TSK-000580-3,ORD-000580,DC-02,STAGE,RBT-0329,COMPLETE,ASSIGNED,DC-02-Z10,DC-02-Z08,2026-08-21T02:10:00
TSK-000581-1,ORD-000581,DC-04,PICK,RBT-0217,ASSIGNED,ASSIGNED,DC-04-Z03,DC-04-Z06,2026-08-25T17:09:00
TSK-000582-1,ORD-000582,DC-18,REPLENISH,RBT-0172,BLOCKED,COMPLETE,DC-18-Z03,DC-18-Z10,2026-08-22T20:29:00
TSK-000582-2,ORD-000582,DC-18,PICK,RBT-0375,EXECUTING,QUEUED,DC-18-Z12,DC-18-Z04,2026-08-22T20:09:00
TSK-000583-1,ORD-000583,DC-03,STAGE,RBT-0314,BLOCKED,QUEUED,DC-03-Z07,DC-03-Z03,2026-08-20T13:43:00
TSK-000583-2,ORD-000583,DC-03,REPLENISH,RBT-0232,EXECUTING,ASSIGNED,DC-03-Z12,DC-03-Z12,2026-08-20T13:28:00
TSK-000584-1,ORD-000584,DC-02,STAGE,RBT-0188,BLOCKED,FAILED,DC-02-Z01,DC-02-Z06,2026-08-10T09:31:00
TSK-000584-2,ORD-000584,DC-02,REPLENISH,RBT-0561,EXECUTING,ASSIGNED,DC-02-Z11,DC-02-Z04,2026-08-10T08:25:00
TSK-000584-3,ORD-000584,DC-02,STAGE,RBT-0572,QUEUED,FAILED,DC-02-Z08,DC-02-Z12,2026-08-10T08:00:00
TSK-000585-1,ORD-000585,DC-08,REPLENISH,RBT-0091,ASSIGNED,COMPLETE,DC-08-Z11,DC-08-Z01,2026-08-27T09:55:00
TSK-000585-2,ORD-000585,DC-08,STAGE,RBT-0172,ASSIGNED,EXECUTING,DC-08-Z07,DC-08-Z12,2026-08-27T08:55:00
TSK-000585-3,ORD-000585,DC-08,PICK,RBT-0033,COMPLETE,QUEUED,DC-08-Z07,DC-08-Z09,2026-08-27T09:32:00
TSK-000586-1,ORD-000586,DC-12,REPLENISH,RBT-0040,ASSIGNED,FAILED,DC-12-Z02,DC-12-Z10,2026-08-14T03:56:00
TSK-000587-1,ORD-000587,DC-15,REPLENISH,RBT-0085,EXECUTING,FAILED,DC-15-Z01,DC-15-Z02,2026-08-16T11:23:00
TSK-000587-2,ORD-000587,DC-15,PACK_FEED,RBT-0164,EXECUTING,COMPLETE,DC-15-Z11,DC-15-Z06,2026-08-16T11:30:00
TSK-000588-1,ORD-000588,DC-08,REPLENISH,RBT-0112,EXECUTING,COMPLETE,DC-08-Z09,DC-08-Z04,2026-08-01T18:08:00
TSK-000589-1,ORD-000589,DC-16,STAGE,RBT-0659,EXECUTING,COMPLETE,DC-16-Z01,DC-16-Z11,2026-08-05T18:16:00
TSK-000589-2,ORD-000589,DC-16,MOVE,RBT-0698,QUEUED,COMPLETE,DC-16-Z05,DC-16-Z08,2026-08-05T17:24:00
TSK-000589-3,ORD-000589,DC-16,PACK_FEED,RBT-0507,BLOCKED,QUEUED,DC-16-Z04,DC-16-Z10,2026-08-05T17:17:00
TSK-000589-4,ORD-000589,DC-16,REPLENISH,RBT-0249,BLOCKED,COMPLETE,DC-16-Z05,DC-16-Z12,2026-08-05T17:54:00
TSK-000590-1,ORD-000590,DC-11,REPLENISH,RBT-0332,QUEUED,EXECUTING,DC-11-Z11,DC-11-Z08,2026-08-30T23:09:00
TSK-000590-2,ORD-000590,DC-11,MOVE,RBT-0068,BLOCKED,COMPLETE,DC-11-Z11,DC-11-Z07,2026-08-30T22:55:00
TSK-000590-3,ORD-000590,DC-11,STAGE,RBT-0131,QUEUED,EXECUTING,DC-11-Z10,DC-11-Z02,2026-08-30T22:20:00
TSK-000590-4,ORD-000590,DC-11,MOVE,RBT-0451,ASSIGNED,ASSIGNED,DC-11-Z09,DC-11-Z09,2026-08-30T22:38:00
TSK-000591-1,ORD-000591,DC-12,MOVE,RBT-0008,ASSIGNED,FAILED,DC-12-Z10,DC-12-Z06,2026-08-09T07:25:00
TSK-000591-2,ORD-000591,DC-12,REPLENISH,RBT-0567,EXECUTING,ASSIGNED,DC-12-Z11,DC-12-Z04,2026-08-09T06:59:00
TSK-000591-3,ORD-000591,DC-12,PACK_FEED,RBT-0102,COMPLETE,QUEUED,DC-12-Z09,DC-12-Z06,2026-08-09T06:08:00
TSK-000592-1,ORD-000592,DC-01,MOVE,RBT-0518,BLOCKED,QUEUED,DC-01-Z11,DC-01-Z12,2026-08-29T13:13:00
TSK-000592-2,ORD-000592,DC-01,PACK_FEED,RBT-0204,BLOCKED,ASSIGNED,DC-01-Z06,DC-01-Z09,2026-08-29T13:10:00
TSK-000593-1,ORD-000593,DC-16,MOVE,RBT-0521,QUEUED,COMPLETE,DC-16-Z05,DC-16-Z07,2026-08-15T04:01:00
TSK-000593-2,ORD-000593,DC-16,PICK,RBT-0348,ASSIGNED,QUEUED,DC-16-Z09,DC-16-Z11,2026-08-15T04:39:00
TSK-000594-1,ORD-000594,DC-02,STAGE,RBT-0562,COMPLETE,QUEUED,DC-02-Z10,DC-02-Z12,2026-08-04T17:23:00
TSK-000594-2,ORD-000594,DC-02,REPLENISH,RBT-0204,BLOCKED,EXECUTING,DC-02-Z01,DC-02-Z06,2026-08-04T16:50:00
TSK-000594-3,ORD-000594,DC-02,PICK,RBT-0357,EXECUTING,EXECUTING,DC-02-Z05,DC-02-Z09,2026-08-04T16:35:00
TSK-000595-1,ORD-000595,DC-06,STAGE,RBT-0605,BLOCKED,QUEUED,DC-06-Z03,DC-06-Z07,2026-08-02T15:16:00
TSK-000595-2,ORD-000595,DC-06,REPLENISH,RBT-0461,QUEUED,COMPLETE,DC-06-Z09,DC-06-Z01,2026-08-02T14:59:00
TSK-000595-3,ORD-000595,DC-06,MOVE,RBT-0498,COMPLETE,FAILED,DC-06-Z12,DC-06-Z06,2026-08-02T16:13:00
TSK-000595-4,ORD-000595,DC-06,MOVE,RBT-0389,QUEUED,EXECUTING,DC-06-Z02,DC-06-Z07,2026-08-02T15:49:00
TSK-000596-1,ORD-000596,DC-17,STAGE,RBT-0031,EXECUTING,FAILED,DC-17-Z09,DC-17-Z01,2026-08-30T10:30:00
TSK-000596-2,ORD-000596,DC-17,MOVE,RBT-0318,QUEUED,FAILED,DC-17-Z04,DC-17-Z03,2026-08-30T09:38:00
TSK-000596-3,ORD-000596,DC-17,REPLENISH,RBT-0334,EXECUTING,FAILED,DC-17-Z05,DC-17-Z03,2026-08-30T11:03:00
TSK-000597-1,ORD-000597,DC-03,PICK,RBT-0107,BLOCKED,COMPLETE,DC-03-Z07,DC-03-Z11,2026-08-03T19:31:00
TSK-000597-2,ORD-000597,DC-03,PACK_FEED,RBT-0547,EXECUTING,COMPLETE,DC-03-Z06,DC-03-Z02,2026-08-03T19:55:00
TSK-000597-3,ORD-000597,DC-03,PICK,RBT-0042,QUEUED,ASSIGNED,DC-03-Z01,DC-03-Z04,2026-08-03T19:22:00
TSK-000597-4,ORD-000597,DC-03,PICK,RBT-0058,ASSIGNED,COMPLETE,DC-03-Z06,DC-03-Z07,2026-08-03T20:22:00
TSK-000598-1,ORD-000598,DC-13,REPLENISH,RBT-0208,COMPLETE,FAILED,DC-13-Z04,DC-13-Z02,2026-08-09T02:56:00
TSK-000599-1,ORD-000599,DC-01,PACK_FEED,RBT-0267,EXECUTING,EXECUTING,DC-01-Z05,DC-01-Z05,2026-08-11T14:40:00
TSK-000599-2,ORD-000599,DC-01,REPLENISH,RBT-0562,COMPLETE,QUEUED,DC-01-Z02,DC-01-Z04,2026-08-11T14:22:00
TSK-000599-3,ORD-000599,DC-01,REPLENISH,RBT-0554,BLOCKED,COMPLETE,DC-01-Z07,DC-01-Z11,2026-08-11T15:40:00
TSK-000600-1,ORD-000600,DC-04,MOVE,RBT-0027,QUEUED,EXECUTING,DC-04-Z06,DC-04-Z07,2026-09-02T19:51:00
TSK-000600-2,ORD-000600,DC-04,REPLENISH,RBT-0572,COMPLETE,FAILED,DC-04-Z09,DC-04-Z12,2026-09-02T20:36:00
TSK-000600-3,ORD-000600,DC-04,PICK,RBT-0081,QUEUED,QUEUED,DC-04-Z10,DC-04-Z03,2026-09-02T20:02:00
TSK-000601-1,ORD-000601,DC-07,REPLENISH,RBT-0696,EXECUTING,ASSIGNED,DC-07-Z03,DC-07-Z10,2026-08-02T06:51:00
TSK-000601-2,ORD-000601,DC-07,MOVE,RBT-0692,ASSIGNED,COMPLETE,DC-07-Z12,DC-07-Z07,2026-08-02T05:10:00
TSK-000601-3,ORD-000601,DC-07,MOVE,RBT-0340,EXECUTING,QUEUED,DC-07-Z09,DC-07-Z06,2026-08-02T05:52:00
TSK-000602-1,ORD-000602,DC-04,REPLENISH,RBT-0506,EXECUTING,COMPLETE,DC-04-Z01,DC-04-Z04,2026-09-04T17:13:00
TSK-000603-1,ORD-000603,DC-17,STAGE,RBT-0045,EXECUTING,EXECUTING,DC-17-Z08,DC-17-Z05,2026-08-23T17:00:00
TSK-000603-2,ORD-000603,DC-17,PICK,RBT-0219,ASSIGNED,COMPLETE,DC-17-Z08,DC-17-Z05,2026-08-23T16:45:00
TSK-000603-3,ORD-000603,DC-17,PICK,RBT-0538,COMPLETE,EXECUTING,DC-17-Z09,DC-17-Z12,2026-08-23T17:22:00
TSK-000604-1,ORD-000604,DC-12,REPLENISH,RBT-0297,COMPLETE,ASSIGNED,DC-12-Z08,DC-12-Z06,2026-08-15T04:13:00
TSK-000604-2,ORD-000604,DC-12,STAGE,RBT-0096,COMPLETE,ASSIGNED,DC-12-Z08,DC-12-Z05,2026-08-15T03:28:00
TSK-000605-1,ORD-000605,DC-08,STAGE,RBT-0475,COMPLETE,QUEUED,DC-08-Z11,DC-08-Z10,2026-08-09T04:47:00
TSK-000605-2,ORD-000605,DC-08,PICK,RBT-0298,BLOCKED,EXECUTING,DC-08-Z07,DC-08-Z08,2026-08-09T05:38:00
TSK-000606-1,ORD-000606,DC-03,STAGE,RBT-0089,COMPLETE,ASSIGNED,DC-03-Z08,DC-03-Z06,2026-09-04T17:59:00
TSK-000607-1,ORD-000607,DC-01,PICK,RBT-0268,EXECUTING,QUEUED,DC-01-Z07,DC-01-Z03,2026-08-13T22:38:00
TSK-000607-2,ORD-000607,DC-01,MOVE,RBT-0395,COMPLETE,COMPLETE,DC-01-Z08,DC-01-Z08,2026-08-14T00:12:00
TSK-000607-3,ORD-000607,DC-01,STAGE,RBT-0326,EXECUTING,FAILED,DC-01-Z02,DC-01-Z12,2026-08-13T22:26:00
TSK-000607-4,ORD-000607,DC-01,REPLENISH,RBT-0488,EXECUTING,EXECUTING,DC-01-Z12,DC-01-Z05,2026-08-13T22:28:00
TSK-000608-1,ORD-000608,DC-11,PICK,RBT-0325,COMPLETE,FAILED,DC-11-Z12,DC-11-Z10,2026-08-21T11:32:00
TSK-000609-1,ORD-000609,DC-09,PICK,RBT-0134,EXECUTING,FAILED,DC-09-Z06,DC-09-Z02,2026-08-13T01:14:00
TSK-000609-2,ORD-000609,DC-09,MOVE,RBT-0061,QUEUED,FAILED,DC-09-Z04,DC-09-Z11,2026-08-13T01:01:00
TSK-000609-3,ORD-000609,DC-09,MOVE,RBT-0224,BLOCKED,ASSIGNED,DC-09-Z05,DC-09-Z07,2026-08-13T00:06:00
TSK-000609-4,ORD-000609,DC-09,REPLENISH,RBT-0654,QUEUED,FAILED,DC-09-Z03,DC-09-Z12,2026-08-12T23:58:00
TSK-000610-1,ORD-000610,DC-07,PICK,RBT-0029,COMPLETE,QUEUED,DC-07-Z05,DC-07-Z08,2026-08-02T16:08:00
TSK-000610-2,ORD-000610,DC-07,PICK,RBT-0355,BLOCKED,EXECUTING,DC-07-Z10,DC-07-Z01,2026-08-02T16:12:00
TSK-000610-3,ORD-000610,DC-07,MOVE,RBT-0143,COMPLETE,FAILED,DC-07-Z10,DC-07-Z11,2026-08-02T15:01:00
TSK-000610-4,ORD-000610,DC-07,PACK_FEED,RBT-0018,ASSIGNED,QUEUED,DC-07-Z09,DC-07-Z11,2026-08-02T14:59:00
TSK-000611-1,ORD-000611,DC-09,MOVE,RBT-0542,BLOCKED,COMPLETE,DC-09-Z09,DC-09-Z12,2026-08-16T20:43:00
TSK-000612-1,ORD-000612,DC-17,PICK,RBT-0520,EXECUTING,EXECUTING,DC-17-Z07,DC-17-Z07,2026-08-25T03:04:00
TSK-000612-2,ORD-000612,DC-17,PICK,RBT-0549,BLOCKED,QUEUED,DC-17-Z01,DC-17-Z05,2026-08-25T03:15:00
TSK-000612-3,ORD-000612,DC-17,PACK_FEED,RBT-0468,QUEUED,COMPLETE,DC-17-Z12,DC-17-Z08,2026-08-25T02:15:00
TSK-000613-1,ORD-000613,DC-08,PACK_FEED,RBT-0301,EXECUTING,EXECUTING,DC-08-Z04,DC-08-Z04,2026-08-07T14:12:00
TSK-000613-2,ORD-000613,DC-08,PACK_FEED,RBT-0365,BLOCKED,COMPLETE,DC-08-Z03,DC-08-Z09,2026-08-07T14:13:00
TSK-000613-3,ORD-000613,DC-08,STAGE,RBT-0334,BLOCKED,EXECUTING,DC-08-Z07,DC-08-Z08,2026-08-07T14:11:00
TSK-000613-4,ORD-000613,DC-08,PICK,RBT-0177,EXECUTING,QUEUED,DC-08-Z09,DC-08-Z04,2026-08-07T14:09:00
TSK-000614-1,ORD-000614,DC-14,STAGE,RBT-0464,QUEUED,FAILED,DC-14-Z10,DC-14-Z02,2026-08-23T17:01:00
TSK-000615-1,ORD-000615,DC-03,STAGE,RBT-0159,BLOCKED,ASSIGNED,DC-03-Z11,DC-03-Z04,2026-08-30T06:55:00
TSK-000615-2,ORD-000615,DC-03,MOVE,RBT-0175,ASSIGNED,FAILED,DC-03-Z09,DC-03-Z06,2026-08-30T05:49:00
TSK-000615-3,ORD-000615,DC-03,PICK,RBT-0515,BLOCKED,FAILED,DC-03-Z04,DC-03-Z08,2026-08-30T06:46:00
TSK-000616-1,ORD-000616,DC-07,PICK,RBT-0462,ASSIGNED,EXECUTING,DC-07-Z02,DC-07-Z03,2026-09-04T16:56:00
TSK-000616-2,ORD-000616,DC-07,PACK_FEED,RBT-0101,BLOCKED,EXECUTING,DC-07-Z03,DC-07-Z05,2026-09-04T17:06:00
TSK-000616-3,ORD-000616,DC-07,PICK,RBT-0040,QUEUED,QUEUED,DC-07-Z07,DC-07-Z05,2026-09-04T17:02:00
TSK-000617-1,ORD-000617,DC-12,PICK,RBT-0390,QUEUED,ASSIGNED,DC-12-Z10,DC-12-Z03,2026-08-03T08:42:00
TSK-000618-1,ORD-000618,DC-08,REPLENISH,RBT-0190,COMPLETE,FAILED,DC-08-Z03,DC-08-Z04,2026-08-08T00:19:00
TSK-000619-1,ORD-000619,DC-09,STAGE,RBT-0155,BLOCKED,ASSIGNED,DC-09-Z09,DC-09-Z08,2026-08-09T16:01:00
TSK-000619-2,ORD-000619,DC-09,PICK,RBT-0065,QUEUED,QUEUED,DC-09-Z08,DC-09-Z12,2026-08-09T15:56:00
TSK-000620-1,ORD-000620,DC-13,PICK,RBT-0691,EXECUTING,FAILED,DC-13-Z07,DC-13-Z01,2026-08-26T09:02:00
TSK-000621-1,ORD-000621,DC-13,REPLENISH,RBT-0303,COMPLETE,QUEUED,DC-13-Z09,DC-13-Z06,2026-08-11T06:38:00
TSK-000621-2,ORD-000621,DC-13,PICK,RBT-0413,QUEUED,EXECUTING,DC-13-Z12,DC-13-Z05,2026-08-11T05:59:00
TSK-000621-3,ORD-000621,DC-13,REPLENISH,RBT-0696,QUEUED,EXECUTING,DC-13-Z04,DC-13-Z04,2026-08-11T06:32:00
TSK-000622-1,ORD-000622,DC-04,REPLENISH,RBT-0666,BLOCKED,QUEUED,DC-04-Z01,DC-04-Z08,2026-08-14T01:30:00
TSK-000623-1,ORD-000623,DC-05,REPLENISH,RBT-0565,ASSIGNED,QUEUED,DC-05-Z02,DC-05-Z12,2026-08-23T15:44:00
TSK-000623-2,ORD-000623,DC-05,MOVE,RBT-0014,BLOCKED,COMPLETE,DC-05-Z01,DC-05-Z06,2026-08-23T14:31:00
TSK-000623-3,ORD-000623,DC-05,PACK_FEED,RBT-0486,EXECUTING,FAILED,DC-05-Z03,DC-05-Z01,2026-08-23T14:40:00
TSK-000624-1,ORD-000624,DC-04,PICK,RBT-0184,QUEUED,ASSIGNED,DC-04-Z11,DC-04-Z02,2026-08-10T22:01:00
TSK-000625-1,ORD-000625,DC-07,PACK_FEED,RBT-0419,COMPLETE,FAILED,DC-07-Z10,DC-07-Z08,2026-08-27T20:39:00
TSK-000625-2,ORD-000625,DC-07,REPLENISH,RBT-0452,BLOCKED,EXECUTING,DC-07-Z08,DC-07-Z05,2026-08-27T20:18:00
TSK-000625-3,ORD-000625,DC-07,PICK,RBT-0438,COMPLETE,COMPLETE,DC-07-Z06,DC-07-Z10,2026-08-27T20:43:00
TSK-000625-4,ORD-000625,DC-07,REPLENISH,RBT-0107,BLOCKED,COMPLETE,DC-07-Z06,DC-07-Z05,2026-08-27T20:46:00
TSK-000626-1,ORD-000626,DC-03,REPLENISH,RBT-0139,EXECUTING,COMPLETE,DC-03-Z02,DC-03-Z12,2026-09-03T19:46:00
TSK-000626-2,ORD-000626,DC-03,PICK,RBT-0347,EXECUTING,QUEUED,DC-03-Z12,DC-03-Z04,2026-09-03T19:54:00
TSK-000626-3,ORD-000626,DC-03,REPLENISH,RBT-0245,BLOCKED,QUEUED,DC-03-Z01,DC-03-Z10,2026-09-03T20:31:00
TSK-000626-4,ORD-000626,DC-03,PICK,RBT-0413,COMPLETE,QUEUED,DC-03-Z09,DC-03-Z06,2026-09-03T20:39:00
TSK-000627-1,ORD-000627,DC-14,REPLENISH,RBT-0027,COMPLETE,EXECUTING,DC-14-Z05,DC-14-Z11,2026-08-09T18:26:00
TSK-000627-2,ORD-000627,DC-14,PACK_FEED,RBT-0693,ASSIGNED,QUEUED,DC-14-Z03,DC-14-Z11,2026-08-09T17:41:00
TSK-000627-3,ORD-000627,DC-14,MOVE,RBT-0464,COMPLETE,ASSIGNED,DC-14-Z04,DC-14-Z08,2026-08-09T18:55:00
TSK-000628-1,ORD-000628,DC-15,REPLENISH,RBT-0086,BLOCKED,ASSIGNED,DC-15-Z08,DC-15-Z03,2026-08-23T20:09:00
TSK-000628-2,ORD-000628,DC-15,REPLENISH,RBT-0621,EXECUTING,QUEUED,DC-15-Z03,DC-15-Z11,2026-08-23T19:42:00
TSK-000628-3,ORD-000628,DC-15,PICK,RBT-0510,EXECUTING,FAILED,DC-15-Z10,DC-15-Z10,2026-08-23T19:07:00
TSK-000629-1,ORD-000629,DC-06,PACK_FEED,RBT-0508,EXECUTING,EXECUTING,DC-06-Z09,DC-06-Z03,2026-08-07T12:06:00
TSK-000630-1,ORD-000630,DC-01,STAGE,RBT-0366,ASSIGNED,FAILED,DC-01-Z07,DC-01-Z05,2026-08-14T02:56:00
TSK-000631-1,ORD-000631,DC-13,MOVE,RBT-0412,BLOCKED,COMPLETE,DC-13-Z02,DC-13-Z02,2026-08-26T19:23:00
TSK-000631-2,ORD-000631,DC-13,STAGE,RBT-0029,BLOCKED,ASSIGNED,DC-13-Z09,DC-13-Z08,2026-08-26T19:24:00
TSK-000632-1,ORD-000632,DC-05,STAGE,RBT-0625,QUEUED,ASSIGNED,DC-05-Z06,DC-05-Z08,2026-09-01T10:07:00
TSK-000632-2,ORD-000632,DC-05,STAGE,RBT-0347,COMPLETE,FAILED,DC-05-Z10,DC-05-Z12,2026-09-01T08:24:00
TSK-000633-1,ORD-000633,DC-10,STAGE,RBT-0245,QUEUED,COMPLETE,DC-10-Z04,DC-10-Z01,2026-08-20T17:43:00
TSK-000633-2,ORD-000633,DC-10,REPLENISH,RBT-0220,EXECUTING,QUEUED,DC-10-Z10,DC-10-Z11,2026-08-20T17:02:00
TSK-000634-1,ORD-000634,DC-07,PACK_FEED,RBT-0444,COMPLETE,ASSIGNED,DC-07-Z05,DC-07-Z08,2026-08-25T07:56:00
TSK-000634-2,ORD-000634,DC-07,STAGE,RBT-0632,COMPLETE,QUEUED,DC-07-Z05,DC-07-Z11,2026-08-25T08:30:00
TSK-000634-3,ORD-000634,DC-07,REPLENISH,RBT-0418,COMPLETE,QUEUED,DC-07-Z06,DC-07-Z09,2026-08-25T08:16:00
TSK-000634-4,ORD-000634,DC-07,MOVE,RBT-0539,BLOCKED,FAILED,DC-07-Z01,DC-07-Z12,2026-08-25T08:26:00
TSK-000635-1,ORD-000635,DC-11,PICK,RBT-0630,QUEUED,COMPLETE,DC-11-Z03,DC-11-Z03,2026-09-03T05:43:00
TSK-000635-2,ORD-000635,DC-11,PICK,RBT-0598,EXECUTING,ASSIGNED,DC-11-Z07,DC-11-Z04,2026-09-03T05:48:00
TSK-000635-3,ORD-000635,DC-11,STAGE,RBT-0644,QUEUED,COMPLETE,DC-11-Z07,DC-11-Z12,2026-09-03T06:49:00
TSK-000636-1,ORD-000636,DC-08,REPLENISH,RBT-0064,EXECUTING,QUEUED,DC-08-Z07,DC-08-Z12,2026-08-11T03:49:00
TSK-000636-2,ORD-000636,DC-08,REPLENISH,RBT-0269,EXECUTING,QUEUED,DC-08-Z01,DC-08-Z05,2026-08-11T04:07:00
TSK-000637-1,ORD-000637,DC-12,PICK,RBT-0339,BLOCKED,ASSIGNED,DC-12-Z10,DC-12-Z06,2026-08-16T13:12:00
TSK-000637-2,ORD-000637,DC-12,REPLENISH,RBT-0432,QUEUED,QUEUED,DC-12-Z06,DC-12-Z12,2026-08-16T12:52:00
TSK-000637-3,ORD-000637,DC-12,PACK_FEED,RBT-0382,COMPLETE,FAILED,DC-12-Z06,DC-12-Z05,2026-08-16T13:42:00
TSK-000637-4,ORD-000637,DC-12,PICK,RBT-0060,ASSIGNED,ASSIGNED,DC-12-Z05,DC-12-Z03,2026-08-16T13:20:00
TSK-000638-1,ORD-000638,DC-10,REPLENISH,RBT-0122,ASSIGNED,COMPLETE,DC-10-Z07,DC-10-Z12,2026-08-21T00:45:00
TSK-000638-2,ORD-000638,DC-10,PICK,RBT-0481,QUEUED,COMPLETE,DC-10-Z10,DC-10-Z08,2026-08-21T02:04:00
TSK-000638-3,ORD-000638,DC-10,REPLENISH,RBT-0530,EXECUTING,COMPLETE,DC-10-Z02,DC-10-Z02,2026-08-21T00:36:00
TSK-000639-1,ORD-000639,DC-18,REPLENISH,RBT-0145,ASSIGNED,ASSIGNED,DC-18-Z10,DC-18-Z05,2026-08-14T22:42:00
TSK-000639-2,ORD-000639,DC-18,PICK,RBT-0185,BLOCKED,ASSIGNED,DC-18-Z10,DC-18-Z01,2026-08-14T22:00:00
TSK-000639-3,ORD-000639,DC-18,REPLENISH,RBT-0335,COMPLETE,ASSIGNED,DC-18-Z09,DC-18-Z11,2026-08-14T22:15:00
TSK-000639-4,ORD-000639,DC-18,PICK,RBT-0612,QUEUED,EXECUTING,DC-18-Z06,DC-18-Z09,2026-08-14T21:45:00
TSK-000640-1,ORD-000640,DC-02,STAGE,RBT-0679,EXECUTING,QUEUED,DC-02-Z09,DC-02-Z02,2026-08-10T23:00:00
TSK-000640-2,ORD-000640,DC-02,PICK,RBT-0130,QUEUED,COMPLETE,DC-02-Z08,DC-02-Z05,2026-08-10T22:16:00
TSK-000640-3,ORD-000640,DC-02,MOVE,RBT-0417,BLOCKED,COMPLETE,DC-02-Z11,DC-02-Z06,2026-08-10T23:04:00
TSK-000641-1,ORD-000641,DC-17,PACK_FEED,RBT-0161,COMPLETE,EXECUTING,DC-17-Z07,DC-17-Z01,2026-09-02T23:29:00
TSK-000641-2,ORD-000641,DC-17,REPLENISH,RBT-0273,EXECUTING,ASSIGNED,DC-17-Z10,DC-17-Z12,2026-09-02T22:34:00
TSK-000642-1,ORD-000642,DC-13,REPLENISH,RBT-0010,ASSIGNED,FAILED,DC-13-Z08,DC-13-Z01,2026-08-02T04:53:00
TSK-000642-2,ORD-000642,DC-13,REPLENISH,RBT-0455,QUEUED,ASSIGNED,DC-13-Z07,DC-13-Z06,2026-08-02T04:17:00
TSK-000642-3,ORD-000642,DC-13,PICK,RBT-0380,ASSIGNED,ASSIGNED,DC-13-Z11,DC-13-Z04,2026-08-02T04:47:00
TSK-000642-4,ORD-000642,DC-13,PACK_FEED,RBT-0622,BLOCKED,ASSIGNED,DC-13-Z03,DC-13-Z04,2026-08-02T03:42:00
TSK-000643-1,ORD-000643,DC-07,STAGE,RBT-0346,COMPLETE,ASSIGNED,DC-07-Z05,DC-07-Z05,2026-08-12T19:11:00
TSK-000643-2,ORD-000643,DC-07,PACK_FEED,RBT-0234,BLOCKED,ASSIGNED,DC-07-Z12,DC-07-Z06,2026-08-12T20:08:00
TSK-000644-1,ORD-000644,DC-07,REPLENISH,RBT-0692,BLOCKED,COMPLETE,DC-07-Z02,DC-07-Z11,2026-08-16T22:00:00
TSK-000644-2,ORD-000644,DC-07,REPLENISH,RBT-0072,BLOCKED,QUEUED,DC-07-Z09,DC-07-Z02,2026-08-16T23:35:00
TSK-000645-1,ORD-000645,DC-11,PACK_FEED,RBT-0461,QUEUED,FAILED,DC-11-Z05,DC-11-Z10,2026-08-19T16:52:00
TSK-000646-1,ORD-000646,DC-16,MOVE,RBT-0126,EXECUTING,EXECUTING,DC-16-Z03,DC-16-Z11,2026-08-07T01:48:00
TSK-000646-2,ORD-000646,DC-16,MOVE,RBT-0082,BLOCKED,ASSIGNED,DC-16-Z02,DC-16-Z11,2026-08-07T01:04:00
TSK-000647-1,ORD-000647,DC-12,PACK_FEED,RBT-0445,ASSIGNED,FAILED,DC-12-Z05,DC-12-Z08,2026-08-11T02:57:00
TSK-000647-2,ORD-000647,DC-12,REPLENISH,RBT-0417,EXECUTING,ASSIGNED,DC-12-Z05,DC-12-Z11,2026-08-11T03:26:00
TSK-000648-1,ORD-000648,DC-07,MOVE,RBT-0351,ASSIGNED,EXECUTING,DC-07-Z05,DC-07-Z03,2026-08-05T02:05:00
TSK-000648-2,ORD-000648,DC-07,REPLENISH,RBT-0258,BLOCKED,ASSIGNED,DC-07-Z12,DC-07-Z10,2026-08-05T03:30:00
TSK-000649-1,ORD-000649,DC-16,PICK,RBT-0465,ASSIGNED,ASSIGNED,DC-16-Z12,DC-16-Z11,2026-08-10T05:47:00
TSK-000649-2,ORD-000649,DC-16,MOVE,RBT-0199,COMPLETE,EXECUTING,DC-16-Z01,DC-16-Z07,2026-08-10T06:35:00
TSK-000650-1,ORD-000650,DC-07,PICK,RBT-0596,ASSIGNED,EXECUTING,DC-07-Z11,DC-07-Z11,2026-08-20T06:46:00
TSK-000651-1,ORD-000651,DC-17,STAGE,RBT-0091,EXECUTING,ASSIGNED,DC-17-Z02,DC-17-Z10,2026-08-21T19:16:00
TSK-000651-2,ORD-000651,DC-17,REPLENISH,RBT-0003,EXECUTING,ASSIGNED,DC-17-Z04,DC-17-Z03,2026-08-21T20:10:00
TSK-000652-1,ORD-000652,DC-03,STAGE,RBT-0140,COMPLETE,EXECUTING,DC-03-Z03,DC-03-Z03,2026-08-19T03:02:00
TSK-000652-2,ORD-000652,DC-03,STAGE,RBT-0073,COMPLETE,QUEUED,DC-03-Z03,DC-03-Z07,2026-08-19T03:32:00
TSK-000652-3,ORD-000652,DC-03,REPLENISH,RBT-0393,EXECUTING,FAILED,DC-03-Z07,DC-03-Z01,2026-08-19T04:18:00
TSK-000653-1,ORD-000653,DC-02,MOVE,RBT-0374,BLOCKED,EXECUTING,DC-02-Z02,DC-02-Z03,2026-08-07T20:50:00
TSK-000653-2,ORD-000653,DC-02,PACK_FEED,RBT-0663,BLOCKED,ASSIGNED,DC-02-Z10,DC-02-Z10,2026-08-07T20:35:00
TSK-000654-1,ORD-000654,DC-09,STAGE,RBT-0706,QUEUED,COMPLETE,DC-09-Z08,DC-09-Z09,2026-09-02T21:39:00
TSK-000654-2,ORD-000654,DC-09,REPLENISH,RBT-0151,ASSIGNED,QUEUED,DC-09-Z12,DC-09-Z07,2026-09-02T20:09:00
TSK-000654-3,ORD-000654,DC-09,PICK,RBT-0156,EXECUTING,ASSIGNED,DC-09-Z07,DC-09-Z12,2026-09-02T19:51:00
TSK-000654-4,ORD-000654,DC-09,STAGE,RBT-0414,QUEUED,FAILED,DC-09-Z09,DC-09-Z07,2026-09-02T20:30:00
TSK-000655-1,ORD-000655,DC-07,REPLENISH,RBT-0289,EXECUTING,FAILED,DC-07-Z02,DC-07-Z03,2026-08-25T13:29:00
TSK-000655-2,ORD-000655,DC-07,MOVE,RBT-0712,QUEUED,EXECUTING,DC-07-Z03,DC-07-Z12,2026-08-25T14:55:00
TSK-000656-1,ORD-000656,DC-15,REPLENISH,RBT-0508,BLOCKED,ASSIGNED,DC-15-Z03,DC-15-Z02,2026-08-21T15:30:00
TSK-000656-2,ORD-000656,DC-15,REPLENISH,RBT-0265,BLOCKED,ASSIGNED,DC-15-Z06,DC-15-Z04,2026-08-21T15:41:00
TSK-000657-1,ORD-000657,DC-03,MOVE,RBT-0049,COMPLETE,QUEUED,DC-03-Z12,DC-03-Z06,2026-08-14T13:41:00
TSK-000658-1,ORD-000658,DC-15,REPLENISH,RBT-0332,COMPLETE,QUEUED,DC-15-Z06,DC-15-Z03,2026-08-16T17:52:00
TSK-000658-2,ORD-000658,DC-15,PICK,RBT-0550,QUEUED,COMPLETE,DC-15-Z01,DC-15-Z02,2026-08-16T17:32:00
TSK-000658-3,ORD-000658,DC-15,PACK_FEED,RBT-0003,QUEUED,COMPLETE,DC-15-Z08,DC-15-Z03,2026-08-16T18:26:00
TSK-000658-4,ORD-000658,DC-15,STAGE,RBT-0527,EXECUTING,EXECUTING,DC-15-Z04,DC-15-Z11,2026-08-16T18:00:00
TSK-000659-1,ORD-000659,DC-10,MOVE,RBT-0008,ASSIGNED,ASSIGNED,DC-10-Z10,DC-10-Z09,2026-08-19T15:17:00
TSK-000659-2,ORD-000659,DC-10,PICK,RBT-0451,COMPLETE,FAILED,DC-10-Z04,DC-10-Z04,2026-08-19T14:25:00
TSK-000659-3,ORD-000659,DC-10,STAGE,RBT-0620,ASSIGNED,ASSIGNED,DC-10-Z02,DC-10-Z12,2026-08-19T16:06:00
TSK-000660-1,ORD-000660,DC-02,STAGE,RBT-0331,COMPLETE,FAILED,DC-02-Z01,DC-02-Z11,2026-08-30T14:54:00
TSK-000661-1,ORD-000661,DC-14,REPLENISH,RBT-0663,BLOCKED,EXECUTING,DC-14-Z02,DC-14-Z07,2026-08-26T19:56:00
TSK-000661-2,ORD-000661,DC-14,STAGE,RBT-0595,QUEUED,EXECUTING,DC-14-Z01,DC-14-Z10,2026-08-26T19:33:00
TSK-000661-3,ORD-000661,DC-14,PACK_FEED,RBT-0493,BLOCKED,ASSIGNED,DC-14-Z03,DC-14-Z05,2026-08-26T20:39:00
TSK-000662-1,ORD-000662,DC-14,MOVE,RBT-0249,ASSIGNED,ASSIGNED,DC-14-Z01,DC-14-Z07,2026-08-09T16:32:00
TSK-000662-2,ORD-000662,DC-14,PICK,RBT-0334,QUEUED,FAILED,DC-14-Z11,DC-14-Z11,2026-08-09T16:38:00
TSK-000663-1,ORD-000663,DC-06,REPLENISH,RBT-0615,ASSIGNED,FAILED,DC-06-Z03,DC-06-Z07,2026-08-26T03:35:00
TSK-000664-1,ORD-000664,DC-16,STAGE,RBT-0280,COMPLETE,FAILED,DC-16-Z11,DC-16-Z06,2026-08-12T06:10:00
TSK-000664-2,ORD-000664,DC-16,PACK_FEED,RBT-0507,COMPLETE,QUEUED,DC-16-Z01,DC-16-Z01,2026-08-12T04:49:00
TSK-000665-1,ORD-000665,DC-11,PICK,RBT-0111,EXECUTING,FAILED,DC-11-Z04,DC-11-Z03,2026-09-01T19:35:00
TSK-000665-2,ORD-000665,DC-11,REPLENISH,RBT-0269,QUEUED,COMPLETE,DC-11-Z07,DC-11-Z07,2026-09-01T19:19:00
TSK-000666-1,ORD-000666,DC-16,MOVE,RBT-0513,EXECUTING,FAILED,DC-16-Z03,DC-16-Z11,2026-08-16T09:58:00
TSK-000666-2,ORD-000666,DC-16,REPLENISH,RBT-0236,BLOCKED,FAILED,DC-16-Z12,DC-16-Z04,2026-08-16T09:07:00
TSK-000666-3,ORD-000666,DC-16,PICK,RBT-0657,COMPLETE,ASSIGNED,DC-16-Z09,DC-16-Z11,2026-08-16T08:34:00
TSK-000666-4,ORD-000666,DC-16,PACK_FEED,RBT-0081,QUEUED,COMPLETE,DC-16-Z05,DC-16-Z11,2026-08-16T08:41:00
TSK-000667-1,ORD-000667,DC-03,MOVE,RBT-0683,EXECUTING,ASSIGNED,DC-03-Z06,DC-03-Z11,2026-09-01T04:15:00
TSK-000667-2,ORD-000667,DC-03,MOVE,RBT-0619,QUEUED,FAILED,DC-03-Z09,DC-03-Z04,2026-09-01T02:40:00
TSK-000668-1,ORD-000668,DC-07,MOVE,RBT-0625,BLOCKED,QUEUED,DC-07-Z04,DC-07-Z12,2026-08-03T08:21:00
TSK-000668-2,ORD-000668,DC-07,PICK,RBT-0152,ASSIGNED,ASSIGNED,DC-07-Z11,DC-07-Z02,2026-08-03T08:00:00
TSK-000669-1,ORD-000669,DC-09,PICK,RBT-0258,QUEUED,QUEUED,DC-09-Z09,DC-09-Z08,2026-08-22T07:55:00
TSK-000669-2,ORD-000669,DC-09,MOVE,RBT-0005,BLOCKED,FAILED,DC-09-Z02,DC-09-Z02,2026-08-22T08:48:00
TSK-000669-3,ORD-000669,DC-09,STAGE,RBT-0633,COMPLETE,ASSIGNED,DC-09-Z04,DC-09-Z02,2026-08-22T08:12:00
TSK-000670-1,ORD-000670,DC-09,STAGE,RBT-0097,QUEUED,COMPLETE,DC-09-Z01,DC-09-Z10,2026-09-03T21:02:00
TSK-000670-2,ORD-000670,DC-09,PACK_FEED,RBT-0008,EXECUTING,COMPLETE,DC-09-Z09,DC-09-Z08,2026-09-03T21:38:00
TSK-000670-3,ORD-000670,DC-09,REPLENISH,RBT-0364,BLOCKED,ASSIGNED,DC-09-Z04,DC-09-Z05,2026-09-03T20:43:00
TSK-000670-4,ORD-000670,DC-09,PACK_FEED,RBT-0166,COMPLETE,EXECUTING,DC-09-Z02,DC-09-Z05,2026-09-03T20:47:00
TSK-000671-1,ORD-000671,DC-03,STAGE,RBT-0438,QUEUED,COMPLETE,DC-03-Z12,DC-03-Z02,2026-08-12T05:44:00
TSK-000671-2,ORD-000671,DC-03,PACK_FEED,RBT-0362,COMPLETE,QUEUED,DC-03-Z06,DC-03-Z04,2026-08-12T07:13:00
TSK-000672-1,ORD-000672,DC-07,PICK,RBT-0556,COMPLETE,EXECUTING,DC-07-Z04,DC-07-Z01,2026-08-27T17:00:00
TSK-000672-2,ORD-000672,DC-07,STAGE,RBT-0439,ASSIGNED,ASSIGNED,DC-07-Z12,DC-07-Z02,2026-08-27T16:16:00
TSK-000672-3,ORD-000672,DC-07,PICK,RBT-0280,COMPLETE,COMPLETE,DC-07-Z10,DC-07-Z07,2026-08-27T16:25:00
TSK-000673-1,ORD-000673,DC-07,STAGE,RBT-0627,QUEUED,ASSIGNED,DC-07-Z07,DC-07-Z06,2026-08-31T12:31:00
TSK-000673-2,ORD-000673,DC-07,PICK,RBT-0683,COMPLETE,EXECUTING,DC-07-Z12,DC-07-Z11,2026-08-31T13:37:00
TSK-000673-3,ORD-000673,DC-07,MOVE,RBT-0160,BLOCKED,FAILED,DC-07-Z02,DC-07-Z09,2026-08-31T12:37:00
TSK-000674-1,ORD-000674,DC-13,STAGE,RBT-0394,BLOCKED,QUEUED,DC-13-Z03,DC-13-Z11,2026-08-19T07:58:00
TSK-000674-2,ORD-000674,DC-13,MOVE,RBT-0612,QUEUED,QUEUED,DC-13-Z08,DC-13-Z03,2026-08-19T08:44:00
TSK-000674-3,ORD-000674,DC-13,REPLENISH,RBT-0367,EXECUTING,EXECUTING,DC-13-Z08,DC-13-Z11,2026-08-19T09:06:00
TSK-000675-1,ORD-000675,DC-16,REPLENISH,RBT-0257,COMPLETE,FAILED,DC-16-Z06,DC-16-Z04,2026-08-18T07:59:00
TSK-000676-1,ORD-000676,DC-17,REPLENISH,RBT-0363,EXECUTING,COMPLETE,DC-17-Z09,DC-17-Z04,2026-08-08T07:20:00
TSK-000676-2,ORD-000676,DC-17,REPLENISH,RBT-0524,ASSIGNED,EXECUTING,DC-17-Z06,DC-17-Z06,2026-08-08T06:54:00
TSK-000676-3,ORD-000676,DC-17,REPLENISH,RBT-0311,COMPLETE,EXECUTING,DC-17-Z03,DC-17-Z05,2026-08-08T07:19:00
TSK-000676-4,ORD-000676,DC-17,REPLENISH,RBT-0662,ASSIGNED,EXECUTING,DC-17-Z09,DC-17-Z01,2026-08-08T07:52:00
TSK-000677-1,ORD-000677,DC-16,PICK,RBT-0119,QUEUED,ASSIGNED,DC-16-Z01,DC-16-Z07,2026-09-05T04:49:00
TSK-000677-2,ORD-000677,DC-16,PICK,RBT-0238,EXECUTING,EXECUTING,DC-16-Z02,DC-16-Z12,2026-09-05T05:11:00
TSK-000677-3,ORD-000677,DC-16,PICK,RBT-0556,BLOCKED,FAILED,DC-16-Z08,DC-16-Z01,2026-09-05T03:48:00
TSK-000678-1,ORD-000678,DC-04,MOVE,RBT-0310,EXECUTING,EXECUTING,DC-04-Z01,DC-04-Z03,2026-08-14T21:18:00
TSK-000678-2,ORD-000678,DC-04,STAGE,RBT-0374,BLOCKED,ASSIGNED,DC-04-Z04,DC-04-Z02,2026-08-14T19:43:00
TSK-000679-1,ORD-000679,DC-15,STAGE,RBT-0631,BLOCKED,FAILED,DC-15-Z10,DC-15-Z06,2026-08-31T18:20:00
TSK-000680-1,ORD-000680,DC-04,MOVE,RBT-0021,COMPLETE,ASSIGNED,DC-04-Z06,DC-04-Z06,2026-08-18T03:05:00
TSK-000680-2,ORD-000680,DC-04,REPLENISH,RBT-0116,COMPLETE,FAILED,DC-04-Z12,DC-04-Z09,2026-08-18T02:56:00
TSK-000680-3,ORD-000680,DC-04,PICK,RBT-0108,QUEUED,EXECUTING,DC-04-Z12,DC-04-Z10,2026-08-18T04:10:00
TSK-000681-1,ORD-000681,DC-11,PICK,RBT-0228,EXECUTING,ASSIGNED,DC-11-Z12,DC-11-Z07,2026-08-22T15:44:00
TSK-000681-2,ORD-000681,DC-11,PICK,RBT-0256,BLOCKED,FAILED,DC-11-Z06,DC-11-Z07,2026-08-22T15:45:00
TSK-000681-3,ORD-000681,DC-11,MOVE,RBT-0700,COMPLETE,ASSIGNED,DC-11-Z01,DC-11-Z10,2026-08-22T14:00:00
TSK-000682-1,ORD-000682,DC-11,PICK,RBT-0673,QUEUED,EXECUTING,DC-11-Z10,DC-11-Z07,2026-08-08T15:05:00
TSK-000682-2,ORD-000682,DC-11,REPLENISH,RBT-0100,COMPLETE,FAILED,DC-11-Z02,DC-11-Z08,2026-08-08T13:54:00
TSK-000682-3,ORD-000682,DC-11,PICK,RBT-0040,ASSIGNED,FAILED,DC-11-Z02,DC-11-Z11,2026-08-08T15:01:00
TSK-000683-1,ORD-000683,DC-15,MOVE,RBT-0355,ASSIGNED,COMPLETE,DC-15-Z10,DC-15-Z12,2026-08-27T06:30:00
TSK-000683-2,ORD-000683,DC-15,PICK,RBT-0128,EXECUTING,COMPLETE,DC-15-Z12,DC-15-Z06,2026-08-27T06:07:00
TSK-000683-3,ORD-000683,DC-15,PACK_FEED,RBT-0706,BLOCKED,FAILED,DC-15-Z01,DC-15-Z02,2026-08-27T06:29:00
TSK-000684-1,ORD-000684,DC-07,REPLENISH,RBT-0266,ASSIGNED,EXECUTING,DC-07-Z10,DC-07-Z11,2026-08-10T13:36:00
TSK-000685-1,ORD-000685,DC-18,REPLENISH,RBT-0171,COMPLETE,ASSIGNED,DC-18-Z03,DC-18-Z01,2026-08-08T02:52:00
TSK-000686-1,ORD-000686,DC-14,PACK_FEED,RBT-0292,COMPLETE,COMPLETE,DC-14-Z08,DC-14-Z11,2026-09-01T13:45:00
TSK-000687-1,ORD-000687,DC-04,PICK,RBT-0371,BLOCKED,EXECUTING,DC-04-Z03,DC-04-Z12,2026-08-10T21:04:00
TSK-000688-1,ORD-000688,DC-12,PACK_FEED,RBT-0207,ASSIGNED,ASSIGNED,DC-12-Z05,DC-12-Z12,2026-08-09T06:47:00
TSK-000688-2,ORD-000688,DC-12,PICK,RBT-0497,COMPLETE,COMPLETE,DC-12-Z01,DC-12-Z12,2026-08-09T05:12:00
TSK-000689-1,ORD-000689,DC-13,PACK_FEED,RBT-0586,BLOCKED,EXECUTING,DC-13-Z09,DC-13-Z05,2026-08-11T05:38:00
TSK-000689-2,ORD-000689,DC-13,MOVE,RBT-0003,QUEUED,COMPLETE,DC-13-Z12,DC-13-Z05,2026-08-11T07:01:00
TSK-000690-1,ORD-000690,DC-17,REPLENISH,RBT-0689,COMPLETE,COMPLETE,DC-17-Z12,DC-17-Z01,2026-08-21T10:42:00
TSK-000690-2,ORD-000690,DC-17,REPLENISH,RBT-0193,ASSIGNED,EXECUTING,DC-17-Z10,DC-17-Z09,2026-08-21T11:03:00
TSK-000690-3,ORD-000690,DC-17,PACK_FEED,RBT-0471,BLOCKED,ASSIGNED,DC-17-Z07,DC-17-Z05,2026-08-21T10:56:00
TSK-000690-4,ORD-000690,DC-17,MOVE,RBT-0013,ASSIGNED,QUEUED,DC-17-Z06,DC-17-Z04,2026-08-21T10:28:00
TSK-000691-1,ORD-000691,DC-14,PACK_FEED,RBT-0390,QUEUED,EXECUTING,DC-14-Z07,DC-14-Z11,2026-08-13T19:38:00
TSK-000692-1,ORD-000692,DC-03,MOVE,RBT-0595,ASSIGNED,ASSIGNED,DC-03-Z07,DC-03-Z11,2026-08-26T17:49:00
TSK-000693-1,ORD-000693,DC-13,STAGE,RBT-0621,EXECUTING,QUEUED,DC-13-Z12,DC-13-Z03,2026-08-26T17:54:00
TSK-000693-2,ORD-000693,DC-13,PICK,RBT-0628,ASSIGNED,ASSIGNED,DC-13-Z10,DC-13-Z01,2026-08-26T18:45:00
TSK-000694-1,ORD-000694,DC-09,REPLENISH,RBT-0448,BLOCKED,ASSIGNED,DC-09-Z09,DC-09-Z12,2026-08-31T07:19:00
TSK-000694-2,ORD-000694,DC-09,REPLENISH,RBT-0518,COMPLETE,COMPLETE,DC-09-Z09,DC-09-Z12,2026-08-31T06:55:00
TSK-000694-3,ORD-000694,DC-09,REPLENISH,RBT-0154,COMPLETE,FAILED,DC-09-Z02,DC-09-Z04,2026-08-31T05:58:00
TSK-000694-4,ORD-000694,DC-09,REPLENISH,RBT-0455,BLOCKED,QUEUED,DC-09-Z08,DC-09-Z12,2026-08-31T05:48:00
TSK-000695-1,ORD-000695,DC-11,MOVE,RBT-0503,QUEUED,QUEUED,DC-11-Z01,DC-11-Z11,2026-08-02T09:27:00
TSK-000695-2,ORD-000695,DC-11,STAGE,RBT-0165,ASSIGNED,FAILED,DC-11-Z04,DC-11-Z01,2026-08-02T09:25:00
TSK-000695-3,ORD-000695,DC-11,PACK_FEED,RBT-0409,ASSIGNED,COMPLETE,DC-11-Z03,DC-11-Z11,2026-08-02T07:46:00
TSK-000695-4,ORD-000695,DC-11,PICK,RBT-0212,ASSIGNED,EXECUTING,DC-11-Z07,DC-11-Z11,2026-08-02T08:54:00
TSK-000696-1,ORD-000696,DC-10,PICK,RBT-0498,EXECUTING,EXECUTING,DC-10-Z06,DC-10-Z04,2026-08-26T20:10:00
TSK-000696-2,ORD-000696,DC-10,STAGE,RBT-0064,ASSIGNED,COMPLETE,DC-10-Z04,DC-10-Z01,2026-08-26T19:47:00
TSK-000696-3,ORD-000696,DC-10,REPLENISH,RBT-0194,ASSIGNED,COMPLETE,DC-10-Z02,DC-10-Z12,2026-08-26T20:15:00
TSK-000696-4,ORD-000696,DC-10,REPLENISH,RBT-0058,EXECUTING,EXECUTING,DC-10-Z02,DC-10-Z06,2026-08-26T18:53:00
TSK-000697-1,ORD-000697,DC-07,STAGE,RBT-0295,QUEUED,FAILED,DC-07-Z12,DC-07-Z11,2026-08-28T20:24:00
TSK-000697-2,ORD-000697,DC-07,MOVE,RBT-0581,ASSIGNED,QUEUED,DC-07-Z06,DC-07-Z02,2026-08-28T19:37:00
TSK-000697-3,ORD-000697,DC-07,REPLENISH,RBT-0131,COMPLETE,ASSIGNED,DC-07-Z06,DC-07-Z02,2026-08-28T20:09:00
TSK-000698-1,ORD-000698,DC-04,PACK_FEED,RBT-0057,EXECUTING,FAILED,DC-04-Z03,DC-04-Z04,2026-08-14T10:51:00
TSK-000698-2,ORD-000698,DC-04,MOVE,RBT-0244,EXECUTING,ASSIGNED,DC-04-Z07,DC-04-Z12,2026-08-14T10:22:00
TSK-000698-3,ORD-000698,DC-04,REPLENISH,RBT-0388,BLOCKED,EXECUTING,DC-04-Z03,DC-04-Z01,2026-08-14T10:39:00
TSK-000698-4,ORD-000698,DC-04,PICK,RBT-0617,COMPLETE,EXECUTING,DC-04-Z12,DC-04-Z03,2026-08-14T10:10:00
TSK-000699-1,ORD-000699,DC-12,MOVE,RBT-0178,COMPLETE,ASSIGNED,DC-12-Z04,DC-12-Z05,2026-08-09T16:23:00
TSK-000700-1,ORD-000700,DC-11,PICK,RBT-0242,ASSIGNED,FAILED,DC-11-Z02,DC-11-Z07,2026-08-02T00:33:00
TSK-000700-2,ORD-000700,DC-11,REPLENISH,RBT-0396,QUEUED,ASSIGNED,DC-11-Z12,DC-11-Z02,2026-08-02T00:43:00
TSK-000701-1,ORD-000701,DC-11,STAGE,RBT-0286,COMPLETE,QUEUED,DC-11-Z09,DC-11-Z11,2026-08-17T09:38:00
TSK-000701-2,ORD-000701,DC-11,STAGE,RBT-0101,BLOCKED,EXECUTING,DC-11-Z01,DC-11-Z11,2026-08-17T10:27:00
TSK-000702-1,ORD-000702,DC-04,MOVE,RBT-0088,EXECUTING,QUEUED,DC-04-Z11,DC-04-Z03,2026-08-25T22:00:00
TSK-000702-2,ORD-000702,DC-04,STAGE,RBT-0224,QUEUED,FAILED,DC-04-Z11,DC-04-Z12,2026-08-25T21:31:00
TSK-000702-3,ORD-000702,DC-04,REPLENISH,RBT-0390,COMPLETE,FAILED,DC-04-Z03,DC-04-Z05,2026-08-25T21:16:00
TSK-000702-4,ORD-000702,DC-04,REPLENISH,RBT-0467,COMPLETE,QUEUED,DC-04-Z04,DC-04-Z11,2026-08-25T21:29:00
TSK-000703-1,ORD-000703,DC-17,MOVE,RBT-0261,ASSIGNED,COMPLETE,DC-17-Z04,DC-17-Z03,2026-09-04T11:26:00
TSK-000704-1,ORD-000704,DC-14,MOVE,RBT-0705,BLOCKED,ASSIGNED,DC-14-Z11,DC-14-Z12,2026-08-11T00:19:00
TSK-000704-2,ORD-000704,DC-14,MOVE,RBT-0207,EXECUTING,FAILED,DC-14-Z03,DC-14-Z08,2026-08-10T23:51:00
TSK-000704-3,ORD-000704,DC-14,MOVE,RBT-0102,ASSIGNED,EXECUTING,DC-14-Z05,DC-14-Z05,2026-08-10T23:16:00
TSK-000704-4,ORD-000704,DC-14,REPLENISH,RBT-0006,ASSIGNED,QUEUED,DC-14-Z03,DC-14-Z03,2026-08-11T00:46:00
TSK-000705-1,ORD-000705,DC-11,STAGE,RBT-0108,EXECUTING,QUEUED,DC-11-Z11,DC-11-Z09,2026-08-31T19:01:00
TSK-000705-2,ORD-000705,DC-11,PICK,RBT-0255,ASSIGNED,FAILED,DC-11-Z11,DC-11-Z02,2026-08-31T19:53:00
TSK-000705-3,ORD-000705,DC-11,PACK_FEED,RBT-0534,BLOCKED,QUEUED,DC-11-Z06,DC-11-Z12,2026-08-31T19:13:00
TSK-000706-1,ORD-000706,DC-02,PICK,RBT-0427,COMPLETE,FAILED,DC-02-Z04,DC-02-Z01,2026-08-28T07:42:00
TSK-000706-2,ORD-000706,DC-02,MOVE,RBT-0685,ASSIGNED,FAILED,DC-02-Z02,DC-02-Z02,2026-08-28T09:17:00
TSK-000707-1,ORD-000707,DC-03,STAGE,RBT-0397,BLOCKED,QUEUED,DC-03-Z06,DC-03-Z10,2026-09-02T12:17:00
TSK-000707-2,ORD-000707,DC-03,PACK_FEED,RBT-0423,ASSIGNED,QUEUED,DC-03-Z11,DC-03-Z04,2026-09-02T10:55:00
TSK-000707-3,ORD-000707,DC-03,PICK,RBT-0555,QUEUED,COMPLETE,DC-03-Z08,DC-03-Z08,2026-09-02T12:16:00
TSK-000707-4,ORD-000707,DC-03,PACK_FEED,RBT-0649,COMPLETE,EXECUTING,DC-03-Z03,DC-03-Z02,2026-09-02T12:22:00
TSK-000708-1,ORD-000708,DC-18,PICK,RBT-0517,EXECUTING,FAILED,DC-18-Z12,DC-18-Z08,2026-08-19T11:59:00
TSK-000708-2,ORD-000708,DC-18,STAGE,RBT-0073,COMPLETE,QUEUED,DC-18-Z06,DC-18-Z09,2026-08-19T12:54:00
TSK-000709-1,ORD-000709,DC-08,MOVE,RBT-0684,BLOCKED,COMPLETE,DC-08-Z10,DC-08-Z12,2026-08-18T12:46:00
TSK-000709-2,ORD-000709,DC-08,PICK,RBT-0023,QUEUED,QUEUED,DC-08-Z09,DC-08-Z10,2026-08-18T13:09:00
TSK-000709-3,ORD-000709,DC-08,STAGE,RBT-0671,EXECUTING,FAILED,DC-08-Z04,DC-08-Z05,2026-08-18T13:21:00
TSK-000710-1,ORD-000710,DC-04,PACK_FEED,RBT-0650,QUEUED,COMPLETE,DC-04-Z10,DC-04-Z05,2026-08-16T16:06:00
TSK-000710-2,ORD-000710,DC-04,STAGE,RBT-0666,ASSIGNED,COMPLETE,DC-04-Z11,DC-04-Z10,2026-08-16T14:10:00
TSK-000711-1,ORD-000711,DC-07,PICK,RBT-0475,BLOCKED,COMPLETE,DC-07-Z12,DC-07-Z11,2026-08-09T11:16:00
TSK-000711-2,ORD-000711,DC-07,PICK,RBT-0254,BLOCKED,QUEUED,DC-07-Z01,DC-07-Z08,2026-08-09T10:55:00
TSK-000712-1,ORD-000712,DC-03,STAGE,RBT-0103,COMPLETE,ASSIGNED,DC-03-Z03,DC-03-Z11,2026-08-12T09:55:00
TSK-000712-2,ORD-000712,DC-03,MOVE,RBT-0028,QUEUED,COMPLETE,DC-03-Z01,DC-03-Z05,2026-08-12T11:49:00
TSK-000713-1,ORD-000713,DC-14,STAGE,RBT-0194,QUEUED,ASSIGNED,DC-14-Z10,DC-14-Z10,2026-08-29T21:46:00
TSK-000713-2,ORD-000713,DC-14,REPLENISH,RBT-0043,BLOCKED,FAILED,DC-14-Z06,DC-14-Z07,2026-08-29T20:56:00
TSK-000713-3,ORD-000713,DC-14,STAGE,RBT-0497,ASSIGNED,ASSIGNED,DC-14-Z01,DC-14-Z07,2026-08-29T21:19:00
TSK-000713-4,ORD-000713,DC-14,REPLENISH,RBT-0573,EXECUTING,EXECUTING,DC-14-Z09,DC-14-Z01,2026-08-29T22:28:00
TSK-000714-1,ORD-000714,DC-09,MOVE,RBT-0227,COMPLETE,COMPLETE,DC-09-Z09,DC-09-Z04,2026-08-31T20:41:00
TSK-000714-2,ORD-000714,DC-09,PICK,RBT-0049,EXECUTING,EXECUTING,DC-09-Z07,DC-09-Z06,2026-08-31T21:12:00
TSK-000714-3,ORD-000714,DC-09,MOVE,RBT-0678,ASSIGNED,FAILED,DC-09-Z11,DC-09-Z03,2026-08-31T21:10:00
TSK-000714-4,ORD-000714,DC-09,MOVE,RBT-0178,COMPLETE,EXECUTING,DC-09-Z12,DC-09-Z11,2026-08-31T21:33:00
TSK-000715-1,ORD-000715,DC-04,PACK_FEED,RBT-0175,EXECUTING,COMPLETE,DC-04-Z07,DC-04-Z05,2026-08-11T22:22:00
TSK-000715-2,ORD-000715,DC-04,PACK_FEED,RBT-0093,QUEUED,QUEUED,DC-04-Z04,DC-04-Z12,2026-08-11T21:43:00
TSK-000715-3,ORD-000715,DC-04,STAGE,RBT-0241,EXECUTING,EXECUTING,DC-04-Z07,DC-04-Z06,2026-08-11T22:23:00
TSK-000715-4,ORD-000715,DC-04,PICK,RBT-0024,EXECUTING,EXECUTING,DC-04-Z05,DC-04-Z03,2026-08-11T21:38:00
TSK-000716-1,ORD-000716,DC-14,MOVE,RBT-0673,COMPLETE,QUEUED,DC-14-Z02,DC-14-Z06,2026-08-17T06:15:00
TSK-000716-2,ORD-000716,DC-14,REPLENISH,RBT-0037,QUEUED,QUEUED,DC-14-Z09,DC-14-Z09,2026-08-17T06:58:00
TSK-000716-3,ORD-000716,DC-14,PACK_FEED,RBT-0311,ASSIGNED,QUEUED,DC-14-Z02,DC-14-Z02,2026-08-17T07:11:00
TSK-000717-1,ORD-000717,DC-09,REPLENISH,RBT-0417,COMPLETE,EXECUTING,DC-09-Z09,DC-09-Z01,2026-08-29T23:06:00
TSK-000717-2,ORD-000717,DC-09,REPLENISH,RBT-0486,QUEUED,COMPLETE,DC-09-Z09,DC-09-Z05,2026-08-29T22:50:00
TSK-000717-3,ORD-000717,DC-09,PACK_FEED,RBT-0361,EXECUTING,QUEUED,DC-09-Z05,DC-09-Z11,2026-08-29T23:37:00
TSK-000717-4,ORD-000717,DC-09,MOVE,RBT-0596,COMPLETE,EXECUTING,DC-09-Z10,DC-09-Z01,2026-08-29T23:02:00
TSK-000718-1,ORD-000718,DC-17,PICK,RBT-0705,EXECUTING,COMPLETE,DC-17-Z07,DC-17-Z02,2026-08-19T02:33:00
TSK-000718-2,ORD-000718,DC-17,STAGE,RBT-0528,ASSIGNED,QUEUED,DC-17-Z12,DC-17-Z12,2026-08-19T02:50:00
TSK-000719-1,ORD-000719,DC-05,STAGE,RBT-0599,EXECUTING,COMPLETE,DC-05-Z09,DC-05-Z06,2026-08-31T12:40:00
TSK-000719-2,ORD-000719,DC-05,REPLENISH,RBT-0376,COMPLETE,QUEUED,DC-05-Z02,DC-05-Z06,2026-08-31T13:04:00
TSK-000719-3,ORD-000719,DC-05,REPLENISH,RBT-0268,QUEUED,FAILED,DC-05-Z02,DC-05-Z01,2026-08-31T13:11:00
TSK-000719-4,ORD-000719,DC-05,PICK,RBT-0470,COMPLETE,EXECUTING,DC-05-Z08,DC-05-Z03,2026-08-31T12:00:00
TSK-000720-1,ORD-000720,DC-08,MOVE,RBT-0241,BLOCKED,FAILED,DC-08-Z12,DC-08-Z05,2026-08-09T21:11:00
TSK-000720-2,ORD-000720,DC-08,PACK_FEED,RBT-0633,COMPLETE,QUEUED,DC-08-Z03,DC-08-Z10,2026-08-09T20:31:00
TSK-000721-1,ORD-000721,DC-14,MOVE,RBT-0021,EXECUTING,EXECUTING,DC-14-Z08,DC-14-Z10,2026-08-22T09:08:00
TSK-000721-2,ORD-000721,DC-14,MOVE,RBT-0268,COMPLETE,COMPLETE,DC-14-Z11,DC-14-Z07,2026-08-22T07:21:00
TSK-000721-3,ORD-000721,DC-14,PACK_FEED,RBT-0676,EXECUTING,FAILED,DC-14-Z08,DC-14-Z05,2026-08-22T08:41:00
TSK-000721-4,ORD-000721,DC-14,REPLENISH,RBT-0062,ASSIGNED,EXECUTING,DC-14-Z07,DC-14-Z01,2026-08-22T07:18:00
TSK-000722-1,ORD-000722,DC-09,PACK_FEED,RBT-0615,ASSIGNED,EXECUTING,DC-09-Z08,DC-09-Z08,2026-08-07T11:52:00
TSK-000722-2,ORD-000722,DC-09,MOVE,RBT-0536,QUEUED,COMPLETE,DC-09-Z08,DC-09-Z02,2026-08-07T13:10:00
TSK-000723-1,ORD-000723,DC-11,PACK_FEED,RBT-0263,ASSIGNED,ASSIGNED,DC-11-Z12,DC-11-Z11,2026-08-22T02:26:00
TSK-000723-2,ORD-000723,DC-11,REPLENISH,RBT-0167,BLOCKED,EXECUTING,DC-11-Z09,DC-11-Z01,2026-08-22T00:29:00
TSK-000723-3,ORD-000723,DC-11,MOVE,RBT-0244,COMPLETE,FAILED,DC-11-Z08,DC-11-Z06,2026-08-22T01:06:00
TSK-000724-1,ORD-000724,DC-03,STAGE,RBT-0002,BLOCKED,FAILED,DC-03-Z09,DC-03-Z09,2026-09-03T18:48:00
TSK-000725-1,ORD-000725,DC-13,MOVE,RBT-0231,QUEUED,QUEUED,DC-13-Z05,DC-13-Z12,2026-08-28T16:40:00
TSK-000725-2,ORD-000725,DC-13,MOVE,RBT-0219,QUEUED,ASSIGNED,DC-13-Z03,DC-13-Z02,2026-08-28T16:45:00
TSK-000726-1,ORD-000726,DC-17,PICK,RBT-0129,ASSIGNED,ASSIGNED,DC-17-Z09,DC-17-Z11,2026-08-28T23:25:00
TSK-000726-2,ORD-000726,DC-17,REPLENISH,RBT-0479,EXECUTING,QUEUED,DC-17-Z02,DC-17-Z12,2026-08-28T23:33:00
TSK-000726-3,ORD-000726,DC-17,MOVE,RBT-0245,BLOCKED,ASSIGNED,DC-17-Z05,DC-17-Z05,2026-08-28T23:51:00
TSK-000726-4,ORD-000726,DC-17,STAGE,RBT-0446,COMPLETE,ASSIGNED,DC-17-Z06,DC-17-Z12,2026-08-28T23:22:00
TSK-000727-1,ORD-000727,DC-09,STAGE,RBT-0191,BLOCKED,EXECUTING,DC-09-Z06,DC-09-Z03,2026-08-25T05:23:00
TSK-000727-2,ORD-000727,DC-09,STAGE,RBT-0367,COMPLETE,FAILED,DC-09-Z01,DC-09-Z01,2026-08-25T06:31:00
TSK-000727-3,ORD-000727,DC-09,MOVE,RBT-0353,QUEUED,COMPLETE,DC-09-Z01,DC-09-Z09,2026-08-25T06:22:00
TSK-000727-4,ORD-000727,DC-09,MOVE,RBT-0172,ASSIGNED,FAILED,DC-09-Z10,DC-09-Z05,2026-08-25T05:51:00
TSK-000728-1,ORD-000728,DC-02,PICK,RBT-0159,QUEUED,QUEUED,DC-02-Z04,DC-02-Z04,2026-08-29T17:07:00
TSK-000728-2,ORD-000728,DC-02,MOVE,RBT-0168,COMPLETE,EXECUTING,DC-02-Z03,DC-02-Z09,2026-08-29T17:15:00
TSK-000728-3,ORD-000728,DC-02,MOVE,RBT-0605,QUEUED,EXECUTING,DC-02-Z05,DC-02-Z02,2026-08-29T16:26:00
TSK-000728-4,ORD-000728,DC-02,STAGE,RBT-0462,ASSIGNED,QUEUED,DC-02-Z02,DC-02-Z11,2026-08-29T17:36:00
TSK-000729-1,ORD-000729,DC-13,STAGE,RBT-0554,ASSIGNED,FAILED,DC-13-Z02,DC-13-Z03,2026-08-02T13:15:00
TSK-000729-2,ORD-000729,DC-13,MOVE,RBT-0480,QUEUED,ASSIGNED,DC-13-Z06,DC-13-Z07,2026-08-02T13:35:00
TSK-000729-3,ORD-000729,DC-13,PACK_FEED,RBT-0033,BLOCKED,COMPLETE,DC-13-Z06,DC-13-Z12,2026-08-02T14:22:00
TSK-000730-1,ORD-000730,DC-18,PICK,RBT-0102,BLOCKED,FAILED,DC-18-Z03,DC-18-Z07,2026-08-17T23:54:00
TSK-000730-2,ORD-000730,DC-18,REPLENISH,RBT-0515,ASSIGNED,EXECUTING,DC-18-Z01,DC-18-Z05,2026-08-17T23:44:00
TSK-000730-3,ORD-000730,DC-18,REPLENISH,RBT-0379,QUEUED,QUEUED,DC-18-Z03,DC-18-Z02,2026-08-17T23:36:00
TSK-000731-1,ORD-000731,DC-18,REPLENISH,RBT-0433,ASSIGNED,ASSIGNED,DC-18-Z02,DC-18-Z04,2026-08-30T17:52:00
TSK-000731-2,ORD-000731,DC-18,STAGE,RBT-0116,BLOCKED,ASSIGNED,DC-18-Z01,DC-18-Z05,2026-08-30T17:19:00
TSK-000731-3,ORD-000731,DC-18,PICK,RBT-0190,ASSIGNED,EXECUTING,DC-18-Z02,DC-18-Z06,2026-08-30T16:35:00
TSK-000731-4,ORD-000731,DC-18,PACK_FEED,RBT-0605,ASSIGNED,EXECUTING,DC-18-Z10,DC-18-Z11,2026-08-30T16:17:00
TSK-000732-1,ORD-000732,DC-14,PICK,RBT-0695,EXECUTING,QUEUED,DC-14-Z09,DC-14-Z09,2026-08-08T05:49:00
TSK-000733-1,ORD-000733,DC-01,PACK_FEED,RBT-0696,COMPLETE,ASSIGNED,DC-01-Z11,DC-01-Z03,2026-08-24T19:20:00
TSK-000733-2,ORD-000733,DC-01,MOVE,RBT-0609,ASSIGNED,QUEUED,DC-01-Z04,DC-01-Z07,2026-08-24T18:43:00
TSK-000733-3,ORD-000733,DC-01,PACK_FEED,RBT-0271,ASSIGNED,ASSIGNED,DC-01-Z08,DC-01-Z03,2026-08-24T17:58:00
TSK-000733-4,ORD-000733,DC-01,STAGE,RBT-0266,QUEUED,EXECUTING,DC-01-Z11,DC-01-Z12,2026-08-24T18:58:00
TSK-000734-1,ORD-000734,DC-08,PICK,RBT-0099,QUEUED,EXECUTING,DC-08-Z12,DC-08-Z08,2026-08-10T10:07:00
TSK-000734-2,ORD-000734,DC-08,MOVE,RBT-0567,BLOCKED,ASSIGNED,DC-08-Z06,DC-08-Z02,2026-08-10T09:52:00
TSK-000734-3,ORD-000734,DC-08,STAGE,RBT-0446,QUEUED,ASSIGNED,DC-08-Z02,DC-08-Z08,2026-08-10T08:48:00
TSK-000734-4,ORD-000734,DC-08,PACK_FEED,RBT-0239,EXECUTING,ASSIGNED,DC-08-Z07,DC-08-Z08,2026-08-10T10:31:00
TSK-000735-1,ORD-000735,DC-06,PACK_FEED,RBT-0643,EXECUTING,COMPLETE,DC-06-Z07,DC-06-Z05,2026-08-28T02:26:00
TSK-000735-2,ORD-000735,DC-06,MOVE,RBT-0611,COMPLETE,ASSIGNED,DC-06-Z08,DC-06-Z10,2026-08-28T02:06:00
TSK-000735-3,ORD-000735,DC-06,REPLENISH,RBT-0031,QUEUED,EXECUTING,DC-06-Z09,DC-06-Z01,2026-08-28T02:50:00
TSK-000735-4,ORD-000735,DC-06,STAGE,RBT-0615,COMPLETE,COMPLETE,DC-06-Z04,DC-06-Z11,2026-08-28T03:48:00
TSK-000736-1,ORD-000736,DC-16,MOVE,RBT-0144,COMPLETE,COMPLETE,DC-16-Z01,DC-16-Z07,2026-08-10T04:52:00
TSK-000736-2,ORD-000736,DC-16,PACK_FEED,RBT-0019,EXECUTING,QUEUED,DC-16-Z05,DC-16-Z08,2026-08-10T04:07:00
TSK-000736-3,ORD-000736,DC-16,MOVE,RBT-0415,EXECUTING,ASSIGNED,DC-16-Z08,DC-16-Z09,2026-08-10T03:12:00
TSK-000736-4,ORD-000736,DC-16,STAGE,RBT-0484,BLOCKED,FAILED,DC-16-Z08,DC-16-Z12,2026-08-10T04:16:00
TSK-000737-1,ORD-000737,DC-14,PICK,RBT-0017,EXECUTING,QUEUED,DC-14-Z12,DC-14-Z11,2026-08-10T02:17:00
TSK-000737-2,ORD-000737,DC-14,REPLENISH,RBT-0143,QUEUED,COMPLETE,DC-14-Z01,DC-14-Z02,2026-08-10T01:35:00
TSK-000738-1,ORD-000738,DC-17,PICK,RBT-0222,EXECUTING,ASSIGNED,DC-17-Z06,DC-17-Z12,2026-08-29T19:39:00
TSK-000739-1,ORD-000739,DC-02,STAGE,RBT-0353,BLOCKED,QUEUED,DC-02-Z10,DC-02-Z05,2026-08-25T12:28:00
TSK-000739-2,ORD-000739,DC-02,MOVE,RBT-0697,BLOCKED,COMPLETE,DC-02-Z12,DC-02-Z12,2026-08-25T12:11:00
TSK-000740-1,ORD-000740,DC-16,STAGE,RBT-0684,EXECUTING,COMPLETE,DC-16-Z03,DC-16-Z01,2026-08-17T04:49:00
TSK-000740-2,ORD-000740,DC-16,MOVE,RBT-0141,QUEUED,QUEUED,DC-16-Z10,DC-16-Z11,2026-08-17T05:13:00
TSK-000740-3,ORD-000740,DC-16,MOVE,RBT-0315,BLOCKED,QUEUED,DC-16-Z09,DC-16-Z11,2026-08-17T04:40:00
TSK-000740-4,ORD-000740,DC-16,PACK_FEED,RBT-0687,EXECUTING,FAILED,DC-16-Z12,DC-16-Z09,2026-08-17T03:57:00
TSK-000741-1,ORD-000741,DC-15,REPLENISH,RBT-0694,COMPLETE,ASSIGNED,DC-15-Z10,DC-15-Z10,2026-08-23T13:29:00
TSK-000741-2,ORD-000741,DC-15,PACK_FEED,RBT-0128,COMPLETE,ASSIGNED,DC-15-Z10,DC-15-Z09,2026-08-23T13:50:00
TSK-000742-1,ORD-000742,DC-15,PACK_FEED,RBT-0466,BLOCKED,ASSIGNED,DC-15-Z02,DC-15-Z10,2026-08-01T18:55:00
TSK-000742-2,ORD-000742,DC-15,REPLENISH,RBT-0046,QUEUED,EXECUTING,DC-15-Z04,DC-15-Z01,2026-08-01T19:00:00
TSK-000743-1,ORD-000743,DC-08,PACK_FEED,RBT-0124,EXECUTING,FAILED,DC-08-Z08,DC-08-Z09,2026-08-28T17:21:00
TSK-000744-1,ORD-000744,DC-09,REPLENISH,RBT-0451,QUEUED,FAILED,DC-09-Z06,DC-09-Z07,2026-09-05T02:19:00
TSK-000744-2,ORD-000744,DC-09,PACK_FEED,RBT-0489,EXECUTING,ASSIGNED,DC-09-Z04,DC-09-Z01,2026-09-05T02:29:00
TSK-000745-1,ORD-000745,DC-13,STAGE,RBT-0280,COMPLETE,EXECUTING,DC-13-Z07,DC-13-Z02,2026-08-11T05:01:00
TSK-000745-2,ORD-000745,DC-13,STAGE,RBT-0149,ASSIGNED,QUEUED,DC-13-Z07,DC-13-Z12,2026-08-11T05:04:00
TSK-000745-3,ORD-000745,DC-13,MOVE,RBT-0302,BLOCKED,QUEUED,DC-13-Z11,DC-13-Z06,2026-08-11T04:13:00
TSK-000746-1,ORD-000746,DC-04,STAGE,RBT-0678,COMPLETE,ASSIGNED,DC-04-Z01,DC-04-Z11,2026-08-12T05:14:00
TSK-000747-1,ORD-000747,DC-13,STAGE,RBT-0675,QUEUED,QUEUED,DC-13-Z10,DC-13-Z12,2026-08-15T08:34:00
TSK-000747-2,ORD-000747,DC-13,PICK,RBT-0396,COMPLETE,EXECUTING,DC-13-Z09,DC-13-Z11,2026-08-15T08:18:00
TSK-000747-3,ORD-000747,DC-13,MOVE,RBT-0330,EXECUTING,QUEUED,DC-13-Z07,DC-13-Z04,2026-08-15T09:05:00
TSK-000748-1,ORD-000748,DC-05,PICK,RBT-0411,ASSIGNED,QUEUED,DC-05-Z09,DC-05-Z12,2026-08-19T12:42:00
TSK-000748-2,ORD-000748,DC-05,STAGE,RBT-0638,QUEUED,COMPLETE,DC-05-Z07,DC-05-Z03,2026-08-19T13:02:00
TSK-000748-3,ORD-000748,DC-05,PACK_FEED,RBT-0235,ASSIGNED,FAILED,DC-05-Z08,DC-05-Z09,2026-08-19T11:55:00
TSK-000748-4,ORD-000748,DC-05,PACK_FEED,RBT-0189,EXECUTING,FAILED,DC-05-Z01,DC-05-Z03,2026-08-19T13:32:00
TSK-000749-1,ORD-000749,DC-09,PACK_FEED,RBT-0145,EXECUTING,FAILED,DC-09-Z03,DC-09-Z04,2026-09-04T20:38:00
TSK-000749-2,ORD-000749,DC-09,PICK,RBT-0276,QUEUED,COMPLETE,DC-09-Z07,DC-09-Z04,2026-09-04T18:49:00
TSK-000749-3,ORD-000749,DC-09,PACK_FEED,RBT-0473,BLOCKED,FAILED,DC-09-Z10,DC-09-Z07,2026-09-04T20:21:00
TSK-000749-4,ORD-000749,DC-09,REPLENISH,RBT-0543,ASSIGNED,ASSIGNED,DC-09-Z05,DC-09-Z08,2026-09-04T19:39:00
TSK-000750-1,ORD-000750,DC-09,REPLENISH,RBT-0677,QUEUED,QUEUED,DC-09-Z02,DC-09-Z03,2026-08-29T07:21:00
TSK-000751-1,ORD-000751,DC-17,MOVE,RBT-0593,QUEUED,COMPLETE,DC-17-Z05,DC-17-Z12,2026-08-31T18:38:00
TSK-000751-2,ORD-000751,DC-17,PICK,RBT-0145,COMPLETE,FAILED,DC-17-Z11,DC-17-Z10,2026-08-31T19:37:00
TSK-000751-3,ORD-000751,DC-17,MOVE,RBT-0343,EXECUTING,FAILED,DC-17-Z08,DC-17-Z01,2026-08-31T19:42:00
TSK-000751-4,ORD-000751,DC-17,MOVE,RBT-0059,COMPLETE,FAILED,DC-17-Z03,DC-17-Z07,2026-08-31T19:11:00
TSK-000752-1,ORD-000752,DC-02,MOVE,RBT-0567,BLOCKED,FAILED,DC-02-Z02,DC-02-Z09,2026-08-10T11:39:00
TSK-000752-2,ORD-000752,DC-02,STAGE,RBT-0187,COMPLETE,COMPLETE,DC-02-Z02,DC-02-Z04,2026-08-10T11:08:00
TSK-000753-1,ORD-000753,DC-11,STAGE,RBT-0187,COMPLETE,COMPLETE,DC-11-Z01,DC-11-Z06,2026-08-16T00:12:00
TSK-000754-1,ORD-000754,DC-10,REPLENISH,RBT-0353,COMPLETE,EXECUTING,DC-10-Z05,DC-10-Z04,2026-08-17T15:24:00
TSK-000754-2,ORD-000754,DC-10,PICK,RBT-0140,BLOCKED,FAILED,DC-10-Z02,DC-10-Z05,2026-08-17T13:30:00
TSK-000754-3,ORD-000754,DC-10,PICK,RBT-0455,QUEUED,ASSIGNED,DC-10-Z02,DC-10-Z05,2026-08-17T14:59:00
TSK-000755-1,ORD-000755,DC-01,MOVE,RBT-0090,QUEUED,COMPLETE,DC-01-Z06,DC-01-Z05,2026-08-24T12:55:00
TSK-000755-2,ORD-000755,DC-01,PACK_FEED,RBT-0636,ASSIGNED,FAILED,DC-01-Z04,DC-01-Z06,2026-08-24T12:31:00
TSK-000756-1,ORD-000756,DC-14,MOVE,RBT-0230,QUEUED,EXECUTING,DC-14-Z06,DC-14-Z12,2026-08-29T18:48:00
TSK-000756-2,ORD-000756,DC-14,PICK,RBT-0192,BLOCKED,FAILED,DC-14-Z01,DC-14-Z05,2026-08-29T19:34:00
TSK-000756-3,ORD-000756,DC-14,REPLENISH,RBT-0002,EXECUTING,EXECUTING,DC-14-Z01,DC-14-Z11,2026-08-29T19:27:00
TSK-000757-1,ORD-000757,DC-07,PICK,RBT-0317,QUEUED,QUEUED,DC-07-Z12,DC-07-Z02,2026-09-03T10:54:00
TSK-000757-2,ORD-000757,DC-07,REPLENISH,RBT-0598,EXECUTING,ASSIGNED,DC-07-Z08,DC-07-Z08,2026-09-03T10:28:00
TSK-000757-3,ORD-000757,DC-07,PACK_FEED,RBT-0317,BLOCKED,ASSIGNED,DC-07-Z06,DC-07-Z05,2026-09-03T10:32:00
TSK-000758-1,ORD-000758,DC-12,MOVE,RBT-0173,QUEUED,QUEUED,DC-12-Z08,DC-12-Z11,2026-08-28T03:31:00
TSK-000758-2,ORD-000758,DC-12,MOVE,RBT-0501,COMPLETE,EXECUTING,DC-12-Z05,DC-12-Z02,2026-08-28T03:29:00
TSK-000758-3,ORD-000758,DC-12,REPLENISH,RBT-0644,BLOCKED,ASSIGNED,DC-12-Z04,DC-12-Z11,2026-08-28T03:50:00
TSK-000759-1,ORD-000759,DC-11,MOVE,RBT-0321,ASSIGNED,ASSIGNED,DC-11-Z07,DC-11-Z11,2026-08-25T02:11:00
TSK-000759-2,ORD-000759,DC-11,PACK_FEED,RBT-0008,COMPLETE,ASSIGNED,DC-11-Z04,DC-11-Z02,2026-08-25T03:22:00
TSK-000760-1,ORD-000760,DC-16,MOVE,RBT-0625,ASSIGNED,QUEUED,DC-16-Z11,DC-16-Z05,2026-08-04T01:46:00
TSK-000760-2,ORD-000760,DC-16,MOVE,RBT-0173,COMPLETE,QUEUED,DC-16-Z04,DC-16-Z06,2026-08-04T01:00:00
TSK-000760-3,ORD-000760,DC-16,PICK,RBT-0493,ASSIGNED,ASSIGNED,DC-16-Z01,DC-16-Z07,2026-08-04T02:08:00
TSK-000760-4,ORD-000760,DC-16,PICK,RBT-0658,ASSIGNED,FAILED,DC-16-Z12,DC-16-Z03,2026-08-04T00:45:00
TSK-000761-1,ORD-000761,DC-08,REPLENISH,RBT-0009,QUEUED,QUEUED,DC-08-Z11,DC-08-Z06,2026-08-07T11:55:00
TSK-000761-2,ORD-000761,DC-08,MOVE,RBT-0532,BLOCKED,ASSIGNED,DC-08-Z04,DC-08-Z02,2026-08-07T12:40:00
TSK-000761-3,ORD-000761,DC-08,PACK_FEED,RBT-0031,BLOCKED,QUEUED,DC-08-Z10,DC-08-Z06,2026-08-07T13:46:00
TSK-000761-4,ORD-000761,DC-08,MOVE,RBT-0330,COMPLETE,ASSIGNED,DC-08-Z05,DC-08-Z05,2026-08-07T12:48:00
TSK-000762-1,ORD-000762,DC-07,PICK,RBT-0199,ASSIGNED,EXECUTING,DC-07-Z08,DC-07-Z10,2026-08-11T03:14:00
TSK-000762-2,ORD-000762,DC-07,PACK_FEED,RBT-0459,QUEUED,COMPLETE,DC-07-Z01,DC-07-Z06,2026-08-11T03:01:00
TSK-000762-3,ORD-000762,DC-07,MOVE,RBT-0169,BLOCKED,FAILED,DC-07-Z06,DC-07-Z03,2026-08-11T02:56:00
TSK-000763-1,ORD-000763,DC-10,PICK,RBT-0704,ASSIGNED,COMPLETE,DC-10-Z06,DC-10-Z05,2026-08-21T22:34:00
TSK-000764-1,ORD-000764,DC-16,REPLENISH,RBT-0346,COMPLETE,QUEUED,DC-16-Z11,DC-16-Z10,2026-08-06T19:08:00
TSK-000764-2,ORD-000764,DC-16,REPLENISH,RBT-0175,ASSIGNED,ASSIGNED,DC-16-Z12,DC-16-Z03,2026-08-06T18:57:00
TSK-000765-1,ORD-000765,DC-11,MOVE,RBT-0700,ASSIGNED,EXECUTING,DC-11-Z04,DC-11-Z04,2026-08-15T22:23:00
TSK-000765-2,ORD-000765,DC-11,PACK_FEED,RBT-0031,COMPLETE,EXECUTING,DC-11-Z01,DC-11-Z04,2026-08-15T22:09:00
TSK-000765-3,ORD-000765,DC-11,REPLENISH,RBT-0556,QUEUED,FAILED,DC-11-Z12,DC-11-Z02,2026-08-15T23:33:00
TSK-000766-1,ORD-000766,DC-10,PACK_FEED,RBT-0146,ASSIGNED,FAILED,DC-10-Z06,DC-10-Z12,2026-09-01T01:38:00
TSK-000766-2,ORD-000766,DC-10,PACK_FEED,RBT-0521,EXECUTING,FAILED,DC-10-Z12,DC-10-Z01,2026-09-01T01:42:00
TSK-000766-3,ORD-000766,DC-10,PICK,RBT-0702,QUEUED,COMPLETE,DC-10-Z11,DC-10-Z05,2026-09-01T01:44:00
TSK-000766-4,ORD-000766,DC-10,PACK_FEED,RBT-0335,BLOCKED,EXECUTING,DC-10-Z12,DC-10-Z07,2026-09-01T02:50:00
TSK-000767-1,ORD-000767,DC-08,PACK_FEED,RBT-0680,ASSIGNED,ASSIGNED,DC-08-Z05,DC-08-Z10,2026-08-27T00:41:00
TSK-000767-2,ORD-000767,DC-08,PICK,RBT-0659,BLOCKED,QUEUED,DC-08-Z01,DC-08-Z09,2026-08-27T00:01:00
TSK-000767-3,ORD-000767,DC-08,REPLENISH,RBT-0206,COMPLETE,QUEUED,DC-08-Z01,DC-08-Z11,2026-08-26T22:49:00
TSK-000767-4,ORD-000767,DC-08,PICK,RBT-0602,BLOCKED,EXECUTING,DC-08-Z03,DC-08-Z05,2026-08-27T00:34:00
TSK-000768-1,ORD-000768,DC-15,MOVE,RBT-0187,BLOCKED,COMPLETE,DC-15-Z11,DC-15-Z07,2026-08-15T05:08:00
TSK-000768-2,ORD-000768,DC-15,STAGE,RBT-0022,EXECUTING,COMPLETE,DC-15-Z12,DC-15-Z01,2026-08-15T03:57:00
TSK-000768-3,ORD-000768,DC-15,MOVE,RBT-0070,EXECUTING,FAILED,DC-15-Z12,DC-15-Z01,2026-08-15T03:15:00
TSK-000769-1,ORD-000769,DC-16,PICK,RBT-0575,EXECUTING,ASSIGNED,DC-16-Z01,DC-16-Z01,2026-08-01T13:22:00
TSK-000769-2,ORD-000769,DC-16,STAGE,RBT-0375,COMPLETE,COMPLETE,DC-16-Z09,DC-16-Z06,2026-08-01T13:44:00
TSK-000770-1,ORD-000770,DC-04,REPLENISH,RBT-0526,BLOCKED,QUEUED,DC-04-Z06,DC-04-Z03,2026-08-18T04:59:00
TSK-000770-2,ORD-000770,DC-04,PACK_FEED,RBT-0248,QUEUED,ASSIGNED,DC-04-Z12,DC-04-Z01,2026-08-18T05:58:00
TSK-000770-3,ORD-000770,DC-04,STAGE,RBT-0633,QUEUED,FAILED,DC-04-Z06,DC-04-Z02,2026-08-18T04:27:00
TSK-000770-4,ORD-000770,DC-04,PACK_FEED,RBT-0494,EXECUTING,FAILED,DC-04-Z07,DC-04-Z02,2026-08-18T04:09:00
TSK-000771-1,ORD-000771,DC-14,PICK,RBT-0377,ASSIGNED,COMPLETE,DC-14-Z08,DC-14-Z08,2026-08-25T01:46:00
TSK-000772-1,ORD-000772,DC-06,PACK_FEED,RBT-0087,QUEUED,QUEUED,DC-06-Z05,DC-06-Z12,2026-09-04T09:43:00
TSK-000772-2,ORD-000772,DC-06,PACK_FEED,RBT-0587,BLOCKED,QUEUED,DC-06-Z10,DC-06-Z12,2026-09-04T08:34:00
TSK-000772-3,ORD-000772,DC-06,REPLENISH,RBT-0171,EXECUTING,QUEUED,DC-06-Z09,DC-06-Z01,2026-09-04T08:41:00
TSK-000772-4,ORD-000772,DC-06,MOVE,RBT-0565,EXECUTING,EXECUTING,DC-06-Z03,DC-06-Z01,2026-09-04T09:13:00
TSK-000773-1,ORD-000773,DC-15,PICK,RBT-0413,COMPLETE,EXECUTING,DC-15-Z09,DC-15-Z01,2026-08-01T16:23:00
TSK-000774-1,ORD-000774,DC-04,STAGE,RBT-0080,BLOCKED,QUEUED,DC-04-Z04,DC-04-Z06,2026-09-01T15:53:00
TSK-000774-2,ORD-000774,DC-04,PACK_FEED,RBT-0256,EXECUTING,QUEUED,DC-04-Z01,DC-04-Z10,2026-09-01T14:58:00
TSK-000775-1,ORD-000775,DC-03,REPLENISH,RBT-0198,ASSIGNED,EXECUTING,DC-03-Z11,DC-03-Z05,2026-08-25T06:23:00
TSK-000775-2,ORD-000775,DC-03,REPLENISH,RBT-0399,COMPLETE,EXECUTING,DC-03-Z04,DC-03-Z12,2026-08-25T07:22:00
TSK-000775-3,ORD-000775,DC-03,STAGE,RBT-0286,BLOCKED,EXECUTING,DC-03-Z08,DC-03-Z04,2026-08-25T07:33:00
TSK-000776-1,ORD-000776,DC-17,MOVE,RBT-0213,COMPLETE,QUEUED,DC-17-Z03,DC-17-Z08,2026-08-17T12:20:00
TSK-000777-1,ORD-000777,DC-05,MOVE,RBT-0568,ASSIGNED,FAILED,DC-05-Z11,DC-05-Z03,2026-08-07T22:59:00
TSK-000777-2,ORD-000777,DC-05,PACK_FEED,RBT-0075,BLOCKED,ASSIGNED,DC-05-Z11,DC-05-Z02,2026-08-07T23:28:00
TSK-000778-1,ORD-000778,DC-15,PACK_FEED,RBT-0449,COMPLETE,EXECUTING,DC-15-Z03,DC-15-Z06,2026-08-13T00:26:00
TSK-000778-2,ORD-000778,DC-15,MOVE,RBT-0180,COMPLETE,EXECUTING,DC-15-Z01,DC-15-Z10,2026-08-13T00:24:00
TSK-000778-3,ORD-000778,DC-15,PACK_FEED,RBT-0231,COMPLETE,ASSIGNED,DC-15-Z03,DC-15-Z08,2026-08-13T00:31:00
TSK-000779-1,ORD-000779,DC-06,REPLENISH,RBT-0169,EXECUTING,COMPLETE,DC-06-Z11,DC-06-Z05,2026-08-05T12:06:00
TSK-000779-2,ORD-000779,DC-06,MOVE,RBT-0425,ASSIGNED,COMPLETE,DC-06-Z12,DC-06-Z12,2026-08-05T11:27:00
TSK-000779-3,ORD-000779,DC-06,PACK_FEED,RBT-0523,EXECUTING,EXECUTING,DC-06-Z11,DC-06-Z07,2026-08-05T13:00:00
TSK-000779-4,ORD-000779,DC-06,PACK_FEED,RBT-0179,QUEUED,ASSIGNED,DC-06-Z06,DC-06-Z12,2026-08-05T12:49:00
TSK-000780-1,ORD-000780,DC-13,PACK_FEED,RBT-0682,COMPLETE,ASSIGNED,DC-13-Z04,DC-13-Z02,2026-08-22T05:32:00
TSK-000781-1,ORD-000781,DC-01,PACK_FEED,RBT-0444,COMPLETE,ASSIGNED,DC-01-Z06,DC-01-Z10,2026-09-01T00:09:00
TSK-000782-1,ORD-000782,DC-06,STAGE,RBT-0177,COMPLETE,QUEUED,DC-06-Z09,DC-06-Z08,2026-09-01T16:34:00
TSK-000782-2,ORD-000782,DC-06,MOVE,RBT-0550,QUEUED,EXECUTING,DC-06-Z09,DC-06-Z02,2026-09-01T16:22:00
TSK-000782-3,ORD-000782,DC-06,PACK_FEED,RBT-0505,BLOCKED,EXECUTING,DC-06-Z10,DC-06-Z01,2026-09-01T15:28:00
TSK-000783-1,ORD-000783,DC-12,PICK,RBT-0483,QUEUED,FAILED,DC-12-Z07,DC-12-Z03,2026-08-22T21:35:00
TSK-000783-2,ORD-000783,DC-12,MOVE,RBT-0228,BLOCKED,QUEUED,DC-12-Z10,DC-12-Z11,2026-08-22T22:19:00
TSK-000783-3,ORD-000783,DC-12,PACK_FEED,RBT-0035,QUEUED,FAILED,DC-12-Z05,DC-12-Z10,2026-08-22T21:00:00
TSK-000784-1,ORD-000784,DC-17,MOVE,RBT-0319,ASSIGNED,FAILED,DC-17-Z11,DC-17-Z12,2026-08-02T02:42:00
TSK-000784-2,ORD-000784,DC-17,REPLENISH,RBT-0247,BLOCKED,COMPLETE,DC-17-Z12,DC-17-Z03,2026-08-02T03:00:00
TSK-000784-3,ORD-000784,DC-17,REPLENISH,RBT-0562,BLOCKED,EXECUTING,DC-17-Z04,DC-17-Z01,2026-08-02T03:09:00
TSK-000785-1,ORD-000785,DC-13,PACK_FEED,RBT-0300,COMPLETE,FAILED,DC-13-Z10,DC-13-Z10,2026-08-11T14:17:00
TSK-000785-2,ORD-000785,DC-13,PACK_FEED,RBT-0704,COMPLETE,FAILED,DC-13-Z07,DC-13-Z06,2026-08-11T14:35:00
TSK-000786-1,ORD-000786,DC-13,MOVE,RBT-0255,ASSIGNED,FAILED,DC-13-Z02,DC-13-Z08,2026-09-02T06:33:00
TSK-000787-1,ORD-000787,DC-04,MOVE,RBT-0279,EXECUTING,FAILED,DC-04-Z04,DC-04-Z10,2026-08-31T08:24:00
TSK-000787-2,ORD-000787,DC-04,REPLENISH,RBT-0541,QUEUED,QUEUED,DC-04-Z11,DC-04-Z11,2026-08-31T07:22:00
TSK-000788-1,ORD-000788,DC-03,PACK_FEED,RBT-0382,ASSIGNED,EXECUTING,DC-03-Z01,DC-03-Z03,2026-08-18T21:09:00
TSK-000788-2,ORD-000788,DC-03,STAGE,RBT-0493,COMPLETE,EXECUTING,DC-03-Z08,DC-03-Z07,2026-08-18T20:22:00
TSK-000789-1,ORD-000789,DC-06,PACK_FEED,RBT-0138,ASSIGNED,QUEUED,DC-06-Z02,DC-06-Z08,2026-08-02T07:24:00
TSK-000789-2,ORD-000789,DC-06,PICK,RBT-0201,ASSIGNED,COMPLETE,DC-06-Z09,DC-06-Z12,2026-08-02T07:48:00
TSK-000789-3,ORD-000789,DC-06,PACK_FEED,RBT-0003,COMPLETE,FAILED,DC-06-Z11,DC-06-Z11,2026-08-02T07:50:00
TSK-000790-1,ORD-000790,DC-10,REPLENISH,RBT-0593,EXECUTING,FAILED,DC-10-Z05,DC-10-Z09,2026-08-21T05:47:00
TSK-000791-1,ORD-000791,DC-17,PACK_FEED,RBT-0697,COMPLETE,ASSIGNED,DC-17-Z03,DC-17-Z03,2026-08-07T22:02:00
TSK-000791-2,ORD-000791,DC-17,PACK_FEED,RBT-0540,BLOCKED,FAILED,DC-17-Z03,DC-17-Z08,2026-08-07T23:23:00
TSK-000792-1,ORD-000792,DC-05,REPLENISH,RBT-0597,QUEUED,ASSIGNED,DC-05-Z04,DC-05-Z07,2026-08-15T07:51:00
TSK-000792-2,ORD-000792,DC-05,PACK_FEED,RBT-0521,ASSIGNED,ASSIGNED,DC-05-Z07,DC-05-Z05,2026-08-15T07:50:00
TSK-000793-1,ORD-000793,DC-11,PACK_FEED,RBT-0611,ASSIGNED,FAILED,DC-11-Z01,DC-11-Z01,2026-08-02T05:04:00
TSK-000793-2,ORD-000793,DC-11,PICK,RBT-0552,ASSIGNED,QUEUED,DC-11-Z03,DC-11-Z07,2026-08-02T06:15:00
TSK-000793-3,ORD-000793,DC-11,PACK_FEED,RBT-0132,BLOCKED,ASSIGNED,DC-11-Z12,DC-11-Z02,2026-08-02T04:35:00
TSK-000794-1,ORD-000794,DC-15,MOVE,RBT-0081,COMPLETE,COMPLETE,DC-15-Z03,DC-15-Z08,2026-09-04T16:48:00
TSK-000795-1,ORD-000795,DC-05,MOVE,RBT-0374,COMPLETE,FAILED,DC-05-Z10,DC-05-Z10,2026-08-07T19:31:00
TSK-000796-1,ORD-000796,DC-09,PICK,RBT-0045,COMPLETE,EXECUTING,DC-09-Z05,DC-09-Z02,2026-08-19T21:45:00
TSK-000796-2,ORD-000796,DC-09,PICK,RBT-0328,COMPLETE,COMPLETE,DC-09-Z05,DC-09-Z03,2026-08-19T21:32:00
TSK-000797-1,ORD-000797,DC-06,REPLENISH,RBT-0542,COMPLETE,COMPLETE,DC-06-Z12,DC-06-Z09,2026-09-02T12:56:00
TSK-000797-2,ORD-000797,DC-06,PACK_FEED,RBT-0253,BLOCKED,COMPLETE,DC-06-Z10,DC-06-Z10,2026-09-02T13:55:00
TSK-000797-3,ORD-000797,DC-06,REPLENISH,RBT-0517,BLOCKED,EXECUTING,DC-06-Z04,DC-06-Z10,2026-09-02T13:40:00
TSK-000798-1,ORD-000798,DC-12,PICK,RBT-0057,QUEUED,FAILED,DC-12-Z07,DC-12-Z12,2026-09-04T21:51:00
TSK-000798-2,ORD-000798,DC-12,STAGE,RBT-0138,ASSIGNED,FAILED,DC-12-Z02,DC-12-Z07,2026-09-04T22:18:00
TSK-000798-3,ORD-000798,DC-12,REPLENISH,RBT-0035,QUEUED,COMPLETE,DC-12-Z01,DC-12-Z10,2026-09-04T22:00:00
TSK-000798-4,ORD-000798,DC-12,REPLENISH,RBT-0439,EXECUTING,EXECUTING,DC-12-Z09,DC-12-Z07,2026-09-04T22:13:00
TSK-000799-1,ORD-000799,DC-03,REPLENISH,RBT-0562,QUEUED,ASSIGNED,DC-03-Z06,DC-03-Z03,2026-09-01T10:27:00
TSK-000799-2,ORD-000799,DC-03,STAGE,RBT-0169,COMPLETE,QUEUED,DC-03-Z11,DC-03-Z08,2026-09-01T10:46:00
TSK-000799-3,ORD-000799,DC-03,REPLENISH,RBT-0465,ASSIGNED,QUEUED,DC-03-Z09,DC-03-Z11,2026-09-01T10:42:00
TSK-000800-1,ORD-000800,DC-18,PACK_FEED,RBT-0461,EXECUTING,QUEUED,DC-18-Z12,DC-18-Z02,2026-08-20T08:38:00
TSK-000800-2,ORD-000800,DC-18,PICK,RBT-0031,ASSIGNED,FAILED,DC-18-Z07,DC-18-Z02,2026-08-20T09:14:00
TSK-000801-1,ORD-000801,DC-09,PACK_FEED,RBT-0019,COMPLETE,QUEUED,DC-09-Z05,DC-09-Z04,2026-08-15T09:43:00
TSK-000801-2,ORD-000801,DC-09,MOVE,RBT-0491,BLOCKED,ASSIGNED,DC-09-Z06,DC-09-Z11,2026-08-15T09:44:00
TSK-000801-3,ORD-000801,DC-09,REPLENISH,RBT-0200,COMPLETE,COMPLETE,DC-09-Z05,DC-09-Z06,2026-08-15T10:07:00
TSK-000802-1,ORD-000802,DC-08,STAGE,RBT-0706,COMPLETE,QUEUED,DC-08-Z06,DC-08-Z10,2026-08-12T08:24:00
TSK-000802-2,ORD-000802,DC-08,PACK_FEED,RBT-0589,BLOCKED,EXECUTING,DC-08-Z12,DC-08-Z07,2026-08-12T09:12:00
TSK-000802-3,ORD-000802,DC-08,REPLENISH,RBT-0672,BLOCKED,FAILED,DC-08-Z10,DC-08-Z02,2026-08-12T08:46:00
TSK-000802-4,ORD-000802,DC-08,PACK_FEED,RBT-0299,ASSIGNED,FAILED,DC-08-Z01,DC-08-Z02,2026-08-12T08:21:00
TSK-000803-1,ORD-000803,DC-10,PICK,RBT-0356,ASSIGNED,ASSIGNED,DC-10-Z03,DC-10-Z02,2026-08-04T12:59:00
TSK-000803-2,ORD-000803,DC-10,REPLENISH,RBT-0479,COMPLETE,ASSIGNED,DC-10-Z07,DC-10-Z05,2026-08-04T13:24:00
TSK-000803-3,ORD-000803,DC-10,PACK_FEED,RBT-0311,BLOCKED,ASSIGNED,DC-10-Z10,DC-10-Z07,2026-08-04T12:54:00
TSK-000804-1,ORD-000804,DC-10,STAGE,RBT-0342,BLOCKED,EXECUTING,DC-10-Z09,DC-10-Z10,2026-08-25T22:00:00
TSK-000804-2,ORD-000804,DC-10,STAGE,RBT-0036,BLOCKED,QUEUED,DC-10-Z12,DC-10-Z07,2026-08-25T21:00:00
TSK-000804-3,ORD-000804,DC-10,PACK_FEED,RBT-0617,COMPLETE,COMPLETE,DC-10-Z06,DC-10-Z03,2026-08-25T21:28:00
TSK-000805-1,ORD-000805,DC-07,MOVE,RBT-0099,EXECUTING,COMPLETE,DC-07-Z06,DC-07-Z06,2026-08-30T14:26:00
TSK-000805-2,ORD-000805,DC-07,PACK_FEED,RBT-0490,BLOCKED,FAILED,DC-07-Z07,DC-07-Z09,2026-08-30T14:40:00
TSK-000805-3,ORD-000805,DC-07,PICK,RBT-0230,EXECUTING,QUEUED,DC-07-Z08,DC-07-Z04,2026-08-30T13:32:00
TSK-000805-4,ORD-000805,DC-07,STAGE,RBT-0042,COMPLETE,EXECUTING,DC-07-Z02,DC-07-Z04,2026-08-30T14:13:00
TSK-000806-1,ORD-000806,DC-12,PACK_FEED,RBT-0373,ASSIGNED,COMPLETE,DC-12-Z07,DC-12-Z03,2026-08-29T12:42:00
TSK-000806-2,ORD-000806,DC-12,MOVE,RBT-0482,EXECUTING,COMPLETE,DC-12-Z09,DC-12-Z06,2026-08-29T12:35:00
TSK-000806-3,ORD-000806,DC-12,REPLENISH,RBT-0295,ASSIGNED,COMPLETE,DC-12-Z03,DC-12-Z11,2026-08-29T13:59:00
TSK-000806-4,ORD-000806,DC-12,MOVE,RBT-0268,ASSIGNED,EXECUTING,DC-12-Z08,DC-12-Z11,2026-08-29T13:34:00
TSK-000807-1,ORD-000807,DC-13,PACK_FEED,RBT-0433,BLOCKED,COMPLETE,DC-13-Z10,DC-13-Z09,2026-08-17T11:22:00
TSK-000807-2,ORD-000807,DC-13,PACK_FEED,RBT-0044,COMPLETE,COMPLETE,DC-13-Z02,DC-13-Z01,2026-08-17T12:39:00
TSK-000807-3,ORD-000807,DC-13,PICK,RBT-0315,COMPLETE,FAILED,DC-13-Z04,DC-13-Z11,2026-08-17T12:54:00
TSK-000808-1,ORD-000808,DC-14,STAGE,RBT-0335,ASSIGNED,EXECUTING,DC-14-Z08,DC-14-Z05,2026-08-11T02:09:00
TSK-000809-1,ORD-000809,DC-18,PACK_FEED,RBT-0281,EXECUTING,QUEUED,DC-18-Z08,DC-18-Z06,2026-08-20T16:39:00
TSK-000809-2,ORD-000809,DC-18,PICK,RBT-0481,BLOCKED,EXECUTING,DC-18-Z08,DC-18-Z11,2026-08-20T16:57:00
TSK-000809-3,ORD-000809,DC-18,MOVE,RBT-0426,BLOCKED,COMPLETE,DC-18-Z08,DC-18-Z05,2026-08-20T18:16:00
TSK-000809-4,ORD-000809,DC-18,MOVE,RBT-0215,QUEUED,FAILED,DC-18-Z10,DC-18-Z04,2026-08-20T18:25:00
TSK-000810-1,ORD-000810,DC-18,REPLENISH,RBT-0256,ASSIGNED,EXECUTING,DC-18-Z12,DC-18-Z08,2026-08-13T08:22:00
TSK-000810-2,ORD-000810,DC-18,PACK_FEED,RBT-0460,EXECUTING,QUEUED,DC-18-Z01,DC-18-Z12,2026-08-13T07:35:00
TSK-000811-1,ORD-000811,DC-07,PICK,RBT-0504,COMPLETE,EXECUTING,DC-07-Z07,DC-07-Z03,2026-08-30T17:30:00
TSK-000812-1,ORD-000812,DC-05,PACK_FEED,RBT-0397,ASSIGNED,FAILED,DC-05-Z05,DC-05-Z10,2026-08-02T15:12:00
TSK-000812-2,ORD-000812,DC-05,PACK_FEED,RBT-0332,QUEUED,ASSIGNED,DC-05-Z01,DC-05-Z09,2026-08-02T14:59:00
TSK-000812-3,ORD-000812,DC-05,STAGE,RBT-0634,ASSIGNED,QUEUED,DC-05-Z02,DC-05-Z08,2026-08-02T15:04:00
TSK-000813-1,ORD-000813,DC-02,MOVE,RBT-0648,COMPLETE,ASSIGNED,DC-02-Z07,DC-02-Z11,2026-08-31T19:17:00
TSK-000814-1,ORD-000814,DC-14,PACK_FEED,RBT-0001,COMPLETE,ASSIGNED,DC-14-Z10,DC-14-Z08,2026-08-10T00:59:00
TSK-000814-2,ORD-000814,DC-14,PICK,RBT-0568,QUEUED,FAILED,DC-14-Z09,DC-14-Z10,2026-08-10T02:17:00
TSK-000814-3,ORD-000814,DC-14,PACK_FEED,RBT-0548,EXECUTING,QUEUED,DC-14-Z06,DC-14-Z01,2026-08-10T02:11:00
TSK-000814-4,ORD-000814,DC-14,REPLENISH,RBT-0304,COMPLETE,ASSIGNED,DC-14-Z01,DC-14-Z12,2026-08-10T01:29:00
TSK-000815-1,ORD-000815,DC-11,PACK_FEED,RBT-0660,EXECUTING,EXECUTING,DC-11-Z05,DC-11-Z05,2026-08-03T16:44:00
TSK-000815-2,ORD-000815,DC-11,PICK,RBT-0702,BLOCKED,COMPLETE,DC-11-Z06,DC-11-Z01,2026-08-03T17:09:00
TSK-000815-3,ORD-000815,DC-11,PACK_FEED,RBT-0351,EXECUTING,QUEUED,DC-11-Z04,DC-11-Z01,2026-08-03T17:55:00
TSK-000816-1,ORD-000816,DC-16,MOVE,RBT-0494,QUEUED,QUEUED,DC-16-Z04,DC-16-Z02,2026-08-30T16:52:00
TSK-000816-2,ORD-000816,DC-16,PICK,RBT-0497,BLOCKED,QUEUED,DC-16-Z06,DC-16-Z06,2026-08-30T17:07:00
TSK-000817-1,ORD-000817,DC-18,REPLENISH,RBT-0341,ASSIGNED,QUEUED,DC-18-Z08,DC-18-Z05,2026-08-07T07:45:00
TSK-000817-2,ORD-000817,DC-18,MOVE,RBT-0058,COMPLETE,FAILED,DC-18-Z10,DC-18-Z08,2026-08-07T08:27:00
TSK-000817-3,ORD-000817,DC-18,PICK,RBT-0408,BLOCKED,ASSIGNED,DC-18-Z01,DC-18-Z07,2026-08-07T09:10:00
TSK-000818-1,ORD-000818,DC-02,REPLENISH,RBT-0169,COMPLETE,EXECUTING,DC-02-Z03,DC-02-Z02,2026-08-04T18:52:00
TSK-000819-1,ORD-000819,DC-05,PACK_FEED,RBT-0469,ASSIGNED,QUEUED,DC-05-Z12,DC-05-Z04,2026-08-27T13:30:00
TSK-000819-2,ORD-000819,DC-05,PICK,RBT-0305,QUEUED,QUEUED,DC-05-Z03,DC-05-Z09,2026-08-27T13:51:00
TSK-000820-1,ORD-000820,DC-04,PACK_FEED,RBT-0082,BLOCKED,FAILED,DC-04-Z07,DC-04-Z02,2026-08-05T07:13:00
TSK-000820-2,ORD-000820,DC-04,PICK,RBT-0385,EXECUTING,COMPLETE,DC-04-Z04,DC-04-Z02,2026-08-05T07:59:00
TSK-000821-1,ORD-000821,DC-16,STAGE,RBT-0050,COMPLETE,EXECUTING,DC-16-Z07,DC-16-Z02,2026-08-22T04:31:00
TSK-000822-1,ORD-000822,DC-03,PACK_FEED,RBT-0702,BLOCKED,EXECUTING,DC-03-Z12,DC-03-Z01,2026-08-22T00:10:00
TSK-000822-2,ORD-000822,DC-03,MOVE,RBT-0531,BLOCKED,EXECUTING,DC-03-Z04,DC-03-Z07,2026-08-21T23:33:00
TSK-000823-1,ORD-000823,DC-09,PICK,RBT-0709,ASSIGNED,EXECUTING,DC-09-Z10,DC-09-Z05,2026-08-02T06:44:00
TSK-000823-2,ORD-000823,DC-09,MOVE,RBT-0247,COMPLETE,COMPLETE,DC-09-Z03,DC-09-Z11,2026-08-02T05:42:00
TSK-000824-1,ORD-000824,DC-07,PACK_FEED,RBT-0546,ASSIGNED,EXECUTING,DC-07-Z01,DC-07-Z04,2026-08-19T10:00:00
TSK-000824-2,ORD-000824,DC-07,PACK_FEED,RBT-0350,COMPLETE,QUEUED,DC-07-Z09,DC-07-Z07,2026-08-19T10:48:00
TSK-000825-1,ORD-000825,DC-03,PICK,RBT-0305,ASSIGNED,COMPLETE,DC-03-Z02,DC-03-Z06,2026-08-13T05:58:00
TSK-000825-2,ORD-000825,DC-03,PACK_FEED,RBT-0475,ASSIGNED,FAILED,DC-03-Z08,DC-03-Z12,2026-08-13T04:29:00
TSK-000825-3,ORD-000825,DC-03,STAGE,RBT-0183,EXECUTING,COMPLETE,DC-03-Z01,DC-03-Z06,2026-08-13T05:15:00
TSK-000826-1,ORD-000826,DC-04,PICK,RBT-0566,BLOCKED,EXECUTING,DC-04-Z08,DC-04-Z12,2026-08-28T17:08:00
TSK-000826-2,ORD-000826,DC-04,STAGE,RBT-0162,COMPLETE,ASSIGNED,DC-04-Z05,DC-04-Z04,2026-08-28T16:36:00
TSK-000826-3,ORD-000826,DC-04,STAGE,RBT-0360,COMPLETE,ASSIGNED,DC-04-Z05,DC-04-Z08,2026-08-28T17:19:00
TSK-000827-1,ORD-000827,DC-10,STAGE,RBT-0209,EXECUTING,EXECUTING,DC-10-Z03,DC-10-Z01,2026-08-30T09:00:00
TSK-000828-1,ORD-000828,DC-05,MOVE,RBT-0045,ASSIGNED,ASSIGNED,DC-05-Z08,DC-05-Z08,2026-09-04T01:38:00
TSK-000829-1,ORD-000829,DC-05,PACK_FEED,RBT-0072,QUEUED,EXECUTING,DC-05-Z03,DC-05-Z02,2026-08-07T23:33:00
TSK-000830-1,ORD-000830,DC-10,PICK,RBT-0332,ASSIGNED,EXECUTING,DC-10-Z02,DC-10-Z12,2026-08-21T08:27:00
TSK-000831-1,ORD-000831,DC-13,MOVE,RBT-0239,ASSIGNED,COMPLETE,DC-13-Z07,DC-13-Z07,2026-08-27T16:48:00
TSK-000832-1,ORD-000832,DC-16,STAGE,RBT-0695,ASSIGNED,QUEUED,DC-16-Z01,DC-16-Z04,2026-09-03T13:16:00
TSK-000833-1,ORD-000833,DC-14,REPLENISH,RBT-0302,EXECUTING,QUEUED,DC-14-Z08,DC-14-Z11,2026-08-04T18:26:00
TSK-000833-2,ORD-000833,DC-14,REPLENISH,RBT-0520,EXECUTING,EXECUTING,DC-14-Z12,DC-14-Z12,2026-08-04T18:20:00
TSK-000833-3,ORD-000833,DC-14,STAGE,RBT-0490,EXECUTING,EXECUTING,DC-14-Z01,DC-14-Z11,2026-08-04T18:55:00
TSK-000833-4,ORD-000833,DC-14,PACK_FEED,RBT-0595,QUEUED,QUEUED,DC-14-Z10,DC-14-Z04,2026-08-04T19:32:00
TSK-000834-1,ORD-000834,DC-09,PACK_FEED,RBT-0604,COMPLETE,COMPLETE,DC-09-Z05,DC-09-Z02,2026-08-17T02:21:00
TSK-000835-1,ORD-000835,DC-08,REPLENISH,RBT-0178,BLOCKED,EXECUTING,DC-08-Z03,DC-08-Z02,2026-08-10T22:33:00
TSK-000835-2,ORD-000835,DC-08,REPLENISH,RBT-0350,BLOCKED,ASSIGNED,DC-08-Z07,DC-08-Z03,2026-08-10T23:25:00
TSK-000836-1,ORD-000836,DC-17,PACK_FEED,RBT-0135,ASSIGNED,ASSIGNED,DC-17-Z10,DC-17-Z08,2026-08-12T06:12:00
TSK-000836-2,ORD-000836,DC-17,MOVE,RBT-0296,COMPLETE,FAILED,DC-17-Z12,DC-17-Z01,2026-08-12T05:11:00
TSK-000836-3,ORD-000836,DC-17,STAGE,RBT-0145,QUEUED,COMPLETE,DC-17-Z06,DC-17-Z02,2026-08-12T06:00:00
TSK-000837-1,ORD-000837,DC-01,STAGE,RBT-0697,BLOCKED,COMPLETE,DC-01-Z11,DC-01-Z03,2026-08-24T17:07:00
TSK-000838-1,ORD-000838,DC-14,STAGE,RBT-0673,EXECUTING,QUEUED,DC-14-Z03,DC-14-Z11,2026-08-12T04:13:00
TSK-000838-2,ORD-000838,DC-14,STAGE,RBT-0701,BLOCKED,ASSIGNED,DC-14-Z05,DC-14-Z12,2026-08-12T04:14:00
TSK-000838-3,ORD-000838,DC-14,REPLENISH,RBT-0069,QUEUED,QUEUED,DC-14-Z11,DC-14-Z12,2026-08-12T03:44:00
TSK-000839-1,ORD-000839,DC-14,MOVE,RBT-0459,EXECUTING,EXECUTING,DC-14-Z04,DC-14-Z09,2026-08-11T14:39:00
TSK-000840-1,ORD-000840,DC-04,PICK,RBT-0190,COMPLETE,COMPLETE,DC-04-Z03,DC-04-Z07,2026-09-01T04:42:00
TSK-000841-1,ORD-000841,DC-05,PICK,RBT-0370,ASSIGNED,EXECUTING,DC-05-Z09,DC-05-Z03,2026-08-28T18:18:00
TSK-000841-2,ORD-000841,DC-05,REPLENISH,RBT-0369,EXECUTING,EXECUTING,DC-05-Z10,DC-05-Z09,2026-08-28T17:23:00
TSK-000842-1,ORD-000842,DC-13,PACK_FEED,RBT-0468,BLOCKED,COMPLETE,DC-13-Z05,DC-13-Z12,2026-08-01T23:27:00
TSK-000842-2,ORD-000842,DC-13,STAGE,RBT-0434,ASSIGNED,FAILED,DC-13-Z03,DC-13-Z04,2026-08-02T00:22:00
TSK-000843-1,ORD-000843,DC-11,PACK_FEED,RBT-0379,ASSIGNED,QUEUED,DC-11-Z05,DC-11-Z10,2026-08-25T08:54:00
TSK-000843-2,ORD-000843,DC-11,MOVE,RBT-0611,EXECUTING,ASSIGNED,DC-11-Z01,DC-11-Z07,2026-08-25T08:37:00
TSK-000843-3,ORD-000843,DC-11,PACK_FEED,RBT-0585,COMPLETE,QUEUED,DC-11-Z06,DC-11-Z12,2026-08-25T07:48:00
TSK-000844-1,ORD-000844,DC-06,REPLENISH,RBT-0517,QUEUED,ASSIGNED,DC-06-Z02,DC-06-Z10,2026-08-09T02:48:00
TSK-000844-2,ORD-000844,DC-06,MOVE,RBT-0444,QUEUED,EXECUTING,DC-06-Z10,DC-06-Z08,2026-08-09T01:48:00
TSK-000844-3,ORD-000844,DC-06,PICK,RBT-0047,BLOCKED,QUEUED,DC-06-Z02,DC-06-Z08,2026-08-09T01:42:00
TSK-000844-4,ORD-000844,DC-06,REPLENISH,RBT-0115,EXECUTING,COMPLETE,DC-06-Z01,DC-06-Z02,2026-08-09T01:59:00
TSK-000845-1,ORD-000845,DC-03,STAGE,RBT-0376,ASSIGNED,EXECUTING,DC-03-Z02,DC-03-Z05,2026-08-30T12:24:00
TSK-000845-2,ORD-000845,DC-03,STAGE,RBT-0365,COMPLETE,QUEUED,DC-03-Z06,DC-03-Z09,2026-08-30T11:24:00
TSK-000845-3,ORD-000845,DC-03,STAGE,RBT-0582,EXECUTING,COMPLETE,DC-03-Z01,DC-03-Z10,2026-08-30T11:43:00
TSK-000845-4,ORD-000845,DC-03,STAGE,RBT-0348,EXECUTING,COMPLETE,DC-03-Z11,DC-03-Z02,2026-08-30T12:28:00
TSK-000846-1,ORD-000846,DC-15,STAGE,RBT-0492,QUEUED,FAILED,DC-15-Z02,DC-15-Z05,2026-08-25T17:34:00
TSK-000846-2,ORD-000846,DC-15,MOVE,RBT-0252,ASSIGNED,QUEUED,DC-15-Z12,DC-15-Z10,2026-08-25T16:13:00
TSK-000847-1,ORD-000847,DC-07,PACK_FEED,RBT-0249,ASSIGNED,ASSIGNED,DC-07-Z05,DC-07-Z10,2026-08-10T05:25:00
TSK-000848-1,ORD-000848,DC-05,PACK_FEED,RBT-0160,EXECUTING,COMPLETE,DC-05-Z08,DC-05-Z04,2026-09-03T09:30:00
TSK-000848-2,ORD-000848,DC-05,MOVE,RBT-0686,COMPLETE,EXECUTING,DC-05-Z09,DC-05-Z03,2026-09-03T09:04:00
TSK-000848-3,ORD-000848,DC-05,PICK,RBT-0432,BLOCKED,FAILED,DC-05-Z05,DC-05-Z11,2026-09-03T10:14:00
TSK-000848-4,ORD-000848,DC-05,PICK,RBT-0347,QUEUED,COMPLETE,DC-05-Z02,DC-05-Z12,2026-09-03T10:50:00
TSK-000849-1,ORD-000849,DC-03,PACK_FEED,RBT-0171,EXECUTING,FAILED,DC-03-Z01,DC-03-Z06,2026-08-29T17:04:00
TSK-000849-2,ORD-000849,DC-03,STAGE,RBT-0599,QUEUED,FAILED,DC-03-Z02,DC-03-Z03,2026-08-29T17:54:00
TSK-000850-1,ORD-000850,DC-02,PACK_FEED,RBT-0113,COMPLETE,QUEUED,DC-02-Z05,DC-02-Z11,2026-09-02T12:53:00
TSK-000850-2,ORD-000850,DC-02,PACK_FEED,RBT-0467,BLOCKED,FAILED,DC-02-Z06,DC-02-Z11,2026-09-02T13:45:00
TSK-000850-3,ORD-000850,DC-02,STAGE,RBT-0076,COMPLETE,FAILED,DC-02-Z09,DC-02-Z06,2026-09-02T12:15:00
TSK-000850-4,ORD-000850,DC-02,PICK,RBT-0091,BLOCKED,EXECUTING,DC-02-Z04,DC-02-Z11,2026-09-02T14:03:00
TSK-000851-1,ORD-000851,DC-08,MOVE,RBT-0049,BLOCKED,QUEUED,DC-08-Z07,DC-08-Z08,2026-08-23T01:24:00
TSK-000852-1,ORD-000852,DC-14,PACK_FEED,RBT-0252,BLOCKED,EXECUTING,DC-14-Z06,DC-14-Z04,2026-08-23T21:01:00
TSK-000853-1,ORD-000853,DC-13,REPLENISH,RBT-0464,EXECUTING,FAILED,DC-13-Z12,DC-13-Z03,2026-08-16T12:09:00
TSK-000853-2,ORD-000853,DC-13,PACK_FEED,RBT-0338,COMPLETE,QUEUED,DC-13-Z02,DC-13-Z10,2026-08-16T11:31:00
TSK-000853-3,ORD-000853,DC-13,MOVE,RBT-0573,COMPLETE,EXECUTING,DC-13-Z09,DC-13-Z04,2026-08-16T11:44:00
TSK-000853-4,ORD-000853,DC-13,REPLENISH,RBT-0085,COMPLETE,ASSIGNED,DC-13-Z05,DC-13-Z06,2026-08-16T12:31:00
TSK-000854-1,ORD-000854,DC-16,PICK,RBT-0712,ASSIGNED,COMPLETE,DC-16-Z02,DC-16-Z05,2026-09-03T08:26:00
TSK-000854-2,ORD-000854,DC-16,STAGE,RBT-0224,ASSIGNED,ASSIGNED,DC-16-Z11,DC-16-Z09,2026-09-03T08:00:00
TSK-000855-1,ORD-000855,DC-04,PICK,RBT-0211,COMPLETE,EXECUTING,DC-04-Z02,DC-04-Z03,2026-08-01T20:13:00
TSK-000856-1,ORD-000856,DC-10,MOVE,RBT-0347,QUEUED,QUEUED,DC-10-Z02,DC-10-Z10,2026-08-17T06:47:00
TSK-000856-2,ORD-000856,DC-10,PICK,RBT-0114,EXECUTING,COMPLETE,DC-10-Z01,DC-10-Z03,2026-08-17T06:44:00
TSK-000857-1,ORD-000857,DC-03,REPLENISH,RBT-0021,QUEUED,ASSIGNED,DC-03-Z11,DC-03-Z03,2026-08-20T16:47:00
TSK-000857-2,ORD-000857,DC-03,PICK,RBT-0238,EXECUTING,FAILED,DC-03-Z01,DC-03-Z04,2026-08-20T15:48:00
TSK-000857-3,ORD-000857,DC-03,STAGE,RBT-0589,BLOCKED,COMPLETE,DC-03-Z03,DC-03-Z10,2026-08-20T17:18:00
TSK-000858-1,ORD-000858,DC-15,REPLENISH,RBT-0434,EXECUTING,FAILED,DC-15-Z06,DC-15-Z09,2026-09-03T07:53:00
TSK-000858-2,ORD-000858,DC-15,STAGE,RBT-0503,BLOCKED,EXECUTING,DC-15-Z10,DC-15-Z09,2026-09-03T07:43:00
TSK-000858-3,ORD-000858,DC-15,STAGE,RBT-0712,ASSIGNED,ASSIGNED,DC-15-Z07,DC-15-Z06,2026-09-03T08:41:00
TSK-000859-1,ORD-000859,DC-01,STAGE,RBT-0068,BLOCKED,QUEUED,DC-01-Z07,DC-01-Z07,2026-08-22T15:15:00
TSK-000859-2,ORD-000859,DC-01,PICK,RBT-0267,ASSIGNED,ASSIGNED,DC-01-Z11,DC-01-Z03,2026-08-22T14:56:00
TSK-000860-1,ORD-000860,DC-12,PICK,RBT-0157,EXECUTING,ASSIGNED,DC-12-Z11,DC-12-Z12,2026-08-13T00:33:00
TSK-000861-1,ORD-000861,DC-06,REPLENISH,RBT-0243,EXECUTING,ASSIGNED,DC-06-Z03,DC-06-Z12,2026-08-09T14:18:00
TSK-000861-2,ORD-000861,DC-06,REPLENISH,RBT-0154,ASSIGNED,ASSIGNED,DC-06-Z03,DC-06-Z11,2026-08-09T16:02:00
TSK-000861-3,ORD-000861,DC-06,PICK,RBT-0708,COMPLETE,EXECUTING,DC-06-Z02,DC-06-Z09,2026-08-09T15:51:00
TSK-000861-4,ORD-000861,DC-06,STAGE,RBT-0348,COMPLETE,FAILED,DC-06-Z03,DC-06-Z06,2026-08-09T15:23:00
TSK-000862-1,ORD-000862,DC-07,STAGE,RBT-0336,ASSIGNED,QUEUED,DC-07-Z02,DC-07-Z08,2026-08-31T07:21:00
TSK-000863-1,ORD-000863,DC-16,PACK_FEED,RBT-0199,BLOCKED,QUEUED,DC-16-Z02,DC-16-Z07,2026-08-21T13:24:00
TSK-000863-2,ORD-000863,DC-16,STAGE,RBT-0259,ASSIGNED,FAILED,DC-16-Z04,DC-16-Z01,2026-08-21T14:03:00
TSK-000864-1,ORD-000864,DC-18,PICK,RBT-0221,BLOCKED,FAILED,DC-18-Z09,DC-18-Z07,2026-08-08T05:33:00
TSK-000864-2,ORD-000864,DC-18,PICK,RBT-0536,COMPLETE,EXECUTING,DC-18-Z05,DC-18-Z01,2026-08-08T05:31:00
TSK-000864-3,ORD-000864,DC-18,REPLENISH,RBT-0542,QUEUED,COMPLETE,DC-18-Z05,DC-18-Z02,2026-08-08T04:57:00
TSK-000865-1,ORD-000865,DC-13,PACK_FEED,RBT-0002,QUEUED,FAILED,DC-13-Z01,DC-13-Z09,2026-08-05T18:22:00
TSK-000865-2,ORD-000865,DC-13,MOVE,RBT-0385,ASSIGNED,QUEUED,DC-13-Z12,DC-13-Z03,2026-08-05T17:03:00
TSK-000866-1,ORD-000866,DC-10,PICK,RBT-0153,BLOCKED,ASSIGNED,DC-10-Z10,DC-10-Z12,2026-08-25T02:32:00
TSK-000866-2,ORD-000866,DC-10,PACK_FEED,RBT-0012,BLOCKED,COMPLETE,DC-10-Z11,DC-10-Z07,2026-08-25T01:02:00
TSK-000867-1,ORD-000867,DC-06,REPLENISH,RBT-0569,EXECUTING,ASSIGNED,DC-06-Z11,DC-06-Z03,2026-09-02T19:25:00
TSK-000867-2,ORD-000867,DC-06,MOVE,RBT-0330,BLOCKED,ASSIGNED,DC-06-Z05,DC-06-Z09,2026-09-02T19:39:00
TSK-000867-3,ORD-000867,DC-06,PICK,RBT-0241,COMPLETE,QUEUED,DC-06-Z08,DC-06-Z11,2026-09-02T21:09:00
TSK-000867-4,ORD-000867,DC-06,PICK,RBT-0355,QUEUED,FAILED,DC-06-Z03,DC-06-Z03,2026-09-02T21:15:00
TSK-000868-1,ORD-000868,DC-14,STAGE,RBT-0030,COMPLETE,ASSIGNED,DC-14-Z10,DC-14-Z12,2026-08-03T15:24:00
TSK-000868-2,ORD-000868,DC-14,REPLENISH,RBT-0237,BLOCKED,ASSIGNED,DC-14-Z10,DC-14-Z12,2026-08-03T14:57:00
TSK-000868-3,ORD-000868,DC-14,PICK,RBT-0444,ASSIGNED,EXECUTING,DC-14-Z02,DC-14-Z04,2026-08-03T16:03:00
TSK-000869-1,ORD-000869,DC-13,REPLENISH,RBT-0437,EXECUTING,ASSIGNED,DC-13-Z03,DC-13-Z09,2026-08-12T22:51:00
TSK-000870-1,ORD-000870,DC-11,MOVE,RBT-0173,ASSIGNED,COMPLETE,DC-11-Z03,DC-11-Z10,2026-08-24T20:08:00
TSK-000870-2,ORD-000870,DC-11,STAGE,RBT-0684,EXECUTING,EXECUTING,DC-11-Z05,DC-11-Z02,2026-08-24T20:22:00
TSK-000870-3,ORD-000870,DC-11,PICK,RBT-0371,QUEUED,COMPLETE,DC-11-Z06,DC-11-Z02,2026-08-24T19:46:00
TSK-000870-4,ORD-000870,DC-11,STAGE,RBT-0524,QUEUED,QUEUED,DC-11-Z12,DC-11-Z11,2026-08-24T19:22:00
TSK-000871-1,ORD-000871,DC-15,PACK_FEED,RBT-0019,ASSIGNED,FAILED,DC-15-Z12,DC-15-Z04,2026-08-26T12:35:00
TSK-000871-2,ORD-000871,DC-15,MOVE,RBT-0261,ASSIGNED,QUEUED,DC-15-Z06,DC-15-Z12,2026-08-26T12:29:00
TSK-000871-3,ORD-000871,DC-15,PICK,RBT-0413,COMPLETE,QUEUED,DC-15-Z04,DC-15-Z10,2026-08-26T13:23:00
TSK-000871-4,ORD-000871,DC-15,STAGE,RBT-0064,COMPLETE,ASSIGNED,DC-15-Z09,DC-15-Z11,2026-08-26T11:44:00
TSK-000872-1,ORD-000872,DC-02,STAGE,RBT-0425,EXECUTING,FAILED,DC-02-Z04,DC-02-Z04,2026-08-05T16:32:00
TSK-000872-2,ORD-000872,DC-02,STAGE,RBT-0041,EXECUTING,COMPLETE,DC-02-Z06,DC-02-Z05,2026-08-05T15:14:00
TSK-000872-3,ORD-000872,DC-02,PICK,RBT-0219,BLOCKED,FAILED,DC-02-Z05,DC-02-Z08,2026-08-05T14:59:00
TSK-000872-4,ORD-000872,DC-02,REPLENISH,RBT-0288,BLOCKED,QUEUED,DC-02-Z06,DC-02-Z09,2026-08-05T15:18:00
TSK-000873-1,ORD-000873,DC-03,MOVE,RBT-0179,COMPLETE,FAILED,DC-03-Z02,DC-03-Z07,2026-08-29T12:40:00
TSK-000873-2,ORD-000873,DC-03,MOVE,RBT-0389,BLOCKED,ASSIGNED,DC-03-Z12,DC-03-Z07,2026-08-29T11:54:00
TSK-000874-1,ORD-000874,DC-02,PACK_FEED,RBT-0572,QUEUED,COMPLETE,DC-02-Z10,DC-02-Z06,2026-08-16T13:51:00
TSK-000874-2,ORD-000874,DC-02,PICK,RBT-0244,COMPLETE,ASSIGNED,DC-02-Z12,DC-02-Z12,2026-08-16T13:42:00
TSK-000874-3,ORD-000874,DC-02,PICK,RBT-0235,EXECUTING,ASSIGNED,DC-02-Z06,DC-02-Z07,2026-08-16T13:29:00
TSK-000875-1,ORD-000875,DC-15,MOVE,RBT-0660,BLOCKED,COMPLETE,DC-15-Z12,DC-15-Z02,2026-08-22T06:20:00
TSK-000876-1,ORD-000876,DC-02,STAGE,RBT-0221,COMPLETE,EXECUTING,DC-02-Z05,DC-02-Z09,2026-08-05T20:48:00
TSK-000876-2,ORD-000876,DC-02,STAGE,RBT-0135,BLOCKED,EXECUTING,DC-02-Z01,DC-02-Z03,2026-08-05T18:57:00
TSK-000876-3,ORD-000876,DC-02,PACK_FEED,RBT-0460,BLOCKED,COMPLETE,DC-02-Z12,DC-02-Z09,2026-08-05T19:32:00
TSK-000876-4,ORD-000876,DC-02,REPLENISH,RBT-0152,BLOCKED,FAILED,DC-02-Z04,DC-02-Z10,2026-08-05T20:37:00
TSK-000877-1,ORD-000877,DC-01,REPLENISH,RBT-0179,BLOCKED,FAILED,DC-01-Z03,DC-01-Z12,2026-08-04T12:38:00
TSK-000877-2,ORD-000877,DC-01,PICK,RBT-0279,BLOCKED,EXECUTING,DC-01-Z11,DC-01-Z04,2026-08-04T12:11:00
TSK-000877-3,ORD-000877,DC-01,STAGE,RBT-0161,QUEUED,FAILED,DC-01-Z04,DC-01-Z08,2026-08-04T12:40:00
TSK-000877-4,ORD-000877,DC-01,MOVE,RBT-0617,QUEUED,COMPLETE,DC-01-Z09,DC-01-Z08,2026-08-04T11:39:00
TSK-000878-1,ORD-000878,DC-09,PACK_FEED,RBT-0208,COMPLETE,COMPLETE,DC-09-Z12,DC-09-Z08,2026-08-02T16:57:00
TSK-000878-2,ORD-000878,DC-09,STAGE,RBT-0415,BLOCKED,ASSIGNED,DC-09-Z11,DC-09-Z10,2026-08-02T17:20:00
TSK-000878-3,ORD-000878,DC-09,REPLENISH,RBT-0076,EXECUTING,EXECUTING,DC-09-Z10,DC-09-Z08,2026-08-02T16:37:00
TSK-000878-4,ORD-000878,DC-09,STAGE,RBT-0596,COMPLETE,COMPLETE,DC-09-Z11,DC-09-Z09,2026-08-02T17:33:00
TSK-000879-1,ORD-000879,DC-10,REPLENISH,RBT-0122,BLOCKED,FAILED,DC-10-Z02,DC-10-Z04,2026-08-10T09:36:00
TSK-000879-2,ORD-000879,DC-10,MOVE,RBT-0260,ASSIGNED,ASSIGNED,DC-10-Z12,DC-10-Z07,2026-08-10T09:09:00
TSK-000879-3,ORD-000879,DC-10,PACK_FEED,RBT-0306,EXECUTING,EXECUTING,DC-10-Z06,DC-10-Z02,2026-08-10T09:44:00
TSK-000880-1,ORD-000880,DC-10,MOVE,RBT-0511,ASSIGNED,COMPLETE,DC-10-Z09,DC-10-Z11,2026-08-01T08:25:00
TSK-000880-2,ORD-000880,DC-10,STAGE,RBT-0456,EXECUTING,EXECUTING,DC-10-Z06,DC-10-Z01,2026-08-01T09:57:00
TSK-000880-3,ORD-000880,DC-10,MOVE,RBT-0437,EXECUTING,ASSIGNED,DC-10-Z12,DC-10-Z01,2026-08-01T09:52:00
TSK-000881-1,ORD-000881,DC-13,STAGE,RBT-0609,ASSIGNED,FAILED,DC-13-Z11,DC-13-Z04,2026-08-16T18:52:00
TSK-000881-2,ORD-000881,DC-13,MOVE,RBT-0037,QUEUED,FAILED,DC-13-Z04,DC-13-Z03,2026-08-16T18:41:00
TSK-000881-3,ORD-000881,DC-13,MOVE,RBT-0694,ASSIGNED,ASSIGNED,DC-13-Z01,DC-13-Z10,2026-08-16T18:38:00
TSK-000881-4,ORD-000881,DC-13,MOVE,RBT-0106,QUEUED,EXECUTING,DC-13-Z09,DC-13-Z03,2026-08-16T18:32:00
TSK-000882-1,ORD-000882,DC-11,PICK,RBT-0306,BLOCKED,FAILED,DC-11-Z08,DC-11-Z08,2026-08-22T17:37:00
TSK-000882-2,ORD-000882,DC-11,STAGE,RBT-0383,QUEUED,COMPLETE,DC-11-Z05,DC-11-Z09,2026-08-22T18:01:00
TSK-000882-3,ORD-000882,DC-11,STAGE,RBT-0421,BLOCKED,EXECUTING,DC-11-Z12,DC-11-Z01,2026-08-22T17:00:00
TSK-000883-1,ORD-000883,DC-16,PICK,RBT-0451,EXECUTING,ASSIGNED,DC-16-Z08,DC-16-Z03,2026-09-04T21:35:00
TSK-000884-1,ORD-000884,DC-11,MOVE,RBT-0230,BLOCKED,EXECUTING,DC-11-Z05,DC-11-Z08,2026-08-26T23:24:00
TSK-000884-2,ORD-000884,DC-11,PACK_FEED,RBT-0602,EXECUTING,EXECUTING,DC-11-Z02,DC-11-Z01,2026-08-27T00:39:00
TSK-000884-3,ORD-000884,DC-11,REPLENISH,RBT-0475,QUEUED,FAILED,DC-11-Z02,DC-11-Z05,2026-08-26T23:40:00
TSK-000884-4,ORD-000884,DC-11,PACK_FEED,RBT-0655,COMPLETE,EXECUTING,DC-11-Z10,DC-11-Z07,2026-08-26T23:13:00
TSK-000885-1,ORD-000885,DC-08,MOVE,RBT-0062,EXECUTING,FAILED,DC-08-Z02,DC-08-Z08,2026-08-17T00:39:00
TSK-000885-2,ORD-000885,DC-08,PICK,RBT-0395,COMPLETE,QUEUED,DC-08-Z09,DC-08-Z07,2026-08-17T01:33:00
TSK-000885-3,ORD-000885,DC-08,MOVE,RBT-0215,BLOCKED,QUEUED,DC-08-Z01,DC-08-Z04,2026-08-17T00:52:00
TSK-000886-1,ORD-000886,DC-06,PACK_FEED,RBT-0510,EXECUTING,FAILED,DC-06-Z01,DC-06-Z10,2026-08-08T12:17:00
TSK-000886-2,ORD-000886,DC-06,PACK_FEED,RBT-0389,BLOCKED,COMPLETE,DC-06-Z12,DC-06-Z09,2026-08-08T13:22:00
TSK-000886-3,ORD-000886,DC-06,PACK_FEED,RBT-0107,ASSIGNED,ASSIGNED,DC-06-Z06,DC-06-Z03,2026-08-08T11:57:00
TSK-000887-1,ORD-000887,DC-14,REPLENISH,RBT-0356,EXECUTING,COMPLETE,DC-14-Z11,DC-14-Z03,2026-08-19T16:10:00
TSK-000888-1,ORD-000888,DC-07,REPLENISH,RBT-0193,QUEUED,QUEUED,DC-07-Z03,DC-07-Z02,2026-08-02T02:33:00
TSK-000888-2,ORD-000888,DC-07,STAGE,RBT-0215,COMPLETE,QUEUED,DC-07-Z04,DC-07-Z07,2026-08-02T01:57:00
TSK-000888-3,ORD-000888,DC-07,PICK,RBT-0058,COMPLETE,EXECUTING,DC-07-Z11,DC-07-Z05,2026-08-02T01:05:00
TSK-000889-1,ORD-000889,DC-07,PACK_FEED,RBT-0131,ASSIGNED,FAILED,DC-07-Z03,DC-07-Z05,2026-08-15T03:42:00
TSK-000889-2,ORD-000889,DC-07,PICK,RBT-0627,ASSIGNED,QUEUED,DC-07-Z11,DC-07-Z12,2026-08-15T02:29:00
TSK-000890-1,ORD-000890,DC-14,MOVE,RBT-0271,COMPLETE,EXECUTING,DC-14-Z01,DC-14-Z02,2026-08-23T01:17:00
TSK-000890-2,ORD-000890,DC-14,STAGE,RBT-0703,ASSIGNED,FAILED,DC-14-Z12,DC-14-Z09,2026-08-23T01:05:00
TSK-000890-3,ORD-000890,DC-14,REPLENISH,RBT-0071,ASSIGNED,QUEUED,DC-14-Z08,DC-14-Z10,2026-08-23T00:55:00
TSK-000891-1,ORD-000891,DC-17,STAGE,RBT-0079,ASSIGNED,QUEUED,DC-17-Z10,DC-17-Z06,2026-08-10T16:26:00
TSK-000891-2,ORD-000891,DC-17,STAGE,RBT-0220,ASSIGNED,ASSIGNED,DC-17-Z04,DC-17-Z04,2026-08-10T15:48:00
TSK-000891-3,ORD-000891,DC-17,PICK,RBT-0333,BLOCKED,EXECUTING,DC-17-Z02,DC-17-Z11,2026-08-10T16:33:00
TSK-000891-4,ORD-000891,DC-17,STAGE,RBT-0455,COMPLETE,ASSIGNED,DC-17-Z07,DC-17-Z11,2026-08-10T16:29:00
TSK-000892-1,ORD-000892,DC-02,PICK,RBT-0660,QUEUED,ASSIGNED,DC-02-Z04,DC-02-Z05,2026-08-29T16:15:00
TSK-000892-2,ORD-000892,DC-02,PICK,RBT-0692,QUEUED,FAILED,DC-02-Z03,DC-02-Z06,2026-08-29T16:43:00
TSK-000893-1,ORD-000893,DC-01,REPLENISH,RBT-0668,EXECUTING,QUEUED,DC-01-Z06,DC-01-Z03,2026-08-29T03:58:00
TSK-000893-2,ORD-000893,DC-01,REPLENISH,RBT-0501,ASSIGNED,COMPLETE,DC-01-Z05,DC-01-Z07,2026-08-29T03:43:00
TSK-000894-1,ORD-000894,DC-13,MOVE,RBT-0092,EXECUTING,EXECUTING,DC-13-Z05,DC-13-Z07,2026-08-24T23:58:00
TSK-000894-2,ORD-000894,DC-13,REPLENISH,RBT-0475,BLOCKED,ASSIGNED,DC-13-Z11,DC-13-Z03,2026-08-25T00:39:00
TSK-000894-3,ORD-000894,DC-13,REPLENISH,RBT-0141,ASSIGNED,QUEUED,DC-13-Z01,DC-13-Z02,2026-08-24T23:25:00
TSK-000894-4,ORD-000894,DC-13,MOVE,RBT-0515,EXECUTING,EXECUTING,DC-13-Z06,DC-13-Z09,2026-08-24T23:49:00
TSK-000895-1,ORD-000895,DC-02,PICK,RBT-0605,BLOCKED,QUEUED,DC-02-Z03,DC-02-Z05,2026-08-28T04:30:00
TSK-000896-1,ORD-000896,DC-06,REPLENISH,RBT-0367,QUEUED,ASSIGNED,DC-06-Z05,DC-06-Z06,2026-08-15T20:07:00
TSK-000896-2,ORD-000896,DC-06,PACK_FEED,RBT-0072,BLOCKED,ASSIGNED,DC-06-Z08,DC-06-Z02,2026-08-15T20:18:00
TSK-000897-1,ORD-000897,DC-18,REPLENISH,RBT-0196,EXECUTING,EXECUTING,DC-18-Z09,DC-18-Z02,2026-08-17T20:58:00
TSK-000898-1,ORD-000898,DC-14,STAGE,RBT-0446,ASSIGNED,FAILED,DC-14-Z08,DC-14-Z10,2026-08-19T08:03:00
TSK-000898-2,ORD-000898,DC-14,STAGE,RBT-0412,QUEUED,QUEUED,DC-14-Z07,DC-14-Z11,2026-08-19T07:19:00
TSK-000899-1,ORD-000899,DC-14,PACK_FEED,RBT-0627,QUEUED,QUEUED,DC-14-Z06,DC-14-Z06,2026-08-22T08:07:00
TSK-000899-2,ORD-000899,DC-14,REPLENISH,RBT-0068,EXECUTING,FAILED,DC-14-Z08,DC-14-Z04,2026-08-22T09:37:00
TSK-000900-1,ORD-000900,DC-03,REPLENISH,RBT-0042,BLOCKED,FAILED,DC-03-Z03,DC-03-Z12,2026-08-25T23:31:00
TSK-000900-2,ORD-000900,DC-03,MOVE,RBT-0672,ASSIGNED,QUEUED,DC-03-Z04,DC-03-Z06,2026-08-25T23:22:00
TSK-000901-1,ORD-000901,DC-09,PICK,RBT-0391,ASSIGNED,FAILED,DC-09-Z09,DC-09-Z03,2026-08-25T05:41:00
TSK-000901-2,ORD-000901,DC-09,REPLENISH,RBT-0549,QUEUED,QUEUED,DC-09-Z07,DC-09-Z09,2026-08-25T04:23:00
TSK-000902-1,ORD-000902,DC-15,PICK,RBT-0121,ASSIGNED,FAILED,DC-15-Z11,DC-15-Z07,2026-08-12T14:44:00
TSK-000903-1,ORD-000903,DC-06,REPLENISH,RBT-0165,ASSIGNED,ASSIGNED,DC-06-Z12,DC-06-Z01,2026-08-14T04:10:00
TSK-000903-2,ORD-000903,DC-06,PICK,RBT-0251,ASSIGNED,EXECUTING,DC-06-Z07,DC-06-Z05,2026-08-14T03:46:00
TSK-000904-1,ORD-000904,DC-16,PICK,RBT-0599,COMPLETE,QUEUED,DC-16-Z02,DC-16-Z11,2026-08-12T16:44:00
TSK-000904-2,ORD-000904,DC-16,MOVE,RBT-0552,BLOCKED,FAILED,DC-16-Z03,DC-16-Z07,2026-08-12T17:33:00
TSK-000904-3,ORD-000904,DC-16,PICK,RBT-0571,COMPLETE,ASSIGNED,DC-16-Z08,DC-16-Z12,2026-08-12T16:14:00
TSK-000905-1,ORD-000905,DC-07,MOVE,RBT-0095,ASSIGNED,ASSIGNED,DC-07-Z04,DC-07-Z04,2026-08-29T02:53:00
TSK-000905-2,ORD-000905,DC-07,STAGE,RBT-0441,BLOCKED,QUEUED,DC-07-Z12,DC-07-Z05,2026-08-29T03:12:00
TSK-000905-3,ORD-000905,DC-07,PACK_FEED,RBT-0436,COMPLETE,ASSIGNED,DC-07-Z02,DC-07-Z02,2026-08-29T03:22:00
TSK-000905-4,ORD-000905,DC-07,MOVE,RBT-0278,COMPLETE,FAILED,DC-07-Z09,DC-07-Z08,2026-08-29T03:20:00
TSK-000906-1,ORD-000906,DC-02,STAGE,RBT-0679,BLOCKED,FAILED,DC-02-Z04,DC-02-Z06,2026-08-31T16:07:00
TSK-000906-2,ORD-000906,DC-02,MOVE,RBT-0416,BLOCKED,FAILED,DC-02-Z02,DC-02-Z02,2026-08-31T16:33:00
TSK-000906-3,ORD-000906,DC-02,MOVE,RBT-0393,EXECUTING,ASSIGNED,DC-02-Z10,DC-02-Z01,2026-08-31T15:10:00
TSK-000906-4,ORD-000906,DC-02,PICK,RBT-0599,EXECUTING,COMPLETE,DC-02-Z03,DC-02-Z08,2026-08-31T14:39:00
TSK-000907-1,ORD-000907,DC-10,MOVE,RBT-0520,BLOCKED,QUEUED,DC-10-Z12,DC-10-Z01,2026-09-01T08:18:00
TSK-000907-2,ORD-000907,DC-10,REPLENISH,RBT-0069,EXECUTING,COMPLETE,DC-10-Z07,DC-10-Z10,2026-09-01T08:02:00
TSK-000907-3,ORD-000907,DC-10,PICK,RBT-0320,COMPLETE,EXECUTING,DC-10-Z08,DC-10-Z06,2026-09-01T08:29:00
TSK-000907-4,ORD-000907,DC-10,STAGE,RBT-0441,QUEUED,COMPLETE,DC-10-Z09,DC-10-Z10,2026-09-01T09:04:00
TSK-000908-1,ORD-000908,DC-05,MOVE,RBT-0214,COMPLETE,FAILED,DC-05-Z08,DC-05-Z10,2026-08-26T17:11:00
TSK-000908-2,ORD-000908,DC-05,PACK_FEED,RBT-0571,EXECUTING,FAILED,DC-05-Z03,DC-05-Z06,2026-08-26T16:48:00
TSK-000908-3,ORD-000908,DC-05,MOVE,RBT-0653,COMPLETE,FAILED,DC-05-Z01,DC-05-Z11,2026-08-26T17:32:00
TSK-000909-1,ORD-000909,DC-01,STAGE,RBT-0636,EXECUTING,FAILED,DC-01-Z07,DC-01-Z03,2026-08-14T07:06:00
TSK-000909-2,ORD-000909,DC-01,PACK_FEED,RBT-0602,COMPLETE,FAILED,DC-01-Z04,DC-01-Z12,2026-08-14T06:18:00
TSK-000909-3,ORD-000909,DC-01,REPLENISH,RBT-0447,BLOCKED,EXECUTING,DC-01-Z07,DC-01-Z03,2026-08-14T06:52:00
TSK-000909-4,ORD-000909,DC-01,MOVE,RBT-0500,ASSIGNED,FAILED,DC-01-Z11,DC-01-Z04,2026-08-14T05:18:00
TSK-000910-1,ORD-000910,DC-01,PICK,RBT-0405,ASSIGNED,FAILED,DC-01-Z07,DC-01-Z11,2026-08-23T17:10:00
TSK-000910-2,ORD-000910,DC-01,STAGE,RBT-0500,EXECUTING,EXECUTING,DC-01-Z03,DC-01-Z01,2026-08-23T18:15:00
TSK-000910-3,ORD-000910,DC-01,REPLENISH,RBT-0199,ASSIGNED,ASSIGNED,DC-01-Z08,DC-01-Z08,2026-08-23T17:39:00
TSK-000911-1,ORD-000911,DC-03,STAGE,RBT-0251,ASSIGNED,EXECUTING,DC-03-Z10,DC-03-Z10,2026-08-22T16:50:00
TSK-000911-2,ORD-000911,DC-03,STAGE,RBT-0250,BLOCKED,EXECUTING,DC-03-Z12,DC-03-Z01,2026-08-22T16:29:00
TSK-000911-3,ORD-000911,DC-03,PICK,RBT-0197,QUEUED,FAILED,DC-03-Z06,DC-03-Z04,2026-08-22T17:04:00
TSK-000912-1,ORD-000912,DC-10,STAGE,RBT-0303,ASSIGNED,QUEUED,DC-10-Z01,DC-10-Z02,2026-08-30T00:25:00
TSK-000912-2,ORD-000912,DC-10,STAGE,RBT-0651,COMPLETE,ASSIGNED,DC-10-Z02,DC-10-Z08,2026-08-29T23:46:00
TSK-000913-1,ORD-000913,DC-17,STAGE,RBT-0384,QUEUED,COMPLETE,DC-17-Z12,DC-17-Z05,2026-08-23T10:22:00
TSK-000914-1,ORD-000914,DC-11,MOVE,RBT-0003,COMPLETE,COMPLETE,DC-11-Z09,DC-11-Z12,2026-08-28T19:28:00
TSK-000914-2,ORD-000914,DC-11,PACK_FEED,RBT-0614,QUEUED,FAILED,DC-11-Z06,DC-11-Z06,2026-08-28T20:06:00
TSK-000915-1,ORD-000915,DC-15,STAGE,RBT-0069,COMPLETE,ASSIGNED,DC-15-Z12,DC-15-Z11,2026-08-31T19:59:00
TSK-000915-2,ORD-000915,DC-15,PACK_FEED,RBT-0313,EXECUTING,COMPLETE,DC-15-Z04,DC-15-Z10,2026-08-31T19:20:00
TSK-000916-1,ORD-000916,DC-08,REPLENISH,RBT-0306,EXECUTING,COMPLETE,DC-08-Z12,DC-08-Z10,2026-08-12T17:12:00
TSK-000916-2,ORD-000916,DC-08,MOVE,RBT-0266,ASSIGNED,EXECUTING,DC-08-Z01,DC-08-Z10,2026-08-12T17:41:00
TSK-000916-3,ORD-000916,DC-08,PICK,RBT-0218,QUEUED,ASSIGNED,DC-08-Z09,DC-08-Z05,2026-08-12T16:33:00
TSK-000916-4,ORD-000916,DC-08,MOVE,RBT-0457,QUEUED,QUEUED,DC-08-Z06,DC-08-Z03,2026-08-12T16:12:00
TSK-000917-1,ORD-000917,DC-13,REPLENISH,RBT-0554,BLOCKED,ASSIGNED,DC-13-Z01,DC-13-Z12,2026-08-17T10:05:00
TSK-000917-2,ORD-000917,DC-13,STAGE,RBT-0572,ASSIGNED,EXECUTING,DC-13-Z04,DC-13-Z10,2026-08-17T11:15:00
TSK-000917-3,ORD-000917,DC-13,PACK_FEED,RBT-0651,COMPLETE,ASSIGNED,DC-13-Z01,DC-13-Z01,2026-08-17T11:12:00
TSK-000918-1,ORD-000918,DC-12,STAGE,RBT-0454,QUEUED,FAILED,DC-12-Z10,DC-12-Z06,2026-08-10T16:37:00
TSK-000918-2,ORD-000918,DC-12,PACK_FEED,RBT-0116,ASSIGNED,EXECUTING,DC-12-Z07,DC-12-Z10,2026-08-10T17:15:00
TSK-000918-3,ORD-000918,DC-12,MOVE,RBT-0349,COMPLETE,EXECUTING,DC-12-Z07,DC-12-Z10,2026-08-10T17:30:00
TSK-000918-4,ORD-000918,DC-12,STAGE,RBT-0414,ASSIGNED,FAILED,DC-12-Z05,DC-12-Z01,2026-08-10T16:29:00
TSK-000919-1,ORD-000919,DC-07,MOVE,RBT-0621,EXECUTING,ASSIGNED,DC-07-Z11,DC-07-Z11,2026-09-01T06:22:00
TSK-000919-2,ORD-000919,DC-07,PACK_FEED,RBT-0360,BLOCKED,COMPLETE,DC-07-Z07,DC-07-Z06,2026-09-01T06:05:00
TSK-000920-1,ORD-000920,DC-06,STAGE,RBT-0699,COMPLETE,COMPLETE,DC-06-Z01,DC-06-Z05,2026-08-07T17:34:00
TSK-000920-2,ORD-000920,DC-06,REPLENISH,RBT-0223,EXECUTING,QUEUED,DC-06-Z10,DC-06-Z02,2026-08-07T17:32:00
TSK-000920-3,ORD-000920,DC-06,MOVE,RBT-0300,BLOCKED,ASSIGNED,DC-06-Z09,DC-06-Z11,2026-08-07T17:14:00
TSK-000921-1,ORD-000921,DC-09,PICK,RBT-0274,QUEUED,FAILED,DC-09-Z07,DC-09-Z04,2026-09-04T22:38:00
TSK-000921-2,ORD-000921,DC-09,PACK_FEED,RBT-0315,ASSIGNED,COMPLETE,DC-09-Z07,DC-09-Z11,2026-09-04T21:09:00
TSK-000922-1,ORD-000922,DC-01,PACK_FEED,RBT-0136,ASSIGNED,ASSIGNED,DC-01-Z12,DC-01-Z05,2026-08-06T01:23:00
TSK-000922-2,ORD-000922,DC-01,PICK,RBT-0314,EXECUTING,ASSIGNED,DC-01-Z12,DC-01-Z09,2026-08-06T01:46:00
TSK-000922-3,ORD-000922,DC-01,REPLENISH,RBT-0120,ASSIGNED,QUEUED,DC-01-Z07,DC-01-Z06,2026-08-06T01:36:00
TSK-000923-1,ORD-000923,DC-16,STAGE,RBT-0072,QUEUED,FAILED,DC-16-Z12,DC-16-Z08,2026-08-11T08:40:00
TSK-000923-2,ORD-000923,DC-16,REPLENISH,RBT-0498,COMPLETE,COMPLETE,DC-16-Z10,DC-16-Z08,2026-08-11T08:17:00
TSK-000924-1,ORD-000924,DC-09,STAGE,RBT-0459,QUEUED,ASSIGNED,DC-09-Z04,DC-09-Z01,2026-09-03T06:17:00
TSK-000924-2,ORD-000924,DC-09,REPLENISH,RBT-0642,BLOCKED,ASSIGNED,DC-09-Z02,DC-09-Z10,2026-09-03T05:13:00
TSK-000925-1,ORD-000925,DC-15,REPLENISH,RBT-0682,ASSIGNED,QUEUED,DC-15-Z10,DC-15-Z11,2026-08-04T08:38:00
TSK-000925-2,ORD-000925,DC-15,PACK_FEED,RBT-0292,QUEUED,EXECUTING,DC-15-Z03,DC-15-Z04,2026-08-04T08:23:00
TSK-000925-3,ORD-000925,DC-15,MOVE,RBT-0337,ASSIGNED,FAILED,DC-15-Z05,DC-15-Z11,2026-08-04T08:18:00
TSK-000925-4,ORD-000925,DC-15,MOVE,RBT-0221,BLOCKED,EXECUTING,DC-15-Z05,DC-15-Z06,2026-08-04T07:35:00
TSK-000926-1,ORD-000926,DC-13,PICK,RBT-0192,COMPLETE,ASSIGNED,DC-13-Z08,DC-13-Z07,2026-08-10T00:51:00
TSK-000926-2,ORD-000926,DC-13,STAGE,RBT-0642,ASSIGNED,ASSIGNED,DC-13-Z11,DC-13-Z12,2026-08-10T00:36:00
TSK-000926-3,ORD-000926,DC-13,STAGE,RBT-0353,ASSIGNED,QUEUED,DC-13-Z08,DC-13-Z07,2026-08-10T00:42:00
TSK-000927-1,ORD-000927,DC-10,REPLENISH,RBT-0112,QUEUED,COMPLETE,DC-10-Z10,DC-10-Z05,2026-08-18T19:12:00
TSK-000927-2,ORD-000927,DC-10,PACK_FEED,RBT-0348,QUEUED,COMPLETE,DC-10-Z07,DC-10-Z09,2026-08-18T20:19:00
TSK-000927-3,ORD-000927,DC-10,REPLENISH,RBT-0546,EXECUTING,COMPLETE,DC-10-Z08,DC-10-Z10,2026-08-18T18:48:00
TSK-000928-1,ORD-000928,DC-15,STAGE,RBT-0198,EXECUTING,ASSIGNED,DC-15-Z03,DC-15-Z09,2026-08-11T06:22:00
TSK-000928-2,ORD-000928,DC-15,MOVE,RBT-0144,BLOCKED,COMPLETE,DC-15-Z10,DC-15-Z01,2026-08-11T08:09:00
TSK-000928-3,ORD-000928,DC-15,PACK_FEED,RBT-0064,EXECUTING,ASSIGNED,DC-15-Z10,DC-15-Z08,2026-08-11T07:50:00
TSK-000929-1,ORD-000929,DC-16,REPLENISH,RBT-0179,ASSIGNED,FAILED,DC-16-Z04,DC-16-Z07,2026-08-27T22:13:00
TSK-000929-2,ORD-000929,DC-16,REPLENISH,RBT-0075,QUEUED,ASSIGNED,DC-16-Z06,DC-16-Z08,2026-08-27T22:04:00
TSK-000929-3,ORD-000929,DC-16,MOVE,RBT-0039,QUEUED,QUEUED,DC-16-Z07,DC-16-Z01,2026-08-27T22:15:00
TSK-000929-4,ORD-000929,DC-16,PACK_FEED,RBT-0170,QUEUED,COMPLETE,DC-16-Z03,DC-16-Z05,2026-08-27T22:02:00
TSK-000930-1,ORD-000930,DC-06,STAGE,RBT-0639,BLOCKED,FAILED,DC-06-Z10,DC-06-Z03,2026-08-06T09:04:00
TSK-000931-1,ORD-000931,DC-03,PICK,RBT-0621,BLOCKED,ASSIGNED,DC-03-Z02,DC-03-Z04,2026-08-28T10:10:00
TSK-000931-2,ORD-000931,DC-03,STAGE,RBT-0664,ASSIGNED,QUEUED,DC-03-Z09,DC-03-Z10,2026-08-28T10:08:00
TSK-000932-1,ORD-000932,DC-14,REPLENISH,RBT-0347,BLOCKED,ASSIGNED,DC-14-Z03,DC-14-Z05,2026-08-13T11:27:00
TSK-000933-1,ORD-000933,DC-09,REPLENISH,RBT-0379,QUEUED,FAILED,DC-09-Z05,DC-09-Z08,2026-09-04T08:15:00
TSK-000934-1,ORD-000934,DC-13,STAGE,RBT-0532,COMPLETE,EXECUTING,DC-13-Z01,DC-13-Z09,2026-09-02T03:29:00
TSK-000934-2,ORD-000934,DC-13,STAGE,RBT-0126,BLOCKED,FAILED,DC-13-Z07,DC-13-Z06,2026-09-02T03:59:00
TSK-000935-1,ORD-000935,DC-03,STAGE,RBT-0197,ASSIGNED,QUEUED,DC-03-Z03,DC-03-Z06,2026-08-31T06:53:00
TSK-000935-2,ORD-000935,DC-03,PICK,RBT-0452,EXECUTING,COMPLETE,DC-03-Z01,DC-03-Z04,2026-08-31T07:34:00
TSK-000935-3,ORD-000935,DC-03,PICK,RBT-0702,COMPLETE,COMPLETE,DC-03-Z04,DC-03-Z04,2026-08-31T06:20:00
TSK-000935-4,ORD-000935,DC-03,MOVE,RBT-0426,EXECUTING,EXECUTING,DC-03-Z06,DC-03-Z12,2026-08-31T06:51:00
TSK-000936-1,ORD-000936,DC-15,MOVE,RBT-0065,ASSIGNED,FAILED,DC-15-Z12,DC-15-Z09,2026-08-16T07:36:00
TSK-000937-1,ORD-000937,DC-05,PACK_FEED,RBT-0475,COMPLETE,QUEUED,DC-05-Z07,DC-05-Z01,2026-08-18T08:42:00
TSK-000937-2,ORD-000937,DC-05,PACK_FEED,RBT-0434,COMPLETE,QUEUED,DC-05-Z02,DC-05-Z11,2026-08-18T09:29:00
TSK-000937-3,ORD-000937,DC-05,REPLENISH,RBT-0557,COMPLETE,QUEUED,DC-05-Z07,DC-05-Z05,2026-08-18T08:57:00
TSK-000938-1,ORD-000938,DC-15,STAGE,RBT-0211,BLOCKED,FAILED,DC-15-Z09,DC-15-Z12,2026-08-27T22:55:00
TSK-000938-2,ORD-000938,DC-15,MOVE,RBT-0327,ASSIGNED,QUEUED,DC-15-Z11,DC-15-Z04,2026-08-27T23:42:00
TSK-000939-1,ORD-000939,DC-18,PACK_FEED,RBT-0073,BLOCKED,EXECUTING,DC-18-Z11,DC-18-Z12,2026-08-12T01:44:00
TSK-000939-2,ORD-000939,DC-18,PICK,RBT-0278,ASSIGNED,QUEUED,DC-18-Z10,DC-18-Z07,2026-08-12T02:18:00
TSK-000940-1,ORD-000940,DC-16,STAGE,RBT-0121,ASSIGNED,ASSIGNED,DC-16-Z10,DC-16-Z04,2026-09-03T15:31:00
TSK-000940-2,ORD-000940,DC-16,PICK,RBT-0301,COMPLETE,QUEUED,DC-16-Z11,DC-16-Z02,2026-09-03T16:03:00
TSK-000941-1,ORD-000941,DC-06,STAGE,RBT-0140,ASSIGNED,ASSIGNED,DC-06-Z09,DC-06-Z05,2026-08-06T06:55:00
TSK-000941-2,ORD-000941,DC-06,REPLENISH,RBT-0170,COMPLETE,QUEUED,DC-06-Z10,DC-06-Z01,2026-08-06T05:50:00
TSK-000942-1,ORD-000942,DC-12,REPLENISH,RBT-0424,COMPLETE,EXECUTING,DC-12-Z10,DC-12-Z07,2026-08-04T02:51:00
TSK-000942-2,ORD-000942,DC-12,STAGE,RBT-0120,EXECUTING,QUEUED,DC-12-Z03,DC-12-Z02,2026-08-04T01:50:00
TSK-000943-1,ORD-000943,DC-16,STAGE,RBT-0556,BLOCKED,QUEUED,DC-16-Z11,DC-16-Z04,2026-08-07T16:28:00
TSK-000943-2,ORD-000943,DC-16,MOVE,RBT-0454,QUEUED,QUEUED,DC-16-Z10,DC-16-Z10,2026-08-07T15:47:00
TSK-000943-3,ORD-000943,DC-16,STAGE,RBT-0086,EXECUTING,FAILED,DC-16-Z02,DC-16-Z04,2026-08-07T16:30:00
TSK-000944-1,ORD-000944,DC-09,REPLENISH,RBT-0231,EXECUTING,ASSIGNED,DC-09-Z03,DC-09-Z05,2026-08-14T21:36:00
TSK-000944-2,ORD-000944,DC-09,MOVE,RBT-0494,BLOCKED,FAILED,DC-09-Z06,DC-09-Z05,2026-08-14T21:20:00
TSK-000945-1,ORD-000945,DC-18,PICK,RBT-0712,EXECUTING,COMPLETE,DC-18-Z05,DC-18-Z03,2026-08-03T17:12:00
TSK-000946-1,ORD-000946,DC-15,STAGE,RBT-0205,BLOCKED,FAILED,DC-15-Z10,DC-15-Z06,2026-08-05T06:38:00
TSK-000946-2,ORD-000946,DC-15,MOVE,RBT-0512,EXECUTING,QUEUED,DC-15-Z05,DC-15-Z09,2026-08-05T05:32:00
TSK-000946-3,ORD-000946,DC-15,STAGE,RBT-0091,EXECUTING,COMPLETE,DC-15-Z06,DC-15-Z04,2026-08-05T05:42:00
TSK-000947-1,ORD-000947,DC-09,PACK_FEED,RBT-0136,QUEUED,FAILED,DC-09-Z02,DC-09-Z11,2026-09-04T19:29:00
TSK-000947-2,ORD-000947,DC-09,PICK,RBT-0179,EXECUTING,QUEUED,DC-09-Z05,DC-09-Z09,2026-09-04T18:20:00
TSK-000947-3,ORD-000947,DC-09,PACK_FEED,RBT-0643,ASSIGNED,EXECUTING,DC-09-Z09,DC-09-Z05,2026-09-04T19:59:00
TSK-000947-4,ORD-000947,DC-09,REPLENISH,RBT-0693,EXECUTING,FAILED,DC-09-Z06,DC-09-Z05,2026-09-04T19:51:00
TSK-000948-1,ORD-000948,DC-08,STAGE,RBT-0230,QUEUED,ASSIGNED,DC-08-Z11,DC-08-Z03,2026-08-30T19:40:00
TSK-000948-2,ORD-000948,DC-08,STAGE,RBT-0158,ASSIGNED,FAILED,DC-08-Z12,DC-08-Z08,2026-08-30T19:24:00
TSK-000948-3,ORD-000948,DC-08,STAGE,RBT-0692,BLOCKED,EXECUTING,DC-08-Z05,DC-08-Z02,2026-08-30T18:14:00
TSK-000949-1,ORD-000949,DC-01,PICK,RBT-0495,EXECUTING,FAILED,DC-01-Z10,DC-01-Z11,2026-08-31T21:33:00
TSK-000949-2,ORD-000949,DC-01,STAGE,RBT-0323,QUEUED,ASSIGNED,DC-01-Z07,DC-01-Z10,2026-08-31T20:54:00
TSK-000949-3,ORD-000949,DC-01,PACK_FEED,RBT-0404,BLOCKED,ASSIGNED,DC-01-Z01,DC-01-Z02,2026-08-31T20:42:00
TSK-000950-1,ORD-000950,DC-04,MOVE,RBT-0171,ASSIGNED,ASSIGNED,DC-04-Z02,DC-04-Z11,2026-08-15T20:19:00
TSK-000951-1,ORD-000951,DC-17,PACK_FEED,RBT-0522,BLOCKED,QUEUED,DC-17-Z04,DC-17-Z02,2026-08-31T17:54:00
TSK-000951-2,ORD-000951,DC-17,MOVE,RBT-0344,ASSIGNED,ASSIGNED,DC-17-Z04,DC-17-Z05,2026-08-31T18:00:00
TSK-000951-3,ORD-000951,DC-17,PACK_FEED,RBT-0434,COMPLETE,FAILED,DC-17-Z07,DC-17-Z05,2026-08-31T16:20:00
TSK-000952-1,ORD-000952,DC-10,PACK_FEED,RBT-0587,EXECUTING,ASSIGNED,DC-10-Z09,DC-10-Z06,2026-08-28T17:30:00
TSK-000953-1,ORD-000953,DC-13,MOVE,RBT-0135,COMPLETE,ASSIGNED,DC-13-Z09,DC-13-Z03,2026-08-20T20:40:00
TSK-000953-2,ORD-000953,DC-13,REPLENISH,RBT-0069,COMPLETE,ASSIGNED,DC-13-Z01,DC-13-Z09,2026-08-20T21:10:00
TSK-000953-3,ORD-000953,DC-13,PACK_FEED,RBT-0676,ASSIGNED,QUEUED,DC-13-Z10,DC-13-Z09,2026-08-20T22:24:00
TSK-000954-1,ORD-000954,DC-05,REPLENISH,RBT-0099,COMPLETE,FAILED,DC-05-Z10,DC-05-Z10,2026-08-08T06:24:00
TSK-000955-1,ORD-000955,DC-01,PICK,RBT-0681,BLOCKED,EXECUTING,DC-01-Z04,DC-01-Z03,2026-08-04T02:07:00
TSK-000955-2,ORD-000955,DC-01,PACK_FEED,RBT-0339,QUEUED,FAILED,DC-01-Z06,DC-01-Z01,2026-08-04T01:50:00
TSK-000956-1,ORD-000956,DC-17,REPLENISH,RBT-0130,QUEUED,COMPLETE,DC-17-Z03,DC-17-Z06,2026-09-04T09:02:00
TSK-000956-2,ORD-000956,DC-17,MOVE,RBT-0118,QUEUED,QUEUED,DC-17-Z07,DC-17-Z10,2026-09-04T08:39:00
TSK-000956-3,ORD-000956,DC-17,REPLENISH,RBT-0653,ASSIGNED,FAILED,DC-17-Z03,DC-17-Z11,2026-09-04T10:15:00
TSK-000956-4,ORD-000956,DC-17,PACK_FEED,RBT-0532,EXECUTING,COMPLETE,DC-17-Z01,DC-17-Z05,2026-09-04T09:40:00
TSK-000957-1,ORD-000957,DC-02,PACK_FEED,RBT-0612,EXECUTING,COMPLETE,DC-02-Z11,DC-02-Z11,2026-08-24T10:37:00
TSK-000957-2,ORD-000957,DC-02,MOVE,RBT-0517,ASSIGNED,COMPLETE,DC-02-Z05,DC-02-Z11,2026-08-24T11:56:00
TSK-000957-3,ORD-000957,DC-02,REPLENISH,RBT-0263,QUEUED,FAILED,DC-02-Z11,DC-02-Z07,2026-08-24T11:45:00
TSK-000958-1,ORD-000958,DC-09,PICK,RBT-0534,ASSIGNED,QUEUED,DC-09-Z07,DC-09-Z05,2026-08-26T12:10:00
TSK-000958-2,ORD-000958,DC-09,REPLENISH,RBT-0335,EXECUTING,FAILED,DC-09-Z04,DC-09-Z01,2026-08-26T12:04:00
TSK-000959-1,ORD-000959,DC-14,REPLENISH,RBT-0252,ASSIGNED,EXECUTING,DC-14-Z11,DC-14-Z02,2026-08-24T12:54:00
TSK-000959-2,ORD-000959,DC-14,MOVE,RBT-0492,COMPLETE,FAILED,DC-14-Z12,DC-14-Z09,2026-08-24T11:29:00
TSK-000959-3,ORD-000959,DC-14,REPLENISH,RBT-0661,COMPLETE,QUEUED,DC-14-Z06,DC-14-Z12,2026-08-24T11:40:00
TSK-000960-1,ORD-000960,DC-14,PACK_FEED,RBT-0464,BLOCKED,ASSIGNED,DC-14-Z02,DC-14-Z11,2026-08-16T06:14:00
TSK-000960-2,ORD-000960,DC-14,MOVE,RBT-0286,COMPLETE,FAILED,DC-14-Z04,DC-14-Z02,2026-08-16T06:14:00
TSK-000960-3,ORD-000960,DC-14,PICK,RBT-0618,ASSIGNED,COMPLETE,DC-14-Z10,DC-14-Z08,2026-08-16T06:12:00
TSK-000961-1,ORD-000961,DC-06,PACK_FEED,RBT-0044,COMPLETE,ASSIGNED,DC-06-Z03,DC-06-Z12,2026-08-14T07:16:00
TSK-000962-1,ORD-000962,DC-18,PICK,RBT-0035,EXECUTING,QUEUED,DC-18-Z05,DC-18-Z07,2026-08-24T09:58:00
TSK-000963-1,ORD-000963,DC-17,PICK,RBT-0098,BLOCKED,EXECUTING,DC-17-Z11,DC-17-Z11,2026-08-24T03:35:00
TSK-000963-2,ORD-000963,DC-17,MOVE,RBT-0616,QUEUED,EXECUTING,DC-17-Z10,DC-17-Z10,2026-08-24T03:41:00
TSK-000963-3,ORD-000963,DC-17,PACK_FEED,RBT-0208,EXECUTING,FAILED,DC-17-Z10,DC-17-Z09,2026-08-24T02:16:00
TSK-000964-1,ORD-000964,DC-14,REPLENISH,RBT-0341,EXECUTING,FAILED,DC-14-Z09,DC-14-Z04,2026-08-25T13:54:00
TSK-000964-2,ORD-000964,DC-14,PACK_FEED,RBT-0446,BLOCKED,ASSIGNED,DC-14-Z06,DC-14-Z11,2026-08-25T14:03:00
TSK-000964-3,ORD-000964,DC-14,PACK_FEED,RBT-0693,BLOCKED,FAILED,DC-14-Z07,DC-14-Z10,2026-08-25T15:12:00
TSK-000964-4,ORD-000964,DC-14,MOVE,RBT-0290,BLOCKED,QUEUED,DC-14-Z07,DC-14-Z03,2026-08-25T15:06:00
TSK-000965-1,ORD-000965,DC-09,PICK,RBT-0460,QUEUED,COMPLETE,DC-09-Z06,DC-09-Z07,2026-09-04T02:01:00
TSK-000966-1,ORD-000966,DC-06,REPLENISH,RBT-0232,COMPLETE,EXECUTING,DC-06-Z09,DC-06-Z06,2026-08-05T23:57:00
TSK-000967-1,ORD-000967,DC-01,REPLENISH,RBT-0085,COMPLETE,EXECUTING,DC-01-Z01,DC-01-Z05,2026-08-10T20:28:00
TSK-000967-2,ORD-000967,DC-01,MOVE,RBT-0361,BLOCKED,FAILED,DC-01-Z11,DC-01-Z07,2026-08-10T19:49:00
TSK-000967-3,ORD-000967,DC-01,PICK,RBT-0401,EXECUTING,FAILED,DC-01-Z02,DC-01-Z11,2026-08-10T19:43:00
TSK-000967-4,ORD-000967,DC-01,REPLENISH,RBT-0377,EXECUTING,FAILED,DC-01-Z12,DC-01-Z09,2026-08-10T21:12:00
TSK-000968-1,ORD-000968,DC-02,PACK_FEED,RBT-0333,EXECUTING,EXECUTING,DC-02-Z03,DC-02-Z05,2026-08-31T11:57:00
TSK-000969-1,ORD-000969,DC-11,MOVE,RBT-0143,COMPLETE,EXECUTING,DC-11-Z03,DC-11-Z08,2026-08-28T00:41:00
TSK-000969-2,ORD-000969,DC-11,PICK,RBT-0553,COMPLETE,QUEUED,DC-11-Z08,DC-11-Z04,2026-08-28T00:32:00
TSK-000970-1,ORD-000970,DC-04,STAGE,RBT-0022,EXECUTING,EXECUTING,DC-04-Z01,DC-04-Z03,2026-09-04T16:04:00
TSK-000970-2,ORD-000970,DC-04,PICK,RBT-0273,ASSIGNED,ASSIGNED,DC-04-Z05,DC-04-Z03,2026-09-04T16:09:00
TSK-000970-3,ORD-000970,DC-04,MOVE,RBT-0357,COMPLETE,QUEUED,DC-04-Z10,DC-04-Z07,2026-09-04T15:01:00
TSK-000971-1,ORD-000971,DC-10,STAGE,RBT-0251,BLOCKED,QUEUED,DC-10-Z11,DC-10-Z02,2026-08-02T13:50:00
TSK-000971-2,ORD-000971,DC-10,PACK_FEED,RBT-0121,COMPLETE,COMPLETE,DC-10-Z01,DC-10-Z12,2026-08-02T15:09:00
TSK-000971-3,ORD-000971,DC-10,STAGE,RBT-0694,COMPLETE,QUEUED,DC-10-Z07,DC-10-Z06,2026-08-02T15:13:00
TSK-000971-4,ORD-000971,DC-10,REPLENISH,RBT-0219,QUEUED,COMPLETE,DC-10-Z02,DC-10-Z12,2026-08-02T15:02:00
TSK-000972-1,ORD-000972,DC-15,PICK,RBT-0304,EXECUTING,ASSIGNED,DC-15-Z01,DC-15-Z05,2026-08-27T19:45:00
TSK-000972-2,ORD-000972,DC-15,REPLENISH,RBT-0463,ASSIGNED,EXECUTING,DC-15-Z06,DC-15-Z04,2026-08-27T19:50:00
TSK-000972-3,ORD-000972,DC-15,PACK_FEED,RBT-0536,QUEUED,FAILED,DC-15-Z12,DC-15-Z05,2026-08-27T20:07:00
TSK-000973-1,ORD-000973,DC-18,REPLENISH,RBT-0549,COMPLETE,QUEUED,DC-18-Z08,DC-18-Z08,2026-08-08T10:11:00
TSK-000973-2,ORD-000973,DC-18,REPLENISH,RBT-0455,ASSIGNED,ASSIGNED,DC-18-Z05,DC-18-Z09,2026-08-08T11:17:00
TSK-000973-3,ORD-000973,DC-18,MOVE,RBT-0483,BLOCKED,FAILED,DC-18-Z10,DC-18-Z12,2026-08-08T11:16:00
TSK-000973-4,ORD-000973,DC-18,PACK_FEED,RBT-0181,QUEUED,ASSIGNED,DC-18-Z04,DC-18-Z12,2026-08-08T11:20:00
TSK-000974-1,ORD-000974,DC-06,MOVE,RBT-0513,COMPLETE,QUEUED,DC-06-Z04,DC-06-Z04,2026-08-09T14:11:00
TSK-000974-2,ORD-000974,DC-06,REPLENISH,RBT-0464,BLOCKED,FAILED,DC-06-Z01,DC-06-Z07,2026-08-09T14:21:00
TSK-000974-3,ORD-000974,DC-06,STAGE,RBT-0066,QUEUED,EXECUTING,DC-06-Z04,DC-06-Z03,2026-08-09T13:10:00
TSK-000974-4,ORD-000974,DC-06,PICK,RBT-0426,EXECUTING,EXECUTING,DC-06-Z07,DC-06-Z08,2026-08-09T13:47:00
TSK-000975-1,ORD-000975,DC-16,PICK,RBT-0243,COMPLETE,EXECUTING,DC-16-Z01,DC-16-Z11,2026-08-01T09:46:00
TSK-000975-2,ORD-000975,DC-16,REPLENISH,RBT-0108,BLOCKED,FAILED,DC-16-Z08,DC-16-Z09,2026-08-01T08:37:00
TSK-000975-3,ORD-000975,DC-16,PICK,RBT-0402,QUEUED,QUEUED,DC-16-Z05,DC-16-Z12,2026-08-01T09:54:00
TSK-000976-1,ORD-000976,DC-03,PACK_FEED,RBT-0099,BLOCKED,COMPLETE,DC-03-Z11,DC-03-Z09,2026-08-23T04:51:00
TSK-000977-1,ORD-000977,DC-06,STAGE,RBT-0341,ASSIGNED,ASSIGNED,DC-06-Z02,DC-06-Z02,2026-08-04T04:50:00
TSK-000977-2,ORD-000977,DC-06,MOVE,RBT-0357,BLOCKED,COMPLETE,DC-06-Z02,DC-06-Z07,2026-08-04T05:37:00
TSK-000978-1,ORD-000978,DC-08,PICK,RBT-0007,ASSIGNED,QUEUED,DC-08-Z06,DC-08-Z06,2026-08-08T06:10:00
TSK-000978-2,ORD-000978,DC-08,MOVE,RBT-0448,ASSIGNED,FAILED,DC-08-Z05,DC-08-Z05,2026-08-08T04:38:00
TSK-000979-1,ORD-000979,DC-17,PICK,RBT-0106,BLOCKED,COMPLETE,DC-17-Z03,DC-17-Z07,2026-08-26T20:22:00
TSK-000979-2,ORD-000979,DC-17,PICK,RBT-0286,QUEUED,QUEUED,DC-17-Z06,DC-17-Z10,2026-08-26T18:51:00
TSK-000980-1,ORD-000980,DC-06,PACK_FEED,RBT-0051,EXECUTING,FAILED,DC-06-Z05,DC-06-Z05,2026-08-18T17:18:00
TSK-000980-2,ORD-000980,DC-06,PACK_FEED,RBT-0260,EXECUTING,ASSIGNED,DC-06-Z05,DC-06-Z07,2026-08-18T15:30:00
TSK-000980-3,ORD-000980,DC-06,REPLENISH,RBT-0256,COMPLETE,QUEUED,DC-06-Z04,DC-06-Z11,2026-08-18T17:18:00
TSK-000981-1,ORD-000981,DC-05,STAGE,RBT-0628,COMPLETE,ASSIGNED,DC-05-Z12,DC-05-Z09,2026-08-23T20:26:00
TSK-000982-1,ORD-000982,DC-06,STAGE,RBT-0187,BLOCKED,FAILED,DC-06-Z04,DC-06-Z03,2026-08-10T09:34:00
TSK-000982-2,ORD-000982,DC-06,MOVE,RBT-0271,QUEUED,QUEUED,DC-06-Z07,DC-06-Z09,2026-08-10T09:37:00
TSK-000982-3,ORD-000982,DC-06,PACK_FEED,RBT-0357,ASSIGNED,FAILED,DC-06-Z04,DC-06-Z11,2026-08-10T09:44:00
TSK-000983-1,ORD-000983,DC-13,PACK_FEED,RBT-0053,QUEUED,ASSIGNED,DC-13-Z05,DC-13-Z11,2026-08-26T13:00:00
TSK-000983-2,ORD-000983,DC-13,MOVE,RBT-0404,COMPLETE,QUEUED,DC-13-Z10,DC-13-Z12,2026-08-26T12:29:00
TSK-000983-3,ORD-000983,DC-13,PACK_FEED,RBT-0382,EXECUTING,COMPLETE,DC-13-Z02,DC-13-Z09,2026-08-26T14:18:00
TSK-000983-4,ORD-000983,DC-13,PICK,RBT-0115,EXECUTING,ASSIGNED,DC-13-Z09,DC-13-Z01,2026-08-26T14:25:00
TSK-000984-1,ORD-000984,DC-10,PICK,RBT-0123,BLOCKED,ASSIGNED,DC-10-Z07,DC-10-Z07,2026-08-29T15:07:00
TSK-000985-1,ORD-000985,DC-18,STAGE,RBT-0144,ASSIGNED,QUEUED,DC-18-Z12,DC-18-Z10,2026-08-28T18:55:00
TSK-000985-2,ORD-000985,DC-18,MOVE,RBT-0231,ASSIGNED,ASSIGNED,DC-18-Z02,DC-18-Z09,2026-08-28T17:26:00
TSK-000986-1,ORD-000986,DC-13,REPLENISH,RBT-0594,COMPLETE,QUEUED,DC-13-Z06,DC-13-Z01,2026-08-24T22:02:00
TSK-000987-1,ORD-000987,DC-13,MOVE,RBT-0420,ASSIGNED,ASSIGNED,DC-13-Z02,DC-13-Z11,2026-08-22T05:10:00
TSK-000987-2,ORD-000987,DC-13,PACK_FEED,RBT-0123,COMPLETE,ASSIGNED,DC-13-Z09,DC-13-Z07,2026-08-22T05:57:00
TSK-000987-3,ORD-000987,DC-13,STAGE,RBT-0199,EXECUTING,EXECUTING,DC-13-Z01,DC-13-Z02,2026-08-22T05:31:00
TSK-000988-1,ORD-000988,DC-01,STAGE,RBT-0418,BLOCKED,EXECUTING,DC-01-Z12,DC-01-Z11,2026-08-12T01:50:00
TSK-000989-1,ORD-000989,DC-01,STAGE,RBT-0671,COMPLETE,EXECUTING,DC-01-Z12,DC-01-Z09,2026-08-09T11:41:00
TSK-000989-2,ORD-000989,DC-01,PACK_FEED,RBT-0278,EXECUTING,QUEUED,DC-01-Z05,DC-01-Z06,2026-08-09T11:09:00
TSK-000990-1,ORD-000990,DC-09,MOVE,RBT-0136,ASSIGNED,COMPLETE,DC-09-Z12,DC-09-Z04,2026-08-17T17:44:00
TSK-000991-1,ORD-000991,DC-11,PACK_FEED,RBT-0295,COMPLETE,FAILED,DC-11-Z02,DC-11-Z11,2026-08-13T01:26:00
TSK-000992-1,ORD-000992,DC-11,MOVE,RBT-0469,ASSIGNED,EXECUTING,DC-11-Z05,DC-11-Z07,2026-08-24T09:36:00
TSK-000993-1,ORD-000993,DC-17,STAGE,RBT-0411,COMPLETE,COMPLETE,DC-17-Z10,DC-17-Z02,2026-09-04T14:22:00
TSK-000993-2,ORD-000993,DC-17,PACK_FEED,RBT-0357,BLOCKED,ASSIGNED,DC-17-Z09,DC-17-Z09,2026-09-04T15:12:00
TSK-000993-3,ORD-000993,DC-17,MOVE,RBT-0504,BLOCKED,ASSIGNED,DC-17-Z02,DC-17-Z09,2026-09-04T15:39:00
TSK-000993-4,ORD-000993,DC-17,MOVE,RBT-0336,BLOCKED,QUEUED,DC-17-Z10,DC-17-Z04,2026-09-04T15:16:00
TSK-000994-1,ORD-000994,DC-05,PICK,RBT-0231,BLOCKED,FAILED,DC-05-Z12,DC-05-Z02,2026-08-29T21:07:00
TSK-000995-1,ORD-000995,DC-09,REPLENISH,RBT-0488,BLOCKED,FAILED,DC-09-Z10,DC-09-Z11,2026-08-10T23:39:00
TSK-000995-2,ORD-000995,DC-09,PICK,RBT-0156,BLOCKED,EXECUTING,DC-09-Z06,DC-09-Z09,2026-08-10T23:40:00
TSK-000995-3,ORD-000995,DC-09,PACK_FEED,RBT-0229,ASSIGNED,QUEUED,DC-09-Z05,DC-09-Z10,2026-08-11T00:54:00
TSK-000995-4,ORD-000995,DC-09,MOVE,RBT-0418,ASSIGNED,COMPLETE,DC-09-Z11,DC-09-Z10,2026-08-11T01:02:00
TSK-000996-1,ORD-000996,DC-10,STAGE,RBT-0135,COMPLETE,ASSIGNED,DC-10-Z08,DC-10-Z09,2026-09-01T00:00:00
TSK-000996-2,ORD-000996,DC-10,PICK,RBT-0602,QUEUED,EXECUTING,DC-10-Z06,DC-10-Z09,2026-08-31T23:52:00
TSK-000996-3,ORD-000996,DC-10,STAGE,RBT-0535,QUEUED,EXECUTING,DC-10-Z06,DC-10-Z01,2026-08-31T23:20:00
TSK-000996-4,ORD-000996,DC-10,STAGE,RBT-0165,EXECUTING,FAILED,DC-10-Z06,DC-10-Z10,2026-08-31T23:47:00
TSK-000997-1,ORD-000997,DC-03,STAGE,RBT-0542,QUEUED,QUEUED,DC-03-Z09,DC-03-Z07,2026-08-03T05:42:00
TSK-000997-2,ORD-000997,DC-03,STAGE,RBT-0451,COMPLETE,COMPLETE,DC-03-Z12,DC-03-Z08,2026-08-03T05:36:00
TSK-000997-3,ORD-000997,DC-03,PICK,RBT-0470,ASSIGNED,FAILED,DC-03-Z01,DC-03-Z02,2026-08-03T05:39:00
TSK-000998-1,ORD-000998,DC-11,REPLENISH,RBT-0701,COMPLETE,FAILED,DC-11-Z08,DC-11-Z07,2026-08-16T14:58:00
TSK-000999-1,ORD-000999,DC-17,STAGE,RBT-0490,ASSIGNED,COMPLETE,DC-17-Z09,DC-17-Z12,2026-09-04T05:10:00
TSK-000999-2,ORD-000999,DC-17,STAGE,RBT-0118,BLOCKED,EXECUTING,DC-17-Z10,DC-17-Z01,2026-09-04T04:34:00
TSK-001000-1,ORD-001000,DC-06,REPLENISH,RBT-0037,COMPLETE,EXECUTING,DC-06-Z07,DC-06-Z03,2026-08-19T14:22:00
TSK-001000-2,ORD-001000,DC-06,PACK_FEED,RBT-0255,ASSIGNED,FAILED,DC-06-Z12,DC-06-Z05,2026-08-19T15:40:00
TSK-001000-3,ORD-001000,DC-06,REPLENISH,RBT-0519,ASSIGNED,ASSIGNED,DC-06-Z06,DC-06-Z09,2026-08-19T14:52:00
TSK-001000-4,ORD-001000,DC-06,PICK,RBT-0471,COMPLETE,QUEUED,DC-06-Z05,DC-06-Z09,2026-08-19T14:27:00
TSK-001001-1,ORD-001001,DC-06,PICK,RBT-0222,ASSIGNED,QUEUED,DC-06-Z03,DC-06-Z11,2026-08-23T08:12:00
TSK-001001-2,ORD-001001,DC-06,PICK,RBT-0459,ASSIGNED,FAILED,DC-06-Z03,DC-06-Z06,2026-08-23T08:09:00
TSK-001001-3,ORD-001001,DC-06,REPLENISH,RBT-0304,QUEUED,EXECUTING,DC-06-Z09,DC-06-Z01,2026-08-23T09:02:00
TSK-001002-1,ORD-001002,DC-12,MOVE,RBT-0171,EXECUTING,ASSIGNED,DC-12-Z07,DC-12-Z06,2026-08-20T04:37:00
TSK-001002-2,ORD-001002,DC-12,STAGE,RBT-0657,ASSIGNED,EXECUTING,DC-12-Z04,DC-12-Z05,2026-08-20T03:47:00
TSK-001002-3,ORD-001002,DC-12,REPLENISH,RBT-0131,COMPLETE,QUEUED,DC-12-Z11,DC-12-Z12,2026-08-20T03:58:00
TSK-001002-4,ORD-001002,DC-12,PACK_FEED,RBT-0458,BLOCKED,EXECUTING,DC-12-Z12,DC-12-Z01,2026-08-20T02:54:00
TSK-001003-1,ORD-001003,DC-17,REPLENISH,RBT-0047,COMPLETE,COMPLETE,DC-17-Z08,DC-17-Z06,2026-08-07T02:46:00
TSK-001003-2,ORD-001003,DC-17,PACK_FEED,RBT-0477,BLOCKED,FAILED,DC-17-Z08,DC-17-Z03,2026-08-07T02:30:00
TSK-001004-1,ORD-001004,DC-16,PACK_FEED,RBT-0332,EXECUTING,COMPLETE,DC-16-Z09,DC-16-Z06,2026-08-23T05:19:00
TSK-001004-2,ORD-001004,DC-16,STAGE,RBT-0480,BLOCKED,COMPLETE,DC-16-Z04,DC-16-Z03,2026-08-23T06:13:00
TSK-001004-3,ORD-001004,DC-16,PICK,RBT-0269,BLOCKED,EXECUTING,DC-16-Z06,DC-16-Z09,2026-08-23T04:54:00
TSK-001004-4,ORD-001004,DC-16,PACK_FEED,RBT-0634,BLOCKED,COMPLETE,DC-16-Z07,DC-16-Z07,2026-08-23T04:44:00
TSK-001005-1,ORD-001005,DC-03,PACK_FEED,RBT-0173,BLOCKED,EXECUTING,DC-03-Z06,DC-03-Z08,2026-08-02T17:08:00
TSK-001005-2,ORD-001005,DC-03,MOVE,RBT-0157,ASSIGNED,QUEUED,DC-03-Z12,DC-03-Z08,2026-08-02T17:15:00
TSK-001006-1,ORD-001006,DC-13,PICK,RBT-0636,EXECUTING,FAILED,DC-13-Z01,DC-13-Z05,2026-09-05T06:20:00
TSK-001006-2,ORD-001006,DC-13,MOVE,RBT-0616,BLOCKED,EXECUTING,DC-13-Z03,DC-13-Z09,2026-09-05T06:33:00
TSK-001007-1,ORD-001007,DC-04,REPLENISH,RBT-0407,QUEUED,ASSIGNED,DC-04-Z07,DC-04-Z02,2026-08-30T18:05:00
TSK-001007-2,ORD-001007,DC-04,MOVE,RBT-0351,EXECUTING,FAILED,DC-04-Z09,DC-04-Z06,2026-08-30T18:05:00
TSK-001007-3,ORD-001007,DC-04,STAGE,RBT-0284,COMPLETE,EXECUTING,DC-04-Z07,DC-04-Z11,2026-08-30T17:02:00
TSK-001007-4,ORD-001007,DC-04,PICK,RBT-0082,COMPLETE,EXECUTING,DC-04-Z05,DC-04-Z01,2026-08-30T17:39:00
TSK-001008-1,ORD-001008,DC-18,STAGE,RBT-0174,QUEUED,COMPLETE,DC-18-Z06,DC-18-Z01,2026-08-18T04:03:00
TSK-001008-2,ORD-001008,DC-18,PICK,RBT-0668,BLOCKED,COMPLETE,DC-18-Z06,DC-18-Z09,2026-08-18T03:58:00
TSK-001008-3,ORD-001008,DC-18,REPLENISH,RBT-0329,BLOCKED,EXECUTING,DC-18-Z05,DC-18-Z09,2026-08-18T04:05:00
TSK-001009-1,ORD-001009,DC-11,STAGE,RBT-0592,COMPLETE,COMPLETE,DC-11-Z02,DC-11-Z03,2026-09-02T21:04:00
TSK-001009-2,ORD-001009,DC-11,MOVE,RBT-0080,EXECUTING,QUEUED,DC-11-Z11,DC-11-Z02,2026-09-02T20:27:00
TSK-001009-3,ORD-001009,DC-11,PICK,RBT-0594,ASSIGNED,EXECUTING,DC-11-Z11,DC-11-Z03,2026-09-02T19:36:00
TSK-001009-4,ORD-001009,DC-11,PICK,RBT-0593,EXECUTING,QUEUED,DC-11-Z01,DC-11-Z02,2026-09-02T20:46:00
TSK-001010-1,ORD-001010,DC-06,REPLENISH,RBT-0600,BLOCKED,COMPLETE,DC-06-Z07,DC-06-Z01,2026-08-24T17:48:00
TSK-001011-1,ORD-001011,DC-02,PICK,RBT-0684,BLOCKED,ASSIGNED,DC-02-Z08,DC-02-Z08,2026-08-25T20:02:00
TSK-001011-2,ORD-001011,DC-02,STAGE,RBT-0199,BLOCKED,FAILED,DC-02-Z05,DC-02-Z04,2026-08-25T20:17:00
TSK-001012-1,ORD-001012,DC-13,STAGE,RBT-0701,COMPLETE,ASSIGNED,DC-13-Z09,DC-13-Z02,2026-09-01T08:19:00
TSK-001012-2,ORD-001012,DC-13,PICK,RBT-0704,BLOCKED,ASSIGNED,DC-13-Z07,DC-13-Z02,2026-09-01T08:08:00
TSK-001012-3,ORD-001012,DC-13,PICK,RBT-0043,QUEUED,COMPLETE,DC-13-Z02,DC-13-Z01,2026-09-01T08:16:00
TSK-001012-4,ORD-001012,DC-13,STAGE,RBT-0428,QUEUED,EXECUTING,DC-13-Z06,DC-13-Z03,2026-09-01T06:40:00
TSK-001013-1,ORD-001013,DC-04,REPLENISH,RBT-0378,EXECUTING,QUEUED,DC-04-Z03,DC-04-Z08,2026-08-14T23:34:00
TSK-001013-2,ORD-001013,DC-04,STAGE,RBT-0304,EXECUTING,EXECUTING,DC-04-Z10,DC-04-Z01,2026-08-14T23:44:00
TSK-001013-3,ORD-001013,DC-04,PACK_FEED,RBT-0228,ASSIGNED,COMPLETE,DC-04-Z02,DC-04-Z06,2026-08-14T23:02:00
TSK-001014-1,ORD-001014,DC-06,MOVE,RBT-0344,COMPLETE,COMPLETE,DC-06-Z06,DC-06-Z02,2026-08-23T15:15:00
TSK-001014-2,ORD-001014,DC-06,PICK,RBT-0709,ASSIGNED,ASSIGNED,DC-06-Z02,DC-06-Z01,2026-08-23T14:37:00
TSK-001014-3,ORD-001014,DC-06,STAGE,RBT-0626,ASSIGNED,ASSIGNED,DC-06-Z12,DC-06-Z02,2026-08-23T15:51:00
TSK-001015-1,ORD-001015,DC-08,STAGE,RBT-0587,ASSIGNED,ASSIGNED,DC-08-Z06,DC-08-Z04,2026-08-04T09:17:00
TSK-001015-2,ORD-001015,DC-08,REPLENISH,RBT-0498,QUEUED,ASSIGNED,DC-08-Z06,DC-08-Z04,2026-08-04T09:11:00
TSK-001015-3,ORD-001015,DC-08,STAGE,RBT-0679,COMPLETE,FAILED,DC-08-Z09,DC-08-Z09,2026-08-04T08:59:00
TSK-001015-4,ORD-001015,DC-08,STAGE,RBT-0512,QUEUED,COMPLETE,DC-08-Z08,DC-08-Z03,2026-08-04T08:18:00
TSK-001016-1,ORD-001016,DC-06,MOVE,RBT-0451,BLOCKED,EXECUTING,DC-06-Z03,DC-06-Z12,2026-08-02T04:30:00
TSK-001016-2,ORD-001016,DC-06,MOVE,RBT-0061,ASSIGNED,QUEUED,DC-06-Z08,DC-06-Z03,2026-08-02T05:10:00
TSK-001016-3,ORD-001016,DC-06,MOVE,RBT-0153,EXECUTING,COMPLETE,DC-06-Z09,DC-06-Z09,2026-08-02T05:40:00
TSK-001017-1,ORD-001017,DC-01,PACK_FEED,RBT-0407,COMPLETE,FAILED,DC-01-Z07,DC-01-Z05,2026-08-09T12:50:00
TSK-001017-2,ORD-001017,DC-01,MOVE,RBT-0587,BLOCKED,FAILED,DC-01-Z08,DC-01-Z10,2026-08-09T12:40:00
TSK-001018-1,ORD-001018,DC-02,MOVE,RBT-0557,COMPLETE,COMPLETE,DC-02-Z12,DC-02-Z03,2026-08-07T11:59:00
TSK-001018-2,ORD-001018,DC-02,STAGE,RBT-0197,EXECUTING,QUEUED,DC-02-Z12,DC-02-Z06,2026-08-07T11:53:00
TSK-001018-3,ORD-001018,DC-02,REPLENISH,RBT-0385,ASSIGNED,QUEUED,DC-02-Z06,DC-02-Z01,2026-08-07T10:12:00
TSK-001018-4,ORD-001018,DC-02,PACK_FEED,RBT-0315,QUEUED,ASSIGNED,DC-02-Z06,DC-02-Z07,2026-08-07T12:08:00
TSK-001019-1,ORD-001019,DC-01,MOVE,RBT-0014,BLOCKED,EXECUTING,DC-01-Z10,DC-01-Z04,2026-08-12T13:14:00
TSK-001019-2,ORD-001019,DC-01,REPLENISH,RBT-0038,BLOCKED,COMPLETE,DC-01-Z05,DC-01-Z11,2026-08-12T13:18:00
TSK-001019-3,ORD-001019,DC-01,PICK,RBT-0238,BLOCKED,COMPLETE,DC-01-Z06,DC-01-Z05,2026-08-12T12:40:00
TSK-001020-1,ORD-001020,DC-10,PACK_FEED,RBT-0510,QUEUED,EXECUTING,DC-10-Z01,DC-10-Z06,2026-08-11T06:02:00
TSK-001020-2,ORD-001020,DC-10,MOVE,RBT-0356,BLOCKED,QUEUED,DC-10-Z12,DC-10-Z04,2026-08-11T07:06:00
TSK-001021-1,ORD-001021,DC-01,MOVE,RBT-0035,BLOCKED,QUEUED,DC-01-Z03,DC-01-Z07,2026-08-20T06:19:00
TSK-001021-2,ORD-001021,DC-01,REPLENISH,RBT-0522,QUEUED,EXECUTING,DC-01-Z01,DC-01-Z08,2026-08-20T05:27:00
TSK-001022-1,ORD-001022,DC-09,STAGE,RBT-0518,COMPLETE,EXECUTING,DC-09-Z02,DC-09-Z10,2026-08-28T00:48:00
TSK-001023-1,ORD-001023,DC-17,REPLENISH,RBT-0600,BLOCKED,EXECUTING,DC-17-Z05,DC-17-Z07,2026-08-11T06:32:00
TSK-001023-2,ORD-001023,DC-17,REPLENISH,RBT-0486,BLOCKED,COMPLETE,DC-17-Z12,DC-17-Z02,2026-08-11T07:19:00
TSK-001023-3,ORD-001023,DC-17,PACK_FEED,RBT-0197,QUEUED,FAILED,DC-17-Z09,DC-17-Z06,2026-08-11T06:24:00
TSK-001024-1,ORD-001024,DC-01,PICK,RBT-0003,ASSIGNED,EXECUTING,DC-01-Z11,DC-01-Z08,2026-08-27T19:05:00
TSK-001025-1,ORD-001025,DC-08,PICK,RBT-0451,BLOCKED,ASSIGNED,DC-08-Z01,DC-08-Z09,2026-08-02T12:49:00
TSK-001025-2,ORD-001025,DC-08,STAGE,RBT-0628,QUEUED,ASSIGNED,DC-08-Z07,DC-08-Z02,2026-08-02T12:34:00
TSK-001025-3,ORD-001025,DC-08,STAGE,RBT-0162,EXECUTING,EXECUTING,DC-08-Z04,DC-08-Z12,2026-08-02T12:42:00
TSK-001026-1,ORD-001026,DC-04,REPLENISH,RBT-0276,ASSIGNED,QUEUED,DC-04-Z02,DC-04-Z09,2026-08-21T14:09:00
TSK-001026-2,ORD-001026,DC-04,MOVE,RBT-0153,EXECUTING,QUEUED,DC-04-Z04,DC-04-Z08,2026-08-21T13:27:00
TSK-001026-3,ORD-001026,DC-04,MOVE,RBT-0640,BLOCKED,QUEUED,DC-04-Z04,DC-04-Z05,2026-08-21T15:01:00
TSK-001027-1,ORD-001027,DC-14,MOVE,RBT-0107,COMPLETE,FAILED,DC-14-Z09,DC-14-Z10,2026-08-21T12:58:00
TSK-001027-2,ORD-001027,DC-14,STAGE,RBT-0416,BLOCKED,QUEUED,DC-14-Z02,DC-14-Z12,2026-08-21T11:53:00
TSK-001027-3,ORD-001027,DC-14,MOVE,RBT-0577,EXECUTING,COMPLETE,DC-14-Z10,DC-14-Z05,2026-08-21T12:57:00
TSK-001028-1,ORD-001028,DC-18,REPLENISH,RBT-0435,EXECUTING,QUEUED,DC-18-Z04,DC-18-Z01,2026-08-22T07:32:00
TSK-001029-1,ORD-001029,DC-14,PICK,RBT-0092,EXECUTING,FAILED,DC-14-Z08,DC-14-Z04,2026-08-27T08:26:00
TSK-001029-2,ORD-001029,DC-14,REPLENISH,RBT-0596,BLOCKED,ASSIGNED,DC-14-Z10,DC-14-Z08,2026-08-27T09:07:00
TSK-001030-1,ORD-001030,DC-04,MOVE,RBT-0154,EXECUTING,EXECUTING,DC-04-Z01,DC-04-Z03,2026-08-07T01:12:00
TSK-001030-2,ORD-001030,DC-04,REPLENISH,RBT-0323,BLOCKED,COMPLETE,DC-04-Z08,DC-04-Z05,2026-08-07T01:32:00
TSK-001030-3,ORD-001030,DC-04,REPLENISH,RBT-0014,COMPLETE,FAILED,DC-04-Z02,DC-04-Z10,2026-08-07T01:48:00
TSK-001031-1,ORD-001031,DC-18,MOVE,RBT-0301,COMPLETE,FAILED,DC-18-Z04,DC-18-Z04,2026-08-15T09:45:00
TSK-001031-2,ORD-001031,DC-18,PACK_FEED,RBT-0042,QUEUED,QUEUED,DC-18-Z07,DC-18-Z03,2026-08-15T10:02:00
TSK-001031-3,ORD-001031,DC-18,PACK_FEED,RBT-0429,COMPLETE,EXECUTING,DC-18-Z11,DC-18-Z11,2026-08-15T09:51:00
TSK-001032-1,ORD-001032,DC-07,STAGE,RBT-0120,EXECUTING,ASSIGNED,DC-07-Z01,DC-07-Z08,2026-08-25T18:01:00
TSK-001032-2,ORD-001032,DC-07,PACK_FEED,RBT-0327,QUEUED,EXECUTING,DC-07-Z08,DC-07-Z02,2026-08-25T17:17:00
TSK-001032-3,ORD-001032,DC-07,STAGE,RBT-0696,COMPLETE,ASSIGNED,DC-07-Z01,DC-07-Z09,2026-08-25T17:52:00
TSK-001032-4,ORD-001032,DC-07,STAGE,RBT-0244,EXECUTING,COMPLETE,DC-07-Z01,DC-07-Z10,2026-08-25T18:06:00
TSK-001033-1,ORD-001033,DC-07,PICK,RBT-0331,EXECUTING,ASSIGNED,DC-07-Z10,DC-07-Z01,2026-08-08T00:49:00
TSK-001033-2,ORD-001033,DC-07,PACK_FEED,RBT-0317,QUEUED,COMPLETE,DC-07-Z06,DC-07-Z12,2026-08-07T23:46:00
TSK-001034-1,ORD-001034,DC-02,MOVE,RBT-0240,BLOCKED,COMPLETE,DC-02-Z03,DC-02-Z04,2026-08-14T20:36:00
TSK-001034-2,ORD-001034,DC-02,MOVE,RBT-0502,COMPLETE,EXECUTING,DC-02-Z11,DC-02-Z03,2026-08-14T19:29:00
TSK-001034-3,ORD-001034,DC-02,PICK,RBT-0594,EXECUTING,COMPLETE,DC-02-Z10,DC-02-Z01,2026-08-14T20:54:00
TSK-001035-1,ORD-001035,DC-10,MOVE,RBT-0556,QUEUED,ASSIGNED,DC-10-Z03,DC-10-Z06,2026-08-02T13:09:00
TSK-001035-2,ORD-001035,DC-10,PICK,RBT-0215,ASSIGNED,COMPLETE,DC-10-Z05,DC-10-Z03,2026-08-02T12:36:00
TSK-001035-3,ORD-001035,DC-10,PICK,RBT-0040,EXECUTING,QUEUED,DC-10-Z04,DC-10-Z10,2026-08-02T14:19:00
TSK-001036-1,ORD-001036,DC-11,STAGE,RBT-0033,COMPLETE,QUEUED,DC-11-Z05,DC-11-Z07,2026-08-24T16:29:00
TSK-001037-1,ORD-001037,DC-09,PACK_FEED,RBT-0430,BLOCKED,EXECUTING,DC-09-Z11,DC-09-Z03,2026-08-18T19:31:00
TSK-001037-2,ORD-001037,DC-09,PACK_FEED,RBT-0033,QUEUED,FAILED,DC-09-Z03,DC-09-Z12,2026-08-18T19:41:00
TSK-001038-1,ORD-001038,DC-07,REPLENISH,RBT-0388,EXECUTING,QUEUED,DC-07-Z05,DC-07-Z10,2026-08-31T05:29:00
TSK-001039-1,ORD-001039,DC-17,STAGE,RBT-0025,QUEUED,ASSIGNED,DC-17-Z09,DC-17-Z01,2026-08-27T11:48:00
TSK-001039-2,ORD-001039,DC-17,MOVE,RBT-0587,EXECUTING,ASSIGNED,DC-17-Z10,DC-17-Z12,2026-08-27T12:00:00
TSK-001039-3,ORD-001039,DC-17,STAGE,RBT-0521,QUEUED,COMPLETE,DC-17-Z10,DC-17-Z01,2026-08-27T12:58:00
TSK-001040-1,ORD-001040,DC-06,MOVE,RBT-0087,BLOCKED,QUEUED,DC-06-Z09,DC-06-Z12,2026-08-14T20:14:00
TSK-001040-2,ORD-001040,DC-06,PACK_FEED,RBT-0169,COMPLETE,ASSIGNED,DC-06-Z12,DC-06-Z08,2026-08-14T19:18:00
TSK-001041-1,ORD-001041,DC-12,PICK,RBT-0128,EXECUTING,QUEUED,DC-12-Z02,DC-12-Z02,2026-08-23T14:02:00
TSK-001041-2,ORD-001041,DC-12,REPLENISH,RBT-0666,COMPLETE,QUEUED,DC-12-Z03,DC-12-Z04,2026-08-23T14:21:00
TSK-001041-3,ORD-001041,DC-12,PICK,RBT-0445,QUEUED,ASSIGNED,DC-12-Z06,DC-12-Z03,2026-08-23T14:37:00
TSK-001041-4,ORD-001041,DC-12,MOVE,RBT-0397,QUEUED,EXECUTING,DC-12-Z11,DC-12-Z06,2026-08-23T14:19:00
TSK-001042-1,ORD-001042,DC-04,PICK,RBT-0130,ASSIGNED,QUEUED,DC-04-Z02,DC-04-Z06,2026-08-22T03:04:00
TSK-001042-2,ORD-001042,DC-04,STAGE,RBT-0552,COMPLETE,FAILED,DC-04-Z11,DC-04-Z05,2026-08-22T04:03:00
TSK-001042-3,ORD-001042,DC-04,REPLENISH,RBT-0706,BLOCKED,QUEUED,DC-04-Z02,DC-04-Z02,2026-08-22T03:21:00
TSK-001042-4,ORD-001042,DC-04,REPLENISH,RBT-0120,EXECUTING,COMPLETE,DC-04-Z01,DC-04-Z05,2026-08-22T03:47:00
TSK-001043-1,ORD-001043,DC-06,STAGE,RBT-0653,COMPLETE,QUEUED,DC-06-Z02,DC-06-Z11,2026-08-05T06:21:00
TSK-001043-2,ORD-001043,DC-06,MOVE,RBT-0462,EXECUTING,EXECUTING,DC-06-Z09,DC-06-Z10,2026-08-05T07:07:00
TSK-001043-3,ORD-001043,DC-06,MOVE,RBT-0651,QUEUED,COMPLETE,DC-06-Z10,DC-06-Z08,2026-08-05T06:28:00
TSK-001044-1,ORD-001044,DC-10,REPLENISH,RBT-0305,EXECUTING,FAILED,DC-10-Z01,DC-10-Z08,2026-08-05T16:05:00
TSK-001045-1,ORD-001045,DC-09,PACK_FEED,RBT-0286,COMPLETE,QUEUED,DC-09-Z05,DC-09-Z10,2026-08-24T05:40:00
TSK-001045-2,ORD-001045,DC-09,STAGE,RBT-0630,EXECUTING,QUEUED,DC-09-Z12,DC-09-Z11,2026-08-24T05:26:00
TSK-001045-3,ORD-001045,DC-09,MOVE,RBT-0453,QUEUED,FAILED,DC-09-Z04,DC-09-Z07,2026-08-24T04:58:00
TSK-001046-1,ORD-001046,DC-14,REPLENISH,RBT-0149,QUEUED,ASSIGNED,DC-14-Z03,DC-14-Z05,2026-08-09T23:22:00
TSK-001047-1,ORD-001047,DC-12,PICK,RBT-0219,QUEUED,EXECUTING,DC-12-Z09,DC-12-Z12,2026-08-04T13:54:00
TSK-001048-1,ORD-001048,DC-13,STAGE,RBT-0061,EXECUTING,QUEUED,DC-13-Z08,DC-13-Z02,2026-08-25T05:04:00
TSK-001048-2,ORD-001048,DC-13,MOVE,RBT-0704,BLOCKED,COMPLETE,DC-13-Z04,DC-13-Z06,2026-08-25T05:38:00
TSK-001048-3,ORD-001048,DC-13,STAGE,RBT-0212,ASSIGNED,FAILED,DC-13-Z10,DC-13-Z12,2026-08-25T05:01:00
TSK-001049-1,ORD-001049,DC-09,PACK_FEED,RBT-0694,QUEUED,COMPLETE,DC-09-Z02,DC-09-Z05,2026-08-07T11:47:00
TSK-001050-1,ORD-001050,DC-16,PICK,RBT-0572,BLOCKED,COMPLETE,DC-16-Z06,DC-16-Z10,2026-08-16T19:09:00
TSK-001051-1,ORD-001051,DC-08,PACK_FEED,RBT-0681,EXECUTING,FAILED,DC-08-Z01,DC-08-Z03,2026-08-19T14:30:00
TSK-001051-2,ORD-001051,DC-08,PACK_FEED,RBT-0162,BLOCKED,EXECUTING,DC-08-Z05,DC-08-Z04,2026-08-19T16:05:00
TSK-001051-3,ORD-001051,DC-08,PACK_FEED,RBT-0204,EXECUTING,ASSIGNED,DC-08-Z09,DC-08-Z02,2026-08-19T14:46:00
TSK-001051-4,ORD-001051,DC-08,PACK_FEED,RBT-0487,COMPLETE,ASSIGNED,DC-08-Z09,DC-08-Z07,2026-08-19T15:13:00
TSK-001052-1,ORD-001052,DC-07,STAGE,RBT-0419,EXECUTING,QUEUED,DC-07-Z01,DC-07-Z11,2026-08-29T06:58:00
TSK-001052-2,ORD-001052,DC-07,PACK_FEED,RBT-0618,QUEUED,FAILED,DC-07-Z10,DC-07-Z09,2026-08-29T07:39:00
TSK-001053-1,ORD-001053,DC-15,MOVE,RBT-0245,COMPLETE,QUEUED,DC-15-Z07,DC-15-Z06,2026-08-26T21:07:00
TSK-001053-2,ORD-001053,DC-15,STAGE,RBT-0505,ASSIGNED,COMPLETE,DC-15-Z09,DC-15-Z06,2026-08-26T21:58:00
TSK-001054-1,ORD-001054,DC-16,STAGE,RBT-0413,ASSIGNED,QUEUED,DC-16-Z02,DC-16-Z02,2026-08-23T16:27:00
TSK-001055-1,ORD-001055,DC-02,STAGE,RBT-0403,COMPLETE,COMPLETE,DC-02-Z07,DC-02-Z03,2026-08-27T21:13:00
TSK-001055-2,ORD-001055,DC-02,REPLENISH,RBT-0167,EXECUTING,QUEUED,DC-02-Z11,DC-02-Z01,2026-08-27T20:00:00
TSK-001055-3,ORD-001055,DC-02,STAGE,RBT-0235,COMPLETE,EXECUTING,DC-02-Z12,DC-02-Z01,2026-08-27T20:53:00
TSK-001056-1,ORD-001056,DC-05,MOVE,RBT-0475,QUEUED,COMPLETE,DC-05-Z11,DC-05-Z11,2026-08-15T01:10:00
TSK-001056-2,ORD-001056,DC-05,REPLENISH,RBT-0308,EXECUTING,ASSIGNED,DC-05-Z12,DC-05-Z12,2026-08-15T01:26:00
TSK-001056-3,ORD-001056,DC-05,REPLENISH,RBT-0019,COMPLETE,ASSIGNED,DC-05-Z05,DC-05-Z01,2026-08-15T00:31:00
TSK-001057-1,ORD-001057,DC-17,MOVE,RBT-0156,EXECUTING,EXECUTING,DC-17-Z02,DC-17-Z08,2026-09-03T11:38:00
TSK-001057-2,ORD-001057,DC-17,MOVE,RBT-0467,EXECUTING,COMPLETE,DC-17-Z04,DC-17-Z05,2026-09-03T09:59:00
TSK-001057-3,ORD-001057,DC-17,MOVE,RBT-0429,BLOCKED,EXECUTING,DC-17-Z03,DC-17-Z08,2026-09-03T11:44:00
TSK-001057-4,ORD-001057,DC-17,PACK_FEED,RBT-0300,ASSIGNED,QUEUED,DC-17-Z12,DC-17-Z12,2026-09-03T10:38:00
TSK-001058-1,ORD-001058,DC-15,STAGE,RBT-0589,QUEUED,ASSIGNED,DC-15-Z04,DC-15-Z01,2026-08-11T08:00:00
TSK-001058-2,ORD-001058,DC-15,PACK_FEED,RBT-0322,EXECUTING,FAILED,DC-15-Z09,DC-15-Z08,2026-08-11T08:22:00
TSK-001058-3,ORD-001058,DC-15,REPLENISH,RBT-0439,EXECUTING,QUEUED,DC-15-Z07,DC-15-Z09,2026-08-11T09:49:00
TSK-001058-4,ORD-001058,DC-15,STAGE,RBT-0242,BLOCKED,ASSIGNED,DC-15-Z07,DC-15-Z07,2026-08-11T08:23:00
TSK-001059-1,ORD-001059,DC-08,STAGE,RBT-0313,QUEUED,ASSIGNED,DC-08-Z11,DC-08-Z12,2026-08-11T21:21:00
TSK-001059-2,ORD-001059,DC-08,MOVE,RBT-0126,ASSIGNED,COMPLETE,DC-08-Z04,DC-08-Z07,2026-08-11T21:11:00
TSK-001060-1,ORD-001060,DC-16,STAGE,RBT-0671,ASSIGNED,FAILED,DC-16-Z08,DC-16-Z10,2026-09-03T07:59:00
TSK-001060-2,ORD-001060,DC-16,PACK_FEED,RBT-0301,COMPLETE,ASSIGNED,DC-16-Z09,DC-16-Z07,2026-09-03T06:47:00
TSK-001060-3,ORD-001060,DC-16,STAGE,RBT-0124,COMPLETE,FAILED,DC-16-Z09,DC-16-Z07,2026-09-03T06:33:00
TSK-001061-1,ORD-001061,DC-14,MOVE,RBT-0493,COMPLETE,ASSIGNED,DC-14-Z01,DC-14-Z12,2026-08-18T06:18:00
TSK-001062-1,ORD-001062,DC-10,REPLENISH,RBT-0604,BLOCKED,QUEUED,DC-10-Z07,DC-10-Z07,2026-08-08T08:32:00
TSK-001063-1,ORD-001063,DC-08,REPLENISH,RBT-0430,EXECUTING,COMPLETE,DC-08-Z08,DC-08-Z03,2026-08-21T00:48:00
TSK-001063-2,ORD-001063,DC-08,MOVE,RBT-0164,EXECUTING,EXECUTING,DC-08-Z01,DC-08-Z06,2026-08-20T23:42:00
TSK-001063-3,ORD-001063,DC-08,REPLENISH,RBT-0399,QUEUED,EXECUTING,DC-08-Z06,DC-08-Z12,2026-08-21T01:05:00
TSK-001063-4,ORD-001063,DC-08,MOVE,RBT-0246,EXECUTING,QUEUED,DC-08-Z12,DC-08-Z06,2026-08-20T23:49:00
TSK-001064-1,ORD-001064,DC-04,STAGE,RBT-0226,EXECUTING,EXECUTING,DC-04-Z01,DC-04-Z09,2026-08-27T19:12:00
TSK-001064-2,ORD-001064,DC-04,PICK,RBT-0077,COMPLETE,EXECUTING,DC-04-Z03,DC-04-Z01,2026-08-27T17:51:00
TSK-001064-3,ORD-001064,DC-04,PACK_FEED,RBT-0436,COMPLETE,QUEUED,DC-04-Z02,DC-04-Z09,2026-08-27T18:06:00
TSK-001064-4,ORD-001064,DC-04,STAGE,RBT-0566,COMPLETE,COMPLETE,DC-04-Z03,DC-04-Z03,2026-08-27T18:07:00
TSK-001065-1,ORD-001065,DC-16,PICK,RBT-0218,BLOCKED,EXECUTING,DC-16-Z02,DC-16-Z10,2026-08-15T11:57:00
TSK-001066-1,ORD-001066,DC-18,REPLENISH,RBT-0124,QUEUED,QUEUED,DC-18-Z06,DC-18-Z05,2026-08-04T19:47:00
TSK-001066-2,ORD-001066,DC-18,PACK_FEED,RBT-0631,BLOCKED,COMPLETE,DC-18-Z06,DC-18-Z11,2026-08-04T19:30:00
TSK-001066-3,ORD-001066,DC-18,MOVE,RBT-0248,BLOCKED,EXECUTING,DC-18-Z06,DC-18-Z05,2026-08-04T19:53:00
TSK-001067-1,ORD-001067,DC-13,MOVE,RBT-0593,QUEUED,FAILED,DC-13-Z04,DC-13-Z10,2026-09-02T02:47:00
TSK-001067-2,ORD-001067,DC-13,REPLENISH,RBT-0465,ASSIGNED,COMPLETE,DC-13-Z08,DC-13-Z06,2026-09-02T02:51:00
TSK-001067-3,ORD-001067,DC-13,REPLENISH,RBT-0456,COMPLETE,EXECUTING,DC-13-Z07,DC-13-Z06,2026-09-02T03:10:00
TSK-001068-1,ORD-001068,DC-11,PACK_FEED,RBT-0613,COMPLETE,COMPLETE,DC-11-Z09,DC-11-Z08,2026-08-16T09:43:00
TSK-001068-2,ORD-001068,DC-11,PACK_FEED,RBT-0586,COMPLETE,COMPLETE,DC-11-Z05,DC-11-Z06,2026-08-16T09:47:00
TSK-001068-3,ORD-001068,DC-11,PACK_FEED,RBT-0247,BLOCKED,QUEUED,DC-11-Z12,DC-11-Z02,2026-08-16T10:31:00
TSK-001069-1,ORD-001069,DC-05,REPLENISH,RBT-0675,BLOCKED,COMPLETE,DC-05-Z12,DC-05-Z08,2026-08-20T02:00:00
TSK-001069-2,ORD-001069,DC-05,STAGE,RBT-0363,QUEUED,QUEUED,DC-05-Z07,DC-05-Z10,2026-08-20T01:19:00
TSK-001069-3,ORD-001069,DC-05,PICK,RBT-0262,QUEUED,COMPLETE,DC-05-Z05,DC-05-Z02,2026-08-20T01:19:00
TSK-001069-4,ORD-001069,DC-05,REPLENISH,RBT-0185,QUEUED,QUEUED,DC-05-Z11,DC-05-Z05,2026-08-20T02:24:00
TSK-001070-1,ORD-001070,DC-18,STAGE,RBT-0036,QUEUED,EXECUTING,DC-18-Z03,DC-18-Z02,2026-08-17T06:48:00
TSK-001071-1,ORD-001071,DC-11,REPLENISH,RBT-0213,QUEUED,QUEUED,DC-11-Z06,DC-11-Z10,2026-08-28T18:26:00
TSK-001071-2,ORD-001071,DC-11,STAGE,RBT-0647,BLOCKED,QUEUED,DC-11-Z08,DC-11-Z12,2026-08-28T19:45:00
TSK-001072-1,ORD-001072,DC-18,STAGE,RBT-0012,QUEUED,COMPLETE,DC-18-Z07,DC-18-Z07,2026-08-07T03:52:00
TSK-001072-2,ORD-001072,DC-18,STAGE,RBT-0217,QUEUED,ASSIGNED,DC-18-Z10,DC-18-Z04,2026-08-07T03:39:00
TSK-001072-3,ORD-001072,DC-18,MOVE,RBT-0454,BLOCKED,COMPLETE,DC-18-Z02,DC-18-Z07,2026-08-07T02:54:00
TSK-001073-1,ORD-001073,DC-09,MOVE,RBT-0070,EXECUTING,COMPLETE,DC-09-Z08,DC-09-Z11,2026-08-10T16:04:00
TSK-001074-1,ORD-001074,DC-02,STAGE,RBT-0184,BLOCKED,QUEUED,DC-02-Z06,DC-02-Z10,2026-08-11T16:43:00
TSK-001074-2,ORD-001074,DC-02,REPLENISH,RBT-0007,EXECUTING,FAILED,DC-02-Z12,DC-02-Z08,2026-08-11T17:08:00
TSK-001075-1,ORD-001075,DC-10,REPLENISH,RBT-0334,BLOCKED,ASSIGNED,DC-10-Z02,DC-10-Z03,2026-08-02T15:45:00
TSK-001075-2,ORD-001075,DC-10,MOVE,RBT-0160,QUEUED,QUEUED,DC-10-Z08,DC-10-Z01,2026-08-02T15:08:00
TSK-001075-3,ORD-001075,DC-10,PACK_FEED,RBT-0164,QUEUED,EXECUTING,DC-10-Z08,DC-10-Z03,2026-08-02T15:03:00
TSK-001076-1,ORD-001076,DC-01,REPLENISH,RBT-0672,QUEUED,EXECUTING,DC-01-Z09,DC-01-Z01,2026-08-22T04:05:00
TSK-001076-2,ORD-001076,DC-01,PACK_FEED,RBT-0040,EXECUTING,ASSIGNED,DC-01-Z07,DC-01-Z04,2026-08-22T03:22:00
TSK-001076-3,ORD-001076,DC-01,MOVE,RBT-0029,BLOCKED,QUEUED,DC-01-Z11,DC-01-Z11,2026-08-22T02:31:00
TSK-001077-1,ORD-001077,DC-06,PACK_FEED,RBT-0592,COMPLETE,COMPLETE,DC-06-Z11,DC-06-Z08,2026-08-20T10:41:00
TSK-001077-2,ORD-001077,DC-06,MOVE,RBT-0269,QUEUED,ASSIGNED,DC-06-Z03,DC-06-Z10,2026-08-20T10:35:00
TSK-001078-1,ORD-001078,DC-12,STAGE,RBT-0153,ASSIGNED,FAILED,DC-12-Z06,DC-12-Z02,2026-08-11T02:17:00
TSK-001078-2,ORD-001078,DC-12,STAGE,RBT-0610,BLOCKED,EXECUTING,DC-12-Z03,DC-12-Z09,2026-08-11T03:12:00
TSK-001078-3,ORD-001078,DC-12,PICK,RBT-0577,ASSIGNED,QUEUED,DC-12-Z05,DC-12-Z12,2026-08-11T02:01:00
TSK-001078-4,ORD-001078,DC-12,PACK_FEED,RBT-0303,BLOCKED,EXECUTING,DC-12-Z08,DC-12-Z12,2026-08-11T02:51:00
TSK-001079-1,ORD-001079,DC-09,REPLENISH,RBT-0464,EXECUTING,QUEUED,DC-09-Z10,DC-09-Z02,2026-08-10T08:13:00
TSK-001080-1,ORD-001080,DC-18,STAGE,RBT-0412,COMPLETE,QUEUED,DC-18-Z04,DC-18-Z03,2026-08-26T10:22:00
TSK-001080-2,ORD-001080,DC-18,PACK_FEED,RBT-0541,BLOCKED,FAILED,DC-18-Z07,DC-18-Z10,2026-08-26T09:54:00
TSK-001081-1,ORD-001081,DC-08,REPLENISH,RBT-0678,BLOCKED,ASSIGNED,DC-08-Z07,DC-08-Z08,2026-08-02T09:08:00
TSK-001081-2,ORD-001081,DC-08,REPLENISH,RBT-0454,COMPLETE,QUEUED,DC-08-Z03,DC-08-Z04,2026-08-02T09:29:00
TSK-001082-1,ORD-001082,DC-06,PICK,RBT-0215,QUEUED,QUEUED,DC-06-Z01,DC-06-Z06,2026-09-04T02:12:00
TSK-001082-2,ORD-001082,DC-06,REPLENISH,RBT-0007,COMPLETE,QUEUED,DC-06-Z10,DC-06-Z09,2026-09-04T01:12:00
TSK-001083-1,ORD-001083,DC-02,PICK,RBT-0560,ASSIGNED,COMPLETE,DC-02-Z10,DC-02-Z08,2026-08-28T07:50:00
TSK-001083-2,ORD-001083,DC-02,PICK,RBT-0222,ASSIGNED,EXECUTING,DC-02-Z05,DC-02-Z03,2026-08-28T07:08:00
TSK-001083-3,ORD-001083,DC-02,MOVE,RBT-0562,ASSIGNED,EXECUTING,DC-02-Z07,DC-02-Z10,2026-08-28T09:00:00
TSK-001084-1,ORD-001084,DC-01,STAGE,RBT-0137,EXECUTING,FAILED,DC-01-Z09,DC-01-Z03,2026-08-28T21:38:00
TSK-001084-2,ORD-001084,DC-01,PACK_FEED,RBT-0652,BLOCKED,COMPLETE,DC-01-Z11,DC-01-Z08,2026-08-28T21:32:00
TSK-001084-3,ORD-001084,DC-01,PACK_FEED,RBT-0103,ASSIGNED,FAILED,DC-01-Z04,DC-01-Z02,2026-08-28T19:56:00
TSK-001085-1,ORD-001085,DC-13,STAGE,RBT-0599,EXECUTING,ASSIGNED,DC-13-Z12,DC-13-Z04,2026-08-30T11:40:00
TSK-001086-1,ORD-001086,DC-16,PICK,RBT-0558,ASSIGNED,QUEUED,DC-16-Z08,DC-16-Z08,2026-08-06T14:19:00
TSK-001086-2,ORD-001086,DC-16,MOVE,RBT-0461,COMPLETE,ASSIGNED,DC-16-Z06,DC-16-Z06,2026-08-06T14:37:00
TSK-001086-3,ORD-001086,DC-16,PACK_FEED,RBT-0686,BLOCKED,ASSIGNED,DC-16-Z10,DC-16-Z08,2026-08-06T13:42:00
TSK-001086-4,ORD-001086,DC-16,PACK_FEED,RBT-0459,ASSIGNED,FAILED,DC-16-Z06,DC-16-Z02,2026-08-06T14:27:00
TSK-001087-1,ORD-001087,DC-18,STAGE,RBT-0112,COMPLETE,EXECUTING,DC-18-Z09,DC-18-Z12,2026-09-03T13:17:00
TSK-001087-2,ORD-001087,DC-18,REPLENISH,RBT-0381,COMPLETE,ASSIGNED,DC-18-Z07,DC-18-Z05,2026-09-03T13:41:00
TSK-001087-3,ORD-001087,DC-18,REPLENISH,RBT-0265,ASSIGNED,QUEUED,DC-18-Z11,DC-18-Z06,2026-09-03T13:57:00
TSK-001087-4,ORD-001087,DC-18,STAGE,RBT-0423,EXECUTING,COMPLETE,DC-18-Z07,DC-18-Z11,2026-09-03T13:09:00
TSK-001088-1,ORD-001088,DC-01,PICK,RBT-0667,ASSIGNED,COMPLETE,DC-01-Z04,DC-01-Z07,2026-08-14T08:38:00
TSK-001088-2,ORD-001088,DC-01,STAGE,RBT-0482,COMPLETE,QUEUED,DC-01-Z05,DC-01-Z02,2026-08-14T09:17:00
TSK-001089-1,ORD-001089,DC-14,MOVE,RBT-0482,BLOCKED,ASSIGNED,DC-14-Z06,DC-14-Z11,2026-08-14T12:41:00
TSK-001090-1,ORD-001090,DC-01,MOVE,RBT-0687,COMPLETE,QUEUED,DC-01-Z02,DC-01-Z11,2026-08-23T13:57:00
TSK-001090-2,ORD-001090,DC-01,PACK_FEED,RBT-0361,COMPLETE,ASSIGNED,DC-01-Z02,DC-01-Z11,2026-08-23T13:46:00
TSK-001091-1,ORD-001091,DC-06,PACK_FEED,RBT-0147,EXECUTING,EXECUTING,DC-06-Z04,DC-06-Z01,2026-09-05T04:18:00
TSK-001091-2,ORD-001091,DC-06,REPLENISH,RBT-0491,ASSIGNED,EXECUTING,DC-06-Z01,DC-06-Z02,2026-09-05T02:57:00
TSK-001092-1,ORD-001092,DC-11,MOVE,RBT-0320,QUEUED,EXECUTING,DC-11-Z09,DC-11-Z07,2026-09-05T01:08:00
TSK-001093-1,ORD-001093,DC-16,MOVE,RBT-0516,ASSIGNED,EXECUTING,DC-16-Z08,DC-16-Z09,2026-08-29T01:36:00
TSK-001093-2,ORD-001093,DC-16,PICK,RBT-0484,BLOCKED,COMPLETE,DC-16-Z06,DC-16-Z12,2026-08-29T02:03:00
TSK-001093-3,ORD-001093,DC-16,REPLENISH,RBT-0478,QUEUED,FAILED,DC-16-Z06,DC-16-Z08,2026-08-29T01:54:00
TSK-001094-1,ORD-001094,DC-09,REPLENISH,RBT-0582,COMPLETE,FAILED,DC-09-Z07,DC-09-Z07,2026-08-09T17:39:00
TSK-001094-2,ORD-001094,DC-09,REPLENISH,RBT-0575,BLOCKED,FAILED,DC-09-Z06,DC-09-Z09,2026-08-09T17:02:00
TSK-001095-1,ORD-001095,DC-01,MOVE,RBT-0252,EXECUTING,QUEUED,DC-01-Z04,DC-01-Z02,2026-08-10T14:01:00
TSK-001095-2,ORD-001095,DC-01,REPLENISH,RBT-0142,ASSIGNED,COMPLETE,DC-01-Z05,DC-01-Z05,2026-08-10T13:19:00
TSK-001096-1,ORD-001096,DC-17,PACK_FEED,RBT-0350,BLOCKED,EXECUTING,DC-17-Z12,DC-17-Z05,2026-08-23T19:36:00
TSK-001096-2,ORD-001096,DC-17,MOVE,RBT-0577,BLOCKED,FAILED,DC-17-Z04,DC-17-Z02,2026-08-23T18:59:00
TSK-001096-3,ORD-001096,DC-17,PICK,RBT-0268,BLOCKED,COMPLETE,DC-17-Z02,DC-17-Z10,2026-08-23T18:40:00
TSK-001097-1,ORD-001097,DC-09,REPLENISH,RBT-0068,BLOCKED,FAILED,DC-09-Z07,DC-09-Z11,2026-08-03T00:57:00
TSK-001097-2,ORD-001097,DC-09,REPLENISH,RBT-0430,BLOCKED,COMPLETE,DC-09-Z05,DC-09-Z04,2026-08-03T00:44:00
TSK-001098-1,ORD-001098,DC-05,STAGE,RBT-0309,EXECUTING,COMPLETE,DC-05-Z05,DC-05-Z05,2026-08-24T04:06:00
TSK-001099-1,ORD-001099,DC-18,STAGE,RBT-0535,BLOCKED,ASSIGNED,DC-18-Z04,DC-18-Z10,2026-08-22T17:15:00
TSK-001099-2,ORD-001099,DC-18,REPLENISH,RBT-0314,QUEUED,ASSIGNED,DC-18-Z12,DC-18-Z05,2026-08-22T18:02:00
TSK-001099-3,ORD-001099,DC-18,MOVE,RBT-0234,BLOCKED,COMPLETE,DC-18-Z07,DC-18-Z11,2026-08-22T17:49:00
TSK-001100-1,ORD-001100,DC-03,STAGE,RBT-0406,COMPLETE,FAILED,DC-03-Z09,DC-03-Z11,2026-08-25T16:54:00
TSK-001100-2,ORD-001100,DC-03,STAGE,RBT-0544,QUEUED,EXECUTING,DC-03-Z03,DC-03-Z11,2026-08-25T17:02:00
TSK-001101-1,ORD-001101,DC-01,PACK_FEED,RBT-0657,ASSIGNED,FAILED,DC-01-Z10,DC-01-Z08,2026-08-30T06:25:00
TSK-001101-2,ORD-001101,DC-01,PICK,RBT-0387,EXECUTING,ASSIGNED,DC-01-Z07,DC-01-Z02,2026-08-30T05:22:00
TSK-001101-3,ORD-001101,DC-01,PICK,RBT-0368,EXECUTING,COMPLETE,DC-01-Z02,DC-01-Z02,2026-08-30T05:50:00
TSK-001102-1,ORD-001102,DC-11,REPLENISH,RBT-0248,COMPLETE,QUEUED,DC-11-Z11,DC-11-Z08,2026-08-13T13:37:00
TSK-001102-2,ORD-001102,DC-11,STAGE,RBT-0234,EXECUTING,FAILED,DC-11-Z02,DC-11-Z11,2026-08-13T12:40:00
TSK-001102-3,ORD-001102,DC-11,REPLENISH,RBT-0404,BLOCKED,COMPLETE,DC-11-Z09,DC-11-Z08,2026-08-13T13:31:00
TSK-001102-4,ORD-001102,DC-11,PACK_FEED,RBT-0478,EXECUTING,QUEUED,DC-11-Z02,DC-11-Z10,2026-08-13T11:56:00
TSK-001103-1,ORD-001103,DC-16,STAGE,RBT-0036,ASSIGNED,COMPLETE,DC-16-Z10,DC-16-Z01,2026-09-04T15:08:00
TSK-001104-1,ORD-001104,DC-17,REPLENISH,RBT-0322,QUEUED,QUEUED,DC-17-Z01,DC-17-Z12,2026-08-29T19:35:00
TSK-001104-2,ORD-001104,DC-17,REPLENISH,RBT-0629,COMPLETE,EXECUTING,DC-17-Z11,DC-17-Z11,2026-08-29T19:25:00
TSK-001104-3,ORD-001104,DC-17,STAGE,RBT-0463,BLOCKED,ASSIGNED,DC-17-Z04,DC-17-Z12,2026-08-29T18:14:00
TSK-001105-1,ORD-001105,DC-17,MOVE,RBT-0244,ASSIGNED,ASSIGNED,DC-17-Z09,DC-17-Z06,2026-08-20T18:54:00
TSK-001105-2,ORD-001105,DC-17,REPLENISH,RBT-0708,ASSIGNED,FAILED,DC-17-Z06,DC-17-Z08,2026-08-20T17:54:00
TSK-001105-3,ORD-001105,DC-17,PICK,RBT-0126,EXECUTING,COMPLETE,DC-17-Z07,DC-17-Z07,2026-08-20T18:11:00
TSK-001106-1,ORD-001106,DC-11,PICK,RBT-0643,BLOCKED,ASSIGNED,DC-11-Z08,DC-11-Z10,2026-08-05T04:23:00
TSK-001107-1,ORD-001107,DC-12,REPLENISH,RBT-0126,BLOCKED,FAILED,DC-12-Z01,DC-12-Z07,2026-08-14T16:43:00
TSK-001107-2,ORD-001107,DC-12,REPLENISH,RBT-0626,EXECUTING,QUEUED,DC-12-Z01,DC-12-Z01,2026-08-14T16:19:00
TSK-001107-3,ORD-001107,DC-12,PACK_FEED,RBT-0183,QUEUED,COMPLETE,DC-12-Z08,DC-12-Z09,2026-08-14T15:20:00
TSK-001108-1,ORD-001108,DC-14,STAGE,RBT-0264,EXECUTING,FAILED,DC-14-Z01,DC-14-Z04,2026-08-08T10:24:00
TSK-001108-2,ORD-001108,DC-14,PICK,RBT-0431,ASSIGNED,QUEUED,DC-14-Z10,DC-14-Z03,2026-08-08T09:23:00
TSK-001108-3,ORD-001108,DC-14,STAGE,RBT-0489,EXECUTING,FAILED,DC-14-Z02,DC-14-Z01,2026-08-08T09:50:00
TSK-001108-4,ORD-001108,DC-14,PACK_FEED,RBT-0347,ASSIGNED,COMPLETE,DC-14-Z07,DC-14-Z04,2026-08-08T10:38:00
TSK-001109-1,ORD-001109,DC-14,STAGE,RBT-0090,BLOCKED,FAILED,DC-14-Z10,DC-14-Z04,2026-08-19T14:11:00
TSK-001109-2,ORD-001109,DC-14,PICK,RBT-0373,COMPLETE,QUEUED,DC-14-Z10,DC-14-Z09,2026-08-19T13:55:00
TSK-001110-1,ORD-001110,DC-11,PICK,RBT-0310,COMPLETE,QUEUED,DC-11-Z05,DC-11-Z05,2026-08-31T05:54:00
TSK-001110-2,ORD-001110,DC-11,MOVE,RBT-0309,BLOCKED,EXECUTING,DC-11-Z06,DC-11-Z08,2026-08-31T06:41:00
TSK-001111-1,ORD-001111,DC-07,STAGE,RBT-0069,ASSIGNED,FAILED,DC-07-Z05,DC-07-Z04,2026-08-24T01:05:00
TSK-001111-2,ORD-001111,DC-07,PICK,RBT-0573,EXECUTING,COMPLETE,DC-07-Z07,DC-07-Z07,2026-08-24T01:12:00
TSK-001112-1,ORD-001112,DC-09,PICK,RBT-0668,EXECUTING,FAILED,DC-09-Z07,DC-09-Z01,2026-08-10T10:27:00
TSK-001112-2,ORD-001112,DC-09,PICK,RBT-0546,ASSIGNED,COMPLETE,DC-09-Z12,DC-09-Z07,2026-08-10T10:16:00
TSK-001112-3,ORD-001112,DC-09,PICK,RBT-0065,EXECUTING,EXECUTING,DC-09-Z02,DC-09-Z08,2026-08-10T11:09:00
TSK-001112-4,ORD-001112,DC-09,REPLENISH,RBT-0578,COMPLETE,QUEUED,DC-09-Z01,DC-09-Z11,2026-08-10T10:57:00
TSK-001113-1,ORD-001113,DC-16,PICK,RBT-0647,EXECUTING,ASSIGNED,DC-16-Z03,DC-16-Z08,2026-08-15T02:50:00
TSK-001114-1,ORD-001114,DC-03,PICK,RBT-0565,BLOCKED,QUEUED,DC-03-Z01,DC-03-Z09,2026-08-16T08:16:00
TSK-001115-1,ORD-001115,DC-02,PICK,RBT-0401,BLOCKED,QUEUED,DC-02-Z03,DC-02-Z09,2026-08-21T00:34:00
TSK-001116-1,ORD-001116,DC-07,STAGE,RBT-0112,QUEUED,ASSIGNED,DC-07-Z06,DC-07-Z07,2026-08-15T15:47:00
TSK-001117-1,ORD-001117,DC-16,PICK,RBT-0117,ASSIGNED,ASSIGNED,DC-16-Z01,DC-16-Z03,2026-08-12T12:28:00
TSK-001117-2,ORD-001117,DC-16,PICK,RBT-0197,ASSIGNED,QUEUED,DC-16-Z11,DC-16-Z09,2026-08-12T12:52:00
TSK-001117-3,ORD-001117,DC-16,PACK_FEED,RBT-0673,ASSIGNED,ASSIGNED,DC-16-Z04,DC-16-Z07,2026-08-12T12:30:00
TSK-001118-1,ORD-001118,DC-04,PICK,RBT-0051,COMPLETE,COMPLETE,DC-04-Z01,DC-04-Z09,2026-08-29T04:22:00
TSK-001118-2,ORD-001118,DC-04,REPLENISH,RBT-0480,BLOCKED,QUEUED,DC-04-Z01,DC-04-Z03,2026-08-29T05:34:00
TSK-001118-3,ORD-001118,DC-04,STAGE,RBT-0187,EXECUTING,ASSIGNED,DC-04-Z03,DC-04-Z10,2026-08-29T05:37:00
TSK-001118-4,ORD-001118,DC-04,REPLENISH,RBT-0312,ASSIGNED,FAILED,DC-04-Z12,DC-04-Z08,2026-08-29T05:57:00
TSK-001119-1,ORD-001119,DC-10,STAGE,RBT-0389,EXECUTING,ASSIGNED,DC-10-Z09,DC-10-Z11,2026-08-19T08:13:00
TSK-001120-1,ORD-001120,DC-03,PACK_FEED,RBT-0353,ASSIGNED,COMPLETE,DC-03-Z09,DC-03-Z06,2026-08-12T17:52:00
TSK-001120-2,ORD-001120,DC-03,MOVE,RBT-0701,EXECUTING,ASSIGNED,DC-03-Z04,DC-03-Z04,2026-08-12T19:11:00
TSK-001121-1,ORD-001121,DC-07,PICK,RBT-0130,BLOCKED,ASSIGNED,DC-07-Z12,DC-07-Z12,2026-08-23T05:37:00
TSK-001121-2,ORD-001121,DC-07,PACK_FEED,RBT-0654,EXECUTING,ASSIGNED,DC-07-Z02,DC-07-Z03,2026-08-23T04:41:00
TSK-001121-3,ORD-001121,DC-07,MOVE,RBT-0463,ASSIGNED,QUEUED,DC-07-Z02,DC-07-Z04,2026-08-23T04:15:00
TSK-001121-4,ORD-001121,DC-07,PICK,RBT-0190,ASSIGNED,QUEUED,DC-07-Z03,DC-07-Z03,2026-08-23T05:58:00
TSK-001122-1,ORD-001122,DC-17,PACK_FEED,RBT-0135,BLOCKED,COMPLETE,DC-17-Z01,DC-17-Z05,2026-08-30T08:24:00
TSK-001122-2,ORD-001122,DC-17,PACK_FEED,RBT-0592,COMPLETE,COMPLETE,DC-17-Z05,DC-17-Z02,2026-08-30T08:12:00
TSK-001123-1,ORD-001123,DC-01,PACK_FEED,RBT-0513,ASSIGNED,EXECUTING,DC-01-Z11,DC-01-Z02,2026-08-29T10:57:00
TSK-001123-2,ORD-001123,DC-01,PICK,RBT-0409,EXECUTING,COMPLETE,DC-01-Z04,DC-01-Z11,2026-08-29T10:47:00
TSK-001124-1,ORD-001124,DC-05,PACK_FEED,RBT-0637,BLOCKED,FAILED,DC-05-Z03,DC-05-Z02,2026-08-28T17:00:00
TSK-001124-2,ORD-001124,DC-05,REPLENISH,RBT-0463,BLOCKED,QUEUED,DC-05-Z05,DC-05-Z05,2026-08-28T18:31:00
TSK-001125-1,ORD-001125,DC-12,MOVE,RBT-0308,BLOCKED,QUEUED,DC-12-Z12,DC-12-Z11,2026-08-21T09:09:00
TSK-001125-2,ORD-001125,DC-12,REPLENISH,RBT-0067,COMPLETE,ASSIGNED,DC-12-Z08,DC-12-Z04,2026-08-21T10:23:00
TSK-001125-3,ORD-001125,DC-12,STAGE,RBT-0133,QUEUED,COMPLETE,DC-12-Z01,DC-12-Z01,2026-08-21T10:22:00
TSK-001126-1,ORD-001126,DC-15,PACK_FEED,RBT-0417,QUEUED,FAILED,DC-15-Z06,DC-15-Z09,2026-08-17T10:06:00
TSK-001127-1,ORD-001127,DC-15,REPLENISH,RBT-0688,ASSIGNED,QUEUED,DC-15-Z07,DC-15-Z12,2026-08-23T09:30:00
TSK-001127-2,ORD-001127,DC-15,REPLENISH,RBT-0088,COMPLETE,FAILED,DC-15-Z11,DC-15-Z10,2026-08-23T09:21:00
TSK-001127-3,ORD-001127,DC-15,STAGE,RBT-0674,QUEUED,ASSIGNED,DC-15-Z10,DC-15-Z09,2026-08-23T08:48:00
TSK-001128-1,ORD-001128,DC-17,MOVE,RBT-0174,BLOCKED,COMPLETE,DC-17-Z11,DC-17-Z05,2026-08-21T13:02:00
TSK-001129-1,ORD-001129,DC-05,PICK,RBT-0632,COMPLETE,COMPLETE,DC-05-Z07,DC-05-Z06,2026-08-23T14:03:00
TSK-001129-2,ORD-001129,DC-05,REPLENISH,RBT-0581,QUEUED,ASSIGNED,DC-05-Z11,DC-05-Z10,2026-08-23T14:02:00
TSK-001129-3,ORD-001129,DC-05,MOVE,RBT-0352,EXECUTING,COMPLETE,DC-05-Z11,DC-05-Z04,2026-08-23T14:11:00
TSK-001129-4,ORD-001129,DC-05,REPLENISH,RBT-0600,QUEUED,ASSIGNED,DC-05-Z03,DC-05-Z03,2026-08-23T13:24:00
TSK-001130-1,ORD-001130,DC-05,REPLENISH,RBT-0237,BLOCKED,EXECUTING,DC-05-Z02,DC-05-Z03,2026-08-22T22:32:00
TSK-001130-2,ORD-001130,DC-05,STAGE,RBT-0522,QUEUED,EXECUTING,DC-05-Z11,DC-05-Z07,2026-08-22T22:29:00
TSK-001130-3,ORD-001130,DC-05,PICK,RBT-0235,COMPLETE,COMPLETE,DC-05-Z02,DC-05-Z01,2026-08-22T23:50:00
TSK-001130-4,ORD-001130,DC-05,REPLENISH,RBT-0530,QUEUED,QUEUED,DC-05-Z12,DC-05-Z11,2026-08-22T23:49:00
TSK-001131-1,ORD-001131,DC-10,REPLENISH,RBT-0369,EXECUTING,EXECUTING,DC-10-Z05,DC-10-Z02,2026-08-26T19:04:00
TSK-001132-1,ORD-001132,DC-09,PACK_FEED,RBT-0521,EXECUTING,EXECUTING,DC-09-Z10,DC-09-Z11,2026-08-25T19:37:00
TSK-001132-2,ORD-001132,DC-09,PACK_FEED,RBT-0258,QUEUED,FAILED,DC-09-Z01,DC-09-Z05,2026-08-25T19:48:00
TSK-001132-3,ORD-001132,DC-09,MOVE,RBT-0328,ASSIGNED,ASSIGNED,DC-09-Z04,DC-09-Z11,2026-08-25T19:13:00
TSK-001133-1,ORD-001133,DC-03,MOVE,RBT-0104,QUEUED,FAILED,DC-03-Z07,DC-03-Z11,2026-09-02T07:32:00
TSK-001134-1,ORD-001134,DC-17,MOVE,RBT-0322,BLOCKED,EXECUTING,DC-17-Z07,DC-17-Z08,2026-08-20T03:16:00
TSK-001135-1,ORD-001135,DC-06,STAGE,RBT-0605,ASSIGNED,ASSIGNED,DC-06-Z02,DC-06-Z09,2026-08-11T21:52:00
TSK-001136-1,ORD-001136,DC-10,PICK,RBT-0291,EXECUTING,ASSIGNED,DC-10-Z03,DC-10-Z04,2026-08-17T23:10:00
TSK-001136-2,ORD-001136,DC-10,REPLENISH,RBT-0621,BLOCKED,EXECUTING,DC-10-Z10,DC-10-Z07,2026-08-18T00:00:00
TSK-001136-3,ORD-001136,DC-10,STAGE,RBT-0547,EXECUTING,EXECUTING,DC-10-Z03,DC-10-Z02,2026-08-17T23:56:00
TSK-001137-1,ORD-001137,DC-14,PICK,RBT-0458,COMPLETE,FAILED,DC-14-Z10,DC-14-Z04,2026-08-01T22:54:00
TSK-001138-1,ORD-001138,DC-09,REPLENISH,RBT-0293,QUEUED,EXECUTING,DC-09-Z05,DC-09-Z07,2026-08-20T01:24:00
TSK-001139-1,ORD-001139,DC-06,STAGE,RBT-0571,COMPLETE,ASSIGNED,DC-06-Z03,DC-06-Z08,2026-08-16T07:37:00
TSK-001139-2,ORD-001139,DC-06,REPLENISH,RBT-0460,EXECUTING,COMPLETE,DC-06-Z11,DC-06-Z07,2026-08-16T06:51:00
TSK-001139-3,ORD-001139,DC-06,STAGE,RBT-0429,BLOCKED,FAILED,DC-06-Z10,DC-06-Z04,2026-08-16T07:51:00
TSK-001140-1,ORD-001140,DC-07,PACK_FEED,RBT-0440,EXECUTING,COMPLETE,DC-07-Z10,DC-07-Z08,2026-08-19T19:49:00
TSK-001140-2,ORD-001140,DC-07,PACK_FEED,RBT-0062,BLOCKED,COMPLETE,DC-07-Z06,DC-07-Z01,2026-08-19T19:24:00
TSK-001141-1,ORD-001141,DC-06,PICK,RBT-0195,EXECUTING,COMPLETE,DC-06-Z12,DC-06-Z06,2026-08-28T23:57:00
TSK-001141-2,ORD-001141,DC-06,MOVE,RBT-0515,COMPLETE,ASSIGNED,DC-06-Z04,DC-06-Z01,2026-08-28T23:40:00
TSK-001141-3,ORD-001141,DC-06,MOVE,RBT-0549,COMPLETE,ASSIGNED,DC-06-Z04,DC-06-Z07,2026-08-28T23:52:00
TSK-001142-1,ORD-001142,DC-16,MOVE,RBT-0446,COMPLETE,COMPLETE,DC-16-Z10,DC-16-Z11,2026-08-05T20:08:00
TSK-001143-1,ORD-001143,DC-17,MOVE,RBT-0705,BLOCKED,FAILED,DC-17-Z06,DC-17-Z04,2026-08-28T07:29:00
TSK-001144-1,ORD-001144,DC-04,REPLENISH,RBT-0682,BLOCKED,FAILED,DC-04-Z09,DC-04-Z08,2026-08-24T07:51:00
TSK-001144-2,ORD-001144,DC-04,REPLENISH,RBT-0663,QUEUED,COMPLETE,DC-04-Z10,DC-04-Z07,2026-08-24T06:50:00
TSK-001145-1,ORD-001145,DC-05,PACK_FEED,RBT-0101,EXECUTING,FAILED,DC-05-Z09,DC-05-Z12,2026-09-04T04:12:00
TSK-001145-2,ORD-001145,DC-05,REPLENISH,RBT-0264,BLOCKED,QUEUED,DC-05-Z04,DC-05-Z03,2026-09-04T04:22:00
TSK-001145-3,ORD-001145,DC-05,PICK,RBT-0675,COMPLETE,ASSIGNED,DC-05-Z01,DC-05-Z02,2026-09-04T04:43:00
TSK-001145-4,ORD-001145,DC-05,PICK,RBT-0628,COMPLETE,COMPLETE,DC-05-Z04,DC-05-Z12,2026-09-04T05:49:00
TSK-001146-1,ORD-001146,DC-16,STAGE,RBT-0518,EXECUTING,QUEUED,DC-16-Z02,DC-16-Z05,2026-08-06T02:11:00
TSK-001146-2,ORD-001146,DC-16,PACK_FEED,RBT-0494,ASSIGNED,QUEUED,DC-16-Z08,DC-16-Z02,2026-08-06T02:36:00
TSK-001147-1,ORD-001147,DC-18,PICK,RBT-0554,QUEUED,ASSIGNED,DC-18-Z03,DC-18-Z11,2026-09-03T13:44:00
TSK-001147-2,ORD-001147,DC-18,REPLENISH,RBT-0408,EXECUTING,EXECUTING,DC-18-Z03,DC-18-Z06,2026-09-03T13:50:00
TSK-001148-1,ORD-001148,DC-12,PACK_FEED,RBT-0198,BLOCKED,FAILED,DC-12-Z11,DC-12-Z06,2026-08-27T19:06:00
TSK-001148-2,ORD-001148,DC-12,MOVE,RBT-0143,ASSIGNED,ASSIGNED,DC-12-Z02,DC-12-Z09,2026-08-27T18:52:00
TSK-001148-3,ORD-001148,DC-12,PACK_FEED,RBT-0229,QUEUED,FAILED,DC-12-Z12,DC-12-Z07,2026-08-27T18:44:00
TSK-001149-1,ORD-001149,DC-16,PACK_FEED,RBT-0115,BLOCKED,FAILED,DC-16-Z09,DC-16-Z02,2026-08-29T12:26:00
TSK-001149-2,ORD-001149,DC-16,PICK,RBT-0674,COMPLETE,EXECUTING,DC-16-Z03,DC-16-Z12,2026-08-29T12:49:00
TSK-001149-3,ORD-001149,DC-16,STAGE,RBT-0033,BLOCKED,ASSIGNED,DC-16-Z02,DC-16-Z03,2026-08-29T11:57:00
TSK-001149-4,ORD-001149,DC-16,PICK,RBT-0193,ASSIGNED,EXECUTING,DC-16-Z01,DC-16-Z11,2026-08-29T11:39:00
TSK-001150-1,ORD-001150,DC-11,MOVE,RBT-0288,BLOCKED,COMPLETE,DC-11-Z04,DC-11-Z04,2026-08-21T14:44:00
TSK-001150-2,ORD-001150,DC-11,MOVE,RBT-0084,ASSIGNED,FAILED,DC-11-Z06,DC-11-Z10,2026-08-21T14:43:00
TSK-001151-1,ORD-001151,DC-10,REPLENISH,RBT-0657,EXECUTING,QUEUED,DC-10-Z04,DC-10-Z02,2026-08-12T20:49:00
TSK-001151-2,ORD-001151,DC-10,PACK_FEED,RBT-0483,COMPLETE,FAILED,DC-10-Z07,DC-10-Z12,2026-08-12T21:04:00
TSK-001151-3,ORD-001151,DC-10,PICK,RBT-0387,EXECUTING,QUEUED,DC-10-Z09,DC-10-Z09,2026-08-12T20:47:00
TSK-001151-4,ORD-001151,DC-10,STAGE,RBT-0253,ASSIGNED,FAILED,DC-10-Z04,DC-10-Z05,2026-08-12T21:06:00
TSK-001152-1,ORD-001152,DC-14,REPLENISH,RBT-0575,QUEUED,COMPLETE,DC-14-Z05,DC-14-Z09,2026-08-25T23:27:00
TSK-001152-2,ORD-001152,DC-14,PACK_FEED,RBT-0601,COMPLETE,EXECUTING,DC-14-Z08,DC-14-Z02,2026-08-26T00:22:00
TSK-001153-1,ORD-001153,DC-09,PACK_FEED,RBT-0022,BLOCKED,FAILED,DC-09-Z01,DC-09-Z11,2026-08-20T06:26:00
TSK-001154-1,ORD-001154,DC-13,MOVE,RBT-0147,COMPLETE,FAILED,DC-13-Z07,DC-13-Z09,2026-08-10T20:17:00
TSK-001155-1,ORD-001155,DC-11,PICK,RBT-0413,BLOCKED,EXECUTING,DC-11-Z12,DC-11-Z06,2026-08-14T03:48:00
TSK-001155-2,ORD-001155,DC-11,PACK_FEED,RBT-0687,ASSIGNED,COMPLETE,DC-11-Z01,DC-11-Z10,2026-08-14T02:15:00
TSK-001155-3,ORD-001155,DC-11,PACK_FEED,RBT-0475,EXECUTING,COMPLETE,DC-11-Z10,DC-11-Z01,2026-08-14T03:49:00
TSK-001155-4,ORD-001155,DC-11,MOVE,RBT-0087,COMPLETE,FAILED,DC-11-Z06,DC-11-Z02,2026-08-14T03:34:00
TSK-001156-1,ORD-001156,DC-12,PACK_FEED,RBT-0476,ASSIGNED,FAILED,DC-12-Z02,DC-12-Z04,2026-08-18T02:38:00
TSK-001157-1,ORD-001157,DC-17,PACK_FEED,RBT-0240,QUEUED,ASSIGNED,DC-17-Z10,DC-17-Z01,2026-08-15T15:07:00
TSK-001157-2,ORD-001157,DC-17,PICK,RBT-0452,BLOCKED,FAILED,DC-17-Z10,DC-17-Z10,2026-08-15T14:23:00
TSK-001157-3,ORD-001157,DC-17,MOVE,RBT-0580,ASSIGNED,ASSIGNED,DC-17-Z04,DC-17-Z10,2026-08-15T15:38:00
TSK-001158-1,ORD-001158,DC-17,STAGE,RBT-0094,ASSIGNED,QUEUED,DC-17-Z02,DC-17-Z04,2026-08-10T16:10:00
TSK-001158-2,ORD-001158,DC-17,PACK_FEED,RBT-0482,BLOCKED,ASSIGNED,DC-17-Z04,DC-17-Z12,2026-08-10T17:40:00
TSK-001159-1,ORD-001159,DC-18,REPLENISH,RBT-0198,EXECUTING,COMPLETE,DC-18-Z12,DC-18-Z05,2026-09-02T20:00:00
TSK-001159-2,ORD-001159,DC-18,MOVE,RBT-0378,BLOCKED,ASSIGNED,DC-18-Z12,DC-18-Z07,2026-09-02T20:55:00
TSK-001159-3,ORD-001159,DC-18,MOVE,RBT-0313,COMPLETE,COMPLETE,DC-18-Z05,DC-18-Z11,2026-09-02T20:16:00
TSK-001159-4,ORD-001159,DC-18,PICK,RBT-0334,EXECUTING,EXECUTING,DC-18-Z09,DC-18-Z12,2026-09-02T21:42:00
TSK-001160-1,ORD-001160,DC-13,PICK,RBT-0578,COMPLETE,EXECUTING,DC-13-Z07,DC-13-Z02,2026-08-10T18:02:00
TSK-001160-2,ORD-001160,DC-13,MOVE,RBT-0025,ASSIGNED,ASSIGNED,DC-13-Z05,DC-13-Z04,2026-08-10T16:31:00
TSK-001160-3,ORD-001160,DC-13,PICK,RBT-0210,EXECUTING,QUEUED,DC-13-Z07,DC-13-Z02,2026-08-10T18:09:00
TSK-001160-4,ORD-001160,DC-13,REPLENISH,RBT-0424,ASSIGNED,QUEUED,DC-13-Z09,DC-13-Z10,2026-08-10T16:22:00
TSK-001161-1,ORD-001161,DC-10,MOVE,RBT-0334,BLOCKED,ASSIGNED,DC-10-Z05,DC-10-Z01,2026-08-31T15:19:00
TSK-001161-2,ORD-001161,DC-10,PICK,RBT-0295,QUEUED,QUEUED,DC-10-Z03,DC-10-Z04,2026-08-31T14:06:00
TSK-001161-3,ORD-001161,DC-10,REPLENISH,RBT-0084,EXECUTING,COMPLETE,DC-10-Z03,DC-10-Z11,2026-08-31T14:06:00
TSK-001161-4,ORD-001161,DC-10,REPLENISH,RBT-0142,ASSIGNED,EXECUTING,DC-10-Z04,DC-10-Z11,2026-08-31T14:56:00
TSK-001162-1,ORD-001162,DC-06,PACK_FEED,RBT-0643,COMPLETE,EXECUTING,DC-06-Z06,DC-06-Z01,2026-08-24T07:19:00
TSK-001162-2,ORD-001162,DC-06,MOVE,RBT-0278,EXECUTING,COMPLETE,DC-06-Z04,DC-06-Z10,2026-08-24T06:42:00
TSK-001162-3,ORD-001162,DC-06,REPLENISH,RBT-0383,QUEUED,FAILED,DC-06-Z06,DC-06-Z08,2026-08-24T06:19:00
TSK-001163-1,ORD-001163,DC-12,STAGE,RBT-0384,QUEUED,EXECUTING,DC-12-Z02,DC-12-Z08,2026-08-26T16:56:00
TSK-001163-2,ORD-001163,DC-12,STAGE,RBT-0352,ASSIGNED,ASSIGNED,DC-12-Z04,DC-12-Z01,2026-08-26T16:53:00
TSK-001164-1,ORD-001164,DC-02,MOVE,RBT-0638,BLOCKED,ASSIGNED,DC-02-Z10,DC-02-Z03,2026-08-06T09:35:00
TSK-001164-2,ORD-001164,DC-02,REPLENISH,RBT-0023,QUEUED,COMPLETE,DC-02-Z01,DC-02-Z09,2026-08-06T08:37:00
TSK-001164-3,ORD-001164,DC-02,STAGE,RBT-0391,ASSIGNED,COMPLETE,DC-02-Z03,DC-02-Z09,2026-08-06T09:37:00
TSK-001165-1,ORD-001165,DC-02,REPLENISH,RBT-0577,ASSIGNED,QUEUED,DC-02-Z01,DC-02-Z06,2026-09-02T04:05:00
TSK-001165-2,ORD-001165,DC-02,PACK_FEED,RBT-0420,QUEUED,EXECUTING,DC-02-Z01,DC-02-Z03,2026-09-02T04:58:00
TSK-001165-3,ORD-001165,DC-02,PICK,RBT-0299,COMPLETE,ASSIGNED,DC-02-Z06,DC-02-Z01,2026-09-02T03:55:00
TSK-001165-4,ORD-001165,DC-02,PICK,RBT-0595,EXECUTING,EXECUTING,DC-02-Z03,DC-02-Z06,2026-09-02T04:58:00
TSK-001166-1,ORD-001166,DC-10,MOVE,RBT-0657,COMPLETE,ASSIGNED,DC-10-Z05,DC-10-Z02,2026-08-13T00:14:00
TSK-001166-2,ORD-001166,DC-10,PICK,RBT-0021,COMPLETE,EXECUTING,DC-10-Z10,DC-10-Z11,2026-08-12T23:45:00
TSK-001166-3,ORD-001166,DC-10,PACK_FEED,RBT-0334,EXECUTING,QUEUED,DC-10-Z08,DC-10-Z08,2026-08-12T23:26:00
TSK-001166-4,ORD-001166,DC-10,REPLENISH,RBT-0097,EXECUTING,EXECUTING,DC-10-Z06,DC-10-Z01,2026-08-13T00:14:00
TSK-001167-1,ORD-001167,DC-14,MOVE,RBT-0265,QUEUED,COMPLETE,DC-14-Z09,DC-14-Z04,2026-08-11T05:09:00
TSK-001167-2,ORD-001167,DC-14,PACK_FEED,RBT-0463,COMPLETE,QUEUED,DC-14-Z02,DC-14-Z11,2026-08-11T05:01:00
TSK-001168-1,ORD-001168,DC-04,PICK,RBT-0484,QUEUED,FAILED,DC-04-Z09,DC-04-Z03,2026-08-24T12:54:00
TSK-001168-2,ORD-001168,DC-04,MOVE,RBT-0043,COMPLETE,QUEUED,DC-04-Z10,DC-04-Z01,2026-08-24T12:55:00
TSK-001169-1,ORD-001169,DC-14,PICK,RBT-0155,QUEUED,COMPLETE,DC-14-Z03,DC-14-Z01,2026-09-02T06:45:00
TSK-001170-1,ORD-001170,DC-17,MOVE,RBT-0687,EXECUTING,FAILED,DC-17-Z02,DC-17-Z11,2026-08-12T09:36:00
TSK-001170-2,ORD-001170,DC-17,MOVE,RBT-0156,COMPLETE,EXECUTING,DC-17-Z11,DC-17-Z12,2026-08-12T10:24:00
TSK-001171-1,ORD-001171,DC-04,MOVE,RBT-0306,BLOCKED,EXECUTING,DC-04-Z06,DC-04-Z03,2026-08-04T01:26:00
TSK-001171-2,ORD-001171,DC-04,PICK,RBT-0287,ASSIGNED,FAILED,DC-04-Z02,DC-04-Z03,2026-08-03T23:33:00
TSK-001172-1,ORD-001172,DC-11,REPLENISH,RBT-0107,EXECUTING,FAILED,DC-11-Z03,DC-11-Z03,2026-08-06T07:34:00
TSK-001172-2,ORD-001172,DC-11,REPLENISH,RBT-0234,BLOCKED,EXECUTING,DC-11-Z04,DC-11-Z04,2026-08-06T08:51:00
TSK-001172-3,ORD-001172,DC-11,PICK,RBT-0691,BLOCKED,QUEUED,DC-11-Z02,DC-11-Z10,2026-08-06T07:22:00
TSK-001173-1,ORD-001173,DC-18,REPLENISH,RBT-0317,ASSIGNED,FAILED,DC-18-Z09,DC-18-Z06,2026-08-02T07:48:00
TSK-001173-2,ORD-001173,DC-18,REPLENISH,RBT-0207,EXECUTING,FAILED,DC-18-Z04,DC-18-Z11,2026-08-02T09:03:00
TSK-001173-3,ORD-001173,DC-18,STAGE,RBT-0097,BLOCKED,EXECUTING,DC-18-Z09,DC-18-Z01,2026-08-02T09:13:00
TSK-001173-4,ORD-001173,DC-18,PACK_FEED,RBT-0143,EXECUTING,QUEUED,DC-18-Z04,DC-18-Z06,2026-08-02T08:10:00
TSK-001174-1,ORD-001174,DC-02,REPLENISH,RBT-0601,BLOCKED,FAILED,DC-02-Z07,DC-02-Z11,2026-09-04T10:15:00
TSK-001174-2,ORD-001174,DC-02,REPLENISH,RBT-0373,EXECUTING,EXECUTING,DC-02-Z01,DC-02-Z01,2026-09-04T10:29:00
TSK-001174-3,ORD-001174,DC-02,STAGE,RBT-0447,BLOCKED,COMPLETE,DC-02-Z02,DC-02-Z04,2026-09-04T08:53:00
TSK-001174-4,ORD-001174,DC-02,PICK,RBT-0294,QUEUED,QUEUED,DC-02-Z04,DC-02-Z02,2026-09-04T08:51:00
TSK-001175-1,ORD-001175,DC-04,PICK,RBT-0351,BLOCKED,COMPLETE,DC-04-Z05,DC-04-Z01,2026-08-25T23:56:00
TSK-001176-1,ORD-001176,DC-14,PACK_FEED,RBT-0691,ASSIGNED,ASSIGNED,DC-14-Z06,DC-14-Z04,2026-08-07T19:35:00
TSK-001176-2,ORD-001176,DC-14,STAGE,RBT-0557,ASSIGNED,EXECUTING,DC-14-Z09,DC-14-Z03,2026-08-07T21:04:00
TSK-001176-3,ORD-001176,DC-14,PICK,RBT-0615,BLOCKED,QUEUED,DC-14-Z10,DC-14-Z12,2026-08-07T20:05:00
TSK-001176-4,ORD-001176,DC-14,STAGE,RBT-0531,BLOCKED,COMPLETE,DC-14-Z01,DC-14-Z09,2026-08-07T19:31:00
TSK-001177-1,ORD-001177,DC-04,MOVE,RBT-0083,QUEUED,FAILED,DC-04-Z05,DC-04-Z06,2026-08-26T22:02:00
TSK-001177-2,ORD-001177,DC-04,PACK_FEED,RBT-0033,EXECUTING,QUEUED,DC-04-Z11,DC-04-Z03,2026-08-26T22:48:00
TSK-001177-3,ORD-001177,DC-04,MOVE,RBT-0156,ASSIGNED,FAILED,DC-04-Z05,DC-04-Z11,2026-08-26T23:29:00
TSK-001177-4,ORD-001177,DC-04,PACK_FEED,RBT-0301,BLOCKED,QUEUED,DC-04-Z01,DC-04-Z12,2026-08-26T22:29:00
TSK-001178-1,ORD-001178,DC-10,STAGE,RBT-0540,BLOCKED,FAILED,DC-10-Z03,DC-10-Z10,2026-09-04T17:29:00
TSK-001178-2,ORD-001178,DC-10,STAGE,RBT-0079,QUEUED,EXECUTING,DC-10-Z05,DC-10-Z05,2026-09-04T18:30:00
TSK-001178-3,ORD-001178,DC-10,PICK,RBT-0600,ASSIGNED,QUEUED,DC-10-Z11,DC-10-Z10,2026-09-04T18:28:00
TSK-001179-1,ORD-001179,DC-04,PICK,RBT-0118,EXECUTING,EXECUTING,DC-04-Z09,DC-04-Z04,2026-08-15T16:19:00
TSK-001179-2,ORD-001179,DC-04,REPLENISH,RBT-0052,EXECUTING,QUEUED,DC-04-Z09,DC-04-Z06,2026-08-15T14:38:00
TSK-001180-1,ORD-001180,DC-10,MOVE,RBT-0683,ASSIGNED,FAILED,DC-10-Z01,DC-10-Z07,2026-08-08T02:40:00
TSK-001181-1,ORD-001181,DC-08,STAGE,RBT-0606,BLOCKED,EXECUTING,DC-08-Z08,DC-08-Z03,2026-08-27T15:12:00
TSK-001182-1,ORD-001182,DC-07,PACK_FEED,RBT-0160,QUEUED,COMPLETE,DC-07-Z08,DC-07-Z07,2026-08-23T16:02:00
TSK-001182-2,ORD-001182,DC-07,STAGE,RBT-0613,ASSIGNED,FAILED,DC-07-Z11,DC-07-Z05,2026-08-23T16:40:00
TSK-001182-3,ORD-001182,DC-07,STAGE,RBT-0138,BLOCKED,ASSIGNED,DC-07-Z08,DC-07-Z03,2026-08-23T15:37:00
TSK-001182-4,ORD-001182,DC-07,PACK_FEED,RBT-0516,BLOCKED,ASSIGNED,DC-07-Z05,DC-07-Z01,2026-08-23T15:10:00
TSK-001183-1,ORD-001183,DC-09,PACK_FEED,RBT-0608,BLOCKED,FAILED,DC-09-Z10,DC-09-Z11,2026-08-21T06:02:00
TSK-001183-2,ORD-001183,DC-09,PACK_FEED,RBT-0567,QUEUED,ASSIGNED,DC-09-Z06,DC-09-Z01,2026-08-21T06:15:00
TSK-001183-3,ORD-001183,DC-09,PICK,RBT-0043,QUEUED,FAILED,DC-09-Z03,DC-09-Z09,2026-08-21T07:03:00
TSK-001184-1,ORD-001184,DC-02,STAGE,RBT-0692,QUEUED,QUEUED,DC-02-Z10,DC-02-Z08,2026-08-15T05:17:00
TSK-001184-2,ORD-001184,DC-02,REPLENISH,RBT-0302,ASSIGNED,COMPLETE,DC-02-Z01,DC-02-Z02,2026-08-15T05:01:00
TSK-001185-1,ORD-001185,DC-04,MOVE,RBT-0560,BLOCKED,EXECUTING,DC-04-Z10,DC-04-Z07,2026-08-29T08:14:00
TSK-001185-2,ORD-001185,DC-04,MOVE,RBT-0656,EXECUTING,FAILED,DC-04-Z04,DC-04-Z08,2026-08-29T08:22:00
TSK-001185-3,ORD-001185,DC-04,MOVE,RBT-0272,QUEUED,COMPLETE,DC-04-Z11,DC-04-Z03,2026-08-29T09:43:00
TSK-001186-1,ORD-001186,DC-15,PACK_FEED,RBT-0396,QUEUED,COMPLETE,DC-15-Z04,DC-15-Z07,2026-08-09T06:16:00
TSK-001186-2,ORD-001186,DC-15,STAGE,RBT-0264,COMPLETE,COMPLETE,DC-15-Z07,DC-15-Z02,2026-08-09T05:24:00
TSK-001186-3,ORD-001186,DC-15,MOVE,RBT-0224,EXECUTING,QUEUED,DC-15-Z05,DC-15-Z11,2026-08-09T06:58:00
TSK-001187-1,ORD-001187,DC-17,PICK,RBT-0194,QUEUED,EXECUTING,DC-17-Z12,DC-17-Z10,2026-08-10T06:48:00
TSK-001187-2,ORD-001187,DC-17,STAGE,RBT-0473,QUEUED,EXECUTING,DC-17-Z11,DC-17-Z05,2026-08-10T08:24:00
TSK-001188-1,ORD-001188,DC-08,MOVE,RBT-0633,QUEUED,QUEUED,DC-08-Z08,DC-08-Z07,2026-08-25T23:00:00
TSK-001188-2,ORD-001188,DC-08,STAGE,RBT-0041,QUEUED,COMPLETE,DC-08-Z06,DC-08-Z04,2026-08-25T23:44:00
TSK-001189-1,ORD-001189,DC-07,PICK,RBT-0568,ASSIGNED,EXECUTING,DC-07-Z01,DC-07-Z02,2026-08-21T13:36:00
TSK-001190-1,ORD-001190,DC-10,PICK,RBT-0341,QUEUED,ASSIGNED,DC-10-Z07,DC-10-Z07,2026-08-22T15:17:00
TSK-001191-1,ORD-001191,DC-08,PACK_FEED,RBT-0206,BLOCKED,QUEUED,DC-08-Z12,DC-08-Z05,2026-08-31T22:10:00
TSK-001191-2,ORD-001191,DC-08,REPLENISH,RBT-0316,QUEUED,QUEUED,DC-08-Z01,DC-08-Z07,2026-08-31T23:28:00
TSK-001192-1,ORD-001192,DC-04,REPLENISH,RBT-0397,QUEUED,ASSIGNED,DC-04-Z11,DC-04-Z02,2026-08-06T20:19:00
TSK-001192-2,ORD-001192,DC-04,MOVE,RBT-0484,EXECUTING,FAILED,DC-04-Z06,DC-04-Z07,2026-08-06T19:57:00
TSK-001193-1,ORD-001193,DC-01,PACK_FEED,RBT-0167,ASSIGNED,FAILED,DC-01-Z07,DC-01-Z06,2026-08-23T12:35:00
TSK-001193-2,ORD-001193,DC-01,PACK_FEED,RBT-0682,ASSIGNED,QUEUED,DC-01-Z12,DC-01-Z04,2026-08-23T11:04:00
TSK-001193-3,ORD-001193,DC-01,PICK,RBT-0249,COMPLETE,ASSIGNED,DC-01-Z08,DC-01-Z03,2026-08-23T12:22:00
TSK-001194-1,ORD-001194,DC-12,PACK_FEED,RBT-0694,EXECUTING,EXECUTING,DC-12-Z03,DC-12-Z05,2026-09-04T23:15:00
TSK-001194-2,ORD-001194,DC-12,PACK_FEED,RBT-0361,COMPLETE,ASSIGNED,DC-12-Z06,DC-12-Z02,2026-09-04T22:57:00
TSK-001195-1,ORD-001195,DC-18,REPLENISH,RBT-0588,QUEUED,EXECUTING,DC-18-Z12,DC-18-Z11,2026-09-04T08:33:00
TSK-001196-1,ORD-001196,DC-18,PICK,RBT-0521,EXECUTING,COMPLETE,DC-18-Z05,DC-18-Z07,2026-08-12T13:41:00
TSK-001196-2,ORD-001196,DC-18,MOVE,RBT-0560,ASSIGNED,COMPLETE,DC-18-Z08,DC-18-Z04,2026-08-12T14:14:00
TSK-001197-1,ORD-001197,DC-07,REPLENISH,RBT-0628,EXECUTING,QUEUED,DC-07-Z03,DC-07-Z11,2026-09-05T03:51:00
TSK-001198-1,ORD-001198,DC-17,STAGE,RBT-0218,ASSIGNED,FAILED,DC-17-Z01,DC-17-Z09,2026-08-28T22:26:00
TSK-001199-1,ORD-001199,DC-05,REPLENISH,RBT-0299,QUEUED,COMPLETE,DC-05-Z02,DC-05-Z09,2026-08-23T02:41:00
TSK-001200-1,ORD-001200,DC-13,STAGE,RBT-0609,ASSIGNED,COMPLETE,DC-13-Z07,DC-13-Z04,2026-08-10T12:33:00
TSK-001200-2,ORD-001200,DC-13,STAGE,RBT-0314,QUEUED,COMPLETE,DC-13-Z02,DC-13-Z08,2026-08-10T12:16:00
TSK-001200-3,ORD-001200,DC-13,PACK_FEED,RBT-0031,QUEUED,ASSIGNED,DC-13-Z08,DC-13-Z03,2026-08-10T12:15:00
TSK-001201-1,ORD-001201,DC-07,PICK,RBT-0292,COMPLETE,ASSIGNED,DC-07-Z09,DC-07-Z03,2026-08-28T18:21:00
TSK-001201-2,ORD-001201,DC-07,STAGE,RBT-0168,QUEUED,COMPLETE,DC-07-Z08,DC-07-Z09,2026-08-28T18:33:00
TSK-001201-3,ORD-001201,DC-07,PACK_FEED,RBT-0544,QUEUED,QUEUED,DC-07-Z11,DC-07-Z03,2026-08-28T18:50:00
TSK-001202-1,ORD-001202,DC-09,STAGE,RBT-0084,QUEUED,COMPLETE,DC-09-Z05,DC-09-Z10,2026-08-12T15:48:00
TSK-001203-1,ORD-001203,DC-12,MOVE,RBT-0516,BLOCKED,EXECUTING,DC-12-Z08,DC-12-Z10,2026-08-01T16:42:00
TSK-001204-1,ORD-001204,DC-16,REPLENISH,RBT-0330,ASSIGNED,ASSIGNED,DC-16-Z02,DC-16-Z07,2026-08-10T05:44:00
TSK-001204-2,ORD-001204,DC-16,MOVE,RBT-0009,ASSIGNED,QUEUED,DC-16-Z02,DC-16-Z03,2026-08-10T05:27:00
TSK-001204-3,ORD-001204,DC-16,STAGE,RBT-0560,COMPLETE,QUEUED,DC-16-Z07,DC-16-Z10,2026-08-10T06:50:00
TSK-001205-1,ORD-001205,DC-17,PICK,RBT-0405,EXECUTING,QUEUED,DC-17-Z11,DC-17-Z05,2026-08-02T09:27:00
TSK-001205-2,ORD-001205,DC-17,STAGE,RBT-0401,COMPLETE,EXECUTING,DC-17-Z10,DC-17-Z06,2026-08-02T10:10:00
TSK-001205-3,ORD-001205,DC-17,REPLENISH,RBT-0330,ASSIGNED,QUEUED,DC-17-Z12,DC-17-Z08,2026-08-02T10:21:00
TSK-001205-4,ORD-001205,DC-17,PACK_FEED,RBT-0059,BLOCKED,COMPLETE,DC-17-Z10,DC-17-Z11,2026-08-02T09:07:00
TSK-001206-1,ORD-001206,DC-10,PICK,RBT-0072,BLOCKED,ASSIGNED,DC-10-Z03,DC-10-Z04,2026-08-07T22:15:00
TSK-001206-2,ORD-001206,DC-10,PACK_FEED,RBT-0695,COMPLETE,ASSIGNED,DC-10-Z12,DC-10-Z03,2026-08-07T23:02:00
TSK-001206-3,ORD-001206,DC-10,REPLENISH,RBT-0670,QUEUED,FAILED,DC-10-Z11,DC-10-Z03,2026-08-07T22:47:00
TSK-001206-4,ORD-001206,DC-10,PACK_FEED,RBT-0521,QUEUED,QUEUED,DC-10-Z11,DC-10-Z12,2026-08-07T22:18:00
TSK-001207-1,ORD-001207,DC-11,REPLENISH,RBT-0584,EXECUTING,QUEUED,DC-11-Z09,DC-11-Z04,2026-08-19T14:42:00
TSK-001207-2,ORD-001207,DC-11,PACK_FEED,RBT-0444,ASSIGNED,ASSIGNED,DC-11-Z06,DC-11-Z02,2026-08-19T15:53:00
TSK-001208-1,ORD-001208,DC-07,STAGE,RBT-0653,BLOCKED,EXECUTING,DC-07-Z07,DC-07-Z09,2026-08-28T02:43:00
TSK-001208-2,ORD-001208,DC-07,REPLENISH,RBT-0661,QUEUED,FAILED,DC-07-Z05,DC-07-Z07,2026-08-28T01:59:00
TSK-001208-3,ORD-001208,DC-07,PICK,RBT-0534,BLOCKED,COMPLETE,DC-07-Z02,DC-07-Z11,2026-08-28T01:29:00
TSK-001208-4,ORD-001208,DC-07,MOVE,RBT-0607,BLOCKED,ASSIGNED,DC-07-Z07,DC-07-Z04,2026-08-28T02:14:00
TSK-001209-1,ORD-001209,DC-07,MOVE,RBT-0077,QUEUED,COMPLETE,DC-07-Z10,DC-07-Z09,2026-09-02T13:38:00
TSK-001209-2,ORD-001209,DC-07,MOVE,RBT-0653,EXECUTING,ASSIGNED,DC-07-Z04,DC-07-Z01,2026-09-02T13:01:00
TSK-001209-3,ORD-001209,DC-07,PACK_FEED,RBT-0258,ASSIGNED,EXECUTING,DC-07-Z03,DC-07-Z02,2026-09-02T12:42:00
TSK-001210-1,ORD-001210,DC-02,PACK_FEED,RBT-0367,BLOCKED,FAILED,DC-02-Z05,DC-02-Z04,2026-08-02T13:16:00
TSK-001210-2,ORD-001210,DC-02,PACK_FEED,RBT-0456,EXECUTING,QUEUED,DC-02-Z10,DC-02-Z01,2026-08-02T11:59:00
TSK-001210-3,ORD-001210,DC-02,STAGE,RBT-0479,QUEUED,ASSIGNED,DC-02-Z12,DC-02-Z02,2026-08-02T12:46:00
TSK-001211-1,ORD-001211,DC-18,MOVE,RBT-0500,COMPLETE,COMPLETE,DC-18-Z07,DC-18-Z12,2026-08-22T19:47:00
TSK-001211-2,ORD-001211,DC-18,PACK_FEED,RBT-0376,COMPLETE,COMPLETE,DC-18-Z10,DC-18-Z11,2026-08-22T19:44:00
TSK-001211-3,ORD-001211,DC-18,PICK,RBT-0364,EXECUTING,EXECUTING,DC-18-Z04,DC-18-Z06,2026-08-22T20:22:00
TSK-001212-1,ORD-001212,DC-09,PICK,RBT-0162,BLOCKED,FAILED,DC-09-Z03,DC-09-Z08,2026-08-02T05:15:00
TSK-001213-1,ORD-001213,DC-10,STAGE,RBT-0483,BLOCKED,FAILED,DC-10-Z08,DC-10-Z03,2026-08-30T06:26:00
TSK-001213-2,ORD-001213,DC-10,MOVE,RBT-0033,QUEUED,EXECUTING,DC-10-Z02,DC-10-Z05,2026-08-30T05:26:00
TSK-001214-1,ORD-001214,DC-15,PACK_FEED,RBT-0460,QUEUED,COMPLETE,DC-15-Z12,DC-15-Z10,2026-08-11T04:04:00
TSK-001214-2,ORD-001214,DC-15,REPLENISH,RBT-0654,ASSIGNED,EXECUTING,DC-15-Z06,DC-15-Z06,2026-08-11T02:19:00
TSK-001215-1,ORD-001215,DC-15,REPLENISH,RBT-0410,QUEUED,QUEUED,DC-15-Z11,DC-15-Z03,2026-09-03T13:44:00
TSK-001216-1,ORD-001216,DC-14,PICK,RBT-0215,COMPLETE,ASSIGNED,DC-14-Z05,DC-14-Z10,2026-08-20T09:23:00
TSK-001216-2,ORD-001216,DC-14,PACK_FEED,RBT-0132,QUEUED,ASSIGNED,DC-14-Z12,DC-14-Z04,2026-08-20T09:14:00
TSK-001216-3,ORD-001216,DC-14,MOVE,RBT-0576,EXECUTING,QUEUED,DC-14-Z08,DC-14-Z02,2026-08-20T08:49:00
TSK-001217-1,ORD-001217,DC-01,STAGE,RBT-0202,BLOCKED,FAILED,DC-01-Z02,DC-01-Z07,2026-08-29T13:50:00
TSK-001218-1,ORD-001218,DC-18,PICK,RBT-0388,ASSIGNED,COMPLETE,DC-18-Z08,DC-18-Z03,2026-08-03T01:52:00
TSK-001218-2,ORD-001218,DC-18,PICK,RBT-0275,BLOCKED,COMPLETE,DC-18-Z11,DC-18-Z01,2026-08-03T01:40:00
TSK-001218-3,ORD-001218,DC-18,STAGE,RBT-0018,BLOCKED,FAILED,DC-18-Z04,DC-18-Z01,2026-08-03T00:21:00
TSK-001218-4,ORD-001218,DC-18,STAGE,RBT-0364,BLOCKED,ASSIGNED,DC-18-Z03,DC-18-Z07,2026-08-03T01:04:00
TSK-001219-1,ORD-001219,DC-07,REPLENISH,RBT-0674,BLOCKED,EXECUTING,DC-07-Z02,DC-07-Z07,2026-08-20T04:40:00
TSK-001219-2,ORD-001219,DC-07,REPLENISH,RBT-0459,QUEUED,COMPLETE,DC-07-Z12,DC-07-Z05,2026-08-20T05:03:00
TSK-001219-3,ORD-001219,DC-07,PICK,RBT-0379,BLOCKED,FAILED,DC-07-Z11,DC-07-Z04,2026-08-20T03:28:00
TSK-001220-1,ORD-001220,DC-09,STAGE,RBT-0424,BLOCKED,FAILED,DC-09-Z11,DC-09-Z10,2026-09-04T11:25:00
TSK-001220-2,ORD-001220,DC-09,REPLENISH,RBT-0199,ASSIGNED,QUEUED,DC-09-Z01,DC-09-Z05,2026-09-04T11:05:00
TSK-001221-1,ORD-001221,DC-07,STAGE,RBT-0224,BLOCKED,ASSIGNED,DC-07-Z09,DC-07-Z12,2026-08-16T14:24:00
TSK-001221-2,ORD-001221,DC-07,MOVE,RBT-0411,QUEUED,ASSIGNED,DC-07-Z11,DC-07-Z07,2026-08-16T14:43:00
TSK-001221-3,ORD-001221,DC-07,PICK,RBT-0318,COMPLETE,EXECUTING,DC-07-Z12,DC-07-Z04,2026-08-16T13:57:00
TSK-001222-1,ORD-001222,DC-05,STAGE,RBT-0492,EXECUTING,QUEUED,DC-05-Z03,DC-05-Z07,2026-08-02T18:07:00
TSK-001222-2,ORD-001222,DC-05,MOVE,RBT-0023,COMPLETE,QUEUED,DC-05-Z10,DC-05-Z01,2026-08-02T18:06:00
TSK-001223-1,ORD-001223,DC-08,STAGE,RBT-0635,ASSIGNED,FAILED,DC-08-Z05,DC-08-Z07,2026-08-26T11:33:00
TSK-001223-2,ORD-001223,DC-08,STAGE,RBT-0147,COMPLETE,FAILED,DC-08-Z08,DC-08-Z02,2026-08-26T12:35:00
TSK-001223-3,ORD-001223,DC-08,STAGE,RBT-0686,ASSIGNED,ASSIGNED,DC-08-Z05,DC-08-Z03,2026-08-26T12:19:00
TSK-001223-4,ORD-001223,DC-08,MOVE,RBT-0294,ASSIGNED,ASSIGNED,DC-08-Z03,DC-08-Z07,2026-08-26T11:38:00
TSK-001224-1,ORD-001224,DC-02,REPLENISH,RBT-0184,ASSIGNED,ASSIGNED,DC-02-Z02,DC-02-Z05,2026-08-05T22:29:00
TSK-001224-2,ORD-001224,DC-02,STAGE,RBT-0563,ASSIGNED,QUEUED,DC-02-Z01,DC-02-Z01,2026-08-05T23:12:00
TSK-001225-1,ORD-001225,DC-17,STAGE,RBT-0559,COMPLETE,FAILED,DC-17-Z02,DC-17-Z07,2026-08-05T18:12:00
TSK-001226-1,ORD-001226,DC-07,PACK_FEED,RBT-0148,ASSIGNED,ASSIGNED,DC-07-Z10,DC-07-Z05,2026-08-29T12:16:00
TSK-001227-1,ORD-001227,DC-10,STAGE,RBT-0557,EXECUTING,FAILED,DC-10-Z05,DC-10-Z04,2026-08-20T11:57:00
TSK-001227-2,ORD-001227,DC-10,STAGE,RBT-0331,ASSIGNED,EXECUTING,DC-10-Z03,DC-10-Z09,2026-08-20T11:28:00
TSK-001227-3,ORD-001227,DC-10,PICK,RBT-0098,COMPLETE,ASSIGNED,DC-10-Z11,DC-10-Z10,2026-08-20T11:01:00
TSK-001227-4,ORD-001227,DC-10,PACK_FEED,RBT-0017,BLOCKED,FAILED,DC-10-Z09,DC-10-Z06,2026-08-20T11:33:00
TSK-001228-1,ORD-001228,DC-11,PACK_FEED,RBT-0693,EXECUTING,COMPLETE,DC-11-Z08,DC-11-Z02,2026-08-12T14:19:00
TSK-001229-1,ORD-001229,DC-10,PICK,RBT-0457,QUEUED,COMPLETE,DC-10-Z01,DC-10-Z01,2026-09-03T11:10:00
TSK-001229-2,ORD-001229,DC-10,PACK_FEED,RBT-0329,ASSIGNED,ASSIGNED,DC-10-Z11,DC-10-Z07,2026-09-03T09:32:00
TSK-001229-3,ORD-001229,DC-10,REPLENISH,RBT-0542,EXECUTING,COMPLETE,DC-10-Z11,DC-10-Z12,2026-09-03T10:32:00
TSK-001229-4,ORD-001229,DC-10,PACK_FEED,RBT-0627,ASSIGNED,ASSIGNED,DC-10-Z08,DC-10-Z10,2026-09-03T09:56:00
TSK-001230-1,ORD-001230,DC-10,PACK_FEED,RBT-0537,EXECUTING,COMPLETE,DC-10-Z07,DC-10-Z02,2026-08-21T20:46:00
TSK-001230-2,ORD-001230,DC-10,REPLENISH,RBT-0380,EXECUTING,ASSIGNED,DC-10-Z11,DC-10-Z12,2026-08-21T21:10:00
TSK-001230-3,ORD-001230,DC-10,PICK,RBT-0626,QUEUED,FAILED,DC-10-Z07,DC-10-Z04,2026-08-21T21:22:00
TSK-001230-4,ORD-001230,DC-10,PACK_FEED,RBT-0548,ASSIGNED,EXECUTING,DC-10-Z07,DC-10-Z03,2026-08-21T20:45:00
TSK-001231-1,ORD-001231,DC-04,MOVE,RBT-0536,COMPLETE,EXECUTING,DC-04-Z03,DC-04-Z04,2026-08-06T10:56:00
TSK-001231-2,ORD-001231,DC-04,PACK_FEED,RBT-0301,EXECUTING,FAILED,DC-04-Z12,DC-04-Z09,2026-08-06T10:05:00
TSK-001232-1,ORD-001232,DC-10,STAGE,RBT-0422,EXECUTING,ASSIGNED,DC-10-Z11,DC-10-Z06,2026-08-10T03:49:00
TSK-001232-2,ORD-001232,DC-10,PICK,RBT-0555,QUEUED,FAILED,DC-10-Z01,DC-10-Z01,2026-08-10T05:20:00
TSK-001232-3,ORD-001232,DC-10,MOVE,RBT-0303,BLOCKED,COMPLETE,DC-10-Z04,DC-10-Z05,2026-08-10T04:09:00
TSK-001233-1,ORD-001233,DC-13,PACK_FEED,RBT-0416,COMPLETE,QUEUED,DC-13-Z10,DC-13-Z05,2026-08-06T02:11:00
TSK-001233-2,ORD-001233,DC-13,REPLENISH,RBT-0002,QUEUED,ASSIGNED,DC-13-Z02,DC-13-Z05,2026-08-06T03:45:00
TSK-001233-3,ORD-001233,DC-13,STAGE,RBT-0557,EXECUTING,ASSIGNED,DC-13-Z01,DC-13-Z10,2026-08-06T03:47:00
TSK-001234-1,ORD-001234,DC-03,MOVE,RBT-0124,QUEUED,FAILED,DC-03-Z10,DC-03-Z12,2026-08-22T23:30:00
TSK-001234-2,ORD-001234,DC-03,PICK,RBT-0613,ASSIGNED,FAILED,DC-03-Z10,DC-03-Z04,2026-08-22T23:09:00
TSK-001235-1,ORD-001235,DC-06,STAGE,RBT-0011,BLOCKED,COMPLETE,DC-06-Z09,DC-06-Z01,2026-08-29T20:35:00
TSK-001235-2,ORD-001235,DC-06,STAGE,RBT-0392,BLOCKED,ASSIGNED,DC-06-Z01,DC-06-Z04,2026-08-29T20:49:00
TSK-001235-3,ORD-001235,DC-06,PACK_FEED,RBT-0326,EXECUTING,FAILED,DC-06-Z05,DC-06-Z07,2026-08-29T20:14:00
TSK-001235-4,ORD-001235,DC-06,STAGE,RBT-0108,COMPLETE,ASSIGNED,DC-06-Z05,DC-06-Z08,2026-08-29T20:49:00
TSK-001236-1,ORD-001236,DC-18,MOVE,RBT-0223,QUEUED,FAILED,DC-18-Z02,DC-18-Z07,2026-08-15T10:40:00
TSK-001237-1,ORD-001237,DC-15,REPLENISH,RBT-0467,BLOCKED,EXECUTING,DC-15-Z04,DC-15-Z07,2026-08-25T09:41:00
TSK-001237-2,ORD-001237,DC-15,PICK,RBT-0248,BLOCKED,FAILED,DC-15-Z10,DC-15-Z02,2026-08-25T08:25:00
TSK-001237-3,ORD-001237,DC-15,REPLENISH,RBT-0139,EXECUTING,QUEUED,DC-15-Z04,DC-15-Z04,2026-08-25T08:52:00
TSK-001238-1,ORD-001238,DC-03,MOVE,RBT-0206,BLOCKED,QUEUED,DC-03-Z12,DC-03-Z01,2026-08-12T04:03:00
TSK-001238-2,ORD-001238,DC-03,PICK,RBT-0532,ASSIGNED,COMPLETE,DC-03-Z03,DC-03-Z05,2026-08-12T04:51:00
TSK-001238-3,ORD-001238,DC-03,PICK,RBT-0196,COMPLETE,ASSIGNED,DC-03-Z03,DC-03-Z12,2026-08-12T03:40:00
TSK-001239-1,ORD-001239,DC-02,PACK_FEED,RBT-0077,QUEUED,COMPLETE,DC-02-Z12,DC-02-Z02,2026-08-18T06:55:00
TSK-001239-2,ORD-001239,DC-02,MOVE,RBT-0130,BLOCKED,EXECUTING,DC-02-Z07,DC-02-Z08,2026-08-18T07:03:00
TSK-001239-3,ORD-001239,DC-02,REPLENISH,RBT-0631,BLOCKED,EXECUTING,DC-02-Z06,DC-02-Z07,2026-08-18T06:22:00
TSK-001240-1,ORD-001240,DC-03,PACK_FEED,RBT-0373,COMPLETE,COMPLETE,DC-03-Z01,DC-03-Z11,2026-08-12T10:56:00
TSK-001240-2,ORD-001240,DC-03,STAGE,RBT-0013,ASSIGNED,COMPLETE,DC-03-Z02,DC-03-Z03,2026-08-12T10:45:00
TSK-001240-3,ORD-001240,DC-03,STAGE,RBT-0553,COMPLETE,COMPLETE,DC-03-Z07,DC-03-Z05,2026-08-12T11:10:00
TSK-001240-4,ORD-001240,DC-03,STAGE,RBT-0162,COMPLETE,COMPLETE,DC-03-Z01,DC-03-Z03,2026-08-12T10:36:00
TSK-001241-1,ORD-001241,DC-16,PICK,RBT-0680,BLOCKED,COMPLETE,DC-16-Z05,DC-16-Z09,2026-08-21T07:35:00
TSK-001241-2,ORD-001241,DC-16,REPLENISH,RBT-0536,ASSIGNED,EXECUTING,DC-16-Z07,DC-16-Z12,2026-08-21T07:47:00
TSK-001241-3,ORD-001241,DC-16,PACK_FEED,RBT-0678,COMPLETE,QUEUED,DC-16-Z07,DC-16-Z07,2026-08-21T07:53:00
TSK-001241-4,ORD-001241,DC-16,PICK,RBT-0345,ASSIGNED,COMPLETE,DC-16-Z02,DC-16-Z12,2026-08-21T08:10:00
TSK-001242-1,ORD-001242,DC-07,MOVE,RBT-0072,EXECUTING,FAILED,DC-07-Z07,DC-07-Z02,2026-09-01T11:59:00
TSK-001243-1,ORD-001243,DC-03,PICK,RBT-0486,COMPLETE,ASSIGNED,DC-03-Z05,DC-03-Z01,2026-08-16T15:00:00
TSK-001243-2,ORD-001243,DC-03,PACK_FEED,RBT-0219,EXECUTING,COMPLETE,DC-03-Z05,DC-03-Z08,2026-08-16T14:56:00
TSK-001243-3,ORD-001243,DC-03,PACK_FEED,RBT-0311,ASSIGNED,QUEUED,DC-03-Z03,DC-03-Z10,2026-08-16T14:08:00
TSK-001244-1,ORD-001244,DC-06,REPLENISH,RBT-0189,BLOCKED,FAILED,DC-06-Z04,DC-06-Z10,2026-08-04T14:27:00
TSK-001244-2,ORD-001244,DC-06,REPLENISH,RBT-0677,COMPLETE,QUEUED,DC-06-Z04,DC-06-Z10,2026-08-04T15:07:00
TSK-001245-1,ORD-001245,DC-12,PACK_FEED,RBT-0460,COMPLETE,ASSIGNED,DC-12-Z02,DC-12-Z12,2026-08-16T05:28:00
TSK-001245-2,ORD-001245,DC-12,STAGE,RBT-0359,BLOCKED,COMPLETE,DC-12-Z03,DC-12-Z08,2026-08-16T05:14:00
TSK-001245-3,ORD-001245,DC-12,PACK_FEED,RBT-0494,BLOCKED,EXECUTING,DC-12-Z07,DC-12-Z01,2026-08-16T03:36:00
TSK-001245-4,ORD-001245,DC-12,STAGE,RBT-0712,QUEUED,ASSIGNED,DC-12-Z09,DC-12-Z12,2026-08-16T04:42:00
TSK-001246-1,ORD-001246,DC-01,MOVE,RBT-0578,QUEUED,COMPLETE,DC-01-Z11,DC-01-Z03,2026-08-22T15:37:00
TSK-001246-2,ORD-001246,DC-01,REPLENISH,RBT-0614,QUEUED,FAILED,DC-01-Z12,DC-01-Z10,2026-08-22T15:24:00
TSK-001246-3,ORD-001246,DC-01,MOVE,RBT-0379,BLOCKED,ASSIGNED,DC-01-Z03,DC-01-Z06,2026-08-22T15:37:00
TSK-001247-1,ORD-001247,DC-18,REPLENISH,RBT-0515,QUEUED,QUEUED,DC-18-Z08,DC-18-Z11,2026-08-06T08:51:00
TSK-001247-2,ORD-001247,DC-18,PACK_FEED,RBT-0631,COMPLETE,ASSIGNED,DC-18-Z02,DC-18-Z03,2026-08-06T08:19:00
TSK-001247-3,ORD-001247,DC-18,MOVE,RBT-0541,ASSIGNED,QUEUED,DC-18-Z02,DC-18-Z11,2026-08-06T07:59:00
TSK-001248-1,ORD-001248,DC-05,STAGE,RBT-0705,BLOCKED,COMPLETE,DC-05-Z04,DC-05-Z01,2026-08-19T01:46:00
TSK-001248-2,ORD-001248,DC-05,PACK_FEED,RBT-0556,BLOCKED,QUEUED,DC-05-Z02,DC-05-Z07,2026-08-19T01:25:00
TSK-001249-1,ORD-001249,DC-10,STAGE,RBT-0330,BLOCKED,EXECUTING,DC-10-Z02,DC-10-Z01,2026-09-04T20:56:00
TSK-001249-2,ORD-001249,DC-10,STAGE,RBT-0641,ASSIGNED,FAILED,DC-10-Z11,DC-10-Z08,2026-09-04T20:53:00
TSK-001250-1,ORD-001250,DC-05,PICK,RBT-0501,EXECUTING,COMPLETE,DC-05-Z12,DC-05-Z11,2026-08-05T16:49:00
TSK-001250-2,ORD-001250,DC-05,MOVE,RBT-0403,COMPLETE,EXECUTING,DC-05-Z11,DC-05-Z10,2026-08-05T17:21:00
TSK-001251-1,ORD-001251,DC-06,PICK,RBT-0226,EXECUTING,FAILED,DC-06-Z06,DC-06-Z03,2026-09-01T08:53:00
TSK-001251-2,ORD-001251,DC-06,PACK_FEED,RBT-0511,EXECUTING,EXECUTING,DC-06-Z04,DC-06-Z06,2026-09-01T09:19:00
TSK-001251-3,ORD-001251,DC-06,REPLENISH,RBT-0570,BLOCKED,EXECUTING,DC-06-Z05,DC-06-Z07,2026-09-01T08:37:00
TSK-001252-1,ORD-001252,DC-16,PICK,RBT-0446,QUEUED,ASSIGNED,DC-16-Z05,DC-16-Z05,2026-09-01T23:44:00
TSK-001252-2,ORD-001252,DC-16,STAGE,RBT-0586,COMPLETE,QUEUED,DC-16-Z03,DC-16-Z10,2026-09-01T23:54:00
TSK-001253-1,ORD-001253,DC-17,PACK_FEED,RBT-0577,QUEUED,EXECUTING,DC-17-Z01,DC-17-Z07,2026-08-28T17:16:00
TSK-001254-1,ORD-001254,DC-02,STAGE,RBT-0090,QUEUED,FAILED,DC-02-Z07,DC-02-Z04,2026-08-31T16:18:00
TSK-001254-2,ORD-001254,DC-02,REPLENISH,RBT-0338,QUEUED,QUEUED,DC-02-Z04,DC-02-Z07,2026-08-31T17:13:00
TSK-001254-3,ORD-001254,DC-02,STAGE,RBT-0383,COMPLETE,ASSIGNED,DC-02-Z08,DC-02-Z12,2026-08-31T15:39:00
TSK-001254-4,ORD-001254,DC-02,MOVE,RBT-0044,ASSIGNED,ASSIGNED,DC-02-Z03,DC-02-Z07,2026-08-31T15:30:00
TSK-001255-1,ORD-001255,DC-12,PACK_FEED,RBT-0683,ASSIGNED,EXECUTING,DC-12-Z10,DC-12-Z02,2026-09-01T07:12:00
TSK-001255-2,ORD-001255,DC-12,PICK,RBT-0178,EXECUTING,EXECUTING,DC-12-Z12,DC-12-Z06,2026-09-01T07:12:00
TSK-001255-3,ORD-001255,DC-12,PACK_FEED,RBT-0557,ASSIGNED,EXECUTING,DC-12-Z12,DC-12-Z09,2026-09-01T07:27:00
TSK-001256-1,ORD-001256,DC-15,PICK,RBT-0458,COMPLETE,FAILED,DC-15-Z12,DC-15-Z02,2026-08-02T06:42:00
TSK-001257-1,ORD-001257,DC-12,PACK_FEED,RBT-0253,EXECUTING,QUEUED,DC-12-Z12,DC-12-Z11,2026-08-08T01:41:00
TSK-001258-1,ORD-001258,DC-18,MOVE,RBT-0483,EXECUTING,ASSIGNED,DC-18-Z04,DC-18-Z06,2026-08-19T02:23:00
TSK-001259-1,ORD-001259,DC-03,MOVE,RBT-0507,ASSIGNED,FAILED,DC-03-Z08,DC-03-Z09,2026-08-27T16:50:00
TSK-001260-1,ORD-001260,DC-04,STAGE,RBT-0492,COMPLETE,ASSIGNED,DC-04-Z05,DC-04-Z11,2026-08-06T07:21:00
TSK-001260-2,ORD-001260,DC-04,STAGE,RBT-0282,ASSIGNED,QUEUED,DC-04-Z01,DC-04-Z04,2026-08-06T06:46:00
TSK-001261-1,ORD-001261,DC-01,PICK,RBT-0312,QUEUED,FAILED,DC-01-Z05,DC-01-Z02,2026-08-04T09:05:00
TSK-001261-2,ORD-001261,DC-01,STAGE,RBT-0597,COMPLETE,EXECUTING,DC-01-Z10,DC-01-Z03,2026-08-04T09:05:00
TSK-001261-3,ORD-001261,DC-01,PICK,RBT-0605,BLOCKED,EXECUTING,DC-01-Z06,DC-01-Z06,2026-08-04T07:59:00
TSK-001261-4,ORD-001261,DC-01,PICK,RBT-0281,BLOCKED,ASSIGNED,DC-01-Z09,DC-01-Z05,2026-08-04T07:50:00
TSK-001262-1,ORD-001262,DC-03,PACK_FEED,RBT-0013,QUEUED,COMPLETE,DC-03-Z02,DC-03-Z07,2026-08-04T14:02:00
TSK-001263-1,ORD-001263,DC-04,REPLENISH,RBT-0625,BLOCKED,ASSIGNED,DC-04-Z01,DC-04-Z08,2026-08-10T17:24:00
TSK-001263-2,ORD-001263,DC-04,STAGE,RBT-0003,EXECUTING,EXECUTING,DC-04-Z08,DC-04-Z01,2026-08-10T17:40:00
TSK-001264-1,ORD-001264,DC-17,PICK,RBT-0558,COMPLETE,FAILED,DC-17-Z06,DC-17-Z10,2026-08-16T06:37:00
TSK-001265-1,ORD-001265,DC-07,STAGE,RBT-0475,ASSIGNED,QUEUED,DC-07-Z01,DC-07-Z06,2026-08-01T16:35:00
TSK-001266-1,ORD-001266,DC-02,STAGE,RBT-0536,ASSIGNED,EXECUTING,DC-02-Z03,DC-02-Z11,2026-08-12T05:03:00
TSK-001266-2,ORD-001266,DC-02,REPLENISH,RBT-0647,BLOCKED,FAILED,DC-02-Z07,DC-02-Z11,2026-08-12T04:29:00
TSK-001266-3,ORD-001266,DC-02,STAGE,RBT-0635,QUEUED,EXECUTING,DC-02-Z05,DC-02-Z10,2026-08-12T04:57:00
TSK-001267-1,ORD-001267,DC-15,MOVE,RBT-0634,QUEUED,EXECUTING,DC-15-Z10,DC-15-Z05,2026-09-03T22:56:00
TSK-001267-2,ORD-001267,DC-15,STAGE,RBT-0267,EXECUTING,ASSIGNED,DC-15-Z07,DC-15-Z06,2026-09-03T22:54:00
TSK-001267-3,ORD-001267,DC-15,MOVE,RBT-0297,EXECUTING,FAILED,DC-15-Z08,DC-15-Z05,2026-09-04T00:04:00
TSK-001267-4,ORD-001267,DC-15,PACK_FEED,RBT-0316,ASSIGNED,COMPLETE,DC-15-Z08,DC-15-Z10,2026-09-03T23:28:00
TSK-001268-1,ORD-001268,DC-03,PACK_FEED,RBT-0560,ASSIGNED,COMPLETE,DC-03-Z12,DC-03-Z10,2026-08-29T20:24:00
TSK-001268-2,ORD-001268,DC-03,STAGE,RBT-0075,ASSIGNED,QUEUED,DC-03-Z05,DC-03-Z12,2026-08-29T21:05:00
TSK-001268-3,ORD-001268,DC-03,MOVE,RBT-0148,COMPLETE,FAILED,DC-03-Z07,DC-03-Z07,2026-08-29T20:44:00
TSK-001269-1,ORD-001269,DC-06,STAGE,RBT-0273,ASSIGNED,EXECUTING,DC-06-Z09,DC-06-Z03,2026-08-04T13:19:00
TSK-001269-2,ORD-001269,DC-06,PICK,RBT-0622,EXECUTING,ASSIGNED,DC-06-Z02,DC-06-Z10,2026-08-04T11:46:00
TSK-001270-1,ORD-001270,DC-01,MOVE,RBT-0245,BLOCKED,COMPLETE,DC-01-Z08,DC-01-Z02,2026-08-17T03:38:00
TSK-001270-2,ORD-001270,DC-01,PACK_FEED,RBT-0704,QUEUED,QUEUED,DC-01-Z04,DC-01-Z04,2026-08-17T03:39:00
TSK-001271-1,ORD-001271,DC-18,REPLENISH,RBT-0411,COMPLETE,QUEUED,DC-18-Z04,DC-18-Z09,2026-08-18T05:24:00
TSK-001271-2,ORD-001271,DC-18,PICK,RBT-0555,EXECUTING,EXECUTING,DC-18-Z08,DC-18-Z05,2026-08-18T06:24:00
TSK-001271-3,ORD-001271,DC-18,PICK,RBT-0179,EXECUTING,COMPLETE,DC-18-Z06,DC-18-Z01,2026-08-18T06:03:00
TSK-001271-4,ORD-001271,DC-18,REPLENISH,RBT-0159,QUEUED,QUEUED,DC-18-Z12,DC-18-Z01,2026-08-18T07:02:00
TSK-001272-1,ORD-001272,DC-10,STAGE,RBT-0582,BLOCKED,ASSIGNED,DC-10-Z02,DC-10-Z10,2026-08-07T19:59:00
TSK-001272-2,ORD-001272,DC-10,REPLENISH,RBT-0125,EXECUTING,FAILED,DC-10-Z08,DC-10-Z04,2026-08-07T19:16:00
TSK-001273-1,ORD-001273,DC-04,PICK,RBT-0558,BLOCKED,EXECUTING,DC-04-Z09,DC-04-Z02,2026-08-22T04:34:00
TSK-001274-1,ORD-001274,DC-16,MOVE,RBT-0192,ASSIGNED,FAILED,DC-16-Z11,DC-16-Z03,2026-08-25T04:37:00
TSK-001274-2,ORD-001274,DC-16,PACK_FEED,RBT-0046,COMPLETE,EXECUTING,DC-16-Z03,DC-16-Z04,2026-08-25T04:01:00
TSK-001274-3,ORD-001274,DC-16,PICK,RBT-0540,BLOCKED,EXECUTING,DC-16-Z11,DC-16-Z05,2026-08-25T03:37:00
TSK-001274-4,ORD-001274,DC-16,PACK_FEED,RBT-0481,BLOCKED,COMPLETE,DC-16-Z09,DC-16-Z08,2026-08-25T03:54:00
TSK-001275-1,ORD-001275,DC-03,PICK,RBT-0075,BLOCKED,FAILED,DC-03-Z04,DC-03-Z07,2026-08-07T01:00:00
TSK-001275-2,ORD-001275,DC-03,REPLENISH,RBT-0093,BLOCKED,EXECUTING,DC-03-Z03,DC-03-Z06,2026-08-06T23:34:00
TSK-001276-1,ORD-001276,DC-06,PICK,RBT-0491,ASSIGNED,EXECUTING,DC-06-Z03,DC-06-Z05,2026-08-21T13:42:00
TSK-001277-1,ORD-001277,DC-07,PICK,RBT-0415,ASSIGNED,QUEUED,DC-07-Z09,DC-07-Z09,2026-08-31T23:19:00
TSK-001277-2,ORD-001277,DC-07,PICK,RBT-0363,BLOCKED,ASSIGNED,DC-07-Z01,DC-07-Z03,2026-09-01T00:11:00
TSK-001277-3,ORD-001277,DC-07,REPLENISH,RBT-0544,QUEUED,COMPLETE,DC-07-Z04,DC-07-Z10,2026-09-01T00:23:00
TSK-001277-4,ORD-001277,DC-07,REPLENISH,RBT-0480,BLOCKED,EXECUTING,DC-07-Z01,DC-07-Z09,2026-08-31T23:15:00
TSK-001278-1,ORD-001278,DC-12,PACK_FEED,RBT-0287,ASSIGNED,EXECUTING,DC-12-Z12,DC-12-Z10,2026-08-26T16:21:00
TSK-001278-2,ORD-001278,DC-12,PICK,RBT-0346,QUEUED,QUEUED,DC-12-Z03,DC-12-Z08,2026-08-26T15:17:00
TSK-001279-1,ORD-001279,DC-06,PICK,RBT-0483,QUEUED,COMPLETE,DC-06-Z06,DC-06-Z01,2026-08-13T12:18:00
TSK-001279-2,ORD-001279,DC-06,REPLENISH,RBT-0662,QUEUED,EXECUTING,DC-06-Z10,DC-06-Z06,2026-08-13T12:50:00
TSK-001279-3,ORD-001279,DC-06,PICK,RBT-0506,EXECUTING,EXECUTING,DC-06-Z10,DC-06-Z06,2026-08-13T11:47:00
TSK-001280-1,ORD-001280,DC-16,REPLENISH,RBT-0701,BLOCKED,FAILED,DC-16-Z08,DC-16-Z06,2026-08-21T17:50:00
TSK-001280-2,ORD-001280,DC-16,REPLENISH,RBT-0107,COMPLETE,ASSIGNED,DC-16-Z10,DC-16-Z07,2026-08-21T18:10:00
TSK-001281-1,ORD-001281,DC-11,REPLENISH,RBT-0698,QUEUED,QUEUED,DC-11-Z11,DC-11-Z10,2026-08-27T09:14:00
TSK-001282-1,ORD-001282,DC-02,PACK_FEED,RBT-0319,ASSIGNED,FAILED,DC-02-Z08,DC-02-Z07,2026-08-02T16:16:00
TSK-001283-1,ORD-001283,DC-14,MOVE,RBT-0555,COMPLETE,FAILED,DC-14-Z05,DC-14-Z11,2026-08-23T16:14:00
TSK-001283-2,ORD-001283,DC-14,REPLENISH,RBT-0607,EXECUTING,QUEUED,DC-14-Z07,DC-14-Z01,2026-08-23T15:58:00
TSK-001284-1,ORD-001284,DC-04,PICK,RBT-0088,QUEUED,COMPLETE,DC-04-Z02,DC-04-Z09,2026-08-18T06:48:00
TSK-001284-2,ORD-001284,DC-04,MOVE,RBT-0200,COMPLETE,FAILED,DC-04-Z12,DC-04-Z12,2026-08-18T05:58:00
TSK-001284-3,ORD-001284,DC-04,REPLENISH,RBT-0632,EXECUTING,COMPLETE,DC-04-Z05,DC-04-Z01,2026-08-18T07:02:00
TSK-001285-1,ORD-001285,DC-17,REPLENISH,RBT-0641,EXECUTING,ASSIGNED,DC-17-Z05,DC-17-Z09,2026-08-17T13:40:00
TSK-001285-2,ORD-001285,DC-17,STAGE,RBT-0141,QUEUED,COMPLETE,DC-17-Z04,DC-17-Z11,2026-08-17T12:57:00
TSK-001285-3,ORD-001285,DC-17,PICK,RBT-0712,QUEUED,EXECUTING,DC-17-Z11,DC-17-Z03,2026-08-17T13:32:00
TSK-001286-1,ORD-001286,DC-15,PACK_FEED,RBT-0263,QUEUED,FAILED,DC-15-Z07,DC-15-Z01,2026-08-27T03:28:00
TSK-001286-2,ORD-001286,DC-15,PACK_FEED,RBT-0379,QUEUED,FAILED,DC-15-Z12,DC-15-Z07,2026-08-27T03:04:00
TSK-001286-3,ORD-001286,DC-15,STAGE,RBT-0172,ASSIGNED,QUEUED,DC-15-Z04,DC-15-Z04,2026-08-27T04:13:00
TSK-001287-1,ORD-001287,DC-05,PACK_FEED,RBT-0365,BLOCKED,QUEUED,DC-05-Z03,DC-05-Z02,2026-08-25T04:35:00
TSK-001287-2,ORD-001287,DC-05,PICK,RBT-0519,EXECUTING,ASSIGNED,DC-05-Z09,DC-05-Z02,2026-08-25T06:19:00
TSK-001288-1,ORD-001288,DC-16,MOVE,RBT-0045,QUEUED,FAILED,DC-16-Z12,DC-16-Z09,2026-08-28T06:38:00
TSK-001288-2,ORD-001288,DC-16,PACK_FEED,RBT-0626,QUEUED,FAILED,DC-16-Z12,DC-16-Z05,2026-08-28T06:58:00
TSK-001289-1,ORD-001289,DC-06,MOVE,RBT-0226,BLOCKED,EXECUTING,DC-06-Z09,DC-06-Z11,2026-08-16T12:04:00
TSK-001289-2,ORD-001289,DC-06,REPLENISH,RBT-0127,EXECUTING,EXECUTING,DC-06-Z11,DC-06-Z04,2026-08-16T10:42:00
TSK-001289-3,ORD-001289,DC-06,REPLENISH,RBT-0612,COMPLETE,ASSIGNED,DC-06-Z01,DC-06-Z11,2026-08-16T10:59:00
TSK-001289-4,ORD-001289,DC-06,REPLENISH,RBT-0220,ASSIGNED,FAILED,DC-06-Z02,DC-06-Z01,2026-08-16T11:58:00
TSK-001290-1,ORD-001290,DC-06,STAGE,RBT-0146,BLOCKED,EXECUTING,DC-06-Z12,DC-06-Z07,2026-08-28T05:14:00
TSK-001290-2,ORD-001290,DC-06,STAGE,RBT-0248,BLOCKED,ASSIGNED,DC-06-Z02,DC-06-Z10,2026-08-28T06:13:00
TSK-001290-3,ORD-001290,DC-06,MOVE,RBT-0328,ASSIGNED,FAILED,DC-06-Z03,DC-06-Z09,2026-08-28T06:41:00
TSK-001291-1,ORD-001291,DC-14,PACK_FEED,RBT-0237,QUEUED,FAILED,DC-14-Z10,DC-14-Z12,2026-09-01T10:38:00
TSK-001292-1,ORD-001292,DC-14,STAGE,RBT-0464,BLOCKED,EXECUTING,DC-14-Z10,DC-14-Z07,2026-09-03T01:39:00
TSK-001292-2,ORD-001292,DC-14,MOVE,RBT-0230,ASSIGNED,COMPLETE,DC-14-Z06,DC-14-Z11,2026-09-03T01:18:00
TSK-001292-3,ORD-001292,DC-14,STAGE,RBT-0020,ASSIGNED,ASSIGNED,DC-14-Z06,DC-14-Z04,2026-09-03T01:07:00
TSK-001293-1,ORD-001293,DC-03,PACK_FEED,RBT-0364,EXECUTING,QUEUED,DC-03-Z11,DC-03-Z05,2026-09-04T12:37:00
TSK-001294-1,ORD-001294,DC-14,MOVE,RBT-0088,COMPLETE,COMPLETE,DC-14-Z07,DC-14-Z02,2026-08-19T17:10:00
TSK-001294-2,ORD-001294,DC-14,PICK,RBT-0149,EXECUTING,EXECUTING,DC-14-Z04,DC-14-Z03,2026-08-19T17:51:00
TSK-001294-3,ORD-001294,DC-14,STAGE,RBT-0623,EXECUTING,EXECUTING,DC-14-Z11,DC-14-Z02,2026-08-19T17:41:00
TSK-001294-4,ORD-001294,DC-14,PACK_FEED,RBT-0060,BLOCKED,FAILED,DC-14-Z05,DC-14-Z10,2026-08-19T18:13:00
TSK-001295-1,ORD-001295,DC-08,PACK_FEED,RBT-0121,COMPLETE,QUEUED,DC-08-Z03,DC-08-Z01,2026-08-23T03:44:00
TSK-001296-1,ORD-001296,DC-18,PICK,RBT-0086,BLOCKED,QUEUED,DC-18-Z05,DC-18-Z01,2026-08-20T23:11:00
TSK-001296-2,ORD-001296,DC-18,MOVE,RBT-0644,EXECUTING,QUEUED,DC-18-Z01,DC-18-Z07,2026-08-20T22:26:00
TSK-001296-3,ORD-001296,DC-18,PACK_FEED,RBT-0683,ASSIGNED,QUEUED,DC-18-Z07,DC-18-Z06,2026-08-20T23:11:00
TSK-001297-1,ORD-001297,DC-17,PACK_FEED,RBT-0339,BLOCKED,QUEUED,DC-17-Z12,DC-17-Z10,2026-08-06T11:00:00
TSK-001298-1,ORD-001298,DC-14,STAGE,RBT-0468,COMPLETE,EXECUTING,DC-14-Z03,DC-14-Z10,2026-08-19T11:25:00
TSK-001299-1,ORD-001299,DC-06,PACK_FEED,RBT-0678,QUEUED,COMPLETE,DC-06-Z08,DC-06-Z04,2026-08-21T10:27:00
TSK-001300-1,ORD-001300,DC-12,MOVE,RBT-0042,ASSIGNED,COMPLETE,DC-12-Z01,DC-12-Z04,2026-08-17T09:53:00
TSK-001300-2,ORD-001300,DC-12,PICK,RBT-0273,EXECUTING,ASSIGNED,DC-12-Z03,DC-12-Z12,2026-08-17T09:22:00
TSK-001300-3,ORD-001300,DC-12,STAGE,RBT-0339,ASSIGNED,COMPLETE,DC-12-Z12,DC-12-Z10,2026-08-17T09:48:00
TSK-001300-4,ORD-001300,DC-12,PACK_FEED,RBT-0384,QUEUED,FAILED,DC-12-Z08,DC-12-Z03,2026-08-17T10:55:00
TSK-001301-1,ORD-001301,DC-04,PICK,RBT-0700,ASSIGNED,QUEUED,DC-04-Z10,DC-04-Z07,2026-09-04T09:22:00
TSK-001301-2,ORD-001301,DC-04,REPLENISH,RBT-0103,COMPLETE,COMPLETE,DC-04-Z09,DC-04-Z11,2026-09-04T08:27:00
TSK-001302-1,ORD-001302,DC-08,PICK,RBT-0286,COMPLETE,COMPLETE,DC-08-Z11,DC-08-Z11,2026-08-07T19:54:00
TSK-001302-2,ORD-001302,DC-08,PICK,RBT-0233,COMPLETE,ASSIGNED,DC-08-Z06,DC-08-Z09,2026-08-07T18:36:00
TSK-001303-1,ORD-001303,DC-02,PACK_FEED,RBT-0588,QUEUED,ASSIGNED,DC-02-Z09,DC-02-Z12,2026-08-24T09:42:00
TSK-001303-2,ORD-001303,DC-02,MOVE,RBT-0068,QUEUED,QUEUED,DC-02-Z12,DC-02-Z09,2026-08-24T10:26:00
TSK-001304-1,ORD-001304,DC-09,REPLENISH,RBT-0302,BLOCKED,COMPLETE,DC-09-Z01,DC-09-Z06,2026-08-15T07:32:00
TSK-001304-2,ORD-001304,DC-09,STAGE,RBT-0070,QUEUED,EXECUTING,DC-09-Z09,DC-09-Z11,2026-08-15T07:48:00
TSK-001304-3,ORD-001304,DC-09,REPLENISH,RBT-0256,COMPLETE,QUEUED,DC-09-Z03,DC-09-Z02,2026-08-15T07:32:00
TSK-001305-1,ORD-001305,DC-15,REPLENISH,RBT-0217,ASSIGNED,ASSIGNED,DC-15-Z01,DC-15-Z03,2026-09-02T17:05:00
TSK-001306-1,ORD-001306,DC-10,STAGE,RBT-0268,BLOCKED,FAILED,DC-10-Z12,DC-10-Z02,2026-08-22T15:57:00
TSK-001306-2,ORD-001306,DC-10,PICK,RBT-0502,BLOCKED,COMPLETE,DC-10-Z03,DC-10-Z09,2026-08-22T15:43:00
TSK-001306-3,ORD-001306,DC-10,PACK_FEED,RBT-0200,QUEUED,QUEUED,DC-10-Z05,DC-10-Z07,2026-08-22T14:44:00
TSK-001307-1,ORD-001307,DC-03,STAGE,RBT-0071,EXECUTING,EXECUTING,DC-03-Z01,DC-03-Z10,2026-08-13T06:24:00
TSK-001307-2,ORD-001307,DC-03,PICK,RBT-0295,QUEUED,FAILED,DC-03-Z05,DC-03-Z01,2026-08-13T07:29:00
TSK-001308-1,ORD-001308,DC-01,STAGE,RBT-0415,QUEUED,QUEUED,DC-01-Z03,DC-01-Z09,2026-08-17T19:24:00
TSK-001308-2,ORD-001308,DC-01,PACK_FEED,RBT-0457,ASSIGNED,QUEUED,DC-01-Z12,DC-01-Z09,2026-08-17T19:55:00
TSK-001309-1,ORD-001309,DC-15,STAGE,RBT-0162,QUEUED,COMPLETE,DC-15-Z01,DC-15-Z10,2026-08-12T05:53:00
TSK-001309-2,ORD-001309,DC-15,STAGE,RBT-0475,ASSIGNED,EXECUTING,DC-15-Z05,DC-15-Z03,2026-08-12T05:43:00
TSK-001310-1,ORD-001310,DC-03,STAGE,RBT-0028,BLOCKED,EXECUTING,DC-03-Z05,DC-03-Z12,2026-08-03T05:19:00
TSK-001310-2,ORD-001310,DC-03,STAGE,RBT-0171,BLOCKED,ASSIGNED,DC-03-Z02,DC-03-Z06,2026-08-03T04:16:00
TSK-001310-3,ORD-001310,DC-03,PICK,RBT-0022,ASSIGNED,FAILED,DC-03-Z07,DC-03-Z08,2026-08-03T03:55:00
TSK-001310-4,ORD-001310,DC-03,REPLENISH,RBT-0030,EXECUTING,EXECUTING,DC-03-Z04,DC-03-Z10,2026-08-03T05:00:00
TSK-001311-1,ORD-001311,DC-01,STAGE,RBT-0708,BLOCKED,EXECUTING,DC-01-Z09,DC-01-Z11,2026-08-14T06:44:00
TSK-001311-2,ORD-001311,DC-01,PACK_FEED,RBT-0688,BLOCKED,EXECUTING,DC-01-Z08,DC-01-Z04,2026-08-14T07:05:00
TSK-001311-3,ORD-001311,DC-01,PACK_FEED,RBT-0107,BLOCKED,FAILED,DC-01-Z09,DC-01-Z02,2026-08-14T07:46:00
TSK-001312-1,ORD-001312,DC-01,STAGE,RBT-0524,ASSIGNED,QUEUED,DC-01-Z03,DC-01-Z07,2026-08-25T06:20:00
TSK-001312-2,ORD-001312,DC-01,REPLENISH,RBT-0707,BLOCKED,FAILED,DC-01-Z05,DC-01-Z03,2026-08-25T07:04:00
TSK-001312-3,ORD-001312,DC-01,STAGE,RBT-0447,QUEUED,COMPLETE,DC-01-Z02,DC-01-Z02,2026-08-25T07:52:00
TSK-001313-1,ORD-001313,DC-07,MOVE,RBT-0144,BLOCKED,QUEUED,DC-07-Z10,DC-07-Z10,2026-08-31T07:25:00
TSK-001314-1,ORD-001314,DC-14,MOVE,RBT-0651,QUEUED,EXECUTING,DC-14-Z03,DC-14-Z10,2026-08-14T21:04:00
TSK-001314-2,ORD-001314,DC-14,PACK_FEED,RBT-0423,QUEUED,FAILED,DC-14-Z06,DC-14-Z09,2026-08-14T20:03:00
TSK-001314-3,ORD-001314,DC-14,REPLENISH,RBT-0404,EXECUTING,COMPLETE,DC-14-Z06,DC-14-Z03,2026-08-14T20:58:00
TSK-001315-1,ORD-001315,DC-03,REPLENISH,RBT-0654,EXECUTING,ASSIGNED,DC-03-Z09,DC-03-Z10,2026-09-03T08:58:00
TSK-001315-2,ORD-001315,DC-03,REPLENISH,RBT-0030,QUEUED,FAILED,DC-03-Z11,DC-03-Z10,2026-09-03T09:33:00
TSK-001315-3,ORD-001315,DC-03,PICK,RBT-0668,QUEUED,ASSIGNED,DC-03-Z03,DC-03-Z10,2026-09-03T08:55:00
TSK-001316-1,ORD-001316,DC-13,REPLENISH,RBT-0099,QUEUED,EXECUTING,DC-13-Z01,DC-13-Z12,2026-08-05T16:38:00
TSK-001316-2,ORD-001316,DC-13,STAGE,RBT-0359,EXECUTING,FAILED,DC-13-Z01,DC-13-Z08,2026-08-05T17:33:00
TSK-001317-1,ORD-001317,DC-16,MOVE,RBT-0208,ASSIGNED,COMPLETE,DC-16-Z04,DC-16-Z10,2026-08-27T15:40:00
TSK-001317-2,ORD-001317,DC-16,REPLENISH,RBT-0433,QUEUED,COMPLETE,DC-16-Z12,DC-16-Z02,2026-08-27T16:07:00
TSK-001317-3,ORD-001317,DC-16,REPLENISH,RBT-0370,QUEUED,QUEUED,DC-16-Z04,DC-16-Z04,2026-08-27T14:31:00
TSK-001318-1,ORD-001318,DC-05,MOVE,RBT-0147,EXECUTING,EXECUTING,DC-05-Z10,DC-05-Z07,2026-08-12T19:18:00
TSK-001318-2,ORD-001318,DC-05,PICK,RBT-0365,EXECUTING,QUEUED,DC-05-Z12,DC-05-Z07,2026-08-12T19:06:00
TSK-001318-3,ORD-001318,DC-05,REPLENISH,RBT-0658,EXECUTING,EXECUTING,DC-05-Z01,DC-05-Z06,2026-08-12T18:21:00
TSK-001319-1,ORD-001319,DC-10,PACK_FEED,RBT-0378,COMPLETE,COMPLETE,DC-10-Z07,DC-10-Z01,2026-08-02T17:14:00
TSK-001319-2,ORD-001319,DC-10,MOVE,RBT-0585,ASSIGNED,EXECUTING,DC-10-Z03,DC-10-Z12,2026-08-02T18:34:00
TSK-001319-3,ORD-001319,DC-10,REPLENISH,RBT-0117,QUEUED,COMPLETE,DC-10-Z09,DC-10-Z12,2026-08-02T19:03:00
TSK-001319-4,ORD-001319,DC-10,REPLENISH,RBT-0532,ASSIGNED,ASSIGNED,DC-10-Z11,DC-10-Z05,2026-08-02T18:41:00
TSK-001320-1,ORD-001320,DC-04,PACK_FEED,RBT-0163,COMPLETE,ASSIGNED,DC-04-Z09,DC-04-Z01,2026-08-10T09:54:00
TSK-001320-2,ORD-001320,DC-04,MOVE,RBT-0257,EXECUTING,QUEUED,DC-04-Z11,DC-04-Z09,2026-08-10T09:36:00
TSK-001320-3,ORD-001320,DC-04,PICK,RBT-0233,ASSIGNED,QUEUED,DC-04-Z03,DC-04-Z01,2026-08-10T10:47:00
TSK-001321-1,ORD-001321,DC-12,STAGE,RBT-0323,COMPLETE,QUEUED,DC-12-Z10,DC-12-Z04,2026-08-08T12:22:00
TSK-001322-1,ORD-001322,DC-08,MOVE,RBT-0035,EXECUTING,ASSIGNED,DC-08-Z04,DC-08-Z09,2026-08-19T22:39:00
TSK-001322-2,ORD-001322,DC-08,REPLENISH,RBT-0595,BLOCKED,COMPLETE,DC-08-Z07,DC-08-Z08,2026-08-19T22:17:00
TSK-001323-1,ORD-001323,DC-02,STAGE,RBT-0362,QUEUED,FAILED,DC-02-Z05,DC-02-Z07,2026-08-17T10:40:00
TSK-001323-2,ORD-001323,DC-02,PACK_FEED,RBT-0594,ASSIGNED,FAILED,DC-02-Z01,DC-02-Z02,2026-08-17T10:36:00
TSK-001323-3,ORD-001323,DC-02,PICK,RBT-0191,ASSIGNED,QUEUED,DC-02-Z03,DC-02-Z07,2026-08-17T10:10:00
TSK-001324-1,ORD-001324,DC-01,MOVE,RBT-0567,COMPLETE,ASSIGNED,DC-01-Z02,DC-01-Z05,2026-08-13T05:38:00
TSK-001325-1,ORD-001325,DC-10,MOVE,RBT-0502,BLOCKED,COMPLETE,DC-10-Z02,DC-10-Z03,2026-08-22T11:15:00
TSK-001325-2,ORD-001325,DC-10,REPLENISH,RBT-0394,EXECUTING,FAILED,DC-10-Z06,DC-10-Z12,2026-08-22T10:20:00
TSK-001325-3,ORD-001325,DC-10,STAGE,RBT-0533,ASSIGNED,QUEUED,DC-10-Z10,DC-10-Z04,2026-08-22T09:54:00
TSK-001326-1,ORD-001326,DC-14,REPLENISH,RBT-0046,EXECUTING,ASSIGNED,DC-14-Z10,DC-14-Z03,2026-08-21T00:32:00
TSK-001327-1,ORD-001327,DC-15,STAGE,RBT-0212,EXECUTING,COMPLETE,DC-15-Z04,DC-15-Z05,2026-08-24T00:45:00
TSK-001327-2,ORD-001327,DC-15,PICK,RBT-0493,COMPLETE,QUEUED,DC-15-Z07,DC-15-Z01,2026-08-24T01:11:00
TSK-001327-3,ORD-001327,DC-15,STAGE,RBT-0108,ASSIGNED,FAILED,DC-15-Z04,DC-15-Z08,2026-08-23T23:46:00
TSK-001327-4,ORD-001327,DC-15,MOVE,RBT-0457,QUEUED,COMPLETE,DC-15-Z01,DC-15-Z11,2026-08-24T01:22:00
TSK-001328-1,ORD-001328,DC-13,STAGE,RBT-0661,COMPLETE,QUEUED,DC-13-Z03,DC-13-Z02,2026-09-05T04:01:00
TSK-001328-2,ORD-001328,DC-13,REPLENISH,RBT-0689,BLOCKED,QUEUED,DC-13-Z08,DC-13-Z04,2026-09-05T05:17:00
TSK-001328-3,ORD-001328,DC-13,PICK,RBT-0614,BLOCKED,QUEUED,DC-13-Z05,DC-13-Z08,2026-09-05T05:32:00
TSK-001329-1,ORD-001329,DC-17,REPLENISH,RBT-0423,ASSIGNED,ASSIGNED,DC-17-Z05,DC-17-Z12,2026-08-13T10:40:00
TSK-001329-2,ORD-001329,DC-17,STAGE,RBT-0403,ASSIGNED,QUEUED,DC-17-Z12,DC-17-Z06,2026-08-13T09:39:00
TSK-001329-3,ORD-001329,DC-17,REPLENISH,RBT-0411,EXECUTING,EXECUTING,DC-17-Z01,DC-17-Z04,2026-08-13T10:28:00
TSK-001330-1,ORD-001330,DC-08,REPLENISH,RBT-0335,ASSIGNED,EXECUTING,DC-08-Z07,DC-08-Z05,2026-08-18T07:43:00
TSK-001330-2,ORD-001330,DC-08,REPLENISH,RBT-0696,COMPLETE,FAILED,DC-08-Z02,DC-08-Z04,2026-08-18T06:49:00
TSK-001331-1,ORD-001331,DC-16,PACK_FEED,RBT-0703,COMPLETE,COMPLETE,DC-16-Z12,DC-16-Z03,2026-09-05T03:45:00
TSK-001331-2,ORD-001331,DC-16,REPLENISH,RBT-0149,EXECUTING,COMPLETE,DC-16-Z09,DC-16-Z08,2026-09-05T03:39:00
TSK-001331-3,ORD-001331,DC-16,MOVE,RBT-0660,COMPLETE,FAILED,DC-16-Z02,DC-16-Z03,2026-09-05T02:31:00
TSK-001331-4,ORD-001331,DC-16,PICK,RBT-0531,COMPLETE,ASSIGNED,DC-16-Z03,DC-16-Z02,2026-09-05T03:10:00
TSK-001332-1,ORD-001332,DC-04,PICK,RBT-0556,COMPLETE,COMPLETE,DC-04-Z03,DC-04-Z03,2026-09-01T03:41:00
TSK-001332-2,ORD-001332,DC-04,REPLENISH,RBT-0110,COMPLETE,ASSIGNED,DC-04-Z01,DC-04-Z01,2026-09-01T03:03:00
TSK-001333-1,ORD-001333,DC-03,STAGE,RBT-0512,COMPLETE,FAILED,DC-03-Z08,DC-03-Z02,2026-08-19T18:16:00
TSK-001333-2,ORD-001333,DC-03,PICK,RBT-0453,ASSIGNED,FAILED,DC-03-Z04,DC-03-Z12,2026-08-19T19:12:00
TSK-001333-3,ORD-001333,DC-03,PACK_FEED,RBT-0243,ASSIGNED,QUEUED,DC-03-Z04,DC-03-Z04,2026-08-19T18:58:00
TSK-001333-4,ORD-001333,DC-03,MOVE,RBT-0686,BLOCKED,FAILED,DC-03-Z06,DC-03-Z07,2026-08-19T18:34:00
TSK-001334-1,ORD-001334,DC-13,MOVE,RBT-0196,EXECUTING,EXECUTING,DC-13-Z04,DC-13-Z05,2026-08-28T10:23:00
TSK-001334-2,ORD-001334,DC-13,STAGE,RBT-0403,EXECUTING,COMPLETE,DC-13-Z08,DC-13-Z05,2026-08-28T10:49:00
TSK-001334-3,ORD-001334,DC-13,STAGE,RBT-0454,ASSIGNED,ASSIGNED,DC-13-Z09,DC-13-Z03,2026-08-28T11:32:00
TSK-001334-4,ORD-001334,DC-13,PICK,RBT-0529,BLOCKED,COMPLETE,DC-13-Z08,DC-13-Z09,2026-08-28T11:37:00
TSK-001335-1,ORD-001335,DC-01,STAGE,RBT-0490,BLOCKED,EXECUTING,DC-01-Z09,DC-01-Z08,2026-08-21T08:13:00
TSK-001336-1,ORD-001336,DC-07,REPLENISH,RBT-0240,ASSIGNED,EXECUTING,DC-07-Z09,DC-07-Z09,2026-08-06T12:58:00
TSK-001337-1,ORD-001337,DC-06,PACK_FEED,RBT-0195,EXECUTING,EXECUTING,DC-06-Z06,DC-06-Z04,2026-08-28T01:30:00
TSK-001337-2,ORD-001337,DC-06,MOVE,RBT-0311,COMPLETE,ASSIGNED,DC-06-Z02,DC-06-Z09,2026-08-28T03:02:00
TSK-001338-1,ORD-001338,DC-06,STAGE,RBT-0370,BLOCKED,ASSIGNED,DC-06-Z12,DC-06-Z03,2026-09-02T11:39:00
TSK-001338-2,ORD-001338,DC-06,PACK_FEED,RBT-0475,BLOCKED,EXECUTING,DC-06-Z04,DC-06-Z03,2026-09-02T10:29:00
TSK-001338-3,ORD-001338,DC-06,MOVE,RBT-0256,EXECUTING,QUEUED,DC-06-Z08,DC-06-Z10,2026-09-02T10:26:00
TSK-001338-4,ORD-001338,DC-06,PICK,RBT-0467,EXECUTING,QUEUED,DC-06-Z05,DC-06-Z04,2026-09-02T10:11:00
TSK-001339-1,ORD-001339,DC-10,PACK_FEED,RBT-0041,QUEUED,COMPLETE,DC-10-Z12,DC-10-Z03,2026-08-27T22:38:00
TSK-001340-1,ORD-001340,DC-18,PACK_FEED,RBT-0043,COMPLETE,ASSIGNED,DC-18-Z04,DC-18-Z11,2026-08-23T15:17:00
TSK-001341-1,ORD-001341,DC-11,PICK,RBT-0147,COMPLETE,FAILED,DC-11-Z01,DC-11-Z05,2026-08-03T23:03:00
TSK-001341-2,ORD-001341,DC-11,REPLENISH,RBT-0073,ASSIGNED,EXECUTING,DC-11-Z11,DC-11-Z06,2026-08-03T23:53:00
TSK-001341-3,ORD-001341,DC-11,STAGE,RBT-0092,BLOCKED,COMPLETE,DC-11-Z12,DC-11-Z01,2026-08-03T23:06:00
TSK-001342-1,ORD-001342,DC-15,PACK_FEED,RBT-0059,ASSIGNED,FAILED,DC-15-Z01,DC-15-Z03,2026-08-15T19:31:00
TSK-001342-2,ORD-001342,DC-15,REPLENISH,RBT-0028,EXECUTING,COMPLETE,DC-15-Z10,DC-15-Z01,2026-08-15T19:39:00
TSK-001342-3,ORD-001342,DC-15,PICK,RBT-0108,COMPLETE,ASSIGNED,DC-15-Z05,DC-15-Z09,2026-08-15T18:42:00
TSK-001343-1,ORD-001343,DC-17,PACK_FEED,RBT-0553,COMPLETE,COMPLETE,DC-17-Z03,DC-17-Z01,2026-08-25T03:45:00
TSK-001343-2,ORD-001343,DC-17,MOVE,RBT-0508,COMPLETE,EXECUTING,DC-17-Z12,DC-17-Z03,2026-08-25T02:36:00
TSK-001344-1,ORD-001344,DC-15,MOVE,RBT-0470,ASSIGNED,FAILED,DC-15-Z06,DC-15-Z04,2026-08-14T17:18:00
TSK-001344-2,ORD-001344,DC-15,STAGE,RBT-0324,EXECUTING,COMPLETE,DC-15-Z10,DC-15-Z10,2026-08-14T18:06:00
TSK-001344-3,ORD-001344,DC-15,PICK,RBT-0324,ASSIGNED,COMPLETE,DC-15-Z04,DC-15-Z12,2026-08-14T18:35:00
TSK-001344-4,ORD-001344,DC-15,PACK_FEED,RBT-0447,COMPLETE,FAILED,DC-15-Z02,DC-15-Z10,2026-08-14T18:03:00
TSK-001345-1,ORD-001345,DC-08,STAGE,RBT-0531,ASSIGNED,FAILED,DC-08-Z11,DC-08-Z09,2026-08-19T11:47:00
TSK-001346-1,ORD-001346,DC-12,PACK_FEED,RBT-0036,BLOCKED,QUEUED,DC-12-Z12,DC-12-Z12,2026-08-11T20:12:00
TSK-001346-2,ORD-001346,DC-12,MOVE,RBT-0628,BLOCKED,EXECUTING,DC-12-Z12,DC-12-Z01,2026-08-11T21:28:00
TSK-001346-3,ORD-001346,DC-12,PACK_FEED,RBT-0271,COMPLETE,QUEUED,DC-12-Z06,DC-12-Z11,2026-08-11T21:46:00
TSK-001347-1,ORD-001347,DC-16,PACK_FEED,RBT-0237,ASSIGNED,COMPLETE,DC-16-Z04,DC-16-Z08,2026-08-27T18:10:00
TSK-001348-1,ORD-001348,DC-15,REPLENISH,RBT-0475,EXECUTING,COMPLETE,DC-15-Z11,DC-15-Z11,2026-09-03T15:25:00
TSK-001349-1,ORD-001349,DC-06,STAGE,RBT-0450,BLOCKED,EXECUTING,DC-06-Z12,DC-06-Z12,2026-08-03T19:28:00
TSK-001350-1,ORD-001350,DC-10,REPLENISH,RBT-0380,ASSIGNED,EXECUTING,DC-10-Z07,DC-10-Z04,2026-08-14T02:33:00
TSK-001350-2,ORD-001350,DC-10,STAGE,RBT-0014,QUEUED,FAILED,DC-10-Z12,DC-10-Z04,2026-08-14T02:03:00
TSK-001351-1,ORD-001351,DC-11,STAGE,RBT-0601,COMPLETE,EXECUTING,DC-11-Z07,DC-11-Z03,2026-08-17T16:38:00
TSK-001352-1,ORD-001352,DC-03,STAGE,RBT-0345,BLOCKED,EXECUTING,DC-03-Z01,DC-03-Z04,2026-08-16T11:17:00
TSK-001352-2,ORD-001352,DC-03,PACK_FEED,RBT-0172,ASSIGNED,FAILED,DC-03-Z03,DC-03-Z02,2026-08-16T10:09:00
TSK-001352-3,ORD-001352,DC-03,PICK,RBT-0187,COMPLETE,EXECUTING,DC-03-Z03,DC-03-Z11,2026-08-16T11:03:00
TSK-001352-4,ORD-001352,DC-03,PACK_FEED,RBT-0171,QUEUED,FAILED,DC-03-Z05,DC-03-Z09,2026-08-16T11:02:00
TSK-001353-1,ORD-001353,DC-07,REPLENISH,RBT-0588,EXECUTING,COMPLETE,DC-07-Z07,DC-07-Z08,2026-09-04T11:50:00
TSK-001354-1,ORD-001354,DC-17,PACK_FEED,RBT-0233,EXECUTING,COMPLETE,DC-17-Z09,DC-17-Z11,2026-09-02T05:29:00
TSK-001354-2,ORD-001354,DC-17,MOVE,RBT-0357,BLOCKED,EXECUTING,DC-17-Z10,DC-17-Z01,2026-09-02T05:40:00
TSK-001354-3,ORD-001354,DC-17,PACK_FEED,RBT-0452,ASSIGNED,QUEUED,DC-17-Z02,DC-17-Z04,2026-09-02T06:45:00
TSK-001354-4,ORD-001354,DC-17,MOVE,RBT-0108,BLOCKED,QUEUED,DC-17-Z01,DC-17-Z11,2026-09-02T05:21:00
TSK-001355-1,ORD-001355,DC-10,PICK,RBT-0429,EXECUTING,FAILED,DC-10-Z02,DC-10-Z01,2026-08-17T02:07:00
TSK-001356-1,ORD-001356,DC-08,STAGE,RBT-0544,ASSIGNED,ASSIGNED,DC-08-Z11,DC-08-Z11,2026-08-14T06:50:00
TSK-001356-2,ORD-001356,DC-08,STAGE,RBT-0690,QUEUED,EXECUTING,DC-08-Z07,DC-08-Z08,2026-08-14T06:51:00
TSK-001357-1,ORD-001357,DC-01,REPLENISH,RBT-0626,QUEUED,COMPLETE,DC-01-Z12,DC-01-Z08,2026-08-28T15:48:00
TSK-001357-2,ORD-001357,DC-01,STAGE,RBT-0551,QUEUED,ASSIGNED,DC-01-Z05,DC-01-Z07,2026-08-28T16:36:00
TSK-001357-3,ORD-001357,DC-01,STAGE,RBT-0533,BLOCKED,QUEUED,DC-01-Z08,DC-01-Z09,2026-08-28T16:10:00
TSK-001358-1,ORD-001358,DC-02,REPLENISH,RBT-0209,BLOCKED,EXECUTING,DC-02-Z12,DC-02-Z09,2026-08-25T02:12:00
TSK-001358-2,ORD-001358,DC-02,PICK,RBT-0412,COMPLETE,COMPLETE,DC-02-Z12,DC-02-Z08,2026-08-25T02:32:00
TSK-001358-3,ORD-001358,DC-02,MOVE,RBT-0567,ASSIGNED,QUEUED,DC-02-Z02,DC-02-Z08,2026-08-25T00:55:00
TSK-001359-1,ORD-001359,DC-12,MOVE,RBT-0409,EXECUTING,QUEUED,DC-12-Z06,DC-12-Z03,2026-09-03T15:52:00
TSK-001359-2,ORD-001359,DC-12,STAGE,RBT-0706,COMPLETE,FAILED,DC-12-Z12,DC-12-Z03,2026-09-03T17:05:00
TSK-001359-3,ORD-001359,DC-12,MOVE,RBT-0465,BLOCKED,QUEUED,DC-12-Z05,DC-12-Z06,2026-09-03T17:08:00
TSK-001360-1,ORD-001360,DC-16,STAGE,RBT-0381,BLOCKED,ASSIGNED,DC-16-Z11,DC-16-Z02,2026-08-25T11:18:00
TSK-001360-2,ORD-001360,DC-16,REPLENISH,RBT-0304,QUEUED,ASSIGNED,DC-16-Z01,DC-16-Z12,2026-08-25T11:01:00
TSK-001360-3,ORD-001360,DC-16,REPLENISH,RBT-0539,BLOCKED,EXECUTING,DC-16-Z07,DC-16-Z04,2026-08-25T12:52:00
TSK-001360-4,ORD-001360,DC-16,MOVE,RBT-0324,BLOCKED,EXECUTING,DC-16-Z03,DC-16-Z08,2026-08-25T12:48:00
TSK-001361-1,ORD-001361,DC-06,REPLENISH,RBT-0482,QUEUED,ASSIGNED,DC-06-Z11,DC-06-Z09,2026-09-01T22:33:00
TSK-001361-2,ORD-001361,DC-06,PICK,RBT-0065,QUEUED,EXECUTING,DC-06-Z05,DC-06-Z06,2026-09-01T22:21:00
TSK-001361-3,ORD-001361,DC-06,MOVE,RBT-0666,EXECUTING,EXECUTING,DC-06-Z01,DC-06-Z10,2026-09-01T22:13:00
TSK-001361-4,ORD-001361,DC-06,STAGE,RBT-0054,ASSIGNED,COMPLETE,DC-06-Z07,DC-06-Z09,2026-09-01T21:12:00
TSK-001362-1,ORD-001362,DC-02,PICK,RBT-0236,QUEUED,EXECUTING,DC-02-Z11,DC-02-Z08,2026-08-28T01:49:00
TSK-001363-1,ORD-001363,DC-18,PICK,RBT-0247,EXECUTING,QUEUED,DC-18-Z09,DC-18-Z04,2026-08-12T18:00:00
TSK-001363-2,ORD-001363,DC-18,STAGE,RBT-0160,BLOCKED,EXECUTING,DC-18-Z01,DC-18-Z07,2026-08-12T17:27:00
TSK-001363-3,ORD-001363,DC-18,MOVE,RBT-0295,QUEUED,QUEUED,DC-18-Z08,DC-18-Z11,2026-08-12T17:55:00
TSK-001364-1,ORD-001364,DC-10,PACK_FEED,RBT-0413,EXECUTING,ASSIGNED,DC-10-Z04,DC-10-Z01,2026-08-16T08:51:00
TSK-001364-2,ORD-001364,DC-10,MOVE,RBT-0617,EXECUTING,ASSIGNED,DC-10-Z03,DC-10-Z04,2026-08-16T08:35:00
TSK-001364-3,ORD-001364,DC-10,REPLENISH,RBT-0185,QUEUED,FAILED,DC-10-Z02,DC-10-Z09,2026-08-16T07:23:00
TSK-001365-1,ORD-001365,DC-13,PICK,RBT-0250,QUEUED,EXECUTING,DC-13-Z05,DC-13-Z04,2026-09-03T09:09:00
TSK-001366-1,ORD-001366,DC-06,MOVE,RBT-0023,ASSIGNED,FAILED,DC-06-Z06,DC-06-Z05,2026-08-07T10:28:00
TSK-001366-2,ORD-001366,DC-06,STAGE,RBT-0216,ASSIGNED,QUEUED,DC-06-Z09,DC-06-Z11,2026-08-07T11:34:00
TSK-001367-1,ORD-001367,DC-07,MOVE,RBT-0636,EXECUTING,EXECUTING,DC-07-Z12,DC-07-Z05,2026-08-14T11:28:00
TSK-001368-1,ORD-001368,DC-10,REPLENISH,RBT-0190,QUEUED,ASSIGNED,DC-10-Z07,DC-10-Z07,2026-08-06T01:31:00
TSK-001368-2,ORD-001368,DC-10,MOVE,RBT-0544,ASSIGNED,QUEUED,DC-10-Z02,DC-10-Z06,2026-08-06T01:31:00
TSK-001369-1,ORD-001369,DC-07,STAGE,RBT-0429,QUEUED,ASSIGNED,DC-07-Z07,DC-07-Z10,2026-08-28T11:17:00
TSK-001370-1,ORD-001370,DC-17,STAGE,RBT-0438,EXECUTING,ASSIGNED,DC-17-Z11,DC-17-Z08,2026-08-31T02:29:00
TSK-001370-2,ORD-001370,DC-17,STAGE,RBT-0034,EXECUTING,QUEUED,DC-17-Z08,DC-17-Z12,2026-08-31T04:01:00
TSK-001370-3,ORD-001370,DC-17,REPLENISH,RBT-0412,ASSIGNED,EXECUTING,DC-17-Z11,DC-17-Z02,2026-08-31T02:19:00
TSK-001371-1,ORD-001371,DC-03,PICK,RBT-0136,QUEUED,ASSIGNED,DC-03-Z07,DC-03-Z08,2026-09-02T20:09:00
TSK-001372-1,ORD-001372,DC-03,STAGE,RBT-0623,ASSIGNED,EXECUTING,DC-03-Z09,DC-03-Z05,2026-08-17T15:13:00
TSK-001372-2,ORD-001372,DC-03,STAGE,RBT-0101,EXECUTING,COMPLETE,DC-03-Z05,DC-03-Z05,2026-08-17T14:38:00
TSK-001372-3,ORD-001372,DC-03,STAGE,RBT-0381,QUEUED,COMPLETE,DC-03-Z08,DC-03-Z05,2026-08-17T15:58:00
TSK-001373-1,ORD-001373,DC-17,PICK,RBT-0562,ASSIGNED,COMPLETE,DC-17-Z09,DC-17-Z12,2026-08-16T00:31:00
TSK-001374-1,ORD-001374,DC-18,STAGE,RBT-0619,EXECUTING,COMPLETE,DC-18-Z06,DC-18-Z03,2026-08-20T10:45:00
TSK-001374-2,ORD-001374,DC-18,MOVE,RBT-0009,QUEUED,FAILED,DC-18-Z04,DC-18-Z11,2026-08-20T09:03:00
TSK-001374-3,ORD-001374,DC-18,STAGE,RBT-0618,COMPLETE,ASSIGNED,DC-18-Z11,DC-18-Z05,2026-08-20T08:47:00
TSK-001374-4,ORD-001374,DC-18,STAGE,RBT-0417,BLOCKED,FAILED,DC-18-Z07,DC-18-Z11,2026-08-20T09:10:00
TSK-001375-1,ORD-001375,DC-09,MOVE,RBT-0202,ASSIGNED,QUEUED,DC-09-Z05,DC-09-Z05,2026-08-26T22:10:00
TSK-001375-2,ORD-001375,DC-09,PICK,RBT-0369,BLOCKED,QUEUED,DC-09-Z11,DC-09-Z02,2026-08-26T22:12:00
TSK-001376-1,ORD-001376,DC-09,REPLENISH,RBT-0307,EXECUTING,COMPLETE,DC-09-Z07,DC-09-Z03,2026-08-12T11:09:00
TSK-001376-2,ORD-001376,DC-09,PICK,RBT-0555,ASSIGNED,EXECUTING,DC-09-Z04,DC-09-Z08,2026-08-12T10:32:00
TSK-001377-1,ORD-001377,DC-14,MOVE,RBT-0152,EXECUTING,EXECUTING,DC-14-Z03,DC-14-Z06,2026-09-04T09:45:00
TSK-001378-1,ORD-001378,DC-03,MOVE,RBT-0224,ASSIGNED,QUEUED,DC-03-Z07,DC-03-Z07,2026-08-21T01:37:00
TSK-001379-1,ORD-001379,DC-04,PACK_FEED,RBT-0701,COMPLETE,FAILED,DC-04-Z03,DC-04-Z05,2026-08-04T22:38:00
TSK-001380-1,ORD-001380,DC-10,PACK_FEED,RBT-0284,BLOCKED,COMPLETE,DC-10-Z12,DC-10-Z10,2026-08-15T23:10:00
TSK-001380-2,ORD-001380,DC-10,REPLENISH,RBT-0215,QUEUED,EXECUTING,DC-10-Z01,DC-10-Z06,2026-08-15T22:49:00
TSK-001381-1,ORD-001381,DC-14,PICK,RBT-0106,QUEUED,COMPLETE,DC-14-Z05,DC-14-Z12,2026-09-04T08:56:00
TSK-001381-2,ORD-001381,DC-14,PACK_FEED,RBT-0188,ASSIGNED,ASSIGNED,DC-14-Z03,DC-14-Z08,2026-09-04T07:55:00
TSK-001381-3,ORD-001381,DC-14,PACK_FEED,RBT-0332,EXECUTING,FAILED,DC-14-Z12,DC-14-Z08,2026-09-04T09:30:00
TSK-001382-1,ORD-001382,DC-07,REPLENISH,RBT-0591,COMPLETE,EXECUTING,DC-07-Z01,DC-07-Z06,2026-08-18T11:24:00
TSK-001382-2,ORD-001382,DC-07,PICK,RBT-0441,EXECUTING,ASSIGNED,DC-07-Z06,DC-07-Z02,2026-08-18T10:44:00
TSK-001382-3,ORD-001382,DC-07,PICK,RBT-0083,ASSIGNED,ASSIGNED,DC-07-Z09,DC-07-Z10,2026-08-18T12:10:00
TSK-001383-1,ORD-001383,DC-12,REPLENISH,RBT-0688,BLOCKED,ASSIGNED,DC-12-Z02,DC-12-Z03,2026-08-16T16:07:00
TSK-001383-2,ORD-001383,DC-12,REPLENISH,RBT-0286,QUEUED,EXECUTING,DC-12-Z06,DC-12-Z08,2026-08-16T15:45:00
TSK-001384-1,ORD-001384,DC-07,PICK,RBT-0364,EXECUTING,QUEUED,DC-07-Z02,DC-07-Z08,2026-08-18T13:39:00
TSK-001384-2,ORD-001384,DC-07,PICK,RBT-0045,BLOCKED,QUEUED,DC-07-Z11,DC-07-Z09,2026-08-18T13:55:00
TSK-001384-3,ORD-001384,DC-07,STAGE,RBT-0269,BLOCKED,EXECUTING,DC-07-Z03,DC-07-Z10,2026-08-18T13:35:00
TSK-001384-4,ORD-001384,DC-07,REPLENISH,RBT-0358,EXECUTING,QUEUED,DC-07-Z12,DC-07-Z05,2026-08-18T14:54:00
TSK-001385-1,ORD-001385,DC-11,STAGE,RBT-0228,QUEUED,COMPLETE,DC-11-Z03,DC-11-Z06,2026-08-28T21:05:00
TSK-001385-2,ORD-001385,DC-11,STAGE,RBT-0400,BLOCKED,QUEUED,DC-11-Z08,DC-11-Z10,2026-08-28T21:09:00
TSK-001386-1,ORD-001386,DC-16,PICK,RBT-0150,COMPLETE,EXECUTING,DC-16-Z02,DC-16-Z02,2026-08-08T11:34:00
TSK-001387-1,ORD-001387,DC-16,STAGE,RBT-0138,EXECUTING,COMPLETE,DC-16-Z03,DC-16-Z03,2026-08-03T12:31:00
TSK-001387-2,ORD-001387,DC-16,STAGE,RBT-0501,ASSIGNED,FAILED,DC-16-Z04,DC-16-Z10,2026-08-03T11:35:00
TSK-001388-1,ORD-001388,DC-06,STAGE,RBT-0050,QUEUED,FAILED,DC-06-Z03,DC-06-Z01,2026-08-20T10:01:00
TSK-001388-2,ORD-001388,DC-06,REPLENISH,RBT-0594,BLOCKED,COMPLETE,DC-06-Z01,DC-06-Z06,2026-08-20T10:19:00
TSK-001389-1,ORD-001389,DC-07,MOVE,RBT-0496,COMPLETE,COMPLETE,DC-07-Z01,DC-07-Z08,2026-08-21T18:31:00
TSK-001389-2,ORD-001389,DC-07,PICK,RBT-0645,COMPLETE,COMPLETE,DC-07-Z04,DC-07-Z02,2026-08-21T18:58:00
TSK-001389-3,ORD-001389,DC-07,MOVE,RBT-0113,BLOCKED,FAILED,DC-07-Z02,DC-07-Z08,2026-08-21T18:17:00
TSK-001389-4,ORD-001389,DC-07,REPLENISH,RBT-0325,EXECUTING,FAILED,DC-07-Z01,DC-07-Z07,2026-08-21T19:47:00
TSK-001390-1,ORD-001390,DC-06,PACK_FEED,RBT-0421,COMPLETE,EXECUTING,DC-06-Z12,DC-06-Z12,2026-08-04T14:11:00
TSK-001390-2,ORD-001390,DC-06,PACK_FEED,RBT-0099,BLOCKED,EXECUTING,DC-06-Z09,DC-06-Z07,2026-08-04T14:51:00
TSK-001390-3,ORD-001390,DC-06,REPLENISH,RBT-0056,EXECUTING,COMPLETE,DC-06-Z12,DC-06-Z11,2026-08-04T14:10:00
TSK-001390-4,ORD-001390,DC-06,MOVE,RBT-0103,COMPLETE,FAILED,DC-06-Z01,DC-06-Z11,2026-08-04T15:01:00
TSK-001391-1,ORD-001391,DC-12,PICK,RBT-0564,QUEUED,ASSIGNED,DC-12-Z05,DC-12-Z05,2026-08-05T18:00:00
TSK-001392-1,ORD-001392,DC-13,REPLENISH,RBT-0049,ASSIGNED,EXECUTING,DC-13-Z12,DC-13-Z11,2026-08-26T21:51:00
TSK-001392-2,ORD-001392,DC-13,REPLENISH,RBT-0178,EXECUTING,EXECUTING,DC-13-Z02,DC-13-Z12,2026-08-26T20:29:00
TSK-001393-1,ORD-001393,DC-14,REPLENISH,RBT-0511,COMPLETE,EXECUTING,DC-14-Z08,DC-14-Z06,2026-08-22T02:35:00
TSK-001393-2,ORD-001393,DC-14,PACK_FEED,RBT-0299,BLOCKED,QUEUED,DC-14-Z10,DC-14-Z05,2026-08-22T02:26:00
TSK-001393-3,ORD-001393,DC-14,PICK,RBT-0149,BLOCKED,QUEUED,DC-14-Z11,DC-14-Z02,2026-08-22T02:29:00
TSK-001394-1,ORD-001394,DC-16,PICK,RBT-0368,EXECUTING,COMPLETE,DC-16-Z04,DC-16-Z12,2026-08-23T06:20:00
TSK-001394-2,ORD-001394,DC-16,REPLENISH,RBT-0560,BLOCKED,COMPLETE,DC-16-Z04,DC-16-Z12,2026-08-23T06:16:00
TSK-001395-1,ORD-001395,DC-04,PACK_FEED,RBT-0069,QUEUED,EXECUTING,DC-04-Z11,DC-04-Z08,2026-08-30T16:04:00
TSK-001396-1,ORD-001396,DC-06,STAGE,RBT-0539,QUEUED,EXECUTING,DC-06-Z12,DC-06-Z02,2026-08-26T02:48:00
TSK-001396-2,ORD-001396,DC-06,PICK,RBT-0525,ASSIGNED,COMPLETE,DC-06-Z10,DC-06-Z11,2026-08-26T01:59:00
TSK-001396-3,ORD-001396,DC-06,REPLENISH,RBT-0668,QUEUED,COMPLETE,DC-06-Z12,DC-06-Z09,2026-08-26T03:20:00
TSK-001397-1,ORD-001397,DC-16,REPLENISH,RBT-0241,ASSIGNED,ASSIGNED,DC-16-Z11,DC-16-Z07,2026-08-28T12:35:00
TSK-001397-2,ORD-001397,DC-16,STAGE,RBT-0629,BLOCKED,QUEUED,DC-16-Z01,DC-16-Z02,2026-08-28T11:57:00
TSK-001398-1,ORD-001398,DC-15,PACK_FEED,RBT-0666,EXECUTING,COMPLETE,DC-15-Z01,DC-15-Z11,2026-08-11T23:12:00
TSK-001398-2,ORD-001398,DC-15,REPLENISH,RBT-0584,BLOCKED,FAILED,DC-15-Z06,DC-15-Z01,2026-08-11T22:46:00
TSK-001398-3,ORD-001398,DC-15,PACK_FEED,RBT-0707,BLOCKED,COMPLETE,DC-15-Z12,DC-15-Z03,2026-08-11T23:06:00
TSK-001398-4,ORD-001398,DC-15,PACK_FEED,RBT-0593,BLOCKED,FAILED,DC-15-Z05,DC-15-Z03,2026-08-12T00:05:00
TSK-001399-1,ORD-001399,DC-11,STAGE,RBT-0011,ASSIGNED,COMPLETE,DC-11-Z02,DC-11-Z09,2026-08-20T00:53:00
TSK-001399-2,ORD-001399,DC-11,REPLENISH,RBT-0387,ASSIGNED,ASSIGNED,DC-11-Z01,DC-11-Z05,2026-08-20T02:20:00
TSK-001399-3,ORD-001399,DC-11,MOVE,RBT-0062,BLOCKED,FAILED,DC-11-Z06,DC-11-Z02,2026-08-20T01:54:00
TSK-001399-4,ORD-001399,DC-11,MOVE,RBT-0073,QUEUED,QUEUED,DC-11-Z03,DC-11-Z10,2026-08-20T02:31:00
TSK-001400-1,ORD-001400,DC-17,PACK_FEED,RBT-0631,QUEUED,QUEUED,DC-17-Z07,DC-17-Z05,2026-08-21T01:37:00
TSK-001400-2,ORD-001400,DC-17,PICK,RBT-0278,QUEUED,EXECUTING,DC-17-Z02,DC-17-Z08,2026-08-21T01:00:00
TSK-001401-1,ORD-001401,DC-04,PACK_FEED,RBT-0476,QUEUED,QUEUED,DC-04-Z06,DC-04-Z11,2026-08-03T18:07:00
TSK-001401-2,ORD-001401,DC-04,PACK_FEED,RBT-0448,BLOCKED,FAILED,DC-04-Z04,DC-04-Z03,2026-08-03T16:39:00
TSK-001401-3,ORD-001401,DC-04,PACK_FEED,RBT-0284,EXECUTING,EXECUTING,DC-04-Z11,DC-04-Z11,2026-08-03T17:22:00
TSK-001401-4,ORD-001401,DC-04,REPLENISH,RBT-0186,BLOCKED,ASSIGNED,DC-04-Z10,DC-04-Z12,2026-08-03T17:25:00
TSK-001402-1,ORD-001402,DC-11,MOVE,RBT-0334,QUEUED,COMPLETE,DC-11-Z06,DC-11-Z04,2026-08-29T06:48:00
TSK-001402-2,ORD-001402,DC-11,PICK,RBT-0567,COMPLETE,FAILED,DC-11-Z12,DC-11-Z09,2026-08-29T07:48:00
TSK-001403-1,ORD-001403,DC-16,PICK,RBT-0083,BLOCKED,QUEUED,DC-16-Z07,DC-16-Z01,2026-08-10T13:27:00
TSK-001403-2,ORD-001403,DC-16,PACK_FEED,RBT-0053,QUEUED,QUEUED,DC-16-Z04,DC-16-Z01,2026-08-10T14:00:00
TSK-001403-3,ORD-001403,DC-16,PICK,RBT-0364,BLOCKED,COMPLETE,DC-16-Z12,DC-16-Z10,2026-08-10T14:12:00
TSK-001403-4,ORD-001403,DC-16,PACK_FEED,RBT-0196,BLOCKED,QUEUED,DC-16-Z04,DC-16-Z03,2026-08-10T13:56:00
TSK-001404-1,ORD-001404,DC-14,PACK_FEED,RBT-0382,COMPLETE,EXECUTING,DC-14-Z12,DC-14-Z06,2026-09-04T11:28:00
TSK-001404-2,ORD-001404,DC-14,REPLENISH,RBT-0441,ASSIGNED,FAILED,DC-14-Z01,DC-14-Z11,2026-09-04T10:03:00
TSK-001405-1,ORD-001405,DC-13,MOVE,RBT-0527,QUEUED,QUEUED,DC-13-Z07,DC-13-Z04,2026-08-27T21:39:00
TSK-001406-1,ORD-001406,DC-08,REPLENISH,RBT-0183,QUEUED,ASSIGNED,DC-08-Z01,DC-08-Z11,2026-08-28T00:55:00
TSK-001406-2,ORD-001406,DC-08,REPLENISH,RBT-0685,COMPLETE,EXECUTING,DC-08-Z06,DC-08-Z03,2026-08-28T00:32:00
TSK-001406-3,ORD-001406,DC-08,MOVE,RBT-0326,COMPLETE,FAILED,DC-08-Z12,DC-08-Z12,2026-08-28T01:32:00
TSK-001407-1,ORD-001407,DC-04,PICK,RBT-0412,QUEUED,QUEUED,DC-04-Z06,DC-04-Z11,2026-09-01T21:30:00
TSK-001407-2,ORD-001407,DC-04,PACK_FEED,RBT-0532,ASSIGNED,EXECUTING,DC-04-Z06,DC-04-Z02,2026-09-01T20:09:00
TSK-001408-1,ORD-001408,DC-07,STAGE,RBT-0489,COMPLETE,FAILED,DC-07-Z05,DC-07-Z05,2026-08-07T01:26:00
TSK-001408-2,ORD-001408,DC-07,MOVE,RBT-0187,ASSIGNED,ASSIGNED,DC-07-Z08,DC-07-Z09,2026-08-07T01:44:00
TSK-001409-1,ORD-001409,DC-01,REPLENISH,RBT-0358,QUEUED,COMPLETE,DC-01-Z12,DC-01-Z04,2026-08-08T21:29:00
TSK-001409-2,ORD-001409,DC-01,PICK,RBT-0064,COMPLETE,EXECUTING,DC-01-Z09,DC-01-Z08,2026-08-08T22:23:00
TSK-001409-3,ORD-001409,DC-01,STAGE,RBT-0302,COMPLETE,ASSIGNED,DC-01-Z08,DC-01-Z07,2026-08-08T21:24:00
TSK-001409-4,ORD-001409,DC-01,PICK,RBT-0412,ASSIGNED,FAILED,DC-01-Z12,DC-01-Z10,2026-08-08T21:48:00
TSK-001410-1,ORD-001410,DC-09,STAGE,RBT-0510,BLOCKED,ASSIGNED,DC-09-Z03,DC-09-Z04,2026-08-15T17:25:00
TSK-001411-1,ORD-001411,DC-11,MOVE,RBT-0653,ASSIGNED,EXECUTING,DC-11-Z07,DC-11-Z06,2026-08-27T08:03:00
TSK-001411-2,ORD-001411,DC-11,PICK,RBT-0676,COMPLETE,QUEUED,DC-11-Z02,DC-11-Z08,2026-08-27T07:39:00
TSK-001412-1,ORD-001412,DC-05,PICK,RBT-0658,COMPLETE,EXECUTING,DC-05-Z07,DC-05-Z06,2026-08-14T09:36:00
TSK-001412-2,ORD-001412,DC-05,PACK_FEED,RBT-0139,QUEUED,EXECUTING,DC-05-Z03,DC-05-Z06,2026-08-14T10:22:00
TSK-001412-3,ORD-001412,DC-05,MOVE,RBT-0570,QUEUED,ASSIGNED,DC-05-Z01,DC-05-Z02,2026-08-14T10:50:00
TSK-001412-4,ORD-001412,DC-05,REPLENISH,RBT-0333,COMPLETE,FAILED,DC-05-Z09,DC-05-Z11,2026-08-14T10:20:00
TSK-001413-1,ORD-001413,DC-11,REPLENISH,RBT-0650,COMPLETE,FAILED,DC-11-Z10,DC-11-Z03,2026-08-22T14:30:00
TSK-001413-2,ORD-001413,DC-11,PACK_FEED,RBT-0141,BLOCKED,FAILED,DC-11-Z02,DC-11-Z06,2026-08-22T14:26:00
TSK-001413-3,ORD-001413,DC-11,PACK_FEED,RBT-0155,ASSIGNED,EXECUTING,DC-11-Z10,DC-11-Z11,2026-08-22T14:36:00
TSK-001414-1,ORD-001414,DC-18,STAGE,RBT-0248,EXECUTING,FAILED,DC-18-Z08,DC-18-Z08,2026-08-15T23:49:00
TSK-001415-1,ORD-001415,DC-09,PICK,RBT-0014,EXECUTING,ASSIGNED,DC-09-Z07,DC-09-Z11,2026-08-07T18:52:00
TSK-001416-1,ORD-001416,DC-02,REPLENISH,RBT-0472,COMPLETE,EXECUTING,DC-02-Z04,DC-02-Z02,2026-08-25T07:22:00
TSK-001416-2,ORD-001416,DC-02,STAGE,RBT-0350,QUEUED,EXECUTING,DC-02-Z09,DC-02-Z05,2026-08-25T07:49:00
TSK-001417-1,ORD-001417,DC-06,MOVE,RBT-0381,COMPLETE,EXECUTING,DC-06-Z09,DC-06-Z01,2026-09-01T22:04:00
TSK-001417-2,ORD-001417,DC-06,MOVE,RBT-0636,BLOCKED,FAILED,DC-06-Z11,DC-06-Z11,2026-09-01T23:37:00
TSK-001417-3,ORD-001417,DC-06,PACK_FEED,RBT-0617,COMPLETE,QUEUED,DC-06-Z02,DC-06-Z08,2026-09-01T22:51:00
TSK-001417-4,ORD-001417,DC-06,PICK,RBT-0020,ASSIGNED,ASSIGNED,DC-06-Z03,DC-06-Z12,2026-09-01T22:04:00
TSK-001418-1,ORD-001418,DC-16,PICK,RBT-0645,EXECUTING,ASSIGNED,DC-16-Z03,DC-16-Z01,2026-08-25T07:07:00
TSK-001418-2,ORD-001418,DC-16,PACK_FEED,RBT-0042,BLOCKED,FAILED,DC-16-Z04,DC-16-Z03,2026-08-25T08:05:00
TSK-001419-1,ORD-001419,DC-12,PICK,RBT-0374,BLOCKED,FAILED,DC-12-Z08,DC-12-Z08,2026-08-26T18:48:00
TSK-001419-2,ORD-001419,DC-12,REPLENISH,RBT-0114,QUEUED,ASSIGNED,DC-12-Z01,DC-12-Z04,2026-08-26T17:55:00
TSK-001419-3,ORD-001419,DC-12,MOVE,RBT-0203,QUEUED,ASSIGNED,DC-12-Z12,DC-12-Z11,2026-08-26T19:25:00
TSK-001419-4,ORD-001419,DC-12,REPLENISH,RBT-0208,BLOCKED,COMPLETE,DC-12-Z02,DC-12-Z01,2026-08-26T19:30:00
TSK-001420-1,ORD-001420,DC-10,PICK,RBT-0436,ASSIGNED,ASSIGNED,DC-10-Z02,DC-10-Z11,2026-08-17T11:49:00
TSK-001421-1,ORD-001421,DC-15,PACK_FEED,RBT-0112,QUEUED,QUEUED,DC-15-Z03,DC-15-Z01,2026-09-02T12:45:00
TSK-001421-2,ORD-001421,DC-15,STAGE,RBT-0359,COMPLETE,ASSIGNED,DC-15-Z03,DC-15-Z04,2026-09-02T11:55:00
TSK-001421-3,ORD-001421,DC-15,REPLENISH,RBT-0021,COMPLETE,EXECUTING,DC-15-Z06,DC-15-Z01,2026-09-02T11:54:00
TSK-001421-4,ORD-001421,DC-15,REPLENISH,RBT-0251,EXECUTING,QUEUED,DC-15-Z08,DC-15-Z12,2026-09-02T11:17:00
TSK-001422-1,ORD-001422,DC-06,PACK_FEED,RBT-0529,ASSIGNED,ASSIGNED,DC-06-Z01,DC-06-Z11,2026-09-03T02:40:00
TSK-001423-1,ORD-001423,DC-14,PACK_FEED,RBT-0455,ASSIGNED,QUEUED,DC-14-Z11,DC-14-Z01,2026-08-31T13:30:00
TSK-001423-2,ORD-001423,DC-14,MOVE,RBT-0475,EXECUTING,ASSIGNED,DC-14-Z02,DC-14-Z02,2026-08-31T12:09:00
TSK-001423-3,ORD-001423,DC-14,REPLENISH,RBT-0474,BLOCKED,FAILED,DC-14-Z02,DC-14-Z09,2026-08-31T12:40:00
TSK-001423-4,ORD-001423,DC-14,STAGE,RBT-0697,EXECUTING,FAILED,DC-14-Z01,DC-14-Z02,2026-08-31T12:11:00
TSK-001424-1,ORD-001424,DC-05,PACK_FEED,RBT-0059,ASSIGNED,EXECUTING,DC-05-Z12,DC-05-Z04,2026-08-11T17:16:00
TSK-001425-1,ORD-001425,DC-11,MOVE,RBT-0124,EXECUTING,ASSIGNED,DC-11-Z06,DC-11-Z11,2026-08-08T14:26:00
TSK-001425-2,ORD-001425,DC-11,PICK,RBT-0302,ASSIGNED,ASSIGNED,DC-11-Z05,DC-11-Z06,2026-08-08T15:07:00
TSK-001425-3,ORD-001425,DC-11,STAGE,RBT-0356,ASSIGNED,FAILED,DC-11-Z09,DC-11-Z03,2026-08-08T15:32:00
TSK-001426-1,ORD-001426,DC-02,PACK_FEED,RBT-0163,COMPLETE,COMPLETE,DC-02-Z08,DC-02-Z12,2026-08-30T08:41:00
TSK-001427-1,ORD-001427,DC-11,REPLENISH,RBT-0383,COMPLETE,FAILED,DC-11-Z01,DC-11-Z08,2026-08-05T08:39:00
TSK-001428-1,ORD-001428,DC-12,PICK,RBT-0552,QUEUED,EXECUTING,DC-12-Z12,DC-12-Z01,2026-08-08T02:29:00
TSK-001428-2,ORD-001428,DC-12,REPLENISH,RBT-0079,COMPLETE,QUEUED,DC-12-Z10,DC-12-Z02,2026-08-08T03:02:00
TSK-001429-1,ORD-001429,DC-11,STAGE,RBT-0609,EXECUTING,EXECUTING,DC-11-Z06,DC-11-Z04,2026-08-22T14:09:00
TSK-001429-2,ORD-001429,DC-11,STAGE,RBT-0470,BLOCKED,COMPLETE,DC-11-Z01,DC-11-Z04,2026-08-22T14:12:00
TSK-001429-3,ORD-001429,DC-11,PACK_FEED,RBT-0244,BLOCKED,COMPLETE,DC-11-Z06,DC-11-Z09,2026-08-22T15:29:00
TSK-001429-4,ORD-001429,DC-11,PACK_FEED,RBT-0552,EXECUTING,ASSIGNED,DC-11-Z05,DC-11-Z02,2026-08-22T13:55:00
TSK-001430-1,ORD-001430,DC-16,STAGE,RBT-0410,ASSIGNED,COMPLETE,DC-16-Z04,DC-16-Z04,2026-08-02T05:09:00
TSK-001430-2,ORD-001430,DC-16,PICK,RBT-0549,BLOCKED,ASSIGNED,DC-16-Z01,DC-16-Z01,2026-08-02T04:15:00
TSK-001430-3,ORD-001430,DC-16,PACK_FEED,RBT-0067,ASSIGNED,COMPLETE,DC-16-Z11,DC-16-Z09,2026-08-02T04:25:00
TSK-001431-1,ORD-001431,DC-17,PACK_FEED,RBT-0522,EXECUTING,QUEUED,DC-17-Z08,DC-17-Z05,2026-08-22T07:33:00
TSK-001432-1,ORD-001432,DC-02,STAGE,RBT-0314,ASSIGNED,COMPLETE,DC-02-Z01,DC-02-Z11,2026-08-10T00:16:00
TSK-001433-1,ORD-001433,DC-12,MOVE,RBT-0415,EXECUTING,QUEUED,DC-12-Z12,DC-12-Z03,2026-08-11T19:08:00
TSK-001433-2,ORD-001433,DC-12,STAGE,RBT-0698,QUEUED,COMPLETE,DC-12-Z04,DC-12-Z03,2026-08-11T19:35:00
TSK-001433-3,ORD-001433,DC-12,REPLENISH,RBT-0167,ASSIGNED,FAILED,DC-12-Z04,DC-12-Z09,2026-08-11T19:29:00
TSK-001434-1,ORD-001434,DC-13,STAGE,RBT-0324,COMPLETE,ASSIGNED,DC-13-Z07,DC-13-Z12,2026-08-18T06:10:00
TSK-001434-2,ORD-001434,DC-13,PICK,RBT-0685,BLOCKED,QUEUED,DC-13-Z12,DC-13-Z06,2026-08-18T05:52:00
TSK-001434-3,ORD-001434,DC-13,STAGE,RBT-0384,ASSIGNED,COMPLETE,DC-13-Z10,DC-13-Z11,2026-08-18T04:59:00
TSK-001435-1,ORD-001435,DC-17,STAGE,RBT-0559,EXECUTING,QUEUED,DC-17-Z07,DC-17-Z03,2026-09-02T14:37:00
TSK-001435-2,ORD-001435,DC-17,MOVE,RBT-0069,COMPLETE,QUEUED,DC-17-Z09,DC-17-Z10,2026-09-02T14:15:00
TSK-001435-3,ORD-001435,DC-17,STAGE,RBT-0665,COMPLETE,EXECUTING,DC-17-Z02,DC-17-Z12,2026-09-02T15:55:00
TSK-001436-1,ORD-001436,DC-14,PACK_FEED,RBT-0045,ASSIGNED,COMPLETE,DC-14-Z10,DC-14-Z07,2026-08-07T19:49:00
TSK-001436-2,ORD-001436,DC-14,REPLENISH,RBT-0703,ASSIGNED,FAILED,DC-14-Z10,DC-14-Z06,2026-08-07T19:54:00
TSK-001436-3,ORD-001436,DC-14,PACK_FEED,RBT-0086,EXECUTING,EXECUTING,DC-14-Z01,DC-14-Z03,2026-08-07T20:51:00
TSK-001436-4,ORD-001436,DC-14,MOVE,RBT-0227,QUEUED,COMPLETE,DC-14-Z04,DC-14-Z06,2026-08-07T19:53:00
TSK-001437-1,ORD-001437,DC-11,MOVE,RBT-0526,BLOCKED,COMPLETE,DC-11-Z10,DC-11-Z06,2026-08-14T18:14:00
TSK-001437-2,ORD-001437,DC-11,PACK_FEED,RBT-0403,BLOCKED,ASSIGNED,DC-11-Z04,DC-11-Z11,2026-08-14T17:56:00
TSK-001437-3,ORD-001437,DC-11,STAGE,RBT-0157,ASSIGNED,ASSIGNED,DC-11-Z05,DC-11-Z09,2026-08-14T19:04:00
TSK-001437-4,ORD-001437,DC-11,PACK_FEED,RBT-0347,BLOCKED,EXECUTING,DC-11-Z02,DC-11-Z05,2026-08-14T17:41:00
TSK-001438-1,ORD-001438,DC-11,MOVE,RBT-0289,EXECUTING,COMPLETE,DC-11-Z11,DC-11-Z01,2026-08-14T12:01:00
TSK-001438-2,ORD-001438,DC-11,PICK,RBT-0033,QUEUED,EXECUTING,DC-11-Z10,DC-11-Z02,2026-08-14T10:51:00
TSK-001439-1,ORD-001439,DC-18,PICK,RBT-0712,QUEUED,QUEUED,DC-18-Z03,DC-18-Z09,2026-08-10T06:22:00
TSK-001439-2,ORD-001439,DC-18,MOVE,RBT-0334,QUEUED,EXECUTING,DC-18-Z03,DC-18-Z06,2026-08-10T05:16:00
TSK-001439-3,ORD-001439,DC-18,PACK_FEED,RBT-0576,COMPLETE,FAILED,DC-18-Z02,DC-18-Z12,2026-08-10T05:04:00
TSK-001440-1,ORD-001440,DC-03,PACK_FEED,RBT-0373,BLOCKED,EXECUTING,DC-03-Z02,DC-03-Z05,2026-08-06T10:23:00
TSK-001441-1,ORD-001441,DC-07,MOVE,RBT-0444,ASSIGNED,QUEUED,DC-07-Z08,DC-07-Z11,2026-08-18T15:21:00
TSK-001441-2,ORD-001441,DC-07,STAGE,RBT-0123,ASSIGNED,ASSIGNED,DC-07-Z02,DC-07-Z03,2026-08-18T16:01:00
TSK-001441-3,ORD-001441,DC-07,PICK,RBT-0208,BLOCKED,QUEUED,DC-07-Z07,DC-07-Z11,2026-08-18T15:04:00
TSK-001441-4,ORD-001441,DC-07,PICK,RBT-0298,COMPLETE,FAILED,DC-07-Z04,DC-07-Z04,2026-08-18T15:37:00
TSK-001442-1,ORD-001442,DC-10,MOVE,RBT-0707,BLOCKED,EXECUTING,DC-10-Z02,DC-10-Z06,2026-08-01T18:31:00
TSK-001442-2,ORD-001442,DC-10,STAGE,RBT-0692,EXECUTING,ASSIGNED,DC-10-Z03,DC-10-Z02,2026-08-01T17:42:00
TSK-001442-3,ORD-001442,DC-10,STAGE,RBT-0705,EXECUTING,COMPLETE,DC-10-Z03,DC-10-Z09,2026-08-01T19:21:00
TSK-001443-1,ORD-001443,DC-11,STAGE,RBT-0258,ASSIGNED,FAILED,DC-11-Z09,DC-11-Z01,2026-08-18T21:41:00
TSK-001443-2,ORD-001443,DC-11,PACK_FEED,RBT-0471,QUEUED,FAILED,DC-11-Z01,DC-11-Z08,2026-08-18T22:57:00
TSK-001443-3,ORD-001443,DC-11,PACK_FEED,RBT-0397,QUEUED,EXECUTING,DC-11-Z11,DC-11-Z03,2026-08-18T22:02:00
TSK-001444-1,ORD-001444,DC-18,REPLENISH,RBT-0070,QUEUED,COMPLETE,DC-18-Z03,DC-18-Z05,2026-08-09T11:27:00
TSK-001444-2,ORD-001444,DC-18,MOVE,RBT-0181,BLOCKED,FAILED,DC-18-Z09,DC-18-Z11,2026-08-09T11:19:00
TSK-001445-1,ORD-001445,DC-05,STAGE,RBT-0509,QUEUED,EXECUTING,DC-05-Z04,DC-05-Z03,2026-08-21T22:26:00
TSK-001445-2,ORD-001445,DC-05,STAGE,RBT-0537,BLOCKED,COMPLETE,DC-05-Z03,DC-05-Z01,2026-08-21T22:54:00
TSK-001446-1,ORD-001446,DC-17,PACK_FEED,RBT-0434,EXECUTING,FAILED,DC-17-Z06,DC-17-Z03,2026-08-11T16:20:00
TSK-001447-1,ORD-001447,DC-03,PACK_FEED,RBT-0698,COMPLETE,QUEUED,DC-03-Z10,DC-03-Z04,2026-08-16T03:25:00
TSK-001447-2,ORD-001447,DC-03,REPLENISH,RBT-0423,ASSIGNED,FAILED,DC-03-Z11,DC-03-Z05,2026-08-16T02:47:00
TSK-001447-3,ORD-001447,DC-03,PACK_FEED,RBT-0124,EXECUTING,ASSIGNED,DC-03-Z03,DC-03-Z02,2026-08-16T04:13:00
TSK-001448-1,ORD-001448,DC-14,PACK_FEED,RBT-0042,BLOCKED,QUEUED,DC-14-Z06,DC-14-Z08,2026-08-12T13:46:00
TSK-001448-2,ORD-001448,DC-14,PICK,RBT-0562,BLOCKED,ASSIGNED,DC-14-Z03,DC-14-Z10,2026-08-12T12:35:00
TSK-001449-1,ORD-001449,DC-13,PICK,RBT-0033,BLOCKED,EXECUTING,DC-13-Z05,DC-13-Z06,2026-08-11T22:15:00
TSK-001449-2,ORD-001449,DC-13,MOVE,RBT-0598,EXECUTING,FAILED,DC-13-Z08,DC-13-Z11,2026-08-11T22:38:00
TSK-001449-3,ORD-001449,DC-13,PACK_FEED,RBT-0469,COMPLETE,FAILED,DC-13-Z02,DC-13-Z04,2026-08-11T22:19:00
TSK-001449-4,ORD-001449,DC-13,REPLENISH,RBT-0302,QUEUED,EXECUTING,DC-13-Z09,DC-13-Z09,2026-08-11T21:23:00
TSK-001450-1,ORD-001450,DC-11,MOVE,RBT-0454,COMPLETE,ASSIGNED,DC-11-Z02,DC-11-Z05,2026-08-27T18:08:00
TSK-001450-2,ORD-001450,DC-11,PICK,RBT-0456,ASSIGNED,FAILED,DC-11-Z12,DC-11-Z02,2026-08-27T18:55:00
TSK-001450-3,ORD-001450,DC-11,PICK,RBT-0500,BLOCKED,ASSIGNED,DC-11-Z03,DC-11-Z02,2026-08-27T18:22:00
TSK-001451-1,ORD-001451,DC-06,REPLENISH,RBT-0345,BLOCKED,EXECUTING,DC-06-Z02,DC-06-Z02,2026-08-14T13:48:00
TSK-001451-2,ORD-001451,DC-06,STAGE,RBT-0562,ASSIGNED,EXECUTING,DC-06-Z04,DC-06-Z06,2026-08-14T12:47:00
TSK-001452-1,ORD-001452,DC-13,MOVE,RBT-0351,BLOCKED,ASSIGNED,DC-13-Z07,DC-13-Z09,2026-08-19T03:55:00
TSK-001452-2,ORD-001452,DC-13,MOVE,RBT-0616,COMPLETE,COMPLETE,DC-13-Z10,DC-13-Z01,2026-08-19T04:24:00
TSK-001453-1,ORD-001453,DC-17,STAGE,RBT-0456,EXECUTING,ASSIGNED,DC-17-Z10,DC-17-Z06,2026-08-01T15:31:00
TSK-001453-2,ORD-001453,DC-17,STAGE,RBT-0158,BLOCKED,FAILED,DC-17-Z08,DC-17-Z04,2026-08-01T14:39:00
TSK-001453-3,ORD-001453,DC-17,STAGE,RBT-0647,QUEUED,EXECUTING,DC-17-Z11,DC-17-Z05,2026-08-01T14:57:00
TSK-001454-1,ORD-001454,DC-13,PACK_FEED,RBT-0208,EXECUTING,EXECUTING,DC-13-Z07,DC-13-Z02,2026-08-02T20:29:00
TSK-001454-2,ORD-001454,DC-13,STAGE,RBT-0674,EXECUTING,EXECUTING,DC-13-Z07,DC-13-Z06,2026-08-02T21:03:00
TSK-001454-3,ORD-001454,DC-13,PICK,RBT-0553,ASSIGNED,QUEUED,DC-13-Z02,DC-13-Z03,2026-08-02T21:26:00
TSK-001454-4,ORD-001454,DC-13,PACK_FEED,RBT-0174,ASSIGNED,EXECUTING,DC-13-Z08,DC-13-Z10,2026-08-02T21:18:00
TSK-001455-1,ORD-001455,DC-01,PACK_FEED,RBT-0564,ASSIGNED,ASSIGNED,DC-01-Z01,DC-01-Z05,2026-08-02T21:16:00
TSK-001455-2,ORD-001455,DC-01,STAGE,RBT-0443,COMPLETE,ASSIGNED,DC-01-Z08,DC-01-Z09,2026-08-02T22:40:00
TSK-001455-3,ORD-001455,DC-01,MOVE,RBT-0039,BLOCKED,ASSIGNED,DC-01-Z09,DC-01-Z11,2026-08-02T21:34:00
TSK-001456-1,ORD-001456,DC-08,MOVE,RBT-0008,COMPLETE,EXECUTING,DC-08-Z08,DC-08-Z02,2026-08-22T20:15:00
TSK-001456-2,ORD-001456,DC-08,PACK_FEED,RBT-0230,COMPLETE,COMPLETE,DC-08-Z08,DC-08-Z03,2026-08-22T21:36:00
TSK-001456-3,ORD-001456,DC-08,MOVE,RBT-0407,ASSIGNED,FAILED,DC-08-Z06,DC-08-Z06,2026-08-22T21:19:00
TSK-001456-4,ORD-001456,DC-08,PICK,RBT-0533,EXECUTING,COMPLETE,DC-08-Z09,DC-08-Z11,2026-08-22T20:55:00
TSK-001457-1,ORD-001457,DC-08,REPLENISH,RBT-0590,EXECUTING,FAILED,DC-08-Z05,DC-08-Z09,2026-09-04T09:12:00
TSK-001457-2,ORD-001457,DC-08,MOVE,RBT-0634,BLOCKED,ASSIGNED,DC-08-Z06,DC-08-Z05,2026-09-04T09:31:00
TSK-001457-3,ORD-001457,DC-08,PACK_FEED,RBT-0677,EXECUTING,ASSIGNED,DC-08-Z04,DC-08-Z01,2026-09-04T10:39:00
TSK-001457-4,ORD-001457,DC-08,STAGE,RBT-0457,BLOCKED,COMPLETE,DC-08-Z05,DC-08-Z12,2026-09-04T09:44:00
TSK-001458-1,ORD-001458,DC-08,STAGE,RBT-0111,ASSIGNED,QUEUED,DC-08-Z01,DC-08-Z09,2026-08-13T13:27:00
TSK-001459-1,ORD-001459,DC-08,PACK_FEED,RBT-0592,QUEUED,QUEUED,DC-08-Z06,DC-08-Z01,2026-08-27T03:27:00
TSK-001459-2,ORD-001459,DC-08,PICK,RBT-0624,QUEUED,QUEUED,DC-08-Z06,DC-08-Z02,2026-08-27T03:13:00
TSK-001460-1,ORD-001460,DC-11,REPLENISH,RBT-0384,QUEUED,FAILED,DC-11-Z12,DC-11-Z12,2026-08-15T03:24:00
TSK-001460-2,ORD-001460,DC-11,REPLENISH,RBT-0219,ASSIGNED,ASSIGNED,DC-11-Z04,DC-11-Z12,2026-08-15T02:53:00
TSK-001461-1,ORD-001461,DC-01,REPLENISH,RBT-0207,EXECUTING,FAILED,DC-01-Z06,DC-01-Z01,2026-08-15T20:31:00
TSK-001461-2,ORD-001461,DC-01,PACK_FEED,RBT-0280,ASSIGNED,ASSIGNED,DC-01-Z09,DC-01-Z01,2026-08-15T20:56:00
TSK-001461-3,ORD-001461,DC-01,PICK,RBT-0707,BLOCKED,FAILED,DC-01-Z05,DC-01-Z08,2026-08-15T21:09:00
TSK-001462-1,ORD-001462,DC-15,PACK_FEED,RBT-0633,BLOCKED,COMPLETE,DC-15-Z09,DC-15-Z02,2026-08-15T23:01:00
TSK-001462-2,ORD-001462,DC-15,PICK,RBT-0580,ASSIGNED,EXECUTING,DC-15-Z06,DC-15-Z12,2026-08-15T22:39:00
TSK-001462-3,ORD-001462,DC-15,STAGE,RBT-0229,ASSIGNED,FAILED,DC-15-Z11,DC-15-Z02,2026-08-15T22:03:00
TSK-001463-1,ORD-001463,DC-07,PACK_FEED,RBT-0372,QUEUED,ASSIGNED,DC-07-Z04,DC-07-Z07,2026-09-03T19:38:00
TSK-001463-2,ORD-001463,DC-07,PACK_FEED,RBT-0614,ASSIGNED,ASSIGNED,DC-07-Z03,DC-07-Z04,2026-09-03T19:26:00
TSK-001464-1,ORD-001464,DC-16,STAGE,RBT-0066,ASSIGNED,ASSIGNED,DC-16-Z07,DC-16-Z02,2026-08-26T11:35:00
TSK-001464-2,ORD-001464,DC-16,REPLENISH,RBT-0439,QUEUED,QUEUED,DC-16-Z09,DC-16-Z05,2026-08-26T11:28:00
TSK-001465-1,ORD-001465,DC-12,REPLENISH,RBT-0191,ASSIGNED,COMPLETE,DC-12-Z03,DC-12-Z12,2026-08-31T19:31:00
TSK-001466-1,ORD-001466,DC-03,MOVE,RBT-0091,COMPLETE,EXECUTING,DC-03-Z10,DC-03-Z07,2026-08-13T03:15:00
TSK-001466-2,ORD-001466,DC-03,STAGE,RBT-0651,COMPLETE,EXECUTING,DC-03-Z08,DC-03-Z01,2026-08-13T03:56:00
TSK-001466-3,ORD-001466,DC-03,STAGE,RBT-0524,ASSIGNED,QUEUED,DC-03-Z06,DC-03-Z01,2026-08-13T03:47:00
TSK-001467-1,ORD-001467,DC-15,MOVE,RBT-0520,ASSIGNED,ASSIGNED,DC-15-Z03,DC-15-Z03,2026-08-29T05:43:00
TSK-001467-2,ORD-001467,DC-15,PICK,RBT-0374,EXECUTING,FAILED,DC-15-Z12,DC-15-Z02,2026-08-29T06:20:00
TSK-001467-3,ORD-001467,DC-15,STAGE,RBT-0642,QUEUED,FAILED,DC-15-Z05,DC-15-Z01,2026-08-29T04:42:00
TSK-001468-1,ORD-001468,DC-15,STAGE,RBT-0419,QUEUED,COMPLETE,DC-15-Z05,DC-15-Z02,2026-08-12T03:21:00
TSK-001468-2,ORD-001468,DC-15,PACK_FEED,RBT-0487,BLOCKED,FAILED,DC-15-Z11,DC-15-Z10,2026-08-12T04:21:00
TSK-001469-1,ORD-001469,DC-18,PICK,RBT-0371,EXECUTING,FAILED,DC-18-Z11,DC-18-Z01,2026-08-23T16:42:00
TSK-001470-1,ORD-001470,DC-10,STAGE,RBT-0220,BLOCKED,ASSIGNED,DC-10-Z12,DC-10-Z12,2026-08-03T09:55:00
TSK-001470-2,ORD-001470,DC-10,REPLENISH,RBT-0448,COMPLETE,EXECUTING,DC-10-Z06,DC-10-Z08,2026-08-03T09:59:00
TSK-001471-1,ORD-001471,DC-15,PACK_FEED,RBT-0678,QUEUED,EXECUTING,DC-15-Z11,DC-15-Z01,2026-09-02T10:37:00
TSK-001471-2,ORD-001471,DC-15,PACK_FEED,RBT-0324,ASSIGNED,QUEUED,DC-15-Z10,DC-15-Z08,2026-09-02T09:51:00
TSK-001471-3,ORD-001471,DC-15,REPLENISH,RBT-0644,BLOCKED,QUEUED,DC-15-Z10,DC-15-Z12,2026-09-02T10:40:00
TSK-001471-4,ORD-001471,DC-15,STAGE,RBT-0029,ASSIGNED,ASSIGNED,DC-15-Z08,DC-15-Z05,2026-09-02T09:22:00
TSK-001472-1,ORD-001472,DC-09,PACK_FEED,RBT-0610,ASSIGNED,FAILED,DC-09-Z08,DC-09-Z07,2026-08-14T07:18:00
TSK-001472-2,ORD-001472,DC-09,MOVE,RBT-0487,EXECUTING,QUEUED,DC-09-Z08,DC-09-Z06,2026-08-14T08:22:00
TSK-001472-3,ORD-001472,DC-09,REPLENISH,RBT-0432,QUEUED,ASSIGNED,DC-09-Z10,DC-09-Z03,2026-08-14T07:04:00
TSK-001473-1,ORD-001473,DC-05,STAGE,RBT-0443,EXECUTING,QUEUED,DC-05-Z02,DC-05-Z03,2026-08-16T07:33:00
TSK-001473-2,ORD-001473,DC-05,PACK_FEED,RBT-0288,COMPLETE,FAILED,DC-05-Z08,DC-05-Z06,2026-08-16T07:37:00
TSK-001474-1,ORD-001474,DC-06,REPLENISH,RBT-0543,EXECUTING,QUEUED,DC-06-Z04,DC-06-Z07,2026-08-19T09:56:00
TSK-001475-1,ORD-001475,DC-02,PACK_FEED,RBT-0346,COMPLETE,FAILED,DC-02-Z08,DC-02-Z04,2026-09-04T14:45:00
TSK-001475-2,ORD-001475,DC-02,REPLENISH,RBT-0489,QUEUED,ASSIGNED,DC-02-Z01,DC-02-Z11,2026-09-04T14:09:00
TSK-001475-3,ORD-001475,DC-02,REPLENISH,RBT-0186,COMPLETE,COMPLETE,DC-02-Z12,DC-02-Z12,2026-09-04T13:59:00
TSK-001476-1,ORD-001476,DC-02,STAGE,RBT-0380,QUEUED,FAILED,DC-02-Z10,DC-02-Z01,2026-08-06T05:55:00
TSK-001476-2,ORD-001476,DC-02,STAGE,RBT-0640,ASSIGNED,COMPLETE,DC-02-Z03,DC-02-Z11,2026-08-06T04:05:00
TSK-001477-1,ORD-001477,DC-07,PACK_FEED,RBT-0588,ASSIGNED,ASSIGNED,DC-07-Z08,DC-07-Z12,2026-09-04T15:14:00
TSK-001477-2,ORD-001477,DC-07,MOVE,RBT-0117,BLOCKED,EXECUTING,DC-07-Z04,DC-07-Z09,2026-09-04T14:46:00
TSK-001477-3,ORD-001477,DC-07,STAGE,RBT-0706,EXECUTING,ASSIGNED,DC-07-Z07,DC-07-Z06,2026-09-04T14:55:00
TSK-001477-4,ORD-001477,DC-07,MOVE,RBT-0189,ASSIGNED,ASSIGNED,DC-07-Z08,DC-07-Z06,2026-09-04T15:33:00
TSK-001478-1,ORD-001478,DC-11,MOVE,RBT-0277,EXECUTING,ASSIGNED,DC-11-Z12,DC-11-Z07,2026-08-15T20:49:00
TSK-001478-2,ORD-001478,DC-11,MOVE,RBT-0514,COMPLETE,FAILED,DC-11-Z12,DC-11-Z04,2026-08-15T20:11:00
TSK-001478-3,ORD-001478,DC-11,PACK_FEED,RBT-0348,BLOCKED,QUEUED,DC-11-Z11,DC-11-Z08,2026-08-15T20:42:00
TSK-001479-1,ORD-001479,DC-18,MOVE,RBT-0543,COMPLETE,QUEUED,DC-18-Z10,DC-18-Z09,2026-08-15T19:44:00
TSK-001479-2,ORD-001479,DC-18,REPLENISH,RBT-0187,EXECUTING,ASSIGNED,DC-18-Z11,DC-18-Z02,2026-08-15T20:56:00
TSK-001480-1,ORD-001480,DC-02,MOVE,RBT-0583,EXECUTING,ASSIGNED,DC-02-Z04,DC-02-Z07,2026-08-01T09:59:00
TSK-001480-2,ORD-001480,DC-02,REPLENISH,RBT-0416,BLOCKED,COMPLETE,DC-02-Z01,DC-02-Z06,2026-08-01T10:32:00
TSK-001481-1,ORD-001481,DC-02,PICK,RBT-0153,QUEUED,EXECUTING,DC-02-Z02,DC-02-Z01,2026-08-28T17:02:00
TSK-001481-2,ORD-001481,DC-02,MOVE,RBT-0094,EXECUTING,ASSIGNED,DC-02-Z08,DC-02-Z01,2026-08-28T17:08:00
TSK-001481-3,ORD-001481,DC-02,STAGE,RBT-0115,BLOCKED,COMPLETE,DC-02-Z06,DC-02-Z04,2026-08-28T18:44:00
TSK-001481-4,ORD-001481,DC-02,REPLENISH,RBT-0356,ASSIGNED,ASSIGNED,DC-02-Z08,DC-02-Z12,2026-08-28T17:50:00
TSK-001482-1,ORD-001482,DC-04,PACK_FEED,RBT-0065,BLOCKED,ASSIGNED,DC-04-Z03,DC-04-Z03,2026-08-23T15:10:00
TSK-001483-1,ORD-001483,DC-16,PACK_FEED,RBT-0456,EXECUTING,EXECUTING,DC-16-Z06,DC-16-Z01,2026-08-03T19:27:00
TSK-001483-2,ORD-001483,DC-16,PICK,RBT-0594,BLOCKED,ASSIGNED,DC-16-Z12,DC-16-Z06,2026-08-03T19:33:00
TSK-001484-1,ORD-001484,DC-03,PACK_FEED,RBT-0253,ASSIGNED,EXECUTING,DC-03-Z05,DC-03-Z12,2026-08-10T07:54:00
TSK-001485-1,ORD-001485,DC-11,STAGE,RBT-0706,COMPLETE,ASSIGNED,DC-11-Z03,DC-11-Z11,2026-08-01T16:23:00
TSK-001486-1,ORD-001486,DC-13,MOVE,RBT-0208,BLOCKED,EXECUTING,DC-13-Z09,DC-13-Z01,2026-08-22T07:13:00
TSK-001486-2,ORD-001486,DC-13,REPLENISH,RBT-0346,QUEUED,QUEUED,DC-13-Z11,DC-13-Z06,2026-08-22T07:38:00
TSK-001486-3,ORD-001486,DC-13,MOVE,RBT-0575,EXECUTING,FAILED,DC-13-Z01,DC-13-Z05,2026-08-22T08:03:00
TSK-001486-4,ORD-001486,DC-13,MOVE,RBT-0288,BLOCKED,FAILED,DC-13-Z02,DC-13-Z12,2026-08-22T08:01:00
TSK-001487-1,ORD-001487,DC-01,PICK,RBT-0068,EXECUTING,COMPLETE,DC-01-Z08,DC-01-Z08,2026-08-03T13:07:00
TSK-001487-2,ORD-001487,DC-01,PACK_FEED,RBT-0145,BLOCKED,QUEUED,DC-01-Z03,DC-01-Z11,2026-08-03T12:48:00
TSK-001487-3,ORD-001487,DC-01,PICK,RBT-0622,BLOCKED,QUEUED,DC-01-Z11,DC-01-Z09,2026-08-03T12:49:00
TSK-001487-4,ORD-001487,DC-01,STAGE,RBT-0585,ASSIGNED,FAILED,DC-01-Z07,DC-01-Z12,2026-08-03T12:58:00
TSK-001488-1,ORD-001488,DC-16,STAGE,RBT-0267,BLOCKED,FAILED,DC-16-Z02,DC-16-Z08,2026-08-02T01:51:00
TSK-001488-2,ORD-001488,DC-16,STAGE,RBT-0626,ASSIGNED,FAILED,DC-16-Z07,DC-16-Z11,2026-08-02T01:40:00
TSK-001488-3,ORD-001488,DC-16,STAGE,RBT-0544,COMPLETE,QUEUED,DC-16-Z09,DC-16-Z05,2026-08-02T02:13:00
TSK-001488-4,ORD-001488,DC-16,PICK,RBT-0067,COMPLETE,FAILED,DC-16-Z07,DC-16-Z07,2026-08-02T02:20:00
TSK-001489-1,ORD-001489,DC-01,PACK_FEED,RBT-0678,EXECUTING,ASSIGNED,DC-01-Z04,DC-01-Z09,2026-09-03T14:45:00
TSK-001489-2,ORD-001489,DC-01,PICK,RBT-0611,EXECUTING,EXECUTING,DC-01-Z08,DC-01-Z03,2026-09-03T14:46:00
TSK-001490-1,ORD-001490,DC-01,PACK_FEED,RBT-0114,EXECUTING,EXECUTING,DC-01-Z09,DC-01-Z12,2026-08-25T00:56:00
TSK-001491-1,ORD-001491,DC-09,REPLENISH,RBT-0557,EXECUTING,EXECUTING,DC-09-Z11,DC-09-Z10,2026-08-04T21:51:00
TSK-001491-2,ORD-001491,DC-09,MOVE,RBT-0266,BLOCKED,QUEUED,DC-09-Z06,DC-09-Z09,2026-08-04T22:21:00
TSK-001492-1,ORD-001492,DC-16,PICK,RBT-0172,QUEUED,QUEUED,DC-16-Z02,DC-16-Z05,2026-08-13T00:08:00
TSK-001492-2,ORD-001492,DC-16,PICK,RBT-0461,EXECUTING,FAILED,DC-16-Z05,DC-16-Z03,2026-08-12T23:33:00
TSK-001493-1,ORD-001493,DC-08,PACK_FEED,RBT-0568,BLOCKED,FAILED,DC-08-Z05,DC-08-Z07,2026-08-10T17:05:00
TSK-001493-2,ORD-001493,DC-08,MOVE,RBT-0623,COMPLETE,EXECUTING,DC-08-Z10,DC-08-Z12,2026-08-10T16:34:00
TSK-001493-3,ORD-001493,DC-08,PACK_FEED,RBT-0380,COMPLETE,QUEUED,DC-08-Z11,DC-08-Z04,2026-08-10T18:01:00
TSK-001493-4,ORD-001493,DC-08,REPLENISH,RBT-0621,QUEUED,COMPLETE,DC-08-Z05,DC-08-Z12,2026-08-10T17:44:00
TSK-001494-1,ORD-001494,DC-17,STAGE,RBT-0451,ASSIGNED,QUEUED,DC-17-Z01,DC-17-Z07,2026-08-31T06:27:00
TSK-001494-2,ORD-001494,DC-17,MOVE,RBT-0298,EXECUTING,EXECUTING,DC-17-Z05,DC-17-Z10,2026-08-31T07:22:00
TSK-001495-1,ORD-001495,DC-15,REPLENISH,RBT-0073,EXECUTING,FAILED,DC-15-Z01,DC-15-Z05,2026-08-30T21:09:00
TSK-001495-2,ORD-001495,DC-15,PICK,RBT-0037,QUEUED,EXECUTING,DC-15-Z10,DC-15-Z05,2026-08-30T20:25:00
TSK-001495-3,ORD-001495,DC-15,PICK,RBT-0313,EXECUTING,ASSIGNED,DC-15-Z06,DC-15-Z07,2026-08-30T20:24:00
TSK-001496-1,ORD-001496,DC-10,PACK_FEED,RBT-0533,ASSIGNED,ASSIGNED,DC-10-Z07,DC-10-Z08,2026-08-27T12:00:00
TSK-001496-2,ORD-001496,DC-10,PACK_FEED,RBT-0373,ASSIGNED,ASSIGNED,DC-10-Z02,DC-10-Z11,2026-08-27T12:52:00
TSK-001497-1,ORD-001497,DC-05,STAGE,RBT-0376,QUEUED,ASSIGNED,DC-05-Z06,DC-05-Z07,2026-09-03T08:15:00
TSK-001498-1,ORD-001498,DC-07,REPLENISH,RBT-0020,ASSIGNED,EXECUTING,DC-07-Z05,DC-07-Z05,2026-08-09T21:27:00
TSK-001498-2,ORD-001498,DC-07,REPLENISH,RBT-0584,EXECUTING,ASSIGNED,DC-07-Z10,DC-07-Z02,2026-08-09T21:50:00
TSK-001498-3,ORD-001498,DC-07,STAGE,RBT-0411,COMPLETE,ASSIGNED,DC-07-Z10,DC-07-Z04,2026-08-09T22:51:00
TSK-001498-4,ORD-001498,DC-07,MOVE,RBT-0202,QUEUED,EXECUTING,DC-07-Z02,DC-07-Z03,2026-08-09T22:25:00
TSK-001499-1,ORD-001499,DC-17,PICK,RBT-0286,BLOCKED,ASSIGNED,DC-17-Z11,DC-17-Z06,2026-08-05T11:45:00
TSK-001499-2,ORD-001499,DC-17,STAGE,RBT-0014,BLOCKED,EXECUTING,DC-17-Z06,DC-17-Z04,2026-08-05T13:20:00
TSK-001499-3,ORD-001499,DC-17,STAGE,RBT-0613,COMPLETE,ASSIGNED,DC-17-Z04,DC-17-Z12,2026-08-05T13:08:00
TSK-001499-4,ORD-001499,DC-17,PICK,RBT-0168,QUEUED,ASSIGNED,DC-17-Z07,DC-17-Z03,2026-08-05T12:07:00
TSK-001500-1,ORD-001500,DC-15,PICK,RBT-0236,BLOCKED,COMPLETE,DC-15-Z01,DC-15-Z12,2026-09-05T03:51:00
TSK-001500-2,ORD-001500,DC-15,PICK,RBT-0356,BLOCKED,EXECUTING,DC-15-Z07,DC-15-Z07,2026-09-05T03:32:00
TSK-001501-1,ORD-001501,DC-13,PICK,RBT-0573,QUEUED,COMPLETE,DC-13-Z07,DC-13-Z04,2026-08-28T11:03:00
TSK-001501-2,ORD-001501,DC-13,MOVE,RBT-0502,COMPLETE,COMPLETE,DC-13-Z09,DC-13-Z08,2026-08-28T11:08:00
TSK-001501-3,ORD-001501,DC-13,MOVE,RBT-0125,QUEUED,ASSIGNED,DC-13-Z02,DC-13-Z06,2026-08-28T09:43:00
TSK-001501-4,ORD-001501,DC-13,MOVE,RBT-0237,ASSIGNED,FAILED,DC-13-Z10,DC-13-Z03,2026-08-28T09:21:00
TSK-001502-1,ORD-001502,DC-10,MOVE,RBT-0292,QUEUED,EXECUTING,DC-10-Z12,DC-10-Z01,2026-08-10T16:30:00
TSK-001502-2,ORD-001502,DC-10,PACK_FEED,RBT-0553,BLOCKED,QUEUED,DC-10-Z09,DC-10-Z10,2026-08-10T15:39:00
TSK-001502-3,ORD-001502,DC-10,REPLENISH,RBT-0252,ASSIGNED,QUEUED,DC-10-Z04,DC-10-Z12,2026-08-10T15:09:00
TSK-001502-4,ORD-001502,DC-10,MOVE,RBT-0229,EXECUTING,ASSIGNED,DC-10-Z11,DC-10-Z04,2026-08-10T16:11:00
TSK-001503-1,ORD-001503,DC-08,REPLENISH,RBT-0682,COMPLETE,ASSIGNED,DC-08-Z02,DC-08-Z08,2026-08-25T03:18:00
TSK-001503-2,ORD-001503,DC-08,PICK,RBT-0532,ASSIGNED,ASSIGNED,DC-08-Z04,DC-08-Z04,2026-08-25T01:46:00
TSK-001503-3,ORD-001503,DC-08,STAGE,RBT-0519,ASSIGNED,QUEUED,DC-08-Z05,DC-08-Z12,2026-08-25T03:03:00
TSK-001503-4,ORD-001503,DC-08,STAGE,RBT-0527,ASSIGNED,QUEUED,DC-08-Z12,DC-08-Z01,2026-08-25T01:58:00
TSK-001504-1,ORD-001504,DC-12,PACK_FEED,RBT-0542,BLOCKED,ASSIGNED,DC-12-Z05,DC-12-Z03,2026-09-03T19:51:00
TSK-001504-2,ORD-001504,DC-12,PICK,RBT-0294,EXECUTING,ASSIGNED,DC-12-Z02,DC-12-Z12,2026-09-03T19:05:00
TSK-001505-1,ORD-001505,DC-04,PACK_FEED,RBT-0556,ASSIGNED,QUEUED,DC-04-Z12,DC-04-Z01,2026-08-07T01:36:00
TSK-001505-2,ORD-001505,DC-04,STAGE,RBT-0029,EXECUTING,ASSIGNED,DC-04-Z08,DC-04-Z01,2026-08-07T01:11:00
TSK-001505-3,ORD-001505,DC-04,MOVE,RBT-0655,COMPLETE,COMPLETE,DC-04-Z10,DC-04-Z11,2026-08-07T02:41:00
TSK-001506-1,ORD-001506,DC-03,STAGE,RBT-0506,COMPLETE,EXECUTING,DC-03-Z08,DC-03-Z08,2026-08-02T02:59:00
TSK-001506-2,ORD-001506,DC-03,REPLENISH,RBT-0322,ASSIGNED,COMPLETE,DC-03-Z08,DC-03-Z08,2026-08-02T03:01:00
TSK-001506-3,ORD-001506,DC-03,MOVE,RBT-0352,EXECUTING,QUEUED,DC-03-Z01,DC-03-Z11,2026-08-02T02:40:00
TSK-001507-1,ORD-001507,DC-03,STAGE,RBT-0618,COMPLETE,FAILED,DC-03-Z06,DC-03-Z05,2026-08-28T23:07:00
TSK-001507-2,ORD-001507,DC-03,PACK_FEED,RBT-0637,BLOCKED,ASSIGNED,DC-03-Z08,DC-03-Z02,2026-08-28T22:51:00
TSK-001507-3,ORD-001507,DC-03,PACK_FEED,RBT-0416,EXECUTING,COMPLETE,DC-03-Z06,DC-03-Z02,2026-08-28T23:09:00
TSK-001507-4,ORD-001507,DC-03,MOVE,RBT-0075,ASSIGNED,QUEUED,DC-03-Z12,DC-03-Z04,2026-08-28T21:23:00
TSK-001508-1,ORD-001508,DC-05,MOVE,RBT-0373,COMPLETE,COMPLETE,DC-05-Z12,DC-05-Z08,2026-08-05T06:51:00
TSK-001508-2,ORD-001508,DC-05,PACK_FEED,RBT-0427,COMPLETE,ASSIGNED,DC-05-Z09,DC-05-Z09,2026-08-05T07:30:00
TSK-001509-1,ORD-001509,DC-01,REPLENISH,RBT-0505,QUEUED,QUEUED,DC-01-Z11,DC-01-Z05,2026-08-07T16:53:00
TSK-001509-2,ORD-001509,DC-01,PICK,RBT-0309,BLOCKED,QUEUED,DC-01-Z03,DC-01-Z02,2026-08-07T17:44:00
TSK-001509-3,ORD-001509,DC-01,PACK_FEED,RBT-0376,EXECUTING,COMPLETE,DC-01-Z12,DC-01-Z07,2026-08-07T17:17:00
TSK-001510-1,ORD-001510,DC-06,PACK_FEED,RBT-0368,EXECUTING,ASSIGNED,DC-06-Z10,DC-06-Z09,2026-08-03T17:32:00
TSK-001510-2,ORD-001510,DC-06,MOVE,RBT-0273,EXECUTING,FAILED,DC-06-Z02,DC-06-Z05,2026-08-03T17:47:00
TSK-001510-3,ORD-001510,DC-06,PICK,RBT-0228,ASSIGNED,ASSIGNED,DC-06-Z05,DC-06-Z06,2026-08-03T16:50:00
TSK-001510-4,ORD-001510,DC-06,PICK,RBT-0575,QUEUED,COMPLETE,DC-06-Z09,DC-06-Z12,2026-08-03T16:55:00
TSK-001511-1,ORD-001511,DC-03,PICK,RBT-0530,COMPLETE,QUEUED,DC-03-Z07,DC-03-Z08,2026-09-01T06:06:00
TSK-001511-2,ORD-001511,DC-03,MOVE,RBT-0610,ASSIGNED,FAILED,DC-03-Z06,DC-03-Z09,2026-09-01T07:11:00
TSK-001511-3,ORD-001511,DC-03,REPLENISH,RBT-0090,COMPLETE,ASSIGNED,DC-03-Z03,DC-03-Z10,2026-09-01T06:17:00
TSK-001511-4,ORD-001511,DC-03,MOVE,RBT-0263,COMPLETE,EXECUTING,DC-03-Z07,DC-03-Z07,2026-09-01T06:18:00
TSK-001512-1,ORD-001512,DC-11,REPLENISH,RBT-0394,QUEUED,EXECUTING,DC-11-Z08,DC-11-Z09,2026-08-22T11:30:00
TSK-001512-2,ORD-001512,DC-11,STAGE,RBT-0326,EXECUTING,EXECUTING,DC-11-Z10,DC-11-Z05,2026-08-22T12:12:00
TSK-001512-3,ORD-001512,DC-11,MOVE,RBT-0239,QUEUED,ASSIGNED,DC-11-Z10,DC-11-Z04,2026-08-22T11:46:00
TSK-001513-1,ORD-001513,DC-04,MOVE,RBT-0506,QUEUED,ASSIGNED,DC-04-Z06,DC-04-Z02,2026-09-03T15:40:00
TSK-001513-2,ORD-001513,DC-04,STAGE,RBT-0079,QUEUED,COMPLETE,DC-04-Z02,DC-04-Z05,2026-09-03T14:29:00
TSK-001513-3,ORD-001513,DC-04,MOVE,RBT-0046,COMPLETE,QUEUED,DC-04-Z03,DC-04-Z05,2026-09-03T15:29:00
TSK-001514-1,ORD-001514,DC-05,PACK_FEED,RBT-0128,ASSIGNED,QUEUED,DC-05-Z04,DC-05-Z04,2026-08-19T19:27:00
TSK-001514-2,ORD-001514,DC-05,STAGE,RBT-0441,BLOCKED,EXECUTING,DC-05-Z12,DC-05-Z05,2026-08-19T19:40:00
TSK-001515-1,ORD-001515,DC-02,MOVE,RBT-0696,ASSIGNED,ASSIGNED,DC-02-Z03,DC-02-Z12,2026-09-04T00:02:00
TSK-001515-2,ORD-001515,DC-02,PICK,RBT-0120,COMPLETE,FAILED,DC-02-Z07,DC-02-Z05,2026-09-03T22:47:00
TSK-001515-3,ORD-001515,DC-02,MOVE,RBT-0349,BLOCKED,FAILED,DC-02-Z09,DC-02-Z08,2026-09-04T00:19:00
TSK-001516-1,ORD-001516,DC-01,PICK,RBT-0464,ASSIGNED,FAILED,DC-01-Z04,DC-01-Z05,2026-09-01T17:58:00
TSK-001516-2,ORD-001516,DC-01,REPLENISH,RBT-0301,QUEUED,ASSIGNED,DC-01-Z11,DC-01-Z10,2026-09-01T17:03:00
TSK-001516-3,ORD-001516,DC-01,MOVE,RBT-0201,QUEUED,EXECUTING,DC-01-Z01,DC-01-Z08,2026-09-01T16:55:00
TSK-001517-1,ORD-001517,DC-01,PACK_FEED,RBT-0601,EXECUTING,ASSIGNED,DC-01-Z10,DC-01-Z09,2026-08-04T12:54:00
TSK-001517-2,ORD-001517,DC-01,MOVE,RBT-0621,BLOCKED,FAILED,DC-01-Z11,DC-01-Z01,2026-08-04T13:45:00
TSK-001517-3,ORD-001517,DC-01,PICK,RBT-0495,BLOCKED,ASSIGNED,DC-01-Z01,DC-01-Z12,2026-08-04T13:30:00
TSK-001517-4,ORD-001517,DC-01,STAGE,RBT-0243,ASSIGNED,ASSIGNED,DC-01-Z07,DC-01-Z03,2026-08-04T13:36:00
TSK-001518-1,ORD-001518,DC-17,MOVE,RBT-0265,ASSIGNED,QUEUED,DC-17-Z11,DC-17-Z11,2026-08-04T08:21:00
TSK-001518-2,ORD-001518,DC-17,PACK_FEED,RBT-0195,COMPLETE,ASSIGNED,DC-17-Z03,DC-17-Z09,2026-08-04T08:34:00
TSK-001519-1,ORD-001519,DC-16,REPLENISH,RBT-0569,EXECUTING,FAILED,DC-16-Z03,DC-16-Z01,2026-08-27T01:01:00
TSK-001519-2,ORD-001519,DC-16,STAGE,RBT-0336,EXECUTING,COMPLETE,DC-16-Z05,DC-16-Z01,2026-08-27T00:39:00
TSK-001519-3,ORD-001519,DC-16,PACK_FEED,RBT-0638,ASSIGNED,FAILED,DC-16-Z08,DC-16-Z10,2026-08-26T23:49:00
TSK-001520-1,ORD-001520,DC-09,PICK,RBT-0458,EXECUTING,EXECUTING,DC-09-Z09,DC-09-Z11,2026-08-20T12:35:00
TSK-001520-2,ORD-001520,DC-09,PACK_FEED,RBT-0044,ASSIGNED,EXECUTING,DC-09-Z02,DC-09-Z09,2026-08-20T12:57:00
TSK-001520-3,ORD-001520,DC-09,PACK_FEED,RBT-0097,ASSIGNED,QUEUED,DC-09-Z12,DC-09-Z02,2026-08-20T12:43:00
TSK-001520-4,ORD-001520,DC-09,PICK,RBT-0626,COMPLETE,COMPLETE,DC-09-Z03,DC-09-Z01,2026-08-20T12:44:00
TSK-001521-1,ORD-001521,DC-09,REPLENISH,RBT-0032,EXECUTING,EXECUTING,DC-09-Z12,DC-09-Z02,2026-08-27T15:42:00
TSK-001521-2,ORD-001521,DC-09,PICK,RBT-0029,QUEUED,ASSIGNED,DC-09-Z10,DC-09-Z07,2026-08-27T16:47:00
TSK-001521-3,ORD-001521,DC-09,PACK_FEED,RBT-0693,BLOCKED,FAILED,DC-09-Z12,DC-09-Z09,2026-08-27T15:27:00
TSK-001522-1,ORD-001522,DC-07,STAGE,RBT-0388,ASSIGNED,COMPLETE,DC-07-Z05,DC-07-Z12,2026-08-22T15:16:00
TSK-001522-2,ORD-001522,DC-07,STAGE,RBT-0128,COMPLETE,QUEUED,DC-07-Z08,DC-07-Z03,2026-08-22T17:01:00
TSK-001522-3,ORD-001522,DC-07,PICK,RBT-0151,ASSIGNED,EXECUTING,DC-07-Z08,DC-07-Z09,2026-08-22T16:01:00
TSK-001522-4,ORD-001522,DC-07,REPLENISH,RBT-0084,QUEUED,FAILED,DC-07-Z09,DC-07-Z01,2026-08-22T15:33:00
TSK-001523-1,ORD-001523,DC-18,STAGE,RBT-0390,COMPLETE,ASSIGNED,DC-18-Z10,DC-18-Z11,2026-08-14T15:32:00
TSK-001524-1,ORD-001524,DC-03,PACK_FEED,RBT-0273,ASSIGNED,ASSIGNED,DC-03-Z09,DC-03-Z05,2026-09-02T13:43:00
TSK-001525-1,ORD-001525,DC-13,PACK_FEED,RBT-0678,ASSIGNED,ASSIGNED,DC-13-Z07,DC-13-Z11,2026-09-02T00:38:00
TSK-001526-1,ORD-001526,DC-01,STAGE,RBT-0524,COMPLETE,FAILED,DC-01-Z11,DC-01-Z03,2026-08-29T08:39:00
TSK-001526-2,ORD-001526,DC-01,PACK_FEED,RBT-0017,ASSIGNED,EXECUTING,DC-01-Z12,DC-01-Z08,2026-08-29T08:19:00
TSK-001526-3,ORD-001526,DC-01,PACK_FEED,RBT-0580,BLOCKED,EXECUTING,DC-01-Z06,DC-01-Z12,2026-08-29T09:36:00
TSK-001527-1,ORD-001527,DC-01,PICK,RBT-0372,COMPLETE,FAILED,DC-01-Z06,DC-01-Z08,2026-09-02T21:03:00
TSK-001527-2,ORD-001527,DC-01,PACK_FEED,RBT-0370,COMPLETE,ASSIGNED,DC-01-Z10,DC-01-Z01,2026-09-02T21:54:00
TSK-001527-3,ORD-001527,DC-01,PACK_FEED,RBT-0236,COMPLETE,COMPLETE,DC-01-Z10,DC-01-Z01,2026-09-02T21:58:00
TSK-001528-1,ORD-001528,DC-09,PICK,RBT-0390,QUEUED,EXECUTING,DC-09-Z07,DC-09-Z02,2026-08-08T01:30:00
TSK-001528-2,ORD-001528,DC-09,STAGE,RBT-0596,ASSIGNED,FAILED,DC-09-Z02,DC-09-Z08,2026-08-08T01:40:00
TSK-001528-3,ORD-001528,DC-09,PICK,RBT-0020,BLOCKED,COMPLETE,DC-09-Z03,DC-09-Z04,2026-08-08T02:52:00
TSK-001529-1,ORD-001529,DC-08,PICK,RBT-0112,ASSIGNED,EXECUTING,DC-08-Z07,DC-08-Z02,2026-08-30T08:30:00
TSK-001529-2,ORD-001529,DC-08,REPLENISH,RBT-0376,BLOCKED,EXECUTING,DC-08-Z06,DC-08-Z04,2026-08-30T08:10:00
TSK-001530-1,ORD-001530,DC-01,MOVE,RBT-0602,BLOCKED,ASSIGNED,DC-01-Z08,DC-01-Z10,2026-08-09T10:21:00
TSK-001530-2,ORD-001530,DC-01,STAGE,RBT-0529,BLOCKED,QUEUED,DC-01-Z05,DC-01-Z10,2026-08-09T09:44:00
TSK-001530-3,ORD-001530,DC-01,PACK_FEED,RBT-0620,BLOCKED,ASSIGNED,DC-01-Z04,DC-01-Z11,2026-08-09T11:06:00
TSK-001530-4,ORD-001530,DC-01,PICK,RBT-0029,ASSIGNED,EXECUTING,DC-01-Z09,DC-01-Z09,2026-08-09T10:56:00
TSK-001531-1,ORD-001531,DC-08,STAGE,RBT-0396,QUEUED,EXECUTING,DC-08-Z09,DC-08-Z10,2026-08-29T23:42:00
TSK-001531-2,ORD-001531,DC-08,PACK_FEED,RBT-0260,ASSIGNED,FAILED,DC-08-Z05,DC-08-Z07,2026-08-29T23:14:00
TSK-001531-3,ORD-001531,DC-08,STAGE,RBT-0171,QUEUED,FAILED,DC-08-Z07,DC-08-Z03,2026-08-29T23:30:00
TSK-001532-1,ORD-001532,DC-12,MOVE,RBT-0225,QUEUED,EXECUTING,DC-12-Z07,DC-12-Z06,2026-09-01T23:48:00
TSK-001532-2,ORD-001532,DC-12,PICK,RBT-0658,BLOCKED,ASSIGNED,DC-12-Z03,DC-12-Z03,2026-09-01T23:40:00
TSK-001532-3,ORD-001532,DC-12,STAGE,RBT-0132,ASSIGNED,ASSIGNED,DC-12-Z12,DC-12-Z05,2026-09-02T00:25:00
TSK-001533-1,ORD-001533,DC-16,STAGE,RBT-0333,ASSIGNED,FAILED,DC-16-Z08,DC-16-Z06,2026-08-09T04:32:00
TSK-001533-2,ORD-001533,DC-16,REPLENISH,RBT-0677,EXECUTING,COMPLETE,DC-16-Z06,DC-16-Z03,2026-08-09T04:19:00
TSK-001533-3,ORD-001533,DC-16,REPLENISH,RBT-0052,EXECUTING,EXECUTING,DC-16-Z11,DC-16-Z07,2026-08-09T03:34:00
TSK-001534-1,ORD-001534,DC-10,PICK,RBT-0581,COMPLETE,EXECUTING,DC-10-Z11,DC-10-Z02,2026-08-18T17:03:00
TSK-001534-2,ORD-001534,DC-10,REPLENISH,RBT-0050,COMPLETE,FAILED,DC-10-Z08,DC-10-Z11,2026-08-18T16:56:00
TSK-001535-1,ORD-001535,DC-06,PICK,RBT-0217,EXECUTING,FAILED,DC-06-Z03,DC-06-Z06,2026-08-21T23:55:00
TSK-001536-1,ORD-001536,DC-06,MOVE,RBT-0128,QUEUED,FAILED,DC-06-Z09,DC-06-Z03,2026-08-19T23:57:00
TSK-001536-2,ORD-001536,DC-06,MOVE,RBT-0128,QUEUED,ASSIGNED,DC-06-Z02,DC-06-Z07,2026-08-19T23:18:00
TSK-001537-1,ORD-001537,DC-17,PICK,RBT-0190,BLOCKED,COMPLETE,DC-17-Z01,DC-17-Z01,2026-09-03T10:43:00
TSK-001537-2,ORD-001537,DC-17,MOVE,RBT-0130,ASSIGNED,ASSIGNED,DC-17-Z10,DC-17-Z02,2026-09-03T10:15:00
TSK-001538-1,ORD-001538,DC-01,PICK,RBT-0103,COMPLETE,QUEUED,DC-01-Z09,DC-01-Z05,2026-08-21T06:34:00
TSK-001539-1,ORD-001539,DC-02,REPLENISH,RBT-0577,ASSIGNED,QUEUED,DC-02-Z01,DC-02-Z07,2026-09-04T13:19:00
TSK-001540-1,ORD-001540,DC-13,MOVE,RBT-0608,ASSIGNED,QUEUED,DC-13-Z09,DC-13-Z07,2026-08-23T23:23:00
TSK-001541-1,ORD-001541,DC-10,PICK,RBT-0489,COMPLETE,EXECUTING,DC-10-Z01,DC-10-Z05,2026-08-14T16:24:00
TSK-001542-1,ORD-001542,DC-16,PICK,RBT-0251,QUEUED,ASSIGNED,DC-16-Z12,DC-16-Z07,2026-09-02T16:27:00
TSK-001542-2,ORD-001542,DC-16,STAGE,RBT-0249,QUEUED,FAILED,DC-16-Z12,DC-16-Z10,2026-09-02T15:16:00
TSK-001542-3,ORD-001542,DC-16,PACK_FEED,RBT-0364,BLOCKED,COMPLETE,DC-16-Z02,DC-16-Z12,2026-09-02T15:39:00
TSK-001542-4,ORD-001542,DC-16,STAGE,RBT-0304,ASSIGNED,ASSIGNED,DC-16-Z08,DC-16-Z04,2026-09-02T15:31:00
TSK-001543-1,ORD-001543,DC-14,REPLENISH,RBT-0092,EXECUTING,EXECUTING,DC-14-Z05,DC-14-Z08,2026-09-03T13:44:00
TSK-001543-2,ORD-001543,DC-14,MOVE,RBT-0387,EXECUTING,COMPLETE,DC-14-Z09,DC-14-Z04,2026-09-03T14:38:00
TSK-001544-1,ORD-001544,DC-01,STAGE,RBT-0189,BLOCKED,ASSIGNED,DC-01-Z07,DC-01-Z05,2026-08-12T20:33:00
TSK-001544-2,ORD-001544,DC-01,PICK,RBT-0426,EXECUTING,EXECUTING,DC-01-Z02,DC-01-Z11,2026-08-12T21:38:00
TSK-001544-3,ORD-001544,DC-01,PICK,RBT-0632,ASSIGNED,FAILED,DC-01-Z04,DC-01-Z06,2026-08-12T20:59:00
TSK-001544-4,ORD-001544,DC-01,STAGE,RBT-0521,COMPLETE,EXECUTING,DC-01-Z07,DC-01-Z06,2026-08-12T21:43:00
TSK-001545-1,ORD-001545,DC-09,MOVE,RBT-0445,COMPLETE,COMPLETE,DC-09-Z10,DC-09-Z12,2026-09-01T23:48:00
TSK-001546-1,ORD-001546,DC-12,PACK_FEED,RBT-0321,QUEUED,COMPLETE,DC-12-Z02,DC-12-Z01,2026-08-11T18:31:00
TSK-001546-2,ORD-001546,DC-12,STAGE,RBT-0595,EXECUTING,COMPLETE,DC-12-Z03,DC-12-Z07,2026-08-11T18:39:00
TSK-001546-3,ORD-001546,DC-12,PACK_FEED,RBT-0494,BLOCKED,COMPLETE,DC-12-Z02,DC-12-Z10,2026-08-11T19:00:00
TSK-001547-1,ORD-001547,DC-01,PACK_FEED,RBT-0113,ASSIGNED,EXECUTING,DC-01-Z07,DC-01-Z12,2026-08-22T01:55:00
TSK-001547-2,ORD-001547,DC-01,MOVE,RBT-0095,QUEUED,COMPLETE,DC-01-Z11,DC-01-Z08,2026-08-22T03:07:00
TSK-001547-3,ORD-001547,DC-01,PICK,RBT-0358,QUEUED,COMPLETE,DC-01-Z10,DC-01-Z03,2026-08-22T01:34:00
TSK-001548-1,ORD-001548,DC-03,MOVE,RBT-0240,QUEUED,QUEUED,DC-03-Z08,DC-03-Z11,2026-08-15T16:08:00
TSK-001548-2,ORD-001548,DC-03,PICK,RBT-0655,BLOCKED,EXECUTING,DC-03-Z06,DC-03-Z11,2026-08-15T16:59:00
TSK-001549-1,ORD-001549,DC-16,MOVE,RBT-0377,COMPLETE,ASSIGNED,DC-16-Z01,DC-16-Z04,2026-08-20T22:22:00
TSK-001549-2,ORD-001549,DC-16,REPLENISH,RBT-0205,ASSIGNED,EXECUTING,DC-16-Z03,DC-16-Z09,2026-08-20T22:26:00
TSK-001549-3,ORD-001549,DC-16,PACK_FEED,RBT-0400,COMPLETE,FAILED,DC-16-Z09,DC-16-Z07,2026-08-20T22:25:00
TSK-001550-1,ORD-001550,DC-09,PACK_FEED,RBT-0478,BLOCKED,QUEUED,DC-09-Z01,DC-09-Z12,2026-08-12T23:42:00
TSK-001551-1,ORD-001551,DC-08,REPLENISH,RBT-0630,COMPLETE,FAILED,DC-08-Z10,DC-08-Z10,2026-08-14T00:42:00
TSK-001551-2,ORD-001551,DC-08,MOVE,RBT-0550,QUEUED,FAILED,DC-08-Z06,DC-08-Z01,2026-08-14T00:27:00
TSK-001551-3,ORD-001551,DC-08,REPLENISH,RBT-0091,BLOCKED,ASSIGNED,DC-08-Z01,DC-08-Z02,2026-08-13T23:08:00
TSK-001551-4,ORD-001551,DC-08,PACK_FEED,RBT-0696,COMPLETE,QUEUED,DC-08-Z01,DC-08-Z05,2026-08-13T23:18:00
TSK-001552-1,ORD-001552,DC-06,MOVE,RBT-0004,BLOCKED,FAILED,DC-06-Z09,DC-06-Z07,2026-08-19T01:10:00
TSK-001552-2,ORD-001552,DC-06,PACK_FEED,RBT-0452,EXECUTING,COMPLETE,DC-06-Z10,DC-06-Z02,2026-08-19T00:10:00
TSK-001552-3,ORD-001552,DC-06,REPLENISH,RBT-0164,EXECUTING,COMPLETE,DC-06-Z12,DC-06-Z09,2026-08-18T23:58:00
TSK-001553-1,ORD-001553,DC-07,MOVE,RBT-0543,EXECUTING,FAILED,DC-07-Z02,DC-07-Z04,2026-08-14T04:56:00
TSK-001553-2,ORD-001553,DC-07,MOVE,RBT-0398,COMPLETE,QUEUED,DC-07-Z02,DC-07-Z11,2026-08-14T05:08:00
TSK-001553-3,ORD-001553,DC-07,PICK,RBT-0447,EXECUTING,QUEUED,DC-07-Z03,DC-07-Z03,2026-08-14T04:21:00
TSK-001553-4,ORD-001553,DC-07,MOVE,RBT-0036,ASSIGNED,EXECUTING,DC-07-Z11,DC-07-Z08,2026-08-14T04:27:00
TSK-001554-1,ORD-001554,DC-08,STAGE,RBT-0366,EXECUTING,COMPLETE,DC-08-Z04,DC-08-Z04,2026-08-24T21:47:00
TSK-001554-2,ORD-001554,DC-08,PICK,RBT-0154,QUEUED,EXECUTING,DC-08-Z04,DC-08-Z10,2026-08-24T20:00:00
TSK-001554-3,ORD-001554,DC-08,STAGE,RBT-0221,BLOCKED,COMPLETE,DC-08-Z02,DC-08-Z07,2026-08-24T20:07:00
TSK-001554-4,ORD-001554,DC-08,PICK,RBT-0188,COMPLETE,COMPLETE,DC-08-Z08,DC-08-Z10,2026-08-24T20:12:00
TSK-001555-1,ORD-001555,DC-05,REPLENISH,RBT-0101,QUEUED,EXECUTING,DC-05-Z10,DC-05-Z08,2026-08-13T09:04:00
TSK-001555-2,ORD-001555,DC-05,PACK_FEED,RBT-0712,EXECUTING,FAILED,DC-05-Z04,DC-05-Z10,2026-08-13T08:14:00
TSK-001555-3,ORD-001555,DC-05,REPLENISH,RBT-0328,BLOCKED,FAILED,DC-05-Z04,DC-05-Z01,2026-08-13T07:43:00
TSK-001556-1,ORD-001556,DC-14,STAGE,RBT-0504,QUEUED,QUEUED,DC-14-Z09,DC-14-Z09,2026-08-10T06:20:00
TSK-001556-2,ORD-001556,DC-14,PICK,RBT-0320,COMPLETE,COMPLETE,DC-14-Z06,DC-14-Z06,2026-08-10T05:31:00
TSK-001556-3,ORD-001556,DC-14,REPLENISH,RBT-0589,COMPLETE,FAILED,DC-14-Z02,DC-14-Z07,2026-08-10T06:24:00
TSK-001556-4,ORD-001556,DC-14,PACK_FEED,RBT-0103,ASSIGNED,FAILED,DC-14-Z10,DC-14-Z07,2026-08-10T05:12:00
TSK-001557-1,ORD-001557,DC-04,REPLENISH,RBT-0620,ASSIGNED,ASSIGNED,DC-04-Z09,DC-04-Z09,2026-08-23T13:33:00
TSK-001557-2,ORD-001557,DC-04,STAGE,RBT-0666,EXECUTING,QUEUED,DC-04-Z06,DC-04-Z01,2026-08-23T13:16:00
TSK-001558-1,ORD-001558,DC-16,STAGE,RBT-0489,EXECUTING,QUEUED,DC-16-Z03,DC-16-Z03,2026-09-01T18:40:00
TSK-001558-2,ORD-001558,DC-16,REPLENISH,RBT-0137,COMPLETE,FAILED,DC-16-Z04,DC-16-Z01,2026-09-01T18:19:00
TSK-001559-1,ORD-001559,DC-14,PICK,RBT-0675,EXECUTING,QUEUED,DC-14-Z09,DC-14-Z01,2026-08-22T18:23:00
TSK-001559-2,ORD-001559,DC-14,REPLENISH,RBT-0240,EXECUTING,ASSIGNED,DC-14-Z06,DC-14-Z01,2026-08-22T19:17:00
TSK-001559-3,ORD-001559,DC-14,MOVE,RBT-0234,EXECUTING,COMPLETE,DC-14-Z05,DC-14-Z10,2026-08-22T19:20:00
TSK-001559-4,ORD-001559,DC-14,STAGE,RBT-0483,COMPLETE,COMPLETE,DC-14-Z04,DC-14-Z05,2026-08-22T18:57:00
TSK-001560-1,ORD-001560,DC-18,REPLENISH,RBT-0038,EXECUTING,COMPLETE,DC-18-Z07,DC-18-Z07,2026-09-02T11:45:00
TSK-001560-2,ORD-001560,DC-18,PACK_FEED,RBT-0479,COMPLETE,ASSIGNED,DC-18-Z04,DC-18-Z06,2026-09-02T12:19:00
TSK-001561-1,ORD-001561,DC-03,STAGE,RBT-0299,BLOCKED,QUEUED,DC-03-Z05,DC-03-Z07,2026-08-04T06:05:00
TSK-001561-2,ORD-001561,DC-03,REPLENISH,RBT-0678,COMPLETE,COMPLETE,DC-03-Z03,DC-03-Z12,2026-08-04T05:59:00
TSK-001561-3,ORD-001561,DC-03,MOVE,RBT-0556,EXECUTING,EXECUTING,DC-03-Z11,DC-03-Z10,2026-08-04T06:06:00
TSK-001562-1,ORD-001562,DC-08,STAGE,RBT-0639,QUEUED,FAILED,DC-08-Z05,DC-08-Z09,2026-09-02T16:37:00
TSK-001563-1,ORD-001563,DC-08,PACK_FEED,RBT-0137,QUEUED,EXECUTING,DC-08-Z04,DC-08-Z08,2026-08-23T07:55:00
TSK-001563-2,ORD-001563,DC-08,STAGE,RBT-0292,COMPLETE,EXECUTING,DC-08-Z04,DC-08-Z08,2026-08-23T09:20:00
TSK-001563-3,ORD-001563,DC-08,STAGE,RBT-0224,QUEUED,QUEUED,DC-08-Z04,DC-08-Z07,2026-08-23T08:42:00
TSK-001564-1,ORD-001564,DC-05,MOVE,RBT-0631,COMPLETE,FAILED,DC-05-Z07,DC-05-Z11,2026-08-04T11:27:00
TSK-001564-2,ORD-001564,DC-05,REPLENISH,RBT-0141,ASSIGNED,ASSIGNED,DC-05-Z07,DC-05-Z10,2026-08-04T11:40:00
TSK-001565-1,ORD-001565,DC-18,STAGE,RBT-0606,ASSIGNED,FAILED,DC-18-Z03,DC-18-Z08,2026-08-14T20:26:00
TSK-001565-2,ORD-001565,DC-18,STAGE,RBT-0560,EXECUTING,EXECUTING,DC-18-Z10,DC-18-Z08,2026-08-14T20:12:00
TSK-001565-3,ORD-001565,DC-18,STAGE,RBT-0477,QUEUED,COMPLETE,DC-18-Z12,DC-18-Z01,2026-08-14T21:49:00
TSK-001565-4,ORD-001565,DC-18,PICK,RBT-0677,EXECUTING,QUEUED,DC-18-Z02,DC-18-Z12,2026-08-14T20:32:00
TSK-001566-1,ORD-001566,DC-01,STAGE,RBT-0204,ASSIGNED,FAILED,DC-01-Z09,DC-01-Z08,2026-08-04T04:25:00
TSK-001566-2,ORD-001566,DC-01,MOVE,RBT-0585,ASSIGNED,COMPLETE,DC-01-Z09,DC-01-Z10,2026-08-04T03:44:00
TSK-001567-1,ORD-001567,DC-08,PACK_FEED,RBT-0471,ASSIGNED,EXECUTING,DC-08-Z07,DC-08-Z08,2026-08-17T20:20:00
TSK-001567-2,ORD-001567,DC-08,REPLENISH,RBT-0124,EXECUTING,QUEUED,DC-08-Z06,DC-08-Z09,2026-08-17T21:39:00
TSK-001568-1,ORD-001568,DC-09,MOVE,RBT-0647,QUEUED,EXECUTING,DC-09-Z07,DC-09-Z05,2026-08-16T19:32:00
TSK-001568-2,ORD-001568,DC-09,STAGE,RBT-0052,QUEUED,COMPLETE,DC-09-Z02,DC-09-Z04,2026-08-16T18:26:00
TSK-001569-1,ORD-001569,DC-15,STAGE,RBT-0348,BLOCKED,COMPLETE,DC-15-Z12,DC-15-Z06,2026-08-27T17:14:00
TSK-001569-2,ORD-001569,DC-15,REPLENISH,RBT-0265,QUEUED,COMPLETE,DC-15-Z10,DC-15-Z07,2026-08-27T17:45:00
TSK-001569-3,ORD-001569,DC-15,PACK_FEED,RBT-0300,ASSIGNED,EXECUTING,DC-15-Z03,DC-15-Z12,2026-08-27T16:47:00
TSK-001569-4,ORD-001569,DC-15,PICK,RBT-0458,BLOCKED,QUEUED,DC-15-Z09,DC-15-Z06,2026-08-27T17:05:00
TSK-001570-1,ORD-001570,DC-17,REPLENISH,RBT-0343,ASSIGNED,FAILED,DC-17-Z01,DC-17-Z02,2026-09-04T01:50:00
TSK-001571-1,ORD-001571,DC-02,REPLENISH,RBT-0088,BLOCKED,QUEUED,DC-02-Z02,DC-02-Z01,2026-08-28T21:46:00
TSK-001572-1,ORD-001572,DC-17,PACK_FEED,RBT-0131,COMPLETE,FAILED,DC-17-Z04,DC-17-Z11,2026-08-22T08:21:00
TSK-001572-2,ORD-001572,DC-17,PICK,RBT-0469,QUEUED,QUEUED,DC-17-Z11,DC-17-Z03,2026-08-22T07:36:00
TSK-001573-1,ORD-001573,DC-08,MOVE,RBT-0011,QUEUED,FAILED,DC-08-Z08,DC-08-Z04,2026-08-25T12:45:00
TSK-001573-2,ORD-001573,DC-08,STAGE,RBT-0075,COMPLETE,COMPLETE,DC-08-Z02,DC-08-Z08,2026-08-25T12:26:00
TSK-001574-1,ORD-001574,DC-16,PACK_FEED,RBT-0146,BLOCKED,EXECUTING,DC-16-Z04,DC-16-Z02,2026-08-27T08:20:00
TSK-001574-2,ORD-001574,DC-16,STAGE,RBT-0573,COMPLETE,FAILED,DC-16-Z09,DC-16-Z03,2026-08-27T09:50:00
TSK-001574-3,ORD-001574,DC-16,PACK_FEED,RBT-0439,QUEUED,QUEUED,DC-16-Z04,DC-16-Z12,2026-08-27T09:51:00
TSK-001574-4,ORD-001574,DC-16,STAGE,RBT-0484,QUEUED,ASSIGNED,DC-16-Z10,DC-16-Z06,2026-08-27T09:33:00
TSK-001575-1,ORD-001575,DC-11,PACK_FEED,RBT-0151,QUEUED,EXECUTING,DC-11-Z10,DC-11-Z04,2026-08-27T18:43:00
TSK-001575-2,ORD-001575,DC-11,MOVE,RBT-0220,EXECUTING,ASSIGNED,DC-11-Z12,DC-11-Z06,2026-08-27T18:52:00
TSK-001575-3,ORD-001575,DC-11,PICK,RBT-0226,QUEUED,ASSIGNED,DC-11-Z04,DC-11-Z01,2026-08-27T19:19:00
TSK-001575-4,ORD-001575,DC-11,STAGE,RBT-0254,EXECUTING,FAILED,DC-11-Z02,DC-11-Z12,2026-08-27T18:36:00
TSK-001576-1,ORD-001576,DC-10,PICK,RBT-0001,ASSIGNED,COMPLETE,DC-10-Z07,DC-10-Z02,2026-09-04T03:51:00
TSK-001577-1,ORD-001577,DC-10,STAGE,RBT-0116,BLOCKED,FAILED,DC-10-Z01,DC-10-Z01,2026-08-28T18:50:00
TSK-001577-2,ORD-001577,DC-10,PICK,RBT-0308,ASSIGNED,ASSIGNED,DC-10-Z09,DC-10-Z03,2026-08-28T19:02:00
TSK-001577-3,ORD-001577,DC-10,MOVE,RBT-0556,ASSIGNED,QUEUED,DC-10-Z12,DC-10-Z03,2026-08-28T19:20:00
TSK-001577-4,ORD-001577,DC-10,PICK,RBT-0444,EXECUTING,COMPLETE,DC-10-Z03,DC-10-Z06,2026-08-28T20:12:00
TSK-001578-1,ORD-001578,DC-01,REPLENISH,RBT-0053,EXECUTING,ASSIGNED,DC-01-Z11,DC-01-Z11,2026-08-11T09:26:00
TSK-001578-2,ORD-001578,DC-01,PACK_FEED,RBT-0142,BLOCKED,EXECUTING,DC-01-Z01,DC-01-Z03,2026-08-11T08:41:00
TSK-001578-3,ORD-001578,DC-01,MOVE,RBT-0357,QUEUED,COMPLETE,DC-01-Z09,DC-01-Z11,2026-08-11T09:14:00
TSK-001579-1,ORD-001579,DC-04,PACK_FEED,RBT-0520,COMPLETE,QUEUED,DC-04-Z11,DC-04-Z11,2026-08-07T12:38:00
TSK-001579-2,ORD-001579,DC-04,MOVE,RBT-0437,EXECUTING,ASSIGNED,DC-04-Z08,DC-04-Z09,2026-08-07T13:07:00
TSK-001579-3,ORD-001579,DC-04,REPLENISH,RBT-0303,BLOCKED,EXECUTING,DC-04-Z10,DC-04-Z02,2026-08-07T13:40:00
TSK-001579-4,ORD-001579,DC-04,STAGE,RBT-0663,ASSIGNED,EXECUTING,DC-04-Z02,DC-04-Z11,2026-08-07T13:03:00
TSK-001580-1,ORD-001580,DC-13,REPLENISH,RBT-0160,EXECUTING,QUEUED,DC-13-Z06,DC-13-Z06,2026-08-25T19:09:00
TSK-001580-2,ORD-001580,DC-13,PACK_FEED,RBT-0295,BLOCKED,EXECUTING,DC-13-Z10,DC-13-Z12,2026-08-25T19:18:00
TSK-001580-3,ORD-001580,DC-13,PACK_FEED,RBT-0615,ASSIGNED,EXECUTING,DC-13-Z08,DC-13-Z08,2026-08-25T18:08:00
TSK-001581-1,ORD-001581,DC-16,PICK,RBT-0711,COMPLETE,EXECUTING,DC-16-Z11,DC-16-Z05,2026-08-15T10:25:00
TSK-001581-2,ORD-001581,DC-16,PICK,RBT-0105,QUEUED,FAILED,DC-16-Z09,DC-16-Z02,2026-08-15T10:37:00
TSK-001582-1,ORD-001582,DC-04,REPLENISH,RBT-0128,EXECUTING,EXECUTING,DC-04-Z04,DC-04-Z12,2026-08-27T06:45:00
TSK-001582-2,ORD-001582,DC-04,MOVE,RBT-0652,COMPLETE,QUEUED,DC-04-Z12,DC-04-Z10,2026-08-27T05:14:00
TSK-001582-3,ORD-001582,DC-04,MOVE,RBT-0488,QUEUED,FAILED,DC-04-Z12,DC-04-Z02,2026-08-27T04:51:00
TSK-001583-1,ORD-001583,DC-02,PICK,RBT-0698,EXECUTING,COMPLETE,DC-02-Z03,DC-02-Z11,2026-08-23T05:23:00
TSK-001583-2,ORD-001583,DC-02,PACK_FEED,RBT-0510,COMPLETE,EXECUTING,DC-02-Z11,DC-02-Z08,2026-08-23T05:10:00
TSK-001583-3,ORD-001583,DC-02,PICK,RBT-0270,ASSIGNED,EXECUTING,DC-02-Z08,DC-02-Z12,2026-08-23T04:01:00
TSK-001583-4,ORD-001583,DC-02,MOVE,RBT-0056,BLOCKED,ASSIGNED,DC-02-Z12,DC-02-Z04,2026-08-23T04:57:00
TSK-001584-1,ORD-001584,DC-08,STAGE,RBT-0303,ASSIGNED,EXECUTING,DC-08-Z09,DC-08-Z11,2026-08-20T01:49:00
TSK-001584-2,ORD-001584,DC-08,STAGE,RBT-0062,QUEUED,EXECUTING,DC-08-Z03,DC-08-Z04,2026-08-20T01:14:00
TSK-001584-3,ORD-001584,DC-08,PICK,RBT-0403,QUEUED,COMPLETE,DC-08-Z07,DC-08-Z07,2026-08-20T02:09:00
TSK-001584-4,ORD-001584,DC-08,MOVE,RBT-0639,ASSIGNED,COMPLETE,DC-08-Z09,DC-08-Z06,2026-08-20T02:28:00
TSK-001585-1,ORD-001585,DC-09,PACK_FEED,RBT-0591,QUEUED,EXECUTING,DC-09-Z04,DC-09-Z08,2026-08-01T15:12:00
TSK-001585-2,ORD-001585,DC-09,REPLENISH,RBT-0258,EXECUTING,ASSIGNED,DC-09-Z07,DC-09-Z06,2026-08-01T14:12:00
TSK-001586-1,ORD-001586,DC-06,STAGE,RBT-0372,COMPLETE,FAILED,DC-06-Z01,DC-06-Z03,2026-08-09T08:23:00
TSK-001586-2,ORD-001586,DC-06,STAGE,RBT-0120,EXECUTING,FAILED,DC-06-Z11,DC-06-Z02,2026-08-09T08:02:00
TSK-001586-3,ORD-001586,DC-06,STAGE,RBT-0543,EXECUTING,QUEUED,DC-06-Z02,DC-06-Z09,2026-08-09T06:35:00
TSK-001587-1,ORD-001587,DC-01,STAGE,RBT-0043,QUEUED,COMPLETE,DC-01-Z06,DC-01-Z03,2026-08-05T12:16:00
TSK-001587-2,ORD-001587,DC-01,STAGE,RBT-0096,COMPLETE,FAILED,DC-01-Z12,DC-01-Z08,2026-08-05T12:57:00
TSK-001588-1,ORD-001588,DC-04,STAGE,RBT-0495,COMPLETE,QUEUED,DC-04-Z05,DC-04-Z03,2026-08-29T21:15:00
TSK-001588-2,ORD-001588,DC-04,REPLENISH,RBT-0063,EXECUTING,ASSIGNED,DC-04-Z01,DC-04-Z10,2026-08-29T20:46:00
TSK-001589-1,ORD-001589,DC-09,REPLENISH,RBT-0506,COMPLETE,FAILED,DC-09-Z01,DC-09-Z05,2026-08-20T12:27:00
TSK-001590-1,ORD-001590,DC-15,PICK,RBT-0629,ASSIGNED,FAILED,DC-15-Z04,DC-15-Z10,2026-08-02T18:24:00
TSK-001590-2,ORD-001590,DC-15,STAGE,RBT-0401,EXECUTING,EXECUTING,DC-15-Z06,DC-15-Z08,2026-08-02T17:39:00
TSK-001590-3,ORD-001590,DC-15,REPLENISH,RBT-0036,ASSIGNED,EXECUTING,DC-15-Z06,DC-15-Z03,2026-08-02T18:36:00
TSK-001591-1,ORD-001591,DC-18,MOVE,RBT-0099,EXECUTING,ASSIGNED,DC-18-Z08,DC-18-Z02,2026-08-19T09:44:00
TSK-001592-1,ORD-001592,DC-03,MOVE,RBT-0462,EXECUTING,COMPLETE,DC-03-Z01,DC-03-Z10,2026-08-22T05:05:00
TSK-001592-2,ORD-001592,DC-03,MOVE,RBT-0269,QUEUED,QUEUED,DC-03-Z06,DC-03-Z12,2026-08-22T05:20:00
TSK-001593-1,ORD-001593,DC-16,STAGE,RBT-0633,COMPLETE,FAILED,DC-16-Z03,DC-16-Z09,2026-08-24T21:59:00
TSK-001593-2,ORD-001593,DC-16,PICK,RBT-0573,BLOCKED,FAILED,DC-16-Z07,DC-16-Z09,2026-08-24T21:44:00
TSK-001593-3,ORD-001593,DC-16,PICK,RBT-0070,BLOCKED,EXECUTING,DC-16-Z09,DC-16-Z10,2026-08-24T20:42:00
TSK-001594-1,ORD-001594,DC-12,REPLENISH,RBT-0117,COMPLETE,COMPLETE,DC-12-Z12,DC-12-Z01,2026-08-21T21:23:00
TSK-001594-2,ORD-001594,DC-12,MOVE,RBT-0403,EXECUTING,COMPLETE,DC-12-Z03,DC-12-Z11,2026-08-21T20:56:00
TSK-001595-1,ORD-001595,DC-02,PACK_FEED,RBT-0224,COMPLETE,FAILED,DC-02-Z12,DC-02-Z05,2026-08-11T07:53:00
TSK-001595-2,ORD-001595,DC-02,PACK_FEED,RBT-0563,QUEUED,ASSIGNED,DC-02-Z09,DC-02-Z08,2026-08-11T08:52:00
TSK-001596-1,ORD-001596,DC-18,PICK,RBT-0015,BLOCKED,QUEUED,DC-18-Z05,DC-18-Z04,2026-08-07T09:35:00
TSK-001596-2,ORD-001596,DC-18,PACK_FEED,RBT-0545,QUEUED,EXECUTING,DC-18-Z10,DC-18-Z06,2026-08-07T10:01:00
TSK-001596-3,ORD-001596,DC-18,MOVE,RBT-0367,ASSIGNED,QUEUED,DC-18-Z06,DC-18-Z06,2026-08-07T10:16:00
TSK-001597-1,ORD-001597,DC-08,PACK_FEED,RBT-0190,COMPLETE,ASSIGNED,DC-08-Z08,DC-08-Z03,2026-09-03T21:47:00
TSK-001597-2,ORD-001597,DC-08,MOVE,RBT-0121,EXECUTING,FAILED,DC-08-Z08,DC-08-Z08,2026-09-03T22:11:00
TSK-001598-1,ORD-001598,DC-05,PACK_FEED,RBT-0470,QUEUED,COMPLETE,DC-05-Z08,DC-05-Z01,2026-08-17T17:39:00
TSK-001599-1,ORD-001599,DC-03,REPLENISH,RBT-0076,COMPLETE,ASSIGNED,DC-03-Z01,DC-03-Z02,2026-08-18T17:52:00
TSK-001599-2,ORD-001599,DC-03,STAGE,RBT-0561,QUEUED,EXECUTING,DC-03-Z10,DC-03-Z11,2026-08-18T18:09:00
TSK-001599-3,ORD-001599,DC-03,STAGE,RBT-0065,QUEUED,COMPLETE,DC-03-Z10,DC-03-Z09,2026-08-18T17:26:00
TSK-001599-4,ORD-001599,DC-03,PICK,RBT-0188,COMPLETE,EXECUTING,DC-03-Z12,DC-03-Z04,2026-08-18T18:46:00
TSK-001600-1,ORD-001600,DC-18,MOVE,RBT-0114,QUEUED,FAILED,DC-18-Z07,DC-18-Z04,2026-08-26T23:29:00
TSK-001600-2,ORD-001600,DC-18,PICK,RBT-0629,QUEUED,EXECUTING,DC-18-Z03,DC-18-Z03,2026-08-26T23:35:00
TSK-001601-1,ORD-001601,DC-09,PACK_FEED,RBT-0088,COMPLETE,ASSIGNED,DC-09-Z10,DC-09-Z10,2026-08-27T06:16:00
TSK-001601-2,ORD-001601,DC-09,MOVE,RBT-0707,COMPLETE,EXECUTING,DC-09-Z08,DC-09-Z08,2026-08-27T06:14:00
TSK-001601-3,ORD-001601,DC-09,STAGE,RBT-0273,ASSIGNED,FAILED,DC-09-Z01,DC-09-Z06,2026-08-27T05:10:00
TSK-001602-1,ORD-001602,DC-05,MOVE,RBT-0215,EXECUTING,COMPLETE,DC-05-Z03,DC-05-Z03,2026-08-13T06:53:00
TSK-001602-2,ORD-001602,DC-05,PICK,RBT-0197,EXECUTING,COMPLETE,DC-05-Z06,DC-05-Z07,2026-08-13T06:37:00
TSK-001602-3,ORD-001602,DC-05,PICK,RBT-0052,COMPLETE,EXECUTING,DC-05-Z10,DC-05-Z08,2026-08-13T06:35:00
TSK-001602-4,ORD-001602,DC-05,STAGE,RBT-0455,ASSIGNED,QUEUED,DC-05-Z01,DC-05-Z01,2026-08-13T07:28:00
TSK-001603-1,ORD-001603,DC-13,PACK_FEED,RBT-0440,COMPLETE,COMPLETE,DC-13-Z07,DC-13-Z06,2026-08-10T16:57:00
TSK-001604-1,ORD-001604,DC-09,MOVE,RBT-0466,QUEUED,QUEUED,DC-09-Z08,DC-09-Z10,2026-08-21T18:56:00
TSK-001604-2,ORD-001604,DC-09,PACK_FEED,RBT-0328,BLOCKED,COMPLETE,DC-09-Z01,DC-09-Z01,2026-08-21T18:36:00
TSK-001605-1,ORD-001605,DC-07,REPLENISH,RBT-0015,COMPLETE,FAILED,DC-07-Z03,DC-07-Z12,2026-08-26T04:46:00
TSK-001605-2,ORD-001605,DC-07,STAGE,RBT-0637,ASSIGNED,QUEUED,DC-07-Z03,DC-07-Z12,2026-08-26T04:47:00
TSK-001605-3,ORD-001605,DC-07,STAGE,RBT-0068,BLOCKED,QUEUED,DC-07-Z01,DC-07-Z11,2026-08-26T04:24:00
TSK-001605-4,ORD-001605,DC-07,PACK_FEED,RBT-0658,EXECUTING,COMPLETE,DC-07-Z11,DC-07-Z10,2026-08-26T04:38:00
TSK-001606-1,ORD-001606,DC-01,STAGE,RBT-0150,EXECUTING,FAILED,DC-01-Z09,DC-01-Z02,2026-08-30T00:46:00
TSK-001606-2,ORD-001606,DC-01,PACK_FEED,RBT-0661,ASSIGNED,QUEUED,DC-01-Z07,DC-01-Z08,2026-08-30T01:42:00
TSK-001606-3,ORD-001606,DC-01,PICK,RBT-0079,ASSIGNED,EXECUTING,DC-01-Z12,DC-01-Z09,2026-08-30T02:01:00
TSK-001606-4,ORD-001606,DC-01,STAGE,RBT-0457,COMPLETE,ASSIGNED,DC-01-Z03,DC-01-Z02,2026-08-30T00:48:00
TSK-001607-1,ORD-001607,DC-04,STAGE,RBT-0657,QUEUED,COMPLETE,DC-04-Z08,DC-04-Z12,2026-08-08T05:02:00
TSK-001608-1,ORD-001608,DC-10,REPLENISH,RBT-0525,COMPLETE,COMPLETE,DC-10-Z09,DC-10-Z11,2026-08-19T16:19:00
TSK-001609-1,ORD-001609,DC-10,PICK,RBT-0285,QUEUED,ASSIGNED,DC-10-Z05,DC-10-Z12,2026-08-07T10:40:00
TSK-001610-1,ORD-001610,DC-08,STAGE,RBT-0643,EXECUTING,FAILED,DC-08-Z07,DC-08-Z02,2026-08-28T05:57:00
TSK-001611-1,ORD-001611,DC-11,PACK_FEED,RBT-0152,BLOCKED,EXECUTING,DC-11-Z06,DC-11-Z05,2026-08-11T16:46:00
TSK-001611-2,ORD-001611,DC-11,PACK_FEED,RBT-0477,QUEUED,FAILED,DC-11-Z08,DC-11-Z12,2026-08-11T17:01:00
TSK-001611-3,ORD-001611,DC-11,REPLENISH,RBT-0339,ASSIGNED,ASSIGNED,DC-11-Z02,DC-11-Z07,2026-08-11T18:33:00
TSK-001612-1,ORD-001612,DC-08,PACK_FEED,RBT-0442,EXECUTING,COMPLETE,DC-08-Z11,DC-08-Z06,2026-08-10T09:06:00
TSK-001612-2,ORD-001612,DC-08,MOVE,RBT-0221,EXECUTING,EXECUTING,DC-08-Z01,DC-08-Z09,2026-08-10T08:05:00
TSK-001613-1,ORD-001613,DC-09,MOVE,RBT-0431,QUEUED,COMPLETE,DC-09-Z02,DC-09-Z05,2026-09-01T21:43:00
TSK-001613-2,ORD-001613,DC-09,MOVE,RBT-0662,ASSIGNED,QUEUED,DC-09-Z09,DC-09-Z12,2026-09-01T22:36:00
TSK-001613-3,ORD-001613,DC-09,REPLENISH,RBT-0597,ASSIGNED,ASSIGNED,DC-09-Z02,DC-09-Z02,2026-09-01T21:58:00
TSK-001614-1,ORD-001614,DC-09,MOVE,RBT-0672,COMPLETE,FAILED,DC-09-Z07,DC-09-Z12,2026-08-30T03:53:00
TSK-001614-2,ORD-001614,DC-09,MOVE,RBT-0141,COMPLETE,EXECUTING,DC-09-Z06,DC-09-Z04,2026-08-30T03:46:00
TSK-001614-3,ORD-001614,DC-09,PACK_FEED,RBT-0174,EXECUTING,FAILED,DC-09-Z01,DC-09-Z10,2026-08-30T04:36:00
TSK-001614-4,ORD-001614,DC-09,PICK,RBT-0500,ASSIGNED,QUEUED,DC-09-Z08,DC-09-Z02,2026-08-30T03:12:00
TSK-001615-1,ORD-001615,DC-05,PICK,RBT-0232,EXECUTING,ASSIGNED,DC-05-Z11,DC-05-Z01,2026-08-22T02:27:00
TSK-001615-2,ORD-001615,DC-05,PICK,RBT-0468,COMPLETE,FAILED,DC-05-Z09,DC-05-Z11,2026-08-22T03:00:00
TSK-001615-3,ORD-001615,DC-05,MOVE,RBT-0466,ASSIGNED,QUEUED,DC-05-Z01,DC-05-Z12,2026-08-22T03:48:00
TSK-001616-1,ORD-001616,DC-17,MOVE,RBT-0558,ASSIGNED,QUEUED,DC-17-Z01,DC-17-Z01,2026-09-03T19:48:00
TSK-001616-2,ORD-001616,DC-17,MOVE,RBT-0570,BLOCKED,COMPLETE,DC-17-Z03,DC-17-Z09,2026-09-03T19:46:00
TSK-001616-3,ORD-001616,DC-17,PICK,RBT-0143,QUEUED,QUEUED,DC-17-Z03,DC-17-Z05,2026-09-03T19:42:00
TSK-001617-1,ORD-001617,DC-11,PACK_FEED,RBT-0117,ASSIGNED,COMPLETE,DC-11-Z01,DC-11-Z06,2026-08-30T05:31:00
TSK-001617-2,ORD-001617,DC-11,PACK_FEED,RBT-0301,ASSIGNED,COMPLETE,DC-11-Z06,DC-11-Z02,2026-08-30T04:38:00
TSK-001617-3,ORD-001617,DC-11,REPLENISH,RBT-0486,ASSIGNED,QUEUED,DC-11-Z03,DC-11-Z03,2026-08-30T04:55:00
TSK-001618-1,ORD-001618,DC-06,PICK,RBT-0431,ASSIGNED,EXECUTING,DC-06-Z03,DC-06-Z12,2026-08-31T20:29:00
TSK-001619-1,ORD-001619,DC-18,MOVE,RBT-0538,QUEUED,ASSIGNED,DC-18-Z11,DC-18-Z03,2026-08-25T19:27:00
TSK-001619-2,ORD-001619,DC-18,STAGE,RBT-0672,QUEUED,QUEUED,DC-18-Z07,DC-18-Z01,2026-08-25T19:20:00
TSK-001620-1,ORD-001620,DC-17,PACK_FEED,RBT-0377,ASSIGNED,FAILED,DC-17-Z07,DC-17-Z05,2026-08-31T15:13:00
TSK-001620-2,ORD-001620,DC-17,PACK_FEED,RBT-0418,QUEUED,ASSIGNED,DC-17-Z10,DC-17-Z08,2026-08-31T13:30:00
TSK-001621-1,ORD-001621,DC-15,STAGE,RBT-0282,BLOCKED,QUEUED,DC-15-Z01,DC-15-Z08,2026-08-08T08:08:00
TSK-001621-2,ORD-001621,DC-15,STAGE,RBT-0294,QUEUED,FAILED,DC-15-Z06,DC-15-Z04,2026-08-08T08:11:00
TSK-001622-1,ORD-001622,DC-10,REPLENISH,RBT-0162,BLOCKED,COMPLETE,DC-10-Z03,DC-10-Z03,2026-08-22T19:56:00
TSK-001622-2,ORD-001622,DC-10,REPLENISH,RBT-0617,EXECUTING,ASSIGNED,DC-10-Z03,DC-10-Z03,2026-08-22T18:47:00
TSK-001622-3,ORD-001622,DC-10,REPLENISH,RBT-0211,EXECUTING,QUEUED,DC-10-Z12,DC-10-Z09,2026-08-22T20:22:00
TSK-001622-4,ORD-001622,DC-10,PICK,RBT-0267,ASSIGNED,COMPLETE,DC-10-Z03,DC-10-Z06,2026-08-22T20:00:00
TSK-001623-1,ORD-001623,DC-08,PACK_FEED,RBT-0405,BLOCKED,FAILED,DC-08-Z06,DC-08-Z11,2026-08-18T18:53:00
TSK-001623-2,ORD-001623,DC-08,PACK_FEED,RBT-0571,QUEUED,EXECUTING,DC-08-Z02,DC-08-Z12,2026-08-18T18:26:00
TSK-001623-3,ORD-001623,DC-08,STAGE,RBT-0694,QUEUED,FAILED,DC-08-Z05,DC-08-Z01,2026-08-18T18:01:00
TSK-001623-4,ORD-001623,DC-08,STAGE,RBT-0273,COMPLETE,COMPLETE,DC-08-Z08,DC-08-Z01,2026-08-18T19:40:00
TSK-001624-1,ORD-001624,DC-16,PICK,RBT-0700,QUEUED,QUEUED,DC-16-Z05,DC-16-Z03,2026-08-12T09:31:00
TSK-001624-2,ORD-001624,DC-16,PICK,RBT-0165,COMPLETE,FAILED,DC-16-Z05,DC-16-Z04,2026-08-12T10:44:00
TSK-001624-3,ORD-001624,DC-16,PICK,RBT-0635,EXECUTING,ASSIGNED,DC-16-Z02,DC-16-Z12,2026-08-12T09:37:00
TSK-001625-1,ORD-001625,DC-14,MOVE,RBT-0565,EXECUTING,ASSIGNED,DC-14-Z08,DC-14-Z09,2026-08-25T04:16:00
TSK-001625-2,ORD-001625,DC-14,REPLENISH,RBT-0697,ASSIGNED,QUEUED,DC-14-Z09,DC-14-Z07,2026-08-25T04:07:00
TSK-001626-1,ORD-001626,DC-04,PICK,RBT-0461,QUEUED,ASSIGNED,DC-04-Z05,DC-04-Z04,2026-08-04T13:53:00
TSK-001626-2,ORD-001626,DC-04,PACK_FEED,RBT-0545,EXECUTING,COMPLETE,DC-04-Z07,DC-04-Z08,2026-08-04T13:49:00
TSK-001627-1,ORD-001627,DC-04,PICK,RBT-0581,QUEUED,FAILED,DC-04-Z07,DC-04-Z06,2026-08-11T09:36:00
TSK-001627-2,ORD-001627,DC-04,MOVE,RBT-0302,COMPLETE,COMPLETE,DC-04-Z09,DC-04-Z08,2026-08-11T11:19:00
TSK-001628-1,ORD-001628,DC-15,PICK,RBT-0365,EXECUTING,FAILED,DC-15-Z05,DC-15-Z03,2026-08-20T16:46:00
TSK-001628-2,ORD-001628,DC-15,REPLENISH,RBT-0300,BLOCKED,EXECUTING,DC-15-Z03,DC-15-Z10,2026-08-20T17:16:00
TSK-001628-3,ORD-001628,DC-15,REPLENISH,RBT-0673,EXECUTING,COMPLETE,DC-15-Z06,DC-15-Z02,2026-08-20T16:24:00
TSK-001629-1,ORD-001629,DC-12,STAGE,RBT-0343,EXECUTING,FAILED,DC-12-Z10,DC-12-Z07,2026-08-14T00:46:00
TSK-001630-1,ORD-001630,DC-15,STAGE,RBT-0649,ASSIGNED,ASSIGNED,DC-15-Z06,DC-15-Z12,2026-09-04T09:24:00
TSK-001630-2,ORD-001630,DC-15,PACK_FEED,RBT-0250,QUEUED,ASSIGNED,DC-15-Z02,DC-15-Z04,2026-09-04T10:04:00
TSK-001631-1,ORD-001631,DC-11,PACK_FEED,RBT-0265,EXECUTING,QUEUED,DC-11-Z09,DC-11-Z01,2026-08-17T13:10:00
TSK-001631-2,ORD-001631,DC-11,MOVE,RBT-0408,EXECUTING,COMPLETE,DC-11-Z02,DC-11-Z10,2026-08-17T14:15:00
TSK-001631-3,ORD-001631,DC-11,PICK,RBT-0095,QUEUED,FAILED,DC-11-Z12,DC-11-Z11,2026-08-17T13:52:00
TSK-001632-1,ORD-001632,DC-18,STAGE,RBT-0679,EXECUTING,COMPLETE,DC-18-Z03,DC-18-Z03,2026-08-05T13:09:00
TSK-001632-2,ORD-001632,DC-18,STAGE,RBT-0513,QUEUED,QUEUED,DC-18-Z06,DC-18-Z08,2026-08-05T14:46:00
TSK-001632-3,ORD-001632,DC-18,STAGE,RBT-0379,EXECUTING,QUEUED,DC-18-Z05,DC-18-Z04,2026-08-05T14:55:00
TSK-001633-1,ORD-001633,DC-03,REPLENISH,RBT-0042,BLOCKED,ASSIGNED,DC-03-Z12,DC-03-Z08,2026-08-30T04:32:00
TSK-001634-1,ORD-001634,DC-14,PICK,RBT-0560,EXECUTING,FAILED,DC-14-Z06,DC-14-Z03,2026-08-08T18:50:00
TSK-001634-2,ORD-001634,DC-14,PACK_FEED,RBT-0554,ASSIGNED,FAILED,DC-14-Z07,DC-14-Z01,2026-08-08T19:08:00
TSK-001634-3,ORD-001634,DC-14,STAGE,RBT-0297,QUEUED,FAILED,DC-14-Z08,DC-14-Z01,2026-08-08T20:03:00
TSK-001635-1,ORD-001635,DC-12,PICK,RBT-0572,BLOCKED,QUEUED,DC-12-Z09,DC-12-Z12,2026-08-04T13:15:00
TSK-001635-2,ORD-001635,DC-12,REPLENISH,RBT-0274,BLOCKED,FAILED,DC-12-Z04,DC-12-Z05,2026-08-04T13:37:00
TSK-001635-3,ORD-001635,DC-12,PICK,RBT-0464,BLOCKED,QUEUED,DC-12-Z05,DC-12-Z07,2026-08-04T13:11:00
TSK-001636-1,ORD-001636,DC-16,PACK_FEED,RBT-0556,COMPLETE,COMPLETE,DC-16-Z05,DC-16-Z10,2026-08-22T18:29:00
TSK-001637-1,ORD-001637,DC-15,MOVE,RBT-0148,BLOCKED,FAILED,DC-15-Z04,DC-15-Z04,2026-09-04T14:09:00
TSK-001637-2,ORD-001637,DC-15,MOVE,RBT-0363,EXECUTING,ASSIGNED,DC-15-Z10,DC-15-Z01,2026-09-04T12:48:00
TSK-001637-3,ORD-001637,DC-15,STAGE,RBT-0262,ASSIGNED,QUEUED,DC-15-Z07,DC-15-Z01,2026-09-04T12:50:00
TSK-001638-1,ORD-001638,DC-06,REPLENISH,RBT-0363,BLOCKED,FAILED,DC-06-Z07,DC-06-Z09,2026-08-28T13:42:00
TSK-001639-1,ORD-001639,DC-08,REPLENISH,RBT-0040,EXECUTING,QUEUED,DC-08-Z09,DC-08-Z06,2026-08-05T01:25:00
TSK-001639-2,ORD-001639,DC-08,REPLENISH,RBT-0394,COMPLETE,ASSIGNED,DC-08-Z01,DC-08-Z10,2026-08-05T01:50:00
TSK-001639-3,ORD-001639,DC-08,PACK_FEED,RBT-0487,COMPLETE,FAILED,DC-08-Z11,DC-08-Z01,2026-08-05T01:11:00
TSK-001639-4,ORD-001639,DC-08,MOVE,RBT-0412,EXECUTING,QUEUED,DC-08-Z06,DC-08-Z08,2026-08-05T02:20:00
TSK-001640-1,ORD-001640,DC-01,STAGE,RBT-0646,QUEUED,ASSIGNED,DC-01-Z06,DC-01-Z05,2026-08-27T19:12:00
TSK-001640-2,ORD-001640,DC-01,PICK,RBT-0239,BLOCKED,FAILED,DC-01-Z06,DC-01-Z07,2026-08-27T18:09:00
TSK-001640-3,ORD-001640,DC-01,STAGE,RBT-0385,EXECUTING,EXECUTING,DC-01-Z09,DC-01-Z01,2026-08-27T17:48:00
TSK-001640-4,ORD-001640,DC-01,PICK,RBT-0437,BLOCKED,ASSIGNED,DC-01-Z02,DC-01-Z06,2026-08-27T18:26:00
TSK-001641-1,ORD-001641,DC-07,MOVE,RBT-0130,COMPLETE,ASSIGNED,DC-07-Z07,DC-07-Z03,2026-08-12T04:40:00
TSK-001641-2,ORD-001641,DC-07,REPLENISH,RBT-0295,COMPLETE,COMPLETE,DC-07-Z05,DC-07-Z06,2026-08-12T04:41:00
TSK-001641-3,ORD-001641,DC-07,STAGE,RBT-0099,BLOCKED,QUEUED,DC-07-Z12,DC-07-Z12,2026-08-12T05:38:00
TSK-001642-1,ORD-001642,DC-11,STAGE,RBT-0231,BLOCKED,ASSIGNED,DC-11-Z10,DC-11-Z01,2026-08-13T03:06:00
TSK-001642-2,ORD-001642,DC-11,STAGE,RBT-0559,BLOCKED,QUEUED,DC-11-Z01,DC-11-Z03,2026-08-13T01:47:00
TSK-001643-1,ORD-001643,DC-17,PACK_FEED,RBT-0120,QUEUED,COMPLETE,DC-17-Z09,DC-17-Z08,2026-08-15T08:59:00
TSK-001643-2,ORD-001643,DC-17,REPLENISH,RBT-0410,BLOCKED,FAILED,DC-17-Z06,DC-17-Z09,2026-08-15T09:29:00
TSK-001643-3,ORD-001643,DC-17,REPLENISH,RBT-0260,BLOCKED,EXECUTING,DC-17-Z06,DC-17-Z12,2026-08-15T10:06:00
TSK-001643-4,ORD-001643,DC-17,REPLENISH,RBT-0139,EXECUTING,QUEUED,DC-17-Z02,DC-17-Z05,2026-08-15T10:16:00
TSK-001644-1,ORD-001644,DC-11,REPLENISH,RBT-0420,EXECUTING,QUEUED,DC-11-Z05,DC-11-Z01,2026-08-31T12:28:00
TSK-001644-2,ORD-001644,DC-11,PICK,RBT-0275,QUEUED,COMPLETE,DC-11-Z12,DC-11-Z11,2026-08-31T12:37:00
TSK-001644-3,ORD-001644,DC-11,PACK_FEED,RBT-0063,EXECUTING,EXECUTING,DC-11-Z08,DC-11-Z03,2026-08-31T11:21:00
TSK-001644-4,ORD-001644,DC-11,STAGE,RBT-0213,ASSIGNED,COMPLETE,DC-11-Z12,DC-11-Z11,2026-08-31T11:36:00
TSK-001645-1,ORD-001645,DC-05,MOVE,RBT-0023,ASSIGNED,EXECUTING,DC-05-Z10,DC-05-Z04,2026-08-02T17:43:00
TSK-001645-2,ORD-001645,DC-05,MOVE,RBT-0227,COMPLETE,ASSIGNED,DC-05-Z04,DC-05-Z05,2026-08-02T17:28:00
TSK-001645-3,ORD-001645,DC-05,PACK_FEED,RBT-0128,COMPLETE,EXECUTING,DC-05-Z04,DC-05-Z05,2026-08-02T17:40:00
TSK-001645-4,ORD-001645,DC-05,PACK_FEED,RBT-0663,EXECUTING,ASSIGNED,DC-05-Z08,DC-05-Z09,2026-08-02T18:07:00
TSK-001646-1,ORD-001646,DC-02,PICK,RBT-0297,BLOCKED,ASSIGNED,DC-02-Z02,DC-02-Z12,2026-08-21T04:13:00
TSK-001646-2,ORD-001646,DC-02,PICK,RBT-0172,QUEUED,EXECUTING,DC-02-Z02,DC-02-Z01,2026-08-21T03:27:00
TSK-001646-3,ORD-001646,DC-02,PICK,RBT-0096,QUEUED,FAILED,DC-02-Z10,DC-02-Z11,2026-08-21T03:16:00
TSK-001646-4,ORD-001646,DC-02,PICK,RBT-0705,COMPLETE,ASSIGNED,DC-02-Z09,DC-02-Z12,2026-08-21T03:42:00
TSK-001647-1,ORD-001647,DC-14,REPLENISH,RBT-0611,ASSIGNED,FAILED,DC-14-Z06,DC-14-Z02,2026-08-08T13:03:00
TSK-001648-1,ORD-001648,DC-17,STAGE,RBT-0562,BLOCKED,EXECUTING,DC-17-Z05,DC-17-Z09,2026-08-17T05:56:00
TSK-001648-2,ORD-001648,DC-17,STAGE,RBT-0106,ASSIGNED,ASSIGNED,DC-17-Z04,DC-17-Z08,2026-08-17T05:40:00
TSK-001649-1,ORD-001649,DC-08,MOVE,RBT-0556,BLOCKED,ASSIGNED,DC-08-Z10,DC-08-Z02,2026-08-13T02:15:00
TSK-001649-2,ORD-001649,DC-08,REPLENISH,RBT-0497,BLOCKED,QUEUED,DC-08-Z11,DC-08-Z01,2026-08-13T03:49:00
TSK-001650-1,ORD-001650,DC-05,STAGE,RBT-0591,EXECUTING,ASSIGNED,DC-05-Z02,DC-05-Z10,2026-08-02T00:16:00
TSK-001650-2,ORD-001650,DC-05,STAGE,RBT-0535,QUEUED,ASSIGNED,DC-05-Z01,DC-05-Z05,2026-08-02T00:52:00
TSK-001650-3,ORD-001650,DC-05,STAGE,RBT-0544,COMPLETE,EXECUTING,DC-05-Z05,DC-05-Z02,2026-08-01T23:17:00
TSK-001650-4,ORD-001650,DC-05,PICK,RBT-0060,QUEUED,COMPLETE,DC-05-Z05,DC-05-Z07,2026-08-02T00:10:00
TSK-001651-1,ORD-001651,DC-12,STAGE,RBT-0132,COMPLETE,EXECUTING,DC-12-Z11,DC-12-Z07,2026-08-12T16:05:00
TSK-001651-2,ORD-001651,DC-12,REPLENISH,RBT-0669,ASSIGNED,FAILED,DC-12-Z03,DC-12-Z07,2026-08-12T16:59:00
TSK-001651-3,ORD-001651,DC-12,PICK,RBT-0138,BLOCKED,ASSIGNED,DC-12-Z10,DC-12-Z11,2026-08-12T17:04:00
TSK-001652-1,ORD-001652,DC-10,MOVE,RBT-0320,EXECUTING,QUEUED,DC-10-Z09,DC-10-Z11,2026-08-26T01:06:00
TSK-001652-2,ORD-001652,DC-10,STAGE,RBT-0511,BLOCKED,ASSIGNED,DC-10-Z07,DC-10-Z07,2026-08-26T01:14:00
TSK-001652-3,ORD-001652,DC-10,PACK_FEED,RBT-0608,COMPLETE,EXECUTING,DC-10-Z10,DC-10-Z07,2026-08-26T00:14:00
TSK-001652-4,ORD-001652,DC-10,STAGE,RBT-0216,BLOCKED,FAILED,DC-10-Z12,DC-10-Z11,2026-08-26T00:19:00
TSK-001653-1,ORD-001653,DC-03,REPLENISH,RBT-0308,ASSIGNED,FAILED,DC-03-Z08,DC-03-Z07,2026-08-26T00:31:00
TSK-001653-2,ORD-001653,DC-03,PACK_FEED,RBT-0388,QUEUED,FAILED,DC-03-Z02,DC-03-Z05,2026-08-26T00:05:00
TSK-001653-3,ORD-001653,DC-03,PACK_FEED,RBT-0247,ASSIGNED,QUEUED,DC-03-Z11,DC-03-Z11,2026-08-26T00:26:00
TSK-001653-4,ORD-001653,DC-03,REPLENISH,RBT-0698,BLOCKED,FAILED,DC-03-Z07,DC-03-Z05,2026-08-26T00:44:00
TSK-001654-1,ORD-001654,DC-01,MOVE,RBT-0055,QUEUED,QUEUED,DC-01-Z08,DC-01-Z08,2026-08-10T13:25:00
TSK-001655-1,ORD-001655,DC-07,REPLENISH,RBT-0611,ASSIGNED,COMPLETE,DC-07-Z11,DC-07-Z07,2026-08-19T05:07:00
TSK-001655-2,ORD-001655,DC-07,PACK_FEED,RBT-0045,EXECUTING,COMPLETE,DC-07-Z02,DC-07-Z02,2026-08-19T06:54:00
TSK-001656-1,ORD-001656,DC-11,PACK_FEED,RBT-0461,BLOCKED,FAILED,DC-11-Z03,DC-11-Z01,2026-09-01T09:23:00
TSK-001656-2,ORD-001656,DC-11,PICK,RBT-0430,ASSIGNED,COMPLETE,DC-11-Z03,DC-11-Z10,2026-09-01T09:06:00
TSK-001656-3,ORD-001656,DC-11,PACK_FEED,RBT-0329,QUEUED,ASSIGNED,DC-11-Z03,DC-11-Z01,2026-09-01T09:36:00
TSK-001656-4,ORD-001656,DC-11,MOVE,RBT-0478,ASSIGNED,COMPLETE,DC-11-Z10,DC-11-Z01,2026-09-01T10:24:00
TSK-001657-1,ORD-001657,DC-01,PACK_FEED,RBT-0032,QUEUED,COMPLETE,DC-01-Z01,DC-01-Z11,2026-08-11T15:29:00
TSK-001657-2,ORD-001657,DC-01,PACK_FEED,RBT-0685,ASSIGNED,EXECUTING,DC-01-Z06,DC-01-Z09,2026-08-11T16:07:00
TSK-001657-3,ORD-001657,DC-01,REPLENISH,RBT-0226,BLOCKED,ASSIGNED,DC-01-Z12,DC-01-Z03,2026-08-11T16:52:00
TSK-001658-1,ORD-001658,DC-13,STAGE,RBT-0100,ASSIGNED,COMPLETE,DC-13-Z09,DC-13-Z04,2026-08-14T19:37:00
TSK-001658-2,ORD-001658,DC-13,PACK_FEED,RBT-0153,ASSIGNED,COMPLETE,DC-13-Z01,DC-13-Z12,2026-08-14T19:28:00
TSK-001659-1,ORD-001659,DC-12,REPLENISH,RBT-0568,EXECUTING,QUEUED,DC-12-Z08,DC-12-Z02,2026-08-17T06:04:00
TSK-001659-2,ORD-001659,DC-12,STAGE,RBT-0242,EXECUTING,COMPLETE,DC-12-Z10,DC-12-Z09,2026-08-17T06:15:00
TSK-001659-3,ORD-001659,DC-12,STAGE,RBT-0612,COMPLETE,ASSIGNED,DC-12-Z04,DC-12-Z08,2026-08-17T05:34:00
TSK-001660-1,ORD-001660,DC-01,PICK,RBT-0538,ASSIGNED,QUEUED,DC-01-Z01,DC-01-Z09,2026-08-22T19:12:00
TSK-001660-2,ORD-001660,DC-01,STAGE,RBT-0436,ASSIGNED,QUEUED,DC-01-Z03,DC-01-Z11,2026-08-22T20:22:00
TSK-001660-3,ORD-001660,DC-01,MOVE,RBT-0678,EXECUTING,FAILED,DC-01-Z08,DC-01-Z12,2026-08-22T20:27:00
TSK-001661-1,ORD-001661,DC-12,STAGE,RBT-0394,COMPLETE,FAILED,DC-12-Z03,DC-12-Z01,2026-08-06T04:58:00
TSK-001661-2,ORD-001661,DC-12,STAGE,RBT-0173,ASSIGNED,EXECUTING,DC-12-Z10,DC-12-Z08,2026-08-06T04:22:00
TSK-001662-1,ORD-001662,DC-15,STAGE,RBT-0389,QUEUED,QUEUED,DC-15-Z09,DC-15-Z10,2026-08-06T11:48:00
TSK-001662-2,ORD-001662,DC-15,STAGE,RBT-0301,COMPLETE,COMPLETE,DC-15-Z07,DC-15-Z12,2026-08-06T11:09:00
TSK-001663-1,ORD-001663,DC-08,STAGE,RBT-0298,COMPLETE,ASSIGNED,DC-08-Z09,DC-08-Z07,2026-08-14T15:20:00
TSK-001663-2,ORD-001663,DC-08,PICK,RBT-0464,COMPLETE,ASSIGNED,DC-08-Z08,DC-08-Z11,2026-08-14T14:48:00
TSK-001663-3,ORD-001663,DC-08,MOVE,RBT-0133,QUEUED,FAILED,DC-08-Z05,DC-08-Z03,2026-08-14T13:46:00
TSK-001664-1,ORD-001664,DC-10,MOVE,RBT-0573,ASSIGNED,COMPLETE,DC-10-Z02,DC-10-Z08,2026-09-04T09:48:00
TSK-001664-2,ORD-001664,DC-10,STAGE,RBT-0167,QUEUED,FAILED,DC-10-Z08,DC-10-Z04,2026-09-04T11:10:00
TSK-001665-1,ORD-001665,DC-07,PACK_FEED,RBT-0119,QUEUED,EXECUTING,DC-07-Z05,DC-07-Z02,2026-08-18T01:19:00
TSK-001665-2,ORD-001665,DC-07,PICK,RBT-0616,COMPLETE,FAILED,DC-07-Z10,DC-07-Z01,2026-08-17T23:52:00
TSK-001666-1,ORD-001666,DC-11,STAGE,RBT-0466,ASSIGNED,ASSIGNED,DC-11-Z08,DC-11-Z10,2026-08-24T08:40:00
TSK-001666-2,ORD-001666,DC-11,PACK_FEED,RBT-0207,EXECUTING,QUEUED,DC-11-Z04,DC-11-Z10,2026-08-24T08:02:00
TSK-001667-1,ORD-001667,DC-13,PACK_FEED,RBT-0572,ASSIGNED,COMPLETE,DC-13-Z05,DC-13-Z10,2026-08-05T04:18:00
TSK-001667-2,ORD-001667,DC-13,MOVE,RBT-0332,COMPLETE,FAILED,DC-13-Z06,DC-13-Z12,2026-08-05T03:27:00
TSK-001667-3,ORD-001667,DC-13,PICK,RBT-0467,BLOCKED,ASSIGNED,DC-13-Z06,DC-13-Z04,2026-08-05T04:32:00
TSK-001667-4,ORD-001667,DC-13,REPLENISH,RBT-0163,BLOCKED,QUEUED,DC-13-Z05,DC-13-Z09,2026-08-05T04:20:00
TSK-001668-1,ORD-001668,DC-10,PACK_FEED,RBT-0266,COMPLETE,FAILED,DC-10-Z03,DC-10-Z02,2026-08-23T13:17:00
TSK-001668-2,ORD-001668,DC-10,PACK_FEED,RBT-0133,COMPLETE,QUEUED,DC-10-Z11,DC-10-Z01,2026-08-23T13:37:00
TSK-001668-3,ORD-001668,DC-10,PICK,RBT-0317,COMPLETE,QUEUED,DC-10-Z11,DC-10-Z08,2026-08-23T14:12:00
TSK-001668-4,ORD-001668,DC-10,MOVE,RBT-0149,ASSIGNED,EXECUTING,DC-10-Z09,DC-10-Z03,2026-08-23T13:24:00
TSK-001669-1,ORD-001669,DC-16,PACK_FEED,RBT-0279,COMPLETE,EXECUTING,DC-16-Z09,DC-16-Z03,2026-08-31T22:30:00
TSK-001669-2,ORD-001669,DC-16,MOVE,RBT-0086,BLOCKED,QUEUED,DC-16-Z10,DC-16-Z02,2026-08-31T21:32:00
TSK-001669-3,ORD-001669,DC-16,REPLENISH,RBT-0394,QUEUED,QUEUED,DC-16-Z10,DC-16-Z04,2026-08-31T21:26:00
TSK-001670-1,ORD-001670,DC-12,PICK,RBT-0182,COMPLETE,ASSIGNED,DC-12-Z01,DC-12-Z05,2026-09-03T10:32:00
TSK-001671-1,ORD-001671,DC-12,REPLENISH,RBT-0050,ASSIGNED,ASSIGNED,DC-12-Z04,DC-12-Z03,2026-09-04T07:40:00
TSK-001672-1,ORD-001672,DC-06,REPLENISH,RBT-0005,EXECUTING,EXECUTING,DC-06-Z01,DC-06-Z06,2026-08-04T06:47:00
TSK-001672-2,ORD-001672,DC-06,MOVE,RBT-0383,ASSIGNED,FAILED,DC-06-Z01,DC-06-Z08,2026-08-04T06:41:00
TSK-001672-3,ORD-001672,DC-06,MOVE,RBT-0007,COMPLETE,QUEUED,DC-06-Z11,DC-06-Z12,2026-08-04T07:06:00
TSK-001673-1,ORD-001673,DC-02,PICK,RBT-0058,COMPLETE,QUEUED,DC-02-Z03,DC-02-Z09,2026-08-06T21:51:00
TSK-001674-1,ORD-001674,DC-15,STAGE,RBT-0375,COMPLETE,QUEUED,DC-15-Z04,DC-15-Z02,2026-08-28T09:50:00
TSK-001675-1,ORD-001675,DC-11,PICK,RBT-0270,EXECUTING,QUEUED,DC-11-Z01,DC-11-Z08,2026-08-02T04:36:00
TSK-001675-2,ORD-001675,DC-11,PACK_FEED,RBT-0430,COMPLETE,FAILED,DC-11-Z11,DC-11-Z01,2026-08-02T06:07:00
TSK-001675-3,ORD-001675,DC-11,REPLENISH,RBT-0085,BLOCKED,EXECUTING,DC-11-Z03,DC-11-Z08,2026-08-02T04:42:00
TSK-001676-1,ORD-001676,DC-10,PACK_FEED,RBT-0353,BLOCKED,QUEUED,DC-10-Z05,DC-10-Z08,2026-08-15T14:41:00
TSK-001676-2,ORD-001676,DC-10,MOVE,RBT-0202,COMPLETE,COMPLETE,DC-10-Z04,DC-10-Z08,2026-08-15T14:00:00
TSK-001676-3,ORD-001676,DC-10,PICK,RBT-0573,COMPLETE,EXECUTING,DC-10-Z09,DC-10-Z11,2026-08-15T13:25:00
TSK-001676-4,ORD-001676,DC-10,REPLENISH,RBT-0116,QUEUED,EXECUTING,DC-10-Z06,DC-10-Z01,2026-08-15T12:58:00
TSK-001677-1,ORD-001677,DC-06,REPLENISH,RBT-0381,BLOCKED,FAILED,DC-06-Z09,DC-06-Z07,2026-08-12T21:45:00
TSK-001677-2,ORD-001677,DC-06,REPLENISH,RBT-0476,EXECUTING,EXECUTING,DC-06-Z02,DC-06-Z04,2026-08-12T22:12:00
TSK-001677-3,ORD-001677,DC-06,MOVE,RBT-0247,EXECUTING,COMPLETE,DC-06-Z12,DC-06-Z12,2026-08-12T22:17:00
TSK-001677-4,ORD-001677,DC-06,MOVE,RBT-0046,QUEUED,EXECUTING,DC-06-Z01,DC-06-Z12,2026-08-12T21:57:00
TSK-001678-1,ORD-001678,DC-12,PACK_FEED,RBT-0283,EXECUTING,ASSIGNED,DC-12-Z06,DC-12-Z11,2026-08-10T10:20:00
TSK-001678-2,ORD-001678,DC-12,PICK,RBT-0361,COMPLETE,EXECUTING,DC-12-Z04,DC-12-Z07,2026-08-10T10:19:00
TSK-001678-3,ORD-001678,DC-12,MOVE,RBT-0061,COMPLETE,QUEUED,DC-12-Z09,DC-12-Z04,2026-08-10T11:42:00
TSK-001678-4,ORD-001678,DC-12,STAGE,RBT-0392,EXECUTING,EXECUTING,DC-12-Z05,DC-12-Z08,2026-08-10T11:24:00
TSK-001679-1,ORD-001679,DC-17,PACK_FEED,RBT-0045,COMPLETE,EXECUTING,DC-17-Z12,DC-17-Z06,2026-08-14T23:51:00
TSK-001679-2,ORD-001679,DC-17,MOVE,RBT-0552,ASSIGNED,QUEUED,DC-17-Z01,DC-17-Z05,2026-08-14T23:17:00
TSK-001679-3,ORD-001679,DC-17,PICK,RBT-0210,QUEUED,ASSIGNED,DC-17-Z02,DC-17-Z07,2026-08-14T22:52:00
TSK-001680-1,ORD-001680,DC-05,STAGE,RBT-0377,ASSIGNED,EXECUTING,DC-05-Z07,DC-05-Z07,2026-08-21T20:39:00
TSK-001680-2,ORD-001680,DC-05,PACK_FEED,RBT-0258,COMPLETE,ASSIGNED,DC-05-Z04,DC-05-Z12,2026-08-21T21:41:00
TSK-001681-1,ORD-001681,DC-09,PICK,RBT-0711,QUEUED,COMPLETE,DC-09-Z01,DC-09-Z02,2026-08-30T13:33:00
TSK-001682-1,ORD-001682,DC-01,REPLENISH,RBT-0004,COMPLETE,ASSIGNED,DC-01-Z10,DC-01-Z08,2026-08-17T04:32:00
TSK-001682-2,ORD-001682,DC-01,PICK,RBT-0676,ASSIGNED,EXECUTING,DC-01-Z06,DC-01-Z09,2026-08-17T02:57:00
TSK-001683-1,ORD-001683,DC-09,MOVE,RBT-0421,ASSIGNED,QUEUED,DC-09-Z10,DC-09-Z06,2026-08-06T08:06:00
TSK-001684-1,ORD-001684,DC-11,MOVE,RBT-0493,ASSIGNED,ASSIGNED,DC-11-Z07,DC-11-Z05,2026-09-04T21:42:00
TSK-001684-2,ORD-001684,DC-11,STAGE,RBT-0221,EXECUTING,FAILED,DC-11-Z04,DC-11-Z12,2026-09-04T21:59:00
TSK-001684-3,ORD-001684,DC-11,REPLENISH,RBT-0151,EXECUTING,ASSIGNED,DC-11-Z06,DC-11-Z02,2026-09-04T22:11:00
TSK-001685-1,ORD-001685,DC-06,PICK,RBT-0404,ASSIGNED,FAILED,DC-06-Z02,DC-06-Z02,2026-08-31T19:24:00
TSK-001685-2,ORD-001685,DC-06,PACK_FEED,RBT-0284,EXECUTING,ASSIGNED,DC-06-Z11,DC-06-Z05,2026-08-31T17:42:00
TSK-001685-3,ORD-001685,DC-06,REPLENISH,RBT-0316,EXECUTING,COMPLETE,DC-06-Z12,DC-06-Z11,2026-08-31T17:47:00
TSK-001685-4,ORD-001685,DC-06,PACK_FEED,RBT-0293,BLOCKED,FAILED,DC-06-Z08,DC-06-Z03,2026-08-31T18:50:00
TSK-001686-1,ORD-001686,DC-08,REPLENISH,RBT-0594,COMPLETE,QUEUED,DC-08-Z02,DC-08-Z09,2026-08-31T23:39:00
TSK-001686-2,ORD-001686,DC-08,REPLENISH,RBT-0251,EXECUTING,EXECUTING,DC-08-Z10,DC-08-Z08,2026-09-01T00:57:00
TSK-001687-1,ORD-001687,DC-10,REPLENISH,RBT-0063,EXECUTING,COMPLETE,DC-10-Z10,DC-10-Z11,2026-08-03T00:18:00
TSK-001688-1,ORD-001688,DC-06,STAGE,RBT-0406,EXECUTING,ASSIGNED,DC-06-Z03,DC-06-Z03,2026-08-02T07:02:00
TSK-001688-2,ORD-001688,DC-06,REPLENISH,RBT-0196,COMPLETE,ASSIGNED,DC-06-Z11,DC-06-Z02,2026-08-02T05:24:00
TSK-001688-3,ORD-001688,DC-06,PACK_FEED,RBT-0662,ASSIGNED,ASSIGNED,DC-06-Z12,DC-06-Z08,2026-08-02T06:29:00
TSK-001688-4,ORD-001688,DC-06,MOVE,RBT-0625,QUEUED,FAILED,DC-06-Z05,DC-06-Z04,2026-08-02T06:44:00
TSK-001689-1,ORD-001689,DC-18,REPLENISH,RBT-0688,COMPLETE,COMPLETE,DC-18-Z01,DC-18-Z05,2026-09-03T15:41:00
TSK-001690-1,ORD-001690,DC-10,PICK,RBT-0607,ASSIGNED,ASSIGNED,DC-10-Z12,DC-10-Z11,2026-08-18T04:52:00
TSK-001690-2,ORD-001690,DC-10,PACK_FEED,RBT-0409,EXECUTING,QUEUED,DC-10-Z04,DC-10-Z04,2026-08-18T04:03:00
TSK-001691-1,ORD-001691,DC-14,MOVE,RBT-0506,ASSIGNED,ASSIGNED,DC-14-Z11,DC-14-Z05,2026-08-10T05:59:00
TSK-001691-2,ORD-001691,DC-14,PACK_FEED,RBT-0132,QUEUED,EXECUTING,DC-14-Z04,DC-14-Z10,2026-08-10T06:09:00
TSK-001691-3,ORD-001691,DC-14,REPLENISH,RBT-0018,BLOCKED,EXECUTING,DC-14-Z02,DC-14-Z05,2026-08-10T06:54:00
TSK-001691-4,ORD-001691,DC-14,MOVE,RBT-0048,COMPLETE,FAILED,DC-14-Z02,DC-14-Z06,2026-08-10T05:57:00
TSK-001692-1,ORD-001692,DC-14,MOVE,RBT-0064,ASSIGNED,ASSIGNED,DC-14-Z05,DC-14-Z06,2026-08-31T20:22:00
TSK-001692-2,ORD-001692,DC-14,PACK_FEED,RBT-0566,EXECUTING,FAILED,DC-14-Z02,DC-14-Z12,2026-08-31T20:19:00
TSK-001693-1,ORD-001693,DC-10,REPLENISH,RBT-0311,BLOCKED,FAILED,DC-10-Z03,DC-10-Z03,2026-08-09T18:42:00
TSK-001693-2,ORD-001693,DC-10,MOVE,RBT-0604,BLOCKED,QUEUED,DC-10-Z03,DC-10-Z04,2026-08-09T19:02:00
TSK-001693-3,ORD-001693,DC-10,REPLENISH,RBT-0334,ASSIGNED,COMPLETE,DC-10-Z08,DC-10-Z07,2026-08-09T19:56:00
TSK-001694-1,ORD-001694,DC-10,MOVE,RBT-0402,QUEUED,FAILED,DC-10-Z09,DC-10-Z09,2026-08-06T09:31:00
TSK-001694-2,ORD-001694,DC-10,REPLENISH,RBT-0146,BLOCKED,ASSIGNED,DC-10-Z05,DC-10-Z05,2026-08-06T09:17:00
TSK-001695-1,ORD-001695,DC-10,REPLENISH,RBT-0339,QUEUED,EXECUTING,DC-10-Z08,DC-10-Z11,2026-08-28T10:10:00
TSK-001695-2,ORD-001695,DC-10,MOVE,RBT-0486,COMPLETE,QUEUED,DC-10-Z04,DC-10-Z11,2026-08-28T09:37:00
TSK-001695-3,ORD-001695,DC-10,STAGE,RBT-0632,EXECUTING,ASSIGNED,DC-10-Z08,DC-10-Z11,2026-08-28T09:41:00
TSK-001695-4,ORD-001695,DC-10,STAGE,RBT-0018,EXECUTING,ASSIGNED,DC-10-Z08,DC-10-Z01,2026-08-28T10:27:00
TSK-001696-1,ORD-001696,DC-17,REPLENISH,RBT-0293,ASSIGNED,ASSIGNED,DC-17-Z03,DC-17-Z08,2026-09-04T17:58:00
TSK-001696-2,ORD-001696,DC-17,MOVE,RBT-0319,BLOCKED,COMPLETE,DC-17-Z05,DC-17-Z06,2026-09-04T17:22:00
TSK-001696-3,ORD-001696,DC-17,STAGE,RBT-0488,ASSIGNED,COMPLETE,DC-17-Z12,DC-17-Z09,2026-09-04T16:30:00
TSK-001696-4,ORD-001696,DC-17,PICK,RBT-0158,BLOCKED,FAILED,DC-17-Z08,DC-17-Z11,2026-09-04T16:36:00
TSK-001697-1,ORD-001697,DC-06,REPLENISH,RBT-0582,ASSIGNED,ASSIGNED,DC-06-Z05,DC-06-Z01,2026-08-14T09:24:00
TSK-001697-2,ORD-001697,DC-06,STAGE,RBT-0326,BLOCKED,QUEUED,DC-06-Z08,DC-06-Z05,2026-08-14T08:59:00
TSK-001698-1,ORD-001698,DC-15,STAGE,RBT-0432,COMPLETE,QUEUED,DC-15-Z02,DC-15-Z04,2026-08-01T06:31:00
TSK-001698-2,ORD-001698,DC-15,PACK_FEED,RBT-0045,ASSIGNED,QUEUED,DC-15-Z05,DC-15-Z02,2026-08-01T06:37:00
TSK-001698-3,ORD-001698,DC-15,STAGE,RBT-0249,QUEUED,ASSIGNED,DC-15-Z10,DC-15-Z11,2026-08-01T07:47:00
TSK-001698-4,ORD-001698,DC-15,REPLENISH,RBT-0240,ASSIGNED,FAILED,DC-15-Z05,DC-15-Z08,2026-08-01T06:27:00
TSK-001699-1,ORD-001699,DC-04,PACK_FEED,RBT-0183,QUEUED,QUEUED,DC-04-Z05,DC-04-Z06,2026-08-17T14:22:00
TSK-001699-2,ORD-001699,DC-04,MOVE,RBT-0319,BLOCKED,COMPLETE,DC-04-Z10,DC-04-Z07,2026-08-17T15:27:00
TSK-001700-1,ORD-001700,DC-08,PICK,RBT-0293,COMPLETE,ASSIGNED,DC-08-Z10,DC-08-Z05,2026-08-18T00:23:00
TSK-001700-2,ORD-001700,DC-08,REPLENISH,RBT-0227,BLOCKED,COMPLETE,DC-08-Z09,DC-08-Z04,2026-08-17T23:33:00
TSK-001701-1,ORD-001701,DC-14,PACK_FEED,RBT-0357,EXECUTING,COMPLETE,DC-14-Z04,DC-14-Z09,2026-08-07T06:17:00
TSK-001701-2,ORD-001701,DC-14,REPLENISH,RBT-0447,BLOCKED,ASSIGNED,DC-14-Z07,DC-14-Z08,2026-08-07T05:10:00
TSK-001701-3,ORD-001701,DC-14,PICK,RBT-0510,COMPLETE,FAILED,DC-14-Z09,DC-14-Z03,2026-08-07T05:29:00
TSK-001701-4,ORD-001701,DC-14,STAGE,RBT-0219,QUEUED,QUEUED,DC-14-Z02,DC-14-Z05,2026-08-07T05:54:00
TSK-001702-1,ORD-001702,DC-13,REPLENISH,RBT-0615,BLOCKED,COMPLETE,DC-13-Z02,DC-13-Z10,2026-08-18T17:52:00
TSK-001703-1,ORD-001703,DC-15,PICK,RBT-0619,EXECUTING,EXECUTING,DC-15-Z01,DC-15-Z06,2026-09-01T23:56:00
TSK-001703-2,ORD-001703,DC-15,PACK_FEED,RBT-0011,ASSIGNED,FAILED,DC-15-Z03,DC-15-Z01,2026-09-01T23:55:00
TSK-001703-3,ORD-001703,DC-15,STAGE,RBT-0046,ASSIGNED,ASSIGNED,DC-15-Z05,DC-15-Z12,2026-09-01T22:59:00
TSK-001704-1,ORD-001704,DC-06,REPLENISH,RBT-0422,ASSIGNED,COMPLETE,DC-06-Z04,DC-06-Z10,2026-08-15T12:16:00
TSK-001704-2,ORD-001704,DC-06,PICK,RBT-0494,EXECUTING,FAILED,DC-06-Z02,DC-06-Z11,2026-08-15T11:40:00
TSK-001704-3,ORD-001704,DC-06,STAGE,RBT-0299,EXECUTING,QUEUED,DC-06-Z01,DC-06-Z04,2026-08-15T10:41:00
TSK-001705-1,ORD-001705,DC-07,PICK,RBT-0682,ASSIGNED,FAILED,DC-07-Z09,DC-07-Z01,2026-08-29T05:05:00
TSK-001705-2,ORD-001705,DC-07,MOVE,RBT-0636,COMPLETE,COMPLETE,DC-07-Z04,DC-07-Z02,2026-08-29T04:12:00
TSK-001706-1,ORD-001706,DC-13,REPLENISH,RBT-0626,COMPLETE,EXECUTING,DC-13-Z11,DC-13-Z05,2026-08-08T05:04:00
TSK-001707-1,ORD-001707,DC-12,STAGE,RBT-0267,ASSIGNED,COMPLETE,DC-12-Z06,DC-12-Z03,2026-08-02T20:18:00
TSK-001707-2,ORD-001707,DC-12,REPLENISH,RBT-0641,QUEUED,COMPLETE,DC-12-Z03,DC-12-Z06,2026-08-02T21:34:00
TSK-001707-3,ORD-001707,DC-12,PICK,RBT-0259,EXECUTING,FAILED,DC-12-Z08,DC-12-Z05,2026-08-02T21:08:00
TSK-001707-4,ORD-001707,DC-12,STAGE,RBT-0489,BLOCKED,EXECUTING,DC-12-Z01,DC-12-Z06,2026-08-02T20:42:00
TSK-001708-1,ORD-001708,DC-04,REPLENISH,RBT-0517,QUEUED,COMPLETE,DC-04-Z02,DC-04-Z11,2026-08-09T07:03:00
TSK-001708-2,ORD-001708,DC-04,REPLENISH,RBT-0296,BLOCKED,EXECUTING,DC-04-Z11,DC-04-Z04,2026-08-09T06:55:00
TSK-001708-3,ORD-001708,DC-04,MOVE,RBT-0606,EXECUTING,COMPLETE,DC-04-Z09,DC-04-Z07,2026-08-09T08:14:00
TSK-001708-4,ORD-001708,DC-04,PICK,RBT-0150,COMPLETE,EXECUTING,DC-04-Z12,DC-04-Z02,2026-08-09T07:36:00
TSK-001709-1,ORD-001709,DC-07,PACK_FEED,RBT-0549,COMPLETE,QUEUED,DC-07-Z01,DC-07-Z08,2026-09-04T01:26:00
TSK-001709-2,ORD-001709,DC-07,MOVE,RBT-0150,ASSIGNED,ASSIGNED,DC-07-Z11,DC-07-Z01,2026-09-04T00:59:00
TSK-001710-1,ORD-001710,DC-06,PACK_FEED,RBT-0507,BLOCKED,ASSIGNED,DC-06-Z09,DC-06-Z05,2026-08-12T01:18:00
TSK-001711-1,ORD-001711,DC-13,MOVE,RBT-0119,ASSIGNED,FAILED,DC-13-Z01,DC-13-Z04,2026-08-19T22:12:00
TSK-001711-2,ORD-001711,DC-13,PICK,RBT-0022,QUEUED,FAILED,DC-13-Z04,DC-13-Z06,2026-08-19T20:35:00
TSK-001711-3,ORD-001711,DC-13,PICK,RBT-0203,EXECUTING,EXECUTING,DC-13-Z05,DC-13-Z03,2026-08-19T22:28:00
TSK-001712-1,ORD-001712,DC-07,MOVE,RBT-0271,EXECUTING,ASSIGNED,DC-07-Z02,DC-07-Z02,2026-08-06T22:13:00
TSK-001712-2,ORD-001712,DC-07,PACK_FEED,RBT-0315,BLOCKED,QUEUED,DC-07-Z06,DC-07-Z07,2026-08-06T22:19:00
TSK-001712-3,ORD-001712,DC-07,REPLENISH,RBT-0060,EXECUTING,FAILED,DC-07-Z02,DC-07-Z05,2026-08-06T22:23:00
TSK-001712-4,ORD-001712,DC-07,PICK,RBT-0087,EXECUTING,QUEUED,DC-07-Z05,DC-07-Z06,2026-08-06T22:21:00
TSK-001713-1,ORD-001713,DC-03,MOVE,RBT-0397,QUEUED,QUEUED,DC-03-Z09,DC-03-Z12,2026-08-29T12:00:00
TSK-001714-1,ORD-001714,DC-03,STAGE,RBT-0017,ASSIGNED,QUEUED,DC-03-Z04,DC-03-Z04,2026-08-19T19:46:00
TSK-001715-1,ORD-001715,DC-07,STAGE,RBT-0416,COMPLETE,QUEUED,DC-07-Z07,DC-07-Z05,2026-08-31T23:19:00
TSK-001715-2,ORD-001715,DC-07,PACK_FEED,RBT-0357,QUEUED,COMPLETE,DC-07-Z10,DC-07-Z04,2026-08-31T23:14:00
TSK-001716-1,ORD-001716,DC-01,PACK_FEED,RBT-0629,EXECUTING,FAILED,DC-01-Z04,DC-01-Z09,2026-08-30T02:42:00
TSK-001716-2,ORD-001716,DC-01,STAGE,RBT-0702,QUEUED,EXECUTING,DC-01-Z11,DC-01-Z03,2026-08-30T04:15:00
TSK-001717-1,ORD-001717,DC-17,MOVE,RBT-0251,BLOCKED,FAILED,DC-17-Z06,DC-17-Z02,2026-09-04T11:38:00
TSK-001718-1,ORD-001718,DC-14,MOVE,RBT-0463,EXECUTING,QUEUED,DC-14-Z05,DC-14-Z10,2026-08-10T06:59:00
TSK-001719-1,ORD-001719,DC-17,MOVE,RBT-0458,QUEUED,ASSIGNED,DC-17-Z11,DC-17-Z03,2026-08-24T01:05:00
TSK-001719-2,ORD-001719,DC-17,REPLENISH,RBT-0459,QUEUED,QUEUED,DC-17-Z06,DC-17-Z07,2026-08-24T01:01:00
TSK-001719-3,ORD-001719,DC-17,STAGE,RBT-0264,COMPLETE,QUEUED,DC-17-Z03,DC-17-Z03,2026-08-24T00:41:00
TSK-001720-1,ORD-001720,DC-09,STAGE,RBT-0262,EXECUTING,COMPLETE,DC-09-Z12,DC-09-Z01,2026-08-30T00:21:00
TSK-001721-1,ORD-001721,DC-03,MOVE,RBT-0198,QUEUED,QUEUED,DC-03-Z12,DC-03-Z10,2026-09-02T03:47:00
TSK-001722-1,ORD-001722,DC-01,PICK,RBT-0556,BLOCKED,ASSIGNED,DC-01-Z01,DC-01-Z08,2026-08-06T18:51:00
TSK-001723-1,ORD-001723,DC-04,PACK_FEED,RBT-0578,COMPLETE,EXECUTING,DC-04-Z06,DC-04-Z08,2026-08-05T09:07:00
TSK-001724-1,ORD-001724,DC-04,MOVE,RBT-0646,COMPLETE,QUEUED,DC-04-Z08,DC-04-Z01,2026-08-13T21:24:00
TSK-001724-2,ORD-001724,DC-04,PACK_FEED,RBT-0163,EXECUTING,EXECUTING,DC-04-Z02,DC-04-Z03,2026-08-13T22:41:00
TSK-001725-1,ORD-001725,DC-17,REPLENISH,RBT-0304,ASSIGNED,QUEUED,DC-17-Z06,DC-17-Z11,2026-09-04T20:03:00
TSK-001725-2,ORD-001725,DC-17,PICK,RBT-0361,COMPLETE,FAILED,DC-17-Z12,DC-17-Z08,2026-09-04T20:06:00
TSK-001725-3,ORD-001725,DC-17,PICK,RBT-0437,COMPLETE,ASSIGNED,DC-17-Z08,DC-17-Z11,2026-09-04T20:07:00
TSK-001725-4,ORD-001725,DC-17,PICK,RBT-0497,EXECUTING,EXECUTING,DC-17-Z04,DC-17-Z04,2026-09-04T19:59:00
TSK-001726-1,ORD-001726,DC-15,PICK,RBT-0356,ASSIGNED,FAILED,DC-15-Z03,DC-15-Z09,2026-09-01T05:52:00
TSK-001727-1,ORD-001727,DC-07,STAGE,RBT-0220,QUEUED,EXECUTING,DC-07-Z07,DC-07-Z08,2026-08-01T10:15:00
TSK-001728-1,ORD-001728,DC-10,MOVE,RBT-0478,COMPLETE,COMPLETE,DC-10-Z03,DC-10-Z02,2026-08-09T07:42:00
TSK-001728-2,ORD-001728,DC-10,STAGE,RBT-0542,QUEUED,QUEUED,DC-10-Z08,DC-10-Z12,2026-08-09T09:00:00
TSK-001729-1,ORD-001729,DC-14,PICK,RBT-0052,QUEUED,FAILED,DC-14-Z02,DC-14-Z02,2026-08-04T02:00:00
TSK-001729-2,ORD-001729,DC-14,MOVE,RBT-0109,QUEUED,FAILED,DC-14-Z11,DC-14-Z12,2026-08-04T01:21:00
TSK-001730-1,ORD-001730,DC-04,PICK,RBT-0660,QUEUED,COMPLETE,DC-04-Z06,DC-04-Z04,2026-08-05T14:10:00
TSK-001730-2,ORD-001730,DC-04,PACK_FEED,RBT-0588,ASSIGNED,QUEUED,DC-04-Z03,DC-04-Z09,2026-08-05T14:37:00
TSK-001731-1,ORD-001731,DC-10,STAGE,RBT-0028,COMPLETE,FAILED,DC-10-Z10,DC-10-Z03,2026-09-01T14:04:00
TSK-001732-1,ORD-001732,DC-03,REPLENISH,RBT-0385,QUEUED,COMPLETE,DC-03-Z06,DC-03-Z03,2026-08-16T21:31:00
TSK-001732-2,ORD-001732,DC-03,MOVE,RBT-0708,COMPLETE,FAILED,DC-03-Z08,DC-03-Z04,2026-08-16T22:47:00
TSK-001732-3,ORD-001732,DC-03,PICK,RBT-0416,BLOCKED,ASSIGNED,DC-03-Z11,DC-03-Z03,2026-08-16T21:46:00
TSK-001732-4,ORD-001732,DC-03,MOVE,RBT-0067,EXECUTING,COMPLETE,DC-03-Z05,DC-03-Z11,2026-08-16T22:40:00
TSK-001733-1,ORD-001733,DC-02,MOVE,RBT-0255,COMPLETE,COMPLETE,DC-02-Z06,DC-02-Z03,2026-08-22T04:38:00
TSK-001733-2,ORD-001733,DC-02,PACK_FEED,RBT-0059,COMPLETE,ASSIGNED,DC-02-Z07,DC-02-Z11,2026-08-22T04:14:00
TSK-001734-1,ORD-001734,DC-15,PICK,RBT-0392,EXECUTING,FAILED,DC-15-Z07,DC-15-Z05,2026-08-18T04:15:00
TSK-001735-1,ORD-001735,DC-05,PICK,RBT-0377,BLOCKED,QUEUED,DC-05-Z05,DC-05-Z02,2026-08-04T18:49:00
TSK-001736-1,ORD-001736,DC-15,PICK,RBT-0228,ASSIGNED,EXECUTING,DC-15-Z02,DC-15-Z04,2026-09-01T16:58:00
TSK-001736-2,ORD-001736,DC-15,PICK,RBT-0030,ASSIGNED,EXECUTING,DC-15-Z05,DC-15-Z06,2026-09-01T16:37:00
TSK-001736-3,ORD-001736,DC-15,STAGE,RBT-0460,COMPLETE,ASSIGNED,DC-15-Z11,DC-15-Z08,2026-09-01T17:42:00
TSK-001737-1,ORD-001737,DC-05,REPLENISH,RBT-0174,ASSIGNED,ASSIGNED,DC-05-Z03,DC-05-Z03,2026-08-01T11:35:00
TSK-001737-2,ORD-001737,DC-05,STAGE,RBT-0117,BLOCKED,FAILED,DC-05-Z01,DC-05-Z05,2026-08-01T10:33:00
TSK-001738-1,ORD-001738,DC-11,STAGE,RBT-0032,COMPLETE,ASSIGNED,DC-11-Z07,DC-11-Z07,2026-09-01T03:20:00
TSK-001738-2,ORD-001738,DC-11,MOVE,RBT-0380,BLOCKED,QUEUED,DC-11-Z03,DC-11-Z12,2026-09-01T03:04:00
TSK-001738-3,ORD-001738,DC-11,STAGE,RBT-0246,ASSIGNED,EXECUTING,DC-11-Z08,DC-11-Z03,2026-09-01T02:52:00
TSK-001738-4,ORD-001738,DC-11,PICK,RBT-0234,EXECUTING,COMPLETE,DC-11-Z05,DC-11-Z05,2026-09-01T03:14:00
TSK-001739-1,ORD-001739,DC-13,STAGE,RBT-0454,COMPLETE,COMPLETE,DC-13-Z11,DC-13-Z08,2026-08-11T08:25:00
TSK-001739-2,ORD-001739,DC-13,STAGE,RBT-0389,BLOCKED,COMPLETE,DC-13-Z06,DC-13-Z07,2026-08-11T08:20:00
TSK-001740-1,ORD-001740,DC-10,PICK,RBT-0094,ASSIGNED,FAILED,DC-10-Z10,DC-10-Z06,2026-09-02T07:54:00
TSK-001740-2,ORD-001740,DC-10,STAGE,RBT-0595,EXECUTING,COMPLETE,DC-10-Z07,DC-10-Z08,2026-09-02T07:43:00
TSK-001740-3,ORD-001740,DC-10,REPLENISH,RBT-0027,QUEUED,FAILED,DC-10-Z02,DC-10-Z03,2026-09-02T08:43:00
TSK-001740-4,ORD-001740,DC-10,STAGE,RBT-0341,ASSIGNED,EXECUTING,DC-10-Z03,DC-10-Z05,2026-09-02T08:32:00
TSK-001741-1,ORD-001741,DC-17,PACK_FEED,RBT-0399,QUEUED,COMPLETE,DC-17-Z10,DC-17-Z04,2026-08-04T23:00:00
TSK-001741-2,ORD-001741,DC-17,STAGE,RBT-0497,ASSIGNED,QUEUED,DC-17-Z08,DC-17-Z11,2026-08-04T22:11:00
TSK-001742-1,ORD-001742,DC-08,MOVE,RBT-0148,EXECUTING,EXECUTING,DC-08-Z05,DC-08-Z05,2026-08-12T05:31:00
TSK-001742-2,ORD-001742,DC-08,REPLENISH,RBT-0202,ASSIGNED,ASSIGNED,DC-08-Z05,DC-08-Z08,2026-08-12T05:25:00
TSK-001743-1,ORD-001743,DC-07,PACK_FEED,RBT-0449,ASSIGNED,EXECUTING,DC-07-Z03,DC-07-Z09,2026-08-16T21:09:00
TSK-001743-2,ORD-001743,DC-07,PICK,RBT-0096,EXECUTING,COMPLETE,DC-07-Z02,DC-07-Z03,2026-08-16T20:52:00
TSK-001743-3,ORD-001743,DC-07,PICK,RBT-0271,ASSIGNED,QUEUED,DC-07-Z03,DC-07-Z11,2026-08-16T20:39:00
TSK-001743-4,ORD-001743,DC-07,STAGE,RBT-0710,QUEUED,ASSIGNED,DC-07-Z03,DC-07-Z03,2026-08-16T20:45:00
TSK-001744-1,ORD-001744,DC-12,PACK_FEED,RBT-0009,COMPLETE,FAILED,DC-12-Z06,DC-12-Z11,2026-08-06T08:03:00
TSK-001744-2,ORD-001744,DC-12,STAGE,RBT-0299,BLOCKED,QUEUED,DC-12-Z11,DC-12-Z12,2026-08-06T07:19:00
TSK-001744-3,ORD-001744,DC-12,STAGE,RBT-0207,ASSIGNED,ASSIGNED,DC-12-Z12,DC-12-Z04,2026-08-06T08:33:00
TSK-001744-4,ORD-001744,DC-12,PACK_FEED,RBT-0528,EXECUTING,EXECUTING,DC-12-Z03,DC-12-Z04,2026-08-06T08:50:00
TSK-001745-1,ORD-001745,DC-17,STAGE,RBT-0341,COMPLETE,COMPLETE,DC-17-Z05,DC-17-Z01,2026-08-01T12:18:00
TSK-001745-2,ORD-001745,DC-17,MOVE,RBT-0014,QUEUED,ASSIGNED,DC-17-Z06,DC-17-Z07,2026-08-01T13:49:00
TSK-001745-3,ORD-001745,DC-17,PICK,RBT-0447,EXECUTING,EXECUTING,DC-17-Z09,DC-17-Z01,2026-08-01T13:12:00
TSK-001745-4,ORD-001745,DC-17,MOVE,RBT-0211,ASSIGNED,ASSIGNED,DC-17-Z11,DC-17-Z05,2026-08-01T13:46:00
TSK-001746-1,ORD-001746,DC-18,PACK_FEED,RBT-0299,ASSIGNED,FAILED,DC-18-Z04,DC-18-Z11,2026-08-16T11:39:00
TSK-001746-2,ORD-001746,DC-18,MOVE,RBT-0405,ASSIGNED,FAILED,DC-18-Z03,DC-18-Z01,2026-08-16T12:57:00
TSK-001746-3,ORD-001746,DC-18,MOVE,RBT-0682,COMPLETE,FAILED,DC-18-Z12,DC-18-Z05,2026-08-16T12:14:00
TSK-001747-1,ORD-001747,DC-01,PACK_FEED,RBT-0641,ASSIGNED,FAILED,DC-01-Z11,DC-01-Z05,2026-08-13T09:52:00
TSK-001747-2,ORD-001747,DC-01,PICK,RBT-0673,EXECUTING,EXECUTING,DC-01-Z01,DC-01-Z04,2026-08-13T09:34:00
TSK-001748-1,ORD-001748,DC-14,PACK_FEED,RBT-0273,ASSIGNED,FAILED,DC-14-Z06,DC-14-Z12,2026-08-13T03:04:00
TSK-001748-2,ORD-001748,DC-14,REPLENISH,RBT-0649,QUEUED,FAILED,DC-14-Z04,DC-14-Z06,2026-08-13T03:28:00
TSK-001749-1,ORD-001749,DC-14,STAGE,RBT-0366,ASSIGNED,COMPLETE,DC-14-Z12,DC-14-Z04,2026-08-13T03:09:00
TSK-001750-1,ORD-001750,DC-07,STAGE,RBT-0042,BLOCKED,COMPLETE,DC-07-Z06,DC-07-Z06,2026-08-26T13:47:00
TSK-001750-2,ORD-001750,DC-07,MOVE,RBT-0317,COMPLETE,ASSIGNED,DC-07-Z03,DC-07-Z07,2026-08-26T12:39:00
TSK-001750-3,ORD-001750,DC-07,STAGE,RBT-0401,ASSIGNED,FAILED,DC-07-Z09,DC-07-Z04,2026-08-26T14:05:00
TSK-001751-1,ORD-001751,DC-17,REPLENISH,RBT-0146,ASSIGNED,COMPLETE,DC-17-Z07,DC-17-Z03,2026-08-30T00:50:00
TSK-001751-2,ORD-001751,DC-17,REPLENISH,RBT-0002,BLOCKED,EXECUTING,DC-17-Z05,DC-17-Z12,2026-08-30T00:44:00
TSK-001752-1,ORD-001752,DC-06,STAGE,RBT-0239,EXECUTING,COMPLETE,DC-06-Z02,DC-06-Z01,2026-08-16T20:45:00
TSK-001753-1,ORD-001753,DC-14,STAGE,RBT-0696,BLOCKED,ASSIGNED,DC-14-Z06,DC-14-Z09,2026-08-08T21:03:00
TSK-001753-2,ORD-001753,DC-14,MOVE,RBT-0553,QUEUED,COMPLETE,DC-14-Z04,DC-14-Z02,2026-08-08T21:16:00
TSK-001754-1,ORD-001754,DC-12,PICK,RBT-0048,QUEUED,QUEUED,DC-12-Z08,DC-12-Z05,2026-08-12T22:07:00
TSK-001754-2,ORD-001754,DC-12,PACK_FEED,RBT-0010,QUEUED,COMPLETE,DC-12-Z08,DC-12-Z12,2026-08-12T22:21:00
TSK-001754-3,ORD-001754,DC-12,MOVE,RBT-0037,BLOCKED,QUEUED,DC-12-Z10,DC-12-Z07,2026-08-12T21:20:00
TSK-001754-4,ORD-001754,DC-12,STAGE,RBT-0659,COMPLETE,COMPLETE,DC-12-Z11,DC-12-Z09,2026-08-12T22:40:00
TSK-001755-1,ORD-001755,DC-01,PICK,RBT-0517,EXECUTING,FAILED,DC-01-Z04,DC-01-Z06,2026-08-05T09:56:00
TSK-001755-2,ORD-001755,DC-01,STAGE,RBT-0524,BLOCKED,COMPLETE,DC-01-Z03,DC-01-Z01,2026-08-05T10:04:00
TSK-001756-1,ORD-001756,DC-18,PICK,RBT-0166,BLOCKED,ASSIGNED,DC-18-Z07,DC-18-Z08,2026-08-19T04:44:00
TSK-001756-2,ORD-001756,DC-18,REPLENISH,RBT-0013,COMPLETE,FAILED,DC-18-Z10,DC-18-Z09,2026-08-19T04:58:00
TSK-001757-1,ORD-001757,DC-01,PACK_FEED,RBT-0670,COMPLETE,COMPLETE,DC-01-Z12,DC-01-Z11,2026-08-03T13:18:00
TSK-001757-2,ORD-001757,DC-01,PACK_FEED,RBT-0082,EXECUTING,ASSIGNED,DC-01-Z04,DC-01-Z02,2026-08-03T12:54:00
TSK-001757-3,ORD-001757,DC-01,PACK_FEED,RBT-0121,EXECUTING,ASSIGNED,DC-01-Z11,DC-01-Z12,2026-08-03T13:03:00
TSK-001757-4,ORD-001757,DC-01,REPLENISH,RBT-0426,QUEUED,ASSIGNED,DC-01-Z05,DC-01-Z12,2026-08-03T11:45:00
TSK-001758-1,ORD-001758,DC-18,MOVE,RBT-0006,COMPLETE,QUEUED,DC-18-Z06,DC-18-Z06,2026-08-26T12:53:00
TSK-001758-2,ORD-001758,DC-18,MOVE,RBT-0500,COMPLETE,QUEUED,DC-18-Z03,DC-18-Z12,2026-08-26T12:19:00
TSK-001758-3,ORD-001758,DC-18,STAGE,RBT-0652,QUEUED,ASSIGNED,DC-18-Z07,DC-18-Z03,2026-08-26T12:53:00
TSK-001759-1,ORD-001759,DC-05,REPLENISH,RBT-0307,ASSIGNED,EXECUTING,DC-05-Z11,DC-05-Z03,2026-08-23T15:38:00
TSK-001759-2,ORD-001759,DC-05,MOVE,RBT-0645,QUEUED,ASSIGNED,DC-05-Z07,DC-05-Z06,2026-08-23T16:59:00
TSK-001759-3,ORD-001759,DC-05,PACK_FEED,RBT-0616,BLOCKED,QUEUED,DC-05-Z02,DC-05-Z06,2026-08-23T15:26:00
TSK-001759-4,ORD-001759,DC-05,PACK_FEED,RBT-0063,ASSIGNED,EXECUTING,DC-05-Z07,DC-05-Z02,2026-08-23T16:13:00
TSK-001760-1,ORD-001760,DC-13,PICK,RBT-0606,BLOCKED,ASSIGNED,DC-13-Z08,DC-13-Z11,2026-08-24T06:49:00
TSK-001760-2,ORD-001760,DC-13,STAGE,RBT-0404,BLOCKED,ASSIGNED,DC-13-Z08,DC-13-Z04,2026-08-24T08:08:00
TSK-001760-3,ORD-001760,DC-13,MOVE,RBT-0286,COMPLETE,QUEUED,DC-13-Z04,DC-13-Z04,2026-08-24T07:13:00
TSK-001760-4,ORD-001760,DC-13,PICK,RBT-0679,ASSIGNED,EXECUTING,DC-13-Z02,DC-13-Z08,2026-08-24T07:23:00
TSK-001761-1,ORD-001761,DC-03,REPLENISH,RBT-0435,BLOCKED,EXECUTING,DC-03-Z04,DC-03-Z06,2026-09-04T14:36:00
TSK-001761-2,ORD-001761,DC-03,PICK,RBT-0674,EXECUTING,ASSIGNED,DC-03-Z11,DC-03-Z12,2026-09-04T13:58:00
TSK-001761-3,ORD-001761,DC-03,STAGE,RBT-0110,EXECUTING,COMPLETE,DC-03-Z12,DC-03-Z08,2026-09-04T14:59:00
TSK-001762-1,ORD-001762,DC-11,STAGE,RBT-0174,COMPLETE,EXECUTING,DC-11-Z04,DC-11-Z11,2026-08-05T19:27:00
TSK-001762-2,ORD-001762,DC-11,PICK,RBT-0535,QUEUED,QUEUED,DC-11-Z03,DC-11-Z03,2026-08-05T18:49:00
TSK-001762-3,ORD-001762,DC-11,REPLENISH,RBT-0237,COMPLETE,ASSIGNED,DC-11-Z12,DC-11-Z01,2026-08-05T20:06:00
TSK-001762-4,ORD-001762,DC-11,REPLENISH,RBT-0436,ASSIGNED,QUEUED,DC-11-Z06,DC-11-Z02,2026-08-05T20:43:00
TSK-001763-1,ORD-001763,DC-18,REPLENISH,RBT-0088,ASSIGNED,QUEUED,DC-18-Z12,DC-18-Z02,2026-08-17T12:04:00
TSK-001763-2,ORD-001763,DC-18,PACK_FEED,RBT-0651,EXECUTING,COMPLETE,DC-18-Z05,DC-18-Z07,2026-08-17T12:25:00
TSK-001763-3,ORD-001763,DC-18,REPLENISH,RBT-0673,BLOCKED,COMPLETE,DC-18-Z01,DC-18-Z07,2026-08-17T11:11:00
TSK-001764-1,ORD-001764,DC-05,STAGE,RBT-0028,QUEUED,FAILED,DC-05-Z08,DC-05-Z03,2026-09-03T21:40:00
TSK-001764-2,ORD-001764,DC-05,PICK,RBT-0442,ASSIGNED,EXECUTING,DC-05-Z12,DC-05-Z10,2026-09-03T21:09:00
TSK-001765-1,ORD-001765,DC-13,PICK,RBT-0507,EXECUTING,COMPLETE,DC-13-Z02,DC-13-Z06,2026-08-26T15:17:00
TSK-001765-2,ORD-001765,DC-13,PICK,RBT-0599,COMPLETE,QUEUED,DC-13-Z07,DC-13-Z07,2026-08-26T15:41:00
TSK-001766-1,ORD-001766,DC-07,REPLENISH,RBT-0233,ASSIGNED,EXECUTING,DC-07-Z11,DC-07-Z07,2026-08-22T21:25:00
TSK-001766-2,ORD-001766,DC-07,PACK_FEED,RBT-0199,EXECUTING,EXECUTING,DC-07-Z03,DC-07-Z05,2026-08-22T22:59:00
TSK-001767-1,ORD-001767,DC-13,PACK_FEED,RBT-0338,BLOCKED,FAILED,DC-13-Z09,DC-13-Z07,2026-08-12T08:16:00
TSK-001768-1,ORD-001768,DC-09,REPLENISH,RBT-0626,BLOCKED,FAILED,DC-09-Z07,DC-09-Z04,2026-09-04T23:04:00
TSK-001768-2,ORD-001768,DC-09,PICK,RBT-0051,COMPLETE,COMPLETE,DC-09-Z08,DC-09-Z01,2026-09-05T00:40:00
TSK-001769-1,ORD-001769,DC-02,PICK,RBT-0141,BLOCKED,EXECUTING,DC-02-Z04,DC-02-Z12,2026-08-12T02:18:00
TSK-001769-2,ORD-001769,DC-02,PICK,RBT-0343,COMPLETE,COMPLETE,DC-02-Z03,DC-02-Z12,2026-08-12T01:40:00
TSK-001770-1,ORD-001770,DC-08,MOVE,RBT-0502,QUEUED,FAILED,DC-08-Z02,DC-08-Z03,2026-08-26T05:26:00
TSK-001770-2,ORD-001770,DC-08,STAGE,RBT-0594,ASSIGNED,COMPLETE,DC-08-Z11,DC-08-Z02,2026-08-26T05:57:00
TSK-001770-3,ORD-001770,DC-08,PACK_FEED,RBT-0560,EXECUTING,ASSIGNED,DC-08-Z08,DC-08-Z11,2026-08-26T06:36:00
TSK-001770-4,ORD-001770,DC-08,PICK,RBT-0408,COMPLETE,ASSIGNED,DC-08-Z07,DC-08-Z05,2026-08-26T06:08:00
TSK-001771-1,ORD-001771,DC-08,PICK,RBT-0350,EXECUTING,ASSIGNED,DC-08-Z12,DC-08-Z06,2026-08-16T15:53:00
TSK-001771-2,ORD-001771,DC-08,PACK_FEED,RBT-0649,COMPLETE,ASSIGNED,DC-08-Z10,DC-08-Z06,2026-08-16T15:31:00
TSK-001771-3,ORD-001771,DC-08,STAGE,RBT-0589,ASSIGNED,EXECUTING,DC-08-Z01,DC-08-Z07,2026-08-16T15:17:00
TSK-001771-4,ORD-001771,DC-08,STAGE,RBT-0459,EXECUTING,QUEUED,DC-08-Z11,DC-08-Z11,2026-08-16T15:48:00
TSK-001772-1,ORD-001772,DC-02,PACK_FEED,RBT-0156,BLOCKED,FAILED,DC-02-Z04,DC-02-Z01,2026-08-28T20:05:00
TSK-001772-2,ORD-001772,DC-02,STAGE,RBT-0149,BLOCKED,EXECUTING,DC-02-Z08,DC-02-Z01,2026-08-28T20:36:00
TSK-001772-3,ORD-001772,DC-02,PACK_FEED,RBT-0397,QUEUED,QUEUED,DC-02-Z02,DC-02-Z11,2026-08-28T19:17:00
TSK-001773-1,ORD-001773,DC-17,PICK,RBT-0232,COMPLETE,COMPLETE,DC-17-Z09,DC-17-Z10,2026-08-10T14:24:00
TSK-001773-2,ORD-001773,DC-17,PACK_FEED,RBT-0417,BLOCKED,ASSIGNED,DC-17-Z10,DC-17-Z09,2026-08-10T15:21:00
TSK-001774-1,ORD-001774,DC-18,REPLENISH,RBT-0435,QUEUED,FAILED,DC-18-Z05,DC-18-Z12,2026-08-24T04:47:00
TSK-001775-1,ORD-001775,DC-14,PICK,RBT-0470,COMPLETE,QUEUED,DC-14-Z01,DC-14-Z01,2026-08-20T05:23:00
TSK-001776-1,ORD-001776,DC-15,REPLENISH,RBT-0475,COMPLETE,COMPLETE,DC-15-Z01,DC-15-Z08,2026-08-29T12:18:00
TSK-001776-2,ORD-001776,DC-15,PACK_FEED,RBT-0134,EXECUTING,FAILED,DC-15-Z09,DC-15-Z11,2026-08-29T12:14:00
TSK-001776-3,ORD-001776,DC-15,MOVE,RBT-0142,ASSIGNED,EXECUTING,DC-15-Z01,DC-15-Z05,2026-08-29T10:55:00
TSK-001777-1,ORD-001777,DC-07,PACK_FEED,RBT-0207,BLOCKED,FAILED,DC-07-Z10,DC-07-Z04,2026-08-29T15:34:00
TSK-001777-2,ORD-001777,DC-07,PICK,RBT-0547,ASSIGNED,ASSIGNED,DC-07-Z09,DC-07-Z11,2026-08-29T16:25:00
TSK-001777-3,ORD-001777,DC-07,STAGE,RBT-0451,QUEUED,FAILED,DC-07-Z04,DC-07-Z08,2026-08-29T16:19:00
TSK-001777-4,ORD-001777,DC-07,REPLENISH,RBT-0327,QUEUED,COMPLETE,DC-07-Z04,DC-07-Z03,2026-08-29T15:45:00
TSK-001778-1,ORD-001778,DC-18,MOVE,RBT-0302,COMPLETE,ASSIGNED,DC-18-Z10,DC-18-Z12,2026-08-20T22:23:00
TSK-001778-2,ORD-001778,DC-18,REPLENISH,RBT-0164,COMPLETE,COMPLETE,DC-18-Z08,DC-18-Z02,2026-08-20T22:17:00
TSK-001779-1,ORD-001779,DC-05,MOVE,RBT-0066,BLOCKED,ASSIGNED,DC-05-Z07,DC-05-Z05,2026-08-31T19:56:00
TSK-001779-2,ORD-001779,DC-05,PICK,RBT-0615,ASSIGNED,COMPLETE,DC-05-Z07,DC-05-Z05,2026-08-31T19:24:00
TSK-001779-3,ORD-001779,DC-05,PACK_FEED,RBT-0684,BLOCKED,EXECUTING,DC-05-Z06,DC-05-Z07,2026-08-31T19:17:00
TSK-001780-1,ORD-001780,DC-13,PACK_FEED,RBT-0123,COMPLETE,COMPLETE,DC-13-Z12,DC-13-Z09,2026-08-06T05:17:00
TSK-001781-1,ORD-001781,DC-04,PACK_FEED,RBT-0056,ASSIGNED,QUEUED,DC-04-Z03,DC-04-Z06,2026-08-22T16:14:00
TSK-001781-2,ORD-001781,DC-04,STAGE,RBT-0594,QUEUED,COMPLETE,DC-04-Z10,DC-04-Z03,2026-08-22T16:31:00
TSK-001781-3,ORD-001781,DC-04,REPLENISH,RBT-0355,QUEUED,EXECUTING,DC-04-Z07,DC-04-Z02,2026-08-22T15:26:00
TSK-001781-4,ORD-001781,DC-04,STAGE,RBT-0387,EXECUTING,COMPLETE,DC-04-Z08,DC-04-Z06,2026-08-22T16:16:00
TSK-001782-1,ORD-001782,DC-04,STAGE,RBT-0217,ASSIGNED,FAILED,DC-04-Z01,DC-04-Z06,2026-08-25T04:13:00
TSK-001782-2,ORD-001782,DC-04,REPLENISH,RBT-0252,EXECUTING,QUEUED,DC-04-Z06,DC-04-Z03,2026-08-25T04:34:00
TSK-001783-1,ORD-001783,DC-04,REPLENISH,RBT-0592,BLOCKED,QUEUED,DC-04-Z06,DC-04-Z01,2026-08-20T15:36:00
TSK-001784-1,ORD-001784,DC-11,REPLENISH,RBT-0529,COMPLETE,ASSIGNED,DC-11-Z01,DC-11-Z06,2026-08-30T04:37:00
TSK-001784-2,ORD-001784,DC-11,PICK,RBT-0033,COMPLETE,FAILED,DC-11-Z04,DC-11-Z02,2026-08-30T04:35:00
TSK-001785-1,ORD-001785,DC-05,PICK,RBT-0476,COMPLETE,ASSIGNED,DC-05-Z06,DC-05-Z05,2026-08-08T04:19:00
TSK-001785-2,ORD-001785,DC-05,PICK,RBT-0333,EXECUTING,FAILED,DC-05-Z10,DC-05-Z07,2026-08-08T04:52:00
TSK-001785-3,ORD-001785,DC-05,PICK,RBT-0464,BLOCKED,QUEUED,DC-05-Z11,DC-05-Z11,2026-08-08T05:07:00
TSK-001786-1,ORD-001786,DC-09,MOVE,RBT-0671,COMPLETE,COMPLETE,DC-09-Z08,DC-09-Z12,2026-08-23T06:45:00
TSK-001786-2,ORD-001786,DC-09,PICK,RBT-0265,BLOCKED,COMPLETE,DC-09-Z10,DC-09-Z10,2026-08-23T07:19:00
TSK-001786-3,ORD-001786,DC-09,MOVE,RBT-0414,COMPLETE,COMPLETE,DC-09-Z07,DC-09-Z03,2026-08-23T06:53:00
TSK-001786-4,ORD-001786,DC-09,STAGE,RBT-0113,COMPLETE,EXECUTING,DC-09-Z03,DC-09-Z04,2026-08-23T05:50:00
TSK-001787-1,ORD-001787,DC-14,REPLENISH,RBT-0683,EXECUTING,QUEUED,DC-14-Z03,DC-14-Z06,2026-08-20T18:02:00
TSK-001787-2,ORD-001787,DC-14,STAGE,RBT-0474,ASSIGNED,FAILED,DC-14-Z06,DC-14-Z10,2026-08-20T18:03:00
TSK-001788-1,ORD-001788,DC-05,STAGE,RBT-0440,ASSIGNED,FAILED,DC-05-Z03,DC-05-Z09,2026-08-05T12:55:00
TSK-001788-2,ORD-001788,DC-05,STAGE,RBT-0297,QUEUED,EXECUTING,DC-05-Z11,DC-05-Z08,2026-08-05T12:50:00
TSK-001788-3,ORD-001788,DC-05,PACK_FEED,RBT-0287,QUEUED,ASSIGNED,DC-05-Z09,DC-05-Z05,2026-08-05T12:52:00
TSK-001789-1,ORD-001789,DC-02,STAGE,RBT-0098,EXECUTING,QUEUED,DC-02-Z03,DC-02-Z10,2026-08-10T18:18:00
TSK-001789-2,ORD-001789,DC-02,PACK_FEED,RBT-0239,EXECUTING,EXECUTING,DC-02-Z10,DC-02-Z09,2026-08-10T18:53:00
TSK-001789-3,ORD-001789,DC-02,PACK_FEED,RBT-0282,EXECUTING,QUEUED,DC-02-Z03,DC-02-Z03,2026-08-10T17:42:00
TSK-001789-4,ORD-001789,DC-02,STAGE,RBT-0012,COMPLETE,COMPLETE,DC-02-Z03,DC-02-Z02,2026-08-10T17:36:00
TSK-001790-1,ORD-001790,DC-18,PACK_FEED,RBT-0069,ASSIGNED,ASSIGNED,DC-18-Z10,DC-18-Z07,2026-09-03T16:38:00
TSK-001790-2,ORD-001790,DC-18,PICK,RBT-0511,QUEUED,EXECUTING,DC-18-Z07,DC-18-Z12,2026-09-03T18:00:00
TSK-001790-3,ORD-001790,DC-18,STAGE,RBT-0385,EXECUTING,ASSIGNED,DC-18-Z05,DC-18-Z02,2026-09-03T17:59:00
TSK-001791-1,ORD-001791,DC-04,PICK,RBT-0130,QUEUED,ASSIGNED,DC-04-Z09,DC-04-Z11,2026-08-15T06:24:00
TSK-001791-2,ORD-001791,DC-04,REPLENISH,RBT-0234,QUEUED,QUEUED,DC-04-Z09,DC-04-Z11,2026-08-15T06:19:00
TSK-001792-1,ORD-001792,DC-09,REPLENISH,RBT-0086,BLOCKED,EXECUTING,DC-09-Z01,DC-09-Z11,2026-08-04T02:38:00
TSK-001792-2,ORD-001792,DC-09,REPLENISH,RBT-0308,EXECUTING,EXECUTING,DC-09-Z03,DC-09-Z01,2026-08-04T02:16:00
TSK-001792-3,ORD-001792,DC-09,PICK,RBT-0163,EXECUTING,EXECUTING,DC-09-Z12,DC-09-Z11,2026-08-04T02:46:00
TSK-001793-1,ORD-001793,DC-02,STAGE,RBT-0094,COMPLETE,COMPLETE,DC-02-Z04,DC-02-Z11,2026-08-17T08:51:00
TSK-001794-1,ORD-001794,DC-15,PICK,RBT-0593,EXECUTING,QUEUED,DC-15-Z03,DC-15-Z10,2026-08-08T15:40:00
TSK-001794-2,ORD-001794,DC-15,PICK,RBT-0123,ASSIGNED,COMPLETE,DC-15-Z09,DC-15-Z12,2026-08-08T14:32:00
TSK-001794-3,ORD-001794,DC-15,PICK,RBT-0261,COMPLETE,ASSIGNED,DC-15-Z10,DC-15-Z04,2026-08-08T15:48:00
TSK-001794-4,ORD-001794,DC-15,REPLENISH,RBT-0618,COMPLETE,EXECUTING,DC-15-Z05,DC-15-Z05,2026-08-08T14:25:00
TSK-001795-1,ORD-001795,DC-12,PICK,RBT-0640,QUEUED,ASSIGNED,DC-12-Z06,DC-12-Z01,2026-08-25T15:06:00
TSK-001796-1,ORD-001796,DC-16,REPLENISH,RBT-0407,ASSIGNED,QUEUED,DC-16-Z05,DC-16-Z12,2026-08-14T20:05:00
TSK-001796-2,ORD-001796,DC-16,STAGE,RBT-0136,QUEUED,ASSIGNED,DC-16-Z05,DC-16-Z10,2026-08-14T19:57:00
TSK-001796-3,ORD-001796,DC-16,MOVE,RBT-0356,EXECUTING,QUEUED,DC-16-Z10,DC-16-Z12,2026-08-14T18:52:00
TSK-001797-1,ORD-001797,DC-04,PACK_FEED,RBT-0478,BLOCKED,ASSIGNED,DC-04-Z10,DC-04-Z04,2026-08-28T14:29:00
TSK-001797-2,ORD-001797,DC-04,MOVE,RBT-0316,QUEUED,ASSIGNED,DC-04-Z04,DC-04-Z05,2026-08-28T14:14:00
TSK-001797-3,ORD-001797,DC-04,MOVE,RBT-0492,COMPLETE,ASSIGNED,DC-04-Z08,DC-04-Z04,2026-08-28T13:50:00
TSK-001797-4,ORD-001797,DC-04,STAGE,RBT-0110,ASSIGNED,FAILED,DC-04-Z09,DC-04-Z03,2026-08-28T14:40:00
TSK-001798-1,ORD-001798,DC-15,PACK_FEED,RBT-0508,EXECUTING,FAILED,DC-15-Z03,DC-15-Z01,2026-08-02T23:12:00
TSK-001798-2,ORD-001798,DC-15,PICK,RBT-0295,EXECUTING,EXECUTING,DC-15-Z12,DC-15-Z05,2026-08-02T22:10:00
TSK-001798-3,ORD-001798,DC-15,PICK,RBT-0508,BLOCKED,ASSIGNED,DC-15-Z04,DC-15-Z03,2026-08-02T22:17:00
TSK-001798-4,ORD-001798,DC-15,STAGE,RBT-0080,ASSIGNED,FAILED,DC-15-Z09,DC-15-Z09,2026-08-02T22:37:00
TSK-001799-1,ORD-001799,DC-15,PICK,RBT-0205,EXECUTING,ASSIGNED,DC-15-Z10,DC-15-Z10,2026-08-14T14:50:00
TSK-001799-2,ORD-001799,DC-15,PICK,RBT-0705,COMPLETE,QUEUED,DC-15-Z01,DC-15-Z07,2026-08-14T14:05:00
TSK-001800-1,ORD-001800,DC-12,REPLENISH,RBT-0673,BLOCKED,FAILED,DC-12-Z07,DC-12-Z09,2026-08-27T06:03:00
TSK-001800-2,ORD-001800,DC-12,PICK,RBT-0025,ASSIGNED,EXECUTING,DC-12-Z05,DC-12-Z05,2026-08-27T06:53:00
TSK-001801-1,ORD-001801,DC-10,REPLENISH,RBT-0375,COMPLETE,COMPLETE,DC-10-Z11,DC-10-Z11,2026-09-03T15:26:00
TSK-001802-1,ORD-001802,DC-09,STAGE,RBT-0448,EXECUTING,FAILED,DC-09-Z08,DC-09-Z03,2026-08-09T23:41:00
TSK-001802-2,ORD-001802,DC-09,REPLENISH,RBT-0673,BLOCKED,FAILED,DC-09-Z09,DC-09-Z06,2026-08-10T01:15:00
TSK-001802-3,ORD-001802,DC-09,PACK_FEED,RBT-0412,BLOCKED,QUEUED,DC-09-Z10,DC-09-Z08,2026-08-10T00:21:00
TSK-001802-4,ORD-001802,DC-09,STAGE,RBT-0519,EXECUTING,ASSIGNED,DC-09-Z12,DC-09-Z04,2026-08-10T00:03:00
TSK-001803-1,ORD-001803,DC-10,MOVE,RBT-0582,EXECUTING,COMPLETE,DC-10-Z10,DC-10-Z11,2026-08-19T06:11:00
TSK-001804-1,ORD-001804,DC-11,REPLENISH,RBT-0583,QUEUED,QUEUED,DC-11-Z06,DC-11-Z05,2026-09-01T02:33:00
TSK-001805-1,ORD-001805,DC-12,PICK,RBT-0627,ASSIGNED,ASSIGNED,DC-12-Z04,DC-12-Z07,2026-08-05T19:00:00
TSK-001805-2,ORD-001805,DC-12,PACK_FEED,RBT-0300,EXECUTING,EXECUTING,DC-12-Z12,DC-12-Z05,2026-08-05T19:02:00
TSK-001805-3,ORD-001805,DC-12,REPLENISH,RBT-0094,ASSIGNED,QUEUED,DC-12-Z06,DC-12-Z10,2026-08-05T20:31:00
TSK-001805-4,ORD-001805,DC-12,REPLENISH,RBT-0664,EXECUTING,QUEUED,DC-12-Z08,DC-12-Z07,2026-08-05T20:13:00
TSK-001806-1,ORD-001806,DC-17,STAGE,RBT-0310,EXECUTING,ASSIGNED,DC-17-Z01,DC-17-Z10,2026-08-10T11:57:00
TSK-001807-1,ORD-001807,DC-18,PICK,RBT-0498,QUEUED,FAILED,DC-18-Z04,DC-18-Z03,2026-08-14T08:08:00
TSK-001807-2,ORD-001807,DC-18,PICK,RBT-0154,QUEUED,ASSIGNED,DC-18-Z10,DC-18-Z01,2026-08-14T09:02:00
TSK-001808-1,ORD-001808,DC-07,PICK,RBT-0093,BLOCKED,ASSIGNED,DC-07-Z01,DC-07-Z12,2026-08-13T01:45:00
TSK-001808-2,ORD-001808,DC-07,PICK,RBT-0588,QUEUED,COMPLETE,DC-07-Z04,DC-07-Z10,2026-08-13T01:25:00
TSK-001808-3,ORD-001808,DC-07,MOVE,RBT-0370,BLOCKED,ASSIGNED,DC-07-Z07,DC-07-Z06,2026-08-13T00:44:00
TSK-001809-1,ORD-001809,DC-15,PACK_FEED,RBT-0673,COMPLETE,EXECUTING,DC-15-Z01,DC-15-Z09,2026-08-28T19:43:00
TSK-001810-1,ORD-001810,DC-15,STAGE,RBT-0426,ASSIGNED,ASSIGNED,DC-15-Z02,DC-15-Z11,2026-08-09T21:34:00
TSK-001810-2,ORD-001810,DC-15,STAGE,RBT-0706,BLOCKED,COMPLETE,DC-15-Z07,DC-15-Z08,2026-08-09T21:49:00
TSK-001811-1,ORD-001811,DC-16,REPLENISH,RBT-0549,EXECUTING,QUEUED,DC-16-Z03,DC-16-Z12,2026-08-01T20:55:00
TSK-001811-2,ORD-001811,DC-16,PICK,RBT-0186,BLOCKED,ASSIGNED,DC-16-Z05,DC-16-Z03,2026-08-01T21:19:00
TSK-001812-1,ORD-001812,DC-15,PICK,RBT-0089,BLOCKED,ASSIGNED,DC-15-Z06,DC-15-Z10,2026-08-10T00:57:00
TSK-001812-2,ORD-001812,DC-15,STAGE,RBT-0393,EXECUTING,EXECUTING,DC-15-Z03,DC-15-Z05,2026-08-10T02:44:00
TSK-001812-3,ORD-001812,DC-15,PICK,RBT-0291,BLOCKED,FAILED,DC-15-Z08,DC-15-Z10,2026-08-10T02:43:00
TSK-001812-4,ORD-001812,DC-15,MOVE,RBT-0103,QUEUED,QUEUED,DC-15-Z11,DC-15-Z05,2026-08-10T02:55:00
TSK-001813-1,ORD-001813,DC-13,PACK_FEED,RBT-0688,BLOCKED,ASSIGNED,DC-13-Z02,DC-13-Z05,2026-08-19T22:52:00
TSK-001813-2,ORD-001813,DC-13,PICK,RBT-0398,EXECUTING,EXECUTING,DC-13-Z12,DC-13-Z03,2026-08-19T21:53:00
TSK-001813-3,ORD-001813,DC-13,REPLENISH,RBT-0708,EXECUTING,COMPLETE,DC-13-Z04,DC-13-Z10,2026-08-19T21:53:00
TSK-001813-4,ORD-001813,DC-13,PACK_FEED,RBT-0278,BLOCKED,FAILED,DC-13-Z09,DC-13-Z03,2026-08-19T23:23:00
TSK-001814-1,ORD-001814,DC-13,STAGE,RBT-0442,ASSIGNED,EXECUTING,DC-13-Z04,DC-13-Z04,2026-08-31T14:42:00
TSK-001814-2,ORD-001814,DC-13,PICK,RBT-0022,BLOCKED,FAILED,DC-13-Z10,DC-13-Z04,2026-08-31T14:41:00
TSK-001815-1,ORD-001815,DC-07,MOVE,RBT-0365,COMPLETE,FAILED,DC-07-Z08,DC-07-Z01,2026-09-02T12:11:00
TSK-001816-1,ORD-001816,DC-17,REPLENISH,RBT-0594,COMPLETE,COMPLETE,DC-17-Z02,DC-17-Z10,2026-08-12T09:02:00
TSK-001816-2,ORD-001816,DC-17,STAGE,RBT-0687,QUEUED,FAILED,DC-17-Z12,DC-17-Z06,2026-08-12T08:53:00
TSK-001816-3,ORD-001816,DC-17,STAGE,RBT-0257,QUEUED,QUEUED,DC-17-Z07,DC-17-Z04,2026-08-12T08:27:00
TSK-001817-1,ORD-001817,DC-10,REPLENISH,RBT-0047,EXECUTING,COMPLETE,DC-10-Z10,DC-10-Z11,2026-08-21T04:00:00
TSK-001818-1,ORD-001818,DC-10,STAGE,RBT-0360,QUEUED,QUEUED,DC-10-Z03,DC-10-Z02,2026-08-02T05:25:00
TSK-001818-2,ORD-001818,DC-10,PACK_FEED,RBT-0278,EXECUTING,QUEUED,DC-10-Z01,DC-10-Z08,2026-08-02T05:29:00
TSK-001818-3,ORD-001818,DC-10,MOVE,RBT-0314,EXECUTING,QUEUED,DC-10-Z04,DC-10-Z07,2026-08-02T04:39:00
TSK-001818-4,ORD-001818,DC-10,MOVE,RBT-0539,EXECUTING,ASSIGNED,DC-10-Z09,DC-10-Z08,2026-08-02T04:48:00
TSK-001819-1,ORD-001819,DC-09,REPLENISH,RBT-0213,COMPLETE,EXECUTING,DC-09-Z12,DC-09-Z01,2026-08-28T09:17:00
TSK-001820-1,ORD-001820,DC-08,PACK_FEED,RBT-0373,EXECUTING,EXECUTING,DC-08-Z02,DC-08-Z12,2026-08-30T02:00:00
TSK-001820-2,ORD-001820,DC-08,PACK_FEED,RBT-0284,EXECUTING,COMPLETE,DC-08-Z04,DC-08-Z01,2026-08-30T00:59:00
TSK-001820-3,ORD-001820,DC-08,STAGE,RBT-0660,COMPLETE,EXECUTING,DC-08-Z08,DC-08-Z07,2026-08-30T02:19:00
TSK-001820-4,ORD-001820,DC-08,REPLENISH,RBT-0443,COMPLETE,EXECUTING,DC-08-Z04,DC-08-Z07,2026-08-30T02:30:00
TSK-001821-1,ORD-001821,DC-18,MOVE,RBT-0062,COMPLETE,EXECUTING,DC-18-Z12,DC-18-Z05,2026-08-31T07:35:00
TSK-001821-2,ORD-001821,DC-18,REPLENISH,RBT-0579,QUEUED,ASSIGNED,DC-18-Z06,DC-18-Z09,2026-08-31T06:44:00
TSK-001822-1,ORD-001822,DC-08,PACK_FEED,RBT-0660,QUEUED,ASSIGNED,DC-08-Z12,DC-08-Z04,2026-08-01T19:25:00
TSK-001822-2,ORD-001822,DC-08,PACK_FEED,RBT-0161,COMPLETE,COMPLETE,DC-08-Z10,DC-08-Z06,2026-08-01T20:17:00
TSK-001823-1,ORD-001823,DC-12,MOVE,RBT-0709,BLOCKED,EXECUTING,DC-12-Z01,DC-12-Z02,2026-08-09T20:22:00
TSK-001823-2,ORD-001823,DC-12,MOVE,RBT-0627,COMPLETE,ASSIGNED,DC-12-Z12,DC-12-Z12,2026-08-09T21:02:00
TSK-001824-1,ORD-001824,DC-04,STAGE,RBT-0546,COMPLETE,EXECUTING,DC-04-Z03,DC-04-Z08,2026-08-29T01:19:00
TSK-001824-2,ORD-001824,DC-04,PACK_FEED,RBT-0367,ASSIGNED,FAILED,DC-04-Z10,DC-04-Z08,2026-08-29T02:00:00
TSK-001824-3,ORD-001824,DC-04,PACK_FEED,RBT-0362,ASSIGNED,EXECUTING,DC-04-Z11,DC-04-Z03,2026-08-29T00:59:00
TSK-001825-1,ORD-001825,DC-12,REPLENISH,RBT-0040,EXECUTING,EXECUTING,DC-12-Z10,DC-12-Z08,2026-08-16T15:32:00
TSK-001826-1,ORD-001826,DC-10,STAGE,RBT-0699,BLOCKED,COMPLETE,DC-10-Z02,DC-10-Z02,2026-08-30T01:03:00
TSK-001826-2,ORD-001826,DC-10,STAGE,RBT-0340,BLOCKED,EXECUTING,DC-10-Z11,DC-10-Z01,2026-08-30T00:54:00
TSK-001826-3,ORD-001826,DC-10,STAGE,RBT-0234,BLOCKED,EXECUTING,DC-10-Z08,DC-10-Z04,2026-08-29T23:52:00
TSK-001826-4,ORD-001826,DC-10,REPLENISH,RBT-0154,ASSIGNED,QUEUED,DC-10-Z03,DC-10-Z10,2026-08-30T00:14:00
TSK-001827-1,ORD-001827,DC-14,PICK,RBT-0561,EXECUTING,ASSIGNED,DC-14-Z03,DC-14-Z03,2026-08-08T01:02:00
TSK-001827-2,ORD-001827,DC-14,PACK_FEED,RBT-0133,ASSIGNED,COMPLETE,DC-14-Z11,DC-14-Z01,2026-08-08T00:16:00
TSK-001827-3,ORD-001827,DC-14,REPLENISH,RBT-0183,ASSIGNED,FAILED,DC-14-Z12,DC-14-Z10,2026-08-07T23:10:00
TSK-001828-1,ORD-001828,DC-10,STAGE,RBT-0696,QUEUED,QUEUED,DC-10-Z04,DC-10-Z12,2026-08-16T02:02:00
TSK-001828-2,ORD-001828,DC-10,PACK_FEED,RBT-0132,ASSIGNED,QUEUED,DC-10-Z11,DC-10-Z11,2026-08-16T01:45:00
TSK-001828-3,ORD-001828,DC-10,STAGE,RBT-0448,EXECUTING,FAILED,DC-10-Z06,DC-10-Z06,2026-08-16T01:56:00
TSK-001829-1,ORD-001829,DC-06,STAGE,RBT-0709,EXECUTING,COMPLETE,DC-06-Z01,DC-06-Z12,2026-09-01T18:09:00
TSK-001829-2,ORD-001829,DC-06,REPLENISH,RBT-0442,BLOCKED,QUEUED,DC-06-Z02,DC-06-Z02,2026-09-01T16:55:00
TSK-001829-3,ORD-001829,DC-06,PACK_FEED,RBT-0449,COMPLETE,EXECUTING,DC-06-Z03,DC-06-Z05,2026-09-01T16:28:00
TSK-001829-4,ORD-001829,DC-06,PACK_FEED,RBT-0178,COMPLETE,FAILED,DC-06-Z08,DC-06-Z08,2026-09-01T16:31:00
TSK-001830-1,ORD-001830,DC-10,PICK,RBT-0296,BLOCKED,QUEUED,DC-10-Z11,DC-10-Z02,2026-08-31T12:00:00
TSK-001830-2,ORD-001830,DC-10,REPLENISH,RBT-0290,COMPLETE,ASSIGNED,DC-10-Z09,DC-10-Z09,2026-08-31T10:04:00
TSK-001831-1,ORD-001831,DC-16,STAGE,RBT-0093,EXECUTING,COMPLETE,DC-16-Z08,DC-16-Z01,2026-08-25T16:28:00
TSK-001832-1,ORD-001832,DC-03,PACK_FEED,RBT-0398,EXECUTING,FAILED,DC-03-Z12,DC-03-Z06,2026-08-27T22:27:00
TSK-001832-2,ORD-001832,DC-03,PACK_FEED,RBT-0156,COMPLETE,QUEUED,DC-03-Z05,DC-03-Z08,2026-08-27T22:58:00
TSK-001832-3,ORD-001832,DC-03,STAGE,RBT-0691,COMPLETE,ASSIGNED,DC-03-Z06,DC-03-Z02,2026-08-27T22:32:00
TSK-001833-1,ORD-001833,DC-06,MOVE,RBT-0265,ASSIGNED,FAILED,DC-06-Z01,DC-06-Z09,2026-08-03T10:51:00
TSK-001834-1,ORD-001834,DC-06,STAGE,RBT-0138,COMPLETE,ASSIGNED,DC-06-Z10,DC-06-Z07,2026-08-02T04:21:00
TSK-001835-1,ORD-001835,DC-12,PICK,RBT-0204,ASSIGNED,EXECUTING,DC-12-Z11,DC-12-Z12,2026-08-06T22:45:00
TSK-001836-1,ORD-001836,DC-05,STAGE,RBT-0558,BLOCKED,COMPLETE,DC-05-Z03,DC-05-Z03,2026-08-30T14:19:00
TSK-001836-2,ORD-001836,DC-05,REPLENISH,RBT-0513,EXECUTING,ASSIGNED,DC-05-Z03,DC-05-Z02,2026-08-30T14:15:00
TSK-001836-3,ORD-001836,DC-05,MOVE,RBT-0267,QUEUED,COMPLETE,DC-05-Z07,DC-05-Z10,2026-08-30T13:37:00
TSK-001836-4,ORD-001836,DC-05,PACK_FEED,RBT-0271,EXECUTING,FAILED,DC-05-Z05,DC-05-Z01,2026-08-30T14:29:00
TSK-001837-1,ORD-001837,DC-01,MOVE,RBT-0391,BLOCKED,COMPLETE,DC-01-Z01,DC-01-Z02,2026-08-01T15:02:00
TSK-001837-2,ORD-001837,DC-01,MOVE,RBT-0023,COMPLETE,FAILED,DC-01-Z02,DC-01-Z08,2026-08-01T15:21:00
TSK-001837-3,ORD-001837,DC-01,PICK,RBT-0240,ASSIGNED,FAILED,DC-01-Z08,DC-01-Z10,2026-08-01T15:01:00
TSK-001837-4,ORD-001837,DC-01,PICK,RBT-0458,EXECUTING,EXECUTING,DC-01-Z05,DC-01-Z11,2026-08-01T15:29:00
TSK-001838-1,ORD-001838,DC-01,REPLENISH,RBT-0453,COMPLETE,QUEUED,DC-01-Z11,DC-01-Z12,2026-08-16T23:01:00
TSK-001838-2,ORD-001838,DC-01,MOVE,RBT-0466,ASSIGNED,COMPLETE,DC-01-Z11,DC-01-Z02,2026-08-16T23:03:00
TSK-001838-3,ORD-001838,DC-01,REPLENISH,RBT-0319,EXECUTING,COMPLETE,DC-01-Z01,DC-01-Z03,2026-08-16T23:36:00
TSK-001838-4,ORD-001838,DC-01,PICK,RBT-0592,QUEUED,COMPLETE,DC-01-Z08,DC-01-Z02,2026-08-16T23:15:00
TSK-001839-1,ORD-001839,DC-03,PICK,RBT-0650,QUEUED,EXECUTING,DC-03-Z09,DC-03-Z04,2026-08-05T13:47:00
TSK-001840-1,ORD-001840,DC-06,PACK_FEED,RBT-0501,COMPLETE,FAILED,DC-06-Z03,DC-06-Z08,2026-09-01T08:33:00
TSK-001840-2,ORD-001840,DC-06,PACK_FEED,RBT-0245,ASSIGNED,EXECUTING,DC-06-Z10,DC-06-Z04,2026-09-01T07:40:00
TSK-001840-3,ORD-001840,DC-06,MOVE,RBT-0666,BLOCKED,FAILED,DC-06-Z08,DC-06-Z10,2026-09-01T09:08:00
TSK-001841-1,ORD-001841,DC-16,MOVE,RBT-0581,EXECUTING,FAILED,DC-16-Z04,DC-16-Z06,2026-08-08T16:50:00
TSK-001841-2,ORD-001841,DC-16,STAGE,RBT-0099,BLOCKED,QUEUED,DC-16-Z07,DC-16-Z06,2026-08-08T16:30:00
TSK-001842-1,ORD-001842,DC-03,REPLENISH,RBT-0074,BLOCKED,QUEUED,DC-03-Z12,DC-03-Z02,2026-08-11T07:16:00
TSK-001842-2,ORD-001842,DC-03,REPLENISH,RBT-0030,BLOCKED,COMPLETE,DC-03-Z05,DC-03-Z02,2026-08-11T07:37:00
TSK-001843-1,ORD-001843,DC-13,STAGE,RBT-0554,COMPLETE,ASSIGNED,DC-13-Z12,DC-13-Z01,2026-08-19T17:54:00
TSK-001843-2,ORD-001843,DC-13,PACK_FEED,RBT-0710,QUEUED,FAILED,DC-13-Z02,DC-13-Z02,2026-08-19T18:22:00
TSK-001844-1,ORD-001844,DC-09,PICK,RBT-0142,QUEUED,COMPLETE,DC-09-Z09,DC-09-Z12,2026-08-28T06:06:00
TSK-001844-2,ORD-001844,DC-09,STAGE,RBT-0423,BLOCKED,QUEUED,DC-09-Z05,DC-09-Z07,2026-08-28T05:22:00
TSK-001844-3,ORD-001844,DC-09,MOVE,RBT-0403,COMPLETE,FAILED,DC-09-Z01,DC-09-Z03,2026-08-28T05:13:00
TSK-001845-1,ORD-001845,DC-10,MOVE,RBT-0103,BLOCKED,COMPLETE,DC-10-Z08,DC-10-Z02,2026-08-04T05:49:00
TSK-001845-2,ORD-001845,DC-10,PICK,RBT-0024,QUEUED,ASSIGNED,DC-10-Z12,DC-10-Z03,2026-08-04T05:24:00
TSK-001846-1,ORD-001846,DC-08,PICK,RBT-0683,BLOCKED,FAILED,DC-08-Z11,DC-08-Z05,2026-08-06T12:52:00
TSK-001847-1,ORD-001847,DC-02,STAGE,RBT-0070,EXECUTING,FAILED,DC-02-Z09,DC-02-Z10,2026-08-18T06:33:00
TSK-001847-2,ORD-001847,DC-02,MOVE,RBT-0526,BLOCKED,QUEUED,DC-02-Z04,DC-02-Z06,2026-08-18T05:17:00
TSK-001847-3,ORD-001847,DC-02,MOVE,RBT-0421,ASSIGNED,FAILED,DC-02-Z08,DC-02-Z03,2026-08-18T05:44:00
TSK-001847-4,ORD-001847,DC-02,STAGE,RBT-0445,EXECUTING,ASSIGNED,DC-02-Z11,DC-02-Z06,2026-08-18T05:31:00
TSK-001848-1,ORD-001848,DC-09,MOVE,RBT-0362,COMPLETE,QUEUED,DC-09-Z09,DC-09-Z03,2026-08-04T21:29:00
TSK-001848-2,ORD-001848,DC-09,PICK,RBT-0223,QUEUED,EXECUTING,DC-09-Z10,DC-09-Z10,2026-08-04T21:31:00
TSK-001848-3,ORD-001848,DC-09,PACK_FEED,RBT-0675,EXECUTING,EXECUTING,DC-09-Z09,DC-09-Z05,2026-08-04T20:55:00
TSK-001848-4,ORD-001848,DC-09,PICK,RBT-0331,BLOCKED,ASSIGNED,DC-09-Z06,DC-09-Z03,2026-08-04T22:22:00
TSK-001849-1,ORD-001849,DC-09,STAGE,RBT-0482,BLOCKED,FAILED,DC-09-Z07,DC-09-Z09,2026-08-24T15:48:00
TSK-001849-2,ORD-001849,DC-09,STAGE,RBT-0450,EXECUTING,ASSIGNED,DC-09-Z12,DC-09-Z05,2026-08-24T16:14:00
TSK-001849-3,ORD-001849,DC-09,STAGE,RBT-0216,QUEUED,COMPLETE,DC-09-Z04,DC-09-Z07,2026-08-24T16:00:00
TSK-001849-4,ORD-001849,DC-09,MOVE,RBT-0045,ASSIGNED,ASSIGNED,DC-09-Z04,DC-09-Z03,2026-08-24T17:03:00
TSK-001850-1,ORD-001850,DC-11,PACK_FEED,RBT-0026,BLOCKED,EXECUTING,DC-11-Z04,DC-11-Z02,2026-08-27T02:13:00
TSK-001850-2,ORD-001850,DC-11,REPLENISH,RBT-0412,QUEUED,QUEUED,DC-11-Z10,DC-11-Z02,2026-08-27T01:19:00
TSK-001851-1,ORD-001851,DC-14,PACK_FEED,RBT-0566,QUEUED,COMPLETE,DC-14-Z07,DC-14-Z04,2026-08-26T00:56:00
TSK-001851-2,ORD-001851,DC-14,PICK,RBT-0160,QUEUED,ASSIGNED,DC-14-Z11,DC-14-Z11,2026-08-26T02:08:00
TSK-001852-1,ORD-001852,DC-18,MOVE,RBT-0246,EXECUTING,EXECUTING,DC-18-Z10,DC-18-Z02,2026-08-19T20:16:00
TSK-001852-2,ORD-001852,DC-18,MOVE,RBT-0128,BLOCKED,FAILED,DC-18-Z11,DC-18-Z08,2026-08-19T21:25:00
TSK-001852-3,ORD-001852,DC-18,STAGE,RBT-0326,QUEUED,ASSIGNED,DC-18-Z03,DC-18-Z07,2026-08-19T21:59:00
TSK-001853-1,ORD-001853,DC-16,REPLENISH,RBT-0660,EXECUTING,EXECUTING,DC-16-Z12,DC-16-Z02,2026-08-04T02:22:00
TSK-001854-1,ORD-001854,DC-06,REPLENISH,RBT-0360,ASSIGNED,ASSIGNED,DC-06-Z12,DC-06-Z02,2026-08-23T22:14:00
TSK-001855-1,ORD-001855,DC-16,STAGE,RBT-0355,ASSIGNED,FAILED,DC-16-Z08,DC-16-Z10,2026-08-20T04:20:00
TSK-001855-2,ORD-001855,DC-16,REPLENISH,RBT-0345,BLOCKED,COMPLETE,DC-16-Z10,DC-16-Z03,2026-08-20T06:00:00
TSK-001855-3,ORD-001855,DC-16,PICK,RBT-0408,EXECUTING,FAILED,DC-16-Z06,DC-16-Z03,2026-08-20T05:36:00
TSK-001856-1,ORD-001856,DC-08,PICK,RBT-0675,BLOCKED,FAILED,DC-08-Z03,DC-08-Z07,2026-08-29T14:50:00
TSK-001856-2,ORD-001856,DC-08,PACK_FEED,RBT-0575,COMPLETE,COMPLETE,DC-08-Z07,DC-08-Z07,2026-08-29T15:31:00
TSK-001856-3,ORD-001856,DC-08,STAGE,RBT-0673,BLOCKED,QUEUED,DC-08-Z04,DC-08-Z08,2026-08-29T14:32:00
TSK-001856-4,ORD-001856,DC-08,STAGE,RBT-0342,BLOCKED,COMPLETE,DC-08-Z05,DC-08-Z02,2026-08-29T15:40:00
TSK-001857-1,ORD-001857,DC-03,MOVE,RBT-0225,COMPLETE,ASSIGNED,DC-03-Z04,DC-03-Z08,2026-08-06T15:18:00
TSK-001857-2,ORD-001857,DC-03,PICK,RBT-0210,BLOCKED,ASSIGNED,DC-03-Z06,DC-03-Z05,2026-08-06T14:50:00
TSK-001857-3,ORD-001857,DC-03,PACK_FEED,RBT-0159,BLOCKED,QUEUED,DC-03-Z09,DC-03-Z09,2026-08-06T16:21:00
TSK-001857-4,ORD-001857,DC-03,REPLENISH,RBT-0171,ASSIGNED,COMPLETE,DC-03-Z08,DC-03-Z01,2026-08-06T15:04:00
TSK-001858-1,ORD-001858,DC-15,PACK_FEED,RBT-0356,EXECUTING,FAILED,DC-15-Z04,DC-15-Z04,2026-08-11T18:07:00
TSK-001858-2,ORD-001858,DC-15,MOVE,RBT-0203,EXECUTING,ASSIGNED,DC-15-Z03,DC-15-Z09,2026-08-11T18:38:00
TSK-001859-1,ORD-001859,DC-16,MOVE,RBT-0516,COMPLETE,FAILED,DC-16-Z07,DC-16-Z04,2026-08-05T04:51:00
TSK-001859-2,ORD-001859,DC-16,PICK,RBT-0342,EXECUTING,ASSIGNED,DC-16-Z12,DC-16-Z10,2026-08-05T06:00:00
TSK-001860-1,ORD-001860,DC-11,MOVE,RBT-0448,ASSIGNED,EXECUTING,DC-11-Z09,DC-11-Z07,2026-08-21T10:33:00
TSK-001860-2,ORD-001860,DC-11,REPLENISH,RBT-0228,BLOCKED,COMPLETE,DC-11-Z03,DC-11-Z08,2026-08-21T11:26:00
TSK-001860-3,ORD-001860,DC-11,PACK_FEED,RBT-0535,QUEUED,QUEUED,DC-11-Z01,DC-11-Z03,2026-08-21T11:33:00
TSK-001861-1,ORD-001861,DC-08,MOVE,RBT-0479,BLOCKED,ASSIGNED,DC-08-Z05,DC-08-Z03,2026-08-26T16:52:00
TSK-001861-2,ORD-001861,DC-08,STAGE,RBT-0458,ASSIGNED,FAILED,DC-08-Z10,DC-08-Z03,2026-08-26T16:43:00
TSK-001862-1,ORD-001862,DC-04,STAGE,RBT-0113,ASSIGNED,QUEUED,DC-04-Z01,DC-04-Z09,2026-09-04T17:06:00
TSK-001863-1,ORD-001863,DC-14,PICK,RBT-0689,QUEUED,EXECUTING,DC-14-Z11,DC-14-Z05,2026-08-18T09:05:00
TSK-001863-2,ORD-001863,DC-14,MOVE,RBT-0115,BLOCKED,FAILED,DC-14-Z07,DC-14-Z02,2026-08-18T08:05:00
TSK-001863-3,ORD-001863,DC-14,STAGE,RBT-0441,ASSIGNED,ASSIGNED,DC-14-Z12,DC-14-Z09,2026-08-18T07:25:00
TSK-001863-4,ORD-001863,DC-14,STAGE,RBT-0269,EXECUTING,QUEUED,DC-14-Z02,DC-14-Z02,2026-08-18T08:57:00
TSK-001864-1,ORD-001864,DC-06,STAGE,RBT-0215,QUEUED,FAILED,DC-06-Z12,DC-06-Z11,2026-08-21T20:15:00
TSK-001865-1,ORD-001865,DC-15,MOVE,RBT-0404,ASSIGNED,COMPLETE,DC-15-Z03,DC-15-Z09,2026-09-04T23:14:00
TSK-001865-2,ORD-001865,DC-15,PICK,RBT-0460,COMPLETE,COMPLETE,DC-15-Z01,DC-15-Z06,2026-09-05T00:31:00
TSK-001866-1,ORD-001866,DC-14,REPLENISH,RBT-0139,BLOCKED,COMPLETE,DC-14-Z09,DC-14-Z12,2026-08-12T00:56:00
TSK-001867-1,ORD-001867,DC-11,PICK,RBT-0454,COMPLETE,FAILED,DC-11-Z02,DC-11-Z10,2026-08-11T13:34:00
TSK-001867-2,ORD-001867,DC-11,PICK,RBT-0234,COMPLETE,ASSIGNED,DC-11-Z04,DC-11-Z02,2026-08-11T12:44:00
TSK-001867-3,ORD-001867,DC-11,PICK,RBT-0702,BLOCKED,COMPLETE,DC-11-Z05,DC-11-Z09,2026-08-11T12:40:00
TSK-001868-1,ORD-001868,DC-06,MOVE,RBT-0269,BLOCKED,FAILED,DC-06-Z08,DC-06-Z03,2026-08-18T00:57:00
TSK-001868-2,ORD-001868,DC-06,PICK,RBT-0138,QUEUED,EXECUTING,DC-06-Z09,DC-06-Z06,2026-08-18T00:27:00
TSK-001868-3,ORD-001868,DC-06,MOVE,RBT-0207,QUEUED,EXECUTING,DC-06-Z11,DC-06-Z06,2026-08-17T23:18:00
TSK-001869-1,ORD-001869,DC-11,REPLENISH,RBT-0054,BLOCKED,ASSIGNED,DC-11-Z11,DC-11-Z12,2026-08-31T03:23:00
TSK-001869-2,ORD-001869,DC-11,MOVE,RBT-0204,ASSIGNED,COMPLETE,DC-11-Z09,DC-11-Z03,2026-08-31T02:27:00
TSK-001870-1,ORD-001870,DC-03,PICK,RBT-0300,BLOCKED,FAILED,DC-03-Z10,DC-03-Z05,2026-08-06T14:32:00
TSK-001871-1,ORD-001871,DC-12,MOVE,RBT-0145,COMPLETE,ASSIGNED,DC-12-Z02,DC-12-Z01,2026-08-20T04:34:00
TSK-001871-2,ORD-001871,DC-12,PACK_FEED,RBT-0141,COMPLETE,COMPLETE,DC-12-Z11,DC-12-Z03,2026-08-20T02:58:00
TSK-001871-3,ORD-001871,DC-12,STAGE,RBT-0169,COMPLETE,QUEUED,DC-12-Z12,DC-12-Z07,2026-08-20T03:07:00
TSK-001872-1,ORD-001872,DC-09,REPLENISH,RBT-0255,ASSIGNED,QUEUED,DC-09-Z09,DC-09-Z10,2026-08-21T21:18:00
TSK-001872-2,ORD-001872,DC-09,PICK,RBT-0359,COMPLETE,COMPLETE,DC-09-Z11,DC-09-Z09,2026-08-21T22:07:00
TSK-001872-3,ORD-001872,DC-09,STAGE,RBT-0375,COMPLETE,COMPLETE,DC-09-Z01,DC-09-Z03,2026-08-21T20:56:00
TSK-001873-1,ORD-001873,DC-03,PICK,RBT-0178,ASSIGNED,EXECUTING,DC-03-Z04,DC-03-Z02,2026-08-27T05:14:00
TSK-001873-2,ORD-001873,DC-03,MOVE,RBT-0243,BLOCKED,EXECUTING,DC-03-Z04,DC-03-Z05,2026-08-27T05:28:00
TSK-001873-3,ORD-001873,DC-03,MOVE,RBT-0267,ASSIGNED,COMPLETE,DC-03-Z10,DC-03-Z06,2026-08-27T04:49:00
TSK-001874-1,ORD-001874,DC-14,REPLENISH,RBT-0551,BLOCKED,EXECUTING,DC-14-Z09,DC-14-Z12,2026-08-10T06:42:00
TSK-001874-2,ORD-001874,DC-14,MOVE,RBT-0186,COMPLETE,QUEUED,DC-14-Z05,DC-14-Z10,2026-08-10T08:18:00
TSK-001875-1,ORD-001875,DC-04,PICK,RBT-0079,QUEUED,FAILED,DC-04-Z09,DC-04-Z12,2026-08-20T15:15:00
TSK-001876-1,ORD-001876,DC-17,MOVE,RBT-0126,COMPLETE,ASSIGNED,DC-17-Z06,DC-17-Z04,2026-08-16T05:51:00
TSK-001876-2,ORD-001876,DC-17,REPLENISH,RBT-0503,EXECUTING,COMPLETE,DC-17-Z10,DC-17-Z01,2026-08-16T06:20:00
TSK-001876-3,ORD-001876,DC-17,PICK,RBT-0369,COMPLETE,EXECUTING,DC-17-Z06,DC-17-Z10,2026-08-16T06:14:00
TSK-001877-1,ORD-001877,DC-06,PICK,RBT-0057,EXECUTING,EXECUTING,DC-06-Z10,DC-06-Z06,2026-08-15T23:47:00
TSK-001877-2,ORD-001877,DC-06,PICK,RBT-0351,ASSIGNED,FAILED,DC-06-Z03,DC-06-Z07,2026-08-15T23:57:00
TSK-001877-3,ORD-001877,DC-06,PACK_FEED,RBT-0569,COMPLETE,COMPLETE,DC-06-Z08,DC-06-Z11,2026-08-15T22:29:00
TSK-001877-4,ORD-001877,DC-06,REPLENISH,RBT-0466,ASSIGNED,EXECUTING,DC-06-Z07,DC-06-Z03,2026-08-15T23:51:00
TSK-001878-1,ORD-001878,DC-17,MOVE,RBT-0068,BLOCKED,QUEUED,DC-17-Z07,DC-17-Z12,2026-08-06T23:52:00
TSK-001879-1,ORD-001879,DC-16,PACK_FEED,RBT-0276,COMPLETE,COMPLETE,DC-16-Z12,DC-16-Z10,2026-08-22T08:20:00
TSK-001879-2,ORD-001879,DC-16,MOVE,RBT-0302,EXECUTING,EXECUTING,DC-16-Z05,DC-16-Z05,2026-08-22T08:18:00
TSK-001879-3,ORD-001879,DC-16,MOVE,RBT-0216,ASSIGNED,FAILED,DC-16-Z05,DC-16-Z07,2026-08-22T07:19:00
TSK-001879-4,ORD-001879,DC-16,PICK,RBT-0583,QUEUED,QUEUED,DC-16-Z06,DC-16-Z12,2026-08-22T08:23:00
TSK-001880-1,ORD-001880,DC-07,MOVE,RBT-0524,ASSIGNED,EXECUTING,DC-07-Z12,DC-07-Z11,2026-09-01T17:41:00
TSK-001880-2,ORD-001880,DC-07,MOVE,RBT-0656,QUEUED,FAILED,DC-07-Z03,DC-07-Z11,2026-09-01T17:35:00
TSK-001880-3,ORD-001880,DC-07,MOVE,RBT-0686,ASSIGNED,ASSIGNED,DC-07-Z02,DC-07-Z08,2026-09-01T18:05:00
TSK-001880-4,ORD-001880,DC-07,PACK_FEED,RBT-0706,BLOCKED,COMPLETE,DC-07-Z07,DC-07-Z08,2026-09-01T18:48:00
TSK-001881-1,ORD-001881,DC-12,PICK,RBT-0648,BLOCKED,EXECUTING,DC-12-Z04,DC-12-Z08,2026-08-08T10:44:00
TSK-001882-1,ORD-001882,DC-14,PICK,RBT-0659,COMPLETE,COMPLETE,DC-14-Z04,DC-14-Z02,2026-08-03T13:33:00
TSK-001882-2,ORD-001882,DC-14,STAGE,RBT-0529,ASSIGNED,EXECUTING,DC-14-Z04,DC-14-Z01,2026-08-03T14:57:00
TSK-001883-1,ORD-001883,DC-07,REPLENISH,RBT-0710,EXECUTING,ASSIGNED,DC-07-Z12,DC-07-Z04,2026-08-02T22:46:00
TSK-001883-2,ORD-001883,DC-07,PICK,RBT-0529,QUEUED,ASSIGNED,DC-07-Z04,DC-07-Z07,2026-08-02T21:46:00
TSK-001883-3,ORD-001883,DC-07,PICK,RBT-0193,BLOCKED,EXECUTING,DC-07-Z07,DC-07-Z10,2026-08-02T22:55:00
TSK-001883-4,ORD-001883,DC-07,STAGE,RBT-0437,ASSIGNED,FAILED,DC-07-Z01,DC-07-Z12,2026-08-02T21:45:00
TSK-001884-1,ORD-001884,DC-08,PACK_FEED,RBT-0618,ASSIGNED,QUEUED,DC-08-Z02,DC-08-Z08,2026-08-04T15:08:00
TSK-001885-1,ORD-001885,DC-03,MOVE,RBT-0542,BLOCKED,EXECUTING,DC-03-Z03,DC-03-Z09,2026-08-23T14:13:00
TSK-001885-2,ORD-001885,DC-03,STAGE,RBT-0537,QUEUED,QUEUED,DC-03-Z02,DC-03-Z11,2026-08-23T12:51:00
TSK-001885-3,ORD-001885,DC-03,STAGE,RBT-0699,BLOCKED,QUEUED,DC-03-Z07,DC-03-Z03,2026-08-23T13:31:00
TSK-001886-1,ORD-001886,DC-09,PICK,RBT-0360,EXECUTING,EXECUTING,DC-09-Z08,DC-09-Z09,2026-08-30T06:13:00
TSK-001887-1,ORD-001887,DC-14,REPLENISH,RBT-0334,QUEUED,ASSIGNED,DC-14-Z08,DC-14-Z09,2026-08-30T02:44:00
TSK-001887-2,ORD-001887,DC-14,PACK_FEED,RBT-0246,EXECUTING,FAILED,DC-14-Z12,DC-14-Z02,2026-08-30T02:03:00
TSK-001887-3,ORD-001887,DC-14,PACK_FEED,RBT-0177,EXECUTING,COMPLETE,DC-14-Z07,DC-14-Z10,2026-08-30T03:15:00
TSK-001888-1,ORD-001888,DC-05,PICK,RBT-0434,BLOCKED,COMPLETE,DC-05-Z01,DC-05-Z02,2026-08-05T05:58:00
TSK-001888-2,ORD-001888,DC-05,STAGE,RBT-0186,COMPLETE,FAILED,DC-05-Z08,DC-05-Z01,2026-08-05T05:45:00
TSK-001888-3,ORD-001888,DC-05,PICK,RBT-0229,BLOCKED,COMPLETE,DC-05-Z10,DC-05-Z02,2026-08-05T05:52:00
TSK-001889-1,ORD-001889,DC-01,STAGE,RBT-0525,ASSIGNED,COMPLETE,DC-01-Z04,DC-01-Z08,2026-09-02T01:53:00
TSK-001889-2,ORD-001889,DC-01,STAGE,RBT-0631,ASSIGNED,COMPLETE,DC-01-Z12,DC-01-Z02,2026-09-02T01:01:00
TSK-001890-1,ORD-001890,DC-10,REPLENISH,RBT-0355,BLOCKED,COMPLETE,DC-10-Z01,DC-10-Z10,2026-08-26T00:28:00
TSK-001890-2,ORD-001890,DC-10,PICK,RBT-0458,EXECUTING,COMPLETE,DC-10-Z02,DC-10-Z01,2026-08-26T01:11:00
TSK-001890-3,ORD-001890,DC-10,PICK,RBT-0666,EXECUTING,QUEUED,DC-10-Z12,DC-10-Z08,2026-08-26T00:08:00
TSK-001890-4,ORD-001890,DC-10,PICK,RBT-0416,BLOCKED,FAILED,DC-10-Z08,DC-10-Z02,2026-08-26T01:07:00
TSK-001891-1,ORD-001891,DC-05,PACK_FEED,RBT-0205,COMPLETE,FAILED,DC-05-Z07,DC-05-Z10,2026-08-17T17:29:00
TSK-001892-1,ORD-001892,DC-14,MOVE,RBT-0032,QUEUED,QUEUED,DC-14-Z01,DC-14-Z05,2026-08-09T17:06:00
TSK-001892-2,ORD-001892,DC-14,REPLENISH,RBT-0525,BLOCKED,COMPLETE,DC-14-Z10,DC-14-Z08,2026-08-09T17:15:00
TSK-001893-1,ORD-001893,DC-02,STAGE,RBT-0388,QUEUED,QUEUED,DC-02-Z09,DC-02-Z07,2026-08-18T15:29:00
TSK-001894-1,ORD-001894,DC-18,STAGE,RBT-0021,QUEUED,FAILED,DC-18-Z02,DC-18-Z09,2026-09-02T05:39:00
TSK-001895-1,ORD-001895,DC-07,STAGE,RBT-0623,QUEUED,QUEUED,DC-07-Z08,DC-07-Z11,2026-08-07T03:18:00
TSK-001896-1,ORD-001896,DC-04,REPLENISH,RBT-0278,QUEUED,EXECUTING,DC-04-Z03,DC-04-Z06,2026-08-24T02:38:00
TSK-001897-1,ORD-001897,DC-13,PACK_FEED,RBT-0178,ASSIGNED,FAILED,DC-13-Z09,DC-13-Z06,2026-08-07T05:36:00
TSK-001897-2,ORD-001897,DC-13,STAGE,RBT-0625,EXECUTING,ASSIGNED,DC-13-Z12,DC-13-Z12,2026-08-07T05:17:00
TSK-001898-1,ORD-001898,DC-08,PICK,RBT-0267,EXECUTING,FAILED,DC-08-Z08,DC-08-Z08,2026-08-12T04:33:00
TSK-001898-2,ORD-001898,DC-08,PICK,RBT-0120,BLOCKED,COMPLETE,DC-08-Z07,DC-08-Z09,2026-08-12T03:22:00
TSK-001898-3,ORD-001898,DC-08,REPLENISH,RBT-0025,COMPLETE,COMPLETE,DC-08-Z03,DC-08-Z06,2026-08-12T05:00:00
TSK-001898-4,ORD-001898,DC-08,PACK_FEED,RBT-0360,COMPLETE,COMPLETE,DC-08-Z01,DC-08-Z05,2026-08-12T03:40:00
TSK-001899-1,ORD-001899,DC-13,MOVE,RBT-0704,ASSIGNED,QUEUED,DC-13-Z09,DC-13-Z01,2026-08-25T00:23:00
TSK-001899-2,ORD-001899,DC-13,PICK,RBT-0503,COMPLETE,COMPLETE,DC-13-Z04,DC-13-Z04,2026-08-25T01:44:00
TSK-001900-1,ORD-001900,DC-12,MOVE,RBT-0127,QUEUED,ASSIGNED,DC-12-Z11,DC-12-Z08,2026-08-10T02:27:00
TSK-001900-2,ORD-001900,DC-12,MOVE,RBT-0151,BLOCKED,COMPLETE,DC-12-Z06,DC-12-Z11,2026-08-10T01:20:00
TSK-001900-3,ORD-001900,DC-12,REPLENISH,RBT-0013,BLOCKED,ASSIGNED,DC-12-Z11,DC-12-Z02,2026-08-10T00:51:00
TSK-001901-1,ORD-001901,DC-11,REPLENISH,RBT-0229,EXECUTING,COMPLETE,DC-11-Z05,DC-11-Z05,2026-08-04T22:55:00
TSK-001902-1,ORD-001902,DC-10,REPLENISH,RBT-0051,COMPLETE,EXECUTING,DC-10-Z05,DC-10-Z02,2026-08-28T15:47:00
TSK-001903-1,ORD-001903,DC-11,MOVE,RBT-0557,COMPLETE,COMPLETE,DC-11-Z06,DC-11-Z11,2026-08-20T11:51:00
TSK-001903-2,ORD-001903,DC-11,STAGE,RBT-0594,EXECUTING,COMPLETE,DC-11-Z01,DC-11-Z08,2026-08-20T12:00:00
TSK-001904-1,ORD-001904,DC-07,MOVE,RBT-0605,BLOCKED,EXECUTING,DC-07-Z01,DC-07-Z11,2026-08-06T08:34:00
TSK-001904-2,ORD-001904,DC-07,PACK_FEED,RBT-0241,COMPLETE,FAILED,DC-07-Z05,DC-07-Z08,2026-08-06T09:03:00
TSK-001905-1,ORD-001905,DC-16,MOVE,RBT-0683,COMPLETE,QUEUED,DC-16-Z02,DC-16-Z07,2026-08-16T14:19:00
TSK-001906-1,ORD-001906,DC-11,REPLENISH,RBT-0448,ASSIGNED,FAILED,DC-11-Z04,DC-11-Z05,2026-08-20T03:32:00
TSK-001906-2,ORD-001906,DC-11,REPLENISH,RBT-0123,ASSIGNED,ASSIGNED,DC-11-Z04,DC-11-Z06,2026-08-20T03:20:00
TSK-001906-3,ORD-001906,DC-11,PACK_FEED,RBT-0162,EXECUTING,QUEUED,DC-11-Z07,DC-11-Z06,2026-08-20T02:20:00
TSK-001907-1,ORD-001907,DC-03,PICK,RBT-0228,COMPLETE,EXECUTING,DC-03-Z12,DC-03-Z10,2026-08-21T12:30:00
TSK-001907-2,ORD-001907,DC-03,PACK_FEED,RBT-0604,ASSIGNED,EXECUTING,DC-03-Z11,DC-03-Z12,2026-08-21T12:22:00
TSK-001908-1,ORD-001908,DC-10,STAGE,RBT-0640,EXECUTING,EXECUTING,DC-10-Z08,DC-10-Z07,2026-08-22T23:07:00
TSK-001908-2,ORD-001908,DC-10,MOVE,RBT-0251,QUEUED,COMPLETE,DC-10-Z02,DC-10-Z12,2026-08-22T23:55:00
TSK-001908-3,ORD-001908,DC-10,STAGE,RBT-0179,EXECUTING,COMPLETE,DC-10-Z11,DC-10-Z05,2026-08-22T23:49:00
TSK-001908-4,ORD-001908,DC-10,REPLENISH,RBT-0283,ASSIGNED,EXECUTING,DC-10-Z09,DC-10-Z09,2026-08-22T22:51:00
TSK-001909-1,ORD-001909,DC-05,STAGE,RBT-0562,QUEUED,QUEUED,DC-05-Z09,DC-05-Z03,2026-08-26T12:00:00
TSK-001909-2,ORD-001909,DC-05,REPLENISH,RBT-0225,EXECUTING,QUEUED,DC-05-Z05,DC-05-Z07,2026-08-26T12:55:00
TSK-001910-1,ORD-001910,DC-01,MOVE,RBT-0417,QUEUED,EXECUTING,DC-01-Z09,DC-01-Z07,2026-08-24T10:22:00
TSK-001910-2,ORD-001910,DC-01,STAGE,RBT-0284,BLOCKED,QUEUED,DC-01-Z05,DC-01-Z12,2026-08-24T11:28:00
TSK-001910-3,ORD-001910,DC-01,REPLENISH,RBT-0211,COMPLETE,FAILED,DC-01-Z02,DC-01-Z10,2026-08-24T10:08:00
TSK-001910-4,ORD-001910,DC-01,PICK,RBT-0464,QUEUED,FAILED,DC-01-Z11,DC-01-Z09,2026-08-24T11:29:00
TSK-001911-1,ORD-001911,DC-14,MOVE,RBT-0672,ASSIGNED,COMPLETE,DC-14-Z11,DC-14-Z08,2026-08-25T21:30:00
TSK-001911-2,ORD-001911,DC-14,PACK_FEED,RBT-0235,EXECUTING,QUEUED,DC-14-Z09,DC-14-Z04,2026-08-25T21:51:00
TSK-001912-1,ORD-001912,DC-13,PACK_FEED,RBT-0026,ASSIGNED,COMPLETE,DC-13-Z01,DC-13-Z06,2026-08-13T08:55:00
TSK-001912-2,ORD-001912,DC-13,MOVE,RBT-0335,COMPLETE,EXECUTING,DC-13-Z10,DC-13-Z10,2026-08-13T08:53:00
TSK-001912-3,ORD-001912,DC-13,MOVE,RBT-0096,ASSIGNED,QUEUED,DC-13-Z02,DC-13-Z08,2026-08-13T09:03:00
TSK-001912-4,ORD-001912,DC-13,MOVE,RBT-0706,ASSIGNED,QUEUED,DC-13-Z11,DC-13-Z09,2026-08-13T08:27:00
TSK-001913-1,ORD-001913,DC-14,PICK,RBT-0073,BLOCKED,ASSIGNED,DC-14-Z06,DC-14-Z03,2026-08-26T04:08:00
TSK-001914-1,ORD-001914,DC-16,STAGE,RBT-0281,COMPLETE,FAILED,DC-16-Z06,DC-16-Z03,2026-08-23T22:38:00
TSK-001914-2,ORD-001914,DC-16,PICK,RBT-0180,ASSIGNED,ASSIGNED,DC-16-Z11,DC-16-Z10,2026-08-23T22:08:00
TSK-001915-1,ORD-001915,DC-05,MOVE,RBT-0330,QUEUED,FAILED,DC-05-Z09,DC-05-Z07,2026-08-09T14:58:00
TSK-001916-1,ORD-001916,DC-12,REPLENISH,RBT-0112,QUEUED,EXECUTING,DC-12-Z06,DC-12-Z08,2026-08-12T19:21:00
TSK-001916-2,ORD-001916,DC-12,PACK_FEED,RBT-0635,ASSIGNED,FAILED,DC-12-Z07,DC-12-Z02,2026-08-12T19:32:00
TSK-001916-3,ORD-001916,DC-12,STAGE,RBT-0036,BLOCKED,FAILED,DC-12-Z06,DC-12-Z09,2026-08-12T19:33:00
TSK-001916-4,ORD-001916,DC-12,PICK,RBT-0447,COMPLETE,FAILED,DC-12-Z05,DC-12-Z03,2026-08-12T18:25:00
TSK-001917-1,ORD-001917,DC-16,MOVE,RBT-0119,EXECUTING,FAILED,DC-16-Z06,DC-16-Z11,2026-08-24T00:47:00
TSK-001918-1,ORD-001918,DC-11,PICK,RBT-0495,QUEUED,EXECUTING,DC-11-Z11,DC-11-Z06,2026-08-22T16:15:00
TSK-001918-2,ORD-001918,DC-11,MOVE,RBT-0339,QUEUED,FAILED,DC-11-Z06,DC-11-Z08,2026-08-22T15:50:00
TSK-001918-3,ORD-001918,DC-11,STAGE,RBT-0658,COMPLETE,QUEUED,DC-11-Z10,DC-11-Z12,2026-08-22T17:24:00
TSK-001918-4,ORD-001918,DC-11,MOVE,RBT-0203,EXECUTING,FAILED,DC-11-Z05,DC-11-Z02,2026-08-22T17:05:00
TSK-001919-1,ORD-001919,DC-06,REPLENISH,RBT-0588,ASSIGNED,ASSIGNED,DC-06-Z12,DC-06-Z12,2026-09-03T01:58:00
TSK-001919-2,ORD-001919,DC-06,STAGE,RBT-0053,ASSIGNED,ASSIGNED,DC-06-Z03,DC-06-Z12,2026-09-03T02:21:00
TSK-001919-3,ORD-001919,DC-06,PICK,RBT-0311,ASSIGNED,QUEUED,DC-06-Z12,DC-06-Z03,2026-09-03T02:11:00
TSK-001920-1,ORD-001920,DC-06,REPLENISH,RBT-0373,ASSIGNED,ASSIGNED,DC-06-Z12,DC-06-Z02,2026-08-12T05:48:00
TSK-001921-1,ORD-001921,DC-11,STAGE,RBT-0203,ASSIGNED,QUEUED,DC-11-Z09,DC-11-Z01,2026-08-31T10:38:00
TSK-001921-2,ORD-001921,DC-11,STAGE,RBT-0189,BLOCKED,COMPLETE,DC-11-Z07,DC-11-Z02,2026-08-31T10:42:00
TSK-001921-3,ORD-001921,DC-11,MOVE,RBT-0685,COMPLETE,QUEUED,DC-11-Z06,DC-11-Z03,2026-08-31T10:45:00
TSK-001921-4,ORD-001921,DC-11,PACK_FEED,RBT-0238,COMPLETE,COMPLETE,DC-11-Z10,DC-11-Z02,2026-08-31T09:52:00
TSK-001922-1,ORD-001922,DC-16,STAGE,RBT-0590,BLOCKED,FAILED,DC-16-Z06,DC-16-Z10,2026-08-13T14:38:00
TSK-001922-2,ORD-001922,DC-16,STAGE,RBT-0528,EXECUTING,FAILED,DC-16-Z08,DC-16-Z04,2026-08-13T14:19:00
TSK-001922-3,ORD-001922,DC-16,STAGE,RBT-0076,QUEUED,COMPLETE,DC-16-Z02,DC-16-Z12,2026-08-13T14:24:00
TSK-001923-1,ORD-001923,DC-09,MOVE,RBT-0589,EXECUTING,EXECUTING,DC-09-Z02,DC-09-Z09,2026-08-16T21:55:00
TSK-001923-2,ORD-001923,DC-09,MOVE,RBT-0624,QUEUED,EXECUTING,DC-09-Z03,DC-09-Z11,2026-08-16T22:25:00
TSK-001923-3,ORD-001923,DC-09,PICK,RBT-0665,ASSIGNED,QUEUED,DC-09-Z07,DC-09-Z04,2026-08-16T22:13:00
TSK-001923-4,ORD-001923,DC-09,MOVE,RBT-0688,QUEUED,ASSIGNED,DC-09-Z07,DC-09-Z02,2026-08-16T22:55:00
TSK-001924-1,ORD-001924,DC-18,PICK,RBT-0106,ASSIGNED,ASSIGNED,DC-18-Z06,DC-18-Z04,2026-08-02T00:50:00
TSK-001925-1,ORD-001925,DC-10,MOVE,RBT-0317,BLOCKED,EXECUTING,DC-10-Z02,DC-10-Z08,2026-08-13T18:43:00
TSK-001925-2,ORD-001925,DC-10,PICK,RBT-0372,QUEUED,COMPLETE,DC-10-Z06,DC-10-Z05,2026-08-13T18:01:00
TSK-001925-3,ORD-001925,DC-10,STAGE,RBT-0251,ASSIGNED,COMPLETE,DC-10-Z06,DC-10-Z05,2026-08-13T18:21:00
TSK-001926-1,ORD-001926,DC-02,STAGE,RBT-0617,EXECUTING,EXECUTING,DC-02-Z11,DC-02-Z04,2026-08-28T11:51:00
TSK-001926-2,ORD-001926,DC-02,PACK_FEED,RBT-0326,QUEUED,FAILED,DC-02-Z08,DC-02-Z05,2026-08-28T12:53:00
TSK-001927-1,ORD-001927,DC-09,STAGE,RBT-0684,COMPLETE,FAILED,DC-09-Z11,DC-09-Z01,2026-08-16T11:41:00
TSK-001927-2,ORD-001927,DC-09,PICK,RBT-0430,QUEUED,ASSIGNED,DC-09-Z06,DC-09-Z04,2026-08-16T11:06:00
TSK-001928-1,ORD-001928,DC-15,REPLENISH,RBT-0029,COMPLETE,EXECUTING,DC-15-Z01,DC-15-Z10,2026-08-15T12:13:00
TSK-001928-2,ORD-001928,DC-15,MOVE,RBT-0307,BLOCKED,COMPLETE,DC-15-Z11,DC-15-Z02,2026-08-15T11:40:00
TSK-001928-3,ORD-001928,DC-15,PICK,RBT-0548,COMPLETE,EXECUTING,DC-15-Z01,DC-15-Z01,2026-08-15T13:08:00
TSK-001929-1,ORD-001929,DC-10,MOVE,RBT-0628,BLOCKED,QUEUED,DC-10-Z07,DC-10-Z11,2026-08-19T19:34:00
TSK-001929-2,ORD-001929,DC-10,STAGE,RBT-0099,EXECUTING,FAILED,DC-10-Z12,DC-10-Z09,2026-08-19T18:52:00
TSK-001929-3,ORD-001929,DC-10,MOVE,RBT-0023,ASSIGNED,COMPLETE,DC-10-Z11,DC-10-Z01,2026-08-19T19:54:00
TSK-001929-4,ORD-001929,DC-10,STAGE,RBT-0699,BLOCKED,QUEUED,DC-10-Z04,DC-10-Z11,2026-08-19T20:23:00
TSK-001930-1,ORD-001930,DC-07,PACK_FEED,RBT-0138,EXECUTING,COMPLETE,DC-07-Z11,DC-07-Z06,2026-08-13T06:21:00
TSK-001931-1,ORD-001931,DC-02,MOVE,RBT-0088,EXECUTING,COMPLETE,DC-02-Z06,DC-02-Z09,2026-09-01T03:39:00
TSK-001931-2,ORD-001931,DC-02,REPLENISH,RBT-0650,BLOCKED,EXECUTING,DC-02-Z06,DC-02-Z09,2026-09-01T04:01:00
TSK-001931-3,ORD-001931,DC-02,STAGE,RBT-0253,EXECUTING,COMPLETE,DC-02-Z07,DC-02-Z04,2026-09-01T03:37:00
TSK-001931-4,ORD-001931,DC-02,MOVE,RBT-0052,BLOCKED,QUEUED,DC-02-Z12,DC-02-Z05,2026-09-01T04:34:00
TSK-001932-1,ORD-001932,DC-02,PACK_FEED,RBT-0396,COMPLETE,QUEUED,DC-02-Z07,DC-02-Z09,2026-08-01T15:11:00
TSK-001932-2,ORD-001932,DC-02,MOVE,RBT-0406,COMPLETE,EXECUTING,DC-02-Z04,DC-02-Z10,2026-08-01T14:31:00
TSK-001933-1,ORD-001933,DC-06,MOVE,RBT-0389,BLOCKED,ASSIGNED,DC-06-Z02,DC-06-Z09,2026-08-16T01:08:00
TSK-001933-2,ORD-001933,DC-06,STAGE,RBT-0083,BLOCKED,ASSIGNED,DC-06-Z12,DC-06-Z02,2026-08-15T23:36:00
TSK-001933-3,ORD-001933,DC-06,REPLENISH,RBT-0016,ASSIGNED,ASSIGNED,DC-06-Z09,DC-06-Z04,2026-08-16T00:49:00
TSK-001934-1,ORD-001934,DC-06,REPLENISH,RBT-0505,ASSIGNED,EXECUTING,DC-06-Z09,DC-06-Z08,2026-08-31T16:26:00
TSK-001934-2,ORD-001934,DC-06,MOVE,RBT-0539,ASSIGNED,QUEUED,DC-06-Z10,DC-06-Z03,2026-08-31T14:59:00
TSK-001934-3,ORD-001934,DC-06,STAGE,RBT-0287,COMPLETE,QUEUED,DC-06-Z12,DC-06-Z02,2026-08-31T16:30:00
TSK-001934-4,ORD-001934,DC-06,PICK,RBT-0019,ASSIGNED,ASSIGNED,DC-06-Z06,DC-06-Z10,2026-08-31T16:14:00
TSK-001935-1,ORD-001935,DC-07,MOVE,RBT-0044,ASSIGNED,EXECUTING,DC-07-Z01,DC-07-Z05,2026-08-25T01:59:00
TSK-001935-2,ORD-001935,DC-07,REPLENISH,RBT-0173,QUEUED,COMPLETE,DC-07-Z09,DC-07-Z02,2026-08-25T02:23:00
TSK-001935-3,ORD-001935,DC-07,PACK_FEED,RBT-0197,COMPLETE,COMPLETE,DC-07-Z04,DC-07-Z01,2026-08-25T01:39:00
TSK-001935-4,ORD-001935,DC-07,STAGE,RBT-0520,COMPLETE,ASSIGNED,DC-07-Z12,DC-07-Z10,2026-08-25T01:05:00
TSK-001936-1,ORD-001936,DC-03,STAGE,RBT-0217,BLOCKED,QUEUED,DC-03-Z05,DC-03-Z11,2026-09-02T22:26:00
TSK-001936-2,ORD-001936,DC-03,PICK,RBT-0125,COMPLETE,FAILED,DC-03-Z08,DC-03-Z03,2026-09-02T22:51:00
TSK-001936-3,ORD-001936,DC-03,MOVE,RBT-0082,QUEUED,QUEUED,DC-03-Z11,DC-03-Z04,2026-09-02T22:17:00
TSK-001936-4,ORD-001936,DC-03,STAGE,RBT-0403,QUEUED,EXECUTING,DC-03-Z12,DC-03-Z02,2026-09-02T21:54:00
TSK-001937-1,ORD-001937,DC-02,PICK,RBT-0100,BLOCKED,EXECUTING,DC-02-Z05,DC-02-Z06,2026-09-02T04:24:00
TSK-001937-2,ORD-001937,DC-02,MOVE,RBT-0190,EXECUTING,EXECUTING,DC-02-Z07,DC-02-Z10,2026-09-02T04:28:00
TSK-001938-1,ORD-001938,DC-03,PACK_FEED,RBT-0398,ASSIGNED,QUEUED,DC-03-Z10,DC-03-Z08,2026-08-12T14:37:00
TSK-001938-2,ORD-001938,DC-03,PACK_FEED,RBT-0072,ASSIGNED,FAILED,DC-03-Z04,DC-03-Z02,2026-08-12T14:19:00
TSK-001938-3,ORD-001938,DC-03,STAGE,RBT-0416,COMPLETE,QUEUED,DC-03-Z06,DC-03-Z11,2026-08-12T14:36:00
TSK-001939-1,ORD-001939,DC-12,REPLENISH,RBT-0625,EXECUTING,ASSIGNED,DC-12-Z03,DC-12-Z09,2026-08-04T13:56:00
TSK-001940-1,ORD-001940,DC-12,REPLENISH,RBT-0351,COMPLETE,QUEUED,DC-12-Z10,DC-12-Z06,2026-09-01T14:33:00
TSK-001941-1,ORD-001941,DC-05,REPLENISH,RBT-0154,COMPLETE,COMPLETE,DC-05-Z04,DC-05-Z10,2026-08-13T04:39:00
TSK-001941-2,ORD-001941,DC-05,MOVE,RBT-0018,BLOCKED,ASSIGNED,DC-05-Z08,DC-05-Z05,2026-08-13T03:55:00
TSK-001941-3,ORD-001941,DC-05,PACK_FEED,RBT-0573,EXECUTING,QUEUED,DC-05-Z02,DC-05-Z11,2026-08-13T03:39:00
TSK-001941-4,ORD-001941,DC-05,REPLENISH,RBT-0057,EXECUTING,EXECUTING,DC-05-Z05,DC-05-Z07,2026-08-13T04:07:00
TSK-001942-1,ORD-001942,DC-08,PICK,RBT-0465,EXECUTING,QUEUED,DC-08-Z06,DC-08-Z03,2026-08-02T03:06:00
TSK-001942-2,ORD-001942,DC-08,PICK,RBT-0013,QUEUED,EXECUTING,DC-08-Z01,DC-08-Z08,2026-08-02T03:08:00
TSK-001943-1,ORD-001943,DC-02,MOVE,RBT-0361,EXECUTING,QUEUED,DC-02-Z03,DC-02-Z08,2026-08-09T22:11:00
TSK-001943-2,ORD-001943,DC-02,REPLENISH,RBT-0661,EXECUTING,QUEUED,DC-02-Z04,DC-02-Z09,2026-08-09T22:22:00
TSK-001943-3,ORD-001943,DC-02,MOVE,RBT-0262,BLOCKED,FAILED,DC-02-Z10,DC-02-Z02,2026-08-09T22:16:00
TSK-001944-1,ORD-001944,DC-02,MOVE,RBT-0256,EXECUTING,FAILED,DC-02-Z12,DC-02-Z10,2026-08-25T00:42:00
TSK-001944-2,ORD-001944,DC-02,MOVE,RBT-0574,EXECUTING,ASSIGNED,DC-02-Z03,DC-02-Z10,2026-08-25T01:52:00
TSK-001944-3,ORD-001944,DC-02,PICK,RBT-0397,EXECUTING,ASSIGNED,DC-02-Z05,DC-02-Z10,2026-08-25T00:50:00
TSK-001945-1,ORD-001945,DC-04,STAGE,RBT-0479,BLOCKED,FAILED,DC-04-Z02,DC-04-Z04,2026-08-25T03:43:00
TSK-001945-2,ORD-001945,DC-04,PICK,RBT-0574,ASSIGNED,ASSIGNED,DC-04-Z12,DC-04-Z02,2026-08-25T03:31:00
TSK-001946-1,ORD-001946,DC-08,PACK_FEED,RBT-0152,BLOCKED,EXECUTING,DC-08-Z05,DC-08-Z09,2026-08-13T12:34:00
TSK-001946-2,ORD-001946,DC-08,PICK,RBT-0705,EXECUTING,ASSIGNED,DC-08-Z12,DC-08-Z09,2026-08-13T12:01:00
TSK-001946-3,ORD-001946,DC-08,STAGE,RBT-0014,BLOCKED,FAILED,DC-08-Z01,DC-08-Z05,2026-08-13T13:01:00
TSK-001947-1,ORD-001947,DC-04,PICK,RBT-0002,QUEUED,QUEUED,DC-04-Z04,DC-04-Z06,2026-08-15T15:30:00
TSK-001948-1,ORD-001948,DC-12,STAGE,RBT-0010,BLOCKED,COMPLETE,DC-12-Z10,DC-12-Z12,2026-09-03T20:12:00
TSK-001948-2,ORD-001948,DC-12,STAGE,RBT-0033,QUEUED,COMPLETE,DC-12-Z09,DC-12-Z03,2026-09-03T21:13:00
TSK-001949-1,ORD-001949,DC-04,PACK_FEED,RBT-0166,COMPLETE,ASSIGNED,DC-04-Z11,DC-04-Z01,2026-08-30T09:43:00
TSK-001949-2,ORD-001949,DC-04,STAGE,RBT-0265,QUEUED,ASSIGNED,DC-04-Z08,DC-04-Z01,2026-08-30T10:27:00
TSK-001950-1,ORD-001950,DC-05,MOVE,RBT-0490,COMPLETE,EXECUTING,DC-05-Z07,DC-05-Z03,2026-08-07T07:40:00
TSK-001951-1,ORD-001951,DC-08,STAGE,RBT-0614,COMPLETE,FAILED,DC-08-Z04,DC-08-Z10,2026-09-04T16:41:00
TSK-001951-2,ORD-001951,DC-08,STAGE,RBT-0292,ASSIGNED,FAILED,DC-08-Z01,DC-08-Z01,2026-09-04T16:20:00
TSK-001952-1,ORD-001952,DC-05,PICK,RBT-0491,QUEUED,QUEUED,DC-05-Z04,DC-05-Z10,2026-08-10T18:39:00
TSK-001952-2,ORD-001952,DC-05,MOVE,RBT-0682,QUEUED,EXECUTING,DC-05-Z07,DC-05-Z11,2026-08-10T18:43:00
TSK-001952-3,ORD-001952,DC-05,PACK_FEED,RBT-0639,COMPLETE,COMPLETE,DC-05-Z12,DC-05-Z03,2026-08-10T18:59:00
TSK-001952-4,ORD-001952,DC-05,PACK_FEED,RBT-0328,QUEUED,EXECUTING,DC-05-Z04,DC-05-Z10,2026-08-10T18:04:00
TSK-001953-1,ORD-001953,DC-17,STAGE,RBT-0081,QUEUED,COMPLETE,DC-17-Z11,DC-17-Z01,2026-08-31T20:06:00
TSK-001953-2,ORD-001953,DC-17,REPLENISH,RBT-0200,EXECUTING,EXECUTING,DC-17-Z10,DC-17-Z01,2026-08-31T21:07:00
TSK-001953-3,ORD-001953,DC-17,REPLENISH,RBT-0578,QUEUED,COMPLETE,DC-17-Z08,DC-17-Z04,2026-08-31T20:31:00
TSK-001954-1,ORD-001954,DC-04,STAGE,RBT-0393,ASSIGNED,FAILED,DC-04-Z03,DC-04-Z08,2026-08-02T20:54:00
TSK-001954-2,ORD-001954,DC-04,MOVE,RBT-0344,ASSIGNED,ASSIGNED,DC-04-Z12,DC-04-Z10,2026-08-02T22:06:00
TSK-001954-3,ORD-001954,DC-04,PICK,RBT-0365,ASSIGNED,FAILED,DC-04-Z12,DC-04-Z10,2026-08-02T21:11:00
TSK-001955-1,ORD-001955,DC-06,STAGE,RBT-0306,EXECUTING,ASSIGNED,DC-06-Z09,DC-06-Z06,2026-08-25T10:02:00
TSK-001955-2,ORD-001955,DC-06,PACK_FEED,RBT-0347,ASSIGNED,EXECUTING,DC-06-Z10,DC-06-Z12,2026-08-25T08:17:00
TSK-001955-3,ORD-001955,DC-06,PACK_FEED,RBT-0228,BLOCKED,COMPLETE,DC-06-Z03,DC-06-Z02,2026-08-25T08:56:00
TSK-001955-4,ORD-001955,DC-06,MOVE,RBT-0568,BLOCKED,EXECUTING,DC-06-Z05,DC-06-Z05,2026-08-25T09:47:00
TSK-001956-1,ORD-001956,DC-17,STAGE,RBT-0168,EXECUTING,EXECUTING,DC-17-Z06,DC-17-Z04,2026-09-04T16:34:00
TSK-001956-2,ORD-001956,DC-17,PICK,RBT-0432,COMPLETE,QUEUED,DC-17-Z10,DC-17-Z03,2026-09-04T17:16:00
TSK-001956-3,ORD-001956,DC-17,STAGE,RBT-0528,ASSIGNED,QUEUED,DC-17-Z09,DC-17-Z07,2026-09-04T17:35:00
TSK-001956-4,ORD-001956,DC-17,PICK,RBT-0070,BLOCKED,ASSIGNED,DC-17-Z10,DC-17-Z06,2026-09-04T17:39:00
TSK-001957-1,ORD-001957,DC-17,MOVE,RBT-0305,QUEUED,FAILED,DC-17-Z06,DC-17-Z12,2026-08-28T00:30:00
TSK-001957-2,ORD-001957,DC-17,PICK,RBT-0195,QUEUED,COMPLETE,DC-17-Z05,DC-17-Z03,2026-08-28T00:07:00
TSK-001957-3,ORD-001957,DC-17,REPLENISH,RBT-0176,BLOCKED,ASSIGNED,DC-17-Z11,DC-17-Z04,2026-08-28T00:09:00
TSK-001958-1,ORD-001958,DC-02,MOVE,RBT-0226,QUEUED,QUEUED,DC-02-Z11,DC-02-Z07,2026-09-04T20:15:00
TSK-001958-2,ORD-001958,DC-02,STAGE,RBT-0208,COMPLETE,EXECUTING,DC-02-Z01,DC-02-Z04,2026-09-04T20:09:00
TSK-001958-3,ORD-001958,DC-02,MOVE,RBT-0166,QUEUED,ASSIGNED,DC-02-Z05,DC-02-Z03,2026-09-04T21:11:00
TSK-001959-1,ORD-001959,DC-13,PICK,RBT-0512,BLOCKED,QUEUED,DC-13-Z04,DC-13-Z04,2026-08-02T21:45:00
TSK-001959-2,ORD-001959,DC-13,MOVE,RBT-0614,BLOCKED,FAILED,DC-13-Z04,DC-13-Z07,2026-08-02T21:04:00
TSK-001960-1,ORD-001960,DC-01,REPLENISH,RBT-0352,EXECUTING,QUEUED,DC-01-Z09,DC-01-Z06,2026-08-05T23:28:00
TSK-001961-1,ORD-001961,DC-15,PICK,RBT-0473,ASSIGNED,EXECUTING,DC-15-Z04,DC-15-Z08,2026-08-22T05:19:00
TSK-001962-1,ORD-001962,DC-05,PACK_FEED,RBT-0288,EXECUTING,EXECUTING,DC-05-Z06,DC-05-Z04,2026-09-02T11:33:00
TSK-001962-2,ORD-001962,DC-05,STAGE,RBT-0611,QUEUED,QUEUED,DC-05-Z06,DC-05-Z08,2026-09-02T11:16:00
TSK-001962-3,ORD-001962,DC-05,REPLENISH,RBT-0133,QUEUED,FAILED,DC-05-Z12,DC-05-Z12,2026-09-02T11:35:00
TSK-001962-4,ORD-001962,DC-05,PACK_FEED,RBT-0382,ASSIGNED,EXECUTING,DC-05-Z05,DC-05-Z12,2026-09-02T11:44:00
TSK-001963-1,ORD-001963,DC-04,PICK,RBT-0627,BLOCKED,ASSIGNED,DC-04-Z05,DC-04-Z10,2026-08-13T22:04:00
TSK-001963-2,ORD-001963,DC-04,STAGE,RBT-0128,ASSIGNED,EXECUTING,DC-04-Z07,DC-04-Z05,2026-08-13T21:25:00
TSK-001963-3,ORD-001963,DC-04,REPLENISH,RBT-0337,BLOCKED,FAILED,DC-04-Z05,DC-04-Z07,2026-08-13T20:33:00
TSK-001964-1,ORD-001964,DC-13,PACK_FEED,RBT-0134,BLOCKED,COMPLETE,DC-13-Z09,DC-13-Z07,2026-08-25T23:33:00
TSK-001964-2,ORD-001964,DC-13,MOVE,RBT-0227,COMPLETE,QUEUED,DC-13-Z04,DC-13-Z03,2026-08-25T23:40:00
TSK-001965-1,ORD-001965,DC-17,MOVE,RBT-0637,ASSIGNED,COMPLETE,DC-17-Z11,DC-17-Z07,2026-08-26T06:23:00
TSK-001966-1,ORD-001966,DC-08,STAGE,RBT-0591,ASSIGNED,COMPLETE,DC-08-Z12,DC-08-Z09,2026-08-17T08:20:00
TSK-001966-2,ORD-001966,DC-08,REPLENISH,RBT-0066,EXECUTING,ASSIGNED,DC-08-Z11,DC-08-Z06,2026-08-17T09:37:00
TSK-001967-1,ORD-001967,DC-15,PACK_FEED,RBT-0225,ASSIGNED,FAILED,DC-15-Z03,DC-15-Z04,2026-08-29T17:40:00
TSK-001967-2,ORD-001967,DC-15,PACK_FEED,RBT-0227,BLOCKED,FAILED,DC-15-Z12,DC-15-Z02,2026-08-29T18:20:00
TSK-001968-1,ORD-001968,DC-12,STAGE,RBT-0224,EXECUTING,ASSIGNED,DC-12-Z06,DC-12-Z12,2026-08-13T01:09:00
TSK-001969-1,ORD-001969,DC-16,PACK_FEED,RBT-0392,BLOCKED,COMPLETE,DC-16-Z03,DC-16-Z10,2026-08-08T23:39:00
TSK-001969-2,ORD-001969,DC-16,MOVE,RBT-0008,EXECUTING,QUEUED,DC-16-Z04,DC-16-Z05,2026-08-08T23:49:00
TSK-001969-3,ORD-001969,DC-16,MOVE,RBT-0349,EXECUTING,EXECUTING,DC-16-Z07,DC-16-Z11,2026-08-09T00:13:00
TSK-001970-1,ORD-001970,DC-18,MOVE,RBT-0531,COMPLETE,QUEUED,DC-18-Z03,DC-18-Z11,2026-09-01T16:52:00
TSK-001971-1,ORD-001971,DC-16,REPLENISH,RBT-0093,BLOCKED,EXECUTING,DC-16-Z10,DC-16-Z01,2026-08-22T23:07:00
TSK-001972-1,ORD-001972,DC-15,PACK_FEED,RBT-0047,ASSIGNED,EXECUTING,DC-15-Z11,DC-15-Z08,2026-08-06T06:18:00
TSK-001972-2,ORD-001972,DC-15,STAGE,RBT-0386,ASSIGNED,FAILED,DC-15-Z09,DC-15-Z06,2026-08-06T05:35:00
TSK-001972-3,ORD-001972,DC-15,PICK,RBT-0050,ASSIGNED,EXECUTING,DC-15-Z05,DC-15-Z06,2026-08-06T05:14:00
TSK-001973-1,ORD-001973,DC-02,REPLENISH,RBT-0306,QUEUED,COMPLETE,DC-02-Z04,DC-02-Z10,2026-08-30T09:21:00
TSK-001973-2,ORD-001973,DC-02,MOVE,RBT-0169,QUEUED,EXECUTING,DC-02-Z11,DC-02-Z12,2026-08-30T10:12:00
TSK-001974-1,ORD-001974,DC-18,STAGE,RBT-0437,EXECUTING,QUEUED,DC-18-Z08,DC-18-Z10,2026-09-03T11:19:00
TSK-001975-1,ORD-001975,DC-11,PACK_FEED,RBT-0563,QUEUED,FAILED,DC-11-Z02,DC-11-Z06,2026-08-26T14:59:00
TSK-001975-2,ORD-001975,DC-11,STAGE,RBT-0242,BLOCKED,EXECUTING,DC-11-Z01,DC-11-Z06,2026-08-26T16:40:00
TSK-001975-3,ORD-001975,DC-11,PACK_FEED,RBT-0229,EXECUTING,COMPLETE,DC-11-Z01,DC-11-Z04,2026-08-26T16:10:00
TSK-001975-4,ORD-001975,DC-11,PICK,RBT-0139,BLOCKED,QUEUED,DC-11-Z06,DC-11-Z03,2026-08-26T16:10:00
TSK-001976-1,ORD-001976,DC-17,REPLENISH,RBT-0200,COMPLETE,QUEUED,DC-17-Z04,DC-17-Z04,2026-08-26T13:23:00
TSK-001976-2,ORD-001976,DC-17,PICK,RBT-0190,EXECUTING,FAILED,DC-17-Z05,DC-17-Z07,2026-08-26T11:49:00
TSK-001976-3,ORD-001976,DC-17,PACK_FEED,RBT-0661,ASSIGNED,ASSIGNED,DC-17-Z04,DC-17-Z05,2026-08-26T12:15:00
TSK-001976-4,ORD-001976,DC-17,STAGE,RBT-0669,COMPLETE,COMPLETE,DC-17-Z07,DC-17-Z06,2026-08-26T12:48:00
TSK-001977-1,ORD-001977,DC-11,PACK_FEED,RBT-0507,ASSIGNED,COMPLETE,DC-11-Z08,DC-11-Z09,2026-08-10T04:27:00
TSK-001978-1,ORD-001978,DC-03,PICK,RBT-0405,QUEUED,EXECUTING,DC-03-Z04,DC-03-Z07,2026-08-13T03:12:00
TSK-001978-2,ORD-001978,DC-03,STAGE,RBT-0664,QUEUED,ASSIGNED,DC-03-Z12,DC-03-Z08,2026-08-13T03:08:00
TSK-001978-3,ORD-001978,DC-03,STAGE,RBT-0526,ASSIGNED,ASSIGNED,DC-03-Z05,DC-03-Z07,2026-08-13T02:45:00
TSK-001978-4,ORD-001978,DC-03,PACK_FEED,RBT-0155,EXECUTING,ASSIGNED,DC-03-Z04,DC-03-Z12,2026-08-13T03:51:00
TSK-001979-1,ORD-001979,DC-04,MOVE,RBT-0430,COMPLETE,COMPLETE,DC-04-Z08,DC-04-Z10,2026-08-20T08:30:00
TSK-001979-2,ORD-001979,DC-04,PACK_FEED,RBT-0052,EXECUTING,ASSIGNED,DC-04-Z10,DC-04-Z04,2026-08-20T10:06:00
TSK-001979-3,ORD-001979,DC-04,PICK,RBT-0515,COMPLETE,FAILED,DC-04-Z02,DC-04-Z11,2026-08-20T09:04:00
TSK-001979-4,ORD-001979,DC-04,PACK_FEED,RBT-0173,QUEUED,COMPLETE,DC-04-Z12,DC-04-Z02,2026-08-20T09:06:00
TSK-001980-1,ORD-001980,DC-11,STAGE,RBT-0229,EXECUTING,ASSIGNED,DC-11-Z06,DC-11-Z11,2026-08-05T05:29:00
TSK-001981-1,ORD-001981,DC-09,STAGE,RBT-0097,BLOCKED,COMPLETE,DC-09-Z05,DC-09-Z04,2026-08-03T17:17:00
TSK-001981-2,ORD-001981,DC-09,MOVE,RBT-0380,EXECUTING,FAILED,DC-09-Z09,DC-09-Z02,2026-08-03T16:59:00
TSK-001982-1,ORD-001982,DC-08,REPLENISH,RBT-0416,ASSIGNED,ASSIGNED,DC-08-Z01,DC-08-Z09,2026-08-18T23:12:00
TSK-001983-1,ORD-001983,DC-04,PACK_FEED,RBT-0676,EXECUTING,EXECUTING,DC-04-Z07,DC-04-Z06,2026-08-05T00:00:00
TSK-001983-2,ORD-001983,DC-04,PICK,RBT-0002,COMPLETE,QUEUED,DC-04-Z05,DC-04-Z09,2026-08-05T00:55:00
TSK-001983-3,ORD-001983,DC-04,PACK_FEED,RBT-0052,QUEUED,COMPLETE,DC-04-Z01,DC-04-Z02,2026-08-05T00:20:00
TSK-001984-1,ORD-001984,DC-15,PACK_FEED,RBT-0710,QUEUED,EXECUTING,DC-15-Z03,DC-15-Z05,2026-09-02T03:49:00
TSK-001984-2,ORD-001984,DC-15,PICK,RBT-0133,ASSIGNED,QUEUED,DC-15-Z03,DC-15-Z03,2026-09-02T02:44:00
TSK-001984-3,ORD-001984,DC-15,STAGE,RBT-0425,BLOCKED,FAILED,DC-15-Z05,DC-15-Z07,2026-09-02T03:26:00
TSK-001984-4,ORD-001984,DC-15,REPLENISH,RBT-0245,BLOCKED,ASSIGNED,DC-15-Z12,DC-15-Z03,2026-09-02T02:15:00
TSK-001985-1,ORD-001985,DC-13,STAGE,RBT-0063,EXECUTING,QUEUED,DC-13-Z06,DC-13-Z04,2026-08-08T11:12:00
TSK-001986-1,ORD-001986,DC-12,PACK_FEED,RBT-0223,ASSIGNED,FAILED,DC-12-Z01,DC-12-Z04,2026-09-02T17:38:00
TSK-001987-1,ORD-001987,DC-17,PICK,RBT-0298,QUEUED,ASSIGNED,DC-17-Z11,DC-17-Z09,2026-08-19T10:11:00
TSK-001987-2,ORD-001987,DC-17,STAGE,RBT-0104,ASSIGNED,QUEUED,DC-17-Z05,DC-17-Z03,2026-08-19T09:51:00
TSK-001988-1,ORD-001988,DC-06,PACK_FEED,RBT-0633,EXECUTING,COMPLETE,DC-06-Z04,DC-06-Z12,2026-08-27T16:59:00
TSK-001988-2,ORD-001988,DC-06,STAGE,RBT-0182,ASSIGNED,COMPLETE,DC-06-Z12,DC-06-Z12,2026-08-27T16:46:00
TSK-001988-3,ORD-001988,DC-06,MOVE,RBT-0468,ASSIGNED,EXECUTING,DC-06-Z11,DC-06-Z12,2026-08-27T16:34:00
TSK-001989-1,ORD-001989,DC-16,PICK,RBT-0186,ASSIGNED,EXECUTING,DC-16-Z01,DC-16-Z12,2026-09-03T00:42:00
TSK-001989-2,ORD-001989,DC-16,REPLENISH,RBT-0410,QUEUED,QUEUED,DC-16-Z06,DC-16-Z05,2026-09-03T02:10:00
TSK-001989-3,ORD-001989,DC-16,STAGE,RBT-0286,QUEUED,COMPLETE,DC-16-Z09,DC-16-Z10,2026-09-03T01:53:00
TSK-001990-1,ORD-001990,DC-04,REPLENISH,RBT-0305,ASSIGNED,QUEUED,DC-04-Z08,DC-04-Z04,2026-08-17T14:37:00
TSK-001990-2,ORD-001990,DC-04,STAGE,RBT-0698,BLOCKED,COMPLETE,DC-04-Z02,DC-04-Z05,2026-08-17T15:19:00
TSK-001990-3,ORD-001990,DC-04,REPLENISH,RBT-0143,ASSIGNED,EXECUTING,DC-04-Z11,DC-04-Z12,2026-08-17T15:22:00
TSK-001990-4,ORD-001990,DC-04,PACK_FEED,RBT-0311,ASSIGNED,ASSIGNED,DC-04-Z09,DC-04-Z11,2026-08-17T15:13:00
TSK-001991-1,ORD-001991,DC-01,MOVE,RBT-0665,BLOCKED,COMPLETE,DC-01-Z01,DC-01-Z01,2026-08-15T18:15:00
TSK-001991-2,ORD-001991,DC-01,STAGE,RBT-0601,ASSIGNED,EXECUTING,DC-01-Z03,DC-01-Z04,2026-08-15T16:57:00
TSK-001992-1,ORD-001992,DC-07,PACK_FEED,RBT-0276,EXECUTING,ASSIGNED,DC-07-Z03,DC-07-Z04,2026-08-17T10:52:00
TSK-001992-2,ORD-001992,DC-07,PICK,RBT-0418,BLOCKED,EXECUTING,DC-07-Z04,DC-07-Z09,2026-08-17T10:12:00
TSK-001992-3,ORD-001992,DC-07,MOVE,RBT-0116,ASSIGNED,ASSIGNED,DC-07-Z02,DC-07-Z06,2026-08-17T10:05:00
TSK-001992-4,ORD-001992,DC-07,PACK_FEED,RBT-0573,COMPLETE,EXECUTING,DC-07-Z07,DC-07-Z03,2026-08-17T10:34:00
TSK-001993-1,ORD-001993,DC-09,MOVE,RBT-0127,ASSIGNED,EXECUTING,DC-09-Z11,DC-09-Z09,2026-08-02T00:19:00
TSK-001993-2,ORD-001993,DC-09,REPLENISH,RBT-0422,ASSIGNED,COMPLETE,DC-09-Z07,DC-09-Z02,2026-08-02T01:08:00
TSK-001993-3,ORD-001993,DC-09,REPLENISH,RBT-0138,BLOCKED,QUEUED,DC-09-Z08,DC-09-Z03,2026-08-02T00:52:00
TSK-001993-4,ORD-001993,DC-09,PICK,RBT-0373,BLOCKED,QUEUED,DC-09-Z12,DC-09-Z11,2026-08-01T23:57:00
TSK-001994-1,ORD-001994,DC-03,MOVE,RBT-0031,BLOCKED,QUEUED,DC-03-Z07,DC-03-Z12,2026-08-21T23:48:00
TSK-001994-2,ORD-001994,DC-03,REPLENISH,RBT-0581,ASSIGNED,EXECUTING,DC-03-Z07,DC-03-Z04,2026-08-21T23:49:00
TSK-001994-3,ORD-001994,DC-03,MOVE,RBT-0062,BLOCKED,ASSIGNED,DC-03-Z12,DC-03-Z02,2026-08-22T00:02:00
TSK-001995-1,ORD-001995,DC-13,REPLENISH,RBT-0204,EXECUTING,FAILED,DC-13-Z05,DC-13-Z03,2026-08-30T05:40:00
TSK-001995-2,ORD-001995,DC-13,STAGE,RBT-0022,COMPLETE,ASSIGNED,DC-13-Z04,DC-13-Z11,2026-08-30T05:07:00
TSK-001995-3,ORD-001995,DC-13,PICK,RBT-0116,BLOCKED,QUEUED,DC-13-Z02,DC-13-Z03,2026-08-30T04:57:00
TSK-001995-4,ORD-001995,DC-13,REPLENISH,RBT-0667,ASSIGNED,ASSIGNED,DC-13-Z04,DC-13-Z08,2026-08-30T05:53:00
TSK-001996-1,ORD-001996,DC-02,PACK_FEED,RBT-0349,EXECUTING,FAILED,DC-02-Z01,DC-02-Z11,2026-08-20T14:29:00
TSK-001996-2,ORD-001996,DC-02,PACK_FEED,RBT-0226,EXECUTING,QUEUED,DC-02-Z07,DC-02-Z04,2026-08-20T13:24:00
TSK-001996-3,ORD-001996,DC-02,PACK_FEED,RBT-0253,COMPLETE,COMPLETE,DC-02-Z07,DC-02-Z05,2026-08-20T12:59:00
TSK-001996-4,ORD-001996,DC-02,REPLENISH,RBT-0027,BLOCKED,QUEUED,DC-02-Z01,DC-02-Z04,2026-08-20T12:55:00
TSK-001997-1,ORD-001997,DC-01,STAGE,RBT-0047,EXECUTING,QUEUED,DC-01-Z10,DC-01-Z03,2026-08-16T05:49:00
TSK-001997-2,ORD-001997,DC-01,STAGE,RBT-0146,BLOCKED,FAILED,DC-01-Z09,DC-01-Z12,2026-08-16T04:50:00
TSK-001997-3,ORD-001997,DC-01,REPLENISH,RBT-0358,QUEUED,QUEUED,DC-01-Z04,DC-01-Z03,2026-08-16T04:37:00
TSK-001997-4,ORD-001997,DC-01,PACK_FEED,RBT-0419,COMPLETE,FAILED,DC-01-Z04,DC-01-Z10,2026-08-16T05:49:00
TSK-001998-1,ORD-001998,DC-03,REPLENISH,RBT-0228,ASSIGNED,QUEUED,DC-03-Z03,DC-03-Z05,2026-08-23T02:30:00
TSK-001998-2,ORD-001998,DC-03,STAGE,RBT-0010,EXECUTING,FAILED,DC-03-Z04,DC-03-Z01,2026-08-23T01:58:00
TSK-001998-3,ORD-001998,DC-03,PACK_FEED,RBT-0174,EXECUTING,FAILED,DC-03-Z03,DC-03-Z02,2026-08-23T01:41:00
TSK-001998-4,ORD-001998,DC-03,MOVE,RBT-0333,COMPLETE,FAILED,DC-03-Z05,DC-03-Z07,2026-08-23T01:03:00
TSK-001999-1,ORD-001999,DC-13,PICK,RBT-0104,BLOCKED,QUEUED,DC-13-Z06,DC-13-Z10,2026-08-17T05:59:00
TSK-001999-2,ORD-001999,DC-13,STAGE,RBT-0639,ASSIGNED,COMPLETE,DC-13-Z08,DC-13-Z09,2026-08-17T05:28:00
TSK-001999-3,ORD-001999,DC-13,STAGE,RBT-0553,COMPLETE,COMPLETE,DC-13-Z08,DC-13-Z09,2026-08-17T06:42:00
TSK-002000-1,ORD-002000,DC-10,PICK,RBT-0014,QUEUED,ASSIGNED,DC-10-Z09,DC-10-Z06,2026-08-18T00:10:00
TSK-002000-2,ORD-002000,DC-10,PACK_FEED,RBT-0642,COMPLETE,ASSIGNED,DC-10-Z01,DC-10-Z12,2026-08-17T23:29:00
TSK-002000-3,ORD-002000,DC-10,PACK_FEED,RBT-0205,QUEUED,FAILED,DC-10-Z06,DC-10-Z09,2026-08-18T00:51:00
TSK-002000-4,ORD-002000,DC-10,PACK_FEED,RBT-0261,COMPLETE,FAILED,DC-10-Z01,DC-10-Z11,2026-08-17T23:49:00
TSK-002001-1,ORD-002001,DC-13,PICK,RBT-0352,COMPLETE,EXECUTING,DC-13-Z07,DC-13-Z03,2026-08-11T16:48:00
TSK-002001-2,ORD-002001,DC-13,PICK,RBT-0608,BLOCKED,COMPLETE,DC-13-Z12,DC-13-Z11,2026-08-11T18:30:00
TSK-002002-1,ORD-002002,DC-07,MOVE,RBT-0664,COMPLETE,COMPLETE,DC-07-Z07,DC-07-Z04,2026-08-05T13:08:00
TSK-002003-1,ORD-002003,DC-08,REPLENISH,RBT-0638,EXECUTING,FAILED,DC-08-Z03,DC-08-Z05,2026-08-02T05:18:00
TSK-002003-2,ORD-002003,DC-08,STAGE,RBT-0203,EXECUTING,EXECUTING,DC-08-Z02,DC-08-Z04,2026-08-02T06:03:00
TSK-002003-3,ORD-002003,DC-08,PICK,RBT-0337,BLOCKED,COMPLETE,DC-08-Z03,DC-08-Z05,2026-08-02T05:45:00
TSK-002004-1,ORD-002004,DC-11,STAGE,RBT-0182,EXECUTING,EXECUTING,DC-11-Z10,DC-11-Z04,2026-09-02T16:57:00
TSK-002004-2,ORD-002004,DC-11,MOVE,RBT-0216,BLOCKED,EXECUTING,DC-11-Z06,DC-11-Z02,2026-09-02T16:04:00
TSK-002005-1,ORD-002005,DC-12,PICK,RBT-0026,QUEUED,QUEUED,DC-12-Z11,DC-12-Z10,2026-08-22T01:58:00
TSK-002005-2,ORD-002005,DC-12,MOVE,RBT-0094,QUEUED,EXECUTING,DC-12-Z04,DC-12-Z06,2026-08-22T00:31:00
TSK-002005-3,ORD-002005,DC-12,STAGE,RBT-0689,QUEUED,ASSIGNED,DC-12-Z01,DC-12-Z03,2026-08-22T00:35:00
TSK-002005-4,ORD-002005,DC-12,REPLENISH,RBT-0111,COMPLETE,ASSIGNED,DC-12-Z06,DC-12-Z09,2026-08-22T00:10:00
TSK-002006-1,ORD-002006,DC-02,REPLENISH,RBT-0413,EXECUTING,ASSIGNED,DC-02-Z06,DC-02-Z11,2026-08-02T21:29:00
TSK-002006-2,ORD-002006,DC-02,PACK_FEED,RBT-0129,QUEUED,QUEUED,DC-02-Z06,DC-02-Z12,2026-08-02T20:16:00
TSK-002006-3,ORD-002006,DC-02,REPLENISH,RBT-0053,COMPLETE,COMPLETE,DC-02-Z08,DC-02-Z06,2026-08-02T21:45:00
TSK-002006-4,ORD-002006,DC-02,MOVE,RBT-0062,COMPLETE,COMPLETE,DC-02-Z06,DC-02-Z11,2026-08-02T19:59:00
TSK-002007-1,ORD-002007,DC-03,PACK_FEED,RBT-0135,QUEUED,EXECUTING,DC-03-Z11,DC-03-Z06,2026-09-01T11:02:00
TSK-002007-2,ORD-002007,DC-03,PACK_FEED,RBT-0573,COMPLETE,QUEUED,DC-03-Z12,DC-03-Z07,2026-09-01T11:10:00
TSK-002008-1,ORD-002008,DC-18,STAGE,RBT-0306,EXECUTING,FAILED,DC-18-Z03,DC-18-Z03,2026-08-30T16:33:00
TSK-002009-1,ORD-002009,DC-14,PICK,RBT-0180,BLOCKED,COMPLETE,DC-14-Z12,DC-14-Z04,2026-08-18T08:59:00
TSK-002009-2,ORD-002009,DC-14,MOVE,RBT-0177,COMPLETE,ASSIGNED,DC-14-Z04,DC-14-Z10,2026-08-18T10:02:00
TSK-002009-3,ORD-002009,DC-14,PICK,RBT-0185,EXECUTING,COMPLETE,DC-14-Z10,DC-14-Z09,2026-08-18T09:51:00
TSK-002010-1,ORD-002010,DC-18,MOVE,RBT-0093,COMPLETE,QUEUED,DC-18-Z10,DC-18-Z03,2026-08-07T13:13:00
TSK-002010-2,ORD-002010,DC-18,REPLENISH,RBT-0227,ASSIGNED,EXECUTING,DC-18-Z08,DC-18-Z10,2026-08-07T12:12:00
TSK-002010-3,ORD-002010,DC-18,PICK,RBT-0381,EXECUTING,COMPLETE,DC-18-Z04,DC-18-Z11,2026-08-07T12:47:00
TSK-002011-1,ORD-002011,DC-12,STAGE,RBT-0318,QUEUED,QUEUED,DC-12-Z01,DC-12-Z07,2026-08-17T16:31:00
TSK-002011-2,ORD-002011,DC-12,STAGE,RBT-0216,ASSIGNED,QUEUED,DC-12-Z02,DC-12-Z07,2026-08-17T15:12:00
TSK-002011-3,ORD-002011,DC-12,PICK,RBT-0492,BLOCKED,COMPLETE,DC-12-Z06,DC-12-Z12,2026-08-17T15:53:00
TSK-002011-4,ORD-002011,DC-12,PACK_FEED,RBT-0251,EXECUTING,COMPLETE,DC-12-Z01,DC-12-Z07,2026-08-17T14:51:00
TSK-002012-1,ORD-002012,DC-17,STAGE,RBT-0322,COMPLETE,QUEUED,DC-17-Z09,DC-17-Z11,2026-08-04T07:05:00
TSK-002012-2,ORD-002012,DC-17,STAGE,RBT-0132,EXECUTING,EXECUTING,DC-17-Z08,DC-17-Z11,2026-08-04T07:37:00
TSK-002013-1,ORD-002013,DC-01,PACK_FEED,RBT-0693,EXECUTING,EXECUTING,DC-01-Z03,DC-01-Z03,2026-08-27T12:25:00
TSK-002013-2,ORD-002013,DC-01,PICK,RBT-0222,QUEUED,COMPLETE,DC-01-Z02,DC-01-Z10,2026-08-27T13:20:00
TSK-002014-1,ORD-002014,DC-03,REPLENISH,RBT-0135,BLOCKED,EXECUTING,DC-03-Z07,DC-03-Z11,2026-08-30T06:29:00
TSK-002015-1,ORD-002015,DC-10,REPLENISH,RBT-0662,BLOCKED,EXECUTING,DC-10-Z03,DC-10-Z06,2026-08-12T21:52:00
TSK-002015-2,ORD-002015,DC-10,STAGE,RBT-0310,EXECUTING,FAILED,DC-10-Z11,DC-10-Z12,2026-08-12T21:05:00
TSK-002015-3,ORD-002015,DC-10,MOVE,RBT-0142,EXECUTING,EXECUTING,DC-10-Z06,DC-10-Z10,2026-08-12T21:09:00
TSK-002015-4,ORD-002015,DC-10,PACK_FEED,RBT-0443,QUEUED,FAILED,DC-10-Z10,DC-10-Z03,2026-08-12T21:52:00
TSK-002016-1,ORD-002016,DC-09,MOVE,RBT-0201,BLOCKED,QUEUED,DC-09-Z06,DC-09-Z01,2026-08-24T09:21:00
TSK-002016-2,ORD-002016,DC-09,MOVE,RBT-0094,COMPLETE,QUEUED,DC-09-Z06,DC-09-Z08,2026-08-24T07:59:00
TSK-002016-3,ORD-002016,DC-09,PICK,RBT-0505,QUEUED,COMPLETE,DC-09-Z08,DC-09-Z03,2026-08-24T09:37:00
TSK-002017-1,ORD-002017,DC-10,PICK,RBT-0484,COMPLETE,QUEUED,DC-10-Z10,DC-10-Z06,2026-08-02T23:01:00
TSK-002017-2,ORD-002017,DC-10,MOVE,RBT-0107,BLOCKED,EXECUTING,DC-10-Z01,DC-10-Z06,2026-08-02T22:15:00
TSK-002017-3,ORD-002017,DC-10,PICK,RBT-0068,BLOCKED,FAILED,DC-10-Z10,DC-10-Z12,2026-08-02T23:10:00
TSK-002017-4,ORD-002017,DC-10,STAGE,RBT-0427,COMPLETE,COMPLETE,DC-10-Z04,DC-10-Z04,2026-08-03T00:09:00
TSK-002018-1,ORD-002018,DC-12,MOVE,RBT-0525,BLOCKED,FAILED,DC-12-Z06,DC-12-Z05,2026-08-17T06:42:00
TSK-002018-2,ORD-002018,DC-12,PACK_FEED,RBT-0267,BLOCKED,EXECUTING,DC-12-Z02,DC-12-Z01,2026-08-17T06:01:00
TSK-002019-1,ORD-002019,DC-01,MOVE,RBT-0477,ASSIGNED,EXECUTING,DC-01-Z06,DC-01-Z02,2026-09-03T07:27:00
TSK-002019-2,ORD-002019,DC-01,PACK_FEED,RBT-0599,QUEUED,ASSIGNED,DC-01-Z09,DC-01-Z04,2026-09-03T06:50:00
TSK-002019-3,ORD-002019,DC-01,MOVE,RBT-0309,EXECUTING,QUEUED,DC-01-Z03,DC-01-Z11,2026-09-03T08:15:00
TSK-002019-4,ORD-002019,DC-01,REPLENISH,RBT-0031,COMPLETE,FAILED,DC-01-Z10,DC-01-Z07,2026-09-03T07:31:00
TSK-002020-1,ORD-002020,DC-08,REPLENISH,RBT-0209,BLOCKED,EXECUTING,DC-08-Z05,DC-08-Z10,2026-09-02T06:14:00
TSK-002020-2,ORD-002020,DC-08,MOVE,RBT-0538,EXECUTING,COMPLETE,DC-08-Z04,DC-08-Z01,2026-09-02T06:09:00
TSK-002021-1,ORD-002021,DC-13,REPLENISH,RBT-0630,ASSIGNED,QUEUED,DC-13-Z12,DC-13-Z06,2026-08-21T10:40:00
TSK-002022-1,ORD-002022,DC-16,STAGE,RBT-0501,ASSIGNED,COMPLETE,DC-16-Z08,DC-16-Z05,2026-08-04T01:00:00
TSK-002023-1,ORD-002023,DC-04,PACK_FEED,RBT-0535,COMPLETE,FAILED,DC-04-Z07,DC-04-Z02,2026-08-01T09:19:00
TSK-002023-2,ORD-002023,DC-04,STAGE,RBT-0528,ASSIGNED,QUEUED,DC-04-Z11,DC-04-Z05,2026-08-01T09:31:00
TSK-002024-1,ORD-002024,DC-06,PACK_FEED,RBT-0082,ASSIGNED,QUEUED,DC-06-Z01,DC-06-Z12,2026-08-27T14:32:00
TSK-002024-2,ORD-002024,DC-06,PACK_FEED,RBT-0104,BLOCKED,ASSIGNED,DC-06-Z09,DC-06-Z04,2026-08-27T15:43:00
TSK-002025-1,ORD-002025,DC-07,REPLENISH,RBT-0287,BLOCKED,COMPLETE,DC-07-Z08,DC-07-Z12,2026-08-20T17:20:00
TSK-002026-1,ORD-002026,DC-12,PICK,RBT-0107,EXECUTING,ASSIGNED,DC-12-Z12,DC-12-Z12,2026-08-31T19:29:00
TSK-002026-2,ORD-002026,DC-12,REPLENISH,RBT-0429,ASSIGNED,QUEUED,DC-12-Z01,DC-12-Z10,2026-08-31T18:46:00
TSK-002026-3,ORD-002026,DC-12,REPLENISH,RBT-0053,QUEUED,ASSIGNED,DC-12-Z03,DC-12-Z07,2026-08-31T20:04:00
TSK-002027-1,ORD-002027,DC-05,REPLENISH,RBT-0185,EXECUTING,ASSIGNED,DC-05-Z05,DC-05-Z02,2026-08-28T05:44:00
TSK-002027-2,ORD-002027,DC-05,PICK,RBT-0005,QUEUED,QUEUED,DC-05-Z01,DC-05-Z09,2026-08-28T05:41:00
TSK-002027-3,ORD-002027,DC-05,PICK,RBT-0151,ASSIGNED,ASSIGNED,DC-05-Z02,DC-05-Z08,2026-08-28T05:07:00
TSK-002027-4,ORD-002027,DC-05,MOVE,RBT-0048,EXECUTING,QUEUED,DC-05-Z10,DC-05-Z07,2026-08-28T04:31:00
TSK-002028-1,ORD-002028,DC-18,MOVE,RBT-0120,COMPLETE,QUEUED,DC-18-Z12,DC-18-Z08,2026-08-30T03:22:00
TSK-002029-1,ORD-002029,DC-13,MOVE,RBT-0179,COMPLETE,COMPLETE,DC-13-Z12,DC-13-Z12,2026-08-22T20:41:00
TSK-002029-2,ORD-002029,DC-13,REPLENISH,RBT-0378,ASSIGNED,ASSIGNED,DC-13-Z12,DC-13-Z12,2026-08-22T20:10:00
TSK-002029-3,ORD-002029,DC-13,STAGE,RBT-0268,QUEUED,COMPLETE,DC-13-Z10,DC-13-Z04,2026-08-22T20:23:00
TSK-002029-4,ORD-002029,DC-13,MOVE,RBT-0035,COMPLETE,QUEUED,DC-13-Z07,DC-13-Z10,2026-08-22T21:22:00
TSK-002030-1,ORD-002030,DC-08,MOVE,RBT-0012,QUEUED,FAILED,DC-08-Z03,DC-08-Z07,2026-08-06T15:51:00
TSK-002030-2,ORD-002030,DC-08,MOVE,RBT-0124,BLOCKED,QUEUED,DC-08-Z02,DC-08-Z04,2026-08-06T16:35:00
TSK-002030-3,ORD-002030,DC-08,STAGE,RBT-0582,ASSIGNED,EXECUTING,DC-08-Z08,DC-08-Z09,2026-08-06T15:54:00
TSK-002030-4,ORD-002030,DC-08,PICK,RBT-0355,ASSIGNED,FAILED,DC-08-Z01,DC-08-Z02,2026-08-06T16:37:00
TSK-002031-1,ORD-002031,DC-04,MOVE,RBT-0196,QUEUED,EXECUTING,DC-04-Z06,DC-04-Z11,2026-08-03T22:22:00
TSK-002031-2,ORD-002031,DC-04,STAGE,RBT-0374,EXECUTING,ASSIGNED,DC-04-Z10,DC-04-Z06,2026-08-03T21:49:00
TSK-002031-3,ORD-002031,DC-04,PICK,RBT-0291,ASSIGNED,EXECUTING,DC-04-Z02,DC-04-Z03,2026-08-03T23:11:00
TSK-002032-1,ORD-002032,DC-12,STAGE,RBT-0512,ASSIGNED,ASSIGNED,DC-12-Z08,DC-12-Z07,2026-08-08T06:49:00
TSK-002032-2,ORD-002032,DC-12,REPLENISH,RBT-0249,BLOCKED,ASSIGNED,DC-12-Z01,DC-12-Z12,2026-08-08T07:38:00
TSK-002032-3,ORD-002032,DC-12,MOVE,RBT-0434,BLOCKED,FAILED,DC-12-Z11,DC-12-Z04,2026-08-08T08:47:00
TSK-002033-1,ORD-002033,DC-15,MOVE,RBT-0156,ASSIGNED,EXECUTING,DC-15-Z09,DC-15-Z01,2026-08-14T01:58:00
TSK-002034-1,ORD-002034,DC-15,STAGE,RBT-0189,ASSIGNED,ASSIGNED,DC-15-Z09,DC-15-Z06,2026-08-30T04:55:00
TSK-002035-1,ORD-002035,DC-02,REPLENISH,RBT-0531,QUEUED,FAILED,DC-02-Z11,DC-02-Z11,2026-08-29T02:21:00
TSK-002035-2,ORD-002035,DC-02,STAGE,RBT-0296,QUEUED,EXECUTING,DC-02-Z06,DC-02-Z06,2026-08-29T01:58:00
TSK-002035-3,ORD-002035,DC-02,PACK_FEED,RBT-0460,COMPLETE,COMPLETE,DC-02-Z01,DC-02-Z06,2026-08-29T01:24:00
TSK-002036-1,ORD-002036,DC-17,STAGE,RBT-0484,BLOCKED,QUEUED,DC-17-Z07,DC-17-Z09,2026-08-09T08:14:00
TSK-002036-2,ORD-002036,DC-17,MOVE,RBT-0076,ASSIGNED,FAILED,DC-17-Z07,DC-17-Z02,2026-08-09T07:44:00
TSK-002037-1,ORD-002037,DC-13,STAGE,RBT-0041,QUEUED,QUEUED,DC-13-Z01,DC-13-Z12,2026-09-03T01:38:00
TSK-002037-2,ORD-002037,DC-13,PACK_FEED,RBT-0061,EXECUTING,FAILED,DC-13-Z01,DC-13-Z05,2026-09-03T00:58:00
TSK-002037-3,ORD-002037,DC-13,PICK,RBT-0488,COMPLETE,EXECUTING,DC-13-Z07,DC-13-Z11,2026-09-03T02:33:00
TSK-002038-1,ORD-002038,DC-03,PICK,RBT-0231,QUEUED,ASSIGNED,DC-03-Z04,DC-03-Z03,2026-09-01T00:37:00
TSK-002038-2,ORD-002038,DC-03,STAGE,RBT-0098,QUEUED,ASSIGNED,DC-03-Z06,DC-03-Z12,2026-08-31T23:44:00
TSK-002038-3,ORD-002038,DC-03,REPLENISH,RBT-0190,ASSIGNED,ASSIGNED,DC-03-Z08,DC-03-Z08,2026-08-31T23:06:00
TSK-002038-4,ORD-002038,DC-03,STAGE,RBT-0074,QUEUED,EXECUTING,DC-03-Z10,DC-03-Z04,2026-09-01T00:15:00
TSK-002039-1,ORD-002039,DC-11,REPLENISH,RBT-0031,ASSIGNED,ASSIGNED,DC-11-Z06,DC-11-Z01,2026-09-02T04:05:00
TSK-002039-2,ORD-002039,DC-11,STAGE,RBT-0286,BLOCKED,COMPLETE,DC-11-Z02,DC-11-Z02,2026-09-02T03:42:00
TSK-002040-1,ORD-002040,DC-10,PACK_FEED,RBT-0366,COMPLETE,ASSIGNED,DC-10-Z08,DC-10-Z01,2026-08-25T15:20:00
TSK-002041-1,ORD-002041,DC-05,PACK_FEED,RBT-0603,ASSIGNED,FAILED,DC-05-Z03,DC-05-Z06,2026-08-03T18:12:00
TSK-002041-2,ORD-002041,DC-05,REPLENISH,RBT-0233,QUEUED,QUEUED,DC-05-Z07,DC-05-Z11,2026-08-03T18:39:00
TSK-002042-1,ORD-002042,DC-07,STAGE,RBT-0304,BLOCKED,FAILED,DC-07-Z11,DC-07-Z12,2026-09-01T08:02:00
TSK-002042-2,ORD-002042,DC-07,PICK,RBT-0130,ASSIGNED,ASSIGNED,DC-07-Z11,DC-07-Z09,2026-09-01T06:22:00
TSK-002042-3,ORD-002042,DC-07,REPLENISH,RBT-0294,COMPLETE,FAILED,DC-07-Z02,DC-07-Z06,2026-09-01T07:34:00
TSK-002042-4,ORD-002042,DC-07,PICK,RBT-0546,ASSIGNED,QUEUED,DC-07-Z12,DC-07-Z02,2026-09-01T07:53:00
TSK-002043-1,ORD-002043,DC-01,PACK_FEED,RBT-0372,EXECUTING,EXECUTING,DC-01-Z01,DC-01-Z05,2026-08-15T02:34:00
TSK-002043-2,ORD-002043,DC-01,MOVE,RBT-0044,BLOCKED,QUEUED,DC-01-Z09,DC-01-Z07,2026-08-15T02:54:00
TSK-002043-3,ORD-002043,DC-01,MOVE,RBT-0050,BLOCKED,QUEUED,DC-01-Z07,DC-01-Z10,2026-08-15T02:42:00
TSK-002044-1,ORD-002044,DC-14,REPLENISH,RBT-0222,BLOCKED,ASSIGNED,DC-14-Z12,DC-14-Z03,2026-08-30T18:14:00
TSK-002044-2,ORD-002044,DC-14,STAGE,RBT-0604,BLOCKED,COMPLETE,DC-14-Z07,DC-14-Z02,2026-08-30T19:18:00
TSK-002044-3,ORD-002044,DC-14,REPLENISH,RBT-0346,COMPLETE,EXECUTING,DC-14-Z03,DC-14-Z10,2026-08-30T18:52:00
TSK-002045-1,ORD-002045,DC-17,PACK_FEED,RBT-0160,EXECUTING,COMPLETE,DC-17-Z12,DC-17-Z08,2026-08-25T11:50:00
TSK-002045-2,ORD-002045,DC-17,PICK,RBT-0656,ASSIGNED,COMPLETE,DC-17-Z04,DC-17-Z08,2026-08-25T10:47:00
TSK-002045-3,ORD-002045,DC-17,MOVE,RBT-0291,ASSIGNED,EXECUTING,DC-17-Z02,DC-17-Z04,2026-08-25T12:03:00
TSK-002046-1,ORD-002046,DC-03,PACK_FEED,RBT-0097,EXECUTING,ASSIGNED,DC-03-Z09,DC-03-Z12,2026-08-07T08:58:00
TSK-002047-1,ORD-002047,DC-09,PICK,RBT-0546,COMPLETE,COMPLETE,DC-09-Z01,DC-09-Z10,2026-08-26T00:19:00
TSK-002047-2,ORD-002047,DC-09,PICK,RBT-0487,QUEUED,EXECUTING,DC-09-Z07,DC-09-Z12,2026-08-25T22:48:00
TSK-002048-1,ORD-002048,DC-05,PACK_FEED,RBT-0495,EXECUTING,FAILED,DC-05-Z03,DC-05-Z03,2026-09-04T09:23:00
TSK-002049-1,ORD-002049,DC-02,REPLENISH,RBT-0030,COMPLETE,FAILED,DC-02-Z02,DC-02-Z03,2026-08-09T20:48:00
TSK-002049-2,ORD-002049,DC-02,STAGE,RBT-0518,ASSIGNED,EXECUTING,DC-02-Z04,DC-02-Z08,2026-08-09T19:37:00
TSK-002049-3,ORD-002049,DC-02,MOVE,RBT-0282,BLOCKED,EXECUTING,DC-02-Z09,DC-02-Z01,2026-08-09T19:52:00
TSK-002049-4,ORD-002049,DC-02,REPLENISH,RBT-0218,ASSIGNED,COMPLETE,DC-02-Z07,DC-02-Z02,2026-08-09T19:04:00
TSK-002050-1,ORD-002050,DC-18,MOVE,RBT-0317,ASSIGNED,FAILED,DC-18-Z11,DC-18-Z12,2026-09-04T06:06:00
TSK-002050-2,ORD-002050,DC-18,PACK_FEED,RBT-0440,EXECUTING,COMPLETE,DC-18-Z03,DC-18-Z12,2026-09-04T04:59:00
TSK-002050-3,ORD-002050,DC-18,PACK_FEED,RBT-0696,COMPLETE,ASSIGNED,DC-18-Z05,DC-18-Z07,2026-09-04T04:32:00
TSK-002051-1,ORD-002051,DC-13,REPLENISH,RBT-0711,COMPLETE,ASSIGNED,DC-13-Z01,DC-13-Z09,2026-09-01T22:11:00
TSK-002052-1,ORD-002052,DC-12,PACK_FEED,RBT-0663,EXECUTING,FAILED,DC-12-Z09,DC-12-Z02,2026-08-09T02:23:00
TSK-002052-2,ORD-002052,DC-12,PACK_FEED,RBT-0422,BLOCKED,FAILED,DC-12-Z08,DC-12-Z11,2026-08-09T01:22:00
TSK-002053-1,ORD-002053,DC-09,MOVE,RBT-0247,COMPLETE,COMPLETE,DC-09-Z10,DC-09-Z11,2026-08-17T14:52:00
TSK-002053-2,ORD-002053,DC-09,REPLENISH,RBT-0442,EXECUTING,ASSIGNED,DC-09-Z12,DC-09-Z09,2026-08-17T14:07:00
TSK-002054-1,ORD-002054,DC-08,REPLENISH,RBT-0054,COMPLETE,QUEUED,DC-08-Z03,DC-08-Z10,2026-08-20T10:41:00
TSK-002054-2,ORD-002054,DC-08,PICK,RBT-0615,QUEUED,FAILED,DC-08-Z11,DC-08-Z01,2026-08-20T10:36:00
TSK-002055-1,ORD-002055,DC-10,STAGE,RBT-0692,COMPLETE,COMPLETE,DC-10-Z10,DC-10-Z06,2026-08-24T00:37:00
TSK-002056-1,ORD-002056,DC-07,PICK,RBT-0268,ASSIGNED,FAILED,DC-07-Z08,DC-07-Z04,2026-09-04T15:38:00
TSK-002056-2,ORD-002056,DC-07,REPLENISH,RBT-0298,COMPLETE,ASSIGNED,DC-07-Z08,DC-07-Z10,2026-09-04T16:00:00
TSK-002056-3,ORD-002056,DC-07,PICK,RBT-0403,EXECUTING,QUEUED,DC-07-Z11,DC-07-Z10,2026-09-04T15:33:00
TSK-002057-1,ORD-002057,DC-02,PACK_FEED,RBT-0401,ASSIGNED,COMPLETE,DC-02-Z05,DC-02-Z08,2026-09-04T14:52:00
TSK-002057-2,ORD-002057,DC-02,MOVE,RBT-0301,ASSIGNED,COMPLETE,DC-02-Z05,DC-02-Z12,2026-09-04T15:53:00
TSK-002058-1,ORD-002058,DC-06,PACK_FEED,RBT-0491,COMPLETE,QUEUED,DC-06-Z11,DC-06-Z07,2026-08-10T02:42:00
TSK-002058-2,ORD-002058,DC-06,PICK,RBT-0304,ASSIGNED,EXECUTING,DC-06-Z04,DC-06-Z05,2026-08-10T03:28:00
TSK-002058-3,ORD-002058,DC-06,PACK_FEED,RBT-0126,ASSIGNED,ASSIGNED,DC-06-Z09,DC-06-Z06,2026-08-10T01:39:00
TSK-002059-1,ORD-002059,DC-08,MOVE,RBT-0317,EXECUTING,QUEUED,DC-08-Z06,DC-08-Z06,2026-08-14T14:47:00
TSK-002060-1,ORD-002060,DC-02,MOVE,RBT-0445,QUEUED,COMPLETE,DC-02-Z03,DC-02-Z03,2026-08-31T03:39:00
TSK-002060-2,ORD-002060,DC-02,PICK,RBT-0702,QUEUED,COMPLETE,DC-02-Z06,DC-02-Z01,2026-08-31T03:16:00
TSK-002061-1,ORD-002061,DC-16,MOVE,RBT-0469,EXECUTING,FAILED,DC-16-Z04,DC-16-Z08,2026-08-10T12:04:00
TSK-002061-2,ORD-002061,DC-16,STAGE,RBT-0235,QUEUED,COMPLETE,DC-16-Z04,DC-16-Z10,2026-08-10T12:25:00
TSK-002061-3,ORD-002061,DC-16,PACK_FEED,RBT-0619,QUEUED,QUEUED,DC-16-Z06,DC-16-Z12,2026-08-10T12:14:00
TSK-002062-1,ORD-002062,DC-16,REPLENISH,RBT-0562,QUEUED,QUEUED,DC-16-Z06,DC-16-Z01,2026-08-19T19:33:00
TSK-002063-1,ORD-002063,DC-12,PACK_FEED,RBT-0106,QUEUED,COMPLETE,DC-12-Z09,DC-12-Z03,2026-08-03T21:15:00
TSK-002064-1,ORD-002064,DC-15,PICK,RBT-0493,ASSIGNED,EXECUTING,DC-15-Z09,DC-15-Z08,2026-08-17T17:21:00
TSK-002064-2,ORD-002064,DC-15,MOVE,RBT-0292,COMPLETE,EXECUTING,DC-15-Z05,DC-15-Z02,2026-08-17T17:10:00
TSK-002064-3,ORD-002064,DC-15,REPLENISH,RBT-0519,ASSIGNED,QUEUED,DC-15-Z01,DC-15-Z01,2026-08-17T17:12:00
TSK-002064-4,ORD-002064,DC-15,STAGE,RBT-0402,COMPLETE,EXECUTING,DC-15-Z10,DC-15-Z05,2026-08-17T17:54:00
TSK-002065-1,ORD-002065,DC-11,REPLENISH,RBT-0222,QUEUED,EXECUTING,DC-11-Z06,DC-11-Z10,2026-08-23T22:54:00
TSK-002065-2,ORD-002065,DC-11,MOVE,RBT-0653,BLOCKED,FAILED,DC-11-Z06,DC-11-Z06,2026-08-23T22:21:00
TSK-002065-3,ORD-002065,DC-11,PICK,RBT-0369,QUEUED,FAILED,DC-11-Z06,DC-11-Z03,2026-08-23T21:26:00
TSK-002065-4,ORD-002065,DC-11,STAGE,RBT-0179,EXECUTING,ASSIGNED,DC-11-Z03,DC-11-Z01,2026-08-23T22:18:00
TSK-002066-1,ORD-002066,DC-14,REPLENISH,RBT-0504,ASSIGNED,FAILED,DC-14-Z05,DC-14-Z07,2026-08-02T05:34:00
TSK-002066-2,ORD-002066,DC-14,PICK,RBT-0533,QUEUED,FAILED,DC-14-Z04,DC-14-Z05,2026-08-02T06:11:00
TSK-002066-3,ORD-002066,DC-14,PACK_FEED,RBT-0412,COMPLETE,ASSIGNED,DC-14-Z12,DC-14-Z01,2026-08-02T05:14:00
TSK-002067-1,ORD-002067,DC-03,PICK,RBT-0213,EXECUTING,COMPLETE,DC-03-Z05,DC-03-Z07,2026-09-02T15:46:00
TSK-002067-2,ORD-002067,DC-03,REPLENISH,RBT-0088,BLOCKED,ASSIGNED,DC-03-Z05,DC-03-Z02,2026-09-02T16:01:00
TSK-002067-3,ORD-002067,DC-03,PACK_FEED,RBT-0119,EXECUTING,ASSIGNED,DC-03-Z02,DC-03-Z06,2026-09-02T15:40:00
TSK-002068-1,ORD-002068,DC-15,PACK_FEED,RBT-0355,ASSIGNED,COMPLETE,DC-15-Z01,DC-15-Z11,2026-08-06T10:56:00
TSK-002068-2,ORD-002068,DC-15,REPLENISH,RBT-0357,QUEUED,ASSIGNED,DC-15-Z12,DC-15-Z01,2026-08-06T11:47:00
TSK-002068-3,ORD-002068,DC-15,PACK_FEED,RBT-0673,COMPLETE,EXECUTING,DC-15-Z10,DC-15-Z12,2026-08-06T10:22:00
TSK-002069-1,ORD-002069,DC-18,MOVE,RBT-0001,BLOCKED,QUEUED,DC-18-Z02,DC-18-Z03,2026-08-09T04:51:00
TSK-002069-2,ORD-002069,DC-18,PACK_FEED,RBT-0692,EXECUTING,COMPLETE,DC-18-Z03,DC-18-Z05,2026-08-09T05:02:00
TSK-002070-1,ORD-002070,DC-18,PACK_FEED,RBT-0454,BLOCKED,COMPLETE,DC-18-Z01,DC-18-Z01,2026-08-30T16:32:00
TSK-002070-2,ORD-002070,DC-18,STAGE,RBT-0116,EXECUTING,FAILED,DC-18-Z03,DC-18-Z05,2026-08-30T17:06:00
TSK-002070-3,ORD-002070,DC-18,PICK,RBT-0162,ASSIGNED,EXECUTING,DC-18-Z04,DC-18-Z10,2026-08-30T17:43:00
TSK-002071-1,ORD-002071,DC-09,PICK,RBT-0270,COMPLETE,QUEUED,DC-09-Z12,DC-09-Z03,2026-08-29T03:24:00
TSK-002072-1,ORD-002072,DC-12,STAGE,RBT-0393,QUEUED,COMPLETE,DC-12-Z09,DC-12-Z01,2026-08-25T01:04:00
TSK-002072-2,ORD-002072,DC-12,PICK,RBT-0083,COMPLETE,EXECUTING,DC-12-Z05,DC-12-Z04,2026-08-25T02:12:00
TSK-002073-1,ORD-002073,DC-12,STAGE,RBT-0134,ASSIGNED,FAILED,DC-12-Z09,DC-12-Z08,2026-09-01T07:41:00
TSK-002074-1,ORD-002074,DC-16,MOVE,RBT-0568,QUEUED,EXECUTING,DC-16-Z06,DC-16-Z09,2026-08-30T10:07:00
TSK-002074-2,ORD-002074,DC-16,STAGE,RBT-0310,ASSIGNED,COMPLETE,DC-16-Z03,DC-16-Z07,2026-08-30T10:12:00
TSK-002075-1,ORD-002075,DC-13,STAGE,RBT-0438,ASSIGNED,QUEUED,DC-13-Z11,DC-13-Z04,2026-08-02T09:38:00
TSK-002075-2,ORD-002075,DC-13,REPLENISH,RBT-0439,QUEUED,EXECUTING,DC-13-Z08,DC-13-Z06,2026-08-02T09:49:00
TSK-002075-3,ORD-002075,DC-13,REPLENISH,RBT-0264,COMPLETE,QUEUED,DC-13-Z11,DC-13-Z07,2026-08-02T09:01:00
TSK-002076-1,ORD-002076,DC-09,PICK,RBT-0511,COMPLETE,QUEUED,DC-09-Z05,DC-09-Z04,2026-08-02T20:27:00
TSK-002077-1,ORD-002077,DC-13,PACK_FEED,RBT-0040,ASSIGNED,EXECUTING,DC-13-Z09,DC-13-Z01,2026-08-05T12:54:00
TSK-002077-2,ORD-002077,DC-13,PACK_FEED,RBT-0563,QUEUED,QUEUED,DC-13-Z05,DC-13-Z09,2026-08-05T13:57:00
TSK-002078-1,ORD-002078,DC-04,MOVE,RBT-0007,COMPLETE,ASSIGNED,DC-04-Z06,DC-04-Z10,2026-09-04T03:49:00
TSK-002078-2,ORD-002078,DC-04,PACK_FEED,RBT-0308,ASSIGNED,COMPLETE,DC-04-Z04,DC-04-Z07,2026-09-04T02:42:00
TSK-002079-1,ORD-002079,DC-11,MOVE,RBT-0017,BLOCKED,EXECUTING,DC-11-Z12,DC-11-Z05,2026-08-01T18:09:00
TSK-002080-1,ORD-002080,DC-02,PACK_FEED,RBT-0623,BLOCKED,FAILED,DC-02-Z05,DC-02-Z04,2026-08-31T23:00:00
TSK-002080-2,ORD-002080,DC-02,PICK,RBT-0307,QUEUED,COMPLETE,DC-02-Z06,DC-02-Z12,2026-08-31T22:15:00
TSK-002081-1,ORD-002081,DC-05,MOVE,RBT-0478,QUEUED,ASSIGNED,DC-05-Z07,DC-05-Z02,2026-08-31T05:21:00
TSK-002081-2,ORD-002081,DC-05,MOVE,RBT-0311,BLOCKED,ASSIGNED,DC-05-Z07,DC-05-Z01,2026-08-31T05:51:00
TSK-002081-3,ORD-002081,DC-05,MOVE,RBT-0101,COMPLETE,COMPLETE,DC-05-Z02,DC-05-Z09,2026-08-31T05:13:00
TSK-002081-4,ORD-002081,DC-05,PACK_FEED,RBT-0635,BLOCKED,EXECUTING,DC-05-Z09,DC-05-Z01,2026-08-31T06:00:00
TSK-002082-1,ORD-002082,DC-02,STAGE,RBT-0327,BLOCKED,ASSIGNED,DC-02-Z04,DC-02-Z11,2026-08-18T11:38:00
TSK-002082-2,ORD-002082,DC-02,REPLENISH,RBT-0410,EXECUTING,QUEUED,DC-02-Z06,DC-02-Z11,2026-08-18T11:34:00
TSK-002082-3,ORD-002082,DC-02,PICK,RBT-0281,ASSIGNED,FAILED,DC-02-Z06,DC-02-Z10,2026-08-18T12:24:00
TSK-002082-4,ORD-002082,DC-02,STAGE,RBT-0220,EXECUTING,EXECUTING,DC-02-Z01,DC-02-Z12,2026-08-18T11:27:00
TSK-002083-1,ORD-002083,DC-09,REPLENISH,RBT-0204,EXECUTING,QUEUED,DC-09-Z05,DC-09-Z06,2026-08-04T06:10:00
TSK-002083-2,ORD-002083,DC-09,STAGE,RBT-0674,COMPLETE,FAILED,DC-09-Z10,DC-09-Z09,2026-08-04T06:55:00
TSK-002083-3,ORD-002083,DC-09,PICK,RBT-0638,BLOCKED,EXECUTING,DC-09-Z01,DC-09-Z10,2026-08-04T05:39:00
TSK-002084-1,ORD-002084,DC-05,STAGE,RBT-0568,EXECUTING,FAILED,DC-05-Z01,DC-05-Z01,2026-09-04T23:29:00
TSK-002085-1,ORD-002085,DC-17,REPLENISH,RBT-0677,QUEUED,COMPLETE,DC-17-Z06,DC-17-Z05,2026-08-19T20:08:00
TSK-002086-1,ORD-002086,DC-18,STAGE,RBT-0191,QUEUED,ASSIGNED,DC-18-Z03,DC-18-Z12,2026-08-09T07:12:00
TSK-002086-2,ORD-002086,DC-18,STAGE,RBT-0192,BLOCKED,FAILED,DC-18-Z05,DC-18-Z11,2026-08-09T06:05:00
TSK-002087-1,ORD-002087,DC-18,MOVE,RBT-0074,COMPLETE,COMPLETE,DC-18-Z06,DC-18-Z08,2026-08-25T07:11:00
TSK-002087-2,ORD-002087,DC-18,PICK,RBT-0300,QUEUED,EXECUTING,DC-18-Z04,DC-18-Z04,2026-08-25T06:33:00
TSK-002088-1,ORD-002088,DC-18,REPLENISH,RBT-0069,EXECUTING,FAILED,DC-18-Z01,DC-18-Z09,2026-08-04T06:38:00
TSK-002088-2,ORD-002088,DC-18,MOVE,RBT-0024,COMPLETE,QUEUED,DC-18-Z03,DC-18-Z02,2026-08-04T06:05:00
TSK-002088-3,ORD-002088,DC-18,STAGE,RBT-0016,ASSIGNED,QUEUED,DC-18-Z11,DC-18-Z07,2026-08-04T05:36:00
TSK-002089-1,ORD-002089,DC-11,MOVE,RBT-0588,QUEUED,ASSIGNED,DC-11-Z04,DC-11-Z04,2026-08-01T07:35:00
TSK-002090-1,ORD-002090,DC-07,REPLENISH,RBT-0280,EXECUTING,ASSIGNED,DC-07-Z01,DC-07-Z10,2026-08-04T16:00:00
TSK-002090-2,ORD-002090,DC-07,PICK,RBT-0552,COMPLETE,QUEUED,DC-07-Z10,DC-07-Z12,2026-08-04T16:19:00
TSK-002091-1,ORD-002091,DC-05,PICK,RBT-0554,BLOCKED,EXECUTING,DC-05-Z06,DC-05-Z01,2026-09-04T07:16:00
TSK-002091-2,ORD-002091,DC-05,STAGE,RBT-0153,ASSIGNED,FAILED,DC-05-Z07,DC-05-Z11,2026-09-04T07:58:00
TSK-002091-3,ORD-002091,DC-05,PACK_FEED,RBT-0093,QUEUED,QUEUED,DC-05-Z09,DC-05-Z09,2026-09-04T06:36:00
TSK-002091-4,ORD-002091,DC-05,PACK_FEED,RBT-0536,BLOCKED,COMPLETE,DC-05-Z05,DC-05-Z05,2026-09-04T08:27:00
TSK-002092-1,ORD-002092,DC-14,PICK,RBT-0532,EXECUTING,QUEUED,DC-14-Z04,DC-14-Z08,2026-08-18T08:28:00
TSK-002092-2,ORD-002092,DC-14,PICK,RBT-0425,COMPLETE,FAILED,DC-14-Z02,DC-14-Z08,2026-08-18T09:17:00
TSK-002093-1,ORD-002093,DC-16,STAGE,RBT-0513,QUEUED,COMPLETE,DC-16-Z04,DC-16-Z12,2026-08-21T06:33:00
TSK-002093-2,ORD-002093,DC-16,PACK_FEED,RBT-0562,ASSIGNED,COMPLETE,DC-16-Z01,DC-16-Z07,2026-08-21T07:04:00
TSK-002093-3,ORD-002093,DC-16,REPLENISH,RBT-0204,EXECUTING,QUEUED,DC-16-Z01,DC-16-Z03,2026-08-21T07:35:00
TSK-002093-4,ORD-002093,DC-16,PACK_FEED,RBT-0036,ASSIGNED,COMPLETE,DC-16-Z07,DC-16-Z05,2026-08-21T07:12:00
TSK-002094-1,ORD-002094,DC-14,REPLENISH,RBT-0152,EXECUTING,ASSIGNED,DC-14-Z08,DC-14-Z07,2026-09-01T05:15:00
TSK-002094-2,ORD-002094,DC-14,MOVE,RBT-0669,QUEUED,COMPLETE,DC-14-Z02,DC-14-Z09,2026-09-01T03:56:00
TSK-002095-1,ORD-002095,DC-07,PICK,RBT-0307,QUEUED,EXECUTING,DC-07-Z07,DC-07-Z03,2026-08-04T06:21:00
TSK-002095-2,ORD-002095,DC-07,PACK_FEED,RBT-0704,BLOCKED,FAILED,DC-07-Z10,DC-07-Z04,2026-08-04T07:06:00
TSK-002096-1,ORD-002096,DC-15,PACK_FEED,RBT-0711,QUEUED,FAILED,DC-15-Z04,DC-15-Z12,2026-08-11T03:45:00
TSK-002096-2,ORD-002096,DC-15,STAGE,RBT-0110,ASSIGNED,FAILED,DC-15-Z04,DC-15-Z12,2026-08-11T03:11:00
TSK-002096-3,ORD-002096,DC-15,STAGE,RBT-0284,QUEUED,ASSIGNED,DC-15-Z06,DC-15-Z12,2026-08-11T02:15:00
TSK-002097-1,ORD-002097,DC-06,PICK,RBT-0386,COMPLETE,COMPLETE,DC-06-Z09,DC-06-Z05,2026-08-14T03:03:00
TSK-002097-2,ORD-002097,DC-06,PACK_FEED,RBT-0266,EXECUTING,FAILED,DC-06-Z12,DC-06-Z11,2026-08-14T02:34:00
TSK-002097-3,ORD-002097,DC-06,PICK,RBT-0026,ASSIGNED,EXECUTING,DC-06-Z08,DC-06-Z03,2026-08-14T03:09:00
TSK-002098-1,ORD-002098,DC-04,MOVE,RBT-0221,ASSIGNED,FAILED,DC-04-Z07,DC-04-Z10,2026-08-01T19:46:00
TSK-002099-1,ORD-002099,DC-02,STAGE,RBT-0631,COMPLETE,FAILED,DC-02-Z09,DC-02-Z03,2026-08-20T17:46:00
TSK-002099-2,ORD-002099,DC-02,MOVE,RBT-0589,COMPLETE,EXECUTING,DC-02-Z03,DC-02-Z01,2026-08-20T17:27:00
TSK-002099-3,ORD-002099,DC-02,STAGE,RBT-0501,ASSIGNED,ASSIGNED,DC-02-Z02,DC-02-Z11,2026-08-20T16:49:00
TSK-002100-1,ORD-002100,DC-03,REPLENISH,RBT-0562,ASSIGNED,EXECUTING,DC-03-Z02,DC-03-Z09,2026-08-22T04:22:00
TSK-002100-2,ORD-002100,DC-03,PACK_FEED,RBT-0178,COMPLETE,COMPLETE,DC-03-Z03,DC-03-Z02,2026-08-22T04:11:00
TSK-002101-1,ORD-002101,DC-11,PICK,RBT-0333,QUEUED,EXECUTING,DC-11-Z08,DC-11-Z01,2026-09-02T02:22:00
TSK-002102-1,ORD-002102,DC-06,MOVE,RBT-0621,BLOCKED,COMPLETE,DC-06-Z04,DC-06-Z11,2026-08-20T12:46:00
TSK-002103-1,ORD-002103,DC-10,STAGE,RBT-0223,BLOCKED,QUEUED,DC-10-Z05,DC-10-Z08,2026-08-22T11:33:00
TSK-002103-2,ORD-002103,DC-10,REPLENISH,RBT-0315,ASSIGNED,QUEUED,DC-10-Z08,DC-10-Z05,2026-08-22T10:51:00
TSK-002103-3,ORD-002103,DC-10,PACK_FEED,RBT-0184,QUEUED,EXECUTING,DC-10-Z10,DC-10-Z06,2026-08-22T12:45:00
TSK-002104-1,ORD-002104,DC-11,MOVE,RBT-0380,EXECUTING,COMPLETE,DC-11-Z05,DC-11-Z06,2026-08-18T04:43:00
TSK-002104-2,ORD-002104,DC-11,STAGE,RBT-0446,EXECUTING,COMPLETE,DC-11-Z12,DC-11-Z02,2026-08-18T04:16:00
TSK-002104-3,ORD-002104,DC-11,STAGE,RBT-0011,QUEUED,COMPLETE,DC-11-Z06,DC-11-Z01,2026-08-18T04:16:00
TSK-002105-1,ORD-002105,DC-07,STAGE,RBT-0627,BLOCKED,FAILED,DC-07-Z11,DC-07-Z05,2026-08-03T20:13:00
TSK-002105-2,ORD-002105,DC-07,PICK,RBT-0100,EXECUTING,ASSIGNED,DC-07-Z02,DC-07-Z09,2026-08-03T19:24:00
TSK-002105-3,ORD-002105,DC-07,PACK_FEED,RBT-0217,ASSIGNED,QUEUED,DC-07-Z10,DC-07-Z02,2026-08-03T19:11:00
TSK-002106-1,ORD-002106,DC-16,REPLENISH,RBT-0306,BLOCKED,ASSIGNED,DC-16-Z09,DC-16-Z03,2026-08-01T19:14:00
TSK-002106-2,ORD-002106,DC-16,STAGE,RBT-0446,ASSIGNED,COMPLETE,DC-16-Z08,DC-16-Z07,2026-08-01T21:00:00
TSK-002107-1,ORD-002107,DC-17,PICK,RBT-0033,COMPLETE,ASSIGNED,DC-17-Z11,DC-17-Z01,2026-08-01T23:35:00
TSK-002107-2,ORD-002107,DC-17,REPLENISH,RBT-0379,BLOCKED,ASSIGNED,DC-17-Z02,DC-17-Z10,2026-08-02T00:41:00
TSK-002107-3,ORD-002107,DC-17,MOVE,RBT-0451,QUEUED,FAILED,DC-17-Z02,DC-17-Z12,2026-08-02T00:26:00
TSK-002108-1,ORD-002108,DC-06,PICK,RBT-0387,EXECUTING,COMPLETE,DC-06-Z09,DC-06-Z06,2026-08-23T04:13:00
TSK-002109-1,ORD-002109,DC-04,PICK,RBT-0114,ASSIGNED,ASSIGNED,DC-04-Z11,DC-04-Z08,2026-08-09T08:32:00
TSK-002109-2,ORD-002109,DC-04,PACK_FEED,RBT-0345,QUEUED,COMPLETE,DC-04-Z09,DC-04-Z08,2026-08-09T08:05:00
TSK-002109-3,ORD-002109,DC-04,PICK,RBT-0250,QUEUED,COMPLETE,DC-04-Z08,DC-04-Z01,2026-08-09T08:59:00
TSK-002110-1,ORD-002110,DC-11,MOVE,RBT-0467,ASSIGNED,QUEUED,DC-11-Z07,DC-11-Z07,2026-08-23T10:02:00
TSK-002110-2,ORD-002110,DC-11,PACK_FEED,RBT-0598,ASSIGNED,FAILED,DC-11-Z12,DC-11-Z11,2026-08-23T10:22:00
TSK-002111-1,ORD-002111,DC-07,PICK,RBT-0435,COMPLETE,FAILED,DC-07-Z04,DC-07-Z07,2026-08-24T18:33:00
TSK-002112-1,ORD-002112,DC-16,MOVE,RBT-0363,EXECUTING,FAILED,DC-16-Z07,DC-16-Z08,2026-09-03T20:34:00
TSK-002113-1,ORD-002113,DC-09,MOVE,RBT-0214,COMPLETE,EXECUTING,DC-09-Z09,DC-09-Z02,2026-08-14T05:43:00
TSK-002114-1,ORD-002114,DC-16,PICK,RBT-0418,ASSIGNED,FAILED,DC-16-Z01,DC-16-Z08,2026-08-19T10:41:00
TSK-002114-2,ORD-002114,DC-16,REPLENISH,RBT-0080,QUEUED,ASSIGNED,DC-16-Z02,DC-16-Z10,2026-08-19T10:53:00
TSK-002115-1,ORD-002115,DC-06,REPLENISH,RBT-0504,COMPLETE,EXECUTING,DC-06-Z02,DC-06-Z11,2026-09-04T02:11:00
TSK-002115-2,ORD-002115,DC-06,PICK,RBT-0002,BLOCKED,FAILED,DC-06-Z03,DC-06-Z05,2026-09-04T02:44:00
TSK-002115-3,ORD-002115,DC-06,REPLENISH,RBT-0373,EXECUTING,FAILED,DC-06-Z01,DC-06-Z08,2026-09-04T02:57:00
TSK-002116-1,ORD-002116,DC-04,PICK,RBT-0069,EXECUTING,EXECUTING,DC-04-Z02,DC-04-Z03,2026-08-16T14:12:00
TSK-002116-2,ORD-002116,DC-04,MOVE,RBT-0122,ASSIGNED,QUEUED,DC-04-Z02,DC-04-Z07,2026-08-16T13:44:00
TSK-002116-3,ORD-002116,DC-04,PACK_FEED,RBT-0044,EXECUTING,EXECUTING,DC-04-Z02,DC-04-Z06,2026-08-16T13:25:00
TSK-002117-1,ORD-002117,DC-05,REPLENISH,RBT-0233,ASSIGNED,COMPLETE,DC-05-Z04,DC-05-Z05,2026-08-26T07:55:00
TSK-002117-2,ORD-002117,DC-05,PICK,RBT-0612,ASSIGNED,EXECUTING,DC-05-Z08,DC-05-Z06,2026-08-26T08:08:00
TSK-002117-3,ORD-002117,DC-05,PACK_FEED,RBT-0279,BLOCKED,FAILED,DC-05-Z03,DC-05-Z04,2026-08-26T07:56:00
TSK-002117-4,ORD-002117,DC-05,PACK_FEED,RBT-0620,QUEUED,EXECUTING,DC-05-Z02,DC-05-Z06,2026-08-26T08:09:00
TSK-002118-1,ORD-002118,DC-18,STAGE,RBT-0128,QUEUED,QUEUED,DC-18-Z01,DC-18-Z03,2026-08-05T01:06:00
TSK-002118-2,ORD-002118,DC-18,REPLENISH,RBT-0379,QUEUED,FAILED,DC-18-Z01,DC-18-Z11,2026-08-05T01:08:00
TSK-002118-3,ORD-002118,DC-18,REPLENISH,RBT-0270,COMPLETE,COMPLETE,DC-18-Z09,DC-18-Z01,2026-08-05T02:25:00
TSK-002118-4,ORD-002118,DC-18,PICK,RBT-0162,EXECUTING,FAILED,DC-18-Z04,DC-18-Z10,2026-08-05T02:18:00
TSK-002119-1,ORD-002119,DC-07,STAGE,RBT-0562,EXECUTING,COMPLETE,DC-07-Z01,DC-07-Z04,2026-08-18T05:53:00
TSK-002120-1,ORD-002120,DC-06,STAGE,RBT-0482,BLOCKED,COMPLETE,DC-06-Z04,DC-06-Z01,2026-08-28T19:13:00
TSK-002120-2,ORD-002120,DC-06,PICK,RBT-0174,ASSIGNED,EXECUTING,DC-06-Z04,DC-06-Z02,2026-08-28T20:25:00
TSK-002121-1,ORD-002121,DC-06,MOVE,RBT-0312,ASSIGNED,COMPLETE,DC-06-Z02,DC-06-Z03,2026-08-07T05:31:00
TSK-002121-2,ORD-002121,DC-06,MOVE,RBT-0711,COMPLETE,FAILED,DC-06-Z10,DC-06-Z09,2026-08-07T05:23:00
TSK-002121-3,ORD-002121,DC-06,MOVE,RBT-0221,BLOCKED,FAILED,DC-06-Z09,DC-06-Z11,2026-08-07T06:51:00
TSK-002121-4,ORD-002121,DC-06,PICK,RBT-0195,EXECUTING,ASSIGNED,DC-06-Z02,DC-06-Z09,2026-08-07T05:16:00
TSK-002122-1,ORD-002122,DC-05,PICK,RBT-0468,COMPLETE,EXECUTING,DC-05-Z05,DC-05-Z08,2026-09-05T01:18:00
TSK-002122-2,ORD-002122,DC-05,MOVE,RBT-0646,COMPLETE,FAILED,DC-05-Z01,DC-05-Z11,2026-09-05T01:10:00
TSK-002123-1,ORD-002123,DC-05,PACK_FEED,RBT-0237,ASSIGNED,FAILED,DC-05-Z12,DC-05-Z03,2026-08-20T01:34:00
TSK-002124-1,ORD-002124,DC-15,STAGE,RBT-0129,ASSIGNED,FAILED,DC-15-Z12,DC-15-Z03,2026-08-14T02:49:00
TSK-002124-2,ORD-002124,DC-15,PICK,RBT-0429,BLOCKED,QUEUED,DC-15-Z01,DC-15-Z07,2026-08-14T02:56:00
TSK-002124-3,ORD-002124,DC-15,STAGE,RBT-0284,EXECUTING,ASSIGNED,DC-15-Z03,DC-15-Z01,2026-08-14T02:33:00
TSK-002125-1,ORD-002125,DC-05,STAGE,RBT-0673,COMPLETE,QUEUED,DC-05-Z07,DC-05-Z06,2026-08-19T08:53:00
TSK-002126-1,ORD-002126,DC-15,PACK_FEED,RBT-0278,QUEUED,COMPLETE,DC-15-Z10,DC-15-Z06,2026-09-02T01:18:00
TSK-002126-2,ORD-002126,DC-15,PACK_FEED,RBT-0151,COMPLETE,COMPLETE,DC-15-Z07,DC-15-Z04,2026-09-02T00:35:00
TSK-002127-1,ORD-002127,DC-13,PICK,RBT-0368,EXECUTING,COMPLETE,DC-13-Z09,DC-13-Z03,2026-08-30T04:34:00
TSK-002127-2,ORD-002127,DC-13,PACK_FEED,RBT-0633,EXECUTING,FAILED,DC-13-Z12,DC-13-Z04,2026-08-30T03:16:00
TSK-002127-3,ORD-002127,DC-13,REPLENISH,RBT-0429,COMPLETE,ASSIGNED,DC-13-Z10,DC-13-Z04,2026-08-30T03:53:00
TSK-002127-4,ORD-002127,DC-13,PICK,RBT-0432,QUEUED,QUEUED,DC-13-Z05,DC-13-Z11,2026-08-30T04:17:00
TSK-002128-1,ORD-002128,DC-13,MOVE,RBT-0285,BLOCKED,EXECUTING,DC-13-Z02,DC-13-Z12,2026-08-18T23:56:00
TSK-002128-2,ORD-002128,DC-13,STAGE,RBT-0574,ASSIGNED,FAILED,DC-13-Z11,DC-13-Z06,2026-08-18T23:48:00
TSK-002129-1,ORD-002129,DC-09,PACK_FEED,RBT-0038,QUEUED,FAILED,DC-09-Z05,DC-09-Z02,2026-08-19T10:54:00
TSK-002129-2,ORD-002129,DC-09,REPLENISH,RBT-0636,EXECUTING,EXECUTING,DC-09-Z08,DC-09-Z01,2026-08-19T10:56:00
TSK-002130-1,ORD-002130,DC-01,PACK_FEED,RBT-0005,ASSIGNED,FAILED,DC-01-Z09,DC-01-Z02,2026-08-13T07:01:00
TSK-002130-2,ORD-002130,DC-01,STAGE,RBT-0663,EXECUTING,QUEUED,DC-01-Z10,DC-01-Z10,2026-08-13T07:13:00
TSK-002131-1,ORD-002131,DC-02,MOVE,RBT-0644,COMPLETE,QUEUED,DC-02-Z08,DC-02-Z10,2026-08-26T19:49:00
TSK-002131-2,ORD-002131,DC-02,REPLENISH,RBT-0556,BLOCKED,ASSIGNED,DC-02-Z01,DC-02-Z12,2026-08-26T20:02:00
TSK-002131-3,ORD-002131,DC-02,STAGE,RBT-0431,BLOCKED,ASSIGNED,DC-02-Z09,DC-02-Z06,2026-08-26T18:42:00
TSK-002132-1,ORD-002132,DC-07,REPLENISH,RBT-0121,QUEUED,QUEUED,DC-07-Z05,DC-07-Z12,2026-08-10T09:27:00
TSK-002133-1,ORD-002133,DC-14,REPLENISH,RBT-0450,EXECUTING,FAILED,DC-14-Z12,DC-14-Z01,2026-08-21T01:36:00
TSK-002133-2,ORD-002133,DC-14,STAGE,RBT-0139,COMPLETE,EXECUTING,DC-14-Z09,DC-14-Z04,2026-08-21T00:52:00
TSK-002134-1,ORD-002134,DC-04,REPLENISH,RBT-0340,EXECUTING,COMPLETE,DC-04-Z06,DC-04-Z02,2026-08-06T16:39:00
TSK-002135-1,ORD-002135,DC-03,STAGE,RBT-0447,ASSIGNED,EXECUTING,DC-03-Z11,DC-03-Z02,2026-09-04T21:35:00
TSK-002136-1,ORD-002136,DC-16,MOVE,RBT-0590,QUEUED,ASSIGNED,DC-16-Z02,DC-16-Z09,2026-08-29T16:12:00
TSK-002136-2,ORD-002136,DC-16,PACK_FEED,RBT-0248,ASSIGNED,ASSIGNED,DC-16-Z10,DC-16-Z08,2026-08-29T15:23:00
TSK-002137-1,ORD-002137,DC-11,PICK,RBT-0681,ASSIGNED,ASSIGNED,DC-11-Z08,DC-11-Z06,2026-08-12T20:39:00
TSK-002137-2,ORD-002137,DC-11,PICK,RBT-0699,BLOCKED,COMPLETE,DC-11-Z01,DC-11-Z04,2026-08-12T21:12:00
TSK-002137-3,ORD-002137,DC-11,PICK,RBT-0059,COMPLETE,ASSIGNED,DC-11-Z12,DC-11-Z03,2026-08-12T21:14:00
TSK-002138-1,ORD-002138,DC-10,REPLENISH,RBT-0144,QUEUED,QUEUED,DC-10-Z04,DC-10-Z09,2026-08-25T04:05:00
TSK-002138-2,ORD-002138,DC-10,PICK,RBT-0059,BLOCKED,FAILED,DC-10-Z03,DC-10-Z05,2026-08-25T05:24:00
TSK-002139-1,ORD-002139,DC-10,PACK_FEED,RBT-0366,BLOCKED,ASSIGNED,DC-10-Z09,DC-10-Z10,2026-08-21T11:34:00
TSK-002139-2,ORD-002139,DC-10,PICK,RBT-0039,COMPLETE,FAILED,DC-10-Z08,DC-10-Z02,2026-08-21T11:38:00
TSK-002140-1,ORD-002140,DC-14,STAGE,RBT-0367,EXECUTING,FAILED,DC-14-Z05,DC-14-Z04,2026-08-02T01:12:00
TSK-002140-2,ORD-002140,DC-14,REPLENISH,RBT-0552,EXECUTING,EXECUTING,DC-14-Z06,DC-14-Z10,2026-08-02T00:14:00
TSK-002140-3,ORD-002140,DC-14,REPLENISH,RBT-0102,EXECUTING,QUEUED,DC-14-Z01,DC-14-Z09,2026-08-02T00:18:00
TSK-002140-4,ORD-002140,DC-14,PACK_FEED,RBT-0126,EXECUTING,ASSIGNED,DC-14-Z02,DC-14-Z11,2026-08-01T23:40:00
TSK-002141-1,ORD-002141,DC-09,PICK,RBT-0415,EXECUTING,QUEUED,DC-09-Z05,DC-09-Z09,2026-08-31T13:52:00
TSK-002141-2,ORD-002141,DC-09,PACK_FEED,RBT-0352,ASSIGNED,ASSIGNED,DC-09-Z07,DC-09-Z06,2026-08-31T12:36:00
TSK-002141-3,ORD-002141,DC-09,STAGE,RBT-0497,ASSIGNED,FAILED,DC-09-Z01,DC-09-Z06,2026-08-31T12:21:00
TSK-002142-1,ORD-002142,DC-17,REPLENISH,RBT-0283,ASSIGNED,FAILED,DC-17-Z10,DC-17-Z09,2026-08-24T09:31:00
TSK-002142-2,ORD-002142,DC-17,PICK,RBT-0474,QUEUED,EXECUTING,DC-17-Z10,DC-17-Z04,2026-08-24T10:54:00
TSK-002143-1,ORD-002143,DC-07,REPLENISH,RBT-0411,COMPLETE,FAILED,DC-07-Z10,DC-07-Z07,2026-08-22T01:15:00
TSK-002143-2,ORD-002143,DC-07,PICK,RBT-0246,EXECUTING,EXECUTING,DC-07-Z12,DC-07-Z08,2026-08-22T00:30:00
TSK-002144-1,ORD-002144,DC-04,REPLENISH,RBT-0077,COMPLETE,COMPLETE,DC-04-Z06,DC-04-Z06,2026-08-08T16:57:00
TSK-002144-2,ORD-002144,DC-04,PICK,RBT-0517,COMPLETE,ASSIGNED,DC-04-Z01,DC-04-Z06,2026-08-08T17:45:00
TSK-002144-3,ORD-002144,DC-04,PACK_FEED,RBT-0393,QUEUED,COMPLETE,DC-04-Z08,DC-04-Z04,2026-08-08T18:26:00
TSK-002145-1,ORD-002145,DC-12,STAGE,RBT-0686,COMPLETE,FAILED,DC-12-Z02,DC-12-Z01,2026-08-03T07:54:00
TSK-002145-2,ORD-002145,DC-12,PACK_FEED,RBT-0541,BLOCKED,QUEUED,DC-12-Z07,DC-12-Z11,2026-08-03T08:21:00
TSK-002145-3,ORD-002145,DC-12,PACK_FEED,RBT-0461,QUEUED,QUEUED,DC-12-Z11,DC-12-Z12,2026-08-03T09:00:00
TSK-002146-1,ORD-002146,DC-13,MOVE,RBT-0391,COMPLETE,QUEUED,DC-13-Z07,DC-13-Z10,2026-08-13T18:38:00
TSK-002147-1,ORD-002147,DC-02,MOVE,RBT-0479,COMPLETE,ASSIGNED,DC-02-Z12,DC-02-Z01,2026-08-14T00:25:00
TSK-002148-1,ORD-002148,DC-03,STAGE,RBT-0152,BLOCKED,EXECUTING,DC-03-Z06,DC-03-Z11,2026-08-31T19:00:00
TSK-002148-2,ORD-002148,DC-03,PICK,RBT-0184,QUEUED,EXECUTING,DC-03-Z04,DC-03-Z08,2026-08-31T19:32:00
TSK-002148-3,ORD-002148,DC-03,PACK_FEED,RBT-0297,ASSIGNED,FAILED,DC-03-Z12,DC-03-Z06,2026-08-31T19:15:00
TSK-002148-4,ORD-002148,DC-03,STAGE,RBT-0549,QUEUED,FAILED,DC-03-Z02,DC-03-Z01,2026-08-31T19:57:00
TSK-002149-1,ORD-002149,DC-09,STAGE,RBT-0069,BLOCKED,EXECUTING,DC-09-Z12,DC-09-Z12,2026-09-03T03:21:00
TSK-002149-2,ORD-002149,DC-09,MOVE,RBT-0545,QUEUED,QUEUED,DC-09-Z05,DC-09-Z02,2026-09-03T03:36:00
TSK-002149-3,ORD-002149,DC-09,PICK,RBT-0565,COMPLETE,ASSIGNED,DC-09-Z03,DC-09-Z10,2026-09-03T03:33:00
TSK-002150-1,ORD-002150,DC-01,PACK_FEED,RBT-0580,EXECUTING,COMPLETE,DC-01-Z09,DC-01-Z04,2026-08-07T07:35:00
TSK-002150-2,ORD-002150,DC-01,PICK,RBT-0559,EXECUTING,ASSIGNED,DC-01-Z07,DC-01-Z10,2026-08-07T08:55:00
TSK-002150-3,ORD-002150,DC-01,PICK,RBT-0385,ASSIGNED,COMPLETE,DC-01-Z12,DC-01-Z07,2026-08-07T08:12:00
TSK-002150-4,ORD-002150,DC-01,PACK_FEED,RBT-0509,QUEUED,FAILED,DC-01-Z10,DC-01-Z02,2026-08-07T08:44:00
TSK-002151-1,ORD-002151,DC-14,REPLENISH,RBT-0054,BLOCKED,EXECUTING,DC-14-Z10,DC-14-Z10,2026-08-01T14:19:00
TSK-002151-2,ORD-002151,DC-14,PICK,RBT-0267,COMPLETE,COMPLETE,DC-14-Z11,DC-14-Z12,2026-08-01T14:16:00
TSK-002152-1,ORD-002152,DC-06,PICK,RBT-0622,QUEUED,QUEUED,DC-06-Z09,DC-06-Z06,2026-08-08T21:09:00
TSK-002152-2,ORD-002152,DC-06,PICK,RBT-0152,BLOCKED,FAILED,DC-06-Z09,DC-06-Z11,2026-08-08T20:21:00
TSK-002153-1,ORD-002153,DC-14,STAGE,RBT-0589,BLOCKED,COMPLETE,DC-14-Z10,DC-14-Z02,2026-08-14T04:27:00
TSK-002153-2,ORD-002153,DC-14,MOVE,RBT-0199,EXECUTING,EXECUTING,DC-14-Z11,DC-14-Z06,2026-08-14T05:03:00
TSK-002153-3,ORD-002153,DC-14,REPLENISH,RBT-0123,EXECUTING,FAILED,DC-14-Z05,DC-14-Z11,2026-08-14T03:27:00
TSK-002153-4,ORD-002153,DC-14,STAGE,RBT-0262,BLOCKED,ASSIGNED,DC-14-Z05,DC-14-Z08,2026-08-14T04:41:00
TSK-002154-1,ORD-002154,DC-04,PICK,RBT-0636,ASSIGNED,EXECUTING,DC-04-Z05,DC-04-Z09,2026-09-04T14:21:00
TSK-002154-2,ORD-002154,DC-04,PACK_FEED,RBT-0082,EXECUTING,COMPLETE,DC-04-Z11,DC-04-Z09,2026-09-04T14:13:00
TSK-002154-3,ORD-002154,DC-04,PACK_FEED,RBT-0536,BLOCKED,EXECUTING,DC-04-Z07,DC-04-Z11,2026-09-04T13:23:00
TSK-002154-4,ORD-002154,DC-04,MOVE,RBT-0464,BLOCKED,QUEUED,DC-04-Z01,DC-04-Z10,2026-09-04T13:12:00
TSK-002155-1,ORD-002155,DC-11,MOVE,RBT-0705,ASSIGNED,FAILED,DC-11-Z12,DC-11-Z07,2026-08-21T10:57:00
TSK-002155-2,ORD-002155,DC-11,PICK,RBT-0098,EXECUTING,ASSIGNED,DC-11-Z09,DC-11-Z10,2026-08-21T12:34:00
TSK-002156-1,ORD-002156,DC-04,MOVE,RBT-0278,ASSIGNED,EXECUTING,DC-04-Z03,DC-04-Z03,2026-08-31T18:14:00
TSK-002157-1,ORD-002157,DC-18,MOVE,RBT-0365,BLOCKED,ASSIGNED,DC-18-Z09,DC-18-Z01,2026-08-31T23:17:00
TSK-002158-1,ORD-002158,DC-11,PACK_FEED,RBT-0040,ASSIGNED,ASSIGNED,DC-11-Z09,DC-11-Z11,2026-08-14T20:52:00
TSK-002158-2,ORD-002158,DC-11,PACK_FEED,RBT-0164,QUEUED,EXECUTING,DC-11-Z02,DC-11-Z10,2026-08-14T21:21:00
TSK-002158-3,ORD-002158,DC-11,REPLENISH,RBT-0535,COMPLETE,ASSIGNED,DC-11-Z09,DC-11-Z06,2026-08-14T21:47:00
TSK-002159-1,ORD-002159,DC-17,REPLENISH,RBT-0248,EXECUTING,QUEUED,DC-17-Z06,DC-17-Z06,2026-08-22T00:24:00
TSK-002159-2,ORD-002159,DC-17,MOVE,RBT-0220,EXECUTING,FAILED,DC-17-Z06,DC-17-Z09,2026-08-22T00:44:00
TSK-002160-1,ORD-002160,DC-07,PACK_FEED,RBT-0113,ASSIGNED,FAILED,DC-07-Z02,DC-07-Z02,2026-08-14T16:03:00
TSK-002160-2,ORD-002160,DC-07,REPLENISH,RBT-0677,BLOCKED,ASSIGNED,DC-07-Z08,DC-07-Z08,2026-08-14T15:41:00
TSK-002161-1,ORD-002161,DC-13,PACK_FEED,RBT-0626,COMPLETE,QUEUED,DC-13-Z08,DC-13-Z08,2026-08-21T18:09:00
TSK-002162-1,ORD-002162,DC-17,MOVE,RBT-0239,COMPLETE,COMPLETE,DC-17-Z08,DC-17-Z05,2026-09-03T06:32:00
TSK-002163-1,ORD-002163,DC-18,PACK_FEED,RBT-0556,QUEUED,ASSIGNED,DC-18-Z11,DC-18-Z12,2026-08-21T02:04:00
TSK-002163-2,ORD-002163,DC-18,MOVE,RBT-0709,QUEUED,COMPLETE,DC-18-Z12,DC-18-Z10,2026-08-21T02:27:00
TSK-002163-3,ORD-002163,DC-18,MOVE,RBT-0128,EXECUTING,QUEUED,DC-18-Z01,DC-18-Z10,2026-08-21T00:30:00
TSK-002164-1,ORD-002164,DC-07,MOVE,RBT-0703,BLOCKED,FAILED,DC-07-Z04,DC-07-Z11,2026-08-15T12:40:00
TSK-002164-2,ORD-002164,DC-07,STAGE,RBT-0445,BLOCKED,FAILED,DC-07-Z09,DC-07-Z03,2026-08-15T12:05:00
TSK-002164-3,ORD-002164,DC-07,PACK_FEED,RBT-0348,QUEUED,FAILED,DC-07-Z06,DC-07-Z12,2026-08-15T11:19:00
TSK-002164-4,ORD-002164,DC-07,STAGE,RBT-0351,EXECUTING,FAILED,DC-07-Z07,DC-07-Z01,2026-08-15T12:26:00
TSK-002165-1,ORD-002165,DC-15,MOVE,RBT-0469,ASSIGNED,ASSIGNED,DC-15-Z07,DC-15-Z10,2026-08-14T02:22:00
TSK-002165-2,ORD-002165,DC-15,REPLENISH,RBT-0131,QUEUED,COMPLETE,DC-15-Z01,DC-15-Z03,2026-08-14T02:04:00
TSK-002165-3,ORD-002165,DC-15,STAGE,RBT-0080,EXECUTING,ASSIGNED,DC-15-Z05,DC-15-Z06,2026-08-14T02:58:00
TSK-002165-4,ORD-002165,DC-15,MOVE,RBT-0278,ASSIGNED,EXECUTING,DC-15-Z05,DC-15-Z07,2026-08-14T02:32:00
TSK-002166-1,ORD-002166,DC-03,PICK,RBT-0551,COMPLETE,FAILED,DC-03-Z06,DC-03-Z06,2026-09-02T05:36:00
TSK-002166-2,ORD-002166,DC-03,MOVE,RBT-0669,COMPLETE,COMPLETE,DC-03-Z10,DC-03-Z10,2026-09-02T04:59:00
TSK-002167-1,ORD-002167,DC-10,PACK_FEED,RBT-0503,QUEUED,EXECUTING,DC-10-Z07,DC-10-Z06,2026-08-02T18:04:00
TSK-002167-2,ORD-002167,DC-10,REPLENISH,RBT-0625,ASSIGNED,EXECUTING,DC-10-Z12,DC-10-Z12,2026-08-02T17:03:00
TSK-002168-1,ORD-002168,DC-14,MOVE,RBT-0225,COMPLETE,COMPLETE,DC-14-Z08,DC-14-Z06,2026-08-10T17:20:00
TSK-002168-2,ORD-002168,DC-14,REPLENISH,RBT-0335,EXECUTING,FAILED,DC-14-Z09,DC-14-Z06,2026-08-10T17:11:00
TSK-002169-1,ORD-002169,DC-02,MOVE,RBT-0229,COMPLETE,EXECUTING,DC-02-Z08,DC-02-Z09,2026-08-21T13:58:00
TSK-002170-1,ORD-002170,DC-17,REPLENISH,RBT-0236,QUEUED,QUEUED,DC-17-Z03,DC-17-Z01,2026-08-10T15:38:00
TSK-002171-1,ORD-002171,DC-14,PICK,RBT-0569,EXECUTING,COMPLETE,DC-14-Z12,DC-14-Z01,2026-09-02T05:52:00
TSK-002171-2,ORD-002171,DC-14,PICK,RBT-0253,COMPLETE,QUEUED,DC-14-Z12,DC-14-Z05,2026-09-02T06:12:00
TSK-002171-3,ORD-002171,DC-14,REPLENISH,RBT-0166,ASSIGNED,FAILED,DC-14-Z01,DC-14-Z01,2026-09-02T06:17:00
TSK-002172-1,ORD-002172,DC-04,STAGE,RBT-0612,QUEUED,FAILED,DC-04-Z10,DC-04-Z07,2026-08-29T03:57:00
TSK-002172-2,ORD-002172,DC-04,PACK_FEED,RBT-0063,QUEUED,ASSIGNED,DC-04-Z11,DC-04-Z02,2026-08-29T03:46:00
TSK-002172-3,ORD-002172,DC-04,PICK,RBT-0089,ASSIGNED,QUEUED,DC-04-Z04,DC-04-Z03,2026-08-29T04:32:00
TSK-002173-1,ORD-002173,DC-14,MOVE,RBT-0423,COMPLETE,COMPLETE,DC-14-Z03,DC-14-Z11,2026-08-27T03:55:00
TSK-002173-2,ORD-002173,DC-14,PACK_FEED,RBT-0045,ASSIGNED,EXECUTING,DC-14-Z05,DC-14-Z09,2026-08-27T05:11:00
TSK-002173-3,ORD-002173,DC-14,PACK_FEED,RBT-0523,BLOCKED,ASSIGNED,DC-14-Z04,DC-14-Z05,2026-08-27T05:06:00
TSK-002173-4,ORD-002173,DC-14,MOVE,RBT-0399,EXECUTING,ASSIGNED,DC-14-Z09,DC-14-Z11,2026-08-27T04:26:00
TSK-002174-1,ORD-002174,DC-16,STAGE,RBT-0379,COMPLETE,QUEUED,DC-16-Z02,DC-16-Z01,2026-08-25T18:48:00
TSK-002175-1,ORD-002175,DC-06,MOVE,RBT-0298,ASSIGNED,ASSIGNED,DC-06-Z03,DC-06-Z08,2026-08-22T08:07:00
TSK-002176-1,ORD-002176,DC-01,MOVE,RBT-0198,EXECUTING,FAILED,DC-01-Z10,DC-01-Z11,2026-09-03T21:06:00
TSK-002176-2,ORD-002176,DC-01,PACK_FEED,RBT-0191,COMPLETE,FAILED,DC-01-Z10,DC-01-Z03,2026-09-03T21:09:00
TSK-002177-1,ORD-002177,DC-01,PACK_FEED,RBT-0391,EXECUTING,ASSIGNED,DC-01-Z07,DC-01-Z02,2026-08-20T09:02:00
TSK-002177-2,ORD-002177,DC-01,PACK_FEED,RBT-0683,EXECUTING,ASSIGNED,DC-01-Z08,DC-01-Z07,2026-08-20T10:12:00
TSK-002178-1,ORD-002178,DC-13,MOVE,RBT-0402,QUEUED,ASSIGNED,DC-13-Z09,DC-13-Z03,2026-08-23T14:04:00
TSK-002178-2,ORD-002178,DC-13,PICK,RBT-0185,COMPLETE,QUEUED,DC-13-Z10,DC-13-Z10,2026-08-23T14:37:00
TSK-002178-3,ORD-002178,DC-13,MOVE,RBT-0668,BLOCKED,ASSIGNED,DC-13-Z07,DC-13-Z02,2026-08-23T14:35:00
TSK-002179-1,ORD-002179,DC-11,STAGE,RBT-0364,QUEUED,ASSIGNED,DC-11-Z01,DC-11-Z11,2026-08-21T14:19:00
TSK-002179-2,ORD-002179,DC-11,STAGE,RBT-0620,EXECUTING,ASSIGNED,DC-11-Z09,DC-11-Z02,2026-08-21T15:02:00
TSK-002179-3,ORD-002179,DC-11,STAGE,RBT-0504,ASSIGNED,COMPLETE,DC-11-Z10,DC-11-Z09,2026-08-21T14:32:00
TSK-002180-1,ORD-002180,DC-10,REPLENISH,RBT-0031,BLOCKED,EXECUTING,DC-10-Z03,DC-10-Z11,2026-08-04T14:47:00
TSK-002181-1,ORD-002181,DC-15,REPLENISH,RBT-0157,COMPLETE,ASSIGNED,DC-15-Z12,DC-15-Z06,2026-08-12T14:35:00
TSK-002181-2,ORD-002181,DC-15,PACK_FEED,RBT-0350,EXECUTING,FAILED,DC-15-Z05,DC-15-Z03,2026-08-12T15:56:00
TSK-002181-3,ORD-002181,DC-15,MOVE,RBT-0183,QUEUED,COMPLETE,DC-15-Z06,DC-15-Z05,2026-08-12T15:12:00
TSK-002182-1,ORD-002182,DC-06,PICK,RBT-0648,EXECUTING,QUEUED,DC-06-Z04,DC-06-Z10,2026-09-02T19:31:00
TSK-002182-2,ORD-002182,DC-06,MOVE,RBT-0672,COMPLETE,EXECUTING,DC-06-Z05,DC-06-Z01,2026-09-02T20:30:00
TSK-002183-1,ORD-002183,DC-03,PICK,RBT-0471,EXECUTING,FAILED,DC-03-Z04,DC-03-Z10,2026-08-29T18:49:00
TSK-002183-2,ORD-002183,DC-03,STAGE,RBT-0264,BLOCKED,ASSIGNED,DC-03-Z04,DC-03-Z07,2026-08-29T18:44:00
TSK-002183-3,ORD-002183,DC-03,MOVE,RBT-0096,QUEUED,FAILED,DC-03-Z03,DC-03-Z03,2026-08-29T19:39:00
TSK-002183-4,ORD-002183,DC-03,MOVE,RBT-0641,ASSIGNED,EXECUTING,DC-03-Z10,DC-03-Z04,2026-08-29T18:48:00
TSK-002184-1,ORD-002184,DC-07,PACK_FEED,RBT-0292,QUEUED,FAILED,DC-07-Z07,DC-07-Z11,2026-08-18T02:05:00
TSK-002184-2,ORD-002184,DC-07,PICK,RBT-0577,BLOCKED,FAILED,DC-07-Z06,DC-07-Z12,2026-08-18T00:53:00
TSK-002184-3,ORD-002184,DC-07,PACK_FEED,RBT-0672,ASSIGNED,ASSIGNED,DC-07-Z11,DC-07-Z10,2026-08-18T02:02:00
TSK-002185-1,ORD-002185,DC-10,MOVE,RBT-0264,ASSIGNED,FAILED,DC-10-Z06,DC-10-Z02,2026-08-17T12:17:00
TSK-002186-1,ORD-002186,DC-06,PICK,RBT-0476,ASSIGNED,FAILED,DC-06-Z02,DC-06-Z04,2026-08-18T21:27:00
TSK-002186-2,ORD-002186,DC-06,MOVE,RBT-0508,COMPLETE,FAILED,DC-06-Z08,DC-06-Z02,2026-08-18T21:55:00
TSK-002187-1,ORD-002187,DC-06,REPLENISH,RBT-0549,ASSIGNED,EXECUTING,DC-06-Z09,DC-06-Z11,2026-08-02T02:29:00
TSK-002187-2,ORD-002187,DC-06,REPLENISH,RBT-0409,BLOCKED,EXECUTING,DC-06-Z04,DC-06-Z01,2026-08-02T01:33:00
TSK-002187-3,ORD-002187,DC-06,MOVE,RBT-0371,ASSIGNED,QUEUED,DC-06-Z02,DC-06-Z10,2026-08-02T02:23:00
TSK-002188-1,ORD-002188,DC-17,PICK,RBT-0330,EXECUTING,COMPLETE,DC-17-Z01,DC-17-Z05,2026-08-09T06:21:00
TSK-002189-1,ORD-002189,DC-12,PACK_FEED,RBT-0232,COMPLETE,FAILED,DC-12-Z03,DC-12-Z05,2026-08-10T02:34:00
TSK-002189-2,ORD-002189,DC-12,PICK,RBT-0233,QUEUED,COMPLETE,DC-12-Z11,DC-12-Z02,2026-08-10T02:42:00
TSK-002190-1,ORD-002190,DC-05,PICK,RBT-0325,ASSIGNED,EXECUTING,DC-05-Z01,DC-05-Z12,2026-08-02T19:24:00
TSK-002190-2,ORD-002190,DC-05,PICK,RBT-0097,COMPLETE,ASSIGNED,DC-05-Z09,DC-05-Z01,2026-08-02T19:02:00
TSK-002190-3,ORD-002190,DC-05,PACK_FEED,RBT-0425,EXECUTING,FAILED,DC-05-Z12,DC-05-Z09,2026-08-02T19:34:00
TSK-002191-1,ORD-002191,DC-08,STAGE,RBT-0347,BLOCKED,EXECUTING,DC-08-Z05,DC-08-Z03,2026-08-22T22:10:00
TSK-002191-2,ORD-002191,DC-08,PACK_FEED,RBT-0697,BLOCKED,EXECUTING,DC-08-Z06,DC-08-Z11,2026-08-22T21:06:00
TSK-002192-1,ORD-002192,DC-01,REPLENISH,RBT-0044,ASSIGNED,COMPLETE,DC-01-Z07,DC-01-Z09,2026-08-04T17:47:00
TSK-002193-1,ORD-002193,DC-04,REPLENISH,RBT-0131,ASSIGNED,QUEUED,DC-04-Z07,DC-04-Z06,2026-08-18T20:41:00
TSK-002193-2,ORD-002193,DC-04,PICK,RBT-0702,BLOCKED,ASSIGNED,DC-04-Z08,DC-04-Z03,2026-08-18T20:22:00
TSK-002193-3,ORD-002193,DC-04,REPLENISH,RBT-0407,COMPLETE,COMPLETE,DC-04-Z03,DC-04-Z05,2026-08-18T19:49:00
TSK-002193-4,ORD-002193,DC-04,PACK_FEED,RBT-0362,BLOCKED,ASSIGNED,DC-04-Z03,DC-04-Z02,2026-08-18T19:40:00
TSK-002194-1,ORD-002194,DC-07,MOVE,RBT-0074,ASSIGNED,FAILED,DC-07-Z06,DC-07-Z07,2026-08-05T20:56:00
TSK-002194-2,ORD-002194,DC-07,PACK_FEED,RBT-0414,ASSIGNED,FAILED,DC-07-Z02,DC-07-Z03,2026-08-05T19:50:00
TSK-002194-3,ORD-002194,DC-07,STAGE,RBT-0513,COMPLETE,ASSIGNED,DC-07-Z05,DC-07-Z06,2026-08-05T20:36:00
TSK-002194-4,ORD-002194,DC-07,MOVE,RBT-0368,EXECUTING,QUEUED,DC-07-Z10,DC-07-Z08,2026-08-05T21:14:00
TSK-002195-1,ORD-002195,DC-08,MOVE,RBT-0136,EXECUTING,ASSIGNED,DC-08-Z08,DC-08-Z03,2026-08-05T10:30:00
TSK-002195-2,ORD-002195,DC-08,PICK,RBT-0082,QUEUED,COMPLETE,DC-08-Z01,DC-08-Z06,2026-08-05T09:00:00
TSK-002195-3,ORD-002195,DC-08,MOVE,RBT-0488,ASSIGNED,FAILED,DC-08-Z02,DC-08-Z09,2026-08-05T10:24:00
TSK-002195-4,ORD-002195,DC-08,REPLENISH,RBT-0025,BLOCKED,ASSIGNED,DC-08-Z09,DC-08-Z11,2026-08-05T09:06:00
TSK-002196-1,ORD-002196,DC-05,REPLENISH,RBT-0285,COMPLETE,ASSIGNED,DC-05-Z03,DC-05-Z02,2026-08-30T16:37:00
TSK-002196-2,ORD-002196,DC-05,MOVE,RBT-0179,ASSIGNED,EXECUTING,DC-05-Z08,DC-05-Z09,2026-08-30T17:12:00
TSK-002197-1,ORD-002197,DC-11,MOVE,RBT-0166,BLOCKED,COMPLETE,DC-11-Z01,DC-11-Z07,2026-08-16T21:31:00
TSK-002197-2,ORD-002197,DC-11,PICK,RBT-0211,QUEUED,COMPLETE,DC-11-Z03,DC-11-Z05,2026-08-16T22:03:00
TSK-002198-1,ORD-002198,DC-05,REPLENISH,RBT-0403,EXECUTING,ASSIGNED,DC-05-Z06,DC-05-Z01,2026-08-15T05:29:00
TSK-002198-2,ORD-002198,DC-05,STAGE,RBT-0348,ASSIGNED,FAILED,DC-05-Z04,DC-05-Z11,2026-08-15T07:22:00
TSK-002199-1,ORD-002199,DC-03,MOVE,RBT-0226,QUEUED,QUEUED,DC-03-Z02,DC-03-Z04,2026-08-23T14:40:00
TSK-002199-2,ORD-002199,DC-03,PACK_FEED,RBT-0686,COMPLETE,ASSIGNED,DC-03-Z02,DC-03-Z08,2026-08-23T15:26:00
TSK-002200-1,ORD-002200,DC-13,MOVE,RBT-0597,ASSIGNED,ASSIGNED,DC-13-Z05,DC-13-Z10,2026-08-12T10:20:00
TSK-002201-1,ORD-002201,DC-10,MOVE,RBT-0627,COMPLETE,ASSIGNED,DC-10-Z11,DC-10-Z10,2026-09-03T16:39:00
TSK-002202-1,ORD-002202,DC-01,MOVE,RBT-0366,EXECUTING,ASSIGNED,DC-01-Z06,DC-01-Z12,2026-08-23T08:39:00
TSK-002202-2,ORD-002202,DC-01,MOVE,RBT-0507,EXECUTING,EXECUTING,DC-01-Z12,DC-01-Z09,2026-08-23T08:37:00
TSK-002202-3,ORD-002202,DC-01,PACK_FEED,RBT-0619,ASSIGNED,COMPLETE,DC-01-Z12,DC-01-Z12,2026-08-23T08:08:00
TSK-002203-1,ORD-002203,DC-16,PACK_FEED,RBT-0180,QUEUED,EXECUTING,DC-16-Z10,DC-16-Z08,2026-08-22T22:21:00
TSK-002203-2,ORD-002203,DC-16,PICK,RBT-0175,COMPLETE,EXECUTING,DC-16-Z12,DC-16-Z06,2026-08-22T22:27:00
TSK-002204-1,ORD-002204,DC-10,REPLENISH,RBT-0244,BLOCKED,QUEUED,DC-10-Z06,DC-10-Z10,2026-08-29T12:32:00
TSK-002204-2,ORD-002204,DC-10,PICK,RBT-0191,ASSIGNED,EXECUTING,DC-10-Z02,DC-10-Z08,2026-08-29T11:55:00
TSK-002204-3,ORD-002204,DC-10,REPLENISH,RBT-0360,COMPLETE,FAILED,DC-10-Z11,DC-10-Z05,2026-08-29T11:03:00
TSK-002205-1,ORD-002205,DC-04,PACK_FEED,RBT-0408,QUEUED,COMPLETE,DC-04-Z10,DC-04-Z10,2026-08-01T17:07:00
TSK-002205-2,ORD-002205,DC-04,MOVE,RBT-0400,BLOCKED,COMPLETE,DC-04-Z06,DC-04-Z05,2026-08-01T17:13:00
TSK-002206-1,ORD-002206,DC-08,PICK,RBT-0672,COMPLETE,FAILED,DC-08-Z02,DC-08-Z09,2026-08-01T09:45:00
TSK-002206-2,ORD-002206,DC-08,STAGE,RBT-0509,QUEUED,QUEUED,DC-08-Z01,DC-08-Z04,2026-08-01T09:47:00
TSK-002206-3,ORD-002206,DC-08,STAGE,RBT-0373,QUEUED,ASSIGNED,DC-08-Z07,DC-08-Z09,2026-08-01T09:16:00
TSK-002207-1,ORD-002207,DC-03,PICK,RBT-0372,ASSIGNED,QUEUED,DC-03-Z05,DC-03-Z03,2026-09-05T05:54:00
TSK-002207-2,ORD-002207,DC-03,MOVE,RBT-0245,QUEUED,ASSIGNED,DC-03-Z02,DC-03-Z09,2026-09-05T05:46:00
TSK-002207-3,ORD-002207,DC-03,STAGE,RBT-0346,EXECUTING,COMPLETE,DC-03-Z12,DC-03-Z06,2026-09-05T05:45:00
TSK-002208-1,ORD-002208,DC-16,MOVE,RBT-0214,ASSIGNED,QUEUED,DC-16-Z07,DC-16-Z12,2026-08-23T16:50:00
TSK-002208-2,ORD-002208,DC-16,PICK,RBT-0431,EXECUTING,QUEUED,DC-16-Z12,DC-16-Z01,2026-08-23T17:26:00
TSK-002209-1,ORD-002209,DC-06,PACK_FEED,RBT-0552,EXECUTING,FAILED,DC-06-Z12,DC-06-Z12,2026-08-13T05:07:00
TSK-002209-2,ORD-002209,DC-06,PICK,RBT-0297,QUEUED,EXECUTING,DC-06-Z12,DC-06-Z12,2026-08-13T05:03:00
TSK-002209-3,ORD-002209,DC-06,PICK,RBT-0041,BLOCKED,COMPLETE,DC-06-Z03,DC-06-Z06,2026-08-13T04:26:00
TSK-002209-4,ORD-002209,DC-06,REPLENISH,RBT-0292,COMPLETE,EXECUTING,DC-06-Z12,DC-06-Z05,2026-08-13T05:18:00
TSK-002210-1,ORD-002210,DC-06,REPLENISH,RBT-0303,ASSIGNED,EXECUTING,DC-06-Z07,DC-06-Z12,2026-08-07T17:30:00
TSK-002210-2,ORD-002210,DC-06,PACK_FEED,RBT-0517,ASSIGNED,COMPLETE,DC-06-Z10,DC-06-Z05,2026-08-07T17:49:00
TSK-002210-3,ORD-002210,DC-06,REPLENISH,RBT-0092,BLOCKED,FAILED,DC-06-Z07,DC-06-Z11,2026-08-07T17:23:00
TSK-002210-4,ORD-002210,DC-06,REPLENISH,RBT-0003,ASSIGNED,FAILED,DC-06-Z08,DC-06-Z12,2026-08-07T18:18:00
TSK-002211-1,ORD-002211,DC-08,STAGE,RBT-0118,ASSIGNED,QUEUED,DC-08-Z09,DC-08-Z11,2026-09-05T01:19:00
TSK-002212-1,ORD-002212,DC-16,PICK,RBT-0332,QUEUED,COMPLETE,DC-16-Z05,DC-16-Z11,2026-08-24T14:08:00
TSK-002212-2,ORD-002212,DC-16,PICK,RBT-0138,QUEUED,ASSIGNED,DC-16-Z07,DC-16-Z09,2026-08-24T13:06:00
TSK-002212-3,ORD-002212,DC-16,PACK_FEED,RBT-0636,QUEUED,QUEUED,DC-16-Z06,DC-16-Z02,2026-08-24T13:35:00
TSK-002212-4,ORD-002212,DC-16,PICK,RBT-0096,BLOCKED,QUEUED,DC-16-Z08,DC-16-Z07,2026-08-24T13:32:00
TSK-002213-1,ORD-002213,DC-01,STAGE,RBT-0573,BLOCKED,ASSIGNED,DC-01-Z09,DC-01-Z07,2026-08-13T20:57:00
TSK-002213-2,ORD-002213,DC-01,PICK,RBT-0113,COMPLETE,ASSIGNED,DC-01-Z10,DC-01-Z02,2026-08-13T20:09:00
TSK-002213-3,ORD-002213,DC-01,MOVE,RBT-0304,EXECUTING,COMPLETE,DC-01-Z05,DC-01-Z12,2026-08-13T20:32:00
TSK-002213-4,ORD-002213,DC-01,PICK,RBT-0604,EXECUTING,QUEUED,DC-01-Z02,DC-01-Z07,2026-08-13T20:56:00
TSK-002214-1,ORD-002214,DC-07,STAGE,RBT-0326,COMPLETE,QUEUED,DC-07-Z03,DC-07-Z11,2026-08-02T21:10:00
TSK-002215-1,ORD-002215,DC-13,MOVE,RBT-0363,BLOCKED,FAILED,DC-13-Z12,DC-13-Z08,2026-08-16T15:58:00
TSK-002215-2,ORD-002215,DC-13,MOVE,RBT-0067,COMPLETE,ASSIGNED,DC-13-Z09,DC-13-Z09,2026-08-16T16:39:00
TSK-002215-3,ORD-002215,DC-13,REPLENISH,RBT-0373,QUEUED,FAILED,DC-13-Z06,DC-13-Z04,2026-08-16T16:07:00
TSK-002215-4,ORD-002215,DC-13,PACK_FEED,RBT-0395,COMPLETE,FAILED,DC-13-Z07,DC-13-Z12,2026-08-16T15:50:00
TSK-002216-1,ORD-002216,DC-05,STAGE,RBT-0432,QUEUED,QUEUED,DC-05-Z05,DC-05-Z08,2026-08-21T06:03:00
TSK-002217-1,ORD-002217,DC-14,MOVE,RBT-0385,COMPLETE,FAILED,DC-14-Z12,DC-14-Z07,2026-08-17T21:23:00
TSK-002217-2,ORD-002217,DC-14,PICK,RBT-0201,BLOCKED,FAILED,DC-14-Z01,DC-14-Z03,2026-08-17T21:37:00
TSK-002217-3,ORD-002217,DC-14,REPLENISH,RBT-0610,EXECUTING,COMPLETE,DC-14-Z07,DC-14-Z03,2026-08-17T21:50:00
TSK-002217-4,ORD-002217,DC-14,PICK,RBT-0006,COMPLETE,EXECUTING,DC-14-Z08,DC-14-Z01,2026-08-17T21:24:00
TSK-002218-1,ORD-002218,DC-16,PICK,RBT-0565,COMPLETE,QUEUED,DC-16-Z07,DC-16-Z07,2026-08-04T17:29:00
TSK-002218-2,ORD-002218,DC-16,REPLENISH,RBT-0021,BLOCKED,COMPLETE,DC-16-Z06,DC-16-Z05,2026-08-04T17:03:00
TSK-002218-3,ORD-002218,DC-16,PICK,RBT-0469,ASSIGNED,EXECUTING,DC-16-Z12,DC-16-Z09,2026-08-04T16:11:00
TSK-002219-1,ORD-002219,DC-05,MOVE,RBT-0131,BLOCKED,FAILED,DC-05-Z03,DC-05-Z03,2026-09-03T17:55:00
TSK-002219-2,ORD-002219,DC-05,REPLENISH,RBT-0284,ASSIGNED,ASSIGNED,DC-05-Z11,DC-05-Z11,2026-09-03T17:30:00
TSK-002219-3,ORD-002219,DC-05,PICK,RBT-0350,ASSIGNED,COMPLETE,DC-05-Z02,DC-05-Z11,2026-09-03T18:05:00
TSK-002219-4,ORD-002219,DC-05,STAGE,RBT-0663,EXECUTING,ASSIGNED,DC-05-Z04,DC-05-Z05,2026-09-03T16:27:00
TSK-002220-1,ORD-002220,DC-01,MOVE,RBT-0075,QUEUED,COMPLETE,DC-01-Z09,DC-01-Z06,2026-08-04T18:52:00
TSK-002220-2,ORD-002220,DC-01,MOVE,RBT-0598,EXECUTING,COMPLETE,DC-01-Z04,DC-01-Z09,2026-08-04T20:18:00
TSK-002221-1,ORD-002221,DC-06,MOVE,RBT-0244,ASSIGNED,ASSIGNED,DC-06-Z06,DC-06-Z02,2026-09-02T01:05:00
TSK-002221-2,ORD-002221,DC-06,PACK_FEED,RBT-0293,EXECUTING,FAILED,DC-06-Z03,DC-06-Z09,2026-09-02T02:57:00
TSK-002221-3,ORD-002221,DC-06,MOVE,RBT-0373,ASSIGNED,ASSIGNED,DC-06-Z03,DC-06-Z02,2026-09-02T03:00:00
TSK-002221-4,ORD-002221,DC-06,REPLENISH,RBT-0672,ASSIGNED,ASSIGNED,DC-06-Z10,DC-06-Z03,2026-09-02T02:08:00
TSK-002222-1,ORD-002222,DC-06,STAGE,RBT-0225,BLOCKED,EXECUTING,DC-06-Z06,DC-06-Z05,2026-08-19T23:51:00
TSK-002223-1,ORD-002223,DC-18,PICK,RBT-0032,COMPLETE,COMPLETE,DC-18-Z11,DC-18-Z09,2026-09-02T22:56:00
TSK-002223-2,ORD-002223,DC-18,PICK,RBT-0047,ASSIGNED,ASSIGNED,DC-18-Z02,DC-18-Z12,2026-09-02T21:48:00
TSK-002223-3,ORD-002223,DC-18,MOVE,RBT-0691,BLOCKED,ASSIGNED,DC-18-Z06,DC-18-Z02,2026-09-02T22:41:00
TSK-002224-1,ORD-002224,DC-13,STAGE,RBT-0044,EXECUTING,COMPLETE,DC-13-Z07,DC-13-Z12,2026-08-19T00:31:00
TSK-002224-2,ORD-002224,DC-13,PACK_FEED,RBT-0617,COMPLETE,FAILED,DC-13-Z04,DC-13-Z03,2026-08-19T00:49:00
TSK-002225-1,ORD-002225,DC-17,REPLENISH,RBT-0553,BLOCKED,EXECUTING,DC-17-Z03,DC-17-Z03,2026-08-03T16:12:00
TSK-002225-2,ORD-002225,DC-17,STAGE,RBT-0071,BLOCKED,QUEUED,DC-17-Z06,DC-17-Z02,2026-08-03T16:39:00
TSK-002225-3,ORD-002225,DC-17,REPLENISH,RBT-0610,EXECUTING,COMPLETE,DC-17-Z09,DC-17-Z08,2026-08-03T16:33:00
TSK-002226-1,ORD-002226,DC-17,REPLENISH,RBT-0605,COMPLETE,FAILED,DC-17-Z05,DC-17-Z05,2026-08-07T05:55:00
TSK-002227-1,ORD-002227,DC-05,PACK_FEED,RBT-0517,COMPLETE,COMPLETE,DC-05-Z07,DC-05-Z07,2026-08-30T03:51:00
TSK-002227-2,ORD-002227,DC-05,MOVE,RBT-0129,ASSIGNED,EXECUTING,DC-05-Z06,DC-05-Z08,2026-08-30T03:39:00
TSK-002227-3,ORD-002227,DC-05,STAGE,RBT-0429,BLOCKED,FAILED,DC-05-Z02,DC-05-Z07,2026-08-30T03:30:00
TSK-002228-1,ORD-002228,DC-05,STAGE,RBT-0277,ASSIGNED,FAILED,DC-05-Z11,DC-05-Z12,2026-08-28T18:37:00
TSK-002228-2,ORD-002228,DC-05,PACK_FEED,RBT-0335,BLOCKED,ASSIGNED,DC-05-Z04,DC-05-Z01,2026-08-28T18:42:00
TSK-002229-1,ORD-002229,DC-16,PICK,RBT-0673,BLOCKED,QUEUED,DC-16-Z08,DC-16-Z04,2026-08-02T22:28:00
TSK-002229-2,ORD-002229,DC-16,PACK_FEED,RBT-0321,COMPLETE,COMPLETE,DC-16-Z10,DC-16-Z01,2026-08-02T22:19:00
TSK-002229-3,ORD-002229,DC-16,PACK_FEED,RBT-0004,ASSIGNED,EXECUTING,DC-16-Z11,DC-16-Z01,2026-08-02T21:19:00
TSK-002229-4,ORD-002229,DC-16,STAGE,RBT-0426,ASSIGNED,COMPLETE,DC-16-Z05,DC-16-Z01,2026-08-02T21:30:00
TSK-002230-1,ORD-002230,DC-01,REPLENISH,RBT-0536,EXECUTING,QUEUED,DC-01-Z03,DC-01-Z09,2026-08-07T23:09:00
TSK-002230-2,ORD-002230,DC-01,STAGE,RBT-0428,ASSIGNED,EXECUTING,DC-01-Z12,DC-01-Z02,2026-08-07T23:07:00
TSK-002230-3,ORD-002230,DC-01,STAGE,RBT-0647,ASSIGNED,EXECUTING,DC-01-Z11,DC-01-Z04,2026-08-08T00:26:00
TSK-002230-4,ORD-002230,DC-01,REPLENISH,RBT-0709,BLOCKED,FAILED,DC-01-Z01,DC-01-Z09,2026-08-08T00:05:00
TSK-002231-1,ORD-002231,DC-06,STAGE,RBT-0018,EXECUTING,QUEUED,DC-06-Z01,DC-06-Z07,2026-08-07T03:08:00
TSK-002231-2,ORD-002231,DC-06,MOVE,RBT-0652,QUEUED,COMPLETE,DC-06-Z11,DC-06-Z08,2026-08-07T05:02:00
TSK-002232-1,ORD-002232,DC-02,PICK,RBT-0664,QUEUED,FAILED,DC-02-Z07,DC-02-Z04,2026-08-15T23:38:00
TSK-002232-2,ORD-002232,DC-02,STAGE,RBT-0605,BLOCKED,COMPLETE,DC-02-Z11,DC-02-Z09,2026-08-15T23:13:00
TSK-002232-3,ORD-002232,DC-02,REPLENISH,RBT-0354,COMPLETE,QUEUED,DC-02-Z02,DC-02-Z10,2026-08-15T23:27:00
TSK-002233-1,ORD-002233,DC-16,REPLENISH,RBT-0167,BLOCKED,QUEUED,DC-16-Z02,DC-16-Z03,2026-09-02T07:07:00
TSK-002233-2,ORD-002233,DC-16,MOVE,RBT-0020,EXECUTING,FAILED,DC-16-Z05,DC-16-Z02,2026-09-02T06:15:00
TSK-002233-3,ORD-002233,DC-16,PACK_FEED,RBT-0054,EXECUTING,EXECUTING,DC-16-Z05,DC-16-Z10,2026-09-02T06:08:00
TSK-002233-4,ORD-002233,DC-16,PACK_FEED,RBT-0341,ASSIGNED,QUEUED,DC-16-Z09,DC-16-Z07,2026-09-02T06:12:00
TSK-002234-1,ORD-002234,DC-06,MOVE,RBT-0221,BLOCKED,FAILED,DC-06-Z02,DC-06-Z01,2026-08-04T12:21:00
TSK-002234-2,ORD-002234,DC-06,PICK,RBT-0436,COMPLETE,COMPLETE,DC-06-Z08,DC-06-Z10,2026-08-04T13:21:00
TSK-002234-3,ORD-002234,DC-06,PICK,RBT-0503,ASSIGNED,QUEUED,DC-06-Z05,DC-06-Z12,2026-08-04T13:55:00
TSK-002235-1,ORD-002235,DC-08,PACK_FEED,RBT-0500,QUEUED,EXECUTING,DC-08-Z01,DC-08-Z09,2026-08-21T11:30:00
TSK-002235-2,ORD-002235,DC-08,STAGE,RBT-0453,BLOCKED,FAILED,DC-08-Z07,DC-08-Z06,2026-08-21T11:57:00
TSK-002235-3,ORD-002235,DC-08,PACK_FEED,RBT-0667,COMPLETE,FAILED,DC-08-Z10,DC-08-Z03,2026-08-21T11:16:00
TSK-002236-1,ORD-002236,DC-14,PACK_FEED,RBT-0707,BLOCKED,QUEUED,DC-14-Z02,DC-14-Z09,2026-08-25T12:47:00
TSK-002237-1,ORD-002237,DC-10,PICK,RBT-0465,EXECUTING,EXECUTING,DC-10-Z06,DC-10-Z02,2026-08-28T07:22:00
TSK-002237-2,ORD-002237,DC-10,MOVE,RBT-0591,ASSIGNED,QUEUED,DC-10-Z12,DC-10-Z08,2026-08-28T06:41:00
TSK-002238-1,ORD-002238,DC-09,STAGE,RBT-0600,COMPLETE,COMPLETE,DC-09-Z04,DC-09-Z01,2026-08-10T11:01:00
TSK-002239-1,ORD-002239,DC-15,REPLENISH,RBT-0506,EXECUTING,FAILED,DC-15-Z08,DC-15-Z01,2026-08-04T17:14:00
TSK-002239-2,ORD-002239,DC-15,STAGE,RBT-0207,BLOCKED,EXECUTING,DC-15-Z11,DC-15-Z02,2026-08-04T16:56:00
TSK-002240-1,ORD-002240,DC-16,REPLENISH,RBT-0488,COMPLETE,ASSIGNED,DC-16-Z05,DC-16-Z02,2026-08-04T00:48:00
TSK-002240-2,ORD-002240,DC-16,PICK,RBT-0585,QUEUED,ASSIGNED,DC-16-Z10,DC-16-Z05,2026-08-04T00:51:00
TSK-002240-3,ORD-002240,DC-16,PACK_FEED,RBT-0364,ASSIGNED,EXECUTING,DC-16-Z11,DC-16-Z10,2026-08-04T00:58:00
TSK-002241-1,ORD-002241,DC-05,MOVE,RBT-0157,COMPLETE,EXECUTING,DC-05-Z06,DC-05-Z07,2026-08-14T11:14:00
TSK-002241-2,ORD-002241,DC-05,PICK,RBT-0489,QUEUED,ASSIGNED,DC-05-Z03,DC-05-Z06,2026-08-14T11:53:00
TSK-002242-1,ORD-002242,DC-06,PACK_FEED,RBT-0419,COMPLETE,FAILED,DC-06-Z09,DC-06-Z01,2026-08-19T10:48:00
TSK-002242-2,ORD-002242,DC-06,PICK,RBT-0318,BLOCKED,ASSIGNED,DC-06-Z01,DC-06-Z11,2026-08-19T11:04:00
TSK-002242-3,ORD-002242,DC-06,PACK_FEED,RBT-0698,EXECUTING,EXECUTING,DC-06-Z12,DC-06-Z10,2026-08-19T12:14:00
TSK-002242-4,ORD-002242,DC-06,MOVE,RBT-0165,EXECUTING,FAILED,DC-06-Z01,DC-06-Z02,2026-08-19T10:29:00
TSK-002243-1,ORD-002243,DC-10,MOVE,RBT-0240,BLOCKED,FAILED,DC-10-Z01,DC-10-Z10,2026-08-26T21:50:00
TSK-002243-2,ORD-002243,DC-10,MOVE,RBT-0671,EXECUTING,FAILED,DC-10-Z06,DC-10-Z01,2026-08-26T22:40:00
TSK-002244-1,ORD-002244,DC-16,STAGE,RBT-0310,BLOCKED,EXECUTING,DC-16-Z04,DC-16-Z04,2026-08-27T17:54:00
TSK-002245-1,ORD-002245,DC-09,REPLENISH,RBT-0339,COMPLETE,ASSIGNED,DC-09-Z11,DC-09-Z07,2026-08-25T22:13:00
TSK-002246-1,ORD-002246,DC-01,PACK_FEED,RBT-0205,BLOCKED,EXECUTING,DC-01-Z12,DC-01-Z10,2026-09-02T12:00:00
TSK-002246-2,ORD-002246,DC-01,MOVE,RBT-0654,BLOCKED,FAILED,DC-01-Z12,DC-01-Z08,2026-09-02T12:56:00
TSK-002246-3,ORD-002246,DC-01,MOVE,RBT-0410,ASSIGNED,QUEUED,DC-01-Z10,DC-01-Z06,2026-09-02T12:19:00
TSK-002247-1,ORD-002247,DC-03,MOVE,RBT-0110,QUEUED,FAILED,DC-03-Z12,DC-03-Z08,2026-08-31T23:03:00
TSK-002247-2,ORD-002247,DC-03,MOVE,RBT-0505,BLOCKED,FAILED,DC-03-Z09,DC-03-Z11,2026-08-31T23:10:00
TSK-002248-1,ORD-002248,DC-15,MOVE,RBT-0450,BLOCKED,FAILED,DC-15-Z09,DC-15-Z12,2026-08-21T00:53:00
TSK-002249-1,ORD-002249,DC-17,REPLENISH,RBT-0588,EXECUTING,ASSIGNED,DC-17-Z11,DC-17-Z04,2026-08-27T17:56:00
TSK-002249-2,ORD-002249,DC-17,MOVE,RBT-0565,ASSIGNED,COMPLETE,DC-17-Z11,DC-17-Z07,2026-08-27T18:26:00
TSK-002249-3,ORD-002249,DC-17,PICK,RBT-0679,BLOCKED,ASSIGNED,DC-17-Z02,DC-17-Z01,2026-08-27T17:27:00
TSK-002250-1,ORD-002250,DC-10,STAGE,RBT-0119,COMPLETE,FAILED,DC-10-Z09,DC-10-Z10,2026-08-30T13:38:00
TSK-002250-2,ORD-002250,DC-10,REPLENISH,RBT-0120,ASSIGNED,QUEUED,DC-10-Z03,DC-10-Z09,2026-08-30T12:51:00
TSK-002251-1,ORD-002251,DC-11,PACK_FEED,RBT-0672,COMPLETE,EXECUTING,DC-11-Z02,DC-11-Z09,2026-08-12T18:43:00
TSK-002252-1,ORD-002252,DC-08,STAGE,RBT-0652,BLOCKED,ASSIGNED,DC-08-Z12,DC-08-Z02,2026-08-27T02:58:00
TSK-002252-2,ORD-002252,DC-08,MOVE,RBT-0045,ASSIGNED,QUEUED,DC-08-Z06,DC-08-Z05,2026-08-27T01:21:00
TSK-002252-3,ORD-002252,DC-08,MOVE,RBT-0681,ASSIGNED,FAILED,DC-08-Z03,DC-08-Z10,2026-08-27T02:02:00
TSK-002253-1,ORD-002253,DC-02,MOVE,RBT-0348,QUEUED,COMPLETE,DC-02-Z11,DC-02-Z06,2026-08-21T09:46:00
TSK-002254-1,ORD-002254,DC-13,MOVE,RBT-0108,BLOCKED,EXECUTING,DC-13-Z01,DC-13-Z01,2026-08-24T20:46:00
TSK-002255-1,ORD-002255,DC-14,PICK,RBT-0005,BLOCKED,FAILED,DC-14-Z09,DC-14-Z01,2026-08-28T03:54:00
TSK-002255-2,ORD-002255,DC-14,PACK_FEED,RBT-0301,QUEUED,FAILED,DC-14-Z02,DC-14-Z02,2026-08-28T03:58:00
TSK-002255-3,ORD-002255,DC-14,PACK_FEED,RBT-0419,BLOCKED,QUEUED,DC-14-Z10,DC-14-Z02,2026-08-28T04:26:00
TSK-002256-1,ORD-002256,DC-01,STAGE,RBT-0527,COMPLETE,COMPLETE,DC-01-Z02,DC-01-Z05,2026-08-06T02:33:00
TSK-002256-2,ORD-002256,DC-01,PICK,RBT-0690,COMPLETE,QUEUED,DC-01-Z03,DC-01-Z10,2026-08-06T03:22:00
TSK-002257-1,ORD-002257,DC-13,PICK,RBT-0557,ASSIGNED,COMPLETE,DC-13-Z11,DC-13-Z03,2026-09-03T03:19:00
TSK-002257-2,ORD-002257,DC-13,STAGE,RBT-0020,ASSIGNED,FAILED,DC-13-Z01,DC-13-Z06,2026-09-03T03:22:00
TSK-002258-1,ORD-002258,DC-02,PICK,RBT-0077,QUEUED,QUEUED,DC-02-Z04,DC-02-Z11,2026-09-02T09:13:00
TSK-002258-2,ORD-002258,DC-02,REPLENISH,RBT-0281,ASSIGNED,EXECUTING,DC-02-Z04,DC-02-Z12,2026-09-02T09:30:00
TSK-002259-1,ORD-002259,DC-18,STAGE,RBT-0318,BLOCKED,FAILED,DC-18-Z02,DC-18-Z08,2026-08-11T20:58:00
TSK-002259-2,ORD-002259,DC-18,PICK,RBT-0155,EXECUTING,QUEUED,DC-18-Z08,DC-18-Z11,2026-08-11T21:14:00
TSK-002259-3,ORD-002259,DC-18,PICK,RBT-0538,QUEUED,FAILED,DC-18-Z11,DC-18-Z07,2026-08-11T21:01:00
TSK-002260-1,ORD-002260,DC-15,PACK_FEED,RBT-0503,BLOCKED,FAILED,DC-15-Z08,DC-15-Z06,2026-08-12T03:03:00
TSK-002260-2,ORD-002260,DC-15,REPLENISH,RBT-0539,EXECUTING,QUEUED,DC-15-Z06,DC-15-Z02,2026-08-12T03:19:00
TSK-002261-1,ORD-002261,DC-18,REPLENISH,RBT-0637,ASSIGNED,ASSIGNED,DC-18-Z07,DC-18-Z02,2026-09-01T00:39:00
TSK-002261-2,ORD-002261,DC-18,PACK_FEED,RBT-0473,EXECUTING,EXECUTING,DC-18-Z04,DC-18-Z11,2026-09-01T01:00:00
TSK-002261-3,ORD-002261,DC-18,PACK_FEED,RBT-0158,ASSIGNED,ASSIGNED,DC-18-Z03,DC-18-Z09,2026-09-01T01:32:00
TSK-002262-1,ORD-002262,DC-13,STAGE,RBT-0143,COMPLETE,COMPLETE,DC-13-Z09,DC-13-Z04,2026-08-22T21:59:00
TSK-002262-2,ORD-002262,DC-13,MOVE,RBT-0704,BLOCKED,EXECUTING,DC-13-Z12,DC-13-Z06,2026-08-22T21:31:00
TSK-002262-3,ORD-002262,DC-13,STAGE,RBT-0249,BLOCKED,ASSIGNED,DC-13-Z08,DC-13-Z05,2026-08-22T22:56:00
TSK-002263-1,ORD-002263,DC-02,MOVE,RBT-0428,EXECUTING,COMPLETE,DC-02-Z09,DC-02-Z07,2026-08-10T10:18:00
TSK-002263-2,ORD-002263,DC-02,STAGE,RBT-0380,COMPLETE,ASSIGNED,DC-02-Z07,DC-02-Z11,2026-08-10T09:56:00
TSK-002263-3,ORD-002263,DC-02,PICK,RBT-0209,EXECUTING,EXECUTING,DC-02-Z04,DC-02-Z04,2026-08-10T10:21:00
TSK-002264-1,ORD-002264,DC-05,STAGE,RBT-0566,COMPLETE,QUEUED,DC-05-Z08,DC-05-Z03,2026-08-10T10:40:00
TSK-002264-2,ORD-002264,DC-05,STAGE,RBT-0298,BLOCKED,QUEUED,DC-05-Z06,DC-05-Z08,2026-08-10T10:55:00
TSK-002264-3,ORD-002264,DC-05,REPLENISH,RBT-0298,BLOCKED,FAILED,DC-05-Z01,DC-05-Z06,2026-08-10T12:09:00
TSK-002264-4,ORD-002264,DC-05,STAGE,RBT-0243,BLOCKED,ASSIGNED,DC-05-Z06,DC-05-Z03,2026-08-10T12:18:00
TSK-002265-1,ORD-002265,DC-05,MOVE,RBT-0606,EXECUTING,FAILED,DC-05-Z06,DC-05-Z06,2026-08-12T01:53:00
TSK-002266-1,ORD-002266,DC-12,MOVE,RBT-0378,EXECUTING,EXECUTING,DC-12-Z04,DC-12-Z06,2026-08-21T10:18:00
TSK-002266-2,ORD-002266,DC-12,MOVE,RBT-0067,ASSIGNED,ASSIGNED,DC-12-Z01,DC-12-Z03,2026-08-21T10:02:00
TSK-002267-1,ORD-002267,DC-01,REPLENISH,RBT-0654,EXECUTING,COMPLETE,DC-01-Z02,DC-01-Z11,2026-08-29T22:16:00
TSK-002267-2,ORD-002267,DC-01,REPLENISH,RBT-0581,COMPLETE,QUEUED,DC-01-Z09,DC-01-Z02,2026-08-29T21:17:00
TSK-002267-3,ORD-002267,DC-01,PACK_FEED,RBT-0626,BLOCKED,ASSIGNED,DC-01-Z11,DC-01-Z10,2026-08-29T21:55:00
TSK-002267-4,ORD-002267,DC-01,STAGE,RBT-0430,COMPLETE,COMPLETE,DC-01-Z04,DC-01-Z11,2026-08-29T21:06:00
TSK-002268-1,ORD-002268,DC-03,PACK_FEED,RBT-0486,COMPLETE,QUEUED,DC-03-Z07,DC-03-Z02,2026-08-01T20:17:00
TSK-002268-2,ORD-002268,DC-03,MOVE,RBT-0675,BLOCKED,ASSIGNED,DC-03-Z01,DC-03-Z03,2026-08-01T20:54:00
TSK-002269-1,ORD-002269,DC-05,MOVE,RBT-0023,QUEUED,FAILED,DC-05-Z04,DC-05-Z07,2026-08-17T13:10:00
TSK-002269-2,ORD-002269,DC-05,MOVE,RBT-0187,EXECUTING,FAILED,DC-05-Z03,DC-05-Z05,2026-08-17T11:24:00
TSK-002269-3,ORD-002269,DC-05,REPLENISH,RBT-0505,QUEUED,EXECUTING,DC-05-Z09,DC-05-Z03,2026-08-17T12:20:00
TSK-002269-4,ORD-002269,DC-05,STAGE,RBT-0653,QUEUED,ASSIGNED,DC-05-Z11,DC-05-Z05,2026-08-17T12:11:00
TSK-002270-1,ORD-002270,DC-11,PACK_FEED,RBT-0471,BLOCKED,FAILED,DC-11-Z12,DC-11-Z10,2026-09-04T15:42:00
TSK-002270-2,ORD-002270,DC-11,STAGE,RBT-0454,ASSIGNED,ASSIGNED,DC-11-Z10,DC-11-Z09,2026-09-04T17:35:00
TSK-002270-3,ORD-002270,DC-11,MOVE,RBT-0689,COMPLETE,QUEUED,DC-11-Z08,DC-11-Z03,2026-09-04T16:24:00
TSK-002270-4,ORD-002270,DC-11,STAGE,RBT-0444,COMPLETE,ASSIGNED,DC-11-Z05,DC-11-Z03,2026-09-04T17:38:00
TSK-002271-1,ORD-002271,DC-02,REPLENISH,RBT-0576,COMPLETE,COMPLETE,DC-02-Z07,DC-02-Z08,2026-08-17T05:53:00
TSK-002271-2,ORD-002271,DC-02,REPLENISH,RBT-0315,EXECUTING,FAILED,DC-02-Z04,DC-02-Z06,2026-08-17T06:52:00
TSK-002272-1,ORD-002272,DC-16,REPLENISH,RBT-0548,ASSIGNED,ASSIGNED,DC-16-Z12,DC-16-Z03,2026-09-03T09:18:00
TSK-002273-1,ORD-002273,DC-16,REPLENISH,RBT-0510,COMPLETE,QUEUED,DC-16-Z10,DC-16-Z10,2026-08-05T05:40:00
TSK-002274-1,ORD-002274,DC-16,STAGE,RBT-0118,QUEUED,EXECUTING,DC-16-Z02,DC-16-Z07,2026-08-16T01:42:00
TSK-002274-2,ORD-002274,DC-16,REPLENISH,RBT-0418,QUEUED,QUEUED,DC-16-Z01,DC-16-Z01,2026-08-16T01:51:00
TSK-002274-3,ORD-002274,DC-16,STAGE,RBT-0290,ASSIGNED,EXECUTING,DC-16-Z11,DC-16-Z03,2026-08-16T02:43:00
TSK-002274-4,ORD-002274,DC-16,REPLENISH,RBT-0505,EXECUTING,FAILED,DC-16-Z01,DC-16-Z02,2026-08-16T02:03:00
TSK-002275-1,ORD-002275,DC-10,REPLENISH,RBT-0077,EXECUTING,COMPLETE,DC-10-Z05,DC-10-Z07,2026-08-18T21:22:00
TSK-002275-2,ORD-002275,DC-10,MOVE,RBT-0285,ASSIGNED,QUEUED,DC-10-Z12,DC-10-Z05,2026-08-18T22:09:00
TSK-002276-1,ORD-002276,DC-10,PICK,RBT-0647,QUEUED,EXECUTING,DC-10-Z02,DC-10-Z06,2026-08-15T18:07:00
TSK-002277-1,ORD-002277,DC-11,PACK_FEED,RBT-0550,COMPLETE,ASSIGNED,DC-11-Z05,DC-11-Z08,2026-08-07T01:38:00
TSK-002278-1,ORD-002278,DC-13,REPLENISH,RBT-0389,COMPLETE,QUEUED,DC-13-Z02,DC-13-Z10,2026-08-14T20:58:00
TSK-002278-2,ORD-002278,DC-13,STAGE,RBT-0429,COMPLETE,COMPLETE,DC-13-Z03,DC-13-Z11,2026-08-14T19:57:00
TSK-002278-3,ORD-002278,DC-13,STAGE,RBT-0602,QUEUED,QUEUED,DC-13-Z06,DC-13-Z07,2026-08-14T21:10:00
TSK-002278-4,ORD-002278,DC-13,REPLENISH,RBT-0398,QUEUED,QUEUED,DC-13-Z08,DC-13-Z09,2026-08-14T21:19:00
TSK-002279-1,ORD-002279,DC-17,STAGE,RBT-0684,BLOCKED,FAILED,DC-17-Z08,DC-17-Z10,2026-08-20T13:49:00
TSK-002280-1,ORD-002280,DC-17,STAGE,RBT-0252,BLOCKED,FAILED,DC-17-Z08,DC-17-Z03,2026-08-06T15:47:00
TSK-002280-2,ORD-002280,DC-17,REPLENISH,RBT-0064,BLOCKED,ASSIGNED,DC-17-Z06,DC-17-Z08,2026-08-06T16:35:00
TSK-002280-3,ORD-002280,DC-17,PACK_FEED,RBT-0190,QUEUED,ASSIGNED,DC-17-Z10,DC-17-Z08,2026-08-06T15:49:00
TSK-002281-1,ORD-002281,DC-03,REPLENISH,RBT-0207,COMPLETE,COMPLETE,DC-03-Z05,DC-03-Z07,2026-08-15T12:20:00
TSK-002281-2,ORD-002281,DC-03,REPLENISH,RBT-0312,ASSIGNED,ASSIGNED,DC-03-Z08,DC-03-Z07,2026-08-15T11:58:00
TSK-002281-3,ORD-002281,DC-03,STAGE,RBT-0610,EXECUTING,FAILED,DC-03-Z01,DC-03-Z01,2026-08-15T11:46:00
TSK-002281-4,ORD-002281,DC-03,STAGE,RBT-0043,COMPLETE,QUEUED,DC-03-Z07,DC-03-Z09,2026-08-15T11:30:00
TSK-002282-1,ORD-002282,DC-16,PACK_FEED,RBT-0433,COMPLETE,EXECUTING,DC-16-Z02,DC-16-Z12,2026-08-28T21:10:00
TSK-002282-2,ORD-002282,DC-16,PICK,RBT-0305,ASSIGNED,COMPLETE,DC-16-Z03,DC-16-Z05,2026-08-28T22:19:00
TSK-002283-1,ORD-002283,DC-05,REPLENISH,RBT-0292,QUEUED,ASSIGNED,DC-05-Z05,DC-05-Z04,2026-08-22T02:51:00
TSK-002283-2,ORD-002283,DC-05,MOVE,RBT-0113,ASSIGNED,FAILED,DC-05-Z07,DC-05-Z10,2026-08-22T03:00:00
TSK-002284-1,ORD-002284,DC-01,PICK,RBT-0141,BLOCKED,ASSIGNED,DC-01-Z07,DC-01-Z06,2026-08-03T18:21:00
TSK-002284-2,ORD-002284,DC-01,PICK,RBT-0003,BLOCKED,FAILED,DC-01-Z10,DC-01-Z07,2026-08-03T19:56:00
TSK-002285-1,ORD-002285,DC-08,MOVE,RBT-0039,BLOCKED,EXECUTING,DC-08-Z05,DC-08-Z09,2026-08-10T09:43:00
TSK-002285-2,ORD-002285,DC-08,PICK,RBT-0143,ASSIGNED,COMPLETE,DC-08-Z06,DC-08-Z07,2026-08-10T10:16:00
TSK-002285-3,ORD-002285,DC-08,PICK,RBT-0041,QUEUED,EXECUTING,DC-08-Z09,DC-08-Z11,2026-08-10T09:24:00
TSK-002286-1,ORD-002286,DC-17,MOVE,RBT-0446,QUEUED,FAILED,DC-17-Z03,DC-17-Z11,2026-08-08T04:10:00
TSK-002287-1,ORD-002287,DC-01,MOVE,RBT-0527,COMPLETE,FAILED,DC-01-Z03,DC-01-Z10,2026-08-14T13:21:00
TSK-002287-2,ORD-002287,DC-01,MOVE,RBT-0239,QUEUED,EXECUTING,DC-01-Z03,DC-01-Z03,2026-08-14T14:36:00
TSK-002288-1,ORD-002288,DC-05,REPLENISH,RBT-0069,EXECUTING,QUEUED,DC-05-Z08,DC-05-Z04,2026-08-27T15:25:00
TSK-002289-1,ORD-002289,DC-04,PICK,RBT-0398,ASSIGNED,COMPLETE,DC-04-Z12,DC-04-Z01,2026-08-28T10:39:00
TSK-002289-2,ORD-002289,DC-04,MOVE,RBT-0016,QUEUED,FAILED,DC-04-Z02,DC-04-Z02,2026-08-28T09:15:00
TSK-002289-3,ORD-002289,DC-04,PACK_FEED,RBT-0439,BLOCKED,EXECUTING,DC-04-Z04,DC-04-Z11,2026-08-28T10:22:00
TSK-002289-4,ORD-002289,DC-04,MOVE,RBT-0071,COMPLETE,COMPLETE,DC-04-Z01,DC-04-Z02,2026-08-28T09:46:00
TSK-002290-1,ORD-002290,DC-07,PICK,RBT-0549,BLOCKED,COMPLETE,DC-07-Z07,DC-07-Z09,2026-08-10T15:51:00
TSK-002290-2,ORD-002290,DC-07,PICK,RBT-0317,COMPLETE,COMPLETE,DC-07-Z08,DC-07-Z12,2026-08-10T16:03:00
TSK-002290-3,ORD-002290,DC-07,REPLENISH,RBT-0227,ASSIGNED,COMPLETE,DC-07-Z03,DC-07-Z12,2026-08-10T16:22:00
TSK-002290-4,ORD-002290,DC-07,MOVE,RBT-0524,ASSIGNED,FAILED,DC-07-Z07,DC-07-Z04,2026-08-10T17:22:00
TSK-002291-1,ORD-002291,DC-18,STAGE,RBT-0323,QUEUED,ASSIGNED,DC-18-Z04,DC-18-Z06,2026-08-08T22:40:00
TSK-002291-2,ORD-002291,DC-18,MOVE,RBT-0674,EXECUTING,FAILED,DC-18-Z08,DC-18-Z01,2026-08-08T23:30:00
TSK-002291-3,ORD-002291,DC-18,STAGE,RBT-0470,BLOCKED,FAILED,DC-18-Z12,DC-18-Z01,2026-08-08T23:49:00
TSK-002291-4,ORD-002291,DC-18,REPLENISH,RBT-0394,BLOCKED,ASSIGNED,DC-18-Z03,DC-18-Z03,2026-08-08T22:46:00
TSK-002292-1,ORD-002292,DC-09,MOVE,RBT-0217,ASSIGNED,QUEUED,DC-09-Z01,DC-09-Z01,2026-08-27T01:37:00
TSK-002292-2,ORD-002292,DC-09,MOVE,RBT-0038,EXECUTING,FAILED,DC-09-Z05,DC-09-Z02,2026-08-27T02:22:00
TSK-002292-3,ORD-002292,DC-09,PACK_FEED,RBT-0273,BLOCKED,ASSIGNED,DC-09-Z10,DC-09-Z05,2026-08-27T01:54:00
TSK-002293-1,ORD-002293,DC-02,PACK_FEED,RBT-0310,BLOCKED,QUEUED,DC-02-Z08,DC-02-Z10,2026-08-14T21:49:00
TSK-002294-1,ORD-002294,DC-17,REPLENISH,RBT-0015,ASSIGNED,QUEUED,DC-17-Z08,DC-17-Z08,2026-08-03T10:42:00
TSK-002295-1,ORD-002295,DC-15,REPLENISH,RBT-0191,BLOCKED,QUEUED,DC-15-Z11,DC-15-Z09,2026-08-30T14:31:00
TSK-002295-2,ORD-002295,DC-15,PACK_FEED,RBT-0347,ASSIGNED,QUEUED,DC-15-Z04,DC-15-Z01,2026-08-30T15:53:00
TSK-002295-3,ORD-002295,DC-15,PICK,RBT-0447,BLOCKED,QUEUED,DC-15-Z12,DC-15-Z10,2026-08-30T14:08:00
TSK-002296-1,ORD-002296,DC-14,MOVE,RBT-0135,ASSIGNED,EXECUTING,DC-14-Z03,DC-14-Z05,2026-08-31T13:07:00
TSK-002296-2,ORD-002296,DC-14,MOVE,RBT-0692,BLOCKED,EXECUTING,DC-14-Z03,DC-14-Z11,2026-08-31T11:48:00
TSK-002297-1,ORD-002297,DC-04,MOVE,RBT-0200,BLOCKED,ASSIGNED,DC-04-Z02,DC-04-Z04,2026-08-20T00:44:00
TSK-002297-2,ORD-002297,DC-04,STAGE,RBT-0542,QUEUED,QUEUED,DC-04-Z04,DC-04-Z07,2026-08-20T01:40:00
TSK-002297-3,ORD-002297,DC-04,PICK,RBT-0363,EXECUTING,EXECUTING,DC-04-Z02,DC-04-Z07,2026-08-20T02:27:00
TSK-002297-4,ORD-002297,DC-04,MOVE,RBT-0055,BLOCKED,FAILED,DC-04-Z07,DC-04-Z11,2026-08-20T01:32:00
TSK-002298-1,ORD-002298,DC-13,REPLENISH,RBT-0209,COMPLETE,ASSIGNED,DC-13-Z03,DC-13-Z11,2026-08-21T08:20:00
TSK-002298-2,ORD-002298,DC-13,PACK_FEED,RBT-0199,COMPLETE,FAILED,DC-13-Z03,DC-13-Z03,2026-08-21T08:47:00
TSK-002298-3,ORD-002298,DC-13,MOVE,RBT-0668,BLOCKED,EXECUTING,DC-13-Z06,DC-13-Z04,2026-08-21T07:32:00
TSK-002299-1,ORD-002299,DC-07,MOVE,RBT-0520,ASSIGNED,COMPLETE,DC-07-Z01,DC-07-Z10,2026-08-22T04:43:00
TSK-002300-1,ORD-002300,DC-10,STAGE,RBT-0482,ASSIGNED,COMPLETE,DC-10-Z03,DC-10-Z11,2026-09-04T11:44:00
TSK-002300-2,ORD-002300,DC-10,PICK,RBT-0301,QUEUED,FAILED,DC-10-Z08,DC-10-Z04,2026-09-04T11:37:00
TSK-002301-1,ORD-002301,DC-18,REPLENISH,RBT-0253,COMPLETE,COMPLETE,DC-18-Z09,DC-18-Z05,2026-08-18T09:09:00
TSK-002302-1,ORD-002302,DC-18,MOVE,RBT-0035,QUEUED,COMPLETE,DC-18-Z12,DC-18-Z06,2026-08-14T05:06:00
TSK-002302-2,ORD-002302,DC-18,PACK_FEED,RBT-0074,BLOCKED,FAILED,DC-18-Z04,DC-18-Z06,2026-08-14T05:04:00
TSK-002302-3,ORD-002302,DC-18,STAGE,RBT-0020,EXECUTING,COMPLETE,DC-18-Z11,DC-18-Z02,2026-08-14T04:11:00
TSK-002303-1,ORD-002303,DC-04,REPLENISH,RBT-0374,QUEUED,ASSIGNED,DC-04-Z07,DC-04-Z11,2026-08-02T18:32:00
TSK-002304-1,ORD-002304,DC-18,MOVE,RBT-0031,QUEUED,QUEUED,DC-18-Z04,DC-18-Z04,2026-08-12T11:18:00
TSK-002304-2,ORD-002304,DC-18,MOVE,RBT-0441,ASSIGNED,QUEUED,DC-18-Z11,DC-18-Z12,2026-08-12T11:13:00
TSK-002305-1,ORD-002305,DC-15,PACK_FEED,RBT-0342,QUEUED,COMPLETE,DC-15-Z11,DC-15-Z03,2026-08-12T10:25:00
TSK-002305-2,ORD-002305,DC-15,REPLENISH,RBT-0178,QUEUED,FAILED,DC-15-Z10,DC-15-Z04,2026-08-12T10:41:00
TSK-002305-3,ORD-002305,DC-15,REPLENISH,RBT-0377,COMPLETE,COMPLETE,DC-15-Z07,DC-15-Z07,2026-08-12T10:42:00
TSK-002305-4,ORD-002305,DC-15,MOVE,RBT-0175,EXECUTING,COMPLETE,DC-15-Z07,DC-15-Z09,2026-08-12T10:40:00
TSK-002306-1,ORD-002306,DC-03,STAGE,RBT-0313,ASSIGNED,ASSIGNED,DC-03-Z08,DC-03-Z05,2026-08-12T07:57:00
TSK-002306-2,ORD-002306,DC-03,MOVE,RBT-0003,COMPLETE,EXECUTING,DC-03-Z12,DC-03-Z04,2026-08-12T07:43:00
TSK-002306-3,ORD-002306,DC-03,STAGE,RBT-0571,ASSIGNED,COMPLETE,DC-03-Z01,DC-03-Z01,2026-08-12T06:43:00
TSK-002307-1,ORD-002307,DC-02,REPLENISH,RBT-0132,COMPLETE,ASSIGNED,DC-02-Z03,DC-02-Z05,2026-08-24T03:49:00
TSK-002307-2,ORD-002307,DC-02,REPLENISH,RBT-0353,QUEUED,ASSIGNED,DC-02-Z07,DC-02-Z01,2026-08-24T04:00:00
TSK-002308-1,ORD-002308,DC-13,PACK_FEED,RBT-0244,BLOCKED,COMPLETE,DC-13-Z03,DC-13-Z10,2026-08-29T15:52:00
TSK-002309-1,ORD-002309,DC-10,MOVE,RBT-0048,QUEUED,ASSIGNED,DC-10-Z08,DC-10-Z04,2026-08-14T06:51:00
TSK-002309-2,ORD-002309,DC-10,STAGE,RBT-0486,EXECUTING,COMPLETE,DC-10-Z10,DC-10-Z02,2026-08-14T07:14:00
TSK-002309-3,ORD-002309,DC-10,REPLENISH,RBT-0580,BLOCKED,ASSIGNED,DC-10-Z07,DC-10-Z02,2026-08-14T07:21:00
TSK-002309-4,ORD-002309,DC-10,PACK_FEED,RBT-0133,ASSIGNED,EXECUTING,DC-10-Z08,DC-10-Z09,2026-08-14T05:47:00
TSK-002310-1,ORD-002310,DC-10,PACK_FEED,RBT-0649,QUEUED,EXECUTING,DC-10-Z01,DC-10-Z12,2026-08-24T06:57:00
TSK-002311-1,ORD-002311,DC-11,STAGE,RBT-0572,QUEUED,COMPLETE,DC-11-Z09,DC-11-Z09,2026-08-13T16:50:00
TSK-002312-1,ORD-002312,DC-05,STAGE,RBT-0198,BLOCKED,FAILED,DC-05-Z06,DC-05-Z02,2026-09-04T12:59:00
TSK-002312-2,ORD-002312,DC-05,PICK,RBT-0168,BLOCKED,QUEUED,DC-05-Z11,DC-05-Z10,2026-09-04T13:37:00
TSK-002313-1,ORD-002313,DC-11,STAGE,RBT-0531,BLOCKED,FAILED,DC-11-Z01,DC-11-Z02,2026-08-08T13:09:00
TSK-002314-1,ORD-002314,DC-18,MOVE,RBT-0223,ASSIGNED,ASSIGNED,DC-18-Z05,DC-18-Z11,2026-08-04T16:11:00
TSK-002314-2,ORD-002314,DC-18,STAGE,RBT-0617,QUEUED,COMPLETE,DC-18-Z05,DC-18-Z02,2026-08-04T14:54:00
TSK-002314-3,ORD-002314,DC-18,PICK,RBT-0626,QUEUED,COMPLETE,DC-18-Z01,DC-18-Z08,2026-08-04T15:29:00
TSK-002315-1,ORD-002315,DC-05,STAGE,RBT-0297,QUEUED,ASSIGNED,DC-05-Z04,DC-05-Z04,2026-08-29T09:37:00
TSK-002315-2,ORD-002315,DC-05,REPLENISH,RBT-0187,BLOCKED,ASSIGNED,DC-05-Z09,DC-05-Z01,2026-08-29T11:16:00
TSK-002316-1,ORD-002316,DC-03,PACK_FEED,RBT-0439,ASSIGNED,QUEUED,DC-03-Z12,DC-03-Z01,2026-09-03T03:29:00
TSK-002316-2,ORD-002316,DC-03,PACK_FEED,RBT-0387,QUEUED,FAILED,DC-03-Z06,DC-03-Z12,2026-09-03T02:25:00
TSK-002316-3,ORD-002316,DC-03,PACK_FEED,RBT-0072,EXECUTING,ASSIGNED,DC-03-Z11,DC-03-Z04,2026-09-03T03:21:00
TSK-002316-4,ORD-002316,DC-03,STAGE,RBT-0682,COMPLETE,EXECUTING,DC-03-Z09,DC-03-Z07,2026-09-03T04:13:00
TSK-002317-1,ORD-002317,DC-12,MOVE,RBT-0055,COMPLETE,FAILED,DC-12-Z05,DC-12-Z06,2026-08-05T08:46:00
TSK-002317-2,ORD-002317,DC-12,PACK_FEED,RBT-0266,EXECUTING,EXECUTING,DC-12-Z07,DC-12-Z04,2026-08-05T10:19:00
TSK-002318-1,ORD-002318,DC-17,PACK_FEED,RBT-0225,COMPLETE,QUEUED,DC-17-Z04,DC-17-Z05,2026-08-14T23:44:00
TSK-002318-2,ORD-002318,DC-17,PICK,RBT-0708,QUEUED,QUEUED,DC-17-Z11,DC-17-Z12,2026-08-14T23:14:00
TSK-002318-3,ORD-002318,DC-17,PACK_FEED,RBT-0134,EXECUTING,ASSIGNED,DC-17-Z11,DC-17-Z02,2026-08-14T22:42:00
TSK-002318-4,ORD-002318,DC-17,STAGE,RBT-0563,COMPLETE,ASSIGNED,DC-17-Z04,DC-17-Z05,2026-08-14T23:36:00
TSK-002319-1,ORD-002319,DC-10,REPLENISH,RBT-0338,EXECUTING,COMPLETE,DC-10-Z10,DC-10-Z05,2026-08-14T06:52:00
TSK-002319-2,ORD-002319,DC-10,REPLENISH,RBT-0127,QUEUED,FAILED,DC-10-Z12,DC-10-Z02,2026-08-14T08:02:00
TSK-002320-1,ORD-002320,DC-06,PACK_FEED,RBT-0526,EXECUTING,ASSIGNED,DC-06-Z12,DC-06-Z09,2026-08-18T10:54:00
TSK-002320-2,ORD-002320,DC-06,MOVE,RBT-0566,EXECUTING,ASSIGNED,DC-06-Z11,DC-06-Z07,2026-08-18T11:32:00
TSK-002320-3,ORD-002320,DC-06,MOVE,RBT-0689,EXECUTING,QUEUED,DC-06-Z02,DC-06-Z11,2026-08-18T09:49:00
TSK-002320-4,ORD-002320,DC-06,REPLENISH,RBT-0270,QUEUED,FAILED,DC-06-Z05,DC-06-Z03,2026-08-18T10:45:00
TSK-002321-1,ORD-002321,DC-04,REPLENISH,RBT-0077,ASSIGNED,ASSIGNED,DC-04-Z06,DC-04-Z04,2026-08-15T18:28:00
TSK-002321-2,ORD-002321,DC-04,PACK_FEED,RBT-0493,EXECUTING,QUEUED,DC-04-Z07,DC-04-Z02,2026-08-15T18:15:00
TSK-002321-3,ORD-002321,DC-04,PICK,RBT-0245,QUEUED,QUEUED,DC-04-Z03,DC-04-Z12,2026-08-15T18:47:00
TSK-002321-4,ORD-002321,DC-04,REPLENISH,RBT-0572,ASSIGNED,FAILED,DC-04-Z11,DC-04-Z03,2026-08-15T18:00:00
TSK-002322-1,ORD-002322,DC-08,STAGE,RBT-0424,ASSIGNED,ASSIGNED,DC-08-Z05,DC-08-Z10,2026-08-03T13:04:00
TSK-002322-2,ORD-002322,DC-08,PICK,RBT-0194,COMPLETE,COMPLETE,DC-08-Z04,DC-08-Z12,2026-08-03T12:47:00
TSK-002322-3,ORD-002322,DC-08,MOVE,RBT-0362,ASSIGNED,ASSIGNED,DC-08-Z09,DC-08-Z07,2026-08-03T13:58:00
TSK-002323-1,ORD-002323,DC-07,REPLENISH,RBT-0390,ASSIGNED,COMPLETE,DC-07-Z12,DC-07-Z08,2026-08-31T09:24:00
TSK-002323-2,ORD-002323,DC-07,PACK_FEED,RBT-0558,BLOCKED,EXECUTING,DC-07-Z01,DC-07-Z11,2026-08-31T08:02:00
TSK-002323-3,ORD-002323,DC-07,STAGE,RBT-0260,BLOCKED,QUEUED,DC-07-Z06,DC-07-Z08,2026-08-31T08:28:00
TSK-002323-4,ORD-002323,DC-07,STAGE,RBT-0546,BLOCKED,ASSIGNED,DC-07-Z08,DC-07-Z06,2026-08-31T08:52:00
TSK-002324-1,ORD-002324,DC-06,PICK,RBT-0457,COMPLETE,COMPLETE,DC-06-Z12,DC-06-Z12,2026-08-11T10:46:00
TSK-002325-1,ORD-002325,DC-18,MOVE,RBT-0394,COMPLETE,EXECUTING,DC-18-Z09,DC-18-Z05,2026-08-18T08:13:00
TSK-002326-1,ORD-002326,DC-01,STAGE,RBT-0316,QUEUED,COMPLETE,DC-01-Z01,DC-01-Z10,2026-09-01T08:26:00
TSK-002326-2,ORD-002326,DC-01,PACK_FEED,RBT-0161,QUEUED,FAILED,DC-01-Z01,DC-01-Z08,2026-09-01T07:29:00
TSK-002326-3,ORD-002326,DC-01,STAGE,RBT-0387,ASSIGNED,EXECUTING,DC-01-Z04,DC-01-Z12,2026-09-01T08:48:00
TSK-002327-1,ORD-002327,DC-10,PICK,RBT-0286,ASSIGNED,COMPLETE,DC-10-Z10,DC-10-Z12,2026-09-04T08:52:00
TSK-002327-2,ORD-002327,DC-10,STAGE,RBT-0086,EXECUTING,COMPLETE,DC-10-Z10,DC-10-Z06,2026-09-04T08:45:00
TSK-002327-3,ORD-002327,DC-10,PICK,RBT-0597,QUEUED,EXECUTING,DC-10-Z01,DC-10-Z11,2026-09-04T10:24:00
TSK-002328-1,ORD-002328,DC-11,MOVE,RBT-0365,BLOCKED,EXECUTING,DC-11-Z08,DC-11-Z12,2026-08-26T05:55:00
TSK-002328-2,ORD-002328,DC-11,MOVE,RBT-0667,COMPLETE,QUEUED,DC-11-Z11,DC-11-Z01,2026-08-26T06:12:00
TSK-002328-3,ORD-002328,DC-11,STAGE,RBT-0379,COMPLETE,FAILED,DC-11-Z07,DC-11-Z09,2026-08-26T07:01:00
TSK-002329-1,ORD-002329,DC-01,STAGE,RBT-0084,QUEUED,COMPLETE,DC-01-Z12,DC-01-Z08,2026-08-04T04:18:00
TSK-002330-1,ORD-002330,DC-18,STAGE,RBT-0709,COMPLETE,EXECUTING,DC-18-Z12,DC-18-Z03,2026-08-15T01:42:00
TSK-002330-2,ORD-002330,DC-18,PACK_FEED,RBT-0383,COMPLETE,COMPLETE,DC-18-Z03,DC-18-Z07,2026-08-15T00:24:00
TSK-002331-1,ORD-002331,DC-17,MOVE,RBT-0591,QUEUED,EXECUTING,DC-17-Z03,DC-17-Z04,2026-08-10T04:48:00
TSK-002331-2,ORD-002331,DC-17,MOVE,RBT-0348,QUEUED,FAILED,DC-17-Z06,DC-17-Z09,2026-08-10T04:26:00
TSK-002331-3,ORD-002331,DC-17,PACK_FEED,RBT-0301,BLOCKED,ASSIGNED,DC-17-Z04,DC-17-Z01,2026-08-10T05:03:00
TSK-002332-1,ORD-002332,DC-14,MOVE,RBT-0337,EXECUTING,FAILED,DC-14-Z03,DC-14-Z08,2026-08-26T05:18:00
TSK-002332-2,ORD-002332,DC-14,PICK,RBT-0071,BLOCKED,ASSIGNED,DC-14-Z04,DC-14-Z11,2026-08-26T05:04:00
TSK-002332-3,ORD-002332,DC-14,STAGE,RBT-0438,BLOCKED,EXECUTING,DC-14-Z02,DC-14-Z07,2026-08-26T05:03:00
TSK-002333-1,ORD-002333,DC-03,REPLENISH,RBT-0004,COMPLETE,COMPLETE,DC-03-Z03,DC-03-Z03,2026-08-12T08:09:00
TSK-002334-1,ORD-002334,DC-04,REPLENISH,RBT-0679,ASSIGNED,EXECUTING,DC-04-Z05,DC-04-Z07,2026-09-02T21:26:00
TSK-002335-1,ORD-002335,DC-16,PICK,RBT-0429,BLOCKED,EXECUTING,DC-16-Z11,DC-16-Z09,2026-08-11T11:19:00
TSK-002335-2,ORD-002335,DC-16,PICK,RBT-0594,QUEUED,FAILED,DC-16-Z09,DC-16-Z07,2026-08-11T12:01:00
TSK-002336-1,ORD-002336,DC-16,PACK_FEED,RBT-0069,EXECUTING,FAILED,DC-16-Z09,DC-16-Z07,2026-08-16T03:36:00
TSK-002336-2,ORD-002336,DC-16,MOVE,RBT-0284,EXECUTING,COMPLETE,DC-16-Z10,DC-16-Z06,2026-08-16T03:25:00
TSK-002336-3,ORD-002336,DC-16,PACK_FEED,RBT-0413,QUEUED,COMPLETE,DC-16-Z08,DC-16-Z03,2026-08-16T04:14:00
TSK-002337-1,ORD-002337,DC-10,PICK,RBT-0130,EXECUTING,COMPLETE,DC-10-Z12,DC-10-Z04,2026-08-23T22:45:00
TSK-002337-2,ORD-002337,DC-10,MOVE,RBT-0587,COMPLETE,EXECUTING,DC-10-Z05,DC-10-Z03,2026-08-23T22:32:00
TSK-002337-3,ORD-002337,DC-10,PICK,RBT-0180,ASSIGNED,COMPLETE,DC-10-Z09,DC-10-Z10,2026-08-23T22:23:00
TSK-002337-4,ORD-002337,DC-10,STAGE,RBT-0558,BLOCKED,COMPLETE,DC-10-Z01,DC-10-Z05,2026-08-23T23:33:00
TSK-002338-1,ORD-002338,DC-12,REPLENISH,RBT-0428,QUEUED,COMPLETE,DC-12-Z08,DC-12-Z06,2026-08-03T07:24:00
TSK-002338-2,ORD-002338,DC-12,REPLENISH,RBT-0185,ASSIGNED,QUEUED,DC-12-Z09,DC-12-Z07,2026-08-03T08:59:00
TSK-002339-1,ORD-002339,DC-13,STAGE,RBT-0281,EXECUTING,EXECUTING,DC-13-Z10,DC-13-Z11,2026-08-19T08:01:00
TSK-002339-2,ORD-002339,DC-13,MOVE,RBT-0099,COMPLETE,EXECUTING,DC-13-Z01,DC-13-Z04,2026-08-19T07:39:00
TSK-002339-3,ORD-002339,DC-13,MOVE,RBT-0576,COMPLETE,FAILED,DC-13-Z12,DC-13-Z12,2026-08-19T08:50:00
TSK-002340-1,ORD-002340,DC-14,REPLENISH,RBT-0431,COMPLETE,EXECUTING,DC-14-Z12,DC-14-Z10,2026-08-16T18:21:00
TSK-002340-2,ORD-002340,DC-14,PICK,RBT-0230,ASSIGNED,COMPLETE,DC-14-Z05,DC-14-Z07,2026-08-16T20:02:00
TSK-002341-1,ORD-002341,DC-14,PICK,RBT-0429,EXECUTING,COMPLETE,DC-14-Z08,DC-14-Z08,2026-08-13T12:09:00
TSK-002341-2,ORD-002341,DC-14,PACK_FEED,RBT-0696,QUEUED,ASSIGNED,DC-14-Z11,DC-14-Z11,2026-08-13T13:51:00
TSK-002341-3,ORD-002341,DC-14,STAGE,RBT-0016,QUEUED,COMPLETE,DC-14-Z01,DC-14-Z10,2026-08-13T13:09:00
TSK-002341-4,ORD-002341,DC-14,PACK_FEED,RBT-0570,EXECUTING,EXECUTING,DC-14-Z08,DC-14-Z09,2026-08-13T12:55:00
TSK-002342-1,ORD-002342,DC-07,STAGE,RBT-0466,COMPLETE,COMPLETE,DC-07-Z08,DC-07-Z08,2026-08-14T14:05:00
TSK-002342-2,ORD-002342,DC-07,REPLENISH,RBT-0127,COMPLETE,ASSIGNED,DC-07-Z03,DC-07-Z03,2026-08-14T12:40:00
TSK-002342-3,ORD-002342,DC-07,PACK_FEED,RBT-0183,BLOCKED,COMPLETE,DC-07-Z06,DC-07-Z09,2026-08-14T12:31:00
TSK-002343-1,ORD-002343,DC-07,STAGE,RBT-0138,EXECUTING,ASSIGNED,DC-07-Z05,DC-07-Z12,2026-08-02T11:20:00
TSK-002344-1,ORD-002344,DC-05,STAGE,RBT-0116,ASSIGNED,EXECUTING,DC-05-Z05,DC-05-Z02,2026-08-31T19:42:00
TSK-002344-2,ORD-002344,DC-05,STAGE,RBT-0258,QUEUED,ASSIGNED,DC-05-Z07,DC-05-Z03,2026-08-31T19:32:00
TSK-002345-1,ORD-002345,DC-05,PACK_FEED,RBT-0515,ASSIGNED,FAILED,DC-05-Z09,DC-05-Z02,2026-08-19T04:22:00
TSK-002345-2,ORD-002345,DC-05,STAGE,RBT-0089,EXECUTING,FAILED,DC-05-Z11,DC-05-Z05,2026-08-19T03:52:00
TSK-002346-1,ORD-002346,DC-10,MOVE,RBT-0224,QUEUED,COMPLETE,DC-10-Z07,DC-10-Z01,2026-08-22T14:47:00
TSK-002346-2,ORD-002346,DC-10,REPLENISH,RBT-0313,EXECUTING,EXECUTING,DC-10-Z09,DC-10-Z02,2026-08-22T14:20:00
TSK-002346-3,ORD-002346,DC-10,MOVE,RBT-0109,COMPLETE,EXECUTING,DC-10-Z05,DC-10-Z09,2026-08-22T14:04:00
TSK-002347-1,ORD-002347,DC-02,MOVE,RBT-0211,EXECUTING,COMPLETE,DC-02-Z03,DC-02-Z10,2026-08-20T17:50:00
TSK-002347-2,ORD-002347,DC-02,PICK,RBT-0638,QUEUED,ASSIGNED,DC-02-Z03,DC-02-Z12,2026-08-20T18:52:00
TSK-002347-3,ORD-002347,DC-02,PICK,RBT-0106,QUEUED,QUEUED,DC-02-Z12,DC-02-Z08,2026-08-20T17:24:00
TSK-002347-4,ORD-002347,DC-02,STAGE,RBT-0087,EXECUTING,COMPLETE,DC-02-Z02,DC-02-Z03,2026-08-20T18:44:00
TSK-002348-1,ORD-002348,DC-08,REPLENISH,RBT-0230,BLOCKED,ASSIGNED,DC-08-Z11,DC-08-Z08,2026-08-30T02:46:00
TSK-002348-2,ORD-002348,DC-08,PACK_FEED,RBT-0160,COMPLETE,ASSIGNED,DC-08-Z02,DC-08-Z07,2026-08-30T02:39:00
TSK-002348-3,ORD-002348,DC-08,PACK_FEED,RBT-0435,BLOCKED,ASSIGNED,DC-08-Z12,DC-08-Z08,2026-08-30T02:44:00
TSK-002348-4,ORD-002348,DC-08,STAGE,RBT-0524,QUEUED,EXECUTING,DC-08-Z12,DC-08-Z11,2026-08-30T02:52:00
TSK-002349-1,ORD-002349,DC-13,REPLENISH,RBT-0664,ASSIGNED,QUEUED,DC-13-Z11,DC-13-Z07,2026-08-24T04:35:00
TSK-002349-2,ORD-002349,DC-13,PICK,RBT-0162,ASSIGNED,FAILED,DC-13-Z08,DC-13-Z01,2026-08-24T04:16:00
TSK-002350-1,ORD-002350,DC-07,MOVE,RBT-0142,EXECUTING,ASSIGNED,DC-07-Z04,DC-07-Z12,2026-08-30T01:34:00
TSK-002350-2,ORD-002350,DC-07,MOVE,RBT-0247,EXECUTING,FAILED,DC-07-Z11,DC-07-Z03,2026-08-30T01:37:00
TSK-002350-3,ORD-002350,DC-07,PICK,RBT-0579,BLOCKED,EXECUTING,DC-07-Z11,DC-07-Z02,2026-08-30T00:36:00
TSK-002351-1,ORD-002351,DC-03,MOVE,RBT-0699,EXECUTING,COMPLETE,DC-03-Z07,DC-03-Z04,2026-08-30T15:39:00
TSK-002351-2,ORD-002351,DC-03,STAGE,RBT-0384,ASSIGNED,EXECUTING,DC-03-Z10,DC-03-Z08,2026-08-30T17:24:00
TSK-002351-3,ORD-002351,DC-03,STAGE,RBT-0486,COMPLETE,FAILED,DC-03-Z11,DC-03-Z11,2026-08-30T16:01:00
TSK-002352-1,ORD-002352,DC-09,MOVE,RBT-0338,QUEUED,COMPLETE,DC-09-Z05,DC-09-Z01,2026-08-05T11:18:00
TSK-002353-1,ORD-002353,DC-04,PACK_FEED,RBT-0484,ASSIGNED,QUEUED,DC-04-Z07,DC-04-Z04,2026-08-18T13:44:00
TSK-002354-1,ORD-002354,DC-09,STAGE,RBT-0172,QUEUED,EXECUTING,DC-09-Z02,DC-09-Z02,2026-08-25T14:48:00
TSK-002355-1,ORD-002355,DC-01,MOVE,RBT-0703,QUEUED,ASSIGNED,DC-01-Z03,DC-01-Z10,2026-08-12T07:28:00
TSK-002355-2,ORD-002355,DC-01,STAGE,RBT-0365,BLOCKED,ASSIGNED,DC-01-Z10,DC-01-Z05,2026-08-12T06:53:00
TSK-002355-3,ORD-002355,DC-01,MOVE,RBT-0206,QUEUED,QUEUED,DC-01-Z08,DC-01-Z03,2026-08-12T06:57:00
TSK-002356-1,ORD-002356,DC-12,PACK_FEED,RBT-0646,BLOCKED,COMPLETE,DC-12-Z09,DC-12-Z05,2026-09-01T21:54:00
TSK-002356-2,ORD-002356,DC-12,PICK,RBT-0492,COMPLETE,EXECUTING,DC-12-Z07,DC-12-Z02,2026-09-01T23:26:00
TSK-002356-3,ORD-002356,DC-12,STAGE,RBT-0471,QUEUED,QUEUED,DC-12-Z01,DC-12-Z01,2026-09-01T22:48:00
TSK-002357-1,ORD-002357,DC-11,MOVE,RBT-0523,BLOCKED,COMPLETE,DC-11-Z11,DC-11-Z08,2026-08-21T01:53:00
TSK-002357-2,ORD-002357,DC-11,PICK,RBT-0018,BLOCKED,EXECUTING,DC-11-Z01,DC-11-Z11,2026-08-21T02:28:00
TSK-002357-3,ORD-002357,DC-11,MOVE,RBT-0619,COMPLETE,COMPLETE,DC-11-Z05,DC-11-Z12,2026-08-21T02:44:00
TSK-002358-1,ORD-002358,DC-16,REPLENISH,RBT-0367,COMPLETE,COMPLETE,DC-16-Z06,DC-16-Z12,2026-08-18T11:19:00
TSK-002358-2,ORD-002358,DC-16,REPLENISH,RBT-0206,EXECUTING,ASSIGNED,DC-16-Z06,DC-16-Z07,2026-08-18T11:27:00
TSK-002358-3,ORD-002358,DC-16,PICK,RBT-0438,ASSIGNED,FAILED,DC-16-Z04,DC-16-Z09,2026-08-18T11:15:00
TSK-002359-1,ORD-002359,DC-13,PICK,RBT-0631,EXECUTING,EXECUTING,DC-13-Z04,DC-13-Z09,2026-09-01T04:00:00
TSK-002360-1,ORD-002360,DC-01,MOVE,RBT-0673,BLOCKED,ASSIGNED,DC-01-Z08,DC-01-Z02,2026-08-21T21:32:00
TSK-002360-2,ORD-002360,DC-01,MOVE,RBT-0211,EXECUTING,FAILED,DC-01-Z11,DC-01-Z02,2026-08-21T20:59:00
TSK-002360-3,ORD-002360,DC-01,MOVE,RBT-0359,QUEUED,ASSIGNED,DC-01-Z10,DC-01-Z07,2026-08-21T22:08:00
TSK-002361-1,ORD-002361,DC-13,PICK,RBT-0634,COMPLETE,EXECUTING,DC-13-Z03,DC-13-Z04,2026-08-10T02:55:00
TSK-002361-2,ORD-002361,DC-13,STAGE,RBT-0579,BLOCKED,QUEUED,DC-13-Z03,DC-13-Z05,2026-08-10T03:10:00
TSK-002362-1,ORD-002362,DC-01,PICK,RBT-0072,EXECUTING,EXECUTING,DC-01-Z12,DC-01-Z02,2026-08-28T01:42:00
TSK-002363-1,ORD-002363,DC-15,STAGE,RBT-0292,EXECUTING,EXECUTING,DC-15-Z02,DC-15-Z05,2026-08-31T13:29:00
TSK-002363-2,ORD-002363,DC-15,MOVE,RBT-0048,QUEUED,COMPLETE,DC-15-Z09,DC-15-Z12,2026-08-31T14:43:00
TSK-002363-3,ORD-002363,DC-15,REPLENISH,RBT-0408,BLOCKED,FAILED,DC-15-Z01,DC-15-Z07,2026-08-31T13:07:00
TSK-002363-4,ORD-002363,DC-15,REPLENISH,RBT-0208,EXECUTING,ASSIGNED,DC-15-Z10,DC-15-Z04,2026-08-31T14:47:00
TSK-002364-1,ORD-002364,DC-09,PICK,RBT-0636,EXECUTING,COMPLETE,DC-09-Z04,DC-09-Z02,2026-08-16T01:39:00
TSK-002364-2,ORD-002364,DC-09,REPLENISH,RBT-0037,BLOCKED,COMPLETE,DC-09-Z12,DC-09-Z06,2026-08-16T02:02:00
TSK-002364-3,ORD-002364,DC-09,PACK_FEED,RBT-0564,EXECUTING,EXECUTING,DC-09-Z03,DC-09-Z05,2026-08-16T01:15:00
TSK-002365-1,ORD-002365,DC-04,STAGE,RBT-0136,QUEUED,QUEUED,DC-04-Z11,DC-04-Z05,2026-08-08T01:13:00
TSK-002365-2,ORD-002365,DC-04,STAGE,RBT-0474,EXECUTING,QUEUED,DC-04-Z09,DC-04-Z01,2026-08-08T00:17:00
TSK-002365-3,ORD-002365,DC-04,REPLENISH,RBT-0292,ASSIGNED,QUEUED,DC-04-Z11,DC-04-Z07,2026-08-08T01:15:00
TSK-002366-1,ORD-002366,DC-06,MOVE,RBT-0541,ASSIGNED,QUEUED,DC-06-Z10,DC-06-Z02,2026-08-04T14:03:00
TSK-002367-1,ORD-002367,DC-03,MOVE,RBT-0165,COMPLETE,EXECUTING,DC-03-Z11,DC-03-Z09,2026-08-30T13:18:00
TSK-002367-2,ORD-002367,DC-03,PACK_FEED,RBT-0329,COMPLETE,COMPLETE,DC-03-Z09,DC-03-Z08,2026-08-30T12:26:00
TSK-002367-3,ORD-002367,DC-03,MOVE,RBT-0031,QUEUED,ASSIGNED,DC-03-Z02,DC-03-Z10,2026-08-30T12:20:00
TSK-002367-4,ORD-002367,DC-03,MOVE,RBT-0325,BLOCKED,ASSIGNED,DC-03-Z10,DC-03-Z05,2026-08-30T13:27:00
TSK-002368-1,ORD-002368,DC-01,MOVE,RBT-0391,COMPLETE,COMPLETE,DC-01-Z09,DC-01-Z03,2026-08-04T17:28:00
TSK-002368-2,ORD-002368,DC-01,MOVE,RBT-0174,BLOCKED,QUEUED,DC-01-Z09,DC-01-Z12,2026-08-04T18:45:00
TSK-002368-3,ORD-002368,DC-01,PICK,RBT-0505,BLOCKED,QUEUED,DC-01-Z08,DC-01-Z08,2026-08-04T17:14:00
TSK-002368-4,ORD-002368,DC-01,PACK_FEED,RBT-0293,EXECUTING,COMPLETE,DC-01-Z10,DC-01-Z07,2026-08-04T17:28:00
TSK-002369-1,ORD-002369,DC-07,REPLENISH,RBT-0138,BLOCKED,COMPLETE,DC-07-Z12,DC-07-Z06,2026-08-29T10:06:00
TSK-002369-2,ORD-002369,DC-07,PACK_FEED,RBT-0704,QUEUED,QUEUED,DC-07-Z07,DC-07-Z09,2026-08-29T09:13:00
TSK-002370-1,ORD-002370,DC-08,MOVE,RBT-0259,BLOCKED,EXECUTING,DC-08-Z10,DC-08-Z03,2026-08-25T21:06:00
TSK-002370-2,ORD-002370,DC-08,PICK,RBT-0216,ASSIGNED,QUEUED,DC-08-Z06,DC-08-Z10,2026-08-25T21:43:00
TSK-002371-1,ORD-002371,DC-07,PACK_FEED,RBT-0685,ASSIGNED,COMPLETE,DC-07-Z04,DC-07-Z02,2026-08-05T19:30:00
TSK-002372-1,ORD-002372,DC-01,STAGE,RBT-0693,ASSIGNED,FAILED,DC-01-Z07,DC-01-Z03,2026-08-12T12:59:00
TSK-002372-2,ORD-002372,DC-01,REPLENISH,RBT-0271,BLOCKED,EXECUTING,DC-01-Z07,DC-01-Z02,2026-08-12T12:49:00
TSK-002373-1,ORD-002373,DC-05,PACK_FEED,RBT-0693,COMPLETE,COMPLETE,DC-05-Z01,DC-05-Z05,2026-09-04T07:16:00
TSK-002373-2,ORD-002373,DC-05,MOVE,RBT-0115,COMPLETE,ASSIGNED,DC-05-Z06,DC-05-Z09,2026-09-04T08:32:00
TSK-002373-3,ORD-002373,DC-05,MOVE,RBT-0190,QUEUED,COMPLETE,DC-05-Z05,DC-05-Z04,2026-09-04T07:18:00
TSK-002374-1,ORD-002374,DC-12,PACK_FEED,RBT-0172,BLOCKED,FAILED,DC-12-Z05,DC-12-Z05,2026-08-14T20:26:00
TSK-002375-1,ORD-002375,DC-05,PACK_FEED,RBT-0536,QUEUED,QUEUED,DC-05-Z02,DC-05-Z04,2026-08-24T05:31:00
TSK-002376-1,ORD-002376,DC-08,MOVE,RBT-0484,COMPLETE,COMPLETE,DC-08-Z03,DC-08-Z01,2026-08-04T07:01:00
TSK-002377-1,ORD-002377,DC-16,STAGE,RBT-0312,BLOCKED,QUEUED,DC-16-Z05,DC-16-Z06,2026-08-12T12:05:00
TSK-002378-1,ORD-002378,DC-18,STAGE,RBT-0632,QUEUED,COMPLETE,DC-18-Z07,DC-18-Z08,2026-08-15T08:52:00
TSK-002378-2,ORD-002378,DC-18,PACK_FEED,RBT-0050,BLOCKED,QUEUED,DC-18-Z12,DC-18-Z09,2026-08-15T10:09:00
TSK-002378-3,ORD-002378,DC-18,PACK_FEED,RBT-0603,EXECUTING,ASSIGNED,DC-18-Z01,DC-18-Z06,2026-08-15T08:51:00
TSK-002379-1,ORD-002379,DC-16,STAGE,RBT-0167,BLOCKED,QUEUED,DC-16-Z05,DC-16-Z10,2026-08-07T01:45:00
TSK-002380-1,ORD-002380,DC-02,STAGE,RBT-0600,QUEUED,EXECUTING,DC-02-Z05,DC-02-Z08,2026-09-03T03:17:00
TSK-002380-2,ORD-002380,DC-02,REPLENISH,RBT-0676,ASSIGNED,COMPLETE,DC-02-Z05,DC-02-Z04,2026-09-03T03:46:00
TSK-002380-3,ORD-002380,DC-02,PICK,RBT-0613,EXECUTING,QUEUED,DC-02-Z05,DC-02-Z11,2026-09-03T04:15:00
TSK-002381-1,ORD-002381,DC-15,PACK_FEED,RBT-0604,QUEUED,QUEUED,DC-15-Z12,DC-15-Z07,2026-08-25T20:54:00
TSK-002382-1,ORD-002382,DC-06,PACK_FEED,RBT-0691,ASSIGNED,EXECUTING,DC-06-Z12,DC-06-Z09,2026-08-20T12:08:00
TSK-002382-2,ORD-002382,DC-06,MOVE,RBT-0379,QUEUED,FAILED,DC-06-Z10,DC-06-Z01,2026-08-20T12:12:00
TSK-002383-1,ORD-002383,DC-16,MOVE,RBT-0250,QUEUED,QUEUED,DC-16-Z01,DC-16-Z09,2026-08-28T11:21:00
TSK-002384-1,ORD-002384,DC-13,REPLENISH,RBT-0452,BLOCKED,FAILED,DC-13-Z10,DC-13-Z09,2026-09-02T09:32:00
TSK-002384-2,ORD-002384,DC-13,PACK_FEED,RBT-0257,EXECUTING,QUEUED,DC-13-Z08,DC-13-Z03,2026-09-02T07:57:00
TSK-002384-3,ORD-002384,DC-13,MOVE,RBT-0265,QUEUED,EXECUTING,DC-13-Z10,DC-13-Z10,2026-09-02T08:07:00
TSK-002385-1,ORD-002385,DC-08,PACK_FEED,RBT-0623,ASSIGNED,COMPLETE,DC-08-Z05,DC-08-Z01,2026-08-13T13:59:00
TSK-002385-2,ORD-002385,DC-08,MOVE,RBT-0098,BLOCKED,QUEUED,DC-08-Z10,DC-08-Z10,2026-08-13T15:05:00
TSK-002385-3,ORD-002385,DC-08,REPLENISH,RBT-0595,ASSIGNED,COMPLETE,DC-08-Z07,DC-08-Z10,2026-08-13T14:56:00
TSK-002385-4,ORD-002385,DC-08,PICK,RBT-0071,ASSIGNED,ASSIGNED,DC-08-Z12,DC-08-Z12,2026-08-13T13:50:00
TSK-002386-1,ORD-002386,DC-13,MOVE,RBT-0662,ASSIGNED,ASSIGNED,DC-13-Z05,DC-13-Z05,2026-08-20T22:13:00
TSK-002386-2,ORD-002386,DC-13,PICK,RBT-0393,EXECUTING,ASSIGNED,DC-13-Z05,DC-13-Z05,2026-08-20T22:02:00
TSK-002386-3,ORD-002386,DC-13,PACK_FEED,RBT-0314,BLOCKED,QUEUED,DC-13-Z09,DC-13-Z01,2026-08-20T22:46:00
TSK-002387-1,ORD-002387,DC-16,PICK,RBT-0419,COMPLETE,QUEUED,DC-16-Z02,DC-16-Z10,2026-08-03T17:39:00
TSK-002387-2,ORD-002387,DC-16,MOVE,RBT-0363,BLOCKED,QUEUED,DC-16-Z12,DC-16-Z05,2026-08-03T18:03:00
TSK-002387-3,ORD-002387,DC-16,PACK_FEED,RBT-0340,EXECUTING,FAILED,DC-16-Z06,DC-16-Z08,2026-08-03T18:21:00
TSK-002387-4,ORD-002387,DC-16,REPLENISH,RBT-0356,EXECUTING,EXECUTING,DC-16-Z04,DC-16-Z09,2026-08-03T17:15:00
TSK-002388-1,ORD-002388,DC-05,MOVE,RBT-0373,COMPLETE,FAILED,DC-05-Z10,DC-05-Z02,2026-08-26T02:42:00
TSK-002388-2,ORD-002388,DC-05,PACK_FEED,RBT-0528,BLOCKED,QUEUED,DC-05-Z07,DC-05-Z04,2026-08-26T04:16:00
TSK-002389-1,ORD-002389,DC-12,PICK,RBT-0553,EXECUTING,FAILED,DC-12-Z01,DC-12-Z09,2026-08-03T11:03:00
TSK-002389-2,ORD-002389,DC-12,PACK_FEED,RBT-0091,COMPLETE,QUEUED,DC-12-Z01,DC-12-Z11,2026-08-03T11:33:00
TSK-002389-3,ORD-002389,DC-12,PACK_FEED,RBT-0617,ASSIGNED,ASSIGNED,DC-12-Z08,DC-12-Z09,2026-08-03T10:20:00
TSK-002389-4,ORD-002389,DC-12,MOVE,RBT-0085,BLOCKED,COMPLETE,DC-12-Z03,DC-12-Z11,2026-08-03T10:43:00
TSK-002390-1,ORD-002390,DC-11,MOVE,RBT-0704,ASSIGNED,FAILED,DC-11-Z09,DC-11-Z03,2026-08-30T18:51:00
TSK-002391-1,ORD-002391,DC-12,MOVE,RBT-0397,BLOCKED,ASSIGNED,DC-12-Z09,DC-12-Z11,2026-08-16T00:57:00
TSK-002391-2,ORD-002391,DC-12,PACK_FEED,RBT-0335,EXECUTING,EXECUTING,DC-12-Z08,DC-12-Z10,2026-08-15T23:40:00
TSK-002391-3,ORD-002391,DC-12,STAGE,RBT-0033,QUEUED,EXECUTING,DC-12-Z07,DC-12-Z12,2026-08-15T23:59:00
TSK-002392-1,ORD-002392,DC-09,MOVE,RBT-0211,QUEUED,FAILED,DC-09-Z05,DC-09-Z01,2026-08-01T16:45:00
TSK-002392-2,ORD-002392,DC-09,STAGE,RBT-0474,BLOCKED,ASSIGNED,DC-09-Z09,DC-09-Z05,2026-08-01T17:44:00
TSK-002392-3,ORD-002392,DC-09,STAGE,RBT-0466,EXECUTING,ASSIGNED,DC-09-Z07,DC-09-Z11,2026-08-01T16:52:00
TSK-002392-4,ORD-002392,DC-09,MOVE,RBT-0305,BLOCKED,QUEUED,DC-09-Z05,DC-09-Z08,2026-08-01T16:50:00
TSK-002393-1,ORD-002393,DC-15,STAGE,RBT-0501,QUEUED,EXECUTING,DC-15-Z03,DC-15-Z10,2026-08-16T09:39:00
TSK-002393-2,ORD-002393,DC-15,PICK,RBT-0239,EXECUTING,QUEUED,DC-15-Z01,DC-15-Z03,2026-08-16T08:24:00
TSK-002394-1,ORD-002394,DC-06,PICK,RBT-0368,QUEUED,QUEUED,DC-06-Z02,DC-06-Z03,2026-08-30T17:43:00
TSK-002395-1,ORD-002395,DC-13,STAGE,RBT-0596,QUEUED,ASSIGNED,DC-13-Z06,DC-13-Z04,2026-09-04T14:18:00
TSK-002395-2,ORD-002395,DC-13,MOVE,RBT-0393,COMPLETE,FAILED,DC-13-Z08,DC-13-Z05,2026-09-04T13:31:00
TSK-002395-3,ORD-002395,DC-13,STAGE,RBT-0117,QUEUED,QUEUED,DC-13-Z03,DC-13-Z03,2026-09-04T14:38:00
TSK-002396-1,ORD-002396,DC-15,REPLENISH,RBT-0605,COMPLETE,FAILED,DC-15-Z11,DC-15-Z08,2026-08-31T13:56:00
TSK-002396-2,ORD-002396,DC-15,MOVE,RBT-0151,QUEUED,FAILED,DC-15-Z07,DC-15-Z06,2026-08-31T13:35:00
TSK-002396-3,ORD-002396,DC-15,PACK_FEED,RBT-0522,COMPLETE,EXECUTING,DC-15-Z11,DC-15-Z04,2026-08-31T13:31:00
TSK-002396-4,ORD-002396,DC-15,MOVE,RBT-0247,BLOCKED,FAILED,DC-15-Z12,DC-15-Z09,2026-08-31T14:57:00
TSK-002397-1,ORD-002397,DC-04,PACK_FEED,RBT-0180,QUEUED,ASSIGNED,DC-04-Z06,DC-04-Z11,2026-08-17T17:49:00
TSK-002397-2,ORD-002397,DC-04,STAGE,RBT-0490,ASSIGNED,QUEUED,DC-04-Z08,DC-04-Z11,2026-08-17T17:04:00
TSK-002398-1,ORD-002398,DC-07,REPLENISH,RBT-0089,COMPLETE,ASSIGNED,DC-07-Z01,DC-07-Z10,2026-08-28T03:00:00
TSK-002398-2,ORD-002398,DC-07,PACK_FEED,RBT-0394,COMPLETE,EXECUTING,DC-07-Z11,DC-07-Z04,2026-08-28T02:39:00
TSK-002399-1,ORD-002399,DC-14,PACK_FEED,RBT-0241,EXECUTING,FAILED,DC-14-Z03,DC-14-Z05,2026-08-27T06:38:00
TSK-002399-2,ORD-002399,DC-14,STAGE,RBT-0641,QUEUED,EXECUTING,DC-14-Z03,DC-14-Z08,2026-08-27T07:04:00
TSK-002399-3,ORD-002399,DC-14,PICK,RBT-0594,ASSIGNED,ASSIGNED,DC-14-Z03,DC-14-Z02,2026-08-27T07:02:00
TSK-002399-4,ORD-002399,DC-14,PACK_FEED,RBT-0685,QUEUED,EXECUTING,DC-14-Z07,DC-14-Z05,2026-08-27T07:00:00
TSK-002400-1,ORD-002400,DC-17,STAGE,RBT-0621,COMPLETE,ASSIGNED,DC-17-Z07,DC-17-Z09,2026-08-31T08:04:00
TSK-002400-2,ORD-002400,DC-17,REPLENISH,RBT-0311,COMPLETE,COMPLETE,DC-17-Z09,DC-17-Z03,2026-08-31T09:21:00
TSK-002400-3,ORD-002400,DC-17,REPLENISH,RBT-0555,COMPLETE,ASSIGNED,DC-17-Z11,DC-17-Z07,2026-08-31T08:13:00
TSK-002400-4,ORD-002400,DC-17,PICK,RBT-0643,COMPLETE,EXECUTING,DC-17-Z07,DC-17-Z11,2026-08-31T07:38:00
TSK-002401-1,ORD-002401,DC-10,PACK_FEED,RBT-0699,COMPLETE,COMPLETE,DC-10-Z10,DC-10-Z05,2026-08-24T17:37:00
TSK-002401-2,ORD-002401,DC-10,STAGE,RBT-0123,ASSIGNED,COMPLETE,DC-10-Z11,DC-10-Z07,2026-08-24T17:28:00
TSK-002401-3,ORD-002401,DC-10,REPLENISH,RBT-0496,COMPLETE,QUEUED,DC-10-Z11,DC-10-Z10,2026-08-24T17:31:00
TSK-002401-4,ORD-002401,DC-10,PACK_FEED,RBT-0646,ASSIGNED,QUEUED,DC-10-Z05,DC-10-Z02,2026-08-24T17:32:00
TSK-002402-1,ORD-002402,DC-04,MOVE,RBT-0074,BLOCKED,ASSIGNED,DC-04-Z03,DC-04-Z01,2026-08-05T04:02:00
TSK-002403-1,ORD-002403,DC-15,STAGE,RBT-0489,ASSIGNED,ASSIGNED,DC-15-Z02,DC-15-Z05,2026-08-05T17:44:00
TSK-002403-2,ORD-002403,DC-15,PACK_FEED,RBT-0135,COMPLETE,EXECUTING,DC-15-Z04,DC-15-Z11,2026-08-05T18:11:00
TSK-002404-1,ORD-002404,DC-05,STAGE,RBT-0276,ASSIGNED,ASSIGNED,DC-05-Z10,DC-05-Z05,2026-08-08T15:35:00
TSK-002404-2,ORD-002404,DC-05,STAGE,RBT-0304,COMPLETE,ASSIGNED,DC-05-Z08,DC-05-Z10,2026-08-08T15:08:00
TSK-002404-3,ORD-002404,DC-05,PICK,RBT-0701,COMPLETE,COMPLETE,DC-05-Z09,DC-05-Z07,2026-08-08T16:35:00
TSK-002404-4,ORD-002404,DC-05,MOVE,RBT-0530,COMPLETE,EXECUTING,DC-05-Z07,DC-05-Z09,2026-08-08T16:38:00
TSK-002405-1,ORD-002405,DC-08,PICK,RBT-0522,ASSIGNED,ASSIGNED,DC-08-Z05,DC-08-Z12,2026-08-08T00:06:00
TSK-002406-1,ORD-002406,DC-12,MOVE,RBT-0516,QUEUED,EXECUTING,DC-12-Z06,DC-12-Z04,2026-09-01T10:01:00
TSK-002406-2,ORD-002406,DC-12,PACK_FEED,RBT-0267,ASSIGNED,ASSIGNED,DC-12-Z03,DC-12-Z03,2026-09-01T10:32:00
TSK-002407-1,ORD-002407,DC-14,REPLENISH,RBT-0355,EXECUTING,QUEUED,DC-14-Z12,DC-14-Z11,2026-08-28T21:10:00
TSK-002408-1,ORD-002408,DC-05,MOVE,RBT-0696,ASSIGNED,FAILED,DC-05-Z02,DC-05-Z09,2026-08-10T03:39:00
TSK-002408-2,ORD-002408,DC-05,REPLENISH,RBT-0703,QUEUED,EXECUTING,DC-05-Z11,DC-05-Z04,2026-08-10T03:59:00
TSK-002408-3,ORD-002408,DC-05,PACK_FEED,RBT-0373,COMPLETE,FAILED,DC-05-Z01,DC-05-Z06,2026-08-10T04:13:00
TSK-002408-4,ORD-002408,DC-05,PICK,RBT-0683,QUEUED,COMPLETE,DC-05-Z08,DC-05-Z08,2026-08-10T04:23:00
TSK-002409-1,ORD-002409,DC-15,MOVE,RBT-0103,COMPLETE,EXECUTING,DC-15-Z12,DC-15-Z02,2026-08-09T16:24:00
TSK-002409-2,ORD-002409,DC-15,REPLENISH,RBT-0230,COMPLETE,EXECUTING,DC-15-Z05,DC-15-Z01,2026-08-09T17:19:00
TSK-002409-3,ORD-002409,DC-15,REPLENISH,RBT-0174,EXECUTING,EXECUTING,DC-15-Z12,DC-15-Z03,2026-08-09T16:28:00
TSK-002410-1,ORD-002410,DC-16,PACK_FEED,RBT-0011,COMPLETE,FAILED,DC-16-Z09,DC-16-Z07,2026-08-01T20:08:00
TSK-002411-1,ORD-002411,DC-04,STAGE,RBT-0213,QUEUED,EXECUTING,DC-04-Z05,DC-04-Z03,2026-08-02T19:39:00
TSK-002411-2,ORD-002411,DC-04,PICK,RBT-0095,COMPLETE,EXECUTING,DC-04-Z10,DC-04-Z12,2026-08-02T19:42:00
TSK-002412-1,ORD-002412,DC-02,REPLENISH,RBT-0615,EXECUTING,EXECUTING,DC-02-Z04,DC-02-Z08,2026-08-10T11:40:00
TSK-002412-2,ORD-002412,DC-02,MOVE,RBT-0456,EXECUTING,ASSIGNED,DC-02-Z03,DC-02-Z03,2026-08-10T12:46:00
TSK-002412-3,ORD-002412,DC-02,STAGE,RBT-0018,EXECUTING,EXECUTING,DC-02-Z07,DC-02-Z03,2026-08-10T11:56:00
TSK-002412-4,ORD-002412,DC-02,REPLENISH,RBT-0371,BLOCKED,EXECUTING,DC-02-Z04,DC-02-Z10,2026-08-10T12:33:00
TSK-002413-1,ORD-002413,DC-03,PICK,RBT-0691,QUEUED,EXECUTING,DC-03-Z06,DC-03-Z02,2026-08-26T01:12:00
TSK-002413-2,ORD-002413,DC-03,REPLENISH,RBT-0063,COMPLETE,QUEUED,DC-03-Z01,DC-03-Z09,2026-08-26T01:32:00
TSK-002413-3,ORD-002413,DC-03,PACK_FEED,RBT-0493,COMPLETE,FAILED,DC-03-Z04,DC-03-Z12,2026-08-26T02:17:00
TSK-002413-4,ORD-002413,DC-03,REPLENISH,RBT-0205,EXECUTING,COMPLETE,DC-03-Z12,DC-03-Z01,2026-08-26T03:00:00
TSK-002414-1,ORD-002414,DC-16,PACK_FEED,RBT-0431,BLOCKED,EXECUTING,DC-16-Z12,DC-16-Z12,2026-08-16T12:29:00
TSK-002414-2,ORD-002414,DC-16,STAGE,RBT-0334,ASSIGNED,EXECUTING,DC-16-Z10,DC-16-Z07,2026-08-16T12:13:00
TSK-002415-1,ORD-002415,DC-05,PACK_FEED,RBT-0405,BLOCKED,COMPLETE,DC-05-Z04,DC-05-Z11,2026-08-15T01:56:00
TSK-002415-2,ORD-002415,DC-05,MOVE,RBT-0485,COMPLETE,ASSIGNED,DC-05-Z07,DC-05-Z11,2026-08-15T03:30:00
TSK-002416-1,ORD-002416,DC-02,PACK_FEED,RBT-0154,ASSIGNED,QUEUED,DC-02-Z09,DC-02-Z10,2026-08-26T06:07:00
TSK-002416-2,ORD-002416,DC-02,STAGE,RBT-0255,QUEUED,QUEUED,DC-02-Z01,DC-02-Z09,2026-08-26T06:14:00
TSK-002416-3,ORD-002416,DC-02,REPLENISH,RBT-0161,BLOCKED,QUEUED,DC-02-Z04,DC-02-Z07,2026-08-26T07:32:00
TSK-002417-1,ORD-002417,DC-11,PICK,RBT-0356,COMPLETE,FAILED,DC-11-Z09,DC-11-Z10,2026-08-11T21:31:00
TSK-002417-2,ORD-002417,DC-11,MOVE,RBT-0577,COMPLETE,QUEUED,DC-11-Z12,DC-11-Z06,2026-08-11T20:30:00
TSK-002418-1,ORD-002418,DC-12,PACK_FEED,RBT-0075,COMPLETE,COMPLETE,DC-12-Z12,DC-12-Z10,2026-08-06T08:53:00
TSK-002418-2,ORD-002418,DC-12,PICK,RBT-0069,EXECUTING,ASSIGNED,DC-12-Z09,DC-12-Z05,2026-08-06T09:10:00
TSK-002419-1,ORD-002419,DC-06,PICK,RBT-0014,EXECUTING,COMPLETE,DC-06-Z04,DC-06-Z12,2026-08-01T13:19:00
TSK-002419-2,ORD-002419,DC-06,STAGE,RBT-0521,EXECUTING,ASSIGNED,DC-06-Z06,DC-06-Z12,2026-08-01T12:44:00
TSK-002420-1,ORD-002420,DC-05,PICK,RBT-0555,EXECUTING,FAILED,DC-05-Z04,DC-05-Z05,2026-08-06T06:22:00
TSK-002420-2,ORD-002420,DC-05,STAGE,RBT-0482,EXECUTING,EXECUTING,DC-05-Z04,DC-05-Z02,2026-08-06T06:24:00
TSK-002421-1,ORD-002421,DC-05,PACK_FEED,RBT-0324,COMPLETE,ASSIGNED,DC-05-Z07,DC-05-Z04,2026-08-29T21:38:00
TSK-002421-2,ORD-002421,DC-05,REPLENISH,RBT-0290,QUEUED,ASSIGNED,DC-05-Z09,DC-05-Z06,2026-08-29T20:38:00
TSK-002421-3,ORD-002421,DC-05,MOVE,RBT-0487,BLOCKED,QUEUED,DC-05-Z11,DC-05-Z11,2026-08-29T22:19:00
TSK-002422-1,ORD-002422,DC-02,REPLENISH,RBT-0106,EXECUTING,ASSIGNED,DC-02-Z12,DC-02-Z01,2026-08-12T03:56:00
TSK-002422-2,ORD-002422,DC-02,PACK_FEED,RBT-0611,QUEUED,COMPLETE,DC-02-Z01,DC-02-Z12,2026-08-12T03:17:00
TSK-002423-1,ORD-002423,DC-17,REPLENISH,RBT-0269,ASSIGNED,FAILED,DC-17-Z01,DC-17-Z11,2026-08-04T01:23:00
TSK-002423-2,ORD-002423,DC-17,MOVE,RBT-0478,QUEUED,EXECUTING,DC-17-Z08,DC-17-Z03,2026-08-03T23:44:00
TSK-002423-3,ORD-002423,DC-17,PICK,RBT-0540,ASSIGNED,ASSIGNED,DC-17-Z12,DC-17-Z08,2026-08-04T01:20:00
TSK-002423-4,ORD-002423,DC-17,MOVE,RBT-0385,BLOCKED,QUEUED,DC-17-Z06,DC-17-Z10,2026-08-04T01:06:00
TSK-002424-1,ORD-002424,DC-09,PICK,RBT-0468,EXECUTING,ASSIGNED,DC-09-Z07,DC-09-Z05,2026-08-22T11:44:00
TSK-002424-2,ORD-002424,DC-09,STAGE,RBT-0631,COMPLETE,EXECUTING,DC-09-Z12,DC-09-Z09,2026-08-22T11:25:00
TSK-002425-1,ORD-002425,DC-08,PACK_FEED,RBT-0280,ASSIGNED,COMPLETE,DC-08-Z05,DC-08-Z10,2026-08-17T19:40:00
TSK-002425-2,ORD-002425,DC-08,PICK,RBT-0401,COMPLETE,QUEUED,DC-08-Z11,DC-08-Z02,2026-08-17T20:57:00
TSK-002425-3,ORD-002425,DC-08,MOVE,RBT-0708,BLOCKED,ASSIGNED,DC-08-Z05,DC-08-Z04,2026-08-17T20:39:00
TSK-002426-1,ORD-002426,DC-17,STAGE,RBT-0270,ASSIGNED,QUEUED,DC-17-Z07,DC-17-Z02,2026-08-10T01:43:00
TSK-002427-1,ORD-002427,DC-10,PICK,RBT-0170,COMPLETE,QUEUED,DC-10-Z09,DC-10-Z03,2026-08-16T12:33:00
TSK-002427-2,ORD-002427,DC-10,MOVE,RBT-0596,ASSIGNED,FAILED,DC-10-Z11,DC-10-Z05,2026-08-16T13:43:00
TSK-002428-1,ORD-002428,DC-05,PACK_FEED,RBT-0089,COMPLETE,QUEUED,DC-05-Z03,DC-05-Z09,2026-09-03T11:33:00
TSK-002429-1,ORD-002429,DC-05,STAGE,RBT-0630,BLOCKED,FAILED,DC-05-Z02,DC-05-Z03,2026-08-05T07:53:00
TSK-002429-2,ORD-002429,DC-05,MOVE,RBT-0419,EXECUTING,FAILED,DC-05-Z05,DC-05-Z10,2026-08-05T07:30:00
TSK-002429-3,ORD-002429,DC-05,REPLENISH,RBT-0200,COMPLETE,EXECUTING,DC-05-Z07,DC-05-Z09,2026-08-05T09:19:00
TSK-002430-1,ORD-002430,DC-09,MOVE,RBT-0237,COMPLETE,FAILED,DC-09-Z11,DC-09-Z03,2026-08-20T10:02:00
TSK-002430-2,ORD-002430,DC-09,STAGE,RBT-0504,ASSIGNED,QUEUED,DC-09-Z05,DC-09-Z08,2026-08-20T10:52:00
TSK-002430-3,ORD-002430,DC-09,STAGE,RBT-0335,BLOCKED,ASSIGNED,DC-09-Z04,DC-09-Z04,2026-08-20T10:09:00
TSK-002430-4,ORD-002430,DC-09,REPLENISH,RBT-0428,QUEUED,FAILED,DC-09-Z02,DC-09-Z11,2026-08-20T10:54:00
TSK-002431-1,ORD-002431,DC-06,REPLENISH,RBT-0345,QUEUED,FAILED,DC-06-Z01,DC-06-Z09,2026-08-03T12:01:00
TSK-002431-2,ORD-002431,DC-06,REPLENISH,RBT-0419,COMPLETE,QUEUED,DC-06-Z09,DC-06-Z06,2026-08-03T11:04:00
TSK-002431-3,ORD-002431,DC-06,REPLENISH,RBT-0487,EXECUTING,COMPLETE,DC-06-Z03,DC-06-Z05,2026-08-03T12:28:00
TSK-002431-4,ORD-002431,DC-06,PACK_FEED,RBT-0241,ASSIGNED,QUEUED,DC-06-Z03,DC-06-Z07,2026-08-03T12:16:00
TSK-002432-1,ORD-002432,DC-18,PICK,RBT-0659,ASSIGNED,EXECUTING,DC-18-Z04,DC-18-Z07,2026-08-01T12:17:00
TSK-002432-2,ORD-002432,DC-18,PICK,RBT-0648,QUEUED,FAILED,DC-18-Z02,DC-18-Z06,2026-08-01T11:08:00
TSK-002433-1,ORD-002433,DC-10,PICK,RBT-0284,ASSIGNED,ASSIGNED,DC-10-Z02,DC-10-Z03,2026-08-14T03:05:00
TSK-002433-2,ORD-002433,DC-10,REPLENISH,RBT-0084,BLOCKED,ASSIGNED,DC-10-Z06,DC-10-Z03,2026-08-14T01:21:00
TSK-002433-3,ORD-002433,DC-10,PACK_FEED,RBT-0116,ASSIGNED,COMPLETE,DC-10-Z06,DC-10-Z07,2026-08-14T01:51:00
TSK-002434-1,ORD-002434,DC-15,PICK,RBT-0021,QUEUED,EXECUTING,DC-15-Z12,DC-15-Z07,2026-08-21T13:53:00
TSK-002435-1,ORD-002435,DC-13,MOVE,RBT-0430,EXECUTING,QUEUED,DC-13-Z02,DC-13-Z06,2026-08-18T20:01:00
TSK-002435-2,ORD-002435,DC-13,MOVE,RBT-0075,ASSIGNED,EXECUTING,DC-13-Z02,DC-13-Z01,2026-08-18T19:13:00
TSK-002435-3,ORD-002435,DC-13,STAGE,RBT-0302,QUEUED,EXECUTING,DC-13-Z01,DC-13-Z01,2026-08-18T18:40:00
TSK-002436-1,ORD-002436,DC-06,PICK,RBT-0619,QUEUED,COMPLETE,DC-06-Z12,DC-06-Z12,2026-08-09T06:49:00
TSK-002436-2,ORD-002436,DC-06,STAGE,RBT-0662,QUEUED,QUEUED,DC-06-Z09,DC-06-Z05,2026-08-09T07:32:00
TSK-002436-3,ORD-002436,DC-06,STAGE,RBT-0254,BLOCKED,COMPLETE,DC-06-Z07,DC-06-Z11,2026-08-09T07:56:00
TSK-002436-4,ORD-002436,DC-06,MOVE,RBT-0494,BLOCKED,ASSIGNED,DC-06-Z11,DC-06-Z06,2026-08-09T07:29:00
TSK-002437-1,ORD-002437,DC-10,PACK_FEED,RBT-0673,ASSIGNED,QUEUED,DC-10-Z04,DC-10-Z02,2026-08-24T06:57:00
TSK-002437-2,ORD-002437,DC-10,REPLENISH,RBT-0707,ASSIGNED,ASSIGNED,DC-10-Z11,DC-10-Z08,2026-08-24T06:29:00
TSK-002438-1,ORD-002438,DC-07,STAGE,RBT-0100,EXECUTING,EXECUTING,DC-07-Z09,DC-07-Z02,2026-08-22T00:39:00
TSK-002438-2,ORD-002438,DC-07,PICK,RBT-0247,EXECUTING,QUEUED,DC-07-Z01,DC-07-Z10,2026-08-22T00:47:00
TSK-002438-3,ORD-002438,DC-07,PACK_FEED,RBT-0076,QUEUED,FAILED,DC-07-Z06,DC-07-Z06,2026-08-22T01:46:00
TSK-002438-4,ORD-002438,DC-07,PACK_FEED,RBT-0142,EXECUTING,COMPLETE,DC-07-Z06,DC-07-Z10,2026-08-22T00:01:00
TSK-002439-1,ORD-002439,DC-04,PACK_FEED,RBT-0257,EXECUTING,COMPLETE,DC-04-Z06,DC-04-Z01,2026-08-25T04:56:00
TSK-002440-1,ORD-002440,DC-06,PICK,RBT-0642,COMPLETE,EXECUTING,DC-06-Z07,DC-06-Z11,2026-08-20T08:27:00
TSK-002440-2,ORD-002440,DC-06,PACK_FEED,RBT-0436,COMPLETE,FAILED,DC-06-Z08,DC-06-Z01,2026-08-20T07:14:00
TSK-002440-3,ORD-002440,DC-06,MOVE,RBT-0177,QUEUED,EXECUTING,DC-06-Z06,DC-06-Z11,2026-08-20T08:31:00
TSK-002441-1,ORD-002441,DC-01,MOVE,RBT-0353,QUEUED,QUEUED,DC-01-Z09,DC-01-Z10,2026-08-11T00:18:00
TSK-002442-1,ORD-002442,DC-06,STAGE,RBT-0020,BLOCKED,FAILED,DC-06-Z04,DC-06-Z01,2026-09-02T00:24:00
TSK-002442-2,ORD-002442,DC-06,MOVE,RBT-0186,QUEUED,ASSIGNED,DC-06-Z06,DC-06-Z11,2026-09-02T00:42:00
TSK-002442-3,ORD-002442,DC-06,REPLENISH,RBT-0039,QUEUED,COMPLETE,DC-06-Z01,DC-06-Z07,2026-09-02T01:36:00
TSK-002443-1,ORD-002443,DC-17,STAGE,RBT-0469,BLOCKED,ASSIGNED,DC-17-Z04,DC-17-Z05,2026-08-24T15:46:00
TSK-002443-2,ORD-002443,DC-17,REPLENISH,RBT-0135,QUEUED,COMPLETE,DC-17-Z07,DC-17-Z12,2026-08-24T14:49:00
TSK-002444-1,ORD-002444,DC-18,REPLENISH,RBT-0280,QUEUED,COMPLETE,DC-18-Z10,DC-18-Z12,2026-08-15T20:16:00
TSK-002444-2,ORD-002444,DC-18,STAGE,RBT-0119,EXECUTING,FAILED,DC-18-Z02,DC-18-Z02,2026-08-15T21:23:00
TSK-002445-1,ORD-002445,DC-16,PACK_FEED,RBT-0602,ASSIGNED,EXECUTING,DC-16-Z07,DC-16-Z07,2026-08-21T14:30:00
TSK-002446-1,ORD-002446,DC-18,REPLENISH,RBT-0696,QUEUED,ASSIGNED,DC-18-Z07,DC-18-Z07,2026-08-18T14:52:00
TSK-002446-2,ORD-002446,DC-18,PACK_FEED,RBT-0686,ASSIGNED,FAILED,DC-18-Z03,DC-18-Z10,2026-08-18T15:06:00
TSK-002446-3,ORD-002446,DC-18,PICK,RBT-0528,BLOCKED,QUEUED,DC-18-Z01,DC-18-Z04,2026-08-18T16:31:00
TSK-002447-1,ORD-002447,DC-12,PACK_FEED,RBT-0203,EXECUTING,FAILED,DC-12-Z02,DC-12-Z06,2026-08-06T09:06:00
TSK-002448-1,ORD-002448,DC-05,MOVE,RBT-0623,EXECUTING,FAILED,DC-05-Z02,DC-05-Z10,2026-09-04T16:53:00
TSK-002448-2,ORD-002448,DC-05,PACK_FEED,RBT-0117,QUEUED,ASSIGNED,DC-05-Z03,DC-05-Z12,2026-09-04T16:58:00
TSK-002448-3,ORD-002448,DC-05,STAGE,RBT-0185,ASSIGNED,EXECUTING,DC-05-Z01,DC-05-Z04,2026-09-04T16:16:00
TSK-002448-4,ORD-002448,DC-05,STAGE,RBT-0198,EXECUTING,ASSIGNED,DC-05-Z02,DC-05-Z05,2026-09-04T15:21:00
TSK-002449-1,ORD-002449,DC-02,PICK,RBT-0560,EXECUTING,QUEUED,DC-02-Z02,DC-02-Z05,2026-08-21T06:54:00
TSK-002449-2,ORD-002449,DC-02,REPLENISH,RBT-0661,ASSIGNED,QUEUED,DC-02-Z02,DC-02-Z02,2026-08-21T07:45:00
TSK-002449-3,ORD-002449,DC-02,STAGE,RBT-0376,QUEUED,ASSIGNED,DC-02-Z03,DC-02-Z02,2026-08-21T07:45:00
TSK-002450-1,ORD-002450,DC-14,MOVE,RBT-0149,BLOCKED,FAILED,DC-14-Z08,DC-14-Z11,2026-08-03T13:04:00
TSK-002451-1,ORD-002451,DC-06,REPLENISH,RBT-0424,EXECUTING,QUEUED,DC-06-Z01,DC-06-Z10,2026-08-17T05:09:00
TSK-002452-1,ORD-002452,DC-17,MOVE,RBT-0150,EXECUTING,ASSIGNED,DC-17-Z01,DC-17-Z02,2026-09-04T11:55:00
TSK-002452-2,ORD-002452,DC-17,PICK,RBT-0503,ASSIGNED,COMPLETE,DC-17-Z02,DC-17-Z02,2026-09-04T12:28:00
TSK-002452-3,ORD-002452,DC-17,PICK,RBT-0070,COMPLETE,EXECUTING,DC-17-Z08,DC-17-Z03,2026-09-04T11:59:00
TSK-002452-4,ORD-002452,DC-17,REPLENISH,RBT-0590,COMPLETE,EXECUTING,DC-17-Z04,DC-17-Z03,2026-09-04T13:04:00
TSK-002453-1,ORD-002453,DC-07,PICK,RBT-0209,ASSIGNED,FAILED,DC-07-Z05,DC-07-Z11,2026-08-06T04:48:00
TSK-002454-1,ORD-002454,DC-11,REPLENISH,RBT-0571,BLOCKED,COMPLETE,DC-11-Z12,DC-11-Z12,2026-08-26T02:49:00
TSK-002454-2,ORD-002454,DC-11,PICK,RBT-0627,QUEUED,FAILED,DC-11-Z11,DC-11-Z08,2026-08-26T03:27:00
TSK-002454-3,ORD-002454,DC-11,STAGE,RBT-0326,EXECUTING,EXECUTING,DC-11-Z09,DC-11-Z01,2026-08-26T03:16:00
TSK-002455-1,ORD-002455,DC-17,PICK,RBT-0652,ASSIGNED,COMPLETE,DC-17-Z07,DC-17-Z01,2026-08-11T12:25:00
TSK-002455-2,ORD-002455,DC-17,PICK,RBT-0005,EXECUTING,ASSIGNED,DC-17-Z09,DC-17-Z08,2026-08-11T12:07:00
TSK-002455-3,ORD-002455,DC-17,PACK_FEED,RBT-0338,ASSIGNED,FAILED,DC-17-Z03,DC-17-Z08,2026-08-11T11:25:00
TSK-002456-1,ORD-002456,DC-08,PICK,RBT-0209,QUEUED,FAILED,DC-08-Z06,DC-08-Z04,2026-08-07T17:12:00
TSK-002456-2,ORD-002456,DC-08,REPLENISH,RBT-0588,BLOCKED,EXECUTING,DC-08-Z11,DC-08-Z01,2026-08-07T18:12:00
TSK-002456-3,ORD-002456,DC-08,PICK,RBT-0704,COMPLETE,FAILED,DC-08-Z02,DC-08-Z10,2026-08-07T17:58:00
TSK-002456-4,ORD-002456,DC-08,MOVE,RBT-0513,BLOCKED,QUEUED,DC-08-Z08,DC-08-Z01,2026-08-07T18:36:00
TSK-002457-1,ORD-002457,DC-02,REPLENISH,RBT-0609,EXECUTING,COMPLETE,DC-02-Z08,DC-02-Z05,2026-08-27T18:38:00
TSK-002457-2,ORD-002457,DC-02,STAGE,RBT-0413,QUEUED,ASSIGNED,DC-02-Z11,DC-02-Z03,2026-08-27T19:26:00
TSK-002458-1,ORD-002458,DC-08,MOVE,RBT-0089,QUEUED,FAILED,DC-08-Z05,DC-08-Z11,2026-08-11T06:13:00
TSK-002458-2,ORD-002458,DC-08,REPLENISH,RBT-0242,ASSIGNED,COMPLETE,DC-08-Z11,DC-08-Z07,2026-08-11T07:40:00
TSK-002458-3,ORD-002458,DC-08,MOVE,RBT-0333,QUEUED,FAILED,DC-08-Z02,DC-08-Z08,2026-08-11T06:51:00
TSK-002459-1,ORD-002459,DC-07,PACK_FEED,RBT-0176,ASSIGNED,QUEUED,DC-07-Z08,DC-07-Z05,2026-08-20T00:11:00
TSK-002459-2,ORD-002459,DC-07,REPLENISH,RBT-0266,QUEUED,COMPLETE,DC-07-Z06,DC-07-Z06,2026-08-20T01:32:00
TSK-002460-1,ORD-002460,DC-03,REPLENISH,RBT-0359,QUEUED,ASSIGNED,DC-03-Z07,DC-03-Z07,2026-08-05T04:26:00
TSK-002460-2,ORD-002460,DC-03,REPLENISH,RBT-0348,ASSIGNED,COMPLETE,DC-03-Z03,DC-03-Z11,2026-08-05T06:07:00
TSK-002460-3,ORD-002460,DC-03,PACK_FEED,RBT-0525,BLOCKED,EXECUTING,DC-03-Z12,DC-03-Z08,2026-08-05T04:10:00
TSK-002461-1,ORD-002461,DC-14,PACK_FEED,RBT-0537,BLOCKED,EXECUTING,DC-14-Z07,DC-14-Z03,2026-09-02T18:52:00
TSK-002461-2,ORD-002461,DC-14,PICK,RBT-0627,COMPLETE,ASSIGNED,DC-14-Z12,DC-14-Z05,2026-09-02T19:19:00
TSK-002461-3,ORD-002461,DC-14,PICK,RBT-0131,EXECUTING,FAILED,DC-14-Z08,DC-14-Z07,2026-09-02T18:42:00
TSK-002461-4,ORD-002461,DC-14,MOVE,RBT-0206,QUEUED,COMPLETE,DC-14-Z04,DC-14-Z08,2026-09-02T19:48:00
TSK-002462-1,ORD-002462,DC-08,MOVE,RBT-0194,COMPLETE,COMPLETE,DC-08-Z06,DC-08-Z08,2026-08-03T17:17:00
TSK-002463-1,ORD-002463,DC-07,STAGE,RBT-0699,COMPLETE,EXECUTING,DC-07-Z04,DC-07-Z01,2026-08-30T01:36:00
TSK-002463-2,ORD-002463,DC-07,STAGE,RBT-0555,BLOCKED,FAILED,DC-07-Z12,DC-07-Z10,2026-08-30T00:41:00
TSK-002464-1,ORD-002464,DC-13,PICK,RBT-0191,COMPLETE,FAILED,DC-13-Z04,DC-13-Z07,2026-08-13T18:24:00
TSK-002465-1,ORD-002465,DC-15,PICK,RBT-0708,EXECUTING,ASSIGNED,DC-15-Z09,DC-15-Z04,2026-08-14T15:05:00
TSK-002465-2,ORD-002465,DC-15,REPLENISH,RBT-0358,EXECUTING,EXECUTING,DC-15-Z09,DC-15-Z02,2026-08-14T13:56:00
TSK-002465-3,ORD-002465,DC-15,MOVE,RBT-0333,COMPLETE,QUEUED,DC-15-Z07,DC-15-Z09,2026-08-14T13:46:00
TSK-002466-1,ORD-002466,DC-18,PACK_FEED,RBT-0152,BLOCKED,FAILED,DC-18-Z06,DC-18-Z05,2026-09-01T12:34:00
TSK-002466-2,ORD-002466,DC-18,MOVE,RBT-0661,QUEUED,COMPLETE,DC-18-Z03,DC-18-Z05,2026-09-01T12:50:00
TSK-002466-3,ORD-002466,DC-18,PACK_FEED,RBT-0075,COMPLETE,QUEUED,DC-18-Z07,DC-18-Z06,2026-09-01T13:24:00
TSK-002467-1,ORD-002467,DC-18,REPLENISH,RBT-0512,QUEUED,EXECUTING,DC-18-Z02,DC-18-Z03,2026-08-09T07:38:00
TSK-002468-1,ORD-002468,DC-01,STAGE,RBT-0415,EXECUTING,EXECUTING,DC-01-Z08,DC-01-Z08,2026-09-04T16:09:00
TSK-002469-1,ORD-002469,DC-12,STAGE,RBT-0288,QUEUED,COMPLETE,DC-12-Z01,DC-12-Z04,2026-08-23T14:34:00
TSK-002469-2,ORD-002469,DC-12,STAGE,RBT-0484,BLOCKED,ASSIGNED,DC-12-Z10,DC-12-Z10,2026-08-23T14:46:00
TSK-002470-1,ORD-002470,DC-06,MOVE,RBT-0411,BLOCKED,FAILED,DC-06-Z02,DC-06-Z01,2026-08-20T20:16:00
TSK-002470-2,ORD-002470,DC-06,REPLENISH,RBT-0149,COMPLETE,COMPLETE,DC-06-Z03,DC-06-Z04,2026-08-20T19:17:00
TSK-002470-3,ORD-002470,DC-06,PICK,RBT-0217,EXECUTING,FAILED,DC-06-Z12,DC-06-Z06,2026-08-20T19:03:00
TSK-002471-1,ORD-002471,DC-17,REPLENISH,RBT-0584,ASSIGNED,COMPLETE,DC-17-Z05,DC-17-Z12,2026-09-04T10:58:00
TSK-002472-1,ORD-002472,DC-14,PICK,RBT-0605,BLOCKED,QUEUED,DC-14-Z02,DC-14-Z06,2026-08-25T22:17:00
TSK-002472-2,ORD-002472,DC-14,REPLENISH,RBT-0045,COMPLETE,FAILED,DC-14-Z09,DC-14-Z11,2026-08-25T22:32:00
TSK-002473-1,ORD-002473,DC-05,PICK,RBT-0405,COMPLETE,EXECUTING,DC-05-Z03,DC-05-Z04,2026-08-04T02:23:00
TSK-002473-2,ORD-002473,DC-05,MOVE,RBT-0533,BLOCKED,QUEUED,DC-05-Z10,DC-05-Z02,2026-08-04T01:08:00
TSK-002473-3,ORD-002473,DC-05,MOVE,RBT-0264,ASSIGNED,FAILED,DC-05-Z09,DC-05-Z05,2026-08-04T01:15:00
TSK-002474-1,ORD-002474,DC-02,REPLENISH,RBT-0512,COMPLETE,COMPLETE,DC-02-Z12,DC-02-Z03,2026-08-12T21:20:00
TSK-002474-2,ORD-002474,DC-02,PACK_FEED,RBT-0535,BLOCKED,COMPLETE,DC-02-Z10,DC-02-Z11,2026-08-12T21:16:00
TSK-002475-1,ORD-002475,DC-08,REPLENISH,RBT-0667,ASSIGNED,ASSIGNED,DC-08-Z04,DC-08-Z11,2026-08-04T03:33:00
TSK-002475-2,ORD-002475,DC-08,PACK_FEED,RBT-0131,EXECUTING,EXECUTING,DC-08-Z03,DC-08-Z02,2026-08-04T03:36:00
TSK-002476-1,ORD-002476,DC-14,PACK_FEED,RBT-0110,QUEUED,FAILED,DC-14-Z02,DC-14-Z09,2026-08-12T14:15:00
TSK-002476-2,ORD-002476,DC-14,REPLENISH,RBT-0268,ASSIGNED,COMPLETE,DC-14-Z09,DC-14-Z01,2026-08-12T13:53:00
TSK-002477-1,ORD-002477,DC-01,STAGE,RBT-0607,BLOCKED,FAILED,DC-01-Z02,DC-01-Z09,2026-08-30T19:51:00
TSK-002477-2,ORD-002477,DC-01,MOVE,RBT-0528,QUEUED,QUEUED,DC-01-Z08,DC-01-Z07,2026-08-30T20:19:00
TSK-002477-3,ORD-002477,DC-01,STAGE,RBT-0338,QUEUED,EXECUTING,DC-01-Z11,DC-01-Z02,2026-08-30T20:44:00
TSK-002478-1,ORD-002478,DC-18,PACK_FEED,RBT-0475,COMPLETE,EXECUTING,DC-18-Z02,DC-18-Z12,2026-08-02T23:43:00
TSK-002478-2,ORD-002478,DC-18,PICK,RBT-0184,COMPLETE,EXECUTING,DC-18-Z04,DC-18-Z01,2026-08-03T00:14:00
TSK-002478-3,ORD-002478,DC-18,REPLENISH,RBT-0233,COMPLETE,ASSIGNED,DC-18-Z11,DC-18-Z12,2026-08-02T22:23:00
TSK-002479-1,ORD-002479,DC-11,MOVE,RBT-0277,ASSIGNED,EXECUTING,DC-11-Z11,DC-11-Z04,2026-08-28T01:37:00
TSK-002479-2,ORD-002479,DC-11,REPLENISH,RBT-0511,EXECUTING,FAILED,DC-11-Z02,DC-11-Z04,2026-08-28T00:13:00
TSK-002480-1,ORD-002480,DC-13,REPLENISH,RBT-0469,QUEUED,COMPLETE,DC-13-Z12,DC-13-Z01,2026-08-06T18:40:00
TSK-002480-2,ORD-002480,DC-13,MOVE,RBT-0705,BLOCKED,EXECUTING,DC-13-Z01,DC-13-Z09,2026-08-06T18:45:00
TSK-002480-3,ORD-002480,DC-13,STAGE,RBT-0589,QUEUED,QUEUED,DC-13-Z09,DC-13-Z04,2026-08-06T18:24:00
TSK-002481-1,ORD-002481,DC-05,REPLENISH,RBT-0628,BLOCKED,EXECUTING,DC-05-Z09,DC-05-Z06,2026-08-07T23:26:00
TSK-002481-2,ORD-002481,DC-05,STAGE,RBT-0083,BLOCKED,EXECUTING,DC-05-Z04,DC-05-Z08,2026-08-07T23:00:00
TSK-002481-3,ORD-002481,DC-05,PICK,RBT-0344,BLOCKED,COMPLETE,DC-05-Z01,DC-05-Z08,2026-08-07T23:32:00
TSK-002482-1,ORD-002482,DC-12,PICK,RBT-0062,EXECUTING,COMPLETE,DC-12-Z08,DC-12-Z12,2026-09-05T00:04:00
TSK-002482-2,ORD-002482,DC-12,PACK_FEED,RBT-0631,COMPLETE,EXECUTING,DC-12-Z03,DC-12-Z08,2026-09-04T23:05:00
TSK-002483-1,ORD-002483,DC-18,MOVE,RBT-0474,ASSIGNED,EXECUTING,DC-18-Z10,DC-18-Z02,2026-08-29T10:10:00
TSK-002483-2,ORD-002483,DC-18,REPLENISH,RBT-0686,ASSIGNED,EXECUTING,DC-18-Z08,DC-18-Z06,2026-08-29T09:54:00
TSK-002483-3,ORD-002483,DC-18,REPLENISH,RBT-0421,ASSIGNED,EXECUTING,DC-18-Z01,DC-18-Z12,2026-08-29T09:44:00
TSK-002484-1,ORD-002484,DC-14,STAGE,RBT-0672,ASSIGNED,EXECUTING,DC-14-Z11,DC-14-Z04,2026-08-10T04:37:00
TSK-002484-2,ORD-002484,DC-14,PICK,RBT-0230,ASSIGNED,ASSIGNED,DC-14-Z06,DC-14-Z05,2026-08-10T05:48:00
TSK-002484-3,ORD-002484,DC-14,PICK,RBT-0409,COMPLETE,ASSIGNED,DC-14-Z10,DC-14-Z11,2026-08-10T06:36:00
TSK-002484-4,ORD-002484,DC-14,REPLENISH,RBT-0530,COMPLETE,COMPLETE,DC-14-Z09,DC-14-Z12,2026-08-10T05:09:00
TSK-002485-1,ORD-002485,DC-02,PACK_FEED,RBT-0117,QUEUED,EXECUTING,DC-02-Z02,DC-02-Z08,2026-08-25T20:03:00
TSK-002485-2,ORD-002485,DC-02,REPLENISH,RBT-0420,ASSIGNED,FAILED,DC-02-Z08,DC-02-Z03,2026-08-25T21:08:00
TSK-002485-3,ORD-002485,DC-02,REPLENISH,RBT-0149,EXECUTING,COMPLETE,DC-02-Z05,DC-02-Z06,2026-08-25T21:03:00
TSK-002486-1,ORD-002486,DC-10,PACK_FEED,RBT-0038,COMPLETE,QUEUED,DC-10-Z12,DC-10-Z08,2026-08-21T17:28:00
TSK-002486-2,ORD-002486,DC-10,STAGE,RBT-0063,ASSIGNED,ASSIGNED,DC-10-Z02,DC-10-Z11,2026-08-21T18:05:00
TSK-002487-1,ORD-002487,DC-07,PACK_FEED,RBT-0410,ASSIGNED,COMPLETE,DC-07-Z07,DC-07-Z07,2026-08-29T22:16:00
TSK-002487-2,ORD-002487,DC-07,MOVE,RBT-0115,BLOCKED,COMPLETE,DC-07-Z08,DC-07-Z09,2026-08-29T23:55:00
TSK-002487-3,ORD-002487,DC-07,PACK_FEED,RBT-0244,BLOCKED,COMPLETE,DC-07-Z09,DC-07-Z04,2026-08-29T23:17:00
TSK-002488-1,ORD-002488,DC-07,PICK,RBT-0066,COMPLETE,QUEUED,DC-07-Z06,DC-07-Z10,2026-08-03T08:18:00
TSK-002488-2,ORD-002488,DC-07,PICK,RBT-0578,EXECUTING,EXECUTING,DC-07-Z12,DC-07-Z04,2026-08-03T08:08:00
TSK-002489-1,ORD-002489,DC-06,REPLENISH,RBT-0638,EXECUTING,QUEUED,DC-06-Z09,DC-06-Z09,2026-08-02T23:46:00
TSK-002489-2,ORD-002489,DC-06,PACK_FEED,RBT-0337,ASSIGNED,EXECUTING,DC-06-Z04,DC-06-Z09,2026-08-02T23:47:00
TSK-002489-3,ORD-002489,DC-06,PICK,RBT-0169,BLOCKED,COMPLETE,DC-06-Z01,DC-06-Z03,2026-08-03T00:23:00
TSK-002489-4,ORD-002489,DC-06,STAGE,RBT-0605,COMPLETE,ASSIGNED,DC-06-Z04,DC-06-Z04,2026-08-03T00:36:00
TSK-002490-1,ORD-002490,DC-08,REPLENISH,RBT-0041,QUEUED,EXECUTING,DC-08-Z10,DC-08-Z05,2026-08-04T23:14:00
TSK-002490-2,ORD-002490,DC-08,MOVE,RBT-0149,COMPLETE,QUEUED,DC-08-Z10,DC-08-Z05,2026-08-04T23:28:00
TSK-002490-3,ORD-002490,DC-08,MOVE,RBT-0345,COMPLETE,ASSIGNED,DC-08-Z06,DC-08-Z08,2026-08-04T23:43:00
TSK-002490-4,ORD-002490,DC-08,REPLENISH,RBT-0039,EXECUTING,FAILED,DC-08-Z12,DC-08-Z11,2026-08-05T00:07:00
TSK-002491-1,ORD-002491,DC-13,STAGE,RBT-0133,QUEUED,FAILED,DC-13-Z12,DC-13-Z09,2026-08-13T14:06:00
TSK-002491-2,ORD-002491,DC-13,PICK,RBT-0693,EXECUTING,COMPLETE,DC-13-Z07,DC-13-Z05,2026-08-13T14:27:00
TSK-002491-3,ORD-002491,DC-13,MOVE,RBT-0557,ASSIGNED,COMPLETE,DC-13-Z03,DC-13-Z08,2026-08-13T14:04:00
TSK-002491-4,ORD-002491,DC-13,REPLENISH,RBT-0280,QUEUED,QUEUED,DC-13-Z07,DC-13-Z04,2026-08-13T15:04:00
TSK-002492-1,ORD-002492,DC-17,MOVE,RBT-0056,EXECUTING,ASSIGNED,DC-17-Z08,DC-17-Z09,2026-08-21T07:52:00
TSK-002492-2,ORD-002492,DC-17,STAGE,RBT-0564,EXECUTING,COMPLETE,DC-17-Z02,DC-17-Z05,2026-08-21T08:24:00
TSK-002492-3,ORD-002492,DC-17,PACK_FEED,RBT-0225,COMPLETE,ASSIGNED,DC-17-Z09,DC-17-Z03,2026-08-21T09:34:00
TSK-002492-4,ORD-002492,DC-17,PICK,RBT-0064,COMPLETE,COMPLETE,DC-17-Z06,DC-17-Z07,2026-08-21T09:20:00
TSK-002493-1,ORD-002493,DC-08,PICK,RBT-0060,QUEUED,QUEUED,DC-08-Z02,DC-08-Z10,2026-08-23T23:10:00
TSK-002493-2,ORD-002493,DC-08,PACK_FEED,RBT-0477,EXECUTING,FAILED,DC-08-Z09,DC-08-Z10,2026-08-24T00:12:00
TSK-002493-3,ORD-002493,DC-08,STAGE,RBT-0691,BLOCKED,COMPLETE,DC-08-Z07,DC-08-Z04,2026-08-24T00:34:00
TSK-002493-4,ORD-002493,DC-08,PICK,RBT-0327,QUEUED,QUEUED,DC-08-Z11,DC-08-Z12,2026-08-23T23:46:00
TSK-002494-1,ORD-002494,DC-03,PACK_FEED,RBT-0072,ASSIGNED,FAILED,DC-03-Z12,DC-03-Z04,2026-08-24T08:24:00
TSK-002494-2,ORD-002494,DC-03,PACK_FEED,RBT-0287,EXECUTING,EXECUTING,DC-03-Z03,DC-03-Z10,2026-08-24T09:19:00
TSK-002494-3,ORD-002494,DC-03,PICK,RBT-0152,BLOCKED,ASSIGNED,DC-03-Z01,DC-03-Z08,2026-08-24T07:40:00
TSK-002495-1,ORD-002495,DC-04,REPLENISH,RBT-0638,EXECUTING,QUEUED,DC-04-Z05,DC-04-Z03,2026-08-15T06:11:00
TSK-002495-2,ORD-002495,DC-04,STAGE,RBT-0548,COMPLETE,COMPLETE,DC-04-Z09,DC-04-Z06,2026-08-15T05:37:00
TSK-002496-1,ORD-002496,DC-03,REPLENISH,RBT-0025,COMPLETE,ASSIGNED,DC-03-Z03,DC-03-Z05,2026-08-30T22:59:00
TSK-002496-2,ORD-002496,DC-03,PICK,RBT-0110,COMPLETE,ASSIGNED,DC-03-Z12,DC-03-Z07,2026-08-30T21:58:00
TSK-002496-3,ORD-002496,DC-03,MOVE,RBT-0331,QUEUED,ASSIGNED,DC-03-Z04,DC-03-Z12,2026-08-30T21:38:00
TSK-002497-1,ORD-002497,DC-08,PACK_FEED,RBT-0105,QUEUED,ASSIGNED,DC-08-Z09,DC-08-Z03,2026-08-04T06:41:00
TSK-002497-2,ORD-002497,DC-08,MOVE,RBT-0334,BLOCKED,ASSIGNED,DC-08-Z08,DC-08-Z12,2026-08-04T06:11:00
TSK-002498-1,ORD-002498,DC-18,MOVE,RBT-0397,COMPLETE,QUEUED,DC-18-Z05,DC-18-Z12,2026-08-21T00:59:00
TSK-002498-2,ORD-002498,DC-18,REPLENISH,RBT-0186,EXECUTING,COMPLETE,DC-18-Z10,DC-18-Z06,2026-08-21T00:07:00
TSK-002498-3,ORD-002498,DC-18,MOVE,RBT-0697,COMPLETE,COMPLETE,DC-18-Z02,DC-18-Z11,2026-08-20T23:49:00
TSK-002499-1,ORD-002499,DC-05,STAGE,RBT-0119,QUEUED,COMPLETE,DC-05-Z12,DC-05-Z04,2026-08-15T02:24:00
TSK-002499-2,ORD-002499,DC-05,REPLENISH,RBT-0273,ASSIGNED,QUEUED,DC-05-Z10,DC-05-Z04,2026-08-15T02:56:00
TSK-002500-1,ORD-002500,DC-16,REPLENISH,RBT-0606,ASSIGNED,FAILED,DC-16-Z12,DC-16-Z09,2026-08-19T14:30:00
TSK-002500-2,ORD-002500,DC-16,PACK_FEED,RBT-0437,BLOCKED,COMPLETE,DC-16-Z08,DC-16-Z01,2026-08-19T14:06:00
TSK-002500-3,ORD-002500,DC-16,STAGE,RBT-0450,QUEUED,FAILED,DC-16-Z03,DC-16-Z10,2026-08-19T13:05:00
TSK-002501-1,ORD-002501,DC-17,REPLENISH,RBT-0412,BLOCKED,EXECUTING,DC-17-Z05,DC-17-Z08,2026-08-06T10:19:00
TSK-002501-2,ORD-002501,DC-17,MOVE,RBT-0100,COMPLETE,COMPLETE,DC-17-Z08,DC-17-Z12,2026-08-06T09:42:00
TSK-002501-3,ORD-002501,DC-17,STAGE,RBT-0551,COMPLETE,QUEUED,DC-17-Z09,DC-17-Z08,2026-08-06T11:11:00
TSK-002501-4,ORD-002501,DC-17,STAGE,RBT-0013,COMPLETE,FAILED,DC-17-Z10,DC-17-Z10,2026-08-06T10:18:00
TSK-002502-1,ORD-002502,DC-15,STAGE,RBT-0655,EXECUTING,QUEUED,DC-15-Z10,DC-15-Z09,2026-08-17T19:48:00
TSK-002502-2,ORD-002502,DC-15,PICK,RBT-0041,BLOCKED,QUEUED,DC-15-Z03,DC-15-Z08,2026-08-17T18:24:00
TSK-002502-3,ORD-002502,DC-15,REPLENISH,RBT-0600,EXECUTING,ASSIGNED,DC-15-Z07,DC-15-Z10,2026-08-17T20:08:00
TSK-002502-4,ORD-002502,DC-15,PICK,RBT-0051,COMPLETE,QUEUED,DC-15-Z11,DC-15-Z01,2026-08-17T18:24:00
TSK-002503-1,ORD-002503,DC-08,STAGE,RBT-0168,ASSIGNED,FAILED,DC-08-Z11,DC-08-Z06,2026-08-19T17:25:00
TSK-002503-2,ORD-002503,DC-08,STAGE,RBT-0637,BLOCKED,ASSIGNED,DC-08-Z04,DC-08-Z12,2026-08-19T17:50:00
TSK-002503-3,ORD-002503,DC-08,MOVE,RBT-0457,EXECUTING,QUEUED,DC-08-Z04,DC-08-Z11,2026-08-19T18:13:00
TSK-002504-1,ORD-002504,DC-01,REPLENISH,RBT-0402,COMPLETE,QUEUED,DC-01-Z10,DC-01-Z09,2026-08-30T05:11:00
TSK-002504-2,ORD-002504,DC-01,STAGE,RBT-0317,EXECUTING,QUEUED,DC-01-Z11,DC-01-Z07,2026-08-30T05:40:00
TSK-002505-1,ORD-002505,DC-01,PACK_FEED,RBT-0009,BLOCKED,FAILED,DC-01-Z04,DC-01-Z04,2026-08-07T22:48:00
TSK-002505-2,ORD-002505,DC-01,PICK,RBT-0163,BLOCKED,COMPLETE,DC-01-Z11,DC-01-Z08,2026-08-07T22:40:00
TSK-002505-3,ORD-002505,DC-01,PACK_FEED,RBT-0701,EXECUTING,EXECUTING,DC-01-Z01,DC-01-Z09,2026-08-07T22:58:00
TSK-002506-1,ORD-002506,DC-18,MOVE,RBT-0361,BLOCKED,COMPLETE,DC-18-Z09,DC-18-Z06,2026-08-09T20:40:00
TSK-002506-2,ORD-002506,DC-18,REPLENISH,RBT-0553,BLOCKED,FAILED,DC-18-Z06,DC-18-Z01,2026-08-09T19:03:00
TSK-002507-1,ORD-002507,DC-12,PACK_FEED,RBT-0107,BLOCKED,ASSIGNED,DC-12-Z08,DC-12-Z11,2026-08-15T06:30:00
TSK-002507-2,ORD-002507,DC-12,STAGE,RBT-0121,COMPLETE,ASSIGNED,DC-12-Z04,DC-12-Z10,2026-08-15T05:24:00
TSK-002508-1,ORD-002508,DC-03,STAGE,RBT-0374,BLOCKED,QUEUED,DC-03-Z09,DC-03-Z09,2026-08-25T16:10:00
TSK-002508-2,ORD-002508,DC-03,PACK_FEED,RBT-0667,EXECUTING,QUEUED,DC-03-Z07,DC-03-Z02,2026-08-25T15:26:00
TSK-002508-3,ORD-002508,DC-03,STAGE,RBT-0377,COMPLETE,EXECUTING,DC-03-Z05,DC-03-Z05,2026-08-25T15:19:00
TSK-002508-4,ORD-002508,DC-03,STAGE,RBT-0680,BLOCKED,COMPLETE,DC-03-Z06,DC-03-Z08,2026-08-25T15:40:00
TSK-002509-1,ORD-002509,DC-13,STAGE,RBT-0662,COMPLETE,QUEUED,DC-13-Z10,DC-13-Z03,2026-08-09T22:51:00
TSK-002509-2,ORD-002509,DC-13,STAGE,RBT-0489,COMPLETE,ASSIGNED,DC-13-Z08,DC-13-Z12,2026-08-09T22:41:00
TSK-002509-3,ORD-002509,DC-13,REPLENISH,RBT-0381,COMPLETE,ASSIGNED,DC-13-Z11,DC-13-Z02,2026-08-09T23:26:00
TSK-002510-1,ORD-002510,DC-12,STAGE,RBT-0499,COMPLETE,FAILED,DC-12-Z08,DC-12-Z12,2026-08-02T21:49:00
TSK-002510-2,ORD-002510,DC-12,PACK_FEED,RBT-0361,COMPLETE,ASSIGNED,DC-12-Z06,DC-12-Z09,2026-08-02T21:22:00
TSK-002510-3,ORD-002510,DC-12,MOVE,RBT-0315,EXECUTING,FAILED,DC-12-Z04,DC-12-Z02,2026-08-02T21:21:00
TSK-002510-4,ORD-002510,DC-12,REPLENISH,RBT-0286,BLOCKED,EXECUTING,DC-12-Z06,DC-12-Z11,2026-08-02T21:31:00
TSK-002511-1,ORD-002511,DC-14,PACK_FEED,RBT-0560,COMPLETE,EXECUTING,DC-14-Z02,DC-14-Z11,2026-08-28T20:24:00
TSK-002511-2,ORD-002511,DC-14,REPLENISH,RBT-0396,QUEUED,QUEUED,DC-14-Z01,DC-14-Z06,2026-08-28T20:09:00
TSK-002511-3,ORD-002511,DC-14,PACK_FEED,RBT-0677,BLOCKED,QUEUED,DC-14-Z01,DC-14-Z01,2026-08-28T20:17:00
TSK-002512-1,ORD-002512,DC-16,MOVE,RBT-0549,EXECUTING,QUEUED,DC-16-Z01,DC-16-Z04,2026-08-21T00:12:00
TSK-002512-2,ORD-002512,DC-16,STAGE,RBT-0501,EXECUTING,QUEUED,DC-16-Z10,DC-16-Z03,2026-08-20T23:41:00
TSK-002512-3,ORD-002512,DC-16,PICK,RBT-0619,ASSIGNED,EXECUTING,DC-16-Z02,DC-16-Z03,2026-08-20T23:16:00
TSK-002512-4,ORD-002512,DC-16,PICK,RBT-0363,BLOCKED,ASSIGNED,DC-16-Z01,DC-16-Z02,2026-08-20T23:52:00
TSK-002513-1,ORD-002513,DC-15,STAGE,RBT-0240,EXECUTING,QUEUED,DC-15-Z02,DC-15-Z08,2026-09-02T02:42:00
TSK-002513-2,ORD-002513,DC-15,REPLENISH,RBT-0325,EXECUTING,FAILED,DC-15-Z01,DC-15-Z07,2026-09-02T02:59:00
TSK-002513-3,ORD-002513,DC-15,REPLENISH,RBT-0492,EXECUTING,COMPLETE,DC-15-Z12,DC-15-Z03,2026-09-02T02:55:00
TSK-002514-1,ORD-002514,DC-05,MOVE,RBT-0579,ASSIGNED,ASSIGNED,DC-05-Z07,DC-05-Z12,2026-08-15T18:20:00
TSK-002514-2,ORD-002514,DC-05,STAGE,RBT-0674,COMPLETE,COMPLETE,DC-05-Z10,DC-05-Z08,2026-08-15T18:34:00
TSK-002515-1,ORD-002515,DC-06,MOVE,RBT-0057,ASSIGNED,QUEUED,DC-06-Z04,DC-06-Z01,2026-08-10T11:28:00
TSK-002515-2,ORD-002515,DC-06,PICK,RBT-0565,QUEUED,EXECUTING,DC-06-Z02,DC-06-Z05,2026-08-10T12:26:00
TSK-002516-1,ORD-002516,DC-07,MOVE,RBT-0302,EXECUTING,COMPLETE,DC-07-Z07,DC-07-Z04,2026-08-02T13:23:00
TSK-002516-2,ORD-002516,DC-07,STAGE,RBT-0332,QUEUED,FAILED,DC-07-Z02,DC-07-Z05,2026-08-02T13:00:00
TSK-002516-3,ORD-002516,DC-07,REPLENISH,RBT-0666,ASSIGNED,FAILED,DC-07-Z12,DC-07-Z10,2026-08-02T14:42:00
TSK-002516-4,ORD-002516,DC-07,PACK_FEED,RBT-0479,QUEUED,QUEUED,DC-07-Z09,DC-07-Z01,2026-08-02T13:00:00
TSK-002517-1,ORD-002517,DC-08,MOVE,RBT-0233,BLOCKED,ASSIGNED,DC-08-Z05,DC-08-Z01,2026-08-15T20:48:00
TSK-002518-1,ORD-002518,DC-14,PICK,RBT-0653,BLOCKED,QUEUED,DC-14-Z05,DC-14-Z03,2026-08-07T21:48:00
TSK-002519-1,ORD-002519,DC-01,MOVE,RBT-0390,QUEUED,ASSIGNED,DC-01-Z06,DC-01-Z12,2026-08-02T03:53:00
TSK-002519-2,ORD-002519,DC-01,PICK,RBT-0363,EXECUTING,FAILED,DC-01-Z02,DC-01-Z09,2026-08-02T04:43:00
TSK-002519-3,ORD-002519,DC-01,REPLENISH,RBT-0567,EXECUTING,COMPLETE,DC-01-Z03,DC-01-Z03,2026-08-02T04:21:00
TSK-002519-4,ORD-002519,DC-01,MOVE,RBT-0534,COMPLETE,EXECUTING,DC-01-Z12,DC-01-Z03,2026-08-02T04:49:00
TSK-002520-1,ORD-002520,DC-17,PACK_FEED,RBT-0648,ASSIGNED,COMPLETE,DC-17-Z07,DC-17-Z11,2026-08-07T03:59:00
TSK-002520-2,ORD-002520,DC-17,PACK_FEED,RBT-0617,EXECUTING,ASSIGNED,DC-17-Z07,DC-17-Z01,2026-08-07T04:56:00
TSK-002521-1,ORD-002521,DC-07,REPLENISH,RBT-0420,BLOCKED,COMPLETE,DC-07-Z09,DC-07-Z07,2026-08-21T05:19:00
TSK-002521-2,ORD-002521,DC-07,PICK,RBT-0086,COMPLETE,ASSIGNED,DC-07-Z04,DC-07-Z08,2026-08-21T05:55:00
TSK-002521-3,ORD-002521,DC-07,STAGE,RBT-0185,QUEUED,QUEUED,DC-07-Z02,DC-07-Z09,2026-08-21T05:37:00
TSK-002522-1,ORD-002522,DC-03,PICK,RBT-0208,COMPLETE,COMPLETE,DC-03-Z09,DC-03-Z01,2026-08-18T16:51:00
TSK-002522-2,ORD-002522,DC-03,MOVE,RBT-0419,ASSIGNED,QUEUED,DC-03-Z06,DC-03-Z08,2026-08-18T17:42:00
TSK-002523-1,ORD-002523,DC-08,MOVE,RBT-0414,ASSIGNED,QUEUED,DC-08-Z11,DC-08-Z02,2026-08-06T23:56:00
TSK-002523-2,ORD-002523,DC-08,STAGE,RBT-0581,BLOCKED,ASSIGNED,DC-08-Z04,DC-08-Z01,2026-08-06T23:49:00
TSK-002523-3,ORD-002523,DC-08,PACK_FEED,RBT-0063,QUEUED,FAILED,DC-08-Z04,DC-08-Z12,2026-08-06T23:22:00
TSK-002523-4,ORD-002523,DC-08,REPLENISH,RBT-0442,BLOCKED,ASSIGNED,DC-08-Z12,DC-08-Z06,2026-08-06T23:56:00
TSK-002524-1,ORD-002524,DC-14,REPLENISH,RBT-0677,EXECUTING,ASSIGNED,DC-14-Z01,DC-14-Z02,2026-08-21T09:51:00
TSK-002525-1,ORD-002525,DC-16,REPLENISH,RBT-0695,BLOCKED,COMPLETE,DC-16-Z01,DC-16-Z10,2026-08-28T21:50:00
TSK-002525-2,ORD-002525,DC-16,REPLENISH,RBT-0090,BLOCKED,ASSIGNED,DC-16-Z12,DC-16-Z06,2026-08-28T22:14:00
TSK-002526-1,ORD-002526,DC-04,STAGE,RBT-0698,QUEUED,QUEUED,DC-04-Z08,DC-04-Z12,2026-08-24T17:19:00
TSK-002526-2,ORD-002526,DC-04,PACK_FEED,RBT-0386,EXECUTING,EXECUTING,DC-04-Z10,DC-04-Z02,2026-08-24T17:37:00
TSK-002526-3,ORD-002526,DC-04,REPLENISH,RBT-0581,QUEUED,FAILED,DC-04-Z09,DC-04-Z06,2026-08-24T16:47:00
TSK-002526-4,ORD-002526,DC-04,PACK_FEED,RBT-0328,QUEUED,QUEUED,DC-04-Z02,DC-04-Z12,2026-08-24T16:14:00
TSK-002527-1,ORD-002527,DC-16,PICK,RBT-0188,ASSIGNED,ASSIGNED,DC-16-Z05,DC-16-Z11,2026-08-13T12:33:00
TSK-002528-1,ORD-002528,DC-11,STAGE,RBT-0690,QUEUED,FAILED,DC-11-Z04,DC-11-Z04,2026-08-20T13:37:00
TSK-002529-1,ORD-002529,DC-14,STAGE,RBT-0437,QUEUED,ASSIGNED,DC-14-Z01,DC-14-Z08,2026-08-24T00:18:00
TSK-002529-2,ORD-002529,DC-14,REPLENISH,RBT-0401,ASSIGNED,ASSIGNED,DC-14-Z04,DC-14-Z11,2026-08-23T23:28:00
TSK-002530-1,ORD-002530,DC-17,STAGE,RBT-0336,COMPLETE,QUEUED,DC-17-Z09,DC-17-Z02,2026-08-22T08:03:00
TSK-002531-1,ORD-002531,DC-09,PICK,RBT-0428,QUEUED,EXECUTING,DC-09-Z09,DC-09-Z06,2026-08-04T05:40:00
TSK-002531-2,ORD-002531,DC-09,STAGE,RBT-0016,COMPLETE,EXECUTING,DC-09-Z04,DC-09-Z12,2026-08-04T06:02:00
TSK-002531-3,ORD-002531,DC-09,STAGE,RBT-0298,QUEUED,FAILED,DC-09-Z03,DC-09-Z03,2026-08-04T05:03:00
TSK-002531-4,ORD-002531,DC-09,REPLENISH,RBT-0329,ASSIGNED,FAILED,DC-09-Z12,DC-09-Z06,2026-08-04T05:13:00
TSK-002532-1,ORD-002532,DC-14,STAGE,RBT-0342,ASSIGNED,EXECUTING,DC-14-Z12,DC-14-Z08,2026-08-23T05:44:00
TSK-002532-2,ORD-002532,DC-14,PACK_FEED,RBT-0400,COMPLETE,FAILED,DC-14-Z04,DC-14-Z06,2026-08-23T05:50:00
TSK-002532-3,ORD-002532,DC-14,PACK_FEED,RBT-0673,EXECUTING,COMPLETE,DC-14-Z07,DC-14-Z07,2026-08-23T04:52:00
TSK-002533-1,ORD-002533,DC-16,STAGE,RBT-0663,COMPLETE,COMPLETE,DC-16-Z06,DC-16-Z05,2026-08-23T19:13:00
TSK-002534-1,ORD-002534,DC-05,MOVE,RBT-0171,QUEUED,ASSIGNED,DC-05-Z09,DC-05-Z04,2026-08-04T09:11:00
TSK-002534-2,ORD-002534,DC-05,MOVE,RBT-0032,QUEUED,EXECUTING,DC-05-Z11,DC-05-Z07,2026-08-04T09:19:00
TSK-002535-1,ORD-002535,DC-04,PACK_FEED,RBT-0514,ASSIGNED,EXECUTING,DC-04-Z06,DC-04-Z09,2026-08-22T07:25:00
TSK-002536-1,ORD-002536,DC-17,PACK_FEED,RBT-0460,EXECUTING,EXECUTING,DC-17-Z03,DC-17-Z07,2026-08-08T03:50:00
TSK-002536-2,ORD-002536,DC-17,PACK_FEED,RBT-0007,QUEUED,ASSIGNED,DC-17-Z07,DC-17-Z02,2026-08-08T02:20:00
TSK-002537-1,ORD-002537,DC-13,PICK,RBT-0339,EXECUTING,FAILED,DC-13-Z04,DC-13-Z12,2026-08-23T08:15:00
TSK-002538-1,ORD-002538,DC-10,PICK,RBT-0097,ASSIGNED,EXECUTING,DC-10-Z02,DC-10-Z04,2026-08-25T23:20:00
TSK-002539-1,ORD-002539,DC-14,PACK_FEED,RBT-0459,COMPLETE,FAILED,DC-14-Z12,DC-14-Z02,2026-08-04T14:29:00
TSK-002540-1,ORD-002540,DC-07,PACK_FEED,RBT-0360,QUEUED,QUEUED,DC-07-Z07,DC-07-Z11,2026-08-21T14:49:00
TSK-002540-2,ORD-002540,DC-07,MOVE,RBT-0083,BLOCKED,QUEUED,DC-07-Z03,DC-07-Z03,2026-08-21T15:43:00
TSK-002540-3,ORD-002540,DC-07,MOVE,RBT-0274,BLOCKED,QUEUED,DC-07-Z05,DC-07-Z02,2026-08-21T15:32:00
TSK-002540-4,ORD-002540,DC-07,STAGE,RBT-0159,BLOCKED,FAILED,DC-07-Z04,DC-07-Z06,2026-08-21T14:48:00
TSK-002541-1,ORD-002541,DC-17,MOVE,RBT-0267,BLOCKED,ASSIGNED,DC-17-Z09,DC-17-Z09,2026-08-07T11:35:00
TSK-002541-2,ORD-002541,DC-17,REPLENISH,RBT-0317,ASSIGNED,COMPLETE,DC-17-Z09,DC-17-Z09,2026-08-07T12:16:00
TSK-002542-1,ORD-002542,DC-10,PICK,RBT-0514,BLOCKED,QUEUED,DC-10-Z07,DC-10-Z06,2026-08-25T06:24:00
TSK-002542-2,ORD-002542,DC-10,MOVE,RBT-0097,BLOCKED,COMPLETE,DC-10-Z08,DC-10-Z04,2026-08-25T07:11:00
TSK-002542-3,ORD-002542,DC-10,MOVE,RBT-0253,ASSIGNED,QUEUED,DC-10-Z04,DC-10-Z10,2026-08-25T07:56:00
TSK-002542-4,ORD-002542,DC-10,PACK_FEED,RBT-0408,QUEUED,ASSIGNED,DC-10-Z08,DC-10-Z12,2026-08-25T06:03:00
TSK-002543-1,ORD-002543,DC-15,PICK,RBT-0698,ASSIGNED,ASSIGNED,DC-15-Z05,DC-15-Z10,2026-08-29T23:49:00
TSK-002543-2,ORD-002543,DC-15,PICK,RBT-0351,EXECUTING,EXECUTING,DC-15-Z05,DC-15-Z03,2026-08-29T22:49:00
TSK-002543-3,ORD-002543,DC-15,REPLENISH,RBT-0445,ASSIGNED,QUEUED,DC-15-Z03,DC-15-Z01,2026-08-29T22:24:00
TSK-002544-1,ORD-002544,DC-09,PACK_FEED,RBT-0313,ASSIGNED,QUEUED,DC-09-Z04,DC-09-Z11,2026-08-23T02:20:00
TSK-002544-2,ORD-002544,DC-09,PACK_FEED,RBT-0295,COMPLETE,QUEUED,DC-09-Z06,DC-09-Z11,2026-08-23T01:44:00
TSK-002544-3,ORD-002544,DC-09,REPLENISH,RBT-0624,QUEUED,ASSIGNED,DC-09-Z09,DC-09-Z04,2026-08-23T02:01:00
TSK-002544-4,ORD-002544,DC-09,STAGE,RBT-0600,ASSIGNED,EXECUTING,DC-09-Z09,DC-09-Z03,2026-08-23T01:56:00
TSK-002545-1,ORD-002545,DC-06,PICK,RBT-0047,ASSIGNED,COMPLETE,DC-06-Z03,DC-06-Z11,2026-08-06T21:22:00
TSK-002545-2,ORD-002545,DC-06,PICK,RBT-0568,ASSIGNED,QUEUED,DC-06-Z08,DC-06-Z12,2026-08-06T20:11:00
TSK-002546-1,ORD-002546,DC-15,PACK_FEED,RBT-0696,EXECUTING,FAILED,DC-15-Z04,DC-15-Z06,2026-08-30T00:20:00
TSK-002547-1,ORD-002547,DC-06,PICK,RBT-0111,COMPLETE,COMPLETE,DC-06-Z06,DC-06-Z12,2026-08-03T01:33:00
TSK-002547-2,ORD-002547,DC-06,PACK_FEED,RBT-0075,COMPLETE,COMPLETE,DC-06-Z11,DC-06-Z12,2026-08-03T01:21:00
TSK-002547-3,ORD-002547,DC-06,PICK,RBT-0168,QUEUED,QUEUED,DC-06-Z08,DC-06-Z11,2026-08-03T00:35:00
TSK-002548-1,ORD-002548,DC-12,STAGE,RBT-0048,ASSIGNED,EXECUTING,DC-12-Z01,DC-12-Z07,2026-09-04T12:01:00
TSK-002548-2,ORD-002548,DC-12,PICK,RBT-0268,EXECUTING,FAILED,DC-12-Z09,DC-12-Z01,2026-09-04T13:36:00
TSK-002548-3,ORD-002548,DC-12,MOVE,RBT-0686,BLOCKED,ASSIGNED,DC-12-Z09,DC-12-Z03,2026-09-04T13:05:00
TSK-002548-4,ORD-002548,DC-12,STAGE,RBT-0432,COMPLETE,COMPLETE,DC-12-Z02,DC-12-Z02,2026-09-04T11:56:00
TSK-002549-1,ORD-002549,DC-09,MOVE,RBT-0444,EXECUTING,ASSIGNED,DC-09-Z01,DC-09-Z08,2026-09-01T05:31:00
TSK-002549-2,ORD-002549,DC-09,REPLENISH,RBT-0614,ASSIGNED,ASSIGNED,DC-09-Z03,DC-09-Z07,2026-09-01T04:49:00
TSK-002550-1,ORD-002550,DC-14,STAGE,RBT-0036,EXECUTING,COMPLETE,DC-14-Z07,DC-14-Z07,2026-08-18T03:23:00
TSK-002550-2,ORD-002550,DC-14,PACK_FEED,RBT-0686,QUEUED,COMPLETE,DC-14-Z06,DC-14-Z11,2026-08-18T03:03:00
TSK-002550-3,ORD-002550,DC-14,MOVE,RBT-0583,EXECUTING,ASSIGNED,DC-14-Z02,DC-14-Z08,2026-08-18T03:14:00
TSK-002550-4,ORD-002550,DC-14,PICK,RBT-0173,COMPLETE,QUEUED,DC-14-Z02,DC-14-Z05,2026-08-18T01:40:00
TSK-002551-1,ORD-002551,DC-17,STAGE,RBT-0343,QUEUED,ASSIGNED,DC-17-Z06,DC-17-Z02,2026-08-18T13:33:00
TSK-002552-1,ORD-002552,DC-05,REPLENISH,RBT-0472,EXECUTING,COMPLETE,DC-05-Z10,DC-05-Z06,2026-08-10T07:17:00
TSK-002552-2,ORD-002552,DC-05,PACK_FEED,RBT-0183,EXECUTING,ASSIGNED,DC-05-Z11,DC-05-Z05,2026-08-10T06:10:00
TSK-002553-1,ORD-002553,DC-06,REPLENISH,RBT-0137,EXECUTING,COMPLETE,DC-06-Z04,DC-06-Z05,2026-08-30T02:44:00
TSK-002553-2,ORD-002553,DC-06,REPLENISH,RBT-0546,BLOCKED,QUEUED,DC-06-Z11,DC-06-Z08,2026-08-30T02:20:00
TSK-002554-1,ORD-002554,DC-09,STAGE,RBT-0455,COMPLETE,QUEUED,DC-09-Z12,DC-09-Z11,2026-08-02T14:27:00
TSK-002554-2,ORD-002554,DC-09,PICK,RBT-0345,ASSIGNED,FAILED,DC-09-Z06,DC-09-Z08,2026-08-02T14:45:00
TSK-002554-3,ORD-002554,DC-09,STAGE,RBT-0428,QUEUED,ASSIGNED,DC-09-Z02,DC-09-Z09,2026-08-02T14:33:00
TSK-002555-1,ORD-002555,DC-16,PACK_FEED,RBT-0599,ASSIGNED,EXECUTING,DC-16-Z08,DC-16-Z02,2026-08-14T09:49:00
TSK-002555-2,ORD-002555,DC-16,MOVE,RBT-0663,COMPLETE,ASSIGNED,DC-16-Z06,DC-16-Z01,2026-08-14T09:16:00
TSK-002555-3,ORD-002555,DC-16,PACK_FEED,RBT-0206,ASSIGNED,EXECUTING,DC-16-Z04,DC-16-Z10,2026-08-14T09:06:00
TSK-002555-4,ORD-002555,DC-16,MOVE,RBT-0258,EXECUTING,EXECUTING,DC-16-Z02,DC-16-Z04,2026-08-14T10:30:00
TSK-002556-1,ORD-002556,DC-13,PACK_FEED,RBT-0346,BLOCKED,ASSIGNED,DC-13-Z08,DC-13-Z10,2026-08-23T11:45:00
TSK-002556-2,ORD-002556,DC-13,PICK,RBT-0220,QUEUED,COMPLETE,DC-13-Z03,DC-13-Z02,2026-08-23T12:18:00
TSK-002556-3,ORD-002556,DC-13,PACK_FEED,RBT-0688,BLOCKED,ASSIGNED,DC-13-Z11,DC-13-Z08,2026-08-23T12:43:00
TSK-002556-4,ORD-002556,DC-13,REPLENISH,RBT-0156,ASSIGNED,QUEUED,DC-13-Z12,DC-13-Z06,2026-08-23T11:36:00
TSK-002557-1,ORD-002557,DC-18,MOVE,RBT-0075,BLOCKED,FAILED,DC-18-Z01,DC-18-Z12,2026-08-30T14:05:00
TSK-002557-2,ORD-002557,DC-18,STAGE,RBT-0283,EXECUTING,COMPLETE,DC-18-Z03,DC-18-Z01,2026-08-30T14:12:00
TSK-002558-1,ORD-002558,DC-01,STAGE,RBT-0032,BLOCKED,EXECUTING,DC-01-Z02,DC-01-Z05,2026-09-03T04:19:00
TSK-002558-2,ORD-002558,DC-01,MOVE,RBT-0256,BLOCKED,QUEUED,DC-01-Z07,DC-01-Z09,2026-09-03T04:18:00
TSK-002558-3,ORD-002558,DC-01,PICK,RBT-0121,QUEUED,EXECUTING,DC-01-Z09,DC-01-Z01,2026-09-03T04:24:00
TSK-002558-4,ORD-002558,DC-01,REPLENISH,RBT-0325,BLOCKED,QUEUED,DC-01-Z11,DC-01-Z02,2026-09-03T05:08:00
TSK-002559-1,ORD-002559,DC-05,PICK,RBT-0430,QUEUED,FAILED,DC-05-Z06,DC-05-Z03,2026-08-04T00:27:00
TSK-002559-2,ORD-002559,DC-05,REPLENISH,RBT-0535,QUEUED,ASSIGNED,DC-05-Z05,DC-05-Z12,2026-08-03T23:58:00
TSK-002559-3,ORD-002559,DC-05,MOVE,RBT-0681,BLOCKED,QUEUED,DC-05-Z01,DC-05-Z12,2026-08-04T00:24:00
TSK-002559-4,ORD-002559,DC-05,PICK,RBT-0600,EXECUTING,FAILED,DC-05-Z05,DC-05-Z04,2026-08-03T23:45:00
TSK-002560-1,ORD-002560,DC-04,REPLENISH,RBT-0563,BLOCKED,QUEUED,DC-04-Z09,DC-04-Z06,2026-08-16T22:51:00
TSK-002560-2,ORD-002560,DC-04,MOVE,RBT-0081,EXECUTING,EXECUTING,DC-04-Z10,DC-04-Z09,2026-08-16T22:41:00
TSK-002560-3,ORD-002560,DC-04,STAGE,RBT-0428,ASSIGNED,EXECUTING,DC-04-Z02,DC-04-Z11,2026-08-16T22:54:00
TSK-002561-1,ORD-002561,DC-07,REPLENISH,RBT-0604,BLOCKED,FAILED,DC-07-Z03,DC-07-Z07,2026-08-07T06:53:00
TSK-002562-1,ORD-002562,DC-15,REPLENISH,RBT-0002,BLOCKED,FAILED,DC-15-Z12,DC-15-Z07,2026-08-13T10:38:00
TSK-002562-2,ORD-002562,DC-15,REPLENISH,RBT-0594,EXECUTING,COMPLETE,DC-15-Z09,DC-15-Z03,2026-08-13T09:50:00
TSK-002562-3,ORD-002562,DC-15,MOVE,RBT-0047,EXECUTING,COMPLETE,DC-15-Z01,DC-15-Z04,2026-08-13T09:56:00
TSK-002562-4,ORD-002562,DC-15,STAGE,RBT-0063,ASSIGNED,EXECUTING,DC-15-Z02,DC-15-Z04,2026-08-13T11:21:00
TSK-002563-1,ORD-002563,DC-11,STAGE,RBT-0605,COMPLETE,QUEUED,DC-11-Z02,DC-11-Z10,2026-08-24T05:29:00
TSK-002563-2,ORD-002563,DC-11,PICK,RBT-0439,ASSIGNED,EXECUTING,DC-11-Z10,DC-11-Z08,2026-08-24T06:21:00
TSK-002563-3,ORD-002563,DC-11,PACK_FEED,RBT-0451,COMPLETE,COMPLETE,DC-11-Z03,DC-11-Z10,2026-08-24T05:26:00
TSK-002563-4,ORD-002563,DC-11,PACK_FEED,RBT-0698,BLOCKED,FAILED,DC-11-Z06,DC-11-Z01,2026-08-24T05:18:00
TSK-002564-1,ORD-002564,DC-03,MOVE,RBT-0483,BLOCKED,FAILED,DC-03-Z02,DC-03-Z12,2026-08-23T05:03:00
TSK-002564-2,ORD-002564,DC-03,PACK_FEED,RBT-0033,EXECUTING,ASSIGNED,DC-03-Z12,DC-03-Z07,2026-08-23T04:18:00
TSK-002564-3,ORD-002564,DC-03,PICK,RBT-0096,BLOCKED,ASSIGNED,DC-03-Z10,DC-03-Z01,2026-08-23T05:02:00
TSK-002565-1,ORD-002565,DC-04,REPLENISH,RBT-0357,BLOCKED,COMPLETE,DC-04-Z11,DC-04-Z04,2026-08-15T19:00:00
TSK-002565-2,ORD-002565,DC-04,PICK,RBT-0676,COMPLETE,FAILED,DC-04-Z10,DC-04-Z02,2026-08-15T19:45:00
TSK-002566-1,ORD-002566,DC-16,PACK_FEED,RBT-0574,EXECUTING,ASSIGNED,DC-16-Z11,DC-16-Z08,2026-08-10T21:53:00
TSK-002566-2,ORD-002566,DC-16,STAGE,RBT-0239,ASSIGNED,FAILED,DC-16-Z05,DC-16-Z04,2026-08-10T22:34:00
TSK-002567-1,ORD-002567,DC-15,PACK_FEED,RBT-0577,BLOCKED,EXECUTING,DC-15-Z12,DC-15-Z01,2026-08-10T23:26:00
TSK-002567-2,ORD-002567,DC-15,PICK,RBT-0405,ASSIGNED,EXECUTING,DC-15-Z10,DC-15-Z03,2026-08-10T23:14:00
TSK-002567-3,ORD-002567,DC-15,MOVE,RBT-0129,BLOCKED,ASSIGNED,DC-15-Z08,DC-15-Z10,2026-08-10T23:24:00
TSK-002568-1,ORD-002568,DC-12,STAGE,RBT-0430,QUEUED,COMPLETE,DC-12-Z03,DC-12-Z05,2026-09-02T14:31:00
TSK-002569-1,ORD-002569,DC-10,MOVE,RBT-0398,EXECUTING,COMPLETE,DC-10-Z05,DC-10-Z05,2026-08-28T17:22:00
TSK-002569-2,ORD-002569,DC-10,PACK_FEED,RBT-0604,EXECUTING,COMPLETE,DC-10-Z04,DC-10-Z03,2026-08-28T16:51:00
TSK-002569-3,ORD-002569,DC-10,PACK_FEED,RBT-0188,COMPLETE,ASSIGNED,DC-10-Z09,DC-10-Z12,2026-08-28T17:24:00
TSK-002570-1,ORD-002570,DC-15,STAGE,RBT-0019,EXECUTING,EXECUTING,DC-15-Z08,DC-15-Z06,2026-08-02T21:55:00
TSK-002570-2,ORD-002570,DC-15,REPLENISH,RBT-0118,QUEUED,COMPLETE,DC-15-Z03,DC-15-Z05,2026-08-02T21:36:00
TSK-002570-3,ORD-002570,DC-15,PICK,RBT-0571,COMPLETE,QUEUED,DC-15-Z03,DC-15-Z11,2026-08-02T22:03:00
TSK-002571-1,ORD-002571,DC-17,REPLENISH,RBT-0072,ASSIGNED,QUEUED,DC-17-Z11,DC-17-Z05,2026-08-24T12:49:00
TSK-002571-2,ORD-002571,DC-17,REPLENISH,RBT-0439,EXECUTING,QUEUED,DC-17-Z05,DC-17-Z03,2026-08-24T13:00:00
TSK-002571-3,ORD-002571,DC-17,MOVE,RBT-0660,EXECUTING,COMPLETE,DC-17-Z09,DC-17-Z05,2026-08-24T14:25:00
TSK-002572-1,ORD-002572,DC-11,MOVE,RBT-0482,BLOCKED,EXECUTING,DC-11-Z05,DC-11-Z12,2026-08-03T19:00:00
TSK-002572-2,ORD-002572,DC-11,PACK_FEED,RBT-0189,COMPLETE,FAILED,DC-11-Z05,DC-11-Z11,2026-08-03T18:09:00
TSK-002572-3,ORD-002572,DC-11,STAGE,RBT-0051,BLOCKED,ASSIGNED,DC-11-Z10,DC-11-Z11,2026-08-03T18:22:00
TSK-002572-4,ORD-002572,DC-11,PICK,RBT-0559,COMPLETE,EXECUTING,DC-11-Z06,DC-11-Z06,2026-08-03T19:20:00
TSK-002573-1,ORD-002573,DC-05,REPLENISH,RBT-0656,BLOCKED,COMPLETE,DC-05-Z02,DC-05-Z01,2026-08-31T20:34:00
TSK-002573-2,ORD-002573,DC-05,MOVE,RBT-0143,ASSIGNED,FAILED,DC-05-Z03,DC-05-Z03,2026-08-31T21:47:00
TSK-002574-1,ORD-002574,DC-12,PICK,RBT-0436,BLOCKED,COMPLETE,DC-12-Z12,DC-12-Z12,2026-08-16T04:07:00
TSK-002575-1,ORD-002575,DC-05,PICK,RBT-0252,BLOCKED,EXECUTING,DC-05-Z05,DC-05-Z06,2026-08-25T13:33:00
TSK-002575-2,ORD-002575,DC-05,REPLENISH,RBT-0010,BLOCKED,FAILED,DC-05-Z12,DC-05-Z11,2026-08-25T13:20:00
TSK-002575-3,ORD-002575,DC-05,STAGE,RBT-0570,COMPLETE,EXECUTING,DC-05-Z10,DC-05-Z09,2026-08-25T13:01:00
TSK-002576-1,ORD-002576,DC-05,STAGE,RBT-0476,ASSIGNED,FAILED,DC-05-Z06,DC-05-Z06,2026-09-05T02:22:00
TSK-002576-2,ORD-002576,DC-05,STAGE,RBT-0548,QUEUED,FAILED,DC-05-Z11,DC-05-Z05,2026-09-05T01:40:00
TSK-002576-3,ORD-002576,DC-05,PICK,RBT-0076,QUEUED,FAILED,DC-05-Z04,DC-05-Z03,2026-09-05T00:57:00
TSK-002576-4,ORD-002576,DC-05,PICK,RBT-0125,EXECUTING,COMPLETE,DC-05-Z05,DC-05-Z10,2026-09-05T00:33:00
TSK-002577-1,ORD-002577,DC-01,PICK,RBT-0392,QUEUED,QUEUED,DC-01-Z07,DC-01-Z05,2026-08-13T01:24:00
TSK-002577-2,ORD-002577,DC-01,MOVE,RBT-0139,EXECUTING,QUEUED,DC-01-Z03,DC-01-Z11,2026-08-13T02:47:00
TSK-002577-3,ORD-002577,DC-01,MOVE,RBT-0152,EXECUTING,EXECUTING,DC-01-Z10,DC-01-Z11,2026-08-13T01:43:00
TSK-002578-1,ORD-002578,DC-01,PICK,RBT-0105,ASSIGNED,FAILED,DC-01-Z05,DC-01-Z05,2026-08-09T14:08:00
TSK-002578-2,ORD-002578,DC-01,MOVE,RBT-0495,ASSIGNED,EXECUTING,DC-01-Z04,DC-01-Z05,2026-08-09T13:45:00
TSK-002579-1,ORD-002579,DC-05,PACK_FEED,RBT-0333,COMPLETE,FAILED,DC-05-Z10,DC-05-Z08,2026-08-18T17:12:00
TSK-002579-2,ORD-002579,DC-05,PICK,RBT-0648,EXECUTING,COMPLETE,DC-05-Z09,DC-05-Z07,2026-08-18T17:50:00
TSK-002580-1,ORD-002580,DC-10,REPLENISH,RBT-0303,EXECUTING,FAILED,DC-10-Z06,DC-10-Z07,2026-08-20T08:38:00
TSK-002580-2,ORD-002580,DC-10,MOVE,RBT-0518,EXECUTING,COMPLETE,DC-10-Z07,DC-10-Z09,2026-08-20T07:34:00
TSK-002581-1,ORD-002581,DC-08,PACK_FEED,RBT-0231,QUEUED,COMPLETE,DC-08-Z12,DC-08-Z07,2026-08-20T19:47:00
TSK-002582-1,ORD-002582,DC-06,PICK,RBT-0182,ASSIGNED,QUEUED,DC-06-Z10,DC-06-Z10,2026-08-13T11:13:00
TSK-002583-1,ORD-002583,DC-13,MOVE,RBT-0707,EXECUTING,ASSIGNED,DC-13-Z12,DC-13-Z08,2026-08-12T17:59:00
TSK-002583-2,ORD-002583,DC-13,REPLENISH,RBT-0400,EXECUTING,QUEUED,DC-13-Z03,DC-13-Z08,2026-08-12T17:49:00
TSK-002583-3,ORD-002583,DC-13,REPLENISH,RBT-0102,EXECUTING,ASSIGNED,DC-13-Z05,DC-13-Z02,2026-08-12T17:04:00
TSK-002583-4,ORD-002583,DC-13,PACK_FEED,RBT-0335,EXECUTING,QUEUED,DC-13-Z06,DC-13-Z08,2026-08-12T18:12:00
TSK-002584-1,ORD-002584,DC-04,MOVE,RBT-0136,BLOCKED,EXECUTING,DC-04-Z02,DC-04-Z02,2026-08-21T21:30:00
TSK-002585-1,ORD-002585,DC-17,REPLENISH,RBT-0665,BLOCKED,EXECUTING,DC-17-Z10,DC-17-Z09,2026-08-30T09:08:00
TSK-002585-2,ORD-002585,DC-17,PACK_FEED,RBT-0634,EXECUTING,EXECUTING,DC-17-Z10,DC-17-Z09,2026-08-30T10:09:00
TSK-002586-1,ORD-002586,DC-06,STAGE,RBT-0592,ASSIGNED,QUEUED,DC-06-Z04,DC-06-Z06,2026-08-23T02:46:00
TSK-002586-2,ORD-002586,DC-06,REPLENISH,RBT-0385,COMPLETE,COMPLETE,DC-06-Z02,DC-06-Z02,2026-08-23T03:04:00
TSK-002586-3,ORD-002586,DC-06,PACK_FEED,RBT-0006,COMPLETE,QUEUED,DC-06-Z12,DC-06-Z06,2026-08-23T02:38:00
TSK-002586-4,ORD-002586,DC-06,STAGE,RBT-0686,QUEUED,ASSIGNED,DC-06-Z07,DC-06-Z05,2026-08-23T01:42:00
TSK-002587-1,ORD-002587,DC-03,PICK,RBT-0610,EXECUTING,FAILED,DC-03-Z05,DC-03-Z01,2026-08-24T04:13:00
TSK-002587-2,ORD-002587,DC-03,MOVE,RBT-0528,QUEUED,EXECUTING,DC-03-Z05,DC-03-Z05,2026-08-24T03:12:00
TSK-002588-1,ORD-002588,DC-13,MOVE,RBT-0541,EXECUTING,QUEUED,DC-13-Z03,DC-13-Z07,2026-08-24T18:33:00
TSK-002588-2,ORD-002588,DC-13,REPLENISH,RBT-0608,COMPLETE,QUEUED,DC-13-Z09,DC-13-Z10,2026-08-24T17:54:00
TSK-002588-3,ORD-002588,DC-13,PACK_FEED,RBT-0651,ASSIGNED,ASSIGNED,DC-13-Z03,DC-13-Z04,2026-08-24T18:21:00
TSK-002588-4,ORD-002588,DC-13,PACK_FEED,RBT-0496,EXECUTING,FAILED,DC-13-Z01,DC-13-Z03,2026-08-24T17:54:00
TSK-002589-1,ORD-002589,DC-10,PACK_FEED,RBT-0165,QUEUED,COMPLETE,DC-10-Z06,DC-10-Z08,2026-08-27T18:51:00
TSK-002589-2,ORD-002589,DC-10,PICK,RBT-0066,EXECUTING,FAILED,DC-10-Z05,DC-10-Z10,2026-08-27T18:01:00
TSK-002589-3,ORD-002589,DC-10,PICK,RBT-0201,COMPLETE,EXECUTING,DC-10-Z09,DC-10-Z08,2026-08-27T18:30:00
TSK-002589-4,ORD-002589,DC-10,PACK_FEED,RBT-0631,COMPLETE,QUEUED,DC-10-Z05,DC-10-Z09,2026-08-27T18:43:00
TSK-002590-1,ORD-002590,DC-03,PICK,RBT-0165,ASSIGNED,ASSIGNED,DC-03-Z04,DC-03-Z04,2026-08-12T01:19:00
TSK-002590-2,ORD-002590,DC-03,STAGE,RBT-0047,ASSIGNED,FAILED,DC-03-Z11,DC-03-Z01,2026-08-12T01:26:00
TSK-002591-1,ORD-002591,DC-03,REPLENISH,RBT-0321,COMPLETE,QUEUED,DC-03-Z04,DC-03-Z04,2026-08-05T16:13:00
TSK-002591-2,ORD-002591,DC-03,PACK_FEED,RBT-0639,QUEUED,ASSIGNED,DC-03-Z02,DC-03-Z05,2026-08-05T15:58:00
TSK-002591-3,ORD-002591,DC-03,MOVE,RBT-0431,EXECUTING,ASSIGNED,DC-03-Z02,DC-03-Z11,2026-08-05T15:37:00
TSK-002591-4,ORD-002591,DC-03,MOVE,RBT-0271,EXECUTING,COMPLETE,DC-03-Z08,DC-03-Z03,2026-08-05T15:05:00
TSK-002592-1,ORD-002592,DC-16,REPLENISH,RBT-0277,COMPLETE,COMPLETE,DC-16-Z09,DC-16-Z11,2026-08-26T01:47:00
TSK-002593-1,ORD-002593,DC-04,REPLENISH,RBT-0552,ASSIGNED,FAILED,DC-04-Z05,DC-04-Z06,2026-08-31T14:37:00
TSK-002593-2,ORD-002593,DC-04,STAGE,RBT-0340,ASSIGNED,FAILED,DC-04-Z09,DC-04-Z12,2026-08-31T15:20:00
TSK-002593-3,ORD-002593,DC-04,REPLENISH,RBT-0344,QUEUED,QUEUED,DC-04-Z06,DC-04-Z09,2026-08-31T16:06:00
TSK-002593-4,ORD-002593,DC-04,REPLENISH,RBT-0074,ASSIGNED,ASSIGNED,DC-04-Z12,DC-04-Z02,2026-08-31T14:26:00
TSK-002594-1,ORD-002594,DC-03,PACK_FEED,RBT-0675,QUEUED,QUEUED,DC-03-Z01,DC-03-Z12,2026-08-03T23:35:00
TSK-002594-2,ORD-002594,DC-03,PACK_FEED,RBT-0398,BLOCKED,ASSIGNED,DC-03-Z09,DC-03-Z10,2026-08-03T23:14:00
TSK-002594-3,ORD-002594,DC-03,PACK_FEED,RBT-0401,COMPLETE,ASSIGNED,DC-03-Z09,DC-03-Z06,2026-08-03T22:52:00
TSK-002595-1,ORD-002595,DC-16,MOVE,RBT-0581,QUEUED,EXECUTING,DC-16-Z08,DC-16-Z01,2026-08-01T10:50:00
TSK-002595-2,ORD-002595,DC-16,PACK_FEED,RBT-0171,QUEUED,FAILED,DC-16-Z11,DC-16-Z07,2026-08-01T12:29:00
TSK-002595-3,ORD-002595,DC-16,REPLENISH,RBT-0621,ASSIGNED,FAILED,DC-16-Z03,DC-16-Z03,2026-08-01T12:22:00
TSK-002595-4,ORD-002595,DC-16,REPLENISH,RBT-0675,ASSIGNED,QUEUED,DC-16-Z03,DC-16-Z02,2026-08-01T11:16:00
TSK-002596-1,ORD-002596,DC-12,STAGE,RBT-0527,BLOCKED,FAILED,DC-12-Z07,DC-12-Z05,2026-08-18T00:39:00
TSK-002596-2,ORD-002596,DC-12,PICK,RBT-0624,COMPLETE,COMPLETE,DC-12-Z03,DC-12-Z08,2026-08-18T01:10:00
TSK-002597-1,ORD-002597,DC-10,STAGE,RBT-0570,EXECUTING,FAILED,DC-10-Z06,DC-10-Z09,2026-08-03T11:33:00
TSK-002597-2,ORD-002597,DC-10,PACK_FEED,RBT-0707,ASSIGNED,EXECUTING,DC-10-Z05,DC-10-Z03,2026-08-03T13:06:00
TSK-002597-3,ORD-002597,DC-10,PICK,RBT-0058,BLOCKED,FAILED,DC-10-Z08,DC-10-Z09,2026-08-03T12:54:00
TSK-002597-4,ORD-002597,DC-10,STAGE,RBT-0357,COMPLETE,COMPLETE,DC-10-Z02,DC-10-Z08,2026-08-03T11:09:00
TSK-002598-1,ORD-002598,DC-02,STAGE,RBT-0066,COMPLETE,EXECUTING,DC-02-Z02,DC-02-Z12,2026-08-02T12:26:00
TSK-002598-2,ORD-002598,DC-02,REPLENISH,RBT-0375,COMPLETE,COMPLETE,DC-02-Z02,DC-02-Z11,2026-08-02T12:01:00
TSK-002598-3,ORD-002598,DC-02,MOVE,RBT-0316,QUEUED,EXECUTING,DC-02-Z10,DC-02-Z10,2026-08-02T12:28:00
TSK-002599-1,ORD-002599,DC-05,PICK,RBT-0348,QUEUED,ASSIGNED,DC-05-Z03,DC-05-Z08,2026-08-19T22:14:00
TSK-002599-2,ORD-002599,DC-05,REPLENISH,RBT-0138,ASSIGNED,EXECUTING,DC-05-Z03,DC-05-Z01,2026-08-19T22:11:00
TSK-002600-1,ORD-002600,DC-05,STAGE,RBT-0506,QUEUED,EXECUTING,DC-05-Z01,DC-05-Z03,2026-08-22T20:22:00
TSK-002600-2,ORD-002600,DC-05,PICK,RBT-0602,ASSIGNED,QUEUED,DC-05-Z06,DC-05-Z03,2026-08-22T18:48:00
TSK-002600-3,ORD-002600,DC-05,STAGE,RBT-0222,COMPLETE,FAILED,DC-05-Z09,DC-05-Z01,2026-08-22T19:25:00
TSK-002601-1,ORD-002601,DC-12,STAGE,RBT-0176,BLOCKED,COMPLETE,DC-12-Z11,DC-12-Z12,2026-08-27T20:01:00
TSK-002601-2,ORD-002601,DC-12,STAGE,RBT-0115,COMPLETE,FAILED,DC-12-Z07,DC-12-Z06,2026-08-27T19:20:00
TSK-002601-3,ORD-002601,DC-12,REPLENISH,RBT-0056,COMPLETE,EXECUTING,DC-12-Z02,DC-12-Z11,2026-08-27T19:10:00
TSK-002601-4,ORD-002601,DC-12,STAGE,RBT-0121,QUEUED,COMPLETE,DC-12-Z05,DC-12-Z12,2026-08-27T20:31:00
TSK-002602-1,ORD-002602,DC-11,MOVE,RBT-0082,ASSIGNED,QUEUED,DC-11-Z02,DC-11-Z10,2026-08-11T02:16:00
TSK-002602-2,ORD-002602,DC-11,REPLENISH,RBT-0416,COMPLETE,COMPLETE,DC-11-Z09,DC-11-Z04,2026-08-11T01:11:00
TSK-002602-3,ORD-002602,DC-11,MOVE,RBT-0544,QUEUED,FAILED,DC-11-Z01,DC-11-Z09,2026-08-11T01:17:00
TSK-002603-1,ORD-002603,DC-13,MOVE,RBT-0599,BLOCKED,EXECUTING,DC-13-Z05,DC-13-Z09,2026-08-26T22:13:00
TSK-002603-2,ORD-002603,DC-13,PACK_FEED,RBT-0304,EXECUTING,COMPLETE,DC-13-Z05,DC-13-Z07,2026-08-26T20:56:00
TSK-002604-1,ORD-002604,DC-11,MOVE,RBT-0116,EXECUTING,COMPLETE,DC-11-Z12,DC-11-Z08,2026-09-04T14:49:00
TSK-002604-2,ORD-002604,DC-11,REPLENISH,RBT-0199,ASSIGNED,EXECUTING,DC-11-Z11,DC-11-Z10,2026-09-04T15:13:00
TSK-002604-3,ORD-002604,DC-11,PACK_FEED,RBT-0710,COMPLETE,ASSIGNED,DC-11-Z06,DC-11-Z11,2026-09-04T15:27:00
TSK-002604-4,ORD-002604,DC-11,PICK,RBT-0701,QUEUED,ASSIGNED,DC-11-Z07,DC-11-Z09,2026-09-04T15:36:00
TSK-002605-1,ORD-002605,DC-13,PACK_FEED,RBT-0025,BLOCKED,ASSIGNED,DC-13-Z08,DC-13-Z09,2026-08-22T15:45:00
TSK-002605-2,ORD-002605,DC-13,MOVE,RBT-0501,QUEUED,FAILED,DC-13-Z08,DC-13-Z03,2026-08-22T16:36:00
TSK-002605-3,ORD-002605,DC-13,STAGE,RBT-0052,COMPLETE,ASSIGNED,DC-13-Z04,DC-13-Z03,2026-08-22T15:48:00
TSK-002605-4,ORD-002605,DC-13,PACK_FEED,RBT-0193,BLOCKED,ASSIGNED,DC-13-Z09,DC-13-Z07,2026-08-22T16:27:00
TSK-002606-1,ORD-002606,DC-03,REPLENISH,RBT-0134,EXECUTING,QUEUED,DC-03-Z08,DC-03-Z01,2026-08-02T08:39:00
TSK-002607-1,ORD-002607,DC-17,STAGE,RBT-0422,ASSIGNED,EXECUTING,DC-17-Z12,DC-17-Z01,2026-08-02T06:09:00
TSK-002607-2,ORD-002607,DC-17,MOVE,RBT-0687,BLOCKED,FAILED,DC-17-Z12,DC-17-Z06,2026-08-02T06:31:00
TSK-002607-3,ORD-002607,DC-17,MOVE,RBT-0535,QUEUED,ASSIGNED,DC-17-Z09,DC-17-Z12,2026-08-02T07:38:00
TSK-002608-1,ORD-002608,DC-02,PACK_FEED,RBT-0424,ASSIGNED,QUEUED,DC-02-Z10,DC-02-Z11,2026-08-30T01:03:00
TSK-002608-2,ORD-002608,DC-02,STAGE,RBT-0187,ASSIGNED,EXECUTING,DC-02-Z02,DC-02-Z07,2026-08-30T00:51:00
TSK-002608-3,ORD-002608,DC-02,PACK_FEED,RBT-0306,ASSIGNED,FAILED,DC-02-Z02,DC-02-Z11,2026-08-30T00:21:00
TSK-002608-4,ORD-002608,DC-02,PACK_FEED,RBT-0685,ASSIGNED,EXECUTING,DC-02-Z10,DC-02-Z12,2026-08-29T23:42:00
TSK-002609-1,ORD-002609,DC-05,STAGE,RBT-0541,QUEUED,ASSIGNED,DC-05-Z01,DC-05-Z07,2026-08-19T23:42:00
TSK-002609-2,ORD-002609,DC-05,REPLENISH,RBT-0430,COMPLETE,EXECUTING,DC-05-Z11,DC-05-Z08,2026-08-19T23:24:00
TSK-002609-3,ORD-002609,DC-05,PACK_FEED,RBT-0299,COMPLETE,COMPLETE,DC-05-Z11,DC-05-Z04,2026-08-20T00:58:00
TSK-002610-1,ORD-002610,DC-07,PICK,RBT-0458,EXECUTING,ASSIGNED,DC-07-Z09,DC-07-Z11,2026-08-19T02:37:00
TSK-002611-1,ORD-002611,DC-13,STAGE,RBT-0584,BLOCKED,FAILED,DC-13-Z12,DC-13-Z06,2026-09-02T10:19:00
TSK-002611-2,ORD-002611,DC-13,MOVE,RBT-0337,ASSIGNED,FAILED,DC-13-Z06,DC-13-Z06,2026-09-02T10:35:00
TSK-002611-3,ORD-002611,DC-13,MOVE,RBT-0514,EXECUTING,QUEUED,DC-13-Z09,DC-13-Z04,2026-09-02T10:32:00
TSK-002612-1,ORD-002612,DC-01,MOVE,RBT-0669,COMPLETE,ASSIGNED,DC-01-Z07,DC-01-Z08,2026-08-20T04:18:00
TSK-002612-2,ORD-002612,DC-01,STAGE,RBT-0376,BLOCKED,ASSIGNED,DC-01-Z02,DC-01-Z08,2026-08-20T04:25:00
TSK-002612-3,ORD-002612,DC-01,MOVE,RBT-0281,QUEUED,QUEUED,DC-01-Z01,DC-01-Z05,2026-08-20T04:32:00
TSK-002613-1,ORD-002613,DC-01,PACK_FEED,RBT-0291,ASSIGNED,QUEUED,DC-01-Z07,DC-01-Z01,2026-09-04T10:21:00
TSK-002613-2,ORD-002613,DC-01,REPLENISH,RBT-0370,EXECUTING,QUEUED,DC-01-Z09,DC-01-Z01,2026-09-04T09:16:00
TSK-002613-3,ORD-002613,DC-01,STAGE,RBT-0224,EXECUTING,QUEUED,DC-01-Z11,DC-01-Z05,2026-09-04T10:11:00
TSK-002613-4,ORD-002613,DC-01,PICK,RBT-0526,EXECUTING,EXECUTING,DC-01-Z01,DC-01-Z09,2026-09-04T10:09:00
TSK-002614-1,ORD-002614,DC-04,PICK,RBT-0492,BLOCKED,ASSIGNED,DC-04-Z05,DC-04-Z12,2026-08-11T17:05:00
TSK-002614-2,ORD-002614,DC-04,PICK,RBT-0251,COMPLETE,COMPLETE,DC-04-Z08,DC-04-Z10,2026-08-11T18:36:00
TSK-002615-1,ORD-002615,DC-12,PICK,RBT-0293,EXECUTING,QUEUED,DC-12-Z11,DC-12-Z05,2026-08-17T06:32:00
TSK-002615-2,ORD-002615,DC-12,MOVE,RBT-0079,COMPLETE,COMPLETE,DC-12-Z06,DC-12-Z09,2026-08-17T05:59:00
TSK-002616-1,ORD-002616,DC-03,MOVE,RBT-0324,QUEUED,COMPLETE,DC-03-Z06,DC-03-Z12,2026-08-31T02:42:00
TSK-002616-2,ORD-002616,DC-03,STAGE,RBT-0007,QUEUED,QUEUED,DC-03-Z01,DC-03-Z07,2026-08-31T02:27:00
TSK-002616-3,ORD-002616,DC-03,MOVE,RBT-0567,EXECUTING,COMPLETE,DC-03-Z05,DC-03-Z08,2026-08-31T03:11:00
TSK-002616-4,ORD-002616,DC-03,PACK_FEED,RBT-0604,EXECUTING,EXECUTING,DC-03-Z10,DC-03-Z01,2026-08-31T03:18:00
TSK-002617-1,ORD-002617,DC-18,REPLENISH,RBT-0387,COMPLETE,COMPLETE,DC-18-Z03,DC-18-Z08,2026-08-17T21:22:00
TSK-002618-1,ORD-002618,DC-16,REPLENISH,RBT-0022,EXECUTING,EXECUTING,DC-16-Z01,DC-16-Z06,2026-08-26T16:47:00
TSK-002619-1,ORD-002619,DC-10,STAGE,RBT-0442,EXECUTING,FAILED,DC-10-Z04,DC-10-Z12,2026-08-08T20:52:00
TSK-002619-2,ORD-002619,DC-10,PACK_FEED,RBT-0448,COMPLETE,EXECUTING,DC-10-Z08,DC-10-Z10,2026-08-08T20:11:00
TSK-002619-3,ORD-002619,DC-10,PICK,RBT-0431,QUEUED,ASSIGNED,DC-10-Z05,DC-10-Z03,2026-08-08T20:22:00
TSK-002619-4,ORD-002619,DC-10,STAGE,RBT-0144,EXECUTING,FAILED,DC-10-Z09,DC-10-Z08,2026-08-08T20:13:00
TSK-002620-1,ORD-002620,DC-14,PACK_FEED,RBT-0493,COMPLETE,QUEUED,DC-14-Z04,DC-14-Z06,2026-08-14T06:54:00
TSK-002620-2,ORD-002620,DC-14,STAGE,RBT-0268,EXECUTING,COMPLETE,DC-14-Z12,DC-14-Z12,2026-08-14T05:30:00
TSK-002621-1,ORD-002621,DC-07,PICK,RBT-0616,EXECUTING,ASSIGNED,DC-07-Z08,DC-07-Z07,2026-08-02T00:34:00
TSK-002621-2,ORD-002621,DC-07,REPLENISH,RBT-0319,EXECUTING,ASSIGNED,DC-07-Z03,DC-07-Z10,2026-08-02T00:08:00
TSK-002622-1,ORD-002622,DC-07,REPLENISH,RBT-0558,QUEUED,FAILED,DC-07-Z03,DC-07-Z06,2026-08-05T17:00:00
TSK-002623-1,ORD-002623,DC-12,STAGE,RBT-0056,EXECUTING,COMPLETE,DC-12-Z05,DC-12-Z10,2026-08-12T23:08:00
TSK-002623-2,ORD-002623,DC-12,MOVE,RBT-0086,BLOCKED,EXECUTING,DC-12-Z07,DC-12-Z03,2026-08-12T23:27:00
TSK-002623-3,ORD-002623,DC-12,REPLENISH,RBT-0028,ASSIGNED,FAILED,DC-12-Z09,DC-12-Z03,2026-08-12T22:32:00
TSK-002623-4,ORD-002623,DC-12,STAGE,RBT-0069,BLOCKED,ASSIGNED,DC-12-Z12,DC-12-Z10,2026-08-12T22:29:00
TSK-002624-1,ORD-002624,DC-12,PICK,RBT-0626,ASSIGNED,FAILED,DC-12-Z01,DC-12-Z04,2026-08-06T13:47:00
TSK-002624-2,ORD-002624,DC-12,REPLENISH,RBT-0513,ASSIGNED,EXECUTING,DC-12-Z12,DC-12-Z03,2026-08-06T13:26:00
TSK-002625-1,ORD-002625,DC-06,PICK,RBT-0630,QUEUED,QUEUED,DC-06-Z10,DC-06-Z06,2026-08-09T20:16:00
TSK-002626-1,ORD-002626,DC-01,REPLENISH,RBT-0033,QUEUED,FAILED,DC-01-Z04,DC-01-Z05,2026-08-17T08:49:00
TSK-002626-2,ORD-002626,DC-01,MOVE,RBT-0627,EXECUTING,COMPLETE,DC-01-Z12,DC-01-Z11,2026-08-17T08:25:00
TSK-002626-3,ORD-002626,DC-01,REPLENISH,RBT-0616,EXECUTING,FAILED,DC-01-Z03,DC-01-Z12,2026-08-17T08:30:00
TSK-002626-4,ORD-002626,DC-01,REPLENISH,RBT-0429,EXECUTING,ASSIGNED,DC-01-Z08,DC-01-Z02,2026-08-17T08:42:00
TSK-002627-1,ORD-002627,DC-03,PICK,RBT-0700,QUEUED,COMPLETE,DC-03-Z08,DC-03-Z05,2026-08-24T05:54:00
TSK-002627-2,ORD-002627,DC-03,REPLENISH,RBT-0473,COMPLETE,ASSIGNED,DC-03-Z12,DC-03-Z09,2026-08-24T05:37:00
TSK-002627-3,ORD-002627,DC-03,PICK,RBT-0573,EXECUTING,QUEUED,DC-03-Z08,DC-03-Z09,2026-08-24T06:11:00
TSK-002627-4,ORD-002627,DC-03,REPLENISH,RBT-0253,EXECUTING,ASSIGNED,DC-03-Z01,DC-03-Z11,2026-08-24T05:55:00
TSK-002628-1,ORD-002628,DC-06,PACK_FEED,RBT-0493,ASSIGNED,ASSIGNED,DC-06-Z04,DC-06-Z03,2026-08-05T02:40:00
TSK-002628-2,ORD-002628,DC-06,REPLENISH,RBT-0001,COMPLETE,ASSIGNED,DC-06-Z07,DC-06-Z08,2026-08-05T01:21:00
TSK-002628-3,ORD-002628,DC-06,REPLENISH,RBT-0178,BLOCKED,QUEUED,DC-06-Z08,DC-06-Z06,2026-08-05T01:32:00
TSK-002629-1,ORD-002629,DC-14,STAGE,RBT-0352,EXECUTING,ASSIGNED,DC-14-Z08,DC-14-Z05,2026-08-03T09:01:00
TSK-002629-2,ORD-002629,DC-14,MOVE,RBT-0181,EXECUTING,ASSIGNED,DC-14-Z07,DC-14-Z09,2026-08-03T10:08:00
TSK-002629-3,ORD-002629,DC-14,PICK,RBT-0616,QUEUED,QUEUED,DC-14-Z12,DC-14-Z12,2026-08-03T09:23:00
TSK-002629-4,ORD-002629,DC-14,REPLENISH,RBT-0620,EXECUTING,COMPLETE,DC-14-Z12,DC-14-Z05,2026-08-03T09:23:00
TSK-002630-1,ORD-002630,DC-14,PACK_FEED,RBT-0304,COMPLETE,FAILED,DC-14-Z03,DC-14-Z05,2026-08-31T21:27:00
TSK-002630-2,ORD-002630,DC-14,PICK,RBT-0397,EXECUTING,COMPLETE,DC-14-Z11,DC-14-Z05,2026-08-31T22:33:00
TSK-002630-3,ORD-002630,DC-14,MOVE,RBT-0151,ASSIGNED,FAILED,DC-14-Z05,DC-14-Z01,2026-08-31T23:01:00
TSK-002631-1,ORD-002631,DC-13,PACK_FEED,RBT-0213,QUEUED,QUEUED,DC-13-Z02,DC-13-Z07,2026-08-20T08:10:00
TSK-002632-1,ORD-002632,DC-02,REPLENISH,RBT-0190,COMPLETE,FAILED,DC-02-Z01,DC-02-Z06,2026-08-20T17:35:00
TSK-002633-1,ORD-002633,DC-18,PICK,RBT-0261,QUEUED,QUEUED,DC-18-Z10,DC-18-Z05,2026-09-01T08:27:00
TSK-002634-1,ORD-002634,DC-12,MOVE,RBT-0354,BLOCKED,ASSIGNED,DC-12-Z03,DC-12-Z10,2026-08-16T11:19:00
TSK-002635-1,ORD-002635,DC-06,REPLENISH,RBT-0705,EXECUTING,COMPLETE,DC-06-Z09,DC-06-Z01,2026-08-05T22:50:00
TSK-002636-1,ORD-002636,DC-07,STAGE,RBT-0468,EXECUTING,COMPLETE,DC-07-Z11,DC-07-Z03,2026-08-27T22:25:00
TSK-002636-2,ORD-002636,DC-07,PICK,RBT-0423,BLOCKED,COMPLETE,DC-07-Z02,DC-07-Z08,2026-08-27T22:37:00
TSK-002637-1,ORD-002637,DC-13,STAGE,RBT-0353,ASSIGNED,FAILED,DC-13-Z05,DC-13-Z01,2026-08-24T23:17:00
TSK-002637-2,ORD-002637,DC-13,MOVE,RBT-0305,ASSIGNED,QUEUED,DC-13-Z03,DC-13-Z03,2026-08-24T21:32:00
TSK-002637-3,ORD-002637,DC-13,PICK,RBT-0478,BLOCKED,EXECUTING,DC-13-Z08,DC-13-Z12,2026-08-24T23:21:00
TSK-002637-4,ORD-002637,DC-13,STAGE,RBT-0050,ASSIGNED,ASSIGNED,DC-13-Z08,DC-13-Z07,2026-08-24T22:24:00
TSK-002638-1,ORD-002638,DC-17,PICK,RBT-0585,ASSIGNED,FAILED,DC-17-Z02,DC-17-Z09,2026-08-25T08:11:00
TSK-002638-2,ORD-002638,DC-17,REPLENISH,RBT-0372,BLOCKED,ASSIGNED,DC-17-Z02,DC-17-Z07,2026-08-25T08:10:00
TSK-002638-3,ORD-002638,DC-17,STAGE,RBT-0184,COMPLETE,COMPLETE,DC-17-Z07,DC-17-Z02,2026-08-25T06:58:00
TSK-002639-1,ORD-002639,DC-13,REPLENISH,RBT-0332,EXECUTING,COMPLETE,DC-13-Z03,DC-13-Z05,2026-08-27T11:27:00
TSK-002639-2,ORD-002639,DC-13,PACK_FEED,RBT-0288,BLOCKED,FAILED,DC-13-Z12,DC-13-Z10,2026-08-27T11:05:00
TSK-002640-1,ORD-002640,DC-09,PICK,RBT-0614,QUEUED,QUEUED,DC-09-Z06,DC-09-Z02,2026-08-25T09:58:00
TSK-002640-2,ORD-002640,DC-09,PICK,RBT-0604,BLOCKED,FAILED,DC-09-Z01,DC-09-Z04,2026-08-25T09:33:00
TSK-002640-3,ORD-002640,DC-09,STAGE,RBT-0267,EXECUTING,FAILED,DC-09-Z02,DC-09-Z10,2026-08-25T08:56:00
TSK-002641-1,ORD-002641,DC-13,MOVE,RBT-0110,EXECUTING,ASSIGNED,DC-13-Z11,DC-13-Z03,2026-08-31T12:19:00
TSK-002641-2,ORD-002641,DC-13,REPLENISH,RBT-0195,EXECUTING,COMPLETE,DC-13-Z11,DC-13-Z12,2026-08-31T13:09:00
TSK-002641-3,ORD-002641,DC-13,MOVE,RBT-0620,COMPLETE,ASSIGNED,DC-13-Z05,DC-13-Z05,2026-08-31T11:38:00
TSK-002641-4,ORD-002641,DC-13,STAGE,RBT-0198,EXECUTING,COMPLETE,DC-13-Z06,DC-13-Z12,2026-08-31T11:53:00
TSK-002642-1,ORD-002642,DC-07,PACK_FEED,RBT-0549,ASSIGNED,FAILED,DC-07-Z01,DC-07-Z04,2026-08-22T20:20:00
TSK-002642-2,ORD-002642,DC-07,PICK,RBT-0542,ASSIGNED,FAILED,DC-07-Z09,DC-07-Z08,2026-08-22T19:28:00
TSK-002642-3,ORD-002642,DC-07,PICK,RBT-0087,BLOCKED,FAILED,DC-07-Z11,DC-07-Z05,2026-08-22T19:42:00
TSK-002643-1,ORD-002643,DC-10,PICK,RBT-0099,EXECUTING,ASSIGNED,DC-10-Z09,DC-10-Z08,2026-08-24T08:09:00
TSK-002643-2,ORD-002643,DC-10,PICK,RBT-0694,QUEUED,ASSIGNED,DC-10-Z12,DC-10-Z09,2026-08-24T08:29:00
TSK-002644-1,ORD-002644,DC-11,STAGE,RBT-0571,EXECUTING,EXECUTING,DC-11-Z05,DC-11-Z11,2026-08-31T15:16:00
TSK-002644-2,ORD-002644,DC-11,REPLENISH,RBT-0632,QUEUED,FAILED,DC-11-Z04,DC-11-Z12,2026-08-31T16:32:00
TSK-002644-3,ORD-002644,DC-11,MOVE,RBT-0114,EXECUTING,ASSIGNED,DC-11-Z11,DC-11-Z11,2026-08-31T16:36:00
TSK-002645-1,ORD-002645,DC-03,PICK,RBT-0237,COMPLETE,FAILED,DC-03-Z11,DC-03-Z12,2026-09-05T05:22:00
TSK-002645-2,ORD-002645,DC-03,PICK,RBT-0220,BLOCKED,FAILED,DC-03-Z11,DC-03-Z01,2026-09-05T06:13:00
TSK-002646-1,ORD-002646,DC-03,REPLENISH,RBT-0040,EXECUTING,QUEUED,DC-03-Z08,DC-03-Z12,2026-08-08T19:26:00
TSK-002647-1,ORD-002647,DC-06,REPLENISH,RBT-0067,COMPLETE,ASSIGNED,DC-06-Z08,DC-06-Z05,2026-08-12T01:47:00
TSK-002647-2,ORD-002647,DC-06,PACK_FEED,RBT-0003,EXECUTING,COMPLETE,DC-06-Z08,DC-06-Z09,2026-08-12T02:06:00
TSK-002648-1,ORD-002648,DC-07,PICK,RBT-0404,BLOCKED,EXECUTING,DC-07-Z11,DC-07-Z03,2026-08-03T08:53:00
TSK-002648-2,ORD-002648,DC-07,PACK_FEED,RBT-0346,BLOCKED,EXECUTING,DC-07-Z12,DC-07-Z03,2026-08-03T07:59:00
TSK-002648-3,ORD-002648,DC-07,MOVE,RBT-0107,COMPLETE,EXECUTING,DC-07-Z02,DC-07-Z06,2026-08-03T08:24:00
TSK-002649-1,ORD-002649,DC-02,REPLENISH,RBT-0319,BLOCKED,ASSIGNED,DC-02-Z02,DC-02-Z03,2026-08-04T23:40:00
TSK-002649-2,ORD-002649,DC-02,PICK,RBT-0314,BLOCKED,EXECUTING,DC-02-Z07,DC-02-Z06,2026-08-04T23:20:00
TSK-002649-3,ORD-002649,DC-02,PICK,RBT-0666,QUEUED,COMPLETE,DC-02-Z08,DC-02-Z07,2026-08-04T23:43:00
TSK-002649-4,ORD-002649,DC-02,PICK,RBT-0340,BLOCKED,EXECUTING,DC-02-Z01,DC-02-Z09,2026-08-04T23:02:00
TSK-002650-1,ORD-002650,DC-06,REPLENISH,RBT-0294,COMPLETE,EXECUTING,DC-06-Z03,DC-06-Z02,2026-08-16T12:36:00
TSK-002650-2,ORD-002650,DC-06,PICK,RBT-0459,COMPLETE,COMPLETE,DC-06-Z04,DC-06-Z01,2026-08-16T11:43:00
TSK-002650-3,ORD-002650,DC-06,STAGE,RBT-0618,EXECUTING,COMPLETE,DC-06-Z09,DC-06-Z06,2026-08-16T11:46:00
TSK-002651-1,ORD-002651,DC-09,MOVE,RBT-0441,ASSIGNED,EXECUTING,DC-09-Z04,DC-09-Z12,2026-08-30T14:18:00
TSK-002651-2,ORD-002651,DC-09,MOVE,RBT-0425,QUEUED,QUEUED,DC-09-Z04,DC-09-Z09,2026-08-30T14:58:00
TSK-002651-3,ORD-002651,DC-09,PICK,RBT-0638,COMPLETE,FAILED,DC-09-Z03,DC-09-Z01,2026-08-30T13:46:00
TSK-002651-4,ORD-002651,DC-09,PACK_FEED,RBT-0121,ASSIGNED,EXECUTING,DC-09-Z05,DC-09-Z04,2026-08-30T13:45:00
TSK-002652-1,ORD-002652,DC-02,STAGE,RBT-0098,COMPLETE,COMPLETE,DC-02-Z11,DC-02-Z11,2026-08-20T20:56:00
TSK-002652-2,ORD-002652,DC-02,MOVE,RBT-0417,ASSIGNED,EXECUTING,DC-02-Z06,DC-02-Z07,2026-08-20T20:21:00
TSK-002653-1,ORD-002653,DC-15,PACK_FEED,RBT-0357,QUEUED,ASSIGNED,DC-15-Z08,DC-15-Z10,2026-08-10T11:16:00
TSK-002654-1,ORD-002654,DC-11,PICK,RBT-0705,EXECUTING,COMPLETE,DC-11-Z10,DC-11-Z03,2026-08-29T21:33:00
TSK-002655-1,ORD-002655,DC-11,MOVE,RBT-0105,QUEUED,FAILED,DC-11-Z05,DC-11-Z08,2026-08-19T23:08:00
TSK-002656-1,ORD-002656,DC-13,PICK,RBT-0172,BLOCKED,FAILED,DC-13-Z06,DC-13-Z12,2026-08-23T02:30:00
TSK-002657-1,ORD-002657,DC-18,REPLENISH,RBT-0054,COMPLETE,ASSIGNED,DC-18-Z05,DC-18-Z05,2026-08-12T21:47:00
TSK-002657-2,ORD-002657,DC-18,REPLENISH,RBT-0653,ASSIGNED,EXECUTING,DC-18-Z12,DC-18-Z10,2026-08-12T21:16:00
TSK-002657-3,ORD-002657,DC-18,PACK_FEED,RBT-0104,ASSIGNED,ASSIGNED,DC-18-Z07,DC-18-Z02,2026-08-12T22:46:00
TSK-002657-4,ORD-002657,DC-18,REPLENISH,RBT-0484,BLOCKED,FAILED,DC-18-Z08,DC-18-Z10,2026-08-12T22:26:00
TSK-002658-1,ORD-002658,DC-02,PACK_FEED,RBT-0700,QUEUED,ASSIGNED,DC-02-Z12,DC-02-Z04,2026-09-01T23:22:00
TSK-002658-2,ORD-002658,DC-02,REPLENISH,RBT-0155,QUEUED,EXECUTING,DC-02-Z06,DC-02-Z08,2026-09-01T22:14:00
TSK-002658-3,ORD-002658,DC-02,REPLENISH,RBT-0009,EXECUTING,COMPLETE,DC-02-Z07,DC-02-Z09,2026-09-01T22:40:00
TSK-002658-4,ORD-002658,DC-02,REPLENISH,RBT-0462,ASSIGNED,FAILED,DC-02-Z09,DC-02-Z06,2026-09-02T00:02:00
TSK-002659-1,ORD-002659,DC-15,REPLENISH,RBT-0136,QUEUED,COMPLETE,DC-15-Z05,DC-15-Z09,2026-08-23T04:54:00
TSK-002659-2,ORD-002659,DC-15,PICK,RBT-0515,BLOCKED,COMPLETE,DC-15-Z03,DC-15-Z10,2026-08-23T04:36:00
TSK-002660-1,ORD-002660,DC-15,MOVE,RBT-0085,EXECUTING,FAILED,DC-15-Z12,DC-15-Z07,2026-08-23T16:08:00
TSK-002660-2,ORD-002660,DC-15,REPLENISH,RBT-0290,EXECUTING,COMPLETE,DC-15-Z12,DC-15-Z07,2026-08-23T16:28:00
TSK-002660-3,ORD-002660,DC-15,STAGE,RBT-0649,ASSIGNED,FAILED,DC-15-Z09,DC-15-Z08,2026-08-23T16:50:00
TSK-002660-4,ORD-002660,DC-15,REPLENISH,RBT-0042,BLOCKED,FAILED,DC-15-Z08,DC-15-Z12,2026-08-23T16:37:00
TSK-002661-1,ORD-002661,DC-16,PICK,RBT-0172,ASSIGNED,EXECUTING,DC-16-Z04,DC-16-Z05,2026-09-04T08:57:00
TSK-002661-2,ORD-002661,DC-16,REPLENISH,RBT-0362,ASSIGNED,COMPLETE,DC-16-Z02,DC-16-Z01,2026-09-04T08:35:00
TSK-002662-1,ORD-002662,DC-14,REPLENISH,RBT-0698,ASSIGNED,EXECUTING,DC-14-Z11,DC-14-Z02,2026-08-18T16:59:00
TSK-002662-2,ORD-002662,DC-14,PACK_FEED,RBT-0311,COMPLETE,COMPLETE,DC-14-Z07,DC-14-Z08,2026-08-18T18:44:00
TSK-002662-3,ORD-002662,DC-14,PICK,RBT-0582,QUEUED,ASSIGNED,DC-14-Z08,DC-14-Z09,2026-08-18T17:14:00
TSK-002662-4,ORD-002662,DC-14,PICK,RBT-0275,BLOCKED,FAILED,DC-14-Z04,DC-14-Z06,2026-08-18T18:02:00
TSK-002663-1,ORD-002663,DC-02,STAGE,RBT-0462,QUEUED,ASSIGNED,DC-02-Z05,DC-02-Z01,2026-08-06T04:08:00
TSK-002663-2,ORD-002663,DC-02,REPLENISH,RBT-0416,ASSIGNED,QUEUED,DC-02-Z09,DC-02-Z03,2026-08-06T04:38:00
TSK-002664-1,ORD-002664,DC-03,PICK,RBT-0458,BLOCKED,FAILED,DC-03-Z12,DC-03-Z06,2026-08-12T16:11:00
TSK-002664-2,ORD-002664,DC-03,STAGE,RBT-0209,COMPLETE,FAILED,DC-03-Z07,DC-03-Z02,2026-08-12T17:06:00
TSK-002664-3,ORD-002664,DC-03,REPLENISH,RBT-0029,COMPLETE,QUEUED,DC-03-Z11,DC-03-Z03,2026-08-12T16:08:00
TSK-002664-4,ORD-002664,DC-03,PICK,RBT-0326,COMPLETE,FAILED,DC-03-Z08,DC-03-Z10,2026-08-12T16:51:00
TSK-002665-1,ORD-002665,DC-04,MOVE,RBT-0357,BLOCKED,COMPLETE,DC-04-Z02,DC-04-Z07,2026-08-29T17:09:00
TSK-002666-1,ORD-002666,DC-09,PACK_FEED,RBT-0123,QUEUED,COMPLETE,DC-09-Z01,DC-09-Z09,2026-08-21T14:34:00
TSK-002666-2,ORD-002666,DC-09,REPLENISH,RBT-0331,EXECUTING,COMPLETE,DC-09-Z07,DC-09-Z07,2026-08-21T13:31:00
TSK-002666-3,ORD-002666,DC-09,REPLENISH,RBT-0510,QUEUED,COMPLETE,DC-09-Z04,DC-09-Z01,2026-08-21T14:28:00
TSK-002666-4,ORD-002666,DC-09,REPLENISH,RBT-0388,ASSIGNED,QUEUED,DC-09-Z02,DC-09-Z07,2026-08-21T13:31:00
TSK-002667-1,ORD-002667,DC-05,MOVE,RBT-0309,COMPLETE,COMPLETE,DC-05-Z06,DC-05-Z10,2026-08-22T01:34:00
TSK-002668-1,ORD-002668,DC-10,PICK,RBT-0491,BLOCKED,ASSIGNED,DC-10-Z03,DC-10-Z02,2026-08-20T19:36:00
TSK-002668-2,ORD-002668,DC-10,STAGE,RBT-0335,BLOCKED,QUEUED,DC-10-Z09,DC-10-Z08,2026-08-20T19:25:00
TSK-002668-3,ORD-002668,DC-10,STAGE,RBT-0588,QUEUED,COMPLETE,DC-10-Z05,DC-10-Z12,2026-08-20T19:32:00
TSK-002668-4,ORD-002668,DC-10,PACK_FEED,RBT-0602,QUEUED,EXECUTING,DC-10-Z05,DC-10-Z06,2026-08-20T18:44:00
TSK-002669-1,ORD-002669,DC-01,STAGE,RBT-0065,QUEUED,ASSIGNED,DC-01-Z05,DC-01-Z08,2026-08-16T07:29:00
TSK-002670-1,ORD-002670,DC-13,REPLENISH,RBT-0474,ASSIGNED,EXECUTING,DC-13-Z05,DC-13-Z12,2026-08-03T22:47:00
TSK-002671-1,ORD-002671,DC-05,PACK_FEED,RBT-0536,EXECUTING,QUEUED,DC-05-Z05,DC-05-Z07,2026-09-04T00:14:00
TSK-002671-2,ORD-002671,DC-05,REPLENISH,RBT-0390,COMPLETE,FAILED,DC-05-Z09,DC-05-Z10,2026-09-04T00:43:00
TSK-002671-3,ORD-002671,DC-05,REPLENISH,RBT-0357,BLOCKED,COMPLETE,DC-05-Z03,DC-05-Z09,2026-09-04T00:23:00
TSK-002671-4,ORD-002671,DC-05,MOVE,RBT-0319,QUEUED,QUEUED,DC-05-Z12,DC-05-Z12,2026-09-03T23:10:00
TSK-002672-1,ORD-002672,DC-15,MOVE,RBT-0307,BLOCKED,EXECUTING,DC-15-Z03,DC-15-Z01,2026-08-04T21:10:00
TSK-002672-2,ORD-002672,DC-15,PICK,RBT-0389,BLOCKED,COMPLETE,DC-15-Z05,DC-15-Z02,2026-08-04T21:38:00
TSK-002672-3,ORD-002672,DC-15,REPLENISH,RBT-0436,EXECUTING,ASSIGNED,DC-15-Z05,DC-15-Z07,2026-08-04T22:03:00
TSK-002672-4,ORD-002672,DC-15,PACK_FEED,RBT-0392,QUEUED,FAILED,DC-15-Z05,DC-15-Z11,2026-08-04T20:44:00
TSK-002673-1,ORD-002673,DC-07,PICK,RBT-0553,EXECUTING,COMPLETE,DC-07-Z03,DC-07-Z01,2026-08-14T18:11:00
TSK-002673-2,ORD-002673,DC-07,MOVE,RBT-0539,COMPLETE,COMPLETE,DC-07-Z10,DC-07-Z12,2026-08-14T17:06:00
TSK-002673-3,ORD-002673,DC-07,PACK_FEED,RBT-0105,COMPLETE,EXECUTING,DC-07-Z10,DC-07-Z04,2026-08-14T18:20:00
TSK-002674-1,ORD-002674,DC-03,PICK,RBT-0619,QUEUED,COMPLETE,DC-03-Z10,DC-03-Z01,2026-08-02T12:51:00
TSK-002675-1,ORD-002675,DC-05,REPLENISH,RBT-0340,ASSIGNED,EXECUTING,DC-05-Z11,DC-05-Z12,2026-08-07T00:33:00
TSK-002676-1,ORD-002676,DC-04,STAGE,RBT-0567,QUEUED,FAILED,DC-04-Z11,DC-04-Z02,2026-08-28T14:42:00
TSK-002676-2,ORD-002676,DC-04,PICK,RBT-0684,ASSIGNED,COMPLETE,DC-04-Z04,DC-04-Z08,2026-08-28T13:37:00
TSK-002677-1,ORD-002677,DC-03,PICK,RBT-0003,ASSIGNED,QUEUED,DC-03-Z01,DC-03-Z01,2026-08-11T04:43:00
TSK-002677-2,ORD-002677,DC-03,MOVE,RBT-0004,QUEUED,ASSIGNED,DC-03-Z02,DC-03-Z06,2026-08-11T03:52:00
TSK-002677-3,ORD-002677,DC-03,STAGE,RBT-0425,EXECUTING,COMPLETE,DC-03-Z06,DC-03-Z05,2026-08-11T03:52:00
TSK-002678-1,ORD-002678,DC-01,REPLENISH,RBT-0286,QUEUED,ASSIGNED,DC-01-Z07,DC-01-Z08,2026-08-25T05:45:00
TSK-002679-1,ORD-002679,DC-12,PICK,RBT-0293,COMPLETE,ASSIGNED,DC-12-Z04,DC-12-Z05,2026-08-24T23:25:00
TSK-002679-2,ORD-002679,DC-12,PICK,RBT-0674,EXECUTING,COMPLETE,DC-12-Z06,DC-12-Z02,2026-08-24T22:15:00
TSK-002680-1,ORD-002680,DC-11,MOVE,RBT-0625,EXECUTING,QUEUED,DC-11-Z06,DC-11-Z04,2026-08-02T23:18:00
TSK-002680-2,ORD-002680,DC-11,MOVE,RBT-0384,ASSIGNED,ASSIGNED,DC-11-Z09,DC-11-Z11,2026-08-03T00:01:00
TSK-002680-3,ORD-002680,DC-11,REPLENISH,RBT-0504,COMPLETE,EXECUTING,DC-11-Z02,DC-11-Z10,2026-08-02T23:53:00
TSK-002681-1,ORD-002681,DC-08,REPLENISH,RBT-0097,QUEUED,EXECUTING,DC-08-Z12,DC-08-Z05,2026-08-10T01:10:00
TSK-002681-2,ORD-002681,DC-08,REPLENISH,RBT-0139,COMPLETE,EXECUTING,DC-08-Z06,DC-08-Z06,2026-08-10T01:50:00
TSK-002681-3,ORD-002681,DC-08,PICK,RBT-0251,BLOCKED,COMPLETE,DC-08-Z12,DC-08-Z07,2026-08-10T00:40:00
TSK-002681-4,ORD-002681,DC-08,MOVE,RBT-0376,BLOCKED,COMPLETE,DC-08-Z06,DC-08-Z03,2026-08-10T00:33:00
TSK-002682-1,ORD-002682,DC-13,PACK_FEED,RBT-0035,ASSIGNED,QUEUED,DC-13-Z05,DC-13-Z10,2026-09-04T13:06:00
TSK-002682-2,ORD-002682,DC-13,PICK,RBT-0691,BLOCKED,QUEUED,DC-13-Z08,DC-13-Z05,2026-09-04T12:25:00
TSK-002682-3,ORD-002682,DC-13,REPLENISH,RBT-0213,BLOCKED,COMPLETE,DC-13-Z07,DC-13-Z12,2026-09-04T12:34:00
TSK-002683-1,ORD-002683,DC-05,STAGE,RBT-0202,COMPLETE,COMPLETE,DC-05-Z10,DC-05-Z02,2026-08-07T13:24:00
TSK-002683-2,ORD-002683,DC-05,PACK_FEED,RBT-0667,QUEUED,FAILED,DC-05-Z01,DC-05-Z06,2026-08-07T14:35:00
TSK-002683-3,ORD-002683,DC-05,PICK,RBT-0200,QUEUED,ASSIGNED,DC-05-Z02,DC-05-Z06,2026-08-07T14:00:00
TSK-002684-1,ORD-002684,DC-02,PACK_FEED,RBT-0263,ASSIGNED,FAILED,DC-02-Z09,DC-02-Z08,2026-08-17T19:30:00
TSK-002685-1,ORD-002685,DC-10,PACK_FEED,RBT-0498,EXECUTING,ASSIGNED,DC-10-Z09,DC-10-Z08,2026-09-04T09:45:00
TSK-002686-1,ORD-002686,DC-01,PICK,RBT-0232,QUEUED,FAILED,DC-01-Z08,DC-01-Z07,2026-08-17T01:01:00
TSK-002686-2,ORD-002686,DC-01,PICK,RBT-0617,COMPLETE,EXECUTING,DC-01-Z11,DC-01-Z10,2026-08-17T01:54:00
TSK-002686-3,ORD-002686,DC-01,MOVE,RBT-0126,ASSIGNED,FAILED,DC-01-Z08,DC-01-Z02,2026-08-17T02:08:00
TSK-002687-1,ORD-002687,DC-15,PICK,RBT-0390,ASSIGNED,ASSIGNED,DC-15-Z09,DC-15-Z02,2026-08-11T19:56:00
TSK-002688-1,ORD-002688,DC-13,STAGE,RBT-0280,BLOCKED,EXECUTING,DC-13-Z10,DC-13-Z05,2026-08-05T23:20:00
TSK-002689-1,ORD-002689,DC-07,PICK,RBT-0659,ASSIGNED,FAILED,DC-07-Z10,DC-07-Z06,2026-08-02T02:25:00
TSK-002689-2,ORD-002689,DC-07,PICK,RBT-0267,COMPLETE,FAILED,DC-07-Z10,DC-07-Z03,2026-08-02T01:11:00
TSK-002689-3,ORD-002689,DC-07,PACK_FEED,RBT-0621,ASSIGNED,EXECUTING,DC-07-Z05,DC-07-Z09,2026-08-02T01:48:00
TSK-002689-4,ORD-002689,DC-07,STAGE,RBT-0282,EXECUTING,COMPLETE,DC-07-Z04,DC-07-Z11,2026-08-02T02:13:00
TSK-002690-1,ORD-002690,DC-13,MOVE,RBT-0508,BLOCKED,ASSIGNED,DC-13-Z12,DC-13-Z06,2026-09-04T22:39:00
TSK-002690-2,ORD-002690,DC-13,STAGE,RBT-0145,COMPLETE,EXECUTING,DC-13-Z11,DC-13-Z04,2026-09-04T21:54:00
TSK-002691-1,ORD-002691,DC-16,MOVE,RBT-0441,ASSIGNED,QUEUED,DC-16-Z02,DC-16-Z09,2026-08-24T17:01:00
TSK-002691-2,ORD-002691,DC-16,PACK_FEED,RBT-0317,COMPLETE,QUEUED,DC-16-Z07,DC-16-Z08,2026-08-24T16:58:00
TSK-002691-3,ORD-002691,DC-16,PACK_FEED,RBT-0552,ASSIGNED,EXECUTING,DC-16-Z05,DC-16-Z11,2026-08-24T16:00:00
TSK-002691-4,ORD-002691,DC-16,STAGE,RBT-0564,QUEUED,FAILED,DC-16-Z01,DC-16-Z05,2026-08-24T16:18:00
TSK-002692-1,ORD-002692,DC-14,REPLENISH,RBT-0016,BLOCKED,EXECUTING,DC-14-Z02,DC-14-Z04,2026-08-25T15:07:00
TSK-002692-2,ORD-002692,DC-14,MOVE,RBT-0088,COMPLETE,QUEUED,DC-14-Z09,DC-14-Z04,2026-08-25T14:09:00
TSK-002693-1,ORD-002693,DC-07,REPLENISH,RBT-0185,BLOCKED,FAILED,DC-07-Z02,DC-07-Z03,2026-08-01T23:37:00
TSK-002693-2,ORD-002693,DC-07,PICK,RBT-0354,ASSIGNED,EXECUTING,DC-07-Z01,DC-07-Z09,2026-08-01T23:10:00
TSK-002693-3,ORD-002693,DC-07,PICK,RBT-0457,QUEUED,COMPLETE,DC-07-Z05,DC-07-Z05,2026-08-02T00:30:00
TSK-002694-1,ORD-002694,DC-03,PICK,RBT-0520,QUEUED,COMPLETE,DC-03-Z09,DC-03-Z09,2026-08-25T15:05:00
TSK-002694-2,ORD-002694,DC-03,PICK,RBT-0070,BLOCKED,EXECUTING,DC-03-Z06,DC-03-Z01,2026-08-25T15:33:00
TSK-002694-3,ORD-002694,DC-03,REPLENISH,RBT-0535,BLOCKED,COMPLETE,DC-03-Z05,DC-03-Z11,2026-08-25T14:54:00
TSK-002695-1,ORD-002695,DC-13,PICK,RBT-0456,BLOCKED,ASSIGNED,DC-13-Z08,DC-13-Z10,2026-08-05T17:39:00
TSK-002695-2,ORD-002695,DC-13,REPLENISH,RBT-0207,EXECUTING,COMPLETE,DC-13-Z09,DC-13-Z07,2026-08-05T18:30:00
TSK-002696-1,ORD-002696,DC-11,STAGE,RBT-0545,BLOCKED,COMPLETE,DC-11-Z10,DC-11-Z06,2026-08-11T22:27:00
TSK-002697-1,ORD-002697,DC-17,STAGE,RBT-0335,COMPLETE,FAILED,DC-17-Z02,DC-17-Z08,2026-08-01T12:14:00
TSK-002697-2,ORD-002697,DC-17,STAGE,RBT-0175,ASSIGNED,EXECUTING,DC-17-Z08,DC-17-Z03,2026-08-01T13:09:00
TSK-002697-3,ORD-002697,DC-17,STAGE,RBT-0131,BLOCKED,FAILED,DC-17-Z03,DC-17-Z10,2026-08-01T13:28:00
TSK-002697-4,ORD-002697,DC-17,REPLENISH,RBT-0477,COMPLETE,FAILED,DC-17-Z02,DC-17-Z04,2026-08-01T13:05:00
TSK-002698-1,ORD-002698,DC-06,MOVE,RBT-0654,COMPLETE,COMPLETE,DC-06-Z10,DC-06-Z01,2026-08-28T10:26:00
TSK-002698-2,ORD-002698,DC-06,PACK_FEED,RBT-0189,BLOCKED,QUEUED,DC-06-Z10,DC-06-Z01,2026-08-28T10:18:00
TSK-002698-3,ORD-002698,DC-06,STAGE,RBT-0026,BLOCKED,EXECUTING,DC-06-Z03,DC-06-Z06,2026-08-28T10:06:00
TSK-002699-1,ORD-002699,DC-08,STAGE,RBT-0134,EXECUTING,COMPLETE,DC-08-Z03,DC-08-Z09,2026-08-06T01:43:00
TSK-002699-2,ORD-002699,DC-08,MOVE,RBT-0555,EXECUTING,EXECUTING,DC-08-Z11,DC-08-Z05,2026-08-06T02:45:00
TSK-002700-1,ORD-002700,DC-11,PACK_FEED,RBT-0540,COMPLETE,EXECUTING,DC-11-Z02,DC-11-Z10,2026-08-02T19:32:00
TSK-002700-2,ORD-002700,DC-11,PICK,RBT-0677,BLOCKED,FAILED,DC-11-Z11,DC-11-Z09,2026-08-02T19:24:00
TSK-002700-3,ORD-002700,DC-11,STAGE,RBT-0555,QUEUED,QUEUED,DC-11-Z03,DC-11-Z01,2026-08-02T18:40:00
TSK-002701-1,ORD-002701,DC-16,MOVE,RBT-0448,ASSIGNED,EXECUTING,DC-16-Z09,DC-16-Z06,2026-08-25T21:08:00
TSK-002701-2,ORD-002701,DC-16,REPLENISH,RBT-0687,EXECUTING,FAILED,DC-16-Z08,DC-16-Z04,2026-08-25T20:59:00
TSK-002701-3,ORD-002701,DC-16,MOVE,RBT-0651,ASSIGNED,QUEUED,DC-16-Z11,DC-16-Z06,2026-08-25T20:25:00
TSK-002701-4,ORD-002701,DC-16,REPLENISH,RBT-0332,BLOCKED,EXECUTING,DC-16-Z08,DC-16-Z03,2026-08-25T21:52:00
TSK-002702-1,ORD-002702,DC-12,PICK,RBT-0708,QUEUED,ASSIGNED,DC-12-Z02,DC-12-Z03,2026-09-02T13:05:00
TSK-002702-2,ORD-002702,DC-12,REPLENISH,RBT-0214,EXECUTING,QUEUED,DC-12-Z02,DC-12-Z05,2026-09-02T13:37:00
TSK-002702-3,ORD-002702,DC-12,STAGE,RBT-0380,ASSIGNED,FAILED,DC-12-Z08,DC-12-Z10,2026-09-02T13:11:00
TSK-002702-4,ORD-002702,DC-12,REPLENISH,RBT-0006,ASSIGNED,QUEUED,DC-12-Z10,DC-12-Z06,2026-09-02T12:24:00
TSK-002703-1,ORD-002703,DC-05,STAGE,RBT-0341,ASSIGNED,COMPLETE,DC-05-Z10,DC-05-Z03,2026-08-30T19:33:00
TSK-002703-2,ORD-002703,DC-05,PICK,RBT-0048,EXECUTING,ASSIGNED,DC-05-Z04,DC-05-Z10,2026-08-30T20:39:00
TSK-002703-3,ORD-002703,DC-05,MOVE,RBT-0609,BLOCKED,QUEUED,DC-05-Z11,DC-05-Z02,2026-08-30T19:42:00
TSK-002704-1,ORD-002704,DC-07,STAGE,RBT-0061,QUEUED,FAILED,DC-07-Z02,DC-07-Z06,2026-08-19T18:02:00
TSK-002704-2,ORD-002704,DC-07,PACK_FEED,RBT-0301,COMPLETE,EXECUTING,DC-07-Z11,DC-07-Z05,2026-08-19T17:54:00
TSK-002705-1,ORD-002705,DC-05,MOVE,RBT-0707,EXECUTING,COMPLETE,DC-05-Z09,DC-05-Z08,2026-08-03T23:45:00
TSK-002705-2,ORD-002705,DC-05,PACK_FEED,RBT-0389,ASSIGNED,COMPLETE,DC-05-Z05,DC-05-Z10,2026-08-04T00:28:00
TSK-002705-3,ORD-002705,DC-05,MOVE,RBT-0603,ASSIGNED,COMPLETE,DC-05-Z01,DC-05-Z04,2026-08-03T23:58:00
TSK-002706-1,ORD-002706,DC-17,PACK_FEED,RBT-0180,QUEUED,FAILED,DC-17-Z05,DC-17-Z02,2026-08-30T17:48:00
TSK-002706-2,ORD-002706,DC-17,MOVE,RBT-0024,BLOCKED,COMPLETE,DC-17-Z10,DC-17-Z12,2026-08-30T18:15:00
TSK-002706-3,ORD-002706,DC-17,PACK_FEED,RBT-0564,EXECUTING,QUEUED,DC-17-Z09,DC-17-Z11,2026-08-30T17:48:00
TSK-002706-4,ORD-002706,DC-17,PACK_FEED,RBT-0332,ASSIGNED,ASSIGNED,DC-17-Z01,DC-17-Z05,2026-08-30T18:19:00
TSK-002707-1,ORD-002707,DC-11,STAGE,RBT-0090,BLOCKED,EXECUTING,DC-11-Z09,DC-11-Z04,2026-08-08T15:11:00
TSK-002708-1,ORD-002708,DC-08,PACK_FEED,RBT-0453,COMPLETE,QUEUED,DC-08-Z10,DC-08-Z11,2026-08-30T08:27:00
TSK-002708-2,ORD-002708,DC-08,PICK,RBT-0702,QUEUED,FAILED,DC-08-Z01,DC-08-Z04,2026-08-30T07:27:00
TSK-002708-3,ORD-002708,DC-08,PICK,RBT-0675,QUEUED,ASSIGNED,DC-08-Z11,DC-08-Z04,2026-08-30T07:10:00
TSK-002708-4,ORD-002708,DC-08,PACK_FEED,RBT-0659,EXECUTING,ASSIGNED,DC-08-Z04,DC-08-Z10,2026-08-30T07:43:00
TSK-002709-1,ORD-002709,DC-04,PACK_FEED,RBT-0019,BLOCKED,COMPLETE,DC-04-Z07,DC-04-Z03,2026-08-06T08:27:00
TSK-002709-2,ORD-002709,DC-04,REPLENISH,RBT-0241,ASSIGNED,FAILED,DC-04-Z11,DC-04-Z12,2026-08-06T09:43:00
TSK-002709-3,ORD-002709,DC-04,MOVE,RBT-0607,ASSIGNED,COMPLETE,DC-04-Z07,DC-04-Z02,2026-08-06T08:34:00
TSK-002710-1,ORD-002710,DC-08,REPLENISH,RBT-0604,BLOCKED,QUEUED,DC-08-Z07,DC-08-Z03,2026-08-03T19:10:00
TSK-002711-1,ORD-002711,DC-06,REPLENISH,RBT-0356,ASSIGNED,QUEUED,DC-06-Z02,DC-06-Z04,2026-08-21T22:42:00
TSK-002711-2,ORD-002711,DC-06,STAGE,RBT-0306,ASSIGNED,QUEUED,DC-06-Z01,DC-06-Z09,2026-08-21T23:43:00
TSK-002712-1,ORD-002712,DC-07,REPLENISH,RBT-0614,QUEUED,QUEUED,DC-07-Z01,DC-07-Z02,2026-08-04T17:26:00
TSK-002713-1,ORD-002713,DC-15,MOVE,RBT-0228,BLOCKED,ASSIGNED,DC-15-Z10,DC-15-Z01,2026-08-11T11:20:00
TSK-002713-2,ORD-002713,DC-15,MOVE,RBT-0611,COMPLETE,QUEUED,DC-15-Z03,DC-15-Z06,2026-08-11T12:01:00
TSK-002714-1,ORD-002714,DC-11,REPLENISH,RBT-0544,BLOCKED,QUEUED,DC-11-Z05,DC-11-Z03,2026-08-05T09:38:00
TSK-002714-2,ORD-002714,DC-11,MOVE,RBT-0115,BLOCKED,ASSIGNED,DC-11-Z05,DC-11-Z10,2026-08-05T09:55:00
TSK-002714-3,ORD-002714,DC-11,PICK,RBT-0303,ASSIGNED,QUEUED,DC-11-Z11,DC-11-Z08,2026-08-05T08:47:00
TSK-002714-4,ORD-002714,DC-11,PICK,RBT-0429,QUEUED,COMPLETE,DC-11-Z04,DC-11-Z06,2026-08-05T09:24:00
TSK-002715-1,ORD-002715,DC-02,PACK_FEED,RBT-0702,EXECUTING,COMPLETE,DC-02-Z03,DC-02-Z08,2026-08-21T15:29:00
TSK-002715-2,ORD-002715,DC-02,STAGE,RBT-0323,QUEUED,EXECUTING,DC-02-Z09,DC-02-Z01,2026-08-21T15:23:00
TSK-002716-1,ORD-002716,DC-04,STAGE,RBT-0203,ASSIGNED,ASSIGNED,DC-04-Z08,DC-04-Z05,2026-08-28T12:41:00
TSK-002717-1,ORD-002717,DC-07,PICK,RBT-0674,QUEUED,FAILED,DC-07-Z04,DC-07-Z09,2026-08-17T00:37:00
TSK-002718-1,ORD-002718,DC-07,PACK_FEED,RBT-0668,BLOCKED,QUEUED,DC-07-Z08,DC-07-Z04,2026-08-17T00:39:00
TSK-002718-2,ORD-002718,DC-07,STAGE,RBT-0619,BLOCKED,QUEUED,DC-07-Z06,DC-07-Z04,2026-08-17T02:21:00
TSK-002719-1,ORD-002719,DC-08,REPLENISH,RBT-0586,ASSIGNED,ASSIGNED,DC-08-Z12,DC-08-Z01,2026-08-11T06:15:00
TSK-002719-2,ORD-002719,DC-08,PACK_FEED,RBT-0215,COMPLETE,EXECUTING,DC-08-Z05,DC-08-Z01,2026-08-11T07:26:00
TSK-002720-1,ORD-002720,DC-01,PICK,RBT-0216,BLOCKED,ASSIGNED,DC-01-Z07,DC-01-Z12,2026-08-25T07:38:00
TSK-002720-2,ORD-002720,DC-01,PACK_FEED,RBT-0113,QUEUED,COMPLETE,DC-01-Z07,DC-01-Z02,2026-08-25T07:03:00
TSK-002720-3,ORD-002720,DC-01,REPLENISH,RBT-0120,EXECUTING,ASSIGNED,DC-01-Z04,DC-01-Z04,2026-08-25T07:06:00
TSK-002721-1,ORD-002721,DC-18,MOVE,RBT-0333,ASSIGNED,ASSIGNED,DC-18-Z02,DC-18-Z05,2026-08-12T07:58:00
TSK-002721-2,ORD-002721,DC-18,MOVE,RBT-0360,QUEUED,COMPLETE,DC-18-Z06,DC-18-Z06,2026-08-12T09:09:00
TSK-002722-1,ORD-002722,DC-16,PACK_FEED,RBT-0051,BLOCKED,EXECUTING,DC-16-Z06,DC-16-Z11,2026-08-28T16:34:00
TSK-002722-2,ORD-002722,DC-16,PACK_FEED,RBT-0455,ASSIGNED,EXECUTING,DC-16-Z04,DC-16-Z09,2026-08-28T16:56:00
TSK-002722-3,ORD-002722,DC-16,REPLENISH,RBT-0656,ASSIGNED,EXECUTING,DC-16-Z10,DC-16-Z02,2026-08-28T17:34:00
TSK-002723-1,ORD-002723,DC-14,STAGE,RBT-0005,COMPLETE,EXECUTING,DC-14-Z12,DC-14-Z06,2026-08-25T22:07:00
TSK-002723-2,ORD-002723,DC-14,STAGE,RBT-0672,ASSIGNED,QUEUED,DC-14-Z06,DC-14-Z08,2026-08-25T21:34:00
TSK-002723-3,ORD-002723,DC-14,STAGE,RBT-0385,QUEUED,COMPLETE,DC-14-Z07,DC-14-Z09,2026-08-25T21:50:00
TSK-002723-4,ORD-002723,DC-14,PICK,RBT-0051,EXECUTING,COMPLETE,DC-14-Z10,DC-14-Z05,2026-08-25T22:11:00
TSK-002724-1,ORD-002724,DC-17,STAGE,RBT-0416,EXECUTING,COMPLETE,DC-17-Z12,DC-17-Z05,2026-08-25T12:27:00
TSK-002724-2,ORD-002724,DC-17,PACK_FEED,RBT-0281,COMPLETE,COMPLETE,DC-17-Z08,DC-17-Z08,2026-08-25T12:56:00
TSK-002724-3,ORD-002724,DC-17,MOVE,RBT-0104,ASSIGNED,EXECUTING,DC-17-Z11,DC-17-Z07,2026-08-25T12:47:00
TSK-002725-1,ORD-002725,DC-01,STAGE,RBT-0597,BLOCKED,EXECUTING,DC-01-Z02,DC-01-Z05,2026-08-05T19:40:00
TSK-002725-2,ORD-002725,DC-01,MOVE,RBT-0152,EXECUTING,QUEUED,DC-01-Z01,DC-01-Z04,2026-08-05T18:51:00
TSK-002725-3,ORD-002725,DC-01,PACK_FEED,RBT-0371,COMPLETE,ASSIGNED,DC-01-Z01,DC-01-Z08,2026-08-05T18:52:00
TSK-002725-4,ORD-002725,DC-01,STAGE,RBT-0035,QUEUED,ASSIGNED,DC-01-Z04,DC-01-Z09,2026-08-05T19:15:00
TSK-002726-1,ORD-002726,DC-16,STAGE,RBT-0024,BLOCKED,EXECUTING,DC-16-Z03,DC-16-Z03,2026-08-29T19:44:00
TSK-002726-2,ORD-002726,DC-16,PICK,RBT-0089,EXECUTING,FAILED,DC-16-Z03,DC-16-Z06,2026-08-29T19:55:00
TSK-002727-1,ORD-002727,DC-07,MOVE,RBT-0629,EXECUTING,QUEUED,DC-07-Z09,DC-07-Z10,2026-09-02T02:33:00
TSK-002727-2,ORD-002727,DC-07,STAGE,RBT-0568,EXECUTING,COMPLETE,DC-07-Z06,DC-07-Z08,2026-09-02T02:26:00
TSK-002727-3,ORD-002727,DC-07,PACK_FEED,RBT-0354,COMPLETE,QUEUED,DC-07-Z11,DC-07-Z05,2026-09-02T02:37:00
TSK-002728-1,ORD-002728,DC-04,PACK_FEED,RBT-0569,BLOCKED,FAILED,DC-04-Z10,DC-04-Z10,2026-08-11T21:50:00
TSK-002728-2,ORD-002728,DC-04,REPLENISH,RBT-0078,QUEUED,FAILED,DC-04-Z06,DC-04-Z11,2026-08-11T21:40:00
TSK-002728-3,ORD-002728,DC-04,STAGE,RBT-0081,COMPLETE,ASSIGNED,DC-04-Z09,DC-04-Z08,2026-08-11T22:44:00
TSK-002729-1,ORD-002729,DC-16,REPLENISH,RBT-0291,EXECUTING,QUEUED,DC-16-Z09,DC-16-Z05,2026-08-31T00:29:00
TSK-002729-2,ORD-002729,DC-16,MOVE,RBT-0435,QUEUED,FAILED,DC-16-Z04,DC-16-Z04,2026-08-31T02:00:00
TSK-002729-3,ORD-002729,DC-16,STAGE,RBT-0353,BLOCKED,EXECUTING,DC-16-Z12,DC-16-Z06,2026-08-31T01:42:00
TSK-002729-4,ORD-002729,DC-16,REPLENISH,RBT-0361,COMPLETE,EXECUTING,DC-16-Z09,DC-16-Z09,2026-08-31T01:51:00
TSK-002730-1,ORD-002730,DC-13,PICK,RBT-0153,QUEUED,COMPLETE,DC-13-Z05,DC-13-Z01,2026-08-21T11:08:00
TSK-002731-1,ORD-002731,DC-03,PICK,RBT-0258,EXECUTING,FAILED,DC-03-Z05,DC-03-Z06,2026-08-30T00:33:00
TSK-002731-2,ORD-002731,DC-03,MOVE,RBT-0505,COMPLETE,EXECUTING,DC-03-Z05,DC-03-Z02,2026-08-29T23:01:00
TSK-002731-3,ORD-002731,DC-03,PACK_FEED,RBT-0228,QUEUED,EXECUTING,DC-03-Z05,DC-03-Z09,2026-08-29T23:01:00
TSK-002731-4,ORD-002731,DC-03,PACK_FEED,RBT-0304,ASSIGNED,EXECUTING,DC-03-Z01,DC-03-Z11,2026-08-30T00:00:00
TSK-002732-1,ORD-002732,DC-16,STAGE,RBT-0695,ASSIGNED,FAILED,DC-16-Z04,DC-16-Z02,2026-09-05T02:51:00
TSK-002732-2,ORD-002732,DC-16,MOVE,RBT-0421,ASSIGNED,EXECUTING,DC-16-Z10,DC-16-Z11,2026-09-05T02:01:00
TSK-002733-1,ORD-002733,DC-13,REPLENISH,RBT-0334,QUEUED,QUEUED,DC-13-Z06,DC-13-Z03,2026-08-26T04:11:00
TSK-002733-2,ORD-002733,DC-13,PACK_FEED,RBT-0537,EXECUTING,COMPLETE,DC-13-Z05,DC-13-Z09,2026-08-26T04:48:00
TSK-002733-3,ORD-002733,DC-13,PACK_FEED,RBT-0202,EXECUTING,FAILED,DC-13-Z06,DC-13-Z09,2026-08-26T05:35:00
TSK-002733-4,ORD-002733,DC-13,PACK_FEED,RBT-0329,COMPLETE,QUEUED,DC-13-Z07,DC-13-Z12,2026-08-26T04:03:00
TSK-002734-1,ORD-002734,DC-04,PACK_FEED,RBT-0193,EXECUTING,QUEUED,DC-04-Z03,DC-04-Z12,2026-08-12T00:42:00
TSK-002735-1,ORD-002735,DC-07,PACK_FEED,RBT-0492,BLOCKED,ASSIGNED,DC-07-Z06,DC-07-Z11,2026-08-29T15:04:00
TSK-002735-2,ORD-002735,DC-07,STAGE,RBT-0199,COMPLETE,FAILED,DC-07-Z06,DC-07-Z06,2026-08-29T14:54:00
TSK-002735-3,ORD-002735,DC-07,REPLENISH,RBT-0340,EXECUTING,QUEUED,DC-07-Z02,DC-07-Z04,2026-08-29T15:00:00
TSK-002735-4,ORD-002735,DC-07,PICK,RBT-0321,BLOCKED,FAILED,DC-07-Z08,DC-07-Z02,2026-08-29T15:07:00
TSK-002736-1,ORD-002736,DC-15,PACK_FEED,RBT-0354,EXECUTING,QUEUED,DC-15-Z11,DC-15-Z03,2026-09-03T01:22:00
TSK-002736-2,ORD-002736,DC-15,MOVE,RBT-0629,ASSIGNED,FAILED,DC-15-Z02,DC-15-Z01,2026-09-02T23:47:00
TSK-002737-1,ORD-002737,DC-02,PACK_FEED,RBT-0272,EXECUTING,EXECUTING,DC-02-Z04,DC-02-Z09,2026-09-01T04:49:00
TSK-002737-2,ORD-002737,DC-02,MOVE,RBT-0426,EXECUTING,COMPLETE,DC-02-Z02,DC-02-Z02,2026-09-01T03:41:00
TSK-002737-3,ORD-002737,DC-02,PACK_FEED,RBT-0107,ASSIGNED,QUEUED,DC-02-Z03,DC-02-Z08,2026-09-01T04:13:00
TSK-002737-4,ORD-002737,DC-02,MOVE,RBT-0018,EXECUTING,COMPLETE,DC-02-Z04,DC-02-Z08,2026-09-01T03:46:00
TSK-002738-1,ORD-002738,DC-16,MOVE,RBT-0202,EXECUTING,QUEUED,DC-16-Z12,DC-16-Z07,2026-08-30T06:22:00
TSK-002738-2,ORD-002738,DC-16,MOVE,RBT-0021,COMPLETE,COMPLETE,DC-16-Z02,DC-16-Z07,2026-08-30T06:24:00
TSK-002738-3,ORD-002738,DC-16,REPLENISH,RBT-0390,COMPLETE,EXECUTING,DC-16-Z12,DC-16-Z07,2026-08-30T06:51:00
TSK-002738-4,ORD-002738,DC-16,STAGE,RBT-0185,QUEUED,ASSIGNED,DC-16-Z09,DC-16-Z10,2026-08-30T07:40:00
TSK-002739-1,ORD-002739,DC-13,PICK,RBT-0556,BLOCKED,FAILED,DC-13-Z04,DC-13-Z01,2026-08-24T09:15:00
TSK-002739-2,ORD-002739,DC-13,STAGE,RBT-0200,BLOCKED,EXECUTING,DC-13-Z05,DC-13-Z01,2026-08-24T09:27:00
TSK-002739-3,ORD-002739,DC-13,PACK_FEED,RBT-0515,ASSIGNED,FAILED,DC-13-Z02,DC-13-Z11,2026-08-24T08:58:00
TSK-002740-1,ORD-002740,DC-03,PACK_FEED,RBT-0503,QUEUED,FAILED,DC-03-Z04,DC-03-Z04,2026-08-31T21:41:00
TSK-002740-2,ORD-002740,DC-03,PICK,RBT-0400,ASSIGNED,QUEUED,DC-03-Z04,DC-03-Z01,2026-08-31T21:13:00
TSK-002740-3,ORD-002740,DC-03,REPLENISH,RBT-0474,ASSIGNED,QUEUED,DC-03-Z10,DC-03-Z01,2026-08-31T22:31:00
TSK-002741-1,ORD-002741,DC-09,MOVE,RBT-0062,BLOCKED,EXECUTING,DC-09-Z11,DC-09-Z08,2026-08-24T19:37:00
TSK-002741-2,ORD-002741,DC-09,PICK,RBT-0017,COMPLETE,ASSIGNED,DC-09-Z07,DC-09-Z09,2026-08-24T20:30:00
TSK-002741-3,ORD-002741,DC-09,PICK,RBT-0628,QUEUED,ASSIGNED,DC-09-Z08,DC-09-Z05,2026-08-24T19:35:00
TSK-002741-4,ORD-002741,DC-09,MOVE,RBT-0241,COMPLETE,FAILED,DC-09-Z10,DC-09-Z01,2026-08-24T20:36:00
TSK-002742-1,ORD-002742,DC-04,PACK_FEED,RBT-0510,QUEUED,EXECUTING,DC-04-Z02,DC-04-Z11,2026-09-05T00:23:00
TSK-002742-2,ORD-002742,DC-04,REPLENISH,RBT-0700,QUEUED,QUEUED,DC-04-Z05,DC-04-Z03,2026-09-05T00:55:00
TSK-002743-1,ORD-002743,DC-07,REPLENISH,RBT-0696,QUEUED,FAILED,DC-07-Z03,DC-07-Z03,2026-08-18T14:01:00
TSK-002743-2,ORD-002743,DC-07,STAGE,RBT-0122,BLOCKED,EXECUTING,DC-07-Z02,DC-07-Z12,2026-08-18T14:27:00
TSK-002743-3,ORD-002743,DC-07,PACK_FEED,RBT-0449,BLOCKED,ASSIGNED,DC-07-Z02,DC-07-Z06,2026-08-18T14:36:00
TSK-002744-1,ORD-002744,DC-06,REPLENISH,RBT-0083,EXECUTING,EXECUTING,DC-06-Z10,DC-06-Z08,2026-08-25T10:29:00
TSK-002744-2,ORD-002744,DC-06,PACK_FEED,RBT-0228,COMPLETE,FAILED,DC-06-Z11,DC-06-Z02,2026-08-25T10:18:00
TSK-002744-3,ORD-002744,DC-06,MOVE,RBT-0639,COMPLETE,FAILED,DC-06-Z11,DC-06-Z10,2026-08-25T09:59:00
TSK-002745-1,ORD-002745,DC-17,PACK_FEED,RBT-0094,COMPLETE,FAILED,DC-17-Z04,DC-17-Z05,2026-08-30T15:30:00
TSK-002745-2,ORD-002745,DC-17,REPLENISH,RBT-0525,EXECUTING,COMPLETE,DC-17-Z10,DC-17-Z06,2026-08-30T15:10:00
TSK-002745-3,ORD-002745,DC-17,MOVE,RBT-0106,ASSIGNED,FAILED,DC-17-Z10,DC-17-Z06,2026-08-30T14:32:00
TSK-002745-4,ORD-002745,DC-17,STAGE,RBT-0451,ASSIGNED,FAILED,DC-17-Z07,DC-17-Z07,2026-08-30T16:04:00
TSK-002746-1,ORD-002746,DC-18,REPLENISH,RBT-0465,EXECUTING,FAILED,DC-18-Z07,DC-18-Z06,2026-08-24T02:53:00
TSK-002747-1,ORD-002747,DC-11,STAGE,RBT-0627,COMPLETE,QUEUED,DC-11-Z07,DC-11-Z03,2026-08-24T09:14:00
TSK-002748-1,ORD-002748,DC-18,STAGE,RBT-0442,EXECUTING,EXECUTING,DC-18-Z01,DC-18-Z03,2026-09-02T21:20:00
TSK-002748-2,ORD-002748,DC-18,REPLENISH,RBT-0702,QUEUED,QUEUED,DC-18-Z01,DC-18-Z10,2026-09-02T22:00:00
TSK-002749-1,ORD-002749,DC-15,PACK_FEED,RBT-0196,BLOCKED,QUEUED,DC-15-Z08,DC-15-Z11,2026-08-06T08:12:00
TSK-002750-1,ORD-002750,DC-06,REPLENISH,RBT-0271,BLOCKED,COMPLETE,DC-06-Z11,DC-06-Z04,2026-08-23T06:52:00
TSK-002750-2,ORD-002750,DC-06,STAGE,RBT-0280,QUEUED,QUEUED,DC-06-Z12,DC-06-Z04,2026-08-23T06:44:00
TSK-002750-3,ORD-002750,DC-06,PACK_FEED,RBT-0190,EXECUTING,COMPLETE,DC-06-Z07,DC-06-Z02,2026-08-23T06:54:00
TSK-002750-4,ORD-002750,DC-06,STAGE,RBT-0381,ASSIGNED,ASSIGNED,DC-06-Z04,DC-06-Z03,2026-08-23T06:54:00
TSK-002751-1,ORD-002751,DC-03,REPLENISH,RBT-0035,COMPLETE,ASSIGNED,DC-03-Z07,DC-03-Z03,2026-09-03T09:37:00
TSK-002751-2,ORD-002751,DC-03,MOVE,RBT-0709,ASSIGNED,EXECUTING,DC-03-Z01,DC-03-Z07,2026-09-03T09:17:00
TSK-002752-1,ORD-002752,DC-17,MOVE,RBT-0560,ASSIGNED,EXECUTING,DC-17-Z04,DC-17-Z02,2026-08-30T21:57:00
TSK-002752-2,ORD-002752,DC-17,STAGE,RBT-0444,EXECUTING,COMPLETE,DC-17-Z06,DC-17-Z09,2026-08-30T22:56:00
TSK-002752-3,ORD-002752,DC-17,STAGE,RBT-0204,COMPLETE,ASSIGNED,DC-17-Z12,DC-17-Z04,2026-08-30T22:34:00
TSK-002752-4,ORD-002752,DC-17,PACK_FEED,RBT-0604,ASSIGNED,ASSIGNED,DC-17-Z12,DC-17-Z02,2026-08-30T22:59:00
TSK-002753-1,ORD-002753,DC-04,MOVE,RBT-0457,EXECUTING,EXECUTING,DC-04-Z10,DC-04-Z05,2026-09-04T14:38:00
TSK-002753-2,ORD-002753,DC-04,REPLENISH,RBT-0508,COMPLETE,COMPLETE,DC-04-Z07,DC-04-Z03,2026-09-04T13:17:00
TSK-002753-3,ORD-002753,DC-04,PICK,RBT-0276,ASSIGNED,ASSIGNED,DC-04-Z12,DC-04-Z01,2026-09-04T14:36:00
TSK-002754-1,ORD-002754,DC-17,PACK_FEED,RBT-0465,QUEUED,FAILED,DC-17-Z07,DC-17-Z05,2026-09-02T05:56:00
TSK-002754-2,ORD-002754,DC-17,PACK_FEED,RBT-0435,COMPLETE,EXECUTING,DC-17-Z02,DC-17-Z01,2026-09-02T05:03:00
TSK-002754-3,ORD-002754,DC-17,MOVE,RBT-0216,ASSIGNED,COMPLETE,DC-17-Z05,DC-17-Z03,2026-09-02T05:12:00
TSK-002755-1,ORD-002755,DC-08,PACK_FEED,RBT-0577,QUEUED,QUEUED,DC-08-Z07,DC-08-Z12,2026-08-25T12:09:00
TSK-002756-1,ORD-002756,DC-05,MOVE,RBT-0542,EXECUTING,QUEUED,DC-05-Z01,DC-05-Z05,2026-08-06T19:18:00
TSK-002757-1,ORD-002757,DC-11,STAGE,RBT-0125,QUEUED,COMPLETE,DC-11-Z01,DC-11-Z03,2026-08-19T14:29:00
TSK-002757-2,ORD-002757,DC-11,STAGE,RBT-0275,QUEUED,ASSIGNED,DC-11-Z02,DC-11-Z02,2026-08-19T15:21:00
TSK-002757-3,ORD-002757,DC-11,REPLENISH,RBT-0478,EXECUTING,ASSIGNED,DC-11-Z11,DC-11-Z10,2026-08-19T14:28:00
TSK-002757-4,ORD-002757,DC-11,PICK,RBT-0293,ASSIGNED,COMPLETE,DC-11-Z10,DC-11-Z08,2026-08-19T15:00:00
TSK-002758-1,ORD-002758,DC-07,REPLENISH,RBT-0475,EXECUTING,ASSIGNED,DC-07-Z09,DC-07-Z08,2026-08-17T14:05:00
TSK-002758-2,ORD-002758,DC-07,PACK_FEED,RBT-0035,EXECUTING,EXECUTING,DC-07-Z04,DC-07-Z07,2026-08-17T14:37:00
TSK-002759-1,ORD-002759,DC-16,REPLENISH,RBT-0227,COMPLETE,FAILED,DC-16-Z06,DC-16-Z07,2026-08-26T12:14:00
TSK-002759-2,ORD-002759,DC-16,PACK_FEED,RBT-0460,COMPLETE,COMPLETE,DC-16-Z07,DC-16-Z03,2026-08-26T12:05:00
TSK-002759-3,ORD-002759,DC-16,PACK_FEED,RBT-0529,ASSIGNED,COMPLETE,DC-16-Z06,DC-16-Z11,2026-08-26T13:30:00
TSK-002759-4,ORD-002759,DC-16,PICK,RBT-0595,ASSIGNED,ASSIGNED,DC-16-Z09,DC-16-Z02,2026-08-26T13:04:00
TSK-002760-1,ORD-002760,DC-04,MOVE,RBT-0578,COMPLETE,COMPLETE,DC-04-Z04,DC-04-Z11,2026-08-01T09:38:00
TSK-002760-2,ORD-002760,DC-04,PICK,RBT-0205,ASSIGNED,QUEUED,DC-04-Z07,DC-04-Z01,2026-08-01T09:04:00
TSK-002760-3,ORD-002760,DC-04,MOVE,RBT-0364,BLOCKED,COMPLETE,DC-04-Z05,DC-04-Z04,2026-08-01T08:48:00
TSK-002760-4,ORD-002760,DC-04,STAGE,RBT-0275,COMPLETE,EXECUTING,DC-04-Z06,DC-04-Z09,2026-08-01T08:55:00
TSK-002761-1,ORD-002761,DC-07,REPLENISH,RBT-0139,BLOCKED,EXECUTING,DC-07-Z10,DC-07-Z04,2026-09-01T02:09:00
TSK-002762-1,ORD-002762,DC-09,PACK_FEED,RBT-0082,ASSIGNED,FAILED,DC-09-Z12,DC-09-Z08,2026-08-26T23:22:00
TSK-002762-2,ORD-002762,DC-09,STAGE,RBT-0241,ASSIGNED,COMPLETE,DC-09-Z05,DC-09-Z09,2026-08-26T22:56:00
TSK-002762-3,ORD-002762,DC-09,MOVE,RBT-0260,COMPLETE,QUEUED,DC-09-Z10,DC-09-Z03,2026-08-26T23:43:00
TSK-002762-4,ORD-002762,DC-09,PICK,RBT-0125,COMPLETE,EXECUTING,DC-09-Z09,DC-09-Z03,2026-08-26T23:19:00
TSK-002763-1,ORD-002763,DC-15,PACK_FEED,RBT-0467,ASSIGNED,EXECUTING,DC-15-Z03,DC-15-Z06,2026-08-11T15:39:00
TSK-002764-1,ORD-002764,DC-17,MOVE,RBT-0040,EXECUTING,COMPLETE,DC-17-Z12,DC-17-Z02,2026-08-05T21:50:00
TSK-002764-2,ORD-002764,DC-17,PACK_FEED,RBT-0639,QUEUED,COMPLETE,DC-17-Z11,DC-17-Z09,2026-08-05T21:26:00
TSK-002764-3,ORD-002764,DC-17,STAGE,RBT-0080,COMPLETE,QUEUED,DC-17-Z08,DC-17-Z11,2026-08-05T21:01:00
TSK-002764-4,ORD-002764,DC-17,PACK_FEED,RBT-0413,ASSIGNED,FAILED,DC-17-Z10,DC-17-Z03,2026-08-05T20:10:00
TSK-002765-1,ORD-002765,DC-08,PACK_FEED,RBT-0504,ASSIGNED,EXECUTING,DC-08-Z02,DC-08-Z05,2026-08-13T03:52:00
TSK-002766-1,ORD-002766,DC-03,REPLENISH,RBT-0583,QUEUED,ASSIGNED,DC-03-Z02,DC-03-Z06,2026-08-06T10:14:00
TSK-002766-2,ORD-002766,DC-03,PICK,RBT-0444,COMPLETE,FAILED,DC-03-Z08,DC-03-Z10,2026-08-06T10:00:00
TSK-002766-3,ORD-002766,DC-03,REPLENISH,RBT-0582,BLOCKED,QUEUED,DC-03-Z05,DC-03-Z09,2026-08-06T09:36:00
TSK-002767-1,ORD-002767,DC-08,PICK,RBT-0253,COMPLETE,FAILED,DC-08-Z07,DC-08-Z04,2026-09-04T12:50:00
TSK-002767-2,ORD-002767,DC-08,PACK_FEED,RBT-0103,COMPLETE,ASSIGNED,DC-08-Z10,DC-08-Z11,2026-09-04T13:52:00
TSK-002767-3,ORD-002767,DC-08,PACK_FEED,RBT-0476,EXECUTING,COMPLETE,DC-08-Z04,DC-08-Z10,2026-09-04T13:12:00
TSK-002767-4,ORD-002767,DC-08,PACK_FEED,RBT-0364,COMPLETE,FAILED,DC-08-Z10,DC-08-Z11,2026-09-04T13:54:00
TSK-002768-1,ORD-002768,DC-08,MOVE,RBT-0539,EXECUTING,ASSIGNED,DC-08-Z12,DC-08-Z12,2026-08-13T08:56:00
TSK-002769-1,ORD-002769,DC-02,STAGE,RBT-0704,QUEUED,QUEUED,DC-02-Z06,DC-02-Z09,2026-09-04T10:11:00
TSK-002769-2,ORD-002769,DC-02,MOVE,RBT-0696,COMPLETE,COMPLETE,DC-02-Z12,DC-02-Z05,2026-09-04T09:46:00
TSK-002769-3,ORD-002769,DC-02,PACK_FEED,RBT-0708,QUEUED,COMPLETE,DC-02-Z09,DC-02-Z11,2026-09-04T09:04:00
TSK-002769-4,ORD-002769,DC-02,STAGE,RBT-0075,QUEUED,FAILED,DC-02-Z08,DC-02-Z08,2026-09-04T09:32:00
TSK-002770-1,ORD-002770,DC-15,STAGE,RBT-0286,EXECUTING,QUEUED,DC-15-Z11,DC-15-Z03,2026-08-29T13:53:00
TSK-002770-2,ORD-002770,DC-15,REPLENISH,RBT-0428,EXECUTING,ASSIGNED,DC-15-Z09,DC-15-Z04,2026-08-29T15:19:00
TSK-002771-1,ORD-002771,DC-05,STAGE,RBT-0060,COMPLETE,ASSIGNED,DC-05-Z12,DC-05-Z04,2026-08-12T11:55:00
TSK-002772-1,ORD-002772,DC-03,REPLENISH,RBT-0330,BLOCKED,COMPLETE,DC-03-Z03,DC-03-Z06,2026-09-01T22:21:00
TSK-002773-1,ORD-002773,DC-10,REPLENISH,RBT-0101,QUEUED,FAILED,DC-10-Z07,DC-10-Z10,2026-09-05T04:09:00
TSK-002773-2,ORD-002773,DC-10,PACK_FEED,RBT-0141,QUEUED,QUEUED,DC-10-Z03,DC-10-Z10,2026-09-05T04:09:00
TSK-002773-3,ORD-002773,DC-10,STAGE,RBT-0336,BLOCKED,ASSIGNED,DC-10-Z09,DC-10-Z04,2026-09-05T02:50:00
TSK-002774-1,ORD-002774,DC-12,PICK,RBT-0514,EXECUTING,COMPLETE,DC-12-Z01,DC-12-Z02,2026-08-08T14:36:00
TSK-002774-2,ORD-002774,DC-12,STAGE,RBT-0683,EXECUTING,ASSIGNED,DC-12-Z01,DC-12-Z10,2026-08-08T14:25:00
TSK-002774-3,ORD-002774,DC-12,PICK,RBT-0555,EXECUTING,COMPLETE,DC-12-Z08,DC-12-Z02,2026-08-08T15:19:00
TSK-002775-1,ORD-002775,DC-05,MOVE,RBT-0438,EXECUTING,COMPLETE,DC-05-Z08,DC-05-Z03,2026-08-15T15:26:00
TSK-002776-1,ORD-002776,DC-05,PACK_FEED,RBT-0385,ASSIGNED,FAILED,DC-05-Z04,DC-05-Z11,2026-09-04T13:21:00
TSK-002776-2,ORD-002776,DC-05,STAGE,RBT-0706,QUEUED,EXECUTING,DC-05-Z09,DC-05-Z07,2026-09-04T13:51:00
TSK-002777-1,ORD-002777,DC-08,STAGE,RBT-0438,EXECUTING,COMPLETE,DC-08-Z01,DC-08-Z03,2026-09-04T15:27:00
TSK-002778-1,ORD-002778,DC-14,STAGE,RBT-0270,ASSIGNED,EXECUTING,DC-14-Z12,DC-14-Z02,2026-08-28T21:17:00
TSK-002778-2,ORD-002778,DC-14,PICK,RBT-0617,QUEUED,QUEUED,DC-14-Z04,DC-14-Z10,2026-08-28T21:28:00
TSK-002778-3,ORD-002778,DC-14,PACK_FEED,RBT-0037,EXECUTING,COMPLETE,DC-14-Z06,DC-14-Z12,2026-08-28T23:02:00
TSK-002779-1,ORD-002779,DC-05,PICK,RBT-0581,QUEUED,QUEUED,DC-05-Z06,DC-05-Z07,2026-08-10T06:52:00
TSK-002779-2,ORD-002779,DC-05,PACK_FEED,RBT-0555,COMPLETE,QUEUED,DC-05-Z03,DC-05-Z12,2026-08-10T06:45:00
TSK-002779-3,ORD-002779,DC-05,STAGE,RBT-0103,BLOCKED,FAILED,DC-05-Z02,DC-05-Z02,2026-08-10T05:34:00
TSK-002780-1,ORD-002780,DC-18,STAGE,RBT-0010,EXECUTING,COMPLETE,DC-18-Z09,DC-18-Z02,2026-08-24T01:36:00
TSK-002781-1,ORD-002781,DC-13,STAGE,RBT-0582,COMPLETE,FAILED,DC-13-Z01,DC-13-Z06,2026-09-01T00:40:00
TSK-002781-2,ORD-002781,DC-13,REPLENISH,RBT-0165,EXECUTING,EXECUTING,DC-13-Z03,DC-13-Z03,2026-08-31T23:36:00
TSK-002781-3,ORD-002781,DC-13,STAGE,RBT-0572,EXECUTING,FAILED,DC-13-Z08,DC-13-Z02,2026-09-01T01:25:00
TSK-002782-1,ORD-002782,DC-01,MOVE,RBT-0222,ASSIGNED,QUEUED,DC-01-Z06,DC-01-Z02,2026-08-08T00:41:00
TSK-002782-2,ORD-002782,DC-01,STAGE,RBT-0169,BLOCKED,FAILED,DC-01-Z01,DC-01-Z05,2026-08-08T00:14:00
TSK-002783-1,ORD-002783,DC-08,PICK,RBT-0662,ASSIGNED,EXECUTING,DC-08-Z11,DC-08-Z05,2026-08-30T02:56:00
TSK-002783-2,ORD-002783,DC-08,MOVE,RBT-0116,QUEUED,ASSIGNED,DC-08-Z03,DC-08-Z06,2026-08-30T01:49:00
TSK-002784-1,ORD-002784,DC-10,MOVE,RBT-0593,COMPLETE,FAILED,DC-10-Z01,DC-10-Z10,2026-08-04T13:59:00
TSK-002785-1,ORD-002785,DC-03,PACK_FEED,RBT-0408,COMPLETE,ASSIGNED,DC-03-Z07,DC-03-Z10,2026-09-01T18:28:00
TSK-002785-2,ORD-002785,DC-03,MOVE,RBT-0326,ASSIGNED,QUEUED,DC-03-Z05,DC-03-Z02,2026-09-01T17:50:00
TSK-002785-3,ORD-002785,DC-03,PACK_FEED,RBT-0173,BLOCKED,EXECUTING,DC-03-Z08,DC-03-Z11,2026-09-01T17:59:00
TSK-002785-4,ORD-002785,DC-03,PACK_FEED,RBT-0257,EXECUTING,COMPLETE,DC-03-Z01,DC-03-Z04,2026-09-01T17:11:00
TSK-002786-1,ORD-002786,DC-12,PICK,RBT-0576,QUEUED,COMPLETE,DC-12-Z07,DC-12-Z11,2026-08-04T21:45:00
TSK-002786-2,ORD-002786,DC-12,PICK,RBT-0238,COMPLETE,COMPLETE,DC-12-Z12,DC-12-Z04,2026-08-04T21:13:00
TSK-002787-1,ORD-002787,DC-05,REPLENISH,RBT-0095,COMPLETE,QUEUED,DC-05-Z07,DC-05-Z01,2026-08-28T01:59:00
TSK-002787-2,ORD-002787,DC-05,STAGE,RBT-0586,BLOCKED,EXECUTING,DC-05-Z07,DC-05-Z05,2026-08-28T01:32:00
TSK-002787-3,ORD-002787,DC-05,REPLENISH,RBT-0311,QUEUED,EXECUTING,DC-05-Z03,DC-05-Z08,2026-08-28T01:43:00
TSK-002787-4,ORD-002787,DC-05,REPLENISH,RBT-0516,COMPLETE,QUEUED,DC-05-Z01,DC-05-Z02,2026-08-28T01:22:00
TSK-002788-1,ORD-002788,DC-11,REPLENISH,RBT-0072,BLOCKED,EXECUTING,DC-11-Z09,DC-11-Z08,2026-08-28T09:03:00
TSK-002788-2,ORD-002788,DC-11,MOVE,RBT-0587,COMPLETE,COMPLETE,DC-11-Z03,DC-11-Z10,2026-08-28T08:18:00
TSK-002788-3,ORD-002788,DC-11,STAGE,RBT-0161,EXECUTING,EXECUTING,DC-11-Z12,DC-11-Z03,2026-08-28T07:52:00
TSK-002789-1,ORD-002789,DC-16,PICK,RBT-0325,BLOCKED,QUEUED,DC-16-Z04,DC-16-Z02,2026-08-31T09:28:00
TSK-002790-1,ORD-002790,DC-02,STAGE,RBT-0387,EXECUTING,ASSIGNED,DC-02-Z04,DC-02-Z01,2026-09-02T01:19:00
TSK-002790-2,ORD-002790,DC-02,REPLENISH,RBT-0652,BLOCKED,COMPLETE,DC-02-Z08,DC-02-Z02,2026-09-02T01:25:00
TSK-002791-1,ORD-002791,DC-05,PICK,RBT-0379,COMPLETE,FAILED,DC-05-Z12,DC-05-Z05,2026-08-03T14:43:00
TSK-002791-2,ORD-002791,DC-05,REPLENISH,RBT-0619,EXECUTING,FAILED,DC-05-Z08,DC-05-Z06,2026-08-03T13:40:00
TSK-002791-3,ORD-002791,DC-05,PACK_FEED,RBT-0706,QUEUED,COMPLETE,DC-05-Z10,DC-05-Z10,2026-08-03T13:49:00
TSK-002791-4,ORD-002791,DC-05,MOVE,RBT-0643,QUEUED,QUEUED,DC-05-Z11,DC-05-Z01,2026-08-03T14:28:00
TSK-002792-1,ORD-002792,DC-08,REPLENISH,RBT-0330,EXECUTING,EXECUTING,DC-08-Z02,DC-08-Z04,2026-08-18T14:17:00
TSK-002792-2,ORD-002792,DC-08,REPLENISH,RBT-0360,QUEUED,FAILED,DC-08-Z09,DC-08-Z01,2026-08-18T15:16:00
TSK-002793-1,ORD-002793,DC-07,PICK,RBT-0213,EXECUTING,ASSIGNED,DC-07-Z06,DC-07-Z10,2026-08-19T14:45:00
TSK-002794-1,ORD-002794,DC-01,PICK,RBT-0540,COMPLETE,EXECUTING,DC-01-Z04,DC-01-Z04,2026-08-12T10:49:00
TSK-002795-1,ORD-002795,DC-12,MOVE,RBT-0545,ASSIGNED,ASSIGNED,DC-12-Z01,DC-12-Z11,2026-08-16T17:08:00
TSK-002796-1,ORD-002796,DC-11,STAGE,RBT-0131,EXECUTING,FAILED,DC-11-Z05,DC-11-Z03,2026-08-03T14:13:00
TSK-002796-2,ORD-002796,DC-11,REPLENISH,RBT-0142,QUEUED,EXECUTING,DC-11-Z09,DC-11-Z11,2026-08-03T14:35:00
TSK-002796-3,ORD-002796,DC-11,PACK_FEED,RBT-0220,EXECUTING,ASSIGNED,DC-11-Z05,DC-11-Z10,2026-08-03T15:01:00
TSK-002797-1,ORD-002797,DC-10,PACK_FEED,RBT-0238,EXECUTING,QUEUED,DC-10-Z05,DC-10-Z03,2026-08-30T07:04:00
TSK-002798-1,ORD-002798,DC-03,MOVE,RBT-0568,BLOCKED,COMPLETE,DC-03-Z04,DC-03-Z12,2026-08-02T18:04:00
TSK-002798-2,ORD-002798,DC-03,PACK_FEED,RBT-0468,QUEUED,FAILED,DC-03-Z07,DC-03-Z03,2026-08-02T18:24:00
TSK-002798-3,ORD-002798,DC-03,PICK,RBT-0464,QUEUED,FAILED,DC-03-Z05,DC-03-Z12,2026-08-02T19:31:00
TSK-002799-1,ORD-002799,DC-03,PACK_FEED,RBT-0146,BLOCKED,QUEUED,DC-03-Z05,DC-03-Z08,2026-09-02T19:23:00
TSK-002799-2,ORD-002799,DC-03,PACK_FEED,RBT-0256,COMPLETE,COMPLETE,DC-03-Z07,DC-03-Z08,2026-09-02T19:36:00
TSK-002799-3,ORD-002799,DC-03,PACK_FEED,RBT-0097,EXECUTING,ASSIGNED,DC-03-Z03,DC-03-Z09,2026-09-02T20:10:00
TSK-002799-4,ORD-002799,DC-03,STAGE,RBT-0689,COMPLETE,FAILED,DC-03-Z04,DC-03-Z07,2026-09-02T19:04:00
TSK-002800-1,ORD-002800,DC-12,REPLENISH,RBT-0363,EXECUTING,COMPLETE,DC-12-Z09,DC-12-Z02,2026-08-03T14:34:00
TSK-002800-2,ORD-002800,DC-12,REPLENISH,RBT-0472,QUEUED,COMPLETE,DC-12-Z01,DC-12-Z09,2026-08-03T14:03:00
TSK-002800-3,ORD-002800,DC-12,REPLENISH,RBT-0187,ASSIGNED,COMPLETE,DC-12-Z07,DC-12-Z09,2026-08-03T14:19:00
TSK-002801-1,ORD-002801,DC-07,MOVE,RBT-0064,EXECUTING,EXECUTING,DC-07-Z09,DC-07-Z11,2026-09-02T23:06:00
TSK-002801-2,ORD-002801,DC-07,PACK_FEED,RBT-0413,BLOCKED,ASSIGNED,DC-07-Z11,DC-07-Z11,2026-09-03T00:11:00
TSK-002801-3,ORD-002801,DC-07,REPLENISH,RBT-0276,BLOCKED,ASSIGNED,DC-07-Z03,DC-07-Z06,2026-09-03T00:31:00
TSK-002801-4,ORD-002801,DC-07,STAGE,RBT-0137,EXECUTING,QUEUED,DC-07-Z07,DC-07-Z03,2026-09-03T00:20:00
TSK-002802-1,ORD-002802,DC-06,PACK_FEED,RBT-0666,COMPLETE,EXECUTING,DC-06-Z03,DC-06-Z10,2026-09-02T06:56:00
TSK-002802-2,ORD-002802,DC-06,MOVE,RBT-0457,COMPLETE,EXECUTING,DC-06-Z06,DC-06-Z07,2026-09-02T06:46:00
TSK-002802-3,ORD-002802,DC-06,STAGE,RBT-0209,COMPLETE,QUEUED,DC-06-Z08,DC-06-Z07,2026-09-02T05:55:00
TSK-002802-4,ORD-002802,DC-06,PICK,RBT-0073,BLOCKED,QUEUED,DC-06-Z10,DC-06-Z12,2026-09-02T05:56:00
TSK-002803-1,ORD-002803,DC-17,REPLENISH,RBT-0330,ASSIGNED,FAILED,DC-17-Z12,DC-17-Z11,2026-08-12T02:38:00
TSK-002804-1,ORD-002804,DC-14,STAGE,RBT-0455,EXECUTING,FAILED,DC-14-Z05,DC-14-Z07,2026-08-20T21:35:00
TSK-002805-1,ORD-002805,DC-08,PICK,RBT-0321,ASSIGNED,FAILED,DC-08-Z02,DC-08-Z04,2026-08-09T18:40:00
TSK-002805-2,ORD-002805,DC-08,MOVE,RBT-0277,COMPLETE,EXECUTING,DC-08-Z03,DC-08-Z08,2026-08-09T19:28:00
TSK-002805-3,ORD-002805,DC-08,MOVE,RBT-0305,BLOCKED,FAILED,DC-08-Z04,DC-08-Z04,2026-08-09T20:23:00
TSK-002805-4,ORD-002805,DC-08,PACK_FEED,RBT-0037,EXECUTING,FAILED,DC-08-Z02,DC-08-Z07,2026-08-09T19:44:00
TSK-002806-1,ORD-002806,DC-05,STAGE,RBT-0038,EXECUTING,COMPLETE,DC-05-Z06,DC-05-Z01,2026-08-13T18:00:00
TSK-002806-2,ORD-002806,DC-05,REPLENISH,RBT-0369,BLOCKED,ASSIGNED,DC-05-Z11,DC-05-Z08,2026-08-13T18:17:00
TSK-002806-3,ORD-002806,DC-05,STAGE,RBT-0005,ASSIGNED,FAILED,DC-05-Z03,DC-05-Z08,2026-08-13T17:02:00
TSK-002807-1,ORD-002807,DC-04,STAGE,RBT-0025,EXECUTING,ASSIGNED,DC-04-Z05,DC-04-Z09,2026-09-03T09:41:00
TSK-002808-1,ORD-002808,DC-12,PICK,RBT-0268,ASSIGNED,EXECUTING,DC-12-Z08,DC-12-Z11,2026-08-10T15:03:00
TSK-002808-2,ORD-002808,DC-12,PACK_FEED,RBT-0340,BLOCKED,ASSIGNED,DC-12-Z06,DC-12-Z02,2026-08-10T15:40:00
TSK-002808-3,ORD-002808,DC-12,STAGE,RBT-0666,COMPLETE,FAILED,DC-12-Z09,DC-12-Z09,2026-08-10T15:28:00
TSK-002809-1,ORD-002809,DC-08,MOVE,RBT-0566,QUEUED,EXECUTING,DC-08-Z03,DC-08-Z08,2026-08-10T14:42:00
TSK-002810-1,ORD-002810,DC-04,STAGE,RBT-0410,COMPLETE,QUEUED,DC-04-Z11,DC-04-Z02,2026-08-08T05:09:00
TSK-002811-1,ORD-002811,DC-03,MOVE,RBT-0117,QUEUED,COMPLETE,DC-03-Z07,DC-03-Z09,2026-08-20T21:14:00
TSK-002812-1,ORD-002812,DC-13,MOVE,RBT-0453,COMPLETE,FAILED,DC-13-Z04,DC-13-Z02,2026-08-22T00:14:00
TSK-002812-2,ORD-002812,DC-13,MOVE,RBT-0095,EXECUTING,COMPLETE,DC-13-Z02,DC-13-Z05,2026-08-21T22:16:00
TSK-002812-3,ORD-002812,DC-13,PACK_FEED,RBT-0488,ASSIGNED,FAILED,DC-13-Z04,DC-13-Z11,2026-08-21T23:38:00
TSK-002813-1,ORD-002813,DC-08,STAGE,RBT-0269,ASSIGNED,COMPLETE,DC-08-Z05,DC-08-Z04,2026-08-12T01:32:00
TSK-002813-2,ORD-002813,DC-08,PACK_FEED,RBT-0318,ASSIGNED,EXECUTING,DC-08-Z07,DC-08-Z09,2026-08-12T02:04:00
TSK-002814-1,ORD-002814,DC-08,STAGE,RBT-0497,QUEUED,FAILED,DC-08-Z11,DC-08-Z03,2026-08-02T12:17:00
TSK-002815-1,ORD-002815,DC-10,MOVE,RBT-0440,COMPLETE,FAILED,DC-10-Z01,DC-10-Z04,2026-08-24T16:13:00
TSK-002816-1,ORD-002816,DC-07,STAGE,RBT-0170,ASSIGNED,ASSIGNED,DC-07-Z02,DC-07-Z02,2026-08-08T07:17:00
TSK-002816-2,ORD-002816,DC-07,PICK,RBT-0412,BLOCKED,FAILED,DC-07-Z07,DC-07-Z12,2026-08-08T08:27:00
TSK-002816-3,ORD-002816,DC-07,PACK_FEED,RBT-0595,QUEUED,QUEUED,DC-07-Z12,DC-07-Z06,2026-08-08T07:06:00
TSK-002816-4,ORD-002816,DC-07,PACK_FEED,RBT-0012,QUEUED,QUEUED,DC-07-Z11,DC-07-Z07,2026-08-08T07:56:00
TSK-002817-1,ORD-002817,DC-15,PACK_FEED,RBT-0009,ASSIGNED,FAILED,DC-15-Z06,DC-15-Z12,2026-08-17T21:20:00
TSK-002817-2,ORD-002817,DC-15,STAGE,RBT-0273,EXECUTING,COMPLETE,DC-15-Z09,DC-15-Z01,2026-08-17T20:10:00
TSK-002817-3,ORD-002817,DC-15,PICK,RBT-0599,EXECUTING,QUEUED,DC-15-Z11,DC-15-Z07,2026-08-17T20:21:00
TSK-002817-4,ORD-002817,DC-15,PICK,RBT-0640,EXECUTING,FAILED,DC-15-Z02,DC-15-Z08,2026-08-17T21:08:00
TSK-002818-1,ORD-002818,DC-04,PACK_FEED,RBT-0191,EXECUTING,COMPLETE,DC-04-Z11,DC-04-Z07,2026-08-21T22:45:00
TSK-002818-2,ORD-002818,DC-04,MOVE,RBT-0483,QUEUED,ASSIGNED,DC-04-Z10,DC-04-Z08,2026-08-21T22:48:00
TSK-002818-3,ORD-002818,DC-04,PACK_FEED,RBT-0130,QUEUED,ASSIGNED,DC-04-Z07,DC-04-Z02,2026-08-21T22:39:00
TSK-002818-4,ORD-002818,DC-04,STAGE,RBT-0312,ASSIGNED,QUEUED,DC-04-Z08,DC-04-Z09,2026-08-21T23:55:00
TSK-002819-1,ORD-002819,DC-16,PACK_FEED,RBT-0494,ASSIGNED,EXECUTING,DC-16-Z05,DC-16-Z03,2026-08-01T20:07:00
TSK-002819-2,ORD-002819,DC-16,PACK_FEED,RBT-0070,BLOCKED,ASSIGNED,DC-16-Z01,DC-16-Z05,2026-08-01T20:25:00
TSK-002820-1,ORD-002820,DC-01,PACK_FEED,RBT-0137,QUEUED,QUEUED,DC-01-Z12,DC-01-Z04,2026-08-30T01:23:00
TSK-002820-2,ORD-002820,DC-01,PICK,RBT-0494,COMPLETE,QUEUED,DC-01-Z09,DC-01-Z05,2026-08-29T23:58:00
TSK-002821-1,ORD-002821,DC-14,REPLENISH,RBT-0370,QUEUED,QUEUED,DC-14-Z07,DC-14-Z02,2026-09-01T09:50:00
TSK-002821-2,ORD-002821,DC-14,PACK_FEED,RBT-0199,COMPLETE,EXECUTING,DC-14-Z08,DC-14-Z10,2026-09-01T08:56:00
TSK-002821-3,ORD-002821,DC-14,PACK_FEED,RBT-0616,EXECUTING,ASSIGNED,DC-14-Z07,DC-14-Z06,2026-09-01T09:08:00
TSK-002821-4,ORD-002821,DC-14,REPLENISH,RBT-0214,BLOCKED,COMPLETE,DC-14-Z09,DC-14-Z01,2026-09-01T10:03:00
TSK-002822-1,ORD-002822,DC-09,PICK,RBT-0387,ASSIGNED,FAILED,DC-09-Z10,DC-09-Z07,2026-08-06T22:00:00
TSK-002823-1,ORD-002823,DC-17,STAGE,RBT-0633,BLOCKED,COMPLETE,DC-17-Z03,DC-17-Z01,2026-08-27T23:00:00
TSK-002823-2,ORD-002823,DC-17,REPLENISH,RBT-0261,ASSIGNED,QUEUED,DC-17-Z03,DC-17-Z03,2026-08-28T00:09:00
TSK-002824-1,ORD-002824,DC-10,PICK,RBT-0671,QUEUED,COMPLETE,DC-10-Z02,DC-10-Z10,2026-08-06T14:25:00
TSK-002824-2,ORD-002824,DC-10,STAGE,RBT-0598,QUEUED,EXECUTING,DC-10-Z01,DC-10-Z05,2026-08-06T14:00:00
TSK-002825-1,ORD-002825,DC-01,MOVE,RBT-0094,EXECUTING,ASSIGNED,DC-01-Z07,DC-01-Z04,2026-08-05T19:33:00
TSK-002825-2,ORD-002825,DC-01,PICK,RBT-0003,QUEUED,FAILED,DC-01-Z08,DC-01-Z05,2026-08-05T19:17:00
TSK-002825-3,ORD-002825,DC-01,MOVE,RBT-0587,COMPLETE,EXECUTING,DC-01-Z06,DC-01-Z02,2026-08-05T20:02:00
TSK-002826-1,ORD-002826,DC-10,PICK,RBT-0061,ASSIGNED,QUEUED,DC-10-Z02,DC-10-Z06,2026-08-04T19:26:00
TSK-002827-1,ORD-002827,DC-05,MOVE,RBT-0377,BLOCKED,QUEUED,DC-05-Z04,DC-05-Z02,2026-08-28T02:10:00
TSK-002827-2,ORD-002827,DC-05,STAGE,RBT-0498,COMPLETE,QUEUED,DC-05-Z06,DC-05-Z05,2026-08-28T02:52:00
TSK-002828-1,ORD-002828,DC-08,MOVE,RBT-0050,COMPLETE,ASSIGNED,DC-08-Z07,DC-08-Z12,2026-08-19T19:06:00
TSK-002828-2,ORD-002828,DC-08,MOVE,RBT-0373,BLOCKED,ASSIGNED,DC-08-Z06,DC-08-Z03,2026-08-19T19:39:00
TSK-002828-3,ORD-002828,DC-08,REPLENISH,RBT-0563,BLOCKED,EXECUTING,DC-08-Z10,DC-08-Z06,2026-08-19T20:01:00
TSK-002828-4,ORD-002828,DC-08,PICK,RBT-0489,QUEUED,EXECUTING,DC-08-Z11,DC-08-Z12,2026-08-19T19:11:00
TSK-002829-1,ORD-002829,DC-16,MOVE,RBT-0260,EXECUTING,ASSIGNED,DC-16-Z08,DC-16-Z09,2026-08-31T11:20:00
TSK-002829-2,ORD-002829,DC-16,PICK,RBT-0566,ASSIGNED,FAILED,DC-16-Z07,DC-16-Z05,2026-08-31T10:35:00
TSK-002829-3,ORD-002829,DC-16,STAGE,RBT-0404,BLOCKED,FAILED,DC-16-Z02,DC-16-Z01,2026-08-31T10:37:00
TSK-002829-4,ORD-002829,DC-16,PICK,RBT-0396,COMPLETE,ASSIGNED,DC-16-Z12,DC-16-Z11,2026-08-31T10:23:00
TSK-002830-1,ORD-002830,DC-11,PACK_FEED,RBT-0181,EXECUTING,QUEUED,DC-11-Z05,DC-11-Z11,2026-08-18T00:24:00
TSK-002830-2,ORD-002830,DC-11,PICK,RBT-0265,EXECUTING,EXECUTING,DC-11-Z02,DC-11-Z11,2026-08-18T00:52:00
TSK-002830-3,ORD-002830,DC-11,STAGE,RBT-0507,COMPLETE,EXECUTING,DC-11-Z09,DC-11-Z10,2026-08-18T00:03:00
TSK-002830-4,ORD-002830,DC-11,STAGE,RBT-0590,QUEUED,FAILED,DC-11-Z04,DC-11-Z09,2026-08-17T23:46:00
TSK-002831-1,ORD-002831,DC-11,REPLENISH,RBT-0704,QUEUED,QUEUED,DC-11-Z09,DC-11-Z05,2026-09-04T06:53:00
TSK-002831-2,ORD-002831,DC-11,PICK,RBT-0205,ASSIGNED,COMPLETE,DC-11-Z03,DC-11-Z10,2026-09-04T06:10:00
TSK-002831-3,ORD-002831,DC-11,MOVE,RBT-0138,COMPLETE,ASSIGNED,DC-11-Z10,DC-11-Z07,2026-09-04T07:36:00
TSK-002832-1,ORD-002832,DC-17,PACK_FEED,RBT-0311,COMPLETE,FAILED,DC-17-Z05,DC-17-Z02,2026-08-28T11:56:00
TSK-002832-2,ORD-002832,DC-17,STAGE,RBT-0671,COMPLETE,ASSIGNED,DC-17-Z08,DC-17-Z04,2026-08-28T12:57:00
TSK-002832-3,ORD-002832,DC-17,STAGE,RBT-0068,EXECUTING,FAILED,DC-17-Z04,DC-17-Z07,2026-08-28T12:28:00
TSK-002833-1,ORD-002833,DC-13,REPLENISH,RBT-0302,EXECUTING,ASSIGNED,DC-13-Z08,DC-13-Z12,2026-08-19T13:56:00
TSK-002833-2,ORD-002833,DC-13,PACK_FEED,RBT-0177,BLOCKED,COMPLETE,DC-13-Z01,DC-13-Z05,2026-08-19T14:25:00
TSK-002833-3,ORD-002833,DC-13,MOVE,RBT-0499,BLOCKED,COMPLETE,DC-13-Z11,DC-13-Z09,2026-08-19T14:09:00
TSK-002834-1,ORD-002834,DC-14,PACK_FEED,RBT-0629,COMPLETE,FAILED,DC-14-Z04,DC-14-Z08,2026-08-14T12:03:00
TSK-002834-2,ORD-002834,DC-14,STAGE,RBT-0249,EXECUTING,COMPLETE,DC-14-Z03,DC-14-Z08,2026-08-14T11:07:00
TSK-002834-3,ORD-002834,DC-14,STAGE,RBT-0059,COMPLETE,QUEUED,DC-14-Z06,DC-14-Z09,2026-08-14T11:22:00
TSK-002835-1,ORD-002835,DC-07,REPLENISH,RBT-0452,ASSIGNED,FAILED,DC-07-Z04,DC-07-Z06,2026-09-01T15:38:00
TSK-002836-1,ORD-002836,DC-07,PACK_FEED,RBT-0382,COMPLETE,ASSIGNED,DC-07-Z06,DC-07-Z01,2026-08-09T21:52:00
TSK-002836-2,ORD-002836,DC-07,PACK_FEED,RBT-0628,EXECUTING,COMPLETE,DC-07-Z05,DC-07-Z06,2026-08-09T21:26:00
TSK-002836-3,ORD-002836,DC-07,MOVE,RBT-0519,EXECUTING,QUEUED,DC-07-Z07,DC-07-Z07,2026-08-09T21:30:00
TSK-002836-4,ORD-002836,DC-07,STAGE,RBT-0124,COMPLETE,ASSIGNED,DC-07-Z12,DC-07-Z10,2026-08-09T20:47:00
TSK-002837-1,ORD-002837,DC-06,PICK,RBT-0516,EXECUTING,ASSIGNED,DC-06-Z12,DC-06-Z02,2026-08-16T12:09:00
TSK-002837-2,ORD-002837,DC-06,STAGE,RBT-0603,QUEUED,EXECUTING,DC-06-Z12,DC-06-Z12,2026-08-16T12:59:00
TSK-002837-3,ORD-002837,DC-06,PICK,RBT-0654,QUEUED,COMPLETE,DC-06-Z05,DC-06-Z08,2026-08-16T12:58:00
TSK-002837-4,ORD-002837,DC-06,STAGE,RBT-0692,BLOCKED,COMPLETE,DC-06-Z02,DC-06-Z01,2026-08-16T12:09:00
TSK-002838-1,ORD-002838,DC-05,MOVE,RBT-0710,ASSIGNED,EXECUTING,DC-05-Z07,DC-05-Z04,2026-08-24T10:03:00
TSK-002838-2,ORD-002838,DC-05,REPLENISH,RBT-0079,QUEUED,EXECUTING,DC-05-Z04,DC-05-Z05,2026-08-24T10:20:00
TSK-002838-3,ORD-002838,DC-05,MOVE,RBT-0314,EXECUTING,COMPLETE,DC-05-Z07,DC-05-Z10,2026-08-24T10:03:00
TSK-002839-1,ORD-002839,DC-15,MOVE,RBT-0403,BLOCKED,FAILED,DC-15-Z04,DC-15-Z07,2026-08-18T11:30:00
TSK-002839-2,ORD-002839,DC-15,PICK,RBT-0618,ASSIGNED,ASSIGNED,DC-15-Z09,DC-15-Z06,2026-08-18T11:22:00
TSK-002840-1,ORD-002840,DC-16,PICK,RBT-0658,ASSIGNED,QUEUED,DC-16-Z06,DC-16-Z05,2026-09-03T18:08:00
TSK-002840-2,ORD-002840,DC-16,STAGE,RBT-0123,BLOCKED,FAILED,DC-16-Z04,DC-16-Z06,2026-09-03T17:28:00
TSK-002840-3,ORD-002840,DC-16,PACK_FEED,RBT-0607,BLOCKED,COMPLETE,DC-16-Z12,DC-16-Z12,2026-09-03T17:43:00
TSK-002841-1,ORD-002841,DC-02,REPLENISH,RBT-0558,BLOCKED,COMPLETE,DC-02-Z09,DC-02-Z12,2026-08-15T22:18:00
TSK-002841-2,ORD-002841,DC-02,STAGE,RBT-0360,COMPLETE,COMPLETE,DC-02-Z07,DC-02-Z06,2026-08-15T21:22:00
TSK-002842-1,ORD-002842,DC-15,STAGE,RBT-0424,ASSIGNED,ASSIGNED,DC-15-Z10,DC-15-Z01,2026-08-28T17:38:00
TSK-002843-1,ORD-002843,DC-01,PICK,RBT-0152,EXECUTING,FAILED,DC-01-Z09,DC-01-Z03,2026-08-20T21:20:00
TSK-002843-2,ORD-002843,DC-01,PACK_FEED,RBT-0559,BLOCKED,EXECUTING,DC-01-Z02,DC-01-Z12,2026-08-20T21:30:00
TSK-002843-3,ORD-002843,DC-01,STAGE,RBT-0154,ASSIGNED,EXECUTING,DC-01-Z07,DC-01-Z08,2026-08-20T20:50:00
TSK-002844-1,ORD-002844,DC-10,MOVE,RBT-0210,COMPLETE,ASSIGNED,DC-10-Z10,DC-10-Z10,2026-08-29T00:58:00
TSK-002845-1,ORD-002845,DC-02,MOVE,RBT-0563,ASSIGNED,FAILED,DC-02-Z10,DC-02-Z06,2026-08-26T08:57:00
TSK-002845-2,ORD-002845,DC-02,PICK,RBT-0244,COMPLETE,EXECUTING,DC-02-Z02,DC-02-Z04,2026-08-26T10:00:00
TSK-002845-3,ORD-002845,DC-02,PACK_FEED,RBT-0501,EXECUTING,FAILED,DC-02-Z06,DC-02-Z05,2026-08-26T08:50:00
TSK-002846-1,ORD-002846,DC-07,STAGE,RBT-0578,ASSIGNED,COMPLETE,DC-07-Z08,DC-07-Z09,2026-08-23T16:07:00
TSK-002846-2,ORD-002846,DC-07,PICK,RBT-0279,COMPLETE,EXECUTING,DC-07-Z08,DC-07-Z06,2026-08-23T16:11:00
TSK-002847-1,ORD-002847,DC-06,PACK_FEED,RBT-0631,EXECUTING,COMPLETE,DC-06-Z01,DC-06-Z06,2026-08-29T12:40:00
TSK-002847-2,ORD-002847,DC-06,MOVE,RBT-0422,BLOCKED,ASSIGNED,DC-06-Z04,DC-06-Z07,2026-08-29T12:25:00
TSK-002847-3,ORD-002847,DC-06,MOVE,RBT-0373,EXECUTING,FAILED,DC-06-Z04,DC-06-Z01,2026-08-29T12:51:00
TSK-002848-1,ORD-002848,DC-12,MOVE,RBT-0325,COMPLETE,ASSIGNED,DC-12-Z11,DC-12-Z04,2026-08-22T10:59:00
TSK-002849-1,ORD-002849,DC-11,PICK,RBT-0685,ASSIGNED,QUEUED,DC-11-Z08,DC-11-Z08,2026-09-03T10:13:00
TSK-002849-2,ORD-002849,DC-11,PACK_FEED,RBT-0446,ASSIGNED,EXECUTING,DC-11-Z11,DC-11-Z02,2026-09-03T09:11:00
TSK-002849-3,ORD-002849,DC-11,PACK_FEED,RBT-0048,EXECUTING,QUEUED,DC-11-Z04,DC-11-Z01,2026-09-03T09:45:00
TSK-002850-1,ORD-002850,DC-10,PACK_FEED,RBT-0512,ASSIGNED,FAILED,DC-10-Z02,DC-10-Z02,2026-09-04T12:03:00
TSK-002850-2,ORD-002850,DC-10,PACK_FEED,RBT-0333,ASSIGNED,FAILED,DC-10-Z09,DC-10-Z11,2026-09-04T13:48:00
TSK-002851-1,ORD-002851,DC-05,MOVE,RBT-0095,EXECUTING,ASSIGNED,DC-05-Z07,DC-05-Z04,2026-08-03T11:13:00
TSK-002851-2,ORD-002851,DC-05,PICK,RBT-0034,QUEUED,ASSIGNED,DC-05-Z09,DC-05-Z03,2026-08-03T09:54:00
TSK-002851-3,ORD-002851,DC-05,PICK,RBT-0185,BLOCKED,QUEUED,DC-05-Z03,DC-05-Z08,2026-08-03T09:47:00
TSK-002851-4,ORD-002851,DC-05,REPLENISH,RBT-0144,COMPLETE,FAILED,DC-05-Z08,DC-05-Z01,2026-08-03T10:14:00
TSK-002852-1,ORD-002852,DC-10,PICK,RBT-0025,EXECUTING,QUEUED,DC-10-Z07,DC-10-Z06,2026-08-23T23:39:00
TSK-002852-2,ORD-002852,DC-10,PICK,RBT-0297,ASSIGNED,FAILED,DC-10-Z11,DC-10-Z08,2026-08-23T22:21:00
TSK-002852-3,ORD-002852,DC-10,PICK,RBT-0292,ASSIGNED,COMPLETE,DC-10-Z05,DC-10-Z03,2026-08-23T23:05:00
TSK-002853-1,ORD-002853,DC-18,MOVE,RBT-0311,QUEUED,EXECUTING,DC-18-Z06,DC-18-Z01,2026-08-12T21:22:00
TSK-002853-2,ORD-002853,DC-18,PACK_FEED,RBT-0652,BLOCKED,FAILED,DC-18-Z01,DC-18-Z10,2026-08-12T21:45:00
TSK-002853-3,ORD-002853,DC-18,REPLENISH,RBT-0593,QUEUED,ASSIGNED,DC-18-Z10,DC-18-Z01,2026-08-12T21:08:00
TSK-002854-1,ORD-002854,DC-17,MOVE,RBT-0222,ASSIGNED,FAILED,DC-17-Z04,DC-17-Z02,2026-08-01T12:47:00
TSK-002855-1,ORD-002855,DC-01,PACK_FEED,RBT-0437,QUEUED,FAILED,DC-01-Z07,DC-01-Z02,2026-08-11T05:39:00
TSK-002855-2,ORD-002855,DC-01,STAGE,RBT-0537,QUEUED,COMPLETE,DC-01-Z11,DC-01-Z03,2026-08-11T06:43:00
TSK-002855-3,ORD-002855,DC-01,STAGE,RBT-0344,QUEUED,EXECUTING,DC-01-Z01,DC-01-Z06,2026-08-11T05:26:00
TSK-002856-1,ORD-002856,DC-04,REPLENISH,RBT-0344,EXECUTING,FAILED,DC-04-Z03,DC-04-Z01,2026-09-03T14:05:00
TSK-002857-1,ORD-002857,DC-05,STAGE,RBT-0362,QUEUED,ASSIGNED,DC-05-Z05,DC-05-Z11,2026-08-28T22:10:00
TSK-002857-2,ORD-002857,DC-05,MOVE,RBT-0519,ASSIGNED,FAILED,DC-05-Z11,DC-05-Z02,2026-08-28T21:59:00
TSK-002857-3,ORD-002857,DC-05,REPLENISH,RBT-0504,ASSIGNED,EXECUTING,DC-05-Z08,DC-05-Z07,2026-08-28T22:19:00
TSK-002857-4,ORD-002857,DC-05,PACK_FEED,RBT-0352,QUEUED,ASSIGNED,DC-05-Z10,DC-05-Z09,2026-08-28T23:48:00
TSK-002858-1,ORD-002858,DC-03,STAGE,RBT-0033,BLOCKED,COMPLETE,DC-03-Z08,DC-03-Z11,2026-08-24T18:49:00
TSK-002858-2,ORD-002858,DC-03,PACK_FEED,RBT-0007,ASSIGNED,FAILED,DC-03-Z11,DC-03-Z09,2026-08-24T18:45:00
TSK-002858-3,ORD-002858,DC-03,STAGE,RBT-0164,EXECUTING,FAILED,DC-03-Z10,DC-03-Z09,2026-08-24T17:16:00
TSK-002859-1,ORD-002859,DC-18,PACK_FEED,RBT-0502,ASSIGNED,EXECUTING,DC-18-Z10,DC-18-Z10,2026-08-27T10:21:00
TSK-002859-2,ORD-002859,DC-18,PACK_FEED,RBT-0623,BLOCKED,EXECUTING,DC-18-Z02,DC-18-Z04,2026-08-27T09:28:00
TSK-002860-1,ORD-002860,DC-16,MOVE,RBT-0449,COMPLETE,FAILED,DC-16-Z05,DC-16-Z02,2026-08-25T17:19:00
TSK-002861-1,ORD-002861,DC-14,PACK_FEED,RBT-0393,BLOCKED,FAILED,DC-14-Z02,DC-14-Z12,2026-08-31T12:56:00
TSK-002861-2,ORD-002861,DC-14,MOVE,RBT-0093,ASSIGNED,ASSIGNED,DC-14-Z10,DC-14-Z08,2026-08-31T11:55:00
TSK-002862-1,ORD-002862,DC-12,PACK_FEED,RBT-0238,BLOCKED,ASSIGNED,DC-12-Z02,DC-12-Z04,2026-08-01T13:25:00
TSK-002863-1,ORD-002863,DC-18,STAGE,RBT-0537,QUEUED,FAILED,DC-18-Z04,DC-18-Z02,2026-08-28T18:37:00
TSK-002863-2,ORD-002863,DC-18,PACK_FEED,RBT-0688,EXECUTING,EXECUTING,DC-18-Z06,DC-18-Z10,2026-08-28T19:38:00
TSK-002864-1,ORD-002864,DC-04,PACK_FEED,RBT-0300,COMPLETE,ASSIGNED,DC-04-Z05,DC-04-Z02,2026-08-12T01:46:00
TSK-002864-2,ORD-002864,DC-04,STAGE,RBT-0535,EXECUTING,EXECUTING,DC-04-Z11,DC-04-Z09,2026-08-12T00:56:00
TSK-002864-3,ORD-002864,DC-04,PICK,RBT-0068,EXECUTING,EXECUTING,DC-04-Z09,DC-04-Z07,2026-08-12T02:37:00
TSK-002864-4,ORD-002864,DC-04,PICK,RBT-0355,COMPLETE,ASSIGNED,DC-04-Z09,DC-04-Z09,2026-08-12T01:46:00
TSK-002865-1,ORD-002865,DC-03,MOVE,RBT-0502,QUEUED,EXECUTING,DC-03-Z12,DC-03-Z07,2026-08-18T09:25:00
TSK-002865-2,ORD-002865,DC-03,MOVE,RBT-0177,COMPLETE,QUEUED,DC-03-Z08,DC-03-Z01,2026-08-18T10:26:00
TSK-002866-1,ORD-002866,DC-17,REPLENISH,RBT-0656,ASSIGNED,COMPLETE,DC-17-Z05,DC-17-Z11,2026-08-22T02:17:00
TSK-002866-2,ORD-002866,DC-17,MOVE,RBT-0109,BLOCKED,ASSIGNED,DC-17-Z09,DC-17-Z08,2026-08-22T02:48:00
TSK-002866-3,ORD-002866,DC-17,REPLENISH,RBT-0139,EXECUTING,QUEUED,DC-17-Z09,DC-17-Z01,2026-08-22T01:50:00
TSK-002867-1,ORD-002867,DC-18,PICK,RBT-0097,EXECUTING,QUEUED,DC-18-Z08,DC-18-Z10,2026-08-17T03:30:00
TSK-002867-2,ORD-002867,DC-18,MOVE,RBT-0199,EXECUTING,COMPLETE,DC-18-Z03,DC-18-Z12,2026-08-17T04:00:00
TSK-002868-1,ORD-002868,DC-12,PICK,RBT-0187,BLOCKED,EXECUTING,DC-12-Z03,DC-12-Z06,2026-08-17T04:46:00
TSK-002868-2,ORD-002868,DC-12,MOVE,RBT-0557,ASSIGNED,ASSIGNED,DC-12-Z12,DC-12-Z06,2026-08-17T04:34:00
TSK-002869-1,ORD-002869,DC-16,PICK,RBT-0603,BLOCKED,QUEUED,DC-16-Z10,DC-16-Z10,2026-08-05T15:19:00
TSK-002870-1,ORD-002870,DC-07,PICK,RBT-0101,BLOCKED,FAILED,DC-07-Z01,DC-07-Z04,2026-08-05T22:33:00
TSK-002871-1,ORD-002871,DC-08,STAGE,RBT-0449,ASSIGNED,COMPLETE,DC-08-Z04,DC-08-Z08,2026-08-25T03:24:00
TSK-002871-2,ORD-002871,DC-08,STAGE,RBT-0361,COMPLETE,FAILED,DC-08-Z09,DC-08-Z10,2026-08-25T04:47:00
TSK-002872-1,ORD-002872,DC-05,PICK,RBT-0040,COMPLETE,FAILED,DC-05-Z12,DC-05-Z09,2026-08-08T03:06:00
TSK-002872-2,ORD-002872,DC-05,PACK_FEED,RBT-0328,ASSIGNED,EXECUTING,DC-05-Z08,DC-05-Z08,2026-08-08T02:13:00
TSK-002872-3,ORD-002872,DC-05,PACK_FEED,RBT-0434,EXECUTING,ASSIGNED,DC-05-Z11,DC-05-Z10,2026-08-08T03:07:00
TSK-002872-4,ORD-002872,DC-05,STAGE,RBT-0605,ASSIGNED,EXECUTING,DC-05-Z01,DC-05-Z10,2026-08-08T02:11:00
TSK-002873-1,ORD-002873,DC-07,PACK_FEED,RBT-0293,ASSIGNED,COMPLETE,DC-07-Z12,DC-07-Z09,2026-08-13T20:49:00
TSK-002873-2,ORD-002873,DC-07,PACK_FEED,RBT-0091,COMPLETE,EXECUTING,DC-07-Z06,DC-07-Z01,2026-08-13T21:40:00
TSK-002873-3,ORD-002873,DC-07,MOVE,RBT-0301,BLOCKED,COMPLETE,DC-07-Z05,DC-07-Z05,2026-08-13T21:09:00
TSK-002873-4,ORD-002873,DC-07,MOVE,RBT-0618,EXECUTING,EXECUTING,DC-07-Z10,DC-07-Z06,2026-08-13T21:28:00
TSK-002874-1,ORD-002874,DC-12,MOVE,RBT-0202,ASSIGNED,ASSIGNED,DC-12-Z11,DC-12-Z01,2026-08-23T12:40:00
TSK-002874-2,ORD-002874,DC-12,PACK_FEED,RBT-0469,BLOCKED,FAILED,DC-12-Z10,DC-12-Z12,2026-08-23T13:45:00
TSK-002874-3,ORD-002874,DC-12,STAGE,RBT-0546,COMPLETE,COMPLETE,DC-12-Z09,DC-12-Z12,2026-08-23T14:30:00
TSK-002874-4,ORD-002874,DC-12,STAGE,RBT-0075,ASSIGNED,FAILED,DC-12-Z04,DC-12-Z09,2026-08-23T13:10:00
TSK-002875-1,ORD-002875,DC-04,REPLENISH,RBT-0498,BLOCKED,ASSIGNED,DC-04-Z11,DC-04-Z01,2026-09-02T01:52:00
TSK-002875-2,ORD-002875,DC-04,PACK_FEED,RBT-0639,QUEUED,QUEUED,DC-04-Z09,DC-04-Z12,2026-09-02T02:02:00
TSK-002875-3,ORD-002875,DC-04,PACK_FEED,RBT-0403,BLOCKED,COMPLETE,DC-04-Z03,DC-04-Z06,2026-09-02T02:37:00
TSK-002875-4,ORD-002875,DC-04,PACK_FEED,RBT-0121,ASSIGNED,FAILED,DC-04-Z07,DC-04-Z01,2026-09-02T01:45:00
TSK-002876-1,ORD-002876,DC-16,STAGE,RBT-0184,COMPLETE,ASSIGNED,DC-16-Z06,DC-16-Z12,2026-08-24T02:03:00
TSK-002877-1,ORD-002877,DC-08,PICK,RBT-0074,BLOCKED,ASSIGNED,DC-08-Z11,DC-08-Z11,2026-08-20T06:59:00
TSK-002878-1,ORD-002878,DC-15,MOVE,RBT-0133,QUEUED,COMPLETE,DC-15-Z05,DC-15-Z08,2026-08-21T06:45:00
TSK-002878-2,ORD-002878,DC-15,MOVE,RBT-0508,ASSIGNED,QUEUED,DC-15-Z06,DC-15-Z12,2026-08-21T07:17:00
TSK-002878-3,ORD-002878,DC-15,MOVE,RBT-0348,QUEUED,ASSIGNED,DC-15-Z04,DC-15-Z02,2026-08-21T07:18:00
TSK-002879-1,ORD-002879,DC-01,PACK_FEED,RBT-0077,BLOCKED,EXECUTING,DC-01-Z03,DC-01-Z10,2026-09-01T00:46:00
TSK-002879-2,ORD-002879,DC-01,STAGE,RBT-0073,QUEUED,ASSIGNED,DC-01-Z06,DC-01-Z05,2026-09-01T00:02:00
TSK-002879-3,ORD-002879,DC-01,STAGE,RBT-0632,QUEUED,ASSIGNED,DC-01-Z02,DC-01-Z02,2026-09-01T01:17:00
TSK-002879-4,ORD-002879,DC-01,REPLENISH,RBT-0558,COMPLETE,COMPLETE,DC-01-Z02,DC-01-Z11,2026-09-01T00:01:00
TSK-002880-1,ORD-002880,DC-04,STAGE,RBT-0009,EXECUTING,COMPLETE,DC-04-Z12,DC-04-Z06,2026-08-11T09:01:00
TSK-002880-2,ORD-002880,DC-04,MOVE,RBT-0216,EXECUTING,EXECUTING,DC-04-Z09,DC-04-Z05,2026-08-11T09:19:00
TSK-002881-1,ORD-002881,DC-04,REPLENISH,RBT-0147,BLOCKED,ASSIGNED,DC-04-Z05,DC-04-Z10,2026-08-18T23:31:00
TSK-002881-2,ORD-002881,DC-04,PACK_FEED,RBT-0344,QUEUED,ASSIGNED,DC-04-Z07,DC-04-Z10,2026-08-19T00:01:00
TSK-002881-3,ORD-002881,DC-04,MOVE,RBT-0137,ASSIGNED,EXECUTING,DC-04-Z06,DC-04-Z02,2026-08-18T23:03:00
TSK-002881-4,ORD-002881,DC-04,PICK,RBT-0567,EXECUTING,QUEUED,DC-04-Z06,DC-04-Z04,2026-08-19T00:10:00
TSK-002882-1,ORD-002882,DC-09,MOVE,RBT-0189,COMPLETE,QUEUED,DC-09-Z10,DC-09-Z05,2026-09-04T14:38:00
TSK-002882-2,ORD-002882,DC-09,MOVE,RBT-0656,QUEUED,EXECUTING,DC-09-Z01,DC-09-Z03,2026-09-04T14:07:00
TSK-002882-3,ORD-002882,DC-09,MOVE,RBT-0108,QUEUED,COMPLETE,DC-09-Z02,DC-09-Z09,2026-09-04T14:24:00
TSK-002883-1,ORD-002883,DC-08,STAGE,RBT-0310,COMPLETE,ASSIGNED,DC-08-Z07,DC-08-Z09,2026-09-01T16:46:00
TSK-002883-2,ORD-002883,DC-08,REPLENISH,RBT-0039,EXECUTING,FAILED,DC-08-Z02,DC-08-Z04,2026-09-01T16:59:00
TSK-002883-3,ORD-002883,DC-08,REPLENISH,RBT-0300,EXECUTING,QUEUED,DC-08-Z06,DC-08-Z11,2026-09-01T16:27:00
TSK-002884-1,ORD-002884,DC-16,REPLENISH,RBT-0544,COMPLETE,EXECUTING,DC-16-Z05,DC-16-Z11,2026-08-25T15:59:00
TSK-002884-2,ORD-002884,DC-16,MOVE,RBT-0164,EXECUTING,FAILED,DC-16-Z11,DC-16-Z09,2026-08-25T15:44:00
TSK-002884-3,ORD-002884,DC-16,STAGE,RBT-0419,BLOCKED,FAILED,DC-16-Z06,DC-16-Z07,2026-08-25T17:01:00
TSK-002885-1,ORD-002885,DC-13,PICK,RBT-0710,QUEUED,ASSIGNED,DC-13-Z03,DC-13-Z09,2026-09-04T04:23:00
TSK-002886-1,ORD-002886,DC-04,PACK_FEED,RBT-0213,BLOCKED,EXECUTING,DC-04-Z10,DC-04-Z10,2026-08-22T08:48:00
TSK-002887-1,ORD-002887,DC-14,REPLENISH,RBT-0232,ASSIGNED,FAILED,DC-14-Z11,DC-14-Z07,2026-08-15T07:45:00
TSK-002887-2,ORD-002887,DC-14,STAGE,RBT-0232,QUEUED,COMPLETE,DC-14-Z06,DC-14-Z09,2026-08-15T07:48:00
TSK-002887-3,ORD-002887,DC-14,PICK,RBT-0328,QUEUED,COMPLETE,DC-14-Z06,DC-14-Z07,2026-08-15T07:21:00
TSK-002887-4,ORD-002887,DC-14,MOVE,RBT-0025,COMPLETE,ASSIGNED,DC-14-Z11,DC-14-Z06,2026-08-15T08:17:00
TSK-002888-1,ORD-002888,DC-13,PACK_FEED,RBT-0015,EXECUTING,FAILED,DC-13-Z02,DC-13-Z12,2026-08-31T02:06:00
TSK-002888-2,ORD-002888,DC-13,REPLENISH,RBT-0336,COMPLETE,COMPLETE,DC-13-Z06,DC-13-Z10,2026-08-31T01:48:00
TSK-002888-3,ORD-002888,DC-13,STAGE,RBT-0697,BLOCKED,ASSIGNED,DC-13-Z01,DC-13-Z02,2026-08-31T02:00:00
TSK-002888-4,ORD-002888,DC-13,REPLENISH,RBT-0177,ASSIGNED,FAILED,DC-13-Z07,DC-13-Z01,2026-08-31T00:43:00
TSK-002889-1,ORD-002889,DC-10,REPLENISH,RBT-0649,BLOCKED,QUEUED,DC-10-Z04,DC-10-Z04,2026-08-19T21:48:00
TSK-002889-2,ORD-002889,DC-10,PACK_FEED,RBT-0352,BLOCKED,FAILED,DC-10-Z12,DC-10-Z06,2026-08-19T21:30:00
TSK-002889-3,ORD-002889,DC-10,MOVE,RBT-0080,ASSIGNED,ASSIGNED,DC-10-Z12,DC-10-Z04,2026-08-19T21:25:00
TSK-002889-4,ORD-002889,DC-10,MOVE,RBT-0219,ASSIGNED,FAILED,DC-10-Z02,DC-10-Z02,2026-08-19T22:36:00
TSK-002890-1,ORD-002890,DC-13,STAGE,RBT-0347,BLOCKED,QUEUED,DC-13-Z05,DC-13-Z09,2026-08-30T07:49:00
TSK-002890-2,ORD-002890,DC-13,MOVE,RBT-0209,QUEUED,QUEUED,DC-13-Z02,DC-13-Z07,2026-08-30T09:16:00
TSK-002890-3,ORD-002890,DC-13,PACK_FEED,RBT-0046,EXECUTING,FAILED,DC-13-Z04,DC-13-Z02,2026-08-30T09:38:00
TSK-002890-4,ORD-002890,DC-13,STAGE,RBT-0255,BLOCKED,QUEUED,DC-13-Z11,DC-13-Z01,2026-08-30T08:04:00
TSK-002891-1,ORD-002891,DC-02,STAGE,RBT-0681,COMPLETE,FAILED,DC-02-Z03,DC-02-Z03,2026-08-06T20:42:00
TSK-002891-2,ORD-002891,DC-02,MOVE,RBT-0110,ASSIGNED,FAILED,DC-02-Z11,DC-02-Z09,2026-08-06T20:39:00
TSK-002892-1,ORD-002892,DC-09,MOVE,RBT-0503,EXECUTING,EXECUTING,DC-09-Z02,DC-09-Z09,2026-09-03T01:07:00
TSK-002892-2,ORD-002892,DC-09,MOVE,RBT-0207,COMPLETE,FAILED,DC-09-Z12,DC-09-Z09,2026-09-03T00:54:00
TSK-002892-3,ORD-002892,DC-09,MOVE,RBT-0393,EXECUTING,QUEUED,DC-09-Z05,DC-09-Z04,2026-09-03T00:43:00
TSK-002893-1,ORD-002893,DC-17,PACK_FEED,RBT-0360,QUEUED,COMPLETE,DC-17-Z01,DC-17-Z05,2026-08-18T19:48:00
TSK-002893-2,ORD-002893,DC-17,STAGE,RBT-0285,COMPLETE,COMPLETE,DC-17-Z07,DC-17-Z01,2026-08-18T19:51:00
TSK-002894-1,ORD-002894,DC-18,REPLENISH,RBT-0069,QUEUED,EXECUTING,DC-18-Z07,DC-18-Z11,2026-09-02T08:43:00
TSK-002894-2,ORD-002894,DC-18,PACK_FEED,RBT-0374,EXECUTING,FAILED,DC-18-Z04,DC-18-Z06,2026-09-02T07:24:00
TSK-002894-3,ORD-002894,DC-18,REPLENISH,RBT-0383,EXECUTING,ASSIGNED,DC-18-Z09,DC-18-Z03,2026-09-02T09:09:00
TSK-002894-4,ORD-002894,DC-18,PACK_FEED,RBT-0225,EXECUTING,ASSIGNED,DC-18-Z08,DC-18-Z06,2026-09-02T07:49:00
TSK-002895-1,ORD-002895,DC-10,PICK,RBT-0658,EXECUTING,ASSIGNED,DC-10-Z11,DC-10-Z05,2026-09-04T13:30:00
TSK-002895-2,ORD-002895,DC-10,STAGE,RBT-0317,BLOCKED,EXECUTING,DC-10-Z11,DC-10-Z11,2026-09-04T14:18:00
TSK-002896-1,ORD-002896,DC-16,REPLENISH,RBT-0517,EXECUTING,QUEUED,DC-16-Z12,DC-16-Z08,2026-08-09T10:18:00
TSK-002897-1,ORD-002897,DC-17,REPLENISH,RBT-0709,QUEUED,EXECUTING,DC-17-Z10,DC-17-Z12,2026-08-05T00:03:00
TSK-002897-2,ORD-002897,DC-17,STAGE,RBT-0103,ASSIGNED,FAILED,DC-17-Z11,DC-17-Z02,2026-08-05T00:54:00
TSK-002897-3,ORD-002897,DC-17,PICK,RBT-0550,ASSIGNED,COMPLETE,DC-17-Z11,DC-17-Z11,2026-08-05T00:47:00
TSK-002898-1,ORD-002898,DC-14,PACK_FEED,RBT-0075,EXECUTING,ASSIGNED,DC-14-Z03,DC-14-Z02,2026-08-21T08:21:00
TSK-002898-2,ORD-002898,DC-14,MOVE,RBT-0600,COMPLETE,ASSIGNED,DC-14-Z06,DC-14-Z06,2026-08-21T07:36:00
TSK-002899-1,ORD-002899,DC-09,PACK_FEED,RBT-0290,EXECUTING,ASSIGNED,DC-09-Z09,DC-09-Z03,2026-08-11T16:56:00
TSK-002899-2,ORD-002899,DC-09,PICK,RBT-0540,QUEUED,ASSIGNED,DC-09-Z08,DC-09-Z04,2026-08-11T17:14:00
TSK-002899-3,ORD-002899,DC-09,PICK,RBT-0491,EXECUTING,QUEUED,DC-09-Z08,DC-09-Z07,2026-08-11T17:34:00
TSK-002899-4,ORD-002899,DC-09,PICK,RBT-0001,QUEUED,QUEUED,DC-09-Z12,DC-09-Z06,2026-08-11T16:59:00
TSK-002900-1,ORD-002900,DC-05,STAGE,RBT-0293,ASSIGNED,FAILED,DC-05-Z10,DC-05-Z11,2026-08-21T11:47:00
TSK-002900-2,ORD-002900,DC-05,STAGE,RBT-0326,EXECUTING,EXECUTING,DC-05-Z02,DC-05-Z09,2026-08-21T12:10:00
TSK-002900-3,ORD-002900,DC-05,MOVE,RBT-0396,EXECUTING,FAILED,DC-05-Z09,DC-05-Z09,2026-08-21T11:57:00
TSK-002900-4,ORD-002900,DC-05,STAGE,RBT-0603,ASSIGNED,EXECUTING,DC-05-Z04,DC-05-Z11,2026-08-21T10:54:00
TSK-002901-1,ORD-002901,DC-14,PICK,RBT-0503,COMPLETE,EXECUTING,DC-14-Z03,DC-14-Z05,2026-08-30T19:51:00
TSK-002901-2,ORD-002901,DC-14,MOVE,RBT-0586,QUEUED,EXECUTING,DC-14-Z11,DC-14-Z01,2026-08-30T20:57:00
TSK-002901-3,ORD-002901,DC-14,STAGE,RBT-0021,COMPLETE,QUEUED,DC-14-Z02,DC-14-Z09,2026-08-30T20:11:00
TSK-002901-4,ORD-002901,DC-14,MOVE,RBT-0294,EXECUTING,QUEUED,DC-14-Z08,DC-14-Z05,2026-08-30T20:30:00
TSK-002902-1,ORD-002902,DC-12,PACK_FEED,RBT-0678,QUEUED,FAILED,DC-12-Z03,DC-12-Z03,2026-08-29T22:57:00
TSK-002902-2,ORD-002902,DC-12,REPLENISH,RBT-0556,EXECUTING,COMPLETE,DC-12-Z01,DC-12-Z03,2026-08-29T23:40:00
TSK-002902-3,ORD-002902,DC-12,PACK_FEED,RBT-0538,BLOCKED,ASSIGNED,DC-12-Z07,DC-12-Z03,2026-08-30T00:38:00
TSK-002903-1,ORD-002903,DC-18,REPLENISH,RBT-0250,QUEUED,EXECUTING,DC-18-Z07,DC-18-Z09,2026-08-21T12:55:00
TSK-002903-2,ORD-002903,DC-18,PICK,RBT-0131,QUEUED,FAILED,DC-18-Z11,DC-18-Z05,2026-08-21T14:20:00
TSK-002903-3,ORD-002903,DC-18,MOVE,RBT-0202,COMPLETE,EXECUTING,DC-18-Z03,DC-18-Z11,2026-08-21T14:33:00
TSK-002904-1,ORD-002904,DC-14,REPLENISH,RBT-0703,BLOCKED,COMPLETE,DC-14-Z06,DC-14-Z11,2026-08-01T07:13:00
TSK-002904-2,ORD-002904,DC-14,PACK_FEED,RBT-0569,COMPLETE,QUEUED,DC-14-Z05,DC-14-Z03,2026-08-01T07:07:00
TSK-002904-3,ORD-002904,DC-14,PACK_FEED,RBT-0463,QUEUED,COMPLETE,DC-14-Z01,DC-14-Z06,2026-08-01T08:02:00
TSK-002904-4,ORD-002904,DC-14,REPLENISH,RBT-0216,QUEUED,FAILED,DC-14-Z08,DC-14-Z02,2026-08-01T07:29:00
TSK-002905-1,ORD-002905,DC-03,MOVE,RBT-0382,EXECUTING,COMPLETE,DC-03-Z07,DC-03-Z06,2026-08-15T01:47:00
TSK-002905-2,ORD-002905,DC-03,REPLENISH,RBT-0023,EXECUTING,ASSIGNED,DC-03-Z01,DC-03-Z07,2026-08-15T02:11:00
TSK-002905-3,ORD-002905,DC-03,REPLENISH,RBT-0023,QUEUED,QUEUED,DC-03-Z04,DC-03-Z02,2026-08-15T01:48:00
TSK-002906-1,ORD-002906,DC-06,PACK_FEED,RBT-0600,QUEUED,ASSIGNED,DC-06-Z04,DC-06-Z11,2026-08-01T08:15:00
TSK-002907-1,ORD-002907,DC-12,PACK_FEED,RBT-0005,EXECUTING,COMPLETE,DC-12-Z02,DC-12-Z04,2026-08-29T05:44:00
TSK-002907-2,ORD-002907,DC-12,MOVE,RBT-0381,EXECUTING,QUEUED,DC-12-Z12,DC-12-Z09,2026-08-29T06:46:00
TSK-002907-3,ORD-002907,DC-12,PICK,RBT-0078,BLOCKED,EXECUTING,DC-12-Z10,DC-12-Z01,2026-08-29T05:33:00
TSK-002907-4,ORD-002907,DC-12,MOVE,RBT-0257,QUEUED,EXECUTING,DC-12-Z05,DC-12-Z02,2026-08-29T06:11:00
TSK-002908-1,ORD-002908,DC-08,MOVE,RBT-0217,QUEUED,COMPLETE,DC-08-Z05,DC-08-Z03,2026-08-09T13:42:00
TSK-002909-1,ORD-002909,DC-10,PACK_FEED,RBT-0701,COMPLETE,EXECUTING,DC-10-Z11,DC-10-Z03,2026-08-19T20:53:00
TSK-002909-2,ORD-002909,DC-10,STAGE,RBT-0247,COMPLETE,ASSIGNED,DC-10-Z04,DC-10-Z11,2026-08-19T20:53:00
TSK-002909-3,ORD-002909,DC-10,PACK_FEED,RBT-0675,COMPLETE,FAILED,DC-10-Z12,DC-10-Z02,2026-08-19T21:08:00
TSK-002910-1,ORD-002910,DC-11,MOVE,RBT-0340,EXECUTING,ASSIGNED,DC-11-Z06,DC-11-Z04,2026-08-06T04:50:00
TSK-002910-2,ORD-002910,DC-11,PICK,RBT-0085,QUEUED,QUEUED,DC-11-Z05,DC-11-Z03,2026-08-06T05:22:00
TSK-002910-3,ORD-002910,DC-11,PICK,RBT-0037,BLOCKED,QUEUED,DC-11-Z05,DC-11-Z02,2026-08-06T05:20:00
TSK-002910-4,ORD-002910,DC-11,MOVE,RBT-0204,ASSIGNED,ASSIGNED,DC-11-Z07,DC-11-Z04,2026-08-06T03:32:00
TSK-002911-1,ORD-002911,DC-14,STAGE,RBT-0710,ASSIGNED,FAILED,DC-14-Z06,DC-14-Z02,2026-08-16T16:02:00
TSK-002911-2,ORD-002911,DC-14,STAGE,RBT-0200,BLOCKED,FAILED,DC-14-Z05,DC-14-Z10,2026-08-16T16:29:00
TSK-002911-3,ORD-002911,DC-14,REPLENISH,RBT-0443,EXECUTING,FAILED,DC-14-Z11,DC-14-Z10,2026-08-16T14:52:00
TSK-002911-4,ORD-002911,DC-14,STAGE,RBT-0510,ASSIGNED,QUEUED,DC-14-Z09,DC-14-Z05,2026-08-16T15:44:00
TSK-002912-1,ORD-002912,DC-08,STAGE,RBT-0243,QUEUED,COMPLETE,DC-08-Z09,DC-08-Z05,2026-08-19T00:13:00
TSK-002912-2,ORD-002912,DC-08,MOVE,RBT-0148,BLOCKED,ASSIGNED,DC-08-Z10,DC-08-Z03,2026-08-18T23:25:00
TSK-002912-3,ORD-002912,DC-08,REPLENISH,RBT-0528,BLOCKED,EXECUTING,DC-08-Z10,DC-08-Z12,2026-08-18T23:13:00
TSK-002913-1,ORD-002913,DC-09,STAGE,RBT-0177,BLOCKED,FAILED,DC-09-Z12,DC-09-Z04,2026-08-29T09:14:00
TSK-002913-2,ORD-002913,DC-09,STAGE,RBT-0650,QUEUED,EXECUTING,DC-09-Z07,DC-09-Z02,2026-08-29T08:17:00
TSK-002914-1,ORD-002914,DC-15,PACK_FEED,RBT-0342,EXECUTING,EXECUTING,DC-15-Z11,DC-15-Z07,2026-08-23T06:40:00
TSK-002914-2,ORD-002914,DC-15,PACK_FEED,RBT-0367,QUEUED,FAILED,DC-15-Z03,DC-15-Z10,2026-08-23T07:44:00
TSK-002915-1,ORD-002915,DC-02,PACK_FEED,RBT-0147,EXECUTING,ASSIGNED,DC-02-Z03,DC-02-Z11,2026-08-28T10:07:00
TSK-002915-2,ORD-002915,DC-02,STAGE,RBT-0419,ASSIGNED,ASSIGNED,DC-02-Z06,DC-02-Z05,2026-08-28T08:32:00
TSK-002916-1,ORD-002916,DC-11,PICK,RBT-0663,QUEUED,QUEUED,DC-11-Z11,DC-11-Z11,2026-08-09T03:13:00
TSK-002917-1,ORD-002917,DC-16,PACK_FEED,RBT-0241,BLOCKED,COMPLETE,DC-16-Z10,DC-16-Z10,2026-08-29T22:24:00
TSK-002917-2,ORD-002917,DC-16,PACK_FEED,RBT-0646,ASSIGNED,ASSIGNED,DC-16-Z11,DC-16-Z12,2026-08-29T22:26:00
TSK-002917-3,ORD-002917,DC-16,REPLENISH,RBT-0423,ASSIGNED,FAILED,DC-16-Z10,DC-16-Z04,2026-08-29T23:31:00
TSK-002918-1,ORD-002918,DC-16,PICK,RBT-0033,COMPLETE,FAILED,DC-16-Z01,DC-16-Z02,2026-08-31T23:06:00
TSK-002918-2,ORD-002918,DC-16,MOVE,RBT-0050,EXECUTING,EXECUTING,DC-16-Z05,DC-16-Z04,2026-09-01T00:51:00
TSK-002919-1,ORD-002919,DC-09,REPLENISH,RBT-0350,BLOCKED,ASSIGNED,DC-09-Z12,DC-09-Z03,2026-08-23T02:11:00
TSK-002919-2,ORD-002919,DC-09,PACK_FEED,RBT-0631,QUEUED,FAILED,DC-09-Z06,DC-09-Z01,2026-08-23T00:48:00
TSK-002919-3,ORD-002919,DC-09,MOVE,RBT-0236,BLOCKED,QUEUED,DC-09-Z04,DC-09-Z05,2026-08-23T02:17:00
TSK-002919-4,ORD-002919,DC-09,PACK_FEED,RBT-0564,BLOCKED,QUEUED,DC-09-Z10,DC-09-Z07,2026-08-23T00:55:00
TSK-002920-1,ORD-002920,DC-13,PICK,RBT-0104,QUEUED,COMPLETE,DC-13-Z06,DC-13-Z02,2026-08-13T16:10:00
TSK-002920-2,ORD-002920,DC-13,PICK,RBT-0098,EXECUTING,FAILED,DC-13-Z08,DC-13-Z08,2026-08-13T15:48:00
TSK-002921-1,ORD-002921,DC-16,PACK_FEED,RBT-0276,COMPLETE,QUEUED,DC-16-Z05,DC-16-Z06,2026-08-19T07:52:00
TSK-002922-1,ORD-002922,DC-01,PACK_FEED,RBT-0517,EXECUTING,EXECUTING,DC-01-Z12,DC-01-Z04,2026-08-21T14:28:00
TSK-002922-2,ORD-002922,DC-01,PICK,RBT-0480,EXECUTING,QUEUED,DC-01-Z12,DC-01-Z11,2026-08-21T14:45:00
TSK-002922-3,ORD-002922,DC-01,MOVE,RBT-0267,EXECUTING,ASSIGNED,DC-01-Z12,DC-01-Z07,2026-08-21T14:58:00
TSK-002923-1,ORD-002923,DC-11,STAGE,RBT-0250,EXECUTING,FAILED,DC-11-Z03,DC-11-Z01,2026-08-26T10:40:00
TSK-002923-2,ORD-002923,DC-11,PACK_FEED,RBT-0235,COMPLETE,EXECUTING,DC-11-Z12,DC-11-Z03,2026-08-26T09:25:00
TSK-002924-1,ORD-002924,DC-15,MOVE,RBT-0183,COMPLETE,ASSIGNED,DC-15-Z02,DC-15-Z06,2026-08-19T20:44:00
TSK-002924-2,ORD-002924,DC-15,REPLENISH,RBT-0050,ASSIGNED,EXECUTING,DC-15-Z04,DC-15-Z02,2026-08-19T20:45:00
TSK-002925-1,ORD-002925,DC-05,STAGE,RBT-0219,QUEUED,COMPLETE,DC-05-Z09,DC-05-Z01,2026-08-13T17:50:00
TSK-002925-2,ORD-002925,DC-05,STAGE,RBT-0320,ASSIGNED,FAILED,DC-05-Z04,DC-05-Z05,2026-08-13T17:19:00
TSK-002926-1,ORD-002926,DC-01,PACK_FEED,RBT-0403,BLOCKED,QUEUED,DC-01-Z11,DC-01-Z12,2026-08-19T01:55:00
TSK-002926-2,ORD-002926,DC-01,MOVE,RBT-0099,COMPLETE,EXECUTING,DC-01-Z01,DC-01-Z09,2026-08-19T02:24:00
TSK-002926-3,ORD-002926,DC-01,MOVE,RBT-0251,EXECUTING,FAILED,DC-01-Z10,DC-01-Z07,2026-08-19T01:38:00
TSK-002927-1,ORD-002927,DC-14,MOVE,RBT-0471,COMPLETE,COMPLETE,DC-14-Z09,DC-14-Z09,2026-08-26T13:10:00
TSK-002927-2,ORD-002927,DC-14,REPLENISH,RBT-0051,ASSIGNED,FAILED,DC-14-Z07,DC-14-Z09,2026-08-26T13:36:00
TSK-002928-1,ORD-002928,DC-05,PICK,RBT-0078,QUEUED,ASSIGNED,DC-05-Z03,DC-05-Z10,2026-08-19T01:53:00
TSK-002928-2,ORD-002928,DC-05,PACK_FEED,RBT-0369,BLOCKED,QUEUED,DC-05-Z07,DC-05-Z08,2026-08-19T03:31:00
TSK-002928-3,ORD-002928,DC-05,PACK_FEED,RBT-0501,BLOCKED,EXECUTING,DC-05-Z08,DC-05-Z11,2026-08-19T03:43:00
TSK-002928-4,ORD-002928,DC-05,STAGE,RBT-0098,QUEUED,ASSIGNED,DC-05-Z07,DC-05-Z06,2026-08-19T02:58:00
TSK-002929-1,ORD-002929,DC-08,PICK,RBT-0574,QUEUED,QUEUED,DC-08-Z09,DC-08-Z02,2026-08-13T11:31:00
TSK-002930-1,ORD-002930,DC-03,MOVE,RBT-0660,QUEUED,FAILED,DC-03-Z01,DC-03-Z05,2026-08-30T05:45:00
TSK-002931-1,ORD-002931,DC-09,MOVE,RBT-0500,BLOCKED,EXECUTING,DC-09-Z11,DC-09-Z03,2026-08-07T01:53:00
TSK-002932-1,ORD-002932,DC-05,MOVE,RBT-0025,QUEUED,EXECUTING,DC-05-Z07,DC-05-Z02,2026-08-25T16:37:00
TSK-002932-2,ORD-002932,DC-05,PICK,RBT-0652,COMPLETE,QUEUED,DC-05-Z08,DC-05-Z05,2026-08-25T17:09:00
TSK-002932-3,ORD-002932,DC-05,PICK,RBT-0503,COMPLETE,EXECUTING,DC-05-Z01,DC-05-Z09,2026-08-25T18:06:00
TSK-002932-4,ORD-002932,DC-05,STAGE,RBT-0653,COMPLETE,EXECUTING,DC-05-Z02,DC-05-Z07,2026-08-25T17:21:00
TSK-002933-1,ORD-002933,DC-17,PACK_FEED,RBT-0274,COMPLETE,COMPLETE,DC-17-Z12,DC-17-Z12,2026-08-21T02:01:00
TSK-002933-2,ORD-002933,DC-17,STAGE,RBT-0483,BLOCKED,QUEUED,DC-17-Z06,DC-17-Z10,2026-08-21T03:42:00
TSK-002933-3,ORD-002933,DC-17,MOVE,RBT-0236,QUEUED,COMPLETE,DC-17-Z06,DC-17-Z08,2026-08-21T02:34:00
TSK-002933-4,ORD-002933,DC-17,REPLENISH,RBT-0488,COMPLETE,COMPLETE,DC-17-Z09,DC-17-Z09,2026-08-21T01:55:00
TSK-002934-1,ORD-002934,DC-09,PICK,RBT-0364,COMPLETE,EXECUTING,DC-09-Z01,DC-09-Z08,2026-08-26T16:07:00
TSK-002935-1,ORD-002935,DC-13,STAGE,RBT-0576,EXECUTING,EXECUTING,DC-13-Z04,DC-13-Z09,2026-08-29T04:20:00
TSK-002936-1,ORD-002936,DC-02,PACK_FEED,RBT-0337,EXECUTING,COMPLETE,DC-02-Z04,DC-02-Z06,2026-09-04T07:00:00
TSK-002936-2,ORD-002936,DC-02,STAGE,RBT-0568,COMPLETE,COMPLETE,DC-02-Z05,DC-02-Z05,2026-09-04T06:43:00
TSK-002937-1,ORD-002937,DC-11,PACK_FEED,RBT-0078,BLOCKED,COMPLETE,DC-11-Z11,DC-11-Z09,2026-08-17T13:53:00
TSK-002938-1,ORD-002938,DC-11,STAGE,RBT-0015,EXECUTING,EXECUTING,DC-11-Z07,DC-11-Z05,2026-08-31T00:16:00
TSK-002939-1,ORD-002939,DC-11,PACK_FEED,RBT-0370,QUEUED,EXECUTING,DC-11-Z09,DC-11-Z10,2026-08-06T07:50:00
TSK-002939-2,ORD-002939,DC-11,PICK,RBT-0598,BLOCKED,FAILED,DC-11-Z02,DC-11-Z06,2026-08-06T06:57:00
TSK-002940-1,ORD-002940,DC-06,STAGE,RBT-0082,COMPLETE,FAILED,DC-06-Z11,DC-06-Z07,2026-08-19T05:31:00
TSK-002941-1,ORD-002941,DC-02,PICK,RBT-0521,COMPLETE,COMPLETE,DC-02-Z03,DC-02-Z06,2026-08-20T19:21:00
TSK-002941-2,ORD-002941,DC-02,REPLENISH,RBT-0472,QUEUED,QUEUED,DC-02-Z03,DC-02-Z12,2026-08-20T19:26:00
TSK-002941-3,ORD-002941,DC-02,MOVE,RBT-0155,ASSIGNED,ASSIGNED,DC-02-Z01,DC-02-Z03,2026-08-20T19:11:00
TSK-002941-4,ORD-002941,DC-02,PICK,RBT-0689,COMPLETE,COMPLETE,DC-02-Z06,DC-02-Z04,2026-08-20T18:48:00
TSK-002942-1,ORD-002942,DC-05,STAGE,RBT-0451,ASSIGNED,COMPLETE,DC-05-Z02,DC-05-Z03,2026-09-04T02:49:00
TSK-002942-2,ORD-002942,DC-05,PACK_FEED,RBT-0528,ASSIGNED,FAILED,DC-05-Z07,DC-05-Z05,2026-09-04T01:54:00
TSK-002942-3,ORD-002942,DC-05,MOVE,RBT-0631,COMPLETE,FAILED,DC-05-Z11,DC-05-Z04,2026-09-04T02:36:00
TSK-002943-1,ORD-002943,DC-08,PACK_FEED,RBT-0687,EXECUTING,COMPLETE,DC-08-Z10,DC-08-Z03,2026-08-23T05:19:00
TSK-002943-2,ORD-002943,DC-08,REPLENISH,RBT-0279,QUEUED,ASSIGNED,DC-08-Z10,DC-08-Z06,2026-08-23T05:00:00
TSK-002943-3,ORD-002943,DC-08,REPLENISH,RBT-0190,BLOCKED,QUEUED,DC-08-Z11,DC-08-Z05,2026-08-23T04:55:00
TSK-002944-1,ORD-002944,DC-08,REPLENISH,RBT-0165,COMPLETE,FAILED,DC-08-Z01,DC-08-Z10,2026-08-19T14:09:00
TSK-002944-2,ORD-002944,DC-08,PACK_FEED,RBT-0198,COMPLETE,FAILED,DC-08-Z02,DC-08-Z09,2026-08-19T14:00:00
TSK-002944-3,ORD-002944,DC-08,PICK,RBT-0594,EXECUTING,FAILED,DC-08-Z12,DC-08-Z04,2026-08-19T13:56:00
TSK-002945-1,ORD-002945,DC-15,REPLENISH,RBT-0604,EXECUTING,EXECUTING,DC-15-Z07,DC-15-Z09,2026-08-19T03:32:00
TSK-002945-2,ORD-002945,DC-15,REPLENISH,RBT-0399,COMPLETE,ASSIGNED,DC-15-Z01,DC-15-Z08,2026-08-19T03:44:00
TSK-002945-3,ORD-002945,DC-15,STAGE,RBT-0508,ASSIGNED,COMPLETE,DC-15-Z12,DC-15-Z11,2026-08-19T02:24:00
TSK-002945-4,ORD-002945,DC-15,STAGE,RBT-0640,BLOCKED,EXECUTING,DC-15-Z08,DC-15-Z09,2026-08-19T02:54:00
TSK-002946-1,ORD-002946,DC-18,STAGE,RBT-0226,BLOCKED,ASSIGNED,DC-18-Z09,DC-18-Z08,2026-08-24T15:01:00
TSK-002946-2,ORD-002946,DC-18,MOVE,RBT-0309,COMPLETE,ASSIGNED,DC-18-Z05,DC-18-Z04,2026-08-24T14:39:00
TSK-002947-1,ORD-002947,DC-15,PACK_FEED,RBT-0620,COMPLETE,FAILED,DC-15-Z08,DC-15-Z01,2026-08-29T11:15:00
TSK-002947-2,ORD-002947,DC-15,REPLENISH,RBT-0226,BLOCKED,EXECUTING,DC-15-Z05,DC-15-Z06,2026-08-29T11:19:00
TSK-002947-3,ORD-002947,DC-15,MOVE,RBT-0525,EXECUTING,ASSIGNED,DC-15-Z05,DC-15-Z09,2026-08-29T10:46:00
TSK-002948-1,ORD-002948,DC-08,REPLENISH,RBT-0167,ASSIGNED,EXECUTING,DC-08-Z05,DC-08-Z08,2026-08-05T21:48:00
TSK-002949-1,ORD-002949,DC-16,REPLENISH,RBT-0227,QUEUED,ASSIGNED,DC-16-Z10,DC-16-Z07,2026-08-28T06:03:00
TSK-002950-1,ORD-002950,DC-07,STAGE,RBT-0260,COMPLETE,FAILED,DC-07-Z01,DC-07-Z10,2026-08-10T20:07:00
TSK-002950-2,ORD-002950,DC-07,PACK_FEED,RBT-0599,ASSIGNED,COMPLETE,DC-07-Z09,DC-07-Z06,2026-08-10T19:23:00
TSK-002950-3,ORD-002950,DC-07,STAGE,RBT-0306,BLOCKED,ASSIGNED,DC-07-Z09,DC-07-Z03,2026-08-10T20:23:00
TSK-002950-4,ORD-002950,DC-07,PICK,RBT-0351,ASSIGNED,FAILED,DC-07-Z07,DC-07-Z03,2026-08-10T21:02:00
TSK-002951-1,ORD-002951,DC-08,STAGE,RBT-0220,EXECUTING,COMPLETE,DC-08-Z05,DC-08-Z11,2026-08-10T21:13:00
TSK-002951-2,ORD-002951,DC-08,PICK,RBT-0062,EXECUTING,FAILED,DC-08-Z03,DC-08-Z02,2026-08-10T21:10:00
TSK-002952-1,ORD-002952,DC-12,STAGE,RBT-0280,COMPLETE,EXECUTING,DC-12-Z08,DC-12-Z01,2026-08-01T12:00:00
TSK-002952-2,ORD-002952,DC-12,PICK,RBT-0619,QUEUED,COMPLETE,DC-12-Z09,DC-12-Z08,2026-08-01T10:49:00
TSK-002952-3,ORD-002952,DC-12,STAGE,RBT-0167,ASSIGNED,FAILED,DC-12-Z10,DC-12-Z11,2026-08-01T11:46:00
TSK-002953-1,ORD-002953,DC-07,REPLENISH,RBT-0408,ASSIGNED,ASSIGNED,DC-07-Z08,DC-07-Z12,2026-08-13T18:48:00
TSK-002953-2,ORD-002953,DC-07,PACK_FEED,RBT-0582,COMPLETE,ASSIGNED,DC-07-Z01,DC-07-Z02,2026-08-13T18:52:00
TSK-002954-1,ORD-002954,DC-01,STAGE,RBT-0085,COMPLETE,COMPLETE,DC-01-Z06,DC-01-Z11,2026-08-18T02:50:00
TSK-002955-1,ORD-002955,DC-08,PACK_FEED,RBT-0413,COMPLETE,EXECUTING,DC-08-Z06,DC-08-Z03,2026-08-18T10:47:00
TSK-002956-1,ORD-002956,DC-10,REPLENISH,RBT-0622,QUEUED,EXECUTING,DC-10-Z01,DC-10-Z12,2026-09-01T21:58:00
TSK-002956-2,ORD-002956,DC-10,PACK_FEED,RBT-0007,ASSIGNED,FAILED,DC-10-Z03,DC-10-Z10,2026-09-01T20:49:00
TSK-002956-3,ORD-002956,DC-10,REPLENISH,RBT-0528,EXECUTING,COMPLETE,DC-10-Z06,DC-10-Z08,2026-09-01T21:11:00
TSK-002956-4,ORD-002956,DC-10,PACK_FEED,RBT-0534,COMPLETE,ASSIGNED,DC-10-Z02,DC-10-Z09,2026-09-01T21:02:00
TSK-002957-1,ORD-002957,DC-02,STAGE,RBT-0327,QUEUED,FAILED,DC-02-Z12,DC-02-Z07,2026-08-08T02:48:00
TSK-002957-2,ORD-002957,DC-02,MOVE,RBT-0704,EXECUTING,FAILED,DC-02-Z09,DC-02-Z10,2026-08-08T03:37:00
TSK-002957-3,ORD-002957,DC-02,STAGE,RBT-0110,COMPLETE,EXECUTING,DC-02-Z06,DC-02-Z02,2026-08-08T02:33:00
TSK-002958-1,ORD-002958,DC-17,PICK,RBT-0493,EXECUTING,FAILED,DC-17-Z02,DC-17-Z07,2026-08-15T12:46:00
TSK-002958-2,ORD-002958,DC-17,PICK,RBT-0080,BLOCKED,COMPLETE,DC-17-Z04,DC-17-Z06,2026-08-15T12:47:00
TSK-002958-3,ORD-002958,DC-17,STAGE,RBT-0486,QUEUED,EXECUTING,DC-17-Z05,DC-17-Z10,2026-08-15T14:12:00
TSK-002959-1,ORD-002959,DC-11,MOVE,RBT-0282,BLOCKED,EXECUTING,DC-11-Z06,DC-11-Z10,2026-08-12T06:35:00
TSK-002959-2,ORD-002959,DC-11,REPLENISH,RBT-0519,ASSIGNED,COMPLETE,DC-11-Z06,DC-11-Z09,2026-08-12T07:26:00
TSK-002959-3,ORD-002959,DC-11,REPLENISH,RBT-0371,QUEUED,ASSIGNED,DC-11-Z08,DC-11-Z04,2026-08-12T07:06:00
TSK-002959-4,ORD-002959,DC-11,REPLENISH,RBT-0483,EXECUTING,FAILED,DC-11-Z04,DC-11-Z04,2026-08-12T06:44:00
TSK-002960-1,ORD-002960,DC-06,MOVE,RBT-0300,BLOCKED,QUEUED,DC-06-Z10,DC-06-Z01,2026-09-02T13:25:00
TSK-002960-2,ORD-002960,DC-06,PICK,RBT-0442,ASSIGNED,EXECUTING,DC-06-Z12,DC-06-Z04,2026-09-02T14:36:00
TSK-002960-3,ORD-002960,DC-06,REPLENISH,RBT-0098,COMPLETE,COMPLETE,DC-06-Z03,DC-06-Z07,2026-09-02T13:36:00
TSK-002961-1,ORD-002961,DC-05,STAGE,RBT-0292,EXECUTING,COMPLETE,DC-05-Z02,DC-05-Z08,2026-08-31T10:48:00
TSK-002962-1,ORD-002962,DC-01,MOVE,RBT-0047,ASSIGNED,FAILED,DC-01-Z01,DC-01-Z04,2026-08-11T12:08:00
TSK-002962-2,ORD-002962,DC-01,PACK_FEED,RBT-0625,ASSIGNED,FAILED,DC-01-Z05,DC-01-Z02,2026-08-11T12:45:00
TSK-002963-1,ORD-002963,DC-07,PICK,RBT-0680,ASSIGNED,FAILED,DC-07-Z10,DC-07-Z05,2026-08-05T08:00:00
TSK-002963-2,ORD-002963,DC-07,STAGE,RBT-0541,COMPLETE,ASSIGNED,DC-07-Z02,DC-07-Z09,2026-08-05T07:30:00
TSK-002964-1,ORD-002964,DC-03,STAGE,RBT-0668,QUEUED,ASSIGNED,DC-03-Z01,DC-03-Z07,2026-08-03T02:52:00
TSK-002964-2,ORD-002964,DC-03,REPLENISH,RBT-0234,COMPLETE,EXECUTING,DC-03-Z06,DC-03-Z09,2026-08-03T02:36:00
TSK-002964-3,ORD-002964,DC-03,STAGE,RBT-0135,COMPLETE,ASSIGNED,DC-03-Z11,DC-03-Z02,2026-08-03T02:48:00
TSK-002965-1,ORD-002965,DC-16,PACK_FEED,RBT-0299,ASSIGNED,COMPLETE,DC-16-Z02,DC-16-Z04,2026-08-09T15:39:00
TSK-002966-1,ORD-002966,DC-08,PACK_FEED,RBT-0363,EXECUTING,COMPLETE,DC-08-Z06,DC-08-Z05,2026-08-03T20:16:00
TSK-002966-2,ORD-002966,DC-08,PICK,RBT-0559,ASSIGNED,ASSIGNED,DC-08-Z12,DC-08-Z09,2026-08-03T21:20:00
TSK-002966-3,ORD-002966,DC-08,PACK_FEED,RBT-0703,EXECUTING,EXECUTING,DC-08-Z06,DC-08-Z06,2026-08-03T21:23:00
TSK-002967-1,ORD-002967,DC-04,PACK_FEED,RBT-0666,ASSIGNED,COMPLETE,DC-04-Z07,DC-04-Z01,2026-08-18T05:04:00
TSK-002967-2,ORD-002967,DC-04,STAGE,RBT-0135,COMPLETE,EXECUTING,DC-04-Z03,DC-04-Z03,2026-08-18T04:21:00
TSK-002967-3,ORD-002967,DC-04,STAGE,RBT-0051,BLOCKED,COMPLETE,DC-04-Z04,DC-04-Z09,2026-08-18T03:39:00
TSK-002967-4,ORD-002967,DC-04,REPLENISH,RBT-0254,BLOCKED,COMPLETE,DC-04-Z03,DC-04-Z07,2026-08-18T04:58:00
TSK-002968-1,ORD-002968,DC-02,STAGE,RBT-0515,BLOCKED,ASSIGNED,DC-02-Z02,DC-02-Z04,2026-08-31T00:53:00
TSK-002968-2,ORD-002968,DC-02,PACK_FEED,RBT-0517,QUEUED,QUEUED,DC-02-Z06,DC-02-Z01,2026-08-31T00:54:00
TSK-002968-3,ORD-002968,DC-02,REPLENISH,RBT-0695,EXECUTING,ASSIGNED,DC-02-Z10,DC-02-Z10,2026-08-31T00:48:00
TSK-002968-4,ORD-002968,DC-02,REPLENISH,RBT-0242,BLOCKED,FAILED,DC-02-Z11,DC-02-Z07,2026-08-31T01:16:00
TSK-002969-1,ORD-002969,DC-15,PICK,RBT-0091,ASSIGNED,FAILED,DC-15-Z01,DC-15-Z10,2026-08-24T03:31:00
TSK-002969-2,ORD-002969,DC-15,MOVE,RBT-0407,COMPLETE,ASSIGNED,DC-15-Z10,DC-15-Z07,2026-08-24T02:27:00
TSK-002970-1,ORD-002970,DC-14,PICK,RBT-0075,QUEUED,COMPLETE,DC-14-Z06,DC-14-Z06,2026-09-01T13:41:00
TSK-002971-1,ORD-002971,DC-18,REPLENISH,RBT-0423,BLOCKED,COMPLETE,DC-18-Z09,DC-18-Z06,2026-09-02T13:31:00
TSK-002972-1,ORD-002972,DC-13,REPLENISH,RBT-0468,QUEUED,COMPLETE,DC-13-Z06,DC-13-Z03,2026-08-21T09:38:00
TSK-002972-2,ORD-002972,DC-13,REPLENISH,RBT-0118,BLOCKED,EXECUTING,DC-13-Z09,DC-13-Z01,2026-08-21T09:09:00
TSK-002972-3,ORD-002972,DC-13,PICK,RBT-0670,ASSIGNED,EXECUTING,DC-13-Z12,DC-13-Z04,2026-08-21T09:42:00
TSK-002972-4,ORD-002972,DC-13,MOVE,RBT-0042,COMPLETE,QUEUED,DC-13-Z11,DC-13-Z06,2026-08-21T09:19:00
TSK-002973-1,ORD-002973,DC-08,STAGE,RBT-0151,EXECUTING,FAILED,DC-08-Z02,DC-08-Z06,2026-08-31T09:19:00
TSK-002973-2,ORD-002973,DC-08,STAGE,RBT-0267,EXECUTING,QUEUED,DC-08-Z02,DC-08-Z01,2026-08-31T10:19:00
TSK-002974-1,ORD-002974,DC-03,PICK,RBT-0431,ASSIGNED,COMPLETE,DC-03-Z06,DC-03-Z06,2026-08-28T11:37:00
TSK-002974-2,ORD-002974,DC-03,STAGE,RBT-0012,BLOCKED,QUEUED,DC-03-Z10,DC-03-Z05,2026-08-28T13:05:00
TSK-002974-3,ORD-002974,DC-03,PICK,RBT-0466,QUEUED,ASSIGNED,DC-03-Z01,DC-03-Z07,2026-08-28T11:55:00
TSK-002974-4,ORD-002974,DC-03,PACK_FEED,RBT-0130,EXECUTING,EXECUTING,DC-03-Z08,DC-03-Z06,2026-08-28T11:42:00
TSK-002975-1,ORD-002975,DC-12,PICK,RBT-0674,BLOCKED,ASSIGNED,DC-12-Z10,DC-12-Z01,2026-08-02T08:15:00
TSK-002976-1,ORD-002976,DC-11,PACK_FEED,RBT-0691,QUEUED,COMPLETE,DC-11-Z11,DC-11-Z01,2026-08-20T16:34:00
TSK-002976-2,ORD-002976,DC-11,PICK,RBT-0498,BLOCKED,EXECUTING,DC-11-Z06,DC-11-Z07,2026-08-20T18:06:00
TSK-002977-1,ORD-002977,DC-12,REPLENISH,RBT-0216,ASSIGNED,ASSIGNED,DC-12-Z06,DC-12-Z02,2026-08-12T01:10:00
TSK-002978-1,ORD-002978,DC-14,PACK_FEED,RBT-0417,BLOCKED,FAILED,DC-14-Z12,DC-14-Z05,2026-08-16T00:04:00
TSK-002978-2,ORD-002978,DC-14,MOVE,RBT-0082,EXECUTING,COMPLETE,DC-14-Z08,DC-14-Z09,2026-08-15T23:54:00
TSK-002978-3,ORD-002978,DC-14,PACK_FEED,RBT-0258,COMPLETE,FAILED,DC-14-Z05,DC-14-Z05,2026-08-15T23:51:00
TSK-002979-1,ORD-002979,DC-10,PICK,RBT-0570,BLOCKED,ASSIGNED,DC-10-Z03,DC-10-Z12,2026-08-22T08:08:00
TSK-002980-1,ORD-002980,DC-08,STAGE,RBT-0429,COMPLETE,COMPLETE,DC-08-Z07,DC-08-Z03,2026-08-30T10:10:00
TSK-002980-2,ORD-002980,DC-08,MOVE,RBT-0212,QUEUED,QUEUED,DC-08-Z05,DC-08-Z03,2026-08-30T09:25:00
TSK-002980-3,ORD-002980,DC-08,PACK_FEED,RBT-0313,EXECUTING,FAILED,DC-08-Z01,DC-08-Z10,2026-08-30T11:09:00
TSK-002981-1,ORD-002981,DC-11,PICK,RBT-0531,ASSIGNED,QUEUED,DC-11-Z04,DC-11-Z11,2026-08-12T10:47:00
TSK-002981-2,ORD-002981,DC-11,STAGE,RBT-0309,COMPLETE,EXECUTING,DC-11-Z12,DC-11-Z07,2026-08-12T10:55:00
TSK-002981-3,ORD-002981,DC-11,STAGE,RBT-0686,ASSIGNED,ASSIGNED,DC-11-Z10,DC-11-Z12,2026-08-12T11:34:00
TSK-002981-4,ORD-002981,DC-11,MOVE,RBT-0514,ASSIGNED,QUEUED,DC-11-Z10,DC-11-Z02,2026-08-12T10:39:00
TSK-002982-1,ORD-002982,DC-05,PICK,RBT-0639,COMPLETE,ASSIGNED,DC-05-Z08,DC-05-Z07,2026-08-05T01:20:00
TSK-002982-2,ORD-002982,DC-05,STAGE,RBT-0552,COMPLETE,EXECUTING,DC-05-Z03,DC-05-Z08,2026-08-05T00:54:00
TSK-002982-3,ORD-002982,DC-05,MOVE,RBT-0670,EXECUTING,QUEUED,DC-05-Z03,DC-05-Z10,2026-08-05T00:17:00
TSK-002983-1,ORD-002983,DC-18,STAGE,RBT-0163,QUEUED,EXECUTING,DC-18-Z04,DC-18-Z01,2026-08-16T03:03:00
TSK-002983-2,ORD-002983,DC-18,PICK,RBT-0619,COMPLETE,FAILED,DC-18-Z04,DC-18-Z03,2026-08-16T03:57:00
TSK-002984-1,ORD-002984,DC-04,STAGE,RBT-0033,BLOCKED,COMPLETE,DC-04-Z06,DC-04-Z07,2026-08-15T14:38:00
TSK-002984-2,ORD-002984,DC-04,STAGE,RBT-0279,EXECUTING,EXECUTING,DC-04-Z03,DC-04-Z06,2026-08-15T14:29:00
TSK-002985-1,ORD-002985,DC-03,PICK,RBT-0171,QUEUED,ASSIGNED,DC-03-Z09,DC-03-Z01,2026-08-14T14:03:00
TSK-002985-2,ORD-002985,DC-03,PICK,RBT-0264,EXECUTING,EXECUTING,DC-03-Z09,DC-03-Z05,2026-08-14T13:35:00
TSK-002986-1,ORD-002986,DC-17,MOVE,RBT-0358,BLOCKED,QUEUED,DC-17-Z03,DC-17-Z08,2026-08-20T23:58:00
TSK-002986-2,ORD-002986,DC-17,MOVE,RBT-0125,COMPLETE,FAILED,DC-17-Z07,DC-17-Z10,2026-08-21T00:10:00
TSK-002987-1,ORD-002987,DC-14,MOVE,RBT-0316,COMPLETE,QUEUED,DC-14-Z05,DC-14-Z01,2026-08-13T12:19:00
TSK-002987-2,ORD-002987,DC-14,PICK,RBT-0582,ASSIGNED,COMPLETE,DC-14-Z01,DC-14-Z04,2026-08-13T12:33:00
TSK-002987-3,ORD-002987,DC-14,PACK_FEED,RBT-0401,BLOCKED,QUEUED,DC-14-Z09,DC-14-Z02,2026-08-13T10:56:00
TSK-002987-4,ORD-002987,DC-14,MOVE,RBT-0637,COMPLETE,FAILED,DC-14-Z07,DC-14-Z05,2026-08-13T12:05:00
TSK-002988-1,ORD-002988,DC-07,STAGE,RBT-0517,ASSIGNED,COMPLETE,DC-07-Z11,DC-07-Z07,2026-08-03T04:17:00
TSK-002989-1,ORD-002989,DC-14,MOVE,RBT-0292,BLOCKED,COMPLETE,DC-14-Z12,DC-14-Z10,2026-09-01T22:22:00
TSK-002989-2,ORD-002989,DC-14,STAGE,RBT-0555,COMPLETE,QUEUED,DC-14-Z03,DC-14-Z08,2026-09-01T21:10:00
TSK-002989-3,ORD-002989,DC-14,REPLENISH,RBT-0123,ASSIGNED,COMPLETE,DC-14-Z10,DC-14-Z10,2026-09-01T21:47:00
TSK-002989-4,ORD-002989,DC-14,REPLENISH,RBT-0327,ASSIGNED,FAILED,DC-14-Z07,DC-14-Z02,2026-09-01T21:20:00
TSK-002990-1,ORD-002990,DC-10,PACK_FEED,RBT-0271,COMPLETE,FAILED,DC-10-Z09,DC-10-Z05,2026-08-03T22:36:00
TSK-002991-1,ORD-002991,DC-04,PICK,RBT-0028,QUEUED,QUEUED,DC-04-Z02,DC-04-Z11,2026-08-08T20:01:00
TSK-002992-1,ORD-002992,DC-07,STAGE,RBT-0119,EXECUTING,QUEUED,DC-07-Z09,DC-07-Z10,2026-08-16T11:00:00
TSK-002992-2,ORD-002992,DC-07,STAGE,RBT-0624,EXECUTING,COMPLETE,DC-07-Z01,DC-07-Z06,2026-08-16T10:43:00
TSK-002993-1,ORD-002993,DC-07,MOVE,RBT-0565,QUEUED,ASSIGNED,DC-07-Z04,DC-07-Z03,2026-08-26T03:12:00
TSK-002994-1,ORD-002994,DC-07,MOVE,RBT-0249,EXECUTING,COMPLETE,DC-07-Z06,DC-07-Z07,2026-08-13T21:18:00
TSK-002994-2,ORD-002994,DC-07,MOVE,RBT-0310,EXECUTING,QUEUED,DC-07-Z06,DC-07-Z02,2026-08-13T21:45:00
TSK-002995-1,ORD-002995,DC-02,PACK_FEED,RBT-0555,COMPLETE,QUEUED,DC-02-Z12,DC-02-Z08,2026-08-20T17:06:00
TSK-002995-2,ORD-002995,DC-02,REPLENISH,RBT-0692,QUEUED,EXECUTING,DC-02-Z04,DC-02-Z02,2026-08-20T17:17:00
TSK-002995-3,ORD-002995,DC-02,STAGE,RBT-0563,ASSIGNED,EXECUTING,DC-02-Z08,DC-02-Z07,2026-08-20T16:47:00
TSK-002996-1,ORD-002996,DC-10,REPLENISH,RBT-0179,EXECUTING,QUEUED,DC-10-Z10,DC-10-Z09,2026-08-23T09:57:00
TSK-002996-2,ORD-002996,DC-10,PACK_FEED,RBT-0582,EXECUTING,EXECUTING,DC-10-Z03,DC-10-Z04,2026-08-23T09:41:00
TSK-002996-3,ORD-002996,DC-10,MOVE,RBT-0279,EXECUTING,QUEUED,DC-10-Z12,DC-10-Z03,2026-08-23T09:01:00
TSK-002996-4,ORD-002996,DC-10,REPLENISH,RBT-0534,QUEUED,ASSIGNED,DC-10-Z08,DC-10-Z09,2026-08-23T10:23:00
TSK-002997-1,ORD-002997,DC-03,PACK_FEED,RBT-0383,EXECUTING,EXECUTING,DC-03-Z07,DC-03-Z01,2026-08-02T09:47:00
TSK-002998-1,ORD-002998,DC-16,MOVE,RBT-0325,QUEUED,FAILED,DC-16-Z08,DC-16-Z08,2026-08-05T23:21:00
TSK-002998-2,ORD-002998,DC-16,MOVE,RBT-0609,ASSIGNED,QUEUED,DC-16-Z04,DC-16-Z12,2026-08-05T23:37:00
TSK-002998-3,ORD-002998,DC-16,REPLENISH,RBT-0081,COMPLETE,FAILED,DC-16-Z03,DC-16-Z10,2026-08-05T22:44:00
TSK-002998-4,ORD-002998,DC-16,PACK_FEED,RBT-0243,QUEUED,FAILED,DC-16-Z04,DC-16-Z11,2026-08-05T23:40:00
TSK-002999-1,ORD-002999,DC-05,REPLENISH,RBT-0614,BLOCKED,ASSIGNED,DC-05-Z10,DC-05-Z01,2026-08-10T15:18:00
TSK-002999-2,ORD-002999,DC-05,PACK_FEED,RBT-0095,BLOCKED,FAILED,DC-05-Z09,DC-05-Z03,2026-08-10T15:57:00
TSK-002999-3,ORD-002999,DC-05,PACK_FEED,RBT-0088,QUEUED,QUEUED,DC-05-Z09,DC-05-Z03,2026-08-10T14:37:00
TSK-002999-4,ORD-002999,DC-05,MOVE,RBT-0241,BLOCKED,ASSIGNED,DC-05-Z02,DC-05-Z06,2026-08-10T15:35:00
TSK-003000-1,ORD-003000,DC-08,MOVE,RBT-0250,QUEUED,EXECUTING,DC-08-Z05,DC-08-Z09,2026-08-28T09:38:00
TSK-003000-2,ORD-003000,DC-08,PICK,RBT-0117,COMPLETE,ASSIGNED,DC-08-Z12,DC-08-Z10,2026-08-28T09:19:00
TSK-003000-3,ORD-003000,DC-08,MOVE,RBT-0622,COMPLETE,FAILED,DC-08-Z07,DC-08-Z07,2026-08-28T09:01:00
TSK-003000-4,ORD-003000,DC-08,MOVE,RBT-0186,QUEUED,QUEUED,DC-08-Z11,DC-08-Z01,2026-08-28T09:04:00
TSK-003001-1,ORD-003001,DC-17,PICK,RBT-0481,BLOCKED,ASSIGNED,DC-17-Z09,DC-17-Z10,2026-09-02T16:21:00
TSK-003002-1,ORD-003002,DC-10,PICK,RBT-0668,QUEUED,COMPLETE,DC-10-Z03,DC-10-Z11,2026-08-14T10:15:00
TSK-003002-2,ORD-003002,DC-10,MOVE,RBT-0299,QUEUED,COMPLETE,DC-10-Z01,DC-10-Z01,2026-08-14T10:16:00
TSK-003003-1,ORD-003003,DC-07,PICK,RBT-0650,EXECUTING,ASSIGNED,DC-07-Z10,DC-07-Z10,2026-08-21T05:25:00
TSK-003003-2,ORD-003003,DC-07,PACK_FEED,RBT-0699,COMPLETE,FAILED,DC-07-Z11,DC-07-Z12,2026-08-21T06:34:00
TSK-003003-3,ORD-003003,DC-07,MOVE,RBT-0246,COMPLETE,QUEUED,DC-07-Z09,DC-07-Z08,2026-08-21T06:53:00
TSK-003003-4,ORD-003003,DC-07,PICK,RBT-0440,ASSIGNED,ASSIGNED,DC-07-Z07,DC-07-Z07,2026-08-21T05:51:00
TSK-003004-1,ORD-003004,DC-05,PICK,RBT-0027,EXECUTING,QUEUED,DC-05-Z02,DC-05-Z02,2026-08-27T07:58:00
TSK-003005-1,ORD-003005,DC-11,MOVE,RBT-0272,EXECUTING,ASSIGNED,DC-11-Z01,DC-11-Z03,2026-08-15T03:11:00
TSK-003005-2,ORD-003005,DC-11,REPLENISH,RBT-0644,QUEUED,FAILED,DC-11-Z01,DC-11-Z06,2026-08-15T04:34:00
TSK-003005-3,ORD-003005,DC-11,MOVE,RBT-0528,ASSIGNED,ASSIGNED,DC-11-Z09,DC-11-Z11,2026-08-15T04:03:00
TSK-003006-1,ORD-003006,DC-07,MOVE,RBT-0182,ASSIGNED,FAILED,DC-07-Z02,DC-07-Z08,2026-09-01T12:08:00
TSK-003006-2,ORD-003006,DC-07,STAGE,RBT-0672,ASSIGNED,ASSIGNED,DC-07-Z06,DC-07-Z05,2026-09-01T12:05:00
TSK-003006-3,ORD-003006,DC-07,STAGE,RBT-0460,ASSIGNED,EXECUTING,DC-07-Z08,DC-07-Z01,2026-09-01T11:53:00
TSK-003006-4,ORD-003006,DC-07,PACK_FEED,RBT-0365,ASSIGNED,FAILED,DC-07-Z06,DC-07-Z09,2026-09-01T11:55:00
TSK-003007-1,ORD-003007,DC-01,REPLENISH,RBT-0233,COMPLETE,COMPLETE,DC-01-Z04,DC-01-Z07,2026-08-04T12:25:00
TSK-003007-2,ORD-003007,DC-01,MOVE,RBT-0286,ASSIGNED,EXECUTING,DC-01-Z04,DC-01-Z11,2026-08-04T12:30:00
TSK-003007-3,ORD-003007,DC-01,REPLENISH,RBT-0616,ASSIGNED,EXECUTING,DC-01-Z09,DC-01-Z04,2026-08-04T12:54:00
TSK-003008-1,ORD-003008,DC-13,REPLENISH,RBT-0680,BLOCKED,QUEUED,DC-13-Z08,DC-13-Z08,2026-08-28T09:37:00
TSK-003008-2,ORD-003008,DC-13,REPLENISH,RBT-0179,BLOCKED,COMPLETE,DC-13-Z03,DC-13-Z08,2026-08-28T10:35:00
TSK-003008-3,ORD-003008,DC-13,MOVE,RBT-0427,EXECUTING,COMPLETE,DC-13-Z05,DC-13-Z11,2026-08-28T10:45:00
TSK-003008-4,ORD-003008,DC-13,PACK_FEED,RBT-0644,COMPLETE,QUEUED,DC-13-Z05,DC-13-Z10,2026-08-28T10:03:00
TSK-003009-1,ORD-003009,DC-11,PACK_FEED,RBT-0133,COMPLETE,QUEUED,DC-11-Z11,DC-11-Z06,2026-08-11T03:46:00
TSK-003010-1,ORD-003010,DC-02,REPLENISH,RBT-0382,BLOCKED,FAILED,DC-02-Z07,DC-02-Z11,2026-08-12T16:50:00
TSK-003011-1,ORD-003011,DC-09,REPLENISH,RBT-0579,COMPLETE,FAILED,DC-09-Z02,DC-09-Z04,2026-08-14T09:12:00
TSK-003011-2,ORD-003011,DC-09,PICK,RBT-0141,EXECUTING,COMPLETE,DC-09-Z04,DC-09-Z03,2026-08-14T09:44:00
TSK-003012-1,ORD-003012,DC-12,PACK_FEED,RBT-0491,EXECUTING,COMPLETE,DC-12-Z03,DC-12-Z01,2026-08-13T23:34:00
TSK-003013-1,ORD-003013,DC-15,PACK_FEED,RBT-0447,BLOCKED,ASSIGNED,DC-15-Z09,DC-15-Z10,2026-08-28T14:24:00
TSK-003013-2,ORD-003013,DC-15,MOVE,RBT-0343,QUEUED,ASSIGNED,DC-15-Z07,DC-15-Z10,2026-08-28T14:13:00
TSK-003014-1,ORD-003014,DC-06,REPLENISH,RBT-0397,ASSIGNED,QUEUED,DC-06-Z09,DC-06-Z01,2026-08-18T13:59:00
TSK-003015-1,ORD-003015,DC-01,PACK_FEED,RBT-0697,QUEUED,FAILED,DC-01-Z02,DC-01-Z03,2026-08-25T16:23:00
TSK-003015-2,ORD-003015,DC-01,PACK_FEED,RBT-0002,EXECUTING,FAILED,DC-01-Z03,DC-01-Z07,2026-08-25T17:56:00
TSK-003015-3,ORD-003015,DC-01,STAGE,RBT-0585,BLOCKED,FAILED,DC-01-Z04,DC-01-Z12,2026-08-25T17:30:00
TSK-003015-4,ORD-003015,DC-01,STAGE,RBT-0703,QUEUED,EXECUTING,DC-01-Z01,DC-01-Z12,2026-08-25T16:06:00
TSK-003016-1,ORD-003016,DC-03,REPLENISH,RBT-0021,ASSIGNED,COMPLETE,DC-03-Z06,DC-03-Z06,2026-08-18T06:00:00
TSK-003016-2,ORD-003016,DC-03,REPLENISH,RBT-0467,QUEUED,COMPLETE,DC-03-Z06,DC-03-Z10,2026-08-18T06:32:00
TSK-003017-1,ORD-003017,DC-09,PACK_FEED,RBT-0070,COMPLETE,QUEUED,DC-09-Z01,DC-09-Z06,2026-08-02T14:21:00
TSK-003018-1,ORD-003018,DC-17,PACK_FEED,RBT-0513,EXECUTING,ASSIGNED,DC-17-Z02,DC-17-Z08,2026-08-13T23:11:00
TSK-003019-1,ORD-003019,DC-16,PICK,RBT-0468,QUEUED,ASSIGNED,DC-16-Z05,DC-16-Z10,2026-09-04T09:34:00
TSK-003019-2,ORD-003019,DC-16,MOVE,RBT-0679,ASSIGNED,ASSIGNED,DC-16-Z08,DC-16-Z06,2026-09-04T08:12:00
TSK-003019-3,ORD-003019,DC-16,PICK,RBT-0104,BLOCKED,EXECUTING,DC-16-Z08,DC-16-Z01,2026-09-04T09:20:00
TSK-003020-1,ORD-003020,DC-02,MOVE,RBT-0077,EXECUTING,QUEUED,DC-02-Z11,DC-02-Z01,2026-08-15T06:07:00
TSK-003020-2,ORD-003020,DC-02,PICK,RBT-0356,BLOCKED,FAILED,DC-02-Z05,DC-02-Z11,2026-08-15T07:16:00
TSK-003021-1,ORD-003021,DC-06,MOVE,RBT-0661,COMPLETE,COMPLETE,DC-06-Z09,DC-06-Z12,2026-08-09T11:50:00
TSK-003021-2,ORD-003021,DC-06,PICK,RBT-0094,EXECUTING,ASSIGNED,DC-06-Z10,DC-06-Z10,2026-08-09T11:21:00
TSK-003021-3,ORD-003021,DC-06,MOVE,RBT-0672,COMPLETE,EXECUTING,DC-06-Z09,DC-06-Z06,2026-08-09T12:00:00
TSK-003022-1,ORD-003022,DC-12,STAGE,RBT-0021,QUEUED,COMPLETE,DC-12-Z01,DC-12-Z11,2026-08-08T00:00:00
TSK-003022-2,ORD-003022,DC-12,PICK,RBT-0155,COMPLETE,EXECUTING,DC-12-Z12,DC-12-Z04,2026-08-08T00:20:00
TSK-003022-3,ORD-003022,DC-12,REPLENISH,RBT-0128,COMPLETE,EXECUTING,DC-12-Z10,DC-12-Z11,2026-08-08T00:15:00
TSK-003022-4,ORD-003022,DC-12,REPLENISH,RBT-0128,EXECUTING,QUEUED,DC-12-Z03,DC-12-Z12,2026-08-08T00:09:00
TSK-003023-1,ORD-003023,DC-09,REPLENISH,RBT-0565,COMPLETE,QUEUED,DC-09-Z12,DC-09-Z09,2026-08-04T09:02:00
TSK-003023-2,ORD-003023,DC-09,MOVE,RBT-0097,BLOCKED,EXECUTING,DC-09-Z11,DC-09-Z01,2026-08-04T10:23:00
TSK-003024-1,ORD-003024,DC-11,STAGE,RBT-0190,COMPLETE,ASSIGNED,DC-11-Z05,DC-11-Z08,2026-08-16T14:40:00
TSK-003024-2,ORD-003024,DC-11,PICK,RBT-0468,EXECUTING,COMPLETE,DC-11-Z12,DC-11-Z12,2026-08-16T14:57:00
TSK-003024-3,ORD-003024,DC-11,REPLENISH,RBT-0028,COMPLETE,FAILED,DC-11-Z08,DC-11-Z03,2026-08-16T13:25:00
TSK-003025-1,ORD-003025,DC-09,MOVE,RBT-0455,BLOCKED,EXECUTING,DC-09-Z07,DC-09-Z06,2026-08-19T19:16:00
TSK-003025-2,ORD-003025,DC-09,PACK_FEED,RBT-0480,EXECUTING,FAILED,DC-09-Z05,DC-09-Z02,2026-08-19T17:29:00
TSK-003025-3,ORD-003025,DC-09,STAGE,RBT-0300,EXECUTING,COMPLETE,DC-09-Z03,DC-09-Z04,2026-08-19T18:39:00
TSK-003026-1,ORD-003026,DC-09,MOVE,RBT-0531,COMPLETE,ASSIGNED,DC-09-Z02,DC-09-Z09,2026-08-24T20:34:00
TSK-003026-2,ORD-003026,DC-09,PACK_FEED,RBT-0650,BLOCKED,COMPLETE,DC-09-Z06,DC-09-Z03,2026-08-24T21:22:00
TSK-003026-3,ORD-003026,DC-09,PACK_FEED,RBT-0332,QUEUED,QUEUED,DC-09-Z10,DC-09-Z05,2026-08-24T21:49:00
TSK-003027-1,ORD-003027,DC-05,MOVE,RBT-0348,BLOCKED,QUEUED,DC-05-Z02,DC-05-Z11,2026-08-12T21:51:00
TSK-003027-2,ORD-003027,DC-05,PICK,RBT-0131,EXECUTING,EXECUTING,DC-05-Z09,DC-05-Z11,2026-08-12T22:44:00
TSK-003027-3,ORD-003027,DC-05,PACK_FEED,RBT-0153,QUEUED,COMPLETE,DC-05-Z04,DC-05-Z09,2026-08-12T23:44:00
TSK-003027-4,ORD-003027,DC-05,PICK,RBT-0682,COMPLETE,COMPLETE,DC-05-Z11,DC-05-Z08,2026-08-12T23:44:00
TSK-003028-1,ORD-003028,DC-10,PICK,RBT-0626,COMPLETE,ASSIGNED,DC-10-Z12,DC-10-Z09,2026-08-08T02:11:00
TSK-003028-2,ORD-003028,DC-10,MOVE,RBT-0115,ASSIGNED,COMPLETE,DC-10-Z12,DC-10-Z08,2026-08-08T02:31:00
TSK-003029-1,ORD-003029,DC-09,PACK_FEED,RBT-0383,ASSIGNED,FAILED,DC-09-Z06,DC-09-Z02,2026-08-24T12:07:00
TSK-003029-2,ORD-003029,DC-09,REPLENISH,RBT-0057,COMPLETE,QUEUED,DC-09-Z11,DC-09-Z03,2026-08-24T12:05:00
TSK-003029-3,ORD-003029,DC-09,REPLENISH,RBT-0493,COMPLETE,COMPLETE,DC-09-Z08,DC-09-Z04,2026-08-24T11:33:00
TSK-003029-4,ORD-003029,DC-09,PICK,RBT-0272,EXECUTING,QUEUED,DC-09-Z09,DC-09-Z06,2026-08-24T12:10:00
TSK-003030-1,ORD-003030,DC-15,STAGE,RBT-0158,ASSIGNED,FAILED,DC-15-Z04,DC-15-Z10,2026-08-12T06:50:00
TSK-003030-2,ORD-003030,DC-15,PACK_FEED,RBT-0569,QUEUED,FAILED,DC-15-Z11,DC-15-Z08,2026-08-12T07:44:00
TSK-003031-1,ORD-003031,DC-11,PICK,RBT-0008,EXECUTING,ASSIGNED,DC-11-Z08,DC-11-Z02,2026-08-31T22:27:00
TSK-003031-2,ORD-003031,DC-11,MOVE,RBT-0266,EXECUTING,COMPLETE,DC-11-Z06,DC-11-Z09,2026-08-31T22:33:00
TSK-003031-3,ORD-003031,DC-11,PICK,RBT-0235,QUEUED,ASSIGNED,DC-11-Z01,DC-11-Z09,2026-08-31T22:41:00
TSK-003031-4,ORD-003031,DC-11,MOVE,RBT-0259,QUEUED,COMPLETE,DC-11-Z05,DC-11-Z04,2026-08-31T22:30:00
TSK-003032-1,ORD-003032,DC-09,MOVE,RBT-0051,EXECUTING,ASSIGNED,DC-09-Z01,DC-09-Z01,2026-08-11T06:16:00
TSK-003032-2,ORD-003032,DC-09,MOVE,RBT-0057,BLOCKED,FAILED,DC-09-Z03,DC-09-Z02,2026-08-11T04:47:00
TSK-003033-1,ORD-003033,DC-12,PICK,RBT-0061,COMPLETE,EXECUTING,DC-12-Z08,DC-12-Z12,2026-08-14T04:55:00
TSK-003034-1,ORD-003034,DC-13,PACK_FEED,RBT-0455,QUEUED,FAILED,DC-13-Z10,DC-13-Z06,2026-08-22T05:24:00
TSK-003034-2,ORD-003034,DC-13,STAGE,RBT-0198,QUEUED,COMPLETE,DC-13-Z06,DC-13-Z12,2026-08-22T04:03:00
TSK-003034-3,ORD-003034,DC-13,PICK,RBT-0514,COMPLETE,QUEUED,DC-13-Z11,DC-13-Z12,2026-08-22T05:44:00
TSK-003035-1,ORD-003035,DC-04,PICK,RBT-0434,ASSIGNED,FAILED,DC-04-Z05,DC-04-Z03,2026-08-14T11:12:00
TSK-003035-2,ORD-003035,DC-04,MOVE,RBT-0619,COMPLETE,EXECUTING,DC-04-Z08,DC-04-Z05,2026-08-14T11:50:00
TSK-003035-3,ORD-003035,DC-04,PACK_FEED,RBT-0076,BLOCKED,EXECUTING,DC-04-Z11,DC-04-Z05,2026-08-14T11:25:00
TSK-003035-4,ORD-003035,DC-04,PICK,RBT-0145,QUEUED,QUEUED,DC-04-Z05,DC-04-Z11,2026-08-14T11:22:00
TSK-003036-1,ORD-003036,DC-01,REPLENISH,RBT-0350,QUEUED,QUEUED,DC-01-Z01,DC-01-Z04,2026-08-07T22:20:00
TSK-003036-2,ORD-003036,DC-01,PACK_FEED,RBT-0692,EXECUTING,ASSIGNED,DC-01-Z09,DC-01-Z06,2026-08-07T23:43:00
TSK-003037-1,ORD-003037,DC-07,MOVE,RBT-0653,QUEUED,ASSIGNED,DC-07-Z05,DC-07-Z01,2026-08-02T00:08:00
TSK-003037-2,ORD-003037,DC-07,MOVE,RBT-0595,BLOCKED,FAILED,DC-07-Z04,DC-07-Z06,2026-08-02T00:13:00
TSK-003037-3,ORD-003037,DC-07,MOVE,RBT-0066,BLOCKED,QUEUED,DC-07-Z12,DC-07-Z10,2026-08-01T23:54:00
TSK-003037-4,ORD-003037,DC-07,MOVE,RBT-0386,ASSIGNED,QUEUED,DC-07-Z04,DC-07-Z08,2026-08-01T23:13:00
TSK-003038-1,ORD-003038,DC-15,STAGE,RBT-0295,COMPLETE,EXECUTING,DC-15-Z06,DC-15-Z09,2026-08-27T22:16:00
TSK-003038-2,ORD-003038,DC-15,REPLENISH,RBT-0614,BLOCKED,ASSIGNED,DC-15-Z07,DC-15-Z01,2026-08-27T21:19:00
TSK-003039-1,ORD-003039,DC-12,STAGE,RBT-0111,COMPLETE,FAILED,DC-12-Z10,DC-12-Z06,2026-08-02T10:31:00
TSK-003039-2,ORD-003039,DC-12,MOVE,RBT-0180,BLOCKED,ASSIGNED,DC-12-Z04,DC-12-Z02,2026-08-02T10:35:00
TSK-003040-1,ORD-003040,DC-11,MOVE,RBT-0672,QUEUED,EXECUTING,DC-11-Z04,DC-11-Z08,2026-08-29T06:35:00
TSK-003040-2,ORD-003040,DC-11,STAGE,RBT-0588,BLOCKED,QUEUED,DC-11-Z08,DC-11-Z06,2026-08-29T07:26:00
TSK-003041-1,ORD-003041,DC-05,STAGE,RBT-0519,EXECUTING,FAILED,DC-05-Z01,DC-05-Z05,2026-08-21T12:25:00
TSK-003042-1,ORD-003042,DC-16,MOVE,RBT-0045,COMPLETE,ASSIGNED,DC-16-Z03,DC-16-Z04,2026-08-30T04:32:00
TSK-003042-2,ORD-003042,DC-16,REPLENISH,RBT-0099,EXECUTING,EXECUTING,DC-16-Z08,DC-16-Z08,2026-08-30T04:00:00
TSK-003042-3,ORD-003042,DC-16,PICK,RBT-0088,BLOCKED,ASSIGNED,DC-16-Z12,DC-16-Z02,2026-08-30T03:48:00
TSK-003042-4,ORD-003042,DC-16,PACK_FEED,RBT-0171,COMPLETE,COMPLETE,DC-16-Z10,DC-16-Z07,2026-08-30T04:45:00
TSK-003043-1,ORD-003043,DC-09,PICK,RBT-0689,COMPLETE,FAILED,DC-09-Z07,DC-09-Z01,2026-09-01T15:58:00
TSK-003043-2,ORD-003043,DC-09,MOVE,RBT-0707,QUEUED,ASSIGNED,DC-09-Z05,DC-09-Z04,2026-09-01T16:02:00
TSK-003043-3,ORD-003043,DC-09,REPLENISH,RBT-0124,EXECUTING,QUEUED,DC-09-Z08,DC-09-Z06,2026-09-01T15:14:00
TSK-003043-4,ORD-003043,DC-09,REPLENISH,RBT-0655,BLOCKED,FAILED,DC-09-Z09,DC-09-Z12,2026-09-01T15:06:00
TSK-003044-1,ORD-003044,DC-03,PICK,RBT-0401,EXECUTING,EXECUTING,DC-03-Z12,DC-03-Z12,2026-08-26T10:59:00
TSK-003044-2,ORD-003044,DC-03,REPLENISH,RBT-0164,EXECUTING,QUEUED,DC-03-Z03,DC-03-Z03,2026-08-26T10:10:00
TSK-003044-3,ORD-003044,DC-03,REPLENISH,RBT-0600,ASSIGNED,QUEUED,DC-03-Z09,DC-03-Z01,2026-08-26T09:44:00
TSK-003045-1,ORD-003045,DC-07,MOVE,RBT-0396,ASSIGNED,QUEUED,DC-07-Z08,DC-07-Z02,2026-08-23T09:46:00
TSK-003045-2,ORD-003045,DC-07,PACK_FEED,RBT-0555,ASSIGNED,COMPLETE,DC-07-Z04,DC-07-Z12,2026-08-23T08:27:00
TSK-003046-1,ORD-003046,DC-13,MOVE,RBT-0363,EXECUTING,QUEUED,DC-13-Z06,DC-13-Z02,2026-08-03T06:04:00
TSK-003047-1,ORD-003047,DC-10,STAGE,RBT-0488,EXECUTING,ASSIGNED,DC-10-Z08,DC-10-Z12,2026-08-17T13:42:00
TSK-003047-2,ORD-003047,DC-10,STAGE,RBT-0497,COMPLETE,QUEUED,DC-10-Z03,DC-10-Z09,2026-08-17T14:29:00
TSK-003048-1,ORD-003048,DC-15,PACK_FEED,RBT-0298,BLOCKED,EXECUTING,DC-15-Z09,DC-15-Z11,2026-08-06T20:29:00
TSK-003048-2,ORD-003048,DC-15,STAGE,RBT-0125,QUEUED,EXECUTING,DC-15-Z01,DC-15-Z08,2026-08-06T20:48:00
TSK-003049-1,ORD-003049,DC-10,REPLENISH,RBT-0686,ASSIGNED,QUEUED,DC-10-Z08,DC-10-Z12,2026-09-03T19:51:00
TSK-003049-2,ORD-003049,DC-10,MOVE,RBT-0537,ASSIGNED,EXECUTING,DC-10-Z01,DC-10-Z09,2026-09-03T19:53:00
TSK-003050-1,ORD-003050,DC-16,REPLENISH,RBT-0394,BLOCKED,ASSIGNED,DC-16-Z12,DC-16-Z12,2026-08-18T17:30:00
TSK-003050-2,ORD-003050,DC-16,MOVE,RBT-0032,ASSIGNED,QUEUED,DC-16-Z04,DC-16-Z11,2026-08-18T17:28:00
TSK-003050-3,ORD-003050,DC-16,PACK_FEED,RBT-0073,COMPLETE,QUEUED,DC-16-Z09,DC-16-Z08,2026-08-18T19:10:00
TSK-003051-1,ORD-003051,DC-11,MOVE,RBT-0571,BLOCKED,COMPLETE,DC-11-Z10,DC-11-Z07,2026-08-31T11:17:00
TSK-003051-2,ORD-003051,DC-11,REPLENISH,RBT-0477,BLOCKED,EXECUTING,DC-11-Z08,DC-11-Z05,2026-08-31T10:40:00
TSK-003052-1,ORD-003052,DC-12,MOVE,RBT-0084,QUEUED,QUEUED,DC-12-Z12,DC-12-Z08,2026-08-28T09:23:00
TSK-003052-2,ORD-003052,DC-12,MOVE,RBT-0415,COMPLETE,ASSIGNED,DC-12-Z07,DC-12-Z05,2026-08-28T09:35:00
TSK-003053-1,ORD-003053,DC-01,MOVE,RBT-0378,BLOCKED,EXECUTING,DC-01-Z08,DC-01-Z04,2026-08-10T07:10:00
TSK-003054-1,ORD-003054,DC-09,PICK,RBT-0563,ASSIGNED,FAILED,DC-09-Z12,DC-09-Z02,2026-08-14T13:18:00
TSK-003054-2,ORD-003054,DC-09,STAGE,RBT-0018,ASSIGNED,EXECUTING,DC-09-Z08,DC-09-Z05,2026-08-14T14:03:00
TSK-003054-3,ORD-003054,DC-09,PACK_FEED,RBT-0069,BLOCKED,ASSIGNED,DC-09-Z03,DC-09-Z11,2026-08-14T13:10:00
TSK-003055-1,ORD-003055,DC-11,MOVE,RBT-0638,ASSIGNED,ASSIGNED,DC-11-Z10,DC-11-Z05,2026-08-25T02:21:00
TSK-003056-1,ORD-003056,DC-11,STAGE,RBT-0158,BLOCKED,FAILED,DC-11-Z02,DC-11-Z05,2026-08-04T16:37:00
TSK-003056-2,ORD-003056,DC-11,REPLENISH,RBT-0326,BLOCKED,EXECUTING,DC-11-Z11,DC-11-Z05,2026-08-04T16:06:00
TSK-003056-3,ORD-003056,DC-11,MOVE,RBT-0445,EXECUTING,QUEUED,DC-11-Z06,DC-11-Z04,2026-08-04T17:09:00
TSK-003057-1,ORD-003057,DC-13,PICK,RBT-0600,QUEUED,COMPLETE,DC-13-Z05,DC-13-Z05,2026-08-04T06:27:00
TSK-003058-1,ORD-003058,DC-05,PACK_FEED,RBT-0057,COMPLETE,QUEUED,DC-05-Z09,DC-05-Z01,2026-08-10T20:04:00
TSK-003058-2,ORD-003058,DC-05,REPLENISH,RBT-0416,ASSIGNED,FAILED,DC-05-Z11,DC-05-Z08,2026-08-10T20:57:00
TSK-003058-3,ORD-003058,DC-05,PACK_FEED,RBT-0511,ASSIGNED,COMPLETE,DC-05-Z07,DC-05-Z02,2026-08-10T20:32:00
TSK-003059-1,ORD-003059,DC-14,PICK,RBT-0050,BLOCKED,QUEUED,DC-14-Z05,DC-14-Z07,2026-08-15T23:08:00
TSK-003059-2,ORD-003059,DC-14,PACK_FEED,RBT-0594,QUEUED,QUEUED,DC-14-Z11,DC-14-Z10,2026-08-16T00:59:00
TSK-003059-3,ORD-003059,DC-14,STAGE,RBT-0335,ASSIGNED,ASSIGNED,DC-14-Z05,DC-14-Z06,2026-08-16T00:28:00
TSK-003060-1,ORD-003060,DC-15,REPLENISH,RBT-0459,COMPLETE,QUEUED,DC-15-Z06,DC-15-Z12,2026-08-13T02:15:00
TSK-003060-2,ORD-003060,DC-15,PICK,RBT-0240,COMPLETE,COMPLETE,DC-15-Z06,DC-15-Z01,2026-08-13T03:21:00
TSK-003061-1,ORD-003061,DC-18,PACK_FEED,RBT-0420,COMPLETE,COMPLETE,DC-18-Z12,DC-18-Z05,2026-08-28T03:38:00
TSK-003062-1,ORD-003062,DC-06,PACK_FEED,RBT-0709,EXECUTING,FAILED,DC-06-Z02,DC-06-Z09,2026-08-31T03:40:00
TSK-003062-2,ORD-003062,DC-06,PACK_FEED,RBT-0011,QUEUED,FAILED,DC-06-Z09,DC-06-Z11,2026-08-31T03:31:00
TSK-003062-3,ORD-003062,DC-06,MOVE,RBT-0349,EXECUTING,QUEUED,DC-06-Z04,DC-06-Z02,2026-08-31T04:16:00
TSK-003063-1,ORD-003063,DC-09,PICK,RBT-0234,EXECUTING,COMPLETE,DC-09-Z04,DC-09-Z10,2026-08-20T09:07:00
TSK-003063-2,ORD-003063,DC-09,STAGE,RBT-0146,ASSIGNED,COMPLETE,DC-09-Z11,DC-09-Z05,2026-08-20T08:38:00
TSK-003063-3,ORD-003063,DC-09,MOVE,RBT-0015,QUEUED,QUEUED,DC-09-Z11,DC-09-Z07,2026-08-20T10:04:00
TSK-003064-1,ORD-003064,DC-09,PICK,RBT-0141,BLOCKED,COMPLETE,DC-09-Z11,DC-09-Z04,2026-08-18T05:15:00
TSK-003064-2,ORD-003064,DC-09,STAGE,RBT-0175,EXECUTING,COMPLETE,DC-09-Z01,DC-09-Z01,2026-08-18T05:29:00
TSK-003064-3,ORD-003064,DC-09,MOVE,RBT-0287,QUEUED,QUEUED,DC-09-Z07,DC-09-Z07,2026-08-18T05:29:00
TSK-003064-4,ORD-003064,DC-09,REPLENISH,RBT-0669,QUEUED,EXECUTING,DC-09-Z10,DC-09-Z05,2026-08-18T05:18:00
TSK-003065-1,ORD-003065,DC-04,REPLENISH,RBT-0488,QUEUED,FAILED,DC-04-Z11,DC-04-Z08,2026-08-12T19:24:00
TSK-003066-1,ORD-003066,DC-18,PICK,RBT-0093,COMPLETE,QUEUED,DC-18-Z02,DC-18-Z09,2026-08-10T06:47:00
TSK-003066-2,ORD-003066,DC-18,STAGE,RBT-0508,EXECUTING,ASSIGNED,DC-18-Z08,DC-18-Z08,2026-08-10T07:20:00
TSK-003067-1,ORD-003067,DC-04,REPLENISH,RBT-0504,BLOCKED,QUEUED,DC-04-Z05,DC-04-Z06,2026-08-02T04:38:00
TSK-003067-2,ORD-003067,DC-04,PACK_FEED,RBT-0451,EXECUTING,COMPLETE,DC-04-Z09,DC-04-Z05,2026-08-02T03:05:00
TSK-003068-1,ORD-003068,DC-01,PACK_FEED,RBT-0411,ASSIGNED,EXECUTING,DC-01-Z12,DC-01-Z07,2026-08-08T00:03:00
TSK-003069-1,ORD-003069,DC-09,PICK,RBT-0025,BLOCKED,QUEUED,DC-09-Z12,DC-09-Z11,2026-08-20T04:24:00
TSK-003070-1,ORD-003070,DC-01,PACK_FEED,RBT-0653,QUEUED,QUEUED,DC-01-Z06,DC-01-Z01,2026-08-01T18:33:00
TSK-003070-2,ORD-003070,DC-01,STAGE,RBT-0461,ASSIGNED,QUEUED,DC-01-Z11,DC-01-Z07,2026-08-01T18:40:00
TSK-003071-1,ORD-003071,DC-11,PICK,RBT-0649,ASSIGNED,COMPLETE,DC-11-Z01,DC-11-Z05,2026-08-31T10:48:00
TSK-003071-2,ORD-003071,DC-11,PACK_FEED,RBT-0599,BLOCKED,EXECUTING,DC-11-Z12,DC-11-Z10,2026-08-31T12:05:00
TSK-003071-3,ORD-003071,DC-11,PICK,RBT-0270,EXECUTING,QUEUED,DC-11-Z08,DC-11-Z10,2026-08-31T12:02:00
TSK-003071-4,ORD-003071,DC-11,MOVE,RBT-0602,COMPLETE,ASSIGNED,DC-11-Z07,DC-11-Z05,2026-08-31T10:29:00
TSK-003072-1,ORD-003072,DC-17,PACK_FEED,RBT-0189,QUEUED,ASSIGNED,DC-17-Z07,DC-17-Z02,2026-08-24T14:34:00
TSK-003072-2,ORD-003072,DC-17,MOVE,RBT-0549,COMPLETE,FAILED,DC-17-Z02,DC-17-Z02,2026-08-24T14:44:00
TSK-003073-1,ORD-003073,DC-04,PICK,RBT-0583,COMPLETE,ASSIGNED,DC-04-Z05,DC-04-Z03,2026-08-26T02:06:00
TSK-003073-2,ORD-003073,DC-04,REPLENISH,RBT-0078,QUEUED,FAILED,DC-04-Z06,DC-04-Z09,2026-08-26T01:37:00
TSK-003073-3,ORD-003073,DC-04,MOVE,RBT-0535,ASSIGNED,COMPLETE,DC-04-Z08,DC-04-Z05,2026-08-26T01:35:00
TSK-003074-1,ORD-003074,DC-06,REPLENISH,RBT-0070,EXECUTING,COMPLETE,DC-06-Z07,DC-06-Z03,2026-09-02T02:28:00
TSK-003074-2,ORD-003074,DC-06,PACK_FEED,RBT-0411,COMPLETE,QUEUED,DC-06-Z02,DC-06-Z02,2026-09-02T01:27:00
TSK-003074-3,ORD-003074,DC-06,STAGE,RBT-0154,COMPLETE,QUEUED,DC-06-Z08,DC-06-Z07,2026-09-02T00:50:00
TSK-003075-1,ORD-003075,DC-16,STAGE,RBT-0270,COMPLETE,ASSIGNED,DC-16-Z04,DC-16-Z03,2026-09-01T16:01:00
TSK-003075-2,ORD-003075,DC-16,STAGE,RBT-0203,BLOCKED,COMPLETE,DC-16-Z06,DC-16-Z02,2026-09-01T16:03:00
TSK-003075-3,ORD-003075,DC-16,MOVE,RBT-0497,QUEUED,QUEUED,DC-16-Z07,DC-16-Z01,2026-09-01T15:24:00
TSK-003076-1,ORD-003076,DC-06,MOVE,RBT-0295,BLOCKED,QUEUED,DC-06-Z09,DC-06-Z05,2026-08-02T12:26:00
TSK-003076-2,ORD-003076,DC-06,PACK_FEED,RBT-0181,EXECUTING,EXECUTING,DC-06-Z02,DC-06-Z11,2026-08-02T12:13:00
TSK-003076-3,ORD-003076,DC-06,STAGE,RBT-0508,ASSIGNED,QUEUED,DC-06-Z08,DC-06-Z09,2026-08-02T12:35:00
TSK-003077-1,ORD-003077,DC-15,PICK,RBT-0161,COMPLETE,ASSIGNED,DC-15-Z01,DC-15-Z11,2026-08-31T15:38:00
TSK-003077-2,ORD-003077,DC-15,PICK,RBT-0381,ASSIGNED,FAILED,DC-15-Z11,DC-15-Z04,2026-08-31T15:57:00
TSK-003078-1,ORD-003078,DC-03,STAGE,RBT-0230,COMPLETE,ASSIGNED,DC-03-Z06,DC-03-Z07,2026-08-24T03:44:00
TSK-003078-2,ORD-003078,DC-03,PACK_FEED,RBT-0177,BLOCKED,FAILED,DC-03-Z02,DC-03-Z03,2026-08-24T02:52:00
TSK-003078-3,ORD-003078,DC-03,PACK_FEED,RBT-0553,ASSIGNED,FAILED,DC-03-Z07,DC-03-Z10,2026-08-24T04:33:00
TSK-003078-4,ORD-003078,DC-03,REPLENISH,RBT-0530,BLOCKED,ASSIGNED,DC-03-Z12,DC-03-Z09,2026-08-24T03:31:00
TSK-003079-1,ORD-003079,DC-05,MOVE,RBT-0178,BLOCKED,QUEUED,DC-05-Z10,DC-05-Z05,2026-08-01T17:56:00
TSK-003079-2,ORD-003079,DC-05,PACK_FEED,RBT-0632,QUEUED,EXECUTING,DC-05-Z07,DC-05-Z12,2026-08-01T16:17:00
TSK-003079-3,ORD-003079,DC-05,REPLENISH,RBT-0694,ASSIGNED,ASSIGNED,DC-05-Z12,DC-05-Z04,2026-08-01T18:11:00
TSK-003079-4,ORD-003079,DC-05,PACK_FEED,RBT-0293,BLOCKED,ASSIGNED,DC-05-Z09,DC-05-Z08,2026-08-01T17:14:00
TSK-003080-1,ORD-003080,DC-06,STAGE,RBT-0053,COMPLETE,ASSIGNED,DC-06-Z10,DC-06-Z11,2026-08-11T10:16:00
TSK-003080-2,ORD-003080,DC-06,PICK,RBT-0017,COMPLETE,QUEUED,DC-06-Z10,DC-06-Z07,2026-08-11T11:51:00
TSK-003080-3,ORD-003080,DC-06,PICK,RBT-0058,COMPLETE,COMPLETE,DC-06-Z07,DC-06-Z08,2026-08-11T11:01:00
TSK-003080-4,ORD-003080,DC-06,PICK,RBT-0129,EXECUTING,EXECUTING,DC-06-Z11,DC-06-Z11,2026-08-11T11:53:00
TSK-003081-1,ORD-003081,DC-01,PICK,RBT-0709,ASSIGNED,ASSIGNED,DC-01-Z03,DC-01-Z03,2026-08-31T12:00:00
TSK-003081-2,ORD-003081,DC-01,PICK,RBT-0460,EXECUTING,FAILED,DC-01-Z10,DC-01-Z10,2026-08-31T11:48:00
TSK-003082-1,ORD-003082,DC-11,REPLENISH,RBT-0028,QUEUED,ASSIGNED,DC-11-Z11,DC-11-Z07,2026-08-06T08:58:00
TSK-003083-1,ORD-003083,DC-17,REPLENISH,RBT-0304,COMPLETE,FAILED,DC-17-Z11,DC-17-Z02,2026-08-29T06:05:00
TSK-003083-2,ORD-003083,DC-17,PICK,RBT-0070,BLOCKED,EXECUTING,DC-17-Z07,DC-17-Z05,2026-08-29T04:57:00
TSK-003083-3,ORD-003083,DC-17,PACK_FEED,RBT-0668,QUEUED,FAILED,DC-17-Z08,DC-17-Z08,2026-08-29T05:54:00
TSK-003084-1,ORD-003084,DC-06,STAGE,RBT-0172,BLOCKED,QUEUED,DC-06-Z12,DC-06-Z11,2026-09-01T09:37:00
TSK-003084-2,ORD-003084,DC-06,REPLENISH,RBT-0331,EXECUTING,QUEUED,DC-06-Z09,DC-06-Z07,2026-09-01T07:46:00
TSK-003084-3,ORD-003084,DC-06,PACK_FEED,RBT-0471,ASSIGNED,FAILED,DC-06-Z04,DC-06-Z06,2026-09-01T08:37:00
TSK-003085-1,ORD-003085,DC-09,PACK_FEED,RBT-0529,ASSIGNED,COMPLETE,DC-09-Z04,DC-09-Z08,2026-08-26T08:07:00
TSK-003085-2,ORD-003085,DC-09,REPLENISH,RBT-0538,EXECUTING,ASSIGNED,DC-09-Z12,DC-09-Z12,2026-08-26T08:35:00
TSK-003086-1,ORD-003086,DC-04,PICK,RBT-0664,BLOCKED,EXECUTING,DC-04-Z04,DC-04-Z10,2026-08-01T14:48:00
TSK-003087-1,ORD-003087,DC-02,REPLENISH,RBT-0051,ASSIGNED,ASSIGNED,DC-02-Z06,DC-02-Z12,2026-08-09T04:25:00
TSK-003087-2,ORD-003087,DC-02,PACK_FEED,RBT-0454,COMPLETE,EXECUTING,DC-02-Z11,DC-02-Z01,2026-08-09T04:48:00
TSK-003087-3,ORD-003087,DC-02,PACK_FEED,RBT-0169,COMPLETE,EXECUTING,DC-02-Z04,DC-02-Z12,2026-08-09T04:49:00
TSK-003087-4,ORD-003087,DC-02,STAGE,RBT-0708,EXECUTING,COMPLETE,DC-02-Z07,DC-02-Z10,2026-08-09T05:18:00
TSK-003088-1,ORD-003088,DC-05,PACK_FEED,RBT-0229,COMPLETE,EXECUTING,DC-05-Z05,DC-05-Z03,2026-08-29T19:09:00
TSK-003088-2,ORD-003088,DC-05,MOVE,RBT-0666,COMPLETE,ASSIGNED,DC-05-Z11,DC-05-Z10,2026-08-29T19:59:00
TSK-003088-3,ORD-003088,DC-05,REPLENISH,RBT-0025,ASSIGNED,EXECUTING,DC-05-Z02,DC-05-Z08,2026-08-29T20:12:00
TSK-003089-1,ORD-003089,DC-14,STAGE,RBT-0193,ASSIGNED,COMPLETE,DC-14-Z11,DC-14-Z03,2026-08-03T04:03:00
TSK-003089-2,ORD-003089,DC-14,PICK,RBT-0126,ASSIGNED,ASSIGNED,DC-14-Z12,DC-14-Z10,2026-08-03T04:13:00
TSK-003089-3,ORD-003089,DC-14,PACK_FEED,RBT-0441,EXECUTING,COMPLETE,DC-14-Z08,DC-14-Z12,2026-08-03T04:37:00
TSK-003089-4,ORD-003089,DC-14,STAGE,RBT-0282,ASSIGNED,QUEUED,DC-14-Z08,DC-14-Z01,2026-08-03T04:31:00
TSK-003090-1,ORD-003090,DC-01,STAGE,RBT-0087,COMPLETE,EXECUTING,DC-01-Z05,DC-01-Z05,2026-08-10T03:14:00
TSK-003091-1,ORD-003091,DC-07,REPLENISH,RBT-0159,ASSIGNED,EXECUTING,DC-07-Z08,DC-07-Z12,2026-08-22T17:30:00
TSK-003091-2,ORD-003091,DC-07,MOVE,RBT-0239,ASSIGNED,FAILED,DC-07-Z07,DC-07-Z10,2026-08-22T17:22:00
TSK-003091-3,ORD-003091,DC-07,STAGE,RBT-0569,EXECUTING,ASSIGNED,DC-07-Z09,DC-07-Z05,2026-08-22T16:27:00
TSK-003091-4,ORD-003091,DC-07,PICK,RBT-0359,ASSIGNED,QUEUED,DC-07-Z05,DC-07-Z10,2026-08-22T17:11:00
TSK-003092-1,ORD-003092,DC-13,STAGE,RBT-0564,ASSIGNED,QUEUED,DC-13-Z08,DC-13-Z06,2026-08-22T13:45:00
TSK-003092-2,ORD-003092,DC-13,PACK_FEED,RBT-0626,EXECUTING,ASSIGNED,DC-13-Z08,DC-13-Z04,2026-08-22T13:41:00
TSK-003093-1,ORD-003093,DC-16,PACK_FEED,RBT-0598,BLOCKED,EXECUTING,DC-16-Z10,DC-16-Z11,2026-08-23T00:19:00
TSK-003093-2,ORD-003093,DC-16,PICK,RBT-0291,EXECUTING,FAILED,DC-16-Z01,DC-16-Z03,2026-08-23T00:13:00
TSK-003093-3,ORD-003093,DC-16,PACK_FEED,RBT-0503,ASSIGNED,ASSIGNED,DC-16-Z09,DC-16-Z10,2026-08-23T01:05:00
TSK-003093-4,ORD-003093,DC-16,REPLENISH,RBT-0010,EXECUTING,EXECUTING,DC-16-Z07,DC-16-Z01,2026-08-23T01:33:00
TSK-003094-1,ORD-003094,DC-07,PACK_FEED,RBT-0488,BLOCKED,COMPLETE,DC-07-Z04,DC-07-Z06,2026-08-13T19:56:00
TSK-003094-2,ORD-003094,DC-07,REPLENISH,RBT-0333,ASSIGNED,COMPLETE,DC-07-Z05,DC-07-Z01,2026-08-13T20:00:00
TSK-003094-3,ORD-003094,DC-07,PICK,RBT-0623,COMPLETE,QUEUED,DC-07-Z09,DC-07-Z08,2026-08-13T19:05:00
TSK-003094-4,ORD-003094,DC-07,STAGE,RBT-0149,EXECUTING,EXECUTING,DC-07-Z05,DC-07-Z10,2026-08-13T18:39:00
TSK-003095-1,ORD-003095,DC-12,STAGE,RBT-0157,EXECUTING,FAILED,DC-12-Z04,DC-12-Z10,2026-09-02T11:08:00
TSK-003095-2,ORD-003095,DC-12,MOVE,RBT-0349,ASSIGNED,COMPLETE,DC-12-Z06,DC-12-Z11,2026-09-02T11:09:00
TSK-003095-3,ORD-003095,DC-12,PACK_FEED,RBT-0325,QUEUED,COMPLETE,DC-12-Z10,DC-12-Z12,2026-09-02T12:04:00
TSK-003096-1,ORD-003096,DC-18,STAGE,RBT-0224,QUEUED,ASSIGNED,DC-18-Z12,DC-18-Z07,2026-08-23T04:10:00
TSK-003097-1,ORD-003097,DC-01,REPLENISH,RBT-0351,COMPLETE,QUEUED,DC-01-Z09,DC-01-Z09,2026-08-12T05:43:00
TSK-003097-2,ORD-003097,DC-01,PICK,RBT-0329,COMPLETE,FAILED,DC-01-Z01,DC-01-Z01,2026-08-12T07:09:00
TSK-003097-3,ORD-003097,DC-01,PICK,RBT-0489,BLOCKED,ASSIGNED,DC-01-Z07,DC-01-Z06,2026-08-12T06:33:00
TSK-003097-4,ORD-003097,DC-01,REPLENISH,RBT-0501,BLOCKED,COMPLETE,DC-01-Z05,DC-01-Z04,2026-08-12T06:35:00
TSK-003098-1,ORD-003098,DC-02,REPLENISH,RBT-0059,COMPLETE,FAILED,DC-02-Z07,DC-02-Z09,2026-08-30T15:26:00
TSK-003098-2,ORD-003098,DC-02,PACK_FEED,RBT-0254,EXECUTING,EXECUTING,DC-02-Z02,DC-02-Z07,2026-08-30T15:37:00
TSK-003098-3,ORD-003098,DC-02,PACK_FEED,RBT-0216,BLOCKED,FAILED,DC-02-Z05,DC-02-Z04,2026-08-30T15:07:00
TSK-003098-4,ORD-003098,DC-02,REPLENISH,RBT-0406,BLOCKED,FAILED,DC-02-Z03,DC-02-Z01,2026-08-30T16:53:00
TSK-003099-1,ORD-003099,DC-07,STAGE,RBT-0478,ASSIGNED,FAILED,DC-07-Z06,DC-07-Z09,2026-09-01T14:45:00
TSK-003099-2,ORD-003099,DC-07,REPLENISH,RBT-0503,QUEUED,QUEUED,DC-07-Z02,DC-07-Z03,2026-09-01T15:54:00
TSK-003099-3,ORD-003099,DC-07,REPLENISH,RBT-0635,ASSIGNED,ASSIGNED,DC-07-Z01,DC-07-Z01,2026-09-01T14:36:00
TSK-003099-4,ORD-003099,DC-07,PACK_FEED,RBT-0689,BLOCKED,QUEUED,DC-07-Z08,DC-07-Z07,2026-09-01T14:58:00
TSK-003100-1,ORD-003100,DC-06,PACK_FEED,RBT-0676,BLOCKED,EXECUTING,DC-06-Z05,DC-06-Z11,2026-08-18T04:12:00
TSK-003100-2,ORD-003100,DC-06,PICK,RBT-0384,ASSIGNED,ASSIGNED,DC-06-Z06,DC-06-Z04,2026-08-18T05:09:00
TSK-003100-3,ORD-003100,DC-06,PACK_FEED,RBT-0580,QUEUED,COMPLETE,DC-06-Z10,DC-06-Z12,2026-08-18T04:56:00
TSK-003101-1,ORD-003101,DC-17,REPLENISH,RBT-0563,ASSIGNED,EXECUTING,DC-17-Z04,DC-17-Z02,2026-08-21T02:45:00
TSK-003101-2,ORD-003101,DC-17,STAGE,RBT-0422,COMPLETE,FAILED,DC-17-Z08,DC-17-Z12,2026-08-21T02:51:00
TSK-003102-1,ORD-003102,DC-17,STAGE,RBT-0502,COMPLETE,EXECUTING,DC-17-Z06,DC-17-Z08,2026-08-07T02:34:00
TSK-003102-2,ORD-003102,DC-17,MOVE,RBT-0089,QUEUED,FAILED,DC-17-Z10,DC-17-Z01,2026-08-07T02:10:00
TSK-003102-3,ORD-003102,DC-17,REPLENISH,RBT-0277,BLOCKED,EXECUTING,DC-17-Z09,DC-17-Z01,2026-08-07T03:11:00
TSK-003103-1,ORD-003103,DC-12,REPLENISH,RBT-0091,EXECUTING,QUEUED,DC-12-Z03,DC-12-Z06,2026-08-18T16:46:00
TSK-003103-2,ORD-003103,DC-12,MOVE,RBT-0433,BLOCKED,COMPLETE,DC-12-Z03,DC-12-Z11,2026-08-18T16:56:00
TSK-003104-1,ORD-003104,DC-01,MOVE,RBT-0578,COMPLETE,FAILED,DC-01-Z08,DC-01-Z08,2026-08-27T12:30:00
TSK-003104-2,ORD-003104,DC-01,REPLENISH,RBT-0083,COMPLETE,FAILED,DC-01-Z03,DC-01-Z11,2026-08-27T12:10:00
TSK-003105-1,ORD-003105,DC-15,REPLENISH,RBT-0331,COMPLETE,FAILED,DC-15-Z08,DC-15-Z12,2026-08-01T08:36:00
TSK-003105-2,ORD-003105,DC-15,REPLENISH,RBT-0129,BLOCKED,ASSIGNED,DC-15-Z02,DC-15-Z09,2026-08-01T07:23:00
TSK-003105-3,ORD-003105,DC-15,STAGE,RBT-0062,ASSIGNED,QUEUED,DC-15-Z07,DC-15-Z05,2026-08-01T08:21:00
TSK-003105-4,ORD-003105,DC-15,REPLENISH,RBT-0017,ASSIGNED,EXECUTING,DC-15-Z11,DC-15-Z10,2026-08-01T08:03:00
TSK-003106-1,ORD-003106,DC-09,MOVE,RBT-0265,QUEUED,EXECUTING,DC-09-Z01,DC-09-Z09,2026-08-12T09:14:00
TSK-003106-2,ORD-003106,DC-09,REPLENISH,RBT-0024,BLOCKED,EXECUTING,DC-09-Z05,DC-09-Z02,2026-08-12T09:00:00
TSK-003106-3,ORD-003106,DC-09,MOVE,RBT-0646,QUEUED,EXECUTING,DC-09-Z07,DC-09-Z07,2026-08-12T09:54:00
TSK-003107-1,ORD-003107,DC-03,STAGE,RBT-0484,COMPLETE,EXECUTING,DC-03-Z05,DC-03-Z07,2026-09-04T22:34:00
TSK-003107-2,ORD-003107,DC-03,STAGE,RBT-0227,QUEUED,QUEUED,DC-03-Z05,DC-03-Z10,2026-09-04T23:02:00
TSK-003107-3,ORD-003107,DC-03,MOVE,RBT-0029,QUEUED,FAILED,DC-03-Z02,DC-03-Z02,2026-09-04T23:28:00
TSK-003108-1,ORD-003108,DC-15,PACK_FEED,RBT-0320,QUEUED,QUEUED,DC-15-Z01,DC-15-Z08,2026-08-22T19:48:00
TSK-003108-2,ORD-003108,DC-15,PICK,RBT-0505,COMPLETE,ASSIGNED,DC-15-Z07,DC-15-Z03,2026-08-22T19:25:00
TSK-003108-3,ORD-003108,DC-15,STAGE,RBT-0138,COMPLETE,COMPLETE,DC-15-Z12,DC-15-Z12,2026-08-22T20:12:00
TSK-003108-4,ORD-003108,DC-15,PICK,RBT-0645,QUEUED,EXECUTING,DC-15-Z07,DC-15-Z11,2026-08-22T20:36:00
TSK-003109-1,ORD-003109,DC-12,MOVE,RBT-0248,COMPLETE,EXECUTING,DC-12-Z04,DC-12-Z02,2026-08-23T21:14:00
TSK-003109-2,ORD-003109,DC-12,PACK_FEED,RBT-0376,QUEUED,EXECUTING,DC-12-Z07,DC-12-Z02,2026-08-23T21:57:00
TSK-003109-3,ORD-003109,DC-12,STAGE,RBT-0648,BLOCKED,FAILED,DC-12-Z12,DC-12-Z05,2026-08-23T21:40:00
TSK-003110-1,ORD-003110,DC-01,PICK,RBT-0336,ASSIGNED,EXECUTING,DC-01-Z06,DC-01-Z10,2026-08-19T15:55:00
TSK-003110-2,ORD-003110,DC-01,PACK_FEED,RBT-0664,ASSIGNED,ASSIGNED,DC-01-Z11,DC-01-Z11,2026-08-19T16:03:00
TSK-003110-3,ORD-003110,DC-01,REPLENISH,RBT-0642,BLOCKED,FAILED,DC-01-Z03,DC-01-Z12,2026-08-19T15:44:00
TSK-003110-4,ORD-003110,DC-01,MOVE,RBT-0008,COMPLETE,FAILED,DC-01-Z11,DC-01-Z05,2026-08-19T16:38:00
TSK-003111-1,ORD-003111,DC-08,PICK,RBT-0453,BLOCKED,COMPLETE,DC-08-Z05,DC-08-Z03,2026-08-07T22:34:00
TSK-003112-1,ORD-003112,DC-05,PICK,RBT-0388,QUEUED,COMPLETE,DC-05-Z07,DC-05-Z07,2026-08-14T08:41:00
TSK-003113-1,ORD-003113,DC-15,PICK,RBT-0553,COMPLETE,COMPLETE,DC-15-Z05,DC-15-Z07,2026-08-15T08:20:00
TSK-003113-2,ORD-003113,DC-15,REPLENISH,RBT-0533,QUEUED,FAILED,DC-15-Z06,DC-15-Z01,2026-08-15T07:24:00
TSK-003114-1,ORD-003114,DC-18,STAGE,RBT-0675,QUEUED,FAILED,DC-18-Z04,DC-18-Z01,2026-08-12T19:29:00
TSK-003114-2,ORD-003114,DC-18,REPLENISH,RBT-0688,EXECUTING,QUEUED,DC-18-Z10,DC-18-Z10,2026-08-12T20:07:00
TSK-003115-1,ORD-003115,DC-13,PACK_FEED,RBT-0252,QUEUED,ASSIGNED,DC-13-Z01,DC-13-Z03,2026-08-25T18:06:00
TSK-003115-2,ORD-003115,DC-13,PACK_FEED,RBT-0707,QUEUED,EXECUTING,DC-13-Z07,DC-13-Z09,2026-08-25T18:17:00
TSK-003115-3,ORD-003115,DC-13,MOVE,RBT-0680,EXECUTING,COMPLETE,DC-13-Z11,DC-13-Z03,2026-08-25T17:28:00
TSK-003115-4,ORD-003115,DC-13,PICK,RBT-0618,QUEUED,FAILED,DC-13-Z07,DC-13-Z06,2026-08-25T18:15:00
TSK-003116-1,ORD-003116,DC-03,PICK,RBT-0519,EXECUTING,EXECUTING,DC-03-Z09,DC-03-Z01,2026-08-07T05:56:00
TSK-003116-2,ORD-003116,DC-03,MOVE,RBT-0039,EXECUTING,COMPLETE,DC-03-Z08,DC-03-Z11,2026-08-07T05:59:00
TSK-003116-3,ORD-003116,DC-03,PICK,RBT-0705,ASSIGNED,QUEUED,DC-03-Z05,DC-03-Z06,2026-08-07T06:11:00
TSK-003117-1,ORD-003117,DC-07,PICK,RBT-0600,ASSIGNED,FAILED,DC-07-Z01,DC-07-Z02,2026-08-30T03:21:00
TSK-003117-2,ORD-003117,DC-07,PICK,RBT-0421,BLOCKED,QUEUED,DC-07-Z04,DC-07-Z02,2026-08-30T05:08:00
TSK-003118-1,ORD-003118,DC-06,STAGE,RBT-0092,EXECUTING,ASSIGNED,DC-06-Z10,DC-06-Z01,2026-08-30T14:55:00
TSK-003118-2,ORD-003118,DC-06,STAGE,RBT-0463,ASSIGNED,FAILED,DC-06-Z05,DC-06-Z04,2026-08-30T14:59:00
TSK-003119-1,ORD-003119,DC-08,PACK_FEED,RBT-0093,EXECUTING,ASSIGNED,DC-08-Z02,DC-08-Z09,2026-08-22T16:41:00
TSK-003119-2,ORD-003119,DC-08,REPLENISH,RBT-0568,ASSIGNED,QUEUED,DC-08-Z02,DC-08-Z03,2026-08-22T16:04:00
TSK-003119-3,ORD-003119,DC-08,MOVE,RBT-0551,QUEUED,ASSIGNED,DC-08-Z02,DC-08-Z11,2026-08-22T17:11:00
TSK-003120-1,ORD-003120,DC-18,MOVE,RBT-0529,BLOCKED,FAILED,DC-18-Z11,DC-18-Z09,2026-08-31T18:04:00
TSK-003121-1,ORD-003121,DC-07,REPLENISH,RBT-0227,COMPLETE,COMPLETE,DC-07-Z11,DC-07-Z02,2026-08-16T12:38:00
TSK-003122-1,ORD-003122,DC-05,PACK_FEED,RBT-0243,ASSIGNED,FAILED,DC-05-Z09,DC-05-Z04,2026-09-03T07:20:00
TSK-003123-1,ORD-003123,DC-12,STAGE,RBT-0365,QUEUED,ASSIGNED,DC-12-Z09,DC-12-Z08,2026-08-07T17:42:00
TSK-003123-2,ORD-003123,DC-12,REPLENISH,RBT-0083,EXECUTING,COMPLETE,DC-12-Z03,DC-12-Z03,2026-08-07T17:08:00
TSK-003123-3,ORD-003123,DC-12,PACK_FEED,RBT-0130,QUEUED,EXECUTING,DC-12-Z07,DC-12-Z02,2026-08-07T17:49:00
TSK-003123-4,ORD-003123,DC-12,PICK,RBT-0092,BLOCKED,QUEUED,DC-12-Z07,DC-12-Z12,2026-08-07T18:29:00
TSK-003124-1,ORD-003124,DC-05,STAGE,RBT-0236,COMPLETE,FAILED,DC-05-Z05,DC-05-Z07,2026-08-31T03:00:00
TSK-003124-2,ORD-003124,DC-05,STAGE,RBT-0680,BLOCKED,COMPLETE,DC-05-Z06,DC-05-Z06,2026-08-31T04:03:00
TSK-003124-3,ORD-003124,DC-05,MOVE,RBT-0231,ASSIGNED,QUEUED,DC-05-Z01,DC-05-Z06,2026-08-31T03:33:00
TSK-003124-4,ORD-003124,DC-05,PICK,RBT-0502,EXECUTING,FAILED,DC-05-Z03,DC-05-Z12,2026-08-31T04:43:00
TSK-003125-1,ORD-003125,DC-06,STAGE,RBT-0153,BLOCKED,COMPLETE,DC-06-Z01,DC-06-Z10,2026-08-17T05:51:00
TSK-003125-2,ORD-003125,DC-06,PACK_FEED,RBT-0175,QUEUED,QUEUED,DC-06-Z04,DC-06-Z10,2026-08-17T05:29:00
TSK-003126-1,ORD-003126,DC-14,PICK,RBT-0581,QUEUED,QUEUED,DC-14-Z12,DC-14-Z04,2026-08-18T16:06:00
TSK-003126-2,ORD-003126,DC-14,REPLENISH,RBT-0306,EXECUTING,FAILED,DC-14-Z08,DC-14-Z04,2026-08-18T17:06:00
TSK-003126-3,ORD-003126,DC-14,MOVE,RBT-0005,QUEUED,COMPLETE,DC-14-Z02,DC-14-Z11,2026-08-18T16:34:00
TSK-003126-4,ORD-003126,DC-14,STAGE,RBT-0017,COMPLETE,COMPLETE,DC-14-Z12,DC-14-Z09,2026-08-18T16:23:00
TSK-003127-1,ORD-003127,DC-10,PACK_FEED,RBT-0205,ASSIGNED,FAILED,DC-10-Z06,DC-10-Z12,2026-08-24T00:37:00
TSK-003127-2,ORD-003127,DC-10,REPLENISH,RBT-0216,COMPLETE,QUEUED,DC-10-Z08,DC-10-Z08,2026-08-24T00:55:00
TSK-003127-3,ORD-003127,DC-10,MOVE,RBT-0095,COMPLETE,ASSIGNED,DC-10-Z07,DC-10-Z09,2026-08-24T00:26:00
TSK-003127-4,ORD-003127,DC-10,PICK,RBT-0170,COMPLETE,EXECUTING,DC-10-Z01,DC-10-Z04,2026-08-24T01:37:00
TSK-003128-1,ORD-003128,DC-05,PICK,RBT-0355,QUEUED,ASSIGNED,DC-05-Z03,DC-05-Z11,2026-08-21T16:21:00
TSK-003128-2,ORD-003128,DC-05,PICK,RBT-0303,BLOCKED,ASSIGNED,DC-05-Z08,DC-05-Z04,2026-08-21T16:05:00
TSK-003129-1,ORD-003129,DC-13,PACK_FEED,RBT-0298,COMPLETE,FAILED,DC-13-Z07,DC-13-Z06,2026-08-04T19:24:00
TSK-003129-2,ORD-003129,DC-13,REPLENISH,RBT-0004,BLOCKED,QUEUED,DC-13-Z07,DC-13-Z01,2026-08-04T19:58:00
TSK-003129-3,ORD-003129,DC-13,STAGE,RBT-0310,ASSIGNED,COMPLETE,DC-13-Z12,DC-13-Z04,2026-08-04T20:05:00
TSK-003129-4,ORD-003129,DC-13,PICK,RBT-0195,BLOCKED,FAILED,DC-13-Z05,DC-13-Z01,2026-08-04T20:06:00
TSK-003130-1,ORD-003130,DC-16,STAGE,RBT-0522,COMPLETE,ASSIGNED,DC-16-Z08,DC-16-Z08,2026-08-18T23:44:00
TSK-003130-2,ORD-003130,DC-16,REPLENISH,RBT-0691,EXECUTING,ASSIGNED,DC-16-Z03,DC-16-Z05,2026-08-18T23:05:00
TSK-003130-3,ORD-003130,DC-16,MOVE,RBT-0011,ASSIGNED,QUEUED,DC-16-Z01,DC-16-Z07,2026-08-18T23:02:00
TSK-003130-4,ORD-003130,DC-16,MOVE,RBT-0299,EXECUTING,ASSIGNED,DC-16-Z01,DC-16-Z11,2026-08-18T23:37:00
TSK-003131-1,ORD-003131,DC-05,PICK,RBT-0531,QUEUED,QUEUED,DC-05-Z09,DC-05-Z05,2026-09-03T05:57:00
TSK-003131-2,ORD-003131,DC-05,PACK_FEED,RBT-0267,QUEUED,COMPLETE,DC-05-Z12,DC-05-Z03,2026-09-03T07:27:00
TSK-003132-1,ORD-003132,DC-07,REPLENISH,RBT-0278,QUEUED,EXECUTING,DC-07-Z08,DC-07-Z07,2026-08-30T20:00:00
TSK-003132-2,ORD-003132,DC-07,REPLENISH,RBT-0575,QUEUED,COMPLETE,DC-07-Z03,DC-07-Z10,2026-08-30T19:11:00
TSK-003132-3,ORD-003132,DC-07,PACK_FEED,RBT-0574,QUEUED,COMPLETE,DC-07-Z01,DC-07-Z12,2026-08-30T19:16:00
TSK-003133-1,ORD-003133,DC-12,STAGE,RBT-0173,QUEUED,FAILED,DC-12-Z06,DC-12-Z12,2026-08-05T19:24:00
TSK-003134-1,ORD-003134,DC-13,STAGE,RBT-0141,COMPLETE,QUEUED,DC-13-Z03,DC-13-Z01,2026-08-30T05:55:00
TSK-003134-2,ORD-003134,DC-13,MOVE,RBT-0303,ASSIGNED,QUEUED,DC-13-Z01,DC-13-Z06,2026-08-30T05:56:00
TSK-003134-3,ORD-003134,DC-13,PACK_FEED,RBT-0578,COMPLETE,COMPLETE,DC-13-Z02,DC-13-Z11,2026-08-30T04:40:00
TSK-003134-4,ORD-003134,DC-13,REPLENISH,RBT-0296,BLOCKED,ASSIGNED,DC-13-Z06,DC-13-Z07,2026-08-30T05:57:00
TSK-003135-1,ORD-003135,DC-14,MOVE,RBT-0382,COMPLETE,QUEUED,DC-14-Z01,DC-14-Z06,2026-08-29T22:13:00
TSK-003135-2,ORD-003135,DC-14,MOVE,RBT-0365,QUEUED,ASSIGNED,DC-14-Z11,DC-14-Z04,2026-08-29T21:26:00
TSK-003136-1,ORD-003136,DC-10,STAGE,RBT-0451,QUEUED,FAILED,DC-10-Z05,DC-10-Z09,2026-09-04T08:04:00
TSK-003136-2,ORD-003136,DC-10,REPLENISH,RBT-0638,QUEUED,FAILED,DC-10-Z02,DC-10-Z04,2026-09-04T08:38:00
TSK-003136-3,ORD-003136,DC-10,STAGE,RBT-0173,COMPLETE,EXECUTING,DC-10-Z10,DC-10-Z10,2026-09-04T09:14:00
TSK-003137-1,ORD-003137,DC-05,STAGE,RBT-0179,BLOCKED,EXECUTING,DC-05-Z12,DC-05-Z03,2026-08-08T13:28:00
TSK-003138-1,ORD-003138,DC-11,PICK,RBT-0443,BLOCKED,COMPLETE,DC-11-Z01,DC-11-Z11,2026-08-21T22:16:00
TSK-003138-2,ORD-003138,DC-11,REPLENISH,RBT-0684,BLOCKED,ASSIGNED,DC-11-Z06,DC-11-Z08,2026-08-21T22:33:00
TSK-003138-3,ORD-003138,DC-11,PICK,RBT-0046,BLOCKED,FAILED,DC-11-Z05,DC-11-Z09,2026-08-21T23:16:00
TSK-003138-4,ORD-003138,DC-11,REPLENISH,RBT-0073,BLOCKED,EXECUTING,DC-11-Z02,DC-11-Z09,2026-08-21T23:58:00
TSK-003139-1,ORD-003139,DC-14,PICK,RBT-0007,COMPLETE,QUEUED,DC-14-Z12,DC-14-Z07,2026-08-18T07:46:00
TSK-003140-1,ORD-003140,DC-08,PACK_FEED,RBT-0466,QUEUED,FAILED,DC-08-Z12,DC-08-Z11,2026-08-10T18:29:00
TSK-003140-2,ORD-003140,DC-08,MOVE,RBT-0055,QUEUED,FAILED,DC-08-Z06,DC-08-Z11,2026-08-10T18:04:00
TSK-003140-3,ORD-003140,DC-08,STAGE,RBT-0361,QUEUED,FAILED,DC-08-Z12,DC-08-Z04,2026-08-10T17:15:00
TSK-003140-4,ORD-003140,DC-08,REPLENISH,RBT-0674,BLOCKED,QUEUED,DC-08-Z02,DC-08-Z01,2026-08-10T18:42:00
TSK-003141-1,ORD-003141,DC-15,PICK,RBT-0079,QUEUED,QUEUED,DC-15-Z06,DC-15-Z06,2026-08-26T14:29:00
TSK-003142-1,ORD-003142,DC-18,PICK,RBT-0116,QUEUED,QUEUED,DC-18-Z04,DC-18-Z06,2026-09-01T12:28:00
TSK-003142-2,ORD-003142,DC-18,PACK_FEED,RBT-0270,ASSIGNED,EXECUTING,DC-18-Z06,DC-18-Z04,2026-09-01T12:27:00
TSK-003142-3,ORD-003142,DC-18,REPLENISH,RBT-0008,QUEUED,QUEUED,DC-18-Z06,DC-18-Z08,2026-09-01T13:04:00
TSK-003143-1,ORD-003143,DC-03,REPLENISH,RBT-0661,COMPLETE,QUEUED,DC-03-Z05,DC-03-Z02,2026-08-16T10:41:00
TSK-003143-2,ORD-003143,DC-03,PACK_FEED,RBT-0401,QUEUED,QUEUED,DC-03-Z02,DC-03-Z02,2026-08-16T10:53:00
TSK-003144-1,ORD-003144,DC-12,STAGE,RBT-0508,ASSIGNED,EXECUTING,DC-12-Z12,DC-12-Z05,2026-08-24T17:11:00
TSK-003144-2,ORD-003144,DC-12,PACK_FEED,RBT-0708,BLOCKED,COMPLETE,DC-12-Z12,DC-12-Z10,2026-08-24T18:11:00
TSK-003144-3,ORD-003144,DC-12,REPLENISH,RBT-0505,QUEUED,QUEUED,DC-12-Z01,DC-12-Z05,2026-08-24T18:27:00
TSK-003144-4,ORD-003144,DC-12,PACK_FEED,RBT-0352,COMPLETE,QUEUED,DC-12-Z10,DC-12-Z05,2026-08-24T18:05:00
TSK-003145-1,ORD-003145,DC-14,PICK,RBT-0582,ASSIGNED,EXECUTING,DC-14-Z10,DC-14-Z05,2026-08-29T04:43:00
TSK-003145-2,ORD-003145,DC-14,PACK_FEED,RBT-0632,QUEUED,EXECUTING,DC-14-Z12,DC-14-Z10,2026-08-29T04:05:00
TSK-003145-3,ORD-003145,DC-14,PICK,RBT-0417,QUEUED,FAILED,DC-14-Z06,DC-14-Z03,2026-08-29T04:15:00
TSK-003146-1,ORD-003146,DC-03,STAGE,RBT-0460,ASSIGNED,COMPLETE,DC-03-Z12,DC-03-Z03,2026-08-01T11:39:00
TSK-003146-2,ORD-003146,DC-03,PACK_FEED,RBT-0542,COMPLETE,FAILED,DC-03-Z08,DC-03-Z05,2026-08-01T11:11:00
TSK-003147-1,ORD-003147,DC-09,REPLENISH,RBT-0707,EXECUTING,EXECUTING,DC-09-Z07,DC-09-Z11,2026-08-29T14:37:00
TSK-003148-1,ORD-003148,DC-10,REPLENISH,RBT-0045,COMPLETE,FAILED,DC-10-Z11,DC-10-Z12,2026-08-21T16:00:00
TSK-003148-2,ORD-003148,DC-10,STAGE,RBT-0390,QUEUED,QUEUED,DC-10-Z12,DC-10-Z12,2026-08-21T17:05:00
TSK-003148-3,ORD-003148,DC-10,STAGE,RBT-0293,BLOCKED,EXECUTING,DC-10-Z04,DC-10-Z09,2026-08-21T16:10:00
TSK-003149-1,ORD-003149,DC-17,PACK_FEED,RBT-0057,EXECUTING,COMPLETE,DC-17-Z05,DC-17-Z06,2026-08-28T06:59:00
TSK-003149-2,ORD-003149,DC-17,STAGE,RBT-0573,QUEUED,COMPLETE,DC-17-Z04,DC-17-Z03,2026-08-28T07:40:00
TSK-003149-3,ORD-003149,DC-17,MOVE,RBT-0627,EXECUTING,EXECUTING,DC-17-Z01,DC-17-Z03,2026-08-28T07:20:00
TSK-003149-4,ORD-003149,DC-17,PACK_FEED,RBT-0001,BLOCKED,COMPLETE,DC-17-Z08,DC-17-Z04,2026-08-28T08:20:00
TSK-003150-1,ORD-003150,DC-18,REPLENISH,RBT-0474,COMPLETE,QUEUED,DC-18-Z08,DC-18-Z08,2026-08-20T08:42:00
TSK-003151-1,ORD-003151,DC-16,MOVE,RBT-0513,ASSIGNED,EXECUTING,DC-16-Z08,DC-16-Z05,2026-08-09T05:03:00
TSK-003151-2,ORD-003151,DC-16,STAGE,RBT-0678,EXECUTING,COMPLETE,DC-16-Z08,DC-16-Z08,2026-08-09T03:14:00
TSK-003151-3,ORD-003151,DC-16,STAGE,RBT-0633,ASSIGNED,FAILED,DC-16-Z08,DC-16-Z07,2026-08-09T04:04:00
TSK-003151-4,ORD-003151,DC-16,PICK,RBT-0258,ASSIGNED,EXECUTING,DC-16-Z10,DC-16-Z07,2026-08-09T04:06:00
TSK-003152-1,ORD-003152,DC-08,PICK,RBT-0244,COMPLETE,EXECUTING,DC-08-Z12,DC-08-Z04,2026-08-17T19:49:00
TSK-003152-2,ORD-003152,DC-08,STAGE,RBT-0408,ASSIGNED,FAILED,DC-08-Z07,DC-08-Z11,2026-08-17T20:43:00
TSK-003152-3,ORD-003152,DC-08,MOVE,RBT-0391,ASSIGNED,EXECUTING,DC-08-Z08,DC-08-Z01,2026-08-17T21:04:00
TSK-003152-4,ORD-003152,DC-08,MOVE,RBT-0462,ASSIGNED,EXECUTING,DC-08-Z09,DC-08-Z03,2026-08-17T20:44:00
TSK-003153-1,ORD-003153,DC-07,STAGE,RBT-0669,EXECUTING,COMPLETE,DC-07-Z12,DC-07-Z10,2026-08-20T11:11:00
TSK-003153-2,ORD-003153,DC-07,MOVE,RBT-0017,QUEUED,COMPLETE,DC-07-Z12,DC-07-Z03,2026-08-20T12:11:00
TSK-003154-1,ORD-003154,DC-08,PICK,RBT-0308,EXECUTING,COMPLETE,DC-08-Z08,DC-08-Z04,2026-08-03T00:51:00
TSK-003154-2,ORD-003154,DC-08,PACK_FEED,RBT-0624,ASSIGNED,FAILED,DC-08-Z07,DC-08-Z08,2026-08-03T00:41:00
TSK-003155-1,ORD-003155,DC-17,MOVE,RBT-0584,COMPLETE,EXECUTING,DC-17-Z07,DC-17-Z04,2026-09-04T00:26:00
TSK-003155-2,ORD-003155,DC-17,REPLENISH,RBT-0150,EXECUTING,QUEUED,DC-17-Z07,DC-17-Z09,2026-09-04T00:42:00
TSK-003156-1,ORD-003156,DC-05,PACK_FEED,RBT-0644,EXECUTING,ASSIGNED,DC-05-Z03,DC-05-Z10,2026-08-04T17:17:00
TSK-003156-2,ORD-003156,DC-05,STAGE,RBT-0412,BLOCKED,EXECUTING,DC-05-Z07,DC-05-Z09,2026-08-04T15:53:00
TSK-003157-1,ORD-003157,DC-13,PICK,RBT-0043,EXECUTING,FAILED,DC-13-Z07,DC-13-Z04,2026-08-30T02:47:00
TSK-003157-2,ORD-003157,DC-13,PACK_FEED,RBT-0050,COMPLETE,QUEUED,DC-13-Z06,DC-13-Z08,2026-08-30T01:58:00
TSK-003157-3,ORD-003157,DC-13,MOVE,RBT-0183,BLOCKED,COMPLETE,DC-13-Z09,DC-13-Z03,2026-08-30T03:15:00
TSK-003157-4,ORD-003157,DC-13,MOVE,RBT-0457,BLOCKED,FAILED,DC-13-Z09,DC-13-Z07,2026-08-30T02:28:00
TSK-003158-1,ORD-003158,DC-11,PACK_FEED,RBT-0351,BLOCKED,QUEUED,DC-11-Z05,DC-11-Z04,2026-08-08T23:11:00
TSK-003159-1,ORD-003159,DC-07,REPLENISH,RBT-0624,COMPLETE,COMPLETE,DC-07-Z11,DC-07-Z01,2026-09-02T18:16:00
TSK-003160-1,ORD-003160,DC-13,PACK_FEED,RBT-0037,ASSIGNED,FAILED,DC-13-Z08,DC-13-Z09,2026-08-13T09:59:00
TSK-003160-2,ORD-003160,DC-13,REPLENISH,RBT-0013,COMPLETE,FAILED,DC-13-Z04,DC-13-Z12,2026-08-13T09:21:00
TSK-003160-3,ORD-003160,DC-13,PACK_FEED,RBT-0209,BLOCKED,ASSIGNED,DC-13-Z08,DC-13-Z05,2026-08-13T09:53:00
TSK-003161-1,ORD-003161,DC-08,REPLENISH,RBT-0385,QUEUED,COMPLETE,DC-08-Z09,DC-08-Z06,2026-08-09T06:00:00
TSK-003161-2,ORD-003161,DC-08,MOVE,RBT-0434,ASSIGNED,EXECUTING,DC-08-Z09,DC-08-Z03,2026-08-09T04:42:00
TSK-003161-3,ORD-003161,DC-08,MOVE,RBT-0091,QUEUED,COMPLETE,DC-08-Z09,DC-08-Z12,2026-08-09T05:42:00
TSK-003162-1,ORD-003162,DC-13,MOVE,RBT-0502,COMPLETE,ASSIGNED,DC-13-Z06,DC-13-Z05,2026-08-10T13:33:00
TSK-003162-2,ORD-003162,DC-13,PACK_FEED,RBT-0246,ASSIGNED,FAILED,DC-13-Z08,DC-13-Z07,2026-08-10T13:25:00
TSK-003162-3,ORD-003162,DC-13,MOVE,RBT-0623,ASSIGNED,QUEUED,DC-13-Z01,DC-13-Z08,2026-08-10T13:57:00
TSK-003162-4,ORD-003162,DC-13,PACK_FEED,RBT-0181,QUEUED,ASSIGNED,DC-13-Z03,DC-13-Z04,2026-08-10T13:41:00
TSK-003163-1,ORD-003163,DC-16,PACK_FEED,RBT-0195,COMPLETE,COMPLETE,DC-16-Z05,DC-16-Z11,2026-08-20T09:42:00
TSK-003163-2,ORD-003163,DC-16,PACK_FEED,RBT-0001,QUEUED,EXECUTING,DC-16-Z11,DC-16-Z07,2026-08-20T10:31:00
TSK-003163-3,ORD-003163,DC-16,REPLENISH,RBT-0522,EXECUTING,FAILED,DC-16-Z06,DC-16-Z11,2026-08-20T09:25:00
TSK-003164-1,ORD-003164,DC-04,STAGE,RBT-0473,COMPLETE,FAILED,DC-04-Z03,DC-04-Z05,2026-08-26T19:29:00
TSK-003164-2,ORD-003164,DC-04,PACK_FEED,RBT-0149,QUEUED,EXECUTING,DC-04-Z09,DC-04-Z12,2026-08-26T19:31:00
TSK-003164-3,ORD-003164,DC-04,PICK,RBT-0372,ASSIGNED,FAILED,DC-04-Z12,DC-04-Z04,2026-08-26T19:55:00
TSK-003165-1,ORD-003165,DC-10,MOVE,RBT-0540,QUEUED,QUEUED,DC-10-Z08,DC-10-Z08,2026-08-08T16:58:00
TSK-003165-2,ORD-003165,DC-10,REPLENISH,RBT-0514,QUEUED,ASSIGNED,DC-10-Z12,DC-10-Z05,2026-08-08T17:11:00
TSK-003166-1,ORD-003166,DC-05,STAGE,RBT-0686,BLOCKED,ASSIGNED,DC-05-Z08,DC-05-Z08,2026-08-16T07:07:00
TSK-003167-1,ORD-003167,DC-05,STAGE,RBT-0505,COMPLETE,COMPLETE,DC-05-Z03,DC-05-Z12,2026-08-13T23:00:00
TSK-003167-2,ORD-003167,DC-05,MOVE,RBT-0179,EXECUTING,QUEUED,DC-05-Z09,DC-05-Z04,2026-08-13T23:12:00
TSK-003168-1,ORD-003168,DC-09,PICK,RBT-0201,COMPLETE,COMPLETE,DC-09-Z06,DC-09-Z02,2026-09-01T10:29:00
TSK-003168-2,ORD-003168,DC-09,STAGE,RBT-0391,COMPLETE,ASSIGNED,DC-09-Z07,DC-09-Z06,2026-09-01T09:30:00
TSK-003169-1,ORD-003169,DC-10,REPLENISH,RBT-0355,ASSIGNED,COMPLETE,DC-10-Z05,DC-10-Z02,2026-08-17T17:28:00
TSK-003169-2,ORD-003169,DC-10,PICK,RBT-0629,EXECUTING,FAILED,DC-10-Z04,DC-10-Z10,2026-08-17T16:32:00
TSK-003169-3,ORD-003169,DC-10,REPLENISH,RBT-0627,ASSIGNED,FAILED,DC-10-Z05,DC-10-Z11,2026-08-17T18:14:00
TSK-003170-1,ORD-003170,DC-18,MOVE,RBT-0239,COMPLETE,FAILED,DC-18-Z06,DC-18-Z02,2026-08-11T21:50:00
TSK-003170-2,ORD-003170,DC-18,STAGE,RBT-0657,BLOCKED,ASSIGNED,DC-18-Z03,DC-18-Z08,2026-08-11T20:47:00
TSK-003170-3,ORD-003170,DC-18,MOVE,RBT-0090,QUEUED,ASSIGNED,DC-18-Z07,DC-18-Z09,2026-08-11T20:40:00
TSK-003171-1,ORD-003171,DC-11,REPLENISH,RBT-0561,ASSIGNED,ASSIGNED,DC-11-Z10,DC-11-Z03,2026-08-20T23:36:00
TSK-003171-2,ORD-003171,DC-11,STAGE,RBT-0118,ASSIGNED,QUEUED,DC-11-Z06,DC-11-Z05,2026-08-21T00:37:00
TSK-003171-3,ORD-003171,DC-11,PICK,RBT-0390,BLOCKED,FAILED,DC-11-Z07,DC-11-Z11,2026-08-21T00:40:00
TSK-003172-1,ORD-003172,DC-17,PACK_FEED,RBT-0016,ASSIGNED,ASSIGNED,DC-17-Z05,DC-17-Z02,2026-08-27T14:08:00
TSK-003173-1,ORD-003173,DC-05,MOVE,RBT-0434,QUEUED,COMPLETE,DC-05-Z04,DC-05-Z02,2026-09-03T18:01:00
TSK-003173-2,ORD-003173,DC-05,PICK,RBT-0217,EXECUTING,ASSIGNED,DC-05-Z04,DC-05-Z11,2026-09-03T18:46:00
TSK-003173-3,ORD-003173,DC-05,REPLENISH,RBT-0089,EXECUTING,FAILED,DC-05-Z10,DC-05-Z08,2026-09-03T17:39:00
TSK-003173-4,ORD-003173,DC-05,STAGE,RBT-0703,ASSIGNED,EXECUTING,DC-05-Z02,DC-05-Z07,2026-09-03T18:18:00
TSK-003174-1,ORD-003174,DC-03,STAGE,RBT-0529,EXECUTING,EXECUTING,DC-03-Z12,DC-03-Z12,2026-08-11T06:32:00
TSK-003174-2,ORD-003174,DC-03,REPLENISH,RBT-0648,ASSIGNED,FAILED,DC-03-Z06,DC-03-Z09,2026-08-11T05:20:00
TSK-003175-1,ORD-003175,DC-16,STAGE,RBT-0402,BLOCKED,QUEUED,DC-16-Z09,DC-16-Z03,2026-08-05T00:33:00
TSK-003175-2,ORD-003175,DC-16,STAGE,RBT-0019,QUEUED,COMPLETE,DC-16-Z11,DC-16-Z12,2026-08-05T01:34:00
TSK-003175-3,ORD-003175,DC-16,MOVE,RBT-0583,ASSIGNED,QUEUED,DC-16-Z03,DC-16-Z08,2026-08-05T02:22:00
TSK-003175-4,ORD-003175,DC-16,PICK,RBT-0532,COMPLETE,COMPLETE,DC-16-Z11,DC-16-Z02,2026-08-05T01:13:00
TSK-003176-1,ORD-003176,DC-16,PACK_FEED,RBT-0016,EXECUTING,QUEUED,DC-16-Z01,DC-16-Z05,2026-08-31T07:16:00
TSK-003177-1,ORD-003177,DC-03,MOVE,RBT-0029,EXECUTING,EXECUTING,DC-03-Z02,DC-03-Z07,2026-08-22T12:08:00
TSK-003177-2,ORD-003177,DC-03,REPLENISH,RBT-0538,COMPLETE,COMPLETE,DC-03-Z05,DC-03-Z06,2026-08-22T10:53:00
TSK-003177-3,ORD-003177,DC-03,PACK_FEED,RBT-0471,EXECUTING,ASSIGNED,DC-03-Z09,DC-03-Z08,2026-08-22T12:27:00
TSK-003177-4,ORD-003177,DC-03,MOVE,RBT-0324,BLOCKED,ASSIGNED,DC-03-Z12,DC-03-Z03,2026-08-22T12:41:00
TSK-003178-1,ORD-003178,DC-11,MOVE,RBT-0316,EXECUTING,ASSIGNED,DC-11-Z05,DC-11-Z03,2026-08-02T01:41:00
TSK-003179-1,ORD-003179,DC-09,STAGE,RBT-0527,ASSIGNED,QUEUED,DC-09-Z06,DC-09-Z05,2026-08-04T19:23:00
TSK-003179-2,ORD-003179,DC-09,PACK_FEED,RBT-0624,QUEUED,EXECUTING,DC-09-Z06,DC-09-Z03,2026-08-04T19:05:00
TSK-003180-1,ORD-003180,DC-17,PICK,RBT-0556,EXECUTING,QUEUED,DC-17-Z05,DC-17-Z08,2026-08-29T22:50:00
TSK-003180-2,ORD-003180,DC-17,STAGE,RBT-0033,COMPLETE,FAILED,DC-17-Z06,DC-17-Z04,2026-08-29T21:41:00
TSK-003180-3,ORD-003180,DC-17,PICK,RBT-0387,BLOCKED,FAILED,DC-17-Z03,DC-17-Z10,2026-08-29T21:50:00
TSK-003180-4,ORD-003180,DC-17,PICK,RBT-0218,EXECUTING,FAILED,DC-17-Z05,DC-17-Z03,2026-08-29T23:26:00
TSK-003181-1,ORD-003181,DC-01,MOVE,RBT-0542,EXECUTING,COMPLETE,DC-01-Z01,DC-01-Z09,2026-08-16T03:31:00
TSK-003181-2,ORD-003181,DC-01,REPLENISH,RBT-0265,COMPLETE,ASSIGNED,DC-01-Z12,DC-01-Z10,2026-08-16T03:22:00
TSK-003181-3,ORD-003181,DC-01,PACK_FEED,RBT-0378,BLOCKED,COMPLETE,DC-01-Z11,DC-01-Z08,2026-08-16T02:33:00
TSK-003181-4,ORD-003181,DC-01,REPLENISH,RBT-0121,QUEUED,EXECUTING,DC-01-Z05,DC-01-Z05,2026-08-16T02:30:00
TSK-003182-1,ORD-003182,DC-01,PACK_FEED,RBT-0186,COMPLETE,ASSIGNED,DC-01-Z09,DC-01-Z04,2026-08-28T16:26:00
TSK-003183-1,ORD-003183,DC-14,PACK_FEED,RBT-0649,BLOCKED,QUEUED,DC-14-Z04,DC-14-Z02,2026-08-10T15:00:00
TSK-003183-2,ORD-003183,DC-14,PACK_FEED,RBT-0439,QUEUED,FAILED,DC-14-Z03,DC-14-Z09,2026-08-10T15:31:00
TSK-003184-1,ORD-003184,DC-03,MOVE,RBT-0452,ASSIGNED,FAILED,DC-03-Z03,DC-03-Z06,2026-09-03T22:09:00
TSK-003184-2,ORD-003184,DC-03,PACK_FEED,RBT-0152,COMPLETE,ASSIGNED,DC-03-Z12,DC-03-Z11,2026-09-03T21:53:00
TSK-003185-1,ORD-003185,DC-02,STAGE,RBT-0221,EXECUTING,QUEUED,DC-02-Z01,DC-02-Z01,2026-08-02T03:06:00
TSK-003186-1,ORD-003186,DC-18,STAGE,RBT-0396,ASSIGNED,COMPLETE,DC-18-Z10,DC-18-Z02,2026-08-03T19:19:00
TSK-003186-2,ORD-003186,DC-18,PACK_FEED,RBT-0384,BLOCKED,ASSIGNED,DC-18-Z12,DC-18-Z03,2026-08-03T20:10:00
TSK-003186-3,ORD-003186,DC-18,REPLENISH,RBT-0292,COMPLETE,FAILED,DC-18-Z07,DC-18-Z11,2026-08-03T20:18:00
TSK-003186-4,ORD-003186,DC-18,PACK_FEED,RBT-0493,EXECUTING,EXECUTING,DC-18-Z05,DC-18-Z12,2026-08-03T20:18:00
TSK-003187-1,ORD-003187,DC-07,STAGE,RBT-0388,EXECUTING,EXECUTING,DC-07-Z03,DC-07-Z04,2026-08-26T06:44:00
TSK-003187-2,ORD-003187,DC-07,PICK,RBT-0262,ASSIGNED,ASSIGNED,DC-07-Z09,DC-07-Z11,2026-08-26T07:19:00
TSK-003187-3,ORD-003187,DC-07,PACK_FEED,RBT-0430,EXECUTING,EXECUTING,DC-07-Z11,DC-07-Z02,2026-08-26T06:54:00
TSK-003188-1,ORD-003188,DC-13,REPLENISH,RBT-0159,COMPLETE,COMPLETE,DC-13-Z04,DC-13-Z07,2026-08-16T14:09:00
TSK-003188-2,ORD-003188,DC-13,REPLENISH,RBT-0513,BLOCKED,COMPLETE,DC-13-Z05,DC-13-Z04,2026-08-16T14:23:00
TSK-003188-3,ORD-003188,DC-13,PACK_FEED,RBT-0343,EXECUTING,COMPLETE,DC-13-Z07,DC-13-Z11,2026-08-16T14:25:00
TSK-003188-4,ORD-003188,DC-13,MOVE,RBT-0049,QUEUED,ASSIGNED,DC-13-Z08,DC-13-Z05,2026-08-16T13:54:00
TSK-003189-1,ORD-003189,DC-12,PACK_FEED,RBT-0616,COMPLETE,FAILED,DC-12-Z05,DC-12-Z02,2026-08-31T17:38:00
TSK-003190-1,ORD-003190,DC-13,REPLENISH,RBT-0011,QUEUED,QUEUED,DC-13-Z01,DC-13-Z01,2026-08-18T15:53:00
TSK-003191-1,ORD-003191,DC-18,MOVE,RBT-0151,COMPLETE,FAILED,DC-18-Z02,DC-18-Z12,2026-08-05T12:44:00
TSK-003191-2,ORD-003191,DC-18,STAGE,RBT-0333,ASSIGNED,FAILED,DC-18-Z06,DC-18-Z01,2026-08-05T12:38:00
TSK-003191-3,ORD-003191,DC-18,REPLENISH,RBT-0517,EXECUTING,COMPLETE,DC-18-Z11,DC-18-Z07,2026-08-05T13:20:00
TSK-003191-4,ORD-003191,DC-18,REPLENISH,RBT-0387,BLOCKED,FAILED,DC-18-Z01,DC-18-Z09,2026-08-05T11:34:00
TSK-003192-1,ORD-003192,DC-17,PICK,RBT-0412,COMPLETE,QUEUED,DC-17-Z05,DC-17-Z02,2026-08-06T13:39:00
TSK-003192-2,ORD-003192,DC-17,PACK_FEED,RBT-0115,BLOCKED,COMPLETE,DC-17-Z07,DC-17-Z07,2026-08-06T13:42:00
TSK-003192-3,ORD-003192,DC-17,STAGE,RBT-0573,BLOCKED,FAILED,DC-17-Z06,DC-17-Z01,2026-08-06T13:21:00
TSK-003192-4,ORD-003192,DC-17,REPLENISH,RBT-0237,COMPLETE,FAILED,DC-17-Z08,DC-17-Z01,2026-08-06T12:04:00
TSK-003193-1,ORD-003193,DC-08,MOVE,RBT-0572,EXECUTING,QUEUED,DC-08-Z10,DC-08-Z10,2026-08-27T01:59:00
TSK-003193-2,ORD-003193,DC-08,PICK,RBT-0314,BLOCKED,COMPLETE,DC-08-Z03,DC-08-Z09,2026-08-27T02:24:00
TSK-003194-1,ORD-003194,DC-09,MOVE,RBT-0308,ASSIGNED,QUEUED,DC-09-Z03,DC-09-Z09,2026-08-21T21:19:00
TSK-003194-2,ORD-003194,DC-09,REPLENISH,RBT-0015,COMPLETE,COMPLETE,DC-09-Z11,DC-09-Z09,2026-08-21T20:08:00
TSK-003194-3,ORD-003194,DC-09,PACK_FEED,RBT-0531,ASSIGNED,ASSIGNED,DC-09-Z02,DC-09-Z12,2026-08-21T20:41:00
TSK-003195-1,ORD-003195,DC-13,MOVE,RBT-0150,QUEUED,QUEUED,DC-13-Z01,DC-13-Z11,2026-08-09T23:54:00
TSK-003196-1,ORD-003196,DC-08,PICK,RBT-0215,COMPLETE,FAILED,DC-08-Z04,DC-08-Z11,2026-08-27T06:55:00
TSK-003196-2,ORD-003196,DC-08,STAGE,RBT-0465,BLOCKED,ASSIGNED,DC-08-Z02,DC-08-Z01,2026-08-27T07:23:00
TSK-003197-1,ORD-003197,DC-04,STAGE,RBT-0307,COMPLETE,ASSIGNED,DC-04-Z05,DC-04-Z12,2026-09-04T04:59:00
TSK-003198-1,ORD-003198,DC-03,PACK_FEED,RBT-0425,QUEUED,EXECUTING,DC-03-Z07,DC-03-Z10,2026-08-16T07:47:00
TSK-003198-2,ORD-003198,DC-03,PICK,RBT-0517,ASSIGNED,ASSIGNED,DC-03-Z02,DC-03-Z12,2026-08-16T06:42:00
TSK-003199-1,ORD-003199,DC-04,REPLENISH,RBT-0550,COMPLETE,QUEUED,DC-04-Z05,DC-04-Z02,2026-08-10T17:37:00
TSK-003199-2,ORD-003199,DC-04,MOVE,RBT-0635,BLOCKED,EXECUTING,DC-04-Z07,DC-04-Z03,2026-08-10T17:50:00
TSK-003199-3,ORD-003199,DC-04,MOVE,RBT-0049,QUEUED,FAILED,DC-04-Z11,DC-04-Z07,2026-08-10T17:42:00
TSK-003200-1,ORD-003200,DC-17,PACK_FEED,RBT-0427,BLOCKED,FAILED,DC-17-Z08,DC-17-Z12,2026-08-14T15:33:00
TSK-003201-1,ORD-003201,DC-18,PACK_FEED,RBT-0478,QUEUED,COMPLETE,DC-18-Z04,DC-18-Z08,2026-08-16T13:49:00
TSK-003202-1,ORD-003202,DC-18,STAGE,RBT-0094,COMPLETE,COMPLETE,DC-18-Z10,DC-18-Z04,2026-08-03T18:12:00
TSK-003202-2,ORD-003202,DC-18,PACK_FEED,RBT-0337,QUEUED,FAILED,DC-18-Z11,DC-18-Z03,2026-08-03T17:42:00
TSK-003202-3,ORD-003202,DC-18,PACK_FEED,RBT-0142,EXECUTING,COMPLETE,DC-18-Z05,DC-18-Z04,2026-08-03T17:16:00
TSK-003203-1,ORD-003203,DC-13,PACK_FEED,RBT-0568,COMPLETE,COMPLETE,DC-13-Z06,DC-13-Z10,2026-08-02T16:24:00
TSK-003203-2,ORD-003203,DC-13,MOVE,RBT-0686,ASSIGNED,COMPLETE,DC-13-Z01,DC-13-Z11,2026-08-02T16:56:00
TSK-003203-3,ORD-003203,DC-13,REPLENISH,RBT-0043,BLOCKED,EXECUTING,DC-13-Z11,DC-13-Z04,2026-08-02T16:33:00
TSK-003203-4,ORD-003203,DC-13,PACK_FEED,RBT-0545,BLOCKED,QUEUED,DC-13-Z05,DC-13-Z10,2026-08-02T17:04:00
TSK-003204-1,ORD-003204,DC-12,PICK,RBT-0116,COMPLETE,EXECUTING,DC-12-Z06,DC-12-Z10,2026-08-18T16:33:00
TSK-003204-2,ORD-003204,DC-12,REPLENISH,RBT-0034,QUEUED,FAILED,DC-12-Z02,DC-12-Z04,2026-08-18T16:17:00
TSK-003204-3,ORD-003204,DC-12,STAGE,RBT-0398,BLOCKED,ASSIGNED,DC-12-Z02,DC-12-Z09,2026-08-18T14:56:00
TSK-003205-1,ORD-003205,DC-14,STAGE,RBT-0235,QUEUED,COMPLETE,DC-14-Z02,DC-14-Z08,2026-08-13T17:25:00
TSK-003206-1,ORD-003206,DC-12,PACK_FEED,RBT-0159,BLOCKED,COMPLETE,DC-12-Z01,DC-12-Z01,2026-09-03T00:24:00
TSK-003207-1,ORD-003207,DC-09,STAGE,RBT-0003,COMPLETE,COMPLETE,DC-09-Z03,DC-09-Z07,2026-09-02T08:23:00
TSK-003208-1,ORD-003208,DC-12,STAGE,RBT-0511,EXECUTING,COMPLETE,DC-12-Z02,DC-12-Z03,2026-08-28T10:42:00
TSK-003208-2,ORD-003208,DC-12,REPLENISH,RBT-0167,QUEUED,EXECUTING,DC-12-Z12,DC-12-Z10,2026-08-28T09:59:00
TSK-003209-1,ORD-003209,DC-03,STAGE,RBT-0228,ASSIGNED,EXECUTING,DC-03-Z08,DC-03-Z10,2026-08-18T09:38:00
TSK-003209-2,ORD-003209,DC-03,REPLENISH,RBT-0621,EXECUTING,EXECUTING,DC-03-Z12,DC-03-Z02,2026-08-18T10:13:00
TSK-003210-1,ORD-003210,DC-06,MOVE,RBT-0707,ASSIGNED,FAILED,DC-06-Z07,DC-06-Z07,2026-08-15T02:40:00
TSK-003210-2,ORD-003210,DC-06,PACK_FEED,RBT-0236,BLOCKED,ASSIGNED,DC-06-Z01,DC-06-Z05,2026-08-15T02:17:00
TSK-003210-3,ORD-003210,DC-06,PACK_FEED,RBT-0685,ASSIGNED,QUEUED,DC-06-Z06,DC-06-Z04,2026-08-15T02:56:00
TSK-003211-1,ORD-003211,DC-18,REPLENISH,RBT-0605,COMPLETE,ASSIGNED,DC-18-Z03,DC-18-Z09,2026-08-26T13:29:00
TSK-003211-2,ORD-003211,DC-18,MOVE,RBT-0674,ASSIGNED,FAILED,DC-18-Z04,DC-18-Z05,2026-08-26T13:12:00
TSK-003211-3,ORD-003211,DC-18,PICK,RBT-0200,QUEUED,QUEUED,DC-18-Z02,DC-18-Z07,2026-08-26T13:30:00
TSK-003212-1,ORD-003212,DC-11,MOVE,RBT-0367,COMPLETE,COMPLETE,DC-11-Z02,DC-11-Z10,2026-08-13T10:35:00
TSK-003213-1,ORD-003213,DC-17,REPLENISH,RBT-0618,ASSIGNED,FAILED,DC-17-Z01,DC-17-Z11,2026-08-23T09:35:00
TSK-003214-1,ORD-003214,DC-05,PICK,RBT-0682,EXECUTING,FAILED,DC-05-Z12,DC-05-Z07,2026-08-06T07:45:00
TSK-003214-2,ORD-003214,DC-05,PACK_FEED,RBT-0207,EXECUTING,FAILED,DC-05-Z12,DC-05-Z11,2026-08-06T09:07:00
TSK-003214-3,ORD-003214,DC-05,PACK_FEED,RBT-0457,EXECUTING,COMPLETE,DC-05-Z12,DC-05-Z03,2026-08-06T08:42:00
TSK-003214-4,ORD-003214,DC-05,STAGE,RBT-0675,QUEUED,COMPLETE,DC-05-Z04,DC-05-Z06,2026-08-06T09:10:00
TSK-003215-1,ORD-003215,DC-15,STAGE,RBT-0081,ASSIGNED,QUEUED,DC-15-Z01,DC-15-Z02,2026-08-11T03:29:00
TSK-003216-1,ORD-003216,DC-07,STAGE,RBT-0159,ASSIGNED,QUEUED,DC-07-Z05,DC-07-Z07,2026-08-12T13:00:00
TSK-003216-2,ORD-003216,DC-07,REPLENISH,RBT-0444,EXECUTING,QUEUED,DC-07-Z10,DC-07-Z02,2026-08-12T13:07:00
TSK-003216-3,ORD-003216,DC-07,PACK_FEED,RBT-0435,QUEUED,ASSIGNED,DC-07-Z01,DC-07-Z06,2026-08-12T14:31:00
TSK-003217-1,ORD-003217,DC-12,PICK,RBT-0585,ASSIGNED,EXECUTING,DC-12-Z03,DC-12-Z07,2026-08-21T23:57:00
TSK-003217-2,ORD-003217,DC-12,PICK,RBT-0472,BLOCKED,FAILED,DC-12-Z10,DC-12-Z03,2026-08-21T23:10:00
TSK-003218-1,ORD-003218,DC-06,PICK,RBT-0033,BLOCKED,ASSIGNED,DC-06-Z08,DC-06-Z07,2026-08-06T18:35:00
TSK-003218-2,ORD-003218,DC-06,PACK_FEED,RBT-0045,COMPLETE,COMPLETE,DC-06-Z08,DC-06-Z09,2026-08-06T18:19:00
TSK-003218-3,ORD-003218,DC-06,REPLENISH,RBT-0495,ASSIGNED,ASSIGNED,DC-06-Z03,DC-06-Z01,2026-08-06T18:15:00
TSK-003218-4,ORD-003218,DC-06,STAGE,RBT-0450,BLOCKED,COMPLETE,DC-06-Z01,DC-06-Z04,2026-08-06T16:56:00
TSK-003219-1,ORD-003219,DC-14,PACK_FEED,RBT-0004,EXECUTING,COMPLETE,DC-14-Z07,DC-14-Z05,2026-08-22T18:36:00
TSK-003219-2,ORD-003219,DC-14,PACK_FEED,RBT-0471,EXECUTING,EXECUTING,DC-14-Z10,DC-14-Z10,2026-08-22T18:35:00
TSK-003219-3,ORD-003219,DC-14,MOVE,RBT-0192,BLOCKED,EXECUTING,DC-14-Z09,DC-14-Z07,2026-08-22T17:00:00
TSK-003220-1,ORD-003220,DC-02,STAGE,RBT-0159,EXECUTING,ASSIGNED,DC-02-Z06,DC-02-Z11,2026-08-26T07:30:00
TSK-003221-1,ORD-003221,DC-06,MOVE,RBT-0546,QUEUED,QUEUED,DC-06-Z02,DC-06-Z11,2026-08-25T03:46:00
TSK-003221-2,ORD-003221,DC-06,MOVE,RBT-0032,BLOCKED,COMPLETE,DC-06-Z11,DC-06-Z03,2026-08-25T03:16:00
TSK-003221-3,ORD-003221,DC-06,REPLENISH,RBT-0141,BLOCKED,EXECUTING,DC-06-Z05,DC-06-Z02,2026-08-25T03:34:00
TSK-003222-1,ORD-003222,DC-16,STAGE,RBT-0084,ASSIGNED,COMPLETE,DC-16-Z06,DC-16-Z05,2026-08-22T21:33:00
TSK-003222-2,ORD-003222,DC-16,REPLENISH,RBT-0533,BLOCKED,COMPLETE,DC-16-Z06,DC-16-Z04,2026-08-22T20:36:00
TSK-003222-3,ORD-003222,DC-16,REPLENISH,RBT-0681,COMPLETE,EXECUTING,DC-16-Z12,DC-16-Z02,2026-08-22T20:41:00
TSK-003222-4,ORD-003222,DC-16,PICK,RBT-0567,COMPLETE,COMPLETE,DC-16-Z08,DC-16-Z12,2026-08-22T21:24:00
TSK-003223-1,ORD-003223,DC-02,PICK,RBT-0116,EXECUTING,FAILED,DC-02-Z07,DC-02-Z08,2026-08-05T07:50:00
TSK-003224-1,ORD-003224,DC-11,STAGE,RBT-0639,QUEUED,COMPLETE,DC-11-Z01,DC-11-Z09,2026-08-08T17:12:00
TSK-003224-2,ORD-003224,DC-11,REPLENISH,RBT-0103,EXECUTING,EXECUTING,DC-11-Z04,DC-11-Z06,2026-08-08T17:41:00
TSK-003224-3,ORD-003224,DC-11,PACK_FEED,RBT-0468,BLOCKED,FAILED,DC-11-Z09,DC-11-Z08,2026-08-08T18:18:00
TSK-003225-1,ORD-003225,DC-04,MOVE,RBT-0296,QUEUED,ASSIGNED,DC-04-Z12,DC-04-Z07,2026-08-17T16:34:00
TSK-003225-2,ORD-003225,DC-04,PACK_FEED,RBT-0052,ASSIGNED,ASSIGNED,DC-04-Z05,DC-04-Z12,2026-08-17T17:43:00
TSK-003225-3,ORD-003225,DC-04,REPLENISH,RBT-0684,EXECUTING,QUEUED,DC-04-Z10,DC-04-Z06,2026-08-17T16:53:00
TSK-003226-1,ORD-003226,DC-07,PACK_FEED,RBT-0264,BLOCKED,QUEUED,DC-07-Z10,DC-07-Z09,2026-08-25T04:03:00
TSK-003226-2,ORD-003226,DC-07,REPLENISH,RBT-0223,ASSIGNED,COMPLETE,DC-07-Z02,DC-07-Z02,2026-08-25T03:30:00
TSK-003227-1,ORD-003227,DC-11,PICK,RBT-0255,QUEUED,QUEUED,DC-11-Z05,DC-11-Z12,2026-08-15T07:58:00
TSK-003227-2,ORD-003227,DC-11,MOVE,RBT-0037,COMPLETE,COMPLETE,DC-11-Z04,DC-11-Z05,2026-08-15T09:13:00
TSK-003227-3,ORD-003227,DC-11,MOVE,RBT-0446,ASSIGNED,COMPLETE,DC-11-Z01,DC-11-Z01,2026-08-15T08:37:00
TSK-003227-4,ORD-003227,DC-11,MOVE,RBT-0650,COMPLETE,FAILED,DC-11-Z09,DC-11-Z11,2026-08-15T09:15:00
TSK-003228-1,ORD-003228,DC-14,STAGE,RBT-0583,QUEUED,QUEUED,DC-14-Z07,DC-14-Z04,2026-08-04T11:16:00
TSK-003229-1,ORD-003229,DC-04,REPLENISH,RBT-0142,COMPLETE,ASSIGNED,DC-04-Z03,DC-04-Z12,2026-08-07T22:21:00
TSK-003229-2,ORD-003229,DC-04,STAGE,RBT-0046,BLOCKED,COMPLETE,DC-04-Z10,DC-04-Z11,2026-08-07T22:06:00
TSK-003229-3,ORD-003229,DC-04,MOVE,RBT-0558,BLOCKED,COMPLETE,DC-04-Z04,DC-04-Z03,2026-08-07T20:56:00
TSK-003230-1,ORD-003230,DC-10,REPLENISH,RBT-0160,QUEUED,QUEUED,DC-10-Z03,DC-10-Z10,2026-08-08T19:55:00
TSK-003230-2,ORD-003230,DC-10,MOVE,RBT-0146,ASSIGNED,ASSIGNED,DC-10-Z07,DC-10-Z03,2026-08-08T19:26:00
TSK-003230-3,ORD-003230,DC-10,MOVE,RBT-0004,QUEUED,QUEUED,DC-10-Z10,DC-10-Z09,2026-08-08T20:00:00
TSK-003230-4,ORD-003230,DC-10,MOVE,RBT-0381,COMPLETE,FAILED,DC-10-Z07,DC-10-Z07,2026-08-08T19:32:00
TSK-003231-1,ORD-003231,DC-18,MOVE,RBT-0300,EXECUTING,ASSIGNED,DC-18-Z12,DC-18-Z12,2026-08-24T11:02:00
TSK-003232-1,ORD-003232,DC-02,REPLENISH,RBT-0698,QUEUED,ASSIGNED,DC-02-Z08,DC-02-Z07,2026-08-19T03:42:00
TSK-003232-2,ORD-003232,DC-02,PICK,RBT-0258,EXECUTING,COMPLETE,DC-02-Z04,DC-02-Z10,2026-08-19T02:15:00
TSK-003233-1,ORD-003233,DC-17,STAGE,RBT-0162,EXECUTING,EXECUTING,DC-17-Z06,DC-17-Z03,2026-08-19T21:42:00
TSK-003234-1,ORD-003234,DC-18,PICK,RBT-0332,COMPLETE,ASSIGNED,DC-18-Z02,DC-18-Z12,2026-08-10T06:40:00
TSK-003234-2,ORD-003234,DC-18,MOVE,RBT-0538,ASSIGNED,FAILED,DC-18-Z02,DC-18-Z10,2026-08-10T07:40:00
TSK-003234-3,ORD-003234,DC-18,PACK_FEED,RBT-0105,COMPLETE,EXECUTING,DC-18-Z02,DC-18-Z04,2026-08-10T06:16:00
TSK-003235-1,ORD-003235,DC-09,STAGE,RBT-0305,COMPLETE,COMPLETE,DC-09-Z07,DC-09-Z11,2026-08-29T19:39:00
TSK-003236-1,ORD-003236,DC-05,REPLENISH,RBT-0066,QUEUED,QUEUED,DC-05-Z07,DC-05-Z03,2026-08-27T09:17:00
TSK-003236-2,ORD-003236,DC-05,PACK_FEED,RBT-0284,QUEUED,ASSIGNED,DC-05-Z03,DC-05-Z12,2026-08-27T08:58:00
TSK-003236-3,ORD-003236,DC-05,STAGE,RBT-0154,BLOCKED,QUEUED,DC-05-Z10,DC-05-Z10,2026-08-27T09:18:00
TSK-003237-1,ORD-003237,DC-17,PACK_FEED,RBT-0243,ASSIGNED,FAILED,DC-17-Z01,DC-17-Z10,2026-08-27T06:32:00
TSK-003237-2,ORD-003237,DC-17,MOVE,RBT-0646,BLOCKED,EXECUTING,DC-17-Z10,DC-17-Z09,2026-08-27T06:46:00
TSK-003238-1,ORD-003238,DC-11,PICK,RBT-0627,EXECUTING,ASSIGNED,DC-11-Z01,DC-11-Z10,2026-08-13T07:04:00
TSK-003238-2,ORD-003238,DC-11,MOVE,RBT-0448,QUEUED,QUEUED,DC-11-Z06,DC-11-Z04,2026-08-13T06:34:00
TSK-003239-1,ORD-003239,DC-15,MOVE,RBT-0628,QUEUED,EXECUTING,DC-15-Z08,DC-15-Z01,2026-08-21T11:23:00
TSK-003239-2,ORD-003239,DC-15,PACK_FEED,RBT-0207,EXECUTING,COMPLETE,DC-15-Z03,DC-15-Z04,2026-08-21T10:30:00
TSK-003239-3,ORD-003239,DC-15,STAGE,RBT-0500,BLOCKED,EXECUTING,DC-15-Z11,DC-15-Z11,2026-08-21T09:45:00
TSK-003239-4,ORD-003239,DC-15,PACK_FEED,RBT-0620,QUEUED,EXECUTING,DC-15-Z01,DC-15-Z04,2026-08-21T10:22:00
TSK-003240-1,ORD-003240,DC-11,REPLENISH,RBT-0345,COMPLETE,ASSIGNED,DC-11-Z01,DC-11-Z02,2026-08-03T23:47:00
TSK-003240-2,ORD-003240,DC-11,MOVE,RBT-0397,ASSIGNED,FAILED,DC-11-Z05,DC-11-Z10,2026-08-04T01:00:00
TSK-003240-3,ORD-003240,DC-11,MOVE,RBT-0247,COMPLETE,QUEUED,DC-11-Z08,DC-11-Z09,2026-08-04T00:09:00
TSK-003240-4,ORD-003240,DC-11,MOVE,RBT-0619,COMPLETE,ASSIGNED,DC-11-Z08,DC-11-Z11,2026-08-03T23:34:00
TSK-003241-1,ORD-003241,DC-09,MOVE,RBT-0676,COMPLETE,ASSIGNED,DC-09-Z02,DC-09-Z02,2026-09-03T20:24:00
TSK-003242-1,ORD-003242,DC-11,PICK,RBT-0407,EXECUTING,COMPLETE,DC-11-Z03,DC-11-Z03,2026-08-12T14:27:00
TSK-003242-2,ORD-003242,DC-11,REPLENISH,RBT-0291,BLOCKED,ASSIGNED,DC-11-Z08,DC-11-Z01,2026-08-12T14:23:00
TSK-003243-1,ORD-003243,DC-06,MOVE,RBT-0622,EXECUTING,EXECUTING,DC-06-Z09,DC-06-Z05,2026-08-18T17:40:00
TSK-003243-2,ORD-003243,DC-06,STAGE,RBT-0216,COMPLETE,COMPLETE,DC-06-Z09,DC-06-Z02,2026-08-18T17:03:00
TSK-003243-3,ORD-003243,DC-06,PICK,RBT-0049,EXECUTING,EXECUTING,DC-06-Z10,DC-06-Z11,2026-08-18T18:56:00
TSK-003244-1,ORD-003244,DC-10,STAGE,RBT-0254,ASSIGNED,FAILED,DC-10-Z07,DC-10-Z12,2026-08-09T15:49:00
TSK-003244-2,ORD-003244,DC-10,STAGE,RBT-0626,ASSIGNED,ASSIGNED,DC-10-Z09,DC-10-Z06,2026-08-09T15:13:00
TSK-003244-3,ORD-003244,DC-10,PICK,RBT-0352,COMPLETE,COMPLETE,DC-10-Z05,DC-10-Z03,2026-08-09T14:30:00
TSK-003244-4,ORD-003244,DC-10,PACK_FEED,RBT-0556,BLOCKED,COMPLETE,DC-10-Z03,DC-10-Z09,2026-08-09T16:14:00
TSK-003245-1,ORD-003245,DC-16,STAGE,RBT-0050,QUEUED,FAILED,DC-16-Z01,DC-16-Z12,2026-08-01T15:49:00
TSK-003245-2,ORD-003245,DC-16,STAGE,RBT-0454,BLOCKED,ASSIGNED,DC-16-Z07,DC-16-Z07,2026-08-01T15:11:00
TSK-003245-3,ORD-003245,DC-16,REPLENISH,RBT-0426,ASSIGNED,EXECUTING,DC-16-Z05,DC-16-Z04,2026-08-01T15:42:00
TSK-003246-1,ORD-003246,DC-17,PICK,RBT-0486,QUEUED,FAILED,DC-17-Z03,DC-17-Z10,2026-09-04T07:58:00
TSK-003246-2,ORD-003246,DC-17,PACK_FEED,RBT-0469,BLOCKED,QUEUED,DC-17-Z04,DC-17-Z09,2026-09-04T07:21:00
TSK-003246-3,ORD-003246,DC-17,PICK,RBT-0218,EXECUTING,EXECUTING,DC-17-Z05,DC-17-Z01,2026-09-04T06:31:00
TSK-003246-4,ORD-003246,DC-17,PACK_FEED,RBT-0420,ASSIGNED,FAILED,DC-17-Z10,DC-17-Z01,2026-09-04T07:19:00
TSK-003247-1,ORD-003247,DC-07,REPLENISH,RBT-0623,ASSIGNED,EXECUTING,DC-07-Z01,DC-07-Z09,2026-08-06T21:39:00
TSK-003247-2,ORD-003247,DC-07,STAGE,RBT-0634,ASSIGNED,FAILED,DC-07-Z08,DC-07-Z07,2026-08-06T21:07:00
TSK-003247-3,ORD-003247,DC-07,REPLENISH,RBT-0624,ASSIGNED,ASSIGNED,DC-07-Z08,DC-07-Z04,2026-08-06T20:31:00
TSK-003247-4,ORD-003247,DC-07,MOVE,RBT-0124,ASSIGNED,ASSIGNED,DC-07-Z06,DC-07-Z02,2026-08-06T20:27:00
TSK-003248-1,ORD-003248,DC-18,PACK_FEED,RBT-0575,EXECUTING,EXECUTING,DC-18-Z01,DC-18-Z05,2026-08-27T06:53:00
TSK-003248-2,ORD-003248,DC-18,PICK,RBT-0580,ASSIGNED,ASSIGNED,DC-18-Z08,DC-18-Z07,2026-08-27T07:20:00
TSK-003249-1,ORD-003249,DC-03,STAGE,RBT-0176,QUEUED,EXECUTING,DC-03-Z03,DC-03-Z09,2026-08-19T10:43:00
TSK-003249-2,ORD-003249,DC-03,PICK,RBT-0179,ASSIGNED,QUEUED,DC-03-Z10,DC-03-Z08,2026-08-19T11:10:00
TSK-003249-3,ORD-003249,DC-03,REPLENISH,RBT-0391,BLOCKED,FAILED,DC-03-Z06,DC-03-Z02,2026-08-19T12:00:00
TSK-003249-4,ORD-003249,DC-03,STAGE,RBT-0294,BLOCKED,EXECUTING,DC-03-Z07,DC-03-Z03,2026-08-19T10:58:00
TSK-003250-1,ORD-003250,DC-01,STAGE,RBT-0426,QUEUED,EXECUTING,DC-01-Z02,DC-01-Z02,2026-09-04T15:15:00
TSK-003250-2,ORD-003250,DC-01,PACK_FEED,RBT-0237,QUEUED,COMPLETE,DC-01-Z01,DC-01-Z07,2026-09-04T16:22:00
TSK-003250-3,ORD-003250,DC-01,PACK_FEED,RBT-0031,QUEUED,QUEUED,DC-01-Z07,DC-01-Z04,2026-09-04T16:39:00
TSK-003251-1,ORD-003251,DC-18,STAGE,RBT-0499,QUEUED,QUEUED,DC-18-Z07,DC-18-Z05,2026-08-17T08:20:00
TSK-003251-2,ORD-003251,DC-18,REPLENISH,RBT-0261,QUEUED,FAILED,DC-18-Z05,DC-18-Z11,2026-08-17T08:11:00
TSK-003251-3,ORD-003251,DC-18,STAGE,RBT-0658,BLOCKED,QUEUED,DC-18-Z07,DC-18-Z04,2026-08-17T07:08:00
TSK-003252-1,ORD-003252,DC-08,REPLENISH,RBT-0580,QUEUED,COMPLETE,DC-08-Z10,DC-08-Z01,2026-08-31T02:53:00
TSK-003252-2,ORD-003252,DC-08,REPLENISH,RBT-0493,BLOCKED,EXECUTING,DC-08-Z10,DC-08-Z10,2026-08-31T04:29:00
TSK-003252-3,ORD-003252,DC-08,MOVE,RBT-0090,ASSIGNED,FAILED,DC-08-Z09,DC-08-Z11,2026-08-31T03:45:00
TSK-003252-4,ORD-003252,DC-08,MOVE,RBT-0035,EXECUTING,EXECUTING,DC-08-Z03,DC-08-Z08,2026-08-31T03:56:00
TSK-003253-1,ORD-003253,DC-18,MOVE,RBT-0492,COMPLETE,COMPLETE,DC-18-Z03,DC-18-Z08,2026-08-03T00:59:00
TSK-003254-1,ORD-003254,DC-06,MOVE,RBT-0429,QUEUED,FAILED,DC-06-Z05,DC-06-Z12,2026-08-06T16:11:00
TSK-003255-1,ORD-003255,DC-02,STAGE,RBT-0596,BLOCKED,COMPLETE,DC-02-Z01,DC-02-Z02,2026-08-24T07:32:00
TSK-003256-1,ORD-003256,DC-02,PACK_FEED,RBT-0497,ASSIGNED,ASSIGNED,DC-02-Z10,DC-02-Z07,2026-08-02T06:20:00
TSK-003256-2,ORD-003256,DC-02,PACK_FEED,RBT-0643,QUEUED,FAILED,DC-02-Z01,DC-02-Z01,2026-08-02T05:53:00
TSK-003256-3,ORD-003256,DC-02,PICK,RBT-0567,ASSIGNED,ASSIGNED,DC-02-Z01,DC-02-Z12,2026-08-02T05:50:00
TSK-003257-1,ORD-003257,DC-05,MOVE,RBT-0086,QUEUED,ASSIGNED,DC-05-Z06,DC-05-Z05,2026-08-22T03:40:00
TSK-003258-1,ORD-003258,DC-13,PACK_FEED,RBT-0490,QUEUED,ASSIGNED,DC-13-Z07,DC-13-Z07,2026-08-07T03:22:00
TSK-003258-2,ORD-003258,DC-13,REPLENISH,RBT-0226,ASSIGNED,COMPLETE,DC-13-Z05,DC-13-Z04,2026-08-07T02:18:00
TSK-003259-1,ORD-003259,DC-08,PICK,RBT-0141,QUEUED,EXECUTING,DC-08-Z11,DC-08-Z09,2026-08-24T21:08:00
TSK-003259-2,ORD-003259,DC-08,PACK_FEED,RBT-0127,BLOCKED,FAILED,DC-08-Z06,DC-08-Z11,2026-08-24T21:26:00
TSK-003260-1,ORD-003260,DC-16,PACK_FEED,RBT-0536,COMPLETE,ASSIGNED,DC-16-Z01,DC-16-Z10,2026-08-13T23:20:00
TSK-003260-2,ORD-003260,DC-16,PICK,RBT-0059,EXECUTING,FAILED,DC-16-Z03,DC-16-Z01,2026-08-13T23:25:00
TSK-003260-3,ORD-003260,DC-16,REPLENISH,RBT-0148,BLOCKED,FAILED,DC-16-Z01,DC-16-Z04,2026-08-13T22:41:00
TSK-003260-4,ORD-003260,DC-16,STAGE,RBT-0632,QUEUED,QUEUED,DC-16-Z12,DC-16-Z11,2026-08-13T23:01:00
TSK-003261-1,ORD-003261,DC-13,PICK,RBT-0466,BLOCKED,FAILED,DC-13-Z08,DC-13-Z12,2026-08-28T17:46:00
TSK-003262-1,ORD-003262,DC-10,PICK,RBT-0467,BLOCKED,EXECUTING,DC-10-Z11,DC-10-Z04,2026-08-02T11:21:00
TSK-003262-2,ORD-003262,DC-10,REPLENISH,RBT-0040,COMPLETE,EXECUTING,DC-10-Z07,DC-10-Z01,2026-08-02T10:33:00
TSK-003263-1,ORD-003263,DC-14,PACK_FEED,RBT-0462,QUEUED,FAILED,DC-14-Z04,DC-14-Z02,2026-08-08T02:56:00
TSK-003263-2,ORD-003263,DC-14,REPLENISH,RBT-0032,ASSIGNED,ASSIGNED,DC-14-Z08,DC-14-Z10,2026-08-08T03:32:00
TSK-003263-3,ORD-003263,DC-14,STAGE,RBT-0213,BLOCKED,FAILED,DC-14-Z02,DC-14-Z09,2026-08-08T02:56:00
TSK-003264-1,ORD-003264,DC-18,MOVE,RBT-0393,ASSIGNED,ASSIGNED,DC-18-Z07,DC-18-Z02,2026-08-30T19:37:00
TSK-003264-2,ORD-003264,DC-18,PACK_FEED,RBT-0482,ASSIGNED,FAILED,DC-18-Z01,DC-18-Z12,2026-08-30T18:46:00
TSK-003265-1,ORD-003265,DC-10,STAGE,RBT-0176,COMPLETE,FAILED,DC-10-Z01,DC-10-Z08,2026-08-25T17:55:00
TSK-003265-2,ORD-003265,DC-10,PICK,RBT-0326,COMPLETE,EXECUTING,DC-10-Z04,DC-10-Z02,2026-08-25T19:27:00
TSK-003266-1,ORD-003266,DC-09,MOVE,RBT-0464,BLOCKED,EXECUTING,DC-09-Z06,DC-09-Z12,2026-09-04T09:44:00
TSK-003266-2,ORD-003266,DC-09,MOVE,RBT-0540,ASSIGNED,ASSIGNED,DC-09-Z06,DC-09-Z11,2026-09-04T10:26:00
TSK-003267-1,ORD-003267,DC-18,MOVE,RBT-0497,QUEUED,EXECUTING,DC-18-Z10,DC-18-Z05,2026-08-03T12:28:00
TSK-003267-2,ORD-003267,DC-18,MOVE,RBT-0538,COMPLETE,QUEUED,DC-18-Z07,DC-18-Z07,2026-08-03T11:39:00
TSK-003267-3,ORD-003267,DC-18,STAGE,RBT-0165,QUEUED,EXECUTING,DC-18-Z01,DC-18-Z05,2026-08-03T11:38:00
TSK-003268-1,ORD-003268,DC-10,REPLENISH,RBT-0524,ASSIGNED,COMPLETE,DC-10-Z11,DC-10-Z04,2026-08-24T05:28:00
TSK-003268-2,ORD-003268,DC-10,MOVE,RBT-0302,BLOCKED,QUEUED,DC-10-Z06,DC-10-Z01,2026-08-24T04:24:00
TSK-003268-3,ORD-003268,DC-10,REPLENISH,RBT-0633,QUEUED,COMPLETE,DC-10-Z04,DC-10-Z02,2026-08-24T05:10:00
TSK-003269-1,ORD-003269,DC-02,MOVE,RBT-0362,QUEUED,EXECUTING,DC-02-Z09,DC-02-Z03,2026-09-04T17:58:00
TSK-003269-2,ORD-003269,DC-02,PICK,RBT-0466,BLOCKED,FAILED,DC-02-Z05,DC-02-Z03,2026-09-04T18:09:00
TSK-003269-3,ORD-003269,DC-02,REPLENISH,RBT-0078,EXECUTING,FAILED,DC-02-Z04,DC-02-Z07,2026-09-04T17:01:00
TSK-003270-1,ORD-003270,DC-18,MOVE,RBT-0276,EXECUTING,QUEUED,DC-18-Z10,DC-18-Z04,2026-08-22T00:46:00
TSK-003270-2,ORD-003270,DC-18,MOVE,RBT-0630,COMPLETE,EXECUTING,DC-18-Z08,DC-18-Z12,2026-08-22T01:07:00
TSK-003270-3,ORD-003270,DC-18,PACK_FEED,RBT-0601,EXECUTING,ASSIGNED,DC-18-Z04,DC-18-Z06,2026-08-22T01:52:00
TSK-003271-1,ORD-003271,DC-16,REPLENISH,RBT-0672,EXECUTING,COMPLETE,DC-16-Z05,DC-16-Z02,2026-08-26T15:51:00
TSK-003271-2,ORD-003271,DC-16,PACK_FEED,RBT-0610,BLOCKED,QUEUED,DC-16-Z03,DC-16-Z11,2026-08-26T17:05:00
TSK-003271-3,ORD-003271,DC-16,STAGE,RBT-0679,BLOCKED,COMPLETE,DC-16-Z09,DC-16-Z11,2026-08-26T16:11:00
TSK-003271-4,ORD-003271,DC-16,PICK,RBT-0150,EXECUTING,ASSIGNED,DC-16-Z06,DC-16-Z08,2026-08-26T17:28:00
TSK-003272-1,ORD-003272,DC-11,PICK,RBT-0112,EXECUTING,EXECUTING,DC-11-Z03,DC-11-Z09,2026-08-16T01:28:00
TSK-003272-2,ORD-003272,DC-11,MOVE,RBT-0433,QUEUED,QUEUED,DC-11-Z01,DC-11-Z01,2026-08-16T00:16:00
TSK-003272-3,ORD-003272,DC-11,STAGE,RBT-0203,QUEUED,COMPLETE,DC-11-Z07,DC-11-Z08,2026-08-16T00:29:00
TSK-003272-4,ORD-003272,DC-11,PACK_FEED,RBT-0627,QUEUED,FAILED,DC-11-Z08,DC-11-Z08,2026-08-16T01:33:00
TSK-003273-1,ORD-003273,DC-13,PACK_FEED,RBT-0170,BLOCKED,COMPLETE,DC-13-Z09,DC-13-Z02,2026-08-16T19:07:00
TSK-003273-2,ORD-003273,DC-13,STAGE,RBT-0676,EXECUTING,ASSIGNED,DC-13-Z05,DC-13-Z08,2026-08-16T19:22:00
TSK-003273-3,ORD-003273,DC-13,PICK,RBT-0318,ASSIGNED,COMPLETE,DC-13-Z03,DC-13-Z09,2026-08-16T21:02:00
TSK-003273-4,ORD-003273,DC-13,PICK,RBT-0334,COMPLETE,COMPLETE,DC-13-Z09,DC-13-Z06,2026-08-16T19:29:00
TSK-003274-1,ORD-003274,DC-15,PACK_FEED,RBT-0609,ASSIGNED,FAILED,DC-15-Z06,DC-15-Z05,2026-08-17T03:33:00
TSK-003274-2,ORD-003274,DC-15,PICK,RBT-0034,EXECUTING,EXECUTING,DC-15-Z04,DC-15-Z11,2026-08-17T05:24:00
TSK-003275-1,ORD-003275,DC-13,PICK,RBT-0237,BLOCKED,COMPLETE,DC-13-Z04,DC-13-Z02,2026-08-12T14:16:00
TSK-003276-1,ORD-003276,DC-15,STAGE,RBT-0067,QUEUED,QUEUED,DC-15-Z09,DC-15-Z07,2026-08-15T11:15:00
TSK-003276-2,ORD-003276,DC-15,PICK,RBT-0050,EXECUTING,EXECUTING,DC-15-Z08,DC-15-Z04,2026-08-15T10:31:00
TSK-003276-3,ORD-003276,DC-15,MOVE,RBT-0234,ASSIGNED,QUEUED,DC-15-Z06,DC-15-Z12,2026-08-15T09:35:00
TSK-003277-1,ORD-003277,DC-15,PICK,RBT-0653,QUEUED,COMPLETE,DC-15-Z06,DC-15-Z06,2026-08-09T20:30:00
TSK-003277-2,ORD-003277,DC-15,PICK,RBT-0097,BLOCKED,FAILED,DC-15-Z07,DC-15-Z02,2026-08-09T20:05:00
TSK-003277-3,ORD-003277,DC-15,REPLENISH,RBT-0649,EXECUTING,QUEUED,DC-15-Z05,DC-15-Z03,2026-08-09T20:12:00
TSK-003277-4,ORD-003277,DC-15,REPLENISH,RBT-0683,BLOCKED,EXECUTING,DC-15-Z07,DC-15-Z03,2026-08-09T19:55:00
TSK-003278-1,ORD-003278,DC-10,PICK,RBT-0685,ASSIGNED,QUEUED,DC-10-Z09,DC-10-Z08,2026-08-09T09:56:00
TSK-003278-2,ORD-003278,DC-10,PACK_FEED,RBT-0018,EXECUTING,COMPLETE,DC-10-Z12,DC-10-Z12,2026-08-09T10:07:00
TSK-003278-3,ORD-003278,DC-10,REPLENISH,RBT-0509,EXECUTING,QUEUED,DC-10-Z06,DC-10-Z04,2026-08-09T09:15:00
TSK-003278-4,ORD-003278,DC-10,STAGE,RBT-0033,ASSIGNED,QUEUED,DC-10-Z04,DC-10-Z03,2026-08-09T10:32:00
TSK-003279-1,ORD-003279,DC-11,STAGE,RBT-0414,COMPLETE,EXECUTING,DC-11-Z05,DC-11-Z02,2026-08-31T20:00:00
TSK-003279-2,ORD-003279,DC-11,PICK,RBT-0144,ASSIGNED,EXECUTING,DC-11-Z04,DC-11-Z09,2026-08-31T19:30:00
TSK-003279-3,ORD-003279,DC-11,PACK_FEED,RBT-0590,ASSIGNED,EXECUTING,DC-11-Z11,DC-11-Z12,2026-08-31T20:17:00
TSK-003279-4,ORD-003279,DC-11,PICK,RBT-0475,COMPLETE,FAILED,DC-11-Z05,DC-11-Z09,2026-08-31T19:48:00
TSK-003280-1,ORD-003280,DC-03,REPLENISH,RBT-0349,QUEUED,QUEUED,DC-03-Z12,DC-03-Z07,2026-08-02T23:52:00
TSK-003281-1,ORD-003281,DC-14,STAGE,RBT-0471,EXECUTING,EXECUTING,DC-14-Z01,DC-14-Z04,2026-08-29T23:03:00
TSK-003281-2,ORD-003281,DC-14,STAGE,RBT-0435,ASSIGNED,ASSIGNED,DC-14-Z05,DC-14-Z05,2026-08-29T22:09:00
TSK-003282-1,ORD-003282,DC-09,STAGE,RBT-0554,ASSIGNED,QUEUED,DC-09-Z02,DC-09-Z12,2026-08-19T06:25:00
TSK-003282-2,ORD-003282,DC-09,PICK,RBT-0059,COMPLETE,QUEUED,DC-09-Z07,DC-09-Z12,2026-08-19T07:12:00
TSK-003283-1,ORD-003283,DC-12,REPLENISH,RBT-0145,ASSIGNED,FAILED,DC-12-Z04,DC-12-Z11,2026-08-21T16:06:00
TSK-003283-2,ORD-003283,DC-12,PICK,RBT-0182,ASSIGNED,ASSIGNED,DC-12-Z06,DC-12-Z11,2026-08-21T15:05:00
TSK-003283-3,ORD-003283,DC-12,STAGE,RBT-0569,EXECUTING,FAILED,DC-12-Z07,DC-12-Z10,2026-08-21T15:25:00
TSK-003283-4,ORD-003283,DC-12,PACK_FEED,RBT-0457,QUEUED,QUEUED,DC-12-Z04,DC-12-Z08,2026-08-21T15:34:00
TSK-003284-1,ORD-003284,DC-06,REPLENISH,RBT-0559,QUEUED,COMPLETE,DC-06-Z03,DC-06-Z03,2026-08-14T01:42:00
TSK-003284-2,ORD-003284,DC-06,PACK_FEED,RBT-0570,EXECUTING,FAILED,DC-06-Z02,DC-06-Z10,2026-08-14T01:14:00
TSK-003284-3,ORD-003284,DC-06,STAGE,RBT-0367,BLOCKED,FAILED,DC-06-Z09,DC-06-Z11,2026-08-14T02:17:00
TSK-003284-4,ORD-003284,DC-06,REPLENISH,RBT-0276,BLOCKED,EXECUTING,DC-06-Z01,DC-06-Z05,2026-08-14T02:46:00
TSK-003285-1,ORD-003285,DC-13,MOVE,RBT-0382,COMPLETE,EXECUTING,DC-13-Z08,DC-13-Z05,2026-09-03T00:15:00
TSK-003286-1,ORD-003286,DC-05,PICK,RBT-0522,COMPLETE,QUEUED,DC-05-Z02,DC-05-Z10,2026-08-11T20:17:00
TSK-003287-1,ORD-003287,DC-11,MOVE,RBT-0655,COMPLETE,FAILED,DC-11-Z08,DC-11-Z11,2026-08-03T08:44:00
TSK-003287-2,ORD-003287,DC-11,PACK_FEED,RBT-0540,EXECUTING,COMPLETE,DC-11-Z04,DC-11-Z11,2026-08-03T08:35:00
TSK-003287-3,ORD-003287,DC-11,MOVE,RBT-0264,BLOCKED,COMPLETE,DC-11-Z11,DC-11-Z06,2026-08-03T09:29:00
TSK-003288-1,ORD-003288,DC-04,REPLENISH,RBT-0192,EXECUTING,QUEUED,DC-04-Z11,DC-04-Z06,2026-08-29T01:40:00
TSK-003288-2,ORD-003288,DC-04,STAGE,RBT-0063,BLOCKED,COMPLETE,DC-04-Z12,DC-04-Z01,2026-08-29T01:56:00
TSK-003289-1,ORD-003289,DC-02,PICK,RBT-0610,ASSIGNED,EXECUTING,DC-02-Z11,DC-02-Z09,2026-08-14T13:14:00
TSK-003289-2,ORD-003289,DC-02,PICK,RBT-0453,BLOCKED,FAILED,DC-02-Z09,DC-02-Z02,2026-08-14T13:29:00
TSK-003289-3,ORD-003289,DC-02,REPLENISH,RBT-0702,COMPLETE,EXECUTING,DC-02-Z04,DC-02-Z03,2026-08-14T13:55:00
TSK-003289-4,ORD-003289,DC-02,PACK_FEED,RBT-0124,EXECUTING,COMPLETE,DC-02-Z11,DC-02-Z01,2026-08-14T14:09:00
TSK-003290-1,ORD-003290,DC-05,MOVE,RBT-0322,EXECUTING,ASSIGNED,DC-05-Z03,DC-05-Z11,2026-08-24T16:57:00
TSK-003291-1,ORD-003291,DC-17,PICK,RBT-0263,BLOCKED,COMPLETE,DC-17-Z06,DC-17-Z07,2026-08-31T19:17:00
TSK-003291-2,ORD-003291,DC-17,STAGE,RBT-0578,QUEUED,FAILED,DC-17-Z11,DC-17-Z04,2026-08-31T18:45:00
TSK-003291-3,ORD-003291,DC-17,MOVE,RBT-0694,QUEUED,COMPLETE,DC-17-Z10,DC-17-Z02,2026-08-31T18:07:00
TSK-003291-4,ORD-003291,DC-17,REPLENISH,RBT-0681,COMPLETE,FAILED,DC-17-Z04,DC-17-Z03,2026-08-31T18:34:00
TSK-003292-1,ORD-003292,DC-13,REPLENISH,RBT-0176,ASSIGNED,QUEUED,DC-13-Z12,DC-13-Z07,2026-08-07T11:01:00
TSK-003292-2,ORD-003292,DC-13,STAGE,RBT-0164,BLOCKED,COMPLETE,DC-13-Z03,DC-13-Z06,2026-08-07T10:14:00
TSK-003292-3,ORD-003292,DC-13,REPLENISH,RBT-0244,BLOCKED,QUEUED,DC-13-Z06,DC-13-Z02,2026-08-07T11:43:00
TSK-003293-1,ORD-003293,DC-07,MOVE,RBT-0318,EXECUTING,ASSIGNED,DC-07-Z07,DC-07-Z07,2026-08-11T04:37:00
TSK-003293-2,ORD-003293,DC-07,MOVE,RBT-0405,COMPLETE,FAILED,DC-07-Z05,DC-07-Z01,2026-08-11T06:03:00
TSK-003293-3,ORD-003293,DC-07,PACK_FEED,RBT-0006,COMPLETE,COMPLETE,DC-07-Z09,DC-07-Z03,2026-08-11T04:58:00
TSK-003294-1,ORD-003294,DC-17,PACK_FEED,RBT-0080,QUEUED,EXECUTING,DC-17-Z04,DC-17-Z11,2026-09-02T18:58:00
TSK-003295-1,ORD-003295,DC-09,MOVE,RBT-0411,EXECUTING,QUEUED,DC-09-Z01,DC-09-Z08,2026-08-09T22:28:00
TSK-003295-2,ORD-003295,DC-09,REPLENISH,RBT-0058,QUEUED,EXECUTING,DC-09-Z11,DC-09-Z08,2026-08-09T23:30:00
TSK-003295-3,ORD-003295,DC-09,REPLENISH,RBT-0024,ASSIGNED,EXECUTING,DC-09-Z09,DC-09-Z09,2026-08-09T22:50:00
TSK-003295-4,ORD-003295,DC-09,PICK,RBT-0430,QUEUED,FAILED,DC-09-Z09,DC-09-Z09,2026-08-09T23:02:00
TSK-003296-1,ORD-003296,DC-01,MOVE,RBT-0078,BLOCKED,ASSIGNED,DC-01-Z06,DC-01-Z12,2026-08-02T19:54:00
TSK-003296-2,ORD-003296,DC-01,STAGE,RBT-0172,ASSIGNED,QUEUED,DC-01-Z04,DC-01-Z12,2026-08-02T20:47:00
TSK-003296-3,ORD-003296,DC-01,STAGE,RBT-0429,BLOCKED,ASSIGNED,DC-01-Z11,DC-01-Z07,2026-08-02T20:08:00
TSK-003297-1,ORD-003297,DC-15,PICK,RBT-0567,QUEUED,COMPLETE,DC-15-Z06,DC-15-Z04,2026-08-06T03:23:00
TSK-003297-2,ORD-003297,DC-15,PACK_FEED,RBT-0402,BLOCKED,ASSIGNED,DC-15-Z03,DC-15-Z05,2026-08-06T03:10:00
TSK-003298-1,ORD-003298,DC-15,STAGE,RBT-0025,QUEUED,FAILED,DC-15-Z03,DC-15-Z04,2026-08-28T16:44:00
TSK-003298-2,ORD-003298,DC-15,PACK_FEED,RBT-0286,QUEUED,FAILED,DC-15-Z03,DC-15-Z04,2026-08-28T15:59:00
TSK-003299-1,ORD-003299,DC-05,PICK,RBT-0168,ASSIGNED,ASSIGNED,DC-05-Z01,DC-05-Z03,2026-08-30T20:49:00
TSK-003299-2,ORD-003299,DC-05,STAGE,RBT-0706,EXECUTING,QUEUED,DC-05-Z10,DC-05-Z03,2026-08-30T20:44:00
TSK-003300-1,ORD-003300,DC-18,PACK_FEED,RBT-0433,BLOCKED,COMPLETE,DC-18-Z09,DC-18-Z05,2026-08-10T06:07:00
TSK-003301-1,ORD-003301,DC-03,PICK,RBT-0275,ASSIGNED,EXECUTING,DC-03-Z07,DC-03-Z12,2026-08-17T15:03:00
TSK-003301-2,ORD-003301,DC-03,REPLENISH,RBT-0119,ASSIGNED,QUEUED,DC-03-Z12,DC-03-Z01,2026-08-17T14:29:00
TSK-003301-3,ORD-003301,DC-03,REPLENISH,RBT-0300,QUEUED,COMPLETE,DC-03-Z07,DC-03-Z02,2026-08-17T13:58:00
TSK-003301-4,ORD-003301,DC-03,MOVE,RBT-0122,BLOCKED,FAILED,DC-03-Z08,DC-03-Z12,2026-08-17T13:59:00
TSK-003302-1,ORD-003302,DC-09,PICK,RBT-0555,QUEUED,COMPLETE,DC-09-Z08,DC-09-Z07,2026-08-19T13:24:00
TSK-003302-2,ORD-003302,DC-09,PACK_FEED,RBT-0290,ASSIGNED,ASSIGNED,DC-09-Z02,DC-09-Z04,2026-08-19T12:50:00
TSK-003302-3,ORD-003302,DC-09,REPLENISH,RBT-0253,QUEUED,QUEUED,DC-09-Z06,DC-09-Z05,2026-08-19T13:36:00
TSK-003303-1,ORD-003303,DC-14,PICK,RBT-0638,QUEUED,QUEUED,DC-14-Z12,DC-14-Z03,2026-08-06T20:47:00
TSK-003303-2,ORD-003303,DC-14,PACK_FEED,RBT-0392,EXECUTING,QUEUED,DC-14-Z05,DC-14-Z04,2026-08-06T19:49:00
TSK-003304-1,ORD-003304,DC-08,MOVE,RBT-0434,BLOCKED,COMPLETE,DC-08-Z01,DC-08-Z03,2026-08-21T18:53:00
TSK-003304-2,ORD-003304,DC-08,PACK_FEED,RBT-0128,QUEUED,COMPLETE,DC-08-Z07,DC-08-Z11,2026-08-21T18:09:00
TSK-003305-1,ORD-003305,DC-10,MOVE,RBT-0225,EXECUTING,EXECUTING,DC-10-Z01,DC-10-Z06,2026-08-30T09:21:00
TSK-003305-2,ORD-003305,DC-10,PICK,RBT-0388,COMPLETE,COMPLETE,DC-10-Z01,DC-10-Z12,2026-08-30T09:42:00
TSK-003305-3,ORD-003305,DC-10,PACK_FEED,RBT-0598,ASSIGNED,FAILED,DC-10-Z10,DC-10-Z08,2026-08-30T08:42:00
TSK-003305-4,ORD-003305,DC-10,PICK,RBT-0549,ASSIGNED,COMPLETE,DC-10-Z11,DC-10-Z07,2026-08-30T09:02:00
TSK-003306-1,ORD-003306,DC-05,MOVE,RBT-0118,BLOCKED,QUEUED,DC-05-Z08,DC-05-Z10,2026-08-27T01:20:00
TSK-003306-2,ORD-003306,DC-05,PICK,RBT-0439,ASSIGNED,ASSIGNED,DC-05-Z01,DC-05-Z09,2026-08-27T00:49:00
TSK-003306-3,ORD-003306,DC-05,PACK_FEED,RBT-0265,BLOCKED,COMPLETE,DC-05-Z10,DC-05-Z03,2026-08-26T23:51:00
TSK-003306-4,ORD-003306,DC-05,STAGE,RBT-0379,ASSIGNED,FAILED,DC-05-Z12,DC-05-Z06,2026-08-27T00:34:00
TSK-003307-1,ORD-003307,DC-16,MOVE,RBT-0083,ASSIGNED,FAILED,DC-16-Z05,DC-16-Z10,2026-09-02T23:56:00
TSK-003307-2,ORD-003307,DC-16,PICK,RBT-0289,EXECUTING,ASSIGNED,DC-16-Z08,DC-16-Z12,2026-09-03T01:15:00
TSK-003307-3,ORD-003307,DC-16,PACK_FEED,RBT-0157,QUEUED,EXECUTING,DC-16-Z02,DC-16-Z04,2026-09-02T23:59:00
TSK-003308-1,ORD-003308,DC-10,REPLENISH,RBT-0248,ASSIGNED,FAILED,DC-10-Z12,DC-10-Z11,2026-08-27T11:41:00
TSK-003308-2,ORD-003308,DC-10,PACK_FEED,RBT-0621,BLOCKED,EXECUTING,DC-10-Z01,DC-10-Z11,2026-08-27T12:27:00
TSK-003308-3,ORD-003308,DC-10,PACK_FEED,RBT-0259,BLOCKED,EXECUTING,DC-10-Z10,DC-10-Z11,2026-08-27T11:20:00
TSK-003309-1,ORD-003309,DC-03,PICK,RBT-0196,COMPLETE,ASSIGNED,DC-03-Z03,DC-03-Z02,2026-08-13T17:19:00
TSK-003309-2,ORD-003309,DC-03,MOVE,RBT-0680,BLOCKED,FAILED,DC-03-Z10,DC-03-Z05,2026-08-13T17:54:00
TSK-003309-3,ORD-003309,DC-03,MOVE,RBT-0486,ASSIGNED,QUEUED,DC-03-Z07,DC-03-Z09,2026-08-13T17:40:00
TSK-003310-1,ORD-003310,DC-02,PICK,RBT-0001,EXECUTING,EXECUTING,DC-02-Z02,DC-02-Z10,2026-08-03T07:50:00
TSK-003310-2,ORD-003310,DC-02,STAGE,RBT-0063,COMPLETE,FAILED,DC-02-Z10,DC-02-Z12,2026-08-03T08:26:00
TSK-003310-3,ORD-003310,DC-02,STAGE,RBT-0610,COMPLETE,COMPLETE,DC-02-Z01,DC-02-Z05,2026-08-03T08:22:00
TSK-003311-1,ORD-003311,DC-06,MOVE,RBT-0709,QUEUED,ASSIGNED,DC-06-Z05,DC-06-Z11,2026-08-14T07:23:00
TSK-003312-1,ORD-003312,DC-11,MOVE,RBT-0615,COMPLETE,ASSIGNED,DC-11-Z08,DC-11-Z03,2026-08-22T08:53:00
TSK-003312-2,ORD-003312,DC-11,PICK,RBT-0463,QUEUED,FAILED,DC-11-Z09,DC-11-Z01,2026-08-22T08:34:00
TSK-003312-3,ORD-003312,DC-11,MOVE,RBT-0417,ASSIGNED,FAILED,DC-11-Z07,DC-11-Z07,2026-08-22T09:07:00
TSK-003313-1,ORD-003313,DC-01,REPLENISH,RBT-0216,EXECUTING,COMPLETE,DC-01-Z08,DC-01-Z01,2026-08-06T05:10:00
TSK-003313-2,ORD-003313,DC-01,MOVE,RBT-0059,ASSIGNED,QUEUED,DC-01-Z05,DC-01-Z02,2026-08-06T05:15:00
TSK-003313-3,ORD-003313,DC-01,PICK,RBT-0357,QUEUED,ASSIGNED,DC-01-Z08,DC-01-Z01,2026-08-06T04:29:00
TSK-003314-1,ORD-003314,DC-15,STAGE,RBT-0047,ASSIGNED,COMPLETE,DC-15-Z04,DC-15-Z06,2026-08-20T18:45:00
TSK-003314-2,ORD-003314,DC-15,PACK_FEED,RBT-0041,EXECUTING,FAILED,DC-15-Z10,DC-15-Z09,2026-08-20T18:01:00
TSK-003315-1,ORD-003315,DC-05,REPLENISH,RBT-0292,BLOCKED,FAILED,DC-05-Z10,DC-05-Z12,2026-08-04T09:52:00
TSK-003316-1,ORD-003316,DC-04,REPLENISH,RBT-0463,EXECUTING,ASSIGNED,DC-04-Z11,DC-04-Z06,2026-08-28T12:06:00
TSK-003316-2,ORD-003316,DC-04,PACK_FEED,RBT-0318,COMPLETE,COMPLETE,DC-04-Z10,DC-04-Z05,2026-08-28T13:08:00
TSK-003316-3,ORD-003316,DC-04,STAGE,RBT-0022,BLOCKED,QUEUED,DC-04-Z04,DC-04-Z03,2026-08-28T12:57:00
TSK-003316-4,ORD-003316,DC-04,STAGE,RBT-0249,EXECUTING,FAILED,DC-04-Z05,DC-04-Z12,2026-08-28T11:53:00
TSK-003317-1,ORD-003317,DC-10,REPLENISH,RBT-0148,COMPLETE,QUEUED,DC-10-Z07,DC-10-Z05,2026-08-15T11:55:00
TSK-003317-2,ORD-003317,DC-10,REPLENISH,RBT-0198,BLOCKED,COMPLETE,DC-10-Z02,DC-10-Z10,2026-08-15T13:05:00
TSK-003318-1,ORD-003318,DC-10,PICK,RBT-0521,COMPLETE,EXECUTING,DC-10-Z11,DC-10-Z04,2026-08-18T14:37:00
TSK-003319-1,ORD-003319,DC-03,MOVE,RBT-0124,BLOCKED,EXECUTING,DC-03-Z07,DC-03-Z02,2026-08-03T07:22:00
TSK-003320-1,ORD-003320,DC-18,PACK_FEED,RBT-0477,QUEUED,FAILED,DC-18-Z09,DC-18-Z04,2026-08-08T19:44:00
TSK-003320-2,ORD-003320,DC-18,STAGE,RBT-0042,COMPLETE,ASSIGNED,DC-18-Z05,DC-18-Z08,2026-08-08T20:14:00
TSK-003320-3,ORD-003320,DC-18,PACK_FEED,RBT-0010,BLOCKED,COMPLETE,DC-18-Z02,DC-18-Z12,2026-08-08T20:15:00
TSK-003321-1,ORD-003321,DC-06,PICK,RBT-0701,EXECUTING,EXECUTING,DC-06-Z05,DC-06-Z05,2026-08-24T08:17:00
TSK-003321-2,ORD-003321,DC-06,MOVE,RBT-0485,BLOCKED,COMPLETE,DC-06-Z05,DC-06-Z07,2026-08-24T08:18:00
TSK-003321-3,ORD-003321,DC-06,PICK,RBT-0349,BLOCKED,COMPLETE,DC-06-Z09,DC-06-Z05,2026-08-24T09:02:00
TSK-003321-4,ORD-003321,DC-06,REPLENISH,RBT-0394,COMPLETE,COMPLETE,DC-06-Z12,DC-06-Z11,2026-08-24T08:44:00
TSK-003322-1,ORD-003322,DC-18,PACK_FEED,RBT-0459,ASSIGNED,QUEUED,DC-18-Z10,DC-18-Z02,2026-08-15T09:25:00
TSK-003322-2,ORD-003322,DC-18,REPLENISH,RBT-0085,BLOCKED,FAILED,DC-18-Z11,DC-18-Z10,2026-08-15T11:07:00
TSK-003322-3,ORD-003322,DC-18,REPLENISH,RBT-0471,ASSIGNED,ASSIGNED,DC-18-Z07,DC-18-Z04,2026-08-15T09:51:00
TSK-003322-4,ORD-003322,DC-18,MOVE,RBT-0496,QUEUED,ASSIGNED,DC-18-Z06,DC-18-Z04,2026-08-15T09:56:00
TSK-003323-1,ORD-003323,DC-05,PACK_FEED,RBT-0342,EXECUTING,EXECUTING,DC-05-Z11,DC-05-Z01,2026-09-02T02:12:00
TSK-003323-2,ORD-003323,DC-05,MOVE,RBT-0611,COMPLETE,ASSIGNED,DC-05-Z08,DC-05-Z02,2026-09-02T02:50:00
TSK-003323-3,ORD-003323,DC-05,PICK,RBT-0156,EXECUTING,EXECUTING,DC-05-Z01,DC-05-Z12,2026-09-02T02:03:00
TSK-003324-1,ORD-003324,DC-12,PACK_FEED,RBT-0348,EXECUTING,QUEUED,DC-12-Z08,DC-12-Z12,2026-09-02T12:41:00
TSK-003324-2,ORD-003324,DC-12,MOVE,RBT-0014,ASSIGNED,COMPLETE,DC-12-Z01,DC-12-Z06,2026-09-02T12:43:00
TSK-003325-1,ORD-003325,DC-10,MOVE,RBT-0489,ASSIGNED,COMPLETE,DC-10-Z06,DC-10-Z11,2026-08-14T09:36:00
TSK-003325-2,ORD-003325,DC-10,MOVE,RBT-0154,QUEUED,FAILED,DC-10-Z12,DC-10-Z12,2026-08-14T09:40:00
TSK-003325-3,ORD-003325,DC-10,STAGE,RBT-0445,EXECUTING,COMPLETE,DC-10-Z07,DC-10-Z12,2026-08-14T10:20:00
TSK-003325-4,ORD-003325,DC-10,MOVE,RBT-0059,QUEUED,COMPLETE,DC-10-Z05,DC-10-Z04,2026-08-14T08:56:00
TSK-003326-1,ORD-003326,DC-16,PICK,RBT-0159,EXECUTING,EXECUTING,DC-16-Z02,DC-16-Z10,2026-08-17T08:27:00
TSK-003326-2,ORD-003326,DC-16,REPLENISH,RBT-0269,COMPLETE,COMPLETE,DC-16-Z08,DC-16-Z06,2026-08-17T09:10:00
TSK-003326-3,ORD-003326,DC-16,STAGE,RBT-0117,COMPLETE,COMPLETE,DC-16-Z09,DC-16-Z04,2026-08-17T08:00:00
TSK-003326-4,ORD-003326,DC-16,REPLENISH,RBT-0423,ASSIGNED,ASSIGNED,DC-16-Z01,DC-16-Z03,2026-08-17T08:40:00
TSK-003327-1,ORD-003327,DC-05,MOVE,RBT-0496,COMPLETE,QUEUED,DC-05-Z03,DC-05-Z04,2026-08-29T06:33:00
TSK-003327-2,ORD-003327,DC-05,REPLENISH,RBT-0667,BLOCKED,ASSIGNED,DC-05-Z05,DC-05-Z08,2026-08-29T06:37:00
TSK-003328-1,ORD-003328,DC-07,STAGE,RBT-0473,QUEUED,COMPLETE,DC-07-Z08,DC-07-Z03,2026-08-16T15:34:00
TSK-003329-1,ORD-003329,DC-08,PICK,RBT-0266,COMPLETE,FAILED,DC-08-Z07,DC-08-Z01,2026-08-25T19:02:00
TSK-003329-2,ORD-003329,DC-08,PICK,RBT-0359,BLOCKED,FAILED,DC-08-Z06,DC-08-Z07,2026-08-25T18:36:00
TSK-003329-3,ORD-003329,DC-08,PICK,RBT-0455,ASSIGNED,FAILED,DC-08-Z10,DC-08-Z05,2026-08-25T19:34:00
TSK-003330-1,ORD-003330,DC-17,REPLENISH,RBT-0695,QUEUED,EXECUTING,DC-17-Z05,DC-17-Z05,2026-08-29T10:33:00
TSK-003330-2,ORD-003330,DC-17,STAGE,RBT-0624,BLOCKED,ASSIGNED,DC-17-Z09,DC-17-Z10,2026-08-29T09:49:00
TSK-003330-3,ORD-003330,DC-17,MOVE,RBT-0650,EXECUTING,COMPLETE,DC-17-Z05,DC-17-Z03,2026-08-29T09:18:00
TSK-003331-1,ORD-003331,DC-04,MOVE,RBT-0259,ASSIGNED,ASSIGNED,DC-04-Z06,DC-04-Z02,2026-08-06T17:08:00
TSK-003331-2,ORD-003331,DC-04,MOVE,RBT-0170,QUEUED,FAILED,DC-04-Z03,DC-04-Z12,2026-08-06T17:42:00
TSK-003331-3,ORD-003331,DC-04,STAGE,RBT-0653,EXECUTING,ASSIGNED,DC-04-Z09,DC-04-Z04,2026-08-06T16:49:00
TSK-003332-1,ORD-003332,DC-04,MOVE,RBT-0254,EXECUTING,ASSIGNED,DC-04-Z07,DC-04-Z07,2026-08-31T16:09:00
TSK-003332-2,ORD-003332,DC-04,PACK_FEED,RBT-0575,QUEUED,EXECUTING,DC-04-Z02,DC-04-Z07,2026-08-31T15:47:00
TSK-003332-3,ORD-003332,DC-04,PICK,RBT-0273,COMPLETE,ASSIGNED,DC-04-Z06,DC-04-Z08,2026-08-31T15:40:00
TSK-003332-4,ORD-003332,DC-04,STAGE,RBT-0328,QUEUED,QUEUED,DC-04-Z12,DC-04-Z12,2026-08-31T15:14:00
TSK-003333-1,ORD-003333,DC-07,REPLENISH,RBT-0395,QUEUED,QUEUED,DC-07-Z08,DC-07-Z06,2026-08-31T06:22:00
TSK-003333-2,ORD-003333,DC-07,REPLENISH,RBT-0479,EXECUTING,EXECUTING,DC-07-Z01,DC-07-Z09,2026-08-31T04:50:00
TSK-003334-1,ORD-003334,DC-15,REPLENISH,RBT-0199,EXECUTING,FAILED,DC-15-Z08,DC-15-Z08,2026-08-17T05:14:00
TSK-003334-2,ORD-003334,DC-15,REPLENISH,RBT-0063,COMPLETE,QUEUED,DC-15-Z05,DC-15-Z10,2026-08-17T05:19:00
TSK-003334-3,ORD-003334,DC-15,REPLENISH,RBT-0399,EXECUTING,EXECUTING,DC-15-Z07,DC-15-Z02,2026-08-17T03:54:00
TSK-003334-4,ORD-003334,DC-15,PICK,RBT-0482,BLOCKED,FAILED,DC-15-Z08,DC-15-Z09,2026-08-17T05:07:00
TSK-003335-1,ORD-003335,DC-09,PACK_FEED,RBT-0456,QUEUED,ASSIGNED,DC-09-Z10,DC-09-Z02,2026-08-10T10:03:00
TSK-003335-2,ORD-003335,DC-09,STAGE,RBT-0698,COMPLETE,FAILED,DC-09-Z11,DC-09-Z04,2026-08-10T09:43:00
TSK-003336-1,ORD-003336,DC-14,PACK_FEED,RBT-0231,COMPLETE,EXECUTING,DC-14-Z11,DC-14-Z04,2026-08-15T05:34:00
TSK-003336-2,ORD-003336,DC-14,STAGE,RBT-0119,QUEUED,FAILED,DC-14-Z03,DC-14-Z01,2026-08-15T06:47:00
TSK-003336-3,ORD-003336,DC-14,PACK_FEED,RBT-0464,EXECUTING,EXECUTING,DC-14-Z05,DC-14-Z11,2026-08-15T05:35:00
TSK-003337-1,ORD-003337,DC-13,REPLENISH,RBT-0627,ASSIGNED,QUEUED,DC-13-Z12,DC-13-Z05,2026-08-06T10:41:00
TSK-003337-2,ORD-003337,DC-13,PACK_FEED,RBT-0174,BLOCKED,COMPLETE,DC-13-Z07,DC-13-Z08,2026-08-06T10:34:00
TSK-003337-3,ORD-003337,DC-13,PACK_FEED,RBT-0129,QUEUED,FAILED,DC-13-Z03,DC-13-Z09,2026-08-06T10:17:00
TSK-003338-1,ORD-003338,DC-12,STAGE,RBT-0669,BLOCKED,FAILED,DC-12-Z08,DC-12-Z02,2026-09-02T15:43:00
TSK-003339-1,ORD-003339,DC-09,STAGE,RBT-0650,ASSIGNED,ASSIGNED,DC-09-Z01,DC-09-Z01,2026-08-17T13:41:00
TSK-003339-2,ORD-003339,DC-09,PICK,RBT-0633,QUEUED,FAILED,DC-09-Z12,DC-09-Z01,2026-08-17T13:13:00
TSK-003340-1,ORD-003340,DC-17,PICK,RBT-0100,BLOCKED,FAILED,DC-17-Z11,DC-17-Z01,2026-08-18T03:54:00
TSK-003340-2,ORD-003340,DC-17,PICK,RBT-0135,QUEUED,FAILED,DC-17-Z01,DC-17-Z11,2026-08-18T03:09:00
TSK-003340-3,ORD-003340,DC-17,STAGE,RBT-0246,ASSIGNED,EXECUTING,DC-17-Z04,DC-17-Z06,2026-08-18T03:25:00
TSK-003340-4,ORD-003340,DC-17,PICK,RBT-0345,BLOCKED,COMPLETE,DC-17-Z09,DC-17-Z11,2026-08-18T04:06:00
TSK-003341-1,ORD-003341,DC-09,PICK,RBT-0639,BLOCKED,FAILED,DC-09-Z03,DC-09-Z07,2026-08-11T03:24:00
TSK-003341-2,ORD-003341,DC-09,REPLENISH,RBT-0354,ASSIGNED,QUEUED,DC-09-Z08,DC-09-Z10,2026-08-11T03:07:00
TSK-003342-1,ORD-003342,DC-12,PICK,RBT-0374,BLOCKED,FAILED,DC-12-Z09,DC-12-Z02,2026-08-31T09:30:00
TSK-003342-2,ORD-003342,DC-12,STAGE,RBT-0667,QUEUED,COMPLETE,DC-12-Z02,DC-12-Z06,2026-08-31T09:41:00
TSK-003342-3,ORD-003342,DC-12,PICK,RBT-0418,BLOCKED,QUEUED,DC-12-Z01,DC-12-Z11,2026-08-31T09:39:00
TSK-003343-1,ORD-003343,DC-15,PICK,RBT-0682,QUEUED,FAILED,DC-15-Z07,DC-15-Z03,2026-09-03T11:02:00
TSK-003344-1,ORD-003344,DC-04,PACK_FEED,RBT-0063,BLOCKED,FAILED,DC-04-Z11,DC-04-Z10,2026-08-07T15:03:00
TSK-003344-2,ORD-003344,DC-04,MOVE,RBT-0686,QUEUED,QUEUED,DC-04-Z09,DC-04-Z12,2026-08-07T14:30:00
TSK-003344-3,ORD-003344,DC-04,STAGE,RBT-0337,ASSIGNED,QUEUED,DC-04-Z05,DC-04-Z03,2026-08-07T14:27:00
TSK-003344-4,ORD-003344,DC-04,PACK_FEED,RBT-0137,COMPLETE,FAILED,DC-04-Z04,DC-04-Z09,2026-08-07T15:24:00
TSK-003345-1,ORD-003345,DC-18,REPLENISH,RBT-0372,ASSIGNED,FAILED,DC-18-Z08,DC-18-Z03,2026-08-05T00:59:00
TSK-003345-2,ORD-003345,DC-18,STAGE,RBT-0658,QUEUED,ASSIGNED,DC-18-Z02,DC-18-Z03,2026-08-05T00:54:00
TSK-003345-3,ORD-003345,DC-18,STAGE,RBT-0519,COMPLETE,FAILED,DC-18-Z02,DC-18-Z08,2026-08-05T00:11:00
TSK-003346-1,ORD-003346,DC-12,STAGE,RBT-0264,COMPLETE,COMPLETE,DC-12-Z12,DC-12-Z11,2026-08-14T03:58:00
TSK-003346-2,ORD-003346,DC-12,REPLENISH,RBT-0482,BLOCKED,COMPLETE,DC-12-Z03,DC-12-Z03,2026-08-14T03:34:00
TSK-003347-1,ORD-003347,DC-17,MOVE,RBT-0444,EXECUTING,ASSIGNED,DC-17-Z09,DC-17-Z09,2026-08-05T19:50:00
TSK-003347-2,ORD-003347,DC-17,STAGE,RBT-0340,ASSIGNED,QUEUED,DC-17-Z01,DC-17-Z03,2026-08-05T19:30:00
TSK-003348-1,ORD-003348,DC-08,PICK,RBT-0217,ASSIGNED,QUEUED,DC-08-Z06,DC-08-Z05,2026-08-06T11:00:00
TSK-003348-2,ORD-003348,DC-08,STAGE,RBT-0129,COMPLETE,EXECUTING,DC-08-Z05,DC-08-Z04,2026-08-06T12:30:00
TSK-003348-3,ORD-003348,DC-08,MOVE,RBT-0665,BLOCKED,ASSIGNED,DC-08-Z11,DC-08-Z07,2026-08-06T11:29:00
TSK-003348-4,ORD-003348,DC-08,PACK_FEED,RBT-0216,COMPLETE,EXECUTING,DC-08-Z06,DC-08-Z12,2026-08-06T10:44:00
TSK-003349-1,ORD-003349,DC-05,REPLENISH,RBT-0239,EXECUTING,QUEUED,DC-05-Z06,DC-05-Z03,2026-08-31T13:27:00
TSK-003349-2,ORD-003349,DC-05,MOVE,RBT-0587,EXECUTING,COMPLETE,DC-05-Z04,DC-05-Z04,2026-08-31T14:35:00
TSK-003350-1,ORD-003350,DC-05,PACK_FEED,RBT-0687,BLOCKED,FAILED,DC-05-Z01,DC-05-Z08,2026-08-09T01:11:00
TSK-003351-1,ORD-003351,DC-15,REPLENISH,RBT-0171,QUEUED,QUEUED,DC-15-Z05,DC-15-Z05,2026-08-14T05:12:00
TSK-003351-2,ORD-003351,DC-15,REPLENISH,RBT-0015,COMPLETE,FAILED,DC-15-Z07,DC-15-Z01,2026-08-14T06:37:00
TSK-003351-3,ORD-003351,DC-15,STAGE,RBT-0426,ASSIGNED,ASSIGNED,DC-15-Z10,DC-15-Z11,2026-08-14T06:08:00
TSK-003351-4,ORD-003351,DC-15,REPLENISH,RBT-0439,QUEUED,QUEUED,DC-15-Z07,DC-15-Z12,2026-08-14T05:35:00
TSK-003352-1,ORD-003352,DC-13,PICK,RBT-0708,ASSIGNED,QUEUED,DC-13-Z09,DC-13-Z06,2026-09-01T17:44:00
TSK-003353-1,ORD-003353,DC-06,MOVE,RBT-0415,ASSIGNED,QUEUED,DC-06-Z12,DC-06-Z03,2026-08-28T16:41:00
TSK-003353-2,ORD-003353,DC-06,REPLENISH,RBT-0375,BLOCKED,FAILED,DC-06-Z07,DC-06-Z02,2026-08-28T18:33:00
TSK-003354-1,ORD-003354,DC-11,MOVE,RBT-0684,COMPLETE,ASSIGNED,DC-11-Z05,DC-11-Z12,2026-08-05T10:54:00
TSK-003354-2,ORD-003354,DC-11,MOVE,RBT-0472,EXECUTING,COMPLETE,DC-11-Z03,DC-11-Z11,2026-08-05T10:10:00
TSK-003354-3,ORD-003354,DC-11,REPLENISH,RBT-0210,QUEUED,EXECUTING,DC-11-Z01,DC-11-Z03,2026-08-05T10:48:00
TSK-003354-4,ORD-003354,DC-11,MOVE,RBT-0637,EXECUTING,ASSIGNED,DC-11-Z02,DC-11-Z01,2026-08-05T10:34:00
TSK-003355-1,ORD-003355,DC-11,STAGE,RBT-0675,ASSIGNED,COMPLETE,DC-11-Z09,DC-11-Z05,2026-09-03T20:43:00
TSK-003355-2,ORD-003355,DC-11,PACK_FEED,RBT-0146,ASSIGNED,FAILED,DC-11-Z03,DC-11-Z12,2026-09-03T21:33:00
TSK-003355-3,ORD-003355,DC-11,REPLENISH,RBT-0152,COMPLETE,EXECUTING,DC-11-Z12,DC-11-Z03,2026-09-03T20:13:00
TSK-003356-1,ORD-003356,DC-01,STAGE,RBT-0097,COMPLETE,QUEUED,DC-01-Z01,DC-01-Z06,2026-08-08T20:43:00
TSK-003356-2,ORD-003356,DC-01,PICK,RBT-0651,QUEUED,COMPLETE,DC-01-Z05,DC-01-Z07,2026-08-08T19:10:00
TSK-003356-3,ORD-003356,DC-01,MOVE,RBT-0563,COMPLETE,FAILED,DC-01-Z05,DC-01-Z04,2026-08-08T19:12:00
TSK-003356-4,ORD-003356,DC-01,PACK_FEED,RBT-0331,BLOCKED,ASSIGNED,DC-01-Z07,DC-01-Z01,2026-08-08T19:04:00
TSK-003357-1,ORD-003357,DC-13,MOVE,RBT-0307,QUEUED,COMPLETE,DC-13-Z03,DC-13-Z05,2026-08-27T20:01:00
TSK-003357-2,ORD-003357,DC-13,MOVE,RBT-0208,EXECUTING,EXECUTING,DC-13-Z10,DC-13-Z03,2026-08-27T19:48:00
TSK-003357-3,ORD-003357,DC-13,PACK_FEED,RBT-0584,QUEUED,ASSIGNED,DC-13-Z09,DC-13-Z07,2026-08-27T19:03:00
TSK-003357-4,ORD-003357,DC-13,PICK,RBT-0147,ASSIGNED,FAILED,DC-13-Z05,DC-13-Z07,2026-08-27T20:04:00
TSK-003358-1,ORD-003358,DC-11,PICK,RBT-0323,ASSIGNED,EXECUTING,DC-11-Z09,DC-11-Z08,2026-08-22T08:12:00
TSK-003358-2,ORD-003358,DC-11,MOVE,RBT-0214,QUEUED,FAILED,DC-11-Z02,DC-11-Z03,2026-08-22T09:26:00
TSK-003358-3,ORD-003358,DC-11,STAGE,RBT-0432,ASSIGNED,COMPLETE,DC-11-Z06,DC-11-Z10,2026-08-22T08:19:00
TSK-003359-1,ORD-003359,DC-06,REPLENISH,RBT-0711,BLOCKED,COMPLETE,DC-06-Z05,DC-06-Z01,2026-08-13T01:50:00
TSK-003359-2,ORD-003359,DC-06,STAGE,RBT-0510,COMPLETE,ASSIGNED,DC-06-Z03,DC-06-Z10,2026-08-13T01:33:00
TSK-003359-3,ORD-003359,DC-06,STAGE,RBT-0373,COMPLETE,FAILED,DC-06-Z08,DC-06-Z06,2026-08-13T01:46:00
TSK-003359-4,ORD-003359,DC-06,MOVE,RBT-0648,EXECUTING,QUEUED,DC-06-Z10,DC-06-Z08,2026-08-13T01:28:00
TSK-003360-1,ORD-003360,DC-05,STAGE,RBT-0107,EXECUTING,QUEUED,DC-05-Z07,DC-05-Z09,2026-08-11T18:46:00
TSK-003360-2,ORD-003360,DC-05,STAGE,RBT-0664,BLOCKED,QUEUED,DC-05-Z04,DC-05-Z02,2026-08-11T18:48:00
TSK-003360-3,ORD-003360,DC-05,MOVE,RBT-0042,COMPLETE,COMPLETE,DC-05-Z05,DC-05-Z06,2026-08-11T18:39:00
TSK-003360-4,ORD-003360,DC-05,REPLENISH,RBT-0020,COMPLETE,COMPLETE,DC-05-Z02,DC-05-Z01,2026-08-11T19:20:00
TSK-003361-1,ORD-003361,DC-08,REPLENISH,RBT-0607,EXECUTING,EXECUTING,DC-08-Z08,DC-08-Z04,2026-08-06T20:21:00
TSK-003361-2,ORD-003361,DC-08,PICK,RBT-0223,QUEUED,ASSIGNED,DC-08-Z03,DC-08-Z06,2026-08-06T19:05:00
TSK-003361-3,ORD-003361,DC-08,STAGE,RBT-0162,ASSIGNED,EXECUTING,DC-08-Z10,DC-08-Z11,2026-08-06T19:14:00
TSK-003361-4,ORD-003361,DC-08,REPLENISH,RBT-0258,QUEUED,COMPLETE,DC-08-Z09,DC-08-Z01,2026-08-06T19:54:00
TSK-003362-1,ORD-003362,DC-16,STAGE,RBT-0278,COMPLETE,FAILED,DC-16-Z04,DC-16-Z12,2026-08-20T14:33:00
TSK-003362-2,ORD-003362,DC-16,REPLENISH,RBT-0253,EXECUTING,QUEUED,DC-16-Z04,DC-16-Z09,2026-08-20T14:15:00
TSK-003362-3,ORD-003362,DC-16,STAGE,RBT-0073,EXECUTING,QUEUED,DC-16-Z01,DC-16-Z11,2026-08-20T13:25:00
TSK-003362-4,ORD-003362,DC-16,REPLENISH,RBT-0382,BLOCKED,COMPLETE,DC-16-Z01,DC-16-Z06,2026-08-20T14:02:00
TSK-003363-1,ORD-003363,DC-18,PICK,RBT-0425,ASSIGNED,FAILED,DC-18-Z05,DC-18-Z04,2026-08-06T13:43:00
TSK-003363-2,ORD-003363,DC-18,PACK_FEED,RBT-0506,EXECUTING,COMPLETE,DC-18-Z04,DC-18-Z02,2026-08-06T12:13:00
TSK-003363-3,ORD-003363,DC-18,PACK_FEED,RBT-0674,BLOCKED,ASSIGNED,DC-18-Z07,DC-18-Z08,2026-08-06T11:56:00
TSK-003364-1,ORD-003364,DC-07,REPLENISH,RBT-0087,EXECUTING,EXECUTING,DC-07-Z06,DC-07-Z04,2026-08-07T05:36:00
TSK-003365-1,ORD-003365,DC-01,MOVE,RBT-0438,EXECUTING,QUEUED,DC-01-Z07,DC-01-Z04,2026-08-22T16:58:00
TSK-003366-1,ORD-003366,DC-08,STAGE,RBT-0521,QUEUED,COMPLETE,DC-08-Z02,DC-08-Z08,2026-08-31T10:16:00
TSK-003366-2,ORD-003366,DC-08,PACK_FEED,RBT-0309,EXECUTING,FAILED,DC-08-Z07,DC-08-Z04,2026-08-31T10:45:00
TSK-003366-3,ORD-003366,DC-08,REPLENISH,RBT-0707,COMPLETE,FAILED,DC-08-Z05,DC-08-Z02,2026-08-31T09:35:00
TSK-003367-1,ORD-003367,DC-16,MOVE,RBT-0398,EXECUTING,EXECUTING,DC-16-Z10,DC-16-Z08,2026-08-14T00:40:00
TSK-003367-2,ORD-003367,DC-16,STAGE,RBT-0357,BLOCKED,EXECUTING,DC-16-Z06,DC-16-Z10,2026-08-14T00:42:00
TSK-003367-3,ORD-003367,DC-16,STAGE,RBT-0007,QUEUED,EXECUTING,DC-16-Z05,DC-16-Z06,2026-08-13T23:31:00
TSK-003367-4,ORD-003367,DC-16,PACK_FEED,RBT-0277,QUEUED,ASSIGNED,DC-16-Z01,DC-16-Z12,2026-08-14T00:40:00
TSK-003368-1,ORD-003368,DC-11,REPLENISH,RBT-0252,QUEUED,EXECUTING,DC-11-Z02,DC-11-Z09,2026-08-01T12:28:00
TSK-003368-2,ORD-003368,DC-11,PICK,RBT-0063,EXECUTING,COMPLETE,DC-11-Z08,DC-11-Z09,2026-08-01T12:15:00
TSK-003368-3,ORD-003368,DC-11,PACK_FEED,RBT-0214,EXECUTING,ASSIGNED,DC-11-Z02,DC-11-Z03,2026-08-01T12:48:00
TSK-003369-1,ORD-003369,DC-12,REPLENISH,RBT-0405,COMPLETE,COMPLETE,DC-12-Z12,DC-12-Z07,2026-08-16T18:48:00
TSK-003369-2,ORD-003369,DC-12,PICK,RBT-0294,BLOCKED,ASSIGNED,DC-12-Z11,DC-12-Z08,2026-08-16T18:02:00
TSK-003369-3,ORD-003369,DC-12,STAGE,RBT-0208,BLOCKED,COMPLETE,DC-12-Z01,DC-12-Z09,2026-08-16T17:55:00
TSK-003369-4,ORD-003369,DC-12,MOVE,RBT-0121,EXECUTING,QUEUED,DC-12-Z08,DC-12-Z10,2026-08-16T18:20:00
TSK-003370-1,ORD-003370,DC-16,REPLENISH,RBT-0211,ASSIGNED,FAILED,DC-16-Z04,DC-16-Z04,2026-08-23T08:31:00
TSK-003370-2,ORD-003370,DC-16,MOVE,RBT-0360,COMPLETE,QUEUED,DC-16-Z10,DC-16-Z02,2026-08-23T08:26:00
TSK-003371-1,ORD-003371,DC-16,PACK_FEED,RBT-0254,BLOCKED,COMPLETE,DC-16-Z10,DC-16-Z08,2026-08-01T16:14:00
TSK-003371-2,ORD-003371,DC-16,STAGE,RBT-0620,BLOCKED,COMPLETE,DC-16-Z08,DC-16-Z05,2026-08-01T16:15:00
TSK-003372-1,ORD-003372,DC-05,MOVE,RBT-0609,COMPLETE,EXECUTING,DC-05-Z11,DC-05-Z01,2026-09-03T12:32:00
TSK-003372-2,ORD-003372,DC-05,MOVE,RBT-0631,QUEUED,QUEUED,DC-05-Z08,DC-05-Z05,2026-09-03T12:51:00
TSK-003372-3,ORD-003372,DC-05,STAGE,RBT-0580,BLOCKED,COMPLETE,DC-05-Z09,DC-05-Z06,2026-09-03T12:53:00
TSK-003373-1,ORD-003373,DC-08,REPLENISH,RBT-0147,ASSIGNED,COMPLETE,DC-08-Z12,DC-08-Z11,2026-08-13T05:22:00
TSK-003373-2,ORD-003373,DC-08,MOVE,RBT-0226,BLOCKED,EXECUTING,DC-08-Z11,DC-08-Z03,2026-08-13T03:56:00
TSK-003374-1,ORD-003374,DC-09,STAGE,RBT-0682,EXECUTING,QUEUED,DC-09-Z08,DC-09-Z04,2026-08-01T09:39:00
TSK-003374-2,ORD-003374,DC-09,STAGE,RBT-0517,QUEUED,EXECUTING,DC-09-Z10,DC-09-Z07,2026-08-01T10:52:00
TSK-003374-3,ORD-003374,DC-09,PACK_FEED,RBT-0294,EXECUTING,ASSIGNED,DC-09-Z05,DC-09-Z12,2026-08-01T10:08:00
TSK-003374-4,ORD-003374,DC-09,STAGE,RBT-0304,COMPLETE,ASSIGNED,DC-09-Z03,DC-09-Z09,2026-08-01T11:16:00
TSK-003375-1,ORD-003375,DC-10,MOVE,RBT-0537,COMPLETE,EXECUTING,DC-10-Z01,DC-10-Z10,2026-08-10T04:03:00
TSK-003375-2,ORD-003375,DC-10,STAGE,RBT-0264,QUEUED,QUEUED,DC-10-Z06,DC-10-Z09,2026-08-10T03:37:00
TSK-003376-1,ORD-003376,DC-15,MOVE,RBT-0137,ASSIGNED,FAILED,DC-15-Z11,DC-15-Z12,2026-08-15T06:53:00
TSK-003377-1,ORD-003377,DC-06,REPLENISH,RBT-0112,ASSIGNED,COMPLETE,DC-06-Z02,DC-06-Z06,2026-08-23T00:01:00
TSK-003377-2,ORD-003377,DC-06,MOVE,RBT-0308,QUEUED,QUEUED,DC-06-Z12,DC-06-Z07,2026-08-22T23:27:00
TSK-003377-3,ORD-003377,DC-06,MOVE,RBT-0665,QUEUED,QUEUED,DC-06-Z09,DC-06-Z06,2026-08-22T23:48:00
TSK-003378-1,ORD-003378,DC-09,REPLENISH,RBT-0562,EXECUTING,FAILED,DC-09-Z11,DC-09-Z06,2026-09-02T22:40:00
TSK-003378-2,ORD-003378,DC-09,MOVE,RBT-0404,ASSIGNED,QUEUED,DC-09-Z04,DC-09-Z09,2026-09-02T22:55:00
TSK-003379-1,ORD-003379,DC-17,REPLENISH,RBT-0212,BLOCKED,QUEUED,DC-17-Z08,DC-17-Z08,2026-08-15T14:46:00
TSK-003379-2,ORD-003379,DC-17,PACK_FEED,RBT-0265,QUEUED,COMPLETE,DC-17-Z12,DC-17-Z07,2026-08-15T14:31:00
TSK-003379-3,ORD-003379,DC-17,REPLENISH,RBT-0399,EXECUTING,EXECUTING,DC-17-Z11,DC-17-Z10,2026-08-15T15:52:00
TSK-003379-4,ORD-003379,DC-17,MOVE,RBT-0172,ASSIGNED,FAILED,DC-17-Z11,DC-17-Z01,2026-08-15T15:51:00
TSK-003380-1,ORD-003380,DC-06,PICK,RBT-0640,QUEUED,FAILED,DC-06-Z05,DC-06-Z10,2026-08-13T03:59:00
TSK-003380-2,ORD-003380,DC-06,PACK_FEED,RBT-0215,EXECUTING,COMPLETE,DC-06-Z11,DC-06-Z01,2026-08-13T04:19:00
TSK-003380-3,ORD-003380,DC-06,REPLENISH,RBT-0010,ASSIGNED,FAILED,DC-06-Z08,DC-06-Z07,2026-08-13T04:07:00
TSK-003381-1,ORD-003381,DC-17,STAGE,RBT-0285,EXECUTING,EXECUTING,DC-17-Z05,DC-17-Z03,2026-09-04T13:03:00
TSK-003381-2,ORD-003381,DC-17,PICK,RBT-0455,QUEUED,EXECUTING,DC-17-Z02,DC-17-Z11,2026-09-04T14:50:00
TSK-003382-1,ORD-003382,DC-14,PICK,RBT-0609,QUEUED,ASSIGNED,DC-14-Z03,DC-14-Z05,2026-09-02T19:51:00
TSK-003382-2,ORD-003382,DC-14,PICK,RBT-0070,QUEUED,FAILED,DC-14-Z03,DC-14-Z08,2026-09-02T19:51:00
TSK-003382-3,ORD-003382,DC-14,MOVE,RBT-0393,EXECUTING,EXECUTING,DC-14-Z06,DC-14-Z02,2026-09-02T19:43:00
TSK-003383-1,ORD-003383,DC-01,REPLENISH,RBT-0060,QUEUED,COMPLETE,DC-01-Z10,DC-01-Z07,2026-08-24T21:29:00
TSK-003384-1,ORD-003384,DC-03,REPLENISH,RBT-0041,EXECUTING,FAILED,DC-03-Z06,DC-03-Z05,2026-08-14T04:15:00
TSK-003384-2,ORD-003384,DC-03,PACK_FEED,RBT-0137,QUEUED,EXECUTING,DC-03-Z07,DC-03-Z11,2026-08-14T03:30:00
TSK-003385-1,ORD-003385,DC-14,PICK,RBT-0213,ASSIGNED,ASSIGNED,DC-14-Z02,DC-14-Z01,2026-08-05T09:39:00
TSK-003385-2,ORD-003385,DC-14,PACK_FEED,RBT-0452,BLOCKED,EXECUTING,DC-14-Z11,DC-14-Z11,2026-08-05T09:57:00
TSK-003385-3,ORD-003385,DC-14,REPLENISH,RBT-0245,QUEUED,QUEUED,DC-14-Z08,DC-14-Z10,2026-08-05T11:10:00
TSK-003386-1,ORD-003386,DC-18,PICK,RBT-0482,BLOCKED,FAILED,DC-18-Z07,DC-18-Z11,2026-08-04T02:31:00
TSK-003387-1,ORD-003387,DC-15,PICK,RBT-0470,QUEUED,ASSIGNED,DC-15-Z04,DC-15-Z09,2026-08-10T14:13:00
TSK-003387-2,ORD-003387,DC-15,STAGE,RBT-0520,QUEUED,ASSIGNED,DC-15-Z03,DC-15-Z09,2026-08-10T14:04:00
TSK-003387-3,ORD-003387,DC-15,MOVE,RBT-0638,BLOCKED,FAILED,DC-15-Z09,DC-15-Z05,2026-08-10T13:33:00
TSK-003387-4,ORD-003387,DC-15,PACK_FEED,RBT-0447,COMPLETE,EXECUTING,DC-15-Z02,DC-15-Z05,2026-08-10T14:00:00
TSK-003388-1,ORD-003388,DC-04,MOVE,RBT-0447,ASSIGNED,COMPLETE,DC-04-Z09,DC-04-Z04,2026-08-01T21:13:00
TSK-003388-2,ORD-003388,DC-04,STAGE,RBT-0052,QUEUED,QUEUED,DC-04-Z07,DC-04-Z03,2026-08-01T21:58:00
TSK-003389-1,ORD-003389,DC-04,PICK,RBT-0691,BLOCKED,EXECUTING,DC-04-Z01,DC-04-Z09,2026-08-28T23:19:00
TSK-003389-2,ORD-003389,DC-04,PACK_FEED,RBT-0102,EXECUTING,FAILED,DC-04-Z03,DC-04-Z10,2026-08-28T23:43:00
TSK-003389-3,ORD-003389,DC-04,PACK_FEED,RBT-0026,COMPLETE,EXECUTING,DC-04-Z02,DC-04-Z07,2026-08-28T23:32:00
TSK-003390-1,ORD-003390,DC-18,PICK,RBT-0061,EXECUTING,QUEUED,DC-18-Z04,DC-18-Z04,2026-08-30T14:02:00
TSK-003390-2,ORD-003390,DC-18,PACK_FEED,RBT-0367,ASSIGNED,EXECUTING,DC-18-Z04,DC-18-Z06,2026-08-30T13:40:00
TSK-003390-3,ORD-003390,DC-18,MOVE,RBT-0593,ASSIGNED,QUEUED,DC-18-Z01,DC-18-Z06,2026-08-30T12:41:00
TSK-003391-1,ORD-003391,DC-17,PICK,RBT-0136,BLOCKED,EXECUTING,DC-17-Z03,DC-17-Z02,2026-08-06T20:27:00
TSK-003392-1,ORD-003392,DC-06,STAGE,RBT-0313,EXECUTING,QUEUED,DC-06-Z03,DC-06-Z08,2026-09-01T21:06:00
TSK-003393-1,ORD-003393,DC-13,STAGE,RBT-0051,QUEUED,QUEUED,DC-13-Z10,DC-13-Z09,2026-08-29T06:35:00
TSK-003393-2,ORD-003393,DC-13,STAGE,RBT-0236,QUEUED,ASSIGNED,DC-13-Z06,DC-13-Z05,2026-08-29T07:44:00
TSK-003393-3,ORD-003393,DC-13,REPLENISH,RBT-0528,QUEUED,QUEUED,DC-13-Z06,DC-13-Z07,2026-08-29T07:51:00
TSK-003393-4,ORD-003393,DC-13,PACK_FEED,RBT-0112,QUEUED,ASSIGNED,DC-13-Z07,DC-13-Z11,2026-08-29T07:06:00
TSK-003394-1,ORD-003394,DC-16,PICK,RBT-0614,QUEUED,QUEUED,DC-16-Z07,DC-16-Z05,2026-08-05T17:01:00
TSK-003394-2,ORD-003394,DC-16,STAGE,RBT-0686,ASSIGNED,ASSIGNED,DC-16-Z02,DC-16-Z08,2026-08-05T17:50:00
TSK-003394-3,ORD-003394,DC-16,STAGE,RBT-0599,BLOCKED,COMPLETE,DC-16-Z07,DC-16-Z11,2026-08-05T17:33:00
TSK-003395-1,ORD-003395,DC-11,PACK_FEED,RBT-0235,ASSIGNED,EXECUTING,DC-11-Z09,DC-11-Z03,2026-08-17T22:53:00
TSK-003395-2,ORD-003395,DC-11,STAGE,RBT-0508,QUEUED,ASSIGNED,DC-11-Z08,DC-11-Z12,2026-08-17T22:55:00
TSK-003395-3,ORD-003395,DC-11,MOVE,RBT-0401,QUEUED,FAILED,DC-11-Z08,DC-11-Z01,2026-08-17T21:42:00
TSK-003396-1,ORD-003396,DC-01,PICK,RBT-0110,COMPLETE,COMPLETE,DC-01-Z01,DC-01-Z03,2026-08-14T20:44:00
TSK-003396-2,ORD-003396,DC-01,PICK,RBT-0591,QUEUED,FAILED,DC-01-Z03,DC-01-Z03,2026-08-14T21:15:00
TSK-003396-3,ORD-003396,DC-01,REPLENISH,RBT-0531,COMPLETE,ASSIGNED,DC-01-Z01,DC-01-Z09,2026-08-14T21:35:00
TSK-003396-4,ORD-003396,DC-01,REPLENISH,RBT-0597,EXECUTING,EXECUTING,DC-01-Z10,DC-01-Z04,2026-08-14T21:08:00
TSK-003397-1,ORD-003397,DC-14,PICK,RBT-0524,COMPLETE,EXECUTING,DC-14-Z07,DC-14-Z10,2026-08-20T10:02:00
TSK-003398-1,ORD-003398,DC-01,MOVE,RBT-0289,COMPLETE,EXECUTING,DC-01-Z05,DC-01-Z12,2026-08-02T11:24:00
TSK-003398-2,ORD-003398,DC-01,PACK_FEED,RBT-0132,EXECUTING,EXECUTING,DC-01-Z02,DC-01-Z01,2026-08-02T11:24:00
TSK-003399-1,ORD-003399,DC-01,PACK_FEED,RBT-0157,ASSIGNED,EXECUTING,DC-01-Z11,DC-01-Z01,2026-08-29T12:12:00
TSK-003399-2,ORD-003399,DC-01,PICK,RBT-0295,ASSIGNED,ASSIGNED,DC-01-Z12,DC-01-Z04,2026-08-29T12:18:00
TSK-003400-1,ORD-003400,DC-16,STAGE,RBT-0690,QUEUED,COMPLETE,DC-16-Z08,DC-16-Z05,2026-08-18T05:02:00
TSK-003400-2,ORD-003400,DC-16,STAGE,RBT-0232,ASSIGNED,FAILED,DC-16-Z01,DC-16-Z04,2026-08-18T04:57:00
TSK-003400-3,ORD-003400,DC-16,REPLENISH,RBT-0245,EXECUTING,COMPLETE,DC-16-Z08,DC-16-Z01,2026-08-18T04:20:00
TSK-003400-4,ORD-003400,DC-16,PACK_FEED,RBT-0274,COMPLETE,QUEUED,DC-16-Z06,DC-16-Z12,2026-08-18T04:54:00
TSK-003401-1,ORD-003401,DC-11,MOVE,RBT-0636,BLOCKED,FAILED,DC-11-Z08,DC-11-Z04,2026-08-07T07:16:00
TSK-003401-2,ORD-003401,DC-11,MOVE,RBT-0021,COMPLETE,FAILED,DC-11-Z12,DC-11-Z02,2026-08-07T08:17:00
TSK-003402-1,ORD-003402,DC-18,PICK,RBT-0642,QUEUED,EXECUTING,DC-18-Z11,DC-18-Z03,2026-08-11T21:53:00
TSK-003402-2,ORD-003402,DC-18,PICK,RBT-0354,EXECUTING,COMPLETE,DC-18-Z12,DC-18-Z10,2026-08-11T22:54:00
TSK-003403-1,ORD-003403,DC-13,REPLENISH,RBT-0682,EXECUTING,EXECUTING,DC-13-Z08,DC-13-Z04,2026-08-20T14:44:00
TSK-003403-2,ORD-003403,DC-13,REPLENISH,RBT-0072,ASSIGNED,EXECUTING,DC-13-Z08,DC-13-Z12,2026-08-20T15:24:00
TSK-003403-3,ORD-003403,DC-13,REPLENISH,RBT-0683,EXECUTING,QUEUED,DC-13-Z10,DC-13-Z10,2026-08-20T15:41:00
TSK-003403-4,ORD-003403,DC-13,PACK_FEED,RBT-0311,EXECUTING,FAILED,DC-13-Z03,DC-13-Z09,2026-08-20T16:07:00
TSK-003404-1,ORD-003404,DC-12,MOVE,RBT-0618,BLOCKED,FAILED,DC-12-Z02,DC-12-Z02,2026-08-21T07:53:00
TSK-003404-2,ORD-003404,DC-12,MOVE,RBT-0141,QUEUED,ASSIGNED,DC-12-Z01,DC-12-Z08,2026-08-21T08:43:00
TSK-003404-3,ORD-003404,DC-12,PICK,RBT-0163,QUEUED,EXECUTING,DC-12-Z04,DC-12-Z11,2026-08-21T08:07:00
TSK-003404-4,ORD-003404,DC-12,PICK,RBT-0673,EXECUTING,QUEUED,DC-12-Z07,DC-12-Z01,2026-08-21T08:46:00
TSK-003405-1,ORD-003405,DC-02,PACK_FEED,RBT-0586,EXECUTING,COMPLETE,DC-02-Z09,DC-02-Z09,2026-08-30T14:53:00
TSK-003405-2,ORD-003405,DC-02,PACK_FEED,RBT-0078,EXECUTING,FAILED,DC-02-Z11,DC-02-Z07,2026-08-30T14:34:00
TSK-003405-3,ORD-003405,DC-02,PACK_FEED,RBT-0002,ASSIGNED,ASSIGNED,DC-02-Z07,DC-02-Z04,2026-08-30T14:56:00
TSK-003406-1,ORD-003406,DC-18,REPLENISH,RBT-0251,BLOCKED,FAILED,DC-18-Z07,DC-18-Z10,2026-09-04T06:32:00
TSK-003406-2,ORD-003406,DC-18,PICK,RBT-0522,EXECUTING,COMPLETE,DC-18-Z02,DC-18-Z03,2026-09-04T06:06:00
TSK-003407-1,ORD-003407,DC-13,PICK,RBT-0467,BLOCKED,EXECUTING,DC-13-Z03,DC-13-Z10,2026-08-22T11:12:00
TSK-003407-2,ORD-003407,DC-13,PACK_FEED,RBT-0678,BLOCKED,EXECUTING,DC-13-Z04,DC-13-Z04,2026-08-22T11:43:00
TSK-003407-3,ORD-003407,DC-13,REPLENISH,RBT-0591,COMPLETE,QUEUED,DC-13-Z11,DC-13-Z04,2026-08-22T12:22:00
TSK-003408-1,ORD-003408,DC-07,REPLENISH,RBT-0240,COMPLETE,FAILED,DC-07-Z01,DC-07-Z11,2026-08-29T19:24:00
TSK-003408-2,ORD-003408,DC-07,PACK_FEED,RBT-0211,BLOCKED,ASSIGNED,DC-07-Z02,DC-07-Z01,2026-08-29T20:24:00
TSK-003409-1,ORD-003409,DC-14,PACK_FEED,RBT-0519,BLOCKED,FAILED,DC-14-Z04,DC-14-Z07,2026-08-07T04:20:00
TSK-003410-1,ORD-003410,DC-16,REPLENISH,RBT-0581,QUEUED,COMPLETE,DC-16-Z04,DC-16-Z02,2026-08-28T20:26:00
TSK-003410-2,ORD-003410,DC-16,MOVE,RBT-0180,EXECUTING,FAILED,DC-16-Z04,DC-16-Z02,2026-08-28T20:26:00
TSK-003410-3,ORD-003410,DC-16,PACK_FEED,RBT-0641,COMPLETE,FAILED,DC-16-Z01,DC-16-Z07,2026-08-28T19:59:00
TSK-003411-1,ORD-003411,DC-16,PICK,RBT-0436,QUEUED,ASSIGNED,DC-16-Z09,DC-16-Z01,2026-08-09T07:27:00
TSK-003412-1,ORD-003412,DC-11,PICK,RBT-0350,COMPLETE,QUEUED,DC-11-Z02,DC-11-Z08,2026-08-23T13:05:00
TSK-003413-1,ORD-003413,DC-07,PACK_FEED,RBT-0489,QUEUED,FAILED,DC-07-Z06,DC-07-Z01,2026-08-08T09:13:00
TSK-003413-2,ORD-003413,DC-07,MOVE,RBT-0174,COMPLETE,QUEUED,DC-07-Z06,DC-07-Z10,2026-08-08T09:41:00
TSK-003413-3,ORD-003413,DC-07,PACK_FEED,RBT-0211,EXECUTING,FAILED,DC-07-Z10,DC-07-Z08,2026-08-08T09:27:00
TSK-003414-1,ORD-003414,DC-03,STAGE,RBT-0147,QUEUED,FAILED,DC-03-Z06,DC-03-Z05,2026-08-13T18:59:00
TSK-003414-2,ORD-003414,DC-03,PICK,RBT-0688,BLOCKED,ASSIGNED,DC-03-Z09,DC-03-Z12,2026-08-13T18:53:00
TSK-003414-3,ORD-003414,DC-03,PACK_FEED,RBT-0059,BLOCKED,QUEUED,DC-03-Z10,DC-03-Z09,2026-08-13T19:52:00
TSK-003414-4,ORD-003414,DC-03,STAGE,RBT-0135,COMPLETE,EXECUTING,DC-03-Z10,DC-03-Z09,2026-08-13T19:47:00
TSK-003415-1,ORD-003415,DC-10,REPLENISH,RBT-0206,BLOCKED,QUEUED,DC-10-Z01,DC-10-Z03,2026-08-30T05:01:00
TSK-003415-2,ORD-003415,DC-10,STAGE,RBT-0572,QUEUED,COMPLETE,DC-10-Z09,DC-10-Z01,2026-08-30T04:32:00
TSK-003415-3,ORD-003415,DC-10,MOVE,RBT-0625,BLOCKED,FAILED,DC-10-Z04,DC-10-Z04,2026-08-30T05:23:00
TSK-003416-1,ORD-003416,DC-06,STAGE,RBT-0575,QUEUED,ASSIGNED,DC-06-Z05,DC-06-Z09,2026-08-01T13:00:00
TSK-003416-2,ORD-003416,DC-06,PACK_FEED,RBT-0241,ASSIGNED,FAILED,DC-06-Z04,DC-06-Z11,2026-08-01T12:24:00
TSK-003416-3,ORD-003416,DC-06,MOVE,RBT-0257,ASSIGNED,COMPLETE,DC-06-Z10,DC-06-Z06,2026-08-01T12:49:00
TSK-003417-1,ORD-003417,DC-18,REPLENISH,RBT-0533,QUEUED,ASSIGNED,DC-18-Z08,DC-18-Z10,2026-09-05T00:51:00
TSK-003418-1,ORD-003418,DC-11,MOVE,RBT-0635,BLOCKED,QUEUED,DC-11-Z08,DC-11-Z07,2026-08-12T11:55:00
TSK-003419-1,ORD-003419,DC-16,PICK,RBT-0472,ASSIGNED,COMPLETE,DC-16-Z09,DC-16-Z02,2026-08-24T14:27:00
TSK-003420-1,ORD-003420,DC-07,STAGE,RBT-0553,QUEUED,COMPLETE,DC-07-Z04,DC-07-Z10,2026-08-02T04:28:00
TSK-003420-2,ORD-003420,DC-07,MOVE,RBT-0569,BLOCKED,EXECUTING,DC-07-Z05,DC-07-Z07,2026-08-02T05:13:00
TSK-003421-1,ORD-003421,DC-15,MOVE,RBT-0232,BLOCKED,ASSIGNED,DC-15-Z02,DC-15-Z08,2026-08-30T21:57:00
TSK-003421-2,ORD-003421,DC-15,MOVE,RBT-0497,COMPLETE,ASSIGNED,DC-15-Z10,DC-15-Z10,2026-08-30T22:12:00
TSK-003422-1,ORD-003422,DC-14,STAGE,RBT-0066,EXECUTING,QUEUED,DC-14-Z09,DC-14-Z11,2026-08-28T14:14:00
TSK-003422-2,ORD-003422,DC-14,STAGE,RBT-0535,COMPLETE,FAILED,DC-14-Z09,DC-14-Z07,2026-08-28T14:36:00
TSK-003423-1,ORD-003423,DC-01,STAGE,RBT-0062,QUEUED,FAILED,DC-01-Z08,DC-01-Z03,2026-08-26T09:12:00
TSK-003424-1,ORD-003424,DC-03,REPLENISH,RBT-0370,ASSIGNED,ASSIGNED,DC-03-Z10,DC-03-Z09,2026-08-10T03:10:00
TSK-003424-2,ORD-003424,DC-03,REPLENISH,RBT-0477,EXECUTING,QUEUED,DC-03-Z03,DC-03-Z11,2026-08-10T02:50:00
TSK-003424-3,ORD-003424,DC-03,PICK,RBT-0591,ASSIGNED,COMPLETE,DC-03-Z10,DC-03-Z01,2026-08-10T03:10:00
TSK-003425-1,ORD-003425,DC-10,STAGE,RBT-0341,BLOCKED,ASSIGNED,DC-10-Z10,DC-10-Z07,2026-08-18T09:26:00
TSK-003426-1,ORD-003426,DC-02,STAGE,RBT-0634,EXECUTING,EXECUTING,DC-02-Z07,DC-02-Z08,2026-08-17T01:03:00
TSK-003426-2,ORD-003426,DC-02,PICK,RBT-0224,COMPLETE,ASSIGNED,DC-02-Z03,DC-02-Z06,2026-08-17T01:34:00
TSK-003426-3,ORD-003426,DC-02,STAGE,RBT-0551,ASSIGNED,QUEUED,DC-02-Z01,DC-02-Z12,2026-08-17T00:44:00
TSK-003427-1,ORD-003427,DC-18,STAGE,RBT-0479,BLOCKED,COMPLETE,DC-18-Z06,DC-18-Z02,2026-08-25T21:53:00
TSK-003428-1,ORD-003428,DC-15,REPLENISH,RBT-0379,BLOCKED,QUEUED,DC-15-Z11,DC-15-Z04,2026-08-06T09:12:00
TSK-003428-2,ORD-003428,DC-15,MOVE,RBT-0120,COMPLETE,QUEUED,DC-15-Z08,DC-15-Z11,2026-08-06T07:45:00
TSK-003428-3,ORD-003428,DC-15,REPLENISH,RBT-0423,QUEUED,COMPLETE,DC-15-Z04,DC-15-Z02,2026-08-06T07:39:00
TSK-003429-1,ORD-003429,DC-14,PICK,RBT-0425,EXECUTING,QUEUED,DC-14-Z01,DC-14-Z12,2026-08-26T04:07:00
TSK-003429-2,ORD-003429,DC-14,REPLENISH,RBT-0707,QUEUED,ASSIGNED,DC-14-Z03,DC-14-Z02,2026-08-26T04:37:00
TSK-003430-1,ORD-003430,DC-08,PACK_FEED,RBT-0700,EXECUTING,QUEUED,DC-08-Z07,DC-08-Z08,2026-08-10T13:46:00
TSK-003431-1,ORD-003431,DC-11,PACK_FEED,RBT-0690,QUEUED,ASSIGNED,DC-11-Z07,DC-11-Z08,2026-08-22T06:09:00
TSK-003431-2,ORD-003431,DC-11,MOVE,RBT-0462,COMPLETE,FAILED,DC-11-Z09,DC-11-Z02,2026-08-22T07:44:00
TSK-003432-1,ORD-003432,DC-03,STAGE,RBT-0500,COMPLETE,COMPLETE,DC-03-Z07,DC-03-Z02,2026-08-17T17:12:00
TSK-003432-2,ORD-003432,DC-03,REPLENISH,RBT-0646,QUEUED,FAILED,DC-03-Z07,DC-03-Z09,2026-08-17T17:34:00
TSK-003433-1,ORD-003433,DC-10,STAGE,RBT-0646,COMPLETE,QUEUED,DC-10-Z02,DC-10-Z09,2026-08-12T17:24:00
TSK-003433-2,ORD-003433,DC-10,STAGE,RBT-0514,ASSIGNED,QUEUED,DC-10-Z09,DC-10-Z07,2026-08-12T17:28:00
TSK-003433-3,ORD-003433,DC-10,REPLENISH,RBT-0003,ASSIGNED,QUEUED,DC-10-Z02,DC-10-Z10,2026-08-12T18:16:00
TSK-003433-4,ORD-003433,DC-10,STAGE,RBT-0331,ASSIGNED,FAILED,DC-10-Z01,DC-10-Z08,2026-08-12T17:32:00
TSK-003434-1,ORD-003434,DC-13,MOVE,RBT-0580,BLOCKED,ASSIGNED,DC-13-Z10,DC-13-Z07,2026-08-26T20:10:00
TSK-003434-2,ORD-003434,DC-13,PICK,RBT-0459,COMPLETE,QUEUED,DC-13-Z02,DC-13-Z01,2026-08-26T20:20:00
TSK-003434-3,ORD-003434,DC-13,REPLENISH,RBT-0210,QUEUED,EXECUTING,DC-13-Z02,DC-13-Z07,2026-08-26T19:29:00
TSK-003435-1,ORD-003435,DC-16,PICK,RBT-0677,BLOCKED,QUEUED,DC-16-Z05,DC-16-Z07,2026-08-06T18:12:00
TSK-003435-2,ORD-003435,DC-16,STAGE,RBT-0466,BLOCKED,FAILED,DC-16-Z01,DC-16-Z09,2026-08-06T17:48:00
TSK-003436-1,ORD-003436,DC-07,MOVE,RBT-0382,EXECUTING,EXECUTING,DC-07-Z12,DC-07-Z07,2026-08-12T02:39:00
TSK-003436-2,ORD-003436,DC-07,PACK_FEED,RBT-0149,EXECUTING,EXECUTING,DC-07-Z09,DC-07-Z01,2026-08-12T03:02:00
TSK-003436-3,ORD-003436,DC-07,MOVE,RBT-0484,ASSIGNED,QUEUED,DC-07-Z10,DC-07-Z01,2026-08-12T01:46:00
TSK-003437-1,ORD-003437,DC-10,MOVE,RBT-0341,ASSIGNED,FAILED,DC-10-Z12,DC-10-Z09,2026-08-13T19:07:00
TSK-003438-1,ORD-003438,DC-09,PACK_FEED,RBT-0559,COMPLETE,EXECUTING,DC-09-Z07,DC-09-Z11,2026-08-15T10:45:00
TSK-003438-2,ORD-003438,DC-09,STAGE,RBT-0629,QUEUED,ASSIGNED,DC-09-Z02,DC-09-Z06,2026-08-15T12:13:00
TSK-003438-3,ORD-003438,DC-09,MOVE,RBT-0544,ASSIGNED,ASSIGNED,DC-09-Z08,DC-09-Z05,2026-08-15T11:08:00
TSK-003438-4,ORD-003438,DC-09,PICK,RBT-0656,EXECUTING,QUEUED,DC-09-Z03,DC-09-Z01,2026-08-15T10:45:00
TSK-003439-1,ORD-003439,DC-16,REPLENISH,RBT-0391,EXECUTING,QUEUED,DC-16-Z12,DC-16-Z10,2026-08-15T02:19:00
TSK-003439-2,ORD-003439,DC-16,MOVE,RBT-0370,ASSIGNED,ASSIGNED,DC-16-Z04,DC-16-Z02,2026-08-15T01:05:00
TSK-003440-1,ORD-003440,DC-07,STAGE,RBT-0122,QUEUED,COMPLETE,DC-07-Z06,DC-07-Z09,2026-08-25T16:33:00
TSK-003440-2,ORD-003440,DC-07,PACK_FEED,RBT-0540,QUEUED,FAILED,DC-07-Z06,DC-07-Z02,2026-08-25T15:34:00
TSK-003440-3,ORD-003440,DC-07,REPLENISH,RBT-0396,EXECUTING,COMPLETE,DC-07-Z08,DC-07-Z08,2026-08-25T15:03:00
TSK-003440-4,ORD-003440,DC-07,PICK,RBT-0618,COMPLETE,COMPLETE,DC-07-Z03,DC-07-Z09,2026-08-25T15:51:00
TSK-003441-1,ORD-003441,DC-07,PICK,RBT-0076,COMPLETE,QUEUED,DC-07-Z03,DC-07-Z06,2026-08-12T18:09:00
TSK-003441-2,ORD-003441,DC-07,PICK,RBT-0568,BLOCKED,FAILED,DC-07-Z12,DC-07-Z04,2026-08-12T17:27:00
TSK-003441-3,ORD-003441,DC-07,REPLENISH,RBT-0337,ASSIGNED,FAILED,DC-07-Z02,DC-07-Z12,2026-08-12T17:53:00
TSK-003442-1,ORD-003442,DC-17,STAGE,RBT-0565,COMPLETE,ASSIGNED,DC-17-Z11,DC-17-Z04,2026-08-02T16:16:00
TSK-003442-2,ORD-003442,DC-17,STAGE,RBT-0336,QUEUED,QUEUED,DC-17-Z08,DC-17-Z10,2026-08-02T16:21:00
TSK-003442-3,ORD-003442,DC-17,PACK_FEED,RBT-0220,QUEUED,COMPLETE,DC-17-Z04,DC-17-Z12,2026-08-02T15:34:00
TSK-003443-1,ORD-003443,DC-13,PICK,RBT-0248,COMPLETE,ASSIGNED,DC-13-Z08,DC-13-Z07,2026-08-31T13:42:00
TSK-003443-2,ORD-003443,DC-13,MOVE,RBT-0121,COMPLETE,ASSIGNED,DC-13-Z09,DC-13-Z02,2026-08-31T14:34:00
TSK-003444-1,ORD-003444,DC-05,PACK_FEED,RBT-0133,BLOCKED,ASSIGNED,DC-05-Z08,DC-05-Z09,2026-08-15T05:35:00
TSK-003444-2,ORD-003444,DC-05,PICK,RBT-0017,EXECUTING,FAILED,DC-05-Z06,DC-05-Z06,2026-08-15T04:01:00
TSK-003445-1,ORD-003445,DC-10,STAGE,RBT-0691,ASSIGNED,FAILED,DC-10-Z01,DC-10-Z10,2026-09-01T19:28:00
TSK-003446-1,ORD-003446,DC-15,REPLENISH,RBT-0531,BLOCKED,FAILED,DC-15-Z10,DC-15-Z01,2026-08-27T09:11:00
TSK-003446-2,ORD-003446,DC-15,PICK,RBT-0326,EXECUTING,ASSIGNED,DC-15-Z01,DC-15-Z07,2026-08-27T09:25:00
TSK-003446-3,ORD-003446,DC-15,REPLENISH,RBT-0527,ASSIGNED,FAILED,DC-15-Z07,DC-15-Z10,2026-08-27T08:46:00
TSK-003446-4,ORD-003446,DC-15,MOVE,RBT-0451,QUEUED,ASSIGNED,DC-15-Z01,DC-15-Z06,2026-08-27T08:50:00
TSK-003447-1,ORD-003447,DC-08,REPLENISH,RBT-0607,EXECUTING,EXECUTING,DC-08-Z07,DC-08-Z11,2026-08-08T06:49:00
TSK-003448-1,ORD-003448,DC-15,REPLENISH,RBT-0227,ASSIGNED,FAILED,DC-15-Z09,DC-15-Z03,2026-08-23T19:00:00
TSK-003448-2,ORD-003448,DC-15,PICK,RBT-0066,COMPLETE,QUEUED,DC-15-Z07,DC-15-Z09,2026-08-23T19:24:00
TSK-003449-1,ORD-003449,DC-04,PACK_FEED,RBT-0172,QUEUED,QUEUED,DC-04-Z05,DC-04-Z02,2026-08-15T10:37:00
TSK-003449-2,ORD-003449,DC-04,PICK,RBT-0440,ASSIGNED,COMPLETE,DC-04-Z03,DC-04-Z09,2026-08-15T10:57:00
TSK-003450-1,ORD-003450,DC-12,PICK,RBT-0283,EXECUTING,QUEUED,DC-12-Z09,DC-12-Z12,2026-08-28T15:13:00
TSK-003450-2,ORD-003450,DC-12,PACK_FEED,RBT-0476,BLOCKED,QUEUED,DC-12-Z10,DC-12-Z01,2026-08-28T15:27:00
TSK-003450-3,ORD-003450,DC-12,PACK_FEED,RBT-0041,BLOCKED,EXECUTING,DC-12-Z07,DC-12-Z01,2026-08-28T16:22:00
TSK-003450-4,ORD-003450,DC-12,PICK,RBT-0158,COMPLETE,FAILED,DC-12-Z04,DC-12-Z08,2026-08-28T15:18:00
TSK-003451-1,ORD-003451,DC-03,PACK_FEED,RBT-0346,BLOCKED,FAILED,DC-03-Z03,DC-03-Z07,2026-08-10T12:59:00
TSK-003451-2,ORD-003451,DC-03,MOVE,RBT-0147,EXECUTING,QUEUED,DC-03-Z10,DC-03-Z03,2026-08-10T12:27:00
TSK-003452-1,ORD-003452,DC-17,STAGE,RBT-0508,ASSIGNED,EXECUTING,DC-17-Z09,DC-17-Z02,2026-08-23T11:40:00
TSK-003452-2,ORD-003452,DC-17,PICK,RBT-0119,ASSIGNED,QUEUED,DC-17-Z04,DC-17-Z09,2026-08-23T10:51:00
TSK-003453-1,ORD-003453,DC-11,PICK,RBT-0527,EXECUTING,FAILED,DC-11-Z06,DC-11-Z05,2026-08-27T14:36:00
TSK-003453-2,ORD-003453,DC-11,STAGE,RBT-0013,COMPLETE,ASSIGNED,DC-11-Z10,DC-11-Z06,2026-08-27T14:29:00
TSK-003453-3,ORD-003453,DC-11,PACK_FEED,RBT-0620,BLOCKED,ASSIGNED,DC-11-Z07,DC-11-Z04,2026-08-27T14:41:00
TSK-003453-4,ORD-003453,DC-11,MOVE,RBT-0330,QUEUED,EXECUTING,DC-11-Z02,DC-11-Z12,2026-08-27T16:12:00
TSK-003454-1,ORD-003454,DC-09,PICK,RBT-0499,ASSIGNED,FAILED,DC-09-Z07,DC-09-Z02,2026-09-05T03:19:00
TSK-003454-2,ORD-003454,DC-09,PACK_FEED,RBT-0162,ASSIGNED,EXECUTING,DC-09-Z12,DC-09-Z05,2026-09-05T03:53:00
TSK-003454-3,ORD-003454,DC-09,STAGE,RBT-0142,QUEUED,COMPLETE,DC-09-Z03,DC-09-Z04,2026-09-05T02:19:00
TSK-003454-4,ORD-003454,DC-09,MOVE,RBT-0613,EXECUTING,FAILED,DC-09-Z02,DC-09-Z05,2026-09-05T03:39:00
TSK-003455-1,ORD-003455,DC-03,MOVE,RBT-0465,ASSIGNED,ASSIGNED,DC-03-Z12,DC-03-Z04,2026-08-24T15:51:00
TSK-003455-2,ORD-003455,DC-03,REPLENISH,RBT-0151,BLOCKED,EXECUTING,DC-03-Z03,DC-03-Z05,2026-08-24T15:39:00
TSK-003455-3,ORD-003455,DC-03,MOVE,RBT-0313,BLOCKED,COMPLETE,DC-03-Z04,DC-03-Z01,2026-08-24T15:31:00
TSK-003455-4,ORD-003455,DC-03,PICK,RBT-0547,BLOCKED,FAILED,DC-03-Z01,DC-03-Z08,2026-08-24T15:16:00
TSK-003456-1,ORD-003456,DC-17,STAGE,RBT-0376,QUEUED,QUEUED,DC-17-Z06,DC-17-Z11,2026-08-16T19:34:00
TSK-003456-2,ORD-003456,DC-17,MOVE,RBT-0084,QUEUED,COMPLETE,DC-17-Z11,DC-17-Z10,2026-08-16T19:11:00
TSK-003456-3,ORD-003456,DC-17,PICK,RBT-0364,BLOCKED,COMPLETE,DC-17-Z06,DC-17-Z02,2026-08-16T19:13:00
TSK-003457-1,ORD-003457,DC-04,PACK_FEED,RBT-0289,COMPLETE,EXECUTING,DC-04-Z03,DC-04-Z10,2026-08-09T21:50:00
TSK-003458-1,ORD-003458,DC-11,MOVE,RBT-0186,EXECUTING,QUEUED,DC-11-Z04,DC-11-Z11,2026-08-29T06:13:00
TSK-003458-2,ORD-003458,DC-11,REPLENISH,RBT-0360,BLOCKED,ASSIGNED,DC-11-Z05,DC-11-Z01,2026-08-29T05:43:00
TSK-003458-3,ORD-003458,DC-11,REPLENISH,RBT-0318,EXECUTING,FAILED,DC-11-Z12,DC-11-Z07,2026-08-29T05:53:00
TSK-003459-1,ORD-003459,DC-12,PACK_FEED,RBT-0518,ASSIGNED,ASSIGNED,DC-12-Z11,DC-12-Z09,2026-08-28T05:23:00
TSK-003460-1,ORD-003460,DC-01,REPLENISH,RBT-0689,ASSIGNED,ASSIGNED,DC-01-Z11,DC-01-Z10,2026-08-17T09:34:00
TSK-003460-2,ORD-003460,DC-01,STAGE,RBT-0588,QUEUED,EXECUTING,DC-01-Z09,DC-01-Z03,2026-08-17T09:51:00
TSK-003460-3,ORD-003460,DC-01,STAGE,RBT-0035,QUEUED,ASSIGNED,DC-01-Z04,DC-01-Z09,2026-08-17T09:16:00
TSK-003460-4,ORD-003460,DC-01,STAGE,RBT-0226,QUEUED,QUEUED,DC-01-Z07,DC-01-Z11,2026-08-17T10:14:00
TSK-003461-1,ORD-003461,DC-06,STAGE,RBT-0406,EXECUTING,QUEUED,DC-06-Z04,DC-06-Z04,2026-08-17T02:12:00
TSK-003462-1,ORD-003462,DC-09,REPLENISH,RBT-0029,COMPLETE,ASSIGNED,DC-09-Z03,DC-09-Z10,2026-08-11T07:35:00
TSK-003462-2,ORD-003462,DC-09,STAGE,RBT-0501,QUEUED,FAILED,DC-09-Z01,DC-09-Z06,2026-08-11T07:52:00
TSK-003462-3,ORD-003462,DC-09,PICK,RBT-0676,ASSIGNED,COMPLETE,DC-09-Z10,DC-09-Z01,2026-08-11T09:22:00
TSK-003463-1,ORD-003463,DC-18,PICK,RBT-0510,BLOCKED,QUEUED,DC-18-Z03,DC-18-Z06,2026-08-10T15:54:00
TSK-003463-2,ORD-003463,DC-18,MOVE,RBT-0566,COMPLETE,EXECUTING,DC-18-Z11,DC-18-Z11,2026-08-10T16:00:00
TSK-003463-3,ORD-003463,DC-18,PACK_FEED,RBT-0499,EXECUTING,EXECUTING,DC-18-Z07,DC-18-Z01,2026-08-10T14:44:00
TSK-003464-1,ORD-003464,DC-17,PICK,RBT-0549,BLOCKED,FAILED,DC-17-Z05,DC-17-Z05,2026-08-07T10:54:00
TSK-003464-2,ORD-003464,DC-17,STAGE,RBT-0138,COMPLETE,QUEUED,DC-17-Z07,DC-17-Z11,2026-08-07T10:32:00
TSK-003464-3,ORD-003464,DC-17,MOVE,RBT-0001,QUEUED,QUEUED,DC-17-Z03,DC-17-Z04,2026-08-07T11:41:00
TSK-003465-1,ORD-003465,DC-17,MOVE,RBT-0542,QUEUED,FAILED,DC-17-Z08,DC-17-Z03,2026-08-31T22:03:00
TSK-003465-2,ORD-003465,DC-17,PICK,RBT-0686,BLOCKED,QUEUED,DC-17-Z11,DC-17-Z10,2026-08-31T22:08:00
TSK-003466-1,ORD-003466,DC-10,PICK,RBT-0159,COMPLETE,EXECUTING,DC-10-Z08,DC-10-Z05,2026-08-13T00:47:00
TSK-003466-2,ORD-003466,DC-10,MOVE,RBT-0626,BLOCKED,FAILED,DC-10-Z05,DC-10-Z03,2026-08-13T00:42:00
TSK-003466-3,ORD-003466,DC-10,STAGE,RBT-0263,EXECUTING,QUEUED,DC-10-Z10,DC-10-Z05,2026-08-13T01:12:00
TSK-003466-4,ORD-003466,DC-10,REPLENISH,RBT-0162,ASSIGNED,COMPLETE,DC-10-Z06,DC-10-Z02,2026-08-13T00:04:00
TSK-003467-1,ORD-003467,DC-17,MOVE,RBT-0621,ASSIGNED,EXECUTING,DC-17-Z12,DC-17-Z10,2026-08-19T02:35:00
TSK-003467-2,ORD-003467,DC-17,MOVE,RBT-0062,QUEUED,ASSIGNED,DC-17-Z07,DC-17-Z10,2026-08-19T03:20:00
TSK-003467-3,ORD-003467,DC-17,STAGE,RBT-0415,BLOCKED,QUEUED,DC-17-Z12,DC-17-Z10,2026-08-19T03:57:00
TSK-003468-1,ORD-003468,DC-07,STAGE,RBT-0261,COMPLETE,ASSIGNED,DC-07-Z07,DC-07-Z12,2026-08-10T19:40:00
TSK-003469-1,ORD-003469,DC-11,MOVE,RBT-0057,ASSIGNED,FAILED,DC-11-Z10,DC-11-Z09,2026-09-02T18:01:00
TSK-003469-2,ORD-003469,DC-11,MOVE,RBT-0659,EXECUTING,COMPLETE,DC-11-Z02,DC-11-Z01,2026-09-02T18:26:00
TSK-003469-3,ORD-003469,DC-11,STAGE,RBT-0490,QUEUED,ASSIGNED,DC-11-Z04,DC-11-Z04,2026-09-02T17:21:00
TSK-003470-1,ORD-003470,DC-11,STAGE,RBT-0360,EXECUTING,COMPLETE,DC-11-Z01,DC-11-Z06,2026-08-28T22:23:00
TSK-003470-2,ORD-003470,DC-11,MOVE,RBT-0479,QUEUED,FAILED,DC-11-Z06,DC-11-Z06,2026-08-28T23:22:00
TSK-003470-3,ORD-003470,DC-11,REPLENISH,RBT-0697,QUEUED,FAILED,DC-11-Z08,DC-11-Z06,2026-08-28T22:51:00
TSK-003470-4,ORD-003470,DC-11,PICK,RBT-0584,QUEUED,QUEUED,DC-11-Z12,DC-11-Z07,2026-08-28T22:26:00
TSK-003471-1,ORD-003471,DC-13,PICK,RBT-0209,QUEUED,QUEUED,DC-13-Z04,DC-13-Z07,2026-08-06T02:26:00
TSK-003472-1,ORD-003472,DC-13,PICK,RBT-0645,EXECUTING,COMPLETE,DC-13-Z08,DC-13-Z07,2026-08-29T09:36:00
TSK-003473-1,ORD-003473,DC-12,REPLENISH,RBT-0202,ASSIGNED,ASSIGNED,DC-12-Z02,DC-12-Z05,2026-08-11T02:15:00
TSK-003474-1,ORD-003474,DC-11,REPLENISH,RBT-0628,BLOCKED,ASSIGNED,DC-11-Z02,DC-11-Z09,2026-08-21T18:08:00
TSK-003474-2,ORD-003474,DC-11,PICK,RBT-0112,QUEUED,ASSIGNED,DC-11-Z02,DC-11-Z09,2026-08-21T18:47:00
TSK-003474-3,ORD-003474,DC-11,REPLENISH,RBT-0558,BLOCKED,ASSIGNED,DC-11-Z08,DC-11-Z06,2026-08-21T17:23:00
TSK-003474-4,ORD-003474,DC-11,PICK,RBT-0137,ASSIGNED,FAILED,DC-11-Z11,DC-11-Z11,2026-08-21T19:08:00
TSK-003475-1,ORD-003475,DC-16,PACK_FEED,RBT-0448,COMPLETE,QUEUED,DC-16-Z10,DC-16-Z11,2026-08-15T11:11:00
TSK-003475-2,ORD-003475,DC-16,PACK_FEED,RBT-0504,QUEUED,COMPLETE,DC-16-Z11,DC-16-Z09,2026-08-15T11:31:00
TSK-003475-3,ORD-003475,DC-16,PICK,RBT-0089,BLOCKED,COMPLETE,DC-16-Z11,DC-16-Z04,2026-08-15T10:42:00
TSK-003475-4,ORD-003475,DC-16,REPLENISH,RBT-0619,QUEUED,COMPLETE,DC-16-Z10,DC-16-Z10,2026-08-15T11:41:00
TSK-003476-1,ORD-003476,DC-02,PACK_FEED,RBT-0344,BLOCKED,QUEUED,DC-02-Z09,DC-02-Z08,2026-08-18T20:02:00
TSK-003477-1,ORD-003477,DC-16,MOVE,RBT-0008,EXECUTING,EXECUTING,DC-16-Z10,DC-16-Z09,2026-08-16T14:22:00
TSK-003477-2,ORD-003477,DC-16,PICK,RBT-0238,QUEUED,QUEUED,DC-16-Z06,DC-16-Z08,2026-08-16T14:54:00
TSK-003477-3,ORD-003477,DC-16,PICK,RBT-0353,QUEUED,FAILED,DC-16-Z02,DC-16-Z09,2026-08-16T15:01:00
TSK-003478-1,ORD-003478,DC-03,PICK,RBT-0029,COMPLETE,QUEUED,DC-03-Z11,DC-03-Z01,2026-08-23T06:01:00
TSK-003478-2,ORD-003478,DC-03,PACK_FEED,RBT-0166,EXECUTING,FAILED,DC-03-Z11,DC-03-Z02,2026-08-23T05:59:00
TSK-003478-3,ORD-003478,DC-03,PACK_FEED,RBT-0123,EXECUTING,COMPLETE,DC-03-Z06,DC-03-Z02,2026-08-23T05:48:00
TSK-003478-4,ORD-003478,DC-03,REPLENISH,RBT-0565,COMPLETE,COMPLETE,DC-03-Z11,DC-03-Z04,2026-08-23T06:18:00
TSK-003479-1,ORD-003479,DC-01,MOVE,RBT-0231,COMPLETE,COMPLETE,DC-01-Z12,DC-01-Z02,2026-08-23T18:31:00
TSK-003479-2,ORD-003479,DC-01,STAGE,RBT-0192,EXECUTING,QUEUED,DC-01-Z11,DC-01-Z11,2026-08-23T17:59:00
TSK-003480-1,ORD-003480,DC-11,MOVE,RBT-0350,EXECUTING,EXECUTING,DC-11-Z12,DC-11-Z01,2026-08-12T16:51:00
TSK-003480-2,ORD-003480,DC-11,PACK_FEED,RBT-0128,QUEUED,EXECUTING,DC-11-Z06,DC-11-Z09,2026-08-12T16:22:00
TSK-003480-3,ORD-003480,DC-11,REPLENISH,RBT-0209,COMPLETE,FAILED,DC-11-Z01,DC-11-Z11,2026-08-12T16:28:00
TSK-003481-1,ORD-003481,DC-10,MOVE,RBT-0235,BLOCKED,FAILED,DC-10-Z01,DC-10-Z03,2026-08-04T00:50:00
TSK-003482-1,ORD-003482,DC-11,STAGE,RBT-0389,ASSIGNED,EXECUTING,DC-11-Z01,DC-11-Z06,2026-09-02T23:32:00
TSK-003482-2,ORD-003482,DC-11,STAGE,RBT-0035,QUEUED,EXECUTING,DC-11-Z02,DC-11-Z12,2026-09-02T23:15:00
TSK-003482-3,ORD-003482,DC-11,REPLENISH,RBT-0619,BLOCKED,ASSIGNED,DC-11-Z08,DC-11-Z08,2026-09-02T23:57:00
TSK-003483-1,ORD-003483,DC-15,STAGE,RBT-0439,EXECUTING,FAILED,DC-15-Z05,DC-15-Z12,2026-08-05T01:30:00
TSK-003483-2,ORD-003483,DC-15,PICK,RBT-0127,BLOCKED,FAILED,DC-15-Z08,DC-15-Z07,2026-08-05T02:08:00
TSK-003484-1,ORD-003484,DC-02,REPLENISH,RBT-0128,QUEUED,EXECUTING,DC-02-Z08,DC-02-Z10,2026-08-01T12:25:00
TSK-003484-2,ORD-003484,DC-02,MOVE,RBT-0616,COMPLETE,QUEUED,DC-02-Z06,DC-02-Z01,2026-08-01T12:05:00
TSK-003484-3,ORD-003484,DC-02,STAGE,RBT-0282,QUEUED,QUEUED,DC-02-Z06,DC-02-Z04,2026-08-01T12:11:00
TSK-003485-1,ORD-003485,DC-02,STAGE,RBT-0419,COMPLETE,ASSIGNED,DC-02-Z10,DC-02-Z02,2026-08-09T08:58:00
TSK-003485-2,ORD-003485,DC-02,PICK,RBT-0213,QUEUED,ASSIGNED,DC-02-Z11,DC-02-Z11,2026-08-09T08:52:00
TSK-003486-1,ORD-003486,DC-14,PACK_FEED,RBT-0463,ASSIGNED,FAILED,DC-14-Z12,DC-14-Z01,2026-08-19T11:31:00
TSK-003487-1,ORD-003487,DC-12,PACK_FEED,RBT-0376,EXECUTING,COMPLETE,DC-12-Z06,DC-12-Z03,2026-08-15T18:09:00
TSK-003487-2,ORD-003487,DC-12,MOVE,RBT-0539,ASSIGNED,ASSIGNED,DC-12-Z07,DC-12-Z08,2026-08-15T19:07:00
TSK-003488-1,ORD-003488,DC-12,MOVE,RBT-0214,ASSIGNED,FAILED,DC-12-Z04,DC-12-Z05,2026-08-23T03:55:00
TSK-003488-2,ORD-003488,DC-12,PICK,RBT-0282,EXECUTING,FAILED,DC-12-Z07,DC-12-Z04,2026-08-23T05:43:00
TSK-003489-1,ORD-003489,DC-15,PACK_FEED,RBT-0250,BLOCKED,COMPLETE,DC-15-Z12,DC-15-Z12,2026-08-03T04:21:00
TSK-003490-1,ORD-003490,DC-17,MOVE,RBT-0208,COMPLETE,QUEUED,DC-17-Z07,DC-17-Z06,2026-08-25T23:35:00
TSK-003490-2,ORD-003490,DC-17,PICK,RBT-0201,ASSIGNED,ASSIGNED,DC-17-Z08,DC-17-Z06,2026-08-26T00:43:00
TSK-003491-1,ORD-003491,DC-10,REPLENISH,RBT-0018,EXECUTING,ASSIGNED,DC-10-Z06,DC-10-Z05,2026-08-25T20:01:00
TSK-003491-2,ORD-003491,DC-10,STAGE,RBT-0245,QUEUED,EXECUTING,DC-10-Z10,DC-10-Z09,2026-08-25T19:42:00
TSK-003492-1,ORD-003492,DC-17,PICK,RBT-0436,COMPLETE,ASSIGNED,DC-17-Z05,DC-17-Z11,2026-08-09T08:51:00
TSK-003493-1,ORD-003493,DC-02,MOVE,RBT-0590,QUEUED,EXECUTING,DC-02-Z07,DC-02-Z09,2026-09-02T04:42:00
TSK-003493-2,ORD-003493,DC-02,PICK,RBT-0472,QUEUED,EXECUTING,DC-02-Z02,DC-02-Z09,2026-09-02T04:24:00
TSK-003493-3,ORD-003493,DC-02,PICK,RBT-0563,COMPLETE,QUEUED,DC-02-Z08,DC-02-Z05,2026-09-02T05:13:00
TSK-003494-1,ORD-003494,DC-16,STAGE,RBT-0674,BLOCKED,QUEUED,DC-16-Z11,DC-16-Z12,2026-08-28T22:39:00
TSK-003494-2,ORD-003494,DC-16,STAGE,RBT-0681,BLOCKED,ASSIGNED,DC-16-Z09,DC-16-Z04,2026-08-28T22:59:00
TSK-003495-1,ORD-003495,DC-14,REPLENISH,RBT-0079,ASSIGNED,COMPLETE,DC-14-Z10,DC-14-Z05,2026-09-02T13:24:00
TSK-003495-2,ORD-003495,DC-14,PACK_FEED,RBT-0188,BLOCKED,FAILED,DC-14-Z02,DC-14-Z06,2026-09-02T13:27:00
TSK-003495-3,ORD-003495,DC-14,STAGE,RBT-0105,QUEUED,FAILED,DC-14-Z12,DC-14-Z03,2026-09-02T13:55:00
TSK-003495-4,ORD-003495,DC-14,REPLENISH,RBT-0685,COMPLETE,QUEUED,DC-14-Z01,DC-14-Z10,2026-09-02T13:14:00
TSK-003496-1,ORD-003496,DC-09,MOVE,RBT-0161,COMPLETE,COMPLETE,DC-09-Z11,DC-09-Z03,2026-08-21T13:53:00
TSK-003496-2,ORD-003496,DC-09,STAGE,RBT-0706,COMPLETE,COMPLETE,DC-09-Z01,DC-09-Z05,2026-08-21T13:05:00
TSK-003496-3,ORD-003496,DC-09,PACK_FEED,RBT-0003,QUEUED,QUEUED,DC-09-Z05,DC-09-Z11,2026-08-21T13:52:00
TSK-003497-1,ORD-003497,DC-07,REPLENISH,RBT-0451,BLOCKED,QUEUED,DC-07-Z03,DC-07-Z06,2026-08-28T23:22:00
TSK-003497-2,ORD-003497,DC-07,PICK,RBT-0268,QUEUED,COMPLETE,DC-07-Z06,DC-07-Z10,2026-08-28T23:35:00
TSK-003497-3,ORD-003497,DC-07,REPLENISH,RBT-0073,EXECUTING,COMPLETE,DC-07-Z05,DC-07-Z08,2026-08-28T21:49:00
TSK-003497-4,ORD-003497,DC-07,REPLENISH,RBT-0649,BLOCKED,FAILED,DC-07-Z02,DC-07-Z11,2026-08-28T22:37:00
TSK-003498-1,ORD-003498,DC-12,MOVE,RBT-0412,COMPLETE,ASSIGNED,DC-12-Z10,DC-12-Z04,2026-08-10T14:08:00
TSK-003498-2,ORD-003498,DC-12,MOVE,RBT-0671,COMPLETE,QUEUED,DC-12-Z10,DC-12-Z07,2026-08-10T15:26:00
TSK-003499-1,ORD-003499,DC-04,PICK,RBT-0152,EXECUTING,EXECUTING,DC-04-Z01,DC-04-Z03,2026-09-01T19:00:00
TSK-003499-2,ORD-003499,DC-04,PACK_FEED,RBT-0396,BLOCKED,COMPLETE,DC-04-Z12,DC-04-Z06,2026-09-01T18:46:00
TSK-003499-3,ORD-003499,DC-04,REPLENISH,RBT-0252,BLOCKED,EXECUTING,DC-04-Z05,DC-04-Z10,2026-09-01T19:19:00
TSK-003499-4,ORD-003499,DC-04,STAGE,RBT-0102,QUEUED,COMPLETE,DC-04-Z12,DC-04-Z06,2026-09-01T17:53:00
TSK-003500-1,ORD-003500,DC-16,PACK_FEED,RBT-0682,EXECUTING,QUEUED,DC-16-Z01,DC-16-Z08,2026-08-28T15:50:00
TSK-009999-1,ORD-009999,DC-01,PICK,RBT-0012,COMPLETE,COMPLETE,DC-01-Z02,DC-01-Z02,2026-09-18T09:00:00
